Num,1. Accelerator Pedal Position (APP) Indicated Angle (%),2. Air Flow Calculated (g/s),3. Barometric Pressure (BARO) (kPa),4. Calculated Three Way Catalyst (TWC) Temperature Bank 1 (degree C),5. Calculated Three Way Catalyst (TWC) Temperature Bank 2 (degree C),6. Catalytic Converter Protection Active,7. Cmmd. A/F Equivalence Ratio (: 1),8. Deceleration Fuel Cutoff,9. Engine Coolant Temperature (ECT) Sensor (degree C),10. Engine Load (%),11. Engine Run Time,12. Engine Speed (rpm),13. Evaporative Emission (EVAP) Purge Solenoid Command (%),14. Fuel Alcohol Content (%),15. Fuel Composition Learn,16. Fuel Tank Level Remaining (%),17. Fuel Trim Cell (   ),18. Fuel Trim Learn,19. Fuel Trim System Test State,20. Fuel Volatility,21. Heated Oxygen Sensor (HO2S) Bank 1 Sensor 1 (mV),22. Heated Oxygen Sensor (HO2S) Bank 1 Sensor 2 (mV),23. Heated Oxygen Sensor (HO2S) Bank 2 Sensor 1 (mV),24. Heated Oxygen Sensor (HO2S) Bank 2 Sensor 2 (mV),25. Hot Open Loop,26. Ignition 1 Signal (V),27. Injector PWM Bank 1 (ms),28. Injector PWM Bank 2 (ms),29. Intake Air Temperature (IAT) Sensor (degree C),30. Intake Manifold Pressure (kPa),31. Long Term Fuel Trim (FT) Bank 1 (%),32. Long Term Fuel Trim (FT) Bank 2 (%),33. Loop Status,34. LT Fuel Trim (FT) Test Average Bank 1 (   ),35. LT Fuel Trim (FT) Test Average Bank 1 w/o Purge (   ),36. LT Fuel Trim (FT) Test Average Bank 2 (   ),37. LT Fuel Trim (FT) Test Average Bank 2 w/o Purge (   ),38. Malfunction Indicator Lamp (MIL) Requested By DTC,39. Manifold Absolute Pressure (MAP) Performance Test 1,40. Manifold Absolute Pressure (MAP) Performance Test 2,41. Manifold Absolute Pressure (MAP) Sensor (kPa),42. Mass Air Flow (MAF) Performance Test,43. Mass Air Flow (MAF) Sensor (g/s),44. Power Enrichment,45. Short Term Fuel Trim (FT) Bank 1 (%),46. Short Term Fuel Trim (FT) Bank 2 (%),47. Spark (deg),48. ST Fuel Trim (FT) Test Average Bank 1 (   ),49. ST Fuel Trim (FT) Test Average Bank 2 (   ),50. Throttle Position (TP) Indicated Angle (%),51. Throttle Position (TP) Performance Test,52. Vehicle Speed Sensor (km/h)
1,28.859,46.742,99,697,697,No,1,Inactive,96,92.941,00:06:19,1211.250,100,20.500,Active,98.931,1,Enabled,Disabled,Low,716.146,759.549,151.910,759.549,Inactive,13.795,9.706,9.525,7,4,-11.719,-13.281,Closed,0,0.820,0,0.812,Yes,OK,OK,94,OK,46.320,Inactive,-0.781,-1.562,7.500,0,0,42.648,OK,60
2,30.109,61.945,99,697,697,No,1,Inactive,96,90.588,00:06:19,1604.250,100,20.500,Active,98.931,1,Enabled,Disabled,Low,108.507,742.188,134.549,742.188,Inactive,13.820,9.435,9.600,7,6,-11.719,-13.281,Closed,0,0.820,0,0.812,Yes,OK,OK,93,OK,58.180,Inactive,5.469,7.812,12,0,0,43.918,OK,60
3,30.109,70.141,99,699,699,No,1,Inactive,96,86.667,00:06:20,1851.750,100,20.500,Active,98.931,9,Enabled,Disabled,Low,82.465,724.826,243.056,742.188,Inactive,13.795,9.390,9.240,7,7,-11.719,-13.281,Closed,0,0.820,0,0.812,Yes,OK,OK,92,OK,65.730,Inactive,7.031,0.781,17,0,0,44.348,OK,61
4,28.918,70.594,99,699,699,No,1,Inactive,96,87.843,00:06:20,1857,0,20.500,Active,98.931,9,Enabled,Disabled,Low,91.146,664.062,60.764,651.042,Inactive,13.820,9.736,9.555,7,7,-16.406,-17.188,Closed,0,0.820,0,0.812,Yes,OK,OK,92,OK,67.290,Inactive,14.062,11.719,16.500,0,0,44.348,OK,61
5,23.918,62.195,99,699,699,No,1,Inactive,96,80.392,00:06:20,1807.500,0,20.500,Active,98.931,9,Enabled,Disabled,Low,269.097,677.083,112.847,611.979,Inactive,13.820,8.999,8.804,7,15,-17.188,-17.969,Closed,0,0.820,0,0.812,Yes,OK,OK,85,OK,58.960,Inactive,17.188,15.625,19.500,0,0,39.367,OK,62
6,17.531,55.617,99,700,700,No,1,Inactive,96,71.765,00:06:21,1755.500,0,20.500,Active,98.931,9,Enabled,Disabled,Low,82.465,720.486,785.590,690.104,Inactive,13.820,7.752,7.978,7,20,-17.188,-17.969,Closed,0,0.820,0,0.812,Yes,OK,OK,80,OK,51.050,Inactive,14.062,17.969,19.500,0,0,36.262,OK,62
7,12.746,40.984,99,700,700,No,1,Inactive,96,57.255,00:06:21,1602.250,0,20.500,Active,98.931,9,Enabled,Disabled,Low,798.611,716.146,73.785,690.104,Inactive,13.845,6.475,6.100,7,35,-16.406,-17.188,Closed,0,0.828,0,0.812,Yes,OK,OK,66,OK,37.080,Inactive,18.750,13.281,24.500,0,0,32.277,OK,62
8,7.316,29.539,99,700,700,No,1,Inactive,96,43.529,00:06:22,1471,0,20.500,Active,98.931,8,Enabled,Disabled,Low,108.507,724.826,802.951,685.764,Inactive,13.845,4.733,4.838,7,46,-16.406,-16.406,Closed,0,0.828,0,0.820,Yes,OK,OK,54,OK,25.900,Inactive,16.406,18.750,29,0,0,28.449,OK,62
9,4.250,22.039,99,700,700,No,1,Inactive,96,38.431,00:06:22,1313,0,20.500,Active,98.931,8,Enabled,Disabled,Low,837.674,729.167,837.674,690.104,Inactive,13.845,4.102,4.117,7,53,-15.625,-16.406,Closed,0,0.828,0,0.820,Yes,OK,OK,47,OK,20.300,Inactive,17.969,18.750,33,0,0,26.457,OK,62
10,0.500,15.719,99,699,699,No,1,Inactive,96,29.412,00:06:23,1180,0,20.500,Active,98.931,15,Enabled,Disabled,Low,811.632,733.507,785.590,694.444,Inactive,13.845,3.380,3.335,7,60,-15.625,-16.406,Closed,0,0.828,0,0.820,Yes,OK,OK,39,OK,14.100,Inactive,10.156,8.594,39,0,0,23.488,OK,61
11,0.500,12.180,99,699,699,No,1,Inactive,96,27.451,00:06:23,1117.750,0,20.500,Active,98.931,15,Enabled,Disabled,Low,768.229,733.507,555.556,711.806,Inactive,13.770,5.814,5.454,7,41,-15.625,-16.406,Closed,0,0.828,0,0.820,Yes,OK,OK,58,OK,12.750,Inactive,14.844,14.062,11.500,0,0,22.629,OK,61
12,0.500,12.008,99,699,699,No,1,Inactive,96,23.529,00:06:23,1134.750,0,20.500,Active,98.931,15,Enabled,Disabled,Low,711.806,724.826,842.014,711.806,Inactive,13.746,5.439,4.943,7,41,-15.625,-15.625,Closed,0,0.828,0,0.820,Yes,OK,OK,56,OK,11.550,Inactive,9.375,9.375,12,0,0,21.496,OK,59
13,13.977,14.500,99,699,699,No,1,Inactive,96,57.647,00:06:24,1131.250,0,20.500,Active,98.931,8,Enabled,Disabled,Low,125.868,720.486,759.549,698.785,Inactive,13.746,8.308,7.797,7,28,-15.625,-15.625,Closed,0,0.836,0,0.828,Yes,OK,OK,68,OK,24.990,Inactive,14.062,7.812,9.500,0,0,31.008,OK,58
14,14.660,40.594,99,699,699,No,1,Inactive,96,63.137,00:06:24,1428.750,0,20.500,Active,98.931,9,Enabled,Disabled,Low,768.229,759.549,121.528,694.444,Inactive,13.845,6.821,6.821,7,27,-14.844,-15.625,Closed,0,0.836,0,0.828,Yes,OK,OK,73,OK,36.460,Inactive,8.594,2.344,10.500,0,0,33,OK,59
15,9.367,35.664,99,698,698,No,1,Inactive,96,54.510,00:06:25,1511,0,20.500,Active,98.931,9,Enabled,Disabled,Low,86.806,737.847,473.090,690.104,Inactive,13.820,5.754,5.619,7,38,-14.844,-14.844,Closed,0,0.836,0,0.828,Yes,OK,OK,62,OK,32.130,Inactive,13.281,13.281,26.500,0,0,29.445,OK,58
16,0.500,16.625,99,698,698,No,1,Inactive,96,26.275,00:06:25,1219.750,0,20.500,Active,98.931,15,Enabled,Disabled,Low,716.146,737.847,190.972,690.104,Inactive,13.795,3.200,3.050,7,60,-14.844,-14.062,Closed,0,0.836,0,0.828,Yes,OK,OK,41,OK,13.220,Inactive,18.750,13.281,39,0,0,23.059,OK,57
17,0.500,13.820,99,698,698,No,1,Inactive,96,30.980,00:06:25,1095.500,0,20.500,Active,98.931,15,Enabled,Disabled,Low,815.972,737.847,811.632,694.444,Inactive,13.820,3.020,3.170,7,62,-14.062,-14.062,Closed,0,0.836,0,0.828,Yes,OK,OK,38,OK,13.680,Inactive,9.375,14.844,29.500,0,0,23.195,OK,57
18,8.840,13.906,99,697,697,No,1,Inactive,96,62.353,00:06:26,1082.500,0,20.500,Active,98.931,8,Enabled,Disabled,Low,807.292,742.188,868.056,698.785,Inactive,13.820,3.050,3.110,7,61,-14.062,-14.062,Closed,0,0.836,0,0.828,Yes,OK,OK,49,OK,14.770,Inactive,4.688,6.250,21,0,0,26.457,OK,57
19,14.230,29.852,99,697,697,No,1,Inactive,96,66.275,00:06:26,1276,0,20.500,Active,98.931,8,Enabled,Disabled,Low,108.507,742.188,668.403,698.785,Inactive,13.820,6.235,5.589,7,37,-14.062,-14.062,Closed,0,0.836,0,0.828,Yes,OK,OK,60,OK,33.040,Inactive,13.281,3.906,22,0,0,31.574,OK,56
20,21.730,49.320,99,697,697,No,1,Inactive,96,81.961,00:06:27,1582.250,0,20.500,Active,98.931,9,Enabled,Disabled,Low,442.708,776.910,820.312,720.486,Inactive,13.820,8.023,8.534,7,20,-14.062,-14.062,Closed,0,0.836,0,0.828,Yes,OK,OK,78,OK,52.970,Inactive,7.812,11.719,17.500,0,0,37.395,OK,56
21,22.062,56.047,99,697,697,No,1,Inactive,96,78.824,00:06:27,1723.250,0,20.500,Active,98.931,9,Enabled,Disabled,Low,568.576,772.569,290.799,729.167,Inactive,13.820,8.308,8.639,7,18,-13.281,-13.281,Closed,0,0.836,0,0.828,Yes,OK,OK,82,OK,55.760,Inactive,7.812,11.719,18.500,0,0,38.098,OK,57
22,23.723,56.992,99,697,697,No,1,Inactive,96,79.216,00:06:27,1732.500,0,20.500,Active,98.931,9,Enabled,Disabled,Low,234.375,772.569,195.312,742.188,Inactive,13.820,9.075,8.849,7,17,-12.500,-13.281,Closed,0,0.836,0,0.828,Yes,OK,OK,82,OK,58.310,Inactive,7.812,6.250,18.500,0,0,38.664,OK,57
23,25.363,60.336,99,699,699,No,1,Inactive,96,83.137,00:06:28,1758.750,0,20.500,Active,98.931,9,Enabled,Disabled,Low,264.757,772.569,672.743,750.868,Inactive,13.820,9.270,8.609,7,14,-12.500,-13.281,Closed,0,0.852,0,0.844,Yes,OK,OK,85,OK,59.100,Inactive,13.281,7.031,17.500,0,0,39.660,OK,58
24,25.754,61.773,99,699,699,No,1,Inactive,96,81.569,00:06:28,1784,0,20.500,Active,98.931,9,Enabled,Disabled,Low,668.403,776.910,789.931,759.549,Inactive,13.820,9.210,8.549,7,14,-12.500,-13.281,Closed,0,0.859,0,0.852,Yes,OK,OK,86,OK,60.160,Inactive,12.500,12.500,15.500,0,0,39.953,OK,59
25,27.785,66.234,99,701,701,No,1,Inactive,96,84.314,00:06:29,1826.500,0,20.500,Active,98.931,9,Enabled,Disabled,Low,811.632,785.590,807.292,759.549,Inactive,13.795,9.225,9.165,7,10,-11.719,-12.500,Closed,0,0.867,0,0.859,Yes,OK,OK,88,OK,65.130,Inactive,12.500,12.500,15,0,0,42.648,OK,60
26,32.473,71.305,99,701,701,No,1,Inactive,96,89.804,00:06:29,1864,0,20.500,Active,98.931,9,Enabled,Disabled,Low,516.493,781.250,807.292,755.208,Inactive,13.820,9.751,10.261,7,7,-11.719,-12.500,Closed,0,0.867,0,0.867,Yes,OK,OK,92,OK,67.600,Inactive,7.031,12.500,14,0,0,45.754,OK,60
27,36.555,76.195,99,701,701,No,1,Inactive,96,89.804,00:06:29,1931,0,20.500,Active,98.931,9,Enabled,Disabled,Low,186.632,768.229,724.826,750.868,Inactive,13.820,10.622,10.442,7,5,-10.938,-11.719,Closed,0,0.875,0,0.867,Yes,OK,OK,95,OK,70.320,Inactive,12.500,11.719,9,0,0,49.035,OK,61
28,37.492,80.906,99,704,704,No,1,Inactive,96,89.412,00:06:30,2024.500,0,20.500,Active,98.931,9,Enabled,Disabled,Low,325.521,772.569,716.146,742.188,Inactive,13.746,10.081,10.412,7,4,-10.156,-11.719,Closed,0,0.883,0,0.875,Yes,OK,OK,95,OK,74.280,Inactive,7.812,11.719,13,0,0,50.305,OK,62
29,37.453,83.680,99,704,704,No,1,Inactive,96,89.412,00:06:30,2093.750,0,20.500,Active,98.931,9,Enabled,Disabled,Low,759.549,768.229,581.597,729.167,Inactive,13.746,10.727,10.562,7,4,-9.375,-10.938,Closed,0,0.891,0,0.883,Yes,OK,OK,95,OK,78.010,Inactive,12.500,12.500,14.500,0,0,50.441,OK,62
30,37.453,84.094,99,709,709,No,1,Inactive,96,89.804,00:06:31,2104.250,0,20.500,Active,98.931,9,Enabled,Disabled,Low,316.840,768.229,199.653,720.486,Inactive,13.770,10.246,10.577,7,4,-8.594,-10.938,Closed,0,0.898,0,0.883,Yes,OK,OK,95,OK,77.630,Inactive,7.031,11.719,14.500,0,0,50.441,OK,64
31,37.395,84.695,99,709,709,No,1,Inactive,96,90.196,00:06:31,2115.500,0,20.500,Active,98.931,9,Enabled,Disabled,Low,789.931,776.910,208.333,716.146,Inactive,13.770,10.276,10.622,7,4,-8.594,-10.156,Closed,0,0.898,0,0.891,Yes,OK,OK,95,OK,78.010,Inactive,12.500,11.719,15,0,0,50.305,OK,64
32,37.180,84.695,99,709,709,No,1,Inactive,96,89.020,00:06:31,2113.750,0,20.500,Active,98.931,9,Enabled,Disabled,Low,147.569,750.868,238.715,711.806,Inactive,13.746,10.667,10.592,7,4,-8.594,-10.156,Closed,0,0.906,0,0.891,Yes,OK,OK,95,OK,78.010,Inactive,11.719,11.719,15,0,0,50.305,OK,65
33,36.164,85.219,99,713,713,No,1,Inactive,96,87.843,00:06:32,2135.500,0,20.500,Active,98.931,9,Enabled,Disabled,Low,607.639,763.889,199.653,711.806,Inactive,13.696,10.081,10.472,7,5,-7.812,-9.375,Closed,0,0.914,0,0.898,Yes,OK,OK,94,OK,78.970,Inactive,5.469,6.250,16,0,0,49.875,OK,66
34,34.289,84.094,99,713,713,No,1,Inactive,96,89.020,00:06:32,2133.750,0,20.500,Active,98.931,9,Enabled,Disabled,Low,407.986,746.528,243.056,716.146,Inactive,13.696,10.562,10.442,7,6,-7.031,-8.594,Closed,0,0.914,0,0.898,Yes,OK,OK,93,OK,78.590,Inactive,10.938,6.250,16.500,0,0,48.039,OK,68
35,33.996,84.281,99,718,718,No,1,Inactive,96,87.451,00:06:33,2159.250,0,20.500,Active,98.931,9,Enabled,Disabled,Low,690.104,759.549,659.722,724.826,Inactive,13.696,10.051,9.916,7,7,-7.031,-8.594,Closed,0,0.922,0,0.906,Yes,OK,OK,93,OK,78.970,Inactive,5.469,6.250,17.500,0,0,47.609,OK,69
36,33.996,84.945,99,718,718,No,1,Inactive,96,87.843,00:06:33,2170.500,75.294,20.500,Active,98.931,1,Enabled,Disabled,Low,672.743,759.549,664.062,729.167,Inactive,13.670,9.841,9.721,7,6,-8.594,-10.156,Closed,0,0.922,0,0.906,Yes,OK,OK,93,OK,78.200,Inactive,10.156,10.156,18,0,0,47.609,OK,70
37,33.781,85.680,99,718,718,No,1,Inactive,96,87.451,00:06:33,2191.500,0,20.500,Active,98.931,9,Disabled,Disabled,Low,842.014,798.611,850.694,742.188,Inactive,13.696,10.727,10.607,7,7,2.344,1.562,Closed,0,0.922,0,0.906,Yes,OK,OK,93,OK,79.560,Inactive,4.688,4.688,18.500,0,0,47.609,OK,71
38,32.648,85.977,99,722,722,No,1,Inactive,96,86.667,00:06:34,2196.250,0,20.500,Active,98.931,9,Disabled,Disabled,Low,703.125,794.271,759.549,742.188,Inactive,13.770,10.096,9.946,7,6,2.344,1.562,Closed,0,0.922,0,0.906,Yes,OK,OK,92,OK,79.940,Inactive,-1.562,-1.562,18.500,0,0,47.180,OK,71
39,30.949,83.359,99,722,722,No,1,Inactive,96,83.922,00:06:34,2192,0,20.500,Active,98.931,9,Disabled,Disabled,Low,802.951,811.632,833.333,755.208,Inactive,13.770,10.111,10.472,7,9,2.344,1.562,Closed,0,0.922,0,0.906,Yes,OK,OK,91,OK,76.490,Inactive,0,5.469,20,0,0,45.480,OK,72
40,29.641,82.367,99,726,726,No,1,Inactive,96,84.314,00:06:35,2181.250,0,20.500,Active,98.931,9,Disabled,Disabled,Low,130.208,772.569,538.194,750.868,Inactive,13.770,10.397,9.360,7,10,2.344,1.562,Closed,0,0.922,0,0.906,Yes,OK,OK,90,OK,76.870,Inactive,-6.250,-4.688,20,0,0,44.777,OK,73
41,25.285,75.383,99,726,726,No,1,Inactive,96,76.471,00:06:35,2160.750,0,20.500,Active,98.931,9,Disabled,Disabled,Low,164.931,776.910,785.590,755.208,Inactive,13.770,9.195,8.759,7,16,2.344,1.562,Closed,0,0.922,0,0.906,Yes,OK,OK,85,OK,69.030,Inactive,-6.250,-2.344,22.500,0,0,40.930,OK,74
42,23.586,70.812,99,726,726,No,1,Inactive,96,74.118,00:06:35,2105.750,0,20.500,Active,98.931,9,Disabled,Disabled,Low,603.299,785.590,824.653,755.208,Inactive,13.746,8.489,8.894,7,18,2.344,1.562,Closed,0,0.922,0,0.906,Yes,OK,OK,80,OK,63.960,Inactive,-4.688,-3.906,23.500,0,0,39.797,OK,74
43,21.242,65.984,99,729,729,No,1,Inactive,96,72.549,00:06:36,2077.250,0,20.500,Active,98.931,9,Disabled,Disabled,Low,234.375,785.590,169.271,742.188,Inactive,13.746,7.978,8.278,7,22,2.344,1.562,Closed,0,0.922,0,0.906,Yes,OK,OK,77,OK,61.100,Inactive,-4.688,0,24,0,0,38.527,OK,74
44,19.172,61.656,99,729,729,No,1,Inactive,96,70.588,00:06:36,2048.250,0,20.500,Active,98.931,9,Disabled,Disabled,Low,130.208,776.910,681.424,750.868,Inactive,13.770,7.828,7.272,7,26,2.344,1.562,Closed,0,0.922,0,0.906,Yes,OK,OK,73,OK,58.180,Inactive,-5.469,-10.156,24.500,0,0,37.102,OK,74
45,18.156,56.508,99,729,729,No,1,Inactive,95,71.373,00:06:37,1856.250,0,20.500,Active,98.931,9,Disabled,Disabled,Low,746.528,798.611,815.972,759.549,Inactive,13.770,7.332,7.918,7,24,2.344,1.562,Closed,0,0.922,0,0.906,Yes,OK,OK,75,OK,54.420,Inactive,-2.344,-7.031,23,0,0,36.672,OK,74
46,15.793,52.789,99,729,729,No,1,Inactive,95,70.196,00:06:37,1764,0,20.500,Active,98.931,9,Disabled,Disabled,Low,538.194,785.590,190.972,755.208,Inactive,13.795,7.257,7.557,7,25,2.344,1.562,Closed,0,0.922,0,0.906,Yes,OK,OK,75,OK,49.510,Inactive,-7.812,-10.938,22.500,0,0,35.402,OK,74
47,14.113,45.492,99,729,729,No,1,Inactive,95,60,00:06:37,1687.750,0,20.500,Active,98.931,9,Disabled,Disabled,Low,251.736,776.910,789.931,755.208,Inactive,13.795,6.671,6.280,7,32,2.344,1.562,Closed,0,0.922,0,0.906,Yes,OK,OK,65,OK,42.140,Inactive,-9.375,-3.125,25.500,0,0,33.840,OK,74
48,13.762,41.766,99,728,728,No,1,Inactive,95,58.824,00:06:38,1634.250,0,20.500,Active,98.931,9,Disabled,Disabled,Low,125.868,763.889,742.188,750.868,Inactive,13.845,6.295,6.295,7,36,2.344,1.562,Closed,0,0.922,0,0.906,Yes,OK,OK,64,OK,39.450,Inactive,-3.906,-3.125,26,0,0,33.137,OK,74
49,11.359,38.359,99,728,728,No,1,Inactive,95,52.157,00:06:38,1610.250,0,20.500,Active,98.931,9,Disabled,Disabled,Low,598.958,781.250,156.250,742.188,Inactive,13.845,5.514,5.784,7,39,2.344,1.562,Closed,0,0.922,0,0.906,Yes,OK,OK,61,OK,35.640,Inactive,-8.594,-2.344,27.500,0,0,31.711,OK,74
50,9.328,30.383,99,728,728,No,1,Inactive,95,45.098,00:06:39,1533.750,0,20.500,Active,98.931,9,Disabled,Disabled,Low,355.903,768.229,716.146,746.528,Inactive,13.820,4.898,4.733,7,47,2.344,1.562,Closed,0,0.922,0,0.906,Yes,OK,OK,54,OK,28.360,Inactive,-1.562,-2.344,30.500,0,0,29.309,OK,74
51,1.535,25.062,99,728,728,No,1,Inactive,95,37.647,00:06:39,1446.750,49.804,15.402,Active,98.931,0,Enabled,Disabled,Low,247.396,768.229,260.417,742.188,Inactive,13.820,3.275,3.185,7,52,-21.094,-23.438,Closed,0,0.922,0,0.906,Yes,OK,OK,48,OK,20.770,Inactive,3.125,2.344,33.500,0,0,26.320,OK,73
52,0.500,17.727,99,728,728,No,1,Inactive,95,33.333,00:06:39,1348.750,45.490,15.402,Active,98.931,7,Enabled,Disabled,Low,30.382,763.889,30.382,742.188,Inactive,13.795,2.584,2.614,7,62,-29.688,-30.469,Closed,0,0.922,0,0.906,Yes,OK,OK,56,OK,14.870,Inactive,7.812,9.375,17.500,0,0,30.441,OK,72
53,0.500,13.539,99,728,728,No,1,Inactive,95,23.922,00:06:40,1323.250,40,15.402,Active,98.931,7,Enabled,Disabled,Low,52.083,759.549,69.444,742.188,Inactive,13.720,4.432,4.026,7,45,-28.906,-29.688,Closed,0,0.922,0,0.906,Yes,OK,OK,55,OK,12.730,Inactive,10.156,10.156,12,0,0,22.766,OK,72
54,0.500,12.914,99,728,728,No,1,Inactive,95,22.353,00:06:40,1313.750,38.824,15.402,Active,98.931,7,Enabled,Disabled,Low,755.208,755.208,789.931,737.847,Inactive,13.720,3.786,3.741,7,46,-28.125,-29.688,Closed,0,0.922,0,0.906,Yes,OK,OK,53,OK,11.480,Inactive,1.562,10.938,12,0,0,21.359,OK,71
55,0.500,11.805,99,727,727,No,1,Inactive,95,20.784,00:06:41,1299.250,33.725,15.402,Active,98.931,7,Enabled,Disabled,Low,56.424,750.868,117.188,742.188,Inactive,13.696,3.726,3.305,7,50,-28.125,-29.688,Closed,0,0.922,0,0.906,Yes,OK,OK,50,OK,10.850,Inactive,6.250,6.250,12,0,0,21.359,OK,71
56,0.500,10.758,99,727,727,No,1,Inactive,95,18.431,00:06:41,1281.500,29.020,15.402,Active,98.931,7,Enabled,Disabled,Low,724.826,755.208,794.271,742.188,Inactive,13.696,3.260,3.065,7,53,-27.344,-28.125,Closed,0,0.922,0,0.906,Yes,OK,OK,47,OK,9.540,Inactive,2.344,6.250,12.500,0,0,20.500,OK,70
57,0.500,9.219,99,726,726,No,1,Inactive,95,13.333,00:06:42,1253,22.745,15.402,Active,98.931,7,Enabled,Disabled,Low,125.868,755.208,590.278,737.847,Inactive,13.770,2.734,2.389,7,59,-26.562,-28.125,Closed,0,0.922,0,0.906,Yes,OK,OK,38,OK,7.210,Inactive,7.812,6.250,19.500,0,0,18.508,OK,69
58,0.500,7.789,99,726,726,No,1,Inactive,95,12.157,00:06:42,1222.250,16.863,15.402,Active,98.931,7,Enabled,Disabled,Low,755.208,759.549,716.146,737.847,Inactive,13.746,2.389,2.239,7,64,-26.562,-27.344,Closed,0,0.922,0,0.906,Yes,OK,OK,36,OK,6.030,Inactive,7.812,6.250,26.500,0,0,17.375,OK,68
59,0.500,6.680,99,726,726,No,1,Inactive,95,10.980,00:06:42,1183.250,15.294,15.402,Active,98.931,7,Enabled,Disabled,Low,807.292,755.208,815.972,737.847,Inactive,13.770,2.103,1.863,7,68,-26.562,-27.344,Closed,0,0.922,0,0.906,Yes,OK,OK,32,OK,5.290,Inactive,2.344,1.562,31,0,0,16.672,OK,66
60,0.500,6.344,99,725,725,No,1,Inactive,95,11.765,00:06:43,1166.750,14.510,15.402,Active,98.931,7,Enabled,Disabled,Low,724.826,755.208,811.632,737.847,Inactive,13.770,1.893,1.698,7,68,-26.562,-27.344,Closed,0,0.922,0,0.906,Yes,OK,OK,30,OK,5.520,Inactive,-2.344,-2.344,32,0,0,16.672,OK,66
61,1.711,6.039,99,725,725,No,1,Inactive,95,12.157,00:06:43,1139.500,14.118,15.402,Active,98.931,7,Enabled,Disabled,Low,60.764,755.208,164.931,742.188,Inactive,13.770,1.893,1.863,7,69,-26.562,-27.344,Closed,0,0.922,0,0.906,Yes,OK,OK,30,OK,5.790,Inactive,-2.344,4.688,31,0,0,17.375,OK,65
62,2.727,6.195,99,725,725,No,1,Inactive,95,13.333,00:06:44,1153,14.510,15.402,Active,98.931,7,Enabled,Disabled,Low,69.444,759.549,442.708,737.847,Inactive,13.820,2.314,2.043,7,69,-25.781,-27.344,Closed,0,0.922,0,0.906,Yes,OK,OK,31,OK,6.210,Inactive,6.250,4.688,33.500,0,0,18.078,OK,65
63,8.859,7.688,99,725,725,No,1,Inactive,95,26.667,00:06:44,1159,15.686,15.402,Active,98.931,0,Enabled,Disabled,Low,755.208,755.208,538.194,733.507,Inactive,13.770,3.380,3.020,7,60,-21.875,-23.438,Closed,0,0.922,0,0.906,Yes,OK,OK,37,OK,13.150,Inactive,2.344,0.781,30.500,0,0,23.898,OK,64
64,14.660,15.250,99,725,725,No,1,Inactive,95,55.294,00:06:44,1238.500,37.647,15.402,Active,98.931,0,Enabled,Disabled,Low,82.465,746.528,138.889,742.188,Inactive,13.746,7.016,6.355,7,30,-21.875,-23.438,Closed,0,0.922,0,0.906,Yes,OK,OK,66,OK,26.920,Inactive,6.250,5.469,14.500,0,0,30.578,OK,64
65,18.059,44.016,99,724,724,No,1,Inactive,95,74.902,00:06:45,1445.750,87.843,15.402,Active,98.931,1,Enabled,Disabled,Low,69.444,529.514,47.743,633.681,Inactive,13.820,7.843,7.392,7,20,-12.500,-13.281,Closed,0,0.922,0,0.906,Yes,OK,OK,79,OK,42.760,Inactive,9.375,9.375,8.500,0,0,35.266,OK,64
66,19.016,48.672,99,724,724,No,1,Inactive,95,69.020,00:06:45,1687.500,89.804,15.402,Active,98.931,1,Enabled,Disabled,Low,807.292,724.826,837.674,694.444,Inactive,13.820,6.716,6.581,7,25,-11.719,-13.281,Closed,0,0.922,0,0.906,Yes,OK,OK,74,OK,47.620,Inactive,2.344,11.719,22.500,0,0,35.695,OK,64
67,17.844,48.906,99,724,724,No,1,Inactive,95,69.020,00:06:46,1685.500,90.588,15.402,Active,98.931,1,Enabled,Disabled,Low,182.292,720.486,381.944,694.444,Inactive,13.795,7.136,7.046,7,25,-11.719,-13.281,Closed,0,0.922,0,0.906,Yes,OK,OK,73,OK,48.330,Inactive,0.781,6.250,22,0,0,35.539,OK,64
68,17.844,47.438,99,724,724,No,1,Inactive,95,68.235,00:06:46,1675,85.882,15.402,Active,98.931,1,Enabled,Disabled,Low,177.951,729.167,759.549,707.465,Inactive,13.820,6.896,6.460,7,27,-11.719,-13.281,Closed,0,0.922,0,0.906,Yes,OK,OK,73,OK,47.420,Inactive,-0.781,0.781,23,0,0,35.109,OK,65
69,15.480,44.797,99,724,724,No,1,Inactive,95,61.961,00:06:46,1654.750,81.176,15.402,Active,98.931,1,Enabled,Disabled,Low,221.354,733.507,820.312,703.125,Inactive,13.845,5.950,6.265,7,30,-11.719,-13.281,Closed,0,0.922,0,0.906,Yes,OK,OK,69,OK,41.440,Inactive,-0.781,5.469,25,0,0,33.840,OK,65
70,15.148,42.078,99,724,724,No,1,Inactive,95,58.824,00:06:47,1612,73.725,15.402,Active,98.931,1,Enabled,Disabled,Low,169.271,729.167,264.757,703.125,Inactive,13.820,6.130,6.070,7,32,-11.719,-13.281,Closed,0,0.922,0,0.906,Yes,OK,OK,65,OK,40.150,Inactive,4.688,5.469,25,0,0,33.410,OK,66
71,14.074,39.398,99,724,724,No,1,Inactive,95,58.824,00:06:47,1579.500,67.059,15.402,Active,98.931,1,Enabled,Disabled,Low,182.292,733.507,776.910,716.146,Inactive,13.845,5.829,5.784,7,35,-11.719,-13.281,Closed,0,0.922,0,0.906,Yes,OK,OK,64,OK,38.300,Inactive,-0.781,5.469,25.500,0,0,32.707,OK,66
72,13.430,36.500,99,723,723,No,1,Inactive,95,56.078,00:06:48,1542.250,63.137,15.402,Active,98.931,1,Enabled,Disabled,Low,516.493,733.507,659.722,707.465,Inactive,13.845,5.183,5.454,7,38,-11.719,-13.281,Closed,0,0.922,0,0.906,Yes,OK,OK,61,OK,35.240,Inactive,-0.781,5.469,26.500,0,0,32.141,OK,66
73,13.430,36.203,99,723,723,No,1,Inactive,95,56.863,00:06:48,1538,62.353,15.402,Active,98.931,1,Enabled,Disabled,Low,759.549,737.847,811.632,724.826,Inactive,13.820,5.183,5.168,7,39,-11.719,-13.281,Closed,0,0.922,0,0.906,Yes,OK,OK,61,OK,35.310,Inactive,4.688,0,26.500,0,0,32.004,OK,66
74,12.062,32.164,99,723,723,No,1,Inactive,95,53.333,00:06:48,1454.250,58.039,15.402,Active,98.931,1,Enabled,Disabled,Low,724.826,733.507,763.889,729.167,Inactive,13.845,5.213,5.123,7,41,-11.719,-13.281,Closed,0,0.922,0,0.906,Yes,OK,OK,59,OK,32.190,Inactive,5.469,4.688,27,0,0,30.871,OK,66
75,12.062,31.062,99,723,723,No,1,Inactive,95,61.569,00:06:49,1264.250,58.824,15.402,Active,98.931,1,Enabled,Disabled,Low,802.951,733.507,824.653,746.528,Inactive,13.820,5.904,5.439,7,35,-11.719,-13.281,Closed,0,0.922,0,0.906,Yes,OK,OK,64,OK,30.960,Inactive,5.469,-0.781,23,0,0,30.871,OK,66
76,12.062,31.289,99,723,723,No,1,Inactive,95,60.784,00:06:49,1243,63.529,15.402,Active,98.931,1,Enabled,Disabled,Low,746.528,746.528,199.653,759.549,Inactive,13.820,5.529,5.724,7,34,-11.719,-13.281,Closed,0,0.922,0,0.906,Yes,OK,OK,65,OK,30.390,Inactive,-0.781,3.906,22,0,0,30.715,OK,66
77,12.062,31.133,99,722,722,No,1,Inactive,95,60.784,00:06:50,1230.500,63.529,15.402,Active,98.931,1,Enabled,Disabled,Low,763.889,733.507,815.972,776.910,Inactive,13.845,5.769,5.319,7,34,-11.719,-13.281,Closed,0,0.922,0,0.906,Yes,OK,OK,66,OK,29.710,Inactive,4.688,3.906,22,0,0,30.578,OK,66
78,12.062,30.273,99,722,722,No,1,Inactive,95,60.392,00:06:50,1207.500,62.745,15.402,Active,98.931,1,Enabled,Disabled,Low,633.681,750.868,425.347,785.590,Inactive,13.820,5.409,5.183,7,34,-11.719,-13.281,Closed,0,0.922,0,0.906,Yes,OK,OK,65,OK,29.200,Inactive,-1.562,-3.906,22,0,0,30.285,OK,65
79,12.062,29.938,99,722,722,No,1,Inactive,95,59.216,00:06:50,1201,61.961,15.402,Active,98.931,1,Enabled,Disabled,Low,759.549,742.188,815.972,789.931,Inactive,13.845,5.634,5.589,7,34,-11.719,-13.281,Closed,0,0.922,0,0.906,Yes,OK,OK,65,OK,28.410,Inactive,3.125,3.125,22.500,0,0,30.148,OK,65
80,12.062,28,99,721,721,No,1,Inactive,95,60.784,00:06:51,1142.750,57.647,15.402,Active,98.931,0,Enabled,Disabled,Low,56.424,750.868,47.743,789.931,Inactive,13.820,5.093,4.943,7,35,-21.094,-23.438,Closed,0,0.922,0,0.906,Yes,OK,OK,64,OK,28.150,Inactive,3.125,2.344,21.500,0,0,29.875,OK,64
81,12.062,28.875,99,721,721,No,1,Inactive,95,59.608,00:06:51,1181,58.824,15.402,Active,98.931,0,Enabled,Disabled,Low,60.764,737.847,60.764,785.590,Inactive,13.820,5.288,5.138,7,35,-21.094,-23.438,Closed,0,0.922,0,0.906,Yes,OK,OK,64,OK,27.990,Inactive,6.250,5.469,22.500,0,0,29.875,OK,64
82,12.043,28.992,99,721,721,No,1,Inactive,95,59.216,00:06:52,1178.500,58.824,15.402,Active,98.931,0,Enabled,Disabled,Low,781.250,737.847,707.465,776.910,Inactive,13.820,5.559,5.439,7,35,-21.094,-22.656,Closed,0,0.922,0,0.906,Yes,OK,OK,64,OK,28.150,Inactive,10.938,10.938,22,0,0,29.875,OK,63
83,12.043,28.742,99,721,721,No,1,Inactive,95,60.392,00:06:52,1161.500,60,15.402,Active,98.931,0,Enabled,Disabled,Low,65.104,737.847,802.951,772.569,Inactive,13.820,5.379,4.883,7,34,-20.312,-22.656,Closed,0,0.922,0,0.906,Yes,OK,OK,65,OK,27.890,Inactive,7.031,0.781,21.500,0,0,29.875,OK,63
84,12.043,28.883,99,721,721,No,1,Inactive,95,60.392,00:06:52,1158.750,60.784,15.402,Active,98.931,0,Enabled,Disabled,Low,768.229,733.507,86.806,763.889,Inactive,13.820,5.183,5.409,7,34,-20.312,-22.656,Closed,0,0.922,0,0.906,Yes,OK,OK,65,OK,27.680,Inactive,2.344,7.812,21.500,0,0,29.875,OK,63
85,12.043,28.797,99,720,720,No,1,Inactive,95,60.784,00:06:53,1151,61.176,15.402,Active,98.931,0,Enabled,Disabled,Low,703.125,733.507,802.951,759.549,Inactive,13.770,5.499,5.589,7,34,-20.312,-22.656,Closed,0,0.922,0,0.906,Yes,OK,OK,66,OK,27.630,Inactive,8.594,11.719,21.500,0,0,30.012,OK,62
86,12.043,27.516,99,720,720,No,1,Inactive,95,60.784,00:06:53,1108.750,60,15.402,Active,98.931,0,Enabled,Disabled,Low,99.826,737.847,130.208,755.208,Inactive,13.770,5.499,5.439,7,34,-20.312,-22.656,Closed,0,0.922,0,0.906,Yes,OK,OK,65,OK,26.920,Inactive,8.594,3.906,21,0,0,29.582,OK,62
87,12.043,27.891,99,719,719,No,1,Inactive,95,59.608,00:06:54,1134,59.216,15.402,Active,98.931,0,Enabled,Disabled,Low,781.250,737.847,785.590,755.208,Inactive,13.770,5.123,5.379,7,34,-20.312,-21.875,Closed,0,0.922,0,0.906,Yes,OK,OK,65,OK,26.720,Inactive,3.906,10.938,21.500,0,0,29.582,OK,61
88,12.043,27.328,99,719,719,No,1,Inactive,95,59.608,00:06:54,1113,59.216,15.402,Active,98.931,0,Enabled,Disabled,Low,325.521,737.847,642.361,750.868,Inactive,13.746,5.499,5.123,7,34,-20.312,-21.875,Closed,0,0.922,0,0.906,Yes,OK,OK,65,OK,26.670,Inactive,9.375,10.156,21,0,0,29.582,OK,61
89,14.289,27.797,99,719,719,No,1,Inactive,95,59.216,00:06:54,1116,59.216,15.402,Active,98.931,0,Enabled,Disabled,Low,646.701,742.188,811.632,746.528,Inactive,13.795,5.319,5.604,7,33,-20.312,-21.875,Closed,0,0.922,0,0.906,Yes,OK,OK,65,OK,28.830,Inactive,3.906,10.156,21,0,0,31.008,OK,61
90,16.301,34.539,99,719,719,No,1,Inactive,95,74.510,00:06:55,1176,89.804,15.402,Active,98.931,1,Enabled,Disabled,Low,781.250,742.188,538.194,742.188,Inactive,13.770,7.467,6.971,7,22,-11.719,-13.281,Closed,0,0.922,0,0.906,Yes,OK,OK,77,OK,35.170,Inactive,9.375,4.688,16,0,0,33.410,OK,60
91,18.664,38.414,99,719,719,No,1,Inactive,95,82.353,00:06:55,1169.750,100,15.402,Active,98.931,1,Enabled,Disabled,Low,768.229,781.250,785.590,742.188,Inactive,13.770,7.933,7.752,7,15,-11.719,-13.281,Closed,0,0.922,0,0.906,Yes,OK,OK,85,OK,40,Inactive,0,-0.781,8.500,0,0,35.695,OK,60
92,20.734,38.445,99,718,718,No,1,Inactive,95,89.804,00:06:56,1115.250,100,15.402,Active,98.931,1,Enabled,Disabled,Low,169.271,768.229,125.868,742.188,Inactive,13.746,7.993,8.774,7,11,-11.719,-13.281,Closed,0,0.922,0,0.906,Yes,OK,OK,88,OK,39.450,Inactive,-2.344,7.812,7,0,0,36.828,OK,59
93,21.340,40.297,99,718,718,No,1,Inactive,95,87.451,00:06:56,1128.250,100,15.402,Active,98.931,1,Enabled,Disabled,Low,651.042,781.250,824.653,750.868,Inactive,13.770,8.474,8.428,7,8,-11.719,-13.281,Closed,0,0.922,0,0.906,Yes,OK,OK,91,OK,39.300,Inactive,7.031,1.562,6,0,0,37.961,OK,59
94,24.445,40.977,99,718,718,No,1,Inactive,95,88.235,00:06:56,1123.750,100,15.402,Active,98.931,1,Enabled,Disabled,Low,772.569,776.910,173.611,742.188,Inactive,13.746,8.624,9.044,7,7,-11.719,-13.281,Closed,0,0.922,0,0.906,Yes,OK,OK,92,OK,39.920,Inactive,7.031,7.031,4.500,0,0,38.957,OK,59
95,26.379,52.945,99,718,718,No,1,Inactive,95,82.745,00:06:57,1450.500,100,15.402,Active,98.931,1,Enabled,Disabled,Low,160.590,763.889,464.410,742.188,Inactive,13.770,8.924,8.338,7,9,-11.719,-12.500,Closed,0,0.922,0,0.906,Yes,OK,OK,90,OK,50.710,Inactive,7.812,2.344,9,0,0,40.227,OK,59
96,27.785,67.555,99,718,718,No,1,Inactive,95,86.667,00:06:57,1825.750,100,15.402,Active,98.931,1,Enabled,Disabled,Low,208.333,755.208,698.785,737.847,Inactive,13.746,9.210,9.120,7,9,-11.719,-12.500,Closed,0,0.922,0,0.906,Yes,OK,OK,90,OK,64.830,Inactive,8.594,8.594,16,0,0,42.922,OK,59
97,28.078,68.180,99,719,719,No,1,Inactive,95,85.882,00:06:58,1848.250,100,15.402,Active,98.931,1,Enabled,Disabled,Low,147.569,742.188,724.826,729.167,Inactive,13.746,9.195,9.210,7,9,-11.719,-12.500,Closed,0,0.922,0,0.906,Yes,OK,OK,90,OK,64.250,Inactive,10.156,3.906,16,0,0,42.922,OK,59
98,28.137,68.414,99,719,719,No,1,Inactive,95,86.667,00:06:58,1843,100,15.402,Active,98.931,1,Enabled,Disabled,Low,138.889,724.826,607.639,720.486,Inactive,13.746,9.510,9.435,7,9,-10.938,-12.500,Closed,0,0.922,0,0.906,Yes,OK,OK,90,OK,66.350,Inactive,10.156,9.375,16,0,0,43.078,OK,61
99,28.137,69.031,99,719,719,No,1,Inactive,95,86.275,00:06:58,1856.750,100,15.402,Active,98.931,1,Enabled,Disabled,Low,733.507,742.188,143.229,716.146,Inactive,13.746,9.029,9.465,7,9,-10.938,-12.500,Closed,0,0.922,0,0.906,Yes,OK,OK,90,OK,66.660,Inactive,9.375,10.938,16,0,0,43.352,OK,61
100,26.926,68.648,99,721,721,No,1,Inactive,95,84.706,00:06:59,1851.750,100,15.402,Active,98.931,1,Enabled,Disabled,Low,173.611,733.507,156.250,720.486,Inactive,13.820,9.390,9.360,7,9,-10.938,-12.500,Closed,0,0.922,0,0.906,Yes,OK,OK,90,OK,64.830,Inactive,3.906,10.938,16.500,0,0,42.492,OK,62
101,26.379,65.758,99,721,721,No,1,Inactive,95,82.353,00:06:59,1840.500,100,15.402,Active,98.931,1,Enabled,Disabled,Low,651.042,750.868,364.583,720.486,Inactive,13.820,8.534,8.969,7,12,-10.156,-12.500,Closed,0,0.922,0,0.906,Yes,OK,OK,87,OK,61.950,Inactive,3.906,5.469,18,0,0,40.930,OK,62
102,23.586,64.148,99,722,722,No,1,Inactive,95,78.824,00:07:00,1836.750,100,15.402,Active,98.931,1,Enabled,Disabled,Low,399.306,742.188,802.951,724.826,Inactive,13.820,8.038,8.113,7,14,-10.156,-12.500,Closed,0,0.922,0,0.906,Yes,OK,OK,86,OK,58.700,Inactive,2.344,5.469,18.500,0,0,39.660,OK,63
103,21.574,58.922,99,722,722,No,1,Inactive,95,76.471,00:07:00,1780.250,100,15.402,Active,98.931,1,Enabled,Disabled,Low,299.479,737.847,824.653,729.167,Inactive,13.795,8.068,8.098,7,17,-10.156,-12.500,Closed,0,0.922,0,0.906,Yes,OK,OK,82,OK,55.760,Inactive,7.812,10.156,19.500,0,0,38.234,OK,63
104,18.176,55.914,99,722,722,No,1,Inactive,95,73.725,00:07:00,1750.500,100,15.402,Active,98.931,1,Enabled,Disabled,Low,182.292,737.847,177.951,724.826,Inactive,13.820,7.767,7.797,7,20,-10.156,-12.500,Closed,0,0.922,0,0.906,Yes,OK,OK,80,OK,51.830,Inactive,6.250,0,20.500,0,0,36.672,OK,64
105,11.047,44.227,99,722,722,No,1,Inactive,95,49.804,00:07:01,1673.250,85.882,15.402,Active,98.931,1,Enabled,Disabled,Low,737.847,742.188,842.014,746.528,Inactive,13.770,5.454,5.649,7,33,-9.375,-11.719,Closed,0,0.922,0,0.906,Yes,OK,OK,59,OK,33.650,Inactive,4.688,2.344,25,0,0,31.008,OK,64
106,11.047,32.633,99,722,722,No,1,Inactive,95,53.333,00:07:01,1487.500,56.863,15.402,Active,98.931,1,Enabled,Disabled,Low,802.951,742.188,685.764,746.528,Inactive,13.770,5.168,4.703,7,42,-9.375,-11.719,Closed,0,0.922,0,0.906,Yes,OK,OK,58,OK,32.250,Inactive,-0.781,-3.906,28,0,0,30.871,OK,64
107,11.047,32.359,99,721,721,No,1,Inactive,95,52.941,00:07:02,1462,56.863,15.402,Active,98.931,1,Enabled,Disabled,Low,763.889,750.868,781.250,742.188,Inactive,13.795,4.763,5.198,7,41,-9.375,-11.719,Closed,0,0.922,0,0.906,Yes,OK,OK,58,OK,31.830,Inactive,-3.125,5.469,27,0,0,30.578,OK,64
108,11.047,31.117,99,721,721,No,1,Inactive,95,51.373,00:07:02,1455.250,55.294,15.402,Active,98.931,1,Enabled,Disabled,Low,824.653,750.868,842.014,755.208,Inactive,13.795,5.003,4.718,7,43,-9.375,-11.719,Closed,0,0.922,0,0.906,Yes,OK,OK,57,OK,30.100,Inactive,3.125,0,28,0,0,30.285,OK,64
109,11.047,29.398,99,721,721,No,1,Inactive,95,49.412,00:07:02,1427.250,53.333,15.402,Active,98.931,1,Enabled,Disabled,Low,481.771,759.549,694.444,755.208,Inactive,13.770,4.462,4.282,7,44,-9.375,-11.719,Closed,0,0.922,0,0.906,Yes,OK,OK,55,OK,28.880,Inactive,-3.125,-3.906,29,0,0,29.719,OK,63
110,11.047,29.367,99,721,721,No,1,Inactive,95,53.725,00:07:03,1305.250,52.941,15.402,Active,98.931,1,Enabled,Disabled,Low,794.271,781.250,837.674,763.889,Inactive,13.770,4.657,4.928,7,43,-9.375,-11.719,Closed,0,0.922,0,0.906,Yes,OK,OK,57,OK,29.090,Inactive,-3.125,-0.781,26,0,0,29.875,OK,63
111,11.047,28.625,99,721,721,No,1,Inactive,95,60.784,00:07:03,1192.250,55.294,15.402,Active,98.931,0,Enabled,Disabled,Low,134.549,768.229,685.764,772.569,Inactive,13.746,4.943,4.597,7,37,-19.531,-21.875,Closed,0,0.922,0,0.906,Yes,OK,OK,62,OK,28.410,Inactive,2.344,3.906,22.500,0,0,29.875,OK,63
112,11.203,28.766,99,720,720,No,1,Inactive,95,58.824,00:07:04,1169,56.863,15.402,Active,98.931,0,Enabled,Disabled,Low,99.826,759.549,82.465,776.910,Inactive,13.720,5.258,5.123,7,36,-19.531,-21.875,Closed,0,0.922,0,0.906,Yes,OK,OK,64,OK,28.990,Inactive,8.594,9.375,22,0,0,29.719,OK,62
113,17.316,35.672,99,720,720,No,1,Inactive,95,76.471,00:07:04,1268,69.804,15.402,Active,98.931,1,Enabled,Disabled,Low,724.826,755.208,460.069,776.910,Inactive,13.696,8.053,7.963,7,24,-9.375,-11.719,Closed,0,0.922,0,0.906,Yes,OK,OK,79,OK,38.680,Inactive,0.781,11.719,14,0,0,34.543,OK,62
114,17.160,39.312,99,720,720,No,1,Inactive,95,76.471,00:07:04,1245.750,100,15.402,Active,98.931,1,Enabled,Disabled,Low,755.208,776.910,837.674,785.590,Inactive,13.696,7.091,7.227,7,19,-9.375,-11.719,Closed,0,0.922,0,0.906,Yes,OK,OK,80,OK,38.230,Inactive,-1.562,1.562,13.500,0,0,34.543,OK,62
115,14.113,35.836,99,720,720,No,1,Inactive,95,72.549,00:07:05,1167.500,100,15.402,Active,98.931,1,Enabled,Disabled,Low,828.993,785.590,746.528,794.271,Inactive,13.696,6.896,6.566,7,20,-9.375,-11.719,Closed,0,0.922,0,0.906,Yes,OK,OK,80,OK,32.670,Inactive,4.688,-3.125,13,0,0,32.844,OK,62
116,0.500,24.281,99,720,720,No,1,Inactive,95,25.490,00:07:05,1300.250,52.157,15.402,Active,98.931,7,Enabled,Disabled,Low,195.312,798.611,108.507,794.271,Inactive,13.720,2.915,3.125,7,48,-25,-27.344,Closed,0,0.922,0,0.906,Yes,OK,OK,54,OK,12.620,Inactive,-2.344,-5.469,30,0,0,22.629,OK,61
117,0.500,14.969,99,719,719,No,1,Inactive,95,26.667,00:07:06,1179.500,43.922,15.402,Active,98.931,7,Enabled,Disabled,Low,820.312,785.590,781.250,794.271,Inactive,13.720,2.118,2.224,7,62,-25,-27.344,Closed,0,0.922,0,0.906,Yes,OK,OK,38,OK,12.680,Inactive,-1.562,4.688,27.500,0,0,22.629,OK,61
118,0.500,11.062,99,719,719,No,1,Inactive,95,28.627,00:07:06,1090.500,48.235,15.402,Active,98.931,7,Enabled,Disabled,Low,156.250,785.590,824.653,789.931,Inactive,13.646,4.056,3.861,7,45,-25,-27.344,Closed,0,0.922,0,0.906,Yes,OK,OK,55,OK,12.650,Inactive,-2.344,-0.781,11.500,0,0,22.492,OK,60
119,0.500,11.562,99,719,719,No,1,Inactive,95,26.275,00:07:06,1127,34.902,15.402,Active,98.931,7,Enabled,Disabled,Low,43.403,781.250,47.743,789.931,Inactive,13.646,4.267,3.891,7,43,-25,-27.344,Closed,0,0.922,0,0.906,Yes,OK,OK,57,OK,10.700,Inactive,3.125,4.688,12,0,0,21.359,OK,60
120,0.500,10.812,99,718,718,No,1,Inactive,95,23.529,00:07:07,1101.500,30.196,15.402,Active,98.931,7,Enabled,Disabled,Low,52.083,776.910,56.424,789.931,Inactive,13.720,4.162,3.816,7,45,-25,-27.344,Closed,0,0.922,0,0.906,Yes,OK,OK,54,OK,10.200,Inactive,3.906,6.250,12,0,0,21.203,OK,59
121,0.500,10.070,99,718,718,No,1,Inactive,95,21.961,00:07:07,1082.250,26.667,15.402,Active,98.931,7,Enabled,Disabled,Low,73.785,776.910,190.972,789.931,Inactive,13.670,4.102,3.786,7,47,-25,-26.562,Closed,0,0.922,0,0.906,Yes,OK,OK,52,OK,9.400,Inactive,7.812,10.156,12,0,0,20.500,OK,58
122,13.586,12.656,99,717,717,No,1,Inactive,96,55.686,00:07:08,1070.750,24.314,15.402,Active,98.931,0,Enabled,Disabled,Low,677.083,776.910,746.528,781.250,Inactive,13.720,6.370,5.950,7,34,-19.531,-21.875,Closed,0,0.922,0,0.906,Yes,OK,OK,61,OK,23.700,Inactive,0.781,2.344,10.500,0,0,29.309,OK,57
123,17.980,38.047,99,717,717,No,1,Inactive,96,72.941,00:07:08,1252,84.314,15.402,Active,98.931,1,Enabled,Disabled,Low,112.847,776.910,151.910,776.910,Inactive,13.770,7.782,6.806,7,20,-9.375,-11.719,Closed,0,0.922,0,0.906,Yes,OK,OK,79,OK,36.320,Inactive,5.469,6.250,2,0,0,34.406,OK,56
124,25.793,57.383,99,717,717,No,1,Inactive,96,85.882,00:07:08,1700.750,100,15.402,Active,98.931,1,Enabled,Disabled,Low,177.951,772.569,785.590,763.889,Inactive,13.746,8.504,7.858,7,15,-9.375,-11.719,Closed,0,0.922,0,0.906,Yes,OK,OK,87,OK,58.960,Inactive,-0.781,6.250,17,0,0,39.523,OK,56
125,27.395,64.961,99,718,718,No,1,Inactive,96,85.490,00:07:09,1807,100,15.402,Active,98.931,1,Enabled,Disabled,Low,364.583,755.208,664.062,750.868,Inactive,13.795,9.150,9.165,7,10,-9.375,-10.938,Closed,0,0.922,0,0.906,Yes,OK,OK,89,OK,63.240,Inactive,6.250,7.812,17.500,0,0,41.926,OK,57
126,26.984,65.781,99,718,718,No,1,Inactive,96,85.098,00:07:09,1823,100,15.402,Active,98.931,1,Enabled,Disabled,Low,160.590,742.188,182.292,729.167,Inactive,13.820,9.225,9.255,7,10,-9.375,-10.938,Closed,0,0.922,0,0.906,Yes,OK,OK,89,OK,64.250,Inactive,0.781,7.031,17.500,0,0,42.082,OK,57
127,23.918,61.172,99,719,719,No,1,Inactive,96,79.216,00:07:10,1795,100,15.402,Active,98.931,1,Enabled,Disabled,Low,208.333,729.167,151.910,729.167,Inactive,13.795,8.519,8.444,7,15,-8.594,-10.938,Closed,0,0.922,0,0.906,Yes,OK,OK,84,OK,58.050,Inactive,7.031,8.594,19.500,0,0,39.367,OK,57
128,23.879,59.344,99,719,719,No,1,Inactive,96,78.824,00:07:10,1771,100,15.402,Active,98.931,1,Enabled,Disabled,Low,694.444,750.868,694.444,733.507,Inactive,13.820,7.993,8.008,7,16,-8.594,-10.938,Closed,0,0.922,0,0.906,Yes,OK,OK,84,OK,57.530,Inactive,0.781,3.125,19,0,0,38.801,OK,58
129,22.902,58.812,99,719,719,No,1,Inactive,96,78.431,00:07:10,1758.250,100,15.402,Active,98.931,1,Enabled,Disabled,Low,568.576,746.528,807.292,733.507,Inactive,13.820,7.843,8.263,7,16,-8.594,-10.938,Closed,0,0.922,0,0.906,Yes,OK,OK,83,OK,57.270,Inactive,0,7.812,19,0,0,38.664,OK,58
130,19.855,54.141,99,719,719,No,1,Inactive,96,69.804,00:07:11,1719.500,100,15.402,Active,98.931,1,Enabled,Disabled,Low,208.333,746.528,711.806,737.847,Inactive,13.820,7.737,7.737,7,21,-8.594,-10.938,Closed,0,0.922,0,0.906,Yes,OK,OK,77,OK,52.160,Inactive,-1.562,7.031,20.500,0,0,36.965,OK,59
131,12.414,45.367,99,719,719,No,1,Inactive,96,60.392,00:07:11,1654.500,86.667,15.402,Active,98.931,1,Enabled,Disabled,Low,716.146,746.528,733.507,737.847,Inactive,13.820,6.025,6.130,7,30,-8.594,-10.938,Closed,0,0.922,0,0.906,Yes,OK,OK,71,OK,38,Inactive,3.906,1.562,24.500,0,0,32.434,OK,59
132,9.680,28.656,99,719,719,No,1,Inactive,96,49.804,00:07:12,1392,51.373,15.402,Active,98.931,1,Enabled,Disabled,Low,147.569,746.528,112.847,737.847,Inactive,13.820,4.808,4.793,7,44,-8.594,-10.938,Closed,0,0.922,0,0.906,Yes,OK,OK,55,OK,28.200,Inactive,3.125,5.469,28.500,0,0,29.445,OK,59
133,16.320,29.031,99,719,719,No,1,Inactive,96,78.824,00:07:12,1370,51.373,15.402,Active,98.931,0,Enabled,Disabled,Low,308.160,746.528,742.188,742.188,Inactive,13.820,4.312,4.627,7,43,-8.594,-10.938,Closed,0,0.922,0,0.906,Yes,OK,OK,70,OK,30.220,Inactive,3.906,6.250,28,0,0,32.277,OK,59
134,18.020,47.266,99,719,719,No,1,Inactive,96,69.412,00:07:12,1605.750,85.098,15.402,Active,98.931,1,Enabled,Disabled,Low,672.743,759.549,842.014,746.528,Inactive,13.820,6.881,7.272,7,26,-8.594,-10.156,Closed,0,0.922,0,0.906,Yes,OK,OK,73,OK,46.720,Inactive,-1.562,6.250,21,0,0,35.402,OK,59
135,16.477,48.438,99,718,718,No,1,Inactive,96,54.510,00:07:13,1647.250,87.843,15.402,Active,98.931,1,Enabled,Disabled,Low,681.424,755.208,664.062,750.868,Inactive,13.820,6.701,7.076,6,26,-8.594,-10.156,Closed,0,0.922,0,0.906,Yes,OK,OK,67,OK,46.220,Inactive,-2.344,5.469,22,0,0,35.109,OK,59
136,11.047,33.688,99,718,718,No,1,Inactive,96,45.882,00:07:13,1515.250,63.137,15.402,Active,98.931,1,Enabled,Disabled,Low,451.389,742.188,781.250,759.549,Inactive,13.820,5.048,4.778,7,41,-8.594,-10.156,Closed,0,0.922,0,0.906,Yes,OK,OK,54,OK,30.330,Inactive,3.906,-0.781,27.500,0,0,30.012,OK,59
137,7.648,24.891,99,718,718,No,1,Inactive,96,43.137,00:07:14,1331.250,50.196,15.402,Active,98.931,0,Enabled,Disabled,Low,86.806,746.528,56.424,759.549,Inactive,13.845,3.846,3.741,7,48,-19.531,-21.875,Closed,0,0.922,0,0.906,Yes,OK,OK,51,OK,23.870,Inactive,-2.344,3.906,30.500,0,0,27.883,OK,59
138,7.648,23.008,99,718,718,No,1,Inactive,96,42.745,00:07:14,1277.750,48.627,15.402,Active,98.931,0,Enabled,Disabled,Low,69.444,746.528,73.785,759.549,Inactive,13.820,3.831,3.801,6,50,-19.531,-21.875,Closed,0,0.922,0,0.906,Yes,OK,OK,49,OK,22.210,Inactive,8.594,9.375,31,0,0,27.316,OK,58
139,7.648,22.312,99,718,718,No,1,Inactive,96,40.784,00:07:14,1271.750,48.627,15.402,Active,98.931,0,Enabled,Disabled,Low,733.507,742.188,785.590,755.208,Inactive,13.820,3.831,3.741,6,51,-19.531,-21.875,Closed,0,0.922,0,0.906,Yes,OK,OK,48,OK,20.670,Inactive,0.781,10.938,32.500,0,0,26.750,OK,58
140,6.984,21.117,99,717,717,No,1,Inactive,96,41.569,00:07:15,1236.250,47.843,15.402,Active,98.931,0,Enabled,Disabled,Low,99.826,742.188,655.382,755.208,Inactive,13.795,3.666,3.335,6,52,-19.531,-21.875,Closed,0,0.922,0,0.906,Yes,OK,OK,48,OK,20.360,Inactive,6.250,0.781,32.500,0,0,26.613,OK,57
141,6.613,19.922,99,717,717,No,1,Inactive,96,39.216,00:07:15,1216,47.451,15.402,Active,98.931,0,Enabled,Disabled,Low,759.549,742.188,386.285,755.208,Inactive,13.770,3.305,3.441,7,53,-19.531,-21.094,Closed,0,0.922,0,0.906,Yes,OK,OK,46,OK,19.310,Inactive,7.031,7.031,33.500,0,0,26.184,OK,57
142,3.566,18.180,99,716,716,No,1,Inactive,96,36.471,00:07:16,1184.500,46.275,15.402,Active,98.931,0,Enabled,Disabled,Low,273.438,742.188,789.931,755.208,Inactive,13.770,2.960,2.915,7,56,-19.531,-21.094,Closed,0,0.922,0,0.906,Yes,OK,OK,44,OK,16.820,Inactive,0.781,2.344,35.500,0,0,24.328,OK,56
143,0.500,12.414,99,716,716,No,1,Inactive,96,25.098,00:07:16,1053.500,37.647,15.402,Active,98.931,7,Enabled,Disabled,Low,625,742.188,69.444,755.208,Inactive,13.770,2.329,2.479,6,64,-25,-26.562,Closed,0,0.922,0,0.906,Yes,OK,OK,35,OK,10.730,Inactive,1.562,7.031,42.500,0,0,28.586,OK,55
144,0.500,8.922,99,716,716,No,1,Inactive,96,23.922,00:07:16,999.750,20.392,15.402,Active,98.931,7,Enabled,Disabled,Low,776.910,742.188,156.250,759.549,Inactive,13.696,3.621,3.696,6,49,-25,-25,Closed,0,0.922,0,0.906,Yes,OK,OK,51,OK,9.610,Inactive,1.562,3.125,13,0,0,20.637,OK,54
145,0.500,8.883,99,716,716,No,1,Inactive,96,22.745,00:07:17,989.500,20.784,15.402,Active,98.931,7,Enabled,Disabled,Low,60.764,742.188,798.611,759.549,Inactive,13.770,3.621,3.410,6,49,-25,-25,Closed,0,0.922,0,0.906,Yes,OK,OK,51,OK,8.690,Inactive,1.562,3.125,12,0,0,20.070,OK,53
146,0.500,8.094,99,716,716,No,1,Inactive,96,18.431,00:07:17,966.500,18.039,15.402,Active,98.931,7,Enabled,Disabled,Low,60.764,742.188,82.465,755.208,Inactive,13.746,3.561,3.305,6,51,-24.219,-25,Closed,0,0.922,0,0.906,Yes,OK,OK,49,OK,7.130,Inactive,6.250,7.812,12,0,0,18.664,OK,52
147,0.500,7.438,99,715,715,No,1,Inactive,96,17.255,00:07:18,939,16.471,15.402,Active,98.931,7,Enabled,Disabled,Low,73.785,737.847,108.507,759.549,Inactive,13.746,3.441,3.110,7,54,-23.438,-24.219,Closed,0,0.922,0,0.906,Yes,OK,OK,45,OK,6.560,Inactive,7.031,9.375,14,0,0,17.805,OK,51
148,0.500,6.508,99,715,715,No,1,Inactive,96,16.078,00:07:18,903.250,15.294,15.402,Active,98.931,7,Enabled,Disabled,Low,794.271,737.847,798.611,755.208,Inactive,13.746,3.005,2.749,7,57,-22.656,-23.438,Closed,0,0.922,0,0.906,Yes,OK,OK,42,OK,5.720,Inactive,3.125,3.906,16,0,0,16.809,OK,49
149,0.500,5.828,99,715,715,No,1,Inactive,96,14.510,00:07:18,858.250,14.118,15.402,Active,98.931,7,Enabled,Disabled,Low,729.167,737.847,785.590,755.208,Inactive,13.770,2.794,2.509,7,60,-22.656,-23.438,Closed,0,0.922,0,0.906,Yes,OK,OK,40,OK,5.290,Inactive,2.344,3.125,19,0,0,15.812,OK,47
150,0.500,5.375,99,714,714,No,1,Inactive,96,15.294,00:07:19,814.750,13.333,15.402,Active,98.931,7,Enabled,Disabled,Low,789.931,737.847,811.632,755.208,Inactive,13.770,2.644,2.404,7,60,-22.656,-23.438,Closed,0,0.922,0,0.906,Yes,OK,OK,39,OK,5.100,Inactive,-0.781,0,19.500,0,0,15.676,OK,45
151,0.500,5.312,99,714,714,No,1,Inactive,96,15.294,00:07:19,791.500,13.333,15.402,Active,98.931,7,Enabled,Disabled,Low,755.208,742.188,794.271,755.208,Inactive,13.746,2.584,2.359,7,60,-22.656,-23.438,Closed,0,0.922,0,0.906,Yes,OK,OK,39,OK,5.070,Inactive,-3.125,-2.344,19,0,0,15.539,OK,44
152,8.840,5.672,99,713,713,No,1,Inactive,96,29.020,00:07:20,766,12.941,15.402,Active,98.931,0,Enabled,Disabled,Low,173.611,742.188,69.444,755.208,Inactive,13.795,3.576,3.365,7,55,-19.531,-21.094,Closed,0,0.922,0,0.906,Yes,OK,OK,42,OK,10.500,Inactive,-3.906,5.469,18.500,0,0,22.922,OK,42
153,15.305,11.289,99,713,713,No,1,Inactive,96,58.431,00:07:20,875.250,25.098,15.402,Active,98.931,0,Enabled,Disabled,Low,468.750,737.847,824.653,750.868,Inactive,13.770,7.542,7.121,7,28,-19.531,-21.094,Closed,0,0.922,0,0.906,Yes,OK,OK,68,OK,21.790,Inactive,4.688,7.031,11,0,0,29.309,OK,41
154,19.016,33.609,99,713,713,No,1,Inactive,96,78.824,00:07:20,1072.750,76.863,15.402,Active,98.931,0,Enabled,Disabled,Low,43.403,737.847,43.403,746.528,Inactive,13.845,7.242,6.941,7,16,-19.531,-21.094,Closed,0,0.922,0,0.906,Yes,OK,OK,83,OK,33.160,Inactive,4.688,7.031,0.500,0,0,34.406,OK,41
155,23.078,49.266,99,712,712,No,1,Inactive,96,79.216,00:07:21,1579.500,100,15.402,Active,98.931,1,Enabled,Disabled,Low,798.611,707.465,815.972,733.507,Inactive,13.820,8.278,8.128,7,19,-8.594,-10.156,Closed,0,0.922,0,0.906,Yes,OK,OK,82,OK,49.730,Inactive,1.562,3.125,4,0,0,36.965,OK,40
156,22.531,53.062,99,712,712,No,1,Inactive,96,75.686,00:07:21,1707,100,15.402,Active,98.931,1,Enabled,Disabled,Low,199.653,720.486,390.625,729.167,Inactive,13.820,8.038,8.008,7,19,-8.594,-10.156,Closed,0,0.922,0,0.906,Yes,OK,OK,79,OK,52.740,Inactive,0.781,7.812,19.500,0,0,37.258,OK,40
157,22.668,53.688,99,712,712,No,1,Inactive,96,76.078,00:07:22,1717.500,100,15.402,Active,98.931,1,Enabled,Disabled,Low,815.972,724.826,668.403,733.507,Inactive,13.820,7.918,7.512,7,20,-8.594,-10.156,Closed,0,0.922,0,0.906,Yes,OK,OK,79,OK,52.160,Inactive,4.688,0,19.500,0,0,37.258,OK,41
158,23,53.953,99,712,712,No,1,Inactive,96,75.294,00:07:22,1724,100,15.402,Active,98.931,1,Enabled,Disabled,Low,737.847,724.826,781.250,746.528,Inactive,13.845,7.918,7.572,7,20,-8.594,-10.156,Closed,0,0.922,0,0.906,Yes,OK,OK,79,OK,53.570,Inactive,-1.562,0.781,20,0,0,37.258,OK,42
159,27.062,57.703,99,713,713,No,1,Inactive,96,79.608,00:07:23,1740.500,100,15.402,Active,98.931,1,Enabled,Disabled,Low,763.889,733.507,811.632,750.868,Inactive,13.770,8.113,8.714,7,16,-8.594,-10.156,Closed,0,0.922,0,0.906,Yes,OK,OK,82,OK,61.100,Inactive,3.125,7.031,17.500,0,0,39.660,OK,42
160,27.395,63.438,99,713,713,No,1,Inactive,96,82.745,00:07:23,1807.500,100,15.402,Active,98.931,1,Enabled,Disabled,Low,151.910,724.826,646.701,750.868,Inactive,13.746,8.759,8.819,7,12,-8.594,-10.156,Closed,0,0.922,0,0.906,Yes,OK,OK,87,OK,61.520,Inactive,-2.344,6.250,18,0,0,41.086,OK,43
161,27.746,64.023,99,713,713,No,1,Inactive,96,81.569,00:07:23,1824.500,100,15.402,Active,98.931,1,Enabled,Disabled,Low,581.597,729.167,117.188,737.847,Inactive,13.770,8.233,8.669,7,12,-8.594,-10.156,Closed,0,0.922,0,0.906,Yes,OK,OK,87,OK,61.810,Inactive,-0.781,6.250,18.500,0,0,41.086,OK,43
162,28.801,66.234,99,714,714,No,1,Inactive,96,85.098,00:07:24,1828.750,100,15.402,Active,98.931,1,Enabled,Disabled,Low,164.931,720.486,169.271,737.847,Inactive,13.820,9.300,9.270,7,10,-8.594,-10.156,Closed,0,0.922,0,0.906,Yes,OK,OK,89,OK,64.250,Inactive,0,1.562,17.500,0,0,42.355,OK,44
163,33.215,71.383,99,714,714,No,1,Inactive,96,89.804,00:07:24,1870.500,100,15.402,Active,98.931,1,Enabled,Disabled,Low,91.146,681.424,755.208,733.507,Inactive,13.820,9.660,9.150,6,7,-8.594,-10.156,Closed,0,0.922,0,0.906,Yes,OK,OK,92,OK,70.830,Inactive,5.469,7.812,16,0,0,45.754,OK,44
164,37.023,75.062,99,717,717,No,1,Inactive,96,89.412,00:07:25,1907.250,100,15.402,Active,98.931,1,Enabled,Disabled,Low,112.847,659.722,342.882,711.806,Inactive,13.820,10.006,10.081,6,4,-7.812,-10.156,Closed,0,0.922,0,0.906,Yes,OK,OK,94,OK,71.510,Inactive,6.250,8.594,15.500,0,0,48.879,OK,45
165,41.301,77.297,99,717,717,No,1,Inactive,96,91.765,00:07:25,1942.500,100,15.402,Active,98.931,1,Enabled,Disabled,Low,690.104,716.146,638.021,724.826,Inactive,13.820,9.826,9.736,6,3,-7.812,-10.156,Closed,0,0.922,0,0.906,Yes,OK,OK,96,OK,72.890,Inactive,3.125,4.688,15,0,0,52.727,OK,46
166,41.301,78.484,99,717,717,No,1,Inactive,96,91.765,00:07:25,1952.500,100,15.402,Active,98.931,1,Enabled,Disabled,Low,737.847,716.146,729.167,711.806,Inactive,13.820,9.811,10.306,6,3,-7.812,-10.156,Closed,0,0.922,0,0.906,Yes,OK,OK,96,OK,74.990,Inactive,10.156,10.938,15,0,0,52.727,OK,47
167,44.270,79.680,99,720,720,No,1,Inactive,96,94.118,00:07:26,1959.750,100,15.402,Active,98.931,1,Enabled,Disabled,Low,750.868,698.785,208.333,690.104,Inactive,13.746,10.682,10.562,6,3,-7.812,-10.156,Closed,0,0.922,0,0.906,Yes,OK,OK,97,OK,73.580,Inactive,10.156,10.938,15,0,0,55.695,OK,48
168,44.348,80.508,99,720,720,No,1,Inactive,96,90.196,00:07:26,1974,100,15.402,Active,98.931,1,Enabled,Disabled,Low,720.486,698.785,334.201,698.785,Inactive,13.770,10.712,9.991,6,2,-7.812,-10.156,Closed,0,0.922,0,0.906,Yes,OK,OK,97,OK,73.930,Inactive,10.938,6.250,15,0,0,56.125,OK,49
169,45.285,80.375,100,723,723,No,1,Inactive,96,89.412,00:07:27,1975.500,100,15.402,Active,98.931,1,Enabled,Disabled,Low,785.590,711.806,776.910,707.465,Inactive,13.746,10.111,10.592,6,3,-7.812,-10.156,Closed,0,0.922,0,0.906,Yes,OK,OK,97,OK,73.580,Inactive,10.938,12.500,15,0,0,57.121,OK,50
170,45.285,81.375,100,723,723,No,1,Inactive,96,90.588,00:07:27,1989,100,15.402,Active,98.931,1,Enabled,Disabled,Low,481.771,711.806,781.250,703.125,Inactive,13.746,10.712,10.622,6,3,-7.812,-10.156,Closed,0,0.922,0,0.906,Yes,OK,OK,97,OK,74.990,Inactive,6.250,12.500,15,0,0,57.395,OK,51
171,44.582,81.914,100,723,723,No,1,Inactive,96,92.157,00:07:27,1996.750,100,15.402,Active,98.931,1,Enabled,Disabled,Low,386.285,707.465,781.250,703.125,Inactive,13.746,10.667,10.592,6,2,-7.812,-10.156,Closed,0,0.922,0,0.906,Yes,OK,OK,97,OK,76.870,Inactive,10.938,12.500,15,0,0,57.121,OK,52
172,42.473,81.602,100,726,726,No,1,Inactive,96,89.020,00:07:28,2006.750,100,15.402,Active,98.931,1,Enabled,Disabled,Low,716.146,716.146,542.535,694.444,Inactive,13.820,10.171,10.532,6,4,-7.031,-10.156,Closed,0,0.922,0,0.906,Yes,OK,OK,96,OK,74.630,Inactive,10.938,12.500,15.500,0,0,55.129,OK,53
173,39.074,80.688,100,726,726,No,1,Inactive,96,88.235,00:07:28,2001.500,100,15.402,Active,98.931,1,Enabled,Disabled,Low,208.333,711.806,208.333,690.104,Inactive,13.820,10.352,10.367,6,4,-7.031,-10.156,Closed,0,0.922,0,0.906,Yes,OK,OK,95,OK,74.990,Inactive,4.688,12.500,15.500,0,0,51.164,OK,54
174,33.371,78.977,100,729,729,No,1,Inactive,96,87.059,00:07:29,2007.750,100,15.402,Active,98.931,1,Enabled,Disabled,Low,499.132,703.125,642.361,707.465,Inactive,13.795,10.051,9.540,6,7,-7.031,-10.156,Closed,0,0.922,0,0.906,Yes,OK,OK,93,OK,72.890,Inactive,10.156,7.812,17,0,0,46.613,OK,55
175,22.531,69.461,100,729,729,No,1,Inactive,96,74.510,00:07:29,1981.500,100,15.402,Active,98.931,1,Enabled,Disabled,Low,737.847,724.826,789.931,720.486,Inactive,13.820,7.963,7.888,6,15,-7.031,-10.156,Closed,0,0.922,0,0.906,Yes,OK,OK,87,OK,59.100,Inactive,3.906,12.500,23,0,0,39.094,OK,56
176,18.176,56.523,100,729,729,No,1,Inactive,96,61.569,00:07:29,1855,93.333,15.402,Active,98.931,1,Enabled,Disabled,Low,776.910,742.188,837.674,720.486,Inactive,13.820,7.076,7.377,6,25,-7.031,-10.156,Closed,0,0.922,0,0.906,Yes,OK,OK,72,OK,51.050,Inactive,0,6.250,24.500,0,0,36.262,OK,57
177,8.312,43.148,100,729,729,No,1,Inactive,96,47.451,00:07:30,1765,75.294,15.402,Active,98.931,1,Enabled,Disabled,Low,494.792,720.486,781.250,729.167,Inactive,13.820,4.868,4.943,6,38,-7.031,-10.156,Closed,0,0.922,0,0.906,Yes,OK,OK,64,OK,31.650,Inactive,-2.344,1.562,28.500,0,0,29.719,OK,57
178,1.867,25.820,100,729,729,No,1,Inactive,96,28.627,00:07:30,1549,49.804,15.402,Active,98.931,0,Enabled,Disabled,Low,490.451,733.507,60.764,724.826,Inactive,13.820,2.990,3.170,6,55,-21.875,-22.656,Closed,0,0.922,0,0.906,Yes,OK,OK,39,OK,20.910,Inactive,7.031,9.375,37,0,0,26.613,OK,57
179,0.500,17.719,100,728,728,No,1,Inactive,96,23.137,00:07:31,1480.750,45.490,15.402,Active,98.539,7,Enabled,Disabled,Low,47.743,716.146,78.125,724.826,Inactive,13.820,2.284,2.389,6,65,-21.094,-22.656,Closed,0,0.922,0,0.906,Yes,OK,OK,32,OK,15.690,Inactive,10.156,14.844,46,0,0,24.465,OK,56
180,3.762,13.078,100,728,728,No,1,Inactive,96,27.843,00:07:31,1168.750,38.824,15.402,Active,98.147,7,Enabled,Disabled,Low,802.951,716.146,820.312,724.826,Inactive,13.820,2.389,2.404,6,67,-20.312,-22.656,Closed,0,0.922,0,0.906,Yes,OK,OK,33,OK,13.800,Inactive,11.719,14.844,30.500,0,0,23.195,OK,55
181,19.016,37.523,100,728,728,No,1,Inactive,96,94.902,00:07:31,1281.250,54.118,15.402,Active,98.147,1,Enabled,Disabled,Low,73.785,711.806,82.465,724.826,Inactive,13.820,7.948,7.843,6,26,-19.531,-21.094,Closed,0,0.922,0,0.906,Yes,OK,OK,72,OK,46.120,Inactive,8.594,10.938,14,0,0,35.266,OK,54
182,19.719,51.031,100,728,728,No,1,Inactive,96,74.118,00:07:32,1654.500,95.294,15.402,Active,98.147,1,Enabled,Disabled,Low,772.569,755.208,833.333,742.188,Inactive,13.820,7.632,7.512,6,23,-6.250,-10.156,Closed,0,0.922,0,0.906,Yes,OK,OK,79,OK,49.620,Inactive,-0.781,4.688,19,0,0,36.672,OK,54
183,19.172,53.438,100,728,728,No,1,Inactive,96,73.333,00:07:32,1689.250,100,15.402,Active,98.147,1,Enabled,Disabled,Low,533.854,742.188,698.785,742.188,Inactive,13.820,8.068,7.197,6,21,-6.250,-10.156,Closed,0,0.922,0,0.906,Yes,OK,OK,79,OK,51.600,Inactive,-3.125,0,19,0,0,36.965,OK,54
184,0.520,30.352,100,727,727,No,1,Inactive,96,34.902,00:07:33,1516.500,63.529,15.402,Active,98.147,7,Enabled,Disabled,Low,802.951,781.250,855.035,750.868,Inactive,13.770,4.087,4.357,6,47,-6.250,-10.156,Closed,0,0.922,0,0.906,Yes,OK,OK,56,OK,20.500,Inactive,0,8.594,30.500,0,0,26.320,OK,54
185,0.500,18.609,100,727,727,No,1,Inactive,96,37.647,00:07:33,1192,46.667,15.402,Active,98.539,7,Enabled,Disabled,Low,52.083,772.569,494.792,755.208,Inactive,13.770,3.005,3.110,6,56,-20.312,-22.656,Closed,0,0.922,0,0.906,Yes,OK,OK,44,OK,17.130,Inactive,4.688,3.125,33.500,0,0,23.059,OK,54
186,0.500,18.094,100,727,727,No,1,Inactive,96,60.392,00:07:33,1078.500,41.176,15.402,Active,98.539,7,Enabled,Disabled,Low,737.847,768.229,781.250,759.549,Inactive,13.720,3.801,3.861,6,53,-20.312,-22.656,Closed,0,0.922,0,0.906,Yes,OK,OK,43,OK,29.820,Inactive,0,3.125,12.500,0,0,30.285,OK,53
187,0.500,11.164,100,727,727,No,1,Inactive,96,30.980,00:07:34,1013.250,31.373,15.402,Active,98.539,7,Enabled,Disabled,Low,802.951,772.569,651.042,768.229,Inactive,13.696,4.988,4.898,6,39,-19.531,-22.656,Closed,0,0.922,0,0.906,Yes,OK,OK,62,OK,12.990,Inactive,0.781,2.344,11.500,0,0,23.059,OK,53
188,0.500,12.031,100,727,727,No,1,Inactive,96,30.588,00:07:34,1031,38.431,15.402,Active,98.539,7,Enabled,Disabled,Low,117.188,776.910,737.847,768.229,Inactive,13.696,5.228,4.823,6,36,-19.531,-22.656,Closed,0,0.922,0,0.906,Yes,OK,OK,64,OK,12.730,Inactive,0,2.344,12,0,0,23.059,OK,52
189,0.500,12.094,100,726,726,No,1,Inactive,96,27.843,00:07:35,1024,40.784,15.402,Active,98.539,7,Enabled,Disabled,Low,82.465,776.910,95.486,772.569,Inactive,13.696,5.514,5.003,6,36,-19.531,-22.656,Closed,0,0.922,0,0.906,Yes,OK,OK,65,OK,11.310,Inactive,4.688,6.250,12,0,0,22.199,OK,51
190,0.500,11.125,100,726,726,No,1,Inactive,96,24.706,00:07:35,1012,34.510,15.402,Active,98.931,7,Enabled,Disabled,Low,716.146,776.910,802.951,772.569,Inactive,13.696,4.823,4.282,6,39,-19.531,-22.656,Closed,0,0.922,0,0.906,Yes,OK,OK,61,OK,10.300,Inactive,0.781,1.562,12,0,0,21.203,OK,50
191,0.500,10.375,100,726,726,No,1,Inactive,96,25.490,00:07:35,977.500,29.412,15.402,Active,98.931,7,Enabled,Disabled,Low,611.979,776.910,286.458,768.229,Inactive,13.746,4.733,4.522,6,40,-19.531,-21.094,Closed,0,0.922,0,0.906,Yes,OK,OK,60,OK,9.910,Inactive,0.781,6.250,12,0,0,21.203,OK,50
192,0.500,9.719,100,725,725,No,1,Inactive,96,23.529,00:07:36,946.500,25.098,15.402,Active,98.931,7,Enabled,Disabled,Low,164.931,776.910,781.250,776.910,Inactive,13.696,4.432,4.087,6,42,-19.531,-21.094,Closed,0,0.922,0,0.906,Yes,OK,OK,57,OK,9.290,Inactive,-1.562,1.562,12,0,0,20.500,OK,49
193,0.500,8.648,100,725,725,No,1,Inactive,96,20,00:07:36,916,20.392,15.402,Active,98.931,7,Enabled,Disabled,Low,65.104,776.910,781.250,781.250,Inactive,13.696,4.477,3.771,6,47,-19.531,-21.094,Closed,0,0.922,0,0.906,Yes,OK,OK,53,OK,7.140,Inactive,4.688,-2.344,12,0,0,18.508,OK,48
194,0.500,8.062,100,724,724,No,1,Inactive,95,20,00:07:37,890.250,17.255,15.402,Active,98.931,7,Enabled,Disabled,Low,737.847,781.250,112.847,781.250,Inactive,13.696,3.846,3.621,6,49,-19.531,-21.094,Closed,0,0.922,0,0.906,Yes,OK,OK,50,OK,7.160,Inactive,0,4.688,12,0,0,18.801,OK,47
195,0.500,7.477,100,724,724,No,1,Inactive,95,18.431,00:07:37,875.250,16.863,15.402,Active,98.931,7,Enabled,Disabled,Low,677.083,781.250,212.674,781.250,Inactive,13.696,3.531,3.410,6,52,-19.531,-21.094,Closed,0,0.922,0,0.906,Yes,OK,OK,48,OK,6.610,Inactive,0,6.250,12,0,0,18.078,OK,46
196,0.500,6.711,100,723,723,No,1,Inactive,95,16.863,00:07:38,840,14.902,15.402,Active,98.931,7,Enabled,Disabled,Low,151.910,781.250,716.146,776.910,Inactive,13.670,3.275,2.960,6,56,-19.531,-21.094,Closed,0,0.922,0,0.906,Yes,OK,OK,44,OK,5.680,Inactive,-1.562,0,14.500,0,0,17.375,OK,45
197,0.500,6.055,100,723,723,No,1,Inactive,95,15.686,00:07:38,818,14.510,15.402,Active,98.931,7,Enabled,Disabled,Low,203.993,776.910,716.146,781.250,Inactive,13.720,3.185,2.689,6,57,-19.531,-21.094,Closed,0,0.922,0,0.906,Yes,OK,OK,42,OK,5.320,Inactive,-0.781,-1.562,16.500,0,0,15.969,OK,44
198,0.500,5.664,100,723,723,No,1,Inactive,95,15.294,00:07:38,799.750,14.118,15.402,Active,98.931,7,Enabled,Disabled,Low,742.188,776.910,733.507,781.250,Inactive,13.696,2.915,2.494,6,59,-19.531,-21.094,Closed,0,0.922,0,0.906,Yes,OK,OK,41,OK,5.230,Inactive,-0.781,-5.469,16.500,0,0,16.105,OK,44
199,0.500,5.336,100,722,722,No,1,Inactive,96,14.902,00:07:39,782,13.333,15.402,Active,98.931,7,Enabled,Disabled,Low,781.250,776.910,581.597,781.250,Inactive,13.696,2.809,2.389,6,60,-19.531,-21.094,Closed,0,0.922,0,0.906,Yes,OK,OK,40,OK,5.090,Inactive,-1.562,-5.469,17.500,0,0,15.539,OK,42
200,0.500,5.086,100,722,722,No,1,Inactive,96,15.294,00:07:39,754.750,12.941,15.402,Active,98.931,7,Enabled,Disabled,Low,781.250,776.910,104.167,781.250,Inactive,13.746,2.719,2.689,6,60,-19.531,-21.094,Closed,0,0.922,0,0.906,Yes,Fault,OK,40,OK,5.050,Inactive,-5.469,2.344,16,0,0,15.539,OK,41
201,0.500,4.977,100,722,722,No,1,Inactive,96,14.902,00:07:39,726.750,12.941,15.402,Active,98.931,7,Enabled,Disabled,Low,685.764,776.910,820.312,781.250,Inactive,13.746,2.704,2.584,6,60,-19.531,-21.094,Closed,0,0.922,0,0.906,Yes,Fault,OK,40,OK,5.040,Inactive,-7.812,-2.344,15,0,0,15.539,OK,40
202,0.500,4.867,100,721,721,No,1,Inactive,95,15.294,00:07:40,697,12.941,15.402,Active,98.931,7,Enabled,Disabled,Low,104.167,776.910,802.951,781.250,Inactive,13.696,2.734,2.614,6,58,-19.531,-21.094,Closed,0,0.922,0,0.906,Yes,Fault,OK,42,OK,4.970,Inactive,-8.594,-3.125,16,0,0,15.539,OK,38
203,0.500,4.766,100,721,721,No,1,Inactive,95,15.686,00:07:40,674.500,12.941,15.402,Active,98.931,7,Enabled,Disabled,Low,65.104,776.910,707.465,781.250,Inactive,13.795,3.230,2.644,6,57,-19.531,-21.094,Closed,0,0.922,0,0.906,Yes,Fault,OK,42,OK,5.010,Inactive,0.781,-4.688,16.500,0,0,15.539,OK,37
204,4.426,4.836,100,720,720,No,1,Inactive,96,27.059,00:07:41,656,13.333,15.402,Active,98.931,7,Enabled,Disabled,Low,815.972,776.910,594.618,781.250,Inactive,13.795,3.380,2.915,6,55,-19.531,-21.094,Closed,0,0.922,0,0.906,Yes,Fault,OK,48,OK,9.150,Inactive,-3.125,0,18.500,0,0,18.664,OK,35
205,18.059,6.922,100,720,720,No,1,Inactive,96,45.098,00:07:41,694.500,14.510,15.402,Active,98.931,0,Enabled,Disabled,Low,802.951,776.910,104.167,781.250,Inactive,13.795,6.656,6.490,6,37,-19.531,-21.094,Closed,0,0.922,0,0.906,Yes,Fault,OK,58,OK,20.980,Inactive,-3.125,0,13,0,0,30.012,OK,34
206,25.070,15.719,100,720,720,No,1,Inactive,96,72.157,00:07:41,933.500,78.824,15.402,Active,98.931,0,Enabled,Disabled,Low,720.486,789.931,772.569,781.250,Inactive,13.820,7.121,6.866,6,9,-19.531,-21.094,Closed,0,0.922,0,0.906,Yes,Fault,OK,92,OK,29.870,Inactive,-7.812,-4.688,-9.500,0,0,36.828,OK,33
207,33.840,52.055,100,720,720,No,1,Inactive,96,91.765,00:07:42,1382,99.216,15.402,Active,98.931,1,Enabled,Disabled,Low,117.188,733.507,56.424,733.507,Inactive,13.820,9.781,9.495,6,6,-6.250,-10.156,Closed,0,0.922,0,0.906,Yes,Fault,OK,94,OK,50.160,Inactive,0.781,2.344,-1,0,0,44.211,OK,33
208,34.855,66.953,100,720,720,No,1,Inactive,96,87.843,00:07:42,1824.750,100,15.402,Active,98.931,1,Enabled,Disabled,Low,56.424,664.062,86.806,690.104,Inactive,13.820,9.300,9.630,6,7,-6.250,-10.156,Closed,0,0.922,0,0.906,Yes,OK,OK,93,OK,66.040,Inactive,2.344,9.375,17,0,0,45.617,OK,34
209,34.738,69.562,100,722,722,No,1,Inactive,96,87.843,00:07:43,1871.500,100,15.402,Active,98.931,1,Enabled,Disabled,Low,716.146,690.104,755.208,711.806,Inactive,13.820,10.081,9.901,6,7,-6.250,-10.156,Closed,0,0.922,0,0.906,Yes,OK,OK,92,OK,68.550,Inactive,8.594,10.938,17,0,0,45.754,OK,35
210,34.680,68.930,100,722,722,No,1,Inactive,96,88.235,00:07:43,1849.500,100,15.402,Active,98.931,1,Enabled,Disabled,Low,73.785,672.743,86.806,659.722,Inactive,13.820,9.691,9.811,6,7,-6.250,-10.156,Closed,0,0.922,0,0.906,Yes,OK,OK,92,OK,66.970,Inactive,3.906,7.812,16.500,0,0,45.754,OK,37
211,34.680,70.188,100,724,724,No,1,Inactive,96,88.235,00:07:44,1866,100,15.402,Active,98.931,1,Enabled,Disabled,Low,807.292,677.083,820.312,694.444,Inactive,13.795,10.036,10.111,6,7,-6.250,-9.375,Closed,0,0.922,0,0.906,Yes,OK,OK,93,OK,68.550,Inactive,0,3.906,16.500,0,0,45.617,OK,38
212,34.680,70.805,100,724,724,No,1,Inactive,96,87.451,00:07:44,1880.750,100,15.402,Active,98.931,1,Enabled,Disabled,Low,690.104,685.764,729.167,694.444,Inactive,13.820,9.766,9.796,6,8,-6.250,-9.375,Closed,0,0.922,0,0.906,Yes,OK,OK,93,OK,68.230,Inactive,6.250,9.375,16.500,0,0,45.910,OK,39
213,34.680,70.969,100,724,724,No,1,Inactive,96,87.451,00:07:44,1869.500,100,15.402,Active,98.931,1,Enabled,Disabled,Low,273.438,685.764,668.403,694.444,Inactive,13.820,9.796,9.826,6,7,-6.250,-9.375,Closed,0,0.922,0,0.906,Yes,OK,OK,93,OK,67.920,Inactive,6.250,9.375,16.500,0,0,46.047,OK,40
214,34.680,71.758,100,726,726,No,1,Inactive,96,87.451,00:07:45,1881.500,100,15.402,Active,98.931,1,Enabled,Disabled,Low,117.188,672.743,169.271,690.104,Inactive,13.820,9.961,9.991,6,7,-6.250,-9.375,Closed,0,0.922,0,0.906,Yes,OK,OK,93,OK,68.550,Inactive,6.250,3.906,17,0,0,46.184,OK,41
215,39.406,74.484,100,726,726,No,1,Inactive,96,92.941,00:07:45,1899.500,100,15.402,Active,98.931,1,Enabled,Disabled,Low,802.951,681.424,785.590,694.444,Inactive,13.820,10.276,9.645,6,5,-6.250,-9.375,Closed,0,0.922,0,0.906,Yes,OK,OK,95,OK,71.170,Inactive,7.031,9.375,12.500,0,0,50.031,OK,42
216,40.285,75.523,100,726,726,No,1,Inactive,96,89.020,00:07:45,1913.500,100,15.402,Active,98.931,1,Enabled,Disabled,Low,759.549,672.743,677.083,694.444,Inactive,13.820,10.442,10.352,6,5,-5.469,-9.375,Closed,0,0.922,0,0.906,Yes,OK,OK,95,OK,71.850,Inactive,7.812,10.156,12.500,0,0,51.008,OK,44
217,40.285,76.422,100,728,728,No,1,Inactive,96,90.980,00:07:46,1937.250,100,15.402,Active,98.931,1,Enabled,Disabled,Low,364.583,685.764,499.132,681.424,Inactive,13.795,10.457,10.352,6,5,-5.469,-9.375,Closed,0,0.922,0,0.906,Yes,OK,OK,95,OK,72.890,Inactive,7.812,10.156,12.500,0,0,51.301,OK,46
218,40.246,76.938,100,728,728,No,1,Inactive,96,90.196,00:07:46,1943.750,100,15.402,Active,98.931,1,Enabled,Disabled,Low,173.611,677.083,156.250,681.424,Inactive,13.820,10.562,10.457,6,4,-5.469,-9.375,Closed,0,0.922,0,0.906,Yes,OK,OK,96,OK,72.890,Inactive,7.812,10.156,13,0,0,51.574,OK,47
219,40.246,77.750,100,730,730,No,1,Inactive,96,89.412,00:07:47,1943.750,100,15.402,Active,98.931,1,Enabled,Disabled,Low,117.188,672.743,776.910,685.764,Inactive,13.820,10.502,10.337,6,4,-5.469,-9.375,Closed,0,0.922,0,0.906,Yes,OK,OK,95,OK,73.230,Inactive,7.812,10.938,13,0,0,51.730,OK,48
220,40.246,78.469,100,730,730,No,1,Inactive,96,90.980,00:07:47,1953.250,100,15.402,Active,98.931,1,Enabled,Disabled,Low,594.618,694.444,742.188,685.764,Inactive,13.795,10.592,10.412,6,4,-5.469,-9.375,Closed,0,0.922,0,0.906,Yes,OK,OK,96,OK,73.230,Inactive,7.812,10.938,13,0,0,52.160,OK,49
221,40.246,78.961,100,730,730,No,1,Inactive,96,90.588,00:07:47,1967,100,15.402,Active,98.931,1,Enabled,Disabled,Low,134.549,672.743,759.549,685.764,Inactive,13.795,10.532,10.412,6,5,-4.688,-9.375,Closed,0,0.922,0,0.906,Yes,OK,OK,96,OK,73.930,Inactive,7.031,10.938,13,0,0,52.160,OK,50
222,38.801,78.656,100,733,733,No,1,Inactive,96,89.020,00:07:48,1959.750,100,15.402,Active,98.931,1,Enabled,Disabled,Low,690.104,694.444,130.208,677.083,Inactive,13.820,10.547,10.397,6,5,-4.688,-9.375,Closed,0,0.922,0,0.906,Yes,OK,OK,96,OK,72.540,Inactive,7.812,10.938,13.500,0,0,51.867,OK,51
223,36.379,78.250,100,733,733,No,1,Inactive,96,86.275,00:07:48,1975.750,100,15.402,Active,98.931,1,Enabled,Disabled,Low,750.868,698.785,759.549,685.764,Inactive,13.820,10.261,9.600,6,6,-4.688,-9.375,Closed,0,0.922,0,0.906,Yes,OK,OK,94,OK,71,Inactive,7.812,5.469,14.500,0,0,48.605,OK,52
224,30.266,74.305,100,735,735,No,1,Inactive,96,84.314,00:07:49,1969.750,100,15.402,Active,98.931,1,Enabled,Disabled,Low,746.528,707.465,794.271,694.444,Inactive,13.820,9.706,9.120,6,10,-4.688,-9.375,Closed,0,0.922,0,0.906,Yes,OK,OK,91,OK,67.760,Inactive,7.031,10.938,16.500,0,0,44.055,OK,54
225,24.602,66.523,100,735,735,No,1,Inactive,96,74.510,00:07:49,1927.750,100,15.402,Active,98.931,1,Enabled,Disabled,Low,130.208,694.444,776.910,694.444,Inactive,13.820,8.444,8.504,6,16,-4.688,-9.375,Closed,0,0.922,0,0.906,Yes,OK,OK,84,OK,59.620,Inactive,5.469,10.156,20.500,0,0,39.367,OK,55
226,19.504,58.555,100,735,735,No,1,Inactive,96,70.196,00:07:49,1861,100,15.402,Active,98.931,1,Enabled,Disabled,Low,746.528,720.486,672.743,703.125,Inactive,13.770,7.467,7.317,6,22,-4.688,-9.375,Closed,0,0.922,0,0.906,Yes,OK,OK,78,OK,54.660,Inactive,0.781,3.906,22,0,0,37.102,OK,55
227,17.805,52.422,100,735,735,No,1,Inactive,96,65.098,00:07:50,1802.750,84.706,15.402,Active,98.931,1,Enabled,Disabled,Low,815.972,729.167,811.632,707.465,Inactive,13.820,7.046,7.016,6,28,-4.688,-8.594,Closed,0,0.922,0,0.906,Yes,OK,OK,72,OK,49.730,Inactive,-1.562,7.812,24,0,0,35.695,OK,56
228,15.148,46.508,100,735,735,No,1,Inactive,96,56.863,00:07:50,1761.250,76.078,15.402,Active,98.931,1,Enabled,Disabled,Low,750.868,755.208,785.590,733.507,Inactive,13.820,5.649,5.889,6,34,-4.688,-8.594,Closed,0,0.922,0,0.906,Yes,OK,OK,68,OK,41.880,Inactive,-3.906,2.344,26,0,0,33.703,OK,56
229,15.148,43.461,100,734,734,No,1,Inactive,96,57.647,00:07:51,1706.250,66.275,15.402,Active,98.931,1,Enabled,Disabled,Low,815.972,746.528,186.632,720.486,Inactive,13.746,5.784,6.085,6,36,-4.688,-8.594,Closed,0,0.922,0,0.906,Yes,OK,OK,64,OK,41.880,Inactive,-3.906,5.469,26,0,0,33.566,OK,57
230,15.148,42.945,100,734,734,No,1,Inactive,96,57.647,00:07:51,1696.750,65.098,15.402,Active,98.931,1,Enabled,Disabled,Low,134.549,742.188,802.951,742.188,Inactive,13.820,5.995,5.724,6,36,-4.688,-8.594,Closed,0,0.922,0,0.906,Yes,OK,OK,64,OK,40.390,Inactive,0,0,26.500,0,0,33.410,OK,56
231,26.438,59.438,100,734,734,No,1,Inactive,96,88.235,00:07:51,1751,88.235,15.402,Active,98.931,1,Enabled,Disabled,Low,177.951,724.826,412.326,737.847,Inactive,13.820,8.579,8.609,6,17,-4.688,-8.594,Closed,0,0.922,0,0.906,Yes,OK,OK,81,OK,64.540,Inactive,-5.469,3.906,18,0,0,39.953,OK,56
232,27.395,68.961,100,735,735,No,1,Inactive,96,82.353,00:07:52,1909.250,100,15.402,Active,98.931,1,Enabled,Disabled,Low,789.931,716.146,125.868,733.507,Inactive,13.795,9.059,8.714,6,13,-4.688,-8.594,Closed,0,0.922,0,0.906,Yes,OK,OK,88,OK,64.690,Inactive,3.906,3.906,19,0,0,41.652,OK,56
233,27.785,70.383,100,735,735,No,1,Inactive,96,82.353,00:07:52,1924.250,100,15.402,Active,98.931,1,Enabled,Disabled,Low,677.083,716.146,273.438,724.826,Inactive,13.820,8.969,8.879,6,12,-4.688,-8.594,Closed,0,0.922,0,0.906,Yes,OK,OK,88,OK,65.890,Inactive,2.344,-0.781,19,0,0,42.219,OK,57
234,24.934,62.508,100,735,735,No,1,Inactive,96,78.824,00:07:53,1812.250,100,15.402,Active,98.931,1,Enabled,Disabled,Low,703.125,711.806,672.743,729.167,Inactive,13.820,8.594,8.038,6,16,-4.688,-8.594,Closed,0,0.922,0,0.906,Yes,OK,OK,84,OK,59.230,Inactive,2.344,-0.781,20,0,0,39.660,OK,57
235,23.254,61.625,100,735,735,No,1,Inactive,96,77.647,00:07:53,1789,100,15.402,Active,98.931,1,Enabled,Disabled,Low,750.868,716.146,750.868,724.826,Inactive,13.820,8.519,8.489,6,16,-4.688,-8.594,Closed,0,0.922,0,0.906,Yes,OK,OK,84,OK,58.050,Inactive,1.562,5.469,19.500,0,0,38.957,OK,58
236,22.902,59.188,100,735,735,No,1,Inactive,96,76.863,00:07:53,1759,100,15.402,Active,98.931,1,Enabled,Disabled,Low,794.271,711.806,772.569,716.146,Inactive,13.820,8.173,8.083,6,17,-4.688,-8.594,Closed,0,0.922,0,0.906,Yes,OK,OK,82,OK,56.010,Inactive,1.562,4.688,20,0,0,38.527,OK,59
237,21.203,56.797,100,735,735,No,1,Inactive,96,71.373,00:07:54,1747.750,100,15.402,Active,98.931,1,Enabled,Disabled,Low,776.910,707.465,169.271,716.146,Inactive,13.795,7.828,7.737,6,20,-4.688,-8.594,Closed,0,0.922,0,0.906,Yes,OK,OK,80,OK,52.740,Inactive,0.781,3.906,21,0,0,37.258,OK,59
238,16.477,54.438,100,735,735,No,1,Inactive,96,55.294,00:07:54,1730.250,100,15.402,Active,98.931,1,Enabled,Disabled,Low,716.146,716.146,794.271,720.486,Inactive,13.820,7.362,6.866,6,22,-4.688,-8.594,Closed,0,0.922,0,0.906,Yes,OK,OK,69,OK,48.750,Inactive,-5.469,-2.344,21.500,0,0,35.832,OK,60
239,13.078,38.648,100,735,735,No,1,Inactive,96,55.686,00:07:55,1571.500,65.882,15.402,Active,98.931,1,Enabled,Disabled,Low,716.146,733.507,798.611,724.826,Inactive,13.895,5.319,5.619,6,38,-4.688,-8.594,Closed,0,0.922,0,0.906,Yes,OK,OK,61,OK,35.580,Inactive,0,3.125,26.500,0,0,31.848,OK,60
240,13.078,36.344,100,735,735,No,1,Inactive,96,56.471,00:07:55,1496.250,61.176,15.402,Active,98.931,1,Enabled,Disabled,Low,794.271,742.188,646.701,729.167,Inactive,13.895,5.679,5.288,6,39,-4.688,-8.594,Closed,0,0.922,0,0.906,Yes,OK,OK,61,OK,34.400,Inactive,0,-2.344,26,0,0,31.848,OK,60
241,17.316,37.125,100,735,735,No,1,Inactive,96,57.647,00:07:55,1490.250,60.784,15.402,Active,98.931,1,Enabled,Disabled,Low,173.611,742.188,781.250,729.167,Inactive,13.895,5.965,5.889,6,37,-4.688,-8.594,Closed,0,0.922,0,0.906,Yes,OK,OK,62,OK,37.920,Inactive,-7.031,1.562,25.500,0,0,33.566,OK,60
242,17.980,48.492,100,735,735,No,1,Inactive,95,67.451,00:07:56,1631,83.922,15.402,Active,98.931,1,Enabled,Disabled,Low,642.361,724.826,99.826,720.486,Inactive,13.870,6.731,6.986,6,26,-4.688,-8.594,Closed,0,0.922,0,0.906,Yes,OK,OK,74,OK,46.820,Inactive,0,3.125,21.500,0,0,35.266,OK,60
243,17.980,49.031,100,735,735,No,1,Inactive,95,69.020,00:07:56,1658.500,84.706,15.402,Active,98.931,1,Enabled,Disabled,Low,742.188,720.486,772.569,720.486,Inactive,13.870,6.701,7.001,6,27,-4.688,-8.594,Closed,0,0.922,0,0.906,Yes,OK,OK,73,OK,46.620,Inactive,-5.469,3.125,22.500,0,0,35.266,OK,60
244,17.883,46.023,100,734,734,No,1,Inactive,95,71.765,00:07:57,1525.750,85.490,15.402,Active,98.931,1,Enabled,Disabled,Low,781.250,737.847,755.208,724.826,Inactive,13.820,6.911,7.272,6,25,-4.688,-8.594,Closed,0,0.922,0,0.906,Yes,OK,OK,74,OK,46.020,Inactive,-0.781,3.125,20,0,0,35.402,OK,60
245,17.883,42.359,100,734,734,No,1,Inactive,95,76.471,00:07:57,1310.500,99.216,15.402,Active,98.931,1,Enabled,Disabled,Low,798.611,716.146,781.250,729.167,Inactive,13.820,7.858,7.362,6,19,-4.688,-8.594,Closed,0,0.922,0,0.906,Yes,OK,OK,80,OK,41.260,Inactive,-0.781,-3.125,13.500,0,0,35.266,OK,60
246,20.734,40.891,100,734,734,No,1,Inactive,95,85.882,00:07:57,1193.250,100,15.402,Active,98.931,1,Enabled,Disabled,Low,568.576,720.486,208.333,720.486,Inactive,13.795,8.128,8.519,6,14,-4.688,-8.594,Closed,0,0.922,0,0.906,Yes,OK,OK,85,OK,41.880,Inactive,-7.812,1.562,9,0,0,37.102,OK,60
247,21.340,42.023,100,734,734,No,1,Inactive,95,85.882,00:07:58,1159.750,100,15.402,Active,98.931,1,Enabled,Disabled,Low,690.104,729.167,811.632,729.167,Inactive,13.820,8.143,8.564,6,10,-5.469,-8.594,Closed,0,0.922,0,0.906,Yes,OK,OK,90,OK,39.760,Inactive,-1.562,-3.906,8,0,0,37.961,OK,60
248,24.348,41.664,100,734,734,No,1,Inactive,95,86.275,00:07:58,1142.250,100,15.402,Active,98.931,1,Enabled,Disabled,Low,377.604,703.125,299.479,724.826,Inactive,13.820,8.714,8.714,6,9,-5.469,-8.594,Closed,0,0.922,0,0.906,Yes,OK,OK,91,OK,40.150,Inactive,-0.781,1.562,8,0,0,38.957,OK,60
249,31.516,55.055,100,733,733,No,1,Inactive,95,89.804,00:07:59,1385.250,100,15.402,Active,98.931,1,Enabled,Disabled,Low,781.250,703.125,342.882,720.486,Inactive,13.820,8.894,8.729,6,5,-5.469,-8.594,Closed,0,0.922,0,0.906,Yes,OK,OK,95,OK,50.160,Inactive,-5.469,-3.906,10.500,0,0,44.777,OK,60
250,32.082,63.664,100,733,733,No,1,Inactive,95,91.373,00:07:59,1609.750,100,15.402,Active,98.931,1,Enabled,Disabled,Low,69.444,681.424,73.785,690.104,Inactive,13.845,9.946,9.916,6,6,-5.469,-8.594,Closed,0,0.922,0,0.906,Yes,OK,OK,94,OK,59.620,Inactive,2.344,6.250,5.500,0,0,45.617,OK,60
251,32.082,72.109,100,733,733,No,1,Inactive,95,87.843,00:07:59,1861.500,100,15.402,Active,98.931,1,Enabled,Disabled,Low,794.271,677.083,729.167,703.125,Inactive,13.795,10.051,8.879,6,7,-5.469,-8.594,Closed,0,0.922,0,0.906,Yes,OK,OK,92,OK,66.970,Inactive,7.812,8.594,12,0,0,45.754,OK,61
252,32.141,72.094,100,735,735,No,1,Inactive,95,87.843,00:08:00,1849.500,100,15.402,Active,98.931,1,Enabled,Disabled,Low,421.007,672.743,112.847,668.403,Inactive,13.795,9.781,9.886,6,7,-5.469,-8.594,Closed,0,0.922,0,0.906,Yes,OK,OK,93,OK,67.600,Inactive,4.688,7.031,12,0,0,45.910,OK,61
253,32.375,72.828,100,735,735,No,1,Inactive,95,87.451,00:08:00,1871,100,15.402,Active,98.931,1,Enabled,Disabled,Low,143.229,685.764,794.271,694.444,Inactive,13.795,9.751,9.059,6,7,-5.469,-8.594,Closed,0,0.922,0,0.906,Yes,OK,OK,93,OK,67.600,Inactive,-0.781,10.156,12,0,0,46.047,OK,62
254,42.238,78.836,100,737,737,No,1,Inactive,95,90.980,00:08:01,1927.250,100,15.402,Active,98.931,1,Enabled,Disabled,Low,143.229,664.062,798.611,685.764,Inactive,13.795,10.367,10.667,6,3,-5.469,-7.812,Closed,0,0.922,0,0.906,Yes,OK,OK,96,OK,71.850,Inactive,5.469,10.938,4,0,0,55.422,OK,62
255,42.141,85.305,100,737,737,No,1,Inactive,95,90.980,00:08:01,2082.750,100,15.402,Active,98.931,1,Enabled,Disabled,Low,746.528,694.444,134.549,677.083,Inactive,13.795,9.976,10.472,6,4,-4.688,-7.812,Closed,0,0.922,0,0.906,Yes,OK,OK,96,OK,79.560,Inactive,7.031,12.500,12.500,0,0,55.559,OK,62
256,40.168,85.820,100,740,740,No,1,Inactive,95,90.980,00:08:02,2104.500,100,15.402,Active,98.931,1,Enabled,Disabled,Low,698.785,690.104,794.271,690.104,Inactive,13.770,10.517,9.826,6,4,-4.688,-7.812,Closed,0,0.922,0,0.906,Yes,OK,OK,96,OK,80.350,Inactive,7.812,12.500,13,0,0,53.293,OK,63
257,39.074,85.320,100,740,740,No,1,Inactive,95,89.412,00:08:02,2108.250,100,15.402,Active,98.931,1,Enabled,Disabled,Low,750.868,690.104,742.188,685.764,Inactive,13.770,10.397,10.231,6,5,-3.906,-7.812,Closed,0,0.922,0,0.906,Yes,OK,OK,95,OK,79.560,Inactive,7.031,9.375,13.500,0,0,52.004,OK,64
258,38.742,85.250,100,740,740,No,1,Inactive,95,89.020,00:08:02,2110,100,15.402,Active,98.931,1,Enabled,Disabled,Low,516.493,681.424,750.868,685.764,Inactive,13.746,10.487,10.382,6,5,-3.906,-7.812,Closed,0,0.922,0,0.906,Yes,OK,OK,95,OK,79.750,Inactive,7.031,10.156,14,0,0,51.730,OK,65
259,37.785,85.508,100,743,743,No,1,Inactive,95,89.412,00:08:03,2117.250,24.706,15.402,Active,98.931,9,Enabled,Disabled,Low,243.056,685.764,125.868,677.083,Inactive,13.770,10.532,10.442,6,5,-3.906,-7.031,Closed,0,0.922,0,0.906,Yes,OK,OK,95,OK,80.140,Inactive,7.031,10.156,14,0,0,51.164,OK,66
260,36.438,85.789,100,743,743,No,1,Inactive,95,87.843,00:08:03,2149,0,15.402,Active,98.931,9,Disabled,Disabled,Low,737.847,729.167,820.312,720.486,Inactive,13.770,10.412,10.652,6,6,2.344,1.562,Closed,0,0.922,0,0.906,Yes,OK,OK,94,OK,78.590,Inactive,1.562,4.688,15,0,0,49.875,OK,67
261,33.723,85.141,100,747,747,No,1,Inactive,95,83.922,00:08:04,2149.750,0,15.402,Active,98.931,9,Disabled,Disabled,Low,811.632,729.167,464.410,746.528,Inactive,13.770,10.111,9.706,6,7,2.344,1.562,Closed,0,0.922,0,0.906,Yes,OK,OK,92,OK,77.630,Inactive,0,7.031,16,0,0,48.176,OK,68
262,29.875,80.805,100,747,747,No,1,Inactive,95,74.510,00:08:04,2123,0,15.402,Active,98.931,9,Disabled,Disabled,Low,199.653,711.806,781.250,768.229,Inactive,13.770,10.111,9.781,6,10,2.344,1.562,Closed,0,0.922,0,0.906,Yes,OK,OK,85,OK,74.810,Inactive,4.688,-3.125,17,0,0,45.051,OK,68
263,22.570,67.242,100,747,747,No,1,Inactive,95,69.412,00:08:05,2020.750,0,15.402,Active,98.931,9,Disabled,Disabled,Low,221.354,716.146,807.292,763.889,Inactive,13.770,8.474,8.444,6,23,2.344,1.562,Closed,0,0.922,0,0.906,Yes,OK,OK,78,OK,55.890,Inactive,-1.562,4.688,22,0,0,38.801,OK,68
264,19.543,60.188,100,747,747,No,1,Inactive,95,68.235,00:08:05,1975.250,0,15.402,Active,98.931,9,Disabled,Disabled,Low,186.632,729.167,668.403,772.569,Inactive,13.770,7.963,7.527,6,25,2.344,1.562,Closed,0,0.922,0,0.906,Yes,OK,OK,74,OK,56.510,Inactive,-2.344,-6.250,22,0,0,37.102,OK,69
265,17.492,57.320,100,747,747,No,1,Inactive,95,65.098,00:08:05,1956.750,0,15.402,Active,98.931,9,Disabled,Disabled,Low,733.507,737.847,798.611,763.889,Inactive,13.770,6.971,7.347,6,28,2.344,1.562,Closed,0,0.922,0,0.906,Yes,OK,OK,72,OK,53.690,Inactive,-3.125,2.344,22.500,0,0,36.105,OK,69
266,17.160,53.008,100,747,747,No,1,Inactive,95,62.353,00:08:06,1908,0,15.402,Active,98.931,9,Disabled,Disabled,Low,694.444,724.826,525.174,763.889,Inactive,13.770,6.731,6.656,6,32,2.344,1.562,Closed,0,0.922,0,0.906,Yes,OK,OK,69,OK,49.620,Inactive,-3.906,-3.906,24,0,0,35.539,OK,69
267,17.102,49.898,100,747,747,No,1,Inactive,95,65.490,00:08:06,1740.500,0,15.402,Active,98.931,9,Disabled,Disabled,Low,802.951,733.507,824.653,763.889,Inactive,13.770,7.257,7.212,6,29,2.344,1.562,Closed,0,0.922,0,0.906,Yes,OK,OK,71,OK,48.970,Inactive,-4.688,-3.906,22,0,0,35.539,OK,69
268,16.828,48.531,100,747,747,No,1,Inactive,95,67.451,00:08:06,1673.500,0,15.402,Active,98.931,9,Disabled,Disabled,Low,138.889,729.167,169.271,763.889,Inactive,13.770,7.497,7.452,6,29,2.344,1.562,Closed,0,0.922,0,0.906,Yes,OK,OK,71,OK,46.620,Inactive,-0.781,0,21.500,0,0,35.109,OK,69
269,15.461,47.281,100,747,747,No,1,Inactive,95,62.745,00:08:07,1681.500,0,15.402,Active,98.931,9,Disabled,Disabled,Low,182.292,742.188,785.590,763.889,Inactive,13.845,7.031,6.611,6,31,2.344,1.562,Closed,0,0.922,0,0.906,Yes,OK,OK,70,OK,43.840,Inactive,-6.250,-5.469,23.500,0,0,34.406,OK,69
270,15.168,44.414,100,747,747,No,1,Inactive,95,62.353,00:08:07,1642.250,0,15.402,Active,98.931,9,Disabled,Disabled,Low,269.097,742.188,746.528,759.549,Inactive,13.845,6.430,6.716,6,33,2.344,1.562,Closed,0,0.922,0,0.906,Yes,OK,OK,67,OK,41.880,Inactive,-6.250,-0.781,24,0,0,33.977,OK,69
271,14.426,43.586,100,747,747,No,1,Inactive,95,61.176,00:08:08,1638.500,0,15.402,Active,98.931,9,Disabled,Disabled,Low,789.931,733.507,164.931,755.208,Inactive,13.845,6.265,6.550,6,34,2.344,1.562,Closed,0,0.922,0,0.906,Yes,OK,OK,66,OK,40.390,Inactive,-6.250,-0.781,24.500,0,0,33.410,OK,70
272,13.078,37.266,100,747,747,No,1,Inactive,95,54.118,00:08:08,1561.750,0,15.402,Active,98.931,9,Disabled,Disabled,Low,724.826,733.507,694.444,759.549,Inactive,13.845,5.799,5.454,6,41,2.344,1.562,Closed,0,0.922,0,0.906,Yes,OK,OK,59,OK,34.460,Inactive,-7.031,0,26.500,0,0,32.004,OK,71
273,11.359,33.883,100,747,747,No,1,Inactive,95,50.980,00:08:08,1549.750,0,22.853,Active,98.931,9,Disabled,Disabled,Low,746.528,742.188,794.271,755.208,Inactive,13.845,5.559,5.544,6,43,2.344,1.562,Closed,0,0.922,0,0.906,Yes,OK,OK,57,OK,32.190,Inactive,-0.781,0,28,0,0,30.715,OK,72
274,10.715,30.812,100,746,746,No,1,Inactive,95,52.941,00:08:09,1420,53.333,22.853,Active,98.931,1,Enabled,Disabled,Low,117.188,707.465,60.764,755.208,Inactive,13.820,5.379,5.213,6,43,-3.906,-7.031,Closed,0,0.922,0,0.906,Yes,OK,OK,56,OK,31.360,Inactive,-0.781,0,27.500,0,0,30.285,OK,72
275,10.344,29.383,100,746,746,No,1,Inactive,95,50.980,00:08:09,1355.250,52.157,22.853,Active,98.931,1,Enabled,Disabled,Low,807.292,755.208,837.674,755.208,Inactive,13.820,5.018,5.213,6,43,-3.906,-7.031,Closed,0,0.922,0,0.906,Yes,OK,OK,57,OK,28.200,Inactive,-6.250,1.562,27.500,0,0,29.719,OK,73
276,10.031,29.406,100,745,745,No,1,Inactive,95,50.980,00:08:10,1349,52.549,22.853,Active,98.539,1,Enabled,Disabled,Low,677.083,742.188,781.250,763.889,Inactive,13.845,4.718,4.853,6,43,-3.906,-7.031,Closed,0,0.922,0,0.906,Yes,OK,OK,57,OK,28.360,Inactive,-10.938,-5.469,27.500,0,0,29.582,OK,72
277,10.031,29.141,100,745,745,No,1,Inactive,95,51.373,00:08:10,1314.500,52.549,22.853,Active,98.539,0,Enabled,Disabled,Low,820.312,742.188,464.410,759.549,Inactive,13.820,4.703,4.132,6,42,-19.531,-21.094,Closed,0,0.922,0,0.906,Yes,OK,OK,58,OK,27.580,Inactive,-8.594,-1.562,27,0,0,29.582,OK,72
278,10.031,28.625,100,744,744,No,1,Inactive,95,50.980,00:08:11,1324.500,52.157,22.853,Active,98.539,0,Enabled,Disabled,Low,43.403,750.868,52.083,759.549,Inactive,13.845,4.492,4.567,6,43,-19.531,-21.094,Closed,0,0.922,0,0.906,Yes,OK,OK,57,OK,27.680,Inactive,0,3.906,27.500,0,0,30.012,OK,72
279,17.004,41.023,100,744,744,No,1,Inactive,95,71.765,00:08:11,1410,75.294,22.853,Active,98.931,1,Enabled,Disabled,Low,855.035,724.826,846.354,746.528,Inactive,13.820,7.782,7.602,6,27,-3.906,-7.031,Closed,0,0.922,0,0.906,Yes,OK,OK,72,OK,41.260,Inactive,6.250,6.250,21,0,0,34.270,OK,72
280,17.316,43.367,100,744,744,No,1,Inactive,95,72.941,00:08:11,1405.250,94.118,22.853,Active,98.931,1,Enabled,Disabled,Low,772.569,724.826,807.292,755.208,Inactive,13.820,7.347,7.287,6,22,-3.906,-7.031,Closed,0,0.922,0,0.906,Yes,OK,OK,77,OK,41.100,Inactive,-4.688,-3.125,15.500,0,0,34.973,OK,72
281,17.316,43.117,100,744,744,No,1,Inactive,95,72.549,00:08:12,1380,99.608,22.853,Active,98.931,1,Enabled,Disabled,Low,781.250,711.806,186.632,759.549,Inactive,13.795,7.722,7.527,6,21,-3.906,-7.031,Closed,0,0.922,0,0.906,Yes,OK,OK,78,OK,41.020,Inactive,-0.781,-9.375,15.500,0,0,34.973,OK,72
282,17.141,42.555,100,744,744,No,1,Inactive,95,72.549,00:08:12,1359.750,100,22.853,Active,98.931,1,Enabled,Disabled,Low,720.486,729.167,802.951,763.889,Inactive,13.820,7.106,7.467,6,21,-3.906,-7.031,Closed,0,0.922,0,0.906,Yes,OK,OK,79,OK,40.230,Inactive,-7.031,0,15.500,0,0,34.973,OK,72
283,15.480,40.805,100,743,743,No,1,Inactive,95,69.020,00:08:13,1333.500,97.255,22.853,Active,98.931,1,Enabled,Disabled,Low,742.188,733.507,238.715,763.889,Inactive,13.845,7.242,7.121,6,23,-4.688,-7.031,Closed,0,0.922,0,0.906,Yes,OK,OK,77,OK,38,Inactive,-2.344,-0.781,16.500,0,0,33.840,OK,72
284,14.445,38.328,100,743,743,No,1,Inactive,95,65.490,00:08:13,1320.500,85.882,22.853,Active,98.931,1,Enabled,Disabled,Low,651.042,729.167,794.271,768.229,Inactive,13.820,6.746,6.295,6,27,-4.688,-7.031,Closed,0,0.922,0,0.906,Yes,OK,OK,74,OK,34.150,Inactive,-2.344,-6.250,19,0,0,32.707,OK,71
285,14.426,36.867,100,743,743,No,1,Inactive,95,66.275,00:08:14,1283.250,81.569,22.853,Active,98.931,1,Enabled,Disabled,Low,733.507,742.188,186.632,768.229,Inactive,13.820,6.325,6.550,6,27,-4.688,-7.031,Closed,0,0.922,0,0.906,Yes,OK,OK,73,OK,35.510,Inactive,-3.125,-1.562,18.500,0,0,32.707,OK,70
286,19.016,42.344,100,743,743,No,1,Inactive,95,84.314,00:08:14,1337.500,90.980,22.853,Active,98.931,1,Enabled,Disabled,Low,750.868,711.806,772.569,763.889,Inactive,13.795,7.692,7.121,6,20,-4.688,-7.031,Closed,0,0.922,0,0.906,Yes,OK,OK,83,OK,42.400,Inactive,-8.594,-1.562,15.500,0,0,35.832,OK,70
287,20.715,45.742,100,743,743,No,1,Inactive,95,80.784,00:08:14,1328.500,100,22.853,Active,98.931,1,Enabled,Disabled,Low,720.486,716.146,737.847,755.208,Inactive,13.820,8.308,8.263,6,14,-5.469,-7.031,Closed,0,0.922,0,0.906,Yes,OK,OK,85,OK,43.750,Inactive,-3.125,-1.562,11,0,0,37.258,OK,70
288,17.883,43.266,100,742,742,No,1,Inactive,95,76.078,00:08:15,1284.250,100,22.853,Active,98.931,1,Enabled,Disabled,Low,91.146,729.167,112.847,755.208,Inactive,13.845,7.933,7.903,6,16,-5.469,-7.812,Closed,0,0.922,0,0.906,Yes,OK,OK,84,OK,39.840,Inactive,-3.125,-1.562,11.500,0,0,35.539,OK,70
289,15.129,41.305,100,742,742,No,1,Inactive,95,70.980,00:08:15,1309.750,100,22.853,Active,98.931,1,Enabled,Disabled,Low,772.569,733.507,772.569,746.528,Inactive,13.820,7.362,7.377,6,21,-5.469,-7.812,Closed,0,0.922,0,0.906,Yes,OK,OK,80,OK,35.580,Inactive,1.562,2.344,16.500,0,0,33.566,OK,71
290,14.445,38.203,100,742,742,No,1,Inactive,95,65.490,00:08:15,1318.750,86.667,22.853,Active,98.931,1,Enabled,Disabled,Low,755.208,716.146,707.465,746.528,Inactive,13.845,6.821,6.355,6,26,-5.469,-7.812,Closed,0,0.922,0,0.906,Yes,OK,OK,74,OK,34.970,Inactive,-0.781,-5.469,20.500,0,0,33.137,OK,71
291,12.375,33.711,100,742,742,No,1,Inactive,95,57.255,00:08:16,1267.500,72.157,22.853,Active,98.931,1,Enabled,Disabled,Low,677.083,724.826,811.632,746.528,Inactive,13.820,5.694,5.965,6,33,-6.250,-7.812,Closed,0,0.922,0,0.906,Yes,OK,OK,66,OK,29.150,Inactive,-8.594,-6.250,22.500,0,0,30.578,OK,71
292,12.375,33.055,100,742,742,No,1,Inactive,95,56.471,00:08:16,1307,61.176,22.853,Active,98.931,1,Enabled,Disabled,Low,260.417,729.167,460.069,746.528,Inactive,13.820,5.694,5.303,6,36,-6.250,-7.812,Closed,0,0.922,0,0.906,Yes,OK,OK,65,OK,30.160,Inactive,-2.344,-6.250,24,0,0,30.578,OK,71
293,9.016,30.445,100,741,741,No,1,Inactive,95,50.196,00:08:17,1300.250,57.647,22.853,Active,98.931,0,Enabled,Disabled,Low,659.722,729.167,811.632,746.528,Inactive,13.845,4.072,4.372,6,40,-6.250,-7.812,Closed,0,0.922,0,0.906,Yes,OK,OK,61,OK,25.900,Inactive,-7.812,-0.781,26,0,0,28.312,OK,71
294,8.996,26.594,100,741,741,No,1,Inactive,95,44.706,00:08:17,1329.750,50.196,22.853,Active,98.931,0,Enabled,Disabled,Low,34.722,737.847,43.403,750.868,Inactive,13.845,3.771,3.756,6,46,-19.531,-21.094,Closed,0,0.922,0,0.906,Yes,OK,OK,54,OK,23.870,Inactive,-1.562,-0.781,30,0,0,28.156,OK,71
295,8.664,24.789,100,741,741,No,1,Inactive,95,42.353,00:08:17,1336.750,48.627,22.853,Active,98.931,0,Enabled,Disabled,Low,43.403,724.826,52.083,742.188,Inactive,13.845,3.801,3.756,6,50,-19.531,-21.094,Closed,0,0.922,0,0.906,Yes,OK,OK,51,OK,22.970,Inactive,3.906,4.688,32,0,0,27.746,OK,70
296,8.664,23.727,100,740,740,No,1,Inactive,96,42.745,00:08:18,1323.750,48.627,22.853,Active,98.931,0,Enabled,Disabled,Low,99.826,711.806,247.396,737.847,Inactive,13.770,3.891,3.921,6,51,-19.531,-21.094,Closed,0,0.922,0,0.906,Yes,OK,OK,49,OK,22.810,Inactive,6.250,7.812,32,0,0,27.590,OK,69
297,8.645,23.422,100,740,740,No,1,Inactive,96,43.137,00:08:18,1302.500,48.627,22.853,Active,98.931,0,Enabled,Disabled,Low,759.549,716.146,772.569,733.507,Inactive,13.770,4.087,3.576,6,51,-19.531,-21.094,Closed,0,0.922,0,0.906,Yes,OK,OK,49,OK,22.930,Inactive,7.812,7.812,31,0,0,27.590,OK,69
298,7.316,21.555,100,739,739,No,1,Inactive,96,38.039,00:08:19,1261.750,47.843,22.853,Active,98.931,0,Enabled,Disabled,Low,108.507,707.465,56.424,729.167,Inactive,13.795,3.546,3.501,6,53,-19.531,-21.094,Closed,0,0.922,0,0.906,Yes,OK,OK,46,OK,20.060,Inactive,3.125,4.688,33,0,0,26.457,OK,68
299,5.949,19.805,100,739,739,No,1,Inactive,96,35.686,00:08:19,1272.750,46.667,22.853,Active,98.931,0,Enabled,Disabled,Low,95.486,716.146,468.750,724.826,Inactive,13.770,3.260,3.305,6,56,-19.531,-21.094,Closed,0,0.922,0,0.906,Yes,OK,OK,44,OK,18.140,Inactive,4.688,8.594,35.500,0,0,25.754,OK,67
300,5.285,17.414,100,739,739,No,1,Inactive,96,31.373,00:08:19,1254.750,45.098,22.853,Active,98.931,0,Enabled,Disabled,Low,811.632,720.486,802.951,724.826,Inactive,13.795,3.005,2.674,6,60,-19.531,-21.094,Closed,0,0.922,0,0.906,Yes,OK,OK,40,OK,16.090,Inactive,8.594,8.594,38.500,0,0,24.758,OK,67
301,3.918,15.789,100,738,738,No,1,Inactive,96,27.843,00:08:20,1216.750,43.529,22.853,Active,98.931,0,Enabled,Disabled,Low,625,711.806,143.229,724.826,Inactive,13.795,2.554,2.689,6,62,-19.531,-20.312,Closed,0,0.922,0,0.906,Yes,OK,OK,37,OK,13.680,Inactive,3.906,5.469,41.500,0,0,23.898,OK,66
302,0.500,14.391,100,738,738,No,1,Inactive,96,25.882,00:08:20,1217.500,40.392,22.853,Active,98.931,7,Enabled,Disabled,Low,781.250,720.486,768.229,720.486,Inactive,13.746,2.359,2.359,6,65,-19.531,-20.312,Closed,0,0.922,0,0.906,Yes,OK,OK,36,OK,12.580,Inactive,3.906,5.469,43.500,0,0,21.633,OK,66
303,0.500,9.211,100,737,737,No,1,Inactive,96,17.647,00:08:21,1182.750,45.882,22.853,Active,98.931,7,Enabled,Disabled,Low,151.910,659.722,789.931,729.167,Inactive,13.770,3.441,3.035,6,57,-19.531,-21.094,Closed,0,0.922,0,0.906,Yes,OK,OK,44,OK,8.170,Inactive,3.906,0.781,28,0,0,19.641,OK,66
304,0.500,8.773,100,737,737,No,1,Inactive,96,17.255,00:08:21,1195,20.392,22.853,Active,98.931,7,Enabled,Disabled,Low,815.972,668.403,590.278,724.826,Inactive,13.770,3.350,2.719,6,59,-19.531,-21.094,Closed,0,0.922,0,0.906,Yes,OK,OK,42,OK,8.160,Inactive,3.906,-3.125,17,0,0,19.504,OK,66
305,0.500,7.961,100,737,737,No,1,Inactive,96,14.118,00:08:21,1185,17.255,22.853,Active,98.931,7,Enabled,Disabled,Low,824.653,664.062,759.549,729.167,Inactive,13.770,2.825,2.479,6,62,-19.531,-21.094,Closed,0,0.922,0,0.906,Yes,OK,OK,38,OK,6.580,Inactive,-0.781,3.906,21.500,0,0,18.078,OK,65
306,0.500,7.172,100,737,737,No,1,Inactive,96,12.157,00:08:22,1166.250,16.078,22.853,Active,98.931,7,Enabled,Disabled,Low,737.847,655.382,208.333,729.167,Inactive,13.770,2.479,2.359,6,65,-19.531,-21.094,Closed,0,0.922,0,0.906,Yes,OK,OK,35,OK,5.680,Inactive,-1.562,-0.781,26.500,0,0,15.676,OK,65
307,0.500,6.570,100,737,737,No,1,Inactive,96,11.373,00:08:22,1155,14.902,22.853,Active,98.931,7,Enabled,Disabled,Low,499.132,677.083,785.590,724.826,Inactive,13.770,2.103,2.088,6,68,-19.531,-21.094,Closed,0,0.922,0,0.906,Yes,OK,OK,33,OK,5.460,Inactive,-5.469,3.906,30.500,0,0,16.535,OK,64
308,0.500,6.148,100,736,736,No,1,Inactive,96,11.765,00:08:23,1131,14.118,22.853,Active,98.931,7,Enabled,Disabled,Low,82.465,664.062,750.868,724.826,Inactive,13.770,2.239,1.923,6,69,-19.531,-21.094,Closed,0,0.922,0,0.906,Yes,OK,OK,31,OK,5.440,Inactive,1.562,-0.781,31,0,0,16.535,OK,64
309,0.500,5.875,100,736,736,No,1,Inactive,96,12.157,00:08:23,1110.500,14.118,22.853,Active,98.931,7,Enabled,Disabled,Low,798.611,659.722,633.681,724.826,Inactive,13.746,2.254,1.863,6,70,-19.531,-21.094,Closed,0,0.922,0,0.906,Yes,OK,OK,30,OK,5.370,Inactive,2.344,-2.344,30.500,0,0,16.379,OK,62
310,0.500,5.711,100,736,736,No,1,Inactive,96,11.765,00:08:23,1088,13.333,22.853,Active,98.931,7,Enabled,Disabled,Low,837.674,664.062,416.667,729.167,Inactive,13.770,2.133,1.878,6,70,-19.531,-21.094,Closed,0,0.922,0,0.906,Yes,OK,OK,30,OK,5.370,Inactive,-2.344,-2.344,29.500,0,0,16.242,OK,61
311,0.500,5.633,100,735,735,No,1,Inactive,96,12.549,00:08:24,1079.750,13.333,22.853,Active,98.931,7,Enabled,Disabled,Low,824.653,651.042,807.292,724.826,Inactive,13.746,2.118,1.893,6,70,-19.531,-21.094,Closed,0,0.922,0,0.906,Yes,OK,OK,30,OK,5.250,Inactive,-4.688,-2.344,29.500,0,0,16.242,OK,61
312,0.500,5.484,100,735,735,No,1,Inactive,96,11.765,00:08:24,1047.250,13.333,22.853,Active,98.931,7,Enabled,Disabled,Low,820.312,659.722,781.250,729.167,Inactive,13.770,2.013,1.878,6,70,-19.531,-21.094,Closed,0,0.922,0,0.906,Yes,OK,OK,30,OK,5.160,Inactive,-8.594,-3.125,28.500,0,0,15.812,OK,60
313,0.500,5.305,100,734,734,No,1,Inactive,96,12.549,00:08:25,1027.500,13.333,22.853,Active,98.931,7,Enabled,Disabled,Low,772.569,659.722,542.535,724.826,Inactive,13.770,1.968,1.803,6,70,-19.531,-21.094,Closed,0,0.922,0,0.906,Yes,OK,OK,30,OK,5.230,Inactive,-10.156,-7.031,28,0,0,15.812,OK,59
314,0.500,5.273,100,734,734,No,1,Inactive,96,12.549,00:08:25,1017,13.333,22.853,Active,98.931,7,Enabled,Disabled,Low,768.229,672.743,772.569,729.167,Inactive,13.746,1.938,2.028,6,70,-19.531,-21.094,Closed,0,0.922,0,0.906,Yes,OK,OK,30,OK,5.080,Inactive,-10.938,0.781,27.500,0,0,15.812,OK,58
315,0.500,5.164,100,733,733,No,1,Inactive,96,12.941,00:08:26,995.750,13.333,22.853,Active,98.931,7,Enabled,Disabled,Low,720.486,655.382,811.632,729.167,Inactive,13.746,1.953,1.953,6,69,-20.312,-21.094,Closed,0,0.922,0,0.906,Yes,Fault,OK,30,OK,5.060,Inactive,-11.719,-3.906,27,0,0,15.969,OK,56
316,0.500,5.055,100,733,733,No,1,Inactive,96,12.941,00:08:26,967.250,13.333,22.853,Active,98.931,7,Enabled,Disabled,Low,464.410,659.722,802.951,720.486,Inactive,13.746,1.938,1.968,6,69,-21.094,-21.094,Closed,0,0.922,0,0.906,Yes,Fault,OK,31,OK,5.150,Inactive,-13.281,-4.688,27,0,0,15.812,OK,55
317,0.500,5.047,100,733,733,No,1,Inactive,96,13.333,00:08:26,958.250,13.333,22.853,Active,98.931,7,Enabled,Disabled,Low,151.910,655.382,776.910,720.486,Inactive,13.746,2.239,1.908,6,69,-21.094,-21.094,Closed,0,0.922,0,0.906,Yes,Fault,OK,31,OK,5.080,Inactive,-3.906,-8.594,26.500,0,0,15.812,OK,53
318,0.500,4.891,100,732,732,No,1,Inactive,96,13.725,00:08:27,915.250,13.333,22.853,Active,98.931,7,Enabled,Disabled,Low,833.333,659.722,368.924,720.486,Inactive,13.746,2.314,1.908,6,68,-21.094,-21.094,Closed,0,0.922,0,0.906,Yes,Fault,OK,32,OK,5.160,Inactive,-3.906,-10.938,25.500,0,0,15.676,OK,51
319,0.500,4.805,100,732,732,No,1,Inactive,96,14.118,00:08:27,877.500,13.333,22.853,Active,98.931,7,Enabled,Disabled,Low,842.014,664.062,711.806,720.486,Inactive,13.720,2.239,2.239,6,67,-21.094,-21.094,Closed,0,0.922,0,0.906,Yes,Fault,OK,33,OK,5.140,Inactive,-8.594,-1.562,24,0,0,15.676,OK,49
320,0.500,4.648,100,731,731,No,1,Inactive,96,14.902,00:08:28,832.250,12.941,22.853,Active,98.931,7,Enabled,Disabled,Low,828.993,655.382,837.674,720.486,Inactive,13.746,2.299,2.178,6,67,-22.656,-22.656,Closed,0,0.922,0,0.906,Yes,Fault,OK,34,OK,5.170,Inactive,-10.156,-6.250,22,0,0,15.539,OK,46
321,0.500,4.578,100,731,731,No,1,Inactive,96,14.902,00:08:28,791,12.941,22.853,Active,98.931,7,Enabled,Disabled,Low,807.292,651.042,811.632,720.486,Inactive,13.746,2.209,2.194,6,66,-23.438,-23.438,Closed,0,0.922,0,0.906,Yes,Fault,OK,35,OK,5.060,Inactive,-13.281,-7.031,20.500,0,0,15.383,OK,44
322,0.500,4.398,100,731,731,No,1,Inactive,96,15.294,00:08:28,738.500,12.941,22.853,Active,98.931,7,Enabled,Disabled,Low,629.340,638.021,798.611,720.486,Inactive,13.746,2.194,2.148,6,64,-24.219,-24.219,Closed,0,0.922,0,0.906,Yes,Fault,OK,36,OK,4.970,Inactive,-6.250,-11.719,16.500,0,0,15.246,OK,41
323,0.500,4.289,100,730,730,No,1,Inactive,96,15.294,00:08:29,693.750,12.549,22.853,Active,98.931,7,Enabled,Disabled,Low,73.785,655.382,646.701,720.486,Inactive,13.720,2.689,2.178,6,62,-24.219,-25,Closed,0,0.922,0,0.906,Yes,Fault,OK,38,OK,5.110,Inactive,-6.250,-13.281,17,0,0,15.539,OK,38
324,0.500,4.266,100,730,730,No,1,Inactive,96,16.078,00:08:29,652.750,12.549,22.853,Active,98.931,7,Enabled,Disabled,Low,789.931,672.743,60.764,720.486,Inactive,13.696,2.855,2.614,6,60,-24.219,-25,Closed,0,0.922,0,0.906,Yes,Fault,OK,40,OK,4.970,Inactive,-5.469,-4.688,17.500,0,0,15.539,OK,35
325,0.500,4.234,100,729,729,No,1,Inactive,96,16.078,00:08:30,612.500,12.549,22.853,Active,98.931,7,Enabled,Disabled,Low,807.292,685.764,82.465,720.486,Inactive,13.770,3.005,2.734,6,58,-24.219,-25,Closed,0,0.922,0,0.906,Yes,Fault,OK,41,OK,5.110,Inactive,-5.469,-3.906,18.500,0,0,15.676,OK,32
326,0.500,3.492,100,729,729,No,1,Inactive,96,17.647,00:08:30,533.250,11.765,22.853,Active,98.931,7,Enabled,Disabled,Low,581.597,711.806,117.188,720.486,Inactive,13.820,2.224,2.389,6,61,-26.562,-25,Closed,0,0.922,0,0.906,Yes,Fault,OK,38,OK,5.640,Inactive,-10.938,0,11,0,0,16.809,OK,28
327,0.500,5.859,100,729,729,No,1,Inactive,96,18.431,00:08:30,532.750,15.294,22.853,Active,98.931,7,Enabled,Disabled,Low,238.715,711.806,629.340,720.486,Inactive,13.845,1.863,2.224,6,63,-26.562,-25,Closed,0,0.922,0,0.906,Yes,Fault,OK,38,OK,5.690,Inactive,-11.719,1.562,18.500,0,0,17.102,OK,27
328,0.500,5.469,100,728,728,No,1,Inactive,96,18.824,00:08:31,494.750,14.510,22.853,Active,98.931,7,Enabled,Disabled,Low,30.382,703.125,603.299,720.486,Inactive,13.795,2.088,2.043,6,62,-26.562,-26.562,Closed,0,0.922,0,0.906,Yes,Fault,OK,38,OK,6.120,Inactive,-6.250,-7.031,28.500,0,0,17.668,OK,25
329,0.500,6.289,100,728,728,No,1,Inactive,96,20.392,00:08:31,614.250,15.294,22.853,Active,98.931,7,Enabled,Disabled,Low,34.722,716.146,52.083,716.146,Inactive,13.820,2.239,2.284,6,61,-26.562,-26.562,Closed,0,0.922,0,0.906,Yes,Fault,OK,39,OK,6.530,Inactive,-2.344,-2.344,19,0,0,18.078,OK,24
330,5.793,7.211,100,726,726,No,1,Inactive,96,22.353,00:08:32,623.500,16.863,22.853,Active,98.931,7,Enabled,Disabled,Low,30.382,711.806,43.403,716.146,Inactive,13.820,2.449,2.434,6,62,-26.562,-26.562,Closed,0,0.922,0,0.906,Yes,Fault,OK,38,OK,8.110,Inactive,-1.562,-1.562,19,0,0,21.066,OK,23
331,14.289,15.008,100,726,726,No,1,Inactive,96,56.471,00:08:32,864,34.118,22.853,Active,98.931,0,Enabled,Disabled,Low,60.764,694.444,43.403,716.146,Inactive,13.845,4.612,4.342,6,48,-19.531,-20.312,Closed,0,0.922,0,0.906,Yes,Fault,OK,51,OK,19.050,Inactive,7.031,2.344,20,0,0,27.316,OK,23
332,18.332,29.562,100,726,726,No,1,Inactive,96,70.588,00:08:32,1221.750,56.863,22.853,Active,98.931,0,Enabled,Disabled,Low,768.229,677.083,69.444,703.125,Inactive,13.820,6.160,6.010,6,34,-6.250,-7.812,Closed,0,0.922,0,0.906,Yes,Fault,OK,72,OK,31.830,Inactive,-3.125,7.031,8,0,0,31.848,OK,24
333,21.691,44.703,100,726,726,No,1,Inactive,96,69.020,00:08:33,1616.750,82.353,22.853,Active,98.931,1,Enabled,Disabled,Low,755.208,677.083,855.035,694.444,Inactive,13.820,6.881,7.662,6,27,-6.250,-7.812,Closed,0,0.922,0,0.906,Yes,Fault,OK,73,OK,45.240,Inactive,-3.906,7.031,22,0,0,35.402,OK,26
334,21.730,46.281,100,726,726,No,1,Inactive,96,67.843,00:08:33,1687.750,84.314,22.853,Active,98.931,1,Enabled,Disabled,Low,811.632,685.764,664.062,703.125,Inactive,13.845,7.257,6.701,6,27,-6.250,-7.812,Closed,0,0.922,0,0.906,Yes,Fault,OK,73,OK,47.220,Inactive,1.562,1.562,23,0,0,35.402,OK,28
335,21.730,47.031,100,726,726,No,1,Inactive,96,67.451,00:08:34,1711,83.922,22.853,Active,98.931,1,Enabled,Disabled,Low,512.153,690.104,789.931,707.465,Inactive,13.845,6.821,7.166,6,28,-6.250,-7.812,Closed,0,0.922,0,0.906,Yes,Fault,OK,73,OK,48.330,Inactive,0.781,-3.906,23,0,0,35.402,OK,30
336,22.375,48.938,100,726,726,No,1,Inactive,96,70.980,00:08:34,1726,83.922,22.853,Active,98.931,1,Enabled,Disabled,Low,820.312,690.104,164.931,716.146,Inactive,13.820,7.437,7.362,6,26,-6.250,-7.812,Closed,0,0.922,0,0.906,Yes,OK,OK,75,OK,49.620,Inactive,-4.688,1.562,22,0,0,36.105,OK,31
337,24.699,52.305,100,726,726,No,1,Inactive,96,80.392,00:08:35,1814.500,94.902,22.853,Active,98.931,1,Enabled,Disabled,Low,225.694,672.743,811.632,746.528,Inactive,13.820,7.527,7.076,6,20,-6.250,-7.812,Closed,0,0.922,0,0.906,Yes,OK,OK,78,OK,59.360,Inactive,0,0.781,21,0,0,36.965,OK,33
338,27.785,59.836,100,726,726,No,1,Inactive,96,80,00:08:35,1856.750,100,22.853,Active,98.931,1,Enabled,Disabled,Low,503.472,716.146,781.250,772.569,Inactive,13.820,8.023,8.413,6,18,-6.250,-7.812,Closed,0,0.922,0,0.906,Yes,OK,OK,84,OK,61.810,Inactive,-0.781,-4.688,21,0,0,39.367,OK,34
339,29.816,69.172,100,726,726,No,1,Inactive,96,80.784,00:08:35,1975.250,100,22.853,Active,98.931,1,Enabled,Disabled,Low,112.847,703.125,707.465,768.229,Inactive,13.820,8.804,8.909,6,13,-6.250,-7.812,Closed,0,0.922,0,0.906,Yes,OK,OK,87,OK,66.190,Inactive,-0.781,3.125,20,0,0,42.082,OK,36
340,29.816,71.188,100,728,728,No,1,Inactive,96,80.784,00:08:36,2016,100,22.853,Active,98.931,1,Enabled,Disabled,Low,824.653,711.806,117.188,755.208,Inactive,13.820,9.300,8.804,6,13,-6.250,-7.812,Closed,0,0.922,0,0.906,Yes,OK,OK,87,OK,68.230,Inactive,5.469,1.562,20.500,0,0,42.219,OK,38
341,29.641,72.109,100,728,728,No,1,Inactive,96,80.784,00:08:36,2052.750,100,22.853,Active,98.931,1,Enabled,Disabled,Low,733.507,716.146,824.653,746.528,Inactive,13.820,8.984,8.398,6,13,-6.250,-7.812,Closed,0,0.922,0,0.906,Yes,OK,OK,87,OK,69.190,Inactive,2.344,7.812,21,0,0,42.219,OK,40
342,29.641,73.133,100,730,730,No,1,Inactive,96,80.784,00:08:37,2073.750,100,22.853,Active,98.931,1,Enabled,Disabled,Low,711.806,711.806,750.868,742.188,Inactive,13.820,8.984,8.864,6,13,-6.250,-7.812,Closed,0,0.922,0,0.906,Yes,OK,OK,86,OK,69.510,Inactive,3.125,3.906,21.500,0,0,42.355,OK,41
343,29.641,74.102,100,730,730,No,1,Inactive,96,80.784,00:08:37,2095.750,100,22.853,Active,98.931,1,Enabled,Disabled,Low,251.736,703.125,716.146,733.507,Inactive,13.820,9.029,8.924,6,14,-6.250,-7.812,Closed,0,0.922,0,0.906,Yes,OK,OK,86,OK,71,Inactive,3.125,-1.562,21.500,0,0,42.492,OK,42
344,29.309,75.383,100,733,733,No,1,Inactive,96,79.608,00:08:38,2140.500,100,22.853,Active,98.931,1,Enabled,Disabled,Low,104.167,694.444,629.340,729.167,Inactive,13.770,9.044,9.029,6,14,-6.250,-7.812,Closed,0,0.922,0,0.906,Yes,OK,OK,86,OK,71,Inactive,3.906,4.688,22.500,0,0,42.648,OK,44
345,28.625,75.180,100,733,733,No,1,Inactive,96,78.039,00:08:38,2153.250,100,22.853,Active,98.931,1,Enabled,Disabled,Low,373.264,707.465,234.375,720.486,Inactive,13.746,8.609,9.014,6,15,-6.250,-7.812,Closed,0,0.922,0,0.906,Yes,OK,OK,85,OK,71.340,Inactive,3.906,4.688,23,0,0,42.082,OK,45
346,28.332,75.414,100,733,733,No,1,Inactive,96,79.608,00:08:38,2153.250,100,22.853,Active,98.931,1,Enabled,Disabled,Low,716.146,698.785,772.569,720.486,Inactive,13.770,8.939,8.864,6,15,-6.250,-7.812,Closed,0,0.922,0,0.906,Yes,OK,OK,85,OK,72.200,Inactive,3.906,4.688,23,0,0,41.926,OK,45
347,27.961,74.859,100,736,736,No,1,Inactive,96,78.039,00:08:39,2163.750,100,22.853,Active,98.931,1,Enabled,Disabled,Low,772.569,707.465,794.271,716.146,Inactive,13.746,8.909,8.804,6,17,-6.250,-7.812,Closed,0,0.922,0,0.906,Yes,OK,OK,84,OK,71,Inactive,3.906,4.688,21,0,0,41.359,OK,46
348,27.961,75.359,100,736,736,No,1,Inactive,96,77.255,00:08:39,2180.250,100,22.853,Active,98.931,1,Enabled,Disabled,Low,425.347,711.806,251.736,720.486,Inactive,13.770,8.699,8.624,6,17,-6.250,-7.812,Closed,0,0.922,0,0.906,Yes,OK,OK,83,OK,71.340,Inactive,3.125,3.906,21.500,0,0,41.516,OK,48
349,27.902,75.344,100,738,738,No,1,Inactive,96,77.255,00:08:40,2191.750,100,22.853,Active,98.931,1,Enabled,Disabled,Low,190.972,698.785,212.674,720.486,Inactive,13.770,8.714,8.684,6,17,-6.250,-7.812,Closed,0,0.922,0,0.906,Yes,OK,OK,83,OK,72.200,Inactive,-3.125,-0.781,21.500,0,0,41.516,OK,48
350,27.316,76.234,100,738,738,No,1,Inactive,96,75.294,00:08:40,2242.750,100,22.853,Active,98.931,1,Enabled,Disabled,Low,156.250,698.785,685.764,720.486,Inactive,13.770,8.489,7.993,6,18,-6.250,-7.812,Closed,0,0.922,0,0.906,Yes,OK,OK,83,OK,71.340,Inactive,-2.344,-0.781,22.500,0,0,41.086,OK,50
351,25.285,70.648,100,738,738,No,1,Inactive,96,70.588,00:08:40,2253.500,96.863,22.853,Active,98.931,1,Enabled,Disabled,Low,186.632,711.806,781.250,724.826,Inactive,13.770,7.843,7.377,6,24,-6.250,-7.812,Closed,0,0.922,0,0.906,Yes,OK,OK,76,OK,66.970,Inactive,3.125,4.688,24,0,0,39.094,OK,51
352,19.504,61.930,100,740,740,No,1,Inactive,96,59.216,00:08:41,2278.750,74.118,22.853,Active,98.931,1,Enabled,Disabled,Low,199.653,711.806,794.271,720.486,Inactive,13.770,6.626,6.581,6,33,-6.250,-7.812,Closed,0,0.922,0,0.906,Yes,OK,OK,68,OK,58.440,Inactive,-3.906,3.906,27,0,0,36.535,OK,52
353,12.414,48.406,100,740,740,No,1,Inactive,96,43.529,00:08:41,2235.750,62.353,22.853,Active,98.931,1,Enabled,Disabled,Low,685.764,733.507,481.771,724.826,Inactive,13.795,4.582,4.808,6,45,-6.250,-7.812,Closed,0,0.922,0,0.906,Yes,OK,OK,57,OK,39.530,Inactive,-3.125,-3.125,30.500,0,0,32.004,OK,52
354,12.062,32.820,100,740,740,No,1,Inactive,96,52.157,00:08:42,1595.250,54.118,22.853,Active,98.931,1,Enabled,Disabled,Low,846.354,720.486,846.354,729.167,Inactive,13.795,5.033,4.763,6,46,-6.250,-7.812,Closed,0,0.922,0,0.906,Yes,OK,OK,53,OK,35.710,Inactive,1.562,3.125,30.500,0,0,31.711,OK,53
355,12.062,33.570,100,740,740,No,1,Inactive,96,50.588,00:08:42,1560.500,56.078,22.853,Active,98.931,1,Enabled,Disabled,Low,620.660,742.188,694.444,733.507,Inactive,13.770,5.303,4.748,6,44,-6.250,-7.812,Closed,0,0.922,0,0.906,Yes,OK,OK,56,OK,32.190,Inactive,0.781,1.562,29,0,0,31.008,OK,53
356,12.062,32.820,100,740,740,No,1,Inactive,96,50.588,00:08:42,1560.500,55.294,22.853,Active,98.931,1,Enabled,Disabled,Low,763.889,729.167,828.993,737.847,Inactive,13.770,4.928,5.168,5,45,-6.250,-7.812,Closed,0,0.922,0,0.906,Yes,OK,OK,56,OK,32.670,Inactive,0.781,1.562,29,0,0,31.008,OK,53
357,11.750,30.359,100,739,739,No,1,Inactive,96,50.980,00:08:43,1449,54.118,22.853,Active,98.931,1,Enabled,Disabled,Low,802.951,733.507,768.229,746.528,Inactive,13.770,5.213,4.823,5,45,-6.250,-7.812,Closed,0,0.922,0,0.906,Yes,OK,OK,55,OK,30.560,Inactive,0.781,-4.688,28,0,0,30.285,OK,52
358,11.750,29.586,100,739,739,No,1,Inactive,96,50.980,00:08:43,1369.250,53.725,22.853,Active,98.931,1,Enabled,Disabled,Low,750.868,759.549,572.917,746.528,Inactive,13.770,4.928,4.507,6,43,-6.250,-7.812,Closed,0,0.922,0,0.906,Yes,OK,OK,57,OK,27.990,Inactive,-4.688,-10.156,27,0,0,29.582,OK,52
359,11.750,29.133,100,739,739,No,1,Inactive,95,51.765,00:08:44,1352,52.157,22.853,Active,98.539,1,Enabled,Disabled,Low,620.660,750.868,837.674,755.208,Inactive,13.795,5.138,5.048,5,43,-6.250,-7.812,Closed,0,0.922,0,0.906,Yes,OK,OK,57,OK,27.890,Inactive,-0.781,-6.250,27.500,0,0,29.582,OK,52
360,11.750,29.250,100,739,739,No,1,Inactive,95,50.980,00:08:44,1355.500,52.941,22.853,Active,98.539,1,Enabled,Disabled,Low,794.271,772.569,733.507,759.549,Inactive,13.770,4.853,4.718,5,43,-6.250,-7.812,Closed,0,0.922,0,0.906,Yes,OK,OK,57,OK,28.360,Inactive,-6.250,-7.031,27.500,0,0,29.719,OK,52
361,11.379,28.805,100,739,739,No,1,Inactive,95,52.157,00:08:44,1341,52.157,22.853,Active,98.539,0,Enabled,Disabled,Low,421.007,759.549,86.806,763.889,Inactive,13.770,4.372,4.312,5,43,-19.531,-20.312,Closed,0,0.922,0,0.906,Yes,OK,OK,57,OK,27.940,Inactive,-2.344,-0.781,27.500,0,0,29.582,OK,52
362,11.379,28.523,100,738,738,No,1,Inactive,95,51.373,00:08:45,1320.750,52.549,22.853,Active,98.539,0,Enabled,Disabled,Low,39.062,746.528,47.743,759.549,Inactive,13.845,4.477,4.582,6,43,-19.531,-20.312,Closed,0,0.922,0,0.906,Yes,OK,OK,57,OK,27.840,Inactive,-0.781,3.125,27,0,0,29.445,OK,52
363,7.316,25.805,100,738,738,No,1,Inactive,95,45.490,00:08:45,1307.500,50.196,22.853,Active,98.539,0,Enabled,Disabled,Low,86.806,750.868,590.278,759.549,Inactive,13.820,4.312,4.267,5,47,-19.531,-20.312,Closed,0,0.922,0,0.906,Yes,OK,OK,54,OK,24.140,Inactive,5.469,7.031,29,0,0,27.316,OK,52
364,0.500,14.852,100,737,737,No,1,Inactive,95,25.882,00:08:46,1125.250,44.706,22.853,Active,98.539,7,Enabled,Disabled,Low,138.889,716.146,607.639,755.208,Inactive,13.820,2.419,2.163,5,62,-26.562,-26.562,Closed,0,0.922,0,0.906,Yes,OK,OK,39,OK,11.620,Inactive,6.250,-3.125,39,0,0,21.496,OK,51
365,0.500,19.914,100,737,737,No,1,Inactive,95,29.412,00:08:46,1015,42.745,22.853,Active,98.147,7,Enabled,Disabled,Low,65.104,698.785,39.062,755.208,Inactive,13.720,4.357,4.117,5,46,-26.562,-26.562,Closed,0,0.922,0,0.906,Yes,OK,OK,54,OK,12.770,Inactive,7.812,3.125,14.500,0,0,21.926,OK,51
366,0.500,10.117,100,737,737,No,1,Inactive,95,27.843,00:08:46,974.500,25.882,22.853,Active,98.147,7,Enabled,Disabled,Low,212.674,690.104,290.799,755.208,Inactive,13.770,4.327,4.357,5,42,-26.562,-26.562,Closed,0,0.922,0,0.906,Yes,OK,OK,58,OK,10.610,Inactive,-0.781,6.250,12,0,0,21.496,OK,50
367,0.500,9.953,100,736,736,No,1,Inactive,95,24.706,00:08:47,961.750,27.843,22.853,Active,97.755,7,Enabled,Disabled,Low,52.083,672.743,125.868,755.208,Inactive,13.795,4.477,4.087,5,42,-26.562,-26.562,Closed,0,0.922,0,0.906,Yes,OK,OK,58,OK,9.450,Inactive,3.906,3.906,12,0,0,20.930,OK,50
368,2.727,9.938,100,736,736,No,1,Inactive,95,28.627,00:08:47,956.500,26.275,22.853,Active,98.147,7,Enabled,Disabled,Low,52.083,694.444,60.764,755.208,Inactive,13.746,4.943,4.417,5,42,-26.562,-26.562,Closed,0,0.922,0,0.906,Yes,OK,OK,58,OK,10.780,Inactive,6.250,3.906,12.500,0,0,21.926,OK,49
369,4.777,10.836,100,735,735,No,1,Inactive,95,30.980,00:08:48,977,30.588,22.853,Active,98.147,7,Enabled,Disabled,Low,95.486,685.764,69.444,746.528,Inactive,13.746,5.739,5.033,5,38,-25,-26.562,Closed,0,0.922,0,0.906,Yes,OK,OK,61,OK,12.480,Inactive,10.156,7.812,15,0,0,23.332,OK,48
370,5.109,12.398,100,735,735,No,1,Inactive,95,32.157,00:08:48,1016.750,41.961,22.853,Active,98.147,7,Enabled,Disabled,Low,724.826,664.062,724.826,746.528,Inactive,13.770,5.454,5.484,6,33,-25,-25.781,Closed,0,0.922,0,0.906,Yes,OK,OK,66,OK,13.160,Inactive,10.938,10.156,16.500,0,0,23.625,OK,48
371,14.953,15.250,100,735,735,No,1,Inactive,95,47.843,00:08:48,1078,55.686,22.853,Active,98.539,0,Enabled,Disabled,Low,134.549,703.125,104.167,746.528,Inactive,13.820,7.993,7.212,5,22,-18.750,-20.312,Closed,0,0.922,0,0.906,Yes,OK,OK,75,OK,21.790,Inactive,7.031,7.031,10.500,0,0,31.145,OK,47
372,17.316,43.305,100,735,735,No,1,Inactive,95,63.922,00:08:49,1501.500,92.549,22.853,Active,98.539,1,Enabled,Disabled,Low,846.354,698.785,846.354,724.826,Inactive,13.820,7.227,6.926,6,26,-6.250,-8.594,Closed,0,0.922,0,0.906,Yes,OK,OK,74,OK,38.070,Inactive,1.562,1.562,16.500,0,0,33.977,OK,47
373,15.148,40.828,100,735,735,No,1,Inactive,95,59.608,00:08:49,1560.750,74.118,22.853,Active,98.539,1,Enabled,Disabled,Low,737.847,711.806,720.486,724.826,Inactive,13.845,6.175,6.010,6,33,-6.250,-8.594,Closed,0,0.922,0,0.906,Yes,OK,OK,67,OK,38.450,Inactive,-3.125,-3.906,25,0,0,33,OK,48
374,8.332,26.289,100,734,734,No,1,Inactive,95,40,00:08:50,1386,52.549,22.853,Active,98.539,0,Enabled,Disabled,Low,802.951,703.125,837.674,724.826,Inactive,13.845,4.072,3.906,6,48,-18.750,-19.531,Closed,0,0.922,0,0.906,Yes,OK,OK,53,OK,22.490,Inactive,4.688,4.688,30.500,0,0,27.590,OK,48
375,19.680,27.414,100,734,734,No,1,Inactive,95,66.667,00:08:50,1232,47.843,22.853,Active,98.931,0,Enabled,Disabled,Low,203.993,716.146,164.931,724.826,Inactive,13.820,5.604,5.514,6,40,-18.750,-20.312,Closed,0,0.922,0,0.906,Yes,OK,OK,55,OK,40.150,Inactive,4.688,-0.781,23.500,0,0,34.406,OK,48
376,20.070,48.070,100,734,734,No,1,Inactive,95,70.980,00:08:50,1664.500,93.333,22.853,Active,98.931,1,Enabled,Disabled,Low,850.694,724.826,833.333,720.486,Inactive,13.845,8.308,7.978,6,23,-6.250,-8.594,Closed,0,0.922,0,0.906,Yes,OK,OK,77,OK,47.420,Inactive,0.781,0,21,0,0,36.105,OK,49
377,16.789,45.336,100,734,734,No,1,Inactive,95,61.569,00:08:51,1573,83.529,22.853,Active,98.931,1,Enabled,Disabled,Low,794.271,759.549,763.889,759.549,Inactive,13.820,6.475,6.475,5,30,-6.250,-8.594,Closed,0,0.922,0,0.906,Yes,OK,OK,68,OK,39.220,Inactive,-6.250,-5.469,25,0,0,33.977,OK,50
378,12.434,37.172,100,734,734,No,1,Inactive,95,53.333,00:08:51,1518,67.451,22.853,Active,98.931,1,Enabled,Disabled,Low,286.458,781.250,212.674,776.910,Inactive,13.820,6.055,5.919,6,37,-6.250,-8.594,Closed,0,0.922,0,0.906,Yes,OK,OK,64,OK,33.830,Inactive,2.344,3.125,25.500,0,0,31.008,OK,50
379,9.348,26.188,100,733,733,No,1,Inactive,95,44.706,00:08:52,1344,50.196,22.853,Active,98.931,0,Enabled,Disabled,Low,794.271,755.208,802.951,789.931,Inactive,13.845,3.876,3.846,6,47,-18.750,-20.312,Closed,0,0.922,0,0.906,Yes,OK,OK,53,OK,25.030,Inactive,-3.125,-3.125,29.500,0,0,28.312,OK,50
380,6.633,23.109,100,733,733,No,1,Inactive,95,39.608,00:08:52,1262.500,49.020,22.853,Active,98.931,0,Enabled,Disabled,Low,73.785,763.889,99.826,807.292,Inactive,13.820,3.876,3.831,6,50,-18.750,-20.312,Closed,0,0.922,0,0.906,Yes,OK,OK,51,OK,20.260,Inactive,3.125,3.906,30.500,0,0,26.613,OK,51
381,0.500,15.445,100,733,733,No,1,Inactive,95,27.451,00:08:52,1143.750,45.098,22.853,Active,98.931,7,Enabled,Disabled,Low,785.590,772.569,763.889,811.632,Inactive,13.845,2.374,2.659,5,60,-25,-25,Closed,0,0.922,0,0.906,Yes,OK,OK,40,OK,12.700,Inactive,7.812,7.812,37.500,0,0,22.629,OK,51
382,0.500,21.727,100,732,732,No,1,Inactive,95,25.882,00:08:53,959.500,43.922,22.853,Active,98.931,7,Enabled,Disabled,Low,47.743,720.486,43.403,802.951,Inactive,13.746,4.342,4.222,5,45,-25,-25,Closed,0,0.922,0,0.906,Yes,OK,OK,54,OK,10.220,Inactive,4.688,4.688,12,0,0,20.637,OK,51
383,0.500,9.656,100,732,732,No,1,Inactive,95,24.706,00:08:53,969.250,24.314,22.853,Active,98.931,7,Enabled,Disabled,Low,69.444,716.146,807.292,802.951,Inactive,13.770,4.537,3.891,5,44,-25,-25,Closed,0,0.922,0,0.906,Yes,OK,OK,56,OK,9.770,Inactive,8.594,4.688,12,0,0,21.066,OK,50
384,0.500,9.664,100,731,731,No,1,Inactive,95,23.529,00:08:54,972.250,25.490,22.853,Active,98.931,7,Enabled,Disabled,Low,377.604,707.465,56.424,798.611,Inactive,13.795,4.733,4.026,5,44,-24.219,-25,Closed,0,0.922,0,0.906,Yes,OK,OK,55,OK,9.510,Inactive,1.562,5.469,12,0,0,20.793,OK,51
385,0.500,9.203,100,731,731,No,1,Inactive,95,22.353,00:08:54,955.250,23.137,22.853,Active,98.931,7,Enabled,Disabled,Low,56.424,711.806,73.785,798.611,Inactive,13.746,4.447,3.981,5,46,-23.438,-24.219,Closed,0,0.922,0,0.906,Yes,OK,OK,54,OK,8.570,Inactive,6.250,8.594,12,0,0,20.227,OK,50
386,0.500,8.438,100,730,731,No,1,Inactive,95,20.392,00:08:55,929.500,17.255,22.853,Active,98.931,7,Enabled,Disabled,Low,78.125,716.146,217.014,794.271,Inactive,13.770,4.087,3.756,6,50,-22.656,-24.219,Closed,0,0.922,0,0.906,Yes,OK,OK,49,OK,7.620,Inactive,7.031,2.344,12,0,0,19.230,OK,49
387,0.500,7.836,100,730,730,No,1,Inactive,95,18.431,00:08:55,927,17.255,22.853,Active,98.931,7,Enabled,Disabled,Low,238.715,711.806,177.951,794.271,Inactive,13.845,4.072,3.456,6,52,-22.656,-24.219,Closed,0,0.922,0,0.906,Yes,OK,OK,49,OK,6.930,Inactive,9.375,2.344,12,0,0,18.371,OK,49
388,0.500,7.008,100,730,730,No,1,Inactive,95,16.471,00:08:55,910.750,16.078,22.853,Active,98.931,7,Enabled,Disabled,Low,755.208,711.806,78.125,789.931,Inactive,13.795,3.350,3.125,6,56,-22.656,-23.438,Closed,0,0.922,0,0.906,Yes,OK,OK,45,OK,5.980,Inactive,3.125,7.031,14,0,0,17.512,OK,49
389,0.500,6.352,100,729,729,No,1,Inactive,95,14.118,00:08:56,888.500,14.902,22.853,Active,98.931,7,Enabled,Disabled,Low,399.306,711.806,794.271,789.931,Inactive,13.746,3.035,2.764,6,58,-22.656,-22.656,Closed,0,0.922,0,0.906,Yes,OK,OK,41,OK,5.080,Inactive,7.031,3.125,16,0,0,15.383,OK,48
390,0.500,5.953,100,729,729,No,1,Inactive,95,14.510,00:08:56,874.250,14.510,22.853,Active,98.931,7,Enabled,Disabled,Low,203.993,703.125,768.229,789.931,Inactive,13.770,3.065,2.584,6,60,-21.094,-22.656,Closed,0,0.922,0,0.906,Yes,OK,OK,40,OK,5.260,Inactive,7.031,2.344,19,0,0,15.969,OK,48
391,0.500,5.500,100,729,729,No,1,Inactive,95,14.510,00:08:56,847.500,13.333,22.853,Active,98.931,7,Enabled,Disabled,Low,828.993,707.465,742.188,789.931,Inactive,13.746,2.779,2.389,6,62,-21.094,-22.656,Closed,0,0.922,0,0.906,Yes,OK,OK,38,OK,4.920,Inactive,2.344,-1.562,21,0,0,15.383,OK,47
392,0.500,5.273,100,728,728,No,1,Inactive,95,14.510,00:08:57,822,13.333,22.853,Active,98.931,7,Enabled,Disabled,Low,820.312,698.785,169.271,785.590,Inactive,13.746,2.719,2.584,6,63,-21.094,-22.656,Closed,0,0.922,0,0.906,Yes,OK,OK,37,OK,4.940,Inactive,1.562,5.469,21.500,0,0,15.539,OK,45
393,0.500,5.086,100,728,728,No,1,Inactive,95,14.902,00:08:57,801,12.941,22.853,Active,98.931,7,Enabled,Disabled,Low,789.931,703.125,811.632,785.590,Inactive,13.770,2.629,2.464,6,63,-21.094,-22.656,Closed,0,0.922,0,0.906,Yes,Fault,OK,37,OK,4.980,Inactive,-2.344,0.781,21,0,0,15.539,OK,44
394,0.500,4.852,100,727,727,No,1,Inactive,95,14.902,00:08:58,761.250,12.941,22.853,Active,98.931,7,Enabled,Disabled,Low,724.826,703.125,824.653,785.590,Inactive,13.746,2.704,2.554,6,62,-21.094,-22.656,Closed,0,0.922,0,0.906,Yes,Fault,OK,38,OK,5.020,Inactive,-3.906,0,17.500,0,0,15.539,OK,42
395,0.500,4.820,100,727,727,No,1,Inactive,95,15.294,00:08:58,745.750,12.941,22.853,Active,98.931,7,Enabled,Disabled,Low,776.910,703.125,815.972,781.250,Inactive,13.746,2.734,2.509,6,62,-21.094,-22.656,Closed,0,0.922,0,0.906,Yes,Fault,OK,39,OK,5.040,Inactive,-4.688,-3.906,16,0,0,15.539,OK,41
396,0.500,4.664,100,726,726,No,1,Inactive,95,14.902,00:08:59,697,12.941,22.853,Active,98.931,7,Enabled,Disabled,Low,781.250,690.104,811.632,781.250,Inactive,13.746,2.825,2.554,6,60,-21.094,-22.656,Closed,0,0.922,0,0.906,Yes,Fault,OK,40,OK,4.980,Inactive,-6.250,-6.250,16,0,0,15.383,OK,39
397,0.500,4.727,100,726,726,No,1,Inactive,95,15.294,00:08:59,692.750,12.941,22.853,Active,98.931,7,Enabled,Disabled,Low,802.951,703.125,807.292,781.250,Inactive,13.746,2.825,2.554,6,59,-21.094,-22.656,Closed,0,0.922,0,0.906,Yes,Fault,OK,40,OK,5.050,Inactive,-7.031,-7.812,16,0,0,15.539,OK,38
398,0.500,4.633,100,726,726,No,1,Inactive,95,14.902,00:08:59,674,12.941,22.853,Active,98.931,7,Enabled,Disabled,Low,768.229,698.785,607.639,781.250,Inactive,13.770,2.900,2.629,6,58,-21.094,-22.656,Closed,0,0.922,0,0.906,Yes,Fault,OK,41,OK,4.880,Inactive,-8.594,-8.594,17,0,0,15.383,OK,36
399,0.500,4.648,100,725,725,No,1,Inactive,95,15.294,00:09:00,669,12.941,22.853,Active,98.931,7,Enabled,Disabled,Low,551.215,698.785,151.910,781.250,Inactive,13.770,2.930,2.990,6,58,-21.094,-22.656,Closed,0,0.922,0,0.906,Yes,Fault,OK,42,OK,5.030,Inactive,-8.594,0.781,17,0,0,15.539,OK,36
400,0.500,4.680,100,725,725,No,1,Inactive,95,15.294,00:09:00,665.500,12.941,22.853,Active,98.931,7,Enabled,Disabled,Low,117.188,711.806,824.653,781.250,Inactive,13.746,3.350,2.870,6,57,-21.094,-22.656,Closed,0,0.922,0,0.906,Yes,Fault,OK,43,OK,5.110,Inactive,-0.781,-3.906,17,0,0,15.539,OK,36
401,0.500,4.625,100,725,725,No,1,Inactive,95,14.510,00:09:00,650.500,12.941,22.853,Active,98.931,7,Enabled,Disabled,Low,842.014,703.125,811.632,781.250,Inactive,13.746,3.140,2.840,6,57,-21.094,-22.656,Closed,0,0.922,0,0.906,Yes,Fault,OK,43,OK,4.890,Inactive,-5.469,-4.688,17.500,0,0,15.539,OK,35
402,0.500,4.609,100,724,724,No,1,Inactive,95,15.294,00:09:01,638.500,12.941,22.853,Active,98.931,7,Enabled,Disabled,Low,820.312,698.785,776.910,781.250,Inactive,13.746,3.125,2.764,6,56,-21.875,-22.656,Closed,0,0.922,0,0.906,Yes,Fault,OK,43,OK,4.830,Inactive,-6.250,-7.031,17.500,0,0,15.539,OK,34
403,3.078,4.875,100,724,724,No,1,Inactive,95,17.255,00:09:01,642.250,13.333,22.853,Active,98.931,7,Enabled,Disabled,Low,742.188,716.146,147.569,776.910,Inactive,13.746,3.230,3.365,6,55,-22.656,-22.656,Closed,0,0.922,0,0.906,Yes,Fault,OK,46,OK,5.810,Inactive,-9.375,-0.781,19,0,0,17.375,OK,34
404,9.523,6.031,100,723,723,No,1,Inactive,96,31.373,00:09:02,671.750,14.118,22.853,Active,98.931,0,Enabled,Disabled,Low,125.868,707.465,117.188,776.910,Inactive,13.746,5.123,4.868,6,46,-18.750,-20.312,Closed,0,0.922,0,0.906,Yes,Fault,OK,52,OK,12.280,Inactive,-3.125,-0.781,16,0,0,23.762,OK,34
405,12.238,10.648,100,723,723,No,1,Inactive,96,50.196,00:09:02,810.250,36.471,22.853,Active,98.931,0,Enabled,Disabled,Low,820.312,698.785,833.333,772.569,Inactive,13.820,7.317,6.490,6,24,-18.750,-20.312,Closed,0,0.922,0,0.906,Yes,Fault,OK,75,OK,16.290,Inactive,-3.125,-4.688,6.500,0,0,26.613,OK,34
406,16.359,30.734,100,723,723,No,1,Inactive,96,65.098,00:09:02,1154,57.647,22.853,Active,98.931,0,Enabled,Disabled,Low,43.403,742.188,39.062,763.889,Inactive,13.845,6.235,6.040,6,27,-18.750,-20.312,Closed,0,0.922,0,0.906,Yes,Fault,OK,73,OK,30.500,Inactive,-2.344,-0.781,5.500,0,0,31.848,OK,34
407,17.375,38.273,100,723,723,No,1,Inactive,96,60.392,00:09:03,1487.250,75.294,22.853,Active,98.931,1,Enabled,Disabled,Low,842.014,711.806,842.014,750.868,Inactive,13.870,6.596,6.566,6,32,-6.250,-8.594,Closed,0,0.922,0,0.906,Yes,Fault,OK,68,OK,37.220,Inactive,-0.781,1.562,17.500,0,0,33,OK,34
408,17.648,38.820,100,723,723,No,1,Inactive,96,62.353,00:09:03,1524.250,71.373,22.853,Active,98.931,1,Enabled,Disabled,Low,104.167,729.167,138.889,746.528,Inactive,13.895,6.370,6.310,6,33,-6.250,-8.594,Closed,0,0.922,0,0.906,Yes,Fault,OK,67,OK,39.300,Inactive,0.781,0,24.500,0,0,33.410,OK,36
409,20.363,40.930,100,722,722,No,1,Inactive,96,66.275,00:09:04,1545.500,72.157,22.853,Active,98.931,1,Enabled,Disabled,Low,802.951,716.146,690.104,742.188,Inactive,13.845,6.956,6.355,6,31,-6.250,-8.594,Closed,0,0.922,0,0.906,Yes,Fault,OK,69,OK,43.120,Inactive,0.781,0,24,0,0,34.836,OK,37
410,21.770,47.016,100,722,722,No,1,Inactive,96,72.157,00:09:04,1635,86.667,22.853,Active,98.931,1,Enabled,Disabled,Low,703.125,716.146,729.167,742.188,Inactive,13.820,7.587,7.377,6,25,-6.250,-8.594,Closed,0,0.922,0,0.906,Yes,OK,OK,75,OK,48.540,Inactive,0.781,0,20.500,0,0,36.262,OK,38
411,22.414,50.312,100,722,722,No,1,Inactive,96,72.941,00:09:04,1674.750,96.078,22.853,Active,98.931,1,Enabled,Disabled,Low,360.243,707.465,121.528,729.167,Inactive,13.820,7.467,7.707,6,22,-6.250,-8.594,Closed,0,0.922,0,0.906,Yes,OK,OK,78,OK,51.380,Inactive,-4.688,0,20,0,0,36.828,OK,39
412,23.078,52.242,100,722,722,No,1,Inactive,96,73.333,00:09:05,1716.500,97.255,22.853,Active,98.931,1,Enabled,Disabled,Low,794.271,707.465,772.569,729.167,Inactive,13.820,7.873,7.181,6,22,-6.250,-8.594,Closed,0,0.922,0,0.906,Yes,OK,OK,78,OK,52.390,Inactive,1.562,1.562,20.500,0,0,37.102,OK,41
413,22.902,53.555,100,722,722,No,1,Inactive,96,74.510,00:09:05,1728.250,100,22.853,Active,98.931,1,Enabled,Disabled,Low,520.833,716.146,768.229,729.167,Inactive,13.820,8.008,7.873,6,21,-6.250,-8.594,Closed,0,0.922,0,0.906,Yes,OK,OK,79,OK,53.330,Inactive,0.781,0.781,20.500,0,0,37.395,OK,42
414,22.180,53.656,100,722,722,No,1,Inactive,96,73.725,00:09:06,1738,100,22.853,Active,98.931,1,Enabled,Disabled,Low,611.979,707.465,217.014,724.826,Inactive,13.845,7.512,7.828,6,22,-6.250,-8.594,Closed,0,0.922,0,0.906,Yes,OK,OK,79,OK,52.860,Inactive,-4.688,1.562,21,0,0,37.258,OK,43
415,20.266,50.633,100,722,722,No,1,Inactive,96,68.627,00:09:06,1721.250,92.941,22.853,Active,98.931,1,Enabled,Disabled,Low,798.611,729.167,763.889,720.486,Inactive,13.845,7.317,6.821,6,25,-6.250,-8.594,Closed,0,0.922,0,0.906,Yes,OK,OK,76,OK,49.620,Inactive,0,1.562,22.500,0,0,36.105,OK,44
416,20.402,50.305,100,722,722,No,1,Inactive,96,69.412,00:09:06,1715.750,87.059,22.853,Active,98.931,1,Enabled,Disabled,Low,625,703.125,789.931,720.486,Inactive,13.770,7.272,7.257,6,25,-6.250,-8.594,Closed,0,0.922,0,0.906,Yes,OK,OK,75,OK,49.400,Inactive,-0.781,1.562,22.500,0,0,36.105,OK,46
417,20.402,50.148,100,722,722,No,1,Inactive,96,70.196,00:09:07,1710,86.667,22.853,Active,98.931,1,Enabled,Disabled,Low,143.229,707.465,112.847,720.486,Inactive,13.770,7.392,7.362,6,25,-6.250,-8.594,Closed,0,0.922,0,0.906,Yes,OK,OK,75,OK,49.730,Inactive,-0.781,1.562,22.500,0,0,36.105,OK,46
418,19.172,50.602,100,722,722,No,1,Inactive,96,68.627,00:09:07,1729.250,87.059,22.853,Active,98.931,1,Enabled,Disabled,Low,781.250,707.465,759.549,720.486,Inactive,13.770,7.317,7.227,6,26,-6.250,-8.594,Closed,0,0.922,0,0.906,Yes,OK,OK,74,OK,49.620,Inactive,0,1.562,23,0,0,35.969,OK,47
419,18.859,49.562,100,722,722,No,1,Inactive,96,67.451,00:09:08,1714.500,83.529,22.853,Active,98.931,1,Enabled,Disabled,Low,794.271,711.806,781.250,720.486,Inactive,13.770,7.076,7.001,6,28,-6.250,-8.594,Closed,0,0.922,0,0.906,Yes,OK,OK,72,OK,47.820,Inactive,0,1.562,24,0,0,35.539,OK,48
420,18.859,49.266,100,722,722,No,1,Inactive,96,67.451,00:09:08,1711,82.353,22.853,Active,98.931,1,Enabled,Disabled,Low,234.375,720.486,186.632,720.486,Inactive,13.770,6.701,7.121,6,28,-6.250,-8.594,Closed,0,0.922,0,0.906,Yes,OK,OK,73,OK,47.720,Inactive,-5.469,-3.906,23.500,0,0,35.539,OK,49
421,18.527,49.430,100,722,722,No,1,Inactive,96,66.667,00:09:08,1726.750,82.353,22.853,Active,98.931,1,Enabled,Disabled,Low,781.250,707.465,768.229,724.826,Inactive,13.770,6.851,6.821,6,28,-6.250,-8.594,Closed,0,0.922,0,0.906,Yes,OK,OK,72,OK,45.830,Inactive,0,1.562,24.500,0,0,34.973,OK,49
422,17.844,47.992,100,722,722,No,1,Inactive,96,65.098,00:09:09,1704.500,78.431,22.853,Active,98.931,1,Enabled,Disabled,Low,716.146,707.465,785.590,720.486,Inactive,13.696,6.866,6.851,6,29,-6.250,-8.594,Closed,0,0.922,0,0.906,Yes,OK,OK,70,OK,46.420,Inactive,0,1.562,24.500,0,0,34.973,OK,50
423,17.805,47.492,100,722,722,No,1,Inactive,96,64.314,00:09:09,1704.750,77.255,22.853,Active,98.931,1,Enabled,Disabled,Low,412.326,724.826,781.250,724.826,Inactive,13.720,6.310,6.295,6,31,-6.250,-8.594,Closed,0,0.922,0,0.906,Yes,OK,OK,69,OK,45.240,Inactive,-6.250,-3.906,25.500,0,0,34.836,OK,50
424,17.805,47.172,100,722,722,No,1,Inactive,96,63.922,00:09:10,1705.500,75.294,22.853,Active,98.931,1,Enabled,Disabled,Low,798.611,707.465,776.910,729.167,Inactive,13.770,6.716,6.701,6,31,-6.250,-8.594,Closed,0,0.922,0,0.906,Yes,OK,OK,69,OK,44.750,Inactive,0,1.562,25.500,0,0,34.699,OK,51
425,17.473,46.977,100,722,722,No,1,Inactive,96,63.529,00:09:10,1704.750,75.294,22.853,Active,98.931,1,Enabled,Disabled,Low,789.931,716.146,486.111,729.167,Inactive,13.770,6.701,6.220,6,31,-6.250,-8.594,Closed,0,0.922,0,0.906,Yes,OK,OK,69,OK,45.830,Inactive,0,-3.906,25.500,0,0,34.699,OK,51
426,15.461,43.844,100,722,722,No,1,Inactive,96,57.647,00:09:10,1687.500,70.588,22.853,Active,98.931,1,Enabled,Disabled,Low,164.931,720.486,789.931,729.167,Inactive,13.770,5.754,6.010,6,35,-6.250,-8.594,Closed,0,0.922,0,0.906,Yes,OK,OK,65,OK,39.920,Inactive,-5.469,0.781,26.500,0,0,33.137,OK,52
427,14.797,39.914,100,721,721,No,1,Inactive,96,55.294,00:09:11,1642.750,64.314,22.853,Active,98.931,1,Enabled,Disabled,Low,781.250,729.167,160.590,733.507,Inactive,13.770,5.739,5.679,6,38,-6.250,-8.594,Closed,0,0.922,0,0.906,Yes,OK,OK,62,OK,37.430,Inactive,0,0.781,27.500,0,0,32.707,OK,52
428,14.113,38.211,100,721,721,No,1,Inactive,96,54.118,00:09:11,1626.500,61.961,22.853,Active,98.931,1,Enabled,Disabled,Low,308.160,720.486,781.250,733.507,Inactive,13.770,5.529,5.138,6,40,-6.250,-8.594,Closed,0,0.922,0,0.906,Yes,OK,OK,60,OK,36.120,Inactive,0,0.781,28,0,0,32.277,OK,52
429,13.762,35.500,100,721,721,No,1,Inactive,96,52.549,00:09:12,1596.750,58.824,22.853,Active,98.931,1,Enabled,Disabled,Low,781.250,711.806,776.910,729.167,Inactive,13.795,5.364,5.319,6,42,-6.250,-8.594,Closed,0,0.922,0,0.906,Yes,OK,OK,58,OK,34.400,Inactive,0,1.562,28.500,0,0,31.574,OK,53
430,12.746,32.766,100,721,721,No,1,Inactive,96,54.510,00:09:12,1459.500,57.647,22.853,Active,98.931,1,Enabled,Disabled,Low,781.250,720.486,755.208,733.507,Inactive,13.770,5.514,5.138,6,41,-6.250,-8.594,Closed,0,0.922,0,0.906,Yes,OK,OK,59,OK,31.950,Inactive,0.781,-3.906,27,0,0,30.871,OK,54
431,7.980,27.883,100,721,721,No,1,Inactive,96,46.667,00:09:12,1368.750,52.157,22.853,Active,98.931,0,Enabled,Disabled,Low,698.785,716.146,151.910,733.507,Inactive,13.795,3.936,4.087,6,46,-17.188,-17.969,Closed,0,0.922,0,0.906,Yes,OK,OK,55,OK,25.300,Inactive,-5.469,0,29,0,0,28.156,OK,54
432,6.281,20.500,100,720,720,No,1,Inactive,96,38.431,00:09:13,1223.250,47.843,22.853,Active,98.931,0,Enabled,Disabled,Low,47.743,720.486,60.764,733.507,Inactive,13.795,3.486,3.486,5,54,-18.750,-20.312,Closed,0,0.922,0,0.906,Yes,OK,OK,47,OK,19.340,Inactive,0.781,2.344,32.500,0,0,26.184,OK,54
433,0.500,15.859,100,720,720,No,1,Inactive,96,26.275,00:09:13,1159.750,26.275,22.853,Active,98.931,7,Enabled,Disabled,Low,295.139,733.507,772.569,733.507,Inactive,13.770,2.689,2.764,5,60,-23.438,-22.656,Closed,0,0.922,0,0.906,Yes,OK,OK,41,OK,12.470,Inactive,5.469,7.031,37.500,0,0,22.355,OK,54
434,0.500,22.383,100,719,719,No,1,Inactive,96,69.804,00:09:14,1090.500,0,22.853,Active,98.931,15,Disabled,Disabled,Low,56.424,690.104,169.271,733.507,Inactive,13.696,4.522,4.132,5,45,-21.094,-22.656,Closed,0,0.922,0,0.906,Yes,OK,OK,55,OK,16.850,Inactive,2.344,-2.344,24,0,0,20.500,OK,54
435,2.395,10.328,100,719,719,No,1,Inactive,96,27.059,00:09:14,1017.500,0,22.853,Active,98.931,15,Disabled,Disabled,Low,43.403,694.444,47.743,737.847,Inactive,13.720,4.763,4.327,5,44,-21.094,-22.656,Closed,0,0.922,0,0.906,Yes,OK,OK,56,OK,11.310,Inactive,3.125,3.125,17.500,0,0,21.926,OK,53
436,2.395,10.820,100,719,719,No,1,Inactive,96,27.451,00:09:14,1031,0,22.853,Active,98.931,15,Disabled,Disabled,Low,43.403,694.444,43.403,733.507,Inactive,13.720,5.213,4.703,5,43,-21.094,-22.656,Closed,0,0.922,0,0.906,Yes,OK,OK,59,OK,11.480,Inactive,7.812,7.812,19,0,0,21.926,OK,53
437,2.395,11.039,100,719,719,No,1,Inactive,96,26.667,00:09:15,1029.250,0,22.853,Active,98.931,15,Disabled,Disabled,Low,60.764,690.104,56.424,733.507,Inactive,13.720,5.514,4.943,5,41,-21.094,-22.656,Closed,0,0.922,0,0.906,Yes,OK,OK,59,OK,11.330,Inactive,9.375,10.156,20,0,0,22.062,OK,53
438,2.219,11.016,100,719,719,No,1,Inactive,96,27.059,00:09:15,1024.250,0,22.853,Active,98.931,15,Disabled,Disabled,Low,182.292,672.743,451.389,733.507,Inactive,13.720,5.664,5.033,5,41,-21.094,-22.656,Closed,0,0.922,0,0.906,Yes,OK,OK,59,OK,11.080,Inactive,10.156,10.156,19.500,0,0,21.926,OK,53
439,1.203,10.766,100,718,718,No,1,Inactive,96,25.882,00:09:16,1024.750,0,22.853,Active,98.931,15,Disabled,Disabled,Low,759.549,677.083,664.062,729.167,Inactive,13.746,5.454,4.402,6,42,-21.094,-22.656,Closed,0,0.922,0,0.906,Yes,OK,OK,58,OK,10.810,Inactive,10.156,2.344,20,0,0,21.633,OK,53
440,0.500,9.953,100,718,718,No,1,Inactive,96,21.569,00:09:16,994.250,0,22.853,Active,98.931,15,Disabled,Disabled,Low,43.403,681.424,56.424,729.167,Inactive,13.770,4.838,4.327,6,44,-21.094,-22.656,Closed,0,0.922,0,0.906,Yes,OK,OK,57,OK,9.360,Inactive,6.250,7.031,21.500,0,0,20.500,OK,52
441,0.500,9.453,100,718,718,No,1,Inactive,96,23.137,00:09:16,987.250,0,22.853,Active,98.931,15,Disabled,Disabled,Low,47.743,677.083,47.743,724.826,Inactive,13.770,4.672,4.207,6,47,-21.094,-22.656,Closed,0,0.922,0,0.906,Yes,OK,OK,54,OK,9.130,Inactive,7.031,8.594,16.500,0,0,20.500,OK,52
442,0.500,9.016,100,717,717,No,1,Inactive,96,21.961,00:09:17,982.750,0,22.853,Active,98.931,15,Disabled,Disabled,Low,60.764,677.083,60.764,720.486,Inactive,13.770,4.718,4.252,6,48,-21.094,-22.656,Closed,0,0.922,0,0.906,Yes,OK,OK,53,OK,8.660,Inactive,10.156,12.500,12,0,0,19.934,OK,52
443,0.500,8.008,100,717,717,No,1,Inactive,96,18.824,00:09:17,953.250,0,22.853,Active,98.931,15,Disabled,Disabled,Low,138.889,681.424,776.910,724.826,Inactive,13.770,4.267,3.846,6,52,-21.094,-22.656,Closed,0,0.922,0,0.906,Yes,OK,OK,49,OK,7.290,Inactive,12.500,14.062,12,0,0,18.801,OK,51
444,0.500,7.344,100,716,716,No,1,Inactive,95,17.647,00:09:18,944.500,0,22.853,Active,98.931,15,Disabled,Disabled,Low,802.951,659.722,160.590,724.826,Inactive,13.795,3.906,3.335,6,55,-21.094,-22.656,Closed,0,0.922,0,0.906,Yes,OK,OK,46,OK,6.420,Inactive,12.500,9.375,13,0,0,17.941,OK,51
445,0.500,6.641,100,716,716,No,1,Inactive,95,13.725,00:09:18,936.250,0,22.853,Active,98.931,15,Disabled,Disabled,Low,789.931,672.743,82.465,724.826,Inactive,13.746,3.230,3.035,6,59,-21.094,-22.656,Closed,0,0.922,0,0.906,Yes,OK,OK,40,OK,5.930,Inactive,3.906,10.156,16,0,0,17.102,OK,51
446,0.500,6.094,100,716,716,No,1,Inactive,95,14.118,00:09:18,925.500,0,22.853,Active,98.931,15,Disabled,Disabled,Low,169.271,681.424,798.611,724.826,Inactive,13.670,3.095,2.809,6,61,-21.094,-22.656,Closed,0,0.922,0,0.906,Yes,OK,OK,39,OK,5.240,Inactive,7.812,10.156,19,0,0,16.242,OK,51
447,0.500,5.695,100,715,715,No,1,Inactive,96,13.725,00:09:19,921.500,0,22.853,Active,98.931,15,Disabled,Disabled,Low,785.590,677.083,802.951,729.167,Inactive,13.720,2.840,2.434,6,64,-21.094,-22.656,Closed,0,0.922,0,0.906,Yes,OK,OK,36,OK,5.160,Inactive,7.812,4.688,23.500,0,0,15.812,OK,51
448,0.500,5.461,100,715,715,No,1,Inactive,96,13.333,00:09:19,913.750,0,22.853,Active,98.931,15,Disabled,Disabled,Low,837.674,664.062,742.188,724.826,Inactive,13.646,2.584,2.239,6,65,-21.094,-22.656,Closed,0,0.922,0,0.906,Yes,Fault,OK,35,OK,5.090,Inactive,3.125,1.562,24.500,0,0,15.676,OK,51
449,0.500,5.508,100,715,715,No,1,Inactive,95,14.118,00:09:20,916.250,0,22.853,Active,98.931,15,Disabled,Disabled,Low,807.292,668.403,91.146,724.826,Inactive,13.720,2.554,2.434,6,65,-21.094,-22.656,Closed,0,0.922,0,0.906,Yes,Fault,OK,35,OK,5.150,Inactive,1.562,8.594,24.500,0,0,15.676,OK,50
450,0.500,5.211,100,715,715,No,1,Inactive,95,13.725,00:09:20,884.250,0,22.853,Active,98.931,15,Disabled,Disabled,Low,568.576,672.743,789.931,724.826,Inactive,13.720,2.479,2.539,6,65,-21.094,-22.656,Closed,0,0.922,0,0.906,Yes,Fault,OK,35,OK,5.210,Inactive,-2.344,10.156,24.500,0,0,15.676,OK,49
451,0.500,5.102,100,714,714,No,1,Inactive,95,14.118,00:09:21,870.750,0,22.853,Active,98.931,15,Disabled,Disabled,Low,794.271,677.083,846.354,724.826,Inactive,13.770,2.779,2.449,6,66,-21.094,-22.656,Closed,0,0.922,0,0.906,Yes,Fault,OK,34,OK,5.240,Inactive,5.469,4.688,23.500,0,0,15.676,OK,48
452,0.500,5.008,100,714,714,No,1,Inactive,95,14.902,00:09:21,851.250,0,22.853,Active,98.931,15,Disabled,Disabled,Low,859.375,659.722,842.014,724.826,Inactive,13.746,2.659,2.449,6,65,-21.094,-22.656,Closed,0,0.922,0,0.906,Yes,Fault,OK,35,OK,5.100,Inactive,0.781,3.906,22.500,0,0,15.676,OK,47
453,0.500,4.945,100,713,713,No,1,Inactive,96,15.294,00:09:22,843.500,0,22.853,Active,98.931,15,Disabled,Disabled,Low,859.375,672.743,842.014,724.826,Inactive,13.746,2.689,2.389,6,65,-21.094,-22.656,Closed,0,0.922,0,0.906,Yes,Fault,OK,35,OK,4.890,Inactive,0,0,22,0,0,15.676,OK,46
454,0.500,4.883,100,713,713,No,1,Inactive,96,14.510,00:09:22,820,0,22.853,Active,98.931,15,Disabled,Disabled,Low,855.035,664.062,828.993,720.486,Inactive,13.770,2.584,2.359,6,65,-21.094,-22.656,Closed,0,0.922,0,0.906,Yes,Fault,OK,35,OK,5.050,Inactive,-3.125,-1.562,21.500,0,0,15.539,OK,45
455,0.500,4.875,100,713,713,No,1,Inactive,96,14.510,00:09:22,820.750,0,22.853,Active,98.931,15,Disabled,Disabled,Low,837.674,668.403,781.250,720.486,Inactive,13.746,2.524,2.314,6,65,-21.094,-22.656,Closed,0,0.922,0,0.906,Yes,Fault,OK,36,OK,5.030,Inactive,-5.469,-3.125,20.500,0,0,15.539,OK,45
456,0.500,4.852,100,712,712,No,1,Inactive,96,14.902,00:09:23,810.250,0,22.853,Active,98.931,15,Disabled,Disabled,Low,776.910,651.042,776.910,724.826,Inactive,13.746,2.554,2.344,6,64,-21.094,-22.656,Closed,0,0.922,0,0.906,Yes,Fault,OK,36,OK,5.070,Inactive,-7.812,-3.906,20,0,0,15.539,OK,45
457,0.500,4.898,100,712,712,No,1,Inactive,96,15.294,00:09:23,798.750,0,22.853,Active,98.931,15,Disabled,Disabled,Low,629.340,664.062,651.042,720.486,Inactive,13.770,2.554,2.329,6,63,-21.094,-22.656,Closed,0,0.922,0,0.906,Yes,Fault,OK,36,OK,5.110,Inactive,-8.594,-5.469,19.500,0,0,15.539,OK,45
458,0.500,4.977,100,711,711,No,1,Inactive,96,14.902,00:09:24,818.750,0,22.853,Active,98.931,15,Disabled,Disabled,Low,134.549,668.403,546.875,720.486,Inactive,13.770,2.855,2.614,6,63,-21.094,-22.656,Closed,0,0.922,0,0.906,Yes,Fault,OK,37,OK,5.070,Inactive,0.781,3.125,20,0,0,15.539,OK,45
459,0.500,4.961,100,711,711,No,1,Inactive,96,14.902,00:09:24,813.500,0,22.853,Active,98.931,15,Disabled,Disabled,Low,828.993,668.403,828.993,724.826,Inactive,13.820,2.825,2.419,6,63,-21.094,-22.656,Closed,0,0.922,0,0.906,Yes,Fault,OK,37,OK,4.840,Inactive,0.781,-1.562,20,0,0,15.539,OK,45
460,0.500,4.953,100,710,710,No,1,Inactive,96,14.902,00:09:25,814,0,22.853,Active,98.931,15,Disabled,Disabled,Low,842.014,668.403,785.590,720.486,Inactive,13.845,2.809,2.389,6,63,-21.094,-22.656,Closed,0,0.922,0,0.906,Yes,Fault,OK,37,OK,5.090,Inactive,0.781,-2.344,20,0,0,15.539,OK,45
461,0.500,4.930,100,710,710,No,1,Inactive,96,15.686,00:09:25,824.250,0,22.853,Active,98.931,15,Disabled,Disabled,Low,824.653,664.062,737.847,720.486,Inactive,13.795,2.614,2.254,6,63,-21.094,-22.656,Closed,0,0.922,0,0.906,Yes,Fault,OK,37,OK,4.930,Inactive,-3.906,-5.469,20,0,0,15.539,OK,45
462,0.500,4.875,100,710,710,No,1,Inactive,96,14.510,00:09:25,809.500,0,22.853,Active,98.931,15,Disabled,Disabled,Low,768.229,651.042,69.444,716.146,Inactive,13.795,2.569,2.494,6,64,-21.094,-22.656,Closed,0,0.922,0,0.906,Yes,Fault,OK,36,OK,5.020,Inactive,-5.469,0.781,20.500,0,0,15.539,OK,45
463,0.500,4.898,100,709,709,No,1,Inactive,96,15.686,00:09:26,823.500,0,22.853,Active,98.931,15,Disabled,Disabled,Low,642.361,642.361,707.465,720.486,Inactive,13.770,2.464,2.509,6,64,-21.094,-22.656,Closed,0,0.922,0,0.906,Yes,Fault,OK,36,OK,5.210,Inactive,-8.594,1.562,20,0,0,15.539,OK,45
464,0.500,4.930,100,709,709,No,1,Inactive,96,14.510,00:09:26,820,0,22.853,Active,98.931,15,Disabled,Disabled,Low,73.785,642.361,811.632,720.486,Inactive,13.795,2.719,2.374,6,64,-21.094,-22.656,Closed,0,0.922,0,0.906,Yes,Fault,OK,36,OK,4.990,Inactive,-1.562,-3.125,20.500,0,0,15.539,OK,45
465,0.500,4.867,100,708,708,No,1,Inactive,96,14.902,00:09:27,816.750,0,22.853,Active,98.931,15,Disabled,Disabled,Low,798.611,642.361,798.611,720.486,Inactive,13.746,2.749,2.344,6,64,-21.094,-22.656,Closed,0,0.922,0,0.906,Yes,Fault,OK,36,OK,5.090,Inactive,-0.781,-3.906,20,0,0,15.539,OK,45
466,0.500,4.930,100,708,708,No,1,Inactive,96,15.294,00:09:27,807.500,0,22.853,Active,98.931,15,Disabled,Disabled,Low,824.653,633.681,533.854,716.146,Inactive,13.746,2.764,2.239,6,63,-21.094,-22.656,Closed,0,0.922,0,0.906,Yes,Fault,OK,37,OK,5.030,Inactive,5.469,11.719,20,0,0,15.539,OK,45
467,0.500,5.039,100,708,708,No,1,Inactive,96,14.902,00:09:27,829.500,10.196,2.069,Active,98.931,7,Enabled,Disabled,Low,811.632,638.021,73.785,716.146,Inactive,13.770,2.629,2.569,6,63,-23.438,-22.656,Closed,0,0.922,0,0.906,Yes,Fault,OK,37,OK,5.030,Inactive,5.469,11.719,20,0,0,15.539,OK,45
468,0.500,4.930,100,707,707,No,1,Inactive,96,14.902,00:09:28,817,13.333,2.069,Active,98.931,7,Enabled,Disabled,Low,681.424,638.021,820.312,720.486,Inactive,13.746,2.599,2.599,6,63,-23.438,-22.656,Closed,0,0.922,0,0.906,Yes,Fault,OK,37,OK,5.110,Inactive,4.688,12.500,21,0,0,15.539,OK,46
469,0.500,4.961,100,707,707,No,1,Inactive,96,14.510,00:09:28,830.250,13.333,2.069,Active,98.931,7,Enabled,Disabled,Low,169.271,646.701,828.993,716.146,Inactive,13.746,2.689,2.449,6,64,-22.656,-22.656,Closed,0,0.922,0,0.906,Yes,Fault,OK,36,OK,5.160,Inactive,8.594,7.812,21,0,0,15.539,OK,46
470,0.500,4.992,100,707,707,No,1,Inactive,96,14.902,00:09:29,844,13.333,2.069,Active,98.931,7,Enabled,Disabled,Low,733.507,642.361,815.972,716.146,Inactive,13.770,2.734,2.404,6,64,-22.656,-22.656,Closed,0,0.922,0,0.906,Yes,Fault,OK,36,OK,5.080,Inactive,9.375,7.031,21.500,0,0,15.539,OK,46
471,0.500,4.977,100,707,707,No,1,Inactive,96,14.510,00:09:29,853,13.333,2.069,Active,98.931,7,Enabled,Disabled,Low,828.993,638.021,755.208,716.146,Inactive,13.746,2.704,2.269,6,64,-22.656,-22.656,Closed,0,0.922,0,0.906,Yes,Fault,OK,36,OK,5.120,Inactive,9.375,3.125,22,0,0,15.539,OK,47
472,0.500,4.977,100,707,707,No,1,Inactive,96,14.510,00:09:29,852.250,13.333,2.069,Active,98.931,7,Enabled,Disabled,Low,833.333,638.021,434.028,716.146,Inactive,13.746,2.524,2.194,6,64,-22.656,-22.656,Closed,0,0.922,0,0.906,Yes,Fault,OK,36,OK,4.930,Inactive,4.688,0.781,22,0,0,15.539,OK,47
473,0.500,5.062,100,706,706,No,1,Inactive,96,14.118,00:09:30,858.250,13.333,2.069,Active,98.931,7,Enabled,Disabled,Low,737.847,625,82.465,720.486,Inactive,13.746,2.494,2.464,6,64,-22.656,-21.094,Closed,0,0.922,0,0.906,Yes,Fault,OK,36,OK,5.090,Inactive,3.906,10.156,22.500,0,0,15.539,OK,48
474,0.500,5.055,100,706,706,No,1,Inactive,96,14.118,00:09:30,857.750,13.333,2.069,Active,98.931,7,Enabled,Disabled,Low,82.465,633.681,781.250,716.146,Inactive,13.746,2.629,2.494,6,64,-22.656,-20.312,Closed,0,0.922,0,0.906,Yes,Fault,OK,36,OK,4.980,Inactive,8.594,10.938,23,0,0,15.539,OK,47
475,0.500,4.984,100,705,705,No,1,Inactive,96,14.118,00:09:31,856.250,13.333,2.069,Active,98.931,7,Enabled,Disabled,Low,95.486,633.681,824.653,716.146,Inactive,13.746,2.689,2.374,6,65,-21.094,-20.312,Closed,0,0.922,0,0.906,Yes,Fault,OK,35,OK,5.100,Inactive,9.375,6.250,22.500,0,0,15.539,OK,47
476,0.500,4.898,100,705,705,No,1,Inactive,96,14.118,00:09:31,842.750,13.333,2.069,Active,98.931,7,Enabled,Disabled,Low,824.653,633.681,807.292,711.806,Inactive,13.746,2.764,2.404,6,65,-21.094,-20.312,Closed,0,0.922,0,0.906,Yes,Fault,OK,35,OK,5.120,Inactive,10.156,5.469,22,0,0,15.539,OK,47
477,0.500,4.914,100,705,705,No,1,Inactive,96,14.510,00:09:31,834.750,13.333,2.069,Active,98.931,7,Enabled,Disabled,Low,846.354,642.361,785.590,716.146,Inactive,13.770,2.779,2.314,6,64,-21.094,-20.312,Closed,0,0.922,0,0.906,Yes,Fault,OK,36,OK,5.020,Inactive,10.156,1.562,21.500,0,0,15.539,OK,46
478,0.500,4.875,100,704,704,No,1,Inactive,96,14.118,00:09:32,832.750,13.333,2.069,Active,98.931,7,Enabled,Disabled,Low,846.354,633.681,355.903,716.146,Inactive,13.820,2.599,2.239,6,64,-21.094,-20.312,Closed,0,0.922,0,0.906,Yes,Fault,OK,36,OK,5.070,Inactive,4.688,-0.781,22,0,0,15.539,OK,46
479,0.500,4.859,100,704,704,No,1,Inactive,96,14.902,00:09:32,828.500,13.333,2.069,Active,98.931,7,Enabled,Disabled,Low,820.312,633.681,394.965,716.146,Inactive,13.795,2.599,2.524,6,64,-21.094,-20.312,Closed,0,0.922,0,0.906,Yes,Fault,OK,36,OK,5.150,Inactive,3.906,8.594,21,0,0,15.539,OK,45
480,0.500,4.867,100,703,703,No,1,Inactive,96,14.510,00:09:33,826.500,13.333,2.069,Active,98.931,7,Enabled,Disabled,Low,759.549,625,842.014,711.806,Inactive,13.845,2.509,2.584,6,64,-21.094,-19.531,Closed,0,0.922,0,0.906,Yes,Fault,OK,36,OK,5.010,Inactive,0,3.906,20.500,0,0,15.539,OK,45
481,0.500,4.867,100,703,703,No,1,Inactive,96,14.902,00:09:33,822.250,13.333,2.069,Active,98.931,7,Enabled,Disabled,Low,338.542,633.681,837.674,711.806,Inactive,13.845,2.434,2.434,6,64,-21.094,-19.531,Closed,0,0.922,0,0.906,Yes,Fault,OK,37,OK,5,Inactive,-1.562,3.906,20.500,0,0,15.539,OK,45
482,0.500,4.852,100,703,703,No,1,Inactive,96,15.294,00:09:33,819.250,13.333,2.069,Active,98.931,7,Enabled,Disabled,Low,130.208,638.021,798.611,716.146,Inactive,13.746,2.779,2.419,6,64,-20.312,-19.531,Closed,0,0.922,0,0.906,Yes,Fault,OK,37,OK,5.030,Inactive,7.031,3.125,20.500,0,0,15.539,OK,45
483,0.500,4.859,100,702,702,No,1,Inactive,96,14.902,00:09:34,823.500,13.333,2.069,Active,98.931,7,Enabled,Disabled,Low,837.674,642.361,785.590,716.146,Inactive,13.770,2.779,2.299,6,64,-20.312,-19.531,Closed,0,0.922,0,0.906,Yes,Fault,OK,36,OK,5.210,Inactive,7.812,-0.781,21,0,0,15.539,OK,45
484,0.500,4.781,100,702,702,No,1,Inactive,96,14.118,00:09:34,807.500,13.333,2.069,Active,98.931,7,Enabled,Disabled,Low,842.014,642.361,121.528,711.806,Inactive,13.770,2.855,2.569,6,64,-20.312,-19.531,Closed,0,0.922,0,0.906,Yes,Fault,OK,37,OK,5.230,Inactive,7.812,6.250,20.500,0,0,15.539,OK,45
485,0.500,4.859,100,701,701,No,1,Inactive,96,14.510,00:09:35,822.500,13.333,2.069,Active,98.539,7,Enabled,Disabled,Low,842.014,646.701,802.951,711.806,Inactive,13.770,2.659,2.569,6,64,-20.312,-18.750,Closed,0,0.922,0,0.906,Yes,Fault,OK,36,OK,5.170,Inactive,3.125,6.250,20.500,0,0,15.539,OK,45
486,0.500,4.820,100,701,701,No,1,Inactive,96,14.510,00:09:35,817.250,13.333,2.069,Active,98.539,7,Enabled,Disabled,Low,789.931,642.361,815.972,711.806,Inactive,13.770,2.629,2.554,6,64,-20.312,-18.750,Closed,0,0.922,0,0.906,Yes,Fault,OK,36,OK,5.150,Inactive,2.344,6.250,20.500,0,0,15.539,OK,45
487,0.500,4.789,100,701,701,No,1,Inactive,96,15.294,00:09:35,806.500,13.333,2.069,Active,98.539,7,Enabled,Disabled,Low,707.465,646.701,828.993,711.806,Inactive,13.770,2.509,2.419,6,64,-20.312,-18.750,Closed,0,0.922,0,0.906,Yes,Fault,OK,36,OK,5.050,Inactive,-1.562,1.562,20.500,0,0,15.539,OK,45
488,0.500,4.891,100,701,701,No,1,Inactive,96,14.902,00:09:36,823.750,13.333,2.069,Active,98.539,7,Enabled,Disabled,Low,82.465,638.021,750.868,707.465,Inactive,13.746,2.779,2.404,6,64,-20.312,-18.750,Closed,0,0.922,0,0.906,Yes,Fault,OK,36,OK,5.050,Inactive,5.469,0,20,0,0,15.539,OK,45
489,0.500,4.898,100,701,701,No,1,Inactive,96,14.902,00:09:36,808,13.333,2.069,Active,98.931,7,Enabled,Disabled,Low,412.326,646.701,121.528,711.806,Inactive,13.746,2.809,2.524,6,63,-19.531,-18.750,Closed,0,0.922,0,0.906,Yes,Fault,OK,37,OK,5.070,Inactive,6.250,4.688,20.500,0,0,15.539,OK,45
490,0.500,4.859,100,700,700,No,1,Inactive,96,14.510,00:09:37,803.500,13.333,2.069,Active,98.931,7,Enabled,Disabled,Low,802.951,629.340,60.764,716.146,Inactive,13.746,2.809,2.554,6,63,-19.531,-18.750,Closed,0,0.922,0,0.906,Yes,Fault,OK,37,OK,5.320,Inactive,6.250,4.688,20.500,0,0,15.539,OK,44
491,0.500,4.789,100,700,700,No,1,Inactive,96,15.294,00:09:37,781.750,12.941,2.069,Active,98.931,7,Enabled,Disabled,Low,811.632,646.701,759.549,707.465,Inactive,13.795,2.885,2.704,6,62,-19.531,-17.188,Closed,0,0.922,0,0.906,Yes,Fault,OK,38,OK,5.110,Inactive,6.250,7.031,18.500,0,0,15.539,OK,43
492,0.500,4.805,100,700,700,No,1,Inactive,96,14.902,00:09:37,788.250,13.333,2.069,Active,98.931,7,Enabled,Disabled,Low,802.951,646.701,820.312,711.806,Inactive,13.696,2.719,2.689,6,63,-19.531,-17.188,Closed,0,0.922,0,0.906,Yes,Fault,OK,38,OK,4.980,Inactive,1.562,7.031,18.500,0,0,15.539,OK,43
493,0.500,4.797,100,699,699,No,1,Inactive,96,15.294,00:09:38,782.750,13.333,2.069,Active,98.931,7,Enabled,Disabled,Low,399.306,585.938,824.653,707.465,Inactive,13.696,2.689,2.509,6,62,-19.531,-17.188,Closed,0,0.922,0,0.906,Yes,Fault,OK,38,OK,4.920,Inactive,0.781,0.781,18,0,0,15.539,OK,43
494,0.500,4.773,100,699,699,No,1,Inactive,96,14.902,00:09:38,776.500,13.333,2.069,Active,98.931,7,Enabled,Disabled,Low,538.194,585.938,742.188,707.465,Inactive,13.696,2.945,2.509,6,62,-17.969,-17.188,Closed,0,0.922,0,0.906,Yes,Fault,OK,38,OK,4.980,Inactive,5.469,0,17.500,0,0,15.539,OK,43
495,0.500,4.812,100,698,698,No,1,Inactive,96,14.902,00:09:39,784.750,13.333,2.069,Active,98.931,7,Enabled,Disabled,Low,828.993,585.938,164.931,711.806,Inactive,13.696,2.915,2.629,6,63,-17.969,-17.188,Closed,0,0.922,0,0.906,Yes,Fault,OK,38,OK,5.020,Inactive,5.469,3.906,18,0,0,15.539,OK,43
496,0.500,4.781,100,698,698,No,1,Inactive,96,15.294,00:09:39,781,13.333,2.069,Active,98.931,7,Enabled,Disabled,Low,833.333,590.278,147.569,707.465,Inactive,13.720,2.885,2.629,6,62,-17.969,-17.188,Closed,0,0.922,0,0.906,Yes,Fault,OK,38,OK,4.980,Inactive,5.469,3.906,18,0,0,15.539,OK,43
497,0.500,4.812,100,697,697,No,1,Inactive,96,14.902,00:09:40,788,13.333,2.069,Active,98.931,7,Enabled,Disabled,Low,837.674,603.299,802.951,707.465,Inactive,13.696,2.719,2.629,6,62,-17.969,-17.188,Closed,0,0.922,0,0.906,Yes,Fault,OK,38,OK,5.050,Inactive,0.781,4.688,18.500,0,0,15.539,OK,43
498,0.500,4.859,100,697,697,No,1,Inactive,96,14.902,00:09:40,804,13.333,2.069,Active,98.931,7,Enabled,Disabled,Low,698.785,603.299,815.972,707.465,Inactive,13.696,2.659,2.479,6,63,-17.969,-17.188,Closed,0,0.922,0,0.906,Yes,Fault,OK,37,OK,5.030,Inactive,0,0,19,0,0,15.539,OK,44
499,0.500,4.789,100,697,697,No,1,Inactive,96,15.294,00:09:40,792.500,13.333,2.069,Active,98.931,7,Enabled,Disabled,Low,160.590,607.639,750.868,711.806,Inactive,13.720,2.809,2.434,6,63,-17.969,-17.188,Closed,0,0.922,0,0.906,Yes,Fault,OK,37,OK,4.940,Inactive,3.906,-2.344,19,0,0,15.539,OK,44
500,0.500,4.852,100,696,696,No,1,Inactive,96,14.510,00:09:41,808,13.333,2.069,Active,98.931,7,Enabled,Disabled,Low,130.208,611.979,125.868,707.465,Inactive,13.746,2.825,2.554,6,63,-17.969,-17.188,Closed,0,0.922,0,0.906,Yes,Fault,OK,37,OK,5.030,Inactive,4.688,3.906,20,0,0,15.539,OK,45
501,0.500,4.922,100,696,696,No,1,Inactive,96,15.294,00:09:41,824.750,13.333,2.069,Active,98.931,7,Enabled,Disabled,Low,798.611,620.660,629.340,707.465,Inactive,13.720,2.794,2.554,6,63,-17.969,-17.188,Closed,0,0.922,0,0.906,Yes,Fault,OK,37,OK,4.940,Inactive,5.469,4.688,20.500,0,0,15.539,OK,45
502,0.500,4.875,100,696,696,No,1,Inactive,96,14.118,00:09:42,827.250,13.333,2.069,Active,98.931,7,Enabled,Disabled,Low,820.312,616.319,785.590,711.806,Inactive,13.770,2.764,2.539,6,63,-17.969,-17.188,Closed,0,0.922,0,0.906,Yes,Fault,OK,37,OK,5.110,Inactive,5.469,4.688,20.500,0,0,15.539,OK,46
503,0.500,4.977,100,696,696,No,1,Inactive,96,14.118,00:09:42,849,13.333,2.069,Active,98.931,7,Enabled,Disabled,Low,815.972,616.319,820.312,711.806,Inactive,13.770,2.539,2.329,6,64,-17.969,-17.188,Closed,0,0.922,0,0.906,Yes,Fault,OK,36,OK,5.030,Inactive,0,0,21.500,0,0,15.539,OK,47
504,0.500,4.945,100,696,696,No,1,Inactive,96,14.902,00:09:42,854,13.333,2.069,Active,98.931,7,Enabled,Disabled,Low,629.340,616.319,186.632,707.465,Inactive,13.746,2.494,2.434,6,65,-17.969,-17.188,Closed,0,0.922,0,0.906,Yes,Fault,OK,36,OK,4.950,Inactive,-0.781,3.906,22,0,0,15.539,OK,47
505,0.500,4.992,100,695,695,No,1,Inactive,96,14.118,00:09:43,870.750,13.333,2.069,Active,98.931,7,Enabled,Disabled,Low,69.444,616.319,138.889,707.465,Inactive,13.770,2.614,2.389,6,65,-17.969,-17.188,Closed,0,0.922,0,0.906,Yes,Fault,OK,35,OK,5.130,Inactive,3.906,3.906,22.500,0,0,15.539,OK,48
506,0.500,5.039,100,695,695,No,1,Inactive,96,13.333,00:09:43,894,13.333,2.069,Active,98.931,7,Enabled,Disabled,Low,590.278,616.319,763.889,707.465,Inactive,13.746,2.614,2.389,6,66,-17.188,-17.188,Closed,0,0.922,0,0.906,Yes,Fault,OK,34,OK,5.110,Inactive,5.469,4.688,23.500,0,0,15.539,OK,49
507,0.500,4.984,100,694,694,No,1,Inactive,96,14.118,00:09:44,892.750,13.333,2.069,Active,98.931,7,Enabled,Disabled,Low,802.951,616.319,768.229,707.465,Inactive,13.770,2.599,2.224,6,66,-17.188,-17.188,Closed,0,0.922,0,0.906,Yes,Fault,OK,34,OK,4.880,Inactive,5.469,0,24,0,0,15.539,OK,50
508,0.500,5.125,100,694,694,No,1,Inactive,96,13.725,00:09:44,908,13.333,2.069,Active,98.931,7,Enabled,Disabled,Low,802.951,620.660,73.785,707.465,Inactive,13.770,2.434,2.329,6,66,-17.188,-17.188,Closed,0,0.922,0,0.906,Yes,Fault,OK,34,OK,5.060,Inactive,0,4.688,24.500,0,0,15.539,OK,50
509,0.500,5.047,100,694,694,No,1,Inactive,96,13.333,00:09:44,903.750,13.333,2.069,Active,98.931,7,Enabled,Disabled,Low,91.146,625,60.764,707.465,Inactive,13.795,2.584,2.359,6,66,-16.406,-16.406,Closed,0,0.922,0,0.906,Yes,Fault,OK,34,OK,5.120,Inactive,5.469,6.250,24.500,0,0,15.539,OK,50
510,0.500,4.945,100,693,693,No,1,Inactive,96,13.725,00:09:45,892.250,13.333,2.069,Active,98.931,7,Enabled,Disabled,Low,104.167,616.319,108.507,707.465,Inactive,13.820,2.599,2.449,6,67,-16.406,-16.406,Closed,0,0.922,0,0.906,Yes,Fault,OK,34,OK,4.990,Inactive,6.250,9.375,25,0,0,15.539,OK,49
511,0.500,4.852,100,693,693,No,1,Inactive,96,13.725,00:09:45,884.750,13.333,2.069,Active,98.931,7,Enabled,Disabled,Low,824.653,629.340,842.014,703.125,Inactive,13.795,2.674,2.509,6,67,-15.625,-15.625,Closed,0,0.922,0,0.906,Yes,Fault,OK,34,OK,5.140,Inactive,6.250,9.375,24,0,0,15.539,OK,49
512,0.500,4.922,100,692,692,No,1,Inactive,96,14.510,00:09:46,871,12.941,2.069,Active,98.931,7,Enabled,Disabled,Low,859.375,629.340,863.715,703.125,Inactive,13.820,2.704,2.344,6,65,-15.625,-15.625,Closed,0,0.922,0,0.906,Yes,Fault,OK,35,OK,5.010,Inactive,6.250,1.562,23.500,0,0,15.539,OK,48
513,0.500,4.883,100,692,692,No,1,Inactive,96,14.902,00:09:46,874,13.333,2.069,Active,98.931,7,Enabled,Disabled,Low,850.694,633.681,824.653,703.125,Inactive,13.795,2.554,2.329,6,66,-15.625,-15.625,Closed,0,0.922,0,0.906,Yes,Fault,OK,34,OK,4.800,Inactive,1.562,1.562,23,0,0,15.539,OK,48
514,0.500,4.836,100,692,692,No,1,Inactive,96,14.510,00:09:46,861.500,13.333,2.069,Active,98.931,7,Enabled,Disabled,Low,815.972,638.021,750.868,707.465,Inactive,13.820,2.524,2.284,6,66,-15.625,-15.625,Closed,0,0.922,0,0.906,Yes,Fault,OK,35,OK,4.950,Inactive,0,0,23,0,0,15.539,OK,48
515,0.500,4.805,100,692,692,No,1,Inactive,96,14.118,00:09:47,862,13.333,2.069,Active,98.931,7,Enabled,Disabled,Low,785.590,633.681,698.785,707.465,Inactive,13.845,2.449,2.209,6,66,-15.625,-15.625,Closed,0,0.922,0,0.906,Yes,Fault,OK,34,OK,5.020,Inactive,-3.906,-3.125,23,0,0,15.539,OK,48
516,0.500,4.789,100,692,692,No,1,Inactive,96,13.725,00:09:47,852.500,13.333,2.069,Active,98.931,7,Enabled,Disabled,Low,546.875,633.681,91.146,707.465,Inactive,13.820,2.389,2.449,6,66,-15.625,-15.625,Closed,0,0.922,0,0.906,Yes,Fault,OK,35,OK,5.080,Inactive,-5.469,3.906,22.500,0,0,15.539,OK,48
517,0.500,4.875,100,691,691,No,1,Inactive,96,14.118,00:09:48,874.500,13.333,2.069,Active,98.931,7,Enabled,Disabled,Low,559.896,651.042,837.674,707.465,Inactive,13.770,2.629,2.434,6,66,-15.625,-15.625,Closed,0,0.922,0,0.906,Yes,Fault,OK,34,OK,5.030,Inactive,3.125,3.906,23,0,0,15.539,OK,48
518,0.500,4.719,100,691,691,No,1,Inactive,96,14.902,00:09:48,837.500,12.941,2.069,Active,98.931,7,Enabled,Disabled,Low,837.674,651.042,842.014,703.125,Inactive,13.770,2.674,2.464,6,65,-15.625,-15.625,Closed,0,0.922,0,0.906,Yes,Fault,OK,35,OK,5.060,Inactive,3.125,3.906,22.500,0,0,15.539,OK,47
519,0.500,4.750,100,691,691,No,1,Inactive,96,14.510,00:09:48,838.250,13.333,2.069,Active,98.931,7,Enabled,Disabled,Low,837.674,646.701,846.354,703.125,Inactive,13.770,2.539,2.359,6,65,-15.625,-15.625,Closed,0,0.922,0,0.906,Yes,Fault,OK,35,OK,5.100,Inactive,-1.562,-0.781,22,0,0,15.539,OK,46
520,0.500,4.727,100,690,690,No,1,Inactive,96,14.118,00:09:49,831.750,13.333,2.069,Active,98.931,7,Enabled,Disabled,Low,802.951,651.042,802.951,703.125,Inactive,13.770,2.554,2.359,6,65,-15.625,-15.625,Closed,0,0.922,0,0.906,Yes,Fault,OK,36,OK,5.110,Inactive,-4.688,-3.125,21.500,0,0,15.539,OK,46
521,6.477,4.688,100,690,690,No,1,Inactive,96,14.902,00:09:49,810,12.941,2.069,Active,98.931,7,Enabled,Disabled,Low,720.486,668.403,776.910,707.465,Inactive,13.770,2.509,2.314,6,64,-15.625,-15.625,Closed,0,0.922,0,0.906,Yes,Fault,OK,35,OK,5.470,Inactive,-6.250,-5.469,21.500,0,0,19.797,OK,45
522,9.543,7.945,100,690,690,No,1,Inactive,95,43.529,00:09:50,890.750,16.471,2.069,Active,98.931,0,Enabled,Disabled,Low,69.444,672.743,52.083,707.465,Inactive,13.746,5.138,4.793,6,45,-18.750,-20.312,Closed,0,0.922,0,0.906,Yes,Fault,OK,53,OK,15.290,Inactive,0.781,1.562,16,0,0,24.465,OK,45
523,15.305,12.766,100,690,690,No,1,Inactive,95,76.471,00:09:50,1061,77.647,2.069,Active,98.931,0,Enabled,Disabled,Low,39.062,677.083,52.083,707.465,Inactive,13.795,7.752,7.242,6,20,-18.750,-20.312,Closed,0,0.922,0,0.906,Yes,Fault,OK,81,OK,32.670,Inactive,4.688,6.250,-6,0,0,31.281,OK,44
524,19.309,38.969,100,690,690,No,1,Inactive,95,74.902,00:09:50,1301.750,95.294,2.069,Active,98.931,1,Enabled,Disabled,Low,56.424,672.743,47.743,681.424,Inactive,13.845,8.158,7.903,6,19,-6.250,-8.594,Closed,0,0.922,0,0.906,Yes,Fault,OK,82,OK,39.300,Inactive,7.812,8.594,7,0,0,35.266,OK,44
525,14.133,39.867,100,689,689,No,1,Inactive,95,56.078,00:09:51,1600,79.608,2.069,Active,98.539,1,Enabled,Disabled,Low,828.993,681.424,824.653,690.104,Inactive,13.820,6.505,6.400,6,34,-6.250,-8.594,Closed,0,0.922,0,0.906,Yes,Fault,OK,68,OK,36.810,Inactive,9.375,10.938,25,0,0,32.570,OK,44
526,0.500,19.180,100,689,689,No,1,Inactive,95,30.196,00:09:51,1277.750,49.804,2.069,Active,98.147,7,Enabled,Disabled,Low,43.403,694.444,815.972,694.444,Inactive,13.820,3.095,3.290,6,56,-18.750,-20.312,Closed,0,0.922,0,0.906,Yes,Fault,OK,46,OK,15.640,Inactive,4.688,10.938,34,0,0,23.762,OK,44
527,0.500,12.836,100,689,689,No,1,Inactive,95,30.980,00:09:52,1024.500,41.176,2.069,Active,97.755,7,Enabled,Disabled,Low,108.507,690.104,286.458,694.444,Inactive,13.845,2.719,2.719,6,61,-15.625,-15.625,Closed,0,0.922,0,0.906,Yes,Fault,OK,39,OK,12.990,Inactive,4.688,1.562,34,0,0,22.766,OK,43
528,0.500,12.086,100,689,689,No,1,Inactive,95,32.549,00:09:52,962.750,38.039,2.069,Active,97.755,7,Enabled,Disabled,Low,828.993,685.764,824.653,698.785,Inactive,13.845,2.915,2.840,6,61,-15.625,-15.625,Closed,0,0.922,0,0.906,Yes,Fault,OK,39,OK,12.920,Inactive,8.594,6.250,17.500,0,0,22.766,OK,43
529,13.918,15.117,100,689,689,No,1,Inactive,95,65.490,00:09:52,942.750,38.039,2.069,Active,97.755,0,Enabled,Disabled,Low,763.889,685.764,837.674,694.444,Inactive,13.820,3.996,4.237,6,52,-18.750,-20.312,Closed,0,0.922,0,0.906,Yes,Fault,OK,45,OK,25.580,Inactive,0,6.250,14,0,0,29.445,OK,41
530,18.645,39.688,100,688,688,No,1,Inactive,95,74.118,00:09:53,1389.500,82.745,2.069,Active,98.147,1,Enabled,Disabled,Low,112.847,668.403,69.444,685.764,Inactive,13.820,7.362,7.242,6,24,-6.250,-8.594,Closed,0,0.922,0,0.906,Yes,OK,OK,76,OK,39.140,Inactive,6.250,7.031,17.500,0,0,34.836,OK,41
531,16.477,43.305,100,688,688,No,1,Inactive,95,43.922,00:09:53,1571,84.706,2.069,Active,98.147,1,Enabled,Disabled,Low,824.653,672.743,694.444,685.764,Inactive,13.820,7.242,6.956,6,28,-6.250,-8.594,Closed,0,0.922,0,0.906,Yes,OK,OK,63,OK,43.750,Inactive,1.562,7.812,12,0,0,34.270,OK,40
532,0.500,21.062,100,688,688,No,1,Inactive,95,27.843,00:09:54,1370.500,50.196,2.069,Active,98.147,7,Enabled,Disabled,Low,125.868,672.743,798.611,694.444,Inactive,13.770,3.140,3.185,6,56,-15.625,-15.625,Closed,0,0.922,0,0.906,Yes,OK,OK,46,OK,15.880,Inactive,7.031,7.812,35,0,0,24.328,OK,40
533,0.500,14.070,100,688,688,No,1,Inactive,95,34.902,00:09:54,1029.750,42.745,2.069,Active,98.147,7,Enabled,Disabled,Low,607.639,681.424,256.076,694.444,Inactive,13.770,3.020,3.035,6,59,-15.625,-15.625,Closed,0,0.922,0,0.906,Yes,OK,OK,41,OK,14.660,Inactive,7.031,2.344,27.500,0,0,23.898,OK,39
534,0.500,20.586,100,688,688,No,1,Inactive,95,37.647,00:09:54,1005.500,48.235,2.069,Active,98.539,7,Enabled,Disabled,Low,828.993,638.021,646.701,703.125,Inactive,13.646,5.288,5.484,6,41,-14.062,-14.062,Closed,0,0.922,0,0.906,Yes,OK,OK,58,OK,14.340,Inactive,2.344,7.812,9.500,0,0,23.332,OK,38
535,0.500,10.898,100,687,687,No,1,Inactive,95,35.294,00:09:55,910.500,36.863,2.069,Active,98.539,7,Enabled,Disabled,Low,798.611,620.660,872.396,707.465,Inactive,13.720,5.919,5.934,6,32,-14.062,-14.062,Closed,0,0.922,0,0.906,Yes,OK,OK,67,OK,12.820,Inactive,1.562,7.031,11,0,0,23.488,OK,37
536,0.500,11.609,100,687,687,No,1,Inactive,95,33.725,00:09:55,934,47.843,2.069,Active,98.539,7,Enabled,Disabled,Low,104.167,646.701,742.188,703.125,Inactive,13.696,6.415,5.694,6,31,-14.062,-14.062,Closed,0,0.922,0,0.906,Yes,OK,OK,70,OK,12.600,Inactive,5.469,2.344,10.500,0,0,23.332,OK,36
537,0.500,12.008,100,686,686,No,1,Inactive,95,31.373,00:09:56,950.750,50.588,2.069,Active,98.539,7,Enabled,Disabled,Low,772.569,620.660,407.986,698.785,Inactive,13.746,6.505,5.379,6,29,-13.281,-14.062,Closed,0,0.922,0,0.906,Yes,OK,OK,71,OK,11.950,Inactive,6.250,0,10.500,0,0,23.195,OK,34
538,0.500,12.070,100,686,686,No,1,Inactive,95,28.235,00:09:56,986.500,47.843,2.069,Active,98.931,7,Enabled,Disabled,Low,802.951,633.681,785.590,707.465,Inactive,13.720,6.175,5.544,6,31,-13.281,-14.062,Closed,0,0.922,0,0.906,Yes,OK,OK,69,OK,11.260,Inactive,6.250,5.469,6.500,0,0,22.629,OK,34
539,0.500,11.461,100,686,686,No,1,Inactive,95,25.490,00:09:56,999.500,43.529,2.069,Active,98.931,7,Enabled,Disabled,Low,742.188,642.361,824.653,711.806,Inactive,13.696,5.409,5.078,6,36,-13.281,-14.062,Closed,0,0.922,0,0.906,Yes,OK,OK,65,OK,10.350,Inactive,1.562,5.469,12,0,0,21.633,OK,32
540,0.500,10.336,100,686,686,No,1,Inactive,95,24.706,00:09:57,975,35.294,2.069,Active,98.931,7,Enabled,Disabled,Low,798.611,629.340,802.951,707.465,Inactive,13.696,5.379,4.522,6,40,-12.500,-14.062,Closed,0,0.922,0,0.906,Yes,OK,OK,61,OK,9.750,Inactive,5.469,0.781,12,0,0,21.066,OK,31
541,0.500,9.352,100,686,686,No,1,Inactive,95,23.922,00:09:57,913.750,30.196,2.069,Active,98.931,7,Enabled,Disabled,Low,842.014,642.361,629.340,703.125,Inactive,13.696,5.063,4.207,6,41,-12.500,-14.062,Closed,0,0.922,0,0.906,Yes,OK,OK,59,OK,9.150,Inactive,5.469,0,12,0,0,20.500,OK,29
542,0.500,8.758,100,685,685,No,1,Inactive,95,23.529,00:09:58,874,24.706,2.069,Active,98.931,7,Enabled,Disabled,Low,842.014,646.701,316.840,703.125,Inactive,13.770,4.703,3.936,6,42,-12.500,-14.062,Closed,0,0.922,0,0.906,Yes,OK,OK,58,OK,8.590,Inactive,0.781,-3.906,12,0,0,20.070,OK,28
543,0.500,7.953,100,685,685,No,1,Inactive,95,20.784,00:09:58,841.250,20.784,2.069,Active,98.931,7,Enabled,Disabled,Low,807.292,651.042,659.722,711.806,Inactive,13.746,4.312,3.996,6,46,-12.500,-14.062,Closed,0,0.922,0,0.906,Yes,OK,OK,55,OK,7.180,Inactive,0,3.906,12,0,0,18.938,OK,26
544,0.500,7.125,100,685,685,No,1,Inactive,95,21.961,00:09:58,766.500,16.863,2.069,Active,98.931,7,Enabled,Disabled,Low,681.424,651.042,798.611,707.465,Inactive,13.746,4.162,4.041,6,46,-12.500,-14.062,Closed,0,0.922,0,0.906,Yes,OK,OK,54,OK,7.170,Inactive,-3.125,3.906,12,0,0,18.664,OK,23
545,0.500,6.141,100,684,684,No,1,Inactive,95,20,00:09:59,695.750,16.078,2.069,Active,98.931,7,Enabled,Disabled,Low,182.292,681.424,815.972,707.465,Inactive,13.795,3.621,2.990,6,51,-12.500,-14.062,Closed,0,0.922,0,0.906,Yes,OK,OK,50,OK,6.370,Inactive,3.906,-0.781,-5.500,0,0,17.375,OK,21
546,0.500,7.930,100,684,684,No,1,Inactive,95,18.431,00:09:59,660.500,19.608,2.069,Active,98.931,7,Enabled,Disabled,Low,859.375,694.444,733.507,707.465,Inactive,13.845,2.554,2.133,6,61,-12.500,-14.062,Closed,0,0.922,0,0.906,Yes,OK,OK,40,OK,5.990,Inactive,3.906,-1.562,4.500,0,0,17.668,OK,19
547,0.500,7.422,100,683,683,No,1,Inactive,95,18.431,00:10:00,704.250,16.863,2.069,Active,98.931,7,Enabled,Disabled,Low,733.507,690.104,47.743,711.806,Inactive,13.820,2.043,2.028,6,65,-12.500,-14.062,Closed,0,0.922,0,0.906,Yes,Fault,OK,36,OK,6.020,Inactive,-0.781,3.906,10,0,0,17.512,OK,18
548,0.500,7.023,100,683,683,No,1,Inactive,95,17.255,00:10:00,744.750,15.686,2.069,Active,98.931,7,Enabled,Disabled,Low,60.764,690.104,56.424,707.465,Inactive,13.845,1.908,1.848,6,68,-12.500,-14.062,Closed,0,0.922,0,0.906,Yes,Fault,OK,32,OK,5.780,Inactive,3.906,4.688,23.500,0,0,17.375,OK,17
549,0.500,6.227,100,683,683,No,1,Inactive,95,18.824,00:10:00,690.750,15.294,2.069,Active,98.931,7,Enabled,Disabled,Low,60.764,690.104,60.764,707.465,Inactive,13.895,1.863,1.893,6,69,-12.500,-13.281,Closed,0,0.922,0,0.906,Yes,Fault,OK,31,OK,5.900,Inactive,4.688,7.812,19,0,0,17.668,OK,15
550,2.727,5.508,100,682,682,No,1,Inactive,95,19.608,00:10:01,597,14.510,2.069,Active,98.931,7,Enabled,Disabled,Low,520.833,685.764,156.250,707.465,Inactive,13.895,2.269,2.254,6,68,-11.719,-12.500,Closed,0,0.922,0,0.906,Yes,Fault,OK,32,OK,6.970,Inactive,8.594,10.156,16.500,0,0,18.664,OK,14
551,5.090,6.008,100,682,682,No,1,Inactive,95,21.176,00:10:01,608.750,14.902,2.069,Active,98.931,7,Enabled,Disabled,Low,842.014,690.104,863.715,707.465,Inactive,13.870,2.254,2.464,6,66,-10.938,-12.500,Closed,0,0.922,0,0.906,Yes,Fault,OK,34,OK,6.970,Inactive,0.781,10.156,16.500,0,0,18.664,OK,12
552,9.680,8.859,100,681,681,No,1,Inactive,95,39.608,00:10:02,628.750,16.471,2.069,Active,98.931,0,Enabled,Disabled,Low,802.951,694.444,868.056,707.465,Inactive,13.895,3.185,3.155,6,56,-18.750,-20.312,Closed,0,0.922,0,0.906,Yes,Fault,OK,44,OK,12.700,Inactive,0,1.562,18.500,0,0,22.629,OK,10
553,13.977,14.703,100,681,681,No,1,Inactive,95,47.843,00:10:02,842.750,41.569,2.069,Active,98.931,0,Enabled,Disabled,Low,34.722,685.764,30.382,716.146,Inactive,13.870,3.906,3.756,6,48,-18.750,-20.312,Closed,0,0.922,0,0.906,Yes,Fault,OK,52,OK,16.600,Inactive,6.250,5.469,6.500,0,0,25.461,OK,9
554,11.379,19.258,100,681,681,No,1,Inactive,95,41.961,00:10:03,1109.500,47.451,2.069,Active,98.931,0,Enabled,Disabled,Low,47.743,677.083,39.062,716.146,Inactive,13.845,3.876,3.786,6,50,-17.969,-19.531,Closed,0,0.922,0,0.906,Yes,Fault,OK,51,OK,18.610,Inactive,10.156,9.375,29,0,0,25.324,OK,9
555,0.500,11.945,100,681,681,No,1,Inactive,95,22.745,00:10:03,1024.250,46.667,2.069,Active,98.147,7,Enabled,Disabled,Low,815.972,685.764,542.535,711.806,Inactive,13.820,2.659,2.644,6,63,-10.938,-12.500,Closed,0,0.922,0,0.906,Yes,Fault,OK,37,OK,9.600,Inactive,12.500,11.719,40,0,0,20.637,OK,9
556,0.500,9.281,100,681,681,No,1,Inactive,95,25.882,00:10:03,897.250,34.902,2.069,Active,97.755,7,Enabled,Disabled,Low,859.375,685.764,859.375,711.806,Inactive,13.621,2.254,2.434,6,66,-10.938,-12.500,Closed,0,0.922,0,0.906,Yes,Fault,OK,34,OK,9.490,Inactive,3.906,11.719,30.500,0,0,20.637,OK,10
557,0.500,9.055,100,680,680,No,1,Inactive,95,27.451,00:10:04,855.500,25.882,2.069,Active,97.755,7,Enabled,Disabled,Low,855.035,677.083,881.076,711.806,Inactive,13.845,2.359,2.329,6,65,-10.938,-12.500,Closed,0,0.922,0,0.906,Yes,Fault,OK,35,OK,9.450,Inactive,3.125,3.125,25.500,0,0,20.500,OK,9
558,0.500,8.492,100,680,680,No,1,Inactive,95,25.490,00:10:04,813.500,23.922,2.069,Active,97.755,7,Enabled,Disabled,Low,855.035,685.764,850.694,711.806,Inactive,13.820,2.224,2.269,6,66,-10.938,-12.500,Closed,0,0.922,0,0.906,Yes,Fault,OK,35,OK,8.840,Inactive,-0.781,2.344,26,0,0,20.070,OK,9
559,0.500,7.266,100,679,679,No,1,Inactive,95,23.922,00:10:05,726.750,18.824,2.069,Active,97.755,7,Enabled,Disabled,Low,807.292,690.104,837.674,716.146,Inactive,13.845,2.118,2.133,6,67,-10.938,-12.500,Closed,0,0.922,0,0.906,Yes,Fault,OK,33,OK,7.810,Inactive,-3.125,-1.562,21.500,0,0,19.230,OK,7
560,0.500,6.633,100,679,679,No,1,Inactive,95,23.529,00:10:05,637.750,16.471,2.069,Active,97.755,7,Enabled,Disabled,Low,776.910,681.424,781.250,716.146,Inactive,13.820,2.269,2.269,6,65,-10.938,-12.500,Closed,0,0.922,0,0.906,Yes,Fault,OK,35,OK,7.590,Inactive,-1.562,0,14.500,0,0,19.074,OK,6
561,0.500,6.508,100,679,679,No,1,Inactive,95,23.137,00:10:05,609.500,16.471,2.069,Active,98.147,7,Enabled,Disabled,Low,802.951,685.764,785.590,716.146,Inactive,13.870,2.389,2.374,6,64,-10.938,-12.500,Closed,0,0.922,0,0.906,Yes,Fault,OK,36,OK,7.370,Inactive,-2.344,-1.562,14,0,0,18.371,OK,5
562,0.500,6.297,100,678,678,No,1,Inactive,95,22.353,00:10:06,563.500,16.078,2.069,Active,98.147,6,Enabled,Disabled,Low,828.993,677.083,785.590,716.146,Inactive,13.845,2.389,2.329,6,63,-13.281,-15.625,Closed,0,0.922,0,0.906,Yes,Fault,OK,38,OK,7.090,Inactive,-2.344,-2.344,15.500,0,0,18.664,OK,3
563,0.500,6.422,100,678,678,No,1,Inactive,95,21.961,00:10:06,573.250,16.078,2.069,Active,98.539,6,Enabled,Disabled,Low,794.271,690.104,720.486,716.146,Inactive,13.895,2.434,2.389,6,62,-13.281,-15.625,Closed,0,0.922,0,0.906,Yes,Fault,OK,38,OK,7.160,Inactive,-3.125,-3.125,16,0,0,18.801,OK,2
564,0.500,7.078,100,677,677,No,1,Inactive,95,23.922,00:10:07,598.750,16.863,2.069,Active,98.539,6,Enabled,Disabled,Low,121.528,685.764,134.549,716.146,Inactive,13.845,2.719,2.659,6,61,-13.281,-15.625,Closed,0,0.922,0,0.906,Yes,Fault,OK,39,OK,7.700,Inactive,3.125,3.125,15,0,0,18.938,OK,1
565,0.500,6.836,100,677,677,No,1,Inactive,95,21.176,00:10:07,624.750,17.255,2.069,Active,98.539,6,Enabled,Disabled,Low,143.229,685.764,69.444,720.486,Inactive,13.870,2.389,2.359,6,63,-13.281,-15.625,Closed,0,0.922,0,0.906,Yes,Fault,OK,37,OK,6.700,Inactive,3.125,3.125,12,0,0,18.371,OK,0
566,0.500,6.031,100,677,677,No,1,Inactive,95,20,00:10:07,571.750,15.686,2.069,Active,98.539,6,Enabled,Disabled,Low,811.632,672.743,651.042,720.486,Inactive,13.746,2.344,2.299,6,64,-13.281,-15.625,Closed,0,0.922,0,0.906,Yes,Fault,OK,36,OK,6.320,Inactive,3.125,3.125,14,0,0,18.078,OK,0
567,0.500,6.055,100,676,676,No,1,Inactive,95,20.392,00:10:08,564.750,15.294,2.069,Active,98.539,6,Enabled,Disabled,Low,815.972,681.424,755.208,720.486,Inactive,13.895,2.449,2.389,6,63,-13.281,-15.625,Closed,0,0.922,0,0.906,Yes,Fault,OK,37,OK,6.610,Inactive,3.125,3.125,17.500,0,0,18.234,OK,0
568,0.500,7.094,100,676,676,No,1,Inactive,95,20.392,00:10:08,679,16.471,2.069,Active,98.539,6,Enabled,Disabled,Low,828.993,690.104,798.611,716.146,Inactive,13.845,2.209,2.209,6,65,-13.281,-15.625,Closed,0,0.922,0,0.906,Yes,Fault,OK,36,OK,6.690,Inactive,0.781,3.125,8.500,0,0,18.234,OK,0
569,0.500,6.438,100,675,675,No,1,Inactive,95,18.824,00:10:09,634,16.078,2.069,Active,98.539,6,Enabled,Disabled,Low,616.319,685.764,742.188,720.486,Inactive,13.870,2.073,2.043,6,65,-13.281,-15.625,Closed,0,0.922,0,0.906,Yes,Fault,OK,35,OK,6.120,Inactive,3.125,3.125,13,0,0,17.805,OK,0
570,5.461,6.211,100,675,675,No,1,Inactive,95,20,00:10:09,599.750,14.510,2.069,Active,98.539,6,Enabled,Disabled,Low,47.743,694.444,91.146,724.826,Inactive,13.870,2.254,2.209,6,64,-13.281,-15.625,Closed,0,0.922,0,0.906,Yes,Fault,OK,36,OK,6.490,Inactive,3.125,3.125,17,0,0,19.230,OK,0
571,17.492,6.445,100,675,675,No,1,Inactive,95,27.843,00:10:09,536.750,14.902,2.069,Active,98.539,0,Enabled,Disabled,Low,65.104,690.104,52.083,724.826,Inactive,13.746,2.930,2.900,6,60,-17.969,-19.531,Closed,0,0.922,0,0.906,Yes,Fault,OK,39,OK,9.340,Inactive,5.469,6.250,19,0,0,21.496,OK,0
572,16.477,11.750,100,674,674,No,1,Inactive,95,42.745,00:10:10,731,25.098,2.069,Active,98.539,0,Enabled,Disabled,Low,69.444,681.424,56.424,724.826,Inactive,13.895,3.966,3.936,6,50,-17.188,-18.750,Closed,0,0.922,0,0.906,Yes,Fault,OK,49,OK,14.910,Inactive,7.812,9.375,20,0,0,24.328,OK,1
573,19.035,18.383,100,674,674,No,1,Inactive,95,38.039,00:10:10,1031.500,45.098,2.069,Active,98.931,0,Enabled,Disabled,Low,56.424,677.083,56.424,724.826,Inactive,13.895,4.402,4.327,6,47,-16.406,-18.750,Closed,0,0.922,0,0.906,Yes,Fault,OK,54,OK,20.940,Inactive,13.281,13.281,22.500,0,0,27.590,OK,2
574,0.500,14.438,100,673,673,No,1,Inactive,95,25.098,00:10:11,968,48.627,2.069,Active,98.931,6,Enabled,Disabled,Low,842.014,668.403,824.653,724.826,Inactive,13.845,2.900,2.840,6,60,-12.500,-14.062,Closed,0,0.922,0,0.906,Yes,Fault,OK,37,OK,10.020,Inactive,10.938,11.719,37,0,0,21.066,OK,5
575,0.500,9.844,100,673,673,No,1,Inactive,95,27.451,00:10:11,868.750,41.961,2.069,Active,98.931,7,Enabled,Disabled,Low,846.354,685.764,798.611,729.167,Inactive,13.795,2.674,2.644,6,63,-12.500,-14.062,Closed,0,0.922,0,0.906,Yes,Fault,OK,37,OK,10.020,Inactive,10.938,11.719,31,0,0,21.066,OK,6
576,0.500,9.305,100,673,673,No,1,Inactive,95,30.196,00:10:11,777.500,29.804,2.069,Active,98.931,7,Enabled,Disabled,Low,868.056,668.403,872.396,729.167,Inactive,13.820,2.975,2.945,6,61,-10.938,-12.500,Closed,0,0.922,0,0.906,Yes,Fault,OK,39,OK,10.210,Inactive,10.938,11.719,19,0,0,21.066,OK,6
577,0.500,9.430,100,672,672,No,1,Inactive,95,30.980,00:10:12,756,27.059,2.069,Active,98.539,7,Enabled,Disabled,Low,889.757,685.764,881.076,733.507,Inactive,13.845,2.990,3.140,6,60,-10.938,-12.500,Closed,0,0.922,0,0.906,Yes,Fault,OK,40,OK,10.380,Inactive,5.469,11.719,16,0,0,21.066,OK,6
578,0.500,9.898,100,672,672,No,1,Inactive,95,31.765,00:10:12,776.750,29.020,2.069,Active,98.539,7,Enabled,Disabled,Low,872.396,698.785,881.076,737.847,Inactive,13.820,2.975,3.140,6,59,-10.938,-12.500,Closed,0,0.922,0,0.906,Yes,Fault,OK,41,OK,10.320,Inactive,5.469,11.719,16,0,0,21.066,OK,5
579,0.500,10.008,100,671,671,No,1,Inactive,95,30.980,00:10:13,794.750,29.412,2.069,Active,98.539,7,Enabled,Disabled,Low,842.014,694.444,868.056,750.868,Inactive,13.820,2.870,2.855,6,60,-10.938,-12.500,Closed,0,0.922,0,0.906,Yes,Fault,OK,40,OK,9.970,Inactive,5.469,5.469,17.500,0,0,20.930,OK,5
580,0.500,9.031,100,671,671,No,1,Inactive,95,27.451,00:10:13,739.250,25.098,2.069,Active,98.931,7,Enabled,Disabled,Low,850.694,724.826,842.014,772.569,Inactive,13.820,2.644,2.644,6,62,-10.938,-12.500,Closed,0,0.922,0,0.906,Yes,Fault,OK,39,OK,9.080,Inactive,4.688,5.469,18.500,0,0,20.363,OK,4
581,0.500,8.484,100,670,670,No,1,Inactive,95,26.667,00:10:14,724,22.353,2.069,Active,98.931,7,Enabled,Disabled,Low,837.674,746.528,842.014,811.632,Inactive,13.820,2.674,2.674,6,62,-10.938,-12.500,Closed,0,0.922,0,0.906,Yes,Fault,OK,38,OK,8.820,Inactive,3.125,5.469,17.500,0,0,20.070,OK,4
582,0.500,7.656,100,670,670,No,1,Inactive,95,24.314,00:10:14,686.750,19.216,2.069,Active,98.931,6,Enabled,Disabled,Low,859.375,755.208,850.694,868.056,Inactive,13.820,2.419,2.464,6,63,-12.500,-14.062,Closed,0,0.922,0,0.906,Yes,Fault,OK,37,OK,8.020,Inactive,0.781,4.688,17,0,0,19.504,OK,3
583,0.500,7.336,100,670,670,No,1,Inactive,95,22.745,00:10:14,646.250,17.647,2.069,Active,98.931,6,Enabled,Disabled,Low,811.632,768.229,815.972,868.056,Inactive,13.795,2.419,2.449,6,62,-12.500,-14.062,Closed,0,0.922,0,0.906,Yes,Fault,OK,38,OK,7.330,Inactive,0.781,3.906,14,0,0,18.801,OK,2
584,0.500,6.820,100,669,669,No,1,Inactive,95,21.569,00:10:15,614.250,16.471,2.069,Active,98.931,6,Enabled,Disabled,Low,759.549,759.549,776.910,872.396,Inactive,13.820,2.359,2.374,6,63,-12.500,-14.062,Closed,0,0.922,0,0.906,Yes,Fault,OK,38,OK,7.180,Inactive,-1.562,0.781,14,0,0,18.664,OK,1
585,4.094,6.297,100,669,669,No,1,Inactive,95,21.569,00:10:15,574.500,16.078,2.069,Active,98.931,6,Enabled,Disabled,Low,672.743,768.229,677.083,868.056,Inactive,13.820,2.389,2.404,6,63,-12.500,-14.062,Closed,0,0.922,0,0.906,Yes,Fault,OK,38,OK,6.910,Inactive,-1.562,0.781,13.500,0,0,18.801,OK,1
586,0.500,7.344,100,668,668,No,1,Inactive,95,26.275,00:10:16,601.750,16.471,2.069,Active,98.931,6,Enabled,Disabled,Low,694.444,768.229,642.361,868.056,Inactive,13.795,2.870,2.614,6,60,-11.719,-14.062,Closed,0,0.922,0,0.906,Yes,Fault,OK,40,OK,8.320,Inactive,4.688,-0.781,16,0,0,19.074,OK,1
587,0.500,7.219,100,668,668,No,1,Inactive,95,21.176,00:10:16,649.750,17.255,2.069,Active,98.931,6,Enabled,Disabled,Low,820.312,759.549,138.889,863.715,Inactive,13.795,2.434,2.449,6,63,-11.719,-13.281,Closed,0,0.922,0,0.906,Yes,Fault,OK,38,OK,6.880,Inactive,3.125,4.688,19.500,0,0,18.508,OK,1
588,0.500,6.891,100,668,668,No,1,Inactive,95,21.176,00:10:16,628.750,16.471,2.069,Active,98.931,6,Enabled,Disabled,Low,672.743,759.549,95.486,855.035,Inactive,13.770,2.344,2.374,6,63,-11.719,-12.500,Closed,0,0.922,0,0.906,Yes,Fault,OK,37,OK,6.940,Inactive,3.125,4.688,18.500,0,0,18.508,OK,1
589,0.500,6.430,100,668,668,No,1,Inactive,95,20.392,00:10:17,594.500,16.078,2.069,Active,98.931,6,Enabled,Disabled,Low,108.507,742.188,95.486,850.694,Inactive,13.820,2.464,2.449,6,63,-10.156,-10.938,Closed,0,0.922,0,0.906,Yes,Fault,OK,37,OK,6.610,Inactive,4.688,4.688,18,0,0,18.078,OK,0
590,0.500,6.008,100,668,668,No,1,Inactive,95,18.824,00:10:17,569.250,15.294,2.069,Active,98.931,6,Enabled,Disabled,Low,729.167,755.208,694.444,846.354,Inactive,13.746,2.404,2.404,6,64,-10.156,-10.938,Closed,0,0.922,0,0.906,Yes,Fault,OK,37,OK,6.150,Inactive,4.688,5.469,17.500,0,0,17.668,OK,0
591,0.500,5.477,100,667,667,No,1,Inactive,95,18.824,00:10:18,524.750,14.510,2.069,Active,98.931,6,Enabled,Disabled,Low,833.333,746.528,824.653,842.014,Inactive,13.770,2.404,2.449,6,64,-9.375,-10.156,Closed,0,0.922,0,0.906,Yes,Fault,OK,36,OK,5.790,Inactive,3.125,5.469,18.500,0,0,17.512,OK,0
592,0.500,6.070,100,667,667,No,1,Inactive,95,19.608,00:10:18,546.250,14.902,2.069,Active,98.931,6,Enabled,Disabled,Low,850.694,755.208,833.333,842.014,Inactive,13.820,2.509,2.554,6,62,-9.375,-10.156,Closed,0,0.922,0,0.906,Yes,Fault,OK,38,OK,6.220,Inactive,3.125,5.469,17.500,0,0,17.941,OK,0
593,17.316,8.609,100,667,667,No,1,Inactive,95,48.235,00:10:18,555.750,16.471,2.069,Active,98.931,0,Enabled,Disabled,Low,815.972,742.188,837.674,837.674,Inactive,13.795,3.951,3.951,6,51,-16.406,-18.750,Closed,0,0.922,0,0.906,Yes,Fault,OK,47,OK,16.700,Inactive,0.781,2.344,12.500,0,0,26.184,Fault,1
594,18.547,21.742,100,666,666,No,1,Inactive,95,56.863,00:10:19,1008.750,50.980,2.069,Active,98.931,0,Enabled,Disabled,Low,82.465,737.847,112.847,828.993,Inactive,13.845,4.703,4.688,6,38,-16.406,-18.750,Closed,0,0.922,0,0.906,Yes,Fault,OK,62,OK,22.290,Inactive,4.688,7.031,22.500,0,0,28.156,OK,1
595,13.449,18.883,100,666,666,No,1,Inactive,95,37.255,00:10:19,1106.500,53.333,2.069,Active,98.931,0,Enabled,Disabled,Low,34.722,737.847,39.062,820.312,Inactive,13.845,3.756,3.651,6,50,-16.406,-17.969,Closed,0,0.922,0,0.906,Yes,Fault,OK,51,OK,17.100,Inactive,8.594,9.375,30,0,0,25.324,OK,3
596,13.605,16.633,100,665,665,No,1,Inactive,95,42.745,00:10:20,1001.750,51.765,2.069,Active,98.931,0,Enabled,Disabled,Low,73.785,716.146,69.444,815.972,Inactive,13.870,3.936,3.936,6,51,-15.625,-17.969,Closed,0,0.922,0,0.906,Yes,Fault,OK,49,OK,17.430,Inactive,11.719,13.281,29,0,0,25.617,OK,5
597,14.289,17.953,100,665,665,No,1,Inactive,95,42.745,00:10:20,1073.250,50.588,2.069,Active,98.931,0,Enabled,Disabled,Low,828.993,724.826,824.653,807.292,Inactive,13.845,3.546,3.546,6,51,-15.625,-17.969,Closed,0,0.922,0,0.906,Yes,Fault,OK,49,OK,18.320,Inactive,3.125,14.062,30,0,0,25.891,OK,6
598,0.500,17.047,100,665,665,No,1,Inactive,95,35.686,00:10:20,1096.750,49.804,2.069,Active,98.931,7,Enabled,Disabled,Low,91.146,716.146,73.785,802.951,Inactive,13.845,3.380,3.380,6,54,-15.625,-17.188,Closed,0,0.922,0,0.906,Yes,Fault,OK,48,OK,13.360,Inactive,8.594,10.156,32,0,0,22.199,OK,8
599,0.500,10.781,100,664,664,No,1,Inactive,95,25.882,00:10:21,932.500,47.451,2.069,Active,98.931,7,Enabled,Disabled,Low,824.653,711.806,820.312,798.611,Inactive,13.820,2.464,2.449,6,63,-10.938,-12.500,Closed,0,0.922,0,0.906,Yes,OK,OK,37,OK,10.090,Inactive,3.906,9.375,38.500,0,0,20.930,OK,8
600,0.500,10.102,100,664,664,No,1,Inactive,95,27.843,00:10:21,883.250,34.510,2.069,Active,98.931,7,Enabled,Disabled,Low,850.694,711.806,824.653,794.271,Inactive,13.845,2.434,2.449,6,63,-10.938,-12.500,Closed,0,0.922,0,0.906,Yes,OK,OK,37,OK,10.140,Inactive,3.125,4.688,24,0,0,20.930,OK,9
601,0.500,9.492,100,664,664,No,1,Inactive,95,27.059,00:10:22,845.250,28.627,2.069,Active,98.931,7,Enabled,Disabled,Low,850.694,707.465,828.993,789.931,Inactive,13.845,2.329,2.359,6,63,-10.938,-12.500,Closed,0,0.922,0,0.906,Yes,OK,OK,37,OK,9.400,Inactive,-0.781,2.344,24.500,0,0,20.500,OK,8
602,0.500,8.461,100,664,664,No,1,Inactive,95,26.667,00:10:22,772.750,23.529,2.069,Active,98.931,7,Enabled,Disabled,Low,703.125,707.465,807.292,785.590,Inactive,13.820,2.359,2.374,6,64,-10.938,-12.500,Closed,0,0.922,0,0.906,Yes,OK,OK,36,OK,8.840,Inactive,0,1.562,23,0,0,20.070,OK,6
603,0.500,7.375,100,664,664,No,1,Inactive,95,24.706,00:10:22,678.250,18.431,2.069,Active,98.931,6,Enabled,Disabled,Low,815.972,711.806,802.951,785.590,Inactive,13.820,2.389,2.419,6,64,-9.375,-10.156,Closed,0,0.922,0,0.906,Yes,Fault,OK,36,OK,8.180,Inactive,-0.781,0.781,17,0,0,19.504,OK,5
