Num,1. # Codes(Include History) (ACIS VSV),2. +BM Voltage (ACT VSV),3. 2nd Air Monitor (Actuator Power Supply),4. 2nd Air Monitor (AF Lambda B1S1),5. 2nd Air Monitor CMPL (AF Lambda B2S1),6. 2nd Air Monitor ENA (AFS Current B1S1),7. 4WD Switch (AFS Current B2S1),8. A/C Monitor (AFS Voltage B1S1),9. A/C Monitor (AFS Voltage B2S1),10. A/C Monitor CMPL (All Cylinders Misfire Count),11. A/C Monitor ENA (Atmosphere Pressure),12. A/C Signal (Av Engine Speed of All Cyl),13. A/F Heater Duty B1S1 (Battery Voltage),14. A/F Heater Duty B2S1 (Calculate Load),15. A/T Oil Temperature 1 (Cancel Switch),16. A/T Oil Temperature 2 (Cat OT MF F/C Cylinder#1),17. Accel Fully Close Learn #1 (Cat OT MF F/C Cylinder#2),18. Accel Fully Close Learn #2 (Cat OT MF F/C Cylinder#3),19. Accel Sens. No.1 Volt % (Cat OT MF F/C Cylinder#4),20. Accel Sens. No.2 Volt % (Cat OT MF F/C Cylinder#5),21. Accel Sensor Out No.1 (Cat OT MF F/C Cylinder#6),22. Accel Sensor Out No.2 (Cat OT MF F/C History),23. Accelerator Idle Position (Catalyst Monitor),24. Accelerator Position (Catalyst Monitor)
1,0,14.159,Not Avl,Compl,Compl,Unable,ON,Not Avl,Compl,Compl,Unable,OFF,38.281,38.281,28.750,28.750,19.531,39.551,15.686,31.765,0.781,1.582,ON,0
2,OFF,ON,ON,0.999,1.003,-0.020,-0.059,3.259,3.171,0,97,51199.219,13.906,23.137,OFF,OFF,OFF,OFF,OFF,OFF,OFF,OFF,0,0
3,0,0,0,0,0,0,0,0,0,0,0,0,0,0,0,0,0,0,0,0,0,0,0,0
4,0,0,0,0,0,0,0,0,0,0,0,0,0,0,0,0,0,0,0,0,0,0,0,0
5,0,0,0,0,0,0,0,0,0,0,0,0,0,0,0,0,0,0,0,0,0,0,0,0
6,0,0,0,0,0,0,0,0,0,0,0,0,0,0,0,0,0,0,0,0,0,0,0,0
7,0,0,0,0,0,0,0,0,0,0,0,0,0,0,0,0,0,0,0,0,0,0,0,0
8,0,0,0,0,0,0,0,0,0,0,0,0,0,0,0,0,0,0,0,0,0,0,0,0
9,0,0,0,0,0,0,0,0,0,0,0,0,0,0,0,0,0,0,0,0,0,0,0,0
10,0,14.159,Not Avl,Compl,Compl,Unable,ON,Not Avl,Compl,Compl,Unable,OFF,38.281,38.281,28.750,28.750,19.531,39.551,15.686,31.765,0.781,1.582,ON,0
11,OFF,ON,ON,0.999,1.003,-0.020,-0.059,3.259,3.171,0,97,51199.219,13.906,23.137,OFF,OFF,OFF,OFF,OFF,OFF,OFF,OFF,0,0
12,0,0,0,0,0,0,0,0,0,0,0,0,0,0,0,0,0,0,0,0,0,0,0,0
13,0,0,0,0,0,0,0,0,0,0,0,0,0,0,0,0,0,0,0,0,0,0,0,0
14,0,0,0,0,0,0,0,0,0,0,0,0,0,0,0,0,0,0,0,0,0,0,0,0
15,0,0,0,0,0,0,0,0,0,0,0,0,0,0,0,0,0,0,0,0,0,0,0,0
16,0,0,0,0,0,0,0,0,0,0,0,0,0,0,0,0,0,0,0,0,0,0,0,0
17,0,0,0,0,0,0,0,0,0,0,0,0,0,0,0,0,0,0,0,0,0,0,0,0
18,0,0,0,0,0,0,0,0,0,0,0,0,0,0,0,0,0,0,0,0,0,0,0,0
19,0,14.160,Not Avl,Compl,Compl,Unable,ON,Not Avl,Compl,Compl,Unable,OFF,38.281,38.281,28.750,28.750,19.531,39.551,15.686,31.765,0.781,1.582,ON,0
20,OFF,ON,ON,0.999,1.003,-0.020,-0.059,3.259,3.171,0,97,51199.219,13.906,23.137,OFF,OFF,OFF,OFF,OFF,OFF,OFF,OFF,0,0
21,0,0,0,0,0,0,0,0,0,0,0,0,0,0,0,0,0,0,0,0,0,0,0,0
22,0,0,0,0,0,0,0,0,0,0,0,0,0,0,0,0,0,0,0,0,0,0,0,0
23,0,0,0,0,0,0,0,0,0,0,0,0,0,0,0,0,0,0,0,0,0,0,0,0
24,0,0,0,0,0,0,0,0,0,0,0,0,0,0,0,0,0,0,0,0,0,0,0,0
25,0,0,0,0,0,0,0,0,0,0,0,0,0,0,0,0,0,0,0,0,0,0,0,0
26,0,0,0,0,0,0,0,0,0,0,0,0,0,0,0,0,0,0,0,0,0,0,0,0
27,0,0,0,0,0,0,0,0,0,0,0,0,0,0,0,0,0,0,0,0,0,0,0,0
28,0,14.160,Not Avl,Compl,Compl,Unable,ON,Not Avl,Compl,Compl,Unable,OFF,38.281,38.281,28.750,28.750,19.531,39.551,15.686,31.765,0.781,1.582,ON,0
29,OFF,ON,ON,0.999,1.003,-0.020,-0.059,3.259,3.171,0,97,51199.219,13.906,23.137,OFF,OFF,OFF,OFF,OFF,OFF,OFF,OFF,0,0
30,0,0,0,0,0,0,0,0,0,0,0,0,0,0,0,0,0,0,0,0,0,0,0,0
31,0,0,0,0,0,0,0,0,0,0,0,0,0,0,0,0,0,0,0,0,0,0,0,0
32,0,0,0,0,0,0,0,0,0,0,0,0,0,0,0,0,0,0,0,0,0,0,0,0
33,0,0,0,0,0,0,0,0,0,0,0,0,0,0,0,0,0,0,0,0,0,0,0,0
34,0,0,0,0,0,0,0,0,0,0,0,0,0,0,0,0,0,0,0,0,0,0,0,0
35,0,0,0,0,0,0,0,0,0,0,0,0,0,0,0,0,0,0,0,0,0,0,0,0
36,0,0,0,0,0,0,0,0,0,0,0,0,0,0,0,0,0,0,0,0,0,0,0,0
37,0,14.160,Not Avl,Compl,Compl,Unable,ON,Not Avl,Compl,Compl,Unable,OFF,38.281,38.281,28.750,28.750,19.531,39.551,15.686,31.765,0.781,1.582,ON,0
38,OFF,ON,ON,0.999,1.003,-0.020,-0.059,3.259,3.171,0,97,51199.219,13.906,23.137,OFF,OFF,OFF,OFF,OFF,OFF,OFF,OFF,0,0
39,0,0,0,0,0,0,0,0,0,0,0,0,0,0,0,0,0,0,0,0,0,0,0,0
40,0,0,0,0,0,0,0,0,0,0,0,0,0,0,0,0,0,0,0,0,0,0,0,0
41,0,0,0,0,0,0,0,0,0,0,0,0,0,0,0,0,0,0,0,0,0,0,0,0
42,0,0,0,0,0,0,0,0,0,0,0,0,0,0,0,0,0,0,0,0,0,0,0,0
43,0,0,0,0,0,0,0,0,0,0,0,0,0,0,0,0,0,0,0,0,0,0,0,0
44,0,0,0,0,0,0,0,0,0,0,0,0,0,0,0,0,0,0,0,0,0,0,0,0
45,0,0,0,0,0,0,0,0,0,0,0,0,0,0,0,0,0,0,0,0,0,0,0,0
46,0,14.160,Not Avl,Compl,Compl,Unable,ON,Not Avl,Compl,Compl,Unable,OFF,38.281,38.281,28.750,28.750,19.531,39.551,15.686,31.765,0.781,1.582,ON,0
47,OFF,ON,ON,0.999,1.003,-0.020,-0.059,3.259,3.171,0,97,51199.219,13.906,23.137,OFF,OFF,OFF,OFF,OFF,OFF,OFF,OFF,0,0
48,0,0,0,0,0,0,0,0,0,0,0,0,0,0,0,0,0,0,0,0,0,0,0,0
49,0,0,0,0,0,0,0,0,0,0,0,0,0,0,0,0,0,0,0,0,0,0,0,0
50,0,0,0,0,0,0,0,0,0,0,0,0,0,0,0,0,0,0,0,0,0,0,0,0
51,0,0,0,0,0,0,0,0,0,0,0,0,0,0,0,0,0,0,0,0,0,0,0,0
52,0,0,0,0,0,0,0,0,0,0,0,0,0,0,0,0,0,0,0,0,0,0,0,0
53,0,0,0,0,0,0,0,0,0,0,0,0,0,0,0,0,0,0,0,0,0,0,0,0
54,0,0,0,0,0,0,0,0,0,0,0,0,0,0,0,0,0,0,0,0,0,0,0,0
55,0,14.160,Not Avl,Compl,Compl,Unable,ON,Not Avl,Compl,Compl,Unable,OFF,38.281,38.281,28.750,28.750,19.531,39.551,15.686,31.765,0.781,1.582,ON,0
56,OFF,ON,ON,0.999,1.003,-0.020,-0.059,3.259,3.171,0,97,51199.219,13.906,23.137,OFF,OFF,OFF,OFF,OFF,OFF,OFF,OFF,0,0
57,0,0,0,0,0,0,0,0,0,0,0,0,0,0,0,0,0,0,0,0,0,0,0,0
58,0,0,0,0,0,0,0,0,0,0,0,0,0,0,0,0,0,0,0,0,0,0,0,0
59,0,0,0,0,0,0,0,0,0,0,0,0,0,0,0,0,0,0,0,0,0,0,0,0
60,0,0,0,0,0,0,0,0,0,0,0,0,0,0,0,0,0,0,0,0,0,0,0,0
61,0,0,0,0,0,0,0,0,0,0,0,0,0,0,0,0,0,0,0,0,0,0,0,0
62,0,0,0,0,0,0,0,0,0,0,0,0,0,0,0,0,0,0,0,0,0,0,0,0
63,0,0,0,0,0,0,0,0,0,0,0,0,0,0,0,0,0,0,0,0,0,0,0,0
64,0,14.160,Not Avl,Compl,Compl,Unable,ON,Not Avl,Compl,Compl,Unable,OFF,38.281,38.281,28.750,28.750,19.531,39.551,15.686,31.765,0.781,1.582,ON,0
65,OFF,ON,ON,0.999,1.003,-0.020,-0.059,3.259,3.171,0,97,51199.219,13.906,23.137,OFF,OFF,OFF,OFF,OFF,OFF,OFF,OFF,0,0
66,0,0,0,0,0,0,0,0,0,0,0,0,0,0,0,0,0,0,0,0,0,0,0,0
67,0,0,0,0,0,0,0,0,0,0,0,0,0,0,0,0,0,0,0,0,0,0,0,0
68,0,0,0,0,0,0,0,0,0,0,0,0,0,0,0,0,0,0,0,0,0,0,0,0
69,0,0,0,0,0,0,0,0,0,0,0,0,0,0,0,0,0,0,0,0,0,0,0,0
70,0,0,0,0,0,0,0,0,0,0,0,0,0,0,0,0,0,0,0,0,0,0,0,0
71,0,0,0,0,0,0,0,0,0,0,0,0,0,0,0,0,0,0,0,0,0,0,0,0
72,0,0,0,0,0,0,0,0,0,0,0,0,0,0,0,0,0,0,0,0,0,0,0,0
73,0,14.160,Not Avl,Compl,Compl,Unable,ON,Not Avl,Compl,Compl,Unable,OFF,38.281,38.281,28.750,28.750,19.531,39.551,15.686,31.765,0.781,1.582,ON,0
74,OFF,ON,ON,0.999,1.003,-0.020,-0.059,3.259,3.171,0,97,51199.219,13.906,23.137,OFF,OFF,OFF,OFF,OFF,OFF,OFF,OFF,0,0
75,0,0,0,0,0,0,0,0,0,0,0,0,0,0,0,0,0,0,0,0,0,0,0,0
76,0,0,0,0,0,0,0,0,0,0,0,0,0,0,0,0,0,0,0,0,0,0,0,0
77,0,0,0,0,0,0,0,0,0,0,0,0,0,0,0,0,0,0,0,0,0,0,0,0
78,0,0,0,0,0,0,0,0,0,0,0,0,0,0,0,0,0,0,0,0,0,0,0,0
79,0,0,0,0,0,0,0,0,0,0,0,0,0,0,0,0,0,0,0,0,0,0,0,0
80,0,0,0,0,0,0,0,0,0,0,0,0,0,0,0,0,0,0,0,0,0,0,0,0
81,0,0,0,0,0,0,0,0,0,0,0,0,0,0,0,0,0,0,0,0,0,0,0,0
82,0,14.160,Not Avl,Compl,Compl,Unable,ON,Not Avl,Compl,Compl,Unable,OFF,38.281,38.281,28.750,28.750,19.531,39.551,15.686,31.765,0.781,1.582,ON,0
83,OFF,ON,ON,0.999,1.003,-0.020,-0.059,3.259,3.171,0,97,51199.219,13.906,23.137,OFF,OFF,OFF,OFF,OFF,OFF,OFF,OFF,0,0
84,0,0,0,0,0,0,0,0,0,0,0,0,0,0,0,0,0,0,0,0,0,0,0,0
85,0,0,0,0,0,0,0,0,0,0,0,0,0,0,0,0,0,0,0,0,0,0,0,0
86,0,0,0,0,0,0,0,0,0,0,0,0,0,0,0,0,0,0,0,0,0,0,0,0
87,0,0,0,0,0,0,0,0,0,0,0,0,0,0,0,0,0,0,0,0,0,0,0,0
88,0,0,0,0,0,0,0,0,0,0,0,0,0,0,0,0,0,0,0,0,0,0,0,0
89,0,0,0,0,0,0,0,0,0,0,0,0,0,0,0,0,0,0,0,0,0,0,0,0
90,0,0,0,0,0,0,0,0,0,0,0,0,0,0,0,0,0,0,0,0,0,0,0,0
91,0,14.160,Not Avl,Compl,Compl,Unable,ON,Not Avl,Compl,Compl,Unable,OFF,38.281,38.281,28.750,28.750,19.531,39.551,15.686,31.765,0.781,1.582,ON,0
92,OFF,ON,ON,0.999,1.003,-0.020,-0.059,3.259,3.171,0,97,51199.219,13.906,23.137,OFF,OFF,OFF,OFF,OFF,OFF,OFF,OFF,0,0
93,0,0,0,0,0,0,0,0,0,0,0,0,0,0,0,0,0,0,0,0,0,0,0,0
94,0,0,0,0,0,0,0,0,0,0,0,0,0,0,0,0,0,0,0,0,0,0,0,0
95,0,0,0,0,0,0,0,0,0,0,0,0,0,0,0,0,0,0,0,0,0,0,0,0
96,0,0,0,0,0,0,0,0,0,0,0,0,0,0,0,0,0,0,0,0,0,0,0,0
97,0,0,0,0,0,0,0,0,0,0,0,0,0,0,0,0,0,0,0,0,0,0,0,0
98,0,0,0,0,0,0,0,0,0,0,0,0,0,0,0,0,0,0,0,0,0,0,0,0
99,0,0,0,0,0,0,0,0,0,0,0,0,0,0,0,0,0,0,0,0,0,0,0,0
100,0,14.160,Not Avl,Compl,Compl,Unable,ON,Not Avl,Compl,Compl,Unable,OFF,38.281,38.281,28.750,28.750,19.531,39.551,15.686,31.765,0.781,1.582,ON,0
101,OFF,ON,ON,0.999,1.003,-0.020,-0.059,3.259,3.171,0,97,51199.219,13.906,23.137,OFF,OFF,OFF,OFF,OFF,OFF,OFF,OFF,0,0
102,0,0,0,0,0,0,0,0,0,0,0,0,0,0,0,0,0,0,0,0,0,0,0,0
103,0,0,0,0,0,0,0,0,0,0,0,0,0,0,0,0,0,0,0,0,0,0,0,0
104,0,0,0,0,0,0,0,0,0,0,0,0,0,0,0,0,0,0,0,0,0,0,0,0
105,0,0,0,0,0,0,0,0,0,0,0,0,0,0,0,0,0,0,0,0,0,0,0,0
106,0,0,0,0,0,0,0,0,0,0,0,0,0,0,0,0,0,0,0,0,0,0,0,0
107,0,0,0,0,0,0,0,0,0,0,0,0,0,0,0,0,0,0,0,0,0,0,0,0
108,0,0,0,0,0,0,0,0,0,0,0,0,0,0,0,0,0,0,0,0,0,0,0,0
109,0,14.160,Not Avl,Compl,Compl,Unable,ON,Not Avl,Compl,Compl,Unable,OFF,38.281,38.281,28.750,28.750,19.531,39.551,15.686,31.765,0.781,1.582,ON,0
110,OFF,ON,ON,0.999,1.003,-0.020,-0.059,3.259,3.171,0,97,51199.219,13.906,23.137,OFF,OFF,OFF,OFF,OFF,OFF,OFF,OFF,0,0
111,0,0,0,0,0,0,0,0,0,0,0,0,0,0,0,0,0,0,0,0,0,0,0,0
112,0,0,0,0,0,0,0,0,0,0,0,0,0,0,0,0,0,0,0,0,0,0,0,0
113,0,0,0,0,0,0,0,0,0,0,0,0,0,0,0,0,0,0,0,0,0,0,0,0
114,0,0,0,0,0,0,0,0,0,0,0,0,0,0,0,0,0,0,0,0,0,0,0,0
115,0,0,0,0,0,0,0,0,0,0,0,0,0,0,0,0,0,0,0,0,0,0,0,0
116,0,0,0,0,0,0,0,0,0,0,0,0,0,0,0,0,0,0,0,0,0,0,0,0
117,0,0,0,0,0,0,0,0,0,0,0,0,0,0,0,0,0,0,0,0,0,0,0,0
118,0,14.160,Not Avl,Compl,Compl,Unable,ON,Not Avl,Compl,Compl,Unable,OFF,38.281,38.281,28.750,28.750,19.531,39.551,15.686,31.765,0.781,1.582,ON,0
119,OFF,ON,ON,0.999,1.003,-0.020,-0.059,3.259,3.171,0,97,51199.219,13.906,23.137,OFF,OFF,OFF,OFF,OFF,OFF,OFF,OFF,0,0
120,0,0,0,0,0,0,0,0,0,0,0,0,0,0,0,0,0,0,0,0,0,0,0,0
121,0,0,0,0,0,0,0,0,0,0,0,0,0,0,0,0,0,0,0,0,0,0,0,0
122,0,0,0,0,0,0,0,0,0,0,0,0,0,0,0,0,0,0,0,0,0,0,0,0
123,0,0,0,0,0,0,0,0,0,0,0,0,0,0,0,0,0,0,0,0,0,0,0,0
124,0,0,0,0,0,0,0,0,0,0,0,0,0,0,0,0,0,0,0,0,0,0,0,0
125,0,0,0,0,0,0,0,0,0,0,0,0,0,0,0,0,0,0,0,0,0,0,0,0
126,0,0,0,0,0,0,0,0,0,0,0,0,0,0,0,0,0,0,0,0,0,0,0,0
127,0,14.160,Not Avl,Compl,Compl,Unable,ON,Not Avl,Compl,Compl,Unable,OFF,38.281,35.938,28.750,28.750,19.531,39.551,15.686,31.765,0.781,1.582,ON,0
128,OFF,ON,ON,0.999,1.003,-0.020,-0.059,3.259,3.171,0,97,51199.219,13.906,23.137,OFF,OFF,OFF,OFF,OFF,OFF,OFF,OFF,0,0
129,0,0,0,0,0,0,0,0,0,0,0,0,0,0,0,0,0,0,0,0,0,0,0,0
130,0,0,0,0,0,0,0,0,0,0,0,0,0,0,0,0,0,0,0,0,0,0,0,0
131,0,0,0,0,0,0,0,0,0,0,0,0,0,0,0,0,0,0,0,0,0,0,0,0
132,0,0,0,0,0,0,0,0,0,0,0,0,0,0,0,0,0,0,0,0,0,0,0,0
133,0,0,0,0,0,0,0,0,0,0,0,0,0,0,0,0,0,0,0,0,0,0,0,0
134,0,0,0,0,0,0,0,0,0,0,0,0,0,0,0,0,0,0,0,0,0,0,0,0
135,0,0,0,0,0,0,0,0,0,0,0,0,0,0,0,0,0,0,0,0,0,0,0,0
136,0,14.160,Not Avl,Compl,Compl,Unable,ON,Not Avl,Compl,Compl,Unable,OFF,38.281,35.938,28.750,28.750,19.531,39.551,15.686,31.765,0.781,1.582,ON,0
137,OFF,ON,ON,0.999,1.003,-0.020,-0.059,3.259,3.171,0,97,51199.219,13.906,23.137,OFF,OFF,OFF,OFF,OFF,OFF,OFF,OFF,0,0
138,0,0,0,0,0,0,0,0,0,0,0,0,0,0,0,0,0,0,0,0,0,0,0,0
139,0,0,0,0,0,0,0,0,0,0,0,0,0,0,0,0,0,0,0,0,0,0,0,0
140,0,0,0,0,0,0,0,0,0,0,0,0,0,0,0,0,0,0,0,0,0,0,0,0
141,0,0,0,0,0,0,0,0,0,0,0,0,0,0,0,0,0,0,0,0,0,0,0,0
142,0,0,0,0,0,0,0,0,0,0,0,0,0,0,0,0,0,0,0,0,0,0,0,0
143,0,0,0,0,0,0,0,0,0,0,0,0,0,0,0,0,0,0,0,0,0,0,0,0
144,0,0,0,0,0,0,0,0,0,0,0,0,0,0,0,0,0,0,0,0,0,0,0,0
145,0,14.160,Not Avl,Compl,Compl,Unable,ON,Not Avl,Compl,Compl,Unable,OFF,38.281,35.938,28.750,28.750,19.531,39.551,15.686,31.765,0.781,1.582,ON,0
146,OFF,ON,ON,0.999,1.003,-0.020,-0.059,3.259,3.171,0,97,51199.219,13.906,23.137,OFF,OFF,OFF,OFF,OFF,OFF,OFF,OFF,0,0
147,0,0,0,0,0,0,0,0,0,0,0,0,0,0,0,0,0,0,0,0,0,0,0,0
148,0,0,0,0,0,0,0,0,0,0,0,0,0,0,0,0,0,0,0,0,0,0,0,0
149,0,0,0,0,0,0,0,0,0,0,0,0,0,0,0,0,0,0,0,0,0,0,0,0
150,0,0,0,0,0,0,0,0,0,0,0,0,0,0,0,0,0,0,0,0,0,0,0,0
151,0,0,0,0,0,0,0,0,0,0,0,0,0,0,0,0,0,0,0,0,0,0,0,0
152,0,0,0,0,0,0,0,0,0,0,0,0,0,0,0,0,0,0,0,0,0,0,0,0
153,0,0,0,0,0,0,0,0,0,0,0,0,0,0,0,0,0,0,0,0,0,0,0,0
154,0,14.160,Not Avl,Compl,Compl,Unable,ON,Not Avl,Compl,Compl,Unable,OFF,38.281,35.938,28.750,28.750,19.531,39.551,15.686,31.765,0.781,1.582,ON,0
155,OFF,ON,ON,0.999,1.003,-0.020,-0.059,3.259,3.171,0,97,51199.219,13.906,23.137,OFF,OFF,OFF,OFF,OFF,OFF,OFF,OFF,0,0
156,0,0,0,0,0,0,0,0,0,0,0,0,0,0,0,0,0,0,0,0,0,0,0,0
157,0,0,0,0,0,0,0,0,0,0,0,0,0,0,0,0,0,0,0,0,0,0,0,0
158,0,0,0,0,0,0,0,0,0,0,0,0,0,0,0,0,0,0,0,0,0,0,0,0
159,0,0,0,0,0,0,0,0,0,0,0,0,0,0,0,0,0,0,0,0,0,0,0,0
160,0,0,0,0,0,0,0,0,0,0,0,0,0,0,0,0,0,0,0,0,0,0,0,0
161,0,0,0,0,0,0,0,0,0,0,0,0,0,0,0,0,0,0,0,0,0,0,0,0
162,0,0,0,0,0,0,0,0,0,0,0,0,0,0,0,0,0,0,0,0,0,0,0,0
163,0,14.160,Not Avl,Compl,Compl,Unable,ON,Not Avl,Compl,Compl,Unable,OFF,38.281,35.938,28.750,28.750,19.531,39.551,15.686,31.765,0.781,1.582,ON,0
164,OFF,ON,ON,0.999,1.003,-0.020,-0.059,3.259,3.171,0,97,51199.219,13.906,23.137,OFF,OFF,OFF,OFF,OFF,OFF,OFF,OFF,0,0
165,0,0,0,0,0,0,0,0,0,0,0,0,0,0,0,0,0,0,0,0,0,0,0,0
166,0,0,0,0,0,0,0,0,0,0,0,0,0,0,0,0,0,0,0,0,0,0,0,0
167,0,0,0,0,0,0,0,0,0,0,0,0,0,0,0,0,0,0,0,0,0,0,0,0
168,0,0,0,0,0,0,0,0,0,0,0,0,0,0,0,0,0,0,0,0,0,0,0,0
169,0,0,0,0,0,0,0,0,0,0,0,0,0,0,0,0,0,0,0,0,0,0,0,0
170,0,0,0,0,0,0,0,0,0,0,0,0,0,0,0,0,0,0,0,0,0,0,0,0
171,0,0,0,0,0,0,0,0,0,0,0,0,0,0,0,0,0,0,0,0,0,0,0,0
172,0,14.160,Not Avl,Compl,Compl,Unable,ON,Not Avl,Compl,Compl,Unable,OFF,38.281,35.938,28.750,28.750,19.531,39.551,15.686,31.765,0.781,1.582,ON,0
173,OFF,ON,ON,0.999,1.003,-0.020,-0.059,3.259,3.171,0,97,51199.219,13.906,23.137,OFF,OFF,OFF,OFF,OFF,OFF,OFF,OFF,0,0
174,0,0,0,0,0,0,0,0,0,0,0,0,0,0,0,0,0,0,0,0,0,0,0,0
175,0,0,0,0,0,0,0,0,0,0,0,0,0,0,0,0,0,0,0,0,0,0,0,0
176,0,0,0,0,0,0,0,0,0,0,0,0,0,0,0,0,0,0,0,0,0,0,0,0
177,0,0,0,0,0,0,0,0,0,0,0,0,0,0,0,0,0,0,0,0,0,0,0,0
178,0,0,0,0,0,0,0,0,0,0,0,0,0,0,0,0,0,0,0,0,0,0,0,0
179,0,0,0,0,0,0,0,0,0,0,0,0,0,0,0,0,0,0,0,0,0,0,0,0
180,0,0,0,0,0,0,0,0,0,0,0,0,0,0,0,0,0,0,0,0,0,0,0,0
181,0,14.160,Not Avl,Compl,Compl,Unable,ON,Not Avl,Compl,Compl,Unable,OFF,38.281,35.938,28.750,28.750,19.531,39.551,15.686,31.765,0.781,1.582,ON,0
182,OFF,ON,ON,0.999,1.003,-0.020,-0.059,3.259,3.171,0,97,51199.219,13.906,23.137,OFF,OFF,OFF,OFF,OFF,OFF,OFF,OFF,0,0
183,0,0,0,0,0,0,0,0,0,0,0,0,0,0,0,0,0,0,0,0,0,0,0,0
184,0,0,0,0,0,0,0,0,0,0,0,0,0,0,0,0,0,0,0,0,0,0,0,0
185,0,0,0,0,0,0,0,0,0,0,0,0,0,0,0,0,0,0,0,0,0,0,0,0
186,0,0,0,0,0,0,0,0,0,0,0,0,0,0,0,0,0,0,0,0,0,0,0,0
187,0,0,0,0,0,0,0,0,0,0,0,0,0,0,0,0,0,0,0,0,0,0,0,0
188,0,0,0,0,0,0,0,0,0,0,0,0,0,0,0,0,0,0,0,0,0,0,0,0
189,0,0,0,0,0,0,0,0,0,0,0,0,0,0,0,0,0,0,0,0,0,0,0,0
190,0,14.160,Not Avl,Compl,Compl,Unable,ON,Not Avl,Compl,Compl,Unable,OFF,38.281,35.938,28.750,28.750,19.531,39.551,15.686,31.765,0.781,1.582,ON,0
191,OFF,ON,ON,0.999,1.003,-0.020,-0.059,3.259,3.171,0,97,51199.219,13.906,23.137,OFF,OFF,OFF,OFF,OFF,OFF,OFF,OFF,0,0
192,0,0,0,0,0,0,0,0,0,0,0,0,0,0,0,0,0,0,0,0,0,0,0,0
193,0,0,0,0,0,0,0,0,0,0,0,0,0,0,0,0,0,0,0,0,0,0,0,0
194,0,0,0,0,0,0,0,0,0,0,0,0,0,0,0,0,0,0,0,0,0,0,0,0
195,0,0,0,0,0,0,0,0,0,0,0,0,0,0,0,0,0,0,0,0,0,0,0,0
196,0,0,0,0,0,0,0,0,0,0,0,0,0,0,0,0,0,0,0,0,0,0,0,0
197,0,0,0,0,0,0,0,0,0,0,0,0,0,0,0,0,0,0,0,0,0,0,0,0
198,0,0,0,0,0,0,0,0,0,0,0,0,0,0,0,0,0,0,0,0,0,0,0,0
199,0,14.160,Not Avl,Compl,Compl,Unable,ON,Not Avl,Compl,Compl,Unable,OFF,38.281,35.938,28.750,28.750,19.531,39.551,15.686,31.765,0.781,1.582,ON,0
200,OFF,ON,ON,0.999,1.003,-0.020,-0.059,3.259,3.171,0,97,51199.219,13.906,23.137,OFF,OFF,OFF,OFF,OFF,OFF,OFF,OFF,0,0
201,0,0,0,0,0,0,0,0,0,0,0,0,0,0,0,0,0,0,0,0,0,0,0,0
202,0,0,0,0,0,0,0,0,0,0,0,0,0,0,0,0,0,0,0,0,0,0,0,0
203,0,0,0,0,0,0,0,0,0,0,0,0,0,0,0,0,0,0,0,0,0,0,0,0
204,0,0,0,0,0,0,0,0,0,0,0,0,0,0,0,0,0,0,0,0,0,0,0,0
205,0,0,0,0,0,0,0,0,0,0,0,0,0,0,0,0,0,0,0,0,0,0,0,0
206,0,0,0,0,0,0,0,0,0,0,0,0,0,0,0,0,0,0,0,0,0,0,0,0
207,0,0,0,0,0,0,0,0,0,0,0,0,0,0,0,0,0,0,0,0,0,0,0,0
208,0,14.160,Not Avl,Compl,Compl,Unable,ON,Not Avl,Compl,Compl,Unable,OFF,38.281,35.938,28.750,28.750,19.531,39.551,15.686,31.765,0.781,1.582,ON,0
209,OFF,ON,ON,0.999,1.003,-0.020,-0.059,3.259,3.171,0,97,51199.219,13.906,23.137,OFF,OFF,OFF,OFF,OFF,OFF,OFF,OFF,0,0
210,0,0,0,0,0,0,0,0,0,0,0,0,0,0,0,0,0,0,0,0,0,0,0,0
211,0,0,0,0,0,0,0,0,0,0,0,0,0,0,0,0,0,0,0,0,0,0,0,0
212,0,0,0,0,0,0,0,0,0,0,0,0,0,0,0,0,0,0,0,0,0,0,0,0
213,0,0,0,0,0,0,0,0,0,0,0,0,0,0,0,0,0,0,0,0,0,0,0,0
214,0,0,0,0,0,0,0,0,0,0,0,0,0,0,0,0,0,0,0,0,0,0,0,0
215,0,0,0,0,0,0,0,0,0,0,0,0,0,0,0,0,0,0,0,0,0,0,0,0
216,0,0,0,0,0,0,0,0,0,0,0,0,0,0,0,0,0,0,0,0,0,0,0,0
217,0,14.160,Not Avl,Compl,Compl,Unable,ON,Not Avl,Compl,Compl,Unable,OFF,38.281,35.938,28.750,28.750,19.531,39.551,15.686,31.765,0.781,1.582,ON,0
218,OFF,ON,ON,0.999,1.003,-0.020,-0.059,3.259,3.171,0,97,51199.219,13.906,23.137,OFF,OFF,OFF,OFF,OFF,OFF,OFF,OFF,0,0
219,0,0,0,0,0,0,0,0,0,0,0,0,0,0,0,0,0,0,0,0,0,0,0,0
220,0,0,0,0,0,0,0,0,0,0,0,0,0,0,0,0,0,0,0,0,0,0,0,0
221,0,0,0,0,0,0,0,0,0,0,0,0,0,0,0,0,0,0,0,0,0,0,0,0
222,0,0,0,0,0,0,0,0,0,0,0,0,0,0,0,0,0,0,0,0,0,0,0,0
223,0,0,0,0,0,0,0,0,0,0,0,0,0,0,0,0,0,0,0,0,0,0,0,0
224,0,0,0,0,0,0,0,0,0,0,0,0,0,0,0,0,0,0,0,0,0,0,0,0
225,0,0,0,0,0,0,0,0,0,0,0,0,0,0,0,0,0,0,0,0,0,0,0,0
226,0,14.160,Not Avl,Compl,Compl,Unable,ON,Not Avl,Compl,Compl,Unable,OFF,38.281,35.938,28.750,28.750,19.531,39.551,15.686,31.765,0.781,1.582,ON,0
227,OFF,ON,ON,0.999,1.003,-0.020,-0.059,3.259,3.171,0,97,51199.219,13.906,23.137,OFF,OFF,OFF,OFF,OFF,OFF,OFF,OFF,0,0
228,0,0,0,0,0,0,0,0,0,0,0,0,0,0,0,0,0,0,0,0,0,0,0,0
229,0,0,0,0,0,0,0,0,0,0,0,0,0,0,0,0,0,0,0,0,0,0,0,0
230,0,0,0,0,0,0,0,0,0,0,0,0,0,0,0,0,0,0,0,0,0,0,0,0
231,0,0,0,0,0,0,0,0,0,0,0,0,0,0,0,0,0,0,0,0,0,0,0,0
232,0,0,0,0,0,0,0,0,0,0,0,0,0,0,0,0,0,0,0,0,0,0,0,0
233,0,0,0,0,0,0,0,0,0,0,0,0,0,0,0,0,0,0,0,0,0,0,0,0
234,0,0,0,0,0,0,0,0,0,0,0,0,0,0,0,0,0,0,0,0,0,0,0,0
235,0,14.160,Not Avl,Compl,Compl,Unable,ON,Not Avl,Compl,Compl,Unable,OFF,38.281,35.938,28.750,28.750,19.531,39.551,15.686,31.765,0.781,1.582,ON,0
236,OFF,ON,ON,0.999,1.003,-0.020,-0.059,3.259,3.171,0,97,51199.219,13.906,23.137,OFF,OFF,OFF,OFF,OFF,OFF,OFF,OFF,0,0
237,0,0,0,0,0,0,0,0,0,0,0,0,0,0,0,0,0,0,0,0,0,0,0,0
238,0,0,0,0,0,0,0,0,0,0,0,0,0,0,0,0,0,0,0,0,0,0,0,0
239,0,0,0,0,0,0,0,0,0,0,0,0,0,0,0,0,0,0,0,0,0,0,0,0
240,0,0,0,0,0,0,0,0,0,0,0,0,0,0,0,0,0,0,0,0,0,0,0,0
241,0,0,0,0,0,0,0,0,0,0,0,0,0,0,0,0,0,0,0,0,0,0,0,0
242,0,0,0,0,0,0,0,0,0,0,0,0,0,0,0,0,0,0,0,0,0,0,0,0
243,0,0,0,0,0,0,0,0,0,0,0,0,0,0,0,0,0,0,0,0,0,0,0,0
244,0,14.160,Not Avl,Compl,Compl,Unable,ON,Not Avl,Compl,Compl,Unable,OFF,38.281,35.938,28.750,28.750,19.531,39.551,15.686,31.765,0.781,1.582,ON,0
245,OFF,ON,ON,0.999,1.003,-0.020,-0.059,3.259,3.171,0,97,51199.219,13.906,23.137,OFF,OFF,OFF,OFF,OFF,OFF,OFF,OFF,0,0
246,0,0,0,0,0,0,0,0,0,0,0,0,0,0,0,0,0,0,0,0,0,0,0,0
247,0,0,0,0,0,0,0,0,0,0,0,0,0,0,0,0,0,0,0,0,0,0,0,0
248,0,0,0,0,0,0,0,0,0,0,0,0,0,0,0,0,0,0,0,0,0,0,0,0
249,0,0,0,0,0,0,0,0,0,0,0,0,0,0,0,0,0,0,0,0,0,0,0,0
250,0,0,0,0,0,0,0,0,0,0,0,0,0,0,0,0,0,0,0,0,0,0,0,0
251,0,0,0,0,0,0,0,0,0,0,0,0,0,0,0,0,0,0,0,0,0,0,0,0
252,0,0,0,0,0,0,0,0,0,0,0,0,0,0,0,0,0,0,0,0,0,0,0,0
253,0,14.160,Not Avl,Compl,Compl,Unable,ON,Not Avl,Compl,Compl,Unable,OFF,38.281,35.938,28.750,28.750,19.531,39.551,15.686,31.765,0.781,1.582,ON,0
254,OFF,ON,ON,1.004,1.003,-0.020,-0.059,3.259,3.171,0,97,51199.219,13.906,23.137,OFF,OFF,OFF,OFF,OFF,OFF,OFF,OFF,0,0
255,0,0,0,0,0,0,0,0,0,0,0,0,0,0,0,0,0,0,0,0,0,0,0,0
256,0,0,0,0,0,0,0,0,0,0,0,0,0,0,0,0,0,0,0,0,0,0,0,0
257,0,0,0,0,0,0,0,0,0,0,0,0,0,0,0,0,0,0,0,0,0,0,0,0
258,0,0,0,0,0,0,0,0,0,0,0,0,0,0,0,0,0,0,0,0,0,0,0,0
259,0,0,0,0,0,0,0,0,0,0,0,0,0,0,0,0,0,0,0,0,0,0,0,0
260,0,0,0,0,0,0,0,0,0,0,0,0,0,0,0,0,0,0,0,0,0,0,0,0
261,0,0,0,0,0,0,0,0,0,0,0,0,0,0,0,0,0,0,0,0,0,0,0,0
262,0,14.160,Not Avl,Compl,Compl,Unable,ON,Not Avl,Compl,Compl,Unable,OFF,38.281,35.938,28.750,28.750,19.531,39.551,15.686,31.765,0.781,1.582,ON,0
263,OFF,ON,ON,1.004,0.999,-0.020,-0.059,3.259,3.171,0,97,51199.219,13.906,23.137,OFF,OFF,OFF,OFF,OFF,OFF,OFF,OFF,0,0
264,0,0,0,0,0,0,0,0,0,0,0,0,0,0,0,0,0,0,0,0,0,0,0,0
265,0,0,0,0,0,0,0,0,0,0,0,0,0,0,0,0,0,0,0,0,0,0,0,0
266,0,0,0,0,0,0,0,0,0,0,0,0,0,0,0,0,0,0,0,0,0,0,0,0
267,0,0,0,0,0,0,0,0,0,0,0,0,0,0,0,0,0,0,0,0,0,0,0,0
268,0,0,0,0,0,0,0,0,0,0,0,0,0,0,0,0,0,0,0,0,0,0,0,0
269,0,0,0,0,0,0,0,0,0,0,0,0,0,0,0,0,0,0,0,0,0,0,0,0
270,0,0,0,0,0,0,0,0,0,0,0,0,0,0,0,0,0,0,0,0,0,0,0,0
271,0,14.160,Not Avl,Compl,Compl,Unable,ON,Not Avl,Compl,Compl,Unable,OFF,38.281,35.938,28.750,28.750,19.531,39.551,15.686,31.765,0.781,1.582,ON,0
272,OFF,ON,ON,1.004,0.999,-0.027,-0.059,3.259,3.171,0,97,51199.219,13.906,23.137,OFF,OFF,OFF,OFF,OFF,OFF,OFF,OFF,0,0
273,0,0,0,0,0,0,0,0,0,0,0,0,0,0,0,0,0,0,0,0,0,0,0,0
274,0,0,0,0,0,0,0,0,0,0,0,0,0,0,0,0,0,0,0,0,0,0,0,0
275,0,0,0,0,0,0,0,0,0,0,0,0,0,0,0,0,0,0,0,0,0,0,0,0
276,0,0,0,0,0,0,0,0,0,0,0,0,0,0,0,0,0,0,0,0,0,0,0,0
277,0,0,0,0,0,0,0,0,0,0,0,0,0,0,0,0,0,0,0,0,0,0,0,0
278,0,0,0,0,0,0,0,0,0,0,0,0,0,0,0,0,0,0,0,0,0,0,0,0
279,0,0,0,0,0,0,0,0,0,0,0,0,0,0,0,0,0,0,0,0,0,0,0,0
280,0,14.160,Not Avl,Compl,Compl,Unable,ON,Not Avl,Compl,Compl,Unable,OFF,38.281,35.938,28.750,28.750,19.531,39.551,15.686,31.765,0.781,1.582,ON,0
281,OFF,ON,ON,1.004,0.999,-0.027,-0.066,3.259,3.171,0,97,51199.219,13.906,23.137,OFF,OFF,OFF,OFF,OFF,OFF,OFF,OFF,0,0
282,0,0,0,0,0,0,0,0,0,0,0,0,0,0,0,0,0,0,0,0,0,0,0,0
283,0,0,0,0,0,0,0,0,0,0,0,0,0,0,0,0,0,0,0,0,0,0,0,0
284,0,0,0,0,0,0,0,0,0,0,0,0,0,0,0,0,0,0,0,0,0,0,0,0
285,0,0,0,0,0,0,0,0,0,0,0,0,0,0,0,0,0,0,0,0,0,0,0,0
286,0,0,0,0,0,0,0,0,0,0,0,0,0,0,0,0,0,0,0,0,0,0,0,0
287,0,0,0,0,0,0,0,0,0,0,0,0,0,0,0,0,0,0,0,0,0,0,0,0
288,0,0,0,0,0,0,0,0,0,0,0,0,0,0,0,0,0,0,0,0,0,0,0,0
289,0,14.160,Not Avl,Compl,Compl,Unable,ON,Not Avl,Compl,Compl,Unable,OFF,38.281,35.938,28.750,28.750,19.531,39.551,15.686,31.765,0.781,1.582,ON,0
290,OFF,ON,ON,1.004,0.999,-0.027,-0.066,3.230,3.171,0,97,51199.219,13.906,23.137,OFF,OFF,OFF,OFF,OFF,OFF,OFF,OFF,0,0
291,0,0,0,0,0,0,0,0,0,0,0,0,0,0,0,0,0,0,0,0,0,0,0,0
292,0,0,0,0,0,0,0,0,0,0,0,0,0,0,0,0,0,0,0,0,0,0,0,0
293,0,0,0,0,0,0,0,0,0,0,0,0,0,0,0,0,0,0,0,0,0,0,0,0
294,0,0,0,0,0,0,0,0,0,0,0,0,0,0,0,0,0,0,0,0,0,0,0,0
295,0,0,0,0,0,0,0,0,0,0,0,0,0,0,0,0,0,0,0,0,0,0,0,0
296,0,0,0,0,0,0,0,0,0,0,0,0,0,0,0,0,0,0,0,0,0,0,0,0
297,0,0,0,0,0,0,0,0,0,0,0,0,0,0,0,0,0,0,0,0,0,0,0,0
298,0,14.160,Not Avl,Compl,Compl,Unable,ON,Not Avl,Compl,Compl,Unable,OFF,38.281,35.938,28.750,28.750,19.531,39.551,15.686,31.765,0.781,1.582,ON,0
299,OFF,ON,ON,1.004,0.999,-0.027,-0.066,3.230,3.171,0,97,51199.219,13.906,23.137,OFF,OFF,OFF,OFF,OFF,OFF,OFF,OFF,Avail,0
300,0,0,0,0,0,0,0,0,0,0,0,0,0,0,0,0,0,0,0,0,0,0,0,0
301,0,0,0,0,0,0,0,0,0,0,0,0,0,0,0,0,0,0,0,0,0,0,0,0
302,0,0,0,0,0,0,0,0,0,0,0,0,0,0,0,0,0,0,0,0,0,0,0,0
303,0,0,0,0,0,0,0,0,0,0,0,0,0,0,0,0,0,0,0,0,0,0,0,0
304,0,0,0,0,0,0,0,0,0,0,0,0,0,0,0,0,0,0,0,0,0,0,0,0
305,0,0,0,0,0,0,0,0,0,0,0,0,0,0,0,0,0,0,0,0,0,0,0,0
306,0,0,0,0,0,0,0,0,0,0,0,0,0,0,0,0,0,0,0,0,0,0,0,0
307,0,14.160,Not Avl,Compl,Compl,Unable,ON,Not Avl,Compl,Compl,Unable,OFF,38.281,35.938,28.750,28.750,19.531,39.551,15.686,31.765,0.781,1.582,ON,0
308,OFF,ON,ON,1.004,0.999,-0.027,-0.066,3.230,3.171,0,97,51199.219,13.906,23.137,OFF,OFF,OFF,OFF,OFF,OFF,OFF,OFF,Avail,Incmpl
309,0,0,0,0,0,0,0,0,0,0,0,0,0,0,0,0,0,0,0,0,0,0,0,0
310,0,0,0,0,0,0,0,0,0,0,0,0,0,0,0,0,0,0,0,0,0,0,0,0
311,0,0,0,0,0,0,0,0,0,0,0,0,0,0,0,0,0,0,0,0,0,0,0,0
312,0,0,0,0,0,0,0,0,0,0,0,0,0,0,0,0,0,0,0,0,0,0,0,0
313,0,0,0,0,0,0,0,0,0,0,0,0,0,0,0,0,0,0,0,0,0,0,0,0
314,0,0,0,0,0,0,0,0,0,0,0,0,0,0,0,0,0,0,0,0,0,0,0,0
315,0,0,0,0,0,0,0,0,0,0,0,0,0,0,0,0,0,0,0,0,0,0,0,0
316,0,14.160,Not Avl,Compl,Compl,Unable,ON,Not Avl,Compl,Compl,Unable,OFF,38.281,35.938,28.750,28.750,19.531,39.551,15.686,31.765,0.781,1.582,ON,0
317,OFF,ON,ON,1.004,0.999,-0.027,-0.066,3.230,3.171,0,97,51199.219,13.906,23.137,OFF,OFF,OFF,OFF,OFF,OFF,OFF,OFF,Avail,Incmpl
318,Incmpl,0,0,0,0,0,0,0,0,0,0,0,0,0,0,0,0,0,0,0,0,0,0,0
319,0,0,0,0,0,0,0,0,0,0,0,0,0,0,0,0,0,0,0,0,0,0,0,0
320,0,0,0,0,0,0,0,0,0,0,0,0,0,0,0,0,0,0,0,0,0,0,0,0
321,0,0,0,0,0,0,0,0,0,0,0,0,0,0,0,0,0,0,0,0,0,0,0,0
322,0,0,0,0,0,0,0,0,0,0,0,0,0,0,0,0,0,0,0,0,0,0,0,0
323,0,0,0,0,0,0,0,0,0,0,0,0,0,0,0,0,0,0,0,0,0,0,0,0
324,0,0,0,0,0,0,0,0,0,0,0,0,0,0,0,0,0,0,0,0,0,0,0,0
325,0,14.160,Not Avl,Compl,Compl,Unable,ON,Not Avl,Compl,Compl,Unable,OFF,38.281,35.938,28.750,28.750,19.531,39.551,15.686,31.765,0.781,1.582,ON,0
326,OFF,ON,ON,1.004,0.999,-0.027,-0.066,3.230,3.171,0,97,51199.219,13.906,23.137,OFF,OFF,OFF,OFF,OFF,OFF,OFF,OFF,Avail,Incmpl
327,Incmpl,Enable,0,0,0,0,0,0,0,0,0,0,0,0,0,0,0,0,0,0,0,0,0,0
328,0,0,0,0,0,0,0,0,0,0,0,0,0,0,0,0,0,0,0,0,0,0,0,0
329,0,0,0,0,0,0,0,0,0,0,0,0,0,0,0,0,0,0,0,0,0,0,0,0
330,0,0,0,0,0,0,0,0,0,0,0,0,0,0,0,0,0,0,0,0,0,0,0,0
331,0,0,0,0,0,0,0,0,0,0,0,0,0,0,0,0,0,0,0,0,0,0,0,0
332,0,0,0,0,0,0,0,0,0,0,0,0,0,0,0,0,0,0,0,0,0,0,0,0
333,0,0,0,0,0,0,0,0,0,0,0,0,0,0,0,0,0,0,0,0,0,0,0,0
334,0,14.160,Not Avl,Compl,Compl,Unable,ON,Not Avl,Compl,Compl,Unable,OFF,38.281,35.938,28.750,28.750,19.531,39.551,15.686,31.765,0.781,1.582,ON,0
335,OFF,ON,ON,1.004,0.999,-0.027,-0.066,3.230,3.171,0,97,51199.219,13.906,23.137,OFF,OFF,OFF,OFF,OFF,OFF,OFF,OFF,Avail,Incmpl
336,Incmpl,Enable,Avail,0,0,0,0,0,0,0,0,0,0,0,0,0,0,0,0,0,0,0,0,0
337,0,0,0,0,0,0,0,0,0,0,0,0,0,0,0,0,0,0,0,0,0,0,0,0
338,0,0,0,0,0,0,0,0,0,0,0,0,0,0,0,0,0,0,0,0,0,0,0,0
339,0,0,0,0,0,0,0,0,0,0,0,0,0,0,0,0,0,0,0,0,0,0,0,0
340,0,0,0,0,0,0,0,0,0,0,0,0,0,0,0,0,0,0,0,0,0,0,0,0
341,0,0,0,0,0,0,0,0,0,0,0,0,0,0,0,0,0,0,0,0,0,0,0,0
342,0,0,0,0,0,0,0,0,0,0,0,0,0,0,0,0,0,0,0,0,0,0,0,0
343,0,14.160,Not Avl,Compl,Compl,Unable,ON,Not Avl,Compl,Compl,Unable,OFF,38.281,35.938,28.750,28.750,19.531,39.551,15.686,31.765,0.781,1.582,ON,0
344,OFF,ON,ON,1.004,0.999,-0.027,-0.066,3.230,3.171,0,97,51199.219,13.906,23.137,OFF,OFF,OFF,OFF,OFF,OFF,OFF,OFF,Avail,Incmpl
345,Incmpl,Enable,Avail,487.900,0,0,0,0,0,0,0,0,0,0,0,0,0,0,0,0,0,0,0,0
346,0,0,0,0,0,0,0,0,0,0,0,0,0,0,0,0,0,0,0,0,0,0,0,0
347,0,0,0,0,0,0,0,0,0,0,0,0,0,0,0,0,0,0,0,0,0,0,0,0
348,0,0,0,0,0,0,0,0,0,0,0,0,0,0,0,0,0,0,0,0,0,0,0,0
349,0,0,0,0,0,0,0,0,0,0,0,0,0,0,0,0,0,0,0,0,0,0,0,0
350,0,0,0,0,0,0,0,0,0,0,0,0,0,0,0,0,0,0,0,0,0,0,0,0
351,0,0,0,0,0,0,0,0,0,0,0,0,0,0,0,0,0,0,0,0,0,0,0,0
352,0,14.160,Not Avl,Compl,Compl,Unable,ON,Not Avl,Compl,Compl,Unable,OFF,38.281,35.938,28.750,28.750,19.531,39.551,15.686,31.765,0.781,1.582,ON,0
353,OFF,ON,ON,1.004,0.999,-0.027,-0.066,3.230,3.171,0,97,51199.219,13.906,23.137,OFF,OFF,OFF,OFF,OFF,OFF,OFF,OFF,Avail,Incmpl
354,Incmpl,Enable,Avail,487.900,330.300,0,0,0,0,0,0,0,0,0,0,0,0,0,0,0,0,0,0,0
355,0,0,0,0,0,0,0,0,0,0,0,0,0,0,0,0,0,0,0,0,0,0,0,0
356,0,0,0,0,0,0,0,0,0,0,0,0,0,0,0,0,0,0,0,0,0,0,0,0
357,0,0,0,0,0,0,0,0,0,0,0,0,0,0,0,0,0,0,0,0,0,0,0,0
358,0,0,0,0,0,0,0,0,0,0,0,0,0,0,0,0,0,0,0,0,0,0,0,0
359,0,0,0,0,0,0,0,0,0,0,0,0,0,0,0,0,0,0,0,0,0,0,0,0
360,0,0,0,0,0,0,0,0,0,0,0,0,0,0,0,0,0,0,0,0,0,0,0,0
361,0,14.160,Not Avl,Compl,Compl,Unable,ON,Not Avl,Compl,Compl,Unable,OFF,38.281,35.938,28.750,28.750,19.531,39.551,15.686,31.765,0.781,1.582,ON,0
362,OFF,ON,ON,1.004,0.999,-0.027,-0.066,3.230,3.171,0,97,51199.219,13.906,23.137,OFF,OFF,OFF,OFF,OFF,OFF,OFF,OFF,Avail,Incmpl
363,Incmpl,Enable,Avail,487.900,330.300,487.900,0,0,0,0,0,0,0,0,0,0,0,0,0,0,0,0,0,0
364,0,0,0,0,0,0,0,0,0,0,0,0,0,0,0,0,0,0,0,0,0,0,0,0
365,0,0,0,0,0,0,0,0,0,0,0,0,0,0,0,0,0,0,0,0,0,0,0,0
366,0,0,0,0,0,0,0,0,0,0,0,0,0,0,0,0,0,0,0,0,0,0,0,0
367,0,0,0,0,0,0,0,0,0,0,0,0,0,0,0,0,0,0,0,0,0,0,0,0
368,0,0,0,0,0,0,0,0,0,0,0,0,0,0,0,0,0,0,0,0,0,0,0,0
369,0,0,0,0,0,0,0,0,0,0,0,0,0,0,0,0,0,0,0,0,0,0,0,0
370,0,14.160,Not Avl,Compl,Compl,Unable,ON,Not Avl,Compl,Compl,Unable,OFF,38.281,35.938,28.750,28.750,19.531,39.551,15.686,31.765,0.781,1.582,ON,0
371,OFF,ON,ON,1.004,0.999,-0.027,-0.066,3.230,3.171,0,97,51199.219,13.906,23.137,OFF,OFF,OFF,OFF,OFF,OFF,OFF,OFF,Avail,Incmpl
372,Incmpl,Enable,Avail,487.900,330.300,487.900,330.300,0,0,0,0,0,0,0,0,0,0,0,0,0,0,0,0,0
373,0,0,0,0,0,0,0,0,0,0,0,0,0,0,0,0,0,0,0,0,0,0,0,0
374,0,0,0,0,0,0,0,0,0,0,0,0,0,0,0,0,0,0,0,0,0,0,0,0
375,0,0,0,0,0,0,0,0,0,0,0,0,0,0,0,0,0,0,0,0,0,0,0,0
376,0,0,0,0,0,0,0,0,0,0,0,0,0,0,0,0,0,0,0,0,0,0,0,0
377,0,0,0,0,0,0,0,0,0,0,0,0,0,0,0,0,0,0,0,0,0,0,0,0
378,0,0,0,0,0,0,0,0,0,0,0,0,0,0,0,0,0,0,0,0,0,0,0,0
379,0,14.160,Not Avl,Compl,Compl,Unable,ON,Not Avl,Compl,Compl,Unable,OFF,38.281,35.938,28.750,28.750,19.531,39.551,15.686,31.765,0.781,1.582,ON,0
380,OFF,ON,ON,1.004,0.999,-0.027,-0.066,3.230,3.171,0,97,51199.219,13.906,23.137,OFF,OFF,OFF,OFF,OFF,OFF,OFF,OFF,Avail,Incmpl
381,Incmpl,Enable,Avail,487.900,330.300,487.900,330.300,ON,0,0,0,0,0,0,0,0,0,0,0,0,0,0,0,0
382,0,0,0,0,0,0,0,0,0,0,0,0,0,0,0,0,0,0,0,0,0,0,0,0
383,0,0,0,0,0,0,0,0,0,0,0,0,0,0,0,0,0,0,0,0,0,0,0,0
384,0,0,0,0,0,0,0,0,0,0,0,0,0,0,0,0,0,0,0,0,0,0,0,0
385,0,0,0,0,0,0,0,0,0,0,0,0,0,0,0,0,0,0,0,0,0,0,0,0
386,0,0,0,0,0,0,0,0,0,0,0,0,0,0,0,0,0,0,0,0,0,0,0,0
387,0,0,0,0,0,0,0,0,0,0,0,0,0,0,0,0,0,0,0,0,0,0,0,0
388,0,14.160,Not Avl,Compl,Compl,Unable,ON,Not Avl,Compl,Compl,Unable,OFF,38.281,35.938,28.750,28.750,19.531,39.551,15.686,31.765,0.781,1.582,ON,0
389,OFF,ON,ON,1.004,0.999,-0.027,-0.066,3.230,3.171,0,97,51199.219,13.906,23.137,OFF,OFF,OFF,OFF,OFF,OFF,OFF,OFF,Avail,Incmpl
390,Incmpl,Enable,Avail,487.900,330.300,487.900,330.300,ON,Avail,0,0,0,0,0,0,0,0,0,0,0,0,0,0,0
391,0,0,0,0,0,0,0,0,0,0,0,0,0,0,0,0,0,0,0,0,0,0,0,0
392,0,0,0,0,0,0,0,0,0,0,0,0,0,0,0,0,0,0,0,0,0,0,0,0
393,0,0,0,0,0,0,0,0,0,0,0,0,0,0,0,0,0,0,0,0,0,0,0,0
394,0,0,0,0,0,0,0,0,0,0,0,0,0,0,0,0,0,0,0,0,0,0,0,0
395,0,0,0,0,0,0,0,0,0,0,0,0,0,0,0,0,0,0,0,0,0,0,0,0
396,0,0,0,0,0,0,0,0,0,0,0,0,0,0,0,0,0,0,0,0,0,0,0,0
397,0,14.160,Not Avl,Compl,Compl,Unable,ON,Not Avl,Compl,Compl,Unable,OFF,38.281,35.938,28.750,28.750,19.531,39.551,15.686,31.765,0.781,1.582,ON,0
398,OFF,ON,ON,1.004,0.999,-0.027,-0.066,3.230,3.171,0,97,51199.219,13.906,23.137,OFF,OFF,OFF,OFF,OFF,OFF,OFF,OFF,Avail,Incmpl
399,Incmpl,Enable,Avail,487.900,330.300,487.900,330.300,ON,Avail,Compl,0,0,0,0,0,0,0,0,0,0,0,0,0,0
400,0,0,0,0,0,0,0,0,0,0,0,0,0,0,0,0,0,0,0,0,0,0,0,0
401,0,0,0,0,0,0,0,0,0,0,0,0,0,0,0,0,0,0,0,0,0,0,0,0
402,0,0,0,0,0,0,0,0,0,0,0,0,0,0,0,0,0,0,0,0,0,0,0,0
403,0,0,0,0,0,0,0,0,0,0,0,0,0,0,0,0,0,0,0,0,0,0,0,0
404,0,0,0,0,0,0,0,0,0,0,0,0,0,0,0,0,0,0,0,0,0,0,0,0
405,0,0,0,0,0,0,0,0,0,0,0,0,0,0,0,0,0,0,0,0,0,0,0,0
406,0,14.160,Not Avl,Compl,Compl,Unable,ON,Not Avl,Compl,Compl,Unable,OFF,38.281,35.938,28.750,28.750,19.531,39.551,15.686,31.765,0.781,1.582,ON,0
407,OFF,ON,ON,1.004,0.999,-0.027,-0.066,3.230,3.171,0,97,51199.219,13.906,23.137,OFF,OFF,OFF,OFF,OFF,OFF,OFF,OFF,Avail,Incmpl
408,Incmpl,Enable,Avail,487.900,330.300,487.900,330.300,ON,Avail,Compl,Enable,0,0,0,0,0,0,0,0,0,0,0,0,0
409,0,0,0,0,0,0,0,0,0,0,0,0,0,0,0,0,0,0,0,0,0,0,0,0
410,0,0,0,0,0,0,0,0,0,0,0,0,0,0,0,0,0,0,0,0,0,0,0,0
411,0,0,0,0,0,0,0,0,0,0,0,0,0,0,0,0,0,0,0,0,0,0,0,0
412,0,0,0,0,0,0,0,0,0,0,0,0,0,0,0,0,0,0,0,0,0,0,0,0
413,0,0,0,0,0,0,0,0,0,0,0,0,0,0,0,0,0,0,0,0,0,0,0,0
414,0,0,0,0,0,0,0,0,0,0,0,0,0,0,0,0,0,0,0,0,0,0,0,0
415,0,14.160,Not Avl,Compl,Compl,Unable,ON,Not Avl,Compl,Compl,Unable,OFF,38.281,35.938,28.750,28.750,19.531,39.551,15.686,31.765,0.781,1.582,ON,0
416,OFF,ON,ON,1.004,0.999,-0.027,-0.066,3.230,3.171,0,97,51199.219,13.906,23.137,OFF,OFF,OFF,OFF,OFF,OFF,OFF,OFF,Avail,Incmpl
417,Incmpl,Enable,Avail,487.900,330.300,487.900,330.300,ON,Avail,Compl,Enable,75,0,0,0,0,0,0,0,0,0,0,0,0
418,0,0,0,0,0,0,0,0,0,0,0,0,0,0,0,0,0,0,0,0,0,0,0,0
419,0,0,0,0,0,0,0,0,0,0,0,0,0,0,0,0,0,0,0,0,0,0,0,0
420,0,0,0,0,0,0,0,0,0,0,0,0,0,0,0,0,0,0,0,0,0,0,0,0
421,0,0,0,0,0,0,0,0,0,0,0,0,0,0,0,0,0,0,0,0,0,0,0,0
422,0,0,0,0,0,0,0,0,0,0,0,0,0,0,0,0,0,0,0,0,0,0,0,0
423,0,0,0,0,0,0,0,0,0,0,0,0,0,0,0,0,0,0,0,0,0,0,0,0
424,0,14.160,Not Avl,Compl,Compl,Unable,ON,Not Avl,Compl,Compl,Unable,OFF,38.281,35.938,28.750,28.750,19.531,39.551,15.686,31.765,0.781,1.582,ON,0
425,OFF,ON,ON,1.004,0.999,-0.027,-0.066,3.230,3.171,0,97,51199.219,13.906,23.137,OFF,OFF,OFF,OFF,OFF,OFF,OFF,OFF,Avail,Incmpl
426,Incmpl,Enable,Avail,487.900,330.300,487.900,330.300,ON,Avail,Compl,Enable,75,0,0,0,0,0,0,0,0,0,0,0,0
427,0,0,0,0,0,0,0,0,0,0,0,0,0,0,0,0,0,0,0,0,0,0,0,0
428,0,0,0,0,0,0,0,0,0,0,0,0,0,0,0,0,0,0,0,0,0,0,0,0
429,0,0,0,0,0,0,0,0,0,0,0,0,0,0,0,0,0,0,0,0,0,0,0,0
430,0,0,0,0,0,0,0,0,0,0,0,0,0,0,0,0,0,0,0,0,0,0,0,0
431,0,0,0,0,0,0,0,0,0,0,0,0,0,0,0,0,0,0,0,0,0,0,0,0
432,0,0,0,0,0,0,0,0,0,0,0,0,0,0,0,0,0,0,0,0,0,0,0,0
433,0,14.160,Not Avl,Compl,Compl,Unable,ON,Not Avl,Compl,Compl,Unable,OFF,38.281,35.938,28.750,28.750,19.531,39.551,15.686,31.765,0.781,1.582,ON,0
434,OFF,ON,ON,1.004,0.999,-0.027,-0.066,3.230,3.171,0,97,51199.219,13.906,23.137,OFF,OFF,OFF,OFF,OFF,OFF,OFF,OFF,Avail,Incmpl
435,Incmpl,Enable,Avail,487.900,330.300,487.900,330.300,ON,Avail,Compl,Enable,75,0,0,0,0,0,0,0,0,0,0,0,0
436,0,0,0,0,0,0,0,0,0,0,0,0,0,0,0,0,0,0,0,0,0,0,0,0
437,0,0,0,0,0,0,0,0,0,0,0,0,0,0,0,0,0,0,0,0,0,0,0,0
438,0,0,0,0,0,0,0,0,0,0,0,0,0,0,0,0,0,0,0,0,0,0,0,0
439,0,0,0,0,0,0,0,0,0,0,0,0,0,0,0,0,0,0,0,0,0,0,0,0
440,0,0,0,0,0,0,0,0,0,0,0,0,0,0,0,0,0,0,0,0,0,0,0,0
441,0,0,0,0,0,0,0,0,0,0,0,0,0,0,0,0,0,0,0,0,0,0,0,0
442,0,14.160,Not Avl,Compl,Compl,Unable,ON,Not Avl,Compl,Compl,Unable,OFF,38.281,35.938,28.750,28.750,19.531,39.551,15.686,31.765,0.781,1.582,ON,0
443,OFF,ON,ON,1.004,0.999,-0.027,-0.066,3.230,3.171,0,97,51199.219,13.906,23.137,OFF,OFF,OFF,OFF,OFF,OFF,OFF,OFF,Avail,Incmpl
444,Incmpl,Enable,Avail,487.900,330.300,487.900,330.300,ON,Avail,Compl,Enable,75,0,0,0,0,0,0,0,0,0,0,0,0
445,0,0,0,0,0,0,0,0,0,0,0,0,0,0,0,0,0,0,0,0,0,0,0,0
446,0,0,0,0,0,0,0,0,0,0,0,0,0,0,0,0,0,0,0,0,0,0,0,0
447,0,0,0,0,0,0,0,0,0,0,0,0,0,0,0,0,0,0,0,0,0,0,0,0
448,0,0,0,0,0,0,0,0,0,0,0,0,0,0,0,0,0,0,0,0,0,0,0,0
449,0,0,0,0,0,0,0,0,0,0,0,0,0,0,0,0,0,0,0,0,0,0,0,0
450,0,0,0,0,0,0,0,0,0,0,0,0,0,0,0,0,0,0,0,0,0,0,0,0
451,0,14.160,Not Avl,Compl,Compl,Unable,ON,Not Avl,Compl,Compl,Unable,OFF,38.281,35.938,28.750,28.750,19.531,39.551,15.686,31.765,0.781,1.582,ON,0
452,OFF,ON,ON,1.004,0.999,-0.027,-0.066,3.230,3.171,0,97,51199.219,13.906,23.137,OFF,OFF,OFF,OFF,OFF,OFF,OFF,OFF,Avail,Incmpl
453,Incmpl,Enable,Avail,487.900,330.300,487.900,330.300,ON,Avail,Compl,Enable,75,0,0,0,0,0,0,0,0,0,0,0,0
454,0,0,0,0,0,0,0,0,0,0,0,0,0,0,0,0,0,0,0,0,0,0,0,0
455,0,0,0,0,0,0,0,0,0,0,0,0,0,0,0,0,0,0,0,0,0,0,0,0
456,0,0,0,0,0,0,0,0,0,0,0,0,0,0,0,0,0,0,0,0,0,0,0,0
457,0,0,0,0,0,0,0,0,0,0,0,0,0,0,0,0,0,0,0,0,0,0,0,0
458,0,0,0,0,0,0,0,0,0,0,0,0,0,0,0,0,0,0,0,0,0,0,0,0
459,0,0,0,0,0,0,0,0,0,0,0,0,0,0,0,0,0,0,0,0,0,0,0,0
460,0,14.160,Not Avl,Compl,Compl,Unable,ON,Not Avl,Compl,Compl,Unable,OFF,38.281,35.938,28.750,28.750,19.531,39.551,15.686,31.765,0.781,1.582,ON,0
461,OFF,ON,ON,1.004,0.999,-0.027,-0.066,3.230,3.171,0,97,51199.219,13.906,23.137,OFF,OFF,OFF,OFF,OFF,OFF,OFF,OFF,Avail,Incmpl
462,Incmpl,Enable,Avail,487.900,330.300,487.900,330.300,ON,Avail,Compl,Enable,75,0,0,0,0,0,0,0,0,0,0,0,0
463,0,0,0,0,0,0,0,0,0,0,0,0,0,0,0,0,0,0,0,0,0,0,0,0
464,0,0,0,0,0,0,0,0,0,0,0,0,0,0,0,0,0,0,0,0,0,0,0,0
465,0,0,0,0,0,0,0,0,0,0,0,0,0,0,0,0,0,0,0,0,0,0,0,0
466,0,0,0,0,0,0,0,0,0,0,0,0,0,0,0,0,0,0,0,0,0,0,0,0
467,0,0,0,0,0,0,0,0,0,0,0,0,0,0,0,0,0,0,0,0,0,0,0,0
468,0,0,0,0,0,0,0,0,0,0,0,0,0,0,0,0,0,0,0,0,0,0,0,0
469,0,14.160,Not Avl,Compl,Compl,Unable,ON,Not Avl,Compl,Compl,Unable,OFF,38.281,35.938,28.750,28.750,19.531,39.551,15.686,31.765,0.781,1.582,ON,0
470,OFF,ON,ON,1.004,0.999,-0.027,-0.066,3.230,3.171,0,97,51199.219,13.906,23.137,OFF,OFF,OFF,OFF,OFF,OFF,OFF,OFF,Avail,Incmpl
471,Incmpl,Enable,Avail,487.900,330.300,487.900,330.300,ON,Avail,Compl,Enable,75,0,0,0,0,0,0,0,0,0,0,0,0
472,0,0,0,0,0,0,0,0,0,0,0,0,0,0,0,0,0,0,0,0,0,0,0,0
473,0,0,0,0,0,0,0,0,0,0,0,0,0,0,0,0,0,0,0,0,0,0,0,0
474,0,0,0,0,0,0,0,0,0,0,0,0,0,0,0,0,0,0,0,0,0,0,0,0
475,0,0,0,0,0,0,0,0,0,0,0,0,0,0,0,0,0,0,0,0,0,0,0,0
476,0,0,0,0,0,0,0,0,0,0,0,0,0,0,0,0,0,0,0,0,0,0,0,0
477,0,0,0,0,0,0,0,0,0,0,0,0,0,0,0,0,0,0,0,0,0,0,0,0
478,0,14.160,Not Avl,Compl,Compl,Unable,ON,Not Avl,Compl,Compl,Unable,OFF,38.281,35.938,28.750,28.750,19.531,39.551,15.686,31.765,0.781,1.582,ON,0
479,OFF,ON,ON,1.004,0.999,-0.027,-0.066,3.230,3.171,0,97,51199.219,13.906,23.137,OFF,OFF,OFF,OFF,OFF,OFF,OFF,OFF,Avail,Incmpl
480,Incmpl,Enable,Avail,487.900,330.300,487.900,330.300,ON,Avail,Compl,Enable,75,0,0,0,0,0,0,6,0,0,0,0,0
481,0,0,0,0,0,0,0,0,0,0,0,0,0,0,0,0,0,0,0,0,0,0,0,0
482,0,0,0,0,0,0,0,0,0,0,0,0,0,0,0,0,0,0,0,0,0,0,0,0
483,0,0,0,0,0,0,0,0,0,0,0,0,0,0,0,0,0,0,0,0,0,0,0,0
484,0,0,0,0,0,0,0,0,0,0,0,0,0,0,0,0,0,0,0,0,0,0,0,0
485,0,0,0,0,0,0,0,0,0,0,0,0,0,0,0,0,0,0,0,0,0,0,0,0
486,0,0,0,0,0,0,0,0,0,0,0,0,0,0,0,0,0,0,0,0,0,0,0,0
487,0,14.160,Not Avl,Compl,Compl,Unable,ON,Not Avl,Compl,Compl,Unable,OFF,38.281,35.938,28.750,28.750,19.531,39.551,15.686,31.765,0.781,1.582,ON,0
488,OFF,ON,ON,1.004,0.999,-0.027,-0.066,3.230,3.171,0,97,51199.219,13.906,23.137,OFF,OFF,OFF,OFF,OFF,OFF,OFF,OFF,Avail,Incmpl
489,Incmpl,Enable,Avail,487.900,330.300,487.900,330.300,ON,Avail,Compl,Enable,75,0,0,0,0,0,0,6,A,0,0,0,0
490,0,0,0,0,0,0,0,0,0,0,0,0,0,0,0,0,0,0,0,0,0,0,0,0
491,0,0,0,0,0,0,0,0,0,0,0,0,0,0,0,0,0,0,0,0,0,0,0,0
492,0,0,0,0,0,0,0,0,0,0,0,0,0,0,0,0,0,0,0,0,0,0,0,0
493,0,0,0,0,0,0,0,0,0,0,0,0,0,0,0,0,0,0,0,0,0,0,0,0
494,0,0,0,0,0,0,0,0,0,0,0,0,0,0,0,0,0,0,0,0,0,0,0,0
495,0,0,0,0,0,0,0,0,0,0,0,0,0,0,0,0,0,0,0,0,0,0,0,0
496,0,14.160,Not Avl,Compl,Compl,Unable,ON,Not Avl,Compl,Compl,Unable,OFF,38.281,35.938,28.750,28.750,19.531,39.551,15.686,31.765,0.781,1.582,ON,0
497,OFF,ON,ON,1.004,0.999,-0.027,-0.066,3.230,3.171,0,97,51199.219,13.906,23.137,OFF,OFF,OFF,OFF,OFF,OFF,OFF,OFF,Avail,Incmpl
498,Incmpl,Enable,Avail,487.900,330.300,487.900,330.300,ON,Avail,Compl,Enable,75,0,0,0,0,0,0,6,A,0,0,0,0
499,0,0,0,0,0,0,0,0,0,0,0,0,0,0,0,0,0,0,0,0,0,0,0,0
500,0,0,0,0,0,0,0,0,0,0,0,0,0,0,0,0,0,0,0,0,0,0,0,0
501,0,0,0,0,0,0,0,0,0,0,0,0,0,0,0,0,0,0,0,0,0,0,0,0
502,0,0,0,0,0,0,0,0,0,0,0,0,0,0,0,0,0,0,0,0,0,0,0,0
503,0,0,0,0,0,0,0,0,0,0,0,0,0,0,0,0,0,0,0,0,0,0,0,0
504,0,0,0,0,0,0,0,0,0,0,0,0,0,0,0,0,0,0,0,0,0,0,0,0
505,0,14.160,Not Avl,Compl,Compl,Unable,ON,Not Avl,Compl,Compl,Unable,OFF,38.281,35.938,28.750,28.750,19.531,39.551,15.686,31.765,0.781,1.582,ON,0
506,OFF,ON,ON,1.004,0.999,-0.027,-0.066,3.230,3.171,0,97,51199.219,13.906,23.137,OFF,OFF,OFF,OFF,OFF,OFF,OFF,OFF,Avail,Incmpl
507,Incmpl,Enable,Avail,487.900,330.300,487.900,330.300,ON,Avail,Compl,Enable,75,0,0,0,0,0,0,6,A,0,0,0,0
508,0,0,0,0,0,0,0,0,0,0,0,0,0,0,0,0,0,0,0,0,0,0,0,0
509,0,0,0,0,0,0,0,0,0,0,0,0,0,0,0,0,0,0,0,0,0,0,0,0
510,0,0,0,0,0,0,0,0,0,0,0,0,0,0,0,0,0,0,0,0,0,0,0,0
511,0,0,0,0,0,0,0,0,0,0,0,0,0,0,0,0,0,0,0,0,0,0,0,0
512,0,0,0,0,0,0,0,0,0,0,0,0,0,0,0,0,0,0,0,0,0,0,0,0
513,0,0,0,0,0,0,0,0,0,0,0,0,0,0,0,0,0,0,0,0,0,0,0,0
514,0,14.160,Not Avl,Compl,Compl,Unable,ON,Not Avl,Compl,Compl,Unable,OFF,38.281,35.938,28.750,28.750,19.531,39.551,15.686,31.765,0.781,1.582,ON,0
515,OFF,ON,ON,1.004,0.999,-0.027,-0.066,3.230,3.171,0,97,51199.219,13.906,23.137,OFF,OFF,OFF,OFF,OFF,OFF,OFF,OFF,Avail,Incmpl
516,Incmpl,Enable,Avail,487.900,330.300,487.900,330.300,ON,Avail,Compl,Enable,75,0,0,0,0,0,0,6,A,0,0,Avail,0
517,0,0,0,0,0,0,0,0,0,0,0,0,0,0,0,0,0,0,0,0,0,0,0,0
518,0,0,0,0,0,0,0,0,0,0,0,0,0,0,0,0,0,0,0,0,0,0,0,0
519,0,0,0,0,0,0,0,0,0,0,0,0,0,0,0,0,0,0,0,0,0,0,0,0
520,0,0,0,0,0,0,0,0,0,0,0,0,0,0,0,0,0,0,0,0,0,0,0,0
521,0,0,0,0,0,0,0,0,0,0,0,0,0,0,0,0,0,0,0,0,0,0,0,0
522,0,0,0,0,0,0,0,0,0,0,0,0,0,0,0,0,0,0,0,0,0,0,0,0
523,0,14.160,Not Avl,Compl,Compl,Unable,ON,Not Avl,Compl,Compl,Unable,OFF,38.281,35.938,28.750,28.750,19.531,39.551,15.686,31.765,0.781,1.582,ON,0
524,OFF,ON,ON,1.004,0.999,-0.027,-0.066,3.230,3.171,0,97,51199.219,13.906,23.137,OFF,OFF,OFF,OFF,OFF,OFF,OFF,OFF,Avail,Incmpl
525,Incmpl,Enable,Avail,487.900,330.300,487.900,330.300,ON,Avail,Compl,Enable,75,0,0,0,0,0,0,6,A,0,0,Avail,Incmpl
526,0,0,0,0,0,0,0,0,0,0,0,0,0,0,0,0,0,0,0,0,0,0,0,0
527,0,0,0,0,0,0,0,0,0,0,0,0,0,0,0,0,0,0,0,0,0,0,0,0
528,0,0,0,0,0,0,0,0,0,0,0,0,0,0,0,0,0,0,0,0,0,0,0,0
529,0,0,0,0,0,0,0,0,0,0,0,0,0,0,0,0,0,0,0,0,0,0,0,0
530,0,0,0,0,0,0,0,0,0,0,0,0,0,0,0,0,0,0,0,0,0,0,0,0
531,0,0,0,0,0,0,0,0,0,0,0,0,0,0,0,0,0,0,0,0,0,0,0,0
532,0,14.160,Not Avl,Compl,Compl,Unable,ON,Not Avl,Compl,Compl,Unable,OFF,38.281,35.938,28.750,28.750,19.531,39.551,15.686,31.765,0.781,1.582,ON,0
533,OFF,ON,ON,1.004,0.999,-0.027,-0.066,3.230,3.171,0,97,51199.219,13.906,23.137,OFF,OFF,OFF,OFF,OFF,OFF,OFF,OFF,Avail,Incmpl
534,Incmpl,Enable,Avail,487.900,330.300,487.900,330.300,ON,Avail,Compl,Enable,75,0,0,0,0,0,0,6,A,0,0,Avail,Incmpl
535,Incmpl,0,0,0,0,0,0,0,0,0,0,0,0,0,0,0,0,0,0,0,0,0,0,0
536,0,0,0,0,0,0,0,0,0,0,0,0,0,0,0,0,0,0,0,0,0,0,0,0
537,0,0,0,0,0,0,0,0,0,0,0,0,0,0,0,0,0,0,0,0,0,0,0,0
538,0,0,0,0,0,0,0,0,0,0,0,0,0,0,0,0,0,0,0,0,0,0,0,0
539,0,0,0,0,0,0,0,0,0,0,0,0,0,0,0,0,0,0,0,0,0,0,0,0
540,0,0,0,0,0,0,0,0,0,0,0,0,0,0,0,0,0,0,0,0,0,0,0,0
541,0,14.160,Not Avl,Compl,Compl,Unable,ON,Not Avl,Compl,Compl,Unable,OFF,38.281,35.938,28.750,28.750,19.531,39.551,15.686,31.765,0.781,1.582,ON,0
542,OFF,ON,ON,1.004,0.999,-0.027,-0.066,3.230,3.171,0,97,51199.219,13.906,23.137,OFF,OFF,OFF,OFF,OFF,OFF,OFF,OFF,Avail,Incmpl
543,Incmpl,Enable,Avail,487.900,330.300,487.900,330.300,ON,Avail,Compl,Enable,75,0,0,0,0,0,0,6,A,0,0,Avail,Incmpl
544,Incmpl,Enable,0,0,0,0,0,0,0,0,0,0,0,0,0,0,0,0,0,0,0,0,0,0
545,0,0,0,0,0,0,0,0,0,0,0,0,0,0,0,0,0,0,0,0,0,0,0,0
546,0,0,0,0,0,0,0,0,0,0,0,0,0,0,0,0,0,0,0,0,0,0,0,0
547,0,0,0,0,0,0,0,0,0,0,0,0,0,0,0,0,0,0,0,0,0,0,0,0
548,0,0,0,0,0,0,0,0,0,0,0,0,0,0,0,0,0,0,0,0,0,0,0,0
549,0,0,0,0,0,0,0,0,0,0,0,0,0,0,0,0,0,0,0,0,0,0,0,0
550,0,14.160,Not Avl,Compl,Compl,Unable,ON,Not Avl,Compl,Compl,Unable,OFF,38.281,35.938,28.750,28.750,19.531,39.551,15.686,31.765,0.781,1.582,ON,0
551,OFF,ON,ON,1.004,0.999,-0.027,-0.066,3.230,3.171,0,97,51199.219,13.906,23.137,OFF,OFF,OFF,OFF,OFF,OFF,OFF,OFF,Avail,Incmpl
552,Incmpl,Enable,Avail,487.900,330.300,487.900,330.300,ON,Avail,Compl,Enable,75,0,0,0,0,0,0,6,A,0,0,Avail,Incmpl
553,Incmpl,Enable,OFF,0,0,0,0,0,0,0,0,0,0,0,0,0,0,0,0,0,0,0,0,0
554,0,0,0,0,0,0,0,0,0,0,0,0,0,0,0,0,0,0,0,0,0,0,0,0
555,0,0,0,0,0,0,0,0,0,0,0,0,0,0,0,0,0,0,0,0,0,0,0,0
556,0,0,0,0,0,0,0,0,0,0,0,0,0,0,0,0,0,0,0,0,0,0,0,0
557,0,0,0,0,0,0,0,0,0,0,0,0,0,0,0,0,0,0,0,0,0,0,0,0
558,0,0,0,0,0,0,0,0,0,0,0,0,0,0,0,0,0,0,0,0,0,0,0,0
559,0,14.160,Not Avl,Compl,Compl,Unable,ON,Not Avl,Compl,Compl,Unable,OFF,38.281,35.938,28.750,28.750,19.531,39.551,15.686,31.765,0.781,1.582,ON,0
560,OFF,ON,ON,1.004,0.999,-0.027,-0.066,3.230,3.171,0,97,51199.219,13.906,23.137,OFF,OFF,OFF,OFF,OFF,OFF,OFF,OFF,Avail,Incmpl
561,Incmpl,Enable,Avail,487.900,330.300,487.900,330.300,ON,Avail,Compl,Enable,75,0,0,0,0,0,0,6,A,0,0,Avail,Incmpl
562,Incmpl,Enable,OFF,OFF,0,0,0,0,0,0,0,0,0,0,0,0,0,0,0,0,0,0,0,0
563,0,0,0,0,0,0,0,0,0,0,0,0,0,0,0,0,0,0,0,0,0,0,0,0
564,0,0,0,0,0,0,0,0,0,0,0,0,0,0,0,0,0,0,0,0,0,0,0,0
565,0,0,0,0,0,0,0,0,0,0,0,0,0,0,0,0,0,0,0,0,0,0,0,0
566,0,0,0,0,0,0,0,0,0,0,0,0,0,0,0,0,0,0,0,0,0,0,0,0
567,0,0,0,0,0,0,0,0,0,0,0,0,0,0,0,0,0,0,0,0,0,0,0,0
568,0,14.160,Not Avl,Compl,Compl,Unable,ON,Not Avl,Compl,Compl,Unable,OFF,38.281,35.938,28.750,28.750,19.531,39.551,15.686,31.765,0.781,1.582,ON,0
569,OFF,ON,ON,1.004,0.999,-0.027,-0.066,3.230,3.171,0,97,51199.219,13.906,23.137,OFF,OFF,OFF,OFF,OFF,OFF,OFF,OFF,Avail,Incmpl
570,Incmpl,Enable,Avail,487.900,330.300,487.900,330.300,ON,Avail,Compl,Enable,75,0,0,0,0,0,0,6,A,0,0,Avail,Incmpl
571,Incmpl,Enable,OFF,OFF,773,0,0,0,0,0,0,0,0,0,0,0,0,0,0,0,0,0,0,0
572,0,0,0,0,0,0,0,0,0,0,0,0,0,0,0,0,0,0,0,0,0,0,0,0
573,0,0,0,0,0,0,0,0,0,0,0,0,0,0,0,0,0,0,0,0,0,0,0,0
574,0,0,0,0,0,0,0,0,0,0,0,0,0,0,0,0,0,0,0,0,0,0,0,0
575,0,0,0,0,0,0,0,0,0,0,0,0,0,0,0,0,0,0,0,0,0,0,0,0
576,0,0,0,0,0,0,0,0,0,0,0,0,0,0,0,0,0,0,0,0,0,0,0,0
577,0,14.160,Not Avl,Compl,Compl,Unable,ON,Not Avl,Compl,Compl,Unable,OFF,38.281,35.938,28.750,28.750,19.531,39.551,15.686,31.765,0.781,1.582,ON,0
578,OFF,ON,ON,1.004,0.999,-0.027,-0.066,3.230,3.171,0,97,51199.219,13.906,23.137,OFF,OFF,OFF,OFF,OFF,OFF,OFF,OFF,Avail,Incmpl
579,Incmpl,Enable,Avail,487.900,330.300,487.900,330.300,ON,Avail,Compl,Enable,75,0,0,0,0,0,0,6,A,0,0,Avail,Incmpl
580,Incmpl,Enable,OFF,OFF,773,1033.500,0,0,0,0,0,0,0,0,0,0,0,0,0,0,0,0,0,0
581,0,0,0,0,0,0,0,0,0,0,0,0,0,0,0,0,0,0,0,0,0,0,0,0
582,0,0,0,0,0,0,0,0,0,0,0,0,0,0,0,0,0,0,0,0,0,0,0,0
583,0,0,0,0,0,0,0,0,0,0,0,0,0,0,0,0,0,0,0,0,0,0,0,0
584,0,0,0,0,0,0,0,0,0,0,0,0,0,0,0,0,0,0,0,0,0,0,0,0
585,0,0,0,0,0,0,0,0,0,0,0,0,0,0,0,0,0,0,0,0,0,0,0,0
586,0,14.160,Not Avl,Compl,Compl,Unable,ON,Not Avl,Compl,Compl,Unable,OFF,38.281,35.938,28.750,28.750,19.531,39.551,15.686,31.765,0.781,1.582,ON,0
587,OFF,ON,ON,1.004,0.999,-0.027,-0.066,3.230,3.171,0,97,51199.219,13.906,23.137,OFF,OFF,OFF,OFF,OFF,OFF,OFF,OFF,Avail,Incmpl
588,Incmpl,Enable,Avail,487.900,330.300,487.900,330.300,ON,Avail,Compl,Enable,75,0,0,0,0,0,0,6,A,0,0,Avail,Incmpl
589,Incmpl,Enable,OFF,OFF,773,1033.500,51199.219,0,0,0,0,0,0,0,0,0,0,0,0,0,0,0,0,0
590,0,0,0,0,0,0,0,0,0,0,0,0,0,0,0,0,0,0,0,0,0,0,0,0
591,0,0,0,0,0,0,0,0,0,0,0,0,0,0,0,0,0,0,0,0,0,0,0,0
592,0,0,0,0,0,0,0,0,0,0,0,0,0,0,0,0,0,0,0,0,0,0,0,0
593,0,0,0,0,0,0,0,0,0,0,0,0,0,0,0,0,0,0,0,0,0,0,0,0
594,0,0,0,0,0,0,0,0,0,0,0,0,0,0,0,0,0,0,0,0,0,0,0,0
595,0,14.160,Not Avl,Compl,Compl,Unable,ON,Not Avl,Compl,Compl,Unable,OFF,38.281,35.938,28.750,28.750,19.531,39.551,15.686,31.765,0.781,1.582,ON,0
596,OFF,ON,ON,1.004,0.999,-0.027,-0.066,3.230,3.171,0,97,51199.219,13.906,23.137,OFF,OFF,OFF,OFF,OFF,OFF,OFF,OFF,Avail,Incmpl
597,Incmpl,Enable,Avail,487.900,330.300,487.900,330.300,ON,Avail,Compl,Enable,75,0,0,0,0,0,0,6,A,0,0,Avail,Incmpl
598,Incmpl,Enable,OFF,OFF,773,1033.500,51199.219,51199.219,0,0,0,0,0,0,0,0,0,0,0,0,0,0,0,0
599,0,0,0,0,0,0,0,0,0,0,0,0,0,0,0,0,0,0,0,0,0,0,0,0
600,0,0,0,0,0,0,0,0,0,0,0,0,0,0,0,0,0,0,0,0,0,0,0,0
601,0,0,0,0,0,0,0,0,0,0,0,0,0,0,0,0,0,0,0,0,0,0,0,0
602,0,0,0,0,0,0,0,0,0,0,0,0,0,0,0,0,0,0,0,0,0,0,0,0
603,0,0,0,0,0,0,0,0,0,0,0,0,0,0,0,0,0,0,0,0,0,0,0,0
604,0,14.160,Not Avl,Compl,Compl,Unable,ON,Not Avl,Compl,Compl,Unable,OFF,38.281,35.938,28.750,28.750,19.531,39.551,15.686,31.765,0.781,1.582,ON,0
605,OFF,ON,ON,1.004,0.999,-0.027,-0.066,3.230,3.171,0,97,51199.219,13.906,23.137,OFF,OFF,OFF,OFF,OFF,OFF,OFF,OFF,Avail,Incmpl
606,Incmpl,Enable,Avail,487.900,330.300,487.900,330.300,ON,Avail,Compl,Enable,75,0,0,0,0,0,0,6,A,0,0,Avail,Incmpl
607,Incmpl,Enable,OFF,OFF,773,1033.500,51199.219,51199.219,51199.219,0,0,0,0,0,0,0,0,0,0,0,0,0,0,0
608,0,0,0,0,0,0,0,0,0,0,0,0,0,0,0,0,0,0,0,0,0,0,0,0
609,0,0,0,0,0,0,0,0,0,0,0,0,0,0,0,0,0,0,0,0,0,0,0,0
610,0,0,0,0,0,0,0,0,0,0,0,0,0,0,0,0,0,0,0,0,0,0,0,0
611,0,0,0,0,0,0,0,0,0,0,0,0,0,0,0,0,0,0,0,0,0,0,0,0
612,0,0,0,0,0,0,0,0,0,0,0,0,0,0,0,0,0,0,0,0,0,0,0,0
613,0,14.160,Not Avl,Compl,Compl,Unable,ON,Not Avl,Compl,Compl,Unable,OFF,38.281,35.938,28.750,28.750,19.531,39.551,15.686,31.765,0.781,1.582,ON,0
614,OFF,ON,ON,1.004,0.999,-0.027,-0.066,3.230,3.171,0,97,51199.219,13.906,23.137,OFF,OFF,OFF,OFF,OFF,OFF,OFF,OFF,Avail,Incmpl
615,Incmpl,Enable,Avail,487.900,330.300,487.900,330.300,ON,Avail,Compl,Enable,75,0,0,0,0,0,0,6,A,0,0,Avail,Incmpl
616,Incmpl,Enable,OFF,OFF,773,1033.500,51199.219,51199.219,51199.219,51199.219,0,0,0,0,0,0,0,0,0,0,0,0,0,0
617,0,0,0,0,0,0,0,0,0,0,0,0,0,0,0,0,0,0,0,0,0,0,0,0
618,0,0,0,0,0,0,0,0,0,0,0,0,0,0,0,0,0,0,0,0,0,0,0,0
619,0,0,0,0,0,0,0,0,0,0,0,0,0,0,0,0,0,0,0,0,0,0,0,0
620,0,0,0,0,0,0,0,0,0,0,0,0,0,0,0,0,0,0,0,0,0,0,0,0
621,0,0,0,0,0,0,0,0,0,0,0,0,0,0,0,0,0,0,0,0,0,0,0,0
622,0,14.160,Not Avl,Compl,Compl,Unable,ON,Not Avl,Compl,Compl,Unable,OFF,38.281,35.938,28.750,28.750,19.531,39.551,15.686,31.765,0.781,1.582,ON,0
623,OFF,ON,ON,1.004,0.999,-0.027,-0.066,3.230,3.171,0,97,51199.219,13.906,23.137,OFF,OFF,OFF,OFF,OFF,OFF,OFF,OFF,Avail,Incmpl
624,Incmpl,Enable,Avail,487.900,330.300,487.900,330.300,ON,Avail,Compl,Enable,75,0,0,0,0,0,0,6,A,0,0,Avail,Incmpl
625,Incmpl,Enable,OFF,OFF,773,1033.500,51199.219,51199.219,51199.219,51199.219,51199.219,0,0,0,0,0,0,0,0,0,0,0,0,0
626,0,0,0,0,0,0,0,0,0,0,0,0,0,0,0,0,0,0,0,0,0,0,0,0
627,0,0,0,0,0,0,0,0,0,0,0,0,0,0,0,0,0,0,0,0,0,0,0,0
628,0,0,0,0,0,0,0,0,0,0,0,0,0,0,0,0,0,0,0,0,0,0,0,0
629,0,0,0,0,0,0,0,0,0,0,0,0,0,0,0,0,0,0,0,0,0,0,0,0
630,0,0,0,0,0,0,0,0,0,0,0,0,0,0,0,0,0,0,0,0,0,0,0,0
631,0,14.160,Not Avl,Compl,Compl,Unable,ON,Not Avl,Compl,Compl,Unable,OFF,38.281,35.938,28.750,28.750,19.531,39.551,15.686,31.765,0.781,1.582,ON,0
632,OFF,ON,ON,1.004,0.999,-0.027,-0.066,3.230,3.171,0,97,51199.219,13.906,23.137,OFF,OFF,OFF,OFF,OFF,OFF,OFF,OFF,Avail,Incmpl
633,Incmpl,Enable,Avail,487.900,330.300,487.900,330.300,ON,Avail,Compl,Enable,75,0,0,0,0,0,0,6,A,0,0,Avail,Incmpl
634,Incmpl,Enable,OFF,OFF,773,1033.500,51199.219,51199.219,51199.219,51199.219,51199.219,51199.219,0,0,0,0,0,0,0,0,0,0,0,0
635,0,0,0,0,0,0,0,0,0,0,0,0,0,0,0,0,0,0,0,0,0,0,0,0
636,0,0,0,0,0,0,0,0,0,0,0,0,0,0,0,0,0,0,0,0,0,0,0,0
637,0,0,0,0,0,0,0,0,0,0,0,0,0,0,0,0,0,0,0,0,0,0,0,0
638,0,0,0,0,0,0,0,0,0,0,0,0,0,0,0,0,0,0,0,0,0,0,0,0
639,0,0,0,0,0,0,0,0,0,0,0,0,0,0,0,0,0,0,0,0,0,0,0,0
640,0,14.160,Not Avl,Compl,Compl,Unable,ON,Not Avl,Compl,Compl,Unable,OFF,38.281,35.938,28.750,28.750,19.531,39.551,15.686,31.765,0.781,1.582,ON,0
641,OFF,ON,ON,1.004,0.999,-0.027,-0.066,3.230,3.171,0,97,51199.219,13.906,23.137,OFF,OFF,OFF,OFF,OFF,OFF,OFF,OFF,Avail,Incmpl
642,Incmpl,Enable,Avail,487.900,330.300,487.900,330.300,ON,Avail,Compl,Enable,75,0,0,0,0,0,0,6,A,0,0,Avail,Incmpl
643,Incmpl,Enable,OFF,OFF,773,1033.500,51199.219,51199.219,51199.219,51199.219,51199.219,51199.219,1GRFE ,0,0,0,0,0,0,0,0,0,0,0
644,0,0,0,0,0,0,0,0,0,0,0,0,0,0,0,0,0,0,0,0,0,0,0,0
645,0,0,0,0,0,0,0,0,0,0,0,0,0,0,0,0,0,0,0,0,0,0,0,0
646,0,0,0,0,0,0,0,0,0,0,0,0,0,0,0,0,0,0,0,0,0,0,0,0
647,0,0,0,0,0,0,0,0,0,0,0,0,0,0,0,0,0,0,0,0,0,0,0,0
648,0,0,0,0,0,0,0,0,0,0,0,0,0,0,0,0,0,0,0,0,0,0,0,0
649,0,14.160,Not Avl,Compl,Compl,Unable,ON,Not Avl,Compl,Compl,Unable,OFF,38.281,35.938,28.750,28.750,19.531,39.551,15.686,31.765,0.781,1.582,ON,0
650,OFF,ON,ON,1.004,0.999,-0.027,-0.066,3.230,3.171,0,97,51199.219,13.906,23.137,OFF,OFF,OFF,OFF,OFF,OFF,OFF,OFF,Avail,Incmpl
651,Incmpl,Enable,Avail,487.900,330.300,487.900,330.300,ON,Avail,Compl,Enable,75,0,0,0,0,0,0,6,A,0,0,Avail,Incmpl
652,Incmpl,Enable,OFF,OFF,773,1033.500,51199.219,51199.219,51199.219,51199.219,51199.219,51199.219,1GRFE ,48.235,0,0,0,0,0,0,0,0,0,0
653,0,0,0,0,0,0,0,0,0,0,0,0,0,0,0,0,0,0,0,0,0,0,0,0
654,0,0,0,0,0,0,0,0,0,0,0,0,0,0,0,0,0,0,0,0,0,0,0,0
655,0,0,0,0,0,0,0,0,0,0,0,0,0,0,0,0,0,0,0,0,0,0,0,0
656,0,0,0,0,0,0,0,0,0,0,0,0,0,0,0,0,0,0,0,0,0,0,0,0
657,0,0,0,0,0,0,0,0,0,0,0,0,0,0,0,0,0,0,0,0,0,0,0,0
658,0,14.160,Not Avl,Compl,Compl,Unable,ON,Not Avl,Compl,Compl,Unable,OFF,38.281,35.938,28.750,28.750,19.531,39.551,15.686,31.765,0.781,1.582,ON,0
659,OFF,ON,ON,1.004,0.999,-0.027,-0.066,3.230,3.171,0,97,51199.219,13.906,23.137,OFF,OFF,OFF,OFF,OFF,OFF,OFF,OFF,Avail,Incmpl
660,Incmpl,Enable,Avail,487.900,330.300,487.900,330.300,ON,Avail,Compl,Enable,75,0,0,0,0,0,0,6,A,0,0,Avail,Incmpl
661,Incmpl,Enable,OFF,OFF,773,1033.500,51199.219,51199.219,51199.219,51199.219,51199.219,51199.219,1GRFE ,48.235,Avail,0,0,0,0,0,0,0,0,0
662,0,0,0,0,0,0,0,0,0,0,0,0,0,0,0,0,0,0,0,0,0,0,0,0
663,0,0,0,0,0,0,0,0,0,0,0,0,0,0,0,0,0,0,0,0,0,0,0,0
664,0,0,0,0,0,0,0,0,0,0,0,0,0,0,0,0,0,0,0,0,0,0,0,0
665,0,0,0,0,0,0,0,0,0,0,0,0,0,0,0,0,0,0,0,0,0,0,0,0
666,0,0,0,0,0,0,0,0,0,0,0,0,0,0,0,0,0,0,0,0,0,0,0,0
667,0,14.160,Not Avl,Compl,Compl,Unable,ON,Not Avl,Compl,Compl,Unable,OFF,38.281,35.938,28.750,28.750,19.531,39.551,15.686,31.765,0.781,1.582,ON,0
668,OFF,ON,ON,1.004,0.999,-0.027,-0.066,3.230,3.171,0,97,51199.219,13.906,23.137,OFF,OFF,OFF,OFF,OFF,OFF,OFF,OFF,Avail,Incmpl
669,Incmpl,Enable,Avail,487.900,330.300,487.900,330.300,ON,Avail,Compl,Enable,75,0,0,0,0,0,0,6,A,0,0,Avail,Incmpl
670,Incmpl,Enable,OFF,OFF,773,1033.500,51199.219,51199.219,51199.219,51199.219,51199.219,51199.219,1GRFE ,48.235,Avail,Incmpl,0,0,0,0,0,0,0,0
671,0,0,0,0,0,0,0,0,0,0,0,0,0,0,0,0,0,0,0,0,0,0,0,0
672,0,0,0,0,0,0,0,0,0,0,0,0,0,0,0,0,0,0,0,0,0,0,0,0
673,0,0,0,0,0,0,0,0,0,0,0,0,0,0,0,0,0,0,0,0,0,0,0,0
674,0,0,0,0,0,0,0,0,0,0,0,0,0,0,0,0,0,0,0,0,0,0,0,0
675,0,0,0,0,0,0,0,0,0,0,0,0,0,0,0,0,0,0,0,0,0,0,0,0
676,0,14.160,Not Avl,Compl,Compl,Unable,ON,Not Avl,Compl,Compl,Unable,OFF,38.281,35.938,28.750,28.750,19.531,39.551,15.686,31.765,0.781,1.582,ON,0
677,OFF,ON,ON,1.004,0.999,-0.027,-0.066,3.230,3.171,0,97,51199.219,13.906,23.137,OFF,OFF,OFF,OFF,OFF,OFF,OFF,OFF,Avail,Incmpl
678,Incmpl,Enable,Avail,487.900,330.300,487.900,330.300,ON,Avail,Compl,Enable,75,0,0,0,0,0,0,6,A,0,0,Avail,Incmpl
679,Incmpl,Enable,OFF,OFF,773,1033.500,51199.219,51199.219,51199.219,51199.219,51199.219,51199.219,1GRFE ,48.235,Avail,Incmpl,Incmpl,0,0,0,0,0,0,0
680,0,0,0,0,0,0,0,0,0,0,0,0,0,0,0,0,0,0,0,0,0,0,0,0
681,0,0,0,0,0,0,0,0,0,0,0,0,0,0,0,0,0,0,0,0,0,0,0,0
682,0,0,0,0,0,0,0,0,0,0,0,0,0,0,0,0,0,0,0,0,0,0,0,0
683,0,0,0,0,0,0,0,0,0,0,0,0,0,0,0,0,0,0,0,0,0,0,0,0
684,0,0,0,0,0,0,0,0,0,0,0,0,0,0,0,0,0,0,0,0,0,0,0,0
685,0,14.160,Not Avl,Compl,Compl,Unable,ON,Not Avl,Compl,Compl,Unable,OFF,38.281,35.938,28.750,28.750,19.531,39.551,15.686,31.765,0.781,1.582,ON,0
686,OFF,ON,ON,1.004,0.999,-0.027,-0.066,3.230,3.171,0,97,51199.219,13.906,23.137,OFF,OFF,OFF,OFF,OFF,OFF,OFF,OFF,Avail,Incmpl
687,Incmpl,Enable,Avail,487.900,330.300,487.900,330.300,ON,Avail,Compl,Enable,75,0,0,0,0,0,0,6,A,0,0,Avail,Incmpl
688,Incmpl,Enable,OFF,OFF,773,1033.500,51199.219,51199.219,51199.219,51199.219,51199.219,51199.219,1GRFE ,48.235,Avail,Incmpl,Incmpl,Enable,0,0,0,0,0,0
689,0,0,0,0,0,0,0,0,0,0,0,0,0,0,0,0,0,0,0,0,0,0,0,0
690,0,0,0,0,0,0,0,0,0,0,0,0,0,0,0,0,0,0,0,0,0,0,0,0
691,0,0,0,0,0,0,0,0,0,0,0,0,0,0,0,0,0,0,0,0,0,0,0,0
692,0,0,0,0,0,0,0,0,0,0,0,0,0,0,0,0,0,0,0,0,0,0,0,0
693,0,0,0,0,0,0,0,0,0,0,0,0,0,0,0,0,0,0,0,0,0,0,0,0
694,0,14.160,Not Avl,Compl,Compl,Unable,ON,Not Avl,Compl,Compl,Unable,OFF,38.281,35.938,28.750,28.750,19.531,39.551,15.686,31.765,0.781,1.582,ON,0
695,OFF,ON,ON,1.004,0.999,-0.027,-0.066,3.230,3.171,0,97,51199.219,13.906,23.137,OFF,OFF,OFF,OFF,OFF,OFF,OFF,OFF,Avail,Incmpl
696,Incmpl,Enable,Avail,487.900,330.300,487.900,330.300,ON,Avail,Compl,Enable,75,0,0,0,0,0,0,6,A,0,0,Avail,Incmpl
697,Incmpl,Enable,OFF,OFF,773,1033.500,51199.219,51199.219,51199.219,51199.219,51199.219,51199.219,1GRFE ,48.235,Avail,Incmpl,Incmpl,Enable,7.996,0,0,0,0,0
698,0,0,0,0,0,0,0,0,0,0,0,0,0,0,0,0,0,0,0,0,0,0,0,0
699,0,0,0,0,0,0,0,0,0,0,0,0,0,0,0,0,0,0,0,0,0,0,0,0
700,0,0,0,0,0,0,0,0,0,0,0,0,0,0,0,0,0,0,0,0,0,0,0,0
701,0,0,0,0,0,0,0,0,0,0,0,0,0,0,0,0,0,0,0,0,0,0,0,0
702,0,0,0,0,0,0,0,0,0,0,0,0,0,0,0,0,0,0,0,0,0,0,0,0
703,0,14.160,Not Avl,Compl,Compl,Unable,ON,Not Avl,Compl,Compl,Unable,OFF,38.281,35.938,28.750,28.750,19.531,39.551,15.686,31.765,0.781,1.582,ON,0
704,OFF,ON,ON,1.004,0.999,-0.027,-0.066,3.230,3.171,0,97,51199.219,13.906,23.137,OFF,OFF,OFF,OFF,OFF,OFF,OFF,OFF,Avail,Incmpl
705,Incmpl,Enable,Avail,487.900,330.300,487.900,330.300,ON,Avail,Compl,Enable,75,0,0,0,0,0,0,6,A,0,0,Avail,Incmpl
706,Incmpl,Enable,OFF,OFF,773,1033.500,51199.219,51199.219,51199.219,51199.219,51199.219,51199.219,1GRFE ,48.235,Avail,Incmpl,Incmpl,Enable,7.996,ON,0,0,0,0
707,0,0,0,0,0,0,0,0,0,0,0,0,0,0,0,0,0,0,0,0,0,0,0,0
708,0,0,0,0,0,0,0,0,0,0,0,0,0,0,0,0,0,0,0,0,0,0,0,0
709,0,0,0,0,0,0,0,0,0,0,0,0,0,0,0,0,0,0,0,0,0,0,0,0
710,0,0,0,0,0,0,0,0,0,0,0,0,0,0,0,0,0,0,0,0,0,0,0,0
711,0,0,0,0,0,0,0,0,0,0,0,0,0,0,0,0,0,0,0,0,0,0,0,0
712,0,14.160,Not Avl,Compl,Compl,Unable,ON,Not Avl,Compl,Compl,Unable,OFF,38.281,35.938,28.750,28.750,19.531,39.551,15.686,31.765,0.781,1.582,ON,0
713,OFF,ON,ON,1.004,0.999,-0.027,-0.066,3.230,3.171,0,97,51199.219,13.906,23.137,OFF,OFF,OFF,OFF,OFF,OFF,OFF,OFF,Avail,Incmpl
714,Incmpl,Enable,Avail,487.900,330.300,487.900,330.300,ON,Avail,Compl,Enable,75,0,0,0,0,0,0,6,A,0,0,Avail,Incmpl
715,Incmpl,Enable,OFF,OFF,773,1033.500,51199.219,51199.219,51199.219,51199.219,51199.219,51199.219,1GRFE ,48.235,Avail,Incmpl,Incmpl,Enable,7.996,ON,OFF,0,0,0
716,0,0,0,0,0,0,0,0,0,0,0,0,0,0,0,0,0,0,0,0,0,0,0,0
717,0,0,0,0,0,0,0,0,0,0,0,0,0,0,0,0,0,0,0,0,0,0,0,0
718,0,0,0,0,0,0,0,0,0,0,0,0,0,0,0,0,0,0,0,0,0,0,0,0
719,0,0,0,0,0,0,0,0,0,0,0,0,0,0,0,0,0,0,0,0,0,0,0,0
720,0,0,0,0,0,0,0,0,0,0,0,0,0,0,0,0,0,0,0,0,0,0,0,0
721,0,14.160,Not Avl,Compl,Compl,Unable,ON,Not Avl,Compl,Compl,Unable,OFF,38.281,35.938,28.750,28.750,19.531,39.551,15.686,31.765,0.781,1.582,ON,0
722,OFF,ON,ON,1.004,0.999,-0.027,-0.066,3.230,3.171,0,97,51199.219,13.906,23.137,OFF,OFF,OFF,OFF,OFF,OFF,OFF,OFF,Avail,Incmpl
723,Incmpl,Enable,Avail,487.900,330.300,487.900,330.300,ON,Avail,Compl,Enable,75,0,0,0,0,0,0,6,A,0,0,Avail,Incmpl
724,Incmpl,Enable,OFF,OFF,773,1033.500,51199.219,51199.219,51199.219,51199.219,51199.219,51199.219,1GRFE ,48.235,Avail,Incmpl,Incmpl,Enable,7.996,ON,OFF,OFF,0,0
725,0,0,0,0,0,0,0,0,0,0,0,0,0,0,0,0,0,0,0,0,0,0,0,0
726,0,0,0,0,0,0,0,0,0,0,0,0,0,0,0,0,0,0,0,0,0,0,0,0
727,0,0,0,0,0,0,0,0,0,0,0,0,0,0,0,0,0,0,0,0,0,0,0,0
728,0,0,0,0,0,0,0,0,0,0,0,0,0,0,0,0,0,0,0,0,0,0,0,0
729,0,0,0,0,0,0,0,0,0,0,0,0,0,0,0,0,0,0,0,0,0,0,0,0
730,0,14.160,Not Avl,Compl,Compl,Unable,ON,Not Avl,Compl,Compl,Unable,OFF,38.281,35.938,28.750,28.750,19.531,39.551,15.686,31.765,0.781,1.582,ON,0
731,OFF,ON,ON,1.004,0.999,-0.027,-0.066,3.230,3.171,0,97,51199.219,13.906,23.137,OFF,OFF,OFF,OFF,OFF,OFF,OFF,OFF,Avail,Incmpl
732,Incmpl,Enable,Avail,487.900,330.300,487.900,330.300,ON,Avail,Compl,Enable,75,0,0,0,0,0,0,6,A,0,0,Avail,Incmpl
733,Incmpl,Enable,OFF,OFF,773,1033.500,51199.219,51199.219,51199.219,51199.219,51199.219,51199.219,1GRFE ,48.235,Avail,Incmpl,Incmpl,Enable,7.996,ON,OFF,OFF,OFF,0
734,0,0,0,0,0,0,0,0,0,0,0,0,0,0,0,0,0,0,0,0,0,0,0,0
735,0,0,0,0,0,0,0,0,0,0,0,0,0,0,0,0,0,0,0,0,0,0,0,0
736,0,0,0,0,0,0,0,0,0,0,0,0,0,0,0,0,0,0,0,0,0,0,0,0
737,0,0,0,0,0,0,0,0,0,0,0,0,0,0,0,0,0,0,0,0,0,0,0,0
738,0,0,0,0,0,0,0,0,0,0,0,0,0,0,0,0,0,0,0,0,0,0,0,0
739,0,14.160,Not Avl,Compl,Compl,Unable,ON,Not Avl,Compl,Compl,Unable,OFF,38.281,35.938,28.750,28.750,19.531,39.551,15.686,31.765,0.781,1.582,ON,0
740,OFF,ON,ON,1.004,0.999,-0.027,-0.066,3.230,3.171,0,97,51199.219,13.906,23.137,OFF,OFF,OFF,OFF,OFF,OFF,OFF,OFF,Avail,Incmpl
741,Incmpl,Enable,Avail,487.900,330.300,487.900,330.300,ON,Avail,Compl,Enable,75,0,0,0,0,0,0,6,A,0,0,Avail,Incmpl
742,Incmpl,Enable,OFF,OFF,773,1033.500,51199.219,51199.219,51199.219,51199.219,51199.219,51199.219,1GRFE ,48.235,Avail,Incmpl,Incmpl,Enable,7.996,ON,OFF,OFF,OFF,ON
743,0,0,0,0,0,0,0,0,0,0,0,0,0,0,0,0,0,0,0,0,0,0,0,0
744,0,0,0,0,0,0,0,0,0,0,0,0,0,0,0,0,0,0,0,0,0,0,0,0
745,0,0,0,0,0,0,0,0,0,0,0,0,0,0,0,0,0,0,0,0,0,0,0,0
746,0,0,0,0,0,0,0,0,0,0,0,0,0,0,0,0,0,0,0,0,0,0,0,0
747,0,0,0,0,0,0,0,0,0,0,0,0,0,0,0,0,0,0,0,0,0,0,0,0
748,0,14.160,Not Avl,Compl,Compl,Unable,ON,Not Avl,Compl,Compl,Unable,OFF,38.281,35.938,28.750,28.750,19.531,39.551,15.686,31.765,0.781,1.582,ON,0
749,OFF,ON,ON,1.004,0.999,-0.027,-0.066,3.230,3.171,0,97,51199.219,13.906,23.137,OFF,OFF,OFF,OFF,OFF,OFF,OFF,OFF,Avail,Incmpl
750,Incmpl,Enable,Avail,487.900,330.300,487.900,330.300,ON,Avail,Compl,Enable,75,0,0,0,0,0,0,6,A,0,0,Avail,Incmpl
751,Incmpl,Enable,OFF,OFF,773,1033.500,51199.219,51199.219,51199.219,51199.219,51199.219,51199.219,1GRFE ,48.235,Avail,Incmpl,Incmpl,Enable,7.996,ON,OFF,OFF,OFF,ON
752,ON,0,0,0,0,0,0,0,0,0,0,0,0,0,0,0,0,0,0,0,0,0,0,0
753,0,0,0,0,0,0,0,0,0,0,0,0,0,0,0,0,0,0,0,0,0,0,0,0
754,0,0,0,0,0,0,0,0,0,0,0,0,0,0,0,0,0,0,0,0,0,0,0,0
755,0,0,0,0,0,0,0,0,0,0,0,0,0,0,0,0,0,0,0,0,0,0,0,0
756,0,0,0,0,0,0,0,0,0,0,0,0,0,0,0,0,0,0,0,0,0,0,0,0
757,0,14.160,Not Avl,Compl,Compl,Unable,ON,Not Avl,Compl,Compl,Unable,OFF,38.281,35.938,28.750,28.750,19.531,39.551,15.686,31.765,0.781,1.582,ON,0
758,OFF,ON,ON,1.004,0.999,-0.027,-0.066,3.230,3.171,0,97,51199.219,13.906,23.137,OFF,OFF,OFF,OFF,OFF,OFF,OFF,OFF,Avail,Incmpl
759,Incmpl,Enable,Avail,487.900,330.300,487.900,330.300,ON,Avail,Compl,Enable,75,0,0,0,0,0,0,6,A,0,0,Avail,Incmpl
760,Incmpl,Enable,OFF,OFF,773,1033.500,51199.219,51199.219,51199.219,51199.219,51199.219,51199.219,1GRFE ,48.235,Avail,Incmpl,Incmpl,Enable,7.996,ON,OFF,OFF,OFF,ON
761,ON,Avail,0,0,0,0,0,0,0,0,0,0,0,0,0,0,0,0,0,0,0,0,0,0
762,0,0,0,0,0,0,0,0,0,0,0,0,0,0,0,0,0,0,0,0,0,0,0,0
763,0,0,0,0,0,0,0,0,0,0,0,0,0,0,0,0,0,0,0,0,0,0,0,0
764,0,0,0,0,0,0,0,0,0,0,0,0,0,0,0,0,0,0,0,0,0,0,0,0
765,0,0,0,0,0,0,0,0,0,0,0,0,0,0,0,0,0,0,0,0,0,0,0,0
766,0,14.160,Not Avl,Compl,Compl,Unable,ON,Not Avl,Compl,Compl,Unable,OFF,38.281,35.938,28.750,28.750,19.531,39.551,15.686,31.765,0.781,1.582,ON,0
767,OFF,ON,ON,1.004,0.999,-0.027,-0.066,3.230,3.171,0,97,51199.219,13.906,23.137,OFF,OFF,OFF,OFF,OFF,OFF,OFF,OFF,Avail,Incmpl
768,Incmpl,Enable,Avail,487.900,330.300,487.900,330.300,ON,Avail,Compl,Enable,75,0,0,0,0,0,0,6,A,0,0,Avail,Incmpl
769,Incmpl,Enable,OFF,OFF,773,1033.500,51199.219,51199.219,51199.219,51199.219,51199.219,51199.219,1GRFE ,48.235,Avail,Incmpl,Incmpl,Enable,7.996,ON,OFF,OFF,OFF,ON
770,ON,Avail,Compl,0,0,0,0,0,0,0,0,0,0,0,0,0,0,0,0,0,0,0,0,0
771,0,0,0,0,0,0,0,0,0,0,0,0,0,0,0,0,0,0,0,0,0,0,0,0
772,0,0,0,0,0,0,0,0,0,0,0,0,0,0,0,0,0,0,0,0,0,0,0,0
773,0,0,0,0,0,0,0,0,0,0,0,0,0,0,0,0,0,0,0,0,0,0,0,0
774,0,0,0,0,0,0,0,0,0,0,0,0,0,0,0,0,0,0,0,0,0,0,0,0
775,0,14.160,Not Avl,Compl,Compl,Unable,ON,Not Avl,Compl,Compl,Unable,OFF,38.281,35.938,28.750,28.750,19.531,39.551,15.686,31.765,0.781,1.582,ON,0
776,OFF,ON,ON,1.004,0.999,-0.027,-0.066,3.230,3.171,0,97,51199.219,13.906,23.137,OFF,OFF,OFF,OFF,OFF,OFF,OFF,OFF,Avail,Incmpl
777,Incmpl,Enable,Avail,487.900,330.300,487.900,330.300,ON,Avail,Compl,Enable,75,0,0,0,0,0,0,6,A,0,0,Avail,Incmpl
778,Incmpl,Enable,OFF,OFF,773,1033.500,51199.219,51199.219,51199.219,51199.219,51199.219,51199.219,1GRFE ,48.235,Avail,Incmpl,Incmpl,Enable,7.996,ON,OFF,OFF,OFF,ON
779,ON,Avail,Compl,Enable,0,0,0,0,0,0,0,0,0,0,0,0,0,0,0,0,0,0,0,0
780,0,0,0,0,0,0,0,0,0,0,0,0,0,0,0,0,0,0,0,0,0,0,0,0
781,0,0,0,0,0,0,0,0,0,0,0,0,0,0,0,0,0,0,0,0,0,0,0,0
782,0,0,0,0,0,0,0,0,0,0,0,0,0,0,0,0,0,0,0,0,0,0,0,0
783,0,0,0,0,0,0,0,0,0,0,0,0,0,0,0,0,0,0,0,0,0,0,0,0
784,0,14.160,Not Avl,Compl,Compl,Unable,ON,Not Avl,Compl,Compl,Unable,OFF,38.281,35.938,28.750,28.750,19.531,39.551,15.686,31.765,0.781,1.582,ON,0
785,OFF,ON,ON,1.004,0.999,-0.027,-0.066,3.230,3.171,0,97,51199.219,13.906,23.137,OFF,OFF,OFF,OFF,OFF,OFF,OFF,OFF,Avail,Incmpl
786,Incmpl,Enable,Avail,487.900,330.300,487.900,330.300,ON,Avail,Compl,Enable,75,0,0,0,0,0,0,6,A,0,0,Avail,Incmpl
787,Incmpl,Enable,OFF,OFF,773,1033.500,51199.219,51199.219,51199.219,51199.219,51199.219,51199.219,1GRFE ,48.235,Avail,Incmpl,Incmpl,Enable,7.996,ON,OFF,OFF,OFF,ON
788,ON,Avail,Compl,Enable,Compl,0,0,0,0,0,0,0,0,0,0,0,0,0,0,0,0,0,0,0
789,0,0,0,0,0,0,0,0,0,0,0,0,0,0,0,0,0,0,0,0,0,0,0,0
790,0,0,0,0,0,0,0,0,0,0,0,0,0,0,0,0,0,0,0,0,0,0,0,0
791,0,0,0,0,0,0,0,0,0,0,0,0,0,0,0,0,0,0,0,0,0,0,0,0
792,0,0,0,0,0,0,0,0,0,0,0,0,0,0,0,0,0,0,0,0,0,0,0,0
793,0,14.160,Not Avl,Compl,Compl,Unable,ON,Not Avl,Compl,Compl,Unable,OFF,38.281,35.938,28.750,28.750,19.531,39.551,15.686,31.765,0.781,1.582,ON,0
794,OFF,ON,ON,1.004,0.999,-0.027,-0.066,3.230,3.171,0,97,51199.219,13.906,23.137,OFF,OFF,OFF,OFF,OFF,OFF,OFF,OFF,Avail,Incmpl
795,Incmpl,Enable,Avail,487.900,330.300,487.900,330.300,ON,Avail,Compl,Enable,75,0,0,0,0,0,0,6,A,0,0,Avail,Incmpl
796,Incmpl,Enable,OFF,OFF,773,1033.500,51199.219,51199.219,51199.219,51199.219,51199.219,51199.219,1GRFE ,48.235,Avail,Incmpl,Incmpl,Enable,7.996,ON,OFF,OFF,OFF,ON
797,ON,Avail,Compl,Enable,Compl,CL,0,0,0,0,0,0,0,0,0,0,0,0,0,0,0,0,0,0
798,0,0,0,0,0,0,0,0,0,0,0,0,0,0,0,0,0,0,0,0,0,0,0,0
799,0,0,0,0,0,0,0,0,0,0,0,0,0,0,0,0,0,0,0,0,0,0,0,0
800,0,0,0,0,0,0,0,0,0,0,0,0,0,0,0,0,0,0,0,0,0,0,0,0
801,0,0,0,0,0,0,0,0,0,0,0,0,0,0,0,0,0,0,0,0,0,0,0,0
802,0,14.160,Not Avl,Compl,Compl,Unable,ON,Not Avl,Compl,Compl,Unable,OFF,38.281,35.938,28.750,28.750,19.531,39.551,15.686,31.765,0.781,1.582,ON,0
803,OFF,ON,ON,1.004,0.999,-0.027,-0.066,3.230,3.171,0,97,51199.219,13.906,23.137,OFF,OFF,OFF,OFF,OFF,OFF,OFF,OFF,Avail,Incmpl
804,Incmpl,Enable,Avail,487.900,330.300,487.900,330.300,ON,Avail,Compl,Enable,75,0,0,0,0,0,0,6,A,0,0,Avail,Incmpl
805,Incmpl,Enable,OFF,OFF,773,1033.500,51199.219,51199.219,51199.219,51199.219,51199.219,51199.219,1GRFE ,48.235,Avail,Incmpl,Incmpl,Enable,7.996,ON,OFF,OFF,OFF,ON
806,ON,Avail,Compl,Enable,Compl,CL,CL,0,0,0,0,0,0,0,0,0,0,0,0,0,0,0,0,0
807,0,0,0,0,0,0,0,0,0,0,0,0,0,0,0,0,0,0,0,0,0,0,0,0
808,0,0,0,0,0,0,0,0,0,0,0,0,0,0,0,0,0,0,0,0,0,0,0,0
809,0,0,0,0,0,0,0,0,0,0,0,0,0,0,0,0,0,0,0,0,0,0,0,0
810,0,0,0,0,0,0,0,0,0,0,0,0,0,0,0,0,0,0,0,0,0,0,0,0
811,0,14.160,Not Avl,Compl,Compl,Unable,ON,Not Avl,Compl,Compl,Unable,OFF,38.281,35.938,28.750,28.750,19.531,39.551,15.686,31.765,0.781,1.582,ON,0
812,OFF,ON,ON,1.004,0.999,-0.027,-0.066,3.230,3.171,0,97,51199.219,13.906,23.137,OFF,OFF,OFF,OFF,OFF,OFF,OFF,OFF,Avail,Incmpl
813,Incmpl,Enable,Avail,487.900,330.300,487.900,330.300,ON,Avail,Compl,Enable,75,0,0,0,0,0,0,6,A,0,0,Avail,Incmpl
814,Incmpl,Enable,OFF,OFF,773,1033.500,51199.219,51199.219,51199.219,51199.219,51199.219,51199.219,1GRFE ,48.235,Avail,Incmpl,Incmpl,Enable,7.996,ON,OFF,OFF,OFF,ON
815,ON,Avail,Compl,Enable,Compl,CL,CL,Compl,0,0,0,0,0,0,0,0,0,0,0,0,0,0,0,0
816,0,0,0,0,0,0,0,0,0,0,0,0,0,0,0,0,0,0,0,0,0,0,0,0
817,0,0,0,0,0,0,0,0,0,0,0,0,0,0,0,0,0,0,0,0,0,0,0,0
818,0,0,0,0,0,0,0,0,0,0,0,0,0,0,0,0,0,0,0,0,0,0,0,0
819,0,0,0,0,0,0,0,0,0,0,0,0,0,0,0,0,0,0,0,0,0,0,0,0
820,0,14.160,Not Avl,Compl,Compl,Unable,ON,Not Avl,Compl,Compl,Unable,OFF,38.281,35.938,28.750,28.750,19.531,39.551,15.686,31.765,0.781,1.582,ON,0
821,OFF,ON,ON,1.004,0.999,-0.027,-0.066,3.230,3.171,0,97,51199.219,13.906,23.137,OFF,OFF,OFF,OFF,OFF,OFF,OFF,OFF,Avail,Incmpl
822,Incmpl,Enable,Avail,487.900,330.300,487.900,330.300,ON,Avail,Compl,Enable,75,0,0,0,0,0,0,6,A,0,0,Avail,Incmpl
823,Incmpl,Enable,OFF,OFF,773,1033.500,51199.219,51199.219,51199.219,51199.219,51199.219,51199.219,1GRFE ,48.235,Avail,Incmpl,Incmpl,Enable,7.996,ON,OFF,OFF,OFF,ON
824,ON,Avail,Compl,Enable,Compl,CL,CL,Compl,Unable,0,0,0,0,0,0,0,0,0,0,0,0,0,0,0
825,0,0,0,0,0,0,0,0,0,0,0,0,0,0,0,0,0,0,0,0,0,0,0,0
826,0,0,0,0,0,0,0,0,0,0,0,0,0,0,0,0,0,0,0,0,0,0,0,0
827,0,0,0,0,0,0,0,0,0,0,0,0,0,0,0,0,0,0,0,0,0,0,0,0
828,0,0,0,0,0,0,0,0,0,0,0,0,0,0,0,0,0,0,0,0,0,0,0,0
829,0,14.160,Not Avl,Compl,Compl,Unable,ON,Not Avl,Compl,Compl,Unable,OFF,38.281,35.938,28.750,28.750,19.531,39.551,15.686,31.765,0.781,1.582,ON,0
830,OFF,ON,ON,1.004,0.999,-0.027,-0.066,3.230,3.171,0,97,51199.219,13.906,23.137,OFF,OFF,OFF,OFF,OFF,OFF,OFF,OFF,Avail,Incmpl
831,Incmpl,Enable,Avail,487.900,330.300,487.900,330.300,ON,Avail,Compl,Enable,75,0,0,0,0,0,0,6,A,0,0,Avail,Incmpl
832,Incmpl,Enable,OFF,OFF,773,1033.500,51199.219,51199.219,51199.219,51199.219,51199.219,51199.219,1GRFE ,48.235,Avail,Incmpl,Incmpl,Enable,7.996,ON,OFF,OFF,OFF,ON
833,ON,Avail,Compl,Enable,Compl,CL,CL,Compl,Unable,Not Avl,0,0,0,0,0,0,0,0,0,0,0,0,0,0
834,0,0,0,0,0,0,0,0,0,0,0,0,0,0,0,0,0,0,0,0,0,0,0,0
835,0,0,0,0,0,0,0,0,0,0,0,0,0,0,0,0,0,0,0,0,0,0,0,0
836,0,0,0,0,0,0,0,0,0,0,0,0,0,0,0,0,0,0,0,0,0,0,0,0
837,0,0,0,0,0,0,0,0,0,0,0,0,0,0,0,0,0,0,0,0,0,0,0,0
838,0,14.160,Not Avl,Compl,Compl,Unable,ON,Not Avl,Compl,Compl,Unable,OFF,38.281,35.938,28.750,28.750,19.531,39.551,15.686,31.765,0.781,1.582,ON,0
839,OFF,ON,ON,1.004,0.999,-0.027,-0.066,3.230,3.171,0,97,51199.219,13.906,23.137,OFF,OFF,OFF,OFF,OFF,OFF,OFF,OFF,Avail,Incmpl
840,Incmpl,Enable,Avail,487.900,330.300,487.900,330.300,ON,Avail,Compl,Enable,75,0,0,0,0,0,0,6,A,0,0,Avail,Incmpl
841,Incmpl,Enable,OFF,OFF,773,1033.500,51199.219,51199.219,51199.219,51199.219,51199.219,51199.219,1GRFE ,48.235,Avail,Incmpl,Incmpl,Enable,7.996,ON,OFF,OFF,OFF,ON
842,ON,Avail,Compl,Enable,Compl,CL,CL,Compl,Unable,Not Avl,Compl,0,0,0,0,0,0,0,0,0,0,0,0,0
843,0,0,0,0,0,0,0,0,0,0,0,0,0,0,0,0,0,0,0,0,0,0,0,0
844,0,0,0,0,0,0,0,0,0,0,0,0,0,0,0,0,0,0,0,0,0,0,0,0
845,0,0,0,0,0,0,0,0,0,0,0,0,0,0,0,0,0,0,0,0,0,0,0,0
846,0,0,0,0,0,0,0,0,0,0,0,0,0,0,0,0,0,0,0,0,0,0,0,0
847,0,14.160,Not Avl,Compl,Compl,Unable,ON,Not Avl,Compl,Compl,Unable,OFF,38.281,35.938,28.750,28.750,19.531,39.551,15.686,31.765,0.781,1.582,ON,0
848,OFF,ON,ON,1.004,0.999,-0.027,-0.066,3.230,3.171,0,97,51199.219,13.906,23.137,OFF,OFF,OFF,OFF,OFF,OFF,OFF,OFF,Avail,Incmpl
849,Incmpl,Enable,Avail,487.900,330.300,487.900,330.300,ON,Avail,Compl,Enable,75,0,0,0,0,0,0,6,A,0,0,Avail,Incmpl
850,Incmpl,Enable,OFF,OFF,773,1033.500,51199.219,51199.219,51199.219,51199.219,51199.219,51199.219,1GRFE ,48.235,Avail,Incmpl,Incmpl,Enable,7.996,ON,OFF,OFF,OFF,ON
851,ON,Avail,Compl,Enable,Compl,CL,CL,Compl,Unable,Not Avl,Compl,Compl,0,0,0,0,0,0,0,0,0,0,0,0
852,0,0,0,0,0,0,0,0,0,0,0,0,0,0,0,0,0,0,0,0,0,0,0,0
853,0,0,0,0,0,0,0,0,0,0,0,0,0,0,0,0,0,0,0,0,0,0,0,0
854,0,0,0,0,0,0,0,0,0,0,0,0,0,0,0,0,0,0,0,0,0,0,0,0
855,0,0,0,0,0,0,0,0,0,0,0,0,0,0,0,0,0,0,0,0,0,0,0,0
856,0,14.160,Not Avl,Compl,Compl,Unable,ON,Not Avl,Compl,Compl,Unable,OFF,38.281,35.938,28.750,28.750,19.531,39.551,15.686,31.765,0.781,1.582,ON,0
857,OFF,ON,ON,1.004,0.999,-0.027,-0.066,3.230,3.171,0,97,51199.219,13.906,23.137,OFF,OFF,OFF,OFF,OFF,OFF,OFF,OFF,Avail,Incmpl
858,Incmpl,Enable,Avail,487.900,330.300,487.900,330.300,ON,Avail,Compl,Enable,75,0,0,0,0,0,0,6,A,0,0,Avail,Incmpl
859,Incmpl,Enable,OFF,OFF,773,1033.500,51199.219,51199.219,51199.219,51199.219,51199.219,51199.219,1GRFE ,48.235,Avail,Incmpl,Incmpl,Enable,7.996,ON,OFF,OFF,OFF,ON
860,ON,Avail,Compl,Enable,Compl,CL,CL,Compl,Unable,Not Avl,Compl,Compl,Enable,0,0,0,0,0,0,0,0,0,0,0
861,0,0,0,0,0,0,0,0,0,0,0,0,0,0,0,0,0,0,0,0,0,0,0,0
862,0,0,0,0,0,0,0,0,0,0,0,0,0,0,0,0,0,0,0,0,0,0,0,0
863,0,0,0,0,0,0,0,0,0,0,0,0,0,0,0,0,0,0,0,0,0,0,0,0
864,0,0,0,0,0,0,0,0,0,0,0,0,0,0,0,0,0,0,0,0,0,0,0,0
865,0,14.160,Not Avl,Compl,Compl,Unable,ON,Not Avl,Compl,Compl,Unable,OFF,38.281,35.938,28.750,28.750,19.531,39.551,15.686,31.765,0.781,1.582,ON,0
866,OFF,ON,ON,1.004,0.999,-0.027,-0.066,3.230,3.171,0,97,51199.219,13.906,23.137,OFF,OFF,OFF,OFF,OFF,OFF,OFF,OFF,Avail,Incmpl
867,Incmpl,Enable,Avail,487.900,330.300,487.900,330.300,ON,Avail,Compl,Enable,75,0,0,0,0,0,0,6,A,0,0,Avail,Incmpl
868,Incmpl,Enable,OFF,OFF,773,1033.500,51199.219,51199.219,51199.219,51199.219,51199.219,51199.219,1GRFE ,48.235,Avail,Incmpl,Incmpl,Enable,7.996,ON,OFF,OFF,OFF,ON
869,ON,Avail,Compl,Enable,Compl,CL,CL,Compl,Unable,Not Avl,Compl,Compl,Enable,OFF,0,0,0,0,0,0,0,0,0,0
870,0,0,0,0,0,0,0,0,0,0,0,0,0,0,0,0,0,0,0,0,0,0,0,0
871,0,0,0,0,0,0,0,0,0,0,0,0,0,0,0,0,0,0,0,0,0,0,0,0
872,0,0,0,0,0,0,0,0,0,0,0,0,0,0,0,0,0,0,0,0,0,0,0,0
873,0,0,0,0,0,0,0,0,0,0,0,0,0,0,0,0,0,0,0,0,0,0,0,0
874,0,14.160,Not Avl,Compl,Compl,Unable,ON,Not Avl,Compl,Compl,Unable,OFF,38.281,35.938,28.750,28.750,19.531,39.551,15.686,31.765,0.781,1.582,ON,0
875,OFF,ON,ON,1.004,0.999,-0.027,-0.066,3.230,3.171,0,97,51199.219,13.906,23.137,OFF,OFF,OFF,OFF,OFF,OFF,OFF,OFF,Avail,Incmpl
876,Incmpl,Enable,Avail,487.900,330.300,487.900,330.300,ON,Avail,Compl,Enable,75,0,0,0,0,0,0,6,A,0,0,Avail,Incmpl
877,Incmpl,Enable,OFF,OFF,773,1033.500,51199.219,51199.219,51199.219,51199.219,51199.219,51199.219,1GRFE ,48.235,Avail,Incmpl,Incmpl,Enable,7.996,ON,OFF,OFF,OFF,ON
878,ON,Avail,Compl,Enable,Compl,CL,CL,Compl,Unable,Not Avl,Compl,Compl,Enable,OFF,0,0,0,0,0,0,0,0,0,0
879,0,0,0,0,0,0,0,0,0,0,0,0,0,0,0,0,0,0,0,0,0,0,0,0
880,0,0,0,0,0,0,0,0,0,0,0,0,0,0,0,0,0,0,0,0,0,0,0,0
881,0,0,0,0,0,0,0,0,0,0,0,0,0,0,0,0,0,0,0,0,0,0,0,0
882,0,0,0,0,0,0,0,0,0,0,0,0,0,0,0,0,0,0,0,0,0,0,0,0
883,0,14.160,Not Avl,Compl,Compl,Unable,ON,Not Avl,Compl,Compl,Unable,OFF,38.281,35.938,28.750,28.750,19.531,39.551,15.686,31.765,0.781,1.582,ON,0
884,OFF,ON,ON,1.004,0.999,-0.027,-0.066,3.230,3.171,0,97,51199.219,13.906,23.137,OFF,OFF,OFF,OFF,OFF,OFF,OFF,OFF,Avail,Incmpl
885,Incmpl,Enable,Avail,487.900,330.300,487.900,330.300,ON,Avail,Compl,Enable,75,0,0,0,0,0,0,6,A,0,0,Avail,Incmpl
886,Incmpl,Enable,OFF,OFF,773,1033.500,51199.219,51199.219,51199.219,51199.219,51199.219,51199.219,1GRFE ,48.235,Avail,Incmpl,Incmpl,Enable,7.996,ON,OFF,OFF,OFF,ON
887,ON,Avail,Compl,Enable,Compl,CL,CL,Compl,Unable,Not Avl,Compl,Compl,Enable,OFF,0,15.500,0,0,0,0,0,0,0,0
888,0,0,0,0,0,0,0,0,0,0,0,0,0,0,0,0,0,0,0,0,0,0,0,0
889,0,0,0,0,0,0,0,0,0,0,0,0,0,0,0,0,0,0,0,0,0,0,0,0
890,0,0,0,0,0,0,0,0,0,0,0,0,0,0,0,0,0,0,0,0,0,0,0,0
891,0,0,0,0,0,0,0,0,0,0,0,0,0,0,0,0,0,0,0,0,0,0,0,0
892,0,14.160,Not Avl,Compl,Compl,Unable,ON,Not Avl,Compl,Compl,Unable,OFF,38.281,35.938,28.750,28.750,19.531,39.551,15.686,31.765,0.781,1.582,ON,0
893,OFF,ON,ON,1.004,0.999,-0.027,-0.066,3.230,3.171,0,97,51199.219,13.906,23.137,OFF,OFF,OFF,OFF,OFF,OFF,OFF,OFF,Avail,Incmpl
894,Incmpl,Enable,Avail,487.900,330.300,487.900,330.300,ON,Avail,Compl,Enable,75,0,0,0,0,0,0,6,A,0,0,Avail,Incmpl
895,Incmpl,Enable,OFF,OFF,773,1033.500,51199.219,51199.219,51199.219,51199.219,51199.219,51199.219,1GRFE ,48.235,Avail,Incmpl,Incmpl,Enable,7.996,ON,OFF,OFF,OFF,ON
896,ON,Avail,Compl,Enable,Compl,CL,CL,Compl,Unable,Not Avl,Compl,Compl,Enable,OFF,0,15.500,22,0,0,0,0,0,0,0
897,0,0,0,0,0,0,0,0,0,0,0,0,0,0,0,0,0,0,0,0,0,0,0,0
898,0,0,0,0,0,0,0,0,0,0,0,0,0,0,0,0,0,0,0,0,0,0,0,0
899,0,0,0,0,0,0,0,0,0,0,0,0,0,0,0,0,0,0,0,0,0,0,0,0
900,0,0,0,0,0,0,0,0,0,0,0,0,0,0,0,0,0,0,0,0,0,0,0,0
901,0,14.160,Not Avl,Compl,Compl,Unable,ON,Not Avl,Compl,Compl,Unable,OFF,38.281,35.938,28.750,28.750,19.531,39.551,15.686,31.765,0.781,1.582,ON,0
902,OFF,ON,ON,1.004,0.999,-0.027,-0.066,3.230,3.171,0,97,51199.219,13.906,23.137,OFF,OFF,OFF,OFF,OFF,OFF,OFF,OFF,Avail,Incmpl
903,Incmpl,Enable,Avail,487.900,330.300,487.900,330.300,ON,Avail,Compl,Enable,75,0,0,0,0,0,0,6,A,0,0,Avail,Incmpl
904,Incmpl,Enable,OFF,OFF,773,1033.500,51199.219,51199.219,51199.219,51199.219,51199.219,51199.219,1GRFE ,48.235,Avail,Incmpl,Incmpl,Enable,7.996,ON,OFF,OFF,OFF,ON
905,ON,Avail,Compl,Enable,Compl,CL,CL,Compl,Unable,Not Avl,Compl,Compl,Enable,OFF,0,15.500,22,ON,0,0,0,0,0,0
906,0,0,0,0,0,0,0,0,0,0,0,0,0,0,0,0,0,0,0,0,0,0,0,0
907,0,0,0,0,0,0,0,0,0,0,0,0,0,0,0,0,0,0,0,0,0,0,0,0
908,0,0,0,0,0,0,0,0,0,0,0,0,0,0,0,0,0,0,0,0,0,0,0,0
909,0,0,0,0,0,0,0,0,0,0,0,0,0,0,0,0,0,0,0,0,0,0,0,0
910,0,14.160,Not Avl,Compl,Compl,Unable,ON,Not Avl,Compl,Compl,Unable,OFF,38.281,35.938,28.750,28.750,19.531,39.551,15.686,31.765,0.781,1.582,ON,0
911,OFF,ON,ON,1.004,0.999,-0.027,-0.066,3.230,3.171,0,97,51199.219,13.906,23.137,OFF,OFF,OFF,OFF,OFF,OFF,OFF,OFF,Avail,Incmpl
912,Incmpl,Enable,Avail,487.900,330.300,487.900,330.300,ON,Avail,Compl,Enable,75,0,0,0,0,0,0,6,A,0,0,Avail,Incmpl
913,Incmpl,Enable,OFF,OFF,773,1033.500,51199.219,51199.219,51199.219,51199.219,51199.219,51199.219,1GRFE ,48.235,Avail,Incmpl,Incmpl,Enable,7.996,ON,OFF,OFF,OFF,ON
914,ON,Avail,Compl,Enable,Compl,CL,CL,Compl,Unable,Not Avl,Compl,Compl,Enable,OFF,0,15.500,22,ON,13.750,0,0,0,0,0
915,0,0,0,0,0,0,0,0,0,0,0,0,0,0,0,0,0,0,0,0,0,0,0,0
916,0,0,0,0,0,0,0,0,0,0,0,0,0,0,0,0,0,0,0,0,0,0,0,0
917,0,0,0,0,0,0,0,0,0,0,0,0,0,0,0,0,0,0,0,0,0,0,0,0
918,0,0,0,0,0,0,0,0,0,0,0,0,0,0,0,0,0,0,0,0,0,0,0,0
919,0,14.160,Not Avl,Compl,Compl,Unable,ON,Not Avl,Compl,Compl,Unable,OFF,38.281,35.938,28.750,28.750,19.531,39.551,15.686,31.765,0.781,1.582,ON,0
920,OFF,ON,ON,1.004,0.999,-0.027,-0.066,3.230,3.171,0,97,51199.219,13.906,23.137,OFF,OFF,OFF,OFF,OFF,OFF,OFF,OFF,Avail,Incmpl
921,Incmpl,Enable,Avail,487.900,330.300,487.900,330.300,ON,Avail,Compl,Enable,75,0,0,0,0,0,0,6,A,0,0,Avail,Incmpl
922,Incmpl,Enable,OFF,OFF,773,1033.500,51199.219,51199.219,51199.219,51199.219,51199.219,51199.219,1GRFE ,48.235,Avail,Incmpl,Incmpl,Enable,7.996,ON,OFF,OFF,OFF,ON
923,ON,Avail,Compl,Enable,Compl,CL,CL,Compl,Unable,Not Avl,Compl,Compl,Enable,OFF,0,15.500,22,ON,13.750,15,0,0,0,0
924,0,0,0,0,0,0,0,0,0,0,0,0,0,0,0,0,0,0,0,0,0,0,0,0
925,0,0,0,0,0,0,0,0,0,0,0,0,0,0,0,0,0,0,0,0,0,0,0,0
926,0,0,0,0,0,0,0,0,0,0,0,0,0,0,0,0,0,0,0,0,0,0,0,0
927,0,0,0,0,0,0,0,0,0,0,0,0,0,0,0,0,0,0,0,0,0,0,0,0
928,0,14.160,Not Avl,Compl,Compl,Unable,ON,Not Avl,Compl,Compl,Unable,OFF,38.281,35.938,28.750,28.750,19.531,39.551,15.686,31.765,0.781,1.582,ON,0
929,OFF,ON,ON,1.004,0.999,-0.027,-0.066,3.230,3.171,0,97,51199.219,13.906,23.137,OFF,OFF,OFF,OFF,OFF,OFF,OFF,OFF,Avail,Incmpl
930,Incmpl,Enable,Avail,487.900,330.300,487.900,330.300,ON,Avail,Compl,Enable,75,0,0,0,0,0,0,6,A,0,0,Avail,Incmpl
931,Incmpl,Enable,OFF,OFF,773,1033.500,51199.219,51199.219,51199.219,51199.219,51199.219,51199.219,1GRFE ,48.235,Avail,Incmpl,Incmpl,Enable,7.996,ON,OFF,OFF,OFF,ON
932,ON,Avail,Compl,Enable,Compl,CL,CL,Compl,Unable,Not Avl,Compl,Compl,Enable,OFF,0,15.500,22,ON,13.750,15,0.103,0,0,0
933,0,0,0,0,0,0,0,0,0,0,0,0,0,0,0,0,0,0,0,0,0,0,0,0
934,0,0,0,0,0,0,0,0,0,0,0,0,0,0,0,0,0,0,0,0,0,0,0,0
935,0,0,0,0,0,0,0,0,0,0,0,0,0,0,0,0,0,0,0,0,0,0,0,0
936,0,0,0,0,0,0,0,0,0,0,0,0,0,0,0,0,0,0,0,0,0,0,0,0
937,0,14.160,Not Avl,Compl,Compl,Unable,ON,Not Avl,Compl,Compl,Unable,OFF,38.281,35.938,28.750,28.750,19.531,39.551,15.686,31.765,0.781,1.582,ON,0
938,OFF,ON,ON,1.004,0.999,-0.027,-0.066,3.230,3.171,0,97,51199.219,13.906,23.137,OFF,OFF,OFF,OFF,OFF,OFF,OFF,OFF,Avail,Incmpl
939,Incmpl,Enable,Avail,487.900,330.300,487.900,330.300,ON,Avail,Compl,Enable,75,0,0,0,0,0,0,6,A,0,0,Avail,Incmpl
940,Incmpl,Enable,OFF,OFF,773,1033.500,51199.219,51199.219,51199.219,51199.219,51199.219,51199.219,1GRFE ,48.235,Avail,Incmpl,Incmpl,Enable,7.996,ON,OFF,OFF,OFF,ON
941,ON,Avail,Compl,Enable,Compl,CL,CL,Compl,Unable,Not Avl,Compl,Compl,Enable,OFF,0,15.500,22,ON,13.750,15,0.103,2319,0,0
942,0,0,0,0,0,0,0,0,0,0,0,0,0,0,0,0,0,0,0,0,0,0,0,0
943,0,0,0,0,0,0,0,0,0,0,0,0,0,0,0,0,0,0,0,0,0,0,0,0
944,0,0,0,0,0,0,0,0,0,0,0,0,0,0,0,0,0,0,0,0,0,0,0,0
945,0,0,0,0,0,0,0,0,0,0,0,0,0,0,0,0,0,0,0,0,0,0,0,0
946,0,14.160,Not Avl,Compl,Compl,Unable,ON,Not Avl,Compl,Compl,Unable,OFF,38.281,35.938,28.750,28.750,19.531,39.551,15.686,31.765,0.781,1.582,ON,0
947,OFF,ON,ON,1.004,0.999,-0.027,-0.066,3.230,3.171,0,97,51199.219,13.906,23.137,OFF,OFF,OFF,OFF,OFF,OFF,OFF,OFF,Avail,Incmpl
948,Incmpl,Enable,Avail,487.900,330.300,487.900,330.300,ON,Avail,Compl,Enable,75,0,0,0,0,0,0,6,A,0,0,Avail,Incmpl
949,Incmpl,Enable,OFF,OFF,773,1033.500,51199.219,51199.219,51199.219,51199.219,51199.219,51199.219,1GRFE ,48.235,Avail,Incmpl,Incmpl,Enable,7.996,ON,OFF,OFF,OFF,ON
950,ON,Avail,Compl,Enable,Compl,CL,CL,Compl,Unable,Not Avl,Compl,Compl,Enable,OFF,0,15.500,22,ON,13.750,15,0.103,2319,17,0
951,0,0,0,0,0,0,0,0,0,0,0,0,0,0,0,0,0,0,0,0,0,0,0,0
952,0,0,0,0,0,0,0,0,0,0,0,0,0,0,0,0,0,0,0,0,0,0,0,0
953,0,0,0,0,0,0,0,0,0,0,0,0,0,0,0,0,0,0,0,0,0,0,0,0
954,0,0,0,0,0,0,0,0,0,0,0,0,0,0,0,0,0,0,0,0,0,0,0,0
955,0,14.160,Not Avl,Compl,Compl,Unable,ON,Not Avl,Compl,Compl,Unable,OFF,38.281,35.938,28.750,28.750,19.531,39.551,15.686,31.765,0.781,1.582,ON,0
956,OFF,ON,ON,1.004,0.999,-0.027,-0.066,3.230,3.171,0,97,51199.219,13.906,23.137,OFF,OFF,OFF,OFF,OFF,OFF,OFF,OFF,Avail,Incmpl
957,Incmpl,Enable,Avail,487.900,330.300,487.900,330.300,ON,Avail,Compl,Enable,75,0,0,0,0,0,0,6,A,0,0,Avail,Incmpl
958,Incmpl,Enable,OFF,OFF,773,1033.500,51199.219,51199.219,51199.219,51199.219,51199.219,51199.219,1GRFE ,48.235,Avail,Incmpl,Incmpl,Enable,7.996,ON,OFF,OFF,OFF,ON
959,ON,Avail,Compl,Enable,Compl,CL,CL,Compl,Unable,Not Avl,Compl,Compl,Enable,OFF,0,15.500,22,ON,13.750,15,0.103,2319,17,21
960,0,0,0,0,0,0,0,0,0,0,0,0,0,0,0,0,0,0,0,0,0,0,0,0
961,0,0,0,0,0,0,0,0,0,0,0,0,0,0,0,0,0,0,0,0,0,0,0,0
962,0,0,0,0,0,0,0,0,0,0,0,0,0,0,0,0,0,0,0,0,0,0,0,0
963,0,0,0,0,0,0,0,0,0,0,0,0,0,0,0,0,0,0,0,0,0,0,0,0
964,0,14.160,Not Avl,Compl,Compl,Unable,ON,Not Avl,Compl,Compl,Unable,OFF,38.281,35.938,28.750,28.750,19.531,39.551,15.686,31.765,0.781,1.582,ON,0
965,OFF,ON,ON,1.004,0.999,-0.027,-0.066,3.230,3.171,0,97,51199.219,13.906,23.137,OFF,OFF,OFF,OFF,OFF,OFF,OFF,OFF,Avail,Incmpl
966,Incmpl,Enable,Avail,487.900,330.300,487.900,330.300,ON,Avail,Compl,Enable,75,0,0,0,0,0,0,6,A,0,0,Avail,Incmpl
967,Incmpl,Enable,OFF,OFF,773,1033.500,51199.219,51199.219,51199.219,51199.219,51199.219,51199.219,1GRFE ,48.235,Avail,Incmpl,Incmpl,Enable,7.996,ON,OFF,OFF,OFF,ON
968,ON,Avail,Compl,Enable,Compl,CL,CL,Compl,Unable,Not Avl,Compl,Compl,Enable,OFF,0,15.500,22,ON,13.750,15,0.103,2319,17,21
969,-3,0,0,0,0,0,0,0,0,0,0,0,0,0,0,0,0,0,0,0,0,0,0,0
970,0,0,0,0,0,0,0,0,0,0,0,0,0,0,0,0,0,0,0,0,0,0,0,0
971,0,0,0,0,0,0,0,0,0,0,0,0,0,0,0,0,0,0,0,0,0,0,0,0
972,0,0,0,0,0,0,0,0,0,0,0,0,0,0,0,0,0,0,0,0,0,0,0,0
973,0,14.160,Not Avl,Compl,Compl,Unable,ON,Not Avl,Compl,Compl,Unable,OFF,38.281,35.938,28.750,28.750,19.531,39.551,15.686,31.765,0.781,1.582,ON,0
974,OFF,ON,ON,1.004,0.999,-0.027,-0.066,3.230,3.171,0,97,51199.219,13.906,23.137,OFF,OFF,OFF,OFF,OFF,OFF,OFF,OFF,Avail,Incmpl
975,Incmpl,Enable,Avail,487.900,330.300,487.900,330.300,ON,Avail,Compl,Enable,75,0,0,0,0,0,0,6,A,0,0,Avail,Incmpl
976,Incmpl,Enable,OFF,OFF,773,1033.500,51199.219,51199.219,51199.219,51199.219,51199.219,51199.219,1GRFE ,48.235,Avail,Incmpl,Incmpl,Enable,7.996,ON,OFF,OFF,OFF,ON
977,ON,Avail,Compl,Enable,Compl,CL,CL,Compl,Unable,Not Avl,Compl,Compl,Enable,OFF,0,15.500,22,ON,13.750,15,0.103,2319,17,21
978,-3,OFF,0,0,0,0,0,0,0,0,0,0,0,0,0,0,0,0,0,0,0,0,0,0
979,0,0,0,0,0,0,0,0,0,0,0,0,0,0,0,0,0,0,0,0,0,0,0,0
980,0,0,0,0,0,0,0,0,0,0,0,0,0,0,0,0,0,0,0,0,0,0,0,0
981,0,0,0,0,0,0,0,0,0,0,0,0,0,0,0,0,0,0,0,0,0,0,0,0
982,0,14.160,Not Avl,Compl,Compl,Unable,ON,Not Avl,Compl,Compl,Unable,OFF,38.281,35.938,28.750,28.750,19.531,39.551,15.686,31.765,0.781,1.582,ON,0
983,OFF,ON,ON,1.004,0.999,-0.027,-0.066,3.230,3.171,0,97,51199.219,13.906,23.137,OFF,OFF,OFF,OFF,OFF,OFF,OFF,OFF,Avail,Incmpl
984,Incmpl,Enable,Avail,487.900,330.300,487.900,330.300,ON,Avail,Compl,Enable,75,0,0,0,0,0,0,6,A,0,0,Avail,Incmpl
985,Incmpl,Enable,OFF,OFF,773,1033.500,51199.219,51199.219,51199.219,51199.219,51199.219,51199.219,1GRFE ,48.235,Avail,Incmpl,Incmpl,Enable,7.996,ON,OFF,OFF,OFF,ON
986,ON,Avail,Compl,Enable,Compl,CL,CL,Compl,Unable,Not Avl,Compl,Compl,Enable,OFF,0,15.500,22,ON,13.750,15,0.103,2319,17,21
987,-3,OFF,0,0,0,0,0,0,0,0,0,0,0,0,0,0,0,0,0,0,0,0,0,0
988,0,0,0,0,0,0,0,0,0,0,0,0,0,0,0,0,0,0,0,0,0,0,0,0
989,0,0,0,0,0,0,0,0,0,0,0,0,0,0,0,0,0,0,0,0,0,0,0,0
990,0,0,0,0,0,0,0,0,0,0,0,0,0,0,0,0,0,0,0,0,0,0,0,0
991,0,14.160,Not Avl,Compl,Compl,Unable,ON,Not Avl,Compl,Compl,Unable,OFF,38.281,35.938,28.750,28.750,19.531,39.551,15.686,31.765,0.781,1.582,ON,0
992,OFF,ON,ON,1.004,0.999,-0.027,-0.066,3.230,3.171,0,97,51199.219,13.906,23.137,OFF,OFF,OFF,OFF,OFF,OFF,OFF,OFF,Avail,Incmpl
993,Incmpl,Enable,Avail,487.900,330.300,487.900,330.300,ON,Avail,Compl,Enable,75,0,0,0,0,0,0,6,A,0,0,Avail,Incmpl
994,Incmpl,Enable,OFF,OFF,773,1033.500,51199.219,51199.219,51199.219,51199.219,51199.219,51199.219,1GRFE ,48.235,Avail,Incmpl,Incmpl,Enable,7.996,ON,OFF,OFF,OFF,ON
995,ON,Avail,Compl,Enable,Compl,CL,CL,Compl,Unable,Not Avl,Compl,Compl,Enable,OFF,0,15.500,22,ON,13.750,15,0.103,2319,17,21
996,-3,OFF,0,4.688,0,0,0,0,0,0,0,0,0,0,0,0,0,0,0,0,0,0,0,0
997,0,0,0,0,0,0,0,0,0,0,0,0,0,0,0,0,0,0,0,0,0,0,0,0
998,0,0,0,0,0,0,0,0,0,0,0,0,0,0,0,0,0,0,0,0,0,0,0,0
999,0,0,0,0,0,0,0,0,0,0,0,0,0,0,0,0,0,0,0,0,0,0,0,0
1000,0,14.160,Not Avl,Compl,Compl,Unable,ON,Not Avl,Compl,Compl,Unable,OFF,38.281,35.938,28.750,28.750,19.531,39.551,15.686,31.765,0.781,1.582,ON,0
1001,OFF,ON,ON,1.004,0.999,-0.027,-0.066,3.230,3.171,0,97,51199.219,13.906,23.137,OFF,OFF,OFF,OFF,OFF,OFF,OFF,OFF,Avail,Incmpl
1002,Incmpl,Enable,Avail,487.900,330.300,487.900,330.300,ON,Avail,Compl,Enable,75,0,0,0,0,0,0,6,A,0,0,Avail,Incmpl
1003,Incmpl,Enable,OFF,OFF,773,1033.500,51199.219,51199.219,51199.219,51199.219,51199.219,51199.219,1GRFE ,48.235,Avail,Incmpl,Incmpl,Enable,7.996,ON,OFF,OFF,OFF,ON
1004,ON,Avail,Compl,Enable,Compl,CL,CL,Compl,Unable,Not Avl,Compl,Compl,Enable,OFF,0,15.500,22,ON,13.750,15,0.103,2319,17,21
1005,-3,OFF,0,4.688,5.760,0,0,0,0,0,0,0,0,0,0,0,0,0,0,0,0,0,0,0
1006,0,0,0,0,0,0,0,0,0,0,0,0,0,0,0,0,0,0,0,0,0,0,0,0
1007,0,0,0,0,0,0,0,0,0,0,0,0,0,0,0,0,0,0,0,0,0,0,0,0
1008,0,0,0,0,0,0,0,0,0,0,0,0,0,0,0,0,0,0,0,0,0,0,0,0
1009,0,14.160,Not Avl,Compl,Compl,Unable,ON,Not Avl,Compl,Compl,Unable,OFF,38.281,35.938,28.750,28.750,19.531,39.551,15.686,31.765,0.781,1.582,ON,0
1010,OFF,ON,ON,1.004,0.999,-0.027,-0.066,3.230,3.171,0,97,51199.219,13.906,23.137,OFF,OFF,OFF,OFF,OFF,OFF,OFF,OFF,Avail,Incmpl
1011,Incmpl,Enable,Avail,487.900,330.300,487.900,330.300,ON,Avail,Compl,Enable,75,0,0,0,0,0,0,6,A,0,0,Avail,Incmpl
1012,Incmpl,Enable,OFF,OFF,773,1033.500,51199.219,51199.219,51199.219,51199.219,51199.219,51199.219,1GRFE ,48.235,Avail,Incmpl,Incmpl,Enable,7.996,ON,OFF,OFF,OFF,ON
1013,ON,Avail,Compl,Enable,Compl,CL,CL,Compl,Unable,Not Avl,Compl,Compl,Enable,OFF,0,15.500,22,ON,13.750,15,0.103,2319,17,21
1014,-3,OFF,0,4.688,5.760,OFF,0,0,0,0,0,0,0,0,0,0,0,0,0,0,0,0,0,0
1015,0,0,0,0,0,0,0,0,0,0,0,0,0,0,0,0,0,0,0,0,0,0,0,0
1016,0,0,0,0,0,0,0,0,0,0,0,0,0,0,0,0,0,0,0,0,0,0,0,0
1017,0,0,0,0,0,0,0,0,0,0,0,0,0,0,0,0,0,0,0,0,0,0,0,0
1018,0,14.160,Not Avl,Compl,Compl,Unable,ON,Not Avl,Compl,Compl,Unable,OFF,38.281,35.938,28.750,28.750,19.531,39.551,15.686,31.765,0.781,1.582,ON,0
1019,OFF,ON,ON,1.004,0.999,-0.027,-0.066,3.230,3.171,0,97,51199.219,13.906,23.137,OFF,OFF,OFF,OFF,OFF,OFF,OFF,OFF,Avail,Incmpl
1020,Incmpl,Enable,Avail,487.900,330.300,487.900,330.300,ON,Avail,Compl,Enable,75,0,0,0,0,0,0,6,A,0,0,Avail,Incmpl
1021,Incmpl,Enable,OFF,OFF,773,1033.500,51199.219,51199.219,51199.219,51199.219,51199.219,51199.219,1GRFE ,48.235,Avail,Incmpl,Incmpl,Enable,7.996,ON,OFF,OFF,OFF,ON
1022,ON,Avail,Compl,Enable,Compl,CL,CL,Compl,Unable,Not Avl,Compl,Compl,Enable,OFF,0,15.500,22,ON,13.750,15,0.103,2319,17,21
1023,-3,OFF,0,4.688,5.760,OFF,0,0,0,0,0,0,0,0,0,0,0,0,0,0,0,0,0,0
1024,0,0,0,0,0,0,0,0,0,0,0,0,0,0,0,0,0,0,0,0,0,0,0,0
1025,0,0,0,0,0,0,0,0,0,0,0,0,0,0,0,0,0,0,0,0,0,0,0,0
1026,0,0,0,0,0,0,0,0,0,0,0,0,0,0,0,0,0,0,0,0,0,0,0,0
1027,0,14.160,Not Avl,Compl,Compl,Unable,ON,Not Avl,Compl,Compl,Unable,OFF,38.281,35.938,28.750,28.750,19.531,39.551,15.686,31.765,0.781,1.582,ON,0
1028,OFF,ON,ON,1.004,0.999,-0.027,-0.066,3.230,3.171,0,97,51199.219,13.906,23.137,OFF,OFF,OFF,OFF,OFF,OFF,OFF,OFF,Avail,Incmpl
1029,Incmpl,Enable,Avail,487.900,330.300,487.900,330.300,ON,Avail,Compl,Enable,75,0,0,0,0,0,0,6,A,0,0,Avail,Incmpl
1030,Incmpl,Enable,OFF,OFF,773,1033.500,51199.219,51199.219,51199.219,51199.219,51199.219,51199.219,1GRFE ,48.235,Avail,Incmpl,Incmpl,Enable,7.996,ON,OFF,OFF,OFF,ON
1031,ON,Avail,Compl,Enable,Compl,CL,CL,Compl,Unable,Not Avl,Compl,Compl,Enable,OFF,0,15.500,22,ON,13.750,15,0.103,2319,17,21
1032,-3,OFF,0,4.688,5.760,OFF,0,0,0,0,0,0,0,0,0,0,0,0,0,0,0,0,0,0
1033,0,0,0,0,0,0,0,0,0,0,0,0,0,0,0,0,0,0,0,0,0,0,0,0
1034,0,0,0,0,0,0,0,0,0,0,0,0,0,0,0,0,0,0,0,0,0,0,0,0
1035,0,0,0,0,0,0,0,0,0,0,0,0,0,0,0,0,0,0,0,0,0,0,0,0
1036,0,14.160,Not Avl,Compl,Compl,Unable,ON,Not Avl,Compl,Compl,Unable,OFF,38.281,35.938,28.750,28.750,19.531,39.551,15.686,31.765,0.781,1.582,ON,0
1037,OFF,ON,ON,1.004,0.999,-0.027,-0.066,3.230,3.171,0,97,51199.219,13.906,23.137,OFF,OFF,OFF,OFF,OFF,OFF,OFF,OFF,Avail,Incmpl
1038,Incmpl,Enable,Avail,487.900,330.300,487.900,330.300,ON,Avail,Compl,Enable,75,0,0,0,0,0,0,6,A,0,0,Avail,Incmpl
1039,Incmpl,Enable,OFF,OFF,773,1033.500,51199.219,51199.219,51199.219,51199.219,51199.219,51199.219,1GRFE ,48.235,Avail,Incmpl,Incmpl,Enable,7.996,ON,OFF,OFF,OFF,ON
1040,ON,Avail,Compl,Enable,Compl,CL,CL,Compl,Unable,Not Avl,Compl,Compl,Enable,OFF,0,15.500,22,ON,13.750,15,0.103,2319,17,21
1041,-3,OFF,0,4.688,5.760,OFF,0,0,68,0,0,0,0,0,0,0,0,0,0,0,0,0,0,0
1042,0,0,0,0,0,0,0,0,0,0,0,0,0,0,0,0,0,0,0,0,0,0,0,0
1043,0,0,0,0,0,0,0,0,0,0,0,0,0,0,0,0,0,0,0,0,0,0,0,0
1044,0,0,0,0,0,0,0,0,0,0,0,0,0,0,0,0,0,0,0,0,0,0,0,0
1045,0,14.160,Not Avl,Compl,Compl,Unable,ON,Not Avl,Compl,Compl,Unable,OFF,38.281,35.938,28.750,28.750,19.531,39.551,15.686,31.765,0.781,1.582,ON,0
1046,OFF,ON,ON,1.004,0.999,-0.027,-0.066,3.230,3.171,0,97,51199.219,13.906,23.137,OFF,OFF,OFF,OFF,OFF,OFF,OFF,OFF,Avail,Incmpl
1047,Incmpl,Enable,Avail,487.900,330.300,487.900,330.300,ON,Avail,Compl,Enable,75,0,0,0,0,0,0,6,A,0,0,Avail,Incmpl
1048,Incmpl,Enable,OFF,OFF,773,1033.500,51199.219,51199.219,51199.219,51199.219,51199.219,51199.219,1GRFE ,48.235,Avail,Incmpl,Incmpl,Enable,7.996,ON,OFF,OFF,OFF,ON
1049,ON,Avail,Compl,Enable,Compl,CL,CL,Compl,Unable,Not Avl,Compl,Compl,Enable,OFF,0,15.500,22,ON,13.750,15,0.103,2319,17,21
1050,-3,OFF,0,4.688,5.760,OFF,0,0,68,Avail,0,0,0,0,0,0,0,0,0,0,0,0,0,0
1051,0,0,0,0,0,0,0,0,0,0,0,0,0,0,0,0,0,0,0,0,0,0,0,0
1052,0,0,0,0,0,0,0,0,0,0,0,0,0,0,0,0,0,0,0,0,0,0,0,0
1053,0,0,0,0,0,0,0,0,0,0,0,0,0,0,0,0,0,0,0,0,0,0,0,0
1054,0,14.160,Not Avl,Compl,Compl,Unable,ON,Not Avl,Compl,Compl,Unable,OFF,38.281,35.938,28.750,28.750,19.531,39.551,15.686,31.765,0.781,1.582,ON,0
1055,OFF,ON,ON,1.004,0.999,-0.027,-0.066,3.230,3.171,0,97,51199.219,13.906,23.137,OFF,OFF,OFF,OFF,OFF,OFF,OFF,OFF,Avail,Incmpl
1056,Incmpl,Enable,Avail,487.900,330.300,487.900,330.300,ON,Avail,Compl,Enable,75,0,0,0,0,0,0,6,A,0,0,Avail,Incmpl
1057,Incmpl,Enable,OFF,OFF,773,1033.500,51199.219,51199.219,51199.219,51199.219,51199.219,51199.219,1GRFE ,48.235,Avail,Incmpl,Incmpl,Enable,7.996,ON,OFF,OFF,OFF,ON
1058,ON,Avail,Compl,Enable,Compl,CL,CL,Compl,Unable,Not Avl,Compl,Compl,Enable,OFF,0,15.500,22,ON,13.750,15,0.103,2319,17,21
1059,-3,OFF,0,4.688,5.760,OFF,0,0,68,Avail,Compl,0,0,0,0,0,0,0,0,0,0,0,0,0
1060,0,0,0,0,0,0,0,0,0,0,0,0,0,0,0,0,0,0,0,0,0,0,0,0
1061,0,0,0,0,0,0,0,0,0,0,0,0,0,0,0,0,0,0,0,0,0,0,0,0
1062,0,0,0,0,0,0,0,0,0,0,0,0,0,0,0,0,0,0,0,0,0,0,0,0
1063,0,14.160,Not Avl,Compl,Compl,Unable,ON,Not Avl,Compl,Compl,Unable,OFF,38.281,35.938,28.750,28.750,19.531,39.551,15.686,31.765,0.781,1.582,ON,0
1064,OFF,ON,ON,1.004,0.999,-0.027,-0.066,3.230,3.171,0,97,51199.219,13.906,23.137,OFF,OFF,OFF,OFF,OFF,OFF,OFF,OFF,Avail,Incmpl
1065,Incmpl,Enable,Avail,487.900,330.300,487.900,330.300,ON,Avail,Compl,Enable,75,0,0,0,0,0,0,6,A,0,0,Avail,Incmpl
1066,Incmpl,Enable,OFF,OFF,773,1033.500,51199.219,51199.219,51199.219,51199.219,51199.219,51199.219,1GRFE ,48.235,Avail,Incmpl,Incmpl,Enable,7.996,ON,OFF,OFF,OFF,ON
1067,ON,Avail,Compl,Enable,Compl,CL,CL,Compl,Unable,Not Avl,Compl,Compl,Enable,OFF,0,15.500,22,ON,13.750,15,0.103,2319,17,21
1068,-3,OFF,0,4.688,5.760,OFF,0,0,68,Avail,Compl,Enable,0,0,0,0,0,0,0,0,0,0,0,0
1069,0,0,0,0,0,0,0,0,0,0,0,0,0,0,0,0,0,0,0,0,0,0,0,0
1070,0,0,0,0,0,0,0,0,0,0,0,0,0,0,0,0,0,0,0,0,0,0,0,0
1071,0,0,0,0,0,0,0,0,0,0,0,0,0,0,0,0,0,0,0,0,0,0,0,0
1072,0,14.160,Not Avl,Compl,Compl,Unable,ON,Not Avl,Compl,Compl,Unable,OFF,38.281,35.938,28.750,28.750,19.531,39.551,15.686,31.765,0.781,1.582,ON,0
1073,OFF,ON,ON,1.004,0.999,-0.027,-0.066,3.230,3.171,0,97,51199.219,13.906,23.137,OFF,OFF,OFF,OFF,OFF,OFF,OFF,OFF,Avail,Incmpl
1074,Incmpl,Enable,Avail,487.900,330.300,487.900,330.300,ON,Avail,Compl,Enable,75,0,0,0,0,0,0,6,A,0,0,Avail,Incmpl
1075,Incmpl,Enable,OFF,OFF,773,1033.500,51199.219,51199.219,51199.219,51199.219,51199.219,51199.219,1GRFE ,48.235,Avail,Incmpl,Incmpl,Enable,7.996,ON,OFF,OFF,OFF,ON
1076,ON,Avail,Compl,Enable,Compl,CL,CL,Compl,Unable,Not Avl,Compl,Compl,Enable,OFF,0,15.500,22,ON,13.750,15,0.103,2319,17,21
1077,-3,OFF,0,4.688,5.760,OFF,0,0,68,Avail,Compl,Enable,0,0,0,0,0,0,0,0,0,0,0,0
1078,0,0,0,0,0,0,0,0,0,0,0,0,0,0,0,0,0,0,0,0,0,0,0,0
1079,0,0,0,0,0,0,0,0,0,0,0,0,0,0,0,0,0,0,0,0,0,0,0,0
1080,0,0,0,0,0,0,0,0,0,0,0,0,0,0,0,0,0,0,0,0,0,0,0,0
1081,0,14.160,Not Avl,Compl,Compl,Unable,ON,Not Avl,Compl,Compl,Unable,OFF,38.281,35.938,28.750,28.750,19.531,39.551,15.686,31.765,0.781,1.582,ON,0
1082,OFF,ON,ON,1.004,0.999,-0.027,-0.066,3.230,3.171,0,97,51199.219,13.906,23.137,OFF,OFF,OFF,OFF,OFF,OFF,OFF,OFF,Avail,Incmpl
1083,Incmpl,Enable,Avail,487.900,330.300,487.900,330.300,ON,Avail,Compl,Enable,75,0,0,0,0,0,0,6,A,0,0,Avail,Incmpl
1084,Incmpl,Enable,OFF,OFF,773,1033.500,51199.219,51199.219,51199.219,51199.219,51199.219,51199.219,1GRFE ,48.235,Avail,Incmpl,Incmpl,Enable,7.996,ON,OFF,OFF,OFF,ON
1085,ON,Avail,Compl,Enable,Compl,CL,CL,Compl,Unable,Not Avl,Compl,Compl,Enable,OFF,0,15.500,22,ON,13.750,15,0.103,2319,17,21
1086,-3,OFF,0,4.688,5.760,OFF,0,0,68,Avail,Compl,Enable,0,GRN2#  ,0,0,0,0,0,0,0,0,0,0
1087,0,0,0,0,0,0,0,0,0,0,0,0,0,0,0,0,0,0,0,0,0,0,0,0
1088,0,0,0,0,0,0,0,0,0,0,0,0,0,0,0,0,0,0,0,0,0,0,0,0
1089,0,0,0,0,0,0,0,0,0,0,0,0,0,0,0,0,0,0,0,0,0,0,0,0
1090,0,14.160,Not Avl,Compl,Compl,Unable,ON,Not Avl,Compl,Compl,Unable,OFF,38.281,35.938,28.750,28.750,19.531,39.551,15.686,31.765,0.781,1.582,ON,0
1091,OFF,ON,ON,1.004,0.999,-0.027,-0.066,3.230,3.171,0,97,51199.219,13.906,23.137,OFF,OFF,OFF,OFF,OFF,OFF,OFF,OFF,Avail,Incmpl
1092,Incmpl,Enable,Avail,487.900,330.300,487.900,330.300,ON,Avail,Compl,Enable,75,0,0,0,0,0,0,6,A,0,0,Avail,Incmpl
1093,Incmpl,Enable,OFF,OFF,773,1033.500,51199.219,51199.219,51199.219,51199.219,51199.219,51199.219,1GRFE ,48.235,Avail,Incmpl,Incmpl,Enable,7.996,ON,OFF,OFF,OFF,ON
1094,ON,Avail,Compl,Enable,Compl,CL,CL,Compl,Unable,Not Avl,Compl,Compl,Enable,OFF,0,15.500,22,ON,13.750,15,0.103,2319,17,21
1095,-3,OFF,0,4.688,5.760,OFF,0,0,68,Avail,Compl,Enable,0,GRN2#  ,2011,0,0,0,0,0,0,0,0,0
1096,0,0,0,0,0,0,0,0,0,0,0,0,0,0,0,0,0,0,0,0,0,0,0,0
1097,0,0,0,0,0,0,0,0,0,0,0,0,0,0,0,0,0,0,0,0,0,0,0,0
1098,0,0,0,0,0,0,0,0,0,0,0,0,0,0,0,0,0,0,0,0,0,0,0,0
1099,0,14.160,Not Avl,Compl,Compl,Unable,ON,Not Avl,Compl,Compl,Unable,OFF,38.281,35.938,28.750,28.750,19.531,39.551,15.686,31.765,0.781,1.582,ON,0
1100,OFF,ON,ON,1.004,0.999,-0.027,-0.066,3.230,3.171,0,97,51199.219,13.906,23.137,OFF,OFF,OFF,OFF,OFF,OFF,OFF,OFF,Avail,Incmpl
1101,Incmpl,Enable,Avail,487.900,330.300,487.900,330.300,ON,Avail,Compl,Enable,75,0,0,0,0,0,0,6,A,0,0,Avail,Incmpl
1102,Incmpl,Enable,OFF,OFF,773,1033.500,51199.219,51199.219,51199.219,51199.219,51199.219,51199.219,1GRFE ,48.235,Avail,Incmpl,Incmpl,Enable,7.996,ON,OFF,OFF,OFF,ON
1103,ON,Avail,Compl,Enable,Compl,CL,CL,Compl,Unable,Not Avl,Compl,Compl,Enable,OFF,0,15.500,22,ON,13.750,15,0.103,2319,17,21
1104,-3,OFF,0,4.688,5.760,OFF,0,0,68,Avail,Compl,Enable,0,GRN2#  ,2011,ON,0,0,0,0,0,0,0,0
1105,0,0,0,0,0,0,0,0,0,0,0,0,0,0,0,0,0,0,0,0,0,0,0,0
1106,0,0,0,0,0,0,0,0,0,0,0,0,0,0,0,0,0,0,0,0,0,0,0,0
1107,0,0,0,0,0,0,0,0,0,0,0,0,0,0,0,0,0,0,0,0,0,0,0,0
1108,0,14.160,Not Avl,Compl,Compl,Unable,ON,Not Avl,Compl,Compl,Unable,OFF,38.281,35.938,28.750,28.750,19.531,39.551,15.686,31.765,0.781,1.582,ON,0
1109,OFF,ON,ON,1.004,0.999,-0.027,-0.066,3.230,3.171,0,97,51199.219,13.906,23.137,OFF,OFF,OFF,OFF,OFF,OFF,OFF,OFF,Avail,Incmpl
1110,Incmpl,Enable,Avail,487.900,330.300,487.900,330.300,ON,Avail,Compl,Enable,75,0,0,0,0,0,0,6,A,0,0,Avail,Incmpl
1111,Incmpl,Enable,OFF,OFF,773,1033.500,51199.219,51199.219,51199.219,51199.219,51199.219,51199.219,1GRFE ,48.235,Avail,Incmpl,Incmpl,Enable,7.996,ON,OFF,OFF,OFF,ON
1112,ON,Avail,Compl,Enable,Compl,CL,CL,Compl,Unable,Not Avl,Compl,Compl,Enable,OFF,0,15.500,22,ON,13.750,15,0.103,2319,17,21
1113,-3,OFF,0,4.688,5.760,OFF,0,0,68,Avail,Compl,Enable,0,GRN2#  ,2011,ON,0,0,0,0,0,0,0,0
1114,0,0,0,0,0,0,0,0,0,0,0,0,0,0,0,0,0,0,0,0,0,0,0,0
1115,0,0,0,0,0,0,0,0,0,0,0,0,0,0,0,0,0,0,0,0,0,0,0,0
1116,0,0,0,0,0,0,0,0,0,0,0,0,0,0,0,0,0,0,0,0,0,0,0,0
1117,0,14.160,Not Avl,Compl,Compl,Unable,ON,Not Avl,Compl,Compl,Unable,OFF,38.281,35.938,28.750,28.750,19.531,39.551,15.686,31.765,0.781,1.582,ON,0
1118,OFF,ON,ON,1.004,0.999,-0.027,-0.066,3.230,3.171,0,97,51199.219,13.906,23.137,OFF,OFF,OFF,OFF,OFF,OFF,OFF,OFF,Avail,Incmpl
1119,Incmpl,Enable,Avail,487.900,330.300,487.900,330.300,ON,Avail,Compl,Enable,75,0,0,0,0,0,0,6,A,0,0,Avail,Incmpl
1120,Incmpl,Enable,OFF,OFF,773,1033.500,51199.219,51199.219,51199.219,51199.219,51199.219,51199.219,1GRFE ,48.235,Avail,Incmpl,Incmpl,Enable,7.996,ON,OFF,OFF,OFF,ON
1121,ON,Avail,Compl,Enable,Compl,CL,CL,Compl,Unable,Not Avl,Compl,Compl,Enable,OFF,0,15.500,22,ON,13.750,15,0.103,2319,17,21
1122,-3,OFF,0,4.688,5.760,OFF,0,0,68,Avail,Compl,Enable,0,GRN2#  ,2011,ON,0,ACTIVE,0,0,0,0,0,0
1123,0,0,0,0,0,0,0,0,0,0,0,0,0,0,0,0,0,0,0,0,0,0,0,0
1124,0,0,0,0,0,0,0,0,0,0,0,0,0,0,0,0,0,0,0,0,0,0,0,0
1125,0,0,0,0,0,0,0,0,0,0,0,0,0,0,0,0,0,0,0,0,0,0,0,0
1126,0,14.160,Not Avl,Compl,Compl,Unable,ON,Not Avl,Compl,Compl,Unable,OFF,38.281,35.938,28.750,28.750,19.531,39.551,15.686,31.765,0.781,1.582,ON,0
1127,OFF,ON,ON,1.004,0.999,-0.027,-0.066,3.230,3.171,0,97,51199.219,13.906,23.137,OFF,OFF,OFF,OFF,OFF,OFF,OFF,OFF,Avail,Incmpl
1128,Incmpl,Enable,Avail,487.900,330.300,487.900,330.300,ON,Avail,Compl,Enable,75,0,0,0,0,0,0,6,A,0,0,Avail,Incmpl
1129,Incmpl,Enable,OFF,OFF,773,1033.500,51199.219,51199.219,51199.219,51199.219,51199.219,51199.219,1GRFE ,48.235,Avail,Incmpl,Incmpl,Enable,7.996,ON,OFF,OFF,OFF,ON
1130,ON,Avail,Compl,Enable,Compl,CL,CL,Compl,Unable,Not Avl,Compl,Compl,Enable,OFF,0,15.500,22,ON,13.750,15,0.103,2319,17,21
1131,-3,OFF,0,4.688,5.760,OFF,0,0,68,Avail,Compl,Enable,0,GRN2#  ,2011,ON,0,ACTIVE,ACTIVE,0,0,0,0,0
1132,0,0,0,0,0,0,0,0,0,0,0,0,0,0,0,0,0,0,0,0,0,0,0,0
1133,0,0,0,0,0,0,0,0,0,0,0,0,0,0,0,0,0,0,0,0,0,0,0,0
1134,0,0,0,0,0,0,0,0,0,0,0,0,0,0,0,0,0,0,0,0,0,0,0,0
1135,0,14.160,Not Avl,Compl,Compl,Unable,ON,Not Avl,Compl,Compl,Unable,OFF,38.281,35.938,28.750,28.750,19.531,39.551,15.686,31.765,0.781,1.582,ON,0
1136,OFF,ON,ON,1.004,0.999,-0.027,-0.066,3.230,3.171,0,97,51199.219,13.906,23.137,OFF,OFF,OFF,OFF,OFF,OFF,OFF,OFF,Avail,Incmpl
1137,Incmpl,Enable,Avail,487.900,330.300,487.900,330.300,ON,Avail,Compl,Enable,75,0,0,0,0,0,0,6,A,0,0,Avail,Incmpl
1138,Incmpl,Enable,OFF,OFF,773,1033.500,51199.219,51199.219,51199.219,51199.219,51199.219,51199.219,1GRFE ,48.235,Avail,Incmpl,Incmpl,Enable,7.996,ON,OFF,OFF,OFF,ON
1139,ON,Avail,Compl,Enable,Compl,CL,CL,Compl,Unable,Not Avl,Compl,Compl,Enable,OFF,0,15.500,22,ON,13.750,15,0.103,2319,17,21
1140,-3,OFF,0,4.688,5.760,OFF,0,0,68,Avail,Compl,Enable,0,GRN2#  ,2011,ON,0,ACTIVE,ACTIVE,0.967,0,0,0,0
1141,0,0,0,0,0,0,0,0,0,0,0,0,0,0,0,0,0,0,0,0,0,0,0,0
1142,0,0,0,0,0,0,0,0,0,0,0,0,0,0,0,0,0,0,0,0,0,0,0,0
1143,0,0,0,0,0,0,0,0,0,0,0,0,0,0,0,0,0,0,0,0,0,0,0,0
1144,0,14.160,Not Avl,Compl,Compl,Unable,ON,Not Avl,Compl,Compl,Unable,OFF,38.281,35.938,28.750,28.750,19.531,39.551,15.686,31.765,0.781,1.582,ON,0
1145,OFF,ON,ON,1.004,0.999,-0.027,-0.066,3.230,3.171,0,97,51199.219,13.906,23.137,OFF,OFF,OFF,OFF,OFF,OFF,OFF,OFF,Avail,Incmpl
1146,Incmpl,Enable,Avail,487.900,330.300,487.900,330.300,ON,Avail,Compl,Enable,75,0,0,0,0,0,0,6,A,0,0,Avail,Incmpl
1147,Incmpl,Enable,OFF,OFF,773,1033.500,51199.219,51199.219,51199.219,51199.219,51199.219,51199.219,1GRFE ,48.235,Avail,Incmpl,Incmpl,Enable,7.996,ON,OFF,OFF,OFF,ON
1148,ON,Avail,Compl,Enable,Compl,CL,CL,Compl,Unable,Not Avl,Compl,Compl,Enable,OFF,0,15.500,22,ON,13.750,15,0.103,2319,17,21
1149,-3,OFF,0,4.688,5.760,OFF,0,0,68,Avail,Compl,Enable,0,GRN2#  ,2011,ON,0,ACTIVE,ACTIVE,0.967,0.957,0,0,0
1150,0,0,0,0,0,0,0,0,0,0,0,0,0,0,0,0,0,0,0,0,0,0,0,0
1151,0,0,0,0,0,0,0,0,0,0,0,0,0,0,0,0,0,0,0,0,0,0,0,0
1152,0,0,0,0,0,0,0,0,0,0,0,0,0,0,0,0,0,0,0,0,0,0,0,0
1153,0,14.160,Not Avl,Compl,Compl,Unable,ON,Not Avl,Compl,Compl,Unable,OFF,38.281,35.938,28.750,28.750,19.531,39.551,15.686,31.765,0.781,1.582,ON,0
1154,OFF,ON,ON,1.004,0.999,-0.027,-0.066,3.230,3.171,0,97,51199.219,13.906,23.137,OFF,OFF,OFF,OFF,OFF,OFF,OFF,OFF,Avail,Incmpl
1155,Incmpl,Enable,Avail,487.900,330.300,487.900,330.300,ON,Avail,Compl,Enable,75,0,0,0,0,0,0,6,A,0,0,Avail,Incmpl
1156,Incmpl,Enable,OFF,OFF,773,1033.500,51199.219,51199.219,51199.219,51199.219,51199.219,51199.219,1GRFE ,48.235,Avail,Incmpl,Incmpl,Enable,7.996,ON,OFF,OFF,OFF,ON
1157,ON,Avail,Compl,Enable,Compl,CL,CL,Compl,Unable,Not Avl,Compl,Compl,Enable,OFF,0,15.500,22,ON,13.750,15,0.103,2319,17,21
1158,-3,OFF,0,4.688,5.760,OFF,0,0,68,Avail,Compl,Enable,0,GRN2#  ,2011,ON,0,ACTIVE,ACTIVE,0.967,0.957,0.680,0,0
1159,0,0,0,0,0,0,0,0,0,0,0,0,0,0,0,0,0,0,0,0,0,0,0,0
1160,0,0,0,0,0,0,0,0,0,0,0,0,0,0,0,0,0,0,0,0,0,0,0,0
1161,0,0,0,0,0,0,0,0,0,0,0,0,0,0,0,0,0,0,0,0,0,0,0,0
1162,0,14.160,Not Avl,Compl,Compl,Unable,ON,Not Avl,Compl,Compl,Unable,OFF,38.281,35.938,28.750,28.750,19.531,39.551,15.686,31.765,0.781,1.582,ON,0
1163,OFF,ON,ON,1.004,0.999,-0.027,-0.066,3.230,3.171,0,97,51199.219,13.906,23.137,OFF,OFF,OFF,OFF,OFF,OFF,OFF,OFF,Avail,Incmpl
1164,Incmpl,Enable,Avail,487.900,330.300,487.900,330.300,ON,Avail,Compl,Enable,75,0,0,0,0,0,0,6,A,0,0,Avail,Incmpl
1165,Incmpl,Enable,OFF,OFF,773,1033.500,51199.219,51199.219,51199.219,51199.219,51199.219,51199.219,1GRFE ,48.235,Avail,Incmpl,Incmpl,Enable,7.996,ON,OFF,OFF,OFF,ON
1166,ON,Avail,Compl,Enable,Compl,CL,CL,Compl,Unable,Not Avl,Compl,Compl,Enable,OFF,0,15.500,22,ON,13.750,15,0.103,2319,17,21
1167,-3,OFF,0,4.688,5.760,OFF,0,0,68,Avail,Compl,Enable,0,GRN2#  ,2011,ON,0,ACTIVE,ACTIVE,0.967,0.957,0.680,0.760,0
1168,0,0,0,0,0,0,0,0,0,0,0,0,0,0,0,0,0,0,0,0,0,0,0,0
1169,0,0,0,0,0,0,0,0,0,0,0,0,0,0,0,0,0,0,0,0,0,0,0,0
1170,0,0,0,0,0,0,0,0,0,0,0,0,0,0,0,0,0,0,0,0,0,0,0,0
1171,0,14.160,Not Avl,Compl,Compl,Unable,ON,Not Avl,Compl,Compl,Unable,OFF,38.281,35.938,28.750,28.750,19.531,39.551,15.686,31.765,0.781,1.582,ON,0
1172,OFF,ON,ON,1.004,0.999,-0.027,-0.066,3.230,3.171,0,97,51199.219,13.906,23.137,OFF,OFF,OFF,OFF,OFF,OFF,OFF,OFF,Avail,Incmpl
1173,Incmpl,Enable,Avail,487.900,330.300,487.900,330.300,ON,Avail,Compl,Enable,75,0,0,0,0,0,0,6,A,0,0,Avail,Incmpl
1174,Incmpl,Enable,OFF,OFF,773,1033.500,51199.219,51199.219,51199.219,51199.219,51199.219,51199.219,1GRFE ,48.235,Avail,Incmpl,Incmpl,Enable,7.996,ON,OFF,OFF,OFF,ON
1175,ON,Avail,Compl,Enable,Compl,CL,CL,Compl,Unable,Not Avl,Compl,Compl,Enable,OFF,0,15.500,22,ON,13.750,15,0.103,2319,17,21
1176,-3,OFF,0,4.688,5.760,OFF,0,0,68,Avail,Compl,Enable,0,GRN2#  ,2011,ON,0,ACTIVE,ACTIVE,0.967,0.957,0.680,0.760,53.496
1177,0,0,0,0,0,0,0,0,0,0,0,0,0,0,0,0,0,0,0,0,0,0,0,0
1178,0,0,0,0,0,0,0,0,0,0,0,0,0,0,0,0,0,0,0,0,0,0,0,0
1179,0,0,0,0,0,0,0,0,0,0,0,0,0,0,0,0,0,0,0,0,0,0,0,0
1180,0,14.160,Not Avl,Compl,Compl,Unable,ON,Not Avl,Compl,Compl,Unable,OFF,38.281,35.938,28.750,28.750,19.531,39.551,15.686,31.765,0.781,1.582,ON,0
1181,OFF,ON,ON,1.004,0.999,-0.027,-0.066,3.230,3.171,0,97,51199.219,13.906,23.137,OFF,OFF,OFF,OFF,OFF,OFF,OFF,OFF,Avail,Incmpl
1182,Incmpl,Enable,Avail,487.900,330.300,487.900,330.300,ON,Avail,Compl,Enable,75,0,0,0,0,0,0,6,A,0,0,Avail,Incmpl
1183,Incmpl,Enable,OFF,OFF,773,1033.500,51199.219,51199.219,51199.219,51199.219,51199.219,51199.219,1GRFE ,48.235,Avail,Incmpl,Incmpl,Enable,7.996,ON,OFF,OFF,OFF,ON
1184,ON,Avail,Compl,Enable,Compl,CL,CL,Compl,Unable,Not Avl,Compl,Compl,Enable,OFF,0,15.500,22,ON,13.750,15,0.103,2319,17,21
1185,-3,OFF,0,4.688,5.760,OFF,0,0,68,Avail,Compl,Enable,0,GRN2#  ,2011,ON,0,ACTIVE,ACTIVE,0.967,0.957,0.680,0.760,53.496
1186,57.387,0,0,0,0,0,0,0,0,0,0,0,0,0,0,0,0,0,0,0,0,0,0,0
1187,0,0,0,0,0,0,0,0,0,0,0,0,0,0,0,0,0,0,0,0,0,0,0,0
1188,0,0,0,0,0,0,0,0,0,0,0,0,0,0,0,0,0,0,0,0,0,0,0,0
1189,0,14.160,Not Avl,Compl,Compl,Unable,ON,Not Avl,Compl,Compl,Unable,OFF,38.281,35.938,28.750,28.750,19.531,39.551,15.686,31.765,0.781,1.582,ON,0
1190,OFF,ON,ON,1.004,0.999,-0.027,-0.066,3.230,3.171,0,97,51199.219,13.906,23.137,OFF,OFF,OFF,OFF,OFF,OFF,OFF,OFF,Avail,Incmpl
1191,Incmpl,Enable,Avail,487.900,330.300,487.900,330.300,ON,Avail,Compl,Enable,75,0,0,0,0,0,0,6,A,0,0,Avail,Incmpl
1192,Incmpl,Enable,OFF,OFF,773,1033.500,51199.219,51199.219,51199.219,51199.219,51199.219,51199.219,1GRFE ,48.235,Avail,Incmpl,Incmpl,Enable,7.996,ON,OFF,OFF,OFF,ON
1193,ON,Avail,Compl,Enable,Compl,CL,CL,Compl,Unable,Not Avl,Compl,Compl,Enable,OFF,0,15.500,22,ON,13.750,15,0.103,2319,17,21
1194,-3,OFF,0,4.688,5.760,OFF,0,0,68,Avail,Compl,Enable,0,GRN2#  ,2011,ON,0,ACTIVE,ACTIVE,0.967,0.957,0.680,0.760,53.496
1195,57.387,Avail,0,0,0,0,0,0,0,0,0,0,0,0,0,0,0,0,0,0,0,0,0,0
1196,0,0,0,0,0,0,0,0,0,0,0,0,0,0,0,0,0,0,0,0,0,0,0,0
1197,0,0,0,0,0,0,0,0,0,0,0,0,0,0,0,0,0,0,0,0,0,0,0,0
1198,0,14.160,Not Avl,Compl,Compl,Unable,ON,Not Avl,Compl,Compl,Unable,OFF,38.281,35.938,28.750,28.750,19.531,39.551,15.686,31.765,0.781,1.582,ON,0
1199,OFF,ON,ON,1.004,0.999,-0.027,-0.066,3.230,3.171,0,97,51199.219,13.906,23.137,OFF,OFF,OFF,OFF,OFF,OFF,OFF,OFF,Avail,Incmpl
1200,Incmpl,Enable,Avail,487.900,330.300,487.900,330.300,ON,Avail,Compl,Enable,75,0,0,0,0,0,0,6,A,0,0,Avail,Incmpl
1201,Incmpl,Enable,OFF,OFF,773,1033.500,51199.219,51199.219,51199.219,51199.219,51199.219,51199.219,1GRFE ,48.235,Avail,Incmpl,Incmpl,Enable,7.996,ON,OFF,OFF,OFF,ON
1202,ON,Avail,Compl,Enable,Compl,CL,CL,Compl,Unable,Not Avl,Compl,Compl,Enable,OFF,0,15.500,22,ON,13.750,15,0.103,2319,17,21
1203,-3,OFF,0,4.688,5.760,OFF,0,0,68,Avail,Compl,Enable,0,GRN2#  ,2011,ON,0,ACTIVE,ACTIVE,0.967,0.957,0.680,0.760,53.496
1204,57.387,Avail,Compl,0,0,0,0,0,0,0,0,0,0,0,0,0,0,0,0,0,0,0,0,0
1205,0,0,0,0,0,0,0,0,0,0,0,0,0,0,0,0,0,0,0,0,0,0,0,0
1206,0,0,0,0,0,0,0,0,0,0,0,0,0,0,0,0,0,0,0,0,0,0,0,0
1207,0,14.160,Not Avl,Compl,Compl,Unable,ON,Not Avl,Compl,Compl,Unable,OFF,38.281,35.938,28.750,28.750,19.531,39.551,15.686,31.765,0.781,1.582,ON,0
1208,OFF,ON,ON,1.004,0.999,-0.027,-0.066,3.230,3.171,0,97,51199.219,13.906,23.137,OFF,OFF,OFF,OFF,OFF,OFF,OFF,OFF,Avail,Incmpl
1209,Incmpl,Enable,Avail,487.900,330.300,487.900,330.300,ON,Avail,Compl,Enable,75,0,0,0,0,0,0,6,A,0,0,Avail,Incmpl
1210,Incmpl,Enable,OFF,OFF,773,1033.500,51199.219,51199.219,51199.219,51199.219,51199.219,51199.219,1GRFE ,48.235,Avail,Incmpl,Incmpl,Enable,7.996,ON,OFF,OFF,OFF,ON
1211,ON,Avail,Compl,Enable,Compl,CL,CL,Compl,Unable,Not Avl,Compl,Compl,Enable,OFF,0,15.500,22,ON,13.750,15,0.103,2319,17,21
1212,-3,OFF,0,4.688,5.760,OFF,0,0,68,Avail,Compl,Enable,0,GRN2#  ,2011,ON,0,ACTIVE,ACTIVE,0.967,0.957,0.680,0.760,53.496
1213,57.387,Avail,Compl,Avail,0,0,0,0,0,0,0,0,0,0,0,0,0,0,0,0,0,0,0,0
1214,0,0,0,0,0,0,0,0,0,0,0,0,0,0,0,0,0,0,0,0,0,0,0,0
1215,0,0,0,0,0,0,0,0,0,0,0,0,0,0,0,0,0,0,0,0,0,0,0,0
1216,0,14.160,Not Avl,Compl,Compl,Unable,ON,Not Avl,Compl,Compl,Unable,OFF,38.281,35.938,28.750,28.750,19.531,39.551,15.686,31.765,0.781,1.582,ON,0
1217,OFF,ON,ON,1.004,0.999,-0.027,-0.066,3.230,3.171,0,97,51199.219,13.906,23.137,OFF,OFF,OFF,OFF,OFF,OFF,OFF,OFF,Avail,Incmpl
1218,Incmpl,Enable,Avail,487.900,330.300,487.900,330.300,ON,Avail,Compl,Enable,75,0,0,0,0,0,0,6,A,0,0,Avail,Incmpl
1219,Incmpl,Enable,OFF,OFF,773,1033.500,51199.219,51199.219,51199.219,51199.219,51199.219,51199.219,1GRFE ,48.235,Avail,Incmpl,Incmpl,Enable,7.996,ON,OFF,OFF,OFF,ON
1220,ON,Avail,Compl,Enable,Compl,CL,CL,Compl,Unable,Not Avl,Compl,Compl,Enable,OFF,0,15.500,22,ON,13.750,15,0.103,2319,17,21
1221,-3,OFF,0,4.688,5.760,OFF,0,0,68,Avail,Compl,Enable,0,GRN2#  ,2011,ON,0,ACTIVE,ACTIVE,0.967,0.957,0.680,0.760,53.496
1222,57.387,Avail,Compl,Avail,Incmpl,0,0,0,0,0,0,0,0,0,0,0,0,0,0,0,0,0,0,0
1223,0,0,0,0,0,0,0,0,0,0,0,0,0,0,0,0,0,0,0,0,0,0,0,0
1224,0,0,0,0,0,0,0,0,0,0,0,0,0,0,0,0,0,0,0,0,0,0,0,0
1225,0,14.160,Not Avl,Compl,Compl,Unable,ON,Not Avl,Compl,Compl,Unable,OFF,38.281,35.938,28.750,28.750,19.531,39.551,15.686,31.765,0.781,1.582,ON,0
1226,OFF,ON,ON,1.004,0.999,-0.027,-0.066,3.230,3.171,0,97,51199.219,13.906,23.137,OFF,OFF,OFF,OFF,OFF,OFF,OFF,OFF,Avail,Incmpl
1227,Incmpl,Enable,Avail,487.900,330.300,487.900,330.300,ON,Avail,Compl,Enable,75,0,0,0,0,0,0,6,A,0,0,Avail,Incmpl
1228,Incmpl,Enable,OFF,OFF,773,1033.500,51199.219,51199.219,51199.219,51199.219,51199.219,51199.219,1GRFE ,48.235,Avail,Incmpl,Incmpl,Enable,7.996,ON,OFF,OFF,OFF,ON
1229,ON,Avail,Compl,Enable,Compl,CL,CL,Compl,Unable,Not Avl,Compl,Compl,Enable,OFF,0,15.500,22,ON,13.750,15,0.103,2319,17,21
1230,-3,OFF,0,4.688,5.760,OFF,0,0,68,Avail,Compl,Enable,0,GRN2#  ,2011,ON,0,ACTIVE,ACTIVE,0.967,0.957,0.680,0.760,53.496
1231,57.387,Avail,Compl,Avail,Incmpl,Incmpl,0,0,0,0,0,0,0,0,0,0,0,0,0,0,0,0,0,0
1232,0,0,0,0,0,0,0,0,0,0,0,0,0,0,0,0,0,0,0,0,0,0,0,0
1233,0,0,0,0,0,0,0,0,0,0,0,0,0,0,0,0,0,0,0,0,0,0,0,0
1234,0,14.160,Not Avl,Compl,Compl,Unable,ON,Not Avl,Compl,Compl,Unable,OFF,38.281,35.938,28.750,28.750,19.531,39.551,15.686,31.765,0.781,1.582,ON,0
1235,OFF,ON,ON,1.004,0.999,-0.027,-0.066,3.230,3.171,0,97,51199.219,13.906,23.137,OFF,OFF,OFF,OFF,OFF,OFF,OFF,OFF,Avail,Incmpl
1236,Incmpl,Enable,Avail,487.900,330.300,487.900,330.300,ON,Avail,Compl,Enable,75,0,0,0,0,0,0,6,A,0,0,Avail,Incmpl
1237,Incmpl,Enable,OFF,OFF,773,1033.500,51199.219,51199.219,51199.219,51199.219,51199.219,51199.219,1GRFE ,48.235,Avail,Incmpl,Incmpl,Enable,7.996,ON,OFF,OFF,OFF,ON
1238,ON,Avail,Compl,Enable,Compl,CL,CL,Compl,Unable,Not Avl,Compl,Compl,Enable,OFF,0,15.500,22,ON,13.750,15,0.103,2319,17,21
1239,-3,OFF,0,4.688,5.760,OFF,0,0,68,Avail,Compl,Enable,0,GRN2#  ,2011,ON,0,ACTIVE,ACTIVE,0.967,0.957,0.680,0.760,53.496
1240,57.387,Avail,Compl,Avail,Incmpl,Incmpl,Enable,0,0,0,0,0,0,0,0,0,0,0,0,0,0,0,0,0
1241,0,0,0,0,0,0,0,0,0,0,0,0,0,0,0,0,0,0,0,0,0,0,0,0
1242,0,0,0,0,0,0,0,0,0,0,0,0,0,0,0,0,0,0,0,0,0,0,0,0
1243,0,14.160,Not Avl,Compl,Compl,Unable,ON,Not Avl,Compl,Compl,Unable,OFF,38.281,35.938,28.750,28.750,19.531,39.551,15.686,31.765,0.781,1.582,ON,0
1244,OFF,ON,ON,1.004,0.999,-0.027,-0.066,3.230,3.171,0,97,51199.219,13.906,23.137,OFF,OFF,OFF,OFF,OFF,OFF,OFF,OFF,Avail,Incmpl
1245,Incmpl,Enable,Avail,487.900,330.300,487.900,330.300,ON,Avail,Compl,Enable,75,0,0,0,0,0,0,6,A,0,0,Avail,Incmpl
1246,Incmpl,Enable,OFF,OFF,773,1033.500,51199.219,51199.219,51199.219,51199.219,51199.219,51199.219,1GRFE ,48.235,Avail,Incmpl,Incmpl,Enable,7.996,ON,OFF,OFF,OFF,ON
1247,ON,Avail,Compl,Enable,Compl,CL,CL,Compl,Unable,Not Avl,Compl,Compl,Enable,OFF,0,15.500,22,ON,13.750,15,0.103,2319,17,21
1248,-3,OFF,0,4.688,5.760,OFF,0,0,68,Avail,Compl,Enable,0,GRN2#  ,2011,ON,0,ACTIVE,ACTIVE,0.967,0.957,0.680,0.760,53.496
1249,57.387,Avail,Compl,Avail,Incmpl,Incmpl,Enable,OBD II (California ARB),0,0,0,0,0,0,0,0,0,0,0,0,0,0,0,0
1250,0,0,0,0,0,0,0,0,0,0,0,0,0,0,0,0,0,0,0,0,0,0,0,0
1251,0,0,0,0,0,0,0,0,0,0,0,0,0,0,0,0,0,0,0,0,0,0,0,0
1252,0,14.160,Not Avl,Compl,Compl,Unable,ON,Not Avl,Compl,Compl,Unable,OFF,38.281,35.938,28.750,28.750,19.531,39.551,15.686,31.765,0.781,1.582,ON,0
1253,OFF,ON,ON,1.004,0.999,-0.027,-0.066,3.230,3.171,0,97,51199.219,13.906,23.137,OFF,OFF,OFF,OFF,OFF,OFF,OFF,OFF,Avail,Incmpl
1254,Incmpl,Enable,Avail,487.900,330.300,487.900,330.300,ON,Avail,Compl,Enable,75,0,0,0,0,0,0,6,A,0,0,Avail,Incmpl
1255,Incmpl,Enable,OFF,OFF,773,1033.500,51199.219,51199.219,51199.219,51199.219,51199.219,51199.219,1GRFE ,48.235,Avail,Incmpl,Incmpl,Enable,7.996,ON,OFF,OFF,OFF,ON
1256,ON,Avail,Compl,Enable,Compl,CL,CL,Compl,Unable,Not Avl,Compl,Compl,Enable,OFF,0,15.500,22,ON,13.750,15,0.103,2319,17,21
1257,-3,OFF,0,4.688,5.760,OFF,0,0,68,Avail,Compl,Enable,0,GRN2#  ,2011,ON,0,ACTIVE,ACTIVE,0.967,0.957,0.680,0.760,53.496
1258,57.387,Avail,Compl,Avail,Incmpl,Incmpl,Enable,OBD II (California ARB),OFF,0,0,0,0,0,0,0,0,0,0,0,0,0,0,0
1259,0,0,0,0,0,0,0,0,0,0,0,0,0,0,0,0,0,0,0,0,0,0,0,0
1260,0,0,0,0,0,0,0,0,0,0,0,0,0,0,0,0,0,0,0,0,0,0,0,0
1261,0,14.160,Not Avl,Compl,Compl,Unable,ON,Not Avl,Compl,Compl,Unable,OFF,38.281,35.938,28.750,28.750,19.531,39.551,15.686,31.765,0.781,1.582,ON,0
1262,OFF,ON,ON,1.004,0.999,-0.027,-0.066,3.230,3.171,0,97,51199.219,13.906,23.137,OFF,OFF,OFF,OFF,OFF,OFF,OFF,OFF,Avail,Incmpl
1263,Incmpl,Enable,Avail,487.900,330.300,487.900,330.300,ON,Avail,Compl,Enable,75,0,0,0,0,0,0,6,A,0,0,Avail,Incmpl
1264,Incmpl,Enable,OFF,OFF,773,1033.500,51199.219,51199.219,51199.219,51199.219,51199.219,51199.219,1GRFE ,48.235,Avail,Incmpl,Incmpl,Enable,7.996,ON,OFF,OFF,OFF,ON
1265,ON,Avail,Compl,Enable,Compl,CL,CL,Compl,Unable,Not Avl,Compl,Compl,Enable,OFF,0,15.500,22,ON,13.750,15,0.103,2319,17,21
1266,-3,OFF,0,4.688,5.760,OFF,0,0,68,Avail,Compl,Enable,0,GRN2#  ,2011,ON,0,ACTIVE,ACTIVE,0.967,0.957,0.680,0.760,53.496
1267,57.387,Avail,Compl,Avail,Incmpl,Incmpl,Enable,OBD II (California ARB),OFF,OFF,0,0,0,0,0,0,0,0,0,0,0,0,0,0
1268,0,0,0,0,0,0,0,0,0,0,0,0,0,0,0,0,0,0,0,0,0,0,0,0
1269,0,0,0,0,0,0,0,0,0,0,0,0,0,0,0,0,0,0,0,0,0,0,0,0
1270,0,14.160,Not Avl,Compl,Compl,Unable,ON,Not Avl,Compl,Compl,Unable,OFF,38.281,35.938,28.750,28.750,19.531,39.551,15.686,31.765,0.781,1.582,ON,0
1271,OFF,ON,ON,1.004,0.999,-0.027,-0.066,3.230,3.171,0,97,51199.219,13.906,23.137,OFF,OFF,OFF,OFF,OFF,OFF,OFF,OFF,Avail,Incmpl
1272,Incmpl,Enable,Avail,487.900,330.300,487.900,330.300,ON,Avail,Compl,Enable,75,0,0,0,0,0,0,6,A,0,0,Avail,Incmpl
1273,Incmpl,Enable,OFF,OFF,773,1033.500,51199.219,51199.219,51199.219,51199.219,51199.219,51199.219,1GRFE ,48.235,Avail,Incmpl,Incmpl,Enable,7.996,ON,OFF,OFF,OFF,ON
1274,ON,Avail,Compl,Enable,Compl,CL,CL,Compl,Unable,Not Avl,Compl,Compl,Enable,OFF,0,15.500,22,ON,13.750,15,0.103,2319,17,21
1275,-3,OFF,0,4.688,5.760,OFF,0,0,68,Avail,Compl,Enable,0,GRN2#  ,2011,ON,0,ACTIVE,ACTIVE,0.967,0.957,0.680,0.760,53.496
1276,57.387,Avail,Compl,Avail,Incmpl,Incmpl,Enable,OBD II (California ARB),OFF,OFF,43.890,0,0,0,0,0,0,0,0,0,0,0,0,0
1277,0,0,0,0,0,0,0,0,0,0,0,0,0,0,0,0,0,0,0,0,0,0,0,0
1278,0,0,0,0,0,0,0,0,0,0,0,0,0,0,0,0,0,0,0,0,0,0,0,0
1279,0,14.160,Not Avl,Compl,Compl,Unable,ON,Not Avl,Compl,Compl,Unable,OFF,38.281,35.938,28.750,28.750,19.531,39.551,15.686,31.765,0.781,1.582,ON,0
1280,OFF,ON,ON,1.004,0.999,-0.027,-0.066,3.230,3.171,0,97,51199.219,13.906,23.137,OFF,OFF,OFF,OFF,OFF,OFF,OFF,OFF,Avail,Incmpl
1281,Incmpl,Enable,Avail,487.900,330.300,487.900,330.300,ON,Avail,Compl,Enable,75,0,0,0,0,0,0,6,A,0,0,Avail,Incmpl
1282,Incmpl,Enable,OFF,OFF,773,1033.500,51199.219,51199.219,51199.219,51199.219,51199.219,51199.219,1GRFE ,48.235,Avail,Incmpl,Incmpl,Enable,7.996,ON,OFF,OFF,OFF,ON
1283,ON,Avail,Compl,Enable,Compl,CL,CL,Compl,Unable,Not Avl,Compl,Compl,Enable,OFF,0,15.500,22,ON,13.750,15,0.103,2319,17,21
1284,-3,OFF,0,4.688,5.760,OFF,0,0,68,Avail,Compl,Enable,0,GRN2#  ,2011,ON,0,ACTIVE,ACTIVE,0.967,0.957,0.680,0.760,53.496
1285,57.387,Avail,Compl,Avail,Incmpl,Incmpl,Enable,OBD II (California ARB),OFF,OFF,43.890,-0.055,0,0,0,0,0,0,0,0,0,0,0,0
1286,0,0,0,0,0,0,0,0,0,0,0,0,0,0,0,0,0,0,0,0,0,0,0,0
1287,0,0,0,0,0,0,0,0,0,0,0,0,0,0,0,0,0,0,0,0,0,0,0,0
1288,0,14.160,Not Avl,Compl,Compl,Unable,ON,Not Avl,Compl,Compl,Unable,OFF,38.281,35.938,28.750,28.750,19.531,39.551,15.686,31.765,0.781,1.582,ON,0
1289,OFF,ON,ON,1.004,0.999,-0.027,-0.066,3.230,3.171,0,97,51199.219,13.906,23.137,OFF,OFF,OFF,OFF,OFF,OFF,OFF,OFF,Avail,Incmpl
1290,Incmpl,Enable,Avail,487.900,330.300,487.900,330.300,ON,Avail,Compl,Enable,75,0,0,0,0,0,0,6,A,0,0,Avail,Incmpl
1291,Incmpl,Enable,OFF,OFF,773,1033.500,51199.219,51199.219,51199.219,51199.219,51199.219,51199.219,1GRFE ,48.235,Avail,Incmpl,Incmpl,Enable,7.996,ON,OFF,OFF,OFF,ON
1292,ON,Avail,Compl,Enable,Compl,CL,CL,Compl,Unable,Not Avl,Compl,Compl,Enable,OFF,0,15.500,22,ON,13.750,15,0.103,2319,17,21
1293,-3,OFF,0,4.688,5.760,OFF,0,0,68,Avail,Compl,Enable,0,GRN2#  ,2011,ON,0,ACTIVE,ACTIVE,0.967,0.957,0.680,0.760,53.496
1294,57.387,Avail,Compl,Avail,Incmpl,Incmpl,Enable,OBD II (California ARB),OFF,OFF,43.890,-0.055,OFF,0,0,0,0,0,0,0,0,0,0,0
1295,0,0,0,0,0,0,0,0,0,0,0,0,0,0,0,0,0,0,0,0,0,0,0,0
1296,0,0,0,0,0,0,0,0,0,0,0,0,0,0,0,0,0,0,0,0,0,0,0,0
1297,0,14.160,Not Avl,Compl,Compl,Unable,ON,Not Avl,Compl,Compl,Unable,OFF,38.281,35.938,28.750,28.750,19.531,39.551,15.686,31.765,0.781,1.582,ON,0
1298,OFF,ON,ON,1.004,0.999,-0.027,-0.066,3.230,3.171,0,97,51199.219,13.906,23.137,OFF,OFF,OFF,OFF,OFF,OFF,OFF,OFF,Avail,Incmpl
1299,Incmpl,Enable,Avail,487.900,330.300,487.900,330.300,ON,Avail,Compl,Enable,75,0,0,0,0,0,0,6,A,0,0,Avail,Incmpl
1300,Incmpl,Enable,OFF,OFF,773,1033.500,51199.219,51199.219,51199.219,51199.219,51199.219,51199.219,1GRFE ,48.235,Avail,Incmpl,Incmpl,Enable,7.996,ON,OFF,OFF,OFF,ON
1301,ON,Avail,Compl,Enable,Compl,CL,CL,Compl,Unable,Not Avl,Compl,Compl,Enable,OFF,0,15.500,22,ON,13.750,15,0.103,2319,17,21
1302,-3,OFF,0,4.688,5.760,OFF,0,0,68,Avail,Compl,Enable,0,GRN2#  ,2011,ON,0,ACTIVE,ACTIVE,0.967,0.957,0.680,0.760,53.496
1303,57.387,Avail,Compl,Avail,Incmpl,Incmpl,Enable,OBD II (California ARB),OFF,OFF,43.890,-0.055,OFF,0,0,0,0,0,0,0,0,0,0,0
1304,0,0,0,0,0,0,0,0,0,0,0,0,0,0,0,0,0,0,0,0,0,0,0,0
1305,0,0,0,0,0,0,0,0,0,0,0,0,0,0,0,0,0,0,0,0,0,0,0,0
1306,0,14.160,Not Avl,Compl,Compl,Unable,ON,Not Avl,Compl,Compl,Unable,OFF,38.281,35.938,28.750,28.750,19.531,39.551,15.686,31.765,0.781,1.582,ON,0
1307,OFF,ON,ON,1.004,0.999,-0.027,-0.066,3.230,3.171,0,97,51199.219,13.906,23.137,OFF,OFF,OFF,OFF,OFF,OFF,OFF,OFF,Avail,Incmpl
1308,Incmpl,Enable,Avail,487.900,330.300,487.900,330.300,ON,Avail,Compl,Enable,75,0,0,0,0,0,0,6,A,0,0,Avail,Incmpl
1309,Incmpl,Enable,OFF,OFF,773,1033.500,51199.219,51199.219,51199.219,51199.219,51199.219,51199.219,1GRFE ,48.235,Avail,Incmpl,Incmpl,Enable,7.996,ON,OFF,OFF,OFF,ON
1310,ON,Avail,Compl,Enable,Compl,CL,CL,Compl,Unable,Not Avl,Compl,Compl,Enable,OFF,0,15.500,22,ON,13.750,15,0.103,2319,17,21
1311,-3,OFF,0,4.688,5.760,OFF,0,0,68,Avail,Compl,Enable,0,GRN2#  ,2011,ON,0,ACTIVE,ACTIVE,0.967,0.957,0.680,0.760,53.496
1312,57.387,Avail,Compl,Avail,Incmpl,Incmpl,Enable,OBD II (California ARB),OFF,OFF,43.890,-0.055,OFF,0,OFF,0,0,0,0,0,0,0,0,0
1313,0,0,0,0,0,0,0,0,0,0,0,0,0,0,0,0,0,0,0,0,0,0,0,0
1314,0,0,0,0,0,0,0,0,0,0,0,0,0,0,0,0,0,0,0,0,0,0,0,0
1315,0,14.160,Not Avl,Compl,Compl,Unable,ON,Not Avl,Compl,Compl,Unable,OFF,38.281,35.938,28.750,28.750,19.531,39.551,15.686,31.765,0.781,1.582,ON,0
1316,OFF,ON,ON,1.004,0.999,-0.027,-0.066,3.230,3.171,0,97,51199.219,13.906,23.137,OFF,OFF,OFF,OFF,OFF,OFF,OFF,OFF,Avail,Incmpl
1317,Incmpl,Enable,Avail,487.900,330.300,487.900,330.300,ON,Avail,Compl,Enable,75,0,0,0,0,0,0,6,A,0,0,Avail,Incmpl
1318,Incmpl,Enable,OFF,OFF,773,1033.500,51199.219,51199.219,51199.219,51199.219,51199.219,51199.219,1GRFE ,48.235,Avail,Incmpl,Incmpl,Enable,7.996,ON,OFF,OFF,OFF,ON
1319,ON,Avail,Compl,Enable,Compl,CL,CL,Compl,Unable,Not Avl,Compl,Compl,Enable,OFF,0,15.500,22,ON,13.750,15,0.103,2319,17,21
1320,-3,OFF,0,4.688,5.760,OFF,0,0,68,Avail,Compl,Enable,0,GRN2#  ,2011,ON,0,ACTIVE,ACTIVE,0.967,0.957,0.680,0.760,53.496
1321,57.387,Avail,Compl,Avail,Incmpl,Incmpl,Enable,OBD II (California ARB),OFF,OFF,43.890,-0.055,OFF,0,OFF,1st,0,0,0,0,0,0,0,0
1322,0,0,0,0,0,0,0,0,0,0,0,0,0,0,0,0,0,0,0,0,0,0,0,0
1323,0,0,0,0,0,0,0,0,0,0,0,0,0,0,0,0,0,0,0,0,0,0,0,0
1324,0,14.160,Not Avl,Compl,Compl,Unable,ON,Not Avl,Compl,Compl,Unable,OFF,38.281,35.938,28.750,28.750,19.531,39.551,15.686,31.765,0.781,1.582,ON,0
1325,OFF,ON,ON,1.004,0.999,-0.027,-0.066,3.230,3.171,0,97,51199.219,13.906,23.137,OFF,OFF,OFF,OFF,OFF,OFF,OFF,OFF,Avail,Incmpl
1326,Incmpl,Enable,Avail,487.900,330.300,487.900,330.300,ON,Avail,Compl,Enable,75,0,0,0,0,0,0,6,A,0,0,Avail,Incmpl
1327,Incmpl,Enable,OFF,OFF,773,1033.500,51199.219,51199.219,51199.219,51199.219,51199.219,51199.219,1GRFE ,48.235,Avail,Incmpl,Incmpl,Enable,7.996,ON,OFF,OFF,OFF,ON
1328,ON,Avail,Compl,Enable,Compl,CL,CL,Compl,Unable,Not Avl,Compl,Compl,Enable,OFF,0,15.500,22,ON,13.750,15,0.103,2319,17,21
1329,-3,OFF,0,4.688,5.760,OFF,0,0,68,Avail,Compl,Enable,0,GRN2#  ,2011,ON,0,ACTIVE,ACTIVE,0.967,0.957,0.680,0.760,53.496
1330,57.387,Avail,Compl,Avail,Incmpl,Incmpl,Enable,OBD II (California ARB),OFF,OFF,43.890,-0.055,OFF,0,OFF,1st,OFF,0,0,0,0,0,0,0
1331,0,0,0,0,0,0,0,0,0,0,0,0,0,0,0,0,0,0,0,0,0,0,0,0
1332,0,0,0,0,0,0,0,0,0,0,0,0,0,0,0,0,0,0,0,0,0,0,0,0
1333,0,14.160,Not Avl,Compl,Compl,Unable,ON,Not Avl,Compl,Compl,Unable,OFF,38.281,35.938,28.750,28.750,19.531,39.551,15.686,31.765,0.781,1.582,ON,0
1334,OFF,ON,ON,1.004,0.999,-0.027,-0.066,3.230,3.171,0,97,51199.219,13.906,23.137,OFF,OFF,OFF,OFF,OFF,OFF,OFF,OFF,Avail,Incmpl
1335,Incmpl,Enable,Avail,487.900,330.300,487.900,330.300,ON,Avail,Compl,Enable,75,0,0,0,0,0,0,6,A,0,0,Avail,Incmpl
1336,Incmpl,Enable,OFF,OFF,773,1033.500,51199.219,51199.219,51199.219,51199.219,51199.219,51199.219,1GRFE ,48.235,Avail,Incmpl,Incmpl,Enable,7.996,ON,OFF,OFF,OFF,ON
1337,ON,Avail,Compl,Enable,Compl,CL,CL,Compl,Unable,Not Avl,Compl,Compl,Enable,OFF,0,15.500,22,ON,13.750,15,0.103,2319,17,21
1338,-3,OFF,0,4.688,5.760,OFF,0,0,68,Avail,Compl,Enable,0,GRN2#  ,2011,ON,0,ACTIVE,ACTIVE,0.967,0.957,0.680,0.760,53.496
1339,57.387,Avail,Compl,Avail,Incmpl,Incmpl,Enable,OBD II (California ARB),OFF,OFF,43.890,-0.055,OFF,0,OFF,1st,OFF,OFF,0,0,0,0,0,0
1340,0,0,0,0,0,0,0,0,0,0,0,0,0,0,0,0,0,0,0,0,0,0,0,0
1341,0,0,0,0,0,0,0,0,0,0,0,0,0,0,0,0,0,0,0,0,0,0,0,0
1342,0,14.160,Not Avl,Compl,Compl,Unable,ON,Not Avl,Compl,Compl,Unable,OFF,38.281,35.938,28.750,28.750,19.531,39.551,15.686,31.765,0.781,1.582,ON,0
1343,OFF,ON,ON,1.004,0.999,-0.027,-0.066,3.230,3.171,0,97,51199.219,13.906,23.137,OFF,OFF,OFF,OFF,OFF,OFF,OFF,OFF,Avail,Incmpl
1344,Incmpl,Enable,Avail,487.900,330.300,487.900,330.300,ON,Avail,Compl,Enable,75,0,0,0,0,0,0,6,A,0,0,Avail,Incmpl
1345,Incmpl,Enable,OFF,OFF,773,1033.500,51199.219,51199.219,51199.219,51199.219,51199.219,51199.219,1GRFE ,48.235,Avail,Incmpl,Incmpl,Enable,7.996,ON,OFF,OFF,OFF,ON
1346,ON,Avail,Compl,Enable,Compl,CL,CL,Compl,Unable,Not Avl,Compl,Compl,Enable,OFF,0,15.500,22,ON,13.750,15,0.103,2319,17,21
1347,-3,OFF,0,4.688,5.760,OFF,0,0,68,Avail,Compl,Enable,0,GRN2#  ,2011,ON,0,ACTIVE,ACTIVE,0.967,0.957,0.680,0.760,53.496
1348,57.387,Avail,Compl,Avail,Incmpl,Incmpl,Enable,OBD II (California ARB),OFF,OFF,43.890,-0.055,OFF,0,OFF,1st,OFF,OFF,OFF,0,0,0,0,0
1349,0,0,0,0,0,0,0,0,0,0,0,0,0,0,0,0,0,0,0,0,0,0,0,0
1350,0,0,0,0,0,0,0,0,0,0,0,0,0,0,0,0,0,0,0,0,0,0,0,0
1351,0,14.160,Not Avl,Compl,Compl,Unable,ON,Not Avl,Compl,Compl,Unable,OFF,38.281,35.938,28.750,28.750,19.531,39.551,15.686,31.765,0.781,1.582,ON,0
1352,OFF,ON,ON,1.004,0.999,-0.027,-0.066,3.230,3.171,0,97,51199.219,13.906,23.137,OFF,OFF,OFF,OFF,OFF,OFF,OFF,OFF,Avail,Incmpl
1353,Incmpl,Enable,Avail,487.900,330.300,487.900,330.300,ON,Avail,Compl,Enable,75,0,0,0,0,0,0,6,A,0,0,Avail,Incmpl
1354,Incmpl,Enable,OFF,OFF,773,1033.500,51199.219,51199.219,51199.219,51199.219,51199.219,51199.219,1GRFE ,48.235,Avail,Incmpl,Incmpl,Enable,7.996,ON,OFF,OFF,OFF,ON
1355,ON,Avail,Compl,Enable,Compl,CL,CL,Compl,Unable,Not Avl,Compl,Compl,Enable,OFF,0,15.500,22,ON,13.750,15,0.103,2319,17,21
1356,-3,OFF,0,4.688,5.760,OFF,0,0,68,Avail,Compl,Enable,0,GRN2#  ,2011,ON,0,ACTIVE,ACTIVE,0.967,0.957,0.680,0.760,53.496
1357,57.387,Avail,Compl,Avail,Incmpl,Incmpl,Enable,OBD II (California ARB),OFF,OFF,43.890,-0.055,OFF,0,OFF,1st,OFF,OFF,OFF,OFF,0,0,0,0
1358,0,0,0,0,0,0,0,0,0,0,0,0,0,0,0,0,0,0,0,0,0,0,0,0
1359,0,0,0,0,0,0,0,0,0,0,0,0,0,0,0,0,0,0,0,0,0,0,0,0
1360,0,14.160,Not Avl,Compl,Compl,Unable,ON,Not Avl,Compl,Compl,Unable,OFF,38.281,35.938,28.750,28.750,19.531,39.551,15.686,31.765,0.781,1.582,ON,0
1361,OFF,ON,ON,1.004,0.999,-0.027,-0.066,3.230,3.171,0,97,51199.219,13.906,23.137,OFF,OFF,OFF,OFF,OFF,OFF,OFF,OFF,Avail,Incmpl
1362,Incmpl,Enable,Avail,487.900,330.300,487.900,330.300,ON,Avail,Compl,Enable,75,0,0,0,0,0,0,6,A,0,0,Avail,Incmpl
1363,Incmpl,Enable,OFF,OFF,773,1033.500,51199.219,51199.219,51199.219,51199.219,51199.219,51199.219,1GRFE ,48.235,Avail,Incmpl,Incmpl,Enable,7.996,ON,OFF,OFF,OFF,ON
1364,ON,Avail,Compl,Enable,Compl,CL,CL,Compl,Unable,Not Avl,Compl,Compl,Enable,OFF,0,15.500,22,ON,13.750,15,0.103,2319,17,21
1365,-3,OFF,0,4.688,5.760,OFF,0,0,68,Avail,Compl,Enable,0,GRN2#  ,2011,ON,0,ACTIVE,ACTIVE,0.967,0.957,0.680,0.760,53.496
1366,57.387,Avail,Compl,Avail,Incmpl,Incmpl,Enable,OBD II (California ARB),OFF,OFF,43.890,-0.055,OFF,0,OFF,1st,OFF,OFF,OFF,OFF,OFF,0,0,0
1367,0,0,0,0,0,0,0,0,0,0,0,0,0,0,0,0,0,0,0,0,0,0,0,0
1368,0,0,0,0,0,0,0,0,0,0,0,0,0,0,0,0,0,0,0,0,0,0,0,0
1369,0,14.160,Not Avl,Compl,Compl,Unable,ON,Not Avl,Compl,Compl,Unable,OFF,38.281,35.938,28.750,28.750,19.531,39.551,15.686,31.765,0.781,1.582,ON,0
1370,OFF,ON,ON,1.004,0.999,-0.027,-0.066,3.230,3.171,0,97,51199.219,13.906,23.137,OFF,OFF,OFF,OFF,OFF,OFF,OFF,OFF,Avail,Incmpl
1371,Incmpl,Enable,Avail,487.900,330.300,487.900,330.300,ON,Avail,Compl,Enable,75,0,0,0,0,0,0,6,A,0,0,Avail,Incmpl
1372,Incmpl,Enable,OFF,OFF,773,1033.500,51199.219,51199.219,51199.219,51199.219,51199.219,51199.219,1GRFE ,48.235,Avail,Incmpl,Incmpl,Enable,7.996,ON,OFF,OFF,OFF,ON
1373,ON,Avail,Compl,Enable,Compl,CL,CL,Compl,Unable,Not Avl,Compl,Compl,Enable,OFF,0,15.500,22,ON,13.750,15,0.103,2319,17,21
1374,-3,OFF,0,4.688,5.760,OFF,0,0,68,Avail,Compl,Enable,0,GRN2#  ,2011,ON,0,ACTIVE,ACTIVE,0.967,0.957,0.680,0.760,53.496
1375,57.387,Avail,Compl,Avail,Incmpl,Incmpl,Enable,OBD II (California ARB),OFF,OFF,43.890,-0.055,OFF,0,OFF,1st,OFF,OFF,OFF,OFF,OFF,OFF,0,0
1376,0,0,0,0,0,0,0,0,0,0,0,0,0,0,0,0,0,0,0,0,0,0,0,0
1377,0,0,0,0,0,0,0,0,0,0,0,0,0,0,0,0,0,0,0,0,0,0,0,0
1378,0,14.160,Not Avl,Compl,Compl,Unable,ON,Not Avl,Compl,Compl,Unable,OFF,38.281,35.938,28.750,28.750,19.531,39.551,15.686,31.765,0.781,1.582,ON,0
1379,OFF,ON,ON,1.004,0.999,-0.027,-0.066,3.230,3.171,0,97,51199.219,13.906,23.137,OFF,OFF,OFF,OFF,OFF,OFF,OFF,OFF,Avail,Incmpl
1380,Incmpl,Enable,Avail,487.900,330.300,487.900,330.300,ON,Avail,Compl,Enable,75,0,0,0,0,0,0,6,A,0,0,Avail,Incmpl
1381,Incmpl,Enable,OFF,OFF,773,1033.500,51199.219,51199.219,51199.219,51199.219,51199.219,51199.219,1GRFE ,48.235,Avail,Incmpl,Incmpl,Enable,7.996,ON,OFF,OFF,OFF,ON
1382,ON,Avail,Compl,Enable,Compl,CL,CL,Compl,Unable,Not Avl,Compl,Compl,Enable,OFF,0,15.500,22,ON,13.750,15,0.103,2319,17,21
1383,-3,OFF,0,4.688,5.760,OFF,0,0,68,Avail,Compl,Enable,0,GRN2#  ,2011,ON,0,ACTIVE,ACTIVE,0.967,0.957,0.680,0.760,53.496
1384,57.387,Avail,Compl,Avail,Incmpl,Incmpl,Enable,OBD II (California ARB),OFF,OFF,43.890,-0.055,OFF,0,OFF,1st,OFF,OFF,OFF,OFF,OFF,OFF,-0.781,0
1385,0,0,0,0,0,0,0,0,0,0,0,0,0,0,0,0,0,0,0,0,0,0,0,0
1386,0,0,0,0,0,0,0,0,0,0,0,0,0,0,0,0,0,0,0,0,0,0,0,0
1387,0,14.160,Not Avl,Compl,Compl,Unable,ON,Not Avl,Compl,Compl,Unable,OFF,38.281,35.938,28.750,28.750,19.531,39.551,15.686,31.765,0.781,1.582,ON,0
1388,OFF,ON,ON,1.004,0.999,-0.027,-0.066,3.230,3.171,0,97,51199.219,13.906,23.137,OFF,OFF,OFF,OFF,OFF,OFF,OFF,OFF,Avail,Incmpl
1389,Incmpl,Enable,Avail,487.900,330.300,487.900,330.300,ON,Avail,Compl,Enable,75,0,0,0,0,0,0,6,A,0,0,Avail,Incmpl
1390,Incmpl,Enable,OFF,OFF,773,1033.500,51199.219,51199.219,51199.219,51199.219,51199.219,51199.219,1GRFE ,48.235,Avail,Incmpl,Incmpl,Enable,7.996,ON,OFF,OFF,OFF,ON
1391,ON,Avail,Compl,Enable,Compl,CL,CL,Compl,Unable,Not Avl,Compl,Compl,Enable,OFF,0,15.500,22,ON,13.750,15,0.103,2319,17,21
1392,-3,OFF,0,4.688,5.760,OFF,0,0,68,Avail,Compl,Enable,0,GRN2#  ,2011,ON,0,ACTIVE,ACTIVE,0.967,0.957,0.680,0.760,53.496
1393,57.387,Avail,Compl,Avail,Incmpl,Incmpl,Enable,OBD II (California ARB),OFF,OFF,43.890,-0.055,OFF,0,OFF,1st,OFF,OFF,OFF,OFF,OFF,OFF,-0.781,0
1394,0,0,0,0,0,0,0,0,0,0,0,0,0,0,0,0,0,0,0,0,0,0,0,0
1395,0,0,0,0,0,0,0,0,0,0,0,0,0,0,0,0,0,0,0,0,0,0,0,0
1396,0,14.160,Not Avl,Compl,Compl,Unable,ON,Not Avl,Compl,Compl,Unable,OFF,38.281,35.938,28.750,28.750,19.531,39.551,15.686,31.765,0.781,1.582,ON,0
1397,OFF,ON,ON,1.004,0.999,-0.027,-0.066,3.230,3.171,0,97,51199.219,13.906,23.137,OFF,OFF,OFF,OFF,OFF,OFF,OFF,OFF,Avail,Incmpl
1398,Incmpl,Enable,Avail,487.900,330.300,487.900,330.300,ON,Avail,Compl,Enable,75,0,0,0,0,0,0,6,A,0,0,Avail,Incmpl
1399,Incmpl,Enable,OFF,OFF,773,1033.500,51199.219,51199.219,51199.219,51199.219,51199.219,51199.219,1GRFE ,48.235,Avail,Incmpl,Incmpl,Enable,7.996,ON,OFF,OFF,OFF,ON
1400,ON,Avail,Compl,Enable,Compl,CL,CL,Compl,Unable,Not Avl,Compl,Compl,Enable,OFF,0,15.500,22,ON,13.750,15,0.103,2319,17,21
1401,-3,OFF,0,4.688,5.760,OFF,0,0,68,Avail,Compl,Enable,0,GRN2#  ,2011,ON,0,ACTIVE,ACTIVE,0.967,0.957,0.680,0.760,53.496
1402,57.387,Avail,Compl,Avail,Incmpl,Incmpl,Enable,OBD II (California ARB),OFF,OFF,43.890,-0.055,OFF,0,OFF,1st,OFF,OFF,OFF,OFF,OFF,OFF,-0.781,0
1403,ON,0,0,0,0,0,0,0,0,0,0,0,0,0,0,0,0,0,0,0,0,0,0,0
1404,0,0,0,0,0,0,0,0,0,0,0,0,0,0,0,0,0,0,0,0,0,0,0,0
1405,0,14.160,Not Avl,Compl,Compl,Unable,ON,Not Avl,Compl,Compl,Unable,OFF,38.281,35.938,28.750,28.750,19.531,39.551,15.686,31.765,0.781,1.582,ON,0
1406,OFF,ON,ON,1.004,0.999,-0.027,-0.066,3.230,3.171,0,97,51199.219,13.906,23.137,OFF,OFF,OFF,OFF,OFF,OFF,OFF,OFF,Avail,Incmpl
1407,Incmpl,Enable,Avail,487.900,330.300,487.900,330.300,ON,Avail,Compl,Enable,75,0,0,0,0,0,0,6,A,0,0,Avail,Incmpl
1408,Incmpl,Enable,OFF,OFF,773,1033.500,51199.219,51199.219,51199.219,51199.219,51199.219,51199.219,1GRFE ,48.235,Avail,Incmpl,Incmpl,Enable,7.996,ON,OFF,OFF,OFF,ON
1409,ON,Avail,Compl,Enable,Compl,CL,CL,Compl,Unable,Not Avl,Compl,Compl,Enable,OFF,0,15.500,22,ON,13.750,15,0.103,2319,17,21
1410,-3,OFF,0,4.688,5.760,OFF,0,0,68,Avail,Compl,Enable,0,GRN2#  ,2011,ON,0,ACTIVE,ACTIVE,0.967,0.957,0.680,0.760,53.496
1411,57.387,Avail,Compl,Avail,Incmpl,Incmpl,Enable,OBD II (California ARB),OFF,OFF,43.890,-0.055,OFF,0,OFF,1st,OFF,OFF,OFF,OFF,OFF,OFF,-0.781,0
1412,ON,OFF,0,0,0,0,0,0,0,0,0,0,0,0,0,0,0,0,0,0,0,0,0,0
1413,0,0,0,0,0,0,0,0,0,0,0,0,0,0,0,0,0,0,0,0,0,0,0,0
1414,0,14.160,Not Avl,Compl,Compl,Unable,ON,Not Avl,Compl,Compl,Unable,OFF,38.281,35.938,28.750,28.750,19.531,39.551,15.686,31.765,0.781,1.582,ON,0
1415,OFF,ON,ON,1.004,0.999,-0.027,-0.066,3.230,3.171,0,97,51199.219,13.906,23.137,OFF,OFF,OFF,OFF,OFF,OFF,OFF,OFF,Avail,Incmpl
1416,Incmpl,Enable,Avail,487.900,330.300,487.900,330.300,ON,Avail,Compl,Enable,75,0,0,0,0,0,0,6,A,0,0,Avail,Incmpl
1417,Incmpl,Enable,OFF,OFF,773,1033.500,51199.219,51199.219,51199.219,51199.219,51199.219,51199.219,1GRFE ,48.235,Avail,Incmpl,Incmpl,Enable,7.996,ON,OFF,OFF,OFF,ON
1418,ON,Avail,Compl,Enable,Compl,CL,CL,Compl,Unable,Not Avl,Compl,Compl,Enable,OFF,0,15.500,22,ON,13.750,15,0.103,2319,17,21
1419,-3,OFF,0,4.688,5.760,OFF,0,0,68,Avail,Compl,Enable,0,GRN2#  ,2011,ON,0,ACTIVE,ACTIVE,0.967,0.957,0.680,0.760,53.496
1420,57.387,Avail,Compl,Avail,Incmpl,Incmpl,Enable,OBD II (California ARB),OFF,OFF,43.890,-0.055,OFF,0,OFF,1st,OFF,OFF,OFF,OFF,OFF,OFF,-0.781,0
1421,ON,OFF,1000,0,0,0,0,0,0,0,0,0,0,0,0,0,0,0,0,0,0,0,0,0
1422,0,0,0,0,0,0,0,0,0,0,0,0,0,0,0,0,0,0,0,0,0,0,0,0
1423,0,14.160,Not Avl,Compl,Compl,Unable,ON,Not Avl,Compl,Compl,Unable,OFF,38.281,35.938,28.750,28.750,19.531,39.551,15.686,31.765,0.781,1.582,ON,0
1424,OFF,ON,ON,1.004,0.999,-0.027,-0.066,3.230,3.171,0,97,51199.219,13.906,23.137,OFF,OFF,OFF,OFF,OFF,OFF,OFF,OFF,Avail,Incmpl
1425,Incmpl,Enable,Avail,487.900,330.300,487.900,330.300,ON,Avail,Compl,Enable,75,0,0,0,0,0,0,6,A,0,0,Avail,Incmpl
1426,Incmpl,Enable,OFF,OFF,773,1033.500,51199.219,51199.219,51199.219,51199.219,51199.219,51199.219,1GRFE ,48.235,Avail,Incmpl,Incmpl,Enable,7.996,ON,OFF,OFF,OFF,ON
1427,ON,Avail,Compl,Enable,Compl,CL,CL,Compl,Unable,Not Avl,Compl,Compl,Enable,OFF,0,15.500,22,ON,13.750,15,0.103,2319,17,21
1428,-3,OFF,0,4.688,5.760,OFF,0,0,68,Avail,Compl,Enable,0,GRN2#  ,2011,ON,0,ACTIVE,ACTIVE,0.967,0.957,0.680,0.760,53.496
1429,57.387,Avail,Compl,Avail,Incmpl,Incmpl,Enable,OBD II (California ARB),OFF,OFF,43.890,-0.055,OFF,0,OFF,1st,OFF,OFF,OFF,OFF,OFF,OFF,-0.781,0
1430,ON,OFF,1000,0,0,0,0,0,0,0,0,0,0,0,0,0,0,0,0,0,0,0,0,0
1431,0,0,0,0,0,0,0,0,0,0,0,0,0,0,0,0,0,0,0,0,0,0,0,0
1432,0,14.160,Not Avl,Compl,Compl,Unable,ON,Not Avl,Compl,Compl,Unable,OFF,38.281,35.938,28.750,28.750,19.531,39.551,15.686,31.765,0.781,1.582,ON,0
1433,OFF,ON,ON,1.004,0.999,-0.027,-0.066,3.230,3.171,0,97,51199.219,13.906,23.137,OFF,OFF,OFF,OFF,OFF,OFF,OFF,OFF,Avail,Incmpl
1434,Incmpl,Enable,Avail,487.900,330.300,487.900,330.300,ON,Avail,Compl,Enable,75,0,0,0,0,0,0,6,A,0,0,Avail,Incmpl
1435,Incmpl,Enable,OFF,OFF,773,1033.500,51199.219,51199.219,51199.219,51199.219,51199.219,51199.219,1GRFE ,48.235,Avail,Incmpl,Incmpl,Enable,7.996,ON,OFF,OFF,OFF,ON
1436,ON,Avail,Compl,Enable,Compl,CL,CL,Compl,Unable,Not Avl,Compl,Compl,Enable,OFF,0,15.500,22,ON,13.750,15,0.103,2319,17,21
1437,-3,OFF,0,4.688,5.760,OFF,0,0,68,Avail,Compl,Enable,0,GRN2#  ,2011,ON,0,ACTIVE,ACTIVE,0.967,0.957,0.680,0.760,53.496
1438,57.387,Avail,Compl,Avail,Incmpl,Incmpl,Enable,OBD II (California ARB),OFF,OFF,43.890,-0.055,OFF,0,OFF,1st,OFF,OFF,OFF,OFF,OFF,OFF,-0.781,0
1439,ON,OFF,1000,0,OFF,0,0,0,0,0,0,0,0,0,0,0,0,0,0,0,0,0,0,0
1440,0,0,0,0,0,0,0,0,0,0,0,0,0,0,0,0,0,0,0,0,0,0,0,0
1441,0,14.160,Not Avl,Compl,Compl,Unable,ON,Not Avl,Compl,Compl,Unable,OFF,38.281,35.938,28.750,28.750,19.531,39.551,15.686,31.765,0.781,1.582,ON,0
1442,OFF,ON,ON,1.004,0.999,-0.027,-0.066,3.230,3.171,0,97,51199.219,13.906,23.137,OFF,OFF,OFF,OFF,OFF,OFF,OFF,OFF,Avail,Incmpl
1443,Incmpl,Enable,Avail,487.900,330.300,487.900,330.300,ON,Avail,Compl,Enable,75,0,0,0,0,0,0,6,A,0,0,Avail,Incmpl
1444,Incmpl,Enable,OFF,OFF,773,1033.500,51199.219,51199.219,51199.219,51199.219,51199.219,51199.219,1GRFE ,48.235,Avail,Incmpl,Incmpl,Enable,7.996,ON,OFF,OFF,OFF,ON
1445,ON,Avail,Compl,Enable,Compl,CL,CL,Compl,Unable,Not Avl,Compl,Compl,Enable,OFF,0,15.500,22,ON,13.750,15,0.103,2319,17,21
1446,-3,OFF,0,4.688,5.760,OFF,0,0,68,Avail,Compl,Enable,0,GRN2#  ,2011,ON,0,ACTIVE,ACTIVE,0.967,0.957,0.680,0.760,53.496
1447,57.387,Avail,Compl,Avail,Incmpl,Incmpl,Enable,OBD II (California ARB),OFF,OFF,43.890,-0.055,OFF,0,OFF,1st,OFF,OFF,OFF,OFF,OFF,OFF,-0.781,0
1448,ON,OFF,1000,0,OFF,OFF,0,0,0,0,0,0,0,0,0,0,0,0,0,0,0,0,0,0
1449,0,0,0,0,0,0,0,0,0,0,0,0,0,0,0,0,0,0,0,0,0,0,0,0
1450,0,14.160,Not Avl,Compl,Compl,Unable,ON,Not Avl,Compl,Compl,Unable,OFF,38.281,35.938,28.750,28.750,19.531,39.551,15.686,31.765,0.781,1.582,ON,0
1451,OFF,ON,ON,1.004,0.999,-0.027,-0.066,3.230,3.171,0,97,51199.219,13.906,23.137,OFF,OFF,OFF,OFF,OFF,OFF,OFF,OFF,Avail,Incmpl
1452,Incmpl,Enable,Avail,487.900,330.300,487.900,330.300,ON,Avail,Compl,Enable,75,0,0,0,0,0,0,6,A,0,0,Avail,Incmpl
1453,Incmpl,Enable,OFF,OFF,773,1033.500,51199.219,51199.219,51199.219,51199.219,51199.219,51199.219,1GRFE ,48.235,Avail,Incmpl,Incmpl,Enable,7.996,ON,OFF,OFF,OFF,ON
1454,ON,Avail,Compl,Enable,Compl,CL,CL,Compl,Unable,Not Avl,Compl,Compl,Enable,OFF,0,15.500,22,ON,13.750,15,0.103,2319,17,21
1455,-3,OFF,0,4.688,5.760,OFF,0,0,68,Avail,Compl,Enable,0,GRN2#  ,2011,ON,0,ACTIVE,ACTIVE,0.967,0.957,0.680,0.760,53.496
1456,57.387,Avail,Compl,Avail,Incmpl,Incmpl,Enable,OBD II (California ARB),OFF,OFF,43.890,-0.055,OFF,0,OFF,1st,OFF,OFF,OFF,OFF,OFF,OFF,-0.781,0
1457,ON,OFF,1000,0,OFF,OFF,OFF,0,0,0,0,0,0,0,0,0,0,0,0,0,0,0,0,0
1458,0,0,0,0,0,0,0,0,0,0,0,0,0,0,0,0,0,0,0,0,0,0,0,0
1459,0,14.160,Not Avl,Compl,Compl,Unable,ON,Not Avl,Compl,Compl,Unable,OFF,38.281,35.938,28.750,28.750,19.531,39.551,15.686,31.765,0.781,1.582,ON,0
1460,OFF,ON,ON,1.004,0.999,-0.027,-0.066,3.230,3.171,0,97,51199.219,13.906,23.137,OFF,OFF,OFF,OFF,OFF,OFF,OFF,OFF,Avail,Incmpl
1461,Incmpl,Enable,Avail,487.900,330.300,487.900,330.300,ON,Avail,Compl,Enable,75,0,0,0,0,0,0,6,A,0,0,Avail,Incmpl
1462,Incmpl,Enable,OFF,OFF,773,1033.500,51199.219,51199.219,51199.219,51199.219,51199.219,51199.219,1GRFE ,48.235,Avail,Incmpl,Incmpl,Enable,7.996,ON,OFF,OFF,OFF,ON
1463,ON,Avail,Compl,Enable,Compl,CL,CL,Compl,Unable,Not Avl,Compl,Compl,Enable,OFF,0,15.500,22,ON,13.750,15,0.103,2319,17,21
1464,-3,OFF,0,4.688,5.760,OFF,0,0,68,Avail,Compl,Enable,0,GRN2#  ,2011,ON,0,ACTIVE,ACTIVE,0.967,0.957,0.680,0.760,53.496
1465,57.387,Avail,Compl,Avail,Incmpl,Incmpl,Enable,OBD II (California ARB),OFF,OFF,43.890,-0.055,OFF,0,OFF,1st,OFF,OFF,OFF,OFF,OFF,OFF,-0.781,0
1466,ON,OFF,1000,0,OFF,OFF,OFF,ON,0,0,0,0,0,0,0,0,0,0,0,0,0,0,0,0
1467,0,0,0,0,0,0,0,0,0,0,0,0,0,0,0,0,0,0,0,0,0,0,0,0
1468,0,14.160,Not Avl,Compl,Compl,Unable,ON,Not Avl,Compl,Compl,Unable,OFF,38.281,35.938,28.750,28.750,19.531,39.551,15.686,31.765,0.781,1.582,ON,0
1469,OFF,ON,ON,1.004,0.999,-0.027,-0.066,3.230,3.171,0,97,51199.219,13.906,23.137,OFF,OFF,OFF,OFF,OFF,OFF,OFF,OFF,Avail,Incmpl
1470,Incmpl,Enable,Avail,487.900,330.300,487.900,330.300,ON,Avail,Compl,Enable,75,0,0,0,0,0,0,6,A,0,0,Avail,Incmpl
1471,Incmpl,Enable,OFF,OFF,773,1033.500,51199.219,51199.219,51199.219,51199.219,51199.219,51199.219,1GRFE ,48.235,Avail,Incmpl,Incmpl,Enable,7.996,ON,OFF,OFF,OFF,ON
1472,ON,Avail,Compl,Enable,Compl,CL,CL,Compl,Unable,Not Avl,Compl,Compl,Enable,OFF,0,15.500,22,ON,13.750,15,0.103,2319,17,21
1473,-3,OFF,0,4.688,5.760,OFF,0,0,68,Avail,Compl,Enable,0,GRN2#  ,2011,ON,0,ACTIVE,ACTIVE,0.967,0.957,0.680,0.760,53.496
1474,57.387,Avail,Compl,Avail,Incmpl,Incmpl,Enable,OBD II (California ARB),OFF,OFF,43.890,-0.055,OFF,0,OFF,1st,OFF,OFF,OFF,OFF,OFF,OFF,-0.781,0
1475,ON,OFF,1000,0,OFF,OFF,OFF,ON,Gasoline,0,0,0,0,0,0,0,0,0,0,0,0,0,0,0
1476,0,0,0,0,0,0,0,0,0,0,0,0,0,0,0,0,0,0,0,0,0,0,0,0
1477,0,14.160,Not Avl,Compl,Compl,Unable,ON,Not Avl,Compl,Compl,Unable,OFF,38.281,35.938,28.750,28.750,19.531,39.551,15.686,31.765,0.781,1.582,ON,0
1478,OFF,ON,ON,1.004,0.999,-0.027,-0.066,3.230,3.171,0,97,51199.219,13.906,23.137,OFF,OFF,OFF,OFF,OFF,OFF,OFF,OFF,Avail,Incmpl
1479,Incmpl,Enable,Avail,487.900,330.300,487.900,330.300,ON,Avail,Compl,Enable,75,0,0,0,0,0,0,6,A,0,0,Avail,Incmpl
1480,Incmpl,Enable,OFF,OFF,773,1033.500,51199.219,51199.219,51199.219,51199.219,51199.219,51199.219,1GRFE ,48.235,Avail,Incmpl,Incmpl,Enable,7.996,ON,OFF,OFF,OFF,ON
1481,ON,Avail,Compl,Enable,Compl,CL,CL,Compl,Unable,Not Avl,Compl,Compl,Enable,OFF,0,15.500,22,ON,13.750,15,0.103,2319,17,21
1482,-3,OFF,0,4.688,5.760,OFF,0,0,68,Avail,Compl,Enable,0,GRN2#  ,2011,ON,0,ACTIVE,ACTIVE,0.967,0.957,0.680,0.760,53.496
1483,57.387,Avail,Compl,Avail,Incmpl,Incmpl,Enable,OBD II (California ARB),OFF,OFF,43.890,-0.055,OFF,0,OFF,1st,OFF,OFF,OFF,OFF,OFF,OFF,-0.781,0
1484,ON,OFF,1000,0,OFF,OFF,OFF,ON,Gasoline,0.998,0,0,0,0,0,0,0,0,0,0,0,0,0,0
1485,0,0,0,0,0,0,0,0,0,0,0,0,0,0,0,0,0,0,0,0,0,0,0,0
1486,0,14.160,Not Avl,Compl,Compl,Unable,ON,Not Avl,Compl,Compl,Unable,OFF,38.281,35.938,28.750,28.750,19.531,39.551,15.686,31.765,0.781,1.582,ON,0
1487,OFF,ON,ON,1.004,0.999,-0.027,-0.066,3.230,3.171,0,97,51199.219,13.906,23.137,OFF,OFF,OFF,OFF,OFF,OFF,OFF,OFF,Avail,Incmpl
1488,Incmpl,Enable,Avail,487.900,330.300,487.900,330.300,ON,Avail,Compl,Enable,75,0,0,0,0,0,0,6,A,0,0,Avail,Incmpl
1489,Incmpl,Enable,OFF,OFF,773,1033.500,51199.219,51199.219,51199.219,51199.219,51199.219,51199.219,1GRFE ,48.235,Avail,Incmpl,Incmpl,Enable,7.996,ON,OFF,OFF,OFF,ON
1490,ON,Avail,Compl,Enable,Compl,CL,CL,Compl,Unable,Not Avl,Compl,Compl,Enable,OFF,0,15.500,22,ON,13.750,15,0.103,2319,17,21
1491,-3,OFF,0,4.688,5.760,OFF,0,0,68,Avail,Compl,Enable,0,GRN2#  ,2011,ON,0,ACTIVE,ACTIVE,0.967,0.957,0.680,0.760,53.496
1492,57.387,Avail,Compl,Avail,Incmpl,Incmpl,Enable,OBD II (California ARB),OFF,OFF,43.890,-0.055,OFF,0,OFF,1st,OFF,OFF,OFF,OFF,OFF,OFF,-0.781,0
1493,ON,OFF,1000,0,OFF,OFF,OFF,ON,Gasoline,0.998,OFF,0,0,0,0,0,0,0,0,0,0,0,0,0
1494,0,0,0,0,0,0,0,0,0,0,0,0,0,0,0,0,0,0,0,0,0,0,0,0
1495,0,14.160,Not Avl,Compl,Compl,Unable,ON,Not Avl,Compl,Compl,Unable,OFF,38.281,35.938,28.750,28.750,19.531,39.551,15.686,31.765,0.781,1.582,ON,0
1496,OFF,ON,ON,1.004,0.999,-0.027,-0.066,3.230,3.171,0,97,51199.219,13.906,23.137,OFF,OFF,OFF,OFF,OFF,OFF,OFF,OFF,Avail,Incmpl
1497,Incmpl,Enable,Avail,487.900,330.300,487.900,330.300,ON,Avail,Compl,Enable,75,0,0,0,0,0,0,6,A,0,0,Avail,Incmpl
1498,Incmpl,Enable,OFF,OFF,773,1033.500,51199.219,51199.219,51199.219,51199.219,51199.219,51199.219,1GRFE ,48.235,Avail,Incmpl,Incmpl,Enable,7.996,ON,OFF,OFF,OFF,ON
1499,ON,Avail,Compl,Enable,Compl,CL,CL,Compl,Unable,Not Avl,Compl,Compl,Enable,OFF,0,15.500,22,ON,13.750,15,0.103,2319,17,21
1500,-3,OFF,0,4.688,5.760,OFF,0,0,68,Avail,Compl,Enable,0,GRN2#  ,2011,ON,0,ACTIVE,ACTIVE,0.967,0.957,0.680,0.760,53.496
1501,57.387,Avail,Compl,Avail,Incmpl,Incmpl,Enable,OBD II (California ARB),OFF,OFF,43.890,-0.055,OFF,0,OFF,1st,OFF,OFF,OFF,OFF,OFF,OFF,-0.781,0
1502,ON,OFF,1000,0,OFF,OFF,OFF,ON,Gasoline,0.998,OFF,OFF,0,0,0,0,0,0,0,0,0,0,0,0
1503,0,0,0,0,0,0,0,0,0,0,0,0,0,0,0,0,0,0,0,0,0,0,0,0
1504,0,14.160,Not Avl,Compl,Compl,Unable,ON,Not Avl,Compl,Compl,Unable,OFF,38.281,35.938,28.750,28.750,19.531,39.551,15.686,31.765,0.781,1.582,ON,0
1505,OFF,ON,ON,1.004,0.999,-0.027,-0.066,3.230,3.171,0,97,51199.219,13.906,23.137,OFF,OFF,OFF,OFF,OFF,OFF,OFF,OFF,Avail,Incmpl
1506,Incmpl,Enable,Avail,487.900,330.300,487.900,330.300,ON,Avail,Compl,Enable,75,0,0,0,0,0,0,6,A,0,0,Avail,Incmpl
1507,Incmpl,Enable,OFF,OFF,773,1033.500,51199.219,51199.219,51199.219,51199.219,51199.219,51199.219,1GRFE ,48.235,Avail,Incmpl,Incmpl,Enable,7.996,ON,OFF,OFF,OFF,ON
1508,ON,Avail,Compl,Enable,Compl,CL,CL,Compl,Unable,Not Avl,Compl,Compl,Enable,OFF,0,15.500,22,ON,13.750,15,0.103,2319,17,21
1509,-3,OFF,0,4.688,5.760,OFF,0,0,68,Avail,Compl,Enable,0,GRN2#  ,2011,ON,0,ACTIVE,ACTIVE,0.967,0.957,0.680,0.760,53.496
1510,57.387,Avail,Compl,Avail,Incmpl,Incmpl,Enable,OBD II (California ARB),OFF,OFF,43.890,-0.055,OFF,0,OFF,1st,OFF,OFF,OFF,OFF,OFF,OFF,-0.781,0
1511,ON,OFF,1000,0,OFF,OFF,OFF,ON,Gasoline,0.998,OFF,OFF,0.684,0,0,0,0,0,0,0,0,0,0,0
1512,0,0,0,0,0,0,0,0,0,0,0,0,0,0,0,0,0,0,0,0,0,0,0,0
1513,0,14.160,Not Avl,Compl,Compl,Unable,ON,Not Avl,Compl,Compl,Unable,OFF,38.281,35.938,28.750,28.750,19.531,39.551,15.686,31.765,0.781,1.582,ON,0
1514,OFF,ON,ON,1.004,0.999,-0.027,-0.066,3.230,3.171,0,97,51199.219,13.906,23.137,OFF,OFF,OFF,OFF,OFF,OFF,OFF,OFF,Avail,Incmpl
1515,Incmpl,Enable,Avail,487.900,330.300,487.900,330.300,ON,Avail,Compl,Enable,75,0,0,0,0,0,0,6,A,0,0,Avail,Incmpl
1516,Incmpl,Enable,OFF,OFF,773,1033.500,51199.219,51199.219,51199.219,51199.219,51199.219,51199.219,1GRFE ,48.235,Avail,Incmpl,Incmpl,Enable,7.996,ON,OFF,OFF,OFF,ON
1517,ON,Avail,Compl,Enable,Compl,CL,CL,Compl,Unable,Not Avl,Compl,Compl,Enable,OFF,0,15.500,22,ON,13.750,15,0.103,2319,17,21
1518,-3,OFF,0,4.688,5.760,OFF,0,0,68,Avail,Compl,Enable,0,GRN2#  ,2011,ON,0,ACTIVE,ACTIVE,0.967,0.957,0.680,0.760,53.496
1519,57.387,Avail,Compl,Avail,Incmpl,Incmpl,Enable,OBD II (California ARB),OFF,OFF,43.890,-0.055,OFF,0,OFF,1st,OFF,OFF,OFF,OFF,OFF,OFF,-0.781,0
1520,ON,OFF,1000,0,OFF,OFF,OFF,ON,Gasoline,0.998,OFF,OFF,0.684,ON,0,0,0,0,0,0,0,0,0,0
1521,0,0,0,0,0,0,0,0,0,0,0,0,0,0,0,0,0,0,0,0,0,0,0,0
1522,0,14.160,Not Avl,Compl,Compl,Unable,ON,Not Avl,Compl,Compl,Unable,OFF,38.281,35.938,28.750,28.750,19.531,39.551,15.686,31.765,0.781,1.582,ON,0
1523,OFF,ON,ON,1.004,0.999,-0.027,-0.066,3.230,3.171,0,97,51199.219,13.906,23.137,OFF,OFF,OFF,OFF,OFF,OFF,OFF,OFF,Avail,Incmpl
1524,Incmpl,Enable,Avail,487.900,330.300,487.900,330.300,ON,Avail,Compl,Enable,75,0,0,0,0,0,0,6,A,0,0,Avail,Incmpl
1525,Incmpl,Enable,OFF,OFF,773,1033.500,51199.219,51199.219,51199.219,51199.219,51199.219,51199.219,1GRFE ,48.235,Avail,Incmpl,Incmpl,Enable,7.996,ON,OFF,OFF,OFF,ON
1526,ON,Avail,Compl,Enable,Compl,CL,CL,Compl,Unable,Not Avl,Compl,Compl,Enable,OFF,0,15.500,22,ON,13.750,15,0.103,2319,17,21
1527,-3,OFF,0,4.688,5.760,OFF,0,0,68,Avail,Compl,Enable,0,GRN2#  ,2011,ON,0,ACTIVE,ACTIVE,0.967,0.957,0.680,0.760,53.496
1528,57.387,Avail,Compl,Avail,Incmpl,Incmpl,Enable,OBD II (California ARB),OFF,OFF,43.890,-0.055,OFF,0,OFF,1st,OFF,OFF,OFF,OFF,OFF,OFF,-0.781,0
1529,ON,OFF,1000,0,OFF,OFF,OFF,ON,Gasoline,0.998,OFF,OFF,0.684,ON,1.328,0,0,0,0,0,0,0,0,0
1530,0,0,0,0,0,0,0,0,0,0,0,0,0,0,0,0,0,0,0,0,0,0,0,0
1531,0,14.160,Not Avl,Compl,Compl,Unable,ON,Not Avl,Compl,Compl,Unable,OFF,38.281,35.938,28.750,28.750,19.531,39.551,15.686,31.765,0.781,1.582,ON,0
1532,OFF,ON,ON,1.004,0.999,-0.027,-0.066,3.230,3.171,0,97,51199.219,13.906,23.137,OFF,OFF,OFF,OFF,OFF,OFF,OFF,OFF,Avail,Incmpl
1533,Incmpl,Enable,Avail,487.900,330.300,487.900,330.300,ON,Avail,Compl,Enable,75,0,0,0,0,0,0,6,A,0,0,Avail,Incmpl
1534,Incmpl,Enable,OFF,OFF,773,1033.500,51199.219,51199.219,51199.219,51199.219,51199.219,51199.219,1GRFE ,48.235,Avail,Incmpl,Incmpl,Enable,7.996,ON,OFF,OFF,OFF,ON
1535,ON,Avail,Compl,Enable,Compl,CL,CL,Compl,Unable,Not Avl,Compl,Compl,Enable,OFF,0,15.500,22,ON,13.750,15,0.103,2319,17,21
1536,-3,OFF,0,4.688,5.760,OFF,0,0,68,Avail,Compl,Enable,0,GRN2#  ,2011,ON,0,ACTIVE,ACTIVE,0.967,0.957,0.680,0.760,53.496
1537,57.387,Avail,Compl,Avail,Incmpl,Incmpl,Enable,OBD II (California ARB),OFF,OFF,43.890,-0.055,OFF,0,OFF,1st,OFF,OFF,OFF,OFF,OFF,OFF,-0.781,0
1538,ON,OFF,1000,0,OFF,OFF,OFF,ON,Gasoline,0.998,OFF,OFF,0.684,ON,1.328,16.078,0,0,0,0,0,0,0,0
1539,0,0,0,0,0,0,0,0,0,0,0,0,0,0,0,0,0,0,0,0,0,0,0,0
1540,0,14.160,Not Avl,Compl,Compl,Unable,ON,Not Avl,Compl,Compl,Unable,OFF,38.281,35.938,28.750,28.750,19.531,39.551,15.686,31.765,0.781,1.582,ON,0
1541,OFF,ON,ON,1.004,0.999,-0.027,-0.066,3.230,3.171,0,97,51199.219,13.906,23.137,OFF,OFF,OFF,OFF,OFF,OFF,OFF,OFF,Avail,Incmpl
1542,Incmpl,Enable,Avail,487.900,330.300,487.900,330.300,ON,Avail,Compl,Enable,75,0,0,0,0,0,0,6,A,0,0,Avail,Incmpl
1543,Incmpl,Enable,OFF,OFF,773,1033.500,51199.219,51199.219,51199.219,51199.219,51199.219,51199.219,1GRFE ,48.235,Avail,Incmpl,Incmpl,Enable,7.996,ON,OFF,OFF,OFF,ON
1544,ON,Avail,Compl,Enable,Compl,CL,CL,Compl,Unable,Not Avl,Compl,Compl,Enable,OFF,0,15.500,22,ON,13.750,15,0.103,2319,17,21
1545,-3,OFF,0,4.688,5.760,OFF,0,0,68,Avail,Compl,Enable,0,GRN2#  ,2011,ON,0,ACTIVE,ACTIVE,0.967,0.957,0.680,0.760,53.496
1546,57.387,Avail,Compl,Avail,Incmpl,Incmpl,Enable,OBD II (California ARB),OFF,OFF,43.890,-0.055,OFF,0,OFF,1st,OFF,OFF,OFF,OFF,OFF,OFF,-0.781,0
1547,ON,OFF,1000,0,OFF,OFF,OFF,ON,Gasoline,0.998,OFF,OFF,0.684,ON,1.328,16.078,20,0,0,0,0,0,0,0
1548,0,0,0,0,0,0,0,0,0,0,0,0,0,0,0,0,0,0,0,0,0,0,0,0
1549,0,14.160,Not Avl,Compl,Compl,Unable,ON,Not Avl,Compl,Compl,Unable,OFF,38.281,35.938,28.750,28.750,19.531,39.551,15.686,31.765,0.781,1.582,ON,0
1550,OFF,ON,ON,1.004,0.999,-0.027,-0.066,3.230,3.171,0,97,51199.219,13.906,23.137,OFF,OFF,OFF,OFF,OFF,OFF,OFF,OFF,Avail,Incmpl
1551,Incmpl,Enable,Avail,487.900,330.300,487.900,330.300,ON,Avail,Compl,Enable,75,0,0,0,0,0,0,6,A,0,0,Avail,Incmpl
1552,Incmpl,Enable,OFF,OFF,773,1033.500,51199.219,51199.219,51199.219,51199.219,51199.219,51199.219,1GRFE ,48.235,Avail,Incmpl,Incmpl,Enable,7.996,ON,OFF,OFF,OFF,ON
1553,ON,Avail,Compl,Enable,Compl,CL,CL,Compl,Unable,Not Avl,Compl,Compl,Enable,OFF,0,15.500,22,ON,13.750,15,0.103,2319,17,21
1554,-3,OFF,0,4.688,5.760,OFF,0,0,68,Avail,Compl,Enable,0,GRN2#  ,2011,ON,0,ACTIVE,ACTIVE,0.967,0.957,0.680,0.760,53.496
1555,57.387,Avail,Compl,Avail,Incmpl,Incmpl,Enable,OBD II (California ARB),OFF,OFF,43.890,-0.055,OFF,0,OFF,1st,OFF,OFF,OFF,OFF,OFF,OFF,-0.781,0
1556,ON,OFF,1000,0,OFF,OFF,OFF,ON,Gasoline,0.998,OFF,OFF,0.684,ON,1.328,16.078,20,0,0,0,0,0,0,0
1557,0,0,0,0,0,0,0,0,0,0,0,0,0,0,0,0,0,0,0,0,0,0,0,0
1558,0,14.160,Not Avl,Compl,Compl,Unable,ON,Not Avl,Compl,Compl,Unable,OFF,38.281,35.938,28.750,28.750,19.531,39.551,15.686,31.765,0.781,1.582,ON,0
1559,OFF,ON,ON,1.004,0.999,-0.027,-0.066,3.230,3.171,0,97,51199.219,13.906,23.137,OFF,OFF,OFF,OFF,OFF,OFF,OFF,OFF,Avail,Incmpl
1560,Incmpl,Enable,Avail,487.900,330.300,487.900,330.300,ON,Avail,Compl,Enable,75,0,0,0,0,0,0,6,A,0,0,Avail,Incmpl
1561,Incmpl,Enable,OFF,OFF,773,1033.500,51199.219,51199.219,51199.219,51199.219,51199.219,51199.219,1GRFE ,48.235,Avail,Incmpl,Incmpl,Enable,7.996,ON,OFF,OFF,OFF,ON
1562,ON,Avail,Compl,Enable,Compl,CL,CL,Compl,Unable,Not Avl,Compl,Compl,Enable,OFF,0,15.500,22,ON,13.750,15,0.103,2319,17,21
1563,-3,OFF,0,4.688,5.760,OFF,0,0,68,Avail,Compl,Enable,0,GRN2#  ,2011,ON,0,ACTIVE,ACTIVE,0.967,0.957,0.680,0.760,53.496
1564,57.387,Avail,Compl,Avail,Incmpl,Incmpl,Enable,OBD II (California ARB),OFF,OFF,43.890,-0.055,OFF,0,OFF,1st,OFF,OFF,OFF,OFF,OFF,OFF,-0.781,0
1565,ON,OFF,1000,0,OFF,OFF,OFF,ON,Gasoline,0.998,OFF,OFF,0.684,ON,1.328,16.078,20,0,0.801,0,0,0,0,0
1566,0,0,0,0,0,0,0,0,0,0,0,0,0,0,0,0,0,0,0,0,0,0,0,0
1567,0,14.160,Not Avl,Compl,Compl,Unable,ON,Not Avl,Compl,Compl,Unable,OFF,38.281,35.938,28.750,28.750,19.531,39.551,15.686,31.765,0.781,1.582,ON,0
1568,OFF,ON,ON,1.004,0.999,-0.027,-0.066,3.230,3.171,0,97,51199.219,13.906,23.137,OFF,OFF,OFF,OFF,OFF,OFF,OFF,OFF,Avail,Incmpl
1569,Incmpl,Enable,Avail,487.900,330.300,487.900,330.300,ON,Avail,Compl,Enable,75,0,0,0,0,0,0,6,A,0,0,Avail,Incmpl
1570,Incmpl,Enable,OFF,OFF,773,1033.500,51199.219,51199.219,51199.219,51199.219,51199.219,51199.219,1GRFE ,48.235,Avail,Incmpl,Incmpl,Enable,7.996,ON,OFF,OFF,OFF,ON
1571,ON,Avail,Compl,Enable,Compl,CL,CL,Compl,Unable,Not Avl,Compl,Compl,Enable,OFF,0,15.500,22,ON,13.750,15,0.103,2319,17,21
1572,-3,OFF,0,4.688,5.760,OFF,0,0,68,Avail,Compl,Enable,0,GRN2#  ,2011,ON,0,ACTIVE,ACTIVE,0.967,0.957,0.680,0.760,53.496
1573,57.387,Avail,Compl,Avail,Incmpl,Incmpl,Enable,OBD II (California ARB),OFF,OFF,43.890,-0.055,OFF,0,OFF,1st,OFF,OFF,OFF,OFF,OFF,OFF,-0.781,0
1574,ON,OFF,1000,0,OFF,OFF,OFF,ON,Gasoline,0.998,OFF,OFF,0.684,ON,1.328,16.078,20,0,0.801,0.801,0,0,0,0
1575,0,0,0,0,0,0,0,0,0,0,0,0,0,0,0,0,0,0,0,0,0,0,0,0
1576,0,14.160,Not Avl,Compl,Compl,Unable,ON,Not Avl,Compl,Compl,Unable,OFF,38.281,35.938,28.750,28.750,19.531,39.551,15.686,31.765,0.781,1.582,ON,0
1577,OFF,ON,ON,1.004,0.999,-0.027,-0.066,3.230,3.171,0,97,51199.219,13.906,23.137,OFF,OFF,OFF,OFF,OFF,OFF,OFF,OFF,Avail,Incmpl
1578,Incmpl,Enable,Avail,487.900,330.300,487.900,330.300,ON,Avail,Compl,Enable,75,0,0,0,0,0,0,6,A,0,0,Avail,Incmpl
1579,Incmpl,Enable,OFF,OFF,773,1033.500,51199.219,51199.219,51199.219,51199.219,51199.219,51199.219,1GRFE ,48.235,Avail,Incmpl,Incmpl,Enable,7.996,ON,OFF,OFF,OFF,ON
1580,ON,Avail,Compl,Enable,Compl,CL,CL,Compl,Unable,Not Avl,Compl,Compl,Enable,OFF,0,15.500,22,ON,13.750,15,0.103,2319,17,21
1581,-3,OFF,0,4.688,5.760,OFF,0,0,68,Avail,Compl,Enable,0,GRN2#  ,2011,ON,0,ACTIVE,ACTIVE,0.967,0.957,0.680,0.760,53.496
1582,57.387,Avail,Compl,Avail,Incmpl,Incmpl,Enable,OBD II (California ARB),OFF,OFF,43.890,-0.055,OFF,0,OFF,1st,OFF,OFF,OFF,OFF,OFF,OFF,-0.781,0
1583,ON,OFF,1000,0,OFF,OFF,OFF,ON,Gasoline,0.998,OFF,OFF,0.684,ON,1.328,16.078,20,0,0.801,0.801,2.383,0,0,0
1584,0,0,0,0,0,0,0,0,0,0,0,0,0,0,0,0,0,0,0,0,0,0,0,0
1585,0,14.160,Not Avl,Compl,Compl,Unable,ON,Not Avl,Compl,Compl,Unable,OFF,38.281,35.938,28.750,28.750,19.531,39.551,15.686,31.765,0.781,1.582,ON,0
1586,OFF,ON,ON,1.004,0.999,-0.027,-0.066,3.230,3.171,0,97,51199.219,13.906,23.137,OFF,OFF,OFF,OFF,OFF,OFF,OFF,OFF,Avail,Incmpl
1587,Incmpl,Enable,Avail,487.900,330.300,487.900,330.300,ON,Avail,Compl,Enable,75,0,0,0,0,0,0,6,A,0,0,Avail,Incmpl
1588,Incmpl,Enable,OFF,OFF,773,1033.500,51199.219,51199.219,51199.219,51199.219,51199.219,51199.219,1GRFE ,48.235,Avail,Incmpl,Incmpl,Enable,7.996,ON,OFF,OFF,OFF,ON
1589,ON,Avail,Compl,Enable,Compl,CL,CL,Compl,Unable,Not Avl,Compl,Compl,Enable,OFF,0,15.500,22,ON,13.750,15,0.103,2319,17,21
1590,-3,OFF,0,4.688,5.760,OFF,0,0,68,Avail,Compl,Enable,0,GRN2#  ,2011,ON,0,ACTIVE,ACTIVE,0.967,0.957,0.680,0.760,53.496
1591,57.387,Avail,Compl,Avail,Incmpl,Incmpl,Enable,OBD II (California ARB),OFF,OFF,43.890,-0.055,OFF,0,OFF,1st,OFF,OFF,OFF,OFF,OFF,OFF,-0.781,0
1592,ON,OFF,1000,0,OFF,OFF,OFF,ON,Gasoline,0.998,OFF,OFF,0.684,ON,1.328,16.078,20,0,0.801,0.801,2.383,0.801,0,0
1593,0,0,0,0,0,0,0,0,0,0,0,0,0,0,0,0,0,0,0,0,0,0,0,0
1594,0,14.160,Not Avl,Compl,Compl,Unable,ON,Not Avl,Compl,Compl,Unable,OFF,38.281,35.938,28.750,28.750,19.531,39.551,15.686,31.765,0.781,1.582,ON,0
1595,OFF,ON,ON,1.004,0.999,-0.027,-0.066,3.230,3.171,0,97,51199.219,13.906,23.137,OFF,OFF,OFF,OFF,OFF,OFF,OFF,OFF,Avail,Incmpl
1596,Incmpl,Enable,Avail,487.900,330.300,487.900,330.300,ON,Avail,Compl,Enable,75,0,0,0,0,0,0,6,A,0,0,Avail,Incmpl
1597,Incmpl,Enable,OFF,OFF,773,1033.500,51199.219,51199.219,51199.219,51199.219,51199.219,51199.219,1GRFE ,48.235,Avail,Incmpl,Incmpl,Enable,7.996,ON,OFF,OFF,OFF,ON
1598,ON,Avail,Compl,Enable,Compl,CL,CL,Compl,Unable,Not Avl,Compl,Compl,Enable,OFF,0,15.500,22,ON,13.750,15,0.103,2319,17,21
1599,-3,OFF,0,4.688,5.760,OFF,0,0,68,Avail,Compl,Enable,0,GRN2#  ,2011,ON,0,ACTIVE,ACTIVE,0.967,0.957,0.680,0.760,53.496
1600,57.387,Avail,Compl,Avail,Incmpl,Incmpl,Enable,OBD II (California ARB),OFF,OFF,43.890,-0.055,OFF,0,OFF,1st,OFF,OFF,OFF,OFF,OFF,OFF,-0.781,0
1601,ON,OFF,1000,0,OFF,OFF,OFF,ON,Gasoline,0.998,OFF,OFF,0.684,ON,1.328,16.078,20,0,0.801,0.801,2.383,0.801,0.918,0
1602,0,0,0,0,0,0,0,0,0,0,0,0,0,0,0,0,0,0,0,0,0,0,0,0
1603,0,14.160,Not Avl,Compl,Compl,Unable,ON,Not Avl,Compl,Compl,Unable,OFF,38.281,35.938,28.750,28.750,19.531,39.551,15.686,31.765,0.781,1.582,ON,0
1604,OFF,ON,ON,1.004,0.999,-0.027,-0.066,3.230,3.171,0,97,51199.219,13.906,23.137,OFF,OFF,OFF,OFF,OFF,OFF,OFF,OFF,Avail,Incmpl
1605,Incmpl,Enable,Avail,487.900,330.300,487.900,330.300,ON,Avail,Compl,Enable,75,0,0,0,0,0,0,6,A,0,0,Avail,Incmpl
1606,Incmpl,Enable,OFF,OFF,773,1033.500,51199.219,51199.219,51199.219,51199.219,51199.219,51199.219,1GRFE ,48.235,Avail,Incmpl,Incmpl,Enable,7.996,ON,OFF,OFF,OFF,ON
1607,ON,Avail,Compl,Enable,Compl,CL,CL,Compl,Unable,Not Avl,Compl,Compl,Enable,OFF,0,15.500,22,ON,13.750,15,0.103,2319,17,21
1608,-3,OFF,0,4.688,5.760,OFF,0,0,68,Avail,Compl,Enable,0,GRN2#  ,2011,ON,0,ACTIVE,ACTIVE,0.967,0.957,0.680,0.760,53.496
1609,57.387,Avail,Compl,Avail,Incmpl,Incmpl,Enable,OBD II (California ARB),OFF,OFF,43.890,-0.055,OFF,0,OFF,1st,OFF,OFF,OFF,OFF,OFF,OFF,-0.781,0
1610,ON,OFF,1000,0,OFF,OFF,OFF,ON,Gasoline,0.998,OFF,OFF,0.684,ON,1.328,16.078,20,0,0.801,0.801,2.383,0.801,0.918,2.031
1611,0,0,0,0,0,0,0,0,0,0,0,0,0,0,0,0,0,0,0,0,0,0,0,0
1612,0,14.160,Not Avl,Compl,Compl,Unable,ON,Not Avl,Compl,Compl,Unable,OFF,38.281,35.938,28.750,28.750,19.531,39.551,15.686,31.765,0.781,1.582,ON,0
1613,OFF,ON,ON,1.004,0.999,-0.027,-0.066,3.230,3.171,0,97,51199.219,13.906,23.137,OFF,OFF,OFF,OFF,OFF,OFF,OFF,OFF,Avail,Incmpl
1614,Incmpl,Enable,Avail,487.900,330.300,487.900,330.300,ON,Avail,Compl,Enable,75,0,0,0,0,0,0,6,A,0,0,Avail,Incmpl
1615,Incmpl,Enable,OFF,OFF,773,1033.500,51199.219,51199.219,51199.219,51199.219,51199.219,51199.219,1GRFE ,48.235,Avail,Incmpl,Incmpl,Enable,7.996,ON,OFF,OFF,OFF,ON
1616,ON,Avail,Compl,Enable,Compl,CL,CL,Compl,Unable,Not Avl,Compl,Compl,Enable,OFF,0,15.500,22,ON,13.750,15,0.103,2319,17,21
1617,-3,OFF,0,4.688,5.760,OFF,0,0,68,Avail,Compl,Enable,0,GRN2#  ,2011,ON,0,ACTIVE,ACTIVE,0.967,0.957,0.680,0.760,53.496
1618,57.387,Avail,Compl,Avail,Incmpl,Incmpl,Enable,OBD II (California ARB),OFF,OFF,43.890,-0.055,OFF,0,OFF,1st,OFF,OFF,OFF,OFF,OFF,OFF,-0.781,0
1619,ON,OFF,1000,0,OFF,OFF,OFF,ON,Gasoline,0.998,OFF,OFF,0.684,ON,1.328,16.078,20,0,0.801,0.801,2.383,0.801,0.918,2.031
1620,47.843,0,0,0,0,0,0,0,0,0,0,0,0,0,0,0,0,0,0,0,0,0,0,0
1621,0,14.160,Not Avl,Compl,Compl,Unable,ON,Not Avl,Compl,Compl,Unable,OFF,38.281,35.938,28.750,28.750,19.531,39.551,15.686,31.765,0.781,1.582,ON,0
1622,OFF,ON,ON,1.004,0.999,-0.027,-0.066,3.230,3.171,0,97,51199.219,13.906,23.137,OFF,OFF,OFF,OFF,OFF,OFF,OFF,OFF,Avail,Incmpl
1623,Incmpl,Enable,Avail,487.900,330.300,487.900,330.300,ON,Avail,Compl,Enable,75,0,0,0,0,0,0,6,A,0,0,Avail,Incmpl
1624,Incmpl,Enable,OFF,OFF,773,1033.500,51199.219,51199.219,51199.219,51199.219,51199.219,51199.219,1GRFE ,48.235,Avail,Incmpl,Incmpl,Enable,7.996,ON,OFF,OFF,OFF,ON
1625,ON,Avail,Compl,Enable,Compl,CL,CL,Compl,Unable,Not Avl,Compl,Compl,Enable,OFF,0,15.500,22,ON,13.750,15,0.103,2319,17,21
1626,-3,OFF,0,4.688,5.760,OFF,0,0,68,Avail,Compl,Enable,0,GRN2#  ,2011,ON,0,ACTIVE,ACTIVE,0.967,0.957,0.680,0.760,53.496
1627,57.387,Avail,Compl,Avail,Incmpl,Incmpl,Enable,OBD II (California ARB),OFF,OFF,43.890,-0.055,OFF,0,OFF,1st,OFF,OFF,OFF,OFF,OFF,OFF,-0.781,0
1628,ON,OFF,1000,0,OFF,OFF,OFF,ON,Gasoline,0.998,OFF,OFF,0.684,ON,1.328,16.078,20,0,0.801,0.801,2.383,0.801,0.918,2.031
1629,47.843,0,0,0,0,0,0,0,0,0,0,0,0,0,0,0,0,0,0,0,0,0,0,0
1630,0,14.160,Not Avl,Compl,Compl,Unable,ON,Not Avl,Compl,Compl,Unable,OFF,38.281,35.938,28.750,28.750,19.531,39.551,15.686,31.765,0.781,1.582,ON,0
1631,OFF,ON,ON,1.004,0.999,-0.027,-0.066,3.230,3.171,0,97,51199.219,13.906,23.137,OFF,OFF,OFF,OFF,OFF,OFF,OFF,OFF,Avail,Incmpl
1632,Incmpl,Enable,Avail,487.900,330.300,487.900,330.300,ON,Avail,Compl,Enable,75,0,0,0,0,0,0,6,A,0,0,Avail,Incmpl
1633,Incmpl,Enable,OFF,OFF,773,1033.500,51199.219,51199.219,51199.219,51199.219,51199.219,51199.219,1GRFE ,48.235,Avail,Incmpl,Incmpl,Enable,7.996,ON,OFF,OFF,OFF,ON
1634,ON,Avail,Compl,Enable,Compl,CL,CL,Compl,Unable,Not Avl,Compl,Compl,Enable,OFF,0,15.500,22,ON,13.750,15,0.103,2319,17,21
1635,-3,OFF,0,4.688,5.760,OFF,0,0,68,Avail,Compl,Enable,0,GRN2#  ,2011,ON,0,ACTIVE,ACTIVE,0.967,0.957,0.680,0.760,53.496
1636,57.387,Avail,Compl,Avail,Incmpl,Incmpl,Enable,OBD II (California ARB),OFF,OFF,43.890,-0.055,OFF,0,OFF,1st,OFF,OFF,OFF,OFF,OFF,OFF,-0.781,0
1637,ON,OFF,1000,0,OFF,OFF,OFF,ON,Gasoline,0.998,OFF,OFF,0.684,ON,1.328,16.078,20,0,0.801,0.801,2.383,0.801,0.918,2.031
1638,47.843,0,16.078,0,0,0,0,0,0,0,0,0,0,0,0,0,0,0,0,0,0,0,0,0
1639,0,14.160,Not Avl,Compl,Compl,Unable,ON,Not Avl,Compl,Compl,Unable,OFF,38.281,35.938,28.750,28.750,19.531,39.551,15.686,31.765,0.781,1.582,ON,0
1640,OFF,ON,ON,1.004,0.999,-0.027,-0.066,3.230,3.171,0,97,51199.219,13.906,23.137,OFF,OFF,OFF,OFF,OFF,OFF,OFF,OFF,Avail,Incmpl
1641,Incmpl,Enable,Avail,487.900,330.300,487.900,330.300,ON,Avail,Compl,Enable,75,0,0,0,0,0,0,6,A,0,0,Avail,Incmpl
1642,Incmpl,Enable,OFF,OFF,773,1033.500,51199.219,51199.219,51199.219,51199.219,51199.219,51199.219,1GRFE ,48.235,Avail,Incmpl,Incmpl,Enable,7.996,ON,OFF,OFF,OFF,ON
1643,ON,Avail,Compl,Enable,Compl,CL,CL,Compl,Unable,Not Avl,Compl,Compl,Enable,OFF,0,15.500,22,ON,13.750,15,0.103,2319,17,21
1644,-3,OFF,0,4.688,5.760,OFF,0,0,68,Avail,Compl,Enable,0,GRN2#  ,2011,ON,0,ACTIVE,ACTIVE,0.967,0.957,0.680,0.760,53.496
1645,57.387,Avail,Compl,Avail,Incmpl,Incmpl,Enable,OBD II (California ARB),OFF,OFF,43.890,-0.055,OFF,0,OFF,1st,OFF,OFF,OFF,OFF,OFF,OFF,-0.781,0
1646,ON,OFF,1000,0,OFF,OFF,OFF,ON,Gasoline,0.998,OFF,OFF,0.684,ON,1.328,16.078,20,0,0.801,0.801,2.383,0.801,0.918,2.031
1647,47.843,0,16.078,14,0,0,0,0,0,0,0,0,0,0,0,0,0,0,0,0,0,0,0,0
1648,0,14.160,Not Avl,Compl,Compl,Unable,ON,Not Avl,Compl,Compl,Unable,OFF,38.281,35.938,28.750,28.750,19.531,39.551,15.686,31.765,0.781,1.582,ON,0
1649,OFF,ON,ON,1.004,0.999,-0.027,-0.066,3.230,3.171,0,97,51199.219,13.906,23.137,OFF,OFF,OFF,OFF,OFF,OFF,OFF,OFF,Avail,Incmpl
1650,Incmpl,Enable,Avail,487.900,330.300,487.900,330.300,ON,Avail,Compl,Enable,75,0,0,0,0,0,0,6,A,0,0,Avail,Incmpl
1651,Incmpl,Enable,OFF,OFF,773,1033.500,51199.219,51199.219,51199.219,51199.219,51199.219,51199.219,1GRFE ,48.235,Avail,Incmpl,Incmpl,Enable,7.996,ON,OFF,OFF,OFF,ON
1652,ON,Avail,Compl,Enable,Compl,CL,CL,Compl,Unable,Not Avl,Compl,Compl,Enable,OFF,0,15.500,22,ON,13.750,15,0.103,2319,17,21
1653,-3,OFF,0,4.688,5.760,OFF,0,0,68,Avail,Compl,Enable,0,GRN2#  ,2011,ON,0,ACTIVE,ACTIVE,0.967,0.957,0.680,0.760,53.496
1654,57.387,Avail,Compl,Avail,Incmpl,Incmpl,Enable,OBD II (California ARB),OFF,OFF,43.890,-0.055,OFF,0,OFF,1st,OFF,OFF,OFF,OFF,OFF,OFF,-0.781,0
1655,ON,OFF,1000,0,OFF,OFF,OFF,ON,Gasoline,0.998,OFF,OFF,0.684,ON,1.328,16.078,20,0,0.801,0.801,2.383,0.801,0.918,2.031
1656,47.843,0,16.078,14,-0.004,0,0,0,0,0,0,0,0,0,0,0,0,0,0,0,0,0,0,0
1657,0,14.160,Not Avl,Compl,Compl,Unable,ON,Not Avl,Compl,Compl,Unable,OFF,38.281,35.938,28.750,28.750,19.531,39.551,15.686,31.765,0.781,1.582,ON,0
1658,OFF,ON,ON,1.004,0.999,-0.027,-0.066,3.230,3.171,0,97,51199.219,13.906,23.137,OFF,OFF,OFF,OFF,OFF,OFF,OFF,OFF,Avail,Incmpl
1659,Incmpl,Enable,Avail,487.900,330.300,487.900,330.300,ON,Avail,Compl,Enable,75,0,0,0,0,0,0,6,A,0,0,Avail,Incmpl
1660,Incmpl,Enable,OFF,OFF,773,1033.500,51199.219,51199.219,51199.219,51199.219,51199.219,51199.219,1GRFE ,48.235,Avail,Incmpl,Incmpl,Enable,7.996,ON,OFF,OFF,OFF,ON
1661,ON,Avail,Compl,Enable,Compl,CL,CL,Compl,Unable,Not Avl,Compl,Compl,Enable,OFF,0,15.500,22,ON,13.750,15,0.103,2319,17,21
1662,-3,OFF,0,4.688,5.760,OFF,0,0,68,Avail,Compl,Enable,0,GRN2#  ,2011,ON,0,ACTIVE,ACTIVE,0.967,0.957,0.680,0.760,53.496
1663,57.387,Avail,Compl,Avail,Incmpl,Incmpl,Enable,OBD II (California ARB),OFF,OFF,43.890,-0.055,OFF,0,OFF,1st,OFF,OFF,OFF,OFF,OFF,OFF,-0.781,0
1664,ON,OFF,1000,0,OFF,OFF,OFF,ON,Gasoline,0.998,OFF,OFF,0.684,ON,1.328,16.078,20,0,0.801,0.801,2.383,0.801,0.918,2.031
1665,47.843,0,16.078,14,-0.004,0.051,0,0,0,0,0,0,0,0,0,0,0,0,0,0,0,0,0,0
1666,0,14.160,Not Avl,Compl,Compl,Unable,ON,Not Avl,Compl,Compl,Unable,OFF,38.281,35.938,28.750,28.750,19.531,39.551,15.686,31.765,0.781,1.582,ON,0
1667,OFF,ON,ON,1.004,0.999,-0.027,-0.066,3.230,3.171,0,97,51199.219,13.906,23.137,OFF,OFF,OFF,OFF,OFF,OFF,OFF,OFF,Avail,Incmpl
1668,Incmpl,Enable,Avail,487.900,330.300,487.900,330.300,ON,Avail,Compl,Enable,75,0,0,0,0,0,0,6,A,0,0,Avail,Incmpl
1669,Incmpl,Enable,OFF,OFF,773,1033.500,51199.219,51199.219,51199.219,51199.219,51199.219,51199.219,1GRFE ,48.235,Avail,Incmpl,Incmpl,Enable,7.996,ON,OFF,OFF,OFF,ON
1670,ON,Avail,Compl,Enable,Compl,CL,CL,Compl,Unable,Not Avl,Compl,Compl,Enable,OFF,0,15.500,22,ON,13.750,15,0.103,2319,17,21
1671,-3,OFF,0,4.688,5.760,OFF,0,0,68,Avail,Compl,Enable,0,GRN2#  ,2011,ON,0,ACTIVE,ACTIVE,0.967,0.957,0.680,0.760,53.496
1672,57.387,Avail,Compl,Avail,Incmpl,Incmpl,Enable,OBD II (California ARB),OFF,OFF,43.890,-0.055,OFF,0,OFF,1st,OFF,OFF,OFF,OFF,OFF,OFF,-0.781,0
1673,ON,OFF,1000,0,OFF,OFF,OFF,ON,Gasoline,0.998,OFF,OFF,0.684,ON,1.328,16.078,20,0,0.801,0.801,2.383,0.801,0.918,2.031
1674,47.843,0,16.078,14,-0.004,0.051,OFF,0,0,0,0,0,0,0,0,0,0,0,0,0,0,0,0,0
1675,0,14.160,Not Avl,Compl,Compl,Unable,ON,Not Avl,Compl,Compl,Unable,OFF,38.281,35.938,28.750,28.750,19.531,39.551,15.686,31.765,0.781,1.582,ON,0
1676,OFF,ON,ON,1.004,0.999,-0.027,-0.066,3.230,3.171,0,97,51199.219,13.906,23.137,OFF,OFF,OFF,OFF,OFF,OFF,OFF,OFF,Avail,Incmpl
1677,Incmpl,Enable,Avail,487.900,330.300,487.900,330.300,ON,Avail,Compl,Enable,75,0,0,0,0,0,0,6,A,0,0,Avail,Incmpl
1678,Incmpl,Enable,OFF,OFF,773,1033.500,51199.219,51199.219,51199.219,51199.219,51199.219,51199.219,1GRFE ,48.235,Avail,Incmpl,Incmpl,Enable,7.996,ON,OFF,OFF,OFF,ON
1679,ON,Avail,Compl,Enable,Compl,CL,CL,Compl,Unable,Not Avl,Compl,Compl,Enable,OFF,0,15.500,22,ON,13.750,15,0.103,2319,17,21
1680,-3,OFF,0,4.688,5.760,OFF,0,0,68,Avail,Compl,Enable,0,GRN2#  ,2011,ON,0,ACTIVE,ACTIVE,0.967,0.957,0.680,0.760,53.496
1681,57.387,Avail,Compl,Avail,Incmpl,Incmpl,Enable,OBD II (California ARB),OFF,OFF,43.890,-0.055,OFF,0,OFF,1st,OFF,OFF,OFF,OFF,OFF,OFF,-0.781,0
1682,ON,OFF,1000,0,OFF,OFF,OFF,ON,Gasoline,0.998,OFF,OFF,0.684,ON,1.328,16.078,20,0,0.801,0.801,2.383,0.801,0.918,2.031
1683,47.843,0,16.078,14,-0.004,0.051,OFF,ECT 5th,0,0,0,0,0,0,0,0,0,0,0,0,0,0,0,0
1684,0,14.160,Not Avl,Compl,Compl,Unable,ON,Not Avl,Compl,Compl,Unable,OFF,38.281,35.938,28.750,28.750,19.531,39.551,15.686,31.765,0.781,1.582,ON,0
1685,OFF,ON,ON,1.004,0.999,-0.027,-0.066,3.230,3.171,0,97,51199.219,13.906,23.137,OFF,OFF,OFF,OFF,OFF,OFF,OFF,OFF,Avail,Incmpl
1686,Incmpl,Enable,Avail,487.900,330.300,487.900,330.300,ON,Avail,Compl,Enable,75,0,0,0,0,0,0,6,A,0,0,Avail,Incmpl
1687,Incmpl,Enable,OFF,OFF,773,1033.500,51199.219,51199.219,51199.219,51199.219,51199.219,51199.219,1GRFE ,48.235,Avail,Incmpl,Incmpl,Enable,7.996,ON,OFF,OFF,OFF,ON
1688,ON,Avail,Compl,Enable,Compl,CL,CL,Compl,Unable,Not Avl,Compl,Compl,Enable,OFF,0,15.500,22,ON,13.750,15,0.103,2319,17,21
1689,-3,OFF,0,4.688,5.760,OFF,0,0,68,Avail,Compl,Enable,0,GRN2#  ,2011,ON,0,ACTIVE,ACTIVE,0.967,0.957,0.680,0.760,53.496
1690,57.387,Avail,Compl,Avail,Incmpl,Incmpl,Enable,OBD II (California ARB),OFF,OFF,43.890,-0.055,OFF,0,OFF,1st,OFF,OFF,OFF,OFF,OFF,OFF,-0.781,0
1691,ON,OFF,1000,0,OFF,OFF,OFF,ON,Gasoline,0.998,OFF,OFF,0.684,ON,1.328,16.078,20,0,0.801,0.801,2.383,0.801,0.918,2.031
1692,47.843,0,16.078,14,-0.004,0.051,OFF,ECT 5th,NA,0,0,0,0,0,0,0,0,0,0,0,0,0,0,0
1693,0,14.160,Not Avl,Compl,Compl,Unable,ON,Not Avl,Compl,Compl,Unable,OFF,38.281,35.938,28.750,28.750,19.531,39.551,15.686,31.765,0.781,1.582,ON,0
1694,OFF,ON,ON,1.004,0.999,-0.027,-0.066,3.230,3.171,0,97,51199.219,13.906,23.137,OFF,OFF,OFF,OFF,OFF,OFF,OFF,OFF,Avail,Incmpl
1695,Incmpl,Enable,Avail,487.900,330.300,487.900,330.300,ON,Avail,Compl,Enable,75,0,0,0,0,0,0,6,A,0,0,Avail,Incmpl
1696,Incmpl,Enable,OFF,OFF,773,1033.500,51199.219,51199.219,51199.219,51199.219,51199.219,51199.219,1GRFE ,48.235,Avail,Incmpl,Incmpl,Enable,7.996,ON,OFF,OFF,OFF,ON
1697,ON,Avail,Compl,Enable,Compl,CL,CL,Compl,Unable,Not Avl,Compl,Compl,Enable,OFF,0,15.500,22,ON,13.750,15,0.103,2319,17,21
1698,-3,OFF,0,4.688,5.760,OFF,0,0,68,Avail,Compl,Enable,0,GRN2#  ,2011,ON,0,ACTIVE,ACTIVE,0.967,0.957,0.680,0.760,53.496
1699,57.387,Avail,Compl,Avail,Incmpl,Incmpl,Enable,OBD II (California ARB),OFF,OFF,43.890,-0.055,OFF,0,OFF,1st,OFF,OFF,OFF,OFF,OFF,OFF,-0.781,0
1700,ON,OFF,1000,0,OFF,OFF,OFF,ON,Gasoline,0.998,OFF,OFF,0.684,ON,1.328,16.078,20,0,0.801,0.801,2.383,0.801,0.918,2.031
1701,47.843,0,16.078,14,-0.004,0.051,OFF,ECT 5th,NA,OFF,0,0,0,0,0,0,0,0,0,0,0,0,0,0
1702,0,14.160,Not Avl,Compl,Compl,Unable,ON,Not Avl,Compl,Compl,Unable,OFF,38.281,35.938,28.750,28.750,19.531,39.551,15.686,31.765,0.781,1.582,ON,0
1703,OFF,ON,ON,1.004,0.999,-0.027,-0.066,3.230,3.171,0,97,51199.219,13.906,23.137,OFF,OFF,OFF,OFF,OFF,OFF,OFF,OFF,Avail,Incmpl
1704,Incmpl,Enable,Avail,487.900,330.300,487.900,330.300,ON,Avail,Compl,Enable,75,0,0,0,0,0,0,6,A,0,0,Avail,Incmpl
1705,Incmpl,Enable,OFF,OFF,773,1033.500,51199.219,51199.219,51199.219,51199.219,51199.219,51199.219,1GRFE ,48.235,Avail,Incmpl,Incmpl,Enable,7.996,ON,OFF,OFF,OFF,ON
1706,ON,Avail,Compl,Enable,Compl,CL,CL,Compl,Unable,Not Avl,Compl,Compl,Enable,OFF,0,15.500,22,ON,13.750,15,0.103,2319,17,21
1707,-3,OFF,0,4.688,5.760,OFF,0,0,68,Avail,Compl,Enable,0,GRN2#  ,2011,ON,0,ACTIVE,ACTIVE,0.967,0.957,0.680,0.760,53.496
1708,57.387,Avail,Compl,Avail,Incmpl,Incmpl,Enable,OBD II (California ARB),OFF,OFF,43.890,-0.055,OFF,0,OFF,1st,OFF,OFF,OFF,OFF,OFF,OFF,-0.781,0
1709,ON,OFF,1000,0,OFF,OFF,OFF,ON,Gasoline,0.998,OFF,OFF,0.684,ON,1.328,16.078,20,0,0.801,0.801,2.383,0.801,0.918,2.031
1710,47.843,0,16.078,14,-0.004,0.051,OFF,ECT 5th,NA,OFF,97.790,0,0,0,0,0,0,0,0,0,0,0,0,0
1711,0,14.160,Not Avl,Compl,Compl,Unable,ON,Not Avl,Compl,Compl,Unable,OFF,38.281,35.938,28.750,28.750,19.531,39.551,15.686,31.765,0.781,1.582,ON,0
1712,OFF,ON,ON,1.004,0.999,-0.027,-0.066,3.230,3.171,0,97,51199.219,13.906,23.137,OFF,OFF,OFF,OFF,OFF,OFF,OFF,OFF,Avail,Incmpl
1713,Incmpl,Enable,Avail,487.900,330.300,487.900,330.300,ON,Avail,Compl,Enable,75,0,0,0,0,0,0,6,A,0,0,Avail,Incmpl
1714,Incmpl,Enable,OFF,OFF,773,1033.500,51199.219,51199.219,51199.219,51199.219,51199.219,51199.219,1GRFE ,48.235,Avail,Incmpl,Incmpl,Enable,7.996,ON,OFF,OFF,OFF,ON
1715,ON,Avail,Compl,Enable,Compl,CL,CL,Compl,Unable,Not Avl,Compl,Compl,Enable,OFF,0,15.500,22,ON,13.750,15,0.103,2319,17,21
1716,-3,OFF,0,4.688,5.760,OFF,0,0,68,Avail,Compl,Enable,0,GRN2#  ,2011,ON,0,ACTIVE,ACTIVE,0.967,0.957,0.680,0.760,53.496
1717,57.387,Avail,Compl,Avail,Incmpl,Incmpl,Enable,OBD II (California ARB),OFF,OFF,43.890,-0.055,OFF,0,OFF,1st,OFF,OFF,OFF,OFF,OFF,OFF,-0.781,0
1718,ON,OFF,1000,0,OFF,OFF,OFF,ON,Gasoline,0.998,OFF,OFF,0.684,ON,1.328,16.078,20,0,0.801,0.801,2.383,0.801,0.918,2.031
1719,47.843,0,16.078,14,-0.004,0.051,OFF,ECT 5th,NA,OFF,97.790,97.658,0,0,0,0,0,0,0,0,0,0,0,0
1720,0,14.160,Not Avl,Compl,Compl,Unable,ON,Not Avl,Compl,Compl,Unable,OFF,38.281,35.938,28.750,28.750,19.531,39.551,15.686,31.765,0.781,1.582,ON,0
1721,OFF,ON,ON,1.004,0.999,-0.027,-0.066,3.230,3.171,0,97,51199.219,13.906,23.137,OFF,OFF,OFF,OFF,OFF,OFF,OFF,OFF,Avail,Incmpl
1722,Incmpl,Enable,Avail,487.900,330.300,487.900,330.300,ON,Avail,Compl,Enable,75,0,0,0,0,0,0,6,A,0,0,Avail,Incmpl
1723,Incmpl,Enable,OFF,OFF,773,1033.500,51199.219,51199.219,51199.219,51199.219,51199.219,51199.219,1GRFE ,48.235,Avail,Incmpl,Incmpl,Enable,7.996,ON,OFF,OFF,OFF,ON
1724,ON,Avail,Compl,Enable,Compl,CL,CL,Compl,Unable,Not Avl,Compl,Compl,Enable,OFF,0,15.500,22,ON,13.750,15,0.103,2319,17,21
1725,-3,OFF,0,4.688,5.760,OFF,0,0,68,Avail,Compl,Enable,0,GRN2#  ,2011,ON,0,ACTIVE,ACTIVE,0.967,0.957,0.680,0.760,53.496
1726,57.387,Avail,Compl,Avail,Incmpl,Incmpl,Enable,OBD II (California ARB),OFF,OFF,43.890,-0.055,OFF,0,OFF,1st,OFF,OFF,OFF,OFF,OFF,OFF,-0.781,0
1727,ON,OFF,1000,0,OFF,OFF,OFF,ON,Gasoline,0.998,OFF,OFF,0.684,ON,1.328,16.078,20,0,0.801,0.801,2.383,0.801,0.918,2.031
1728,47.843,0,16.078,14,-0.004,0.051,OFF,ECT 5th,NA,OFF,97.790,97.658,13.725,0,0,0,0,0,0,0,0,0,0,0
1729,0,14.160,Not Avl,Compl,Compl,Unable,ON,Not Avl,Compl,Compl,Unable,OFF,38.281,35.938,28.750,28.750,19.531,39.551,15.686,31.765,0.781,1.582,ON,0
1730,OFF,ON,ON,1.004,0.999,-0.027,-0.066,3.230,3.171,0,97,51199.219,13.906,23.137,OFF,OFF,OFF,OFF,OFF,OFF,OFF,OFF,Avail,Incmpl
1731,Incmpl,Enable,Avail,487.900,330.300,487.900,330.300,ON,Avail,Compl,Enable,75,0,0,0,0,0,0,6,A,0,0,Avail,Incmpl
1732,Incmpl,Enable,OFF,OFF,773,1033.500,51199.219,51199.219,51199.219,51199.219,51199.219,51199.219,1GRFE ,48.235,Avail,Incmpl,Incmpl,Enable,7.996,ON,OFF,OFF,OFF,ON
1733,ON,Avail,Compl,Enable,Compl,CL,CL,Compl,Unable,Not Avl,Compl,Compl,Enable,OFF,0,15.500,22,ON,13.750,15,0.103,2319,17,21
1734,-3,OFF,0,4.688,5.760,OFF,0,0,68,Avail,Compl,Enable,0,GRN2#  ,2011,ON,0,ACTIVE,ACTIVE,0.967,0.957,0.680,0.760,53.496
1735,57.387,Avail,Compl,Avail,Incmpl,Incmpl,Enable,OBD II (California ARB),OFF,OFF,43.890,-0.055,OFF,0,OFF,1st,OFF,OFF,OFF,OFF,OFF,OFF,-0.781,0
1736,ON,OFF,1000,0,OFF,OFF,OFF,ON,Gasoline,0.998,OFF,OFF,0.684,ON,1.328,16.078,20,0,0.801,0.801,2.383,0.801,0.918,2.031
1737,47.843,0,16.078,14,-0.004,0.051,OFF,ECT 5th,NA,OFF,97.790,97.658,13.725,0,0,0,0,0,0,0,0,0,0,0
1738,0,14.160,Not Avl,Compl,Compl,Unable,ON,Not Avl,Compl,Compl,Unable,OFF,38.281,35.938,28.750,28.750,19.531,39.551,15.686,31.765,0.781,1.582,ON,0
1739,OFF,ON,ON,1.004,0.999,-0.027,-0.066,3.230,3.171,0,97,51199.219,13.906,23.137,OFF,OFF,OFF,OFF,OFF,OFF,OFF,OFF,Avail,Incmpl
1740,Incmpl,Enable,Avail,487.900,330.300,487.900,330.300,ON,Avail,Compl,Enable,75,0,0,0,0,0,0,6,A,0,0,Avail,Incmpl
1741,Incmpl,Enable,OFF,OFF,773,1033.500,51199.219,51199.219,51199.219,51199.219,51199.219,51199.219,1GRFE ,48.235,Avail,Incmpl,Incmpl,Enable,7.996,ON,OFF,OFF,OFF,ON
1742,ON,Avail,Compl,Enable,Compl,CL,CL,Compl,Unable,Not Avl,Compl,Compl,Enable,OFF,0,15.500,22,ON,13.750,15,0.103,2319,17,21
1743,-3,OFF,0,4.688,5.760,OFF,0,0,68,Avail,Compl,Enable,0,GRN2#  ,2011,ON,0,ACTIVE,ACTIVE,0.967,0.957,0.680,0.760,53.496
1744,57.387,Avail,Compl,Avail,Incmpl,Incmpl,Enable,OBD II (California ARB),OFF,OFF,43.890,-0.055,OFF,0,OFF,1st,OFF,OFF,OFF,OFF,OFF,OFF,-0.781,0
1745,ON,OFF,1000,0,OFF,OFF,OFF,ON,Gasoline,0.998,OFF,OFF,0.684,ON,1.328,16.078,20,0,0.801,0.801,2.383,0.801,0.918,2.031
1746,47.843,0,16.078,14,-0.004,0.051,OFF,ECT 5th,NA,OFF,97.790,97.658,13.725,0,Not Avl,0,0,0,0,0,0,0,0,0
1747,0,14.160,Not Avl,Compl,Compl,Unable,ON,Not Avl,Compl,Compl,Unable,OFF,38.281,35.938,28.750,28.750,19.531,39.551,15.686,31.765,0.781,1.582,ON,0
1748,OFF,ON,ON,1.004,0.999,-0.027,-0.066,3.230,3.171,0,97,51199.219,13.906,23.137,OFF,OFF,OFF,OFF,OFF,OFF,OFF,OFF,Avail,Incmpl
1749,Incmpl,Enable,Avail,487.900,330.300,487.900,330.300,ON,Avail,Compl,Enable,75,0,0,0,0,0,0,6,A,0,0,Avail,Incmpl
1750,Incmpl,Enable,OFF,OFF,773,1033.500,51199.219,51199.219,51199.219,51199.219,51199.219,51199.219,1GRFE ,48.235,Avail,Incmpl,Incmpl,Enable,7.996,ON,OFF,OFF,OFF,ON
1751,ON,Avail,Compl,Enable,Compl,CL,CL,Compl,Unable,Not Avl,Compl,Compl,Enable,OFF,0,15.500,22,ON,13.750,15,0.103,2319,17,21
1752,-3,OFF,0,4.688,5.760,OFF,0,0,68,Avail,Compl,Enable,0,GRN2#  ,2011,ON,0,ACTIVE,ACTIVE,0.967,0.957,0.680,0.760,53.496
1753,57.387,Avail,Compl,Avail,Incmpl,Incmpl,Enable,OBD II (California ARB),OFF,OFF,43.890,-0.055,OFF,0,OFF,1st,OFF,OFF,OFF,OFF,OFF,OFF,-0.781,0
1754,ON,OFF,1000,0,OFF,OFF,OFF,ON,Gasoline,0.998,OFF,OFF,0.684,ON,1.328,16.078,20,0,0.801,0.801,2.383,0.801,0.918,2.031
1755,47.843,0,16.078,14,-0.004,0.051,OFF,ECT 5th,NA,OFF,97.790,97.658,13.725,0,Not Avl,0,0,0,0,0,0,0,0,0
1756,0,14.160,Not Avl,Compl,Compl,Unable,ON,Not Avl,Compl,Compl,Unable,OFF,38.281,35.938,28.750,28.750,19.531,39.551,15.686,31.765,0.781,1.582,ON,0
1757,OFF,ON,ON,1.004,0.999,-0.027,-0.066,3.230,3.171,0,97,51199.219,13.906,23.137,OFF,OFF,OFF,OFF,OFF,OFF,OFF,OFF,Avail,Incmpl
1758,Incmpl,Enable,Avail,487.900,330.300,487.900,330.300,ON,Avail,Compl,Enable,75,0,0,0,0,0,0,6,A,0,0,Avail,Incmpl
1759,Incmpl,Enable,OFF,OFF,773,1033.500,51199.219,51199.219,51199.219,51199.219,51199.219,51199.219,1GRFE ,48.235,Avail,Incmpl,Incmpl,Enable,7.996,ON,OFF,OFF,OFF,ON
1760,ON,Avail,Compl,Enable,Compl,CL,CL,Compl,Unable,Not Avl,Compl,Compl,Enable,OFF,0,15.500,22,ON,13.750,15,0.103,2319,17,21
1761,-3,OFF,0,4.688,5.760,OFF,0,0,68,Avail,Compl,Enable,0,GRN2#  ,2011,ON,0,ACTIVE,ACTIVE,0.967,0.957,0.680,0.760,53.496
1762,57.387,Avail,Compl,Avail,Incmpl,Incmpl,Enable,OBD II (California ARB),OFF,OFF,43.890,-0.055,OFF,0,OFF,1st,OFF,OFF,OFF,OFF,OFF,OFF,-0.781,0
1763,ON,OFF,1000,0,OFF,OFF,OFF,ON,Gasoline,0.998,OFF,OFF,0.684,ON,1.328,16.078,20,0,0.801,0.801,2.383,0.801,0.918,2.031
1764,47.843,0,16.078,14,-0.004,0.051,OFF,ECT 5th,NA,OFF,97.790,97.658,13.725,0,Not Avl,0,0,0,0,0,0,0,0,0
1765,0,14.160,Not Avl,Compl,Compl,Unable,ON,Not Avl,Compl,Compl,Unable,OFF,38.281,35.938,28.750,28.750,19.531,39.551,15.686,31.765,0.781,1.582,ON,0
1766,OFF,ON,ON,1.004,0.999,-0.027,-0.066,3.230,3.171,0,97,51199.219,13.906,23.137,OFF,OFF,OFF,OFF,OFF,OFF,OFF,OFF,Avail,Incmpl
1767,Incmpl,Enable,Avail,487.900,330.300,487.900,330.300,ON,Avail,Compl,Enable,75,0,0,0,0,0,0,6,A,0,0,Avail,Incmpl
1768,Incmpl,Enable,OFF,OFF,773,1033.500,51199.219,51199.219,51199.219,51199.219,51199.219,51199.219,1GRFE ,48.235,Avail,Incmpl,Incmpl,Enable,7.996,ON,OFF,OFF,OFF,ON
1769,ON,Avail,Compl,Enable,Compl,CL,CL,Compl,Unable,Not Avl,Compl,Compl,Enable,OFF,0,15.500,22,ON,13.750,15,0.103,2319,17,21
1770,-3,OFF,0,4.688,5.760,OFF,0,0,68,Avail,Compl,Enable,0,GRN2#  ,2011,ON,0,ACTIVE,ACTIVE,0.967,0.957,0.680,0.760,53.496
1771,57.387,Avail,Compl,Avail,Incmpl,Incmpl,Enable,OBD II (California ARB),OFF,OFF,43.890,-0.055,OFF,0,OFF,1st,OFF,OFF,OFF,OFF,OFF,OFF,-0.781,0
1772,ON,OFF,1000,0,OFF,OFF,OFF,ON,Gasoline,0.998,OFF,OFF,0.684,ON,1.328,16.078,20,0,0.801,0.801,2.383,0.801,0.918,2.031
1773,47.843,0,16.078,14,-0.004,0.051,OFF,ECT 5th,NA,OFF,97.790,97.658,13.725,0,Not Avl,0,0,0,0,0,0,0,0,0
1774,0,14.160,Not Avl,Compl,Compl,Unable,ON,Not Avl,Compl,Compl,Unable,OFF,38.281,35.938,28.750,28.750,19.531,39.551,15.686,31.765,0.781,1.582,ON,0
1775,OFF,ON,ON,1.004,0.999,-0.027,-0.066,3.230,3.171,0,97,51199.219,13.906,23.137,OFF,OFF,OFF,OFF,OFF,OFF,OFF,OFF,Avail,Incmpl
1776,Incmpl,Enable,Avail,487.900,330.300,487.900,330.300,ON,Avail,Compl,Enable,75,0,0,0,0,0,0,6,A,0,0,Avail,Incmpl
1777,Incmpl,Enable,OFF,OFF,773,1033.500,51199.219,51199.219,51199.219,51199.219,51199.219,51199.219,1GRFE ,48.235,Avail,Incmpl,Incmpl,Enable,7.996,ON,OFF,OFF,OFF,ON
1778,ON,Avail,Compl,Enable,Compl,CL,CL,Compl,Unable,Not Avl,Compl,Compl,Enable,OFF,0,15.500,22,ON,13.750,15,0.103,2319,17,21
1779,-3,OFF,0,4.688,5.760,OFF,0,0,68,Avail,Compl,Enable,0,GRN2#  ,2011,ON,0,ACTIVE,ACTIVE,0.967,0.957,0.680,0.760,53.496
1780,57.387,Avail,Compl,Avail,Incmpl,Incmpl,Enable,OBD II (California ARB),OFF,OFF,43.890,-0.055,OFF,0,OFF,1st,OFF,OFF,OFF,OFF,OFF,OFF,-0.781,0
1781,ON,OFF,1000,0,OFF,OFF,OFF,ON,Gasoline,0.998,OFF,OFF,0.684,ON,1.328,16.078,20,0,0.801,0.801,2.383,0.801,0.918,2.031
1782,47.843,0,16.078,14,-0.004,0.051,OFF,ECT 5th,NA,OFF,97.790,97.658,13.725,0,Not Avl,0,0,0,0,0,0,0,0,0
1783,0,14.160,Not Avl,Compl,Compl,Unable,ON,Not Avl,Compl,Compl,Unable,OFF,38.281,35.938,28.750,28.750,19.531,39.551,15.686,31.765,0.781,1.582,ON,0
1784,OFF,ON,ON,1.004,0.999,-0.027,-0.066,3.230,3.171,0,97,51199.219,13.906,23.137,OFF,OFF,OFF,OFF,OFF,OFF,OFF,OFF,Avail,Incmpl
1785,Incmpl,Enable,Avail,487.900,330.300,487.900,330.300,ON,Avail,Compl,Enable,75,0,0,0,0,0,0,6,A,0,0,Avail,Incmpl
1786,Incmpl,Enable,OFF,OFF,773,1033.500,51199.219,51199.219,51199.219,51199.219,51199.219,51199.219,1GRFE ,48.235,Avail,Incmpl,Incmpl,Enable,7.996,ON,OFF,OFF,OFF,ON
1787,ON,Avail,Compl,Enable,Compl,CL,CL,Compl,Unable,Not Avl,Compl,Compl,Enable,OFF,0,15.500,22,ON,13.750,15,0.103,2319,17,21
1788,-3,OFF,0,4.688,5.760,OFF,0,0,68,Avail,Compl,Enable,0,GRN2#  ,2011,ON,0,ACTIVE,ACTIVE,0.967,0.957,0.680,0.760,53.496
1789,57.387,Avail,Compl,Avail,Incmpl,Incmpl,Enable,OBD II (California ARB),OFF,OFF,43.890,-0.055,OFF,0,OFF,1st,OFF,OFF,OFF,OFF,OFF,OFF,-0.781,0
1790,ON,OFF,1000,0,OFF,OFF,OFF,ON,Gasoline,0.998,OFF,OFF,0.684,ON,1.328,16.078,20,0,0.801,0.801,2.383,0.801,0.918,2.031
1791,47.843,0,16.078,14,-0.004,0.051,OFF,ECT 5th,NA,OFF,97.790,97.658,13.725,0,Not Avl,0,0,0,0,ON,0,0,0,0
1792,0,14.160,Not Avl,Compl,Compl,Unable,ON,Not Avl,Compl,Compl,Unable,OFF,38.281,35.938,28.750,28.750,19.531,39.551,15.686,31.765,0.781,1.582,ON,0
1793,OFF,ON,ON,1.004,0.999,-0.027,-0.066,3.230,3.171,0,97,51199.219,13.906,23.137,OFF,OFF,OFF,OFF,OFF,OFF,OFF,OFF,Avail,Incmpl
1794,Incmpl,Enable,Avail,487.900,330.300,487.900,330.300,ON,Avail,Compl,Enable,75,0,0,0,0,0,0,6,A,0,0,Avail,Incmpl
1795,Incmpl,Enable,OFF,OFF,773,1033.500,51199.219,51199.219,51199.219,51199.219,51199.219,51199.219,1GRFE ,48.235,Avail,Incmpl,Incmpl,Enable,7.996,ON,OFF,OFF,OFF,ON
1796,ON,Avail,Compl,Enable,Compl,CL,CL,Compl,Unable,Not Avl,Compl,Compl,Enable,OFF,0,15.500,22,ON,13.750,15,0.103,2319,17,21
1797,-3,OFF,0,4.688,5.760,OFF,0,0,68,Avail,Compl,Enable,0,GRN2#  ,2011,ON,0,ACTIVE,ACTIVE,0.967,0.957,0.680,0.760,53.496
1798,57.387,Avail,Compl,Avail,Incmpl,Incmpl,Enable,OBD II (California ARB),OFF,OFF,43.890,-0.055,OFF,0,OFF,1st,OFF,OFF,OFF,OFF,OFF,OFF,-0.781,0
1799,ON,OFF,1000,0,OFF,OFF,OFF,ON,Gasoline,0.998,OFF,OFF,0.684,ON,1.328,16.078,20,0,0.801,0.801,2.383,0.801,0.918,2.031
1800,47.843,0,16.078,14,-0.004,0.051,OFF,ECT 5th,NA,OFF,97.790,97.658,13.725,0,Not Avl,0,0,0,0,ON,ON,0,0,0
1801,0,14.160,Not Avl,Compl,Compl,Unable,ON,Not Avl,Compl,Compl,Unable,OFF,38.281,35.938,28.750,28.750,19.531,39.551,15.686,31.765,0.781,1.582,ON,0
1802,OFF,ON,ON,1.004,0.999,-0.027,-0.066,3.230,3.171,0,97,51199.219,13.906,23.137,OFF,OFF,OFF,OFF,OFF,OFF,OFF,OFF,Avail,Incmpl
1803,Incmpl,Enable,Avail,487.900,330.300,487.900,330.300,ON,Avail,Compl,Enable,75,0,0,0,0,0,0,6,A,0,0,Avail,Incmpl
1804,Incmpl,Enable,OFF,OFF,773,1033.500,51199.219,51199.219,51199.219,51199.219,51199.219,51199.219,1GRFE ,48.235,Avail,Incmpl,Incmpl,Enable,7.996,ON,OFF,OFF,OFF,ON
1805,ON,Avail,Compl,Enable,Compl,CL,CL,Compl,Unable,Not Avl,Compl,Compl,Enable,OFF,0,15.500,22,ON,13.750,15,0.103,2319,17,21
1806,-3,OFF,0,4.688,5.760,OFF,0,0,68,Avail,Compl,Enable,0,GRN2#  ,2011,ON,0,ACTIVE,ACTIVE,0.967,0.957,0.680,0.760,53.496
1807,57.387,Avail,Compl,Avail,Incmpl,Incmpl,Enable,OBD II (California ARB),OFF,OFF,43.890,-0.055,OFF,0,OFF,1st,OFF,OFF,OFF,OFF,OFF,OFF,-0.781,0
1808,ON,OFF,1000,0,OFF,OFF,OFF,ON,Gasoline,0.998,OFF,OFF,0.684,ON,1.328,16.078,20,0,0.801,0.801,2.383,0.801,0.918,2.031
1809,47.843,0,16.078,14,-0.004,0.051,OFF,ECT 5th,NA,OFF,97.790,97.658,13.725,0,Not Avl,0,0,0,0,ON,ON,0,0,0
1810,0,14.160,Not Avl,Compl,Compl,Unable,ON,Not Avl,Compl,Compl,Unable,OFF,38.281,35.938,28.750,28.750,19.531,39.551,15.686,31.765,0.781,1.582,ON,0
1811,OFF,ON,ON,1.004,0.999,-0.027,-0.066,3.230,3.171,0,97,51199.219,13.906,23.137,OFF,OFF,OFF,OFF,OFF,OFF,OFF,OFF,Avail,Incmpl
1812,Incmpl,Enable,Avail,487.900,330.300,487.900,330.300,ON,Avail,Compl,Enable,75,0,0,0,0,0,0,6,A,0,0,Avail,Incmpl
1813,Incmpl,Enable,OFF,OFF,773,1033.500,51199.219,51199.219,51199.219,51199.219,51199.219,51199.219,1GRFE ,48.235,Avail,Incmpl,Incmpl,Enable,7.996,ON,OFF,OFF,OFF,ON
1814,ON,Avail,Compl,Enable,Compl,CL,CL,Compl,Unable,Not Avl,Compl,Compl,Enable,OFF,0,15.500,22,ON,13.750,15,0.103,2319,17,21
1815,-3,OFF,0,4.688,5.760,OFF,0,0,68,Avail,Compl,Enable,0,GRN2#  ,2011,ON,0,ACTIVE,ACTIVE,0.967,0.957,0.680,0.760,53.496
1816,57.387,Avail,Compl,Avail,Incmpl,Incmpl,Enable,OBD II (California ARB),OFF,OFF,43.890,-0.055,OFF,0,OFF,1st,OFF,OFF,OFF,OFF,OFF,OFF,-0.781,0
1817,ON,OFF,1000,0,OFF,OFF,OFF,ON,Gasoline,0.998,OFF,OFF,0.684,ON,1.328,16.078,20,0,0.801,0.801,2.383,0.801,0.918,2.031
1818,47.843,0,16.078,14,-0.004,0.051,OFF,ECT 5th,NA,OFF,97.790,97.658,13.725,0,Not Avl,0,0,0,0,ON,ON,0,0,0
1819,0,14.160,Not Avl,Compl,Compl,Unable,ON,Not Avl,Compl,Compl,Unable,OFF,38.281,35.938,28.750,28.750,19.531,39.551,15.686,31.765,0.781,1.582,ON,0
1820,OFF,ON,ON,1.004,0.999,-0.027,-0.066,3.230,3.171,0,97,51199.219,13.906,23.137,OFF,OFF,OFF,OFF,OFF,OFF,OFF,OFF,Avail,Incmpl
1821,Incmpl,Enable,Avail,487.900,330.300,487.900,330.300,ON,Avail,Compl,Enable,75,0,0,0,0,0,0,6,A,0,0,Avail,Incmpl
1822,Incmpl,Enable,OFF,OFF,773,1033.500,51199.219,51199.219,51199.219,51199.219,51199.219,51199.219,1GRFE ,48.235,Avail,Incmpl,Incmpl,Enable,7.996,ON,OFF,OFF,OFF,ON
1823,ON,Avail,Compl,Enable,Compl,CL,CL,Compl,Unable,Not Avl,Compl,Compl,Enable,OFF,0,15.500,22,ON,13.750,15,0.103,2319,17,21
1824,-3,OFF,0,4.688,5.760,OFF,0,0,68,Avail,Compl,Enable,0,GRN2#  ,2011,ON,0,ACTIVE,ACTIVE,0.967,0.957,0.680,0.760,53.496
1825,57.387,Avail,Compl,Avail,Incmpl,Incmpl,Enable,OBD II (California ARB),OFF,OFF,43.890,-0.055,OFF,0,OFF,1st,OFF,OFF,OFF,OFF,OFF,OFF,-0.781,0
1826,ON,OFF,1000,0,OFF,OFF,OFF,ON,Gasoline,0.998,OFF,OFF,0.684,ON,1.328,16.078,20,0,0.801,0.801,2.383,0.801,0.918,2.031
1827,47.843,0,16.078,14,-0.004,0.051,OFF,ECT 5th,NA,OFF,97.790,97.658,13.725,0,Not Avl,0,0,0,0,ON,ON,0,0,1
1828,0,14.159,Not Avl,Compl,Compl,Unable,ON,Not Avl,Compl,Compl,Unable,OFF,38.281,38.281,29.375,29.375,19.531,39.551,15.686,31.765,0.781,1.582,ON,0
1829,OFF,ON,ON,0.998,0.998,-0.012,-0.023,3.274,3.259,0,97,51199.219,13.906,23.529,OFF,OFF,OFF,OFF,OFF,OFF,OFF,OFF,Avail,Incmpl
1830,Incmpl,Enable,Avail,486.900,329.300,486.900,329.300,ON,Avail,Compl,Enable,75,0,0,0,0,0,0,6,A,0,0,Avail,Incmpl
1831,Incmpl,Enable,OFF,OFF,785,1027.250,51199.219,51199.219,51199.219,51199.219,51199.219,51199.219,1GRFE ,48.235,Avail,Incmpl,Incmpl,Enable,7.996,ON,OFF,OFF,OFF,ON
1832,ON,Avail,Compl,Enable,Compl,CL,CL,Compl,Unable,Not Avl,Compl,Compl,Enable,OFF,0,15.500,483,ON,13.750,15,0.104,2330,17,21
1833,-3,OFF,0,4.688,5.710,OFF,0,0,71,Avail,Compl,Enable,0,GRN2#  ,2011,ON,0,ACTIVE,ACTIVE,0.967,0.952,0.700,0.780,53.172
1834,57.387,Avail,Compl,Avail,Incmpl,Incmpl,Enable,OBD II (California ARB),OFF,OFF,44.141,-0.055,OFF,0,OFF,1st,OFF,OFF,OFF,OFF,OFF,OFF,0,0
1835,ON,OFF,1000,0,OFF,OFF,OFF,ON,Gasoline,0.992,OFF,OFF,0.684,ON,1.328,16.078,19,0,0.801,0.801,2.383,0.801,0.918,2.031
1836,47.843,0,16.078,14,-0.004,0.051,OFF,ECT 5th,NA,OFF,97.768,97.768,13.725,0,Not Avl,0,0,0,0,ON,ON,0,0,1
1837,0,14.159,Not Avl,Compl,Compl,Unable,ON,Not Avl,Compl,Compl,Unable,OFF,38.281,38.281,29.375,29.375,19.531,39.551,15.686,31.765,0.781,1.582,ON,0
1838,OFF,ON,ON,1.001,1.001,0,-0.012,3.293,3.279,0,97,51199.219,13.906,23.529,OFF,OFF,OFF,OFF,OFF,OFF,OFF,OFF,Avail,Incmpl
1839,Incmpl,Enable,Avail,486.800,329.200,486.800,329.200,ON,Avail,Compl,Enable,75,0,0,0,0,0,0,6,A,0,0,Avail,Incmpl
1840,Incmpl,Enable,OFF,OFF,785,1035,51199.219,51199.219,51199.219,51199.219,51199.219,51199.219,1GRFE ,48.235,Avail,Incmpl,Incmpl,Enable,7.996,ON,OFF,OFF,OFF,ON
1841,ON,Avail,Compl,Enable,Compl,CL,CL,Compl,Unable,Not Avl,Compl,Compl,Enable,OFF,0,15.500,508,ON,13.750,15,0.104,2337,17,21
1842,-3,OFF,0,4.688,5.780,OFF,0,0,64,Avail,Compl,Enable,0,GRN2#  ,2011,ON,0,ACTIVE,ACTIVE,0.967,0.952,0.700,0.780,53.820
1843,57.387,Avail,Compl,Avail,Incmpl,Incmpl,Enable,OBD II (California ARB),OFF,OFF,44.141,-0.055,OFF,0,OFF,1st,OFF,OFF,OFF,OFF,OFF,OFF,0,0
1844,ON,OFF,1000,0,OFF,OFF,OFF,ON,Gasoline,0.993,OFF,OFF,0.684,ON,1.328,16.078,19,0,0.801,0.801,2.383,0.801,0.918,2.031
1845,47.843,0,16.078,14,-0.004,0.051,OFF,ECT 5th,NA,OFF,97.812,97.812,14.118,0,Not Avl,0,0,0,0,ON,ON,0,0,1
1846,0,14.160,Not Avl,Compl,Compl,Unable,ON,Not Avl,Compl,Compl,Unable,OFF,38.281,38.281,29.375,29.375,19.531,39.551,15.686,31.765,0.781,1.582,ON,0
1847,OFF,ON,ON,0.997,0.997,-0.016,-0.027,3.269,3.254,0,97,51199.219,13.906,23.529,OFF,OFF,OFF,OFF,OFF,OFF,OFF,OFF,Avail,Incmpl
1848,Incmpl,Enable,Avail,486.800,329.200,486.800,329.200,ON,Avail,Compl,Enable,75,0,0,0,0,0,0,6,A,0,0,Avail,Incmpl
1849,Incmpl,Enable,OFF,OFF,785,1031.250,51199.219,51199.219,51199.219,51199.219,51199.219,51199.219,1GRFE ,48.235,Avail,Incmpl,Incmpl,Enable,7.996,ON,OFF,OFF,OFF,ON
1850,ON,Avail,Compl,Enable,Compl,CL,CL,Compl,Unable,Not Avl,Compl,Compl,Enable,OFF,0,15.500,532,ON,13.750,15,0.104,2330,17,21
1851,-3,OFF,0,4.688,5.710,OFF,0,0,64,Avail,Compl,Enable,0,GRN2#  ,2011,ON,0,ACTIVE,ACTIVE,0.967,0.947,0.700,0.780,53.172
1852,56.738,Avail,Compl,Avail,Incmpl,Incmpl,Enable,OBD II (California ARB),OFF,OFF,44.141,-0.055,OFF,0,OFF,1st,OFF,OFF,OFF,OFF,OFF,OFF,0,0
1853,ON,OFF,1000,0,OFF,OFF,OFF,ON,Gasoline,0.992,OFF,OFF,0.684,ON,1.328,16.078,19,0,0.801,0.801,2.383,0.801,0.918,2.031
1854,47.843,0,16.078,14,0,0.051,OFF,ECT 5th,NA,OFF,97.768,97.790,13.725,0,Not Avl,0,0,0,0,ON,ON,0,0,1
1855,0,14.142,Not Avl,Compl,Compl,Unable,ON,Not Avl,Compl,Compl,Unable,OFF,38.281,38.281,29.375,29.375,19.531,39.551,15.686,31.765,0.781,1.582,ON,0
1856,OFF,ON,ON,1.000,0.999,-0.008,-0.016,3.283,3.269,0,97,51199.219,13.906,23.137,OFF,OFF,OFF,OFF,OFF,OFF,OFF,OFF,Avail,Incmpl
1857,Incmpl,Enable,Avail,486.700,329.200,486.700,329.200,ON,Avail,Compl,Enable,75,0,0,0,0,0,0,6,A,0,0,Avail,Incmpl
1858,Incmpl,Enable,OFF,OFF,786,1039.750,51199.219,51199.219,51199.219,51199.219,51199.219,51199.219,1GRFE ,48.235,Avail,Incmpl,Incmpl,Enable,7.996,ON,OFF,OFF,OFF,ON
1859,ON,Avail,Compl,Enable,Compl,CL,CL,Compl,Unable,Not Avl,Compl,Compl,Enable,OFF,0,15.500,555,ON,13.750,15,0.104,2308,17,21
1860,-3,OFF,0,4.688,5.710,OFF,0,0,66,Avail,Compl,Enable,0,GRN2#  ,2011,ON,0,ACTIVE,ACTIVE,0.967,0.952,0.700,0.780,53.496
1861,56.738,Avail,Compl,Avail,Incmpl,Incmpl,Enable,OBD II (California ARB),OFF,OFF,43.896,-0.055,OFF,0,OFF,1st,OFF,OFF,OFF,OFF,OFF,OFF,0,0
1862,ON,OFF,1000,0,OFF,OFF,OFF,ON,Gasoline,0.992,OFF,OFF,0.684,ON,1.328,16.078,19,0,0.801,0.801,2.383,0.801,0.918,2.031
1863,47.843,0,16.078,14,0,0.051,OFF,ECT 5th,NA,OFF,97.812,97.790,13.725,0,Not Avl,0,0,0,0,ON,ON,0,0,1
1864,0,14.159,Not Avl,Compl,Compl,Unable,ON,Not Avl,Compl,Compl,Unable,OFF,38.281,38.281,29.375,29.375,19.531,39.551,15.686,31.765,0.781,1.582,ON,0
1865,OFF,ON,ON,1.000,1.003,-0.008,-0.008,3.283,3.283,0,97,51199.219,13.906,23.137,OFF,OFF,OFF,OFF,OFF,OFF,OFF,OFF,Avail,Incmpl
1866,Incmpl,Enable,Avail,486.700,329.200,486.700,329.200,ON,Avail,Compl,Enable,75,0,0,0,0,0,0,6,A,0,0,Avail,Incmpl
1867,Incmpl,Enable,OFF,OFF,786,1032,51199.219,51199.219,51199.219,51199.219,51199.219,51199.219,1GRFE ,48.235,Avail,Incmpl,Incmpl,Enable,7.996,ON,OFF,OFF,OFF,ON
1868,ON,Avail,Compl,Enable,Compl,CL,CL,Compl,Unable,Not Avl,Compl,Compl,Enable,OFF,0,15.500,577,ON,13.750,15,0.104,2330,17,21
1869,-3,OFF,0,4.688,5.710,OFF,0,0,66,Avail,Compl,Enable,0,GRN2#  ,2011,ON,0,ACTIVE,ACTIVE,0.967,0.952,0.700,0.780,53.496
1870,56.414,Avail,Compl,Avail,Incmpl,Incmpl,Enable,OBD II (California ARB),OFF,OFF,43.896,-0.055,OFF,0,OFF,1st,OFF,OFF,OFF,OFF,OFF,OFF,0,0
1871,ON,OFF,1000,0,OFF,OFF,OFF,ON,Gasoline,0.989,OFF,OFF,0.684,ON,1.328,16.078,19,0,0.801,0.801,2.383,0.801,0.918,2.031
1872,47.843,0,16.078,14,0,0.051,OFF,ECT 5th,NA,OFF,97.768,97.680,13.725,0,Not Avl,0,0,0,0,ON,ON,0,0,1
1873,0,14.159,Not Avl,Compl,Compl,Unable,ON,Not Avl,Compl,Compl,Unable,OFF,38.281,38.281,29.375,29.375,19.531,39.551,15.686,31.765,0.781,1.582,ON,0
1874,OFF,ON,ON,0.999,0.998,-0.012,-0.023,3.279,3.259,0,97,51199.219,13.906,23.529,OFF,OFF,OFF,OFF,OFF,OFF,OFF,OFF,Avail,Incmpl
1875,Incmpl,Enable,Avail,486.700,329.100,486.700,329.100,ON,Avail,Compl,Enable,75,0,0,0,0,0,0,6,A,0,0,Avail,Incmpl
1876,Incmpl,Enable,OFF,OFF,787,1034.250,51199.219,51199.219,51199.219,51199.219,51199.219,51199.219,1GRFE ,48.235,Avail,Incmpl,Incmpl,Enable,7.996,ON,OFF,OFF,OFF,ON
1877,ON,Avail,Compl,Enable,Compl,CL,CL,Compl,Unable,Not Avl,Compl,Compl,Enable,OFF,0,15.500,598,ON,13.750,15,0.104,2323,17,21
1878,-3,OFF,0,4.688,5.710,OFF,0,0,67,Avail,Compl,Enable,0,GRN2#  ,2011,ON,0,ACTIVE,ACTIVE,0.967,0.952,0.700,0.780,53.172
1879,57.062,Avail,Compl,Avail,Incmpl,Incmpl,Enable,OBD II (California ARB),OFF,OFF,44.257,-0.055,OFF,0,OFF,1st,OFF,OFF,OFF,OFF,OFF,OFF,0,0
1880,ON,OFF,1000,0,OFF,OFF,OFF,ON,Gasoline,0.989,OFF,OFF,0.684,ON,1.328,16.078,19,0,0.801,0.801,2.383,0.801,0.918,2.031
1881,47.843,0,16.078,14,0,0.051,OFF,ECT 5th,NA,OFF,97.812,97.922,13.725,0,Not Avl,0,0,0,0,ON,ON,0,0,1
1882,0,14.159,Not Avl,Compl,Compl,Unable,ON,Not Avl,Compl,Compl,Unable,OFF,38.281,38.281,29.375,29.375,19.531,39.551,15.686,31.765,0.781,1.582,ON,0
1883,OFF,ON,ON,0.996,0.996,-0.023,-0.027,3.259,3.254,0,97,51199.219,13.886,23.137,OFF,OFF,OFF,OFF,OFF,OFF,OFF,OFF,Avail,Incmpl
1884,Incmpl,Enable,Avail,486.700,329.100,486.700,329.100,ON,Avail,Compl,Enable,75,0,0,0,0,0,0,6,A,0,0,Avail,Incmpl
1885,Incmpl,Enable,OFF,OFF,787,1028.750,51199.219,51199.219,51199.219,51199.219,51199.219,51199.219,1GRFE ,48.235,Avail,Incmpl,Incmpl,Enable,7.996,ON,OFF,OFF,OFF,ON
1886,ON,Avail,Compl,Enable,Compl,CL,CL,Compl,Unable,Not Avl,Compl,Compl,Enable,OFF,0,15.500,18,ON,13.750,15,0.104,2319,17,21
1887,-3,OFF,0,4.688,5.710,OFF,0,0,67,Avail,Compl,Enable,0,GRN2#  ,2011,ON,0,ACTIVE,ACTIVE,0.967,0.952,0.700,0.780,53.496
1888,56.414,Avail,Compl,Avail,Incmpl,Incmpl,Enable,OBD II (California ARB),OFF,OFF,43.896,-0.055,OFF,0,OFF,1st,OFF,OFF,OFF,OFF,OFF,OFF,0,0
1889,ON,OFF,1000,0,OFF,OFF,OFF,ON,Gasoline,0.989,OFF,OFF,0.684,ON,1.328,16.078,20,0,0.801,0.801,2.383,0.801,0.918,2.031
1890,47.843,0,16.078,14,0,0.051,OFF,ECT 5th,NA,OFF,97.812,97.922,13.725,0,Not Avl,0,0,0,0,ON,ON,0,0,1
1891,0,14.159,Not Avl,Compl,Compl,Unable,ON,Not Avl,Compl,Compl,Unable,OFF,38.281,38.281,29.375,29.375,19.531,39.551,15.686,31.765,0.781,1.582,ON,0
1892,OFF,ON,ON,0.995,0.999,-0.020,-0.016,3.264,3.269,0,97,51199.219,13.906,23.137,OFF,OFF,OFF,OFF,OFF,OFF,OFF,OFF,Avail,Incmpl
1893,Incmpl,Enable,Avail,486.700,329.100,486.700,329.100,ON,Avail,Compl,Enable,75,0,0,0,0,0,0,6,A,0,0,Avail,Incmpl
1894,Incmpl,Enable,OFF,OFF,788,1035.750,51199.219,51199.219,51199.219,51199.219,51199.219,51199.219,1GRFE ,48.235,Avail,Incmpl,Incmpl,Enable,7.996,ON,OFF,OFF,OFF,ON
1895,ON,Avail,Compl,Enable,Compl,CL,CL,Compl,Unable,Not Avl,Compl,Compl,Enable,OFF,0,15.500,43,ON,13.750,15,0.104,2315,17,21
1896,-3,OFF,0,4.688,5.750,OFF,0,0,67,Avail,Compl,Enable,0,GRN2#  ,2011,ON,0,ACTIVE,ACTIVE,0.967,0.952,0.700,0.780,53.172
1897,56.090,Avail,Compl,Avail,Incmpl,Incmpl,Enable,OBD II (California ARB),OFF,OFF,43.896,-0.055,OFF,0,OFF,1st,OFF,OFF,OFF,OFF,OFF,OFF,0,0
1898,ON,OFF,1000,0,OFF,OFF,OFF,ON,Gasoline,0.993,OFF,OFF,0.684,ON,1.328,16.078,19,0,0.801,0.801,2.383,0.801,0.918,2.031
1899,47.843,0,16.078,14,0,0.051,OFF,ECT 5th,NA,OFF,97.768,97.702,13.725,0,Not Avl,0,0,0,0,ON,ON,0,0,1
1900,0,14.159,Not Avl,Compl,Compl,Unable,ON,Not Avl,Compl,Compl,Unable,OFF,38.281,38.281,29.375,29.375,19.531,39.551,15.686,31.765,0.781,1.582,ON,0
1901,OFF,ON,ON,0.999,1.001,-0.012,-0.016,3.274,3.269,0,97,51199.219,13.906,23.529,OFF,OFF,OFF,OFF,OFF,OFF,OFF,OFF,Avail,Incmpl
1902,Incmpl,Enable,Avail,486.700,329,486.700,329,ON,Avail,Compl,Enable,75,0,0,0,0,0,0,6,A,0,0,Avail,Incmpl
1903,Incmpl,Enable,OFF,OFF,788,1032.750,51199.219,51199.219,51199.219,51199.219,51199.219,51199.219,1GRFE ,48.235,Avail,Incmpl,Incmpl,Enable,7.996,ON,OFF,OFF,OFF,ON
1904,ON,Avail,Compl,Enable,Compl,CL,CL,Compl,Unable,Not Avl,Compl,Compl,Enable,OFF,0,15.500,66,ON,13.750,15,0.104,2323,17,21
1905,-3,OFF,0,4.688,5.710,OFF,0,0,51,Avail,Compl,Enable,0,GRN2#  ,2011,ON,0,ACTIVE,ACTIVE,0.967,0.947,0.700,0.760,53.496
1906,56.090,Avail,Compl,Avail,Incmpl,Incmpl,Enable,OBD II (California ARB),OFF,OFF,44.141,-0.055,OFF,0,OFF,1st,OFF,OFF,OFF,OFF,OFF,OFF,0,0
1907,ON,OFF,1000,0,OFF,OFF,OFF,ON,Gasoline,0.992,OFF,OFF,0.684,ON,1.328,16.078,19,0,0.801,0.801,2.383,0.801,0.918,2.031
1908,47.843,0,16.078,14,0,0.051,OFF,ECT 5th,NA,OFF,97.812,97.900,13.725,0,Not Avl,0,0,0,0,ON,ON,0,0,1
1909,0,14.150,Not Avl,Compl,Compl,Unable,ON,Not Avl,Compl,Compl,Unable,OFF,38.281,38.281,29.375,29.375,19.531,39.551,15.686,31.765,0.781,1.582,ON,0
1910,OFF,ON,ON,1.001,0.999,0,-0.020,3.293,3.264,0,97,51199.219,13.906,23.529,OFF,OFF,OFF,OFF,OFF,OFF,OFF,OFF,Avail,Incmpl
1911,Incmpl,Enable,Avail,486.700,329,486.700,329,ON,Avail,Compl,Enable,75,0,0,0,0,0,0,6,A,0,0,Avail,Incmpl
1912,Incmpl,Enable,OFF,OFF,788,1028,51199.219,51199.219,51199.219,51199.219,51199.219,51199.219,1GRFE ,48.235,Avail,Incmpl,Incmpl,Enable,7.996,ON,OFF,OFF,OFF,ON
1913,ON,Avail,Compl,Enable,Compl,CL,CL,Compl,Unable,Not Avl,Compl,Compl,Enable,OFF,0,15.500,84,ON,13.750,15,0.103,2337,17,21
1914,-3,OFF,0,4.688,5.730,OFF,0,0,51,Avail,Compl,Enable,0,GRN2#  ,2011,ON,0,ACTIVE,ACTIVE,0.967,0.947,0.700,0.760,53.172
1915,55.766,Avail,Compl,Avail,Incmpl,Incmpl,Enable,OBD II (California ARB),OFF,OFF,43.896,-0.055,OFF,0,OFF,1st,OFF,OFF,OFF,OFF,OFF,OFF,0,0
1916,ON,OFF,1000,0,OFF,OFF,OFF,ON,Gasoline,0.992,OFF,OFF,0.684,ON,1.328,16.078,19,0,0.801,0.801,2.383,0.801,0.918,2.031
1917,47.843,0,16.078,14,0,0.051,OFF,ECT 5th,NA,OFF,97.790,97.746,14.118,0,Not Avl,0,0,0,0,ON,ON,0,0,1
1918,0,14.159,Not Avl,Compl,Compl,Unable,ON,Not Avl,Compl,Compl,Unable,OFF,38.281,38.281,29.375,29.375,19.531,39.551,15.686,31.765,0.781,1.582,ON,0
1919,OFF,ON,ON,1.002,0.996,0.012,-0.016,3.293,3.249,0,97,51199.219,13.906,23.137,OFF,OFF,OFF,OFF,OFF,OFF,OFF,OFF,Avail,Incmpl
1920,Incmpl,Enable,Avail,486.600,328.900,486.600,328.900,ON,Avail,Compl,Enable,75,0,0,0,0,0,0,6,A,0,0,Avail,Incmpl
1921,Incmpl,Enable,OFF,OFF,789,1031.250,51199.219,51199.219,51199.219,51199.219,51199.219,51199.219,1GRFE ,48.235,Avail,Incmpl,Incmpl,Enable,7.996,ON,OFF,OFF,OFF,ON
1922,ON,Avail,Compl,Enable,Compl,CL,CL,Compl,Unable,Not Avl,Compl,Compl,Enable,OFF,0,15.500,105,ON,13.750,15,0.103,2330,17,21
1923,-3,OFF,0,4.688,5.710,OFF,0,0,61,Avail,Compl,Enable,0,GRN2#  ,2011,ON,0,ACTIVE,ACTIVE,0.967,0.947,0.700,0.760,53.820
1924,55.766,Avail,Compl,Avail,Incmpl,Incmpl,Enable,OBD II (California ARB),OFF,OFF,43.896,-0.055,OFF,0,OFF,1st,OFF,OFF,OFF,OFF,OFF,OFF,0,0
1925,ON,OFF,1000,0,OFF,OFF,OFF,ON,Gasoline,0.989,OFF,OFF,0.684,ON,1.328,16.078,19,0,0.801,0.801,2.383,0.801,0.918,2.031
1926,47.843,0,16.078,14,0,0.051,OFF,ECT 5th,NA,OFF,97.768,97.680,13.725,0,Not Avl,0,0,0,0,ON,ON,0,0,1
1927,0,14.159,Not Avl,Compl,Compl,Unable,ON,Not Avl,Compl,Compl,Unable,OFF,38.281,38.281,29.375,29.375,19.531,39.551,15.686,31.765,0.781,1.582,ON,0
1928,OFF,ON,ON,1.002,1.000,0,-0.016,3.298,3.269,0,97,51199.219,13.906,23.137,OFF,OFF,OFF,OFF,OFF,OFF,OFF,OFF,Avail,Incmpl
1929,Incmpl,Enable,Avail,486.600,328.900,486.600,328.900,ON,Avail,Compl,Enable,75,0,0,0,0,0,0,6,A,0,0,Avail,Incmpl
1930,Incmpl,Enable,OFF,OFF,789,1031.250,51199.219,51199.219,51199.219,51199.219,51199.219,51199.219,1GRFE ,48.235,Avail,Incmpl,Incmpl,Enable,7.996,ON,OFF,OFF,OFF,ON
1931,ON,Avail,Compl,Enable,Compl,CL,CL,Compl,Unable,Not Avl,Compl,Compl,Enable,OFF,0,15.500,128,ON,13.750,15,0.103,2330,17,21
1932,-3,OFF,0,4.688,5.700,OFF,0,0,61,Avail,Compl,Enable,0,GRN2#  ,2011,ON,0,ACTIVE,ACTIVE,0.967,0.952,0.700,0.760,52.848
1933,55.766,Avail,Compl,Avail,Incmpl,Incmpl,Enable,OBD II (California ARB),OFF,OFF,43.774,-0.055,OFF,0,OFF,1st,OFF,OFF,OFF,OFF,OFF,OFF,0.781,0
1934,ON,OFF,1000,0,OFF,OFF,OFF,ON,Gasoline,0.988,OFF,OFF,0.684,ON,1.328,16.078,19,0,0.801,0.801,2.383,0.801,0.918,2.031
1935,47.843,0,16.078,14,0,0.051,OFF,ECT 5th,NA,OFF,97.812,97.944,13.725,0,Not Avl,0,0,0,0,ON,ON,0,0,1
1936,0,14.159,Not Avl,Compl,Compl,Unable,ON,Not Avl,Compl,Compl,Unable,OFF,38.281,38.281,29.375,29.375,19.531,39.551,15.686,31.765,0.781,1.582,ON,0
1937,OFF,ON,ON,1.000,0.998,-0.008,-0.020,3.283,3.264,0,97,51199.219,13.906,23.137,OFF,OFF,OFF,OFF,OFF,OFF,OFF,OFF,Avail,Incmpl
1938,Incmpl,Enable,Avail,486.600,328.900,486.600,328.900,ON,Avail,Compl,Enable,75,0,0,0,0,0,0,6,A,0,0,Avail,Incmpl
1939,Incmpl,Enable,OFF,OFF,790,1035.750,51199.219,51199.219,51199.219,51199.219,51199.219,51199.219,1GRFE ,48.235,Avail,Incmpl,Incmpl,Enable,7.996,ON,OFF,OFF,OFF,ON
1940,ON,Avail,Compl,Enable,Compl,CL,CL,Compl,Unable,Not Avl,Compl,Compl,Enable,OFF,0,15.500,152,ON,13.750,15,0.104,2330,17,21
1941,-3,OFF,0,4.688,5.710,OFF,0,0,61,Avail,Compl,Enable,0,GRN2#  ,2011,ON,0,Not Act,ACTIVE,0.967,0.947,0.700,0.760,53.172
1942,55.766,Avail,Compl,Avail,Incmpl,Incmpl,Enable,OBD II (California ARB),OFF,OFF,44.006,-0.055,OFF,0,OFF,1st,OFF,OFF,OFF,OFF,OFF,OFF,0.781,0
1943,ON,OFF,1000,0,OFF,OFF,OFF,ON,Gasoline,0.985,OFF,OFF,0.684,ON,1.328,16.078,19,0,0.801,0.801,2.383,0.801,0.918,2.031
1944,47.843,0,16.078,14,0,0.055,OFF,ECT 5th,NA,OFF,97.790,97.680,13.725,0,Not Avl,0,0,0,0,ON,ON,0,0,1
1945,0,14.159,Not Avl,Compl,Compl,Unable,ON,Not Avl,Compl,Compl,Unable,OFF,38.281,38.281,29.375,29.375,19.531,39.551,15.686,31.765,0.781,1.582,ON,0
1946,OFF,ON,ON,0.996,0.996,-0.016,-0.027,3.269,3.254,0,97,51199.219,13.906,23.529,OFF,OFF,OFF,OFF,OFF,OFF,OFF,OFF,Avail,Incmpl
1947,Incmpl,Enable,Avail,486.500,328.900,486.500,328.900,ON,Avail,Compl,Enable,75,0,0,0,0,0,0,6,A,0,0,Avail,Incmpl
1948,Incmpl,Enable,OFF,OFF,790,1032,51199.219,51199.219,51199.219,51199.219,51199.219,51199.219,1GRFE ,48.235,Avail,Incmpl,Incmpl,Enable,7.996,ON,OFF,OFF,OFF,ON
1949,ON,Avail,Compl,Enable,Compl,CL,CL,Compl,Unable,Not Avl,Compl,Compl,Enable,OFF,0,15.500,176,ON,13.750,15,0.104,2334,17,21
1950,-3,OFF,0,4.688,5.710,OFF,0,0,69,Avail,Compl,Enable,0,GRN2#  ,2011,ON,0,ACTIVE,ACTIVE,0.967,0.947,0.700,0.760,53.172
1951,55.117,Avail,Compl,Avail,Incmpl,Incmpl,Enable,OBD II (California ARB),OFF,OFF,43.896,-0.055,OFF,0,OFF,1st,OFF,OFF,OFF,OFF,OFF,OFF,0,0
1952,ON,OFF,1000,0,OFF,OFF,OFF,ON,Gasoline,0.987,OFF,OFF,0.684,ON,1.328,16.078,19,0,0.801,0.801,2.383,0.801,0.918,2.031
1953,47.843,0,16.078,14,0.004,0.051,OFF,ECT 5th,NA,OFF,97.812,97.944,13.725,0,Not Avl,0,0,0,0,ON,ON,0,0,1
1954,0,14.159,Not Avl,Compl,Compl,Unable,ON,Not Avl,Compl,Compl,Unable,OFF,38.281,38.281,29.375,29.375,19.531,39.551,15.686,31.765,0.781,1.582,ON,0
1955,OFF,ON,ON,0.994,0.997,-0.027,-0.023,3.254,3.259,0,97,51199.219,13.906,23.529,OFF,OFF,OFF,OFF,OFF,OFF,OFF,OFF,Avail,Incmpl
1956,Incmpl,Enable,Avail,486.500,328.900,486.500,328.900,ON,Avail,Compl,Enable,75,0,0,0,0,0,0,6,A,0,0,Avail,Incmpl
1957,Incmpl,Enable,OFF,OFF,791,1032,51199.219,51199.219,51199.219,51199.219,51199.219,51199.219,1GRFE ,48.235,Avail,Incmpl,Incmpl,Enable,7.996,ON,OFF,OFF,OFF,ON
1958,ON,Avail,Compl,Enable,Compl,CL,CL,Compl,Unable,Not Avl,Compl,Compl,Enable,OFF,0,15.500,199,ON,13.750,15,0.104,2319,17,21
1959,-3,OFF,0,4.688,5.710,OFF,0,0,69,Avail,Compl,Enable,0,GRN2#  ,2011,ON,0,ACTIVE,ACTIVE,0.967,0.947,0.700,0.760,53.172
1960,54.793,Avail,Compl,Avail,Incmpl,Incmpl,Enable,OBD II (California ARB),OFF,OFF,43.896,-0.055,OFF,0,OFF,1st,OFF,OFF,OFF,OFF,OFF,OFF,0,0
1961,ON,OFF,1000,0,OFF,OFF,OFF,ON,Gasoline,0.990,OFF,OFF,0.684,ON,1.328,16.078,19,0,0.801,0.801,2.383,0.801,0.918,2.031
1962,47.843,0,16.078,14,0.004,0.051,OFF,ECT 5th,NA,OFF,97.768,97.680,13.725,0,Not Avl,0,0,0,0,ON,ON,0,0,1
1963,0,14.149,Not Avl,Compl,Compl,Unable,ON,Not Avl,Compl,Compl,Unable,OFF,38.281,38.281,29.375,29.375,19.531,39.551,15.686,31.765,0.781,1.582,ON,0
1964,OFF,ON,ON,1.000,0.999,-0.004,-0.016,3.288,3.269,0,97,51199.219,13.886,23.529,OFF,OFF,OFF,OFF,OFF,OFF,OFF,OFF,Avail,Incmpl
1965,Incmpl,Enable,Avail,486.400,328.800,486.400,328.800,ON,Avail,Compl,Enable,75,0,0,0,0,0,0,6,A,0,0,Avail,Incmpl
1966,Incmpl,Enable,OFF,OFF,791,1022.500,51199.219,51199.219,51199.219,51199.219,51199.219,51199.219,1GRFE ,48.235,Avail,Incmpl,Incmpl,Enable,7.996,ON,OFF,OFF,OFF,ON
1967,ON,Avail,Compl,Enable,Compl,CL,CL,Compl,Unable,Not Avl,Compl,Compl,Enable,OFF,0,15.500,219,ON,13.750,15,0.104,2341,17,21
1968,-3,OFF,0,4.688,5.710,OFF,0,0,66,Avail,Compl,Enable,0,GRN2#  ,2011,ON,0,Not Act,ACTIVE,0.967,0.947,0.700,0.760,53.172
1969,54.793,Avail,Compl,Avail,Incmpl,Incmpl,Enable,OBD II (California ARB),OFF,OFF,43.896,-0.055,OFF,0,OFF,1st,OFF,OFF,OFF,OFF,OFF,OFF,0,0
1970,ON,OFF,1000,0,OFF,OFF,OFF,ON,Gasoline,0.991,OFF,OFF,0.684,ON,1.328,16.078,19,0,0.801,0.801,2.383,0.801,0.918,2.031
1971,47.843,0,16.078,14,0.004,0.051,OFF,ECT 5th,NA,OFF,97.768,97.746,14.118,0,Not Avl,0,0,0,0,ON,ON,0,0,1
1972,0,14.158,Not Avl,Compl,Compl,Unable,ON,Not Avl,Compl,Compl,Unable,OFF,38.281,38.281,29.375,29.375,19.531,39.551,15.686,31.765,0.781,1.582,ON,0
1973,OFF,ON,ON,1.000,0.998,-0.008,-0.023,3.283,3.259,0,97,51199.219,13.886,23.529,OFF,OFF,OFF,OFF,OFF,OFF,OFF,OFF,Avail,Incmpl
1974,Incmpl,Enable,Avail,486.400,328.800,486.400,328.800,ON,Avail,Compl,Enable,75,0,0,0,0,0,0,6,A,0,0,Avail,Incmpl
1975,Incmpl,Enable,OFF,OFF,791,1025.750,51199.219,51199.219,51199.219,51199.219,51199.219,51199.219,1GRFE ,48.235,Avail,Incmpl,Incmpl,Enable,7.996,ON,OFF,OFF,OFF,ON
1976,ON,Avail,Compl,Enable,Compl,CL,CL,Compl,Unable,Not Avl,Compl,Compl,Enable,OFF,0,15.500,241,ON,13.750,15,0.104,2337,17,21
1977,-3,OFF,0,4.688,5.710,OFF,0,0,66,Avail,Compl,Enable,0,GRN2#  ,2011,ON,0,ACTIVE,ACTIVE,0.967,0.952,0.700,0.760,53.496
1978,54.793,Avail,Compl,Avail,Incmpl,Incmpl,Enable,OBD II (California ARB),OFF,OFF,44.025,-0.055,OFF,0,OFF,1st,OFF,OFF,OFF,OFF,OFF,OFF,0,0
1979,ON,OFF,1000,0,OFF,OFF,OFF,ON,Gasoline,0.990,OFF,OFF,0.684,ON,1.328,16.078,19,0,0.801,0.801,2.383,0.801,0.918,2.031
1980,47.843,0,16.078,14,0.004,0.051,OFF,ECT 5th,NA,OFF,97.812,97.900,14.118,0,Not Avl,0,0,0,0,ON,ON,0,0,1
1981,0,14.152,Not Avl,Compl,Compl,Unable,ON,Not Avl,Compl,Compl,Unable,OFF,38.281,38.281,29.375,29.375,19.531,39.551,15.686,31.765,0.781,1.582,ON,0
1982,OFF,ON,ON,0.998,0.998,-0.012,-0.016,3.279,3.269,0,97,51199.219,13.906,23.529,OFF,OFF,OFF,OFF,OFF,OFF,OFF,OFF,Avail,Incmpl
1983,Incmpl,Enable,Avail,486.400,328.700,486.400,328.700,ON,Avail,Compl,Enable,75,0,0,0,0,0,0,6,A,0,0,Avail,Incmpl
1984,Incmpl,Enable,OFF,OFF,792,1027.250,51199.219,51199.219,51199.219,51199.219,51199.219,51199.219,1GRFE ,48.235,Avail,Incmpl,Incmpl,Enable,7.996,ON,OFF,OFF,OFF,ON
1985,ON,Avail,Compl,Enable,Compl,CL,CL,Compl,Unable,Not Avl,Compl,Compl,Enable,OFF,0,15.500,264,ON,13.750,15,0.104,2330,17,21
1986,-3,OFF,0,4.688,5.730,OFF,0,0,75,Avail,Compl,Enable,0,GRN2#  ,2011,ON,0,ACTIVE,ACTIVE,0.967,0.947,0.700,0.760,53.496
1987,54.793,Avail,Compl,Avail,Incmpl,Incmpl,Enable,OBD II (California ARB),OFF,OFF,43.896,-0.055,OFF,0,OFF,1st,OFF,OFF,OFF,OFF,OFF,OFF,0,0
1988,ON,OFF,1000,0,OFF,OFF,OFF,ON,Gasoline,0.990,OFF,OFF,0.684,ON,1.328,16.078,19,0,0.801,0.801,2.383,0.801,0.918,2.031
1989,47.843,0,16.078,14,0.004,0.051,OFF,ECT 5th,NA,OFF,97.768,97.680,14.118,0,Not Avl,0,0,0,0,ON,ON,0,0,1
1990,0,14.159,Not Avl,Compl,Compl,Unable,ON,Not Avl,Compl,Compl,Unable,OFF,38.281,38.281,29.375,29.375,19.531,39.551,15.686,31.765,0.781,1.582,ON,0
1991,OFF,ON,ON,1.001,1.001,0,-0.008,3.293,3.283,0,97,51199.219,13.886,23.137,OFF,OFF,OFF,OFF,OFF,OFF,OFF,OFF,Avail,Incmpl
1992,Incmpl,Enable,Avail,486.400,328.700,486.400,328.700,ON,Avail,Compl,Enable,75,0,0,0,0,0,0,6,A,0,0,Avail,Incmpl
1993,Incmpl,Enable,OFF,OFF,792,1035,51199.219,51199.219,51199.219,51199.219,51199.219,51199.219,1GRFE ,47.843,Avail,Incmpl,Incmpl,Enable,7.996,ON,OFF,OFF,OFF,ON
1994,ON,Avail,Compl,Enable,Compl,CL,CL,Compl,Unable,Not Avl,Compl,Compl,Enable,OFF,0,15.500,288,ON,13.750,15,0.104,2326,17,21
1995,-3,OFF,0,4.688,5.710,OFF,0,0,75,Avail,Compl,Enable,0,GRN2#  ,2011,ON,0,ACTIVE,ACTIVE,0.967,0.952,0.700,0.760,53.172
1996,54.469,Avail,Compl,Avail,Incmpl,Incmpl,Enable,OBD II (California ARB),OFF,OFF,44.006,-0.055,OFF,0,OFF,1st,OFF,OFF,OFF,OFF,OFF,OFF,0.781,0
1997,ON,OFF,1000,0,OFF,OFF,OFF,ON,Gasoline,0.988,OFF,OFF,0.684,ON,1.328,16.078,19,0,0.801,0.801,2.383,0.801,0.918,2.031
1998,47.843,0,16.078,14,0.004,0.051,OFF,ECT 5th,NA,OFF,97.812,97.922,13.725,0,Not Avl,0,0,0,0,ON,ON,0,0,1
1999,0,14.159,Not Avl,Compl,Compl,Unable,ON,Not Avl,Compl,Compl,Unable,OFF,38.281,38.281,29.375,29.375,19.531,39.551,15.686,31.765,0.781,1.582,ON,0
2000,OFF,ON,ON,1.002,1.002,0,-0.008,3.303,3.283,0,97,51199.219,13.906,23.137,OFF,OFF,OFF,OFF,OFF,OFF,OFF,OFF,Avail,Incmpl
2001,Incmpl,Enable,Avail,486.400,328.700,486.400,328.700,ON,Avail,Compl,Enable,75,0,0,0,0,0,0,6,A,0,0,Avail,Incmpl
2002,Incmpl,Enable,OFF,OFF,793,1037.500,51199.219,51199.219,51199.219,51199.219,51199.219,51199.219,1GRFE ,48.235,Avail,Incmpl,Incmpl,Enable,7.996,ON,OFF,OFF,OFF,ON
2003,ON,Avail,Compl,Enable,Compl,CL,CL,Compl,Unable,Not Avl,Compl,Compl,Enable,OFF,0,15.500,310,ON,13.750,15,0.104,2337,17,21
2004,-3,OFF,0,4.688,5.710,OFF,0,0,75,Avail,Compl,Enable,0,GRN2#  ,2011,ON,0,ACTIVE,Not Act,0.967,0.952,0.700,0.760,53.496
2005,54.469,Avail,Compl,Avail,Incmpl,Incmpl,Enable,OBD II (California ARB),OFF,OFF,44.006,-0.055,OFF,0,OFF,1st,OFF,OFF,OFF,OFF,OFF,OFF,0.781,0
2006,ON,OFF,1000,0,OFF,OFF,OFF,ON,Gasoline,0.987,OFF,OFF,0.684,ON,1.328,16.078,19,0,0.801,0.801,2.383,0.801,0.918,2.031
2007,47.843,0,16.078,14,0.004,0.051,OFF,ECT 5th,NA,OFF,97.768,97.680,13.725,0,Not Avl,0,0,0,0,ON,ON,0,0,1
2008,0,14.159,Not Avl,Compl,Compl,Unable,ON,Not Avl,Compl,Compl,Unable,OFF,38.281,38.281,29.375,29.375,19.531,39.551,15.686,31.765,0.781,1.582,ON,0
2009,OFF,ON,ON,0.994,0.999,-0.027,-0.016,3.254,3.269,0,97,51199.219,13.906,23.137,OFF,OFF,OFF,OFF,OFF,OFF,OFF,OFF,Avail,Incmpl
2010,Incmpl,Enable,Avail,486.300,328.600,486.300,328.600,ON,Avail,Compl,Enable,75,0,0,0,0,0,0,6,A,0,0,Avail,Incmpl
2011,Incmpl,Enable,OFF,OFF,793,1037.500,51199.219,51199.219,51199.219,51199.219,51199.219,51199.219,1GRFE ,47.843,Avail,Incmpl,Incmpl,Enable,7.996,ON,OFF,OFF,OFF,ON
2012,ON,Avail,Compl,Enable,Compl,CL,CL,Compl,Unable,Not Avl,Compl,Compl,Enable,OFF,0,15.500,340,ON,13.750,15,0.104,2330,17,21
2013,-3,OFF,0,4.688,5.710,OFF,0,0,75,Avail,Compl,Enable,0,GRN2#  ,2011,ON,0,ACTIVE,ACTIVE,0.967,0.947,0.700,0.760,53.496
2014,54.469,Avail,Compl,Avail,Incmpl,Incmpl,Enable,OBD II (California ARB),OFF,OFF,44.128,-0.055,OFF,0,OFF,1st,OFF,OFF,OFF,OFF,OFF,OFF,0,0.781
2015,ON,OFF,1000,0,OFF,OFF,OFF,ON,Gasoline,0.987,OFF,OFF,0.684,ON,1.328,16.078,19,0,0.801,0.801,2.383,0.801,0.918,2.031
2016,47.843,0,16.078,14,0.004,0.051,OFF,ECT 5th,NA,OFF,97.790,97.746,13.725,0,Not Avl,0,0,0,0,ON,ON,0,0,1
2017,0,14.159,Not Avl,Compl,Compl,Unable,ON,Not Avl,Compl,Compl,Unable,OFF,38.281,38.281,29.375,29.375,19.531,39.551,15.686,31.765,0.781,1.582,ON,0
2018,OFF,ON,ON,0.996,0.994,-0.020,-0.035,3.264,3.239,0,97,51199.219,13.906,23.529,OFF,OFF,OFF,OFF,OFF,OFF,OFF,OFF,Avail,Incmpl
2019,Incmpl,Enable,Avail,486.300,328.600,486.300,328.600,ON,Avail,Compl,Enable,75,0,0,0,0,0,0,6,A,0,0,Avail,Incmpl
2020,Incmpl,Enable,OFF,OFF,794,1028.750,51199.219,51199.219,51199.219,51199.219,51199.219,51199.219,1GRFE ,48.235,Avail,Incmpl,Incmpl,Enable,7.996,ON,OFF,OFF,OFF,ON
2021,ON,Avail,Compl,Enable,Compl,CL,CL,Compl,Unable,Not Avl,Compl,Compl,Enable,OFF,0,15.500,365,ON,13.750,15,0.104,2341,17,21
2022,-3,OFF,0,4.688,5.710,OFF,0,0,75,Avail,Compl,Enable,0,GRN2#  ,2011,ON,0,ACTIVE,Not Act,0.967,0.952,0.700,0.760,52.848
2023,54.469,Avail,Compl,Avail,Incmpl,Incmpl,Enable,OBD II (California ARB),OFF,OFF,44.025,-0.055,OFF,0,OFF,1st,OFF,OFF,OFF,OFF,OFF,OFF,0,0
2024,ON,OFF,1000,0,OFF,OFF,OFF,ON,Gasoline,0.990,OFF,OFF,0.684,ON,1.328,16.078,19,0,0.801,0.801,2.383,0.801,0.918,2.031
2025,47.843,0,16.078,14,0.004,0.051,OFF,ECT 5th,NA,OFF,97.812,97.856,13.725,0,Not Avl,0,0,0,0,ON,ON,0,0,1
2026,0,14.159,Not Avl,Compl,Compl,Unable,ON,Not Avl,Compl,Compl,Unable,OFF,38.281,38.281,29.375,29.375,19.531,39.551,15.686,31.765,0.781,1.582,ON,0
2027,OFF,ON,ON,0.993,0.993,-0.027,-0.039,3.254,3.230,0,97,51199.219,13.906,23.529,OFF,OFF,OFF,OFF,OFF,OFF,OFF,OFF,Avail,Incmpl
2028,Incmpl,Enable,Avail,486.300,328.500,486.300,328.500,ON,Avail,Compl,Enable,75,0,0,0,0,0,0,6,A,0,0,Avail,Incmpl
2029,Incmpl,Enable,OFF,OFF,794,1023.250,51199.219,51199.219,51199.219,51199.219,51199.219,51199.219,1GRFE ,48.235,Avail,Incmpl,Incmpl,Enable,7.996,ON,OFF,OFF,OFF,ON
2030,ON,Avail,Compl,Enable,Compl,CL,CL,Compl,Unable,Not Avl,Compl,Compl,Enable,OFF,0,15.500,388,ON,13.750,15,0.104,2337,17,21
2031,-3,OFF,0,4.688,5.710,OFF,0,0,67,Avail,Compl,Enable,0,GRN2#  ,2011,ON,0,ACTIVE,ACTIVE,0.967,0.952,0.700,0.760,53.172
2032,54.793,Avail,Compl,Avail,Incmpl,Incmpl,Enable,OBD II (California ARB),OFF,OFF,43.896,-0.055,OFF,0,OFF,1st,OFF,OFF,OFF,OFF,OFF,OFF,0,0
2033,ON,OFF,1000,0,OFF,OFF,OFF,ON,Gasoline,0.992,OFF,OFF,0.684,ON,1.328,16.078,19,0,0.801,0.801,2.383,0.801,0.918,2.031
2034,47.843,0,16.078,14,0.004,0.051,OFF,ECT 5th,NA,OFF,97.768,97.746,14.118,0,Not Avl,0,0,0,0,ON,ON,0,0,1
2035,0,14.149,Not Avl,Compl,Compl,Unable,ON,Not Avl,Compl,Compl,Unable,OFF,38.281,38.281,29.375,29.375,19.531,39.551,15.686,31.765,0.781,1.582,ON,0
2036,OFF,ON,ON,0.999,0.993,-0.008,-0.039,3.283,3.235,0,97,51199.219,13.906,23.137,OFF,OFF,OFF,OFF,OFF,OFF,OFF,OFF,Avail,Incmpl
2037,Incmpl,Enable,Avail,486.300,328.500,486.300,328.500,ON,Avail,Compl,Enable,75,0,0,0,0,0,0,6,A,0,0,Avail,Incmpl
2038,Incmpl,Enable,OFF,OFF,795,1031.250,51199.219,51199.219,51199.219,51199.219,51199.219,51199.219,1GRFE ,48.235,Avail,Incmpl,Incmpl,Enable,7.996,ON,OFF,OFF,OFF,ON
2039,ON,Avail,Compl,Enable,Compl,CL,CL,Compl,Unable,Not Avl,Compl,Compl,Enable,OFF,0,15.500,411,ON,13.750,15,0.104,2323,17,21
2040,-3,OFF,0,4.688,5.700,OFF,0,0,67,Avail,Compl,Enable,0,GRN2#  ,2011,ON,0,ACTIVE,ACTIVE,0.967,0.952,0.700,0.760,52.848
2041,54.469,Avail,Compl,Avail,Incmpl,Incmpl,Enable,OBD II (California ARB),OFF,OFF,43.896,-0.055,OFF,0,OFF,1st,OFF,OFF,OFF,OFF,OFF,OFF,0,-0.781
2042,ON,OFF,1000,0,OFF,OFF,OFF,ON,Gasoline,0.994,OFF,OFF,0.684,ON,1.328,16.078,19,0,0.801,0.801,2.383,0.801,0.918,2.031
2043,47.843,0,16.078,14,0.004,0.051,OFF,ECT 5th,NA,OFF,97.812,97.900,13.725,0,Not Avl,0,0,0,0,ON,ON,0,0,1
2044,0,14.159,Not Avl,Compl,Compl,Unable,ON,Not Avl,Compl,Compl,Unable,OFF,38.281,38.281,29.375,29.375,19.531,39.551,15.686,31.765,0.781,1.582,ON,0
2045,OFF,ON,ON,0.998,1.002,0.004,0.004,3.279,3.288,0,97,51199.219,13.906,23.529,OFF,OFF,OFF,OFF,OFF,OFF,OFF,OFF,Avail,Incmpl
2046,Incmpl,Enable,Avail,486.200,328.500,486.200,328.500,ON,Avail,Compl,Enable,75,0,0,0,0,0,0,6,A,0,0,Avail,Incmpl
2047,Incmpl,Enable,OFF,OFF,795,1029.500,51199.219,51199.219,51199.219,51199.219,51199.219,51199.219,1GRFE ,48.235,Avail,Incmpl,Incmpl,Enable,7.996,ON,OFF,OFF,OFF,ON
2048,ON,Avail,Compl,Enable,Compl,CL,CL,Compl,Unable,Not Avl,Compl,Compl,Enable,OFF,0,15.500,433,ON,13.750,15,0.104,2330,17,21
2049,-3,OFF,0,4.688,5.710,OFF,0,0,74,Avail,Compl,Enable,0,GRN2#  ,2011,ON,0,ACTIVE,ACTIVE,0.967,0.952,0.700,0.760,52.848
2050,54.793,Avail,Compl,Avail,Incmpl,Incmpl,Enable,OBD II (California ARB),OFF,OFF,43.774,-0.055,OFF,0,OFF,1st,OFF,OFF,OFF,OFF,OFF,OFF,0,0
2051,ON,OFF,1000,0,OFF,OFF,OFF,ON,Gasoline,0.994,OFF,OFF,0.684,ON,1.328,16.078,19,0,0.801,0.801,2.383,0.801,0.918,2.031
2052,47.843,0,16.078,14,0.004,0.051,OFF,ECT 5th,NA,OFF,97.768,97.680,13.725,0,Not Avl,0,0,0,0,ON,ON,0,0,1
2053,0,14.159,Not Avl,Compl,Compl,Unable,ON,Not Avl,Compl,Compl,Unable,OFF,38.281,38.281,29.375,29.375,19.531,39.551,15.686,31.765,0.781,1.582,ON,0
2054,OFF,ON,ON,1.002,1.000,0,-0.012,3.293,3.279,0,97,51199.219,13.906,23.137,OFF,OFF,OFF,OFF,OFF,OFF,OFF,OFF,Avail,Incmpl
2055,Incmpl,Enable,Avail,486.200,328.500,486.200,328.500,ON,Avail,Compl,Enable,75,0,0,0,0,0,0,6,A,0,0,Avail,Incmpl
2056,Incmpl,Enable,OFF,OFF,795,1030.250,51199.219,51199.219,51199.219,51199.219,51199.219,51199.219,1GRFE ,48.235,Avail,Incmpl,Incmpl,Enable,7.996,ON,OFF,OFF,OFF,ON
2057,ON,Avail,Compl,Enable,Compl,CL,CL,Compl,Unable,Not Avl,Compl,Compl,Enable,OFF,0,15.500,455,ON,13.750,15,0.104,2334,17,21
2058,-3,OFF,0,4.688,5.710,OFF,0,0,74,Avail,Compl,Enable,0,GRN2#  ,2011,ON,0,ACTIVE,ACTIVE,0.967,0.952,0.720,0.760,52.848
2059,54.793,Avail,Compl,Avail,Incmpl,Incmpl,Enable,OBD II (California ARB),OFF,OFF,43.896,-0.055,OFF,0,OFF,1st,OFF,OFF,OFF,OFF,OFF,OFF,0,0
2060,ON,OFF,1000,0,OFF,OFF,OFF,ON,Gasoline,0.992,OFF,OFF,0.684,ON,1.328,16.078,19,0,0.801,0.801,2.383,0.801,0.918,2.031
2061,47.843,0,16.078,14,0.004,0.051,OFF,ECT 5th,NA,OFF,97.768,97.680,13.725,0,Not Avl,0,0,0,0,ON,ON,0,0,1
2062,0,14.150,Not Avl,Compl,Compl,Unable,ON,Not Avl,Compl,Compl,Unable,OFF,38.281,38.281,29.375,29.375,19.531,39.551,15.686,31.765,0.781,1.582,ON,0
2063,OFF,ON,ON,0.996,1.001,-0.016,-0.008,3.269,3.283,0,97,51199.219,13.906,23.137,OFF,OFF,OFF,OFF,OFF,OFF,OFF,OFF,Avail,Incmpl
2064,Incmpl,Enable,Avail,486.100,328.400,486.100,328.400,ON,Avail,Compl,Enable,75,0,0,0,0,0,0,6,A,0,0,Avail,Incmpl
2065,Incmpl,Enable,OFF,OFF,796,1033.500,51199.219,51199.219,51199.219,51199.219,51199.219,51199.219,1GRFE ,47.843,Avail,Incmpl,Incmpl,Enable,7.996,ON,OFF,OFF,OFF,ON
2066,ON,Avail,Compl,Enable,Compl,CL,CL,Compl,Unable,Not Avl,Compl,Compl,Enable,OFF,0,15.500,477,ON,13.750,15,0.104,2326,17,21
2067,-3,OFF,0,4.688,5.710,OFF,0,0,74,Avail,Compl,Enable,0,GRN2#  ,2011,ON,0,ACTIVE,ACTIVE,0.967,0.952,0.700,0.760,53.172
2068,54.793,Avail,Compl,Avail,Incmpl,Incmpl,Enable,OBD II (California ARB),OFF,OFF,43.774,-0.055,OFF,0,OFF,1st,OFF,OFF,OFF,OFF,OFF,OFF,0,0
2069,ON,OFF,1000,0,OFF,OFF,OFF,ON,Gasoline,0.993,OFF,OFF,0.684,ON,1.328,16.078,19,0,0.801,0.801,2.383,0.801,0.918,2.031
2070,47.843,0,16.078,14,0.004,0.051,OFF,ECT 5th,NA,OFF,97.812,97.944,13.725,0,Not Avl,0,0,0,0,ON,ON,0,0,1
2071,0,14.142,Not Avl,Compl,Compl,Unable,ON,Not Avl,Compl,Compl,Unable,OFF,38.281,34.375,29.375,29.375,19.531,39.551,15.686,31.765,0.781,1.582,ON,0
2072,OFF,ON,ON,0.996,0.999,-0.016,-0.012,3.269,3.274,0,97,51199.219,13.886,23.137,OFF,OFF,OFF,OFF,OFF,OFF,OFF,OFF,Avail,Incmpl
2073,Incmpl,Enable,Avail,486.100,328.400,486.100,328.400,ON,Avail,Compl,Enable,75,0,0,0,0,0,0,6,A,0,0,Avail,Incmpl
2074,Incmpl,Enable,OFF,OFF,796,1025.750,51199.219,51199.219,51199.219,51199.219,51199.219,51199.219,1GRFE ,47.843,Avail,Incmpl,Incmpl,Enable,7.996,ON,OFF,OFF,OFF,ON
2075,ON,Avail,Compl,Enable,Compl,CL,CL,Compl,Unable,Not Avl,Compl,Compl,Enable,OFF,0,15.500,502,ON,13.750,15,0.103,2326,17,21
2076,-3,OFF,0,4.688,5.710,OFF,0,0,70,Avail,Compl,Enable,0,GRN2#  ,2011,ON,0,ACTIVE,ACTIVE,0.962,0.947,0.720,0.760,53.496
2077,54.793,Avail,Compl,Avail,Incmpl,Incmpl,Enable,OBD II (California ARB),OFF,OFF,43.774,-0.055,OFF,0,OFF,1st,OFF,OFF,OFF,OFF,OFF,OFF,0,0
2078,ON,OFF,1000,0,OFF,OFF,OFF,ON,Gasoline,0.995,OFF,OFF,0.684,ON,1.328,16.078,19,0,0.801,0.801,2.383,0.801,0.918,2.031
2079,47.843,0,16.078,14,0,0.051,OFF,ECT 5th,NA,OFF,97.768,97.680,14.118,0,Not Avl,0,0,0,0,ON,ON,0,0,1
2080,0,14.159,Not Avl,Compl,Compl,Unable,ON,Not Avl,Compl,Compl,Unable,OFF,38.281,33.594,29.375,29.375,19.531,39.551,15.686,31.765,0.781,1.582,ON,0
2081,OFF,ON,ON,0.997,0.999,-0.012,-0.016,3.274,3.269,0,97,51199.219,13.906,23.529,OFF,OFF,OFF,OFF,OFF,OFF,OFF,OFF,Avail,Incmpl
2082,Incmpl,Enable,Avail,486.100,328.400,486.100,328.400,ON,Avail,Compl,Enable,75,0,0,0,0,0,0,6,A,0,0,Avail,Incmpl
2083,Incmpl,Enable,OFF,OFF,797,1028.750,51199.219,51199.219,51199.219,51199.219,51199.219,51199.219,1GRFE ,47.843,Avail,Incmpl,Incmpl,Enable,7.996,ON,OFF,OFF,OFF,ON
2084,ON,Avail,Compl,Enable,Compl,CL,CL,Compl,Unable,Not Avl,Compl,Compl,Enable,OFF,0,15.500,522,ON,13.750,15,0.103,2330,17,21
2085,-3,OFF,0,4.688,5.710,OFF,0,0,70,Avail,Compl,Enable,0,GRN2#  ,2011,ON,0,Not Act,ACTIVE,0.967,0.952,0.720,0.760,53.496
2086,54.793,Avail,Compl,Avail,Incmpl,Incmpl,Enable,OBD II (California ARB),OFF,OFF,43.896,-0.055,OFF,0,OFF,1st,OFF,OFF,OFF,OFF,OFF,OFF,0,0
2087,ON,OFF,1000,0,OFF,OFF,OFF,ON,Gasoline,0.995,OFF,OFF,0.684,ON,1.328,16.078,19,0,0.801,0.801,2.383,0.801,0.918,2.031
2088,47.843,0,16.078,14,0,0.051,OFF,ECT 5th,NA,OFF,97.768,97.790,13.725,0,Not Avl,0,0,0,0,ON,ON,0,0,1
2089,0,14.144,Not Avl,Compl,Compl,Unable,ON,Not Avl,Compl,Compl,Unable,OFF,38.281,35.938,29.375,29.375,19.531,39.551,15.686,31.765,0.781,1.582,ON,0
2090,OFF,ON,ON,1.002,0.997,0.016,-0.008,3.303,3.259,0,97,51199.219,13.886,23.529,OFF,OFF,OFF,OFF,OFF,OFF,OFF,OFF,Avail,Incmpl
2091,Incmpl,Enable,Avail,486,328.300,486,328.300,ON,Avail,Compl,Enable,75,0,0,0,0,0,0,6,A,0,0,Avail,Incmpl
2092,Incmpl,Enable,OFF,OFF,797,1028,51199.219,51199.219,51199.219,51199.219,51199.219,51199.219,1GRFE ,48.235,Avail,Incmpl,Incmpl,Enable,7.996,ON,OFF,OFF,OFF,ON
2093,ON,Avail,Compl,Enable,Compl,CL,CL,Compl,Unable,Not Avl,Compl,Compl,Enable,OFF,0,15.500,544,ON,13.750,15,0.103,2326,17,21
2094,-3,OFF,0,4.688,5.760,OFF,0,0,71,Avail,Compl,Enable,0,GRN2#  ,2011,ON,0,ACTIVE,ACTIVE,0.967,0.952,0.720,0.760,53.820
2095,54.793,Avail,Compl,Avail,Incmpl,Incmpl,Enable,OBD II (California ARB),OFF,OFF,43.896,-0.055,OFF,0,OFF,1st,OFF,OFF,OFF,OFF,OFF,OFF,0,0
2096,ON,OFF,1000,0,OFF,OFF,OFF,ON,Gasoline,0.995,OFF,OFF,0.684,ON,1.250,16.078,19,0,0.801,0.801,2.383,0.801,0.918,2.031
2097,47.843,0,16.078,14,0,0.051,OFF,ECT 5th,NA,OFF,97.812,97.790,14.118,0,Not Avl,0,0,0,0,ON,ON,0,0,1
2098,0,14.159,Not Avl,Compl,Compl,Unable,ON,Not Avl,Compl,Compl,Unable,OFF,38.281,35.938,29.375,29.375,19.531,39.551,15.686,31.765,0.781,1.582,ON,0
2099,OFF,ON,ON,1.002,1.003,0,0,3.303,3.293,0,97,51199.219,13.906,23.137,OFF,OFF,OFF,OFF,OFF,OFF,OFF,OFF,Avail,Incmpl
2100,Incmpl,Enable,Avail,486,328.300,486,328.300,ON,Avail,Compl,Enable,75,0,0,0,0,0,0,6,A,0,0,Avail,Incmpl
2101,Incmpl,Enable,OFF,OFF,798,1039,51199.219,51199.219,51199.219,51199.219,51199.219,51199.219,1GRFE ,48.235,Avail,Incmpl,Incmpl,Enable,7.996,ON,OFF,OFF,OFF,ON
2102,ON,Avail,Compl,Enable,Compl,CL,CL,Compl,Unable,Not Avl,Compl,Compl,Enable,OFF,0,15.500,569,ON,13.750,15,0.104,2319,17,21
2103,-3,OFF,0,4.688,5.710,OFF,0,0,71,Avail,Compl,Enable,0,GRN2#  ,2011,ON,0,ACTIVE,Not Act,0.967,0.952,0.720,0.760,53.820
2104,55.117,Avail,Compl,Avail,Incmpl,Incmpl,Enable,OBD II (California ARB),OFF,OFF,43.896,-0.055,OFF,0,OFF,1st,OFF,OFF,OFF,OFF,OFF,OFF,0,0
2105,ON,OFF,1000,0,OFF,OFF,OFF,ON,Gasoline,0.992,OFF,OFF,0.684,ON,1.250,16.078,19,0,0.801,0.801,2.383,0.801,0.918,2.031
2106,47.843,0,16.078,14,0,0.051,OFF,ECT 5th,NA,OFF,97.790,97.834,13.725,0,Not Avl,0,0,0,0,ON,ON,0,0,1
2107,0,14.159,Not Avl,Compl,Compl,Unable,ON,Not Avl,Compl,Compl,Unable,OFF,38.281,35.938,29.375,29.375,19.531,39.551,15.686,31.765,0.781,1.582,ON,0
2108,OFF,ON,ON,1.001,1.002,0,-0.004,3.293,3.288,0,97,51199.219,13.906,23.137,OFF,OFF,OFF,OFF,OFF,OFF,OFF,OFF,Avail,Incmpl
2109,Incmpl,Enable,Avail,486,328.200,486,328.200,ON,Avail,Compl,Enable,75,0,0,0,0,0,0,6,A,0,0,Avail,Incmpl
2110,Incmpl,Enable,OFF,OFF,798,1035.750,51199.219,51199.219,51199.219,51199.219,51199.219,51199.219,1GRFE ,48.235,Avail,Incmpl,Incmpl,Enable,7.996,ON,OFF,OFF,OFF,ON
2111,ON,Avail,Compl,Enable,Compl,CL,CL,Compl,Unable,Not Avl,Compl,Compl,Enable,OFF,0,15.500,594,ON,13.750,15,0.104,2330,17,21
2112,-3,OFF,0,4.688,5.710,OFF,0,0,64,Avail,Compl,Enable,0,GRN2#  ,2011,ON,0,ACTIVE,ACTIVE,0.967,0.952,0.720,0.760,53.820
2113,54.793,Avail,Compl,Avail,Incmpl,Incmpl,Enable,OBD II (California ARB),OFF,OFF,43.890,-0.055,OFF,0,OFF,1st,OFF,OFF,OFF,OFF,OFF,OFF,0.781,0
2114,ON,OFF,1000,0,OFF,OFF,OFF,ON,Gasoline,0.990,OFF,OFF,0.684,ON,1.250,16.078,19,0,0.801,0.801,2.383,0.801,0.918,2.031
2115,47.843,0,16.078,14,0.004,0.051,OFF,ECT 5th,NA,OFF,97.790,97.746,13.725,0,Not Avl,0,0,0,0,ON,ON,0,0,1
2116,0,14.159,Not Avl,Compl,Compl,Unable,ON,Not Avl,Compl,Compl,Unable,OFF,38.281,35.938,29.375,29.375,19.531,39.551,15.686,31.765,0.781,1.582,ON,0
2117,OFF,ON,ON,0.996,0.999,-0.016,-0.016,3.269,3.269,0,97,51199.219,13.906,23.137,OFF,OFF,OFF,OFF,OFF,OFF,OFF,OFF,Avail,Incmpl
2118,Incmpl,Enable,Avail,486,328.200,486,328.200,ON,Avail,Compl,Enable,75,0,0,0,0,0,0,6,A,0,0,Avail,Incmpl
2119,Incmpl,Enable,OFF,OFF,799,1035,51199.219,51199.219,51199.219,51199.219,51199.219,51199.219,1GRFE ,47.843,Avail,Incmpl,Incmpl,Enable,7.996,ON,OFF,OFF,OFF,ON
2120,ON,Avail,Compl,Enable,Compl,CL,CL,Compl,Unable,Not Avl,Compl,Compl,Enable,OFF,0,16,15,ON,13.750,15,0.103,2323,17,21
2121,-3,OFF,0,4.688,5.710,OFF,0,0,64,Avail,Compl,Enable,0,GRN2#  ,2011,ON,0,ACTIVE,ACTIVE,0.967,0.952,0.720,0.760,53.820
2122,55.117,Avail,Compl,Avail,Incmpl,Incmpl,Enable,OBD II (California ARB),OFF,OFF,43.890,-0.055,OFF,0,OFF,1st,OFF,OFF,OFF,OFF,OFF,OFF,0,0
2123,ON,OFF,1000,0,OFF,OFF,OFF,ON,Gasoline,0.990,OFF,OFF,0.684,ON,1.250,16.078,19,0,0.801,0.801,2.383,0.801,0.918,2.031
2124,47.843,0,16.078,14,0.004,0.051,OFF,ECT 5th,NA,OFF,97.790,97.878,13.725,0,Not Avl,0,0,0,0,ON,ON,0,0,1
2125,0,14.159,Not Avl,Compl,Compl,Unable,ON,Not Avl,Compl,Compl,Unable,OFF,38.281,35.938,29.375,29.375,19.531,39.551,15.686,31.765,0.781,1.582,ON,0
2126,OFF,ON,ON,0.995,0.996,-0.023,-0.027,3.259,3.254,0,97,51199.219,13.906,23.529,OFF,OFF,OFF,OFF,OFF,OFF,OFF,OFF,Avail,Incmpl
2127,Incmpl,Enable,Avail,486,328.200,486,328.200,ON,Avail,Compl,Enable,75,0,0,0,0,0,0,6,A,0,0,Avail,Incmpl
2128,Incmpl,Enable,OFF,OFF,799,1024,51199.219,51199.219,51199.219,51199.219,51199.219,51199.219,1GRFE ,48.235,Avail,Incmpl,Incmpl,Enable,7.996,ON,OFF,OFF,OFF,ON
2129,ON,Avail,Compl,Enable,Compl,CL,CL,Compl,Unable,Not Avl,Compl,Compl,Enable,OFF,0,15.500,37,ON,13.750,15,0.103,2337,17,21
2130,-3,OFF,0,4.688,5.710,OFF,0,0,64,Avail,Compl,Enable,0,GRN2#  ,2011,ON,0,ACTIVE,ACTIVE,0.967,0.952,0.720,0.760,53.820
2131,54.793,Avail,Compl,Avail,Incmpl,Incmpl,Enable,OBD II (California ARB),OFF,OFF,43.896,-0.055,OFF,0,OFF,1st,OFF,OFF,OFF,OFF,OFF,OFF,0,0
2132,ON,OFF,1000,0,OFF,OFF,OFF,ON,Gasoline,0.992,OFF,OFF,0.684,ON,1.250,16.078,19,0,0.801,0.801,2.383,0.801,0.918,2.031
2133,47.843,0,16.078,14,0.004,0.051,OFF,ECT 5th,NA,OFF,97.790,97.724,14.118,0,Not Avl,0,0,0,0,ON,ON,0,0,1
2134,0,14.143,Not Avl,Compl,Compl,Unable,ON,Not Avl,Compl,Compl,Unable,OFF,38.281,35.938,29.375,29.375,19.531,39.551,15.686,31.765,0.781,1.582,ON,0
2135,OFF,ON,ON,0.998,0.993,-0.004,-0.039,3.288,3.235,0,97,51199.219,13.886,23.529,OFF,OFF,OFF,OFF,OFF,OFF,OFF,OFF,Avail,Incmpl
2136,Incmpl,Enable,Avail,486,328.200,486,328.200,ON,Avail,Compl,Enable,75,0,0,0,0,0,0,6,A,0,0,Avail,Incmpl
2137,Incmpl,Enable,OFF,OFF,799,1025.750,51199.219,51199.219,51199.219,51199.219,51199.219,51199.219,1GRFE ,48.235,Avail,Incmpl,Incmpl,Enable,7.996,ON,OFF,OFF,OFF,ON
2138,ON,Avail,Compl,Enable,Compl,CL,CL,Compl,Unable,Not Avl,Compl,Compl,Enable,OFF,0,15.500,63,ON,13.750,15,0.103,2337,17,21
2139,-3,OFF,0,4.688,5.710,OFF,0,0,57,Avail,Compl,Enable,0,GRN2#  ,2011,ON,0,ACTIVE,ACTIVE,0.967,0.947,0.720,0.760,56.738
2140,54.793,Avail,Compl,Avail,Incmpl,Incmpl,Enable,OBD II (California ARB),OFF,OFF,43.896,-0.055,OFF,0,OFF,1st,OFF,OFF,OFF,OFF,OFF,OFF,0,-0.781
2141,ON,OFF,1000,0,OFF,OFF,OFF,ON,Gasoline,0.993,OFF,OFF,0.684,ON,1.250,16.078,19,0,0.801,0.801,2.383,0.801,0.918,2.031
2142,47.843,0,16.078,14,0.004,0.051,OFF,ECT 5th,NA,OFF,97.812,97.834,13.725,0,Not Avl,0,0,0,0,ON,ON,0,0,1
2143,0,14.159,Not Avl,Compl,Compl,Unable,ON,Not Avl,Compl,Compl,Unable,OFF,38.281,35.938,29.375,29.375,19.531,39.551,15.686,31.765,0.781,1.582,ON,0
2144,OFF,ON,ON,0.998,0.994,-0.012,-0.027,3.279,3.249,0,97,51199.219,13.886,23.137,OFF,OFF,OFF,OFF,OFF,OFF,OFF,OFF,Avail,Incmpl
2145,Incmpl,Enable,Avail,486,328.200,486,328.200,ON,Avail,Compl,Enable,75,0,0,0,0,0,0,6,A,0,0,Avail,Incmpl
2146,Incmpl,Enable,OFF,OFF,800,1032,51199.219,51199.219,51199.219,51199.219,51199.219,51199.219,1GRFE ,47.843,Avail,Incmpl,Incmpl,Enable,7.996,ON,OFF,OFF,OFF,ON
2147,ON,Avail,Compl,Enable,Compl,CL,CL,Compl,Unable,Not Avl,Compl,Compl,Enable,OFF,0,15.500,88,ON,13.750,15,0.104,2330,17,21
2148,-3,OFF,0,4.688,5.710,OFF,0,0,57,Avail,Compl,Enable,0,GRN2#  ,2011,ON,0,ACTIVE,ACTIVE,0.967,0.947,0.720,0.760,53.496
2149,54.793,Avail,Compl,Avail,Incmpl,Incmpl,Enable,OBD II (California ARB),OFF,OFF,43.896,-0.055,OFF,0,OFF,1st,OFF,OFF,OFF,OFF,OFF,OFF,0,-0.781
2150,ON,OFF,1000,0,OFF,OFF,OFF,ON,Gasoline,0.993,OFF,OFF,0.684,ON,1.250,16.078,19,0,0.801,0.801,2.383,0.801,0.918,2.031
2151,47.843,0,16.078,14,0,0.051,OFF,ECT 5th,NA,OFF,97.768,97.790,13.725,0,Not Avl,0,0,0,0,ON,ON,0,0,1
2152,0,14.159,Not Avl,Compl,Compl,Unable,ON,Not Avl,Compl,Compl,Unable,OFF,38.281,35.938,29.375,29.375,19.531,39.551,15.686,31.765,0.781,1.582,ON,0
2153,OFF,ON,ON,1.002,1.000,0,-0.012,3.303,3.279,0,97,51199.219,13.906,23.529,OFF,OFF,OFF,OFF,OFF,OFF,OFF,OFF,Avail,Incmpl
2154,Incmpl,Enable,Avail,485.900,328.100,485.900,328.100,ON,Avail,Compl,Enable,75,0,0,0,0,0,0,6,A,0,0,Avail,Incmpl
2155,Incmpl,Enable,OFF,OFF,800,1032,51199.219,51199.219,51199.219,51199.219,51199.219,51199.219,1GRFE ,48.235,Avail,Incmpl,Incmpl,Enable,7.996,ON,OFF,OFF,OFF,ON
2156,ON,Avail,Compl,Enable,Compl,CL,CL,Compl,Unable,Not Avl,Compl,Compl,Enable,OFF,0,15.500,110,ON,13.750,15,0.104,2330,17,21
2157,-3,OFF,0,4.688,5.710,OFF,0,0,70,Avail,Compl,Enable,0,GRN2#  ,2011,ON,0,ACTIVE,ACTIVE,0.967,0.947,0.720,0.760,53.820
2158,54.793,Avail,Compl,Avail,Incmpl,Incmpl,Enable,OBD II (California ARB),OFF,OFF,43.774,-0.055,OFF,0,OFF,1st,OFF,OFF,OFF,OFF,OFF,OFF,0,-0.781
2159,ON,OFF,1000,0,OFF,OFF,OFF,ON,Gasoline,0.993,OFF,OFF,0.684,ON,1.250,16.078,19,0,0.801,0.801,2.383,0.801,0.918,2.031
2160,47.843,0,16.078,14,0.004,0.051,OFF,ECT 5th,NA,OFF,97.812,97.922,13.725,0,Not Avl,0,0,0,0,ON,ON,0,0,1
2161,0,14.159,Not Avl,Compl,Compl,Unable,ON,Not Avl,Compl,Compl,Unable,OFF,38.281,35.938,29.375,29.375,19.531,39.551,15.686,31.765,0.781,1.582,ON,0
2162,OFF,ON,ON,0.998,1.000,-0.008,-0.012,3.283,3.279,0,97,51199.219,13.906,23.529,OFF,OFF,OFF,OFF,OFF,OFF,OFF,OFF,Avail,Incmpl
2163,Incmpl,Enable,Avail,485.900,328.100,485.900,328.100,ON,Avail,Compl,Enable,75,0,0,0,0,0,0,6,A,0,0,Avail,Incmpl
2164,Incmpl,Enable,OFF,OFF,801,1030.250,51199.219,51199.219,51199.219,51199.219,51199.219,51199.219,1GRFE ,47.843,Avail,Incmpl,Incmpl,Enable,7.996,ON,OFF,OFF,OFF,ON
2165,ON,Avail,Compl,Enable,Compl,CL,CL,Compl,Unable,Not Avl,Compl,Compl,Enable,OFF,0,15.500,134,ON,13.750,15,0.104,2334,17,21
2166,-3,OFF,0,4.688,5.710,OFF,0,0,70,Avail,Compl,Enable,0,GRN2#  ,2011,ON,0,ACTIVE,ACTIVE,0.967,0.952,0.720,0.760,53.820
2167,54.793,Avail,Compl,Avail,Incmpl,Incmpl,Enable,OBD II (California ARB),OFF,OFF,44.025,-0.055,OFF,0,OFF,1st,OFF,OFF,OFF,OFF,OFF,OFF,0,0
2168,ON,OFF,1000,0,OFF,OFF,OFF,ON,Gasoline,0.992,OFF,OFF,0.684,ON,1.250,16.078,19,0,0.801,0.801,2.383,0.801,0.918,2.031
2169,47.843,0,16.078,14,0.004,0.047,OFF,ECT 5th,NA,OFF,97.790,97.834,13.725,0,Not Avl,0,0,0,0,ON,ON,0,0,1
2170,0,14.159,Not Avl,Compl,Compl,Unable,ON,Not Avl,Compl,Compl,Unable,OFF,38.281,35.938,29.375,29.375,19.531,39.551,15.686,31.765,0.781,1.582,ON,0
2171,OFF,ON,ON,0.997,1.000,-0.012,-0.012,3.274,3.279,0,97,51199.219,13.886,23.529,OFF,OFF,OFF,OFF,OFF,OFF,OFF,OFF,Avail,Incmpl
2172,Incmpl,Enable,Avail,485.900,328,485.900,328,ON,Avail,Compl,Enable,75,0,0,0,0,0,0,6,A,0,0,Avail,Incmpl
2173,Incmpl,Enable,OFF,OFF,801,1031.250,51199.219,51199.219,51199.219,51199.219,51199.219,51199.219,1GRFE ,47.843,Avail,Incmpl,Incmpl,Enable,7.996,ON,OFF,OFF,OFF,ON
2174,ON,Avail,Compl,Enable,Compl,CL,CL,Compl,Unable,Not Avl,Compl,Compl,Enable,OFF,0,15.500,157,ON,13.750,15,0.104,2319,17,21
2175,-3,OFF,0,4.688,5.710,OFF,0,0,65,Avail,Compl,Enable,0,GRN2#  ,2011,ON,0,ACTIVE,ACTIVE,0.967,0.947,0.720,0.760,53.820
2176,54.793,Avail,Compl,Avail,Incmpl,Incmpl,Enable,OBD II (California ARB),OFF,OFF,43.896,-0.055,OFF,0,OFF,1st,OFF,OFF,OFF,OFF,OFF,OFF,0,0
2177,ON,OFF,1000,0,OFF,OFF,OFF,ON,Gasoline,0.992,OFF,OFF,0.684,ON,1.250,16.078,19,0,0.801,0.801,2.383,0.801,0.918,2.031
2178,47.843,0,16.078,14,0.004,0.047,OFF,ECT 5th,NA,OFF,97.812,97.922,13.725,0,Not Avl,0,0,0,0,ON,ON,0,0,1
2179,0,14.141,Not Avl,Compl,Compl,Unable,ON,Not Avl,Compl,Compl,Unable,OFF,38.281,35.938,29.375,29.375,19.531,39.551,15.686,31.765,0.781,1.582,ON,0
2180,OFF,ON,ON,0.998,1.000,-0.004,-0.008,3.288,3.283,0,97,51199.219,13.886,23.529,OFF,OFF,OFF,OFF,OFF,OFF,OFF,OFF,Avail,Incmpl
2181,Incmpl,Enable,Avail,485.900,328,485.900,328,ON,Avail,Compl,Enable,75,0,0,0,0,0,0,6,A,0,0,Avail,Incmpl
2182,Incmpl,Enable,OFF,OFF,802,1027.250,51199.219,51199.219,51199.219,51199.219,51199.219,51199.219,1GRFE ,48.235,Avail,Incmpl,Incmpl,Enable,7.996,ON,OFF,OFF,OFF,ON
2183,ON,Avail,Compl,Enable,Compl,CL,CL,Compl,Unable,Not Avl,Compl,Compl,Enable,OFF,0,15.500,181,ON,13.750,15,0.104,2330,17,21
2184,-3,OFF,0,4.688,5.710,OFF,0,0,65,Avail,Compl,Enable,0,GRN2#  ,2011,ON,0,ACTIVE,ACTIVE,0.967,0.952,0.720,0.760,53.820
2185,54.793,Avail,Compl,Avail,Incmpl,Incmpl,Enable,OBD II (California ARB),OFF,OFF,43.896,-0.055,OFF,0,OFF,1st,OFF,OFF,OFF,OFF,OFF,OFF,0,0
2186,ON,OFF,1000,0,OFF,OFF,OFF,ON,Gasoline,0.993,OFF,OFF,0.684,ON,1.250,16.078,19,0,0.801,0.801,2.383,0.801,0.918,2.031
2187,47.843,0,16.078,14,0.004,0.047,OFF,ECT 5th,NA,OFF,97.768,97.680,13.725,0,Not Avl,0,0,0,0,ON,ON,0,0,1
2188,0,14.159,Not Avl,Compl,Compl,Unable,ON,Not Avl,Compl,Compl,Unable,OFF,38.281,35.938,29.375,29.375,19.531,39.551,15.686,31.765,0.781,1.582,ON,0
2189,OFF,ON,ON,1.001,1.001,0,-0.008,3.298,3.283,0,97,51199.219,13.906,23.529,OFF,OFF,OFF,OFF,OFF,OFF,OFF,OFF,Avail,Incmpl
2190,Incmpl,Enable,Avail,485.800,327.900,485.800,327.900,ON,Avail,Compl,Enable,75,0,0,0,0,0,0,6,A,0,0,Avail,Incmpl
2191,Incmpl,Enable,OFF,OFF,802,1027.250,51199.219,51199.219,51199.219,51199.219,51199.219,51199.219,1GRFE ,48.235,Avail,Incmpl,Incmpl,Enable,7.996,ON,OFF,OFF,OFF,ON
2192,ON,Avail,Compl,Enable,Compl,CL,CL,Compl,Unable,Not Avl,Compl,Compl,Enable,OFF,0,15.500,205,ON,13.750,15,0.104,2330,17,21
2193,-3,OFF,0,4.688,5.700,OFF,0,0,45,Avail,Compl,Enable,0,GRN2#  ,2011,ON,0,ACTIVE,ACTIVE,0.967,0.952,0.720,0.760,54.145
2194,54.793,Avail,Compl,Avail,Incmpl,Incmpl,Enable,OBD II (California ARB),OFF,OFF,43.774,-0.055,OFF,0,OFF,1st,OFF,OFF,OFF,OFF,OFF,OFF,0,0
2195,ON,OFF,1000,0,OFF,OFF,OFF,ON,Gasoline,0.993,OFF,OFF,0.684,ON,1.250,16.078,19,0,0.801,0.801,2.383,0.801,0.918,2.031
2196,47.843,0,16.078,14,0.004,0.047,OFF,ECT 5th,NA,OFF,97.790,97.702,13.725,0,Not Avl,0,0,0,0,ON,ON,0,0,1
2197,0,14.158,Not Avl,Compl,Compl,Unable,ON,Not Avl,Compl,Compl,Unable,OFF,38.281,35.938,29.375,29.375,19.531,39.551,15.686,31.765,0.781,1.582,ON,0
2198,OFF,ON,ON,0.999,1.001,0,-0.008,3.293,3.283,0,97,51199.219,13.906,23.529,OFF,OFF,OFF,OFF,OFF,OFF,OFF,OFF,Avail,Incmpl
2199,Incmpl,Enable,Avail,485.800,327.900,485.800,327.900,ON,Avail,Compl,Enable,75,0,0,0,0,0,0,6,A,0,0,Avail,Incmpl
2200,Incmpl,Enable,OFF,OFF,803,1022.500,51199.219,51199.219,51199.219,51199.219,51199.219,51199.219,1GRFE ,48.235,Avail,Incmpl,Incmpl,Enable,7.996,ON,OFF,OFF,OFF,ON
2201,ON,Avail,Compl,Enable,Compl,CL,CL,Compl,Unable,Not Avl,Compl,Compl,Enable,OFF,0,15.500,228,ON,13.750,15,0.104,2334,17,21
2202,-3,OFF,0,4.688,5.710,OFF,0,0,45,Avail,Compl,Enable,0,GRN2#  ,2011,ON,0,ACTIVE,ACTIVE,0.967,0.952,0.720,0.760,54.145
2203,54.469,Avail,Compl,Avail,Incmpl,Incmpl,Enable,OBD II (California ARB),OFF,OFF,43.896,-0.055,OFF,0,OFF,1st,OFF,OFF,OFF,OFF,OFF,OFF,0,0
2204,ON,OFF,1000,0,OFF,OFF,OFF,ON,Gasoline,0.992,OFF,OFF,0.684,ON,1.250,16.078,19,0,0.801,0.801,2.383,0.801,0.918,2.031
2205,47.843,0,16.078,14,0.004,0.051,OFF,ECT 5th,NA,OFF,97.768,97.680,14.118,0,Not Avl,0,0,0,0,ON,ON,0,0,1
2206,0,14.159,Not Avl,Compl,Compl,Unable,ON,Not Avl,Compl,Compl,Unable,OFF,38.281,35.938,29.375,29.375,19.531,39.551,15.686,31.765,0.781,1.582,ON,0
2207,OFF,ON,ON,1.002,1.001,0,-0.008,3.303,3.283,0,97,51199.219,13.886,23.529,OFF,OFF,OFF,OFF,OFF,OFF,OFF,OFF,Avail,Incmpl
2208,Incmpl,Enable,Avail,485.800,327.900,485.800,327.900,ON,Avail,Compl,Enable,75,0,0,0,0,0,0,6,A,0,0,Avail,Incmpl
2209,Incmpl,Enable,OFF,OFF,803,1032,51199.219,51199.219,51199.219,51199.219,51199.219,51199.219,1GRFE ,48.235,Avail,Incmpl,Incmpl,Enable,7.996,ON,OFF,OFF,OFF,ON
2210,ON,Avail,Compl,Enable,Compl,CL,CL,Compl,Unable,Not Avl,Compl,Compl,Enable,OFF,0,15.500,252,ON,13.750,15,0.104,2330,17,21
2211,-3,OFF,0,4.688,5.700,OFF,0,0,45,Avail,Compl,Enable,0,GRN2#  ,2011,ON,0,ACTIVE,ACTIVE,0.967,0.952,0.720,0.760,53.820
2212,54.793,Avail,Compl,Avail,Incmpl,Incmpl,Enable,OBD II (California ARB),OFF,OFF,43.896,-0.055,OFF,0,OFF,1st,OFF,OFF,OFF,OFF,OFF,OFF,0.781,0
2213,ON,OFF,1000,0,OFF,OFF,OFF,ON,Gasoline,0.989,OFF,OFF,0.684,ON,1.250,16.078,19,0,0.801,0.801,2.383,0.801,0.918,2.031
2214,47.843,0,16.078,14,0.004,0.051,OFF,ECT 5th,NA,OFF,97.812,97.944,13.725,0,Not Avl,0,0,0,0,ON,ON,0,0,1
2215,0,14.159,Not Avl,Compl,Compl,Unable,ON,Not Avl,Compl,Compl,Unable,OFF,38.281,35.938,29.375,29.375,19.531,39.551,15.686,31.765,0.781,1.582,ON,0
2216,OFF,ON,ON,0.998,1.000,-0.008,-0.008,3.283,3.283,0,97,51199.219,13.906,23.137,OFF,OFF,OFF,OFF,OFF,OFF,OFF,OFF,Avail,Incmpl
2217,Incmpl,Enable,Avail,485.800,327.800,485.800,327.800,ON,Avail,Compl,Enable,75,0,0,0,0,0,0,6,A,0,0,Avail,Incmpl
2218,Incmpl,Enable,OFF,OFF,803,1036.500,51199.219,51199.219,51199.219,51199.219,51199.219,51199.219,1GRFE ,48.235,Avail,Incmpl,Incmpl,Enable,7.996,ON,OFF,OFF,OFF,ON
2219,ON,Avail,Compl,Enable,Compl,CL,CL,Compl,Unable,Not Avl,Compl,Compl,Enable,OFF,0,15.500,271,ON,13.750,15,0.104,2323,17,21
2220,-3,OFF,0,4.688,5.710,OFF,0,0,67,Avail,Compl,Enable,0,GRN2#  ,2011,ON,0,ACTIVE,ACTIVE,0.967,0.947,0.720,0.760,54.145
2221,55.117,Avail,Compl,Avail,Incmpl,Incmpl,Enable,OBD II (California ARB),OFF,OFF,43.896,-0.055,OFF,0,OFF,1st,OFF,OFF,OFF,OFF,OFF,OFF,0.781,0
2222,ON,OFF,1000,0,OFF,OFF,OFF,ON,Gasoline,0.989,OFF,OFF,0.684,ON,1.250,16.078,19,0,0.801,0.801,2.383,0.801,0.918,2.031
2223,47.843,0,16.078,14,0.004,0.051,OFF,ECT 5th,NA,OFF,97.812,97.856,13.725,0,Not Avl,0,0,0,0,ON,ON,0,0,1
2224,0,14.149,Not Avl,Compl,Compl,Unable,ON,Not Avl,Compl,Compl,Unable,OFF,38.281,35.938,29.375,29.375,19.531,39.551,15.686,31.765,0.781,1.582,ON,0
2225,OFF,ON,ON,1.001,1.000,0,-0.012,3.298,3.279,0,97,51199.219,13.886,23.137,OFF,OFF,OFF,OFF,OFF,OFF,OFF,OFF,Avail,Incmpl
2226,Incmpl,Enable,Avail,485.800,327.800,485.800,327.800,ON,Avail,Compl,Enable,75,0,0,0,0,0,0,6,A,0,0,Avail,Incmpl
2227,Incmpl,Enable,OFF,OFF,804,1021.750,51199.219,51199.219,51199.219,51199.219,51199.219,51199.219,1GRFE ,47.843,Avail,Incmpl,Incmpl,Enable,7.996,ON,OFF,OFF,OFF,ON
2228,ON,Avail,Compl,Enable,Compl,CL,CL,Compl,Unable,Not Avl,Compl,Compl,Enable,OFF,0,15.500,295,ON,13.750,15,0.104,2341,17,21
2229,-3,OFF,0,4.688,5.700,OFF,0,0,67,Avail,Compl,Enable,0,GRN2#  ,2011,ON,0,ACTIVE,ACTIVE,0.967,0.952,0.720,0.760,54.145
2230,55.117,Avail,Compl,Avail,Incmpl,Incmpl,Enable,OBD II (California ARB),OFF,OFF,43.896,-0.055,OFF,0,OFF,1st,OFF,OFF,OFF,OFF,OFF,OFF,0.781,0.781
2231,ON,OFF,1000,0,OFF,OFF,OFF,ON,Gasoline,0.988,OFF,OFF,0.684,ON,1.250,16.078,19,0,0.801,0.801,2.383,0.801,0.918,2.031
2232,47.843,0,16.078,14,0.004,0.051,OFF,ECT 5th,NA,OFF,97.768,97.746,14.118,0,Not Avl,0,0,0,0,ON,ON,0,0,1
2233,0,14.141,Not Avl,Compl,Compl,Unable,ON,Not Avl,Compl,Compl,Unable,OFF,38.281,35.938,29.375,29.375,19.531,39.551,15.686,31.765,0.781,1.582,ON,0
2234,OFF,ON,ON,0.993,0.995,-0.027,-0.027,3.254,3.254,0,97,51199.219,13.886,23.529,OFF,OFF,OFF,OFF,OFF,OFF,OFF,OFF,Avail,Incmpl
2235,Incmpl,Enable,Avail,485.800,327.800,485.800,327.800,ON,Avail,Compl,Enable,75,0,0,0,0,0,0,6,A,0,0,Avail,Incmpl
2236,Incmpl,Enable,OFF,OFF,804,1030.250,51199.219,51199.219,51199.219,51199.219,51199.219,51199.219,1GRFE ,48.235,Avail,Incmpl,Incmpl,Enable,7.996,ON,OFF,OFF,OFF,ON
2237,ON,Avail,Compl,Enable,Compl,CL,CL,Compl,Unable,Not Avl,Compl,Compl,Enable,OFF,0,15.500,317,ON,13.750,15,0.104,2326,17,21
2238,-3,OFF,0,4.688,5.710,OFF,0,0,53,Avail,Compl,Enable,0,GRN2#  ,2011,ON,0,ACTIVE,ACTIVE,0.967,0.952,0.720,0.760,54.145
2239,54.793,Avail,Compl,Avail,Incmpl,Incmpl,Enable,OBD II (California ARB),OFF,OFF,43.896,-0.055,OFF,0,OFF,1st,OFF,OFF,OFF,OFF,OFF,OFF,0,0
2240,ON,OFF,1000,0,OFF,OFF,OFF,ON,Gasoline,0.989,OFF,OFF,0.684,ON,1.250,16.078,19,0,0.801,0.801,2.383,0.801,0.918,2.031
2241,47.843,0,16.078,14,0.004,0.051,OFF,ECT 5th,NA,OFF,97.812,97.834,13.725,0,Not Avl,0,0,0,0,ON,ON,0,0,1
2242,0,14.159,Not Avl,Compl,Compl,Unable,ON,Not Avl,Compl,Compl,Unable,OFF,38.281,35.938,29.375,29.375,19.531,39.551,15.686,31.765,0.781,1.582,ON,0
2243,OFF,ON,ON,0.998,0.994,-0.008,-0.027,3.283,3.249,0,97,51199.219,13.886,23.137,OFF,OFF,OFF,OFF,OFF,OFF,OFF,OFF,Avail,Incmpl
2244,Incmpl,Enable,Avail,485.800,327.800,485.800,327.800,ON,Avail,Compl,Enable,75,0,0,0,0,0,0,6,A,0,0,Avail,Incmpl
2245,Incmpl,Enable,OFF,OFF,805,1033.500,51199.219,51199.219,51199.219,51199.219,51199.219,51199.219,1GRFE ,48.235,Avail,Incmpl,Incmpl,Enable,7.996,ON,OFF,OFF,OFF,ON
2246,ON,Avail,Compl,Enable,Compl,CL,CL,Compl,Unable,Not Avl,Compl,Compl,Enable,OFF,0,15.500,341,ON,13.750,15,0.104,2323,17,21
2247,-3,OFF,0,4.688,5.710,OFF,0,0,53,Avail,Compl,Enable,0,GRN2#  ,2011,ON,0,ACTIVE,ACTIVE,0.967,0.952,0.720,0.760,53.820
2248,55.117,Avail,Compl,Avail,Incmpl,Incmpl,Enable,OBD II (California ARB),OFF,OFF,43.896,-0.055,OFF,0,OFF,1st,OFF,OFF,OFF,OFF,OFF,OFF,0,0
2249,ON,OFF,1000,0,OFF,OFF,OFF,ON,Gasoline,0.991,OFF,OFF,0.684,ON,1.250,16.078,19,0,0.801,0.801,2.383,0.801,0.918,2.031
2250,47.843,0,16.078,14,0.004,0.051,OFF,ECT 5th,NA,OFF,97.768,97.790,13.725,0,Not Avl,0,0,0,0,ON,ON,0,0,1
2251,0,14.159,Not Avl,Compl,Compl,Unable,ON,Not Avl,Compl,Compl,Unable,OFF,38.281,35.938,29.375,29.375,19.531,39.551,15.686,31.765,0.781,1.582,ON,0
2252,OFF,ON,ON,0.998,1.000,-0.004,-0.008,3.288,3.283,0,97,51199.219,13.886,23.137,OFF,OFF,OFF,OFF,OFF,OFF,OFF,OFF,Avail,Incmpl
2253,Incmpl,Enable,Avail,485.700,327.700,485.700,327.700,ON,Avail,Compl,Enable,75,0,0,0,0,0,0,6,A,0,0,Avail,Incmpl
2254,Incmpl,Enable,OFF,OFF,805,1035.750,51199.219,51199.219,51199.219,51199.219,51199.219,51199.219,1GRFE ,48.235,Avail,Incmpl,Incmpl,Enable,7.996,ON,OFF,OFF,OFF,ON
2255,ON,Avail,Compl,Enable,Compl,CL,CL,Compl,Unable,Not Avl,Compl,Compl,Enable,OFF,0,15.500,366,ON,13.750,15,0.104,2319,17,21
2256,-3,OFF,0,4.688,5.730,OFF,0,0,60,Avail,Compl,Enable,0,GRN2#  ,2011,ON,0,ACTIVE,ACTIVE,0.967,0.947,0.720,0.760,54.145
2257,55.117,Avail,Compl,Avail,Incmpl,Incmpl,Enable,OBD II (California ARB),OFF,OFF,43.890,-0.055,OFF,0,OFF,1st,OFF,OFF,OFF,OFF,OFF,OFF,0,0
2258,ON,OFF,1000,0,OFF,OFF,OFF,ON,Gasoline,0.992,OFF,OFF,0.684,ON,1.250,16.078,19,0,0.801,0.801,2.383,0.801,0.918,2.031
2259,47.843,0,16.078,14,0.004,0.051,OFF,ECT 5th,NA,OFF,97.812,97.790,13.725,0,Not Avl,0,0,0,0,ON,ON,0,0,1
2260,0,14.159,Not Avl,Compl,Compl,Unable,ON,Not Avl,Compl,Compl,Unable,OFF,38.281,35.938,29.375,29.375,19.531,39.551,15.686,31.765,0.781,1.582,ON,0
2261,OFF,ON,ON,0.997,0.999,-0.012,-0.012,3.279,3.274,0,97,51199.219,13.906,23.529,OFF,OFF,OFF,OFF,OFF,OFF,OFF,OFF,Avail,Incmpl
2262,Incmpl,Enable,Avail,485.700,327.700,485.700,327.700,ON,Avail,Compl,Enable,75,0,0,0,0,0,0,6,A,0,0,Avail,Incmpl
2263,Incmpl,Enable,OFF,OFF,806,1030.250,51199.219,51199.219,51199.219,51199.219,51199.219,51199.219,1GRFE ,48.235,Avail,Incmpl,Incmpl,Enable,7.996,ON,OFF,OFF,OFF,ON
2264,ON,Avail,Compl,Enable,Compl,CL,CL,Compl,Unable,Not Avl,Compl,Compl,Enable,OFF,0,15.500,389,ON,13.750,15,0.103,2337,17,21
2265,-3,OFF,0,4.688,5.710,OFF,0,0,60,Avail,Compl,Enable,0,GRN2#  ,2011,ON,0,ACTIVE,ACTIVE,0.967,0.952,0.720,0.760,54.145
2266,54.793,Avail,Compl,Avail,Incmpl,Incmpl,Enable,OBD II (California ARB),OFF,OFF,43.896,-0.055,OFF,0,OFF,1st,OFF,OFF,OFF,OFF,OFF,OFF,0,0
2267,ON,OFF,1000,0,OFF,OFF,OFF,ON,Gasoline,0.991,OFF,OFF,0.684,ON,1.250,16.078,19,0,0.801,0.801,2.383,0.801,0.918,2.031
2268,47.843,0,16.078,14,0.004,0.051,OFF,ECT 5th,NA,OFF,97.790,97.834,13.725,0,Not Avl,0,0,0,0,ON,ON,0,0,1
2269,0,14.159,Not Avl,Compl,Compl,Unable,ON,Not Avl,Compl,Compl,Unable,OFF,38.281,41.406,29.375,29.375,19.531,39.551,15.686,31.765,0.781,1.582,ON,0
2270,OFF,ON,ON,0.997,0.995,-0.012,-0.027,3.279,3.254,0,97,51199.219,13.906,23.529,OFF,OFF,OFF,OFF,OFF,OFF,OFF,OFF,Avail,Incmpl
2271,Incmpl,Enable,Avail,485.700,327.700,485.700,327.700,ON,Avail,Compl,Enable,75,0,0,0,0,0,0,6,A,0,0,Avail,Incmpl
2272,Incmpl,Enable,OFF,OFF,806,1028.750,51199.219,51199.219,51199.219,51199.219,51199.219,51199.219,1GRFE ,48.235,Avail,Incmpl,Incmpl,Enable,7.996,ON,OFF,OFF,OFF,ON
2273,ON,Avail,Compl,Enable,Compl,CL,CL,Compl,Unable,Not Avl,Compl,Compl,Enable,OFF,0,15.500,414,ON,13.750,15,0.103,2334,17,21
2274,-3,OFF,0,4.688,5.710,OFF,0,0,60,Avail,Compl,Enable,0,GRN2#  ,2011,ON,0,ACTIVE,ACTIVE,0.967,0.947,0.720,0.760,54.145
2275,54.793,Avail,Compl,Avail,Incmpl,Incmpl,Enable,OBD II (California ARB),OFF,OFF,43.896,-0.055,OFF,0,OFF,1st,OFF,OFF,OFF,OFF,OFF,OFF,0,0
2276,ON,OFF,1000,0,OFF,OFF,OFF,ON,Gasoline,0.992,OFF,OFF,0.684,ON,1.250,16.078,19,0,0.801,0.801,2.383,0.801,0.918,2.031
2277,47.843,0,16.078,14,0.004,0.051,OFF,ECT 5th,NA,OFF,97.790,97.746,13.725,0,Not Avl,0,0,0,0,ON,ON,0,0,1
2278,0,14.159,Not Avl,Compl,Compl,Unable,ON,Not Avl,Compl,Compl,Unable,OFF,38.281,47.656,29.375,29.375,19.531,39.551,15.686,31.765,0.781,1.582,ON,0
2279,OFF,ON,ON,0.993,0.996,-0.027,-0.023,3.254,3.259,0,97,51199.219,13.906,23.529,OFF,OFF,OFF,OFF,OFF,OFF,OFF,OFF,Avail,Incmpl
2280,Incmpl,Enable,Avail,485.700,327.600,485.700,327.600,ON,Avail,Compl,Enable,75,0,0,0,0,0,0,6,A,0,0,Avail,Incmpl
2281,Incmpl,Enable,OFF,OFF,807,1025.750,51199.219,51199.219,51199.219,51199.219,51199.219,51199.219,1GRFE ,47.843,Avail,Incmpl,Incmpl,Enable,7.996,ON,OFF,OFF,OFF,ON
2282,ON,Avail,Compl,Enable,Compl,CL,CL,Compl,Unable,Not Avl,Compl,Compl,Enable,OFF,0,15.500,437,ON,13.750,15,0.104,2334,17,21
2283,-3,OFF,0,4.688,5.710,OFF,0,0,54,Avail,Compl,Enable,0,GRN2#  ,2011,ON,0,ACTIVE,ACTIVE,0.967,0.947,0.720,0.760,53.820
2284,54.793,Avail,Compl,Avail,Incmpl,Incmpl,Enable,OBD II (California ARB),OFF,OFF,43.896,-0.055,OFF,0,OFF,1st,OFF,OFF,OFF,OFF,OFF,OFF,0,-0.781
2285,ON,OFF,1000,0,OFF,OFF,OFF,ON,Gasoline,0.992,OFF,OFF,0.684,ON,1.250,16.078,19,0,0.801,0.801,2.383,0.801,0.918,2.031
2286,47.843,0,16.078,14,0.004,0.051,OFF,ECT 5th,NA,OFF,97.790,97.878,14.118,0,Not Avl,0,0,0,0,ON,ON,0,0,1
2287,0,14.153,Not Avl,Compl,Compl,Unable,ON,Not Avl,Compl,Compl,Unable,OFF,38.281,41.406,29.375,29.375,19.531,39.551,15.686,31.765,0.781,1.582,ON,0
2288,OFF,ON,ON,0.997,0.997,-0.008,-0.020,3.283,3.264,0,97,51199.219,13.906,23.529,OFF,OFF,OFF,OFF,OFF,OFF,OFF,OFF,Avail,Incmpl
2289,Incmpl,Enable,Avail,485.700,327.600,485.700,327.600,ON,Avail,Compl,Enable,75,0,0,0,0,0,0,6,A,0,0,Avail,Incmpl
2290,Incmpl,Enable,OFF,OFF,807,1032,51199.219,51199.219,51199.219,51199.219,51199.219,51199.219,1GRFE ,48.235,Avail,Incmpl,Incmpl,Enable,7.996,ON,OFF,OFF,OFF,ON
2291,ON,Avail,Compl,Enable,Compl,CL,CL,Compl,Unable,Not Avl,Compl,Compl,Enable,OFF,0,15.500,460,ON,13.750,15,0.104,2326,17,21
2292,-3,OFF,0,4.688,5.710,OFF,0,0,54,Avail,Compl,Enable,0,GRN2#  ,2011,ON,0,ACTIVE,ACTIVE,0.967,0.947,0.720,0.760,53.820
2293,54.793,Avail,Compl,Avail,Incmpl,Incmpl,Enable,OBD II (California ARB),OFF,OFF,43.896,-0.055,OFF,0,OFF,1st,OFF,OFF,OFF,OFF,OFF,OFF,0,-0.781
2294,ON,OFF,1000,0,OFF,OFF,OFF,ON,Gasoline,0.995,OFF,OFF,0.684,ON,1.250,16.078,19,0,0.801,0.801,2.383,0.801,0.918,2.031
2295,47.843,0,16.078,14,0.004,0.051,OFF,ECT 5th,NA,OFF,97.790,97.724,13.725,0,Not Avl,0,0,0,0,ON,ON,0,0,1
2296,0,14.144,Not Avl,Compl,Compl,Unable,ON,Not Avl,Compl,Compl,Unable,OFF,38.281,38.281,29.375,29.375,19.531,39.551,15.686,31.765,0.781,1.582,ON,0
2297,OFF,ON,ON,0.997,0.996,-0.012,-0.023,3.279,3.259,0,97,51199.219,13.886,23.529,OFF,OFF,OFF,OFF,OFF,OFF,OFF,OFF,Avail,Incmpl
2298,Incmpl,Enable,Avail,485.700,327.500,485.700,327.500,ON,Avail,Compl,Enable,75,0,0,0,0,0,0,6,A,0,0,Avail,Incmpl
2299,Incmpl,Enable,OFF,OFF,808,1016.250,51199.219,51199.219,51199.219,51199.219,51199.219,51199.219,1GRFE ,47.843,Avail,Incmpl,Incmpl,Enable,7.996,ON,OFF,OFF,OFF,ON
2300,ON,Avail,Compl,Enable,Compl,CL,CL,Compl,Unable,Not Avl,Compl,Compl,Enable,OFF,0,16,485,ON,13.750,15,0.104,2348,17,21
2301,-3,OFF,0,4.688,5.710,OFF,0,0,66,Avail,Compl,Enable,0,GRN2#  ,2011,ON,0,ACTIVE,ACTIVE,0.967,0.947,0.720,0.760,53.496
2302,54.145,Avail,Compl,Avail,Incmpl,Incmpl,Enable,OBD II (California ARB),OFF,OFF,43.896,-0.055,OFF,0,OFF,1st,OFF,OFF,OFF,OFF,OFF,OFF,0,-0.781
2303,ON,OFF,1000,0,OFF,OFF,OFF,ON,Gasoline,0.995,OFF,OFF,0.684,ON,1.250,16.078,19,0,0.801,0.801,2.383,0.801,0.918,2.031
2304,47.843,0,16.078,14,0.004,0.051,OFF,ECT 5th,NA,OFF,97.812,97.900,14.118,0,Not Avl,0,0,0,0,ON,ON,0,0,1
2305,0,14.160,Not Avl,Compl,Compl,Unable,ON,Not Avl,Compl,Compl,Unable,OFF,38.281,38.281,29.375,30,19.531,39.551,15.686,31.765,0.781,1.582,ON,0
2306,OFF,ON,ON,0.998,0.995,-0.008,-0.027,3.283,3.254,0,97,51199.219,13.906,23.529,OFF,OFF,OFF,OFF,OFF,OFF,OFF,OFF,Avail,Incmpl
2307,Incmpl,Enable,Avail,485.700,327.500,485.700,327.500,ON,Avail,Compl,Enable,75,0,0,0,0,0,0,6,A,0,0,Avail,Incmpl
2308,Incmpl,Enable,OFF,OFF,808,1021.750,51199.219,51199.219,51199.219,51199.219,51199.219,51199.219,1GRFE ,48.235,Avail,Incmpl,Incmpl,Enable,7.996,ON,OFF,OFF,OFF,ON
2309,ON,Avail,Compl,Enable,Compl,CL,CL,Compl,Unable,Not Avl,Compl,Compl,Enable,OFF,0,15.500,505,ON,13.750,15,0.104,2341,17,21
2310,-3,OFF,0,4.688,5.710,OFF,0,0,66,Avail,Compl,Enable,0,GRN2#  ,2011,ON,0,ACTIVE,Not Act,0.972,0.947,0.720,0.760,53.820
2311,54.793,Avail,Compl,Avail,Incmpl,Incmpl,Enable,OBD II (California ARB),OFF,OFF,43.903,-0.055,OFF,0,OFF,1st,OFF,OFF,OFF,OFF,OFF,OFF,0,-0.781
2312,ON,OFF,1000,0,OFF,OFF,OFF,ON,Gasoline,0.995,OFF,OFF,0.684,ON,1.250,16.078,19,0,0.801,0.801,2.383,0.801,0.918,2.031
2313,47.843,0,16.078,14,0,0.051,OFF,ECT 5th,NA,OFF,97.768,97.680,14.118,0,Not Avl,0,0,0,0,ON,ON,0,0,1
2314,0,14.149,Not Avl,Compl,Compl,Unable,ON,Not Avl,Compl,Compl,Unable,OFF,38.281,38.281,29.375,30,19.531,39.551,15.686,31.765,0.781,1.582,ON,0
2315,OFF,ON,ON,0.998,0.998,-0.004,-0.012,3.288,3.274,0,97,51199.219,13.886,23.529,OFF,OFF,OFF,OFF,OFF,OFF,OFF,OFF,Avail,Incmpl
2316,Incmpl,Enable,Avail,485.600,327.500,485.600,327.500,ON,Avail,Compl,Enable,75,0,0,0,0,0,0,6,A,0,0,Avail,Incmpl
2317,Incmpl,Enable,OFF,OFF,808,1026.500,51199.219,51199.219,51199.219,51199.219,51199.219,51199.219,1GRFE ,48.235,Avail,Incmpl,Incmpl,Enable,7.996,ON,OFF,OFF,OFF,ON
2318,ON,Avail,Compl,Enable,Compl,CL,CL,Compl,Unable,Not Avl,Compl,Compl,Enable,OFF,0,15.500,525,ON,13.750,15,0.104,2330,17,21
2319,-3,OFF,0,4.688,5.680,OFF,0,0,66,Avail,Compl,Enable,0,GRN2#  ,2011,ON,0,ACTIVE,ACTIVE,0.967,0.952,0.720,0.760,53.820
2320,54.793,Avail,Compl,Avail,Incmpl,Incmpl,Enable,OBD II (California ARB),OFF,OFF,43.896,-0.055,OFF,0,OFF,1st,OFF,OFF,OFF,OFF,OFF,OFF,0,-0.781
2321,ON,OFF,1000,0,OFF,OFF,OFF,ON,Gasoline,0.995,OFF,OFF,0.684,ON,1.250,16.078,19,0,0.801,0.801,2.383,0.801,0.918,2.031
2322,47.843,0,16.078,14,0,0.047,OFF,ECT 5th,NA,OFF,97.812,97.856,13.725,0,Not Avl,0,0,0,0,ON,ON,0,0,1
2323,0,14.159,Not Avl,Compl,Compl,Unable,ON,Not Avl,Compl,Compl,Unable,OFF,38.281,38.281,29.375,30,19.531,39.551,15.686,31.765,0.781,1.582,ON,0
2324,OFF,ON,ON,1.003,1.001,0.012,-0.004,3.318,3.288,0,97,51199.219,13.886,23.529,OFF,OFF,OFF,OFF,OFF,OFF,OFF,OFF,Avail,Incmpl
2325,Incmpl,Enable,Avail,485.600,327.500,485.600,327.500,ON,Avail,Compl,Enable,75,0,0,0,0,0,0,6,A,0,0,Avail,Incmpl
2326,Incmpl,Enable,OFF,OFF,809,1031.250,51199.219,51199.219,51199.219,51199.219,51199.219,51199.219,1GRFE ,47.843,Avail,Incmpl,Incmpl,Enable,7.996,ON,OFF,OFF,OFF,ON
2327,ON,Avail,Compl,Enable,Compl,CL,CL,Compl,Unable,Not Avl,Compl,Compl,Enable,OFF,0,15.500,543,ON,13.750,15,0.104,2330,17,21
2328,-3,OFF,0,4.688,5.710,OFF,0,0,66,Avail,Compl,Enable,0,GRN2#  ,2011,ON,0,ACTIVE,ACTIVE,0.967,0.952,0.720,0.760,53.820
2329,54.793,Avail,Compl,Avail,Incmpl,Incmpl,Enable,OBD II (California ARB),OFF,OFF,44.025,-0.055,OFF,0,OFF,1st,OFF,OFF,OFF,OFF,OFF,OFF,0,-0.781
2330,ON,OFF,1000,0,OFF,OFF,OFF,ON,Gasoline,0.995,OFF,OFF,0.684,ON,1.250,16.078,19,0,0.801,0.801,2.383,0.801,0.918,2.031
2331,47.843,0,16.078,14,0,0.047,OFF,ECT 5th,NA,OFF,97.790,97.724,13.725,0,Not Avl,0,0,0,0,ON,ON,0,0,1
2332,0,14.159,Not Avl,Compl,Compl,Unable,ON,Not Avl,Compl,Compl,Unable,OFF,38.281,38.281,29.375,30,19.531,39.551,15.686,31.765,0.781,1.582,ON,0
2333,OFF,ON,ON,0.996,1.002,0,0.008,3.274,3.293,0,97,51199.219,13.886,23.529,OFF,OFF,OFF,OFF,OFF,OFF,OFF,OFF,Avail,Incmpl
2334,Incmpl,Enable,Avail,485.600,327.500,485.600,327.500,ON,Avail,Compl,Enable,75,0,0,0,0,0,0,6,A,0,0,Avail,Incmpl
2335,Incmpl,Enable,OFF,OFF,809,1032,51199.219,51199.219,51199.219,51199.219,51199.219,51199.219,1GRFE ,48.235,Avail,Incmpl,Incmpl,Enable,7.996,ON,OFF,OFF,OFF,ON
2336,ON,Avail,Compl,Enable,Compl,CL,CL,Compl,Unable,Not Avl,Compl,Compl,Enable,OFF,0,15.500,567,ON,13.750,15,0.104,2330,17,21
2337,-3,OFF,0,4.688,5.710,OFF,0,0,66,Avail,Compl,Enable,0,GRN2#  ,2011,ON,0,ACTIVE,ACTIVE,0.967,0.952,0.720,0.760,53.820
2338,54.793,Avail,Compl,Avail,Incmpl,Incmpl,Enable,OBD II (California ARB),OFF,OFF,44.025,-0.055,OFF,0,OFF,1st,OFF,OFF,OFF,OFF,OFF,OFF,0,0
2339,ON,OFF,1000,0,OFF,OFF,OFF,ON,Gasoline,0.993,OFF,OFF,0.684,ON,1.172,16.078,18,0,0.801,0.801,2.383,0.801,0.918,2.031
2340,47.843,0,16.078,14,0,0.047,OFF,ECT 5th,NA,OFF,97.812,97.922,13.725,0,Not Avl,0,0,0,0,ON,ON,0,0,1
2341,0,14.152,Not Avl,Compl,Compl,Unable,ON,Not Avl,Compl,Compl,Unable,OFF,38.281,38.281,29.375,30,19.531,39.551,15.686,31.765,0.781,1.582,ON,0
2342,OFF,ON,ON,0.997,1.000,-0.012,-0.008,3.279,3.283,0,97,51199.219,13.886,23.529,OFF,OFF,OFF,OFF,OFF,OFF,OFF,OFF,Avail,Incmpl
2343,Incmpl,Enable,Avail,485.600,327.400,485.600,327.400,ON,Avail,Compl,Enable,75,0,0,0,0,0,0,6,A,0,0,Avail,Incmpl
2344,Incmpl,Enable,OFF,OFF,810,1026.500,51199.219,51199.219,51199.219,51199.219,51199.219,51199.219,1GRFE ,48.235,Avail,Incmpl,Incmpl,Enable,7.996,ON,OFF,OFF,OFF,ON
2345,ON,Avail,Compl,Enable,Compl,CL,CL,Compl,Unable,Not Avl,Compl,Compl,Enable,OFF,0,15.500,588,ON,13.750,15,0.104,2334,17,21
2346,-3,OFF,0,4.688,5.710,OFF,0,0,69,Avail,Compl,Enable,0,GRN2#  ,2011,ON,0,ACTIVE,ACTIVE,0.967,0.952,0.720,0.760,53.820
2347,54.793,Avail,Compl,Avail,Incmpl,Incmpl,Enable,OBD II (California ARB),OFF,OFF,43.896,-0.055,OFF,0,OFF,1st,OFF,OFF,OFF,OFF,OFF,OFF,0,0
2348,ON,OFF,1000,0,OFF,OFF,OFF,ON,Gasoline,0.995,OFF,OFF,0.684,ON,1.172,16.078,18,0,0.801,0.801,2.383,0.801,0.918,2.031
2349,47.843,0,16.078,14,0,0.047,OFF,ECT 5th,NA,OFF,97.812,97.944,13.725,0,Not Avl,0,0,0,0,ON,ON,0,0,1
2350,0,14.159,Not Avl,Compl,Compl,Unable,ON,Not Avl,Compl,Compl,Unable,OFF,38.281,38.281,29.375,30,19.531,39.551,15.686,31.765,0.781,1.582,ON,0
2351,OFF,ON,ON,0.995,1.000,-0.016,-0.012,3.269,3.279,0,97,51199.219,13.886,23.529,OFF,OFF,OFF,OFF,OFF,OFF,OFF,OFF,Avail,Incmpl
2352,Incmpl,Enable,Avail,485.600,327.400,485.600,327.400,ON,Avail,Compl,Enable,75,0,0,0,0,0,0,6,A,0,0,Avail,Incmpl
2353,Incmpl,Enable,OFF,OFF,810,1028.750,51199.219,51199.219,51199.219,51199.219,51199.219,51199.219,1GRFE ,48.235,Avail,Incmpl,Incmpl,Enable,7.996,ON,OFF,OFF,OFF,ON
2354,ON,Avail,Compl,Enable,Compl,CL,CL,Compl,Unable,Not Avl,Compl,Compl,Enable,OFF,0,15.500,12,ON,13.750,15,0.104,2330,17,21
2355,-3,OFF,0,4.688,5.710,OFF,0,0,69,Avail,Compl,Enable,0,GRN2#  ,2011,ON,0,ACTIVE,ACTIVE,0.967,0.952,0.720,0.760,53.820
2356,54.793,Avail,Compl,Avail,Incmpl,Incmpl,Enable,OBD II (California ARB),OFF,OFF,44.025,-0.055,OFF,0,OFF,1st,OFF,OFF,OFF,OFF,OFF,OFF,0,0
2357,ON,OFF,1000,0,OFF,OFF,OFF,ON,Gasoline,0.995,OFF,OFF,0.684,ON,1.172,16.078,18,0,0.801,0.801,2.383,0.801,0.918,2.031
2358,47.843,0,16.078,14,0,0.047,OFF,ECT 5th,NA,OFF,97.812,97.922,13.725,0,Not Avl,0,0,0,0,ON,ON,0,0,1
2359,0,14.159,Not Avl,Compl,Compl,Unable,ON,Not Avl,Compl,Compl,Unable,OFF,38.281,38.281,29.375,30,19.531,39.551,15.686,31.765,0.781,1.582,ON,0
2360,OFF,ON,ON,1.004,1.000,0.012,-0.008,3.318,3.283,0,97,51199.219,13.906,23.137,OFF,OFF,OFF,OFF,OFF,OFF,OFF,OFF,Avail,Incmpl
2361,Incmpl,Enable,Avail,485.500,327.300,485.500,327.300,ON,Avail,Compl,Enable,75,0,0,0,0,0,0,6,A,0,0,Avail,Incmpl
2362,Incmpl,Enable,OFF,OFF,810,1030.250,51199.219,51199.219,51199.219,51199.219,51199.219,51199.219,1GRFE ,48.235,Avail,Incmpl,Incmpl,Enable,7.996,ON,OFF,OFF,OFF,ON
2363,ON,Avail,Compl,Enable,Compl,CL,CL,Compl,Unable,Not Avl,Compl,Compl,Enable,OFF,0,15.500,37,ON,13.750,15,0.104,2326,17,21
2364,-3,OFF,0,4.688,5.710,OFF,0,0,69,Avail,Compl,Enable,0,GRN2#  ,2011,ON,0,ACTIVE,ACTIVE,0.967,0.947,0.720,0.760,53.820
2365,54.145,Avail,Compl,Avail,Incmpl,Incmpl,Enable,OBD II (California ARB),OFF,OFF,43.774,-0.055,OFF,0,OFF,1st,OFF,OFF,OFF,OFF,OFF,OFF,0,0
2366,ON,OFF,1000,0,OFF,OFF,OFF,ON,Gasoline,0.996,OFF,OFF,0.684,ON,1.172,16.078,18,0,0.801,0.801,2.383,0.801,0.918,2.031
2367,47.843,0,16.078,14,0,0.047,OFF,ECT 5th,NA,OFF,97.768,97.680,13.725,0,Not Avl,0,0,0,0,ON,ON,0,0,1
2368,0,14.159,Not Avl,Compl,Compl,Unable,ON,Not Avl,Compl,Compl,Unable,OFF,38.281,38.281,29.375,30,19.531,39.551,15.686,31.765,0.781,1.582,ON,0
2369,OFF,ON,ON,1.000,1.001,0,-0.004,3.298,3.288,0,97,51199.219,13.886,23.529,OFF,OFF,OFF,OFF,OFF,OFF,OFF,OFF,Avail,Incmpl
2370,Incmpl,Enable,Avail,485.500,327.300,485.500,327.300,ON,Avail,Compl,Enable,75,0,0,0,0,0,0,6,A,0,0,Avail,Incmpl
2371,Incmpl,Enable,OFF,OFF,811,1029.500,51199.219,51199.219,51199.219,51199.219,51199.219,51199.219,1GRFE ,48.235,Avail,Incmpl,Incmpl,Enable,7.996,ON,OFF,OFF,OFF,ON
2372,ON,Avail,Compl,Enable,Compl,CL,CL,Compl,Unable,Not Avl,Compl,Compl,Enable,OFF,0,15.500,62,ON,13.750,15,0.104,2330,17,21
2373,-3,OFF,0,4.688,5.700,OFF,0,0,69,Avail,Compl,Enable,0,GRN2#  ,2011,ON,0,ACTIVE,ACTIVE,0.967,0.947,0.720,0.760,54.793
2374,54.145,Avail,Compl,Avail,Incmpl,Incmpl,Enable,OBD II (California ARB),OFF,OFF,43.896,-0.055,OFF,0,OFF,1st,OFF,OFF,OFF,OFF,OFF,OFF,0,0
2375,ON,OFF,1000,0,OFF,OFF,OFF,ON,Gasoline,0.994,OFF,OFF,0.684,ON,1.172,16.078,18,0,0.801,0.801,2.383,0.801,0.918,2.031
2376,47.843,0,16.078,14,0,0.047,OFF,ECT 5th,NA,OFF,97.812,97.922,13.725,0,Not Avl,0,0,0,0,ON,ON,0,0,1
2377,0,14.159,Not Avl,Compl,Compl,Unable,ON,Not Avl,Compl,Compl,Unable,OFF,38.281,38.281,29.375,30,19.531,39.551,15.686,31.765,0.781,1.582,ON,0
2378,OFF,ON,ON,0.998,0.998,-0.008,-0.012,3.283,3.274,0,97,51199.219,13.886,23.529,OFF,OFF,OFF,OFF,OFF,OFF,OFF,OFF,Avail,Incmpl
2379,Incmpl,Enable,Avail,485.500,327.200,485.500,327.200,ON,Avail,Compl,Enable,75,0,0,0,0,0,0,6,A,0,0,Avail,Incmpl
2380,Incmpl,Enable,OFF,OFF,811,1036.500,51199.219,51199.219,51199.219,51199.219,51199.219,51199.219,1GRFE ,48.235,Avail,Incmpl,Incmpl,Enable,7.996,ON,OFF,OFF,OFF,ON
2381,ON,Avail,Compl,Enable,Compl,CL,CL,Compl,Unable,Not Avl,Compl,Compl,Enable,OFF,0,15.500,84,ON,13.750,15,0.104,2330,17,21
2382,-3,OFF,0,4.688,5.710,OFF,0,0,69,Avail,Compl,Enable,0,GRN2#  ,2011,ON,0,ACTIVE,ACTIVE,0.967,0.952,0.720,0.760,54.145
2383,55.117,Avail,Compl,Avail,Incmpl,Incmpl,Enable,OBD II (California ARB),OFF,OFF,43.896,-0.055,OFF,0,OFF,1st,OFF,OFF,OFF,OFF,OFF,OFF,0,0
2384,ON,OFF,1000,0,OFF,OFF,OFF,ON,Gasoline,0.994,OFF,OFF,0.684,ON,1.172,16.078,18,0,0.801,0.801,2.383,0.801,0.918,2.031
2385,47.843,0,16.078,14,0,0.047,OFF,ECT 5th,NA,OFF,97.768,97.658,13.725,0,Not Avl,0,0,0,0,ON,ON,0,0,1
2386,0,14.159,Not Avl,Compl,Compl,Unable,ON,Not Avl,Compl,Compl,Unable,OFF,38.281,38.281,29.375,30,19.531,39.551,15.686,31.765,0.781,1.582,ON,0
2387,OFF,ON,ON,0.998,0.998,0,-0.012,3.293,3.279,0,97,51199.219,13.906,23.137,OFF,OFF,OFF,OFF,OFF,OFF,OFF,OFF,Avail,Incmpl
2388,Incmpl,Enable,Avail,485.500,327.200,485.500,327.200,ON,Avail,Compl,Enable,75,0,0,0,0,0,0,6,A,0,0,Avail,Incmpl
2389,Incmpl,Enable,OFF,OFF,812,1036.500,51199.219,51199.219,51199.219,51199.219,51199.219,51199.219,1GRFE ,48.235,Avail,Incmpl,Incmpl,Enable,7.996,ON,OFF,OFF,OFF,ON
2390,ON,Avail,Compl,Enable,Compl,CL,CL,Compl,Unable,Not Avl,Compl,Compl,Enable,OFF,0,15.500,108,ON,13.750,15,0.104,2312,17,21
2391,-3,OFF,0,4.688,5.710,OFF,0,0,52,Avail,Compl,Enable,0,GRN2#  ,2011,ON,0,ACTIVE,ACTIVE,0.967,0.952,0.720,0.760,54.145
2392,54.793,Avail,Compl,Avail,Incmpl,Incmpl,Enable,OBD II (California ARB),OFF,OFF,43.896,-0.055,OFF,0,OFF,1st,OFF,OFF,OFF,OFF,OFF,OFF,0,0
2393,ON,OFF,1000,0,OFF,OFF,OFF,ON,Gasoline,0.994,OFF,OFF,0.684,ON,1.172,16.078,18,0,0.801,0.801,2.383,0.801,0.918,2.031
2394,47.843,0,16.078,14,0,0.047,OFF,ECT 5th,NA,OFF,97.812,97.944,13.725,0,Not Avl,0,0,0,0,ON,ON,0,0,1
2395,0,14.159,Not Avl,Compl,Compl,Unable,ON,Not Avl,Compl,Compl,Unable,OFF,38.281,38.281,29.375,30,19.531,39.551,15.686,31.765,0.781,1.582,ON,0
2396,OFF,ON,ON,1.001,1.001,0,-0.004,3.298,3.288,0,97,51199.219,13.906,23.529,OFF,OFF,OFF,OFF,OFF,OFF,OFF,OFF,Avail,Incmpl
2397,Incmpl,Enable,Avail,485.500,327.200,485.500,327.200,ON,Avail,Compl,Enable,75,0,0,0,0,0,0,6,A,0,0,Avail,Incmpl
2398,Incmpl,Enable,OFF,OFF,812,1032,51199.219,51199.219,51199.219,51199.219,51199.219,51199.219,1GRFE ,48.627,Avail,Incmpl,Incmpl,Enable,7.996,ON,OFF,OFF,OFF,ON
2399,ON,Avail,Compl,Enable,Compl,CL,CL,Compl,Unable,Not Avl,Compl,Compl,Enable,OFF,0,15.500,129,ON,13.750,15,0.104,2341,17,21
2400,-3,OFF,0,4.688,5.760,OFF,0,0,52,Avail,Compl,Enable,0,GRN2#  ,2011,ON,0,Not Act,ACTIVE,0.967,0.952,0.720,0.760,53.820
2401,54.793,Avail,Compl,Avail,Incmpl,Incmpl,Enable,OBD II (California ARB),OFF,OFF,44.141,-0.055,OFF,0,OFF,1st,OFF,OFF,OFF,OFF,OFF,OFF,0,0
2402,ON,OFF,1000,0,OFF,OFF,OFF,ON,Gasoline,0.993,OFF,OFF,0.684,ON,1.172,16.078,18,0,0.801,0.801,2.383,0.801,0.918,2.031
2403,47.843,0,16.078,14,0,0.047,OFF,ECT 5th,NA,OFF,97.812,97.900,14.118,0,Not Avl,0,0,0,0,ON,ON,0,0,1
2404,0,14.159,Not Avl,Compl,Compl,Unable,ON,Not Avl,Compl,Compl,Unable,OFF,38.281,35.938,29.375,30,19.531,39.551,15.686,31.765,0.781,1.582,ON,0
2405,OFF,ON,ON,0.996,0.998,-0.012,-0.016,3.274,3.269,0,97,51199.219,13.906,23.529,OFF,OFF,OFF,OFF,OFF,OFF,OFF,OFF,Avail,Incmpl
2406,Incmpl,Enable,Avail,485.500,327.100,485.500,327.100,ON,Avail,Compl,Enable,75,0,0,0,0,0,0,6,A,0,0,Avail,Incmpl
2407,Incmpl,Enable,OFF,OFF,813,1014.750,51199.219,51199.219,51199.219,51199.219,51199.219,51199.219,1GRFE ,47.843,Avail,Incmpl,Incmpl,Enable,7.996,ON,OFF,OFF,OFF,ON
2408,ON,Avail,Compl,Enable,Compl,CL,CL,Compl,Unable,Not Avl,Compl,Compl,Enable,OFF,0,15.500,150,ON,13.750,15,0.104,2359,17,21
2409,-3,OFF,0,4.688,5.750,OFF,0,0,57,Avail,Compl,Enable,0,GRN2#  ,2011,ON,0,ACTIVE,ACTIVE,0.967,0.952,0.720,0.760,54.469
2410,54.793,Avail,Compl,Avail,Incmpl,Incmpl,Enable,OBD II (California ARB),OFF,OFF,43.774,-0.055,OFF,0,OFF,1st,OFF,OFF,OFF,OFF,OFF,OFF,0,0
2411,ON,OFF,1000,0,OFF,OFF,OFF,ON,Gasoline,0.994,OFF,OFF,0.684,ON,1.172,16.078,18,0,0.801,0.801,2.383,0.801,0.918,2.031
2412,47.843,0,16.078,15,0,0.047,OFF,ECT 5th,NA,OFF,97.790,97.746,14.118,0,Not Avl,0,0,0,0,ON,ON,0,0,1
2413,0,14.159,Not Avl,Compl,Compl,Unable,ON,Not Avl,Compl,Compl,Unable,OFF,38.281,35.938,29.375,30,19.531,39.551,15.686,31.765,0.781,1.582,ON,0
2414,OFF,ON,ON,0.997,0.996,-0.008,-0.023,3.283,3.259,0,97,51199.219,13.906,23.529,OFF,OFF,OFF,OFF,OFF,OFF,OFF,OFF,Avail,Incmpl
2415,Incmpl,Enable,Avail,485.500,327.100,485.500,327.100,ON,Avail,Compl,Enable,75,0,0,0,0,0,0,6,A,0,0,Avail,Incmpl
2416,Incmpl,Enable,OFF,OFF,813,1031.250,51199.219,51199.219,51199.219,51199.219,51199.219,51199.219,1GRFE ,48.235,Avail,Incmpl,Incmpl,Enable,7.996,ON,OFF,OFF,OFF,ON
2417,ON,Avail,Compl,Enable,Compl,CL,CL,Compl,Unable,Not Avl,Compl,Compl,Enable,OFF,0,15.500,176,ON,13.750,15,0.104,2352,17,21
2418,-3,OFF,0,4.688,5.750,OFF,0,0,57,Avail,Compl,Enable,0,GRN2#  ,2011,ON,0,ACTIVE,ACTIVE,0.967,0.947,0.720,0.760,54.793
2419,54.793,Avail,Compl,Avail,Incmpl,Incmpl,Enable,OBD II (California ARB),OFF,OFF,44.025,-0.055,OFF,0,OFF,1st,OFF,OFF,OFF,OFF,OFF,OFF,0,-0.781
2420,ON,OFF,1000,0,OFF,OFF,OFF,ON,Gasoline,0.995,OFF,OFF,0.684,ON,1.172,16.078,18,0,0.801,0.801,2.383,0.801,0.918,2.031
2421,47.843,0,16.078,15,0,0.047,OFF,ECT 5th,NA,OFF,97.812,97.856,14.118,0,Not Avl,0,0,0,0,ON,ON,0,0,1
2422,0,14.159,Not Avl,Compl,Compl,Unable,ON,Not Avl,Compl,Compl,Unable,OFF,38.281,35.938,29.375,30,19.531,39.551,15.686,31.765,0.781,1.582,ON,0
2423,OFF,ON,ON,1.001,0.996,0.004,-0.020,3.308,3.264,0,97,51199.219,13.906,23.529,OFF,OFF,OFF,OFF,OFF,OFF,OFF,OFF,Avail,Incmpl
2424,Incmpl,Enable,Avail,485.400,327.100,485.400,327.100,ON,Avail,Compl,Enable,75,0,0,0,0,0,0,6,A,0,0,Avail,Incmpl
2425,Incmpl,Enable,OFF,OFF,814,1025,51199.219,51199.219,51199.219,51199.219,51199.219,51199.219,1GRFE ,48.235,Avail,Incmpl,Incmpl,Enable,7.996,ON,OFF,OFF,OFF,ON
2426,ON,Avail,Compl,Enable,Compl,CL,CL,Compl,Unable,Not Avl,Compl,Compl,Enable,OFF,0,15.500,201,ON,13.750,15,0.105,2337,17,21
2427,-3,OFF,0,4.688,5.750,OFF,0,0,56,Avail,Compl,Enable,0,GRN2#  ,2011,ON,0,ACTIVE,ACTIVE,0.967,0.952,0.720,0.760,53.820
2428,54.793,Avail,Compl,Avail,Incmpl,Incmpl,Enable,OBD II (California ARB),OFF,OFF,44.141,-0.055,OFF,0,OFF,1st,OFF,OFF,OFF,OFF,OFF,OFF,0,-0.781
2429,ON,OFF,1000,0,OFF,OFF,OFF,ON,Gasoline,0.995,OFF,OFF,0.684,ON,1.172,16.078,18,0,0.801,0.801,2.383,0.801,0.918,2.031
2430,47.843,0,16.078,15,0,0.047,OFF,ECT 5th,NA,OFF,97.812,97.944,14.118,0,Not Avl,0,0,0,0,ON,ON,0,0,1
2431,0,14.159,Not Avl,Compl,Compl,Unable,ON,Not Avl,Compl,Compl,Unable,OFF,38.281,35.938,29.375,30,19.531,39.551,15.686,31.765,0.781,1.582,ON,0
2432,OFF,ON,ON,1.000,0.997,0,-0.016,3.298,3.269,0,97,51199.219,13.886,23.137,OFF,OFF,OFF,OFF,OFF,OFF,OFF,OFF,Avail,Incmpl
2433,Incmpl,Enable,Avail,485.400,327.100,485.400,327.100,ON,Avail,Compl,Enable,75,0,0,0,0,0,0,6,A,0,0,Avail,Incmpl
2434,Incmpl,Enable,OFF,OFF,814,1032,51199.219,51199.219,51199.219,51199.219,51199.219,51199.219,1GRFE ,48.235,Avail,Incmpl,Incmpl,Enable,7.996,ON,OFF,OFF,OFF,ON
2435,ON,Avail,Compl,Enable,Compl,CL,CL,Compl,Unable,Not Avl,Compl,Compl,Enable,OFF,0,15.500,219,ON,13.750,15,0.105,2326,17,21
2436,-3,OFF,0,4.688,5.710,OFF,0,0,56,Avail,Compl,Enable,0,GRN2#  ,2011,ON,0,ACTIVE,ACTIVE,0.962,0.947,0.720,0.760,54.469
2437,54.793,Avail,Compl,Avail,Incmpl,Incmpl,Enable,OBD II (California ARB),OFF,OFF,43.896,-0.055,OFF,0,OFF,1st,OFF,OFF,OFF,OFF,OFF,OFF,0,-0.781
2438,ON,OFF,1000,0,OFF,OFF,OFF,ON,Gasoline,0.994,OFF,OFF,0.684,ON,1.172,16.078,18,0,0.801,0.801,2.383,0.801,0.918,2.031
2439,47.843,0,16.078,15,0,0.047,OFF,ECT 5th,NA,OFF,97.812,97.900,13.725,0,Not Avl,0,0,0,0,ON,ON,0,0,1
2440,0,14.159,Not Avl,Compl,Compl,Unable,ON,Not Avl,Compl,Compl,Unable,OFF,38.281,35.938,29.375,30,19.531,39.551,15.686,31.765,0.781,1.582,ON,0
2441,OFF,ON,ON,1.000,0.999,0,-0.008,3.303,3.283,0,97,51199.219,13.886,23.529,OFF,OFF,OFF,OFF,OFF,OFF,OFF,OFF,Avail,Incmpl
2442,Incmpl,Enable,Avail,485.400,327.100,485.400,327.100,ON,Avail,Compl,Enable,75,0,0,0,0,0,0,6,A,0,0,Avail,Incmpl
2443,Incmpl,Enable,OFF,OFF,814,1023.250,51199.219,51199.219,51199.219,51199.219,51199.219,51199.219,1GRFE ,48.235,Avail,Incmpl,Incmpl,Enable,7.996,ON,OFF,OFF,OFF,ON
2444,ON,Avail,Compl,Enable,Compl,CL,CL,Compl,Unable,Not Avl,Compl,Compl,Enable,OFF,0,15.500,241,ON,13.750,15,0.105,2337,17,21
2445,-3,OFF,0,4.688,5.710,OFF,0,0,56,Avail,Compl,Enable,0,GRN2#  ,2011,ON,0,ACTIVE,ACTIVE,0.967,0.952,0.720,0.760,54.793
2446,54.793,Avail,Compl,Avail,Incmpl,Incmpl,Enable,OBD II (California ARB),OFF,OFF,43.774,-0.055,OFF,0,OFF,1st,OFF,OFF,OFF,OFF,OFF,OFF,0,-0.781
2447,ON,OFF,1000,0,OFF,OFF,OFF,ON,Gasoline,0.994,OFF,OFF,0.684,ON,1.172,16.078,18,0,0.801,0.801,2.383,0.801,0.918,2.031
2448,47.843,0,16.078,15,0,0.047,OFF,ECT 5th,NA,OFF,97.790,97.702,14.118,0,Not Avl,0,0,0,0,ON,ON,0,0,1
2449,0,14.159,Not Avl,Compl,Compl,Unable,ON,Not Avl,Compl,Compl,Unable,OFF,38.281,35.938,29.375,30,19.531,39.551,15.686,31.765,0.781,1.582,ON,0
2450,OFF,ON,ON,0.995,0.996,-0.016,-0.023,3.269,3.259,0,97,51199.219,13.906,23.529,OFF,OFF,OFF,OFF,OFF,OFF,OFF,OFF,Avail,Incmpl
2451,Incmpl,Enable,Avail,485.400,327,485.400,327,ON,Avail,Compl,Enable,75,0,0,0,0,0,0,6,A,0,0,Avail,Incmpl
2452,Incmpl,Enable,OFF,OFF,815,1025,51199.219,51199.219,51199.219,51199.219,51199.219,51199.219,1GRFE ,48.235,Avail,Incmpl,Incmpl,Enable,7.996,ON,OFF,OFF,OFF,ON
2453,ON,Avail,Compl,Enable,Compl,CL,CL,Compl,Unable,Not Avl,Compl,Compl,Enable,OFF,0,15.500,266,ON,13.750,15,0.104,2334,17,21
2454,-3,OFF,0,4.688,5.710,OFF,0,0,67,Avail,Compl,Enable,0,GRN2#  ,2011,ON,0,ACTIVE,Not Act,0.967,0.947,0.720,0.760,53.820
2455,55.117,Avail,Compl,Avail,Incmpl,Incmpl,Enable,OBD II (California ARB),OFF,OFF,43.896,-0.055,OFF,0,OFF,1st,OFF,OFF,OFF,OFF,OFF,OFF,0,-0.781
2456,ON,OFF,1000,0,OFF,OFF,OFF,ON,Gasoline,0.994,OFF,OFF,0.684,ON,1.172,16.078,18,0,0.801,0.801,2.383,0.801,0.918,2.031
2457,47.843,0,16.078,15,0,0.047,OFF,ECT 5th,NA,OFF,97.812,97.922,14.118,0,Not Avl,0,0,0,0,ON,ON,0,0,1
2458,0,14.159,Not Avl,Compl,Compl,Unable,ON,Not Avl,Compl,Compl,Unable,OFF,38.281,35.938,29.375,30,19.531,39.551,15.686,31.765,0.781,1.582,ON,0
2459,OFF,ON,ON,0.999,0.995,0,-0.020,3.293,3.264,0,97,51199.219,13.906,23.529,OFF,OFF,OFF,OFF,OFF,OFF,OFF,OFF,Avail,Incmpl
2460,Incmpl,Enable,Avail,485.400,327,485.400,327,ON,Avail,Compl,Enable,75,0,0,0,0,0,0,6,A,0,0,Avail,Incmpl
2461,Incmpl,Enable,OFF,OFF,815,1023.250,51199.219,51199.219,51199.219,51199.219,51199.219,51199.219,1GRFE ,47.843,Avail,Incmpl,Incmpl,Enable,7.996,ON,OFF,OFF,OFF,ON
2462,ON,Avail,Compl,Enable,Compl,CL,CL,Compl,Unable,Not Avl,Compl,Compl,Enable,OFF,0,16,290,ON,13.750,15,0.104,2344,17,21
2463,-3,OFF,0,4.688,5.710,OFF,0,0,67,Avail,Compl,Enable,0,GRN2#  ,2011,ON,0,ACTIVE,ACTIVE,0.967,0.952,0.720,0.760,53.820
2464,54.793,Avail,Compl,Avail,Incmpl,Incmpl,Enable,OBD II (California ARB),OFF,OFF,43.896,-0.055,OFF,0,OFF,1st,OFF,OFF,OFF,OFF,OFF,OFF,0,-0.781
2465,ON,OFF,1000,0,OFF,OFF,OFF,ON,Gasoline,0.996,OFF,OFF,0.684,ON,1.172,16.078,18,0,0.801,0.801,2.383,0.801,0.918,2.031
2466,47.843,0,16.078,15,0,0.047,OFF,ECT 5th,NA,OFF,97.768,97.680,14.118,0,Not Avl,0,0,0,0,ON,ON,0,0,1
2467,0,14.159,Not Avl,Compl,Compl,Unable,ON,Not Avl,Compl,Compl,Unable,OFF,38.281,35.938,29.375,30,19.531,39.551,15.686,31.765,0.781,1.582,ON,0
2468,OFF,ON,ON,0.996,0.998,-0.008,-0.012,3.283,3.274,0,97,51199.219,13.906,23.529,OFF,OFF,OFF,OFF,OFF,OFF,OFF,OFF,Avail,Incmpl
2469,Incmpl,Enable,Avail,485.300,326.900,485.300,326.900,ON,Avail,Compl,Enable,75,0,0,0,0,0,0,6,A,0,0,Avail,Incmpl
2470,Incmpl,Enable,OFF,OFF,816,1029.500,51199.219,51199.219,51199.219,51199.219,51199.219,51199.219,1GRFE ,48.235,Avail,Incmpl,Incmpl,Enable,7.996,ON,OFF,OFF,OFF,ON
2471,ON,Avail,Compl,Enable,Compl,CL,CL,Compl,Unable,Not Avl,Compl,Compl,Enable,OFF,0,15.500,312,ON,13.750,15,0.104,2326,17,21
2472,-3,OFF,0,4.688,5.710,OFF,0,0,74,Avail,Compl,Enable,0,GRN2#  ,2011,ON,0,ACTIVE,ACTIVE,0.967,0.952,0.720,0.760,53.820
2473,54.793,Avail,Compl,Avail,Incmpl,Incmpl,Enable,OBD II (California ARB),OFF,OFF,44.025,-0.055,OFF,0,OFF,1st,OFF,OFF,OFF,OFF,OFF,OFF,0,-0.781
2474,ON,OFF,1000,0,OFF,OFF,OFF,ON,Gasoline,0.997,OFF,OFF,0.684,ON,1.172,16.078,18,0,0.801,0.801,2.383,0.801,0.918,2.031
2475,47.843,0,16.078,15,0,0.047,OFF,ECT 5th,NA,OFF,97.812,97.944,13.725,0,Not Avl,0,0,0,0,ON,ON,0,0,1
2476,0,14.159,Not Avl,Compl,Compl,Unable,ON,Not Avl,Compl,Compl,Unable,OFF,38.281,35.938,29.375,30,19.531,39.551,15.686,31.765,0.781,1.582,ON,0
2477,OFF,ON,ON,1.000,0.999,0,-0.008,3.298,3.283,0,97,51199.219,13.886,23.529,OFF,OFF,OFF,OFF,OFF,OFF,OFF,OFF,Avail,Incmpl
2478,Incmpl,Enable,Avail,485.300,326.900,485.300,326.900,ON,Avail,Compl,Enable,75,0,0,0,0,0,0,6,A,0,0,Avail,Incmpl
2479,Incmpl,Enable,OFF,OFF,816,1021,51199.219,51199.219,51199.219,51199.219,51199.219,51199.219,1GRFE ,47.843,Avail,Incmpl,Incmpl,Enable,7.996,ON,OFF,OFF,OFF,ON
2480,ON,Avail,Compl,Enable,Compl,CL,CL,Compl,Unable,Not Avl,Compl,Compl,Enable,OFF,0,15.500,334,ON,13.750,15,0.104,2334,17,21
2481,-3,OFF,0,4.688,5.710,OFF,0,0,74,Avail,Compl,Enable,0,GRN2#  ,2011,ON,0,ACTIVE,ACTIVE,0.967,0.952,0.720,0.760,54.469
2482,54.793,Avail,Compl,Avail,Incmpl,Incmpl,Enable,OBD II (California ARB),OFF,OFF,43.665,-0.055,OFF,0,OFF,1st,OFF,OFF,OFF,OFF,OFF,OFF,0,-0.781
2483,ON,OFF,1000,0,OFF,OFF,OFF,ON,Gasoline,0.997,OFF,OFF,0.684,ON,1.172,16.078,18,0,0.801,0.801,2.383,0.801,0.918,2.031
2484,47.843,0,16.078,15,0,0.047,OFF,ECT 5th,NA,OFF,97.812,97.922,14.118,0,Not Avl,0,0,0,0,ON,ON,0,0,1
2485,0,14.159,Not Avl,Compl,Compl,Unable,ON,Not Avl,Compl,Compl,Unable,OFF,38.281,35.938,29.375,30,19.531,39.551,15.686,31.765,0.781,1.582,ON,0
2486,OFF,ON,ON,0.997,0.998,-0.012,-0.012,3.279,3.279,0,97,51199.219,13.906,23.137,OFF,OFF,OFF,OFF,OFF,OFF,OFF,OFF,Avail,Incmpl
2487,Incmpl,Enable,Avail,485.300,326.800,485.300,326.800,ON,Avail,Compl,Enable,75,0,0,0,0,0,0,6,A,0,0,Avail,Incmpl
2488,Incmpl,Enable,OFF,OFF,817,1031.250,51199.219,51199.219,51199.219,51199.219,51199.219,51199.219,1GRFE ,48.235,Avail,Incmpl,Incmpl,Enable,7.996,ON,OFF,OFF,OFF,ON
2489,ON,Avail,Compl,Enable,Compl,CL,CL,Compl,Unable,Not Avl,Compl,Compl,Enable,OFF,0,15.500,359,ON,13.750,15,0.104,2326,17,21
2490,-3,OFF,0,4.688,5.710,OFF,0,0,62,Avail,Compl,Enable,0,GRN2#  ,2011,ON,0,ACTIVE,ACTIVE,0.967,0.952,0.740,0.760,53.820
2491,54.793,Avail,Compl,Avail,Incmpl,Incmpl,Enable,OBD II (California ARB),OFF,OFF,43.896,-0.055,OFF,0,OFF,1st,OFF,OFF,OFF,OFF,OFF,OFF,0,-0.781
2492,ON,OFF,1000,0,OFF,OFF,OFF,ON,Gasoline,0.996,OFF,OFF,0.684,ON,1.172,16.078,18,0,0.801,0.801,2.383,0.801,0.918,2.031
2493,47.843,0,16.078,15,0,0.043,OFF,ECT 5th,NA,OFF,97.812,97.944,13.725,0,Not Avl,0,0,0,0,ON,ON,0,0,1
2494,0,14.159,Not Avl,Compl,Compl,Unable,ON,Not Avl,Compl,Compl,Unable,OFF,38.281,35.938,29.375,30,19.531,39.551,15.686,31.765,0.781,1.582,ON,0
2495,OFF,ON,ON,1.001,1.002,0,0,3.298,3.298,0,97,51199.219,13.886,23.529,OFF,OFF,OFF,OFF,OFF,OFF,OFF,OFF,Avail,Incmpl
2496,Incmpl,Enable,Avail,485.300,326.800,485.300,326.800,ON,Avail,Compl,Enable,75,0,0,0,0,0,0,6,A,0,0,Avail,Incmpl
2497,Incmpl,Enable,OFF,OFF,817,1021.750,51199.219,51199.219,51199.219,51199.219,51199.219,51199.219,1GRFE ,48.235,Avail,Incmpl,Incmpl,Enable,7.996,ON,OFF,OFF,OFF,ON
2498,ON,Avail,Compl,Enable,Compl,CL,CL,Compl,Unable,Not Avl,Compl,Compl,Enable,OFF,0,15.500,383,ON,13.750,15,0.104,2341,17,21
2499,-3,OFF,0,4.688,5.710,OFF,0,0,62,Avail,Compl,Enable,0,GRN2#  ,2011,ON,0,Not Act,ACTIVE,0.967,0.947,0.720,0.760,53.820
2500,54.145,Avail,Compl,Avail,Incmpl,Incmpl,Enable,OBD II (California ARB),OFF,OFF,43.896,-0.055,OFF,0,OFF,1st,OFF,OFF,OFF,OFF,OFF,OFF,0,-0.781
2501,ON,OFF,1000,0,OFF,OFF,OFF,ON,Gasoline,0.996,OFF,OFF,0.684,ON,1.172,16.078,18,0,0.801,0.801,2.383,0.801,0.918,2.031
2502,47.843,0,16.078,15,0,0.043,OFF,ECT 5th,NA,OFF,97.768,97.680,14.118,0,Not Avl,0,0,0,0,ON,ON,0,0,1
2503,0,14.141,Not Avl,Compl,Compl,Unable,ON,Not Avl,Compl,Compl,Unable,OFF,38.281,35.938,29.375,30,19.531,39.551,15.686,31.765,0.781,1.582,ON,0
2504,OFF,ON,ON,0.999,0.999,0,-0.012,3.293,3.279,0,97,51199.219,13.886,23.529,OFF,OFF,OFF,OFF,OFF,OFF,OFF,OFF,Avail,Incmpl
2505,Incmpl,Enable,Avail,485.300,326.800,485.300,326.800,ON,Avail,Compl,Enable,75,0,0,0,0,0,0,6,A,0,0,Avail,Incmpl
2506,Incmpl,Enable,OFF,OFF,818,1017,51199.219,51199.219,51199.219,51199.219,51199.219,51199.219,1GRFE ,48.235,Avail,Incmpl,Incmpl,Enable,7.996,ON,OFF,OFF,OFF,ON
2507,ON,Avail,Compl,Enable,Compl,CL,CL,Compl,Unable,Not Avl,Compl,Compl,Enable,OFF,0,15.500,405,ON,13.750,15,0.104,2344,17,21
2508,-3,OFF,0,4.688,5.710,OFF,0,0,62,Avail,Compl,Enable,0,GRN2#  ,2011,ON,0,ACTIVE,ACTIVE,0.962,0.947,0.720,0.760,53.820
2509,54.145,Avail,Compl,Avail,Incmpl,Incmpl,Enable,OBD II (California ARB),OFF,OFF,43.903,-0.055,OFF,0,OFF,1st,OFF,OFF,OFF,OFF,OFF,OFF,0,-0.781
2510,ON,OFF,1000,0,OFF,OFF,OFF,ON,Gasoline,0.996,OFF,OFF,0.684,ON,1.172,16.078,18,0,0.801,0.801,2.383,0.801,0.918,2.031
2511,47.843,0,16.078,15,0,0.043,OFF,ECT 5th,NA,OFF,97.768,97.724,14.118,0,Not Avl,0,0,0,0,ON,ON,0,0,1
2512,0,14.159,Not Avl,Compl,Compl,Unable,ON,Not Avl,Compl,Compl,Unable,OFF,38.281,35.938,30,30,19.531,39.551,15.686,31.765,0.781,1.582,ON,0
2513,OFF,ON,ON,1.000,0.999,0,-0.012,3.293,3.279,0,97,51199.219,13.886,23.529,OFF,OFF,OFF,OFF,OFF,OFF,OFF,OFF,Avail,Incmpl
2514,Incmpl,Enable,Avail,485.300,326.700,485.300,326.700,ON,Avail,Compl,Enable,75,0,0,0,0,0,0,6,A,0,0,Avail,Incmpl
2515,Incmpl,Enable,OFF,OFF,818,1012.500,51199.219,51199.219,51199.219,51199.219,51199.219,51199.219,1GRFE ,48.235,Avail,Incmpl,Incmpl,Enable,7.996,ON,OFF,OFF,OFF,ON
2516,ON,Avail,Compl,Enable,Compl,CL,CL,Compl,Unable,Not Avl,Compl,Compl,Enable,OFF,0,15.500,428,ON,13.750,15,0.104,2366,17,21
2517,-3,OFF,0,4.688,5.710,OFF,0,0,52,Avail,Compl,Enable,0,GRN2#  ,2011,ON,0,ACTIVE,ACTIVE,0.967,0.952,0.720,0.760,53.820
2518,54.145,Avail,Compl,Avail,Incmpl,Incmpl,Enable,OBD II (California ARB),OFF,OFF,44.263,-0.055,OFF,0,OFF,1st,OFF,OFF,OFF,OFF,OFF,OFF,0,-0.781
2519,ON,OFF,1000,0,OFF,OFF,OFF,ON,Gasoline,0.996,OFF,OFF,0.684,ON,1.172,16.078,18,0,0.801,0.801,2.383,0.801,0.918,2.031
2520,47.843,0,16.078,15,0,0.043,OFF,ECT 5th,NA,OFF,97.812,97.856,14.118,0,Not Avl,0,0,0,0,ON,ON,0,0,1
2521,0,14.156,Not Avl,Compl,Compl,Unable,ON,Not Avl,Compl,Compl,Unable,OFF,38.281,35.938,30,30,19.531,39.551,15.686,31.765,0.781,1.582,ON,0
2522,OFF,ON,ON,1.002,0.997,0.008,-0.016,3.313,3.269,0,97,51199.219,13.886,23.529,OFF,OFF,OFF,OFF,OFF,OFF,OFF,OFF,Avail,Incmpl
2523,Incmpl,Enable,Avail,485.300,326.700,485.300,326.700,ON,Avail,Compl,Enable,75,0,0,0,0,0,0,6,A,0,0,Avail,Incmpl
2524,Incmpl,Enable,OFF,OFF,818,1019.500,51199.219,51199.219,51199.219,51199.219,51199.219,51199.219,1GRFE ,48.235,Avail,Incmpl,Incmpl,Enable,7.996,ON,OFF,OFF,OFF,ON
2525,ON,Avail,Compl,Enable,Compl,CL,CL,Compl,Unable,Not Avl,Compl,Compl,Enable,OFF,0,15.500,453,ON,13.750,15,0.105,2348,17,21
2526,-3,OFF,0,4.688,5.710,OFF,0,0,52,Avail,Compl,Enable,0,GRN2#  ,2011,ON,0,ACTIVE,ACTIVE,0.967,0.947,0.720,0.760,53.820
2527,54.793,Avail,Compl,Avail,Incmpl,Incmpl,Enable,OBD II (California ARB),OFF,OFF,43.896,-0.055,OFF,0,OFF,1st,OFF,OFF,OFF,OFF,OFF,OFF,0,-0.781
2528,ON,OFF,1000,0,OFF,OFF,OFF,ON,Gasoline,0.996,OFF,OFF,0.684,ON,1.172,16.078,18,0,0.801,0.801,2.383,0.801,0.918,2.031
2529,47.843,0,16.078,15,0,0.043,OFF,ECT 5th,NA,OFF,97.812,97.944,14.118,0,Not Avl,0,0,0,0,ON,ON,0,0,1
2530,0,14.142,Not Avl,Compl,Compl,Unable,ON,Not Avl,Compl,Compl,Unable,OFF,38.281,35.938,30,30,19.531,39.551,15.686,31.765,0.781,1.582,ON,0
2531,OFF,ON,ON,0.999,1.000,0.012,0.008,3.293,3.293,0,97,51199.219,13.886,23.529,OFF,OFF,OFF,OFF,OFF,OFF,OFF,OFF,Avail,Incmpl
2532,Incmpl,Enable,Avail,485.200,326.700,485.200,326.700,ON,Avail,Compl,Enable,75,0,0,0,0,0,0,6,A,0,0,Avail,Incmpl
2533,Incmpl,Enable,OFF,OFF,819,1016.250,51199.219,51199.219,51199.219,51199.219,51199.219,51199.219,1GRFE ,47.843,Avail,Incmpl,Incmpl,Enable,7.996,ON,OFF,OFF,OFF,ON
2534,ON,Avail,Compl,Enable,Compl,CL,CL,Compl,Unable,Not Avl,Compl,Compl,Enable,OFF,0,15.500,477,ON,13.750,15,0.105,2352,17,21
2535,-3,OFF,0,4.688,5.710,OFF,0,0,72,Avail,Compl,Enable,0,GRN2#  ,2011,ON,0,ACTIVE,ACTIVE,0.967,0.947,0.720,0.760,53.820
2536,54.145,Avail,Compl,Avail,Incmpl,Incmpl,Enable,OBD II (California ARB),OFF,OFF,44.025,-0.055,OFF,0,OFF,1st,OFF,OFF,OFF,OFF,OFF,OFF,0,-0.781
2537,ON,OFF,1000,0,OFF,OFF,OFF,ON,Gasoline,0.993,OFF,OFF,0.684,ON,1.172,16.078,18,0,0.801,0.801,2.383,0.801,0.918,2.031
2538,47.843,0,16.078,15,0,0.043,OFF,ECT 5th,NA,OFF,97.768,97.680,14.118,0,Not Avl,0,0,0,0,ON,ON,0,0,1
2539,0,14.155,Not Avl,Compl,Compl,Unable,ON,Not Avl,Compl,Compl,Unable,OFF,38.281,35.938,30,30,19.531,39.551,15.686,31.765,0.781,1.582,ON,0
2540,OFF,ON,ON,1.000,1.001,0,-0.004,3.303,3.288,0,97,51199.219,13.886,23.529,OFF,OFF,OFF,OFF,OFF,OFF,OFF,OFF,Avail,Incmpl
2541,Incmpl,Enable,Avail,485.200,326.700,485.200,326.700,ON,Avail,Compl,Enable,75,0,0,0,0,0,0,6,A,0,0,Avail,Incmpl
2542,Incmpl,Enable,OFF,OFF,819,1025,51199.219,51199.219,51199.219,51199.219,51199.219,51199.219,1GRFE ,48.235,Avail,Incmpl,Incmpl,Enable,7.996,ON,OFF,OFF,OFF,ON
2543,ON,Avail,Compl,Enable,Compl,CL,CL,Compl,Unable,Not Avl,Compl,Compl,Enable,OFF,0,15.500,498,ON,13.750,15,0.105,2341,17,21
2544,-3,OFF,0,4.688,5.710,OFF,0,0,72,Avail,Compl,Enable,0,GRN2#  ,2011,ON,0,ACTIVE,ACTIVE,0.967,0.952,0.720,0.760,53.820
2545,54.145,Avail,Compl,Avail,Incmpl,Incmpl,Enable,OBD II (California ARB),OFF,OFF,43.896,-0.055,OFF,0,OFF,1st,OFF,OFF,OFF,OFF,OFF,OFF,0,-0.781
2546,ON,OFF,1000,0,OFF,OFF,OFF,ON,Gasoline,0.992,OFF,OFF,0.684,ON,1.172,16.078,18,0,0.801,0.801,2.383,0.801,0.918,2.031
2547,47.843,0,16.078,15,0,0.043,OFF,ECT 5th,NA,OFF,97.768,97.790,14.118,0,Not Avl,0,0,0,0,ON,ON,0,0,1
2548,0,14.159,Not Avl,Compl,Compl,Unable,ON,Not Avl,Compl,Compl,Unable,OFF,38.281,35.938,30,30,19.531,39.551,15.686,31.765,0.781,1.582,ON,0
2549,OFF,ON,ON,0.998,1.000,0,-0.004,3.293,3.288,0,97,51199.219,13.886,23.529,OFF,OFF,OFF,OFF,OFF,OFF,OFF,OFF,Avail,Incmpl
2550,Incmpl,Enable,Avail,485.200,326.600,485.200,326.600,ON,Avail,Compl,Enable,75,0,0,0,0,0,0,6,A,0,0,Avail,Incmpl
2551,Incmpl,Enable,OFF,OFF,820,1028,51199.219,51199.219,51199.219,51199.219,51199.219,51199.219,1GRFE ,48.235,Avail,Incmpl,Incmpl,Enable,7.996,ON,OFF,OFF,OFF,ON
2552,ON,Avail,Compl,Enable,Compl,CL,CL,Compl,Unable,Not Avl,Compl,Compl,Enable,OFF,0,15.500,520,ON,13.750,15,0.105,2330,17,21
2553,-3,OFF,0,4.688,5.710,OFF,0,0,61,Avail,Compl,Enable,0,GRN2#  ,2011,ON,0,ACTIVE,ACTIVE,0.967,0.947,0.720,0.760,53.820
2554,54.793,Avail,Compl,Avail,Incmpl,Incmpl,Enable,OBD II (California ARB),OFF,OFF,44.025,-0.055,OFF,0,OFF,1st,OFF,OFF,OFF,OFF,OFF,OFF,0,0
2555,ON,OFF,1000,0,OFF,OFF,OFF,ON,Gasoline,0.992,OFF,OFF,0.684,ON,1.172,16.078,18,0,0.801,0.801,2.383,0.801,0.918,2.031
2556,47.843,0,16.078,15,0,0.047,OFF,ECT 5th,NA,OFF,97.812,97.790,13.725,0,Not Avl,0,0,0,0,ON,ON,0,0,1
2557,0,14.159,Not Avl,Compl,Compl,Unable,ON,Not Avl,Compl,Compl,Unable,OFF,38.281,35.938,30,30,19.531,39.551,15.686,31.765,0.781,1.582,ON,0
2558,OFF,ON,ON,1.000,1.000,0,-0.004,3.303,3.288,0,97,51199.219,13.886,23.529,OFF,OFF,OFF,OFF,OFF,OFF,OFF,OFF,Avail,Incmpl
2559,Incmpl,Enable,Avail,485.200,326.600,485.200,326.600,ON,Avail,Compl,Enable,75,0,0,0,0,0,0,6,A,0,0,Avail,Incmpl
2560,Incmpl,Enable,OFF,OFF,820,1021,51199.219,51199.219,51199.219,51199.219,51199.219,51199.219,1GRFE ,47.843,Avail,Incmpl,Incmpl,Enable,7.996,ON,OFF,OFF,OFF,ON
2561,ON,Avail,Compl,Enable,Compl,CL,CL,Compl,Unable,Not Avl,Compl,Compl,Enable,OFF,0,15.500,540,ON,13.750,15,0.105,2337,17,21
2562,-3,OFF,0,4.688,5.710,OFF,0,0,61,Avail,Compl,Enable,0,GRN2#  ,2011,ON,0,ACTIVE,ACTIVE,0.962,0.947,0.740,0.760,53.820
2563,54.469,Avail,Compl,Avail,Incmpl,Incmpl,Enable,OBD II (California ARB),OFF,OFF,43.774,-0.055,OFF,0,OFF,1st,OFF,OFF,OFF,OFF,OFF,OFF,0.781,0
2564,ON,OFF,1000,0,OFF,OFF,OFF,ON,Gasoline,0.991,OFF,OFF,0.684,ON,1.172,16.078,18,0,0.801,0.801,2.383,0.801,0.918,2.031
2565,47.843,0,16.078,15,0.004,0.047,OFF,ECT 5th,NA,OFF,97.790,97.680,14.118,0,Not Avl,0,0,0,0,ON,ON,0,0,1
2566,0,14.144,Not Avl,Compl,Compl,Unable,ON,Not Avl,Compl,Compl,Unable,OFF,38.281,35.938,30,30,19.531,39.551,15.686,31.765,0.781,1.582,ON,0
2567,OFF,ON,ON,0.996,1.000,-0.012,-0.004,3.274,3.288,0,97,51199.219,13.886,23.529,OFF,OFF,OFF,OFF,OFF,OFF,OFF,OFF,Avail,Incmpl
2568,Incmpl,Enable,Avail,485.200,326.600,485.200,326.600,ON,Avail,Compl,Enable,75,0,0,0,0,0,0,6,A,0,0,Avail,Incmpl
2569,Incmpl,Enable,OFF,OFF,821,1021,51199.219,51199.219,51199.219,51199.219,51199.219,51199.219,1GRFE ,48.235,Avail,Incmpl,Incmpl,Enable,7.996,ON,OFF,OFF,OFF,ON
2570,ON,Avail,Compl,Enable,Compl,CL,CL,Compl,Unable,Not Avl,Compl,Compl,Enable,OFF,0,15.500,563,ON,13.750,15,0.104,2341,17,21
2571,-3,OFF,0,4.688,5.730,OFF,0,0,61,Avail,Compl,Enable,0,GRN2#  ,2011,ON,0,ACTIVE,ACTIVE,0.967,0.952,0.720,0.760,53.820
2572,54.469,Avail,Compl,Avail,Incmpl,Incmpl,Enable,OBD II (California ARB),OFF,OFF,43.896,-0.055,OFF,0,OFF,1st,OFF,OFF,OFF,OFF,OFF,OFF,0,0
2573,ON,OFF,1000,0,OFF,OFF,OFF,ON,Gasoline,0.992,OFF,OFF,0.684,ON,1.172,16.078,18,0,0.801,0.801,2.383,0.801,0.918,2.031
2574,47.843,0,16.078,15,0.004,0.047,OFF,ECT 5th,NA,OFF,97.768,97.680,14.118,0,Not Avl,0,0,0,0,ON,ON,0,0,1
2575,0,14.158,Not Avl,Compl,Compl,Unable,ON,Not Avl,Compl,Compl,Unable,OFF,38.281,35.938,30,30,19.531,39.551,15.686,31.765,0.781,1.582,ON,0
2576,OFF,ON,ON,0.994,1.000,0,0,3.274,3.288,0,97,51199.219,13.886,23.529,OFF,OFF,OFF,OFF,OFF,OFF,OFF,OFF,Avail,Incmpl
2577,Incmpl,Enable,Avail,485.100,326.500,485.100,326.500,ON,Avail,Compl,Enable,75,0,0,0,0,0,0,6,A,0,0,Avail,Incmpl
2578,Incmpl,Enable,OFF,OFF,821,1019.500,51199.219,51199.219,51199.219,51199.219,51199.219,51199.219,1GRFE ,48.235,Avail,Incmpl,Incmpl,Enable,7.996,ON,OFF,OFF,OFF,ON
2579,ON,Avail,Compl,Enable,Compl,CL,CL,Compl,Unable,Not Avl,Compl,Compl,Enable,OFF,0,15.500,584,ON,13.750,15,0.104,2337,17,21
2580,-3,OFF,0,4.688,5.750,OFF,0,0,67,Avail,Compl,Enable,0,GRN2#  ,2011,ON,0,ACTIVE,ACTIVE,0.967,0.952,0.720,0.760,53.496
2581,54.469,Avail,Compl,Avail,Incmpl,Incmpl,Enable,OBD II (California ARB),OFF,OFF,43.903,-0.055,OFF,0,OFF,1st,OFF,OFF,OFF,OFF,OFF,OFF,0,0
2582,ON,OFF,1000,0,OFF,OFF,OFF,ON,Gasoline,0.994,OFF,OFF,0.684,ON,1.172,16.078,18,0,0.801,0.801,2.383,0.801,0.918,2.031
2583,47.843,0,16.078,15,0.004,0.047,OFF,ECT 5th,NA,OFF,97.812,97.922,14.118,0,Not Avl,0,0,0,0,ON,ON,0,0,1
2584,0,14.159,Not Avl,Compl,Compl,Unable,ON,Not Avl,Compl,Compl,Unable,OFF,38.281,40.625,30,30,19.531,39.551,15.686,31.765,0.781,1.582,ON,0
2585,OFF,ON,ON,0.998,0.998,0,-0.012,3.298,3.279,0,97,51199.219,13.886,23.529,OFF,OFF,OFF,OFF,OFF,OFF,OFF,OFF,Avail,Incmpl
2586,Incmpl,Enable,Avail,485.100,326.500,485.100,326.500,ON,Avail,Compl,Enable,75,0,0,0,0,0,0,6,A,0,0,Avail,Incmpl
2587,Incmpl,Enable,OFF,OFF,821,1018.750,51199.219,51199.219,51199.219,51199.219,51199.219,51199.219,1GRFE ,48.235,Avail,Incmpl,Incmpl,Enable,7.996,ON,OFF,OFF,OFF,ON
2588,ON,Avail,Compl,Enable,Compl,CL,CL,Compl,Unable,Not Avl,Compl,Compl,Enable,OFF,0,15.500,11,ON,13.750,15,0.104,2344,17,21
2589,-3,OFF,0,4.688,5.730,OFF,0,0,67,Avail,Compl,Enable,0,GRN2#  ,2011,ON,0,ACTIVE,ACTIVE,0.967,0.952,0.720,0.760,53.820
2590,54.145,Avail,Compl,Avail,Incmpl,Incmpl,Enable,OBD II (California ARB),OFF,OFF,43.903,-0.055,OFF,0,OFF,1st,OFF,OFF,OFF,OFF,OFF,OFF,0,0
2591,ON,OFF,1000,0,OFF,OFF,OFF,ON,Gasoline,0.995,OFF,OFF,0.684,ON,1.172,16.078,18,0,0.801,0.801,2.383,0.801,0.918,2.031
2592,47.843,0,16.078,15,0.004,0.047,OFF,ECT 5th,NA,OFF,97.812,97.790,14.118,0,Not Avl,0,0,0,0,ON,ON,0,0,1
2593,0,14.155,Not Avl,Compl,Compl,Unable,ON,Not Avl,Compl,Compl,Unable,OFF,38.281,45.312,30,30,19.531,39.551,15.686,31.765,0.781,1.582,ON,0
2594,OFF,ON,ON,0.998,0.998,0,-0.012,3.293,3.279,0,97,51199.219,13.886,23.529,OFF,OFF,OFF,OFF,OFF,OFF,OFF,OFF,Avail,Incmpl
2595,Incmpl,Enable,Avail,485.100,326.400,485.100,326.400,ON,Avail,Compl,Enable,75,0,0,0,0,0,0,6,A,0,0,Avail,Incmpl
2596,Incmpl,Enable,OFF,OFF,822,1019.500,51199.219,51199.219,51199.219,51199.219,51199.219,51199.219,1GRFE ,48.235,Avail,Incmpl,Incmpl,Enable,7.996,ON,OFF,OFF,OFF,ON
2597,ON,Avail,Compl,Enable,Compl,CL,CL,Compl,Unable,Not Avl,Compl,Compl,Enable,OFF,0,15.500,35,ON,13.750,15,0.105,2341,17,21
2598,-3,OFF,0,4.688,5.710,OFF,0,0,70,Avail,Compl,Enable,0,GRN2#  ,2011,ON,0,ACTIVE,ACTIVE,0.967,0.947,0.740,0.760,53.820
2599,54.469,Avail,Compl,Avail,Incmpl,Incmpl,Enable,OBD II (California ARB),OFF,OFF,44.025,-0.055,OFF,0,OFF,1st,OFF,OFF,OFF,OFF,OFF,OFF,0,0
2600,ON,OFF,1000,0,OFF,OFF,OFF,ON,Gasoline,0.995,OFF,OFF,0.684,ON,1.172,16.078,18,0,0.801,0.801,2.383,0.801,0.918,2.031
2601,47.843,0,16.078,15,0.004,0.047,OFF,ECT 5th,NA,OFF,97.812,97.900,14.118,0,Not Avl,0,0,0,0,ON,ON,0,0,1
2602,0,14.142,Not Avl,Compl,Compl,Unable,ON,Not Avl,Compl,Compl,Unable,OFF,38.281,40.625,30,30,19.531,39.551,15.686,31.765,0.781,1.582,ON,0
2603,OFF,ON,ON,1.000,0.998,0,-0.012,3.298,3.279,0,97,51199.219,13.886,23.529,OFF,OFF,OFF,OFF,OFF,OFF,OFF,OFF,Avail,Incmpl
2604,Incmpl,Enable,Avail,485.100,326.400,485.100,326.400,ON,Avail,Compl,Enable,75,0,0,0,0,0,0,6,A,0,0,Avail,Incmpl
2605,Incmpl,Enable,OFF,OFF,822,1019.500,51199.219,51199.219,51199.219,51199.219,51199.219,51199.219,1GRFE ,48.235,Avail,Incmpl,Incmpl,Enable,7.996,ON,OFF,OFF,OFF,ON
2606,ON,Avail,Compl,Enable,Compl,CL,CL,Compl,Unable,Not Avl,Compl,Compl,Enable,OFF,0,15.500,58,ON,13.750,15,0.105,2341,17,21
2607,-3,OFF,0,4.688,5.710,OFF,0,0,70,Avail,Compl,Enable,0,GRN2#  ,2011,ON,0,ACTIVE,ACTIVE,0.967,0.952,0.740,0.760,53.820
2608,54.469,Avail,Compl,Avail,Incmpl,Incmpl,Enable,OBD II (California ARB),OFF,OFF,43.896,-0.055,OFF,0,OFF,1st,OFF,OFF,OFF,OFF,OFF,OFF,0,0
2609,ON,OFF,1000,0,OFF,OFF,OFF,ON,Gasoline,0.994,OFF,OFF,0.684,ON,1.172,16.078,18,0,0.801,0.801,2.383,0.801,0.918,2.031
2610,47.843,0,16.078,15,0.004,0.047,OFF,ECT 5th,NA,OFF,97.790,97.746,14.118,0,Not Avl,0,0,0,0,ON,ON,0,0,1
2611,0,14.158,Not Avl,Compl,Compl,Unable,ON,Not Avl,Compl,Compl,Unable,OFF,38.281,38.281,30,30,19.531,39.551,15.686,31.765,0.781,1.582,ON,0
2612,OFF,ON,ON,1.001,1.000,0.008,0,3.313,3.293,0,97,51199.219,13.906,23.529,OFF,OFF,OFF,OFF,OFF,OFF,OFF,OFF,Avail,Incmpl
2613,Incmpl,Enable,Avail,485.100,326.400,485.100,326.400,ON,Avail,Compl,Enable,75,0,0,0,0,0,0,6,A,0,0,Avail,Incmpl
2614,Incmpl,Enable,OFF,OFF,823,1019.500,51199.219,51199.219,51199.219,51199.219,51199.219,51199.219,1GRFE ,48.235,Avail,Incmpl,Incmpl,Enable,7.996,ON,OFF,OFF,OFF,ON
2615,ON,Avail,Compl,Enable,Compl,CL,CL,Compl,Unable,Not Avl,Compl,Compl,Enable,OFF,0,15.500,81,ON,13.750,15,0.105,2370,17,21
2616,-3,OFF,0,4.688,5.730,OFF,0,0,70,Avail,Compl,Enable,0,GRN2#  ,2011,ON,0,ACTIVE,Not Act,0.967,0.952,0.720,0.740,53.820
2617,54.469,Avail,Compl,Avail,Incmpl,Incmpl,Enable,OBD II (California ARB),OFF,OFF,43.787,-0.055,OFF,0,OFF,1st,OFF,OFF,OFF,OFF,OFF,OFF,0,0
2618,ON,OFF,1000,0,OFF,OFF,OFF,ON,Gasoline,0.992,OFF,OFF,0.684,ON,1.172,16.078,18,0,0.801,0.801,2.383,0.801,0.918,2.031
2619,47.843,0,16.078,15,0.004,0.047,OFF,ECT 5th,NA,OFF,97.790,97.878,14.118,0,Not Avl,0,0,0,0,ON,ON,0,0,1
2620,0,14.159,Not Avl,Compl,Compl,Unable,ON,Not Avl,Compl,Compl,Unable,OFF,38.281,38.281,30,30,19.531,39.551,15.686,31.765,0.781,1.582,ON,0
2621,OFF,ON,ON,0.995,0.997,-0.012,-0.012,3.274,3.279,0,97,51199.219,13.886,23.529,OFF,OFF,OFF,OFF,OFF,OFF,OFF,OFF,Avail,Incmpl
2622,Incmpl,Enable,Avail,485.100,326.400,485.100,326.400,ON,Avail,Compl,Enable,75,0,0,0,0,0,0,6,A,0,0,Avail,Incmpl
2623,Incmpl,Enable,OFF,OFF,823,1024,51199.219,51199.219,51199.219,51199.219,51199.219,51199.219,1GRFE ,48.235,Avail,Incmpl,Incmpl,Enable,7.996,ON,OFF,OFF,OFF,ON
2624,ON,Avail,Compl,Enable,Compl,CL,CL,Compl,Unable,Not Avl,Compl,Compl,Enable,OFF,0,15.500,104,ON,13.750,15,0.105,2337,17,21
2625,-3,OFF,0,4.688,5.710,OFF,0,0,49,Avail,Compl,Enable,0,GRN2#  ,2011,ON,0,ACTIVE,ACTIVE,0.967,0.952,0.720,0.760,53.496
2626,54.469,Avail,Compl,Avail,Incmpl,Incmpl,Enable,OBD II (California ARB),OFF,OFF,44.025,-0.055,OFF,0,OFF,1st,OFF,OFF,OFF,OFF,OFF,OFF,0,0
2627,ON,OFF,1000,0,OFF,OFF,OFF,ON,Gasoline,0.992,OFF,OFF,0.684,ON,1.172,16.078,18,0,0.801,0.801,2.383,0.801,0.918,2.031
2628,47.843,0,16.078,15,0.004,0.047,OFF,ECT 5th,NA,OFF,97.768,97.702,14.118,0,Not Avl,0,0,0,0,ON,ON,0,0,1
2629,0,14.158,Not Avl,Compl,Compl,Unable,ON,Not Avl,Compl,Compl,Unable,OFF,38.281,38.281,30,30,19.531,39.551,15.686,31.765,0.781,1.582,ON,0
2630,OFF,ON,ON,1.001,1.001,0.008,0,3.313,3.298,0,97,51199.219,13.886,23.529,OFF,OFF,OFF,OFF,OFF,OFF,OFF,OFF,Avail,Incmpl
2631,Incmpl,Enable,Avail,485.100,326.400,485.100,326.400,ON,Avail,Compl,Enable,75,0,0,0,0,0,0,6,A,0,0,Avail,Incmpl
2632,Incmpl,Enable,OFF,OFF,824,1024,51199.219,51199.219,51199.219,51199.219,51199.219,51199.219,1GRFE ,48.235,Avail,Incmpl,Incmpl,Enable,7.996,ON,OFF,OFF,OFF,ON
2633,ON,Avail,Compl,Enable,Compl,CL,CL,Compl,Unable,Not Avl,Compl,Compl,Enable,OFF,0,15.500,127,ON,13.750,15,0.105,2344,17,21
2634,-3,OFF,0,4.688,5.730,OFF,0,0,49,Avail,Compl,Enable,0,GRN2#  ,2011,ON,0,ACTIVE,ACTIVE,0.967,0.947,0.720,0.740,54.469
2635,54.469,Avail,Compl,Avail,Incmpl,Incmpl,Enable,OBD II (California ARB),OFF,OFF,43.896,-0.055,OFF,0,OFF,1st,OFF,OFF,OFF,OFF,OFF,OFF,0,0
2636,ON,OFF,1000,0,OFF,OFF,OFF,ON,Gasoline,0.993,OFF,OFF,0.684,ON,1.172,16.078,18,0,0.801,0.801,2.383,0.801,0.918,2.031
2637,47.843,0,16.078,15,0.004,0.047,OFF,ECT 5th,NA,OFF,97.812,97.900,14.118,0,Not Avl,0,0,0,0,ON,ON,0,0,1
2638,0,14.141,Not Avl,Compl,Compl,Unable,ON,Not Avl,Compl,Compl,Unable,OFF,38.281,38.281,30,30,19.531,39.551,15.686,31.765,0.781,1.582,ON,0
2639,OFF,ON,ON,1.002,1.002,0.008,0,3.313,3.303,0,97,51199.219,13.886,23.529,OFF,OFF,OFF,OFF,OFF,OFF,OFF,OFF,Avail,Incmpl
2640,Incmpl,Enable,Avail,485,326.300,485,326.300,ON,Avail,Compl,Enable,75,0,0,0,0,0,0,6,A,0,0,Avail,Incmpl
2641,Incmpl,Enable,OFF,OFF,824,1015.500,51199.219,51199.219,51199.219,51199.219,51199.219,51199.219,1GRFE ,48.235,Avail,Incmpl,Incmpl,Enable,7.996,ON,OFF,OFF,OFF,ON
2642,ON,Avail,Compl,Enable,Compl,CL,CL,Compl,Unable,Not Avl,Compl,Compl,Enable,OFF,0,15.500,152,ON,13.750,15,0.105,2359,17,21
2643,-3,OFF,0,4.688,5.710,OFF,0,0,53,Avail,Compl,Enable,0,GRN2#  ,2011,ON,0,ACTIVE,ACTIVE,0.972,0.952,0.740,0.740,54.793
2644,54.469,Avail,Compl,Avail,Incmpl,Incmpl,Enable,OBD II (California ARB),OFF,OFF,43.665,-0.055,OFF,0,OFF,1st,OFF,OFF,OFF,OFF,OFF,OFF,0.781,0
2645,ON,OFF,1000,0,OFF,OFF,OFF,ON,Gasoline,0.991,OFF,OFF,0.684,ON,1.172,16.078,18,0,0.801,0.801,2.383,0.801,0.918,2.031
2646,47.843,0,16.078,15,0.004,0.047,OFF,ECT 5th,NA,OFF,97.768,97.680,14.118,0,Not Avl,0,0,0,0,ON,ON,0,0,1
2647,0,14.159,Not Avl,Compl,Compl,Unable,ON,Not Avl,Compl,Compl,Unable,OFF,38.281,38.281,30,30,19.531,39.551,15.686,31.765,0.781,1.582,ON,0
2648,OFF,ON,ON,0.997,0.998,-0.004,-0.008,3.288,3.283,0,97,51199.219,13.886,23.529,OFF,OFF,OFF,OFF,OFF,OFF,OFF,OFF,Avail,Incmpl
2649,Incmpl,Enable,Avail,485,326.300,485,326.300,ON,Avail,Compl,Enable,75,0,0,0,0,0,0,6,A,0,0,Avail,Incmpl
2650,Incmpl,Enable,OFF,OFF,825,1025.750,51199.219,51199.219,51199.219,51199.219,51199.219,51199.219,1GRFE ,48.235,Avail,Incmpl,Incmpl,Enable,7.996,ON,OFF,OFF,OFF,ON
2651,ON,Avail,Compl,Enable,Compl,CL,CL,Compl,Unable,Not Avl,Compl,Compl,Enable,OFF,0,15.500,176,ON,13.750,15,0.105,2352,17,21
2652,-3,OFF,0,4.688,5.710,OFF,0,0,53,Avail,Compl,Enable,0,GRN2#  ,2011,ON,0,ACTIVE,ACTIVE,0.967,0.947,0.720,0.740,54.469
2653,54.469,Avail,Compl,Avail,Incmpl,Incmpl,Enable,OBD II (California ARB),OFF,OFF,44.025,-0.055,OFF,0,OFF,1st,OFF,OFF,OFF,OFF,OFF,OFF,0.781,0
2654,ON,OFF,1000,0,OFF,OFF,OFF,ON,Gasoline,0.990,OFF,OFF,0.684,ON,1.172,16.078,18,0,0.801,0.801,2.383,0.801,0.918,2.031
2655,47.843,0,16.078,15,0.004,0.047,OFF,ECT 5th,NA,OFF,97.812,97.790,14.118,0,Not Avl,0,0,0,0,ON,ON,0,0,1
2656,0,14.146,Not Avl,Compl,Compl,Unable,ON,Not Avl,Compl,Compl,Unable,OFF,38.281,38.281,30,30,19.531,39.551,15.686,31.765,0.781,1.582,ON,0
2657,OFF,ON,ON,0.996,1.002,-0.008,0,3.283,3.298,0,97,51199.219,13.886,23.529,OFF,OFF,OFF,OFF,OFF,OFF,OFF,OFF,Avail,Incmpl
2658,Incmpl,Enable,Avail,485,326.200,485,326.200,ON,Avail,Compl,Enable,75,0,0,0,0,0,0,6,A,0,0,Avail,Incmpl
2659,Incmpl,Enable,OFF,OFF,825,1018.750,51199.219,51199.219,51199.219,51199.219,51199.219,51199.219,1GRFE ,48.235,Avail,Incmpl,Incmpl,Enable,7.996,ON,OFF,OFF,OFF,ON
2660,ON,Avail,Compl,Enable,Compl,CL,CL,Compl,Unable,Not Avl,Compl,Compl,Enable,OFF,0,15.500,202,ON,13.750,15,0.105,2359,17,21
2661,-3,OFF,0,4.688,5.710,OFF,0,0,60,Avail,Compl,Enable,0,GRN2#  ,2011,ON,0,ACTIVE,ACTIVE,0.967,0.952,0.720,0.740,54.145
2662,55.117,Avail,Compl,Avail,Incmpl,Incmpl,Enable,OBD II (California ARB),OFF,OFF,43.896,-0.055,OFF,0,OFF,1st,OFF,OFF,OFF,OFF,OFF,OFF,0,0
2663,ON,OFF,1000,0,OFF,OFF,OFF,ON,Gasoline,0.991,OFF,OFF,0.684,ON,1.172,16.078,18,0,0.801,0.801,2.383,0.801,0.918,2.031
2664,47.843,0,16.078,15,0.004,0.047,OFF,ECT 5th,NA,OFF,97.790,97.834,14.118,0,Not Avl,0,0,0,0,ON,ON,0,0,1
2665,0,14.155,Not Avl,Compl,Compl,Unable,ON,Not Avl,Compl,Compl,Unable,OFF,38.281,38.281,30,30,19.531,39.551,15.686,31.765,0.781,1.582,ON,0
2666,OFF,ON,ON,0.998,0.996,0,-0.016,3.298,3.269,0,97,51199.219,13.886,23.529,OFF,OFF,OFF,OFF,OFF,OFF,OFF,OFF,Avail,Incmpl
2667,Incmpl,Enable,Avail,485,326.200,485,326.200,ON,Avail,Compl,Enable,75,0,0,0,0,0,0,6,A,0,0,Avail,Incmpl
2668,Incmpl,Enable,OFF,OFF,825,1027.250,51199.219,51199.219,51199.219,51199.219,51199.219,51199.219,1GRFE ,48.235,Avail,Incmpl,Incmpl,Enable,7.996,ON,OFF,OFF,OFF,ON
2669,ON,Avail,Compl,Enable,Compl,CL,CL,Compl,Unable,Not Avl,Compl,Compl,Enable,OFF,0,15.500,223,ON,13.750,15,0.105,2341,17,21
2670,-3,OFF,0,4.688,5.710,OFF,0,0,60,Avail,Compl,Enable,0,GRN2#  ,2011,ON,0,ACTIVE,ACTIVE,0.967,0.952,0.720,0.740,54.793
2671,54.469,Avail,Compl,Avail,Incmpl,Incmpl,Enable,OBD II (California ARB),OFF,OFF,44.025,-0.055,OFF,0,OFF,1st,OFF,OFF,OFF,OFF,OFF,OFF,0,0
2672,ON,OFF,1000,0,OFF,OFF,OFF,ON,Gasoline,0.993,OFF,OFF,0.684,ON,1.172,16.078,18,0,0.801,0.801,2.383,0.801,0.918,2.031
2673,47.843,0,16.078,15,0.004,0.051,OFF,ECT 5th,NA,OFF,97.812,97.922,13.725,0,Not Avl,0,0,0,0,ON,ON,0,0,1
2674,0,14.142,Not Avl,Compl,Compl,Unable,ON,Not Avl,Compl,Compl,Unable,OFF,38.281,38.281,30,30,19.531,39.551,15.686,31.765,0.781,1.582,ON,0
2675,OFF,ON,ON,0.996,0.997,-0.008,-0.012,3.283,3.279,0,97,51199.219,13.886,23.529,OFF,OFF,OFF,OFF,OFF,OFF,OFF,OFF,Avail,Incmpl
2676,Incmpl,Enable,Avail,485,326.100,485,326.100,ON,Avail,Compl,Enable,75,0,0,0,0,0,0,6,A,0,0,Avail,Incmpl
2677,Incmpl,Enable,OFF,OFF,826,1021,51199.219,51199.219,51199.219,51199.219,51199.219,51199.219,1GRFE ,48.235,Avail,Incmpl,Incmpl,Enable,7.996,ON,OFF,OFF,OFF,ON
2678,ON,Avail,Compl,Enable,Compl,CL,CL,Compl,Unable,Not Avl,Compl,Compl,Enable,OFF,0,15.500,244,ON,13.750,15,0.105,2341,17,21
2679,-3,OFF,0,4.688,5.710,OFF,0,0,66,Avail,Compl,Enable,0,GRN2#  ,2011,ON,0,ACTIVE,ACTIVE,0.962,0.947,0.720,0.740,54.793
2680,54.469,Avail,Compl,Avail,Incmpl,Incmpl,Enable,OBD II (California ARB),OFF,OFF,43.896,-0.055,OFF,0,OFF,1st,OFF,OFF,OFF,OFF,OFF,OFF,0,0
2681,ON,OFF,1000,0,OFF,OFF,OFF,ON,Gasoline,0.994,OFF,OFF,0.684,ON,1.172,16.078,18,0,0.801,0.801,2.383,0.801,0.918,2.031
2682,47.843,0,16.078,15,0.004,0.051,OFF,ECT 5th,NA,OFF,97.768,97.658,14.118,0,Not Avl,0,0,0,0,ON,ON,0,0,1
2683,0,14.159,Not Avl,Compl,Compl,Unable,ON,Not Avl,Compl,Compl,Unable,OFF,38.281,38.281,30,30,19.531,39.551,15.686,31.765,0.781,1.582,ON,0
2684,OFF,ON,ON,0.999,0.998,0,-0.012,3.303,3.279,0,97,51199.219,13.886,23.529,OFF,OFF,OFF,OFF,OFF,OFF,OFF,OFF,Avail,Incmpl
2685,Incmpl,Enable,Avail,485,326.100,485,326.100,ON,Avail,Compl,Enable,75,0,0,0,0,0,0,6,A,0,0,Avail,Incmpl
2686,Incmpl,Enable,OFF,OFF,826,1017,51199.219,51199.219,51199.219,51199.219,51199.219,51199.219,1GRFE ,48.235,Avail,Incmpl,Incmpl,Enable,7.996,ON,OFF,OFF,OFF,ON
2687,ON,Avail,Compl,Enable,Compl,CL,CL,Compl,Unable,Not Avl,Compl,Compl,Enable,OFF,0,15.500,269,ON,13.750,15,0.105,2344,17,21
2688,-3,OFF,0,4.688,5.730,OFF,0,0,66,Avail,Compl,Enable,0,GRN2#  ,2011,ON,0,ACTIVE,ACTIVE,0.967,0.947,0.720,0.740,54.469
2689,54.469,Avail,Compl,Avail,Incmpl,Incmpl,Enable,OBD II (California ARB),OFF,OFF,43.903,-0.055,OFF,0,OFF,1st,OFF,OFF,OFF,OFF,OFF,OFF,0,0
2690,ON,OFF,1000,0,OFF,OFF,OFF,ON,Gasoline,0.995,OFF,OFF,0.684,ON,1.172,16.078,18,0,0.801,0.801,2.383,0.801,0.918,2.031
2691,47.843,0,16.078,15,0.004,0.051,OFF,ECT 5th,NA,OFF,97.812,97.944,14.118,0,Not Avl,0,0,0,0,ON,ON,0,0,1
2692,0,14.159,Not Avl,Compl,Compl,Unable,ON,Not Avl,Compl,Compl,Unable,OFF,38.281,38.281,30,30,19.531,39.551,15.686,31.765,0.781,1.582,ON,0
2693,OFF,ON,ON,0.998,0.998,0,-0.012,3.293,3.279,0,97,51199.219,13.867,23.529,OFF,OFF,OFF,OFF,OFF,OFF,OFF,OFF,Avail,Incmpl
2694,Incmpl,Enable,Avail,485,326.100,485,326.100,ON,Avail,Compl,Enable,75,0,0,0,0,0,0,6,A,0,0,Avail,Incmpl
2695,Incmpl,Enable,OFF,OFF,827,1019.500,51199.219,51199.219,51199.219,51199.219,51199.219,51199.219,1GRFE ,48.235,Avail,Incmpl,Incmpl,Enable,7.996,ON,OFF,OFF,OFF,ON
2696,ON,Avail,Compl,Enable,Compl,CL,CL,Compl,Unable,Not Avl,Compl,Compl,Enable,OFF,0,15.500,291,ON,13.750,15,0.105,2355,17,21
2697,-3,OFF,0,4.688,5.780,OFF,0,0,66,Avail,Compl,Enable,0,GRN2#  ,2011,ON,0,ACTIVE,ACTIVE,0.962,0.947,0.720,0.740,54.469
2698,54.145,Avail,Compl,Avail,Incmpl,Incmpl,Enable,OBD II (California ARB),OFF,OFF,43.896,-0.055,OFF,0,OFF,1st,OFF,OFF,OFF,OFF,OFF,OFF,0,0
2699,ON,OFF,1000,0,OFF,OFF,OFF,ON,Gasoline,0.994,OFF,OFF,0.684,ON,1.172,16.078,18,0,0.801,0.801,2.383,0.801,0.918,2.031
2700,47.843,0,16.078,15,0.004,0.051,OFF,ECT 5th,NA,OFF,97.790,97.680,14.118,0,Not Avl,0,0,0,0,ON,ON,0,0,1
2701,0,14.144,Not Avl,Compl,Compl,Unable,ON,Not Avl,Compl,Compl,Unable,OFF,38.281,38.281,30,30,19.531,39.551,15.686,31.765,0.781,1.582,ON,0
2702,OFF,ON,ON,0.997,0.996,-0.004,-0.016,3.288,3.269,0,97,51199.219,13.886,23.529,OFF,OFF,OFF,OFF,OFF,OFF,OFF,OFF,Avail,Incmpl
2703,Incmpl,Enable,Avail,484.900,326.100,484.900,326.100,ON,Avail,Compl,Enable,75,0,0,0,0,0,0,6,A,0,0,Avail,Incmpl
2704,Incmpl,Enable,OFF,OFF,827,1023.250,51199.219,51199.219,51199.219,51199.219,51199.219,51199.219,1GRFE ,48.235,Avail,Incmpl,Incmpl,Enable,7.996,ON,OFF,OFF,OFF,ON
2705,ON,Avail,Compl,Enable,Compl,CL,CL,Compl,Unable,Not Avl,Compl,Compl,Enable,OFF,0,15.500,315,ON,13.750,15,0.105,2337,17,21
2706,-3,OFF,0,4.688,5.710,OFF,0,0,70,Avail,Compl,Enable,0,GRN2#  ,2011,ON,0,ACTIVE,ACTIVE,0.967,0.947,0.720,0.740,54.793
2707,54.145,Avail,Compl,Avail,Incmpl,Incmpl,Enable,OBD II (California ARB),OFF,OFF,44.025,-0.055,OFF,0,OFF,1st,OFF,OFF,OFF,OFF,OFF,OFF,0,0
2708,ON,OFF,1000,0,OFF,OFF,OFF,ON,Gasoline,0.995,OFF,OFF,0.684,ON,1.172,16.078,18,0,0.801,0.801,2.383,0.801,0.918,2.031
2709,47.843,0,16.078,15,0.004,0.051,OFF,ECT 5th,NA,OFF,97.812,97.944,14.118,0,Not Avl,0,0,0,0,ON,ON,0,0,1
2710,0,14.141,Not Avl,Compl,Compl,Unable,ON,Not Avl,Compl,Compl,Unable,OFF,38.281,38.281,30,30,19.531,39.551,15.686,31.765,0.781,1.582,ON,0
2711,OFF,ON,ON,0.997,0.996,0,-0.012,3.293,3.279,0,97,51199.219,13.886,23.529,OFF,OFF,OFF,OFF,OFF,OFF,OFF,OFF,Avail,Incmpl
2712,Incmpl,Enable,Avail,484.900,326.100,484.900,326.100,ON,Avail,Compl,Enable,75,0,0,0,0,0,0,6,A,0,0,Avail,Incmpl
2713,Incmpl,Enable,OFF,OFF,828,1022.500,51199.219,51199.219,51199.219,51199.219,51199.219,51199.219,1GRFE ,48.235,Avail,Incmpl,Incmpl,Enable,7.996,ON,OFF,OFF,OFF,ON
2714,ON,Avail,Compl,Enable,Compl,CL,CL,Compl,Unable,Not Avl,Compl,Compl,Enable,OFF,0,15.500,337,ON,13.750,15,0.105,2337,17,21
2715,-3,OFF,0,4.688,5.710,OFF,0,0,70,Avail,Compl,Enable,0,GRN2#  ,2011,ON,0,ACTIVE,ACTIVE,0.962,0.947,0.720,0.740,54.469
2716,54.469,Avail,Compl,Avail,Incmpl,Incmpl,Enable,OBD II (California ARB),OFF,OFF,43.896,-0.055,OFF,0,OFF,1st,OFF,OFF,OFF,OFF,OFF,OFF,0,-0.781
2717,ON,OFF,1000,0,OFF,OFF,OFF,ON,Gasoline,0.997,OFF,OFF,0.684,ON,1.172,16.078,18,0,0.801,0.801,2.383,0.801,0.918,2.031
2718,47.843,0,16.078,15,0.004,0.047,OFF,ECT 5th,NA,OFF,97.812,97.856,14.118,0,Not Avl,0,0,0,0,ON,ON,0,0,1
2719,0,14.159,Not Avl,Compl,Compl,Unable,ON,Not Avl,Compl,Compl,Unable,OFF,38.281,38.281,30,30,19.531,39.551,15.686,31.765,0.781,1.582,ON,0
2720,OFF,ON,ON,0.999,0.998,0,-0.008,3.298,3.283,0,97,51199.219,13.886,23.529,OFF,OFF,OFF,OFF,OFF,OFF,OFF,OFF,Avail,Incmpl
2721,Incmpl,Enable,Avail,484.900,326,484.900,326,ON,Avail,Compl,Enable,75,0,0,0,0,0,0,6,A,0,0,Avail,Incmpl
2722,Incmpl,Enable,OFF,OFF,828,1028,51199.219,51199.219,51199.219,51199.219,51199.219,51199.219,1GRFE ,48.235,Avail,Incmpl,Incmpl,Enable,7.996,ON,OFF,OFF,OFF,ON
2723,ON,Avail,Compl,Enable,Compl,CL,CL,Compl,Unable,Not Avl,Compl,Compl,Enable,OFF,0,15.500,361,ON,13.750,15,0.105,2337,17,21
2724,-3,OFF,0,4.688,5.710,OFF,0,0,73,Avail,Compl,Enable,0,GRN2#  ,2011,ON,0,ACTIVE,ACTIVE,0.967,0.952,0.720,0.740,54.145
2725,54.469,Avail,Compl,Avail,Incmpl,Incmpl,Enable,OBD II (California ARB),OFF,OFF,43.896,-0.055,OFF,0,OFF,1st,OFF,OFF,OFF,OFF,OFF,OFF,0,0
2726,ON,OFF,1000,0,OFF,OFF,OFF,ON,Gasoline,0.995,OFF,OFF,0.684,ON,1.172,16.078,18,0,0.801,0.801,2.383,0.801,0.918,2.031
2727,47.843,0,16.078,15,0.004,0.047,OFF,ECT 5th,NA,OFF,97.812,97.922,13.725,0,Not Avl,0,0,0,0,ON,ON,0,0,1
2728,0,14.159,Not Avl,Compl,Compl,Unable,ON,Not Avl,Compl,Compl,Unable,OFF,38.281,38.281,30,30,19.531,39.551,15.686,31.765,0.781,1.582,ON,0
2729,OFF,ON,ON,0.998,1.001,0,0,3.298,3.293,0,97,51199.219,13.886,23.529,OFF,OFF,OFF,OFF,OFF,OFF,OFF,OFF,Avail,Incmpl
2730,Incmpl,Enable,Avail,484.900,326,484.900,326,ON,Avail,Compl,Enable,75,0,0,0,0,0,0,6,A,0,0,Avail,Incmpl
2731,Incmpl,Enable,OFF,OFF,829,1027.250,51199.219,51199.219,51199.219,51199.219,51199.219,51199.219,1GRFE ,48.235,Avail,Incmpl,Incmpl,Enable,7.996,ON,OFF,OFF,OFF,ON
2732,ON,Avail,Compl,Enable,Compl,CL,CL,Compl,Unable,Not Avl,Compl,Compl,Enable,OFF,0,15.500,383,ON,13.750,15,0.104,2344,17,21
2733,-3,OFF,0,4.688,5.700,OFF,0,0,73,Avail,Compl,Enable,0,GRN2#  ,2011,ON,0,ACTIVE,ACTIVE,0.962,0.947,0.720,0.740,53.820
2734,54.469,Avail,Compl,Avail,Incmpl,Incmpl,Enable,OBD II (California ARB),OFF,OFF,43.896,-0.055,OFF,0,OFF,1st,OFF,OFF,OFF,OFF,OFF,OFF,0,0
2735,ON,OFF,1000,0,OFF,OFF,OFF,ON,Gasoline,0.995,OFF,OFF,0.684,ON,1.172,16.078,18,0,0.801,0.801,2.383,0.801,0.918,2.031
2736,47.843,0,16.078,15,0.004,0.047,OFF,ECT 5th,NA,OFF,97.768,97.680,13.725,0,Not Avl,0,0,0,0,ON,ON,0,0,1
2737,0,14.149,Not Avl,Compl,Compl,Unable,ON,Not Avl,Compl,Compl,Unable,OFF,38.281,38.281,30,30,19.531,39.551,15.686,31.765,0.781,1.582,ON,0
2738,OFF,ON,ON,0.999,0.999,0,-0.004,3.298,3.288,0,97,51199.219,13.886,23.529,OFF,OFF,OFF,OFF,OFF,OFF,OFF,OFF,Avail,Incmpl
2739,Incmpl,Enable,Avail,484.800,326,484.800,326,ON,Avail,Compl,Enable,75,0,0,0,0,0,0,6,A,0,0,Avail,Incmpl
2740,Incmpl,Enable,OFF,OFF,829,1028,51199.219,51199.219,51199.219,51199.219,51199.219,51199.219,1GRFE ,48.235,Avail,Incmpl,Incmpl,Enable,7.996,ON,OFF,OFF,OFF,ON
2741,ON,Avail,Compl,Enable,Compl,CL,CL,Compl,Unable,Not Avl,Compl,Compl,Enable,OFF,0,15.500,410,ON,13.750,15,0.104,2334,17,21
2742,-3,OFF,0,4.688,5.730,OFF,0,0,42,Avail,Compl,Enable,0,GRN2#  ,2011,ON,0,ACTIVE,ACTIVE,0.967,0.947,0.720,0.740,54.469
2743,54.469,Avail,Compl,Avail,Incmpl,Incmpl,Enable,OBD II (California ARB),OFF,OFF,44.025,-0.055,OFF,0,OFF,1st,OFF,OFF,OFF,OFF,OFF,OFF,0,0
2744,ON,OFF,1000,0,OFF,OFF,OFF,ON,Gasoline,0.996,OFF,OFF,0.684,ON,1.172,16.078,18,0,0.801,0.801,2.383,0.801,0.918,2.031
2745,47.843,0,16.078,15,0.004,0.047,OFF,ECT 5th,NA,OFF,97.812,97.922,14.118,0,Not Avl,0,0,0,0,ON,ON,0,0,1
2746,0,14.159,Not Avl,Compl,Compl,Unable,ON,Not Avl,Compl,Compl,Unable,OFF,38.281,38.281,30,30,19.531,39.551,15.686,31.765,0.781,1.582,ON,0
2747,OFF,ON,ON,0.999,1.000,0,0,3.298,3.293,0,97,51199.219,13.886,23.529,OFF,OFF,OFF,OFF,OFF,OFF,OFF,OFF,Avail,Incmpl
2748,Incmpl,Enable,Avail,484.800,326,484.800,326,ON,Avail,Compl,Enable,75,0,0,0,0,0,0,6,A,0,0,Avail,Incmpl
2749,Incmpl,Enable,OFF,OFF,829,1031.250,51199.219,51199.219,51199.219,51199.219,51199.219,51199.219,1GRFE ,48.235,Avail,Incmpl,Incmpl,Enable,7.996,ON,OFF,OFF,OFF,ON
2750,ON,Avail,Compl,Enable,Compl,CL,CL,Compl,Unable,Not Avl,Compl,Compl,Enable,OFF,0,15.500,433,ON,13.750,15,0.104,2334,17,21
2751,-3,OFF,0,4.688,5.750,OFF,0,0,42,Avail,Compl,Enable,0,GRN2#  ,2011,ON,0,Not Act,ACTIVE,0.967,0.952,0.720,0.740,53.820
2752,54.469,Avail,Compl,Avail,Incmpl,Incmpl,Enable,OBD II (California ARB),OFF,OFF,43.896,-0.055,OFF,0,OFF,1st,OFF,OFF,OFF,OFF,OFF,OFF,0,0
2753,ON,OFF,1000,0,OFF,OFF,OFF,ON,Gasoline,0.996,OFF,OFF,0.684,ON,1.172,16.078,18,0,0.801,0.801,2.383,0.801,0.918,2.031
2754,47.843,0,16.078,15,0,0.047,OFF,ECT 5th,NA,OFF,97.768,97.702,14.118,0,Not Avl,0,0,0,0,ON,ON,0,0,1
2755,0,14.159,Not Avl,Compl,Compl,Unable,ON,Not Avl,Compl,Compl,Unable,OFF,38.281,38.281,30,30,19.531,39.551,15.686,31.765,0.781,1.582,ON,0
2756,OFF,ON,ON,0.998,1.000,0,0,3.298,3.293,0,97,51199.219,13.886,23.529,OFF,OFF,OFF,OFF,OFF,OFF,OFF,OFF,Avail,Incmpl
2757,Incmpl,Enable,Avail,484.800,326,484.800,326,ON,Avail,Compl,Enable,75,0,0,0,0,0,0,6,A,0,0,Avail,Incmpl
2758,Incmpl,Enable,OFF,OFF,830,1031.250,51199.219,51199.219,51199.219,51199.219,51199.219,51199.219,1GRFE ,48.235,Avail,Incmpl,Incmpl,Enable,7.996,ON,OFF,OFF,OFF,ON
2759,ON,Avail,Compl,Enable,Compl,CL,CL,Compl,Unable,Not Avl,Compl,Compl,Enable,OFF,0,15.500,457,ON,13.750,15,0.104,2330,17,21
2760,-3,OFF,0,4.688,5.710,OFF,0,0,42,Avail,Compl,Enable,0,GRN2#  ,2011,ON,0,ACTIVE,ACTIVE,0.967,0.947,0.720,0.740,53.820
2761,54.469,Avail,Compl,Avail,Incmpl,Incmpl,Enable,OBD II (California ARB),OFF,OFF,43.896,-0.055,OFF,0,OFF,1st,OFF,OFF,OFF,OFF,OFF,OFF,0,0
2762,ON,OFF,1000,0,OFF,OFF,OFF,ON,Gasoline,0.996,OFF,OFF,0.684,ON,1.172,16.078,18,0,0.801,0.801,2.383,0.801,0.918,2.031
2763,47.843,0,16.078,15,0,0.047,OFF,ECT 5th,NA,OFF,97.812,97.900,13.725,0,Not Avl,0,0,0,0,ON,ON,0,0,1
2764,0,14.159,Not Avl,Compl,Compl,Unable,ON,Not Avl,Compl,Compl,Unable,OFF,38.281,38.281,30,30,19.531,39.551,15.686,31.765,0.781,1.582,ON,0
2765,OFF,ON,ON,0.999,0.999,0,0,3.298,3.293,0,97,51199.219,13.886,23.529,OFF,OFF,OFF,OFF,OFF,OFF,OFF,OFF,Avail,Incmpl
2766,Incmpl,Enable,Avail,484.800,326,484.800,326,ON,Avail,Compl,Enable,75,0,0,0,0,0,0,6,A,0,0,Avail,Incmpl
2767,Incmpl,Enable,OFF,OFF,830,1028,51199.219,51199.219,51199.219,51199.219,51199.219,51199.219,1GRFE ,48.235,Avail,Incmpl,Incmpl,Enable,7.996,ON,OFF,OFF,OFF,ON
2768,ON,Avail,Compl,Enable,Compl,CL,CL,Compl,Unable,Not Avl,Compl,Compl,Enable,OFF,0,15.500,481,ON,13.750,15,0.104,2337,17,21
2769,-3,OFF,0,4.688,5.710,OFF,0,0,62,Avail,Compl,Enable,0,GRN2#  ,2011,ON,0,ACTIVE,ACTIVE,0.967,0.952,0.720,0.740,53.820
2770,54.145,Avail,Compl,Avail,Incmpl,Incmpl,Enable,OBD II (California ARB),OFF,OFF,43.896,-0.055,OFF,0,OFF,1st,OFF,OFF,OFF,OFF,OFF,OFF,0,0
2771,ON,OFF,1000,0,OFF,OFF,OFF,ON,Gasoline,0.997,OFF,OFF,0.684,ON,1.172,16.078,18,0,0.801,0.801,2.383,0.801,0.918,2.031
2772,47.843,0,16.078,15,0,0.051,OFF,ECT 5th,NA,OFF,97.768,97.724,13.725,0,Not Avl,0,0,0,0,ON,ON,0,0,1
2773,0,14.159,Not Avl,Compl,Compl,Unable,ON,Not Avl,Compl,Compl,Unable,OFF,38.281,38.281,30,30,19.531,39.551,15.686,31.765,0.781,1.582,ON,0
2774,OFF,ON,ON,0.996,0.998,-0.004,-0.004,3.288,3.288,0,97,51199.219,13.906,23.529,OFF,OFF,OFF,OFF,OFF,OFF,OFF,OFF,Avail,Incmpl
2775,Incmpl,Enable,Avail,484.800,326,484.800,326,ON,Avail,Compl,Enable,75,0,0,0,0,0,0,6,A,0,0,Avail,Incmpl
2776,Incmpl,Enable,OFF,OFF,831,1028,51199.219,51199.219,51199.219,51199.219,51199.219,51199.219,1GRFE ,48.235,Avail,Incmpl,Incmpl,Enable,7.996,ON,OFF,OFF,OFF,ON
2777,ON,Avail,Compl,Enable,Compl,CL,CL,Compl,Unable,Not Avl,Compl,Compl,Enable,OFF,0,15.500,504,ON,13.750,15,0.104,2326,17,21
2778,-3,OFF,0,4.688,5.710,OFF,0,0,62,Avail,Compl,Enable,0,GRN2#  ,2011,ON,0,ACTIVE,Not Act,0.972,0.952,0.720,0.740,53.820
2779,55.117,Avail,Compl,Avail,Incmpl,Incmpl,Enable,OBD II (California ARB),OFF,OFF,43.665,-0.055,OFF,0,OFF,1st,OFF,OFF,OFF,OFF,OFF,OFF,0,0
2780,ON,OFF,1000,0,OFF,OFF,OFF,ON,Gasoline,0.997,OFF,OFF,0.684,ON,1.172,16.078,18,0,0.801,0.801,2.383,0.801,0.918,2.031
2781,47.843,0,16.078,15,0,0.051,OFF,ECT 5th,NA,OFF,97.812,97.878,13.725,0,Not Avl,0,0,0,0,ON,ON,0,0,1
2782,0,14.141,Not Avl,Compl,Compl,Unable,ON,Not Avl,Compl,Compl,Unable,OFF,38.281,38.281,30,30,19.531,39.551,15.686,31.765,0.781,1.582,ON,0
2783,OFF,ON,ON,1.000,1.000,0.004,0,3.308,3.298,0,97,51199.219,13.906,23.529,OFF,OFF,OFF,OFF,OFF,OFF,OFF,OFF,Avail,Incmpl
2784,Incmpl,Enable,Avail,484.800,325.900,484.800,325.900,ON,Avail,Compl,Enable,75,0,0,0,0,0,0,6,A,0,0,Avail,Incmpl
2785,Incmpl,Enable,OFF,OFF,831,1028.750,51199.219,51199.219,51199.219,51199.219,51199.219,51199.219,1GRFE ,48.235,Avail,Incmpl,Incmpl,Enable,7.996,ON,OFF,OFF,OFF,ON
2786,ON,Avail,Compl,Enable,Compl,CL,CL,Compl,Unable,Not Avl,Compl,Compl,Enable,OFF,0,15.500,524,ON,13.750,15,0.104,2330,17,21
2787,-3,OFF,0,4.688,5.710,OFF,0,0,49,Avail,Compl,Enable,0,GRN2#  ,2011,ON,0,ACTIVE,ACTIVE,0.967,0.952,0.720,0.740,53.496
2788,55.117,Avail,Compl,Avail,Incmpl,Incmpl,Enable,OBD II (California ARB),OFF,OFF,43.896,-0.055,OFF,0,OFF,1st,OFF,OFF,OFF,OFF,OFF,OFF,0,0
2789,ON,OFF,1000,0,OFF,OFF,OFF,ON,Gasoline,0.997,OFF,OFF,0.684,ON,1.172,16.078,18,0,0.801,0.801,2.383,0.801,0.918,2.031
2790,47.843,0,16.078,15,0,0.051,OFF,ECT 5th,NA,OFF,97.790,97.724,13.725,0,Not Avl,0,0,0,0,ON,ON,0,0,1
2791,0,14.158,Not Avl,Compl,Compl,Unable,ON,Not Avl,Compl,Compl,Unable,OFF,38.281,38.281,30,30,19.531,39.551,15.686,31.765,0.781,1.582,ON,0
2792,OFF,ON,ON,1.000,1.000,0,0,3.303,3.298,0,97,51199.219,13.906,23.529,OFF,OFF,OFF,OFF,OFF,OFF,OFF,OFF,Avail,Incmpl
2793,Incmpl,Enable,Avail,484.800,325.900,484.800,325.900,ON,Avail,Compl,Enable,75,0,0,0,0,0,0,6,A,0,0,Avail,Incmpl
2794,Incmpl,Enable,OFF,OFF,832,1032.750,51199.219,51199.219,51199.219,51199.219,51199.219,51199.219,1GRFE ,48.235,Avail,Incmpl,Incmpl,Enable,7.996,ON,OFF,OFF,OFF,ON
2795,ON,Avail,Compl,Enable,Compl,CL,CL,Compl,Unable,Not Avl,Compl,Compl,Enable,OFF,0,15.500,544,ON,13.750,15,0.104,2330,17,21
2796,-3,OFF,0,4.688,5.710,OFF,0,0,49,Avail,Compl,Enable,0,GRN2#  ,2011,ON,0,ACTIVE,ACTIVE,0.967,0.947,0.720,0.740,53.820
2797,54.469,Avail,Compl,Avail,Incmpl,Incmpl,Enable,OBD II (California ARB),OFF,OFF,43.896,-0.055,OFF,0,OFF,1st,OFF,OFF,OFF,OFF,OFF,OFF,0,0
2798,ON,OFF,1000,0,OFF,OFF,OFF,ON,Gasoline,0.997,OFF,OFF,0.684,ON,1.172,16.078,18,0,0.801,0.801,2.383,0.801,0.918,2.031
2799,47.843,0,16.078,15,0,0.051,OFF,ECT 5th,NA,OFF,97.790,97.680,13.725,0,Not Avl,0,0,0,0,ON,ON,0,0,1
2800,0,14.155,Not Avl,Compl,Compl,Unable,ON,Not Avl,Compl,Compl,Unable,OFF,38.281,38.281,30,30,19.531,39.551,15.686,31.765,0.781,1.582,ON,0
2801,OFF,ON,ON,1.000,0.997,0.004,-0.012,3.308,3.279,0,97,51199.219,13.886,23.529,OFF,OFF,OFF,OFF,OFF,OFF,OFF,OFF,Avail,Incmpl
2802,Incmpl,Enable,Avail,484.700,325.800,484.700,325.800,ON,Avail,Compl,Enable,75,0,0,0,0,0,0,6,A,0,0,Avail,Incmpl
2803,Incmpl,Enable,OFF,OFF,832,1025.750,51199.219,51199.219,51199.219,51199.219,51199.219,51199.219,1GRFE ,48.235,Avail,Incmpl,Incmpl,Enable,7.996,ON,OFF,OFF,OFF,ON
2804,ON,Avail,Compl,Enable,Compl,CL,CL,Compl,Unable,Not Avl,Compl,Compl,Enable,OFF,0,15.500,568,ON,13.750,15,0.104,2341,17,21
2805,-3,OFF,0,4.688,5.710,OFF,0,0,57,Avail,Compl,Enable,0,GRN2#  ,2011,ON,0,ACTIVE,ACTIVE,0.967,0.947,0.720,0.740,53.820
2806,54.793,Avail,Compl,Avail,Incmpl,Incmpl,Enable,OBD II (California ARB),OFF,OFF,43.665,-0.055,OFF,0,OFF,1st,OFF,OFF,OFF,OFF,OFF,OFF,0,0
2807,ON,OFF,1000,0,OFF,OFF,OFF,ON,Gasoline,0.996,OFF,OFF,0.684,ON,1.172,16.078,18,0,0.801,0.801,2.383,0.801,0.918,2.031
2808,47.843,0,16.078,15,0,0.051,OFF,ECT 5th,NA,OFF,97.812,97.944,14.118,0,Not Avl,0,0,0,0,ON,ON,0,0,1
2809,0,14.149,Not Avl,Compl,Compl,Unable,ON,Not Avl,Compl,Compl,Unable,OFF,38.281,38.281,30,30,19.531,39.551,15.686,31.765,0.781,1.582,ON,0
2810,OFF,ON,ON,0.996,0.998,-0.004,-0.004,3.288,3.288,0,97,51199.219,13.886,23.529,OFF,OFF,OFF,OFF,OFF,OFF,OFF,OFF,Avail,Incmpl
2811,Incmpl,Enable,Avail,484.700,325.800,484.700,325.800,ON,Avail,Compl,Enable,75,0,0,0,0,0,0,6,A,0,0,Avail,Incmpl
2812,Incmpl,Enable,OFF,OFF,833,1019.500,51199.219,51199.219,51199.219,51199.219,51199.219,51199.219,1GRFE ,48.235,Avail,Incmpl,Incmpl,Enable,7.996,ON,OFF,OFF,OFF,ON
2813,ON,Avail,Compl,Enable,Compl,CL,CL,Compl,Unable,Not Avl,Compl,Compl,Enable,OFF,0,15.500,592,ON,13.750,15,0.104,2352,17,21
2814,-3,OFF,0,4.688,5.710,OFF,0,0,57,Avail,Compl,Enable,0,GRN2#  ,2011,ON,0,ACTIVE,ACTIVE,0.967,0.952,0.720,0.740,53.496
2815,54.469,Avail,Compl,Avail,Incmpl,Incmpl,Enable,OBD II (California ARB),OFF,OFF,43.896,-0.055,OFF,0,OFF,1st,OFF,OFF,OFF,OFF,OFF,OFF,0,0
2816,ON,OFF,1000,0,OFF,OFF,OFF,ON,Gasoline,0.996,OFF,OFF,0.684,ON,1.172,16.078,18,0,0.801,0.801,2.383,0.801,0.918,2.031
2817,47.843,0,16.078,15,0,0.051,OFF,ECT 5th,NA,OFF,97.812,97.922,14.118,0,Not Avl,0,0,0,0,ON,ON,0,0,1
2818,0,14.155,Not Avl,Compl,Compl,Unable,ON,Not Avl,Compl,Compl,Unable,OFF,38.281,38.281,30,30,19.531,39.551,15.686,31.765,0.781,1.582,ON,0
2819,OFF,ON,ON,1.002,0.999,0.012,0,3.318,3.293,0,97,51199.219,13.886,23.529,OFF,OFF,OFF,OFF,OFF,OFF,OFF,OFF,Avail,Incmpl
2820,Incmpl,Enable,Avail,484.700,325.800,484.700,325.800,ON,Avail,Compl,Enable,75,0,0,0,0,0,0,6,A,0,0,Avail,Incmpl
2821,Incmpl,Enable,OFF,OFF,833,1022.500,51199.219,51199.219,51199.219,51199.219,51199.219,51199.219,1GRFE ,47.843,Avail,Incmpl,Incmpl,Enable,7.996,ON,OFF,OFF,OFF,ON
2822,ON,Avail,Compl,Enable,Compl,CL,CL,Compl,Unable,Not Avl,Compl,Compl,Enable,OFF,0,15.500,15,ON,13.750,15,0.104,2337,17,21
2823,-3,OFF,0,4.688,5.710,OFF,0,0,57,Avail,Compl,Enable,0,GRN2#  ,2011,ON,0,ACTIVE,ACTIVE,0.967,0.947,0.720,0.740,54.145
2824,54.793,Avail,Compl,Avail,Incmpl,Incmpl,Enable,OBD II (California ARB),OFF,OFF,43.896,-0.055,OFF,0,OFF,1st,OFF,OFF,OFF,OFF,OFF,OFF,0,0
2825,ON,OFF,1000,0,OFF,OFF,OFF,ON,Gasoline,0.996,OFF,OFF,0.684,ON,1.172,16.078,18,0,0.801,0.801,2.383,0.801,0.918,2.031
2826,47.843,0,16.078,15,0,0.051,OFF,ECT 5th,NA,OFF,97.768,97.680,14.118,0,Not Avl,0,0,0,0,ON,ON,0,0,1
2827,0,14.142,Not Avl,Compl,Compl,Unable,ON,Not Avl,Compl,Compl,Unable,OFF,38.281,38.281,30,30,19.531,39.551,15.686,31.765,0.781,1.582,ON,0
2828,OFF,ON,ON,0.999,1.002,0.004,0.004,3.308,3.308,0,97,51199.219,13.886,23.529,OFF,OFF,OFF,OFF,OFF,OFF,OFF,OFF,Avail,Incmpl
2829,Incmpl,Enable,Avail,484.700,325.800,484.700,325.800,ON,Avail,Compl,Enable,75,0,0,0,0,0,0,6,A,0,0,Avail,Incmpl
2830,Incmpl,Enable,OFF,OFF,833,1021.750,51199.219,51199.219,51199.219,51199.219,51199.219,51199.219,1GRFE ,48.235,Avail,Incmpl,Incmpl,Enable,7.996,ON,OFF,OFF,OFF,ON
2831,ON,Avail,Compl,Enable,Compl,CL,CL,Compl,Unable,Not Avl,Compl,Compl,Enable,OFF,0,15.500,38,ON,13.750,15,0.104,2341,17,21
2832,-3,OFF,0,4.688,5.710,OFF,0,0,75,Avail,Compl,Enable,0,GRN2#  ,2011,ON,0,ACTIVE,ACTIVE,0.967,0.947,0.720,0.740,54.145
2833,54.469,Avail,Compl,Avail,Incmpl,Incmpl,Enable,OBD II (California ARB),OFF,OFF,43.896,-0.055,OFF,0,OFF,1st,OFF,OFF,OFF,OFF,OFF,OFF,0,0
2834,ON,OFF,1000,0,OFF,OFF,OFF,ON,Gasoline,0.995,OFF,OFF,0.684,ON,1.172,16.078,18,0,0.801,0.801,2.383,0.801,0.918,2.031
2835,47.843,0,16.078,15,0,0.051,OFF,ECT 5th,NA,OFF,97.768,97.680,14.118,0,Not Avl,0,0,0,0,ON,ON,0,0,1
2836,0,14.159,Not Avl,Compl,Compl,Unable,ON,Not Avl,Compl,Compl,Unable,OFF,38.281,38.281,30,30,19.531,39.551,15.686,31.765,0.781,1.582,ON,0
2837,OFF,ON,ON,0.998,1.003,0,0.008,3.303,3.313,0,97,51199.219,13.906,23.529,OFF,OFF,OFF,OFF,OFF,OFF,OFF,OFF,Avail,Incmpl
2838,Incmpl,Enable,Avail,484.700,325.800,484.700,325.800,ON,Avail,Compl,Enable,75,0,0,0,0,0,0,6,A,0,0,Avail,Incmpl
2839,Incmpl,Enable,OFF,OFF,834,1035,51199.219,51199.219,51199.219,51199.219,51199.219,51199.219,1GRFE ,48.235,Avail,Incmpl,Incmpl,Enable,7.996,ON,OFF,OFF,OFF,ON
2840,ON,Avail,Compl,Enable,Compl,CL,CL,Compl,Unable,Not Avl,Compl,Compl,Enable,OFF,0,15.500,65,ON,13.750,15,0.104,2334,17,21
2841,-3,OFF,0,4.688,5.730,OFF,0,0,75,Avail,Compl,Enable,0,GRN2#  ,2011,ON,0,ACTIVE,ACTIVE,0.967,0.947,0.720,0.740,54.145
2842,54.469,Avail,Compl,Avail,Incmpl,Incmpl,Enable,OBD II (California ARB),OFF,OFF,43.896,-0.055,OFF,0,OFF,1st,OFF,OFF,OFF,OFF,OFF,OFF,0,0.781
2843,ON,OFF,1000,0,OFF,OFF,OFF,ON,Gasoline,0.993,OFF,OFF,0.684,ON,1.172,16.078,18,0,0.801,0.801,2.383,0.801,0.918,2.031
2844,47.843,0,16.078,15,0.004,0.051,OFF,ECT 5th,NA,OFF,97.768,97.680,13.725,0,Not Avl,0,0,0,0,ON,ON,0,0,1
2845,0,14.159,Not Avl,Compl,Compl,Unable,ON,Not Avl,Compl,Compl,Unable,OFF,38.281,38.281,30,30,19.531,39.551,15.686,31.765,0.781,1.582,ON,0
2846,OFF,ON,ON,1.003,1.000,0.012,0,3.322,3.298,0,97,51199.219,13.906,23.137,OFF,OFF,OFF,OFF,OFF,OFF,OFF,OFF,Avail,Incmpl
2847,Incmpl,Enable,Avail,484.600,325.700,484.600,325.700,ON,Avail,Compl,Enable,75,0,0,0,0,0,0,6,A,0,0,Avail,Incmpl
2848,Incmpl,Enable,OFF,OFF,834,1036.500,51199.219,51199.219,51199.219,51199.219,51199.219,51199.219,1GRFE ,48.235,Avail,Incmpl,Incmpl,Enable,7.996,ON,OFF,OFF,OFF,ON
2849,ON,Avail,Compl,Enable,Compl,CL,CL,Compl,Unable,Not Avl,Compl,Compl,Enable,OFF,0,15.500,90,ON,13.750,15,0.104,2334,17,21
2850,-3,OFF,0,4.688,5.710,OFF,0,0,71,Avail,Compl,Enable,0,GRN2#  ,2011,ON,0,ACTIVE,ACTIVE,0.967,0.947,0.720,0.740,54.145
2851,54.145,Avail,Compl,Avail,Incmpl,Incmpl,Enable,OBD II (California ARB),OFF,OFF,43.896,-0.055,OFF,0,OFF,1st,OFF,OFF,OFF,OFF,OFF,OFF,0.781,0.781
2852,ON,OFF,1000,0,OFF,OFF,OFF,ON,Gasoline,0.992,OFF,OFF,0.684,ON,1.172,16.078,18,0,0.801,0.801,2.383,0.801,0.918,2.031
2853,47.843,0,16.078,15,0.004,0.051,OFF,ECT 5th,NA,OFF,97.790,97.724,13.725,0,Not Avl,0,0,0,0,ON,ON,0,0,1
2854,0,14.159,Not Avl,Compl,Compl,Unable,ON,Not Avl,Compl,Compl,Unable,OFF,38.281,38.281,30,30,19.531,39.551,15.686,31.765,0.781,1.582,ON,0
2855,OFF,ON,ON,0.992,0.997,-0.020,-0.012,3.264,3.279,0,97,51199.219,13.886,23.137,OFF,OFF,OFF,OFF,OFF,OFF,OFF,OFF,Avail,Incmpl
2856,Incmpl,Enable,Avail,484.600,325.700,484.600,325.700,ON,Avail,Compl,Enable,74,0,0,0,0,0,0,6,A,0,0,Avail,Incmpl
2857,Incmpl,Enable,OFF,OFF,835,1035,51199.219,51199.219,51199.219,51199.219,51199.219,51199.219,1GRFE ,47.843,Avail,Incmpl,Incmpl,Enable,7.996,ON,OFF,OFF,OFF,ON
2858,ON,Avail,Compl,Enable,Compl,CL,CL,Compl,Unable,Not Avl,Compl,Compl,Enable,OFF,0,15.500,114,ON,13.750,15,0.104,2319,17,21
2859,-3,OFF,0,4.688,5.710,OFF,0,0,71,Avail,Compl,Enable,0,GRN2#  ,2011,ON,0,ACTIVE,ACTIVE,0.967,0.947,0.720,0.740,54.145
2860,54.145,Avail,Compl,Avail,Incmpl,Incmpl,Enable,OBD II (California ARB),OFF,OFF,43.896,-0.055,OFF,0,OFF,1st,OFF,OFF,OFF,OFF,OFF,OFF,0,0
2861,ON,OFF,1000,0,OFF,OFF,OFF,ON,Gasoline,0.991,OFF,OFF,0.684,ON,1.016,16.078,16,0,0.801,0.801,2.383,0.801,0.918,2.031
2862,47.843,0,16.078,15,0.004,0.051,OFF,ECT 5th,NA,OFF,97.812,97.900,13.725,0,Not Avl,0,0,0,0,ON,ON,0,0,1
2863,0,14.160,Not Avl,Compl,Compl,Unable,ON,Not Avl,Compl,Compl,Unable,OFF,38.281,38.281,30,30,19.531,39.551,15.686,31.765,0.781,1.582,ON,0
2864,OFF,ON,ON,0.999,0.997,0,-0.012,3.303,3.279,0,97,51199.219,13.886,23.529,OFF,OFF,OFF,OFF,OFF,OFF,OFF,OFF,Avail,Incmpl
2865,Incmpl,Enable,Avail,484.600,325.600,484.600,325.600,ON,Avail,Compl,Enable,74,0,0,0,0,0,0,6,A,0,0,Avail,Incmpl
2866,Incmpl,Enable,OFF,OFF,835,1033.500,51199.219,51199.219,51199.219,51199.219,51199.219,51199.219,1GRFE ,48.235,Avail,Incmpl,Incmpl,Enable,7.996,ON,OFF,OFF,OFF,ON
2867,ON,Avail,Compl,Enable,Compl,CL,CL,Compl,Unable,Not Avl,Compl,Compl,Enable,OFF,0,15.500,138,ON,13.750,15,0.104,2337,17,21
2868,-3,OFF,0,4.688,5.710,OFF,0,0,55,Avail,Compl,Enable,0,GRN2#  ,2011,ON,0,ACTIVE,ACTIVE,0.967,0.952,0.720,0.740,54.145
2869,54.469,Avail,Compl,Avail,Incmpl,Incmpl,Enable,OBD II (California ARB),OFF,OFF,43.896,-0.055,OFF,0,OFF,1st,OFF,OFF,OFF,OFF,OFF,OFF,0,0
2870,ON,OFF,1000,0,OFF,OFF,OFF,ON,Gasoline,0.994,OFF,OFF,0.684,ON,0.859,16.078,13,0,0.801,0.801,2.383,0.801,0.918,2.031
2871,47.843,0,16.078,15,0.004,0.055,OFF,ECT 5th,NA,OFF,97.768,97.680,13.725,0,Not Avl,0,0,0,0,ON,ON,0,0,1
2872,0,14.161,Not Avl,Compl,Compl,Unable,ON,Not Avl,Compl,Compl,Unable,OFF,38.281,38.281,30,30,19.531,39.551,15.686,31.765,0.781,1.582,ON,0
2873,OFF,ON,ON,0.995,0.994,-0.012,-0.016,3.279,3.269,0,97,51199.219,13.886,23.137,OFF,OFF,OFF,OFF,OFF,OFF,OFF,OFF,Avail,Incmpl
2874,Incmpl,Enable,Avail,484.600,325.600,484.600,325.600,ON,Avail,Compl,Enable,74,0,0,0,0,0,0,6,A,0,0,Avail,Incmpl
2875,Incmpl,Enable,OFF,OFF,836,1031.250,51199.219,51199.219,51199.219,51199.219,51199.219,51199.219,1GRFE ,48.235,Avail,Incmpl,Incmpl,Enable,7.996,ON,OFF,OFF,OFF,ON
2876,ON,Avail,Compl,Enable,Compl,CL,CL,Compl,Unable,Not Avl,Compl,Compl,Enable,OFF,0,15.500,161,ON,13.750,15,0.104,2315,18,21
2877,-3,OFF,0,4.688,5.710,OFF,0,0,55,Avail,Compl,Enable,0,GRN2#  ,2011,ON,0,ACTIVE,ACTIVE,0.962,0.947,0.720,0.740,54.145
2878,54.469,Avail,Compl,Avail,Incmpl,Incmpl,Enable,OBD II (California ARB),OFF,OFF,43.896,-0.055,OFF,0,OFF,1st,OFF,OFF,OFF,OFF,OFF,OFF,0,0
2879,ON,OFF,1000,0,OFF,OFF,OFF,ON,Gasoline,0.995,OFF,OFF,0.684,ON,0.859,16.078,13,0,0.801,0.801,2.383,0.801,0.918,2.031
2880,47.843,0,16.078,15,0.004,0.055,OFF,ECT 5th,NA,OFF,97.812,97.922,13.725,0,Not Avl,0,0,0,0,ON,ON,0,0,1
2881,0,14.164,Not Avl,Compl,Compl,Unable,ON,Not Avl,Compl,Compl,Unable,OFF,38.281,38.281,30,30,19.531,39.551,15.686,31.765,0.781,1.582,ON,0
2882,OFF,ON,ON,0.999,0.997,0,-0.008,3.303,3.283,0,97,51199.219,13.886,23.529,OFF,OFF,OFF,OFF,OFF,OFF,OFF,OFF,Avail,Incmpl
2883,Incmpl,Enable,Avail,484.600,325.500,484.600,325.500,ON,Avail,Compl,Enable,74,0,0,0,0,0,0,6,A,0,0,Avail,Incmpl
2884,Incmpl,Enable,OFF,OFF,836,1024,51199.219,51199.219,51199.219,51199.219,51199.219,51199.219,1GRFE ,48.235,Avail,Incmpl,Incmpl,Enable,7.996,ON,OFF,OFF,OFF,ON
2885,ON,Avail,Compl,Enable,Compl,CL,CL,Compl,Unable,Not Avl,Compl,Compl,Enable,OFF,0,15.500,186,ON,13.750,15,0.104,2341,18,21
2886,-3,OFF,0,4.688,5.710,OFF,0,0,66,Avail,Compl,Enable,0,GRN2#  ,2011,ON,0,ACTIVE,ACTIVE,0.967,0.952,0.720,0.740,53.820
2887,54.469,Avail,Compl,Avail,Incmpl,Incmpl,Enable,OBD II (California ARB),OFF,OFF,43.774,-0.055,OFF,0,OFF,1st,OFF,OFF,OFF,OFF,OFF,OFF,0,0
2888,ON,OFF,1000,0,OFF,OFF,OFF,ON,Gasoline,0.996,OFF,OFF,0.684,ON,0.938,16.078,16,0,0.801,0.801,2.383,0.801,0.918,2.031
2889,47.843,0,16.078,15,0.004,0.051,OFF,ECT 5th,NA,OFF,97.790,97.680,14.118,0,Not Avl,0,0,0,0,ON,ON,0,0,1
2890,0,14.160,Not Avl,Compl,Compl,Unable,ON,Not Avl,Compl,Compl,Unable,OFF,38.281,38.281,30,30,19.531,39.551,15.686,31.765,0.781,1.582,ON,0
2891,OFF,ON,ON,0.994,0.993,-0.012,-0.020,3.279,3.264,0,97,51199.219,13.886,23.529,OFF,OFF,OFF,OFF,OFF,OFF,OFF,OFF,Avail,Incmpl
2892,Incmpl,Enable,Avail,484.600,325.500,484.600,325.500,ON,Avail,Compl,Enable,74,0,0,0,0,0,0,6,A,0,0,Avail,Incmpl
2893,Incmpl,Enable,OFF,OFF,837,1030.250,51199.219,51199.219,51199.219,51199.219,51199.219,51199.219,1GRFE ,48.235,Avail,Incmpl,Incmpl,Enable,7.996,ON,OFF,OFF,OFF,ON
2894,ON,Avail,Compl,Enable,Compl,CL,CL,Compl,Unable,Not Avl,Compl,Compl,Enable,OFF,0,15.500,205,ON,13.750,15,0.104,2344,18,21
2895,-3,OFF,0,4.688,5.710,OFF,0,0,66,Avail,Compl,Enable,0,GRN2#  ,2011,ON,0,ACTIVE,ACTIVE,0.967,0.947,0.720,0.740,54.793
2896,54.469,Avail,Compl,Avail,Incmpl,Incmpl,Enable,OBD II (California ARB),OFF,OFF,44.141,-0.055,OFF,0,OFF,1st,OFF,OFF,OFF,OFF,OFF,OFF,0,0
2897,ON,OFF,1000,0,OFF,OFF,OFF,ON,Gasoline,0.996,OFF,OFF,0.684,ON,0.938,16.078,15,0,0.801,0.801,2.383,0.801,0.918,2.031
2898,47.843,0,16.078,15,0.004,0.051,OFF,ECT 5th,NA,OFF,97.768,97.680,13.725,0,Not Avl,0,0,0,0,ON,ON,0,0,1
2899,0,14.164,Not Avl,Compl,Compl,Unable,ON,Not Avl,Compl,Compl,Unable,OFF,38.281,38.281,30,30,19.531,39.551,15.686,31.765,0.781,1.582,ON,0
2900,OFF,ON,ON,0.999,0.996,0.004,-0.012,3.308,3.274,0,97,51199.219,13.886,23.529,OFF,OFF,OFF,OFF,OFF,OFF,OFF,OFF,Avail,Incmpl
2901,Incmpl,Enable,Avail,484.600,325.500,484.600,325.500,ON,Avail,Compl,Enable,74,0,0,0,0,0,0,6,A,0,0,Avail,Incmpl
2902,Incmpl,Enable,OFF,OFF,837,1030.250,51199.219,51199.219,51199.219,51199.219,51199.219,51199.219,1GRFE ,48.235,Avail,Incmpl,Incmpl,Enable,7.996,ON,OFF,OFF,OFF,ON
2903,ON,Avail,Compl,Enable,Compl,CL,CL,Compl,Unable,Not Avl,Compl,Compl,Enable,OFF,0,15.500,226,ON,13.750,15,0.104,2330,18,21
2904,-3,OFF,0,4.688,5.710,OFF,0,0,66,Avail,Compl,Enable,0,GRN2#  ,2011,ON,0,ACTIVE,Not Act,0.967,0.947,0.720,0.740,54.145
2905,54.469,Avail,Compl,Avail,Incmpl,Incmpl,Enable,OBD II (California ARB),OFF,OFF,44.025,-0.055,OFF,0,OFF,1st,OFF,OFF,OFF,OFF,OFF,OFF,0,-0.781
2906,ON,OFF,1000,0,OFF,OFF,OFF,ON,Gasoline,0.998,OFF,OFF,0.684,ON,0.938,16.078,13,0,0.801,0.801,2.383,0.801,0.918,2.031
2907,47.843,0,16.078,15,0.004,0.051,OFF,ECT 5th,NA,OFF,97.790,97.790,13.725,0,Not Avl,0,0,0,0,ON,ON,0,0,1
2908,0,14.160,Not Avl,Compl,Compl,Unable,ON,Not Avl,Compl,Compl,Unable,OFF,38.281,35.156,30,30,19.531,39.551,15.686,31.765,0.781,1.582,ON,0
2909,OFF,ON,ON,0.998,0.999,0,0,3.298,3.293,0,97,51199.219,13.886,23.529,OFF,OFF,OFF,OFF,OFF,OFF,OFF,OFF,Avail,Incmpl
2910,Incmpl,Enable,Avail,484.500,325.500,484.500,325.500,ON,Avail,Compl,Enable,74,0,0,0,0,0,0,6,A,0,0,Avail,Incmpl
2911,Incmpl,Enable,OFF,OFF,837,1028.750,51199.219,51199.219,51199.219,51199.219,51199.219,51199.219,1GRFE ,47.843,Avail,Incmpl,Incmpl,Enable,7.996,ON,OFF,OFF,OFF,ON
2912,ON,Avail,Compl,Enable,Compl,CL,CL,Compl,Unable,Not Avl,Compl,Compl,Enable,OFF,0,15.500,248,ON,13.750,15,0.104,2326,18,21
2913,-3,OFF,0,4.688,5.710,OFF,0,0,68,Avail,Compl,Enable,0,GRN2#  ,2011,ON,0,ACTIVE,ACTIVE,0.962,0.947,0.720,0.740,54.145
2914,54.469,Avail,Compl,Avail,Incmpl,Incmpl,Enable,OBD II (California ARB),OFF,OFF,44.025,-0.055,OFF,0,OFF,1st,OFF,OFF,OFF,OFF,OFF,OFF,0,0
2915,ON,OFF,1000,0,OFF,OFF,OFF,ON,Gasoline,0.998,OFF,OFF,0.684,ON,0.938,16.078,14,0,0.801,0.801,2.383,0.801,0.918,2.031
2916,47.843,0,16.078,15,0,0.051,OFF,ECT 5th,NA,OFF,97.812,97.922,13.725,0,Not Avl,0,0,0,0,ON,ON,0,0,1
2917,0,14.164,Not Avl,Compl,Compl,Unable,ON,Not Avl,Compl,Compl,Unable,OFF,38.281,35.938,30,30,19.531,39.551,15.686,31.765,0.781,1.582,ON,0
2918,OFF,ON,ON,1.000,0.999,0.008,0,3.313,3.293,0,97,51199.219,13.886,23.529,OFF,OFF,OFF,OFF,OFF,OFF,OFF,OFF,Avail,Incmpl
2919,Incmpl,Enable,Avail,484.500,325.500,484.500,325.500,ON,Avail,Compl,Enable,74,0,0,0,0,0,0,6,A,0,0,Avail,Incmpl
2920,Incmpl,Enable,OFF,OFF,838,1030.250,51199.219,51199.219,51199.219,51199.219,51199.219,51199.219,1GRFE ,48.235,Avail,Incmpl,Incmpl,Enable,7.996,ON,OFF,OFF,OFF,ON
2921,ON,Avail,Compl,Enable,Compl,CL,CL,Compl,Unable,Not Avl,Compl,Compl,Enable,OFF,0,15.500,272,ON,13.750,15,0.104,2323,18,21
2922,-3,OFF,0,4.688,5.710,OFF,0,0,68,Avail,Compl,Enable,0,GRN2#  ,2011,ON,0,ACTIVE,ACTIVE,0.967,0.952,0.720,0.740,53.820
2923,54.469,Avail,Compl,Avail,Incmpl,Incmpl,Enable,OBD II (California ARB),OFF,OFF,43.896,-0.055,OFF,0,OFF,1st,OFF,OFF,OFF,OFF,OFF,OFF,0,0
2924,ON,OFF,1000,0,OFF,OFF,OFF,ON,Gasoline,0.998,OFF,OFF,0.684,ON,0.938,16.078,15,0,0.801,0.801,2.383,0.801,0.918,2.031
2925,47.843,0,16.078,15,0,0.051,OFF,ECT 5th,NA,OFF,97.790,97.834,13.725,0,Not Avl,0,0,0,0,ON,ON,0,0,1
2926,0,14.169,Not Avl,Compl,Compl,Unable,ON,Not Avl,Compl,Compl,Unable,OFF,38.281,35.938,30,30,19.531,39.551,15.686,31.765,0.781,1.582,ON,0
2927,OFF,ON,ON,0.998,0.998,0,0,3.298,3.293,0,97,51199.219,13.886,23.529,OFF,OFF,OFF,OFF,OFF,OFF,OFF,OFF,Avail,Incmpl
2928,Incmpl,Enable,Avail,484.500,325.400,484.500,325.400,ON,Avail,Compl,Enable,74,0,0,0,0,0,0,6,A,0,0,Avail,Incmpl
2929,Incmpl,Enable,OFF,OFF,838,1028,51199.219,51199.219,51199.219,51199.219,51199.219,51199.219,1GRFE ,48.235,Avail,Incmpl,Incmpl,Enable,7.996,ON,OFF,OFF,OFF,ON
2930,ON,Avail,Compl,Enable,Compl,CL,CL,Compl,Unable,Not Avl,Compl,Compl,Enable,OFF,0,15.500,295,ON,13.750,15,0.104,2330,18,21
2931,-3,OFF,0,4.688,5.730,OFF,0,0,69,Avail,Compl,Enable,0,GRN2#  ,2011,ON,0,ACTIVE,ACTIVE,0.967,0.952,0.720,0.740,53.496
2932,54.793,Avail,Compl,Avail,Incmpl,Incmpl,Enable,OBD II (California ARB),OFF,OFF,44.025,-0.055,OFF,0,OFF,1st,OFF,OFF,OFF,OFF,OFF,OFF,0,0
2933,ON,OFF,1000,0,OFF,OFF,OFF,ON,Gasoline,0.998,OFF,OFF,0.684,ON,0.938,16.078,13,0,0.801,0.801,2.383,0.801,0.918,2.031
2934,47.843,0,16.078,15,0,0.051,OFF,ECT 5th,NA,OFF,97.812,97.944,14.118,0,Not Avl,0,0,0,0,ON,ON,0,0,1
2935,0,14.160,Not Avl,Compl,Compl,Unable,ON,Not Avl,Compl,Compl,Unable,OFF,38.281,35.938,30,30,19.531,39.551,15.686,31.765,0.781,1.582,ON,0
2936,OFF,ON,ON,1.001,0.998,0.027,0.004,3.318,3.288,0,97,51199.219,13.886,23.529,OFF,OFF,OFF,OFF,OFF,OFF,OFF,OFF,Avail,Incmpl
2937,Incmpl,Enable,Avail,484.500,325.400,484.500,325.400,ON,Avail,Compl,Enable,74,0,0,0,0,0,0,6,A,0,0,Avail,Incmpl
2938,Incmpl,Enable,OFF,OFF,839,1028,51199.219,51199.219,51199.219,51199.219,51199.219,51199.219,1GRFE ,48.235,Avail,Incmpl,Incmpl,Enable,7.996,ON,OFF,OFF,OFF,ON
2939,ON,Avail,Compl,Enable,Compl,CL,CL,Compl,Unable,Not Avl,Compl,Compl,Enable,OFF,0,15.500,316,ON,13.750,15,0.104,2330,18,21
2940,-3,OFF,0,4.688,5.710,OFF,0,0,69,Avail,Compl,Enable,0,GRN2#  ,2011,ON,0,ACTIVE,ACTIVE,0.962,0.947,0.720,0.740,53.820
2941,54.793,Avail,Compl,Avail,Incmpl,Incmpl,Enable,OBD II (California ARB),OFF,OFF,43.896,-0.055,OFF,0,OFF,1st,OFF,OFF,OFF,OFF,OFF,OFF,0,0
2942,ON,OFF,1000,0,OFF,OFF,OFF,ON,Gasoline,0.996,OFF,OFF,0.684,ON,0.938,16.078,12,0,0.801,0.801,2.383,0.801,0.918,2.031
2943,47.843,0,16.078,15,0,0.051,OFF,ECT 5th,NA,OFF,97.768,97.680,13.725,0,Not Avl,0,0,0,0,ON,ON,0,0,1
2944,0,14.177,Not Avl,Compl,Compl,Unable,ON,Not Avl,Compl,Compl,Unable,OFF,38.281,35.938,30,30,19.531,39.551,15.686,31.765,0.781,1.582,ON,0
2945,OFF,ON,ON,0.998,1.001,0,0,3.303,3.293,0,97,51199.219,13.886,23.529,OFF,OFF,OFF,OFF,OFF,OFF,OFF,OFF,Avail,Incmpl
2946,Incmpl,Enable,Avail,484.400,325.300,484.400,325.300,ON,Avail,Compl,Enable,74,0,0,0,0,0,0,6,A,0,0,Avail,Incmpl
2947,Incmpl,Enable,OFF,OFF,839,1035,51199.219,51199.219,51199.219,51199.219,51199.219,51199.219,1GRFE ,48.235,Avail,Incmpl,Incmpl,Enable,7.996,ON,OFF,OFF,OFF,ON
2948,ON,Avail,Compl,Enable,Compl,CL,CL,Compl,Unable,Not Avl,Compl,Compl,Enable,OFF,0,15.500,341,ON,13.750,15,0.104,2312,18,21
2949,-3,OFF,0,4.688,5.710,OFF,0,0,69,Avail,Compl,Enable,0,GRN2#  ,2011,ON,0,ACTIVE,ACTIVE,0.967,0.952,0.720,0.740,53.496
2950,54.469,Avail,Compl,Avail,Incmpl,Incmpl,Enable,OBD II (California ARB),OFF,OFF,43.896,-0.055,OFF,0,OFF,1st,OFF,OFF,OFF,OFF,OFF,OFF,0,0
2951,ON,OFF,1000,0,OFF,OFF,OFF,ON,Gasoline,0.995,OFF,OFF,0.684,ON,0.938,16.078,16,0,0.801,0.801,2.383,0.801,0.918,2.031
2952,47.843,0,16.078,15,0,0.051,OFF,ECT 5th,NA,OFF,97.812,97.944,13.725,0,Not Avl,0,0,0,0,ON,ON,0,0,1
2953,0,14.160,Not Avl,Compl,Compl,Unable,ON,Not Avl,Compl,Compl,Unable,OFF,38.281,35.938,30,30,19.531,39.551,15.686,31.765,0.781,1.582,ON,0
2954,OFF,ON,ON,0.999,1.001,0.004,0.004,3.308,3.308,0,97,51199.219,13.886,23.529,OFF,OFF,OFF,OFF,OFF,OFF,OFF,OFF,Avail,Incmpl
2955,Incmpl,Enable,Avail,484.400,325.300,484.400,325.300,ON,Avail,Compl,Enable,74,0,0,0,0,0,0,6,A,0,0,Avail,Incmpl
2956,Incmpl,Enable,OFF,OFF,840,1022.500,51199.219,51199.219,51199.219,51199.219,51199.219,51199.219,1GRFE ,48.235,Avail,Incmpl,Incmpl,Enable,7.996,ON,OFF,OFF,OFF,ON
2957,ON,Avail,Compl,Enable,Compl,CL,CL,Compl,Unable,Not Avl,Compl,Compl,Enable,OFF,0,15.500,365,ON,13.750,15,0.104,2348,18,21
2958,-3,OFF,0,4.688,5.710,OFF,0,0,71,Avail,Compl,Enable,0,GRN2#  ,2011,ON,0,ACTIVE,ACTIVE,0.967,0.952,0.720,0.740,53.496
2959,54.793,Avail,Compl,Avail,Incmpl,Incmpl,Enable,OBD II (California ARB),OFF,OFF,43.774,-0.055,OFF,0,OFF,1st,OFF,OFF,OFF,OFF,OFF,OFF,0,0
2960,ON,OFF,1000,0,OFF,OFF,OFF,ON,Gasoline,0.995,OFF,OFF,0.684,ON,0.938,16.078,13,0,0.801,0.801,2.383,0.801,0.918,2.031
2961,47.843,0,16.078,15,0,0.051,OFF,ECT 5th,NA,OFF,97.790,97.680,14.118,0,Not Avl,0,0,0,0,ON,ON,0,0,1
2962,0,14.175,Not Avl,Compl,Compl,Unable,ON,Not Avl,Compl,Compl,Unable,OFF,38.281,35.938,30,30,19.531,39.551,15.686,31.765,0.781,1.582,ON,0
2963,OFF,ON,ON,0.995,0.998,-0.008,-0.004,3.283,3.288,0,97,51199.219,13.886,23.529,OFF,OFF,OFF,OFF,OFF,OFF,OFF,OFF,Avail,Incmpl
2964,Incmpl,Enable,Avail,484.400,325.300,484.400,325.300,ON,Avail,Compl,Enable,74,0,0,0,0,0,0,6,A,0,0,Avail,Incmpl
2965,Incmpl,Enable,OFF,OFF,840,1030.250,51199.219,51199.219,51199.219,51199.219,51199.219,51199.219,1GRFE ,48.235,Avail,Incmpl,Incmpl,Enable,7.996,ON,OFF,OFF,OFF,ON
2966,ON,Avail,Compl,Enable,Compl,CL,CL,Compl,Unable,Not Avl,Compl,Compl,Enable,OFF,0,15.500,388,ON,13.750,15,0.104,2330,18,21
2967,-3,OFF,0,4.688,5.710,OFF,0,0,71,Avail,Compl,Enable,0,GRN2#  ,2011,ON,0,ACTIVE,ACTIVE,0.967,0.947,0.720,0.740,53.820
2968,54.469,Avail,Compl,Avail,Incmpl,Incmpl,Enable,OBD II (California ARB),OFF,OFF,43.896,-0.055,OFF,0,OFF,1st,OFF,OFF,OFF,OFF,OFF,OFF,0,0
2969,ON,OFF,1000,0,OFF,OFF,OFF,ON,Gasoline,0.996,OFF,OFF,0.684,ON,0.938,16.078,15,0,0.801,0.801,2.383,0.801,0.918,2.031
2970,47.843,0,16.078,15,0,0.047,OFF,ECT 5th,NA,OFF,97.812,97.944,13.725,0,Not Avl,0,0,0,0,ON,ON,0,0,1
2971,0,14.160,Not Avl,Compl,Compl,Unable,ON,Not Avl,Compl,Compl,Unable,OFF,38.281,35.938,30,30,19.531,39.551,15.686,31.765,0.781,1.582,ON,0
2972,OFF,ON,ON,0.997,0.999,0,0,3.293,3.298,0,97,51199.219,13.906,23.529,OFF,OFF,OFF,OFF,OFF,OFF,OFF,OFF,Avail,Incmpl
2973,Incmpl,Enable,Avail,484.400,325.300,484.400,325.300,ON,Avail,Compl,Enable,74,0,0,0,0,0,0,6,A,0,0,Avail,Incmpl
2974,Incmpl,Enable,OFF,OFF,841,1031.250,51199.219,51199.219,51199.219,51199.219,51199.219,51199.219,1GRFE ,48.235,Avail,Incmpl,Incmpl,Enable,7.996,ON,OFF,OFF,OFF,ON
2975,ON,Avail,Compl,Enable,Compl,CL,CL,Compl,Unable,Not Avl,Compl,Compl,Enable,OFF,0,15.500,412,ON,13.750,15,0.104,2330,18,21
2976,-3,OFF,0,4.688,5.710,OFF,0,0,68,Avail,Compl,Enable,0,GRN2#  ,2011,ON,0,ACTIVE,ACTIVE,0.967,0.947,0.720,0.740,53.820
2977,54.793,Avail,Compl,Avail,Incmpl,Incmpl,Enable,OBD II (California ARB),OFF,OFF,44.006,-0.055,OFF,0,OFF,1st,OFF,OFF,OFF,OFF,OFF,OFF,0,0
2978,ON,OFF,1000,0,OFF,OFF,OFF,ON,Gasoline,0.998,OFF,OFF,0.684,ON,0.938,16.078,16,0,0.801,0.801,2.383,0.801,0.918,2.031
2979,47.843,0,16.078,15,0,0.047,OFF,ECT 5th,NA,OFF,97.790,97.680,13.725,0,Not Avl,0,0,0,0,ON,ON,0,0,1
2980,0,14.160,Not Avl,Compl,Compl,Unable,ON,Not Avl,Compl,Compl,Unable,OFF,38.281,35.938,30,30,19.531,39.551,15.686,31.765,0.781,1.582,ON,0
2981,OFF,ON,ON,0.994,1.000,-0.012,0,3.279,3.303,0,97,51199.219,13.886,23.529,OFF,OFF,OFF,OFF,OFF,OFF,OFF,OFF,Avail,Incmpl
2982,Incmpl,Enable,Avail,484.400,325.300,484.400,325.300,ON,Avail,Compl,Enable,74,0,0,0,0,0,0,6,A,0,0,Avail,Incmpl
2983,Incmpl,Enable,OFF,OFF,841,1028,51199.219,51199.219,51199.219,51199.219,51199.219,51199.219,1GRFE ,48.235,Avail,Incmpl,Incmpl,Enable,7.996,ON,OFF,OFF,OFF,ON
2984,ON,Avail,Compl,Enable,Compl,CL,CL,Compl,Unable,Not Avl,Compl,Compl,Enable,OFF,0,15.500,436,ON,13.750,15,0.104,2323,18,21
2985,-3,OFF,0,4.688,5.710,OFF,0,0,68,Avail,Compl,Enable,0,GRN2#  ,2011,ON,0,ACTIVE,ACTIVE,0.967,0.952,0.720,0.740,53.820
2986,54.793,Avail,Compl,Avail,Incmpl,Incmpl,Enable,OBD II (California ARB),OFF,OFF,43.896,-0.055,OFF,0,OFF,1st,OFF,OFF,OFF,OFF,OFF,OFF,-0.781,0
2987,ON,OFF,1000,0,OFF,OFF,OFF,ON,Gasoline,1.000,OFF,OFF,0.684,ON,0.938,16.078,15,0,0.801,0.801,2.383,0.801,0.918,2.031
2988,47.843,0,16.078,15,0,0.047,OFF,ECT 5th,NA,OFF,97.812,97.944,13.725,0,Not Avl,0,0,0,0,ON,ON,0,0,1
2989,0,14.164,Not Avl,Compl,Compl,Unable,ON,Not Avl,Compl,Compl,Unable,OFF,38.281,35.938,30,30,19.531,39.551,15.686,31.765,0.781,1.582,ON,0
2990,OFF,ON,ON,0.999,0.999,0.008,0,3.313,3.293,0,97,51199.219,13.886,23.529,OFF,OFF,OFF,OFF,OFF,OFF,OFF,OFF,Avail,Incmpl
2991,Incmpl,Enable,Avail,484.400,325.300,484.400,325.300,ON,Avail,Compl,Enable,74,0,0,0,0,0,0,6,A,0,0,Avail,Incmpl
2992,Incmpl,Enable,OFF,OFF,841,1030.250,51199.219,51199.219,51199.219,51199.219,51199.219,51199.219,1GRFE ,48.235,Avail,Incmpl,Incmpl,Enable,7.996,ON,OFF,OFF,OFF,ON
2993,ON,Avail,Compl,Enable,Compl,CL,CL,Compl,Unable,Not Avl,Compl,Compl,Enable,OFF,0,15.500,456,ON,13.750,15,0.104,2323,18,21
2994,-3,OFF,0,4.688,5.710,OFF,0,0,64,Avail,Compl,Enable,0,GRN2#  ,2011,ON,0,ACTIVE,ACTIVE,0.967,0.947,0.720,0.740,54.145
2995,54.469,Avail,Compl,Avail,Incmpl,Incmpl,Enable,OBD II (California ARB),OFF,OFF,43.890,-0.055,OFF,0,OFF,1st,OFF,OFF,OFF,OFF,OFF,OFF,0,0
2996,ON,OFF,1000,0,OFF,OFF,OFF,ON,Gasoline,1.001,OFF,OFF,0.684,ON,0.938,16.078,14,0,0.801,0.801,2.383,0.801,0.918,2.031
2997,47.843,0,16.078,15,0,0.051,OFF,ECT 5th,NA,OFF,97.812,97.834,13.725,0,Not Avl,0,0,0,0,ON,ON,0,0,1
2998,0,14.164,Not Avl,Compl,Compl,Unable,ON,Not Avl,Compl,Compl,Unable,OFF,38.281,35.938,30,30,19.531,39.551,15.686,31.765,0.781,1.582,ON,0
2999,OFF,ON,ON,0.997,1.001,0,0.004,3.293,3.308,0,97,51199.219,13.867,23.529,OFF,OFF,OFF,OFF,OFF,OFF,OFF,OFF,Avail,Incmpl
3000,Incmpl,Enable,Avail,484.400,325.300,484.400,325.300,ON,Avail,Compl,Enable,74,0,0,0,0,0,0,6,A,0,0,Avail,Incmpl
3001,Incmpl,Enable,OFF,OFF,842,1023.250,51199.219,51199.219,51199.219,51199.219,51199.219,51199.219,1GRFE ,47.843,Avail,Incmpl,Incmpl,Enable,7.996,ON,OFF,OFF,OFF,ON
3002,ON,Avail,Compl,Enable,Compl,CL,CL,Compl,Unable,Not Avl,Compl,Compl,Enable,OFF,0,15.500,479,ON,13.750,15,0.104,2338,18,21
3003,-3,OFF,0,4.688,5.700,OFF,0,0,64,Avail,Compl,Enable,0,GRN2#  ,2011,ON,0,ACTIVE,ACTIVE,0.967,0.947,0.720,0.740,54.145
3004,54.469,Avail,Compl,Avail,Incmpl,Incmpl,Enable,OBD II (California ARB),OFF,OFF,43.774,-0.055,OFF,0,OFF,1st,OFF,OFF,OFF,OFF,OFF,OFF,-0.781,0
3005,ON,OFF,1000,0,OFF,OFF,OFF,ON,Gasoline,1.000,OFF,OFF,0.684,ON,0.938,16.078,13,0,0.801,0.801,2.383,0.801,0.918,2.031
3006,47.843,0,16.078,15,0,0.051,OFF,ECT 5th,NA,OFF,97.790,97.790,13.725,0,Not Avl,0,0,0,0,ON,ON,0,0,1
3007,0,14.160,Not Avl,Compl,Compl,Unable,ON,Not Avl,Compl,Compl,Unable,OFF,38.281,35.938,30,30,19.531,39.551,15.686,31.765,0.781,1.582,ON,0
3008,OFF,ON,ON,0.996,0.998,0.012,0.004,3.293,3.288,0,97,51199.219,13.886,23.529,OFF,OFF,OFF,OFF,OFF,OFF,OFF,OFF,Avail,Incmpl
3009,Incmpl,Enable,Avail,484.400,325.300,484.400,325.300,ON,Avail,Compl,Enable,74,0,0,0,0,0,0,6,A,0,0,Avail,Incmpl
3010,Incmpl,Enable,OFF,OFF,842,1016.250,51199.219,51199.219,51199.219,51199.219,51199.219,51199.219,1GRFE ,48.235,Avail,Incmpl,Incmpl,Enable,7.996,ON,OFF,OFF,OFF,ON
3011,ON,Avail,Compl,Enable,Compl,CL,CL,Compl,Unable,Not Avl,Compl,Compl,Enable,OFF,0,15.500,502,ON,13.750,15,0.104,2348,18,21
3012,-3,OFF,0,4.688,5.710,OFF,0,0,64,Avail,Compl,Enable,0,GRN2#  ,2011,ON,0,ACTIVE,ACTIVE,0.967,0.952,0.720,0.740,54.145
3013,54.469,Avail,Compl,Avail,Incmpl,Incmpl,Enable,OBD II (California ARB),OFF,OFF,43.896,-0.055,OFF,0,OFF,1st,OFF,OFF,OFF,OFF,OFF,OFF,-0.781,0
3014,ON,OFF,1000,0,OFF,OFF,OFF,ON,Gasoline,1.002,OFF,OFF,0.684,ON,0.938,16.078,14,0,0.801,0.801,2.383,0.801,0.918,2.031
3015,47.843,0,16.078,15,0,0.051,OFF,ECT 5th,NA,OFF,97.812,97.790,14.118,0,Not Avl,0,0,0,0,ON,ON,0,0,1
3016,0,14.149,Not Avl,Compl,Compl,Unable,ON,Not Avl,Compl,Compl,Unable,OFF,38.281,35.938,30,30,19.531,39.551,15.686,31.765,0.781,1.582,ON,0
3017,OFF,ON,ON,0.999,0.998,0.008,-0.004,3.313,3.288,0,97,51199.219,13.886,23.529,OFF,OFF,OFF,OFF,OFF,OFF,OFF,OFF,Avail,Incmpl
3018,Incmpl,Enable,Avail,484.300,325.200,484.300,325.200,ON,Avail,Compl,Enable,74,0,0,0,0,0,0,6,A,0,0,Avail,Incmpl
3019,Incmpl,Enable,OFF,OFF,843,1025,51199.219,51199.219,51199.219,51199.219,51199.219,51199.219,1GRFE ,48.235,Avail,Incmpl,Incmpl,Enable,7.996,ON,OFF,OFF,OFF,ON
3020,ON,Avail,Compl,Enable,Compl,CL,CL,Compl,Unable,Not Avl,Compl,Compl,Enable,OFF,0,15.500,525,ON,13.750,15,0.104,2334,18,21
3021,-3,OFF,0,4.688,5.710,OFF,0,0,47,Avail,Compl,Enable,0,GRN2#  ,2011,ON,0,ACTIVE,ACTIVE,0.962,0.947,0.720,0.740,54.145
3022,54.469,Avail,Compl,Avail,Incmpl,Incmpl,Enable,OBD II (California ARB),OFF,OFF,43.896,-0.055,OFF,0,OFF,1st,OFF,OFF,OFF,OFF,OFF,OFF,-0.781,0
3023,ON,OFF,1000,0,OFF,OFF,OFF,ON,Gasoline,1.003,OFF,OFF,0.684,ON,0.938,16.078,14,0,0.801,0.801,2.383,0.801,0.918,2.031
3024,47.843,0,16.078,15,0,0.051,OFF,ECT 5th,NA,OFF,97.790,97.834,14.118,0,Not Avl,0,0,0,0,ON,ON,0,0,1
3025,0,14.159,Not Avl,Compl,Compl,Unable,ON,Not Avl,Compl,Compl,Unable,OFF,38.281,35.938,30,30,19.531,39.551,15.686,31.765,0.781,1.582,ON,0
3026,OFF,ON,ON,1.000,1.000,0.008,0,3.313,3.298,0,97,51199.219,13.886,23.529,OFF,OFF,OFF,OFF,OFF,OFF,OFF,OFF,Avail,Incmpl
3027,Incmpl,Enable,Avail,484.300,325.200,484.300,325.200,ON,Avail,Compl,Enable,74,0,0,0,0,0,0,6,A,0,0,Avail,Incmpl
3028,Incmpl,Enable,OFF,OFF,843,1019.500,51199.219,51199.219,51199.219,51199.219,51199.219,51199.219,1GRFE ,48.235,Avail,Incmpl,Incmpl,Enable,7.996,ON,OFF,OFF,OFF,ON
3029,ON,Avail,Compl,Enable,Compl,CL,CL,Compl,Unable,Not Avl,Compl,Compl,Enable,OFF,0,15.500,550,ON,13.750,15,0.104,2344,18,21
3030,-3,OFF,0,4.688,5.710,OFF,0,0,47,Avail,Compl,Enable,0,GRN2#  ,2011,ON,0,ACTIVE,ACTIVE,0.967,0.952,0.720,0.740,53.820
3031,55.441,Avail,Compl,Avail,Incmpl,Incmpl,Enable,OBD II (California ARB),OFF,OFF,43.896,-0.055,OFF,0,OFF,1st,OFF,OFF,OFF,OFF,OFF,OFF,-0.781,0
3032,ON,OFF,1000,0,OFF,OFF,OFF,ON,Gasoline,1.002,OFF,OFF,0.684,ON,0.938,16.078,16,0,0.801,0.801,2.383,0.801,0.918,2.031
3033,47.843,0,16.078,15,0,0.051,OFF,ECT 5th,NA,OFF,97.790,97.746,14.118,0,Not Avl,0,0,0,0,ON,ON,0,0,1
3034,0,14.160,Not Avl,Compl,Compl,Unable,ON,Not Avl,Compl,Compl,Unable,OFF,38.281,35.938,30,30,19.531,39.551,15.686,31.765,0.781,1.582,ON,0
3035,OFF,ON,ON,1.000,0.997,0.008,-0.008,3.313,3.283,0,97,51199.219,13.886,23.529,OFF,OFF,OFF,OFF,OFF,OFF,OFF,OFF,Avail,Incmpl
3036,Incmpl,Enable,Avail,484.300,325.200,484.300,325.200,ON,Avail,Compl,Enable,74,0,0,0,0,0,0,6,A,0,0,Avail,Incmpl
3037,Incmpl,Enable,OFF,OFF,844,1024,51199.219,51199.219,51199.219,51199.219,51199.219,51199.219,1GRFE ,48.235,Avail,Incmpl,Incmpl,Enable,7.996,ON,OFF,OFF,OFF,ON
3038,ON,Avail,Compl,Enable,Compl,CL,CL,Compl,Unable,Not Avl,Compl,Compl,Enable,OFF,0,15.500,574,ON,13.750,15,0.104,2337,18,21
3039,-3,OFF,0,4.688,5.710,OFF,0,0,64,Avail,Compl,Enable,0,GRN2#  ,2011,ON,0,ACTIVE,ACTIVE,0.967,0.952,0.720,0.740,52.523
3040,55.441,Avail,Compl,Avail,Incmpl,Incmpl,Enable,OBD II (California ARB),OFF,OFF,43.896,-0.055,OFF,0,OFF,1st,OFF,OFF,OFF,OFF,OFF,OFF,-0.781,0
3041,ON,OFF,1000,0,OFF,OFF,OFF,ON,Gasoline,1.002,OFF,OFF,0.684,ON,0.938,16.078,14,0,0.801,0.801,2.383,0.801,0.918,2.031
3042,47.843,0,16.078,15,0,0.051,OFF,ECT 5th,NA,OFF,97.790,97.878,14.118,0,Not Avl,0,0,0,0,ON,ON,0,0,1
3043,0,14.159,Not Avl,Compl,Compl,Unable,ON,Not Avl,Compl,Compl,Unable,OFF,38.281,35.938,30,30,19.531,39.551,15.686,31.765,0.781,1.582,ON,0
3044,OFF,ON,ON,1.000,1.000,0.004,0,3.308,3.303,0,97,51199.219,13.886,23.529,OFF,OFF,OFF,OFF,OFF,OFF,OFF,OFF,Avail,Incmpl
3045,Incmpl,Enable,Avail,484.300,325.200,484.300,325.200,ON,Avail,Compl,Enable,74,0,0,0,0,0,0,6,A,0,0,Avail,Incmpl
3046,Incmpl,Enable,OFF,OFF,844,1017,51199.219,51199.219,51199.219,51199.219,51199.219,51199.219,1GRFE ,47.843,Avail,Incmpl,Incmpl,Enable,7.996,ON,OFF,OFF,OFF,ON
3047,ON,Avail,Compl,Enable,Compl,CL,CL,Compl,Unable,Not Avl,Compl,Compl,Enable,OFF,0,16.500,596,ON,13.750,15,0.104,2341,18,21
3048,-3,OFF,0,4.688,5.710,OFF,0,0,64,Avail,Compl,Enable,0,GRN2#  ,2011,ON,0,ACTIVE,ACTIVE,0.967,0.952,0.720,0.740,54.145
3049,57.062,Avail,Compl,Avail,Incmpl,Incmpl,Enable,OBD II (California ARB),OFF,OFF,43.896,-0.055,OFF,0,OFF,1st,OFF,OFF,OFF,OFF,OFF,OFF,0,0
3050,ON,OFF,1000,0,OFF,OFF,OFF,ON,Gasoline,1.001,OFF,OFF,0.684,ON,0.938,16.078,15,0,0.801,0.801,2.383,0.801,0.918,2.031
3051,47.843,0,16.078,15,0,0.051,OFF,ECT 5th,NA,OFF,97.790,97.724,14.118,0,Not Avl,0,0,0,0,ON,ON,0,0,1
3052,0,14.159,Not Avl,Compl,Compl,Unable,ON,Not Avl,Compl,Compl,Unable,OFF,38.281,35.938,30,30,19.531,39.551,15.686,31.765,0.781,1.582,ON,0
3053,OFF,ON,ON,0.999,0.997,0.004,-0.004,3.308,3.288,0,97,51199.219,13.886,23.529,OFF,OFF,OFF,OFF,OFF,OFF,OFF,OFF,Avail,Incmpl
3054,Incmpl,Enable,Avail,484.200,325.100,484.200,325.100,ON,Avail,Compl,Enable,74,0,0,0,0,0,0,6,A,0,0,Avail,Incmpl
3055,Incmpl,Enable,OFF,OFF,845,1025.750,51199.219,51199.219,51199.219,51199.219,51199.219,51199.219,1GRFE ,48.235,Avail,Incmpl,Incmpl,Enable,7.996,ON,OFF,OFF,OFF,ON
3056,ON,Avail,Compl,Enable,Compl,CL,CL,Compl,Unable,Not Avl,Compl,Compl,Enable,OFF,0,15.500,14,ON,13.750,15,0.104,2334,18,21
3057,-3,OFF,0,4.688,5.710,OFF,0,0,72,Avail,Compl,Enable,0,GRN2#  ,2011,ON,0,ACTIVE,ACTIVE,0.967,0.947,0.720,0.740,53.496
3058,55.117,Avail,Compl,Avail,Incmpl,Incmpl,Enable,OBD II (California ARB),OFF,OFF,44.025,-0.055,OFF,0,OFF,1st,OFF,OFF,OFF,OFF,OFF,OFF,0,0
3059,ON,OFF,1000,0,OFF,OFF,OFF,ON,Gasoline,1.001,OFF,OFF,0.684,ON,0.859,16.078,16,0,0.801,0.801,2.383,0.801,0.918,2.031
3060,47.843,0,16.078,15,0,0.051,OFF,ECT 5th,NA,OFF,97.790,97.680,14.118,0,Not Avl,0,0,0,0,ON,ON,0,0,1
3061,0,14.160,Not Avl,Compl,Compl,Unable,ON,Not Avl,Compl,Compl,Unable,OFF,38.281,35.938,30,30,19.531,39.551,15.686,31.765,0.781,1.582,ON,0
3062,OFF,ON,ON,1.000,0.997,0.008,-0.004,3.313,3.288,0,97,51199.219,13.886,23.529,OFF,OFF,OFF,OFF,OFF,OFF,OFF,OFF,Avail,Incmpl
3063,Incmpl,Enable,Avail,484.200,325.100,484.200,325.100,ON,Avail,Compl,Enable,74,0,0,0,0,0,0,6,A,0,0,Avail,Incmpl
3064,Incmpl,Enable,OFF,OFF,845,1032,51199.219,51199.219,51199.219,51199.219,51199.219,51199.219,1GRFE ,48.235,Avail,Incmpl,Incmpl,Enable,7.996,ON,OFF,OFF,OFF,ON
3065,ON,Avail,Compl,Enable,Compl,CL,CL,Compl,Unable,Not Avl,Compl,Compl,Enable,OFF,0,15.500,36,ON,13.750,15,0.104,2330,18,21
3066,-3,OFF,0,4.688,5.710,OFF,0,0,72,Avail,Compl,Enable,0,GRN2#  ,2011,ON,0,ACTIVE,ACTIVE,0.967,0.947,0.720,0.740,53.820
3067,55.766,Avail,Compl,Avail,Incmpl,Incmpl,Enable,OBD II (California ARB),OFF,OFF,44.025,-0.055,OFF,0,OFF,1st,OFF,OFF,OFF,OFF,OFF,OFF,0,0
3068,ON,OFF,1000,0,OFF,OFF,OFF,ON,Gasoline,1.001,OFF,OFF,0.684,ON,0.938,16.078,16,0,0.801,0.801,2.383,0.801,0.918,2.031
3069,47.843,0,16.078,15,0,0.051,OFF,ECT 5th,NA,OFF,97.812,97.944,13.725,0,Not Avl,0,0,0,0,ON,ON,0,0,1
3070,0,14.178,Not Avl,Compl,Compl,Unable,ON,Not Avl,Compl,Compl,Unable,OFF,38.281,35.938,30,30,19.531,39.551,15.686,31.765,0.781,1.582,ON,0
3071,OFF,ON,ON,1.004,1.000,0.020,0,3.332,3.303,0,97,51199.219,13.886,23.529,OFF,OFF,OFF,OFF,OFF,OFF,OFF,OFF,Avail,Incmpl
3072,Incmpl,Enable,Avail,484.200,325.100,484.200,325.100,ON,Avail,Compl,Enable,74,0,0,0,0,0,0,6,A,0,0,Avail,Incmpl
3073,Incmpl,Enable,OFF,OFF,845,1028,51199.219,51199.219,51199.219,51199.219,51199.219,51199.219,1GRFE ,48.235,Avail,Incmpl,Incmpl,Enable,7.996,ON,OFF,OFF,OFF,ON
3074,ON,Avail,Compl,Enable,Compl,CL,CL,Compl,Unable,Not Avl,Compl,Compl,Enable,OFF,0,15.500,56,ON,13.750,15,0.104,2344,18,21
3075,-3,OFF,0,4.688,5.780,OFF,0,0,72,Avail,Compl,Enable,0,GRN2#  ,2011,ON,0,ACTIVE,ACTIVE,0.967,0.952,0.720,0.740,53.820
3076,55.117,Avail,Compl,Avail,Incmpl,Incmpl,Enable,OBD II (California ARB),OFF,OFF,43.774,-0.055,OFF,0,OFF,1st,OFF,OFF,OFF,OFF,OFF,OFF,0,0
3077,ON,OFF,1000,0,OFF,OFF,OFF,ON,Gasoline,0.998,OFF,OFF,0.684,ON,0.781,16.078,11,0,0.801,0.801,2.383,0.801,0.918,2.031
3078,47.843,0,16.078,15,0,0.051,OFF,ECT 5th,NA,OFF,97.790,97.878,14.118,0,Not Avl,0,0,0,0,ON,ON,0,0,1
3079,0,14.160,Not Avl,Compl,Compl,Unable,ON,Not Avl,Compl,Compl,Unable,OFF,38.281,35.938,30,30.625,19.531,39.551,15.686,31.765,0.781,1.582,ON,0
3080,OFF,ON,ON,0.999,1.002,0.004,0.008,3.308,3.313,0,97,51199.219,13.886,23.529,OFF,OFF,OFF,OFF,OFF,OFF,OFF,OFF,Avail,Incmpl
3081,Incmpl,Enable,Avail,484.200,325.100,484.200,325.100,ON,Avail,Compl,Enable,74,0,0,0,0,0,0,6,A,0,0,Avail,Incmpl
3082,Incmpl,Enable,OFF,OFF,846,1021,51199.219,51199.219,51199.219,51199.219,51199.219,51199.219,1GRFE ,48.235,Avail,Incmpl,Incmpl,Enable,7.996,ON,OFF,OFF,OFF,ON
3083,ON,Avail,Compl,Enable,Compl,CL,CL,Compl,Unable,Not Avl,Compl,Compl,Enable,OFF,0,15.500,76,ON,13.750,15,0.104,2334,18,21
3084,-3,OFF,0,4.688,5.710,OFF,0,0,59,Avail,Compl,Enable,0,GRN2#  ,2011,ON,0,ACTIVE,ACTIVE,0.962,0.947,0.720,0.740,53.820
3085,54.793,Avail,Compl,Avail,Incmpl,Incmpl,Enable,OBD II (California ARB),OFF,OFF,44.025,-0.055,OFF,0,OFF,1st,OFF,OFF,OFF,OFF,OFF,OFF,0,0
3086,ON,OFF,1000,0,OFF,OFF,OFF,ON,Gasoline,0.997,OFF,OFF,0.684,ON,0.625,16.078,9,0,0.801,0.801,2.383,0.801,0.918,2.031
3087,47.843,0,16.078,15,0,0.051,OFF,ECT 5th,NA,OFF,97.790,97.724,14.118,0,Not Avl,0,0,0,0,ON,ON,0,0,1
3088,0,14.166,Not Avl,Compl,Compl,Unable,ON,Not Avl,Compl,Compl,Unable,OFF,38.281,35.938,30,30.625,19.531,39.551,15.686,31.765,0.781,1.582,ON,0
3089,OFF,ON,ON,1.003,0.999,0.012,0,3.322,3.298,0,97,51199.219,13.886,23.529,OFF,OFF,OFF,OFF,OFF,OFF,OFF,OFF,Avail,Incmpl
3090,Incmpl,Enable,Avail,484.200,325.100,484.200,325.100,ON,Avail,Compl,Enable,74,0,0,0,0,0,0,6,A,0,0,Avail,Incmpl
3091,Incmpl,Enable,OFF,OFF,846,1032,51199.219,51199.219,51199.219,51199.219,51199.219,51199.219,1GRFE ,48.627,Avail,Incmpl,Incmpl,Enable,7.996,ON,OFF,OFF,OFF,ON
3092,ON,Avail,Compl,Enable,Compl,CL,CL,Compl,Unable,Not Avl,Compl,Compl,Enable,OFF,0,15.500,99,ON,13.750,15,0.104,2352,18,21
3093,-3,OFF,0,4.688,5.780,OFF,0,0,59,Avail,Compl,Enable,0,GRN2#  ,2011,ON,0,ACTIVE,ACTIVE,0.967,0.952,0.720,0.740,54.145
3094,54.793,Avail,Compl,Avail,Incmpl,Incmpl,Enable,OBD II (California ARB),OFF,OFF,44.025,-0.055,OFF,0,OFF,1st,OFF,OFF,OFF,OFF,OFF,OFF,0,0
3095,ON,OFF,1000,0,OFF,OFF,OFF,ON,Gasoline,0.996,OFF,OFF,0.684,ON,0.547,16.078,10,0,0.801,0.801,2.383,0.801,0.918,2.031
3096,47.843,0,16.078,15,0,0.051,OFF,ECT 5th,NA,OFF,97.790,97.680,14.118,0,Not Avl,0,0,0,0,ON,ON,0,0,1
3097,0,14.178,Not Avl,Compl,Compl,Unable,ON,Not Avl,Compl,Compl,Unable,OFF,38.281,35.938,30,30.625,19.531,39.551,15.686,31.765,0.781,1.582,ON,0
3098,OFF,ON,ON,0.998,0.999,0.004,0,3.308,3.293,0,97,51199.219,13.886,23.529,OFF,OFF,OFF,OFF,OFF,OFF,OFF,OFF,Avail,Incmpl
3099,Incmpl,Enable,Avail,484.200,325.100,484.200,325.100,ON,Avail,Compl,Enable,74,0,0,0,0,0,0,6,A,0,0,Avail,Incmpl
3100,Incmpl,Enable,OFF,OFF,847,1030.250,51199.219,51199.219,51199.219,51199.219,51199.219,51199.219,1GRFE ,48.627,Avail,Incmpl,Incmpl,Enable,7.996,ON,OFF,OFF,OFF,ON
3101,ON,Avail,Compl,Enable,Compl,CL,CL,Compl,Unable,Not Avl,Compl,Compl,Enable,OFF,0,15.500,122,ON,13.750,15,0.104,2352,18,21
3102,-3,OFF,0,4.688,5.780,OFF,0,0,64,Avail,Compl,Enable,0,GRN2#  ,2011,ON,0,ACTIVE,ACTIVE,0.962,0.947,0.720,0.740,54.145
3103,55.117,Avail,Compl,Avail,Incmpl,Incmpl,Enable,OBD II (California ARB),OFF,OFF,44.501,-0.055,OFF,0,OFF,1st,OFF,OFF,OFF,OFF,OFF,OFF,0,0
3104,ON,OFF,1000,0,OFF,OFF,OFF,ON,Gasoline,0.996,OFF,OFF,0.684,ON,0.391,16.078,6,0,0.801,0.801,2.383,0.801,0.918,2.031
3105,47.843,0,16.078,15,0,0.051,OFF,ECT 5th,NA,OFF,97.812,97.944,14.118,0,Not Avl,0,0,0,0,ON,ON,0,0,1
3106,0,14.164,Not Avl,Compl,Compl,Unable,ON,Not Avl,Compl,Compl,Unable,OFF,38.281,35.938,30,30.625,19.531,39.551,15.686,31.765,0.781,1.582,ON,0
3107,OFF,ON,ON,1.001,1.000,0.012,0,3.322,3.298,0,97,51199.219,13.886,23.529,OFF,OFF,OFF,OFF,OFF,OFF,OFF,OFF,Avail,Incmpl
3108,Incmpl,Enable,Avail,484.200,325.100,484.200,325.100,ON,Avail,Compl,Enable,74,0,0,0,0,0,0,6,A,0,0,Avail,Incmpl
3109,Incmpl,Enable,OFF,OFF,847,1027.250,51199.219,51199.219,51199.219,51199.219,51199.219,51199.219,1GRFE ,48.627,Avail,Incmpl,Incmpl,Enable,7.996,ON,OFF,OFF,OFF,ON
3110,ON,Avail,Compl,Enable,Compl,CL,CL,Compl,Unable,Not Avl,Compl,Compl,Enable,OFF,0,15.500,147,ON,13.750,15,0.105,2363,18,21
3111,-3,OFF,0,4.688,5.780,OFF,0,0,64,Avail,Compl,Enable,0,GRN2#  ,2011,ON,0,ACTIVE,ACTIVE,0.967,0.952,0.720,0.740,53.820
3112,55.117,Avail,Compl,Avail,Incmpl,Incmpl,Enable,OBD II (California ARB),OFF,OFF,44.501,-0.055,OFF,0,OFF,1st,OFF,OFF,OFF,OFF,OFF,OFF,0,0
3113,ON,OFF,1000,0,OFF,OFF,OFF,ON,Gasoline,0.995,OFF,OFF,0.684,ON,0.703,16.078,12,0,0.801,0.801,2.383,0.801,0.918,2.031
3114,47.843,0,16.078,15,0,0.051,OFF,ECT 5th,NA,OFF,97.812,97.922,14.118,0,Not Avl,0,0,0,0,ON,ON,0,0,1
3115,0,14.178,Not Avl,Compl,Compl,Unable,ON,Not Avl,Compl,Compl,Unable,OFF,38.281,40.625,30,30.625,19.531,39.551,15.686,31.765,0.781,1.582,ON,0
3116,OFF,ON,ON,0.996,0.998,0,0,3.293,3.293,0,97,51199.219,13.886,23.529,OFF,OFF,OFF,OFF,OFF,OFF,OFF,OFF,Avail,Incmpl
3117,Incmpl,Enable,Avail,484.100,325,484.100,325,ON,Avail,Compl,Enable,74,0,0,0,0,0,0,6,A,0,0,Avail,Incmpl
3118,Incmpl,Enable,OFF,OFF,848,1028,51199.219,51199.219,51199.219,51199.219,51199.219,51199.219,1GRFE ,48.627,Avail,Incmpl,Incmpl,Enable,7.996,ON,OFF,OFF,OFF,ON
3119,ON,Avail,Compl,Enable,Compl,CL,CL,Compl,Unable,Not Avl,Compl,Compl,Enable,OFF,0,15.500,172,ON,13.750,15,0.105,2341,18,21
3120,-3,OFF,0,4.688,5.750,OFF,0,0,64,Avail,Compl,Enable,0,GRN2#  ,2011,ON,0,ACTIVE,ACTIVE,0.967,0.952,0.720,0.740,54.145
3121,54.793,Avail,Compl,Avail,Incmpl,Incmpl,Enable,OBD II (California ARB),OFF,OFF,44.379,-0.055,OFF,0,OFF,1st,OFF,OFF,OFF,OFF,OFF,OFF,0,0
3122,ON,OFF,1000,0,OFF,OFF,OFF,ON,Gasoline,0.995,OFF,OFF,0.684,ON,0.781,16.078,12,0,0.801,0.801,2.383,0.801,0.918,2.031
3123,47.843,0,16.078,15,0,0.055,OFF,ECT 5th,NA,OFF,97.790,97.680,14.118,0,Not Avl,0,0,0,0,ON,ON,0,0,1
3124,0,14.175,Not Avl,Compl,Compl,Unable,ON,Not Avl,Compl,Compl,Unable,OFF,38.281,38.281,30,30.625,19.531,39.551,15.686,31.765,0.781,1.582,ON,0
3125,OFF,ON,ON,0.995,0.998,-0.004,0,3.288,3.298,0,97,51199.219,13.886,23.529,OFF,OFF,OFF,OFF,OFF,OFF,OFF,OFF,Avail,Incmpl
3126,Incmpl,Enable,Avail,484.100,325,484.100,325,ON,Avail,Compl,Enable,74,0,0,0,0,0,0,6,A,0,0,Avail,Incmpl
3127,Incmpl,Enable,OFF,OFF,848,1039,51199.219,51199.219,51199.219,51199.219,51199.219,51199.219,1GRFE ,48.627,Avail,Incmpl,Incmpl,Enable,7.996,ON,OFF,OFF,OFF,ON
3128,ON,Avail,Compl,Enable,Compl,CL,CL,Compl,Unable,Not Avl,Compl,Compl,Enable,OFF,0,15.500,195,ON,13.750,15,0.105,2334,18,21
3129,-3,OFF,0,4.688,5.780,OFF,0,0,64,Avail,Compl,Enable,0,GRN2#  ,2011,ON,0,ACTIVE,ACTIVE,0.967,0.952,0.720,0.740,53.820
3130,54.793,Avail,Compl,Avail,Incmpl,Incmpl,Enable,OBD II (California ARB),OFF,OFF,44.373,-0.055,OFF,0,OFF,1st,OFF,OFF,OFF,OFF,OFF,OFF,0,0
3131,ON,OFF,1000,0,OFF,OFF,OFF,ON,Gasoline,0.997,OFF,OFF,0.684,ON,0.781,16.078,12,0,0.801,0.801,2.383,0.801,0.918,2.031
3132,47.843,0,16.078,15,0,0.055,OFF,ECT 5th,NA,OFF,97.812,97.922,13.725,0,Not Avl,0,0,0,0,ON,ON,0,0,1
3133,0,14.177,Not Avl,Compl,Compl,Unable,ON,Not Avl,Compl,Compl,Unable,OFF,38.281,45.312,30,30.625,19.531,39.551,15.686,31.765,0.781,1.582,ON,0
3134,OFF,ON,ON,0.999,0.998,0.004,0,3.308,3.293,0,97,51199.219,13.886,23.529,OFF,OFF,OFF,OFF,OFF,OFF,OFF,OFF,Avail,Incmpl
3135,Incmpl,Enable,Avail,484.100,325,484.100,325,ON,Avail,Compl,Enable,74,0,0,0,0,0,0,6,A,0,0,Avail,Incmpl
3136,Incmpl,Enable,OFF,OFF,848,1041.250,51199.219,51199.219,51199.219,51199.219,51199.219,51199.219,1GRFE ,48.627,Avail,Incmpl,Incmpl,Enable,7.996,ON,OFF,OFF,OFF,ON
3137,ON,Avail,Compl,Enable,Compl,CL,CL,Compl,Unable,Not Avl,Compl,Compl,Enable,OFF,0,15.500,218,ON,13.750,15,0.105,2323,18,21
3138,-3,OFF,0,4.688,5.760,OFF,0,0,64,Avail,Compl,Enable,0,GRN2#  ,2011,ON,0,ACTIVE,ACTIVE,0.962,0.947,0.720,0.740,54.145
3139,54.793,Avail,Compl,Avail,Incmpl,Incmpl,Enable,OBD II (California ARB),OFF,OFF,44.257,-0.055,OFF,0,OFF,1st,OFF,OFF,OFF,OFF,OFF,OFF,0,0
3140,ON,OFF,1000,0,OFF,OFF,OFF,ON,Gasoline,0.999,OFF,OFF,0.684,ON,0.703,16.078,10,0,0.801,0.801,2.383,0.801,0.918,2.031
3141,47.843,0,16.078,15,0,0.055,OFF,ECT 5th,NA,OFF,97.768,97.680,13.725,0,Not Avl,0,0,0,0,ON,ON,0,0,1
3142,0,14.175,Not Avl,Compl,Compl,Unable,ON,Not Avl,Compl,Compl,Unable,OFF,38.281,40.625,30,30.625,19.531,39.551,15.686,31.765,0.781,1.582,ON,0
3143,OFF,ON,ON,1.001,0.998,0.012,0,3.322,3.293,0,97,51199.219,13.886,23.529,OFF,OFF,OFF,OFF,OFF,OFF,OFF,OFF,Avail,Incmpl
3144,Incmpl,Enable,Avail,484.100,325,484.100,325,ON,Avail,Compl,Enable,74,0,0,0,0,0,0,6,A,0,0,Avail,Incmpl
3145,Incmpl,Enable,OFF,OFF,849,1039,51199.219,51199.219,51199.219,51199.219,51199.219,51199.219,1GRFE ,48.627,Avail,Incmpl,Incmpl,Enable,7.996,ON,OFF,OFF,OFF,ON
3146,ON,Avail,Compl,Enable,Compl,CL,CL,Compl,Unable,Not Avl,Compl,Compl,Enable,OFF,0,15.500,242,ON,13.750,15,0.105,2330,18,21
3147,-3,OFF,0,4.688,5.780,OFF,0,0,69,Avail,Compl,Enable,0,GRN2#  ,2011,ON,0,ACTIVE,ACTIVE,0.967,0.952,0.720,0.740,53.820
3148,55.117,Avail,Compl,Avail,Incmpl,Incmpl,Enable,OBD II (California ARB),OFF,OFF,44.373,-0.055,OFF,0,OFF,1st,OFF,OFF,OFF,OFF,OFF,OFF,0,0
3149,ON,OFF,1000,0,OFF,OFF,OFF,ON,Gasoline,0.997,OFF,OFF,0.684,ON,0.547,16.078,9,0,0.801,0.801,2.383,0.801,0.918,2.031
3150,47.843,0,16.078,15,0,0.055,OFF,ECT 5th,NA,OFF,97.768,97.702,13.725,0,Not Avl,0,0,0,0,ON,ON,0,0,1
3151,0,14.160,Not Avl,Compl,Compl,Unable,ON,Not Avl,Compl,Compl,Unable,OFF,38.281,38.281,30,30.625,19.531,39.551,15.686,31.765,0.781,1.582,ON,0
3152,OFF,ON,ON,0.998,0.996,0.008,-0.008,3.313,3.283,0,97,51199.219,13.886,23.529,OFF,OFF,OFF,OFF,OFF,OFF,OFF,OFF,Avail,Incmpl
3153,Incmpl,Enable,Avail,484.100,325,484.100,325,ON,Avail,Compl,Enable,74,0,0,0,0,0,0,6,A,0,0,Avail,Incmpl
3154,Incmpl,Enable,OFF,OFF,849,1028.750,51199.219,51199.219,51199.219,51199.219,51199.219,51199.219,1GRFE ,48.627,Avail,Incmpl,Incmpl,Enable,7.996,ON,OFF,OFF,OFF,ON
3155,ON,Avail,Compl,Enable,Compl,CL,CL,Compl,Unable,Not Avl,Compl,Compl,Enable,OFF,0,15.500,266,ON,13.750,15,0.104,2344,18,21
3156,-3,OFF,0,4.688,5.780,OFF,0,0,69,Avail,Compl,Enable,0,GRN2#  ,2011,ON,0,ACTIVE,ACTIVE,0.962,0.947,0.720,0.740,53.820
3157,54.793,Avail,Compl,Avail,Incmpl,Incmpl,Enable,OBD II (California ARB),OFF,OFF,44.141,-0.055,OFF,0,OFF,1st,OFF,OFF,OFF,OFF,OFF,OFF,0,0
3158,ON,OFF,1000,0,OFF,OFF,OFF,ON,Gasoline,0.997,OFF,OFF,0.684,ON,0.703,16.078,11,0,0.801,0.801,2.383,0.801,0.918,2.031
3159,47.843,0,16.078,15,0,0.055,OFF,ECT 5th,NA,OFF,97.768,97.658,14.118,0,Not Avl,0,0,0,0,ON,ON,0,0,1
3160,0,14.178,Not Avl,Compl,Compl,Unable,ON,Not Avl,Compl,Compl,Unable,OFF,38.281,38.281,30,30.625,19.531,39.551,15.686,31.765,0.781,1.582,ON,0
3161,OFF,ON,ON,0.996,0.995,0,-0.008,3.293,3.283,0,97,51199.219,13.886,23.529,OFF,OFF,OFF,OFF,OFF,OFF,OFF,OFF,Avail,Incmpl
3162,Incmpl,Enable,Avail,484.100,325,484.100,325,ON,Avail,Compl,Enable,74,0,0,0,0,0,0,6,A,0,0,Avail,Incmpl
3163,Incmpl,Enable,OFF,OFF,850,1031.250,51199.219,51199.219,51199.219,51199.219,51199.219,51199.219,1GRFE ,48.627,Avail,Incmpl,Incmpl,Enable,7.996,ON,OFF,OFF,OFF,ON
3164,ON,Avail,Compl,Enable,Compl,CL,CL,Compl,Unable,Not Avl,Compl,Compl,Enable,OFF,0,15.500,287,ON,13.750,15,0.104,2344,18,21
3165,-3,OFF,0,4.688,5.790,OFF,0,0,54,Avail,Compl,Enable,0,GRN2#  ,2011,ON,0,ACTIVE,ACTIVE,0.967,0.947,0.720,0.740,54.145
3166,54.793,Avail,Compl,Avail,Incmpl,Incmpl,Enable,OBD II (California ARB),OFF,OFF,44.379,-0.055,OFF,0,OFF,1st,OFF,OFF,OFF,OFF,OFF,OFF,0,0
3167,ON,OFF,1000,0,OFF,OFF,OFF,ON,Gasoline,0.997,OFF,OFF,0.684,ON,0.547,16.078,8,0,0.801,0.801,2.383,0.801,0.918,2.031
3168,47.843,0,16.078,15,0,0.051,OFF,ECT 5th,NA,OFF,97.768,97.724,14.118,0,Not Avl,0,0,0,0,ON,ON,0,0,1
3169,0,14.178,Not Avl,Compl,Compl,Unable,ON,Not Avl,Compl,Compl,Unable,OFF,38.281,38.281,30,30.625,19.531,39.551,15.686,31.765,0.781,1.582,ON,0
3170,OFF,ON,ON,0.997,0.998,0,0,3.298,3.293,0,97,51199.219,13.886,23.529,OFF,OFF,OFF,OFF,OFF,OFF,OFF,OFF,Avail,Incmpl
3171,Incmpl,Enable,Avail,484.100,325,484.100,325,ON,Avail,Compl,Enable,74,0,0,0,0,0,0,6,A,0,0,Avail,Incmpl
3172,Incmpl,Enable,OFF,OFF,850,1035,51199.219,51199.219,51199.219,51199.219,51199.219,51199.219,1GRFE ,48.627,Avail,Incmpl,Incmpl,Enable,7.996,ON,OFF,OFF,OFF,ON
3173,ON,Avail,Compl,Enable,Compl,CL,CL,Compl,Unable,Not Avl,Compl,Compl,Enable,OFF,0,15.500,306,ON,13.750,15,0.104,2337,18,21
3174,-3,OFF,0,4.688,5.780,OFF,0,0,54,Avail,Compl,Enable,0,GRN2#  ,2011,ON,0,ACTIVE,ACTIVE,0.967,0.947,0.720,0.740,53.820
3175,54.793,Avail,Compl,Avail,Incmpl,Incmpl,Enable,OBD II (California ARB),OFF,OFF,44.373,-0.055,OFF,0,OFF,1st,OFF,OFF,OFF,OFF,OFF,OFF,0,0
3176,ON,OFF,1000,0,OFF,OFF,OFF,ON,Gasoline,0.999,OFF,OFF,0.684,ON,0.703,16.078,11,0,0.801,0.801,2.383,0.801,0.918,2.031
3177,47.843,0,16.078,15,0,0.051,OFF,ECT 5th,NA,OFF,97.768,97.680,14.118,0,Not Avl,0,0,0,0,ON,ON,0,0,1
3178,0,14.177,Not Avl,Compl,Compl,Unable,ON,Not Avl,Compl,Compl,Unable,OFF,38.281,38.281,30,30.625,19.531,39.551,15.686,31.765,0.781,1.582,ON,0
3179,OFF,ON,ON,1.001,0.999,0.012,0,3.318,3.303,0,97,51199.219,13.886,23.529,OFF,OFF,OFF,OFF,OFF,OFF,OFF,OFF,Avail,Incmpl
3180,Incmpl,Enable,Avail,484.100,325,484.100,325,ON,Avail,Compl,Enable,74,0,0,0,0,0,0,6,A,0,0,Avail,Incmpl
3181,Incmpl,Enable,OFF,OFF,850,1035,51199.219,51199.219,51199.219,51199.219,51199.219,51199.219,1GRFE ,48.627,Avail,Incmpl,Incmpl,Enable,7.996,ON,OFF,OFF,OFF,ON
3182,ON,Avail,Compl,Enable,Compl,CL,CL,Compl,Unable,Not Avl,Compl,Compl,Enable,OFF,0,15.500,324,ON,13.750,15,0.105,2337,18,21
3183,-3,OFF,0,4.688,5.780,OFF,0,0,54,Avail,Compl,Enable,0,GRN2#  ,2011,ON,0,ACTIVE,Not Act,0.962,0.947,0.720,0.740,53.820
3184,54.469,Avail,Compl,Avail,Incmpl,Incmpl,Enable,OBD II (California ARB),OFF,OFF,44.263,-0.055,OFF,0,OFF,1st,OFF,OFF,OFF,OFF,OFF,OFF,0,0
3185,ON,OFF,1000,0,OFF,OFF,OFF,ON,Gasoline,0.999,OFF,OFF,0.684,ON,0.703,16.078,11,0,0.801,0.801,2.383,0.801,0.918,2.031
3186,47.843,0,16.078,15,0,0.051,OFF,ECT 5th,NA,OFF,97.768,97.702,14.118,0,Not Avl,0,0,0,0,ON,ON,0,0,1
3187,0,14.164,Not Avl,Compl,Compl,Unable,ON,Not Avl,Compl,Compl,Unable,OFF,38.281,38.281,30,30.625,19.531,39.551,15.686,31.765,0.781,1.582,ON,0
3188,OFF,ON,ON,0.997,1.000,0,0,3.303,3.303,0,97,51199.219,13.886,23.529,OFF,OFF,OFF,OFF,OFF,OFF,OFF,OFF,Avail,Incmpl
3189,Incmpl,Enable,Avail,484,324.900,484,324.900,ON,Avail,Compl,Enable,74,0,0,0,0,0,0,6,A,0,0,Avail,Incmpl
3190,Incmpl,Enable,OFF,OFF,851,1026.500,51199.219,51199.219,51199.219,51199.219,51199.219,51199.219,1GRFE ,48.627,Avail,Incmpl,Incmpl,Enable,7.996,ON,OFF,OFF,OFF,ON
3191,ON,Avail,Compl,Enable,Compl,CL,CL,Compl,Unable,Not Avl,Compl,Compl,Enable,OFF,0,15.500,344,ON,13.750,15,0.105,2352,18,21
3192,-3,OFF,0,4.688,5.710,OFF,0,0,71,Avail,Compl,Enable,0,GRN2#  ,2011,ON,0,Not Act,ACTIVE,0.967,0.952,0.720,0.740,54.145
3193,54.793,Avail,Compl,Avail,Incmpl,Incmpl,Enable,OBD II (California ARB),OFF,OFF,44.501,-0.055,OFF,0,OFF,1st,OFF,OFF,OFF,OFF,OFF,OFF,0,0
3194,ON,OFF,1000,0,OFF,OFF,OFF,ON,Gasoline,0.999,OFF,OFF,0.684,ON,0.781,16.078,12,0,0.801,0.801,2.383,0.801,0.918,2.031
3195,47.843,0,16.078,15,0,0.051,OFF,ECT 5th,NA,OFF,97.790,97.834,13.725,0,Not Avl,0,0,0,0,ON,ON,0,0,1
3196,0,14.169,Not Avl,Compl,Compl,Unable,ON,Not Avl,Compl,Compl,Unable,OFF,38.281,38.281,30,30.625,19.531,39.551,15.686,31.765,0.781,1.582,ON,0
3197,OFF,ON,ON,0.997,0.996,0,-0.012,3.303,3.279,0,97,51199.219,13.886,23.529,OFF,OFF,OFF,OFF,OFF,OFF,OFF,OFF,Avail,Incmpl
3198,Incmpl,Enable,Avail,484,324.900,484,324.900,ON,Avail,Compl,Enable,74,0,0,0,0,0,0,6,A,0,0,Avail,Incmpl
3199,Incmpl,Enable,OFF,OFF,851,1029.500,51199.219,51199.219,51199.219,51199.219,51199.219,51199.219,1GRFE ,48.627,Avail,Incmpl,Incmpl,Enable,7.996,ON,OFF,OFF,OFF,ON
3200,ON,Avail,Compl,Enable,Compl,CL,CL,Compl,Unable,Not Avl,Compl,Compl,Enable,OFF,0,15.500,367,ON,13.750,15,0.105,2348,18,21
3201,-3,OFF,0,4.688,5.780,OFF,0,0,71,Avail,Compl,Enable,0,GRN2#  ,2011,ON,0,ACTIVE,ACTIVE,0.967,0.947,0.720,0.740,54.145
3202,54.793,Avail,Compl,Avail,Incmpl,Incmpl,Enable,OBD II (California ARB),OFF,OFF,44.379,-0.055,OFF,0,OFF,1st,OFF,OFF,OFF,OFF,OFF,OFF,0,0
3203,ON,OFF,1000,0,OFF,OFF,OFF,ON,Gasoline,1.000,OFF,OFF,0.684,ON,0.469,16.078,7,0,0.801,0.801,2.383,0.801,0.918,2.031
3204,47.843,0,16.078,15,0,0.051,OFF,ECT 5th,NA,OFF,97.790,97.746,14.118,0,Not Avl,0,0,0,0,ON,ON,0,0,1
3205,0,14.164,Not Avl,Compl,Compl,Unable,ON,Not Avl,Compl,Compl,Unable,OFF,38.281,38.281,30,30.625,19.531,39.551,15.686,31.765,0.781,1.582,ON,0
3206,OFF,ON,ON,0.997,0.997,0,-0.004,3.303,3.288,0,97,51199.219,13.886,23.529,OFF,OFF,OFF,OFF,OFF,OFF,OFF,OFF,Avail,Incmpl
3207,Incmpl,Enable,Avail,484,324.900,484,324.900,ON,Avail,Compl,Enable,74,0,0,0,0,0,0,6,A,0,0,Avail,Incmpl
3208,Incmpl,Enable,OFF,OFF,852,1025.750,51199.219,51199.219,51199.219,51199.219,51199.219,51199.219,1GRFE ,48.627,Avail,Incmpl,Incmpl,Enable,7.996,ON,OFF,OFF,OFF,ON
3209,ON,Avail,Compl,Enable,Compl,CL,CL,Compl,Unable,Not Avl,Compl,Compl,Enable,OFF,0,15.500,392,ON,13.750,15,0.105,2359,18,21
3210,-3,OFF,0,4.688,5.760,OFF,0,0,67,Avail,Compl,Enable,0,GRN2#  ,2011,ON,0,ACTIVE,ACTIVE,0.967,0.947,0.720,0.740,54.145
3211,54.793,Avail,Compl,Avail,Incmpl,Incmpl,Enable,OBD II (California ARB),OFF,OFF,44.501,-0.055,OFF,0,OFF,1st,OFF,OFF,OFF,OFF,OFF,OFF,-0.781,-0.781
3212,ON,OFF,1000,0,OFF,OFF,OFF,ON,Gasoline,1.000,OFF,OFF,0.684,ON,0.703,16.078,11,0,0.801,0.801,2.383,0.801,0.918,2.031
3213,47.843,0,16.078,15,0,0.051,OFF,ECT 5th,NA,OFF,97.790,97.878,14.118,0,Not Avl,0,0,0,0,ON,ON,0,0,1
3214,0,14.180,Not Avl,Compl,Compl,Unable,ON,Not Avl,Compl,Compl,Unable,OFF,38.281,38.281,30,30.625,19.531,39.551,15.686,31.765,0.781,1.582,ON,0
3215,OFF,ON,ON,1.000,0.997,0.012,0,3.318,3.293,0,97,51199.219,13.886,23.529,OFF,OFF,OFF,OFF,OFF,OFF,OFF,OFF,Avail,Incmpl
3216,Incmpl,Enable,Avail,484,324.900,484,324.900,ON,Avail,Compl,Enable,74,0,0,0,0,0,0,6,A,0,0,Avail,Incmpl
3217,Incmpl,Enable,OFF,OFF,852,1037.500,51199.219,51199.219,51199.219,51199.219,51199.219,51199.219,1GRFE ,48.627,Avail,Incmpl,Incmpl,Enable,7.996,ON,OFF,OFF,OFF,ON
3218,ON,Avail,Compl,Enable,Compl,CL,CL,Compl,Unable,Not Avl,Compl,Compl,Enable,OFF,0,15.500,417,ON,13.750,15,0.105,2337,18,21
3219,-3,OFF,0,4.688,5.780,OFF,0,0,67,Avail,Compl,Enable,0,GRN2#  ,2011,ON,0,ACTIVE,ACTIVE,0.967,0.952,0.720,0.740,54.145
3220,54.793,Avail,Compl,Avail,Incmpl,Incmpl,Enable,OBD II (California ARB),OFF,OFF,44.373,-0.055,OFF,0,OFF,1st,OFF,OFF,OFF,OFF,OFF,OFF,0,-0.781
3221,ON,OFF,1000,0,OFF,OFF,OFF,ON,Gasoline,1.000,OFF,OFF,0.684,ON,0.547,16.078,9,0,0.801,0.801,2.383,0.801,0.918,2.031
3222,47.843,0,16.078,15,0,0.051,OFF,ECT 5th,NA,OFF,97.790,97.702,13.725,0,Not Avl,0,0,0,0,ON,ON,0,0,1
3223,0,14.160,Not Avl,Compl,Compl,Unable,ON,Not Avl,Compl,Compl,Unable,OFF,38.281,38.281,30,30.625,19.531,39.551,15.686,31.765,0.781,1.582,ON,0
3224,OFF,ON,ON,0.999,1.000,0.008,0.004,3.313,3.308,0,97,51199.219,13.886,23.529,OFF,OFF,OFF,OFF,OFF,OFF,OFF,OFF,Avail,Incmpl
3225,Incmpl,Enable,Avail,484,324.800,484,324.800,ON,Avail,Compl,Enable,74,0,0,0,0,0,0,6,A,0,0,Avail,Incmpl
3226,Incmpl,Enable,OFF,OFF,853,1039.750,51199.219,51199.219,51199.219,51199.219,51199.219,51199.219,1GRFE ,48.627,Avail,Incmpl,Incmpl,Enable,7.996,ON,OFF,OFF,OFF,ON
3227,ON,Avail,Compl,Enable,Compl,CL,CL,Compl,Unable,Not Avl,Compl,Compl,Enable,OFF,0,15.500,442,ON,13.750,15,0.105,2315,18,21
3228,-3,OFF,0,4.688,5.710,OFF,0,0,60,Avail,Compl,Enable,0,GRN2#  ,2011,ON,0,ACTIVE,ACTIVE,0.967,0.947,0.720,0.740,54.145
3229,54.469,Avail,Compl,Avail,Incmpl,Incmpl,Enable,OBD II (California ARB),OFF,OFF,44.373,-0.055,OFF,0,OFF,1st,OFF,OFF,OFF,OFF,OFF,OFF,0,-0.781
3230,ON,OFF,1000,0,OFF,OFF,OFF,ON,Gasoline,1.000,OFF,OFF,0.684,ON,0.703,16.078,11,0,0.801,0.801,2.383,0.801,0.918,2.031
3231,47.843,0,16.078,15,0,0.051,OFF,ECT 5th,NA,OFF,97.812,97.834,13.725,0,Not Avl,0,0,0,0,ON,ON,0,0,1
3232,0,14.178,Not Avl,Compl,Compl,Unable,ON,Not Avl,Compl,Compl,Unable,OFF,38.281,38.281,30,30.625,19.531,39.551,15.686,31.765,0.781,1.582,ON,0
3233,OFF,ON,ON,0.999,1.003,0.004,0.012,3.308,3.322,0,97,51199.219,13.886,23.529,OFF,OFF,OFF,OFF,OFF,OFF,OFF,OFF,Avail,Incmpl
3234,Incmpl,Enable,Avail,484,324.800,484,324.800,ON,Avail,Compl,Enable,74,0,0,0,0,0,0,6,A,0,0,Avail,Incmpl
3235,Incmpl,Enable,OFF,OFF,853,1038.250,51199.219,51199.219,51199.219,51199.219,51199.219,51199.219,1GRFE ,48.627,Avail,Incmpl,Incmpl,Enable,7.996,ON,OFF,OFF,OFF,ON
3236,ON,Avail,Compl,Enable,Compl,CL,CL,Compl,Unable,Not Avl,Compl,Compl,Enable,OFF,0,15.500,465,ON,13.750,15,0.105,2334,18,21
3237,-3,OFF,0,4.688,5.730,OFF,0,0,60,Avail,Compl,Enable,0,GRN2#  ,2011,ON,0,ACTIVE,ACTIVE,0.967,0.947,0.720,0.740,54.145
3238,55.117,Avail,Compl,Avail,Incmpl,Incmpl,Enable,OBD II (California ARB),OFF,OFF,44.141,-0.055,OFF,0,OFF,1st,OFF,OFF,OFF,OFF,OFF,OFF,0,0
3239,ON,OFF,1000,0,OFF,OFF,OFF,ON,Gasoline,1.000,OFF,OFF,0.684,ON,0.703,16.078,11,0,0.801,0.801,2.383,0.801,0.918,2.031
3240,47.843,0,16.078,15,0,0.051,OFF,ECT 5th,NA,OFF,97.790,97.702,13.725,0,Not Avl,0,0,0,0,ON,ON,0,0,1
3241,0,14.174,Not Avl,Compl,Compl,Unable,ON,Not Avl,Compl,Compl,Unable,OFF,38.281,38.281,30,30.625,19.531,39.551,15.686,31.765,0.781,1.582,ON,0
3242,OFF,ON,ON,0.998,0.999,0.004,0,3.308,3.298,0,97,51199.219,13.886,23.529,OFF,OFF,OFF,OFF,OFF,OFF,OFF,OFF,Avail,Incmpl
3243,Incmpl,Enable,Avail,484,324.800,484,324.800,ON,Avail,Compl,Enable,74,0,0,0,0,0,0,6,A,0,0,Avail,Incmpl
3244,Incmpl,Enable,OFF,OFF,854,1033.500,51199.219,51199.219,51199.219,51199.219,51199.219,51199.219,1GRFE ,48.627,Avail,Incmpl,Incmpl,Enable,7.996,ON,OFF,OFF,OFF,ON
3245,ON,Avail,Compl,Enable,Compl,CL,CL,Compl,Unable,Not Avl,Compl,Compl,Enable,OFF,0,15.500,489,ON,13.750,15,0.104,2344,18,21
3246,-3,OFF,0,4.688,5.780,OFF,0,0,60,Avail,Compl,Enable,0,GRN2#  ,2011,ON,0,ACTIVE,ACTIVE,0.967,0.952,0.720,0.740,54.145
3247,55.117,Avail,Compl,Avail,Incmpl,Incmpl,Enable,OBD II (California ARB),OFF,OFF,44.263,-0.055,OFF,0,OFF,1st,OFF,OFF,OFF,OFF,OFF,OFF,0,0
3248,ON,OFF,1000,0,OFF,OFF,OFF,ON,Gasoline,1.002,OFF,OFF,0.684,ON,0.625,16.078,10,0,0.801,0.801,2.383,0.801,0.918,2.031
3249,47.843,0,16.078,15,0,0.051,OFF,ECT 5th,NA,OFF,97.812,97.790,14.118,0,Not Avl,0,0,0,0,ON,ON,0,0,1
3250,0,14.169,Not Avl,Compl,Compl,Unable,ON,Not Avl,Compl,Compl,Unable,OFF,38.281,38.281,30,30.625,19.531,39.551,15.686,31.765,0.781,1.582,ON,0
3251,OFF,ON,ON,0.995,0.996,0,-0.004,3.293,3.288,0,97,51199.219,13.886,23.529,OFF,OFF,OFF,OFF,OFF,OFF,OFF,OFF,Avail,Incmpl
3252,Incmpl,Enable,Avail,484,324.800,484,324.800,ON,Avail,Compl,Enable,74,0,0,0,0,0,0,6,A,0,0,Avail,Incmpl
3253,Incmpl,Enable,OFF,OFF,854,1028,51199.219,51199.219,51199.219,51199.219,51199.219,51199.219,1GRFE ,48.627,Avail,Incmpl,Incmpl,Enable,7.996,ON,OFF,OFF,OFF,ON
3254,ON,Avail,Compl,Enable,Compl,CL,CL,Compl,Unable,Not Avl,Compl,Compl,Enable,OFF,0,15.500,513,ON,13.750,15,0.104,2348,18,21
3255,-3,OFF,0,4.688,5.780,OFF,0,0,57,Avail,Compl,Enable,0,GRN2#  ,2011,ON,0,ACTIVE,ACTIVE,0.967,0.952,0.720,0.740,54.469
3256,54.793,Avail,Compl,Avail,Incmpl,Incmpl,Enable,OBD II (California ARB),OFF,OFF,44.379,-0.055,OFF,0,OFF,1st,OFF,OFF,OFF,OFF,OFF,OFF,-0.781,-0.781
3257,ON,OFF,1000,0,OFF,OFF,OFF,ON,Gasoline,1.001,OFF,OFF,0.684,ON,0.625,16.078,12,0,0.801,0.801,2.383,0.801,0.918,2.031
3258,47.843,0,16.078,15,0,0.047,OFF,ECT 5th,NA,OFF,97.790,97.834,14.118,0,Not Avl,0,0,0,0,ON,ON,0,0,1
3259,0,14.178,Not Avl,Compl,Compl,Unable,ON,Not Avl,Compl,Compl,Unable,OFF,38.281,38.281,30,30.625,19.531,39.551,15.686,31.765,0.781,1.582,ON,0
3260,OFF,ON,ON,1.001,0.997,0.016,0,3.327,3.293,0,97,51199.219,13.906,23.529,OFF,OFF,OFF,OFF,OFF,OFF,OFF,OFF,Avail,Incmpl
3261,Incmpl,Enable,Avail,484,324.800,484,324.800,ON,Avail,Compl,Enable,74,0,0,0,0,0,0,6,A,0,0,Avail,Incmpl
3262,Incmpl,Enable,OFF,OFF,855,1031.250,51199.219,51199.219,51199.219,51199.219,51199.219,51199.219,1GRFE ,48.627,Avail,Incmpl,Incmpl,Enable,7.996,ON,OFF,OFF,OFF,ON
3263,ON,Avail,Compl,Enable,Compl,CL,CL,Compl,Unable,Not Avl,Compl,Compl,Enable,OFF,0,15.500,537,ON,13.750,15,0.104,2337,18,21
3264,-3,OFF,0,4.688,5.780,OFF,0,0,57,Avail,Compl,Enable,0,GRN2#  ,2011,ON,0,Not Act,ACTIVE,0.967,0.952,0.720,0.740,54.145
3265,54.145,Avail,Compl,Avail,Incmpl,Incmpl,Enable,OBD II (California ARB),OFF,OFF,44.257,-0.055,OFF,0,OFF,1st,OFF,OFF,OFF,OFF,OFF,OFF,0,-0.781
3266,ON,OFF,1000,0,OFF,OFF,OFF,ON,Gasoline,1.003,OFF,OFF,0.684,ON,0.703,16.078,11,0,0.801,0.801,2.383,0.801,0.918,2.031
3267,47.843,0,16.078,15,0,0.047,OFF,ECT 5th,NA,OFF,97.790,97.746,14.118,0,Not Avl,0,0,0,0,ON,ON,0,0,1
3268,0,14.178,Not Avl,Compl,Compl,Unable,ON,Not Avl,Compl,Compl,Unable,OFF,38.281,38.281,30,30.625,19.531,39.551,15.686,31.765,0.781,1.582,ON,0
3269,OFF,ON,ON,0.998,0.999,0.004,0,3.308,3.303,0,97,51199.219,13.886,23.529,OFF,OFF,OFF,OFF,OFF,OFF,OFF,OFF,Avail,Incmpl
3270,Incmpl,Enable,Avail,484,324.800,484,324.800,ON,Avail,Compl,Enable,74,0,0,0,0,0,0,6,A,0,0,Avail,Incmpl
3271,Incmpl,Enable,OFF,OFF,855,1034.250,51199.219,51199.219,51199.219,51199.219,51199.219,51199.219,1GRFE ,48.627,Avail,Incmpl,Incmpl,Enable,7.996,ON,OFF,OFF,OFF,ON
3272,ON,Avail,Compl,Enable,Compl,CL,CL,Compl,Unable,Not Avl,Compl,Compl,Enable,OFF,0,15.500,563,ON,13.750,15,0.105,2348,18,21
3273,-3,OFF,0,4.688,5.780,OFF,0,0,77,Avail,Compl,Enable,0,GRN2#  ,2011,ON,0,ACTIVE,ACTIVE,0.967,0.952,0.720,0.740,54.145
3274,55.117,Avail,Compl,Avail,Incmpl,Incmpl,Enable,OBD II (California ARB),OFF,OFF,44.379,-0.055,OFF,0,OFF,1st,OFF,OFF,OFF,OFF,OFF,OFF,0,-0.781
3275,ON,OFF,1000,0,OFF,OFF,OFF,ON,Gasoline,1.002,OFF,OFF,0.684,ON,0.703,16.078,11,0,0.801,0.801,2.383,0.801,0.918,2.031
3276,47.843,0,16.078,15,0,0.047,OFF,ECT 5th,NA,OFF,97.812,97.856,14.118,0,Not Avl,0,0,0,0,ON,ON,0,0,1
3277,0,14.178,Not Avl,Compl,Compl,Unable,ON,Not Avl,Compl,Compl,Unable,OFF,38.281,38.281,30,30.625,19.531,39.551,15.686,31.765,0.781,1.582,ON,0
3278,OFF,ON,ON,0.999,0.997,0.008,-0.004,3.313,3.288,0,97,51199.219,13.867,23.529,OFF,OFF,OFF,OFF,OFF,OFF,OFF,OFF,Avail,Incmpl
3279,Incmpl,Enable,Avail,484,324.800,484,324.800,ON,Avail,Compl,Enable,74,0,0,0,0,0,0,6,A,0,0,Avail,Incmpl
3280,Incmpl,Enable,OFF,OFF,855,1033.500,51199.219,51199.219,51199.219,51199.219,51199.219,51199.219,1GRFE ,48.627,Avail,Incmpl,Incmpl,Enable,7.996,ON,OFF,OFF,OFF,ON
3281,ON,Avail,Compl,Enable,Compl,CL,CL,Compl,Unable,Not Avl,Compl,Compl,Enable,OFF,0,15.500,584,ON,13.750,15,0.105,2345,18,21
3282,-3,OFF,0,4.688,5.750,OFF,0,0,77,Avail,Compl,Enable,0,GRN2#  ,2011,ON,0,ACTIVE,ACTIVE,0.967,0.947,0.720,0.740,54.145
3283,55.117,Avail,Compl,Avail,Incmpl,Incmpl,Enable,OBD II (California ARB),OFF,OFF,44.373,-0.055,OFF,0,OFF,1st,OFF,OFF,OFF,OFF,OFF,OFF,0,-0.781
3284,ON,OFF,1000,0,OFF,OFF,OFF,ON,Gasoline,1.002,OFF,OFF,0.684,ON,0.781,16.078,12,0,0.801,0.801,2.383,0.801,0.918,2.031
3285,47.843,0,16.078,15,0,0.047,OFF,ECT 5th,NA,OFF,97.790,97.724,13.725,0,Not Avl,0,0,0,0,ON,ON,0,0,1
3286,0,14.160,Not Avl,Compl,Compl,Unable,ON,Not Avl,Compl,Compl,Unable,OFF,38.281,38.281,30,30.625,19.531,39.551,15.686,31.765,0.781,1.582,ON,0
3287,OFF,ON,ON,0.996,0.998,0,0,3.298,3.293,0,97,51199.219,13.886,23.529,OFF,OFF,OFF,OFF,OFF,OFF,OFF,OFF,Avail,Incmpl
3288,Incmpl,Enable,Avail,484,324.700,484,324.700,ON,Avail,Compl,Enable,74,0,0,0,0,0,0,6,A,0,0,Avail,Incmpl
3289,Incmpl,Enable,OFF,OFF,856,1028.750,51199.219,51199.219,51199.219,51199.219,51199.219,51199.219,1GRFE ,48.627,Avail,Incmpl,Incmpl,Enable,7.996,ON,OFF,OFF,OFF,ON
3290,ON,Avail,Compl,Enable,Compl,CL,CL,Compl,Unable,Not Avl,Compl,Compl,Enable,OFF,0,15.500,2,ON,13.750,15,0.105,2341,18,21
3291,-3,OFF,0,4.688,5.780,OFF,0,0,69,Avail,Compl,Enable,0,GRN2#  ,2011,ON,0,ACTIVE,ACTIVE,0.967,0.952,0.720,0.740,54.145
3292,55.117,Avail,Compl,Avail,Incmpl,Incmpl,Enable,OBD II (California ARB),OFF,OFF,44.263,-0.055,OFF,0,OFF,1st,OFF,OFF,OFF,OFF,OFF,OFF,-0.781,-0.781
3293,ON,OFF,1000,0,OFF,OFF,OFF,ON,Gasoline,1.002,OFF,OFF,0.684,ON,0.781,16.078,12,0,0.801,0.801,2.383,0.801,0.918,2.031
3294,47.843,0,16.078,15,-0.004,0.047,OFF,ECT 5th,NA,OFF,97.790,97.680,14.118,0,Not Avl,0,0,0,0,ON,ON,0,0,1
3295,0,14.160,Not Avl,Compl,Compl,Unable,ON,Not Avl,Compl,Compl,Unable,OFF,38.281,38.281,30.625,30.625,19.531,39.551,15.686,31.765,0.781,1.582,ON,0
3296,OFF,ON,ON,1.002,0.998,0.020,0,3.332,3.298,0,97,51199.219,13.886,23.529,OFF,OFF,OFF,OFF,OFF,OFF,OFF,OFF,Avail,Incmpl
3297,Incmpl,Enable,Avail,484,324.700,484,324.700,ON,Avail,Compl,Enable,74,0,0,0,0,0,0,6,A,0,0,Avail,Incmpl
3298,Incmpl,Enable,OFF,OFF,856,1035,51199.219,51199.219,51199.219,51199.219,51199.219,51199.219,1GRFE ,48.627,Avail,Incmpl,Incmpl,Enable,7.996,ON,OFF,OFF,OFF,ON
3299,ON,Avail,Compl,Enable,Compl,CL,CL,Compl,Unable,Not Avl,Compl,Compl,Enable,OFF,0,15.500,20,ON,13.750,15,0.105,2341,18,21
3300,-3,OFF,0,4.688,5.780,OFF,0,0,69,Avail,Compl,Enable,0,GRN2#  ,2011,ON,0,ACTIVE,ACTIVE,0.967,0.947,0.720,0.740,54.145
3301,54.793,Avail,Compl,Avail,Incmpl,Incmpl,Enable,OBD II (California ARB),OFF,OFF,44.379,-0.055,OFF,0,OFF,1st,OFF,OFF,OFF,OFF,OFF,OFF,0,-0.781
3302,ON,OFF,1000,0,OFF,OFF,OFF,ON,Gasoline,1.002,OFF,OFF,0.684,ON,0.703,16.078,11,0,0.801,0.801,2.383,0.801,0.918,2.031
3303,47.843,0,16.078,15,-0.004,0.047,OFF,ECT 5th,NA,OFF,97.790,97.746,14.118,0,Not Avl,0,0,0,0,ON,ON,0,0,1
3304,0,14.178,Not Avl,Compl,Compl,Unable,ON,Not Avl,Compl,Compl,Unable,OFF,38.281,38.281,30.625,30.625,19.531,39.551,15.686,31.765,0.781,1.582,ON,0
3305,OFF,ON,ON,0.997,1.002,0,0.012,3.298,3.318,0,97,51199.219,13.886,23.529,OFF,OFF,OFF,OFF,OFF,OFF,OFF,OFF,Avail,Incmpl
3306,Incmpl,Enable,Avail,484,324.700,484,324.700,ON,Avail,Compl,Enable,74,0,0,0,0,0,0,6,A,0,0,Avail,Incmpl
3307,Incmpl,Enable,OFF,OFF,857,1027.250,51199.219,51199.219,51199.219,51199.219,51199.219,51199.219,1GRFE ,48.235,Avail,Incmpl,Incmpl,Enable,7.996,ON,OFF,OFF,OFF,ON
3308,ON,Avail,Compl,Enable,Compl,CL,CL,Compl,Unable,Not Avl,Compl,Compl,Enable,OFF,0,15.500,44,ON,13.750,15,0.105,2370,18,21
3309,-3,OFF,0,4.688,5.760,OFF,0,0,69,Avail,Compl,Enable,0,GRN2#  ,2011,ON,0,ACTIVE,ACTIVE,0.967,0.947,0.720,0.740,54.145
3310,54.793,Avail,Compl,Avail,Incmpl,Incmpl,Enable,OBD II (California ARB),OFF,OFF,44.373,-0.055,OFF,0,OFF,1st,OFF,OFF,OFF,OFF,OFF,OFF,-0.781,-0.781
3311,ON,OFF,1000,0,OFF,OFF,OFF,ON,Gasoline,1.002,OFF,OFF,0.684,ON,0.703,16.078,11,0,0.801,0.801,2.383,0.801,0.918,2.031
3312,47.843,0,16.078,15,-0.004,0.047,OFF,ECT 5th,NA,OFF,97.790,97.878,14.118,0,Not Avl,0,0,0,0,ON,ON,0,0,1
3313,0,14.178,Not Avl,Compl,Compl,Unable,ON,Not Avl,Compl,Compl,Unable,OFF,38.281,38.281,30.625,30.625,19.531,39.551,15.686,31.765,0.781,1.582,ON,0
3314,OFF,ON,ON,0.997,0.995,0,-0.012,3.303,3.279,0,97,51199.219,13.886,23.529,OFF,OFF,OFF,OFF,OFF,OFF,OFF,OFF,Avail,Incmpl
3315,Incmpl,Enable,Avail,484,324.700,484,324.700,ON,Avail,Compl,Enable,74,0,0,0,0,0,0,6,A,0,0,Avail,Incmpl
3316,Incmpl,Enable,OFF,OFF,857,1032,51199.219,51199.219,51199.219,51199.219,51199.219,51199.219,1GRFE ,48.627,Avail,Incmpl,Incmpl,Enable,7.996,ON,OFF,OFF,OFF,ON
3317,ON,Avail,Compl,Enable,Compl,CL,CL,Compl,Unable,Not Avl,Compl,Compl,Enable,OFF,0,15.500,69,ON,13.750,15,0.105,2334,18,21
3318,-3,OFF,0,4.688,5.780,OFF,0,0,65,Avail,Compl,Enable,0,GRN2#  ,2011,ON,0,ACTIVE,ACTIVE,0.967,0.952,0.720,0.740,53.820
3319,55.117,Avail,Compl,Avail,Incmpl,Incmpl,Enable,OBD II (California ARB),OFF,OFF,44.501,-0.055,OFF,0,OFF,1st,OFF,OFF,OFF,OFF,OFF,OFF,-0.781,-0.781
3320,ON,OFF,1000,0,OFF,OFF,OFF,ON,Gasoline,1.002,OFF,OFF,0.684,ON,0.625,16.078,10,0,0.801,0.801,2.383,0.801,0.918,2.031
3321,47.843,0,16.078,15,-0.004,0.047,OFF,ECT 5th,NA,OFF,97.790,97.724,14.118,0,Not Avl,0,0,0,0,ON,ON,0,0,1
3322,0,14.171,Not Avl,Compl,Compl,Unable,ON,Not Avl,Compl,Compl,Unable,OFF,38.281,38.281,30.625,30.625,19.531,39.551,15.686,31.765,0.781,1.582,ON,0
3323,OFF,ON,ON,0.999,1.000,0.004,0.008,3.308,3.313,0,97,51199.219,13.886,23.529,OFF,OFF,OFF,OFF,OFF,OFF,OFF,OFF,Avail,Incmpl
3324,Incmpl,Enable,Avail,484,324.700,484,324.700,ON,Avail,Compl,Enable,74,0,0,0,0,0,0,6,A,0,0,Avail,Incmpl
3325,Incmpl,Enable,OFF,OFF,857,1036.500,51199.219,51199.219,51199.219,51199.219,51199.219,51199.219,1GRFE ,48.627,Avail,Incmpl,Incmpl,Enable,7.996,ON,OFF,OFF,OFF,ON
3326,ON,Avail,Compl,Enable,Compl,CL,CL,Compl,Unable,Not Avl,Compl,Compl,Enable,OFF,0,15.500,89,ON,13.750,15,0.105,2341,18,21
3327,-3,OFF,0,4.688,5.760,OFF,0,0,65,Avail,Compl,Enable,0,GRN2#  ,2011,ON,0,ACTIVE,ACTIVE,0.967,0.947,0.720,0.740,53.820
3328,55.117,Avail,Compl,Avail,Incmpl,Incmpl,Enable,OBD II (California ARB),OFF,OFF,44.373,-0.055,OFF,0,OFF,1st,OFF,OFF,OFF,OFF,OFF,OFF,-0.781,-0.781
3329,ON,OFF,1000,0,OFF,OFF,OFF,ON,Gasoline,1.003,OFF,OFF,0.684,ON,0.703,16.078,11,0,0.801,0.801,2.383,0.801,0.918,2.031
3330,47.843,0,16.078,15,-0.004,0.047,OFF,ECT 5th,NA,OFF,97.790,97.680,13.725,0,Not Avl,0,0,0,0,ON,ON,0,0,1
3331,0,14.164,Not Avl,Compl,Compl,Unable,ON,Not Avl,Compl,Compl,Unable,OFF,38.281,38.281,30.625,30.625,19.531,39.551,15.686,31.765,0.781,1.582,ON,0
3332,OFF,ON,ON,0.998,1.000,0.004,0.004,3.308,3.308,0,97,51199.219,13.886,23.529,OFF,OFF,OFF,OFF,OFF,OFF,OFF,OFF,Avail,Incmpl
3333,Incmpl,Enable,Avail,484,324.600,484,324.600,ON,Avail,Compl,Enable,74,0,0,0,0,0,0,6,A,0,0,Avail,Incmpl
3334,Incmpl,Enable,OFF,OFF,858,1037.500,51199.219,51199.219,51199.219,51199.219,51199.219,51199.219,1GRFE ,48.627,Avail,Incmpl,Incmpl,Enable,7.996,ON,OFF,OFF,OFF,ON
3335,ON,Avail,Compl,Enable,Compl,CL,CL,Compl,Unable,Not Avl,Compl,Compl,Enable,OFF,0,15.500,112,ON,13.750,15,0.105,2334,18,21
3336,-3,OFF,0,4.688,5.780,OFF,0,0,64,Avail,Compl,Enable,0,GRN2#  ,2011,ON,0,ACTIVE,ACTIVE,0.962,0.947,0.720,0.740,53.820
3337,54.793,Avail,Compl,Avail,Incmpl,Incmpl,Enable,OBD II (California ARB),OFF,OFF,44.373,-0.055,OFF,0,OFF,1st,OFF,OFF,OFF,OFF,OFF,OFF,-0.781,-0.781
3338,ON,OFF,1000,0,OFF,OFF,OFF,ON,Gasoline,1.002,OFF,OFF,0.684,ON,0.625,16.078,10,0,0.801,0.801,2.383,0.801,0.918,2.031
3339,47.843,0,16.078,15,-0.004,0.047,OFF,ECT 5th,NA,OFF,97.812,97.944,13.725,0,Not Avl,0,0,0,0,ON,ON,0,0,1
3340,0,14.169,Not Avl,Compl,Compl,Unable,ON,Not Avl,Compl,Compl,Unable,OFF,38.281,38.281,30.625,30.625,19.531,39.551,15.686,31.765,0.781,1.582,ON,0
3341,OFF,ON,ON,0.999,0.999,0.012,0,3.318,3.303,0,97,51199.219,13.886,23.529,OFF,OFF,OFF,OFF,OFF,OFF,OFF,OFF,Avail,Incmpl
3342,Incmpl,Enable,Avail,484,324.600,484,324.600,ON,Avail,Compl,Enable,74,0,0,0,0,0,0,6,A,0,0,Avail,Incmpl
3343,Incmpl,Enable,OFF,OFF,858,1039,51199.219,51199.219,51199.219,51199.219,51199.219,51199.219,1GRFE ,48.627,Avail,Incmpl,Incmpl,Enable,7.996,ON,OFF,OFF,OFF,ON
3344,ON,Avail,Compl,Enable,Compl,CL,CL,Compl,Unable,Not Avl,Compl,Compl,Enable,OFF,0,15.500,135,ON,13.750,15,0.104,2341,18,21
3345,-3,OFF,0,4.688,5.780,OFF,0,0,64,Avail,Compl,Enable,0,GRN2#  ,2011,ON,0,ACTIVE,ACTIVE,0.967,0.947,0.720,0.740,54.145
3346,54.793,Avail,Compl,Avail,Incmpl,Incmpl,Enable,OBD II (California ARB),OFF,OFF,44.373,-0.055,OFF,0,OFF,1st,OFF,OFF,OFF,OFF,OFF,OFF,-0.781,-0.781
3347,ON,OFF,1000,0,OFF,OFF,OFF,ON,Gasoline,1.003,OFF,OFF,0.684,ON,0.703,16.078,10,0,0.801,0.801,2.383,0.801,0.918,2.031
3348,47.843,0,16.078,15,-0.004,0.047,OFF,ECT 5th,NA,OFF,97.768,97.680,13.725,0,Not Avl,0,0,0,0,ON,ON,0,0,1
3349,0,14.178,Not Avl,Compl,Compl,Unable,ON,Not Avl,Compl,Compl,Unable,OFF,38.281,38.281,30.625,30.625,19.531,39.551,15.686,31.765,0.781,1.582,ON,0
3350,OFF,ON,ON,0.999,0.997,0.008,0,3.313,3.293,0,97,51199.219,13.886,23.529,OFF,OFF,OFF,OFF,OFF,OFF,OFF,OFF,Avail,Incmpl
3351,Incmpl,Enable,Avail,484,324.600,484,324.600,ON,Avail,Compl,Enable,74,0,0,0,0,0,0,6,A,0,0,Avail,Incmpl
3352,Incmpl,Enable,OFF,OFF,859,1029.500,51199.219,51199.219,51199.219,51199.219,51199.219,51199.219,1GRFE ,48.627,Avail,Incmpl,Incmpl,Enable,7.996,ON,OFF,OFF,OFF,ON
3353,ON,Avail,Compl,Enable,Compl,CL,CL,Compl,Unable,Not Avl,Compl,Compl,Enable,OFF,0,15.500,162,ON,13.750,15,0.104,2344,18,21
3354,-3,OFF,0,4.688,5.780,OFF,0,0,64,Avail,Compl,Enable,0,GRN2#  ,2011,ON,0,ACTIVE,ACTIVE,0.967,0.947,0.720,0.740,53.820
3355,54.145,Avail,Compl,Avail,Incmpl,Incmpl,Enable,OBD II (California ARB),OFF,OFF,44.373,-0.055,OFF,0,OFF,1st,OFF,OFF,OFF,OFF,OFF,OFF,0,-0.781
3356,ON,OFF,1000,0,OFF,OFF,OFF,ON,Gasoline,1.002,OFF,OFF,0.684,ON,0.547,16.078,10,0,0.801,0.801,2.383,0.801,0.918,2.031
3357,47.843,0,16.078,15,-0.004,0.047,OFF,ECT 5th,NA,OFF,97.790,97.680,14.118,0,Not Avl,0,0,0,0,ON,ON,0,0,1
3358,0,14.170,Not Avl,Compl,Compl,Unable,ON,Not Avl,Compl,Compl,Unable,OFF,38.281,38.281,30.625,30.625,19.531,39.551,15.686,31.765,0.781,1.582,ON,0
3359,OFF,ON,ON,0.997,0.998,0.004,0,3.308,3.303,0,97,51199.219,13.886,23.529,OFF,OFF,OFF,OFF,OFF,OFF,OFF,OFF,Avail,Incmpl
3360,Incmpl,Enable,Avail,484,324.600,484,324.600,ON,Avail,Compl,Enable,74,0,0,0,0,0,0,6,A,0,0,Avail,Incmpl
3361,Incmpl,Enable,OFF,OFF,859,1028.750,51199.219,51199.219,51199.219,51199.219,51199.219,51199.219,1GRFE ,48.627,Avail,Incmpl,Incmpl,Enable,7.996,ON,OFF,OFF,OFF,ON
3362,ON,Avail,Compl,Enable,Compl,CL,CL,Compl,Unable,Not Avl,Compl,Compl,Enable,OFF,0,15.500,187,ON,13.750,15,0.104,2348,18,21
3363,-3,OFF,0,4.688,5.780,OFF,0,0,65,Avail,Compl,Enable,0,GRN2#  ,2011,ON,0,ACTIVE,ACTIVE,0.962,0.947,0.720,0.740,53.820
3364,54.793,Avail,Compl,Avail,Incmpl,Incmpl,Enable,OBD II (California ARB),OFF,OFF,44.501,-0.055,OFF,0,OFF,1st,OFF,OFF,OFF,OFF,OFF,OFF,-0.781,-0.781
3365,ON,OFF,1000,0,OFF,OFF,OFF,ON,Gasoline,1.003,OFF,OFF,0.684,ON,0.703,16.078,10,0,0.801,0.801,2.383,0.801,0.918,2.031
3366,47.843,0,16.078,15,-0.004,0.047,OFF,ECT 5th,NA,OFF,97.812,97.944,14.118,0,Not Avl,0,0,0,0,ON,ON,0,0,1
3367,0,14.160,Not Avl,Compl,Compl,Unable,ON,Not Avl,Compl,Compl,Unable,OFF,38.281,38.281,30.625,30.625,19.531,39.551,15.686,31.765,0.781,1.582,ON,0
3368,OFF,ON,ON,0.999,0.998,0.012,0,3.318,3.303,0,97,51199.219,13.867,23.529,OFF,OFF,OFF,OFF,OFF,OFF,OFF,OFF,Avail,Incmpl
3369,Incmpl,Enable,Avail,484,324.600,484,324.600,ON,Avail,Compl,Enable,74,0,0,0,0,0,0,6,A,0,0,Avail,Incmpl
3370,Incmpl,Enable,OFF,OFF,860,1024,51199.219,51199.219,51199.219,51199.219,51199.219,51199.219,1GRFE ,48.627,Avail,Incmpl,Incmpl,Enable,7.996,ON,OFF,OFF,OFF,ON
3371,ON,Avail,Compl,Enable,Compl,CL,CL,Compl,Unable,Not Avl,Compl,Compl,Enable,OFF,0,15.500,211,ON,13.750,15,0.104,2355,18,21
3372,-3,OFF,0,4.688,5.780,OFF,0,0,65,Avail,Compl,Enable,0,GRN2#  ,2011,ON,0,ACTIVE,ACTIVE,0.967,0.947,0.720,0.740,54.145
3373,54.793,Avail,Compl,Avail,Incmpl,Incmpl,Enable,OBD II (California ARB),OFF,OFF,44.263,-0.055,OFF,0,OFF,1st,OFF,OFF,OFF,OFF,OFF,OFF,-0.781,-0.781
3374,ON,OFF,1000,0,OFF,OFF,OFF,ON,Gasoline,1.004,OFF,OFF,0.684,ON,0.703,16.078,11,0,0.801,0.801,2.383,0.801,0.918,2.031
3375,47.843,0,16.078,15,-0.004,0.047,OFF,ECT 5th,NA,OFF,97.768,97.680,14.118,0,Not Avl,0,0,0,0,ON,ON,0,0,1
3376,0,14.170,Not Avl,Compl,Compl,Unable,ON,Not Avl,Compl,Compl,Unable,OFF,38.281,38.281,30.625,30.625,19.531,39.551,15.686,31.765,0.781,1.582,ON,0
3377,OFF,ON,ON,0.996,0.997,0,0,3.303,3.293,0,97,51199.219,13.886,23.529,OFF,OFF,OFF,OFF,OFF,OFF,OFF,OFF,Avail,Incmpl
3378,Incmpl,Enable,Avail,484,324.600,484,324.600,ON,Avail,Compl,Enable,74,0,0,0,0,0,0,6,A,0,0,Avail,Incmpl
3379,Incmpl,Enable,OFF,OFF,860,1028.750,51199.219,51199.219,51199.219,51199.219,51199.219,51199.219,1GRFE ,48.627,Avail,Incmpl,Incmpl,Enable,7.996,ON,OFF,OFF,OFF,ON
3380,ON,Avail,Compl,Enable,Compl,CL,CL,Compl,Unable,Not Avl,Compl,Compl,Enable,OFF,0,15.500,233,ON,13.750,15,0.104,2337,18,21
3381,-3,OFF,0,4.688,5.760,OFF,0,0,51,Avail,Compl,Enable,0,GRN2#  ,2011,ON,0,ACTIVE,ACTIVE,0.967,0.947,0.720,0.740,53.496
3382,54.793,Avail,Compl,Avail,Incmpl,Incmpl,Enable,OBD II (California ARB),OFF,OFF,44.501,-0.055,OFF,0,OFF,1st,OFF,OFF,OFF,OFF,OFF,OFF,-0.781,-0.781
3383,ON,OFF,1000,0,OFF,OFF,OFF,ON,Gasoline,1.005,OFF,OFF,0.684,ON,0.625,16.078,10,0,0.801,0.801,2.383,0.801,0.918,2.031
3384,47.843,0,16.078,15,-0.004,0.043,OFF,ECT 5th,NA,OFF,97.812,97.944,14.118,0,Not Avl,0,0,0,0,ON,ON,0,0,1
3385,0,14.161,Not Avl,Compl,Compl,Unable,ON,Not Avl,Compl,Compl,Unable,OFF,38.281,38.281,30.625,30.625,19.531,39.551,15.686,31.765,0.781,1.582,ON,0
3386,OFF,ON,ON,1.004,0.998,0.023,0,3.342,3.303,0,97,51199.219,13.886,23.529,OFF,OFF,OFF,OFF,OFF,OFF,OFF,OFF,Avail,Incmpl
3387,Incmpl,Enable,Avail,484,324.600,484,324.600,ON,Avail,Compl,Enable,74,0,0,0,0,0,0,6,A,0,0,Avail,Incmpl
3388,Incmpl,Enable,OFF,OFF,861,1038.250,51199.219,51199.219,51199.219,51199.219,51199.219,51199.219,1GRFE ,48.627,Avail,Incmpl,Incmpl,Enable,7.996,ON,OFF,OFF,OFF,ON
3389,ON,Avail,Compl,Enable,Compl,CL,CL,Compl,Unable,Not Avl,Compl,Compl,Enable,OFF,0,15.500,256,ON,13.750,15,0.105,2334,18,21
3390,-3,OFF,0,4.688,5.780,OFF,0,0,51,Avail,Compl,Enable,0,GRN2#  ,2011,ON,0,ACTIVE,ACTIVE,0.967,0.947,0.720,0.740,54.145
3391,55.117,Avail,Compl,Avail,Incmpl,Incmpl,Enable,OBD II (California ARB),OFF,OFF,44.373,-0.055,OFF,0,OFF,1st,OFF,OFF,OFF,OFF,OFF,OFF,0,-0.781
3392,ON,OFF,1000,0,OFF,OFF,OFF,ON,Gasoline,1.004,OFF,OFF,0.684,ON,0.703,16.078,11,0,0.801,0.801,2.383,0.801,0.918,2.031
3393,47.843,0,16.078,15,-0.004,0.043,OFF,ECT 5th,NA,OFF,97.790,97.680,13.725,0,Not Avl,0,0,0,0,ON,ON,0,0,1
3394,0,14.178,Not Avl,Compl,Compl,Unable,ON,Not Avl,Compl,Compl,Unable,OFF,38.281,38.281,30.625,30.625,19.531,39.551,15.686,31.765,0.781,1.582,ON,0
3395,OFF,ON,ON,1.002,1.004,0.023,0.023,3.342,3.337,0,97,51199.219,13.886,23.529,OFF,OFF,OFF,OFF,OFF,OFF,OFF,OFF,Avail,Incmpl
3396,Incmpl,Enable,Avail,484,324.500,484,324.500,ON,Avail,Compl,Enable,74,0,0,0,0,0,0,6,A,0,0,Avail,Incmpl
3397,Incmpl,Enable,OFF,OFF,861,1038.250,51199.219,51199.219,51199.219,51199.219,51199.219,51199.219,1GRFE ,48.235,Avail,Incmpl,Incmpl,Enable,7.996,ON,OFF,OFF,OFF,ON
3398,ON,Avail,Compl,Enable,Compl,CL,CL,Compl,Unable,Not Avl,Compl,Compl,Enable,OFF,0,16,276,ON,13.750,15,0.105,2338,18,21
3399,-3,OFF,0,4.688,5.780,OFF,0,0,72,Avail,Compl,Enable,0,GRN2#  ,2011,ON,0,ACTIVE,ACTIVE,0.967,0.947,0.720,0.740,54.793
3400,54.469,Avail,Compl,Avail,Incmpl,Incmpl,Enable,OBD II (California ARB),OFF,OFF,44.373,-0.055,OFF,0,OFF,1st,OFF,OFF,OFF,OFF,OFF,OFF,0,-0.781
3401,ON,OFF,1000,0,OFF,OFF,OFF,ON,Gasoline,1.001,OFF,OFF,0.684,ON,0.703,16.078,11,0,0.801,0.801,2.383,0.801,0.918,2.031
3402,47.843,0,16.078,15,-0.004,0.043,OFF,ECT 5th,NA,OFF,97.768,97.724,13.725,0,Not Avl,0,0,0,0,ON,ON,0,0,1
3403,0,14.169,Not Avl,Compl,Compl,Unable,ON,Not Avl,Compl,Compl,Unable,OFF,38.281,38.281,30.625,30.625,19.531,39.551,15.686,31.765,0.781,1.582,ON,0
3404,OFF,ON,ON,1.001,1.000,0.016,0.004,3.327,3.308,0,97,51199.219,13.867,23.529,OFF,OFF,OFF,OFF,OFF,OFF,OFF,OFF,Avail,Incmpl
3405,Incmpl,Enable,Avail,484,324.500,484,324.500,ON,Avail,Compl,Enable,74,0,0,0,0,0,0,6,A,0,0,Avail,Incmpl
3406,Incmpl,Enable,OFF,OFF,861,1025,51199.219,51199.219,51199.219,51199.219,51199.219,51199.219,1GRFE ,48.235,Avail,Incmpl,Incmpl,Enable,7.996,ON,OFF,OFF,OFF,ON
3407,ON,Avail,Compl,Enable,Compl,CL,CL,Compl,Unable,Not Avl,Compl,Compl,Enable,OFF,0,15.500,298,ON,13.750,15,0.105,2363,18,21
3408,-3,OFF,0,4.688,5.780,OFF,0,0,72,Avail,Compl,Enable,0,GRN2#  ,2011,ON,0,ACTIVE,ACTIVE,0.967,0.947,0.720,0.740,54.145
3409,54.793,Avail,Compl,Avail,Incmpl,Incmpl,Enable,OBD II (California ARB),OFF,OFF,44.025,-0.055,OFF,0,OFF,1st,OFF,OFF,OFF,OFF,OFF,OFF,0,0
3410,ON,OFF,1000,0,OFF,OFF,OFF,ON,Gasoline,0.999,OFF,OFF,0.684,ON,0.625,16.078,9,0,0.801,0.801,2.383,0.801,0.918,2.031
3411,47.843,0,16.078,15,-0.004,0.043,OFF,ECT 5th,NA,OFF,97.790,97.878,14.118,0,Not Avl,0,0,0,0,ON,ON,0,0,1
3412,0,14.178,Not Avl,Compl,Compl,Unable,ON,Not Avl,Compl,Compl,Unable,OFF,38.281,38.281,30.625,30.625,19.531,39.551,15.686,31.765,0.781,1.582,ON,0
3413,OFF,ON,ON,0.995,1.000,0,0.008,3.293,3.313,0,97,51199.219,13.886,23.529,OFF,OFF,OFF,OFF,OFF,OFF,OFF,OFF,Avail,Incmpl
3414,Incmpl,Enable,Avail,484,324.500,484,324.500,ON,Avail,Compl,Enable,74,0,0,0,0,0,0,6,A,0,0,Avail,Incmpl
3415,Incmpl,Enable,OFF,OFF,862,1023.250,51199.219,51199.219,51199.219,51199.219,51199.219,51199.219,1GRFE ,48.627,Avail,Incmpl,Incmpl,Enable,7.996,ON,OFF,OFF,OFF,ON
3416,ON,Avail,Compl,Enable,Compl,CL,CL,Compl,Unable,Not Avl,Compl,Compl,Enable,OFF,0,15.500,319,ON,13.750,15,0.105,2355,18,21
3417,-3,OFF,0,4.688,5.780,OFF,0,0,72,Avail,Compl,Enable,0,GRN2#  ,2011,ON,0,ACTIVE,Not Act,0.967,0.947,0.720,0.740,54.145
3418,54.793,Avail,Compl,Avail,Incmpl,Incmpl,Enable,OBD II (California ARB),OFF,OFF,44.147,-0.055,OFF,0,OFF,1st,OFF,OFF,OFF,OFF,OFF,OFF,0,0
3419,ON,OFF,1000,0,OFF,OFF,OFF,ON,Gasoline,1.000,OFF,OFF,0.684,ON,0.391,16.078,9,0,0.801,0.801,2.383,0.801,0.918,2.031
3420,47.843,0,16.078,15,-0.004,0.047,OFF,ECT 5th,NA,OFF,97.790,97.702,14.118,0,Not Avl,0,0,0,0,ON,ON,0,0,1
3421,0,14.180,Not Avl,Compl,Compl,Unable,ON,Not Avl,Compl,Compl,Unable,OFF,38.281,38.281,30.625,30.625,19.531,39.551,15.686,31.765,0.781,1.582,ON,0
3422,OFF,ON,ON,1.001,0.999,0.016,0.004,3.327,3.308,0,97,51199.219,13.886,23.529,OFF,OFF,OFF,OFF,OFF,OFF,OFF,OFF,Avail,Incmpl
3423,Incmpl,Enable,Avail,484,324.500,484,324.500,ON,Avail,Compl,Enable,74,0,0,0,0,0,0,6,A,0,0,Avail,Incmpl
3424,Incmpl,Enable,OFF,OFF,862,1032,51199.219,51199.219,51199.219,51199.219,51199.219,51199.219,1GRFE ,49.020,Avail,Incmpl,Incmpl,Enable,7.996,ON,OFF,OFF,OFF,ON
3425,ON,Avail,Compl,Enable,Compl,CL,CL,Compl,Unable,Not Avl,Compl,Compl,Enable,OFF,0,15.500,341,ON,13.750,15,0.105,2359,18,21
3426,-3,OFF,0,4.688,5.810,OFF,0,0,64,Avail,Compl,Enable,0,GRN2#  ,2011,ON,0,ACTIVE,ACTIVE,0.967,0.947,0.720,0.740,54.145
3427,54.793,Avail,Compl,Avail,Incmpl,Incmpl,Enable,OBD II (California ARB),OFF,OFF,44.617,-0.055,OFF,0,OFF,1st,OFF,OFF,OFF,OFF,OFF,OFF,0,0
3428,ON,OFF,1000,0,OFF,OFF,OFF,ON,Gasoline,1.000,OFF,OFF,0.684,ON,0.312,16.078,5,0,0.801,0.801,2.383,0.801,0.918,2.031
3429,47.843,0,16.078,15,0,0.047,OFF,ECT 5th,NA,OFF,97.768,97.680,14.118,0,Not Avl,0,0,0,0,ON,ON,0,0,1
3430,0,14.180,Not Avl,Compl,Compl,Unable,ON,Not Avl,Compl,Compl,Unable,OFF,38.281,38.281,30.625,30.625,19.531,39.551,15.686,31.765,0.781,1.582,ON,0
3431,OFF,ON,ON,1.000,1.002,0.012,0.012,3.322,3.318,0,97,51199.219,13.886,23.529,OFF,OFF,OFF,OFF,OFF,OFF,OFF,OFF,Avail,Incmpl
3432,Incmpl,Enable,Avail,484,324.500,484,324.500,ON,Avail,Compl,Enable,74,0,0,0,0,0,0,6,A,0,0,Avail,Incmpl
3433,Incmpl,Enable,OFF,OFF,863,1032,51199.219,51199.219,51199.219,51199.219,51199.219,51199.219,1GRFE ,49.020,Avail,Incmpl,Incmpl,Enable,7.996,ON,OFF,OFF,OFF,ON
3434,ON,Avail,Compl,Enable,Compl,CL,CL,Compl,Unable,Not Avl,Compl,Compl,Enable,OFF,0,15.500,366,ON,13.750,15,0.105,2363,18,21
3435,-3,OFF,0,4.688,5.820,OFF,0,0,64,Avail,Compl,Enable,0,GRN2#  ,2011,ON,0,ACTIVE,Not Act,0.967,0.947,0.720,0.720,54.145
3436,54.793,Avail,Compl,Avail,Incmpl,Incmpl,Enable,OBD II (California ARB),OFF,OFF,44.861,-0.055,OFF,0,OFF,1st,OFF,OFF,OFF,OFF,OFF,OFF,0,0
3437,ON,OFF,1000,0,OFF,OFF,OFF,ON,Gasoline,0.999,OFF,OFF,0.684,ON,0.391,16.078,7,0,0.801,0.801,2.383,0.801,0.918,2.031
3438,47.843,0,16.078,15,0,0.047,OFF,ECT 5th,NA,OFF,97.812,97.944,14.118,0,Not Avl,0,0,0,0,ON,ON,0,0,1
3439,0,14.189,Not Avl,Compl,Compl,Unable,ON,Not Avl,Compl,Compl,Unable,OFF,38.281,38.281,30.625,30.625,19.531,39.551,15.686,31.765,0.781,1.582,ON,0
3440,OFF,ON,ON,1.000,0.998,0.012,0,3.322,3.303,0,97,51199.219,13.886,23.529,OFF,OFF,OFF,OFF,OFF,OFF,OFF,OFF,Avail,Incmpl
3441,Incmpl,Enable,Avail,484,324.400,484,324.400,ON,Avail,Compl,Enable,73,0,0,0,0,0,0,6,A,0,0,Avail,Incmpl
3442,Incmpl,Enable,OFF,OFF,863,1032,51199.219,51199.219,51199.219,51199.219,51199.219,51199.219,1GRFE ,49.020,Avail,Incmpl,Incmpl,Enable,7.996,ON,OFF,OFF,OFF,ON
3443,ON,Avail,Compl,Enable,Compl,CL,CL,Compl,Unable,Not Avl,Compl,Compl,Enable,OFF,0,15.500,387,ON,13.750,15,0.106,2366,18,21
3444,-3,OFF,0,4.688,5.840,OFF,0,0,66,Avail,Compl,Enable,0,GRN2#  ,2011,ON,0,ACTIVE,ACTIVE,0.962,0.947,0.720,0.740,53.820
3445,54.793,Avail,Compl,Avail,Incmpl,Incmpl,Enable,OBD II (California ARB),OFF,OFF,44.861,-0.055,OFF,0,OFF,1st,OFF,OFF,OFF,OFF,OFF,OFF,0,0
3446,ON,OFF,1000,0,OFF,OFF,OFF,ON,Gasoline,0.998,OFF,OFF,0.684,ON,0.234,16.078,3,0,0.801,0.801,2.383,0.801,0.918,2.031
3447,47.843,0,16.078,15,0,0.047,OFF,ECT 5th,NA,OFF,97.768,97.680,14.118,0,Not Avl,0,0,0,0,ON,ON,0,0,1
3448,0,14.178,Not Avl,Compl,Compl,Unable,ON,Not Avl,Compl,Compl,Unable,OFF,38.281,42.188,30.625,30.625,19.531,39.551,15.686,31.765,0.781,1.582,ON,0
3449,OFF,ON,ON,0.997,0.999,0.004,0.004,3.308,3.308,0,97,51199.219,13.886,23.529,OFF,OFF,OFF,OFF,OFF,OFF,OFF,OFF,Avail,Incmpl
3450,Incmpl,Enable,Avail,484,324.400,484,324.400,ON,Avail,Compl,Enable,73,0,0,0,0,0,0,6,A,0,0,Avail,Incmpl
3451,Incmpl,Enable,OFF,OFF,864,1037.500,51199.219,51199.219,51199.219,51199.219,51199.219,51199.219,1GRFE ,49.020,Avail,Incmpl,Incmpl,Enable,7.996,ON,OFF,OFF,OFF,ON
3452,ON,Avail,Compl,Enable,Compl,CL,CL,Compl,Unable,Not Avl,Compl,Compl,Enable,OFF,0,15.500,411,ON,13.750,15,0.106,2348,18,21
3453,-3,OFF,0,4.688,5.840,OFF,0,0,66,Avail,Compl,Enable,0,GRN2#  ,2011,ON,0,ACTIVE,ACTIVE,0.962,0.947,0.720,0.720,54.145
3454,54.793,Avail,Compl,Avail,Incmpl,Incmpl,Enable,OBD II (California ARB),OFF,OFF,44.861,-0.055,OFF,0,OFF,1st,OFF,OFF,OFF,OFF,OFF,OFF,0,0
3455,ON,OFF,1000,0,OFF,OFF,OFF,ON,Gasoline,0.999,OFF,OFF,0.684,ON,0.234,16.078,5,0,0.801,0.801,2.383,0.801,0.918,2.031
3456,47.843,0,16.078,15,0,0.047,OFF,ECT 5th,NA,OFF,97.812,97.944,14.118,0,Not Avl,0,0,0,0,ON,ON,0,0,1
3457,0,14.180,Not Avl,Compl,Compl,Unable,ON,Not Avl,Compl,Compl,Unable,OFF,38.281,38.281,30.625,30.625,19.531,39.551,15.686,31.765,0.781,1.582,ON,0
3458,OFF,ON,ON,1.004,1.002,0.023,0.012,3.342,3.322,0,97,51199.219,13.886,23.922,OFF,OFF,OFF,OFF,OFF,OFF,OFF,OFF,Avail,Incmpl
3459,Incmpl,Enable,Avail,484,324.400,484,324.400,ON,Avail,Compl,Enable,73,0,0,0,0,0,0,6,A,0,0,Avail,Incmpl
3460,Incmpl,Enable,OFF,OFF,864,1033.500,51199.219,51199.219,51199.219,51199.219,51199.219,51199.219,1GRFE ,49.412,Avail,Incmpl,Incmpl,Enable,7.996,ON,OFF,OFF,OFF,ON
3461,ON,Avail,Compl,Enable,Compl,CL,CL,Compl,Unable,Not Avl,Compl,Compl,Enable,OFF,0,15.500,435,ON,13.750,15,0.106,2370,18,21
3462,-3,OFF,0,4.688,5.890,OFF,0,0,66,Avail,Compl,Enable,0,GRN2#  ,2011,ON,0,ACTIVE,ACTIVE,0.962,0.947,0.720,0.720,54.145
3463,54.145,Avail,Compl,Avail,Incmpl,Incmpl,Enable,OBD II (California ARB),OFF,OFF,45.215,-0.055,OFF,0,OFF,1st,OFF,OFF,OFF,OFF,OFF,OFF,0.781,0
3464,ON,OFF,1000,0,OFF,OFF,OFF,ON,Gasoline,0.996,OFF,OFF,0.684,ON,0.234,16.078,6,0,0.801,0.801,2.383,0.801,0.918,2.031
3465,47.843,0,16.078,15,0,0.047,OFF,ECT 5th,NA,OFF,97.768,97.702,14.118,0,Not Avl,0,0,0,0,ON,ON,0,0,1
3466,0,14.178,Not Avl,Compl,Compl,Unable,ON,Not Avl,Compl,Compl,Unable,OFF,38.281,38.281,30.625,30.625,19.531,39.551,15.686,31.765,0.781,1.582,ON,0
3467,OFF,ON,ON,0.998,0.999,0.012,0.008,3.318,3.313,0,97,51199.219,13.886,23.922,OFF,OFF,OFF,OFF,OFF,OFF,OFF,OFF,Avail,Incmpl
3468,Incmpl,Enable,Avail,484,324.400,484,324.400,ON,Avail,Compl,Enable,73,0,0,0,0,0,0,6,A,0,0,Avail,Incmpl
3469,Incmpl,Enable,OFF,OFF,865,1042.750,51199.219,51199.219,51199.219,51199.219,51199.219,51199.219,1GRFE ,49.412,Avail,Incmpl,Incmpl,Enable,7.996,ON,OFF,OFF,OFF,ON
3470,ON,Avail,Compl,Enable,Compl,CL,CL,Compl,Unable,Not Avl,Compl,Compl,Enable,OFF,0,15.500,459,ON,13.750,15,0.106,2352,18,21
3471,-3,OFF,0,4.688,5.840,OFF,0,0,66,Avail,Compl,Enable,0,GRN2#  ,2011,ON,0,ACTIVE,ACTIVE,0.962,0.947,0.720,0.720,53.820
3472,54.793,Avail,Compl,Avail,Incmpl,Incmpl,Enable,OBD II (California ARB),OFF,OFF,44.861,-0.055,OFF,0,OFF,1st,OFF,OFF,OFF,OFF,OFF,OFF,0,0
3473,ON,OFF,1000,0,OFF,OFF,OFF,ON,Gasoline,0.995,OFF,OFF,0.684,ON,0.312,16.078,6,0,0.801,0.801,2.383,0.801,0.918,2.031
3474,47.843,0,16.078,15,0,0.047,OFF,ECT 5th,NA,OFF,97.812,97.922,14.118,0,Not Avl,0,0,0,0,ON,ON,0,0,1
3475,0,14.180,Not Avl,Compl,Compl,Unable,ON,Not Avl,Compl,Compl,Unable,OFF,38.281,38.281,30.625,30.625,19.531,39.551,15.686,31.765,0.781,1.582,ON,0
3476,OFF,ON,ON,0.998,1.002,0.008,0.016,3.313,3.327,0,97,51199.219,13.886,23.529,OFF,OFF,OFF,OFF,OFF,OFF,OFF,OFF,Avail,Incmpl
3477,Incmpl,Enable,Avail,484,324.400,484,324.400,ON,Avail,Compl,Enable,73,0,0,0,0,0,0,6,A,0,0,Avail,Incmpl
3478,Incmpl,Enable,OFF,OFF,865,1042.750,51199.219,51199.219,51199.219,51199.219,51199.219,51199.219,1GRFE ,49.412,Avail,Incmpl,Incmpl,Enable,7.996,ON,OFF,OFF,OFF,ON
3479,ON,Avail,Compl,Enable,Compl,CL,CL,Compl,Unable,Not Avl,Compl,Compl,Enable,OFF,0,16,484,ON,13.750,15,0.106,2355,18,21
3480,-3,OFF,0,4.688,5.870,OFF,0,0,66,Avail,Compl,Enable,0,GRN2#  ,2011,ON,0,ACTIVE,ACTIVE,0.962,0.947,0.720,0.720,53.820
3481,54.793,Avail,Compl,Avail,Incmpl,Incmpl,Enable,OBD II (California ARB),OFF,OFF,44.733,-0.055,OFF,0,OFF,1st,OFF,OFF,OFF,OFF,OFF,OFF,0,0.781
3482,ON,OFF,1000,0,OFF,OFF,OFF,ON,Gasoline,0.996,OFF,OFF,0.684,ON,0.391,16.078,6,0,0.801,0.801,2.383,0.801,0.918,2.031
3483,47.843,0,16.078,15,0,0.047,OFF,ECT 5th,NA,OFF,97.768,97.702,14.118,0,Not Avl,0,0,0,0,ON,ON,0,0,1
3484,0,14.180,Not Avl,Compl,Compl,Unable,ON,Not Avl,Compl,Compl,Unable,OFF,38.281,38.281,30.625,30.625,19.531,39.551,15.686,31.765,0.781,1.582,ON,0
3485,OFF,ON,ON,0.998,0.998,0.008,0,3.313,3.303,0,97,51199.219,13.886,23.529,OFF,OFF,OFF,OFF,OFF,OFF,OFF,OFF,Avail,Incmpl
3486,Incmpl,Enable,Avail,484,324.400,484,324.400,ON,Avail,Compl,Enable,73,0,0,0,0,0,0,6,A,0,0,Avail,Incmpl
3487,Incmpl,Enable,OFF,OFF,865,1053,51199.219,51199.219,51199.219,51199.219,51199.219,51199.219,1GRFE ,49.412,Avail,Incmpl,Incmpl,Enable,7.996,ON,OFF,OFF,OFF,ON
3488,ON,Avail,Compl,Enable,Compl,CL,CL,Compl,Unable,Not Avl,Compl,Compl,Enable,OFF,0,15.500,507,ON,13.750,15,0.105,2334,18,21
3489,-3,OFF,0,4.688,5.850,OFF,0,0,54,Avail,Compl,Enable,0,GRN2#  ,2011,ON,0,ACTIVE,ACTIVE,0.962,0.947,0.720,0.720,53.820
3490,55.117,Avail,Compl,Avail,Incmpl,Incmpl,Enable,OBD II (California ARB),OFF,OFF,44.965,-0.055,OFF,0,OFF,1st,OFF,OFF,OFF,OFF,OFF,OFF,0,0.781
3491,ON,OFF,1000,0,OFF,OFF,OFF,ON,Gasoline,0.996,OFF,OFF,0.684,ON,0.312,16.078,6,0,0.801,0.801,2.383,0.801,0.918,2.031
3492,47.843,0,16.078,15,0,0.047,OFF,ECT 5th,NA,OFF,97.812,97.900,13.725,0,Not Avl,0,0,0,0,ON,ON,0,0,1
3493,0,14.181,Not Avl,Compl,Compl,Unable,ON,Not Avl,Compl,Compl,Unable,OFF,38.281,33.594,30.625,30.625,19.531,39.551,15.686,31.765,0.781,1.582,ON,0
3494,OFF,ON,ON,0.997,0.997,0.020,0.012,3.308,3.298,0,97,51199.219,13.886,23.529,OFF,OFF,OFF,OFF,OFF,OFF,OFF,OFF,Avail,Incmpl
3495,Incmpl,Enable,Avail,484,324.400,484,324.400,ON,Avail,Compl,Enable,73,0,0,0,0,0,0,6,A,0,0,Avail,Incmpl
3496,Incmpl,Enable,OFF,OFF,866,1045.250,51199.219,51199.219,51199.219,51199.219,51199.219,51199.219,1GRFE ,49.412,Avail,Incmpl,Incmpl,Enable,7.996,ON,OFF,OFF,OFF,ON
3497,ON,Avail,Compl,Enable,Compl,CL,CL,Compl,Unable,Not Avl,Compl,Compl,Enable,OFF,0,16,531,ON,13.750,15,0.105,2341,18,21
3498,-3,OFF,0,4.688,5.890,OFF,0,0,54,Avail,Compl,Enable,0,GRN2#  ,2011,ON,0,ACTIVE,ACTIVE,0.967,0.947,0.720,0.720,53.820
3499,55.117,Avail,Compl,Avail,Incmpl,Incmpl,Enable,OBD II (California ARB),OFF,OFF,45.087,-0.055,OFF,0,OFF,1st,OFF,OFF,OFF,OFF,OFF,OFF,0,0
3500,ON,OFF,1000,0,OFF,OFF,OFF,ON,Gasoline,0.996,OFF,OFF,0.684,ON,0.312,16.078,6,0,0.801,0.801,2.383,0.801,0.918,2.031
3501,47.843,0,16.078,15,0,0.047,OFF,ECT 5th,NA,OFF,97.768,97.724,14.118,0,Not Avl,0,0,0,0,ON,ON,0,0,1
3502,0,14.178,Not Avl,Compl,Compl,Unable,ON,Not Avl,Compl,Compl,Unable,OFF,38.281,35.938,30.625,30.625,19.531,39.551,15.686,31.765,0.781,1.582,ON,0
3503,OFF,ON,ON,0.996,0.997,0,0,3.303,3.298,0,97,51199.219,13.886,23.529,OFF,OFF,OFF,OFF,OFF,OFF,OFF,OFF,Avail,Incmpl
3504,Incmpl,Enable,Avail,484,324.400,484,324.400,ON,Avail,Compl,Enable,73,0,0,0,0,0,0,6,A,0,0,Avail,Incmpl
3505,Incmpl,Enable,OFF,OFF,866,1049,51199.219,51199.219,51199.219,51199.219,51199.219,51199.219,1GRFE ,49.020,Avail,Incmpl,Incmpl,Enable,7.996,ON,OFF,OFF,OFF,ON
3506,ON,Avail,Compl,Enable,Compl,CL,CL,Compl,Unable,Not Avl,Compl,Compl,Enable,OFF,0,15.500,556,ON,13.750,15,0.104,2344,18,21
3507,-3,OFF,0,4.688,5.840,OFF,0,0,63,Avail,Compl,Enable,0,GRN2#  ,2011,ON,0,ACTIVE,ACTIVE,0.967,0.947,0.720,0.720,53.172
3508,54.793,Avail,Compl,Avail,Incmpl,Incmpl,Enable,OBD II (California ARB),OFF,OFF,44.965,-0.055,OFF,0,OFF,1st,OFF,OFF,OFF,OFF,OFF,OFF,0,0
3509,ON,OFF,1000,0,OFF,OFF,OFF,ON,Gasoline,0.999,OFF,OFF,0.684,ON,0.391,16.078,6,0,0.801,0.801,2.383,0.801,0.918,2.031
3510,47.843,0,16.078,15,0,0.051,OFF,ECT 5th,NA,OFF,97.812,97.856,13.725,0,Not Avl,0,0,0,0,ON,ON,0,0,1
3511,0,14.180,Not Avl,Compl,Compl,Unable,ON,Not Avl,Compl,Compl,Unable,OFF,38.281,35.938,30.625,30.625,19.531,39.551,15.686,31.765,0.781,1.582,ON,0
3512,OFF,ON,ON,0.998,0.997,0.008,0,3.313,3.293,0,97,51199.219,13.886,23.529,OFF,OFF,OFF,OFF,OFF,OFF,OFF,OFF,Avail,Incmpl
3513,Incmpl,Enable,Avail,484,324.400,484,324.400,ON,Avail,Compl,Enable,73,0,0,0,0,0,0,6,A,0,0,Avail,Incmpl
3514,Incmpl,Enable,OFF,OFF,867,1045.250,51199.219,51199.219,51199.219,51199.219,51199.219,51199.219,1GRFE ,49.020,Avail,Incmpl,Incmpl,Enable,7.996,ON,OFF,OFF,OFF,ON
3515,ON,Avail,Compl,Enable,Compl,CL,CL,Compl,Unable,Not Avl,Compl,Compl,Enable,OFF,0,15.500,575,ON,13.750,15,0.104,2337,18,21
3516,-3,OFF,0,4.688,5.840,OFF,0,0,63,Avail,Compl,Enable,0,GRN2#  ,2011,ON,0,ACTIVE,ACTIVE,0.962,0.947,0.720,0.720,52.848
3517,55.117,Avail,Compl,Avail,Incmpl,Incmpl,Enable,OBD II (California ARB),OFF,OFF,44.965,-0.055,OFF,0,OFF,1st,OFF,OFF,OFF,OFF,OFF,OFF,0,0
3518,ON,OFF,1000,0,OFF,OFF,OFF,ON,Gasoline,0.999,OFF,OFF,0.684,ON,0.312,16.078,6,0,0.801,0.801,2.383,0.801,0.918,2.031
3519,47.843,0,16.078,15,0,0.051,OFF,ECT 5th,NA,OFF,97.790,97.724,14.118,0,Not Avl,0,0,0,0,ON,ON,0,0,1
3520,0,14.178,Not Avl,Compl,Compl,Unable,ON,Not Avl,Compl,Compl,Unable,OFF,38.281,35.938,30.625,30.625,19.531,39.551,15.686,31.765,0.781,1.582,ON,0
3521,OFF,ON,ON,0.999,0.997,0.008,0,3.313,3.298,0,97,51199.219,13.886,23.529,OFF,OFF,OFF,OFF,OFF,OFF,OFF,OFF,Avail,Incmpl
3522,Incmpl,Enable,Avail,484,324.400,484,324.400,ON,Avail,Compl,Enable,73,0,0,0,0,0,0,6,A,0,0,Avail,Incmpl
3523,Incmpl,Enable,OFF,OFF,867,1042,51199.219,51199.219,51199.219,51199.219,51199.219,51199.219,1GRFE ,49.412,Avail,Incmpl,Incmpl,Enable,7.996,ON,OFF,OFF,OFF,ON
3524,ON,Avail,Compl,Enable,Compl,CL,CL,Compl,Unable,Not Avl,Compl,Compl,Enable,OFF,0,15.500,594,ON,13.750,15,0.104,2341,18,21
3525,-3,OFF,0,4.688,5.840,OFF,0,0,63,Avail,Compl,Enable,0,GRN2#  ,2011,ON,0,ACTIVE,ACTIVE,0.967,0.952,0.720,0.720,53.172
3526,54.793,Avail,Compl,Avail,Incmpl,Incmpl,Enable,OBD II (California ARB),OFF,OFF,44.849,-0.055,OFF,0,OFF,1st,OFF,OFF,OFF,OFF,OFF,OFF,0,0
3527,ON,OFF,1000,0,OFF,OFF,OFF,ON,Gasoline,1.000,OFF,OFF,0.684,ON,0.312,16.078,6,0,0.801,0.801,2.383,0.801,0.918,2.031
3528,47.843,0,16.078,15,0,0.051,OFF,ECT 5th,NA,OFF,97.812,97.900,14.118,0,Not Avl,0,0,0,0,ON,ON,0,0,1
3529,0,14.181,Not Avl,Compl,Compl,Unable,ON,Not Avl,Compl,Compl,Unable,OFF,38.281,35.938,30.625,30.625,19.531,39.551,15.686,31.765,0.781,1.582,ON,0
3530,OFF,ON,ON,1.000,0.996,0.012,0,3.322,3.293,0,97,51199.219,13.886,23.529,OFF,OFF,OFF,OFF,OFF,OFF,OFF,OFF,Avail,Incmpl
3531,Incmpl,Enable,Avail,484.100,324.300,484.100,324.300,ON,Avail,Compl,Enable,73,0,0,0,0,0,0,6,A,0,0,Avail,Incmpl
3532,Incmpl,Enable,OFF,OFF,867,1038.250,51199.219,51199.219,51199.219,51199.219,51199.219,51199.219,1GRFE ,49.412,Avail,Incmpl,Incmpl,Enable,7.996,ON,OFF,OFF,OFF,ON
3533,ON,Avail,Compl,Enable,Compl,CL,CL,Compl,Unable,Not Avl,Compl,Compl,Enable,OFF,0,15.500,17,ON,13.750,15,0.104,2363,18,21
3534,-3,OFF,0,4.688,5.890,OFF,0,0,74,Avail,Compl,Enable,0,GRN2#  ,2011,ON,0,ACTIVE,ACTIVE,0.967,0.947,0.720,0.720,53.820
3535,54.145,Avail,Compl,Avail,Incmpl,Incmpl,Enable,OBD II (California ARB),OFF,OFF,44.977,-0.055,OFF,0,OFF,1st,OFF,OFF,OFF,OFF,OFF,OFF,0,0
3536,ON,OFF,1000,0,OFF,OFF,OFF,ON,Gasoline,1.000,OFF,OFF,0.684,ON,0.312,16.078,6,0,0.801,0.801,2.383,0.801,0.918,2.031
3537,47.843,0,16.078,15,0,0.051,OFF,ECT 5th,NA,OFF,97.768,97.724,14.118,0,Not Avl,0,0,0,0,ON,ON,0,0,1
3538,0,14.178,Not Avl,Compl,Compl,Unable,ON,Not Avl,Compl,Compl,Unable,OFF,38.281,35.938,30.625,30.625,19.531,39.551,15.686,31.765,0.781,1.582,ON,0
3539,OFF,ON,ON,0.994,0.997,0,0,3.298,3.303,0,97,51199.219,13.886,23.529,OFF,OFF,OFF,OFF,OFF,OFF,OFF,OFF,Avail,Incmpl
3540,Incmpl,Enable,Avail,484.100,324.300,484.100,324.300,ON,Avail,Compl,Enable,73,0,0,0,0,0,0,6,A,0,0,Avail,Incmpl
3541,Incmpl,Enable,OFF,OFF,868,1042,51199.219,51199.219,51199.219,51199.219,51199.219,51199.219,1GRFE ,49.020,Avail,Incmpl,Incmpl,Enable,7.996,ON,OFF,OFF,OFF,ON
3542,ON,Avail,Compl,Enable,Compl,CL,CL,Compl,Unable,Not Avl,Compl,Compl,Enable,OFF,0,15.500,41,ON,13.750,15,0.104,2352,18,21
3543,-3,OFF,0,4.688,5.840,OFF,0,0,74,Avail,Compl,Enable,0,GRN2#  ,2011,ON,0,ACTIVE,ACTIVE,0.962,0.947,0.720,0.720,53.496
3544,54.793,Avail,Compl,Avail,Incmpl,Incmpl,Enable,OBD II (California ARB),OFF,OFF,45.093,-0.055,OFF,0,OFF,1st,OFF,OFF,OFF,OFF,OFF,OFF,0,0
3545,ON,OFF,1000,0,OFF,OFF,OFF,ON,Gasoline,1.000,OFF,OFF,0.684,ON,0.391,16.078,6,0,0.801,0.801,2.383,0.801,0.918,2.031
3546,47.843,0,16.078,15,0,0.051,OFF,ECT 5th,NA,OFF,97.812,97.856,14.118,0,Not Avl,0,0,0,0,ON,ON,0,0,1
3547,0,14.180,Not Avl,Compl,Compl,Unable,ON,Not Avl,Compl,Compl,Unable,OFF,38.281,35.938,30.625,30.625,19.531,39.551,15.686,31.765,0.781,1.582,ON,0
3548,OFF,ON,ON,1.002,1.003,0.023,0.020,3.337,3.332,0,97,51199.219,13.867,23.529,OFF,OFF,OFF,OFF,OFF,OFF,OFF,OFF,Avail,Incmpl
3549,Incmpl,Enable,Avail,484.100,324.300,484.100,324.300,ON,Avail,Compl,Enable,73,0,0,0,0,0,0,6,A,0,0,Avail,Incmpl
3550,Incmpl,Enable,OFF,OFF,868,1047.500,51199.219,51199.219,51199.219,51199.219,51199.219,51199.219,1GRFE ,49.412,Avail,Incmpl,Incmpl,Enable,7.996,ON,OFF,OFF,OFF,ON
3551,ON,Avail,Compl,Enable,Compl,CL,CL,Compl,Unable,Not Avl,Compl,Compl,Enable,OFF,0,15.500,66,ON,13.750,15,0.104,2348,18,21
3552,-3,OFF,0,4.688,5.870,OFF,0,0,49,Avail,Compl,Enable,0,GRN2#  ,2011,ON,0,ACTIVE,ACTIVE,0.967,0.947,0.720,0.720,53.820
3553,54.793,Avail,Compl,Avail,Incmpl,Incmpl,Enable,OBD II (California ARB),OFF,OFF,45.093,-0.055,OFF,0,OFF,1st,OFF,OFF,OFF,OFF,OFF,OFF,0,0
3554,ON,OFF,1000,0,OFF,OFF,OFF,ON,Gasoline,1.001,OFF,OFF,0.684,ON,0.312,16.078,6,0,0.801,0.801,2.383,0.801,0.918,2.031
3555,47.843,0,16.078,15,0,0.051,OFF,ECT 5th,NA,OFF,97.768,97.768,14.118,0,Not Avl,0,0,0,0,ON,ON,0,0,1
3556,0,14.180,Not Avl,Compl,Compl,Unable,ON,Not Avl,Compl,Compl,Unable,OFF,38.281,35.938,30.625,30.625,19.531,39.551,15.686,31.765,0.781,1.582,ON,0
3557,OFF,ON,ON,0.997,1.002,0.004,0.016,3.308,3.327,0,97,51199.219,13.886,23.529,OFF,OFF,OFF,OFF,OFF,OFF,OFF,OFF,Avail,Incmpl
3558,Incmpl,Enable,Avail,484.100,324.300,484.100,324.300,ON,Avail,Compl,Enable,73,0,0,0,0,0,0,6,A,0,0,Avail,Incmpl
3559,Incmpl,Enable,OFF,OFF,869,1046.750,51199.219,51199.219,51199.219,51199.219,51199.219,51199.219,1GRFE ,49.412,Avail,Incmpl,Incmpl,Enable,7.996,ON,OFF,OFF,OFF,ON
3560,ON,Avail,Compl,Enable,Compl,CL,CL,Compl,Unable,Not Avl,Compl,Compl,Enable,OFF,0,16,92,ON,13.750,15,0.105,2359,18,21
3561,-3,OFF,0,4.688,5.890,OFF,0,0,49,Avail,Compl,Enable,0,GRN2#  ,2011,ON,0,ACTIVE,ACTIVE,0.967,0.952,0.720,0.720,54.145
3562,54.145,Avail,Compl,Avail,Incmpl,Incmpl,Enable,OBD II (California ARB),OFF,OFF,45.093,-0.055,OFF,0,OFF,1st,OFF,OFF,OFF,OFF,OFF,OFF,0,0.781
3563,ON,OFF,1000,0,OFF,OFF,OFF,ON,Gasoline,0.998,OFF,OFF,0.684,ON,0.391,16.078,6,0,0.801,0.801,2.383,0.801,0.918,2.031
3564,47.843,0,16.078,15,0,0.051,OFF,ECT 5th,NA,OFF,97.768,97.680,14.118,0,Not Avl,0,0,0,0,ON,ON,0,0,1
3565,0,14.178,Not Avl,Compl,Compl,Unable,ON,Not Avl,Compl,Compl,Unable,OFF,38.281,35.938,30.625,30.625,19.531,39.551,15.686,31.765,0.781,1.582,ON,0
3566,OFF,ON,ON,0.998,0.999,0.027,0.016,3.318,3.313,0,97,51199.219,13.886,23.529,OFF,OFF,OFF,OFF,OFF,OFF,OFF,OFF,Avail,Incmpl
3567,Incmpl,Enable,Avail,484.100,324.300,484.100,324.300,ON,Avail,Compl,Enable,73,0,0,0,0,0,0,6,A,0,0,Avail,Incmpl
3568,Incmpl,Enable,OFF,OFF,869,1042,51199.219,51199.219,51199.219,51199.219,51199.219,51199.219,1GRFE ,49.412,Avail,Incmpl,Incmpl,Enable,7.996,ON,OFF,OFF,OFF,ON
3569,ON,Avail,Compl,Enable,Compl,CL,CL,Compl,Unable,Not Avl,Compl,Compl,Enable,OFF,0,15.500,116,ON,13.750,15,0.105,2363,18,21
3570,-3,OFF,0,4.688,5.870,OFF,0,0,60,Avail,Compl,Enable,0,GRN2#  ,2011,ON,0,ACTIVE,ACTIVE,0.967,0.947,0.720,0.720,53.820
3571,54.793,Avail,Compl,Avail,Incmpl,Incmpl,Enable,OBD II (California ARB),OFF,OFF,44.977,-0.055,OFF,0,OFF,1st,OFF,OFF,OFF,OFF,OFF,OFF,0,0.781
3572,ON,OFF,1000,0,OFF,OFF,OFF,ON,Gasoline,0.998,OFF,OFF,0.684,ON,0.391,16.078,6,0,0.801,0.801,2.383,0.801,0.918,2.031
3573,47.843,0,16.078,15,0,0.051,OFF,ECT 5th,NA,OFF,97.812,97.922,14.118,0,Not Avl,0,0,0,0,ON,ON,0,0,1
3574,0,14.182,Not Avl,Compl,Compl,Unable,ON,Not Avl,Compl,Compl,Unable,OFF,38.281,35.938,30.625,30.625,19.531,39.551,15.686,31.765,0.781,1.582,ON,0
3575,OFF,ON,ON,0.997,0.996,0.004,0,3.308,3.293,0,97,51199.219,13.886,23.529,OFF,OFF,OFF,OFF,OFF,OFF,OFF,OFF,Avail,Incmpl
3576,Incmpl,Enable,Avail,484.100,324.300,484.100,324.300,ON,Avail,Compl,Enable,73,0,0,0,0,0,0,6,A,0,0,Avail,Incmpl
3577,Incmpl,Enable,OFF,OFF,870,1049,51199.219,51199.219,51199.219,51199.219,51199.219,51199.219,1GRFE ,49.412,Avail,Incmpl,Incmpl,Enable,7.996,ON,OFF,OFF,OFF,ON
3578,ON,Avail,Compl,Enable,Compl,CL,CL,Compl,Unable,Not Avl,Compl,Compl,Enable,OFF,0,15.500,136,ON,13.750,15,0.105,2359,18,21
3579,-3,OFF,0,4.688,5.850,OFF,0,0,60,Avail,Compl,Enable,0,GRN2#  ,2011,ON,0,ACTIVE,ACTIVE,0.967,0.952,0.720,0.720,53.820
3580,54.793,Avail,Compl,Avail,Incmpl,Incmpl,Enable,OBD II (California ARB),OFF,OFF,45.093,-0.055,OFF,0,OFF,1st,OFF,OFF,OFF,OFF,OFF,OFF,0,0
3581,ON,OFF,1000,0,OFF,OFF,OFF,ON,Gasoline,0.999,OFF,OFF,0.684,ON,0.391,16.078,6,0,0.801,0.801,2.383,0.801,0.918,2.031
3582,47.843,0,16.078,15,0,0.051,OFF,ECT 5th,NA,OFF,97.812,97.790,14.118,0,Not Avl,0,0,0,0,ON,ON,0,0,1
3583,0,14.178,Not Avl,Compl,Compl,Unable,ON,Not Avl,Compl,Compl,Unable,OFF,38.281,35.938,30.625,30.625,19.531,39.551,15.686,31.765,0.781,1.582,ON,0
3584,OFF,ON,ON,1.005,0.998,0.035,0.004,3.357,3.308,0,97,51199.219,13.886,23.529,OFF,OFF,OFF,OFF,OFF,OFF,OFF,OFF,Avail,Incmpl
3585,Incmpl,Enable,Avail,484.100,324.300,484.100,324.300,ON,Avail,Compl,Enable,73,0,0,0,0,0,0,6,A,0,0,Avail,Incmpl
3586,Incmpl,Enable,OFF,OFF,870,1041.250,51199.219,51199.219,51199.219,51199.219,51199.219,51199.219,1GRFE ,49.412,Avail,Incmpl,Incmpl,Enable,7.996,ON,OFF,OFF,OFF,ON
3587,ON,Avail,Compl,Enable,Compl,CL,CL,Compl,Unable,Not Avl,Compl,Compl,Enable,OFF,0,15.500,160,ON,13.750,15,0.105,2366,18,21
3588,-3,OFF,0,4.688,5.900,OFF,0,0,60,Avail,Compl,Enable,0,GRN2#  ,2011,ON,0,ACTIVE,ACTIVE,0.967,0.947,0.720,0.720,54.469
3589,54.793,Avail,Compl,Avail,Incmpl,Incmpl,Enable,OBD II (California ARB),OFF,OFF,44.977,-0.055,OFF,0,OFF,1st,OFF,OFF,OFF,OFF,OFF,OFF,0,0.781
3590,ON,OFF,1000,0,OFF,OFF,OFF,ON,Gasoline,0.998,OFF,OFF,0.684,ON,0.391,16.078,6,0,0.801,0.801,2.383,0.801,0.918,2.031
3591,47.843,0,16.078,15,0,0.051,OFF,ECT 5th,NA,OFF,97.790,97.834,14.118,0,Not Avl,0,0,0,0,ON,ON,0,0,1
3592,0,14.178,Not Avl,Compl,Compl,Unable,ON,Not Avl,Compl,Compl,Unable,OFF,38.281,35.938,30.625,30.625,19.531,39.551,15.686,31.765,0.781,1.582,ON,0
3593,OFF,ON,ON,0.997,0.999,0.004,0.008,3.308,3.313,0,97,51199.219,13.886,23.529,OFF,OFF,OFF,OFF,OFF,OFF,OFF,OFF,Avail,Incmpl
3594,Incmpl,Enable,Avail,484.200,324.300,484.200,324.300,ON,Avail,Compl,Enable,73,0,0,0,0,0,0,6,A,0,0,Avail,Incmpl
3595,Incmpl,Enable,OFF,OFF,871,1052.250,51199.219,51199.219,51199.219,51199.219,51199.219,51199.219,1GRFE ,49.412,Avail,Incmpl,Incmpl,Enable,7.996,ON,OFF,OFF,OFF,ON
3596,ON,Avail,Compl,Enable,Compl,CL,CL,Compl,Unable,Not Avl,Compl,Compl,Enable,OFF,0,16,185,ON,13.750,15,0.105,2352,18,21
3597,-3,OFF,0,4.688,5.870,OFF,0,0,55,Avail,Compl,Enable,0,GRN2#  ,2011,ON,0,ACTIVE,ACTIVE,0.967,0.947,0.720,0.720,53.820
3598,54.793,Avail,Compl,Avail,Incmpl,Incmpl,Enable,OBD II (California ARB),OFF,OFF,45.215,-0.055,OFF,0,OFF,1st,OFF,OFF,OFF,OFF,OFF,OFF,0,0.781
3599,ON,OFF,1000,0,OFF,OFF,OFF,ON,Gasoline,0.995,OFF,OFF,0.684,ON,0.391,16.078,6,0,0.801,0.801,2.383,0.801,0.918,2.031
3600,47.843,0,16.078,15,0.004,0.055,OFF,ECT 5th,NA,OFF,97.790,97.746,14.118,0,Not Avl,0,0,0,0,ON,ON,0,0,1
3601,0,14.178,Not Avl,Compl,Compl,Unable,ON,Not Avl,Compl,Compl,Unable,OFF,38.281,35.938,30.625,30.625,19.531,39.551,15.686,31.765,0.781,1.582,ON,0
3602,OFF,ON,ON,0.995,0.999,0,0.008,3.298,3.313,0,97,51199.219,13.867,23.529,OFF,OFF,OFF,OFF,OFF,OFF,OFF,OFF,Avail,Incmpl
3603,Incmpl,Enable,Avail,484.200,324.300,484.200,324.300,ON,Avail,Compl,Enable,73,0,0,0,0,0,0,6,A,0,0,Avail,Incmpl
3604,Incmpl,Enable,OFF,OFF,871,1052.250,51199.219,51199.219,51199.219,51199.219,51199.219,51199.219,1GRFE ,49.412,Avail,Incmpl,Incmpl,Enable,7.996,ON,OFF,OFF,OFF,ON
3605,ON,Avail,Compl,Enable,Compl,CL,CL,Compl,Unable,Not Avl,Compl,Compl,Enable,OFF,0,15.500,214,ON,13.750,15,0.105,2344,18,21
3606,-3,OFF,0,4.688,5.870,OFF,0,0,55,Avail,Compl,Enable,0,GRN2#  ,2011,ON,0,ACTIVE,ACTIVE,0.967,0.947,0.720,0.720,54.145
3607,54.145,Avail,Compl,Avail,Incmpl,Incmpl,Enable,OBD II (California ARB),OFF,OFF,44.965,-0.055,OFF,0,OFF,1st,OFF,OFF,OFF,OFF,OFF,OFF,0,0.781
3608,ON,OFF,1000,0,OFF,OFF,OFF,ON,Gasoline,0.998,OFF,OFF,0.684,ON,0.312,16.078,6,0,0.801,0.801,2.383,0.801,0.918,2.031
3609,47.843,0,16.078,15,0,0.055,OFF,ECT 5th,NA,OFF,97.812,97.856,14.118,0,Not Avl,0,0,0,0,ON,ON,0,0,1
3610,0,14.178,Not Avl,Compl,Compl,Unable,ON,Not Avl,Compl,Compl,Unable,OFF,38.281,35.938,30.625,30.625,19.531,39.551,15.686,31.765,0.781,1.582,ON,0
3611,OFF,ON,ON,0.995,0.997,0,0,3.303,3.298,0,97,51199.219,13.886,23.529,OFF,OFF,OFF,OFF,OFF,OFF,OFF,OFF,Avail,Incmpl
3612,Incmpl,Enable,Avail,484.200,324.300,484.200,324.300,ON,Avail,Compl,Enable,73,0,0,0,0,0,0,6,A,0,0,Avail,Incmpl
3613,Incmpl,Enable,OFF,OFF,872,1050.750,51199.219,51199.219,51199.219,51199.219,51199.219,51199.219,1GRFE ,49.412,Avail,Incmpl,Incmpl,Enable,7.996,ON,OFF,OFF,OFF,ON
3614,ON,Avail,Compl,Enable,Compl,CL,CL,Compl,Unable,Not Avl,Compl,Compl,Enable,OFF,0,16,234,ON,13.750,15,0.105,2352,18,21
3615,-3,OFF,0,4.688,5.900,OFF,0,0,63,Avail,Compl,Enable,0,GRN2#  ,2011,ON,0,ACTIVE,ACTIVE,0.962,0.947,0.720,0.720,54.145
3616,55.117,Avail,Compl,Avail,Incmpl,Incmpl,Enable,OBD II (California ARB),OFF,OFF,45.325,-0.055,OFF,0,OFF,1st,OFF,OFF,OFF,OFF,OFF,OFF,0,0
3617,ON,OFF,1000,0,OFF,OFF,OFF,ON,Gasoline,0.999,OFF,OFF,0.684,ON,0.312,16.078,6,0,0.801,0.801,2.383,0.801,0.918,2.031
3618,47.843,0,16.078,15,0,0.055,OFF,ECT 5th,NA,OFF,97.790,97.702,14.118,0,Not Avl,0,0,0,0,ON,ON,0,0,1
3619,0,14.180,Not Avl,Compl,Compl,Unable,ON,Not Avl,Compl,Compl,Unable,OFF,38.281,35.938,30.625,30.625,19.531,39.551,15.686,31.765,0.781,1.582,ON,0
3620,OFF,ON,ON,0.996,0.997,0,0,3.303,3.303,0,97,51199.219,13.886,23.529,OFF,OFF,OFF,OFF,OFF,OFF,OFF,OFF,Avail,Incmpl
3621,Incmpl,Enable,Avail,484.200,324.300,484.200,324.300,ON,Avail,Compl,Enable,73,0,0,0,0,0,0,6,A,0,0,Avail,Incmpl
3622,Incmpl,Enable,OFF,OFF,872,1054.500,51199.219,51199.219,51199.219,51199.219,51199.219,51199.219,1GRFE ,49.412,Avail,Incmpl,Incmpl,Enable,7.996,ON,OFF,OFF,OFF,ON
3623,ON,Avail,Compl,Enable,Compl,CL,CL,Compl,Unable,Not Avl,Compl,Compl,Enable,OFF,0,16,255,ON,13.750,15,0.105,2337,18,21
3624,-3,OFF,0,4.688,5.890,OFF,0,0,63,Avail,Compl,Enable,0,GRN2#  ,2011,ON,0,ACTIVE,ACTIVE,0.962,0.947,0.720,0.720,53.496
3625,55.117,Avail,Compl,Avail,Incmpl,Incmpl,Enable,OBD II (California ARB),OFF,OFF,45.087,-0.055,OFF,0,OFF,1st,OFF,OFF,OFF,OFF,OFF,OFF,-0.781,0
3626,ON,OFF,1000,0,OFF,OFF,OFF,ON,Gasoline,1.002,OFF,OFF,0.684,ON,0.312,16.078,6,0,0.801,0.801,2.383,0.801,0.918,2.031
3627,47.843,0,16.078,15,0,0.055,OFF,ECT 5th,NA,OFF,97.768,97.680,14.118,0,Not Avl,0,0,0,0,ON,ON,0,0,1
3628,0,14.178,Not Avl,Compl,Compl,Unable,ON,Not Avl,Compl,Compl,Unable,OFF,38.281,35.938,30.625,30.625,19.531,39.551,15.686,31.765,0.781,1.582,ON,0
3629,OFF,ON,ON,0.998,0.999,0.008,0.008,3.313,3.313,0,97,51199.219,13.867,23.529,OFF,OFF,OFF,OFF,OFF,OFF,OFF,OFF,Avail,Incmpl
3630,Incmpl,Enable,Avail,484.200,324.300,484.200,324.300,ON,Avail,Compl,Enable,73,0,0,0,0,0,0,6,A,0,0,Avail,Incmpl
3631,Incmpl,Enable,OFF,OFF,872,1037.500,51199.219,51199.219,51199.219,51199.219,51199.219,51199.219,1GRFE ,49.412,Avail,Incmpl,Incmpl,Enable,7.996,ON,OFF,OFF,OFF,ON
3632,ON,Avail,Compl,Enable,Compl,CL,CL,Compl,Unable,Not Avl,Compl,Compl,Enable,OFF,0,15.500,276,ON,13.750,15,0.105,2352,18,21
3633,-3,OFF,0,4.688,5.900,OFF,0,0,68,Avail,Compl,Enable,0,GRN2#  ,2011,ON,0,ACTIVE,ACTIVE,0.967,0.947,0.720,0.720,53.820
3634,54.793,Avail,Compl,Avail,Incmpl,Incmpl,Enable,OBD II (California ARB),OFF,OFF,44.977,-0.055,OFF,0,OFF,1st,OFF,OFF,OFF,OFF,OFF,OFF,0,0
3635,ON,OFF,1000,0,OFF,OFF,OFF,ON,Gasoline,1.003,OFF,OFF,0.684,ON,0.312,16.078,6,0,0.801,0.801,2.383,0.801,0.918,2.031
3636,47.843,0,16.078,16,0,0.055,OFF,ECT 5th,NA,OFF,97.812,97.944,14.118,0,Not Avl,0,0,0,0,ON,ON,0,0,1
3637,0,14.178,Not Avl,Compl,Compl,Unable,ON,Not Avl,Compl,Compl,Unable,OFF,38.281,35.938,30.625,30.625,19.531,39.551,15.686,31.765,0.781,1.582,ON,0
3638,OFF,ON,ON,0.999,0.997,0.027,0.012,3.322,3.303,0,97,51199.219,13.886,23.529,OFF,OFF,OFF,OFF,OFF,OFF,OFF,OFF,Avail,Incmpl
3639,Incmpl,Enable,Avail,484.200,324.300,484.200,324.300,ON,Avail,Compl,Enable,73,0,0,0,0,0,0,6,A,0,0,Avail,Incmpl
3640,Incmpl,Enable,OFF,OFF,873,1042.750,51199.219,51199.219,51199.219,51199.219,51199.219,51199.219,1GRFE ,49.412,Avail,Incmpl,Incmpl,Enable,7.996,ON,OFF,OFF,OFF,ON
3641,ON,Avail,Compl,Enable,Compl,CL,CL,Compl,Unable,Not Avl,Compl,Compl,Enable,OFF,0,15.500,301,ON,13.750,15,0.105,2348,18,21
3642,-3,OFF,0,4.688,5.840,OFF,0,0,68,Avail,Compl,Enable,0,GRN2#  ,2011,ON,0,Not Act,ACTIVE,0.962,0.947,0.720,0.720,53.820
3643,54.793,Avail,Compl,Avail,Incmpl,Incmpl,Enable,OBD II (California ARB),OFF,OFF,44.977,-0.055,OFF,0,OFF,1st,OFF,OFF,OFF,OFF,OFF,OFF,0,0
3644,ON,OFF,1000,0,OFF,OFF,OFF,ON,Gasoline,1.004,OFF,OFF,0.684,ON,0.312,16.078,6,0,0.801,0.801,2.383,0.801,0.918,2.031
3645,47.843,0,16.078,16,0,0.055,OFF,ECT 5th,NA,OFF,97.768,97.680,14.118,0,Not Avl,0,0,0,0,ON,ON,0,0,1
3646,0,14.178,Not Avl,Compl,Compl,Unable,ON,Not Avl,Compl,Compl,Unable,OFF,38.281,35.938,30.625,30.625,19.531,39.551,15.686,31.765,0.781,1.582,ON,0
3647,OFF,ON,ON,1.004,1.001,0.027,0.012,3.347,3.322,0,97,51199.219,13.886,23.922,OFF,OFF,OFF,OFF,OFF,OFF,OFF,OFF,Avail,Incmpl
3648,Incmpl,Enable,Avail,484.200,324.300,484.200,324.300,ON,Avail,Compl,Enable,73,0,0,0,0,0,0,6,A,0,0,Avail,Incmpl
3649,Incmpl,Enable,OFF,OFF,873,1039.750,51199.219,51199.219,51199.219,51199.219,51199.219,51199.219,1GRFE ,49.412,Avail,Incmpl,Incmpl,Enable,7.996,ON,OFF,OFF,OFF,ON
3650,ON,Avail,Compl,Enable,Compl,CL,CL,Compl,Unable,Not Avl,Compl,Compl,Enable,OFF,0,15.500,324,ON,13.750,15,0.105,2363,18,21
3651,-3,OFF,0,4.688,5.850,OFF,0,0,68,Avail,Compl,Enable,0,GRN2#  ,2011,ON,0,ACTIVE,ACTIVE,0.962,0.947,0.720,0.720,54.145
3652,54.469,Avail,Compl,Avail,Incmpl,Incmpl,Enable,OBD II (California ARB),OFF,OFF,44.977,-0.055,OFF,0,OFF,1st,OFF,OFF,OFF,OFF,OFF,OFF,0,0
3653,ON,OFF,1000,0,OFF,OFF,OFF,ON,Gasoline,1.002,OFF,OFF,0.684,ON,0.312,16.078,7,0,0.801,0.801,2.383,0.801,0.918,2.031
3654,47.843,0,16.078,16,0,0.055,OFF,ECT 5th,NA,OFF,97.812,97.944,14.118,0,Not Avl,0,0,0,0,ON,ON,0,0,1
3655,0,14.180,Not Avl,Compl,Compl,Unable,ON,Not Avl,Compl,Compl,Unable,OFF,38.281,35.938,30.625,30.625,19.531,39.551,15.686,31.765,0.781,1.582,ON,0
3656,OFF,ON,ON,0.999,0.998,0.012,0.004,3.318,3.308,0,97,51199.219,13.886,23.922,OFF,OFF,OFF,OFF,OFF,OFF,OFF,OFF,Avail,Incmpl
3657,Incmpl,Enable,Avail,484.300,324.300,484.300,324.300,ON,Avail,Compl,Enable,73,0,0,0,0,0,0,6,A,0,0,Avail,Incmpl
3658,Incmpl,Enable,OFF,OFF,874,1045.250,51199.219,51199.219,51199.219,51199.219,51199.219,51199.219,1GRFE ,49.804,Avail,Incmpl,Incmpl,Enable,7.996,ON,OFF,OFF,OFF,ON
3659,ON,Avail,Compl,Enable,Compl,CL,CL,Compl,Unable,Not Avl,Compl,Compl,Enable,OFF,0,15.500,345,ON,13.750,15,0.105,2363,18,21
3660,-3,OFF,0,4.688,5.900,OFF,0,0,65,Avail,Compl,Enable,0,GRN2#  ,2011,ON,0,ACTIVE,ACTIVE,0.962,0.947,0.720,0.720,53.496
3661,54.469,Avail,Compl,Avail,Incmpl,Incmpl,Enable,OBD II (California ARB),OFF,OFF,45.337,-0.055,OFF,0,OFF,1st,OFF,OFF,OFF,OFF,OFF,OFF,0,0
3662,ON,OFF,1000,0,OFF,OFF,OFF,ON,Gasoline,1.001,OFF,OFF,0.684,ON,0.312,16.078,6,0,0.801,0.801,2.383,0.801,0.918,2.031
3663,47.843,0,16.078,16,0,0.055,OFF,ECT 5th,NA,OFF,97.812,97.812,14.118,0,Not Avl,0,0,0,0,ON,ON,0,0,1
3664,0,14.178,Not Avl,Compl,Compl,Unable,ON,Not Avl,Compl,Compl,Unable,OFF,38.281,35.938,30.625,30.625,19.531,39.551,15.686,31.765,0.781,1.582,ON,0
3665,OFF,ON,ON,1.002,0.995,0.023,-0.008,3.337,3.283,0,97,51199.219,13.886,23.529,OFF,OFF,OFF,OFF,OFF,OFF,OFF,OFF,Avail,Incmpl
3666,Incmpl,Enable,Avail,484.300,324.300,484.300,324.300,ON,Avail,Compl,Enable,73,0,0,0,0,0,0,6,A,0,0,Avail,Incmpl
3667,Incmpl,Enable,OFF,OFF,874,1046,51199.219,51199.219,51199.219,51199.219,51199.219,51199.219,1GRFE ,49.412,Avail,Incmpl,Incmpl,Enable,7.996,ON,OFF,OFF,OFF,ON
3668,ON,Avail,Compl,Enable,Compl,CL,CL,Compl,Unable,Not Avl,Compl,Compl,Enable,OFF,0,15.500,368,ON,13.750,15,0.105,2344,18,21
3669,-3,OFF,0,4.688,5.850,OFF,0,0,65,Avail,Compl,Enable,0,GRN2#  ,2011,ON,0,ACTIVE,ACTIVE,0.967,0.952,0.720,0.720,53.496
3670,54.469,Avail,Compl,Avail,Incmpl,Incmpl,Enable,OBD II (California ARB),OFF,OFF,45.215,-0.055,OFF,0,OFF,1st,OFF,OFF,OFF,OFF,OFF,OFF,0,0
3671,ON,OFF,1000,0,OFF,OFF,OFF,ON,Gasoline,1.000,OFF,OFF,0.684,ON,0.312,16.078,6,0,0.801,0.801,2.383,0.801,0.918,2.031
3672,47.843,0,16.078,16,0,0.055,OFF,ECT 5th,NA,OFF,97.768,97.680,14.118,0,Not Avl,0,0,0,0,ON,ON,0,0,1
3673,0,14.178,Not Avl,Compl,Compl,Unable,ON,Not Avl,Compl,Compl,Unable,OFF,38.281,35.938,30.625,30.625,19.531,39.551,15.686,31.765,0.781,1.582,ON,0
3674,OFF,ON,ON,0.998,0.999,0.008,0.012,3.313,3.318,0,97,51199.219,13.886,23.529,OFF,OFF,OFF,OFF,OFF,OFF,OFF,OFF,Avail,Incmpl
3675,Incmpl,Enable,Avail,484.300,324.300,484.300,324.300,ON,Avail,Compl,Enable,73,0,0,0,0,0,0,6,A,0,0,Avail,Incmpl
3676,Incmpl,Enable,OFF,OFF,875,1041.250,51199.219,51199.219,51199.219,51199.219,51199.219,51199.219,1GRFE ,49.412,Avail,Incmpl,Incmpl,Enable,7.996,ON,OFF,OFF,OFF,ON
3677,ON,Avail,Compl,Enable,Compl,CL,CL,Compl,Unable,Not Avl,Compl,Compl,Enable,OFF,0,15.500,392,ON,13.750,15,0.105,2359,18,21
3678,-3,OFF,0,4.688,5.870,OFF,0,0,65,Avail,Compl,Enable,0,GRN2#  ,2011,ON,0,ACTIVE,ACTIVE,0.967,0.947,0.720,0.720,53.496
3679,54.793,Avail,Compl,Avail,Incmpl,Incmpl,Enable,OBD II (California ARB),OFF,OFF,44.861,-0.055,OFF,0,OFF,1st,OFF,OFF,OFF,OFF,OFF,OFF,0,0
3680,ON,OFF,1000,0,OFF,OFF,OFF,ON,Gasoline,1.000,OFF,OFF,0.684,ON,0.312,16.078,6,0,0.801,0.801,2.383,0.801,0.918,2.031
3681,47.843,0,16.078,16,0,0.055,OFF,ECT 5th,NA,OFF,97.812,97.922,14.118,0,Not Avl,0,0,0,0,ON,ON,0,0,1
3682,0,14.178,Not Avl,Compl,Compl,Unable,ON,Not Avl,Compl,Compl,Unable,OFF,38.281,35.938,30.625,30.625,19.531,39.551,15.686,31.765,0.781,1.582,ON,0
3683,OFF,ON,ON,1.000,0.999,0.016,0.004,3.327,3.308,0,97,51199.219,13.886,23.922,OFF,OFF,OFF,OFF,OFF,OFF,OFF,OFF,Avail,Incmpl
3684,Incmpl,Enable,Avail,484.300,324.300,484.300,324.300,ON,Avail,Compl,Enable,73,0,0,0,0,0,0,6,A,0,0,Avail,Incmpl
3685,Incmpl,Enable,OFF,OFF,875,1046,51199.219,51199.219,51199.219,51199.219,51199.219,51199.219,1GRFE ,49.412,Avail,Incmpl,Incmpl,Enable,7.996,ON,OFF,OFF,OFF,ON
3686,ON,Avail,Compl,Enable,Compl,CL,CL,Compl,Unable,Not Avl,Compl,Compl,Enable,OFF,0,15.500,417,ON,13.750,15,0.105,2359,18,21
3687,-3,OFF,0,4.688,5.900,OFF,0,0,65,Avail,Compl,Enable,0,GRN2#  ,2011,ON,0,ACTIVE,ACTIVE,0.962,0.947,0.720,0.720,54.145
3688,54.793,Avail,Compl,Avail,Incmpl,Incmpl,Enable,OBD II (California ARB),OFF,OFF,45.215,-0.055,OFF,0,OFF,1st,OFF,OFF,OFF,OFF,OFF,OFF,0,0
3689,ON,OFF,1000,0,OFF,OFF,OFF,ON,Gasoline,0.999,OFF,OFF,0.684,ON,0.391,16.078,6,0,0.801,0.801,2.383,0.801,0.918,2.031
3690,47.843,0,16.078,16,0,0.055,OFF,ECT 5th,NA,OFF,97.790,97.834,14.118,0,Not Avl,0,0,0,0,ON,ON,0,0,1
3691,0,14.182,Not Avl,Compl,Compl,Unable,ON,Not Avl,Compl,Compl,Unable,OFF,38.281,46.094,30.625,30.625,19.531,39.551,15.686,31.765,0.781,1.582,ON,0
3692,OFF,ON,ON,0.996,1.001,0,0.012,3.303,3.322,0,97,51199.219,13.886,23.529,OFF,OFF,OFF,OFF,OFF,OFF,OFF,OFF,Avail,Incmpl
3693,Incmpl,Enable,Avail,484.400,324.300,484.400,324.300,ON,Avail,Compl,Enable,73,0,0,0,0,0,0,6,A,0,0,Avail,Incmpl
3694,Incmpl,Enable,OFF,OFF,875,1046.750,51199.219,51199.219,51199.219,51199.219,51199.219,51199.219,1GRFE ,49.412,Avail,Incmpl,Incmpl,Enable,7.996,ON,OFF,OFF,OFF,ON
3695,ON,Avail,Compl,Enable,Compl,CL,CL,Compl,Unable,Not Avl,Compl,Compl,Enable,OFF,0,16,441,ON,13.750,15,0.105,2344,18,21
3696,-3,OFF,0,4.688,5.850,OFF,0,0,66,Avail,Compl,Enable,0,GRN2#  ,2011,ON,0,ACTIVE,ACTIVE,0.962,0.947,0.720,0.720,53.172
3697,54.469,Avail,Compl,Avail,Incmpl,Incmpl,Enable,OBD II (California ARB),OFF,OFF,45.337,-0.055,OFF,0,OFF,1st,OFF,OFF,OFF,OFF,OFF,OFF,0,0
3698,ON,OFF,1000,0,OFF,OFF,OFF,ON,Gasoline,0.998,OFF,OFF,0.684,ON,0.312,16.078,6,0,0.801,0.801,2.383,0.801,0.918,2.031
3699,47.843,0,16.078,16,0,0.055,OFF,ECT 5th,NA,OFF,97.812,97.944,14.118,0,Not Avl,0,0,0,0,ON,ON,0,0,1
3700,0,14.178,Not Avl,Compl,Compl,Unable,ON,Not Avl,Compl,Compl,Unable,OFF,38.281,39.844,30.625,30.625,19.531,39.551,15.686,31.765,0.781,1.582,ON,0
3701,OFF,ON,ON,1.002,1.001,0.023,0.012,3.337,3.322,0,97,51199.219,13.886,23.922,OFF,OFF,OFF,OFF,OFF,OFF,OFF,OFF,Avail,Incmpl
3702,Incmpl,Enable,Avail,484.400,324.300,484.400,324.300,ON,Avail,Compl,Enable,73,0,0,0,0,0,0,6,A,0,0,Avail,Incmpl
3703,Incmpl,Enable,OFF,OFF,876,1041.250,51199.219,51199.219,51199.219,51199.219,51199.219,51199.219,1GRFE ,49.412,Avail,Incmpl,Incmpl,Enable,7.996,ON,OFF,OFF,OFF,ON
3704,ON,Avail,Compl,Enable,Compl,CL,CL,Compl,Unable,Not Avl,Compl,Compl,Enable,OFF,0,15.500,464,ON,13.750,15,0.105,2374,18,21
3705,-3,OFF,0,4.688,5.900,OFF,0,0,66,Avail,Compl,Enable,0,GRN2#  ,2011,ON,0,ACTIVE,ACTIVE,0.962,0.947,0.720,0.720,53.496
3706,54.469,Avail,Compl,Avail,Incmpl,Incmpl,Enable,OBD II (California ARB),OFF,OFF,44.977,-0.055,OFF,0,OFF,1st,OFF,OFF,OFF,OFF,OFF,OFF,0,0
3707,ON,OFF,1000,0,OFF,OFF,OFF,ON,Gasoline,1.000,OFF,OFF,0.684,ON,0.312,16.078,6,0,0.801,0.801,2.383,0.801,0.918,2.031
3708,47.843,0,16.078,16,0,0.055,OFF,ECT 5th,NA,OFF,97.768,97.658,14.118,0,Not Avl,0,0,0,0,ON,ON,0,0,1
3709,0,14.164,Not Avl,Compl,Compl,Unable,ON,Not Avl,Compl,Compl,Unable,OFF,38.281,38.281,30.625,31.250,19.531,39.551,15.686,31.765,0.781,1.582,ON,0
3710,OFF,ON,ON,0.997,0.998,0.008,0.004,3.313,3.308,0,97,51199.219,13.867,23.529,OFF,OFF,OFF,OFF,OFF,OFF,OFF,OFF,Avail,Incmpl
3711,Incmpl,Enable,Avail,484.400,324.300,484.400,324.300,ON,Avail,Compl,Enable,73,0,0,0,0,0,0,6,A,0,0,Avail,Incmpl
3712,Incmpl,Enable,OFF,OFF,876,1040.500,51199.219,51199.219,51199.219,51199.219,51199.219,51199.219,1GRFE ,49.412,Avail,Incmpl,Incmpl,Enable,7.996,ON,OFF,OFF,OFF,ON
3713,ON,Avail,Compl,Enable,Compl,CL,CL,Compl,Unable,Not Avl,Compl,Compl,Enable,OFF,0,15.500,492,ON,13.750,15,0.105,2352,18,21
3714,-3,OFF,0,4.688,5.840,OFF,0,0,64,Avail,Compl,Enable,0,GRN2#  ,2011,ON,0,ACTIVE,ACTIVE,0.962,0.947,0.720,0.720,53.496
3715,54.469,Avail,Compl,Avail,Incmpl,Incmpl,Enable,OBD II (California ARB),OFF,OFF,44.849,-0.055,OFF,0,OFF,1st,OFF,OFF,OFF,OFF,OFF,OFF,0,0
3716,ON,OFF,1000,0,OFF,OFF,OFF,ON,Gasoline,1.000,OFF,OFF,0.684,ON,0.312,16.078,6,0,0.801,0.801,2.383,0.801,0.918,2.031
3717,47.843,0,16.078,16,0,0.055,OFF,ECT 5th,NA,OFF,97.790,97.768,14.118,0,Not Avl,0,0,0,0,ON,ON,0,0,1
3718,0,14.178,Not Avl,Compl,Compl,Unable,ON,Not Avl,Compl,Compl,Unable,OFF,38.281,38.281,30.625,30.625,19.531,39.551,15.686,31.765,0.781,1.582,ON,0
3719,OFF,ON,ON,0.999,1.000,0.012,0.012,3.322,3.318,0,97,51199.219,13.886,23.922,OFF,OFF,OFF,OFF,OFF,OFF,OFF,OFF,Avail,Incmpl
3720,Incmpl,Enable,Avail,484.400,324.300,484.400,324.300,ON,Avail,Compl,Enable,73,0,0,0,0,0,0,6,A,0,0,Avail,Incmpl
3721,Incmpl,Enable,OFF,OFF,877,1034.250,51199.219,51199.219,51199.219,51199.219,51199.219,51199.219,1GRFE ,49.412,Avail,Incmpl,Incmpl,Enable,7.996,ON,OFF,OFF,OFF,ON
3722,ON,Avail,Compl,Enable,Compl,CL,CL,Compl,Unable,Not Avl,Compl,Compl,Enable,OFF,0,15.500,514,ON,13.750,15,0.105,2381,18,21
3723,-3,OFF,0,4.688,5.890,OFF,0,0,64,Avail,Compl,Enable,0,GRN2#  ,2011,ON,0,ACTIVE,ACTIVE,0.967,0.947,0.700,0.720,54.145
3724,55.117,Avail,Compl,Avail,Incmpl,Incmpl,Enable,OBD II (California ARB),OFF,OFF,45.337,-0.055,OFF,0,OFF,1st,OFF,OFF,OFF,OFF,OFF,OFF,0,0
3725,ON,OFF,1000,0,OFF,OFF,OFF,ON,Gasoline,1.000,OFF,OFF,0.684,ON,0.391,16.078,6,0,0.801,0.801,2.383,0.801,0.918,2.031
3726,47.843,0,16.078,16,0,0.055,OFF,ECT 5th,NA,OFF,97.812,97.900,14.118,0,Not Avl,0,0,0,0,ON,ON,0,0,1
3727,0,14.178,Not Avl,Compl,Compl,Unable,ON,Not Avl,Compl,Compl,Unable,OFF,38.281,38.281,30.625,31.250,19.531,39.551,15.686,31.765,0.781,1.582,ON,0
3728,OFF,ON,ON,0.996,0.993,0,-0.012,3.303,3.279,0,97,51199.219,13.886,23.922,OFF,OFF,OFF,OFF,OFF,OFF,OFF,OFF,Avail,Incmpl
3729,Incmpl,Enable,Avail,484.400,324.300,484.400,324.300,ON,Avail,Compl,Enable,73,0,0,0,0,0,0,6,A,0,0,Avail,Incmpl
3730,Incmpl,Enable,OFF,OFF,877,1042.750,51199.219,51199.219,51199.219,51199.219,51199.219,51199.219,1GRFE ,49.412,Avail,Incmpl,Incmpl,Enable,7.996,ON,OFF,OFF,OFF,ON
3731,ON,Avail,Compl,Enable,Compl,CL,CL,Compl,Unable,Not Avl,Compl,Compl,Enable,OFF,0,15.500,536,ON,13.750,15,0.105,2355,18,21
3732,-3,OFF,0,4.688,5.840,OFF,0,0,64,Avail,Compl,Enable,0,GRN2#  ,2011,ON,0,ACTIVE,ACTIVE,0.962,0.947,0.720,0.720,54.145
3733,54.469,Avail,Compl,Avail,Incmpl,Incmpl,Enable,OBD II (California ARB),OFF,OFF,45.337,-0.055,OFF,0,OFF,1st,OFF,OFF,OFF,OFF,OFF,OFF,0,0
3734,ON,OFF,1000,0,OFF,OFF,OFF,ON,Gasoline,1.001,OFF,OFF,0.684,ON,0.391,16.078,6,0,0.801,0.801,2.383,0.801,0.918,2.031
3735,47.843,0,16.078,16,0,0.055,OFF,ECT 5th,NA,OFF,97.812,97.944,14.118,0,Not Avl,0,0,0,0,ON,ON,0,0,1
3736,0,14.178,Not Avl,Compl,Compl,Unable,ON,Not Avl,Compl,Compl,Unable,OFF,38.281,38.281,30.625,31.250,19.531,39.551,15.686,31.765,0.781,1.582,ON,0
3737,OFF,ON,ON,0.999,0.994,0.016,-0.004,3.327,3.288,0,97,51199.219,13.886,23.529,OFF,OFF,OFF,OFF,OFF,OFF,OFF,OFF,Avail,Incmpl
3738,Incmpl,Enable,Avail,484.400,324.300,484.400,324.300,ON,Avail,Compl,Enable,73,0,0,0,0,0,0,6,A,0,0,Avail,Incmpl
3739,Incmpl,Enable,OFF,OFF,878,1049,51199.219,51199.219,51199.219,51199.219,51199.219,51199.219,1GRFE ,49.412,Avail,Incmpl,Incmpl,Enable,7.996,ON,OFF,OFF,OFF,ON
3740,ON,Avail,Compl,Enable,Compl,CL,CL,Compl,Unable,Not Avl,Compl,Compl,Enable,OFF,0,15.500,558,ON,13.750,15,0.106,2341,18,21
3741,-3,OFF,0,4.688,5.840,OFF,0,0,63,Avail,Compl,Enable,0,GRN2#  ,2011,ON,0,ACTIVE,ACTIVE,0.967,0.947,0.700,0.720,53.496
3742,54.145,Avail,Compl,Avail,Incmpl,Incmpl,Enable,OBD II (California ARB),OFF,OFF,45.093,-0.055,OFF,0,OFF,1st,OFF,OFF,OFF,OFF,OFF,OFF,0,0
3743,ON,OFF,1000,0,OFF,OFF,OFF,ON,Gasoline,1.003,OFF,OFF,0.684,ON,0.391,16.078,6,0,0.801,0.801,2.383,0.801,0.918,2.031
3744,47.843,0,16.078,16,0,0.055,OFF,ECT 5th,NA,OFF,97.768,97.680,13.725,0,Not Avl,0,0,0,0,ON,ON,0,0,1
3745,0,14.178,Not Avl,Compl,Compl,Unable,ON,Not Avl,Compl,Compl,Unable,OFF,38.281,38.281,30.625,31.250,19.531,39.551,15.686,31.765,0.781,1.582,ON,0
3746,OFF,ON,ON,1.000,0.995,0.016,0.012,3.327,3.322,0,97,51199.219,13.886,23.922,OFF,OFF,OFF,OFF,OFF,OFF,OFF,OFF,Avail,Incmpl
3747,Incmpl,Enable,Avail,484.400,324.300,484.400,324.300,ON,Avail,Compl,Enable,73,0,0,0,0,0,0,6,A,0,0,Avail,Incmpl
3748,Incmpl,Enable,OFF,OFF,878,1050,51199.219,51199.219,51199.219,51199.219,51199.219,51199.219,1GRFE ,49.804,Avail,Incmpl,Incmpl,Enable,7.996,ON,OFF,OFF,OFF,ON
3749,ON,Avail,Compl,Enable,Compl,CL,CL,Compl,Unable,Not Avl,Compl,Compl,Enable,OFF,0,15.500,581,ON,13.750,15,0.106,2355,18,21
3750,-3,OFF,0,4.688,5.890,OFF,0,0,63,Avail,Compl,Enable,0,GRN2#  ,2011,ON,0,ACTIVE,ACTIVE,0.962,0.947,0.700,0.720,53.496
3751,54.469,Avail,Compl,Avail,Incmpl,Incmpl,Enable,OBD II (California ARB),OFF,OFF,45.093,-0.055,OFF,0,OFF,1st,OFF,OFF,OFF,OFF,OFF,OFF,0,0
3752,ON,OFF,1000,0,OFF,OFF,OFF,ON,Gasoline,1.002,OFF,OFF,0.684,ON,0.312,16.078,6,0,0.801,0.801,2.383,0.801,0.918,2.031
3753,47.843,0,16.078,16,0,0.055,OFF,ECT 5th,NA,OFF,97.812,97.944,14.118,0,Not Avl,0,0,0,0,ON,ON,0,0,1
3754,0,14.180,Not Avl,Compl,Compl,Unable,ON,Not Avl,Compl,Compl,Unable,OFF,38.281,38.281,30.625,31.250,19.531,39.551,15.686,31.765,0.781,1.582,ON,0
3755,OFF,ON,ON,0.999,1.002,0.012,0.020,3.322,3.332,0,97,51199.219,13.886,23.529,OFF,OFF,OFF,OFF,OFF,OFF,OFF,OFF,Avail,Incmpl
3756,Incmpl,Enable,Avail,484.500,324.300,484.500,324.300,ON,Avail,Compl,Enable,73,0,0,0,0,0,0,6,A,0,0,Avail,Incmpl
3757,Incmpl,Enable,OFF,OFF,879,1041.250,51199.219,51199.219,51199.219,51199.219,51199.219,51199.219,1GRFE ,49.412,Avail,Incmpl,Incmpl,Enable,7.996,ON,OFF,OFF,OFF,ON
3758,ON,Avail,Compl,Enable,Compl,CL,CL,Compl,Unable,Not Avl,Compl,Compl,Enable,OFF,0,15.500,7,ON,13.750,15,0.106,2359,18,21
3759,-3,OFF,0,4.688,5.900,OFF,0,0,56,Avail,Compl,Enable,0,GRN2#  ,2011,ON,0,ACTIVE,ACTIVE,0.967,0.947,0.700,0.720,53.496
3760,54.145,Avail,Compl,Avail,Incmpl,Incmpl,Enable,OBD II (California ARB),OFF,OFF,44.849,-0.055,OFF,0,OFF,1st,OFF,OFF,OFF,OFF,OFF,OFF,0,0
3761,ON,OFF,1000,0,OFF,OFF,OFF,ON,Gasoline,1.000,OFF,OFF,0.684,ON,0.391,16.078,6,0,0.801,0.801,2.383,0.801,0.918,2.031
3762,47.843,0,16.078,16,0,0.055,OFF,ECT 5th,NA,OFF,97.812,97.834,14.118,0,Not Avl,0,0,0,0,ON,ON,0,0,1
3763,0,14.180,Not Avl,Compl,Compl,Unable,ON,Not Avl,Compl,Compl,Unable,OFF,38.281,38.281,30.625,31.250,19.531,39.551,15.686,31.765,0.781,1.582,ON,0
3764,OFF,ON,ON,1.000,1.000,0.020,0.012,3.332,3.322,0,97,51199.219,13.886,23.529,OFF,OFF,OFF,OFF,OFF,OFF,OFF,OFF,Avail,Incmpl
3765,Incmpl,Enable,Avail,484.500,324.300,484.500,324.300,ON,Avail,Compl,Enable,73,0,0,0,0,0,0,6,A,0,0,Avail,Incmpl
3766,Incmpl,Enable,OFF,OFF,879,1046.750,51199.219,51199.219,51199.219,51199.219,51199.219,51199.219,1GRFE ,49.412,Avail,Incmpl,Incmpl,Enable,7.996,ON,OFF,OFF,OFF,ON
3767,ON,Avail,Compl,Enable,Compl,CL,CL,Compl,Unable,Not Avl,Compl,Compl,Enable,OFF,0,15.500,31,ON,13.750,15,0.105,2348,18,21
3768,-3,OFF,0,4.688,5.890,OFF,0,0,56,Avail,Compl,Enable,0,GRN2#  ,2011,ON,0,ACTIVE,ACTIVE,0.967,0.947,0.700,0.720,53.496
3769,54.469,Avail,Compl,Avail,Incmpl,Incmpl,Enable,OBD II (California ARB),OFF,OFF,44.977,-0.055,OFF,0,OFF,1st,OFF,OFF,OFF,OFF,OFF,OFF,0,0
3770,ON,OFF,1000,0,OFF,OFF,OFF,ON,Gasoline,0.999,OFF,OFF,0.684,ON,0.391,16.078,6,0,0.801,0.801,2.383,0.801,0.918,2.031
3771,47.843,0,16.078,16,0,0.055,OFF,ECT 5th,NA,OFF,97.790,97.790,14.118,0,Not Avl,0,0,0,0,ON,ON,0,0,1
3772,0,14.169,Not Avl,Compl,Compl,Unable,ON,Not Avl,Compl,Compl,Unable,OFF,38.281,38.281,30.625,31.250,19.531,39.551,15.686,31.765,0.781,1.582,ON,0
3773,OFF,ON,ON,1.003,0.999,0.020,0.008,3.347,3.318,0,97,51199.219,13.867,23.529,OFF,OFF,OFF,OFF,OFF,OFF,OFF,OFF,Avail,Incmpl
3774,Incmpl,Enable,Avail,484.500,324.300,484.500,324.300,ON,Avail,Compl,Enable,73,0,0,0,0,0,0,6,A,0,0,Avail,Incmpl
3775,Incmpl,Enable,OFF,OFF,879,1046,51199.219,51199.219,51199.219,51199.219,51199.219,51199.219,1GRFE ,49.412,Avail,Incmpl,Incmpl,Enable,7.996,ON,OFF,OFF,OFF,ON
3776,ON,Avail,Compl,Enable,Compl,CL,CL,Compl,Unable,Not Avl,Compl,Compl,Enable,OFF,0,15.500,54,ON,13.750,15,0.105,2363,18,21
3777,-3,OFF,0,4.688,5.890,OFF,0,0,56,Avail,Compl,Enable,0,GRN2#  ,2011,ON,0,ACTIVE,ACTIVE,0.967,0.947,0.700,0.720,54.145
3778,54.469,Avail,Compl,Avail,Incmpl,Incmpl,Enable,OBD II (California ARB),OFF,OFF,45.215,-0.055,OFF,0,OFF,1st,OFF,OFF,OFF,OFF,OFF,OFF,0.781,0
3779,ON,OFF,1000,0,OFF,OFF,OFF,ON,Gasoline,0.998,OFF,OFF,0.684,ON,0.391,16.078,7,0,0.801,0.801,2.383,0.801,0.918,2.031
3780,47.843,0,16.078,16,0,0.055,OFF,ECT 5th,NA,OFF,97.812,97.790,14.118,0,Not Avl,0,0,0,0,ON,ON,0,0,1
3781,0,14.178,Not Avl,Compl,Compl,Unable,ON,Not Avl,Compl,Compl,Unable,OFF,38.281,38.281,30.625,31.250,19.531,39.551,15.686,31.765,0.781,1.582,ON,0
3782,OFF,ON,ON,0.996,0.999,0.004,0.008,3.308,3.313,0,97,51199.219,13.886,23.922,OFF,OFF,OFF,OFF,OFF,OFF,OFF,OFF,Avail,Incmpl
3783,Incmpl,Enable,Avail,484.500,324.300,484.500,324.300,ON,Avail,Compl,Enable,73,0,0,0,0,0,0,6,A,0,0,Avail,Incmpl
3784,Incmpl,Enable,OFF,OFF,880,1036.500,51199.219,51199.219,51199.219,51199.219,51199.219,51199.219,1GRFE ,49.020,Avail,Incmpl,Incmpl,Enable,7.996,ON,OFF,OFF,OFF,ON
3785,ON,Avail,Compl,Enable,Compl,CL,CL,Compl,Unable,Not Avl,Compl,Compl,Enable,OFF,0,15.500,78,ON,13.750,15,0.105,2377,18,21
3786,-3,OFF,0,4.688,5.840,OFF,0,0,70,Avail,Compl,Enable,0,GRN2#  ,2011,ON,0,ACTIVE,ACTIVE,0.967,0.947,0.700,0.720,54.469
3787,54.469,Avail,Compl,Avail,Incmpl,Incmpl,Enable,OBD II (California ARB),OFF,OFF,45.093,-0.055,OFF,0,OFF,1st,OFF,OFF,OFF,OFF,OFF,OFF,0,0.781
3788,ON,OFF,1000,0,OFF,OFF,OFF,ON,Gasoline,0.996,OFF,OFF,0.684,ON,0.391,16.078,7,0,0.801,0.801,2.383,0.801,0.918,2.031
3789,47.843,0,16.078,16,0.004,0.055,OFF,ECT 5th,NA,OFF,97.790,97.856,14.118,0,Not Avl,0,0,0,0,ON,ON,0,0,1
3790,0,14.177,Not Avl,Compl,Compl,Unable,ON,Not Avl,Compl,Compl,Unable,OFF,38.281,38.281,30.625,31.250,19.531,39.551,15.686,31.765,0.781,1.582,ON,0
3791,OFF,ON,ON,0.998,0.997,0.012,0.004,3.322,3.308,0,97,51199.219,13.886,23.922,OFF,OFF,OFF,OFF,OFF,OFF,OFF,OFF,Avail,Incmpl
3792,Incmpl,Enable,Avail,484.500,324.300,484.500,324.300,ON,Avail,Compl,Enable,73,0,0,0,0,0,0,6,A,0,0,Avail,Incmpl
3793,Incmpl,Enable,OFF,OFF,880,1046.750,51199.219,51199.219,51199.219,51199.219,51199.219,51199.219,1GRFE ,49.412,Avail,Incmpl,Incmpl,Enable,7.996,ON,OFF,OFF,OFF,ON
3794,ON,Avail,Compl,Enable,Compl,CL,CL,Compl,Unable,Not Avl,Compl,Compl,Enable,OFF,0,15.500,104,ON,13.750,15,0.105,2366,18,21
3795,-3,OFF,0,4.688,5.900,OFF,0,0,70,Avail,Compl,Enable,0,GRN2#  ,2011,ON,0,ACTIVE,ACTIVE,0.962,0.947,0.700,0.720,54.145
3796,54.469,Avail,Compl,Avail,Incmpl,Incmpl,Enable,OBD II (California ARB),OFF,OFF,45.337,-0.055,OFF,0,OFF,1st,OFF,OFF,OFF,OFF,OFF,OFF,0,0
3797,ON,OFF,1000,0,OFF,OFF,OFF,ON,Gasoline,0.998,OFF,OFF,0.684,ON,0.391,16.078,7,0,0.801,0.801,2.383,0.801,0.918,2.031
3798,47.843,0,16.078,16,0.004,0.055,OFF,ECT 5th,NA,OFF,97.790,97.746,14.118,0,Not Avl,0,0,0,0,ON,ON,0,0,1
3799,0,14.180,Not Avl,Compl,Compl,Unable,ON,Not Avl,Compl,Compl,Unable,OFF,38.281,38.281,30.625,31.250,19.531,39.551,15.686,31.765,0.781,1.582,ON,0
3800,OFF,ON,ON,0.997,0.999,0.008,0.012,3.313,3.318,0,97,51199.219,13.886,23.529,OFF,OFF,OFF,OFF,OFF,OFF,OFF,OFF,Avail,Incmpl
3801,Incmpl,Enable,Avail,484.600,324.300,484.600,324.300,ON,Avail,Compl,Enable,73,0,0,0,0,0,0,6,A,0,0,Avail,Incmpl
3802,Incmpl,Enable,OFF,OFF,881,1046,51199.219,51199.219,51199.219,51199.219,51199.219,51199.219,1GRFE ,49.412,Avail,Incmpl,Incmpl,Enable,7.996,ON,OFF,OFF,OFF,ON
3803,ON,Avail,Compl,Enable,Compl,CL,CL,Compl,Unable,Not Avl,Compl,Compl,Enable,OFF,0,15.500,128,ON,13.750,15,0.105,2352,18,21
3804,-3,OFF,0,4.688,5.840,OFF,0,0,71,Avail,Compl,Enable,0,GRN2#  ,2011,ON,0,ACTIVE,ACTIVE,0.967,0.947,0.700,0.720,53.496
3805,54.469,Avail,Compl,Avail,Incmpl,Incmpl,Enable,OBD II (California ARB),OFF,OFF,45.215,-0.055,OFF,0,OFF,1st,OFF,OFF,OFF,OFF,OFF,OFF,0,0
3806,ON,OFF,1000,0,OFF,OFF,OFF,ON,Gasoline,0.998,OFF,OFF,0.684,ON,0.312,16.078,6,0,0.801,0.801,2.383,0.801,0.918,2.031
3807,47.843,0,16.078,16,0.004,0.055,OFF,ECT 5th,NA,OFF,97.790,97.878,14.118,0,Not Avl,0,0,0,0,ON,ON,0,0,1
3808,0,14.180,Not Avl,Compl,Compl,Unable,ON,Not Avl,Compl,Compl,Unable,OFF,38.281,38.281,30.625,31.250,19.531,39.551,15.686,31.765,0.781,1.582,ON,0
3809,OFF,ON,ON,0.996,1.000,0.004,0.012,3.308,3.322,0,97,51199.219,13.886,23.529,OFF,OFF,OFF,OFF,OFF,OFF,OFF,OFF,Avail,Incmpl
3810,Incmpl,Enable,Avail,484.600,324.300,484.600,324.300,ON,Avail,Compl,Enable,73,0,0,0,0,0,0,6,A,0,0,Avail,Incmpl
3811,Incmpl,Enable,OFF,OFF,881,1051.500,51199.219,51199.219,51199.219,51199.219,51199.219,51199.219,1GRFE ,49.412,Avail,Incmpl,Incmpl,Enable,7.996,ON,OFF,OFF,OFF,ON
3812,ON,Avail,Compl,Enable,Compl,CL,CL,Compl,Unable,Not Avl,Compl,Compl,Enable,OFF,0,16,150,ON,13.750,15,0.106,2337,18,21
3813,-3,OFF,0,4.688,5.890,OFF,0,0,71,Avail,Compl,Enable,0,GRN2#  ,2011,ON,0,ACTIVE,ACTIVE,0.967,0.947,0.700,0.720,53.820
3814,54.145,Avail,Compl,Avail,Incmpl,Incmpl,Enable,OBD II (California ARB),OFF,OFF,45.453,-0.055,OFF,0,OFF,1st,OFF,OFF,OFF,OFF,OFF,OFF,0,0.781
3815,ON,OFF,1000,0,OFF,OFF,OFF,ON,Gasoline,1.000,OFF,OFF,0.684,ON,0.391,16.078,6,0,0.801,0.801,2.383,0.801,0.918,2.031
3816,47.843,0,16.078,16,0.004,0.055,OFF,ECT 5th,NA,OFF,97.790,97.702,14.118,0,Not Avl,0,0,0,0,ON,ON,0,0,1
3817,0,14.191,Not Avl,Compl,Compl,Unable,ON,Not Avl,Compl,Compl,Unable,OFF,38.281,38.281,30.625,31.250,19.531,39.551,15.686,31.765,0.781,1.582,ON,0
3818,OFF,ON,ON,0.998,0.998,0.012,0.004,3.322,3.308,0,97,51199.219,13.886,23.529,OFF,OFF,OFF,OFF,OFF,OFF,OFF,OFF,Avail,Incmpl
3819,Incmpl,Enable,Avail,484.600,324.300,484.600,324.300,ON,Avail,Compl,Enable,73,0,0,0,0,0,0,6,A,0,0,Avail,Incmpl
3820,Incmpl,Enable,OFF,OFF,882,1042,51199.219,51199.219,51199.219,51199.219,51199.219,51199.219,1GRFE ,49.412,Avail,Incmpl,Incmpl,Enable,7.996,ON,OFF,OFF,OFF,ON
3821,ON,Avail,Compl,Enable,Compl,CL,CL,Compl,Unable,Not Avl,Compl,Compl,Enable,OFF,0,15.500,173,ON,13.750,15,0.106,2341,18,21
3822,-3,OFF,0,4.688,5.840,OFF,0,0,71,Avail,Compl,Enable,0,GRN2#  ,2011,ON,0,ACTIVE,ACTIVE,0.962,0.947,0.700,0.720,53.820
3823,54.469,Avail,Compl,Avail,Incmpl,Incmpl,Enable,OBD II (California ARB),OFF,OFF,44.861,-0.055,OFF,0,OFF,1st,OFF,OFF,OFF,OFF,OFF,OFF,0,0
3824,ON,OFF,1000,0,OFF,OFF,OFF,ON,Gasoline,1.002,OFF,OFF,0.684,ON,0.391,16.078,6,0,0.801,0.801,2.383,0.801,0.918,2.031
3825,47.843,0,16.078,16,0.004,0.055,OFF,ECT 5th,NA,OFF,97.812,97.900,14.118,0,Not Avl,0,0,0,0,ON,ON,0,0,1
3826,0,14.197,Not Avl,Compl,Compl,Unable,ON,Not Avl,Compl,Compl,Unable,OFF,38.281,38.281,30.625,31.250,19.531,39.551,15.686,31.765,0.781,1.582,ON,0
3827,OFF,ON,ON,1.002,0.996,0.031,0,3.352,3.298,0,97,51199.219,13.886,23.922,OFF,OFF,OFF,OFF,OFF,OFF,OFF,OFF,Avail,Incmpl
3828,Incmpl,Enable,Avail,484.600,324.300,484.600,324.300,ON,Avail,Compl,Enable,73,0,0,0,0,0,0,6,A,0,0,Avail,Incmpl
3829,Incmpl,Enable,OFF,OFF,882,1035,51199.219,51199.219,51199.219,51199.219,51199.219,51199.219,1GRFE ,49.412,Avail,Incmpl,Incmpl,Enable,7.996,ON,OFF,OFF,OFF,ON
3830,ON,Avail,Compl,Enable,Compl,CL,CL,Compl,Unable,Not Avl,Compl,Compl,Enable,OFF,0,15.500,197,ON,13.750,15,0.105,2370,18,21
3831,-3,OFF,0,4.688,5.900,OFF,0,0,71,Avail,Compl,Enable,0,GRN2#  ,2011,ON,0,ACTIVE,Not Act,0.967,0.947,0.700,0.720,53.496
3832,54.469,Avail,Compl,Avail,Incmpl,Incmpl,Enable,OBD II (California ARB),OFF,OFF,44.977,-0.055,OFF,0,OFF,1st,OFF,OFF,OFF,OFF,OFF,OFF,0,0
3833,ON,OFF,1000,0,OFF,OFF,OFF,ON,Gasoline,1.002,OFF,OFF,0.684,ON,0.391,16.078,6,0,0.801,0.801,2.383,0.801,0.918,2.031
3834,47.843,0,16.078,16,0,0.055,OFF,ECT 5th,NA,OFF,97.768,97.680,14.118,0,Not Avl,0,0,0,0,ON,ON,0,0,1
3835,0,14.180,Not Avl,Compl,Compl,Unable,ON,Not Avl,Compl,Compl,Unable,OFF,38.281,38.281,30.625,31.250,19.531,39.551,15.686,31.765,0.781,1.582,ON,0
3836,OFF,ON,ON,1.002,0.995,0.023,0,3.342,3.293,0,97,51199.219,13.886,23.922,OFF,OFF,OFF,OFF,OFF,OFF,OFF,OFF,Avail,Incmpl
3837,Incmpl,Enable,Avail,484.600,324.300,484.600,324.300,ON,Avail,Compl,Enable,73,0,0,0,0,0,0,6,A,0,0,Avail,Incmpl
3838,Incmpl,Enable,OFF,OFF,883,1037.500,51199.219,51199.219,51199.219,51199.219,51199.219,51199.219,1GRFE ,49.412,Avail,Incmpl,Incmpl,Enable,7.996,ON,OFF,OFF,OFF,ON
3839,ON,Avail,Compl,Enable,Compl,CL,CL,Compl,Unable,Not Avl,Compl,Compl,Enable,OFF,0,15.500,220,ON,13.750,15,0.105,2377,18,21
3840,-3,OFF,0,4.688,5.840,OFF,0,0,71,Avail,Compl,Enable,0,GRN2#  ,2011,ON,0,ACTIVE,ACTIVE,0.967,0.947,0.700,0.720,53.820
3841,54.145,Avail,Compl,Avail,Incmpl,Incmpl,Enable,OBD II (California ARB),OFF,OFF,45.099,-0.055,OFF,0,OFF,1st,OFF,OFF,OFF,OFF,OFF,OFF,0,0
3842,ON,OFF,1000,0,OFF,OFF,OFF,ON,Gasoline,0.998,OFF,OFF,0.684,ON,0.391,16.078,6,0,0.801,0.801,2.383,0.801,0.918,2.031
3843,47.843,0,16.078,16,0.004,0.055,OFF,ECT 5th,NA,OFF,97.768,97.680,14.118,0,Not Avl,0,0,0,0,ON,ON,0,0,1
3844,0,14.178,Not Avl,Compl,Compl,Unable,ON,Not Avl,Compl,Compl,Unable,OFF,38.281,38.281,30.625,31.250,19.531,39.551,15.686,31.765,0.781,1.582,ON,0
3845,OFF,ON,ON,0.998,0.997,0.012,0.004,3.322,3.308,0,97,51199.219,13.886,23.529,OFF,OFF,OFF,OFF,OFF,OFF,OFF,OFF,Avail,Incmpl
3846,Incmpl,Enable,Avail,484.600,324.300,484.600,324.300,ON,Avail,Compl,Enable,73,0,0,0,0,0,0,6,A,0,0,Avail,Incmpl
3847,Incmpl,Enable,OFF,OFF,883,1042,51199.219,51199.219,51199.219,51199.219,51199.219,51199.219,1GRFE ,49.412,Avail,Incmpl,Incmpl,Enable,7.996,ON,OFF,OFF,OFF,ON
3848,ON,Avail,Compl,Enable,Compl,CL,CL,Compl,Unable,Not Avl,Compl,Compl,Enable,OFF,0,15.500,241,ON,13.750,15,0.105,2355,18,21
3849,-3,OFF,0,4.688,5.850,OFF,0,0,66,Avail,Compl,Enable,0,GRN2#  ,2011,ON,0,ACTIVE,ACTIVE,0.967,0.947,0.700,0.720,54.145
3850,55.117,Avail,Compl,Avail,Incmpl,Incmpl,Enable,OBD II (California ARB),OFF,OFF,44.977,-0.055,OFF,0,OFF,1st,OFF,OFF,OFF,OFF,OFF,OFF,0,0
3851,ON,OFF,1000,0,OFF,OFF,OFF,ON,Gasoline,0.998,OFF,OFF,0.684,ON,0.391,16.078,6,0,0.801,0.801,2.383,0.801,0.918,2.031
3852,47.843,0,16.078,16,0.004,0.055,OFF,ECT 5th,NA,OFF,97.790,97.768,14.118,0,Not Avl,0,0,0,0,ON,ON,0,0,1
3853,0,14.178,Not Avl,Compl,Compl,Unable,ON,Not Avl,Compl,Compl,Unable,OFF,38.281,38.281,30.625,31.250,19.531,39.551,15.686,31.765,0.781,1.582,ON,0
3854,OFF,ON,ON,1.003,1.002,0.043,0.027,3.342,3.332,0,97,51199.219,13.886,23.529,OFF,OFF,OFF,OFF,OFF,OFF,OFF,OFF,Avail,Incmpl
3855,Incmpl,Enable,Avail,484.600,324.300,484.600,324.300,ON,Avail,Compl,Enable,73,0,0,0,0,0,0,6,A,0,0,Avail,Incmpl
3856,Incmpl,Enable,OFF,OFF,883,1038.250,51199.219,51199.219,51199.219,51199.219,51199.219,51199.219,1GRFE ,49.412,Avail,Incmpl,Incmpl,Enable,7.996,ON,OFF,OFF,OFF,ON
3857,ON,Avail,Compl,Enable,Compl,CL,CL,Compl,Unable,Not Avl,Compl,Compl,Enable,OFF,0,15.500,262,ON,13.750,15,0.106,2370,18,21
3858,-3,OFF,0,4.688,5.850,OFF,0,0,66,Avail,Compl,Enable,0,GRN2#  ,2011,ON,0,ACTIVE,ACTIVE,0.967,0.947,0.700,0.720,54.145
3859,54.469,Avail,Compl,Avail,Incmpl,Incmpl,Enable,OBD II (California ARB),OFF,OFF,44.861,-0.055,OFF,0,OFF,1st,OFF,OFF,OFF,OFF,OFF,OFF,0.781,0
3860,ON,OFF,1000,0,OFF,OFF,OFF,ON,Gasoline,0.997,OFF,OFF,0.684,ON,0.391,16.078,6,0,0.801,0.801,2.383,0.801,0.918,2.031
3861,47.843,0,16.078,16,0.004,0.055,OFF,ECT 5th,NA,OFF,97.812,97.834,14.118,0,Not Avl,0,0,0,0,ON,ON,0,0,1
3862,0,14.178,Not Avl,Compl,Compl,Unable,ON,Not Avl,Compl,Compl,Unable,OFF,38.281,38.281,30.625,31.250,19.531,39.551,15.686,31.765,0.781,1.582,ON,0
3863,OFF,ON,ON,0.996,1.001,0.008,0.016,3.313,3.327,0,97,51199.219,13.886,23.529,OFF,OFF,OFF,OFF,OFF,OFF,OFF,OFF,Avail,Incmpl
3864,Incmpl,Enable,Avail,484.700,324.300,484.700,324.300,ON,Avail,Compl,Enable,73,0,0,0,0,0,0,6,A,0,0,Avail,Incmpl
3865,Incmpl,Enable,OFF,OFF,884,1042,51199.219,51199.219,51199.219,51199.219,51199.219,51199.219,1GRFE ,49.412,Avail,Incmpl,Incmpl,Enable,7.996,ON,OFF,OFF,OFF,ON
3866,ON,Avail,Compl,Enable,Compl,CL,CL,Compl,Unable,Not Avl,Compl,Compl,Enable,OFF,0,15.500,284,ON,13.750,15,0.106,2366,18,21
3867,-3,OFF,0,4.688,5.840,OFF,0,0,63,Avail,Compl,Enable,0,GRN2#  ,2011,ON,0,ACTIVE,ACTIVE,0.967,0.947,0.700,0.720,53.820
3868,54.469,Avail,Compl,Avail,Incmpl,Incmpl,Enable,OBD II (California ARB),OFF,OFF,44.977,-0.055,OFF,0,OFF,1st,OFF,OFF,OFF,OFF,OFF,OFF,0,0
3869,ON,OFF,1000,0,OFF,OFF,OFF,ON,Gasoline,0.995,OFF,OFF,0.684,ON,0.391,16.078,6,0,0.801,0.801,2.383,0.801,0.918,2.031
3870,47.843,0,16.078,16,0.004,0.055,OFF,ECT 5th,NA,OFF,97.790,97.702,14.118,0,Not Avl,0,0,0,0,ON,ON,0,0,1
3871,0,14.178,Not Avl,Compl,Compl,Unable,ON,Not Avl,Compl,Compl,Unable,OFF,38.281,42.188,30.625,31.250,19.531,39.551,15.686,31.765,0.781,1.582,ON,0
3872,OFF,ON,ON,0.998,1.001,0.012,0.012,3.322,3.322,0,97,51199.219,13.886,23.922,OFF,OFF,OFF,OFF,OFF,OFF,OFF,OFF,Avail,Incmpl
3873,Incmpl,Enable,Avail,484.700,324.300,484.700,324.300,ON,Avail,Compl,Enable,73,0,0,0,0,0,0,6,A,0,0,Avail,Incmpl
3874,Incmpl,Enable,OFF,OFF,884,1033.500,51199.219,51199.219,51199.219,51199.219,51199.219,51199.219,1GRFE ,49.412,Avail,Incmpl,Incmpl,Enable,7.996,ON,OFF,OFF,OFF,ON
3875,ON,Avail,Compl,Enable,Compl,CL,CL,Compl,Unable,Not Avl,Compl,Compl,Enable,OFF,0,15.500,307,ON,13.750,15,0.106,2373,18,21
3876,-3,OFF,0,4.688,5.890,OFF,0,0,63,Avail,Compl,Enable,0,GRN2#  ,2011,ON,0,ACTIVE,ACTIVE,0.967,0.947,0.700,0.720,53.820
3877,54.469,Avail,Compl,Avail,Incmpl,Incmpl,Enable,OBD II (California ARB),OFF,OFF,45.215,-0.055,OFF,0,OFF,1st,OFF,OFF,OFF,OFF,OFF,OFF,0,0.781
3878,ON,OFF,1000,0,OFF,OFF,OFF,ON,Gasoline,0.997,OFF,OFF,0.684,ON,0.391,16.078,6,0,0.801,0.801,2.383,0.801,0.918,2.031
3879,47.843,0,16.078,16,0.004,0.055,OFF,ECT 5th,NA,OFF,97.812,97.922,14.118,0,Not Avl,0,0,0,0,ON,ON,0,0,1
3880,0,14.178,Not Avl,Compl,Compl,Unable,ON,Not Avl,Compl,Compl,Unable,OFF,38.281,39.062,30.625,31.250,19.531,39.551,15.686,31.765,0.781,1.582,ON,0
3881,OFF,ON,ON,0.996,1.000,0.008,0.012,3.313,3.322,0,97,51199.219,13.886,23.922,OFF,OFF,OFF,OFF,OFF,OFF,OFF,OFF,Avail,Incmpl
3882,Incmpl,Enable,Avail,484.700,324.300,484.700,324.300,ON,Avail,Compl,Enable,73,0,0,0,0,0,0,6,A,0,0,Avail,Incmpl
3883,Incmpl,Enable,OFF,OFF,885,1035,51199.219,51199.219,51199.219,51199.219,51199.219,51199.219,1GRFE ,49.412,Avail,Incmpl,Incmpl,Enable,7.996,ON,OFF,OFF,OFF,ON
3884,ON,Avail,Compl,Enable,Compl,CL,CL,Compl,Unable,Not Avl,Compl,Compl,Enable,OFF,0,15.500,328,ON,13.750,15,0.106,2381,18,21
3885,-3,OFF,0,4.688,5.900,OFF,0,0,63,Avail,Compl,Enable,0,GRN2#  ,2011,ON,0,ACTIVE,ACTIVE,0.967,0.947,0.680,0.720,54.145
3886,54.469,Avail,Compl,Avail,Incmpl,Incmpl,Enable,OBD II (California ARB),OFF,OFF,45.215,-0.055,OFF,0,OFF,1st,OFF,OFF,OFF,OFF,OFF,OFF,0,0.781
3887,ON,OFF,1000,0,OFF,OFF,OFF,ON,Gasoline,0.997,OFF,OFF,0.684,ON,0.391,16.078,6,0,0.801,0.801,2.383,0.801,0.918,2.031
3888,47.843,0,16.078,16,0.004,0.055,OFF,ECT 5th,NA,OFF,97.812,97.922,14.118,0,Not Avl,0,0,0,0,ON,ON,0,0,1
3889,0,14.178,Not Avl,Compl,Compl,Unable,ON,Not Avl,Compl,Compl,Unable,OFF,38.281,38.281,30.625,31.250,19.531,39.551,15.686,31.765,0.781,1.582,ON,0
3890,OFF,ON,ON,1.000,0.996,0.035,0.012,3.327,3.303,0,97,51199.219,13.886,23.529,OFF,OFF,OFF,OFF,OFF,OFF,OFF,OFF,Avail,Incmpl
3891,Incmpl,Enable,Avail,484.700,324.300,484.700,324.300,ON,Avail,Compl,Enable,73,0,0,0,0,0,0,6,A,0,0,Avail,Incmpl
3892,Incmpl,Enable,OFF,OFF,885,1037.500,51199.219,51199.219,51199.219,51199.219,51199.219,51199.219,1GRFE ,49.412,Avail,Incmpl,Incmpl,Enable,7.996,ON,OFF,OFF,OFF,ON
3893,ON,Avail,Compl,Enable,Compl,CL,CL,Compl,Unable,Not Avl,Compl,Compl,Enable,OFF,0,15.500,351,ON,13.750,15,0.106,2355,18,21
3894,-3,OFF,0,4.688,5.840,OFF,0,0,62,Avail,Compl,Enable,0,GRN2#  ,2011,ON,0,ACTIVE,Not Act,0.962,0.947,0.680,0.720,54.145
3895,54.469,Avail,Compl,Avail,Incmpl,Incmpl,Enable,OBD II (California ARB),OFF,OFF,45.093,-0.055,OFF,0,OFF,1st,OFF,OFF,OFF,OFF,OFF,OFF,0,0
3896,ON,OFF,1000,0,OFF,OFF,OFF,ON,Gasoline,0.997,OFF,OFF,0.684,ON,0.312,16.078,6,0,0.801,0.801,2.383,0.801,0.918,2.031
3897,47.843,0,16.078,16,0.004,0.055,OFF,ECT 5th,NA,OFF,97.790,97.702,14.118,0,Not Avl,0,0,0,0,ON,ON,0,0,1
3898,0,14.178,Not Avl,Compl,Compl,Unable,ON,Not Avl,Compl,Compl,Unable,OFF,38.281,38.281,30.625,31.250,19.531,39.551,15.686,31.765,0.781,1.582,ON,0
3899,OFF,ON,ON,0.997,1.000,0.012,0.012,3.318,3.322,0,97,51199.219,13.886,23.922,OFF,OFF,OFF,OFF,OFF,OFF,OFF,OFF,Avail,Incmpl
3900,Incmpl,Enable,Avail,484.700,324.300,484.700,324.300,ON,Avail,Compl,Enable,73,0,0,0,0,0,0,6,A,0,0,Avail,Incmpl
3901,Incmpl,Enable,OFF,OFF,885,1039.750,51199.219,51199.219,51199.219,51199.219,51199.219,51199.219,1GRFE ,49.412,Avail,Incmpl,Incmpl,Enable,7.996,ON,OFF,OFF,OFF,ON
3902,ON,Avail,Compl,Enable,Compl,CL,CL,Compl,Unable,Not Avl,Compl,Compl,Enable,OFF,0,15.500,374,ON,13.750,15,0.106,2374,18,21
3903,-3,OFF,0,4.688,5.840,OFF,0,0,62,Avail,Compl,Enable,0,GRN2#  ,2011,ON,0,ACTIVE,ACTIVE,0.962,0.947,0.680,0.720,54.145
3904,54.469,Avail,Compl,Avail,Incmpl,Incmpl,Enable,OBD II (California ARB),OFF,OFF,45.215,-0.055,OFF,0,OFF,1st,OFF,OFF,OFF,OFF,OFF,OFF,0,0.781
3905,ON,OFF,1000,0,OFF,OFF,OFF,ON,Gasoline,0.997,OFF,OFF,0.684,ON,0.391,16.078,6,0,0.801,0.801,2.383,0.801,0.918,2.031
3906,47.843,0,16.078,16,0.004,0.055,OFF,ECT 5th,NA,OFF,97.812,97.922,14.118,0,Not Avl,0,0,0,0,ON,ON,0,0,1
3907,0,14.178,Not Avl,Compl,Compl,Unable,ON,Not Avl,Compl,Compl,Unable,OFF,38.281,38.281,30.625,31.250,19.531,39.551,15.686,31.765,0.781,1.582,ON,0
3908,OFF,ON,ON,0.997,0.997,0.012,0.004,3.318,3.308,0,97,51199.219,13.886,23.529,OFF,OFF,OFF,OFF,OFF,OFF,OFF,OFF,Avail,Incmpl
3909,Incmpl,Enable,Avail,484.800,324.300,484.800,324.300,ON,Avail,Compl,Enable,73,0,0,0,0,0,0,6,A,0,0,Avail,Incmpl
3910,Incmpl,Enable,OFF,OFF,886,1036.500,51199.219,51199.219,51199.219,51199.219,51199.219,51199.219,1GRFE ,49.412,Avail,Incmpl,Incmpl,Enable,7.996,ON,OFF,OFF,OFF,ON
3911,ON,Avail,Compl,Enable,Compl,CL,CL,Compl,Unable,Not Avl,Compl,Compl,Enable,OFF,0,15.500,396,ON,13.750,15,0.106,2352,18,21
3912,-3,OFF,0,4.688,5.900,OFF,0,0,70,Avail,Compl,Enable,0,GRN2#  ,2011,ON,0,ACTIVE,ACTIVE,0.967,0.947,0.680,0.720,54.145
3913,54.793,Avail,Compl,Avail,Incmpl,Incmpl,Enable,OBD II (California ARB),OFF,OFF,44.977,-0.055,OFF,0,OFF,1st,OFF,OFF,OFF,OFF,OFF,OFF,0,0
3914,ON,OFF,1000,0,OFF,OFF,OFF,ON,Gasoline,0.999,OFF,OFF,0.684,ON,0.391,16.078,7,0,0.801,0.801,2.383,0.801,0.918,2.031
3915,47.843,0,16.078,16,0.004,0.055,OFF,ECT 5th,NA,OFF,97.812,97.790,14.118,0,Not Avl,0,0,0,0,ON,ON,0,0,1
3916,0,14.178,Not Avl,Compl,Compl,Unable,ON,Not Avl,Compl,Compl,Unable,OFF,38.281,38.281,30.625,31.250,19.531,39.551,15.686,31.765,0.781,1.582,ON,0
3917,OFF,ON,ON,1.000,0.998,0.020,0.008,3.332,3.313,0,97,51199.219,13.886,23.922,OFF,OFF,OFF,OFF,OFF,OFF,OFF,OFF,Avail,Incmpl
3918,Incmpl,Enable,Avail,484.800,324.300,484.800,324.300,ON,Avail,Compl,Enable,73,0,0,0,0,0,0,6,A,0,0,Avail,Incmpl
3919,Incmpl,Enable,OFF,OFF,886,1039,51199.219,51199.219,51199.219,51199.219,51199.219,51199.219,1GRFE ,49.412,Avail,Incmpl,Incmpl,Enable,7.996,ON,OFF,OFF,OFF,ON
3920,ON,Avail,Compl,Enable,Compl,CL,CL,Compl,Unable,Not Avl,Compl,Compl,Enable,OFF,0,15.500,421,ON,13.750,15,0.106,2381,18,21
3921,-3,OFF,0,4.688,5.870,OFF,0,0,70,Avail,Compl,Enable,0,GRN2#  ,2011,ON,0,ACTIVE,ACTIVE,0.962,0.947,0.680,0.720,54.145
3922,54.469,Avail,Compl,Avail,Incmpl,Incmpl,Enable,OBD II (California ARB),OFF,OFF,45.215,-0.055,OFF,0,OFF,1st,OFF,OFF,OFF,OFF,OFF,OFF,0,0
3923,ON,OFF,1000,0,OFF,OFF,OFF,ON,Gasoline,0.998,OFF,OFF,0.684,ON,0.391,16.078,6,0,0.801,0.801,2.383,0.801,0.918,2.031
3924,47.843,0,16.078,16,0.004,0.055,OFF,ECT 5th,NA,OFF,97.790,97.856,14.118,0,Not Avl,0,0,0,0,ON,ON,0,0,1
3925,0,14.164,Not Avl,Compl,Compl,Unable,ON,Not Avl,Compl,Compl,Unable,OFF,38.281,38.281,30.625,31.250,19.531,39.551,15.686,31.765,0.781,1.582,ON,0
3926,OFF,ON,ON,1.000,0.998,0.020,0.008,3.332,3.313,0,97,51199.219,13.886,23.922,OFF,OFF,OFF,OFF,OFF,OFF,OFF,OFF,Avail,Incmpl
3927,Incmpl,Enable,Avail,484.800,324.300,484.800,324.300,ON,Avail,Compl,Enable,73,0,0,0,0,0,0,6,A,0,0,Avail,Incmpl
3928,Incmpl,Enable,OFF,OFF,887,1032,51199.219,51199.219,51199.219,51199.219,51199.219,51199.219,1GRFE ,49.412,Avail,Incmpl,Incmpl,Enable,7.996,ON,OFF,OFF,OFF,ON
3929,ON,Avail,Compl,Enable,Compl,CL,CL,Compl,Unable,Not Avl,Compl,Compl,Enable,OFF,0,15.500,444,ON,13.750,15,0.106,2373,18,21
3930,-3,OFF,0,4.688,5.850,OFF,0,0,58,Avail,Compl,Enable,0,GRN2#  ,2011,ON,0,ACTIVE,ACTIVE,0.967,0.947,0.660,0.720,53.820
3931,54.469,Avail,Compl,Avail,Incmpl,Incmpl,Enable,OBD II (California ARB),OFF,OFF,45.337,-0.055,OFF,0,OFF,1st,OFF,OFF,OFF,OFF,OFF,OFF,0,0
3932,ON,OFF,1000,0,OFF,OFF,OFF,ON,Gasoline,0.998,OFF,OFF,0.684,ON,0.391,16.078,7,0,0.801,0.801,2.383,0.801,0.918,2.031
3933,47.843,0,16.078,16,0.004,0.055,OFF,ECT 5th,NA,OFF,97.790,97.746,14.118,0,Not Avl,0,0,0,0,ON,ON,0,0,1
3934,0,14.180,Not Avl,Compl,Compl,Unable,ON,Not Avl,Compl,Compl,Unable,OFF,38.281,38.281,31.250,31.250,19.531,39.551,15.686,31.765,0.781,1.582,ON,0
3935,OFF,ON,ON,0.998,0.999,0.012,0.012,3.318,3.318,0,97,51199.219,13.886,23.922,OFF,OFF,OFF,OFF,OFF,OFF,OFF,OFF,Avail,Incmpl
3936,Incmpl,Enable,Avail,484.800,324.300,484.800,324.300,ON,Avail,Compl,Enable,73,0,0,0,0,0,0,6,A,0,0,Avail,Incmpl
3937,Incmpl,Enable,OFF,OFF,887,1037.500,51199.219,51199.219,51199.219,51199.219,51199.219,51199.219,1GRFE ,49.412,Avail,Incmpl,Incmpl,Enable,7.996,ON,OFF,OFF,OFF,ON
3938,ON,Avail,Compl,Enable,Compl,CL,CL,Compl,Unable,Not Avl,Compl,Compl,Enable,OFF,0,15.500,468,ON,13.750,15,0.106,2363,18,21
3939,-3,OFF,0,4.688,5.870,OFF,0,0,58,Avail,Compl,Enable,0,GRN2#  ,2011,ON,0,ACTIVE,ACTIVE,0.962,0.947,0.660,0.720,53.820
3940,54.145,Avail,Compl,Avail,Incmpl,Incmpl,Enable,OBD II (California ARB),OFF,OFF,45.337,-0.055,OFF,0,OFF,1st,OFF,OFF,OFF,OFF,OFF,OFF,0,0
3941,ON,OFF,1000,0,OFF,OFF,OFF,ON,Gasoline,0.997,OFF,OFF,0.684,ON,0.391,16.078,6,0,0.801,0.801,2.383,0.801,0.918,2.031
3942,47.843,0,16.078,16,0.004,0.055,OFF,ECT 5th,NA,OFF,97.812,97.878,14.118,0,Not Avl,0,0,0,0,ON,ON,0,0,1
3943,0,14.178,Not Avl,Compl,Compl,Unable,ON,Not Avl,Compl,Compl,Unable,OFF,38.281,38.281,31.250,31.250,19.531,39.551,15.686,31.765,0.781,1.582,ON,0
3944,OFF,ON,ON,1.001,1.001,0.023,0.020,3.337,3.332,0,97,51199.219,13.886,23.529,OFF,OFF,OFF,OFF,OFF,OFF,OFF,OFF,Avail,Incmpl
3945,Incmpl,Enable,Avail,484.800,324.300,484.800,324.300,ON,Avail,Compl,Enable,73,0,0,0,0,0,0,6,A,0,0,Avail,Incmpl
3946,Incmpl,Enable,OFF,OFF,888,1043.750,51199.219,51199.219,51199.219,51199.219,51199.219,51199.219,1GRFE ,49.412,Avail,Incmpl,Incmpl,Enable,7.996,ON,OFF,OFF,OFF,ON
3947,ON,Avail,Compl,Enable,Compl,CL,CL,Compl,Unable,Not Avl,Compl,Compl,Enable,OFF,0,15.500,490,ON,13.750,15,0.106,2348,18,21
3948,-3,OFF,0,4.688,5.850,OFF,0,0,58,Avail,Compl,Enable,0,GRN2#  ,2011,ON,0,ACTIVE,ACTIVE,0.967,0.952,0.660,0.720,54.145
3949,54.469,Avail,Compl,Avail,Incmpl,Incmpl,Enable,OBD II (California ARB),OFF,OFF,45.215,-0.055,OFF,0,OFF,1st,OFF,OFF,OFF,OFF,OFF,OFF,0,0.781
3950,ON,OFF,1000,0,OFF,OFF,OFF,ON,Gasoline,0.997,OFF,OFF,0.684,ON,0.391,16.078,6,0,0.801,0.801,2.383,0.801,0.918,2.031
3951,47.843,0,16.078,16,0.004,0.055,OFF,ECT 5th,NA,OFF,97.790,97.702,14.118,0,Not Avl,0,0,0,0,ON,ON,0,0,1
3952,0,14.180,Not Avl,Compl,Compl,Unable,ON,Not Avl,Compl,Compl,Unable,OFF,38.281,38.281,31.250,31.250,19.531,39.551,15.686,31.765,0.781,1.582,ON,0
3953,OFF,ON,ON,1.000,1.003,0.020,0.023,3.332,3.342,0,97,51199.219,13.886,23.529,OFF,OFF,OFF,OFF,OFF,OFF,OFF,OFF,Avail,Incmpl
3954,Incmpl,Enable,Avail,484.800,324.300,484.800,324.300,ON,Avail,Compl,Enable,73,0,0,0,0,0,0,6,A,0,0,Avail,Incmpl
3955,Incmpl,Enable,OFF,OFF,888,1037.500,51199.219,51199.219,51199.219,51199.219,51199.219,51199.219,1GRFE ,49.020,Avail,Incmpl,Incmpl,Enable,7.996,ON,OFF,OFF,OFF,ON
3956,ON,Avail,Compl,Enable,Compl,CL,CL,Compl,Unable,Not Avl,Compl,Compl,Enable,OFF,0,15.500,508,ON,13.750,15,0.106,2355,18,21
3957,-3,OFF,0,4.688,5.840,OFF,0,0,61,Avail,Compl,Enable,0,GRN2#  ,2011,ON,0,ACTIVE,Not Act,0.962,0.947,0.640,0.720,54.145
3958,54.469,Avail,Compl,Avail,Incmpl,Incmpl,Enable,OBD II (California ARB),OFF,OFF,44.977,-0.055,OFF,0,OFF,1st,OFF,OFF,OFF,OFF,OFF,OFF,0.781,0.781
3959,ON,OFF,1000,0,OFF,OFF,OFF,ON,Gasoline,0.995,OFF,OFF,0.684,ON,0.391,16.078,5,0,0.801,0.801,2.383,0.801,0.918,2.031
3960,47.843,0,16.078,16,0.004,0.055,OFF,ECT 5th,NA,OFF,97.812,97.900,14.118,0,Not Avl,0,0,0,0,ON,ON,0,0,1
3961,0,14.178,Not Avl,Compl,Compl,Unable,ON,Not Avl,Compl,Compl,Unable,OFF,38.281,38.281,31.250,31.250,19.531,39.551,15.686,31.765,0.781,1.582,ON,0
3962,OFF,ON,ON,1.002,1.000,0.027,0.012,3.347,3.322,0,97,51199.219,13.886,23.529,OFF,OFF,OFF,OFF,OFF,OFF,OFF,OFF,Avail,Incmpl
3963,Incmpl,Enable,Avail,484.800,324.300,484.800,324.300,ON,Avail,Compl,Enable,73,0,0,0,0,0,0,6,A,0,0,Avail,Incmpl
3964,Incmpl,Enable,OFF,OFF,888,1042.750,51199.219,51199.219,51199.219,51199.219,51199.219,51199.219,1GRFE ,49.020,Avail,Incmpl,Incmpl,Enable,7.996,ON,OFF,OFF,OFF,ON
3965,ON,Avail,Compl,Enable,Compl,CL,CL,Compl,Unable,Not Avl,Compl,Compl,Enable,OFF,0,15.500,527,ON,13.750,15,0.106,2367,18,21
3966,-3,OFF,0,4.688,5.840,OFF,0,0,61,Avail,Compl,Enable,0,GRN2#  ,2011,ON,0,ACTIVE,ACTIVE,0.962,0.947,0.625,0.720,53.820
3967,54.793,Avail,Compl,Avail,Incmpl,Incmpl,Enable,OBD II (California ARB),OFF,OFF,45.093,-0.055,OFF,0,OFF,1st,OFF,OFF,OFF,OFF,OFF,OFF,0.781,0.781
3968,ON,OFF,1000,0,OFF,OFF,OFF,ON,Gasoline,0.994,OFF,OFF,0.684,ON,0.391,16.078,6,0,0.801,0.801,2.383,0.801,0.918,2.031
3969,47.843,0,16.078,16,0.004,0.055,OFF,ECT 5th,NA,OFF,97.790,97.746,14.118,0,Not Avl,0,0,0,0,ON,ON,0,0,1
3970,0,14.178,Not Avl,Compl,Compl,Unable,ON,Not Avl,Compl,Compl,Unable,OFF,38.281,38.281,31.250,31.250,19.531,39.551,15.686,31.765,0.781,1.582,ON,0
3971,OFF,ON,ON,0.996,0.998,0,0.008,3.303,3.313,0,97,51199.219,13.886,23.529,OFF,OFF,OFF,OFF,OFF,OFF,OFF,OFF,Avail,Incmpl
3972,Incmpl,Enable,Avail,484.900,324.300,484.900,324.300,ON,Avail,Compl,Enable,73,0,0,0,0,0,0,6,A,0,0,Avail,Incmpl
3973,Incmpl,Enable,OFF,OFF,889,1040.500,51199.219,51199.219,51199.219,51199.219,51199.219,51199.219,1GRFE ,49.412,Avail,Incmpl,Incmpl,Enable,7.996,ON,OFF,OFF,OFF,ON
3974,ON,Avail,Compl,Enable,Compl,CL,CL,Compl,Unable,Not Avl,Compl,Compl,Enable,OFF,0,15.500,550,ON,13.750,15,0.106,2373,18,21
3975,-3,OFF,0,4.688,5.840,OFF,0,0,59,Avail,Compl,Enable,0,GRN2#  ,2011,ON,0,ACTIVE,ACTIVE,0.962,0.947,0.625,0.720,54.469
3976,54.469,Avail,Compl,Avail,Incmpl,Incmpl,Enable,OBD II (California ARB),OFF,OFF,44.861,-0.055,OFF,0,OFF,1st,OFF,OFF,OFF,OFF,OFF,OFF,0.781,0.781
3977,ON,OFF,1000,0,OFF,OFF,OFF,ON,Gasoline,0.992,OFF,OFF,0.684,ON,0.391,16.078,6,0,0.801,0.801,2.383,0.801,0.918,2.031
3978,47.843,0,16.078,16,0.008,0.055,OFF,ECT 5th,NA,OFF,97.790,97.680,14.118,0,Not Avl,0,0,0,0,ON,ON,0,0,1
3979,0,14.178,Not Avl,Compl,Compl,Unable,ON,Not Avl,Compl,Compl,Unable,OFF,38.281,38.281,31.250,31.250,19.531,39.551,15.686,31.765,0.781,1.582,ON,0
3980,OFF,ON,ON,0.992,0.995,0,0,3.293,3.298,0,97,51199.219,13.886,23.922,OFF,OFF,OFF,OFF,OFF,OFF,OFF,OFF,Avail,Incmpl
3981,Incmpl,Enable,Avail,484.900,324.300,484.900,324.300,ON,Avail,Compl,Enable,73,0,0,0,0,0,0,6,A,0,0,Avail,Incmpl
3982,Incmpl,Enable,OFF,OFF,889,1042.750,51199.219,51199.219,51199.219,51199.219,51199.219,51199.219,1GRFE ,49.412,Avail,Incmpl,Incmpl,Enable,7.996,ON,OFF,OFF,OFF,ON
3983,ON,Avail,Compl,Enable,Compl,CL,CL,Compl,Unable,Not Avl,Compl,Compl,Enable,OFF,0,15.500,574,ON,13.750,15,0.106,2363,18,21
3984,-3,OFF,0,4.688,5.900,OFF,0,0,59,Avail,Compl,Enable,0,GRN2#  ,2011,ON,0,ACTIVE,ACTIVE,0.962,0.947,0.625,0.720,53.820
3985,54.469,Avail,Compl,Avail,Incmpl,Incmpl,Enable,OBD II (California ARB),OFF,OFF,45.215,-0.055,OFF,0,OFF,1st,OFF,OFF,OFF,OFF,OFF,OFF,0,0
3986,ON,OFF,1000,0,OFF,OFF,OFF,ON,Gasoline,0.996,OFF,OFF,0.684,ON,0.391,16.078,7,0,0.801,0.801,2.383,0.801,0.918,2.031
3987,47.843,0,16.078,16,0.004,0.055,OFF,ECT 5th,NA,OFF,97.812,97.944,14.118,0,Not Avl,0,0,0,0,ON,ON,0,0,1
3988,0,14.178,Not Avl,Compl,Compl,Unable,ON,Not Avl,Compl,Compl,Unable,OFF,38.281,38.281,31.250,31.250,19.531,39.551,15.686,31.765,0.781,1.582,ON,0
3989,OFF,ON,ON,0.999,1.000,0.016,0.012,3.327,3.322,0,97,51199.219,13.886,23.529,OFF,OFF,OFF,OFF,OFF,OFF,OFF,OFF,Avail,Incmpl
3990,Incmpl,Enable,Avail,484.900,324.300,484.900,324.300,ON,Avail,Compl,Enable,73,0,0,0,0,0,0,6,A,0,0,Avail,Incmpl
3991,Incmpl,Enable,OFF,OFF,890,1037.500,51199.219,51199.219,51199.219,51199.219,51199.219,51199.219,1GRFE ,49.412,Avail,Incmpl,Incmpl,Enable,7.996,ON,OFF,OFF,OFF,ON
3992,ON,Avail,Compl,Enable,Compl,CL,CL,Compl,Unable,Not Avl,Compl,Compl,Enable,OFF,0,15.500,597,ON,13.750,15,0.106,2355,18,21
3993,-3,OFF,0,4.688,5.900,OFF,0,0,59,Avail,Compl,Enable,0,GRN2#  ,2011,ON,0,ACTIVE,ACTIVE,0.967,0.947,0.625,0.720,53.496
3994,54.469,Avail,Compl,Avail,Incmpl,Incmpl,Enable,OBD II (California ARB),OFF,OFF,44.977,-0.055,OFF,0,OFF,1st,OFF,OFF,OFF,OFF,OFF,OFF,0,0.781
3995,ON,OFF,1000,0,OFF,OFF,OFF,ON,Gasoline,0.998,OFF,OFF,0.684,ON,0.391,16.078,7,0,0.801,0.801,2.383,0.801,0.918,2.031
3996,47.843,0,16.078,16,0.004,0.055,OFF,ECT 5th,NA,OFF,97.790,97.680,14.118,0,Not Avl,0,0,0,0,ON,ON,0,0,1
3997,0,14.178,Not Avl,Compl,Compl,Unable,ON,Not Avl,Compl,Compl,Unable,OFF,38.281,38.281,31.250,31.250,19.531,39.551,15.686,31.765,0.781,1.582,ON,0
3998,OFF,ON,ON,1.003,0.999,0.023,0.012,3.342,3.318,0,97,51199.219,13.867,23.922,OFF,OFF,OFF,OFF,OFF,OFF,OFF,OFF,Avail,Incmpl
3999,Incmpl,Enable,Avail,484.900,324.300,484.900,324.300,ON,Avail,Compl,Enable,73,0,0,0,0,0,0,6,A,0,0,Avail,Incmpl
4000,Incmpl,Enable,OFF,OFF,890,1031.250,51199.219,51199.219,51199.219,51199.219,51199.219,51199.219,1GRFE ,49.412,Avail,Incmpl,Incmpl,Enable,7.996,ON,OFF,OFF,OFF,ON
4001,ON,Avail,Compl,Enable,Compl,CL,CL,Compl,Unable,Not Avl,Compl,Compl,Enable,OFF,0,15.500,21,ON,13.750,15,0.106,2392,18,21
4002,-3,OFF,0,4.688,5.900,OFF,0,0,60,Avail,Compl,Enable,0,GRN2#  ,2011,ON,0,ACTIVE,ACTIVE,0.962,0.947,0.605,0.720,53.820
4003,54.469,Avail,Compl,Avail,Incmpl,Incmpl,Enable,OBD II (California ARB),OFF,OFF,45.099,-0.055,OFF,0,OFF,1st,OFF,OFF,OFF,OFF,OFF,OFF,0.781,0
4004,ON,OFF,1000,0,OFF,OFF,OFF,ON,Gasoline,0.995,OFF,OFF,0.684,ON,0.391,16.078,7,0,0.801,0.801,2.383,0.801,0.918,2.031
4005,47.843,0,16.078,16,0.004,0.055,OFF,ECT 5th,NA,OFF,97.812,97.944,14.510,0,Not Avl,0,0,0,0,ON,ON,0,0,1
4006,0,14.178,Not Avl,Compl,Compl,Unable,ON,Not Avl,Compl,Compl,Unable,OFF,38.281,38.281,31.250,31.250,19.531,39.551,15.686,31.765,0.781,1.582,ON,0
4007,OFF,ON,ON,0.996,0.994,0,-0.004,3.303,3.288,0,97,51199.219,13.886,23.922,OFF,OFF,OFF,OFF,OFF,OFF,OFF,OFF,Avail,Incmpl
4008,Incmpl,Enable,Avail,484.900,324.300,484.900,324.300,ON,Avail,Compl,Enable,73,0,0,0,0,0,0,6,A,0,0,Avail,Incmpl
4009,Incmpl,Enable,OFF,OFF,891,1037.500,51199.219,51199.219,51199.219,51199.219,51199.219,51199.219,1GRFE ,49.412,Avail,Incmpl,Incmpl,Enable,7.996,ON,OFF,OFF,OFF,ON
4010,ON,Avail,Compl,Enable,Compl,CL,CL,Compl,Unable,Not Avl,Compl,Compl,Enable,OFF,0,15.500,46,ON,13.750,15,0.106,2388,18,21
4011,-3,OFF,0,4.688,5.900,OFF,0,0,60,Avail,Compl,Enable,0,GRN2#  ,2011,ON,0,ACTIVE,ACTIVE,0.962,0.947,0.585,0.720,53.820
4012,54.469,Avail,Compl,Avail,Incmpl,Incmpl,Enable,OBD II (California ARB),OFF,OFF,45.215,-0.055,OFF,0,OFF,1st,OFF,OFF,OFF,OFF,OFF,OFF,0,0
4013,ON,OFF,1000,0,OFF,OFF,OFF,ON,Gasoline,0.993,OFF,OFF,0.684,ON,0.391,16.078,7,0,0.801,0.801,2.383,0.801,0.918,2.031
4014,47.843,0,16.078,16,0.008,0.055,OFF,ECT 5th,NA,OFF,97.768,97.680,14.118,0,Not Avl,0,0,0,0,ON,ON,0,0,1
4015,0,14.178,Not Avl,Compl,Compl,Unable,ON,Not Avl,Compl,Compl,Unable,OFF,38.281,38.281,31.250,31.250,19.531,39.551,15.686,31.765,0.781,1.582,ON,0
4016,OFF,ON,ON,0.995,0.995,0.016,0.012,3.303,3.298,0,97,51199.219,13.886,23.922,OFF,OFF,OFF,OFF,OFF,OFF,OFF,OFF,Avail,Incmpl
4017,Incmpl,Enable,Avail,485,324.300,485,324.300,ON,Avail,Compl,Enable,73,0,0,0,0,0,0,6,A,0,0,Avail,Incmpl
4018,Incmpl,Enable,OFF,OFF,891,1039,51199.219,51199.219,51199.219,51199.219,51199.219,51199.219,1GRFE ,49.412,Avail,Incmpl,Incmpl,Enable,7.996,ON,OFF,OFF,OFF,ON
4019,ON,Avail,Compl,Enable,Compl,CL,CL,Compl,Unable,Not Avl,Compl,Compl,Enable,OFF,0,15.500,67,ON,13.750,15,0.106,2370,18,21
4020,-3,OFF,0,4.688,5.900,OFF,0,0,55,Avail,Compl,Enable,0,GRN2#  ,2011,ON,0,ACTIVE,ACTIVE,0.962,0.947,0.585,0.720,54.145
4021,54.793,Avail,Compl,Avail,Incmpl,Incmpl,Enable,OBD II (California ARB),OFF,OFF,45.215,-0.055,OFF,0,OFF,1st,OFF,OFF,OFF,OFF,OFF,OFF,0,0
4022,ON,OFF,1000,0,OFF,OFF,OFF,ON,Gasoline,0.996,OFF,OFF,0.684,ON,0.391,16.078,6,0,0.801,0.801,2.383,0.801,0.918,2.031
4023,47.843,0,16.078,16,0.004,0.055,OFF,ECT 5th,NA,OFF,97.812,97.944,14.118,0,Not Avl,0,0,0,0,ON,ON,0,0,1
4024,0,14.178,Not Avl,Compl,Compl,Unable,ON,Not Avl,Compl,Compl,Unable,OFF,38.281,38.281,31.250,31.250,19.531,39.551,15.686,31.765,0.781,1.582,ON,0
4025,OFF,ON,ON,0.997,0.999,0.012,0.012,3.318,3.322,0,97,51199.219,13.886,23.922,OFF,OFF,OFF,OFF,OFF,OFF,OFF,OFF,Avail,Incmpl
4026,Incmpl,Enable,Avail,485,324.300,485,324.300,ON,Avail,Compl,Enable,73,0,0,0,0,0,0,6,A,0,0,Avail,Incmpl
4027,Incmpl,Enable,OFF,OFF,892,1036.500,51199.219,51199.219,51199.219,51199.219,51199.219,51199.219,1GRFE ,49.412,Avail,Incmpl,Incmpl,Enable,7.996,ON,OFF,OFF,OFF,ON
4028,ON,Avail,Compl,Enable,Compl,CL,CL,Compl,Unable,Not Avl,Compl,Compl,Enable,OFF,0,15.500,93,ON,13.750,15,0.107,2373,18,21
4029,-3,OFF,0,4.688,5.870,OFF,0,0,55,Avail,Compl,Enable,0,GRN2#  ,2011,ON,0,ACTIVE,ACTIVE,0.962,0.947,0.565,0.720,53.172
4030,54.469,Avail,Compl,Avail,Incmpl,Incmpl,Enable,OBD II (California ARB),OFF,OFF,44.977,-0.055,OFF,0,OFF,1st,OFF,OFF,OFF,OFF,OFF,OFF,0,0
4031,ON,OFF,1000,0,OFF,OFF,OFF,ON,Gasoline,0.997,OFF,OFF,0.684,ON,0.391,16.078,6,0,0.801,0.801,2.383,0.801,0.918,2.031
4032,47.843,0,16.078,16,0.004,0.055,OFF,ECT 5th,NA,OFF,97.812,97.944,14.118,0,Not Avl,0,0,0,0,ON,ON,0,0,1
4033,0,14.180,Not Avl,Compl,Compl,Unable,ON,Not Avl,Compl,Compl,Unable,OFF,38.281,35.156,31.250,31.250,19.531,39.551,15.686,31.765,0.781,1.582,ON,0
4034,OFF,ON,ON,1.001,1.001,0.016,0.016,3.327,3.327,0,97,51199.219,13.886,23.529,OFF,OFF,OFF,OFF,OFF,OFF,OFF,OFF,Avail,Incmpl
4035,Incmpl,Enable,Avail,485,324.300,485,324.300,ON,Avail,Compl,Enable,73,0,0,0,0,0,0,6,A,0,0,Avail,Incmpl
4036,Incmpl,Enable,OFF,OFF,892,1042.750,51199.219,51199.219,51199.219,51199.219,51199.219,51199.219,1GRFE ,49.412,Avail,Incmpl,Incmpl,Enable,7.996,ON,OFF,OFF,OFF,ON
4037,ON,Avail,Compl,Enable,Compl,CL,CL,Compl,Unable,Not Avl,Compl,Compl,Enable,OFF,0,15.500,117,ON,13.750,15,0.107,2366,18,21
4038,-3,OFF,0,4.688,5.850,OFF,0,0,68,Avail,Compl,Enable,0,GRN2#  ,2011,ON,0,ACTIVE,ACTIVE,0.962,0.947,0.525,0.700,54.145
4039,54.793,Avail,Compl,Avail,Incmpl,Incmpl,Enable,OBD II (California ARB),OFF,OFF,45.093,-0.055,OFF,0,OFF,1st,OFF,OFF,OFF,OFF,OFF,OFF,0,0
4040,ON,OFF,1000,0,OFF,OFF,OFF,ON,Gasoline,0.995,OFF,OFF,0.684,ON,0.391,16.078,6,0,0.801,0.801,2.383,0.801,0.918,2.031
4041,47.843,0,16.078,16,0.004,0.055,OFF,ECT 5th,NA,OFF,97.790,97.680,14.118,0,Not Avl,0,0,0,0,ON,ON,0,0,1
4042,0,14.178,Not Avl,Compl,Compl,Unable,ON,Not Avl,Compl,Compl,Unable,OFF,38.281,35.938,31.250,31.250,19.531,39.551,15.686,31.765,0.781,1.582,ON,0
4043,OFF,ON,ON,1.001,1.001,0.023,0.031,3.318,3.337,0,97,51199.219,13.886,23.529,OFF,OFF,OFF,OFF,OFF,OFF,OFF,OFF,Avail,Incmpl
4044,Incmpl,Enable,Avail,485,324.300,485,324.300,ON,Avail,Compl,Enable,73,0,0,0,0,0,0,6,A,0,0,Avail,Incmpl
4045,Incmpl,Enable,OFF,OFF,892,1040.500,51199.219,51199.219,51199.219,51199.219,51199.219,51199.219,1GRFE ,49.412,Avail,Incmpl,Incmpl,Enable,7.996,ON,OFF,OFF,OFF,ON
4046,ON,Avail,Compl,Enable,Compl,CL,CL,Compl,Unable,Not Avl,Compl,Compl,Enable,OFF,0,15.500,142,ON,13.750,15,0.106,2355,18,21
4047,-3,OFF,0,4.688,5.850,OFF,0,0,68,Avail,Compl,Enable,0,GRN2#  ,2011,ON,0,ACTIVE,ACTIVE,0.962,0.947,0.425,0.700,53.496
4048,54.469,Avail,Compl,Avail,Incmpl,Incmpl,Enable,OBD II (California ARB),OFF,OFF,44.977,-0.055,OFF,0,OFF,1st,OFF,OFF,OFF,OFF,OFF,OFF,0.781,0
4049,ON,OFF,1000,0,OFF,OFF,OFF,ON,Gasoline,0.992,OFF,OFF,0.684,ON,0.312,16.078,6,0,0.801,0.801,2.383,0.801,0.918,2.031
4050,47.843,0,16.078,16,0.004,0.055,OFF,ECT 5th,NA,OFF,97.812,97.944,14.118,0,Not Avl,0,0,0,0,ON,ON,0,0,1
4051,0,14.178,Not Avl,Compl,Compl,Unable,ON,Not Avl,Compl,Compl,Unable,OFF,38.281,35.938,31.250,31.250,19.531,39.551,15.686,31.765,0.781,1.582,ON,0
4052,OFF,ON,ON,1.004,1.002,0.012,0.023,3.318,3.337,0,97,51199.219,13.886,23.529,OFF,OFF,OFF,OFF,OFF,OFF,OFF,OFF,Avail,Incmpl
4053,Incmpl,Enable,Avail,485,324.300,485,324.300,ON,Avail,Compl,Enable,73,0,0,0,0,0,0,6,A,0,0,Avail,Incmpl
4054,Incmpl,Enable,OFF,OFF,893,1039.750,51199.219,51199.219,51199.219,51199.219,51199.219,51199.219,1GRFE ,49.412,Avail,Incmpl,Incmpl,Enable,7.996,ON,OFF,OFF,OFF,ON
4055,ON,Avail,Compl,Enable,Compl,CL,CL,Compl,Unable,Not Avl,Compl,Compl,Enable,OFF,0,15.500,165,ON,13.750,15,0.106,2373,18,21
4056,-3,OFF,0,4.688,5.890,OFF,0,0,68,Avail,Compl,Enable,0,GRN2#  ,2011,ON,0,ACTIVE,ACTIVE,0.962,0.947,0.370,0.700,53.172
4057,55.117,Avail,Compl,Avail,Incmpl,Incmpl,Enable,OBD II (California ARB),OFF,OFF,45.215,-0.055,OFF,0,OFF,1st,OFF,OFF,OFF,OFF,OFF,OFF,0.781,0.781
4058,ON,OFF,1000,0,OFF,OFF,OFF,ON,Gasoline,0.987,OFF,OFF,0.684,ON,0.312,16.078,6,0,0.801,0.801,2.383,0.801,0.918,2.031
4059,47.843,0,16.078,16,0.008,0.055,OFF,ECT 5th,NA,OFF,97.812,97.900,14.118,0,Not Avl,0,0,0,0,ON,ON,0,0,1
4060,0,14.178,Not Avl,Compl,Compl,Unable,ON,Not Avl,Compl,Compl,Unable,OFF,38.281,35.938,31.250,31.250,19.531,39.551,15.686,31.765,0.781,1.582,ON,0
4061,OFF,ON,ON,1.002,0.998,0,0.012,3.298,3.318,0,97,51199.219,13.886,23.529,OFF,OFF,OFF,OFF,OFF,OFF,OFF,OFF,Avail,Incmpl
4062,Incmpl,Enable,Avail,485,324.300,485,324.300,ON,Avail,Compl,Enable,73,0,0,0,0,0,0,6,A,0,0,Avail,Incmpl
4063,Incmpl,Enable,OFF,OFF,893,1039,51199.219,51199.219,51199.219,51199.219,51199.219,51199.219,1GRFE ,49.412,Avail,Incmpl,Incmpl,Enable,7.996,ON,OFF,OFF,OFF,ON
4064,ON,Avail,Compl,Enable,Compl,CL,CL,Compl,Unable,Not Avl,Compl,Compl,Enable,OFF,0,15.500,189,ON,13.750,15,0.106,2377,18,21
4065,-3,OFF,0,4.688,5.900,OFF,0,0,65,Avail,Compl,Enable,0,GRN2#  ,2011,ON,0,ACTIVE,ACTIVE,0.962,0.947,0.290,0.700,52.523
4066,54.469,Avail,Compl,Avail,Incmpl,Incmpl,Enable,OBD II (California ARB),OFF,OFF,45.093,-0.055,OFF,0,OFF,1st,OFF,OFF,OFF,OFF,OFF,OFF,1.562,0.781
4067,ON,OFF,1000,0,OFF,OFF,OFF,ON,Gasoline,0.980,OFF,OFF,0.684,ON,0.312,16.078,6,0,0.801,0.801,2.383,0.801,0.918,2.031
4068,47.843,0,16.078,16,0.008,0.055,OFF,ECT 5th,NA,OFF,97.812,97.944,14.118,0,Not Avl,0,0,0,0,ON,ON,0,0,1
4069,0,14.178,Not Avl,Compl,Compl,Unable,ON,Not Avl,Compl,Compl,Unable,OFF,38.281,35.938,31.250,31.250,19.531,39.551,15.686,31.765,0.781,1.582,ON,0
4070,OFF,ON,ON,1.000,0.998,-0.012,0.012,3.279,3.318,0,97,51199.219,13.886,23.922,OFF,OFF,OFF,OFF,OFF,OFF,OFF,OFF,Avail,Incmpl
4071,Incmpl,Enable,Avail,485,324.300,485,324.300,ON,Avail,Compl,Enable,73,0,0,0,0,0,0,6,A,0,0,Avail,Incmpl
4072,Incmpl,Enable,OFF,OFF,894,1042.750,51199.219,51199.219,51199.219,51199.219,51199.219,51199.219,1GRFE ,49.412,Avail,Incmpl,Incmpl,Enable,7.996,ON,OFF,OFF,OFF,ON
4073,ON,Avail,Compl,Enable,Compl,CL,CL,Compl,Unable,Not Avl,Compl,Compl,Enable,OFF,0,15.500,213,ON,13.750,15,0.106,2381,18,21
4074,-3,OFF,0,4.688,5.870,OFF,0,0,65,Avail,Compl,Enable,0,GRN2#  ,2011,ON,0,ACTIVE,ACTIVE,0.962,0.947,0.230,0.700,52.523
4075,54.793,Avail,Compl,Avail,Incmpl,Incmpl,Enable,OBD II (California ARB),OFF,OFF,45.215,-0.055,OFF,0,OFF,1st,OFF,OFF,OFF,OFF,OFF,OFF,1.562,0.781
4076,ON,OFF,1000,0,OFF,OFF,OFF,ON,Gasoline,0.977,OFF,OFF,0.684,ON,0.391,16.078,6,0,0.801,0.801,2.383,0.801,0.918,2.031
4077,47.843,0,16.078,16,0.008,0.055,OFF,ECT 5th,NA,OFF,97.812,97.856,14.118,0,Not Avl,0,0,0,0,ON,ON,0,0,1
4078,0,14.178,Not Avl,Compl,Compl,Unable,ON,Not Avl,Compl,Compl,Unable,OFF,38.281,35.938,31.250,31.250,19.531,39.551,15.686,31.765,0.781,1.582,ON,0
4079,OFF,ON,ON,0.997,0.996,-0.023,0,3.259,3.303,0,97,51199.219,13.886,23.529,OFF,OFF,OFF,OFF,OFF,OFF,OFF,OFF,Avail,Incmpl
4080,Incmpl,Enable,Avail,485.100,324.300,485.100,324.300,ON,Avail,Compl,Enable,73,0,0,0,0,0,0,6,A,0,0,Avail,Incmpl
4081,Incmpl,Enable,OFF,OFF,894,1038.250,51199.219,51199.219,51199.219,51199.219,51199.219,51199.219,1GRFE ,49.020,Avail,Incmpl,Incmpl,Enable,7.996,ON,OFF,OFF,OFF,ON
4082,ON,Avail,Compl,Enable,Compl,CL,CL,Compl,Unable,Not Avl,Compl,Compl,Enable,OFF,0,15.500,233,ON,13.750,15,0.106,2384,18,21
4083,-3,OFF,0,4.688,5.840,OFF,0,0,65,Avail,Compl,Enable,0,GRN2#  ,2011,ON,0,ACTIVE,ACTIVE,0.962,0.947,0.230,0.700,52.199
4084,55.117,Avail,Compl,Avail,Incmpl,Incmpl,Enable,OBD II (California ARB),OFF,OFF,44.977,-0.055,OFF,0,OFF,1st,OFF,OFF,OFF,OFF,OFF,OFF,1.562,0
4085,ON,OFF,1000,0,OFF,OFF,OFF,ON,Gasoline,0.976,OFF,OFF,0.684,ON,0.312,16.078,6,0,0.801,0.801,2.383,0.801,0.918,2.031
4086,47.843,0,16.078,16,0.008,0.055,OFF,ECT 5th,NA,OFF,97.790,97.724,14.118,0,Not Avl,0,0,0,0,ON,ON,0,0,1
4087,0,14.178,Not Avl,Compl,Compl,Unable,ON,Not Avl,Compl,Compl,Unable,OFF,38.281,35.938,31.250,31.250,19.531,39.551,15.686,31.765,0.781,1.582,ON,0
4088,OFF,ON,ON,0.997,0.995,-0.020,0,3.264,3.303,0,97,51199.219,13.886,23.922,OFF,OFF,OFF,OFF,OFF,OFF,OFF,OFF,Avail,Incmpl
4089,Incmpl,Enable,Avail,485.100,324.300,485.100,324.300,ON,Avail,Compl,Enable,73,0,0,0,0,0,0,6,A,0,0,Avail,Incmpl
4090,Incmpl,Enable,OFF,OFF,895,1032.750,51199.219,51199.219,51199.219,51199.219,51199.219,51199.219,1GRFE ,49.412,Avail,Incmpl,Incmpl,Enable,7.996,ON,OFF,OFF,OFF,ON
4091,ON,Avail,Compl,Enable,Compl,CL,CL,Compl,Unable,Not Avl,Compl,Compl,Enable,OFF,0,15.500,253,ON,13.750,15,0.107,2388,18,21
4092,-3,OFF,0,4.688,5.900,OFF,0,0,65,Avail,Compl,Enable,0,GRN2#  ,2011,ON,0,ACTIVE,ACTIVE,0.962,0.947,0.230,0.700,52.199
4093,55.117,Avail,Compl,Avail,Incmpl,Incmpl,Enable,OBD II (California ARB),OFF,OFF,44.983,-0.055,OFF,0,OFF,1st,OFF,OFF,OFF,OFF,OFF,OFF,0.781,0
4094,ON,OFF,1000,0,OFF,OFF,OFF,ON,Gasoline,0.978,OFF,OFF,0.684,ON,0.391,16.078,6,0,0.801,0.801,2.383,0.801,0.918,2.031
4095,47.843,0,16.078,16,0.008,0.055,OFF,ECT 5th,NA,OFF,97.790,97.680,14.118,0,Not Avl,0,0,0,0,ON,ON,0,0,1
4096,0,14.178,Not Avl,Compl,Compl,Unable,ON,Not Avl,Compl,Compl,Unable,OFF,38.281,35.938,31.250,31.250,19.531,39.551,15.686,31.765,0.781,1.582,ON,0
4097,OFF,ON,ON,0.997,0.997,-0.023,0.008,3.259,3.313,0,97,51199.219,13.886,23.922,OFF,OFF,OFF,OFF,OFF,OFF,OFF,OFF,Avail,Incmpl
4098,Incmpl,Enable,Avail,485.100,324.300,485.100,324.300,ON,Avail,Compl,Enable,73,0,0,0,0,0,0,6,A,0,0,Avail,Incmpl
4099,Incmpl,Enable,OFF,OFF,895,1046,51199.219,51199.219,51199.219,51199.219,51199.219,51199.219,1GRFE ,49.804,Avail,Incmpl,Incmpl,Enable,7.996,ON,OFF,OFF,OFF,ON
4100,ON,Avail,Compl,Enable,Compl,CL,CL,Compl,Unable,Not Avl,Compl,Compl,Enable,OFF,0,15.500,277,ON,13.750,15,0.107,2377,18,21
4101,-3,OFF,0,4.688,5.900,OFF,0,0,65,Avail,Compl,Enable,0,GRN2#  ,2011,ON,0,ACTIVE,ACTIVE,0.962,0.947,0.250,0.700,52.523
4102,55.117,Avail,Compl,Avail,Incmpl,Incmpl,Enable,OBD II (California ARB),OFF,OFF,45.337,-0.055,OFF,0,OFF,1st,OFF,OFF,OFF,OFF,OFF,OFF,0.781,0
4103,ON,OFF,1000,0,OFF,OFF,OFF,ON,Gasoline,0.978,OFF,OFF,0.684,ON,0.391,16.078,6,0,0.801,0.801,2.383,0.801,0.918,2.031
4104,47.843,0,16.078,16,0.008,0.055,OFF,ECT 5th,NA,OFF,97.812,97.944,14.118,0,Not Avl,0,0,0,0,ON,ON,0,0,1
4105,0,14.178,Not Avl,Compl,Compl,Unable,ON,Not Avl,Compl,Compl,Unable,OFF,38.281,35.938,31.250,31.250,19.531,39.551,15.686,31.765,0.781,1.582,ON,0
4106,OFF,ON,ON,0.996,0.998,-0.023,0.008,3.259,3.313,0,97,51199.219,13.886,23.922,OFF,OFF,OFF,OFF,OFF,OFF,OFF,OFF,Avail,Incmpl
4107,Incmpl,Enable,Avail,485.100,324.300,485.100,324.300,ON,Avail,Compl,Enable,73,0,0,0,0,0,0,6,A,0,0,Avail,Incmpl
4108,Incmpl,Enable,OFF,OFF,895,1041.250,51199.219,51199.219,51199.219,51199.219,51199.219,51199.219,1GRFE ,49.412,Avail,Incmpl,Incmpl,Enable,7.996,ON,OFF,OFF,OFF,ON
4109,ON,Avail,Compl,Enable,Compl,CL,CL,Compl,Unable,Not Avl,Compl,Compl,Enable,OFF,0,15.500,299,ON,13.750,15,0.107,2373,18,21
4110,-3,OFF,0,4.688,5.900,OFF,0,0,59,Avail,Compl,Enable,0,GRN2#  ,2011,ON,0,ACTIVE,ACTIVE,0.962,0.947,0.250,0.700,52.199
4111,54.793,Avail,Compl,Avail,Incmpl,Incmpl,Enable,OBD II (California ARB),OFF,OFF,45.215,-0.055,OFF,0,OFF,1st,OFF,OFF,OFF,OFF,OFF,OFF,0.781,0
4112,ON,OFF,1000,0,OFF,OFF,OFF,ON,Gasoline,0.981,OFF,OFF,0.684,ON,0.312,16.078,6,0,0.801,0.801,2.383,0.801,0.918,2.031
4113,47.843,0,16.078,16,0.008,0.055,OFF,ECT 5th,NA,OFF,97.768,97.680,14.118,0,Not Avl,0,0,0,0,ON,ON,0,0,1
4114,0,14.178,Not Avl,Compl,Compl,Unable,ON,Not Avl,Compl,Compl,Unable,OFF,38.281,35.938,31.250,31.250,19.531,39.551,15.686,31.765,0.781,1.582,ON,0
4115,OFF,ON,ON,0.999,0.998,-0.012,0.012,3.274,3.318,0,97,51199.219,13.886,23.529,OFF,OFF,OFF,OFF,OFF,OFF,OFF,OFF,Avail,Incmpl
4116,Incmpl,Enable,Avail,485.100,324.300,485.100,324.300,ON,Avail,Compl,Enable,73,0,0,0,0,0,0,6,A,0,0,Avail,Incmpl
4117,Incmpl,Enable,OFF,OFF,896,1037.500,51199.219,51199.219,51199.219,51199.219,51199.219,51199.219,1GRFE ,49.020,Avail,Incmpl,Incmpl,Enable,7.996,ON,OFF,OFF,OFF,ON
4118,ON,Avail,Compl,Enable,Compl,CL,CL,Compl,Unable,Not Avl,Compl,Compl,Enable,OFF,0,15.500,324,ON,13.750,15,0.107,2399,18,21
4119,-3,OFF,0,4.688,5.870,OFF,0,0,59,Avail,Compl,Enable,0,GRN2#  ,2011,ON,0,ACTIVE,ACTIVE,0.962,0.947,0.270,0.700,52.199
4120,55.117,Avail,Compl,Avail,Incmpl,Incmpl,Enable,OBD II (California ARB),OFF,OFF,44.861,-0.055,OFF,0,OFF,1st,OFF,OFF,OFF,OFF,OFF,OFF,0.781,0
4121,ON,OFF,1000,0,OFF,OFF,OFF,ON,Gasoline,0.980,OFF,OFF,0.684,ON,0.391,16.078,6,0,0.801,0.801,2.383,0.801,0.918,2.031
4122,47.843,0,16.078,16,0.008,0.055,OFF,ECT 5th,NA,OFF,97.812,97.944,14.118,0,Not Avl,0,0,0,0,ON,ON,0,0,1
4123,0,14.180,Not Avl,Compl,Compl,Unable,ON,Not Avl,Compl,Compl,Unable,OFF,38.281,35.938,31.250,31.250,19.531,39.551,15.686,31.765,0.781,1.582,ON,0
4124,OFF,ON,ON,0.996,0.997,-0.023,0.004,3.259,3.308,0,97,51199.219,13.886,23.922,OFF,OFF,OFF,OFF,OFF,OFF,OFF,OFF,Avail,Incmpl
4125,Incmpl,Enable,Avail,485.100,324.300,485.100,324.300,ON,Avail,Compl,Enable,73,0,0,0,0,0,0,6,A,0,0,Avail,Incmpl
4126,Incmpl,Enable,OFF,OFF,896,1028.750,51199.219,51199.219,51199.219,51199.219,51199.219,51199.219,1GRFE ,49.412,Avail,Incmpl,Incmpl,Enable,7.996,ON,OFF,OFF,OFF,ON
4127,ON,Avail,Compl,Enable,Compl,CL,CL,Compl,Unable,Not Avl,Compl,Compl,Enable,OFF,0,15.500,348,ON,13.750,15,0.107,2406,18,21
4128,-3,OFF,0,4.688,5.850,OFF,0,0,67,Avail,Compl,Enable,0,GRN2#  ,2011,ON,0,ACTIVE,ACTIVE,0.962,0.947,0.270,0.700,52.199
4129,55.117,Avail,Compl,Avail,Incmpl,Incmpl,Enable,OBD II (California ARB),OFF,OFF,45.099,-0.055,OFF,0,OFF,1st,OFF,OFF,OFF,OFF,OFF,OFF,0.781,0
4130,ON,OFF,1000,0,OFF,OFF,OFF,ON,Gasoline,0.980,OFF,OFF,0.684,ON,0.391,16.078,6,0,0.801,0.801,2.383,0.801,0.918,2.031
4131,47.843,0,16.078,16,0.008,0.051,OFF,ECT 5th,NA,OFF,97.790,97.702,14.118,0,Not Avl,0,0,0,0,ON,ON,0,0,1
4132,0,14.178,Not Avl,Compl,Compl,Unable,ON,Not Avl,Compl,Compl,Unable,OFF,38.281,35.938,31.250,31.250,19.531,39.551,15.686,31.765,0.781,1.582,ON,0
4133,OFF,ON,ON,0.999,0.998,-0.012,0.012,3.279,3.322,0,97,51199.219,13.886,23.922,OFF,OFF,OFF,OFF,OFF,OFF,OFF,OFF,Avail,Incmpl
4134,Incmpl,Enable,Avail,485.100,324.300,485.100,324.300,ON,Avail,Compl,Enable,73,0,0,0,0,0,0,6,A,0,0,Avail,Incmpl
4135,Incmpl,Enable,OFF,OFF,897,1039,51199.219,51199.219,51199.219,51199.219,51199.219,51199.219,1GRFE ,49.412,Avail,Incmpl,Incmpl,Enable,7.996,ON,OFF,OFF,OFF,ON
4136,ON,Avail,Compl,Enable,Compl,CL,CL,Compl,Unable,Not Avl,Compl,Compl,Enable,OFF,0,15.500,371,ON,13.750,15,0.107,2381,18,21
4137,-3,OFF,0,4.688,5.840,OFF,0,0,67,Avail,Compl,Enable,0,GRN2#  ,2011,ON,0,ACTIVE,ACTIVE,0.962,0.947,0.290,0.700,52.199
4138,54.793,Avail,Compl,Avail,Incmpl,Incmpl,Enable,OBD II (California ARB),OFF,OFF,45.093,-0.055,OFF,0,OFF,1st,OFF,OFF,OFF,OFF,OFF,OFF,0.781,0
4139,ON,OFF,1000,0,OFF,OFF,OFF,ON,Gasoline,0.980,OFF,OFF,0.684,ON,0.391,16.078,6,0,0.801,0.801,2.383,0.801,0.918,2.031
4140,47.843,0,16.078,16,0.008,0.051,OFF,ECT 5th,NA,OFF,97.812,97.922,14.118,0,Not Avl,0,0,0,0,ON,ON,0,0,1
4141,0,14.180,Not Avl,Compl,Compl,Unable,ON,Not Avl,Compl,Compl,Unable,OFF,38.281,35.938,31.250,31.250,19.531,39.551,15.686,31.765,0.781,1.582,ON,0
4142,OFF,ON,ON,1.000,1.000,-0.004,0.020,3.288,3.332,0,97,51199.219,13.886,23.922,OFF,OFF,OFF,OFF,OFF,OFF,OFF,OFF,Avail,Incmpl
4143,Incmpl,Enable,Avail,485.200,324.300,485.200,324.300,ON,Avail,Compl,Enable,73,0,0,0,0,0,0,6,A,0,0,Avail,Incmpl
4144,Incmpl,Enable,OFF,OFF,897,1032,51199.219,51199.219,51199.219,51199.219,51199.219,51199.219,1GRFE ,49.020,Avail,Incmpl,Incmpl,Enable,7.996,ON,OFF,OFF,OFF,ON
4145,ON,Avail,Compl,Enable,Compl,CL,CL,Compl,Unable,Not Avl,Compl,Compl,Enable,OFF,0,15.500,396,ON,13.750,15,0.107,2384,18,21
4146,-3,OFF,0,4.688,5.780,OFF,0,0,58,Avail,Compl,Enable,0,GRN2#  ,2011,ON,0,ACTIVE,ACTIVE,0.962,0.947,0.310,0.700,52.199
4147,54.793,Avail,Compl,Avail,Incmpl,Incmpl,Enable,OBD II (California ARB),OFF,OFF,44.739,-0.055,OFF,0,OFF,1st,OFF,OFF,OFF,OFF,OFF,OFF,0.781,0
4148,ON,OFF,1000,0,OFF,OFF,OFF,ON,Gasoline,0.981,OFF,OFF,0.684,ON,0.391,16.078,6,0,0.801,0.801,2.383,0.801,0.918,2.031
4149,47.843,0,16.078,16,0.012,0.051,OFF,ECT 5th,NA,OFF,97.768,97.702,14.118,0,Not Avl,0,0,0,0,ON,ON,0,0,1
4150,0,14.180,Not Avl,Compl,Compl,Unable,ON,Not Avl,Compl,Compl,Unable,OFF,38.281,35.938,31.250,31.250,19.531,39.551,15.686,31.765,0.781,1.582,ON,0
4151,OFF,ON,ON,0.996,0.998,-0.020,0.012,3.264,3.318,0,97,51199.219,13.886,23.922,OFF,OFF,OFF,OFF,OFF,OFF,OFF,OFF,Avail,Incmpl
4152,Incmpl,Enable,Avail,485.200,324.300,485.200,324.300,ON,Avail,Compl,Enable,73,0,0,0,0,0,0,6,A,0,0,Avail,Incmpl
4153,Incmpl,Enable,OFF,OFF,898,1028.750,51199.219,51199.219,51199.219,51199.219,51199.219,51199.219,1GRFE ,49.020,Avail,Incmpl,Incmpl,Enable,7.996,ON,OFF,OFF,OFF,ON
4154,ON,Avail,Compl,Enable,Compl,CL,CL,Compl,Unable,Not Avl,Compl,Compl,Enable,OFF,0,15.500,423,ON,13.750,15,0.107,2403,18,21
4155,-3,OFF,0,4.688,5.840,OFF,0,0,58,Avail,Compl,Enable,0,GRN2#  ,2011,ON,0,ACTIVE,ACTIVE,0.962,0.947,0.310,0.700,51.875
4156,54.145,Avail,Compl,Avail,Incmpl,Incmpl,Enable,OBD II (California ARB),OFF,OFF,44.977,-0.055,OFF,0,OFF,1st,OFF,OFF,OFF,OFF,OFF,OFF,0.781,0
4157,ON,OFF,1000,0,OFF,OFF,OFF,ON,Gasoline,0.981,OFF,OFF,0.684,ON,0.312,16.078,6,0,0.801,0.801,2.383,0.801,0.918,2.031
4158,47.843,0,16.078,16,0.012,0.051,OFF,ECT 5th,NA,OFF,97.790,97.680,14.118,0,Not Avl,0,0,0,0,ON,ON,0,0,1
4159,0,14.160,Not Avl,Compl,Compl,Unable,ON,Not Avl,Compl,Compl,Unable,OFF,38.281,35.938,31.250,31.250,19.531,39.551,15.686,31.765,0.781,1.582,ON,0
4160,OFF,ON,ON,0.997,0.996,-0.012,0.004,3.274,3.308,0,97,51199.219,13.886,23.922,OFF,OFF,OFF,OFF,OFF,OFF,OFF,OFF,Avail,Incmpl
4161,Incmpl,Enable,Avail,485.200,324.300,485.200,324.300,ON,Avail,Compl,Enable,73,0,0,0,0,0,0,6,A,0,0,Avail,Incmpl
4162,Incmpl,Enable,OFF,OFF,898,1028,51199.219,51199.219,51199.219,51199.219,51199.219,51199.219,1GRFE ,49.020,Avail,Incmpl,Incmpl,Enable,7.996,ON,OFF,OFF,OFF,ON
4163,ON,Avail,Compl,Enable,Compl,CL,CL,Compl,Unable,Not Avl,Compl,Compl,Enable,OFF,0,15.500,444,ON,13.750,15,0.107,2392,18,21
4164,-3,OFF,0,4.688,5.840,OFF,0,0,60,Avail,Compl,Enable,0,GRN2#  ,2011,ON,0,ACTIVE,ACTIVE,0.962,0.947,0.330,0.700,51.875
4165,54.145,Avail,Compl,Avail,Incmpl,Incmpl,Enable,OBD II (California ARB),OFF,OFF,45.093,-0.055,OFF,0,OFF,1st,OFF,OFF,OFF,OFF,OFF,OFF,0.781,0
4166,ON,OFF,1000,0,OFF,OFF,OFF,ON,Gasoline,0.982,OFF,OFF,0.684,ON,0.391,16.078,6,0,0.801,0.801,2.383,0.801,0.918,2.031
4167,47.843,0,16.078,16,0.012,0.051,OFF,ECT 5th,NA,OFF,97.812,97.944,14.118,0,Not Avl,0,0,0,0,ON,ON,0,0,1
4168,0,14.178,Not Avl,Compl,Compl,Unable,ON,Not Avl,Compl,Compl,Unable,OFF,38.281,35.938,31.250,31.250,19.531,39.551,15.686,31.765,0.781,1.582,ON,0
4169,OFF,ON,ON,0.997,0.998,-0.012,0.012,3.279,3.322,0,97,51199.219,13.886,23.529,OFF,OFF,OFF,OFF,OFF,OFF,OFF,OFF,Avail,Incmpl
4170,Incmpl,Enable,Avail,485.200,324.300,485.200,324.300,ON,Avail,Compl,Enable,73,0,0,0,0,0,0,6,A,0,0,Avail,Incmpl
4171,Incmpl,Enable,OFF,OFF,899,1045.250,51199.219,51199.219,51199.219,51199.219,51199.219,51199.219,1GRFE ,49.412,Avail,Incmpl,Incmpl,Enable,7.996,ON,OFF,OFF,OFF,ON
4172,ON,Avail,Compl,Enable,Compl,CL,CL,Compl,Unable,Not Avl,Compl,Compl,Enable,OFF,0,15.500,470,ON,13.750,15,0.107,2366,18,21
4173,-3,OFF,0,4.688,5.900,OFF,0,0,60,Avail,Compl,Enable,0,GRN2#  ,2011,ON,0,ACTIVE,ACTIVE,0.962,0.947,0.330,0.700,51.227
4174,54.469,Avail,Compl,Avail,Incmpl,Incmpl,Enable,OBD II (California ARB),OFF,OFF,44.977,-0.055,OFF,0,OFF,1st,OFF,OFF,OFF,OFF,OFF,OFF,0.781,0
4175,ON,OFF,1000,0,OFF,OFF,OFF,ON,Gasoline,0.983,OFF,OFF,0.684,ON,0.391,16.078,7,0,0.801,0.801,2.383,0.801,0.918,2.031
4176,47.843,0,16.078,16,0.012,0.051,OFF,ECT 5th,NA,OFF,97.768,97.680,14.118,0,Not Avl,0,0,0,0,ON,ON,0,0,1
4177,0,14.178,Not Avl,Compl,Compl,Unable,ON,Not Avl,Compl,Compl,Unable,OFF,38.281,35.938,31.250,31.250,19.531,39.551,15.686,31.765,0.781,1.582,ON,0
4178,OFF,ON,ON,1.001,1.003,0,0.023,3.298,3.342,0,97,51199.219,13.886,23.529,OFF,OFF,OFF,OFF,OFF,OFF,OFF,OFF,Avail,Incmpl
4179,Incmpl,Enable,Avail,485.300,324.300,485.300,324.300,ON,Avail,Compl,Enable,73,0,0,0,0,0,0,6,A,0,0,Avail,Incmpl
4180,Incmpl,Enable,OFF,OFF,899,1046,51199.219,51199.219,51199.219,51199.219,51199.219,51199.219,1GRFE ,49.020,Avail,Incmpl,Incmpl,Enable,7.996,ON,OFF,OFF,OFF,ON
4181,ON,Avail,Compl,Enable,Compl,CL,CL,Compl,Unable,Not Avl,Compl,Compl,Enable,OFF,0,15.500,495,ON,13.750,15,0.107,2381,18,21
4182,-3,OFF,0,4.688,5.840,OFF,0,0,60,Avail,Compl,Enable,0,GRN2#  ,2011,ON,0,ACTIVE,ACTIVE,0.962,0.947,0.330,0.680,51.551
4183,54.145,Avail,Compl,Avail,Incmpl,Incmpl,Enable,OBD II (California ARB),OFF,OFF,44.977,-0.055,OFF,0,OFF,1st,OFF,OFF,OFF,OFF,OFF,OFF,0.781,0
4184,ON,OFF,1000,0,OFF,OFF,OFF,ON,Gasoline,0.981,OFF,OFF,0.684,ON,0.391,16.078,6,0,0.801,0.801,2.383,0.801,0.918,2.031
4185,47.843,0,16.078,16,0.012,0.051,OFF,ECT 5th,NA,OFF,97.812,97.944,14.118,0,Not Avl,0,0,0,0,ON,ON,0,0,1
4186,0,14.178,Not Avl,Compl,Compl,Unable,ON,Not Avl,Compl,Compl,Unable,OFF,38.281,35.938,31.250,31.250,19.531,39.551,15.686,31.765,0.781,1.582,ON,0
4187,OFF,ON,ON,0.997,1.000,-0.012,0.012,3.279,3.322,0,97,51199.219,13.886,23.529,OFF,OFF,OFF,OFF,OFF,OFF,OFF,OFF,Avail,Incmpl
4188,Incmpl,Enable,Avail,485.300,324.300,485.300,324.300,ON,Avail,Compl,Enable,73,0,0,0,0,0,0,6,A,0,0,Avail,Incmpl
4189,Incmpl,Enable,OFF,OFF,900,1045.250,51199.219,51199.219,51199.219,51199.219,51199.219,51199.219,1GRFE ,49.020,Avail,Incmpl,Incmpl,Enable,7.996,ON,OFF,OFF,OFF,ON
4190,ON,Avail,Compl,Enable,Compl,CL,CL,Compl,Unable,Not Avl,Compl,Compl,Enable,OFF,0,15.500,520,ON,13.750,15,0.107,2366,18,21
4191,-3,OFF,0,4.688,5.840,OFF,0,0,66,Avail,Compl,Enable,0,GRN2#  ,2011,ON,0,ACTIVE,ACTIVE,0.962,0.947,0.310,0.680,51.875
4192,54.469,Avail,Compl,Avail,Incmpl,Incmpl,Enable,OBD II (California ARB),OFF,OFF,44.977,-0.055,OFF,0,OFF,1st,OFF,OFF,OFF,OFF,OFF,OFF,0.781,0
4193,ON,OFF,1000,0,OFF,OFF,OFF,ON,Gasoline,0.981,OFF,OFF,0.684,ON,0.391,16.078,6,0,0.801,0.801,2.383,0.801,0.918,2.031
4194,47.843,0,16.078,16,0.012,0.051,OFF,ECT 5th,NA,OFF,97.812,97.944,14.118,0,Not Avl,0,0,0,0,ON,ON,0,0,1
4195,0,14.177,Not Avl,Compl,Compl,Unable,ON,Not Avl,Compl,Compl,Unable,OFF,38.281,35.938,31.250,31.250,19.531,39.551,15.686,31.765,0.781,1.582,ON,0
4196,OFF,ON,ON,1.001,0.998,0,0.012,3.293,3.318,0,97,51199.219,13.867,23.529,OFF,OFF,OFF,OFF,OFF,OFF,OFF,OFF,Avail,Incmpl
4197,Incmpl,Enable,Avail,485.300,324.300,485.300,324.300,ON,Avail,Compl,Enable,73,0,0,0,0,0,0,6,A,0,0,Avail,Incmpl
4198,Incmpl,Enable,OFF,OFF,900,1037.500,51199.219,51199.219,51199.219,51199.219,51199.219,51199.219,1GRFE ,49.020,Avail,Incmpl,Incmpl,Enable,7.996,ON,OFF,OFF,OFF,ON
4199,ON,Avail,Compl,Enable,Compl,CL,CL,Compl,Unable,Not Avl,Compl,Compl,Enable,OFF,0,15.500,543,ON,13.750,15,0.107,2370,18,21
4200,-3,OFF,0,4.688,5.840,OFF,0,0,66,Avail,Compl,Enable,0,GRN2#  ,2011,ON,0,ACTIVE,ACTIVE,0.962,0.942,0.290,0.680,50.902
4201,54.145,Avail,Compl,Avail,Incmpl,Incmpl,Enable,OBD II (California ARB),OFF,OFF,44.977,-0.055,OFF,0,OFF,1st,OFF,OFF,OFF,OFF,OFF,OFF,1.562,0
4202,ON,OFF,1000,0,OFF,OFF,OFF,ON,Gasoline,0.981,OFF,OFF,0.684,ON,0.391,16.078,7,0,0.801,0.801,2.383,0.801,0.918,2.031
4203,47.843,0,16.078,16,0.012,0.055,OFF,ECT 5th,NA,OFF,97.812,97.922,14.118,0,Not Avl,0,0,0,0,ON,ON,0,0,1
4204,0,14.178,Not Avl,Compl,Compl,Unable,ON,Not Avl,Compl,Compl,Unable,OFF,38.281,35.938,31.250,31.250,19.531,39.551,15.686,31.765,0.781,1.582,ON,0
4205,OFF,ON,ON,0.999,0.997,-0.012,0.008,3.274,3.313,0,97,51199.219,13.886,23.529,OFF,OFF,OFF,OFF,OFF,OFF,OFF,OFF,Avail,Incmpl
4206,Incmpl,Enable,Avail,485.300,324.300,485.300,324.300,ON,Avail,Compl,Enable,73,0,0,0,0,0,0,6,A,0,0,Avail,Incmpl
4207,Incmpl,Enable,OFF,OFF,900,1039.750,51199.219,51199.219,51199.219,51199.219,51199.219,51199.219,1GRFE ,49.020,Avail,Incmpl,Incmpl,Enable,7.996,ON,OFF,OFF,OFF,ON
4208,ON,Avail,Compl,Enable,Compl,CL,CL,Compl,Unable,Not Avl,Compl,Compl,Enable,OFF,0,15.500,568,ON,13.750,15,0.106,2388,18,21
4209,-3,OFF,0,4.688,5.840,OFF,0,0,52,Avail,Compl,Enable,0,GRN2#  ,2011,ON,0,ACTIVE,ACTIVE,0.962,0.947,0.270,0.680,51.227
4210,54.145,Avail,Compl,Avail,Incmpl,Incmpl,Enable,OBD II (California ARB),OFF,OFF,44.965,-0.055,OFF,0,OFF,1st,OFF,OFF,OFF,OFF,OFF,OFF,1.562,0
4211,ON,OFF,1000,0,OFF,OFF,OFF,ON,Gasoline,0.979,OFF,OFF,0.684,ON,0.391,16.078,7,0,0.801,0.801,2.383,0.801,0.918,2.031
4212,47.843,0,16.078,16,0.012,0.055,OFF,ECT 5th,NA,OFF,97.812,97.944,14.118,0,Not Avl,0,0,0,0,ON,ON,0,0,1
4213,0,14.169,Not Avl,Compl,Compl,Unable,ON,Not Avl,Compl,Compl,Unable,OFF,35.156,35.938,31.250,31.250,19.531,39.551,15.686,31.765,0.781,1.582,ON,0
4214,OFF,ON,ON,0.997,0.998,-0.016,0.012,3.269,3.318,0,97,51199.219,13.886,23.922,OFF,OFF,OFF,OFF,OFF,OFF,OFF,OFF,Avail,Incmpl
4215,Incmpl,Enable,Avail,485.300,324.300,485.300,324.300,ON,Avail,Compl,Enable,73,0,0,0,0,0,0,6,A,0,0,Avail,Incmpl
4216,Incmpl,Enable,OFF,OFF,901,1029.500,51199.219,51199.219,51199.219,51199.219,51199.219,51199.219,1GRFE ,49.412,Avail,Incmpl,Incmpl,Enable,7.996,ON,OFF,OFF,OFF,ON
4217,ON,Avail,Compl,Enable,Compl,CL,CL,Compl,Unable,Not Avl,Compl,Compl,Enable,OFF,0,15.500,588,ON,13.750,15,0.106,2392,18,21
4218,-3,OFF,0,4.688,5.870,OFF,0,0,52,Avail,Compl,Enable,0,GRN2#  ,2011,ON,0,ACTIVE,ACTIVE,0.962,0.947,0.270,0.680,51.227
4219,53.820,Avail,Compl,Avail,Incmpl,Incmpl,Enable,OBD II (California ARB),OFF,OFF,44.977,-0.055,OFF,0,OFF,1st,OFF,OFF,OFF,OFF,OFF,OFF,0.781,0
4220,ON,OFF,1000,0,OFF,OFF,OFF,ON,Gasoline,0.980,OFF,OFF,0.684,ON,0.391,16.078,7,0,0.801,0.801,2.383,0.801,0.918,2.031
4221,47.843,0,16.078,16,0.012,0.051,OFF,ECT 5th,NA,OFF,97.812,97.900,14.118,0,Not Avl,0,0,0,0,ON,ON,0,0,1
4222,0,14.178,Not Avl,Compl,Compl,Unable,ON,Not Avl,Compl,Compl,Unable,OFF,35.938,35.938,31.250,31.250,19.531,39.551,15.686,31.765,0.781,1.582,ON,0
4223,OFF,ON,ON,0.994,0.996,-0.027,0,3.249,3.303,0,97,51199.219,13.867,23.922,OFF,OFF,OFF,OFF,OFF,OFF,OFF,OFF,Avail,Incmpl
4224,Incmpl,Enable,Avail,485.300,324.300,485.300,324.300,ON,Avail,Compl,Enable,73,0,0,0,0,0,0,6,A,0,0,Avail,Incmpl
4225,Incmpl,Enable,OFF,OFF,901,1032,51199.219,51199.219,51199.219,51199.219,51199.219,51199.219,1GRFE ,49.412,Avail,Incmpl,Incmpl,Enable,7.996,ON,OFF,OFF,OFF,ON
4226,ON,Avail,Compl,Enable,Compl,CL,CL,Compl,Unable,Not Avl,Compl,Compl,Enable,OFF,0,15.500,5,ON,13.750,15,0.106,2384,18,21
4227,-3,OFF,0,4.688,5.890,OFF,0,0,64,Avail,Compl,Enable,0,GRN2#  ,2011,ON,0,ACTIVE,ACTIVE,0.962,0.942,0.270,0.680,50.902
4228,54.145,Avail,Compl,Avail,Incmpl,Incmpl,Enable,OBD II (California ARB),OFF,OFF,44.983,-0.055,OFF,0,OFF,1st,OFF,OFF,OFF,OFF,OFF,OFF,0.781,0
4229,ON,OFF,1000,0,OFF,OFF,OFF,ON,Gasoline,0.983,OFF,OFF,0.684,ON,0.391,16.078,7,0,0.801,0.801,2.383,0.801,0.918,2.031
4230,47.843,0,16.078,16,0.012,0.051,OFF,ECT 5th,NA,OFF,97.812,97.944,14.118,0,Not Avl,0,0,0,0,ON,ON,0,0,1
4231,0,14.178,Not Avl,Compl,Compl,Unable,ON,Not Avl,Compl,Compl,Unable,OFF,35.938,35.938,31.250,31.250,19.531,39.551,15.686,31.765,0.781,1.582,ON,0
4232,OFF,ON,ON,1.003,0.996,0,0.004,3.298,3.308,0,97,51199.219,13.886,23.922,OFF,OFF,OFF,OFF,OFF,OFF,OFF,OFF,Avail,Incmpl
4233,Incmpl,Enable,Avail,485.300,324.300,485.300,324.300,ON,Avail,Compl,Enable,73,0,0,0,0,0,0,6,A,0,0,Avail,Incmpl
4234,Incmpl,Enable,OFF,OFF,902,1024,51199.219,51199.219,51199.219,51199.219,51199.219,51199.219,1GRFE ,49.020,Avail,Incmpl,Incmpl,Enable,7.996,ON,OFF,OFF,OFF,ON
4235,ON,Avail,Compl,Enable,Compl,CL,CL,Compl,Unable,Not Avl,Compl,Compl,Enable,OFF,0,15.500,29,ON,13.750,15,0.107,2406,18,21
4236,-3,OFF,0,4.688,5.900,OFF,0,0,64,Avail,Compl,Enable,0,GRN2#  ,2011,ON,0,ACTIVE,ACTIVE,0.962,0.942,0.270,0.680,50.902
4237,53.496,Avail,Compl,Avail,Incmpl,Incmpl,Enable,OBD II (California ARB),OFF,OFF,44.977,-0.055,OFF,0,OFF,1st,OFF,OFF,OFF,OFF,OFF,OFF,0.781,0
4238,ON,OFF,1000,0,OFF,OFF,OFF,ON,Gasoline,0.982,OFF,OFF,0.684,ON,0.391,16.078,7,0,0.801,0.801,2.383,0.801,0.918,2.031
4239,47.843,0,16.078,16,0.012,0.051,OFF,ECT 5th,NA,OFF,97.812,97.878,14.510,0,Not Avl,0,0,0,0,ON,ON,0,0,1
4240,0,14.178,Not Avl,Compl,Compl,Unable,ON,Not Avl,Compl,Compl,Unable,OFF,35.938,35.938,31.250,31.250,19.531,39.551,15.686,31.765,0.781,1.582,ON,0
4241,OFF,ON,ON,0.998,0.996,-0.012,0.008,3.274,3.313,0,97,51199.219,13.886,23.922,OFF,OFF,OFF,OFF,OFF,OFF,OFF,OFF,Avail,Incmpl
4242,Incmpl,Enable,Avail,485.300,324.300,485.300,324.300,ON,Avail,Compl,Enable,73,0,0,0,0,0,0,6,A,0,0,Avail,Incmpl
4243,Incmpl,Enable,OFF,OFF,902,1033.500,51199.219,51199.219,51199.219,51199.219,51199.219,51199.219,1GRFE ,49.020,Avail,Incmpl,Incmpl,Enable,7.996,ON,OFF,OFF,OFF,ON
4244,ON,Avail,Compl,Enable,Compl,CL,CL,Compl,Unable,Not Avl,Compl,Compl,Enable,OFF,0,15.500,53,ON,13.750,15,0.107,2377,18,21
4245,-3,OFF,0,4.688,5.840,OFF,0,0,64,Avail,Compl,Enable,0,GRN2#  ,2011,ON,0,ACTIVE,ACTIVE,0.962,0.947,0.290,0.680,50.902
4246,53.496,Avail,Compl,Avail,Incmpl,Incmpl,Enable,OBD II (California ARB),OFF,OFF,45.093,-0.055,OFF,0,OFF,1st,OFF,OFF,OFF,OFF,OFF,OFF,0.781,0
4247,ON,OFF,1000,0,OFF,OFF,OFF,ON,Gasoline,0.980,OFF,OFF,0.684,ON,0.391,16.078,7,0,0.801,0.801,2.383,0.801,0.918,2.031
4248,47.843,0,16.078,16,0.012,0.051,OFF,ECT 5th,NA,OFF,97.812,97.944,14.118,0,Not Avl,0,0,0,0,ON,ON,0,0,1
4249,0,14.164,Not Avl,Compl,Compl,Unable,ON,Not Avl,Compl,Compl,Unable,OFF,35.938,40.625,31.250,31.250,19.531,39.551,15.686,31.765,0.781,1.582,ON,0
4250,OFF,ON,ON,1.001,1.001,0,0.023,3.293,3.337,0,97,51199.219,13.886,23.922,OFF,OFF,OFF,OFF,OFF,OFF,OFF,OFF,Avail,Incmpl
4251,Incmpl,Enable,Avail,485.400,324.300,485.400,324.300,ON,Avail,Compl,Enable,73,0,0,0,0,0,0,6,A,0,0,Avail,Incmpl
4252,Incmpl,Enable,OFF,OFF,903,1028,51199.219,51199.219,51199.219,51199.219,51199.219,51199.219,1GRFE ,49.412,Avail,Incmpl,Incmpl,Enable,7.996,ON,OFF,OFF,OFF,ON
4253,ON,Avail,Compl,Enable,Compl,CL,CL,Compl,Unable,Not Avl,Compl,Compl,Enable,OFF,0,15.500,76,ON,13.750,15,0.107,2392,18,21
4254,-3,OFF,0,4.688,5.840,OFF,0,0,53,Avail,Compl,Enable,0,GRN2#  ,2011,ON,0,ACTIVE,ACTIVE,0.962,0.947,0.290,0.660,51.227
4255,53.496,Avail,Compl,Avail,Incmpl,Incmpl,Enable,OBD II (California ARB),OFF,OFF,44.983,-0.055,OFF,0,OFF,1st,OFF,OFF,OFF,OFF,OFF,OFF,1.562,0
4256,ON,OFF,1000,0,OFF,OFF,OFF,ON,Gasoline,0.980,OFF,OFF,0.684,ON,0.391,16.078,6,0,0.801,0.801,2.383,0.801,0.918,2.031
4257,47.843,0,16.078,16,0.012,0.051,OFF,ECT 5th,NA,OFF,97.790,97.680,14.118,0,Not Avl,0,0,0,0,ON,ON,0,0,1
4258,0,14.178,Not Avl,Compl,Compl,Unable,ON,Not Avl,Compl,Compl,Unable,OFF,35.938,45.312,31.250,31.250,19.531,39.551,15.686,31.765,0.781,1.582,ON,0
4259,OFF,ON,ON,1.000,1.001,-0.008,0.020,3.283,3.332,0,97,51199.219,13.867,23.922,OFF,OFF,OFF,OFF,OFF,OFF,OFF,OFF,Avail,Incmpl
4260,Incmpl,Enable,Avail,485.400,324.300,485.400,324.300,ON,Avail,Compl,Enable,73,0,0,0,0,0,0,6,A,0,0,Avail,Incmpl
4261,Incmpl,Enable,OFF,OFF,903,1035,51199.219,51199.219,51199.219,51199.219,51199.219,51199.219,1GRFE ,49.020,Avail,Incmpl,Incmpl,Enable,7.996,ON,OFF,OFF,OFF,ON
4262,ON,Avail,Compl,Enable,Compl,CL,CL,Compl,Unable,Not Avl,Compl,Compl,Enable,OFF,0,15.500,101,ON,13.750,15,0.107,2395,18,21
4263,-3,OFF,0,4.688,5.840,OFF,0,0,53,Avail,Compl,Enable,0,GRN2#  ,2011,ON,0,ACTIVE,ACTIVE,0.962,0.947,0.290,0.660,50.902
4264,53.820,Avail,Compl,Avail,Incmpl,Incmpl,Enable,OBD II (California ARB),OFF,OFF,44.861,-0.055,OFF,0,OFF,1st,OFF,OFF,OFF,OFF,OFF,OFF,1.562,0
4265,ON,OFF,1000,0,OFF,OFF,OFF,ON,Gasoline,0.977,OFF,OFF,0.684,ON,0.391,16.078,7,0,0.801,0.801,2.383,0.801,0.918,2.031
4266,47.843,0,16.078,16,0.012,0.051,OFF,ECT 5th,NA,OFF,97.790,97.702,14.118,0,Not Avl,0,0,0,0,ON,ON,0,0,1
4267,0,14.178,Not Avl,Compl,Compl,Unable,ON,Not Avl,Compl,Compl,Unable,OFF,35.938,39.844,31.250,31.250,19.531,39.551,15.686,31.765,0.781,1.582,ON,0
4268,OFF,ON,ON,0.999,0.999,-0.012,0.012,3.279,3.322,0,97,51199.219,13.886,23.922,OFF,OFF,OFF,OFF,OFF,OFF,OFF,OFF,Avail,Incmpl
4269,Incmpl,Enable,Avail,485.400,324.300,485.400,324.300,ON,Avail,Compl,Enable,73,0,0,0,0,0,0,6,A,0,0,Avail,Incmpl
4270,Incmpl,Enable,OFF,OFF,904,1037.500,51199.219,51199.219,51199.219,51199.219,51199.219,51199.219,1GRFE ,49.412,Avail,Incmpl,Incmpl,Enable,7.996,ON,OFF,OFF,OFF,ON
4271,ON,Avail,Compl,Enable,Compl,CL,CL,Compl,Unable,Not Avl,Compl,Compl,Enable,OFF,0,15.500,126,ON,13.750,15,0.107,2392,18,21
4272,-3,OFF,0,4.688,5.850,OFF,0,0,74,Avail,Compl,Enable,0,GRN2#  ,2011,ON,0,ACTIVE,ACTIVE,0.962,0.947,0.270,0.640,50.902
4273,54.145,Avail,Compl,Avail,Incmpl,Incmpl,Enable,OBD II (California ARB),OFF,OFF,44.977,-0.055,OFF,0,OFF,1st,OFF,OFF,OFF,OFF,OFF,OFF,1.562,0
4274,ON,OFF,1000,0,OFF,OFF,OFF,ON,Gasoline,0.977,OFF,OFF,0.684,ON,0.391,16.078,6,0,0.801,0.801,2.383,0.801,0.918,2.031
4275,47.843,0,16.078,16,0.012,0.051,OFF,ECT 5th,NA,OFF,97.812,97.922,14.118,0,Not Avl,0,0,0,0,ON,ON,0,0,1
4276,0,14.160,Not Avl,Compl,Compl,Unable,ON,Not Avl,Compl,Compl,Unable,OFF,35.938,38.281,31.250,31.250,19.531,39.551,15.686,31.765,0.781,1.582,ON,0
4277,OFF,ON,ON,0.993,0.997,-0.035,0.004,3.239,3.308,0,97,51199.219,13.886,23.922,OFF,OFF,OFF,OFF,OFF,OFF,OFF,OFF,Avail,Incmpl
4278,Incmpl,Enable,Avail,485.400,324.300,485.400,324.300,ON,Avail,Compl,Enable,73,0,0,0,0,0,0,6,A,0,0,Avail,Incmpl
4279,Incmpl,Enable,OFF,OFF,904,1037.500,51199.219,51199.219,51199.219,51199.219,51199.219,51199.219,1GRFE ,49.020,Avail,Incmpl,Incmpl,Enable,7.996,ON,OFF,OFF,OFF,ON
4280,ON,Avail,Compl,Enable,Compl,CL,CL,Compl,Unable,Not Avl,Compl,Compl,Enable,OFF,0,15.500,150,ON,13.750,15,0.107,2384,18,21
4281,-3,OFF,0,4.688,5.840,OFF,0,0,74,Avail,Compl,Enable,0,GRN2#  ,2011,ON,0,ACTIVE,ACTIVE,0.962,0.947,0.270,0.640,50.578
4282,54.145,Avail,Compl,Avail,Incmpl,Incmpl,Enable,OBD II (California ARB),OFF,OFF,44.977,-0.055,OFF,0,OFF,1st,OFF,OFF,OFF,OFF,OFF,OFF,0.781,0
4283,ON,OFF,1000,0,OFF,OFF,OFF,ON,Gasoline,0.977,OFF,OFF,0.684,ON,0.312,16.078,6,0,0.801,0.801,2.383,0.801,0.918,2.031
4284,47.843,0,16.078,16,0.012,0.051,OFF,ECT 5th,NA,OFF,97.790,97.680,14.118,0,Not Avl,0,0,0,0,ON,ON,0,0,1
4285,0,14.178,Not Avl,Compl,Compl,Unable,ON,Not Avl,Compl,Compl,Unable,OFF,35.938,38.281,31.250,31.250,19.531,39.551,15.686,31.765,0.781,1.582,ON,0
4286,OFF,ON,ON,0.998,0.999,-0.012,0.012,3.274,3.322,0,97,51199.219,13.886,23.922,OFF,OFF,OFF,OFF,OFF,OFF,OFF,OFF,Avail,Incmpl
4287,Incmpl,Enable,Avail,485.500,324.300,485.500,324.300,ON,Avail,Compl,Enable,73,0,0,0,0,0,0,6,A,0,0,Avail,Incmpl
4288,Incmpl,Enable,OFF,OFF,904,1035.750,51199.219,51199.219,51199.219,51199.219,51199.219,51199.219,1GRFE ,49.412,Avail,Incmpl,Incmpl,Enable,7.996,ON,OFF,OFF,OFF,ON
4289,ON,Avail,Compl,Enable,Compl,CL,CL,Compl,Unable,Not Avl,Compl,Compl,Enable,OFF,0,15.500,173,ON,13.750,15,0.107,2392,18,21
4290,-3,OFF,0,4.688,5.900,OFF,0,0,71,Avail,Compl,Enable,0,GRN2#  ,2011,ON,0,ACTIVE,ACTIVE,0.962,0.947,0.290,0.640,50.578
4291,53.820,Avail,Compl,Avail,Incmpl,Incmpl,Enable,OBD II (California ARB),OFF,OFF,45.215,-0.055,OFF,0,OFF,1st,OFF,OFF,OFF,OFF,OFF,OFF,0.781,0
4292,ON,OFF,1000,0,OFF,OFF,OFF,ON,Gasoline,0.980,OFF,OFF,0.684,ON,0.312,16.078,6,0,0.801,0.801,2.383,0.801,0.918,2.031
4293,47.843,0,16.078,16,0.012,0.051,OFF,ECT 5th,NA,OFF,97.812,97.944,14.118,0,Not Avl,0,0,0,0,ON,ON,0,0,1
4294,0,14.178,Not Avl,Compl,Compl,Unable,ON,Not Avl,Compl,Compl,Unable,OFF,35.938,38.281,31.250,31.250,19.531,39.551,15.686,31.765,0.781,1.582,ON,0
4295,OFF,ON,ON,0.999,0.998,-0.012,0.012,3.274,3.318,0,97,51199.219,13.886,23.529,OFF,OFF,OFF,OFF,OFF,OFF,OFF,OFF,Avail,Incmpl
4296,Incmpl,Enable,Avail,485.500,324.300,485.500,324.300,ON,Avail,Compl,Enable,73,0,0,0,0,0,0,6,A,0,0,Avail,Incmpl
4297,Incmpl,Enable,OFF,OFF,905,1040.500,51199.219,51199.219,51199.219,51199.219,51199.219,51199.219,1GRFE ,49.412,Avail,Incmpl,Incmpl,Enable,7.996,ON,OFF,OFF,OFF,ON
4298,ON,Avail,Compl,Enable,Compl,CL,CL,Compl,Unable,Not Avl,Compl,Compl,Enable,OFF,0,16,197,ON,13.750,15,0.107,2377,18,21
4299,-3,OFF,0,4.688,5.870,OFF,0,0,71,Avail,Compl,Enable,0,GRN2#  ,2011,ON,0,ACTIVE,ACTIVE,0.962,0.947,0.290,0.625,50.254
4300,53.820,Avail,Compl,Avail,Incmpl,Incmpl,Enable,OBD II (California ARB),OFF,OFF,45.215,-0.055,OFF,0,OFF,1st,OFF,OFF,OFF,OFF,OFF,OFF,0.781,0
4301,ON,OFF,1000,0,OFF,OFF,OFF,ON,Gasoline,0.980,OFF,OFF,0.684,ON,0.391,16.078,6,0,0.801,0.801,2.383,0.801,0.918,2.031
4302,47.843,0,16.078,16,0.012,0.051,OFF,ECT 5th,NA,OFF,97.790,97.680,14.118,0,Not Avl,0,0,0,0,ON,ON,0,0,1
4303,0,14.178,Not Avl,Compl,Compl,Unable,ON,Not Avl,Compl,Compl,Unable,OFF,35.938,38.281,31.250,31.250,19.531,39.551,15.686,31.765,0.781,1.582,ON,0
4304,OFF,ON,ON,1.002,1.003,0,0.023,3.293,3.342,0,97,51199.219,13.886,23.529,OFF,OFF,OFF,OFF,OFF,OFF,OFF,OFF,Avail,Incmpl
4305,Incmpl,Enable,Avail,485.500,324.300,485.500,324.300,ON,Avail,Compl,Enable,73,0,0,0,0,0,0,6,A,0,0,Avail,Incmpl
4306,Incmpl,Enable,OFF,OFF,905,1038.250,51199.219,51199.219,51199.219,51199.219,51199.219,51199.219,1GRFE ,49.020,Avail,Incmpl,Incmpl,Enable,7.996,ON,OFF,OFF,OFF,ON
4307,ON,Avail,Compl,Enable,Compl,CL,CL,Compl,Unable,Not Avl,Compl,Compl,Enable,OFF,0,15.500,216,ON,13.750,15,0.107,2377,18,21
4308,-3,OFF,0,4.688,5.840,OFF,0,0,71,Avail,Compl,Enable,0,GRN2#  ,2011,ON,0,ACTIVE,ACTIVE,0.962,0.947,0.290,0.625,50.902
4309,54.145,Avail,Compl,Avail,Incmpl,Incmpl,Enable,OBD II (California ARB),OFF,OFF,44.861,-0.055,OFF,0,OFF,1st,OFF,OFF,OFF,OFF,OFF,OFF,1.562,0
4310,ON,OFF,1000,0,OFF,OFF,OFF,ON,Gasoline,0.978,OFF,OFF,0.684,ON,0.391,16.078,6,0,0.801,0.801,2.383,0.801,0.918,2.031
4311,47.843,0,16.078,16,0.016,0.051,OFF,ECT 5th,NA,OFF,97.790,97.724,14.118,0,Not Avl,0,0,0,0,ON,ON,0,0,1
4312,0,14.178,Not Avl,Compl,Compl,Unable,ON,Not Avl,Compl,Compl,Unable,OFF,35.938,38.281,31.250,31.250,19.531,39.551,15.686,31.765,0.781,1.582,ON,0
4313,OFF,ON,ON,0.998,1.000,0,0.027,3.274,3.327,0,97,51199.219,13.886,23.922,OFF,OFF,OFF,OFF,OFF,OFF,OFF,OFF,Avail,Incmpl
4314,Incmpl,Enable,Avail,485.500,324.300,485.500,324.300,ON,Avail,Compl,Enable,73,0,0,0,0,0,0,6,A,0,0,Avail,Incmpl
4315,Incmpl,Enable,OFF,OFF,906,1036.500,51199.219,51199.219,51199.219,51199.219,51199.219,51199.219,1GRFE ,49.412,Avail,Incmpl,Incmpl,Enable,7.996,ON,OFF,OFF,OFF,ON
4316,ON,Avail,Compl,Enable,Compl,CL,CL,Compl,Unable,Not Avl,Compl,Compl,Enable,OFF,0,15.500,241,ON,13.750,15,0.107,2399,18,21
4317,-3,OFF,0,4.688,5.900,OFF,0,0,53,Avail,Compl,Enable,0,GRN2#  ,2011,ON,0,ACTIVE,ACTIVE,0.962,0.947,0.290,0.625,50.254
4318,53.496,Avail,Compl,Avail,Incmpl,Incmpl,Enable,OBD II (California ARB),OFF,OFF,45.093,-0.055,OFF,0,OFF,1st,OFF,OFF,OFF,OFF,OFF,OFF,1.562,0
4319,ON,OFF,1000,0,OFF,OFF,OFF,ON,Gasoline,0.977,OFF,OFF,0.684,ON,0.391,16.078,6,0,0.801,0.801,2.383,0.801,0.918,2.031
4320,47.843,0,16.078,16,0.016,0.051,OFF,ECT 5th,NA,OFF,97.812,97.900,14.118,0,Not Avl,0,0,0,0,ON,ON,0,0,1
4321,0,14.180,Not Avl,Compl,Compl,Unable,ON,Not Avl,Compl,Compl,Unable,OFF,46.094,38.281,31.250,31.250,19.531,39.551,15.686,31.765,0.781,1.582,ON,0
4322,OFF,ON,ON,0.997,0.997,-0.023,0.004,3.259,3.308,0,97,51199.219,13.886,23.922,OFF,OFF,OFF,OFF,OFF,OFF,OFF,OFF,Avail,Incmpl
4323,Incmpl,Enable,Avail,485.500,324.300,485.500,324.300,ON,Avail,Compl,Enable,73,0,0,0,0,0,0,6,A,0,0,Avail,Incmpl
4324,Incmpl,Enable,OFF,OFF,906,1042.750,51199.219,51199.219,51199.219,51199.219,51199.219,51199.219,1GRFE ,49.412,Avail,Incmpl,Incmpl,Enable,7.996,ON,OFF,OFF,OFF,ON
4325,ON,Avail,Compl,Enable,Compl,CL,CL,Compl,Unable,Not Avl,Compl,Compl,Enable,OFF,0,15.500,264,ON,13.750,15,0.107,2392,18,21
4326,-3,OFF,0,4.688,5.840,OFF,0,0,53,Avail,Compl,Enable,0,GRN2#  ,2011,ON,0,ACTIVE,ACTIVE,0.962,0.947,0.290,0.605,50.578
4327,53.496,Avail,Compl,Avail,Incmpl,Incmpl,Enable,OBD II (California ARB),OFF,OFF,45.093,-0.055,OFF,0,OFF,1st,OFF,OFF,OFF,OFF,OFF,OFF,1.562,0
4328,ON,OFF,1000,0,OFF,OFF,OFF,ON,Gasoline,0.977,OFF,OFF,0.684,ON,0.391,16.078,7,0,0.801,0.801,2.383,0.801,0.918,2.031
4329,47.843,0,16.078,16,0.016,0.051,OFF,ECT 5th,NA,OFF,97.790,97.746,14.118,0,Not Avl,0,0,0,0,ON,ON,0,0,1
4330,0,14.160,Not Avl,Compl,Compl,Unable,ON,Not Avl,Compl,Compl,Unable,OFF,45.312,38.281,31.250,31.250,19.531,39.551,15.686,31.765,0.781,1.582,ON,0
4331,OFF,ON,ON,0.996,0.997,-0.020,0.004,3.264,3.308,0,97,51199.219,13.867,23.922,OFF,OFF,OFF,OFF,OFF,OFF,OFF,OFF,Avail,Incmpl
4332,Incmpl,Enable,Avail,485.500,324.300,485.500,324.300,ON,Avail,Compl,Enable,73,0,0,0,0,0,0,6,A,0,0,Avail,Incmpl
4333,Incmpl,Enable,OFF,OFF,907,1032,51199.219,51199.219,51199.219,51199.219,51199.219,51199.219,1GRFE ,49.020,Avail,Incmpl,Incmpl,Enable,7.996,ON,OFF,OFF,OFF,ON
4334,ON,Avail,Compl,Enable,Compl,CL,CL,Compl,Unable,Not Avl,Compl,Compl,Enable,OFF,0,15.500,289,ON,13.750,15,0.107,2384,18,21
4335,-3,OFF,0,4.688,5.840,OFF,0,0,63,Avail,Compl,Enable,0,GRN2#  ,2011,ON,0,ACTIVE,ACTIVE,0.962,0.947,0.310,0.605,50.254
4336,53.496,Avail,Compl,Avail,Incmpl,Incmpl,Enable,OBD II (California ARB),OFF,OFF,45.215,-0.055,OFF,0,OFF,1st,OFF,OFF,OFF,OFF,OFF,OFF,0.781,0
4337,ON,OFF,1000,0,OFF,OFF,OFF,ON,Gasoline,0.979,OFF,OFF,0.684,ON,0.391,16.078,7,0,0.801,0.801,2.383,0.801,0.918,2.031
4338,47.843,0,16.078,16,0.016,0.051,OFF,ECT 5th,NA,OFF,97.812,97.856,14.118,0,Not Avl,0,0,0,0,ON,ON,0,0,1
4339,0,14.178,Not Avl,Compl,Compl,Unable,ON,Not Avl,Compl,Compl,Unable,OFF,40.625,38.281,31.250,31.250,19.531,39.551,15.686,31.765,0.781,1.582,ON,0
4340,OFF,ON,ON,0.999,0.999,-0.012,0.012,3.274,3.322,0,97,51199.219,13.886,23.922,OFF,OFF,OFF,OFF,OFF,OFF,OFF,OFF,Avail,Incmpl
4341,Incmpl,Enable,Avail,485.500,324.300,485.500,324.300,ON,Avail,Compl,Enable,73,0,0,0,0,0,0,6,A,0,0,Avail,Incmpl
4342,Incmpl,Enable,OFF,OFF,907,1039,51199.219,51199.219,51199.219,51199.219,51199.219,51199.219,1GRFE ,49.412,Avail,Incmpl,Incmpl,Enable,7.996,ON,OFF,OFF,OFF,ON
4343,ON,Avail,Compl,Enable,Compl,CL,CL,Compl,Unable,Not Avl,Compl,Compl,Enable,OFF,0,15.500,313,ON,13.750,15,0.107,2388,18,21
4344,-3,OFF,0,4.688,5.840,OFF,0,0,63,Avail,Compl,Enable,0,GRN2#  ,2011,ON,0,ACTIVE,ACTIVE,0.962,0.947,0.310,0.605,49.930
4345,53.820,Avail,Compl,Avail,Incmpl,Incmpl,Enable,OBD II (California ARB),OFF,OFF,44.977,-0.055,OFF,0,OFF,1st,OFF,OFF,OFF,OFF,OFF,OFF,1.562,0
4346,ON,OFF,1000,0,OFF,OFF,OFF,ON,Gasoline,0.978,OFF,OFF,0.684,ON,0.391,16.078,6,0,0.801,0.801,2.383,0.801,0.918,2.031
4347,47.843,0,16.078,16,0.016,0.051,OFF,ECT 5th,NA,OFF,97.790,97.768,14.118,0,Not Avl,0,0,0,0,ON,ON,0,0,1
4348,0,14.171,Not Avl,Compl,Compl,Unable,ON,Not Avl,Compl,Compl,Unable,OFF,38.281,38.281,31.250,31.250,19.531,39.551,15.686,31.765,0.781,1.582,ON,0
4349,OFF,ON,ON,0.998,1.000,-0.016,0.012,3.269,3.322,0,97,51199.219,13.886,23.922,OFF,OFF,OFF,OFF,OFF,OFF,OFF,OFF,Avail,Incmpl
4350,Incmpl,Enable,Avail,485.600,324.300,485.600,324.300,ON,Avail,Compl,Enable,73,0,0,0,0,0,0,6,A,0,0,Avail,Incmpl
4351,Incmpl,Enable,OFF,OFF,908,1037.500,51199.219,51199.219,51199.219,51199.219,51199.219,51199.219,1GRFE ,49.412,Avail,Incmpl,Incmpl,Enable,7.996,ON,OFF,OFF,OFF,ON
4352,ON,Avail,Compl,Enable,Compl,CL,CL,Compl,Unable,Not Avl,Compl,Compl,Enable,OFF,0,15.500,338,ON,13.750,15,0.107,2384,18,21
4353,-3,OFF,0,4.688,5.900,OFF,0,0,64,Avail,Compl,Enable,0,GRN2#  ,2011,ON,0,ACTIVE,ACTIVE,0.962,0.947,0.310,0.585,50.254
4354,53.496,Avail,Compl,Avail,Incmpl,Incmpl,Enable,OBD II (California ARB),OFF,OFF,44.977,-0.055,OFF,0,OFF,1st,OFF,OFF,OFF,OFF,OFF,OFF,0.781,0
4355,ON,OFF,1000,0,OFF,OFF,OFF,ON,Gasoline,0.980,OFF,OFF,0.684,ON,0.391,16.078,7,0,0.801,0.801,2.383,0.801,0.918,2.031
4356,47.843,0,16.078,16,0.016,0.051,OFF,ECT 5th,NA,OFF,97.812,97.812,14.118,0,Not Avl,0,0,0,0,ON,ON,0,0,1
4357,0,14.178,Not Avl,Compl,Compl,Unable,ON,Not Avl,Compl,Compl,Unable,OFF,38.281,38.281,31.250,31.250,19.531,39.551,15.686,31.765,0.781,1.582,ON,0
4358,OFF,ON,ON,1.001,1.000,-0.004,0.016,3.288,3.327,0,97,51199.219,13.886,23.922,OFF,OFF,OFF,OFF,OFF,OFF,OFF,OFF,Avail,Incmpl
4359,Incmpl,Enable,Avail,485.600,324.300,485.600,324.300,ON,Avail,Compl,Enable,73,0,0,0,0,0,0,6,A,0,0,Avail,Incmpl
4360,Incmpl,Enable,OFF,OFF,908,1042,51199.219,51199.219,51199.219,51199.219,51199.219,51199.219,1GRFE ,49.412,Avail,Incmpl,Incmpl,Enable,7.996,ON,OFF,OFF,OFF,ON
4361,ON,Avail,Compl,Enable,Compl,CL,CL,Compl,Unable,Not Avl,Compl,Compl,Enable,OFF,0,15.500,362,ON,13.750,15,0.107,2384,18,21
4362,-3,OFF,0,4.688,5.840,OFF,0,0,64,Avail,Compl,Enable,0,GRN2#  ,2011,ON,0,ACTIVE,ACTIVE,0.962,0.947,0.310,0.565,50.254
4363,53.496,Avail,Compl,Avail,Incmpl,Incmpl,Enable,OBD II (California ARB),OFF,OFF,45.215,-0.055,OFF,0,OFF,1st,OFF,OFF,OFF,OFF,OFF,OFF,1.562,0.781
4364,ON,OFF,1000,0,OFF,OFF,OFF,ON,Gasoline,0.980,OFF,OFF,0.684,ON,0.391,16.078,6,0,0.801,0.801,2.383,0.801,0.918,2.031
4365,47.843,0,16.078,16,0.016,0.055,OFF,ECT 5th,NA,OFF,97.812,97.922,14.118,0,Not Avl,0,0,0,0,ON,ON,0,0,1
4366,0,14.178,Not Avl,Compl,Compl,Unable,ON,Not Avl,Compl,Compl,Unable,OFF,38.281,38.281,31.250,31.250,19.531,39.551,15.686,31.765,0.781,1.582,ON,0
4367,OFF,ON,ON,0.995,0.999,-0.027,0.012,3.254,3.318,0,97,51199.219,13.886,23.922,OFF,OFF,OFF,OFF,OFF,OFF,OFF,OFF,Avail,Incmpl
4368,Incmpl,Enable,Avail,485.600,324.300,485.600,324.300,ON,Avail,Compl,Enable,73,0,0,0,0,0,0,6,A,0,0,Avail,Incmpl
4369,Incmpl,Enable,OFF,OFF,908,1032,51199.219,51199.219,51199.219,51199.219,51199.219,51199.219,1GRFE ,49.412,Avail,Incmpl,Incmpl,Enable,7.996,ON,OFF,OFF,OFF,ON
4370,ON,Avail,Compl,Enable,Compl,CL,CL,Compl,Unable,Not Avl,Compl,Compl,Enable,OFF,0,15.500,381,ON,13.750,15,0.107,2381,18,21
4371,-3,OFF,0,4.688,5.840,OFF,0,0,64,Avail,Compl,Enable,0,GRN2#  ,2011,ON,0,ACTIVE,ACTIVE,0.962,0.942,0.310,0.545,50.254
4372,53.172,Avail,Compl,Avail,Incmpl,Incmpl,Enable,OBD II (California ARB),OFF,OFF,44.977,-0.055,OFF,0,OFF,1st,OFF,OFF,OFF,OFF,OFF,OFF,0.781,0.781
4373,ON,OFF,1000,0,OFF,OFF,OFF,ON,Gasoline,0.979,OFF,OFF,0.684,ON,0.312,16.078,6,0,0.801,0.801,2.383,0.801,0.918,2.031
4374,47.843,0,16.078,16,0.016,0.055,OFF,ECT 5th,NA,OFF,97.812,97.922,14.118,0,Not Avl,0,0,0,0,ON,ON,0,0,1
4375,0,14.178,Not Avl,Compl,Compl,Unable,ON,Not Avl,Compl,Compl,Unable,OFF,38.281,38.281,31.250,31.250,19.531,39.551,15.686,31.765,0.781,1.582,ON,0
4376,OFF,ON,ON,0.996,0.998,-0.004,0.016,3.264,3.313,0,97,51199.219,13.886,23.922,OFF,OFF,OFF,OFF,OFF,OFF,OFF,OFF,Avail,Incmpl
4377,Incmpl,Enable,Avail,485.600,324.300,485.600,324.300,ON,Avail,Compl,Enable,73,0,0,0,0,0,0,6,A,0,0,Avail,Incmpl
4378,Incmpl,Enable,OFF,OFF,909,1030.250,51199.219,51199.219,51199.219,51199.219,51199.219,51199.219,1GRFE ,49.412,Avail,Incmpl,Incmpl,Enable,7.996,ON,OFF,OFF,OFF,ON
4379,ON,Avail,Compl,Enable,Compl,CL,CL,Compl,Unable,Not Avl,Compl,Compl,Enable,OFF,0,15.500,404,ON,13.750,15,0.107,2403,18,21
4380,-3,OFF,0,4.688,5.900,OFF,0,0,63,Avail,Compl,Enable,0,GRN2#  ,2011,ON,0,ACTIVE,ACTIVE,0.962,0.947,0.330,0.525,50.254
4381,52.848,Avail,Compl,Avail,Incmpl,Incmpl,Enable,OBD II (California ARB),OFF,OFF,45.093,-0.055,OFF,0,OFF,1st,OFF,OFF,OFF,OFF,OFF,OFF,0.781,0.781
4382,ON,OFF,1000,0,OFF,OFF,OFF,ON,Gasoline,0.982,OFF,OFF,0.684,ON,0.312,16.078,6,0,0.801,0.801,2.383,0.801,0.918,2.031
4383,47.843,0,16.078,16,0.012,0.055,OFF,ECT 5th,NA,OFF,97.790,97.680,14.510,0,Not Avl,0,0,0,0,ON,ON,0,0,1
4384,0,14.178,Not Avl,Compl,Compl,Unable,ON,Not Avl,Compl,Compl,Unable,OFF,38.281,38.281,31.250,31.250,19.531,39.551,15.686,31.765,0.781,1.582,ON,0
4385,OFF,ON,ON,0.997,0.996,-0.012,0,3.279,3.293,0,97,51199.219,13.886,23.922,OFF,OFF,OFF,OFF,OFF,OFF,OFF,OFF,Avail,Incmpl
4386,Incmpl,Enable,Avail,485.600,324.300,485.600,324.300,ON,Avail,Compl,Enable,73,0,0,0,0,0,0,6,A,0,0,Avail,Incmpl
4387,Incmpl,Enable,OFF,OFF,909,1035,51199.219,51199.219,51199.219,51199.219,51199.219,51199.219,1GRFE ,49.412,Avail,Incmpl,Incmpl,Enable,7.996,ON,OFF,OFF,OFF,ON
4388,ON,Avail,Compl,Enable,Compl,CL,CL,Compl,Unable,Not Avl,Compl,Compl,Enable,OFF,0,15.500,428,ON,13.750,15,0.107,2399,18,21
4389,-3,OFF,0,4.688,5.900,OFF,0,0,63,Avail,Compl,Enable,0,GRN2#  ,2011,ON,0,ACTIVE,ACTIVE,0.962,0.947,0.330,0.505,50.578
4390,52.523,Avail,Compl,Avail,Incmpl,Incmpl,Enable,OBD II (California ARB),OFF,OFF,45.093,-0.055,OFF,0,OFF,1st,OFF,OFF,OFF,OFF,OFF,OFF,0.781,0
4391,ON,OFF,1000,0,OFF,OFF,OFF,ON,Gasoline,0.983,OFF,OFF,0.684,ON,0.391,16.078,6,0,0.801,0.801,2.383,0.801,0.918,2.031
4392,47.843,0,16.078,16,0.012,0.055,OFF,ECT 5th,NA,OFF,97.812,97.944,14.118,0,Not Avl,0,0,0,0,ON,ON,0,0,1
4393,0,14.178,Not Avl,Compl,Compl,Unable,ON,Not Avl,Compl,Compl,Unable,OFF,38.281,38.281,31.250,31.250,19.531,39.551,15.686,31.765,0.781,1.582,ON,0
4394,OFF,ON,ON,1.002,0.997,0,0.004,3.293,3.308,0,97,51199.219,13.886,23.922,OFF,OFF,OFF,OFF,OFF,OFF,OFF,OFF,Avail,Incmpl
4395,Incmpl,Enable,Avail,485.700,324.300,485.700,324.300,ON,Avail,Compl,Enable,73,0,0,0,0,0,0,6,A,0,0,Avail,Incmpl
4396,Incmpl,Enable,OFF,OFF,910,1026.500,51199.219,51199.219,51199.219,51199.219,51199.219,51199.219,1GRFE ,49.412,Avail,Incmpl,Incmpl,Enable,7.996,ON,OFF,OFF,OFF,ON
4397,ON,Avail,Compl,Enable,Compl,CL,CL,Compl,Unable,Not Avl,Compl,Compl,Enable,OFF,0,16,449,ON,13.750,15,0.107,2395,18,21
4398,-3,OFF,0,4.688,5.840,OFF,0,0,67,Avail,Compl,Enable,0,GRN2#  ,2011,ON,0,ACTIVE,ACTIVE,0.962,0.947,0.330,0.505,50.254
4399,52.523,Avail,Compl,Avail,Incmpl,Incmpl,Enable,OBD II (California ARB),OFF,OFF,44.983,-0.055,OFF,0,OFF,1st,OFF,OFF,OFF,OFF,OFF,OFF,0.781,0
4400,ON,OFF,1000,0,OFF,OFF,OFF,ON,Gasoline,0.982,OFF,OFF,0.684,ON,0.391,16.078,6,0,0.801,0.801,2.383,0.801,0.918,2.031
4401,47.843,0,16.078,16,0.012,0.055,OFF,ECT 5th,NA,OFF,97.812,97.922,14.118,0,Not Avl,0,0,0,0,ON,ON,0,0,1
4402,0,14.178,Not Avl,Compl,Compl,Unable,ON,Not Avl,Compl,Compl,Unable,OFF,38.281,38.281,31.250,31.250,19.531,39.551,15.686,31.765,0.781,1.582,ON,0
4403,OFF,ON,ON,0.996,1.000,-0.020,0.012,3.264,3.318,0,97,51199.219,13.886,23.922,OFF,OFF,OFF,OFF,OFF,OFF,OFF,OFF,Avail,Incmpl
4404,Incmpl,Enable,Avail,485.700,324.300,485.700,324.300,ON,Avail,Compl,Enable,73,0,0,0,0,0,0,6,A,0,0,Avail,Incmpl
4405,Incmpl,Enable,OFF,OFF,910,1046.750,51199.219,51199.219,51199.219,51199.219,51199.219,51199.219,1GRFE ,49.412,Avail,Incmpl,Incmpl,Enable,7.996,ON,OFF,OFF,OFF,ON
4406,ON,Avail,Compl,Enable,Compl,CL,CL,Compl,Unable,Not Avl,Compl,Compl,Enable,OFF,0,15.500,475,ON,13.750,15,0.107,2396,18,21
4407,-3,OFF,0,4.688,5.890,OFF,0,0,67,Avail,Compl,Enable,0,GRN2#  ,2011,ON,0,ACTIVE,ACTIVE,0.962,0.942,0.350,0.465,50.254
4408,52.523,Avail,Compl,Avail,Incmpl,Incmpl,Enable,OBD II (California ARB),OFF,OFF,45.337,-0.055,OFF,0,OFF,1st,OFF,OFF,OFF,OFF,OFF,OFF,0.781,0
4409,ON,OFF,1000,0,OFF,OFF,OFF,ON,Gasoline,0.981,OFF,OFF,0.684,ON,0.391,16.078,6,0,0.801,0.801,2.383,0.801,0.918,2.031
4410,47.843,0,16.078,16,0.012,0.055,OFF,ECT 5th,NA,OFF,97.812,97.944,14.118,0,Not Avl,0,0,0,0,ON,ON,0,0,1
4411,0,14.175,Not Avl,Compl,Compl,Unable,ON,Not Avl,Compl,Compl,Unable,OFF,38.281,38.281,31.250,31.250,19.531,39.551,15.686,31.765,0.781,1.582,ON,0
4412,OFF,ON,ON,0.999,1.001,0.012,0.020,3.288,3.318,0,97,51199.219,13.886,23.922,OFF,OFF,OFF,OFF,OFF,OFF,OFF,OFF,Avail,Incmpl
4413,Incmpl,Enable,Avail,485.700,324.300,485.700,324.300,ON,Avail,Compl,Enable,73,0,0,0,0,0,0,6,A,0,0,Avail,Incmpl
4414,Incmpl,Enable,OFF,OFF,911,1039,51199.219,51199.219,51199.219,51199.219,51199.219,51199.219,1GRFE ,49.412,Avail,Incmpl,Incmpl,Enable,7.996,ON,OFF,OFF,OFF,ON
4415,ON,Avail,Compl,Enable,Compl,CL,CL,Compl,Unable,Not Avl,Compl,Compl,Enable,OFF,0,15.500,499,ON,13.750,15,0.107,2384,18,21
4416,-3,OFF,0,4.688,5.890,OFF,0,0,47,Avail,Compl,Enable,0,GRN2#  ,2011,ON,0,ACTIVE,ACTIVE,0.962,0.947,0.370,0.425,50.578
4417,52.523,Avail,Compl,Avail,Incmpl,Incmpl,Enable,OBD II (California ARB),OFF,OFF,44.977,-0.055,OFF,0,OFF,1st,OFF,OFF,OFF,OFF,OFF,OFF,0.781,0.781
4418,ON,OFF,1000,0,OFF,OFF,OFF,ON,Gasoline,0.983,OFF,OFF,0.684,ON,0.312,16.078,6,0,0.801,0.801,2.383,0.801,0.918,2.031
4419,47.843,0,16.078,16,0.012,0.055,OFF,ECT 5th,NA,OFF,97.790,97.680,14.118,0,Not Avl,0,0,0,0,ON,ON,0,0,1
4420,0,14.178,Not Avl,Compl,Compl,Unable,ON,Not Avl,Compl,Compl,Unable,OFF,38.281,38.281,31.250,31.250,19.531,39.551,15.686,31.765,0.781,1.582,ON,0
4421,OFF,ON,ON,0.997,1.002,-0.012,0.008,3.279,3.313,0,97,51199.219,13.886,23.922,OFF,OFF,OFF,OFF,OFF,OFF,OFF,OFF,Avail,Incmpl
4422,Incmpl,Enable,Avail,485.700,324.300,485.700,324.300,ON,Avail,Compl,Enable,73,0,0,0,0,0,0,6,A,0,0,Avail,Incmpl
4423,Incmpl,Enable,OFF,OFF,911,1035.750,51199.219,51199.219,51199.219,51199.219,51199.219,51199.219,1GRFE ,49.020,Avail,Incmpl,Incmpl,Enable,7.996,ON,OFF,OFF,OFF,ON
4424,ON,Avail,Compl,Enable,Compl,CL,CL,Compl,Unable,Not Avl,Compl,Compl,Enable,OFF,0,15.500,522,ON,13.750,15,0.107,2385,18,21
4425,-3,OFF,0,4.688,5.840,OFF,0,0,47,Avail,Compl,Enable,0,GRN2#  ,2011,ON,0,ACTIVE,ACTIVE,0.957,0.942,0.390,0.390,50.578
4426,52.199,Avail,Compl,Avail,Incmpl,Incmpl,Enable,OBD II (California ARB),OFF,OFF,44.977,-0.055,OFF,0,OFF,1st,OFF,OFF,OFF,OFF,OFF,OFF,0.781,0.781
4427,ON,OFF,1000,0,OFF,OFF,OFF,ON,Gasoline,0.984,OFF,OFF,0.684,ON,0.312,16.078,6,0,0.801,0.801,2.383,0.801,0.918,2.031
4428,47.843,0,16.078,16,0.012,0.055,OFF,ECT 5th,NA,OFF,97.812,97.944,14.118,0,Not Avl,0,0,0,0,ON,ON,0,0,1
4429,0,14.178,Not Avl,Compl,Compl,Unable,ON,Not Avl,Compl,Compl,Unable,OFF,38.281,38.281,31.250,31.250,19.531,39.551,15.686,31.765,0.781,1.582,ON,0
4430,OFF,ON,ON,1.001,1.003,0,0.008,3.303,3.313,0,97,51199.219,13.886,23.922,OFF,OFF,OFF,OFF,OFF,OFF,OFF,OFF,Avail,Incmpl
4431,Incmpl,Enable,Avail,485.700,324.300,485.700,324.300,ON,Avail,Compl,Enable,73,0,0,0,0,0,0,6,A,0,0,Avail,Incmpl
4432,Incmpl,Enable,OFF,OFF,912,1042,51199.219,51199.219,51199.219,51199.219,51199.219,51199.219,1GRFE ,49.412,Avail,Incmpl,Incmpl,Enable,7.996,ON,OFF,OFF,OFF,ON
4433,ON,Avail,Compl,Enable,Compl,CL,CL,Compl,Unable,Not Avl,Compl,Compl,Enable,OFF,0,15.500,546,ON,13.750,15,0.107,2392,18,21
4434,-3,OFF,0,4.688,5.900,OFF,0,0,64,Avail,Compl,Enable,0,GRN2#  ,2011,ON,0,ACTIVE,ACTIVE,0.962,0.947,0.390,0.350,50.578
4435,51.875,Avail,Compl,Avail,Incmpl,Incmpl,Enable,OBD II (California ARB),OFF,OFF,45.215,-0.055,OFF,0,OFF,1st,OFF,OFF,OFF,OFF,OFF,OFF,0.781,0.781
4436,ON,OFF,1000,0,OFF,OFF,OFF,ON,Gasoline,0.984,OFF,OFF,0.684,ON,0.391,16.078,6,0,0.801,0.801,2.383,0.801,0.918,2.031
4437,47.843,0,16.078,16,0.012,0.055,OFF,ECT 5th,NA,OFF,97.768,97.680,14.118,0,Not Avl,0,0,0,0,ON,ON,0,0,1
4438,0,14.178,Not Avl,Compl,Compl,Unable,ON,Not Avl,Compl,Compl,Unable,OFF,38.281,38.281,31.250,31.250,19.531,39.551,15.686,31.765,0.781,1.582,ON,0
4439,OFF,ON,ON,1.000,1.001,0,-0.004,3.298,3.288,0,97,51199.219,13.886,23.922,OFF,OFF,OFF,OFF,OFF,OFF,OFF,OFF,Avail,Incmpl
4440,Incmpl,Enable,Avail,485.700,324.300,485.700,324.300,ON,Avail,Compl,Enable,73,0,0,0,0,0,0,6,A,0,0,Avail,Incmpl
4441,Incmpl,Enable,OFF,OFF,912,1048.250,51199.219,51199.219,51199.219,51199.219,51199.219,51199.219,1GRFE ,49.412,Avail,Incmpl,Incmpl,Enable,7.996,ON,OFF,OFF,OFF,ON
4442,ON,Avail,Compl,Enable,Compl,CL,CL,Compl,Unable,Not Avl,Compl,Compl,Enable,OFF,0,15.500,571,ON,13.750,15,0.107,2385,18,21
4443,-3,OFF,0,4.688,5.840,OFF,0,0,64,Avail,Compl,Enable,0,GRN2#  ,2011,ON,0,ACTIVE,ACTIVE,0.957,0.942,0.370,0.290,50.254
4444,51.875,Avail,Compl,Avail,Incmpl,Incmpl,Enable,OBD II (California ARB),OFF,OFF,45.337,-0.055,OFF,0,OFF,1st,OFF,OFF,OFF,OFF,OFF,OFF,1.562,1.562
4445,ON,OFF,1000,0,OFF,OFF,OFF,ON,Gasoline,0.981,OFF,OFF,0.684,ON,0.391,16.078,6,0,0.801,0.801,2.383,0.801,0.918,2.031
4446,47.843,0,16.078,16,0.012,0.055,OFF,ECT 5th,NA,OFF,97.812,97.944,13.725,0,Not Avl,0,0,0,0,ON,ON,0,0,1
4447,0,14.175,Not Avl,Compl,Compl,Unable,ON,Not Avl,Compl,Compl,Unable,OFF,38.281,38.281,31.250,31.250,19.531,39.551,15.686,31.765,0.781,1.582,ON,0
4448,OFF,ON,ON,1.001,1.002,0,0,3.293,3.293,0,97,51199.219,13.886,23.922,OFF,OFF,OFF,OFF,OFF,OFF,OFF,OFF,Avail,Incmpl
4449,Incmpl,Enable,Avail,485.700,324.300,485.700,324.300,ON,Avail,Compl,Enable,73,0,0,0,0,0,0,6,A,0,0,Avail,Incmpl
4450,Incmpl,Enable,OFF,OFF,912,1039.750,51199.219,51199.219,51199.219,51199.219,51199.219,51199.219,1GRFE ,49.804,Avail,Incmpl,Incmpl,Enable,7.996,ON,OFF,OFF,OFF,ON
4451,ON,Avail,Compl,Enable,Compl,CL,CL,Compl,Unable,Not Avl,Compl,Compl,Enable,OFF,0,15.500,593,ON,13.750,15,0.107,2392,18,21
4452,-3,OFF,0,4.688,5.900,OFF,0,0,64,Avail,Compl,Enable,0,GRN2#  ,2011,ON,0,ACTIVE,ACTIVE,0.962,0.947,0.310,0.270,50.254
4453,51.551,Avail,Compl,Avail,Incmpl,Incmpl,Enable,OBD II (California ARB),OFF,OFF,45.215,-0.055,OFF,0,OFF,1st,OFF,OFF,OFF,OFF,OFF,OFF,1.562,1.562
4454,ON,OFF,1000,0,OFF,OFF,OFF,ON,Gasoline,0.979,OFF,OFF,0.684,ON,0.391,16.078,6,0,0.801,0.801,2.383,0.801,0.918,2.031
4455,47.843,0,16.078,16,0.012,0.055,OFF,ECT 5th,NA,OFF,97.812,97.834,14.118,0,Not Avl,0,0,0,0,ON,ON,0,0,1
4456,0,14.178,Not Avl,Compl,Compl,Unable,ON,Not Avl,Compl,Compl,Unable,OFF,38.281,38.281,31.250,31.250,19.531,39.551,15.686,31.765,0.781,1.582,ON,0
4457,OFF,ON,ON,0.996,0.998,-0.008,-0.004,3.254,3.269,0,97,51199.219,13.886,23.922,OFF,OFF,OFF,OFF,OFF,OFF,OFF,OFF,Avail,Incmpl
4458,Incmpl,Enable,Avail,485.800,324.300,485.800,324.300,ON,Avail,Compl,Enable,73,0,0,0,0,0,0,6,A,0,0,Avail,Incmpl
4459,Incmpl,Enable,OFF,OFF,913,1047.500,51199.219,51199.219,51199.219,51199.219,51199.219,51199.219,1GRFE ,49.804,Avail,Incmpl,Incmpl,Enable,7.996,ON,OFF,OFF,OFF,ON
4460,ON,Avail,Compl,Enable,Compl,CL,CL,Compl,Unable,Not Avl,Compl,Compl,Enable,OFF,0,15.500,10,ON,13.750,15,0.107,2377,18,21
4461,-3,OFF,0,4.688,5.890,OFF,0,0,60,Avail,Compl,Enable,0,GRN2#  ,2011,ON,0,ACTIVE,ACTIVE,0.962,0.942,0.270,0.250,49.605
4462,51.551,Avail,Compl,Avail,Incmpl,Incmpl,Enable,OBD II (California ARB),OFF,OFF,45.453,-0.055,OFF,0,OFF,1st,OFF,OFF,OFF,OFF,OFF,OFF,0.781,1.562
4463,ON,OFF,1000,0,OFF,OFF,OFF,ON,Gasoline,0.978,OFF,OFF,0.684,ON,0.312,16.078,6,0,0.801,0.801,2.383,0.801,0.918,2.031
4464,47.843,0,16.078,16,0.012,0.055,OFF,ECT 5th,NA,OFF,97.790,97.702,14.118,0,Not Avl,0,0,0,0,ON,ON,0,0,1
4465,0,14.178,Not Avl,Compl,Compl,Unable,ON,Not Avl,Compl,Compl,Unable,OFF,38.281,38.281,31.250,31.250,19.531,39.551,15.686,31.765,0.781,1.582,ON,0
4466,OFF,ON,ON,0.998,1.000,-0.016,-0.012,3.269,3.279,0,97,51199.219,13.886,23.529,OFF,OFF,OFF,OFF,OFF,OFF,OFF,OFF,Avail,Incmpl
4467,Incmpl,Enable,Avail,485.800,324.300,485.800,324.300,ON,Avail,Compl,Enable,73,0,0,0,0,0,0,6,A,0,0,Avail,Incmpl
4468,Incmpl,Enable,OFF,OFF,913,1042,51199.219,51199.219,51199.219,51199.219,51199.219,51199.219,1GRFE ,49.412,Avail,Incmpl,Incmpl,Enable,7.996,ON,OFF,OFF,OFF,ON
4469,ON,Avail,Compl,Enable,Compl,CL,CL,Compl,Unable,Not Avl,Compl,Compl,Enable,OFF,0,16,32,ON,13.750,15,0.107,2392,18,21
4470,-3,OFF,0,4.688,5.890,OFF,0,0,60,Avail,Compl,Enable,0,GRN2#  ,2011,ON,0,ACTIVE,ACTIVE,0.962,0.947,0.270,0.250,49.930
4471,50.578,Avail,Compl,Avail,Incmpl,Incmpl,Enable,OBD II (California ARB),OFF,OFF,45.325,-0.055,OFF,0,OFF,1st,OFF,OFF,OFF,OFF,OFF,OFF,1.562,1.562
4472,ON,OFF,1000,0,OFF,OFF,OFF,ON,Gasoline,0.977,OFF,OFF,0.684,ON,0.391,16.078,7,0,0.801,0.801,2.383,0.801,0.918,2.031
4473,47.843,0,16.078,16,0.016,0.059,OFF,ECT 5th,NA,OFF,97.768,97.680,14.118,0,Not Avl,0,0,0,0,ON,ON,0,0,1
4474,0,14.178,Not Avl,Compl,Compl,Unable,ON,Not Avl,Compl,Compl,Unable,OFF,38.281,38.281,31.250,31.250,19.531,39.551,15.686,31.765,0.781,1.582,ON,0
4475,OFF,ON,ON,0.998,0.997,-0.016,-0.023,3.269,3.259,0,97,51199.219,13.886,23.529,OFF,OFF,OFF,OFF,OFF,OFF,OFF,OFF,Avail,Incmpl
4476,Incmpl,Enable,Avail,485.800,324.300,485.800,324.300,ON,Avail,Compl,Enable,73,0,0,0,0,0,0,6,A,0,0,Avail,Incmpl
4477,Incmpl,Enable,OFF,OFF,914,1046.750,51199.219,51199.219,51199.219,51199.219,51199.219,51199.219,1GRFE ,49.412,Avail,Incmpl,Incmpl,Enable,7.996,ON,OFF,OFF,OFF,ON
4478,ON,Avail,Compl,Enable,Compl,CL,CL,Compl,Unable,Not Avl,Compl,Compl,Enable,OFF,0,16,54,ON,13.750,15,0.107,2363,18,21
4479,-3,OFF,0,4.688,5.840,OFF,0,0,66,Avail,Compl,Enable,0,GRN2#  ,2011,ON,0,ACTIVE,ACTIVE,0.962,0.947,0.270,0.250,49.605
4480,50.578,Avail,Compl,Avail,Incmpl,Incmpl,Enable,OBD II (California ARB),OFF,OFF,44.977,-0.055,OFF,0,OFF,1st,OFF,OFF,OFF,OFF,OFF,OFF,1.562,1.562
4481,ON,OFF,1000,0,OFF,OFF,OFF,ON,Gasoline,0.978,OFF,OFF,0.684,ON,0.391,16.078,7,0,0.801,0.801,2.383,0.801,0.918,2.031
4482,47.843,0,16.078,16,0.016,0.059,OFF,ECT 5th,NA,OFF,97.812,97.944,14.118,0,Not Avl,0,0,0,0,ON,ON,0,0,1
4483,0,14.174,Not Avl,Compl,Compl,Unable,ON,Not Avl,Compl,Compl,Unable,OFF,38.281,38.281,31.250,31.875,19.531,39.551,15.686,31.765,0.781,1.582,ON,0
4484,OFF,ON,ON,1.003,1.001,0,-0.004,3.293,3.288,0,97,51199.219,13.886,23.529,OFF,OFF,OFF,OFF,OFF,OFF,OFF,OFF,Avail,Incmpl
4485,Incmpl,Enable,Avail,485.800,324.300,485.800,324.300,ON,Avail,Compl,Enable,73,0,0,0,0,0,0,6,A,0,0,Avail,Incmpl
4486,Incmpl,Enable,OFF,OFF,914,1042.750,51199.219,51199.219,51199.219,51199.219,51199.219,51199.219,1GRFE ,49.412,Avail,Incmpl,Incmpl,Enable,7.996,ON,OFF,OFF,OFF,ON
4487,ON,Avail,Compl,Enable,Compl,CL,CL,Compl,Unable,Not Avl,Compl,Compl,Enable,OFF,0,15.500,76,ON,13.750,15,0.106,2381,18,21
4488,-3,OFF,0,4.688,5.850,OFF,0,0,66,Avail,Compl,Enable,0,GRN2#  ,2011,ON,0,ACTIVE,ACTIVE,0.962,0.947,0.290,0.250,49.605
4489,50.578,Avail,Compl,Avail,Incmpl,Incmpl,Enable,OBD II (California ARB),OFF,OFF,45.215,-0.055,OFF,0,OFF,1st,OFF,OFF,OFF,OFF,OFF,OFF,1.562,1.562
4490,ON,OFF,1000,0,OFF,OFF,OFF,ON,Gasoline,0.976,OFF,OFF,0.684,ON,0.391,16.078,7,0,0.801,0.801,2.383,0.801,0.918,2.031
4491,47.843,0,16.078,16,0.016,0.059,OFF,ECT 5th,NA,OFF,97.812,97.834,14.118,0,Not Avl,0,0,0,0,ON,ON,0,0,1
4492,0,14.178,Not Avl,Compl,Compl,Unable,ON,Not Avl,Compl,Compl,Unable,OFF,38.281,38.281,31.250,31.875,19.531,39.551,15.686,31.765,0.781,1.582,ON,0
4493,OFF,ON,ON,1.005,1.000,0,-0.012,3.303,3.279,0,97,51199.219,13.886,23.922,OFF,OFF,OFF,OFF,OFF,OFF,OFF,OFF,Avail,Incmpl
4494,Incmpl,Enable,Avail,485.800,324.300,485.800,324.300,ON,Avail,Compl,Enable,73,0,0,0,0,0,0,6,A,0,0,Avail,Incmpl
4495,Incmpl,Enable,OFF,OFF,914,1039,51199.219,51199.219,51199.219,51199.219,51199.219,51199.219,1GRFE ,49.412,Avail,Incmpl,Incmpl,Enable,7.996,ON,OFF,OFF,OFF,ON
4496,ON,Avail,Compl,Enable,Compl,CL,CL,Compl,Unable,Not Avl,Compl,Compl,Enable,OFF,0,15.500,98,ON,13.750,15,0.106,2395,18,21
4497,-3,OFF,0,4.688,5.840,OFF,0,0,66,Avail,Compl,Enable,0,GRN2#  ,2011,ON,0,ACTIVE,ACTIVE,0.962,0.947,0.270,0.250,49.605
4498,50.578,Avail,Compl,Avail,Incmpl,Incmpl,Enable,OBD II (California ARB),OFF,OFF,45.215,-0.055,OFF,0,OFF,1st,OFF,OFF,OFF,OFF,OFF,OFF,2.344,1.562
4499,ON,OFF,1000,0,OFF,OFF,OFF,ON,Gasoline,0.972,OFF,OFF,0.684,ON,0.391,16.078,7,0,0.801,0.801,2.383,0.801,0.918,2.031
4500,47.843,0,16.078,16,0.016,0.059,OFF,ECT 5th,NA,OFF,97.790,97.702,14.118,0,Not Avl,0,0,0,0,ON,ON,0,0,1
4501,0,14.178,Not Avl,Compl,Compl,Unable,ON,Not Avl,Compl,Compl,Unable,OFF,38.281,38.281,31.250,31.875,19.531,39.551,15.686,31.765,0.781,1.582,ON,0
4502,OFF,ON,ON,0.997,0.997,-0.031,-0.020,3.244,3.264,0,97,51199.219,13.886,23.922,OFF,OFF,OFF,OFF,OFF,OFF,OFF,OFF,Avail,Incmpl
4503,Incmpl,Enable,Avail,485.800,324.300,485.800,324.300,ON,Avail,Compl,Enable,73,0,0,0,0,0,0,6,A,0,0,Avail,Incmpl
4504,Incmpl,Enable,OFF,OFF,915,1039.750,51199.219,51199.219,51199.219,51199.219,51199.219,51199.219,1GRFE ,49.412,Avail,Incmpl,Incmpl,Enable,7.996,ON,OFF,OFF,OFF,ON
4505,ON,Avail,Compl,Enable,Compl,CL,CL,Compl,Unable,Not Avl,Compl,Compl,Enable,OFF,0,15.500,118,ON,13.750,15,0.106,2403,18,21
4506,-3,OFF,0,4.688,5.840,OFF,0,0,62,Avail,Compl,Enable,0,GRN2#  ,2011,ON,0,ACTIVE,ACTIVE,0.962,0.947,0.210,0.250,49.605
4507,50.254,Avail,Compl,Avail,Incmpl,Incmpl,Enable,OBD II (California ARB),OFF,OFF,45.215,-0.055,OFF,0,OFF,1st,OFF,OFF,OFF,OFF,OFF,OFF,1.562,1.562
4508,ON,OFF,1000,0,OFF,OFF,OFF,ON,Gasoline,0.969,OFF,OFF,0.684,ON,0.391,16.078,7,0,0.801,0.801,2.383,0.801,0.918,2.031
4509,47.843,0,16.078,16,0.016,0.059,OFF,ECT 5th,NA,OFF,97.768,97.680,14.118,0,Not Avl,0,0,0,0,ON,ON,0,0,1
4510,0,14.175,Not Avl,Compl,Compl,Unable,ON,Not Avl,Compl,Compl,Unable,OFF,38.281,38.281,31.250,31.875,19.531,39.551,15.686,31.765,0.781,1.582,ON,0
4511,OFF,ON,ON,0.996,0.995,-0.031,-0.027,3.244,3.249,0,97,51199.219,13.867,23.922,OFF,OFF,OFF,OFF,OFF,OFF,OFF,OFF,Avail,Incmpl
4512,Incmpl,Enable,Avail,485.800,324.300,485.800,324.300,ON,Avail,Compl,Enable,73,0,0,0,0,0,0,6,A,0,0,Avail,Incmpl
4513,Incmpl,Enable,OFF,OFF,915,1042,51199.219,51199.219,51199.219,51199.219,51199.219,51199.219,1GRFE ,49.804,Avail,Incmpl,Incmpl,Enable,7.996,ON,OFF,OFF,OFF,ON
4514,ON,Avail,Compl,Enable,Compl,CL,CL,Compl,Unable,Not Avl,Compl,Compl,Enable,OFF,0,15.500,141,ON,13.750,15,0.108,2395,18,21
4515,-3,OFF,0,4.688,5.900,OFF,0,0,62,Avail,Compl,Enable,0,GRN2#  ,2011,ON,0,ACTIVE,ACTIVE,0.962,0.942,0.210,0.270,48.633
4516,50.578,Avail,Compl,Avail,Incmpl,Incmpl,Enable,OBD II (California ARB),OFF,OFF,45.215,-0.055,OFF,0,OFF,1st,OFF,OFF,OFF,OFF,OFF,OFF,1.562,1.562
4517,ON,OFF,1000,0,OFF,OFF,OFF,ON,Gasoline,0.971,OFF,OFF,0.684,ON,0.391,16.078,7,0,0.801,0.801,2.383,0.801,0.918,2.031
4518,47.843,0,16.078,16,0.016,0.059,OFF,ECT 5th,NA,OFF,97.812,97.944,14.118,0,Not Avl,0,0,0,0,ON,ON,0,0,1
4519,0,14.178,Not Avl,Compl,Compl,Unable,ON,Not Avl,Compl,Compl,Unable,OFF,38.281,38.281,31.250,31.875,19.531,39.551,15.686,31.765,0.781,1.582,ON,0
4520,OFF,ON,ON,0.997,0.997,-0.027,-0.020,3.249,3.264,0,97,51199.219,13.886,23.922,OFF,OFF,OFF,OFF,OFF,OFF,OFF,OFF,Avail,Incmpl
4521,Incmpl,Enable,Avail,485.900,324.300,485.900,324.300,ON,Avail,Compl,Enable,73,0,0,0,0,0,0,6,A,0,0,Avail,Incmpl
4522,Incmpl,Enable,OFF,OFF,916,1045.250,51199.219,51199.219,51199.219,51199.219,51199.219,51199.219,1GRFE ,49.412,Avail,Incmpl,Incmpl,Enable,7.996,ON,OFF,OFF,OFF,ON
4523,ON,Avail,Compl,Enable,Compl,CL,CL,Compl,Unable,Not Avl,Compl,Compl,Enable,OFF,0,15.500,167,ON,13.750,15,0.108,2384,18,21
4524,-3,OFF,0,4.688,5.840,OFF,0,0,63,Avail,Compl,Enable,0,GRN2#  ,2011,ON,0,ACTIVE,ACTIVE,0.962,0.942,0.210,0.250,48.957
4525,50.254,Avail,Compl,Avail,Incmpl,Incmpl,Enable,OBD II (California ARB),OFF,OFF,45.337,-0.055,OFF,0,OFF,1st,OFF,OFF,OFF,OFF,OFF,OFF,1.562,1.562
4526,ON,OFF,1000,0,OFF,OFF,OFF,ON,Gasoline,0.972,OFF,OFF,0.684,ON,0.391,16.078,7,0,0.801,0.801,2.383,0.801,0.918,2.031
4527,47.843,0,16.078,16,0.016,0.059,OFF,ECT 5th,NA,OFF,97.812,97.944,14.118,0,Not Avl,0,0,0,0,ON,ON,0,0,1
4528,0,14.178,Not Avl,Compl,Compl,Unable,ON,Not Avl,Compl,Compl,Unable,OFF,38.281,38.281,31.250,31.875,19.531,39.551,15.686,31.765,0.781,1.582,ON,0
4529,OFF,ON,ON,1.004,1.000,-0.004,-0.012,3.288,3.279,0,97,51199.219,13.886,23.922,OFF,OFF,OFF,OFF,OFF,OFF,OFF,OFF,Avail,Incmpl
4530,Incmpl,Enable,Avail,485.900,324.300,485.900,324.300,ON,Avail,Compl,Enable,73,0,0,0,0,0,0,6,A,0,0,Avail,Incmpl
4531,Incmpl,Enable,OFF,OFF,916,1046,51199.219,51199.219,51199.219,51199.219,51199.219,51199.219,1GRFE ,49.412,Avail,Incmpl,Incmpl,Enable,7.996,ON,OFF,OFF,OFF,ON
4532,ON,Avail,Compl,Enable,Compl,CL,CL,Compl,Unable,Not Avl,Compl,Compl,Enable,OFF,0,15.500,192,ON,13.750,15,0.107,2384,18,21
4533,-3,OFF,0,4.688,5.890,OFF,0,0,63,Avail,Compl,Enable,0,GRN2#  ,2011,ON,0,ACTIVE,ACTIVE,0.962,0.947,0.195,0.250,49.281
4534,49.930,Avail,Compl,Avail,Incmpl,Incmpl,Enable,OBD II (California ARB),OFF,OFF,45.215,-0.055,OFF,0,OFF,1st,OFF,OFF,OFF,OFF,OFF,OFF,1.562,1.562
4535,ON,OFF,1000,0,OFF,OFF,OFF,ON,Gasoline,0.970,OFF,OFF,0.684,ON,0.391,16.078,7,0,0.801,0.801,2.383,0.801,0.918,2.031
4536,47.843,0,16.078,16,0.016,0.059,OFF,ECT 5th,NA,OFF,97.790,97.680,14.118,0,Not Avl,0,0,0,0,ON,ON,0,0,1
4537,0,14.178,Not Avl,Compl,Compl,Unable,ON,Not Avl,Compl,Compl,Unable,OFF,38.281,38.281,31.250,31.875,19.531,39.551,15.686,31.765,0.781,1.582,ON,0
4538,OFF,ON,ON,1.000,1.002,-0.020,-0.004,3.264,3.288,0,97,51199.219,13.886,23.529,OFF,OFF,OFF,OFF,OFF,OFF,OFF,OFF,Avail,Incmpl
4539,Incmpl,Enable,Avail,485.900,324.300,485.900,324.300,ON,Avail,Compl,Enable,73,0,0,0,0,0,0,6,A,0,0,Avail,Incmpl
4540,Incmpl,Enable,OFF,OFF,917,1046.750,51199.219,51199.219,51199.219,51199.219,51199.219,51199.219,1GRFE ,49.412,Avail,Incmpl,Incmpl,Enable,7.996,ON,OFF,OFF,OFF,ON
4541,ON,Avail,Compl,Enable,Compl,CL,CL,Compl,Unable,Not Avl,Compl,Compl,Enable,OFF,0,16,218,ON,13.750,15,0.107,2381,18,21
4542,-3,OFF,0,4.688,5.840,OFF,0,0,62,Avail,Compl,Enable,0,GRN2#  ,2011,ON,0,ACTIVE,ACTIVE,0.957,0.942,0.195,0.270,48.633
4543,50.254,Avail,Compl,Avail,Incmpl,Incmpl,Enable,OBD II (California ARB),OFF,OFF,45.087,-0.055,OFF,0,OFF,1st,OFF,OFF,OFF,OFF,OFF,OFF,2.344,1.562
4544,ON,OFF,1000,0,OFF,OFF,OFF,ON,Gasoline,0.969,OFF,OFF,0.684,ON,0.391,16.078,7,0,0.801,0.801,2.383,0.801,0.918,2.031
4545,47.843,0,16.078,16,0.016,0.059,OFF,ECT 5th,NA,OFF,97.790,97.724,14.118,0,Not Avl,0,0,0,0,ON,ON,0,0,1
4546,0,14.164,Not Avl,Compl,Compl,Unable,ON,Not Avl,Compl,Compl,Unable,OFF,38.281,38.281,31.250,31.875,19.531,39.551,15.686,31.765,0.781,1.582,ON,0
4547,OFF,ON,ON,1.000,1.003,-0.020,0,3.264,3.293,0,97,51199.219,13.886,23.529,OFF,OFF,OFF,OFF,OFF,OFF,OFF,OFF,Avail,Incmpl
4548,Incmpl,Enable,Avail,485.900,324.300,485.900,324.300,ON,Avail,Compl,Enable,73,0,0,0,0,0,0,6,A,0,0,Avail,Incmpl
4549,Incmpl,Enable,OFF,OFF,917,1054.500,51199.219,51199.219,51199.219,51199.219,51199.219,51199.219,1GRFE ,49.412,Avail,Incmpl,Incmpl,Enable,7.996,ON,OFF,OFF,OFF,ON
4550,ON,Avail,Compl,Enable,Compl,CL,CL,Compl,Unable,Not Avl,Compl,Compl,Enable,OFF,0,16,243,ON,13.750,15,0.107,2388,18,21
4551,-3,OFF,0,4.688,5.890,OFF,0,0,62,Avail,Compl,Enable,0,GRN2#  ,2011,ON,0,ACTIVE,ACTIVE,0.957,0.942,0.195,0.270,48.633
4552,50.578,Avail,Compl,Avail,Incmpl,Incmpl,Enable,OBD II (California ARB),OFF,OFF,45.209,-0.024,OFF,0,OFF,1st,OFF,OFF,OFF,OFF,OFF,OFF,2.344,2.344
4553,ON,OFF,1000,0,OFF,OFF,OFF,ON,Gasoline,0.969,OFF,OFF,0.684,ON,0.391,16.078,7,0,0.801,0.801,2.383,0.801,0.918,2.031
4554,47.843,0,16.078,16,0.016,0.062,OFF,ECT 5th,NA,OFF,97.812,97.922,14.118,0,Not Avl,0,0,0,0,ON,ON,0,0,1
4555,0,14.178,Not Avl,Compl,Compl,Unable,ON,Not Avl,Compl,Compl,Unable,OFF,38.281,34.375,31.250,31.875,19.531,39.551,15.686,31.765,0.781,1.582,ON,0
4556,OFF,ON,ON,0.994,0.998,-0.039,-0.016,3.230,3.269,0,97,51199.219,13.886,23.529,OFF,OFF,OFF,OFF,OFF,OFF,OFF,OFF,Avail,Incmpl
4557,Incmpl,Enable,Avail,485.900,324.300,485.900,324.300,ON,Avail,Compl,Enable,73,0,0,0,0,0,0,6,A,0,0,Avail,Incmpl
4558,Incmpl,Enable,OFF,OFF,918,1049,51199.219,51199.219,51199.219,51199.219,51199.219,51199.219,1GRFE ,49.412,Avail,Incmpl,Incmpl,Enable,7.996,ON,OFF,OFF,OFF,ON
4559,ON,Avail,Compl,Enable,Compl,CL,CL,Compl,Unable,Not Avl,Compl,Compl,Enable,OFF,0,16,268,ON,13.750,15,0.107,2381,18,21
4560,-3,OFF,0,4.688,5.850,OFF,0,0,62,Avail,Compl,Enable,0,GRN2#  ,2011,ON,0,ACTIVE,ACTIVE,0.962,0.947,0.195,0.270,48.957
4561,50.254,Avail,Compl,Avail,Incmpl,Incmpl,Enable,OBD II (California ARB),OFF,OFF,45.215,-0.024,OFF,0,OFF,1st,OFF,OFF,OFF,OFF,OFF,OFF,1.562,1.562
4562,ON,OFF,1000,0,OFF,OFF,OFF,ON,Gasoline,0.970,OFF,OFF,0.684,ON,0.312,16.078,6,0,0.801,0.801,2.383,0.801,0.918,2.031
4563,47.843,0,16.078,16,0.016,0.062,OFF,ECT 5th,NA,OFF,97.790,97.680,14.118,0,Not Avl,0,0,0,0,ON,ON,0,0,1
4564,0,14.178,Not Avl,Compl,Compl,Unable,ON,Not Avl,Compl,Compl,Unable,OFF,38.281,35.938,31.250,31.875,19.531,39.551,15.686,31.765,0.781,1.582,ON,0
4565,OFF,ON,ON,0.996,0.996,-0.031,-0.023,3.244,3.259,0,97,51199.219,13.886,23.529,OFF,OFF,OFF,OFF,OFF,OFF,OFF,OFF,Avail,Incmpl
4566,Incmpl,Enable,Avail,486,324.300,486,324.300,ON,Avail,Compl,Enable,73,0,0,0,0,0,0,6,A,0,0,Avail,Incmpl
4567,Incmpl,Enable,OFF,OFF,918,1045.250,51199.219,51199.219,51199.219,51199.219,51199.219,51199.219,1GRFE ,49.020,Avail,Incmpl,Incmpl,Enable,7.996,ON,OFF,OFF,OFF,ON
4568,ON,Avail,Compl,Enable,Compl,CL,CL,Compl,Unable,Not Avl,Compl,Compl,Enable,OFF,0,16,289,ON,13.750,15,0.107,2399,18,21
4569,-3,OFF,0,4.688,5.890,OFF,0,0,73,Avail,Compl,Enable,0,GRN2#  ,2011,ON,0,ACTIVE,ACTIVE,0.962,0.947,0.195,0.290,48.633
4570,50.578,Avail,Compl,Avail,Incmpl,Incmpl,Enable,OBD II (California ARB),OFF,OFF,45.209,-0.024,OFF,0,OFF,1st,OFF,OFF,OFF,OFF,OFF,OFF,1.562,1.562
4571,ON,OFF,1000,0,OFF,OFF,OFF,ON,Gasoline,0.973,OFF,OFF,0.684,ON,0.391,16.078,7,0,0.801,0.801,2.383,0.801,0.918,2.031
4572,47.843,0,16.078,16,0.016,0.062,OFF,ECT 5th,NA,OFF,97.768,97.680,14.118,0,Not Avl,0,0,0,0,ON,ON,0,0,1
4573,0,14.178,Not Avl,Compl,Compl,Unable,ON,Not Avl,Compl,Compl,Unable,OFF,38.281,35.938,31.250,31.875,19.531,39.551,15.686,31.765,0.781,1.582,ON,0
4574,OFF,ON,ON,0.998,0.996,-0.027,-0.023,3.254,3.259,0,97,51199.219,13.867,23.922,OFF,OFF,OFF,OFF,OFF,OFF,OFF,OFF,Avail,Incmpl
4575,Incmpl,Enable,Avail,486,324.300,486,324.300,ON,Avail,Compl,Enable,73,0,0,0,0,0,0,6,A,0,0,Avail,Incmpl
4576,Incmpl,Enable,OFF,OFF,918,1030.250,51199.219,51199.219,51199.219,51199.219,51199.219,51199.219,1GRFE ,49.412,Avail,Incmpl,Incmpl,Enable,7.996,ON,OFF,OFF,OFF,ON
4577,ON,Avail,Compl,Enable,Compl,CL,CL,Compl,Unable,Not Avl,Compl,Compl,Enable,OFF,0,16.500,309,ON,13.750,15,0.107,2395,18,21
4578,-3,OFF,0,4.688,5.900,OFF,0,0,73,Avail,Compl,Enable,0,GRN2#  ,2011,ON,0,ACTIVE,ACTIVE,0.957,0.942,0.195,0.290,48.957
4579,49.605,Avail,Compl,Avail,Incmpl,Incmpl,Enable,OBD II (California ARB),OFF,OFF,44.861,-0.024,OFF,0,OFF,1st,OFF,OFF,OFF,OFF,OFF,OFF,1.562,1.562
4580,ON,OFF,1000,0,OFF,OFF,OFF,ON,Gasoline,0.974,OFF,OFF,0.684,ON,0.391,16.078,7,0,0.801,0.801,2.383,0.801,0.918,2.031
4581,47.843,0,16.078,16,0.016,0.062,OFF,ECT 5th,NA,OFF,97.768,97.768,14.510,0,Not Avl,0,0,0,0,ON,ON,0,0,1
4582,0,14.160,Not Avl,Compl,Compl,Unable,ON,Not Avl,Compl,Compl,Unable,OFF,38.281,35.938,31.250,31.875,19.531,39.551,15.686,31.765,0.781,1.582,ON,0
4583,OFF,ON,ON,0.998,0.992,-0.027,-0.031,3.254,3.244,0,97,51199.219,13.886,23.922,OFF,OFF,OFF,OFF,OFF,OFF,OFF,OFF,Avail,Incmpl
4584,Incmpl,Enable,Avail,486,324.300,486,324.300,ON,Avail,Compl,Enable,73,0,0,0,0,0,0,6,A,0,0,Avail,Incmpl
4585,Incmpl,Enable,OFF,OFF,919,1039.750,51199.219,51199.219,51199.219,51199.219,51199.219,51199.219,1GRFE ,49.412,Avail,Incmpl,Incmpl,Enable,7.996,ON,OFF,OFF,OFF,ON
4586,ON,Avail,Compl,Enable,Compl,CL,CL,Compl,Unable,Not Avl,Compl,Compl,Enable,OFF,0,15.500,328,ON,13.750,15,0.107,2396,18,21
4587,-3,OFF,0,4.688,5.840,OFF,0,0,55,Avail,Compl,Enable,0,GRN2#  ,2011,ON,0,ACTIVE,ACTIVE,0.962,0.947,0.195,0.310,48.957
4588,49.930,Avail,Compl,Avail,Incmpl,Incmpl,Enable,OBD II (California ARB),OFF,OFF,45.093,-0.024,OFF,0,OFF,1st,OFF,OFF,OFF,OFF,OFF,OFF,1.562,1.562
4589,ON,OFF,1000,0,OFF,OFF,OFF,ON,Gasoline,0.974,OFF,OFF,0.684,ON,0.391,16.078,7,0,0.801,0.801,2.383,0.801,0.918,2.031
4590,47.843,0,16.078,16,0.016,0.062,OFF,ECT 5th,NA,OFF,97.812,97.922,14.118,0,Not Avl,0,0,0,0,ON,ON,0,0,1
4591,0,14.178,Not Avl,Compl,Compl,Unable,ON,Not Avl,Compl,Compl,Unable,OFF,38.281,35.938,31.250,31.875,19.531,39.551,15.686,31.765,0.781,1.582,ON,0
4592,OFF,ON,ON,1.000,0.996,-0.020,-0.012,3.264,3.274,0,97,51199.219,13.886,23.529,OFF,OFF,OFF,OFF,OFF,OFF,OFF,OFF,Avail,Incmpl
4593,Incmpl,Enable,Avail,486,324.300,486,324.300,ON,Avail,Compl,Enable,73,0,0,0,0,0,0,6,A,0,0,Avail,Incmpl
4594,Incmpl,Enable,OFF,OFF,919,1046,51199.219,51199.219,51199.219,51199.219,51199.219,51199.219,1GRFE ,49.412,Avail,Incmpl,Incmpl,Enable,7.996,ON,OFF,OFF,OFF,ON
4595,ON,Avail,Compl,Enable,Compl,CL,CL,Compl,Unable,Not Avl,Compl,Compl,Enable,OFF,0,15.500,353,ON,13.750,15,0.107,2370,18,21
4596,-3,OFF,0,4.688,5.840,OFF,0,0,55,Avail,Compl,Enable,0,GRN2#  ,2011,ON,0,ACTIVE,ACTIVE,0.962,0.942,0.195,0.290,48.957
4597,49.605,Avail,Compl,Avail,Incmpl,Incmpl,Enable,OBD II (California ARB),OFF,OFF,45.093,-0.024,OFF,0,OFF,1st,OFF,OFF,OFF,OFF,OFF,OFF,1.562,0.781
4598,ON,OFF,1000,0,OFF,OFF,OFF,ON,Gasoline,0.972,OFF,OFF,0.684,ON,0.391,16.078,7,0,0.801,0.801,2.383,0.801,0.918,2.031
4599,47.843,0,16.078,16,0.016,0.062,OFF,ECT 5th,NA,OFF,97.790,97.680,14.118,0,Not Avl,0,0,0,0,ON,ON,0,0,1
4600,0,14.160,Not Avl,Compl,Compl,Unable,ON,Not Avl,Compl,Compl,Unable,OFF,38.281,35.938,31.250,31.875,19.531,39.551,15.686,31.765,0.781,1.582,ON,0
4601,OFF,ON,ON,1.003,1.001,-0.012,-0.004,3.279,3.288,0,97,51199.219,13.886,23.529,OFF,OFF,OFF,OFF,OFF,OFF,OFF,OFF,Avail,Incmpl
4602,Incmpl,Enable,Avail,486,324.300,486,324.300,ON,Avail,Compl,Enable,73,0,0,0,0,0,0,6,A,0,0,Avail,Incmpl
4603,Incmpl,Enable,OFF,OFF,920,1051.500,51199.219,51199.219,51199.219,51199.219,51199.219,51199.219,1GRFE ,49.412,Avail,Incmpl,Incmpl,Enable,7.996,ON,OFF,OFF,OFF,ON
4604,ON,Avail,Compl,Enable,Compl,CL,CL,Compl,Unable,Not Avl,Compl,Compl,Enable,OFF,0,15.500,377,ON,13.750,15,0.107,2392,18,21
4605,-3,OFF,0,4.688,5.840,OFF,0,0,55,Avail,Compl,Enable,0,GRN2#  ,2011,ON,0,ACTIVE,ACTIVE,0.962,0.947,0.175,0.290,48.957
4606,49.930,Avail,Compl,Avail,Incmpl,Incmpl,Enable,OBD II (California ARB),OFF,OFF,45.093,-0.024,OFF,0,OFF,1st,OFF,OFF,OFF,OFF,OFF,OFF,1.562,0.781
4607,ON,OFF,1000,0,OFF,OFF,OFF,ON,Gasoline,0.970,OFF,OFF,0.684,ON,0.391,16.078,7,0,0.801,0.801,2.383,0.801,0.918,2.031
4608,47.843,0,16.078,16,0.016,0.062,OFF,ECT 5th,NA,OFF,97.812,97.922,13.725,0,Not Avl,0,0,0,0,ON,ON,0,0,1
4609,0,14.178,Not Avl,Compl,Compl,Unable,ON,Not Avl,Compl,Compl,Unable,OFF,38.281,35.938,31.250,31.875,19.531,39.551,15.686,31.765,0.781,1.582,ON,0
4610,OFF,ON,ON,0.999,0.999,-0.027,-0.012,3.249,3.279,0,97,51199.219,13.886,23.529,OFF,OFF,OFF,OFF,OFF,OFF,OFF,OFF,Avail,Incmpl
4611,Incmpl,Enable,Avail,486,324.300,486,324.300,ON,Avail,Compl,Enable,73,0,0,0,0,0,0,6,A,0,0,Avail,Incmpl
4612,Incmpl,Enable,OFF,OFF,920,1047.500,51199.219,51199.219,51199.219,51199.219,51199.219,51199.219,1GRFE ,49.412,Avail,Incmpl,Incmpl,Enable,7.996,ON,OFF,OFF,OFF,ON
4613,ON,Avail,Compl,Enable,Compl,CL,CL,Compl,Unable,Not Avl,Compl,Compl,Enable,OFF,0,16,399,ON,13.750,15,0.107,2384,18,21
4614,-3,OFF,0,4.688,5.890,OFF,0,0,64,Avail,Compl,Enable,0,GRN2#  ,2011,ON,0,ACTIVE,ACTIVE,0.957,0.942,0.175,0.290,48.633
4615,49.605,Avail,Compl,Avail,Incmpl,Incmpl,Enable,OBD II (California ARB),OFF,OFF,45.325,-0.024,OFF,0,OFF,1st,OFF,OFF,OFF,OFF,OFF,OFF,1.562,0.781
4616,ON,OFF,1000,0,OFF,OFF,OFF,ON,Gasoline,0.969,OFF,OFF,0.684,ON,0.391,16.078,7,0,0.801,0.801,2.383,0.801,0.918,2.031
4617,47.843,0,16.078,16,0.016,0.062,OFF,ECT 5th,NA,OFF,97.812,97.922,14.118,0,Not Avl,0,0,0,0,ON,ON,0,0,1
4618,0,14.178,Not Avl,Compl,Compl,Unable,ON,Not Avl,Compl,Compl,Unable,OFF,38.281,35.938,31.250,31.875,19.531,39.551,15.686,31.765,0.781,1.582,ON,0
4619,OFF,ON,ON,0.993,1.002,-0.043,0,3.225,3.298,0,97,51199.219,13.886,23.529,OFF,OFF,OFF,OFF,OFF,OFF,OFF,OFF,Avail,Incmpl
4620,Incmpl,Enable,Avail,486,324.300,486,324.300,ON,Avail,Compl,Enable,73,0,0,0,0,0,0,6,A,0,0,Avail,Incmpl
4621,Incmpl,Enable,OFF,OFF,921,1037.500,51199.219,51199.219,51199.219,51199.219,51199.219,51199.219,1GRFE ,49.412,Avail,Incmpl,Incmpl,Enable,7.996,ON,OFF,OFF,OFF,ON
4622,ON,Avail,Compl,Enable,Compl,CL,CL,Compl,Unable,Not Avl,Compl,Compl,Enable,OFF,0,16,423,ON,13.750,15,0.107,2377,18,21
4623,-3,OFF,0,4.688,5.840,OFF,0,0,64,Avail,Compl,Enable,0,GRN2#  ,2011,ON,0,ACTIVE,ACTIVE,0.962,0.942,0.175,0.310,48.309
4624,49.930,Avail,Compl,Avail,Incmpl,Incmpl,Enable,OBD II (California ARB),OFF,OFF,44.977,-0.024,OFF,0,OFF,1st,OFF,OFF,OFF,OFF,OFF,OFF,0.781,1.562
4625,ON,OFF,1000,0,OFF,OFF,OFF,ON,Gasoline,0.973,OFF,OFF,0.684,ON,0.391,16.078,7,0,0.801,0.801,2.383,0.801,0.918,2.031
4626,47.843,0,16.078,16,0.016,0.062,OFF,ECT 5th,NA,OFF,97.790,97.702,14.118,0,Not Avl,0,0,0,0,ON,ON,0,0,1
4627,0,14.178,Not Avl,Compl,Compl,Unable,ON,Not Avl,Compl,Compl,Unable,OFF,38.281,35.938,31.250,31.875,19.531,39.551,15.686,31.765,0.781,1.582,ON,0
4628,OFF,ON,ON,1.002,0.996,-0.020,-0.020,3.264,3.264,0,97,51199.219,13.867,23.529,OFF,OFF,OFF,OFF,OFF,OFF,OFF,OFF,Avail,Incmpl
4629,Incmpl,Enable,Avail,486.100,324.300,486.100,324.300,ON,Avail,Compl,Enable,73,0,0,0,0,0,0,6,A,0,0,Avail,Incmpl
4630,Incmpl,Enable,OFF,OFF,921,1047.500,51199.219,51199.219,51199.219,51199.219,51199.219,51199.219,1GRFE ,49.412,Avail,Incmpl,Incmpl,Enable,7.996,ON,OFF,OFF,OFF,ON
4631,ON,Avail,Compl,Enable,Compl,CL,CL,Compl,Unable,Not Avl,Compl,Compl,Enable,OFF,0,15.500,447,ON,13.750,15,0.107,2377,18,21
4632,-3,OFF,0,4.688,5.900,OFF,0,0,71,Avail,Compl,Enable,0,GRN2#  ,2011,ON,0,ACTIVE,ACTIVE,0.962,0.942,0.175,0.310,48.309
4633,49.281,Avail,Compl,Avail,Incmpl,Incmpl,Enable,OBD II (California ARB),OFF,OFF,44.965,-0.024,OFF,0,OFF,1st,OFF,OFF,OFF,OFF,OFF,OFF,1.562,1.562
4634,ON,OFF,1000,0,OFF,OFF,OFF,ON,Gasoline,0.973,OFF,OFF,0.684,ON,0.391,16.078,6,0,0.801,0.801,2.383,0.801,0.918,2.031
4635,47.843,0,16.078,16,0.016,0.062,OFF,ECT 5th,NA,OFF,97.812,97.922,14.118,0,Not Avl,0,0,0,0,ON,ON,0,0,1
4636,0,14.178,Not Avl,Compl,Compl,Unable,ON,Not Avl,Compl,Compl,Unable,OFF,38.281,35.938,31.250,31.875,19.531,39.551,15.686,31.765,0.781,1.582,ON,0
4637,OFF,ON,ON,1.000,0.997,-0.023,-0.012,3.259,3.274,0,97,51199.219,13.886,23.922,OFF,OFF,OFF,OFF,OFF,OFF,OFF,OFF,Avail,Incmpl
4638,Incmpl,Enable,Avail,486.100,324.300,486.100,324.300,ON,Avail,Compl,Enable,73,0,0,0,0,0,0,6,A,0,0,Avail,Incmpl
4639,Incmpl,Enable,OFF,OFF,921,1043.750,51199.219,51199.219,51199.219,51199.219,51199.219,51199.219,1GRFE ,49.412,Avail,Incmpl,Incmpl,Enable,7.996,ON,OFF,OFF,OFF,ON
4640,ON,Avail,Compl,Enable,Compl,CL,CL,Compl,Unable,Not Avl,Compl,Compl,Enable,OFF,0,15.500,471,ON,13.750,15,0.107,2392,18,21
4641,-3,OFF,0,4.688,5.840,OFF,0,0,71,Avail,Compl,Enable,0,GRN2#  ,2011,ON,0,ACTIVE,ACTIVE,0.962,0.942,0.175,0.330,48.957
4642,49.605,Avail,Compl,Avail,Incmpl,Incmpl,Enable,OBD II (California ARB),OFF,OFF,45.337,-0.024,OFF,0,OFF,1st,OFF,OFF,OFF,OFF,OFF,OFF,1.562,0.781
4643,ON,OFF,1000,0,OFF,OFF,OFF,ON,Gasoline,0.972,OFF,OFF,0.684,ON,0.391,16.078,6,0,0.801,0.801,2.383,0.801,0.918,2.031
4644,47.843,0,16.078,16,0.016,0.062,OFF,ECT 5th,NA,OFF,97.768,97.702,14.118,0,Not Avl,0,0,0,0,ON,ON,0,0,1
4645,0,14.161,Not Avl,Compl,Compl,Unable,ON,Not Avl,Compl,Compl,Unable,OFF,38.281,35.938,31.250,31.875,19.531,39.551,15.686,31.765,0.781,1.582,ON,0
4646,OFF,ON,ON,0.997,0.994,-0.031,-0.016,3.244,3.269,0,97,51199.219,13.886,23.529,OFF,OFF,OFF,OFF,OFF,OFF,OFF,OFF,Avail,Incmpl
4647,Incmpl,Enable,Avail,486.100,324.300,486.100,324.300,ON,Avail,Compl,Enable,73,0,0,0,0,0,0,6,A,0,0,Avail,Incmpl
4648,Incmpl,Enable,OFF,OFF,922,1036.500,51199.219,51199.219,51199.219,51199.219,51199.219,51199.219,1GRFE ,49.020,Avail,Incmpl,Incmpl,Enable,7.996,ON,OFF,OFF,OFF,ON
4649,ON,Avail,Compl,Enable,Compl,CL,CL,Compl,Unable,Not Avl,Compl,Compl,Enable,OFF,0,16,496,ON,13.750,15,0.107,2377,18,21
4650,-3,OFF,0,4.688,5.840,OFF,0,0,60,Avail,Compl,Enable,0,GRN2#  ,2011,ON,0,ACTIVE,ACTIVE,0.962,0.942,0.175,0.350,48.309
4651,50.254,Avail,Compl,Avail,Incmpl,Incmpl,Enable,OBD II (California ARB),OFF,OFF,44.849,-0.024,OFF,0,OFF,1st,OFF,OFF,OFF,OFF,OFF,OFF,1.562,0.781
4652,ON,OFF,1000,0,OFF,OFF,OFF,ON,Gasoline,0.973,OFF,OFF,0.684,ON,0.391,16.078,6,0,0.801,0.801,2.383,0.801,0.918,2.031
4653,47.843,0,16.078,16,0.016,0.062,OFF,ECT 5th,NA,OFF,97.790,97.680,14.118,0,Not Avl,0,0,0,0,ON,ON,0,0,1
4654,0,14.178,Not Avl,Compl,Compl,Unable,ON,Not Avl,Compl,Compl,Unable,OFF,38.281,35.938,31.250,31.875,19.531,39.551,15.686,31.765,0.781,1.582,ON,0
4655,OFF,ON,ON,0.995,0.997,-0.039,-0.012,3.235,3.279,0,97,51199.219,13.886,23.529,OFF,OFF,OFF,OFF,OFF,OFF,OFF,OFF,Avail,Incmpl
4656,Incmpl,Enable,Avail,486.100,324.300,486.100,324.300,ON,Avail,Compl,Enable,73,0,0,0,0,0,0,6,A,0,0,Avail,Incmpl
4657,Incmpl,Enable,OFF,OFF,922,1053,51199.219,51199.219,51199.219,51199.219,51199.219,51199.219,1GRFE ,49.412,Avail,Incmpl,Incmpl,Enable,7.996,ON,OFF,OFF,OFF,ON
4658,ON,Avail,Compl,Enable,Compl,CL,CL,Compl,Unable,Not Avl,Compl,Compl,Enable,OFF,0,15.500,521,ON,13.750,15,0.107,2370,18,21
4659,-3,OFF,0,4.688,5.850,OFF,0,0,60,Avail,Compl,Enable,0,GRN2#  ,2011,ON,0,ACTIVE,ACTIVE,0.962,0.942,0.175,0.370,48.633
4660,49.281,Avail,Compl,Avail,Incmpl,Incmpl,Enable,OBD II (California ARB),OFF,OFF,45.087,-0.024,OFF,0,OFF,1st,OFF,OFF,OFF,OFF,OFF,OFF,1.562,0.781
4661,ON,OFF,1000,0,OFF,OFF,OFF,ON,Gasoline,0.973,OFF,OFF,0.684,ON,0.391,16.078,6,0,0.801,0.801,2.383,0.801,0.918,2.031
4662,47.843,0,16.078,16,0.016,0.062,OFF,ECT 5th,NA,OFF,97.812,97.944,13.725,0,Not Avl,0,0,0,0,ON,ON,0,0,1
4663,0,14.178,Not Avl,Compl,Compl,Unable,ON,Not Avl,Compl,Compl,Unable,OFF,38.281,35.938,31.250,31.875,19.531,39.551,15.686,31.765,0.781,1.582,ON,0
4664,OFF,ON,ON,1.002,1.000,-0.020,0,3.264,3.298,0,97,51199.219,13.886,23.529,OFF,OFF,OFF,OFF,OFF,OFF,OFF,OFF,Avail,Incmpl
4665,Incmpl,Enable,Avail,486.200,324.300,486.200,324.300,ON,Avail,Compl,Enable,73,0,0,0,0,0,0,6,A,0,0,Avail,Incmpl
4666,Incmpl,Enable,OFF,OFF,923,1039.750,51199.219,51199.219,51199.219,51199.219,51199.219,51199.219,1GRFE ,49.020,Avail,Incmpl,Incmpl,Enable,7.996,ON,OFF,OFF,OFF,ON
4667,ON,Avail,Compl,Enable,Compl,CL,CL,Compl,Unable,Not Avl,Compl,Compl,Enable,OFF,0,15.500,547,ON,13.750,15,0.107,2381,18,21
4668,-3,OFF,0,4.688,5.840,OFF,0,0,60,Avail,Compl,Enable,0,GRN2#  ,2011,ON,0,ACTIVE,ACTIVE,0.962,0.942,0.175,0.390,48.309
4669,49.281,Avail,Compl,Avail,Incmpl,Incmpl,Enable,OBD II (California ARB),OFF,OFF,44.849,-0.024,OFF,0,OFF,1st,OFF,OFF,OFF,OFF,OFF,OFF,1.562,0.781
4670,ON,OFF,1000,0,OFF,OFF,OFF,ON,Gasoline,0.971,OFF,OFF,0.684,ON,0.391,16.078,6,0,0.801,0.801,2.383,0.801,0.918,2.031
4671,47.843,0,16.078,16,0.016,0.062,OFF,ECT 5th,NA,OFF,97.768,97.680,14.118,0,Not Avl,0,0,0,0,ON,ON,0,0,1
4672,0,14.161,Not Avl,Compl,Compl,Unable,ON,Not Avl,Compl,Compl,Unable,OFF,38.281,35.938,31.250,31.875,19.531,39.551,15.686,31.765,0.781,1.582,ON,0
4673,OFF,ON,ON,0.999,0.999,-0.027,-0.004,3.249,3.288,0,97,51199.219,13.867,23.529,OFF,OFF,OFF,OFF,OFF,OFF,OFF,OFF,Avail,Incmpl
4674,Incmpl,Enable,Avail,486.200,324.300,486.200,324.300,ON,Avail,Compl,Enable,73,0,0,0,0,0,0,6,A,0,0,Avail,Incmpl
4675,Incmpl,Enable,OFF,OFF,923,1052.250,51199.219,51199.219,51199.219,51199.219,51199.219,51199.219,1GRFE ,49.412,Avail,Incmpl,Incmpl,Enable,7.996,ON,OFF,OFF,OFF,ON
4676,ON,Avail,Compl,Enable,Compl,CL,CL,Compl,Unable,Not Avl,Compl,Compl,Enable,OFF,0,15.500,572,ON,13.750,15,0.107,2373,18,21
4677,-3,OFF,0,4.688,5.840,OFF,0,0,63,Avail,Compl,Enable,0,GRN2#  ,2011,ON,0,ACTIVE,ACTIVE,0.957,0.942,0.175,0.390,48.309
4678,49.281,Avail,Compl,Avail,Incmpl,Incmpl,Enable,OBD II (California ARB),OFF,OFF,45.209,-0.024,OFF,0,OFF,1st,OFF,OFF,OFF,OFF,OFF,OFF,1.562,0.781
4679,ON,OFF,1000,0,OFF,OFF,OFF,ON,Gasoline,0.970,OFF,OFF,0.684,ON,0.391,16.078,7,0,0.801,0.801,2.383,0.801,0.918,2.031
4680,47.843,0,16.078,16,0.016,0.062,OFF,ECT 5th,NA,OFF,97.790,97.680,13.725,0,Not Avl,0,0,0,0,ON,ON,0,0,1
4681,0,14.178,Not Avl,Compl,Compl,Unable,ON,Not Avl,Compl,Compl,Unable,OFF,38.281,35.938,31.250,31.875,19.531,39.551,15.686,31.765,0.781,1.582,ON,0
4682,OFF,ON,ON,1.003,1.001,-0.016,0,3.269,3.298,0,97,51199.219,13.886,23.529,OFF,OFF,OFF,OFF,OFF,OFF,OFF,OFF,Avail,Incmpl
4683,Incmpl,Enable,Avail,486.200,324.300,486.200,324.300,ON,Avail,Compl,Enable,73,0,0,0,0,0,0,6,A,0,0,Avail,Incmpl
4684,Incmpl,Enable,OFF,OFF,924,1047.500,51199.219,51199.219,51199.219,51199.219,51199.219,51199.219,1GRFE ,49.412,Avail,Incmpl,Incmpl,Enable,7.996,ON,OFF,OFF,OFF,ON
4685,ON,Avail,Compl,Enable,Compl,CL,CL,Compl,Unable,Not Avl,Compl,Compl,Enable,OFF,0,15.500,592,ON,13.750,15,0.107,2388,18,21
4686,-3,OFF,0,4.688,5.850,OFF,0,0,63,Avail,Compl,Enable,0,GRN2#  ,2011,ON,0,ACTIVE,ACTIVE,0.962,0.942,0.175,0.370,48.633
4687,49.605,Avail,Compl,Avail,Incmpl,Incmpl,Enable,OBD II (California ARB),OFF,OFF,44.965,-0.024,OFF,0,OFF,1st,OFF,OFF,OFF,OFF,OFF,OFF,1.562,0.781
4688,ON,OFF,1000,0,OFF,OFF,OFF,ON,Gasoline,0.968,OFF,OFF,0.684,ON,0.391,16.078,7,0,0.801,0.801,2.383,0.801,0.918,2.031
4689,47.843,0,16.078,16,0.016,0.062,OFF,ECT 5th,NA,OFF,97.768,97.680,14.118,0,Not Avl,0,0,0,0,ON,ON,0,0,1
4690,0,14.165,Not Avl,Compl,Compl,Unable,ON,Not Avl,Compl,Compl,Unable,OFF,38.281,35.938,31.250,31.875,19.531,39.551,15.686,31.765,0.781,1.582,ON,0
4691,OFF,ON,ON,0.994,1.000,-0.047,-0.008,3.220,3.283,0,97,51199.219,13.886,23.529,OFF,OFF,OFF,OFF,OFF,OFF,OFF,OFF,Avail,Incmpl
4692,Incmpl,Enable,Avail,486.200,324.300,486.200,324.300,ON,Avail,Compl,Enable,73,0,0,0,0,0,0,6,A,0,0,Avail,Incmpl
4693,Incmpl,Enable,OFF,OFF,924,1040.500,51199.219,51199.219,51199.219,51199.219,51199.219,51199.219,1GRFE ,49.020,Avail,Incmpl,Incmpl,Enable,7.996,ON,OFF,OFF,OFF,ON
4694,ON,Avail,Compl,Enable,Compl,CL,CL,Compl,Unable,Not Avl,Compl,Compl,Enable,OFF,0,16,16,ON,13.750,15,0.107,2388,18,21
4695,-3,OFF,0,4.688,5.840,OFF,0,0,65,Avail,Compl,Enable,0,GRN2#  ,2011,ON,0,ACTIVE,ACTIVE,0.962,0.947,0.175,0.330,47.984
4696,48.957,Avail,Compl,Avail,Incmpl,Incmpl,Enable,OBD II (California ARB),OFF,OFF,44.965,-0.024,OFF,0,OFF,1st,OFF,OFF,OFF,OFF,OFF,OFF,1.562,0.781
4697,ON,OFF,1000,0,OFF,OFF,OFF,ON,Gasoline,0.970,OFF,OFF,0.684,ON,0.391,16.078,7,0,0.801,0.801,2.383,0.801,0.918,2.031
4698,47.843,0,16.078,16,0.016,0.062,OFF,ECT 5th,NA,OFF,97.790,97.812,14.118,0,Not Avl,0,0,0,0,ON,ON,0,0,1
4699,0,14.178,Not Avl,Compl,Compl,Unable,ON,Not Avl,Compl,Compl,Unable,OFF,38.281,35.938,31.250,31.875,19.531,39.551,15.686,31.765,0.781,1.582,ON,0
4700,OFF,ON,ON,1.000,1.000,-0.027,-0.008,3.254,3.283,0,97,51199.219,13.886,23.529,OFF,OFF,OFF,OFF,OFF,OFF,OFF,OFF,Avail,Incmpl
4701,Incmpl,Enable,Avail,486.200,324.300,486.200,324.300,ON,Avail,Compl,Enable,73,0,0,0,0,0,0,6,A,0,0,Avail,Incmpl
4702,Incmpl,Enable,OFF,OFF,925,1049,51199.219,51199.219,51199.219,51199.219,51199.219,51199.219,1GRFE ,49.020,Avail,Incmpl,Incmpl,Enable,7.996,ON,OFF,OFF,OFF,ON
4703,ON,Avail,Compl,Enable,Compl,CL,CL,Compl,Unable,Not Avl,Compl,Compl,Enable,OFF,0,15.500,38,ON,13.750,15,0.107,2385,18,21
4704,-3,OFF,0,4.688,5.840,OFF,0,0,65,Avail,Compl,Enable,0,GRN2#  ,2011,ON,0,ACTIVE,ACTIVE,0.962,0.942,0.175,0.290,48.309
4705,49.281,Avail,Compl,Avail,Incmpl,Incmpl,Enable,OBD II (California ARB),OFF,OFF,44.965,-0.024,OFF,0,OFF,1st,OFF,OFF,OFF,OFF,OFF,OFF,1.562,1.562
4706,ON,OFF,1000,0,OFF,OFF,OFF,ON,Gasoline,0.971,OFF,OFF,0.684,ON,0.391,16.078,7,0,0.801,0.801,2.383,0.801,0.918,2.031
4707,47.843,0,16.078,16,0.016,0.062,OFF,ECT 5th,NA,OFF,97.790,97.768,13.725,0,Not Avl,0,0,0,0,ON,ON,0,0,1
4708,0,14.164,Not Avl,Compl,Compl,Unable,ON,Not Avl,Compl,Compl,Unable,OFF,38.281,35.938,31.250,31.875,19.531,39.551,15.686,31.765,0.781,1.582,ON,0
4709,OFF,ON,ON,0.997,0.997,-0.035,-0.016,3.239,3.269,0,97,51199.219,13.886,23.529,OFF,OFF,OFF,OFF,OFF,OFF,OFF,OFF,Avail,Incmpl
4710,Incmpl,Enable,Avail,486.200,324.300,486.200,324.300,ON,Avail,Compl,Enable,73,0,0,0,0,0,0,6,A,0,0,Avail,Incmpl
4711,Incmpl,Enable,OFF,OFF,925,1044.500,51199.219,51199.219,51199.219,51199.219,51199.219,51199.219,1GRFE ,49.412,Avail,Incmpl,Incmpl,Enable,7.996,ON,OFF,OFF,OFF,ON
4712,ON,Avail,Compl,Enable,Compl,CL,CL,Compl,Unable,Not Avl,Compl,Compl,Enable,OFF,0,15.500,61,ON,13.750,15,0.107,2381,18,21
4713,-3,OFF,0,4.688,5.840,OFF,0,0,38,Avail,Compl,Enable,0,GRN2#  ,2011,ON,0,ACTIVE,ACTIVE,0.962,0.942,0.175,0.290,48.309
4714,48.957,Avail,Compl,Avail,Incmpl,Incmpl,Enable,OBD II (California ARB),OFF,OFF,44.733,-0.024,OFF,0,OFF,1st,OFF,OFF,OFF,OFF,OFF,OFF,1.562,0.781
4715,ON,OFF,1000,0,OFF,OFF,OFF,ON,Gasoline,0.971,OFF,OFF,0.684,ON,0.391,16.078,6,0,0.801,0.801,2.383,0.801,0.918,2.031
4716,47.843,0,16.078,16,0.016,0.062,OFF,ECT 5th,NA,OFF,97.790,97.834,14.118,0,Not Avl,0,0,0,0,ON,ON,0,0,1
4717,0,14.175,Not Avl,Compl,Compl,Unable,ON,Not Avl,Compl,Compl,Unable,OFF,38.281,35.938,31.250,31.875,19.531,39.551,15.686,31.765,0.781,1.582,ON,0
4718,OFF,ON,ON,1.003,0.998,0,-0.004,3.274,3.274,0,97,51199.219,13.886,23.529,OFF,OFF,OFF,OFF,OFF,OFF,OFF,OFF,Avail,Incmpl
4719,Incmpl,Enable,Avail,486.200,324.300,486.200,324.300,ON,Avail,Compl,Enable,73,0,0,0,0,0,0,6,A,0,0,Avail,Incmpl
4720,Incmpl,Enable,OFF,OFF,925,1052.250,51199.219,51199.219,51199.219,51199.219,51199.219,51199.219,1GRFE ,49.412,Avail,Incmpl,Incmpl,Enable,7.996,ON,OFF,OFF,OFF,ON
4721,ON,Avail,Compl,Enable,Compl,CL,CL,Compl,Unable,Not Avl,Compl,Compl,Enable,OFF,0,15.500,85,ON,13.750,15,0.107,2373,18,21
4722,-3,OFF,0,4.688,5.840,OFF,0,0,38,Avail,Compl,Enable,0,GRN2#  ,2011,ON,0,ACTIVE,ACTIVE,0.962,0.942,0.175,0.310,48.309
4723,48.633,Avail,Compl,Avail,Incmpl,Incmpl,Enable,OBD II (California ARB),OFF,OFF,44.965,-0.024,OFF,0,OFF,1st,OFF,OFF,OFF,OFF,OFF,OFF,2.344,0.781
4724,ON,OFF,1000,0,OFF,OFF,OFF,ON,Gasoline,0.969,OFF,OFF,0.684,ON,0.391,16.078,6,0,0.801,0.801,2.383,0.801,0.918,2.031
4725,47.843,0,16.078,16,0.020,0.062,OFF,ECT 5th,NA,OFF,97.790,97.746,13.725,0,Not Avl,0,0,0,0,ON,ON,0,0,1
4726,0,14.178,Not Avl,Compl,Compl,Unable,ON,Not Avl,Compl,Compl,Unable,OFF,38.281,35.938,31.250,31.875,19.531,39.551,15.686,31.765,0.781,1.582,ON,0
4727,OFF,ON,ON,0.993,1.000,-0.051,-0.008,3.215,3.283,0,97,51199.219,13.886,23.529,OFF,OFF,OFF,OFF,OFF,OFF,OFF,OFF,Avail,Incmpl
4728,Incmpl,Enable,Avail,486.300,324.300,486.300,324.300,ON,Avail,Compl,Enable,73,0,0,0,0,0,0,6,A,0,0,Avail,Incmpl
4729,Incmpl,Enable,OFF,OFF,926,1053,51199.219,51199.219,51199.219,51199.219,51199.219,51199.219,1GRFE ,49.412,Avail,Incmpl,Incmpl,Enable,7.996,ON,OFF,OFF,OFF,ON
4730,ON,Avail,Compl,Enable,Compl,CL,CL,Compl,Unable,Not Avl,Compl,Compl,Enable,OFF,0,16,111,ON,13.750,15,0.107,2377,18,21
4731,-3,OFF,0,4.688,5.850,OFF,0,0,38,Avail,Compl,Enable,0,GRN2#  ,2011,ON,0,ACTIVE,ACTIVE,0.957,0.942,0.175,0.330,48.957
4732,48.633,Avail,Compl,Avail,Incmpl,Incmpl,Enable,OBD II (California ARB),OFF,OFF,45.087,-0.024,OFF,0,OFF,1st,OFF,OFF,OFF,OFF,OFF,OFF,1.562,1.562
4733,ON,OFF,1000,0,OFF,OFF,OFF,ON,Gasoline,0.968,OFF,OFF,0.684,ON,0.391,16.078,7,0,0.801,0.801,2.383,0.801,0.918,2.031
4734,47.843,0,16.078,16,0.020,0.062,OFF,ECT 5th,NA,OFF,97.812,97.878,13.725,0,Not Avl,0,0,0,0,ON,ON,0,0,1
4735,0,14.164,Not Avl,Compl,Compl,Unable,ON,Not Avl,Compl,Compl,Unable,OFF,38.281,35.938,31.250,31.875,19.531,39.551,15.686,31.765,0.781,1.582,ON,0
4736,OFF,ON,ON,0.998,1.000,-0.027,0,3.254,3.293,0,97,51199.219,13.867,23.529,OFF,OFF,OFF,OFF,OFF,OFF,OFF,OFF,Avail,Incmpl
4737,Incmpl,Enable,Avail,486.300,324.300,486.300,324.300,ON,Avail,Compl,Enable,73,0,0,0,0,0,0,6,A,0,0,Avail,Incmpl
4738,Incmpl,Enable,OFF,OFF,926,1040.500,51199.219,51199.219,51199.219,51199.219,51199.219,51199.219,1GRFE ,49.412,Avail,Incmpl,Incmpl,Enable,7.996,ON,OFF,OFF,OFF,ON
4739,ON,Avail,Compl,Enable,Compl,CL,CL,Compl,Unable,Not Avl,Compl,Compl,Enable,OFF,0,16,138,ON,13.750,15,0.106,2388,18,21
4740,-3,OFF,0,4.688,5.900,OFF,0,0,61,Avail,Compl,Enable,0,GRN2#  ,2011,ON,0,ACTIVE,ACTIVE,0.957,0.942,0.175,0.310,48.633
4741,48.957,Avail,Compl,Avail,Incmpl,Incmpl,Enable,OBD II (California ARB),OFF,OFF,44.849,-0.024,OFF,0,OFF,1st,OFF,OFF,OFF,OFF,OFF,OFF,1.562,1.562
4742,ON,OFF,1000,0,OFF,OFF,OFF,ON,Gasoline,0.971,OFF,OFF,0.684,ON,0.391,16.078,7,0,0.801,0.801,2.383,0.801,0.918,2.031
4743,47.843,0,16.078,16,0.020,0.062,OFF,ECT 5th,NA,OFF,97.790,97.768,14.118,0,Not Avl,0,0,0,0,ON,ON,0,0,1
4744,0,14.177,Not Avl,Compl,Compl,Unable,ON,Not Avl,Compl,Compl,Unable,OFF,38.281,35.938,31.250,31.875,19.531,39.551,15.686,31.765,0.781,1.582,ON,0
4745,OFF,ON,ON,0.997,0.999,-0.035,-0.016,3.239,3.269,0,97,51199.219,13.867,23.529,OFF,OFF,OFF,OFF,OFF,OFF,OFF,OFF,Avail,Incmpl
4746,Incmpl,Enable,Avail,486.300,324.300,486.300,324.300,ON,Avail,Compl,Enable,73,0,0,0,0,0,0,6,A,0,0,Avail,Incmpl
4747,Incmpl,Enable,OFF,OFF,927,1053,51199.219,51199.219,51199.219,51199.219,51199.219,51199.219,1GRFE ,49.412,Avail,Incmpl,Incmpl,Enable,7.996,ON,OFF,OFF,OFF,ON
4748,ON,Avail,Compl,Enable,Compl,CL,CL,Compl,Unable,Not Avl,Compl,Compl,Enable,OFF,0,16,162,ON,13.750,15,0.106,2381,18,21
4749,-3,OFF,0,4.688,5.810,OFF,0,0,61,Avail,Compl,Enable,0,GRN2#  ,2011,ON,0,ACTIVE,ACTIVE,0.962,0.942,0.175,0.270,48.633
4750,48.633,Avail,Compl,Avail,Incmpl,Incmpl,Enable,OBD II (California ARB),OFF,OFF,45.325,-0.024,OFF,0,OFF,1st,OFF,OFF,OFF,OFF,OFF,OFF,1.562,1.562
4751,ON,OFF,1000,0,OFF,OFF,OFF,ON,Gasoline,0.969,OFF,OFF,0.684,ON,0.391,16.078,6,0,0.801,0.801,2.383,0.801,0.918,2.031
4752,47.843,0,16.078,16,0.020,0.062,OFF,ECT 5th,NA,OFF,97.812,97.834,13.725,0,Not Avl,0,0,0,0,ON,ON,0,0,1
4753,0,14.178,Not Avl,Compl,Compl,Unable,ON,Not Avl,Compl,Compl,Unable,OFF,38.281,35.938,31.250,31.875,19.531,39.551,15.686,31.765,0.781,1.582,ON,0
4754,OFF,ON,ON,0.996,0.995,-0.039,-0.027,3.230,3.254,0,97,51199.219,13.886,23.529,OFF,OFF,OFF,OFF,OFF,OFF,OFF,OFF,Avail,Incmpl
4755,Incmpl,Enable,Avail,486.300,324.300,486.300,324.300,ON,Avail,Compl,Enable,73,0,0,0,0,0,0,6,A,0,0,Avail,Incmpl
4756,Incmpl,Enable,OFF,OFF,927,1045.250,51199.219,51199.219,51199.219,51199.219,51199.219,51199.219,1GRFE ,49.412,Avail,Incmpl,Incmpl,Enable,7.996,ON,OFF,OFF,OFF,ON
4757,ON,Avail,Compl,Enable,Compl,CL,CL,Compl,Unable,Not Avl,Compl,Compl,Enable,OFF,0,15.500,186,ON,13.750,15,0.106,2373,18,21
4758,-3,OFF,0,4.688,5.850,OFF,0,0,53,Avail,Compl,Enable,0,GRN2#  ,2011,ON,0,ACTIVE,ACTIVE,0.962,0.942,0.175,0.270,47.984
4759,48.309,Avail,Compl,Avail,Incmpl,Incmpl,Enable,OBD II (California ARB),OFF,OFF,44.501,-0.024,OFF,0,OFF,1st,OFF,OFF,OFF,OFF,OFF,OFF,1.562,0.781
4760,ON,OFF,1000,0,OFF,OFF,OFF,ON,Gasoline,0.972,OFF,OFF,0.684,ON,0.391,16.078,6,0,0.801,0.801,2.383,0.801,0.918,2.031
4761,47.843,0,16.078,16,0.016,0.062,OFF,ECT 5th,NA,OFF,97.790,97.812,14.118,0,Not Avl,0,0,0,0,ON,ON,0,0,1
4762,0,14.178,Not Avl,Compl,Compl,Unable,ON,Not Avl,Compl,Compl,Unable,OFF,38.281,35.938,31.250,31.875,19.531,39.551,15.686,31.765,0.781,1.582,ON,0
4763,OFF,ON,ON,0.998,0.995,-0.031,-0.027,3.244,3.249,0,97,51199.219,13.886,23.529,OFF,OFF,OFF,OFF,OFF,OFF,OFF,OFF,Avail,Incmpl
4764,Incmpl,Enable,Avail,486.300,324.300,486.300,324.300,ON,Avail,Compl,Enable,73,0,0,0,0,0,0,6,A,0,0,Avail,Incmpl
4765,Incmpl,Enable,OFF,OFF,928,1042.750,51199.219,51199.219,51199.219,51199.219,51199.219,51199.219,1GRFE ,49.020,Avail,Incmpl,Incmpl,Enable,7.996,ON,OFF,OFF,OFF,ON
4766,ON,Avail,Compl,Enable,Compl,CL,CL,Compl,Unable,Not Avl,Compl,Compl,Enable,OFF,0,15.500,211,ON,13.750,15,0.106,2381,18,21
4767,-3,OFF,0,4.688,5.840,OFF,0,0,53,Avail,Compl,Enable,0,GRN2#  ,2011,ON,0,ACTIVE,ACTIVE,0.957,0.942,0.175,0.270,47.984
4768,48.633,Avail,Compl,Avail,Incmpl,Incmpl,Enable,OBD II (California ARB),OFF,OFF,44.739,-0.024,OFF,0,OFF,1st,OFF,OFF,OFF,OFF,OFF,OFF,1.562,0.781
4769,ON,OFF,1000,0,OFF,OFF,OFF,ON,Gasoline,0.972,OFF,OFF,0.684,ON,0.391,16.078,7,0,0.801,0.801,2.383,0.801,0.918,2.031
4770,47.843,0,16.078,16,0.016,0.062,OFF,ECT 5th,NA,OFF,97.812,97.790,14.118,0,Not Avl,0,0,0,0,ON,ON,0,0,1
4771,0,14.161,Not Avl,Compl,Compl,Unable,ON,Not Avl,Compl,Compl,Unable,OFF,38.281,41.406,31.250,31.875,19.531,39.551,15.686,31.765,0.781,1.582,ON,0
4772,OFF,ON,ON,1.000,0.996,-0.027,-0.027,3.254,3.254,0,97,51199.219,13.886,23.529,OFF,OFF,OFF,OFF,OFF,OFF,OFF,OFF,Avail,Incmpl
4773,Incmpl,Enable,Avail,486.400,324.300,486.400,324.300,ON,Avail,Compl,Enable,73,0,0,0,0,0,0,6,A,0,0,Avail,Incmpl
4774,Incmpl,Enable,OFF,OFF,928,1042.750,51199.219,51199.219,51199.219,51199.219,51199.219,51199.219,1GRFE ,49.020,Avail,Incmpl,Incmpl,Enable,7.996,ON,OFF,OFF,OFF,ON
4775,ON,Avail,Compl,Enable,Compl,CL,CL,Compl,Unable,Not Avl,Compl,Compl,Enable,OFF,0,15.500,236,ON,13.750,15,0.106,2377,18,21
4776,-3,OFF,0,4.688,5.840,OFF,0,0,53,Avail,Compl,Enable,0,GRN2#  ,2011,ON,0,ACTIVE,ACTIVE,0.962,0.942,0.175,0.270,47.984
4777,48.633,Avail,Compl,Avail,Incmpl,Incmpl,Enable,OBD II (California ARB),OFF,OFF,44.849,-0.024,OFF,0,OFF,1st,OFF,OFF,OFF,OFF,OFF,OFF,1.562,0.781
4778,ON,OFF,1000,0,OFF,OFF,OFF,ON,Gasoline,0.972,OFF,OFF,0.684,ON,0.391,16.078,7,0,0.801,0.801,2.383,0.801,0.918,2.031
4779,47.843,0,16.078,16,0.016,0.062,OFF,ECT 5th,NA,OFF,97.812,97.900,14.118,0,Not Avl,0,0,0,0,ON,ON,0,0,1
4780,0,14.178,Not Avl,Compl,Compl,Unable,ON,Not Avl,Compl,Compl,Unable,OFF,38.281,47.656,31.250,31.875,19.531,39.551,15.686,31.765,0.781,1.582,ON,0
4781,OFF,ON,ON,1.004,0.999,-0.012,-0.016,3.274,3.269,0,97,51199.219,13.886,23.529,OFF,OFF,OFF,OFF,OFF,OFF,OFF,OFF,Avail,Incmpl
4782,Incmpl,Enable,Avail,486.400,324.300,486.400,324.300,ON,Avail,Compl,Enable,73,0,0,0,0,0,0,6,A,0,0,Avail,Incmpl
4783,Incmpl,Enable,OFF,OFF,929,1046.750,51199.219,51199.219,51199.219,51199.219,51199.219,51199.219,1GRFE ,49.020,Avail,Incmpl,Incmpl,Enable,7.996,ON,OFF,OFF,OFF,ON
4784,ON,Avail,Compl,Enable,Compl,CL,CL,Compl,Unable,Not Avl,Compl,Compl,Enable,OFF,0,15.500,258,ON,13.750,15,0.107,2381,18,21
4785,-3,OFF,0,4.688,5.840,OFF,0,0,53,Avail,Compl,Enable,0,GRN2#  ,2011,ON,0,ACTIVE,ACTIVE,0.962,0.947,0.175,0.250,47.984
4786,48.309,Avail,Compl,Avail,Incmpl,Incmpl,Enable,OBD II (California ARB),OFF,OFF,44.849,-0.024,OFF,0,OFF,1st,OFF,OFF,OFF,OFF,OFF,OFF,1.562,0.781
4787,ON,OFF,1000,0,OFF,OFF,OFF,ON,Gasoline,0.970,OFF,OFF,0.684,ON,0.391,16.078,6,0,0.801,0.801,2.383,0.801,0.918,2.031
4788,47.843,0,16.078,16,0.016,0.062,OFF,ECT 5th,NA,OFF,97.790,97.746,14.118,0,Not Avl,0,0,0,0,ON,ON,0,0,1
4789,0,14.178,Not Avl,Compl,Compl,Unable,ON,Not Avl,Compl,Compl,Unable,OFF,38.281,41.406,31.250,31.875,19.531,39.551,15.686,31.765,0.781,1.582,ON,0
4790,OFF,ON,ON,1.000,1.001,-0.027,-0.012,3.249,3.279,0,97,51199.219,13.867,23.529,OFF,OFF,OFF,OFF,OFF,OFF,OFF,OFF,Avail,Incmpl
4791,Incmpl,Enable,Avail,486.400,324.300,486.400,324.300,ON,Avail,Compl,Enable,73,0,0,0,0,0,0,6,A,0,0,Avail,Incmpl
4792,Incmpl,Enable,OFF,OFF,929,1042.750,51199.219,51199.219,51199.219,51199.219,51199.219,51199.219,1GRFE ,49.020,Avail,Incmpl,Incmpl,Enable,7.996,ON,OFF,OFF,OFF,ON
4793,ON,Avail,Compl,Enable,Compl,CL,CL,Compl,Unable,Not Avl,Compl,Compl,Enable,OFF,0,15.500,278,ON,13.750,15,0.107,2392,18,21
4794,-3,OFF,0,4.688,5.840,OFF,0,0,59,Avail,Compl,Enable,0,GRN2#  ,2011,ON,0,ACTIVE,ACTIVE,0.957,0.942,0.175,0.250,48.309
4795,48.309,Avail,Compl,Avail,Incmpl,Incmpl,Enable,OBD II (California ARB),OFF,OFF,44.849,-0.024,OFF,0,OFF,1st,OFF,OFF,OFF,OFF,OFF,OFF,1.562,0.781
4796,ON,OFF,1000,0,OFF,OFF,OFF,ON,Gasoline,0.968,OFF,OFF,0.684,ON,0.391,16.078,6,0,0.801,0.801,2.383,0.801,0.918,2.031
4797,47.843,0,16.078,16,0.016,0.062,OFF,ECT 5th,NA,OFF,97.768,97.680,14.118,0,Not Avl,0,0,0,0,ON,ON,0,0,1
4798,0,14.169,Not Avl,Compl,Compl,Unable,ON,Not Avl,Compl,Compl,Unable,OFF,38.281,39.062,31.250,31.875,19.531,39.551,15.686,31.765,0.781,1.582,ON,0
4799,OFF,ON,ON,0.998,1.003,-0.039,0,3.235,3.293,0,97,51199.219,13.886,23.529,OFF,OFF,OFF,OFF,OFF,OFF,OFF,OFF,Avail,Incmpl
4800,Incmpl,Enable,Avail,486.400,324.300,486.400,324.300,ON,Avail,Compl,Enable,73,0,0,0,0,0,0,6,A,0,0,Avail,Incmpl
4801,Incmpl,Enable,OFF,OFF,930,1050,51199.219,51199.219,51199.219,51199.219,51199.219,51199.219,1GRFE ,49.412,Avail,Incmpl,Incmpl,Enable,7.996,ON,OFF,OFF,OFF,ON
4802,ON,Avail,Compl,Enable,Compl,CL,CL,Compl,Unable,Not Avl,Compl,Compl,Enable,OFF,0,16,302,ON,13.750,15,0.107,2373,18,21
4803,-3,OFF,0,4.688,5.840,OFF,0,0,59,Avail,Compl,Enable,0,GRN2#  ,2011,ON,0,ACTIVE,ACTIVE,0.957,0.942,0.175,0.270,47.984
4804,48.309,Avail,Compl,Avail,Incmpl,Incmpl,Enable,OBD II (California ARB),OFF,OFF,44.965,-0.024,OFF,0,OFF,1st,OFF,OFF,OFF,OFF,OFF,OFF,1.562,1.562
4805,ON,OFF,1000,0,OFF,OFF,OFF,ON,Gasoline,0.968,OFF,OFF,0.684,ON,0.391,16.078,6,0,0.801,0.801,2.383,0.801,0.918,2.031
4806,47.843,0,16.078,16,0.016,0.062,OFF,ECT 5th,NA,OFF,97.812,97.944,13.725,0,Not Avl,0,0,0,0,ON,ON,0,0,1
4807,0,14.164,Not Avl,Compl,Compl,Unable,ON,Not Avl,Compl,Compl,Unable,OFF,38.281,38.281,31.250,31.875,19.531,39.551,15.686,31.765,0.781,1.582,ON,0
4808,OFF,ON,ON,1.000,1.002,-0.027,-0.008,3.249,3.283,0,97,51199.219,13.867,23.529,OFF,OFF,OFF,OFF,OFF,OFF,OFF,OFF,Avail,Incmpl
4809,Incmpl,Enable,Avail,486.400,324.300,486.400,324.300,ON,Avail,Compl,Enable,73,0,0,0,0,0,0,6,A,0,0,Avail,Incmpl
4810,Incmpl,Enable,OFF,OFF,930,1039.750,51199.219,51199.219,51199.219,51199.219,51199.219,51199.219,1GRFE ,49.412,Avail,Incmpl,Incmpl,Enable,7.996,ON,OFF,OFF,OFF,ON
4811,ON,Avail,Compl,Enable,Compl,CL,CL,Compl,Unable,Not Avl,Compl,Compl,Enable,OFF,0,15.500,325,ON,13.750,15,0.107,2373,18,21
4812,-3,OFF,0,4.688,5.840,OFF,0,0,59,Avail,Compl,Enable,0,GRN2#  ,2011,ON,0,ACTIVE,ACTIVE,0.957,0.942,0.175,0.270,48.309
4813,47.984,Avail,Compl,Avail,Incmpl,Incmpl,Enable,OBD II (California ARB),OFF,OFF,44.733,-0.024,OFF,0,OFF,1st,OFF,OFF,OFF,OFF,OFF,OFF,1.562,1.562
4814,ON,OFF,1000,0,OFF,OFF,OFF,ON,Gasoline,0.969,OFF,OFF,0.684,ON,0.391,16.078,6,0,0.801,0.801,2.383,0.801,0.918,2.031
4815,47.843,0,16.078,16,0.020,0.062,OFF,ECT 5th,NA,OFF,97.790,97.680,14.118,0,Not Avl,0,0,0,0,ON,ON,0,0,1
4816,0,14.178,Not Avl,Compl,Compl,Unable,ON,Not Avl,Compl,Compl,Unable,OFF,38.281,38.281,31.250,31.875,19.531,39.551,15.686,31.765,0.781,1.582,ON,0
4817,OFF,ON,ON,1.004,0.998,-0.016,-0.020,3.269,3.264,0,97,51199.219,13.867,23.529,OFF,OFF,OFF,OFF,OFF,OFF,OFF,OFF,Avail,Incmpl
4818,Incmpl,Enable,Avail,486.400,324.300,486.400,324.300,ON,Avail,Compl,Enable,73,0,0,0,0,0,0,6,A,0,0,Avail,Incmpl
4819,Incmpl,Enable,OFF,OFF,930,1045.250,51199.219,51199.219,51199.219,51199.219,51199.219,51199.219,1GRFE ,49.020,Avail,Incmpl,Incmpl,Enable,7.996,ON,OFF,OFF,OFF,ON
4820,ON,Avail,Compl,Enable,Compl,CL,CL,Compl,Unable,Not Avl,Compl,Compl,Enable,OFF,0,15.500,349,ON,13.750,15,0.107,2399,18,21
4821,-3,OFF,0,4.688,5.840,OFF,0,0,41,Avail,Compl,Enable,0,GRN2#  ,2011,ON,0,ACTIVE,ACTIVE,0.957,0.942,0.175,0.290,47.984
4822,47.984,Avail,Compl,Avail,Incmpl,Incmpl,Enable,OBD II (California ARB),OFF,OFF,44.861,0.006,OFF,0,OFF,1st,OFF,OFF,OFF,OFF,OFF,OFF,2.344,1.562
4823,ON,OFF,1000,0,OFF,OFF,OFF,ON,Gasoline,0.967,OFF,OFF,0.684,ON,0.391,16.078,6,0,0.801,0.801,2.383,0.801,0.918,2.031
4824,47.843,0,16.078,16,0.020,0.062,OFF,ECT 5th,NA,OFF,97.812,97.944,14.118,0,Not Avl,0,0,0,0,ON,ON,0,0,1
4825,0,14.163,Not Avl,Compl,Compl,Unable,ON,Not Avl,Compl,Compl,Unable,OFF,38.281,38.281,31.875,31.875,19.531,39.551,15.686,31.765,0.781,1.582,ON,0
4826,OFF,ON,ON,0.998,0.998,-0.031,-0.012,3.244,3.279,0,97,51199.219,13.867,23.529,OFF,OFF,OFF,OFF,OFF,OFF,OFF,OFF,Avail,Incmpl
4827,Incmpl,Enable,Avail,486.400,324.300,486.400,324.300,ON,Avail,Compl,Enable,73,0,0,0,0,0,0,6,A,0,0,Avail,Incmpl
4828,Incmpl,Enable,OFF,OFF,931,1048.250,51199.219,51199.219,51199.219,51199.219,51199.219,51199.219,1GRFE ,49.412,Avail,Incmpl,Incmpl,Enable,7.996,ON,OFF,OFF,OFF,ON
4829,ON,Avail,Compl,Enable,Compl,CL,CL,Compl,Unable,Not Avl,Compl,Compl,Enable,OFF,0,15.500,372,ON,13.750,15,0.107,2392,18,21
4830,-3,OFF,0,4.688,5.900,OFF,0,0,41,Avail,Compl,Enable,0,GRN2#  ,2011,ON,0,ACTIVE,ACTIVE,0.957,0.942,0.175,0.310,47.984
4831,47.984,Avail,Compl,Avail,Incmpl,Incmpl,Enable,OBD II (California ARB),OFF,OFF,45.209,0.006,OFF,0,OFF,1st,OFF,OFF,OFF,OFF,OFF,OFF,1.562,1.562
4832,ON,OFF,1000,0,OFF,OFF,OFF,ON,Gasoline,0.968,OFF,OFF,0.684,ON,0.391,16.078,6,0,0.801,0.801,2.383,0.801,0.918,2.031
4833,47.843,0,16.078,16,0.020,0.062,OFF,ECT 5th,NA,OFF,97.812,97.856,14.118,0,Not Avl,0,0,0,0,ON,ON,0,0,1
4834,0,14.178,Not Avl,Compl,Compl,Unable,ON,Not Avl,Compl,Compl,Unable,OFF,38.281,38.281,31.875,31.875,19.531,39.551,15.686,31.765,0.781,1.582,ON,0
4835,OFF,ON,ON,0.996,0.995,-0.039,-0.027,3.230,3.254,0,97,51199.219,13.886,23.529,OFF,OFF,OFF,OFF,OFF,OFF,OFF,OFF,Avail,Incmpl
4836,Incmpl,Enable,Avail,486.400,324.300,486.400,324.300,ON,Avail,Compl,Enable,73,0,0,0,0,0,0,6,A,0,0,Avail,Incmpl
4837,Incmpl,Enable,OFF,OFF,931,1049,51199.219,51199.219,51199.219,51199.219,51199.219,51199.219,1GRFE ,49.412,Avail,Incmpl,Incmpl,Enable,7.996,ON,OFF,OFF,OFF,ON
4838,ON,Avail,Compl,Enable,Compl,CL,CL,Compl,Unable,Not Avl,Compl,Compl,Enable,OFF,0,16,400,ON,13.750,15,0.107,2381,18,21
4839,-3,OFF,0,4.688,5.840,OFF,0,0,68,Avail,Compl,Enable,0,GRN2#  ,2011,ON,0,ACTIVE,ACTIVE,0.962,0.942,0.175,0.330,47.660
4840,47.984,Avail,Compl,Avail,Incmpl,Incmpl,Enable,OBD II (California ARB),OFF,OFF,44.849,0.006,OFF,0,OFF,1st,OFF,OFF,OFF,OFF,OFF,OFF,1.562,0.781
4841,ON,OFF,1000,0,OFF,OFF,OFF,ON,Gasoline,0.969,OFF,OFF,0.684,ON,0.391,16.078,6,0,0.801,0.801,2.383,0.801,0.918,2.031
4842,47.843,0,16.078,16,0.020,0.062,OFF,ECT 5th,NA,OFF,97.812,97.944,13.725,0,Not Avl,0,0,0,0,ON,ON,0,0,1
4843,0,14.177,Not Avl,Compl,Compl,Unable,ON,Not Avl,Compl,Compl,Unable,OFF,38.281,38.281,31.875,31.875,19.531,39.551,15.686,31.765,0.781,1.582,ON,0
4844,OFF,ON,ON,0.995,0.996,-0.047,-0.020,3.220,3.264,0,97,51199.219,13.867,23.529,OFF,OFF,OFF,OFF,OFF,OFF,OFF,OFF,Avail,Incmpl
4845,Incmpl,Enable,Avail,486.400,324.300,486.400,324.300,ON,Avail,Compl,Enable,73,0,0,0,0,0,0,6,A,0,0,Avail,Incmpl
4846,Incmpl,Enable,OFF,OFF,932,1048.250,51199.219,51199.219,51199.219,51199.219,51199.219,51199.219,1GRFE ,49.020,Avail,Incmpl,Incmpl,Enable,7.996,ON,OFF,OFF,OFF,ON
4847,ON,Avail,Compl,Enable,Compl,CL,CL,Compl,Unable,Not Avl,Compl,Compl,Enable,OFF,0,16,423,ON,13.750,15,0.107,2377,18,21
4848,-3,OFF,0,4.688,5.840,OFF,0,0,68,Avail,Compl,Enable,0,GRN2#  ,2011,ON,0,ACTIVE,ACTIVE,0.962,0.942,0.175,0.330,47.984
4849,47.984,Avail,Compl,Avail,Incmpl,Incmpl,Enable,OBD II (California ARB),OFF,OFF,44.965,0.006,OFF,0,OFF,1st,OFF,OFF,OFF,OFF,OFF,OFF,1.562,0.781
4850,ON,OFF,1000,0,OFF,OFF,OFF,ON,Gasoline,0.971,OFF,OFF,0.684,ON,0.391,16.078,7,0,0.801,0.801,2.383,0.801,0.918,2.031
4851,47.843,0,16.078,16,0.020,0.062,OFF,ECT 5th,NA,OFF,97.768,97.680,13.725,0,Not Avl,0,0,0,0,ON,ON,0,0,1
4852,0,14.164,Not Avl,Compl,Compl,Unable,ON,Not Avl,Compl,Compl,Unable,OFF,38.281,38.281,31.875,31.875,19.531,39.551,15.686,31.765,0.781,1.582,ON,0
4853,OFF,ON,ON,1.001,0.997,-0.027,-0.016,3.249,3.269,0,97,51199.219,13.867,23.529,OFF,OFF,OFF,OFF,OFF,OFF,OFF,OFF,Avail,Incmpl
4854,Incmpl,Enable,Avail,486.400,324.300,486.400,324.300,ON,Avail,Compl,Enable,73,0,0,0,0,0,0,6,A,0,0,Avail,Incmpl
4855,Incmpl,Enable,OFF,OFF,932,1043.750,51199.219,51199.219,51199.219,51199.219,51199.219,51199.219,1GRFE ,49.020,Avail,Incmpl,Incmpl,Enable,7.996,ON,OFF,OFF,OFF,ON
4856,ON,Avail,Compl,Enable,Compl,CL,CL,Compl,Unable,Not Avl,Compl,Compl,Enable,OFF,0,15.500,448,ON,13.750,15,0.107,2381,18,21
4857,-3,OFF,0,4.688,5.840,OFF,0,0,60,Avail,Compl,Enable,0,GRN2#  ,2011,ON,0,ACTIVE,ACTIVE,0.962,0.942,0.175,0.330,47.984
4858,47.984,Avail,Compl,Avail,Incmpl,Incmpl,Enable,OBD II (California ARB),OFF,OFF,44.849,0.006,OFF,0,OFF,1st,OFF,OFF,OFF,OFF,OFF,OFF,1.562,0.781
4859,ON,OFF,1000,0,OFF,OFF,OFF,ON,Gasoline,0.971,OFF,OFF,0.684,ON,0.391,16.078,7,0,0.801,0.801,2.383,0.801,0.918,2.031
4860,47.843,0,16.078,17,0.020,0.062,OFF,ECT 5th,NA,OFF,97.812,97.922,14.118,0,Not Avl,0,0,0,0,ON,ON,0,0,1
4861,0,14.178,Not Avl,Compl,Compl,Unable,ON,Not Avl,Compl,Compl,Unable,OFF,38.281,38.281,31.875,31.875,19.531,39.551,15.686,31.765,0.781,1.582,ON,0
4862,OFF,ON,ON,0.999,0.999,-0.031,-0.012,3.244,3.279,0,97,51199.219,13.867,23.529,OFF,OFF,OFF,OFF,OFF,OFF,OFF,OFF,Avail,Incmpl
4863,Incmpl,Enable,Avail,486.400,324.300,486.400,324.300,ON,Avail,Compl,Enable,73,0,0,0,0,0,0,6,A,0,0,Avail,Incmpl
4864,Incmpl,Enable,OFF,OFF,933,1046,51199.219,51199.219,51199.219,51199.219,51199.219,51199.219,1GRFE ,49.020,Avail,Incmpl,Incmpl,Enable,7.996,ON,OFF,OFF,OFF,ON
4865,ON,Avail,Compl,Enable,Compl,CL,CL,Compl,Unable,Not Avl,Compl,Compl,Enable,OFF,0,15.500,473,ON,13.750,15,0.107,2381,18,21
4866,-3,OFF,0,4.688,5.790,OFF,0,0,60,Avail,Compl,Enable,0,GRN2#  ,2011,ON,0,ACTIVE,ACTIVE,0.962,0.942,0.175,0.350,47.984
4867,47.660,Avail,Compl,Avail,Incmpl,Incmpl,Enable,OBD II (California ARB),OFF,OFF,44.849,0.006,OFF,0,OFF,1st,OFF,OFF,OFF,OFF,OFF,OFF,1.562,0.781
4868,ON,OFF,1000,0,OFF,OFF,OFF,ON,Gasoline,0.970,OFF,OFF,0.684,ON,0.391,16.078,7,0,0.801,0.801,2.383,0.801,0.918,2.031
4869,47.843,0,16.078,17,0.020,0.062,OFF,ECT 5th,NA,OFF,97.812,97.944,13.725,0,Not Avl,0,0,0,0,ON,ON,0,0,1
4870,0,14.178,Not Avl,Compl,Compl,Unable,ON,Not Avl,Compl,Compl,Unable,OFF,38.281,38.281,31.875,31.875,19.531,39.551,15.686,31.765,0.781,1.582,ON,0
4871,OFF,ON,ON,1.002,0.998,-0.023,-0.012,3.259,3.274,0,97,51199.219,13.867,23.529,OFF,OFF,OFF,OFF,OFF,OFF,OFF,OFF,Avail,Incmpl
4872,Incmpl,Enable,Avail,486.400,324.300,486.400,324.300,ON,Avail,Compl,Enable,73,0,0,0,0,0,0,6,A,0,0,Avail,Incmpl
4873,Incmpl,Enable,OFF,OFF,933,1048.250,51199.219,51199.219,51199.219,51199.219,51199.219,51199.219,1GRFE ,49.020,Avail,Incmpl,Incmpl,Enable,7.996,ON,OFF,OFF,OFF,ON
4874,ON,Avail,Compl,Enable,Compl,CL,CL,Compl,Unable,Not Avl,Compl,Compl,Enable,OFF,0,15.500,498,ON,13.750,15,0.107,2381,18,21
4875,-3,OFF,0,4.688,5.840,OFF,0,0,68,Avail,Compl,Enable,0,GRN2#  ,2011,ON,0,ACTIVE,ACTIVE,0.957,0.942,0.175,0.350,47.984
4876,47.984,Avail,Compl,Avail,Incmpl,Incmpl,Enable,OBD II (California ARB),OFF,OFF,44.849,0.006,OFF,0,OFF,1st,OFF,OFF,OFF,OFF,OFF,OFF,1.562,0.781
4877,ON,OFF,1000,0,OFF,OFF,OFF,ON,Gasoline,0.970,OFF,OFF,0.684,ON,0.391,16.078,7,0,0.801,0.801,2.383,0.801,0.918,2.031
4878,47.843,0,16.078,17,0.016,0.062,OFF,ECT 5th,NA,OFF,97.790,97.680,13.725,0,Not Avl,0,0,0,0,ON,ON,0,0,1
4879,0,14.178,Not Avl,Compl,Compl,Unable,ON,Not Avl,Compl,Compl,Unable,OFF,38.281,38.281,31.875,31.875,19.531,39.551,15.686,31.765,0.781,1.582,ON,0
4880,OFF,ON,ON,0.996,0.995,-0.043,-0.020,3.225,3.264,0,97,51199.219,13.886,23.529,OFF,OFF,OFF,OFF,OFF,OFF,OFF,OFF,Avail,Incmpl
4881,Incmpl,Enable,Avail,486.400,324.300,486.400,324.300,ON,Avail,Compl,Enable,73,0,0,0,0,0,0,6,A,0,0,Avail,Incmpl
4882,Incmpl,Enable,OFF,OFF,934,1044.500,51199.219,51199.219,51199.219,51199.219,51199.219,51199.219,1GRFE ,49.020,Avail,Incmpl,Incmpl,Enable,7.996,ON,OFF,OFF,OFF,ON
4883,ON,Avail,Compl,Enable,Compl,CL,CL,Compl,Unable,Not Avl,Compl,Compl,Enable,OFF,0,15.500,522,ON,13.750,15,0.107,2388,18,21
4884,-3,OFF,0,4.688,5.840,OFF,0,0,68,Avail,Compl,Enable,0,GRN2#  ,2011,ON,0,ACTIVE,ACTIVE,0.957,0.942,0.175,0.390,47.984
4885,48.309,Avail,Compl,Avail,Incmpl,Incmpl,Enable,OBD II (California ARB),OFF,OFF,44.849,0.006,OFF,0,OFF,1st,OFF,OFF,OFF,OFF,OFF,OFF,1.562,0.781
4886,ON,OFF,1000,0,OFF,OFF,OFF,ON,Gasoline,0.970,OFF,OFF,0.684,ON,0.391,16.078,6,0,0.801,0.801,2.383,0.801,0.918,2.031
4887,47.843,0,16.078,17,0.016,0.059,OFF,ECT 5th,NA,OFF,97.812,97.944,14.118,0,Not Avl,0,0,0,0,ON,ON,0,0,1
4888,0,14.177,Not Avl,Compl,Compl,Unable,ON,Not Avl,Compl,Compl,Unable,OFF,38.281,38.281,31.875,31.875,19.531,39.551,15.686,31.765,0.781,1.582,ON,0
4889,OFF,ON,ON,0.997,0.996,-0.039,-0.012,3.230,3.274,0,97,51199.219,13.867,23.529,OFF,OFF,OFF,OFF,OFF,OFF,OFF,OFF,Avail,Incmpl
4890,Incmpl,Enable,Avail,486.400,324.300,486.400,324.300,ON,Avail,Compl,Enable,73,0,0,0,0,0,0,6,A,0,0,Avail,Incmpl
4891,Incmpl,Enable,OFF,OFF,934,1050,51199.219,51199.219,51199.219,51199.219,51199.219,51199.219,1GRFE ,49.412,Avail,Incmpl,Incmpl,Enable,7.996,ON,OFF,OFF,OFF,ON
4892,ON,Avail,Compl,Enable,Compl,CL,CL,Compl,Unable,Not Avl,Compl,Compl,Enable,OFF,0,15.500,541,ON,13.750,15,0.107,2374,18,21
4893,-3,OFF,0,4.688,5.840,OFF,0,0,68,Avail,Compl,Enable,0,GRN2#  ,2011,ON,0,ACTIVE,ACTIVE,0.962,0.942,0.175,0.410,47.984
4894,47.984,Avail,Compl,Avail,Incmpl,Incmpl,Enable,OBD II (California ARB),OFF,OFF,44.965,0.006,OFF,0,OFF,1st,OFF,OFF,OFF,OFF,OFF,OFF,1.562,0.781
4895,ON,OFF,1000,0,OFF,OFF,OFF,ON,Gasoline,0.971,OFF,OFF,0.684,ON,0.391,16.078,6,0,0.801,0.801,2.383,0.801,0.918,2.031
4896,47.843,0,16.078,17,0.016,0.059,OFF,ECT 5th,NA,OFF,97.812,97.878,13.725,0,Not Avl,0,0,0,0,ON,ON,0,0,1
4897,0,14.178,Not Avl,Compl,Compl,Unable,ON,Not Avl,Compl,Compl,Unable,OFF,38.281,38.281,31.875,31.875,19.531,39.551,15.686,31.765,0.781,1.582,ON,0
4898,OFF,ON,ON,0.993,0.999,-0.055,0,3.210,3.293,0,97,51199.219,13.867,23.529,OFF,OFF,OFF,OFF,OFF,OFF,OFF,OFF,Avail,Incmpl
4899,Incmpl,Enable,Avail,486.400,324.300,486.400,324.300,ON,Avail,Compl,Enable,73,0,0,0,0,0,0,6,A,0,0,Avail,Incmpl
4900,Incmpl,Enable,OFF,OFF,934,1052.250,51199.219,51199.219,51199.219,51199.219,51199.219,51199.219,1GRFE ,49.020,Avail,Incmpl,Incmpl,Enable,7.996,ON,OFF,OFF,OFF,ON
4901,ON,Avail,Compl,Enable,Compl,CL,CL,Compl,Unable,Not Avl,Compl,Compl,Enable,OFF,0,15.500,563,ON,13.750,15,0.107,2366,18,21
4902,-3,OFF,0,4.688,5.840,OFF,0,0,60,Avail,Compl,Enable,0,GRN2#  ,2011,ON,0,ACTIVE,ACTIVE,0.962,0.942,0.175,0.410,47.984
4903,47.984,Avail,Compl,Avail,Incmpl,Incmpl,Enable,OBD II (California ARB),OFF,OFF,44.849,0.006,OFF,0,OFF,1st,OFF,OFF,OFF,OFF,OFF,OFF,0.781,0.781
4904,ON,OFF,1000,0,OFF,OFF,OFF,ON,Gasoline,0.972,OFF,OFF,0.684,ON,0.312,16.078,6,0,0.801,0.801,2.383,0.801,0.918,2.031
4905,47.843,0,16.078,17,0.016,0.059,OFF,ECT 5th,NA,OFF,97.790,97.702,13.725,0,Not Avl,0,0,0,0,ON,ON,0,0,1
4906,0,14.178,Not Avl,Compl,Compl,Unable,ON,Not Avl,Compl,Compl,Unable,OFF,38.281,38.281,31.875,31.875,19.531,39.551,15.686,31.765,0.781,1.582,ON,0
4907,OFF,ON,ON,0.996,1.000,-0.039,0,3.230,3.298,0,97,51199.219,13.886,23.529,OFF,OFF,OFF,OFF,OFF,OFF,OFF,OFF,Avail,Incmpl
4908,Incmpl,Enable,Avail,486.400,324.300,486.400,324.300,ON,Avail,Compl,Enable,73,0,0,0,0,0,0,6,A,0,0,Avail,Incmpl
4909,Incmpl,Enable,OFF,OFF,935,1048.250,51199.219,51199.219,51199.219,51199.219,51199.219,51199.219,1GRFE ,49.412,Avail,Incmpl,Incmpl,Enable,7.996,ON,OFF,OFF,OFF,ON
4910,ON,Avail,Compl,Enable,Compl,CL,CL,Compl,Unable,Not Avl,Compl,Compl,Enable,OFF,0,15.500,582,ON,13.750,15,0.107,2374,18,21
4911,-3,OFF,0,4.688,5.840,OFF,0,0,60,Avail,Compl,Enable,0,GRN2#  ,2011,ON,0,ACTIVE,ACTIVE,0.962,0.942,0.175,0.390,47.660
4912,47.660,Avail,Compl,Avail,Incmpl,Incmpl,Enable,OBD II (California ARB),OFF,OFF,44.965,0.006,OFF,0,OFF,1st,OFF,OFF,OFF,OFF,OFF,OFF,0.781,0.781
4913,ON,OFF,1000,0,OFF,OFF,OFF,ON,Gasoline,0.976,OFF,OFF,0.684,ON,0.391,16.078,6,0,0.801,0.801,2.383,0.801,0.918,2.031
4914,47.843,0,16.078,17,0.016,0.059,OFF,ECT 5th,NA,OFF,97.812,97.900,13.725,0,Not Avl,0,0,0,0,ON,ON,0,0,1
4915,0,14.160,Not Avl,Compl,Compl,Unable,ON,Not Avl,Compl,Compl,Unable,OFF,38.281,38.281,31.875,31.875,19.531,39.551,15.686,31.765,0.781,1.582,ON,0
4916,OFF,ON,ON,0.999,1.000,-0.035,-0.004,3.239,3.288,0,97,51199.219,13.886,23.529,OFF,OFF,OFF,OFF,OFF,OFF,OFF,OFF,Avail,Incmpl
4917,Incmpl,Enable,Avail,486.400,324.300,486.400,324.300,ON,Avail,Compl,Enable,73,0,0,0,0,0,0,6,A,0,0,Avail,Incmpl
4918,Incmpl,Enable,OFF,OFF,935,1051.500,51199.219,51199.219,51199.219,51199.219,51199.219,51199.219,1GRFE ,49.412,Avail,Incmpl,Incmpl,Enable,7.996,ON,OFF,OFF,OFF,ON
4919,ON,Avail,Compl,Enable,Compl,CL,CL,Compl,Unable,Not Avl,Compl,Compl,Enable,OFF,0,16,9,ON,13.750,15,0.106,2373,18,21
4920,-3,OFF,0,4.688,5.840,OFF,0,0,71,Avail,Compl,Enable,0,GRN2#  ,2011,ON,0,ACTIVE,ACTIVE,0.957,0.942,0.175,0.330,47.660
4921,47.984,Avail,Compl,Avail,Incmpl,Incmpl,Enable,OBD II (California ARB),OFF,OFF,44.843,0.006,OFF,0,OFF,1st,OFF,OFF,OFF,OFF,OFF,OFF,0.781,0.781
4922,ON,OFF,1000,0,OFF,OFF,OFF,ON,Gasoline,0.975,OFF,OFF,0.684,ON,0.391,16.078,6,0,0.801,0.801,2.383,0.801,0.918,2.031
4923,47.843,0,16.078,17,0.016,0.059,OFF,ECT 5th,NA,OFF,97.812,97.944,13.725,0,Not Avl,0,0,0,0,ON,ON,0,0,1
4924,0,14.178,Not Avl,Compl,Compl,Unable,ON,Not Avl,Compl,Compl,Unable,OFF,38.281,38.281,31.875,31.875,19.531,39.551,15.686,31.765,0.781,1.582,ON,0
4925,OFF,ON,ON,0.995,0.999,-0.043,-0.012,3.225,3.274,0,97,51199.219,13.886,23.529,OFF,OFF,OFF,OFF,OFF,OFF,OFF,OFF,Avail,Incmpl
4926,Incmpl,Enable,Avail,486.400,324.300,486.400,324.300,ON,Avail,Compl,Enable,73,0,0,0,0,0,0,6,A,0,0,Avail,Incmpl
4927,Incmpl,Enable,OFF,OFF,936,1048.250,51199.219,51199.219,51199.219,51199.219,51199.219,51199.219,1GRFE ,49.020,Avail,Incmpl,Incmpl,Enable,7.996,ON,OFF,OFF,OFF,ON
4928,ON,Avail,Compl,Enable,Compl,CL,CL,Compl,Unable,Not Avl,Compl,Compl,Enable,OFF,0,15.500,31,ON,13.750,15,0.106,2370,18,21
4929,-3,OFF,0,4.688,5.840,OFF,0,0,71,Avail,Compl,Enable,0,GRN2#  ,2011,ON,0,ACTIVE,ACTIVE,0.962,0.942,0.175,0.310,47.984
4930,47.660,Avail,Compl,Avail,Incmpl,Incmpl,Enable,OBD II (California ARB),OFF,OFF,44.849,0.006,OFF,0,OFF,1st,OFF,OFF,OFF,OFF,OFF,OFF,0.781,0.781
4931,ON,OFF,1000,0,OFF,OFF,OFF,ON,Gasoline,0.976,OFF,OFF,0.684,ON,0.391,16.078,6,0,0.801,0.801,2.383,0.801,0.918,2.031
4932,47.843,0,16.078,17,0.016,0.059,OFF,ECT 5th,NA,OFF,97.812,97.878,14.118,0,Not Avl,0,0,0,0,ON,ON,0,0,1
4933,0,14.178,Not Avl,Compl,Compl,Unable,ON,Not Avl,Compl,Compl,Unable,OFF,38.281,38.281,31.875,31.875,19.531,39.551,15.686,31.765,0.781,1.582,ON,0
4934,OFF,ON,ON,1.004,1.001,-0.016,-0.008,3.269,3.283,0,97,51199.219,13.886,23.529,OFF,OFF,OFF,OFF,OFF,OFF,OFF,OFF,Avail,Incmpl
4935,Incmpl,Enable,Avail,486.400,324.300,486.400,324.300,ON,Avail,Compl,Enable,73,0,0,0,0,0,0,6,A,0,0,Avail,Incmpl
4936,Incmpl,Enable,OFF,OFF,936,1054.500,51199.219,51199.219,51199.219,51199.219,51199.219,51199.219,1GRFE ,49.412,Avail,Incmpl,Incmpl,Enable,7.996,ON,OFF,OFF,OFF,ON
4937,ON,Avail,Compl,Enable,Compl,CL,CL,Compl,Unable,Not Avl,Compl,Compl,Enable,OFF,0,15.500,51,ON,13.750,15,0.106,2370,18,21
4938,-3,OFF,0,4.688,5.840,OFF,0,0,71,Avail,Compl,Enable,0,GRN2#  ,2011,ON,0,ACTIVE,ACTIVE,0.962,0.942,0.175,0.310,47.984
4939,47.336,Avail,Compl,Avail,Incmpl,Incmpl,Enable,OBD II (California ARB),OFF,OFF,44.965,0.006,OFF,0,OFF,1st,OFF,OFF,OFF,OFF,OFF,OFF,1.562,0.781
4940,ON,OFF,1000,0,OFF,OFF,OFF,ON,Gasoline,0.974,OFF,OFF,0.684,ON,0.391,16.078,6,0,0.801,0.801,2.383,0.801,0.918,2.031
4941,47.843,0,16.078,17,0.016,0.059,OFF,ECT 5th,NA,OFF,97.790,97.724,13.725,0,Not Avl,0,0,0,0,ON,ON,0,0,1
4942,0,14.178,Not Avl,Compl,Compl,Unable,ON,Not Avl,Compl,Compl,Unable,OFF,38.281,38.281,31.875,31.875,19.531,39.551,15.686,31.765,0.781,1.582,ON,0
4943,OFF,ON,ON,0.995,1.003,-0.047,0,3.220,3.293,0,97,51199.219,13.867,23.529,OFF,OFF,OFF,OFF,OFF,OFF,OFF,OFF,Avail,Incmpl
4944,Incmpl,Enable,Avail,486.400,324.300,486.400,324.300,ON,Avail,Compl,Enable,73,0,0,0,0,0,0,6,A,0,0,Avail,Incmpl
4945,Incmpl,Enable,OFF,OFF,937,1048.250,51199.219,51199.219,51199.219,51199.219,51199.219,51199.219,1GRFE ,49.020,Avail,Incmpl,Incmpl,Enable,7.996,ON,OFF,OFF,OFF,ON
4946,ON,Avail,Compl,Enable,Compl,CL,CL,Compl,Unable,Not Avl,Compl,Compl,Enable,OFF,0,16,77,ON,13.750,15,0.106,2363,18,21
4947,-3,OFF,0,4.688,5.840,OFF,0,0,73,Avail,Compl,Enable,0,GRN2#  ,2011,ON,0,ACTIVE,ACTIVE,0.957,0.942,0.175,0.270,47.984
4948,47.660,Avail,Compl,Avail,Incmpl,Incmpl,Enable,OBD II (California ARB),OFF,OFF,44.733,0.006,OFF,0,OFF,1st,OFF,OFF,OFF,OFF,OFF,OFF,0.781,0.781
4949,ON,OFF,1000,0,OFF,OFF,OFF,ON,Gasoline,0.976,OFF,OFF,0.684,ON,0.391,16.078,6,0,0.801,0.801,2.383,0.801,0.918,2.031
4950,47.843,0,16.078,17,0.016,0.059,OFF,ECT 5th,NA,OFF,97.812,97.900,14.118,0,Not Avl,0,0,0,0,ON,ON,0,0,1
4951,0,14.178,Not Avl,Compl,Compl,Unable,ON,Not Avl,Compl,Compl,Unable,OFF,38.281,38.281,31.875,31.875,19.531,39.551,15.686,31.765,0.781,1.582,ON,0
4952,OFF,ON,ON,1.004,1.002,-0.016,-0.012,3.269,3.274,0,97,51199.219,13.886,23.529,OFF,OFF,OFF,OFF,OFF,OFF,OFF,OFF,Avail,Incmpl
4953,Incmpl,Enable,Avail,486.400,324.300,486.400,324.300,ON,Avail,Compl,Enable,73,0,0,0,0,0,0,6,A,0,0,Avail,Incmpl
4954,Incmpl,Enable,OFF,OFF,937,1036.500,51199.219,51199.219,51199.219,51199.219,51199.219,51199.219,1GRFE ,49.412,Avail,Incmpl,Incmpl,Enable,7.996,ON,OFF,OFF,OFF,ON
4955,ON,Avail,Compl,Enable,Compl,CL,CL,Compl,Unable,Not Avl,Compl,Compl,Enable,OFF,0,15.500,107,ON,13.750,15,0.106,2381,18,21
4956,-3,OFF,0,4.688,5.840,OFF,0,0,73,Avail,Compl,Enable,0,GRN2#  ,2011,ON,0,ACTIVE,ACTIVE,0.962,0.947,0.175,0.210,47.336
4957,47.660,Avail,Compl,Avail,Incmpl,Incmpl,Enable,OBD II (California ARB),OFF,OFF,44.733,0.006,OFF,0,OFF,1st,OFF,OFF,OFF,OFF,OFF,OFF,1.562,1.562
4958,ON,OFF,1000,0,OFF,OFF,OFF,ON,Gasoline,0.974,OFF,OFF,0.684,ON,0.391,16.078,6,0,0.801,0.801,2.383,0.801,0.918,2.031
4959,47.843,0,16.078,17,0.016,0.059,OFF,ECT 5th,NA,OFF,97.812,97.922,14.118,0,Not Avl,0,0,0,0,ON,ON,0,0,1
4960,0,14.178,Not Avl,Compl,Compl,Unable,ON,Not Avl,Compl,Compl,Unable,OFF,38.281,38.281,31.875,31.875,19.531,39.551,15.686,31.765,0.781,1.582,ON,0
4961,OFF,ON,ON,0.999,0.999,-0.031,-0.023,3.244,3.259,0,97,51199.219,13.867,23.529,OFF,OFF,OFF,OFF,OFF,OFF,OFF,OFF,Avail,Incmpl
4962,Incmpl,Enable,Avail,486.400,324.300,486.400,324.300,ON,Avail,Compl,Enable,73,0,0,0,0,0,0,6,A,0,0,Avail,Incmpl
4963,Incmpl,Enable,OFF,OFF,938,1042,51199.219,51199.219,51199.219,51199.219,51199.219,51199.219,1GRFE ,49.020,Avail,Incmpl,Incmpl,Enable,7.996,ON,OFF,OFF,OFF,ON
4964,ON,Avail,Compl,Enable,Compl,CL,CL,Compl,Unable,Not Avl,Compl,Compl,Enable,OFF,0,15.500,128,ON,13.750,15,0.106,2381,18,21
4965,-3,OFF,0,4.688,5.810,OFF,0,0,42,Avail,Compl,Enable,0,GRN2#  ,2011,ON,0,ACTIVE,ACTIVE,0.957,0.942,0.175,0.230,47.984
4966,47.012,Avail,Compl,Avail,Incmpl,Incmpl,Enable,OBD II (California ARB),OFF,OFF,44.965,0.006,OFF,0,OFF,1st,OFF,OFF,OFF,OFF,OFF,OFF,1.562,1.562
4967,ON,OFF,1000,0,OFF,OFF,OFF,ON,Gasoline,0.973,OFF,OFF,0.684,ON,0.391,16.078,6,0,0.801,0.801,2.383,0.801,0.918,2.031
4968,47.843,0,16.078,17,0.016,0.059,OFF,ECT 5th,NA,OFF,97.812,97.790,14.118,0,Not Avl,0,0,0,0,ON,ON,0,0,1
4969,0,14.178,Not Avl,Compl,Compl,Unable,ON,Not Avl,Compl,Compl,Unable,OFF,38.281,38.281,31.875,31.875,19.531,39.551,15.686,31.765,0.781,1.582,ON,0
4970,OFF,ON,ON,1.002,0.999,-0.023,-0.027,3.259,3.254,0,97,51199.219,13.867,23.529,OFF,OFF,OFF,OFF,OFF,OFF,OFF,OFF,Avail,Incmpl
4971,Incmpl,Enable,Avail,486.400,324.300,486.400,324.300,ON,Avail,Compl,Enable,73,0,0,0,0,0,0,6,A,0,0,Avail,Incmpl
4972,Incmpl,Enable,OFF,OFF,938,1042.750,51199.219,51199.219,51199.219,51199.219,51199.219,51199.219,1GRFE ,49.020,Avail,Incmpl,Incmpl,Enable,7.996,ON,OFF,OFF,OFF,ON
4973,ON,Avail,Compl,Enable,Compl,CL,CL,Compl,Unable,Not Avl,Compl,Compl,Enable,OFF,0,15.500,152,ON,13.750,15,0.106,2388,18,21
4974,-3,OFF,0,4.688,5.840,OFF,0,0,42,Avail,Compl,Enable,0,GRN2#  ,2011,ON,0,ACTIVE,ACTIVE,0.957,0.942,0.175,0.230,48.309
4975,47.660,Avail,Compl,Avail,Incmpl,Incmpl,Enable,OBD II (California ARB),OFF,OFF,44.849,0.006,OFF,0,OFF,1st,OFF,OFF,OFF,OFF,OFF,OFF,1.562,1.562
4976,ON,OFF,1000,0,OFF,OFF,OFF,ON,Gasoline,0.971,OFF,OFF,0.684,ON,0.391,16.078,6,0,0.801,0.801,2.383,0.801,0.918,2.031
4977,47.843,0,16.078,17,0.016,0.059,OFF,ECT 5th,NA,OFF,97.790,97.834,14.118,0,Not Avl,0,0,0,0,ON,ON,0,0,1
4978,0,14.177,Not Avl,Compl,Compl,Unable,ON,Not Avl,Compl,Compl,Unable,OFF,38.281,38.281,31.875,31.875,19.531,39.551,15.686,31.765,0.781,1.582,ON,0
4979,OFF,ON,ON,0.996,1.000,-0.043,-0.020,3.225,3.264,0,97,51199.219,13.886,23.529,OFF,OFF,OFF,OFF,OFF,OFF,OFF,OFF,Avail,Incmpl
4980,Incmpl,Enable,Avail,486.400,324.300,486.400,324.300,ON,Avail,Compl,Enable,73,0,0,0,0,0,0,6,A,0,0,Avail,Incmpl
4981,Incmpl,Enable,OFF,OFF,938,1046.750,51199.219,51199.219,51199.219,51199.219,51199.219,51199.219,1GRFE ,49.020,Avail,Incmpl,Incmpl,Enable,7.996,ON,OFF,OFF,OFF,ON
4982,ON,Avail,Compl,Enable,Compl,CL,CL,Compl,Unable,Not Avl,Compl,Compl,Enable,OFF,0,16,177,ON,13.750,15,0.106,2377,18,21
4983,-3,OFF,0,4.688,5.790,OFF,0,0,63,Avail,Compl,Enable,0,GRN2#  ,2011,ON,0,ACTIVE,ACTIVE,0.957,0.942,0.175,0.230,47.984
4984,47.336,Avail,Compl,Avail,Incmpl,Incmpl,Enable,OBD II (California ARB),OFF,OFF,44.849,0.006,OFF,0,OFF,1st,OFF,OFF,OFF,OFF,OFF,OFF,1.562,1.562
4985,ON,OFF,1000,0,OFF,OFF,OFF,ON,Gasoline,0.971,OFF,OFF,0.684,ON,0.391,16.078,7,0,0.801,0.801,2.383,0.801,0.918,2.031
4986,47.843,0,16.078,17,0.016,0.062,OFF,ECT 5th,NA,OFF,97.790,97.746,13.725,0,Not Avl,0,0,0,0,ON,ON,0,0,1
4987,0,14.178,Not Avl,Compl,Compl,Unable,ON,Not Avl,Compl,Compl,Unable,OFF,38.281,38.281,31.875,31.875,19.531,39.551,15.686,31.765,0.781,1.582,ON,0
4988,OFF,ON,ON,1.000,0.998,-0.027,-0.027,3.249,3.254,0,97,51199.219,13.886,23.529,OFF,OFF,OFF,OFF,OFF,OFF,OFF,OFF,Avail,Incmpl
4989,Incmpl,Enable,Avail,486.400,324.300,486.400,324.300,ON,Avail,Compl,Enable,73,0,0,0,0,0,0,6,A,0,0,Avail,Incmpl
4990,Incmpl,Enable,OFF,OFF,939,1055.250,51199.219,51199.219,51199.219,51199.219,51199.219,51199.219,1GRFE ,49.412,Avail,Incmpl,Incmpl,Enable,7.996,ON,OFF,OFF,OFF,ON
4991,ON,Avail,Compl,Enable,Compl,CL,CL,Compl,Unable,Not Avl,Compl,Compl,Enable,OFF,0,15.500,201,ON,13.750,15,0.107,2370,18,21
4992,-3,OFF,0,4.688,5.840,OFF,0,0,63,Avail,Compl,Enable,0,GRN2#  ,2011,ON,0,ACTIVE,ACTIVE,0.962,0.942,0.175,0.230,47.660
4993,46.688,Avail,Compl,Avail,Incmpl,Incmpl,Enable,OBD II (California ARB),OFF,OFF,44.843,0.006,OFF,0,OFF,1st,OFF,OFF,OFF,OFF,OFF,OFF,1.562,1.562
4994,ON,OFF,1000,0,OFF,OFF,OFF,ON,Gasoline,0.970,OFF,OFF,0.684,ON,0.391,16.078,6,0,0.801,0.801,2.383,0.801,0.918,2.031
4995,47.843,0,16.078,17,0.016,0.062,OFF,ECT 5th,NA,OFF,97.812,97.878,13.725,0,Not Avl,0,0,0,0,ON,ON,0,0,1
4996,0,14.178,Not Avl,Compl,Compl,Unable,ON,Not Avl,Compl,Compl,Unable,OFF,38.281,38.281,31.875,31.875,19.531,39.551,15.686,31.765,0.781,1.582,ON,0
4997,OFF,ON,ON,0.992,1.001,-0.059,-0.016,3.200,3.269,0,97,51199.219,13.867,23.529,OFF,OFF,OFF,OFF,OFF,OFF,OFF,OFF,Avail,Incmpl
4998,Incmpl,Enable,Avail,486.400,324.300,486.400,324.300,ON,Avail,Compl,Enable,73,0,0,0,0,0,0,6,A,0,0,Avail,Incmpl
4999,Incmpl,Enable,OFF,OFF,939,1049,51199.219,51199.219,51199.219,51199.219,51199.219,51199.219,1GRFE ,49.412,Avail,Incmpl,Incmpl,Enable,7.996,ON,OFF,OFF,OFF,ON
5000,ON,Avail,Compl,Enable,Compl,CL,CL,Compl,Unable,Not Avl,Compl,Compl,Enable,OFF,0,16,227,ON,13.750,15,0.107,2363,18,21
5001,-3,OFF,0,4.688,5.810,OFF,0,0,63,Avail,Compl,Enable,0,GRN2#  ,2011,ON,0,ACTIVE,ACTIVE,0.962,0.942,0.175,0.230,47.660
5002,47.660,Avail,Compl,Avail,Incmpl,Incmpl,Enable,OBD II (California ARB),OFF,OFF,45.087,0.006,OFF,0,OFF,1st,OFF,OFF,OFF,OFF,OFF,OFF,0.781,1.562
5003,ON,OFF,1000,0,OFF,OFF,OFF,ON,Gasoline,0.971,OFF,OFF,0.684,ON,0.391,16.078,6,0,0.801,0.801,2.383,0.801,0.918,2.031
5004,47.843,0,16.078,17,0.016,0.062,OFF,ECT 5th,NA,OFF,97.790,97.768,13.725,0,Not Avl,0,0,0,0,ON,ON,0,0,1
5005,0,14.169,Not Avl,Compl,Compl,Unable,ON,Not Avl,Compl,Compl,Unable,OFF,38.281,38.281,31.875,31.875,19.531,39.551,15.686,31.765,0.781,1.582,ON,0
5006,OFF,ON,ON,0.998,0.998,-0.035,-0.027,3.239,3.254,0,97,51199.219,13.867,23.529,OFF,OFF,OFF,OFF,OFF,OFF,OFF,OFF,Avail,Incmpl
5007,Incmpl,Enable,Avail,486.400,324.300,486.400,324.300,ON,Avail,Compl,Enable,73,0,0,0,0,0,0,6,A,0,0,Avail,Incmpl
5008,Incmpl,Enable,OFF,OFF,940,1042.750,51199.219,51199.219,51199.219,51199.219,51199.219,51199.219,1GRFE ,49.412,Avail,Incmpl,Incmpl,Enable,7.996,ON,OFF,OFF,OFF,ON
5009,ON,Avail,Compl,Enable,Compl,CL,CL,Compl,Unable,Not Avl,Compl,Compl,Enable,OFF,0,15.500,251,ON,13.750,15,0.106,2388,18,21
5010,-3,OFF,0,4.688,5.840,OFF,0,0,36,Avail,Compl,Enable,0,GRN2#  ,2011,ON,0,ACTIVE,ACTIVE,0.957,0.942,0.175,0.230,47.984
5011,47.336,Avail,Compl,Avail,Incmpl,Incmpl,Enable,OBD II (California ARB),OFF,OFF,44.849,0.006,OFF,0,OFF,1st,OFF,OFF,OFF,OFF,OFF,OFF,0.781,1.562
5012,ON,OFF,1000,0,OFF,OFF,OFF,ON,Gasoline,0.973,OFF,OFF,0.684,ON,0.391,16.078,6,0,0.801,0.801,2.383,0.801,0.918,2.031
5013,47.843,0,16.078,17,0.016,0.062,OFF,ECT 5th,NA,OFF,97.812,97.834,14.118,0,Not Avl,0,0,0,0,ON,ON,0,0,1
5014,0,14.166,Not Avl,Compl,Compl,Unable,ON,Not Avl,Compl,Compl,Unable,OFF,38.281,38.281,31.875,31.875,19.531,39.551,15.686,31.765,0.781,1.582,ON,0
5015,OFF,ON,ON,0.996,0.997,-0.043,-0.031,3.225,3.244,0,97,51199.219,13.867,23.529,OFF,OFF,OFF,OFF,OFF,OFF,OFF,OFF,Avail,Incmpl
5016,Incmpl,Enable,Avail,486.400,324.300,486.400,324.300,ON,Avail,Compl,Enable,73,0,0,0,0,0,0,6,A,0,0,Avail,Incmpl
5017,Incmpl,Enable,OFF,OFF,940,1047.500,51199.219,51199.219,51199.219,51199.219,51199.219,51199.219,1GRFE ,49.020,Avail,Incmpl,Incmpl,Enable,7.996,ON,OFF,OFF,OFF,ON
5018,ON,Avail,Compl,Enable,Compl,CL,CL,Compl,Unable,Not Avl,Compl,Compl,Enable,OFF,0,15.500,273,ON,13.750,15,0.106,2377,18,21
5019,-3,OFF,0,4.688,5.840,OFF,0,0,36,Avail,Compl,Enable,0,GRN2#  ,2011,ON,0,ACTIVE,ACTIVE,0.957,0.942,0.175,0.230,47.984
5020,47.336,Avail,Compl,Avail,Incmpl,Incmpl,Enable,OBD II (California ARB),OFF,OFF,44.849,0.006,OFF,0,OFF,1st,OFF,OFF,OFF,OFF,OFF,OFF,0.781,1.562
5021,ON,OFF,1000,0,OFF,OFF,OFF,ON,Gasoline,0.973,OFF,OFF,0.684,ON,0.391,16.078,6,0,0.801,0.801,2.383,0.801,0.918,2.031
5022,47.843,0,16.078,17,0.016,0.062,OFF,ECT 5th,NA,OFF,97.790,97.812,14.118,0,Not Avl,0,0,0,0,ON,ON,0,0,1
5023,0,14.166,Not Avl,Compl,Compl,Unable,ON,Not Avl,Compl,Compl,Unable,OFF,38.281,38.281,31.875,31.875,19.531,39.551,15.686,31.765,0.781,1.582,ON,0
5024,OFF,ON,ON,0.999,0.998,-0.035,-0.027,3.239,3.254,0,97,51199.219,13.867,23.529,OFF,OFF,OFF,OFF,OFF,OFF,OFF,OFF,Avail,Incmpl
5025,Incmpl,Enable,Avail,486.400,324.300,486.400,324.300,ON,Avail,Compl,Enable,73,0,0,0,0,0,0,6,A,0,0,Avail,Incmpl
5026,Incmpl,Enable,OFF,OFF,941,1050.750,51199.219,51199.219,51199.219,51199.219,51199.219,51199.219,1GRFE ,49.412,Avail,Incmpl,Incmpl,Enable,7.996,ON,OFF,OFF,OFF,ON
5027,ON,Avail,Compl,Enable,Compl,CL,CL,Compl,Unable,Not Avl,Compl,Compl,Enable,OFF,0,15.500,292,ON,13.750,15,0.106,2367,18,21
5028,-3,OFF,0,4.688,5.840,OFF,0,0,57,Avail,Compl,Enable,0,GRN2#  ,2011,ON,0,ACTIVE,ACTIVE,0.957,0.942,0.175,0.230,47.660
5029,46.688,Avail,Compl,Avail,Incmpl,Incmpl,Enable,OBD II (California ARB),OFF,OFF,44.965,0.006,OFF,0,OFF,1st,OFF,OFF,OFF,OFF,OFF,OFF,1.562,1.562
5030,ON,OFF,1000,0,OFF,OFF,OFF,ON,Gasoline,0.973,OFF,OFF,0.684,ON,0.391,16.078,6,0,0.801,0.801,2.383,0.801,0.918,2.031
5031,47.843,0,16.078,17,0.016,0.062,OFF,ECT 5th,NA,OFF,97.768,97.680,13.725,0,Not Avl,0,0,0,0,ON,ON,0,0,1
5032,0,14.177,Not Avl,Compl,Compl,Unable,ON,Not Avl,Compl,Compl,Unable,OFF,38.281,38.281,31.875,31.875,19.531,39.551,15.686,31.765,0.781,1.582,ON,0
5033,OFF,ON,ON,1.003,0.999,-0.027,-0.023,3.254,3.259,0,97,51199.219,13.886,23.529,OFF,OFF,OFF,OFF,OFF,OFF,OFF,OFF,Avail,Incmpl
5034,Incmpl,Enable,Avail,486.400,324.300,486.400,324.300,ON,Avail,Compl,Enable,73,0,0,0,0,0,0,6,A,0,0,Avail,Incmpl
5035,Incmpl,Enable,OFF,OFF,941,1051.500,51199.219,51199.219,51199.219,51199.219,51199.219,51199.219,1GRFE ,49.020,Avail,Incmpl,Incmpl,Enable,7.996,ON,OFF,OFF,OFF,ON
5036,ON,Avail,Compl,Enable,Compl,CL,CL,Compl,Unable,Not Avl,Compl,Compl,Enable,OFF,0,16,312,ON,13.750,15,0.106,2370,18,21
5037,-3,OFF,0,4.688,5.840,OFF,0,0,57,Avail,Compl,Enable,0,GRN2#  ,2011,ON,0,ACTIVE,ACTIVE,0.957,0.942,0.175,0.210,47.984
5038,47.660,Avail,Compl,Avail,Incmpl,Incmpl,Enable,OBD II (California ARB),OFF,OFF,44.849,0.006,OFF,0,OFF,1st,OFF,OFF,OFF,OFF,OFF,OFF,1.562,1.562
5039,ON,OFF,1000,0,OFF,OFF,OFF,ON,Gasoline,0.971,OFF,OFF,0.684,ON,0.391,16.078,6,0,0.801,0.801,2.383,0.801,0.918,2.031
5040,47.843,0,16.078,17,0.016,0.062,OFF,ECT 5th,NA,OFF,97.790,97.768,13.725,0,Not Avl,0,0,0,0,ON,ON,0,0,1
5041,0,14.178,Not Avl,Compl,Compl,Unable,ON,Not Avl,Compl,Compl,Unable,OFF,38.281,38.281,31.875,31.875,19.531,39.551,15.686,31.765,0.781,1.582,ON,0
5042,OFF,ON,ON,0.997,1.001,-0.039,-0.016,3.235,3.269,0,97,51199.219,13.886,23.529,OFF,OFF,OFF,OFF,OFF,OFF,OFF,OFF,Avail,Incmpl
5043,Incmpl,Enable,Avail,486.400,324.300,486.400,324.300,ON,Avail,Compl,Enable,73,0,0,0,0,0,0,6,A,0,0,Avail,Incmpl
5044,Incmpl,Enable,OFF,OFF,941,1060,51199.219,51199.219,51199.219,51199.219,51199.219,51199.219,1GRFE ,49.020,Avail,Incmpl,Incmpl,Enable,7.996,ON,OFF,OFF,OFF,ON
5045,ON,Avail,Compl,Enable,Compl,CL,CL,Compl,Unable,Not Avl,Compl,Compl,Enable,OFF,0,16,333,ON,13.750,15,0.106,2337,18,21
5046,-3,OFF,0,4.688,5.840,OFF,0,0,57,Avail,Compl,Enable,0,GRN2#  ,2011,ON,0,ACTIVE,ACTIVE,0.957,0.942,0.175,0.210,48.633
5047,47.012,Avail,Compl,Avail,Incmpl,Incmpl,Enable,OBD II (California ARB),OFF,OFF,44.965,0.006,OFF,0,OFF,1st,OFF,OFF,OFF,OFF,OFF,OFF,1.562,1.562
5048,ON,OFF,1000,0,OFF,OFF,OFF,ON,Gasoline,0.971,OFF,OFF,0.684,ON,0.391,16.078,6,0,0.801,0.801,2.383,0.801,0.918,2.031
5049,47.843,0,16.078,17,0.016,0.062,OFF,ECT 5th,NA,OFF,97.812,97.900,13.725,0,Not Avl,0,0,0,0,ON,ON,0,0,1
5050,0,14.178,Not Avl,Compl,Compl,Unable,ON,Not Avl,Compl,Compl,Unable,OFF,38.281,38.281,31.875,31.875,19.531,39.551,15.686,31.765,0.781,1.582,ON,0
5051,OFF,ON,ON,1.002,1.002,-0.027,-0.012,3.249,3.274,0,97,51199.219,13.867,23.529,OFF,OFF,OFF,OFF,OFF,OFF,OFF,OFF,Avail,Incmpl
5052,Incmpl,Enable,Avail,486.400,324.300,486.400,324.300,ON,Avail,Compl,Enable,73,0,0,0,0,0,0,6,A,0,0,Avail,Incmpl
5053,Incmpl,Enable,OFF,OFF,942,1060,51199.219,51199.219,51199.219,51199.219,51199.219,51199.219,1GRFE ,49.020,Avail,Incmpl,Incmpl,Enable,7.996,ON,OFF,OFF,OFF,ON
5054,ON,Avail,Compl,Enable,Compl,CL,CL,Compl,Unable,Not Avl,Compl,Compl,Enable,OFF,0,16,357,ON,13.750,15,0.106,2363,18,21
5055,-3,OFF,0,4.688,5.820,OFF,0,0,56,Avail,Compl,Enable,0,GRN2#  ,2011,ON,0,ACTIVE,ACTIVE,0.962,0.942,0.175,0.210,47.660
5056,47.012,Avail,Compl,Avail,Incmpl,Incmpl,Enable,OBD II (California ARB),OFF,OFF,44.965,0.006,OFF,0,OFF,1st,OFF,OFF,OFF,OFF,OFF,OFF,1.562,1.562
5057,ON,OFF,1000,0,OFF,OFF,OFF,ON,Gasoline,0.969,OFF,OFF,0.684,ON,0.391,16.078,6,0,0.801,0.801,2.383,0.801,0.918,2.031
5058,47.843,0,16.078,17,0.016,0.062,OFF,ECT 5th,NA,OFF,97.790,97.702,13.725,0,Not Avl,0,0,0,0,ON,ON,0,0,1
5059,0,14.160,Not Avl,Compl,Compl,Unable,ON,Not Avl,Compl,Compl,Unable,OFF,38.281,38.281,31.875,31.875,19.531,39.551,15.686,31.765,0.781,1.582,ON,0
5060,OFF,ON,ON,0.994,1.001,-0.051,-0.020,3.215,3.264,0,97,51199.219,13.886,23.529,OFF,OFF,OFF,OFF,OFF,OFF,OFF,OFF,Avail,Incmpl
5061,Incmpl,Enable,Avail,486.400,324.300,486.400,324.300,ON,Avail,Compl,Enable,73,0,0,0,0,0,0,6,A,0,0,Avail,Incmpl
5062,Incmpl,Enable,OFF,OFF,942,1051.500,51199.219,51199.219,51199.219,51199.219,51199.219,51199.219,1GRFE ,49.020,Avail,Incmpl,Incmpl,Enable,7.996,ON,OFF,OFF,OFF,ON
5063,ON,Avail,Compl,Enable,Compl,CL,CL,Compl,Unable,Not Avl,Compl,Compl,Enable,OFF,0,16,379,ON,13.750,15,0.105,2367,18,21
5064,-3,OFF,0,4.688,5.840,OFF,0,0,56,Avail,Compl,Enable,0,GRN2#  ,2011,ON,0,ACTIVE,ACTIVE,0.962,0.942,0.175,0.210,47.660
5065,47.012,Avail,Compl,Avail,Incmpl,Incmpl,Enable,OBD II (California ARB),OFF,OFF,44.965,0.006,OFF,0,OFF,1st,OFF,OFF,OFF,OFF,OFF,OFF,1.562,2.344
5066,ON,OFF,1000,0,OFF,OFF,OFF,ON,Gasoline,0.969,OFF,OFF,0.684,ON,0.391,16.078,7,0,0.801,0.801,2.383,0.801,0.918,2.031
5067,47.843,0,16.078,17,0.016,0.062,OFF,ECT 5th,NA,OFF,97.768,97.680,13.725,0,Not Avl,0,0,0,0,ON,ON,0,0,1
5068,0,14.171,Not Avl,Compl,Compl,Unable,ON,Not Avl,Compl,Compl,Unable,OFF,38.281,38.281,31.875,31.875,19.531,39.551,15.686,31.765,0.781,1.582,ON,0
5069,OFF,ON,ON,1.000,0.997,-0.027,-0.035,3.249,3.239,0,97,51199.219,13.867,23.529,OFF,OFF,OFF,OFF,OFF,OFF,OFF,OFF,Avail,Incmpl
5070,Incmpl,Enable,Avail,486.400,324.300,486.400,324.300,ON,Avail,Compl,Enable,73,0,0,0,0,0,0,6,A,0,0,Avail,Incmpl
5071,Incmpl,Enable,OFF,OFF,943,1046.750,51199.219,51199.219,51199.219,51199.219,51199.219,51199.219,1GRFE ,49.412,Avail,Incmpl,Incmpl,Enable,7.996,ON,OFF,OFF,OFF,ON
5072,ON,Avail,Compl,Enable,Compl,CL,CL,Compl,Unable,Not Avl,Compl,Compl,Enable,OFF,0,16,398,ON,13.750,15,0.105,2374,18,21
5073,-3,OFF,0,4.688,5.840,OFF,0,0,56,Avail,Compl,Enable,0,GRN2#  ,2011,ON,0,ACTIVE,ACTIVE,0.957,0.942,0.175,0.210,47.660
5074,47.012,Avail,Compl,Avail,Incmpl,Incmpl,Enable,OBD II (California ARB),OFF,OFF,44.849,0.006,OFF,0,OFF,1st,OFF,OFF,OFF,OFF,OFF,OFF,1.562,1.562
5075,ON,OFF,1000,0,OFF,OFF,OFF,ON,Gasoline,0.970,OFF,OFF,0.684,ON,0.391,16.078,7,0,0.801,0.801,2.383,0.801,0.918,2.031
5076,47.843,0,16.078,17,0.016,0.066,OFF,ECT 5th,NA,OFF,97.790,97.768,14.118,0,Not Avl,0,0,0,0,ON,ON,0,0,1
5077,0,14.160,Not Avl,Compl,Compl,Unable,ON,Not Avl,Compl,Compl,Unable,OFF,38.281,38.281,31.875,31.875,19.531,39.551,15.686,31.765,0.781,1.582,ON,0
5078,OFF,ON,ON,1.002,0.998,-0.027,-0.027,3.254,3.254,0,97,51199.219,13.886,23.529,OFF,OFF,OFF,OFF,OFF,OFF,OFF,OFF,Avail,Incmpl
5079,Incmpl,Enable,Avail,486.400,324.300,486.400,324.300,ON,Avail,Compl,Enable,73,0,0,0,0,0,0,6,A,0,0,Avail,Incmpl
5080,Incmpl,Enable,OFF,OFF,943,1053,51199.219,51199.219,51199.219,51199.219,51199.219,51199.219,1GRFE ,49.020,Avail,Incmpl,Incmpl,Enable,7.996,ON,OFF,OFF,OFF,ON
5081,ON,Avail,Compl,Enable,Compl,CL,CL,Compl,Unable,Not Avl,Compl,Compl,Enable,OFF,0,16,422,ON,13.750,15,0.105,2366,18,21
5082,-3,OFF,0,4.688,5.840,OFF,0,0,56,Avail,Compl,Enable,0,GRN2#  ,2011,ON,0,ACTIVE,ACTIVE,0.962,0.942,0.175,0.210,47.336
5083,47.012,Avail,Compl,Avail,Incmpl,Incmpl,Enable,OBD II (California ARB),OFF,OFF,44.733,0.006,OFF,0,OFF,1st,OFF,OFF,OFF,OFF,OFF,OFF,1.562,1.562
5084,ON,OFF,1000,0,OFF,OFF,OFF,ON,Gasoline,0.968,OFF,OFF,0.684,ON,0.391,16.078,6,0,0.801,0.801,2.383,0.801,0.918,2.031
5085,47.843,0,16.078,17,0.016,0.066,OFF,ECT 5th,NA,OFF,97.812,97.834,13.725,0,Not Avl,0,0,0,0,ON,ON,0,0,1
5086,0,14.178,Not Avl,Compl,Compl,Unable,ON,Not Avl,Compl,Compl,Unable,OFF,38.281,38.281,31.875,31.875,19.531,39.551,15.686,31.765,0.781,1.582,ON,0
5087,OFF,ON,ON,0.996,0.997,-0.039,-0.031,3.230,3.244,0,97,51199.219,13.867,23.529,OFF,OFF,OFF,OFF,OFF,OFF,OFF,OFF,Avail,Incmpl
5088,Incmpl,Enable,Avail,486.400,324.300,486.400,324.300,ON,Avail,Compl,Enable,73,0,0,0,0,0,0,6,A,0,0,Avail,Incmpl
5089,Incmpl,Enable,OFF,OFF,943,1052.250,51199.219,51199.219,51199.219,51199.219,51199.219,51199.219,1GRFE ,49.412,Avail,Incmpl,Incmpl,Enable,7.996,ON,OFF,OFF,OFF,ON
5090,ON,Avail,Compl,Enable,Compl,CL,CL,Compl,Unable,Not Avl,Compl,Compl,Enable,OFF,0,15.500,447,ON,13.750,15,0.106,2367,18,21
5091,-3,OFF,0,4.688,5.840,OFF,0,0,56,Avail,Compl,Enable,0,GRN2#  ,2011,ON,0,ACTIVE,ACTIVE,0.957,0.942,0.175,0.210,47.660
5092,47.012,Avail,Compl,Avail,Incmpl,Incmpl,Enable,OBD II (California ARB),OFF,OFF,45.087,0.006,OFF,0,OFF,1st,OFF,OFF,OFF,OFF,OFF,OFF,1.562,1.562
5093,ON,OFF,1000,0,OFF,OFF,OFF,ON,Gasoline,0.969,OFF,OFF,0.684,ON,0.391,16.078,7,0,0.801,0.801,2.383,0.801,0.918,2.031
5094,47.843,0,16.078,17,0.016,0.066,OFF,ECT 5th,NA,OFF,97.790,97.790,13.725,0,Not Avl,0,0,0,0,ON,ON,0,0,1
5095,0,14.178,Not Avl,Compl,Compl,Unable,ON,Not Avl,Compl,Compl,Unable,OFF,38.281,38.281,31.875,31.875,19.531,39.551,15.686,31.765,0.781,1.582,ON,0
5096,OFF,ON,ON,1.003,0.998,-0.023,-0.027,3.259,3.249,0,97,51199.219,13.867,23.529,OFF,OFF,OFF,OFF,OFF,OFF,OFF,OFF,Avail,Incmpl
5097,Incmpl,Enable,Avail,486.400,324.300,486.400,324.300,ON,Avail,Compl,Enable,73,0,0,0,0,0,0,6,A,0,0,Avail,Incmpl
5098,Incmpl,Enable,OFF,OFF,944,1058.500,51199.219,51199.219,51199.219,51199.219,51199.219,51199.219,1GRFE ,49.412,Avail,Incmpl,Incmpl,Enable,7.996,ON,OFF,OFF,OFF,ON
5099,ON,Avail,Compl,Enable,Compl,CL,CL,Compl,Unable,Not Avl,Compl,Compl,Enable,OFF,0,16,469,ON,13.750,15,0.106,2366,18,21
5100,-3,OFF,0,4.688,5.840,OFF,0,0,72,Avail,Compl,Enable,0,GRN2#  ,2011,ON,0,ACTIVE,ACTIVE,0.957,0.942,0.175,0.195,47.984
5101,46.688,Avail,Compl,Avail,Incmpl,Incmpl,Enable,OBD II (California ARB),OFF,OFF,45.087,0.006,OFF,0,OFF,1st,OFF,OFF,OFF,OFF,OFF,OFF,2.344,1.562
5102,ON,OFF,1000,0,OFF,OFF,OFF,ON,Gasoline,0.966,OFF,OFF,0.684,ON,0.391,16.078,7,0,0.801,0.801,2.383,0.801,0.918,2.031
5103,47.843,0,16.078,17,0.016,0.066,OFF,ECT 5th,NA,OFF,97.812,97.922,13.725,0,Not Avl,0,0,0,0,ON,ON,0,0,1
5104,0,14.161,Not Avl,Compl,Compl,Unable,ON,Not Avl,Compl,Compl,Unable,OFF,38.281,38.281,31.875,31.875,19.531,39.551,15.686,31.765,0.781,1.582,ON,0
5105,OFF,ON,ON,0.997,1.004,-0.039,-0.012,3.230,3.279,0,97,51199.219,13.867,23.529,OFF,OFF,OFF,OFF,OFF,OFF,OFF,OFF,Avail,Incmpl
5106,Incmpl,Enable,Avail,486.400,324.300,486.400,324.300,ON,Avail,Compl,Enable,73,0,0,0,0,0,0,6,A,0,0,Avail,Incmpl
5107,Incmpl,Enable,OFF,OFF,944,1053,51199.219,51199.219,51199.219,51199.219,51199.219,51199.219,1GRFE ,49.020,Avail,Incmpl,Incmpl,Enable,7.996,ON,OFF,OFF,OFF,ON
5108,ON,Avail,Compl,Enable,Compl,CL,CL,Compl,Unable,Not Avl,Compl,Compl,Enable,OFF,0,16,493,ON,13.750,15,0.106,2367,18,21
5109,-3,OFF,0,4.688,5.840,OFF,0,0,72,Avail,Compl,Enable,0,GRN2#  ,2011,ON,0,ACTIVE,ACTIVE,0.957,0.942,0.175,0.195,48.633
5110,47.012,Avail,Compl,Avail,Incmpl,Incmpl,Enable,OBD II (California ARB),OFF,OFF,44.965,0.006,OFF,0,OFF,1st,OFF,OFF,OFF,OFF,OFF,OFF,1.562,1.562
5111,ON,OFF,1000,0,OFF,OFF,OFF,ON,Gasoline,0.966,OFF,OFF,0.684,ON,0.391,16.078,7,0,0.801,0.801,2.383,0.801,0.918,2.031
5112,47.843,0,16.078,17,0.016,0.066,OFF,ECT 5th,NA,OFF,97.790,97.680,13.725,0,Not Avl,0,0,0,0,ON,ON,0,0,1
5113,0,14.160,Not Avl,Compl,Compl,Unable,ON,Not Avl,Compl,Compl,Unable,OFF,38.281,38.281,31.875,31.875,19.531,39.551,15.686,31.765,0.781,1.582,ON,0
5114,OFF,ON,ON,0.999,1.000,-0.031,-0.027,3.244,3.254,0,97,51199.219,13.886,23.529,OFF,OFF,OFF,OFF,OFF,OFF,OFF,OFF,Avail,Incmpl
5115,Incmpl,Enable,Avail,486.400,324.300,486.400,324.300,ON,Avail,Compl,Enable,73,0,0,0,0,0,0,6,A,0,0,Avail,Incmpl
5116,Incmpl,Enable,OFF,OFF,945,1051.500,51199.219,51199.219,51199.219,51199.219,51199.219,51199.219,1GRFE ,49.020,Avail,Incmpl,Incmpl,Enable,7.996,ON,OFF,OFF,OFF,ON
5117,ON,Avail,Compl,Enable,Compl,CL,CL,Compl,Unable,Not Avl,Compl,Compl,Enable,OFF,0,16,520,ON,13.750,15,0.106,2381,18,21
5118,-3,OFF,0,4.688,5.840,OFF,0,0,67,Avail,Compl,Enable,0,GRN2#  ,2011,ON,0,ACTIVE,ACTIVE,0.962,0.942,0.175,0.195,47.336
5119,46.688,Avail,Compl,Avail,Incmpl,Incmpl,Enable,OBD II (California ARB),OFF,OFF,44.965,0.006,OFF,0,OFF,1st,OFF,OFF,OFF,OFF,OFF,OFF,1.562,2.344
5120,ON,OFF,1000,0,OFF,OFF,OFF,ON,Gasoline,0.967,OFF,OFF,0.684,ON,0.391,16.078,7,0,0.801,0.801,2.383,0.801,0.918,2.031
5121,47.843,0,16.078,17,0.016,0.066,OFF,ECT 5th,NA,OFF,97.790,97.746,13.725,0,Not Avl,0,0,0,0,ON,ON,0,0,1
5122,0,14.175,Not Avl,Compl,Compl,Unable,ON,Not Avl,Compl,Compl,Unable,OFF,38.281,35.156,31.875,31.875,19.531,39.551,15.686,31.765,0.781,1.582,ON,0
5123,OFF,ON,ON,0.996,0.997,-0.047,-0.035,3.220,3.239,0,97,51199.219,13.886,23.529,OFF,OFF,OFF,OFF,OFF,OFF,OFF,OFF,Avail,Incmpl
5124,Incmpl,Enable,Avail,486.400,324.300,486.400,324.300,ON,Avail,Compl,Enable,73,0,0,0,0,0,0,6,A,0,0,Avail,Incmpl
5125,Incmpl,Enable,OFF,OFF,945,1061.500,51199.219,51199.219,51199.219,51199.219,51199.219,51199.219,1GRFE ,49.412,Avail,Incmpl,Incmpl,Enable,7.996,ON,OFF,OFF,OFF,ON
5126,ON,Avail,Compl,Enable,Compl,CL,CL,Compl,Unable,Not Avl,Compl,Compl,Enable,OFF,0,15.500,545,ON,13.750,15,0.106,2363,18,21
5127,-3,OFF,0,4.688,5.870,OFF,0,0,67,Avail,Compl,Enable,0,GRN2#  ,2011,ON,0,ACTIVE,ACTIVE,0.957,0.942,0.175,0.195,47.660
5128,46.688,Avail,Compl,Avail,Incmpl,Incmpl,Enable,OBD II (California ARB),OFF,OFF,44.965,0.037,OFF,0,OFF,1st,OFF,OFF,OFF,OFF,OFF,OFF,1.562,1.562
5129,ON,OFF,1000,0,OFF,OFF,OFF,ON,Gasoline,0.970,OFF,OFF,0.684,ON,0.391,16.078,7,0,0.801,0.801,2.383,0.801,0.918,2.031
5130,47.843,0,16.078,17,0.016,0.066,OFF,ECT 5th,NA,OFF,97.812,97.878,13.725,0,Not Avl,0,0,0,0,ON,ON,0,0,1
5131,0,14.170,Not Avl,Compl,Compl,Unable,ON,Not Avl,Compl,Compl,Unable,OFF,38.281,35.938,31.875,31.875,19.531,39.551,15.686,31.765,0.781,1.582,ON,0
5132,OFF,ON,ON,0.999,0.997,-0.039,-0.035,3.235,3.239,0,97,51199.219,13.886,23.529,OFF,OFF,OFF,OFF,OFF,OFF,OFF,OFF,Avail,Incmpl
5133,Incmpl,Enable,Avail,486.400,324.300,486.400,324.300,ON,Avail,Compl,Enable,73,0,0,0,0,0,0,6,A,0,0,Avail,Incmpl
5134,Incmpl,Enable,OFF,OFF,946,1061.500,51199.219,51199.219,51199.219,51199.219,51199.219,51199.219,1GRFE ,49.020,Avail,Incmpl,Incmpl,Enable,7.996,ON,OFF,OFF,OFF,ON
5135,ON,Avail,Compl,Enable,Compl,CL,CL,Compl,Unable,Not Avl,Compl,Compl,Enable,OFF,0,16,564,ON,13.750,15,0.106,2359,18,21
5136,-3,OFF,0,4.688,5.840,OFF,0,0,68,Avail,Compl,Enable,0,GRN2#  ,2011,ON,0,ACTIVE,ACTIVE,0.957,0.942,0.175,0.195,48.633
5137,46.688,Avail,Compl,Avail,Incmpl,Incmpl,Enable,OBD II (California ARB),OFF,OFF,44.965,0.037,OFF,0,OFF,1st,OFF,OFF,OFF,OFF,OFF,OFF,1.562,1.562
5138,ON,OFF,1000,0,OFF,OFF,OFF,ON,Gasoline,0.971,OFF,OFF,0.684,ON,0.391,16.078,8,0,0.801,0.801,2.383,0.801,0.918,2.031
5139,47.843,0,16.078,17,0.016,0.066,OFF,ECT 5th,NA,OFF,97.812,97.944,13.725,0,Not Avl,0,0,0,0,ON,ON,0,0,1
5140,0,14.169,Not Avl,Compl,Compl,Unable,ON,Not Avl,Compl,Compl,Unable,OFF,38.281,35.938,31.875,31.875,19.531,39.551,15.686,31.765,0.781,1.582,ON,0
5141,OFF,ON,ON,1.002,1.001,-0.027,-0.023,3.249,3.259,0,97,51199.219,13.867,23.529,OFF,OFF,OFF,OFF,OFF,OFF,OFF,OFF,Avail,Incmpl
5142,Incmpl,Enable,Avail,486.400,324.300,486.400,324.300,ON,Avail,Compl,Enable,73,0,0,0,0,0,0,6,A,0,0,Avail,Incmpl
5143,Incmpl,Enable,OFF,OFF,946,1052.250,51199.219,51199.219,51199.219,51199.219,51199.219,51199.219,1GRFE ,49.412,Avail,Incmpl,Incmpl,Enable,7.996,ON,OFF,OFF,OFF,ON
5144,ON,Avail,Compl,Enable,Compl,CL,CL,Compl,Unable,Not Avl,Compl,Compl,Enable,OFF,0,16,587,ON,13.750,15,0.106,2377,18,21
5145,-3,OFF,0,4.688,5.870,OFF,0,0,68,Avail,Compl,Enable,0,GRN2#  ,2011,ON,0,ACTIVE,ACTIVE,0.957,0.942,0.175,0.175,47.660
5146,46.363,Avail,Compl,Avail,Incmpl,Incmpl,Enable,OBD II (California ARB),OFF,OFF,44.965,0.037,OFF,0,OFF,1st,OFF,OFF,OFF,OFF,OFF,OFF,1.562,1.562
5147,ON,OFF,1000,0,OFF,OFF,OFF,ON,Gasoline,0.968,OFF,OFF,0.684,ON,0.391,16.078,6,0,0.801,0.801,2.383,0.801,0.918,2.031
5148,47.843,0,16.078,17,0.016,0.066,OFF,ECT 5th,NA,OFF,97.790,97.680,14.118,0,Not Avl,0,0,0,0,ON,ON,0,0,1
5149,0,14.178,Not Avl,Compl,Compl,Unable,ON,Not Avl,Compl,Compl,Unable,OFF,38.281,35.938,31.875,31.875,19.531,39.551,15.686,31.765,0.781,1.582,ON,0
5150,OFF,ON,ON,0.998,0.997,-0.043,-0.035,3.225,3.239,0,97,51199.219,13.886,23.529,OFF,OFF,OFF,OFF,OFF,OFF,OFF,OFF,Avail,Incmpl
5151,Incmpl,Enable,Avail,486.400,324.300,486.400,324.300,ON,Avail,Compl,Enable,73,0,0,0,0,0,0,6,A,0,0,Avail,Incmpl
5152,Incmpl,Enable,OFF,OFF,946,1061.500,51199.219,51199.219,51199.219,51199.219,51199.219,51199.219,1GRFE ,49.020,Avail,Incmpl,Incmpl,Enable,7.996,ON,OFF,OFF,OFF,ON
5153,ON,Avail,Compl,Enable,Compl,CL,CL,Compl,Unable,Not Avl,Compl,Compl,Enable,OFF,0,16,5,ON,13.750,15,0.106,2352,18,21
5154,-3,OFF,0,4.688,5.840,OFF,0,0,68,Avail,Compl,Enable,0,GRN2#  ,2011,ON,0,ACTIVE,ACTIVE,0.957,0.942,0.175,0.175,47.660
5155,46.688,Avail,Compl,Avail,Incmpl,Incmpl,Enable,OBD II (California ARB),OFF,OFF,44.965,0.037,OFF,0,OFF,1st,OFF,OFF,OFF,OFF,OFF,OFF,1.562,1.562
5156,ON,OFF,1000,0,OFF,OFF,OFF,ON,Gasoline,0.968,OFF,OFF,0.684,ON,0.391,16.078,5,0,0.801,0.801,2.383,0.801,0.918,2.031
5157,47.843,0,16.078,17,0.016,0.066,OFF,ECT 5th,NA,OFF,97.768,97.724,13.725,0,Not Avl,0,0,0,0,ON,ON,0,0,1
5158,0,14.178,Not Avl,Compl,Compl,Unable,ON,Not Avl,Compl,Compl,Unable,OFF,38.281,35.938,31.875,31.875,19.531,39.551,15.686,31.765,0.781,1.582,ON,0
5159,OFF,ON,ON,1.001,0.999,-0.031,-0.027,3.244,3.254,0,97,51199.219,13.886,23.529,OFF,OFF,OFF,OFF,OFF,OFF,OFF,OFF,Avail,Incmpl
5160,Incmpl,Enable,Avail,486.400,324.300,486.400,324.300,ON,Avail,Compl,Enable,73,0,0,0,0,0,0,6,A,0,0,Avail,Incmpl
5161,Incmpl,Enable,OFF,OFF,947,1054.500,51199.219,51199.219,51199.219,51199.219,51199.219,51199.219,1GRFE ,49.412,Avail,Incmpl,Incmpl,Enable,7.996,ON,OFF,OFF,OFF,ON
5162,ON,Avail,Compl,Enable,Compl,CL,CL,Compl,Unable,Not Avl,Compl,Compl,Enable,OFF,0,16,25,ON,13.750,15,0.106,2367,18,21
5163,-3,OFF,0,4.688,5.850,OFF,0,0,70,Avail,Compl,Enable,0,GRN2#  ,2011,ON,0,ACTIVE,ACTIVE,0.957,0.942,0.175,0.175,47.660
5164,46.688,Avail,Compl,Avail,Incmpl,Incmpl,Enable,OBD II (California ARB),OFF,OFF,44.611,0.037,OFF,0,OFF,1st,OFF,OFF,OFF,OFF,OFF,OFF,1.562,1.562
5165,ON,OFF,1000,0,OFF,OFF,OFF,ON,Gasoline,0.968,OFF,OFF,0.684,ON,0.391,16.078,6,0,0.801,0.801,2.383,0.801,0.918,2.031
5166,47.843,0,16.078,17,0.016,0.066,OFF,ECT 5th,NA,OFF,97.790,97.680,13.725,0,Not Avl,0,0,0,0,ON,ON,0,0,1
5167,0,14.170,Not Avl,Compl,Compl,Unable,ON,Not Avl,Compl,Compl,Unable,OFF,38.281,35.938,31.875,31.875,19.531,39.551,15.686,31.765,0.781,1.582,ON,0
5168,OFF,ON,ON,0.999,0.998,-0.035,-0.031,3.239,3.244,0,97,51199.219,13.886,23.529,OFF,OFF,OFF,OFF,OFF,OFF,OFF,OFF,Avail,Incmpl
5169,Incmpl,Enable,Avail,486.400,324.300,486.400,324.300,ON,Avail,Compl,Enable,73,0,0,0,0,0,0,6,A,0,0,Avail,Incmpl
5170,Incmpl,Enable,OFF,OFF,947,1053,51199.219,51199.219,51199.219,51199.219,51199.219,51199.219,1GRFE ,49.412,Avail,Incmpl,Incmpl,Enable,7.996,ON,OFF,OFF,OFF,ON
5171,ON,Avail,Compl,Enable,Compl,CL,CL,Compl,Unable,Not Avl,Compl,Compl,Enable,OFF,0,16,48,ON,13.750,15,0.106,2377,18,21
5172,-3,OFF,0,4.688,5.840,OFF,0,0,70,Avail,Compl,Enable,0,GRN2#  ,2011,ON,0,ACTIVE,ACTIVE,0.962,0.942,0.175,0.175,47.660
5173,46.688,Avail,Compl,Avail,Incmpl,Incmpl,Enable,OBD II (California ARB),OFF,OFF,44.617,0.037,OFF,0,OFF,1st,OFF,OFF,OFF,OFF,OFF,OFF,1.562,1.562
5174,ON,OFF,1000,0,OFF,OFF,OFF,ON,Gasoline,0.967,OFF,OFF,0.684,ON,0.391,16.078,6,0,0.801,0.801,2.383,0.801,0.918,2.031
5175,47.843,0,16.078,17,0.020,0.066,OFF,ECT 5th,NA,OFF,97.812,97.944,13.725,0,Not Avl,0,0,0,0,ON,ON,0,0,1
5176,0,14.160,Not Avl,Compl,Compl,Unable,ON,Not Avl,Compl,Compl,Unable,OFF,38.281,35.938,31.875,31.875,19.531,39.551,15.686,31.765,0.781,1.582,ON,0
5177,OFF,ON,ON,0.999,0.995,-0.039,-0.043,3.235,3.225,0,97,51199.219,13.867,23.529,OFF,OFF,OFF,OFF,OFF,OFF,OFF,OFF,Avail,Incmpl
5178,Incmpl,Enable,Avail,486.400,324.300,486.400,324.300,ON,Avail,Compl,Enable,73,0,0,0,0,0,0,6,A,0,0,Avail,Incmpl
5179,Incmpl,Enable,OFF,OFF,948,1054.500,51199.219,51199.219,51199.219,51199.219,51199.219,51199.219,1GRFE ,49.412,Avail,Incmpl,Incmpl,Enable,7.996,ON,OFF,OFF,OFF,ON
5180,ON,Avail,Compl,Enable,Compl,CL,CL,Compl,Unable,Not Avl,Compl,Compl,Enable,OFF,0,16,72,ON,13.750,15,0.106,2374,18,21
5181,-3,OFF,0,4.688,5.840,OFF,0,0,53,Avail,Compl,Enable,0,GRN2#  ,2011,ON,0,ACTIVE,ACTIVE,0.962,0.942,0.175,0.175,47.660
5182,46.688,Avail,Compl,Avail,Incmpl,Incmpl,Enable,OBD II (California ARB),OFF,OFF,45.087,0.037,OFF,0,OFF,1st,OFF,OFF,OFF,OFF,OFF,OFF,1.562,1.562
5183,ON,OFF,1000,0,OFF,OFF,OFF,ON,Gasoline,0.967,OFF,OFF,0.684,ON,0.391,16.078,6,0,0.801,0.801,2.383,0.801,0.918,2.031
5184,47.843,0,16.078,17,0.020,0.066,OFF,ECT 5th,NA,OFF,97.790,97.680,13.725,0,Not Avl,0,0,0,0,ON,ON,0,0,1
5185,0,14.178,Not Avl,Compl,Compl,Unable,ON,Not Avl,Compl,Compl,Unable,OFF,38.281,35.938,31.875,31.875,19.531,39.551,15.686,31.765,0.781,1.582,ON,0
5186,OFF,ON,ON,0.996,0.998,-0.051,-0.031,3.215,3.244,0,97,51199.219,13.886,23.529,OFF,OFF,OFF,OFF,OFF,OFF,OFF,OFF,Avail,Incmpl
5187,Incmpl,Enable,Avail,486.400,324.300,486.400,324.300,ON,Avail,Compl,Enable,73,0,0,0,0,0,0,6,A,0,0,Avail,Incmpl
5188,Incmpl,Enable,OFF,OFF,948,1045.250,51199.219,51199.219,51199.219,51199.219,51199.219,51199.219,1GRFE ,49.412,Avail,Incmpl,Incmpl,Enable,7.996,ON,OFF,OFF,OFF,ON
5189,ON,Avail,Compl,Enable,Compl,CL,CL,Compl,Unable,Not Avl,Compl,Compl,Enable,OFF,0,15.500,94,ON,13.750,15,0.106,2381,18,21
5190,-3,OFF,0,4.688,5.840,OFF,0,0,53,Avail,Compl,Enable,0,GRN2#  ,2011,ON,0,ACTIVE,ACTIVE,0.957,0.942,0.175,0.175,47.660
5191,46.363,Avail,Compl,Avail,Incmpl,Incmpl,Enable,OBD II (California ARB),OFF,OFF,44.965,0.037,OFF,0,OFF,1st,OFF,OFF,OFF,OFF,OFF,OFF,1.562,1.562
5192,ON,OFF,1000,0,OFF,OFF,OFF,ON,Gasoline,0.967,OFF,OFF,0.684,ON,0.391,16.078,6,0,0.801,0.801,2.383,0.801,0.918,2.031
5193,47.843,0,16.078,17,0.020,0.066,OFF,ECT 5th,NA,OFF,97.790,97.746,14.118,0,Not Avl,0,0,0,0,ON,ON,0,0,1
5194,0,14.170,Not Avl,Compl,Compl,Unable,ON,Not Avl,Compl,Compl,Unable,OFF,38.281,35.938,31.875,31.875,19.531,39.551,15.686,31.765,0.781,1.582,ON,0
5195,OFF,ON,ON,0.998,0.999,-0.039,-0.027,3.235,3.249,0,97,51199.219,13.886,23.529,OFF,OFF,OFF,OFF,OFF,OFF,OFF,OFF,Avail,Incmpl
5196,Incmpl,Enable,Avail,486.400,324.300,486.400,324.300,ON,Avail,Compl,Enable,73,0,0,0,0,0,0,6,A,0,0,Avail,Incmpl
5197,Incmpl,Enable,OFF,OFF,949,1053.750,51199.219,51199.219,51199.219,51199.219,51199.219,51199.219,1GRFE ,49.412,Avail,Incmpl,Incmpl,Enable,7.996,ON,OFF,OFF,OFF,ON
5198,ON,Avail,Compl,Enable,Compl,CL,CL,Compl,Unable,Not Avl,Compl,Compl,Enable,OFF,0,15.500,117,ON,13.750,15,0.106,2377,18,21
5199,-3,OFF,0,4.688,5.840,OFF,0,0,53,Avail,Compl,Enable,0,GRN2#  ,2011,ON,0,ACTIVE,ACTIVE,0.962,0.942,0.175,0.175,47.660
5200,47.012,Avail,Compl,Avail,Incmpl,Incmpl,Enable,OBD II (California ARB),OFF,OFF,44.849,0.037,OFF,0,OFF,1st,OFF,OFF,OFF,OFF,OFF,OFF,1.562,1.562
5201,ON,OFF,1000,0,OFF,OFF,OFF,ON,Gasoline,0.968,OFF,OFF,0.684,ON,0.391,16.078,7,0,0.801,0.801,2.383,0.801,0.918,2.031
5202,47.843,0,16.078,17,0.020,0.066,OFF,ECT 5th,NA,OFF,97.812,97.856,13.725,0,Not Avl,0,0,0,0,ON,ON,0,0,1
5203,0,14.178,Not Avl,Compl,Compl,Unable,ON,Not Avl,Compl,Compl,Unable,OFF,38.281,35.938,31.875,31.875,19.531,39.551,15.686,31.765,0.781,1.582,ON,0
5204,OFF,ON,ON,1.000,0.999,-0.035,-0.027,3.239,3.249,0,97,51199.219,13.886,23.529,OFF,OFF,OFF,OFF,OFF,OFF,OFF,OFF,Avail,Incmpl
5205,Incmpl,Enable,Avail,486.400,324.300,486.400,324.300,ON,Avail,Compl,Enable,73,0,0,0,0,0,0,6,A,0,0,Avail,Incmpl
5206,Incmpl,Enable,OFF,OFF,949,1046,51199.219,51199.219,51199.219,51199.219,51199.219,51199.219,1GRFE ,49.412,Avail,Incmpl,Incmpl,Enable,7.996,ON,OFF,OFF,OFF,ON
5207,ON,Avail,Compl,Enable,Compl,CL,CL,Compl,Unable,Not Avl,Compl,Compl,Enable,OFF,0,16,139,ON,13.750,15,0.107,2377,18,21
5208,-3,OFF,0,4.688,5.840,OFF,0,0,44,Avail,Compl,Enable,0,GRN2#  ,2011,ON,0,ACTIVE,ACTIVE,0.957,0.942,0.175,0.175,47.660
5209,46.039,Avail,Compl,Avail,Incmpl,Incmpl,Enable,OBD II (California ARB),OFF,OFF,44.849,0.037,OFF,0,OFF,1st,OFF,OFF,OFF,OFF,OFF,OFF,1.562,1.562
5210,ON,OFF,1000,0,OFF,OFF,OFF,ON,Gasoline,0.968,OFF,OFF,0.684,ON,0.391,16.078,6,0,0.801,0.801,2.383,0.801,0.918,2.031
5211,47.843,0,16.078,17,0.020,0.066,OFF,ECT 5th,NA,OFF,97.790,97.702,14.118,0,Not Avl,0,0,0,0,ON,ON,0,0,1
5212,0,14.178,Not Avl,Compl,Compl,Unable,ON,Not Avl,Compl,Compl,Unable,OFF,38.281,35.938,31.875,31.875,19.531,39.551,15.686,31.765,0.781,1.582,ON,0
5213,OFF,ON,ON,1.000,0.998,-0.031,-0.035,3.244,3.239,0,97,51199.219,13.886,23.529,OFF,OFF,OFF,OFF,OFF,OFF,OFF,OFF,Avail,Incmpl
5214,Incmpl,Enable,Avail,486.400,324.300,486.400,324.300,ON,Avail,Compl,Enable,73,0,0,0,0,0,0,6,A,0,0,Avail,Incmpl
5215,Incmpl,Enable,OFF,OFF,950,1062.500,51199.219,51199.219,51199.219,51199.219,51199.219,51199.219,1GRFE ,49.412,Avail,Incmpl,Incmpl,Enable,7.996,ON,OFF,OFF,OFF,ON
5216,ON,Avail,Compl,Enable,Compl,CL,CL,Compl,Unable,Not Avl,Compl,Compl,Enable,OFF,0,16,167,ON,13.750,15,0.107,2348,18,21
5217,-3,OFF,0,4.688,5.840,OFF,0,0,44,Avail,Compl,Enable,0,GRN2#  ,2011,ON,0,ACTIVE,ACTIVE,0.962,0.942,0.175,0.175,48.309
5218,46.363,Avail,Compl,Avail,Incmpl,Incmpl,Enable,OBD II (California ARB),OFF,OFF,44.965,0.037,OFF,0,OFF,1st,OFF,OFF,OFF,OFF,OFF,OFF,1.562,1.562
5219,ON,OFF,1050,0,OFF,OFF,OFF,ON,Gasoline,0.969,OFF,OFF,0.684,ON,0.391,16.078,8,0,0.801,0.801,2.383,0.801,0.918,2.031
5220,47.843,0,16.078,17,0.016,0.066,OFF,ECT 5th,NA,OFF,97.790,97.702,13.725,0,Not Avl,0,0,0,0,ON,ON,0,0,1
5221,0,14.160,Not Avl,Compl,Compl,Unable,ON,Not Avl,Compl,Compl,Unable,OFF,38.281,35.938,31.875,31.875,19.531,39.551,15.686,31.765,0.781,1.582,ON,0
5222,OFF,ON,ON,1.005,1.002,-0.020,-0.020,3.264,3.264,0,97,51199.219,13.886,23.529,OFF,OFF,OFF,OFF,OFF,OFF,OFF,OFF,Avail,Incmpl
5223,Incmpl,Enable,Avail,486.400,324.300,486.400,324.300,ON,Avail,Compl,Enable,73,0,0,0,0,0,0,6,A,0,0,Avail,Incmpl
5224,Incmpl,Enable,OFF,OFF,950,1053.750,51199.219,51199.219,51199.219,51199.219,51199.219,51199.219,1GRFE ,49.412,Avail,Incmpl,Incmpl,Enable,7.996,ON,OFF,OFF,OFF,ON
5225,ON,Avail,Compl,Enable,Compl,CL,CL,Compl,Unable,Not Avl,Compl,Compl,Enable,OFF,0,16,192,ON,13.750,15,0.106,2381,18,21
5226,-3,OFF,0,4.688,5.850,OFF,0,0,46,Avail,Compl,Enable,0,GRN2#  ,2011,ON,0,ACTIVE,ACTIVE,0.962,0.942,0.175,0.175,47.660
5227,46.688,Avail,Compl,Avail,Incmpl,Incmpl,Enable,OBD II (California ARB),OFF,OFF,44.617,0.037,OFF,0,OFF,1st,OFF,OFF,OFF,OFF,OFF,OFF,2.344,1.562
5228,ON,OFF,1000,0,OFF,OFF,OFF,ON,Gasoline,0.965,OFF,OFF,0.684,ON,0.391,16.078,6,0,0.801,0.801,2.383,0.801,0.918,2.031
5229,47.843,0,16.078,17,0.020,0.066,OFF,ECT 5th,NA,OFF,97.812,97.922,13.725,0,Not Avl,0,0,0,0,ON,ON,0,0,1
5230,0,14.178,Not Avl,Compl,Compl,Unable,ON,Not Avl,Compl,Compl,Unable,OFF,38.281,35.938,31.875,31.875,19.531,39.551,15.686,31.765,0.781,1.582,ON,0
5231,OFF,ON,ON,0.995,1.001,-0.051,-0.027,3.215,3.254,0,97,51199.219,13.886,23.529,OFF,OFF,OFF,OFF,OFF,OFF,OFF,OFF,Avail,Incmpl
5232,Incmpl,Enable,Avail,486.400,324.300,486.400,324.300,ON,Avail,Compl,Enable,73,0,0,0,0,0,0,6,A,0,0,Avail,Incmpl
5233,Incmpl,Enable,OFF,OFF,950,1060,51199.219,51199.219,51199.219,51199.219,51199.219,51199.219,1GRFE ,49.412,Avail,Incmpl,Incmpl,Enable,7.996,ON,OFF,OFF,OFF,ON
5234,ON,Avail,Compl,Enable,Compl,CL,CL,Compl,Unable,Not Avl,Compl,Compl,Enable,OFF,0,16,214,ON,13.750,15,0.106,2359,18,21
5235,-3,OFF,0,4.688,5.840,OFF,0,0,46,Avail,Compl,Enable,0,GRN2#  ,2011,ON,0,ACTIVE,ACTIVE,0.957,0.942,0.175,0.175,47.336
5236,46.688,Avail,Compl,Avail,Incmpl,Incmpl,Enable,OBD II (California ARB),OFF,OFF,44.965,0.037,OFF,0,OFF,1st,OFF,OFF,OFF,OFF,OFF,OFF,1.562,1.562
5237,ON,OFF,1000,0,OFF,OFF,OFF,ON,Gasoline,0.964,OFF,OFF,0.684,ON,0.391,16.078,6,0,0.801,0.801,2.383,0.801,0.918,2.031
5238,47.843,0,16.078,17,0.020,0.066,OFF,ECT 5th,NA,OFF,97.812,97.790,13.725,0,Not Avl,0,0,0,0,ON,ON,0,0,1
5239,0,14.169,Not Avl,Compl,Compl,Unable,ON,Not Avl,Compl,Compl,Unable,OFF,38.281,35.938,31.875,31.875,19.531,39.551,15.686,31.765,0.781,1.582,ON,0
5240,OFF,ON,ON,1.001,0.998,-0.031,-0.031,3.244,3.244,0,97,51199.219,13.867,23.529,OFF,OFF,OFF,OFF,OFF,OFF,OFF,OFF,Avail,Incmpl
5241,Incmpl,Enable,Avail,486.400,324.300,486.400,324.300,ON,Avail,Compl,Enable,73,0,0,0,0,0,0,6,A,0,0,Avail,Incmpl
5242,Incmpl,Enable,OFF,OFF,951,1057.750,51199.219,51199.219,51199.219,51199.219,51199.219,51199.219,1GRFE ,49.020,Avail,Incmpl,Incmpl,Enable,7.996,ON,OFF,OFF,OFF,ON
5243,ON,Avail,Compl,Enable,Compl,CL,CL,Compl,Unable,Not Avl,Compl,Compl,Enable,OFF,0,16,234,ON,13.750,15,0.106,2363,18,21
5244,-3,OFF,0,4.688,5.840,OFF,0,0,54,Avail,Compl,Enable,0,GRN2#  ,2011,ON,0,ACTIVE,ACTIVE,0.957,0.942,0.175,0.155,47.660
5245,46.688,Avail,Compl,Avail,Incmpl,Incmpl,Enable,OBD II (California ARB),OFF,OFF,45.087,0.067,OFF,0,OFF,1st,OFF,OFF,OFF,OFF,OFF,OFF,1.562,1.562
5246,ON,OFF,1000,0,OFF,OFF,OFF,ON,Gasoline,0.968,OFF,OFF,0.684,ON,0.391,16.078,6,0,0.801,0.801,2.383,0.801,0.918,2.031
5247,47.843,0,16.078,17,0.020,0.066,OFF,ECT 5th,NA,OFF,97.790,97.680,13.725,0,Not Avl,0,0,0,0,ON,ON,0,0,1
5248,0,14.160,Not Avl,Compl,Compl,Unable,ON,Not Avl,Compl,Compl,Unable,OFF,38.281,35.938,31.875,31.875,19.531,39.551,15.686,31.765,0.781,1.582,ON,0
5249,OFF,ON,ON,0.998,1.000,-0.043,-0.027,3.225,3.249,0,97,51199.219,13.886,23.529,OFF,OFF,OFF,OFF,OFF,OFF,OFF,OFF,Avail,Incmpl
5250,Incmpl,Enable,Avail,486.400,324.300,486.400,324.300,ON,Avail,Compl,Enable,73,0,0,0,0,0,0,6,A,0,0,Avail,Incmpl
5251,Incmpl,Enable,OFF,OFF,951,1056.250,51199.219,51199.219,51199.219,51199.219,51199.219,51199.219,1GRFE ,49.412,Avail,Incmpl,Incmpl,Enable,7.996,ON,OFF,OFF,OFF,ON
5252,ON,Avail,Compl,Enable,Compl,CL,CL,Compl,Unable,Not Avl,Compl,Compl,Enable,OFF,0,15.500,253,ON,13.750,15,0.106,2388,18,21
5253,-3,OFF,0,4.688,5.900,OFF,0,0,54,Avail,Compl,Enable,0,GRN2#  ,2011,ON,0,ACTIVE,ACTIVE,0.957,0.942,0.175,0.175,47.660
5254,46.688,Avail,Compl,Avail,Incmpl,Incmpl,Enable,OBD II (California ARB),OFF,OFF,44.965,0.067,OFF,0,OFF,1st,OFF,OFF,OFF,OFF,OFF,OFF,1.562,1.562
5255,ON,OFF,1000,0,OFF,OFF,OFF,ON,Gasoline,0.965,OFF,OFF,0.684,ON,0.391,16.078,6,0,0.801,0.801,2.383,0.801,0.918,2.031
5256,47.843,0,16.078,17,0.020,0.066,OFF,ECT 5th,NA,OFF,97.812,97.834,14.118,0,Not Avl,0,0,0,0,ON,ON,0,0,1
5257,0,14.178,Not Avl,Compl,Compl,Unable,ON,Not Avl,Compl,Compl,Unable,OFF,38.281,35.938,31.875,31.875,19.531,39.551,15.686,31.765,0.781,1.582,ON,0
5258,OFF,ON,ON,0.992,0.997,-0.062,-0.039,3.196,3.230,0,97,51199.219,13.886,23.529,OFF,OFF,OFF,OFF,OFF,OFF,OFF,OFF,Avail,Incmpl
5259,Incmpl,Enable,Avail,486.400,324.300,486.400,324.300,ON,Avail,Compl,Enable,73,0,0,0,0,0,0,6,A,0,0,Avail,Incmpl
5260,Incmpl,Enable,OFF,OFF,952,1057.750,51199.219,51199.219,51199.219,51199.219,51199.219,51199.219,1GRFE ,49.412,Avail,Incmpl,Incmpl,Enable,7.996,ON,OFF,OFF,OFF,ON
5261,ON,Avail,Compl,Enable,Compl,CL,CL,Compl,Unable,Not Avl,Compl,Compl,Enable,OFF,0,16,277,ON,13.750,15,0.106,2363,18,21
5262,-3,OFF,0,4.688,5.840,OFF,0,0,54,Avail,Compl,Enable,0,GRN2#  ,2011,ON,0,ACTIVE,ACTIVE,0.957,0.942,0.175,0.155,47.984
5263,46.688,Avail,Compl,Avail,Incmpl,Incmpl,Enable,OBD II (California ARB),OFF,OFF,44.965,0.067,OFF,0,OFF,1st,OFF,OFF,OFF,OFF,OFF,OFF,1.562,1.562
5264,ON,OFF,1000,0,OFF,OFF,OFF,ON,Gasoline,0.968,OFF,OFF,0.684,ON,0.391,16.078,6,0,0.801,0.801,2.383,0.801,0.918,2.031
5265,47.843,0,16.078,17,0.020,0.066,OFF,ECT 5th,NA,OFF,97.790,97.812,13.725,0,Not Avl,0,0,0,0,ON,ON,0,0,1
5266,0,14.160,Not Avl,Compl,Compl,Unable,ON,Not Avl,Compl,Compl,Unable,OFF,38.281,35.938,31.875,31.875,19.531,39.551,15.686,31.765,0.781,1.582,ON,0
5267,OFF,ON,ON,0.998,1.001,-0.047,-0.027,3.220,3.254,0,97,51199.219,13.867,23.529,OFF,OFF,OFF,OFF,OFF,OFF,OFF,OFF,Avail,Incmpl
5268,Incmpl,Enable,Avail,486.400,324.300,486.400,324.300,ON,Avail,Compl,Enable,73,0,0,0,0,0,0,6,A,0,0,Avail,Incmpl
5269,Incmpl,Enable,OFF,OFF,952,1054.500,51199.219,51199.219,51199.219,51199.219,51199.219,51199.219,1GRFE ,49.412,Avail,Incmpl,Incmpl,Enable,7.996,ON,OFF,OFF,OFF,ON
5270,ON,Avail,Compl,Enable,Compl,CL,CL,Compl,Unable,Not Avl,Compl,Compl,Enable,OFF,0,16,303,ON,13.750,15,0.106,2359,18,21
5271,-3,OFF,0,4.688,5.840,OFF,0,0,55,Avail,Compl,Enable,0,GRN2#  ,2011,ON,0,ACTIVE,ACTIVE,0.957,0.942,0.195,0.155,47.984
5272,46.039,Avail,Compl,Avail,Incmpl,Incmpl,Enable,OBD II (California ARB),OFF,OFF,44.965,0.067,OFF,0,OFF,1st,OFF,OFF,OFF,OFF,OFF,OFF,1.562,1.562
5273,ON,OFF,1000,0,OFF,OFF,OFF,ON,Gasoline,0.969,OFF,OFF,0.684,ON,0.312,16.078,6,0,0.801,0.801,2.383,0.801,0.918,2.031
5274,47.843,0,16.078,17,0.020,0.066,OFF,ECT 5th,NA,OFF,97.790,97.724,13.725,0,Not Avl,0,0,0,0,ON,ON,0,0,1
5275,0,14.178,Not Avl,Compl,Compl,Unable,ON,Not Avl,Compl,Compl,Unable,OFF,40.625,35.938,31.875,31.875,19.531,39.551,15.686,31.765,0.781,1.582,ON,0
5276,OFF,ON,ON,1.000,1.000,-0.027,-0.031,3.249,3.244,0,97,51199.219,13.867,23.529,OFF,OFF,OFF,OFF,OFF,OFF,OFF,OFF,Avail,Incmpl
5277,Incmpl,Enable,Avail,486.400,324.300,486.400,324.300,ON,Avail,Compl,Enable,73,0,0,0,0,0,0,6,A,0,0,Avail,Incmpl
5278,Incmpl,Enable,OFF,OFF,953,1059.250,51199.219,51199.219,51199.219,51199.219,51199.219,51199.219,1GRFE ,49.412,Avail,Incmpl,Incmpl,Enable,7.996,ON,OFF,OFF,OFF,ON
5279,ON,Avail,Compl,Enable,Compl,CL,CL,Compl,Unable,Not Avl,Compl,Compl,Enable,OFF,0,16,328,ON,13.750,15,0.106,2367,18,21
5280,-3,OFF,0,4.688,5.850,OFF,0,0,55,Avail,Compl,Enable,0,GRN2#  ,2011,ON,0,ACTIVE,ACTIVE,0.957,0.942,0.195,0.155,47.984
5281,46.363,Avail,Compl,Avail,Incmpl,Incmpl,Enable,OBD II (California ARB),OFF,OFF,44.843,0.067,OFF,0,OFF,1st,OFF,OFF,OFF,OFF,OFF,OFF,1.562,1.562
5282,ON,OFF,1000,0,OFF,OFF,OFF,ON,Gasoline,0.970,OFF,OFF,0.684,ON,0.312,16.078,6,0,0.801,0.801,2.383,0.801,0.918,2.031
5283,47.843,0,16.078,17,0.016,0.066,OFF,ECT 5th,NA,OFF,97.812,97.900,13.725,0,Not Avl,0,0,0,0,ON,ON,0,0,1
5284,0,14.178,Not Avl,Compl,Compl,Unable,ON,Not Avl,Compl,Compl,Unable,OFF,38.281,35.938,31.875,31.875,19.531,39.551,15.686,31.765,0.781,1.582,ON,0
5285,OFF,ON,ON,1.005,0.999,-0.023,-0.031,3.259,3.244,0,97,51199.219,13.886,23.529,OFF,OFF,OFF,OFF,OFF,OFF,OFF,OFF,Avail,Incmpl
5286,Incmpl,Enable,Avail,486.400,324.300,486.400,324.300,ON,Avail,Compl,Enable,73,0,0,0,0,0,0,6,A,0,0,Avail,Incmpl
5287,Incmpl,Enable,OFF,OFF,953,1066.250,51199.219,51199.219,51199.219,51199.219,51199.219,51199.219,1GRFE ,49.412,Avail,Incmpl,Incmpl,Enable,7.996,ON,OFF,OFF,OFF,ON
5288,ON,Avail,Compl,Enable,Compl,CL,CL,Compl,Unable,Not Avl,Compl,Compl,Enable,OFF,0,16,354,ON,13.750,15,0.106,2359,18,21
5289,-3,OFF,0,4.688,5.870,OFF,0,0,54,Avail,Compl,Enable,0,GRN2#  ,2011,ON,0,ACTIVE,ACTIVE,0.962,0.942,0.195,0.155,47.984
5290,46.688,Avail,Compl,Avail,Incmpl,Incmpl,Enable,OBD II (California ARB),OFF,OFF,44.843,0.067,OFF,0,OFF,1st,OFF,OFF,OFF,OFF,OFF,OFF,2.344,1.562
5291,ON,OFF,1050,0,OFF,OFF,OFF,ON,Gasoline,0.966,OFF,OFF,0.684,ON,0.391,16.078,6,0,0.801,0.801,2.383,0.801,0.918,2.031
5292,47.843,0,16.078,17,0.020,0.066,OFF,ECT 5th,NA,OFF,97.768,97.724,13.725,0,Not Avl,0,0,0,0,ON,ON,0,0,1
5293,0,14.177,Not Avl,Compl,Compl,Unable,ON,Not Avl,Compl,Compl,Unable,OFF,38.281,35.938,31.875,32.500,19.531,39.551,15.686,31.765,0.781,1.582,ON,0
5294,OFF,ON,ON,0.998,1.001,-0.027,-0.012,3.225,3.254,0,97,51199.219,13.867,23.529,OFF,OFF,OFF,OFF,OFF,OFF,OFF,OFF,Avail,Incmpl
5295,Incmpl,Enable,Avail,486.400,324.300,486.400,324.300,ON,Avail,Compl,Enable,73,0,0,0,0,0,0,6,A,0,0,Avail,Incmpl
5296,Incmpl,Enable,OFF,OFF,953,1057.750,51199.219,51199.219,51199.219,51199.219,51199.219,51199.219,1GRFE ,49.020,Avail,Incmpl,Incmpl,Enable,7.996,ON,OFF,OFF,OFF,ON
5297,ON,Avail,Compl,Enable,Compl,CL,CL,Compl,Unable,Not Avl,Compl,Compl,Enable,OFF,0,16,380,ON,13.750,15,0.105,2363,18,21
5298,-3,OFF,0,4.688,5.840,OFF,0,0,54,Avail,Compl,Enable,0,GRN2#  ,2011,ON,0,ACTIVE,ACTIVE,0.957,0.942,0.195,0.155,47.984
5299,46.688,Avail,Compl,Avail,Incmpl,Incmpl,Enable,OBD II (California ARB),OFF,OFF,44.843,0.067,OFF,0,OFF,1st,OFF,OFF,OFF,OFF,OFF,OFF,2.344,1.562
5300,ON,OFF,1000,0,OFF,OFF,OFF,ON,Gasoline,0.963,OFF,OFF,0.684,ON,0.391,16.078,6,0,0.801,0.801,2.383,0.801,0.918,2.031
5301,47.843,0,16.078,17,0.020,0.066,OFF,ECT 5th,NA,OFF,97.790,97.680,13.725,0,Not Avl,0,0,0,0,ON,ON,0,0,1
5302,0,14.160,Not Avl,Compl,Compl,Unable,ON,Not Avl,Compl,Compl,Unable,OFF,38.281,35.938,31.875,32.500,19.531,39.551,15.686,31.765,0.781,1.582,ON,0
5303,OFF,ON,ON,1.001,1.000,-0.035,-0.027,3.239,3.249,0,97,51199.219,13.886,23.529,OFF,OFF,OFF,OFF,OFF,OFF,OFF,OFF,Avail,Incmpl
5304,Incmpl,Enable,Avail,486.400,324.300,486.400,324.300,ON,Avail,Compl,Enable,73,0,0,0,0,0,0,6,A,0,0,Avail,Incmpl
5305,Incmpl,Enable,OFF,OFF,954,1060.750,51199.219,51199.219,51199.219,51199.219,51199.219,51199.219,1GRFE ,49.412,Avail,Incmpl,Incmpl,Enable,7.996,ON,OFF,OFF,OFF,ON
5306,ON,Avail,Compl,Enable,Compl,CL,CL,Compl,Unable,Not Avl,Compl,Compl,Enable,OFF,0,16,405,ON,13.750,15,0.105,2359,18,21
5307,-3,OFF,0,4.688,5.870,OFF,0,0,60,Avail,Compl,Enable,0,GRN2#  ,2011,ON,0,ACTIVE,ACTIVE,0.962,0.942,0.195,0.155,47.660
5308,46.688,Avail,Compl,Avail,Incmpl,Incmpl,Enable,OBD II (California ARB),OFF,OFF,44.965,0.067,OFF,0,OFF,1st,OFF,OFF,OFF,OFF,OFF,OFF,2.344,2.344
5309,ON,OFF,1000,0,OFF,OFF,OFF,ON,Gasoline,0.963,OFF,OFF,0.684,ON,0.391,16.078,6,0,0.801,0.801,2.383,0.801,0.918,2.031
5310,47.843,0,16.078,17,0.020,0.066,OFF,ECT 5th,NA,OFF,97.812,97.944,13.725,0,Not Avl,0,0,0,0,ON,ON,0,0,1
