Row,AC Compressor Active,AC Pressure [kPa],"Accelerator Pedal Sensor, Analog [V]","Accelerator Pedal Sensor, PWM [%]",Adaptation Throttle,"Air Mass, Correction Factor",Ambient Air Pressure [hPa],Ambient Air Temperature [degree C],Battery Voltage [V],Boost Pressure [hPa],Brake Light Switch,Brake Pedal Position (From BCM) [%],Camshaft Shifting Angle Deviation (Exhaust) [deg],Camshaft Shifting Angle Deviation (Inlet) [deg],"Camshaft Shifting Angle, Exhaust [deg]","Camshaft Shifting Angle, Inlet [deg]",Condition Automatic Transmission,Cruise -,Cruise +,Cruise Control Resume,Engine Coolant Level Switch,Engine Coolant Temperature [degree C],Engine Cooling Fan [%],Evap-Flow [kg/h],Exhaust Camshaft Adaptation [deg],Exhaust Camshaft Reset Valve [%],Fuel Pressure [kPa],"Fuel Pressure, Nominal Value [kPa]",Fuel Pump Relay,"Fuel Pump, Duty Cycle [%]",Fuel Temperature [degree C],"Idlespeed, Deviation From Nominal [rpm]",Ignition Angle [deg BTDC],"Injection Time, Bank 1 [ms]",Inlet Camshaft Adaptation (6-Cyl) [deg],Inlet Camshaft Reset Valve [%],Intake Air Temperature [degree C],"Lambda Control, Bank 1",Leakage Air Through Throttle Blade,"Long-Term Fuel Trim Lower Part Load, Bank 1","Long-Term Fuel Trim Upper Part Load, Bank 1",Mass Air Flow [kg/h],Misfire Counter,Misfire Counter 1 (5 Cyl),Misfire Counter 2 (5 Cyl),Misfire Counter 3 (5 Cyl),Misfire Counter 4 (5 Cyl),Misfire Counter 5 (5 Cyl),"Nominal Camshaft Shifting Angle, Exhaust [deg]","Nominal Camshaft Shifting Angle, Inlet [deg]",Nominal Throttle Angle [%],Oil Level [%],Oil Pressure Switch,"Oxygen Front Sensor, Bank 1","Oxygen Rear Sensor, Bank 1 [V]","Purge Valve, Dutycycle [%]","Short-Term Fuel Trim Idle, Bank 1 [%]","Short-Term Fuel Trim, Bank 1",Throttle Angle [%],"Throttle Position Sensor, Potentiometer 1 [V]","Throttle Position Sensor, Potentiometer 1 [%]","Throttle Position Sensor, Potentiometer 2 [V]","Throttle Position Sensor, Potentiometer 2 [%]",Turbo Control Valve Dutycycle [%],Vehicle Speed [km/h]
1,Off,444.40,0.41,8.02,OK,0.94,975,15.75,14.43,970,On,28.24,-0.84,-0.05,8.45,-0.06,On,Off,Off,Off,Off,87.75,7.84,0,2.28,39.22,398.78,400,On,43.90,30,-90,9.75,1.40,-1.05,7.84,17.25,C/L,0.10,1.04,1.00,9.30,0,0,0,0,0,0,9,0,1.53,79.68,Off,1.01,0.12,2.73,3.61,0.99,1.57,0.64,1.18,4.37,1.96,0,20
2,Off,444.40,0.41,8.02,OK,0.94,975,15.75,14.43,970,On,28.24,-0.84,-0.05,8.45,-0.06,On,Off,Off,Off,Off,87.75,7.84,0,2.28,39.22,398.78,400,On,43.90,30,-90,9.75,1.40,-1.05,7.84,17.25,C/L,0.10,1.04,1.00,9.30,0,0,0,0,0,0,9,0,1.53,79.68,Off,1.01,0.12,2.73,3.61,0.99,1.57,0.64,1.18,4.37,1.96,0,20
3,Off,444.40,0.41,8.02,OK,0.94,975,15.75,14.43,970,On,28.24,-0.84,-0.05,8.45,-0.06,On,Off,Off,Off,Off,87.75,7.84,0,2.28,39.22,398.78,400,On,43.90,30,-90,9.75,1.40,-1.05,7.84,17.25,C/L,0.10,1.04,1.00,9.30,0,0,0,0,0,0,9,0,1.53,79.68,Off,1.01,0.12,2.73,3.61,0.99,1.57,0.64,1.18,4.37,1.96,0,20
4,Off,444.40,0.41,8.02,OK,0.94,975,15.75,14.43,970,On,28.24,-0.84,-0.05,8.45,-0.06,On,Off,Off,Off,Off,87.75,7.84,0,2.28,39.22,398.78,400,On,43.90,30,-90,9.75,1.40,-1.05,7.84,17.25,C/L,0.10,1.04,1.00,9.30,0,0,0,0,0,0,9,0,1.53,79.68,Off,1.01,0.12,2.73,3.61,0.99,1.57,0.64,1.18,4.37,1.96,0,20
5,Off,444.40,0.41,8.02,OK,0.94,975,15.75,14.43,970,On,28.24,-0.84,-0.05,8.45,-0.06,On,Off,Off,Off,Off,87.75,7.84,0,2.28,39.22,398.78,400,On,43.90,30,-90,9.75,1.40,-1.05,7.84,17.25,C/L,0.10,1.04,1.00,9.30,0,0,0,0,0,0,9,0,1.53,79.68,Off,1.01,0.12,2.73,3.61,0.99,1.57,0.64,1.18,4.37,1.96,0,20
6,Off,444.40,0.41,8.02,OK,0.94,975,15.75,14.43,970,On,28.24,-0.84,-0.05,8.45,-0.06,On,Off,Off,Off,Off,87.75,7.84,0,2.28,39.22,398.78,400,On,43.90,30,-90,9.75,1.40,-1.05,7.84,17.25,C/L,0.10,1.04,1.00,9.30,0,0,0,0,0,0,9,0,1.53,79.68,Off,1.01,0.12,2.73,3.61,0.99,1.57,0.64,1.18,4.37,1.96,0,20
7,Off,444.40,0.41,8.02,OK,0.94,975,15.75,14.43,970,On,28.24,-0.84,-0.05,8.45,-0.06,On,Off,Off,Off,Off,87.75,7.84,0,2.28,39.22,398.78,400,On,43.90,30,-90,9.75,1.40,-1.05,7.84,17.25,C/L,0.10,1.04,1.00,9.30,0,0,0,0,0,0,9,0,1.53,79.68,Off,1.01,0.12,2.73,3.61,0.99,1.57,0.64,1.18,4.37,1.96,0,20
8,Off,444.40,0.41,8.02,OK,0.94,975,15.75,14.43,970,On,28.24,-0.84,-0.05,8.45,-0.06,On,Off,Off,Off,Off,87.75,7.84,0,2.28,39.22,398.78,400,On,43.90,30,-90,9.75,1.40,-1.05,7.84,17.25,C/L,0.10,1.04,1.00,9.30,0,0,0,0,0,0,9,0,1.53,79.68,Off,1.01,0.12,2.73,3.61,0.99,1.57,0.64,1.18,4.37,1.96,0,20
9,Off,444.40,0.41,8.02,OK,0.94,975,15.75,14.43,970,On,28.24,-0.84,-0.05,8.45,-0.06,On,Off,Off,Off,Off,87.75,7.84,0,2.28,39.22,398.78,400,On,43.90,30,-90,9.75,1.40,-1.05,7.84,17.25,C/L,0.10,1.04,1.00,9.30,0,0,0,0,0,0,9,0,1.53,79.68,Off,1.01,0.12,2.73,3.61,0.99,1.57,0.64,1.18,4.37,1.96,0,20
10,Off,444.40,0.41,8.02,OK,0.94,975,15.75,14.43,970,On,28.24,-0.84,-0.05,8.45,-0.06,On,Off,Off,Off,Off,87.75,7.84,0,2.28,39.22,398.78,400,On,43.90,30,-90,9.75,1.40,-1.05,7.84,17.25,C/L,0.10,1.04,1.00,9.30,0,0,0,0,0,0,9,0,1.53,79.68,Off,1.01,0.12,2.73,3.61,0.99,1.57,0.64,1.18,4.37,1.96,0,20
11,Off,444.40,0.41,8.02,OK,0.94,975,15.75,14.43,970,On,28.24,-0.84,-0.05,8.45,-0.06,On,Off,Off,Off,Off,87.75,7.84,0,2.28,39.22,398.78,400,On,43.90,30,-90,9.75,1.40,-1.05,7.84,17.25,C/L,0.10,1.04,1.00,9.30,0,0,0,0,0,0,9,0,1.53,79.68,Off,1.01,0.12,2.73,3.61,0.99,1.57,0.64,1.18,4.37,1.96,0,20
12,Off,444.40,0.41,8.02,OK,0.94,975,15.75,14.43,970,Off,28.24,-0.84,-0.05,8.45,-0.06,On,Off,Off,Off,Off,87.75,7.84,0,2.28,39.22,398.78,400,On,43.90,30,-90,9.75,1.40,-1.05,7.84,17.25,C/L,0.10,1.04,1.00,9.30,0,0,0,0,0,0,9,0,1.53,79.68,Off,1.01,0.12,2.73,3.61,0.99,1.57,0.64,1.18,4.37,1.96,0,20
13,Off,444.40,0.41,8.02,OK,0.94,975,15.75,14.43,970,Off,0,-0.84,-0.05,8.45,-0.06,On,Off,Off,Off,Off,87.75,7.84,0,2.28,39.22,398.78,400,On,43.90,30,-90,9.75,1.40,-1.05,7.84,17.25,C/L,0.10,1.04,1.00,9.30,0,0,0,0,0,0,9,0,1.53,79.68,Off,1.01,0.12,2.73,3.61,0.99,1.57,0.64,1.18,4.37,1.96,0,20
14,Off,444.40,0.41,8.02,OK,0.94,975,15.75,14.43,970,Off,0,-0.58,-0.05,8.45,-0.06,On,Off,Off,Off,Off,87.75,7.84,0,2.28,39.22,398.78,400,On,43.90,30,-90,9.75,1.40,-1.05,7.84,17.25,C/L,0.10,1.04,1.00,9.30,0,0,0,0,0,0,9,0,1.53,79.68,Off,1.01,0.12,2.73,3.61,0.99,1.57,0.64,1.18,4.37,1.96,0,20
15,Off,444.40,0.41,8.02,OK,0.94,975,15.75,14.43,970,Off,0,-0.58,0.08,8.45,-0.06,On,Off,Off,Off,Off,87.75,7.84,0,2.28,39.22,398.78,400,On,43.90,30,-90,9.75,1.40,-1.05,7.84,17.25,C/L,0.10,1.04,1.00,9.30,0,0,0,0,0,0,9,0,1.53,79.68,Off,1.01,0.12,2.73,3.61,0.99,1.57,0.64,1.18,4.37,1.96,0,20
16,Off,444.40,0.41,8.02,OK,0.94,975,15.75,14.43,970,Off,0,-0.58,0.08,8.78,-0.06,On,Off,Off,Off,Off,87.75,7.84,0,2.28,39.22,398.78,400,On,43.90,30,-90,9.75,1.40,-1.05,7.84,17.25,C/L,0.10,1.04,1.00,9.30,0,0,0,0,0,0,9,0,1.53,79.68,Off,1.01,0.12,2.73,3.61,0.99,1.57,0.64,1.18,4.37,1.96,0,20
17,Off,444.40,0.41,8.02,OK,0.94,975,15.75,14.43,970,Off,0,-0.58,0.08,8.78,0.02,On,Off,Off,Off,Off,87.75,7.84,0,2.28,39.22,398.78,400,On,43.90,30,-90,9.75,1.40,-1.05,7.84,17.25,C/L,0.10,1.04,1.00,9.30,0,0,0,0,0,0,9,0,1.53,79.68,Off,1.01,0.12,2.73,3.61,0.99,1.57,0.64,1.18,4.37,1.96,0,20
18,Off,444.40,0.41,8.02,OK,0.94,975,15.75,14.43,970,Off,0,-0.58,0.08,8.78,0.02,On,Off,Off,Off,Off,87.75,7.84,0,2.28,39.22,398.78,400,On,43.90,30,-90,9.75,1.40,-1.05,7.84,17.25,C/L,0.10,1.04,1.00,9.30,0,0,0,0,0,0,9,0,1.53,79.68,Off,1.01,0.12,2.73,3.61,0.99,1.57,0.64,1.18,4.37,1.96,0,20
19,Off,444.40,0.41,8.02,OK,0.94,975,15.75,14.43,970,Off,0,-0.58,0.08,8.78,0.02,On,Off,Off,Off,Off,87.75,7.84,0,2.28,39.22,398.78,400,On,43.90,30,-90,9.75,1.40,-1.05,7.84,17.25,C/L,0.10,1.04,1.00,9.30,0,0,0,0,0,0,9,0,1.53,79.68,Off,1.01,0.12,2.73,3.61,0.99,1.57,0.64,1.18,4.37,1.96,0,20
20,Off,444.40,0.41,8.02,OK,0.94,975,15.75,14.43,970,Off,0,-0.58,0.08,8.78,0.02,On,Off,Off,Off,Off,87.75,7.84,0,2.28,39.22,398.78,400,On,43.90,30,-90,9.75,1.40,-1.05,7.84,17.25,C/L,0.10,1.04,1.00,9.30,0,0,0,0,0,0,9,0,1.53,79.68,Off,1.01,0.12,2.73,3.61,0.99,1.57,0.64,1.18,4.37,1.96,0,20
21,Off,444.40,0.41,8.02,OK,0.94,975,15.75,14.43,970,Off,0,-0.58,0.08,8.78,0.02,On,Off,Off,Off,Off,87.75,7.84,0,2.28,39.22,398.78,400,On,43.90,30,-90,9.75,1.40,-1.05,7.84,17.25,C/L,0.10,1.04,1.00,9.30,0,0,0,0,0,0,9,0,1.53,79.68,Off,1.01,0.12,2.73,3.61,0.99,1.57,0.64,1.18,4.37,1.96,0,20
22,Off,444.40,0.41,8.02,OK,0.94,975,15.75,14.43,970,Off,0,-0.58,0.08,8.78,0.02,On,Off,Off,Off,Off,87.75,7.84,0,2.28,39.22,398.78,400,On,43.90,30,-90,9.75,1.40,-1.05,7.84,17.25,C/L,0.10,1.04,1.00,9.30,0,0,0,0,0,0,9,0,1.53,79.68,Off,1.01,0.12,2.73,3.61,0.99,1.57,0.64,1.18,4.37,1.96,0,20
23,Off,444.40,0.41,8.02,OK,0.94,975,15.75,14.43,970,Off,0,-0.58,0.08,8.78,0.02,On,Off,Off,Off,Off,90.00,7.84,0,2.28,39.22,398.78,400,On,43.90,30,-90,9.75,1.40,-1.05,7.84,17.25,C/L,0.10,1.04,1.00,9.30,0,0,0,0,0,0,9,0,1.53,79.68,Off,1.01,0.12,2.73,3.61,0.99,1.57,0.64,1.18,4.37,1.96,0,20
24,Off,444.40,0.41,8.02,OK,0.94,975,15.75,14.43,970,Off,0,-0.58,0.08,8.78,0.02,On,Off,Off,Off,Off,90.00,7.84,0,2.28,39.22,398.78,400,On,43.90,30,-90,9.75,1.40,-1.05,7.84,17.25,C/L,0.10,1.04,1.00,9.30,0,0,0,0,0,0,9,0,1.53,79.68,Off,1.01,0.12,2.73,3.61,0.99,1.57,0.64,1.18,4.37,1.96,0,20
25,Off,444.40,0.41,8.02,OK,0.94,975,15.75,14.43,970,Off,0,-0.58,0.08,8.78,0.02,On,Off,Off,Off,Off,90.00,7.84,1.09,2.28,39.22,398.78,400,On,43.90,30,-90,9.75,1.40,-1.05,7.84,17.25,C/L,0.10,1.04,1.00,9.30,0,0,0,0,0,0,9,0,1.53,79.68,Off,1.01,0.12,2.73,3.61,0.99,1.57,0.64,1.18,4.37,1.96,0,20
26,Off,444.40,0.41,8.02,OK,0.94,975,15.75,14.43,970,Off,0,-0.58,0.08,8.78,0.02,On,Off,Off,Off,Off,90.00,7.84,1.09,2.28,39.22,398.78,400,On,43.90,30,-90,9.75,1.40,-1.05,7.84,17.25,C/L,0.10,1.04,1.00,9.30,0,0,0,0,0,0,9,0,1.53,79.68,Off,1.01,0.12,2.73,3.61,0.99,1.57,0.64,1.18,4.37,1.96,0,20
27,Off,444.40,0.41,8.02,OK,0.94,975,15.75,14.43,970,Off,0,-0.58,0.08,8.78,0.02,On,Off,Off,Off,Off,90.00,7.84,1.09,2.28,48.63,398.78,400,On,43.90,30,-90,9.75,1.40,-1.05,7.84,17.25,C/L,0.10,1.04,1.00,9.30,0,0,0,0,0,0,9,0,1.53,79.68,Off,1.01,0.12,2.73,3.61,0.99,1.57,0.64,1.18,4.37,1.96,0,20
28,Off,444.40,0.41,8.02,OK,0.94,975,15.75,14.43,970,Off,0,-0.58,0.08,8.78,0.02,On,Off,Off,Off,Off,90.00,7.84,1.09,2.28,48.63,395.66,400,On,43.90,30,-90,9.75,1.40,-1.05,7.84,17.25,C/L,0.10,1.04,1.00,9.30,0,0,0,0,0,0,9,0,1.53,79.68,Off,1.01,0.12,2.73,3.61,0.99,1.57,0.64,1.18,4.37,1.96,0,20
29,Off,444.40,0.41,8.02,OK,0.94,975,15.75,14.43,970,Off,0,-0.58,0.08,8.78,0.02,On,Off,Off,Off,Off,90.00,7.84,1.09,2.28,48.63,395.66,400,On,43.90,30,-90,9.75,1.40,-1.05,7.84,17.25,C/L,0.10,1.04,1.00,9.30,0,0,0,0,0,0,9,0,1.53,79.68,Off,1.01,0.12,2.73,3.61,0.99,1.57,0.64,1.18,4.37,1.96,0,20
30,Off,444.40,0.41,8.02,OK,0.94,975,15.75,14.43,970,Off,0,-0.58,0.08,8.78,0.02,On,Off,Off,Off,Off,90.00,7.84,1.09,2.28,48.63,395.66,400,On,43.90,30,-90,9.75,1.40,-1.05,7.84,17.25,C/L,0.10,1.04,1.00,9.30,0,0,0,0,0,0,9,0,1.53,79.68,Off,1.01,0.12,2.73,3.61,0.99,1.57,0.64,1.18,4.37,1.96,0,20
31,Off,444.40,0.41,8.02,OK,0.94,975,15.75,14.43,970,Off,0,-0.58,0.08,8.78,0.02,On,Off,Off,Off,Off,90.00,7.84,1.09,2.28,48.63,395.66,400,On,47.29,30,-90,9.75,1.40,-1.05,7.84,17.25,C/L,0.10,1.04,1.00,9.30,0,0,0,0,0,0,9,0,1.53,79.68,Off,1.01,0.12,2.73,3.61,0.99,1.57,0.64,1.18,4.37,1.96,0,20
32,Off,444.40,0.41,8.02,OK,0.94,975,15.75,14.43,970,Off,0,-0.58,0.08,8.78,0.02,On,Off,Off,Off,Off,90.00,7.84,1.09,2.28,48.63,395.66,400,On,47.29,29,-90,9.75,1.40,-1.05,7.84,17.25,C/L,0.10,1.04,1.00,9.30,0,0,0,0,0,0,9,0,1.53,79.68,Off,1.01,0.12,2.73,3.61,0.99,1.57,0.64,1.18,4.37,1.96,0,20
33,Off,444.40,0.41,8.02,OK,0.94,975,15.75,14.43,970,Off,0,-0.58,0.08,8.78,0.02,On,Off,Off,Off,Off,90.00,7.84,1.09,2.28,48.63,395.66,400,On,47.29,29,-50,9.75,1.40,-1.05,7.84,17.25,C/L,0.10,1.04,1.00,9.30,0,0,0,0,0,0,9,0,1.53,79.68,Off,1.01,0.12,2.73,3.61,0.99,1.57,0.64,1.18,4.37,1.96,0,20
34,Off,444.40,0.41,8.02,OK,0.94,975,15.75,14.43,970,Off,0,-0.58,0.08,8.78,0.02,On,Off,Off,Off,Off,90.00,7.84,1.09,2.28,48.63,395.66,400,On,47.29,29,-50,-4.50,1.40,-1.05,7.84,17.25,C/L,0.10,1.04,1.00,9.30,0,0,0,0,0,0,9,0,1.53,79.68,Off,1.01,0.12,2.73,3.61,0.99,1.57,0.64,1.18,4.37,1.96,0,20
35,Off,444.40,0.41,8.02,OK,0.94,975,15.75,14.43,970,Off,0,-0.58,0.08,8.78,0.02,On,Off,Off,Off,Off,90.00,7.84,1.09,2.28,48.63,395.66,400,On,47.29,29,-50,-4.50,2.74,-1.05,7.84,17.25,C/L,0.10,1.04,1.00,9.30,0,0,0,0,0,0,9,0,1.53,79.68,Off,1.01,0.12,2.73,3.61,0.99,1.57,0.64,1.18,4.37,1.96,0,20
36,Off,444.40,0.41,8.02,OK,0.94,975,15.75,14.43,970,Off,0,-0.58,0.08,8.78,0.02,On,Off,Off,Off,Off,90.00,7.84,1.09,2.28,48.63,395.66,400,On,47.29,29,-50,-4.50,2.74,-1.05,7.84,17.25,C/L,0.10,1.04,1.00,9.30,0,0,0,0,0,0,9,0,1.53,79.68,Off,1.01,0.12,2.73,3.61,0.99,1.57,0.64,1.18,4.37,1.96,0,20
37,Off,444.40,0.41,8.02,OK,0.94,975,15.75,14.43,970,Off,0,-0.58,0.08,8.78,0.02,On,Off,Off,Off,Off,90.00,7.84,1.09,2.28,48.63,395.66,400,On,47.29,29,-50,-4.50,2.74,-1.05,7.84,17.25,C/L,0.10,1.04,1.00,9.30,0,0,0,0,0,0,9,0,1.53,79.68,Off,1.01,0.12,2.73,3.61,0.99,1.57,0.64,1.18,4.37,1.96,0,20
38,Off,444.40,0.41,8.02,OK,0.94,975,15.75,14.43,970,Off,0,-0.58,0.08,8.78,0.02,On,Off,Off,Off,Off,90.00,7.84,1.09,2.28,48.63,395.66,400,On,47.29,29,-50,-4.50,2.74,-1.05,7.84,16.50,C/L,0.10,1.04,1.00,9.30,0,0,0,0,0,0,9,0,1.53,79.68,Off,1.01,0.12,2.73,3.61,0.99,1.57,0.64,1.18,4.37,1.96,0,20
39,Off,444.40,0.41,8.02,OK,0.94,975,15.75,14.43,970,Off,0,-0.58,0.08,8.78,0.02,On,Off,Off,Off,Off,90.00,7.84,1.09,2.28,48.63,395.66,400,On,47.29,29,-50,-4.50,2.74,-1.05,7.84,16.50,C/L,0.10,1.04,1.00,9.30,0,0,0,0,0,0,9,0,1.53,79.68,Off,1.01,0.12,2.73,3.61,0.99,1.57,0.64,1.18,4.37,1.96,0,20
40,Off,444.40,0.41,8.02,OK,0.94,975,15.75,14.43,970,Off,0,-0.58,0.08,8.78,0.02,On,Off,Off,Off,Off,90.00,7.84,1.09,2.28,48.63,395.66,400,On,47.29,29,-50,-4.50,2.74,-1.05,7.84,16.50,C/L,0,1.04,1.00,9.30,0,0,0,0,0,0,9,0,1.53,79.68,Off,1.01,0.12,2.73,3.61,0.99,1.57,0.64,1.18,4.37,1.96,0,20
41,Off,444.40,0.41,8.02,OK,0.94,975,15.75,14.43,970,Off,0,-0.58,0.08,8.78,0.02,On,Off,Off,Off,Off,90.00,7.84,1.09,2.28,48.63,395.66,400,On,47.29,29,-50,-4.50,2.74,-1.05,7.84,16.50,C/L,0,1.04,1.00,9.30,0,0,0,0,0,0,9,0,1.53,79.68,Off,1.01,0.12,2.73,3.61,0.99,1.57,0.64,1.18,4.37,1.96,0,20
42,Off,444.40,0.41,8.02,OK,0.94,975,15.75,14.43,970,Off,0,-0.58,0.08,8.78,0.02,On,Off,Off,Off,Off,90.00,7.84,1.09,2.28,48.63,395.66,400,On,47.29,29,-50,-4.50,2.74,-1.05,7.84,16.50,C/L,0,1.04,1.00,9.30,0,0,0,0,0,0,9,0,1.53,79.68,Off,1.01,0.12,2.73,3.61,0.99,1.57,0.64,1.18,4.37,1.96,0,20
43,Off,444.40,0.41,8.02,OK,0.94,975,15.75,14.43,970,Off,0,-0.58,0.08,8.78,0.02,On,Off,Off,Off,Off,90.00,7.84,1.09,2.28,48.63,395.66,400,On,47.29,29,-50,-4.50,2.74,-1.05,7.84,16.50,C/L,0,1.04,1.00,86.50,0,0,0,0,0,0,9,0,1.53,79.68,Off,1.01,0.12,2.73,3.61,0.99,1.57,0.64,1.18,4.37,1.96,0,20
44,Off,444.40,0.41,8.02,OK,0.94,975,15.75,14.43,970,Off,0,-0.58,0.08,8.78,0.02,On,Off,Off,Off,Off,90.00,7.84,1.09,2.28,48.63,395.66,400,On,47.29,29,-50,-4.50,2.74,-1.05,7.84,16.50,C/L,0,1.04,1.00,86.50,0,0,0,0,0,0,9,0,1.53,79.68,Off,1.01,0.12,2.73,3.61,0.99,1.57,0.64,1.18,4.37,1.96,0,20
45,Off,444.40,0.41,8.02,OK,0.94,975,15.75,14.43,970,Off,0,-0.58,0.08,8.78,0.02,On,Off,Off,Off,Off,90.00,7.84,1.09,2.28,48.63,395.66,400,On,47.29,29,-50,-4.50,2.74,-1.05,7.84,16.50,C/L,0,1.04,1.00,86.50,0,0,0,0,0,0,9,0,1.53,79.68,Off,1.01,0.12,2.73,3.61,0.99,1.57,0.64,1.18,4.37,1.96,0,20
46,Off,444.40,0.41,8.02,OK,0.94,975,15.75,14.43,970,Off,0,-0.58,0.08,8.78,0.02,On,Off,Off,Off,Off,90.00,7.84,1.09,2.28,48.63,395.66,400,On,47.29,29,-50,-4.50,2.74,-1.05,7.84,16.50,C/L,0,1.04,1.00,86.50,0,0,0,0,0,0,9,0,1.53,79.68,Off,1.01,0.12,2.73,3.61,0.99,1.57,0.64,1.18,4.37,1.96,0,20
47,Off,444.40,0.41,8.02,OK,0.94,975,15.75,14.43,970,Off,0,-0.58,0.08,8.78,0.02,On,Off,Off,Off,Off,90.00,7.84,1.09,2.28,48.63,395.66,400,On,47.29,29,-50,-4.50,2.74,-1.05,7.84,16.50,C/L,0,1.04,1.00,86.50,0,0,0,0,0,0,9,0,1.53,79.68,Off,1.01,0.12,2.73,3.61,0.99,1.57,0.64,1.18,4.37,1.96,0,20
48,Off,444.40,0.41,8.02,OK,0.94,975,15.75,14.43,970,Off,0,-0.58,0.08,8.78,0.02,On,Off,Off,Off,Off,90.00,7.84,1.09,2.28,48.63,395.66,400,On,47.29,29,-50,-4.50,2.74,-1.05,7.84,16.50,C/L,0,1.04,1.00,86.50,0,0,0,0,0,0,9,0,1.53,79.68,Off,1.01,0.12,2.73,3.61,0.99,1.57,0.64,1.18,4.37,1.96,0,20
49,Off,444.40,0.41,8.02,OK,0.94,975,15.75,14.43,970,Off,0,-0.58,0.08,8.78,0.02,On,Off,Off,Off,Off,90.00,7.84,1.09,2.28,48.63,395.66,400,On,47.29,29,-50,-4.50,2.74,-1.05,7.84,16.50,C/L,0,1.04,1.00,86.50,0,0,0,0,0,0,9,0,1.53,79.68,Off,1.01,0.12,2.73,3.61,0.99,1.57,0.64,1.18,4.37,1.96,0,20
50,Off,444.40,0.41,8.02,OK,0.94,975,15.75,14.43,970,Off,0,-0.58,0.08,8.78,0.02,On,Off,Off,Off,Off,90.00,7.84,1.09,2.28,48.63,395.66,400,On,47.29,29,-50,-4.50,2.74,-1.05,7.84,16.50,C/L,0,1.04,1.00,86.50,0,0,0,0,0,0,0,0,1.53,79.68,Off,1.01,0.12,2.73,3.61,0.99,1.57,0.64,1.18,4.37,1.96,0,20
51,Off,444.40,0.41,8.02,OK,0.94,975,15.75,14.43,970,Off,0,-0.58,0.08,8.78,0.02,On,Off,Off,Off,Off,90.00,7.84,1.09,2.28,48.63,395.66,400,On,47.29,29,-50,-4.50,2.74,-1.05,7.84,16.50,C/L,0,1.04,1.00,86.50,0,0,0,0,0,0,0,17,1.53,79.68,Off,1.01,0.12,2.73,3.61,0.99,1.57,0.64,1.18,4.37,1.96,0,20
52,Off,444.40,0.41,8.02,OK,0.94,975,15.75,14.43,970,Off,0,-0.58,0.08,8.78,0.02,On,Off,Off,Off,Off,90.00,7.84,1.09,2.28,48.63,395.66,400,On,47.29,29,-50,-4.50,2.74,-1.05,7.84,16.50,C/L,0,1.04,1.00,86.50,0,0,0,0,0,0,0,17,23.55,79.68,Off,1.01,0.12,2.73,3.61,0.99,1.57,0.64,1.18,4.37,1.96,0,20
53,Off,444.40,0.41,8.02,OK,0.94,975,15.75,14.43,970,Off,0,-0.58,0.08,8.78,0.02,On,Off,Off,Off,Off,90.00,7.84,1.09,2.28,48.63,395.66,400,On,47.29,29,-50,-4.50,2.74,-1.05,7.84,16.50,C/L,0,1.04,1.00,86.50,0,0,0,0,0,0,0,17,23.55,79.68,Off,1.01,0.12,2.73,3.61,0.99,1.57,0.64,1.18,4.37,1.96,0,20
54,Off,444.40,0.41,8.02,OK,0.94,975,15.75,14.43,970,Off,0,-0.58,0.08,8.78,0.02,On,Off,Off,Off,Off,90.00,7.84,1.09,2.28,48.63,395.66,400,On,47.29,29,-50,-4.50,2.74,-1.05,7.84,16.50,C/L,0,1.04,1.00,86.50,0,0,0,0,0,0,0,17,23.55,79.68,Off,1.01,0.12,2.73,3.61,0.99,1.57,0.64,1.18,4.37,1.96,0,20
55,Off,444.40,0.41,8.02,OK,0.94,975,15.75,14.43,970,Off,0,-0.58,0.08,8.78,0.02,On,Off,Off,Off,Off,90.00,7.84,1.09,2.28,48.63,395.66,400,On,47.29,29,-50,-4.50,2.74,-1.05,7.84,16.50,C/L,0,1.04,1.00,86.50,0,0,0,0,0,0,0,17,23.55,79.68,Off,0.97,0.12,2.73,3.61,0.99,1.57,0.64,1.18,4.37,1.96,0,20
56,Off,444.40,0.41,8.02,OK,0.94,975,15.75,14.43,970,Off,0,-0.58,0.08,8.78,0.02,On,Off,Off,Off,Off,90.00,7.84,1.09,2.28,48.63,395.66,400,On,47.29,29,-50,-4.50,2.74,-1.05,7.84,16.50,C/L,0,1.04,1.00,86.50,0,0,0,0,0,0,0,17,23.55,79.68,Off,0.97,0.79,2.73,3.61,0.99,1.57,0.64,1.18,4.37,1.96,0,20
57,Off,444.40,0.41,8.02,OK,0.94,975,15.75,14.43,970,Off,0,-0.58,0.08,8.78,0.02,On,Off,Off,Off,Off,90.00,7.84,1.09,2.28,48.63,395.66,400,On,47.29,29,-50,-4.50,2.74,-1.05,7.84,16.50,C/L,0,1.04,1.00,86.50,0,0,0,0,0,0,0,17,23.55,79.68,Off,0.97,0.79,99.60,3.61,0.99,1.57,0.64,1.18,4.37,1.96,0,20
58,Off,444.40,0.41,8.02,OK,0.94,975,15.75,14.43,970,Off,0,-0.58,0.08,8.78,0.02,On,Off,Off,Off,Off,90.00,7.84,1.09,2.28,48.63,395.66,400,On,47.29,29,-50,-4.50,2.74,-1.05,7.84,16.50,C/L,0,1.04,1.00,86.50,0,0,0,0,0,0,0,17,23.55,79.68,Off,0.97,0.79,99.60,3.61,0.99,1.57,0.64,1.18,4.37,1.96,0,20
59,Off,444.40,0.41,8.02,OK,0.94,975,15.75,14.43,970,Off,0,-0.58,0.08,8.78,0.02,On,Off,Off,Off,Off,90.00,7.84,1.09,2.28,48.63,395.66,400,On,47.29,29,-50,-4.50,2.74,-1.05,7.84,16.50,C/L,0,1.04,1.00,86.50,0,0,0,0,0,0,0,17,23.55,79.68,Off,0.97,0.79,99.60,3.61,1.07,1.57,0.64,1.18,4.37,1.96,0,20
60,Off,444.40,0.41,8.02,OK,0.94,975,15.75,14.43,970,Off,0,-0.58,0.08,8.78,0.02,On,Off,Off,Off,Off,90.00,7.84,1.09,2.28,48.63,395.66,400,On,47.29,29,-50,-4.50,2.74,-1.05,7.84,16.50,C/L,0,1.04,1.00,86.50,0,0,0,0,0,0,0,17,23.55,79.68,Off,0.97,0.79,99.60,3.61,1.07,32.16,0.64,1.18,4.37,1.96,0,20
61,Off,444.40,0.41,8.02,OK,0.94,975,15.75,14.43,970,Off,0,-0.58,0.08,8.78,0.02,On,Off,Off,Off,Off,90.00,7.84,1.09,2.28,48.63,395.66,400,On,47.29,29,-50,-4.50,2.74,-1.05,7.84,16.50,C/L,0,1.04,1.00,86.50,0,0,0,0,0,0,0,17,23.55,79.68,Off,0.97,0.79,99.60,3.61,1.07,32.16,1.81,1.18,4.37,1.96,0,20
62,Off,444.40,0.41,8.02,OK,0.94,975,15.75,14.43,970,Off,0,-0.58,0.08,8.78,0.02,On,Off,Off,Off,Off,90.00,7.84,1.09,2.28,48.63,395.66,400,On,47.29,29,-50,-4.50,2.74,-1.05,7.84,16.50,C/L,0,1.04,1.00,86.50,0,0,0,0,0,0,0,17,23.55,79.68,Off,0.97,0.79,99.60,3.61,1.07,32.16,1.81,33.33,4.37,1.96,0,20
63,Off,444.40,0.41,8.02,OK,0.94,975,15.75,14.43,970,Off,0,-0.58,0.08,8.78,0.02,On,Off,Off,Off,Off,90.00,7.84,1.09,2.28,48.63,395.66,400,On,47.29,29,-50,-4.50,2.74,-1.05,7.84,16.50,C/L,0,1.04,1.00,86.50,0,0,0,0,0,0,0,17,23.55,79.68,Off,0.97,0.79,99.60,3.61,1.07,32.16,1.81,33.33,3.15,1.96,0,20
64,Off,444.40,0.41,8.02,OK,0.94,975,15.75,14.43,970,Off,0,-0.58,0.08,8.78,0.02,On,Off,Off,Off,Off,90.00,7.84,1.09,2.28,48.63,395.66,400,On,47.29,29,-50,-4.50,2.74,-1.05,7.84,16.50,C/L,0,1.04,1.00,86.50,0,0,0,0,0,0,0,17,23.55,79.68,Off,0.97,0.79,99.60,3.61,1.07,32.16,1.81,33.33,3.15,34.51,0,20
65,Off,444.40,0.41,8.02,OK,0.94,975,15.75,14.43,970,Off,0,-0.58,0.08,8.78,0.02,On,Off,Off,Off,Off,90.00,7.84,1.09,2.28,48.63,395.66,400,On,47.29,29,-50,-4.50,2.74,-1.05,7.84,16.50,C/L,0,1.04,1.00,86.50,0,0,0,0,0,0,0,17,23.55,79.68,Off,0.97,0.79,99.60,3.61,1.07,32.16,1.81,33.33,3.15,34.51,26.52,20
66,Off,444.40,0.41,8.02,OK,0.94,975,15.75,14.43,970,Off,0,-0.58,0.08,8.78,0.02,On,Off,Off,Off,Off,90.00,7.84,1.09,2.28,48.63,395.66,400,On,47.29,29,-50,-4.50,2.74,-1.05,7.84,16.50,C/L,0,1.04,1.00,86.50,0,0,0,0,0,0,0,17,23.55,79.68,Off,0.97,0.79,99.60,3.61,1.07,32.16,1.81,33.33,3.15,34.51,26.52,33
67,Off,444.40,1.54,31.53,OK,0.94,975,15.75,14.43,1410,Off,0,-0.11,0.01,15.74,27.55,On,Off,Off,Off,Off,90.00,7.84,0.22,2.28,40,399.72,400,On,53.35,29,-1280,16.50,12.29,-1.05,33.73,22.50,C/L,0,1.04,1.00,230.60,0,0,0,0,0,0,0,12,16.82,79.68,Off,1.02,0.74,99.60,3.61,0.98,9.41,0.94,9.80,4.05,8.63,0,90
68,Off,444.40,0.58,11.70,OK,0.94,975,15.75,14.85,990,Off,0,1.48,-0.16,3.82,-0.20,On,Off,Off,Off,Off,91.50,7.84,2.22,2.28,7.84,394.94,400,On,45.39,29,-1050,34.50,4.97,-1.05,42.35,20.25,C/L,0,1.04,1.00,53.90,0,0,0,0,0,0,1,0,7.64,79.68,Off,0.97,0.77,85.15,3.61,0.99,7.06,0.83,5.88,4.19,5.88,0,87
69,Off,444.40,0.49,12.33,OK,0.95,975,15.75,14.43,980,Off,0,0.45,-0.19,1.77,-0.20,On,Off,Off,Off,Off,90.00,7.84,0,2.28,41.18,400.52,400,On,44.62,29,-1010,37.50,4.14,-1.05,7.84,18.00,C/L,0,1.04,1.00,93.70,0,0,0,0,0,0,0,12.50,16.82,79.68,Off,0.99,0.66,0,3.61,1.01,14.12,1.09,13.33,3.89,14.12,0,87
70,Off,444.40,1.07,21.23,OK,0.95,975,15.00,14.71,1070,Off,0,-0.45,-0.24,0.22,-0.14,On,Off,Off,Off,Off,86.25,7.84,0,2.28,41.57,398.93,400,On,45.77,29,-1050,39.00,3.64,-1.05,7.84,18.00,C/L,0,1.04,1.00,19.80,0,0,0,0,0,0,0,5,2.80,79.68,Off,5.49,0.02,0,3.61,1.00,2.75,0.68,2.35,4.32,2.35,0,87
71,Off,444.40,0.41,8.02,OK,0.95,975,15.00,14.43,980,Off,0,-0.06,-0.21,7.33,-0.17,On,Off,Off,Off,Off,86.25,7.84,0,2.28,41.18,399.72,400,On,44.93,29,-1060,38.25,2.00,-1.05,7.84,17.25,C/L,0.30,1.04,1.00,32.20,0,0,0,0,0,0,7,0,4.10,79.68,Off,0.99,0.81,6.25,3.61,1.02,7.84,0.95,9.80,4.07,9.02,0,91
72,Off,444.40,0.58,11.58,OK,0.95,975,15.00,14.57,980,Off,0,-0.35,-0.13,6.93,-0.07,On,Off,Off,Off,Off,87.00,7.84,0,2.28,41.96,392.99,400,On,45.95,29,-1140,38.25,2.85,-1.05,7.84,16.50,C/L,0.30,1.04,1.00,34.80,0,0,0,0,0,0,0,0,6.42,79.68,Off,0.83,0.18,0,3.61,0.97,29.80,1.71,29.80,3.30,28.63,21.06,91
73,Off,444.40,1.22,24.67,OK,0.95,975,15.00,14.43,1210,Off,0,-0.74,-0.10,-0.78,19.30,On,Off,Off,Off,Off,87.75,7.84,0.09,2.28,7.84,399.80,400,On,46.99,29,-1200,24.75,7.91,-1.05,42.35,18.00,C/L,0.30,1.04,1.00,127.20,0,0,0,0,0,0,0,15,17.07,79.68,Off,1.00,0.66,99.60,3.61,1.04,41.18,2.83,77.25,1.12,92.55,46.02,93
74,Off,444.40,1.20,24.04,OK,0.95,975,15.00,14.64,1190,Off,0,-0.61,-0.28,-0.67,11.96,On,Off,Off,Off,Off,89.25,7.84,1.65,2.28,7.84,402.41,400,On,45.73,30,-1180,35.25,5.12,-1.05,45.49,18.75,C/L,0.30,1.04,1.00,119.20,0,0,0,0,0,0,0,9.50,21.32,79.68,Off,0.96,0.21,99.60,3.61,1.05,12.55,1.04,10.98,4.11,8.24,0,92
75,Off,444.40,0.75,14.59,OK,0.96,975,15.00,14.57,1000,Off,0,-0.16,5.89,-0.04,3.86,On,Off,Off,Off,Off,89.25,7.84,0,2.28,39.61,398.42,400,On,45.20,30,-970,35.25,4.16,-1.05,7.84,18.00,C/L,0.30,1.04,1.00,39.50,0,0,0,0,0,0,1,0,11.94,79.68,Off,1.02,0.74,42.57,3.61,0.98,29.41,1.69,29.41,3.94,11.37,9.75,85
76,Off,444.40,0.93,17.78,OK,0.95,975,15.00,14.50,1020,Off,0,-0.53,-0.17,3.44,-0.23,On,Off,Off,Off,Off,87.00,7.84,0,2.28,41.57,400.38,400,On,45.26,30,-1050,40.50,2.21,-1.05,7.84,17.25,C/L,0.30,1.03,1.00,62.50,0,0,0,0,0,0,0,13,16.23,79.68,Off,1.00,0.29,0,3.61,1.06,12.16,1.03,10.98,4.03,9.41,0,88
77,Off,444.40,1.18,23.89,OK,0.95,975,15.00,14.57,1210,Off,0,-0.61,0.14,-0.50,7.78,On,Off,Off,Off,Off,86.25,7.84,0,2.28,7.84,406.54,400,On,10.00,30,-920,-6.00,0.82,-1.05,7.84,17.25,O/L,0.20,1.03,1.00,14.70,0,0,0,0,0,0,7.50,0,1.97,79.68,Off,0.88,0.03,0,3.61,1.00,1.57,0.65,1.57,4.35,1.57,0,43
78,Off,444.40,0.41,8.02,OK,0.95,975,15.00,14.43,970,On,24.71,0.09,-0.17,9.61,-0.06,On,Off,Off,Off,Off,87.00,7.84,0.04,2.28,40.78,402.33,400,On,43.88,30,-50,18.75,1.87,-1.05,7.84,17.25,C/L,0,1.03,1.00,9.20,0,0,0,0,0,0,9,0,1.65,79.68,Off,0.98,0.82,5.08,3.61,0.97,1.57,0.65,1.96,4.34,1.96,0,5
79,Off,444.40,0.41,8.02,OK,0.95,975,15.00,14.15,970,On,20.78,-0.10,-0.10,8.97,-0.15,On,Off,Off,Off,Off,87.75,7.84,0.30,2.28,29.02,386.17,400,On,47.06,30,-1280,27.00,8.45,-1.05,40,17.25,C/L,0,1.03,1.00,204.90,0,0,0,0,0,0,11,22.50,36.76,79.68,Off,1.00,0.70,99.60,3.61,1.06,38.82,2.05,42.35,2.36,74.12,35.10,53
80,Off,444.40,1.65,33.30,OK,0.95,975,15.00,14.43,1450,Off,0,0.04,-0.05,16.09,28.06,On,Off,Off,Off,Off,88.50,7.84,0.22,2.28,40.39,407.05,400,On,52.97,31,-1280,17.25,11.87,-1.05,45.10,25.50,C/L,0,1.03,1.00,200.80,0,0,0,0,0,0,0,13.50,18.74,79.68,Off,1.01,0.72,73.82,3.61,1.00,13.33,1.09,16.86,3.80,15.29,0,96
81,Off,444.40,1.11,23.04,OK,0.96,975,15.00,14.64,1420,Off,0,-0.29,0.02,15.47,32.71,On,Off,Off,Off,Off,89.25,7.84,0.23,2.28,7.84,400.67,400,On,47.58,31,-1280,18.75,9.12,-1.05,44.71,23.25,C/L,0,1.03,1.00,170.30,0,0,0,0,0,0,0,14,15.65,79.68,Off,0.98,0.70,99.60,3.61,0.98,14.90,1.17,15.29,3.86,14.90,0,111
82,Off,444.40,1.04,20.81,OK,0.96,975,15.00,14.57,1140,Off,0,-0.67,0.10,-0.69,5.53,On,Off,Off,Off,Off,90.00,7.84,2.06,2.28,7.84,400.52,400,On,46.86,31,-1280,36.00,5.64,-1.05,43.92,20.25,C/L,0,1.03,1.00,89.40,0,0,0,0,0,0,0,0,4.92,79.68,Off,1.16,0.08,0,3.61,1.00,7.45,0.88,7.84,4.13,7.84,0,110
83,Off,444.40,0.79,15.92,OK,0.96,975,15.00,14.57,1000,Off,0,-0.19,-0.42,1.39,-0.39,On,Off,Off,Off,Off,88.50,7.84,0.68,2.28,41.57,402.84,400,On,45.15,31,-1280,43.50,2.22,-1.05,7.84,18.75,C/L,0,1.03,1.00,40,0,0,0,0,0,0,5,0,8.43,79.68,Off,0.93,0.74,99.60,3.61,0.94,14.90,1.13,14.12,3.90,13.33,0,110
84,Off,444.40,0.88,16.91,OK,0.96,975,15.00,14.43,1020,Off,0,-0.11,-0.39,4.60,-0.44,On,Off,Off,Off,Off,87.00,7.84,2.67,2.28,41.18,397.26,400,On,47.25,32,-1280,27.75,6.92,-1.05,42.75,18.00,C/L,0,1.03,1.00,156.80,0,0,0,0,0,0,0,14.50,16.81,79.68,Off,0.98,0.75,14.84,3.61,1.02,16.47,1.20,16.08,3.82,16.08,0,113
85,Off,444.40,0.97,19.32,OK,0.96,975,15.00,14.50,1080,Off,0,-0.31,-0.44,-0.17,-0.44,On,Off,Off,Off,Off,87.00,7.84,0,2.28,41.18,404.22,400,On,45.43,32,-1280,40.50,3.98,-1.05,7.84,18.75,C/L,0,1.03,1.00,77.10,0,0,0,0,0,0,0,0,14.10,79.68,Off,0.98,0.51,0,3.61,1.01,11.37,1.02,11.37,3.99,11.37,0,111
86,Off,444.40,0.71,14.25,OK,0.96,975,14.25,14.50,1000,Off,0,-0.09,-0.42,4.24,-0.44,On,Off,Off,Off,Off,87.75,7.84,0,2.28,42.35,400.30,400,On,44.29,33,-1280,42.75,1.30,-1.05,7.84,18.00,C/L,0,1.03,1.00,64,1,0,0,0,0,1,1,0,10.21,79.68,Off,1.01,0.70,0,3.61,0.94,7.84,0.84,5.88,4.25,4.31,0,101
87,Off,430.91,0.63,12.62,OK,0.96,975,14.25,14.57,980,Off,0,1.69,-0.21,4.61,-0.29,On,Off,Off,Off,Off,87.75,7.84,0,2.28,41.57,398.93,400,On,44.57,34,-1220,41.25,3.01,-1.05,7.84,17.25,C/L,0,1.03,1.00,22.90,1,0,0,0,0,1,6,0,6.87,79.68,Off,0.93,0.11,0,3.61,1.02,6.67,0.83,4.31,4.28,3.92,0,91
88,Off,430.91,0.41,8.02,OK,0.96,975,14.25,14.50,980,Off,0,0.03,-0.33,0,-0.25,On,Off,Off,Off,Off,87.75,7.84,0,2.28,41.96,396.24,400,On,44.52,34,-970,26.25,2.24,-1.05,7.84,16.50,C/L,0.10,1.03,1.00,32,1,0,0,0,0,1,7,0,6.06,79.68,Off,0.96,0.80,0,3.61,0.99,3.53,0.71,3.14,4.33,1.96,0,78
89,Off,430.91,0.41,8.02,OK,0.96,970,14.25,14.43,980,Off,0,-0.10,-0.14,0.64,-0.09,On,Off,Off,Off,Off,87.00,7.84,0,2.28,42.75,420.96,400,On,10.00,35,-740,-6.75,0.83,-1.05,7.84,16.50,O/L,0.10,1.03,1.00,12.90,1,0,0,0,0,1,2,0,2.14,79.68,Off,11.98,0.00,0,3.61,1.00,1.96,0.66,1.96,4.34,1.96,0,66
90,Off,417.42,0.41,8.02,OK,0.96,970,14.25,14.50,980,On,20,-0.23,-0.17,4.80,-0.12,On,Off,Off,Off,Off,86.25,7.84,0,2.28,42.35,401.25,400,On,44.13,35,-430,-0.75,1.56,-1.05,7.84,16.50,C/L,0,1.03,1.00,11.70,1,0,0,0,0,1,8.50,0,1.59,79.68,Off,0.97,0.41,3.52,3.61,1.02,1.57,0.64,1.57,4.36,1.96,0,15
91,Off,417.42,0.41,8.00,OK,0.96,970,14.25,14.43,970,Off,0,1.18,1.15,7.03,9.85,On,Off,Off,Off,Off,86.25,7.84,0.05,2.28,7.84,393.71,400,On,49.33,35,-1280,27.75,9.33,-1.05,42.75,18.00,C/L,0,1.03,1.00,221.80,0,0,0,0,0,1,9,25.50,35.54,79.68,Off,1.00,0.24,99.60,3.61,1.08,36.86,1.96,36.86,3.04,32.55,0,63
92,Off,417.42,1.26,25.41,OK,0.96,970,15.00,14.57,1260,Off,0,-0.53,4.06,-0.01,-0.25,On,Off,Off,Off,Off,87.00,7.84,1.23,2.28,42.35,400.30,400,On,46.71,36,-1220,34.50,5.13,-1.05,41.57,20.25,C/L,0,1.03,1.00,63.60,0,0,0,0,0,1,0,7.50,17.42,79.68,Off,1.02,0.70,99.60,3.61,1.03,13.73,1.10,12.16,4.00,11.76,0,78
93,Off,417.42,0.85,17.23,OK,0.96,970,15.00,14.36,1050,Off,0,-0.63,-0.27,2.02,-0.07,On,Off,Off,Off,Off,90.00,7.84,0,2.28,36.47,399.94,400,On,44.81,36,-890,39.00,2.71,-1.05,7.84,18.75,C/L,0,1.03,1.00,19.60,0,0,0,0,0,1,8,0,3.66,79.68,Off,0.97,0.75,0,3.61,1.01,3.14,0.70,3.14,4.30,3.14,0,77
94,Off,417.42,0.41,8.02,OK,0.96,970,15.00,14.50,980,Off,0,-0.12,-0.14,0.47,-0.15,On,Off,Off,Off,Off,89.25,7.84,0,2.28,41.96,405.31,400,On,10.00,37,-820,-6.75,0.80,-1.05,7.84,17.25,O/L,0.30,1.03,1.00,13.20,0,0,0,0,0,1,1,0,3.15,79.68,Off,0.92,0.03,0,3.61,1.00,2.75,0.69,2.75,4.31,2.75,0,68
95,Off,417.42,0.41,8.02,OK,0.96,975,15.00,14.50,970,Off,0,0.32,-0.47,3.71,-0.40,On,Off,Off,Off,Off,87.00,7.84,0.13,2.28,42.35,398.35,400,On,43.77,37,-400,4.50,1.40,-1.05,7.84,17.25,C/L,0.50,1.03,1.00,12.70,0,0,0,0,0,1,7.50,0,1.87,79.68,Off,1.02,0.75,10.94,3.61,0.98,8.24,0.89,8.24,4.11,8.24,0,52
96,Off,417.42,0.79,15.87,OK,0.96,975,14.25,14.57,990,Off,0,-0.14,-0.16,1.52,-0.18,On,Off,Off,Off,Off,86.25,7.84,1.87,2.28,43.14,398.13,400,On,44.45,37,-860,38.25,1.54,-1.05,7.84,16.50,C/L,0.50,1.03,1.00,14.60,0,0,0,0,0,1,2.50,0,2.70,79.68,Off,0.96,0.28,30.86,3.61,1.06,4.31,0.73,3.53,4.33,2.35,0,50
97,Off,417.42,0.73,15.40,OK,0.95,975,14.25,14.64,980,Off,0,-0.77,-0.24,4.60,-0.33,On,Off,Off,Off,Off,87.00,7.84,2.25,2.28,42.35,399.80,400,On,44.93,38,-730,37.50,1.69,-1.05,7.84,16.50,C/L,0.50,1.03,1.00,31,0,0,0,0,0,1,3,0,6.39,79.68,Off,0.98,0.15,47.65,3.61,1.01,3.92,0.72,3.53,4.28,3.92,0,47
98,Off,417.42,0.68,13.60,OK,0.96,975,15.00,14.50,980,Off,0,0.11,-0.39,7.19,-0.45,On,Off,Off,Off,Off,87.75,7.84,0.96,2.28,41.96,400.52,400,On,44.11,38,-560,15.75,1.97,-1.05,7.84,16.50,C/L,0.50,1.03,1.00,27.80,0,0,0,0,0,1,9,0,2.48,79.68,Off,1.04,0.71,24.61,3.61,1.01,2.35,0.67,2.35,4.34,1.96,0,46
99,Off,417.42,0.65,12.70,OK,0.96,975,15.00,14.64,970,Off,0,-1.01,-0.17,7.27,-0.25,On,Off,Off,Off,Off,88.50,7.84,0.40,2.28,40.39,400.16,400,On,43.75,39,-120,4.50,1.39,-1.05,7.84,16.50,C/L,0.40,1.03,1.00,9.40,0,0,0,0,0,1,8.50,0,1.40,79.68,Off,0.99,0.62,0,3.61,1.00,1.18,0.63,1.18,4.37,1.18,0,37
100,Off,417.42,0.41,8.02,OK,0.96,975,14.25,14.50,970,On,14.51,0.53,-0.24,8.50,-0.12,On,Off,Off,Off,Off,89.25,7.84,0,2.28,42.35,401.39,400,On,43.56,39,-600,36.75,3.65,-1.05,7.84,16.50,C/L,0.50,1.03,1.00,81.40,0,0,0,0,0,1,0,0,12.06,79.68,Off,1.00,0.13,0,3.56,1.05,9.80,0.95,9.80,4.05,9.02,0,37
101,Off,417.42,0.82,14.79,OK,0.95,975,15.00,14.50,1000,Off,0,-0.67,-0.35,2.41,-0.29,On,Off,Off,Off,Off,89.25,7.84,0,2.28,43.53,404.29,400,On,44.62,39,-750,35.25,5.38,-1.05,41.96,16.50,C/L,0.50,1.03,1.00,54.10,0,0,0,0,0,1,9,0,2.49,79.68,Off,0.99,0.11,0,3.56,1.04,5.10,0.80,6.27,4.06,9.80,0,46
102,Off,417.42,0.88,17.71,OK,0.95,975,15.00,14.57,1010,Off,0,-1.38,-0.25,2.60,-0.31,On,Off,Off,Off,Off,88.50,7.84,0,2.28,44.71,401.32,400,On,43.88,40,-650,-0.75,1.34,-1.05,7.84,16.50,C/L,0.50,1.03,1.00,16.20,0,0,0,0,0,1,3,0,2.82,79.68,Off,0.92,0.15,4.30,3.56,1.00,3.53,0.72,3.53,4.29,3.53,0,50
103,Off,417.42,0.64,12.82,OK,0.95,975,15.00,14.57,970,Off,0,-0.23,-0.27,8.61,-0.28,On,Off,Off,Off,Off,87.75,7.84,0.38,2.28,43.14,396.61,400,On,44.26,40,-790,37.50,1.63,-1.05,7.84,16.50,C/L,0.60,1.03,1.00,22.80,0,0,0,0,0,1,8.50,0,2.88,79.68,Off,1.00,0.10,0,3.56,1.11,1.96,0.69,3.53,4.29,3.53,0,51
104,Off,417.42,0.75,15.06,OK,0.95,975,15.00,14.57,980,Off,0,-0.27,-0.24,1.78,-0.20,On,Off,Off,Off,Off,87.75,7.84,0.10,2.28,36.08,400.38,400,On,44.31,40,-810,38.25,2.69,-1.05,7.84,16.50,C/L,0.60,1.03,1.00,25.20,0,0,0,0,0,1,5,0,6.91,79.68,Off,0.99,0.39,44.53,3.56,0.96,3.14,0.71,3.53,4.29,3.53,0,51
105,Off,417.42,0.64,12.82,OK,0.95,975,15.00,14.71,970,Off,0,1.27,-0.33,8.06,-0.34,On,Off,Off,Off,Off,87.75,7.84,1.04,2.28,42.75,401.32,400,On,43.64,40,-570,37.50,2.33,-1.05,7.84,15.75,C/L,0.60,1.03,1.00,29.80,0,0,0,0,0,1,7.50,0,1.88,79.68,Off,1.01,0.76,18.36,3.56,0.99,1.18,0.64,1.18,4.37,1.18,0,36
106,Off,417.42,0.41,8.00,OK,0.95,975,15.00,14.43,970,On,23.14,-0.03,-0.17,8.89,-0.18,On,Off,Off,Off,Off,87.75,7.84,0.23,2.28,41.96,403.28,400,On,43.39,41,-40,0.75,2.05,-1.05,7.84,16.50,C/L,0.50,1.03,1.00,10.10,0,0,0,0,0,1,9.50,0,2.33,79.68,Off,1.01,0.67,0,3.56,0.98,1.96,0.66,1.96,4.34,1.96,0,1
107,Off,417.42,0.41,8.02,OK,0.95,975,15.00,14.36,970,On,9.02,0.58,-0.22,9.17,-0.20,On,Off,Off,Off,Off,87.75,7.84,0,2.28,49.02,404.15,400,On,47.12,41,-40,5.25,2.01,-1.05,7.84,16.50,C/L,0.40,1.03,1.00,11.70,0,0,0,0,0,1,9,0,2.31,79.68,Off,1.05,0.57,0,3.47,1.01,1.57,0.67,2.35,4.32,2.75,0,0
108,Off,417.42,0.41,8.02,OK,0.95,975,15.00,14.43,970,Off,0,0.30,-0.21,9.64,-0.12,On,Off,Off,Off,Off,88.50,7.84,0,2.28,41.18,401.32,400,On,43.81,42,0,9.75,1.93,-1.05,7.84,16.50,C/L,0.30,1.03,1.00,60.90,0,0,0,0,0,1,0,0,11.11,79.68,Off,1.02,0.13,0,3.47,1.06,11.76,1.03,11.76,3.98,10.98,0,18
109,Off,417.42,0.98,19.61,OK,0.95,975,15.00,14.43,1040,Off,0,-0.30,-0.33,0.55,-0.31,On,Off,Off,Off,Off,89.25,7.84,0,2.28,42.75,402.84,400,On,44.71,42,-760,36.75,3.41,-1.05,7.84,18.00,C/L,0.30,1.03,1.00,27.90,0,0,0,0,0,1,6.50,0,2.21,79.68,Off,1.01,0.08,0,3.47,1.10,1.57,0.65,1.57,4.35,1.57,0,31
110,Off,417.42,0.41,8.02,OK,0.95,975,15.00,14.43,970,Off,0,-0.17,-0.21,8.30,-0.29,On,Off,Off,Off,Off,88.50,7.84,0,2.28,42.35,399.14,400,On,43.33,42,-150,32.25,3.01,-1.05,7.84,17.25,C/L,0.10,1.03,1.00,24,0,0,0,0,0,1,9,0,4.26,79.68,Off,1.02,0.79,0,3.61,0.96,2.35,0.68,2.35,4.33,1.57,0,32
111,Off,417.42,0.70,14.11,OK,0.95,975,15.00,14.50,980,Off,0,-1.13,-0.28,5.09,-0.20,On,Off,Off,Off,Off,88.50,7.84,0,2.28,42.35,400.38,400,On,43.51,43,-310,0.75,1.38,-1.05,7.84,17.25,C/L,0.20,1.03,1.00,11.40,0,0,0,0,0,1,7,0,2.24,79.68,Off,0.98,0.18,0,3.66,1.02,1.96,0.66,1.96,4.35,1.57,0,33
112,Off,417.42,0.41,8.00,OK,0.95,975,15.00,14.43,970,On,29.80,0.07,-0.30,9.03,-0.20,On,Off,Off,Off,Off,88.50,7.84,0.03,2.28,43.92,404.15,400,On,43.72,43,0,1.50,2.13,-1.05,7.84,16.50,C/L,0.20,1.03,1.00,11.90,0,0,0,0,0,1,9,0,2.13,79.68,Off,1.03,0.82,5.08,3.66,0.96,1.96,0.66,1.96,4.35,1.96,0,0
113,Off,417.42,0.41,8.00,OK,0.95,975,15.00,14.22,970,On,25.49,-0.37,-0.25,9.16,-0.22,On,Off,Off,Off,Off,88.50,7.84,0.18,2.28,7.84,389.72,400,On,45.54,43,-1200,35.25,5.48,-1.05,47.45,17.25,C/L,0.10,1.03,1.00,95.20,0,0,0,0,0,1,0,7.50,15.79,79.68,Off,1.00,0.55,71.87,3.66,1.00,14.90,1.10,13.73,3.89,14.12,0,37
114,Off,417.42,0.93,18.52,OK,0.95,975,15.75,14.43,1030,Off,0,-0.91,-0.42,-1.09,6.75,On,Off,Off,Off,Off,88.50,7.84,2.79,2.28,43.53,402.77,400,On,44.88,44,-890,36.75,3.44,-1.05,7.84,19.50,C/L,0.10,1.03,1.00,63.30,0,0,0,0,0,1,0,0,8.82,79.68,Off,1.00,0.10,0,3.66,1.05,2.75,0.67,1.96,4.34,1.57,0,42
115,Off,417.42,0.41,8.02,OK,0.95,975,15.00,14.22,980,Off,1.18,-0.04,-0.31,8.56,-0.18,On,Off,Off,Off,Off,89.25,7.84,0,2.28,43.14,402.26,400,On,43.44,44,-160,8.25,1.30,-1.05,7.84,18.75,C/L,0.20,1.03,1.00,9.40,0,0,0,0,0,1,3.50,0,9.69,79.68,Off,0.99,0.83,0,3.70,0.97,14.51,1.12,14.51,3.84,15.29,0,32
116,Off,417.42,1.08,21.82,OK,0.95,975,15.00,14.57,1160,Off,0,-0.95,1.16,-0.89,6.78,On,Off,Off,Off,Off,90.00,7.84,0,2.28,42.35,404.80,400,On,45.32,45,-930,35.25,5.30,-1.05,45.88,18.75,C/L,0.20,1.03,1.00,81.10,0,0,0,0,0,1,0,0,8.93,79.68,Off,1.02,0.71,0,3.70,0.99,5.49,0.74,2.75,4.32,2.35,0,46
117,Off,417.42,0.89,18.32,OK,0.95,975,15.00,14.64,1020,Off,0,-0.74,-0.10,-0.81,0.45,On,Off,Off,Off,Off,89.25,7.84,0,2.28,45.10,406.90,400,On,44.64,45,-570,37.50,3.44,-1.05,7.84,18.00,C/L,0.20,1.03,1.00,45.10,0,0,0,0,0,1,4.50,0,2.94,79.68,Off,1.01,0.78,3.12,3.70,0.94,3.92,0.79,5.49,4.13,10.98,0,47
118,Off,417.42,0.95,18.67,OK,0.95,975,15.00,14.57,1010,Off,0,-0.19,-0.41,1.80,-0.29,On,Off,Off,Off,Off,89.25,7.84,0,2.28,37.65,402.26,400,On,43.87,45,-650,0.75,1.22,-1.05,7.84,18.00,C/L,0.20,1.03,1.00,19.90,0,0,0,0,0,1,5,0,6.33,79.68,Off,1.01,0.76,7.03,3.70,0.98,6.27,0.82,6.27,4.18,6.67,0,50
119,Off,417.42,0.75,14.79,OK,0.95,975,15.00,14.43,980,Off,0,-0.20,-0.41,7.25,-0.42,On,Off,Off,Off,Off,89.25,7.84,0.87,2.28,42.75,401.90,400,On,43.49,46,-720,-1.50,1.38,-1.05,7.84,17.25,O/L,0.30,1.03,1.00,12.70,0,0,0,0,0,1,1,0,2.32,79.68,Off,11.20,0.00,0,3.70,1.00,4.71,0.77,5.10,4.15,6.27,0,55
120,Off,417.42,0.66,13.28,OK,0.95,975,15.00,14.64,980,Off,0,-0.16,-0.39,8.45,-0.37,On,Off,Off,Off,Off,88.50,7.84,0.16,2.28,43.14,394.94,400,On,45.26,46,-930,36.75,3.54,-1.05,7.84,16.50,C/L,0.30,1.03,1.00,51,0,0,0,0,0,1,6,0,5.38,79.68,Off,0.99,0.15,59.76,3.70,1.08,8.24,0.89,8.24,4.12,7.84,0,55
121,Off,417.42,0.79,15.87,OK,0.95,975,15.00,14.43,990,Off,0,0.23,-0.42,1.44,-0.39,On,Off,Off,Off,Off,87.75,7.84,1.84,2.28,44.31,401.10,400,On,45.71,47,-770,30.75,5.75,-1.05,42.35,17.25,C/L,0.30,1.03,1.00,52.70,0,0,0,0,0,1,3,0,2.56,79.68,Off,1.01,0.32,27.34,3.70,1.07,2.35,0.67,2.35,4.30,3.53,0,45
122,Off,417.42,0.68,13.55,OK,0.95,975,15.00,14.57,980,Off,0,3.23,-0.38,5.30,-0.22,On,Off,Off,Off,Off,87.75,7.84,0.63,2.28,46.67,405.02,400,On,44.44,47,-870,35.25,4.13,-1.05,7.84,16.50,C/L,0.30,1.03,1.00,54.70,0,0,0,0,0,1,2,0,6.61,79.68,Off,1.00,0.17,26.17,3.70,1.02,6.67,0.83,6.67,4.16,7.06,0,47
123,Off,417.42,0.69,13.79,OK,0.94,975,15.00,14.57,980,Off,0,-0.01,-0.38,4.03,-0.42,On,Off,Off,Off,Off,88.50,7.84,0.88,2.28,42.35,403.64,400,On,44.07,48,-360,1.50,1.47,-1.05,7.84,16.50,C/L,0.40,1.03,1.00,9.80,0,0,0,0,0,1,8,0,1.40,79.68,Off,0.99,0.66,17.58,3.70,0.99,1.18,0.63,1.18,4.38,1.18,0,42
124,Off,417.42,0.41,8.02,OK,0.94,975,15.00,14.43,970,On,23.53,-0.20,-0.33,8.77,-0.29,On,Off,Off,Off,Off,88.50,7.84,0.53,2.28,43.14,400.01,400,On,43.79,48,-50,6.75,1.74,-1.05,7.84,16.50,C/L,0.80,1.03,1.00,9.20,0,0,0,0,0,1,9.50,0,1.65,79.68,Off,0.99,0.59,19.53,3.70,0.98,1.57,0.65,1.57,4.32,3.14,0,7
125,Off,417.42,1.02,20.40,OK,0.94,975,15.00,14.43,1030,Off,0,-0.69,-0.45,-0.01,-0.44,On,Off,Off,Off,Off,88.50,7.84,2.54,2.28,58.04,402.84,400,On,44.27,48,-850,39.00,3.65,-1.05,7.84,17.25,C/L,0.60,1.03,1.00,56,0,0,0,0,0,1,1,0,10.99,79.68,Off,1.05,0.74,99.60,3.70,0.97,10.98,0.91,7.84,4.13,7.84,0,33
126,Off,417.42,0.83,16.70,OK,0.94,975,15.00,14.50,1000,Off,0,-0.47,-0.36,1.25,-0.33,On,Off,Off,Off,Off,88.50,7.84,0.12,2.28,43.92,399.22,400,On,44.61,49,-1000,39.00,2.97,-1.05,7.84,17.25,C/L,0.60,1.03,1.00,67.20,0,0,0,0,0,1,0.50,0,10.13,79.68,Off,0.99,0.15,0,3.70,1.05,8.24,0.87,7.06,4.16,7.45,0,42
127,Off,417.42,0.75,13.06,OK,0.94,975,15.75,14.57,990,Off,0,-0.22,-0.30,0.33,-0.53,On,Off,Off,Off,Off,87.75,7.84,0,2.28,43.92,396.61,400,On,44.42,49,-970,29.25,2.16,-1.05,7.84,17.25,C/L,0.60,1.03,1.00,34.60,0,0,0,0,0,1,0,9,27.54,79.68,Off,1.01,0.54,0,3.70,1.05,19.22,1.30,19.22,3.69,19.61,0,47
128,Off,417.42,1.20,24.12,OK,0.94,975,15.00,14.43,1270,Off,0,0.94,0.68,2.17,12.35,On,Off,Off,Off,Off,87.75,7.84,0,2.28,7.84,397.84,400,On,47.20,49,-1280,33.75,6.72,-1.05,43.14,19.50,C/L,0.60,1.03,1.00,95.80,0,0,0,0,0,1,0,4,11.92,79.68,Off,0.96,0.33,0,3.70,1.02,8.24,0.90,8.24,4.01,13.33,1.56,72
129,Off,417.42,0.93,18.69,OK,0.94,975,15.00,14.57,1030,Off,0,-0.56,-0.49,1.33,-0.40,On,Off,Off,Off,Off,89.25,7.84,0,2.28,43.14,399.22,400,On,46.12,50,-1250,39.00,3.62,-1.05,7.84,18.75,C/L,0.60,1.03,1.00,66.50,0,0,0,0,0,1,3,0,8.73,79.68,Off,0.94,0.18,0,3.70,1.00,8.63,0.89,7.84,4.11,11.76,3.12,73
130,Off,417.42,1.03,20.64,OK,0.94,975,15.00,14.57,1080,Off,0,-0.65,-0.52,0,-0.50,On,Off,Off,Off,Off,90.00,7.84,0,2.28,7.84,403.86,400,On,46.06,50,-1280,36.00,5.35,-1.05,7.84,18.00,C/L,0.60,1.03,1.00,70.10,0,0,0,0,0,1,0,5,18.13,79.68,Off,1.01,0.73,7.03,3.70,0.98,14.51,1.12,14.51,3.88,14.12,0,82
131,Off,417.42,0.74,14.84,OK,0.94,975,15.00,14.50,1010,Off,0,-0.41,-0.42,3.25,-0.40,On,Off,Off,Off,Off,90.00,7.84,1.05,2.28,42.75,402.99,400,On,44.67,50,-910,38.25,2.87,-1.05,7.84,17.25,C/L,0.60,1.03,1.00,36.10,0,0,0,0,0,1,0.50,0,10.23,79.68,Off,0.99,0.17,70.31,3.70,1.00,7.06,0.87,7.84,4.12,6.67,0,78
132,Off,417.42,1.00,20.37,OK,0.94,975,14.25,14.36,1110,Off,0,-0.42,1.92,-0.70,1.99,On,Off,Off,Off,Off,89.25,7.84,2.34,2.28,7.84,402.41,400,On,46.75,50,-940,12.00,10.65,-1.05,42.35,18.00,C/L,0.60,1.03,1.00,73.50,0,0,0,0,0,1,1.50,19,20.14,79.68,Off,0.96,0.17,99.60,3.70,1.03,58.82,3.10,78.82,1.10,93.73,47.97,90
133,Off,417.42,1.39,28.04,OK,0.94,975,14.25,14.50,1350,Off,0,1.22,1.83,-1.01,18.11,On,Off,Off,Off,Off,89.25,7.84,0.45,2.28,7.84,400.74,400,On,46.82,51,-1270,36.75,4.29,-1.05,7.84,19.50,C/L,0.60,1.03,1.00,60.20,0,0,0,0,0,1,0,0,11.93,79.68,Off,1.03,0.44,63.28,3.70,1.03,3.53,0.73,3.92,4.23,5.88,0,96
134,Off,417.42,0.66,13.16,OK,0.95,970,14.25,14.50,980,Off,0,0.26,-0.30,1.66,-0.31,On,Off,Off,Off,Off,89.25,7.84,0,2.28,7.84,412.27,400,On,10.00,51,-1080,-4.50,1.52,-1.05,7.84,17.25,O/L,0.70,1.03,1.00,49.90,0,0,0,0,0,1,0,5,14.01,79.68,Off,1.03,0.35,3.52,3.70,0.98,12.16,1.16,18.04,3.80,16.86,0,88
135,Off,417.42,1.01,20.34,OK,0.95,970,14.25,14.50,1140,Off,0,-0.91,-0.05,-0.91,10.99,On,Off,Off,Off,Off,88.50,7.84,1.89,2.28,7.84,400.16,400,On,45.87,50,-1100,36.75,4.35,-1.05,7.84,18.00,C/L,0.70,1.03,1.00,66.20,0,0,0,0,0,1,1.50,0,5.56,79.68,Off,1.01,0.29,0,3.70,1.09,5.49,0.83,7.45,4.13,7.84,0,85
136,Off,417.42,0.89,17.62,OK,0.95,970,14.25,14.43,1010,Off,0,0.54,-0.38,5.24,-0.39,On,Off,Off,Off,Off,87.75,7.84,0,2.28,42.75,403.78,400,On,44.14,50,-920,39.00,4.15,-1.05,7.84,16.50,C/L,0.70,1.03,1.00,56.50,0,0,0,0,0,1,0.50,0,10.59,79.68,Off,1.01,0.73,0,3.70,0.97,14.12,1.06,12.55,3.95,12.16,0,80
137,Off,417.42,0.67,13.38,OK,0.95,970,14.25,14.50,990,Off,0,0.13,-0.27,8.30,-0.33,On,Off,Off,Off,Off,87.75,7.84,0,2.28,43.92,399.58,400,On,45.20,50,-860,36.00,3.82,-1.05,7.84,16.50,C/L,0.70,1.02,1.00,39.90,0,0,0,0,0,1,0,0,9.93,79.68,Off,1.01,0.12,0,3.70,0.99,4.71,0.76,4.71,4.19,6.67,0,77
138,Off,417.42,0.58,11.24,OK,0.95,970,14.25,14.57,980,Off,0,0.11,-0.21,0.41,-0.26,On,Off,Off,Off,Off,87.75,7.84,0,2.28,43.92,416.18,400,On,44.64,49,-580,-3.75,1.41,-1.05,7.84,16.50,O/L,0.80,1.02,1.00,21.20,0,0,0,0,0,1,1.50,0,11.01,79.68,Off,0.94,0.84,4.30,3.70,0.96,7.84,0.83,5.49,4.23,5.10,0,70
139,Off,417.42,0.74,15.43,OK,0.95,970,14.25,14.50,1020,Off,0,-0.92,-0.11,-0.92,2.71,On,Off,Off,Off,Off,87.00,7.84,0.04,2.28,7.84,399.00,400,On,45.90,49,-1280,21.00,7.00,-1.05,45.49,17.25,C/L,0.80,1.02,1.00,168.50,0,0,0,0,0,1,2.50,17,15.74,79.68,Off,0.99,0.82,99.60,3.70,0.98,12.55,1.05,12.55,3.93,12.94,0,85
140,Off,417.42,1.02,20.44,OK,0.95,970,14.25,14.57,1090,Off,0,-0.75,0.68,-0.58,-0.28,On,Off,Off,Off,Off,87.00,7.84,2.51,2.28,43.53,401.25,400,On,45.51,49,-1040,36.75,4.20,-1.05,7.84,18.00,C/L,0.80,1.02,1.00,19.70,0,0,0,0,0,1,1.50,0,10.03,79.68,Off,0.94,0.69,0,3.70,0.98,7.45,0.81,5.10,4.29,3.53,0,85
141,Off,417.42,0.57,11.44,OK,0.95,970,14.25,14.50,980,Off,0,-1.12,-0.28,-0.18,-0.20,On,Off,Off,Off,Off,88.50,7.84,0,2.28,43.53,402.62,400,On,43.99,49,-930,38.25,3.95,-1.05,7.84,16.50,C/L,0.90,1.02,1.00,46.80,0,0,0,0,0,1,1,0,9.04,79.68,Off,1.00,0.72,0,3.70,0.98,7.45,0.88,8.63,4.09,9.41,0,81
142,Off,417.42,0.85,17.76,OK,0.95,970,14.25,14.43,1040,Off,0,-0.67,-0.26,-0.67,0.39,On,Off,Off,Off,Off,88.50,7.84,0,2.28,44.31,402.99,400,On,44.87,49,-960,36.75,4.19,-1.05,7.84,16.50,C/L,0.90,1.02,1.00,66.90,0,0,0,0,0,1,1,0,7.87,79.68,Off,1.01,0.59,0,3.70,0.96,7.84,0.88,7.84,4.12,7.84,0,82
143,Off,417.42,0.86,17.78,OK,0.95,970,14.25,14.43,1010,Off,0,-0.27,-0.27,0.63,-0.20,On,Off,Off,Off,Off,88.50,7.84,0,2.28,41.96,394.73,400,On,45.30,49,-970,34.50,4.73,-1.05,7.84,16.50,C/L,0.90,1.02,1.00,59.30,0,0,0,0,0,1,0.50,0,13.10,79.68,Off,0.99,0.19,0,3.70,1.00,14.90,1.12,14.12,3.90,13.33,0,85
144,Off,417.42,0.99,19.81,OK,0.95,970,14.25,14.43,1040,Off,0,-0.81,-0.31,1.06,-0.29,On,Off,Off,Off,Off,88.50,7.84,0,2.28,47.06,402.84,400,On,44.09,48,-1000,3.00,1.19,-1.05,7.84,16.50,O/L,0.90,1.02,1.00,34.70,0,0,0,0,0,1,1,0,12.36,79.68,Off,1.00,0.19,0,3.70,0.97,10.98,1.00,10.98,4.00,10.98,0,83
145,Off,417.42,0.91,18.18,OK,0.95,970,14.25,14.36,1020,Off,0,-0.09,-0.22,0.19,-0.26,On,Off,Off,Off,Off,88.50,7.84,0.26,2.28,44.71,401.90,400,On,45.27,48,-1020,39.00,3.23,-1.05,7.84,17.25,C/L,0.90,1.02,1.00,40.10,0,0,0,0,0,1,3,0,5.78,79.68,Off,0.98,0.19,37.50,3.70,1.04,6.27,0.82,6.27,4.16,7.45,0,85
146,Off,417.42,0.82,16.53,OK,0.95,970,14.25,14.57,990,Off,0,-0.31,-0.31,0.11,-0.15,On,Off,Off,Off,Off,88.50,7.84,1.93,2.28,7.84,397.04,400,On,45.56,48,-1010,33.75,5.32,-1.05,45.49,16.50,C/L,0.90,1.02,1.00,77.50,0,0,0,0,0,1,0,3.50,12.85,79.68,Off,0.99,0.65,99.60,3.70,0.99,12.94,1.06,12.55,3.94,12.55,0,88
147,Off,417.42,1.00,20.17,OK,0.95,970,14.25,14.36,1160,Off,0,-0.89,0.62,-0.91,16.52,On,Off,Off,Off,Off,88.50,7.84,0.63,2.28,7.84,398.20,400,On,45.95,47,-1200,33.00,5.76,-1.05,43.53,18.00,C/L,0.90,1.02,1.00,70.10,0,0,0,0,0,1,0,0,8.60,79.68,Off,1.02,0.67,99.60,3.70,0.94,9.80,1.00,12.16,3.98,11.37,0,96
148,Off,417.42,0.97,19.01,OK,0.96,970,14.25,14.50,1030,Off,0,-0.56,-0.31,-0.23,-0.31,On,Off,Off,Off,Off,88.50,7.84,0,2.28,43.92,396.90,400,On,45.30,47,-1180,41.25,2.57,-1.05,7.84,17.25,C/L,0.90,1.02,1.00,71.60,0,0,0,0,0,1,0,3,12.95,79.68,Off,1.00,0.11,99.60,3.70,1.06,12.16,1.04,12.16,3.96,12.16,0,95
149,Off,417.42,0.93,18.67,OK,0.96,970,14.25,14.57,1030,Off,0,-0.16,-0.30,0.63,-0.37,On,Off,Off,Off,Off,88.50,7.84,2.90,2.28,43.53,395.30,400,On,45.51,47,-1240,36.75,4.72,-1.05,45.10,17.25,C/L,0.90,1.02,1.00,75.40,0,0,0,0,0,1,1.50,0,7.86,79.68,Off,0.98,0.14,82.02,3.70,1.03,5.88,0.81,5.88,4.20,7.06,0,96
150,Off,417.42,0.80,16.09,OK,0.95,970,14.25,14.64,1000,Off,0,-0.80,-0.33,2,-0.40,On,Off,Off,Off,Off,88.50,7.84,2.40,2.28,40.78,403.57,400,On,43.98,47,-1200,40.50,1.83,-1.05,7.84,16.50,C/L,0.90,1.02,1.00,20.50,0,0,0,0,0,1,0,20,30.50,79.68,Off,1.06,0.08,99.60,3.70,1.07,13.73,1.10,13.73,3.95,10.59,0,97
151,Off,417.42,0.83,16.38,OK,0.95,975,14.25,14.57,1010,Off,0,-1.20,-0.24,-0.44,-0.26,On,Off,Off,Off,Off,87.75,7.84,0,2.28,41.18,404.58,400,On,44.53,46,-1210,40.50,2.25,-1.05,7.84,16.50,C/L,0.90,1.02,1.00,58.10,0,0,0,0,0,1,1,0,10.13,79.68,Off,1.01,0.74,8.98,3.70,0.94,9.80,0.96,9.80,4.09,7.84,0,97
152,Off,417.42,0.84,16.86,OK,0.95,975,15.00,14.64,1010,Off,0,-0.37,-0.38,5.60,-0.37,On,Off,Off,Off,Off,87.75,7.84,2.39,2.28,42.35,402.41,400,On,44.35,46,-1280,42.75,2.41,-1.05,7.84,16.50,C/L,0.90,1.02,1.00,22.30,0,0,0,0,0,1,6.50,0,3.94,79.68,Off,1.00,0.29,43.75,3.70,1.07,8.24,0.90,8.24,4.11,8.63,0,101
153,Off,417.42,0.71,14.23,OK,0.95,975,15.00,14.57,990,Off,0,-0.63,-0.33,5.89,-0.34,On,Off,Off,Off,Off,87.00,7.84,0,2.28,43.53,392.26,400,On,44.89,46,-1280,39.75,3.76,-1.05,7.84,16.50,C/L,0.90,1.02,1.00,52.50,0,0,0,0,0,1,0,0,4.08,79.68,Off,1.93,0.58,0,3.70,1.00,3.92,0.81,6.67,4.11,8.63,0,93
154,Off,417.42,0.93,19.05,OK,0.95,975,15.00,14.43,1050,Off,0,-0.89,-0.11,-0.81,5.16,On,Off,Off,Off,Off,87.00,7.84,0.03,2.28,7.84,398.49,400,On,46.57,45,-1130,32.25,6.90,-1.05,49.02,17.25,C/L,0.90,1.02,1.00,146.50,0,0,0,0,0,1,0,17,18.53,79.68,Off,0.98,0.80,10.94,3.70,0.98,13.33,1.08,12.16,3.98,10.20,0,92
155,Off,417.42,0.84,16.87,OK,0.95,975,15.00,14.43,1010,Off,0,-0.02,-0.25,1.06,-0.26,On,Off,Off,Off,Off,87.75,7.84,0.14,2.28,7.84,396.68,400,On,47.41,45,-1120,18.00,7.78,-1.05,39.22,18.00,C/L,0.90,1.02,1.00,142.40,0,0,0,0,0,1,0,18,17.39,79.68,Off,0.96,0.79,11.33,3.70,1.01,14.51,1.10,13.33,3.97,12.16,0,95
156,Off,417.42,0.91,18.15,OK,0.95,975,15.00,14.57,1030,Off,0,-0.22,-0.33,-0.22,0.06,On,Off,Off,Off,Off,88.50,7.84,0,2.28,7.84,397.98,400,On,47.04,45,-1210,26.25,8.21,-1.05,45.49,18.00,C/L,0.90,1.02,1.00,170.50,0,0,0,0,0,1,8,24,36.60,79.68,Off,0.98,0.75,0,3.70,1.01,17.65,1.26,16.08,3.82,16.08,0,102
157,Off,417.42,1.02,20.35,OK,0.96,975,15.00,14.64,1100,Off,0,-2.55,-0.39,-0.62,-0.26,On,Off,Off,Off,Off,89.25,7.84,0,2.28,27.45,419.51,400,On,10.00,44,-1250,-1.50,0.76,-1.05,7.84,18.00,O/L,1,1.03,1.00,18,0,0,0,0,0,1,7,0,3.89,79.68,Off,0.97,0.02,0,3.70,1.00,7.45,0.86,7.45,4.14,7.45,0,92
158,Off,417.42,0.64,12.62,OK,0.96,975,15.00,14.36,980,Off,0,-0.53,-0.24,-0.34,-0.31,On,Off,Off,Off,Off,88.50,7.84,0,2.28,40.78,396.61,400,On,45.02,44,-1110,21.00,2.42,-1.05,7.84,16.50,C/L,1,1.03,1.00,22.10,0,0,0,0,0,1,7.50,0,7.38,79.68,Off,1.00,0.53,0,3.70,0.96,7.84,0.88,7.84,4.13,7.84,0,88
159,Off,417.42,0.80,16.30,OK,0.95,975,15.00,14.43,1000,Off,0,0.01,-0.41,1.69,-0.26,On,Off,Off,Off,Off,87.75,7.84,0.24,2.28,43.92,398.56,400,On,45.20,43,-1090,39.75,3.42,-1.05,7.84,16.50,C/L,1,1.03,1.00,45.10,0,0,0,0,0,1,0,0,12.63,79.68,Off,1.02,0.78,35.15,3.70,0.96,15.29,1.14,14.51,3.88,18.43,16.38,91
160,Off,417.42,1.15,23.05,OK,0.95,975,15.00,14.50,1170,Off,0,-0.94,0.05,-0.89,11.74,On,Off,Off,Off,Off,87.00,7.84,2.38,2.28,44.31,401.90,400,On,46.13,43,-1160,34.50,4.97,-1.05,45.49,18.00,C/L,1,1.03,1.00,69,0,0,0,0,0,1,1.50,0,7.71,79.68,Off,1.00,0.58,55.07,3.70,1.04,6.27,0.82,6.27,4.17,6.67,0,90
161,Off,417.42,0.82,16.45,OK,0.95,975,15.00,14.43,1000,Off,0,-0.26,-0.27,1.41,-0.23,On,Off,Off,Off,Off,87.75,7.84,2.82,2.28,42.75,400.16,400,On,44.73,43,-1050,40.50,2.81,-1.05,7.84,17.25,C/L,1,1.03,1.00,73.20,0,0,0,0,0,1,0,0,9.45,79.68,Off,1.02,0.71,99.60,3.70,1.03,10.20,0.97,10.20,3.98,12.16,0,87
162,Off,417.42,0.93,18.62,OK,0.95,975,15.00,14.50,1080,Off,0,-0.77,-0.04,-0.84,4.60,On,Off,Off,Off,Off,88.50,7.84,0.93,2.28,47.06,404.73,400,On,44.73,43,-1120,41.25,2.63,-1.05,7.84,17.25,C/L,1,1.03,1.00,54,0,0,0,0,0,1,7,0,3.80,79.68,Off,1.03,0.69,0,3.70,0.98,8.24,0.94,9.80,4.07,8.63,0,88
163,Off,417.42,0.60,11.51,OK,0.95,970,15.00,14.64,980,Off,0,0.16,-0.31,5.03,-0.33,On,Off,Off,Off,Off,88.50,7.84,0,2.28,44.71,398.20,400,On,44.24,43,-1050,12.75,1.22,-1.05,7.84,16.50,C/L,1,1.02,1.00,60.40,0,0,0,0,0,1,0.50,0,11.24,79.68,Off,1.03,0.74,0,3.70,0.96,13.73,1.16,15.69,3.86,13.73,0,87
164,Off,417.42,0.84,16.60,OK,0.95,970,15.00,14.50,1010,Off,0,0.20,-0.25,0.14,-0.34,On,Off,Off,Off,Off,87.75,7.84,0,2.28,7.84,397.26,400,On,45.13,43,-1120,37.50,4.35,-1.05,7.84,17.25,C/L,1,1.02,1.00,58.90,0,0,0,0,0,1,1.50,0,8.62,79.68,Off,0.98,0.69,0,3.70,0.99,9.41,0.95,9.80,4.08,9.02,0,91
165,Off,417.42,1.04,21.98,OK,0.95,975,15.00,14.43,1200,Off,0,-0.88,1.05,-0.86,11.20,On,Off,Off,Off,Off,87.75,7.84,0,2.28,45.49,402.41,400,On,45.60,42,-1220,40.50,2.93,-1.05,7.84,18.00,C/L,1,1.02,1.00,34.90,0,0,0,0,0,1,0,16.50,21.16,79.68,Off,1.06,0.07,0,3.70,1.05,16.86,1.14,13.73,3.89,14.51,0,98
166,Off,417.42,0.96,19.20,OK,0.95,975,15.00,14.57,1070,Off,0,-0.77,-0.33,-0.03,-0.36,On,Off,Off,Off,Off,87.75,7.84,0,2.28,42.75,401.32,400,On,44.56,42,-1280,42.75,2.32,-1.05,7.84,17.25,C/L,1,1.02,1.00,43.90,0,0,0,0,0,1,0,7,14.89,79.68,Off,1.01,0.18,0,3.70,1.04,12.55,1.06,12.55,3.97,11.37,0,102
167,Off,417.42,0.79,15.89,OK,0.96,975,15.00,14.57,1010,Off,0,0.17,-0.31,5,-0.34,On,Off,Off,Off,Off,88.50,7.84,0,2.28,43.14,399.14,400,On,45.57,42,-1280,37.50,4.68,-1.05,7.84,17.25,C/L,1,1.02,1.00,80.60,0,0,0,0,0,1,0,3,14.23,79.68,Off,1.00,0.68,0,3.70,1.01,12.16,0.97,9.80,4.05,9.02,0,103
168,Off,417.42,0.68,9.24,OK,0.96,975,15.00,14.57,1000,Off,0,-0.30,-0.25,-0.18,-0.31,On,Off,Off,Off,Off,87.75,7.84,0,2.28,43.14,396.32,400,On,44.65,42,-1280,18.75,2.17,-1.05,7.84,17.25,C/L,1.10,1.02,1.00,24.30,0,0,0,0,0,1,0,0,2.91,79.68,Off,5.24,0.03,0,3.70,1.00,2.75,0.68,2.75,4.31,2.75,0,95
169,Off,417.42,0.58,12.90,OK,0.95,975,15.00,14.50,980,Off,0,-0.61,-0.36,2.02,-0.36,On,Off,Off,Off,Off,87.75,7.84,0,2.28,42.75,400.09,400,On,45.17,42,-1190,34.50,5.25,-1.05,45.10,16.50,C/L,1.20,1.02,1.00,82.60,0,0,0,0,0,1,4.50,0,7.36,79.68,Off,0.96,0.15,11.33,3.70,1.02,7.06,0.85,8.24,4.07,9.41,0,95
170,Off,417.42,0.83,16.67,OK,0.95,975,15.00,14.57,1010,Off,0,-0.01,-0.30,1.93,-0.31,On,Off,Off,Off,Off,87.00,7.84,1.35,2.28,43.14,400.67,400,On,45.12,41,-1210,39.00,4.23,-1.05,7.84,16.50,C/L,1.20,1.02,1.00,46.30,0,0,0,0,0,1,7,0,5.81,79.68,Off,1.03,0.08,62.10,3.70,1.09,7.84,0.87,7.84,4.13,8.24,0,93
171,Off,417.42,0.71,14.18,OK,0.95,975,15.00,14.36,990,Off,0,1.52,-0.31,0.41,-0.18,On,Off,Off,Off,Off,87.00,7.84,2.27,2.28,43.92,400.74,400,On,45.10,41,-1140,39.00,3.52,-1.05,7.84,17.25,C/L,1.20,1.02,1.00,39.90,0,0,0,0,0,1,3.50,0,9.00,79.68,Off,0.96,0.71,99.60,3.70,0.97,11.37,1.08,13.73,3.93,12.94,0,90
172,Off,417.42,1.10,22.35,OK,0.95,975,15.00,14.64,1160,Off,0,-0.86,1.25,-0.42,-0.22,On,Off,Off,Off,Off,87.75,7.84,2.28,2.28,7.84,396.03,400,On,45.43,41,-1060,34.50,4.89,-1.05,45.88,18.00,C/L,1.20,1.02,1.00,59.40,0,0,0,0,0,1,0.50,0,10.71,79.68,Off,1.01,0.32,99.60,3.70,0.98,10.59,1.01,13.33,3.92,13.33,0,86
173,Off,417.42,1,20.03,OK,0.95,975,15.00,14.50,1080,Off,0,-0.90,-0.28,0.38,-0.22,On,Off,Off,Off,Off,87.75,7.84,1.58,2.28,38.04,397.77,400,On,44.81,41,-1050,39.00,3.35,-1.05,7.84,17.25,C/L,1.20,1.02,1.00,101.40,0,0,0,0,0,1,0,8.50,14.21,79.68,Off,0.96,0.20,99.60,3.70,1.05,10.98,1.02,11.76,3.96,8.63,0,91
174,Off,417.42,0.82,16.53,OK,0.95,975,15.75,14.50,1010,Off,0,-0.02,-0.21,0.77,-0.28,On,Off,Off,Off,Off,88.50,7.84,3.22,2.28,43.53,403.06,400,On,44.87,41,-1280,42.00,2.74,-1.05,7.84,17.25,C/L,1.20,1.02,1.00,44.10,0,0,0,0,0,1,0.50,0,11.43,79.68,Off,1.03,0.76,99.60,3.70,0.98,10.98,1.00,10.98,4.01,10.98,0,100
175,Off,417.42,0.67,13.14,OK,0.95,975,15.00,14.71,1000,Off,0,0.73,-0.27,1.36,-0.33,On,Off,Off,Off,Off,88.50,7.84,3.07,2.28,42.35,399.94,400,On,44.90,41,-1250,42.00,2.73,-1.05,7.84,17.25,C/L,1.20,1.02,1.00,50.30,0,0,0,0,0,1,0,11,16.12,79.68,Off,1.02,0.58,99.60,3.70,1.02,10.20,0.99,13.33,3.93,12.55,4.68,96
176,Off,417.42,1.11,22.49,OK,0.95,975,15.00,14.64,1120,Off,0,-0.74,-0.38,-0.47,-0.37,On,Off,Off,Off,Off,87.75,7.84,2.38,2.28,43.92,404.94,400,On,45.51,41,-1080,36.00,5.73,-1.05,43.14,18.00,C/L,1.20,1.02,1.00,87.50,0,0,0,0,0,1,0,8,14.92,79.68,Off,0.98,0.25,0,3.70,1.06,18.82,1.28,18.82,3.71,18.82,0,93
177,Off,417.42,1.18,23.83,OK,0.95,975,15.00,14.78,1190,Off,0,-0.95,0.09,-0.97,17.64,On,Off,Off,Off,Off,87.75,7.84,0,2.28,7.84,398.06,400,On,47.10,40,-1280,24.75,5.67,-1.05,40.78,18.75,C/L,1.20,1.02,1.00,106.40,0,0,0,0,0,1,0,10.50,15.27,79.68,Off,1.01,0.30,0,3.70,1.01,14.90,1.14,14.90,3.87,14.51,0,103
178,Off,417.42,0.90,17.94,OK,0.96,975,15.00,14.57,1050,Off,0,-0.55,-0.35,0.39,-0.33,On,Off,Off,Off,Off,88.50,7.84,0,2.28,42.75,405.96,400,On,44.21,40,-1280,31.50,1.59,-1.05,7.84,18.00,C/L,1.20,1.02,1.00,77.90,0,0,0,0,0,1,0,10,15.39,79.68,Off,1.00,0.14,0,3.70,1.05,14.90,1.15,15.29,3.86,14.90,0,105
179,Off,417.42,1.04,20.89,OK,0.96,975,15.00,14.57,1150,Off,0,-0.91,0.86,-0.87,4.94,On,Off,Off,Off,Off,88.50,7.84,0,2.28,43.92,401.54,400,On,45.51,40,-1280,36.00,5.21,-1.05,45.10,18.00,C/L,1.20,1.02,1.00,63.10,0,0,0,0,0,1,1.50,0,8.09,79.68,Off,0.99,0.53,0,3.70,1.01,5.49,0.79,5.49,4.22,5.49,0,103
180,Off,417.42,0.83,16.89,OK,0.96,975,15.00,14.57,1020,Off,0,-0.13,-0.33,0.41,-0.36,On,Off,Off,Off,Off,88.50,7.84,0,2.28,7.84,395.74,400,On,45.42,40,-1280,39.75,4.07,-1.05,7.84,18.00,C/L,1.20,1.02,1.00,58.90,0,0,0,0,0,1,2.50,0,8.55,79.68,Off,1.01,0.74,0,3.70,0.94,7.06,0.85,6.67,4.19,5.88,0,98
181,Off,417.42,0.68,13.78,OK,0.95,975,15.00,14.57,980,Off,0,-0.01,-0.39,6.83,-0.40,On,Off,Off,Off,Off,87.75,7.84,0,2.28,40.39,397.84,400,On,44.33,40,-1210,42.00,2.33,-1.05,7.84,16.50,C/L,1.20,1.02,1.00,34.50,0,0,0,0,0,1,0,0,4.09,79.68,Off,1.12,0.78,0,3.70,1.00,3.92,0.73,3.92,4.28,4.31,0,95
182,Off,417.42,0.74,14.84,OK,0.96,975,15.00,14.50,980,Off,0,-0.06,-0.35,0.28,-0.29,On,Off,Off,Off,Off,87.75,7.84,0.07,2.28,7.84,397.48,400,On,45.26,40,-1200,39.00,3.74,-1.05,7.84,17.25,C/L,1.20,1.02,1.00,40.70,0,0,0,0,0,1,3,0,7.90,79.68,Off,0.96,0.58,18.36,3.70,0.94,8.24,0.89,8.24,4.11,8.24,0,91
183,Off,417.42,0.74,14.62,OK,0.95,975,15.00,14.50,990,Off,0,-0.31,-0.33,1.47,-0.29,On,Off,Off,Off,Off,87.00,7.84,2.38,2.28,39.22,402.41,400,On,44.62,40,-1080,40.50,2.09,-1.05,7.84,16.50,C/L,1.20,1.02,1.00,27.10,0,0,0,0,0,1,7.50,0,3.72,79.68,Off,0.96,0.22,39.45,3.70,1.08,7.45,0.87,7.84,4.12,8.24,0,83
184,Off,417.42,0.79,15.80,OK,0.95,975,15.00,14.64,990,Off,0,-0.35,-0.19,1.19,-0.22,On,Off,Off,Off,Off,87.00,7.84,2.79,2.28,43.14,398.56,400,On,44.65,40,-980,39.75,2.12,-1.05,7.84,16.50,C/L,1.20,1.02,1.00,38.40,0,1,0,0,0,1,0,0,10.33,79.68,Off,0.99,0.76,99.60,3.70,1.02,11.37,1.03,11.76,4.04,9.80,0,83
185,Off,417.42,0.93,18.75,OK,0.95,975,15.75,14.50,1040,Off,0,-0.72,-0.62,-0.72,0.06,On,Off,Off,Off,Off,87.75,7.84,2.54,2.28,7.84,394.51,400,On,45.54,40,-1030,33.00,4.32,-1.05,41.96,17.25,C/L,1.20,1.02,1.00,72.80,0,1,0,0,0,1,0.50,0,9.10,79.68,Off,0.99,0.58,99.60,3.70,1.01,11.37,0.99,10.98,4.00,10.98,0,87
186,Off,417.42,0.83,16.23,OK,0.95,975,15.75,14.57,1010,Off,0,-0.28,-0.22,5.49,-0.28,On,Off,Off,Off,Off,87.75,7.84,2.14,2.28,7.84,397.48,400,On,45.09,40,-1040,35.25,4.81,-1.05,47.06,17.25,C/L,1.20,1.02,1.00,54,0,1,0,0,0,1,1,0,9.23,79.68,Off,0.99,0.74,99.60,3.70,1.00,8.63,0.90,8.24,4.11,8.24,0,87
187,Off,417.42,0.71,14.04,OK,0.95,975,15.00,14.50,990,Off,0,-1.38,-0.28,7.36,-0.25,On,Off,Off,Off,Off,88.50,7.84,1.46,2.28,43.53,397.62,400,On,45.15,40,-1020,32.25,5.94,-1.05,44.71,17.25,C/L,1.20,1.02,1.00,61.60,0,1,0,0,0,1,0,0,9.59,79.68,Off,1.00,0.78,46.48,3.70,1.00,9.80,0.95,9.80,4.07,7.45,0,87
188,Off,417.42,0.81,16.13,OK,0.95,975,15.00,14.50,1000,Off,0,-2.42,-0.31,6.47,-0.26,On,Off,Off,Off,Off,88.50,7.84,0,2.28,43.14,399.72,400,On,44.72,40,-980,39.75,2.73,-1.05,7.84,16.50,C/L,1.20,1.02,1.00,42.50,0,1,0,0,0,1,8,0,3.46,79.68,Off,1.03,0.74,0,3.70,0.99,3.53,0.72,3.92,4.26,4.31,0,80
189,Off,417.42,0.41,8.01,OK,0.94,975,15.75,14.43,980,Off,0,0.46,-0.25,5.86,-0.33,On,Off,Off,Off,Off,88.50,7.84,0,2.28,40,401.03,400,On,43.66,40,-830,38.25,3.47,-1.05,7.84,16.50,C/L,1.20,1.02,1.00,43.50,0,1,0,0,0,1,1.50,0,8.90,79.68,Off,1.01,0.69,0,3.70,0.94,5.88,0.81,6.27,4.23,4.31,0,76
190,Off,417.42,0.69,13.60,OK,0.94,975,15.75,14.43,980,Off,0,-0.81,-0.28,0.16,-0.18,On,Off,Off,Off,Off,87.75,7.84,0,2.28,43.14,406.90,400,On,10.00,40,-760,-6.75,0.86,-1.05,7.84,16.50,O/L,1.20,1.02,1.00,13.20,0,1,0,0,0,1,2,0,2.09,79.68,Off,11.43,-0.00,0,3.70,1.00,1.96,0.65,1.96,4.34,1.96,0,67
191,Off,417.42,0.41,8.01,OK,0.94,975,15.75,14.64,980,Off,0,0.24,-0.30,3.75,-0.40,On,Off,Off,Off,Off,87.00,7.84,0,2.28,40.78,428.72,400,On,10.00,40,-550,-6.75,0.89,-1.05,7.84,16.50,O/L,0.90,1.02,1.00,12.20,0,1,0,0,0,1,5,0,1.76,79.68,Off,1.30,0.00,0,3.70,1.00,2.35,0.68,2.35,4.32,2.75,0,57
192,Off,417.42,0.41,8.01,OK,0.94,975,15.75,14.36,970,On,10.59,-0.13,-0.21,6.71,-0.25,On,Off,Off,Off,Off,87.00,7.84,0.03,2.28,41.96,401.25,400,On,43.77,41,-180,1.50,1.49,-1.05,7.84,16.50,C/L,0.80,1.02,1.00,9.90,0,1,0,0,0,1,8.50,0,1.42,79.68,Off,0.96,0.12,4.30,3.70,0.99,1.18,0.63,1.18,4.36,1.18,0,23
193,Off,417.42,0.41,8.01,OK,0.94,975,15.75,14.15,970,On,26.67,-0.24,-0.27,9.16,-0.12,On,Off,Off,Off,Off,86.25,7.84,0.17,2.28,43.14,402.41,400,On,43.75,41,-10,10.50,2.01,-1.05,7.84,16.50,C/L,0.50,1.02,1.00,10.90,0,1,0,0,0,1,9,0,1.90,79.68,Off,0.98,0.82,14.06,3.70,1.00,5.49,0.84,8.24,3.93,17.25,20.67,3
194,Off,417.42,1.22,24.46,OK,0.94,975,15.75,14.50,1210,Off,0,-1.33,-0.45,-1.23,13.85,On,Off,Off,Off,Off,87.00,7.84,2.47,2.28,7.84,401.68,400,On,45.40,41,-1160,38.25,3.48,-1.05,7.84,18.00,C/L,0.40,1.02,1.00,87.80,0,1,0,0,0,1,0,3.50,13.49,79.68,Off,0.99,0.15,99.60,3.70,1.01,9.41,0.94,9.41,4.11,7.84,0,47
195,Off,417.42,0.78,16.55,OK,0.95,975,15.75,14.43,1020,Off,0,-0.74,1.62,0.27,-0.53,On,Off,Off,Off,Off,87.75,7.84,2.52,2.28,43.92,404.15,400,On,44.51,41,-710,38.25,2.40,-1.05,7.84,18.00,C/L,0.40,1.02,1.00,31.30,0,1,0,0,0,1,8.50,0,3.88,79.68,Off,1.00,0.20,41.40,3.70,1.04,3.92,0.73,3.92,4.28,3.92,0,51
196,Off,417.42,0.74,14.80,OK,0.95,975,15.75,14.57,980,Off,0,-0.73,-0.38,1.96,-0.36,On,Off,Off,Off,Off,88.50,7.84,0.92,2.28,44.71,403.86,400,On,43.73,41,-750,36.75,1.85,-1.05,7.84,17.25,C/L,0.40,1.02,1.00,38,0,1,0,0,0,1,2,0,7.93,79.68,Off,1.00,0.53,0,3.70,0.98,5.49,0.78,4.71,4.27,2.75,0,53
197,Off,417.42,0.58,11.66,OK,0.94,975,15.75,14.57,980,Off,0,0.37,-0.30,9.52,-0.31,On,Off,Off,Off,Off,89.25,7.84,0.06,2.28,34.51,397.77,400,On,44.42,41,-800,37.50,3.23,-1.05,7.84,16.50,C/L,0.50,1.02,1.00,21.90,0,1,0,0,0,1,2.50,0,7.03,79.68,Off,1.00,0.74,7.81,3.70,0.99,7.06,0.84,6.67,4.19,4.31,0,52
198,Off,417.42,0.41,8.01,OK,0.95,975,15.75,14.43,980,Off,0,-0.40,-0.33,2.94,-0.42,On,Off,Off,Off,Off,88.50,7.84,0,2.28,44.31,412.70,400,On,10.00,41,-530,-6.75,0.92,-1.05,7.84,16.50,O/L,0.50,1.02,1.00,41.80,0,1,0,0,0,1,1.50,0,9.47,79.68,Off,1.00,0.82,2.73,3.70,1.01,10.98,1.04,12.16,3.97,11.76,0,48
199,Off,417.42,0.84,16.86,OK,0.94,975,15.75,14.57,1010,Off,0,-0.04,-0.28,4.42,-0.37,On,Off,Off,Off,Off,87.75,7.84,0.27,2.28,41.96,402.12,400,On,43.98,42,-590,3.00,1.31,-1.05,7.84,16.50,C/L,0.50,1.02,1.00,14.70,0,1,0,0,0,1,9,0,6.18,79.68,Off,0.91,0.20,18.75,3.70,1.01,5.88,0.81,5.10,4.22,5.10,0,47
200,Off,417.42,0.66,12.90,OK,0.94,975,15.75,14.57,980,Off,0,-0.24,-0.31,4.25,-0.42,On,Off,Off,Off,Off,87.75,7.84,0.20,2.28,44.31,402.84,400,On,43.51,42,-200,3.75,1.31,-1.05,7.84,16.50,C/L,0.50,1.02,1.00,44.70,1,1,0,1,0,1,0,0,13.95,79.68,Off,1.00,0.58,4.30,3.70,0.99,13.33,1.08,13.33,3.91,13.73,0,42
201,Off,430.91,0.90,18.11,OK,0.94,975,15.75,14.50,1030,Off,0,0.11,-0.27,0.89,-0.23,On,Off,Off,Off,Off,87.75,7.84,0,2.28,41.96,401.25,400,On,44.88,42,-930,37.50,2.86,-1.05,7.84,17.25,C/L,0.50,1.02,1.00,25.70,1,1,0,1,0,1,9,0,2.70,79.68,Off,0.96,0.44,0,3.70,1.01,2.35,0.68,2.35,4.33,2.35,0,47
202,Off,417.42,0.74,14.69,OK,0.94,975,15.75,14.64,980,Off,0,-1.55,-0.38,9.08,-0.44,On,Off,Off,Off,Off,88.50,7.84,0.14,2.28,41.96,399.80,400,On,44.11,43,-650,37.50,2.69,-1.05,7.84,16.50,C/L,0.60,1.02,1.00,36.80,1,1,0,1,0,1,3.50,0,6.59,79.68,Off,1.03,0.69,14.45,3.70,0.97,3.92,0.73,4.71,4.23,5.49,0,48
203,Off,417.42,0.75,14.99,OK,0.94,975,15.75,14.50,980,Off,0,0.15,-0.38,3.63,-0.50,On,Off,Off,Off,Off,88.50,7.84,0,2.28,42.35,398.20,400,On,44.90,43,-850,34.50,3.78,-1.05,7.84,16.50,C/L,0.60,1.02,1.00,41.50,0,1,0,1,0,1,0,11,30.13,79.68,Off,1.06,0.08,0,3.70,1.08,71.37,1.18,11.76,4.10,4.71,0,62
204,Off,430.91,0.41,8.01,OK,0.94,975,15.75,14.50,990,Off,0,-0.42,-0.35,3.82,-0.36,On,Off,Off,Off,Off,88.50,7.84,0.00,2.28,35.69,395.44,400,On,44.18,43,-1210,35.25,3.33,-1.05,7.84,17.25,C/L,0.70,1.02,1.00,44.20,0,1,0,1,0,1,9,0,21.16,79.68,Off,1.01,0.80,7.42,3.70,1.05,20.78,1.31,10.98,4.08,9.02,0,62
205,Off,417.42,0.76,19.82,OK,0.94,975,15.75,14.50,1190,Off,0,-1.59,1.27,6.82,21.17,On,Off,Off,Off,Off,89.25,7.84,0.16,2.28,43.53,397.62,400,On,52.26,44,-1280,11.25,13.47,-1.05,44.71,21.00,C/L,0.70,1.02,1.00,314.30,0,1,0,1,0,1,2,3.50,16.27,79.68,Off,1.04,0.76,14.06,3.70,1.01,10.20,0.94,8.63,4.09,9.02,0,95
206,Off,430.91,0.79,13.21,OK,0.94,975,15.00,14.71,1000,Off,0,-0.21,-0.41,5.83,-0.36,On,Off,Off,Off,Off,89.25,7.84,0,2.28,43.92,402.84,400,On,45.03,44,-1150,38.25,3.96,-1.05,7.84,20.25,C/L,0.70,1.02,1.00,25,0,1,0,1,0,1,7,0,5.65,79.68,Off,1.02,0.04,0,3.70,1.02,8.63,0.97,11.37,3.96,12.16,0,91
207,Off,430.91,0.99,19.59,OK,0.94,975,15.00,14.43,1070,Off,0,-0.83,0.38,-0.31,-0.36,On,Off,Off,Off,Off,90.00,7.84,0.31,2.28,43.92,404.15,400,On,45.41,44,-1160,34.50,5.60,-1.05,46.27,18.75,C/L,0.70,1.02,1.00,75.90,0,1,0,1,0,1,1.50,0,8.82,79.68,Off,1.02,0.18,7.42,3.70,1.02,3.92,0.72,3.53,4.28,3.92,0,91
208,Off,430.91,0.41,8.01,OK,0.95,975,15.00,14.71,980,Off,0,-0.23,-0.36,5.22,-0.31,On,Off,Off,Off,Off,89.25,7.84,0,2.28,46.67,400.38,400,On,44.42,45,-1080,39.75,2.45,-1.05,7.84,17.25,C/L,0.70,1.02,1.00,58.60,0,1,0,1,0,1,1,0,12.72,79.68,Off,1.01,0.71,16.01,3.70,0.96,9.80,0.96,10.98,4.00,11.37,0,88
209,Off,430.91,0.90,17.98,OK,0.94,975,15.00,14.71,1020,Off,0,0.03,-0.31,0.52,-0.36,On,Off,Off,Off,Off,87.75,7.84,0.35,2.28,44.71,405.74,400,On,44.17,45,-1120,36.00,1.75,-1.05,7.84,18.00,C/L,0.70,1.02,1.00,61.70,0,1,0,1,0,1,0,0,3.80,79.68,Off,1.11,0.74,0,3.70,1.05,11.76,1.03,11.37,4.05,9.80,0,88
210,Off,430.91,0.85,17.11,OK,0.94,975,15.75,14.43,1010,Off,0,0.23,-0.33,0,-0.36,On,Off,Off,Off,Off,87.75,7.84,0,2.28,48.24,402.62,400,On,43.76,45,-1060,15.75,1.56,-1.05,7.84,18.00,C/L,0.70,1.02,1.00,52.40,0,1,0,1,0,1,0.50,0,3.62,79.68,Off,1.08,0.77,0,3.70,1.02,7.45,0.96,10.98,4.02,10.59,0,86
211,Off,417.42,0.82,16.31,OK,0.94,975,15.00,14.43,1000,Off,0,0.84,-0.35,6.06,-0.31,On,Off,Off,Off,Off,87.75,7.84,0,2.28,37.65,398.56,400,On,45.35,45,-980,26.25,9.66,-1.05,7.84,17.25,O/L,0.70,1.02,1.00,31.90,0,1,0,1,0,1,1.50,0,8.00,79.68,Off,0.96,0.16,3.52,3.70,0.98,7.45,0.89,10.20,4.00,10.98,0,81
212,Off,417.42,0.90,18.04,OK,0.94,975,15.00,14.57,1010,Off,0,-0.61,-0.88,-0.67,0.66,On,Off,Off,Off,Off,87.75,7.84,0,2.28,39.61,402.26,400,On,44.33,45,-910,39.00,2.71,-1.05,7.84,17.25,C/L,0.70,1.02,1.00,23.60,0,1,0,1,0,1,0,0,3.33,79.68,Off,1.04,0.78,0,3.70,1.09,5.88,0.80,5.88,4.19,5.88,0,78
213,Off,417.42,0.69,14.43,OK,0.95,975,15.00,14.43,980,Off,0,-0.30,-0.28,0.11,-0.14,On,Off,Off,Off,Off,87.75,7.84,0,2.28,43.53,398.56,400,On,44.38,46,-860,35.25,4.35,-1.05,7.84,17.25,C/L,0.70,1.02,1.00,67.70,0,1,0,1,0,1,1,0,7.93,79.68,Off,0.97,0.34,0,3.70,1.01,5.49,0.79,3.92,4.30,3.14,0,77
214,Off,417.42,0.59,11.70,OK,0.94,975,15.00,14.57,980,Off,0,1.88,-0.25,5.39,-0.23,On,Off,Off,Off,Off,87.75,7.84,0,2.28,41.57,398.78,400,On,44.19,46,-850,37.50,3.82,-1.05,7.84,16.50,C/L,0.70,1.01,1.00,104,0,1,0,1,0,1,1,9.50,12.34,79.68,Off,0.99,0.21,0,3.70,1.02,13.73,0.99,12.16,3.95,12.55,0,82
215,Off,430.91,1.23,27.46,OK,0.95,975,15.00,14.50,1260,Off,0,-0.78,2.02,-0.78,9.93,On,Off,Off,Off,Off,87.75,7.84,0.02,2.28,7.84,401.68,400,On,45.90,46,-1080,32.25,6.26,-1.05,38.82,18.75,C/L,0.70,1.02,1.00,84.50,0,1,0,1,0,1,0.50,0,6.81,79.68,Off,1.01,0.73,0,3.70,1.00,2.35,0.68,2.35,4.32,2.35,0,86
216,Off,417.42,0.41,8.00,OK,0.95,975,15.75,14.50,980,Off,0,-0.14,-0.21,-0.09,-0.15,On,Off,Off,Off,Off,88.50,7.84,0,2.28,41.96,391.25,400,On,44.93,46,-920,21.75,7.50,-1.05,32.16,18.00,C/L,0.80,1.02,1.00,55,0,1,0,1,0,1,2.50,0,5.65,79.68,Off,1.01,0.79,8.59,3.70,0.98,4.71,0.80,6.67,4.18,5.88,0,81
217,Off,417.42,0.41,8.01,OK,0.95,975,15.75,14.43,980,Off,0,0.64,-0.19,0.25,-0.22,On,Off,Off,Off,Off,87.75,7.84,0,2.28,41.18,399.29,400,On,44.88,45,-960,36.75,3.75,-1.05,7.84,17.25,C/L,0.80,1.02,1.00,82.70,0,1,0,1,0,1,0,0,8.14,79.68,Off,1.01,0.11,42.57,3.70,0.99,5.88,0.81,5.88,4.19,7.84,0,85
218,Off,417.42,0.89,17.70,OK,0.95,975,15.00,14.43,1000,Off,0,-0.16,-0.25,-0.17,-0.20,On,Off,Off,Off,Off,87.75,7.84,0,2.28,7.84,418.35,400,On,44.32,45,-860,-5.25,1.27,-1.05,7.84,17.25,O/L,0.80,1.02,1.00,24.70,0,1,0,1,0,1,0.50,0,3.06,79.68,Off,1.00,0.11,4.30,3.70,1.06,4.31,0.78,5.49,4.21,5.10,0,71
219,Off,417.42,0.81,16.77,OK,0.95,975,15.00,14.43,980,Off,0,-0.70,-0.32,-0.36,-0.31,On,Off,Off,Off,Off,87.00,7.84,3.08,2.28,43.53,396.68,400,On,44.52,45,-930,32.25,6.24,-1.05,45.49,17.25,C/L,0.90,1.02,1.00,81.70,0,1,0,1,0,1,0,0,10.91,79.68,Off,0.97,0.30,99.60,3.70,1.02,10.98,0.99,10.59,4.02,10.59,0,76
220,Off,417.42,0.93,18.53,OK,0.95,975,15.00,14.50,1030,Off,0,-0.19,-0.25,0.44,-0.17,On,Off,Off,Off,Off,87.00,7.84,3.16,2.28,43.14,399.72,400,On,44.68,45,-930,39.75,2.50,-1.05,7.84,17.25,C/L,0.90,1.02,1.00,39.10,0,1,0,1,0,1,1.50,0,8.95,79.68,Off,0.98,0.23,61.32,3.70,1.04,5.49,0.79,5.49,4.21,7.45,0,83
221,Off,417.42,1.00,20.33,OK,0.94,975,15.00,14.43,1070,Off,0,-0.75,0.02,-0.76,3.19,On,Off,Off,Off,Off,87.75,7.84,2.85,2.28,42.75,400.30,400,On,44.65,45,-970,39.75,2.89,-1.05,7.84,17.25,C/L,0.90,1.02,1.00,79.60,0,1,0,1,0,1,0,4,12.75,79.68,Off,0.97,0.13,99.60,3.70,1.04,12.55,1.04,13.73,3.90,14.12,0,83
222,Off,417.42,1.05,21.00,OK,0.95,975,15.00,14.36,1040,Off,0,-0.67,-0.80,-0.73,3.03,On,Off,Off,Off,Off,88.50,7.84,2.90,2.28,45.10,404.58,400,On,45.05,45,-1020,38.25,3.94,-1.05,7.84,18.00,C/L,0.90,1.02,1.00,66.60,0,1,0,1,0,1,0,0,12.65,79.68,Off,0.99,0.24,99.60,3.70,1.00,13.33,1.08,13.73,3.90,13.73,0,91
223,Off,417.42,0.86,18.99,OK,0.95,975,15.00,14.50,1070,Off,0,-0.80,0.06,-0.89,2.75,On,Off,Off,Off,Off,89.25,7.84,2.15,2.28,7.84,395.15,400,On,45.63,45,-1140,35.25,5.12,-1.05,50.59,18.00,C/L,0.90,1.02,1.00,231.40,0,1,0,1,0,1,17,29.50,99.39,79.68,Off,0.98,0.67,99.60,3.70,1.06,99.61,4.30,99.61,0.72,83.14,13.26,106
224,Off,430.91,0.41,8.01,OK,0.95,975,15.00,14.50,1020,Off,0,-0.06,-0.35,-0.18,-0.26,On,Off,Off,Off,Off,89.25,7.84,0,2.28,7.84,427.85,400,On,10.00,45,-1280,-1.50,0.80,-1.05,7.84,20.25,O/L,1,1.02,1.00,54.10,0,1,0,1,0,1,0,0,6.59,79.68,Off,1.00,0.69,0,3.70,1.00,2.75,0.69,2.75,4.31,2.75,0,95
225,Off,417.42,0.41,8.01,OK,0.95,975,15.00,14.43,990,Off,0,-0.17,-0.24,-0.15,-0.26,On,Off,Off,Off,Off,89.25,7.84,0,2.28,7.84,428.79,400,On,10.00,45,-1100,-2.25,0.80,-1.05,7.84,18.00,O/L,1.20,1.02,1.00,38.20,0,1,0,1,0,1,0,0,12.85,79.68,Off,0.99,0.80,0,3.70,0.99,11.76,1.11,14.51,3.90,13.73,0,91
226,Off,417.42,1.15,23.13,OK,0.95,975,15.00,14.50,1170,Off,0,-0.70,0.09,-0.98,13.94,On,Off,Off,Off,Off,87.75,7.84,0.41,2.28,7.84,401.54,400,On,45.81,45,-1190,39.00,3.44,-1.05,7.84,18.75,C/L,1.20,1.02,1.00,21.40,0,1,0,1,0,1,6,0,7.82,79.68,Off,0.95,0.16,0,3.70,0.97,7.06,0.84,7.06,4.22,4.31,0,93
227,Off,417.42,0.75,15.33,OK,0.96,975,15.00,14.50,980,Off,0,-0.05,-0.27,1.17,-0.28,On,Off,Off,Off,Off,87.75,7.84,0,2.28,44.71,392.99,400,On,50.11,45,-1280,5.25,10.70,-1.05,39.22,18.75,C/L,1.20,1.02,1.00,91.20,0,1,0,1,0,1,2,0,9.08,79.68,Off,1.00,0.67,0,3.70,0.99,12.16,1.09,13.73,3.90,13.33,0,103
228,Off,430.91,0.85,16.65,OK,0.95,975,15.00,14.50,1020,Off,0,-2.83,-0.28,-0.42,-0.18,On,Off,Off,Off,Off,87.75,7.84,0,2.28,7.84,395.52,400,On,46.08,45,-1240,35.25,5.09,-1.05,7.84,18.00,C/L,1.20,1.02,1.00,66.60,0,1,0,1,0,1,1,0,3.96,79.68,Off,1.16,0.70,0,3.70,1.00,2.75,0.69,2.75,4.31,2.75,0,96
229,Off,417.42,0.41,8.01,OK,0.95,975,15.00,14.57,990,Off,0,-0.28,-0.25,-0.33,-0.14,On,Off,Off,Off,Off,88.50,7.84,0,2.28,7.84,429.08,400,On,10.00,45,-1130,35.25,2.23,-1.05,7.84,17.25,C/L,1.30,1.02,1.00,168.10,0,1,0,1,0,1,9,24.50,39.43,79.68,Off,0.96,0.82,4.30,3.70,1.05,12.16,1.10,11.37,3.96,12.94,0,97
230,Off,417.42,0.91,18.23,OK,0.96,975,15.00,14.50,1040,Off,0,-0.15,-0.35,0.30,-0.31,On,Off,Off,Off,Off,87.75,7.84,0.77,2.28,43.53,403.78,400,On,45.24,45,-1240,39.00,4.67,-1.05,7.84,18.75,C/L,1.30,1.02,1.00,79.00,0,1,0,1,0,1,0,4,13.68,79.68,Off,0.99,0.50,82.41,3.70,1.01,11.37,1.02,11.76,3.98,10.98,0,100
231,Off,430.91,0.93,18.42,OK,0.96,975,15.00,14.43,1040,Off,0,-0.21,-0.30,0.91,-0.29,On,Off,Off,Off,Off,87.75,7.84,2.95,2.28,43.92,399.36,400,On,45.27,44,-1280,41.25,3.47,-1.05,7.84,18.75,C/L,1.30,1.02,1.00,107.60,0,1,0,1,0,1,0,0,12.56,79.68,Off,0.95,0.30,99.60,3.70,1.00,8.24,0.89,8.24,4.11,10.59,0,110
232,Off,430.91,0.91,18.11,OK,0.95,975,15.75,14.50,1040,Off,0,-0.08,-0.36,1.39,-0.28,On,Off,Off,Off,Off,87.75,7.84,2.92,2.28,43.53,399.80,400,On,44.88,44,-1280,39.00,4.96,-1.05,48.63,18.75,C/L,1.30,1.02,1.00,107.40,0,1,0,1,0,1,1.50,0,4.61,79.68,Off,1.04,0.20,0,3.70,0.99,15.69,1.15,14.90,3.87,14.51,11.70,105
233,Off,430.91,0.92,18.48,OK,0.95,975,15.00,14.50,1050,Off,0,-0.22,-0.39,0.83,-0.36,On,Off,Off,Off,Off,88.50,7.84,0,2.28,36.47,401.90,400,On,44.78,44,-1280,42.75,2.68,-1.05,7.84,18.00,C/L,1.30,1.02,1.00,24.70,0,1,0,1,0,1,0.50,0,11.94,79.68,Off,1.03,0.78,0,3.70,0.96,14.90,1.13,14.51,3.88,14.51,0,98
234,Off,430.91,0.95,19.01,OK,0.95,975,15.75,14.57,1060,Off,0,-0.88,-0.30,0.27,-0.23,On,Off,Off,Off,Off,88.50,7.84,0,2.28,46.27,402.84,400,On,44.52,44,-1280,42.75,2.36,-1.05,7.84,18.00,C/L,1.30,1.02,1.00,36.10,0,1,0,1,0,1,0.50,0,11.82,79.68,Off,1.00,0.66,0,3.70,1.01,11.37,1.02,10.98,4.02,10.59,0,98
235,Off,430.91,0.75,14.84,OK,0.95,975,15.75,14.50,1000,Off,0,7.01,-0.24,-0.34,-0.36,On,Off,Off,Off,Off,88.50,7.84,0,2.28,43.92,398.06,400,On,45.49,43,-1230,36.75,4.75,-1.05,7.84,18.00,C/L,1.30,1.02,1.00,46.80,0,1,0,1,0,1,1.50,0,7.48,79.68,Off,1.00,0.35,0,3.70,0.95,19.61,1.33,18.43,3.79,15.69,12.87,97
236,Off,430.91,0.75,16.77,OK,0.95,975,15.75,14.43,1050,Off,0,-0.56,-0.38,6.03,-0.34,On,Off,Off,Off,Off,88.50,7.84,0,2.28,7.84,398.35,400,On,45.39,43,-1240,35.25,6.43,-1.05,40,18.00,C/L,1.30,1.02,1.00,131.70,0,1,0,1,0,1,0,14,12.61,79.68,Off,1.00,0.76,0,3.70,0.97,10.20,1.01,14.12,3.86,13.73,0,97
237,Off,430.91,1.19,23.88,OK,0.95,975,15.75,14.43,1210,Off,0,-1.00,2.53,-0.73,0.89,On,Off,Off,Off,Off,87.75,7.84,0,2.28,7.84,415.81,400,On,10.00,43,-1140,-2.25,0.79,-1.05,7.84,18.00,O/L,1.30,1.02,1.00,16.30,0,1,0,1,0,1,0,0,2.52,79.68,Off,12.57,0.00,0,3.70,1.00,2.35,0.67,2.35,4.33,2.35,0,81
238,Off,430.91,0.91,18.30,OK,0.95,975,15.75,14.57,990,Off,0,-0.16,-0.13,-0.09,-0.17,On,Off,Off,Off,Off,88.50,7.84,0,2.28,40.39,399.80,400,On,48.20,43,-1280,14.25,16.46,-1.05,41.96,18.75,C/L,1.30,1.02,1.00,422.30,0,1,0,1,0,1,16.50,27.50,99.40,79.68,Off,1.02,0.25,60.93,3.70,1.10,99.61,4.30,99.22,0.72,98.82,53.82,115
239,Off,430.91,2.48,44.44,OK,0.95,975,15.75,14.43,1490,Off,0,2.46,1.19,-0.14,1.64,On,Off,Off,Off,Off,87.75,7.84,0,2.28,7.84,429.23,400,On,10.00,42,-1280,0.75,0.77,-1.05,7.84,28.50,O/L,1.30,1.02,1.00,21.20,0,1,0,1,0,1,0,0,3.33,79.68,Off,15.29,-0.00,0,3.70,1.00,3.14,0.70,3.14,4.30,3.14,0,118
240,Off,430.91,0.41,8.00,OK,0.95,975,15.75,14.50,990,Off,0,-0.17,-0.24,-0.22,-0.25,On,Off,Off,Off,Off,90.75,7.84,0,2.28,45.88,408.50,400,On,46.94,41,-1280,40.50,2.53,-1.05,7.84,22.50,C/L,1.50,1.02,1.00,61.20,0,1,0,1,0,1,3,0,10.42,79.68,Off,1.02,0.67,7.03,3.70,0.95,14.51,0.91,7.84,4.12,9.02,0,103
241,Off,430.91,0.75,16.21,OK,0.95,975,15.75,14.43,1040,Off,0,-0.20,-0.33,3.91,-0.40,On,Off,Off,Off,Off,87.75,7.84,0.85,2.28,7.84,404.94,400,On,45.36,41,-1280,36.75,4.71,-1.05,46.67,19.50,C/L,1.50,1.02,1.00,107.30,0,1,0,1,0,1,0,19.50,30.94,79.68,Off,1.01,0.14,99.60,3.70,1.12,25.88,1.26,16.08,3.82,16.08,0,101
242,Off,430.91,0.87,17.15,OK,0.95,975,15.75,14.43,1030,Off,0,-0.19,-0.33,0.69,-0.37,On,Off,Off,Off,Off,87.00,7.84,2.62,2.28,43.14,404.22,400,On,45.05,41,-1280,42.75,1.96,-1.05,7.84,19.50,C/L,1.50,1.02,1.00,33,0,1,0,1,0,1,6.50,0,7.66,79.68,Off,0.96,0.17,64.06,3.70,1.00,3.53,0.72,3.92,4.27,3.92,0,96
243,Off,430.91,0.63,13.07,OK,0.95,975,15.75,14.50,980,Off,0,1.76,-0.36,3.89,-0.28,On,Off,Off,Off,Off,88.50,7.84,0.04,2.28,47.45,403.28,400,On,43.72,40,-1150,40.50,1.52,-1.05,7.84,18.00,C/L,1.50,1.02,1.00,32.40,0,1,0,1,0,1,1,0,7.87,79.68,Off,1.02,0.78,0,3.70,0.98,6.67,0.85,7.06,4.20,4.71,0,88
244,Off,430.91,0.62,13.92,OK,0.95,975,15.75,14.64,980,Off,0,-0.29,-0.24,2.75,-0.20,On,Off,Off,Off,Off,89.25,7.84,0,2.28,43.53,400.09,400,On,45.32,40,-1070,33.00,5.43,-1.05,34.51,18.75,C/L,1.50,1.02,1.00,156.60,0,1,0,1,0,1,17,29.50,99.05,79.68,Off,0.98,0.76,16.40,3.70,1.09,99.61,4.30,99.61,0.72,98.82,44.07,105
245,Off,430.91,1.48,24.81,OK,0.94,975,15.75,14.50,1090,Off,0,-2.70,-0.39,-0.48,-0.36,On,Off,Off,Off,Off,88.50,7.84,0,2.28,7.84,417.12,400,On,10.00,40,-1280,-0.75,0.78,-1.05,7.84,21.75,O/L,1.60,1.02,1.00,75.40,0,1,0,1,0,1,0,0,11.34,79.68,Off,1.04,0.76,0,3.70,1.02,8.24,0.88,7.84,4.12,5.10,0,103
246,Off,430.91,0.41,8.00,OK,0.94,975,15.75,14.36,990,Off,0,0.67,-0.36,4.97,-0.33,On,Off,Off,Off,Off,89.25,7.84,0,2.28,40.39,400.74,400,On,44.92,40,-1280,41.25,1.84,-1.05,7.84,19.50,C/L,1.60,1.02,1.00,24.20,0,1,0,1,0,1,6.50,0,6.19,79.68,Off,0.99,0.75,0,3.70,0.95,11.37,1.02,13.33,3.90,12.94,0,95
247,Off,430.91,0.91,18.13,OK,0.94,975,15.75,14.50,1040,Off,0,-0.25,-0.35,-0.28,-0.26,On,Off,Off,Off,Off,88.50,7.84,0,2.28,7.84,413.28,400,On,10.00,41,-1160,-2.25,0.80,-1.05,7.84,18.75,O/L,1.60,1.02,1.00,21.30,0,1,0,1,0,1,0,0,12.85,79.68,Off,0.96,0.78,0,3.70,1.00,16.47,1.15,31.37,3.27,30.20,23.40,96
248,Off,430.91,1.01,20.25,OK,0.94,975,15.75,14.64,1090,Off,0,-0.33,-0.31,0.47,-0.23,On,Off,Off,Off,Off,87.75,7.84,0.33,2.28,7.84,399.80,400,On,46.54,41,-1280,34.50,6.15,-1.05,43.92,19.50,C/L,1.60,1.02,1.00,104,0,1,0,1,0,1,0,18,18.22,79.68,Off,0.99,0.74,36.72,3.70,1.01,21.96,1.80,31.76,3.32,20.39,12.48,106
249,Off,430.91,1.05,21.20,OK,0.95,975,16.50,14.43,1130,Off,0,-0.88,1.86,-0.58,-0.34,On,Off,Off,Off,Off,87.75,7.84,1.52,2.28,45.88,407.70,400,On,43.98,41,-1280,-0.75,0.83,-1.05,7.84,19.50,O/L,1.60,1.02,1.00,17.50,0,1,0,1,0,1,0,0,2.89,79.68,Off,11.62,0.00,0,3.70,1.00,9.80,0.95,9.80,4.12,7.45,0,95
250,Off,430.91,0.64,11.20,OK,0.95,975,16.50,14.50,990,Off,0,-7.41,-0.35,7.60,-0.34,On,Off,Off,Off,Off,88.50,7.84,0,2.28,43.92,398.42,400,On,45.36,41,-1140,38.25,3.00,-1.05,7.84,18.75,C/L,1.60,1.02,1.00,21.50,0,1,0,1,0,1,0,0,5.86,79.68,Off,0.96,0.05,0,3.70,0.98,9.02,0.94,10.98,4.01,10.59,0,88
251,Off,430.91,0.81,15.14,OK,0.95,975,16.50,14.43,1000,Off,0,-0.30,-0.21,-0.31,-0.15,On,Off,Off,Off,Off,87.75,7.84,0,2.28,41.96,400.74,400,On,45.53,41,-1060,34.50,4.83,-1.05,46.27,18.75,C/L,1.60,1.02,1.00,72.50,0,1,0,1,0,1,0,0,7.89,79.68,Off,0.99,0.24,27.73,3.70,1.04,6.27,0.81,5.88,4.19,6.27,0,88
252,Off,430.91,0.62,12.43,OK,0.95,975,16.50,14.57,980,Off,0,1.05,-0.25,0.22,-0.23,On,Off,Off,Off,Off,87.75,7.84,2.45,2.28,44.71,402.99,400,On,43.86,41,-1090,38.25,1.00,-1.05,7.84,18.00,C/L,1.60,1.02,1.00,47.80,0,1,0,1,0,1,1,0,13.45,79.68,Off,1.03,0.81,99.60,3.70,0.98,6.67,0.76,2.75,4.31,3.14,0,87
253,Off,430.91,0.59,11.80,OK,0.95,975,16.50,14.43,990,Off,0,3.58,-0.25,2.08,-0.20,On,Off,Off,Off,Off,87.75,7.84,0,2.28,42.75,395.74,400,On,44.53,41,-1020,36.00,5.69,-1.05,47.06,18.00,C/L,1.60,1.02,1.00,55.50,0,1,0,1,0,1,0.50,0,10.71,79.68,Off,0.99,0.20,99.60,3.70,1.02,11.37,1.02,10.59,4.05,8.63,0,87
254,Off,430.91,0.77,16.21,OK,0.94,975,16.50,14.71,1000,Off,0,-4.50,-0.28,8.19,-0.26,On,Off,Off,Off,Off,87.75,7.84,0,2.28,38.43,402.12,400,On,45.04,41,-1020,36.00,3.49,-1.05,7.84,18.00,C/L,1.60,1.02,1.00,19.40,0,1,0,1,0,1,7.50,0,4.15,79.68,Off,1.07,0.05,0,3.70,1.02,7.84,0.88,7.84,4.14,7.06,0,85
255,Off,430.91,0.41,8.01,OK,0.94,975,16.50,14.50,980,Off,0,0.17,-0.25,1.61,-0.22,On,Off,Off,Off,Off,87.75,7.84,0,2.28,33.33,398.64,400,On,43.96,41,-1030,21.75,2.89,-1.05,7.84,17.25,C/L,1.60,1.02,1.00,37.30,0,1,0,1,0,1,7.50,0,6.12,79.68,Off,1.00,0.76,0,3.70,1.01,2.35,0.68,2.35,4.24,5.49,0,87
256,Off,430.91,0.72,14.28,OK,0.94,975,16.50,14.50,1000,Off,0,0.11,-0.24,7.49,-0.18,On,Off,Off,Off,Off,87.75,7.84,0.06,2.28,44.71,401.39,400,On,44.55,41,-1020,4.50,1.21,-1.05,7.84,17.25,O/L,1.60,1.02,1.00,15.30,0,1,0,1,0,1,0,0,2.46,79.68,Off,10.50,0.00,0,3.70,1.00,2.35,0.67,2.35,4.33,2.35,0,78
257,Off,430.91,0.41,8.01,OK,0.94,975,16.50,14.50,980,On,8.63,-0.14,-0.16,0.42,-0.06,On,Off,Off,Off,Off,87.75,7.84,0,2.28,42.35,429.23,400,On,10.00,41,-700,-6.75,0.88,-1.05,7.84,17.25,O/L,1.30,1.02,1.00,35.50,0,1,0,1,0,1,2,0,7.42,79.68,Off,0.98,0.80,2.73,3.70,0.98,7.06,0.83,6.27,4.19,6.27,0,65
258,Off,430.91,0.62,11.75,OK,0.94,975,16.50,14.50,980,Off,0,5.41,-0.28,4.89,-0.39,On,Off,Off,Off,Off,87.00,7.84,0.16,2.28,45.88,402.62,400,On,43.53,41,-680,14.25,2.29,-1.05,7.84,17.25,C/L,1.30,1.02,1.00,13.90,0,1,0,1,0,1,7.50,0,1.76,79.68,Off,1.00,0.65,11.72,3.70,1.02,1.18,0.64,1.18,4.37,1.57,0,46
259,Off,430.91,0.41,8.01,OK,0.94,975,16.50,14.43,970,Off,0,-0.33,-0.05,8.56,-0.17,On,Off,Off,Off,Off,87.00,7.84,0.54,2.28,42.35,401.32,400,On,43.52,41,-50,6.00,1.42,-1.05,7.84,17.25,C/L,1,1.02,1.00,8.60,0,1,0,1,0,1,8.50,0,1.09,79.68,Off,1.00,0.27,17.19,3.70,1.05,0.78,0.62,0.78,4.38,0.78,0,25
260,Off,430.91,0.41,8.01,OK,0.94,975,16.50,14.50,970,On,25.10,-0.58,-0.11,9.19,-0.15,On,Off,Off,Off,Off,87.75,7.84,0.59,2.28,44.71,400.16,400,On,42.82,41,0,5.25,1.83,-1.05,7.84,17.25,C/L,1.10,1.02,1.00,9.70,0,1,0,1,0,1,9,0,1.92,79.68,Off,1.00,0.38,21.09,3.70,1.03,1.57,0.65,1.57,4.35,1.57,0,0
261,Off,430.91,0.41,8.00,OK,0.94,975,16.50,14.22,970,On,22.35,-0.02,-0.22,9.55,-0.33,On,Off,Off,Off,Off,87.75,7.84,0.68,2.28,43.92,396.68,400,On,43.32,41,20,12.00,1.83,-1.05,7.84,17.25,C/L,0.50,1.02,1.00,10.30,0,1,0,1,0,1,9,0,1.78,79.68,Off,1.01,0.70,20.31,3.70,1.01,1.57,0.65,1.57,4.35,1.57,0,0
262,Off,430.91,0.41,8.01,OK,0.94,975,16.50,14.43,970,Off,0,0.78,-0.19,0.52,-0.22,On,Off,Off,Off,Off,88.50,7.84,1.63,2.28,42.75,397.62,400,On,44.82,41,-960,36.75,3.79,-1.05,7.84,18.75,C/L,0.30,1.02,1.00,36.50,0,1,0,1,0,1,2.50,0,8.93,79.68,Off,1.02,0.74,99.60,3.70,0.98,7.84,0.82,7.45,4.04,14.12,0,30
263,Off,444.40,1.04,20.81,OK,0.94,975,16.50,14.50,1060,Off,0,-0.44,-0.30,1.27,-0.18,On,Off,Off,Off,Off,88.50,7.84,2.36,2.28,41.96,403.28,400,On,44.15,41,-390,36.75,3.18,-1.05,7.84,18.75,C/L,0.30,1.02,1.00,47.80,0,1,0,1,0,1,0.50,0,9.29,79.68,Off,1.04,0.25,87.10,3.70,1.04,7.45,0.86,7.06,4.15,7.06,0,45
264,Off,430.91,0.77,15.11,OK,0.93,975,16.50,14.57,990,Off,0,-0.01,-0.33,3.41,-0.29,On,Off,Off,Off,Off,88.50,7.84,0,2.28,45.88,404.15,400,On,44.20,42,-340,-2.25,1.40,-1.05,7.84,18.75,C/L,0.30,1.02,1.00,10.60,0,1,0,1,0,1,7.50,0,1.60,79.68,Off,0.99,0.14,0,3.70,1.02,1.57,0.64,1.18,4.37,1.18,0,43
265,Off,430.91,0.41,8.01,OK,0.93,975,16.50,14.29,970,On,17.25,-0.17,-0.25,8.55,-0.12,On,Off,Off,Off,Off,88.50,7.84,0,2.28,43.53,399.80,400,On,43.27,42,-440,36.00,2.80,-1.05,7.84,18.00,C/L,0.40,1.02,1.00,34.90,0,1,0,1,0,1,4,0,7.12,79.68,Off,1.01,0.79,0,3.70,0.98,5.88,0.71,3.53,4.27,3.53,0,33
266,Off,430.91,0.74,15.56,OK,0.93,975,16.50,14.36,980,Off,0,-0.24,-0.35,1.86,-0.29,On,Off,Off,Off,Off,89.25,7.84,0,2.28,43.92,398.42,400,On,44.21,42,-700,36.00,3.84,-1.05,7.84,18.00,C/L,0.50,1.02,1.00,54.40,0,1,0,1,0,1,0.50,0,9.41,79.68,Off,1.01,0.64,0,3.70,1.03,9.41,0.90,8.24,4.11,8.24,0,38
267,Off,430.91,0.81,16.23,OK,0.93,975,16.50,14.50,1000,Off,0,-0.56,-0.39,2.83,-0.45,On,Off,Off,Off,Off,89.25,7.84,0.23,2.28,41.57,398.20,400,On,44.19,42,-780,36.75,3.33,-1.05,7.84,18.00,C/L,0.50,1.02,1.00,55,0,1,0,1,0,1,2,0,6.91,79.68,Off,0.99,0.18,35.15,3.70,1.04,5.88,0.81,5.88,4.23,4.71,0,45
268,Off,430.91,0.87,17.94,OK,0.93,975,16.50,14.50,1010,Off,0,0.09,-0.64,-1.06,7.14,On,Off,Off,Off,Off,89.25,7.84,2.49,2.28,43.53,404.44,400,On,44.55,43,-860,7.50,1.40,-1.05,7.84,18.75,O/L,0.50,1.02,1.00,11.50,0,1,0,1,0,1,9,0,6.81,79.68,Off,0.94,0.04,0,3.70,0.98,12.94,1.07,12.94,3.90,15.29,0.39,53
269,Off,430.91,1.03,20.53,OK,0.93,975,16.50,14.43,1060,Off,0,-0.30,-0.27,-0.34,-0.33,On,Off,Off,Off,Off,89.25,7.84,1.30,2.28,7.84,399.58,400,On,45.97,43,-1120,32.25,6.13,-1.05,43.92,19.50,C/L,0.40,1.02,1.00,99.40,0,1,0,1,0,1,0,0,8.46,79.68,Off,0.97,0.82,86.32,3.70,0.92,4.71,0.72,3.53,4.28,3.53,0,67
270,Off,430.91,0.41,8.01,OK,0.94,975,16.50,14.50,990,On,20.78,-0.16,-0.22,-0.07,-0.18,On,Off,Off,Off,Off,89.25,7.84,0,2.28,43.53,430.39,400,On,10.00,44,-720,-6.75,0.86,-1.05,7.84,18.75,O/L,0.50,1.02,1.00,12,0,1,0,1,0,1,4,0,1.92,79.68,Off,10.73,0.00,0,3.70,1.00,1.57,0.65,1.57,4.36,1.57,0,36
271,Off,444.40,0.41,8.01,OK,0.94,975,16.50,14.43,940,Off,0,-1.14,0.90,-1.17,10.49,On,Off,Off,Off,Off,89.25,7.84,0.19,2.28,7.84,393.93,400,On,48.12,44,-1280,30.75,7.98,-1.05,45.10,19.50,C/L,0.40,1.02,1.00,143.60,0,1,0,1,0,1,0,14.50,21.78,79.68,Off,0.99,0.26,99.60,3.70,1.08,22.35,1.37,20.39,3.65,21.18,0,67
272,Off,444.40,1.11,22.13,OK,0.94,975,16.50,14.36,1150,Off,0,-1.03,-0.86,-1.17,19.02,On,Off,Off,Off,Off,88.50,7.84,0.23,2.28,44.31,403.57,400,On,48.64,45,-1280,34.50,5.70,-1.05,41.96,21.75,C/L,0.40,1.02,1.00,95.40,0,1,0,1,0,1,0,10,14.91,79.68,Off,0.98,0.17,86.71,3.70,1.02,13.73,1.10,15.29,3.85,10.59,0,88
273,Off,444.40,0.90,17.92,OK,0.95,975,16.50,14.50,1020,Off,0,-0.02,-0.36,4.14,-0.36,On,Off,Off,Off,Off,90.00,7.84,1.69,2.28,43.14,401.97,400,On,44.22,45,-1070,40.50,2.28,-1.05,7.84,19.50,C/L,0.40,1.02,1.00,43.40,0,1,0,1,0,1,0,2.50,13.17,79.68,Off,1.09,0.06,99.60,3.70,1.04,14.12,1.09,12.94,3.94,12.94,0,90
274,Off,444.40,1.08,19.84,OK,0.95,975,16.50,14.57,1150,Off,0,-0.97,2.17,-0.92,12.64,On,Off,Off,Off,Off,90.00,7.84,0.23,2.28,7.84,394.94,400,On,47.02,46,-1240,33.00,6.39,-1.05,50.20,20.25,C/L,0.40,1.02,1.00,90.10,0,1,0,1,0,1,0,16,17.09,79.68,Off,1.01,0.69,99.60,3.70,1.01,14.12,1.12,14.12,3.91,14.12,0,101
275,Off,444.40,0.95,19.06,OK,0.95,975,16.50,14.36,1120,Off,0,-0.92,-0.31,-0.95,10.72,On,Off,Off,Off,Off,89.25,7.84,2.36,2.28,7.84,402.84,400,On,45.20,46,-1280,43.50,2.30,-1.05,7.84,20.25,C/L,0.40,1.02,1.00,34.90,0,1,0,1,0,1,6.50,0,3.92,79.68,Off,1.09,0.10,0,3.70,1.10,3.92,0.70,2.75,4.31,2.75,0,96
276,Off,444.40,0.53,10.81,OK,0.95,975,16.50,14.43,980,Off,0,0.08,-0.41,6.56,-0.42,On,Off,Off,Off,Off,88.50,7.84,0,2.28,43.53,401.90,400,On,43.60,47,-1130,2.25,1.61,-1.05,7.84,18.75,O/L,0.50,1.02,1.00,42.80,0,1,0,1,0,1,2.50,0,8.12,79.68,Off,1.01,0.76,3.12,3.70,0.93,7.84,0.88,4.71,4.28,3.53,0,90
277,Off,430.91,0.41,8.01,OK,0.96,975,16.50,14.43,990,Off,0,-0.22,-0.36,-0.22,-0.26,On,Off,Off,Off,Off,87.75,7.84,0,2.28,43.14,399.00,400,On,44.73,47,-1010,39.00,2.97,-1.05,7.84,18.00,C/L,0.60,1.02,1.00,38.90,0,1,0,1,0,1,1.50,0,8.83,79.68,Off,1.01,0.73,38.28,3.70,0.96,8.24,0.90,8.63,4.10,8.24,0,85
278,Off,430.91,0.76,15.29,OK,0.95,975,16.50,14.50,1000,Off,0,3.25,-0.28,2.19,-0.28,On,Off,Off,Off,Off,87.00,7.84,0,2.28,41.57,400.74,400,On,43.95,47,-950,22.50,1.20,-1.05,7.84,18.00,C/L,0.60,1.02,1.00,46.50,0,1,0,1,0,1,1,0,7.53,79.68,Off,0.97,0.27,0,3.70,0.98,9.80,0.90,8.24,4.10,8.63,0,78
279,Off,430.91,0.86,17.33,OK,0.95,975,16.50,14.43,1010,Off,0,0.09,-0.21,0.86,-0.23,On,Off,Off,Off,Off,87.00,7.84,0,2.28,42.35,400.67,400,On,44.71,47,-890,34.50,3.53,-1.05,7.84,18.75,C/L,0.60,1.02,1.00,60.70,0,1,0,1,0,1,1,0,8.67,79.68,Off,0.99,0.71,0,3.70,1.01,9.41,0.94,9.41,4.07,9.02,0,82
280,Off,430.91,0.71,14.31,OK,0.95,975,16.50,14.43,990,Off,0,0.73,-0.21,0.88,-0.25,On,Off,Off,Off,Off,87.75,7.84,0,2.28,43.14,396.32,400,On,44.07,47,-930,39.00,2.85,-1.05,7.84,18.00,C/L,0.60,1.02,1.00,52.40,0,1,0,1,0,1,0,2.50,12.60,79.68,Off,1.01,0.59,0,3.70,1.04,16.47,1.12,13.73,3.92,11.76,0,81
281,Off,430.91,1.04,20.98,OK,0.95,975,16.50,14.36,1120,Off,0,-0.78,-0.33,-0.83,9.83,On,Off,Off,Off,Off,88.50,7.84,0,2.28,7.84,397.40,400,On,45.46,47,-1010,36.00,4.22,-1.05,7.84,19.50,C/L,0.60,1.02,1.00,47.20,0,1,0,1,0,1,0,3,12.92,79.68,Off,1.02,0.74,0,3.70,0.97,13.33,1.08,12.94,3.93,13.33,0,87
282,Off,430.91,1.06,20.55,OK,0.95,975,16.50,14.50,1080,Off,0,-0.81,-0.25,-0.81,1.11,On,Off,Off,Off,Off,89.25,7.84,0.09,2.28,47.45,401.46,400,On,45.37,47,-1110,34.50,4.94,-1.05,43.92,19.50,C/L,0.60,1.02,1.00,75.40,0,1,0,1,0,1,0,0,9.73,79.68,Off,0.99,0.31,27.73,3.70,1.04,8.24,0.87,7.84,4.13,7.84,0,91
283,Off,430.91,0.74,15.75,OK,0.95,975,16.50,14.50,1000,Off,0,-0.06,-0.30,1.35,-0.26,On,Off,Off,Off,Off,89.25,7.84,2.20,2.28,41.96,399.14,400,On,44.76,47,-1100,37.50,4.41,-1.05,7.84,18.75,C/L,0.60,1.02,1.00,75.10,0,1,0,1,0,1,0,2,17.32,79.68,Off,0.98,0.61,99.60,3.70,1.00,12.94,1.06,12.94,3.93,12.94,0,93
284,Off,430.91,1.02,20.62,OK,0.96,975,16.50,14.43,1110,Off,0,-0.91,0.44,-1,3.77,On,Off,Off,Off,Off,88.50,7.84,2.63,2.28,44.71,404.80,400,On,43.85,47,-1180,37.50,5.09,-1.05,46.67,19.50,C/L,0.60,1.02,1.00,86.80,0,1,0,1,0,1,0,0,12.21,79.68,Off,0.96,0.19,99.60,3.70,1.01,11.76,1.02,11.76,3.98,11.76,0,95
285,Off,430.91,0.87,16.85,OK,0.96,975,16.50,14.50,1020,Off,0,0.07,-0.33,1.35,-0.33,On,Off,Off,Off,Off,88.50,7.84,3.22,2.28,44.31,399.87,400,On,44.23,47,-1160,41.25,3.48,-1.05,7.84,18.75,C/L,0.60,1.02,1.00,43.20,0,1,0,1,0,1,0,0,3.87,79.68,Off,1.03,0.33,0,3.70,1.05,10.20,1.04,12.55,3.89,14.90,12.09,88
286,Off,430.91,1.20,25.42,OK,0.95,975,16.50,14.50,1250,Off,0,-0.68,0.08,3.66,21.91,On,Off,Off,Off,Off,88.50,7.84,0,2.28,7.84,401.10,400,On,46.20,47,-1250,34.50,5.22,-1.05,42.35,19.50,C/L,0.60,1.02,1.00,79.00,0,1,0,1,0,1,0,0,12.22,79.68,Off,0.99,0.14,0,3.70,1.02,10.98,1.00,10.98,4.01,10.98,0,97
287,Off,430.91,0.96,19.16,OK,0.96,975,16.50,14.50,1060,Off,0,-0.85,-0.53,-0.86,0.41,On,Off,Off,Off,Off,88.50,7.84,0,2.28,7.84,398.93,400,On,45.02,47,-1260,39.75,3.78,-1.05,7.84,19.50,C/L,0.60,1.02,1.00,54.20,0,1,0,1,0,1,1,0,11.94,79.68,Off,0.97,0.68,0,3.70,0.98,9.02,0.96,9.80,4.05,9.80,0,96
288,Off,430.91,0.93,18.99,OK,0.95,975,16.50,14.43,1060,Off,0,-0.95,-0.53,-0.91,0.08,On,Off,Off,Off,Off,88.50,7.84,0,2.28,43.92,401.25,400,On,45.26,47,-1230,36.75,4.79,-1.05,7.84,19.50,C/L,0.60,1.02,1.00,81.90,0,1,0,1,0,1,0.50,0,10.71,79.68,Off,0.99,0.15,0,3.70,1.01,7.45,0.86,7.45,4.13,7.84,0,97
289,Off,430.91,0.77,15.48,OK,0.96,975,16.50,14.43,990,Off,0,-1.00,-0.77,-0.97,7,On,Off,Off,Off,Off,88.50,7.84,0.03,2.28,45.10,398.64,400,On,45.23,47,-1280,33.75,6.14,-1.05,44.31,19.50,C/L,0.60,1.02,1.00,73,0,1,0,1,0,1,1.50,0,11.16,79.68,Off,0.97,0.60,19.92,3.70,0.96,13.33,1.08,12.94,3.90,15.69,0,102
290,Off,430.91,0.84,18.74,OK,0.95,975,16.50,14.50,1120,Off,0,-0.81,-0.64,-0.92,-0.29,On,Off,Off,Off,Off,88.50,7.84,2.14,2.28,45.49,403.57,400,On,45.66,47,-1280,39.00,3.71,-1.05,7.84,19.50,C/L,0.60,1.02,1.00,30.80,0,1,0,1,0,1,0,1,15.46,79.68,Off,1.02,0.80,0,3.70,0.97,14.90,1.14,14.51,3.88,14.12,0,100
291,Off,430.91,0.95,19.16,OK,0.96,975,16.50,14.29,1050,Off,0,-0.74,-0.47,1.55,-0.39,On,Off,Off,Off,Off,88.50,7.84,0,2.28,38.82,400.96,400,On,45.26,47,-1270,38.25,4.13,-1.05,7.84,18.75,C/L,0.60,1.02,1.00,50,0,1,0,1,0,1,0,0,4.16,79.68,Off,1.02,0.10,0,3.70,1.06,8.63,0.90,8.24,4.10,8.63,0,97
292,Off,430.91,0.81,16.43,OK,0.95,975,16.50,14.57,1000,Off,0,0.03,-0.35,1.66,-0.34,On,Off,Off,Off,Off,88.50,7.84,0.05,2.28,42.75,397.04,400,On,44.96,47,-1250,42.75,2.52,-1.05,7.84,18.75,C/L,0.60,1.02,1.00,45.90,0,1,0,1,0,1,1,0,10.12,79.68,Off,1.01,0.76,16.01,3.70,0.99,9.41,0.93,9.41,4.04,10.20,0,96
293,Off,430.91,0.93,18.56,OK,0.95,975,16.50,14.36,1090,Off,0,-1.06,0.45,-0.98,11.66,On,Off,Off,Off,Off,87.75,7.84,2.23,2.28,7.84,401.54,400,On,45.60,46,-1280,35.25,5.11,-1.05,45.10,19.50,C/L,0.60,1.02,1.00,95.40,0,1,0,1,0,1,1.50,0,9.91,79.68,Off,0.96,0.27,79.68,3.70,0.97,11.37,1.01,11.37,3.99,11.37,0,101
294,Off,430.91,0.80,16.00,OK,0.96,975,16.50,14.50,1010,Off,0,-0.95,-0.36,4.27,-0.31,On,Off,Off,Off,Off,87.75,7.84,2.42,2.28,43.14,397.19,400,On,43.87,46,-1280,41.25,1.23,-1.05,7.84,18.75,O/L,0.60,1.02,1.00,32.50,0,1,0,1,0,1,0,0,12.07,79.68,Off,1.01,0.73,0,3.70,1.00,10.98,1.00,10.98,4.01,10.98,0,97
295,Off,430.91,0.68,13.37,OK,0.95,975,16.50,14.50,990,Off,0,-0.14,-0.38,3.82,-0.40,On,Off,Off,Off,Off,87.75,7.84,3.16,2.28,42.75,403.28,400,On,44.62,46,-1220,42.00,2.47,-1.05,7.84,18.75,C/L,0.60,1.02,1.00,44.20,0,1,0,1,0,1,6.50,0,5.68,79.68,Off,1.01,0.18,65.23,3.70,1.08,8.63,0.93,9.41,4.07,9.41,0,93
296,Off,430.91,0.70,13.85,OK,0.95,975,16.50,14.50,990,Off,0,2.58,-0.31,5.36,-0.31,On,Off,Off,Off,Off,87.75,7.84,0,2.28,7.84,406.61,400,On,10.00,46,-1080,-3.00,0.82,-1.05,7.84,18.00,O/L,0.70,1.02,1.00,29.30,0,1,0,1,0,2,1,0,8.87,79.68,Off,0.98,0.12,0,3.70,0.98,5.88,0.80,5.88,4.20,5.88,0,85
297,Off,430.91,0.61,12.10,OK,0.95,975,16.50,14.57,980,Off,0,0.34,-0.36,6.50,-0.29,On,Off,Off,Off,Off,87.75,7.84,2.69,2.28,41.57,394.29,400,On,45.17,46,-990,35.25,3.61,-1.05,7.84,18.00,C/L,0.70,1.02,1.00,44.30,1,1,0,1,0,2,3,0,7.01,79.68,Off,1.00,0.18,66.40,3.70,1.01,6.67,0.83,6.67,4.14,8.63,0,83
298,Off,430.91,0.84,16.26,OK,0.95,975,16.50,14.43,1000,Off,0,0.38,-0.17,1.66,-0.22,On,Off,Off,Off,Off,87.00,7.84,2.95,2.28,42.75,397.77,400,On,44.42,46,-970,39.00,3.00,-1.05,7.84,18.00,C/L,0.70,1.02,1.00,72.50,0,1,0,1,0,2,0,0,11.76,79.68,Off,1.01,0.69,99.60,3.70,1.00,9.41,0.92,9.41,4.07,9.41,0,85
299,Off,430.91,0.86,17.26,OK,0.94,975,16.50,14.43,1020,Off,0,-0.52,-0.30,1.55,-0.25,On,Off,Off,Off,Off,87.75,7.84,2.37,2.28,43.53,399.58,400,On,44.07,46,-1000,39.00,2.20,-1.05,7.84,18.00,C/L,0.70,1.02,1.00,56.50,0,1,0,1,0,2,1,0,8.97,79.68,Off,1.01,0.72,99.60,3.70,0.97,14.90,1.10,13.33,3.93,12.94,0,86
300,Off,430.91,1.02,20.60,OK,0.94,975,16.50,14.36,1090,Off,0,-0.92,-0.23,-0.56,13.52,On,Off,Off,Off,Off,87.75,7.84,1.54,2.28,45.49,399.36,400,On,44.67,46,-1080,39.75,2.54,-1.05,7.84,18.75,C/L,0.70,1.02,1.00,54.10,0,1,0,1,0,2,1.50,0,7.38,79.68,Off,1.02,0.12,0,3.70,1.00,3.53,0.79,5.49,4.19,6.27,0,87
301,Off,430.91,0.75,14.94,OK,0.95,975,16.50,14.43,990,Off,0,-0.23,-0.25,3.06,-0.29,On,Off,Off,Off,Off,88.50,7.84,0,2.28,34.90,390.09,400,On,44.84,46,-1040,37.50,3.27,-1.05,7.84,18.00,C/L,0.70,1.02,1.00,49.20,0,1,0,1,0,2,4,0,7.54,79.68,Off,0.97,0.19,0,3.70,0.96,12.16,1.04,9.80,4.06,9.41,0,87
302,Off,430.91,0.84,16.70,OK,0.94,975,16.50,14.36,1010,Off,0,-0.03,-0.24,1.42,-0.23,On,Off,Off,Off,Off,88.50,7.84,0,2.28,43.92,397.26,400,On,44.68,46,-1080,33.75,5.11,-1.05,45.49,18.75,C/L,0.70,1.02,1.00,90.50,0,1,0,1,0,2,0,7,11.61,79.68,Off,0.98,0.20,0,3.70,1.02,11.76,0.90,8.63,4.08,9.02,0,93
303,Off,430.91,0.79,15.78,OK,0.95,975,16.50,14.22,1000,Off,0,-0.86,-0.95,-0.91,3.28,On,Off,Off,Off,Off,88.50,7.84,0,2.28,7.84,397.40,400,On,45.49,46,-1170,35.25,5.14,-1.05,45.10,19.50,C/L,0.70,1.02,1.00,169.50,0,1,0,1,0,2,10.50,26,45.08,79.68,Off,0.91,0.84,0,3.70,1.02,14.51,1.15,14.90,3.86,14.90,0,100
304,Off,444.40,0.99,19.62,OK,0.95,975,16.50,14.36,1050,Off,0,-7.25,-0.36,4.78,-0.36,On,Off,Off,Off,Off,88.50,7.84,0,2.28,45.10,405.96,400,On,44.19,46,-1280,42.75,3.17,-1.05,7.84,19.50,C/L,0.70,1.02,1.00,51,0,1,0,1,0,2,0.50,0,10.06,79.68,Off,1.04,0.70,0,3.70,0.97,7.84,0.88,7.84,4.13,7.84,0,98
305,Off,430.91,0.69,13.75,OK,0.95,975,16.50,14.50,990,Off,0,-0.06,-0.45,4.16,-0.37,On,Off,Off,Off,Off,88.50,7.84,0,2.28,42.35,401.03,400,On,44.70,45,-1230,41.25,3.07,-1.05,7.84,18.75,C/L,0.70,1.02,1.00,55.30,0,1,0,1,0,2,1.50,0,9.29,79.68,Off,0.99,0.23,0,3.70,0.99,8.63,0.96,11.37,3.97,12.16,0,95
306,Off,430.91,0.89,16.77,OK,0.95,975,16.50,14.50,1010,Off,0,-0.03,-0.39,1.24,-0.36,On,Off,Off,Off,Off,88.50,7.84,0,2.28,43.14,401.68,400,On,43.67,45,-1170,-2.25,0.89,-1.05,7.84,18.75,O/L,0.70,1.02,1.00,16.20,0,1,0,1,0,2,0,0,3.68,79.68,Off,1.02,0.01,0,3.70,1.00,27.84,1.55,25.88,3.39,25.10,19.11,88
307,Off,430.91,1.15,22.25,OK,0.95,975,16.50,14.43,1100,Off,0,-0.63,-0.35,0.28,-0.28,On,Off,Off,Off,Off,87.75,7.84,0.20,2.28,43.53,402.48,400,On,44.94,45,-1130,36.75,4.55,-1.05,7.84,18.75,C/L,0.80,1.02,1.00,58.50,0,1,0,1,0,2,5.50,0,5.33,79.68,Off,1.02,0.53,29.68,3.70,1.05,5.10,0.78,6.67,4.12,8.24,0,90
308,Off,430.91,1.02,21.11,OK,0.95,975,16.50,14.43,1130,Off,0,-0.97,3.72,-0.92,0.69,On,Off,Off,Off,Off,87.75,7.84,3.00,2.28,43.92,401.54,400,On,44.88,45,-1150,41.25,2.09,-1.05,7.84,18.75,C/L,0.80,1.02,1.00,21.80,0,1,0,1,0,2,0,0,5.66,79.68,Off,0.98,0.02,0,3.70,1.00,7.84,0.96,14.12,3.86,14.12,13.26,88
309,Off,430.91,0.98,20.31,OK,0.95,975,16.50,14.43,1100,Off,0,-0.92,-0.11,-1.01,6.64,On,Off,Off,Off,Off,87.75,7.84,1.66,2.28,7.84,397.84,400,On,46.05,45,-1180,33.00,6.02,-1.05,45.88,19.50,C/L,0.80,1.02,1.00,83.00,0,1,0,1,0,2,0,4,12.28,79.68,Off,1.01,0.67,99.60,3.70,0.94,7.84,0.87,7.84,4.13,7.84,0,96
310,Off,444.40,0.77,15.41,OK,0.95,975,16.50,14.43,1000,Off,0,0.01,-0.41,7.19,-0.37,On,Off,Off,Off,Off,87.75,7.84,2.47,2.28,43.14,401.83,400,On,44.87,45,-1180,39.00,2.24,-1.05,7.84,18.75,C/L,0.80,1.02,1.00,17.50,0,1,0,1,0,2,0,6.50,15.50,79.68,Off,1.01,0.76,0,3.70,1.01,14.90,1.12,14.12,3.97,10.98,0,93
311,Off,430.91,0.98,19.63,OK,0.95,975,16.50,14.43,1050,Off,0,-0.23,-0.28,0.33,-0.29,On,Off,Off,Off,Off,87.75,7.84,2.76,2.28,43.53,400.74,400,On,44.27,45,-1170,24.75,1.58,-1.05,7.84,18.75,C/L,0.80,1.02,1.00,70.80,0,1,0,1,0,2,0.50,0,8.61,79.68,Off,1.01,0.57,0,3.70,1.02,6.27,0.83,6.67,4.16,6.67,0,92
312,Off,430.91,0.71,14.07,OK,0.95,975,16.50,14.43,990,Off,0,0.14,-0.28,7.31,-0.34,On,Off,Off,Off,Off,87.75,7.84,0,2.28,7.84,405.02,400,On,10.00,45,-1060,-3.00,1.84,-1.05,7.84,18.00,O/L,0.80,1.02,1.00,75.40,0,1,0,1,0,2,0,0,11.35,79.68,Off,0.98,0.76,3.52,3.70,0.97,15.69,1.14,14.12,3.94,12.55,0,90
313,Off,444.40,1.09,20.96,OK,0.95,975,16.50,14.50,1100,Off,0,-1.37,-0.30,1.22,-0.31,On,Off,Off,Off,Off,87.75,7.84,0,2.28,34.90,395.30,400,On,45.28,45,-1120,38.25,3.74,-1.05,7.84,18.75,C/L,0.80,1.02,1.00,37.60,0,1,0,1,0,2,0,0,2.78,79.68,Off,3.38,0.03,0,3.70,1.00,7.45,0.87,7.45,4.13,7.45,0,87
314,Off,430.91,0.82,16.46,OK,0.95,975,16.50,14.64,1000,Off,0,0.01,-0.31,1.41,-0.29,On,Off,Off,Off,Off,87.75,7.84,0.29,2.28,44.31,404.44,400,On,43.90,45,-1030,-3.75,2.35,-1.05,7.84,18.00,O/L,0.90,1.02,1.00,60,0,1,0,1,0,2,0.50,0,7.73,79.68,Off,0.99,0.18,2.73,3.70,1.02,9.80,0.96,9.80,4.04,9.02,0,85
315,Off,430.91,0.67,13.49,OK,0.95,975,16.50,14.36,990,Off,0,-1.09,-0.35,7.89,-0.29,On,Off,Off,Off,Off,87.75,7.84,1.31,2.28,41.57,397.62,400,On,44.77,45,-980,34.50,4.42,-1.05,7.84,18.00,C/L,0.90,1.02,1.00,48.10,0,1,0,1,0,2,1.50,0,12.16,79.68,Off,0.99,0.57,72.26,3.70,0.99,12.55,1.04,12.16,3.89,25.10,29.64,86
316,Off,430.91,1.14,22.81,OK,0.95,975,16.50,14.64,1110,Off,0,-0.81,-0.13,-0.78,0.80,On,Off,Off,Off,Off,87.75,7.84,3.19,2.28,42.75,399.72,400,On,44.85,45,-1100,41.25,2.30,-1.05,7.84,18.75,C/L,0.90,1.02,1.00,46.80,0,1,0,1,0,2,1.50,0,8.33,79.68,Off,1.02,0.76,99.60,3.70,1.00,11.37,1.01,11.37,4.02,9.80,0,90
317,Off,444.40,0.99,16.66,OK,0.95,975,16.50,14.43,1020,Off,0,-0.36,-0.31,-0.45,-0.33,On,Off,Off,Off,Off,87.75,7.84,0,2.28,39.22,400.30,400,On,44.44,45,-1060,39.00,2.59,-1.05,7.84,18.75,C/L,0.90,1.02,1.00,51.60,0,1,0,1,0,2,7.50,0,4.18,79.68,Off,1.05,0.81,11.72,3.70,1.04,7.06,0.82,6.27,4.18,6.27,0,86
318,Off,444.40,0.71,14.04,OK,0.94,975,16.50,14.50,980,Off,0,0.76,-0.27,1.42,-0.28,On,Off,Off,Off,Off,87.75,7.84,3.21,2.28,43.53,398.64,400,On,44.27,45,-990,39.00,2.44,-1.05,7.84,18.00,C/L,0.90,1.02,1.00,16.10,0,1,0,1,0,2,0,0,4.86,79.68,Off,0.97,0.02,0,3.70,1.00,5.10,0.78,5.10,4.22,5.49,0,80
319,Off,444.40,0.71,14.68,OK,0.94,975,17.25,14.43,1030,Off,0,-0.76,0.24,-0.83,10.94,On,Off,Off,Off,Off,87.75,7.84,1.28,2.28,7.84,397.40,400,On,45.48,45,-970,33.75,4.99,-1.05,7.84,18.75,C/L,0.90,1.02,1.00,54.20,0,1,0,1,0,2,0.50,0,9.67,79.68,Off,1.04,0.74,74.99,3.70,0.97,7.06,0.85,7.06,4.15,5.88,0,85
320,Off,444.40,0.41,8.01,OK,0.94,975,17.25,14.50,990,Off,0,-0.19,-0.19,-0.17,-0.34,On,Off,Off,Off,Off,87.75,7.84,0,2.28,42.35,402.48,400,On,44.54,45,-940,37.50,3.38,-1.05,7.84,18.75,C/L,0.90,1.02,1.00,30.30,0,1,0,1,0,2,3,0,7.25,79.68,Off,1.00,0.82,42.96,3.70,0.99,3.53,0.71,3.14,4.30,3.14,0,80
321,Off,444.40,0.74,15.36,OK,0.94,975,17.25,14.43,990,Off,0,-0.20,-0.19,0.60,-0.18,On,Off,Off,Off,Off,87.75,7.84,0,2.28,7.84,397.91,400,On,44.59,45,-920,36.00,3.85,-1.05,7.84,18.75,C/L,0.90,1.01,1.00,54.80,0,1,0,1,0,2,0,0,11.61,79.68,Off,1.00,0.35,0,3.70,1.00,10.59,0.99,10.98,4.01,10.59,0,83
322,Off,444.40,1,20.09,OK,0.94,975,17.25,14.71,1150,Off,0,-0.35,4.71,-0.73,3.58,On,Off,Off,Off,Off,87.75,7.84,0,2.28,46.67,405.52,400,On,46.49,45,-1080,21.75,7.81,-1.05,42.35,19.50,C/L,0.90,1.02,1.00,91.40,0,1,0,1,0,2,1,0,9.27,79.68,Off,1.01,0.78,0,3.70,0.96,3.53,0.72,3.53,4.30,2.75,0,90
323,Off,444.40,0.64,16.09,OK,0.94,975,17.25,14.43,990,Off,0,-0.24,-0.22,1.44,-0.31,On,Off,Off,Off,Off,87.75,7.84,0,2.28,7.84,403.49,400,On,43.67,45,-1070,22.50,3.92,-1.05,7.84,18.75,C/L,0.90,1.02,1.00,77.70,0,1,0,1,0,2,4.50,0,3.67,79.68,Off,1.04,0.09,0,3.70,1.00,2.75,0.71,5.88,4.15,10.20,0,87
324,Off,444.40,0.88,17.55,OK,0.94,975,17.25,14.43,1010,Off,0,-0.10,-0.28,0.89,-0.28,On,Off,Off,Off,Off,88.50,7.84,0.06,2.28,43.53,402.41,400,On,44.23,45,-1070,21.75,1.34,-1.05,7.84,18.75,C/L,0.90,1.02,1.00,40.10,0,1,0,1,0,2,1,0,10.81,79.68,Off,0.98,0.74,0,3.70,0.99,12.55,1.24,15.29,3.98,10.59,0,86
325,Off,444.40,0.91,19.16,OK,0.94,975,17.25,14.71,1050,Off,0,-0.57,-0.33,1.24,-0.36,On,Off,Off,Off,Off,87.75,7.84,0,2.28,7.84,405.74,400,On,10.00,45,-1030,-3.75,1.51,-1.05,7.84,18.75,O/L,0.90,1.02,1.00,30.80,0,1,0,1,0,2,0.50,0,7.17,79.68,Off,1.00,0.16,0,3.70,1.00,3.53,0.68,2.35,4.22,5.88,0,83
326,Off,444.40,0.81,16.07,OK,0.94,975,17.25,14.36,990,Off,0,-0.28,-0.31,6.42,-0.34,On,Off,Off,Off,Off,87.75,7.84,0.03,2.28,7.84,400.16,400,On,45.47,45,-930,37.50,3.42,-1.05,7.84,18.75,C/L,0.90,1.02,1.00,18.50,0,1,0,1,0,2,0,0,3.31,79.68,Off,0.96,0.24,0,3.70,1.00,1.96,0.65,1.96,4.34,1.96,0,70
327,Off,444.40,0.41,8.01,OK,0.94,975,17.25,14.43,980,On,23.14,-0.77,-0.36,6.19,-0.33,On,Off,Off,Off,Off,87.75,7.84,0,2.28,44.31,402.41,400,On,43.58,45,-160,1.50,1.46,-1.05,7.84,18.75,C/L,0.80,1.02,1.00,45.80,0,1,0,1,0,2,1,0,10.40,79.68,Off,0.97,0.80,8.20,3.70,0.99,17.65,1.22,16.08,3.83,10.98,0,50
328,Off,444.40,0.83,17.38,OK,0.94,975,17.25,14.50,1010,Off,0,0.20,-0.19,1.19,-0.18,On,Off,Off,Off,Off,87.75,7.84,0.19,2.28,7.84,400.09,400,On,44.87,45,-990,35.25,5.43,-1.05,46.27,19.50,C/L,0.80,1.02,1.00,82.70,0,1,0,1,0,2,0,0,8.56,79.68,Off,1.02,0.72,64.45,3.70,0.95,12.94,1.06,12.55,3.95,12.55,0,68
329,Off,444.40,0.93,20.01,OK,0.94,975,17.25,14.50,1130,Off,0,-0.86,2.34,-0.92,-0.40,On,Off,Off,Off,Off,87.75,7.84,2.29,2.28,41.18,400.74,400,On,44.65,45,-1150,41.25,2.53,-1.05,7.84,19.50,C/L,0.80,1.02,1.00,25.40,0,1,0,1,0,2,1.50,0,9.99,79.68,Off,0.94,0.66,0,3.70,0.96,4.31,0.73,3.92,4.28,3.92,0,68
330,Off,444.40,0.41,8.01,OK,0.94,975,18.00,14.43,990,Off,0,-0.27,-0.31,-0.25,-0.31,On,Off,Off,Off,Off,88.50,7.84,0,2.28,7.84,426.18,400,On,10.00,45,-860,-6.75,0.80,-1.05,7.84,18.75,O/L,0.80,1.02,1.00,13.30,0,1,0,1,0,2,8,0,5.60,79.68,Off,1.01,0.04,0,3.70,1.01,9.02,0.92,9.41,4.05,10.59,0,56
331,Off,444.40,0.71,13.63,OK,0.94,975,18.00,14.43,990,Off,0,1.15,-0.24,1.99,-0.31,On,Off,Off,Off,Off,87.75,7.84,1.29,2.28,43.53,400.16,400,On,43.52,45,-780,-5.25,1.22,-1.05,7.84,18.75,O/L,0.80,1.02,1.00,12.20,0,1,0,1,0,2,1.50,0,2.18,79.68,Off,10.07,0.00,0,3.70,1.00,5.88,0.70,2.75,4.31,2.75,0,51
332,Off,444.40,0.75,14.83,OK,0.94,975,18.00,14.50,980,Off,0,-0.26,-0.47,2.82,-0.51,On,Off,Off,Off,Off,87.75,7.84,0.17,2.28,43.92,402.70,400,On,43.69,45,-560,32.25,2.07,-1.05,7.84,18.75,C/L,0.80,1.02,1.00,36.70,0,1,0,1,0,2,4.50,0,2.99,79.68,Off,1.02,0.82,27.73,3.70,0.98,2.35,0.67,2.35,4.27,4.71,0,45
333,Off,444.40,0.71,14.19,OK,0.94,975,18.00,14.50,980,Off,0,1.18,-0.31,0.28,-0.31,On,Off,Off,Off,Off,87.75,7.84,2.76,2.28,44.31,398.35,400,On,44.44,45,-880,37.50,2.52,-1.05,7.84,19.50,C/L,0.70,1.02,1.00,20.70,0,1,0,1,0,2,9,0,2.44,79.68,Off,1.02,0.16,33.59,3.70,1.08,7.06,0.84,6.67,4.23,4.31,0,47
334,Off,444.40,0.41,8.25,OK,0.94,975,18.00,14.43,980,Off,0,-0.51,-0.50,4.77,-0.25,On,Off,Off,Off,Off,87.75,7.84,0.68,2.28,36.86,396.10,400,On,44.29,46,-1140,33.75,5.97,-1.05,46.27,19.50,C/L,0.70,1.02,1.00,131.10,0,1,0,1,0,2,0,4.50,8.83,79.68,Off,0.95,0.27,60.93,3.70,0.99,6.67,0.83,6.67,4.13,7.45,0,52
335,Off,444.40,0.81,16.19,OK,0.94,975,18.00,14.43,1050,Off,0,-0.37,-0.31,0.50,-0.25,On,Off,Off,Off,Off,87.75,7.84,0,2.28,33.73,398.42,400,On,44.30,46,-910,15.75,1.61,-1.05,7.84,19.50,C/L,0.70,1.02,1.00,17,0,1,0,1,0,2,2,0,2.89,79.68,Off,0.98,0.73,3.52,3.70,1.04,2.75,0.68,2.35,4.32,2.35,0,47
336,Off,444.40,0.41,8.01,OK,0.94,975,18.00,14.08,980,On,32.16,-0.13,-0.31,8.74,-0.20,On,Off,Off,Off,Off,88.50,7.84,0.66,2.28,43.53,399.72,400,On,43.71,46,40,0.75,2.13,-1.05,7.84,18.75,C/L,0.60,1.02,1.00,9.40,0,1,0,1,0,2,6.50,1.50,12.68,79.68,Off,1.01,0.75,25.78,3.70,1.00,16.86,1.21,16.86,3.79,16.47,19.50,21
337,Off,457.88,1.04,20.55,OK,0.94,975,18.00,14.50,1190,Off,0,-1.17,-1.24,-1.22,15,On,Off,Off,Off,Off,89.25,7.84,2.29,2.28,7.84,398.42,400,On,45.80,46,-1230,38.25,3.77,-1.05,7.84,21.75,C/L,0.60,1.02,1.00,58.10,0,1,0,1,0,2,0.50,0,10.53,79.68,Off,1.01,0.10,99.60,3.70,1.02,12.55,1.05,12.55,3.96,11.37,0,48
338,Off,457.88,0.79,16.51,OK,0.94,975,18.00,14.50,1010,Off,0,0.58,-0.53,7.55,-0.36,On,Off,Off,Off,Off,89.25,7.84,0,2.28,42.75,410.38,400,On,44.35,47,-450,1.50,1.42,-1.05,7.84,20.25,O/L,0.60,1.02,1.00,10,0,1,0,1,0,2,8.50,0,1.48,79.68,Off,1.01,0.06,3.12,3.70,1.03,1.18,0.64,1.18,4.37,1.18,0,35
339,Off,457.88,0.41,7.93,OK,0.94,975,18.00,14.50,970,Off,0,4.48,-0.30,1,-0.31,On,Off,Off,Off,Off,89.25,7.84,1.36,2.28,43.92,390.88,400,On,44.30,47,-930,38.25,2.54,-1.05,7.84,20.25,C/L,0.50,1.02,1.00,42.10,0,1,0,1,0,2,0,0,12.69,79.68,Off,1.06,0.07,99.60,3.70,1.02,11.37,0.83,5.49,4.29,1.96,0,50
340,Off,457.88,0.41,8.01,OK,0.94,975,18.00,14.50,980,Off,0,0.48,-0.49,5.49,-0.47,On,Off,Off,Off,Off,89.25,7.84,1.08,2.28,42.75,403.86,400,On,43.34,47,-670,-3.00,1.25,-1.05,7.84,19.50,C/L,0.50,1.02,1.00,19.30,0,1,0,1,0,2,2,0,2.65,79.68,Off,0.98,0.75,36.72,3.70,1.02,7.84,0.90,10.20,3.99,11.76,1.17,52
341,Off,457.88,1.01,20.31,OK,0.94,975,18.00,14.50,1080,Off,0,-0.17,-0.11,-0.76,2.58,On,Off,Off,Off,Off,89.25,7.84,2.93,2.28,45.49,399.72,400,On,43.93,47,-860,0.75,1.22,-1.05,7.84,20.25,C/L,0.50,1.02,1.00,58.70,0,1,0,1,0,2,0,0,11.72,79.68,Off,1.03,0.70,0,3.70,0.99,11.37,1.02,11.37,3.99,11.37,0,61
342,Off,457.88,0.87,17.38,OK,0.94,975,18.00,14.43,1020,Off,0,-0.04,-0.45,0.94,-0.45,On,Off,Off,Off,Off,89.25,7.84,0,2.28,42.75,402.70,400,On,44.80,48,-1030,38.25,3.67,-1.05,7.84,20.25,C/L,0.50,1.02,1.00,32.80,0,1,0,1,0,2,0.50,0,11.16,79.68,Off,1.00,0.61,0,3.70,1.01,8.24,0.89,8.24,4.17,4.71,0,65
343,Off,457.88,0.46,13.05,OK,0.94,975,18.00,14.43,990,Off,0,6.23,-0.36,-0.26,-0.34,On,Off,Off,Off,Off,89.25,7.84,0,2.28,7.84,412.85,400,On,42.95,48,-990,5.25,1.52,-1.05,7.84,19.50,O/L,0.60,1.02,1.00,27.10,0,1,0,1,0,2,5.50,0,4.72,79.68,Off,0.92,0.12,0,3.70,1.03,3.53,0.71,3.53,4.29,3.53,0,61
344,Off,457.88,0.64,12.80,OK,0.94,975,18.00,14.50,980,Off,0,-0.06,-0.41,8.39,-0.37,On,Off,Off,Off,Off,89.25,7.84,0,2.28,43.53,396.75,400,On,43.71,49,-790,37.50,2.20,-1.05,7.84,19.50,C/L,0.60,1.02,1.00,16.50,0,1,0,1,0,2,4.50,0,9.25,79.68,Off,0.99,0.74,0,3.70,0.93,5.49,0.79,5.49,4.19,6.67,0,46
345,Off,457.88,0.76,15.20,OK,0.94,975,18.00,14.43,990,Off,0,-0.11,-0.45,0.71,-0.42,On,Off,Off,Off,Off,89.25,7.84,0,2.28,41.57,402.70,400,On,43.59,49,-650,3.00,1.48,-1.05,7.84,19.50,C/L,0.60,1.02,1.00,26.80,0,1,0,1,0,2,2.50,0,7.09,79.68,Off,0.96,0.68,0,3.70,0.95,5.88,0.72,2.75,4.32,2.75,0,48
346,Off,457.88,0.61,12.93,OK,0.94,975,18.00,14.50,980,Off,0,0.38,-0.49,6.03,-0.62,On,Off,Off,Off,Off,88.50,7.84,0,2.28,42.35,404.22,400,On,43.12,49,-150,3.00,1.40,-1.05,7.84,18.75,C/L,0.60,1.02,1.00,17.90,0,1,0,1,0,2,6.50,0,3.49,79.68,Off,0.99,0.10,0,3.70,0.99,1.96,0.65,1.57,4.35,1.57,0,45
347,Off,444.40,0.58,11.80,OK,0.94,975,18.00,14.36,980,Off,0,-0.07,-0.35,8.97,-0.39,On,Off,Off,Off,Off,88.50,7.84,0.05,2.28,43.53,399.36,400,On,43.60,50,-620,37.50,2.65,-1.05,7.84,18.75,C/L,0.50,1.02,1.00,14,0,1,0,1,0,2,8,0,1.60,79.68,Off,0.98,0.81,5.86,3.70,0.93,1.18,0.63,1.18,4.37,1.18,0,45
348,Off,457.88,0.41,8.03,OK,0.94,975,18.00,14.29,980,On,21.96,-0.07,-0.31,8.72,-0.37,On,Off,Off,Off,Off,89.25,7.84,0.25,2.28,44.31,394.51,400,On,42.90,50,-50,6.00,1.37,-1.05,7.84,18.75,C/L,0.90,1.02,1.00,19.90,0,1,0,1,0,2,6.50,0,5.71,79.68,Off,0.99,0.10,20.31,3.70,1.03,5.88,0.83,7.45,4.13,7.84,0,40
349,Off,444.40,0.58,12.51,OK,0.94,975,18.00,14.50,980,Off,0,0.06,-0.47,8.41,-0.34,On,Off,Off,Off,Off,89.25,7.84,1.34,2.28,36.08,399.07,400,On,44.35,50,-910,34.50,4.22,-1.05,7.84,18.75,C/L,0.90,1.02,1.00,54.30,0,1,0,1,0,2,2.50,0,5.33,79.68,Off,1.01,0.34,52.73,3.70,1.00,7.45,0.88,8.24,4.10,9.02,0,31
350,Off,457.88,0.80,16.07,OK,0.94,975,18.00,14.43,1000,Off,0,1.38,-0.50,-0.03,-0.50,On,Off,Off,Off,Off,88.50,7.84,2.80,2.28,45.10,401.39,400,On,44.32,51,-870,36.75,3.61,-1.05,7.84,19.50,C/L,0.90,1.02,1.00,51.40,0,1,0,1,0,2,7,0,5.91,79.68,Off,1.02,0.69,78.12,3.70,1.00,13.73,1.17,15.69,3.84,14.51,13.65,40
351,Off,457.88,0.93,17.77,OK,0.93,975,18.00,14.50,1020,Off,0,-0.02,-0.47,1.61,-0.51,On,Off,Off,Off,Off,88.50,7.84,3.12,2.28,45.10,402.04,400,On,43.81,51,-590,37.50,3.40,-1.05,7.84,20.25,C/L,0.90,1.02,1.00,50.80,0,1,0,1,0,2,1,0,6.64,79.68,Off,0.96,0.63,30.08,3.70,1.00,1.57,0.65,1.57,4.35,1.57,0,42
352,Off,457.88,0.82,20.33,OK,0.93,975,18.00,14.57,1060,Off,0,-0.63,-0.45,-0.03,-0.50,On,Off,Off,Off,Off,88.50,7.84,1.66,2.28,46.27,400.38,400,On,44.19,51,-820,36.75,3.49,-1.05,7.84,20.25,C/L,0.90,1.02,1.00,50.70,0,1,0,1,0,2,0.50,0,13.01,79.68,Off,1.02,0.61,67.18,3.70,0.98,11.76,1.03,11.76,3.98,11.76,0,53
353,Off,457.88,0.85,16.97,OK,0.93,975,18.00,14.71,1010,Off,0,-0.24,-0.31,1.22,-0.48,On,Off,Off,Off,Off,89.25,7.84,0,2.28,44.31,396.68,400,On,44.08,51,-910,39.00,2.86,-1.05,7.84,20.25,C/L,0.90,1.02,1.00,18.70,0,1,0,1,0,2,8.50,0,5.37,79.68,Off,1.02,0.70,12.89,3.70,0.95,11.76,1.03,11.76,3.99,10.98,0,57
354,Off,457.88,0.83,16.63,OK,0.93,975,18.00,14.57,1010,Off,0,-0.49,-0.41,0.52,-0.29,On,Off,Off,Off,Off,90.00,7.84,0.73,2.28,42.35,400.09,400,On,44.35,52,-930,36.75,3.93,-1.05,7.84,20.25,C/L,0.90,1.02,1.00,57.60,0,1,0,1,0,2,0,0,12.43,79.68,Off,1.00,0.58,0,3.70,0.99,8.63,0.90,8.63,4.09,9.02,0,62
355,Off,457.88,0.81,16.24,OK,0.93,975,18.00,14.50,1010,Off,0,-0.01,-0.39,2.11,-0.45,On,Off,Off,Off,Off,90.00,7.84,0,2.28,44.31,399.00,400,On,44.41,52,-1040,8.25,1.29,-1.05,7.84,20.25,O/L,0.90,1.02,1.00,15.50,0,1,0,1,0,2,0,0,2.70,79.68,Off,12.91,0.00,0,3.70,1.00,2.35,0.68,3.92,4.21,5.49,0,66
356,Off,457.88,0.57,13.05,OK,0.93,975,18.00,14.43,980,Off,0,-0.13,-0.53,0.35,-0.55,On,Off,Off,Off,Off,90.00,7.84,0,2.28,42.35,400.30,400,On,44.89,52,-1080,38.25,5.71,-1.05,50.59,20.25,C/L,1,1.02,1.00,119.40,0,1,0,1,0,2,0,13.50,15.60,79.68,Off,0.99,0.73,14.84,3.70,1.00,10.59,0.98,10.59,4.05,9.80,0,68
357,Off,457.88,0.78,14.27,OK,0.93,975,18.00,14.43,1000,Off,0,-0.36,-0.38,7.22,-0.55,On,Off,Off,Off,Off,89.25,7.84,0,2.28,7.84,402.99,400,On,43.72,53,-1080,-3.00,0.85,-1.05,7.84,20.25,O/L,1,1.02,1.00,15.40,0,1,0,1,0,2,1.50,0,7.85,79.68,Off,0.97,0.10,0,3.70,1.00,7.06,0.83,6.27,4.17,6.27,0,66
358,Off,457.88,0.41,8.01,OK,0.93,975,18.00,14.43,990,Off,0,4.58,-0.50,1.85,-0.42,On,Off,Off,Off,Off,88.50,7.84,0,2.28,43.53,399.80,400,On,43.80,53,-890,-4.50,1.35,-1.05,7.84,19.50,C/L,1,1.02,1.00,18.30,0,1,0,1,0,2,8,0,3.76,79.68,Off,0.97,0.20,17.58,3.70,1.06,3.53,0.72,3.53,4.28,3.53,0,61
359,Off,457.88,0.61,12.29,OK,0.93,975,18.00,14.50,980,Off,0,0.05,-0.38,7.82,-0.40,On,Off,Off,Off,Off,88.50,7.84,1.65,2.28,43.92,398.64,400,On,44.46,53,-1060,38.25,3.90,-1.05,48.24,18.75,C/L,1,1.02,1.00,84.20,0,1,0,1,0,2,0,14,15.89,79.68,Off,0.99,0.75,99.60,3.70,1.00,15.69,1.16,15.29,3.85,16.47,2.34,70
360,Off,457.88,1.10,22.17,OK,0.94,975,18.00,14.43,1110,Off,0,-1.02,-0.44,0.67,-0.45,On,Off,Off,Off,Off,87.75,7.84,3.20,2.28,7.84,404.58,400,On,43.47,53,-1170,-6.75,1.31,-1.05,7.84,20.25,O/L,1,1.02,1.00,35.20,0,1,0,1,0,2,1.50,0,9.34,79.68,Off,0.99,0.16,0,3.70,1.03,7.06,0.85,5.49,4.23,4.71,0,66
361,Off,457.88,0.41,8.01,OK,0.93,975,18.00,14.43,990,Off,0,-0.36,-0.30,-0.31,-0.48,On,Off,Off,Off,Off,88.50,7.84,0,2.28,45.10,399.58,400,On,44.37,54,-1000,38.25,3.72,-1.05,7.84,19.50,C/L,1,1.02,1.00,58,0,1,0,1,0,2,1,0,9.04,79.68,Off,1.01,0.71,64.45,3.70,0.99,7.84,0.87,7.84,3.84,14.90,11.70,67
362,Off,457.88,0.90,17.92,OK,0.93,975,18.00,14.43,1020,Off,0,-0.47,-0.38,0.38,-0.39,On,Off,Off,Off,Off,88.50,7.84,2.52,2.28,33.33,401.46,400,On,45.54,54,-1160,34.50,4.29,-1.05,7.84,20.25,C/L,1,1.02,1.00,44.40,0,1,0,1,0,2,3.50,0,7.35,79.68,Off,1.00,0.18,99.60,3.70,1.02,5.88,0.73,3.92,4.28,3.92,0,71
363,Off,457.88,0.60,11.96,OK,0.93,975,18.00,14.71,980,Off,0,0.12,-0.47,1.30,-0.44,On,Off,Off,Off,Off,88.50,7.84,0.01,2.28,41.57,401.10,400,On,44.09,54,-1160,41.25,2.05,-1.05,7.84,19.50,C/L,1,1.02,1.00,46.20,0,1,0,1,0,2,6,0,5.72,79.68,Off,1.07,0.84,53.90,3.70,0.99,9.80,1.01,11.37,3.98,11.76,0,71
364,Off,457.88,1.02,21.35,OK,0.93,975,18.00,14.43,1090,Off,0,-0.92,-0.47,1.64,-0.50,On,Off,Off,Off,Off,88.50,7.84,0,2.28,43.14,404.94,400,On,44.97,54,-1010,8.25,7.35,-1.05,43.92,19.50,C/L,1,1.02,1.00,71.20,0,1,0,1,0,2,0.50,0,11.66,79.68,Off,0.97,0.20,0,3.70,0.99,24.31,1.37,19.22,3.80,16.08,3.12,78
365,Off,457.88,1.12,22.52,OK,0.93,975,18.00,14.43,1150,Off,0,-0.83,1.41,-0.75,6.60,On,Off,Off,Off,Off,88.50,7.84,0,2.28,7.84,402.12,400,On,45.04,54,-970,34.50,5.11,-1.05,7.84,21.00,C/L,1,1.02,1.00,28.80,0,1,0,1,0,2,1,0,5.26,79.68,Off,0.96,0.21,0,3.70,1.05,7.84,0.94,11.37,4.02,10.59,0,82
366,Off,457.88,0.88,17.70,OK,0.93,975,18.00,14.43,1020,Off,0,-0.33,-0.35,-0.31,-0.33,On,Off,Off,Off,Off,89.25,7.84,0,2.28,7.84,414.00,400,On,10.00,54,-930,-6.00,0.81,-1.05,7.84,19.50,O/L,1.10,1.02,1.00,14.90,0,1,0,1,0,2,0,0,5.53,79.68,Off,0.98,0.02,0,3.70,1.00,10.59,0.97,10.20,4.04,9.41,0,77
367,Off,457.88,0.90,18.04,OK,0.93,975,18.00,14.43,1020,Off,0,-2.35,-0.72,4.31,19.45,On,Off,Off,Off,Off,89.25,7.84,0.06,2.28,44.71,401.68,400,On,45.10,54,-890,37.50,3.28,-1.05,7.84,19.50,C/L,1.10,1.02,1.00,40.40,0,1,0,1,0,2,1,0,9.00,79.68,Off,1.01,0.78,0,3.70,0.99,3.14,0.70,3.14,4.30,5.10,0,77
368,Off,457.88,0.81,16.14,OK,0.93,975,18.00,14.50,990,Off,0,0.05,-0.31,1.53,-0.25,On,Off,Off,Off,Off,88.50,7.84,0,2.28,43.92,400.88,400,On,44.03,54,-850,36.75,3.81,-1.05,7.84,19.50,C/L,1.10,1.02,1.00,27.90,0,1,0,1,0,2,8.50,0,3.20,79.68,Off,0.98,0.11,0,3.70,1.00,1.96,0.66,1.96,4.34,1.96,0,73
369,Off,457.88,0.41,7.99,OK,0.93,975,18.00,14.36,980,Off,0,-0.26,-0.42,5.63,-0.36,On,Off,Off,Off,Off,88.50,7.84,0,2.28,43.53,398.93,400,On,44.67,54,-840,36.00,3.01,-1.05,7.84,19.50,C/L,1.10,1.02,1.00,18.30,0,1,0,1,0,2,1.50,0,11.04,79.68,Off,1.00,0.82,7.03,3.70,1.00,10.59,0.99,10.59,3.89,13.33,0,75
370,Off,457.88,0.82,15.85,OK,0.93,975,18.00,14.50,1000,Off,0,-1.91,-0.41,1.63,-0.44,On,Off,Off,Off,Off,87.75,7.84,0.97,2.28,43.92,400.09,400,On,44.41,54,-860,36.00,1.94,-1.05,7.84,19.50,C/L,1.10,1.02,1.00,37.60,1,1,1,1,0,2,8.50,0,3.36,79.68,Off,1.02,0.73,0,3.70,0.99,3.14,0.70,3.14,4.30,2.75,0,75
371,Off,457.88,0.60,11.86,OK,0.93,975,18.00,14.57,980,Off,0,-0.37,-0.30,2.02,-0.37,On,Off,Off,Off,Off,87.75,7.84,1.43,2.28,36.08,397.77,400,On,44.14,54,-880,19.50,1.15,-1.05,7.84,18.75,C/L,1.20,1.02,1.00,25.20,1,1,1,1,0,2,1,0,8.65,79.68,Off,0.95,0.73,0,3.70,0.99,8.63,0.90,6.67,4.16,6.67,0,77
372,Off,457.88,0.75,14.87,OK,0.93,975,18.00,14.64,990,Off,0,0.10,-0.30,4.75,-0.37,On,Off,Off,Off,Off,87.75,7.84,0,2.28,7.84,397.98,400,On,44.65,53,-870,34.50,4.57,-1.05,7.84,19.50,C/L,1.20,1.02,1.00,41.50,1,1,1,1,0,2,0,0,3.21,79.68,Off,1.13,0.24,0,3.70,1.00,7.84,0.91,9.41,4.04,10.20,0,77
373,Off,457.88,0.86,17.17,OK,0.93,975,18.00,14.50,1010,Off,0,-0.22,-0.28,0.22,-0.23,On,Off,Off,Off,Off,87.75,7.84,0.01,2.28,45.88,399.51,400,On,45.90,53,-840,20.25,4.88,-1.05,43.92,20.25,C/L,1.20,1.01,1.00,123.90,1,1,1,1,0,2,8,31.50,53.40,79.68,Off,1.00,0.18,37.89,3.70,1.11,39.22,1.86,30.98,3.49,14.51,12.87,82
374,Off,457.88,1.02,20.60,OK,0.93,975,18.00,14.57,1060,Off,0,-0.67,-0.35,-0.81,0.58,On,Off,Off,Off,Off,88.50,7.84,0.87,2.28,7.84,401.32,400,On,45.23,53,-1030,37.50,3.72,-1.05,7.84,21.75,C/L,1.20,1.01,1.00,79.20,0,1,1,1,0,2,0,15.50,24.22,79.68,Off,0.96,0.12,31.25,3.70,1.04,11.37,1.02,11.37,4.00,10.98,0,90
375,Off,457.88,0.92,18.33,OK,0.94,975,18.00,14.43,1030,Off,0,-0.50,-0.41,8.60,-0.44,On,Off,Off,Off,Off,89.25,7.84,1.19,2.28,43.53,404.00,400,On,43.44,53,-1070,3.75,1.98,-1.05,7.84,20.25,C/L,1.20,1.02,1.00,42.10,0,1,1,1,0,2,7,0,3.83,79.68,Off,1.02,0.82,0,3.70,1.02,4.71,0.75,4.31,4.26,5.49,0,86
376,Off,457.88,0.64,12.76,OK,0.94,975,18.00,14.64,980,Off,0,0.15,-0.41,7.91,-0.34,On,Off,Off,Off,Off,89.25,7.84,0,2.28,43.53,398.06,400,On,43.99,53,-980,39.75,2.59,-1.05,7.84,19.50,C/L,1.20,1.02,1.00,61.30,0,1,1,1,0,2,0.50,0,14.55,79.68,Off,1.01,0.66,0,3.70,0.97,9.80,0.87,7.84,4.15,6.27,0,85
377,Off,457.88,0.41,8.01,OK,0.94,975,18.00,14.43,990,Off,0,0.43,-0.42,7.89,-0.40,On,Off,Off,Off,Off,88.50,7.84,0,2.28,43.92,395.44,400,On,44.62,53,-940,32.25,5.99,-1.05,46.27,19.50,C/L,1.20,1.02,1.00,73.90,0,1,1,1,0,2,0,0,10.43,79.68,Off,0.99,0.17,8.98,3.70,1.01,30.20,2.04,50.98,1.93,83.14,67.47,86
378,Off,457.88,1.78,36.04,OK,0.94,975,18.00,14.43,1510,Off,0,0.73,1.62,15.08,22.86,On,Off,Off,Off,Off,87.75,7.84,0.41,2.28,45.88,404.15,400,On,43.99,52,-1240,-1.50,0.81,-1.05,7.84,22.50,O/L,1.20,1.02,1.00,17.40,0,1,1,1,0,2,0,0,2.86,79.68,Off,2.45,0.00,0,3.70,1.00,8.24,0.89,8.24,4.11,8.24,0,91
379,Off,457.88,0.91,18.28,OK,0.94,975,18.00,14.50,1020,Off,0,0.02,-0.45,0.64,-0.39,On,Off,Off,Off,Off,88.50,7.84,0.30,2.28,44.71,400.88,400,On,44.98,52,-1170,39.00,3.79,-1.05,7.84,21.75,C/L,1.20,1.02,1.00,31.90,0,1,1,1,0,2,4.50,0,7.61,79.68,Off,0.94,0.19,67.96,3.70,0.98,7.84,0.89,7.84,4.13,7.84,0,92
380,Off,457.88,0.71,13.49,OK,0.94,975,18.00,14.50,990,Off,0,0.01,-0.38,7.28,-0.42,On,Off,Off,Off,Off,88.50,7.84,2.54,2.28,47.06,401.25,400,On,44.21,52,-1120,40.50,3.46,-1.05,7.84,19.50,C/L,1.20,1.02,1.00,18.90,1,1,1,1,0,3,0,0,2.68,79.68,Off,9.02,0.00,0,3.70,1.00,3.14,0.78,6.67,4.15,7.06,0,86
381,Off,457.88,0.41,8.27,OK,0.94,975,18.00,14.57,990,Off,0,0.98,-0.42,5.24,-0.31,On,Off,Off,Off,Off,88.50,7.84,0,2.28,43.53,396.61,400,On,44.58,52,-1020,38.25,4.13,-1.05,7.84,19.50,C/L,1.30,1.02,1.00,60.70,1,1,1,1,0,3,4.50,0,4.27,79.68,Off,1.06,0.10,38.28,3.70,1.06,3.92,0.73,3.92,4.26,5.88,0,88
382,Off,457.88,0.85,17.93,OK,0.94,975,18.00,14.43,1030,Off,0,-0.78,-0.31,1.94,-0.33,On,Off,Off,Off,Off,87.75,7.84,2.89,2.28,47.45,401.10,400,On,43.65,52,-1150,39.75,1.22,-1.05,7.84,19.50,C/L,1.30,1.02,1.00,28.90,0,1,1,1,0,3,6.50,0,8.82,79.68,Off,0.93,0.84,66.40,3.70,0.95,5.49,0.86,8.63,4.05,9.80,0,95
383,Off,457.88,0.78,15.48,OK,0.94,975,18.00,14.36,1000,Off,0,-0.41,-0.41,-0.62,-0.29,On,Off,Off,Off,Off,87.75,7.84,0,2.28,7.84,409.22,400,On,10.00,51,-1190,-2.25,2.16,-1.05,7.84,19.50,O/L,1.30,1.02,1.00,29.10,0,1,1,1,0,3,0,3.50,16.84,79.68,Off,1.00,0.79,2.73,3.70,1.02,10.98,1.00,12.94,3.94,12.55,0,97
384,Off,457.88,0.90,17.82,OK,0.94,980,18.00,14.57,1020,Off,0,1.40,-0.30,1.35,-0.42,On,Off,Off,Off,Off,87.75,7.84,3.03,2.28,43.14,398.93,400,On,44.36,51,-1250,42.00,2.07,-1.05,7.84,20.25,C/L,1.30,1.02,1.00,47.20,0,1,1,1,0,3,1,0,10.20,79.68,Off,0.97,0.80,99.60,3.70,0.96,8.63,0.90,8.63,4.06,9.41,0,97
385,Off,457.88,0.81,16.41,OK,0.94,980,18.00,14.43,1100,Off,0,-1.08,2.12,-0.86,-0.40,On,Off,Off,Off,Off,87.75,7.84,0.23,2.28,7.84,402.48,400,On,45.06,51,-1280,42.75,1.33,-1.05,7.84,20.25,C/L,1.30,1.02,1.00,17.60,0,1,1,1,0,3,0,0,2.93,79.68,Off,1.23,0.00,0,3.70,1.00,9.41,0.96,10.59,4.01,10.98,0,96
386,Off,457.88,0.84,16.29,OK,0.94,980,18.00,14.36,1010,Off,0,1.52,-0.35,0.77,-0.34,On,Off,Off,Off,Off,87.75,7.84,1.93,2.28,47.06,395.88,400,On,45.04,50,-1260,1.50,1.12,-1.05,7.84,20.25,O/L,1.40,1.02,1.00,18.30,0,1,1,1,0,3,0,0,2.81,79.68,Off,13.33,0.00,0,3.70,1.00,2.75,0.68,2.75,4.32,2.75,0,90
387,Off,457.88,0.41,8.03,OK,0.94,980,18.00,14.57,980,Off,0,0.01,-0.36,4.38,-0.31,On,Off,Off,Off,Off,87.75,7.84,0,2.28,45.49,400.88,400,On,45.09,50,-1090,34.50,5.10,-1.05,45.49,20.25,C/L,1.50,1.02,1.00,105.50,0,1,1,1,0,3,0,5,14.15,79.68,Off,1.00,0.22,99.60,3.70,1.00,14.51,1.13,14.51,3.89,12.55,0,93
388,Off,457.88,0.41,8.01,OK,0.94,980,18.75,14.43,1010,Off,0,-0.42,-0.28,-0.40,-0.40,On,Off,Off,Off,Off,87.75,7.84,0,2.28,40.78,400.45,400,On,44.46,50,-1120,39.00,3.16,-1.05,7.84,20.25,C/L,1.40,1.02,1.00,34.70,0,1,1,1,0,3,1.50,0,9.28,79.68,Off,0.99,0.74,36.32,3.70,0.99,8.63,0.80,3.53,4.29,3.53,0,90
389,Off,457.88,0.83,17.14,OK,0.94,980,18.75,14.71,1020,Off,0,-0.07,-0.31,0.63,-0.33,On,Off,Off,Off,Off,87.75,7.84,0,2.28,7.84,401.83,400,On,44.28,50,-1160,41.25,3.19,-1.05,7.84,20.25,C/L,1.40,1.02,1.00,20.50,0,1,1,1,0,3,0,0,2.73,79.68,Off,9.62,0.00,0,3.70,1.00,65.10,3.63,89.80,0.91,95.29,77.61,91
390,Off,457.88,2.60,50.48,OK,0.94,980,18.75,14.01,1630,Off,0,-0.60,0.05,-0.36,-0.11,On,Off,Off,Off,Off,87.75,7.84,0,2.28,43.14,403.78,400,On,43.46,49,-650,0.75,1.28,-1.05,7.84,22.50,C/L,1.50,1.02,1.00,35.60,0,1,1,1,0,3,5.50,23.50,29.72,79.68,Off,1.03,0.09,7.03,3.70,1.05,12.55,1.10,30.98,3.31,29.80,28.47,86
391,Off,471.37,1.38,28.10,OK,0.94,980,18.75,14.43,1250,Off,0,-0.89,0.48,-0.98,14.83,On,Off,Off,Off,Off,88.50,7.84,0.12,2.28,7.84,397.77,400,On,44.27,49,-1170,40.50,1.63,-1.05,7.84,22.50,C/L,1.50,1.02,1.00,20.10,0,1,1,1,0,3,0,0,2.80,79.68,Off,9.19,0.01,0,3.70,1.00,6.67,0.88,10.59,4.02,10.59,0,90
392,Off,471.37,0.83,14.60,OK,0.94,980,18.75,14.50,1000,Off,0,-0.17,-0.31,4.50,-0.34,On,Off,Off,Off,Off,90.00,7.84,0,2.28,7.84,406.68,400,On,10.00,49,-1020,-3.75,0.84,-1.05,7.84,21.00,O/L,1.50,1.02,1.00,15.50,0,1,1,1,0,3,1,0,3.99,79.68,Off,1.03,0.06,0,3.70,1.10,5.49,0.84,7.45,4.14,8.63,1.95,81
393,Off,471.37,0.79,14.51,OK,0.94,980,18.75,14.43,1010,Off,0,-0.94,-2.74,0.30,15.35,On,Off,Off,Off,Off,88.50,7.84,0.03,2.28,7.84,402.84,400,On,46.35,48,-1000,35.25,3.83,-1.05,49.80,21.75,C/L,1.40,1.02,1.00,65.90,0,1,1,1,0,3,0.50,14.50,17.84,79.68,Off,1.03,0.17,33.20,3.70,0.98,29.80,1.70,29.80,3.30,30.20,41.73,88
394,Off,457.88,1.37,27.89,OK,0.94,980,18.75,14.50,1400,Off,0,-3.15,-0.35,-0.29,-0.37,On,Off,Off,Off,Off,87.75,7.84,0,2.28,7.84,415.81,400,On,10.00,48,-1100,-2.25,0.81,-1.05,7.84,21.75,O/L,1.40,1.02,1.00,16.60,0,1,1,1,0,3,0,0,2.58,79.68,Off,13.26,-0.00,0,3.70,1.00,2.35,0.67,2.35,4.32,2.35,0,85
395,Off,471.37,0.41,8.01,OK,0.94,980,18.75,14.43,980,Off,0,-0.42,-0.25,3.28,-0.28,On,Off,Off,Off,Off,88.50,7.84,0,2.28,43.92,399.36,400,On,44.18,48,-1030,40.50,2.75,-1.05,7.84,21.00,C/L,1.50,1.02,1.00,100.10,0,1,1,1,0,3,0,0,8.46,79.68,Off,1.02,0.10,17.58,3.70,1.02,10.98,0.99,10.59,4.07,13.73,0,87
396,Off,471.37,0.41,8.01,OK,0.94,980,18.75,14.50,1000,On,29.80,-0.24,-0.19,0.45,-0.36,On,Off,Off,Off,Off,87.75,7.84,0,2.28,45.88,416.97,400,On,10.00,48,-480,-24.00,2.41,-1.05,7.84,20.25,O/L,1.30,1.02,1.00,12.80,0,1,1,1,0,3,9.50,0,6.87,79.68,Off,0.97,0.06,0,3.70,0.99,7.06,0.83,6.67,4.16,7.45,0,43
397,Off,471.37,0.41,8.03,OK,0.94,980,18.75,14.36,990,Off,0,-0.13,-0.38,8.67,-0.29,On,Off,Off,Off,Off,87.75,7.84,0.52,2.28,41.57,404.15,400,On,42.87,48,-130,4.50,1.31,-1.05,7.84,20.25,C/L,1.10,1.02,1.00,177.60,0,1,1,1,0,3,16.50,30,99.17,79.68,Off,0.95,0.82,99.60,3.70,1.08,99.61,4.30,99.61,0.72,98.82,45.63,56
398,Off,471.37,1.92,38.31,OK,0.94,980,18.75,14.29,1500,Off,0,0.12,-0.13,16.14,28.39,On,Off,Off,Off,Off,87.75,7.84,0.22,2.28,44.31,400.88,400,On,52.39,48,-1280,33.00,8.74,-1.05,50.98,30.00,C/L,1.10,1.02,1.00,201.70,0,1,1,1,0,3,0,10.50,16.37,79.68,Off,1.00,0.72,99.60,3.70,0.97,15.29,1.16,15.29,3.86,15.29,0,93
399,Off,471.37,1.07,21.61,OK,0.94,980,18.75,14.50,1160,Off,0,-0.81,0.50,-0.83,5.75,On,Off,Off,Off,Off,90.75,7.84,2.40,2.28,44.31,403.86,400,On,45.18,47,-1180,36.00,4.40,-1.05,7.84,26.25,C/L,1.10,1.02,1.00,64.10,0,1,1,1,0,3,1.50,0,4.75,79.68,Off,1.01,0.19,57.81,3.70,1.08,3.92,0.72,3.53,4.31,3.53,0,91
400,Off,471.37,0.79,14.93,OK,0.94,975,18.75,14.43,990,Off,0,-0.18,-0.53,7.38,-0.48,On,Off,Off,Off,Off,90.00,7.84,0,2.28,43.53,399.00,400,On,44.65,46,-1100,11.25,3.98,-1.05,7.84,22.50,C/L,1.20,1.02,1.00,47.10,0,1,1,1,0,3,7,0,4.81,79.68,Off,1.02,0.69,0,3.70,0.99,4.31,0.75,4.31,4.25,5.10,0,91
401,Off,471.37,0.67,12.95,OK,0.94,975,18.75,14.43,980,Off,0,1.47,-0.44,0.75,-0.39,On,Off,Off,Off,Off,87.75,7.84,0,2.28,45.88,402.41,400,On,43.97,46,-1170,17.25,1.24,-1.05,7.84,21.75,C/L,1.20,1.02,1.00,22.70,0,1,1,1,0,3,3,0,9.16,79.68,Off,0.90,0.19,0,3.70,0.96,10.20,0.96,9.80,4.05,9.80,0,91
402,Off,471.37,0.94,18.75,OK,0.94,975,18.75,14.36,1020,Off,0,0.24,-0.38,5.47,-0.44,On,Off,Off,Off,Off,87.00,7.84,0,2.28,39.22,398.64,400,On,43.96,46,-1100,34.50,5.27,-1.05,45.88,21.00,C/L,1.20,1.01,1.00,57.60,0,1,1,1,0,3,0,1.50,14.51,79.68,Off,1.01,0.14,0,3.70,1.04,14.12,1.11,14.12,3.88,14.51,0,92
403,Off,471.37,1.11,22.40,OK,0.95,975,18.75,14.43,1170,Off,0,-0.85,1.16,-0.92,3.11,On,Off,Off,Off,Off,87.75,7.84,0,2.28,7.84,397.26,400,On,45.45,47,-1200,32.25,5.48,-1.05,41.18,21.75,C/L,1.20,1.02,1.00,46,0,1,1,1,0,3,1.50,0,15.53,79.68,Off,1.00,0.79,0,3.70,1.02,21.18,1.31,18.43,3.80,16.08,12.87,91
404,Off,471.37,1.10,22.19,OK,0.95,975,18.75,14.43,1100,Off,0,-0.76,-0.36,0,-0.34,On,Off,Off,Off,Off,88.50,7.84,0,2.28,7.84,398.42,400,On,44.88,46,-1140,36.75,5.82,-1.05,47.06,21.75,C/L,1.20,1.02,1.00,77.70,0,1,1,1,0,3,1,0,10.47,79.68,Off,1.02,0.72,0,3.70,0.97,12.94,1.06,12.16,3.99,10.20,0,91
405,Off,471.37,1.10,22.48,OK,0.96,975,18.00,14.50,1160,Off,0,-0.81,0.31,-0.76,11.16,On,Off,Off,Off,Off,89.25,7.84,0.13,2.28,7.84,400.09,400,On,46.04,46,-1180,21.75,7.60,-1.05,44.31,21.75,C/L,1.20,1.02,1.00,119.60,0,1,1,1,0,3,1,0,9.75,79.68,Off,0.99,0.72,34.37,3.70,0.95,13.33,1.05,12.55,3.93,12.94,0,95
406,Off,471.37,0.85,16.54,OK,0.96,975,18.00,14.43,1040,Off,0,-1.02,-1.40,-0.94,9.42,On,Off,Off,Off,Off,89.25,7.84,2.40,2.28,44.71,403.57,400,On,44.41,47,-1220,34.50,5.22,-1.05,46.67,21.75,C/L,1.20,1.02,1.00,73.50,0,1,1,1,0,3,0.50,0,10.26,79.68,Off,1.02,0.53,51.17,3.70,1.05,7.84,0.87,7.84,4.07,10.98,0,95
407,Off,471.37,0.86,15.22,OK,0.96,975,18.00,14.43,1000,Off,0,0.52,-0.39,0.44,-0.39,On,Off,Off,Off,Off,89.25,7.84,0,2.28,41.18,398.35,400,On,43.53,47,-1180,42.00,3.12,-1.05,7.84,20.25,C/L,1.20,1.02,1.00,70.50,0,1,1,1,0,3,1.50,0,10.50,79.68,Off,0.99,0.18,0,3.70,0.99,7.84,0.87,7.84,4.13,7.84,0,93
408,Off,457.88,0.55,14.24,OK,0.96,975,18.00,14.29,980,Off,0,0,-0.39,0.09,-0.33,On,Off,Off,Off,Off,88.50,7.84,0,2.28,43.14,398.78,400,On,44.05,47,-1160,38.25,4.21,-1.05,7.84,20.25,C/L,1.20,1.02,1.00,56,0,1,1,1,0,3,0,0,10.57,79.68,Off,1.02,0.75,0,3.70,0.97,11.76,1.02,10.98,3.98,12.94,0,93
409,Off,457.88,0.95,18.95,OK,0.96,975,18.00,14.50,1050,Off,0,-0.06,-0.41,1.17,-0.31,On,Off,Off,Off,Off,87.75,7.84,0,2.28,7.84,408.13,400,On,10.00,47,-1110,-2.25,0.82,-1.05,7.84,20.25,O/L,1.20,1.02,1.00,23,0,1,1,1,0,3,1,0,10.94,79.68,Off,0.96,0.09,0,3.70,0.98,8.24,0.89,8.24,4.11,8.24,0,87
410,Off,457.88,0.74,14.66,OK,0.95,975,18.00,14.50,1000,Off,0,-3.02,-0.33,-0.33,-0.31,On,Off,Off,Off,Off,87.75,7.84,0,2.28,40.39,398.93,400,On,44.14,47,-970,37.50,1.21,-1.05,7.84,19.50,C/L,1.20,1.02,1.00,48.30,0,1,1,1,0,3,2.50,0,8.65,79.68,Off,1.01,0.68,0,3.70,0.96,4.71,0.71,3.53,4.29,3.53,0,81
411,Off,457.88,0.65,14.07,OK,0.95,975,18.00,14.57,980,Off,0,-0.29,-0.25,0.85,-0.28,On,Off,Off,Off,Off,87.75,7.84,0.24,2.28,43.53,396.03,400,On,44.22,47,-950,35.25,4.28,-1.05,7.84,19.50,C/L,1.20,1.02,1.00,48.10,1,1,1,1,1,3,1.50,0,3.97,79.68,Off,0.99,0.24,28.12,3.70,1.05,7.45,0.90,8.63,4.08,9.02,0,82
412,Off,457.88,0.83,14.25,OK,0.95,975,18.00,14.57,1000,Off,0,-0.10,-0.24,-0.29,-0.28,On,Off,Off,Off,Off,87.75,7.84,0,2.28,41.18,397.84,400,On,44.14,47,-900,37.50,3.41,-1.05,7.84,19.50,C/L,1.20,1.02,1.00,27.70,1,1,1,1,1,3,1.50,0,7.88,79.68,Off,0.98,0.71,0,3.70,0.97,10.59,0.99,10.59,4.03,9.80,0,81
413,Off,457.88,0.89,17.70,OK,0.94,975,18.00,14.57,1020,Off,0,-0.21,-0.33,1.05,-0.23,On,Off,Off,Off,Off,87.75,7.84,2.95,2.28,43.14,402.41,400,On,44.04,47,-930,36.75,3.42,-1.05,7.84,19.50,C/L,1.20,1.02,1.00,61,1,1,1,1,1,3,0,8.50,16.16,79.68,Off,1.01,0.69,83.20,3.70,1.04,7.84,0.88,7.84,4.13,7.84,0,83
414,Off,457.88,0.74,14.13,OK,0.94,975,18.00,14.50,990,Off,0,-0.13,-0.30,6,-0.29,On,Off,Off,Off,Off,87.75,7.84,2.02,2.28,38.43,399.87,400,On,43.68,47,-940,39.75,3.48,-1.05,7.84,19.50,C/L,1.20,1.02,1.00,42,0,1,1,1,1,3,4,0,5.82,79.68,Off,1.06,0.77,0,3.70,1.00,3.14,0.71,3.14,4.29,2.35,0,81
415,Off,457.88,0.41,8.01,OK,0.94,975,18.00,14.64,980,Off,0,3.77,-0.30,0.66,-0.28,On,Off,Off,Off,Off,87.75,7.84,0,2.28,7.84,398.06,400,On,44.44,47,-880,33.75,4.76,-1.05,7.84,19.50,C/L,1.20,1.02,1.00,54.20,0,1,1,1,1,3,1,0,7.62,79.68,Off,0.96,0.70,99.60,3.70,0.96,7.45,0.87,7.45,4.13,7.45,0,80
416,Off,457.88,0.69,13.66,OK,0.94,975,18.00,14.50,990,Off,0,-0.28,-0.21,-0.29,-0.12,On,Off,Off,Off,Off,87.75,7.84,0,2.28,43.53,398.64,400,On,43.78,47,-880,39.00,2.93,-1.05,7.84,19.50,C/L,1.20,1.02,1.00,41.30,0,1,1,1,1,3,1.50,0,7.61,79.68,Off,1.01,0.76,0,3.70,0.94,7.06,0.84,6.67,4.16,6.67,0,80
417,Off,457.88,0.83,16.73,OK,0.94,975,18.00,14.71,1000,Off,0,-0.04,-2.16,-0.78,5.17,On,Off,Off,Off,Off,87.75,7.84,0,2.28,7.84,399.87,400,On,43.72,47,-940,39.75,2.12,-1.05,7.84,19.50,C/L,1.20,1.01,1.00,19.10,0,1,1,1,1,3,0,0,3.25,79.68,Off,0.98,0.78,0,3.70,1.03,8.24,0.89,8.24,4.10,9.02,0,77
418,Off,457.88,0.96,19.32,OK,0.94,975,18.00,14.50,1050,Off,0,-0.34,-0.24,-0.15,-0.28,On,Off,Off,Off,Off,87.75,7.84,0,2.28,41.96,401.32,400,On,43.50,46,-830,38.25,2.71,-1.05,7.84,19.50,C/L,1.20,1.01,1.00,33.60,0,1,1,1,1,3,4.50,0,3.35,79.68,Off,1.00,0.79,0,3.70,1.00,1.57,0.65,1.96,4.34,1.96,0,72
419,Off,457.88,0.74,15.97,OK,0.94,975,18.00,14.50,990,Off,0,0.71,-0.21,0.60,-0.17,On,Off,Off,Off,Off,87.75,7.84,0.00,2.28,40.78,401.46,400,On,44.05,46,-800,36.75,3.29,-1.05,7.84,19.50,C/L,1.20,1.01,1.00,45,0,1,1,1,1,3,0,16,30.18,79.68,Off,1.05,0.08,17.58,3.70,1.08,17.25,1.24,17.25,3.76,18.04,0,75
420,Off,457.88,0.96,19.36,OK,0.94,975,18.00,14.50,1120,Off,0,-1.06,0.72,-0.87,6.42,On,Off,Off,Off,Off,87.75,7.84,1.95,2.28,44.31,400.74,400,On,44.30,46,-910,36.75,3.21,-1.05,7.84,20.25,C/L,1.20,1.01,1.00,100.70,0,1,1,1,1,3,8.50,23,27.91,79.68,Off,0.94,0.14,19.92,3.70,1.05,17.65,1.66,29.02,3.32,29.41,47.97,86
421,Off,457.88,1.20,24.02,OK,0.94,975,18.00,14.43,1130,Off,0,-0.86,-2.82,-1.06,14.93,On,Off,Off,Off,Off,87.75,7.84,1.05,2.28,7.84,400.88,400,On,47.30,46,-1210,22.50,6.10,-1.05,40,21.75,C/L,1.20,1.01,1.00,70.80,0,1,1,1,1,3,1,0,10.85,79.68,Off,1.01,0.78,0,3.70,0.97,6.67,0.83,8.24,3.89,30.98,42.12,96
422,Off,457.88,1.13,22.84,OK,0.94,975,18.00,14.50,1140,Off,0,-0.92,0.53,-0.17,-0.42,On,Off,Off,Off,Off,88.50,7.84,0,2.28,7.84,409.37,400,On,10.00,46,-1200,36.00,2.05,-1.05,7.84,21.00,O/L,1.20,1.01,1.00,40,0,1,1,1,1,3,6.50,0,8.42,79.68,Off,0.94,0.81,3.12,3.70,0.97,6.67,0.82,6.27,4.19,7.84,0,92
423,Off,457.88,0.69,13.59,OK,0.94,975,18.00,14.43,990,Off,0,-0.15,-0.31,-0.58,-0.42,On,Off,Off,Off,Off,88.50,7.84,0,2.28,43.14,398.56,400,On,46.50,46,-1090,31.50,3.80,-1.05,7.84,20.25,C/L,1.30,1.01,1.00,29.30,0,1,1,1,1,3,1,0,7.97,79.68,Off,1.02,0.84,0,3.70,0.96,7.84,0.87,7.84,3.77,21.96,18.72,88
424,Off,457.88,0.85,17.43,OK,0.94,975,18.00,14.43,1000,Off,0,-0.85,-0.35,-0.17,-0.39,On,Off,Off,Off,Off,88.50,7.84,0.46,2.28,44.71,403.20,400,On,44.08,46,-1110,41.25,3.99,-1.05,7.84,20.25,C/L,1.30,1.02,1.00,75.20,0,1,1,1,1,3,0.50,0,9.48,79.68,Off,1.00,0.14,54.68,3.70,1.02,4.31,0.71,3.53,4.29,5.49,0,91
425,Off,457.88,0.89,18.54,OK,0.94,975,18.00,14.36,1040,Off,0,-0.92,0,-0.92,1.85,On,Off,Off,Off,Off,87.75,7.84,0,2.28,43.14,403.06,400,On,43.74,47,-1120,39.00,4.88,-1.05,7.84,20.25,C/L,1.30,1.02,1.00,78.60,0,1,1,1,1,3,0.50,0,9.77,79.68,Off,1.00,0.12,0,3.70,1.04,12.16,1.09,12.55,4.04,9.80,0,92
426,Off,457.88,0.96,19.41,OK,0.94,975,18.00,14.64,1060,Off,0,-0.30,-0.31,-0.78,-0.07,On,Off,Off,Off,Off,87.75,7.84,0,2.28,7.84,403.20,400,On,10.00,47,-1140,-2.25,0.76,-1.05,7.84,20.25,O/L,1.30,1.02,1.00,32.40,0,1,1,1,1,3,0,0,12.85,79.68,Off,1.01,0.80,0,3.70,1.01,8.63,0.93,9.02,4.08,7.84,0,90
427,Off,457.88,0.72,14.98,OK,0.94,975,18.00,14.50,990,Off,0,-0.24,-0.38,7.45,-0.37,On,Off,Off,Off,Off,87.75,7.84,0,2.28,38.04,398.64,400,On,43.80,47,-1020,40.50,2.91,-1.05,7.84,19.50,C/L,1.30,1.02,1.00,62.70,1,1,1,1,2,3,0,7.50,13.79,79.68,Off,1.02,0.12,5.86,3.70,1.07,29.80,1.82,44.31,2.07,79.22,68.25,90
428,Off,457.88,1.63,35.63,OK,0.94,975,18.00,14.50,1520,Off,0,-0.17,-0.14,17.09,29.44,On,Off,Off,Off,Off,87.75,7.84,0.38,2.28,44.71,400.30,400,On,44.14,47,-1280,42.00,1.34,-1.05,7.84,23.25,C/L,1.30,1.02,1.00,24.50,1,1,1,1,2,3,0,0,3.04,79.68,Off,9.40,0.01,0,3.70,1.00,2.75,0.69,2.75,4.31,3.53,0,96
429,Off,457.88,0.89,18.39,OK,0.94,975,18.00,14.43,1000,Off,0,1.67,-0.36,2.78,-0.37,On,Off,Off,Off,Off,88.50,7.84,0,2.28,7.84,409.08,400,On,10.00,47,-1150,-2.25,1.81,-1.05,7.84,21.00,O/L,1.30,1.02,1.00,92.70,1,1,1,1,2,3,1,0,9.90,79.68,Off,0.97,0.75,2.73,3.70,1.02,3.92,0.72,3.53,4.28,3.53,0,92
430,Off,457.88,0.59,14.07,OK,0.94,975,18.00,14.50,980,Off,0,-0.35,-0.31,1.64,-0.37,On,Off,Off,Off,Off,88.50,7.84,0,2.28,7.84,389.51,400,On,46.49,47,-1180,22.50,6.84,-1.05,43.92,21.00,C/L,1.30,1.02,1.00,121,0,1,1,1,2,3,0.50,0,10.11,79.68,Off,0.99,0.80,19.92,3.70,1.01,10.59,0.99,9.41,4.07,8.63,0,97
431,Off,457.88,0.81,15.70,OK,0.94,975,18.00,14.36,1000,Off,0,-0.08,-0.36,0.52,-0.28,On,Off,Off,Off,Off,88.50,7.84,1.91,2.28,41.57,401.83,400,On,44.12,47,-1230,42.00,2.63,-1.05,7.84,20.25,C/L,1.30,1.02,1.00,31,0,1,1,1,2,3,6.50,0,4.08,79.68,Off,1.02,0.71,0,3.70,1.02,7.84,0.90,9.02,4.06,9.80,0,95
432,Off,457.88,1.01,20.72,OK,0.94,975,18.00,14.57,1120,Off,0,-1.08,0.43,-0.92,-0.37,On,Off,Off,Off,Off,88.50,7.84,0,2.28,43.53,400.74,400,On,44.22,47,-1240,41.25,3.07,-1.05,7.84,20.25,C/L,1.30,1.02,1.00,107.60,0,1,1,1,2,3,0,17,13.91,79.68,Off,0.93,0.18,48.04,3.70,1.07,9.02,0.94,9.41,4.11,8.24,0,98
433,Off,457.88,0.91,17.98,OK,0.94,975,18.00,14.50,1060,Off,0,-1.11,6.05,-0.47,-0.40,On,Off,Off,Off,Off,88.50,7.84,2.10,2.28,43.53,395.44,400,On,44.34,47,-1270,42.75,2.07,-1.05,7.84,20.25,C/L,1.30,1.02,1.00,43.80,0,1,1,1,2,3,1,0,9.26,79.68,Off,0.99,0.78,99.60,3.70,0.96,11.37,1.06,13.33,3.88,12.94,0,98
434,Off,457.88,1.11,22.38,OK,0.95,975,18.00,14.36,1140,Off,0,-1.06,-0.02,-1.04,16.36,On,Off,Off,Off,Off,88.50,7.84,3.18,2.28,7.84,407.48,400,On,43.43,47,-1280,-1.50,1.51,-1.05,7.84,20.25,O/L,1.30,1.02,1.00,45.70,0,1,1,1,2,3,4.50,0,4.22,79.68,Off,0.98,0.15,0,3.70,1.03,3.92,0.85,7.06,4.16,7.06,0,96
435,Off,457.88,0.69,13.81,OK,0.94,975,18.00,14.50,990,Off,0,-0.86,-1.05,-0.89,3.77,On,Off,Off,Off,Off,88.50,7.84,0,2.28,44.71,404.58,400,On,44.24,47,-1210,42.00,2.40,-1.05,7.84,20.25,C/L,1.30,1.02,1.00,34.30,0,1,1,1,2,3,0,0,2.88,79.68,Off,1.42,0.07,0,3.70,1.00,10.98,1.18,16.86,3.79,14.90,15.60,92
436,Off,457.88,1.24,24.88,OK,0.94,975,18.00,14.50,1200,Off,0,-0.97,2.28,-0.98,2.49,On,Off,Off,Off,Off,88.50,7.84,0.78,2.28,42.35,404.58,400,On,43.78,47,-1200,39.00,4.52,-1.05,7.84,20.25,C/L,1.30,1.02,1.00,76.10,0,1,1,1,2,3,0,7,17.36,79.68,Off,1.01,0.43,99.60,3.70,1.03,7.84,0.88,7.84,4.12,8.24,0,96
437,Off,457.88,0.71,11.76,OK,0.94,975,18.00,14.43,990,Off,0,0.35,-0.36,6.09,-0.40,On,Off,Off,Off,Off,88.50,7.84,0,2.28,42.75,405.38,400,On,43.62,47,-1140,41.25,5.65,-1.05,7.84,19.50,C/L,1.30,1.02,1.00,76,0,1,1,1,2,3,1,0,20.37,79.68,Off,0.96,0.18,0,3.70,1.03,16.86,1.22,16.86,3.85,14.51,0,95
438,Off,457.88,0.90,18.11,OK,0.94,975,18.00,14.50,1030,Off,0,-0.03,-0.30,1.64,-0.33,On,Off,Off,Off,Off,88.50,7.84,0.93,2.28,7.84,402.26,400,On,43.51,47,-1170,41.25,3.76,-1.05,7.84,20.25,C/L,1.30,1.02,1.00,38.40,0,1,1,1,2,3,7,0,3.95,79.68,Off,1.04,0.77,0,3.70,1.01,6.67,0.83,4.31,4.28,3.53,0,91
439,Off,457.88,0.86,17.36,OK,0.94,975,18.00,14.57,1010,Off,0,-1.28,-0.33,2.52,-0.37,On,Off,Off,Off,Off,88.50,7.84,0,2.28,43.14,397.55,400,On,43.73,46,-1130,38.25,3.74,-1.05,7.84,20.25,C/L,1.30,1.01,1.00,116.70,0,1,1,1,2,3,0,11.50,15.58,79.68,Off,1.01,0.26,8.20,3.70,1.03,13.73,1.11,14.90,3.86,14.90,0,96
440,Off,457.88,1.14,22.97,OK,0.94,975,18.00,14.43,1170,Off,0,-1.06,2.16,-0.98,7.50,On,Off,Off,Off,Off,88.50,7.84,0.39,2.28,7.84,400.09,400,On,44.50,46,-1280,39.00,3.92,-1.05,7.84,21.00,C/L,1.30,1.01,1.00,74.40,0,1,1,1,2,3,0.50,0,8.83,79.68,Off,1.03,0.09,99.60,3.70,0.99,10.59,0.98,10.20,4.03,7.84,0,102
441,Off,457.88,0.71,14.12,OK,0.94,975,18.00,14.43,1000,Off,0,-0.05,-0.35,-0.53,-0.33,On,Off,Off,Off,Off,88.50,7.84,0,2.28,43.53,403.64,400,On,10.00,46,-1270,29.25,1.87,-1.05,7.84,20.25,C/L,1.30,1.01,1.00,47.60,0,1,1,1,2,3,0,0,13.53,79.68,Off,0.99,0.23,35.54,3.70,1.03,9.80,0.99,10.98,3.98,13.33,5.46,101
442,Off,457.88,0.93,18.73,OK,0.94,975,18.00,14.43,1060,Off,0,-0.45,-0.44,-0.15,-0.47,On,Off,Off,Off,Off,88.50,7.84,2.89,2.28,46.67,404.44,400,On,44.36,46,-1280,43.50,1.49,-1.05,7.84,20.25,C/L,1.30,1.01,1.00,44.40,0,1,1,1,2,3,0,0,3.22,79.68,Off,7.45,0.02,0,3.70,1.00,7.45,0.90,9.02,4.07,9.80,0,102
443,Off,457.88,0.80,16.07,OK,0.94,975,18.00,14.50,1010,Off,0,0.90,-0.45,4.67,-0.34,On,Off,Off,Off,Off,88.50,7.84,0.38,2.28,41.57,402.62,400,On,43.88,46,-1280,43.50,2.35,-1.05,7.84,20.25,C/L,1.30,1.02,1.00,26.10,0,1,1,1,2,3,0,0,4.31,79.68,Off,1.69,0.62,0,3.70,1.00,8.24,0.90,8.24,4.10,8.63,0,98
444,Off,457.88,0.81,18.20,OK,0.94,980,18.00,14.50,1110,Off,0,-0.81,-0.49,-0.03,-0.44,On,Off,Off,Off,Off,87.75,7.84,1.84,2.28,43.14,399.36,400,On,44.45,46,-1280,42.75,2.14,-1.05,7.84,20.25,C/L,1.30,1.02,1.00,52.40,0,1,1,1,2,3,0,5,12.55,79.68,Off,0.99,0.11,99.60,3.70,1.07,9.02,0.89,8.24,4.13,6.67,0,102
445,Off,457.88,0.63,13.63,OK,0.94,980,18.00,14.71,990,Off,0,-0.28,-0.49,-1.14,22.58,On,Off,Off,Off,Off,87.75,7.84,0,2.28,7.84,405.16,400,On,10.00,46,-1280,-0.75,0.76,-1.05,7.84,20.25,O/L,1.30,1.02,1.00,50.50,0,1,1,1,2,3,0,0,12.86,79.68,Off,0.98,0.76,0,3.70,0.99,9.80,0.94,9.80,4.06,9.41,0,102
446,Off,457.88,0.79,15.85,OK,0.94,980,18.00,14.43,1010,Off,0,-0.43,-0.33,2.39,-0.37,On,Off,Off,Off,Off,87.75,7.84,0,2.28,7.84,406.68,400,On,10.00,46,-1280,-1.50,0.81,-1.05,7.84,20.25,O/L,1.40,1.02,1.00,18,0,1,1,1,2,3,0,0,5.15,79.68,Off,1.00,0.02,0,3.70,0.98,13.73,1.10,13.33,3.91,13.33,12.87,97
447,Off,457.88,0.88,15.91,OK,0.94,980,18.00,14.71,1010,Off,0,-0.34,-0.31,1.61,-0.36,On,Off,Off,Off,Off,87.75,7.84,0.97,2.28,7.84,398.42,400,On,44.59,46,-1280,39.00,5.15,-1.05,47.45,20.25,C/L,1.40,1.02,1.00,92.80,0,1,1,1,2,3,0,0,12.37,79.68,Off,0.96,0.68,99.60,3.70,0.99,10.98,0.97,9.80,4.04,10.59,0,105
448,Off,457.88,1.04,22.31,OK,0.94,980,18.00,14.43,1190,Off,0,-1.06,0.73,-1.11,2.19,On,Off,Off,Off,Off,87.75,7.84,2.84,2.28,44.71,403.57,400,On,45.11,46,-1280,37.50,6.59,-1.05,46.27,21.00,C/L,1.40,1.02,1.00,72.50,0,1,1,1,2,3,0,0,3.31,79.68,Off,5.67,0.02,0,3.70,1.00,8.63,0.93,9.41,4.08,9.02,0,107
449,Off,457.88,0.84,16.75,OK,0.94,980,18.00,14.36,1020,Off,0,-0.13,-0.38,0.50,-0.36,On,Off,Off,Off,Off,88.50,7.84,0.33,2.28,40.78,402.48,400,On,43.61,46,-1280,-0.75,0.91,-1.05,7.84,20.25,O/L,1.40,1.02,1.00,35.30,0,1,1,1,2,3,3.50,0,10.10,79.68,Off,0.93,0.13,0,3.70,0.98,9.02,0.90,8.63,4.10,8.63,0,103
450,Off,457.88,0.75,14.93,OK,0.94,980,18.00,14.71,1010,Off,0,-0.56,-0.30,1.86,-0.33,On,Off,Off,Off,Off,88.50,7.84,3.21,2.28,42.35,397.40,400,On,43.98,46,-1280,39.75,4.14,-1.05,7.84,20.25,C/L,1.40,1.02,1.00,195.40,0,1,1,1,2,3,0,0,8.08,79.68,Off,0.97,0.79,71.87,3.70,0.98,4.71,0.77,4.71,4.29,3.53,0,112
451,Off,457.88,0.41,8.01,OK,0.94,980,18.00,14.36,1000,Off,0,-0.61,-0.38,-0.72,-0.33,On,Off,Off,Off,Off,88.50,7.84,0,2.28,7.84,402.26,400,On,10.00,46,-1280,0,0.81,-1.05,7.84,20.25,O/L,1.40,1.02,1.00,20.70,0,1,1,1,2,3,0,0,3.35,79.68,Off,15.90,-0.00,0,3.70,1.00,7.45,0.88,8.24,4.11,8.24,0,107
452,Off,457.88,0.42,8.01,OK,0.94,980,18.75,14.43,1000,Off,0,-0.50,-0.30,-0.45,-0.34,On,Off,Off,Off,Off,87.75,7.84,0,2.28,7.84,417.34,400,On,43.60,46,-1280,42.75,1.77,-1.05,7.84,19.50,C/L,1.40,1.02,1.00,27.70,0,1,1,1,2,3,0,0,5.34,79.68,Off,1.03,0.02,0,3.70,1.00,8.63,0.89,11.37,4.09,9.02,0,105
453,Off,457.88,0.67,9.30,OK,0.94,980,18.75,14.50,1000,Off,0,-0.49,-0.24,-0.51,-0.29,On,Off,Off,Off,Off,87.00,7.84,0,2.28,7.84,414.07,400,On,10.00,46,-1280,-0.75,0.80,-1.05,7.84,19.50,O/L,1.50,1.02,1.00,36.80,0,1,1,1,2,3,6.50,0,6.03,79.68,Off,0.96,0.09,0,3.70,1.00,2.75,0.69,2.75,4.31,2.75,0,98
454,Off,457.88,0.65,13.17,OK,0.94,985,18.75,14.57,990,Off,0,-0.39,-0.33,1.08,-0.33,On,Off,Off,Off,Off,87.00,7.84,0.01,2.28,7.84,394.58,400,On,46.02,46,-1180,33.00,5.74,-1.05,43.53,20.25,O/L,1.50,1.02,1.00,195.00,0,1,1,1,2,3,13,29,79.28,79.68,Off,0.90,0.87,8.20,3.70,0.97,12.55,1.08,12.94,3.93,12.94,0,95
455,Off,471.37,1.15,26.04,OK,0.94,985,18.75,14.36,1380,Off,0,-0.58,-0.02,13.45,30.24,On,Off,Off,Off,Off,87.75,7.84,0.23,2.28,7.84,397.04,400,On,46.02,46,-1260,27.75,6.31,-1.05,43.53,23.25,C/L,1.50,1.02,1.00,161.50,0,1,1,1,2,3,12,28.50,76.64,79.68,Off,0.95,0.83,99.60,3.70,1.00,15.69,1.19,16.08,3.81,16.47,0,100
456,Off,457.88,1.19,25.04,OK,0.95,980,18.75,14.36,1400,Off,0,0.48,3.13,4.96,21.45,On,Off,Off,Off,Off,90.00,7.84,0.23,2.28,7.84,397.04,400,On,46.51,46,-1280,27.00,7.49,-1.05,40.78,23.25,C/L,1.50,1.02,1.00,108.30,0,1,1,1,2,3,1,0,10.07,79.68,Off,1.00,0.73,41.40,3.70,0.98,8.24,0.89,8.24,4.11,7.84,0,97
457,Off,457.88,0.41,8.45,OK,0.95,980,18.75,14.43,1000,Off,0,-7.36,-0.42,7.45,-0.37,On,Off,Off,Off,Off,90.00,7.84,0,2.28,42.75,395.88,400,On,43.95,45,-1140,39.75,2.44,-1.05,7.84,21.75,C/L,1.50,1.02,1.00,46.70,0,1,1,1,2,3,0,8,15.66,79.68,Off,1.03,0.08,60.93,3.70,1.06,10.98,0.99,10.59,4.01,10.59,0,91
458,Off,457.88,0.89,17.66,OK,0.95,980,18.75,14.43,1020,Off,0,0.74,-0.31,-0.26,-0.29,On,Off,Off,Off,Off,88.50,7.84,0,2.28,42.75,397.19,400,On,44.47,45,-1100,37.50,4.03,-1.05,7.84,21.00,C/L,1.50,1.02,1.00,62.10,0,1,1,1,2,3,0,3.50,23.98,79.68,Off,1.03,0.32,0,3.70,1.02,9.80,0.96,10.20,4.02,10.98,0,91
459,Off,457.88,0.91,18.19,OK,0.94,980,18.00,14.50,1030,Off,0,-0.17,-0.35,0.80,-0.42,On,Off,Off,Off,Off,87.75,7.84,0,2.28,7.84,406.32,400,On,10.00,45,-1060,-3.00,0.81,-1.05,7.84,21.00,O/L,1.50,1.02,1.00,15.70,0,1,1,1,2,3,0,0,2.52,79.68,Off,13.45,0.00,0,3.70,1.00,2.35,0.67,2.35,4.33,2.35,0,80
460,Off,457.88,0.41,8.01,OK,0.94,980,18.75,14.50,990,On,22.75,-0.36,-0.22,1.24,-0.28,On,Off,Off,Off,Off,87.75,7.84,0,2.28,41.57,429.37,400,On,10.00,45,-620,-6.75,0.88,-1.05,7.84,20.25,O/L,1.20,1.02,1.00,12.80,0,1,1,1,2,3,8,0,1.59,79.68,Off,0.92,0.02,0,3.70,1.00,1.18,0.63,1.18,4.37,1.18,0,27
461,Off,457.88,0.41,8.01,OK,0.94,980,18.75,14.57,970,Off,0,-0.89,-1.36,-1.06,6.63,On,Off,Off,Off,Off,87.00,7.84,0.10,2.28,7.84,396.46,400,On,45.12,45,-1280,39.75,4.83,-1.05,7.84,21.00,C/L,0.90,1.02,1.00,125.70,0,1,1,1,2,3,0,13.50,18.33,79.68,Off,0.99,0.20,45.31,3.70,1.05,18.82,1.29,18.82,3.74,18.04,0,52
462,Off,471.37,1.07,21.56,OK,0.95,980,18.75,14.36,1160,Off,0,-1.08,-0.78,-1.12,14.16,On,Off,Off,Off,Off,87.00,7.84,0.91,2.28,7.84,395.52,400,On,45.60,45,-1060,35.25,4.77,-1.05,7.84,22.50,C/L,0.90,1.02,1.00,20.90,0,1,1,1,2,3,0,0,2.71,79.68,Off,8.40,0.01,0,3.70,1.00,2.35,0.68,2.35,4.32,2.35,0,65
463,Off,471.37,0.75,14.86,OK,0.95,980,18.75,14.43,990,Off,0,-0.49,-0.31,7.94,-0.33,On,Off,Off,Off,Off,88.50,7.84,0,2.28,7.84,402.41,400,On,10.00,45,-1000,-4.50,0.83,-1.05,7.84,21.00,O/L,0.90,1.02,1.00,15.90,0,1,1,1,2,3,0,0,2.68,79.68,Off,13.75,0.00,0,3.70,1.00,2.35,0.68,2.35,4.32,2.75,0,66
464,Off,471.37,0.41,8.01,OK,0.95,980,18.75,14.71,990,On,11.76,-0.25,-0.25,-0.31,-0.26,On,Off,Off,Off,Off,89.25,7.84,0,2.28,7.84,429.88,400,On,10.00,45,-1080,-3.00,0.80,-1.05,7.84,20.25,O/L,1.10,1.02,1.00,15.90,0,1,1,1,2,3,0,0,2.74,79.68,Off,15.90,-0.00,0,3.70,1.00,2.35,0.68,2.35,4.32,2.35,0,62
465,Off,471.37,0.41,8.01,OK,0.95,980,18.75,14.50,990,On,23.92,-0.29,-0.21,0.85,-0.18,On,Off,Off,Off,Off,87.75,7.84,0,2.28,80,411.11,400,On,44.91,45,-690,7.50,2.51,-1.05,7.84,20.25,C/L,1,1.02,1.00,39.10,1,1,1,2,2,3,5,0,3.11,79.68,Off,0.96,0.78,3.12,3.70,0.97,2.35,0.68,2.35,4.35,1.96,0,42
466,Off,457.88,0.73,14.42,OK,0.95,980,18.75,14.43,980,Off,0,-0.27,-0.06,8.93,0.39,On,Off,Off,Off,Off,87.00,7.84,0.12,2.28,44.31,398.56,400,On,43.76,45,-320,-11.25,1.81,-1.05,7.84,19.50,C/L,0.90,1.02,1.00,19.60,1,1,1,2,2,3,7.50,0,1.99,79.68,Off,0.97,0.15,11.33,3.70,0.99,1.18,0.64,1.18,4.36,1.57,0,47
467,Off,457.88,0.60,12.00,OK,0.95,980,18.75,14.36,980,Off,0,0.66,-0.28,7.11,-0.23,On,Off,Off,Off,Off,87.00,7.84,0.66,2.28,43.14,400.88,400,On,43.00,45,-260,0,1.24,-1.05,7.84,19.50,C/L,0.70,1.02,1.00,10.30,1,1,1,2,2,3,7,0,1.90,79.68,Off,1.00,0.19,26.17,3.70,1.05,1.96,0.65,1.96,4.35,1.96,0,57
468,Off,457.88,0.41,8.01,OK,0.95,980,18.75,14.36,980,On,15.69,0.24,-0.22,7.67,-0.34,On,Off,Off,Off,Off,87.75,7.84,0.76,2.28,43.92,400.67,400,On,42.52,45,-250,3.00,1.21,-1.05,7.84,19.50,C/L,0.50,1.02,1.00,9.70,0,1,1,2,2,3,8,0,1.37,79.68,Off,1.01,0.73,20.31,3.70,0.99,1.18,0.63,1.18,4.38,1.18,0,47
469,Off,457.88,0.43,10.55,OK,0.95,980,18.75,14.50,980,Off,0,1.28,-0.03,-0.81,0.94,On,Off,Off,Off,Off,88.50,7.84,1.04,2.28,44.71,402.70,400,On,43.18,46,-200,0,1.45,-1.05,7.84,19.50,C/L,0.60,1.02,1.00,21.60,0,1,1,2,2,3,4,0,2.77,79.68,Off,0.96,0.18,23.44,3.70,1.03,1.57,0.65,1.57,4.36,1.57,0,35
470,Off,457.88,0.41,8.01,OK,0.95,980,18.75,14.15,980,Off,0,0.28,-0.19,9.38,-0.09,On,Off,Off,Off,Off,89.25,7.84,0.65,2.28,42.35,398.78,400,On,42.59,46,-140,28.50,1.60,-1.05,7.84,19.50,C/L,0.90,1.02,1.00,28,0,1,1,2,2,3,5.50,0,1.83,79.68,Off,0.98,0.74,22.65,3.70,0.96,2.35,0.75,5.49,4.21,5.88,0,26
471,Off,457.88,0.80,16.08,OK,0.95,980,18.75,14.50,990,Off,0,-1.49,-0.41,5.02,-0.44,On,Off,Off,Off,Off,89.25,7.84,1.44,2.28,36.86,399.65,400,On,43.48,46,-730,36.75,3.55,-1.05,7.84,19.50,C/L,0.80,1.02,1.00,24.10,0,1,1,2,2,3,4.50,0,7.66,79.68,Off,1.02,0.68,51.56,3.70,0.96,16.47,1.18,14.90,3.87,14.12,11.70,22
472,Off,457.88,1.26,25.02,OK,0.95,980,18.75,14.43,1170,Off,0,-0.75,-0.30,-0.26,-0.23,On,Off,Off,Off,Off,88.50,7.84,2.61,2.28,41.18,403.57,400,On,43.90,46,-730,33.75,7.16,-1.05,43.92,20.25,C/L,0.80,1.02,1.00,108.70,0,1,1,2,2,3,0,4.50,13.03,79.68,Off,0.95,0.82,99.60,3.70,0.98,13.73,1.15,14.90,3.88,14.51,0,32
473,Off,457.88,1.09,21.97,OK,0.95,980,18.75,14.57,1110,Off,0,-0.78,-0.25,-0.87,-0.12,On,Off,Off,Off,Off,88.50,7.84,3.06,2.28,45.88,401.83,400,On,44.00,46,-770,37.50,2.66,-1.05,7.84,21.75,C/L,0.80,1.02,1.00,82.70,0,1,1,2,2,3,0,0,16.10,79.68,Off,0.98,0.24,99.60,3.70,1.05,12.94,1.09,17.25,3.78,17.65,0,35
474,Off,457.88,1.12,22.70,OK,0.95,980,18.75,14.50,1180,Off,0,-1.16,-0.02,-1.06,12.66,On,Off,Off,Off,Off,88.50,7.84,0.23,2.28,7.84,397.77,400,On,47.60,46,-1280,34.50,6.62,-1.05,45.49,22.50,C/L,0.80,1.02,1.00,121.10,0,1,1,2,2,3,0,0,12.86,79.68,Off,1.00,0.66,69.52,3.70,0.95,12.16,1.04,14.12,3.87,12.94,0,48
475,Off,457.88,0.91,17.71,OK,0.95,980,18.75,14.71,1040,Off,0,-0.33,-0.30,0.45,-0.29,On,Off,Off,Off,Off,89.25,7.84,0,2.28,43.92,400.16,400,On,44.71,46,-790,34.50,2.75,-1.05,7.84,22.50,C/L,0.80,1.02,1.00,44.20,0,1,1,2,2,3,1,0,5.90,79.68,Off,1.01,0.70,0,3.70,0.99,7.45,0.85,7.84,4.10,9.02,0,52
476,Off,457.88,0.60,13.66,OK,0.95,980,18.75,14.50,990,Off,0,2.48,-0.55,3.99,-0.37,On,Off,Off,Off,Off,90.00,7.84,0,2.28,45.49,399.00,400,On,44.05,46,-720,37.50,3.40,-1.05,7.84,21.00,C/L,0.80,1.02,1.00,27.90,0,1,1,2,2,3,9.50,0,2.52,79.68,Off,1.01,0.58,0,3.70,1.00,1.57,0.65,1.57,4.36,1.57,0,40
477,Off,457.88,0.46,9.52,OK,0.95,980,18.00,14.43,970,Off,0,4.17,-0.45,1.55,-0.42,On,Off,Off,Off,Off,90.00,7.84,0,2.28,43.92,397.48,400,On,43.48,47,-690,35.25,5.28,-1.05,7.84,20.25,C/L,0.70,1.01,1.00,62,0,1,1,2,2,3,0,0,20.13,79.68,Off,1.00,0.61,0,3.66,1.01,9.41,0.87,7.84,4.13,7.84,0,46
478,Off,457.88,0.63,12.61,OK,0.94,980,18.75,14.57,990,Off,0,2.43,-0.50,8.17,-0.48,On,Off,Off,Off,Off,90.00,7.84,0,2.28,42.75,400.09,400,On,42.96,47,-610,2.25,1.29,-1.05,7.84,20.25,C/L,0.80,1.02,1.00,40.90,0,1,1,2,2,3,9,0,2.80,79.68,Off,1.00,0.59,5.08,3.66,0.98,2.75,0.68,2.35,4.32,2.35,0,48
479,Off,457.88,0.81,16.19,OK,0.94,980,19.50,14.50,980,Off,0,-0.75,-0.47,2.33,-0.50,On,Off,Off,Off,Off,89.25,7.84,0.40,2.28,45.10,400.96,400,On,43.01,47,-590,0,1.24,-1.05,7.84,20.25,C/L,0.90,1.02,1.00,40.30,0,1,1,2,2,3,0.50,0,11.52,79.68,Off,1.01,0.68,42.57,3.66,1.00,11.76,1.02,11.76,4.13,6.27,0,52
480,Off,457.88,0.41,7.99,OK,0.94,980,18.75,14.50,990,Off,0,-0.33,-0.55,2.55,-0.47,On,Off,Off,Off,Off,88.50,7.84,1.14,2.28,41.57,402.04,400,On,43.13,47,-690,-6.75,0.91,-1.05,7.84,20.25,O/L,0.90,1.02,1.00,12.20,0,1,1,2,2,3,2.50,0,2.17,79.68,Off,10.96,0.00,0,3.66,1.00,1.96,0.66,1.96,4.34,1.96,0,51
481,Off,471.37,0.77,15.34,OK,0.94,980,18.75,14.43,990,Off,0,-0.99,-0.42,5.45,-0.53,On,Off,Off,Off,Off,88.50,7.84,0.01,2.28,43.92,403.57,400,On,43.33,48,-700,-2.25,1.39,-1.05,7.84,19.50,C/L,0.80,1.02,1.00,17.90,0,1,1,2,2,3,4.50,0,19.05,79.68,Off,1.02,0.84,62.10,3.66,0.94,5.10,0.74,5.10,4.16,7.45,0,63
482,Off,457.88,0.71,14.37,OK,0.94,980,18.75,14.43,1050,Off,0,-0.91,0.01,-0.83,10.53,On,Off,Off,Off,Off,87.75,7.84,0.23,2.28,43.92,395.15,400,On,45.80,48,-1060,21.75,6.79,-1.05,49.80,21.75,C/L,0.80,1.02,1.00,119.70,0,1,1,2,2,3,0,1,12.51,79.68,Off,1.01,0.79,99.60,3.66,0.96,14.12,1.12,13.73,3.93,12.94,0,67
483,Off,471.37,1.21,23.44,OK,0.95,980,18.75,14.57,1180,Off,0,-0.88,-1.33,-1.07,20.02,On,Off,Off,Off,Off,88.50,7.84,0.21,2.28,7.84,398.35,400,On,45.28,49,-1240,33.00,6.32,-1.05,42.75,22.50,C/L,0.80,1.02,1.00,82.90,0,1,1,2,2,3,0,2.50,11.15,79.68,Off,1.01,0.57,0,3.66,1.04,4.31,0.74,3.92,4.27,3.92,0,73
484,Off,471.37,0.41,8.01,OK,0.95,980,18.75,14.43,990,Off,0,-0.35,-0.45,-0.25,-0.39,On,Off,Off,Off,Off,89.25,7.84,0,2.28,7.84,429.52,400,On,10.00,49,-1200,-2.25,0.79,-1.05,7.84,21.00,O/L,0.90,1.02,1.00,18,0,1,1,2,2,3,0,0,3.03,79.68,Off,15.90,-0.00,0,3.66,1.00,2.75,0.69,2.75,4.30,3.14,0,73
485,Off,471.37,0.49,9.76,OK,0.95,980,18.75,14.22,990,Off,0,-0.56,-0.47,4.58,-0.45,On,Off,Off,Off,Off,88.50,7.84,0,2.28,47.06,402.12,400,On,46.45,49,-1130,16.50,8.13,-1.05,39.22,21.00,C/L,1,1.02,1.00,83.70,0,1,1,2,2,3,0.50,20,29.07,79.68,Off,0.97,0.15,4.30,3.66,1.02,14.12,1.16,12.55,3.93,13.33,0,73
486,Off,471.37,0.93,19.66,OK,0.95,980,18.75,14.36,1050,Off,0,-0.55,-0.44,0.94,-0.45,On,Off,Off,Off,Off,87.75,7.84,1.05,2.28,40.78,398.35,400,On,44.69,50,-1250,42.00,1.68,-1.05,7.84,21.75,C/L,1,1.02,1.00,31.60,0,1,1,2,2,3,1,0,11.42,79.68,Off,0.98,0.76,99.60,3.66,0.94,12.55,1.04,11.37,3.99,13.33,0,72
487,Off,471.37,0.80,14.95,OK,0.95,980,18.75,14.50,1010,Off,0,2.44,-0.47,0.93,-0.45,On,Off,Off,Off,Off,87.75,7.84,0.75,2.28,45.88,405.74,400,On,45.01,50,-1200,36.00,3.68,-1.05,7.84,21.75,C/L,1,1.02,1.00,77.30,0,1,1,2,2,3,0,0,10.02,79.68,Off,1.01,0.30,0,3.66,1.01,3.92,0.73,3.92,4.26,4.31,0,71
488,Off,457.88,0.54,8.01,OK,0.95,980,18.75,14.43,990,Off,0,-0.35,-0.41,-0.29,-0.31,On,Off,Off,Off,Off,88.50,7.84,0,2.28,7.84,416.18,400,On,10.00,51,-870,37.50,5.92,-1.05,48.63,20.25,C/L,1,1.02,1.00,99.70,0,1,1,2,2,3,1.50,0,7.05,79.68,Off,0.94,0.73,0,3.66,1.02,3.14,0.69,2.35,4.33,2.35,0,61
489,Off,471.37,0.41,8.03,OK,0.95,980,18.75,14.43,990,On,28.63,-0.59,-0.45,1.67,-0.31,On,Off,Off,Off,Off,88.50,7.84,0,2.28,33.33,382.18,400,On,48.06,51,-1280,16.50,11.53,-1.05,43.92,21.00,C/L,1,1.02,1.00,288,0,1,1,2,2,3,0,14,18.37,79.68,Off,0.99,0.28,7.42,3.66,1.04,20,1.15,14.51,3.88,14.90,0,75
490,Off,471.37,1.02,20.58,OK,0.95,980,18.75,14.43,1140,Off,0,-1.25,0.16,-1.04,15.24,On,Off,Off,Off,Off,88.50,7.84,1.20,2.28,7.84,403.20,400,On,45.60,51,-1280,36.75,4.51,-1.05,7.84,23.25,C/L,1,1.02,1.00,54.70,0,1,1,2,2,3,1.50,0,9.03,79.68,Off,0.94,0.64,78.51,3.66,0.98,17.65,1.72,24.31,3.66,17.65,14.43,73
491,Off,457.88,1.20,24.46,OK,0.95,980,18.75,14.50,1230,Off,0,-1.14,3.47,-1.09,11.58,On,Off,Off,Off,Off,89.25,7.84,2.67,2.28,43.92,403.57,400,On,44.25,51,-970,38.25,1.53,-1.05,7.84,22.50,C/L,1,1.02,1.00,33.50,0,1,1,2,2,3,0,0,3.45,79.68,Off,1.08,0.11,0,3.66,1.00,3.14,0.73,3.92,4.27,3.92,0,78
492,Off,457.88,0.62,11.98,OK,0.95,980,18.75,14.57,980,Off,0,0.16,-0.25,8.47,-0.45,On,Off,Off,Off,Off,89.25,7.84,0.15,2.28,43.92,400.96,400,On,43.09,51,-890,12.00,1.00,-1.05,7.84,20.25,C/L,1.10,1.02,1.00,23.50,0,1,1,2,2,3,8,0,5.07,79.68,Off,1.02,0.73,43.75,3.66,1.03,3.92,0.73,3.53,4.24,5.49,0,80
493,Off,457.88,0.68,13.54,OK,0.95,980,18.75,14.64,980,Off,0,3.36,-0.39,4.08,-0.29,On,Off,Off,Off,Off,89.25,7.84,0.51,2.28,43.14,401.25,400,On,44.17,51,-990,36.00,4.10,-1.05,7.84,20.25,C/L,1.10,1.02,1.00,68.10,0,1,1,2,2,3,0,8,12.33,79.68,Off,1.02,0.43,0,3.66,1.00,10.59,0.93,7.84,4.13,7.84,0,72
494,Off,457.88,0.67,13.44,OK,0.95,980,18.75,14.36,990,Off,0,-0.12,-0.47,8.78,-0.39,On,Off,Off,Off,Off,88.50,7.84,0,2.28,41.57,398.56,400,On,44.57,51,-890,33.00,5.56,-1.05,46.27,20.25,C/L,1.10,1.02,1.00,73.50,0,1,1,2,2,3,1.50,0,7.13,79.68,Off,0.95,0.13,0,3.66,1.03,9.80,0.94,8.24,4.15,6.67,0,71
495,Off,457.88,0.65,13.03,OK,0.95,980,18.75,14.57,980,Off,0,0.41,-0.27,0.64,-0.34,On,Off,Off,Off,Off,88.50,7.84,0,2.28,44.71,404.36,400,On,10.00,51,-550,-6.75,0.92,-1.05,7.84,20.25,O/L,1,1.02,1.00,12.40,0,1,1,2,2,3,6.50,0,2.10,79.68,Off,0.99,0.03,0,3.66,1.00,1.57,0.65,1.18,4.36,1.57,0,48
496,Off,457.88,0.41,8.01,OK,0.95,980,18.75,14.43,980,Off,0,0.10,-0.36,8.63,-0.31,On,Off,Off,Off,Off,88.50,7.84,0.01,2.28,45.88,392.26,400,On,48.75,51,-1280,18.75,11.10,-1.05,45.10,21.00,C/L,0.80,1.02,1.00,164.70,0,1,1,2,2,3,0,0,10.86,79.68,Off,1.00,0.75,20.70,3.66,0.99,9.02,0.89,7.84,4.11,8.63,0,60
497,Off,457.88,0.72,14.30,OK,0.95,980,18.75,14.36,1000,Off,0,0.52,-0.38,6.28,-0.39,On,Off,Off,Off,Off,87.75,7.84,0,2.28,42.35,398.56,400,On,43.92,51,-1060,40.50,2.53,-1.05,7.84,21.00,C/L,0.80,1.02,1.00,19.70,0,1,1,2,2,3,0,0,2.50,79.68,Off,9.55,0.01,0,3.66,1.00,2.35,0.67,2.35,4.33,2.35,0,60
498,Off,457.88,0.41,8.01,OK,0.95,980,18.75,14.43,980,Off,0,0.06,-0.24,0.47,-0.25,On,Off,Off,Off,Off,88.50,7.84,0,2.28,43.53,397.62,400,On,43.72,51,-770,15.00,3.66,-1.05,7.84,20.25,C/L,0.80,1.02,1.00,51,1,1,1,2,3,3,6,0,6.41,79.68,Off,0.96,0.74,7.42,3.66,1.01,30.20,1.74,31.37,3.23,32.55,15.21,63
499,Off,457.88,1.21,22.42,OK,0.95,980,18.75,14.43,1190,Off,0,-1.09,-0.21,-1.09,15.61,On,Off,Off,Off,Off,87.75,7.84,0.93,2.28,7.84,397.84,400,On,45.84,51,-1280,36.00,5.73,-1.05,47.45,21.75,C/L,0.80,1.02,1.00,82.60,1,1,1,2,3,3,0,0,12.53,79.68,Off,0.98,0.79,99.60,3.66,0.95,12.55,1.07,12.94,3.97,11.76,0,72
500,Off,457.88,1.02,20.61,OK,0.95,980,18.75,14.57,1090,Off,0,-0.43,-0.45,-0.14,-0.39,On,Off,Off,Off,Off,88.50,7.84,2.22,2.28,44.71,403.28,400,On,44.03,51,-1270,42.75,2.43,-1.05,7.84,21.75,C/L,0.80,1.02,1.00,24.30,0,1,1,2,3,3,4.50,0,2.91,79.68,Off,0.95,0.25,0,3.66,1.01,1.96,0.65,1.96,4.34,1.96,0,73
501,Off,457.88,0.41,7.99,OK,0.95,980,18.75,14.36,980,Off,0,-0.04,-0.44,7.41,-0.40,On,Off,Off,Off,Off,89.25,7.84,0.75,2.28,42.75,399.36,400,On,42.46,52,-250,0.75,1.19,-1.05,7.84,20.25,C/L,0.80,1.02,1.00,10.20,0,1,1,2,3,3,7.50,0,1.61,79.68,Off,1.02,0.73,26.56,3.66,1.01,1.96,0.65,1.96,4.35,1.96,0,78
502,Off,457.88,0.41,8.01,OK,0.95,980,18.75,14.36,980,Off,0,-0.04,-0.39,6.39,-0.48,On,Off,Off,Off,Off,90.00,7.84,0.90,2.28,43.53,398.93,400,On,42.14,52,-360,-1.50,1.32,-1.05,7.84,20.25,C/L,0.80,1.02,1.00,12.50,0,1,1,2,3,3,6,0,2.16,79.68,Off,1.04,0.65,20.70,3.66,1.05,1.96,0.66,1.96,4.34,1.96,0,81
503,Off,457.88,0.41,8.01,OK,0.95,980,18.75,14.36,980,On,30.59,-0.30,-0.22,7.89,-0.42,On,Off,Off,Off,Off,89.25,7.84,0.31,2.28,43.14,396.46,400,On,42.39,52,-160,6.00,1.33,-1.05,7.84,19.50,C/L,0.80,1.02,1.00,9.30,0,1,1,2,3,3,8,0,3.44,79.68,Off,1.03,0.59,0,3.66,1.05,5.49,0.80,5.10,4.25,3.92,0,56
504,Off,457.88,0.41,8.03,OK,0.95,980,18.75,14.50,990,Off,0,-0.39,-0.45,0.82,-0.42,On,Off,Off,Off,Off,88.50,7.84,0.04,2.28,45.49,399.80,400,On,42.70,52,-760,-6.75,0.90,-1.05,7.84,19.50,O/L,0.90,1.02,1.00,11.50,0,1,1,2,3,3,7,0,2.09,79.68,Off,1.21,0.00,0,3.66,1.00,1.57,0.65,1.18,4.37,1.57,0,35
505,Off,457.88,0.41,8.01,OK,0.95,980,18.75,14.29,980,On,29.02,0.48,-0.31,9.05,-0.26,On,Off,Off,Off,Off,87.75,7.84,0.08,2.28,43.53,397.69,400,On,42.82,52,-60,-4.50,1.90,-1.05,7.84,19.50,C/L,0.60,1.02,1.00,9.30,0,1,1,2,3,3,2,0,12.02,79.68,Off,1.03,0.83,3.52,3.66,0.97,23.53,1.39,20,3.66,18.82,13.26,23
506,Off,471.37,1.22,24.55,OK,0.95,980,18.75,14.43,1210,Off,0,-1.39,-0.12,-1.53,11.35,On,Off,Off,Off,Off,87.75,7.84,0,2.28,7.84,404.22,400,On,46.08,52,-1280,36.00,4.71,-1.05,7.84,21.75,C/L,0.50,1.02,1.00,83.30,0,1,1,2,3,3,0.50,0,10.74,79.68,Off,1.00,0.70,0,3.66,0.97,19.61,1.45,25.10,3.48,23.14,16.77,41
507,Off,471.37,1.12,22.31,OK,0.95,980,18.75,14.50,1170,Off,0,-0.45,-0.39,0.66,-0.26,On,Off,Off,Off,Off,87.75,7.84,0,2.28,50.59,402.41,400,On,43.93,52,-700,37.50,3.31,-1.05,7.84,21.75,C/L,0.50,1.02,1.00,35.60,0,1,1,2,3,3,8,0,6.07,79.68,Off,1.02,0.66,0,3.66,0.95,3.14,0.70,2.75,4.31,1.96,0,36
508,Off,471.37,0.41,8.01,OK,0.95,980,18.75,14.43,980,Off,0,0.08,-2.31,8.56,2.55,On,Off,Off,Off,Off,89.25,7.84,0,2.28,7.84,390.23,400,On,47.47,52,-1280,19.50,11.25,-1.05,44.71,21.75,C/L,0.60,1.02,1.00,176.70,0,1,1,2,3,3,0,12,17.94,79.68,Off,0.99,0.75,0,3.66,1.01,14.90,1.18,16.86,3.65,20.39,0,47
509,Off,471.37,1.19,23.90,OK,0.95,980,18.75,14.43,1180,Off,0,-0.41,-0.33,0.56,-0.45,On,Off,Off,Off,Off,90.00,7.84,0,2.28,43.92,403.64,400,On,45.11,52,-920,32.25,4.62,-1.05,7.84,23.25,C/L,0.60,1.02,1.00,86.80,0,1,1,2,3,3,0.50,2.50,12.60,79.68,Off,0.96,0.37,0,3.66,1.01,12.16,1.06,12.55,3.91,13.33,0,53
510,Off,471.37,1.03,20.89,OK,0.95,980,18.00,14.29,1110,Off,0,-0.80,1.87,-0.37,-0.51,On,Off,Off,Off,Off,90.00,7.84,0,2.28,7.84,401.68,400,On,44.79,52,-880,33.75,4.78,-1.05,44.31,22.50,C/L,0.60,1.02,1.00,52.80,0,1,1,2,3,3,1.50,1,13.36,79.68,Off,1.00,0.59,0,3.66,0.98,9.80,0.95,9.80,4.04,12.55,0,51
511,Off,471.37,0.99,19.34,OK,0.95,980,18.00,14.50,1060,Off,0,-0.38,-0.49,5.33,-0.56,On,Off,Off,Off,Off,90.00,7.84,0,2.28,42.35,402.48,400,On,43.06,52,-680,3.00,1.43,-1.05,7.84,21.75,C/L,0.60,1.02,1.00,27,0,1,1,2,3,3,3.50,0,2.65,79.68,Off,0.99,0.77,0,3.66,0.95,3.92,0.77,5.49,4.21,3.53,0,45
512,Off,457.88,0.60,12.07,OK,0.95,980,18.00,14.43,980,Off,0,0.07,-0.28,8.53,-0.48,On,Off,Off,Off,Off,90.00,7.84,0,2.28,7.84,393.13,400,On,45.33,52,-1280,33.75,6.64,-1.05,30.20,21.00,C/L,0.70,1.02,1.00,91.20,0,1,1,2,3,3,0.50,0,9.50,79.68,Off,1.02,0.71,7.03,3.61,0.98,18.82,1.00,10.98,4.03,10.59,0,47
513,Off,457.88,0.59,8.01,OK,0.95,980,18.00,14.36,1000,Off,0,-0.41,-0.44,7.71,-0.34,On,Off,Off,Off,Off,89.25,7.84,0.19,2.28,43.14,401.10,400,On,42.35,52,-120,1.50,1.29,-1.05,7.84,21.00,C/L,0.80,1.02,1.00,8.90,0,1,1,2,3,3,8.50,0,1.02,79.68,Off,1.02,0.57,10.55,3.61,0.91,0.78,0.61,0.78,4.38,0.78,0,41
514,Off,457.88,0.41,7.99,OK,0.95,980,18.00,14.29,980,On,10.98,-0.30,-0.30,9.08,-0.33,On,Off,Off,Off,Off,89.25,7.84,0.46,2.28,45.49,400.38,400,On,42.69,52,10,6.75,1.47,-1.05,7.84,20.25,C/L,2.10,1.02,1.00,9,0,1,1,2,3,3,9,0,2.14,79.68,Off,1.04,0.68,23.83,3.61,0.97,23.14,1.25,18.82,3.77,16.86,14.04,25
515,Off,457.88,0.96,19.27,OK,0.95,980,18.00,14.50,1060,Off,0,-1.03,-0.45,-1.11,2.80,On,Off,Off,Off,Off,89.25,7.84,1.64,2.28,7.84,398.20,400,On,44.40,52,-970,36.00,4.28,-1.05,7.84,21.00,C/L,1.90,1.02,1.00,107.60,0,1,1,2,3,3,0,8,14.97,79.68,Off,1.01,0.23,99.60,3.61,1.04,11.37,1.01,11.76,3.96,12.55,0,32
516,Off,471.37,0.87,16.41,OK,0.95,980,18.75,14.36,1000,Off,0,1.64,-0.95,-1.04,1.31,On,Off,Off,Off,Off,88.50,7.84,1.82,2.28,44.31,397.26,400,On,44.46,52,-1080,36.75,3.97,-1.05,7.84,21.75,C/L,1.80,1.02,1.00,42.70,0,1,1,2,3,3,0.50,0,8.26,79.68,Off,1.04,0.64,29.68,3.61,0.98,5.10,0.80,5.88,4.17,6.27,0,35
517,Off,457.88,0.92,18.37,OK,0.95,980,18.75,14.50,1020,Off,0,-1.49,-0.69,3.50,-0.58,On,Off,Off,Off,Off,88.50,7.84,1.69,2.28,43.92,398.42,400,On,44.05,53,-760,8.25,1.37,-1.05,7.84,21.00,C/L,1.70,1.02,1.00,70.60,0,1,1,2,3,3,0.50,0,3.67,79.68,Off,1.07,0.08,35.54,3.61,1.06,3.14,0.71,3.14,4.31,2.35,0,37
518,Off,457.88,0.41,8.01,OK,0.94,980,18.75,14.36,980,Off,0,-0.49,-0.61,9.50,-0.37,On,Off,Off,Off,Off,89.25,7.84,0.53,2.28,40.78,399.36,400,On,44.68,53,-90,1.50,1.63,-1.05,7.84,20.25,C/L,1.40,1.02,1.00,17.10,0,1,1,2,3,3,4.50,0,14.33,79.68,Off,1.02,0.78,8.98,3.61,0.94,23.92,1.42,21.57,3.62,21.18,13.26,37
519,Off,471.37,1.00,19.04,OK,0.95,975,18.75,14.29,1050,Off,0,-0.07,-0.52,0.52,-0.44,On,Off,Off,Off,Off,90.00,7.84,0,2.28,7.84,397.69,400,On,44.79,53,-1110,36.00,4.80,-1.05,7.84,21.75,C/L,1.40,1.02,1.00,69.80,0,1,1,2,3,3,0,0,10.03,79.68,Off,1.00,0.65,0,3.61,1.02,10.20,0.97,10.20,4.03,10.20,0,46
520,Off,471.37,1.01,21.14,OK,0.95,975,18.75,14.50,1050,Off,0,0.24,-0.56,3.64,-0.56,On,Off,Off,Off,Off,90.00,7.84,0,2.28,42.35,403.86,400,On,42.97,52,-530,23.25,1.34,-1.05,7.84,21.75,C/L,1.30,1.02,1.00,10.20,0,1,1,2,3,3,9.50,0,2.76,79.68,Off,0.98,0.59,4.30,3.61,1.00,1.57,0.64,1.57,4.36,1.18,0,46
521,Off,471.37,0.41,8.01,OK,0.95,975,18.75,14.36,980,Off,0,0.13,-0.63,8.39,-0.55,On,Off,Off,Off,Off,90.75,7.84,0.09,2.28,44.71,399.51,400,On,42.40,52,-120,6.00,1.23,-1.05,7.84,20.25,C/L,1.70,1.02,1.00,8.60,0,1,1,2,3,3,8.50,0,0.88,79.68,Off,0.97,0.57,3.12,3.61,0.98,0.78,0.61,0.78,4.39,0.78,0,47
522,Off,457.88,0.41,8.01,OK,0.95,980,18.75,14.57,980,Off,0,-0.08,-0.50,8.67,-0.34,On,Off,Off,Off,Off,90.75,7.84,0,2.28,41.57,393.71,400,On,42.65,53,-30,9.75,1.19,-1.05,7.84,20.25,C/L,3,1.02,1.00,8.40,0,1,1,2,3,3,8.50,0,0.86,79.68,Off,1.01,0.54,0,3.33,0.94,0.78,0.61,0.78,4.39,0.78,0,45
523,Off,471.37,0.41,8.01,OK,0.95,980,18.75,14.43,980,Off,0,-0.15,-0.52,8.47,-0.51,On,Off,Off,Off,Off,90.75,7.84,0,2.28,42.35,399.36,400,On,42.24,53,-70,7.50,1.29,-1.05,7.84,20.25,C/L,3.30,1.02,1.00,8.40,0,1,1,2,3,3,9,0,1.10,79.68,Off,1.01,0.51,0,3.28,0.98,3.92,0.78,7.45,4.10,8.63,0,30
524,Off,457.88,0.83,16.72,OK,0.94,980,18.75,14.36,1000,Off,0,0.76,-0.61,9.60,-0.39,On,Off,Off,Off,Off,90.00,7.84,0,2.28,39.61,397.26,400,On,43.31,53,-640,36.00,3.39,-1.05,7.84,19.50,C/L,2.90,1.02,1.00,25.10,0,1,1,2,3,3,8,0,4.38,79.68,Off,1.00,0.76,2.73,3.28,0.95,2.75,0.69,2.75,4.33,2.35,0,15
525,Off,457.88,0.41,7.99,OK,0.94,980,18.75,14.29,980,Off,0,0.14,-0.42,8.91,-0.48,On,Off,Off,Off,Off,87.75,7.84,0.07,2.28,44.31,397.69,400,On,42.92,53,-410,23.25,3.37,-1.05,42.35,19.50,C/L,2.40,1.02,1.00,15.30,0,1,1,2,3,3,9,0,2.63,79.68,Off,0.97,0.16,9.37,3.28,1.03,3.14,0.71,2.75,4.32,2.35,0,1
526,Off,457.88,0.41,8.01,OK,0.93,980,18.75,14.36,980,Off,0,0.54,-2.13,9.38,4.25,On,Off,Off,Off,Off,87.00,7.84,0.78,2.28,45.10,403.20,400,On,43.35,54,-10,11.25,1.75,-1.05,7.84,19.50,C/L,1.90,1.02,1.00,13.70,0,1,1,2,3,3,9,0,2.86,79.68,Off,0.99,0.12,28.12,3.28,1.10,1.96,0.66,1.96,4.34,1.57,0,5
527,Off,471.37,0.41,8.01,OK,0.93,980,18.75,14.22,980,On,6.27,-0.32,-0.47,8.94,-0.53,On,Off,Off,Off,Off,87.00,7.84,0.71,2.28,45.10,401.68,400,On,42.96,54,-10,6.00,1.81,-1.05,7.84,20.25,C/L,1.10,1.02,1.00,9.50,0,1,1,2,3,3,9,0,1.96,79.68,Off,0.97,0.17,21.87,3.28,1.10,1.57,0.65,1.57,4.35,1.96,0,0
528,Off,471.37,0.41,8.03,OK,0.93,980,18.75,14.29,980,Off,0,-0.58,-0.53,9.41,-0.42,On,Off,Off,Off,Off,87.75,7.84,0.09,2.28,47.06,399.14,400,On,44.88,54,-20,-0.75,2.54,-1.05,7.84,20.25,C/L,0.70,1.02,1.00,14.20,0,1,1,2,3,3,9,0,2.15,79.68,Off,1.03,0.80,2.73,3.28,0.94,1.96,0.66,1.96,4.34,1.96,0,1
529,Off,471.37,0.41,8.03,OK,0.93,980,18.75,14.15,980,On,3.92,-0.41,-0.58,9.17,-0.61,On,Off,Off,Off,Off,88.50,7.84,0,2.28,42.35,399.80,400,On,43.16,54,0,-0.75,2.04,-1.05,7.84,21.75,C/L,0.80,1.02,1.00,14.50,0,1,1,2,3,3,9,0,2.93,79.68,Off,1.00,0.12,0,3.14,0.98,2.75,0.67,1.96,4.34,2.35,0,2
530,Off,484.86,0.41,7.99,OK,0.93,980,18.75,14.08,980,On,28.63,0.09,-0.60,9.55,-0.51,Off,Off,Off,Off,Off,89.25,7.84,0,2.28,43.92,399.14,400,On,42.66,54,0,8.25,1.72,-1.05,7.84,21.75,C/L,0.90,1.02,1.00,8.40,0,1,1,2,3,3,9,0,1.04,79.68,Off,0.93,0.14,0,3.28,0.99,0.78,0.62,0.78,4.38,1.18,0,0
531,Off,484.86,0.41,8.01,OK,0.93,980,19.50,14.29,980,Off,0,-0.44,-0.38,9.55,-0.34,Off,Off,Off,Off,Off,89.25,7.84,0,2.28,43.14,398.06,400,On,42.35,54,10,10.50,1.62,-1.05,7.84,22.50,C/L,1,1.02,1.00,9,0,1,1,2,3,3,9,0,1.37,79.68,Off,1.02,0.75,0,3.19,0.96,1.18,0.63,1.18,4.37,1.18,0,0
532,Off,484.86,0.41,8.01,OK,0.93,980,19.50,14.43,970,Off,0,0,-0.47,9.58,-0.55,Off,Off,Off,Off,Off,90.00,7.84,0,2.28,43.92,401.54,400,On,42.18,54,10,14.25,1.52,-1.05,7.84,23.25,C/L,0.80,1.02,1.00,8.80,0,1,1,2,3,3,9,0,1.31,79.68,Off,0.99,0.13,0,3.14,1.00,1.18,0.63,1.18,4.38,1.18,0,0
533,Off,484.86,0.41,8.01,OK,0.93,980,19.50,14.29,980,Off,0,0.02,-0.49,9.09,-0.51,Off,Off,Off,Off,Off,90.00,7.84,0,2.28,43.92,402.26,400,On,42.60,54,10,14.25,1.46,-1.05,7.84,23.25,C/L,1,1.02,1.00,8.80,0,1,1,2,3,3,9,0,1.29,79.68,Off,1.01,0.56,0,3.14,0.97,1.18,0.63,1.18,4.37,1.18,0,0
534,Off,484.86,0.41,8.01,OK,0.93,980,19.50,14.43,980,Off,0,-0.29,-0.49,8.96,-0.61,Off,Off,Off,Off,Off,90.75,7.84,0,2.28,45.88,395.66,400,On,42.61,54,10,15.75,1.58,-1.05,7.84,24.00,C/L,0.90,1.02,1.00,9.10,0,1,1,2,3,3,9,0,1.52,79.68,Off,1.01,0.47,3.12,3.09,0.99,1.18,0.64,1.18,4.37,1.18,0,0
535,Off,498.35,0.41,8.01,OK,0.93,980,19.50,14.50,980,Off,0,-0.39,-0.50,8.94,-0.59,Off,Off,Off,Off,Off,90.75,7.84,0.06,2.28,44.31,402.12,400,On,41.65,54,-30,6.00,1.54,-1.05,7.84,24.75,C/L,0.60,1.02,1.00,8.90,0,1,1,2,3,3,9,0,1.30,79.68,Off,0.98,0.38,5.47,3.09,1.00,1.18,0.62,0.78,4.38,1.18,0,0
536,Off,498.35,0.41,8.01,OK,0.93,980,19.50,14.15,980,Off,0,0.34,-0.47,9.44,-0.53,Off,Off,Off,Off,Off,91.50,7.84,0.21,2.28,44.71,398.78,400,On,42.43,54,10,11.25,1.43,-1.05,7.84,25.50,C/L,1.30,1.02,1.00,8.20,0,1,1,2,3,3,9,0,1.09,79.68,Off,0.99,0.30,11.72,3.09,1.04,0.78,0.62,0.78,4.38,1.18,0,0
537,Off,511.83,0.41,8.01,OK,0.93,980,19.50,14.36,980,Off,0,0.16,-0.47,8.99,-0.47,Off,Off,Off,Off,Off,91.50,7.84,0.51,2.28,43.92,397.04,400,On,42.51,55,10,12.00,1.26,-1.05,7.84,26.25,C/L,1.70,1.02,1.00,8.20,0,1,1,2,3,3,9,0,1.09,79.68,Off,1.02,0.76,19.14,3.09,1.02,0.78,0.62,0.78,4.38,0.78,0,0
538,Off,511.83,0.41,8.01,OK,0.93,980,19.50,14.43,980,Off,0,0.06,-0.50,9.14,-0.48,Off,Off,Off,Off,Off,92.25,7.84,0.61,2.28,44.71,398.71,400,On,42.47,55,0,12.75,1.28,-1.05,7.84,26.25,C/L,1.70,1.02,1.00,8.20,0,1,1,2,3,3,9,0,1.12,79.68,Off,1.01,0.66,19.14,3.09,0.99,0.78,0.62,0.78,4.38,1.18,0,0
