Num,1. A/C Compressor Active (A/C Pressure)
1,Off
2,390.45
3,0.81
4,16.41
5,OK
6,0.94
7,975
8,13.50
9,14.43
10,1020
11,Off
12,0
13,-0.25
14,-0.17
15,0
16,0
17,0
18,0
19,0
20,0
21,0
22,0
23,0
24,0
25,0
26,0
27,0
28,0
29,0
30,0
31,0
32,0
33,0
34,0
35,0
36,0
37,0
38,0
39,0
40,0
41,0
42,0
43,0
44,0
45,0
46,0
47,0
48,0
49,0
50,0
51,0
52,0
53,0
54,0
55,0
56,0
57,0
58,0
59,0
60,0
61,0
62,0
63,0
64,0
65,0
66,Off
67,390.45
68,0.81
69,16.41
70,OK
71,0.94
72,975
73,13.50
74,14.43
75,1020
76,Off
77,0
78,-0.25
79,-0.17
80,0
81,0
82,0
83,0
84,0
85,0
86,0
87,0
88,0
89,0
90,0
91,0
92,0
93,0
94,0
95,0
96,0
97,0
98,0
99,0
100,0
101,0
102,0
103,0
104,0
105,0
106,0
107,0
108,0
109,0
110,0
111,0
112,0
113,0
114,0
115,0
116,0
117,0
118,0
119,0
120,0
121,0
122,0
123,0
124,0
125,0
126,0
127,0
128,0
129,0
130,0
131,Off
132,390.45
133,0.81
134,16.41
135,OK
136,0.94
137,975
138,13.50
139,14.43
140,1020
141,Off
142,0
143,-0.25
144,-0.17
145,0
146,0
147,0
148,0
149,0
150,0
151,0
152,0
153,0
154,0
155,0
156,0
157,0
158,0
159,0
160,0
161,0
162,0
163,0
164,0
165,0
166,0
167,0
168,0
169,0
170,0
171,0
172,0
173,0
174,0
175,0
176,0
177,0
178,0
179,0
180,0
181,0
182,0
183,0
184,0
185,0
186,0
187,0
188,0
189,0
190,0
191,0
192,0
193,0
194,0
195,0
196,Off
197,390.45
198,0.94
199,16.41
200,OK
201,0.94
202,975
203,13.50
204,14.43
205,1020
206,Off
207,0
208,-0.25
209,-0.17
210,0
211,0
212,0
213,0
214,0
215,0
216,0
217,0
218,0
219,0
220,0
221,0
222,0
223,0
224,0
225,0
226,0
227,0
228,0
229,0
230,0
231,0
232,0
233,0
234,0
235,0
236,0
237,0
238,0
239,0
240,0
241,0
242,0
243,0
244,0
245,0
246,0
247,0
248,0
249,0
250,0
251,0
252,0
253,0
254,0
255,0
256,0
257,0
258,0
259,0
260,0
261,Off
262,390.45
263,0.94
264,19.09
265,OK
266,0.94
267,975
268,13.50
269,14.43
270,1020
271,Off
272,0
273,-0.25
274,-0.17
275,0
276,0
277,0
278,0
279,0
280,0
281,0
282,0
283,0
284,0
285,0
286,0
287,0
288,0
289,0
290,0
291,0
292,0
293,0
294,0
295,0
296,0
297,0
298,0
299,0
300,0
301,0
302,0
303,0
304,0
305,0
306,0
307,0
308,0
309,0
310,0
311,0
312,0
313,0
314,0
315,0
316,0
317,0
318,0
319,0
320,0
321,0
322,0
323,0
324,0
325,0
326,Off
327,390.45
328,0.94
329,19.09
330,OK
331,0.94
332,975
333,13.50
334,14.43
335,1020
336,Off
337,0
338,-0.25
339,-0.17
340,0
341,0
342,0
343,0
344,0
345,0
346,0
347,0
348,0
349,0
350,0
351,0
352,0
353,0
354,0
355,0
356,0
357,0
358,0
359,0
360,0
361,0
362,0
363,0
364,0
365,0
366,0
367,0
368,0
369,0
370,0
371,0
372,0
373,0
374,0
375,0
376,0
377,0
378,0
379,0
380,0
381,0
382,0
383,0
384,0
385,0
386,0
387,0
388,0
389,0
390,0
391,Off
392,390.45
393,0.94
394,19.09
395,OK
396,0.94
397,975
398,13.50
399,14.43
400,1020
401,Off
402,0
403,-0.25
404,-0.17
405,0
406,0
407,0
408,0
409,0
410,0
411,0
412,0
413,0
414,0
415,0
416,0
417,0
418,0
419,0
420,0
421,0
422,0
423,0
424,0
425,0
426,0
427,0
428,0
429,0
430,0
431,0
432,0
433,0
434,0
435,0
436,0
437,0
438,0
439,0
440,0
441,0
442,0
443,0
444,0
445,0
446,0
447,0
448,0
449,0
450,0
451,0
452,0
453,0
454,0
455,0
456,Off
457,390.45
458,0.94
459,19.09
460,OK
461,0.94
462,975
463,13.50
464,14.43
465,1020
466,Off
467,0
468,-0.25
469,-0.17
470,0
471,0
472,0
473,0
474,0
475,0
476,0
477,0
478,0
479,0
480,0
481,0
482,0
483,0
484,0
485,0
486,0
487,0
488,0
489,0
490,0
491,0
492,0
493,0
494,0
495,0
496,0
497,0
498,0
499,0
500,0
501,0
502,0
503,0
504,0
505,0
506,0
507,0
508,0
509,0
510,0
511,0
512,0
513,0
514,0
515,0
516,0
517,0
518,0
519,0
520,0
521,Off
522,390.45
523,0.94
524,19.09
525,OK
526,0.94
527,975
528,13.50
529,14.43
530,1020
531,Off
532,0
533,-0.25
534,-0.17
535,0
536,0
537,0
538,0
539,0
540,0
541,0
542,0
543,0
544,0
545,0
546,0
547,0
548,0
549,0
550,0
551,0
552,0
553,0
554,0
555,0
556,0
557,0
558,0
559,0
560,0
561,0
562,0
563,0
564,0
565,0
566,0
567,0
568,0
569,0
570,0
571,0
572,0
573,0
574,0
575,0
576,0
577,0
578,0
579,0
580,0
581,0
582,0
583,0
584,0
585,0
586,Off
587,390.45
588,0.94
589,19.09
590,OK
591,0.94
592,975
593,13.50
594,14.43
595,1020
596,Off
597,0
598,-0.25
599,-0.17
600,0
601,0
602,0
603,0
604,0
605,0
606,0
607,0
608,0
609,0
610,0
611,0
612,0
613,0
614,0
615,0
616,0
617,0
618,0
619,0
620,0
621,0
622,0
623,0
624,0
625,0
626,0
627,0
628,0
629,0
630,0
631,0
632,0
633,0
634,0
635,0
636,0
637,0
638,0
639,0
640,0
641,0
642,0
643,0
644,0
645,0
646,0
647,0
648,0
649,0
650,0
651,Off
652,390.45
653,0.94
654,19.09
655,OK
656,0.94
657,975
658,13.50
659,14.43
660,1080
661,Off
662,0
663,-0.25
664,-0.17
665,0
666,0
667,0
668,0
669,0
670,0
671,0
672,0
673,0
674,0
675,0
676,0
677,0
678,0
679,0
680,0
681,0
682,0
683,0
684,0
685,0
686,0
687,0
688,0
689,0
690,0
691,0
692,0
693,0
694,0
695,0
696,0
697,0
698,0
699,0
700,0
701,0
702,0
703,0
704,0
705,0
706,0
707,0
708,0
709,0
710,0
711,0
712,0
713,0
714,0
715,0
716,Off
717,390.45
718,0.94
719,19.09
720,OK
721,0.94
722,975
723,13.50
724,14.43
725,1080
726,Off
727,0
728,-0.25
729,-0.17
730,0
731,0
732,0
733,0
734,0
735,0
736,0
737,0
738,0
739,0
740,0
741,0
742,0
743,0
744,0
745,0
746,0
747,0
748,0
749,0
750,0
751,0
752,0
753,0
754,0
755,0
756,0
757,0
758,0
759,0
760,0
761,0
762,0
763,0
764,0
765,0
766,0
767,0
768,0
769,0
770,0
771,0
772,0
773,0
774,0
775,0
776,0
777,0
778,0
779,0
780,0
781,Off
782,390.45
783,0.94
784,19.09
785,OK
786,0.94
787,975
788,13.50
789,14.43
790,1080
791,Off
792,0
793,-0.25
794,-0.17
795,0
796,0
797,0
798,0
799,0
800,0
801,0
802,0
803,0
804,0
805,0
806,0
807,0
808,0
809,0
810,0
811,0
812,0
813,0
814,0
815,0
816,0
817,0
818,0
819,0
820,0
821,0
822,0
823,0
824,0
825,0
826,0
827,0
828,0
829,0
830,0
831,0
832,0
833,0
834,0
835,0
836,0
837,0
838,0
839,0
840,0
841,0
842,0
843,0
844,0
845,0
846,Off
847,390.45
848,0.94
849,19.09
850,OK
851,0.94
852,975
853,13.50
854,14.43
855,1080
856,Off
857,0
858,-0.17
859,-0.17
860,0
861,0
862,0
863,0
864,0
865,0
866,0
867,0
868,0
869,0
870,0
871,0
872,0
873,0
874,0
875,0
876,0
877,0
878,0
879,0
880,0
881,0
882,0
883,0
884,0
885,0
886,0
887,0
888,0
889,0
890,0
891,0
892,0
893,0
894,0
895,0
896,0
897,0
898,0
899,0
900,0
901,0
902,0
903,0
904,0
905,0
906,0
907,0
908,0
909,0
910,0
911,Off
912,390.45
913,0.94
914,19.09
915,OK
916,0.94
917,975
918,13.50
919,14.43
920,1080
921,Off
922,0
923,-0.17
924,-0.13
925,0
926,0
927,0
928,0
929,0
930,0
931,0
932,0
933,0
934,0
935,0
936,0
937,0
938,0
939,0
940,0
941,0
942,0
943,0
944,0
945,0
946,0
947,0
948,0
949,0
950,0
951,0
952,0
953,0
954,0
955,0
956,0
957,0
958,0
959,0
960,0
961,0
962,0
963,0
964,0
965,0
966,0
967,0
968,0
969,0
970,0
971,0
972,0
973,0
974,0
975,0
976,Off
977,390.45
978,0.94
979,19.09
980,OK
981,0.94
982,975
983,13.50
984,14.43
985,1080
986,Off
987,0
988,-0.17
989,-0.13
990,-0.15
991,0
992,0
993,0
994,0
995,0
996,0
997,0
998,0
999,0
1000,0
1001,0
1002,0
1003,0
1004,0
1005,0
1006,0
1007,0
1008,0
1009,0
1010,0
1011,0
1012,0
1013,0
1014,0
1015,0
1016,0
1017,0
1018,0
1019,0
1020,0
1021,0
1022,0
1023,0
1024,0
1025,0
1026,0
1027,0
1028,0
1029,0
1030,0
1031,0
1032,0
1033,0
1034,0
1035,0
1036,0
1037,0
1038,0
1039,0
1040,0
1041,Off
1042,390.45
1043,0.94
1044,19.09
1045,OK
1046,0.94
1047,975
1048,13.50
1049,14.43
1050,1080
1051,Off
1052,0
1053,-0.17
1054,-0.13
1055,-0.15
1056,0.02
1057,0
1058,0
1059,0
1060,0
1061,0
1062,0
1063,0
1064,0
1065,0
1066,0
1067,0
1068,0
1069,0
1070,0
1071,0
1072,0
1073,0
1074,0
1075,0
1076,0
1077,0
1078,0
1079,0
1080,0
1081,0
1082,0
1083,0
1084,0
1085,0
1086,0
1087,0
1088,0
1089,0
1090,0
1091,0
1092,0
1093,0
1094,0
1095,0
1096,0
1097,0
1098,0
1099,0
1100,0
1101,0
1102,0
1103,0
1104,0
1105,0
1106,Off
1107,390.45
1108,0.94
1109,19.09
1110,OK
1111,0.94
1112,975
1113,13.50
1114,14.43
1115,1080
1116,Off
1117,0
1118,-0.17
1119,-0.13
1120,-0.15
1121,0.02
1122,On
1123,0
1124,0
1125,0
1126,0
1127,0
1128,0
1129,0
1130,0
1131,0
1132,0
1133,0
1134,0
1135,0
1136,0
1137,0
1138,0
1139,0
1140,0
1141,0
1142,0
1143,0
1144,0
1145,0
1146,0
1147,0
1148,0
1149,0
1150,0
1151,0
1152,0
1153,0
1154,0
1155,0
1156,0
1157,0
1158,0
1159,0
1160,0
1161,0
1162,0
1163,0
1164,0
1165,0
1166,0
1167,0
1168,0
1169,0
1170,0
1171,Off
1172,390.45
1173,0.94
1174,19.09
1175,OK
1176,0.94
1177,975
1178,13.50
1179,14.43
1180,1080
1181,Off
1182,0
1183,-0.17
1184,-0.13
1185,-0.15
1186,0.02
1187,On
1188,Off
1189,0
1190,0
1191,0
1192,0
1193,0
1194,0
1195,0
1196,0
1197,0
1198,0
1199,0
1200,0
1201,0
1202,0
1203,0
1204,0
1205,0
1206,0
1207,0
1208,0
1209,0
1210,0
1211,0
1212,0
1213,0
1214,0
1215,0
1216,0
1217,0
1218,0
1219,0
1220,0
1221,0
1222,0
1223,0
1224,0
1225,0
1226,0
1227,0
1228,0
1229,0
1230,0
1231,0
1232,0
1233,0
1234,0
1235,0
1236,Off
1237,390.45
1238,0.94
1239,19.09
1240,OK
1241,0.94
1242,975
1243,13.50
1244,14.43
1245,1080
1246,Off
1247,0
1248,-0.17
1249,-0.13
1250,-0.15
1251,0.02
1252,On
1253,Off
1254,Off
1255,0
1256,0
1257,0
1258,0
1259,0
1260,0
1261,0
1262,0
1263,0
1264,0
1265,0
1266,0
1267,0
1268,0
1269,0
1270,0
1271,0
1272,0
1273,0
1274,0
1275,0
1276,0
1277,0
1278,0
1279,0
1280,0
1281,0
1282,0
1283,0
1284,0
1285,0
1286,0
1287,0
1288,0
1289,0
1290,0
1291,0
1292,0
1293,0
1294,0
1295,0
1296,0
1297,0
1298,0
1299,0
1300,0
1301,Off
1302,390.45
1303,0.94
1304,19.09
1305,OK
1306,0.94
1307,975
1308,13.50
1309,14.43
1310,1080
1311,Off
1312,0
1313,-0.17
1314,-0.13
1315,-0.15
1316,0.02
1317,On
1318,Off
1319,Off
1320,Off
1321,0
1322,0
1323,0
1324,0
1325,0
1326,0
1327,0
1328,0
1329,0
1330,0
1331,0
1332,0
1333,0
1334,0
1335,0
1336,0
1337,0
1338,0
1339,0
1340,0
1341,0
1342,0
1343,0
1344,0
1345,0
1346,0
1347,0
1348,0
1349,0
1350,0
1351,0
1352,0
1353,0
1354,0
1355,0
1356,0
1357,0
1358,0
1359,0
1360,0
1361,0
1362,0
1363,0
1364,0
1365,0
1366,Off
1367,390.45
1368,0.94
1369,19.09
1370,OK
1371,0.94
1372,975
1373,13.50
1374,14.43
1375,1080
1376,Off
1377,0
1378,-0.17
1379,-0.13
1380,-0.15
1381,0.02
1382,On
1383,Off
1384,Off
1385,Off
1386,Off
1387,0
1388,0
1389,0
1390,0
1391,0
1392,0
1393,0
1394,0
1395,0
1396,0
1397,0
1398,0
1399,0
1400,0
1401,0
1402,0
1403,0
1404,0
1405,0
1406,0
1407,0
1408,0
1409,0
1410,0
1411,0
1412,0
1413,0
1414,0
1415,0
1416,0
1417,0
1418,0
1419,0
1420,0
1421,0
1422,0
1423,0
1424,0
1425,0
1426,0
1427,0
1428,0
1429,0
1430,0
1431,Off
1432,390.45
1433,0.94
1434,19.09
1435,OK
1436,0.94
1437,975
1438,13.50
1439,14.43
1440,1080
1441,Off
1442,0
1443,-0.17
1444,-0.13
1445,-0.15
1446,0.02
1447,On
1448,Off
1449,Off
1450,Off
1451,Off
1452,87.75
1453,0
1454,0
1455,0
1456,0
1457,0
1458,0
1459,0
1460,0
1461,0
1462,0
1463,0
1464,0
1465,0
1466,0
1467,0
1468,0
1469,0
1470,0
1471,0
1472,0
1473,0
1474,0
1475,0
1476,0
1477,0
1478,0
1479,0
1480,0
1481,0
1482,0
1483,0
1484,0
1485,0
1486,0
1487,0
1488,0
1489,0
1490,0
1491,0
1492,0
1493,0
1494,0
1495,0
1496,Off
1497,390.45
1498,0.94
1499,19.09
1500,OK
1501,0.94
1502,975
1503,13.50
1504,14.43
1505,1080
1506,Off
1507,0
1508,-0.17
1509,-0.13
1510,-0.15
1511,0.02
1512,On
1513,Off
1514,Off
1515,Off
1516,Off
1517,87.75
1518,7.84
1519,0
1520,0
1521,0
1522,0
1523,0
1524,0
1525,0
1526,0
1527,0
1528,0
1529,0
1530,0
1531,0
1532,0
1533,0
1534,0
1535,0
1536,0
1537,0
1538,0
1539,0
1540,0
1541,0
1542,0
1543,0
1544,0
1545,0
1546,0
1547,0
1548,0
1549,0
1550,0
1551,0
1552,0
1553,0
1554,0
1555,0
1556,0
1557,0
1558,0
1559,0
1560,0
1561,Off
1562,390.45
1563,0.94
1564,19.09
1565,OK
1566,0.94
1567,975
1568,13.50
1569,14.43
1570,1080
1571,Off
1572,0
1573,-0.17
1574,-0.13
1575,-0.15
1576,0.02
1577,On
1578,Off
1579,Off
1580,Off
1581,Off
1582,87.75
1583,7.84
1584,2.58
1585,0
1586,0
1587,0
1588,0
1589,0
1590,0
1591,0
1592,0
1593,0
1594,0
1595,0
1596,0
1597,0
1598,0
1599,0
1600,0
1601,0
1602,0
1603,0
1604,0
1605,0
1606,0
1607,0
1608,0
1609,0
1610,0
1611,0
1612,0
1613,0
1614,0
1615,0
1616,0
1617,0
1618,0
1619,0
1620,0
1621,0
1622,0
1623,0
1624,0
1625,0
1626,Off
1627,390.45
1628,0.94
1629,19.09
1630,OK
1631,0.94
1632,975
1633,13.50
1634,14.43
1635,1080
1636,Off
1637,0
1638,-0.17
1639,-0.13
1640,-0.15
1641,0.02
1642,On
1643,Off
1644,Off
1645,Off
1646,Off
1647,87.75
1648,7.84
1649,2.58
1650,1.61
1651,0
1652,0
1653,0
1654,0
1655,0
1656,0
1657,0
1658,0
1659,0
1660,0
1661,0
1662,0
1663,0
1664,0
1665,0
1666,0
1667,0
1668,0
1669,0
1670,0
1671,0
1672,0
1673,0
1674,0
1675,0
1676,0
1677,0
1678,0
1679,0
1680,0
1681,0
1682,0
1683,0
1684,0
1685,0
1686,0
1687,0
1688,0
1689,0
1690,0
1691,Off
1692,390.45
1693,0.94
1694,19.09
1695,OK
1696,0.94
1697,975
1698,13.50
1699,14.43
1700,1080
1701,Off
1702,0
1703,-0.17
1704,-0.13
1705,-0.15
1706,0.02
1707,On
1708,Off
1709,Off
1710,Off
1711,Off
1712,87.75
1713,7.84
1714,2.58
1715,1.61
1716,7.84
1717,0
1718,0
1719,0
1720,0
1721,0
1722,0
1723,0
1724,0
1725,0
1726,0
1727,0
1728,0
1729,0
1730,0
1731,0
1732,0
1733,0
1734,0
1735,0
1736,0
1737,0
1738,0
1739,0
1740,0
1741,0
1742,0
1743,0
1744,0
1745,0
1746,0
1747,0
1748,0
1749,0
1750,0
1751,0
1752,0
1753,0
1754,0
1755,0
1756,Off
1757,390.45
1758,0.94
1759,19.09
1760,OK
1761,0.94
1762,975
1763,13.50
1764,14.43
1765,1080
1766,Off
1767,0
1768,-0.17
1769,-0.13
1770,-0.15
1771,0.02
1772,On
1773,Off
1774,Off
1775,Off
1776,Off
1777,87.75
1778,7.84
1779,2.58
1780,1.61
1781,7.84
1782,396.39
1783,0
1784,0
1785,0
1786,0
1787,0
1788,0
1789,0
1790,0
1791,0
1792,0
1793,0
1794,0
1795,0
1796,0
1797,0
1798,0
1799,0
1800,0
1801,0
1802,0
1803,0
1804,0
1805,0
1806,0
1807,0
1808,0
1809,0
1810,0
1811,0
1812,0
1813,0
1814,0
1815,0
1816,0
1817,0
1818,0
1819,0
1820,0
1821,Off
1822,390.45
1823,0.94
1824,19.09
1825,OK
1826,0.94
1827,975
1828,13.50
1829,14.43
1830,1080
1831,Off
1832,0
1833,-0.17
1834,-0.13
1835,-0.15
1836,0.02
1837,On
1838,Off
1839,Off
1840,Off
1841,Off
1842,87.75
1843,7.84
1844,2.58
1845,1.61
1846,7.84
1847,396.39
1848,400
1849,0
1850,0
1851,0
1852,0
1853,0
1854,0
1855,0
1856,0
1857,0
1858,0
1859,0
1860,0
1861,0
1862,0
1863,0
1864,0
1865,0
1866,0
1867,0
1868,0
1869,0
1870,0
1871,0
1872,0
1873,0
1874,0
1875,0
1876,0
1877,0
1878,0
1879,0
1880,0
1881,0
1882,0
1883,0
1884,0
1885,0
1886,Off
1887,390.45
1888,0.94
1889,19.09
1890,OK
1891,0.94
1892,975
1893,13.50
1894,14.43
1895,1080
1896,Off
1897,0
1898,-0.17
1899,-0.13
1900,-0.15
1901,0.02
1902,On
1903,Off
1904,Off
1905,Off
1906,Off
1907,87.75
1908,7.84
1909,2.58
1910,1.61
1911,7.84
1912,396.39
1913,400
1914,On
1915,0
1916,0
1917,0
1918,0
1919,0
1920,0
1921,0
1922,0
1923,0
1924,0
1925,0
1926,0
1927,0
1928,0
1929,0
1930,0
1931,0
1932,0
1933,0
1934,0
1935,0
1936,0
1937,0
1938,0
1939,0
1940,0
1941,0
1942,0
1943,0
1944,0
1945,0
1946,0
1947,0
1948,0
1949,0
1950,0
1951,Off
1952,390.45
1953,0.94
1954,19.09
1955,OK
1956,0.94
1957,975
1958,13.50
1959,14.43
1960,1080
1961,Off
1962,0
1963,-0.17
1964,-0.13
1965,-0.15
1966,0.02
1967,On
1968,Off
1969,Off
1970,Off
1971,Off
1972,87.75
1973,7.84
1974,2.58
1975,1.61
1976,7.84
1977,396.39
1978,400
1979,On
1980,50.46
1981,0
1982,0
1983,0
1984,0
1985,0
1986,0
1987,0
1988,0
1989,0
1990,0
1991,0
1992,0
1993,0
1994,0
1995,0
1996,0
1997,0
1998,0
1999,0
2000,0
2001,0
2002,0
2003,0
2004,0
2005,0
2006,0
2007,0
2008,0
2009,0
2010,0
2011,0
2012,0
2013,0
2014,0
2015,0
2016,Off
2017,390.45
2018,0.94
2019,19.09
2020,OK
2021,0.94
2022,975
2023,13.50
2024,14.43
2025,1080
2026,Off
2027,0
2028,-0.17
2029,-0.13
2030,-0.15
2031,0.02
2032,On
2033,Off
2034,Off
2035,Off
2036,Off
2037,87.75
2038,7.84
2039,2.58
2040,1.61
2041,7.84
2042,396.39
2043,400
2044,On
2045,50.46
2046,43
2047,0
2048,0
2049,0
2050,0
2051,0
2052,0
2053,0
2054,0
2055,0
2056,0
2057,0
2058,0
2059,0
2060,0
2061,0
2062,0
2063,0
2064,0
2065,0
2066,0
2067,0
2068,0
2069,0
2070,0
2071,0
2072,0
2073,0
2074,0
2075,0
2076,0
2077,0
2078,0
2079,0
2080,0
2081,Off
2082,390.45
2083,0.94
2084,19.09
2085,OK
2086,0.94
2087,975
2088,13.50
2089,14.43
2090,1080
2091,Off
2092,0
2093,-0.17
2094,-0.13
2095,-0.15
2096,0.02
2097,On
2098,Off
2099,Off
2100,Off
2101,Off
2102,87.75
2103,7.84
2104,2.58
2105,1.61
2106,7.84
2107,396.39
2108,400
2109,On
2110,50.46
2111,43
2112,-1280
2113,0
2114,0
2115,0
2116,0
2117,0
2118,0
2119,0
2120,0
2121,0
2122,0
2123,0
2124,0
2125,0
2126,0
2127,0
2128,0
2129,0
2130,0
2131,0
2132,0
2133,0
2134,0
2135,0
2136,0
2137,0
2138,0
2139,0
2140,0
2141,0
2142,0
2143,0
2144,0
2145,0
2146,Off
2147,390.45
2148,0.94
2149,19.09
2150,OK
2151,0.94
2152,975
2153,13.50
2154,14.43
2155,1080
2156,Off
2157,0
2158,-0.17
2159,-0.13
2160,-0.15
2161,0.02
2162,On
2163,Off
2164,Off
2165,Off
2166,Off
2167,87.75
2168,7.84
2169,2.58
2170,1.61
2171,7.84
2172,396.39
2173,400
2174,On
2175,50.46
2176,43
2177,-1280
2178,24.00
2179,0
2180,0
2181,0
2182,0
2183,0
2184,0
2185,0
2186,0
2187,0
2188,0
2189,0
2190,0
2191,0
2192,0
2193,0
2194,0
2195,0
2196,0
2197,0
2198,0
2199,0
2200,0
2201,0
2202,0
2203,0
2204,0
2205,0
2206,0
2207,0
2208,0
2209,0
2210,0
2211,Off
2212,390.45
2213,0.94
2214,19.09
2215,OK
2216,0.94
2217,975
2218,13.50
2219,14.43
2220,1080
2221,Off
2222,0
2223,-0.17
2224,-0.13
2225,-0.15
2226,0.02
2227,On
2228,Off
2229,Off
2230,Off
2231,Off
2232,87.75
2233,7.84
2234,2.58
2235,1.61
2236,7.84
2237,396.39
2238,400
2239,On
2240,50.46
2241,43
2242,-1280
2243,24.00
2244,10.41
2245,0
2246,0
2247,0
2248,0
2249,0
2250,0
2251,0
2252,0
2253,0
2254,0
2255,0
2256,0
2257,0
2258,0
2259,0
2260,0
2261,0
2262,0
2263,0
2264,0
2265,0
2266,0
2267,0
2268,0
2269,0
2270,0
2271,0
2272,0
2273,0
2274,0
2275,0
2276,Off
2277,390.45
2278,0.94
2279,19.09
2280,OK
2281,0.94
2282,975
2283,13.50
2284,14.43
2285,1080
2286,Off
2287,0
2288,-0.17
2289,-0.13
2290,-0.15
2291,0.02
2292,On
2293,Off
2294,Off
2295,Off
2296,Off
2297,87.75
2298,7.84
2299,2.58
2300,1.61
2301,7.84
2302,396.39
2303,400
2304,On
2305,50.46
2306,43
2307,-1280
2308,24.00
2309,10.41
2310,-1.30
2311,0
2312,0
2313,0
2314,0
2315,0
2316,0
2317,0
2318,0
2319,0
2320,0
2321,0
2322,0
2323,0
2324,0
2325,0
2326,0
2327,0
2328,0
2329,0
2330,0
2331,0
2332,0
2333,0
2334,0
2335,0
2336,0
2337,0
2338,0
2339,0
2340,0
2341,Off
2342,390.45
2343,0.94
2344,19.09
2345,OK
2346,0.94
2347,975
2348,13.50
2349,14.43
2350,1080
2351,Off
2352,0
2353,-0.17
2354,-0.13
2355,-0.15
2356,0.02
2357,On
2358,Off
2359,Off
2360,Off
2361,Off
2362,87.75
2363,7.84
2364,2.58
2365,1.61
2366,7.84
2367,396.39
2368,400
2369,On
2370,50.46
2371,43
2372,-1280
2373,24.00
2374,10.41
2375,-1.30
2376,43.92
2377,0
2378,0
2379,0
2380,0
2381,0
2382,0
2383,0
2384,0
2385,0
2386,0
2387,0
2388,0
2389,0
2390,0
2391,0
2392,0
2393,0
2394,0
2395,0
2396,0
2397,0
2398,0
2399,0
2400,0
2401,0
2402,0
2403,0
2404,0
2405,0
2406,Off
2407,390.45
2408,0.94
2409,19.09
2410,OK
2411,0.94
2412,975
2413,13.50
2414,14.43
2415,1080
2416,Off
2417,0
2418,-0.17
2419,-0.13
2420,-0.15
2421,0.02
2422,On
2423,Off
2424,Off
2425,Off
2426,Off
2427,87.75
2428,7.84
2429,2.58
2430,1.61
2431,7.84
2432,396.39
2433,400
2434,On
2435,50.46
2436,43
2437,-1280
2438,24.00
2439,10.41
2440,-1.30
2441,43.92
2442,18.00
2443,0
2444,0
2445,0
2446,0
2447,0
2448,0
2449,0
2450,0
2451,0
2452,0
2453,0
2454,0
2455,0
2456,0
2457,0
2458,0
2459,0
2460,0
2461,0
2462,0
2463,0
2464,0
2465,0
2466,0
2467,0
2468,0
2469,0
2470,0
2471,Off
2472,390.45
2473,0.94
2474,19.09
2475,OK
2476,0.94
2477,975
2478,13.50
2479,14.43
2480,1080
2481,Off
2482,0
2483,-0.17
2484,-0.13
2485,-0.15
2486,0.02
2487,On
2488,Off
2489,Off
2490,Off
2491,Off
2492,87.75
2493,7.84
2494,2.58
2495,1.61
2496,7.84
2497,396.39
2498,400
2499,On
2500,50.46
2501,43
2502,-1280
2503,24.00
2504,10.41
2505,-1.30
2506,43.92
2507,18.00
2508,C/L
2509,0
2510,0
2511,0
2512,0
2513,0
2514,0
2515,0
2516,0
2517,0
2518,0
2519,0
2520,0
2521,0
2522,0
2523,0
2524,0
2525,0
2526,0
2527,0
2528,0
2529,0
2530,0
2531,0
2532,0
2533,0
2534,0
2535,0
2536,Off
2537,390.45
2538,0.94
2539,19.09
2540,OK
2541,0.94
2542,975
2543,13.50
2544,14.43
2545,1080
2546,Off
2547,0
2548,-0.17
2549,-0.13
2550,-0.15
2551,0.02
2552,On
2553,Off
2554,Off
2555,Off
2556,Off
2557,87.75
2558,7.84
2559,2.58
2560,1.61
2561,7.84
2562,396.39
2563,400
2564,On
2565,50.46
2566,43
2567,-1280
2568,24.00
2569,10.41
2570,-1.30
2571,43.92
2572,18.00
2573,C/L
2574,0
2575,0
2576,0
2577,0
2578,0
2579,0
2580,0
2581,0
2582,0
2583,0
2584,0
2585,0
2586,0
2587,0
2588,0
2589,0
2590,0
2591,0
2592,0
2593,0
2594,0
2595,0
2596,0
2597,0
2598,0
2599,0
2600,0
2601,Off
2602,390.45
2603,0.94
2604,19.09
2605,OK
2606,0.94
2607,975
2608,13.50
2609,14.43
2610,1080
2611,Off
2612,0
2613,-0.17
2614,-0.13
2615,-0.15
2616,0.02
2617,On
2618,Off
2619,Off
2620,Off
2621,Off
2622,87.75
2623,7.84
2624,2.58
2625,1.61
2626,7.84
2627,396.39
2628,400
2629,On
2630,50.46
2631,43
2632,-1280
2633,24.00
2634,10.41
2635,-1.30
2636,43.92
2637,18.00
2638,C/L
2639,0
2640,1.04
2641,0
2642,0
2643,0
2644,0
2645,0
2646,0
2647,0
2648,0
2649,0
2650,0
2651,0
2652,0
2653,0
2654,0
2655,0
2656,0
2657,0
2658,0
2659,0
2660,0
2661,0
2662,0
2663,0
2664,0
2665,0
2666,Off
2667,390.45
2668,0.94
2669,19.09
2670,OK
2671,0.94
2672,975
2673,13.50
2674,14.43
2675,1080
2676,Off
2677,0
2678,-0.17
2679,-0.13
2680,-0.15
2681,0.02
2682,On
2683,Off
2684,Off
2685,Off
2686,Off
2687,87.75
2688,7.84
2689,2.58
2690,1.61
2691,7.84
2692,396.39
2693,400
2694,On
2695,50.46
2696,43
2697,-1280
2698,24.00
2699,10.41
2700,-1.30
2701,43.92
2702,18.00
2703,C/L
2704,0
2705,1.04
2706,1.00
2707,0
2708,0
2709,0
2710,0
2711,0
2712,0
2713,0
2714,0
2715,0
2716,0
2717,0
2718,0
2719,0
2720,0
2721,0
2722,0
2723,0
2724,0
2725,0
2726,0
2727,0
2728,0
2729,0
2730,0
2731,Off
2732,390.45
2733,0.94
2734,19.09
2735,OK
2736,0.94
2737,975
2738,13.50
2739,14.43
2740,1080
2741,Off
2742,0
2743,-0.17
2744,-0.13
2745,-0.15
2746,0.02
2747,On
2748,Off
2749,Off
2750,Off
2751,Off
2752,87.75
2753,7.84
2754,2.58
2755,1.61
2756,7.84
2757,396.39
2758,400
2759,On
2760,50.46
2761,43
2762,-1280
2763,24.00
2764,10.41
2765,-1.30
2766,43.92
2767,18.00
2768,C/L
2769,0
2770,1.04
2771,1.00
2772,88.30
2773,0
2774,0
2775,0
2776,0
2777,0
2778,0
2779,0
2780,0
2781,0
2782,0
2783,0
2784,0
2785,0
2786,0
2787,0
2788,0
2789,0
2790,0
2791,0
2792,0
2793,0
2794,0
2795,0
2796,Off
2797,390.45
2798,0.94
2799,19.09
2800,OK
2801,0.94
2802,975
2803,13.50
2804,14.43
2805,1080
2806,Off
2807,0
2808,-0.17
2809,-0.13
2810,-0.15
2811,0.02
2812,On
2813,Off
2814,Off
2815,Off
2816,Off
2817,87.75
2818,7.84
2819,2.58
2820,1.61
2821,7.84
2822,396.39
2823,400
2824,On
2825,50.46
2826,43
2827,-1280
2828,24.00
2829,10.41
2830,-1.30
2831,43.92
2832,18.00
2833,C/L
2834,0
2835,1.04
2836,1.00
2837,88.30
2838,0
2839,0
2840,0
2841,0
2842,0
2843,0
2844,0
2845,0
2846,0
2847,0
2848,0
2849,0
2850,0
2851,0
2852,0
2853,0
2854,0
2855,0
2856,0
2857,0
2858,0
2859,0
2860,0
2861,Off
2862,390.45
2863,0.94
2864,19.09
2865,OK
2866,0.94
2867,975
2868,13.50
2869,14.43
2870,1080
2871,Off
2872,0
2873,-0.17
2874,-0.13
2875,-0.15
2876,0.02
2877,On
2878,Off
2879,Off
2880,Off
2881,Off
2882,87.75
2883,7.84
2884,2.58
2885,1.61
2886,7.84
2887,396.39
2888,400
2889,On
2890,50.46
2891,43
2892,-1280
2893,24.00
2894,10.41
2895,-1.30
2896,43.92
2897,18.00
2898,C/L
2899,0
2900,1.04
2901,1.00
2902,88.30
2903,0
2904,0
2905,0
2906,0
2907,0
2908,0
2909,0
2910,0
2911,0
2912,0
2913,0
2914,0
2915,0
2916,0
2917,0
2918,0
2919,0
2920,0
2921,0
2922,0
2923,0
2924,0
2925,0
2926,Off
2927,390.45
2928,0.94
2929,19.09
2930,OK
2931,0.94
2932,975
2933,13.50
2934,14.43
2935,1080
2936,Off
2937,0
2938,-0.17
2939,-0.13
2940,-0.15
2941,0.02
2942,On
2943,Off
2944,Off
2945,Off
2946,Off
2947,87.75
2948,7.84
2949,2.58
2950,1.61
2951,7.84
2952,396.39
2953,400
2954,On
2955,50.46
2956,43
2957,-1280
2958,24.00
2959,10.41
2960,-1.30
2961,43.92
2962,18.00
2963,C/L
2964,0
2965,1.04
2966,1.00
2967,88.30
2968,0
2969,0
2970,0
2971,0
2972,0
2973,0
2974,0
2975,0
2976,0
2977,0
2978,0
2979,0
2980,0
2981,0
2982,0
2983,0
2984,0
2985,0
2986,0
2987,0
2988,0
2989,0
2990,0
2991,Off
2992,390.45
2993,0.94
2994,19.09
2995,OK
2996,0.94
2997,975
2998,13.50
2999,14.43
3000,1080
3001,Off
3002,0
3003,-0.17
3004,-0.13
3005,-0.15
3006,0.02
3007,On
3008,Off
3009,Off
3010,Off
3011,Off
3012,87.75
3013,7.84
3014,2.58
3015,1.61
3016,7.84
3017,396.39
3018,400
3019,On
3020,50.46
3021,43
3022,-1280
3023,24.00
3024,10.41
3025,-1.30
3026,43.92
3027,18.00
3028,C/L
3029,0
3030,1.04
3031,1.00
3032,88.30
3033,0
3034,0
3035,0
3036,0
3037,0
3038,0
3039,0
3040,0
3041,0
3042,0
3043,0
3044,0
3045,0
3046,0
3047,0
3048,0
3049,0
3050,0
3051,0
3052,0
3053,0
3054,0
3055,0
3056,Off
3057,390.45
3058,0.94
3059,19.09
3060,OK
3061,0.94
3062,975
3063,13.50
3064,14.43
3065,1080
3066,Off
3067,0
3068,-0.17
3069,-0.13
3070,-0.15
3071,0.02
3072,On
3073,Off
3074,Off
3075,Off
3076,Off
3077,87.75
3078,7.84
3079,2.58
3080,1.61
3081,7.84
3082,396.39
3083,400
3084,On
3085,50.46
3086,43
3087,-1280
3088,24.00
3089,10.41
3090,-1.30
3091,43.92
3092,18.00
3093,C/L
3094,0
3095,1.04
3096,1.00
3097,88.30
3098,0
3099,0
3100,0
3101,0
3102,0
3103,0
3104,0
3105,0
3106,0
3107,0
3108,0
3109,0
3110,0
3111,0
3112,0
3113,0
3114,0
3115,0
3116,0
3117,0
3118,0
3119,0
3120,0
3121,Off
3122,390.45
3123,0.94
3124,19.09
3125,OK
3126,0.94
3127,975
3128,13.50
3129,14.43
3130,1080
3131,Off
3132,0
3133,-0.17
3134,-0.13
3135,-0.15
3136,0.02
3137,On
3138,Off
3139,Off
3140,Off
3141,Off
3142,87.75
3143,7.84
3144,2.58
3145,1.61
3146,7.84
3147,396.39
3148,400
3149,On
3150,50.46
3151,43
3152,-1280
3153,24.00
3154,10.41
3155,-1.30
3156,43.92
3157,18.00
3158,C/L
3159,0
3160,1.04
3161,1.00
3162,88.30
3163,0
3164,0
3165,0
3166,0
3167,0
3168,0
3169,0
3170,0
3171,0
3172,0
3173,0
3174,0
3175,0
3176,0
3177,0
3178,0
3179,0
3180,0
3181,0
3182,0
3183,0
3184,0
3185,0
3186,Off
3187,390.45
3188,0.94
3189,19.09
3190,OK
3191,0.94
3192,975
3193,13.50
3194,14.43
3195,1080
3196,Off
3197,0
3198,-0.17
3199,-0.13
3200,-0.15
3201,0.02
3202,On
3203,Off
3204,Off
3205,Off
3206,Off
3207,87.75
3208,7.84
3209,2.58
3210,1.61
3211,7.84
3212,396.39
3213,400
3214,On
3215,50.46
3216,43
3217,-1280
3218,24.00
3219,10.41
3220,-1.30
3221,43.92
3222,18.00
3223,C/L
3224,0
3225,1.04
3226,1.00
3227,88.30
3228,0
3229,0
3230,0
3231,0
3232,0
3233,0
3234,0
3235,0
3236,0
3237,0
3238,0
3239,0
3240,0
3241,0
3242,0
3243,0
3244,0
3245,0
3246,0
3247,0
3248,0
3249,0
3250,0
3251,Off
3252,390.45
3253,0.94
3254,19.09
3255,OK
3256,0.94
3257,975
3258,13.50
3259,14.43
3260,1080
3261,Off
3262,0
3263,-0.17
3264,-0.13
3265,-0.15
3266,0.02
3267,On
3268,Off
3269,Off
3270,Off
3271,Off
3272,87.75
3273,7.84
3274,2.58
3275,1.61
3276,7.84
3277,396.39
3278,400
3279,On
3280,50.46
3281,43
3282,-1280
3283,24.00
3284,10.41
3285,-1.30
3286,43.92
3287,18.00
3288,C/L
3289,0
3290,1.04
3291,1.00
3292,88.30
3293,0
3294,0
3295,0
3296,0
3297,0
3298,0
3299,0
3300,3.50
3301,0
3302,0
3303,0
3304,0
3305,0
3306,0
3307,0
3308,0
3309,0
3310,0
3311,0
3312,0
3313,0
3314,0
3315,0
3316,Off
3317,390.45
3318,0.94
3319,19.09
3320,OK
3321,0.94
3322,975
3323,13.50
3324,14.43
3325,1080
3326,Off
3327,0
3328,-0.17
3329,-0.13
3330,-0.15
3331,0.02
3332,On
3333,Off
3334,Off
3335,Off
3336,Off
3337,87.75
3338,7.84
3339,2.58
3340,1.61
3341,7.84
3342,396.39
3343,400
3344,On
3345,50.46
3346,43
3347,-1280
3348,24.00
3349,10.41
3350,-1.30
3351,43.92
3352,18.00
3353,C/L
3354,0
3355,1.04
3356,1.00
3357,88.30
3358,0
3359,0
3360,0
3361,0
3362,0
3363,0
3364,0
3365,3.50
3366,16.02
3367,0
3368,0
3369,0
3370,0
3371,0
3372,0
3373,0
3374,0
3375,0
3376,0
3377,0
3378,0
3379,0
3380,0
3381,Off
3382,390.45
3383,0.94
3384,19.09
3385,OK
3386,0.94
3387,975
3388,13.50
3389,14.43
3390,1080
3391,Off
3392,0
3393,-0.17
3394,-0.13
3395,-0.15
3396,0.02
3397,On
3398,Off
3399,Off
3400,Off
3401,Off
3402,87.75
3403,7.84
3404,2.58
3405,1.61
3406,7.84
3407,396.39
3408,400
3409,On
3410,50.46
3411,43
3412,-1280
3413,24.00
3414,10.41
3415,-1.30
3416,43.92
3417,18.00
3418,C/L
3419,0
3420,1.04
3421,1.00
3422,88.30
3423,0
3424,0
3425,0
3426,0
3427,0
3428,0
3429,0
3430,3.50
3431,16.02
3432,79.68
3433,0
3434,0
3435,0
3436,0
3437,0
3438,0
3439,0
3440,0
3441,0
3442,0
3443,0
3444,0
3445,0
3446,Off
3447,390.45
3448,0.94
3449,19.09
3450,OK
3451,0.94
3452,975
3453,13.50
3454,14.43
3455,1080
3456,Off
3457,0
3458,-0.17
3459,-0.13
3460,-0.15
3461,0.02
3462,On
3463,Off
3464,Off
3465,Off
3466,Off
3467,87.75
3468,7.84
3469,2.58
3470,1.61
3471,7.84
3472,396.39
3473,400
3474,On
3475,50.46
3476,43
3477,-1280
3478,24.00
3479,10.41
3480,-1.30
3481,43.92
3482,18.00
3483,C/L
3484,0
3485,1.04
3486,1.00
3487,88.30
3488,0
3489,0
3490,0
3491,0
3492,0
3493,0
3494,0
3495,3.50
3496,16.02
3497,79.68
3498,Off
3499,0
3500,0
3501,0
3502,0
3503,0
3504,0
3505,0
3506,0
3507,0
3508,0
3509,0
3510,0
3511,Off
3512,390.45
3513,0.94
3514,19.09
3515,OK
3516,0.94
3517,975
3518,13.50
3519,14.43
3520,1080
3521,Off
3522,0
3523,-0.17
3524,-0.13
3525,-0.15
3526,0.02
3527,On
3528,Off
3529,Off
3530,Off
3531,Off
3532,87.75
3533,7.84
3534,2.58
3535,1.61
3536,7.84
3537,396.39
3538,400
3539,On
3540,50.46
3541,43
3542,-1280
3543,24.00
3544,10.41
3545,-1.30
3546,43.92
3547,18.00
3548,C/L
3549,0
3550,1.04
3551,1.00
3552,88.30
3553,0
3554,0
3555,0
3556,0
3557,0
3558,0
3559,0
3560,3.50
3561,16.02
3562,79.68
3563,Off
3564,1.02
3565,0
3566,0
3567,0
3568,0
3569,0
3570,0
3571,0
3572,0
3573,0
3574,0
3575,0
3576,Off
3577,390.45
3578,0.94
3579,19.09
3580,OK
3581,0.94
3582,975
3583,13.50
3584,14.43
3585,1080
3586,Off
3587,0
3588,-0.17
3589,-0.13
3590,-0.15
3591,0.02
3592,On
3593,Off
3594,Off
3595,Off
3596,Off
3597,87.75
3598,7.84
3599,2.58
3600,1.61
3601,7.84
3602,396.39
3603,400
3604,On
3605,50.46
3606,43
3607,-1280
3608,24.00
3609,10.41
3610,-1.30
3611,43.92
3612,18.00
3613,C/L
3614,0
3615,1.04
3616,1.00
3617,88.30
3618,0
3619,0
3620,0
3621,0
3622,0
3623,0
3624,0
3625,3.50
3626,16.02
3627,79.68
3628,Off
3629,1.02
3630,0.74
3631,0
3632,0
3633,0
3634,0
3635,0
3636,0
3637,0
3638,0
3639,0
3640,0
3641,Off
3642,390.45
3643,0.94
3644,19.09
3645,OK
3646,0.94
3647,975
3648,13.50
3649,14.43
3650,1080
3651,Off
3652,0
3653,-0.17
3654,-0.13
3655,-0.15
3656,0.02
3657,On
3658,Off
3659,Off
3660,Off
3661,Off
3662,87.75
3663,7.84
3664,2.58
3665,1.61
3666,7.84
3667,396.39
3668,400
3669,On
3670,50.46
3671,43
3672,-1280
3673,24.00
3674,10.41
3675,-1.30
3676,43.92
3677,18.00
3678,C/L
3679,0
3680,1.04
3681,1.00
3682,88.30
3683,0
3684,0
3685,0
3686,0
3687,0
3688,0
3689,0
3690,3.50
3691,16.02
3692,79.68
3693,Off
3694,1.02
3695,0.74
3696,99.60
3697,0
3698,0
3699,0
3700,0
3701,0
3702,0
3703,0
3704,0
3705,0
3706,Off
3707,390.45
3708,0.94
3709,19.09
3710,OK
3711,0.94
3712,975
3713,13.50
3714,14.43
3715,1080
3716,Off
3717,0
3718,-0.17
3719,-0.13
3720,-0.15
3721,0.02
3722,On
3723,Off
3724,Off
3725,Off
3726,Off
3727,87.75
3728,7.84
3729,2.58
3730,1.61
3731,7.84
3732,396.39
3733,400
3734,On
3735,50.46
3736,43
3737,-1280
3738,24.00
3739,10.41
3740,-1.30
3741,43.92
3742,18.00
3743,C/L
3744,0
3745,1.04
3746,1.00
3747,88.30
3748,0
3749,0
3750,0
3751,0
3752,0
3753,0
3754,0
3755,3.50
3756,16.02
3757,79.68
3758,Off
3759,1.02
3760,0.74
3761,99.60
3762,3.51
3763,0
3764,0
3765,0
3766,0
3767,0
3768,0
3769,0
3770,0
3771,Off
3772,390.45
3773,0.94
3774,19.09
3775,OK
3776,0.94
3777,975
3778,13.50
3779,14.43
3780,1080
3781,Off
3782,0
3783,-0.17
3784,-0.13
3785,-0.15
3786,0.02
3787,On
3788,Off
3789,Off
3790,Off
3791,Off
3792,87.75
3793,7.84
3794,2.58
3795,1.61
3796,7.84
3797,396.39
3798,400
3799,On
3800,50.46
3801,43
3802,-1280
3803,24.00
3804,10.41
3805,-1.30
3806,43.92
3807,18.00
3808,C/L
3809,0
3810,1.04
3811,1.00
3812,88.30
3813,0
3814,0
3815,0
3816,0
3817,0
3818,0
3819,0
3820,3.50
3821,16.02
3822,79.68
3823,Off
3824,1.02
3825,0.74
3826,99.60
3827,3.51
3828,1.01
3829,0
3830,0
3831,0
3832,0
3833,0
3834,0
3835,0
3836,Off
3837,390.45
3838,0.94
3839,19.09
3840,OK
3841,0.94
3842,975
3843,13.50
3844,14.43
3845,1080
3846,Off
3847,0
3848,-0.17
3849,-0.13
3850,-0.15
3851,0.02
3852,On
3853,Off
3854,Off
3855,Off
3856,Off
3857,87.75
3858,7.84
3859,2.58
3860,1.61
3861,7.84
3862,396.39
3863,400
3864,On
3865,50.46
3866,43
3867,-1280
3868,24.00
3869,10.41
3870,-1.30
3871,43.92
3872,18.00
3873,C/L
3874,0
3875,1.04
3876,1.00
3877,88.30
3878,0
3879,0
3880,0
3881,0
3882,0
3883,0
3884,0
3885,3.50
3886,16.02
3887,79.68
3888,Off
3889,1.02
3890,0.74
3891,99.60
3892,3.51
3893,1.01
3894,24.31
3895,0
3896,0
3897,0
3898,0
3899,0
3900,0
3901,Off
3902,390.45
3903,0.94
3904,19.09
3905,OK
3906,0.94
3907,975
3908,13.50
3909,14.43
3910,1080
3911,Off
3912,0
3913,-0.17
3914,-0.13
3915,-0.15
3916,0.02
3917,On
3918,Off
3919,Off
3920,Off
3921,Off
3922,87.75
3923,7.84
3924,2.58
3925,1.61
3926,7.84
3927,396.39
3928,400
3929,On
3930,50.46
3931,43
3932,-1280
3933,24.00
3934,10.41
3935,-1.30
3936,43.92
3937,18.00
3938,C/L
3939,0
3940,1.04
3941,1.00
3942,88.30
3943,0
3944,0
3945,0
3946,0
3947,0
3948,0
3949,0
3950,3.50
3951,16.02
3952,79.68
3953,Off
3954,1.02
3955,0.74
3956,99.60
3957,3.51
3958,1.01
3959,24.31
3960,1.55
3961,0
3962,0
3963,0
3964,0
3965,0
3966,Off
3967,390.45
3968,0.94
3969,19.09
3970,OK
3971,0.94
3972,975
3973,13.50
3974,14.43
3975,1080
3976,Off
3977,0
3978,-0.17
3979,-0.13
3980,-0.15
3981,0.02
3982,On
3983,Off
3984,Off
3985,Off
3986,Off
3987,87.75
3988,7.84
3989,2.58
3990,1.61
3991,7.84
3992,396.39
3993,400
3994,On
3995,50.46
3996,43
3997,-1280
3998,24.00
3999,10.41
4000,-1.30
4001,43.92
4002,18.00
4003,C/L
4004,0
4005,1.04
4006,1.00
4007,88.30
4008,0
4009,0
4010,0
4011,0
4012,0
4013,0
4014,0
4015,3.50
4016,16.02
4017,79.68
4018,Off
4019,1.02
4020,0.74
4021,99.60
4022,3.51
4023,1.01
4024,24.31
4025,1.55
4026,28.63
4027,0
4028,0
4029,0
4030,0
4031,Off
4032,390.45
4033,0.94
4034,19.09
4035,OK
4036,0.94
4037,975
4038,13.50
4039,14.43
4040,1080
4041,Off
4042,0
4043,-0.17
4044,-0.13
4045,-0.15
4046,0.02
4047,On
4048,Off
4049,Off
4050,Off
4051,Off
4052,87.75
4053,7.84
4054,2.58
4055,1.61
4056,7.84
4057,396.39
4058,400
4059,On
4060,50.46
4061,43
4062,-1280
4063,24.00
4064,10.41
4065,-1.30
4066,43.92
4067,18.00
4068,C/L
4069,0
4070,1.04
4071,1.00
4072,88.30
4073,0
4074,0
4075,0
4076,0
4077,0
4078,0
4079,0
4080,3.50
4081,16.02
4082,79.68
4083,Off
4084,1.02
4085,0.74
4086,99.60
4087,3.51
4088,1.01
4089,24.31
4090,1.55
4091,28.63
4092,3.30
4093,0
4094,0
4095,0
4096,Off
4097,390.45
4098,0.94
4099,19.09
4100,OK
4101,0.94
4102,975
4103,13.50
4104,14.43
4105,1080
4106,Off
4107,0
4108,-0.17
4109,-0.13
4110,-0.15
4111,0.02
4112,On
4113,Off
4114,Off
4115,Off
4116,Off
4117,87.75
4118,7.84
4119,2.58
4120,1.61
4121,7.84
4122,396.39
4123,400
4124,On
4125,50.46
4126,43
4127,-1280
4128,24.00
4129,10.41
4130,-1.30
4131,43.92
4132,18.00
4133,C/L
4134,0
4135,1.04
4136,1.00
4137,88.30
4138,0
4139,0
4140,0
4141,0
4142,0
4143,0
4144,0
4145,3.50
4146,16.02
4147,79.68
4148,Off
4149,1.02
4150,0.74
4151,99.60
4152,3.51
4153,1.01
4154,24.31
4155,1.55
4156,28.63
4157,3.30
4158,30.59
4159,0
4160,0
4161,Off
4162,390.45
4163,0.94
4164,19.09
4165,OK
4166,0.94
4167,975
4168,13.50
4169,14.43
4170,1080
4171,Off
4172,0
4173,-0.17
4174,-0.13
4175,-0.15
4176,0.02
4177,On
4178,Off
4179,Off
4180,Off
4181,Off
4182,87.75
4183,7.84
4184,2.58
4185,1.61
4186,7.84
4187,396.39
4188,400
4189,On
4190,50.46
4191,43
4192,-1280
4193,24.00
4194,10.41
4195,-1.30
4196,43.92
4197,18.00
4198,C/L
4199,0
4200,1.04
4201,1.00
4202,88.30
4203,0
4204,0
4205,0
4206,0
4207,0
4208,0
4209,0
4210,3.50
4211,16.02
4212,79.68
4213,Off
4214,1.02
4215,0.74
4216,99.60
4217,3.51
4218,1.01
4219,24.31
4220,1.55
4221,28.63
4222,3.30
4223,30.59
4224,15.21
4225,0
4226,Off
4227,390.45
4228,0.94
4229,19.09
4230,OK
4231,0.94
4232,975
4233,13.50
4234,14.43
4235,1080
4236,Off
4237,0
4238,-0.17
4239,-0.13
4240,-0.15
4241,0.02
4242,On
4243,Off
4244,Off
4245,Off
4246,Off
4247,87.75
4248,7.84
4249,2.58
4250,1.61
4251,7.84
4252,396.39
4253,400
4254,On
4255,50.46
4256,43
4257,-1280
4258,24.00
4259,10.41
4260,-1.30
4261,43.92
4262,18.00
4263,C/L
4264,0
4265,1.04
4266,1.00
4267,88.30
4268,0
4269,0
4270,0
4271,0
4272,0
4273,0
4274,0
4275,3.50
4276,16.02
4277,79.68
4278,Off
4279,1.02
4280,0.74
4281,99.60
4282,3.51
4283,1.01
4284,24.31
4285,1.55
4286,28.63
4287,3.30
4288,30.59
4289,15.21
4290,125
4291,Off
4292,376.96
4293,1.40
4294,28.39
4295,OK
4296,0.95
4297,975
4298,13.50
4299,14.22
4300,1340
4301,Off
4302,0
4303,-0.46
4304,-0.39
4305,15
4306,32.94
4307,On
4308,Off
4309,Off
4310,Off
4311,Off
4312,87.75
4313,7.84
4314,0.23
4315,1.61
4316,34.51
4317,397.19
4318,400
4319,On
4320,51.83
4321,43
4322,-1280
4323,28.50
4324,7.07
4325,-1.30
4326,38.82
4327,19.50
4328,C/L
4329,0
4330,1.04
4331,1.00
4332,119
4333,0
4334,0
4335,0
4336,0
4337,0
4338,0
4339,1
4340,12.50
4341,24.11
4342,79.68
4343,Off
4344,0.99
4345,0.14
4346,99.60
4347,3.51
4348,1.07
4349,18.82
4350,1.24
4351,17.65
4352,3.77
4353,12.94
4354,0
4355,135
4356,Off
4357,376.96
4358,0.93
4359,18.67
4360,OK
4361,0.95
4362,975
4363,13.50
4364,14.36
4365,1080
4366,Off
4367,0
4368,-0.02
4369,-1.04
4370,0.05
4371,5.03
4372,On
4373,Off
4374,Off
4375,Off
4376,Off
4377,88.50
4378,7.84
4379,1.99
4380,1.61
4381,7.84
4382,401.54
4383,400
4384,On
4385,48.85
4386,43
4387,-1280
4388,37.50
4389,6.21
4390,-1.30
4391,48.24
4392,19.50
4393,C/L
4394,0
4395,1.04
4396,1.00
4397,152.60
4398,0
4399,0
4400,0
4401,0
4402,0
4403,0
4404,0
4405,8
4406,18.76
4407,79.68
4408,Off
4409,1.00
4410,0.63
4411,99.60
4412,3.51
4413,1.03
4414,18.04
4415,1.24
4416,17.25
4417,3.78
4418,17.25
4419,0
4420,138
4421,Off
4422,390.45
4423,1.05
4424,21.33
4425,OK
4426,0.95
4427,975
4428,13.50
4429,14.43
4430,1170
4431,Off
4432,0
4433,0.22
4434,-0.10
4435,0.30
4436,3.94
4437,On
4438,Off
4439,Off
4440,Off
4441,Off
4442,88.50
4443,7.84
4444,2.28
4445,1.61
4446,7.84
4447,399.36
4448,400
4449,On
4450,48.32
4451,43
4452,-1280
4453,41.25
4454,4.33
4455,-1.30
4456,7.84
4457,18.75
4458,C/L
4459,0
4460,1.04
4461,1.00
4462,78.60
4463,0
4464,0
4465,0
4466,0
4467,0
4468,0
4469,0.50
4470,0
4471,6.03
4472,79.68
4473,Off
4474,1.04
4475,0.68
4476,61.32
4477,3.51
4478,1.02
4479,8.63
4480,0.94
4481,10.20
4482,4.04
4483,10.20
4484,0
4485,136
4486,Off
4487,390.45
4488,0.80
4489,16.25
4490,OK
4491,0.95
4492,975
4493,13.50
4494,14.29
4495,1030
4496,Off
4497,0
4498,0.07
4499,-0.13
4500,0.19
4501,0.09
4502,On
4503,Off
4504,Off
4505,Off
4506,Off
4507,89.25
4508,7.84
4509,2.31
4510,1.61
4511,7.84
4512,397.62
4513,400
4514,On
4515,48.34
4516,42
4517,-1280
4518,41.25
4519,3.84
4520,-1.30
4521,7.84
4522,18.75
4523,C/L
4524,0
4525,1.04
4526,1.00
4527,81.60
4528,0
4529,0
4530,0
4531,0
4532,0
4533,0
4534,0.50
4535,0
4536,9.76
4537,79.68
4538,Off
4539,0.99
4540,0.75
4541,99.60
4542,3.51
4543,0.95
4544,8.24
4545,0.87
4546,7.84
4547,4.13
4548,7.84
4549,0
4550,132
4551,Off
4552,390.45
4553,0.71
4554,14.10
4555,OK
4556,0.95
4557,975
4558,13.50
4559,14.29
4560,990
4561,Off
4562,0
4563,1.19
4564,-0.14
4565,0.42
4566,-0.07
4567,On
4568,Off
4569,Off
4570,Off
4571,Off
4572,88.50
4573,7.84
4574,1.87
4575,1.61
4576,42.35
4577,400.09
4578,400
4579,On
4580,48.74
4581,42
4582,-1280
4583,36.75
4584,6.43
4585,-1.30
4586,47.06
4587,18.00
4588,C/L
4589,0
4590,1.04
4591,1.00
4592,67.30
4593,0
4594,0
4595,0
4596,0
4597,0
4598,0
4599,1
4600,0
4601,14.01
4602,79.68
4603,Off
4604,0.95
4605,0.78
4606,0
4607,3.51
4608,0.95
4609,10.98
4610,0.99
4611,11.37
4612,4.01
4613,10.59
4614,0
4615,130
4616,Off
4617,390.45
4618,0.97
4619,19.45
4620,OK
4621,0.95
4622,975
4623,13.50
4624,14.43
4625,1090
4626,Off
4627,0
4628,0.37
4629,-0.17
4630,0.33
4631,-0.14
4632,On
4633,Off
4634,Off
4635,Off
4636,Off
4637,88.50
4638,7.84
4639,0
4640,1.61
4641,43.53
4642,403.86
4643,400
4644,On
4645,46.92
4646,42
4647,-1280
4648,15.75
4649,1.16
4650,-1.30
4651,7.84
4652,18.00
4653,C/L
4654,0
4655,1.04
4656,1.00
4657,48.20
4658,0
4659,0
4660,0
4661,0
4662,0
4663,0
4664,3
4665,0
4666,8.83
4667,79.68
4668,Off
4669,0.99
4670,0.80
4671,0
4672,3.51
4673,0.95
4674,8.63
4675,0.89
4676,8.63
4677,4.11
4678,8.63
4679,0
4680,123
4681,Off
4682,390.45
4683,0.71
4684,14.18
4685,OK
4686,0.94
4687,975
4688,13.50
4689,14.36
4690,1000
4691,Off
4692,0
4693,0.02
4694,-0.19
4695,2.77
4696,-0.17
4697,On
4698,Off
4699,Off
4700,Off
4701,Off
4702,88.50
4703,7.84
4704,0
4705,1.61
4706,44.31
4707,397.77
4708,400
4709,On
4710,47.26
4711,42
4712,-1280
4713,39.75
4714,4.74
4715,-1.30
4716,7.84
4717,17.25
4718,C/L
4719,0
4720,1.04
4721,1.00
4722,99.50
4723,0
4724,0
4725,0
4726,0
4727,0
4728,0
4729,0
4730,0
4731,14.42
4732,79.68
4733,Off
4734,1.01
4735,0.23
4736,0
4737,3.51
4738,1.02
4739,14.51
4740,1.14
4741,15.29
4742,3.85
4743,15.29
4744,0
4745,122
4746,Off
4747,376.96
4748,0.98
4749,19.75
4750,OK
4751,0.94
4752,975
4753,13.50
4754,14.29
4755,1100
4756,Off
4757,0
4758,0
4759,-0.19
4760,-0.07
4761,-0.25
4762,On
4763,Off
4764,Off
4765,Off
4766,Off
4767,87.75
4768,7.84
4769,0
4770,1.61
4771,43.53
4772,399.72
4773,400
4774,On
4775,47.59
4776,42
4777,-1280
4778,42.75
4779,3.13
4780,-1.30
4781,7.84
4782,18.00
4783,C/L
4784,0
4785,1.04
4786,1.00
4787,69.80
4788,0
4789,0
4790,0
4791,0
4792,0
4793,0
4794,0
4795,0
4796,13.63
4797,79.68
4798,Off
4799,1.00
4800,0.56
4801,0
4802,3.51
4803,0.98
4804,14.51
4805,1.11
4806,14.12
4807,3.82
4808,18.43
4809,13.26
4810,122
4811,Off
4812,390.45
4813,1.10
4814,22.10
4815,OK
4816,0.95
4817,975
4818,13.50
4819,14.50
4820,1200
4821,Off
4822,0
4823,-0.39
4824,-0.03
4825,-0.29
4826,9.44
4827,On
4828,Off
4829,Off
4830,Off
4831,Off
4832,87.75
4833,7.84
4834,0
4835,1.61
4836,7.84
4837,399.00
4838,400
4839,On
4840,49.08
4841,42
4842,-1280
4843,36.75
4844,5.87
4845,-1.30
4846,36.08
4847,18.00
4848,C/L
4849,0
4850,1.04
4851,1.00
4852,103.90
4853,0
4854,0
4855,0
4856,0
4857,0
4858,0
4859,0
4860,0
4861,14.09
4862,79.68
4863,Off
4864,0.99
4865,0.63
4866,0
4867,3.51
4868,0.98
4869,11.37
4870,1.00
4871,11.37
4872,3.99
4873,11.37
4874,0
4875,125
4876,Off
4877,390.45
4878,0.82
4879,16.32
4880,OK
4881,0.95
4882,975
4883,13.50
4884,14.43
4885,1040
4886,Off
4887,0
4888,-0.01
4889,-0.19
4890,0.47
4891,-0.14
4892,On
4893,Off
4894,Off
4895,Off
4896,Off
4897,87.75
4898,7.84
4899,0
4900,1.61
4901,43.92
4902,397.48
4903,400
4904,On
4905,47.65
4906,42
4907,-1280
4908,41.25
4909,3.97
4910,-1.30
4911,7.84
4912,18.00
4913,C/L
4914,0
4915,1.04
4916,1.00
4917,84.50
4918,0
4919,0
4920,0
4921,0
4922,0
4923,0
4924,0
4925,0
4926,12.38
4927,79.68
4928,Off
4929,0.98
4930,0.56
4931,0
4932,3.51
4933,0.96
4934,12.16
4935,1.03
4936,12.16
4937,3.97
4938,12.16
4939,0
4940,121
4941,Off
4942,376.96
4943,0.87
4944,18.31
4945,OK
4946,0.95
4947,975
4948,13.50
4949,14.29
4950,1070
4951,Off
4952,0
4953,-0.17
4954,-0.12
4955,-0.18
4956,0.33
4957,On
4958,Off
4959,Off
4960,Off
4961,Off
4962,87.75
4963,7.84
4964,0
4965,1.61
4966,7.84
4967,397.98
4968,400
4969,On
4970,48.18
4971,41
4972,-1280
4973,38.25
4974,6.14
4975,-1.30
4976,47.06
4977,18.00
4978,C/L
4979,0
4980,1.04
4981,1.00
4982,106.50
4983,0
4984,0
4985,0
4986,0
4987,0
4988,0
4989,0
4990,0
4991,13.97
4992,79.68
4993,Off
4994,0.99
4995,0.54
4996,0
4997,3.51
4998,1.02
4999,12.55
5000,1.06
5001,12.94
5002,3.93
5003,12.94
5004,0
5005,121
5006,Off
5007,376.96
5008,0.90
5009,18.03
5010,OK
5011,0.95
5012,975
5013,13.50
5014,14.50
5015,1060
5016,Off
5017,0
5018,-0.03
5019,-0.24
5020,0.36
5021,-0.18
5022,On
5023,Off
5024,Off
5025,Off
5026,Off
5027,87.75
5028,7.84
5029,0
5030,1.61
5031,7.84
5032,398.20
5033,400
5034,On
5035,47.89
5036,41
5037,-1280
5038,39.00
5039,4.83
5040,-1.30
5041,46.67
5042,18.00
5043,C/L
5044,0
5045,1.04
5046,1.00
5047,74.80
5048,0
5049,0
5050,0
5051,0
5052,0
5053,0
5054,0.50
5055,0
5056,11.38
5057,79.68
5058,Off
5059,1.00
5060,0.55
5061,0
5062,3.51
5063,0.99
5064,9.80
5065,0.94
5066,10.59
5067,4.03
5068,11.37
5069,0
5070,120
5071,Off
5072,376.96
5073,0.85
5074,17.05
5075,OK
5076,0.95
5077,975
5078,13.50
5079,14.50
5080,1030
5081,Off
5082,0
5083,-0.18
5084,-0.10
5085,0.71
5086,-0.15
5087,On
5088,Off
5089,Off
5090,Off
5091,Off
5092,88.50
5093,7.84
5094,0
5095,1.61
5096,44.31
5097,402.04
5098,400
5099,On
5100,46.57
5101,41
5102,-1280
5103,44.25
5104,2.18
5105,-1.30
5106,7.84
5107,17.25
5108,C/L
5109,0
5110,1.04
5111,1.00
5112,78.30
5113,0
5114,0
5115,0
5116,0
5117,0
5118,0
5119,0.50
5120,0
5121,15.89
5122,79.68
5123,Off
5124,1.01
5125,0.64
5126,0
5127,3.51
5128,1.00
5129,13.73
5130,1.05
5131,11.76
5132,3.99
5133,11.76
5134,0
5135,117
5136,Off
5137,376.96
5138,0.86
5139,16.51
5140,OK
5141,0.95
5142,975
5143,13.50
5144,14.43
5145,1040
5146,Off
5147,0
5148,-0.23
5149,-0.06
5150,0.82
5151,-0.07
5152,On
5153,Off
5154,Off
5155,Off
5156,Off
5157,88.50
5158,7.84
5159,0
5160,1.61
5161,45.10
5162,403.86
5163,400
5164,On
5165,46.87
5166,41
5167,-1280
5168,42.75
5169,3.16
5170,-1.30
5171,7.84
5172,17.25
5173,C/L
5174,0
5175,1.04
5176,1.00
5177,50.30
5178,0
5179,0
5180,0
5181,0
5182,0
5183,0
5184,1
5185,0
5186,11.02
5187,79.68
5188,Off
5189,1.02
5190,0.71
5191,0
5192,3.51
5193,0.95
5194,15.29
5195,1.17
5196,16.08
5197,3.83
5198,15.29
5199,12.09
5200,115
5201,Off
5202,376.96
5203,0.95
5204,19.11
5205,OK
5206,0.95
5207,975
5208,13.50
5209,14.36
5210,1090
5211,Off
5212,0
5213,-0.19
5214,-0.06
5215,0.75
5216,-0.11
5217,On
5218,Off
5219,Off
5220,Off
5221,Off
5222,87.75
5223,7.84
5224,0.02
5225,1.61
5226,47.84
5227,403.86
5228,400
5229,On
5230,46.94
5231,41
5232,-1280
5233,44.25
5234,2.65
5235,-1.30
5236,7.84
5237,17.25
5238,C/L
5239,0
5240,1.04
5241,1.00
5242,50.80
5243,0
5244,0
5245,0
5246,0
5247,0
5248,0
5249,5
5250,0
5251,8.28
5252,79.68
5253,Off
5254,1.01
5255,0.74
5256,8.20
5257,3.51
5258,0.93
5259,8.24
5260,0.87
5261,7.84
5262,4.13
5263,7.84
5264,0
5265,113
5266,Off
5267,376.96
5268,0.79
5269,16.66
5270,OK
5271,0.94
5272,975
5273,13.50
5274,14.36
5275,1010
5276,Off
5277,0
5278,-0.41
5279,-0.11
5280,1.05
5281,-0.07
5282,On
5283,Off
5284,Off
5285,Off
5286,Off
5287,87.75
5288,7.84
5289,0.37
5290,1.61
5291,7.84
5292,392.99
5293,400
5294,On
5295,47.36
5296,41
5297,-1280
5298,40.50
5299,3.71
5300,-1.30
5301,7.84
5302,16.50
5303,C/L
5304,0
5305,1.04
5306,1.00
5307,64.20
5308,0
5309,0
5310,0
5311,0
5312,0
5313,0
5314,0.50
5315,0
5316,11.34
5317,79.68
5318,Off
5319,0.97
5320,0.72
5321,66.40
5322,3.51
5323,0.97
5324,12.55
5325,1.06
5326,15.69
5327,3.80
5328,17.25
5329,17.16
5330,113
5331,Off
5332,376.96
5333,1.16
5334,23.48
5335,OK
5336,0.94
5337,975
5338,13.50
5339,14.43
5340,1240
5341,Off
5342,0
5343,-0.28
5344,2.60
5345,-0.17
5346,5.50
5347,On
5348,Off
5349,Off
5350,Off
5351,Off
5352,87.75
5353,7.84
5354,1.71
5355,1.61
5356,7.84
5357,399.14
5358,400
5359,On
5360,48.40
5361,41
5362,-1280
5363,36.00
5364,5.65
5365,-1.30
5366,45.49
5367,17.25
5368,C/L
5369,0
5370,1.04
5371,1.00
5372,127.70
5373,0
5374,0
5375,0
5376,0
5377,0
5378,0
5379,0
5380,11
5381,17.29
5382,79.68
5383,Off
5384,0.99
5385,0.22
5386,99.60
5387,3.51
5388,1.05
5389,17.25
5390,1.22
5391,17.25
5392,3.78
5393,16.86
5394,0
5395,118
5396,Off
5397,390.45
5398,1.09
5399,22.11
5400,OK
5401,0.94
5402,975
5403,13.50
5404,14.43
5405,1190
5406,Off
5407,0
5408,-0.39
5409,-0.08
5410,-0.26
5411,10.24
5412,On
5413,Off
5414,Off
5415,Off
5416,Off
5417,87.75
5418,7.84
5419,1.58
5420,1.61
5421,7.84
5422,399.80
5423,400
5424,On
5425,49.32
5426,41
5427,-1280
5428,38.25
5429,4.89
5430,-1.30
5431,43.14
5432,18.00
5433,C/L
5434,0
5435,1.04
5436,1.00
5437,91.90
5438,0
5439,0
5440,0
5441,0
5442,0
5443,0
5444,0
5445,0
5446,11.32
5447,79.68
5448,Off
5449,1.01
5450,0.73
5451,99.60
5452,3.51
5453,0.94
5454,11.37
5455,0.98
5456,10.20
5457,4.07
5458,9.41
5459,0
5460,122
5461,Off
5462,376.96
5463,0.79
5464,15.75
5465,OK
5466,0.95
5467,975
5468,13.50
5469,14.43
5470,1020
5471,Off
5472,0
5473,0.03
5474,-0.19
5475,0.88
5476,-0.25
5477,On
5478,Off
5479,Off
5480,Off
5481,Off
5482,87.75
5483,7.84
5484,3.22
5485,1.61
5486,43.92
5487,395.52
5488,400
5489,On
5490,47.28
5491,41
5492,-1280
5493,43.50
5494,2.87
5495,-1.30
5496,7.84
5497,18.00
5498,C/L
5499,0
5500,1.04
5501,1.00
5502,74.60
5503,0
5504,0
5505,0
5506,0
5507,0
5508,0
5509,0
5510,0
5511,15.27
5512,79.68
5513,Off
5514,1.02
5515,0.66
5516,99.60
5517,3.51
5518,1.01
5519,14.51
5520,1.11
5521,14.51
5522,3.89
5523,14.12
5524,0
5525,120
5526,Off
5527,390.45
5528,1.00
5529,20.21
5530,OK
5531,0.95
5532,975
5533,13.50
5534,14.29
5535,1110
5536,Off
5537,0
5538,-0.28
5539,-0.72
5540,-0.29
5541,10.94
5542,On
5543,Off
5544,Off
5545,Off
5546,Off
5547,88.50
5548,7.84
5549,1.39
5550,1.61
5551,7.84
5552,396.82
5553,400
5554,On
5555,48.46
5556,41
5557,-1280
5558,36.75
5559,6.12
5560,-1.30
5561,46.67
5562,18.00
5563,C/L
5564,0
5565,1.04
5566,1.00
5567,137.10
5568,0
5569,0
5570,0
5571,0
5572,0
5573,0
5574,0
5575,10.50
5576,17.57
5577,79.68
5578,Off
5579,0.98
5580,0.27
5581,99.60
5582,3.51
5583,1.03
5584,17.65
5585,1.31
5586,22.35
5587,3.53
5588,25.88
5589,5.85
5590,122
5591,Off
5592,390.45
5593,1.39
5594,28.85
5595,OK
5596,0.95
5597,975
5598,13.50
5599,14.29
5600,1380
5601,Off
5602,0
5603,-0.38
5604,-0.21
5605,11.66
5606,29.17
5607,On
5608,Off
5609,Off
5610,Off
5611,Off
5612,88.50
5613,7.84
5614,0.23
5615,1.61
5616,7.84
5617,401.46
5618,400
5619,On
5620,48.12
5621,41
5622,-1280
5623,38.25
5624,4.81
5625,-1.30
5626,45.88
5627,18.75
5628,C/L
5629,0
5630,1.04
5631,1.00
5632,109.80
5633,0
5634,0
5635,0
5636,0
5637,0
5638,0
5639,0
5640,0
5641,15.72
5642,79.68
5643,Off
5644,0.97
5645,0.25
5646,46.87
5647,3.51
5648,1.02
5649,18.04
5650,1.22
5651,15.69
5652,3.86
5653,15.69
5654,0
5655,127
5656,Off
5657,376.96
5658,1
5659,19.48
5660,OK
5661,0.95
5662,975
5663,13.50
5664,14.36
5665,1110
5666,Off
5667,0
5668,0.38
5669,-0.19
5670,0.61
5671,-0.22
5672,On
5673,Off
5674,Off
5675,Off
5676,Off
5677,88.50
5678,7.84
5679,3.04
5680,1.61
5681,43.14
5682,400.38
5683,400
5684,On
5685,47.58
5686,41
5687,-1280
5688,40.50
5689,4.24
5690,-1.30
5691,7.84
5692,18.75
5693,C/L
5694,0
5695,1.04
5696,1.00
5697,92.80
5698,0
5699,0
5700,0
5701,0
5702,0
5703,0
5704,0
5705,0
5706,12.33
5707,79.68
5708,Off
5709,0.98
5710,0.23
5711,99.60
5712,3.51
5713,1.01
5714,10.20
5715,0.95
5716,10.20
5717,4.06
5718,9.80
5719,0
5720,127
5721,Off
5722,390.45
5723,0.79
5724,15.74
5725,OK
5726,0.95
5727,975
5728,13.50
5729,14.36
5730,1020
5731,Off
5732,0
5733,-0.33
5734,-0.13
5735,1.28
5736,-0.18
5737,On
5738,Off
5739,Off
5740,Off
5741,Off
5742,88.50
5743,7.84
5744,3.22
5745,1.61
5746,43.92
5747,404.94
5748,400
5749,On
5750,46.95
5751,40
5752,-1280
5753,44.25
5754,2.57
5755,-1.30
5756,7.84
5757,18.00
5758,C/L
5759,0
5760,1.04
5761,1.00
5762,70.50
5763,0
5764,0
5765,0
5766,0
5767,0
5768,0
5769,0
5770,0
5771,11.55
5772,79.68
5773,Off
5774,1.01
5775,0.19
5776,99.60
5777,3.51
5778,1.03
5779,11.37
5780,0.99
5781,11.37
5782,4.01
5783,10.20
5784,0
5785,126
5786,Off
5787,390.45
5788,0.81
5789,16.07
5790,OK
5791,0.95
5792,975
5793,13.50
5794,14.36
5795,1030
5796,Off
5797,0
5798,0.05
5799,-0.17
5800,0.67
5801,-0.23
5802,On
5803,Off
5804,Off
5805,Off
5806,Off
5807,88.50
5808,7.84
5809,3.22
5810,1.61
5811,43.53
5812,402.62
5813,400
5814,On
5815,46.54
5816,40
5817,-1280
5818,44.25
5819,2.41
5820,-1.30
5821,7.84
5822,17.25
5823,C/L
5824,0
5825,1.04
5826,1.00
5827,57.30
5828,0
5829,0
5830,0
5831,0
5832,0
5833,0
5834,1.50
5835,0
5836,9.73
5837,79.68
5838,Off
5839,1.02
5840,0.63
5841,85.54
5842,3.51
5843,1.01
5844,9.41
5845,0.93
5846,9.41
5847,4.08
5848,9.41
5849,0
5850,121
5851,Off
5852,376.96
5853,0.76
5854,15.18
5855,OK
5856,0.94
5857,975
5858,13.50
5859,14.43
5860,1010
5861,Off
5862,0
5863,0.61
5864,-0.24
5865,0.78
5866,-0.28
5867,On
5868,Off
5869,Off
5870,Off
5871,Off
5872,88.50
5873,7.84
5874,1.44
5875,1.61
5876,43.53
5877,393.93
5878,400
5879,On
5880,47.61
5881,40
5882,-1280
5883,40.50
5884,4.47
5885,-1.30
5886,7.84
5887,17.25
5888,C/L
5889,0
5890,1.04
5891,1.00
5892,97.30
5893,0
5894,0
5895,0
5896,0
5897,0
5898,0
5899,0
5900,0
5901,13.94
5902,79.68
5903,Off
5904,1.00
5905,0.29
5906,0
5907,3.51
5908,1.03
5909,13.73
5910,1.09
5911,13.73
5912,3.91
5913,13.73
5914,0
5915,121
5916,Off
5917,390.45
5918,0.93
5919,18.65
5920,OK
5921,0.94
5922,975
5923,13.50
5924,14.50
5925,1070
5926,Off
5927,0
5928,0.09
5929,-0.24
5930,0.19
5931,-0.34
5932,On
5933,Off
5934,Off
5935,Off
5936,Off
5937,87.75
5938,7.84
5939,0
5940,1.61
5941,43.53
5942,399.14
5943,400
5944,On
5945,47.63
5946,40
5947,-1280
5948,39.75
5949,4.77
5950,-1.30
5951,7.84
5952,18.00
5953,C/L
5954,0
5955,1.04
5956,1.00
5957,100.90
5958,0
5959,0
5960,0
5961,0
5962,0
5963,0
5964,0
5965,0
5966,13.81
5967,79.68
5968,Off
5969,1.00
5970,0.37
5971,0
5972,3.51
5973,1.02
5974,13.73
5975,1.10
5976,13.73
5977,3.90
5978,14.51
5979,0
5980,122
5981,Off
5982,390.45
5983,1.05
5984,21.70
5985,OK
5986,0.94
5987,975
5988,13.50
5989,14.50
5990,1210
5991,Off
5992,0
5993,-0.38
5994,-0.03
5995,-0.31
5996,12.05
5997,On
5998,Off
5999,Off
6000,Off
6001,Off
6002,87.75
6003,7.84
6004,0
6005,1.61
6006,7.84
6007,396.32
6008,400
6009,On
6010,48.47
6011,40
6012,-1280
6013,36.00
6014,6.18
6015,-1.30
6016,38.82
6017,18.00
6018,C/L
6019,0
6020,1.04
6021,1.00
6022,124.50
6023,0
6024,0
6025,0
6026,0
6027,0
6028,0
6029,0
6030,5
6031,16.34
6032,79.68
6033,Off
6034,1.00
6035,0.61
6036,0
6037,3.51
6038,1.03
6039,16.08
6040,1.18
6041,16.08
6042,3.82
6043,16.08
6044,0
6045,127
6046,Off
6047,390.45
6048,1.02
6049,20.50
6050,OK
6051,0.95
6052,975
6053,13.50
6054,14.43
6055,1130
6056,Off
6057,0
6058,0.11
6059,-0.10
6060,0.09
6061,3.36
6062,On
6063,Off
6064,Off
6065,Off
6066,Off
6067,87.75
6068,7.84
6069,0
6070,1.61
6071,7.84
6072,396.46
6073,400
6074,On
6075,48.43
6076,40
6077,-1280
6078,39.75
6079,5.03
6080,-1.30
6081,44.31
6082,18.75
6083,C/L
6084,0
6085,1.04
6086,1.00
6087,98.70
6088,0
6089,0
6090,0
6091,0
6092,0
6093,0
6094,0
6095,0
6096,13.59
6097,79.68
6098,Off
6099,0.99
6100,0.67
6101,0
6102,3.51
6103,1.01
6104,12.55
6105,1.05
6106,12.55
6107,3.96
6108,12.16
6109,0
6110,128
6111,Off
6112,390.45
6113,0.84
6114,16.58
6115,OK
6116,0.95
6117,975
6118,13.50
6119,14.43
6120,1040
6121,Off
6122,0
6123,0.23
6124,-0.17
6125,0.45
6126,-0.11
6127,On
6128,Off
6129,Off
6130,Off
6131,Off
6132,88.50
6133,7.84
6134,0
6135,1.61
6136,43.14
6137,399.22
6138,400
6139,On
6140,47.92
6141,40
6142,-1280
6143,42.00
6144,3.75
6145,-1.30
6146,7.84
6147,18.00
6148,C/L
6149,0
6150,1.04
6151,1.00
6152,81.90
6153,0
6154,0
6155,0
6156,0
6157,0
6158,0
6159,0
6160,0
6161,12.21
6162,79.68
6163,Off
6164,0.98
6165,0.61
6166,0
6167,3.51
6168,0.97
6169,12.16
6170,1.03
6171,12.16
6172,3.98
6173,11.76
6174,0
6175,127
6176,Off
6177,390.45
6178,0.86
6179,17.15
6180,OK
6181,0.95
6182,975
6183,13.50
6184,14.43
6185,1040
6186,Off
6187,0
6188,0.24
6189,-0.22
6190,0.58
6191,-0.06
6192,On
6193,Off
6194,Off
6195,Off
6196,Off
6197,88.50
6198,7.84
6199,0
6200,1.61
6201,42.75
6202,398.56
6203,400
6204,On
6205,48.26
6206,40
6207,-1280
6208,36.00
6209,6.16
6210,-1.30
6211,45.49
6212,18.00
6213,C/L
6214,0
6215,1.04
6216,1.00
6217,131.70
6218,0
6219,0
6220,0
6221,0
6222,0
6223,0
6224,0
6225,4
6226,14.91
6227,79.68
6228,Off
6229,0.98
6230,0.27
6231,0
6232,3.51
6233,1.00
6234,15.29
6235,1.14
6236,14.90
6237,3.87
6238,14.90
6239,0
6240,128
6241,Off
6242,390.45
6243,0.94
6244,18.75
6245,OK
6246,0.95
6247,975
6248,13.50
6249,14.36
6250,1090
6251,Off
6252,0
6253,0.33
6254,-0.16
6255,0.41
6256,-0.11
6257,On
6258,Off
6259,Off
6260,Off
6261,Off
6262,88.50
6263,7.84
6264,0
6265,1.61
6266,42.75
6267,402.99
6268,400
6269,On
6270,47.60
6271,40
6272,-1280
6273,42.75
6274,3.46
6275,-1.30
6276,7.84
6277,18.00
6278,C/L
6279,0
6280,1.04
6281,1.00
6282,79.90
6283,0
6284,0
6285,0
6286,0
6287,0
6288,0
6289,0
6290,0
6291,12.62
6292,79.68
6293,Off
6294,0.98
6295,0.53
6296,0
6297,3.51
6298,0.98
6299,12.55
6300,1.05
6301,14.90
6302,3.81
6303,17.25
6304,12.09
6305,127
6306,Off
6307,390.45
6308,1.01
6309,20.29
6310,OK
6311,0.95
6312,975
6313,13.50
6314,14.50
6315,1120
6316,Off
6317,0
6318,0.16
6319,-0.17
6320,0.05
6321,1.77
6322,On
6323,Off
6324,Off
6325,Off
6326,Off
6327,88.50
6328,7.84
6329,0
6330,1.61
6331,7.84
6332,396.03
6333,400
6334,On
6335,48.06
6336,40
6337,-1280
6338,41.25
6339,4.44
6340,-1.30
6341,7.84
6342,18.00
6343,C/L
6344,0
6345,1.04
6346,1.00
6347,83.90
6348,0
6349,0
6350,0
6351,0
6352,0
6353,0
6354,0
6355,0
6356,11.97
6357,79.68
6358,Off
6359,1.01
6360,0.72
6361,0
6362,3.51
6363,0.97
6364,11.76
6365,1.01
6366,11.37
6367,4.00
6368,11.37
6369,0
6370,128
6371,Off
6372,390.45
6373,0.76
6374,15.23
6375,OK
6376,0.95
6377,975
6378,14.25
6379,14.43
6380,1020
6381,Off
6382,0
6383,-0.99
6384,-0.08
6385,1.80
6386,-0.20
6387,On
6388,Off
6389,Off
6390,Off
6391,Off
6392,88.50
6393,7.84
6394,0
6395,1.61
6396,44.31
6397,403.20
6398,400
6399,On
6400,46.35
6401,40
6402,-1280
6403,44.25
6404,1.90
6405,-1.30
6406,7.84
6407,18.00
6408,C/L
6409,0
6410,1.04
6411,1.00
6412,106.50
6413,0
6414,0
6415,0
6416,0
6417,0
6418,0
6419,0
6420,0
6421,14.94
6422,79.68
6423,Off
6424,1.00
6425,0.64
6426,0
6427,3.51
6428,1.00
6429,14.51
6430,1.11
6431,14.51
6432,3.89
6433,14.12
6434,13.65
6435,126
6436,Off
6437,390.45
6438,1.08
6439,21.98
6440,OK
6441,0.95
6442,975
6443,13.50
6444,14.43
6445,1200
6446,Off
6447,0
6448,-0.35
6449,-0.03
6450,-0.25
6451,8.11
6452,On
6453,Off
6454,Off
6455,Off
6456,Off
6457,88.50
6458,7.84
6459,0
6460,1.61
6461,7.84
6462,399.22
6463,400
6464,On
6465,47.79
6466,40
6467,-1280
6468,41.25
6469,4.11
6470,-1.30
6471,7.84
6472,18.00
6473,C/L
6474,0
6475,1.04
6476,1.00
6477,84.60
6478,0
6479,0
6480,0
6481,0
6482,0
6483,0
6484,0
6485,0
6486,15.16
6487,79.68
6488,Off
6489,0.99
6490,0.16
6491,0
6492,3.51
6493,0.99
6494,13.33
6495,1.08
6496,13.73
6497,3.92
6498,13.73
6499,0
6500,127
6501,Off
6502,390.45
6503,0.96
6504,19.90
6505,OK
6506,0.95
6507,975
6508,13.50
6509,14.36
6510,1160
6511,Off
6512,0
6513,0.14
6514,-0.26
6515,0.17
6516,6.97
6517,On
6518,Off
6519,Off
6520,Off
6521,Off
6522,88.50
6523,7.84
6524,0.07
6525,1.61
6526,7.84
6527,400.16
6528,400
6529,On
6530,49.04
6531,40
6532,-1280
6533,36.75
6534,6.18
6535,-1.30
6536,45.49
6537,18.00
6538,C/L
6539,0
6540,1.04
6541,1.00
6542,118
6543,0
6544,0
6545,0
6546,0
6547,0
6548,0
6549,0
6550,0.50
6551,15.59
6552,79.68
6553,Off
6554,1.01
6555,0.67
6556,17.97
6557,3.51
6558,1.00
6559,15.29
6560,1.15
6561,15.29
6562,3.86
6563,15.29
6564,0
6565,128
6566,Off
6567,390.45
6568,0.99
6569,19.80
6570,OK
6571,0.96
6572,975
6573,13.50
6574,14.57
6575,1110
6576,Off
6577,0
6578,0.31
6579,-0.01
6580,0.22
6581,0.85
6582,On
6583,Off
6584,Off
6585,Off
6586,Off
6587,88.50
6588,7.84
6589,1.85
6590,1.61
6591,7.84
6592,399.00
6593,400
6594,On
6595,48.43
6596,40
6597,-1280
6598,39.75
6599,4.97
6600,-1.30
6601,46.67
6602,18.75
6603,C/L
6604,0
6605,1.04
6606,1.00
6607,124
6608,0
6609,0
6610,0
6611,0
6612,0
6613,0
6614,0
6615,4
6616,16.46
6617,79.68
6618,Off
6619,0.99
6620,0.27
6621,99.60
6622,3.51
6623,1.00
6624,16.47
6625,1.19
6626,16.47
6627,3.82
6628,16.08
6629,0
6630,130
6631,Off
6632,390.45
6633,1.11
6634,22.72
6635,OK
6636,0.95
6637,975
6638,13.50
6639,14.43
6640,1220
6641,Off
6642,0
6643,0.12
6644,0.03
6645,0.13
6646,10.35
6647,On
6648,Off
6649,Off
6650,Off
6651,Off
6652,88.50
6653,7.84
6654,1.30
6655,1.61
6656,7.84
6657,399.72
6658,400
6659,On
6660,49.85
6661,40
6662,-1280
6663,35.25
6664,6.78
6665,-1.30
6666,45.49
6667,18.75
6668,C/L
6669,0
6670,1.04
6671,1.00
6672,138.20
6673,0
6674,0
6675,0
6676,0
6677,0
6678,0
6679,0
6680,4
6681,16.80
6682,79.68
6683,Off
6684,1.01
6685,0.65
6686,99.60
6687,3.51
6688,0.96
6689,14.12
6690,1.09
6691,13.73
6692,3.90
6693,13.73
6694,0
6695,131
6696,Off
6697,390.45
6698,0.94
6699,18.83
6700,OK
6701,0.96
6702,975
6703,13.50
6704,14.29
6705,1090
6706,Off
6707,0
6708,0.37
6709,-0.10
6710,0.49
6711,-0.14
6712,On
6713,Off
6714,Off
6715,Off
6716,Off
6717,88.50
6718,7.84
6719,2.83
6720,1.61
6721,41.96
6722,400.09
6723,400
6724,On
6725,47.71
6726,40
6727,-1280
6728,41.25
6729,4.24
6730,-1.30
6731,7.84
6732,18.75
6733,C/L
6734,0
6735,1.04
6736,1.00
6737,97.40
6738,0
6739,0
6740,0
6741,0
6742,0
6743,0
6744,0
6745,2
6746,16.86
6747,79.68
6748,Off
6749,1.01
6750,0.67
6751,99.60
6752,3.51
6753,1.00
6754,18.43
6755,1.25
6756,17.65
6757,3.77
6758,18.43
6759,0
6760,130
6761,Off
6762,390.45
6763,1.06
6764,20.48
6765,OK
6766,0.96
6767,975
6768,14.25
6769,14.43
6770,1120
6771,Off
6772,0
6773,0.14
6774,-0.10
6775,0.49
6776,-0.11
6777,On
6778,Off
6779,Off
6780,Off
6781,Off
6782,88.50
6783,7.84
6784,3.22
6785,1.61
6786,43.14
6787,404.44
6788,400
6789,On
6790,47.19
6791,40
6792,-1280
6793,45.00
6794,2.12
6795,-1.30
6796,7.84
6797,18.75
6798,C/L
6799,0
6800,1.04
6801,1.00
6802,56.80
6803,0
6804,0
6805,0
6806,0
6807,0
6808,0
6809,1
6810,0
6811,9.88
6812,79.68
6813,Off
6814,1.03
6815,0.61
6816,99.60
6817,3.51
6818,0.98
6819,9.80
6820,0.93
6821,9.41
6822,4.08
6823,8.63
6824,0
6825,128
6826,Off
6827,390.45
6828,0.72
6829,14.32
6830,OK
6831,0.96
6832,975
6833,14.25
6834,14.36
6835,1010
6836,Off
6837,0
6838,-0.34
6839,-0.17
6840,3.42
6841,-0.14
6842,On
6843,Off
6844,Off
6845,Off
6846,Off
6847,88.50
6848,7.84
6849,0
6850,1.61
6851,43.92
6852,401.10
6853,400
6854,On
6855,46.64
6856,40
6857,-1280
6858,14.25
6859,3.33
6860,-1.30
6861,7.84
6862,18.00
6863,C/L
6864,0
6865,1.04
6866,1.00
6867,72.70
6868,0
6869,0
6870,0
6871,0
6872,0
6873,0
6874,0
6875,0
6876,11.51
6877,79.68
6878,Off
6879,1.00
6880,0.71
6881,0
6882,3.51
6883,0.96
6884,11.37
6885,0.99
6886,10.20
6887,4.08
6888,8.24
6889,0
6890,127
6891,Off
6892,390.45
6893,0.66
6894,12.60
6895,OK
6896,0.95
6897,975
6898,14.25
6899,14.43
6900,1000
6901,Off
6902,0
6903,-0.10
6904,-0.14
6905,0.27
6906,-0.33
6907,On
6908,Off
6909,Off
6910,Off
6911,Off
6912,88.50
6913,7.84
6914,0
6915,1.61
6916,7.84
6917,410.82
6918,400
6919,On
6920,45.72
6921,40
6922,-1280
6923,33.00
6924,2.26
6925,-1.30
6926,7.84
6927,17.25
6928,C/L
6929,0
6930,1.04
6931,1.00
6932,118.30
6933,0
6934,0
6935,0
6936,0
6937,0
6938,0
6939,0.50
6940,0
6941,9.61
6942,79.68
6943,Off
6944,0.96
6945,0.76
6946,0
6947,3.51
6948,0.97
6949,12.94
6950,1.18
6951,16.08
6952,3.83
6953,15.69
6954,11.31
6955,126
6956,Off
6957,390.45
6958,0.88
6959,17.08
6960,OK
6961,0.95
6962,975
6963,14.25
6964,14.43
6965,1060
6966,Off
6967,0
6968,0.12
6969,-0.08
6970,0.50
6971,-0.22
6972,On
6973,Off
6974,Off
6975,Off
6976,Off
6977,87.75
6978,7.84
6979,1.14
6980,1.61
6981,42.35
6982,403.86
6983,400
6984,On
6985,47.84
6986,40
6987,-1280
6988,42.00
6989,3.66
6990,-1.30
6991,7.84
6992,18.00
6993,C/L
6994,0
6995,1.04
6996,1.00
6997,72.80
6998,0
6999,0
7000,0
7001,0
7002,0
7003,0
7004,0.50
7005,0
7006,11.71
7007,79.68
7008,Off
7009,0.99
7010,0.71
7011,99.60
7012,3.51
7013,0.96
7014,9.80
7015,0.94
7016,9.80
7017,4.06
7018,9.80
7019,0
7020,125
7021,Off
7022,390.45
7023,0.78
7024,15.57
7025,OK
7026,0.94
7027,975
7028,14.25
7029,14.64
7030,1020
7031,Off
7032,0
7033,0.34
7034,-0.19
7035,0.56
7036,-0.22
7037,On
7038,Off
7039,Off
7040,Off
7041,Off
7042,87.75
7043,7.84
7044,3.15
7045,1.61
7046,43.53
7047,400.67
7048,400
7049,On
7050,47.34
7051,40
7052,-1280
7053,41.25
7054,4.91
7055,-1.30
7056,48.24
7057,18.00
7058,C/L
7059,0
7060,1.04
7061,1.00
7062,211
7063,0
7064,0
7065,0
7066,0
7067,0
7068,0
7069,8.50
7070,25
7071,33.65
7072,79.68
7073,Off
7074,1.00
7075,0.19
7076,99.60
7077,3.51
7078,1.12
7079,33.73
7080,1.83
7081,33.73
7082,3.16
7083,33.73
7084,19.89
7085,128
7086,Off
7087,390.45
7088,1.26
7089,25.70
7090,OK
7091,0.94
7092,975
7093,14.25
7094,14.50
7095,1290
7096,Off
7097,0
7098,-0.15
7099,0.04
7100,3.22
7101,17.45
7102,On
7103,Off
7104,Off
7105,Off
7106,Off
7107,87.75
7108,7.84
7109,0.31
7110,1.61
7111,43.53
7112,397.84
7113,400
7114,On
7115,49.99
7116,40
7117,-1280
7118,38.25
7119,5.41
7120,-1.30
7121,38.82
7122,19.50
7123,C/L
7124,0
7125,1.04
7126,1.00
7127,123.80
7128,0
7129,0
7130,0
7131,0
7132,0
7133,0
7134,0
7135,3
7136,16.69
7137,79.68
7138,Off
7139,1.01
7140,0.59
7141,99.60
7142,3.51
7143,1.02
7144,16.47
7145,1.19
7146,16.47
7147,3.84
7148,15.69
7149,0
7150,135
7151,Off
7152,390.45
7153,0.99
7154,19.88
7155,OK
7156,0.95
7157,975
7158,14.25
7159,14.43
7160,1120
7161,Off
7162,0
7163,0.12
7164,-2.42
7165,0.17
7166,8.33
7167,On
7168,Off
7169,Off
7170,Off
7171,Off
7172,87.75
7173,7.84
7174,0.23
7175,1.61
7176,45.49
7177,401.68
7178,400
7179,On
7180,50.66
7181,40
7182,-1280
7183,30.75
7184,7.75
7185,-1.30
7186,38.82
7187,19.50
7188,C/L
7189,0
7190,1.04
7191,1.00
7192,122.40
7193,0
7194,0
7195,0
7196,0
7197,0
7198,0
7199,0
7200,7
7201,18.32
7202,79.68
7203,Off
7204,1.02
7205,0.58
7206,99.60
7207,3.51
7208,1.03
7209,17.65
7210,1.23
7211,17.25
7212,3.77
7213,17.65
7214,0
7215,137
7216,Off
7217,390.45
7218,1.05
7219,21.19
7220,OK
7221,0.95
7222,975
7223,14.25
7224,14.29
7225,1140
7226,Off
7227,0
7228,0.34
7229,0
7230,0.41
7231,-0.06
7232,On
7233,Off
7234,Off
7235,Off
7236,Off
7237,88.50
7238,7.84
7239,3.22
7240,1.61
7241,43.53
7242,404.22
7243,400
7244,On
7245,47.20
7246,40
7247,-1280
7248,45.00
7249,2.61
7250,-1.30
7251,7.84
7252,19.50
7253,C/L
7254,0
7255,1.04
7256,1.00
7257,58.90
7258,0
7259,0
7260,0
7261,0
7262,0
7263,0
7264,0
7265,0
7266,16.59
7267,79.68
7268,Off
7269,1.00
7270,0.11
7271,99.60
7272,3.51
7273,1.03
7274,18.04
7275,1.26
7276,18.43
7277,3.74
7278,18.04
7279,14.43
7280,133
7281,Off
7282,390.45
7283,1.10
7284,22.08
7285,OK
7286,0.95
7287,975
7288,14.25
7289,14.29
7290,1170
7291,Off
7292,0
7293,-0.17
7294,-0.06
7295,0.19
7296,9.64
7297,On
7298,Off
7299,Off
7300,Off
7301,Off
7302,89.25
7303,7.84
7304,2.92
7305,1.61
7306,43.92
7307,401.46
7308,400
7309,On
7310,47.19
7311,41
7312,-1280
7313,45.00
7314,2.48
7315,-1.30
7316,7.84
7317,18.75
7318,C/L
7319,0
7320,1.04
7321,1.00
7322,49.90
7323,0
7324,0
7325,0
7326,0
7327,0
7328,0
7329,2
7330,0
7331,9.23
7332,79.68
7333,Off
7334,1.00
7335,0.72
7336,99.60
7337,3.51
7338,0.93
7339,9.80
7340,0.94
7341,9.41
7342,4.07
7343,9.41
7344,0
7345,132
7346,Off
7347,390.45
7348,0.66
7349,12.99
7350,OK
7351,0.95
7352,975
7353,14.25
7354,14.43
7355,980
7356,Off
7357,0
7358,0.65
7359,-0.56
7360,0.05
7361,0.38
7362,On
7363,Off
7364,Off
7365,Off
7366,Off
7367,89.25
7368,7.84
7369,1.41
7370,1.61
7371,44.71
7372,400.52
7373,400
7374,On
7375,47.60
7376,41
7377,-1280
7378,42.00
7379,4.75
7380,-1.30
7381,7.84
7382,18.00
7383,C/L
7384,0
7385,1.04
7386,1.00
7387,108.80
7388,0
7389,0
7390,0
7391,0
7392,0
7393,0
7394,0.50
7395,0
7396,9.17
7397,79.68
7398,Off
7399,0.99
7400,0.50
7401,16.80
7402,3.51
7403,1.02
7404,9.80
7405,0.90
7406,7.84
7407,4.16
7408,7.06
7409,0
7410,131
7411,Off
7412,390.45
7413,0.58
7414,11.57
7415,OK
7416,0.94
7417,975
7418,14.25
7419,14.64
7420,1000
7421,Off
7422,0
7423,0.20
7424,-0.03
7425,0.16
7426,-0.23
7427,On
7428,Off
7429,Off
7430,Off
7431,Off
7432,88.50
7433,7.84
7434,0
7435,1.61
7436,40.39
7437,394.58
7438,400
7439,On
7440,47.35
7441,41
7442,-1280
7443,6.00
7444,5.79
7445,-1.30
7446,46.67
7447,17.25
7448,C/L
7449,0
7450,1.04
7451,1.00
7452,124.20
7453,0
7454,0
7455,0
7456,0
7457,0
7458,0
7459,0
7460,3.50
7461,16.78
7462,79.68
7463,Off
7464,1.00
7465,0.73
7466,3.52
7467,3.51
7468,1.01
7469,17.25
7470,1.26
7471,18.04
7472,3.76
7473,17.65
7474,0
7475,130
7476,Off
7477,390.45
7478,1.10
7479,22.10
7480,OK
7481,0.94
7482,975
7483,14.25
7484,14.22
7485,1190
7486,Off
7487,0
7488,0.08
7489,1.44
7490,0.11
7491,5.88
7492,On
7493,Off
7494,Off
7495,Off
7496,Off
7497,88.50
7498,7.84
7499,0.35
7500,1.61
7501,43.14
7502,400.96
7503,400
7504,On
7505,47.37
7506,41
7507,-1280
7508,44.25
7509,3.04
7510,-1.30
7511,7.84
7512,18.00
7513,C/L
7514,0
7515,1.04
7516,1.00
7517,79.10
7518,0
7519,0
7520,0
7521,0
7522,0
7523,0
7524,0
7525,0
7526,10.70
7527,79.68
7528,Off
7529,0.99
7530,0.66
7531,16.40
7532,3.51
7533,0.97
7534,10.59
7535,0.96
7536,10.20
7537,4.04
7538,10.20
7539,0
7540,128
7541,Off
7542,390.45
7543,0.71
7544,14.25
7545,OK
7546,0.94
7547,975
7548,14.25
7549,14.43
7550,1010
7551,Off
7552,0
7553,0.02
7554,-0.03
7555,2.88
7556,-0.18
7557,On
7558,Off
7559,Off
7560,Off
7561,Off
7562,88.50
7563,7.84
7564,0.02
7565,1.61
7566,43.53
7567,400.38
7568,400
7569,On
7570,46.27
7571,41
7572,-1280
7573,44.25
7574,3.67
7575,-1.30
7576,7.84
7577,18.00
7578,C/L
7579,0
7580,1.04
7581,1.00
7582,83.40
7583,0
7584,0
7585,0
7586,0
7587,0
7588,0
7589,0
7590,0.50
7591,15.44
7592,79.68
7593,Off
7594,1.01
7595,0.13
7596,0
7597,3.51
7598,1.01
7599,14.90
7600,1.13
7601,14.90
7602,3.86
7603,14.90
7604,0
7605,126
7606,Off
7607,390.45
7608,0.99
7609,19.78
7610,OK
7611,0.94
7612,975
7613,14.25
7614,14.36
7615,1100
7616,Off
7617,0
7618,-0.14
7619,-0.12
7620,-0.12
7621,0.44
7622,On
7623,Off
7624,Off
7625,Off
7626,Off
7627,87.75
7628,7.84
7629,0
7630,1.61
7631,43.14
7632,400.09
7633,400
7634,On
7635,47.54
7636,41
7637,-1280
7638,42.00
7639,3.73
7640,-1.30
7641,7.84
7642,18.00
7643,C/L
7644,0
7645,1.04
7646,1.00
7647,86.10
7648,0
7649,0
7650,0
7651,0
7652,0
7653,0
7654,0
7655,0
7656,13.15
7657,79.68
7658,Off
7659,1.01
7660,0.43
7661,0
7662,3.51
7663,1.01
7664,16.08
7665,1.19
7666,16.08
7667,3.83
7668,15.69
7669,0
7670,126
7671,Off
7672,390.45
7673,1.01
7674,20.29
7675,OK
7676,0.94
7677,975
7678,14.25
7679,14.43
7680,1120
7681,Off
7682,0
7683,0.16
7684,0.01
7685,0.20
7686,2.11
7687,On
7688,Off
7689,Off
7690,Off
7691,Off
7692,87.75
7693,7.84
7694,0
7695,1.61
7696,7.84
7697,398.93
7698,400
7699,On
7700,49.05
7701,41
7702,-1280
7703,38.25
7704,5.79
7705,-1.30
7706,41.57
7707,18.00
7708,C/L
7709,0
7710,1.04
7711,1.00
7712,97.70
7713,0
7714,0
7715,0
7716,0
7717,0
7718,0
7719,0
7720,0
7721,13.12
7722,79.68
7723,Off
7724,1.01
7725,0.64
7726,0
7727,3.51
7728,1.00
7729,12.94
7730,1.03
7731,11.76
7732,3.99
7733,11.76
7734,0
7735,128
7736,Off
7737,390.45
7738,0.87
7739,17.39
7740,OK
7741,0.95
7742,975
7743,14.25
7744,14.50
7745,1050
7746,Off
7747,0
7748,0.23
7749,-0.21
7750,0.64
7751,-0.14
7752,On
7753,Off
7754,Off
7755,Off
7756,Off
7757,88.50
7758,7.84
7759,0
7760,1.61
7761,42.35
7762,403.57
7763,400
7764,On
7765,47.63
7766,41
7767,-1280
7768,42.00
7769,3.58
7770,-1.30
7771,7.84
7772,18.00
7773,C/L
7774,0
7775,1.04
7776,1.00
7777,79.10
7778,0
7779,0
7780,0
7781,0
7782,0
7783,0
7784,0
7785,0
7786,16.49
7787,79.68
7788,Off
7789,0.99
7790,0.61
7791,0
7792,3.51
7793,0.99
7794,15.29
7795,1.14
7796,15.29
7797,3.86
7798,15.29
7799,0
7800,127
7801,Off
7802,390.45
7803,0.99
7804,19.92
7805,OK
7806,0.95
7807,975
7808,14.25
7809,14.50
7810,1110
7811,Off
7812,0
7813,0.19
7814,-0.05
7815,0.24
7816,0.27
7817,On
7818,Off
7819,Off
7820,Off
7821,Off
7822,88.50
7823,7.84
7824,0
7825,1.61
7826,7.84
7827,401.25
7828,400
7829,On
7830,48.48
7831,41
7832,-1280
7833,39.75
7834,5.05
7835,-1.30
7836,46.67
7837,18.00
7838,C/L
7839,0
7840,1.04
7841,1.00
7842,111.70
7843,0
7844,0
7845,0
7846,0
7847,0
7848,0
7849,0
7850,1.50
7851,15.88
7852,79.68
7853,Off
7854,0.99
7855,0.62
7856,0
7857,3.51
7858,1.00
7859,15.69
7860,1.16
7861,15.69
7862,3.85
7863,15.69
7864,0
7865,130
7866,Off
7867,390.45
7868,1.04
7869,21.07
7870,OK
7871,0.95
7872,975
7873,14.25
7874,14.50
7875,1160
7876,Off
7877,0
7878,0.11
7879,0.03
7880,0.16
7881,4.02
7882,On
7883,Off
7884,Off
7885,Off
7886,Off
7887,88.50
7888,7.84
7889,0
7890,1.61
7891,41.96
7892,398.56
7893,400
7894,On
7895,48.36
7896,41
7897,-1280
7898,41.25
7899,4.50
7900,-1.30
7901,7.84
7902,18.75
7903,C/L
7904,0
7905,1.05
7906,1.00
7907,95.20
7908,0
7909,0
7910,0
7911,0
7912,0
7913,0
7914,0
7915,0
7916,11.95
7917,79.68
7918,Off
7919,1.00
7920,0.68
7921,0
7922,3.51
7923,0.97
7924,9.80
7925,0.91
7926,9.02
7927,4.09
7928,9.02
7929,0
7930,130
7931,Off
7932,390.45
7933,0.70
7934,13.77
7935,OK
7936,0.95
7937,975
7938,14.25
7939,14.29
7940,1010
7941,Off
7942,0
7943,0.02
7944,-0.25
7945,3.47
7946,-0.18
7947,On
7948,Off
7949,Off
7950,Off
7951,Off
7952,88.50
7953,7.84
7954,0
7955,1.61
7956,43.14
7957,404.94
7958,400
7959,On
7960,46.20
7961,41
7962,-1280
7963,44.25
7964,2.94
7965,-1.30
7966,7.84
7967,18.00
7968,C/L
7969,0
7970,1.04
7971,1.00
7972,62.80
7973,0
7974,0
7975,0
7976,0
7977,0
7978,0
7979,1.50
7980,0
7981,8.87
7982,79.68
7983,Off
7984,0.99
7985,0.57
7986,0
7987,3.51
7988,0.97
7989,9.02
7990,0.91
7991,9.02
7992,4.10
7993,9.02
7994,0
7995,125
7996,Off
7997,390.45
7998,0.71
7999,14.18
8000,OK
8001,0.94
8002,975
8003,14.25
8004,14.36
8005,990
8006,Off
8007,0
8008,0.28
8009,-0.31
8010,0.16
8011,-0.20
8012,On
8013,Off
8014,Off
8015,Off
8016,Off
8017,88.50
8018,7.84
8019,0
8020,1.61
8021,43.53
8022,394.73
8023,400
8024,On
8025,47.24
8026,41
8027,-1280
8028,43.50
8029,2.99
8030,-1.30
8031,7.84
8032,17.25
8033,C/L
8034,0
8035,1.04
8036,1.00
8037,63
8038,0
8039,0
8040,0
8041,0
8042,0
8043,0
8044,2.50
8045,0
8046,9.22
8047,79.68
8048,Off
8049,1.00
8050,0.33
8051,0
8052,3.51
8053,0.97
8054,12.16
8055,1.04
8056,12.55
8057,3.96
8058,13.33
8059,0
8060,122
8061,Off
8062,390.45
8063,0.90
8064,18.10
8065,OK
8066,0.94
8067,975
8068,14.25
8069,14.43
8070,1060
8071,Off
8072,0
8073,0.07
8074,-0.25
8075,0.33
8076,-0.20
8077,On
8078,Off
8079,Off
8080,Off
8081,Off
8082,88.50
8083,7.84
8084,0
8085,1.61
8086,43.53
8087,401.25
8088,400
8089,On
8090,47.49
8091,41
8092,-1280
8093,42.00
8094,3.75
8095,-1.30
8096,7.84
8097,18.00
8098,C/L
8099,0
8100,1.04
8101,1.00
8102,81.00
8103,0
8104,0
8105,0
8106,0
8107,0
8108,0
8109,0
8110,0
8111,13.02
8112,79.68
8113,Off
8114,1.01
8115,0.62
8116,0
8117,3.51
8118,1.01
8119,12.94
8120,1.06
8121,12.94
8122,3.94
8123,12.94
8124,0
8125,123
8126,Off
8127,390.45
8128,0.95
8129,18.93
8130,OK
8131,0.94
8132,975
8133,14.25
8134,14.50
8135,1080
8136,Off
8137,0
8138,0.01
8139,-0.30
8140,0.30
8141,-0.17
8142,On
8143,Off
8144,Off
8145,Off
8146,Off
8147,87.75
8148,7.84
8149,0
8150,1.61
8151,43.14
8152,398.20
8153,400
8154,On
8155,48.49
8156,41
8157,-1280
8158,38.25
8159,5.40
8160,-1.30
8161,45.88
8162,18.00
8163,C/L
8164,0
8165,1.04
8166,1.00
8167,111.20
8168,0
8169,0
8170,0
8171,0
8172,0
8173,0
8174,0
8175,2
8176,15.85
8177,79.68
8178,Off
8179,0.99
8180,0.52
8181,0
8182,3.51
8183,1.03
8184,15.69
8185,1.16
8186,15.69
8187,3.84
8188,15.69
8189,0
8190,126
8191,Off
8192,390.45
8193,1.01
8194,20.29
8195,OK
8196,0.94
8197,975
8198,14.25
8199,14.57
8200,1120
8201,Off
8202,0
8203,-0.06
8204,-0.11
8205,-0.11
8206,2.11
8207,On
8208,Off
8209,Off
8210,Off
8211,Off
8212,87.75
8213,7.84
8214,0.19
8215,1.61
8216,7.84
8217,400.38
8218,400
8219,On
8220,48.27
8221,41
8222,-1280
8223,39.00
8224,5.20
8225,-1.30
8226,46.27
8227,18.75
8228,C/L
8229,0
8230,1.04
8231,1.00
8232,112.50
8233,0
8234,0
8235,0
8236,0
8237,0
8238,0
8239,0
8240,2
8241,15.82
8242,79.68
8243,Off
8244,0.99
8245,0.65
8246,29.29
8247,3.51
8248,1.00
8249,15.69
8250,1.16
8251,15.69
8252,3.85
8253,15.29
8254,0
8255,127
8256,Off
8257,390.45
8258,1.01
8259,20.29
8260,OK
8261,0.95
8262,975
8263,14.25
8264,14.36
8265,1120
8266,Off
8267,0
8268,0.27
8269,0.11
8270,0.24
8271,2.11
8272,On
8273,Off
8274,Off
8275,Off
8276,Off
8277,87.75
8278,7.84
8279,2.38
8280,1.61
8281,7.84
8282,395.52
8283,400
8284,On
8285,48.47
8286,41
8287,-1280
8288,40.50
8289,4.67
8290,-1.30
8291,46.67
8292,18.75
8293,C/L
8294,0
8295,1.04
8296,1.00
8297,106.40
8298,0
8299,0
8300,0
8301,0
8302,0
8303,0
8304,0
8305,0
8306,15.12
8307,79.68
8308,Off
8309,0.99
8310,0.62
8311,99.60
8312,3.51
8313,0.98
8314,14.90
8315,1.13
8316,14.90
8317,3.87
8318,14.90
8319,0
8320,128
8321,Off
8322,390.45
8323,0.98
8324,19.51
8325,OK
8326,0.95
8327,975
8328,14.25
8329,14.43
8330,1100
8331,Off
8332,0
8333,0.32
8334,-0.16
8335,0.45
8336,-0.12
8337,On
8338,Off
8339,Off
8340,Off
8341,Off
8342,88.50
8343,7.84
8344,3.07
8345,1.61
8346,42.35
8347,400.16
8348,400
8349,On
8350,47.59
8351,41
8352,-1280
8353,43.50
8354,3.26
8355,-1.30
8356,7.84
8357,18.75
8358,C/L
8359,0
8360,1.04
8361,1.00
8362,104.30
8363,0
8364,0
8365,0
8366,0
8367,0
8368,0
8369,0
8370,1.50
8371,15.99
8372,79.68
8373,Off
8374,1.01
8375,0.51
8376,99.60
8377,3.51
8378,1.03
8379,15.69
8380,1.17
8381,16.08
8382,3.83
8383,15.69
8384,0
8385,128
8386,Off
8387,390.45
8388,1.03
8389,20.60
8390,OK
8391,0.95
8392,975
8393,14.25
8394,14.36
8395,1130
8396,Off
8397,0
8398,0.14
8399,0.55
8400,0.17
8401,-0.22
8402,On
8403,Off
8404,Off
8405,Off
8406,Off
8407,88.50
8408,7.84
8409,2.66
8410,1.61
8411,42.35
8412,398.20
8413,400
8414,On
8415,48.04
8416,41
8417,-1280
8418,42.00
8419,4.06
8420,-1.30
8421,7.84
8422,18.75
8423,C/L
8424,0
8425,1.04
8426,1.00
8427,91.20
8428,0
8429,0
8430,0
8431,0
8432,0
8433,0
8434,0
8435,0
8436,12.85
8437,79.68
8438,Off
8439,1.02
8440,0.50
8441,99.60
8442,3.51
8443,1.00
8444,12.94
8445,1.06
8446,12.94
8447,3.95
8448,12.55
8449,0
8450,128
8451,Off
8452,390.45
8453,0.89
8454,17.85
8455,OK
8456,0.95
8457,975
8458,14.25
8459,14.43
8460,1060
8461,Off
8462,0
8463,0.35
8464,-0.25
8465,0.50
8466,0.08
8467,On
8468,Off
8469,Off
8470,Off
8471,Off
8472,88.50
8473,7.84
8474,2.32
8475,1.61
8476,7.84
8477,401.46
8478,400
8479,On
8480,48.52
8481,41
8482,-1280
8483,39.75
8484,5.17
8485,-1.30
8486,46.27
8487,18.75
8488,C/L
8489,0
8490,1.04
8491,1.00
8492,118
8493,0
8494,0
8495,0
8496,0
8497,0
8498,0
8499,0
8500,0
8501,14.01
8502,79.68
8503,Off
8504,0.99
8505,0.59
8506,99.60
8507,3.51
8508,0.98
8509,13.73
8510,1.09
8511,14.12
8512,3.90
8513,13.73
8514,0
8515,131
8516,Off
8517,390.45
8518,0.94
8519,18.86
8520,OK
8521,0.95
8522,975
8523,14.25
8524,14.50
8525,1090
8526,Off
8527,0
8528,0.41
8529,0
8530,0.24
8531,-0.04
8532,On
8533,Off
8534,Off
8535,Off
8536,Off
8537,88.50
8538,7.84
8539,2.84
8540,1.61
8541,42.35
8542,398.93
8543,400
8544,On
8545,48.16
8546,41
8547,-1280
8548,41.25
8549,4.23
8550,-1.30
8551,7.84
8552,18.75
8553,C/L
8554,0
8555,1.04
8556,1.00
8557,99.40
8558,0
8559,0
8560,0
8561,0
8562,0
8563,0
8564,0
8565,0
8566,14.35
8567,79.68
8568,Off
8569,1.03
8570,0.71
8571,99.60
8572,3.51
8573,0.97
8574,12.94
8575,1.06
8576,12.94
8577,3.93
8578,12.94
8579,0
8580,131
8581,Off
8582,390.45
8583,0.88
8584,17.61
8585,OK
8586,0.95
8587,975
8588,14.25
8589,14.43
8590,1060
8591,Off
8592,0
8593,0.24
8594,-0.10
8595,0.45
8596,-0.17
8597,On
8598,Off
8599,Off
8600,Off
8601,Off
8602,88.50
8603,7.84
8604,3.13
8605,1.61
8606,42.35
8607,399.94
8608,400
8609,On
8610,46.99
8611,41
8612,-1280
8613,45.00
8614,2.79
8615,-1.30
8616,7.84
8617,18.00
8618,C/L
8619,0
8620,1.04
8621,1.00
8622,68.30
8623,0
8624,0
8625,0
8626,0
8627,0
8628,0
8629,0.50
8630,0
8631,9.35
8632,79.68
8633,Off
8634,1.00
8635,0.47
8636,79.29
8637,3.51
8638,0.99
8639,9.02
8640,0.91
8641,9.02
8642,4.10
8643,9.02
8644,0
8645,130
8646,Off
8647,390.45
8648,0.80
8649,16.93
8650,OK
8651,0.95
8652,975
8653,14.25
8654,14.57
8655,1030
8656,Off
8657,0
8658,0.27
8659,-0.24
8660,0.56
8661,-0.14
8662,On
8663,Off
8664,Off
8665,Off
8666,Off
8667,88.50
8668,7.84
8669,3.11
8670,1.61
8671,42.35
8672,399.58
8673,400
8674,On
8675,47.59
8676,41
8677,-1280
8678,42.75
8679,3.26
8680,-1.30
8681,7.84
8682,18.00
8683,C/L
8684,0
8685,1.04
8686,1.00
8687,63.20
8688,0
8689,0
8690,0
8691,0
8692,0
8693,0
8694,1
8695,0
8696,10.04
8697,79.68
8698,Off
8699,1.00
8700,0.51
8701,99.60
8702,3.51
8703,1.01
8704,9.80
8705,0.95
8706,11.37
8707,3.99
8708,13.73
8709,0
8710,128
8711,Off
8712,390.45
8713,0.92
8714,18.53
8715,OK
8716,0.95
8717,975
8718,14.25
8719,14.50
8720,1070
8721,Off
8722,0
8723,0.23
8724,-0.19
8725,0.55
8726,-0.15
8727,On
8728,Off
8729,Off
8730,Off
8731,Off
8732,88.50
8733,7.84
8734,3.05
8735,1.61
8736,43.14
8737,400.67
8738,400
8739,On
8740,47.48
8741,41
8742,-1280
8743,42.75
8744,4.27
8745,-1.30
8746,7.84
8747,18.00
8748,C/L
8749,0
8750,1.04
8751,1.00
8752,105.40
8753,0
8754,0
8755,0
8756,0
8757,0
8758,0
8759,0
8760,0
8761,14.88
8762,79.68
8763,Off
8764,0.99
8765,0.44
8766,99.60
8767,3.51
8768,1.02
8769,14.51
8770,1.12
8771,14.51
8772,3.88
8773,14.51
8774,0
8775,130
8776,Off
8777,390.45
8778,0.98
8779,19.61
8780,OK
8781,0.95
8782,975
8783,14.25
8784,14.43
8785,1100
8786,Off
8787,0
8788,0.29
8789,0
8790,0.67
8791,-0.12
8792,On
8793,Off
8794,Off
8795,Off
8796,Off
8797,88.50
8798,7.84
8799,3.08
8800,1.61
8801,43.14
8802,404.44
8803,400
8804,On
8805,47.29
8806,41
8807,-1280
8808,45.00
8809,2.19
8810,-1.30
8811,7.84
8812,18.75
8813,C/L
8814,0
8815,1.04
8816,1.00
8817,63.10
8818,0
8819,0
8820,0
8821,0
8822,0
8823,0
8824,0
8825,0
8826,14.89
8827,79.68
8828,Off
8829,1.02
8830,0.63
8831,60.93
8832,3.51
8833,1.00
8834,13.73
8835,1.08
8836,13.73
8837,3.91
8838,13.33
8839,0
8840,128
8841,Off
8842,390.45
8843,0.95
8844,19.02
8845,OK
8846,0.95
8847,975
8848,14.25
8849,14.43
8850,1090
8851,Off
8852,0
8853,0.40
8854,-0.14
8855,0.53
8856,-0.04
8857,On
8858,Off
8859,Off
8860,Off
8861,Off
8862,88.50
8863,7.84
8864,0
8865,1.61
8866,7.84
8867,399.58
8868,400
8869,On
8870,48.44
8871,42
8872,-1280
8873,39.00
8874,5.35
8875,-1.30
8876,46.67
8877,18.00
8878,C/L
8879,0
8880,1.04
8881,1.00
8882,133.60
8883,0
8884,0
8885,0
8886,0
8887,0
8888,0
8889,0
8890,5.50
8891,17.23
8892,79.68
8893,Off
8894,0.99
8895,0.36
8896,0
8897,3.51
8898,1.04
8899,16.86
8900,1.21
8901,16.86
8902,3.79
8903,16.86
8904,0
8905,130
8906,Off
8907,390.45
8908,1.06
8909,21.39
8910,OK
8911,0.95
8912,975
8913,14.25
8914,14.50
8915,1170
8916,Off
8917,0
8918,0.22
8919,0
8920,0.31
8921,5.28
8922,On
8923,Off
8924,Off
8925,Off
8926,Off
8927,88.50
8928,7.84
8929,0
8930,1.61
8931,43.53
8932,398.06
8933,400
8934,On
8935,48.05
8936,42
8937,-1280
8938,41.25
8939,4.53
8940,-1.30
8941,7.84
8942,18.75
8943,C/L
8944,0
8945,1.04
8946,1.00
8947,103.40
8948,0
8949,0
8950,0
8951,0
8952,0
8953,0
8954,0
8955,0
8956,15.33
8957,79.68
8958,Off
8959,1.01
8960,0.66
8961,0
8962,3.51
8963,1.02
8964,16.47
8965,1.29
8966,20.39
8967,3.69
8968,19.61
8969,11.31
8970,128
8971,Off
8972,390.45
8973,1.15
8974,23.28
8975,OK
8976,0.95
8977,975
8978,14.25
8979,14.43
8980,1230
8981,Off
8982,0
8983,-0.03
8984,0.76
8985,0
8986,10.14
8987,On
8988,Off
8989,Off
8990,Off
8991,Off
8992,88.50
8993,7.84
8994,0
8995,1.61
8996,45.88
8997,398.56
8998,400
8999,On
9000,48.61
9001,42
9002,-1280
9003,42.00
9004,4.09
9005,-1.30
9006,7.84
9007,18.75
9008,C/L
9009,0
9010,1.05
9011,1.00
9012,97.00
9013,0
9014,0
9015,0
9016,0
9017,0
9018,0
9019,0
9020,0
9021,12.70
9022,79.68
9023,Off
9024,0.99
9025,0.28
9026,0
9027,3.51
9028,1.01
9029,12.55
9030,1.05
9031,12.55
9032,3.95
9033,12.16
9034,0
9035,128
9036,Off
9037,390.45
9038,0.81
9039,16.10
9040,OK
9041,0.95
9042,975
9043,14.25
9044,14.43
9045,1040
9046,Off
9047,0
9048,0.12
9049,-0.08
9050,0.66
9051,-0.18
9052,On
9053,Off
9054,Off
9055,Off
9056,Off
9057,88.50
9058,7.84
9059,0
9060,1.61
9061,43.14
9062,398.78
9063,400
9064,On
9065,47.05
9066,42
9067,-1280
9068,44.25
9069,2.40
9070,-1.30
9071,7.84
9072,18.75
9073,C/L
9074,0
9075,1.04
9076,1.00
9077,51.10
9078,0
9079,0
9080,0
9081,0
9082,0
9083,0
9084,1
9085,0
9086,10.69
9087,79.68
9088,Off
9089,1.00
9090,0.67
9091,0
9092,3.51
9093,0.99
9094,9.80
9095,0.93
9096,9.02
9097,4.09
9098,9.02
9099,0
9100,125
9101,Off
9102,390.45
9103,0.73
9104,14.49
9105,OK
9106,0.95
9107,975
9108,14.25
9109,14.43
9110,1010
9111,Off
9112,0
9113,-0.59
9114,-0.27
9115,4.06
9116,-0.11
9117,On
9118,Off
9119,Off
9120,Off
9121,Off
9122,88.50
9123,7.84
9124,0
9125,1.61
9126,43.14
9127,401.83
9128,400
9129,On
9130,46.51
9131,42
9132,-1280
9133,44.25
9134,2.46
9135,-1.30
9136,7.84
9137,17.25
9138,C/L
9139,0
9140,1.04
9141,1.00
9142,56.30
9143,0
9144,0
9145,0
9146,0
9147,0
9148,0
9149,2
9150,0
9151,9.81
9152,79.68
9153,Off
9154,1.01
9155,0.56
9156,0
9157,3.51
9158,0.95
9159,10.98
9160,0.98
9161,10.59
9162,4.03
9163,10.59
9164,0
9165,125
9166,Off
9167,390.45
9168,0.79
9169,15.76
9170,OK
9171,0.94
9172,975
9173,14.25
9174,14.43
9175,1020
9176,Off
9177,0
9178,-0.59
9179,-0.22
9180,1.24
9181,-0.22
9182,On
9183,Off
9184,Off
9185,Off
9186,Off
9187,88.50
9188,7.84
9189,0
9190,1.61
9191,44.71
9192,400.67
9193,400
9194,On
9195,46.94
9196,42
9197,-1280
9198,44.25
9199,2.24
9200,-1.30
9201,7.84
9202,17.25
9203,C/L
9204,0
9205,1.04
9206,1.00
9207,48.40
9208,0
9209,0
9210,0
9211,0
9212,0
9213,0
9214,3
9215,0
9216,9.06
9217,79.68
9218,Off
9219,1.01
9220,0.53
9221,0
9222,3.51
9223,0.97
9224,9.02
9225,0.90
9226,8.63
9227,4.10
9228,8.63
9229,0
9230,122
9231,Off
9232,390.45
9233,0.71
9234,14.16
9235,OK
9236,0.94
9237,975
9238,14.25
9239,14.36
9240,1000
9241,Off
9242,0
9243,0.05
9244,-0.13
9245,3.45
9246,-0.25
9247,On
9248,Off
9249,Off
9250,Off
9251,Off
9252,88.50
9253,7.84
9254,0
9255,1.61
9256,43.53
9257,396.82
9258,400
9259,On
9260,47.12
9261,42
9262,-1280
9263,41.25
9264,3.84
9265,-1.30
9266,7.84
9267,17.25
9268,C/L
9269,0
9270,1.04
9271,1.00
9272,85.30
9273,0
9274,0
9275,0
9276,0
9277,0
9278,0
9279,0
9280,0
9281,13.00
9282,79.68
9283,Off
9284,0.99
9285,0.22
9286,0
9287,3.51
9288,1.02
9289,12.55
9290,1.05
9291,12.55
9292,3.95
9293,12.55
9294,0
9295,121
9296,Off
9297,390.45
9298,0.90
9299,18.14
9300,OK
9301,0.94
9302,975
9303,14.25
9304,14.64
9305,1060
9306,Off
9307,0
9308,0.16
9309,-0.30
9310,0.33
9311,-0.25
9312,On
9313,Off
9314,Off
9315,Off
9316,Off
9317,87.75
9318,7.84
9319,0
9320,1.61
9321,43.53
9322,399.36
9323,400
9324,On
9325,47.93
9326,42
9327,-1280
9328,40.50
9329,4.69
9330,-1.30
9331,7.84
9332,17.25
9333,C/L
9334,0
9335,1.04
9336,1.00
9337,96.30
9338,0
9339,0
9340,0
9341,0
9342,0
9343,0
9344,0
9345,3.50
9346,16.06
9347,79.68
9348,Off
9349,1.01
9350,0.75
9351,0
9352,3.51
9353,1.01
9354,16.47
9355,1.20
9356,16.86
9357,3.81
9358,16.08
9359,0
9360,123
9361,Off
9362,390.45
9363,1.05
9364,21.21
9365,OK
9366,0.94
9367,975
9368,13.50
9369,14.43
9370,1150
9371,Off
9372,0
9373,-0.21
9374,-0.10
9375,-0.20
9376,5.53
9377,On
9378,Off
9379,Off
9380,Off
9381,Off
9382,87.75
9383,7.84
9384,0
9385,1.61
9386,7.84
9387,402.04
9388,400
9389,On
9390,47.83
9391,42
9392,-1280
9393,39.75
9394,4.98
9395,-1.30
9396,45.88
9397,18.00
9398,C/L
9399,0
9400,1.04
9401,1.00
9402,102.20
9403,0
9404,0
9405,0
9406,0
9407,0
9408,0
9409,0
9410,0
9411,14.97
9412,79.68
9413,Off
9414,1.00
9415,0.35
9416,0
9417,3.51
9418,1.03
9419,14.90
9420,1.13
9421,14.90
9422,3.88
9423,14.51
9424,0
9425,126
9426,Off
9427,390.45
9428,1.11
9429,22.60
9430,OK
9431,0.94
9432,975
9433,13.50
9434,14.43
9435,1210
9436,Off
9437,0
9438,-0.47
9439,-0.05
9440,-0.39
9441,14.33
9442,On
9443,Off
9444,Off
9445,Off
9446,Off
9447,87.75
9448,7.84
9449,0
9450,1.61
9451,7.84
9452,398.64
9453,400
9454,On
9455,48.88
9456,42
9457,-1280
9458,37.50
9459,5.97
9460,-1.30
9461,42.35
9462,18.00
9463,C/L
9464,0
9465,1.05
9466,1.00
9467,101.50
9468,0
9469,0
9470,0
9471,0
9472,0
9473,0
9474,0
9475,0
9476,14.60
9477,79.68
9478,Off
9479,1.00
9480,0.52
9481,4.30
9482,3.51
9483,1.01
9484,14.51
9485,1.11
9486,14.51
9487,3.90
9488,11.37
9489,0
9490,128
9491,Off
9492,390.45
9493,0.50
9494,9.75
9495,OK
9496,0.95
9497,975
9498,13.50
9499,14.43
9500,1030
9501,Off
9502,0
9503,0.39
9504,-0.08
9505,0.47
9506,-0.14
9507,On
9508,Off
9509,Off
9510,Off
9511,Off
9512,88.50
9513,7.84
9514,0
9515,1.61
9516,7.84
9517,419.66
9518,400
9519,On
9520,10.00
9521,42
9522,-1280
9523,1.50
9524,0.79
9525,-1.30
9526,7.84
9527,18.00
9528,O/L
9529,0
9530,1.05
9531,1.00
9532,22.10
9533,0
9534,0
9535,0
9536,0
9537,0
9538,0
9539,0.50
9540,0
9541,10.98
9542,79.68
9543,Off
9544,0.89
9545,0.78
9546,0
9547,3.51
9548,0.99
9549,9.02
9550,0.91
9551,9.02
9552,4.11
9553,7.84
9554,0
9555,121
9556,Off
9557,390.45
9558,0.67
9559,13.28
9560,OK
9561,0.94
9562,975
9563,14.25
9564,14.43
9565,990
9566,Off
9567,0
9568,0.06
9569,-0.11
9570,4.44
9571,-0.11
9572,On
9573,Off
9574,Off
9575,Off
9576,Off
9577,88.50
9578,7.84
9579,0.01
9580,1.61
9581,7.84
9582,397.40
9583,400
9584,On
9585,49.58
9586,42
9587,-1280
9588,33.75
9589,6.54
9590,-1.30
9591,43.53
9592,17.25
9593,C/L
9594,0
9595,1.05
9596,1.00
9597,93.40
9598,0
9599,0
9600,0
9601,0
9602,0
9603,0
9604,0
9605,0
9606,12.73
9607,79.68
9608,Off
9609,1.00
9610,0.77
9611,18.36
9612,3.51
9613,0.99
9614,12.94
9615,1.07
9616,13.33
9617,3.93
9618,12.94
9619,0
9620,120
9621,Off
9622,390.45
9623,0.91
9624,18.98
9625,OK
9626,0.94
9627,975
9628,14.25
9629,14.50
9630,1120
9631,Off
9632,0
9633,-0.22
9634,-2.30
9635,-0.31
9636,12.60
9637,On
9638,Off
9639,Off
9640,Off
9641,Off
9642,88.50
9643,7.84
9644,0.18
9645,1.61
9646,7.84
9647,398.56
9648,400
9649,On
9650,51.36
9651,42
9652,-1280
9653,30.75
9654,9.33
9655,-1.30
9656,40.39
9657,18.00
9658,C/L
9659,0
9660,1.05
9661,1.00
9662,94.20
9663,0
9664,0
9665,0
9666,0
9667,0
9668,0
9669,0
9670,0
9671,14.42
9672,79.68
9673,Off
9674,1.00
9675,0.72
9676,99.60
9677,3.51
9678,0.98
9679,10.98
9680,0.98
9681,10.98
9682,4.01
9683,10.98
9684,0
9685,125
9686,Off
9687,390.45
9688,0.84
9689,16.57
9690,OK
9691,0.94
9692,975
9693,14.25
9694,14.29
9695,1030
9696,Off
9697,0
9698,-0.13
9699,-0.25
9700,0.53
9701,-0.31
9702,On
9703,Off
9704,Off
9705,Off
9706,Off
9707,88.50
9708,7.84
9709,2.60
9710,1.61
9711,42.75
9712,399.94
9713,400
9714,On
9715,47.34
9716,42
9717,-1280
9718,42.00
9719,3.62
9720,-1.30
9721,7.84
9722,18.00
9723,C/L
9724,0
9725,1.05
9726,1.00
9727,58.80
9728,0
9729,0
9730,0
9731,0
9732,0
9733,0
9734,0.50
9735,0
9736,11.86
9737,79.68
9738,Off
9739,0.98
9740,0.70
9741,99.60
9742,3.51
9743,0.98
9744,11.76
9745,1.01
9746,11.76
9747,4.00
9748,11.37
9749,0
9750,123
9751,Off
9752,390.45
9753,0.85
9754,17.01
9755,OK
9756,0.94
9757,975
9758,14.25
9759,14.43
9760,1040
9761,Off
9762,0
9763,0.03
9764,-0.17
9765,0.39
9766,-0.23
9767,On
9768,Off
9769,Off
9770,Off
9771,Off
9772,88.50
9773,7.84
9774,3.01
9775,1.61
9776,43.53
9777,395.74
9778,400
9779,On
9780,47.97
9781,42
9782,-1280
9783,34.50
9784,6.70
9785,-1.30
9786,47.45
9787,18.00
9788,C/L
9789,0
9790,1.05
9791,1.00
9792,178.60
9793,0
9794,0
9795,0
9796,0
9797,0
9798,0
9799,0
9800,9.50
9801,16.75
9802,79.68
9803,Off
9804,0.93
9805,0.83
9806,72.65
9807,3.51
9808,0.99
9809,16.47
9810,1.15
9811,14.90
9812,3.87
9813,14.90
9814,2.73
9815,127
9816,Off
9817,390.45
9818,0.97
9819,19.39
9820,OK
9821,0.94
9822,975
9823,14.25
9824,14.57
9825,1110
9826,Off
9827,0
9828,0.35
9829,-0.17
9830,0.45
9831,-0.18
9832,On
9833,Off
9834,Off
9835,Off
9836,Off
9837,88.50
9838,7.84
9839,3.22
9840,1.61
9841,45.10
9842,403.20
9843,400
9844,On
9845,46.69
9846,42
9847,-1280
9848,44.25
9849,2.12
9850,-1.30
9851,7.84
9852,18.75
9853,C/L
9854,0
9855,1.05
9856,1.00
9857,51.50
9858,0
9859,0
9860,0
9861,0
9862,0
9863,0
9864,2
9865,0
9866,9.45
9867,79.68
9868,Off
9869,1.00
9870,0.52
9871,68.35
9872,3.51
9873,0.99
9874,5.49
9875,0.78
9876,5.49
9877,4.23
9878,5.10
9879,0
9880,125
9881,Off
9882,390.45
9883,0.54
9884,10.79
9885,OK
9886,0.94
9887,975
9888,14.25
9889,14.36
9890,1000
9891,Off
9892,0
9893,0.47
9894,-0.28
9895,0.42
9896,-0.14
9897,On
9898,Off
9899,Off
9900,Off
9901,Off
9902,88.50
9903,7.84
9904,0
9905,1.61
9906,43.14
9907,400.38
9908,400
9909,On
9910,46.87
9911,42
9912,-1280
9913,22.50
9914,5.31
9915,-1.30
9916,48.63
9917,17.25
9918,C/L
9919,0
9920,1.05
9921,1.00
9922,104.20
9923,0
9924,0
9925,0
9926,0
9927,0
9928,0
9929,0.50
9930,0
9931,11.87
9932,79.68
9933,Off
9934,0.98
9935,0.12
9936,2.73
9937,3.51
9938,1.00
9939,10.98
9940,0.98
9941,10.98
9942,4.02
9943,11.37
9944,0
9945,121
9946,Off
9947,390.45
9948,0.93
9949,19.51
9950,OK
9951,0.94
9952,975
9953,14.25
9954,14.43
9955,1100
9956,Off
9957,0
9958,-0.13
9959,-0.27
9960,0.36
9961,-0.20
9962,On
9963,Off
9964,Off
9965,Off
9966,Off
9967,88.50
9968,7.84
9969,2.69
9970,1.61
9971,44.71
9972,403.57
9973,400
9974,On
9975,47.04
9976,42
9977,-1280
9978,42.75
9979,2.99
9980,-1.30
9981,7.84
9982,18.00
9983,C/L
9984,0
9985,1.05
9986,1.00
9987,26.70
9988,0
9989,0
9990,0
9991,0
9992,0
9993,0
9994,4
9995,0
9996,7.65
9997,79.68
9998,Off
9999,0.95
10000,0.31
10001,67.96
10002,3.51
10003,0.99
10004,14.51
10005,1.12
10006,14.90
10007,3.88
10008,14.12
10009,0.39
10010,121
10011,Off
10012,390.45
10013,0.91
10014,18.34
10015,OK
10016,0.94
10017,975
10018,14.25
10019,14.36
10020,1060
10021,Off
10022,0
10023,-0.27
10024,-0.55
10025,-0.04
10026,2.53
10027,On
10028,Off
10029,Off
10030,Off
10031,Off
10032,87.75
10033,7.84
10034,2.17
10035,1.61
10036,7.84
10037,399.29
10038,400
10039,On
10040,47.37
10041,42
10042,-1280
10043,42.75
10044,3.28
10045,-1.30
10046,7.84
10047,18.00
10048,C/L
10049,0
10050,1.05
10051,1.00
10052,82.00
10053,0
10054,0
10055,0
10056,0
10057,0
10058,0
10059,0
10060,0
10061,15.00
10062,79.68
10063,Off
10064,1.02
10065,0.64
10066,99.60
10067,3.51
10068,0.97
10069,12.55
10070,1.05
10071,12.55
10072,3.94
10073,12.94
10074,0
10075,123
10076,Off
10077,390.45
10078,0.88
10079,17.69
10080,OK
10081,0.94
10082,975
10083,14.25
10084,14.50
10085,1060
10086,Off
10087,0
10088,-0.10
10089,-0.21
10090,0.24
10091,-0.29
10092,On
10093,Off
10094,Off
10095,Off
10096,Off
10097,87.75
10098,7.84
10099,3.18
10100,1.61
10101,43.53
10102,400.67
10103,400
10104,On
10105,47.42
10106,42
10107,-1280
10108,42.00
10109,3.50
10110,-1.30
10111,7.84
10112,18.00
10113,C/L
10114,0
10115,1.05
10116,1.00
10117,77.50
10118,0
10119,0
10120,0
10121,0
10122,0
10123,0
10124,0.50
10125,0
10126,11.50
10127,79.68
10128,Off
10129,1.02
10130,0.68
10131,99.60
10132,3.51
10133,0.97
10134,11.37
10135,1.00
10136,10.98
10137,4.02
10138,10.98
10139,0
10140,125
10141,Off
10142,390.45
10143,0.78
10144,15.66
10145,OK
10146,0.94
10147,975
10148,14.25
10149,14.43
10150,1020
10151,Off
10152,0
10153,-0.03
10154,-0.22
10155,0.53
10156,-0.25
10157,On
10158,Off
10159,Off
10160,Off
10161,Off
10162,87.75
10163,7.84
10164,3.22
10165,1.61
10166,44.31
10167,401.46
10168,400
10169,On
10170,46.87
10171,42
10172,-1280
10173,42.75
10174,3.17
10175,-1.30
10176,7.84
10177,18.00
10178,C/L
10179,0
10180,1.05
10181,1.00
10182,80.60
10183,0
10184,0
10185,0
10186,0
10187,0
10188,0
10189,0
10190,0
10191,15.15
10192,79.68
10193,Off
10194,1.02
10195,0.65
10196,99.60
10197,3.51
10198,1.02
10199,20.78
10200,1.35
10201,20.39
10202,3.77
10203,12.94
10204,0
10205,125
10206,Off
10207,390.45
10208,0.48
10209,9.05
10210,OK
10211,0.94
10212,975
10213,14.25
10214,14.71
10215,1040
10216,Off
10217,0
10218,0.45
10219,-0.17
10220,0.39
10221,-0.18
10222,On
10223,Off
10224,Off
10225,Off
10226,Off
10227,87.75
10228,7.84
10229,0
10230,1.61
10231,7.84
10232,419.08
10233,400
10234,On
10235,10.00
10236,42
10237,-1280
10238,43.50
10239,2.23
10240,-1.30
10241,7.84
10242,17.25
10243,O/L
10244,0
10245,1.05
10246,1.00
10247,126.70
10248,0
10249,0
10250,0
10251,0
10252,0
10253,0
10254,0
10255,5
10256,16.68
10257,79.68
10258,Off
10259,1.02
10260,0.51
10261,0
10262,3.51
10263,1.05
10264,23.53
10265,1.44
10266,22.75
10267,3.58
10268,22.35
10269,17.94
10270,123
10271,Off
10272,390.45
10273,1.19
10274,23.99
10275,OK
10276,0.94
10277,975
10278,14.25
10279,14.43
10280,1200
10281,Off
10282,0
10283,-0.30
10284,0.39
10285,-0.28
10286,7.20
10287,On
10288,Off
10289,Off
10290,Off
10291,Off
10292,87.75
10293,7.84
10294,3.14
10295,1.61
10296,43.53
10297,404.22
10298,400
10299,On
10300,47.45
10301,42
10302,-1280
10303,43.50
10304,2.97
10305,-1.30
10306,7.84
10307,18.00
10308,C/L
10309,0
10310,1.05
10311,1.00
10312,53.70
10313,0
10314,0
10315,0
10316,0
10317,0
10318,0
10319,1.50
10320,0
10321,9.64
10322,79.68
10323,Off
10324,1.00
10325,0.58
10326,99.60
10327,3.51
10328,0.98
10329,9.80
10330,0.94
10331,9.80
10332,3.99
10333,14.51
10334,1.56
10335,125
10336,Off
10337,390.45
10338,0.96
10339,19.47
10340,OK
10341,0.94
10342,975
10343,14.25
10344,14.43
10345,1090
10346,Off
10347,0
10348,-0.31
10349,-0.88
10350,-0.22
10351,5.05
10352,On
10353,Off
10354,Off
10355,Off
10356,Off
10357,87.75
10358,7.84
10359,2.97
10360,1.61
10361,43.92
10362,399.00
10363,400
10364,On
10365,47.85
10366,42
10367,-1280
10368,40.50
10369,4.13
10370,-1.30
10371,7.84
10372,18.75
10373,C/L
10374,0
10375,1.05
10376,1.00
10377,104.10
10378,0
10379,0
10380,0
10381,0
10382,0
10383,0
10384,0
10385,11
10386,33.65
10387,79.68
10388,Off
10389,1.09
10390,0.06
10391,99.60
10392,3.51
10393,1.09
10394,38.43
10395,1.70
10396,23.14
10397,3.61
10398,21.96
10399,16.77
10400,128
10401,Off
10402,390.45
10403,1.05
10404,20.59
10405,OK
10406,0.94
10407,975
10408,14.25
10409,14.36
10410,1130
10411,Off
10412,0
10413,0.31
10414,-0.24
10415,0.28
10416,-0.25
10417,On
10418,Off
10419,Off
10420,Off
10421,Off
10422,87.75
10423,7.84
10424,3.01
10425,1.61
10426,43.14
10427,402.26
10428,400
10429,On
10430,48.22
10431,42
10432,-1280
10433,40.50
10434,4.49
10435,-1.30
10436,7.84
10437,18.75
10438,C/L
10439,0
10440,1.05
10441,1.00
10442,64.90
10443,0
10444,0
10445,0
10446,0
10447,0
10448,0
10449,0
10450,0
10451,10.91
10452,79.68
10453,Off
10454,0.99
10455,0.74
10456,99.60
10457,3.51
10458,1.00
10459,10.20
10460,0.95
10461,9.80
10462,4.08
10463,8.63
10464,0
10465,128
10466,Off
10467,390.45
10468,0.75
10469,15.23
10470,OK
10471,0.94
10472,975
10473,14.25
10474,14.43
10475,1010
10476,Off
10477,0
10478,-0.06
10479,-0.10
10480,1.35
10481,-0.11
10482,On
10483,Off
10484,Off
10485,Off
10486,Off
10487,88.50
10488,7.84
10489,3.23
10490,1.61
10491,43.92
10492,399.94
10493,400
10494,On
10495,46.78
10496,42
10497,-1280
10498,43.50
10499,4.25
10500,-1.30
10501,7.84
10502,18.00
10503,C/L
10504,0
10505,1.05
10506,1.00
10507,46.60
10508,0
10509,0
10510,0
10511,0
10512,0
10513,0
10514,3.50
10515,0
10516,7.26
10517,79.68
10518,Off
10519,1.00
10520,0.15
10521,25.78
10522,3.51
10523,1.03
10524,12.94
10525,1.04
10526,11.76
10527,4.01
10528,10.98
10529,0
10530,125
10531,Off
10532,390.45
10533,0.77
10534,15.37
10535,OK
10536,0.94
10537,975
10538,14.25
10539,14.36
10540,1020
10541,Off
10542,0
10543,-0.94
10544,-0.19
10545,4.08
10546,-0.09
10547,On
10548,Off
10549,Off
10550,Off
10551,Off
10552,88.50
10553,7.84
10554,0
10555,1.61
10556,43.92
10557,401.54
10558,400
10559,On
10560,46.39
10561,42
10562,-1280
10563,33.00
10564,3.21
10565,-1.30
10566,7.84
10567,18.00
10568,C/L
10569,0
10570,1.04
10571,1.00
10572,104.50
10573,0
10574,0
10575,0
10576,0
10577,0
10578,0
10579,0
10580,0
10581,12.53
10582,79.68
10583,Off
10584,1.00
10585,0.17
10586,0
10587,3.51
10588,1.04
10589,8.63
10590,0.91
10591,9.02
10592,4.09
10593,9.02
10594,0
10595,121
10596,Off
10597,390.45
10598,0.73
10599,14.42
10600,OK
10601,0.93
10602,975
10603,14.25
10604,14.64
10605,1010
10606,Off
10607,0
10608,-0.06
10609,-0.24
10610,3.71
10611,-0.22
10612,On
10613,Off
10614,Off
10615,Off
10616,Off
10617,88.50
10618,7.84
10619,0
10620,1.61
10621,44.31
10622,404.15
10623,400
10624,On
10625,45.66
10626,42
10627,-1280
10628,44.25
10629,2.67
10630,-1.30
10631,7.84
10632,17.25
10633,C/L
10634,0
10635,1.04
10636,1.00
10637,77.90
10638,0
10639,0
10640,0
10641,0
10642,0
10643,0
10644,0
10645,0
10646,14.42
10647,79.68
10648,Off
10649,1.02
10650,0.70
10651,0
10652,3.51
10653,0.99
10654,14.90
10655,1.13
10656,14.90
10657,3.88
10658,14.51
10659,0
10660,118
10661,Off
10662,390.45
10663,0.98
10664,19.51
10665,OK
10666,0.93
10667,975
10668,15.00
10669,14.43
10670,1100
10671,Off
10672,0
10673,-0.19
10674,-0.73
10675,-0.15
10676,6.35
10677,On
10678,Off
10679,Off
10680,Off
10681,Off
10682,88.50
10683,7.84
10684,0
10685,1.61
10686,7.84
10687,396.82
10688,400
10689,On
10690,47.94
10691,42
10692,-1280
10693,39.00
10694,5.06
10695,-1.30
10696,45.49
10697,18.00
10698,C/L
10699,0
10700,1.04
10701,1.00
10702,90.00
10703,0
10704,0
10705,0
10706,0
10707,0
10708,0
10709,0
10710,0
10711,13.76
10712,79.68
10713,Off
10714,0.99
10715,0.54
10716,0
10717,3.51
10718,1.00
10719,15.29
10720,1.14
10721,16.08
10722,3.83
10723,16.86
10724,0
10725,120
10726,Off
10727,390.45
10728,1.04
10729,20.92
10730,OK
10731,0.94
10732,975
10733,14.25
10734,14.43
10735,1140
10736,Off
10737,0
10738,-0.25
10739,-0.03
10740,-0.29
10741,5.45
10742,On
10743,Off
10744,Off
10745,Off
10746,Off
10747,87.75
10748,7.84
10749,0
10750,1.61
10751,7.84
10752,398.56
10753,400
10754,On
10755,48.18
10756,42
10757,-1280
10758,40.50
10759,4.44
10760,-1.30
10761,7.84
10762,18.75
10763,C/L
10764,0
10765,1.04
10766,1.00
10767,92.10
10768,0
10769,0
10770,0
10771,0
10772,0
10773,0
10774,0
10775,0
10776,13.86
10777,79.68
10778,Off
10779,1.00
10780,0.72
10781,0
10782,3.51
10783,0.97
10784,13.73
10785,1.09
10786,13.73
10787,3.91
10788,13.33
10789,0
10790,123
10791,Off
10792,390.45
10793,0.87
10794,17.08
10795,OK
10796,0.94
10797,975
10798,14.25
10799,14.43
10800,1040
10801,Off
10802,0
10803,-0.10
10804,-0.24
10805,0.14
10806,-0.22
10807,On
10808,Off
10809,Off
10810,Off
10811,Off
10812,88.50
10813,7.84
10814,0
10815,1.61
10816,43.14
10817,400.96
10818,400
10819,On
10820,47.69
10821,42
10822,-1280
10823,41.25
10824,4.02
10825,-1.30
10826,7.84
10827,18.75
10828,C/L
10829,0
10830,1.04
10831,1.00
10832,69
10833,0
10834,0
10835,0
10836,0
10837,0
10838,0
10839,0.50
10840,0
10841,10.56
10842,79.68
10843,Off
10844,0.99
10845,0.70
10846,0
10847,3.51
10848,0.96
10849,10.20
10850,0.94
10851,9.80
10852,4.07
10853,9.41
10854,0
10855,123
10856,Off
10857,390.45
10858,0.76
10859,15.47
10860,OK
10861,0.94
10862,975
10863,14.25
10864,14.36
10865,1020
10866,Off
10867,0
10868,0.15
10869,-0.17
10870,0
10871,-0.11
10872,On
10873,Off
10874,Off
10875,Off
10876,Off
10877,88.50
10878,7.84
10879,0
10880,1.61
10881,7.84
10882,399.00
10883,400
10884,On
10885,48.35
10886,42
10887,-1280
10888,39.75
10889,4.98
10890,-1.30
10891,45.88
10892,18.75
10893,C/L
10894,0
10895,1.04
10896,1.00
10897,107.80
10898,0
10899,0
10900,0
10901,0
10902,0
10903,0
10904,0
10905,2
10906,15.81
10907,79.68
10908,Off
10909,1.01
10910,0.71
10911,0
10912,3.51
10913,0.98
10914,15.69
10915,1.16
10916,15.69
10917,3.85
10918,15.69
10919,0
10920,125
10921,Off
10922,390.45
10923,0.96
10924,19.02
10925,OK
10926,0.94
10927,975
10928,14.25
10929,14.36
10930,1100
10931,Off
10932,0
10933,-0.07
10934,-0.28
10935,0.49
10936,-0.23
10937,On
10938,Off
10939,Off
10940,Off
10941,Off
10942,88.50
10943,7.84
10944,0
10945,1.61
10946,43.92
10947,398.35
10948,400
10949,On
10950,47.94
10951,43
10952,-1280
10953,40.50
10954,4.44
10955,-1.30
10956,7.84
10957,18.75
10958,C/L
10959,0
10960,1.04
10961,1.00
10962,99.20
10963,0
10964,0
10965,0
10966,0
10967,0
10968,0
10969,0
10970,0
10971,14.91
10972,79.68
10973,Off
10974,0.97
10975,0.23
10976,0
10977,3.51
10978,1.01
10979,14.90
10980,1.14
10981,14.90
10982,3.88
10983,14.51
10984,0
10985,125
10986,Off
10987,390.45
10988,0.93
10989,18.70
10990,OK
10991,0.94
10992,975
10993,14.25
10994,14.29
10995,1080
10996,Off
10997,0
10998,-0.14
10999,-0.25
11000,0.71
11001,-0.17
11002,On
11003,Off
11004,Off
11005,Off
11006,Off
11007,88.50
11008,7.84
11009,0
11010,1.61
11011,43.53
11012,404.00
11013,400
11014,On
11015,46.97
11016,43
11017,-1280
11018,43.50
11019,3.28
11020,-1.30
11021,7.84
11022,18.00
11023,C/L
11024,0
11025,1.04
11026,1.00
11027,94.50
11028,0
11029,0
11030,0
11031,0
11032,0
11033,0
11034,0
11035,0
11036,14.11
11037,79.68
11038,Off
11039,1.02
11040,0.55
11041,0
11042,3.51
11043,0.97
11044,12.55
11045,1.04
11046,12.55
11047,3.95
11048,12.55
11049,0
11050,123
11051,Off
11052,390.45
11053,0.89
11054,17.81
11055,OK
11056,0.94
11057,975
11058,14.25
11059,14.43
11060,1060
11061,Off
11062,0
11063,0.22
11064,-0.27
11065,0.16
11066,-0.29
11067,On
11068,Off
11069,Off
11070,Off
11071,Off
11072,88.50
11073,7.84
11074,0
11075,1.61
11076,43.53
11077,400.38
11078,400
11079,On
11080,47.66
11081,43
11082,-1280
11083,41.25
11084,4
11085,-1.30
11086,7.84
11087,18.75
11088,C/L
11089,0
11090,1.04
11091,1.00
11092,70.70
11093,0
11094,0
11095,0
11096,0
11097,0
11098,0
11099,0.50
11100,0
11101,11.55
11102,79.68
11103,Off
11104,1.01
11105,0.74
11106,0
11107,3.51
11108,0.96
11109,11.37
11110,1.00
11111,11.37
11112,4.00
11113,11.37
11114,0
11115,123
11116,Off
11117,390.45
11118,0.92
11119,18.37
11120,OK
11121,0.94
11122,975
11123,14.25
11124,14.36
11125,1070
11126,Off
11127,0
11128,0.13
11129,-0.33
11130,0.41
11131,-0.22
11132,On
11133,Off
11134,Off
11135,Off
11136,Off
11137,88.50
11138,7.84
11139,0
11140,1.61
11141,43.53
11142,399.36
11143,400
11144,On
11145,47.51
11146,43
11147,-1280
11148,40.50
11149,4.41
11150,-1.30
11151,7.84
11152,18.75
11153,C/L
11154,0
11155,1.04
11156,1.00
11157,73.90
11158,0
11159,0
11160,0
11161,0
11162,0
11163,0
11164,0.50
11165,0
11166,11.62
11167,79.68
11168,Off
11169,1.03
11170,0.74
11171,5.08
11172,3.51
11173,0.96
11174,12.16
11175,1.03
11176,12.16
11177,3.99
11178,11.76
11179,0
11180,123
11181,Off
11182,390.45
11183,0.78
11184,14.88
11185,OK
11186,0.94
11187,975
11188,15.00
11189,14.43
11190,1020
11191,Off
11192,0
11193,0
11194,-0.13
11195,2.49
11196,-0.09
11197,On
11198,Off
11199,Off
11200,Off
11201,Off
11202,88.50
11203,7.84
11204,0.35
11205,1.61
11206,43.92
11207,403.42
11208,400
11209,On
11210,46.59
11211,43
11212,-1280
11213,40.50
11214,4.96
11215,-1.30
11216,7.84
11217,18.00
11218,C/L
11219,0
11220,1.04
11221,1.00
11222,126.60
11223,0
11224,0
11225,0
11226,0
11227,0
11228,0
11229,0
11230,8
11231,20.47
11232,79.68
11233,Off
11234,1.01
11235,0.12
11236,19.14
11237,3.51
11238,1.08
11239,18.82
11240,1.28
11241,18.82
11242,3.73
11243,15.29
11244,0
11245,125
11246,Off
11247,390.45
11248,1
11249,20.04
11250,OK
11251,0.94
11252,975
11253,15.00
11254,14.50
11255,1120
11256,Off
11257,0
11258,0.11
11259,-0.30
11260,0.25
11261,-0.23
11262,On
11263,Off
11264,Off
11265,Off
11266,Off
11267,88.50
11268,7.84
11269,2.30
11270,1.61
11271,7.84
11272,397.40
11273,400
11274,On
11275,48.38
11276,43
11277,-1280
11278,38.25
11279,6.70
11280,-1.30
11281,51.37
11282,18.75
11283,C/L
11284,0
11285,1.04
11286,1.00
11287,207.30
11288,0
11289,0
11290,0
11291,0
11292,0
11293,0
11294,1.50
11295,14.50
11296,19.39
11297,79.68
11298,Off
11299,0.95
11300,0.83
11301,38.28
11302,3.51
11303,1.00
11304,13.73
11305,1.09
11306,13.73
11307,3.92
11308,10.98
11309,0
11310,130
11311,Off
11312,390.45
11313,0.81
11314,16.10
11315,OK
11316,0.94
11317,975
11318,14.25
11319,14.43
11320,1040
11321,Off
11322,0
11323,-0.94
11324,-0.21
11325,1.80
11326,-0.09
11327,On
11328,Off
11329,Off
11330,Off
11331,Off
11332,88.50
11333,7.84
11334,0
11335,1.61
11336,7.84
11337,409.95
11338,400
11339,On
11340,47.44
11341,43
11342,-1280
11343,43.50
11344,3.05
11345,-1.30
11346,7.84
11347,18.75
11348,C/L
11349,0
11350,1.04
11351,1.00
11352,71.80
11353,0
11354,0
11355,0
11356,0
11357,0
11358,0
11359,0
11360,0
11361,15.81
11362,79.68
11363,Off
11364,1.03
11365,0.66
11366,0
11367,3.51
11368,1.03
11369,20.39
11370,1.17
11371,15.29
11372,3.87
11373,14.90
11374,16.38
11375,127
11376,Off
11377,390.45
11378,0.99
11379,19.88
11380,OK
11381,0.94
11382,975
11383,14.25
11384,14.43
11385,1120
11386,Off
11387,0
11388,0.46
11389,-0.05
11390,0.49
11391,0
11392,On
11393,Off
11394,Off
11395,Off
11396,Off
11397,88.50
11398,7.84
11399,2.73
11400,1.61
11401,45.49
11402,403.28
11403,400
11404,On
11405,46.68
11406,43
11407,-1280
11408,44.25
11409,1.95
11410,-1.30
11411,7.84
11412,18.75
11413,C/L
11414,0
11415,1.04
11416,1.00
11417,97.70
11418,0
11419,0
11420,0
11421,0
11422,0
11423,0
11424,3
11425,0
11426,8.36
11427,79.68
11428,Off
11429,1.02
11430,0.62
11431,99.60
11432,3.51
11433,1.02
11434,8.24
11435,0.89
11436,8.24
11437,4.12
11438,8.24
11439,0
11440,125
11441,Off
11442,390.45
11443,0.66
11444,13.18
11445,OK
11446,0.94
11447,975
11448,15.00
11449,14.22
11450,1000
11451,Off
11452,0
11453,-0.06
11454,-0.14
11455,4.24
11456,-0.17
11457,On
11458,Off
11459,Off
11460,Off
11461,Off
11462,88.50
11463,7.84
11464,2.50
11465,1.61
11466,43.92
11467,396.46
11468,400
11469,On
11470,46.42
11471,43
11472,-1280
11473,44.25
11474,2.44
11475,-1.30
11476,7.84
11477,17.25
11478,C/L
11479,0
11480,1.04
11481,1.00
11482,61.60
11483,0
11484,0
11485,0
11486,0
11487,0
11488,0
11489,0
11490,0
11491,15.04
11492,79.68
11493,Off
11494,1.03
11495,0.71
11496,99.60
11497,3.51
11498,1.01
11499,13.73
11500,1.09
11501,13.73
11502,3.91
11503,13.73
11504,0
11505,121
11506,Off
11507,390.45
11508,0.98
11509,19.85
11510,OK
11511,0.94
11512,975
11513,14.25
11514,14.29
11515,1110
11516,Off
11517,0
11518,-0.06
11519,-0.05
11520,-0.06
11521,2.24
11522,On
11523,Off
11524,Off
11525,Off
11526,Off
11527,88.50
11528,7.84
11529,3.16
11530,1.61
11531,44.71
11532,400.30
11533,400
11534,On
11535,46.70
11536,43
11537,-1280
11538,44.25
11539,2.79
11540,-1.30
11541,7.84
11542,18.00
11543,C/L
11544,0
11545,1.04
11546,1.00
11547,78.40
11548,0
11549,0
11550,0
11551,0
11552,0
11553,0
11554,0.50
11555,0
11556,9.80
11557,79.68
11558,Off
11559,0.98
11560,0.63
11561,99.60
11562,3.51
11563,1.02
11564,9.41
11565,0.93
11566,9.41
11567,4.08
11568,9.41
11569,0
11570,121
11571,Off
11572,390.45
11573,0.75
11574,14.87
11575,OK
11576,0.94
11577,975
11578,14.25
11579,14.43
11580,1010
11581,Off
11582,0
11583,0.20
11584,-0.13
11585,4.30
11586,-0.09
11587,On
11588,Off
11589,Off
11590,Off
11591,Off
11592,88.50
11593,7.84
11594,1.99
11595,1.61
11596,40
11597,396.03
11598,400
11599,On
11600,46.85
11601,43
11602,-1280
11603,43.50
11604,2.14
11605,-1.30
11606,7.84
11607,17.25
11608,C/L
11609,0
11610,1.04
11611,1.00
11612,69.50
11613,0
11614,0
11615,0
11616,0
11617,0
11618,0
11619,0.50
11620,0
11621,9.20
11622,79.68
11623,Off
11624,1.03
11625,0.74
11626,64.84
11627,3.51
11628,1.02
11629,6.27
11630,0.80
11631,5.49
11632,4.23
11633,5.10
11634,0
11635,117
11636,Off
11637,390.45
11638,0.75
11639,15.94
11640,OK
11641,0.93
11642,975
11643,15.00
11644,14.50
11645,1000
11646,Off
11647,0
11648,-0.05
11649,-0.19
11650,0.14
11651,-0.20
11652,On
11653,Off
11654,Off
11655,Off
11656,Off
11657,88.50
11658,7.84
11659,2.44
11660,1.61
11661,44.31
11662,405.16
11663,400
11664,On
11665,46.44
11666,43
11667,-1280
11668,39.75
11669,2.43
11670,-1.30
11671,7.84
11672,17.25
11673,C/L
11674,0
11675,1.04
11676,1.00
11677,57.70
11678,1
11679,0
11680,0
11681,0
11682,0
11683,1
11684,1.50
11685,0
11686,9.86
11687,79.68
11688,Off
11689,0.97
11690,0.74
11691,99.60
11692,3.51
11693,0.94
11694,14.12
11695,1.07
11696,13.33
11697,3.98
11698,8.63
11699,0
11700,117
11701,Off
11702,403.94
11703,0.62
11704,12.28
11705,OK
11706,0.93
11707,975
11708,15.00
11709,14.64
11710,1010
11711,Off
11712,0
11713,0.34
11714,-0.05
11715,0.38
11716,-0.09
11717,On
11718,Off
11719,Off
11720,Off
11721,Off
11722,87.75
11723,7.84
11724,0
11725,1.61
11726,38.43
11727,398.78
11728,400
11729,On
11730,47.28
11731,43
11732,-1280
11733,42.00
11734,3.49
11735,-1.30
11736,7.84
11737,17.25
11738,C/L
11739,0
11740,1.04
11741,1.00
11742,79.10
11743,1
11744,0
11745,0
11746,0
11747,0
11748,1
11749,3.50
11750,0
11751,8.12
11752,79.68
11753,Off
11754,1.01
11755,0.71
11756,2.73
11757,3.51
11758,0.95
11759,7.84
11760,0.86
11761,7.84
11762,4.14
11763,7.45
11764,0
11765,115
11766,Off
11767,403.94
11768,0.81
11769,16.13
11770,OK
11771,0.93
11772,975
11773,15.00
11774,14.50
11775,1010
11776,Off
11777,0
11778,-0.88
11779,-0.05
11780,2.41
11781,-0.04
11782,On
11783,Off
11784,Off
11785,Off
11786,Off
11787,87.75
11788,7.84
11789,3.23
11790,1.61
11791,46.67
11792,403.28
11793,400
11794,On
11795,46.03
11796,43
11797,-1280
11798,30.00
11799,2.12
11800,-1.30
11801,7.84
11802,17.25
11803,C/L
11804,0
11805,1.04
11806,1.00
11807,87.50
11808,1
11809,0
11810,0
11811,0
11812,0
11813,1
11814,0
11815,0
11816,13.37
11817,79.68
11818,Off
11819,1.01
11820,0.72
11821,99.60
11822,3.51
11823,0.98
11824,13.33
11825,1.09
11826,14.51
11827,3.87
11828,15.69
11829,12.87
11830,115
11831,Off
11832,403.94
11833,1.12
11834,22.51
11835,OK
11836,0.93
11837,975
11838,15.00
11839,14.43
11840,1220
11841,Off
11842,0
11843,-0.38
11844,0.05
11845,-0.25
11846,9.44
11847,On
11848,Off
11849,Off
11850,Off
11851,Off
11852,87.75
11853,7.84
11854,3.01
11855,1.61
11856,43.53
11857,401.68
11858,400
11859,On
11860,46.93
11861,43
11862,-1280
11863,44.25
11864,1.33
11865,-1.30
11866,7.84
11867,18.00
11868,C/L
11869,0
11870,1.04
11871,1.00
11872,28.60
11873,1
11874,0
11875,0
11876,0
11877,0
11878,1
11879,4.50
11880,0
11881,10.79
11882,79.68
11883,Off
11884,0.92
11885,0.12
11886,0
11887,3.51
11888,0.97
11889,16.86
11890,1.24
11891,17.65
11892,3.78
11893,17.25
11894,16.38
11895,116
11896,Off
11897,403.94
11898,1.11
11899,22.24
11900,OK
11901,0.93
11902,975
11903,15.00
11904,14.43
11905,1210
11906,Off
11907,0
11908,-0.13
11909,1.96
11910,-0.12
11911,0.58
11912,On
11913,Off
11914,Off
11915,Off
11916,Off
11917,87.75
11918,7.84
11919,0
11920,1.61
11921,43.92
11922,403.64
11923,400
11924,On
11925,46.72
11926,43
11927,-1280
11928,44.25
11929,2.11
11930,-1.30
11931,7.84
11932,18.75
11933,C/L
11934,0
11935,1.04
11936,1.00
11937,38.50
11938,0
11939,0
11940,0
11941,0
11942,0
11943,1
11944,0.50
11945,0
11946,12.40
11947,79.68
11948,Off
11949,1.02
11950,0.69
11951,0
11952,3.51
11953,0.95
11954,14.90
11955,1.14
11956,14.90
11957,3.87
11958,14.90
11959,0
11960,117
11961,Off
11962,403.94
11963,0.98
11964,19.68
11965,OK
11966,0.93
11967,975
11968,15.00
11969,14.57
11970,1100
11971,Off
11972,0
11973,-0.10
11974,-1.52
11975,-0.26
11976,8.80
11977,On
11978,Off
11979,Off
11980,Off
11981,Off
11982,87.75
11983,7.84
11984,0
11985,1.61
11986,43.92
11987,401.83
11988,400
11989,On
11990,48.58
11991,43
11992,-1280
11993,37.50
11994,5.24
11995,-1.30
11996,45.88
11997,18.75
11998,C/L
11999,0
12000,1.04
12001,1.00
12002,110.70
12003,0
12004,0
12005,0
12006,0
12007,0
12008,1
12009,0
12010,0
12011,13.94
12012,79.68
12013,Off
12014,0.98
12015,0.38
12016,0
12017,3.51
12018,0.98
12019,9.80
12020,0.92
12021,9.02
12022,4.09
12023,9.02
12024,0
12025,120
12026,Off
12027,403.94
12028,0.71
12029,13.48
12030,OK
12031,0.93
12032,975
12033,15.00
12034,14.43
12035,1010
12036,Off
12037,0
12038,0.44
12039,-0.13
12040,0.47
12041,-0.06
12042,On
12043,Off
12044,Off
12045,Off
12046,Off
12047,88.50
12048,7.84
12049,0
12050,1.61
12051,7.84
12052,414.29
12053,400
12054,On
12055,10.00
12056,43
12057,-1280
12058,0.75
12059,0.76
12060,-1.30
12061,7.84
12062,18.75
12063,O/L
12064,0
12065,1.04
12066,1.00
12067,42.30
12068,0
12069,0
12070,0
12071,0
12072,0
12073,1
12074,1
12075,0
12076,12.49
12077,79.68
12078,Off
12079,0.89
12080,0.85
12081,0
12082,3.51
12083,0.95
12084,12.94
12085,1.06
12086,12.94
12087,3.94
12088,13.33
12089,11.31
12090,116
12091,Off
12092,403.94
12093,1.07
12094,21.58
12095,OK
12096,0.93
12097,975
12098,15.00
12099,14.57
12100,1130
12101,Off
12102,0
12103,0.02
12104,-0.28
12105,0
12106,-0.20
12107,On
12108,Off
12109,Off
12110,Off
12111,Off
12112,88.50
12113,7.84
12114,0.09
12115,1.61
12116,44.71
12117,400.38
12118,400
12119,On
12120,47.92
12121,43
12122,-1280
12123,39.75
12124,4.37
12125,-1.30
12126,7.84
12127,18.75
12128,C/L
12129,0
12130,1.04
12131,1.00
12132,78.60
12133,0
12134,0
12135,0
12136,0
12137,0
12138,1
12139,0
12140,0
12141,14.14
12142,79.68
12143,Off
12144,1.02
12145,0.48
12146,13.28
12147,3.51
12148,0.99
12149,14.12
12150,1.10
12151,14.12
12152,3.89
12153,15.29
12154,0
12155,118
12156,Off
12157,403.94
12158,1.03
12159,20.81
12160,OK
12161,0.93
12162,975
12163,15.00
12164,14.43
12165,1130
12166,Off
12167,0
12168,-0.21
12169,0.05
12170,-0.20
12171,5.05
12172,On
12173,Off
12174,Off
12175,Off
12176,Off
12177,88.50
12178,7.84
12179,1.01
12180,1.61
12181,7.84
12182,397.98
12183,400
12184,On
12185,47.67
12186,44
12187,-1280
12188,40.50
12189,3.94
12190,-1.30
12191,7.84
12192,19.50
12193,C/L
12194,0
12195,1.04
12196,1.00
12197,59
12198,0
12199,0
12200,0
12201,0
12202,0
12203,1
12204,0.50
12205,0
12206,10.83
12207,79.68
12208,Off
12209,0.99
12210,0.64
12211,73.43
12212,3.51
12213,0.98
12214,11.37
12215,1.00
12216,11.37
12217,4.01
12218,12.16
12219,0
12220,120
12221,Off
12222,403.94
12223,1.00
12224,20.95
12225,OK
12226,0.93
12227,975
12228,15.00
12229,14.36
12230,1200
12231,Off
12232,0
12233,-0.36
12234,-0.45
12235,-0.28
12236,12.19
12237,On
12238,Off
12239,Off
12240,Off
12241,Off
12242,88.50
12243,7.84
12244,1.09
12245,1.61
12246,7.84
12247,402.70
12248,400
12249,On
12250,48.97
12251,44
12252,-1280
12253,37.50
12254,4.93
12255,-1.30
12256,7.84
12257,19.50
12258,C/L
12259,0
12260,1.04
12261,1.00
12262,85.00
12263,0
12264,0
12265,0
12266,0
12267,0
12268,1
12269,0
12270,0
12271,14.89
12272,79.68
12273,Off
12274,1.03
12275,0.39
12276,99.60
12277,3.51
12278,1.01
12279,14.90
12280,1.13
12281,14.51
12282,3.85
12283,17.25
12284,0
12285,123
12286,Off
12287,403.94
12288,1.04
12289,21.02
12290,OK
12291,0.94
12292,975
12293,15.00
12294,14.50
12295,1160
12296,Off
12297,0
12298,-0.22
12299,-0.10
12300,-0.29
12301,5.89
12302,On
12303,Off
12304,Off
12305,Off
12306,Off
12307,88.50
12308,7.84
12309,3.16
12310,1.61
12311,47.06
12312,403.57
12313,400
12314,On
12315,46.97
12316,44
12317,-1280
12318,44.25
12319,2.64
12320,-1.30
12321,7.84
12322,19.50
12323,C/L
12324,0
12325,1.04
12326,1.00
12327,93.10
12328,0
12329,0
12330,0
12331,0
12332,0
12333,1
12334,0.50
12335,0
12336,9.96
12337,79.68
12338,Off
12339,1.01
12340,0.12
12341,77.34
12342,3.51
12343,1.02
12344,8.24
12345,0.87
12346,7.84
12347,4.13
12348,7.06
12349,0
12350,122
12351,Off
12352,403.94
12353,0.64
12354,12.84
12355,OK
12356,0.93
12357,975
12358,15.00
12359,14.29
12360,990
12361,Off
12362,0
12363,1.40
12364,-0.25
12365,1.30
12366,-0.26
12367,On
12368,Off
12369,Off
12370,Off
12371,Off
12372,89.25
12373,7.84
12374,3.23
12375,1.61
12376,45.49
12377,401.90
12378,400
12379,On
12380,46.74
12381,44
12382,-1280
12383,44.25
12384,2.23
12385,-1.30
12386,7.84
12387,18.75
12388,C/L
12389,0
12390,1.04
12391,1.00
12392,87.10
12393,0
12394,0
12395,0
12396,0
12397,0
12398,1
12399,0.50
12400,0
12401,9.86
12402,79.68
12403,Off
12404,1.02
12405,0.11
12406,99.60
12407,3.51
12408,1.03
12409,14.12
12410,1.09
12411,13.73
12412,3.92
12413,12.16
12414,0
12415,121
12416,Off
12417,403.94
12418,0.93
12419,18.56
12420,OK
12421,0.93
12422,975
12423,15.00
12424,14.29
12425,1070
12426,Off
12427,0
12428,0.09
12429,-0.22
12430,0.27
12431,-0.25
12432,On
12433,Off
12434,Off
12435,Off
12436,Off
12437,89.25
12438,7.84
12439,1.38
12440,1.61
12441,42.35
12442,402.84
12443,400
12444,On
12445,47.56
12446,44
12447,-1280
12448,40.50
12449,4.37
12450,-1.30
12451,7.84
12452,18.75
12453,C/L
12454,0
12455,1.04
12456,1.00
12457,86.80
12458,0
12459,0
12460,0
12461,0
12462,0
12463,1
12464,0.50
12465,0
12466,9.14
12467,79.68
12468,Off
12469,0.98
12470,0.18
12471,0
12472,3.51
12473,1.03
12474,12.55
12475,1.04
12476,12.94
12477,3.94
12478,12.55
12479,0
12480,121
12481,Off
12482,403.94
12483,0.79
12484,15.76
12485,OK
12486,0.93
12487,975
12488,15.00
12489,14.71
12490,1020
12491,Off
12492,0
12493,0.05
12494,-0.11
12495,0.86
12496,-0.26
12497,On
12498,Off
12499,Off
12500,Off
12501,Off
12502,89.25
12503,7.84
12504,0
12505,1.61
12506,7.84
12507,395.88
12508,400
12509,On
12510,48.36
12511,44
12512,-1280
12513,37.50
12514,5.94
12515,-1.30
12516,44.71
12517,18.75
12518,C/L
12519,0
12520,1.04
12521,1.00
12522,97.90
12523,0
12524,0
12525,0
12526,0
12527,0
12528,1
12529,0
12530,0
12531,14.32
12532,79.68
12533,Off
12534,0.99
12535,0.76
12536,0
12537,3.51
12538,1.00
12539,14.12
12540,1.10
12541,14.12
12542,3.90
12543,14.12
12544,0
12545,123
12546,Off
12547,403.94
12548,0.86
12549,17.17
12550,OK
12551,0.93
12552,975
12553,15.00
12554,14.36
12555,1050
12556,Off
12557,0
12558,0.05
12559,-0.21
12560,0.41
12561,-0.28
12562,On
12563,Off
12564,Off
12565,Off
12566,Off
12567,88.50
12568,7.84
12569,0
12570,1.61
12571,44.71
12572,400.30
12573,400
12574,On
12575,46.74
12576,44
12577,-1280
12578,44.25
12579,1.80
12580,-1.30
12581,7.84
12582,18.75
12583,C/L
12584,0
12585,1.04
12586,1.00
12587,40.60
12588,0
12589,0
12590,0
12591,0
12592,0
12593,1
12594,2.50
12595,0
12596,9.71
12597,79.68
12598,Off
12599,0.95
12600,0.19
12601,0
12602,3.51
12603,0.99
12604,13.73
12605,1.08
12606,13.33
12607,3.94
12608,12.94
12609,0
12610,122
12611,Off
12612,403.94
12613,0.81
12614,16.01
12615,OK
12616,0.93
12617,975
12618,15.00
12619,14.50
12620,1030
12621,Off
12622,0
12623,-0.13
12624,-0.13
12625,1.28
12626,-0.25
12627,On
12628,Off
12629,Off
12630,Off
12631,Off
12632,88.50
12633,7.84
12634,0
12635,1.61
12636,43.53
12637,402.41
12638,400
12639,On
12640,46.62
12641,44
12642,-1280
12643,44.25
12644,3.80
12645,-1.30
12646,7.84
12647,18.00
12648,C/L
12649,0
12650,1.04
12651,1.00
12652,82.30
12653,0
12654,0
12655,0
12656,0
12657,0
12658,1
12659,0.50
12660,0
12661,11.15
12662,79.68
12663,Off
12664,1.01
12665,0.72
12666,0
12667,3.51
12668,0.96
12669,10.59
12670,0.99
12671,12.55
12672,3.95
12673,12.94
12674,0
12675,120
12676,Off
12677,403.94
12678,0.87
12679,17.20
12680,OK
12681,0.93
12682,975
12683,15.00
12684,14.43
12685,1040
12686,Off
12687,0
12688,-0.25
12689,-0.24
12690,0.66
12691,-0.17
12692,On
12693,Off
12694,Off
12695,Off
12696,Off
12697,88.50
12698,7.84
12699,0
12700,1.61
12701,43.92
12702,396.24
12703,400
12704,On
12705,47.76
12706,45
12707,-1280
12708,40.50
12709,4.20
12710,-1.30
12711,7.84
12712,18.75
12713,C/L
12714,0
12715,1.04
12716,1.00
12717,93.30
12718,0
12719,0
12720,0
12721,0
12722,0
12723,1
12724,0.50
12725,0
12726,11.43
12727,79.68
12728,Off
12729,1.00
12730,0.51
12731,0
12732,3.51
12733,0.98
12734,14.51
12735,1.14
12736,15.29
12737,3.86
12738,15.29
12739,0
12740,121
12741,Off
12742,403.94
12743,0.95
12744,19.12
12745,OK
12746,0.93
12747,975
12748,15.00
12749,14.29
12750,1090
12751,Off
12752,0
12753,-0.22
12754,-0.17
12755,0.41
12756,-0.15
12757,On
12758,Off
12759,Off
12760,Off
12761,Off
12762,88.50
12763,7.84
12764,0
12765,1.61
12766,7.84
12767,396.46
12768,400
12769,On
12770,47.89
12771,45
12772,-1280
12773,39.00
12774,4.93
12775,-1.30
12776,46.27
12777,18.75
12778,C/L
12779,0
12780,1.04
12781,1.00
12782,97.80
12783,0
12784,0
12785,0
12786,0
12787,0
12788,1
12789,0
12790,0
12791,12.43
12792,79.68
12793,Off
12794,0.97
12795,0.46
12796,0
12797,3.51
12798,0.98
12799,11.76
12800,1.04
12801,12.16
12802,3.97
12803,12.16
12804,0
12805,122
12806,Off
12807,403.94
12808,0.87
12809,17.42
12810,OK
12811,0.93
12812,975
12813,15.00
12814,14.43
12815,1040
12816,Off
12817,0
12818,0.05
12819,-0.22
12820,0.25
12821,-0.25
12822,On
12823,Off
12824,Off
12825,Off
12826,Off
12827,88.50
12828,7.84
12829,0
12830,1.61
12831,43.14
12832,397.98
12833,400
12834,On
12835,48.49
12836,45
12837,-1280
12838,39.75
12839,4.84
12840,-1.30
12841,7.84
12842,18.75
12843,C/L
12844,0
12845,1.04
12846,1.00
12847,102.10
12848,0
12849,0
12850,0
12851,0
12852,0
12853,1
12854,0
12855,0
12856,14.87
12857,79.68
12858,Off
12859,0.98
12860,0.64
12861,0
12862,3.51
12863,0.97
12864,11.37
12865,1.00
12866,11.37
12867,4.00
12868,10.59
12869,0
12870,123
12871,Off
12872,403.94
12873,0.85
12874,16.99
12875,OK
12876,0.94
12877,975
12878,15.00
12879,14.43
12880,1040
12881,Off
12882,0
12883,-0.20
12884,-0.14
12885,0.45
12886,-0.12
12887,On
12888,Off
12889,Off
12890,Off
12891,Off
12892,88.50
12893,7.84
12894,0
12895,1.61
12896,44.31
12897,399.80
12898,400
12899,On
12900,47.75
12901,45
12902,-1280
12903,42.75
12904,3.17
12905,-1.30
12906,7.84
12907,18.75
12908,C/L
12909,0
12910,1.04
12911,1.00
12912,71.30
12913,0
12914,0
12915,0
12916,0
12917,0
12918,1
12919,0
12920,0
12921,12.92
12922,79.68
12923,Off
12924,0.99
12925,0.46
12926,0
12927,3.51
12928,0.98
12929,13.33
12930,1.07
12931,13.33
12932,3.94
12933,12.16
12934,0
12935,123
12936,Off
12937,403.94
12938,0.92
12939,18.51
12940,OK
12941,0.94
12942,975
12943,15.00
12944,14.08
12945,1060
12946,Off
12947,0
12948,0.12
12949,-0.21
12950,0.22
12951,-0.25
12952,On
12953,Off
12954,Off
12955,Off
12956,Off
12957,88.50
12958,7.84
12959,0
12960,1.61
12961,43.92
12962,402.62
12963,400
12964,On
12965,47.10
12966,45
12967,-1280
12968,42.00
12969,3.73
12970,-1.30
12971,7.84
12972,18.75
12973,C/L
12974,0
12975,1.04
12976,1.00
12977,57.80
12978,0
12979,0
12980,0
12981,0
12982,0
12983,1
12984,3
12985,0
12986,8.97
12987,79.68
12988,Off
12989,1.02
12990,0.75
12991,0
12992,3.51
12993,0.97
12994,8.63
12995,0.89
12996,8.63
12997,4.11
12998,10.20
12999,0
13000,123
13001,Off
13002,403.94
13003,0.88
13004,17.67
13005,OK
13006,0.93
13007,975
13008,15.00
13009,14.50
13010,1050
13011,Off
13012,0
13013,-0.15
13014,-0.16
13015,0.25
13016,-0.33
13017,On
13018,Off
13019,Off
13020,Off
13021,Off
13022,88.50
13023,7.84
13024,0
13025,1.61
13026,7.84
13027,398.78
13028,400
13029,On
13030,47.61
13031,45
13032,-1280
13033,39.75
13034,6.58
13035,-1.30
13036,47.45
13037,18.75
13038,C/L
13039,0
13040,1.04
13041,1.00
13042,123.50
13043,0
13044,0
13045,0
13046,0
13047,0
13048,1
13049,0
13050,3
13051,15.76
13052,79.68
13053,Off
13054,1.01
13055,0.74
13056,0
13057,3.51
13058,0.99
13059,12.94
13060,1.05
13061,12.55
13062,3.95
13063,12.94
13064,0
13065,126
13066,Off
13067,403.94
13068,0.78
13069,15.66
13070,OK
13071,0.94
13072,975
13073,15.00
13074,14.36
13075,1040
13076,Off
13077,0
13078,-1.70
13079,-0.13
13080,0.19
13081,-0.23
13082,On
13083,Off
13084,Off
13085,Off
13086,Off
13087,88.50
13088,7.84
13089,0
13090,1.61
13091,42.75
13092,402.70
13093,400
13094,On
13095,45.82
13096,45
13097,-1280
13098,11.25
13099,1.27
13100,-1.30
13101,7.84
13102,18.00
13103,O/L
13104,0
13105,1.04
13106,1.00
13107,22.20
13108,0
13109,0
13110,0
13111,0
13112,0
13113,1
13114,0.50
13115,0
13116,12.91
13117,79.68
13118,Off
13119,0.94
13120,0.80
13121,0
13122,3.51
13123,0.97
13124,12.55
13125,1.10
13126,14.51
13127,3.89
13128,14.51
13129,0
13130,121
13131,Off
13132,403.94
13133,0.93
13134,18.74
13135,OK
13136,0.94
13137,975
13138,15.00
13139,14.43
13140,1070
13141,Off
13142,0
13143,-0.14
13144,-1.51
13145,-0.22
13146,1.91
13147,On
13148,Off
13149,Off
13150,Off
13151,Off
13152,88.50
13153,7.84
13154,0.06
13155,1.61
13156,7.84
13157,397.40
13158,400
13159,On
13160,48.68
13161,45
13162,-1280
13163,39.75
13164,4.96
13165,-1.30
13166,7.84
13167,18.75
13168,C/L
13169,0
13170,1.04
13171,1.00
13172,96.50
13173,0
13174,0
13175,0
13176,0
13177,0
13178,1
13179,0
13180,0
13181,13.75
13182,79.68
13183,Off
13184,1.03
13185,0.72
13186,12.89
13187,3.51
13188,1.00
13189,10.98
13190,0.95
13191,9.41
13192,4.08
13193,9.41
13194,0
13195,123
13196,Off
13197,403.94
13198,0.82
13199,16.67
13200,OK
13201,0.94
13202,975
13203,15.00
13204,14.36
13205,1020
13206,Off
13207,0
13208,0.12
13209,-0.27
13210,0.11
13211,-0.18
13212,On
13213,Off
13214,Off
13215,Off
13216,Off
13217,88.50
13218,7.84
13219,1.34
13220,1.61
13221,43.92
13222,400.16
13223,400
13224,On
13225,47.66
13226,45
13227,-1280
13228,39.75
13229,6.04
13230,-1.30
13231,46.67
13232,18.75
13233,C/L
13234,0
13235,1.04
13236,1.00
13237,97.40
13238,0
13239,0
13240,0
13241,0
13242,0
13243,1
13244,0
13245,6
13246,17.48
13247,79.68
13248,Off
13249,1.01
13250,0.61
13251,99.60
13252,3.51
13253,1.04
13254,16.86
13255,1.21
13256,17.25
13257,3.79
13258,16.86
13259,0
13260,125
13261,Off
13262,403.94
13263,1.07
13264,21.68
13265,OK
13266,0.94
13267,975
13268,15.00
13269,14.57
13270,1180
13271,Off
13272,0
13273,-0.17
13274,-0.06
13275,-0.29
13276,7.33
13277,On
13278,Off
13279,Off
13280,Off
13281,Off
13282,88.50
13283,7.84
13284,1.93
13285,1.61
13286,7.84
13287,399.51
13288,400
13289,On
13290,49.22
13291,45
13292,-1280
13293,36.00
13294,6.13
13295,-1.30
13296,45.49
13297,18.75
13298,C/L
13299,0
13300,1.04
13301,1.00
13302,222.90
13303,0
13304,0
13305,0
13306,0
13307,0
13308,1
13309,8.50
13310,25
13311,34.26
13312,79.68
13313,Off
13314,0.99
13315,0.19
13316,99.60
13317,3.51
13318,1.10
13319,34.12
13320,1.86
13321,34.51
13322,3.13
13323,34.51
13324,20.67
13325,132
13326,Off
13327,403.94
13328,1.20
13329,23.99
13330,OK
13331,0.94
13332,975
13333,15.00
13334,14.43
13335,1260
13336,Off
13337,0
13338,-0.06
13339,-0.15
13340,0.17
13341,9.86
13342,On
13343,Off
13344,Off
13345,Off
13346,Off
13347,88.50
13348,7.84
13349,1.00
13350,1.61
13351,43.92
13352,398.35
13353,400
13354,On
13355,50.56
13356,45
13357,-1280
13358,32.25
13359,8.75
13360,-1.30
13361,46.27
13362,19.50
13363,C/L
13364,0
13365,1.04
13366,1.00
13367,162.30
13368,0
13369,0
13370,0
13371,0
13372,0
13373,1
13374,0
13375,9.50
13376,19.74
13377,79.68
13378,Off
13379,1.01
13380,0.66
13381,99.60
13382,3.51
13383,1.02
13384,19.61
13385,1.31
13386,18.82
13387,3.72
13388,16.86
13389,0
13390,138
13391,Off
13392,403.94
13393,1.07
13394,21.56
13395,OK
13396,0.94
13397,975
13398,15.00
13399,14.22
13400,1180
13401,Off
13402,0
13403,0.31
13404,-0.12
13405,0.30
13406,4.77
13407,On
13408,Off
13409,Off
13410,Off
13411,Off
13412,89.25
13413,7.84
13414,1.94
13415,1.61
13416,7.84
13417,397.98
13418,400
13419,On
13420,49.77
13421,45
13422,-1280
13423,37.50
13424,5.94
13425,-1.30
13426,46.27
13427,19.50
13428,C/L
13429,0
13430,1.04
13431,1.00
13432,135.90
13433,0
13434,0
13435,0
13436,0
13437,0
13438,1
13439,0
13440,4.50
13441,17.77
13442,79.68
13443,Off
13444,1.01
13445,0.66
13446,99.60
13447,3.51
13448,1.01
13449,15.69
13450,1.16
13451,15.69
13452,3.84
13453,14.51
13454,0
13455,140
13456,Off
13457,403.94
13458,0.85
13459,16.59
13460,OK
13461,0.95
13462,975
13463,15.00
13464,14.29
13465,1060
13466,Off
13467,0
13468,-0.06
13469,0.11
13470,0.99
13471,0.25
13472,On
13473,Off
13474,Off
13475,Off
13476,Off
13477,89.25
13478,7.84
13479,2.05
13480,1.61
13481,43.14
13482,401.46
13483,400
13484,On
13485,47.68
13486,45
13487,-1280
13488,42.00
13489,3.79
13490,-1.30
13491,7.84
13492,19.50
13493,C/L
13494,0
13495,1.04
13496,1.00
13497,73.40
13498,0
13499,0
13500,0
13501,0
13502,0
13503,1
13504,0
13505,0
13506,11.48
13507,79.68
13508,Off
13509,0.98
13510,0.21
13511,99.60
13512,3.51
13513,1.00
13514,12.55
13515,1.04
13516,12.55
13517,3.96
13518,12.55
13519,0
13520,136
13521,Off
13522,390.45
13523,0.89
13524,17.89
13525,OK
13526,0.94
13527,975
13528,15.00
13529,14.50
13530,1070
13531,Off
13532,0
13533,0.25
13534,-0.06
13535,0.41
13536,-0.12
13537,On
13538,Off
13539,Off
13540,Off
13541,Off
13542,89.25
13543,7.84
13544,2.99
13545,1.61
13546,43.53
13547,402.12
13548,400
13549,On
13550,48.08
13551,45
13552,-1280
13553,39.75
13554,5.09
13555,-1.30
13556,46.27
13557,18.75
13558,C/L
13559,0
13560,1.04
13561,1.00
13562,126.30
13563,0
13564,0
13565,0
13566,0
13567,0
13568,1
13569,0
13570,4
13571,17.24
13572,79.68
13573,Off
13574,0.98
13575,0.71
13576,99.60
13577,3.51
13578,1.00
13579,12.94
13580,1.05
13581,12.16
13582,3.96
13583,12.16
13584,0
13585,136
13586,Off
13587,403.94
13588,0.73
13589,14.55
13590,OK
13591,0.94
13592,975
13593,14.25
13594,14.29
13595,1030
13596,Off
13597,0
13598,0.20
13599,-0.06
13600,2.38
13601,-0.03
13602,On
13603,Off
13604,Off
13605,Off
13606,Off
13607,89.25
13608,7.84
13609,3.23
13610,1.61
13611,42.35
13612,396.68
13613,400
13614,On
13615,47.38
13616,45
13617,-1280
13618,42.00
13619,3.88
13620,-1.30
13621,7.84
13622,18.00
13623,C/L
13624,0
13625,1.04
13626,1.00
13627,116.30
13628,0
13629,0
13630,0
13631,0
13632,0
13633,1
13634,0
13635,4.50
13636,17.77
13637,79.68
13638,Off
13639,0.99
13640,0.19
13641,99.60
13642,3.51
13643,1.04
13644,18.43
13645,1.26
13646,18.43
13647,3.74
13648,18.43
13649,0
13650,135
13651,Off
13652,403.94
13653,1.05
13654,21.19
13655,OK
13656,0.94
13657,975
13658,14.25
13659,14.50
13660,1160
13661,Off
13662,0
13663,0.06
13664,1.31
13665,0.13
13666,1.93
13667,On
13668,Off
13669,Off
13670,Off
13671,Off
13672,88.50
13673,7.84
13674,2.43
13675,1.61
13676,7.84
13677,396.03
13678,400
13679,On
13680,48.71
13681,45
13682,-1280
13683,39.75
13684,4.97
13685,-1.30
13686,46.67
13687,18.75
13688,C/L
13689,0
13690,1.04
13691,1.00
13692,117.30
13693,0
13694,0
13695,0
13696,0
13697,0
13698,1
13699,0
13700,0
13701,13.79
13702,79.68
13703,Off
13704,0.96
13705,0.54
13706,99.60
13707,3.51
13708,0.96
13709,12.94
13710,1.06
13711,12.55
13712,3.95
13713,12.55
13714,0
13715,135
13716,Off
13717,403.94
13718,0.88
13719,17.64
13720,OK
13721,0.95
13722,975
13723,15.00
13724,14.57
13725,1070
13726,Off
13727,0
13728,0.12
13729,-0.08
13730,0.44
13731,-0.11
13732,On
13733,Off
13734,Off
13735,Off
13736,Off
13737,88.50
13738,7.84
13739,3.14
13740,1.61
13741,43.14
13742,399.94
13743,400
13744,On
13745,47.77
13746,45
13747,-1280
13748,42.75
13749,3.47
13750,-1.30
13751,7.84
13752,18.75
13753,C/L
13754,0
13755,1.04
13756,1.00
13757,113.20
13758,0
13759,0
13760,0
13761,0
13762,0
13763,1
13764,0
13765,0
13766,14.97
13767,79.68
13768,Off
13769,0.98
13770,0.54
13771,99.60
13772,3.51
13773,0.99
13774,12.55
13775,1.05
13776,12.55
13777,3.95
13778,12.55
13779,0
13780,132
13781,Off
13782,403.94
13783,0.86
13784,17.20
13785,OK
13786,0.95
13787,975
13788,14.25
13789,14.43
13790,1060
13791,Off
13792,0
13793,0.18
13794,-0.02
13795,0.53
13796,-0.01
13797,On
13798,Off
13799,Off
13800,Off
13801,Off
13802,88.50
13803,7.84
13804,2.48
13805,1.61
13806,7.84
13807,400.38
13808,400
13809,On
13810,48.35
13811,45
13812,-1280
13813,39.75
13814,5.27
13815,-1.30
13816,45.88
13817,18.75
13818,C/L
13819,0
13820,1.04
13821,1.00
13822,118.20
13823,0
13824,0
13825,0
13826,0
13827,0
13828,1
13829,0
13830,0
13831,13.63
13832,79.68
13833,Off
13834,0.98
13835,0.76
13836,69.52
13837,3.51
13838,0.96
13839,10.98
13840,0.99
13841,11.37
13842,4.00
13843,11.37
13844,0
13845,131
13846,Off
13847,403.94
13848,0.78
13849,15.45
13850,OK
13851,0.95
13852,975
13853,14.25
13854,14.36
13855,1030
13856,Off
13857,0
13858,-0.12
13859,-0.17
13860,1.17
13861,-0.12
13862,On
13863,Off
13864,Off
13865,Off
13866,Off
13867,88.50
13868,7.84
13869,0.69
13870,1.61
13871,44.71
13872,402.55
13873,400
13874,On
13875,46.66
13876,45
13877,-1280
13878,45.00
13879,4.17
13880,-1.30
13881,7.84
13882,18.00
13883,C/L
13884,0
13885,1.04
13886,1.00
13887,98.40
13888,0
13889,0
13890,0
13891,0
13892,0
13893,1
13894,0
13895,0
13896,12.71
13897,79.68
13898,Off
13899,0.99
13900,0.43
13901,0
13902,3.51
13903,0.99
13904,11.37
13905,1.00
13906,10.98
13907,4.01
13908,10.98
13909,0
13910,127
13911,Off
13912,403.94
13913,0.88
13914,18.29
13915,OK
13916,0.95
13917,975
13918,14.25
13919,14.36
13920,1060
13921,Off
13922,0
13923,0.59
13924,-0.08
13925,0.78
13926,-0.14
13927,On
13928,Off
13929,Off
13930,Off
13931,Off
13932,88.50
13933,7.84
13934,0
13935,1.61
13936,7.84
13937,398.20
13938,400
13939,On
13940,47.53
13941,44
13942,-1280
13943,42.75
13944,3.16
13945,-1.30
13946,7.84
13947,18.75
13948,C/L
13949,0
13950,1.04
13951,1.00
13952,78.60
13953,0
13954,0
13955,0
13956,0
13957,0
13958,1
13959,0
13960,0
13961,12.24
13962,79.68
13963,Off
13964,1.01
13965,0.68
13966,0
13967,3.51
13968,0.96
13969,12.16
13970,1.03
13971,11.76
13972,3.97
13973,14.12
13974,0
13975,125
13976,Off
13977,403.94
13978,0.95
13979,19.03
13980,OK
13981,0.95
13982,975
13983,14.25
13984,14.29
13985,1080
13986,Off
13987,0
13988,0.15
13989,-0.28
13990,0.41
13991,-0.23
13992,On
13993,Off
13994,Off
13995,Off
13996,Off
13997,88.50
13998,7.84
13999,0
14000,1.61
14001,43.92
14002,398.42
14003,400
14004,On
14005,47.87
14006,44
14007,-1280
14008,40.50
14009,4.36
14010,-1.30
14011,7.84
14012,18.00
14013,C/L
14014,0
14015,1.04
14016,1.00
14017,98.30
14018,0
14019,0
14020,0
14021,0
14022,0
14023,1
14024,0
14025,0
14026,14.14
14027,79.68
14028,Off
14029,1.03
14030,0.67
14031,0
14032,3.51
14033,0.98
14034,14.12
14035,1.15
14036,16.08
14037,3.81
14038,16.47
14039,0
14040,125
14041,Off
14042,390.45
14043,1.03
14044,20.73
14045,OK
14046,0.95
14047,975
14048,14.25
14049,14.43
14050,1130
14051,Off
14052,0
14053,-0.11
14054,0.04
14055,-0.23
14056,3.77
14057,On
14058,Off
14059,Off
14060,Off
14061,Off
14062,88.50
14063,7.84
14064,0
14065,1.61
14066,7.84
14067,399.22
14068,400
14069,On
14070,48.35
14071,44
14072,-1280
14073,38.25
14074,5.33
14075,-1.30
14076,45.88
14077,18.75
14078,C/L
14079,0
14080,1.04
14081,1.00
14082,117.50
14083,0
14084,0
14085,0
14086,0
14087,0
14088,1
14089,0
14090,3.50
14091,16.14
14092,79.68
14093,Off
14094,1.00
14095,0.44
14096,0
14097,3.51
14098,1.00
14099,12.94
14100,1.06
14101,13.33
14102,3.92
14103,13.33
14104,0
14105,126
14106,Off
14107,390.45
14108,0.94
14109,18.84
14110,OK
14111,0.95
14112,975
14113,14.25
14114,14.36
14115,1080
14116,Off
14117,0
14118,0.44
14119,-0.56
14120,0.14
14121,1.30
14122,On
14123,Off
14124,Off
14125,Off
14126,Off
14127,88.50
14128,7.84
14129,0
14130,1.61
14131,7.84
14132,400.52
14133,400
14134,On
14135,48.87
14136,44
14137,-1280
14138,37.50
14139,5.82
14140,-1.30
14141,45.88
14142,18.75
14143,C/L
14144,0
14145,1.04
14146,1.00
14147,125.50
14148,0
14149,0
14150,0
14151,0
14152,0
14153,1
14154,0
14155,4.50
14156,16.89
14157,79.68
14158,Off
14159,1.02
14160,0.63
14161,0
14162,3.51
14163,1.04
14164,16.47
14165,1.20
14166,16.47
14167,3.82
14168,16.08
14169,0
14170,128
14171,Off
14172,390.45
14173,1.01
14174,20.40
14175,OK
14176,0.96
14177,975
14178,14.25
14179,14.36
14180,1130
14181,Off
14182,0
14183,0.11
14184,-0.13
14185,0.09
14186,2.49
14187,On
14188,Off
14189,Off
14190,Off
14191,Off
14192,88.50
14193,7.84
14194,0
14195,1.61
14196,42.75
14197,398.42
14198,400
14199,On
14200,47.85
14201,44
14202,-1280
14203,42.00
14204,4.10
14205,-1.30
14206,7.84
14207,18.75
14208,C/L
14209,0
14210,1.04
14211,1.00
14212,96.10
14213,0
14214,0
14215,0
14216,0
14217,0
14218,1
14219,0
14220,0
14221,14.93
14222,79.68
14223,Off
14224,0.99
14225,0.36
14226,0
14227,3.51
14228,1.03
14229,14.51
14230,1.12
14231,14.51
14232,3.89
14233,13.73
14234,0
14235,130
14236,Off
14237,403.94
14238,0.90
14239,18.03
14240,OK
14241,0.95
14242,975
14243,14.25
14244,14.36
14245,1070
14246,Off
14247,0
14248,0.32
14249,-0.17
14250,0.63
14251,-0.15
14252,On
14253,Off
14254,Off
14255,Off
14256,Off
14257,88.50
14258,7.84
14259,0
14260,1.61
14261,43.14
14262,400.96
14263,400
14264,On
14265,47.38
14266,44
14267,-1280
14268,43.50
14269,3.52
14270,-1.30
14271,7.84
14272,18.75
14273,C/L
14274,0
14275,1.04
14276,1.00
14277,82.20
14278,0
14279,0
14280,0
14281,0
14282,0
14283,1
14284,0
14285,0
14286,12.61
14287,79.68
14288,Off
14289,1.02
14290,0.66
14291,0
14292,3.51
14293,1.01
14294,14.51
14295,1.13
14296,14.90
14297,3.84
14298,15.69
14299,0
14300,128
14301,Off
14302,403.94
14303,1
14304,20.15
14305,OK
14306,0.95
14307,975
14308,14.25
14309,14.43
14310,1120
14311,Off
14312,0
14313,0.37
14314,-0.05
14315,0.53
14316,-0.15
14317,On
14318,Off
14319,Off
14320,Off
14321,Off
14322,88.50
14323,7.84
14324,0
14325,1.61
14326,43.53
14327,400.88
14328,400
14329,On
14330,47.34
14331,43
14332,-1280
14333,43.50
14334,3.48
14335,-1.30
14336,7.84
14337,18.75
14338,C/L
14339,0
14340,1.04
14341,1.00
14342,81.90
14343,0
14344,0
14345,0
14346,0
14347,0
14348,1
14349,0
14350,0
14351,12.85
14352,79.68
14353,Off
14354,1.01
14355,0.61
14356,0
14357,3.51
14358,1.01
14359,12.16
14360,1.04
14361,12.16
14362,3.96
14363,12.16
14364,0
14365,128
14366,Off
14367,403.94
14368,0.89
14369,17.98
14370,OK
14371,0.95
14372,975
14373,14.25
14374,14.43
14375,1060
14376,Off
14377,0
14378,0.42
14379,-0.10
14380,0.56
14381,-0.17
14382,On
14383,Off
14384,Off
14385,Off
14386,Off
14387,88.50
14388,7.84
14389,0
14390,1.61
14391,7.84
14392,399.22
14393,400
14394,On
14395,49.45
14396,43
14397,-1280
14398,35.25
14399,6.82
14400,-1.30
14401,48.24
14402,18.75
14403,C/L
14404,0
14405,1.04
14406,1.00
14407,147.60
14408,0
14409,0
14410,0
14411,0
14412,0
14413,1
14414,0
14415,1
14416,14.71
14417,79.68
14418,Off
14419,0.97
14420,0.79
14421,0
14422,3.51
14423,1.00
14424,14.90
14425,1.18
14426,16.08
14427,3.84
14428,15.29
14429,0
14430,131
14431,Off
14432,390.45
14433,0.88
14434,17.64
14435,OK
14436,0.96
14437,975
14438,14.25
14439,14.43
14440,1080
14441,Off
14442,0
14443,0.06
14444,0
14445,0.53
14446,-0.04
14447,On
14448,Off
14449,Off
14450,Off
14451,Off
14452,88.50
14453,7.84
14454,0
14455,1.61
14456,43.53
14457,404.73
14458,400
14459,On
14460,46.99
14461,43
14462,-1280
14463,45.00
14464,2.71
14465,-1.30
14466,7.84
14467,18.75
14468,C/L
14469,0
14470,1.04
14471,1.00
14472,65.60
14473,0
14474,0
14475,0
14476,0
14477,0
14478,1
14479,1.50
14480,0
14481,11.00
14482,79.68
14483,Off
14484,0.99
14485,0.54
14486,0
14487,3.51
14488,1.00
14489,11.37
14490,1.11
14491,14.90
14492,3.85
14493,15.29
14494,8.97
14495,130
14496,Off
14497,403.94
14498,0.96
14499,19.24
14500,OK
14501,0.96
14502,975
14503,14.25
14504,14.50
14505,1100
14506,Off
14507,0
14508,0.44
14509,-0.21
14510,0.47
14511,-0.23
14512,On
14513,Off
14514,Off
14515,Off
14516,Off
14517,88.50
14518,7.84
14519,0.16
14520,1.61
14521,42.75
14522,395.88
14523,400
14524,On
14525,47.62
14526,43
14527,-1280
14528,40.50
14529,4.60
14530,-1.30
14531,7.84
14532,18.00
14533,C/L
14534,0
14535,1.04
14536,1.00
14537,108.40
14538,0
14539,0
14540,0
14541,0
14542,0
14543,1
14544,0
14545,5.50
14546,17.32
14547,79.68
14548,Off
14549,1.02
14550,0.54
14551,19.53
14552,3.51
14553,1.04
14554,17.65
14555,1.24
14556,18.04
14557,3.77
14558,17.25
14559,0
14560,131
14561,Off
14562,403.94
14563,1.04
14564,20.17
14565,OK
14566,0.96
14567,975
14568,14.25
14569,14.43
14570,1130
14571,Off
14572,0
14573,0.09
14574,-0.14
14575,0.47
14576,-0.14
14577,On
14578,Off
14579,Off
14580,Off
14581,Off
14582,88.50
14583,7.84
14584,2.43
14585,1.61
14586,43.53
14587,398.93
14588,400
14589,On
14590,47.26
14591,43
14592,-1280
14593,43.50
14594,3.17
14595,-1.30
14596,7.84
14597,18.75
14598,C/L
14599,0
14600,1.04
14601,1.00
14602,65.70
14603,0
14604,0
14605,0
14606,0
14607,0
14608,1
14609,0
14610,0
14611,10.85
14612,79.68
14613,Off
14614,1.00
14615,0.52
14616,99.60
14617,3.51
14618,0.97
14619,10.20
14620,0.96
14621,10.20
14622,4.05
14623,10.20
14624,0
14625,128
14626,Off
14627,403.94
14628,0.74
14629,14.62
14630,OK
14631,0.95
14632,980
14633,15.00
14634,14.50
14635,1020
14636,Off
14637,0
14638,0.15
14639,-0.06
14640,3.42
14641,-0.09
14642,On
14643,Off
14644,Off
14645,Off
14646,Off
14647,88.50
14648,7.84
14649,2.88
14650,1.61
14651,44.31
14652,401.10
14653,400
14654,On
14655,46.34
14656,43
14657,-1280
14658,44.25
14659,3.20
14660,-1.30
14661,7.84
14662,18.00
14663,C/L
14664,0
14665,1.04
14666,1.00
14667,104.40
14668,0
14669,0
14670,0
14671,0
14672,0
14673,1
14674,0
14675,0
14676,14.20
14677,79.68
14678,Off
14679,1.01
14680,0.11
14681,99.60
14682,3.51
14683,1.02
14684,14.12
14685,1.10
14686,14.12
14687,3.90
14688,13.73
14689,0
14690,126
14691,Off
14692,403.94
14693,1.03
14694,20.86
14695,OK
14696,0.95
14697,980
14698,15.00
14699,14.43
14700,1140
14701,Off
14702,0
14703,-0.14
14704,-0.35
14705,-0.28
14706,6.50
14707,On
14708,Off
14709,Off
14710,Off
14711,Off
14712,88.50
14713,7.84
14714,2.87
14715,1.61
14716,41.96
14717,395.30
14718,400
14719,On
14720,48.45
14721,43
14722,-1280
14723,36.75
14724,5.65
14725,-1.30
14726,46.67
14727,18.00
14728,C/L
14729,0
14730,1.04
14731,1.00
14732,121.80
14733,0
14734,0
14735,0
14736,0
14737,0
14738,1
14739,0
14740,0
14741,13.92
14742,79.68
14743,Off
14744,0.98
14745,0.57
14746,99.60
14747,3.51
14748,0.98
14749,14.12
14750,1.11
14751,14.51
14752,3.89
14753,14.12
14754,0
14755,127
14756,Off
14757,403.94
14758,0.92
14759,17.81
14760,OK
14761,0.95
14762,980
14763,14.25
14764,14.43
14765,1080
14766,Off
14767,0
14768,0.11
14769,-0.05
14770,0.60
14771,-0.07
14772,On
14773,Off
14774,Off
14775,Off
14776,Off
14777,87.75
14778,7.84
14779,3.23
14780,1.61
14781,45.10
14782,402.99
14783,400
14784,On
14785,46.34
14786,43
14787,-1280
14788,44.25
14789,1.89
14790,-1.30
14791,7.84
14792,18.00
14793,C/L
14794,0
14795,1.04
14796,1.00
14797,45.70
14798,0
14799,0
14800,0
14801,0
14802,0
14803,1
14804,3
14805,0
14806,8.50
14807,79.68
14808,Off
14809,1.01
14810,0.60
14811,0
14812,3.51
14813,0.98
14814,5.88
14815,0.79
14816,5.88
14817,4.27
14818,3.92
14819,0
14820,123
14821,Off
14822,403.94
14823,0.41
14824,8.02
14825,OK
14826,0.95
14827,980
14828,14.25
14829,14.50
14830,1010
14831,Off
14832,0
14833,0.41
14834,-0.10
14835,0.52
14836,-0.17
14837,On
14838,Off
14839,Off
14840,Off
14841,Off
14842,87.75
14843,7.84
14844,0
14845,1.61
14846,7.84
14847,422.27
14848,400
14849,On
14850,10.00
14851,43
14852,-1280
14853,0.75
14854,0.77
14855,-1.30
14856,7.84
14857,17.25
14858,O/L
14859,0
14860,1.04
14861,1.00
14862,20.70
14863,0
14864,0
14865,0
14866,0
14867,0
14868,1
14869,0
14870,0
14871,3.84
14872,79.68
14873,Off
14874,15.90
14875,-0.00
14876,0
14877,3.51
14878,1.00
14879,3.53
14880,0.71
14881,3.53
14882,4.30
14883,3.53
14884,0
14885,113
14886,Off
14887,403.94
14888,0.66
14889,13.60
14890,OK
14891,0.95
14892,980
14893,15.00
14894,14.36
14895,980
14896,Off
14897,0
14898,0.44
14899,0.03
14900,0.55
14901,-0.03
14902,On
14903,Off
14904,Off
14905,Off
14906,Off
14907,87.75
14908,7.84
14909,0
14910,1.61
14911,43.92
14912,399.94
14913,400
14914,On
14915,48.10
14916,43
14917,-1280
14918,38.25
14919,4.66
14920,-1.30
14921,7.84
14922,17.25
14923,C/L
14924,0
14925,1.04
14926,1.00
14927,49
14928,0
14929,0
14930,0
14931,0
14932,0
14933,1
14934,3.50
14935,0
14936,8.43
14937,79.68
14938,Off
14939,1.01
14940,0.17
14941,10.94
14942,3.51
14943,0.97
14944,5.10
14945,0.77
14946,5.10
14947,4.24
14948,4.71
14949,0
14950,111
14951,Off
14952,390.45
14953,0.51
14954,9.73
14955,OK
14956,0.94
14957,980
14958,14.25
14959,14.50
14960,1000
14961,Off
14962,0
14963,0.53
14964,0
14965,0.53
14966,0.05
14967,On
14968,Off
14969,Off
14970,Off
14971,Off
14972,87.00
14973,7.84
14974,0
14975,1.61
14976,7.84
14977,410.82
14978,400
14979,On
14980,10.00
14981,43
14982,-1280
14983,-0.75
14984,0.81
14985,-1.30
14986,7.84
14987,16.50
14988,O/L
14989,0
14990,1.04
14991,1.00
14992,27.70
14993,0
14994,0
14995,0
14996,0
14997,0
14998,1
14999,4
15000,0
15001,9.06
15002,79.68
15003,Off
15004,0.90
15005,0.06
15006,0
15007,3.51
15008,0.99
15009,10.59
15010,0.99
15011,10.98
15012,4.02
15013,10.98
15014,0
15015,103
15016,Off
15017,390.45
15018,0.79
15019,15.92
15020,OK
15021,0.94
15022,980
15023,14.25
15024,14.29
15025,1020
15026,Off
15027,0
15028,-2.79
15029,0.09
15030,5.60
15031,-0.06
15032,On
15033,Off
15034,Off
15035,Off
15036,Off
15037,87.00
15038,7.84
15039,0
15040,1.61
15041,7.84
15042,407.92
15043,400
15044,On
15045,10.00
15046,42
15047,-1280
15048,-1.50
15049,1.54
15050,-1.30
15051,7.84
15052,16.50
15053,O/L
15054,0
15055,1.04
15056,1.00
15057,54.60
15058,0
15059,0
15060,0
15061,0
15062,0
15063,1
15064,0.50
15065,0
15066,12.68
15067,79.68
15068,Off
15069,0.99
15070,0.80
15071,0
15072,3.51
15073,0.99
15074,13.33
15075,1.07
15076,12.94
15077,3.91
15078,14.90
15079,8.97
15080,101
15081,Off
15082,390.45
15083,0.99
15084,19.52
15085,OK
15086,0.94
15087,980
15088,14.25
15089,14.36
15090,1090
15091,Off
15092,0
15093,-0.11
15094,0.85
15095,-0.04
15096,2.75
15097,On
15098,Off
15099,Off
15100,Off
15101,Off
15102,87.00
15103,7.84
15104,0.83
15105,1.61
15106,43.53
15107,398.56
15108,400
15109,On
15110,47.34
15111,42
15112,-1280
15113,39.00
15114,4.38
15115,-1.30
15116,7.84
15117,17.25
15118,C/L
15119,0
15120,1.04
15121,1.00
15122,70.40
15123,0
15124,0
15125,0
15126,0
15127,0
15128,1
15129,0
15130,0
15131,12.83
15132,79.68
15133,Off
15134,0.99
15135,0.75
15136,99.60
15137,3.51
15138,0.97
15139,12.94
15140,1.06
15141,12.94
15142,3.95
15143,12.55
15144,0
15145,103
15146,Off
15147,390.45
15148,0.94
15149,18.77
15150,OK
15151,0.94
15152,980
15153,14.25
15154,14.43
15155,1060
15156,Off
15157,0
15158,-0.04
15159,-0.05
15160,0.27
15161,-0.11
15162,On
15163,Off
15164,Off
15165,Off
15166,Off
15167,87.00
15168,7.84
15169,2.31
15170,1.61
15171,7.84
15172,402.55
15173,400
15174,On
15175,48.21
15176,42
15177,-1280
15178,39.00
15179,4.71
15180,-1.30
15181,7.84
15182,18.00
15183,C/L
15184,0
15185,1.04
15186,1.00
15187,83.60
15188,0
15189,0
15190,0
15191,0
15192,0
15193,1
15194,0
15195,0
15196,12.27
15197,79.68
15198,Off
15199,1.01
15200,0.73
15201,99.60
15202,3.51
15203,1.00
15204,10.59
15205,0.96
15206,10.59
15207,4.04
15208,10.20
15209,0
15210,106
15211,Off
15212,403.94
15213,0.82
15214,16.40
15215,OK
15216,0.94
15217,980
15218,14.25
15219,14.64
15220,1030
15221,Off
15222,0
15223,-0.03
15224,0
15225,0.75
15226,0.06
15227,On
15228,Off
15229,Off
15230,Off
15231,Off
15232,87.00
15233,7.84
15234,1.74
15235,1.61
15236,7.84
15237,399.94
15238,400
15239,On
15240,48.06
15241,42
15242,-1280
15243,35.25
15244,4.52
15245,-1.30
15246,7.84
15247,18.00
15248,C/L
15249,0
15250,1.04
15251,1.00
15252,75.20
15253,0
15254,0
15255,0
15256,0
15257,0
15258,1
15259,0.50
15260,0
15261,11.55
15262,79.68
15263,Off
15264,1.00
15265,0.79
15266,99.60
15267,3.51
15268,0.99
15269,9.80
15270,0.94
15271,9.80
15272,4.07
15273,9.02
15274,0
15275,106
15276,Off
15277,390.45
15278,0.81
15279,16.39
15280,OK
15281,0.94
15282,980
15283,14.25
15284,14.43
15285,1020
15286,Off
15287,0
15288,-0.48
15289,0.03
15290,1.55
15291,0
15292,On
15293,Off
15294,Off
15295,Off
15296,Off
15297,87.75
15298,7.84
15299,2.41
15300,1.61
15301,43.92
15302,401.25
15303,400
15304,On
15305,46.34
15306,42
15307,-1280
15308,43.50
15309,1.51
15310,-1.30
15311,7.84
15312,17.25
15313,C/L
15314,0
15315,1.04
15316,1.00
15317,40.20
15318,0
15319,0
15320,0
15321,0
15322,0
15323,1
15324,4.50
15325,0
15326,7.66
15327,79.68
15328,Off
15329,0.95
15330,0.15
15331,53.12
15332,3.51
15333,1.02
15334,4.71
15335,0.74
15336,4.31
15337,4.26
15338,4.31
15339,0
15340,101
15341,Off
15342,390.45
15343,0.54
15344,11.04
15345,OK
15346,0.94
15347,980
15348,14.25
15349,14.43
15350,990
15351,Off
15352,0
15353,0.81
15354,0
15355,7
15356,-0.01
15357,On
15358,Off
15359,Off
15360,Off
15361,Off
15362,88.50
15363,7.84
15364,0
15365,1.61
15366,40.78
15367,394.94
15368,400
15369,On
15370,46.48
15371,42
15372,-1260
15373,41.25
15374,2.60
15375,-1.30
15376,7.84
15377,16.50
15378,C/L
15379,0
15380,1.04
15381,1.00
15382,41.20
15383,0
15384,0
15385,0
15386,0
15387,0
15388,1
15389,4.50
15390,0
15391,8.34
15392,79.68
15393,Off
15394,0.98
15395,0.79
15396,4.30
15397,3.51
15398,0.96
15399,14.90
15400,1.13
15401,14.51
15402,3.91
15403,13.33
15404,9.75
15405,96
15406,Off
15407,390.45
15408,0.95
15409,19.15
15410,OK
15411,0.94
15412,980
15413,14.25
15414,14.43
15415,1070
15416,Off
15417,0
15418,-0.08
15419,-0.45
15420,-0.06
15421,2.83
15422,On
15423,Off
15424,Off
15425,Off
15426,Off
15427,88.50
15428,7.84
15429,2.20
15430,1.61
15431,44.71
15432,401.17
15433,400
15434,On
15435,47.55
15436,42
15437,-1260
15438,38.25
15439,4.47
15440,-1.30
15441,51.76
15442,17.25
15443,C/L
15444,0
15445,1.04
15446,1.00
15447,88.30
15448,0
15449,0
15450,0
15451,0
15452,0
15453,1
15454,0
15455,5
15456,16.79
15457,79.68
15458,Off
15459,1.01
15460,0.14
15461,74.21
15462,3.51
15463,1.05
15464,16.47
15465,1.20
15466,16.86
15467,3.80
15468,16.86
15469,0
15470,100
15471,Off
15472,390.45
15473,1.13
15474,22.71
15475,OK
15476,0.94
15477,980
15478,14.25
15479,14.29
15480,1190
15481,Off
15482,0
15483,-0.27
15484,0.09
15485,-0.23
15486,16.96
15487,On
15488,Off
15489,Off
15490,Off
15491,Off
15492,87.75
15493,7.84
15494,0.91
15495,1.61
15496,7.84
15497,400.38
15498,400
15499,On
15500,48.23
15501,42
15502,-1280
15503,33.00
15504,6.42
15505,-1.30
15506,42.35
15507,18.00
15508,C/L
15509,0
15510,1.04
15511,1.00
15512,97.40
15513,0
15514,0
15515,0
15516,0
15517,0
15518,1
15519,0
15520,8
15521,15.13
15522,79.68
15523,Off
15524,0.99
15525,0.73
15526,99.60
15527,3.51
15528,0.98
15529,14.90
15530,1.14
15531,14.90
15532,3.87
15533,14.51
15534,0
15535,106
15536,Off
15537,403.94
15538,1.01
15539,20.39
15540,OK
15541,0.95
15542,980
15543,14.25
15544,14.43
15545,1130
15546,Off
15547,0
15548,-0.10
15549,-0.07
15550,-0.14
15551,6.55
15552,On
15553,Off
15554,Off
15555,Off
15556,Off
15557,87.75
15558,7.84
15559,2.08
15560,1.61
15561,7.84
15562,402.70
15563,400
15564,On
15565,47.56
15566,42
15567,-1280
15568,36.75
15569,5.31
15570,-1.30
15571,45.88
15572,18.00
15573,C/L
15574,0
15575,1.04
15576,1.00
15577,94.00
15578,0
15579,0
15580,0
15581,0
15582,0
15583,1
15584,0
15585,0
15586,13.44
15587,79.68
15588,Off
15589,0.98
15590,0.26
15591,99.60
15592,3.51
15593,1.00
15594,30.98
15595,1.74
15596,31.76
15597,3.24
15598,31.76
15599,27.30
15600,111
15601,Off
15602,403.94
15603,1.28
15604,26.11
15605,OK
15606,0.95
15607,980
15608,15.00
15609,14.64
15610,1280
15611,Off
15612,0
15613,-0.36
15614,0
15615,3.35
15616,20.47
15617,On
15618,Off
15619,Off
15620,Off
15621,Off
15622,88.50
15623,7.84
15624,0.24
15625,1.61
15626,7.84
15627,396.61
15628,400
15629,On
15630,48.82
15631,42
15632,-1280
15633,33.75
15634,6.40
15635,-1.30
15636,45.88
15637,18.75
15638,C/L
15639,0
15640,1.04
15641,1.00
15642,72.50
15643,0
15644,0
15645,0
15646,0
15647,0
15648,1
15649,0
15650,0
15651,12.34
15652,79.68
15653,Off
15654,0.99
15655,0.59
15656,0
15657,3.51
15658,0.94
15659,5.10
15660,0.77
15661,5.10
15662,4.23
15663,3.92
15664,0
15665,117
15666,Off
15667,403.94
15668,0.41
15669,8.02
15670,OK
15671,0.95
15672,980
15673,15.00
15674,14.43
15675,1010
15676,Off
15677,0
15678,0.58
15679,-0.06
15680,0.50
15681,-0.01
15682,On
15683,Off
15684,Off
15685,Off
15686,Off
15687,88.50
15688,7.84
15689,0
15690,1.61
15691,36.86
15692,401.54
15693,400
15694,On
15695,49.39
15696,42
15697,-1280
15698,32.25
15699,7.48
15700,-1.30
15701,49.80
15702,18.00
15703,C/L
15704,0
15705,1.04
15706,1.00
15707,162.40
15708,0
15709,0
15710,0
15711,0
15712,0
15713,1
15714,0
15715,20
15716,32.36
15717,79.68
15718,Off
15719,0.98
15720,0.20
15721,0
15722,3.51
15723,1.10
15724,32.94
15725,1.80
15726,32.94
15727,3.20
15728,32.55
15729,26.52
15730,118
15731,Off
15732,403.94
15733,1.31
15734,26.69
15735,OK
15736,0.95
15737,980
15738,15.00
15739,14.43
15740,1300
15741,Off
15742,0
15743,-0.03
15744,0.60
15745,5.80
15746,20.77
15747,On
15748,Off
15749,Off
15750,Off
15751,Off
15752,88.50
15753,7.84
15754,0.54
15755,1.61
15756,44.71
15757,405.60
15758,400
15759,On
15760,48.44
15761,42
15762,-1280
15763,36.00
15764,5.36
15765,-1.30
15766,47.06
15767,19.50
15768,C/L
15769,0
15770,1.04
15771,1.00
15772,95.20
15773,0
15774,0
15775,0
15776,0
15777,0
15778,1
15779,0
15780,2
15781,15.44
15782,79.68
15783,Off
15784,0.98
15785,0.63
15786,99.60
15787,3.51
15788,0.99
15789,21.18
15790,1.36
15791,20.39
15792,3.67
15793,19.61
15794,0
15795,126
15796,Off
15797,403.94
15798,1.16
15799,23.29
15800,OK
15801,0.95
15802,980
15803,15.00
15804,14.43
15805,1140
15806,Off
15807,0
15808,0
15809,-0.33
15810,0.08
15811,2.05
15812,On
15813,Off
15814,Off
15815,Off
15816,Off
15817,88.50
15818,7.84
15819,0.21
15820,1.61
15821,46.67
15822,396.03
15823,400
15824,On
15825,50.17
15826,41
15827,-1280
15828,33.75
15829,5.15
15830,-1.30
15831,43.14
15832,19.50
15833,C/L
15834,0
15835,1.04
15836,1.00
15837,111
15838,0
15839,0
15840,0
15841,0
15842,0
15843,1
15844,0
15845,0
15846,13.45
15847,79.68
15848,Off
15849,1.02
15850,0.74
15851,99.60
15852,3.51
15853,0.97
15854,17.25
15855,1.22
15856,17.25
15857,3.78
15858,18.04
15859,0
15860,130
15861,Off
15862,403.94
15863,1.08
15864,21.34
15865,OK
15866,0.95
15867,980
15868,15.00
15869,14.36
15870,1130
15871,Off
15872,0
15873,0.17
15874,-0.25
15875,0.47
15876,-0.15
15877,On
15878,Off
15879,Off
15880,Off
15881,Off
15882,88.50
15883,7.84
15884,0.20
15885,1.61
15886,40
15887,391.97
15888,400
15889,On
15890,48.87
15891,41
15892,-1280
15893,38.25
15894,5.19
15895,-1.30
15896,7.84
15897,19.50
15898,C/L
15899,0
15900,1.04
15901,1.00
15902,92.50
15903,0
15904,0
15905,0
15906,0
15907,0
15908,1
15909,3
15910,0
15911,6.03
15912,79.68
15913,Off
15914,1.02
15915,0.20
15916,6.25
15917,3.51
15918,1.06
15919,6.27
15920,0.81
15921,6.27
15922,4.19
15923,6.27
15924,0
15925,127
15926,Off
15927,403.94
15928,0.62
15929,12.46
15930,OK
15931,0.95
15932,980
15933,15.00
15934,14.36
15935,1000
15936,Off
15937,0
15938,-0.09
15939,-0.16
15940,3.77
15941,-0.07
15942,On
15943,Off
15944,Off
15945,Off
15946,Off
15947,88.50
15948,7.84
15949,0.22
15950,1.61
15951,7.84
15952,395.15
15953,400
15954,On
15955,47.62
15956,41
15957,-1280
15958,44.25
15959,2.27
15960,-1.30
15961,7.84
15962,18.75
15963,C/L
15964,0
15965,1.04
15966,1.00
15967,86.00
15968,0
15969,0
15970,0
15971,0
15972,0
15973,1
15974,0.50
15975,0
15976,10.61
15977,79.68
15978,Off
15979,1.00
15980,0.20
15981,8.20
15982,3.51
15983,0.99
15984,13.73
15985,1.08
15986,13.33
15987,3.92
15988,13.33
15989,0
15990,126
15991,Off
15992,403.94
15993,0.71
15994,14.02
15995,OK
15996,0.95
15997,980
15998,15.00
15999,14.29
16000,1030
16001,Off
16002,0
16003,-0.13
16004,-0.22
16005,2.52
16006,-0.17
16007,On
16008,Off
16009,Off
16010,Off
16011,Off
16012,88.50
16013,7.84
16014,0
16015,1.61
16016,44.31
16017,396.10
16018,400
16019,On
16020,48.04
16021,41
16022,-1280
16023,40.50
16024,4.35
16025,-1.30
16026,7.84
16027,18.75
16028,C/L
16029,0
16030,1.04
16031,1.00
16032,46.60
16033,0
16034,0
16035,0
16036,0
16037,0
16038,1
16039,3
16040,0
16041,8.72
16042,79.68
16043,Off
16044,0.99
16045,0.19
16046,0
16047,3.51
16048,0.98
16049,13.33
16050,1.07
16051,13.33
16052,3.95
16053,12.55
16054,0
16055,122
16056,Off
16057,403.94
16058,0.85
16059,16.88
16060,OK
16061,0.95
16062,980
16063,15.00
16064,14.57
16065,1040
16066,Off
16067,0
16068,-1.28
16069,-0.21
16070,4.08
16071,-0.11
16072,On
16073,Off
16074,Off
16075,Off
16076,Off
16077,88.50
16078,7.84
16079,0
16080,1.61
16081,7.84
16082,404.80
16083,400
16084,On
16085,10.00
16086,41
16087,-1280
16088,0.75
16089,0.80
16090,-1.30
16091,7.84
16092,18.00
16093,O/L
16094,0
16095,1.04
16096,1.00
16097,30.50
16098,0
16099,0
16100,0
16101,0
16102,0
16103,1
16104,3
16105,0
16106,10.51
16107,79.68
16108,Off
16109,0.94
16110,0.10
16111,0
16112,3.51
16113,0.97
16114,5.49
16115,0.78
16116,5.49
16117,4.23
16118,5.10
16119,0
16120,116
16121,Off
16122,403.94
16123,0.75
16124,14.70
16125,OK
16126,0.94
16127,980
16128,15.00
16129,14.43
16130,1000
16131,Off
16132,0
16133,0.24
16134,-0.06
16135,4.64
16136,0.03
16137,On
16138,Off
16139,Off
16140,Off
16141,Off
16142,87.75
16143,7.84
16144,0
16145,1.61
16146,44.31
16147,400.09
16148,400
16149,On
16150,46.01
16151,41
16152,-1280
16153,3.75
16154,1.36
16155,-1.30
16156,7.84
16157,17.25
16158,O/L
16159,0
16160,1.04
16161,1.00
16162,21.10
16163,0
16164,0
16165,0
16166,0
16167,0
16168,1
16169,0
16170,0
16171,3.69
16172,79.68
16173,Off
16174,11.72
16175,0.00
16176,0
16177,3.51
16178,1.00
16179,3.53
16180,0.73
16181,4.71
16182,4.25
16183,4.71
16184,0
16185,108
16186,Off
16187,403.94
16188,0.75
16189,16.04
16190,OK
16191,0.94
16192,980
16193,15.00
16194,14.15
16195,1000
16196,Off
16197,0
16198,-0.33
16199,0.03
16200,0.58
16201,-0.07
16202,On
16203,Off
16204,Off
16205,Off
16206,Off
16207,87.75
16208,7.84
16209,0
16210,1.61
16211,7.84
16212,392.62
16213,400
16214,On
16215,48.80
16216,41
16217,-1280
16218,32.25
16219,7.59
16220,-1.30
16221,30.98
16222,18.00
16223,C/L
16224,0
16225,1.04
16226,1.00
16227,70.40
16228,0
16229,0
16230,0
16231,0
16232,0
16233,1
16234,0.50
16235,0
16236,11.37
16237,79.68
16238,Off
16239,1.02
16240,0.78
16241,8.20
16242,3.51
16243,0.98
16244,9.41
16245,0.92
16246,8.63
16247,4.13
16248,7.84
16249,0
16250,110
16251,Off
16252,403.94
16253,0.72
16254,14.35
16255,OK
16256,0.94
16257,980
16258,15.00
16259,14.43
16260,1010
16261,Off
16262,0
16263,0.80
16264,-0.10
16265,1.45
16266,0.03
16267,On
16268,Off
16269,Off
16270,Off
16271,Off
16272,87.00
16273,7.84
16274,0.55
16275,1.61
16276,44.31
16277,398.64
16278,400
16279,On
16280,47.80
16281,41
16282,-1280
16283,36.75
16284,5.40
16285,-1.30
16286,46.67
16287,18.00
16288,C/L
16289,0
16290,1.04
16291,1.00
16292,96.60
16293,0
16294,0
16295,0
16296,0
16297,0
16298,1
16299,0
16300,1
16301,15.70
16302,79.68
16303,Off
16304,0.98
16305,0.74
16306,73.82
16307,3.51
16308,0.99
16309,12.94
16310,1.07
16311,13.33
16312,3.86
16313,16.08
16314,0
16315,112
16316,Off
16317,403.94
16318,1.01
16319,20.31
16320,OK
16321,0.94
16322,980
16323,15.00
16324,14.36
16325,1110
16326,Off
16327,0
16328,-0.07
16329,-0.16
16330,0.09
16331,-0.15
16332,On
16333,Off
16334,Off
16335,Off
16336,Off
16337,87.75
16338,7.84
16339,3.02
16340,1.61
16341,41.18
16342,394.15
16343,400
16344,On
16345,48.24
16346,41
16347,-1280
16348,36.00
16349,5.57
16350,-1.30
16351,62.75
16352,18.75
16353,C/L
16354,0
16355,1.04
16356,1.00
16357,111.30
16358,0
16359,0
16360,0
16361,0
16362,0
16363,1
16364,0
16365,0
16366,12.29
16367,79.68
16368,Off
16369,0.97
16370,0.20
16371,99.60
16372,3.51
16373,1.01
16374,12.55
16375,1.05
16376,12.55
16377,3.96
16378,12.55
16379,0
16380,115
16381,Off
16382,403.94
16383,0.89
16384,17.76
16385,OK
16386,0.94
16387,980
16388,15.00
16389,14.29
16390,1060
16391,Off
16392,0
16393,-0.13
16394,-0.05
16395,0.36
16396,-0.07
16397,On
16398,Off
16399,Off
16400,Off
16401,Off
16402,87.75
16403,7.84
16404,1.02
16405,1.61
16406,47.45
16407,402.41
16408,400
16409,On
16410,46.91
16411,41
16412,-1280
16413,44.25
16414,2.63
16415,-1.30
16416,7.84
16417,18.75
16418,C/L
16419,0
16420,1.04
16421,1.00
16422,44.30
16423,0
16424,0
16425,0
16426,0
16427,0
16428,1
16429,4.50
16430,0
16431,7.74
16432,79.68
16433,Off
16434,0.97
16435,0.65
16436,0
16437,3.51
16438,1.00
16439,6.27
16440,0.80
16441,5.88
16442,4.21
16443,5.49
16444,0
16445,112
16446,Off
16447,403.94
16448,0.65
16449,13.12
16450,OK
16451,0.94
16452,980
16453,15.00
16454,14.50
16455,980
16456,Off
16457,0
16458,0.82
16459,-0.05
16460,1
16461,0.02
16462,On
16463,Off
16464,Off
16465,Off
16466,Off
16467,87.75
16468,7.84
16469,0
16470,1.61
16471,7.84
16472,395.52
16473,400
16474,On
16475,47.39
16476,41
16477,-1280
16478,37.50
16479,5.13
16480,-1.30
16481,45.88
16482,18.00
16483,C/L
16484,0
16485,1.04
16486,1.00
16487,104.40
16488,0
16489,0
16490,0
16491,0
16492,0
16493,1
16494,0
16495,3
16496,13.67
16497,79.68
16498,Off
16499,0.97
16500,0.21
16501,0
16502,3.51
16503,1.03
16504,16.47
16505,1.24
16506,19.61
16507,3.75
16508,18.04
16509,14.04
16510,112
16511,Off
16512,403.94
16513,1.05
16514,21.27
16515,OK
16516,0.94
16517,980
16518,15.00
16519,14.36
16520,1190
16521,Off
16522,0
16523,-0.36
16524,-0.03
16525,-0.45
16526,15.71
16527,On
16528,Off
16529,Off
16530,Off
16531,Off
16532,88.50
16533,7.84
16534,0
16535,1.61
16536,7.84
16537,398.20
16538,400
16539,On
16540,48.48
16541,42
16542,-1280
16543,39.00
16544,3.89
16545,-1.30
16546,7.84
16547,18.75
16548,C/L
16549,0
16550,1.04
16551,1.00
16552,87.50
16553,0
16554,0
16555,0
16556,0
16557,0
16558,1
16559,0
16560,0
16561,12.55
16562,79.68
16563,Off
16564,0.99
16565,0.62
16566,0
16567,3.51
16568,0.99
16569,14.12
16570,1.13
16571,14.90
16572,3.86
16573,15.29
16574,0
16575,116
16576,Off
16577,403.94
16578,1.01
16579,20.29
16580,OK
16581,0.94
16582,980
16583,15.00
16584,14.43
16585,1120
16586,Off
16587,0
16588,-0.11
16589,-0.13
16590,-0.07
16591,3.53
16592,On
16593,Off
16594,Off
16595,Off
16596,Off
16597,88.50
16598,7.84
16599,0
16600,1.61
16601,43.53
16602,404.00
16603,400
16604,On
16605,48.00
16606,42
16607,-1280
16608,39.75
16609,4.30
16610,-1.30
16611,7.84
16612,18.75
16613,C/L
16614,0
16615,1.04
16616,1.00
16617,92.10
16618,0
16619,0
16620,0
16621,0
16622,0
16623,1
16624,0
16625,0
16626,13.21
16627,79.68
16628,Off
16629,0.98
16630,0.17
16631,0
16632,3.51
16633,1.00
16634,14.12
16635,1.12
16636,16.86
16637,3.80
16638,17.25
16639,5.85
16640,117
16641,Off
16642,403.94
16643,1.05
16644,21.37
16645,OK
16646,0.94
16647,980
16648,15.00
16649,14.36
16650,1170
16651,Off
16652,0
16653,-0.13
16654,1.70
16655,-0.07
16656,4.93
16657,On
16658,Off
16659,Off
16660,Off
16661,Off
16662,88.50
16663,7.84
16664,0
16665,1.61
16666,7.84
16667,400.30
16668,400
16669,On
16670,47.85
16671,42
16672,-1280
16673,40.50
16674,4.37
16675,-1.30
16676,7.84
16677,18.75
16678,C/L
16679,0
16680,1.04
16681,1.00
16682,87.50
16683,0
16684,0
16685,0
16686,0
16687,0
16688,1
16689,0.50
16690,0
16691,11.57
16692,79.68
16693,Off
16694,0.99
16695,0.58
16696,0
16697,3.51
16698,0.97
16699,10.20
16700,0.95
16701,9.80
16702,4.07
16703,9.41
16704,0
16705,118
16706,Off
16707,403.94
16708,0.69
16709,13.82
16710,OK
16711,0.94
16712,980
16713,15.00
16714,14.43
16715,1010
16716,Off
16717,0
16718,-0.10
16719,-0.05
16720,4.63
16721,-0.01
16722,On
16723,Off
16724,Off
16725,Off
16726,Off
16727,88.50
16728,7.84
16729,0
16730,1.61
16731,46.67
16732,400.74
16733,400
16734,On
16735,46.25
16736,42
16737,-1280
16738,44.25
16739,1.88
16740,-1.30
16741,7.84
16742,18.00
16743,C/L
16744,0
16745,1.04
16746,1.00
16747,29.90
16748,0
16749,0
16750,0
16751,0
16752,0
16753,1
16754,4.50
16755,0
16756,11.32
16757,79.68
16758,Off
16759,0.93
16760,0.57
16761,0
16762,3.51
16763,0.95
16764,12.55
16765,1.04
16766,12.16
16767,3.97
16768,11.76
16769,0
16770,116
16771,Off
16772,403.94
16773,0.92
16774,18.59
16775,OK
16776,0.94
16777,980
16778,15.00
16779,14.29
16780,1060
16781,Off
16782,0
16783,0.02
16784,-0.21
16785,0.13
16786,-0.09
16787,On
16788,Off
16789,Off
16790,Off
16791,Off
16792,88.50
16793,7.84
16794,0
16795,1.61
16796,44.31
16797,401.46
16798,400
16799,On
16800,47.27
16801,42
16802,-1280
16803,42.00
16804,3.57
16805,-1.30
16806,7.84
16807,18.00
16808,C/L
16809,0
16810,1.04
16811,1.00
16812,75.30
16813,0
16814,0
16815,0
16816,0
16817,0
16818,1
16819,0.50
16820,0
16821,11.81
16822,79.68
16823,Off
16824,1.02
16825,0.72
16826,0
16827,3.51
16828,0.96
16829,11.76
16830,1.01
16831,11.37
16832,4.00
16833,11.37
16834,0
16835,116
16836,Off
16837,403.94
16838,0.84
16839,16.87
16840,OK
16841,0.94
16842,980
16843,15.00
16844,14.43
16845,1040
16846,Off
16847,0
16848,-0.05
16849,0.02
16850,0.64
16851,-0.14
16852,On
16853,Off
16854,Off
16855,Off
16856,Off
16857,88.50
16858,7.84
16859,0
16860,1.61
16861,44.31
16862,402.62
16863,400
16864,On
16865,46.57
16866,42
16867,-1280
16868,44.25
16869,2.53
16870,-1.30
16871,7.84
16872,18.00
16873,C/L
16874,0
16875,1.04
16876,1.00
16877,53.30
16878,0
16879,0
16880,0
16881,0
16882,0
16883,1
16884,1
16885,0
16886,11.22
16887,79.68
16888,Off
16889,1.02
16890,0.75
16891,0
16892,3.51
16893,0.95
16894,15.29
16895,1.13
16896,14.12
16897,3.89
16898,13.73
16899,0
16900,115
16901,Off
16902,403.94
16903,0.94
16904,18.73
16905,OK
16906,0.94
16907,980
16908,15.00
16909,14.57
16910,1070
16911,Off
16912,0
16913,-0.37
16914,-0.08
16915,0.89
16916,-0.03
16917,On
16918,Off
16919,Off
16920,Off
16921,Off
16922,88.50
16923,7.84
16924,0
16925,1.61
16926,43.53
16927,398.78
16928,400
16929,On
16930,47.10
16931,42
16932,-1280
16933,42.00
16934,3.47
16935,-1.30
16936,7.84
16937,18.00
16938,C/L
16939,0
16940,1.04
16941,1.00
16942,58.60
16943,0
16944,0
16945,0
16946,0
16947,0
16948,1
16949,1.50
16950,0
16951,8.99
16952,79.68
16953,Off
16954,1.03
16955,0.71
16956,0
16957,3.51
16958,0.95
16959,9.02
16960,0.91
16961,9.02
16962,4.10
16963,8.63
16964,0
16965,113
16966,Off
16967,403.94
16968,0.87
16969,17.55
16970,OK
16971,0.94
16972,980
16973,15.00
16974,14.43
16975,1030
16976,Off
16977,0
16978,0.03
16979,-0.14
16980,0.63
16981,-0.04
16982,On
16983,Off
16984,Off
16985,Off
16986,Off
16987,88.50
16988,7.84
16989,0
16990,1.61
16991,44.31
16992,394.15
16993,400
16994,On
16995,46.86
16996,42
16997,-1280
16998,42.00
16999,3.33
17000,-1.30
17001,7.84
17002,18.00
17003,C/L
17004,0
17005,1.03
17006,1.00
17007,71.30
17008,0
17009,0
17010,0
17011,0
17012,0
17013,1
17014,0.50
17015,0
17016,11.69
17017,79.68
17018,Off
17019,1.02
17020,0.75
17021,0
17022,3.51
17023,0.96
17024,11.37
17025,1.00
17026,11.37
17027,4.00
17028,11.76
17029,0
17030,115
17031,Off
17032,403.94
17033,0.89
17034,17.73
17035,OK
17036,0.94
17037,980
17038,15.00
17039,14.36
17040,1040
17041,Off
17042,0
17043,0.03
17044,-0.05
17045,0.58
17046,-0.03
17047,On
17048,Off
17049,Off
17050,Off
17051,Off
17052,87.75
17053,7.84
17054,0.05
17055,1.61
17056,44.71
17057,398.78
17058,400
17059,On
17060,46.94
17061,42
17062,-1280
17063,43.50
17064,2.98
17065,-1.30
17066,7.84
17067,18.00
17068,C/L
17069,0
17070,1.03
17071,1.00
17072,63.40
17073,0
17074,0
17075,0
17076,0
17077,0
17078,1
17079,0
17080,0
17081,14.73
17082,79.68
17083,Off
17084,1.03
17085,0.69
17086,9.37
17087,3.51
17088,1.00
17089,13.33
17090,1.07
17091,13.33
17092,3.93
17093,12.94
17094,0
17095,115
17096,Off
17097,403.94
17098,0.93
17099,18.62
17100,OK
17101,0.94
17102,980
17103,15.00
17104,14.36
17105,1070
17106,Off
17107,0
17108,-0.06
17109,-0.11
17110,0.27
17111,-0.11
17112,On
17113,Off
17114,Off
17115,Off
17116,Off
17117,87.75
17118,7.84
17119,0.87
17120,1.61
17121,44.31
17122,399.94
17123,400
17124,On
17125,46.86
17126,42
17127,-1280
17128,42.00
17129,3.54
17130,-1.30
17131,7.84
17132,18.00
17133,C/L
17134,0
17135,1.03
17136,1.00
17137,60.40
17138,0
17139,0
17140,0
17141,0
17142,0
17143,1
17144,1
17145,0
17146,10.52
17147,79.68
17148,Off
17149,1.02
17150,0.66
17151,99.60
17152,3.51
17153,1.01
17154,10.20
17155,0.96
17156,10.20
17157,4.05
17158,9.80
17159,0
17160,115
17161,Off
17162,403.94
17163,0.81
17164,16.10
17165,OK
17166,0.94
17167,980
17168,15.00
17169,14.43
17170,1030
17171,Off
17172,0
17173,0.05
17174,0.05
17175,0.80
17176,0
17177,On
17178,Off
17179,Off
17180,Off
17181,Off
17182,87.75
17183,7.84
17184,2.92
17185,1.61
17186,44.31
17187,398.93
17188,400
17189,On
17190,47.53
17191,42
17192,-1280
17193,41.25
17194,3.79
17195,-1.30
17196,7.84
17197,18.00
17198,C/L
17199,0
17200,1.03
17201,1.00
17202,76
17203,0
17204,0
17205,0
17206,0
17207,0
17208,1
17209,1
17210,0
17211,10.17
17212,79.68
17213,Off
17214,1.01
17215,0.73
17216,99.60
17217,3.51
17218,1.00
17219,10.20
17220,0.95
17221,9.41
17222,4.10
17223,8.63
17224,0
17225,115
17226,Off
17227,403.94
17228,0.75
17229,14.89
17230,OK
17231,0.94
17232,980
17233,15.00
17234,14.64
17235,1010
17236,Off
17237,0
17238,0.02
17239,-0.02
17240,2.74
17241,0
17242,On
17243,Off
17244,Off
17245,Off
17246,Off
17247,87.75
17248,7.84
17249,3.24
17250,1.61
17251,42.75
17252,398.93
17253,400
17254,On
17255,46.71
17256,42
17257,-1280
17258,43.50
17259,2.75
17260,-1.30
17261,7.84
17262,18.00
17263,C/L
17264,0
17265,1.03
17266,1.00
17267,82.90
17268,0
17269,0
17270,0
17271,0
17272,0
17273,1
17274,0
17275,0
17276,14.45
17277,79.68
17278,Off
17279,1.02
17280,0.74
17281,99.60
17282,3.51
17283,1.02
17284,14.12
17285,1.11
17286,14.12
17287,3.90
17288,13.73
17289,0
17290,115
17291,Off
17292,403.94
17293,0.41
17294,8.01
17295,OK
17296,0.93
17297,980
17298,15.00
17299,14.29
17300,1030
17301,Off
17302,0
17303,0.45
17304,-0.06
17305,5.52
17306,-0.04
17307,On
17308,Off
17309,Off
17310,Off
17311,Off
17312,87.75
17313,7.84
17314,0
17315,1.61
17316,41.18
17317,398.06
17318,400
17319,On
17320,47.03
17321,42
17322,-1280
17323,42.00
17324,2.78
17325,-1.30
17326,7.84
17327,18.00
17328,C/L
17329,0
17330,1.03
17331,1.00
17332,47.20
17333,0
17334,0
17335,0
17336,0
17337,0
17338,1
17339,0.50
17340,0
17341,13.17
17342,79.68
17343,Off
17344,1.01
17345,0.67
17346,3.52
17347,3.51
17348,0.98
17349,5.49
17350,0.77
17351,5.10
17352,4.24
17353,5.10
17354,0
17355,111
17356,Off
17357,403.94
17358,0.50
17359,9.97
17360,OK
17361,0.93
17362,980
17363,15.00
17364,14.43
17365,1010
17366,Off
17367,0
17368,-0.17
17369,-0.02
17370,5.47
17371,-0.01
17372,On
17373,Off
17374,Off
17375,Off
17376,Off
17377,87.75
17378,7.84
17379,0
17380,1.61
17381,41.57
17382,395.23
17383,400
17384,On
17385,47.61
17386,42
17387,-1280
17388,39.75
17389,3.70
17390,-1.30
17391,7.84
17392,17.25
17393,C/L
17394,0
17395,1.03
17396,1.00
17397,37.10
17398,1
17399,0
17400,0
17401,0
17402,0
17403,2
17404,5.50
17405,0
17406,5.61
17407,79.68
17408,Off
17409,1.01
17410,0.19
17411,5.47
17412,3.51
17413,1.05
17414,9.80
17415,0.93
17416,9.41
17417,4.07
17418,9.41
17419,0
17420,108
17421,Off
17422,403.94
17423,0.80
17424,15.99
17425,OK
17426,0.93
17427,980
17428,15.00
17429,14.50
17430,1010
17431,Off
17432,0
17433,0.49
17434,-0.10
17435,0.63
17436,-0.07
17437,On
17438,Off
17439,Off
17440,Off
17441,Off
17442,87.75
17443,7.84
17444,2.56
17445,1.61
17446,43.53
17447,399.14
17448,400
17449,On
17450,47.30
17451,42
17452,-1280
17453,40.50
17454,3.43
17455,-1.30
17456,7.84
17457,17.25
17458,C/L
17459,0
17460,1.03
17461,1.00
17462,95.30
17463,1
17464,0
17465,0
17466,0
17467,0
17468,2
17469,1
17470,0
17471,9.90
17472,79.68
17473,Off
17474,0.99
17475,0.78
17476,99.60
17477,3.51
17478,1.00
17479,12.16
17480,1.03
17481,13.73
17482,3.92
17483,13.33
17484,0
17485,110
17486,Off
17487,403.94
17488,0.86
17489,17.17
17490,OK
17491,0.93
17492,980
17493,15.00
17494,14.50
17495,1040
17496,Off
17497,0
17498,0.30
17499,-0.02
17500,0.13
17501,0.02
17502,On
17503,Off
17504,Off
17505,Off
17506,Off
17507,87.75
17508,7.84
17509,3.01
17510,1.61
17511,45.49
17512,401.83
17513,400
17514,On
17515,47.20
17516,42
17517,-1280
17518,43.50
17519,2.53
17520,-1.30
17521,7.84
17522,18.00
17523,C/L
17524,0
17525,1.03
17526,1.00
17527,49.20
17528,0
17529,0
17530,0
17531,0
17532,0
17533,2
17534,0
17535,0
17536,15.92
17537,79.68
17538,Off
17539,1.00
17540,0.73
17541,99.60
17542,3.51
17543,0.97
17544,16.86
17545,1.18
17546,16.08
17547,3.83
17548,16.08
17549,3.12
17550,111
17551,Off
17552,403.94
17553,1.01
17554,19.00
17555,OK
17556,0.93
17557,980
17558,15.00
17559,14.50
17560,1090
17561,Off
17562,0
17563,-0.59
17564,-0.11
17565,0.99
17566,0.02
17567,On
17568,Off
17569,Off
17570,Off
17571,Off
17572,87.75
17573,7.84
17574,1.81
17575,1.61
17576,7.84
17577,400.96
17578,400
17579,On
17580,48.29
17581,42
17582,-1280
17583,36.00
17584,5.49
17585,-1.30
17586,46.67
17587,18.00
17588,C/L
17589,0
17590,1.03
17591,1.00
17592,104.70
17593,0
17594,0
17595,0
17596,0
17597,0
17598,2
17599,0
17600,1.50
17601,12.81
17602,79.68
17603,Off
17604,0.97
17605,0.77
17606,99.60
17607,3.51
17608,0.98
17609,18.82
17610,1.41
17611,23.53
17612,3.50
17613,23.92
17614,14.04
17615,112
17616,Off
17617,403.94
17618,1.19
17619,23.92
17620,OK
17621,0.94
17622,980
17623,15.00
17624,14.71
17625,1230
17626,Off
17627,0
17628,-0.24
17629,2.32
17630,-0.12
17631,8.91
17632,On
17633,Off
17634,Off
17635,Off
17636,Off
17637,87.75
17638,7.84
17639,1.82
17640,1.61
17641,7.84
17642,396.32
17643,400
17644,On
17645,48.23
17646,42
17647,-1280
17648,35.25
17649,5.77
17650,-1.30
17651,47.06
17652,18.75
17653,C/L
17654,0
17655,1.03
17656,1.00
17657,47.80
17658,0
17659,0
17660,0
17661,0
17662,0
17663,2
17664,3
17665,0
17666,9.99
17667,79.68
17668,Off
17669,0.97
17670,0.22
17671,99.60
17672,3.51
17673,0.94
17674,16.08
17675,1.17
17676,16.08
17677,3.83
17678,15.69
17679,11.31
17680,113
17681,Off
17682,403.94
17683,1.00
17684,20.27
17685,OK
17686,0.94
17687,980
17688,15.00
17689,14.08
17690,1120
17691,Off
17692,0
17693,-0.22
17694,-0.13
17695,0.24
17696,-0.11
17697,On
17698,Off
17699,Off
17700,Off
17701,Off
17702,87.75
17703,7.84
17704,2.76
17705,1.61
17706,43.53
17707,404.44
17708,400
17709,On
17710,48.26
17711,42
17712,-1280
17713,39.00
17714,3.89
17715,-1.30
17716,7.84
17717,18.00
17718,C/L
17719,0
17720,1.03
17721,1.00
17722,93.30
17723,0
17724,0
17725,0
17726,0
17727,0
17728,2
17729,0
17730,0
17731,12.31
17732,79.68
17733,Off
17734,0.99
17735,0.37
17736,99.60
17737,3.51
17738,0.99
17739,12.55
17740,1.05
17741,12.55
17742,3.95
17743,12.55
17744,0
17745,113
17746,Off
17747,403.94
17748,0.90
17749,17.98
17750,OK
17751,0.94
17752,980
17753,15.00
17754,14.43
17755,1060
17756,Off
17757,0
17758,0.08
17759,-0.12
17760,0.05
17761,-0.14
17762,On
17763,Off
17764,Off
17765,Off
17766,Off
17767,88.50
17768,7.84
17769,2.34
17770,1.61
17771,7.84
17772,395.15
17773,400
17774,On
17775,48.40
17776,42
17777,-1280
17778,36.75
17779,5.46
17780,-1.30
17781,45.88
17782,18.00
17783,C/L
17784,0
17785,1.03
17786,1.00
17787,86.30
17788,0
17789,0
17790,0
17791,0
17792,0
17793,2
17794,0
17795,0.50
17796,14.40
17797,79.68
17798,Off
17799,0.99
17800,0.61
17801,99.60
17802,3.51
17803,0.99
17804,13.33
17805,1.08
17806,13.73
17807,3.91
17808,12.94
17809,0
17810,115
17811,Off
17812,403.94
17813,0.93
17814,18.45
17815,OK
17816,0.94
17817,980
17818,15.00
17819,14.50
17820,1070
17821,Off
17822,0
17823,0.02
17824,-0.08
17825,0.25
17826,-0.06
17827,On
17828,Off
17829,Off
17830,Off
17831,Off
17832,88.50
17833,7.84
17834,2.94
17835,1.61
17836,44.71
17837,398.56
17838,400
17839,On
17840,47.60
17841,42
17842,-1280
17843,41.25
17844,3.74
17845,-1.30
17846,7.84
17847,18.00
17848,C/L
17849,0
17850,1.03
17851,1.00
17852,83.00
17853,0
17854,0
17855,0
17856,0
17857,0
17858,2
17859,0
17860,0
17861,12.44
17862,79.68
17863,Off
17864,0.99
17865,0.45
17866,75.38
17867,3.51
17868,0.98
17869,10.98
17870,0.99
17871,10.98
17872,4.02
17873,10.98
17874,0
17875,113
17876,Off
17877,403.94
17878,0.96
17879,19.34
17880,OK
17881,0.94
17882,980
17883,15.00
17884,14.36
17885,1110
17886,Off
17887,0
17888,-0.08
17889,-0.48
17890,-0.14
17891,6.58
17892,On
17893,Off
17894,Off
17895,Off
17896,Off
17897,88.50
17898,7.84
17899,0.18
17900,1.61
17901,7.84
17902,399.58
17903,400
17904,On
17905,48.78
17906,42
17907,-1280
17908,35.25
17909,6.37
17910,-1.30
17911,45.10
17912,18.75
17913,C/L
17914,0
17915,1.04
17916,1.00
17917,123.70
17918,0
17919,0
17920,0
17921,0
17922,0
17923,2
17924,0.50
17925,0
17926,8.58
17927,79.68
17928,Off
17929,0.99
17930,0.73
17931,0
17932,3.51
17933,0.94
17934,9.02
17935,0.91
17936,7.06
17937,4.21
17938,5.10
17939,0
17940,115
17941,Off
17942,403.94
17943,0.63
17944,12.85
17945,OK
17946,0.94
17947,980
17948,15.00
17949,14.29
17950,980
17951,Off
17952,0
17953,1.23
17954,-0.17
17955,0.39
17956,-0.07
17957,On
17958,Off
17959,Off
17960,Off
17961,Off
17962,88.50
17963,7.84
17964,0
17965,1.61
17966,43.14
17967,401.17
17968,400
17969,On
17970,47.79
17971,42
17972,-1280
17973,39.75
17974,3.31
17975,-1.30
17976,7.84
17977,18.00
17978,C/L
17979,0
17980,1.03
17981,1.00
17982,109.60
17983,0
17984,0
17985,0
17986,0
17987,0
17988,2
17989,0
17990,2.50
17991,14.80
17992,79.68
17993,Off
17994,1.00
17995,0.71
17996,0
17997,3.51
17998,1.01
17999,14.51
18000,1.06
18001,12.94
18002,3.94
18003,12.94
18004,0
18005,113
18006,Off
18007,403.94
18008,0.89
18009,17.89
18010,OK
18011,0.95
18012,980
18013,15.00
18014,14.36
18015,1090
18016,Off
18017,0
18018,-0.08
18019,-0.14
18020,0
18021,1.85
18022,On
18023,Off
18024,Off
18025,Off
18026,Off
18027,88.50
18028,7.84
18029,0
18030,1.61
18031,7.84
18032,397.48
18033,400
18034,On
18035,48.48
18036,42
18037,-1280
18038,33.00
18039,7.02
18040,-1.30
18041,45.88
18042,18.75
18043,C/L
18044,0
18045,1.03
18046,1.00
18047,129.20
18048,0
18049,0
18050,0
18051,0
18052,0
18053,2
18054,0
18055,11.50
18056,17.35
18057,79.68
18058,Off
18059,1.00
18060,0.66
18061,0
18062,3.51
18063,1.04
18064,17.25
18065,1.22
18066,17.25
18067,3.78
18068,16.86
18069,0
18070,116
18071,Off
18072,403.94
18073,1.02
18074,22.08
18075,OK
18076,0.95
18077,980
18078,15.00
18079,14.43
18080,1190
18081,Off
18082,0
18083,-0.22
18084,1.87
18085,-0.09
18086,2.69
18087,On
18088,Off
18089,Off
18090,Off
18091,Off
18092,88.50
18093,7.84
18094,0
18095,1.61
18096,7.84
18097,398.56
18098,400
18099,On
18100,48.77
18101,42
18102,-1280
18103,35.25
18104,6.17
18105,-1.30
18106,45.49
18107,18.75
18108,C/L
18109,0
18110,1.04
18111,1.00
18112,122.40
18113,0
18114,0
18115,0
18116,0
18117,0
18118,2
18119,0
18120,10.50
18121,17.24
18122,79.68
18123,Off
18124,1.00
18125,0.33
18126,0
18127,3.51
18128,1.05
18129,16.47
18130,1.19
18131,16.86
18132,3.79
18133,16.86
18134,0
18135,118
18136,Off
18137,403.94
18138,1.07
18139,21.56
18140,OK
18141,0.95
18142,980
18143,15.00
18144,14.36
18145,1180
18146,Off
18147,0
18148,-0.22
18149,-0.02
18150,-0.25
18151,8.88
18152,On
18153,Off
18154,Off
18155,Off
18156,Off
18157,88.50
18158,7.84
18159,0
18160,1.61
18161,7.84
18162,397.62
18163,400
18164,On
18165,48.71
18166,42
18167,-1280
18168,35.25
18169,6.47
18170,-1.30
18171,45.10
18172,18.75
18173,C/L
18174,0
18175,1.04
18176,1.00
18177,124.10
18178,0
18179,0
18180,0
18181,0
18182,0
18183,2
18184,0
18185,6.50
18186,17.10
18187,79.68
18188,Off
18189,1.02
18190,0.73
18191,0
18192,3.51
18193,1.03
18194,13.73
18195,1.02
18196,12.94
18197,3.91
18198,13.73
18199,0
18200,122
18201,Off
18202,403.94
18203,0.98
18204,19.08
18205,OK
18206,0.96
18207,980
18208,15.00
18209,14.57
18210,1090
18211,Off
18212,0
18213,0.02
18214,-0.25
18215,0.22
18216,-0.23
18217,On
18218,Off
18219,Off
18220,Off
18221,Off
18222,88.50
18223,7.84
18224,0
18225,1.61
18226,43.92
18227,403.28
18228,400
18229,On
18230,47.69
18231,42
18232,-1280
18233,40.50
18234,4.50
18235,-1.30
18236,7.84
18237,18.75
18238,C/L
18239,0
18240,1.04
18241,1.00
18242,100.00
18243,0
18244,0
18245,0
18246,0
18247,0
18248,2
18249,0
18250,3
18251,16.27
18252,79.68
18253,Off
18254,0.98
18255,0.67
18256,0
18257,3.51
18258,1.00
18259,18.43
18260,1.27
18261,18.43
18262,3.75
18263,18.04
18264,0
18265,122
18266,Off
18267,403.94
18268,1.12
18269,22.69
18270,OK
18271,0.95
18272,980
18273,15.00
18274,14.50
18275,1220
18276,Off
18277,0
18278,-0.36
18279,0.05
18280,-0.28
18281,11.69
18282,On
18283,Off
18284,Off
18285,Off
18286,Off
18287,89.25
18288,7.84
18289,0
18290,1.61
18291,7.84
18292,400.16
18293,400
18294,On
18295,48.24
18296,42
18297,-1280
18298,39.75
18299,4.83
18300,-1.30
18301,45.88
18302,18.75
18303,C/L
18304,0
18305,1.04
18306,1.00
18307,115.20
18308,0
18309,0
18310,0
18311,0
18312,0
18313,2
18314,0
18315,2
18316,15.64
18317,79.68
18318,Off
18319,0.98
18320,0.19
18321,0
18322,3.51
18323,1.04
18324,13.73
18325,1.10
18326,14.12
18327,3.95
18328,11.76
18329,0
18330,123
18331,Off
18332,403.94
18333,0.86
18334,17.18
18335,OK
18336,0.96
18337,980
18338,15.00
18339,14.57
18340,1050
18341,Off
18342,0
18343,0.07
18344,-0.19
18345,0.44
18346,-0.15
18347,On
18348,Off
18349,Off
18350,Off
18351,Off
18352,89.25
18353,7.84
18354,0
18355,1.61
18356,42.75
18357,398.06
18358,400
18359,On
18360,47.88
18361,42
18362,-1280
18363,40.50
18364,4.45
18365,-1.30
18366,7.84
18367,18.75
18368,C/L
18369,0
18370,1.04
18371,1.00
18372,70.80
18373,0
18374,0
18375,0
18376,0
18377,0
18378,2
18379,0.50
18380,0
18381,11.25
18382,79.68
18383,Off
18384,0.97
18385,0.22
18386,0
18387,3.51
18388,1.02
18389,14.51
18390,1.12
18391,14.90
18392,3.88
18393,14.51
18394,0
18395,122
18396,Off
18397,403.94
18398,0.95
18399,18.95
18400,OK
18401,0.95
18402,980
18403,15.00
18404,14.36
18405,1080
18406,Off
18407,0
18408,-0.16
18409,-0.28
18410,0.55
18411,-0.11
18412,On
18413,Off
18414,Off
18415,Off
18416,Off
18417,89.25
18418,7.84
18419,0
18420,1.61
18421,43.92
18422,396.68
18423,400
18424,On
18425,46.28
18426,42
18427,-1280
18428,44.25
18429,2.88
18430,-1.30
18431,7.84
18432,18.75
18433,C/L
18434,0
18435,1.04
18436,1.00
18437,83.40
18438,0
18439,0
18440,0
18441,0
18442,0
18443,2
18444,0
18445,2
18446,16.18
18447,79.68
18448,Off
18449,1.02
18450,0.69
18451,0
18452,3.51
18453,1.01
18454,13.73
18455,1.06
18456,12.94
18457,3.94
18458,12.94
18459,0
18460,120
18461,Off
18462,403.94
18463,0.92
18464,18.40
18465,OK
18466,0.95
18467,980
18468,15.00
18469,14.36
18470,1070
18471,Off
18472,0
18473,-0.01
18474,-0.27
18475,0.31
18476,-0.36
18477,On
18478,Off
18479,Off
18480,Off
18481,Off
18482,88.50
18483,7.84
18484,0
18485,1.61
18486,43.53
18487,402.26
18488,400
18489,On
18490,47.36
18491,42
18492,-1280
18493,38.25
18494,5.96
18495,-1.30
18496,47.45
18497,18.75
18498,C/L
18499,0
18500,1.04
18501,1.00
18502,114.50
18503,0
18504,0
18505,0
18506,0
18507,0
18508,2
18509,0
18510,0
18511,16.70
18512,79.68
18513,Off
18514,0.95
18515,0.20
18516,0
18517,3.51
18518,1.01
18519,15.29
18520,1.13
18521,14.90
18522,3.88
18523,14.90
18524,0
18525,121
18526,Off
18527,403.94
18528,1
18529,20.15
18530,OK
18531,0.96
18532,980
18533,15.00
18534,14.36
18535,1120
18536,Off
18537,0
18538,-0.25
18539,-0.38
18540,-0.25
18541,6.80
18542,On
18543,Off
18544,Off
18545,Off
18546,Off
18547,88.50
18548,7.84
18549,0.16
18550,1.61
18551,7.84
18552,400.16
18553,400
18554,On
18555,47.56
18556,42
18557,-1280
18558,40.50
18559,4.56
18560,-1.30
18561,7.84
18562,18.75
18563,C/L
18564,0
18565,1.04
18566,1.00
18567,63.80
18568,0
18569,0
18570,0
18571,0
18572,0
18573,2
18574,0
18575,0
18576,4.81
18577,79.68
18578,Off
18579,2.33
18580,0.76
18581,0
18582,3.51
18583,1.00
18584,3.92
18585,0.72
18586,3.92
18587,4.29
18588,3.53
18589,0
18590,120
18591,Off
18592,403.94
18593,0.41
18594,8.00
18595,OK
18596,0.95
18597,980
18598,15.00
18599,14.43
18600,1010
18601,Off
18602,0
18603,0.34
18604,-0.08
18605,0.44
18606,-0.14
18607,On
18608,Off
18609,Off
18610,Off
18611,Off
18612,88.50
18613,7.84
18614,0
18615,1.61
18616,41.96
18617,398.06
18618,400
18619,On
18620,47.69
18621,42
18622,-1280
18623,20.25
18624,3.79
18625,-1.30
18626,7.84
18627,18.00
18628,C/L
18629,0
18630,1.04
18631,1.00
18632,63.70
18633,0
18634,0
18635,0
18636,0
18637,0
18638,2
18639,5
18640,0
18641,5.36
18642,79.68
18643,Off
18644,1.09
18645,0.70
18646,0
18647,3.51
18648,1.00
18649,3.53
18650,0.71
18651,3.53
18652,4.30
18653,3.53
18654,0
18655,112
18656,Off
18657,403.94
18658,0.62
18659,12.46
18660,OK
18661,0.96
18662,980
18663,15.00
18664,14.36
18665,1000
18666,Off
18667,0
18668,-0.02
18669,-0.11
18670,5.39
18671,-0.17
18672,On
18673,Off
18674,Off
18675,Off
18676,Off
18677,87.75
18678,7.84
18679,0
18680,1.61
18681,43.14
18682,403.57
18683,400
18684,On
18685,46.34
18686,42
18687,-1280
18688,41.25
18689,1.94
18690,-1.30
18691,7.84
18692,17.25
18693,C/L
18694,0
18695,1.04
18696,1.00
18697,77.50
18698,0
18699,0
18700,0
18701,0
18702,0
18703,2
18704,0.50
18705,0
18706,11.91
18707,79.68
18708,Off
18709,1.02
18710,0.79
18711,15.62
18712,3.51
18713,0.96
18714,11.76
18715,1.00
18716,11.37
18717,4.00
18718,10.98
18719,0
18720,108
18721,Off
18722,403.94
18723,0.78
18724,15.47
18725,OK
18726,0.95
18727,980
18728,15.00
18729,14.50
18730,1020
18731,Off
18732,0
18733,-2.10
18734,-0.05
18735,4.44
18736,-0.11
18737,On
18738,Off
18739,Off
18740,Off
18741,Off
18742,87.75
18743,7.84
18744,1.47
18745,1.61
18746,38.43
18747,400.81
18748,400
18749,On
18750,47.04
18751,41
18752,-1280
18753,40.50
18754,3.71
18755,-1.30
18756,7.84
18757,17.25
18758,C/L
18759,0
18760,1.04
18761,1.00
18762,77.80
18763,0
18764,0
18765,0
18766,0
18767,0
18768,2
18769,0
18770,0.50
18771,14.22
18772,79.68
18773,Off
18774,1.02
18775,0.69
18776,74.21
18777,3.51
18778,0.98
18779,7.84
18780,0.86
18781,7.84
18782,4.13
18783,8.24
18784,0
18785,107
18786,Off
18787,403.94
18788,0.84
18789,17.30
18790,OK
18791,0.95
18792,980
18793,15.00
18794,14.36
18795,1050
18796,Off
18797,0
18798,-0.25
18799,-0.75
18800,-0.11
18801,9.20
18802,On
18803,Off
18804,Off
18805,Off
18806,Off
18807,87.75
18808,7.84
18809,2.08
18810,1.61
18811,43.53
18812,398.20
18813,400
18814,On
18815,47.80
18816,41
18817,-1280
18818,37.50
18819,5.15
18820,-1.30
18821,47.06
18822,18.00
18823,C/L
18824,0
18825,1.04
18826,1.00
18827,111.70
18828,0
18829,0
18830,0
18831,0
18832,0
18833,2
18834,0
18835,4.50
18836,14.89
18837,79.68
18838,Off
18839,1.01
18840,0.70
18841,99.60
18842,3.51
18843,0.99
18844,12.55
18845,1.05
18846,12.55
18847,3.95
18848,12.94
18849,0
18850,111
18851,Off
18852,403.94
18853,0.97
18854,19.45
18855,OK
18856,0.95
18857,980
18858,15.00
18859,14.36
18860,1090
18861,Off
18862,0
18863,-0.09
18864,-0.10
18865,0.08
18866,-0.06
18867,On
18868,Off
18869,Off
18870,Off
18871,Off
18872,87.75
18873,7.84
18874,2.35
18875,1.61
18876,7.84
18877,401.90
18878,400
18879,On
18880,47.82
18881,41
18882,-1280
18883,38.25
18884,4.56
18885,-1.30
18886,7.84
18887,18.75
18888,C/L
18889,0
18890,1.04
18891,1.00
18892,101.30
18893,0
18894,0
18895,0
18896,0
18897,0
18898,2
18899,0
18900,5.50
18901,16.40
18902,79.68
18903,Off
18904,1.03
18905,0.54
18906,99.60
18907,3.51
18908,1.01
18909,15.69
18910,1.16
18911,15.69
18912,3.85
18913,15.29
18914,0
18915,113
18916,Off
18917,403.94
18918,0.91
18919,18.30
18920,OK
18921,0.95
18922,980
18923,15.00
18924,14.57
18925,1070
18926,Off
18927,0
18928,-0.20
18929,-0.06
18930,0.14
18931,1.03
18932,On
18933,Off
18934,Off
18935,Off
18936,Off
18937,87.75
18938,7.84
18939,2.31
18940,1.61
18941,7.84
18942,401.54
18943,400
18944,On
18945,47.10
18946,41
18947,-1280
18948,40.50
18949,3.91
18950,-1.30
18951,7.84
18952,18.75
18953,C/L
18954,0
18955,1.04
18956,1.00
18957,62.70
18958,0
18959,0
18960,0
18961,0
18962,0
18963,2
18964,1
18965,0
18966,10.97
18967,79.68
18968,Off
18969,0.99
18970,0.23
18971,99.60
18972,3.51
18973,1.00
18974,16.86
18975,1.19
18976,16.08
18977,3.84
18978,15.69
18979,14.43
18980,115
18981,Off
18982,403.94
18983,1.01
18984,20.44
18985,OK
18986,0.95
18987,980
18988,15.00
18989,14.29
18990,1120
18991,Off
18992,0
18993,-0.12
18994,-0.14
18995,0.14
18996,-0.15
18997,On
18998,Off
18999,Off
19000,Off
19001,Off
19002,87.75
19003,7.84
19004,3.24
19005,1.61
19006,45.49
19007,403.06
19008,400
19009,On
19010,47.14
19011,42
19012,-1280
19013,43.50
19014,3.01
19015,-1.30
19016,7.84
19017,18.75
19018,C/L
19019,0
19020,1.04
19021,1.00
19022,46.60
19023,0
19024,0
19025,0
19026,0
19027,0
19028,2
19029,3
19030,0
19031,8.73
19032,79.68
19033,Off
19034,1.03
19035,0.70
19036,99.60
19037,3.51
19038,1.00
19039,8.63
19040,0.89
19041,8.63
19042,4.11
19043,8.24
19044,0
19045,113
19046,Off
19047,403.94
19048,0.74
19049,14.55
19050,OK
19051,0.95
19052,980
19053,15.00
19054,14.22
19055,1010
19056,Off
19057,0
19058,-0.17
19059,-0.11
19060,3.11
19061,-0.06
19062,On
19063,Off
19064,Off
19065,Off
19066,Off
19067,88.50
19068,7.84
19069,3.24
19070,1.61
19071,43.53
19072,401.54
19073,400
19074,On
19075,46.73
19076,41
19077,-1280
19078,43.50
19079,1.64
19080,-1.30
19081,7.84
19082,18.00
19083,C/L
19084,0
19085,1.04
19086,1.00
19087,32.40
19088,0
19089,0
19090,0
19091,0
19092,0
19093,2
19094,1
19095,0
19096,11.80
19097,79.68
19098,Off
19099,0.96
19100,0.82
19101,99.60
19102,3.51
19103,0.98
19104,11.37
19105,1.00
19106,11.76
19107,3.97
19108,14.90
19109,10.92
19110,111
19111,Off
19112,403.94
19113,0.98
19114,19.54
19115,OK
19116,0.94
19117,980
19118,15.00
19119,14.57
19120,1090
19121,Off
19122,0
19123,-0.04
19124,-0.06
19125,0.09
19126,1.50
19127,On
19128,Off
19129,Off
19130,Off
19131,Off
19132,88.50
19133,7.84
19134,1.80
19135,1.61
19136,7.84
19137,398.64
19138,400
19139,On
19140,48.90
19141,41
19142,-1280
19143,33.00
19144,6.89
19145,-1.30
19146,31.37
19147,18.00
19148,C/L
19149,0
19150,1.04
19151,1.00
19152,84.00
19153,0
19154,0
19155,0
19156,0
19157,0
19158,2
19159,4.50
19160,0
19161,7.24
19162,79.68
19163,Off
19164,0.99
19165,0.64
19166,80.07
19167,3.51
19168,0.98
19169,10.20
19170,0.96
19171,10.20
19172,4.05
19173,10.20
19174,0
19175,112
19176,Off
19177,403.94
19178,0.77
19179,15.31
19180,OK
19181,0.94
19182,980
19183,15.00
19184,14.43
19185,1020
19186,Off
19187,0
19188,0.76
19189,0
19190,5.27
19191,0
19192,On
19193,Off
19194,Off
19195,Off
19196,Off
19197,88.50
19198,7.84
19199,0
19200,1.61
19201,40.39
19202,394.86
19203,400
19204,On
19205,47.97
19206,41
19207,-1280
19208,37.50
19209,5.14
19210,-1.30
19211,45.88
19212,18.00
19213,C/L
19214,0
19215,1.04
19216,1.00
19217,66.80
19218,0
19219,0
19220,0
19221,0
19222,0
19223,2
19224,0
19225,1.50
19226,15.03
19227,79.68
19228,Off
19229,0.98
19230,0.21
19231,0
19232,3.51
19233,1.03
19234,14.51
19235,1.12
19236,14.90
19237,3.82
19238,16.47
19239,0
19240,113
19241,Off
19242,403.94
19243,1.04
19244,20.75
19245,OK
19246,0.94
19247,980
19248,15.00
19249,14.36
19250,1110
19251,Off
19252,0
19253,0
19254,-0.10
19255,0.17
19256,-0.09
19257,On
19258,Off
19259,Off
19260,Off
19261,Off
19262,88.50
19263,7.84
19264,0
19265,1.61
19266,7.84
19267,399.80
19268,400
19269,On
19270,47.69
19271,41
19272,-1280
19273,36.75
19274,5.74
19275,-1.30
19276,45.10
19277,18.75
19278,C/L
19279,0
19280,1.04
19281,1.00
19282,89.70
19283,0
19284,0
19285,0
19286,0
19287,0
19288,2
19289,0.50
19290,0
19291,11.60
19292,79.68
19293,Off
19294,0.98
19295,0.75
19296,0
19297,3.51
19298,0.98
19299,11.76
19300,1.01
19301,12.16
19302,3.91
19303,13.73
19304,12.87
19305,116
19306,Off
19307,403.94
19308,1.12
19309,22.56
19310,OK
19311,0.94
19312,980
19313,15.00
19314,14.43
19315,1160
19316,Off
19317,0
19318,-0.08
19319,-0.24
19320,0.24
19321,-0.20
19322,On
19323,Off
19324,Off
19325,Off
19326,Off
19327,88.50
19328,7.84
19329,0
19330,1.61
19331,44.31
19332,399.00
19333,400
19334,On
19335,46.83
19336,41
19337,-1280
19338,42.75
19339,3.20
19340,-1.30
19341,7.84
19342,18.75
19343,C/L
19344,0
19345,1.04
19346,1.00
19347,71.30
19348,0
19349,0
19350,0
19351,0
19352,0
19353,2
19354,0.50
19355,0
19356,17.41
19357,79.68
19358,Off
19359,0.99
19360,0.66
19361,0
19362,3.51
19363,0.99
19364,16.47
19365,1.18
19366,16.08
19367,3.83
19368,16.08
19369,16.77
19370,116
19371,Off
19372,403.94
19373,0.81
19374,15.71
19375,OK
19376,0.94
19377,980
19378,15.00
19379,14.29
19380,1060
19381,Off
19382,0
19383,-0.14
19384,-0.16
19385,0.89
19386,-0.04
19387,On
19388,Off
19389,Off
19390,Off
19391,Off
19392,88.50
19393,7.84
19394,0
19395,1.61
19396,42.35
19397,390.30
19398,400
19399,On
19400,48.49
19401,41
19402,-1280
19403,33.75
19404,6.61
19405,-1.30
19406,45.49
19407,18.75
19408,C/L
19409,0
19410,1.04
19411,1.00
19412,125.80
19413,0
19414,0
19415,0
19416,0
19417,0
19418,2
19419,0
19420,9
19421,18.67
19422,79.68
19423,Off
19424,0.99
19425,0.64
19426,0
19427,3.51
19428,1.04
19429,18.82
19430,1.27
19431,18.43
19432,3.73
19433,18.82
19434,0
19435,118
19436,Off
19437,403.94
19438,1.07
19439,21.52
19440,OK
19441,0.95
19442,980
19443,15.00
19444,14.36
19445,1180
19446,Off
19447,0
19448,-0.22
19449,-0.21
19450,-0.33
19451,8.53
19452,On
19453,Off
19454,Off
19455,Off
19456,Off
19457,88.50
19458,7.84
19459,0
19460,1.61
19461,7.84
19462,398.35
19463,400
19464,On
19465,48.48
19466,41
19467,-1280
19468,39.75
19469,4.41
19470,-1.30
19471,7.84
19472,18.75
19473,C/L
19474,0
19475,1.04
19476,1.00
19477,142.20
19478,0
19479,0
19480,0
19481,0
19482,0
19483,2
19484,0
19485,7.50
19486,16.82
19487,79.68
19488,Off
19489,0.99
19490,0.54
19491,0
19492,3.51
19493,1.01
19494,14.90
19495,1.14
19496,14.90
19497,3.89
19498,14.12
19499,0
19500,121
19501,Off
19502,403.94
19503,0.96
19504,19.27
19505,OK
19506,0.95
19507,980
19508,15.00
19509,14.43
19510,1090
19511,Off
19512,0
19513,-0.24
19514,-0.27
19515,0.30
19516,-0.26
19517,On
19518,Off
19519,Off
19520,Off
19521,Off
19522,88.50
19523,7.84
19524,0
19525,1.61
19526,43.53
19527,402.04
19528,400
19529,On
19530,47.93
19531,41
19532,-1280
19533,39.00
19534,4.55
19535,-1.30
19536,7.84
19537,18.75
19538,C/L
19539,0
19540,1.04
19541,1.00
19542,84.00
19543,0
19544,0
19545,0
19546,0
19547,0
19548,2
19549,0
19550,0
19551,12.48
19552,79.68
19553,Off
19554,0.97
19555,0.22
19556,0
19557,3.51
19558,0.99
19559,9.41
19560,0.90
19561,8.63
19562,4.11
19563,8.24
19564,0
19565,120
19566,Off
19567,403.94
19568,0.87
19569,17.37
19570,OK
19571,0.95
19572,980
19573,15.00
19574,14.43
19575,1040
19576,Off
19577,0
19578,-0.13
19579,-0.24
19580,0.24
19581,-0.15
19582,On
19583,Off
19584,Off
19585,Off
19586,Off
19587,88.50
19588,7.84
19589,0
19590,1.61
19591,43.14
19592,399.94
19593,400
19594,On
19595,47.85
19596,41
19597,-1280
19598,42.00
19599,3.06
19600,-1.30
19601,7.84
19602,18.75
19603,C/L
19604,0
19605,1.04
19606,1.00
19607,48.70
19608,0
19609,0
19610,0
19611,0
19612,0
19613,2
19614,4.50
19615,0
19616,5.61
19617,79.68
19618,Off
19619,1.03
19620,0.24
19621,4.30
19622,3.51
19623,1.03
19624,6.27
19625,0.82
19626,6.27
19627,4.19
19628,6.27
19629,0
19630,116
19631,Off
19632,403.94
19633,0.61
19634,11.97
19635,OK
19636,0.95
19637,980
19638,15.00
19639,14.36
19640,990
19641,Off
19642,0
19643,0.05
19644,-0.05
19645,4.86
19646,-0.03
19647,On
19648,Off
19649,Off
19650,Off
19651,Off
19652,88.50
19653,7.84
19654,0.20
19655,1.61
19656,7.84
19657,390.23
19658,400
19659,On
19660,47.64
19661,41
19662,-1280
19663,37.50
19664,5.17
19665,-1.30
19666,46.27
19667,18.00
19668,C/L
19669,0
19670,1.04
19671,1.00
19672,131.50
19673,0
19674,0
19675,0
19676,0
19677,0
19678,2
19679,0
19680,8.50
19681,14.86
19682,79.68
19683,Off
19684,0.97
19685,0.24
19686,26.56
19687,3.51
19688,1.01
19689,15.29
19690,1.14
19691,15.29
19692,3.86
19693,15.29
19694,0
19695,116
19696,Off
19697,403.94
19698,1.02
19699,20.56
19700,OK
19701,0.95
19702,980
19703,15.00
19704,14.43
19705,1120
19706,Off
19707,0
19708,-0.11
19709,0.72
19710,-0.14
19711,2.44
19712,On
19713,Off
19714,Off
19715,Off
19716,Off
19717,88.50
19718,7.84
19719,2.58
19720,1.61
19721,7.84
19722,403.06
19723,400
19724,On
19725,47.73
19726,41
19727,-1280
19728,39.75
19729,4.20
19730,-1.30
19731,7.84
19732,18.75
19733,C/L
19734,0
19735,1.04
19736,1.00
19737,70.40
19738,0
19739,0
19740,0
19741,0
19742,0
19743,2
19744,0.50
19745,0
19746,11.08
19747,79.68
19748,Off
19749,1.01
19750,0.52
19751,99.60
19752,3.51
19753,0.97
19754,10.98
19755,0.98
19756,10.59
19757,4.02
19758,10.59
19759,0
19760,117
19761,Off
19762,403.94
19763,0.84
19764,17.59
19765,OK
19766,0.95
19767,980
19768,15.00
19769,14.36
19770,1040
19771,Off
19772,0
19773,-0.22
19774,-0.28
19775,-0.20
19776,0.55
19777,On
19778,Off
19779,Off
19780,Off
19781,Off
19782,88.50
19783,7.84
19784,2.52
19785,1.61
19786,7.84
19787,399.22
19788,400
19789,On
19790,48.40
19791,41
19792,-1280
19793,39.00
19794,4.55
19795,-1.30
19796,7.84
19797,18.75
19798,C/L
19799,0
19800,1.04
19801,1.00
19802,87.60
19803,0
19804,0
19805,0
19806,0
19807,0
19808,2
19809,0
19810,0
19811,11.25
19812,79.68
19813,Off
19814,1.03
19815,0.74
19816,99.60
19817,3.51
19818,0.97
19819,12.16
19820,1.04
19821,13.73
19822,3.91
19823,13.73
19824,0
19825,117
19826,Off
19827,403.94
19828,0.95
19829,19.05
19830,OK
19831,0.95
19832,980
19833,15.00
19834,14.57
19835,1080
19836,Off
19837,0
19838,-0.11
19839,-0.48
19840,-0.15
19841,1.45
19842,On
19843,Off
19844,Off
19845,Off
19846,Off
19847,88.50
19848,7.84
19849,2.26
19850,1.61
19851,7.84
19852,399.51
19853,400
19854,On
19855,48.65
19856,41
19857,-1280
19858,36.75
19859,5.97
19860,-1.30
19861,49.02
19862,18.75
19863,C/L
19864,0
19865,1.04
19866,1.00
19867,141.90
19868,0
19869,0
19870,0
19871,0
19872,0
19873,2
19874,0
19875,12.50
19876,18.62
19877,79.68
19878,Off
19879,0.98
19880,0.24
19881,74.60
19882,3.51
19883,1.01
19884,16.08
19885,1.17
19886,16.08
19887,3.83
19888,16.08
19889,0
19890,122
19891,Off
19892,403.94
19893,1.00
19894,20.18
19895,OK
19896,0.95
19897,980
19898,15.75
19899,14.43
19900,1120
19901,Off
19902,0
19903,-0.13
19904,-0.21
19905,-0.12
19906,2
19907,On
19908,Off
19909,Off
19910,Off
19911,Off
19912,88.50
19913,7.84
19914,3.12
19915,1.61
19916,43.92
19917,402.41
19918,400
19919,On
19920,47.78
19921,41
19922,-1280
19923,41.25
19924,4.02
19925,-1.30
19926,7.84
19927,19.50
19928,C/L
19929,0
19930,1.04
19931,1.00
19932,98.30
19933,0
19934,0
19935,0
19936,0
19937,0
19938,2
19939,0
19940,0
19941,11.42
19942,79.68
19943,Off
19944,1.02
19945,0.66
19946,99.60
19947,3.51
19948,0.99
19949,10.59
19950,0.97
19951,10.20
19952,4.04
19953,10.20
19954,0
19955,122
19956,Off
19957,403.94
19958,0.77
19959,15.45
19960,OK
19961,0.95
19962,980
19963,15.75
19964,14.36
19965,1020
19966,Off
19967,0
19968,-0.18
19969,-0.16
19970,0.38
19971,-0.15
19972,On
19973,Off
19974,Off
19975,Off
19976,Off
19977,88.50
19978,7.84
19979,3.24
19980,1.61
19981,45.10
19982,396.68
19983,400
19984,On
19985,46.99
19986,41
19987,-1280
19988,43.50
19989,3.01
19990,-1.30
19991,7.84
19992,18.75
19993,C/L
19994,0
19995,1.04
19996,1.00
19997,60.50
19998,0
19999,0
20000,0
20001,0
20002,0
20003,2
20004,0.50
20005,0
20006,10.33
20007,79.68
20008,Off
20009,1.00
20010,0.30
20011,99.60
20012,3.51
20013,1.01
20014,10.20
20015,0.97
20016,11.37
20017,4.00
20018,10.98
20019,0
20020,120
20021,Off
20022,403.94
20023,0.84
20024,16.94
20025,OK
20026,0.94
20027,980
20028,15.75
20029,14.36
20030,1040
20031,Off
20032,0
20033,-0.07
20034,-0.19
20035,0.66
20036,-0.23
20037,On
20038,Off
20039,Off
20040,Off
20041,Off
20042,88.50
20043,7.84
20044,3.19
20045,1.61
20046,43.92
20047,397.40
20048,400
20049,On
20050,47.21
20051,42
20052,-1280
20053,41.25
20054,4.65
20055,-1.30
20056,7.84
20057,18.75
20058,C/L
20059,0
20060,1.04
20061,1.00
20062,96.70
20063,0
20064,0
20065,0
20066,0
20067,0
20068,2
20069,0
20070,0
20071,13.21
20072,79.68
20073,Off
20074,0.98
20075,0.20
20076,99.60
20077,3.51
20078,1.03
20079,10.98
20080,0.98
20081,10.98
20082,4.02
20083,10.59
20084,0
20085,120
20086,Off
20087,403.94
20088,0.85
20089,18.01
20090,OK
20091,0.94
20092,980
20093,15.00
20094,14.36
20095,1050
20096,Off
20097,0
20098,-0.23
20099,-0.14
20100,0.09
20101,-0.22
20102,On
20103,Off
20104,Off
20105,Off
20106,Off
20107,88.50
20108,7.84
20109,2.91
20110,1.61
20111,44.31
20112,402.04
20113,400
20114,On
20115,48.06
20116,42
20117,-1280
20118,39.00
20119,4.83
20120,-1.30
20121,46.27
20122,18.75
20123,C/L
20124,0
20125,1.04
20126,1.00
20127,100.00
20128,0
20129,0
20130,0
20131,0
20132,0
20133,2
20134,0
20135,1
20136,14.75
20137,79.68
20138,Off
20139,0.99
20140,0.36
20141,99.60
20142,3.51
20143,1.02
20144,15.29
20145,1.15
20146,14.90
20147,3.87
20148,14.90
20149,0
20150,120
20151,Off
20152,403.94
20153,1.03
20154,20.00
20155,OK
20156,0.95
20157,980
20158,15.75
20159,14.29
20160,1100
20161,Off
20162,0
20163,-0.13
20164,-0.24
20165,0.14
20166,-0.26
20167,On
20168,Off
20169,Off
20170,Off
20171,Off
20172,88.50
20173,7.84
20174,3.21
20175,1.61
20176,44.31
20177,401.68
20178,400
20179,On
20180,47.75
20181,42
20182,-1280
20183,40.50
20184,4.66
20185,-1.30
20186,50.98
20187,18.75
20188,C/L
20189,0
20190,1.04
20191,1.00
20192,107.30
20193,0
20194,0
20195,0
20196,0
20197,0
20198,2
20199,0
20200,0
20201,11.31
20202,79.68
20203,Off
20204,0.99
20205,0.50
20206,99.60
20207,3.51
20208,1.02
20209,11.37
20210,1.00
20211,11.37
20212,4.01
20213,10.98
20214,0
20215,120
20216,Off
20217,403.94
20218,0.88
20219,17.59
20220,OK
20221,0.95
20222,980
20223,15.00
20224,14.36
20225,1050
20226,Off
20227,0
20228,0.02
20229,-0.24
20230,0.33
20231,-0.17
20232,On
20233,Off
20234,Off
20235,Off
20236,Off
20237,88.50
20238,7.84
20239,2.82
20240,1.61
20241,44.71
20242,404.22
20243,400
20244,On
20245,47.05
20246,42
20247,-1280
20248,43.50
20249,3.18
20250,-1.30
20251,7.84
20252,18.75
20253,C/L
20254,0
20255,1.04
20256,1.00
20257,105
20258,0
20259,0
20260,0
20261,0
20262,0
20263,2
20264,0
20265,7
20266,16.42
20267,79.68
20268,Off
20269,1.01
20270,0.39
20271,32.42
20272,3.51
20273,1.03
20274,16.08
20275,1.11
20276,13.73
20277,3.91
20278,14.12
20279,0
20280,120
20281,Off
20282,403.94
20283,0.90
20284,17.66
20285,OK
20286,0.95
20287,980
20288,15.75
20289,14.50
20290,1070
20291,Off
20292,0
20293,-0.81
20294,-0.19
20295,1.53
20296,-0.17
20297,On
20298,Off
20299,Off
20300,Off
20301,Off
20302,88.50
20303,7.84
20304,0
20305,1.61
20306,44.31
20307,402.12
20308,400
20309,On
20310,46.98
20311,42
20312,-1280
20313,43.50
20314,2.91
20315,-1.30
20316,7.84
20317,18.75
20318,C/L
20319,0
20320,1.04
20321,1.00
20322,29.70
20323,0
20324,0
20325,0
20326,0
20327,0
20328,2
20329,4.50
20330,0
20331,5.62
20332,79.68
20333,Off
20334,1.01
20335,0.64
20336,0
20337,3.51
20338,1.05
20339,9.80
20340,0.95
20341,10.20
20342,4.06
20343,9.80
20344,0
20345,115
20346,Off
20347,403.94
20348,0.93
20349,18.52
20350,OK
20351,0.94
20352,980
20353,15.75
20354,14.36
20355,1050
20356,Off
20357,0
20358,-0.34
20359,0
20360,0.88
20361,-0.04
20362,On
20363,Off
20364,Off
20365,Off
20366,Off
20367,88.50
20368,7.84
20369,0
20370,1.61
20371,44.31
20372,395.44
20373,400
20374,On
20375,47.81
20376,42
20377,-1280
20378,38.25
20379,4.90
20380,-1.30
20381,7.84
20382,18.75
20383,C/L
20384,0
20385,1.04
20386,1.00
20387,63.20
20388,0
20389,0
20390,0
20391,0
20392,0
20393,2
20394,1
20395,0
20396,10.30
20397,79.68
20398,Off
20399,0.97
20400,0.23
20401,0
20402,3.51
20403,0.98
20404,10.59
20405,1.01
20406,12.94
20407,3.95
20408,12.94
20409,0
20410,113
20411,Off
20412,403.94
20413,0.86
20414,17.13
20415,OK
20416,0.94
20417,980
20418,15.75
20419,14.29
20420,1040
20421,Off
20422,0
20423,-0.01
20424,-0.08
20425,0.86
20426,-0.04
20427,On
20428,Off
20429,Off
20430,Off
20431,Off
20432,88.50
20433,7.84
20434,0
20435,1.61
20436,44.31
20437,402.84
20438,400
20439,On
20440,46.48
20441,42
20442,-1280
20443,43.50
20444,1.78
20445,-1.30
20446,7.84
20447,18.00
20448,C/L
20449,0
20450,1.04
20451,1.00
20452,66.70
20453,0
20454,0
20455,0
20456,0
20457,0
20458,2
20459,0.50
20460,0
20461,13.23
20462,79.68
20463,Off
20464,0.98
20465,0.22
20466,0
20467,3.51
20468,0.98
20469,13.73
20470,1.10
20471,14.12
20472,3.89
20473,14.12
20474,0
20475,112
20476,Off
20477,403.94
20478,0.95
20479,19.15
20480,OK
20481,0.94
20482,980
20483,15.75
20484,14.36
20485,1080
20486,Off
20487,0
20488,0.10
20489,-0.14
20490,0.13
20491,-0.17
20492,On
20493,Off
20494,Off
20495,Off
20496,Off
20497,88.50
20498,7.84
20499,0
20500,1.61
20501,44.71
20502,402.62
20503,400
20504,On
20505,46.88
20506,42
20507,-1280
20508,42.00
20509,3.17
20510,-1.30
20511,7.84
20512,18.75
20513,C/L
20514,0
20515,1.04
20516,1.00
20517,42
20518,0
20519,0
20520,0
20521,0
20522,0
20523,2
20524,5
20525,0
20526,6.65
20527,79.68
20528,Off
20529,1.02
20530,0.64
20531,0
20532,3.51
20533,0.98
20534,6.67
20535,0.82
20536,6.27
20537,4.19
20538,7.45
20539,0
20540,112
20541,Off
20542,403.94
20543,0.90
20544,18.15
20545,OK
20546,0.94
20547,980
20548,15.75
20549,14.50
20550,1040
20551,Off
20552,0
20553,-0.20
20554,-0.14
20555,0.67
20556,-0.04
20557,On
20558,Off
20559,Off
20560,Off
20561,Off
20562,87.75
20563,7.84
20564,0
20565,1.61
20566,44.71
20567,400.74
20568,400
20569,On
20570,46.56
20571,42
20572,-1280
20573,43.50
20574,2.28
20575,-1.30
20576,7.84
20577,18.00
20578,C/L
20579,0
20580,1.03
20581,1.00
20582,42.80
20583,0
20584,0
20585,0
20586,0
20587,0
20588,2
20589,2.50
20590,0
20591,11.04
20592,79.68
20593,Off
20594,0.98
20595,0.18
20596,0
20597,3.51
20598,0.97
20599,12.16
20600,1.03
20601,11.76
20602,3.98
20603,11.76
20604,0
20605,112
20606,Off
20607,403.94
20608,0.84
20609,16.82
20610,OK
20611,0.94
20612,980
20613,15.75
20614,14.43
20615,1030
20616,Off
20617,0
20618,-0.10
20619,-0.13
20620,0.91
20621,0
20622,On
20623,Off
20624,Off
20625,Off
20626,Off
20627,87.75
20628,7.84
20629,0
20630,1.61
20631,45.88
20632,401.25
20633,400
20634,On
20635,46.49
20636,42
20637,-1280
20638,43.50
20639,2.29
20640,-1.30
20641,7.84
20642,18.00
20643,C/L
20644,0
20645,1.03
20646,1.00
20647,65
20648,0
20649,0
20650,0
20651,0
20652,0
20653,2
20654,1
20655,0
20656,10.76
20657,79.68
20658,Off
20659,1.02
20660,0.35
20661,0
20662,3.51
20663,0.98
20664,13.73
20665,1.08
20666,13.33
20667,3.93
20668,12.94
20669,0
20670,112
20671,Off
20672,403.94
20673,0.92
20674,18.95
20675,OK
20676,0.94
20677,980
20678,15.75
20679,14.50
20680,1080
20681,Off
20682,0
20683,-0.02
20684,0.05
20685,-0.09
20686,1.09
20687,On
20688,Off
20689,Off
20690,Off
20691,Off
20692,87.75
20693,7.84
20694,0
20695,1.61
20696,7.84
20697,399.00
20698,400
20699,On
20700,47.60
20701,42
20702,-1280
20703,40.50
20704,3.57
20705,-1.30
20706,7.84
20707,18.75
20708,C/L
20709,0
20710,1.03
20711,1.00
20712,95.90
20713,0
20714,0
20715,0
20716,0
20717,0
20718,2
20719,0
20720,1
20721,14.76
20722,79.68
20723,Off
20724,1.01
20725,0.13
20726,0
20727,3.51
20728,1.01
20729,14.51
20730,1.12
20731,14.51
20732,3.88
20733,14.51
20734,0
20735,117
20736,Off
20737,403.94
20738,0.97
20739,19.50
20740,OK
20741,0.94
20742,980
20743,15.75
20744,14.43
20745,1100
20746,Off
20747,0
20748,-0.14
20749,-0.10
20750,-0.01
20751,0.75
20752,On
20753,Off
20754,Off
20755,Off
20756,Off
20757,87.75
20758,7.84
20759,0
20760,1.61
20761,7.84
20762,399.80
20763,400
20764,On
20765,47.75
20766,42
20767,-1280
20768,38.25
20769,5.16
20770,-1.30
20771,45.49
20772,18.75
20773,C/L
20774,0
20775,1.03
20776,1.00
20777,110.40
20778,0
20779,0
20780,0
20781,0
20782,0
20783,2
20784,0
20785,0
20786,13.56
20787,79.68
20788,Off
20789,0.99
20790,0.73
20791,0
20792,3.51
20793,0.97
20794,13.33
20795,1.09
20796,14.12
20797,3.88
20798,15.29
20799,0
20800,121
20801,Off
20802,403.94
20803,0.99
20804,20.03
20805,OK
20806,0.94
20807,980
20808,15.75
20809,14.50
20810,1190
20811,Off
20812,0
20813,-0.33
20814,0.25
20815,-0.25
20816,8.44
20817,On
20818,Off
20819,Off
20820,Off
20821,Off
20822,87.75
20823,7.84
20824,0
20825,1.61
20826,7.84
20827,399.14
20828,400
20829,On
20830,48.24
20831,42
20832,-1280
20833,38.25
20834,4.95
20835,-1.30
20836,7.84
20837,19.50
20838,C/L
20839,0
20840,1.04
20841,1.00
20842,92.40
20843,0
20844,0
20845,0
20846,0
20847,0
20848,2
20849,0
20850,0
20851,5.13
20852,79.68
20853,Off
20854,1.09
20855,0.72
20856,0
20857,3.51
20858,1.00
20859,3.92
20860,0.71
20861,3.53
20862,4.29
20863,3.53
20864,0
20865,122
20866,Off
20867,403.94
20868,0.41
20869,8.00
20870,OK
20871,0.94
20872,980
20873,15.75
20874,14.50
20875,1010
20876,Off
20877,0
20878,0.16
20879,-0.13
20880,0.16
20881,-0.06
20882,On
20883,Off
20884,Off
20885,Off
20886,Off
20887,88.50
20888,7.84
20889,0
20890,1.61
20891,7.84
20892,424.15
20893,400
20894,On
20895,10.00
20896,42
20897,-1280
20898,0.75
20899,0.75
20900,-1.30
20901,7.84
20902,18.75
20903,O/L
20904,0
20905,1.04
20906,1.00
20907,22
20908,0
20909,0
20910,0
20911,0
20912,0
20913,2
20914,0
20915,0
20916,3.87
20917,79.68
20918,Off
20919,6.14
20920,0.00
20921,0
20922,3.51
20923,1.00
20924,12.16
20925,1.03
20926,12.16
20927,3.98
20928,11.37
20929,0
20930,115
20931,Off
20932,417.42
20933,0.66
20934,13.14
20935,OK
20936,0.94
20937,980
20938,15.75
20939,14.50
20940,1010
20941,Off
20942,0
20943,0.05
20944,-0.05
20945,5.39
20946,-0.04
20947,On
20948,Off
20949,Off
20950,Off
20951,Off
20952,88.50
20953,7.84
20954,0.00
20955,1.61
20956,41.18
20957,399.00
20958,400
20959,On
20960,46.60
20961,42
20962,-1280
20963,42.75
20964,3.41
20965,-1.30
20966,7.84
20967,18.00
20968,C/L
20969,0
20970,1.04
20971,1.00
20972,69.50
20973,0
20974,0
20975,0
20976,0
20977,0
20978,2
20979,1
20980,0
20981,11.08
20982,79.68
20983,Off
20984,1.02
20985,0.70
20986,7.42
20987,3.51
20988,0.99
20989,9.41
20990,0.88
20991,7.84
20992,4.22
20993,5.10
20994,0
20995,113
20996,Off
20997,403.94
20998,0.41
20999,8.01
21000,OK
21001,0.94
21002,980
21003,15.75
21004,14.43
21005,1010
21006,Off
21007,0
21008,0.28
21009,0.03
21010,0.38
21011,-0.15
21012,On
21013,Off
21014,Off
21015,Off
21016,Off
21017,87.75
21018,7.84
21019,0
21020,1.61
21021,7.84
21022,393.71
21023,400
21024,On
21025,49.43
21026,42
21027,-1280
21028,30.00
21029,7.94
21030,-1.30
21031,44.71
21032,18.00
21033,C/L
21034,0
21035,1.04
21036,1.00
21037,136.50
21038,0
21039,0
21040,0
21041,0
21042,0
21043,2
21044,0
21045,18.50
21046,31.88
21047,79.68
21048,Off
21049,0.99
21050,0.18
21051,6.64
21052,3.51
21053,1.11
21054,32.94
21055,1.80
21056,32.94
21057,3.20
21058,32.55
21059,26.91
21060,120
21061,Off
21062,403.94
21063,1.22
21064,23.98
21065,OK
21066,0.94
21067,980
21068,15.75
21069,14.50
21070,1270
21071,Off
21072,0
21073,-0.39
21074,0.25
21075,-0.33
21076,12.47
21077,On
21078,Off
21079,Off
21080,Off
21081,Off
21082,87.75
21083,7.84
21084,0.53
21085,1.61
21086,7.84
21087,401.54
21088,400
21089,On
21090,47.80
21091,42
21092,-1280
21093,40.50
21094,4.09
21095,-1.30
21096,7.84
21097,19.50
21098,C/L
21099,0
21100,1.04
21101,1.00
21102,31.60
21103,0
21104,0
21105,0
21106,0
21107,0
21108,2
21109,0
21110,0
21111,4.10
21112,79.68
21113,Off
21114,4.44
21115,0.04
21116,0
21117,3.51
21118,1.00
21119,7.84
21120,0.90
21121,10.59
21122,4.03
21123,10.20
21124,0
21125,123
21126,Off
21127,403.94
21128,0.86
21129,17.47
21130,OK
21131,0.94
21132,980
21133,15.75
21134,14.64
21135,1030
21136,Off
21137,0
21138,0.03
21139,-0.25
21140,0.85
21141,-0.18
21142,On
21143,Off
21144,Off
21145,Off
21146,Off
21147,87.75
21148,7.84
21149,0
21150,1.61
21151,43.53
21152,403.28
21153,400
21154,On
21155,46.39
21156,42
21157,-1280
21158,44.25
21159,2.02
21160,-1.30
21161,7.84
21162,18.75
21163,C/L
21164,0
21165,1.04
21166,1.00
21167,74.30
21168,0
21169,0
21170,0
21171,0
21172,0
21173,2
21174,0
21175,0
21176,15.35
21177,79.68
21178,Off
21179,1.02
21180,0.62
21181,22.65
21182,3.51
21183,1.01
21184,9.80
21185,0.93
21186,9.41
21187,4.09
21188,9.02
21189,0
21190,125
21191,Off
21192,403.94
21193,0.57
21194,11.75
21195,OK
21196,0.94
21197,980
21198,15.00
21199,14.71
21200,1020
21201,Off
21202,0
21203,-0.07
21204,-0.27
21205,0.11
21206,-0.18
21207,On
21208,Off
21209,Off
21210,Off
21211,Off
21212,87.75
21213,7.84
21214,0
21215,1.61
21216,7.84
21217,412.27
21218,400
21219,On
21220,10.00
21221,42
21222,-1280
21223,4.50
21224,1.82
21225,-1.30
21226,7.84
21227,18.00
21228,O/L
21229,0
21230,1.04
21231,1.00
21232,60.90
21233,0
21234,0
21235,0
21236,0
21237,0
21238,2
21239,1
21240,0
21241,10.55
21242,79.68
21243,Off
21244,0.98
21245,0.80
21246,0
21247,3.51
21248,0.99
21249,10.59
21250,0.97
21251,10.59
21252,4.01
21253,12.55
21254,0
21255,122
21256,Off
21257,403.94
21258,0.85
21259,16.99
21260,OK
21261,0.94
21262,980
21263,15.00
21264,14.57
21265,1040
21266,Off
21267,0
21268,0.12
21269,-0.14
21270,1.05
21271,-0.23
21272,On
21273,Off
21274,Off
21275,Off
21276,Off
21277,88.50
21278,7.84
21279,1.03
21280,1.61
21281,43.14
21282,402.12
21283,400
21284,On
21285,46.41
21286,42
21287,-1280
21288,44.25
21289,2.53
21290,-1.30
21291,7.84
21292,18.00
21293,C/L
21294,0
21295,1.04
21296,1.00
21297,73.70
21298,1
21299,0
21300,0
21301,1
21302,0
21303,2
21304,0.50
21305,0
21306,11.75
21307,79.68
21308,Off
21309,1.00
21310,0.78
21311,99.60
21312,3.51
21313,0.96
21314,11.37
21315,0.95
21316,9.80
21317,4.06
21318,9.41
21319,0
21320,123
21321,Off
21322,403.94
21323,0.83
21324,17.20
21325,OK
21326,0.93
21327,980
21328,15.00
21329,14.50
21330,1040
21331,Off
21332,0
21333,-0.05
21334,-0.22
21335,0.20
21336,-0.28
21337,On
21338,Off
21339,Off
21340,Off
21341,Off
21342,87.75
21343,7.84
21344,3.10
21345,1.61
21346,43.92
21347,403.57
21348,400
21349,On
21350,46.76
21351,42
21352,-1280
21353,43.50
21354,2.92
21355,-1.30
21356,7.84
21357,18.00
21358,C/L
21359,0
21360,1.04
21361,1.00
21362,90.90
21363,1
21364,0
21365,0
21366,1
21367,0
21368,2
21369,0
21370,0
21371,12.76
21372,79.68
21373,Off
21374,0.99
21375,0.72
21376,99.60
21377,3.51
21378,0.98
21379,12.16
21380,1.03
21381,12.16
21382,3.97
21383,12.16
21384,0
21385,127
21386,Off
21387,403.94
21388,0.86
21389,17.15
21390,OK
21391,0.93
21392,985
21393,15.00
21394,14.50
21395,1060
21396,Off
21397,0
21398,0.07
21399,-0.10
21400,0.49
21401,-0.18
21402,On
21403,Off
21404,Off
21405,Off
21406,Off
21407,87.75
21408,7.84
21409,3.24
21410,1.61
21411,41.96
21412,399.94
21413,400
21414,On
21415,47.30
21416,42
21417,-1280
21418,44.25
21419,2.61
21420,-1.30
21421,7.84
21422,18.00
21423,C/L
21424,0
21425,1.04
21426,1.00
21427,35.60
21428,0
21429,0
21430,0
21431,1
21432,0
21433,2
21434,1.50
21435,0
21436,11.20
21437,79.68
21438,Off
21439,0.93
21440,0.14
21441,86.71
21442,3.51
21443,0.99
21444,10.59
21445,0.97
21446,10.59
21447,4.04
21448,10.20
21449,0
21450,128
21451,Off
21452,403.94
21453,0.72
21454,14.38
21455,OK
21456,0.93
21457,985
21458,15.00
21459,14.50
21460,1020
21461,Off
21462,0
21463,-0.10
21464,-0.17
21465,2.78
21466,-0.06
21467,On
21468,Off
21469,Off
21470,Off
21471,Off
21472,87.75
21473,7.84
21474,2.29
21475,1.61
21476,44.31
21477,402.99
21478,400
21479,On
21480,45.77
21481,42
21482,-1280
21483,44.25
21484,1.40
21485,-1.30
21486,7.84
21487,18.00
21488,C/L
21489,0
21490,1.04
21491,1.00
21492,29.90
21493,0
21494,0
21495,0
21496,1
21497,0
21498,2
21499,0
21500,0
21501,6.09
21502,79.68
21503,Off
21504,1.49
21505,0.16
21506,0
21507,3.51
21508,1.00
21509,3.92
21510,0.72
21511,3.92
21512,4.28
21513,3.92
21514,0
21515,125
21516,Off
21517,403.94
21518,0.81
21519,16.21
21520,OK
21521,0.93
21522,985
21523,15.00
21524,14.43
21525,1010
21526,Off
21527,0
21528,-0.17
21529,-0.27
21530,0.16
21531,-0.26
21532,On
21533,Off
21534,Off
21535,Off
21536,Off
21537,87.75
21538,7.84
21539,0
21540,1.61
21541,42.75
21542,396.68
21543,400
21544,On
21545,47.61
21546,42
21547,-1280
21548,42.00
21549,3.90
21550,-1.30
21551,7.84
21552,18.00
21553,C/L
21554,0
21555,1.04
21556,1.00
21557,107.30
21558,0
21559,0
21560,0
21561,1
21562,0
21563,2
21564,0
21565,0
21566,13.01
21567,79.68
21568,Off
21569,0.96
21570,0.21
21571,51.17
21572,3.51
21573,0.99
21574,10.98
21575,1.01
21576,12.16
21577,3.96
21578,12.16
21579,0
21580,123
21581,Off
21582,403.94
21583,0.89
21584,17.77
21585,OK
21586,0.93
21587,985
21588,15.00
21589,14.50
21590,1060
21591,Off
21592,0
21593,0.14
21594,-0.24
21595,0.49
21596,-0.07
21597,On
21598,Off
21599,Off
21600,Off
21601,Off
21602,87.75
21603,7.84
21604,3.25
21605,1.61
21606,43.53
21607,404.22
21608,400
21609,On
21610,46.65
21611,42
21612,-1280
21613,43.50
21614,3.07
21615,-1.30
21616,7.84
21617,18.00
21618,C/L
21619,0
21620,1.04
21621,1.00
21622,108.30
21623,0
21624,0
21625,0
21626,1
21627,0
21628,2
21629,0
21630,0
21631,11.99
21632,79.68
21633,Off
21634,0.98
21635,0.25
21636,99.60
21637,3.51
21638,1.00
21639,14.90
21640,1.18
21641,16.08
21642,3.83
21643,15.29
21644,0
21645,121
21646,Off
21647,403.94
21648,1.00
21649,20.04
21650,OK
21651,0.93
21652,985
21653,15.00
21654,14.43
21655,1110
21656,Off
21657,0
21658,-0.19
21659,-1.45
21660,-0.44
21661,10.02
21662,On
21663,Off
21664,Off
21665,Off
21666,Off
21667,87.75
21668,7.84
21669,1.64
21670,1.61
21671,43.53
21672,398.20
21673,400
21674,On
21675,48.89
21676,42
21677,-1280
21678,38.25
21679,5.21
21680,-1.30
21681,45.49
21682,18.75
21683,C/L
21684,0
21685,1.04
21686,1.00
21687,142.10
21688,0
21689,0
21690,0
21691,1
21692,0
21693,2
21694,0
21695,6.50
21696,16.87
21697,79.68
21698,Off
21699,0.96
21700,0.17
21701,99.60
21702,3.51
21703,1.09
21704,22.75
21705,1.43
21706,22.75
21707,3.65
21708,20
21709,11.70
21710,126
21711,Off
21712,403.94
21713,1.12
21714,22.24
21715,OK
21716,0.94
21717,985
21718,15.00
21719,14.36
21720,1200
21721,Off
21722,0
21723,-0.03
21724,0.54
21725,0.08
21726,5.61
21727,On
21728,Off
21729,Off
21730,Off
21731,Off
21732,87.75
21733,7.84
21734,2.91
21735,1.61
21736,43.14
21737,405.09
21738,400
21739,On
21740,47.34
21741,42
21742,-1280
21743,43.50
21744,3.04
21745,-1.30
21746,7.84
21747,19.50
21748,C/L
21749,0
21750,1.04
21751,1.00
21752,104.30
21753,0
21754,0
21755,0
21756,1
21757,0
21758,2
21759,0
21760,0
21761,14.18
21762,79.68
21763,Off
21764,0.97
21765,0.15
21766,99.60
21767,3.51
21768,0.99
21769,13.73
21770,1.09
21771,13.73
21772,3.90
21773,12.55
21774,0
21775,127
21776,Off
21777,403.94
21778,0.77
21779,15.48
21780,OK
21781,0.94
21782,985
21783,15.00
21784,14.57
21785,1040
21786,Off
21787,0
21788,-0.16
21789,0
21790,1.11
21791,-0.07
21792,On
21793,Off
21794,Off
21795,Off
21796,Off
21797,88.50
21798,7.84
21799,0
21800,1.61
21801,7.84
21802,411.11
21803,400
21804,On
21805,10.00
21806,42
21807,-1280
21808,36.00
21809,2.14
21810,-1.30
21811,7.84
21812,18.75
21813,O/L
21814,0
21815,1.04
21816,1.00
21817,88.20
21818,0
21819,0
21820,0
21821,1
21822,0
21823,2
21824,0
21825,0
21826,15.48
21827,79.68
21828,Off
21829,0.98
21830,0.75
21831,0
21832,3.51
21833,1.00
21834,17.65
21835,1.24
21836,17.65
21837,3.77
21838,15.29
21839,13.65
21840,126
21841,Off
21842,403.94
21843,0.95
21844,18.94
21845,OK
21846,0.94
21847,985
21848,15.00
21849,14.43
21850,1100
21851,Off
21852,0
21853,0.02
21854,-0.25
21855,0.24
21856,-0.20
21857,On
21858,Off
21859,Off
21860,Off
21861,Off
21862,88.50
21863,7.84
21864,2.38
21865,1.61
21866,7.84
21867,400.38
21868,400
21869,On
21870,48.05
21871,42
21872,-1280
21873,39.75
21874,4.83
21875,-1.30
21876,46.67
21877,18.75
21878,C/L
21879,0
21880,1.04
21881,1.00
21882,121.20
21883,0
21884,0
21885,0
21886,1
21887,0
21888,2
21889,0
21890,6
21891,16.95
21892,79.68
21893,Off
21894,1.00
21895,0.21
21896,99.60
21897,3.51
21898,1.08
21899,21.57
21900,1.38
21901,21.18
21902,3.70
21903,16.86
21904,0
21905,127
21906,Off
21907,403.94
21908,1.05
21909,20.76
21910,OK
21911,0.94
21912,985
21913,15.00
21914,14.43
21915,1130
21916,Off
21917,0
21918,0.27
21919,-0.03
21920,0.52
21921,-0.03
21922,On
21923,Off
21924,Off
21925,Off
21926,Off
21927,88.50
21928,7.84
21929,3.22
21930,1.61
21931,43.14
21932,405.38
21933,400
21934,On
21935,47.01
21936,42
21937,-1280
21938,44.25
21939,1.32
21940,-1.30
21941,7.84
21942,19.50
21943,C/L
21944,0
21945,1.04
21946,1.00
21947,22.80
21948,0
21949,0
21950,0
21951,1
21952,0
21953,2
21954,0
21955,0
21956,16.15
21957,79.68
21958,Off
21959,1.00
21960,0.79
21961,0
21962,3.51
21963,1.01
21964,15.29
21965,1.15
21966,15.69
21967,3.82
21968,16.86
21969,14.82
21970,122
21971,Off
21972,417.42
21973,1.04
21974,20.89
21975,OK
21976,0.94
21977,985
21978,15.75
21979,14.43
21980,1150
21981,Off
21982,0
21983,-0.21
21984,-0.21
21985,-0.23
21986,6.31
21987,On
21988,Off
21989,Off
21990,Off
21991,Off
21992,88.50
21993,7.84
21994,0.17
21995,1.61
21996,7.84
21997,399.72
21998,400
21999,On
22000,47.48
22001,42
22002,-1280
22003,42.75
22004,4.10
22005,-1.30
22006,7.84
22007,19.50
22008,C/L
22009,0
22010,1.04
22011,1.00
22012,114.60
22013,0
22014,0
22015,0
22016,1
22017,0
22018,2
22019,0
22020,1
22021,15.03
22022,79.68
22023,Off
22024,1.03
22025,0.11
22026,99.60
22027,3.51
22028,1.04
22029,14.90
22030,1.12
22031,14.51
22032,3.88
22033,14.51
22034,0
22035,122
22036,Off
22037,403.94
22038,0.89
22039,17.81
22040,OK
22041,0.94
22042,985
22043,15.75
22044,14.36
22045,1070
22046,Off
22047,0
22048,-0.03
22049,-0.24
22050,0.09
22051,-0.23
22052,On
22053,Off
22054,Off
22055,Off
22056,Off
22057,88.50
22058,7.84
22059,2.21
22060,1.61
22061,7.84
22062,398.78
22063,400
22064,On
22065,48.46
22066,42
22067,-1280
22068,37.50
22069,5.88
22070,-1.30
22071,47.06
22072,19.50
22073,C/L
22074,0
22075,1.04
22076,1.00
22077,115.20
22078,0
22079,0
22080,0
22081,1
22082,0
22083,2
22084,0
22085,5
22086,16.15
22087,79.68
22088,Off
22089,1.02
22090,0.73
22091,99.60
22092,3.51
22093,0.99
22094,12.16
22095,1.04
22096,12.55
22097,3.97
22098,12.16
22099,0
22100,121
22101,Off
22102,403.94
22103,0.93
22104,18.86
22105,OK
22106,0.94
22107,985
22108,15.75
22109,14.43
22110,1090
22111,Off
22112,0
22113,-0.16
22114,-0.44
22115,-0.18
22116,1.44
22117,On
22118,Off
22119,Off
22120,Off
22121,Off
22122,88.50
22123,7.84
22124,2.36
22125,1.61
22126,7.84
22127,400.88
22128,400
22129,On
22130,47.97
22131,42
22132,-1280
22133,38.25
22134,5.47
22135,-1.30
22136,46.67
22137,19.50
22138,C/L
22139,0
22140,1.04
22141,1.00
22142,124.70
22143,0
22144,0
22145,0
22146,1
22147,0
22148,2
22149,0
22150,10
22151,17.53
22152,79.68
22153,Off
22154,1.00
22155,0.16
22156,99.60
22157,3.51
22158,1.06
22159,17.25
22160,1.18
22161,14.12
22162,3.90
22163,14.12
22164,0
22165,121
22166,Off
22167,403.94
22168,1
22169,20.25
22170,OK
22171,0.95
22172,985
22173,15.75
22174,14.57
22175,1140
22176,Off
22177,0
22178,-0.24
22179,-0.19
22180,-0.11
22181,3.69
22182,On
22183,Off
22184,Off
22185,Off
22186,Off
22187,89.25
22188,7.84
22189,2.40
22190,1.61
22191,7.84
22192,397.26
22193,400
22194,On
22195,49.80
22196,42
22197,-1280
22198,31.50
22199,8.81
22200,-1.30
22201,44.71
22202,19.50
22203,C/L
22204,0
22205,1.04
22206,1.00
22207,100.00
22208,0
22209,0
22210,0
22211,1
22212,0
22213,2
22214,0
22215,1
22216,15.25
22217,79.68
22218,Off
22219,1.01
22220,0.77
22221,99.60
22222,3.51
22223,0.98
22224,15.69
22225,1.17
22226,15.69
22227,3.84
22228,17.25
22229,3.12
22230,122
22231,Off
22232,417.42
22233,1.13
22234,22.86
22235,OK
22236,0.95
22237,980
22238,15.75
22239,14.43
22240,1220
22241,Off
22242,0
22243,-0.16
22244,1.88
22245,-0.06
22246,4.82
22247,On
22248,Off
22249,Off
22250,Off
22251,Off
22252,89.25
22253,7.84
22254,2.70
22255,1.61
22256,42.35
22257,400.67
22258,400
22259,On
22260,47.92
22261,42
22262,-1280
22263,39.75
22264,4.03
22265,-1.30
22266,7.84
22267,20.25
22268,C/L
22269,0
22270,1.04
22271,1.00
22272,84.50
22273,0
22274,0
22275,0
22276,1
22277,0
22278,2
22279,0.50
22280,0
22281,11.53
22282,79.68
22283,Off
22284,0.96
22285,0.19
22286,37.89
22287,3.51
22288,1.01
22289,15.69
22290,1.18
22291,15.69
22292,3.87
22293,14.51
22294,0
22295,121
22296,Off
22297,417.42
22298,0.95
22299,19.25
22300,OK
22301,0.95
22302,980
22303,15.75
22304,14.50
22305,1090
22306,Off
22307,0
22308,-0.05
22309,-0.11
22310,-0.15
22311,1.14
22312,On
22313,Off
22314,Off
22315,Off
22316,Off
22317,89.25
22318,7.84
22319,0
22320,1.61
22321,7.84
22322,396.90
22323,400
22324,On
22325,47.96
22326,42
22327,-1280
22328,40.50
22329,3.96
22330,-1.30
22331,7.84
22332,19.50
22333,C/L
22334,0
22335,1.04
22336,1.00
22337,87.80
22338,0
22339,0
22340,0
22341,1
22342,0
22343,2
22344,0.50
22345,0
22346,10.47
22347,79.68
22348,Off
22349,0.97
22350,0.58
22351,0
22352,3.51
22353,0.97
22354,10.59
22355,0.97
22356,10.59
22357,4.04
22358,10.20
22359,0
22360,120
22361,Off
22362,403.94
22363,0.79
22364,15.74
22365,OK
22366,0.95
22367,980
22368,15.75
22369,14.50
22370,1030
22371,Off
22372,0
22373,-0.21
22374,-1.14
22375,-0.18
22376,5.53
22377,On
22378,Off
22379,Off
22380,Off
22381,Off
22382,89.25
22383,7.84
22384,0
22385,1.61
22386,44.71
22387,399.58
22388,400
22389,On
22390,47.12
22391,42
22392,-1280
22393,44.25
22394,2.15
22395,-1.30
22396,7.84
22397,19.50
22398,C/L
22399,0
22400,1.04
22401,1.00
22402,21.40
22403,0
22404,0
22405,0
22406,1
22407,0
22408,2
22409,4.50
22410,0
22411,7.81
22412,79.68
22413,Off
22414,0.98
22415,0.39
22416,0
22417,3.51
22418,0.97
22419,9.41
22420,0.93
22421,11.76
22422,3.79
22423,17.25
22424,18.33
22425,116
22426,Off
22427,403.94
22428,0.99
22429,20.32
22430,OK
22431,0.95
22432,980
22433,15.75
22434,14.50
22435,1180
22436,Off
22437,0
22438,-0.25
22439,-0.24
22440,-0.22
22441,9.09
22442,On
22443,Off
22444,Off
22445,Off
22446,Off
22447,89.25
22448,7.84
22449,0.05
22450,1.61
22451,7.84
22452,402.04
22453,400
22454,On
22455,48.16
22456,42
22457,-1280
22458,38.25
22459,5.23
22460,-1.30
22461,46.27
22462,18.75
22463,C/L
22464,0
22465,1.04
22466,1.00
22467,87.40
22468,0
22469,0
22470,0
22471,1
22472,0
22473,2
22474,0
22475,0
22476,14.27
22477,79.68
22478,Off
22479,1.01
22480,0.67
22481,13.67
22482,3.51
22483,0.98
22484,13.73
22485,1.09
22486,13.73
22487,3.91
22488,13.73
22489,0
22490,121
22491,Off
22492,403.94
22493,0.91
22494,18.12
22495,OK
22496,0.95
22497,980
22498,15.75
22499,14.43
22500,1080
22501,Off
22502,0
22503,0.03
22504,-0.27
22505,0.42
22506,-0.29
22507,On
22508,Off
22509,Off
22510,Off
22511,Off
22512,89.25
22513,7.84
22514,1.58
22515,1.61
22516,43.53
22517,402.48
22518,400
22519,On
22520,46.96
22521,42
22522,-1280
22523,42.75
22524,3.16
22525,-1.30
22526,7.84
22527,18.75
22528,C/L
22529,0
22530,1.04
22531,1.00
22532,99.30
22533,0
22534,0
22535,0
22536,1
22537,0
22538,2
22539,0
22540,0
22541,12.74
22542,79.68
22543,Off
22544,0.98
22545,0.19
22546,99.60
22547,3.51
22548,0.98
22549,13.33
22550,1.08
22551,13.73
22552,3.90
22553,13.73
22554,0
22555,122
22556,Off
22557,403.94
22558,1.09
22559,22.10
22560,OK
22561,0.95
22562,980
22563,15.75
22564,14.29
22565,1150
22566,Off
22567,0
22568,-0.11
22569,-0.36
22570,0.16
22571,-0.25
22572,On
22573,Off
22574,Off
22575,Off
22576,Off
22577,88.50
22578,7.84
22579,1.27
22580,1.61
22581,44.71
22582,400.01
22583,400
22584,On
22585,47.08
22586,42
22587,-1280
22588,42.75
22589,3.10
22590,-1.30
22591,7.84
22592,18.75
22593,C/L
22594,0
22595,1.04
22596,1.00
22597,51.10
22598,0
22599,0
22600,0
22601,1
22602,0
22603,2
22604,2
22605,0
22606,11.02
22607,79.68
22608,Off
22609,0.95
22610,0.66
22611,14.45
22612,3.51
22613,0.96
22614,15.69
22615,1.17
22616,15.69
22617,3.85
22618,15.29
22619,14.04
22620,123
22621,Off
22622,403.94
22623,0.93
22624,18.66
22625,OK
22626,0.95
22627,980
22628,15.00
22629,14.57
22630,1100
22631,Off
22632,0
22633,-0.24
22634,-0.07
22635,-0.17
22636,1.52
22637,On
22638,Off
22639,Off
22640,Off
22641,Off
22642,88.50
22643,7.84
22644,0
22645,1.61
22646,44.71
22647,401.61
22648,400
22649,On
22650,47.14
22651,43
22652,-1280
22653,44.25
22654,1.87
22655,-1.30
22656,7.84
22657,18.75
22658,C/L
22659,0
22660,1.04
22661,1.00
22662,42.10
22663,0
22664,0
22665,0
22666,1
22667,0
22668,2
22669,2.50
22670,0
22671,9.17
22672,79.68
22673,Off
22674,1.02
22675,0.71
22676,0
22677,3.51
22678,0.95
22679,9.02
22680,0.90
22681,8.63
22682,4.10
22683,8.63
22684,0
22685,122
22686,Off
22687,417.42
22688,0.86
22689,17.65
22690,OK
22691,0.94
22692,980
22693,15.00
22694,14.43
22695,1030
22696,Off
22697,0
22698,-0.22
22699,-0.47
22700,-0.18
22701,0.38
22702,On
22703,Off
22704,Off
22705,Off
22706,Off
22707,88.50
22708,7.84
22709,0
22710,1.61
22711,44.71
22712,404.00
22713,400
22714,On
22715,47.13
22716,43
22717,-1280
22718,42.00
22719,3.70
22720,-1.30
22721,7.84
22722,18.75
22723,C/L
22724,0
22725,1.04
22726,1.00
22727,77.70
22728,0
22729,0
22730,0
22731,1
22732,0
22733,2
22734,0.50
22735,0
22736,12.39
22737,79.68
22738,Off
22739,1.03
22740,0.73
22741,0
22742,3.51
22743,0.95
22744,10.20
22745,0.95
22746,10.20
22747,4.05
22748,10.20
22749,0
22750,121
22751,Off
22752,403.94
22753,0.72
22754,14.38
22755,OK
22756,0.94
22757,980
22758,15.75
22759,14.36
22760,1020
22761,Off
22762,0
22763,0.45
22764,-0.35
22765,2.14
22766,-0.26
22767,On
22768,Off
22769,Off
22770,Off
22771,Off
22772,88.50
22773,7.84
22774,0
22775,1.61
22776,43.14
22777,399.36
22778,400
22779,On
22780,46.92
22781,43
22782,-1280
22783,42.75
22784,3.30
22785,-1.30
22786,7.84
22787,18.75
22788,C/L
22789,0
22790,1.03
22791,1.00
22792,102.90
22793,0
22794,0
22795,0
22796,1
22797,0
22798,2
22799,0
22800,1.50
22801,15.74
22802,79.68
22803,Off
22804,1.02
22805,0.11
22806,0
22807,3.51
22808,1.01
22809,15.69
22810,1.16
22811,15.69
22812,3.82
22813,15.69
22814,0
22815,120
22816,Off
22817,403.94
22818,0.99
22819,19.23
22820,OK
22821,0.94
22822,980
22823,15.00
22824,14.50
22825,1110
22826,Off
22827,0
22828,-0.12
22829,-0.28
22830,0.17
22831,-0.28
22832,On
22833,Off
22834,Off
22835,Off
22836,Off
22837,88.50
22838,7.84
22839,0
22840,1.61
22841,45.10
22842,405.38
22843,400
22844,On
22845,46.16
22846,43
22847,-1280
22848,44.25
22849,1.70
22850,-1.30
22851,7.84
22852,18.75
22853,C/L
22854,0
22855,1.03
22856,1.00
22857,22.60
22858,0
22859,0
22860,0
22861,1
22862,0
22863,2
22864,4.50
22865,0
22866,8.00
22867,79.68
22868,Off
22869,0.98
22870,0.08
22871,0
22872,3.51
22873,0.99
22874,13.73
22875,1.08
22876,12.94
22877,3.93
22878,12.94
22879,0
22880,117
22881,Off
22882,403.94
22883,0.93
22884,18.66
22885,OK
22886,0.94
22887,980
22888,15.00
22889,14.50
22890,1070
22891,Off
22892,0
22893,-0.31
22894,-0.16
22895,0.67
22896,-0.14
22897,On
22898,Off
22899,Off
22900,Off
22901,Off
22902,88.50
22903,7.84
22904,0.06
22905,1.61
22906,44.71
22907,400.74
22908,400
22909,On
22910,47.33
22911,43
22912,-1280
22913,40.50
22914,4.24
22915,-1.30
22916,7.84
22917,18.75
22918,C/L
22919,0
22920,1.03
22921,1.00
22922,77.80
22923,0
22924,0
22925,0
22926,1
22927,0
22928,2
22929,0
22930,0
22931,15.91
22932,79.68
22933,Off
22934,1.02
22935,0.69
22936,11.33
22937,3.51
22938,1.01
22939,16.47
22940,1.21
22941,18.43
22942,3.74
22943,17.65
22944,0
22945,118
22946,Off
22947,403.94
22948,0.99
22949,19.74
22950,OK
22951,0.94
22952,980
22953,15.00
22954,14.50
22955,1120
22956,Off
22957,0
22958,0
22959,0.14
22960,-0.04
22961,1.03
22962,On
22963,Off
22964,Off
22965,Off
22966,Off
22967,88.50
22968,7.84
22969,1.11
22970,1.61
22971,7.84
22972,400.16
22973,400
22974,On
22975,47.60
22976,43
22977,-1280
22978,39.00
22979,4.86
22980,-1.30
22981,46.67
22982,18.75
22983,C/L
22984,0
22985,1.03
22986,1.00
22987,130.60
22988,0
22989,0
22990,0
22991,1
22992,0
22993,2
22994,0
22995,6.50
22996,16.44
22997,79.68
22998,Off
22999,0.99
23000,0.27
23001,99.60
23002,3.51
23003,1.03
23004,16.47
23005,1.19
23006,16.47
23007,3.82
23008,16.08
23009,0
23010,122
23011,Off
23012,403.94
23013,1.06
23014,21.27
23015,OK
23016,0.94
23017,980
23018,15.00
23019,14.57
23020,1160
23021,Off
23022,0
23023,-0.19
23024,-0.21
23025,-0.29
23026,5.89
23027,On
23028,Off
23029,Off
23030,Off
23031,Off
23032,88.50
23033,7.84
23034,2.50
23035,1.61
23036,44.71
23037,400.09
23038,400
23039,On
23040,47.82
23041,43
23042,-1280
23043,39.00
23044,4.89
23045,-1.30
23046,47.06
23047,19.50
23048,C/L
23049,0
23050,1.03
23051,1.00
23052,106.70
23053,0
23054,0
23055,0
23056,1
23057,0
23058,2
23059,0
23060,2.50
23061,15.61
23062,79.68
23063,Off
23064,1.02
23065,0.66
23066,99.60
23067,3.51
23068,1.02
23069,15.69
23070,1.16
23071,15.69
23072,3.85
23073,15.29
23074,0
23075,126
23076,Off
23077,403.94
23078,1.02
23079,20.52
23080,OK
23081,0.95
23082,980
23083,15.00
23084,14.50
23085,1130
23086,Off
23087,0
23088,-0.25
23089,-0.46
23090,-0.26
23091,4.50
23092,On
23093,Off
23094,Off
23095,Off
23096,Off
23097,88.50
23098,7.84
23099,2.16
23100,1.61
23101,7.84
23102,399.51
23103,400
23104,On
23105,48.96
23106,43
23107,-1280
23108,36.75
23109,5.85
23110,-1.30
23111,46.27
23112,19.50
23113,C/L
23114,0
23115,1.03
23116,1.00
23117,112.40
23118,0
23119,0
23120,0
23121,1
23122,0
23123,2
23124,0
23125,2.50
23126,16.05
23127,79.68
23128,Off
23129,1.01
23130,0.71
23131,99.60
23132,3.51
23133,1.00
23134,15.29
23135,1.15
23136,15.29
23137,3.85
23138,15.29
23139,0
23140,128
23141,Off
23142,417.42
23143,0.93
23144,18.72
23145,OK
23146,0.95
23147,980
23148,15.00
23149,14.43
23150,1100
23151,Off
23152,0
23153,0.23
23154,-0.10
23155,0.42
23156,-0.22
23157,On
23158,Off
23159,Off
23160,Off
23161,Off
23162,88.50
23163,7.84
23164,3.17
23165,1.61
23166,42.75
23167,399.80
23168,400
23169,On
23170,47.09
23171,43
23172,-1280
23173,44.25
23174,2.17
23175,-1.30
23176,7.84
23177,19.50
23178,C/L
23179,0
23180,1.03
23181,1.00
23182,56.10
23183,0
23184,0
23185,0
23186,1
23187,0
23188,2
23189,2
23190,0
23191,9.51
23192,79.68
23193,Off
23194,0.98
23195,0.56
23196,29.68
23197,3.51
23198,1.00
23199,14.51
23200,1.18
23201,17.25
23202,3.78
23203,17.25
23204,19.50
23205,126
23206,Off
23207,403.94
23208,1.03
23209,20.47
23210,OK
23211,0.95
23212,980
23213,15.00
23214,14.36
23215,1120
23216,Off
23217,0
23218,0.30
23219,-0.13
23220,0.38
23221,-0.12
23222,On
23223,Off
23224,Off
23225,Off
23226,Off
23227,89.25
23228,7.84
23229,0
23230,1.61
23231,41.57
23232,401.68
23233,400
23234,On
23235,47.53
23236,43
23237,-1280
23238,42.00
23239,3.55
23240,-1.30
23241,7.84
23242,18.75
23243,C/L
23244,0
23245,1.03
23246,1.00
23247,87.60
23248,0
23249,0
23250,0
23251,1
23252,0
23253,2
23254,0
23255,0
23256,12.82
23257,79.68
23258,Off
23259,0.99
23260,0.58
23261,0
23262,3.51
23263,1.01
23264,12.55
23265,1.05
23266,14.12
23267,3.89
23268,14.90
23269,0
23270,126
23271,Off
23272,403.94
23273,0.99
23274,19.90
23275,OK
23276,0.95
23277,980
23278,15.00
23279,14.50
23280,1110
23281,Off
23282,0
23283,0.16
23284,0.03
23285,0.06
23286,0.16
23287,On
23288,Off
23289,Off
23290,Off
23291,Off
23292,88.50
23293,7.84
23294,0
23295,1.61
23296,7.84
23297,397.40
23298,400
23299,On
23300,47.62
23301,43
23302,-1280
23303,39.75
23304,4.83
23305,-1.30
23306,46.27
23307,19.50
23308,C/L
23309,0
23310,1.03
23311,1.00
23312,108.30
23313,0
23314,0
23315,0
23316,1
23317,0
23318,2
23319,0
23320,0
23321,13.85
23322,79.68
23323,Off
23324,0.96
23325,0.25
23326,0
23327,3.51
23328,1.02
23329,14.12
23330,1.10
23331,14.12
23332,3.90
23333,13.73
23334,0
23335,127
23336,Off
23337,403.94
23338,0.96
23339,19.28
23340,OK
23341,0.95
23342,980
23343,15.00
23344,14.36
23345,1090
23346,Off
23347,0
23348,0.38
23349,-0.25
23350,0.06
23351,0.96
23352,On
23353,Off
23354,Off
23355,Off
23356,Off
23357,88.50
23358,7.84
23359,0
23360,1.61
23361,7.84
23362,397.40
23363,400
23364,On
23365,48.29
23366,43
23367,-1280
23368,38.25
23369,5.76
23370,-1.30
23371,46.67
23372,19.50
23373,C/L
23374,0
23375,1.04
23376,1.00
23377,124.50
23378,0
23379,0
23380,0
23381,1
23382,0
23383,2
23384,0
23385,0
23386,13.62
23387,79.68
23388,Off
23389,0.99
23390,0.74
23391,0
23392,3.51
23393,0.97
23394,13.73
23395,1.09
23396,13.73
23397,3.91
23398,12.94
23399,0
23400,128
23401,Off
23402,403.94
23403,0.86
23404,17.13
23405,OK
23406,0.95
23407,980
23408,15.00
23409,14.43
23410,1060
23411,Off
23412,0
23413,0.18
23414,-0.11
23415,0.35
23416,-0.15
23417,On
23418,Off
23419,Off
23420,Off
23421,Off
23422,88.50
23423,7.84
23424,0
23425,1.61
23426,42.75
23427,401.46
23428,400
23429,On
23430,47.02
23431,43
23432,-1280
23433,43.50
23434,3.05
23435,-1.30
23436,7.84
23437,18.75
23438,C/L
23439,0
23440,1.04
23441,1.00
23442,71.60
23443,0
23444,0
23445,0
23446,1
23447,0
23448,2
23449,0
23450,0
23451,8.55
23452,79.68
23453,Off
23454,1.02
23455,0.50
23456,0
23457,3.51
23458,1.01
23459,5.88
23460,0.79
23461,5.49
23462,4.21
23463,5.49
23464,0
23465,126
23466,Off
23467,403.94
23468,0.63
23469,12.61
23470,OK
23471,0.95
23472,980
23473,15.00
23474,14.43
23475,990
23476,Off
23477,0
23478,1.94
23479,-0.33
23480,1.09
23481,-0.20
23482,On
23483,Off
23484,Off
23485,Off
23486,Off
23487,88.50
23488,7.84
23489,0
23490,1.61
23491,43.92
23492,395.30
23493,400
23494,On
23495,46.96
23496,43
23497,-1280
23498,42.00
23499,3.52
23500,-1.30
23501,7.84
23502,18.75
23503,C/L
23504,0
23505,1.04
23506,1.00
23507,85.70
23508,0
23509,0
23510,0
23511,1
23512,0
23513,2
23514,0
23515,0
23516,11.37
23517,79.68
23518,Off
23519,0.98
23520,0.18
23521,0
23522,3.51
23523,0.99
23524,8.63
23525,0.87
23526,7.84
23527,4.15
23528,7.06
23529,0
23530,123
23531,Off
23532,403.94
23533,0.68
23534,13.50
23535,OK
23536,0.95
23537,980
23538,15.00
23539,14.50
23540,1010
23541,Off
23542,0
23543,0.16
23544,-0.08
23545,4.25
23546,-0.15
23547,On
23548,Off
23549,Off
23550,Off
23551,Off
23552,88.50
23553,7.84
23554,0
23555,1.61
23556,43.14
23557,395.08
23558,400
23559,On
23560,47.18
23561,43
23562,-1280
23563,42.00
23564,3.49
23565,-1.30
23566,7.84
23567,18.00
23568,C/L
23569,0
23570,1.03
23571,1.00
23572,66.70
23573,0
23574,0
23575,0
23576,1
23577,0
23578,2
23579,0.50
23580,0
23581,11.23
23582,79.68
23583,Off
23584,0.98
23585,0.17
23586,0
23587,3.51
23588,1.00
23589,11.37
23590,1.00
23591,11.37
23592,4.00
23593,11.37
23594,0
23595,121
23596,Off
23597,403.94
23598,0.78
23599,15.59
23600,OK
23601,0.94
23602,980
23603,15.00
23604,14.43
23605,1030
23606,Off
23607,0
23608,-1.41
23609,-0.13
23610,1.75
23611,-0.14
23612,On
23613,Off
23614,Off
23615,Off
23616,Off
23617,88.50
23618,7.84
23619,0
23620,1.61
23621,43.92
23622,405.38
23623,400
23624,On
23625,45.70
23626,43
23627,-1280
23628,0.75
23629,1.86
23630,-1.30
23631,7.84
23632,18.00
23633,O/L
23634,0
23635,1.03
23636,1.00
23637,35.30
23638,0
23639,0
23640,0
23641,1
23642,0
23643,2
23644,4.50
23645,0
23646,7.14
23647,79.68
23648,Off
23649,1.02
23650,0.16
23651,0
23652,3.51
23653,1.00
23654,9.41
23655,0.92
23656,8.24
23657,4.13
23658,7.06
23659,0
23660,117
23661,Off
23662,403.94
23663,0.76
23664,15.16
23665,OK
23666,0.94
23667,980
23668,15.00
23669,14.43
23670,1010
23671,Off
23672,0
23673,0.20
23674,-0.14
23675,3.36
23676,-0.03
23677,On
23678,Off
23679,Off
23680,Off
23681,Off
23682,87.75
23683,7.84
23684,0
23685,1.61
23686,7.84
23687,401.83
23688,400
23689,On
23690,45.84
23691,43
23692,-1280
23693,44.25
23694,2.58
23695,-1.30
23696,7.84
23697,17.25
23698,C/L
23699,0
23700,1.03
23701,1.00
23702,58.30
23703,0
23704,0
23705,0
23706,1
23707,0
23708,2
23709,1.50
23710,0
23711,9.63
23712,79.68
23713,Off
23714,1.02
23715,0.69
23716,0
23717,3.51
23718,0.94
23719,9.02
23720,0.91
23721,9.02
23722,4.09
23723,9.02
23724,0
23725,113
23726,Off
23727,403.94
23728,0.74
23729,14.74
23730,OK
23731,0.94
23732,980
23733,15.00
23734,14.43
23735,1000
23736,Off
23737,0
23738,0.62
23739,-0.06
23740,0.41
23741,-0.12
23742,On
23743,Off
23744,Off
23745,Off
23746,Off
23747,87.75
23748,7.84
23749,0
23750,1.61
23751,43.14
23752,401.54
23753,400
23754,On
23755,46.97
23756,43
23757,-1280
23758,42.75
23759,2.62
23760,-1.30
23761,7.84
23762,18.00
23763,C/L
23764,0
23765,1.03
23766,1.00
23767,50.30
23768,0
23769,0
23770,0
23771,1
23772,0
23773,2
23774,2.50
23775,0
23776,8.44
23777,79.68
23778,Off
23779,1.01
23780,0.63
23781,0
23782,3.51
23783,0.97
23784,7.06
23785,0.83
23786,6.67
23787,4.18
23788,6.67
23789,0
23790,112
23791,Off
23792,403.94
23793,0.71
23794,13.97
23795,OK
23796,0.94
23797,980
23798,15.00
23799,14.50
23800,1000
23801,Off
23802,0
23803,0.09
23804,0
23805,5.25
23806,0.05
23807,On
23808,Off
23809,Off
23810,Off
23811,Off
23812,87.75
23813,7.84
23814,0
23815,1.61
23816,43.92
23817,403.57
23818,400
23819,On
23820,45.64
23821,43
23822,-1280
23823,30.00
23824,2.53
23825,-1.30
23826,7.84
23827,17.25
23828,C/L
23829,0
23830,1.03
23831,1.00
23832,57.10
23833,0
23834,0
23835,0
23836,1
23837,0
23838,2
23839,5
23840,0
23841,7.18
23842,79.68
23843,Off
23844,1.04
23845,0.60
23846,0
23847,3.51
23848,1.01
23849,5.88
23850,0.77
23851,5.10
23852,4.23
23853,5.10
23854,0
23855,110
23856,Off
23857,403.94
23858,0.71
23859,13.96
23860,OK
23861,0.93
23862,980
23863,15.00
23864,14.71
23865,1000
23866,Off
23867,0
23868,-0.12
23869,0.05
23870,5.53
23871,0.06
23872,On
23873,Off
23874,Off
23875,Off
23876,Off
23877,87.75
23878,7.84
23879,0.02
23880,1.61
23881,7.84
23882,403.28
23883,400
23884,On
23885,45.08
23886,43
23887,-1280
23888,4.50
23889,1.46
23890,-1.30
23891,7.84
23892,17.25
23893,C/L
23894,0
23895,1.03
23896,1.00
23897,48
23898,0
23899,0
23900,0
23901,1
23902,0
23903,2
23904,2
23905,0
23906,9.42
23907,79.68
23908,Off
23909,0.99
23910,0.82
23911,0
23912,3.51
23913,0.98
23914,9.02
23915,0.91
23916,9.02
23917,4.09
23918,9.02
23919,0
23920,105
23921,Off
23922,403.94
23923,0.69
23924,13.70
23925,OK
23926,0.93
23927,980
23928,15.00
23929,14.57
23930,1010
23931,Off
23932,0
23933,-0.21
23934,-0.03
23935,6.39
23936,0.06
23937,On
23938,Off
23939,Off
23940,Off
23941,Off
23942,87.00
23943,7.84
23944,0
23945,1.61
23946,43.14
23947,402.19
23948,400
23949,On
23950,44.90
23951,43
23952,-1280
23953,43.50
23954,2.61
23955,-1.30
23956,7.84
23957,17.25
23958,C/L
23959,0
23960,1.03
23961,1.00
23962,50.40
23963,0
23964,0
23965,0
23966,1
23967,0
23968,2
23969,2
23970,0
23971,10.03
23972,79.68
23973,Off
23974,0.98
23975,0.80
23976,7.03
23977,3.51
23978,0.97
23979,9.80
23980,0.93
23981,9.41
23982,4.07
23983,9.41
23984,0
23985,101
23986,Off
23987,403.94
23988,0.90
23989,18.01
23990,OK
23991,0.93
23992,980
23993,15.00
23994,14.43
23995,1070
23996,Off
23997,0
23998,-0.14
23999,-0.44
24000,-0.09
24001,11.86
24002,On
24003,Off
24004,Off
24005,Off
24006,Off
24007,87.00
24008,7.84
24009,0.26
24010,1.61
24011,7.84
24012,395.59
24013,400
24014,On
24015,47.45
24016,43
24017,-1280
24018,33.75
24019,6.95
24020,-1.30
24021,47.45
24022,18.00
24023,C/L
24024,0
24025,1.03
24026,1.00
24027,126
24028,0
24029,0
24030,0
24031,1
24032,0
24033,2
24034,0
24035,16.50
24036,18.88
24037,79.68
24038,Off
24039,1.01
24040,0.59
24041,80.85
24042,3.51
24043,1.06
24044,18.43
24045,1.27
24046,18.43
24047,3.73
24048,18.43
24049,0
24050,107
24051,Off
24052,403.94
24053,1.14
24054,23.10
24055,OK
24056,0.93
24057,980
24058,15.00
24059,14.43
24060,1210
24061,Off
24062,0
24063,-0.25
24064,-0.06
24065,-0.28
24066,15.47
24067,On
24068,Off
24069,Off
24070,Off
24071,Off
24072,87.00
24073,7.84
24074,1.64
24075,1.61
24076,7.84
24077,400.38
24078,400
24079,On
24080,47.32
24081,43
24082,-1280
24083,36.75
24084,5.30
24085,-1.30
24086,46.67
24087,18.75
24088,C/L
24089,0
24090,1.03
24091,1.00
24092,99.70
24093,0
24094,0
24095,0
24096,1
24097,0
24098,2
24099,0
24100,6.50
24101,15.44
24102,79.68
24103,Off
24104,1.01
24105,0.18
24106,99.60
24107,3.51
24108,1.03
24109,15.69
24110,1.16
24111,15.69
24112,3.85
24113,15.29
24114,0
24115,111
24116,Off
24117,403.94
24118,1.04
24119,20.96
24120,OK
24121,0.94
24122,980
24123,15.00
24124,14.50
24125,1130
24126,Off
24127,0
24128,0.02
24129,0.94
24130,-0.01
24131,1.99
24132,On
24133,Off
24134,Off
24135,Off
24136,Off
24137,87.75
24138,7.84
24139,2.54
24140,1.61
24141,44.71
24142,401.54
24143,400
24144,On
24145,47.20
24146,43
24147,-1280
24148,41.25
24149,3.73
24150,-1.30
24151,7.84
24152,18.75
24153,C/L
24154,0
24155,1.03
24156,1.00
24157,91.30
24158,0
24159,0
24160,0
24161,1
24162,0
24163,2
24164,0
24165,8.50
24166,16.01
24167,79.68
24168,Off
24169,1.00
24170,0.21
24171,99.60
24172,3.51
24173,1.05
24174,15.69
24175,1.16
24176,15.69
24177,3.84
24178,15.69
24179,0
24180,112
24181,Off
24182,403.94
24183,0.98
24184,19.35
24185,OK
24186,0.94
24187,980
24188,15.00
24189,14.43
24190,1100
24191,Off
24192,0
24193,0
24194,-0.05
24195,-0.04
24196,1.17
24197,On
24198,Off
24199,Off
24200,Off
24201,Off
24202,88.50
24203,7.84
24204,2.51
24205,1.61
24206,43.53
24207,400.30
24208,400
24209,On
24210,47.36
24211,43
24212,-1280
24213,40.50
24214,3.78
24215,-1.30
24216,7.84
24217,18.75
24218,C/L
24219,0
24220,1.03
24221,1.00
24222,79.60
24223,0
24224,0
24225,0
24226,1
24227,0
24228,2
24229,0.50
24230,0
24231,12.09
24232,79.68
24233,Off
24234,0.97
24235,0.25
24236,62.88
24237,3.51
24238,1.02
24239,9.41
24240,0.90
24241,8.63
24242,4.11
24243,7.84
24244,0
24245,112
24246,Off
24247,403.94
24248,0.41
24249,9.10
24250,OK
24251,0.94
24252,980
24253,15.00
24254,14.71
24255,1010
24256,Off
24257,0
24258,-0.17
24259,0.05
24260,5
24261,-0.07
24262,On
24263,Off
24264,Off
24265,Off
24266,Off
24267,88.50
24268,7.84
24269,0
24270,1.61
24271,44.31
24272,398.06
24273,400
24274,On
24275,46.34
24276,43
24277,-1280
24278,43.50
24279,2.57
24280,-1.30
24281,7.84
24282,18.00
24283,C/L
24284,0
24285,1.03
24286,1.00
24287,53.20
24288,0
24289,0
24290,0
24291,1
24292,0
24293,2
24294,2.50
24295,0
24296,9.39
24297,79.68
24298,Off
24299,1.01
24300,0.67
24301,0
24302,3.51
24303,0.98
24304,9.41
24305,0.92
24306,9.41
24307,4.08
24308,9.41
24309,0
24310,108
24311,Off
24312,403.94
24313,0.83
24314,16.57
24315,OK
24316,0.94
24317,980
24318,15.00
24319,14.43
24320,1020
24321,Off
24322,0
24323,-0.47
24324,0.03
24325,1.61
24326,0.05
24327,On
24328,Off
24329,Off
24330,Off
24331,Off
24332,88.50
24333,7.84
24334,0
24335,1.61
24336,7.84
24337,403.28
24338,400
24339,On
24340,45.39
24341,43
24342,-1280
24343,12.75
24344,1.66
24345,-1.30
24346,7.84
24347,18.00
24348,C/L
24349,0
24350,1.03
24351,1.00
24352,72
24353,0
24354,0
24355,0
24356,1
24357,0
24358,2
24359,0
24360,0
24361,14.31
24362,79.68
24363,Off
24364,1.03
24365,0.76
24366,0
24367,3.51
24368,0.97
24369,14.12
24370,1.10
24371,14.12
24372,3.89
24373,14.12
24374,0
24375,107
24376,Off
24377,403.94
24378,0.97
24379,19.47
24380,OK
24381,0.94
24382,980
24383,15.00
24384,14.29
24385,1100
24386,Off
24387,0
24388,-0.06
24389,-0.26
24390,-0.03
24391,1.52
24392,On
24393,Off
24394,Off
24395,Off
24396,Off
24397,88.50
24398,7.84
24399,0
24400,1.61
24401,44.71
24402,399.51
24403,400
24404,On
24405,46.55
24406,43
24407,-1280
24408,42.75
24409,2.92
24410,-1.30
24411,7.84
24412,18.00
24413,C/L
24414,0
24415,1.03
24416,1.00
24417,47.90
24418,0
24419,0
24420,0
24421,1
24422,0
24423,2
24424,1.50
24425,0
24426,10.94
24427,79.68
24428,Off
24429,1.01
24430,0.71
24431,0
24432,3.51
24433,0.95
24434,10.59
24435,0.99
24436,11.37
24437,4.00
24438,11.76
24439,0
24440,107
24441,Off
24442,403.94
24443,0.87
24444,17.50
24445,OK
24446,0.94
24447,980
24448,15.00
24449,14.50
24450,1040
24451,Off
24452,0
24453,-0.60
24454,0.06
24455,1.14
24456,0.02
24457,On
24458,Off
24459,Off
24460,Off
24461,Off
24462,88.50
24463,7.84
24464,0
24465,1.61
24466,43.92
24467,401.54
24468,400
24469,On
24470,46.06
24471,43
24472,-1280
24473,43.50
24474,2.40
24475,-1.30
24476,7.84
24477,18.00
24478,C/L
24479,0
24480,1.03
24481,1.00
24482,56.90
24483,0
24484,0
24485,0
24486,1
24487,0
24488,2
24489,0.50
24490,0
24491,15.00
24492,79.68
24493,Off
24494,1.01
24495,0.74
24496,3.12
24497,3.51
24498,0.97
24499,14.12
24500,1.10
24501,14.12
24502,3.89
24503,14.12
24504,0
24505,107
24506,Off
24507,403.94
24508,0.88
24509,17.60
24510,OK
24511,0.94
24512,980
24513,15.00
24514,14.57
24515,1050
24516,Off
24517,0
24518,-0.52
24519,-0.05
24520,0.72
24521,-0.07
24522,On
24523,Off
24524,Off
24525,Off
24526,Off
24527,87.75
24528,7.84
24529,0.26
24530,1.61
24531,43.14
24532,399.94
24533,400
24534,On
24535,46.57
24536,43
24537,-1280
24538,41.25
24539,3.52
24540,-1.30
24541,7.84
24542,18.00
24543,C/L
24544,0
24545,1.03
24546,1.00
24547,80.50
24548,0
24549,0
24550,0
24551,1
24552,0
24553,2
24554,0.50
24555,0
24556,12.44
24557,79.68
24558,Off
24559,0.99
24560,0.21
24561,25.39
24562,3.51
24563,1.01
24564,13.33
24565,1.06
24566,12.94
24567,3.94
24568,12.94
24569,0
24570,108
24571,Off
24572,403.94
24573,0.90
24574,17.81
24575,OK
24576,0.94
24577,985
24578,15.00
24579,14.50
24580,1060
24581,Off
24582,0
24583,-0.25
24584,-0.02
24585,0.96
24586,-0.09
24587,On
24588,Off
24589,Off
24590,Off
24591,Off
24592,87.75
24593,7.84
24594,3.18
24595,1.61
24596,44.71
24597,402.62
24598,400
24599,On
24600,46.27
24601,43
24602,-1280
24603,42.75
24604,2.58
24605,-1.30
24606,7.84
24607,18.00
24608,C/L
24609,0
24610,1.03
24611,1.00
24612,55.30
24613,0
24614,0
24615,0
24616,1
24617,0
24618,2
24619,1
24620,0
24621,10.05
24622,79.68
24623,Off
24624,1.03
24625,0.52
24626,99.60
24627,3.51
24628,0.97
24629,9.80
24630,0.94
24631,9.80
24632,4.07
24633,9.41
24634,0
24635,108
24636,Off
24637,403.94
24638,0.81
24639,16.26
24640,OK
24641,0.93
24642,985
24643,15.00
24644,14.43
24645,1020
24646,Off
24647,0
24648,-0.06
24649,0.03
24650,1.08
24651,0
24652,On
24653,Off
24654,Off
24655,Off
24656,Off
24657,87.75
24658,7.84
24659,3.23
24660,1.61
24661,43.92
24662,398.20
24663,400
24664,On
24665,46.83
24666,43
24667,-1280
24668,42.00
24669,3.09
24670,-1.30
24671,7.84
24672,18.00
24673,C/L
24674,0
24675,1.03
24676,1.00
24677,58.30
24678,0
24679,0
24680,0
24681,1
24682,0
24683,2
24684,1
24685,0
24686,10.14
24687,79.68
24688,Off
24689,1.02
24690,0.71
24691,99.60
24692,3.51
24693,0.98
24694,16.08
24695,1.18
24696,15.69
24697,3.86
24698,14.90
24699,17.16
24700,108
24701,Off
24702,403.94
24703,0.88
24704,17.62
24705,OK
24706,0.93
24707,985
24708,15.00
24709,14.43
24710,1060
24711,Off
24712,0
24713,-0.32
24714,-0.05
24715,1.08
24716,-0.06
24717,On
24718,Off
24719,Off
24720,Off
24721,Off
24722,87.75
24723,7.84
24724,2.91
24725,1.61
24726,47.45
24727,402.41
24728,400
24729,On
24730,45.67
24731,43
24732,-1280
24733,43.50
24734,2.24
24735,-1.30
24736,7.84
24737,18.00
24738,C/L
24739,0
24740,1.03
24741,1.00
24742,94.00
24743,0
24744,0
24745,0
24746,1
24747,0
24748,2
24749,0
24750,2.50
24751,16.63
24752,79.68
24753,Off
24754,1.02
24755,0.11
24756,99.60
24757,3.51
24758,1.03
24759,12.55
24760,1.06
24761,13.33
24762,3.93
24763,12.94
24764,0
24765,108
24766,Off
24767,417.42
24768,0.94
24769,18.98
24770,OK
24771,0.93
24772,985
24773,15.75
24774,14.43
24775,1150
24776,Off
24777,0
24778,-0.27
24779,0.21
24780,-0.23
24781,15.13
24782,On
24783,Off
24784,Off
24785,Off
24786,Off
24787,87.75
24788,7.84
24789,0.24
24790,1.61
24791,7.84
24792,396.32
24793,400
24794,On
24795,49.15
24796,43
24797,-1280
24798,33.75
24799,6.60
24800,-1.30
24801,43.53
24802,18.75
24803,C/L
24804,0
24805,1.03
24806,1.00
24807,96.10
24808,0
24809,0
24810,0
24811,1
24812,0
24813,2
24814,0
24815,0
24816,12.62
24817,79.68
24818,Off
24819,1.01
24820,0.69
24821,99.60
24822,3.51
24823,0.97
24824,11.37
24825,0.97
24826,10.20
24827,4.04
24828,10.20
24829,0
24830,115
24831,Off
24832,417.42
24833,0.85
24834,17.15
24835,OK
24836,0.94
24837,985
24838,15.75
24839,14.43
24840,1040
24841,Off
24842,0
24843,0
24844,-0.06
24845,0.58
24846,-0.09
24847,On
24848,Off
24849,Off
24850,Off
24851,Off
24852,87.75
24853,7.84
24854,3.25
24855,1.61
24856,45.10
24857,402.99
24858,400
24859,On
24860,46.69
24861,43
24862,-1280
24863,43.50
24864,1.98
24865,-1.30
24866,7.84
24867,18.75
24868,C/L
24869,0
24870,1.03
24871,1.00
24872,35.40
24873,0
24874,0
24875,0
24876,1
24877,0
24878,2
24879,5
24880,0
24881,6.59
24882,79.68
24883,Off
24884,0.98
24885,0.19
24886,85.93
24887,3.51
24888,1.03
24889,11.76
24890,1.07
24891,14.90
24892,3.84
24893,14.90
24894,12.09
24895,112
24896,Off
24897,417.42
24898,0.84
24899,16.69
24900,OK
24901,0.93
24902,985
24903,15.75
24904,14.36
24905,1040
24906,Off
24907,0
24908,-0.21
24909,-0.05
24910,0.89
24911,0.02
24912,On
24913,Off
24914,Off
24915,Off
24916,Off
24917,88.50
24918,7.84
24919,2.88
24920,1.61
24921,43.53
24922,397.48
24923,400
24924,On
24925,46.87
24926,43
24927,-1280
24928,39.75
24929,5.19
24930,-1.30
24931,45.49
24932,18.75
24933,C/L
24934,0
24935,1.03
24936,1.00
24937,92.50
24938,0
24939,0
24940,0
24941,1
24942,0
24943,2
24944,0
24945,0
24946,14.20
24947,79.68
24948,Off
24949,1.02
24950,0.70
24951,99.60
24952,3.51
24953,1.02
24954,10.59
24955,0.95
24956,9.80
24957,4.05
24958,10.20
24959,0
24960,115
24961,Off
24962,417.42
24963,0.93
24964,18.72
24965,OK
24966,0.94
24967,985
24968,15.75
24969,14.71
24970,1070
24971,Off
24972,0
24973,-0.09
24974,-0.11
24975,0.03
24976,-0.01
24977,On
24978,Off
24979,Off
24980,Off
24981,Off
24982,87.75
24983,7.84
24984,2.80
24985,1.61
24986,45.49
24987,404.58
24988,400
24989,On
24990,46.29
24991,42
24992,-1280
24993,43.50
24994,1.20
24995,-1.30
24996,7.84
24997,18.75
24998,C/L
24999,0
25000,1.03
25001,1.00
25002,40.30
25003,0
25004,0
25005,0
25006,1
25007,0
25008,2
25009,1
25010,0
25011,13.52
25012,79.68
25013,Off
25014,0.98
25015,0.70
25016,99.60
25017,3.51
25018,0.97
25019,9.41
25020,0.92
25021,9.41
25022,4.08
25023,10.98
25024,0
25025,113
25026,Off
25027,417.42
25028,0.90
25029,18.09
25030,OK
25031,0.93
25032,985
25033,15.75
25034,14.36
25035,1060
25036,Off
25037,0
25038,0.16
25039,-0.21
25040,0.06
25041,-0.07
25042,On
25043,Off
25044,Off
25045,Off
25046,Off
25047,87.75
25048,7.84
25049,2.14
25050,1.61
25051,7.84
25052,395.08
25053,400
25054,On
25055,48.11
25056,42
25057,-1280
25058,36.00
25059,6.08
25060,-1.30
25061,44.71
25062,18.75
25063,C/L
25064,0
25065,1.03
25066,1.00
25067,114.30
25068,0
25069,0
25070,0
25071,1
25072,0
25073,2
25074,0
25075,2.50
25076,15.01
25077,79.68
25078,Off
25079,1.01
25080,0.68
25081,99.60
25082,3.51
25083,1.01
25084,10.59
25085,0.96
25086,8.63
25087,4.16
25088,7.06
25089,0
25090,117
25091,Off
25092,417.42
25093,0.72
25094,14.38
25095,OK
25096,0.94
25097,985
25098,15.75
25099,14.29
25100,1020
25101,Off
25102,0
25103,-0.16
25104,-0.08
25105,1.80
25106,-0.11
25107,On
25108,Off
25109,Off
25110,Off
25111,Off
25112,87.75
25113,7.84
25114,3.25
25115,1.61
25116,44.71
25117,406.03
25118,400
25119,On
25120,46.31
25121,42
25122,-1280
25123,44.25
25124,2.29
25125,-1.30
25126,7.84
25127,18.75
25128,C/L
25129,0
25130,1.03
25131,1.00
25132,51.40
25133,0
25134,0
25135,0
25136,1
25137,0
25138,2
25139,2.50
25140,0
25141,9.43
25142,79.68
25143,Off
25144,0.99
25145,0.58
25146,32.81
25147,3.51
25148,1.01
25149,9.80
25150,0.96
25151,10.20
25152,4.05
25153,10.20
25154,0
25155,115
25156,Off
25157,417.42
25158,0.87
25159,17.74
25160,OK
25161,0.93
25162,985
25163,15.75
25164,14.43
25165,1040
25166,Off
25167,0
25168,0.04
25169,-0.19
25170,0.75
25171,-0.20
25172,On
25173,Off
25174,Off
25175,Off
25176,Off
25177,87.75
25178,7.84
25179,0
25180,1.61
25181,44.71
25182,400.96
25183,400
25184,On
25185,45.91
25186,42
25187,-1280
25188,44.25
25189,2.11
25190,-1.30
25191,7.84
25192,18.75
25193,C/L
25194,0
25195,1.03
25196,1.00
25197,79.10
25198,0
25199,0
25200,0
25201,1
25202,0
25203,2
25204,0.50
25205,0
25206,10.42
25207,79.68
25208,Off
25209,1.00
25210,0.64
25211,0
25212,3.51
25213,1.01
25214,9.80
25215,0.95
25216,9.80
25217,4.06
25218,9.80
25219,0
25220,115
25221,Off
25222,417.42
25223,0.72
25224,14.41
25225,OK
25226,0.93
25227,985
25228,15.75
25229,14.43
25230,1010
25231,Off
25232,0
25233,0.31
25234,0.02
25235,3.88
25236,-0.01
25237,On
25238,Off
25239,Off
25240,Off
25241,Off
25242,87.75
25243,7.84
25244,0
25245,1.61
25246,44.31
25247,398.20
25248,400
25249,On
25250,46.22
25251,42
25252,-1280
25253,43.50
25254,2.52
25255,-1.30
25256,7.84
25257,18.75
25258,C/L
25259,0
25260,1.03
25261,1.00
25262,59.40
25263,0
25264,0
25265,0
25266,1
25267,0
25268,2
25269,2
25270,0
25271,9.47
25272,79.68
25273,Off
25274,0.99
25275,0.61
25276,0
25277,3.51
25278,0.98
25279,12.16
25280,1.05
25281,14.12
25282,3.89
25283,14.12
25284,0
25285,113
25286,Off
25287,417.42
25288,0.92
25289,18.35
25290,OK
25291,0.93
25292,985
25293,15.75
25294,14.50
25295,1090
25296,Off
25297,0
25298,-0.11
25299,-0.52
25300,-0.20
25301,7.17
25302,On
25303,Off
25304,Off
25305,Off
25306,Off
25307,87.75
25308,7.84
25309,0
25310,1.61
25311,44.31
25312,400.96
25313,400
25314,On
25315,46.78
25316,42
25317,-1280
25318,42.00
25319,3.63
25320,-1.30
25321,7.84
25322,18.75
25323,C/L
25324,0
25325,1.03
25326,1.00
25327,51.70
25328,0
25329,0
25330,0
25331,1
25332,0
25333,2
25334,4.50
25335,0
25336,6.89
25337,79.68
25338,Off
25339,1.01
25340,0.76
25341,0
25342,3.51
25343,0.98
25344,6.67
25345,0.83
25346,6.67
25347,4.17
25348,6.67
25349,0
25350,115
25351,Off
25352,417.42
25353,0.66
25354,13.17
25355,OK
25356,0.93
25357,985
25358,15.75
25359,14.64
25360,1000
25361,Off
25362,0
25363,0.13
25364,0
25365,4.61
25366,-0.07
25367,On
25368,Off
25369,Off
25370,Off
25371,Off
25372,87.75
25373,7.84
25374,0
25375,1.61
25376,45.10
25377,399.80
25378,400
25379,On
25380,46.02
25381,42
25382,-1280
25383,43.50
25384,2.13
25385,-1.30
25386,7.84
25387,18.00
25388,C/L
25389,0
25390,1.03
25391,1.00
25392,42.80
25393,0
25394,0
25395,0
25396,1
25397,0
25398,2
25399,5
25400,0
25401,5.48
25402,79.68
25403,Off
25404,1.06
25405,0.52
25406,0
25407,3.51
25408,1.04
25409,7.45
25410,0.79
25411,5.49
25412,4.23
25413,5.10
25414,0
25415,111
25416,Off
25417,417.42
25418,0.45
25419,13.29
25420,OK
25421,0.92
25422,985
25423,15.75
25424,14.43
25425,990
25426,Off
25427,0
25428,-0.31
25429,-0.17
25430,4.42
25431,-0.04
25432,On
25433,Off
25434,Off
25435,Off
25436,Off
25437,87.75
25438,7.84
25439,0
25440,1.61
25441,37.65
25442,393.93
25443,400
25444,On
25445,46.42
25446,42
25447,-1280
25448,41.25
25449,3.47
25450,-1.30
25451,7.84
25452,18.00
25453,C/L
25454,0
25455,1.03
25456,1.00
25457,48.70
25458,0
25459,0
25460,0
25461,1
25462,0
25463,2
25464,2.50
25465,0
25466,9.39
25467,79.68
25468,Off
25469,1.01
25470,0.74
25471,4.69
25472,3.51
25473,0.96
25474,7.06
25475,0.83
25476,6.27
25477,4.20
25478,5.49
25479,0
25480,108
25481,Off
25482,417.42
25483,0.64
25484,12.97
25485,OK
25486,0.92
25487,985
25488,15.75
25489,14.43
25490,980
25491,Off
25492,0
25493,0.90
25494,-0.14
25495,0.42
25496,1.64
25497,On
25498,Off
25499,Off
25500,Off
25501,Off
25502,87.75
25503,7.84
25504,0.25
25505,1.61
25506,7.84
25507,395.52
25508,400
25509,On
25510,47.40
25511,42
25512,-1280
25513,36.75
25514,5.16
25515,-1.30
25516,7.84
25517,18.00
25518,C/L
25519,0
25520,1.03
25521,1.00
25522,69.40
25523,0
25524,0
25525,0
25526,1
25527,0
25528,2
25529,4
25530,0
25531,7.10
25532,79.68
25533,Off
25534,0.99
25535,0.20
25536,28.90
25537,3.51
25538,1.00
25539,11.37
25540,1.00
25541,11.37
25542,4.00
25543,15.29
25544,12.09
25545,110
25546,Off
25547,417.42
25548,0.99
25549,19.65
25550,OK
25551,0.92
25552,985
25553,15.75
25554,14.50
25555,1070
25556,Off
25557,0
25558,-0.21
25559,-0.08
25560,0.14
25561,-0.15
25562,On
25563,Off
25564,Off
25565,Off
25566,Off
25567,87.75
25568,7.84
25569,2.79
25570,1.61
25571,43.92
25572,397.04
25573,400
25574,On
25575,47.36
25576,42
25577,-1280
25578,41.25
25579,3.13
25580,-1.30
25581,7.84
25582,18.75
25583,C/L
25584,0
25585,1.03
25586,1.00
25587,46
25588,0
25589,0
25590,0
25591,1
25592,0
25593,2
25594,0.50
25595,0
25596,12.06
25597,79.68
25598,Off
25599,1.04
25600,0.72
25601,99.60
25602,3.51
25603,0.97
25604,9.80
25605,0.93
25606,9.02
25607,4.10
25608,8.63
25609,0
25610,111
25611,Off
25612,417.42
25613,0.69
25614,13.07
25615,OK
25616,0.92
25617,985
25618,15.75
25619,14.50
25620,1010
25621,Off
25622,0
25623,0.22
25624,0.02
25625,0.25
25626,0.02
25627,On
25628,Off
25629,Off
25630,Off
25631,Off
25632,87.75
25633,7.84
25634,0
25635,1.61
25636,7.84
25637,414.58
25638,400
25639,On
25640,10.00
25641,42
25642,-1280
25643,0
25644,0.78
25645,-1.30
25646,7.84
25647,18.00
25648,O/L
25649,0
25650,1.03
25651,1.00
25652,19.10
25653,0
25654,0
25655,0
25656,1
25657,0
25658,2
25659,0
25660,0
25661,3.58
25662,79.68
25663,Off
25664,15.06
25665,0.00
25666,0
25667,3.51
25668,1.00
25669,3.53
25670,0.70
25671,3.14
25672,4.30
25673,3.14
25674,0
25675,103
25676,Off
25677,417.42
25678,0.41
25679,8.01
25680,OK
25681,0.92
25682,985
25683,15.75
25684,14.50
25685,1000
25686,Off
25687,0
25688,0.39
25689,0.02
25690,0.35
25691,0.09
25692,On
25693,Off
25694,Off
25695,Off
25696,Off
25697,87.75
25698,7.84
25699,0
25700,1.61
25701,7.84
25702,429.08
25703,400
25704,On
25705,10.00
25706,43
25707,-1280
25708,-1.50
25709,0.78
25710,-1.30
25711,7.84
25712,18.00
25713,O/L
25714,0
25715,1.03
25716,1.00
25717,33.10
25718,0
25719,0
25720,0
25721,1
25722,0
25723,2
25724,1.50
25725,0
25726,12.04
25727,79.68
25728,Off
25729,0.89
25730,0.84
25731,0
25732,3.51
25733,0.98
25734,72.55
25735,3.64
25736,87.84
25737,1.05
25738,92.94
25739,68.25
25740,100
25741,Off
25742,417.42
25743,2.51
25744,51.15
25745,OK
25746,0.92
25747,985
25748,15.75
25749,14.36
25750,1580
25751,Off
25752,0
25753,0.07
25754,-0.28
25755,16.49
25756,29.11
25757,On
25758,Off
25759,Off
25760,Off
25761,Off
25762,87.75
25763,7.84
25764,0.18
25765,1.61
25766,41.96
25767,399.94
25768,400
25769,On
25770,55.38
25771,43
25772,-1280
25773,38.25
25774,3.36
25775,-1.30
25776,7.84
25777,23.25
25778,C/L
25779,0
25780,1.03
25781,1.00
25782,66.10
25783,0
25784,0
25785,0
25786,1
25787,0
25788,2
25789,2.50
25790,0
25791,8.94
25792,79.68
25793,Off
25794,1.03
25795,0.74
25796,58.20
25797,3.51
25798,1.00
25799,8.24
25800,0.81
25801,5.88
25802,4.23
25803,5.10
25804,0
25805,117
25806,Off
25807,417.42
25808,0.70
25809,13.82
25810,OK
25811,0.92
25812,985
25813,15.75
25814,14.43
25815,1000
25816,Off
25817,0
25818,1.32
25819,-0.05
25820,3.13
25821,-0.07
25822,On
25823,Off
25824,Off
25825,Off
25826,Off
25827,87.75
25828,7.84
25829,0
25830,1.61
25831,7.84
25832,398.85
25833,400
25834,On
25835,46.11
25836,43
25837,-1280
25838,13.50
25839,1.64
25840,-1.30
25841,7.84
25842,21.00
25843,C/L
25844,0
25845,1.03
25846,1.00
25847,82.60
25848,0
25849,0
25850,0
25851,1
25852,0
25853,2
25854,0.50
25855,0
25856,13.81
25857,79.68
25858,Off
25859,1.02
25860,0.73
25861,0
25862,3.51
25863,1.00
25864,13.73
25865,1.22
25866,18.82
25867,3.74
25868,17.65
25869,14.82
25870,116
25871,Off
25872,417.42
25873,1.03
25874,20.17
25875,OK
25876,0.92
25877,985
25878,15.75
25879,14.36
25880,1140
25881,Off
25882,0
25883,-0.66
25884,-0.02
25885,1.52
25886,-0.09
25887,On
25888,Off
25889,Off
25890,Off
25891,Off
25892,88.50
25893,7.84
25894,2.06
25895,1.61
25896,46.27
25897,399.72
25898,400
25899,On
25900,45.86
25901,43
25902,-1280
25903,43.50
25904,1.71
25905,-1.30
25906,7.84
25907,19.50
25908,C/L
25909,0
25910,1.03
25911,1.00
25912,61.20
25913,0
25914,0
25915,0
25916,1
25917,0
25918,2
25919,1
25920,0
25921,7.16
25922,79.68
25923,Off
25924,1.05
25925,0.74
25926,0
25927,3.51
25928,1.07
25929,5.10
25930,0.71
25931,3.53
25932,4.30
25933,3.53
25934,0
25935,112
25936,Off
25937,417.42
25938,0.74
25939,16.41
25940,OK
25941,0.92
25942,985
25943,15.75
25944,14.43
25945,1020
25946,Off
25947,0
25948,-0.20
25949,-0.08
25950,0.11
25951,-0.07
25952,On
25953,Off
25954,Off
25955,Off
25956,Off
25957,89.25
25958,7.84
25959,0
25960,1.61
25961,7.84
25962,397.19
25963,400
25964,On
25965,49.77
25966,43
25967,-1280
25968,30.75
25969,8.42
25970,-1.30
25971,7.84
25972,19.50
25973,C/L
25974,0
25975,1.03
25976,1.00
25977,67.60
25978,0
25979,0
25980,0
25981,1
25982,0
25983,2
25984,0
25985,0
25986,3.86
25987,79.68
25988,Off
25989,2.32
25990,0.81
25991,0
25992,3.51
25993,1.00
25994,3.53
25995,0.71
25996,5.10
25997,4.23
25998,5.10
25999,0
26000,111
26001,Off
26002,417.42
26003,0.65
26004,13.02
26005,OK
26006,0.92
26007,985
26008,15.75
26009,14.57
26010,1000
26011,Off
26012,0
26013,-0.09
26014,-0.02
26015,5.72
26016,-0.07
26017,On
26018,Off
26019,Off
26020,Off
26021,Off
26022,89.25
26023,7.84
26024,0
26025,1.61
26026,43.14
26027,397.77
26028,400
26029,On
26030,47.26
26031,43
26032,-1280
26033,39.75
26034,4.03
26035,-1.30
26036,7.84
26037,18.75
26038,C/L
26039,0
26040,1.03
26041,1.00
26042,108.20
26043,0
26044,0
26045,0
26046,1
26047,0
26048,2
26049,0
26050,4.50
26051,15.05
26052,79.68
26053,Off
26054,0.98
26055,0.15
26056,60.54
26057,3.51
26058,1.05
26059,20.78
26060,1.29
26061,19.22
26062,3.74
26063,18.04
26064,10.14
26065,110
26066,Off
26067,417.42
26068,1.04
26069,20.79
26070,OK
26071,0.93
26072,985
26073,15.75
26074,14.50
26075,1150
26076,Off
26077,0
26078,-0.08
26079,1.69
26080,-0.03
26081,0.08
26082,On
26083,Off
26084,Off
26085,Off
26086,Off
26087,89.25
26088,7.84
26089,2.63
26090,1.61
26091,7.84
26092,400.30
26093,400
26094,On
26095,47.87
26096,43
26097,-1280
26098,37.50
26099,6.09
26100,-1.30
26101,46.27
26102,19.50
26103,C/L
26104,0
26105,1.03
26106,1.00
26107,79.50
26108,0
26109,0
26110,0
26111,1
26112,0
26113,2
26114,0.50
26115,0
26116,9.61
26117,79.68
26118,Off
26119,0.96
26120,0.19
26121,58.98
26122,3.51
26123,1.01
26124,7.45
26125,0.85
26126,7.45
26127,4.15
26128,5.49
26129,0
26130,111
26131,Off
26132,417.42
26133,0.66
26134,13.24
26135,OK
26136,0.93
26137,985
26138,15.75
26139,14.43
26140,1000
26141,Off
26142,0
26143,2.33
26144,-0.10
26145,0.69
26146,-0.15
26147,On
26148,Off
26149,Off
26150,Off
26151,Off
26152,88.50
26153,7.84
26154,3.21
26155,1.61
26156,47.06
26157,404.36
26158,400
26159,On
26160,45.91
26161,43
26162,-1280
26163,42.75
26164,1.23
26165,-1.30
26166,7.84
26167,18.75
26168,C/L
26169,0
26170,1.03
26171,1.00
26172,27.50
26173,0
26174,0
26175,0
26176,1
26177,0
26178,2
26179,1
26180,0
26181,12.70
26182,79.68
26183,Off
26184,0.92
26185,0.77
26186,86.32
26187,3.51
26188,0.99
26189,14.12
26190,1.09
26191,13.73
26192,3.89
26193,15.29
26194,14.43
26195,108
26196,Off
26197,417.42
26198,1.01
26199,20.32
26200,OK
26201,0.93
26202,985
26203,15.75
26204,14.36
26205,1130
26206,Off
26207,0
26208,-0.10
26209,0.02
26210,-0.12
26211,5.52
26212,On
26213,Off
26214,Off
26215,Off
26216,Off
26217,88.50
26218,7.84
26219,2.10
26220,1.61
26221,7.84
26222,393.13
26223,400
26224,On
26225,47.92
26226,43
26227,-1280
26228,39.00
26229,4.68
26230,-1.30
26231,7.84
26232,19.50
26233,C/L
26234,0
26235,1.03
26236,1.00
26237,93.00
26238,0
26239,0
26240,0
26241,1
26242,0
26243,2
26244,0
26245,0
26246,14.73
26247,79.68
26248,Off
26249,1.00
26250,0.17
26251,99.60
26252,3.51
26253,1.00
26254,15.29
26255,1.14
26256,15.29
26257,3.86
26258,14.90
26259,0
26260,111
26261,Off
26262,417.42
26263,1.05
26264,21.13
26265,OK
26266,0.93
26267,985
26268,16.50
26269,14.43
26270,1170
26271,Off
26272,0
26273,-0.06
26274,-0.10
26275,-0.12
26276,8.14
26277,On
26278,Off
26279,Off
26280,Off
26281,Off
26282,88.50
26283,7.84
26284,1.38
26285,1.61
26286,7.84
26287,394.15
26288,400
26289,On
26290,48.26
26291,43
26292,-1280
26293,37.50
26294,4.62
26295,-1.30
26296,7.84
26297,19.50
26298,C/L
26299,0
26300,1.03
26301,1.00
26302,100.50
26303,0
26304,0
26305,0
26306,1
26307,0
26308,2
26309,0
26310,0
26311,13.56
26312,79.68
26313,Off
26314,1.00
26315,0.74
26316,99.60
26317,3.51
26318,0.94
26319,13.73
26320,1.08
26321,13.73
26322,3.92
26323,13.33
26324,0
26325,115
26326,Off
26327,417.42
26328,0.93
26329,18.96
26330,OK
26331,0.94
26332,985
26333,15.75
26334,14.36
26335,1090
26336,Off
26337,0
26338,-0.17
26339,-0.59
26340,-0.15
26341,3.03
26342,On
26343,Off
26344,Off
26345,Off
26346,Off
26347,88.50
26348,7.84
26349,0.21
26350,1.61
26351,45.10
26352,399.72
26353,400
26354,On
26355,51.41
26356,43
26357,-1280
26358,25.50
26359,8.55
26360,-1.30
26361,37.65
26362,20.25
26363,C/L
26364,0
26365,1.03
26366,1.00
26367,81.50
26368,0
26369,0
26370,0
26371,1
26372,0
26373,2
26374,0.50
26375,0
26376,13.04
26377,79.68
26378,Off
26379,0.99
26380,0.76
26381,7.03
26382,3.51
26383,0.94
26384,18.43
26385,1.26
26386,18.04
26387,3.74
26388,18.04
26389,17.55
26390,121
26391,Off
26392,417.42
26393,1.12
26394,22.66
26395,OK
26396,0.94
26397,985
26398,16.50
26399,14.50
26400,1230
26401,Off
26402,0
26403,-0.28
26404,2.64
26405,-0.20
26406,6.52
26407,On
26408,Off
26409,Off
26410,Off
26411,Off
26412,88.50
26413,7.84
26414,0
26415,1.61
26416,44.31
26417,400.16
26418,400
26419,On
26420,47.72
26421,43
26422,-1280
26423,36.00
26424,5.69
26425,-1.30
26426,47.45
26427,20.25
26428,C/L
26429,0
26430,1.03
26431,1.00
26432,144.30
26433,0
26434,0
26435,0
26436,1
26437,0
26438,2
26439,0
26440,3
26441,14.26
26442,79.68
26443,Off
26444,0.96
26445,0.21
26446,0
26447,3.51
26448,1.00
26449,12.16
26450,1.04
26451,13.33
26452,3.90
26453,13.73
26454,0
26455,125
26456,Off
26457,417.42
26458,0.82
26459,15.92
26460,OK
26461,0.94
26462,985
26463,15.75
26464,14.43
26465,1050
26466,Off
26467,0
26468,-0.86
26469,-0.19
26470,0.99
26471,-0.25
26472,On
26473,Off
26474,Off
26475,Off
26476,Off
26477,88.50
26478,7.84
26479,0
26480,1.61
26481,7.84
26482,395.30
26483,400
26484,On
26485,47.40
26486,43
26487,-1280
26488,38.25
26489,5.39
26490,-1.30
26491,45.49
26492,19.50
26493,C/L
26494,0
26495,1.03
26496,1.00
26497,117.80
26498,0
26499,0
26500,0
26501,1
26502,0
26503,2
26504,0.50
26505,0
26506,9.41
26507,79.68
26508,Off
26509,0.99
26510,0.22
26511,0
26512,3.51
26513,1.00
26514,7.84
26515,0.79
26516,5.49
26517,4.22
26518,5.10
26519,0
26520,123
26521,Off
26522,417.42
26523,0.92
26524,19.10
26525,OK
26526,0.94
26527,985
26528,16.50
26529,14.36
26530,1090
26531,Off
26532,0
26533,-0.39
26534,0.06
26535,-0.37
26536,12.71
26537,On
26538,Off
26539,Off
26540,Off
26541,Off
26542,89.25
26543,7.84
26544,0
26545,1.61
26546,7.84
26547,398.35
26548,400
26549,On
26550,47.73
26551,43
26552,-1280
26553,38.25
26554,5.45
26555,-1.30
26556,47.06
26557,19.50
26558,C/L
26559,0
26560,1.03
26561,1.00
26562,118
26563,0
26564,0
26565,0
26566,1
26567,0
26568,2
26569,0
26570,0
26571,14.75
26572,79.68
26573,Off
26574,1.01
26575,0.29
26576,0
26577,3.51
26578,1.02
26579,17.25
26580,1.23
26581,14.90
26582,3.89
26583,14.51
26584,0
26585,126
26586,Off
26587,417.42
26588,1.09
26589,24.29
26590,OK
26591,0.94
26592,985
26593,15.75
26594,14.22
26595,1290
26596,Off
26597,0
26598,0.16
26599,2.87
26600,-0.36
26601,8.35
26602,On
26603,Off
26604,Off
26605,Off
26606,Off
26607,89.25
26608,7.84
26609,0
26610,1.61
26611,7.84
26612,399.14
26613,400
26614,On
26615,48.69
26616,43
26617,-1280
26618,37.50
26619,4.77
26620,-1.30
26621,41.18
26622,20.25
26623,C/L
26624,0
26625,1.04
26626,1.00
26627,89.20
26628,0
26629,0
26630,0
26631,1
26632,0
26633,2
26634,0
26635,0
26636,10.93
26637,79.68
26638,Off
26639,0.99
26640,0.33
26641,0
26642,3.51
26643,0.97
26644,10.98
26645,0.94
26646,8.24
26647,4.13
26648,7.84
26649,0
26650,130
26651,Off
26652,417.42
26653,0.68
26654,13.43
26655,OK
26656,0.94
26657,985
26658,15.75
26659,14.36
26660,1010
26661,Off
26662,0
26663,0.20
26664,-0.06
26665,3.44
26666,-0.09
26667,On
26668,Off
26669,Off
26670,Off
26671,Off
26672,89.25
26673,7.84
26674,0
26675,1.61
26676,7.84
26677,412.63
26678,400
26679,On
26680,45.83
26681,43
26682,-1280
26683,43.50
26684,2.08
26685,-1.30
26686,7.84
26687,18.75
26688,O/L
26689,0
26690,1.04
26691,1.00
26692,54.10
26693,0
26694,0
26695,0
26696,1
26697,0
26698,2
26699,3.50
26700,0
26701,6.29
26702,79.68
26703,Off
26704,0.99
26705,0.76
26706,0
26707,3.51
26708,1.04
26709,6.27
26710,0.80
26711,5.88
26712,4.21
26713,5.49
26714,0
26715,123
26716,Off
26717,417.42
26718,0.65
26719,12.95
26720,OK
26721,0.94
26722,985
26723,15.75
26724,14.50
26725,990
26726,Off
26727,0
26728,2.11
26729,-0.25
26730,0.71
26731,-0.20
26732,On
26733,Off
26734,Off
26735,Off
26736,Off
26737,88.50
26738,7.84
26739,0.11
26740,1.61
26741,43.92
26742,395.08
26743,400
26744,On
26745,47.16
26746,43
26747,-1280
26748,41.25
26749,3.04
26750,-1.30
26751,7.84
26752,18.75
26753,C/L
26754,0
26755,1.04
26756,1.00
26757,44
26758,0
26759,0
26760,0
26761,1
26762,0
26763,2
26764,4
26765,0
26766,5.77
26767,79.68
26768,Off
26769,1.02
26770,0.17
26771,13.28
26772,3.51
26773,1.08
26774,7.45
26775,0.87
26776,9.02
26777,3.98
26778,11.76
26779,0
26780,122
26781,Off
26782,417.42
26783,0.88
26784,17.82
26785,OK
26786,0.94
26787,985
26788,16.50
26789,14.50
26790,1060
26791,Off
26792,0
26793,-0.21
26794,-0.06
26795,1.25
26796,-0.18
26797,On
26798,Off
26799,Off
26800,Off
26801,Off
26802,88.50
26803,7.84
26804,0.99
26805,1.61
26806,7.84
26807,395.66
26808,400
26809,On
26810,47.61
26811,43
26812,-1280
26813,38.25
26814,5.27
26815,-1.30
26816,7.84
26817,18.75
26818,C/L
26819,0
26820,1.04
26821,1.00
26822,70.30
26823,0
26824,0
26825,0
26826,1
26827,0
26828,2
26829,0.50
26830,0
26831,10.24
26832,79.68
26833,Off
26834,0.97
26835,0.70
26836,83.59
26837,3.51
26838,0.98
26839,9.02
26840,0.93
26841,10.20
26842,4.05
26843,10.20
26844,0
26845,122
26846,Off
26847,417.42
26848,0.75
26849,14.87
26850,OK
26851,0.94
26852,985
26853,16.50
26854,14.43
26855,1020
26856,Off
26857,0
26858,0.43
26859,-0.24
26860,0.24
26861,-0.15
26862,On
26863,Off
26864,Off
26865,Off
26866,Off
26867,87.75
26868,7.84
26869,2.35
26870,1.61
26871,7.84
26872,397.40
26873,400
26874,On
26875,48.18
26876,43
26877,-1280
26878,39.00
26879,5.28
26880,-1.30
26881,47.45
26882,19.50
26883,C/L
26884,0
26885,1.04
26886,1.00
26887,111.20
26888,0
26889,0
26890,0
26891,1
26892,0
26893,2
26894,0
26895,2
26896,15.45
26897,79.68
26898,Off
26899,0.99
26900,0.74
26901,99.60
26902,3.51
26903,1.01
26904,8.63
26905,0.90
26906,7.84
26907,4.22
26908,4.71
26909,0
26910,123
26911,Off
26912,417.42
26913,0.61
26914,12.31
26915,OK
26916,0.94
26917,985
26918,16.50
26919,14.43
26920,1010
26921,Off
26922,0
26923,0.04
26924,-0.19
26925,4.09
26926,0
26927,On
26928,Off
26929,Off
26930,Off
26931,Off
26932,87.75
26933,7.84
26934,2.91
26935,1.61
26936,43.14
26937,401.46
26938,400
26939,On
26940,45.46
26941,43
26942,-1280
26943,44.25
26944,1.83
26945,-1.30
26946,7.84
26947,18.75
26948,C/L
26949,0
26950,1.04
26951,1.00
26952,62.90
26953,0
26954,0
26955,0
26956,1
26957,0
26958,2
26959,1
26960,0
26961,13.27
26962,79.68
26963,Off
26964,0.98
26965,0.79
26966,99.60
26967,3.51
26968,0.96
26969,13.33
26970,1.09
26971,13.73
26972,3.91
26973,13.33
26974,0
26975,121
26976,Off
26977,417.42
26978,0.93
26979,18.62
26980,OK
26981,0.94
26982,985
26983,16.50
26984,14.43
26985,1080
26986,Off
26987,0
26988,0.14
26989,-0.14
26990,0.16
26991,0
26992,On
26993,Off
26994,Off
26995,Off
26996,Off
26997,87.75
26998,7.84
26999,2.58
27000,1.61
27001,7.84
27002,397.77
27003,400
27004,On
27005,47.31
27006,43
27007,-1280
27008,39.75
27009,4.83
27010,-1.30
27011,46.27
27012,19.50
27013,C/L
27014,0
27015,1.04
27016,1.00
27017,104.50
27018,0
27019,0
27020,0
27021,1
27022,0
27023,2
27024,0
27025,6.50
27026,18.11
27027,79.68
27028,Off
27029,1.00
27030,0.15
27031,99.60
27032,3.51
27033,1.08
27034,25.88
27035,1.53
27036,24.71
27037,3.53
27038,23.53
27039,0
27040,126
27041,Off
27042,417.42
27043,1.03
27044,19.81
27045,OK
27046,0.94
27047,985
27048,16.50
27049,14.50
27050,1120
27051,Off
27052,0
27053,0.50
27054,-0.62
27055,0.22
27056,1.25
27057,On
27058,Off
27059,Off
27060,Off
27061,Off
27062,87.75
27063,7.84
27064,0.26
27065,1.61
27066,7.84
27067,398.06
27068,400
27069,On
27070,48.91
27071,43
27072,-1280
27073,36.00
27074,5.29
27075,-1.30
27076,43.92
27077,20.25
27078,C/L
27079,0
27080,1.04
27081,1.00
27082,113.40
27083,0
27084,0
27085,0
27086,1
27087,0
27088,2
27089,0
27090,0
27091,13.80
27092,79.68
27093,Off
27094,0.99
27095,0.74
27096,10.16
27097,3.51
27098,1.00
27099,12.16
27100,1.04
27101,12.55
27102,3.95
27103,13.33
27104,0
27105,130
27106,Off
27107,417.42
27108,1.01
27109,20.77
27110,OK
27111,0.94
27112,985
27113,16.50
27114,14.43
27115,1140
27116,Off
27117,0
27118,0.16
27119,0.03
27120,0.22
27121,-0.09
27122,On
27123,Off
27124,Off
27125,Off
27126,Off
27127,88.50
27128,7.84
27129,0
27130,1.61
27131,7.84
27132,412.92
27133,400
27134,On
27135,10.00
27136,43
27137,-1280
27138,1.50
27139,0.80
27140,-1.30
27141,7.84
27142,19.50
27143,O/L
27144,0
27145,1.04
27146,1.00
27147,24.40
27148,0
27149,0
27150,0
27151,1
27152,0
27153,2
27154,0
27155,0
27156,8.50
27157,79.68
27158,Off
27159,0.92
27160,0.02
27161,0
27162,3.51
27163,1.00
27164,10.20
27165,0.95
27166,9.80
27167,4.06
27168,9.80
27169,0
27170,123
27171,Off
27172,417.42
27173,0.72
27174,14.31
27175,OK
27176,0.94
27177,985
27178,16.50
27179,14.50
27180,1020
27181,Off
27182,0
27183,0.15
27184,-0.13
27185,3.66
27186,-0.09
27187,On
27188,Off
27189,Off
27190,Off
27191,Off
27192,88.50
27193,7.84
27194,0.02
27195,1.61
27196,43.14
27197,402.12
27198,400
27199,On
27200,46.13
27201,43
27202,-1280
27203,44.25
27204,2.16
27205,-1.30
27206,7.84
27207,18.75
27208,C/L
27209,0
27210,1.04
27211,1.00
27212,61.40
27213,0
27214,0
27215,0
27216,1
27217,0
27218,2
27219,1
27220,0
27221,10.70
27222,79.68
27223,Off
27224,1.00
27225,0.64
27226,8.20
27227,3.51
27228,0.97
27229,10.59
27230,1.01
27231,12.55
27232,3.96
27233,12.55
27234,0
27235,118
27236,Off
27237,417.42
27238,0.91
27239,18.62
27240,OK
27241,0.94
27242,985
27243,16.50
27244,14.57
27245,1070
27246,Off
27247,0
27248,0.04
27249,-0.08
27250,0.25
27251,-0.01
27252,On
27253,Off
27254,Off
27255,Off
27256,Off
27257,88.50
27258,7.84
27259,0.75
27260,1.61
27261,43.14
27262,400.88
27263,400
27264,On
27265,47.28
27266,43
27267,-1280
27268,43.50
27269,2.94
27270,-1.30
27271,7.84
27272,18.75
27273,C/L
27274,0
27275,1.04
27276,1.00
27277,45
27278,0
27279,0
27280,0
27281,1
27282,0
27283,2
27284,4.50
27285,0
27286,9.06
27287,79.68
27288,Off
27289,0.99
27290,0.75
27291,38.28
27292,3.51
27293,0.94
27294,11.37
27295,1.02
27296,12.16
27297,3.98
27298,11.76
27299,0
27300,116
27301,Off
27302,417.42
27303,0.86
27304,17.28
27305,OK
27306,0.94
27307,985
27308,16.50
27309,14.43
27310,1040
27311,Off
27312,0
27313,0.10
27314,-0.16
27315,-0.14
27316,1.44
27317,On
27318,Off
27319,Off
27320,Off
27321,Off
27322,88.50
27323,7.84
27324,0.75
27325,1.61
27326,45.10
27327,402.70
27328,400
27329,On
27330,47.35
27331,42
27332,-1280
27333,39.75
27334,4.54
27335,-1.30
27336,7.84
27337,18.75
27338,C/L
27339,0
27340,1.04
27341,1.00
27342,131.30
27343,0
27344,0
27345,0
27346,1
27347,0
27348,2
27349,0
27350,6
27351,15.86
27352,79.68
27353,Off
27354,1.00
27355,0.65
27356,0
27357,3.51
27358,0.99
27359,14.12
27360,1.10
27361,14.51
27362,3.80
27363,18.04
27364,4.68
27365,117
27366,Off
27367,417.42
27368,1.06
27369,21.30
27370,OK
27371,0.94
27372,985
27373,16.50
27374,14.43
27375,1170
27376,Off
27377,0
27378,-0.21
27379,-0.05
27380,-0.17
27381,6.71
27382,On
27383,Off
27384,Off
27385,Off
27386,Off
27387,88.50
27388,7.84
27389,0
27390,1.61
27391,7.84
27392,400.30
27393,400
27394,On
27395,47.72
27396,42
27397,-1280
27398,39.75
27399,4.23
27400,-1.30
27401,7.84
27402,19.50
27403,C/L
27404,0
27405,1.04
27406,1.00
27407,62.90
27408,0
27409,0
27410,0
27411,1
27412,0
27413,2
27414,0.50
27415,0
27416,10.90
27417,79.68
27418,Off
27419,1.01
27420,0.71
27421,0
27422,3.51
27423,0.95
27424,19.22
27425,1.24
27426,17.65
27427,3.78
27428,16.47
27429,18.33
27430,118
27431,Off
27432,417.42
27433,1.03
27434,20.66
27435,OK
27436,0.94
27437,985
27438,16.50
27439,14.22
27440,1130
27441,Off
27442,0
27443,-0.02
27444,-0.08
27445,0.06
27446,-0.11
27447,On
27448,Off
27449,Off
27450,Off
27451,Off
27452,88.50
27453,7.84
27454,0
27455,1.61
27456,44.31
27457,401.54
27458,400
27459,On
27460,47.56
27461,42
27462,-1280
27463,40.50
27464,4.12
27465,-1.30
27466,7.84
27467,19.50
27468,C/L
27469,0
27470,1.04
27471,1.00
27472,72.90
27473,0
27474,0
27475,0
27476,1
27477,0
27478,2
27479,0.50
27480,0
27481,12.32
27482,79.68
27483,Off
27484,1.00
27485,0.58
27486,0
27487,3.51
27488,0.97
27489,12.55
27490,1.04
27491,12.55
27492,3.97
27493,12.16
27494,0
27495,118
27496,Off
27497,417.42
27498,0.88
27499,17.66
27500,OK
27501,0.94
27502,985
27503,15.75
27504,14.29
27505,1060
27506,Off
27507,0
27508,-0.10
27509,-0.03
27510,0.80
27511,-0.04
27512,On
27513,Off
27514,Off
27515,Off
27516,Off
27517,88.50
27518,7.84
27519,0
27520,1.61
27521,43.92
27522,401.10
27523,400
27524,On
27525,46.98
27526,42
27527,-1280
27528,42.00
27529,3.44
27530,-1.30
27531,7.84
27532,19.50
27533,C/L
27534,0
27535,1.04
27536,1.00
27537,60.10
27538,0
27539,0
27540,0
27541,1
27542,0
27543,2
27544,1
27545,0
27546,10.65
27547,79.68
27548,Off
27549,1.00
27550,0.47
27551,0
27552,3.51
27553,0.97
27554,11.37
27555,1.09
27556,14.51
27557,3.87
27558,14.90
27559,5.46
27560,117
27561,Off
27562,417.42
27563,1.07
27564,21.79
27565,OK
27566,0.94
27567,985
27568,15.75
27569,14.36
27570,1220
27571,Off
27572,0
27573,-0.30
27574,-0.70
27575,-0.36
27576,13.67
27577,On
27578,Off
27579,Off
27580,Off
27581,Off
27582,88.50
27583,7.84
27584,0
27585,1.61
27586,7.84
27587,398.06
27588,400
27589,On
27590,49.51
27591,42
27592,-1280
27593,35.25
27594,6.35
27595,-1.30
27596,40.78
27597,19.50
27598,C/L
27599,0
27600,1.04
27601,1.00
27602,143
27603,0
27604,0
27605,0
27606,1
27607,0
27608,2
27609,0
27610,2
27611,15.26
27612,79.68
27613,Off
27614,1.01
27615,0.64
27616,0
27617,3.51
27618,0.98
27619,15.29
27620,1.15
27621,14.90
27622,3.87
27623,14.90
27624,0
27625,121
27626,Off
27627,417.42
27628,1.07
27629,21.56
27630,OK
27631,0.95
27632,985
27633,16.50
27634,14.36
27635,1160
27636,Off
27637,0
27638,-0.17
27639,1.30
27640,-0.07
27641,1.88
27642,On
27643,Off
27644,Off
27645,Off
27646,Off
27647,88.50
27648,7.84
27649,0
27650,1.61
27651,7.84
27652,400.96
27653,400
27654,On
27655,48.51
27656,42
27657,-1280
27658,35.25
27659,6.35
27660,-1.30
27661,45.49
27662,20.25
27663,C/L
27664,0
27665,1.04
27666,1.00
27667,127
27668,0
27669,0
27670,0
27671,1
27672,0
27673,2
27674,0
27675,3.50
27676,15.96
27677,79.68
27678,Off
27679,0.99
27680,0.60
27681,0
27682,3.51
27683,1.01
27684,14.90
27685,1.14
27686,15.29
27687,3.86
27688,15.29
27689,0
27690,121
27691,Off
27692,417.42
27693,1
27694,20.06
27695,OK
27696,0.95
27697,985
27698,16.50
27699,14.43
27700,1120
27701,Off
27702,0
27703,0.12
27704,-0.30
27705,0.08
27706,-0.28
27707,On
27708,Off
27709,Off
27710,Off
27711,Off
27712,88.50
27713,7.84
27714,0
27715,1.61
27716,43.53
27717,400.88
27718,400
27719,On
27720,47.88
27721,42
27722,-1280
27723,40.50
27724,4.38
27725,-1.30
27726,7.84
27727,20.25
27728,C/L
27729,0
27730,1.04
27731,1.00
27732,83.60
27733,0
27734,0
27735,0
27736,1
27737,0
27738,2
27739,0
27740,0
27741,15.70
27742,79.68
27743,Off
27744,1.00
27745,0.50
27746,0
27747,3.51
27748,1.01
27749,14.12
27750,1.04
27751,12.55
27752,3.96
27753,12.16
27754,0
27755,120
27756,Off
27757,417.42
27758,0.80
27759,16.35
27760,OK
27761,0.95
27762,985
27763,16.50
27764,14.36
27765,1040
27766,Off
27767,0
27768,-0.11
27769,-0.14
27770,0.49
27771,-0.26
27772,On
27773,Off
27774,Off
27775,Off
27776,Off
27777,89.25
27778,7.84
27779,0
27780,1.61
27781,44.31
27782,398.42
27783,400
27784,On
27785,47.60
27786,42
27787,-1280
27788,41.25
27789,4.03
27790,-1.30
27791,7.84
27792,19.50
27793,C/L
27794,0
27795,1.04
27796,1.00
27797,89.00
27798,0
27799,0
27800,0
27801,1
27802,0
27803,2
27804,0
27805,0
27806,13.24
27807,79.68
27808,Off
27809,1.00
27810,0.21
27811,0
27812,3.51
27813,1.02
27814,12.55
27815,1.04
27816,12.55
27817,3.96
27818,12.55
27819,0
27820,121
27821,Off
27822,417.42
27823,0.89
27824,17.89
27825,OK
27826,0.95
27827,985
27828,15.75
27829,14.29
27830,1060
27831,Off
27832,0
27833,-0.19
27834,-1.38
27835,-0.18
27836,5.69
27837,On
27838,Off
27839,Off
27840,Off
27841,Off
27842,89.25
27843,7.84
27844,0
27845,1.61
27846,44.71
27847,403.64
27848,400
27849,On
27850,47.39
27851,42
27852,-1280
27853,42.00
27854,3.75
27855,-1.30
27856,7.84
27857,19.50
27858,C/L
27859,0
27860,1.04
27861,1.00
27862,82.90
27863,0
27864,0
27865,0
27866,1
27867,0
27868,2
27869,0
27870,0
27871,10.96
27872,79.68
27873,Off
27874,1.02
27875,0.76
27876,0
27877,3.51
27878,0.99
27879,7.84
27880,0.85
27881,7.06
27882,4.15
27883,7.06
27884,0
27885,121
27886,Off
27887,417.42
27888,0.68
27889,13.58
27890,OK
27891,0.95
27892,985
27893,15.75
27894,14.36
27895,1000
27896,Off
27897,0
27898,-0.03
27899,-0.21
27900,0.20
27901,-0.29
27902,On
27903,Off
27904,Off
27905,Off
27906,Off
27907,88.50
27908,7.84
27909,0
27910,1.61
27911,52.55
27912,401.68
27913,400
27914,On
27915,46.56
27916,42
27917,-1280
27918,42.00
27919,4.38
27920,-1.30
27921,7.84
27922,18.75
27923,C/L
27924,0
27925,1.04
27926,1.00
27927,120.40
27928,0
27929,0
27930,0
27931,1
27932,0
27933,2
27934,0
27935,3.50
27936,20.56
27937,79.68
27938,Off
27939,1.02
27940,0.66
27941,0
27942,3.51
27943,1.07
27944,20
27945,1.28
27946,18.43
27947,3.79
27948,14.90
27949,11.70
27950,122
27951,Off
27952,417.42
27953,1.00
27954,20.35
27955,OK
27956,0.95
27957,985
27958,15.75
27959,14.36
27960,1130
27961,Off
27962,0
27963,-0.05
27964,-0.07
27965,-0.09
27966,3.09
27967,On
27968,Off
27969,Off
27970,Off
27971,Off
27972,88.50
27973,7.84
27974,0.15
27975,1.61
27976,43.14
27977,398.93
27978,400
27979,On
27980,47.67
27981,42
27982,-1280
27983,40.50
27984,4.46
27985,-1.30
27986,7.84
27987,19.50
27988,C/L
27989,0
27990,1.04
27991,1.00
27992,91.00
27993,0
27994,0
27995,0
27996,1
27997,0
27998,2
27999,0.50
28000,0
28001,12.04
28002,79.68
28003,Off
28004,0.97
28005,0.51
28006,18.36
28007,3.51
28008,1.01
28009,11.76
28010,1.01
28011,11.76
28012,4.00
28013,11.37
28014,0
28015,122
28016,Off
28017,417.42
28018,0.83
28019,16.57
28020,OK
28021,0.95
28022,985
28023,15.75
28024,14.57
28025,1050
28026,Off
28027,0
28028,-0.12
28029,-0.13
28030,0.64
28031,-0.22
28032,On
28033,Off
28034,Off
28035,Off
28036,Off
28037,88.50
28038,7.84
28039,2.04
28040,1.61
28041,44.31
28042,402.62
28043,400
28044,On
28045,46.51
28046,42
28047,-1280
28048,44.25
28049,2.50
28050,-1.30
28051,7.84
28052,19.50
28053,C/L
28054,0
28055,1.04
28056,1.00
28057,43.10
28058,0
28059,0
28060,0
28061,1
28062,0
28063,2
28064,2
28065,0
28066,9.33
28067,79.68
28068,Off
28069,0.97
28070,0.57
28071,99.60
28072,3.51
28073,1.00
28074,9.02
28075,0.91
28076,9.02
28077,4.10
28078,8.63
28079,0
28080,118
28081,Off
28082,417.42
28083,0.88
28084,18.06
28085,OK
28086,0.95
28087,985
28088,16.50
28089,14.36
28090,1050
28091,Off
28092,0
28093,0.09
28094,-0.19
28095,0.36
28096,-0.11
28097,On
28098,Off
28099,Off
28100,Off
28101,Off
28102,88.50
28103,7.84
28104,1.98
28105,1.61
28106,44.71
28107,406.10
28108,400
28109,On
28110,45.99
28111,42
28112,-1280
28113,43.50
28114,1.40
28115,-1.30
28116,7.84
28117,18.75
28118,C/L
28119,0
28120,1.04
28121,1.00
28122,96.60
28123,0
28124,0
28125,0
28126,1
28127,0
28128,2
28129,0
28130,0
28131,14.95
28132,79.68
28133,Off
28134,1.01
28135,0.76
28136,99.60
28137,3.51
28138,0.98
28139,16.86
28140,1.20
28141,15.29
28142,3.91
28143,12.16
28144,0
28145,117
28146,Off
28147,417.42
28148,0.90
28149,17.87
28150,OK
28151,0.95
28152,985
28153,16.50
28154,14.36
28155,1070
28156,Off
28157,0
28158,-0.60
28159,-0.10
28160,0.83
28161,-0.04
28162,On
28163,Off
28164,Off
28165,Off
28166,Off
28167,88.50
28168,7.84
28169,3.26
28170,1.61
28171,44.31
28172,402.12
28173,400
28174,On
28175,46.89
28176,42
28177,-1280
28178,37.50
28179,5.28
28180,-1.30
28181,7.84
28182,18.75
28183,C/L
28184,0
28185,1.04
28186,1.00
28187,102.70
28188,0
28189,0
28190,0
28191,1
28192,0
28193,2
28194,0
28195,9.50
28196,17.22
28197,79.68
28198,Off
28199,0.98
28200,0.18
28201,84.76
28202,3.51
28203,1.04
28204,12.16
28205,1.00
28206,11.37
28207,4.00
28208,9.41
28209,0
28210,117
28211,Off
28212,417.42
28213,0.66
28214,12.26
28215,OK
28216,0.94
28217,985
28218,16.50
28219,14.29
28220,1030
28221,Off
28222,0
28223,0.60
28224,-0.05
28225,2.14
28226,-0.06
28227,On
28228,Off
28229,Off
28230,Off
28231,Off
28232,87.75
28233,7.84
28234,0
28235,1.61
28236,45.10
28237,395.74
28238,400
28239,On
28240,47.00
28241,42
28242,-1280
28243,30.75
28244,2.91
28245,-1.30
28246,7.84
28247,19.50
28248,C/L
28249,0
28250,1.04
28251,1.00
28252,28.20
28253,0
28254,0
28255,0
28256,1
28257,0
28258,2
28259,0
28260,0
28261,3.84
28262,79.68
28263,Off
28264,4.89
28265,0.03
28266,0
28267,3.51
28268,1.00
28269,5.10
28270,0.76
28271,5.10
28272,4.23
28273,5.10
28274,0
28275,112
28276,Off
28277,417.42
28278,0.61
28279,12.05
28280,OK
28281,0.94
28282,985
28283,16.50
28284,14.36
28285,1000
28286,Off
28287,0
28288,0.89
28289,-0.03
28290,4.33
28291,0.03
28292,On
28293,Off
28294,Off
28295,Off
28296,Off
28297,87.75
28298,7.84
28299,0
28300,1.61
28301,45.10
28302,402.62
28303,400
28304,On
28305,46.28
28306,42
28307,-1280
28308,42.75
28309,2.00
28310,-1.30
28311,7.84
28312,18.75
28313,C/L
28314,0
28315,1.04
28316,1.00
28317,56
28318,0
28319,0
28320,0
28321,1
28322,0
28323,2
28324,0.50
28325,0
28326,13.79
28327,79.68
28328,Off
28329,1.02
28330,0.73
28331,67.96
28332,3.51
28333,0.94
28334,7.84
28335,0.87
28336,7.84
28337,4.13
28338,7.84
28339,0
28340,108
28341,Off
28342,417.42
28343,0.70
28344,13.99
28345,OK
28346,0.94
28347,985
28348,16.50
28349,14.29
28350,1010
28351,Off
28352,0
28353,-0.31
28354,-0.08
28355,5.77
28356,0.02
28357,On
28358,Off
28359,Off
28360,Off
28361,Off
28362,87.75
28363,7.84
28364,1.87
28365,1.61
28366,43.53
28367,398.20
28368,400
28369,On
28370,45.85
28371,42
28372,-1280
28373,40.50
28374,6.15
28375,-1.30
28376,7.84
28377,18.00
28378,C/L
28379,0
28380,1.04
28381,1.00
28382,33.30
28383,1
28384,0
28385,0
28386,1
28387,0
28388,3
28389,2
28390,0
28391,21.49
28392,79.68
28393,Off
28394,1.00
28395,0.74
28396,99.60
28397,3.51
28398,0.99
28399,17.65
28400,1.12
28401,14.51
28402,3.89
28403,14.12
28404,14.43
28405,106
28406,Off
28407,417.42
28408,1.27
28409,26.35
28410,OK
28411,0.94
28412,985
28413,16.50
28414,14.50
28415,1310
28416,Off
28417,0
28418,-0.25
28419,2.04
28420,-0.22
28421,11.53
28422,On
28423,Off
28424,Off
28425,Off
28426,Off
28427,87.75
28428,7.84
28429,0.21
28430,1.61
28431,7.84
28432,397.48
28433,400
28434,On
28435,48.18
28436,42
28437,-1280
28438,37.50
28439,5.22
28440,-1.30
28441,43.14
28442,19.50
28443,C/L
28444,0
28445,1.04
28446,1.00
28447,60.50
28448,1
28449,0
28450,0
28451,1
28452,0
28453,3
28454,5
28455,0
28456,5.11
28457,79.68
28458,Off
28459,1.03
28460,0.81
28461,57.42
28462,3.51
28463,0.94
28464,6.67
28465,0.83
28466,6.67
28467,4.17
28468,6.67
28469,0
28470,110
28471,Off
28472,417.42
28473,0.60
28474,11.44
28475,OK
28476,0.94
28477,985
28478,16.50
28479,14.36
28480,1010
28481,Off
28482,0
28483,1.15
28484,-0.02
28485,4.72
28486,0.02
28487,On
28488,Off
28489,Off
28490,Off
28491,Off
28492,87.75
28493,7.84
28494,0
28495,1.61
28496,7.84
28497,392.26
28498,400
28499,On
28500,47.49
28501,42
28502,-1280
28503,38.25
28504,3.55
28505,-1.30
28506,7.84
28507,18.75
28508,C/L
28509,0
28510,1.04
28511,1.00
28512,73
28513,1
28514,0
28515,0
28516,1
28517,0
28518,3
28519,0
28520,8.50
28521,22.71
28522,79.68
28523,Off
28524,1.03
28525,0.26
28526,37.50
28527,3.51
28528,1.05
28529,19.22
28530,1.29
28531,18.82
28532,3.73
28533,18.43
28534,17.16
28535,106
28536,Off
28537,417.42
28538,1.18
28539,24.41
28540,OK
28541,0.94
28542,985
28543,16.50
28544,14.29
28545,1250
28546,Off
28547,0
28548,-0.56
28549,3.40
28550,-0.42
28551,17.77
28552,On
28553,Off
28554,Off
28555,Off
28556,Off
28557,87.75
28558,7.84
28559,1.46
28560,1.61
28561,7.84
28562,394.00
28563,400
28564,On
28565,47.95
28566,42
28567,-1280
28568,36.00
28569,5.28
28570,-1.30
28571,43.53
28572,19.50
28573,C/L
28574,0
28575,1.04
28576,1.00
28577,110.80
28578,0
28579,0
28580,0
28581,1
28582,0
28583,3
28584,6
28585,22
28586,31.62
28587,79.68
28588,Off
28589,1.02
28590,0.11
28591,99.60
28592,3.51
28593,1.12
28594,32.16
28595,1.85
28596,34.51
28597,3.12
28598,34.90
28599,25.35
28600,112
28601,Off
28602,417.42
28603,1.18
28604,23.76
28605,OK
28606,0.94
28607,985
28608,16.50
28609,14.29
28610,1260
28611,Off
28612,0
28613,-0.02
28614,2.65
28615,0.08
28616,1.47
28617,On
28618,Off
28619,Off
28620,Off
28621,Off
28622,88.50
28623,7.84
28624,2.89
28625,1.61
28626,44.31
28627,400.67
28628,400
28629,On
28630,47.33
28631,42
28632,-1280
28633,40.50
28634,3.65
28635,-1.30
28636,7.84
28637,20.25
28638,C/L
28639,0
28640,1.04
28641,1.00
28642,73
28643,0
28644,0
28645,0
28646,1
28647,0
28648,3
28649,1
28650,0
28651,9.71
28652,79.68
28653,Off
28654,1.01
28655,0.14
28656,0
28657,3.51
28658,1.05
28659,5.10
28660,0.77
28661,5.10
28662,4.28
28663,3.53
28664,0
28665,115
28666,Off
28667,417.42
28668,0.41
28669,8.01
28670,OK
28671,0.94
28672,985
28673,16.50
28674,14.29
28675,1010
28676,Off
28677,0
28678,0.21
28679,-0.02
28680,3.45
28681,-0.04
28682,On
28683,Off
28684,Off
28685,Off
28686,Off
28687,89.25
28688,7.84
28689,0
28690,1.61
28691,44.31
28692,398.64
28693,400
28694,On
28695,47.48
28696,42
28697,-1280
28698,42.00
28699,3.28
28700,-1.30
28701,7.84
28702,19.50
28703,C/L
28704,0
28705,1.04
28706,1.00
28707,94.00
28708,0
28709,0
28710,0
28711,1
28712,0
28713,3
28714,0.50
28715,0
28716,11.06
28717,79.68
28718,Off
28719,1.04
28720,0.66
28721,4.69
28722,3.51
28723,1.01
28724,14.12
28725,1.11
28726,14.51
28727,3.89
28728,14.51
28729,0
28730,112
28731,Off
28732,417.42
28733,0.97
28734,19.50
28735,OK
28736,0.94
28737,985
28738,16.50
28739,14.29
28740,1100
28741,Off
28742,0
28743,-0.41
28744,-0.08
28745,0.80
28746,-0.06
28747,On
28748,Off
28749,Off
28750,Off
28751,Off
28752,89.25
28753,7.84
28754,2.92
28755,1.61
28756,44.71
28757,401.46
28758,400
28759,On
28760,46.20
28761,42
28762,-1280
28763,43.50
28764,4.17
28765,-1.30
28766,7.84
28767,19.50
28768,C/L
28769,0
28770,1.04
28771,1.00
28772,101.00
28773,0
28774,0
28775,0
28776,1
28777,0
28778,3
28779,0
28780,8.50
28781,16.26
28782,79.68
28783,Off
28784,1.00
28785,0.17
28786,99.60
28787,3.51
28788,1.08
28789,21.18
28790,1.36
28791,21.57
28792,3.63
28793,21.18
28794,7.41
28795,112
28796,Off
28797,417.42
28798,1.14
28799,21.84
28800,OK
28801,0.94
28802,985
28803,16.50
28804,14.29
28805,1180
28806,Off
28807,0
28808,-0.13
28809,-0.18
28810,0.08
28811,0.16
28812,On
28813,Off
28814,Off
28815,Off
28816,Off
28817,88.50
28818,7.84
28819,0
28820,1.61
28821,7.84
28822,409.08
28823,400
28824,On
28825,10.00
28826,42
28827,-1280
28828,0
28829,0.79
28830,-1.30
28831,7.84
28832,19.50
28833,O/L
28834,0
28835,1.04
28836,1.00
28837,20.10
28838,0
28839,0
28840,0
28841,1
28842,0
28843,3
28844,0
28845,0
28846,3.62
28847,79.68
28848,Off
28849,12.27
28850,0.00
28851,0
28852,3.51
28853,1.00
28854,3.53
28855,0.70
28856,3.53
28857,4.30
28858,3.14
28859,0
28860,107
28861,Off
28862,417.42
28863,0.41
28864,8.01
28865,OK
28866,0.94
28867,985
28868,16.50
28869,14.36
28870,1000
28871,Off
28872,0
28873,0.55
28874,0.05
28875,0.56
28876,0.11
28877,On
28878,Off
28879,Off
28880,Off
28881,Off
28882,88.50
28883,7.84
28884,0
28885,1.61
28886,37.25
28887,396.32
28888,400
28889,On
28890,47.16
28891,42
28892,-1280
28893,41.25
28894,3.60
28895,-1.30
28896,7.84
28897,18.75
28898,C/L
28899,0
28900,1.04
28901,1.00
28902,26.30
28903,0
28904,0
28905,0
28906,1
28907,0
28908,3
28909,0
28910,0
28911,3.44
28912,79.68
28913,Off
28914,9.77
28915,0.02
28916,0
28917,3.51
28918,1.00
28919,3.14
28920,0.69
28921,3.14
28922,4.31
28923,3.14
28924,0
28925,97
28926,Off
28927,417.42
28928,0.41
28929,8.01
28930,OK
28931,0.94
28932,985
28933,16.50
28934,14.36
28935,1000
28936,On
28937,21.57
28938,0.64
28939,0.06
28940,0.61
28941,0.09
28942,On
28943,Off
28944,Off
28945,Off
28946,Off
28947,87.75
28948,7.84
28949,0
28950,1.61
28951,7.84
28952,424.66
28953,400
28954,On
28955,10.00
28956,42
28957,-1100
28958,-2.25
28959,0.80
28960,-1.30
28961,7.84
28962,18.75
28963,O/L
28964,0
28965,1.04
28966,1.00
28967,31.30
28968,0
28969,0
28970,0
28971,1
28972,0
28973,3
28974,1.50
28975,0
28976,16.35
28977,79.68
28978,Off
28979,0.90
28980,0.81
28981,0
28982,3.51
28983,1.00
28984,13.73
28985,1.09
28986,13.33
28987,3.92
28988,12.94
28989,13.65
28990,91
28991,Off
28992,417.42
28993,0.97
28994,19.40
28995,OK
28996,0.94
28997,985
28998,16.50
28999,14.36
29000,1100
29001,Off
29002,0
29003,-0.03
29004,-0.42
29005,-0.01
29006,3.97
29007,On
29008,Off
29009,Off
29010,Off
29011,Off
29012,87.75
29013,7.84
29014,0
29015,1.61
29016,7.84
29017,408.79
29018,400
29019,On
29020,10.00
29021,42
29022,-1160
29023,-2.25
29024,0.79
29025,-1.30
29026,7.84
29027,18.75
29028,O/L
29029,0
29030,1.04
29031,1.00
29032,16.60
29033,0
29034,0
29035,0
29036,1
29037,0
29038,3
29039,0
29040,0
29041,3.13
29042,79.68
29043,Off
29044,12.34
29045,0.00
29046,0
29047,3.51
29048,1.00
29049,3.14
29050,0.68
29051,2.75
29052,4.31
29053,2.75
29054,0
29055,91
29056,Off
29057,417.42
29058,0.41
29059,8.01
29060,OK
29061,0.94
29062,985
29063,16.50
29064,14.36
29065,1000
29066,On
29067,18.82
29068,0.64
29069,0.05
29070,0.58
29071,0.08
29072,On
29073,Off
29074,Off
29075,Off
29076,Off
29077,87.00
29078,7.84
29079,0
29080,1.61
29081,7.84
29082,425.09
29083,400
29084,On
29085,45.59
29086,42
29087,-1060
29088,39.00
29089,2.79
29090,-1.30
29091,7.84
29092,18.00
29093,O/L
29094,0
29095,1.04
29096,1.00
29097,97.90
29098,0
29099,0
29100,0
29101,1
29102,0
29103,3
29104,0
29105,15
29106,21.15
29107,79.68
29108,Off
29109,1.02
29110,0.27
29111,0
29112,3.51
29113,1.03
29114,16.47
29115,1.16
29116,15.69
29117,3.86
29118,14.90
29119,14.82
29120,91
29121,Off
29122,417.42
29123,0.86
29124,16.89
29125,OK
29126,0.94
29127,985
29128,16.50
29129,14.29
29130,1050
29131,Off
29132,0
29133,-0.13
29134,0.14
29135,0.80
29136,0
29137,On
29138,Off
29139,Off
29140,Off
29141,Off
29142,87.00
29143,7.84
29144,0.20
29145,1.61
29146,43.92
29147,402.41
29148,400
29149,On
29150,48.05
29151,42
29152,-1160
29153,17.25
29154,3.20
29155,-1.30
29156,7.84
29157,18.75
29158,C/L
29159,0
29160,1.04
29161,1.00
29162,19
29163,0
29164,0
29165,0
29166,1
29167,0
29168,3
29169,0
29170,0
29171,3.08
29172,79.68
29173,Off
29174,3.22
29175,0.05
29176,0
29177,3.51
29178,1.00
29179,2.75
29180,0.68
29181,2.75
29182,4.32
29183,2.75
29184,0
29185,87
29186,Off
29187,417.42
29188,0.41
29189,8.01
29190,OK
29191,0.94
29192,985
29193,16.50
29194,14.50
29195,1000
29196,Off
29197,0
29198,0.67
29199,0.20
29200,0.67
29201,0.06
29202,On
29203,Off
29204,Off
29205,Off
29206,Off
29207,87.00
29208,7.84
29209,0
29210,1.61
29211,25.10
29212,396.46
29213,400
29214,On
29215,48.26
29216,42
29217,-940
29218,26.25
29219,8.85
29220,-1.30
29221,44.71
29222,18.75
29223,C/L
29224,0
29225,1.04
29226,1.00
29227,56.50
29228,1
29229,0
29230,0
29231,2
29232,0
29233,3
29234,0
29235,0
29236,29.41
29237,79.68
29238,Off
29239,1.00
29240,0.27
29241,11.72
29242,3.51
29243,1.01
29244,29.41
29245,1.68
29246,29.41
29247,3.32
29248,29.41
29249,33.93
29250,83
29251,Off
29252,430.91
29253,1.18
29254,22.94
29255,OK
29256,0.94
29257,985
29258,16.50
29259,14.29
29260,1160
29261,Off
29262,0
29263,-0.56
29264,0.14
29265,1.28
29266,0.08
29267,On
29268,Off
29269,Off
29270,Off
29271,Off
29272,87.00
29273,7.84
29274,0.18
29275,1.61
29276,7.84
29277,418.28
29278,400
29279,On
29280,46.09
29281,42
29282,-1000
29283,36.75
29284,2.16
29285,-1.30
29286,7.84
29287,18.75
29288,C/L
29289,0
29290,1.04
29291,1.00
29292,41.80
29293,2
29294,0
29295,0
29296,2
29297,1
29298,3
29299,4
29300,21.50
29301,29.90
29302,79.68
29303,Off
29304,1.04
29305,0.72
29306,0
29307,3.51
29308,1.03
29309,29.41
29310,1.66
29311,28.24
29312,3.39
29313,27.06
29314,25.35
29315,86
29316,Off
29317,417.42
29318,1.18
29319,24.08
29320,OK
29321,0.94
29322,985
29323,16.50
29324,14.43
29325,1240
29326,Off
29327,0
29328,-0.01
29329,-1.47
29330,8.17
29331,24.80
29332,On
29333,Off
29334,Off
29335,Off
29336,Off
29337,87.75
29338,7.84
29339,0.06
29340,1.61
29341,38.82
29342,402.84
29343,400
29344,On
29345,49.62
29346,42
29347,-1180
29348,25.50
29349,8.78
29350,-1.30
29351,44.31
29352,20.25
29353,C/L
29354,0
29355,1.04
29356,1.00
29357,110.90
29358,2
29359,0
29360,0
29361,2
29362,1
29363,3
29364,0
29365,17
29366,19.91
29367,79.68
29368,Off
29369,0.99
29370,0.13
29371,99.60
29372,3.51
29373,1.05
29374,16.47
29375,1.10
29376,14.12
29377,3.85
29378,13.33
29379,0
29380,97
29381,Off
29382,417.42
29383,0.97
29384,19.57
29385,OK
29386,0.94
29387,985
29388,16.50
29389,14.29
29390,1100
29391,Off
29392,0
29393,-0.10
29394,0
29395,0.30
29396,0.05
29397,On
29398,Off
29399,Off
29400,Off
29401,Off
29402,88.50
29403,7.84
29404,2.35
29405,1.61
29406,44.71
29407,401.54
29408,400
29409,On
29410,47.83
29411,42
29412,-1280
29413,35.25
29414,5.66
29415,-1.30
29416,48.63
29417,20.25
29418,C/L
29419,0
29420,1.04
29421,1.00
29422,70.70
29423,2
29424,0
29425,0
29426,2
29427,1
29428,3
29429,1
29430,0
29431,11.30
29432,79.68
29433,Off
29434,1.01
29435,0.27
29436,99.60
29437,3.51
29438,1.02
29439,18.04
29440,1.23
29441,17.25
29442,3.80
29443,16.47
29444,20.28
29445,102
29446,Off
29447,417.42
29448,0.93
29449,18.57
29450,OK
29451,0.94
29452,985
29453,16.50
29454,14.36
29455,1090
29456,Off
29457,0
29458,-0.53
29459,-0.05
29460,0.78
29461,0.03
29462,On
29463,Off
29464,Off
29465,Off
29466,Off
29467,89.25
29468,7.84
29469,1.86
29470,1.61
29471,7.84
29472,401.83
29473,400
29474,On
29475,47.36
29476,42
29477,-1280
29478,36.75
29479,4.86
29480,-1.30
29481,46.27
29482,19.50
29483,C/L
29484,0
29485,1.04
29486,1.00
29487,57.40
29488,0
29489,0
29490,0
29491,2
29492,1
29493,3
29494,0.50
29495,0
29496,11.02
29497,79.68
29498,Off
29499,0.99
29500,0.21
29501,99.60
29502,3.51
29503,0.99
29504,10.98
29505,0.99
29506,10.20
29507,4.06
29508,9.41
29509,0
29510,107
29511,Off
29512,417.42
29513,0.62
29514,12.19
29515,OK
29516,0.94
29517,985
29518,16.50
29519,14.43
29520,1010
29521,Off
29522,0
29523,-0.07
29524,0.05
29525,5.97
29526,0.11
29527,On
29528,Off
29529,Off
29530,Off
29531,Off
29532,89.25
29533,7.84
29534,2.30
29535,1.61
29536,36.08
29537,395.15
29538,400
29539,On
29540,47.39
29541,42
29542,-1280
29543,36.00
29544,5.18
29545,-1.30
29546,47.45
29547,19.50
29548,C/L
29549,0
29550,1.04
29551,1.00
29552,113.70
29553,0
29554,0
29555,0
29556,2
29557,1
29558,3
29559,0.50
29560,0
29561,10.63
29562,79.68
29563,Off
29564,0.98
29565,0.15
29566,99.60
29567,3.51
29568,1.01
29569,11.37
29570,0.99
29571,10.98
29572,4.01
29573,10.98
29574,0
29575,107
29576,Off
29577,417.42
29578,1.03
29579,20.68
29580,OK
29581,0.94
29582,985
29583,16.50
29584,14.57
29585,1170
29586,Off
29587,0
29588,-0.13
29589,0.20
29590,-0.11
29591,7.31
29592,On
29593,Off
29594,Off
29595,Off
29596,Off
29597,89.25
29598,7.84
29599,1.90
29600,1.61
29601,7.84
29602,400.74
29603,400
29604,On
29605,48.18
29606,42
29607,-1280
29608,34.50
29609,6.58
29610,-1.30
29611,49.41
29612,19.50
29613,C/L
29614,0
29615,1.04
29616,1.00
29617,118
29618,0
29619,0
29620,0
29621,2
29622,1
29623,3
29624,0
29625,17
29626,24.51
29627,79.68
29628,Off
29629,1.00
29630,0.13
29631,99.60
29632,3.51
29633,1.09
29634,18.04
29635,1.23
29636,17.65
29637,3.76
29638,18.04
29639,0
29640,111
29641,Off
29642,417.42
29643,1.13
29644,22.88
29645,OK
29646,0.95
29647,985
29648,16.50
29649,14.36
29650,1210
29651,Off
29652,0
29653,-0.19
29654,-0.21
29655,-0.25
29656,15.09
29657,On
29658,Off
29659,Off
29660,Off
29661,Off
29662,88.50
29663,7.84
29664,2.56
29665,1.61
29666,7.84
29667,398.93
29668,400
29669,On
29670,49.19
29671,42
29672,-1280
29673,31.50
29674,7.78
29675,-1.30
29676,52.94
29677,20.25
29678,C/L
29679,0
29680,1.04
29681,1.00
29682,163.30
29683,0
29684,0
29685,0
29686,2
29687,1
29688,3
29689,5.50
29690,22.50
29691,32.03
29692,79.68
29693,Off
29694,0.99
29695,0.73
29696,99.60
29697,3.51
29698,1.08
29699,32.16
29700,1.77
29701,32.16
29702,3.23
29703,32.16
29704,30.03
29705,112
29706,Off
29707,417.42
29708,1.32
29709,26.83
29710,OK
29711,0.95
29712,985
29713,16.50
29714,14.36
29715,1300
29716,Off
29717,0
29718,-0.35
29719,1.14
29720,-0.47
29721,17.25
29722,On
29723,Off
29724,Off
29725,Off
29726,Off
29727,88.50
29728,7.84
29729,0.93
29730,1.61
29731,7.84
29732,400.81
29733,400
29734,On
29735,48.11
29736,42
29737,-1280
29738,36.75
29739,6.68
29740,-1.30
29741,49.02
29742,21.00
29743,C/L
29744,0
29745,1.04
29746,1.00
29747,140.60
29748,0
29749,0
29750,0
29751,2
29752,1
29753,3
29754,0
29755,16
29756,22.92
29757,79.68
29758,Off
29759,0.98
29760,0.19
29761,99.60
29762,3.51
29763,1.07
29764,16.08
29765,1.19
29766,16.08
29767,3.88
29768,14.51
29769,0
29770,116
29771,Off
29772,417.42
29773,0.69
29774,13.50
29775,OK
29776,0.95
29777,985
29778,16.50
29779,14.36
29780,1040
29781,Off
29782,0
29783,2.84
29784,-0.02
29785,2.31
29786,0.30
29787,On
29788,Off
29789,Off
29790,Off
29791,Off
29792,89.25
29793,7.84
29794,0.18
29795,1.61
29796,7.84
29797,408.42
29798,400
29799,On
29800,47.84
29801,42
29802,-1280
29803,42.00
29804,3.37
29805,-1.30
29806,7.84
29807,20.25
29808,C/L
29809,0
29810,1.04
29811,1.00
29812,72.20
29813,0
29814,0
29815,0
29816,2
29817,1
29818,3
29819,1
29820,0
29821,9.88
29822,79.68
29823,Off
29824,1.02
29825,0.76
29826,7.03
29827,3.51
29828,0.97
29829,9.80
29830,0.93
29831,9.41
29832,4.08
29833,9.41
29834,0
29835,117
29836,Off
29837,417.42
29838,0.78
29839,15.67
29840,OK
29841,0.95
29842,985
29843,16.50
29844,14.29
29845,1020
29846,Off
29847,0
29848,-0.09
29849,-0.06
29850,1.02
29851,-0.04
29852,On
29853,Off
29854,Off
29855,Off
29856,Off
29857,89.25
29858,7.84
29859,0
29860,1.61
29861,43.14
29862,402.12
29863,400
29864,On
29865,46.52
29866,42
29867,-1280
29868,44.25
29869,2.28
29870,-1.30
29871,7.84
29872,19.50
29873,C/L
29874,0
29875,1.03
29876,1.00
29877,30.60
29878,0
29879,0
29880,0
29881,2
29882,1
29883,3
29884,0
29885,0
29886,3.89
29887,79.68
29888,Off
29889,9.71
29890,0.01
29891,0
29892,3.51
29893,1.00
29894,3.53
29895,0.71
29896,3.53
29897,4.29
29898,3.53
29899,0
29900,116
29901,Off
29902,417.42
29903,0.72
29904,14.63
29905,OK
29906,0.94
29907,985
29908,16.50
29909,14.29
29910,990
29911,Off
29912,0
29913,0.16
29914,-0.19
29915,0.36
29916,-0.17
29917,On
29918,Off
29919,Off
29920,Off
29921,Off
29922,89.25
29923,7.84
29924,0
29925,1.61
29926,7.84
29927,397.04
29928,400
29929,On
29930,47.99
29931,42
29932,-1280
29933,37.50
29934,4.84
29935,-1.30
29936,7.84
29937,18.75
29938,C/L
29939,0
29940,1.03
29941,1.00
29942,96.20
29943,0
29944,0
29945,0
29946,2
29947,1
29948,3
29949,0
29950,0
29951,14.45
29952,79.68
29953,Off
29954,0.97
29955,0.23
29956,6.25
29957,3.51
29958,1.03
29959,10.98
29960,0.98
29961,10.98
29962,4.01
29963,10.98
29964,0
29965,113
29966,Off
29967,417.42
29968,0.84
29969,16.68
29970,OK
29971,0.95
29972,985
29973,16.50
29974,14.36
29975,1040
29976,Off
29977,0
29978,-0.01
29979,-0.06
29980,0.88
29981,-0.09
29982,On
29983,Off
29984,Off
29985,Off
29986,Off
29987,88.50
29988,7.84
29989,0.50
29990,1.61
29991,43.14
29992,403.86
29993,400
29994,On
29995,47.10
29996,42
29997,-1280
29998,39.00
29999,4.72
30000,-1.30
30001,7.84
30002,19.50
30003,C/L
30004,0
30005,1.03
30006,1.00
30007,86.40
30008,0
30009,0
30010,0
30011,2
30012,1
30013,3
30014,0
30015,0
30016,13.24
30017,79.68
30018,Off
30019,0.97
30020,0.23
30021,47.26
30022,3.51
30023,1.03
30024,11.76
30025,1.01
30026,11.37
30027,4.03
30028,9.80
30029,0
30030,115
30031,Off
30032,417.42
30033,0.89
30034,17.82
30035,OK
30036,0.94
30037,985
30038,16.50
30039,14.29
30040,1050
30041,Off
30042,0
30043,0.01
30044,-0.05
30045,0.50
30046,-0.01
30047,On
30048,Off
30049,Off
30050,Off
30051,Off
30052,87.75
30053,7.84
30054,1.28
30055,1.61
30056,7.84
30057,396.61
30058,400
30059,On
30060,48.53
30061,42
30062,-1280
30063,35.25
30064,6.41
30065,-1.30
30066,45.49
30067,19.50
30068,C/L
30069,0
30070,1.03
30071,1.00
30072,122.40
30073,0
30074,0
30075,0
30076,2
30077,1
30078,3
30079,0
30080,7.50
30081,16.48
30082,79.68
30083,Off
30084,0.99
30085,0.75
30086,4.69
30087,3.51
30088,0.99
30089,16.47
30090,1.19
30091,16.47
30092,3.82
30093,16.47
30094,0
30095,117
30096,Off
30097,417.42
30098,1.03
30099,20.82
30100,OK
30101,0.95
30102,985
30103,16.50
30104,14.36
30105,1140
30106,Off
30107,0
30108,0.04
30109,-0.21
30110,0.28
30111,-0.17
30112,On
30113,Off
30114,Off
30115,Off
30116,Off
30117,87.75
30118,7.84
30119,0
30120,1.61
30121,43.53
30122,402.84
30123,400
30124,On
30125,47.21
30126,41
30127,-1280
30128,39.75
30129,4.31
30130,-1.30
30131,7.84
30132,19.50
30133,C/L
30134,0
30135,1.04
30136,1.00
30137,97.90
30138,0
30139,0
30140,0
30141,2
30142,1
30143,3
30144,0
30145,0
30146,12.77
30147,79.68
30148,Off
30149,0.99
30150,0.38
30151,0
30152,3.51
30153,0.98
30154,11.37
30155,1.00
30156,11.37
30157,4.00
30158,11.37
30159,0
30160,113
30161,Off
30162,417.42
30163,0.81
30164,16.19
30165,OK
30166,0.95
30167,985
30168,16.50
30169,14.36
30170,1040
30171,Off
30172,0
30173,1.37
30174,-0.06
30175,1.80
30176,0.03
30177,On
30178,Off
30179,Off
30180,Off
30181,Off
30182,87.75
30183,7.84
30184,0
30185,1.61
30186,44.71
30187,398.20
30188,400
30189,On
30190,46.87
30191,41
30192,-1280
30193,42.00
30194,3.00
30195,-1.30
30196,7.84
30197,19.50
30198,C/L
30199,0
30200,1.03
30201,1.00
30202,81.50
30203,0
30204,0
30205,0
30206,2
30207,1
30208,3
30209,0
30210,0
30211,13.53
30212,79.68
30213,Off
30214,0.99
30215,0.51
30216,0
30217,3.51
30218,0.99
30219,16.47
30220,1.19
30221,16.08
30222,3.81
30223,17.25
30224,0
30225,111
30226,Off
30227,417.42
30228,1.23
30229,24.83
30230,OK
30231,0.95
30232,985
30233,16.50
30234,14.36
30235,1260
30236,Off
30237,0
30238,-0.41
30239,0.12
30240,-0.45
30241,17.45
30242,On
30243,Off
30244,Off
30245,Off
30246,Off
30247,88.50
30248,7.84
30249,0
30250,1.61
30251,7.84
30252,399.51
30253,400
30254,On
30255,49.70
30256,41
30257,-1280
30258,27.00
30259,8.84
30260,-1.30
30261,43.14
30262,20.25
30263,C/L
30264,0
30265,1.04
30266,1.00
30267,117.40
30268,0
30269,0
30270,0
30271,2
30272,1
30273,3
30274,0
30275,9.50
30276,17.01
30277,79.68
30278,Off
30279,1.01
30280,0.64
30281,0
30282,3.51
30283,0.99
30284,16.47
30285,1.17
30286,15.29
30287,3.86
30288,14.90
30289,0
30290,117
30291,Off
30292,417.42
30293,0.88
30294,17.60
30295,OK
30296,0.95
30297,985
30298,16.50
30299,14.36
30300,1070
30301,Off
30302,0
30303,-0.06
30304,-0.13
30305,0.44
30306,-0.12
30307,On
30308,Off
30309,Off
30310,Off
30311,Off
30312,88.50
30313,7.84
30314,0
30315,1.61
30316,44.31
30317,401.68
30318,400
30319,On
30320,47.04
30321,42
30322,-1280
30323,40.50
30324,4.44
30325,-1.30
30326,7.84
30327,20.25
30328,C/L
30329,0
30330,1.04
30331,1.00
30332,111.60
30333,0
30334,0
30335,0
30336,2
30337,1
30338,3
30339,0
30340,6
30341,16.16
30342,79.68
30343,Off
30344,0.99
30345,0.32
30346,0
30347,3.51
30348,1.00
30349,16.08
30350,1.17
30351,15.69
30352,3.84
30353,15.69
30354,0
30355,117
30356,Off
30357,417.42
30358,1.04
30359,21.02
30360,OK
30361,0.95
30362,985
30363,16.50
30364,14.29
30365,1150
30366,Off
30367,0
30368,-0.06
30369,-0.08
30370,-0.03
30371,5.89
30372,On
30373,Off
30374,Off
30375,Off
30376,Off
30377,88.50
30378,7.84
30379,0
30380,1.61
30381,43.92
30382,400.74
30383,400
30384,On
30385,47.39
30386,42
30387,-1280
30388,40.50
30389,2.96
30390,-1.30
30391,7.84
30392,19.50
30393,C/L
30394,0
30395,1.04
30396,1.00
30397,51.50
30398,0
30399,0
30400,0
30401,2
30402,1
30403,3
30404,4.50
30405,0
30406,5.41
30407,79.68
30408,Off
30409,1.04
30410,0.62
30411,0
30412,3.51
30413,1.02
30414,7.84
30415,0.87
30416,8.63
30417,4.08
30418,9.02
30419,0
30420,113
30421,Off
30422,417.42
30423,0.92
30424,18.45
30425,OK
30426,0.95
30427,985
30428,16.50
30429,14.43
30430,1060
30431,Off
30432,0
30433,0.05
30434,-0.06
30435,0.28
30436,-0.14
30437,On
30438,Off
30439,Off
30440,Off
30441,Off
30442,89.25
30443,7.84
30444,0
30445,1.61
30446,44.31
30447,399.80
30448,400
30449,On
30450,46.76
30451,42
30452,-1280
30453,43.50
30454,1.38
30455,-1.30
30456,7.84
30457,19.50
30458,C/L
30459,0
30460,1.04
30461,1.00
30462,27.60
30463,0
30464,0
30465,0
30466,2
30467,1
30468,3
30469,5.50
30470,0
30471,9.33
30472,79.68
30473,Off
30474,0.96
30475,0.20
30476,0
30477,3.51
30478,0.98
30479,12.16
30480,1.02
30481,11.76
30482,3.99
30483,12.94
30484,12.48
30485,107
30486,Off
30487,417.42
30488,1.06
30489,20.09
30490,OK
30491,0.95
30492,985
30493,16.50
30494,14.36
30495,1160
30496,Off
30497,0
30498,-0.14
30499,-0.49
30500,-0.17
30501,12.31
30502,On
30503,Off
30504,Off
30505,Off
30506,Off
30507,88.50
30508,7.84
30509,0
30510,1.61
30511,7.84
30512,395.30
30513,400
30514,On
30515,48.77
30516,42
30517,-1280
30518,31.50
30519,7.11
30520,-1.30
30521,41.18
30522,19.50
30523,C/L
30524,0
30525,1.04
30526,1.00
30527,104.10
30528,0
30529,0
30530,0
30531,2
30532,1
30533,3
30534,0
30535,16
30536,23.17
30537,79.68
30538,Off
30539,0.98
30540,0.11
30541,0
30542,3.51
30543,1.03
30544,14.51
30545,1.12
30546,14.51
30547,3.89
30548,14.51
30549,4.29
30550,111
30551,Off
30552,417.42
30553,0.97
30554,19.52
30555,OK
30556,0.95
30557,985
30558,16.50
30559,14.36
30560,1110
30561,Off
30562,0
30563,0.05
30564,-0.11
30565,0.16
30566,-0.06
30567,On
30568,Off
30569,Off
30570,Off
30571,Off
30572,88.50
30573,7.84
30574,0
30575,1.61
30576,43.92
30577,404.00
30578,400
30579,On
30580,47.57
30581,42
30582,-1280
30583,36.75
30584,5.69
30585,-1.30
30586,49.80
30587,19.50
30588,C/L
30589,0
30590,1.04
30591,1.00
30592,110.10
30593,0
30594,0
30595,0
30596,2
30597,1
30598,3
30599,0
30600,13
30601,16.98
30602,79.68
30603,Off
30604,1.02
30605,0.66
30606,0
30607,3.51
30608,1.03
30609,15.69
30610,1.18
30611,16.47
30612,3.87
30613,14.51
30614,0
30615,112
30616,Off
30617,417.42
30618,0.96
30619,18.47
30620,OK
30621,0.95
30622,985
30623,16.50
30624,14.43
30625,1090
30626,Off
30627,0
30628,-0.10
30629,-0.06
30630,0.24
30631,-0.07
30632,On
30633,Off
30634,Off
30635,Off
30636,Off
30637,88.50
30638,7.84
30639,0
30640,1.61
30641,7.84
30642,407.05
30643,400
30644,On
30645,10.00
30646,42
30647,-1280
30648,-18.00
30649,1.76
30650,-1.30
30651,7.84
30652,19.50
30653,O/L
30654,0
30655,1.04
30656,1.00
30657,77.60
30658,0
30659,0
30660,0
30661,2
30662,1
30663,3
30664,0
30665,7
30666,17.19
30667,79.68
30668,Off
30669,1.03
30670,0.74
30671,0
30672,3.51
30673,1.01
30674,15.69
30675,1.17
30676,15.69
30677,3.89
30678,13.73
30679,11.70
30680,110
30681,Off
30682,417.42
30683,0.98
30684,19.58
30685,OK
30686,0.95
30687,985
30688,16.50
30689,14.22
30690,1100
30691,Off
30692,0
30693,-0.14
30694,-0.11
30695,0.31
30696,-0.12
30697,On
30698,Off
30699,Off
30700,Off
30701,Off
30702,88.50
30703,7.84
30704,0.05
30705,1.61
30706,7.84
30707,398.93
30708,400
30709,On
30710,47.94
30711,42
30712,-1280
30713,35.25
30714,5.68
30715,-1.30
30716,44.71
30717,19.50
30718,C/L
30719,0
30720,1.04
30721,1.00
30722,93.80
30723,0
30724,0
30725,0
30726,2
30727,1
30728,3
30729,1
30730,0
30731,10.06
30732,79.68
30733,Off
30734,0.98
30735,0.27
30736,16.40
30737,3.51
30738,1.00
30739,9.41
30740,0.82
30741,5.88
30742,4.20
30743,5.88
30744,0
30745,108
30746,Off
30747,417.42
30748,0.59
30749,12.07
30750,OK
30751,0.96
30752,985
30753,16.50
30754,14.29
30755,990
30756,Off
30757,0
30758,0.56
30759,0.02
30760,1.16
30761,-0.07
30762,On
30763,Off
30764,Off
30765,Off
30766,Off
30767,88.50
30768,7.84
30769,0.86
30770,1.61
30771,47.45
30772,402.41
30773,400
30774,On
30775,46.50
30776,42
30777,-1280
30778,43.50
30779,4.51
30780,-1.30
30781,7.84
30782,18.75
30783,C/L
30784,0
30785,1.04
30786,1.00
30787,90.20
30788,0
30789,0
30790,0
30791,2
30792,1
30793,3
30794,0
30795,1.50
30796,14.25
30797,79.68
30798,Off
30799,1.00
30800,0.24
30801,99.60
30802,3.51
30803,1.03
30804,21.18
30805,1.37
30806,20.78
30807,3.72
30808,17.65
30809,19.89
30810,110
30811,Off
30812,417.42
30813,1.02
30814,20.52
30815,OK
30816,0.96
30817,985
30818,16.50
30819,14.29
30820,1150
30821,Off
30822,0
30823,-0.14
30824,-1.75
30825,-0.11
30826,8.31
30827,On
30828,Off
30829,Off
30830,Off
30831,Off
30832,88.50
30833,7.84
30834,1.65
30835,1.61
30836,7.84
30837,400.09
30838,400
30839,On
30840,47.80
30841,42
30842,-1280
30843,38.25
30844,5.62
30845,-1.30
30846,49.41
30847,19.50
30848,C/L
30849,0
30850,1.04
30851,1.00
30852,90.90
30853,0
30854,0
30855,0
30856,2
30857,1
30858,3
30859,0
30860,0
30861,12.90
30862,79.68
30863,Off
30864,1.01
30865,0.73
30866,99.60
30867,3.51
30868,0.98
30869,16.47
30870,1.39
30871,21.96
30872,3.69
30873,20.39
30874,23.40
30875,117
30876,Off
30877,417.42
30878,1.22
30879,24.54
30880,OK
30881,0.95
30882,985
30883,16.50
30884,14.43
30885,1270
30886,Off
30887,0
30888,-0.45
30889,1.78
30890,-0.31
30891,11.42
30892,On
30893,Off
30894,Off
30895,Off
30896,Off
30897,88.50
30898,7.84
30899,2.84
30900,1.61
30901,43.92
30902,398.64
30903,400
30904,On
30905,47.04
30906,41
30907,-1280
30908,44.25
30909,2.20
30910,-1.30
30911,7.84
30912,19.50
30913,C/L
30914,0
30915,1.04
30916,1.00
30917,30.80
30918,0
30919,0
30920,0
30921,2
30922,1
30923,3
30924,0
30925,0
30926,3.84
30927,79.68
30928,Off
30929,3.28
30930,0.01
30931,0
30932,3.51
30933,1.00
30934,23.53
30935,1.45
30936,25.10
30937,3.56
30938,23.92
30939,23.79
30940,116
30941,Off
30942,417.42
30943,1.31
30944,27.34
30945,OK
30946,0.95
30947,985
30948,16.50
30949,14.29
30950,1350
30951,Off
30952,0
30953,-0.54
30954,-0.49
30955,10.33
30956,27.61
30957,On
30958,Off
30959,Off
30960,Off
30961,Off
30962,88.50
30963,7.84
30964,0.01
30965,1.61
30966,31.76
30967,395.88
30968,400
30969,On
30970,48.94
30971,41
30972,-1280
30973,15.75
30974,1.39
30975,-1.30
30976,7.84
30977,20.25
30978,C/L
30979,0
30980,1.04
30981,1.00
30982,19.90
30983,0
30984,0
30985,0
30986,2
30987,1
30988,3
30989,0
30990,0
30991,3.87
30992,79.68
30993,Off
30994,7.99
30995,0.02
30996,0
30997,3.51
30998,1.00
30999,3.53
31000,0.71
31001,3.53
31002,4.29
31003,3.53
31004,0
31005,113
31006,Off
31007,417.42
31008,0.44
31009,8.86
31010,OK
31011,0.96
31012,985
31013,16.50
31014,14.36
31015,1010
31016,Off
31017,0
31018,0.36
31019,0.05
31020,0.36
31021,-0.01
31022,On
31023,Off
31024,Off
31025,Off
31026,Off
31027,88.50
31028,7.84
31029,0
31030,1.61
31031,40.39
31032,392.04
31033,400
31034,On
31035,47.68
31036,41
31037,-1280
31038,39.75
31039,4.14
31040,-1.30
31041,7.84
31042,19.50
31043,C/L
31044,0
31045,1.04
31046,1.00
31047,93.40
31048,0
31049,0
31050,0
31051,2
31052,1
31053,3
31054,1
31055,0
31056,11.39
31057,79.68
31058,Off
31059,0.99
31060,0.64
31061,3.12
31062,3.51
31063,0.98
31064,15.69
31065,1.16
31066,16.08
31067,3.83
31068,16.47
31069,5.07
31070,108
31071,Off
31072,430.91
31073,0.87
31074,15.89
31075,OK
31076,0.95
31077,985
31078,16.50
31079,14.43
31080,1060
31081,Off
31082,0
31083,0.30
31084,0.03
31085,5.69
31086,-0.01
31087,On
31088,Off
31089,Off
31090,Off
31091,Off
31092,88.50
31093,7.84
31094,1.58
31095,1.61
31096,43.92
31097,400.88
31098,400
31099,On
31100,47.38
31101,42
31102,-1280
31103,38.25
31104,4.14
31105,-1.30
31106,7.84
31107,19.50
31108,C/L
31109,0
31110,1.04
31111,1.00
31112,62
31113,0
31114,0
31115,0
31116,2
31117,1
31118,3
31119,1
31120,0
31121,10.30
31122,79.68
31123,Off
31124,1.00
31125,0.63
31126,99.60
31127,3.51
31128,0.95
31129,9.80
31130,0.94
31131,9.80
31132,4.08
31133,7.84
31134,0
31135,108
31136,Off
31137,417.42
31138,0.75
31139,15.56
31140,OK
31141,0.95
31142,985
31143,16.50
31144,14.29
31145,1010
31146,Off
31147,0
31148,-0.21
31149,-0.02
31150,1.38
31151,0.06
31152,On
31153,Off
31154,Off
31155,Off
31156,Off
31157,87.75
31158,7.84
31159,3.26
31160,1.61
31161,44.71
31162,403.20
31163,400
31164,On
31165,46.79
31166,42
31167,-1280
31168,38.25
31169,4.74
31170,-1.30
31171,7.84
31172,18.75
31173,C/L
31174,0
31175,1.04
31176,1.00
31177,82.90
31178,0
31179,0
31180,0
31181,2
31182,1
31183,3
31184,0
31185,10
31186,18.01
31187,79.68
31188,Off
31189,1.01
31190,0.12
31191,99.60
31192,3.51
31193,1.05
31194,16.86
31195,1.21
31196,16.86
31197,3.79
31198,16.86
31199,12.48
31200,111
31201,Off
31202,417.42
31203,1.02
31204,20.55
31205,OK
31206,0.95
31207,985
31208,16.50
31209,14.22
31210,1130
31211,Off
31212,0
31213,-0.13
31214,-0.10
31215,-0.01
31216,5.24
31217,On
31218,Off
31219,Off
31220,Off
31221,Off
31222,87.75
31223,7.84
31224,1.87
31225,1.61
31226,7.84
31227,401.32
31228,400
31229,On
31230,48.84
31231,42
31232,-1280
31233,33.00
31234,8.01
31235,-1.30
31236,47.06
31237,19.50
31238,C/L
31239,0
31240,1.04
31241,1.00
31242,161.30
31243,0
31244,0
31245,0
31246,2
31247,1
31248,3
31249,0
31250,16.50
31251,23.74
31252,79.68
31253,Off
31254,1.01
31255,0.73
31256,99.60
31257,3.51
31258,1.08
31259,32.16
31260,1.78
31261,32.16
31262,3.22
31263,32.16
31264,11.31
31265,116
31266,Off
31267,417.42
31268,1.31
31269,26.61
31270,OK
31271,0.95
31272,985
31273,16.50
31274,14.29
31275,1280
31276,Off
31277,0
31278,-0.10
31279,0.02
31280,5.20
31281,22.06
31282,On
31283,Off
31284,Off
31285,Off
31286,Off
31287,87.75
31288,7.84
31289,0.24
31290,1.61
31291,44.71
31292,402.99
31293,400
31294,On
31295,50.97
31296,42
31297,-1280
31298,21.75
31299,12.24
31300,-1.30
31301,47.06
31302,21.00
31303,C/L
31304,0
31305,1.04
31306,1.00
31307,251.80
31308,0
31309,0
31310,0
31311,2
31312,1
31313,3
31314,13
31315,30.50
31316,77.83
31317,79.68
31318,Off
31319,0.99
31320,0.68
31321,99.60
31322,3.51
31323,1.06
31324,70.98
31325,3.24
31326,72.16
31327,1.69
31328,74.12
31329,33.93
31330,128
31331,Off
31332,430.91
31333,1.27
31334,25.69
31335,OK
31336,0.95
31337,985
31338,16.50
31339,14.36
31340,1320
31341,Off
31342,0
31343,-0.34
31344,1.33
31345,0.39
31346,13.17
31347,On
31348,Off
31349,Off
31350,Off
31351,Off
31352,88.50
31353,7.84
31354,0.22
31355,1.61
31356,44.71
31357,401.83
31358,400
31359,On
31360,50.84
31361,42
31362,-1280
31363,28.50
31364,9.83
31365,-1.30
31366,46.67
31367,22.50
31368,C/L
31369,0
31370,1.04
31371,1.00
31372,184.80
31373,0
31374,0
31375,0
31376,2
31377,1
31378,3
31379,1
31380,9.50
31381,15.40
31382,79.68
31383,Off
31384,0.98
31385,0.74
31386,58.98
31387,3.51
31388,0.94
31389,9.41
31390,0.82
31391,5.49
31392,4.22
31393,5.49
31394,0
31395,133
31396,Off
31397,430.91
31398,0.70
31399,14.33
31400,OK
31401,0.96
31402,985
31403,16.50
31404,14.22
31405,1020
31406,Off
31407,0
31408,-0.03
31409,-0.06
31410,2.72
31411,-0.04
31412,On
31413,Off
31414,Off
31415,Off
31416,Off
31417,89.25
31418,7.84
31419,0
31420,1.61
31421,41.96
31422,399.72
31423,400
31424,On
31425,47.30
31426,42
31427,-1280
31428,44.25
31429,2.93
31430,-1.30
31431,7.84
31432,21.00
31433,C/L
31434,0
31435,1.04
31436,1.00
31437,73.20
31438,0
31439,0
31440,0
31441,2
31442,1
31443,3
31444,0
31445,0
31446,11.08
31447,79.68
31448,Off
31449,1.00
31450,0.51
31451,14.45
31452,3.51
31453,0.96
31454,10.20
31455,0.96
31456,10.20
31457,4.03
31458,11.76
31459,12.48
31460,126
31461,Off
31462,417.42
31463,1.07
31464,21.79
31465,OK
31466,0.95
31467,985
31468,16.50
31469,14.36
31470,1220
31471,Off
31472,0
31473,-0.06
31474,-0.49
31475,-0.03
31476,8.96
31477,On
31478,Off
31479,Off
31480,Off
31481,Off
31482,89.25
31483,7.84
31484,2.11
31485,1.61
31486,7.84
31487,397.26
31488,400
31489,On
31490,48.98
31491,42
31492,-1280
31493,35.25
31494,6.55
31495,-1.30
31496,46.27
31497,20.25
31498,C/L
31499,0
31500,1.04
31501,1.00
31502,144.90
31503,0
31504,0
31505,0
31506,2
31507,1
31508,3
31509,0
31510,11
31511,20.05
31512,79.68
31513,Off
31514,1.02
31515,0.19
31516,99.60
31517,3.51
31518,1.08
31519,20.78
31520,1.35
31521,20.78
31522,3.66
31523,20.39
31524,0
31525,131
31526,Off
31527,417.42
31528,1.18
31529,23.69
31530,OK
31531,0.95
31532,985
31533,16.50
31534,14.29
31535,1250
31536,Off
31537,0
31538,-0.20
31539,-0.11
31540,0.60
31541,11.94
31542,On
31543,Off
31544,Off
31545,Off
31546,Off
31547,89.25
31548,7.84
31549,1.10
31550,1.61
31551,7.84
31552,398.78
31553,400
31554,On
31555,48.49
31556,41
31557,-1280
31558,42.00
31559,4.02
31560,-1.30
31561,7.84
31562,20.25
31563,C/L
31564,0
31565,1.04
31566,1.00
31567,76.30
31568,0
31569,0
31570,0
31571,2
31572,1
31573,3
31574,0
31575,0
31576,13.34
31577,79.68
31578,Off
31579,1.03
31580,0.10
31581,99.60
31582,3.51
31583,0.98
31584,11.37
31585,1.06
31586,13.73
31587,3.91
31588,13.33
31589,0
31590,132
31591,Off
31592,417.42
31593,0.88
31594,17.70
31595,OK
31596,0.95
31597,985
31598,16.50
31599,14.29
31600,1070
31601,Off
31602,0
31603,0.29
31604,-0.05
31605,0.36
31606,-0.07
31607,On
31608,Off
31609,Off
31610,Off
31611,Off
31612,89.25
31613,7.84
31614,3.23
31615,1.61
31616,45.49
31617,402.12
31618,400
31619,On
31620,46.94
31621,41
31622,-1280
31623,45.00
31624,2.24
31625,-1.30
31626,7.84
31627,20.25
31628,C/L
31629,0
31630,1.04
31631,1.00
31632,75
31633,0
31634,0
31635,0
31636,2
31637,1
31638,3
31639,0
31640,0
31641,12.73
31642,79.68
31643,Off
31644,1.03
31645,0.42
31646,99.60
31647,3.51
31648,1.01
31649,11.37
31650,1.00
31651,11.37
31652,4.04
31653,10.20
31654,0
31655,130
31656,Off
31657,417.42
31658,0.64
31659,12.92
31660,OK
31661,0.96
31662,985
31663,16.50
31664,14.29
31665,1020
31666,Off
31667,0
31668,0.12
31669,-0.13
31670,3.72
31671,-0.15
31672,On
31673,Off
31674,Off
31675,Off
31676,Off
31677,88.50
31678,7.84
31679,0
31680,1.61
31681,7.84
31682,411.90
31683,400
31684,On
31685,10.00
31686,41
31687,-1280
31688,43.50
31689,2.49
31690,-1.30
31691,7.84
31692,19.50
31693,C/L
31694,0
31695,1.04
31696,1.00
31697,30.30
31698,0
31699,0
31700,0
31701,2
31702,1
31703,3
31704,0
31705,0
31706,5.70
31707,79.68
31708,Off
31709,0.91
31710,0.06
31711,0
31712,3.51
31713,1.00
31714,13.33
31715,1.07
31716,12.94
31717,3.95
31718,12.55
31719,0
31720,122
31721,Off
31722,430.91
31723,0.73
31724,13.63
31725,OK
31726,0.95
31727,985
31728,16.50
31729,14.43
31730,1030
31731,Off
31732,0
31733,0.37
31734,-0.22
31735,0.49
31736,-0.15
31737,On
31738,Off
31739,Off
31740,Off
31741,Off
31742,88.50
31743,7.84
31744,0
31745,1.61
31746,58.43
31747,395.66
31748,400
31749,On
31750,46.87
31751,41
31752,-1280
31753,4.50
31754,4.43
31755,-1.30
31756,7.84
31757,18.75
31758,C/L
31759,0
31760,1.04
31761,1.00
31762,83.10
31763,0
31764,0
31765,0
31766,2
31767,1
31768,3
31769,0.50
31770,0
31771,12.70
31772,79.68
31773,Off
31774,1.01
31775,0.76
31776,0
31777,3.51
31778,0.99
31779,9.80
31780,0.95
31781,9.80
31782,4.06
31783,9.80
31784,0
31785,116
31786,Off
31787,430.91
31788,0.77
31789,15.48
31790,OK
31791,0.95
31792,985
31793,16.50
31794,14.36
31795,1030
31796,Off
31797,0
31798,-0.20
31799,-0.11
31800,1.14
31801,0.02
31802,On
31803,Off
31804,Off
31805,Off
31806,Off
31807,87.75
31808,7.84
31809,0.86
31810,1.61
31811,43.53
31812,398.56
31813,400
31814,On
31815,47.52
31816,41
31817,-1280
31818,38.25
31819,4.36
31820,-1.30
31821,7.84
31822,19.50
31823,C/L
31824,0
31825,1.04
31826,1.00
31827,129.80
31828,0
31829,0
31830,0
31831,2
31832,1
31833,3
31834,0
31835,2.50
31836,13.92
31837,79.68
31838,Off
31839,0.94
31840,0.34
31841,99.60
31842,3.51
31843,1.00
31844,14.51
31845,1.11
31846,14.12
31847,3.89
31848,14.51
31849,0
31850,115
31851,Off
31852,430.91
31853,1.07
31854,21.50
31855,OK
31856,0.95
31857,985
31858,16.50
31859,14.36
31860,1140
31861,Off
31862,0
31863,-0.17
31864,-0.99
31865,-0.15
31866,9.09
31867,On
31868,Off
31869,Off
31870,Off
31871,Off
31872,87.75
31873,7.84
31874,2.90
31875,1.61
31876,43.53
31877,399.22
31878,400
31879,On
31880,48.40
31881,41
31882,-1280
31883,35.25
31884,5.79
31885,-1.30
31886,46.27
31887,20.25
31888,C/L
31889,0
31890,1.04
31891,1.00
31892,77.60
31893,0
31894,0
31895,0
31896,2
31897,1
31898,3
31899,0.50
31900,0
31901,10.49
31902,79.68
31903,Off
31904,0.97
31905,0.19
31906,28.12
31907,3.51
31908,1.03
31909,8.24
31910,0.90
31911,8.63
31912,4.10
31913,8.63
31914,0
31915,115
31916,Off
31917,417.42
31918,0.79
31919,15.82
31920,OK
31921,0.95
31922,985
31923,16.50
31924,14.36
31925,1020
31926,Off
31927,0
31928,-0.17
31929,-0.05
31930,1.20
31931,-0.09
31932,On
31933,Off
31934,Off
31935,Off
31936,Off
31937,87.75
31938,7.84
31939,0.16
31940,1.61
31941,45.88
31942,403.28
31943,400
31944,On
31945,45.86
31946,41
31947,-1280
31948,7.50
31949,1.23
31950,-1.30
31951,7.84
31952,19.50
31953,O/L
31954,0
31955,1.04
31956,1.00
31957,20.40
31958,0
31959,0
31960,0
31961,2
31962,1
31963,3
31964,0
31965,0
31966,3.81
31967,79.68
31968,Off
31969,10.50
31970,0.00
31971,0
31972,3.51
31973,1.00
31974,3.53
31975,0.71
31976,4.31
31977,4.24
31978,7.45
31979,0
31980,110
31981,Off
31982,430.91
31983,0.95
31984,19.42
31985,OK
31986,0.94
31987,985
31988,16.50
31989,14.36
31990,1080
31991,Off
31992,0
31993,-0.19
31994,-0.86
31995,-0.07
31996,10.39
31997,On
31998,Off
31999,Off
32000,Off
32001,Off
32002,87.75
32003,7.84
32004,0
32005,1.61
32006,7.84
32007,393.42
32008,400
32009,On
32010,49.36
32011,41
32012,-1280
32013,39.75
32014,3.30
32015,-1.30
32016,7.84
32017,19.50
32018,C/L
32019,0
32020,1.04
32021,1.00
32022,71.90
32023,0
32024,0
32025,0
32026,2
32027,1
32028,3
32029,0.50
32030,0
32031,11.79
32032,79.68
32033,Off
32034,1.02
32035,0.75
32036,6.64
32037,3.51
32038,0.95
32039,16.47
32040,1.16
32041,14.90
32042,3.87
32043,14.90
32044,15.60
32045,113
32046,Off
32047,430.91
32048,1.05
32049,21.32
32050,OK
32051,0.95
32052,985
32053,16.50
32054,14.36
32055,1180
32056,Off
32057,0
32058,0.05
32059,-0.14
32060,0.11
32061,-0.09
32062,On
32063,Off
32064,Off
32065,Off
32066,Off
32067,88.50
32068,7.84
32069,0.64
32070,1.61
32071,44.71
32072,402.12
32073,400
32074,On
32075,47.42
32076,41
32077,-1280
32078,41.25
32079,3.70
32080,-1.30
32081,7.84
32082,20.25
32083,C/L
32084,0
32085,1.04
32086,1.00
32087,78.20
32088,0
32089,0
32090,0
32091,2
32092,1
32093,3
32094,2.50
32095,0
32096,8.47
32097,79.68
32098,Off
32099,1.00
32100,0.60
32101,15.23
32102,3.51
32103,1.02
32104,5.10
32105,0.77
32106,5.10
32107,4.23
32108,5.10
32109,0
32110,112
32111,Off
32112,417.42
32113,0.41
32114,8.03
32115,OK
32116,0.94
32117,985
32118,17.25
32119,14.43
32120,1010
32121,Off
32122,0
32123,0.66
32124,0.03
32125,0.52
32126,0
32127,On
32128,Off
32129,Off
32130,Off
32131,Off
32132,88.50
32133,7.84
32134,0
32135,1.61
32136,40.78
32137,395.08
32138,400
32139,On
32140,47.58
32141,41
32142,-1280
32143,38.25
32144,4.26
32145,-1.30
32146,7.84
32147,19.50
32148,C/L
32149,0
32150,1.04
32151,1.00
32152,80.70
32153,0
32154,0
32155,0
32156,2
32157,1
32158,3
32159,5.50
32160,0
32161,4.93
32162,79.68
32163,Off
32164,1.07
32165,0.73
32166,0
32167,3.51
32168,1.00
32169,3.53
32170,0.70
32171,3.53
32172,4.30
32173,3.14
32174,0
32175,107
32176,Off
32177,417.42
32178,0.41
32179,8.01
32180,OK
32181,0.94
32182,985
32183,16.50
32184,14.64
32185,1010
32186,Off
32187,0
32188,0.59
32189,-0.02
32190,0.45
32191,0.09
32192,On
32193,Off
32194,Off
32195,Off
32196,Off
32197,88.50
32198,7.84
32199,0
32200,1.61
32201,7.84
32202,416.68
32203,400
32204,On
32205,47.13
32206,41
32207,-1280
32208,3.75
32209,1.51
32210,-1.30
32211,7.84
32212,18.75
32213,O/L
32214,0
32215,1.04
32216,1.00
32217,36.60
32218,0
32219,0
32220,0
32221,2
32222,1
32223,3
32224,5.50
32225,0
32226,7.54
32227,79.68
32228,Off
32229,0.89
32230,0.83
32231,0
32232,3.51
32233,0.97
32234,12.16
32235,1.04
32236,12.55
32237,3.96
32238,12.55
32239,0
32240,98
32241,Off
32242,417.42
32243,0.90
32244,18.01
32245,OK
32246,0.94
32247,985
32248,16.50
32249,14.36
32250,1040
32251,Off
32252,0
32253,-0.17
32254,-0.02
32255,0.56
32256,-0.03
32257,On
32258,Off
32259,Off
32260,Off
32261,Off
32262,87.75
32263,7.84
32264,0.39
32265,1.61
32266,43.14
32267,395.08
32268,400
32269,On
32270,47.66
32271,41
32272,-1270
32273,36.75
32274,3.99
32275,-1.30
32276,7.84
32277,18.75
32278,C/L
32279,0
32280,1.04
32281,1.00
32282,34.60
32283,0
32284,0
32285,0
32286,2
32287,1
32288,3
32289,1
32290,0
32291,13.24
32292,79.68
32293,Off
32294,1.01
32295,0.75
32296,46.87
32297,3.51
32298,0.97
32299,13.33
32300,1.06
32301,19.22
32302,3.55
32303,24.31
32304,26.52
32305,98
32306,Off
32307,417.42
32308,1.11
32309,22.42
32310,OK
32311,0.94
32312,985
32313,16.50
32314,14.36
32315,1210
32316,Off
32317,0
32318,-0.21
32319,0.04
32320,-0.12
32321,4.66
32322,On
32323,Off
32324,Off
32325,Off
32326,Off
32327,87.75
32328,7.84
32329,2.56
32330,1.61
32331,43.92
32332,400.09
32333,400
32334,On
32335,46.43
32336,41
32337,-1280
32338,42.75
32339,1.80
32340,-1.30
32341,7.84
32342,19.50
32343,C/L
32344,0
32345,1.04
32346,1.00
32347,127.50
32348,0
32349,0
32350,0
32351,2
32352,1
32353,3
32354,0
32355,11
32356,17.25
32357,79.68
32358,Off
32359,1.03
32360,0.09
32361,99.60
32362,3.51
32363,1.05
32364,15.69
32365,1.17
32366,15.69
32367,3.85
32368,15.29
32369,2.34
32370,105
32371,Off
32372,417.42
32373,1.05
32374,21.28
32375,OK
32376,0.94
32377,985
32378,16.50
32379,14.43
32380,1170
32381,Off
32382,0
32383,-0.05
32384,2.42
32385,-0.03
32386,4.28
32387,On
32388,Off
32389,Off
32390,Off
32391,Off
32392,87.75
32393,7.84
32394,1.64
32395,1.61
32396,7.84
32397,400.67
32398,400
32399,On
32400,48.41
32401,41
32402,-1280
32403,38.25
32404,3.93
32405,-1.30
32406,7.84
32407,19.50
32408,C/L
32409,0
32410,1.04
32411,1.00
32412,70.70
32413,0
32414,0
32415,0
32416,2
32417,1
32418,3
32419,1
32420,0
32421,8.84
32422,79.68
32423,Off
32424,1.01
32425,0.49
32426,0
32427,3.51
32428,0.95
32429,8.63
32430,0.90
32431,9.02
32432,4.10
32433,7.84
32434,0
32435,108
32436,Off
32437,417.42
32438,0.52
32439,10.34
32440,OK
32441,0.94
32442,985
32443,16.50
32444,14.36
32445,1010
32446,Off
32447,0
32448,0.52
32449,0.06
32450,0.66
32451,-0.01
32452,On
32453,Off
32454,Off
32455,Off
32456,Off
32457,87.75
32458,7.84
32459,0
32460,1.61
32461,40.78
32462,399.29
32463,400
32464,On
32465,47.10
32466,41
32467,-1280
32468,38.25
32469,4.52
32470,-1.30
32471,7.84
32472,18.75
32473,C/L
32474,0
32475,1.04
32476,1.00
32477,43
32478,0
32479,0
32480,0
32481,2
32482,1
32483,3
32484,4.50
32485,0
32486,6.29
32487,79.68
32488,Off
32489,1.04
32490,0.81
32491,0
32492,3.51
32493,1.01
32494,4.71
32495,0.71
32496,3.14
32497,4.30
32498,3.14
32499,0
32500,101
32501,Off
32502,417.42
32503,0.41
32504,8.01
32505,OK
32506,0.94
32507,985
32508,16.50
32509,14.36
32510,1000
32511,Off
32512,0
32513,0.52
32514,0.05
32515,0.58
32516,-0.04
32517,On
32518,Off
32519,Off
32520,Off
32521,Off
32522,88.50
32523,7.84
32524,0
32525,1.61
32526,7.84
32527,422.12
32528,400
32529,On
32530,10.00
32531,41
32532,-1230
32533,-1.50
32534,0.80
32535,-1.30
32536,7.84
32537,18.75
32538,O/L
32539,0
32540,1.04
32541,1.00
32542,17.50
32543,0
32544,0
32545,0
32546,2
32547,1
32548,3
32549,5.50
32550,0
32551,7.86
32552,79.68
32553,Off
32554,0.92
32555,0.03
32556,0
32557,3.51
32558,0.99
32559,11.37
32560,1.00
32561,10.98
32562,4.02
32563,11.76
32564,0
32565,96
32566,Off
32567,417.42
32568,0.90
32569,18.32
32570,OK
32571,0.94
32572,985
32573,16.50
32574,14.50
32575,1060
32576,Off
32577,0
32578,0.39
32579,-0.02
32580,0.17
32581,-0.04
32582,On
32583,Off
32584,Off
32585,Off
32586,Off
32587,88.50
32588,7.84
32589,0.04
32590,1.61
32591,7.84
32592,400.74
32593,400
32594,On
32595,47.64
32596,41
32597,-1280
32598,36.00
32599,5.37
32600,-1.30
32601,46.67
32602,18.75
32603,C/L
32604,0
32605,1.04
32606,1.00
32607,89.70
32608,0
32609,0
32610,0
32611,2
32612,1
32613,3
32614,0
32615,5.50
32616,15.89
32617,79.68
32618,Off
32619,1.02
32620,0.74
32621,10.94
32622,3.51
32623,1.01
32624,14.90
32625,1.13
32626,14.90
32627,3.87
32628,14.90
32629,0
32630,102
32631,Off
32632,417.42
32633,0.89
32634,17.21
32635,OK
32636,0.94
32637,985
32638,16.50
32639,14.29
32640,1060
32641,Off
32642,0
32643,0.37
32644,-0.75
32645,0
32646,0.33
32647,On
32648,Off
32649,Off
32650,Off
32651,Off
32652,87.75
32653,7.84
32654,0.87
32655,1.61
32656,7.84
32657,400.96
32658,400
32659,On
32660,46.97
32661,41
32662,-1280
32663,41.25
32664,3.56
32665,-1.30
32666,7.84
32667,19.50
32668,C/L
32669,0
32670,1.04
32671,1.00
32672,60.70
32673,0
32674,0
32675,0
32676,2
32677,1
32678,3
32679,3
32680,0
32681,8.43
32682,79.68
32683,Off
32684,0.98
32685,0.74
32686,68.35
32687,3.51
32688,0.96
32689,6.27
32690,0.74
32691,4.31
32692,4.26
32693,4.31
32694,0
32695,105
32696,Off
32697,417.42
32698,0.58
32699,11.68
32700,OK
32701,0.94
32702,985
32703,16.50
32704,14.36
32705,1000
32706,Off
32707,0
32708,0.53
32709,0.02
32710,0.47
32711,0.03
32712,On
32713,Off
32714,Off
32715,Off
32716,Off
32717,87.75
32718,7.84
32719,0
32720,1.61
32721,7.84
32722,414.00
32723,400
32724,On
32725,10.00
32726,41
32727,-1280
32728,-0.75
32729,0.80
32730,-1.30
32731,7.84
32732,18.75
32733,O/L
32734,0
32735,1.04
32736,1.00
32737,19.10
32738,0
32739,0
32740,0
32741,2
32742,1
32743,3
32744,0
32745,0
32746,3.40
32747,79.68
32748,Off
32749,14.17
32750,0.00
32751,0
32752,3.51
32753,1.00
32754,3.14
32755,0.69
32756,3.14
32757,4.31
32758,3.14
32759,0
32760,100
32761,Off
32762,430.91
32763,0.68
32764,14.04
32765,OK
32766,0.94
32767,985
32768,16.50
32769,14.29
32770,990
32771,Off
32772,0
32773,0.33
32774,-0.05
32775,0.88
32776,-0.03
32777,On
32778,Off
32779,Off
32780,Off
32781,Off
32782,87.75
32783,7.84
32784,0
32785,1.61
32786,7.84
32787,397.26
32788,400
32789,On
32790,47.79
32791,42
32792,-1280
32793,38.25
32794,3.92
32795,-1.30
32796,7.84
32797,18.75
32798,C/L
32799,0
32800,1.04
32801,1.00
32802,79.00
32803,0
32804,0
32805,0
32806,2
32807,1
32808,3
32809,0
32810,0
32811,14.13
32812,79.68
32813,Off
32814,0.97
32815,0.21
32816,23.44
32817,3.51
32818,1.03
32819,12.94
32820,1.06
32821,10.98
32822,4.04
32823,8.63
32824,0
32825,100
32826,Off
32827,430.91
32828,0.79
32829,15.82
32830,OK
32831,0.94
32832,985
32833,16.50
32834,14.43
32835,1030
32836,Off
32837,0
32838,-2.79
32839,-0.02
32840,7.39
32841,0.03
32842,On
32843,Off
32844,Off
32845,Off
32846,Off
32847,87.75
32848,7.84
32849,1.61
32850,1.61
32851,43.14
32852,401.10
32853,400
32854,On
32855,47.32
32856,42
32857,-1280
32858,36.75
32859,4.66
32860,-1.30
32861,46.27
32862,18.75
32863,C/L
32864,0
32865,1.04
32866,1.00
32867,113.10
32868,0
32869,0
32870,0
32871,2
32872,1
32873,3
32874,0
32875,11
32876,15.43
32877,79.68
32878,Off
32879,0.97
32880,0.22
32881,99.60
32882,3.51
32883,1.07
32884,18.43
32885,1.25
32886,18.04
32887,3.80
32888,13.33
32889,0
32890,102
32891,Off
32892,430.91
32893,0.88
32894,16.75
32895,OK
32896,0.94
32897,985
32898,16.50
32899,14.36
32900,1060
32901,Off
32902,0
32903,-0.61
32904,0.05
32905,3.20
32906,0.03
32907,On
32908,Off
32909,Off
32910,Off
32911,Off
32912,87.75
32913,7.84
32914,3.26
32915,1.61
32916,48.63
32917,402.48
32918,400
32919,On
32920,46.03
32921,42
32922,-1280
32923,41.25
32924,3.09
32925,-1.30
32926,7.84
32927,19.50
32928,C/L
32929,0
32930,1.04
32931,1.00
32932,37.30
32933,0
32934,0
32935,0
32936,2
32937,1
32938,3
32939,1.50
32940,0
32941,10.64
32942,79.68
32943,Off
32944,0.97
32945,0.12
32946,64.84
32947,3.51
32948,0.99
32949,11.37
32950,1.00
32951,11.37
32952,4.00
32953,11.37
32954,0
32955,100
32956,Off
32957,430.91
32958,0.86
32959,17.24
32960,OK
32961,0.94
32962,985
32963,16.50
32964,14.43
32965,1030
32966,Off
32967,0
32968,0.90
32969,0
32970,1.08
32971,-0.04
32972,On
32973,Off
32974,Off
32975,Off
32976,Off
32977,87.75
32978,7.84
32979,0.29
32980,1.61
32981,45.49
32982,401.25
32983,400
32984,On
32985,47.53
32986,42
32987,-1280
32988,37.50
32989,4.48
32990,-1.30
32991,7.84
32992,19.50
32993,C/L
32994,0
32995,1.04
32996,1.00
32997,92.70
32998,0
32999,0
33000,0
33001,2
33002,1
33003,3
33004,1
33005,0
33006,9.44
33007,79.68
33008,Off
33009,0.96
33010,0.26
33011,0
33012,3.51
33013,0.99
33014,16.08
33015,1.16
33016,14.90
33017,3.89
33018,14.12
33019,9.36
33020,102
33021,Off
33022,430.91
33023,0.96
33024,19.18
33025,OK
33026,0.94
33027,985
33028,17.25
33029,14.43
33030,1090
33031,Off
33032,0
33033,0.03
33034,-0.13
33035,0
33036,2.11
33037,On
33038,Off
33039,Off
33040,Off
33041,Off
33042,87.75
33043,7.84
33044,0
33045,1.61
33046,7.84
33047,401.68
33048,400
33049,On
33050,47.73
33051,42
33052,-1280
33053,38.25
33054,4.54
33055,-1.30
33056,7.84
33057,19.50
33058,C/L
33059,0
33060,1.04
33061,1.00
33062,87.10
33063,0
33064,0
33065,0
33066,2
33067,1
33068,3
33069,1
33070,0
33071,7.80
33072,79.68
33073,Off
33074,0.99
33075,0.75
33076,0
33077,3.51
33078,0.95
33079,7.45
33080,0.85
33081,7.45
33082,4.08
33083,10.98
33084,0
33085,103
33086,Off
33087,430.91
33088,0.83
33089,16.72
33090,OK
33091,0.94
33092,985
33093,17.25
33094,14.29
33095,1020
33096,Off
33097,0
33098,-0.10
33099,-0.05
33100,1.22
33101,0.08
33102,On
33103,Off
33104,Off
33105,Off
33106,Off
33107,88.50
33108,7.84
33109,0
33110,1.61
33111,43.53
33112,397.98
33113,400
33114,On
33115,46.66
33116,42
33117,-1280
33118,40.50
33119,3.84
33120,-1.30
33121,7.84
33122,19.50
33123,C/L
33124,0
33125,1.04
33126,1.00
33127,108.30
33128,0
33129,0
33130,0
33131,2
33132,1
33133,3
33134,0
33135,3.50
33136,14.59
33137,79.68
33138,Off
33139,0.99
33140,0.71
33141,0
33142,3.51
33143,0.99
33144,8.63
33145,0.89
33146,8.24
33147,4.13
33148,7.84
33149,0
33150,103
33151,Off
33152,430.91
33153,0.73
33154,14.31
33155,OK
33156,0.94
33157,985
33158,17.25
33159,14.36
33160,1020
33161,Off
33162,0
33163,0.27
33164,-0.05
33165,6.36
33166,0.03
33167,On
33168,Off
33169,Off
33170,Off
33171,Off
33172,88.50
33173,7.84
33174,0
33175,1.61
33176,42.35
33177,395.08
33178,400
33179,On
33180,47.45
33181,42
33182,-1280
33183,35.25
33184,5.23
33185,-1.30
33186,7.84
33187,19.50
33188,C/L
33189,0
33190,1.04
33191,1.00
33192,64.50
33193,0
33194,0
33195,0
33196,2
33197,1
33198,3
33199,2
33200,0
33201,8.99
33202,79.68
33203,Off
33204,0.98
33205,0.19
33206,0
33207,3.51
33208,0.98
33209,9.02
33210,0.91
33211,9.02
33212,4.11
33213,7.84
33214,0
33215,102
33216,Off
33217,430.91
33218,0.67
33219,13.43
33220,OK
33221,0.93
33222,985
33223,16.50
33224,14.43
33225,1000
33226,Off
33227,0
33228,2.81
33229,-0.02
33230,3.85
33231,0.05
33232,On
33233,Off
33234,Off
33235,Off
33236,Off
33237,88.50
33238,7.84
33239,0
33240,1.61
33241,33.73
33242,390.88
33243,400
33244,On
33245,47.32
33246,42
33247,-1280
33248,34.50
33249,6.10
33250,-1.30
33251,49.80
33252,18.75
33253,C/L
33254,0
33255,1.04
33256,1.00
33257,105.50
33258,0
33259,0
33260,0
33261,2
33262,1
33263,3
33264,1.50
33265,0
33266,8.54
33267,79.68
33268,Off
33269,0.96
33270,0.17
33271,0
33272,3.51
33273,1.00
33274,10.98
33275,0.97
33276,9.80
33277,4.09
33278,9.02
33279,0
33280,103
33281,Off
33282,430.91
33283,0.81
33284,17.03
33285,OK
33286,0.93
33287,985
33288,16.50
33289,14.29
33290,1070
33291,Off
33292,0
33293,0.06
33294,-0.35
33295,-0.06
33296,0.82
33297,On
33298,Off
33299,Off
33300,Off
33301,Off
33302,88.50
33303,7.84
33304,0
33305,1.61
33306,50.59
33307,405.60
33308,400
33309,On
33310,45.97
33311,42
33312,-1280
33313,2.25
33314,1.24
33315,-1.30
33316,7.84
33317,18.75
33318,C/L
33319,0
33320,1.04
33321,1.00
33322,112.20
33323,0
33324,0
33325,0
33326,2
33327,1
33328,3
33329,0
33330,3
33331,15.07
33332,79.68
33333,Off
33334,1.04
33335,0.74
33336,0
33337,3.51
33338,0.98
33339,17.65
33340,1.30
33341,18.04
33342,3.79
33343,16.08
33344,11.70
33345,103
33346,Off
33347,430.91
33348,0.53
33349,8.01
33350,OK
33351,0.93
33352,985
33353,17.25
33354,14.50
33355,1050
33356,Off
33357,0
33358,0.39
33359,0.03
33360,0.53
33361,0.08
33362,On
33363,Off
33364,Off
33365,Off
33366,Off
33367,88.50
33368,7.84
33369,0
33370,1.61
33371,7.84
33372,415.74
33373,400
33374,On
33375,10.00
33376,42
33377,-1280
33378,-1.50
33379,0.81
33380,-1.30
33381,7.84
33382,18.75
33383,O/L
33384,0
33385,1.04
33386,1.00
33387,17.50
33388,0
33389,0
33390,0
33391,2
33392,1
33393,3
33394,0
33395,0
33396,3.21
33397,79.68
33398,Off
33399,14.57
33400,0.00
33401,0
33402,3.51
33403,1.00
33404,3.14
33405,0.69
33406,2.75
33407,4.29
33408,4.31
33409,0
33410,92
33411,Off
33412,430.91
33413,0.81
33414,16.28
33415,OK
33416,0.93
33417,985
33418,17.25
33419,14.36
33420,1000
33421,Off
33422,0
33423,-0.10
33424,0.05
33425,1.55
33426,0.03
33427,On
33428,Off
33429,Off
33430,Off
33431,Off
33432,88.50
33433,7.84
33434,0
33435,1.61
33436,43.14
33437,399.51
33438,400
33439,On
33440,47.00
33441,42
33442,-1100
33443,35.25
33444,5.15
33445,-1.30
33446,47.06
33447,18.75
33448,C/L
33449,0
33450,1.04
33451,1.00
33452,66.50
33453,0
33454,0
33455,0
33456,2
33457,1
33458,3
33459,0.50
33460,0
33461,11.66
33462,79.68
33463,Off
33464,1.00
33465,0.14
33466,6.64
33467,3.51
33468,1.05
33469,12.55
33470,1.04
33471,10.98
33472,4.09
33473,9.02
33474,0
33475,90
33476,Off
33477,417.42
33478,0.81
33479,15.90
33480,OK
33481,0.93
33482,985
33483,17.25
33484,14.43
33485,1020
33486,Off
33487,0
33488,0.76
33489,0.02
33490,0.38
33491,0.14
33492,On
33493,Off
33494,Off
33495,Off
33496,Off
33497,88.50
33498,7.84
33499,0.16
33500,1.61
33501,7.84
33502,394.00
33503,400
33504,On
33505,47.36
33506,42
33507,-1150
33508,33.00
33509,6.24
33510,-1.30
33511,39.22
33512,19.50
33513,C/L
33514,0
33515,1.04
33516,1.00
33517,83.40
33518,0
33519,0
33520,0
33521,2
33522,1
33523,3
33524,0
33525,0
33526,12.65
33527,79.68
33528,Off
33529,0.99
33530,0.76
33531,51.95
33532,3.51
33533,1.00
33534,9.80
33535,0.93
33536,9.41
33537,4.10
33538,8.24
33539,0
33540,95
33541,Off
33542,430.91
33543,0.71
33544,14.19
33545,OK
33546,0.93
33547,985
33548,16.50
33549,14.43
33550,1010
33551,Off
33552,0
33553,0.01
33554,-0.03
33555,5
33556,0.03
33557,On
33558,Off
33559,Off
33560,Off
33561,Off
33562,87.75
33563,7.84
33564,2.56
33565,1.61
33566,44.71
33567,400.01
33568,400
33569,On
33570,46.90
33571,43
33572,-1260
33573,39.00
33574,3.94
33575,-1.30
33576,7.84
33577,19.50
33578,C/L
33579,0
33580,1.04
33581,1.00
33582,105.50
33583,0
33584,0
33585,0
33586,2
33587,1
33588,3
33589,0
33590,3.50
33591,14.08
33592,79.68
33593,Off
33594,0.99
33595,0.22
33596,99.60
33597,3.51
33598,1.05
33599,14.12
33600,1.11
33601,14.51
33602,3.89
33603,14.12
33604,0
33605,101
33606,Off
33607,430.91
33608,1
33609,20.09
33610,OK
33611,0.93
33612,985
33613,17.25
33614,14.36
33615,1120
33616,Off
33617,0
33618,-0.03
33619,0
33620,-0.01
33621,5.60
33622,On
33623,Off
33624,Off
33625,Off
33626,Off
33627,88.50
33628,7.84
33629,2.18
33630,1.61
33631,45.10
33632,404.22
33633,400
33634,On
33635,47.28
33636,43
33637,-1280
33638,39.00
33639,4.04
33640,-1.30
33641,7.84
33642,19.50
33643,C/L
33644,0
33645,1.04
33646,1.00
33647,46.20
33648,0
33649,0
33650,0
33651,2
33652,1
33653,3
33654,4.50
33655,0
33656,5.39
33657,79.68
33658,Off
33659,1.03
33660,0.69
33661,51.95
33662,3.51
33663,1.01
33664,7.84
33665,0.87
33666,8.63
33667,4.09
33668,9.80
33669,0
33670,102
33671,Off
33672,430.91
33673,0.86
33674,17.12
33675,OK
33676,0.93
33677,985
33678,17.25
33679,14.43
33680,1030
33681,Off
33682,0
33683,-0.42
33684,-0.02
33685,1.27
33686,0.03
33687,On
33688,Off
33689,Off
33690,Off
33691,Off
33692,88.50
33693,7.84
33694,3.12
33695,1.61
33696,43.14
33697,396.90
33698,400
33699,On
33700,47.19
33701,43
33702,-1280
33703,34.50
33704,6.43
33705,-1.30
33706,46.67
33707,19.50
33708,C/L
33709,0
33710,1.04
33711,1.00
33712,52.10
33713,0
33714,0
33715,0
33716,2
33717,1
33718,3
33719,1
33720,0
33721,10.31
33722,79.68
33723,Off
33724,0.95
33725,0.23
33726,99.60
33727,3.51
33728,1.01
33729,8.24
33730,0.88
33731,7.84
33732,4.14
33733,7.06
33734,0
33735,102
33736,Off
33737,417.42
33738,0.81
33739,16.24
33740,OK
33741,0.93
33742,985
33743,16.50
33744,14.36
33745,1020
33746,Off
33747,0
33748,0.38
33749,-0.06
33750,6.33
33751,0.06
33752,On
33753,Off
33754,Off
33755,Off
33756,Off
33757,88.50
33758,7.84
33759,0
33760,1.61
33761,7.84
33762,409.73
33763,400
33764,On
33765,10.00
33766,43
33767,-1280
33768,-1.50
33769,0.81
33770,-1.30
33771,7.84
33772,18.75
33773,O/L
33774,0
33775,1.04
33776,1.00
33777,18.30
33778,0
33779,0
33780,0
33781,2
33782,1
33783,3
33784,0
33785,0
33786,3.25
33787,79.68
33788,Off
33789,14.47
33790,0.00
33791,0
33792,3.51
33793,1.00
33794,3.14
33795,0.68
33796,3.14
33797,4.31
33798,2.75
33799,0
33800,95
33801,Off
33802,430.91
33803,0.41
33804,8.01
33805,OK
33806,0.93
33807,985
33808,16.50
33809,14.50
33810,1000
33811,Off
33812,0
33813,0.56
33814,0.09
33815,0.61
33816,0.13
33817,On
33818,Off
33819,Off
33820,Off
33821,Off
33822,88.50
33823,7.84
33824,0
33825,1.61
33826,7.84
33827,428.57
33828,400
33829,On
33830,10.00
33831,43
33832,-1130
33833,-2.25
33834,0.80
33835,-1.30
33836,7.84
33837,18.75
33838,O/L
33839,0
33840,1.04
33841,1.00
33842,16.90
33843,0
33844,0
33845,0
33846,2
33847,1
33848,3
33849,0
33850,0
33851,3.03
33852,79.68
33853,Off
33854,15.90
33855,-0.00
33856,0
33857,3.51
33858,1.00
33859,2.75
33860,0.68
33861,2.75
33862,4.32
33863,2.75
33864,0
33865,87
33866,Off
33867,430.91
33868,0.41
33869,8.01
33870,OK
33871,0.93
33872,985
33873,17.25
33874,14.43
33875,1000
33876,Off
33877,0
33878,0.56
33879,0.12
33880,0.66
33881,0.09
33882,On
33883,Off
33884,Off
33885,Off
33886,Off
33887,87.75
33888,7.84
33889,0
33890,1.61
33891,7.84
33892,429.66
33893,400
33894,On
33895,10.00
33896,43
33897,-960
33898,-5.25
33899,0.83
33900,-1.30
33901,7.84
33902,18.00
33903,O/L
33904,0.10
33905,1.04
33906,1.00
33907,14.50
33908,0
33909,0
33910,0
33911,2
33912,1
33913,3
33914,0
33915,0
33916,2.68
33917,79.68
33918,Off
33919,15.77
33920,-0.00
33921,0
33922,3.51
33923,1.00
33924,2.35
33925,0.67
33926,2.35
33927,4.33
33928,2.35
33929,0
33930,77
33931,Off
33932,417.42
33933,0.41
33934,8.01
33935,OK
33936,0.93
33937,985
33938,16.50
33939,14.15
33940,990
33941,On
33942,1.18
33943,0.32
33944,0.20
33945,1
33946,0.19
33947,On
33948,Off
33949,Off
33950,Off
33951,Off
33952,87.75
33953,7.84
33954,0
33955,1.61
33956,46.27
33957,432.84
33958,400
33959,On
33960,10.00
33961,43
33962,-610
33963,-6.75
33964,0.89
33965,-1.30
33966,7.84
33967,18.00
33968,O/L
33969,0
33970,1.04
33971,1.00
33972,11
33973,0
33974,0
33975,0
33976,2
33977,1
33978,3
33979,7.50
33980,0
33981,2.73
33982,79.68
33983,Off
33984,1.43
33985,0.00
33986,0
33987,3.51
33988,1.00
33989,1.57
33990,0.64
33991,1.57
33992,4.36
33993,1.57
33994,0
33995,47
33996,Off
33997,417.42
33998,0.41
33999,8.01
34000,OK
34001,0.93
34002,985
34003,16.50
34004,14.08
34005,990
34006,On
34007,26.67
34008,-0.35
34009,0.11
34010,9.02
34011,0.11
34012,On
34013,Off
34014,Off
34015,Off
34016,Off
34017,87.00
34018,7.84
34019,0.00
34020,1.61
34021,44.71
34022,402.41
34023,400
34024,On
34025,44.70
34026,43
34027,-90
34028,2.25
34029,1.57
34030,-1.30
34031,7.84
34032,18.00
34033,C/L
34034,0
34035,1.04
34036,1.00
34037,12.70
34038,0
34039,0
34040,0
34041,2
34042,1
34043,3
34044,8.50
34045,0
34046,1.76
34047,79.68
34048,Off
34049,0.90
34050,0.85
34051,3.52
34052,3.51
34053,1.00
34054,2.35
34055,0.66
34056,2.35
34057,4.34
34058,2.35
34059,0
34060,11
34061,Off
34062,417.42
34063,0.41
34064,8.01
34065,OK
34066,0.93
34067,985
34068,16.50
34069,14.36
34070,980
34071,On
34072,26.67
34073,-0.16
34074,0.14
34075,9.61
34076,0.09
34077,On
34078,Off
34079,Off
34080,Off
34081,Off
34082,86.25
34083,7.84
34084,0.01
34085,1.61
34086,45.10
34087,400.67
34088,400
34089,On
34090,45.11
34091,43
34092,-10
34093,11.25
34094,1.97
34095,-1.30
34096,7.84
34097,18.00
34098,C/L
34099,0
34100,1.04
34101,1.00
34102,11.60
34103,0
34104,0
34105,0
34106,2
34107,1
34108,3
34109,9
34110,0
34111,2.31
34112,79.68
34113,Off
34114,1.02
34115,0.80
34116,0
34117,3.51
34118,0.94
34119,1.96
34120,0.65
34121,1.96
34122,4.34
34123,1.96
34124,0
34125,0
