Row,Count Codes(Include History),+BM Voltage [V],2nd Air Monitor,2nd Air Monitor,2nd Air Monitor CMPL,2nd Air Monitor ENA,4WD Switch,AC Monitor,AC Monitor,AC Monitor CMPL,AC Monitor ENA,AC Signal,Air/Fuel Heater Duty (Bank1 Sensor1) [%],Air/Fuel Heater Duty (Bank2 Sensor1) [%],A/T Oil Temperature 1 [degree C],A/T Oil Temperature 2 [degree C],Accel Fully Close Learn Count1 [deg],Accel Fully Close Learn Count2 [deg],Accel Sens. No.1 Volt % [%],Accel Sens. No.2 Volt % [%],Accel Sensor Out No.1 [V],Accel Sensor Out No.2 [V],Accelerator Idle Position,Accelerator Position [%],ACIS VSV,ACT VSV,Actuator Power Supply,AF Lambda (Bank1 Sensor1),AF Lambda (Bank2 Sensor1),AFS Current (Bank1 Sensor1) [mA],AFS Current (Bank2 Sensor1) [mA],AFS Voltage (Bank1 Sensor1) [V],AFS Voltage (Bank2 Sensor1) [V],All Cylinders Misfire Count,Atmosphere Pressure [kPa],Av Engine Speed of All Cyl [rpm],Battery Voltage [V],Calculate Load [%],Catalyst Misfire CylinderCount1,Catalyst Misfire CylinderCount2,Catalyst Misfire CylinderCount3,Catalyst Misfire CylinderCount4,Catalyst Misfire CylinderCount5,Catalyst Misfire CylinderCount6,Catalyst Misfire History,Catalyst Monitor,Catalyst Monitor,Catalyst Monitor CMPL,Catalyst Monitor ENA,Catalyst OT MF F/C,Catalyst Temp (Bank1 Sensor1) [degree C],Catalyst Temp B1S2 [degree C],Catalyst Temp (Bank2 Sensor1) [degree C],Catalyst Temp B2S2 [degree C],Closed Throttle Position Switch,Complete Parts Monitor,Component Monitor CMPL,Component Monitor ENA,Coolant Temp [degree C],Cylinder Count1 Misfire Count,Cylinder Count2 Misfire Count,Cylinder Count3 Misfire Count,Cylinder Count4 Misfire Count,Cylinder Count5 Misfire Count,Cylinder Count6 Misfire Count,Cylinder Number,Destination,Dist Batt Cable Disconnect [km],Distance from DTC Cleared [km],EGR/VVT Monitor,EGR/VVT Monitor,EGR/VVT Monitor CMPL,EGR/VVT Monitor ENA,Electrical Load Signal 1,Electrical Load Signal 2,Engine Run Time [s],Engine Speed [rpm],Engine Speed of Cyl Count1 [rpm],Engine Speed of Cyl Count2 [rpm],Engine Speed of Cyl Count3 [rpm],Engine Speed of Cyl Count4 [rpm],Engine Speed of Cyl Count5 [rpm],Engine Speed of Cyl Count6 [rpm],Engine Type,EVAP (Purge) VSV [%],EVAP Monitor,EVAP Monitor,EVAP Monitor CMPL,EVAP Monitor ENA,Evap Purge Flow [%],EVAP Purge VSV,EVAP System Vent Valve,FC TAU,Fuel Cut Condition,Fuel Pump Speed Control,Fuel Pump/Speed Status,Fuel System Monitor,Fuel System Monitor CMPL,Fuel System Monitor ENA,Fuel System Monitor Result,Fuel System Status Count1,Fuel System Status Count2,Heated Cat Monitor CMPL,Heated Cat Monitor ENA,Heated Catalyst Monitor,Heated Catalyst Monitor,Heater Monitor CMPL,Heater Monitor ENA,Idle Fuel Cut,IG OFF Elapsed Time [min],IGN Advance [deg],Ignition Trig. Count,Immobiliser Communication,Initial Engine Coolant Temp [degree C],Initial Intake Air Temp [degree C],Injection Volum (Cylinder1) [ml],Injector(Port) [us],Intake Air [degree C],Knock Correct Learn Value [degree CA],Knock Feedback Value [degree CA],Lock Up,Long FT (Bank1 Sensor1) [%],Long FT (Bank2 Sensor1) [%],MAF [gm/s],MIL,MIL on Run Distance [km],MISFIRE LOAD [g/rev],Misfire Margin [%],Misfire Monitor,Misfire Monitor CMPL,Misfire Monitor ENA,MISFIRE RPM [rpm],Model Code,Neutral Position Switch Signal,Number Of Emission DTC,O2 Heater B1S2,O2 Heater B2S2,O2 Heater Curr Val B1S2 [A],O2 Heater Curr Val B2S2 [A],O2S B1S2 [V],O2S B2S2 [V],O2S Impedance B1S2 [ohm],O2S Impedance B2S2 [ohm],O2S(Air/FuelS) Heater Monitor,O2S(Air/FuelS) Heater Monitor,O2S(Air/FuelS) Monitor,O2S(Air/FuelS) Monitor,O2S(Air/FuelS) Monitor CMPL,O2S(Air/FuelS) Monitor ENA,OBD Requirements,Open Side Malfunction,Power Steering Signal,Purge Cut VSV Duty [%],Purge Density Learn Value,Running Time from MIL ON [min],Shift Status,Shift Switch Status (2 Range),Shift Switch Status (3 Range),Shift Switch Status (D Range),Shift Switch Status (L Range),Shift Switch Status (R Range),Shift Switch Status(4 Range),Short FT (Bank1 Sensor1) [%],Short FT (Bank2 Sensor1) [%],SLT Solenoid Status,SLU Solenoid Status,SPD (NT) [rpm],SPD (SP2) [km/h],ST1,Starter Signal,Stop Light Switch,System Guard,System Identification,Target Air-Fuel Ratio,TC and TE1,TC Terminal,Throttle Fully Close Learn [V],Throttle Idle Position,Throttle Motor Current [A],Throttle Motor DUTY [%],Throttle Motor Duty (Close) [%],Throttle Motor Duty (Open) [%],Throttle Position Command [V],Throttle Position No.1 [V],Throttle Position No.2 [V],Throttle Require Position [V],Throttle Sens Open Pos Count1 [V],Throttle Sens Open Pos Count2 [V],Throttle Sensor Count2 Volt % [%],Throttle Sensor Position [%],Throttle Sensor Volt % [%],Time after DTC Cleared [min],TOTAL FT Count1,TOTAL FT Count2,Transfer L4,Transmission Type,Transmission Type2,Vacuum Pump,Vapor Pressure (Calculated) [kPa],Vapor Pressure Pump [kPa],Vehicle Load [%],Vehicle Speed [km/h],VN Turbo Type,VVT Aim Angle Count1 [%],VVT Aim Angle Count2 [%],VVT Change Angle Count1 [degree FR],VVT Change Angle Count2 [degree FR],VVT Control Status Count1,VVT Control Status Count2,VVT OCV Duty Count1 [%],VVT OCV Duty Count2 [%],Warmup Cycle Cleared DTC
1,0,13.807,Not Avl,Compl,Compl,Unable,OFF,Not Avl,Compl,Compl,Unable,OFF,48.438,42.188,34.375,35,19.531,39.551,15.686,31.765,0.781,1.582,ON,0,OFF,ON,ON,0.998,0.997,-0.012,0,3.274,3.303,0,97,51199.219,13.515,24.706,OFF,OFF,OFF,OFF,OFF,OFF,OFF,Avail,Incmpl,Incmpl,Enable,Avail,422.300,207.600,422.300,207.600,ON,Avail,Compl,Enable,78,0,0,0,0,0,0,6,A,0,0,Avail,Incmpl,Incmpl,Enable,OFF,OFF,696,709.250,51199.219,51199.219,51199.219,51199.219,51199.219,51199.219,1GRFE ,33.333,Avail,Incmpl,Incmpl,Enable,7.996,OFF,OFF,OFF,OFF,ON,ON,Avail,Compl,Enable,Compl,CL,CL,Compl,Unable,Not Avl,Compl,Compl,Enable,OFF,80,15,41,ON,42.500,21.250,0.106,2392,15,21,-3,OFF,1.562,5.469,3.780,OFF,0,0,80,Avail,Compl,Enable,0,GRN2#  ,ON,0,ACTIVE,ACTIVE,0.957,0.942,0.195,0.330,100.508,88.188,Avail,Compl,Avail,Incmpl,Incmpl,Enable,OBD II (California ARB),OFF,OFF,29.279,0.024,0,1st,OFF,OFF,OFF,OFF,OFF,OFF,2.344,0.781,ON,OFF,650,0,OFF,OFF,OFF,ON,Gasoline,0.969,OFF,OFF,0.684,ON,0.391,14.902,7,0,0.742,0.742,2.305,0.742,0.918,2.031,46.275,0,14.902,31,0.031,0.070,OFF,ECT 5th,NA,OFF,97.834,97.856,13.333,0,Not Avl,0,0,0,0,ON,ON,0,0,1
2,0,13.807,Not Avl,Compl,Compl,Unable,OFF,Not Avl,Compl,Compl,Unable,OFF,48.438,42.188,34.375,35,19.531,39.551,15.686,31.765,0.781,1.582,ON,0,OFF,ON,ON,0.998,0.997,-0.012,0,3.274,3.303,0,97,51199.219,13.515,24.706,OFF,OFF,OFF,OFF,OFF,OFF,OFF,Avail,Incmpl,Incmpl,Enable,Avail,422.300,207.600,422.300,207.600,ON,Avail,Compl,Enable,78,0,0,0,0,0,0,6,A,0,0,Avail,Incmpl,Incmpl,Enable,OFF,OFF,696,709.250,51199.219,51199.219,51199.219,51199.219,51199.219,51199.219,1GRFE ,33.333,Avail,Incmpl,Incmpl,Enable,7.996,OFF,OFF,OFF,OFF,ON,ON,Avail,Compl,Enable,Compl,CL,CL,Compl,Unable,Not Avl,Compl,Compl,Enable,OFF,80,15,41,ON,42.500,21.250,0.106,2392,15,21,-3,OFF,1.562,5.469,3.780,OFF,0,0,80,Avail,Compl,Enable,0,GRN2#  ,ON,0,ACTIVE,ACTIVE,0.957,0.942,0.195,0.330,100.508,88.188,Avail,Compl,Avail,Incmpl,Incmpl,Enable,OBD II (California ARB),OFF,OFF,29.279,0.024,0,1st,OFF,OFF,OFF,OFF,OFF,OFF,2.344,0.781,ON,OFF,650,0,OFF,OFF,OFF,ON,Gasoline,0.969,OFF,OFF,0.684,ON,0.391,14.902,7,0,0.742,0.742,2.305,0.742,0.918,2.031,46.275,0,14.902,31,0.031,0.070,OFF,ECT 5th,NA,OFF,97.834,97.856,13.333,0,Not Avl,0,0,0,0,ON,ON,0,0,1
3,0,13.790,Not Avl,Compl,Compl,Unable,OFF,Not Avl,Compl,Compl,Unable,OFF,48.438,42.188,34.375,35,19.531,39.551,15.686,31.765,0.781,1.582,ON,0,OFF,ON,ON,0.998,0.997,-0.012,0,3.274,3.303,0,97,51199.219,13.515,24.706,OFF,OFF,OFF,OFF,OFF,OFF,OFF,Avail,Incmpl,Incmpl,Enable,Avail,422.300,207.600,422.300,207.600,ON,Avail,Compl,Enable,78,0,0,0,0,0,0,6,A,0,0,Avail,Incmpl,Incmpl,Enable,OFF,OFF,696,709.250,51199.219,51199.219,51199.219,51199.219,51199.219,51199.219,1GRFE ,33.333,Avail,Incmpl,Incmpl,Enable,7.996,OFF,OFF,OFF,OFF,ON,ON,Avail,Compl,Enable,Compl,CL,CL,Compl,Unable,Not Avl,Compl,Compl,Enable,OFF,80,15,41,ON,42.500,21.250,0.106,2392,15,21,-3,OFF,1.562,5.469,3.780,OFF,0,0,80,Avail,Compl,Enable,0,GRN2#  ,ON,0,ACTIVE,ACTIVE,0.957,0.942,0.195,0.330,100.508,88.188,Avail,Compl,Avail,Incmpl,Incmpl,Enable,OBD II (California ARB),OFF,OFF,29.279,0.024,0,1st,OFF,OFF,OFF,OFF,OFF,OFF,2.344,0.781,ON,OFF,650,0,OFF,OFF,OFF,ON,Gasoline,0.969,OFF,OFF,0.684,ON,0.391,14.902,7,0,0.742,0.742,2.305,0.742,0.918,2.031,46.275,0,14.902,31,0.031,0.070,OFF,ECT 5th,NA,OFF,97.834,97.856,13.333,0,Not Avl,0,0,0,0,ON,ON,0,0,1
4,0,13.790,Not Avl,Compl,Compl,Unable,OFF,Not Avl,Compl,Compl,Unable,OFF,48.438,42.188,34.375,35,19.531,39.551,15.686,31.765,0.781,1.582,ON,0,OFF,ON,ON,0.998,0.997,-0.012,0,3.274,3.303,0,97,51199.219,13.515,24.706,OFF,OFF,OFF,OFF,OFF,OFF,OFF,Avail,Incmpl,Incmpl,Enable,Avail,422.300,207.600,422.300,207.600,ON,Avail,Compl,Enable,78,0,0,0,0,0,0,6,A,0,0,Avail,Incmpl,Incmpl,Enable,OFF,OFF,696,709.250,51199.219,51199.219,51199.219,51199.219,51199.219,51199.219,1GRFE ,33.333,Avail,Incmpl,Incmpl,Enable,7.996,OFF,OFF,OFF,OFF,ON,ON,Avail,Compl,Enable,Compl,CL,CL,Compl,Unable,Not Avl,Compl,Compl,Enable,OFF,80,15,41,ON,42.500,21.250,0.106,2392,15,21,-3,OFF,1.562,5.469,3.780,OFF,0,0,80,Avail,Compl,Enable,0,GRN2#  ,ON,0,ACTIVE,ACTIVE,0.957,0.942,0.195,0.330,100.508,88.188,Avail,Compl,Avail,Incmpl,Incmpl,Enable,OBD II (California ARB),OFF,OFF,29.279,0.024,0,1st,OFF,OFF,OFF,OFF,OFF,OFF,2.344,0.781,ON,OFF,650,0,OFF,OFF,OFF,ON,Gasoline,0.969,OFF,OFF,0.684,ON,0.391,14.902,7,0,0.742,0.742,2.305,0.742,0.918,2.031,46.275,0,14.902,31,0.031,0.070,OFF,ECT 5th,NA,OFF,97.834,97.856,13.333,0,Not Avl,0,0,0,0,ON,ON,0,0,1
5,0,13.790,Not Avl,Compl,Compl,Unable,OFF,Not Avl,Compl,Compl,Unable,OFF,48.438,42.188,34.375,35,19.531,39.551,15.686,31.765,0.781,1.582,ON,0,OFF,ON,ON,0.998,0.997,-0.012,0,3.274,3.303,0,97,51199.219,13.515,24.706,OFF,OFF,OFF,OFF,OFF,OFF,OFF,Avail,Incmpl,Incmpl,Enable,Avail,422.300,207.600,422.300,207.600,ON,Avail,Compl,Enable,78,0,0,0,0,0,0,6,A,0,0,Avail,Incmpl,Incmpl,Enable,OFF,OFF,696,709.250,51199.219,51199.219,51199.219,51199.219,51199.219,51199.219,1GRFE ,33.333,Avail,Incmpl,Incmpl,Enable,7.996,OFF,OFF,OFF,OFF,ON,ON,Avail,Compl,Enable,Compl,CL,CL,Compl,Unable,Not Avl,Compl,Compl,Enable,OFF,80,15,41,ON,42.500,21.250,0.106,2392,15,21,-3,OFF,1.562,5.469,3.780,OFF,0,0,80,Avail,Compl,Enable,0,GRN2#  ,ON,0,ACTIVE,ACTIVE,0.957,0.942,0.195,0.330,100.508,88.188,Avail,Compl,Avail,Incmpl,Incmpl,Enable,OBD II (California ARB),OFF,OFF,29.279,0.024,0,1st,OFF,OFF,OFF,OFF,OFF,OFF,2.344,0.781,ON,OFF,650,0,OFF,OFF,OFF,ON,Gasoline,0.969,OFF,OFF,0.684,ON,0.391,14.902,7,0,0.742,0.742,2.305,0.742,0.918,2.031,46.275,0,14.902,31,0.031,0.070,OFF,ECT 5th,NA,OFF,97.834,97.856,13.333,0,Not Avl,0,0,0,0,ON,ON,0,0,1
6,0,13.790,Not Avl,Compl,Compl,Unable,OFF,Not Avl,Compl,Compl,Unable,OFF,48.438,42.188,34.375,35,19.531,39.551,15.686,31.765,0.781,1.582,ON,0,OFF,ON,ON,0.998,0.997,-0.012,0,3.274,3.303,0,97,51199.219,13.515,24.706,OFF,OFF,OFF,OFF,OFF,OFF,OFF,Avail,Incmpl,Incmpl,Enable,Avail,422.300,207.600,422.300,207.600,ON,Avail,Compl,Enable,78,0,0,0,0,0,0,6,A,0,0,Avail,Incmpl,Incmpl,Enable,OFF,OFF,696,709.250,51199.219,51199.219,51199.219,51199.219,51199.219,51199.219,1GRFE ,33.333,Avail,Incmpl,Incmpl,Enable,7.996,OFF,OFF,OFF,OFF,ON,ON,Avail,Compl,Enable,Compl,CL,CL,Compl,Unable,Not Avl,Compl,Compl,Enable,OFF,80,15,41,ON,42.500,21.250,0.106,2392,15,21,-3,OFF,1.562,5.469,3.780,OFF,0,0,80,Avail,Compl,Enable,0,GRN2#  ,ON,0,ACTIVE,ACTIVE,0.957,0.942,0.195,0.330,100.508,88.188,Avail,Compl,Avail,Incmpl,Incmpl,Enable,OBD II (California ARB),OFF,OFF,29.279,0.024,0,1st,OFF,OFF,OFF,OFF,OFF,OFF,2.344,0.781,ON,OFF,650,0,OFF,OFF,OFF,ON,Gasoline,0.969,OFF,OFF,0.684,ON,0.391,14.902,7,0,0.742,0.742,2.305,0.742,0.918,2.031,46.275,0,14.902,31,0.031,0.070,OFF,ECT 5th,NA,OFF,97.834,97.856,13.333,0,Not Avl,0,0,0,0,ON,ON,0,0,1
7,0,13.790,Not Avl,Compl,Compl,Unable,OFF,Not Avl,Compl,Compl,Unable,OFF,48.438,42.188,34.375,35,19.531,39.551,15.686,31.765,0.781,1.582,ON,0,OFF,ON,ON,0.998,0.997,-0.012,0,3.274,3.303,0,97,51199.219,13.515,24.706,OFF,OFF,OFF,OFF,OFF,OFF,OFF,Avail,Incmpl,Incmpl,Enable,Avail,422.300,207.600,422.300,207.600,ON,Avail,Compl,Enable,78,0,0,0,0,0,0,6,A,0,0,Avail,Incmpl,Incmpl,Enable,OFF,OFF,696,709.250,51199.219,51199.219,51199.219,51199.219,51199.219,51199.219,1GRFE ,33.333,Avail,Incmpl,Incmpl,Enable,7.996,OFF,OFF,OFF,OFF,ON,ON,Avail,Compl,Enable,Compl,CL,CL,Compl,Unable,Not Avl,Compl,Compl,Enable,OFF,80,15,41,ON,42.500,21.250,0.106,2392,15,21,-3,OFF,1.562,5.469,3.780,OFF,0,0,80,Avail,Compl,Enable,0,GRN2#  ,ON,0,ACTIVE,ACTIVE,0.957,0.942,0.195,0.330,100.508,88.188,Avail,Compl,Avail,Incmpl,Incmpl,Enable,OBD II (California ARB),OFF,OFF,29.279,0.024,0,1st,OFF,OFF,OFF,OFF,OFF,OFF,2.344,0.781,ON,OFF,650,0,OFF,OFF,OFF,ON,Gasoline,0.969,OFF,OFF,0.684,ON,0.391,14.902,7,0,0.742,0.742,2.305,0.742,0.918,2.031,46.275,0,14.902,31,0.031,0.070,OFF,ECT 5th,NA,OFF,97.834,97.856,13.333,0,Not Avl,0,0,0,0,ON,ON,0,0,1
8,0,13.790,Not Avl,Compl,Compl,Unable,OFF,Not Avl,Compl,Compl,Unable,OFF,48.438,42.188,34.375,35,19.531,39.551,15.686,31.765,0.781,1.582,ON,0,OFF,ON,ON,0.998,0.997,-0.012,0,3.274,3.303,0,97,51199.219,13.515,24.706,OFF,OFF,OFF,OFF,OFF,OFF,OFF,Avail,Incmpl,Incmpl,Enable,Avail,422.300,207.600,422.300,207.600,ON,Avail,Compl,Enable,78,0,0,0,0,0,0,6,A,0,0,Avail,Incmpl,Incmpl,Enable,OFF,OFF,696,709.250,51199.219,51199.219,51199.219,51199.219,51199.219,51199.219,1GRFE ,33.333,Avail,Incmpl,Incmpl,Enable,7.996,OFF,OFF,OFF,OFF,ON,ON,Avail,Compl,Enable,Compl,CL,CL,Compl,Unable,Not Avl,Compl,Compl,Enable,OFF,80,15,41,ON,42.500,21.250,0.106,2392,15,21,-3,OFF,1.562,5.469,3.780,OFF,0,0,80,Avail,Compl,Enable,0,GRN2#  ,ON,0,ACTIVE,ACTIVE,0.957,0.942,0.195,0.330,100.508,88.188,Avail,Compl,Avail,Incmpl,Incmpl,Enable,OBD II (California ARB),OFF,OFF,29.279,0.024,0,1st,OFF,OFF,OFF,OFF,OFF,OFF,2.344,0.781,ON,OFF,650,0,OFF,OFF,OFF,ON,Gasoline,0.969,OFF,OFF,0.684,ON,0.391,14.902,7,0,0.742,0.742,2.305,0.742,0.918,2.031,46.275,0,14.902,31,0.031,0.070,OFF,ECT 5th,NA,OFF,97.834,97.856,13.333,0,Not Avl,0,0,0,0,ON,ON,0,0,1
9,0,13.790,Not Avl,Compl,Compl,Unable,OFF,Not Avl,Compl,Compl,Unable,OFF,48.438,42.188,34.375,35,19.531,39.551,15.686,31.765,0.781,1.582,ON,0,OFF,ON,ON,0.998,0.997,-0.012,0,3.274,3.303,0,97,51199.219,13.515,24.706,OFF,OFF,OFF,OFF,OFF,OFF,OFF,Avail,Incmpl,Incmpl,Enable,Avail,422.300,207.600,422.300,207.600,ON,Avail,Compl,Enable,78,0,0,0,0,0,0,6,A,0,0,Avail,Incmpl,Incmpl,Enable,OFF,OFF,696,709.250,51199.219,51199.219,51199.219,51199.219,51199.219,51199.219,1GRFE ,33.333,Avail,Incmpl,Incmpl,Enable,7.996,OFF,OFF,OFF,OFF,ON,ON,Avail,Compl,Enable,Compl,CL,CL,Compl,Unable,Not Avl,Compl,Compl,Enable,OFF,80,15,41,ON,42.500,21.250,0.106,2392,15,21,-3,OFF,1.562,5.469,3.780,OFF,0,0,80,Avail,Compl,Enable,0,GRN2#  ,ON,0,ACTIVE,ACTIVE,0.957,0.942,0.195,0.330,100.508,88.188,Avail,Compl,Avail,Incmpl,Incmpl,Enable,OBD II (California ARB),OFF,OFF,29.279,0.024,0,1st,OFF,OFF,OFF,OFF,OFF,OFF,2.344,0.781,ON,OFF,650,0,OFF,OFF,OFF,ON,Gasoline,0.969,OFF,OFF,0.684,ON,0.391,14.902,7,0,0.742,0.742,2.305,0.742,0.918,2.031,46.275,0,14.902,31,0.031,0.070,OFF,ECT 5th,NA,OFF,97.834,97.856,13.333,0,Not Avl,0,0,0,0,ON,ON,0,0,1
10,0,13.790,Not Avl,Compl,Compl,Unable,OFF,Not Avl,Compl,Compl,Unable,OFF,48.438,42.188,34.375,35,19.531,39.551,15.686,31.765,0.781,1.582,ON,0,OFF,ON,ON,0.998,0.997,-0.012,0,3.274,3.303,0,97,51199.219,13.515,24.706,OFF,OFF,OFF,OFF,OFF,OFF,OFF,Avail,Incmpl,Incmpl,Enable,Avail,422.300,207.600,422.300,207.600,ON,Avail,Compl,Enable,78,0,0,0,0,0,0,6,A,0,0,Avail,Incmpl,Incmpl,Enable,OFF,OFF,696,709.250,51199.219,51199.219,51199.219,51199.219,51199.219,51199.219,1GRFE ,33.333,Avail,Incmpl,Incmpl,Enable,7.996,OFF,OFF,OFF,OFF,ON,ON,Avail,Compl,Enable,Compl,CL,CL,Compl,Unable,Not Avl,Compl,Compl,Enable,OFF,80,15,41,ON,42.500,21.250,0.106,2392,15,21,-3,OFF,1.562,5.469,3.780,OFF,0,0,80,Avail,Compl,Enable,0,GRN2#  ,ON,0,ACTIVE,ACTIVE,0.957,0.942,0.195,0.330,100.508,88.188,Avail,Compl,Avail,Incmpl,Incmpl,Enable,OBD II (California ARB),OFF,OFF,29.279,0.024,0,1st,OFF,OFF,OFF,OFF,OFF,OFF,2.344,0.781,ON,OFF,650,0,OFF,OFF,OFF,ON,Gasoline,0.969,OFF,OFF,0.684,ON,0.391,14.902,7,0,0.742,0.742,2.305,0.742,0.918,2.031,46.275,0,14.902,31,0.031,0.070,OFF,ECT 5th,NA,OFF,97.834,97.856,13.333,0,Not Avl,0,0,0,0,ON,ON,0,0,1
11,0,13.790,Not Avl,Compl,Compl,Unable,OFF,Not Avl,Compl,Compl,Unable,OFF,48.438,42.188,34.375,35,19.531,39.551,15.686,31.765,0.781,1.582,ON,0,OFF,ON,ON,0.998,0.997,-0.012,0,3.274,3.303,0,97,51199.219,13.515,24.706,OFF,OFF,OFF,OFF,OFF,OFF,OFF,Avail,Incmpl,Incmpl,Enable,Avail,422.300,207.600,422.300,207.600,ON,Avail,Compl,Enable,78,0,0,0,0,0,0,6,A,0,0,Avail,Incmpl,Incmpl,Enable,OFF,OFF,696,709.250,51199.219,51199.219,51199.219,51199.219,51199.219,51199.219,1GRFE ,33.333,Avail,Incmpl,Incmpl,Enable,7.996,OFF,OFF,OFF,OFF,ON,ON,Avail,Compl,Enable,Compl,CL,CL,Compl,Unable,Not Avl,Compl,Compl,Enable,OFF,80,15,41,ON,42.500,21.250,0.106,2392,15,21,-3,OFF,1.562,5.469,3.780,OFF,0,0,80,Avail,Compl,Enable,0,GRN2#  ,ON,0,ACTIVE,ACTIVE,0.957,0.942,0.195,0.330,100.508,88.188,Avail,Compl,Avail,Incmpl,Incmpl,Enable,OBD II (California ARB),OFF,OFF,29.279,0.024,0,1st,OFF,OFF,OFF,OFF,OFF,OFF,2.344,0.781,ON,OFF,650,0,OFF,OFF,OFF,ON,Gasoline,0.969,OFF,OFF,0.684,ON,0.391,14.902,7,0,0.742,0.742,2.305,0.742,0.918,2.031,46.275,0,14.902,31,0.031,0.070,OFF,ECT 5th,NA,OFF,97.834,97.856,13.333,0,Not Avl,0,0,0,0,ON,ON,0,0,1
12,0,13.790,Not Avl,Compl,Compl,Unable,OFF,Not Avl,Compl,Compl,Unable,OFF,48.438,42.188,34.375,35,19.531,39.551,15.686,31.765,0.781,1.582,ON,0,OFF,ON,ON,0.998,0.997,-0.012,0,3.274,3.303,0,97,51199.219,13.515,24.706,OFF,OFF,OFF,OFF,OFF,OFF,OFF,Avail,Incmpl,Incmpl,Enable,Avail,422.300,207.600,422.300,207.600,ON,Avail,Compl,Enable,78,0,0,0,0,0,0,6,A,0,0,Avail,Incmpl,Incmpl,Enable,OFF,OFF,696,709.250,51199.219,51199.219,51199.219,51199.219,51199.219,51199.219,1GRFE ,33.333,Avail,Incmpl,Incmpl,Enable,7.996,OFF,OFF,OFF,OFF,ON,ON,Avail,Compl,Enable,Compl,CL,CL,Compl,Unable,Not Avl,Compl,Compl,Enable,OFF,80,15,41,ON,42.500,21.250,0.106,2392,15,21,-3,OFF,1.562,5.469,3.780,OFF,0,0,80,Avail,Compl,Enable,0,GRN2#  ,ON,0,ACTIVE,ACTIVE,0.957,0.942,0.195,0.330,100.508,88.188,Avail,Compl,Avail,Incmpl,Incmpl,Enable,OBD II (California ARB),OFF,OFF,29.279,0.024,0,1st,OFF,OFF,OFF,OFF,OFF,OFF,2.344,0.781,ON,OFF,650,0,OFF,OFF,OFF,ON,Gasoline,0.969,OFF,OFF,0.684,ON,0.391,14.902,7,0,0.742,0.742,2.305,0.742,0.918,2.031,46.275,0,14.902,31,0.031,0.070,OFF,ECT 5th,NA,OFF,97.834,97.856,13.333,0,Not Avl,0,0,0,0,ON,ON,0,0,1
13,0,13.790,Not Avl,Compl,Compl,Unable,OFF,Not Avl,Compl,Compl,Unable,OFF,48.438,42.188,34.375,35,19.531,39.551,15.686,31.765,0.781,1.582,ON,0,OFF,ON,ON,0.998,0.997,-0.012,0,3.274,3.303,0,97,51199.219,13.515,24.706,OFF,OFF,OFF,OFF,OFF,OFF,OFF,Avail,Incmpl,Incmpl,Enable,Avail,422.300,207.600,422.300,207.600,ON,Avail,Compl,Enable,78,0,0,0,0,0,0,6,A,0,0,Avail,Incmpl,Incmpl,Enable,OFF,OFF,696,709.250,51199.219,51199.219,51199.219,51199.219,51199.219,51199.219,1GRFE ,33.333,Avail,Incmpl,Incmpl,Enable,7.996,OFF,OFF,OFF,OFF,ON,ON,Avail,Compl,Enable,Compl,CL,CL,Compl,Unable,Not Avl,Compl,Compl,Enable,OFF,80,15,41,ON,42.500,21.250,0.106,2392,15,21,-3,OFF,1.562,5.469,3.780,OFF,0,0,80,Avail,Compl,Enable,0,GRN2#  ,ON,0,ACTIVE,ACTIVE,0.957,0.942,0.195,0.330,100.508,88.188,Avail,Compl,Avail,Incmpl,Incmpl,Enable,OBD II (California ARB),OFF,OFF,29.279,0.024,0,1st,OFF,OFF,OFF,OFF,OFF,OFF,2.344,0.781,ON,OFF,650,0,OFF,OFF,OFF,ON,Gasoline,0.969,OFF,OFF,0.684,ON,0.391,14.902,7,0,0.742,0.742,2.305,0.742,0.918,2.031,46.275,0,14.902,31,0.031,0.070,OFF,ECT 5th,NA,OFF,97.834,97.856,13.333,0,Not Avl,0,0,0,0,ON,ON,0,0,1
14,0,13.790,Not Avl,Compl,Compl,Unable,OFF,Not Avl,Compl,Compl,Unable,OFF,60.938,42.188,34.375,35,19.531,39.551,15.686,31.765,0.781,1.582,ON,0,OFF,ON,ON,0.998,0.997,-0.012,0,3.274,3.303,0,97,51199.219,13.515,24.706,OFF,OFF,OFF,OFF,OFF,OFF,OFF,Avail,Incmpl,Incmpl,Enable,Avail,422.300,207.600,422.300,207.600,ON,Avail,Compl,Enable,78,0,0,0,0,0,0,6,A,0,0,Avail,Incmpl,Incmpl,Enable,OFF,OFF,696,709.250,51199.219,51199.219,51199.219,51199.219,51199.219,51199.219,1GRFE ,33.333,Avail,Incmpl,Incmpl,Enable,7.996,OFF,OFF,OFF,OFF,ON,ON,Avail,Compl,Enable,Compl,CL,CL,Compl,Unable,Not Avl,Compl,Compl,Enable,OFF,80,15,41,ON,42.500,21.250,0.106,2392,15,21,-3,OFF,1.562,5.469,3.780,OFF,0,0,80,Avail,Compl,Enable,0,GRN2#  ,ON,0,ACTIVE,ACTIVE,0.957,0.942,0.195,0.330,100.508,88.188,Avail,Compl,Avail,Incmpl,Incmpl,Enable,OBD II (California ARB),OFF,OFF,29.279,0.024,0,1st,OFF,OFF,OFF,OFF,OFF,OFF,2.344,0.781,ON,OFF,650,0,OFF,OFF,OFF,ON,Gasoline,0.969,OFF,OFF,0.684,ON,0.391,14.902,7,0,0.742,0.742,2.305,0.742,0.918,2.031,46.275,0,14.902,31,0.031,0.070,OFF,ECT 5th,NA,OFF,97.834,97.856,13.333,0,Not Avl,0,0,0,0,ON,ON,0,0,1
15,0,13.790,Not Avl,Compl,Compl,Unable,OFF,Not Avl,Compl,Compl,Unable,OFF,60.938,58.594,34.375,35,19.531,39.551,15.686,31.765,0.781,1.582,ON,0,OFF,ON,ON,0.998,0.997,-0.012,0,3.274,3.303,0,97,51199.219,13.515,24.706,OFF,OFF,OFF,OFF,OFF,OFF,OFF,Avail,Incmpl,Incmpl,Enable,Avail,422.300,207.600,422.300,207.600,ON,Avail,Compl,Enable,78,0,0,0,0,0,0,6,A,0,0,Avail,Incmpl,Incmpl,Enable,OFF,OFF,696,709.250,51199.219,51199.219,51199.219,51199.219,51199.219,51199.219,1GRFE ,33.333,Avail,Incmpl,Incmpl,Enable,7.996,OFF,OFF,OFF,OFF,ON,ON,Avail,Compl,Enable,Compl,CL,CL,Compl,Unable,Not Avl,Compl,Compl,Enable,OFF,80,15,41,ON,42.500,21.250,0.106,2392,15,21,-3,OFF,1.562,5.469,3.780,OFF,0,0,80,Avail,Compl,Enable,0,GRN2#  ,ON,0,ACTIVE,ACTIVE,0.957,0.942,0.195,0.330,100.508,88.188,Avail,Compl,Avail,Incmpl,Incmpl,Enable,OBD II (California ARB),OFF,OFF,29.279,0.024,0,1st,OFF,OFF,OFF,OFF,OFF,OFF,2.344,0.781,ON,OFF,650,0,OFF,OFF,OFF,ON,Gasoline,0.969,OFF,OFF,0.684,ON,0.391,14.902,7,0,0.742,0.742,2.305,0.742,0.918,2.031,46.275,0,14.902,31,0.031,0.070,OFF,ECT 5th,NA,OFF,97.834,97.856,13.333,0,Not Avl,0,0,0,0,ON,ON,0,0,1
16,0,13.790,Not Avl,Compl,Compl,Unable,OFF,Not Avl,Compl,Compl,Unable,OFF,60.938,58.594,34.375,35,19.531,39.551,15.686,31.765,0.781,1.582,ON,0,OFF,ON,ON,0.998,0.997,-0.012,0,3.274,3.303,0,97,51199.219,13.515,24.706,OFF,OFF,OFF,OFF,OFF,OFF,OFF,Avail,Incmpl,Incmpl,Enable,Avail,422.300,207.600,422.300,207.600,ON,Avail,Compl,Enable,78,0,0,0,0,0,0,6,A,0,0,Avail,Incmpl,Incmpl,Enable,OFF,OFF,696,709.250,51199.219,51199.219,51199.219,51199.219,51199.219,51199.219,1GRFE ,33.333,Avail,Incmpl,Incmpl,Enable,7.996,OFF,OFF,OFF,OFF,ON,ON,Avail,Compl,Enable,Compl,CL,CL,Compl,Unable,Not Avl,Compl,Compl,Enable,OFF,80,15,41,ON,42.500,21.250,0.106,2392,15,21,-3,OFF,1.562,5.469,3.780,OFF,0,0,80,Avail,Compl,Enable,0,GRN2#  ,ON,0,ACTIVE,ACTIVE,0.957,0.942,0.195,0.330,100.508,88.188,Avail,Compl,Avail,Incmpl,Incmpl,Enable,OBD II (California ARB),OFF,OFF,29.279,0.024,0,1st,OFF,OFF,OFF,OFF,OFF,OFF,2.344,0.781,ON,OFF,650,0,OFF,OFF,OFF,ON,Gasoline,0.969,OFF,OFF,0.684,ON,0.391,14.902,7,0,0.742,0.742,2.305,0.742,0.918,2.031,46.275,0,14.902,31,0.031,0.070,OFF,ECT 5th,NA,OFF,97.834,97.856,13.333,0,Not Avl,0,0,0,0,ON,ON,0,0,1
17,0,13.790,Not Avl,Compl,Compl,Unable,OFF,Not Avl,Compl,Compl,Unable,OFF,60.938,58.594,34.375,35,19.531,39.551,15.686,31.765,0.781,1.582,ON,0,OFF,ON,ON,0.998,0.997,-0.012,0,3.274,3.303,0,97,51199.219,13.515,24.706,OFF,OFF,OFF,OFF,OFF,OFF,OFF,Avail,Incmpl,Incmpl,Enable,Avail,422.300,207.600,422.300,207.600,ON,Avail,Compl,Enable,78,0,0,0,0,0,0,6,A,0,0,Avail,Incmpl,Incmpl,Enable,OFF,OFF,696,709.250,51199.219,51199.219,51199.219,51199.219,51199.219,51199.219,1GRFE ,33.333,Avail,Incmpl,Incmpl,Enable,7.996,OFF,OFF,OFF,OFF,ON,ON,Avail,Compl,Enable,Compl,CL,CL,Compl,Unable,Not Avl,Compl,Compl,Enable,OFF,80,15,41,ON,42.500,21.250,0.106,2392,15,21,-3,OFF,1.562,5.469,3.780,OFF,0,0,80,Avail,Compl,Enable,0,GRN2#  ,ON,0,ACTIVE,ACTIVE,0.957,0.942,0.195,0.330,100.508,88.188,Avail,Compl,Avail,Incmpl,Incmpl,Enable,OBD II (California ARB),OFF,OFF,29.279,0.024,0,1st,OFF,OFF,OFF,OFF,OFF,OFF,2.344,0.781,ON,OFF,650,0,OFF,OFF,OFF,ON,Gasoline,0.969,OFF,OFF,0.684,ON,0.391,14.902,7,0,0.742,0.742,2.305,0.742,0.918,2.031,46.275,0,14.902,31,0.031,0.070,OFF,ECT 5th,NA,OFF,97.834,97.856,13.333,0,Not Avl,0,0,0,0,ON,ON,0,0,1
18,0,13.790,Not Avl,Compl,Compl,Unable,OFF,Not Avl,Compl,Compl,Unable,OFF,60.938,58.594,34.375,35,19.531,39.551,15.686,31.765,0.781,1.582,ON,0,OFF,ON,ON,0.998,0.997,-0.012,0,3.274,3.303,0,97,51199.219,13.515,24.706,OFF,OFF,OFF,OFF,OFF,OFF,OFF,Avail,Incmpl,Incmpl,Enable,Avail,422.300,207.600,422.300,207.600,ON,Avail,Compl,Enable,78,0,0,0,0,0,0,6,A,0,0,Avail,Incmpl,Incmpl,Enable,OFF,OFF,696,709.250,51199.219,51199.219,51199.219,51199.219,51199.219,51199.219,1GRFE ,33.333,Avail,Incmpl,Incmpl,Enable,7.996,OFF,OFF,OFF,OFF,ON,ON,Avail,Compl,Enable,Compl,CL,CL,Compl,Unable,Not Avl,Compl,Compl,Enable,OFF,80,15,41,ON,42.500,21.250,0.106,2392,15,21,-3,OFF,1.562,5.469,3.780,OFF,0,0,80,Avail,Compl,Enable,0,GRN2#  ,ON,0,ACTIVE,ACTIVE,0.957,0.942,0.195,0.330,100.508,88.188,Avail,Compl,Avail,Incmpl,Incmpl,Enable,OBD II (California ARB),OFF,OFF,29.279,0.024,0,1st,OFF,OFF,OFF,OFF,OFF,OFF,2.344,0.781,ON,OFF,650,0,OFF,OFF,OFF,ON,Gasoline,0.969,OFF,OFF,0.684,ON,0.391,14.902,7,0,0.742,0.742,2.305,0.742,0.918,2.031,46.275,0,14.902,31,0.031,0.070,OFF,ECT 5th,NA,OFF,97.834,97.856,13.333,0,Not Avl,0,0,0,0,ON,ON,0,0,1
19,0,13.790,Not Avl,Compl,Compl,Unable,OFF,Not Avl,Compl,Compl,Unable,OFF,60.938,58.594,34.375,35,19.531,39.551,15.686,31.765,0.781,1.582,ON,0,OFF,ON,ON,0.998,0.997,-0.012,0,3.274,3.303,0,97,51199.219,13.515,24.706,OFF,OFF,OFF,OFF,OFF,OFF,OFF,Avail,Incmpl,Incmpl,Enable,Avail,422.300,207.600,422.300,207.600,ON,Avail,Compl,Enable,78,0,0,0,0,0,0,6,A,0,0,Avail,Incmpl,Incmpl,Enable,OFF,OFF,696,709.250,51199.219,51199.219,51199.219,51199.219,51199.219,51199.219,1GRFE ,33.333,Avail,Incmpl,Incmpl,Enable,7.996,OFF,OFF,OFF,OFF,ON,ON,Avail,Compl,Enable,Compl,CL,CL,Compl,Unable,Not Avl,Compl,Compl,Enable,OFF,80,15,41,ON,42.500,21.250,0.106,2392,15,21,-3,OFF,1.562,5.469,3.780,OFF,0,0,80,Avail,Compl,Enable,0,GRN2#  ,ON,0,ACTIVE,ACTIVE,0.957,0.942,0.195,0.330,100.508,88.188,Avail,Compl,Avail,Incmpl,Incmpl,Enable,OBD II (California ARB),OFF,OFF,29.279,0.024,0,1st,OFF,OFF,OFF,OFF,OFF,OFF,2.344,0.781,ON,OFF,650,0,OFF,OFF,OFF,ON,Gasoline,0.969,OFF,OFF,0.684,ON,0.391,14.902,7,0,0.742,0.742,2.305,0.742,0.918,2.031,46.275,0,14.902,31,0.031,0.070,OFF,ECT 5th,NA,OFF,97.834,97.856,13.333,0,Not Avl,0,0,0,0,ON,ON,0,0,1
20,0,13.790,Not Avl,Compl,Compl,Unable,OFF,Not Avl,Compl,Compl,Unable,OFF,60.938,58.594,34.375,35,19.531,39.551,15.686,31.765,0.781,1.582,ON,0,OFF,ON,ON,0.998,0.997,-0.012,0,3.274,3.303,0,97,51199.219,13.515,24.706,OFF,OFF,OFF,OFF,OFF,OFF,OFF,Avail,Incmpl,Incmpl,Enable,Avail,422.300,207.600,422.300,207.600,ON,Avail,Compl,Enable,78,0,0,0,0,0,0,6,A,0,0,Avail,Incmpl,Incmpl,Enable,OFF,OFF,696,709.250,51199.219,51199.219,51199.219,51199.219,51199.219,51199.219,1GRFE ,33.333,Avail,Incmpl,Incmpl,Enable,7.996,OFF,OFF,OFF,OFF,ON,ON,Avail,Compl,Enable,Compl,CL,CL,Compl,Unable,Not Avl,Compl,Compl,Enable,OFF,80,15,41,ON,42.500,21.250,0.106,2392,15,21,-3,OFF,1.562,5.469,3.780,OFF,0,0,80,Avail,Compl,Enable,0,GRN2#  ,ON,0,ACTIVE,ACTIVE,0.957,0.942,0.195,0.330,100.508,88.188,Avail,Compl,Avail,Incmpl,Incmpl,Enable,OBD II (California ARB),OFF,OFF,29.279,0.024,0,1st,OFF,OFF,OFF,OFF,OFF,OFF,2.344,0.781,ON,OFF,650,0,OFF,OFF,OFF,ON,Gasoline,0.969,OFF,OFF,0.684,ON,0.391,14.902,7,0,0.742,0.742,2.305,0.742,0.918,2.031,46.275,0,14.902,31,0.031,0.070,OFF,ECT 5th,NA,OFF,97.834,97.856,13.333,0,Not Avl,0,0,0,0,ON,ON,0,0,1
21,0,13.790,Not Avl,Compl,Compl,Unable,OFF,Not Avl,Compl,Compl,Unable,OFF,60.938,58.594,34.375,35,19.531,39.551,15.686,31.765,0.781,1.582,ON,0,OFF,ON,ON,0.998,0.997,-0.012,0,3.274,3.303,0,97,51199.219,13.515,24.706,OFF,OFF,OFF,OFF,OFF,OFF,OFF,Avail,Incmpl,Incmpl,Enable,Avail,422.300,207.600,422.300,207.600,ON,Avail,Compl,Enable,78,0,0,0,0,0,0,6,A,0,0,Avail,Incmpl,Incmpl,Enable,OFF,OFF,696,709.250,51199.219,51199.219,51199.219,51199.219,51199.219,51199.219,1GRFE ,33.333,Avail,Incmpl,Incmpl,Enable,7.996,OFF,OFF,OFF,OFF,ON,ON,Avail,Compl,Enable,Compl,CL,CL,Compl,Unable,Not Avl,Compl,Compl,Enable,OFF,80,15,41,ON,42.500,21.250,0.106,2392,15,21,-3,OFF,1.562,5.469,3.780,OFF,0,0,80,Avail,Compl,Enable,0,GRN2#  ,ON,0,ACTIVE,ACTIVE,0.957,0.942,0.195,0.330,100.508,88.188,Avail,Compl,Avail,Incmpl,Incmpl,Enable,OBD II (California ARB),OFF,OFF,29.279,0.024,0,1st,OFF,OFF,OFF,OFF,OFF,OFF,2.344,0.781,ON,OFF,650,0,OFF,OFF,OFF,ON,Gasoline,0.969,OFF,OFF,0.684,ON,0.391,14.902,7,0,0.742,0.742,2.305,0.742,0.918,2.031,46.275,0,14.902,31,0.031,0.070,OFF,ECT 5th,NA,OFF,97.834,97.856,13.333,0,Not Avl,0,0,0,0,ON,ON,0,0,1
22,0,13.790,Not Avl,Compl,Compl,Unable,OFF,Not Avl,Compl,Compl,Unable,OFF,60.938,58.594,34.375,35,19.531,39.551,15.686,31.765,0.781,1.582,ON,0,OFF,ON,ON,0.998,0.997,-0.012,0,3.274,3.303,0,97,51199.219,13.515,24.706,OFF,OFF,OFF,OFF,OFF,OFF,OFF,Avail,Incmpl,Incmpl,Enable,Avail,422.300,207.600,422.300,207.600,ON,Avail,Compl,Enable,78,0,0,0,0,0,0,6,A,0,0,Avail,Incmpl,Incmpl,Enable,OFF,OFF,696,709.250,51199.219,51199.219,51199.219,51199.219,51199.219,51199.219,1GRFE ,33.333,Avail,Incmpl,Incmpl,Enable,7.996,OFF,OFF,OFF,OFF,ON,ON,Avail,Compl,Enable,Compl,CL,CL,Compl,Unable,Not Avl,Compl,Compl,Enable,OFF,80,15,41,ON,42.500,21.250,0.106,2392,15,21,-3,OFF,1.562,5.469,3.780,OFF,0,0,80,Avail,Compl,Enable,0,GRN2#  ,ON,0,ACTIVE,ACTIVE,0.957,0.942,0.195,0.330,100.508,88.188,Avail,Compl,Avail,Incmpl,Incmpl,Enable,OBD II (California ARB),OFF,OFF,29.279,0.024,0,1st,OFF,OFF,OFF,OFF,OFF,OFF,2.344,0.781,ON,OFF,650,0,OFF,OFF,OFF,ON,Gasoline,0.969,OFF,OFF,0.684,ON,0.391,14.902,7,0,0.742,0.742,2.305,0.742,0.918,2.031,46.275,0,14.902,31,0.031,0.070,OFF,ECT 5th,NA,OFF,97.834,97.856,13.333,0,Not Avl,0,0,0,0,ON,ON,0,0,1
23,0,13.790,Not Avl,Compl,Compl,Unable,OFF,Not Avl,Compl,Compl,Unable,OFF,60.938,58.594,34.375,35,19.531,39.551,15.686,31.765,0.781,1.582,ON,0,OFF,ON,ON,0.998,0.997,-0.012,0,3.274,3.303,0,97,51199.219,13.515,24.706,OFF,OFF,OFF,OFF,OFF,OFF,OFF,Avail,Incmpl,Incmpl,Enable,Avail,422.300,207.600,422.300,207.600,ON,Avail,Compl,Enable,78,0,0,0,0,0,0,6,A,0,0,Avail,Incmpl,Incmpl,Enable,OFF,OFF,696,709.250,51199.219,51199.219,51199.219,51199.219,51199.219,51199.219,1GRFE ,33.333,Avail,Incmpl,Incmpl,Enable,7.996,OFF,OFF,OFF,OFF,ON,ON,Avail,Compl,Enable,Compl,CL,CL,Compl,Unable,Not Avl,Compl,Compl,Enable,OFF,80,15,41,ON,42.500,21.250,0.106,2392,15,21,-3,OFF,1.562,5.469,3.780,OFF,0,0,80,Avail,Compl,Enable,0,GRN2#  ,ON,0,ACTIVE,ACTIVE,0.957,0.942,0.195,0.330,100.508,88.188,Avail,Compl,Avail,Incmpl,Incmpl,Enable,OBD II (California ARB),OFF,OFF,29.279,0.024,0,1st,OFF,OFF,OFF,OFF,OFF,OFF,2.344,0.781,ON,OFF,650,0,OFF,OFF,OFF,ON,Gasoline,0.969,OFF,OFF,0.684,ON,0.391,14.902,7,0,0.742,0.742,2.305,0.742,0.918,2.031,46.275,0,14.902,31,0.031,0.070,OFF,ECT 5th,NA,OFF,97.834,97.856,13.333,0,Not Avl,0,0,0,0,ON,ON,0,0,1
24,0,13.790,Not Avl,Compl,Compl,Unable,OFF,Not Avl,Compl,Compl,Unable,OFF,60.938,58.594,34.375,35,19.531,39.551,15.686,31.765,0.781,1.582,ON,0,OFF,ON,ON,0.998,0.997,-0.012,0,3.274,3.303,0,97,51199.219,13.515,24.706,OFF,OFF,OFF,OFF,OFF,OFF,OFF,Avail,Incmpl,Incmpl,Enable,Avail,422.300,207.600,422.300,207.600,ON,Avail,Compl,Enable,78,0,0,0,0,0,0,6,A,0,0,Avail,Incmpl,Incmpl,Enable,OFF,OFF,696,709.250,51199.219,51199.219,51199.219,51199.219,51199.219,51199.219,1GRFE ,33.333,Avail,Incmpl,Incmpl,Enable,7.996,OFF,OFF,OFF,OFF,ON,ON,Avail,Compl,Enable,Compl,CL,CL,Compl,Unable,Not Avl,Compl,Compl,Enable,OFF,80,15,41,ON,42.500,21.250,0.106,2392,15,21,-3,OFF,1.562,5.469,3.780,OFF,0,0,80,Avail,Compl,Enable,0,GRN2#  ,ON,0,ACTIVE,ACTIVE,0.957,0.942,0.195,0.330,100.508,88.188,Avail,Compl,Avail,Incmpl,Incmpl,Enable,OBD II (California ARB),OFF,OFF,29.279,0.024,0,1st,OFF,OFF,OFF,OFF,OFF,OFF,2.344,0.781,ON,OFF,650,0,OFF,OFF,OFF,ON,Gasoline,0.969,OFF,OFF,0.684,ON,0.391,14.902,7,0,0.742,0.742,2.305,0.742,0.918,2.031,46.275,0,14.902,31,0.031,0.070,OFF,ECT 5th,NA,OFF,97.834,97.856,13.333,0,Not Avl,0,0,0,0,ON,ON,0,0,1
25,0,13.790,Not Avl,Compl,Compl,Unable,OFF,Not Avl,Compl,Compl,Unable,OFF,60.938,58.594,34.375,35,19.531,39.551,15.686,31.765,0.781,1.582,ON,0,OFF,ON,ON,0.998,0.997,-0.012,0,3.274,3.303,0,97,51199.219,13.515,24.706,OFF,OFF,OFF,OFF,OFF,OFF,OFF,Avail,Incmpl,Incmpl,Enable,Avail,422.300,207.600,422.300,207.600,ON,Avail,Compl,Enable,78,0,0,0,0,0,0,6,A,0,0,Avail,Incmpl,Incmpl,Enable,OFF,OFF,696,709.250,51199.219,51199.219,51199.219,51199.219,51199.219,51199.219,1GRFE ,33.333,Avail,Incmpl,Incmpl,Enable,7.996,OFF,OFF,OFF,OFF,ON,ON,Avail,Compl,Enable,Compl,CL,CL,Compl,Unable,Not Avl,Compl,Compl,Enable,OFF,80,15,41,ON,42.500,21.250,0.106,2392,15,21,-3,OFF,1.562,5.469,3.780,OFF,0,0,80,Avail,Compl,Enable,0,GRN2#  ,ON,0,ACTIVE,ACTIVE,0.957,0.942,0.195,0.330,100.508,88.188,Avail,Compl,Avail,Incmpl,Incmpl,Enable,OBD II (California ARB),OFF,OFF,29.279,0.024,0,1st,OFF,OFF,OFF,OFF,OFF,OFF,2.344,0.781,ON,OFF,650,0,OFF,OFF,OFF,ON,Gasoline,0.969,OFF,OFF,0.684,ON,0.391,14.902,7,0,0.742,0.742,2.305,0.742,0.918,2.031,46.275,0,14.902,31,0.031,0.070,OFF,ECT 5th,NA,OFF,97.834,97.856,13.333,0,Not Avl,0,0,0,0,ON,ON,0,0,1
26,0,13.790,Not Avl,Compl,Compl,Unable,OFF,Not Avl,Compl,Compl,Unable,OFF,60.938,58.594,34.375,35,19.531,39.551,15.686,31.765,0.781,1.582,ON,0,OFF,ON,ON,0.998,0.997,-0.012,0,3.274,3.303,0,97,51199.219,13.515,24.706,OFF,OFF,OFF,OFF,OFF,OFF,OFF,Avail,Incmpl,Incmpl,Enable,Avail,422.300,207.600,422.300,207.600,ON,Avail,Compl,Enable,78,0,0,0,0,0,0,6,A,0,0,Avail,Incmpl,Incmpl,Enable,OFF,OFF,696,709.250,51199.219,51199.219,51199.219,51199.219,51199.219,51199.219,1GRFE ,33.333,Avail,Incmpl,Incmpl,Enable,7.996,OFF,OFF,OFF,OFF,ON,ON,Avail,Compl,Enable,Compl,CL,CL,Compl,Unable,Not Avl,Compl,Compl,Enable,OFF,80,15,41,ON,42.500,21.250,0.106,2392,15,21,-3,OFF,1.562,5.469,3.780,OFF,0,0,80,Avail,Compl,Enable,0,GRN2#  ,ON,0,ACTIVE,ACTIVE,0.957,0.942,0.195,0.330,100.508,88.188,Avail,Compl,Avail,Incmpl,Incmpl,Enable,OBD II (California ARB),OFF,OFF,29.279,0.024,0,1st,OFF,OFF,OFF,OFF,OFF,OFF,2.344,0.781,ON,OFF,650,0,OFF,OFF,OFF,ON,Gasoline,0.969,OFF,OFF,0.684,ON,0.391,14.902,7,0,0.742,0.742,2.305,0.742,0.918,2.031,46.275,0,14.902,31,0.031,0.070,OFF,ECT 5th,NA,OFF,97.834,97.856,13.333,0,Not Avl,0,0,0,0,ON,ON,0,0,1
27,0,13.790,Not Avl,Compl,Compl,Unable,OFF,Not Avl,Compl,Compl,Unable,OFF,60.938,58.594,34.375,35,19.531,39.551,15.686,31.765,0.781,1.582,ON,0,OFF,ON,ON,0.998,0.997,-0.012,0,3.274,3.303,0,97,51199.219,13.515,24.706,OFF,OFF,OFF,OFF,OFF,OFF,OFF,Avail,Incmpl,Incmpl,Enable,Avail,422.300,207.600,422.300,207.600,ON,Avail,Compl,Enable,78,0,0,0,0,0,0,6,A,0,0,Avail,Incmpl,Incmpl,Enable,OFF,OFF,696,709.250,51199.219,51199.219,51199.219,51199.219,51199.219,51199.219,1GRFE ,33.333,Avail,Incmpl,Incmpl,Enable,7.996,OFF,OFF,OFF,OFF,ON,ON,Avail,Compl,Enable,Compl,CL,CL,Compl,Unable,Not Avl,Compl,Compl,Enable,OFF,80,15,41,ON,42.500,21.250,0.106,2392,15,21,-3,OFF,1.562,5.469,3.780,OFF,0,0,80,Avail,Compl,Enable,0,GRN2#  ,ON,0,ACTIVE,ACTIVE,0.957,0.942,0.195,0.330,100.508,88.188,Avail,Compl,Avail,Incmpl,Incmpl,Enable,OBD II (California ARB),OFF,OFF,29.279,0.024,0,1st,OFF,OFF,OFF,OFF,OFF,OFF,2.344,0.781,ON,OFF,650,0,OFF,OFF,OFF,ON,Gasoline,0.969,OFF,OFF,0.684,ON,0.391,14.902,7,0,0.742,0.742,2.305,0.742,0.918,2.031,46.275,0,14.902,31,0.031,0.070,OFF,ECT 5th,NA,OFF,97.834,97.856,13.333,0,Not Avl,0,0,0,0,ON,ON,0,0,1
28,0,13.790,Not Avl,Compl,Compl,Unable,OFF,Not Avl,Compl,Compl,Unable,OFF,60.938,58.594,34.375,35,19.531,39.551,15.686,31.765,0.781,1.582,ON,0,OFF,ON,ON,0.998,0.997,-0.012,0,3.274,3.303,0,97,51199.219,13.515,24.706,OFF,OFF,OFF,OFF,OFF,OFF,OFF,Avail,Incmpl,Incmpl,Enable,Avail,422.300,207.600,422.300,207.600,ON,Avail,Compl,Enable,78,0,0,0,0,0,0,6,A,0,0,Avail,Incmpl,Incmpl,Enable,OFF,OFF,696,709.250,51199.219,51199.219,51199.219,51199.219,51199.219,51199.219,1GRFE ,33.333,Avail,Incmpl,Incmpl,Enable,7.996,OFF,OFF,OFF,OFF,ON,ON,Avail,Compl,Enable,Compl,CL,CL,Compl,Unable,Not Avl,Compl,Compl,Enable,OFF,80,15,41,ON,42.500,21.250,0.106,2392,15,21,-3,OFF,1.562,5.469,3.780,OFF,0,0,80,Avail,Compl,Enable,0,GRN2#  ,ON,0,ACTIVE,ACTIVE,0.957,0.942,0.195,0.330,100.508,88.188,Avail,Compl,Avail,Incmpl,Incmpl,Enable,OBD II (California ARB),OFF,OFF,29.279,0.024,0,1st,OFF,OFF,OFF,OFF,OFF,OFF,2.344,0.781,ON,OFF,650,0,OFF,OFF,OFF,ON,Gasoline,0.969,OFF,OFF,0.684,ON,0.391,14.902,7,0,0.742,0.742,2.305,0.742,0.918,2.031,46.275,0,14.902,31,0.031,0.070,OFF,ECT 5th,NA,OFF,97.834,97.856,13.333,0,Not Avl,0,0,0,0,ON,ON,0,0,1
29,0,13.790,Not Avl,Compl,Compl,Unable,OFF,Not Avl,Compl,Compl,Unable,OFF,60.938,58.594,34.375,35,19.531,39.551,15.686,31.765,0.781,1.582,ON,0,OFF,ON,ON,1.001,0.997,-0.012,0,3.274,3.303,0,97,51199.219,13.515,24.706,OFF,OFF,OFF,OFF,OFF,OFF,OFF,Avail,Incmpl,Incmpl,Enable,Avail,422.300,207.600,422.300,207.600,ON,Avail,Compl,Enable,78,0,0,0,0,0,0,6,A,0,0,Avail,Incmpl,Incmpl,Enable,OFF,OFF,696,709.250,51199.219,51199.219,51199.219,51199.219,51199.219,51199.219,1GRFE ,33.333,Avail,Incmpl,Incmpl,Enable,7.996,OFF,OFF,OFF,OFF,ON,ON,Avail,Compl,Enable,Compl,CL,CL,Compl,Unable,Not Avl,Compl,Compl,Enable,OFF,80,15,41,ON,42.500,21.250,0.106,2392,15,21,-3,OFF,1.562,5.469,3.780,OFF,0,0,80,Avail,Compl,Enable,0,GRN2#  ,ON,0,ACTIVE,ACTIVE,0.957,0.942,0.195,0.330,100.508,88.188,Avail,Compl,Avail,Incmpl,Incmpl,Enable,OBD II (California ARB),OFF,OFF,29.279,0.024,0,1st,OFF,OFF,OFF,OFF,OFF,OFF,2.344,0.781,ON,OFF,650,0,OFF,OFF,OFF,ON,Gasoline,0.969,OFF,OFF,0.684,ON,0.391,14.902,7,0,0.742,0.742,2.305,0.742,0.918,2.031,46.275,0,14.902,31,0.031,0.070,OFF,ECT 5th,NA,OFF,97.834,97.856,13.333,0,Not Avl,0,0,0,0,ON,ON,0,0,1
30,0,13.790,Not Avl,Compl,Compl,Unable,OFF,Not Avl,Compl,Compl,Unable,OFF,60.938,58.594,34.375,35,19.531,39.551,15.686,31.765,0.781,1.582,ON,0,OFF,ON,ON,1.001,0.998,-0.012,0,3.274,3.303,0,97,51199.219,13.515,24.706,OFF,OFF,OFF,OFF,OFF,OFF,OFF,Avail,Incmpl,Incmpl,Enable,Avail,422.300,207.600,422.300,207.600,ON,Avail,Compl,Enable,78,0,0,0,0,0,0,6,A,0,0,Avail,Incmpl,Incmpl,Enable,OFF,OFF,696,709.250,51199.219,51199.219,51199.219,51199.219,51199.219,51199.219,1GRFE ,33.333,Avail,Incmpl,Incmpl,Enable,7.996,OFF,OFF,OFF,OFF,ON,ON,Avail,Compl,Enable,Compl,CL,CL,Compl,Unable,Not Avl,Compl,Compl,Enable,OFF,80,15,41,ON,42.500,21.250,0.106,2392,15,21,-3,OFF,1.562,5.469,3.780,OFF,0,0,80,Avail,Compl,Enable,0,GRN2#  ,ON,0,ACTIVE,ACTIVE,0.957,0.942,0.195,0.330,100.508,88.188,Avail,Compl,Avail,Incmpl,Incmpl,Enable,OBD II (California ARB),OFF,OFF,29.279,0.024,0,1st,OFF,OFF,OFF,OFF,OFF,OFF,2.344,0.781,ON,OFF,650,0,OFF,OFF,OFF,ON,Gasoline,0.969,OFF,OFF,0.684,ON,0.391,14.902,7,0,0.742,0.742,2.305,0.742,0.918,2.031,46.275,0,14.902,31,0.031,0.070,OFF,ECT 5th,NA,OFF,97.834,97.856,13.333,0,Not Avl,0,0,0,0,ON,ON,0,0,1
31,0,13.790,Not Avl,Compl,Compl,Unable,OFF,Not Avl,Compl,Compl,Unable,OFF,60.938,58.594,34.375,35,19.531,39.551,15.686,31.765,0.781,1.582,ON,0,OFF,ON,ON,1.001,0.998,0.039,0,3.274,3.303,0,97,51199.219,13.515,24.706,OFF,OFF,OFF,OFF,OFF,OFF,OFF,Avail,Incmpl,Incmpl,Enable,Avail,422.300,207.600,422.300,207.600,ON,Avail,Compl,Enable,78,0,0,0,0,0,0,6,A,0,0,Avail,Incmpl,Incmpl,Enable,OFF,OFF,696,709.250,51199.219,51199.219,51199.219,51199.219,51199.219,51199.219,1GRFE ,33.333,Avail,Incmpl,Incmpl,Enable,7.996,OFF,OFF,OFF,OFF,ON,ON,Avail,Compl,Enable,Compl,CL,CL,Compl,Unable,Not Avl,Compl,Compl,Enable,OFF,80,15,41,ON,42.500,21.250,0.106,2392,15,21,-3,OFF,1.562,5.469,3.780,OFF,0,0,80,Avail,Compl,Enable,0,GRN2#  ,ON,0,ACTIVE,ACTIVE,0.957,0.942,0.195,0.330,100.508,88.188,Avail,Compl,Avail,Incmpl,Incmpl,Enable,OBD II (California ARB),OFF,OFF,29.279,0.024,0,1st,OFF,OFF,OFF,OFF,OFF,OFF,2.344,0.781,ON,OFF,650,0,OFF,OFF,OFF,ON,Gasoline,0.969,OFF,OFF,0.684,ON,0.391,14.902,7,0,0.742,0.742,2.305,0.742,0.918,2.031,46.275,0,14.902,31,0.031,0.070,OFF,ECT 5th,NA,OFF,97.834,97.856,13.333,0,Not Avl,0,0,0,0,ON,ON,0,0,1
32,0,13.790,Not Avl,Compl,Compl,Unable,OFF,Not Avl,Compl,Compl,Unable,OFF,60.938,58.594,34.375,35,19.531,39.551,15.686,31.765,0.781,1.582,ON,0,OFF,ON,ON,1.001,0.998,0.039,0.020,3.274,3.303,0,97,51199.219,13.515,24.706,OFF,OFF,OFF,OFF,OFF,OFF,OFF,Avail,Incmpl,Incmpl,Enable,Avail,422.300,207.600,422.300,207.600,ON,Avail,Compl,Enable,78,0,0,0,0,0,0,6,A,0,0,Avail,Incmpl,Incmpl,Enable,OFF,OFF,696,709.250,51199.219,51199.219,51199.219,51199.219,51199.219,51199.219,1GRFE ,33.333,Avail,Incmpl,Incmpl,Enable,7.996,OFF,OFF,OFF,OFF,ON,ON,Avail,Compl,Enable,Compl,CL,CL,Compl,Unable,Not Avl,Compl,Compl,Enable,OFF,80,15,41,ON,42.500,21.250,0.106,2392,15,21,-3,OFF,1.562,5.469,3.780,OFF,0,0,80,Avail,Compl,Enable,0,GRN2#  ,ON,0,ACTIVE,ACTIVE,0.957,0.942,0.195,0.330,100.508,88.188,Avail,Compl,Avail,Incmpl,Incmpl,Enable,OBD II (California ARB),OFF,OFF,29.279,0.024,0,1st,OFF,OFF,OFF,OFF,OFF,OFF,2.344,0.781,ON,OFF,650,0,OFF,OFF,OFF,ON,Gasoline,0.969,OFF,OFF,0.684,ON,0.391,14.902,7,0,0.742,0.742,2.305,0.742,0.918,2.031,46.275,0,14.902,31,0.031,0.070,OFF,ECT 5th,NA,OFF,97.834,97.856,13.333,0,Not Avl,0,0,0,0,ON,ON,0,0,1
33,0,13.790,Not Avl,Compl,Compl,Unable,OFF,Not Avl,Compl,Compl,Unable,OFF,60.938,58.594,34.375,35,19.531,39.551,15.686,31.765,0.781,1.582,ON,0,OFF,ON,ON,1.001,0.998,0.039,0.020,3.342,3.303,0,97,51199.219,13.515,24.706,OFF,OFF,OFF,OFF,OFF,OFF,OFF,Avail,Incmpl,Incmpl,Enable,Avail,422.300,207.600,422.300,207.600,ON,Avail,Compl,Enable,78,0,0,0,0,0,0,6,A,0,0,Avail,Incmpl,Incmpl,Enable,OFF,OFF,696,709.250,51199.219,51199.219,51199.219,51199.219,51199.219,51199.219,1GRFE ,33.333,Avail,Incmpl,Incmpl,Enable,7.996,OFF,OFF,OFF,OFF,ON,ON,Avail,Compl,Enable,Compl,CL,CL,Compl,Unable,Not Avl,Compl,Compl,Enable,OFF,80,15,41,ON,42.500,21.250,0.106,2392,15,21,-3,OFF,1.562,5.469,3.780,OFF,0,0,80,Avail,Compl,Enable,0,GRN2#  ,ON,0,ACTIVE,ACTIVE,0.957,0.942,0.195,0.330,100.508,88.188,Avail,Compl,Avail,Incmpl,Incmpl,Enable,OBD II (California ARB),OFF,OFF,29.279,0.024,0,1st,OFF,OFF,OFF,OFF,OFF,OFF,2.344,0.781,ON,OFF,650,0,OFF,OFF,OFF,ON,Gasoline,0.969,OFF,OFF,0.684,ON,0.391,14.902,7,0,0.742,0.742,2.305,0.742,0.918,2.031,46.275,0,14.902,31,0.031,0.070,OFF,ECT 5th,NA,OFF,97.834,97.856,13.333,0,Not Avl,0,0,0,0,ON,ON,0,0,1
34,0,13.790,Not Avl,Compl,Compl,Unable,OFF,Not Avl,Compl,Compl,Unable,OFF,60.938,58.594,34.375,35,19.531,39.551,15.686,31.765,0.781,1.582,ON,0,OFF,ON,ON,1.001,0.998,0.039,0.020,3.342,3.337,0,97,51199.219,13.515,24.706,OFF,OFF,OFF,OFF,OFF,OFF,OFF,Avail,Incmpl,Incmpl,Enable,Avail,422.300,207.600,422.300,207.600,ON,Avail,Compl,Enable,78,0,0,0,0,0,0,6,A,0,0,Avail,Incmpl,Incmpl,Enable,OFF,OFF,696,709.250,51199.219,51199.219,51199.219,51199.219,51199.219,51199.219,1GRFE ,33.333,Avail,Incmpl,Incmpl,Enable,7.996,OFF,OFF,OFF,OFF,ON,ON,Avail,Compl,Enable,Compl,CL,CL,Compl,Unable,Not Avl,Compl,Compl,Enable,OFF,80,15,41,ON,42.500,21.250,0.106,2392,15,21,-3,OFF,1.562,5.469,3.780,OFF,0,0,80,Avail,Compl,Enable,0,GRN2#  ,ON,0,ACTIVE,ACTIVE,0.957,0.942,0.195,0.330,100.508,88.188,Avail,Compl,Avail,Incmpl,Incmpl,Enable,OBD II (California ARB),OFF,OFF,29.279,0.024,0,1st,OFF,OFF,OFF,OFF,OFF,OFF,2.344,0.781,ON,OFF,650,0,OFF,OFF,OFF,ON,Gasoline,0.969,OFF,OFF,0.684,ON,0.391,14.902,7,0,0.742,0.742,2.305,0.742,0.918,2.031,46.275,0,14.902,31,0.031,0.070,OFF,ECT 5th,NA,OFF,97.834,97.856,13.333,0,Not Avl,0,0,0,0,ON,ON,0,0,1
35,0,13.790,Not Avl,Compl,Compl,Unable,OFF,Not Avl,Compl,Compl,Unable,OFF,60.938,58.594,34.375,35,19.531,39.551,15.686,31.765,0.781,1.582,ON,0,OFF,ON,ON,1.001,0.998,0.039,0.020,3.342,3.337,0,97,51199.219,13.515,24.706,OFF,OFF,OFF,OFF,OFF,OFF,OFF,Avail,Incmpl,Incmpl,Enable,Avail,422.300,207.600,422.300,207.600,ON,Avail,Compl,Enable,78,0,0,0,0,0,0,6,A,0,0,Avail,Incmpl,Incmpl,Enable,OFF,OFF,696,709.250,51199.219,51199.219,51199.219,51199.219,51199.219,51199.219,1GRFE ,33.333,Avail,Incmpl,Incmpl,Enable,7.996,OFF,OFF,OFF,OFF,ON,ON,Avail,Compl,Enable,Compl,CL,CL,Compl,Unable,Not Avl,Compl,Compl,Enable,OFF,80,15,41,ON,42.500,21.250,0.106,2392,15,21,-3,OFF,1.562,5.469,3.780,OFF,0,0,80,Avail,Compl,Enable,0,GRN2#  ,ON,0,ACTIVE,ACTIVE,0.957,0.942,0.195,0.330,100.508,88.188,Avail,Compl,Avail,Incmpl,Incmpl,Enable,OBD II (California ARB),OFF,OFF,29.279,0.024,0,1st,OFF,OFF,OFF,OFF,OFF,OFF,2.344,0.781,ON,OFF,650,0,OFF,OFF,OFF,ON,Gasoline,0.969,OFF,OFF,0.684,ON,0.391,14.902,7,0,0.742,0.742,2.305,0.742,0.918,2.031,46.275,0,14.902,31,0.031,0.070,OFF,ECT 5th,NA,OFF,97.834,97.856,13.333,0,Not Avl,0,0,0,0,ON,ON,0,0,1
36,0,13.790,Not Avl,Compl,Compl,Unable,OFF,Not Avl,Compl,Compl,Unable,OFF,60.938,58.594,34.375,35,19.531,39.551,15.686,31.765,0.781,1.582,ON,0,OFF,ON,ON,1.001,0.998,0.039,0.020,3.342,3.337,0,97,51199.219,13.515,24.706,OFF,OFF,OFF,OFF,OFF,OFF,OFF,Avail,Incmpl,Incmpl,Enable,Avail,422.300,207.600,422.300,207.600,ON,Avail,Compl,Enable,78,0,0,0,0,0,0,6,A,0,0,Avail,Incmpl,Incmpl,Enable,OFF,OFF,696,709.250,51199.219,51199.219,51199.219,51199.219,51199.219,51199.219,1GRFE ,33.333,Avail,Incmpl,Incmpl,Enable,7.996,OFF,OFF,OFF,OFF,ON,ON,Avail,Compl,Enable,Compl,CL,CL,Compl,Unable,Not Avl,Compl,Compl,Enable,OFF,80,15,41,ON,42.500,21.250,0.106,2392,15,21,-3,OFF,1.562,5.469,3.780,OFF,0,0,80,Avail,Compl,Enable,0,GRN2#  ,ON,0,ACTIVE,ACTIVE,0.957,0.942,0.195,0.330,100.508,88.188,Avail,Compl,Avail,Incmpl,Incmpl,Enable,OBD II (California ARB),OFF,OFF,29.279,0.024,0,1st,OFF,OFF,OFF,OFF,OFF,OFF,2.344,0.781,ON,OFF,650,0,OFF,OFF,OFF,ON,Gasoline,0.969,OFF,OFF,0.684,ON,0.391,14.902,7,0,0.742,0.742,2.305,0.742,0.918,2.031,46.275,0,14.902,31,0.031,0.070,OFF,ECT 5th,NA,OFF,97.834,97.856,13.333,0,Not Avl,0,0,0,0,ON,ON,0,0,1
37,0,13.790,Not Avl,Compl,Compl,Unable,OFF,Not Avl,Compl,Compl,Unable,OFF,60.938,58.594,34.375,35,19.531,39.551,15.686,31.765,0.781,1.582,ON,0,OFF,ON,ON,1.001,0.998,0.039,0.020,3.342,3.337,0,97,51199.219,13.515,24.706,OFF,OFF,OFF,OFF,OFF,OFF,OFF,Avail,Incmpl,Incmpl,Enable,Avail,422.300,207.600,422.300,207.600,ON,Avail,Compl,Enable,78,0,0,0,0,0,0,6,A,0,0,Avail,Incmpl,Incmpl,Enable,OFF,OFF,696,709.250,51199.219,51199.219,51199.219,51199.219,51199.219,51199.219,1GRFE ,33.333,Avail,Incmpl,Incmpl,Enable,7.996,OFF,OFF,OFF,OFF,ON,ON,Avail,Compl,Enable,Compl,CL,CL,Compl,Unable,Not Avl,Compl,Compl,Enable,OFF,80,15,41,ON,42.500,21.250,0.106,2392,15,21,-3,OFF,1.562,5.469,3.780,OFF,0,0,80,Avail,Compl,Enable,0,GRN2#  ,ON,0,ACTIVE,ACTIVE,0.957,0.942,0.195,0.330,100.508,88.188,Avail,Compl,Avail,Incmpl,Incmpl,Enable,OBD II (California ARB),OFF,OFF,29.279,0.024,0,1st,OFF,OFF,OFF,OFF,OFF,OFF,2.344,0.781,ON,OFF,650,0,OFF,OFF,OFF,ON,Gasoline,0.969,OFF,OFF,0.684,ON,0.391,14.902,7,0,0.742,0.742,2.305,0.742,0.918,2.031,46.275,0,14.902,31,0.031,0.070,OFF,ECT 5th,NA,OFF,97.834,97.856,13.333,0,Not Avl,0,0,0,0,ON,ON,0,0,1
38,0,13.790,Not Avl,Compl,Compl,Unable,OFF,Not Avl,Compl,Compl,Unable,OFF,60.938,58.594,34.375,35,19.531,39.551,15.686,31.765,0.781,1.582,ON,0,OFF,ON,ON,1.001,0.998,0.039,0.020,3.342,3.337,0,97,51199.219,13.515,24.706,OFF,OFF,OFF,OFF,OFF,OFF,OFF,Avail,Incmpl,Incmpl,Enable,Avail,422.300,207.600,422.300,207.600,ON,Avail,Compl,Enable,78,0,0,0,0,0,0,6,A,0,0,Avail,Incmpl,Incmpl,Enable,OFF,OFF,696,709.250,51199.219,51199.219,51199.219,51199.219,51199.219,51199.219,1GRFE ,33.333,Avail,Incmpl,Incmpl,Enable,7.996,OFF,OFF,OFF,OFF,ON,ON,Avail,Compl,Enable,Compl,CL,CL,Compl,Unable,Not Avl,Compl,Compl,Enable,OFF,80,15,41,ON,42.500,21.250,0.106,2392,15,21,-3,OFF,1.562,5.469,3.780,OFF,0,0,80,Avail,Compl,Enable,0,GRN2#  ,ON,0,ACTIVE,ACTIVE,0.957,0.942,0.195,0.330,100.508,88.188,Avail,Compl,Avail,Incmpl,Incmpl,Enable,OBD II (California ARB),OFF,OFF,29.279,0.024,0,1st,OFF,OFF,OFF,OFF,OFF,OFF,2.344,0.781,ON,OFF,650,0,OFF,OFF,OFF,ON,Gasoline,0.969,OFF,OFF,0.684,ON,0.391,14.902,7,0,0.742,0.742,2.305,0.742,0.918,2.031,46.275,0,14.902,31,0.031,0.070,OFF,ECT 5th,NA,OFF,97.834,97.856,13.333,0,Not Avl,0,0,0,0,ON,ON,0,0,1
39,0,13.790,Not Avl,Compl,Compl,Unable,OFF,Not Avl,Compl,Compl,Unable,OFF,60.938,58.594,34.375,35,19.531,39.551,15.686,31.765,0.781,1.582,ON,0,OFF,ON,ON,1.001,0.998,0.039,0.020,3.342,3.337,0,97,51199.219,13.515,24.314,OFF,OFF,OFF,OFF,OFF,OFF,OFF,Avail,Incmpl,Incmpl,Enable,Avail,422.300,207.600,422.300,207.600,ON,Avail,Compl,Enable,78,0,0,0,0,0,0,6,A,0,0,Avail,Incmpl,Incmpl,Enable,OFF,OFF,696,709.250,51199.219,51199.219,51199.219,51199.219,51199.219,51199.219,1GRFE ,33.333,Avail,Incmpl,Incmpl,Enable,7.996,OFF,OFF,OFF,OFF,ON,ON,Avail,Compl,Enable,Compl,CL,CL,Compl,Unable,Not Avl,Compl,Compl,Enable,OFF,80,15,41,ON,42.500,21.250,0.106,2392,15,21,-3,OFF,1.562,5.469,3.780,OFF,0,0,80,Avail,Compl,Enable,0,GRN2#  ,ON,0,ACTIVE,ACTIVE,0.957,0.942,0.195,0.330,100.508,88.188,Avail,Compl,Avail,Incmpl,Incmpl,Enable,OBD II (California ARB),OFF,OFF,29.279,0.024,0,1st,OFF,OFF,OFF,OFF,OFF,OFF,2.344,0.781,ON,OFF,650,0,OFF,OFF,OFF,ON,Gasoline,0.969,OFF,OFF,0.684,ON,0.391,14.902,7,0,0.742,0.742,2.305,0.742,0.918,2.031,46.275,0,14.902,31,0.031,0.070,OFF,ECT 5th,NA,OFF,97.834,97.856,13.333,0,Not Avl,0,0,0,0,ON,ON,0,0,1
40,0,13.790,Not Avl,Compl,Compl,Unable,OFF,Not Avl,Compl,Compl,Unable,OFF,60.938,58.594,34.375,35,19.531,39.551,15.686,31.765,0.781,1.582,ON,0,OFF,ON,ON,1.001,0.998,0.039,0.020,3.342,3.337,0,97,51199.219,13.515,24.314,OFF,OFF,OFF,OFF,OFF,OFF,OFF,Avail,Incmpl,Incmpl,Enable,Avail,422.300,207.600,422.300,207.600,ON,Avail,Compl,Enable,78,0,0,0,0,0,0,6,A,0,0,Avail,Incmpl,Incmpl,Enable,OFF,OFF,696,709.250,51199.219,51199.219,51199.219,51199.219,51199.219,51199.219,1GRFE ,33.333,Avail,Incmpl,Incmpl,Enable,7.996,OFF,OFF,OFF,OFF,ON,ON,Avail,Compl,Enable,Compl,CL,CL,Compl,Unable,Not Avl,Compl,Compl,Enable,OFF,80,15,41,ON,42.500,21.250,0.106,2392,15,21,-3,OFF,1.562,5.469,3.780,OFF,0,0,80,Avail,Compl,Enable,0,GRN2#  ,ON,0,ACTIVE,ACTIVE,0.957,0.942,0.195,0.330,100.508,88.188,Avail,Compl,Avail,Incmpl,Incmpl,Enable,OBD II (California ARB),OFF,OFF,29.279,0.024,0,1st,OFF,OFF,OFF,OFF,OFF,OFF,2.344,0.781,ON,OFF,650,0,OFF,OFF,OFF,ON,Gasoline,0.969,OFF,OFF,0.684,ON,0.391,14.902,7,0,0.742,0.742,2.305,0.742,0.918,2.031,46.275,0,14.902,31,0.031,0.070,OFF,ECT 5th,NA,OFF,97.834,97.856,13.333,0,Not Avl,0,0,0,0,ON,ON,0,0,1
41,0,13.790,Not Avl,Compl,Compl,Unable,OFF,Not Avl,Compl,Compl,Unable,OFF,60.938,58.594,34.375,35,19.531,39.551,15.686,31.765,0.781,1.582,ON,0,OFF,ON,ON,1.001,0.998,0.039,0.020,3.342,3.337,0,97,51199.219,13.515,24.314,OFF,OFF,OFF,OFF,OFF,OFF,OFF,Avail,Incmpl,Incmpl,Enable,Avail,422.300,207.600,422.300,207.600,ON,Avail,Compl,Enable,78,0,0,0,0,0,0,6,A,0,0,Avail,Incmpl,Incmpl,Enable,OFF,OFF,696,709.250,51199.219,51199.219,51199.219,51199.219,51199.219,51199.219,1GRFE ,33.333,Avail,Incmpl,Incmpl,Enable,7.996,OFF,OFF,OFF,OFF,ON,ON,Avail,Compl,Enable,Compl,CL,CL,Compl,Unable,Not Avl,Compl,Compl,Enable,OFF,80,15,41,ON,42.500,21.250,0.106,2392,15,21,-3,OFF,1.562,5.469,3.780,OFF,0,0,80,Avail,Compl,Enable,0,GRN2#  ,ON,0,ACTIVE,ACTIVE,0.957,0.942,0.195,0.330,100.508,88.188,Avail,Compl,Avail,Incmpl,Incmpl,Enable,OBD II (California ARB),OFF,OFF,29.279,0.024,0,1st,OFF,OFF,OFF,OFF,OFF,OFF,2.344,0.781,ON,OFF,650,0,OFF,OFF,OFF,ON,Gasoline,0.969,OFF,OFF,0.684,ON,0.391,14.902,7,0,0.742,0.742,2.305,0.742,0.918,2.031,46.275,0,14.902,31,0.031,0.070,OFF,ECT 5th,NA,OFF,97.834,97.856,13.333,0,Not Avl,0,0,0,0,ON,ON,0,0,1
42,0,13.790,Not Avl,Compl,Compl,Unable,OFF,Not Avl,Compl,Compl,Unable,OFF,60.938,58.594,34.375,35,19.531,39.551,15.686,31.765,0.781,1.582,ON,0,OFF,ON,ON,1.001,0.998,0.039,0.020,3.342,3.337,0,97,51199.219,13.515,24.314,OFF,OFF,OFF,OFF,OFF,OFF,OFF,Avail,Incmpl,Incmpl,Enable,Avail,422.300,207.600,422.300,207.600,ON,Avail,Compl,Enable,78,0,0,0,0,0,0,6,A,0,0,Avail,Incmpl,Incmpl,Enable,OFF,OFF,696,709.250,51199.219,51199.219,51199.219,51199.219,51199.219,51199.219,1GRFE ,33.333,Avail,Incmpl,Incmpl,Enable,7.996,OFF,OFF,OFF,OFF,ON,ON,Avail,Compl,Enable,Compl,CL,CL,Compl,Unable,Not Avl,Compl,Compl,Enable,OFF,80,15,41,ON,42.500,21.250,0.106,2392,15,21,-3,OFF,1.562,5.469,3.780,OFF,0,0,80,Avail,Compl,Enable,0,GRN2#  ,ON,0,ACTIVE,ACTIVE,0.957,0.942,0.195,0.330,100.508,88.188,Avail,Compl,Avail,Incmpl,Incmpl,Enable,OBD II (California ARB),OFF,OFF,29.279,0.024,0,1st,OFF,OFF,OFF,OFF,OFF,OFF,2.344,0.781,ON,OFF,650,0,OFF,OFF,OFF,ON,Gasoline,0.969,OFF,OFF,0.684,ON,0.391,14.902,7,0,0.742,0.742,2.305,0.742,0.918,2.031,46.275,0,14.902,31,0.031,0.070,OFF,ECT 5th,NA,OFF,97.834,97.856,13.333,0,Not Avl,0,0,0,0,ON,ON,0,0,1
43,0,13.790,Not Avl,Compl,Compl,Unable,OFF,Not Avl,Compl,Compl,Unable,OFF,60.938,58.594,34.375,35,19.531,39.551,15.686,31.765,0.781,1.582,ON,0,OFF,ON,ON,1.001,0.998,0.039,0.020,3.342,3.337,0,97,51199.219,13.515,24.314,OFF,OFF,OFF,OFF,OFF,OFF,OFF,Avail,Incmpl,Incmpl,Enable,Avail,422.300,207.600,422.300,207.600,ON,Avail,Compl,Enable,78,0,0,0,0,0,0,6,A,0,0,Avail,Incmpl,Incmpl,Enable,OFF,OFF,696,709.250,51199.219,51199.219,51199.219,51199.219,51199.219,51199.219,1GRFE ,33.333,Avail,Incmpl,Incmpl,Enable,7.996,OFF,OFF,OFF,OFF,ON,ON,Avail,Compl,Enable,Compl,CL,CL,Compl,Unable,Not Avl,Compl,Compl,Enable,OFF,80,15,41,ON,42.500,21.250,0.106,2392,15,21,-3,OFF,1.562,5.469,3.780,OFF,0,0,80,Avail,Compl,Enable,0,GRN2#  ,ON,0,ACTIVE,ACTIVE,0.957,0.942,0.195,0.330,100.508,88.188,Avail,Compl,Avail,Incmpl,Incmpl,Enable,OBD II (California ARB),OFF,OFF,29.279,0.024,0,1st,OFF,OFF,OFF,OFF,OFF,OFF,2.344,0.781,ON,OFF,650,0,OFF,OFF,OFF,ON,Gasoline,0.969,OFF,OFF,0.684,ON,0.391,14.902,7,0,0.742,0.742,2.305,0.742,0.918,2.031,46.275,0,14.902,31,0.031,0.070,OFF,ECT 5th,NA,OFF,97.834,97.856,13.333,0,Not Avl,0,0,0,0,ON,ON,0,0,1
44,0,13.790,Not Avl,Compl,Compl,Unable,OFF,Not Avl,Compl,Compl,Unable,OFF,60.938,58.594,34.375,35,19.531,39.551,15.686,31.765,0.781,1.582,ON,0,OFF,ON,ON,1.001,0.998,0.039,0.020,3.342,3.337,0,97,51199.219,13.515,24.314,OFF,OFF,OFF,OFF,OFF,OFF,OFF,Avail,Incmpl,Incmpl,Enable,Avail,422.300,207.600,422.300,207.600,ON,Avail,Compl,Enable,78,0,0,0,0,0,0,6,A,0,0,Avail,Incmpl,Incmpl,Enable,OFF,OFF,696,709.250,51199.219,51199.219,51199.219,51199.219,51199.219,51199.219,1GRFE ,33.333,Avail,Incmpl,Incmpl,Enable,7.996,OFF,OFF,OFF,OFF,ON,ON,Avail,Compl,Enable,Compl,CL,CL,Compl,Unable,Not Avl,Compl,Compl,Enable,OFF,80,15,41,ON,42.500,21.250,0.106,2392,15,21,-3,OFF,1.562,5.469,3.780,OFF,0,0,80,Avail,Compl,Enable,0,GRN2#  ,ON,0,ACTIVE,ACTIVE,0.957,0.942,0.195,0.330,100.508,88.188,Avail,Compl,Avail,Incmpl,Incmpl,Enable,OBD II (California ARB),OFF,OFF,29.279,0.024,0,1st,OFF,OFF,OFF,OFF,OFF,OFF,2.344,0.781,ON,OFF,650,0,OFF,OFF,OFF,ON,Gasoline,0.969,OFF,OFF,0.684,ON,0.391,14.902,7,0,0.742,0.742,2.305,0.742,0.918,2.031,46.275,0,14.902,31,0.031,0.070,OFF,ECT 5th,NA,OFF,97.834,97.856,13.333,0,Not Avl,0,0,0,0,ON,ON,0,0,1
45,0,13.790,Not Avl,Compl,Compl,Unable,OFF,Not Avl,Compl,Compl,Unable,OFF,60.938,58.594,34.375,35,19.531,39.551,15.686,31.765,0.781,1.582,ON,0,OFF,ON,ON,1.001,0.998,0.039,0.020,3.342,3.337,0,97,51199.219,13.515,24.314,OFF,OFF,OFF,OFF,OFF,OFF,OFF,Avail,Incmpl,Incmpl,Enable,Avail,422.300,207.600,422.300,207.600,ON,Avail,Compl,Enable,78,0,0,0,0,0,0,6,A,0,0,Avail,Incmpl,Incmpl,Enable,OFF,OFF,696,709.250,51199.219,51199.219,51199.219,51199.219,51199.219,51199.219,1GRFE ,33.333,Avail,Incmpl,Incmpl,Enable,7.996,OFF,OFF,OFF,OFF,ON,ON,Avail,Compl,Enable,Compl,CL,CL,Compl,Unable,Not Avl,Compl,Compl,Enable,OFF,80,15,41,ON,42.500,21.250,0.106,2392,15,21,-3,OFF,1.562,5.469,3.780,OFF,0,0,80,Avail,Compl,Enable,0,GRN2#  ,ON,0,ACTIVE,ACTIVE,0.957,0.942,0.195,0.330,100.508,88.188,Avail,Compl,Avail,Incmpl,Incmpl,Enable,OBD II (California ARB),OFF,OFF,29.279,0.024,0,1st,OFF,OFF,OFF,OFF,OFF,OFF,2.344,0.781,ON,OFF,650,0,OFF,OFF,OFF,ON,Gasoline,0.969,OFF,OFF,0.684,ON,0.391,14.902,7,0,0.742,0.742,2.305,0.742,0.918,2.031,46.275,0,14.902,31,0.031,0.070,OFF,ECT 5th,NA,OFF,97.834,97.856,13.333,0,Not Avl,0,0,0,0,ON,ON,0,0,1
46,0,13.790,Not Avl,Compl,Compl,Unable,OFF,Not Avl,Compl,Compl,Unable,OFF,60.938,58.594,34.375,35,19.531,39.551,15.686,31.765,0.781,1.582,ON,0,OFF,ON,ON,1.001,0.998,0.039,0.020,3.342,3.337,0,97,51199.219,13.515,24.314,OFF,OFF,OFF,OFF,OFF,OFF,OFF,Avail,Incmpl,Incmpl,Enable,Avail,422.300,207.600,422.300,207.600,ON,Avail,Compl,Enable,78,0,0,0,0,0,0,6,A,0,0,Avail,Incmpl,Incmpl,Enable,OFF,OFF,696,709.250,51199.219,51199.219,51199.219,51199.219,51199.219,51199.219,1GRFE ,33.333,Avail,Incmpl,Incmpl,Enable,7.996,OFF,OFF,OFF,OFF,ON,ON,Avail,Compl,Enable,Compl,CL,CL,Compl,Unable,Not Avl,Compl,Compl,Enable,OFF,80,15,41,ON,42.500,21.250,0.106,2392,15,21,-3,OFF,1.562,5.469,3.780,OFF,0,0,80,Avail,Compl,Enable,0,GRN2#  ,ON,0,ACTIVE,ACTIVE,0.957,0.942,0.195,0.330,100.508,88.188,Avail,Compl,Avail,Incmpl,Incmpl,Enable,OBD II (California ARB),OFF,OFF,29.279,0.024,0,1st,OFF,OFF,OFF,OFF,OFF,OFF,2.344,0.781,ON,OFF,650,0,OFF,OFF,OFF,ON,Gasoline,0.969,OFF,OFF,0.684,ON,0.391,14.902,7,0,0.742,0.742,2.305,0.742,0.918,2.031,46.275,0,14.902,31,0.031,0.070,OFF,ECT 5th,NA,OFF,97.834,97.856,13.333,0,Not Avl,0,0,0,0,ON,ON,0,0,1
47,0,13.790,Not Avl,Compl,Compl,Unable,OFF,Not Avl,Compl,Compl,Unable,OFF,60.938,58.594,34.375,35,19.531,39.551,15.686,31.765,0.781,1.582,ON,0,OFF,ON,ON,1.001,0.998,0.039,0.020,3.342,3.337,0,97,51199.219,13.515,24.314,OFF,OFF,OFF,OFF,OFF,OFF,OFF,Avail,Incmpl,Incmpl,Enable,Avail,422.300,207.600,422.300,207.600,ON,Avail,Compl,Enable,78,0,0,0,0,0,0,6,A,0,0,Avail,Incmpl,Incmpl,Enable,OFF,OFF,696,709.250,51199.219,51199.219,51199.219,51199.219,51199.219,51199.219,1GRFE ,33.333,Avail,Incmpl,Incmpl,Enable,7.996,OFF,OFF,OFF,OFF,ON,ON,Avail,Compl,Enable,Compl,CL,CL,Compl,Unable,Not Avl,Compl,Compl,Enable,OFF,80,15,41,ON,42.500,21.250,0.106,2392,15,21,-3,OFF,1.562,5.469,3.780,OFF,0,0,80,Avail,Compl,Enable,0,GRN2#  ,ON,0,ACTIVE,ACTIVE,0.957,0.942,0.195,0.330,100.508,88.188,Avail,Compl,Avail,Incmpl,Incmpl,Enable,OBD II (California ARB),OFF,OFF,29.279,0.024,0,1st,OFF,OFF,OFF,OFF,OFF,OFF,2.344,0.781,ON,OFF,650,0,OFF,OFF,OFF,ON,Gasoline,0.969,OFF,OFF,0.684,ON,0.391,14.902,7,0,0.742,0.742,2.305,0.742,0.918,2.031,46.275,0,14.902,31,0.031,0.070,OFF,ECT 5th,NA,OFF,97.834,97.856,13.333,0,Not Avl,0,0,0,0,ON,ON,0,0,1
48,0,13.790,Not Avl,Compl,Compl,Unable,OFF,Not Avl,Compl,Compl,Unable,OFF,60.938,58.594,34.375,35,19.531,39.551,15.686,31.765,0.781,1.582,ON,0,OFF,ON,ON,1.001,0.998,0.039,0.020,3.342,3.337,0,97,51199.219,13.515,24.314,OFF,OFF,OFF,OFF,OFF,OFF,OFF,Avail,Incmpl,Incmpl,Enable,Avail,422.300,207.600,422.300,207.600,ON,Avail,Compl,Enable,78,0,0,0,0,0,0,6,A,0,0,Avail,Incmpl,Incmpl,Enable,OFF,OFF,696,709.250,51199.219,51199.219,51199.219,51199.219,51199.219,51199.219,1GRFE ,33.333,Avail,Incmpl,Incmpl,Enable,7.996,OFF,OFF,OFF,OFF,ON,ON,Avail,Compl,Enable,Compl,CL,CL,Compl,Unable,Not Avl,Compl,Compl,Enable,OFF,80,15,41,ON,42.500,21.250,0.106,2392,15,21,-3,OFF,1.562,5.469,3.780,OFF,0,0,80,Avail,Compl,Enable,0,GRN2#  ,ON,0,ACTIVE,ACTIVE,0.957,0.942,0.195,0.330,100.508,88.188,Avail,Compl,Avail,Incmpl,Incmpl,Enable,OBD II (California ARB),OFF,OFF,29.279,0.024,0,1st,OFF,OFF,OFF,OFF,OFF,OFF,2.344,0.781,ON,OFF,650,0,OFF,OFF,OFF,ON,Gasoline,0.969,OFF,OFF,0.684,ON,0.391,14.902,7,0,0.742,0.742,2.305,0.742,0.918,2.031,46.275,0,14.902,31,0.031,0.070,OFF,ECT 5th,NA,OFF,97.834,97.856,13.333,0,Not Avl,0,0,0,0,ON,ON,0,0,1
49,0,13.790,Not Avl,Compl,Compl,Unable,OFF,Not Avl,Compl,Compl,Unable,OFF,60.938,58.594,34.375,35,19.531,39.551,15.686,31.765,0.781,1.582,ON,0,OFF,ON,ON,1.001,0.998,0.039,0.020,3.342,3.337,0,97,51199.219,13.515,24.314,OFF,OFF,OFF,OFF,OFF,OFF,OFF,Avail,Incmpl,Incmpl,Enable,Avail,422.300,207.600,422.300,207.600,ON,Avail,Compl,Enable,78,0,0,0,0,0,0,6,A,0,0,Avail,Incmpl,Incmpl,Enable,OFF,OFF,696,709.250,51199.219,51199.219,51199.219,51199.219,51199.219,51199.219,1GRFE ,33.333,Avail,Incmpl,Incmpl,Enable,7.996,OFF,OFF,OFF,OFF,ON,ON,Avail,Compl,Enable,Compl,CL,CL,Compl,Unable,Not Avl,Compl,Compl,Enable,OFF,80,15,41,ON,42.500,21.250,0.106,2392,15,21,-3,OFF,1.562,5.469,3.780,OFF,0,0,80,Avail,Compl,Enable,0,GRN2#  ,ON,0,ACTIVE,ACTIVE,0.957,0.942,0.195,0.330,100.508,88.188,Avail,Compl,Avail,Incmpl,Incmpl,Enable,OBD II (California ARB),OFF,OFF,29.279,0.024,0,1st,OFF,OFF,OFF,OFF,OFF,OFF,2.344,0.781,ON,OFF,650,0,OFF,OFF,OFF,ON,Gasoline,0.969,OFF,OFF,0.684,ON,0.391,14.902,7,0,0.742,0.742,2.305,0.742,0.918,2.031,46.275,0,14.902,31,0.031,0.070,OFF,ECT 5th,NA,OFF,97.834,97.856,13.333,0,Not Avl,0,0,0,0,ON,ON,0,0,1
50,0,13.790,Not Avl,Compl,Compl,Unable,OFF,Not Avl,Compl,Compl,Unable,OFF,60.938,58.594,34.375,35,19.531,39.551,15.686,31.765,0.781,1.582,ON,0,OFF,ON,ON,1.001,0.998,0.039,0.020,3.342,3.337,0,97,51199.219,13.515,24.314,OFF,OFF,OFF,OFF,OFF,OFF,OFF,Avail,Incmpl,Incmpl,Enable,Avail,422.300,207.600,422.300,207.600,ON,Avail,Compl,Enable,78,0,0,0,0,0,0,6,A,0,0,Avail,Incmpl,Incmpl,Enable,OFF,OFF,696,709.250,51199.219,51199.219,51199.219,51199.219,51199.219,51199.219,1GRFE ,33.333,Avail,Incmpl,Incmpl,Enable,7.996,OFF,OFF,OFF,OFF,ON,ON,Avail,Compl,Enable,Compl,CL,CL,Compl,Unable,Not Avl,Compl,Compl,Enable,OFF,80,15,41,ON,42.500,21.250,0.106,2392,15,21,-3,OFF,1.562,5.469,3.780,OFF,0,0,80,Avail,Compl,Enable,0,GRN2#  ,ON,0,ACTIVE,ACTIVE,0.957,0.942,0.195,0.330,100.508,88.188,Avail,Compl,Avail,Incmpl,Incmpl,Enable,OBD II (California ARB),OFF,OFF,29.279,0.024,0,1st,OFF,OFF,OFF,OFF,OFF,OFF,2.344,0.781,ON,OFF,650,0,OFF,OFF,OFF,ON,Gasoline,0.969,OFF,OFF,0.684,ON,0.391,14.902,7,0,0.742,0.742,2.305,0.742,0.918,2.031,46.275,0,14.902,31,0.031,0.070,OFF,ECT 5th,NA,OFF,97.834,97.856,13.333,0,Not Avl,0,0,0,0,ON,ON,0,0,1
51,0,13.790,Not Avl,Compl,Compl,Unable,OFF,Not Avl,Compl,Compl,Unable,OFF,60.938,58.594,34.375,35,19.531,39.551,15.686,31.765,0.781,1.582,ON,0,OFF,ON,ON,1.001,0.998,0.039,0.020,3.342,3.337,0,97,51199.219,13.515,24.314,OFF,OFF,OFF,OFF,OFF,OFF,OFF,Avail,Incmpl,Incmpl,Enable,Avail,422.300,207.600,422.300,207.600,ON,Avail,Compl,Enable,78,0,0,0,0,0,0,6,A,0,0,Avail,Incmpl,Incmpl,Enable,OFF,OFF,696,709.250,51199.219,51199.219,51199.219,51199.219,51199.219,51199.219,1GRFE ,33.333,Avail,Incmpl,Incmpl,Enable,7.996,OFF,OFF,OFF,OFF,ON,ON,Avail,Compl,Enable,Compl,CL,CL,Compl,Unable,Not Avl,Compl,Compl,Enable,OFF,80,15,41,ON,42.500,21.250,0.106,2392,15,21,-3,OFF,1.562,5.469,3.780,OFF,0,0,80,Avail,Compl,Enable,0,GRN2#  ,ON,0,ACTIVE,ACTIVE,0.957,0.942,0.195,0.330,100.508,88.188,Avail,Compl,Avail,Incmpl,Incmpl,Enable,OBD II (California ARB),OFF,OFF,29.279,0.024,0,1st,OFF,OFF,OFF,OFF,OFF,OFF,2.344,0.781,ON,OFF,650,0,OFF,OFF,OFF,ON,Gasoline,0.969,OFF,OFF,0.684,ON,0.391,14.902,7,0,0.742,0.742,2.305,0.742,0.918,2.031,46.275,0,14.902,31,0.031,0.070,OFF,ECT 5th,NA,OFF,97.834,97.856,13.333,0,Not Avl,0,0,0,0,ON,ON,0,0,1
52,0,13.790,Not Avl,Compl,Compl,Unable,OFF,Not Avl,Compl,Compl,Unable,OFF,60.938,58.594,34.375,35,19.531,39.551,15.686,31.765,0.781,1.582,ON,0,OFF,ON,ON,1.001,0.998,0.039,0.020,3.342,3.337,0,97,51199.219,13.515,24.314,OFF,OFF,OFF,OFF,OFF,OFF,OFF,Avail,Incmpl,Incmpl,Enable,Avail,417,207.600,422.300,207.600,ON,Avail,Compl,Enable,78,0,0,0,0,0,0,6,A,0,0,Avail,Incmpl,Incmpl,Enable,OFF,OFF,696,709.250,51199.219,51199.219,51199.219,51199.219,51199.219,51199.219,1GRFE ,33.333,Avail,Incmpl,Incmpl,Enable,7.996,OFF,OFF,OFF,OFF,ON,ON,Avail,Compl,Enable,Compl,CL,CL,Compl,Unable,Not Avl,Compl,Compl,Enable,OFF,80,15,41,ON,42.500,21.250,0.106,2392,15,21,-3,OFF,1.562,5.469,3.780,OFF,0,0,80,Avail,Compl,Enable,0,GRN2#  ,ON,0,ACTIVE,ACTIVE,0.957,0.942,0.195,0.330,100.508,88.188,Avail,Compl,Avail,Incmpl,Incmpl,Enable,OBD II (California ARB),OFF,OFF,29.279,0.024,0,1st,OFF,OFF,OFF,OFF,OFF,OFF,2.344,0.781,ON,OFF,650,0,OFF,OFF,OFF,ON,Gasoline,0.969,OFF,OFF,0.684,ON,0.391,14.902,7,0,0.742,0.742,2.305,0.742,0.918,2.031,46.275,0,14.902,31,0.031,0.070,OFF,ECT 5th,NA,OFF,97.834,97.856,13.333,0,Not Avl,0,0,0,0,ON,ON,0,0,1
53,0,13.790,Not Avl,Compl,Compl,Unable,OFF,Not Avl,Compl,Compl,Unable,OFF,60.938,58.594,34.375,35,19.531,39.551,15.686,31.765,0.781,1.582,ON,0,OFF,ON,ON,1.001,0.998,0.039,0.020,3.342,3.337,0,97,51199.219,13.515,24.314,OFF,OFF,OFF,OFF,OFF,OFF,OFF,Avail,Incmpl,Incmpl,Enable,Avail,417,207.600,422.300,207.600,ON,Avail,Compl,Enable,78,0,0,0,0,0,0,6,A,0,0,Avail,Incmpl,Incmpl,Enable,OFF,OFF,696,709.250,51199.219,51199.219,51199.219,51199.219,51199.219,51199.219,1GRFE ,33.333,Avail,Incmpl,Incmpl,Enable,7.996,OFF,OFF,OFF,OFF,ON,ON,Avail,Compl,Enable,Compl,CL,CL,Compl,Unable,Not Avl,Compl,Compl,Enable,OFF,80,15,41,ON,42.500,21.250,0.106,2392,15,21,-3,OFF,1.562,5.469,3.780,OFF,0,0,80,Avail,Compl,Enable,0,GRN2#  ,ON,0,ACTIVE,ACTIVE,0.957,0.942,0.195,0.330,100.508,88.188,Avail,Compl,Avail,Incmpl,Incmpl,Enable,OBD II (California ARB),OFF,OFF,29.279,0.024,0,1st,OFF,OFF,OFF,OFF,OFF,OFF,2.344,0.781,ON,OFF,650,0,OFF,OFF,OFF,ON,Gasoline,0.969,OFF,OFF,0.684,ON,0.391,14.902,7,0,0.742,0.742,2.305,0.742,0.918,2.031,46.275,0,14.902,31,0.031,0.070,OFF,ECT 5th,NA,OFF,97.834,97.856,13.333,0,Not Avl,0,0,0,0,ON,ON,0,0,1
54,0,13.790,Not Avl,Compl,Compl,Unable,OFF,Not Avl,Compl,Compl,Unable,OFF,60.938,58.594,34.375,35,19.531,39.551,15.686,31.765,0.781,1.582,ON,0,OFF,ON,ON,1.001,0.998,0.039,0.020,3.342,3.337,0,97,51199.219,13.515,24.314,OFF,OFF,OFF,OFF,OFF,OFF,OFF,Avail,Incmpl,Incmpl,Enable,Avail,417,207.600,417,207.600,ON,Avail,Compl,Enable,78,0,0,0,0,0,0,6,A,0,0,Avail,Incmpl,Incmpl,Enable,OFF,OFF,696,709.250,51199.219,51199.219,51199.219,51199.219,51199.219,51199.219,1GRFE ,33.333,Avail,Incmpl,Incmpl,Enable,7.996,OFF,OFF,OFF,OFF,ON,ON,Avail,Compl,Enable,Compl,CL,CL,Compl,Unable,Not Avl,Compl,Compl,Enable,OFF,80,15,41,ON,42.500,21.250,0.106,2392,15,21,-3,OFF,1.562,5.469,3.780,OFF,0,0,80,Avail,Compl,Enable,0,GRN2#  ,ON,0,ACTIVE,ACTIVE,0.957,0.942,0.195,0.330,100.508,88.188,Avail,Compl,Avail,Incmpl,Incmpl,Enable,OBD II (California ARB),OFF,OFF,29.279,0.024,0,1st,OFF,OFF,OFF,OFF,OFF,OFF,2.344,0.781,ON,OFF,650,0,OFF,OFF,OFF,ON,Gasoline,0.969,OFF,OFF,0.684,ON,0.391,14.902,7,0,0.742,0.742,2.305,0.742,0.918,2.031,46.275,0,14.902,31,0.031,0.070,OFF,ECT 5th,NA,OFF,97.834,97.856,13.333,0,Not Avl,0,0,0,0,ON,ON,0,0,1
55,0,13.790,Not Avl,Compl,Compl,Unable,OFF,Not Avl,Compl,Compl,Unable,OFF,60.938,58.594,34.375,35,19.531,39.551,15.686,31.765,0.781,1.582,ON,0,OFF,ON,ON,1.001,0.998,0.039,0.020,3.342,3.337,0,97,51199.219,13.515,24.314,OFF,OFF,OFF,OFF,OFF,OFF,OFF,Avail,Incmpl,Incmpl,Enable,Avail,417,207.600,417,207.600,ON,Avail,Compl,Enable,78,0,0,0,0,0,0,6,A,0,0,Avail,Incmpl,Incmpl,Enable,OFF,OFF,696,709.250,51199.219,51199.219,51199.219,51199.219,51199.219,51199.219,1GRFE ,33.333,Avail,Incmpl,Incmpl,Enable,7.996,OFF,OFF,OFF,OFF,ON,ON,Avail,Compl,Enable,Compl,CL,CL,Compl,Unable,Not Avl,Compl,Compl,Enable,OFF,80,15,41,ON,42.500,21.250,0.106,2392,15,21,-3,OFF,1.562,5.469,3.780,OFF,0,0,80,Avail,Compl,Enable,0,GRN2#  ,ON,0,ACTIVE,ACTIVE,0.957,0.942,0.195,0.330,100.508,88.188,Avail,Compl,Avail,Incmpl,Incmpl,Enable,OBD II (California ARB),OFF,OFF,29.279,0.024,0,1st,OFF,OFF,OFF,OFF,OFF,OFF,2.344,0.781,ON,OFF,650,0,OFF,OFF,OFF,ON,Gasoline,0.969,OFF,OFF,0.684,ON,0.391,14.902,7,0,0.742,0.742,2.305,0.742,0.918,2.031,46.275,0,14.902,31,0.031,0.070,OFF,ECT 5th,NA,OFF,97.834,97.856,13.333,0,Not Avl,0,0,0,0,ON,ON,0,0,1
56,0,13.790,Not Avl,Compl,Compl,Unable,OFF,Not Avl,Compl,Compl,Unable,OFF,60.938,58.594,34.375,35,19.531,39.551,15.686,31.765,0.781,1.582,ON,0,OFF,ON,ON,1.001,0.998,0.039,0.020,3.342,3.337,0,97,51199.219,13.515,24.314,OFF,OFF,OFF,OFF,OFF,OFF,OFF,Avail,Incmpl,Incmpl,Enable,Avail,417,207.600,417,207.600,ON,Avail,Compl,Enable,78,0,0,0,0,0,0,6,A,0,0,Avail,Incmpl,Incmpl,Enable,OFF,OFF,696,709.250,51199.219,51199.219,51199.219,51199.219,51199.219,51199.219,1GRFE ,33.333,Avail,Incmpl,Incmpl,Enable,7.996,OFF,OFF,OFF,OFF,ON,ON,Avail,Compl,Enable,Compl,CL,CL,Compl,Unable,Not Avl,Compl,Compl,Enable,OFF,80,15,41,ON,42.500,21.250,0.106,2392,15,21,-3,OFF,1.562,5.469,3.780,OFF,0,0,80,Avail,Compl,Enable,0,GRN2#  ,ON,0,ACTIVE,ACTIVE,0.957,0.942,0.195,0.330,100.508,88.188,Avail,Compl,Avail,Incmpl,Incmpl,Enable,OBD II (California ARB),OFF,OFF,29.279,0.024,0,1st,OFF,OFF,OFF,OFF,OFF,OFF,2.344,0.781,ON,OFF,650,0,OFF,OFF,OFF,ON,Gasoline,0.969,OFF,OFF,0.684,ON,0.391,14.902,7,0,0.742,0.742,2.305,0.742,0.918,2.031,46.275,0,14.902,31,0.031,0.070,OFF,ECT 5th,NA,OFF,97.834,97.856,13.333,0,Not Avl,0,0,0,0,ON,ON,0,0,1
57,0,13.790,Not Avl,Compl,Compl,Unable,OFF,Not Avl,Compl,Compl,Unable,OFF,60.938,58.594,34.375,35,19.531,39.551,15.686,31.765,0.781,1.582,ON,0,OFF,ON,ON,1.001,0.998,0.039,0.020,3.342,3.337,0,97,51199.219,13.515,24.314,OFF,OFF,OFF,OFF,OFF,OFF,OFF,Avail,Incmpl,Incmpl,Enable,Avail,417,207.600,417,207.600,ON,Avail,Compl,Enable,78,0,0,0,0,0,0,6,A,0,0,Avail,Incmpl,Incmpl,Enable,OFF,OFF,696,709.250,51199.219,51199.219,51199.219,51199.219,51199.219,51199.219,1GRFE ,33.333,Avail,Incmpl,Incmpl,Enable,7.996,OFF,OFF,OFF,OFF,ON,ON,Avail,Compl,Enable,Compl,CL,CL,Compl,Unable,Not Avl,Compl,Compl,Enable,OFF,80,15,41,ON,42.500,21.250,0.106,2392,15,21,-3,OFF,1.562,5.469,3.780,OFF,0,0,80,Avail,Compl,Enable,0,GRN2#  ,ON,0,ACTIVE,ACTIVE,0.957,0.942,0.195,0.330,100.508,88.188,Avail,Compl,Avail,Incmpl,Incmpl,Enable,OBD II (California ARB),OFF,OFF,29.279,0.024,0,1st,OFF,OFF,OFF,OFF,OFF,OFF,2.344,0.781,ON,OFF,650,0,OFF,OFF,OFF,ON,Gasoline,0.969,OFF,OFF,0.684,ON,0.391,14.902,7,0,0.742,0.742,2.305,0.742,0.918,2.031,46.275,0,14.902,31,0.031,0.070,OFF,ECT 5th,NA,OFF,97.834,97.856,13.333,0,Not Avl,0,0,0,0,ON,ON,0,0,1
58,0,13.790,Not Avl,Compl,Compl,Unable,OFF,Not Avl,Compl,Compl,Unable,OFF,60.938,58.594,34.375,35,19.531,39.551,15.686,31.765,0.781,1.582,ON,0,OFF,ON,ON,1.001,0.998,0.039,0.020,3.342,3.337,0,97,51199.219,13.515,24.314,OFF,OFF,OFF,OFF,OFF,OFF,OFF,Avail,Incmpl,Incmpl,Enable,Avail,417,207.600,417,207.600,ON,Avail,Compl,Enable,78,0,0,0,0,0,0,6,A,0,0,Avail,Incmpl,Incmpl,Enable,OFF,OFF,696,709.250,51199.219,51199.219,51199.219,51199.219,51199.219,51199.219,1GRFE ,33.333,Avail,Incmpl,Incmpl,Enable,7.996,OFF,OFF,OFF,OFF,ON,ON,Avail,Compl,Enable,Compl,CL,CL,Compl,Unable,Not Avl,Compl,Compl,Enable,OFF,80,15,41,ON,42.500,21.250,0.106,2392,15,21,-3,OFF,1.562,5.469,3.780,OFF,0,0,80,Avail,Compl,Enable,0,GRN2#  ,ON,0,ACTIVE,ACTIVE,0.957,0.942,0.195,0.330,100.508,88.188,Avail,Compl,Avail,Incmpl,Incmpl,Enable,OBD II (California ARB),OFF,OFF,29.279,0.024,0,1st,OFF,OFF,OFF,OFF,OFF,OFF,2.344,0.781,ON,OFF,650,0,OFF,OFF,OFF,ON,Gasoline,0.969,OFF,OFF,0.684,ON,0.391,14.902,7,0,0.742,0.742,2.305,0.742,0.918,2.031,46.275,0,14.902,31,0.031,0.070,OFF,ECT 5th,NA,OFF,97.834,97.856,13.333,0,Not Avl,0,0,0,0,ON,ON,0,0,1
59,0,13.790,Not Avl,Compl,Compl,Unable,OFF,Not Avl,Compl,Compl,Unable,OFF,60.938,58.594,34.375,35,19.531,39.551,15.686,31.765,0.781,1.582,ON,0,OFF,ON,ON,1.001,0.998,0.039,0.020,3.342,3.337,0,97,51199.219,13.515,24.314,OFF,OFF,OFF,OFF,OFF,OFF,OFF,Avail,Incmpl,Incmpl,Enable,Avail,417,207.600,417,207.600,ON,Avail,Compl,Enable,78,0,0,0,0,0,0,6,A,0,0,Avail,Incmpl,Incmpl,Enable,OFF,OFF,696,709.250,51199.219,51199.219,51199.219,51199.219,51199.219,51199.219,1GRFE ,33.333,Avail,Incmpl,Incmpl,Enable,7.996,OFF,OFF,OFF,OFF,ON,ON,Avail,Compl,Enable,Compl,CL,CL,Compl,Unable,Not Avl,Compl,Compl,Enable,OFF,80,15,41,ON,42.500,21.250,0.106,2392,15,21,-3,OFF,1.562,5.469,3.780,OFF,0,0,80,Avail,Compl,Enable,0,GRN2#  ,ON,0,ACTIVE,ACTIVE,0.957,0.942,0.195,0.330,100.508,88.188,Avail,Compl,Avail,Incmpl,Incmpl,Enable,OBD II (California ARB),OFF,OFF,29.279,0.024,0,1st,OFF,OFF,OFF,OFF,OFF,OFF,2.344,0.781,ON,OFF,650,0,OFF,OFF,OFF,ON,Gasoline,0.969,OFF,OFF,0.684,ON,0.391,14.902,7,0,0.742,0.742,2.305,0.742,0.918,2.031,46.275,0,14.902,31,0.031,0.070,OFF,ECT 5th,NA,OFF,97.834,97.856,13.333,0,Not Avl,0,0,0,0,ON,ON,0,0,1
60,0,13.790,Not Avl,Compl,Compl,Unable,OFF,Not Avl,Compl,Compl,Unable,OFF,60.938,58.594,34.375,35,19.531,39.551,15.686,31.765,0.781,1.582,ON,0,OFF,ON,ON,1.001,0.998,0.039,0.020,3.342,3.337,0,97,51199.219,13.515,24.314,OFF,OFF,OFF,OFF,OFF,OFF,OFF,Avail,Incmpl,Incmpl,Enable,Avail,417,207.600,417,207.600,ON,Avail,Compl,Enable,78,0,0,0,0,0,0,6,A,0,0,Avail,Incmpl,Incmpl,Enable,OFF,OFF,696,709.250,51199.219,51199.219,51199.219,51199.219,51199.219,51199.219,1GRFE ,33.333,Avail,Incmpl,Incmpl,Enable,7.996,OFF,OFF,OFF,OFF,ON,ON,Avail,Compl,Enable,Compl,CL,CL,Compl,Unable,Not Avl,Compl,Compl,Enable,OFF,80,15,41,ON,42.500,21.250,0.106,2392,15,21,-3,OFF,1.562,5.469,3.780,OFF,0,0,80,Avail,Compl,Enable,0,GRN2#  ,ON,0,ACTIVE,ACTIVE,0.957,0.942,0.195,0.330,100.508,88.188,Avail,Compl,Avail,Incmpl,Incmpl,Enable,OBD II (California ARB),OFF,OFF,29.279,0.024,0,1st,OFF,OFF,OFF,OFF,OFF,OFF,2.344,0.781,ON,OFF,650,0,OFF,OFF,OFF,ON,Gasoline,0.969,OFF,OFF,0.684,ON,0.391,14.902,7,0,0.742,0.742,2.305,0.742,0.918,2.031,46.275,0,14.902,31,0.031,0.070,OFF,ECT 5th,NA,OFF,97.834,97.856,13.333,0,Not Avl,0,0,0,0,ON,ON,0,0,1
61,0,13.790,Not Avl,Compl,Compl,Unable,OFF,Not Avl,Compl,Compl,Unable,OFF,60.938,58.594,34.375,35,19.531,39.551,15.686,31.765,0.781,1.582,ON,0,OFF,ON,ON,1.001,0.998,0.039,0.020,3.342,3.337,0,97,51199.219,13.515,24.314,OFF,OFF,OFF,OFF,OFF,OFF,OFF,Avail,Incmpl,Incmpl,Enable,Avail,417,207.600,417,207.600,ON,Avail,Compl,Enable,78,0,0,0,0,0,0,6,A,0,0,Avail,Incmpl,Incmpl,Enable,OFF,OFF,696,709.250,51199.219,51199.219,51199.219,51199.219,51199.219,51199.219,1GRFE ,33.333,Avail,Incmpl,Incmpl,Enable,7.996,OFF,OFF,OFF,OFF,ON,ON,Avail,Compl,Enable,Compl,CL,CL,Compl,Unable,Not Avl,Compl,Compl,Enable,OFF,80,15,41,ON,42.500,21.250,0.106,2392,15,21,-3,OFF,1.562,5.469,3.780,OFF,0,0,80,Avail,Compl,Enable,0,GRN2#  ,ON,0,ACTIVE,ACTIVE,0.957,0.942,0.195,0.330,100.508,88.188,Avail,Compl,Avail,Incmpl,Incmpl,Enable,OBD II (California ARB),OFF,OFF,29.279,0.024,0,1st,OFF,OFF,OFF,OFF,OFF,OFF,2.344,0.781,ON,OFF,650,0,OFF,OFF,OFF,ON,Gasoline,0.969,OFF,OFF,0.684,ON,0.391,14.902,7,0,0.742,0.742,2.305,0.742,0.918,2.031,46.275,0,14.902,31,0.031,0.070,OFF,ECT 5th,NA,OFF,97.834,97.856,13.333,0,Not Avl,0,0,0,0,ON,ON,0,0,1
62,0,13.790,Not Avl,Compl,Compl,Unable,OFF,Not Avl,Compl,Compl,Unable,OFF,60.938,58.594,34.375,35,19.531,39.551,15.686,31.765,0.781,1.582,ON,0,OFF,ON,ON,1.001,0.998,0.039,0.020,3.342,3.337,0,97,51199.219,13.515,24.314,OFF,OFF,OFF,OFF,OFF,OFF,OFF,Avail,Incmpl,Incmpl,Enable,Avail,417,207.600,417,207.600,ON,Avail,Compl,Enable,78,0,0,0,0,0,0,6,A,0,0,Avail,Incmpl,Incmpl,Enable,OFF,OFF,696,709.250,51199.219,51199.219,51199.219,51199.219,51199.219,51199.219,1GRFE ,33.333,Avail,Incmpl,Incmpl,Enable,7.996,OFF,OFF,OFF,OFF,ON,ON,Avail,Compl,Enable,Compl,CL,CL,Compl,Unable,Not Avl,Compl,Compl,Enable,OFF,80,15,41,ON,42.500,21.250,0.106,2392,15,21,-3,OFF,1.562,5.469,3.780,OFF,0,0,80,Avail,Compl,Enable,0,GRN2#  ,ON,0,ACTIVE,ACTIVE,0.957,0.942,0.195,0.330,100.508,88.188,Avail,Compl,Avail,Incmpl,Incmpl,Enable,OBD II (California ARB),OFF,OFF,29.279,0.024,0,1st,OFF,OFF,OFF,OFF,OFF,OFF,2.344,0.781,ON,OFF,650,0,OFF,OFF,OFF,ON,Gasoline,0.969,OFF,OFF,0.684,ON,0.391,14.902,7,0,0.742,0.742,2.305,0.742,0.918,2.031,46.275,0,14.902,31,0.031,0.070,OFF,ECT 5th,NA,OFF,97.834,97.856,13.333,0,Not Avl,0,0,0,0,ON,ON,0,0,1
63,0,13.790,Not Avl,Compl,Compl,Unable,OFF,Not Avl,Compl,Compl,Unable,OFF,60.938,58.594,34.375,35,19.531,39.551,15.686,31.765,0.781,1.582,ON,0,OFF,ON,ON,1.001,0.998,0.039,0.020,3.342,3.337,0,97,51199.219,13.515,24.314,OFF,OFF,OFF,OFF,OFF,OFF,OFF,Avail,Incmpl,Incmpl,Enable,Avail,417,207.600,417,207.600,ON,Avail,Compl,Enable,78,0,0,0,0,0,0,6,A,0,0,Avail,Incmpl,Incmpl,Enable,OFF,OFF,727,709.250,51199.219,51199.219,51199.219,51199.219,51199.219,51199.219,1GRFE ,33.333,Avail,Incmpl,Incmpl,Enable,7.996,OFF,OFF,OFF,OFF,ON,ON,Avail,Compl,Enable,Compl,CL,CL,Compl,Unable,Not Avl,Compl,Compl,Enable,OFF,80,15,41,ON,42.500,21.250,0.106,2392,15,21,-3,OFF,1.562,5.469,3.780,OFF,0,0,80,Avail,Compl,Enable,0,GRN2#  ,ON,0,ACTIVE,ACTIVE,0.957,0.942,0.195,0.330,100.508,88.188,Avail,Compl,Avail,Incmpl,Incmpl,Enable,OBD II (California ARB),OFF,OFF,29.279,0.024,0,1st,OFF,OFF,OFF,OFF,OFF,OFF,2.344,0.781,ON,OFF,650,0,OFF,OFF,OFF,ON,Gasoline,0.969,OFF,OFF,0.684,ON,0.391,14.902,7,0,0.742,0.742,2.305,0.742,0.918,2.031,46.275,0,14.902,31,0.031,0.070,OFF,ECT 5th,NA,OFF,97.834,97.856,13.333,0,Not Avl,0,0,0,0,ON,ON,0,0,1
64,0,13.790,Not Avl,Compl,Compl,Unable,OFF,Not Avl,Compl,Compl,Unable,OFF,60.938,58.594,34.375,35,19.531,39.551,15.686,31.765,0.781,1.582,ON,0,OFF,ON,ON,1.001,0.998,0.039,0.020,3.342,3.337,0,97,51199.219,13.515,24.314,OFF,OFF,OFF,OFF,OFF,OFF,OFF,Avail,Incmpl,Incmpl,Enable,Avail,417,207.600,417,207.600,ON,Avail,Compl,Enable,78,0,0,0,0,0,0,6,A,0,0,Avail,Incmpl,Incmpl,Enable,OFF,OFF,727,721.750,51199.219,51199.219,51199.219,51199.219,51199.219,51199.219,1GRFE ,33.333,Avail,Incmpl,Incmpl,Enable,7.996,OFF,OFF,OFF,OFF,ON,ON,Avail,Compl,Enable,Compl,CL,CL,Compl,Unable,Not Avl,Compl,Compl,Enable,OFF,80,15,41,ON,42.500,21.250,0.106,2392,15,21,-3,OFF,1.562,5.469,3.780,OFF,0,0,80,Avail,Compl,Enable,0,GRN2#  ,ON,0,ACTIVE,ACTIVE,0.957,0.942,0.195,0.330,100.508,88.188,Avail,Compl,Avail,Incmpl,Incmpl,Enable,OBD II (California ARB),OFF,OFF,29.279,0.024,0,1st,OFF,OFF,OFF,OFF,OFF,OFF,2.344,0.781,ON,OFF,650,0,OFF,OFF,OFF,ON,Gasoline,0.969,OFF,OFF,0.684,ON,0.391,14.902,7,0,0.742,0.742,2.305,0.742,0.918,2.031,46.275,0,14.902,31,0.031,0.070,OFF,ECT 5th,NA,OFF,97.834,97.856,13.333,0,Not Avl,0,0,0,0,ON,ON,0,0,1
65,0,13.790,Not Avl,Compl,Compl,Unable,OFF,Not Avl,Compl,Compl,Unable,OFF,60.938,58.594,34.375,35,19.531,39.551,15.686,31.765,0.781,1.582,ON,0,OFF,ON,ON,1.001,0.998,0.039,0.020,3.342,3.337,0,97,51199.219,13.515,24.314,OFF,OFF,OFF,OFF,OFF,OFF,OFF,Avail,Incmpl,Incmpl,Enable,Avail,417,207.600,417,207.600,ON,Avail,Compl,Enable,78,0,0,0,0,0,0,6,A,0,0,Avail,Incmpl,Incmpl,Enable,OFF,OFF,727,721.750,51199.219,51199.219,51199.219,51199.219,51199.219,51199.219,1GRFE ,33.333,Avail,Incmpl,Incmpl,Enable,7.996,OFF,OFF,OFF,OFF,ON,ON,Avail,Compl,Enable,Compl,CL,CL,Compl,Unable,Not Avl,Compl,Compl,Enable,OFF,80,15,41,ON,42.500,21.250,0.106,2392,15,21,-3,OFF,1.562,5.469,3.780,OFF,0,0,80,Avail,Compl,Enable,0,GRN2#  ,ON,0,ACTIVE,ACTIVE,0.957,0.942,0.195,0.330,100.508,88.188,Avail,Compl,Avail,Incmpl,Incmpl,Enable,OBD II (California ARB),OFF,OFF,29.279,0.024,0,1st,OFF,OFF,OFF,OFF,OFF,OFF,2.344,0.781,ON,OFF,650,0,OFF,OFF,OFF,ON,Gasoline,0.969,OFF,OFF,0.684,ON,0.391,14.902,7,0,0.742,0.742,2.305,0.742,0.918,2.031,46.275,0,14.902,31,0.031,0.070,OFF,ECT 5th,NA,OFF,97.834,97.856,13.333,0,Not Avl,0,0,0,0,ON,ON,0,0,1
66,0,13.790,Not Avl,Compl,Compl,Unable,OFF,Not Avl,Compl,Compl,Unable,OFF,60.938,58.594,34.375,35,19.531,39.551,15.686,31.765,0.781,1.582,ON,0,OFF,ON,ON,1.001,0.998,0.039,0.020,3.342,3.337,0,97,51199.219,13.515,24.314,OFF,OFF,OFF,OFF,OFF,OFF,OFF,Avail,Incmpl,Incmpl,Enable,Avail,417,207.600,417,207.600,ON,Avail,Compl,Enable,78,0,0,0,0,0,0,6,A,0,0,Avail,Incmpl,Incmpl,Enable,OFF,OFF,727,721.750,51199.219,51199.219,51199.219,51199.219,51199.219,51199.219,1GRFE ,33.333,Avail,Incmpl,Incmpl,Enable,7.996,OFF,OFF,OFF,OFF,ON,ON,Avail,Compl,Enable,Compl,CL,CL,Compl,Unable,Not Avl,Compl,Compl,Enable,OFF,80,15,41,ON,42.500,21.250,0.106,2392,15,21,-3,OFF,1.562,5.469,3.780,OFF,0,0,80,Avail,Compl,Enable,0,GRN2#  ,ON,0,ACTIVE,ACTIVE,0.957,0.942,0.195,0.330,100.508,88.188,Avail,Compl,Avail,Incmpl,Incmpl,Enable,OBD II (California ARB),OFF,OFF,29.279,0.024,0,1st,OFF,OFF,OFF,OFF,OFF,OFF,2.344,0.781,ON,OFF,650,0,OFF,OFF,OFF,ON,Gasoline,0.969,OFF,OFF,0.684,ON,0.391,14.902,7,0,0.742,0.742,2.305,0.742,0.918,2.031,46.275,0,14.902,31,0.031,0.070,OFF,ECT 5th,NA,OFF,97.834,97.856,13.333,0,Not Avl,0,0,0,0,ON,ON,0,0,1
67,0,13.790,Not Avl,Compl,Compl,Unable,OFF,Not Avl,Compl,Compl,Unable,OFF,60.938,58.594,34.375,35,19.531,39.551,15.686,31.765,0.781,1.582,ON,0,OFF,ON,ON,1.001,0.998,0.039,0.020,3.342,3.337,0,97,51199.219,13.515,24.314,OFF,OFF,OFF,OFF,OFF,OFF,OFF,Avail,Incmpl,Incmpl,Enable,Avail,417,207.600,417,207.600,ON,Avail,Compl,Enable,78,0,0,0,0,0,0,6,A,0,0,Avail,Incmpl,Incmpl,Enable,OFF,OFF,727,721.750,51199.219,51199.219,51199.219,51199.219,51199.219,51199.219,1GRFE ,33.333,Avail,Incmpl,Incmpl,Enable,7.996,OFF,OFF,OFF,OFF,ON,ON,Avail,Compl,Enable,Compl,CL,CL,Compl,Unable,Not Avl,Compl,Compl,Enable,OFF,80,15,41,ON,42.500,21.250,0.106,2392,15,21,-3,OFF,1.562,5.469,3.780,OFF,0,0,80,Avail,Compl,Enable,0,GRN2#  ,ON,0,ACTIVE,ACTIVE,0.957,0.942,0.195,0.330,100.508,88.188,Avail,Compl,Avail,Incmpl,Incmpl,Enable,OBD II (California ARB),OFF,OFF,29.279,0.024,0,1st,OFF,OFF,OFF,OFF,OFF,OFF,2.344,0.781,ON,OFF,650,0,OFF,OFF,OFF,ON,Gasoline,0.969,OFF,OFF,0.684,ON,0.391,14.902,7,0,0.742,0.742,2.305,0.742,0.918,2.031,46.275,0,14.902,31,0.031,0.070,OFF,ECT 5th,NA,OFF,97.834,97.856,13.333,0,Not Avl,0,0,0,0,ON,ON,0,0,1
68,0,13.790,Not Avl,Compl,Compl,Unable,OFF,Not Avl,Compl,Compl,Unable,OFF,60.938,58.594,34.375,35,19.531,39.551,15.686,31.765,0.781,1.582,ON,0,OFF,ON,ON,1.001,0.998,0.039,0.020,3.342,3.337,0,97,51199.219,13.515,24.314,OFF,OFF,OFF,OFF,OFF,OFF,OFF,Avail,Incmpl,Incmpl,Enable,Avail,417,207.600,417,207.600,ON,Avail,Compl,Enable,78,0,0,0,0,0,0,6,A,0,0,Avail,Incmpl,Incmpl,Enable,OFF,OFF,727,721.750,51199.219,51199.219,51199.219,51199.219,51199.219,51199.219,1GRFE ,33.333,Avail,Incmpl,Incmpl,Enable,7.996,OFF,OFF,OFF,OFF,ON,ON,Avail,Compl,Enable,Compl,CL,CL,Compl,Unable,Not Avl,Compl,Compl,Enable,OFF,80,15,41,ON,42.500,21.250,0.106,2392,15,21,-3,OFF,1.562,5.469,3.780,OFF,0,0,80,Avail,Compl,Enable,0,GRN2#  ,ON,0,ACTIVE,ACTIVE,0.957,0.942,0.195,0.330,100.508,88.188,Avail,Compl,Avail,Incmpl,Incmpl,Enable,OBD II (California ARB),OFF,OFF,29.279,0.024,0,1st,OFF,OFF,OFF,OFF,OFF,OFF,2.344,0.781,ON,OFF,650,0,OFF,OFF,OFF,ON,Gasoline,0.969,OFF,OFF,0.684,ON,0.391,14.902,7,0,0.742,0.742,2.305,0.742,0.918,2.031,46.275,0,14.902,31,0.031,0.070,OFF,ECT 5th,NA,OFF,97.834,97.856,13.333,0,Not Avl,0,0,0,0,ON,ON,0,0,1
69,0,13.790,Not Avl,Compl,Compl,Unable,OFF,Not Avl,Compl,Compl,Unable,OFF,60.938,58.594,34.375,35,19.531,39.551,15.686,31.765,0.781,1.582,ON,0,OFF,ON,ON,1.001,0.998,0.039,0.020,3.342,3.337,0,97,51199.219,13.515,24.314,OFF,OFF,OFF,OFF,OFF,OFF,OFF,Avail,Incmpl,Incmpl,Enable,Avail,417,207.600,417,207.600,ON,Avail,Compl,Enable,78,0,0,0,0,0,0,6,A,0,0,Avail,Incmpl,Incmpl,Enable,OFF,OFF,727,721.750,51199.219,51199.219,51199.219,51199.219,51199.219,51199.219,1GRFE ,33.333,Avail,Incmpl,Incmpl,Enable,7.996,OFF,OFF,OFF,OFF,ON,ON,Avail,Compl,Enable,Compl,CL,CL,Compl,Unable,Not Avl,Compl,Compl,Enable,OFF,80,15,41,ON,42.500,21.250,0.106,2392,15,21,-3,OFF,1.562,5.469,3.780,OFF,0,0,80,Avail,Compl,Enable,0,GRN2#  ,ON,0,ACTIVE,ACTIVE,0.957,0.942,0.195,0.330,100.508,88.188,Avail,Compl,Avail,Incmpl,Incmpl,Enable,OBD II (California ARB),OFF,OFF,29.279,0.024,0,1st,OFF,OFF,OFF,OFF,OFF,OFF,2.344,0.781,ON,OFF,650,0,OFF,OFF,OFF,ON,Gasoline,0.969,OFF,OFF,0.684,ON,0.391,14.902,7,0,0.742,0.742,2.305,0.742,0.918,2.031,46.275,0,14.902,31,0.031,0.070,OFF,ECT 5th,NA,OFF,97.834,97.856,13.333,0,Not Avl,0,0,0,0,ON,ON,0,0,1
70,0,13.790,Not Avl,Compl,Compl,Unable,OFF,Not Avl,Compl,Compl,Unable,OFF,60.938,58.594,34.375,35,19.531,39.551,15.686,31.765,0.781,1.582,ON,0,OFF,ON,ON,1.001,0.998,0.039,0.020,3.342,3.337,0,97,51199.219,13.515,24.314,OFF,OFF,OFF,OFF,OFF,OFF,OFF,Avail,Incmpl,Incmpl,Enable,Avail,417,207.600,417,207.600,ON,Avail,Compl,Enable,78,0,0,0,0,0,0,6,A,0,0,Avail,Incmpl,Incmpl,Enable,OFF,OFF,727,721.750,51199.219,51199.219,51199.219,51199.219,51199.219,51199.219,1GRFE ,33.333,Avail,Incmpl,Incmpl,Enable,7.996,OFF,OFF,OFF,OFF,ON,ON,Avail,Compl,Enable,Compl,CL,CL,Compl,Unable,Not Avl,Compl,Compl,Enable,OFF,80,15,41,ON,42.500,21.250,0.106,2392,15,21,-3,OFF,1.562,5.469,3.780,OFF,0,0,80,Avail,Compl,Enable,0,GRN2#  ,ON,0,ACTIVE,ACTIVE,0.957,0.942,0.195,0.330,100.508,88.188,Avail,Compl,Avail,Incmpl,Incmpl,Enable,OBD II (California ARB),OFF,OFF,29.279,0.024,0,1st,OFF,OFF,OFF,OFF,OFF,OFF,2.344,0.781,ON,OFF,650,0,OFF,OFF,OFF,ON,Gasoline,0.969,OFF,OFF,0.684,ON,0.391,14.902,7,0,0.742,0.742,2.305,0.742,0.918,2.031,46.275,0,14.902,31,0.031,0.070,OFF,ECT 5th,NA,OFF,97.834,97.856,13.333,0,Not Avl,0,0,0,0,ON,ON,0,0,1
71,0,13.790,Not Avl,Compl,Compl,Unable,OFF,Not Avl,Compl,Compl,Unable,OFF,60.938,58.594,34.375,35,19.531,39.551,15.686,31.765,0.781,1.582,ON,0,OFF,ON,ON,1.001,0.998,0.039,0.020,3.342,3.337,0,97,51199.219,13.515,24.314,OFF,OFF,OFF,OFF,OFF,OFF,OFF,Avail,Incmpl,Incmpl,Enable,Avail,417,207.600,417,207.600,ON,Avail,Compl,Enable,78,0,0,0,0,0,0,6,A,0,0,Avail,Incmpl,Incmpl,Enable,OFF,OFF,727,721.750,51199.219,51199.219,51199.219,51199.219,51199.219,51199.219,1GRFE ,33.333,Avail,Incmpl,Incmpl,Enable,7.996,OFF,OFF,OFF,OFF,ON,ON,Avail,Compl,Enable,Compl,CL,CL,Compl,Unable,Not Avl,Compl,Compl,Enable,OFF,80,15,41,ON,42.500,21.250,0.106,2392,15,21,-3,OFF,1.562,5.469,3.780,OFF,0,0,80,Avail,Compl,Enable,0,GRN2#  ,ON,0,ACTIVE,ACTIVE,0.957,0.942,0.195,0.330,100.508,88.188,Avail,Compl,Avail,Incmpl,Incmpl,Enable,OBD II (California ARB),OFF,OFF,29.279,0.024,0,1st,OFF,OFF,OFF,OFF,OFF,OFF,2.344,0.781,ON,OFF,650,0,OFF,OFF,OFF,ON,Gasoline,0.969,OFF,OFF,0.684,ON,0.391,14.902,7,0,0.742,0.742,2.305,0.742,0.918,2.031,46.275,0,14.902,31,0.031,0.070,OFF,ECT 5th,NA,OFF,97.834,97.856,13.333,0,Not Avl,0,0,0,0,ON,ON,0,0,1
72,0,13.790,Not Avl,Compl,Compl,Unable,OFF,Not Avl,Compl,Compl,Unable,OFF,60.938,58.594,34.375,35,19.531,39.551,15.686,31.765,0.781,1.582,ON,0,OFF,ON,ON,1.001,0.998,0.039,0.020,3.342,3.337,0,97,51199.219,13.515,24.314,OFF,OFF,OFF,OFF,OFF,OFF,OFF,Avail,Incmpl,Incmpl,Enable,Avail,417,207.600,417,207.600,ON,Avail,Compl,Enable,78,0,0,0,0,0,0,6,A,0,0,Avail,Incmpl,Incmpl,Enable,OFF,OFF,727,721.750,51199.219,51199.219,51199.219,51199.219,51199.219,51199.219,1GRFE ,33.333,Avail,Incmpl,Incmpl,Enable,7.996,OFF,OFF,OFF,OFF,ON,ON,Avail,Compl,Enable,Compl,CL,CL,Compl,Unable,Not Avl,Compl,Compl,Enable,OFF,80,15,41,ON,42.500,21.250,0.106,2392,15,21,-3,OFF,1.562,5.469,3.780,OFF,0,0,80,Avail,Compl,Enable,0,GRN2#  ,ON,0,ACTIVE,ACTIVE,0.957,0.942,0.195,0.330,100.508,88.188,Avail,Compl,Avail,Incmpl,Incmpl,Enable,OBD II (California ARB),OFF,OFF,29.279,0.024,0,1st,OFF,OFF,OFF,OFF,OFF,OFF,2.344,0.781,ON,OFF,650,0,OFF,OFF,OFF,ON,Gasoline,0.969,OFF,OFF,0.684,ON,0.391,14.902,7,0,0.742,0.742,2.305,0.742,0.918,2.031,46.275,0,14.902,31,0.031,0.070,OFF,ECT 5th,NA,OFF,97.834,97.856,13.333,0,Not Avl,0,0,0,0,ON,ON,0,0,1
73,0,13.790,Not Avl,Compl,Compl,Unable,OFF,Not Avl,Compl,Compl,Unable,OFF,60.938,58.594,34.375,35,19.531,39.551,15.686,31.765,0.781,1.582,ON,0,OFF,ON,ON,1.001,0.998,0.039,0.020,3.342,3.337,0,97,51199.219,13.515,24.314,OFF,OFF,OFF,OFF,OFF,OFF,OFF,Avail,Incmpl,Incmpl,Enable,Avail,417,207.600,417,207.600,ON,Avail,Compl,Enable,78,0,0,0,0,0,0,6,A,0,0,Avail,Incmpl,Incmpl,Enable,OFF,OFF,727,721.750,51199.219,51199.219,51199.219,51199.219,51199.219,51199.219,1GRFE ,33.333,Avail,Incmpl,Incmpl,Enable,7.996,OFF,OFF,OFF,OFF,ON,ON,Avail,Compl,Enable,Compl,CL,CL,Compl,Unable,Not Avl,Compl,Compl,Enable,OFF,80,15,41,ON,42.500,21.250,0.106,2392,15,21,-3,OFF,1.562,5.469,3.780,OFF,0,0,80,Avail,Compl,Enable,0,GRN2#  ,ON,0,ACTIVE,ACTIVE,0.957,0.942,0.195,0.330,100.508,88.188,Avail,Compl,Avail,Incmpl,Incmpl,Enable,OBD II (California ARB),OFF,OFF,29.279,0.024,0,1st,OFF,OFF,OFF,OFF,OFF,OFF,2.344,0.781,ON,OFF,650,0,OFF,OFF,OFF,ON,Gasoline,0.969,OFF,OFF,0.684,ON,0.391,14.902,7,0,0.742,0.742,2.305,0.742,0.918,2.031,46.275,0,14.902,31,0.031,0.070,OFF,ECT 5th,NA,OFF,97.834,97.856,13.333,0,Not Avl,0,0,0,0,ON,ON,0,0,1
74,0,13.790,Not Avl,Compl,Compl,Unable,OFF,Not Avl,Compl,Compl,Unable,OFF,60.938,58.594,34.375,35,19.531,39.551,15.686,31.765,0.781,1.582,ON,0,OFF,ON,ON,1.001,0.998,0.039,0.020,3.342,3.337,0,97,51199.219,13.515,24.314,OFF,OFF,OFF,OFF,OFF,OFF,OFF,Avail,Incmpl,Incmpl,Enable,Avail,417,207.600,417,207.600,ON,Avail,Compl,Enable,78,0,0,0,0,0,0,6,A,0,0,Avail,Incmpl,Incmpl,Enable,OFF,OFF,727,721.750,51199.219,51199.219,51199.219,51199.219,51199.219,51199.219,1GRFE ,33.333,Avail,Incmpl,Incmpl,Enable,7.996,OFF,OFF,OFF,OFF,ON,ON,Avail,Compl,Enable,Compl,CL,CL,Compl,Unable,Not Avl,Compl,Compl,Enable,OFF,80,15,41,ON,42.500,21.250,0.106,2392,15,21,-3,OFF,1.562,5.469,3.780,OFF,0,0,80,Avail,Compl,Enable,0,GRN2#  ,ON,0,ACTIVE,ACTIVE,0.957,0.942,0.195,0.330,100.508,88.188,Avail,Compl,Avail,Incmpl,Incmpl,Enable,OBD II (California ARB),OFF,OFF,29.279,0.024,0,1st,OFF,OFF,OFF,OFF,OFF,OFF,2.344,0.781,ON,OFF,650,0,OFF,OFF,OFF,ON,Gasoline,0.969,OFF,OFF,0.684,ON,0.391,14.902,7,0,0.742,0.742,2.305,0.742,0.918,2.031,46.275,0,14.902,31,0.031,0.070,OFF,ECT 5th,NA,OFF,97.834,97.856,13.333,0,Not Avl,0,0,0,0,ON,ON,0,0,1
75,0,13.790,Not Avl,Compl,Compl,Unable,OFF,Not Avl,Compl,Compl,Unable,OFF,60.938,58.594,34.375,35,19.531,39.551,15.686,31.765,0.781,1.582,ON,0,OFF,ON,ON,1.001,0.998,0.039,0.020,3.342,3.337,0,97,51199.219,13.515,24.314,OFF,OFF,OFF,OFF,OFF,OFF,OFF,Avail,Incmpl,Incmpl,Enable,Avail,417,207.600,417,207.600,ON,Avail,Compl,Enable,78,0,0,0,0,0,0,6,A,0,0,Avail,Incmpl,Incmpl,Enable,OFF,OFF,727,721.750,51199.219,51199.219,51199.219,51199.219,51199.219,51199.219,1GRFE ,33.333,Avail,Incmpl,Incmpl,Enable,7.996,OFF,OFF,OFF,OFF,ON,ON,Avail,Compl,Enable,Compl,CL,CL,Compl,Unable,Not Avl,Compl,Compl,Enable,OFF,80,15,41,ON,42.500,21.250,0.106,2392,15,21,-3,OFF,1.562,5.469,3.780,OFF,0,0,80,Avail,Compl,Enable,0,GRN2#  ,ON,0,ACTIVE,ACTIVE,0.957,0.942,0.195,0.330,100.508,88.188,Avail,Compl,Avail,Incmpl,Incmpl,Enable,OBD II (California ARB),OFF,OFF,29.279,0.024,0,1st,OFF,OFF,OFF,OFF,OFF,OFF,2.344,0.781,ON,OFF,650,0,OFF,OFF,OFF,ON,Gasoline,0.969,OFF,OFF,0.684,ON,0.391,14.902,7,0,0.742,0.742,2.305,0.742,0.918,2.031,46.275,0,14.902,31,0.031,0.070,OFF,ECT 5th,NA,OFF,97.834,97.856,13.333,0,Not Avl,0,0,0,0,ON,ON,0,0,1
76,0,13.790,Not Avl,Compl,Compl,Unable,OFF,Not Avl,Compl,Compl,Unable,OFF,60.938,58.594,34.375,35,19.531,39.551,15.686,31.765,0.781,1.582,ON,0,OFF,ON,ON,1.001,0.998,0.039,0.020,3.342,3.337,0,97,51199.219,13.515,24.314,OFF,OFF,OFF,OFF,OFF,OFF,OFF,Avail,Incmpl,Incmpl,Enable,Avail,417,207.600,417,207.600,ON,Avail,Compl,Enable,78,0,0,0,0,0,0,6,A,0,0,Avail,Incmpl,Incmpl,Enable,OFF,OFF,727,721.750,51199.219,51199.219,51199.219,51199.219,51199.219,51199.219,1GRFE ,33.333,Avail,Incmpl,Incmpl,Enable,7.996,OFF,OFF,OFF,OFF,ON,ON,Avail,Compl,Enable,Compl,CL,CL,Compl,Unable,Not Avl,Compl,Compl,Enable,OFF,80,15,41,ON,42.500,21.250,0.106,2392,15,21,-3,OFF,1.562,5.469,3.780,OFF,0,0,80,Avail,Compl,Enable,0,GRN2#  ,ON,0,ACTIVE,ACTIVE,0.957,0.942,0.195,0.330,100.508,88.188,Avail,Compl,Avail,Incmpl,Incmpl,Enable,OBD II (California ARB),OFF,OFF,29.279,0.024,0,1st,OFF,OFF,OFF,OFF,OFF,OFF,2.344,0.781,ON,OFF,650,0,OFF,OFF,OFF,ON,Gasoline,0.969,OFF,OFF,0.684,ON,0.391,14.902,7,0,0.742,0.742,2.305,0.742,0.918,2.031,46.275,0,14.902,31,0.031,0.070,OFF,ECT 5th,NA,OFF,97.834,97.856,13.333,0,Not Avl,0,0,0,0,ON,ON,0,0,1
77,0,13.790,Not Avl,Compl,Compl,Unable,OFF,Not Avl,Compl,Compl,Unable,OFF,60.938,58.594,34.375,35,19.531,39.551,15.686,31.765,0.781,1.582,ON,0,OFF,ON,ON,1.001,0.998,0.039,0.020,3.342,3.337,0,97,51199.219,13.515,24.314,OFF,OFF,OFF,OFF,OFF,OFF,OFF,Avail,Incmpl,Incmpl,Enable,Avail,417,207.600,417,207.600,ON,Avail,Compl,Enable,78,0,0,0,0,0,0,6,A,0,0,Avail,Incmpl,Incmpl,Enable,OFF,OFF,727,721.750,51199.219,51199.219,51199.219,51199.219,51199.219,51199.219,1GRFE ,33.333,Avail,Incmpl,Incmpl,Enable,7.996,OFF,OFF,OFF,OFF,ON,ON,Avail,Compl,Enable,Compl,CL,CL,Compl,Unable,Not Avl,Compl,Compl,Enable,OFF,80,15,41,ON,42.500,21.250,0.106,2392,15,21,-3,OFF,1.562,5.469,3.780,OFF,0,0,80,Avail,Compl,Enable,0,GRN2#  ,ON,0,ACTIVE,ACTIVE,0.957,0.942,0.195,0.330,100.508,88.188,Avail,Compl,Avail,Incmpl,Incmpl,Enable,OBD II (California ARB),OFF,OFF,29.279,0.024,0,1st,OFF,OFF,OFF,OFF,OFF,OFF,2.344,0.781,ON,OFF,650,0,OFF,OFF,OFF,ON,Gasoline,0.969,OFF,OFF,0.684,ON,0.391,14.902,7,0,0.742,0.742,2.305,0.742,0.918,2.031,46.275,0,14.902,31,0.031,0.070,OFF,ECT 5th,NA,OFF,97.834,97.856,13.333,0,Not Avl,0,0,0,0,ON,ON,0,0,1
78,0,13.790,Not Avl,Compl,Compl,Unable,OFF,Not Avl,Compl,Compl,Unable,OFF,60.938,58.594,34.375,35,19.531,39.551,15.686,31.765,0.781,1.582,ON,0,OFF,ON,ON,1.001,0.998,0.039,0.020,3.342,3.337,0,97,51199.219,13.515,24.314,OFF,OFF,OFF,OFF,OFF,OFF,OFF,Avail,Incmpl,Incmpl,Enable,Avail,417,207.600,417,207.600,ON,Avail,Compl,Enable,78,0,0,0,0,0,0,6,A,0,0,Avail,Incmpl,Incmpl,Enable,OFF,OFF,727,721.750,51199.219,51199.219,51199.219,51199.219,51199.219,51199.219,1GRFE ,33.333,Avail,Incmpl,Incmpl,Enable,7.996,OFF,OFF,OFF,OFF,ON,ON,Avail,Compl,Enable,Compl,CL,CL,Compl,Unable,Not Avl,Compl,Compl,Enable,OFF,80,15,41,ON,42.500,21.250,0.106,2392,15,21,-3,OFF,1.562,5.469,3.780,OFF,0,0,80,Avail,Compl,Enable,0,GRN2#  ,ON,0,ACTIVE,ACTIVE,0.957,0.942,0.195,0.330,100.508,88.188,Avail,Compl,Avail,Incmpl,Incmpl,Enable,OBD II (California ARB),OFF,OFF,29.279,0.024,0,1st,OFF,OFF,OFF,OFF,OFF,OFF,2.344,0.781,ON,OFF,650,0,OFF,OFF,OFF,ON,Gasoline,0.969,OFF,OFF,0.684,ON,0.391,14.902,7,0,0.742,0.742,2.305,0.742,0.918,2.031,46.275,0,14.902,31,0.031,0.070,OFF,ECT 5th,NA,OFF,97.834,97.856,13.333,0,Not Avl,0,0,0,0,ON,ON,0,0,1
79,0,13.790,Not Avl,Compl,Compl,Unable,OFF,Not Avl,Compl,Compl,Unable,OFF,60.938,58.594,34.375,35,19.531,39.551,15.686,31.765,0.781,1.582,ON,0,OFF,ON,ON,1.001,0.998,0.039,0.020,3.342,3.337,0,97,51199.219,13.515,24.314,OFF,OFF,OFF,OFF,OFF,OFF,OFF,Avail,Incmpl,Incmpl,Enable,Avail,417,207.600,417,207.600,ON,Avail,Compl,Enable,78,0,0,0,0,0,0,6,A,0,0,Avail,Incmpl,Incmpl,Enable,OFF,OFF,727,721.750,51199.219,51199.219,51199.219,51199.219,51199.219,51199.219,1GRFE ,33.333,Avail,Incmpl,Incmpl,Enable,7.996,OFF,OFF,OFF,OFF,ON,ON,Avail,Compl,Enable,Compl,CL,CL,Compl,Unable,Not Avl,Compl,Compl,Enable,OFF,80,15,41,ON,42.500,21.250,0.106,2392,15,21,-3,OFF,1.562,5.469,3.780,OFF,0,0,80,Avail,Compl,Enable,0,GRN2#  ,ON,0,ACTIVE,ACTIVE,0.957,0.942,0.195,0.330,100.508,88.188,Avail,Compl,Avail,Incmpl,Incmpl,Enable,OBD II (California ARB),OFF,OFF,29.279,0.024,0,1st,OFF,OFF,OFF,OFF,OFF,OFF,2.344,0.781,ON,OFF,650,0,OFF,OFF,OFF,ON,Gasoline,0.969,OFF,OFF,0.684,ON,0.391,14.902,7,0,0.742,0.742,2.305,0.742,0.918,2.031,46.275,0,14.902,31,0.031,0.070,OFF,ECT 5th,NA,OFF,97.834,97.856,13.333,0,Not Avl,0,0,0,0,ON,ON,0,0,1
80,0,13.790,Not Avl,Compl,Compl,Unable,OFF,Not Avl,Compl,Compl,Unable,OFF,60.938,58.594,34.375,35,19.531,39.551,15.686,31.765,0.781,1.582,ON,0,OFF,ON,ON,1.001,0.998,0.039,0.020,3.342,3.337,0,97,51199.219,13.515,24.314,OFF,OFF,OFF,OFF,OFF,OFF,OFF,Avail,Incmpl,Incmpl,Enable,Avail,417,207.600,417,207.600,ON,Avail,Compl,Enable,78,0,0,0,0,0,0,6,A,0,0,Avail,Incmpl,Incmpl,Enable,OFF,OFF,727,721.750,51199.219,51199.219,51199.219,51199.219,51199.219,51199.219,1GRFE ,33.333,Avail,Incmpl,Incmpl,Enable,7.996,OFF,OFF,OFF,OFF,ON,ON,Avail,Compl,Enable,Compl,CL,CL,Compl,Unable,Not Avl,Compl,Compl,Enable,OFF,80,15,41,ON,42.500,21.250,0.106,2392,15,21,-3,OFF,1.562,5.469,3.780,OFF,0,0,80,Avail,Compl,Enable,0,GRN2#  ,ON,0,ACTIVE,ACTIVE,0.957,0.942,0.195,0.330,100.508,88.188,Avail,Compl,Avail,Incmpl,Incmpl,Enable,OBD II (California ARB),OFF,OFF,29.279,0.024,0,1st,OFF,OFF,OFF,OFF,OFF,OFF,2.344,0.781,ON,OFF,650,0,OFF,OFF,OFF,ON,Gasoline,0.969,OFF,OFF,0.684,ON,0.391,14.902,7,0,0.742,0.742,2.305,0.742,0.918,2.031,46.275,0,14.902,31,0.031,0.070,OFF,ECT 5th,NA,OFF,97.834,97.856,13.333,0,Not Avl,0,0,0,0,ON,ON,0,0,1
81,0,13.790,Not Avl,Compl,Compl,Unable,OFF,Not Avl,Compl,Compl,Unable,OFF,60.938,58.594,34.375,35,19.531,39.551,15.686,31.765,0.781,1.582,ON,0,OFF,ON,ON,1.001,0.998,0.039,0.020,3.342,3.337,0,97,51199.219,13.515,24.314,OFF,OFF,OFF,OFF,OFF,OFF,OFF,Avail,Incmpl,Incmpl,Enable,Avail,417,207.600,417,207.600,ON,Avail,Compl,Enable,78,0,0,0,0,0,0,6,A,0,0,Avail,Incmpl,Incmpl,Enable,OFF,OFF,727,721.750,51199.219,51199.219,51199.219,51199.219,51199.219,51199.219,1GRFE ,33.333,Avail,Incmpl,Incmpl,Enable,7.996,OFF,OFF,OFF,OFF,ON,ON,Avail,Compl,Enable,Compl,CL,CL,Compl,Unable,Not Avl,Compl,Compl,Enable,OFF,80,15,41,ON,42.500,21.250,0.106,2392,15,21,-3,OFF,1.562,5.469,3.780,OFF,0,0,80,Avail,Compl,Enable,0,GRN2#  ,ON,0,ACTIVE,ACTIVE,0.957,0.942,0.195,0.330,100.508,88.188,Avail,Compl,Avail,Incmpl,Incmpl,Enable,OBD II (California ARB),OFF,OFF,29.279,0.024,0,1st,OFF,OFF,OFF,OFF,OFF,OFF,2.344,0.781,ON,OFF,650,0,OFF,OFF,OFF,ON,Gasoline,0.969,OFF,OFF,0.684,ON,0.391,14.902,7,0,0.742,0.742,2.305,0.742,0.918,2.031,46.275,0,14.902,31,0.031,0.070,OFF,ECT 5th,NA,OFF,97.834,97.856,13.333,0,Not Avl,0,0,0,0,ON,ON,0,0,1
82,0,13.790,Not Avl,Compl,Compl,Unable,OFF,Not Avl,Compl,Compl,Unable,OFF,60.938,58.594,34.375,35,19.531,39.551,15.686,31.765,0.781,1.582,ON,0,OFF,ON,ON,1.001,0.998,0.039,0.020,3.342,3.337,0,97,51199.219,13.515,24.314,OFF,OFF,OFF,OFF,OFF,OFF,OFF,Avail,Incmpl,Incmpl,Enable,Avail,417,207.600,417,207.600,ON,Avail,Compl,Enable,78,0,0,0,0,0,0,6,A,0,0,Avail,Incmpl,Incmpl,Enable,OFF,OFF,727,721.750,51199.219,51199.219,51199.219,51199.219,51199.219,51199.219,1GRFE ,33.333,Avail,Incmpl,Incmpl,Enable,7.996,OFF,OFF,OFF,OFF,ON,ON,Avail,Compl,Enable,Compl,CL,CL,Compl,Unable,Not Avl,Compl,Compl,Enable,OFF,80,15,41,ON,42.500,21.250,0.106,2392,15,21,-3,OFF,1.562,5.469,3.780,OFF,0,0,80,Avail,Compl,Enable,0,GRN2#  ,ON,0,ACTIVE,ACTIVE,0.957,0.942,0.195,0.330,100.508,88.188,Avail,Compl,Avail,Incmpl,Incmpl,Enable,OBD II (California ARB),OFF,OFF,29.279,0.024,0,1st,OFF,OFF,OFF,OFF,OFF,OFF,2.344,0.781,ON,OFF,650,0,OFF,OFF,OFF,ON,Gasoline,0.969,OFF,OFF,0.684,ON,0.391,14.902,7,0,0.742,0.742,2.305,0.742,0.918,2.031,46.275,0,14.902,31,0.031,0.070,OFF,ECT 5th,NA,OFF,97.834,97.856,13.333,0,Not Avl,0,0,0,0,ON,ON,0,0,1
83,0,13.790,Not Avl,Compl,Compl,Unable,OFF,Not Avl,Compl,Compl,Unable,OFF,60.938,58.594,34.375,35,19.531,39.551,15.686,31.765,0.781,1.582,ON,0,OFF,ON,ON,1.001,0.998,0.039,0.020,3.342,3.337,0,97,51199.219,13.515,24.314,OFF,OFF,OFF,OFF,OFF,OFF,OFF,Avail,Incmpl,Incmpl,Enable,Avail,417,207.600,417,207.600,ON,Avail,Compl,Enable,78,0,0,0,0,0,0,6,A,0,0,Avail,Incmpl,Incmpl,Enable,OFF,OFF,727,721.750,51199.219,51199.219,51199.219,51199.219,51199.219,51199.219,1GRFE ,33.333,Avail,Incmpl,Incmpl,Enable,7.996,OFF,OFF,OFF,OFF,ON,ON,Avail,Compl,Enable,Compl,CL,CL,Compl,Unable,Not Avl,Compl,Compl,Enable,OFF,80,15,41,ON,42.500,21.250,0.106,2392,15,21,-3,OFF,1.562,5.469,3.780,OFF,0,0,80,Avail,Compl,Enable,0,GRN2#  ,ON,0,ACTIVE,ACTIVE,0.957,0.942,0.195,0.330,100.508,88.188,Avail,Compl,Avail,Incmpl,Incmpl,Enable,OBD II (California ARB),OFF,OFF,29.279,0.024,0,1st,OFF,OFF,OFF,OFF,OFF,OFF,2.344,0.781,ON,OFF,650,0,OFF,OFF,OFF,ON,Gasoline,0.969,OFF,OFF,0.684,ON,0.391,14.902,7,0,0.742,0.742,2.305,0.742,0.918,2.031,46.275,0,14.902,31,0.031,0.070,OFF,ECT 5th,NA,OFF,97.834,97.856,13.333,0,Not Avl,0,0,0,0,ON,ON,0,0,1
84,0,13.790,Not Avl,Compl,Compl,Unable,OFF,Not Avl,Compl,Compl,Unable,OFF,60.938,58.594,34.375,35,19.531,39.551,15.686,31.765,0.781,1.582,ON,0,OFF,ON,ON,1.001,0.998,0.039,0.020,3.342,3.337,0,97,51199.219,13.515,24.314,OFF,OFF,OFF,OFF,OFF,OFF,OFF,Avail,Incmpl,Incmpl,Enable,Avail,417,207.600,417,207.600,ON,Avail,Compl,Enable,78,0,0,0,0,0,0,6,A,0,0,Avail,Incmpl,Incmpl,Enable,OFF,OFF,727,721.750,51199.219,51199.219,51199.219,51199.219,51199.219,51199.219,1GRFE ,33.333,Avail,Incmpl,Incmpl,Enable,7.996,OFF,OFF,OFF,OFF,ON,ON,Avail,Compl,Enable,Compl,CL,CL,Compl,Unable,Not Avl,Compl,Compl,Enable,OFF,80,15,41,ON,42.500,21.250,0.106,2392,15,21,-3,OFF,1.562,5.469,3.780,OFF,0,0,80,Avail,Compl,Enable,0,GRN2#  ,ON,0,ACTIVE,ACTIVE,0.957,0.942,0.195,0.330,100.508,88.188,Avail,Compl,Avail,Incmpl,Incmpl,Enable,OBD II (California ARB),OFF,OFF,29.279,0.024,0,1st,OFF,OFF,OFF,OFF,OFF,OFF,2.344,0.781,ON,OFF,650,0,OFF,OFF,OFF,ON,Gasoline,0.969,OFF,OFF,0.684,ON,0.391,14.902,7,0,0.742,0.742,2.305,0.742,0.918,2.031,46.275,0,14.902,31,0.031,0.070,OFF,ECT 5th,NA,OFF,97.834,97.856,13.333,0,Not Avl,0,0,0,0,ON,ON,0,0,1
85,0,13.790,Not Avl,Compl,Compl,Unable,OFF,Not Avl,Compl,Compl,Unable,OFF,60.938,58.594,34.375,35,19.531,39.551,15.686,31.765,0.781,1.582,ON,0,OFF,ON,ON,1.001,0.998,0.039,0.020,3.342,3.337,0,97,51199.219,13.515,24.314,OFF,OFF,OFF,OFF,OFF,OFF,OFF,Avail,Incmpl,Incmpl,Enable,Avail,417,207.600,417,207.600,ON,Avail,Compl,Enable,78,0,0,0,0,0,0,6,A,0,0,Avail,Incmpl,Incmpl,Enable,OFF,OFF,727,721.750,51199.219,51199.219,51199.219,51199.219,51199.219,51199.219,1GRFE ,33.333,Avail,Incmpl,Incmpl,Enable,7.996,OFF,OFF,OFF,OFF,ON,ON,Avail,Compl,Enable,Compl,CL,CL,Compl,Unable,Not Avl,Compl,Compl,Enable,OFF,80,15,41,ON,42.500,21.250,0.106,2392,15,21,-3,OFF,1.562,5.469,3.780,OFF,0,0,80,Avail,Compl,Enable,0,GRN2#  ,ON,0,ACTIVE,ACTIVE,0.957,0.942,0.195,0.330,100.508,88.188,Avail,Compl,Avail,Incmpl,Incmpl,Enable,OBD II (California ARB),OFF,OFF,29.279,0.024,0,1st,OFF,OFF,OFF,OFF,OFF,OFF,2.344,0.781,ON,OFF,650,0,OFF,OFF,OFF,ON,Gasoline,0.969,OFF,OFF,0.684,ON,0.391,14.902,7,0,0.742,0.742,2.305,0.742,0.918,2.031,46.275,0,14.902,31,0.031,0.070,OFF,ECT 5th,NA,OFF,97.834,97.856,13.333,0,Not Avl,0,0,0,0,ON,ON,0,0,1
86,0,13.790,Not Avl,Compl,Compl,Unable,OFF,Not Avl,Compl,Compl,Unable,OFF,60.938,58.594,34.375,35,19.531,39.551,15.686,31.765,0.781,1.582,ON,0,OFF,ON,ON,1.001,0.998,0.039,0.020,3.342,3.337,0,97,51199.219,13.515,24.314,OFF,OFF,OFF,OFF,OFF,OFF,OFF,Avail,Incmpl,Incmpl,Enable,Avail,417,207.600,417,207.600,ON,Avail,Compl,Enable,78,0,0,0,0,0,0,6,A,0,0,Avail,Incmpl,Incmpl,Enable,OFF,OFF,727,721.750,51199.219,51199.219,51199.219,51199.219,51199.219,51199.219,1GRFE ,33.333,Avail,Incmpl,Incmpl,Enable,7.996,OFF,OFF,OFF,OFF,ON,ON,Avail,Compl,Enable,Compl,CL,CL,Compl,Unable,Not Avl,Compl,Compl,Enable,OFF,80,15,41,ON,42.500,21.250,0.106,2392,15,21,-3,OFF,1.562,5.469,3.780,OFF,0,0,80,Avail,Compl,Enable,0,GRN2#  ,ON,0,ACTIVE,ACTIVE,0.957,0.942,0.195,0.330,100.508,88.188,Avail,Compl,Avail,Incmpl,Incmpl,Enable,OBD II (California ARB),OFF,OFF,29.279,0.024,0,1st,OFF,OFF,OFF,OFF,OFF,OFF,2.344,0.781,ON,OFF,650,0,OFF,OFF,OFF,ON,Gasoline,0.969,OFF,OFF,0.684,ON,0.391,14.902,7,0,0.742,0.742,2.305,0.742,0.918,2.031,46.275,0,14.902,31,0.031,0.070,OFF,ECT 5th,NA,OFF,97.834,97.856,13.333,0,Not Avl,0,0,0,0,ON,ON,0,0,1
87,0,13.790,Not Avl,Compl,Compl,Unable,OFF,Not Avl,Compl,Compl,Unable,OFF,60.938,58.594,34.375,35,19.531,39.551,15.686,31.765,0.781,1.582,ON,0,OFF,ON,ON,1.001,0.998,0.039,0.020,3.342,3.337,0,97,51199.219,13.515,24.314,OFF,OFF,OFF,OFF,OFF,OFF,OFF,Avail,Incmpl,Incmpl,Enable,Avail,417,207.600,417,207.600,ON,Avail,Compl,Enable,78,0,0,0,0,0,0,6,A,0,0,Avail,Incmpl,Incmpl,Enable,OFF,OFF,727,721.750,51199.219,51199.219,51199.219,51199.219,51199.219,51199.219,1GRFE ,33.333,Avail,Incmpl,Incmpl,Enable,7.996,OFF,OFF,OFF,OFF,ON,ON,Avail,Compl,Enable,Compl,CL,CL,Compl,Unable,Not Avl,Compl,Compl,Enable,OFF,80,15,41,ON,42.500,21.250,0.106,2392,15,21,-3,OFF,1.562,5.469,3.780,OFF,0,0,80,Avail,Compl,Enable,0,GRN2#  ,ON,0,ACTIVE,ACTIVE,0.957,0.942,0.195,0.330,100.508,88.188,Avail,Compl,Avail,Incmpl,Incmpl,Enable,OBD II (California ARB),OFF,OFF,29.279,0.024,0,1st,OFF,OFF,OFF,OFF,OFF,OFF,2.344,0.781,ON,OFF,650,0,OFF,OFF,OFF,ON,Gasoline,0.969,OFF,OFF,0.684,ON,0.391,14.902,7,0,0.742,0.742,2.305,0.742,0.918,2.031,46.275,0,14.902,31,0.031,0.070,OFF,ECT 5th,NA,OFF,97.834,97.856,13.333,0,Not Avl,0,0,0,0,ON,ON,0,0,1
88,0,13.790,Not Avl,Compl,Compl,Unable,OFF,Not Avl,Compl,Compl,Unable,OFF,60.938,58.594,34.375,35,19.531,39.551,15.686,31.765,0.781,1.582,ON,0,OFF,ON,ON,1.001,0.998,0.039,0.020,3.342,3.337,0,97,51199.219,13.515,24.314,OFF,OFF,OFF,OFF,OFF,OFF,OFF,Avail,Incmpl,Incmpl,Enable,Avail,417,207.600,417,207.600,ON,Avail,Compl,Enable,78,0,0,0,0,0,0,6,A,0,0,Avail,Incmpl,Incmpl,Enable,OFF,OFF,727,721.750,51199.219,51199.219,51199.219,51199.219,51199.219,51199.219,1GRFE ,33.333,Avail,Incmpl,Incmpl,Enable,7.996,OFF,OFF,OFF,OFF,ON,ON,Avail,Compl,Enable,Compl,CL,CL,Compl,Unable,Not Avl,Compl,Compl,Enable,OFF,80,15,41,ON,42.500,21.250,0.106,2392,15,21,-3,OFF,1.562,5.469,3.780,OFF,0,0,80,Avail,Compl,Enable,0,GRN2#  ,ON,0,ACTIVE,ACTIVE,0.957,0.942,0.195,0.330,100.508,88.188,Avail,Compl,Avail,Incmpl,Incmpl,Enable,OBD II (California ARB),OFF,OFF,29.279,0.024,0,1st,OFF,OFF,OFF,OFF,OFF,OFF,2.344,0.781,ON,OFF,650,0,OFF,OFF,OFF,ON,Gasoline,0.969,OFF,OFF,0.684,ON,0.391,14.902,7,0,0.742,0.742,2.305,0.742,0.918,2.031,46.275,0,14.902,31,0.031,0.070,OFF,ECT 5th,NA,OFF,97.834,97.856,13.333,0,Not Avl,0,0,0,0,ON,ON,0,0,1
89,0,13.790,Not Avl,Compl,Compl,Unable,OFF,Not Avl,Compl,Compl,Unable,OFF,60.938,58.594,34.375,35,19.531,39.551,15.686,31.765,0.781,1.582,ON,0,OFF,ON,ON,1.001,0.998,0.039,0.020,3.342,3.337,0,97,51199.219,13.515,24.314,OFF,OFF,OFF,OFF,OFF,OFF,OFF,Avail,Incmpl,Incmpl,Enable,Avail,417,207.600,417,207.600,ON,Avail,Compl,Enable,78,0,0,0,0,0,0,6,A,0,0,Avail,Incmpl,Incmpl,Enable,OFF,OFF,727,721.750,51199.219,51199.219,51199.219,51199.219,51199.219,51199.219,1GRFE ,33.333,Avail,Incmpl,Incmpl,Enable,7.996,OFF,OFF,OFF,OFF,ON,ON,Avail,Compl,Enable,Compl,CL,CL,Compl,Unable,Not Avl,Compl,Compl,Enable,OFF,80,15,41,ON,42.500,21.250,0.106,2392,15,21,-3,OFF,1.562,5.469,3.780,OFF,0,0,80,Avail,Compl,Enable,0,GRN2#  ,ON,0,ACTIVE,ACTIVE,0.957,0.942,0.195,0.330,100.508,88.188,Avail,Compl,Avail,Incmpl,Incmpl,Enable,OBD II (California ARB),OFF,OFF,29.279,0.024,0,1st,OFF,OFF,OFF,OFF,OFF,OFF,2.344,0.781,ON,OFF,650,0,OFF,OFF,OFF,ON,Gasoline,0.969,OFF,OFF,0.684,ON,0.391,14.902,7,0,0.742,0.742,2.305,0.742,0.918,2.031,46.275,0,14.902,31,0.031,0.070,OFF,ECT 5th,NA,OFF,97.834,97.856,13.333,0,Not Avl,0,0,0,0,ON,ON,0,0,1
90,0,13.790,Not Avl,Compl,Compl,Unable,OFF,Not Avl,Compl,Compl,Unable,OFF,60.938,58.594,34.375,35,19.531,39.551,15.686,31.765,0.781,1.582,ON,0,OFF,ON,ON,1.001,0.998,0.039,0.020,3.342,3.337,0,97,51199.219,13.515,24.314,OFF,OFF,OFF,OFF,OFF,OFF,OFF,Avail,Incmpl,Incmpl,Enable,Avail,417,207.600,417,207.600,ON,Avail,Compl,Enable,78,0,0,0,0,0,0,6,A,0,0,Avail,Incmpl,Incmpl,Enable,OFF,OFF,727,721.750,51199.219,51199.219,51199.219,51199.219,51199.219,51199.219,1GRFE ,33.333,Avail,Incmpl,Incmpl,Enable,7.996,OFF,OFF,OFF,OFF,ON,ON,Avail,Compl,Enable,Compl,CL,CL,Compl,Unable,Not Avl,Compl,Compl,Enable,OFF,80,15,41,ON,42.500,21.250,0.106,2392,15,21,-3,OFF,1.562,5.469,3.780,OFF,0,0,80,Avail,Compl,Enable,0,GRN2#  ,ON,0,ACTIVE,ACTIVE,0.957,0.942,0.195,0.330,100.508,88.188,Avail,Compl,Avail,Incmpl,Incmpl,Enable,OBD II (California ARB),OFF,OFF,29.279,0.024,0,1st,OFF,OFF,OFF,OFF,OFF,OFF,2.344,0.781,ON,OFF,650,0,OFF,OFF,OFF,ON,Gasoline,0.969,OFF,OFF,0.684,ON,0.391,14.902,7,0,0.742,0.742,2.305,0.742,0.918,2.031,46.275,0,14.902,31,0.031,0.070,OFF,ECT 5th,NA,OFF,97.834,97.856,13.333,0,Not Avl,0,0,0,0,ON,ON,0,0,1
91,0,13.790,Not Avl,Compl,Compl,Unable,OFF,Not Avl,Compl,Compl,Unable,OFF,60.938,58.594,34.375,35,19.531,39.551,15.686,31.765,0.781,1.582,ON,0,OFF,ON,ON,1.001,0.998,0.039,0.020,3.342,3.337,0,97,51199.219,13.515,24.314,OFF,OFF,OFF,OFF,OFF,OFF,OFF,Avail,Incmpl,Incmpl,Enable,Avail,417,207.600,417,207.600,ON,Avail,Compl,Enable,78,0,0,0,0,0,0,6,A,0,0,Avail,Incmpl,Incmpl,Enable,OFF,OFF,727,721.750,51199.219,51199.219,51199.219,51199.219,51199.219,51199.219,1GRFE ,33.333,Avail,Incmpl,Incmpl,Enable,7.996,OFF,OFF,OFF,OFF,ON,ON,Avail,Compl,Enable,Compl,CL,CL,Compl,Unable,Not Avl,Compl,Compl,Enable,OFF,80,15,41,ON,42.500,21.250,0.106,2392,15,21,-3,OFF,1.562,5.469,3.780,OFF,0,0,80,Avail,Compl,Enable,0,GRN2#  ,ON,0,ACTIVE,ACTIVE,0.957,0.942,0.195,0.330,100.508,88.188,Avail,Compl,Avail,Incmpl,Incmpl,Enable,OBD II (California ARB),OFF,OFF,29.279,0.024,0,1st,OFF,OFF,OFF,OFF,OFF,OFF,2.344,0.781,ON,OFF,650,0,OFF,OFF,OFF,ON,Gasoline,0.969,OFF,OFF,0.684,ON,0.391,14.902,7,0,0.742,0.742,2.305,0.742,0.918,2.031,46.275,0,14.902,31,0.031,0.070,OFF,ECT 5th,NA,OFF,97.834,97.856,13.333,0,Not Avl,0,0,0,0,ON,ON,0,0,1
92,0,13.790,Not Avl,Compl,Compl,Unable,OFF,Not Avl,Compl,Compl,Unable,OFF,60.938,58.594,34.375,35,19.531,39.551,15.686,31.765,0.781,1.582,ON,0,OFF,ON,ON,1.001,0.998,0.039,0.020,3.342,3.337,0,97,51199.219,13.515,24.314,OFF,OFF,OFF,OFF,OFF,OFF,OFF,Avail,Incmpl,Incmpl,Enable,Avail,417,207.600,417,207.600,ON,Avail,Compl,Enable,78,0,0,0,0,0,0,6,A,0,0,Avail,Incmpl,Incmpl,Enable,OFF,OFF,727,721.750,51199.219,51199.219,51199.219,51199.219,51199.219,51199.219,1GRFE ,33.333,Avail,Incmpl,Incmpl,Enable,7.996,OFF,OFF,OFF,OFF,ON,ON,Avail,Compl,Enable,Compl,CL,CL,Compl,Unable,Not Avl,Compl,Compl,Enable,OFF,80,15,41,ON,42.500,21.250,0.106,2392,15,21,-3,OFF,1.562,5.469,3.780,OFF,0,0,80,Avail,Compl,Enable,0,GRN2#  ,ON,0,ACTIVE,ACTIVE,0.957,0.942,0.195,0.330,100.508,88.188,Avail,Compl,Avail,Incmpl,Incmpl,Enable,OBD II (California ARB),OFF,OFF,29.279,0.024,0,1st,OFF,OFF,OFF,OFF,OFF,OFF,2.344,0.781,ON,OFF,650,0,OFF,OFF,OFF,ON,Gasoline,0.969,OFF,OFF,0.684,ON,0.391,14.902,7,0,0.742,0.742,2.305,0.742,0.918,2.031,46.275,0,14.902,31,0.031,0.070,OFF,ECT 5th,NA,OFF,97.834,97.856,13.333,0,Not Avl,0,0,0,0,ON,ON,0,0,1
93,0,13.790,Not Avl,Compl,Compl,Unable,OFF,Not Avl,Compl,Compl,Unable,OFF,60.938,58.594,34.375,35,19.531,39.551,15.686,31.765,0.781,1.582,ON,0,OFF,ON,ON,1.001,0.998,0.039,0.020,3.342,3.337,0,97,51199.219,13.515,24.314,OFF,OFF,OFF,OFF,OFF,OFF,OFF,Avail,Incmpl,Incmpl,Enable,Avail,417,207.600,417,207.600,ON,Avail,Compl,Enable,78,0,0,0,0,0,0,6,A,0,0,Avail,Incmpl,Incmpl,Enable,OFF,OFF,727,721.750,51199.219,51199.219,51199.219,51199.219,51199.219,51199.219,1GRFE ,33.333,Avail,Incmpl,Incmpl,Enable,7.996,OFF,OFF,OFF,OFF,ON,ON,Avail,Compl,Enable,Compl,CL,CL,Compl,Unable,Not Avl,Compl,Compl,Enable,OFF,80,15,41,ON,42.500,21.250,0.106,2392,15,21,-3,OFF,1.562,5.469,3.780,OFF,0,0,80,Avail,Compl,Enable,0,GRN2#  ,ON,0,ACTIVE,ACTIVE,0.957,0.942,0.195,0.330,100.508,88.188,Avail,Compl,Avail,Incmpl,Incmpl,Enable,OBD II (California ARB),OFF,OFF,29.279,0.024,0,1st,OFF,OFF,OFF,OFF,OFF,OFF,2.344,0.781,ON,OFF,650,0,OFF,OFF,OFF,ON,Gasoline,0.969,OFF,OFF,0.684,ON,0.391,14.902,7,0,0.742,0.742,2.305,0.742,0.918,2.031,46.275,0,14.902,31,0.031,0.070,OFF,ECT 5th,NA,OFF,97.834,97.856,13.333,0,Not Avl,0,0,0,0,ON,ON,0,0,1
94,0,13.790,Not Avl,Compl,Compl,Unable,OFF,Not Avl,Compl,Compl,Unable,OFF,60.938,58.594,34.375,35,19.531,39.551,15.686,31.765,0.781,1.582,ON,0,OFF,ON,ON,1.001,0.998,0.039,0.020,3.342,3.337,0,97,51199.219,13.515,24.314,OFF,OFF,OFF,OFF,OFF,OFF,OFF,Avail,Incmpl,Incmpl,Enable,Avail,417,207.600,417,207.600,ON,Avail,Compl,Enable,78,0,0,0,0,0,0,6,A,0,0,Avail,Incmpl,Incmpl,Enable,OFF,OFF,727,721.750,51199.219,51199.219,51199.219,51199.219,51199.219,51199.219,1GRFE ,33.333,Avail,Incmpl,Incmpl,Enable,7.996,OFF,OFF,OFF,OFF,ON,ON,Avail,Compl,Enable,Compl,CL,CL,Compl,Unable,Not Avl,Compl,Compl,Enable,OFF,80,15,41,ON,42.500,21.250,0.106,2392,15,21,-3,OFF,1.562,5.469,3.780,OFF,0,0,80,Avail,Compl,Enable,0,GRN2#  ,ON,0,ACTIVE,ACTIVE,0.957,0.942,0.195,0.330,100.508,88.188,Avail,Compl,Avail,Incmpl,Incmpl,Enable,OBD II (California ARB),OFF,OFF,29.279,0.024,0,1st,OFF,OFF,OFF,OFF,OFF,OFF,2.344,0.781,ON,OFF,650,0,OFF,OFF,OFF,ON,Gasoline,0.969,OFF,OFF,0.684,ON,0.391,14.902,7,0,0.742,0.742,2.305,0.742,0.918,2.031,46.275,0,14.902,31,0.031,0.070,OFF,ECT 5th,NA,OFF,97.834,97.856,13.333,0,Not Avl,0,0,0,0,ON,ON,0,0,1
95,0,13.790,Not Avl,Compl,Compl,Unable,OFF,Not Avl,Compl,Compl,Unable,OFF,60.938,58.594,34.375,35,19.531,39.551,15.686,31.765,0.781,1.582,ON,0,OFF,ON,ON,1.001,0.998,0.039,0.020,3.342,3.337,0,97,51199.219,13.515,24.314,OFF,OFF,OFF,OFF,OFF,OFF,OFF,Avail,Incmpl,Incmpl,Enable,Avail,417,207.600,417,207.600,ON,Avail,Compl,Enable,78,0,0,0,0,0,0,6,A,0,0,Avail,Incmpl,Incmpl,Enable,OFF,OFF,727,721.750,51199.219,51199.219,51199.219,51199.219,51199.219,51199.219,1GRFE ,33.333,Avail,Incmpl,Incmpl,Enable,7.996,OFF,OFF,OFF,OFF,ON,ON,Avail,Compl,Enable,Compl,CL,CL,Compl,Unable,Not Avl,Compl,Compl,Enable,OFF,80,15,41,ON,42.500,21.250,0.106,2392,15,21,-3,OFF,1.562,5.469,3.780,OFF,0,0,80,Avail,Compl,Enable,0,GRN2#  ,ON,0,ACTIVE,ACTIVE,0.957,0.942,0.195,0.330,100.508,88.188,Avail,Compl,Avail,Incmpl,Incmpl,Enable,OBD II (California ARB),OFF,OFF,29.279,0.024,0,1st,OFF,OFF,OFF,OFF,OFF,OFF,2.344,0.781,ON,OFF,650,0,OFF,OFF,OFF,ON,Gasoline,0.969,OFF,OFF,0.684,ON,0.391,14.902,7,0,0.742,0.742,2.305,0.742,0.918,2.031,46.275,0,14.902,31,0.031,0.070,OFF,ECT 5th,NA,OFF,97.834,97.856,13.333,0,Not Avl,0,0,0,0,ON,ON,0,0,1
96,0,13.790,Not Avl,Compl,Compl,Unable,OFF,Not Avl,Compl,Compl,Unable,OFF,60.938,58.594,34.375,35,19.531,39.551,15.686,31.765,0.781,1.582,ON,0,OFF,ON,ON,1.001,0.998,0.039,0.020,3.342,3.337,0,97,51199.219,13.515,24.314,OFF,OFF,OFF,OFF,OFF,OFF,OFF,Avail,Incmpl,Incmpl,Enable,Avail,417,207.600,417,207.600,ON,Avail,Compl,Enable,78,0,0,0,0,0,0,6,A,0,0,Avail,Incmpl,Incmpl,Enable,OFF,OFF,727,721.750,51199.219,51199.219,51199.219,51199.219,51199.219,51199.219,1GRFE ,33.333,Avail,Incmpl,Incmpl,Enable,7.996,OFF,OFF,OFF,OFF,ON,ON,Avail,Compl,Enable,Compl,CL,CL,Compl,Unable,Not Avl,Compl,Compl,Enable,OFF,80,15,41,ON,42.500,21.250,0.106,2392,15,21,-3,OFF,1.562,5.469,3.780,OFF,0,0,80,Avail,Compl,Enable,0,GRN2#  ,ON,0,ACTIVE,ACTIVE,0.957,0.942,0.195,0.330,100.508,88.188,Avail,Compl,Avail,Incmpl,Incmpl,Enable,OBD II (California ARB),OFF,OFF,29.279,0.024,0,1st,OFF,OFF,OFF,OFF,OFF,OFF,2.344,0.781,ON,OFF,650,0,OFF,OFF,OFF,ON,Gasoline,0.969,OFF,OFF,0.684,ON,0.391,14.902,7,0,0.742,0.742,2.305,0.742,0.918,2.031,46.275,0,14.902,31,0.031,0.070,OFF,ECT 5th,NA,OFF,97.834,97.856,13.333,0,Not Avl,0,0,0,0,ON,ON,0,0,1
97,0,13.790,Not Avl,Compl,Compl,Unable,OFF,Not Avl,Compl,Compl,Unable,OFF,60.938,58.594,34.375,35,19.531,39.551,15.686,31.765,0.781,1.582,ON,0,OFF,ON,ON,1.001,0.998,0.039,0.020,3.342,3.337,0,97,51199.219,13.515,24.314,OFF,OFF,OFF,OFF,OFF,OFF,OFF,Avail,Incmpl,Incmpl,Enable,Avail,417,207.600,417,207.600,ON,Avail,Compl,Enable,78,0,0,0,0,0,0,6,A,0,0,Avail,Incmpl,Incmpl,Enable,OFF,OFF,727,721.750,51199.219,51199.219,51199.219,51199.219,51199.219,51199.219,1GRFE ,33.333,Avail,Incmpl,Incmpl,Enable,7.996,OFF,OFF,OFF,OFF,ON,ON,Avail,Compl,Enable,Compl,CL,CL,Compl,Unable,Not Avl,Compl,Compl,Enable,OFF,80,15,41,ON,42.500,21.250,0.106,2392,15,21,-3,OFF,1.562,5.469,3.780,OFF,0,0,80,Avail,Compl,Enable,0,GRN2#  ,ON,0,ACTIVE,ACTIVE,0.957,0.942,0.195,0.330,100.508,88.188,Avail,Compl,Avail,Incmpl,Incmpl,Enable,OBD II (California ARB),OFF,OFF,29.279,0.024,0,1st,OFF,OFF,OFF,OFF,OFF,OFF,2.344,0.781,ON,OFF,650,0,OFF,OFF,OFF,ON,Gasoline,0.969,OFF,OFF,0.684,ON,0.391,14.902,7,0,0.742,0.742,2.305,0.742,0.918,2.031,46.275,0,14.902,31,0.031,0.070,OFF,ECT 5th,NA,OFF,97.834,97.856,13.333,0,Not Avl,0,0,0,0,ON,ON,0,0,1
98,0,13.790,Not Avl,Compl,Compl,Unable,OFF,Not Avl,Compl,Compl,Unable,OFF,60.938,58.594,34.375,35,19.531,39.551,15.686,31.765,0.781,1.582,ON,0,OFF,ON,ON,1.001,0.998,0.039,0.020,3.342,3.337,0,97,51199.219,13.515,24.314,OFF,OFF,OFF,OFF,OFF,OFF,OFF,Avail,Incmpl,Incmpl,Enable,Avail,417,207.600,417,207.600,ON,Avail,Compl,Enable,78,0,0,0,0,0,0,6,A,0,0,Avail,Incmpl,Incmpl,Enable,OFF,OFF,727,721.750,51199.219,51199.219,51199.219,51199.219,51199.219,51199.219,1GRFE ,33.333,Avail,Incmpl,Incmpl,Enable,7.996,OFF,OFF,OFF,OFF,ON,ON,Avail,Compl,Enable,Compl,CL,CL,Compl,Unable,Not Avl,Compl,Compl,Enable,OFF,80,15,41,ON,42.500,21.250,0.106,2392,15,21,-3,OFF,1.562,5.469,3.780,OFF,0,0,80,Avail,Compl,Enable,0,GRN2#  ,ON,0,ACTIVE,ACTIVE,0.957,0.942,0.195,0.330,100.508,88.188,Avail,Compl,Avail,Incmpl,Incmpl,Enable,OBD II (California ARB),OFF,OFF,29.279,0.024,0,1st,OFF,OFF,OFF,OFF,OFF,OFF,2.344,0.781,ON,OFF,650,0,OFF,OFF,OFF,ON,Gasoline,0.969,OFF,OFF,0.684,ON,0.391,14.902,7,0,0.742,0.742,2.305,0.742,0.918,2.031,46.275,0,14.902,31,0.031,0.070,OFF,ECT 5th,NA,OFF,97.834,97.856,13.333,0,Not Avl,0,0,0,0,ON,ON,0,0,1
99,0,13.790,Not Avl,Compl,Compl,Unable,OFF,Not Avl,Compl,Compl,Unable,OFF,60.938,58.594,34.375,35,19.531,39.551,15.686,31.765,0.781,1.582,ON,0,OFF,ON,ON,1.001,0.998,0.039,0.020,3.342,3.337,0,97,51199.219,13.515,24.314,OFF,OFF,OFF,OFF,OFF,OFF,OFF,Avail,Incmpl,Incmpl,Enable,Avail,417,207.600,417,207.600,ON,Avail,Compl,Enable,78,0,0,0,0,0,0,6,A,0,0,Avail,Incmpl,Incmpl,Enable,OFF,OFF,727,721.750,51199.219,51199.219,51199.219,51199.219,51199.219,51199.219,1GRFE ,33.333,Avail,Incmpl,Incmpl,Enable,7.996,OFF,OFF,OFF,OFF,ON,ON,Avail,Compl,Enable,Compl,CL,CL,Compl,Unable,Not Avl,Compl,Compl,Enable,OFF,80,15,72,ON,42.500,21.250,0.106,2392,15,21,-3,OFF,1.562,5.469,3.780,OFF,0,0,80,Avail,Compl,Enable,0,GRN2#  ,ON,0,ACTIVE,ACTIVE,0.957,0.942,0.195,0.330,100.508,88.188,Avail,Compl,Avail,Incmpl,Incmpl,Enable,OBD II (California ARB),OFF,OFF,29.279,0.024,0,1st,OFF,OFF,OFF,OFF,OFF,OFF,2.344,0.781,ON,OFF,650,0,OFF,OFF,OFF,ON,Gasoline,0.969,OFF,OFF,0.684,ON,0.391,14.902,7,0,0.742,0.742,2.305,0.742,0.918,2.031,46.275,0,14.902,31,0.031,0.070,OFF,ECT 5th,NA,OFF,97.834,97.856,13.333,0,Not Avl,0,0,0,0,ON,ON,0,0,1
100,0,13.790,Not Avl,Compl,Compl,Unable,OFF,Not Avl,Compl,Compl,Unable,OFF,60.938,58.594,34.375,35,19.531,39.551,15.686,31.765,0.781,1.582,ON,0,OFF,ON,ON,1.001,0.998,0.039,0.020,3.342,3.337,0,97,51199.219,13.515,24.314,OFF,OFF,OFF,OFF,OFF,OFF,OFF,Avail,Incmpl,Incmpl,Enable,Avail,417,207.600,417,207.600,ON,Avail,Compl,Enable,78,0,0,0,0,0,0,6,A,0,0,Avail,Incmpl,Incmpl,Enable,OFF,OFF,727,721.750,51199.219,51199.219,51199.219,51199.219,51199.219,51199.219,1GRFE ,33.333,Avail,Incmpl,Incmpl,Enable,7.996,OFF,OFF,OFF,OFF,ON,ON,Avail,Compl,Enable,Compl,CL,CL,Compl,Unable,Not Avl,Compl,Compl,Enable,OFF,80,15,72,ON,42.500,21.250,0.106,2392,15,21,-3,OFF,1.562,5.469,3.780,OFF,0,0,80,Avail,Compl,Enable,0,GRN2#  ,ON,0,ACTIVE,ACTIVE,0.957,0.942,0.195,0.330,100.508,88.188,Avail,Compl,Avail,Incmpl,Incmpl,Enable,OBD II (California ARB),OFF,OFF,29.279,0.024,0,1st,OFF,OFF,OFF,OFF,OFF,OFF,2.344,0.781,ON,OFF,650,0,OFF,OFF,OFF,ON,Gasoline,0.969,OFF,OFF,0.684,ON,0.391,14.902,7,0,0.742,0.742,2.305,0.742,0.918,2.031,46.275,0,14.902,31,0.031,0.070,OFF,ECT 5th,NA,OFF,97.834,97.856,13.333,0,Not Avl,0,0,0,0,ON,ON,0,0,1
101,0,13.790,Not Avl,Compl,Compl,Unable,OFF,Not Avl,Compl,Compl,Unable,OFF,60.938,58.594,34.375,35,19.531,39.551,15.686,31.765,0.781,1.582,ON,0,OFF,ON,ON,1.001,0.998,0.039,0.020,3.342,3.337,0,97,51199.219,13.515,24.314,OFF,OFF,OFF,OFF,OFF,OFF,OFF,Avail,Incmpl,Incmpl,Enable,Avail,417,207.600,417,207.600,ON,Avail,Compl,Enable,78,0,0,0,0,0,0,6,A,0,0,Avail,Incmpl,Incmpl,Enable,OFF,OFF,727,721.750,51199.219,51199.219,51199.219,51199.219,51199.219,51199.219,1GRFE ,33.333,Avail,Incmpl,Incmpl,Enable,7.996,OFF,OFF,OFF,OFF,ON,ON,Avail,Compl,Enable,Compl,CL,CL,Compl,Unable,Not Avl,Compl,Compl,Enable,OFF,80,15,72,ON,42.500,21.250,0.106,2392,15,21,-3,OFF,1.562,5.469,3.780,OFF,0,0,80,Avail,Compl,Enable,0,GRN2#  ,ON,0,ACTIVE,ACTIVE,0.957,0.942,0.195,0.330,100.508,88.188,Avail,Compl,Avail,Incmpl,Incmpl,Enable,OBD II (California ARB),OFF,OFF,29.279,0.024,0,1st,OFF,OFF,OFF,OFF,OFF,OFF,2.344,0.781,ON,OFF,650,0,OFF,OFF,OFF,ON,Gasoline,0.969,OFF,OFF,0.684,ON,0.391,14.902,7,0,0.742,0.742,2.305,0.742,0.918,2.031,46.275,0,14.902,31,0.031,0.070,OFF,ECT 5th,NA,OFF,97.834,97.856,13.333,0,Not Avl,0,0,0,0,ON,ON,0,0,1
102,0,13.790,Not Avl,Compl,Compl,Unable,OFF,Not Avl,Compl,Compl,Unable,OFF,60.938,58.594,34.375,35,19.531,39.551,15.686,31.765,0.781,1.582,ON,0,OFF,ON,ON,1.001,0.998,0.039,0.020,3.342,3.337,0,97,51199.219,13.515,24.314,OFF,OFF,OFF,OFF,OFF,OFF,OFF,Avail,Incmpl,Incmpl,Enable,Avail,417,207.600,417,207.600,ON,Avail,Compl,Enable,78,0,0,0,0,0,0,6,A,0,0,Avail,Incmpl,Incmpl,Enable,OFF,OFF,727,721.750,51199.219,51199.219,51199.219,51199.219,51199.219,51199.219,1GRFE ,33.333,Avail,Incmpl,Incmpl,Enable,7.996,OFF,OFF,OFF,OFF,ON,ON,Avail,Compl,Enable,Compl,CL,CL,Compl,Unable,Not Avl,Compl,Compl,Enable,OFF,80,15,72,ON,42.500,21.250,0.106,2392,15,21,-3,OFF,1.562,5.469,3.780,OFF,0,0,80,Avail,Compl,Enable,0,GRN2#  ,ON,0,ACTIVE,ACTIVE,0.957,0.942,0.195,0.330,100.508,88.188,Avail,Compl,Avail,Incmpl,Incmpl,Enable,OBD II (California ARB),OFF,OFF,29.279,0.024,0,1st,OFF,OFF,OFF,OFF,OFF,OFF,2.344,0.781,ON,OFF,650,0,OFF,OFF,OFF,ON,Gasoline,0.969,OFF,OFF,0.684,ON,0.391,14.902,7,0,0.742,0.742,2.305,0.742,0.918,2.031,46.275,0,14.902,31,0.031,0.070,OFF,ECT 5th,NA,OFF,97.834,97.856,13.333,0,Not Avl,0,0,0,0,ON,ON,0,0,1
103,0,13.790,Not Avl,Compl,Compl,Unable,OFF,Not Avl,Compl,Compl,Unable,OFF,60.938,58.594,34.375,35,19.531,39.551,15.686,31.765,0.781,1.582,ON,0,OFF,ON,ON,1.001,0.998,0.039,0.020,3.342,3.337,0,97,51199.219,13.515,24.314,OFF,OFF,OFF,OFF,OFF,OFF,OFF,Avail,Incmpl,Incmpl,Enable,Avail,417,207.600,417,207.600,ON,Avail,Compl,Enable,78,0,0,0,0,0,0,6,A,0,0,Avail,Incmpl,Incmpl,Enable,OFF,OFF,727,721.750,51199.219,51199.219,51199.219,51199.219,51199.219,51199.219,1GRFE ,33.333,Avail,Incmpl,Incmpl,Enable,7.996,OFF,OFF,OFF,OFF,ON,ON,Avail,Compl,Enable,Compl,CL,CL,Compl,Unable,Not Avl,Compl,Compl,Enable,OFF,80,15,72,ON,42.500,21.250,0.103,2392,15,21,-3,OFF,1.562,5.469,3.780,OFF,0,0,80,Avail,Compl,Enable,0,GRN2#  ,ON,0,ACTIVE,ACTIVE,0.957,0.942,0.195,0.330,100.508,88.188,Avail,Compl,Avail,Incmpl,Incmpl,Enable,OBD II (California ARB),OFF,OFF,29.279,0.024,0,1st,OFF,OFF,OFF,OFF,OFF,OFF,2.344,0.781,ON,OFF,650,0,OFF,OFF,OFF,ON,Gasoline,0.969,OFF,OFF,0.684,ON,0.391,14.902,7,0,0.742,0.742,2.305,0.742,0.918,2.031,46.275,0,14.902,31,0.031,0.070,OFF,ECT 5th,NA,OFF,97.834,97.856,13.333,0,Not Avl,0,0,0,0,ON,ON,0,0,1
104,0,13.790,Not Avl,Compl,Compl,Unable,OFF,Not Avl,Compl,Compl,Unable,OFF,60.938,58.594,34.375,35,19.531,39.551,15.686,31.765,0.781,1.582,ON,0,OFF,ON,ON,1.001,0.998,0.039,0.020,3.342,3.337,0,97,51199.219,13.515,24.314,OFF,OFF,OFF,OFF,OFF,OFF,OFF,Avail,Incmpl,Incmpl,Enable,Avail,417,207.600,417,207.600,ON,Avail,Compl,Enable,78,0,0,0,0,0,0,6,A,0,0,Avail,Incmpl,Incmpl,Enable,OFF,OFF,727,721.750,51199.219,51199.219,51199.219,51199.219,51199.219,51199.219,1GRFE ,33.333,Avail,Incmpl,Incmpl,Enable,7.996,OFF,OFF,OFF,OFF,ON,ON,Avail,Compl,Enable,Compl,CL,CL,Compl,Unable,Not Avl,Compl,Compl,Enable,OFF,80,15,72,ON,42.500,21.250,0.103,2355,15,21,-3,OFF,1.562,5.469,3.780,OFF,0,0,80,Avail,Compl,Enable,0,GRN2#  ,ON,0,ACTIVE,ACTIVE,0.957,0.942,0.195,0.330,100.508,88.188,Avail,Compl,Avail,Incmpl,Incmpl,Enable,OBD II (California ARB),OFF,OFF,29.279,0.024,0,1st,OFF,OFF,OFF,OFF,OFF,OFF,2.344,0.781,ON,OFF,650,0,OFF,OFF,OFF,ON,Gasoline,0.969,OFF,OFF,0.684,ON,0.391,14.902,7,0,0.742,0.742,2.305,0.742,0.918,2.031,46.275,0,14.902,31,0.031,0.070,OFF,ECT 5th,NA,OFF,97.834,97.856,13.333,0,Not Avl,0,0,0,0,ON,ON,0,0,1
105,0,13.790,Not Avl,Compl,Compl,Unable,OFF,Not Avl,Compl,Compl,Unable,OFF,60.938,58.594,34.375,35,19.531,39.551,15.686,31.765,0.781,1.582,ON,0,OFF,ON,ON,1.001,0.998,0.039,0.020,3.342,3.337,0,97,51199.219,13.515,24.314,OFF,OFF,OFF,OFF,OFF,OFF,OFF,Avail,Incmpl,Incmpl,Enable,Avail,417,207.600,417,207.600,ON,Avail,Compl,Enable,78,0,0,0,0,0,0,6,A,0,0,Avail,Incmpl,Incmpl,Enable,OFF,OFF,727,721.750,51199.219,51199.219,51199.219,51199.219,51199.219,51199.219,1GRFE ,33.333,Avail,Incmpl,Incmpl,Enable,7.996,OFF,OFF,OFF,OFF,ON,ON,Avail,Compl,Enable,Compl,CL,CL,Compl,Unable,Not Avl,Compl,Compl,Enable,OFF,80,15,72,ON,42.500,21.250,0.103,2355,15,21,-3,OFF,1.562,5.469,3.780,OFF,0,0,80,Avail,Compl,Enable,0,GRN2#  ,ON,0,ACTIVE,ACTIVE,0.957,0.942,0.195,0.330,100.508,88.188,Avail,Compl,Avail,Incmpl,Incmpl,Enable,OBD II (California ARB),OFF,OFF,29.279,0.024,0,1st,OFF,OFF,OFF,OFF,OFF,OFF,2.344,0.781,ON,OFF,650,0,OFF,OFF,OFF,ON,Gasoline,0.969,OFF,OFF,0.684,ON,0.391,14.902,7,0,0.742,0.742,2.305,0.742,0.918,2.031,46.275,0,14.902,31,0.031,0.070,OFF,ECT 5th,NA,OFF,97.834,97.856,13.333,0,Not Avl,0,0,0,0,ON,ON,0,0,1
106,0,13.790,Not Avl,Compl,Compl,Unable,OFF,Not Avl,Compl,Compl,Unable,OFF,60.938,58.594,34.375,35,19.531,39.551,15.686,31.765,0.781,1.582,ON,0,OFF,ON,ON,1.001,0.998,0.039,0.020,3.342,3.337,0,97,51199.219,13.515,24.314,OFF,OFF,OFF,OFF,OFF,OFF,OFF,Avail,Incmpl,Incmpl,Enable,Avail,417,207.600,417,207.600,ON,Avail,Compl,Enable,78,0,0,0,0,0,0,6,A,0,0,Avail,Incmpl,Incmpl,Enable,OFF,OFF,727,721.750,51199.219,51199.219,51199.219,51199.219,51199.219,51199.219,1GRFE ,33.333,Avail,Incmpl,Incmpl,Enable,7.996,OFF,OFF,OFF,OFF,ON,ON,Avail,Compl,Enable,Compl,CL,CL,Compl,Unable,Not Avl,Compl,Compl,Enable,OFF,80,15,72,ON,42.500,21.250,0.103,2355,15,21,-3,OFF,1.562,5.469,3.780,OFF,0,0,80,Avail,Compl,Enable,0,GRN2#  ,ON,0,ACTIVE,ACTIVE,0.957,0.942,0.195,0.330,100.508,88.188,Avail,Compl,Avail,Incmpl,Incmpl,Enable,OBD II (California ARB),OFF,OFF,29.279,0.024,0,1st,OFF,OFF,OFF,OFF,OFF,OFF,2.344,0.781,ON,OFF,650,0,OFF,OFF,OFF,ON,Gasoline,0.969,OFF,OFF,0.684,ON,0.391,14.902,7,0,0.742,0.742,2.305,0.742,0.918,2.031,46.275,0,14.902,31,0.031,0.070,OFF,ECT 5th,NA,OFF,97.834,97.856,13.333,0,Not Avl,0,0,0,0,ON,ON,0,0,1
107,0,13.790,Not Avl,Compl,Compl,Unable,OFF,Not Avl,Compl,Compl,Unable,OFF,60.938,58.594,34.375,35,19.531,39.551,15.686,31.765,0.781,1.582,ON,0,OFF,ON,ON,1.001,0.998,0.039,0.020,3.342,3.337,0,97,51199.219,13.515,24.314,OFF,OFF,OFF,OFF,OFF,OFF,OFF,Avail,Incmpl,Incmpl,Enable,Avail,417,207.600,417,207.600,ON,Avail,Compl,Enable,78,0,0,0,0,0,0,6,A,0,0,Avail,Incmpl,Incmpl,Enable,OFF,OFF,727,721.750,51199.219,51199.219,51199.219,51199.219,51199.219,51199.219,1GRFE ,33.333,Avail,Incmpl,Incmpl,Enable,7.996,OFF,OFF,OFF,OFF,ON,ON,Avail,Compl,Enable,Compl,CL,CL,Compl,Unable,Not Avl,Compl,Compl,Enable,OFF,80,15,72,ON,42.500,21.250,0.103,2355,15,21,-3,OFF,1.562,5.469,3.780,OFF,0,0,80,Avail,Compl,Enable,0,GRN2#  ,ON,0,ACTIVE,ACTIVE,0.957,0.942,0.195,0.330,100.508,88.188,Avail,Compl,Avail,Incmpl,Incmpl,Enable,OBD II (California ARB),OFF,OFF,29.279,0.024,0,1st,OFF,OFF,OFF,OFF,OFF,OFF,2.344,0.781,ON,OFF,650,0,OFF,OFF,OFF,ON,Gasoline,0.969,OFF,OFF,0.684,ON,0.391,14.902,7,0,0.742,0.742,2.305,0.742,0.918,2.031,46.275,0,14.902,31,0.031,0.070,OFF,ECT 5th,NA,OFF,97.834,97.856,13.333,0,Not Avl,0,0,0,0,ON,ON,0,0,1
108,0,13.790,Not Avl,Compl,Compl,Unable,OFF,Not Avl,Compl,Compl,Unable,OFF,60.938,58.594,34.375,35,19.531,39.551,15.686,31.765,0.781,1.582,ON,0,OFF,ON,ON,1.001,0.998,0.039,0.020,3.342,3.337,0,97,51199.219,13.515,24.314,OFF,OFF,OFF,OFF,OFF,OFF,OFF,Avail,Incmpl,Incmpl,Enable,Avail,417,207.600,417,207.600,ON,Avail,Compl,Enable,78,0,0,0,0,0,0,6,A,0,0,Avail,Incmpl,Incmpl,Enable,OFF,OFF,727,721.750,51199.219,51199.219,51199.219,51199.219,51199.219,51199.219,1GRFE ,33.333,Avail,Incmpl,Incmpl,Enable,7.996,OFF,OFF,OFF,OFF,ON,ON,Avail,Compl,Enable,Compl,CL,CL,Compl,Unable,Not Avl,Compl,Compl,Enable,OFF,80,15,72,ON,42.500,21.250,0.103,2355,15,21,-3,OFF,1.562,5.469,3.780,OFF,0,0,80,Avail,Compl,Enable,0,GRN2#  ,ON,0,ACTIVE,ACTIVE,0.957,0.942,0.195,0.330,100.508,88.188,Avail,Compl,Avail,Incmpl,Incmpl,Enable,OBD II (California ARB),OFF,OFF,29.279,0.024,0,1st,OFF,OFF,OFF,OFF,OFF,OFF,2.344,0.781,ON,OFF,650,0,OFF,OFF,OFF,ON,Gasoline,0.969,OFF,OFF,0.684,ON,0.391,14.902,7,0,0.742,0.742,2.305,0.742,0.918,2.031,46.275,0,14.902,31,0.031,0.070,OFF,ECT 5th,NA,OFF,97.834,97.856,13.333,0,Not Avl,0,0,0,0,ON,ON,0,0,1
109,0,13.790,Not Avl,Compl,Compl,Unable,OFF,Not Avl,Compl,Compl,Unable,OFF,60.938,58.594,34.375,35,19.531,39.551,15.686,31.765,0.781,1.582,ON,0,OFF,ON,ON,1.001,0.998,0.039,0.020,3.342,3.337,0,97,51199.219,13.515,24.314,OFF,OFF,OFF,OFF,OFF,OFF,OFF,Avail,Incmpl,Incmpl,Enable,Avail,417,207.600,417,207.600,ON,Avail,Compl,Enable,78,0,0,0,0,0,0,6,A,0,0,Avail,Incmpl,Incmpl,Enable,OFF,OFF,727,721.750,51199.219,51199.219,51199.219,51199.219,51199.219,51199.219,1GRFE ,33.333,Avail,Incmpl,Incmpl,Enable,7.996,OFF,OFF,OFF,OFF,ON,ON,Avail,Compl,Enable,Compl,CL,CL,Compl,Unable,Not Avl,Compl,Compl,Enable,OFF,80,15,72,ON,42.500,21.250,0.103,2355,15,21,-3,OFF,1.562,5.469,3.780,OFF,0,0,80,Avail,Compl,Enable,0,GRN2#  ,ON,0,ACTIVE,ACTIVE,0.957,0.942,0.195,0.330,100.508,88.188,Avail,Compl,Avail,Incmpl,Incmpl,Enable,OBD II (California ARB),OFF,OFF,29.279,0.024,0,1st,OFF,OFF,OFF,OFF,OFF,OFF,2.344,0.781,ON,OFF,650,0,OFF,OFF,OFF,ON,Gasoline,0.969,OFF,OFF,0.684,ON,0.391,14.902,7,0,0.742,0.742,2.305,0.742,0.918,2.031,46.275,0,14.902,31,0.031,0.070,OFF,ECT 5th,NA,OFF,97.834,97.856,13.333,0,Not Avl,0,0,0,0,ON,ON,0,0,1
110,0,13.790,Not Avl,Compl,Compl,Unable,OFF,Not Avl,Compl,Compl,Unable,OFF,60.938,58.594,34.375,35,19.531,39.551,15.686,31.765,0.781,1.582,ON,0,OFF,ON,ON,1.001,0.998,0.039,0.020,3.342,3.337,0,97,51199.219,13.515,24.314,OFF,OFF,OFF,OFF,OFF,OFF,OFF,Avail,Incmpl,Incmpl,Enable,Avail,417,207.600,417,207.600,ON,Avail,Compl,Enable,78,0,0,0,0,0,0,6,A,0,0,Avail,Incmpl,Incmpl,Enable,OFF,OFF,727,721.750,51199.219,51199.219,51199.219,51199.219,51199.219,51199.219,1GRFE ,33.333,Avail,Incmpl,Incmpl,Enable,7.996,OFF,OFF,OFF,OFF,ON,ON,Avail,Compl,Enable,Compl,CL,CL,Compl,Unable,Not Avl,Compl,Compl,Enable,OFF,80,15,72,ON,42.500,21.250,0.103,2355,15,21,-3,OFF,1.562,5.469,3.780,OFF,0,0,80,Avail,Compl,Enable,0,GRN2#  ,ON,0,ACTIVE,ACTIVE,0.957,0.942,0.195,0.330,100.508,88.188,Avail,Compl,Avail,Incmpl,Incmpl,Enable,OBD II (California ARB),OFF,OFF,29.279,0.024,0,1st,OFF,OFF,OFF,OFF,OFF,OFF,2.344,0.781,ON,OFF,650,0,OFF,OFF,OFF,ON,Gasoline,0.969,OFF,OFF,0.684,ON,0.391,14.902,7,0,0.742,0.742,2.305,0.742,0.918,2.031,46.275,0,14.902,31,0.031,0.070,OFF,ECT 5th,NA,OFF,97.834,97.856,13.333,0,Not Avl,0,0,0,0,ON,ON,0,0,1
111,0,13.790,Not Avl,Compl,Compl,Unable,OFF,Not Avl,Compl,Compl,Unable,OFF,60.938,58.594,34.375,35,19.531,39.551,15.686,31.765,0.781,1.582,ON,0,OFF,ON,ON,1.001,0.998,0.039,0.020,3.342,3.337,0,97,51199.219,13.515,24.314,OFF,OFF,OFF,OFF,OFF,OFF,OFF,Avail,Incmpl,Incmpl,Enable,Avail,417,207.600,417,207.600,ON,Avail,Compl,Enable,78,0,0,0,0,0,0,6,A,0,0,Avail,Incmpl,Incmpl,Enable,OFF,OFF,727,721.750,51199.219,51199.219,51199.219,51199.219,51199.219,51199.219,1GRFE ,33.333,Avail,Incmpl,Incmpl,Enable,7.996,OFF,OFF,OFF,OFF,ON,ON,Avail,Compl,Enable,Compl,CL,CL,Compl,Unable,Not Avl,Compl,Compl,Enable,OFF,80,15,72,ON,42.500,21.250,0.103,2355,15,21,-3,OFF,1.562,5.469,3.780,OFF,0,0,80,Avail,Compl,Enable,0,GRN2#  ,ON,0,ACTIVE,ACTIVE,0.957,0.942,0.195,0.330,100.508,88.188,Avail,Compl,Avail,Incmpl,Incmpl,Enable,OBD II (California ARB),OFF,OFF,29.279,0.024,0,1st,OFF,OFF,OFF,OFF,OFF,OFF,2.344,0.781,ON,OFF,650,0,OFF,OFF,OFF,ON,Gasoline,0.969,OFF,OFF,0.684,ON,0.391,14.902,7,0,0.742,0.742,2.305,0.742,0.918,2.031,46.275,0,14.902,31,0.031,0.070,OFF,ECT 5th,NA,OFF,97.834,97.856,13.333,0,Not Avl,0,0,0,0,ON,ON,0,0,1
112,0,13.790,Not Avl,Compl,Compl,Unable,OFF,Not Avl,Compl,Compl,Unable,OFF,60.938,58.594,34.375,35,19.531,39.551,15.686,31.765,0.781,1.582,ON,0,OFF,ON,ON,1.001,0.998,0.039,0.020,3.342,3.337,0,97,51199.219,13.515,24.314,OFF,OFF,OFF,OFF,OFF,OFF,OFF,Avail,Incmpl,Incmpl,Enable,Avail,417,207.600,417,207.600,ON,Avail,Compl,Enable,78,0,0,0,0,0,0,6,A,0,0,Avail,Incmpl,Incmpl,Enable,OFF,OFF,727,721.750,51199.219,51199.219,51199.219,51199.219,51199.219,51199.219,1GRFE ,33.333,Avail,Incmpl,Incmpl,Enable,7.996,OFF,OFF,OFF,OFF,ON,ON,Avail,Compl,Enable,Compl,CL,CL,Compl,Unable,Not Avl,Compl,Compl,Enable,OFF,80,15,72,ON,42.500,21.250,0.103,2355,15,21,-3,OFF,1.562,5.469,3.780,OFF,0,0,80,Avail,Compl,Enable,0,GRN2#  ,ON,0,ACTIVE,ACTIVE,0.957,0.942,0.195,0.330,100.508,88.188,Avail,Compl,Avail,Incmpl,Incmpl,Enable,OBD II (California ARB),OFF,OFF,29.279,0.024,0,1st,OFF,OFF,OFF,OFF,OFF,OFF,2.344,0.781,ON,OFF,650,0,OFF,OFF,OFF,ON,Gasoline,0.969,OFF,OFF,0.684,ON,0.391,14.902,7,0,0.742,0.742,2.305,0.742,0.918,2.031,46.275,0,14.902,31,0.031,0.070,OFF,ECT 5th,NA,OFF,97.834,97.856,13.333,0,Not Avl,0,0,0,0,ON,ON,0,0,1
113,0,13.790,Not Avl,Compl,Compl,Unable,OFF,Not Avl,Compl,Compl,Unable,OFF,60.938,58.594,34.375,35,19.531,39.551,15.686,31.765,0.781,1.582,ON,0,OFF,ON,ON,1.001,0.998,0.039,0.020,3.342,3.337,0,97,51199.219,13.515,24.314,OFF,OFF,OFF,OFF,OFF,OFF,OFF,Avail,Incmpl,Incmpl,Enable,Avail,417,207.600,417,207.600,ON,Avail,Compl,Enable,78,0,0,0,0,0,0,6,A,0,0,Avail,Incmpl,Incmpl,Enable,OFF,OFF,727,721.750,51199.219,51199.219,51199.219,51199.219,51199.219,51199.219,1GRFE ,33.333,Avail,Incmpl,Incmpl,Enable,7.996,OFF,OFF,OFF,OFF,ON,ON,Avail,Compl,Enable,Compl,CL,CL,Compl,Unable,Not Avl,Compl,Compl,Enable,OFF,80,15,72,ON,42.500,21.250,0.103,2355,15,21,-3,OFF,1.562,5.469,3.780,OFF,0,0,80,Avail,Compl,Enable,0,GRN2#  ,ON,0,ACTIVE,ACTIVE,0.957,0.942,0.195,0.330,100.508,88.188,Avail,Compl,Avail,Incmpl,Incmpl,Enable,OBD II (California ARB),OFF,OFF,29.279,0.024,0,1st,OFF,OFF,OFF,OFF,OFF,OFF,2.344,0.781,ON,OFF,650,0,OFF,OFF,OFF,ON,Gasoline,0.969,OFF,OFF,0.684,ON,0.391,14.902,7,0,0.742,0.742,2.305,0.742,0.918,2.031,46.275,0,14.902,31,0.031,0.070,OFF,ECT 5th,NA,OFF,97.834,97.856,13.333,0,Not Avl,0,0,0,0,ON,ON,0,0,1
114,0,13.790,Not Avl,Compl,Compl,Unable,OFF,Not Avl,Compl,Compl,Unable,OFF,60.938,58.594,34.375,35,19.531,39.551,15.686,31.765,0.781,1.582,ON,0,OFF,ON,ON,1.001,0.998,0.039,0.020,3.342,3.337,0,97,51199.219,13.515,24.314,OFF,OFF,OFF,OFF,OFF,OFF,OFF,Avail,Incmpl,Incmpl,Enable,Avail,417,207.600,417,207.600,ON,Avail,Compl,Enable,78,0,0,0,0,0,0,6,A,0,0,Avail,Incmpl,Incmpl,Enable,OFF,OFF,727,721.750,51199.219,51199.219,51199.219,51199.219,51199.219,51199.219,1GRFE ,33.333,Avail,Incmpl,Incmpl,Enable,7.996,OFF,OFF,OFF,OFF,ON,ON,Avail,Compl,Enable,Compl,CL,CL,Compl,Unable,Not Avl,Compl,Compl,Enable,OFF,80,15,72,ON,42.500,21.250,0.103,2355,15,21,-3,OFF,1.562,5.469,3.780,OFF,0,0,80,Avail,Compl,Enable,0,GRN2#  ,ON,0,ACTIVE,ACTIVE,0.957,0.942,0.195,0.330,100.508,88.188,Avail,Compl,Avail,Incmpl,Incmpl,Enable,OBD II (California ARB),OFF,OFF,29.279,0.024,0,1st,OFF,OFF,OFF,OFF,OFF,OFF,2.344,0.781,ON,OFF,650,0,OFF,OFF,OFF,ON,Gasoline,0.969,OFF,OFF,0.684,ON,0.391,14.902,7,0,0.742,0.742,2.305,0.742,0.918,2.031,46.275,0,14.902,31,0.031,0.070,OFF,ECT 5th,NA,OFF,97.834,97.856,13.333,0,Not Avl,0,0,0,0,ON,ON,0,0,1
115,0,13.790,Not Avl,Compl,Compl,Unable,OFF,Not Avl,Compl,Compl,Unable,OFF,60.938,58.594,34.375,35,19.531,39.551,15.686,31.765,0.781,1.582,ON,0,OFF,ON,ON,1.001,0.998,0.039,0.020,3.342,3.337,0,97,51199.219,13.515,24.314,OFF,OFF,OFF,OFF,OFF,OFF,OFF,Avail,Incmpl,Incmpl,Enable,Avail,417,207.600,417,207.600,ON,Avail,Compl,Enable,78,0,0,0,0,0,0,6,A,0,0,Avail,Incmpl,Incmpl,Enable,OFF,OFF,727,721.750,51199.219,51199.219,51199.219,51199.219,51199.219,51199.219,1GRFE ,33.333,Avail,Incmpl,Incmpl,Enable,7.996,OFF,OFF,OFF,OFF,ON,ON,Avail,Compl,Enable,Compl,CL,CL,Compl,Unable,Not Avl,Compl,Compl,Enable,OFF,80,15,72,ON,42.500,21.250,0.103,2355,15,21,-3,OFF,1.562,5.469,3.780,OFF,0,0,83,Avail,Compl,Enable,0,GRN2#  ,ON,0,ACTIVE,ACTIVE,0.957,0.942,0.195,0.330,100.508,88.188,Avail,Compl,Avail,Incmpl,Incmpl,Enable,OBD II (California ARB),OFF,OFF,29.279,0.024,0,1st,OFF,OFF,OFF,OFF,OFF,OFF,2.344,0.781,ON,OFF,650,0,OFF,OFF,OFF,ON,Gasoline,0.969,OFF,OFF,0.684,ON,0.391,14.902,7,0,0.742,0.742,2.305,0.742,0.918,2.031,46.275,0,14.902,31,0.031,0.070,OFF,ECT 5th,NA,OFF,97.834,97.856,13.333,0,Not Avl,0,0,0,0,ON,ON,0,0,1
116,0,13.790,Not Avl,Compl,Compl,Unable,OFF,Not Avl,Compl,Compl,Unable,OFF,60.938,58.594,34.375,35,19.531,39.551,15.686,31.765,0.781,1.582,ON,0,OFF,ON,ON,1.001,0.998,0.039,0.020,3.342,3.337,0,97,51199.219,13.515,24.314,OFF,OFF,OFF,OFF,OFF,OFF,OFF,Avail,Incmpl,Incmpl,Enable,Avail,417,207.600,417,207.600,ON,Avail,Compl,Enable,78,0,0,0,0,0,0,6,A,0,0,Avail,Incmpl,Incmpl,Enable,OFF,OFF,727,721.750,51199.219,51199.219,51199.219,51199.219,51199.219,51199.219,1GRFE ,33.333,Avail,Incmpl,Incmpl,Enable,7.996,OFF,OFF,OFF,OFF,ON,ON,Avail,Compl,Enable,Compl,CL,CL,Compl,Unable,Not Avl,Compl,Compl,Enable,OFF,80,15,72,ON,42.500,21.250,0.103,2355,15,21,-3,OFF,1.562,5.469,3.780,OFF,0,0,83,Avail,Compl,Enable,0,GRN2#  ,ON,0,ACTIVE,ACTIVE,0.957,0.942,0.195,0.330,100.508,88.188,Avail,Compl,Avail,Incmpl,Incmpl,Enable,OBD II (California ARB),OFF,OFF,29.279,0.024,0,1st,OFF,OFF,OFF,OFF,OFF,OFF,2.344,0.781,ON,OFF,650,0,OFF,OFF,OFF,ON,Gasoline,0.969,OFF,OFF,0.684,ON,0.391,14.902,7,0,0.742,0.742,2.305,0.742,0.918,2.031,46.275,0,14.902,31,0.031,0.070,OFF,ECT 5th,NA,OFF,97.834,97.856,13.333,0,Not Avl,0,0,0,0,ON,ON,0,0,1
117,0,13.790,Not Avl,Compl,Compl,Unable,OFF,Not Avl,Compl,Compl,Unable,OFF,60.938,58.594,34.375,35,19.531,39.551,15.686,31.765,0.781,1.582,ON,0,OFF,ON,ON,1.001,0.998,0.039,0.020,3.342,3.337,0,97,51199.219,13.515,24.314,OFF,OFF,OFF,OFF,OFF,OFF,OFF,Avail,Incmpl,Incmpl,Enable,Avail,417,207.600,417,207.600,ON,Avail,Compl,Enable,78,0,0,0,0,0,0,6,A,0,0,Avail,Incmpl,Incmpl,Enable,OFF,OFF,727,721.750,51199.219,51199.219,51199.219,51199.219,51199.219,51199.219,1GRFE ,33.333,Avail,Incmpl,Incmpl,Enable,7.996,OFF,OFF,OFF,OFF,ON,ON,Avail,Compl,Enable,Compl,CL,CL,Compl,Unable,Not Avl,Compl,Compl,Enable,OFF,80,15,72,ON,42.500,21.250,0.103,2355,15,21,-3,OFF,1.562,5.469,3.780,OFF,0,0,83,Avail,Compl,Enable,0,GRN2#  ,ON,0,ACTIVE,ACTIVE,0.957,0.942,0.195,0.330,100.508,88.188,Avail,Compl,Avail,Incmpl,Incmpl,Enable,OBD II (California ARB),OFF,OFF,29.279,0.024,0,1st,OFF,OFF,OFF,OFF,OFF,OFF,2.344,0.781,ON,OFF,650,0,OFF,OFF,OFF,ON,Gasoline,0.969,OFF,OFF,0.684,ON,0.391,14.902,7,0,0.742,0.742,2.305,0.742,0.918,2.031,46.275,0,14.902,31,0.031,0.070,OFF,ECT 5th,NA,OFF,97.834,97.856,13.333,0,Not Avl,0,0,0,0,ON,ON,0,0,1
118,0,13.790,Not Avl,Compl,Compl,Unable,OFF,Not Avl,Compl,Compl,Unable,OFF,60.938,58.594,34.375,35,19.531,39.551,15.686,31.765,0.781,1.582,ON,0,OFF,ON,ON,1.001,0.998,0.039,0.020,3.342,3.337,0,97,51199.219,13.515,24.314,OFF,OFF,OFF,OFF,OFF,OFF,OFF,Avail,Incmpl,Incmpl,Enable,Avail,417,207.600,417,207.600,ON,Avail,Compl,Enable,78,0,0,0,0,0,0,6,A,0,0,Avail,Incmpl,Incmpl,Enable,OFF,OFF,727,721.750,51199.219,51199.219,51199.219,51199.219,51199.219,51199.219,1GRFE ,33.333,Avail,Incmpl,Incmpl,Enable,7.996,OFF,OFF,OFF,OFF,ON,ON,Avail,Compl,Enable,Compl,CL,CL,Compl,Unable,Not Avl,Compl,Compl,Enable,OFF,80,15,72,ON,42.500,21.250,0.103,2355,15,21,-3,OFF,1.562,5.469,3.780,OFF,0,0,83,Avail,Compl,Enable,0,GRN2#  ,ON,0,ACTIVE,ACTIVE,0.957,0.942,0.195,0.330,100.508,88.188,Avail,Compl,Avail,Incmpl,Incmpl,Enable,OBD II (California ARB),OFF,OFF,29.279,0.024,0,1st,OFF,OFF,OFF,OFF,OFF,OFF,2.344,0.781,ON,OFF,650,0,OFF,OFF,OFF,ON,Gasoline,0.969,OFF,OFF,0.684,ON,0.391,14.902,7,0,0.742,0.742,2.305,0.742,0.918,2.031,46.275,0,14.902,31,0.031,0.070,OFF,ECT 5th,NA,OFF,97.834,97.856,13.333,0,Not Avl,0,0,0,0,ON,ON,0,0,1
119,0,13.790,Not Avl,Compl,Compl,Unable,OFF,Not Avl,Compl,Compl,Unable,OFF,60.938,58.594,34.375,35,19.531,39.551,15.686,31.765,0.781,1.582,ON,0,OFF,ON,ON,1.001,0.998,0.039,0.020,3.342,3.337,0,97,51199.219,13.515,24.314,OFF,OFF,OFF,OFF,OFF,OFF,OFF,Avail,Incmpl,Incmpl,Enable,Avail,417,207.600,417,207.600,ON,Avail,Compl,Enable,78,0,0,0,0,0,0,6,A,0,0,Avail,Incmpl,Incmpl,Enable,OFF,OFF,727,721.750,51199.219,51199.219,51199.219,51199.219,51199.219,51199.219,1GRFE ,33.333,Avail,Incmpl,Incmpl,Enable,7.996,OFF,OFF,OFF,OFF,ON,ON,Avail,Compl,Enable,Compl,CL,CL,Compl,Unable,Not Avl,Compl,Compl,Enable,OFF,80,15,72,ON,42.500,21.250,0.103,2355,15,21,-3,OFF,1.562,5.469,3.780,OFF,0,0,83,Avail,Compl,Enable,0,GRN2#  ,ON,0,ACTIVE,ACTIVE,0.957,0.942,0.195,0.330,100.508,88.188,Avail,Compl,Avail,Incmpl,Incmpl,Enable,OBD II (California ARB),OFF,OFF,29.279,0.024,0,1st,OFF,OFF,OFF,OFF,OFF,OFF,2.344,0.781,ON,OFF,650,0,OFF,OFF,OFF,ON,Gasoline,0.969,OFF,OFF,0.684,ON,0.391,14.902,7,0,0.742,0.742,2.305,0.742,0.918,2.031,46.275,0,14.902,31,0.031,0.070,OFF,ECT 5th,NA,OFF,97.834,97.856,13.333,0,Not Avl,0,0,0,0,ON,ON,0,0,1
120,0,13.790,Not Avl,Compl,Compl,Unable,OFF,Not Avl,Compl,Compl,Unable,OFF,60.938,58.594,34.375,35,19.531,39.551,15.686,31.765,0.781,1.582,ON,0,OFF,ON,ON,1.001,0.998,0.039,0.020,3.342,3.337,0,97,51199.219,13.515,24.314,OFF,OFF,OFF,OFF,OFF,OFF,OFF,Avail,Incmpl,Incmpl,Enable,Avail,417,207.600,417,207.600,ON,Avail,Compl,Enable,78,0,0,0,0,0,0,6,A,0,0,Avail,Incmpl,Incmpl,Enable,OFF,OFF,727,721.750,51199.219,51199.219,51199.219,51199.219,51199.219,51199.219,1GRFE ,33.333,Avail,Incmpl,Incmpl,Enable,7.996,OFF,OFF,OFF,OFF,ON,ON,Avail,Compl,Enable,Compl,CL,CL,Compl,Unable,Not Avl,Compl,Compl,Enable,OFF,80,15,72,ON,42.500,21.250,0.103,2355,15,21,-3,OFF,1.562,5.469,3.780,OFF,0,0,83,Avail,Compl,Enable,0,GRN2#  ,ON,0,ACTIVE,ACTIVE,0.957,0.942,0.195,0.330,100.508,88.188,Avail,Compl,Avail,Incmpl,Incmpl,Enable,OBD II (California ARB),OFF,OFF,29.279,0.024,0,1st,OFF,OFF,OFF,OFF,OFF,OFF,2.344,0.781,ON,OFF,650,0,OFF,OFF,OFF,ON,Gasoline,0.969,OFF,OFF,0.684,ON,0.391,14.902,7,0,0.742,0.742,2.305,0.742,0.918,2.031,46.275,0,14.902,31,0.031,0.070,OFF,ECT 5th,NA,OFF,97.834,97.856,13.333,0,Not Avl,0,0,0,0,ON,ON,0,0,1
121,0,13.790,Not Avl,Compl,Compl,Unable,OFF,Not Avl,Compl,Compl,Unable,OFF,60.938,58.594,34.375,35,19.531,39.551,15.686,31.765,0.781,1.582,ON,0,OFF,ON,ON,1.001,0.998,0.039,0.020,3.342,3.337,0,97,51199.219,13.515,24.314,OFF,OFF,OFF,OFF,OFF,OFF,OFF,Avail,Incmpl,Incmpl,Enable,Avail,417,207.600,417,207.600,ON,Avail,Compl,Enable,78,0,0,0,0,0,0,6,A,0,0,Avail,Incmpl,Incmpl,Enable,OFF,OFF,727,721.750,51199.219,51199.219,51199.219,51199.219,51199.219,51199.219,1GRFE ,33.333,Avail,Incmpl,Incmpl,Enable,7.996,OFF,OFF,OFF,OFF,ON,ON,Avail,Compl,Enable,Compl,CL,CL,Compl,Unable,Not Avl,Compl,Compl,Enable,OFF,80,15,72,ON,42.500,21.250,0.103,2355,15,21,-3,OFF,1.562,5.469,3.780,OFF,0,0,83,Avail,Compl,Enable,0,GRN2#  ,ON,0,ACTIVE,ACTIVE,0.957,0.942,0.195,0.330,100.508,88.188,Avail,Compl,Avail,Incmpl,Incmpl,Enable,OBD II (California ARB),OFF,OFF,29.279,0.024,0,1st,OFF,OFF,OFF,OFF,OFF,OFF,2.344,0.781,ON,OFF,650,0,OFF,OFF,OFF,ON,Gasoline,0.969,OFF,OFF,0.684,ON,0.391,14.902,7,0,0.742,0.742,2.305,0.742,0.918,2.031,46.275,0,14.902,31,0.031,0.070,OFF,ECT 5th,NA,OFF,97.834,97.856,13.333,0,Not Avl,0,0,0,0,ON,ON,0,0,1
122,0,13.790,Not Avl,Compl,Compl,Unable,OFF,Not Avl,Compl,Compl,Unable,OFF,60.938,58.594,34.375,35,19.531,39.551,15.686,31.765,0.781,1.582,ON,0,OFF,ON,ON,1.001,0.998,0.039,0.020,3.342,3.337,0,97,51199.219,13.515,24.314,OFF,OFF,OFF,OFF,OFF,OFF,OFF,Avail,Incmpl,Incmpl,Enable,Avail,417,207.600,417,207.600,ON,Avail,Compl,Enable,78,0,0,0,0,0,0,6,A,0,0,Avail,Incmpl,Incmpl,Enable,OFF,OFF,727,721.750,51199.219,51199.219,51199.219,51199.219,51199.219,51199.219,1GRFE ,33.333,Avail,Incmpl,Incmpl,Enable,7.996,OFF,OFF,OFF,OFF,ON,ON,Avail,Compl,Enable,Compl,CL,CL,Compl,Unable,Not Avl,Compl,Compl,Enable,OFF,80,15,72,ON,42.500,21.250,0.103,2355,15,21,-3,OFF,1.562,5.469,3.780,OFF,0,0,83,Avail,Compl,Enable,0,GRN2#  ,ON,0,ACTIVE,ACTIVE,0.957,0.942,0.195,0.330,100.508,88.188,Avail,Compl,Avail,Incmpl,Incmpl,Enable,OBD II (California ARB),OFF,OFF,29.279,0.024,0,1st,OFF,OFF,OFF,OFF,OFF,OFF,2.344,0.781,ON,OFF,650,0,OFF,OFF,OFF,ON,Gasoline,0.969,OFF,OFF,0.684,ON,0.391,14.902,7,0,0.742,0.742,2.305,0.742,0.918,2.031,46.275,0,14.902,31,0.031,0.070,OFF,ECT 5th,NA,OFF,97.834,97.856,13.333,0,Not Avl,0,0,0,0,ON,ON,0,0,1
123,0,13.790,Not Avl,Compl,Compl,Unable,OFF,Not Avl,Compl,Compl,Unable,OFF,60.938,58.594,34.375,35,19.531,39.551,15.686,31.765,0.781,1.582,ON,0,OFF,ON,ON,1.001,0.998,0.039,0.020,3.342,3.337,0,97,51199.219,13.515,24.314,OFF,OFF,OFF,OFF,OFF,OFF,OFF,Avail,Incmpl,Incmpl,Enable,Avail,417,207.600,417,207.600,ON,Avail,Compl,Enable,78,0,0,0,0,0,0,6,A,0,0,Avail,Incmpl,Incmpl,Enable,OFF,OFF,727,721.750,51199.219,51199.219,51199.219,51199.219,51199.219,51199.219,1GRFE ,33.333,Avail,Incmpl,Incmpl,Enable,7.996,OFF,OFF,OFF,OFF,ON,ON,Avail,Compl,Enable,Compl,CL,CL,Compl,Unable,Not Avl,Compl,Compl,Enable,OFF,80,15,72,ON,42.500,21.250,0.103,2355,15,21,-3,OFF,1.562,5.469,3.780,OFF,0,0,83,Avail,Compl,Enable,0,GRN2#  ,ON,0,ACTIVE,ACTIVE,0.957,0.942,0.195,0.330,100.508,88.188,Avail,Compl,Avail,Incmpl,Incmpl,Enable,OBD II (California ARB),OFF,OFF,29.279,0.024,0,1st,OFF,OFF,OFF,OFF,OFF,OFF,2.344,0.781,ON,OFF,650,0,OFF,OFF,OFF,ON,Gasoline,0.969,OFF,OFF,0.684,ON,0.391,14.902,7,0,0.742,0.742,2.305,0.742,0.918,2.031,46.275,0,14.902,31,0.031,0.070,OFF,ECT 5th,NA,OFF,97.834,97.856,13.333,0,Not Avl,0,0,0,0,ON,ON,0,0,1
124,0,13.790,Not Avl,Compl,Compl,Unable,OFF,Not Avl,Compl,Compl,Unable,OFF,60.938,58.594,34.375,35,19.531,39.551,15.686,31.765,0.781,1.582,ON,0,OFF,ON,ON,1.001,0.998,0.039,0.020,3.342,3.337,0,97,51199.219,13.515,24.314,OFF,OFF,OFF,OFF,OFF,OFF,OFF,Avail,Incmpl,Incmpl,Enable,Avail,417,207.600,417,207.600,ON,Avail,Compl,Enable,78,0,0,0,0,0,0,6,A,0,0,Avail,Incmpl,Incmpl,Enable,OFF,OFF,727,721.750,51199.219,51199.219,51199.219,51199.219,51199.219,51199.219,1GRFE ,33.333,Avail,Incmpl,Incmpl,Enable,7.996,OFF,OFF,OFF,OFF,ON,ON,Avail,Compl,Enable,Compl,CL,CL,Compl,Unable,Not Avl,Compl,Compl,Enable,OFF,80,15,72,ON,42.500,21.250,0.103,2355,15,21,-3,OFF,1.562,5.469,3.780,OFF,0,0,83,Avail,Compl,Enable,0,GRN2#  ,ON,0,ACTIVE,ACTIVE,0.957,0.942,0.195,0.330,100.508,88.188,Avail,Compl,Avail,Incmpl,Incmpl,Enable,OBD II (California ARB),OFF,OFF,29.279,0.024,0,1st,OFF,OFF,OFF,OFF,OFF,OFF,2.344,0.781,ON,OFF,650,0,OFF,OFF,OFF,ON,Gasoline,0.969,OFF,OFF,0.684,ON,0.391,14.902,7,0,0.742,0.742,2.305,0.742,0.918,2.031,46.275,0,14.902,31,0.031,0.070,OFF,ECT 5th,NA,OFF,97.834,97.856,13.333,0,Not Avl,0,0,0,0,ON,ON,0,0,1
125,0,13.790,Not Avl,Compl,Compl,Unable,OFF,Not Avl,Compl,Compl,Unable,OFF,60.938,58.594,34.375,35,19.531,39.551,15.686,31.765,0.781,1.582,ON,0,OFF,ON,ON,1.001,0.998,0.039,0.020,3.342,3.337,0,97,51199.219,13.515,24.314,OFF,OFF,OFF,OFF,OFF,OFF,OFF,Avail,Incmpl,Incmpl,Enable,Avail,417,207.600,417,207.600,ON,Avail,Compl,Enable,78,0,0,0,0,0,0,6,A,0,0,Avail,Incmpl,Incmpl,Enable,OFF,OFF,727,721.750,51199.219,51199.219,51199.219,51199.219,51199.219,51199.219,1GRFE ,33.333,Avail,Incmpl,Incmpl,Enable,7.996,OFF,OFF,OFF,OFF,ON,ON,Avail,Compl,Enable,Compl,CL,CL,Compl,Unable,Not Avl,Compl,Compl,Enable,OFF,80,15,72,ON,42.500,21.250,0.103,2355,15,21,-3,OFF,1.562,5.469,3.780,OFF,0,0,83,Avail,Compl,Enable,0,GRN2#  ,ON,0,ACTIVE,ACTIVE,0.962,0.942,0.195,0.330,100.508,88.188,Avail,Compl,Avail,Incmpl,Incmpl,Enable,OBD II (California ARB),OFF,OFF,29.279,0.024,0,1st,OFF,OFF,OFF,OFF,OFF,OFF,2.344,0.781,ON,OFF,650,0,OFF,OFF,OFF,ON,Gasoline,0.969,OFF,OFF,0.684,ON,0.391,14.902,7,0,0.742,0.742,2.305,0.742,0.918,2.031,46.275,0,14.902,31,0.031,0.070,OFF,ECT 5th,NA,OFF,97.834,97.856,13.333,0,Not Avl,0,0,0,0,ON,ON,0,0,1
126,0,13.790,Not Avl,Compl,Compl,Unable,OFF,Not Avl,Compl,Compl,Unable,OFF,60.938,58.594,34.375,35,19.531,39.551,15.686,31.765,0.781,1.582,ON,0,OFF,ON,ON,1.001,0.998,0.039,0.020,3.342,3.337,0,97,51199.219,13.515,24.314,OFF,OFF,OFF,OFF,OFF,OFF,OFF,Avail,Incmpl,Incmpl,Enable,Avail,417,207.600,417,207.600,ON,Avail,Compl,Enable,78,0,0,0,0,0,0,6,A,0,0,Avail,Incmpl,Incmpl,Enable,OFF,OFF,727,721.750,51199.219,51199.219,51199.219,51199.219,51199.219,51199.219,1GRFE ,33.333,Avail,Incmpl,Incmpl,Enable,7.996,OFF,OFF,OFF,OFF,ON,ON,Avail,Compl,Enable,Compl,CL,CL,Compl,Unable,Not Avl,Compl,Compl,Enable,OFF,80,15,72,ON,42.500,21.250,0.103,2355,15,21,-3,OFF,1.562,5.469,3.780,OFF,0,0,83,Avail,Compl,Enable,0,GRN2#  ,ON,0,ACTIVE,ACTIVE,0.962,0.942,0.195,0.330,100.508,88.188,Avail,Compl,Avail,Incmpl,Incmpl,Enable,OBD II (California ARB),OFF,OFF,29.279,0.024,0,1st,OFF,OFF,OFF,OFF,OFF,OFF,2.344,0.781,ON,OFF,650,0,OFF,OFF,OFF,ON,Gasoline,0.969,OFF,OFF,0.684,ON,0.391,14.902,7,0,0.742,0.742,2.305,0.742,0.918,2.031,46.275,0,14.902,31,0.031,0.070,OFF,ECT 5th,NA,OFF,97.834,97.856,13.333,0,Not Avl,0,0,0,0,ON,ON,0,0,1
127,0,13.790,Not Avl,Compl,Compl,Unable,OFF,Not Avl,Compl,Compl,Unable,OFF,60.938,58.594,34.375,35,19.531,39.551,15.686,31.765,0.781,1.582,ON,0,OFF,ON,ON,1.001,0.998,0.039,0.020,3.342,3.337,0,97,51199.219,13.515,24.314,OFF,OFF,OFF,OFF,OFF,OFF,OFF,Avail,Incmpl,Incmpl,Enable,Avail,417,207.600,417,207.600,ON,Avail,Compl,Enable,78,0,0,0,0,0,0,6,A,0,0,Avail,Incmpl,Incmpl,Enable,OFF,OFF,727,721.750,51199.219,51199.219,51199.219,51199.219,51199.219,51199.219,1GRFE ,33.333,Avail,Incmpl,Incmpl,Enable,7.996,OFF,OFF,OFF,OFF,ON,ON,Avail,Compl,Enable,Compl,CL,CL,Compl,Unable,Not Avl,Compl,Compl,Enable,OFF,80,15,72,ON,42.500,21.250,0.103,2355,15,21,-3,OFF,1.562,5.469,3.780,OFF,0,0,83,Avail,Compl,Enable,0,GRN2#  ,ON,0,ACTIVE,ACTIVE,0.962,0.942,0.640,0.330,100.508,88.188,Avail,Compl,Avail,Incmpl,Incmpl,Enable,OBD II (California ARB),OFF,OFF,29.279,0.024,0,1st,OFF,OFF,OFF,OFF,OFF,OFF,2.344,0.781,ON,OFF,650,0,OFF,OFF,OFF,ON,Gasoline,0.969,OFF,OFF,0.684,ON,0.391,14.902,7,0,0.742,0.742,2.305,0.742,0.918,2.031,46.275,0,14.902,31,0.031,0.070,OFF,ECT 5th,NA,OFF,97.834,97.856,13.333,0,Not Avl,0,0,0,0,ON,ON,0,0,1
128,0,13.790,Not Avl,Compl,Compl,Unable,OFF,Not Avl,Compl,Compl,Unable,OFF,60.938,58.594,34.375,35,19.531,39.551,15.686,31.765,0.781,1.582,ON,0,OFF,ON,ON,1.001,0.998,0.039,0.020,3.342,3.337,0,97,51199.219,13.515,24.314,OFF,OFF,OFF,OFF,OFF,OFF,OFF,Avail,Incmpl,Incmpl,Enable,Avail,417,207.600,417,207.600,ON,Avail,Compl,Enable,78,0,0,0,0,0,0,6,A,0,0,Avail,Incmpl,Incmpl,Enable,OFF,OFF,727,721.750,51199.219,51199.219,51199.219,51199.219,51199.219,51199.219,1GRFE ,33.333,Avail,Incmpl,Incmpl,Enable,7.996,OFF,OFF,OFF,OFF,ON,ON,Avail,Compl,Enable,Compl,CL,CL,Compl,Unable,Not Avl,Compl,Compl,Enable,OFF,80,15,72,ON,42.500,21.250,0.103,2355,15,21,-3,OFF,1.562,5.469,3.780,OFF,0,0,83,Avail,Compl,Enable,0,GRN2#  ,ON,0,ACTIVE,ACTIVE,0.962,0.942,0.640,0.505,100.508,88.188,Avail,Compl,Avail,Incmpl,Incmpl,Enable,OBD II (California ARB),OFF,OFF,29.279,0.024,0,1st,OFF,OFF,OFF,OFF,OFF,OFF,2.344,0.781,ON,OFF,650,0,OFF,OFF,OFF,ON,Gasoline,0.969,OFF,OFF,0.684,ON,0.391,14.902,7,0,0.742,0.742,2.305,0.742,0.918,2.031,46.275,0,14.902,31,0.031,0.070,OFF,ECT 5th,NA,OFF,97.834,97.856,13.333,0,Not Avl,0,0,0,0,ON,ON,0,0,1
129,0,13.790,Not Avl,Compl,Compl,Unable,OFF,Not Avl,Compl,Compl,Unable,OFF,60.938,58.594,34.375,35,19.531,39.551,15.686,31.765,0.781,1.582,ON,0,OFF,ON,ON,1.001,0.998,0.039,0.020,3.342,3.337,0,97,51199.219,13.515,24.314,OFF,OFF,OFF,OFF,OFF,OFF,OFF,Avail,Incmpl,Incmpl,Enable,Avail,417,207.600,417,207.600,ON,Avail,Compl,Enable,78,0,0,0,0,0,0,6,A,0,0,Avail,Incmpl,Incmpl,Enable,OFF,OFF,727,721.750,51199.219,51199.219,51199.219,51199.219,51199.219,51199.219,1GRFE ,33.333,Avail,Incmpl,Incmpl,Enable,7.996,OFF,OFF,OFF,OFF,ON,ON,Avail,Compl,Enable,Compl,CL,CL,Compl,Unable,Not Avl,Compl,Compl,Enable,OFF,80,15,72,ON,42.500,21.250,0.103,2355,15,21,-3,OFF,1.562,5.469,3.780,OFF,0,0,83,Avail,Compl,Enable,0,GRN2#  ,ON,0,ACTIVE,ACTIVE,0.962,0.942,0.640,0.505,101.156,88.188,Avail,Compl,Avail,Incmpl,Incmpl,Enable,OBD II (California ARB),OFF,OFF,29.279,0.024,0,1st,OFF,OFF,OFF,OFF,OFF,OFF,2.344,0.781,ON,OFF,650,0,OFF,OFF,OFF,ON,Gasoline,0.969,OFF,OFF,0.684,ON,0.391,14.902,7,0,0.742,0.742,2.305,0.742,0.918,2.031,46.275,0,14.902,31,0.031,0.070,OFF,ECT 5th,NA,OFF,97.834,97.856,13.333,0,Not Avl,0,0,0,0,ON,ON,0,0,1
130,0,13.790,Not Avl,Compl,Compl,Unable,OFF,Not Avl,Compl,Compl,Unable,OFF,60.938,58.594,34.375,35,19.531,39.551,15.686,31.765,0.781,1.582,ON,0,OFF,ON,ON,1.001,0.998,0.039,0.020,3.342,3.337,0,97,51199.219,13.515,24.314,OFF,OFF,OFF,OFF,OFF,OFF,OFF,Avail,Incmpl,Incmpl,Enable,Avail,417,207.600,417,207.600,ON,Avail,Compl,Enable,78,0,0,0,0,0,0,6,A,0,0,Avail,Incmpl,Incmpl,Enable,OFF,OFF,727,721.750,51199.219,51199.219,51199.219,51199.219,51199.219,51199.219,1GRFE ,33.333,Avail,Incmpl,Incmpl,Enable,7.996,OFF,OFF,OFF,OFF,ON,ON,Avail,Compl,Enable,Compl,CL,CL,Compl,Unable,Not Avl,Compl,Compl,Enable,OFF,80,15,72,ON,42.500,21.250,0.103,2355,15,21,-3,OFF,1.562,5.469,3.780,OFF,0,0,83,Avail,Compl,Enable,0,GRN2#  ,ON,0,ACTIVE,ACTIVE,0.962,0.942,0.640,0.505,101.156,88.188,Avail,Compl,Avail,Incmpl,Incmpl,Enable,OBD II (California ARB),OFF,OFF,29.279,0.024,0,1st,OFF,OFF,OFF,OFF,OFF,OFF,2.344,0.781,ON,OFF,650,0,OFF,OFF,OFF,ON,Gasoline,0.969,OFF,OFF,0.684,ON,0.391,14.902,7,0,0.742,0.742,2.305,0.742,0.918,2.031,46.275,0,14.902,31,0.031,0.070,OFF,ECT 5th,NA,OFF,97.834,97.856,13.333,0,Not Avl,0,0,0,0,ON,ON,0,0,1
131,0,13.790,Not Avl,Compl,Compl,Unable,OFF,Not Avl,Compl,Compl,Unable,OFF,60.938,58.594,34.375,35,19.531,39.551,15.686,31.765,0.781,1.582,ON,0,OFF,ON,ON,1.001,0.998,0.039,0.020,3.342,3.337,0,97,51199.219,13.515,24.314,OFF,OFF,OFF,OFF,OFF,OFF,OFF,Avail,Incmpl,Incmpl,Enable,Avail,417,207.600,417,207.600,ON,Avail,Compl,Enable,78,0,0,0,0,0,0,6,A,0,0,Avail,Incmpl,Incmpl,Enable,OFF,OFF,727,721.750,51199.219,51199.219,51199.219,51199.219,51199.219,51199.219,1GRFE ,33.333,Avail,Incmpl,Incmpl,Enable,7.996,OFF,OFF,OFF,OFF,ON,ON,Avail,Compl,Enable,Compl,CL,CL,Compl,Unable,Not Avl,Compl,Compl,Enable,OFF,80,15,72,ON,42.500,21.250,0.103,2355,15,21,-3,OFF,1.562,5.469,3.780,OFF,0,0,83,Avail,Compl,Enable,0,GRN2#  ,ON,0,ACTIVE,ACTIVE,0.962,0.942,0.640,0.505,101.156,88.188,Avail,Compl,Avail,Incmpl,Incmpl,Enable,OBD II (California ARB),OFF,OFF,29.279,0.024,0,1st,OFF,OFF,OFF,OFF,OFF,OFF,2.344,0.781,ON,OFF,650,0,OFF,OFF,OFF,ON,Gasoline,0.969,OFF,OFF,0.684,ON,0.391,14.902,7,0,0.742,0.742,2.305,0.742,0.918,2.031,46.275,0,14.902,31,0.031,0.070,OFF,ECT 5th,NA,OFF,97.834,97.856,13.333,0,Not Avl,0,0,0,0,ON,ON,0,0,1
132,0,13.790,Not Avl,Compl,Compl,Unable,OFF,Not Avl,Compl,Compl,Unable,OFF,60.938,58.594,34.375,35,19.531,39.551,15.686,31.765,0.781,1.582,ON,0,OFF,ON,ON,1.001,0.998,0.039,0.020,3.342,3.337,0,97,51199.219,13.515,24.314,OFF,OFF,OFF,OFF,OFF,OFF,OFF,Avail,Incmpl,Incmpl,Enable,Avail,417,207.600,417,207.600,ON,Avail,Compl,Enable,78,0,0,0,0,0,0,6,A,0,0,Avail,Incmpl,Incmpl,Enable,OFF,OFF,727,721.750,51199.219,51199.219,51199.219,51199.219,51199.219,51199.219,1GRFE ,33.333,Avail,Incmpl,Incmpl,Enable,7.996,OFF,OFF,OFF,OFF,ON,ON,Avail,Compl,Enable,Compl,CL,CL,Compl,Unable,Not Avl,Compl,Compl,Enable,OFF,80,15,72,ON,42.500,21.250,0.103,2355,15,21,-3,OFF,1.562,5.469,3.780,OFF,0,0,83,Avail,Compl,Enable,0,GRN2#  ,ON,0,ACTIVE,ACTIVE,0.962,0.942,0.640,0.505,101.156,88.188,Avail,Compl,Avail,Incmpl,Incmpl,Enable,OBD II (California ARB),OFF,OFF,29.279,0.024,0,1st,OFF,OFF,OFF,OFF,OFF,OFF,2.344,0.781,ON,OFF,650,0,OFF,OFF,OFF,ON,Gasoline,0.969,OFF,OFF,0.684,ON,0.391,14.902,7,0,0.742,0.742,2.305,0.742,0.918,2.031,46.275,0,14.902,31,0.031,0.070,OFF,ECT 5th,NA,OFF,97.834,97.856,13.333,0,Not Avl,0,0,0,0,ON,ON,0,0,1
133,0,13.790,Not Avl,Compl,Compl,Unable,OFF,Not Avl,Compl,Compl,Unable,OFF,60.938,58.594,34.375,35,19.531,39.551,15.686,31.765,0.781,1.582,ON,0,OFF,ON,ON,1.001,0.998,0.039,0.020,3.342,3.337,0,97,51199.219,13.515,24.314,OFF,OFF,OFF,OFF,OFF,OFF,OFF,Avail,Incmpl,Incmpl,Enable,Avail,417,207.600,417,207.600,ON,Avail,Compl,Enable,78,0,0,0,0,0,0,6,A,0,0,Avail,Incmpl,Incmpl,Enable,OFF,OFF,727,721.750,51199.219,51199.219,51199.219,51199.219,51199.219,51199.219,1GRFE ,33.333,Avail,Incmpl,Incmpl,Enable,7.996,OFF,OFF,OFF,OFF,ON,ON,Avail,Compl,Enable,Compl,CL,CL,Compl,Unable,Not Avl,Compl,Compl,Enable,OFF,80,15,72,ON,42.500,21.250,0.103,2355,15,21,-3,OFF,1.562,5.469,3.780,OFF,0,0,83,Avail,Compl,Enable,0,GRN2#  ,ON,0,ACTIVE,ACTIVE,0.962,0.942,0.640,0.505,101.156,88.188,Avail,Compl,Avail,Incmpl,Incmpl,Enable,OBD II (California ARB),OFF,OFF,29.279,0.024,0,1st,OFF,OFF,OFF,OFF,OFF,OFF,2.344,0.781,ON,OFF,650,0,OFF,OFF,OFF,ON,Gasoline,0.969,OFF,OFF,0.684,ON,0.391,14.902,7,0,0.742,0.742,2.305,0.742,0.918,2.031,46.275,0,14.902,31,0.031,0.070,OFF,ECT 5th,NA,OFF,97.834,97.856,13.333,0,Not Avl,0,0,0,0,ON,ON,0,0,1
134,0,13.790,Not Avl,Compl,Compl,Unable,OFF,Not Avl,Compl,Compl,Unable,OFF,60.938,58.594,34.375,35,19.531,39.551,15.686,31.765,0.781,1.582,ON,0,OFF,ON,ON,1.001,0.998,0.039,0.020,3.342,3.337,0,97,51199.219,13.515,24.314,OFF,OFF,OFF,OFF,OFF,OFF,OFF,Avail,Incmpl,Incmpl,Enable,Avail,417,207.600,417,207.600,ON,Avail,Compl,Enable,78,0,0,0,0,0,0,6,A,0,0,Avail,Incmpl,Incmpl,Enable,OFF,OFF,727,721.750,51199.219,51199.219,51199.219,51199.219,51199.219,51199.219,1GRFE ,33.333,Avail,Incmpl,Incmpl,Enable,7.996,OFF,OFF,OFF,OFF,ON,ON,Avail,Compl,Enable,Compl,CL,CL,Compl,Unable,Not Avl,Compl,Compl,Enable,OFF,80,15,72,ON,42.500,21.250,0.103,2355,15,21,-3,OFF,1.562,5.469,3.780,OFF,0,0,83,Avail,Compl,Enable,0,GRN2#  ,ON,0,ACTIVE,ACTIVE,0.962,0.942,0.640,0.505,101.156,88.188,Avail,Compl,Avail,Incmpl,Incmpl,Enable,OBD II (California ARB),OFF,OFF,29.279,0.024,0,1st,OFF,OFF,OFF,OFF,OFF,OFF,2.344,0.781,ON,OFF,650,0,OFF,OFF,OFF,ON,Gasoline,0.969,OFF,OFF,0.684,ON,0.391,14.902,7,0,0.742,0.742,2.305,0.742,0.918,2.031,46.275,0,14.902,31,0.031,0.070,OFF,ECT 5th,NA,OFF,97.834,97.856,13.333,0,Not Avl,0,0,0,0,ON,ON,0,0,1
135,0,13.790,Not Avl,Compl,Compl,Unable,OFF,Not Avl,Compl,Compl,Unable,OFF,60.938,58.594,34.375,35,19.531,39.551,15.686,31.765,0.781,1.582,ON,0,OFF,ON,ON,1.001,0.998,0.039,0.020,3.342,3.337,0,97,51199.219,13.515,24.314,OFF,OFF,OFF,OFF,OFF,OFF,OFF,Avail,Incmpl,Incmpl,Enable,Avail,417,207.600,417,207.600,ON,Avail,Compl,Enable,78,0,0,0,0,0,0,6,A,0,0,Avail,Incmpl,Incmpl,Enable,OFF,OFF,727,721.750,51199.219,51199.219,51199.219,51199.219,51199.219,51199.219,1GRFE ,33.333,Avail,Incmpl,Incmpl,Enable,7.996,OFF,OFF,OFF,OFF,ON,ON,Avail,Compl,Enable,Compl,CL,CL,Compl,Unable,Not Avl,Compl,Compl,Enable,OFF,80,15,72,ON,42.500,21.250,0.103,2355,15,21,-3,OFF,1.562,5.469,3.780,OFF,0,0,83,Avail,Compl,Enable,0,GRN2#  ,ON,0,ACTIVE,ACTIVE,0.962,0.942,0.640,0.505,101.156,88.188,Avail,Compl,Avail,Incmpl,Incmpl,Enable,OBD II (California ARB),OFF,OFF,29.279,0.024,0,1st,OFF,OFF,OFF,OFF,OFF,OFF,2.344,0.781,ON,OFF,650,0,OFF,OFF,OFF,ON,Gasoline,0.969,OFF,OFF,0.684,ON,0.391,14.902,7,0,0.742,0.742,2.305,0.742,0.918,2.031,46.275,0,14.902,31,0.031,0.070,OFF,ECT 5th,NA,OFF,97.834,97.856,13.333,0,Not Avl,0,0,0,0,ON,ON,0,0,1
136,0,13.790,Not Avl,Compl,Compl,Unable,OFF,Not Avl,Compl,Compl,Unable,OFF,60.938,58.594,34.375,35,19.531,39.551,15.686,31.765,0.781,1.582,ON,0,OFF,ON,ON,1.001,0.998,0.039,0.020,3.342,3.337,0,97,51199.219,13.515,24.314,OFF,OFF,OFF,OFF,OFF,OFF,OFF,Avail,Incmpl,Incmpl,Enable,Avail,417,207.600,417,207.600,ON,Avail,Compl,Enable,78,0,0,0,0,0,0,6,A,0,0,Avail,Incmpl,Incmpl,Enable,OFF,OFF,727,721.750,51199.219,51199.219,51199.219,51199.219,51199.219,51199.219,1GRFE ,33.333,Avail,Incmpl,Incmpl,Enable,7.996,OFF,OFF,OFF,OFF,ON,ON,Avail,Compl,Enable,Compl,CL,CL,Compl,Unable,Not Avl,Compl,Compl,Enable,OFF,80,15,72,ON,42.500,21.250,0.103,2355,15,21,-3,OFF,1.562,5.469,3.780,OFF,0,0,83,Avail,Compl,Enable,0,GRN2#  ,ON,0,ACTIVE,ACTIVE,0.962,0.942,0.640,0.505,101.156,88.188,Avail,Compl,Avail,Incmpl,Incmpl,Enable,OBD II (California ARB),OFF,OFF,29.279,0.024,0,1st,OFF,OFF,OFF,OFF,OFF,OFF,2.344,0.781,ON,OFF,650,0,OFF,OFF,OFF,ON,Gasoline,0.969,OFF,OFF,0.684,ON,0.391,14.902,7,0,0.742,0.742,2.305,0.742,0.918,2.031,46.275,0,14.902,31,0.031,0.070,OFF,ECT 5th,NA,OFF,97.834,97.856,13.333,0,Not Avl,0,0,0,0,ON,ON,0,0,1
137,0,13.790,Not Avl,Compl,Compl,Unable,OFF,Not Avl,Compl,Compl,Unable,OFF,60.938,58.594,34.375,35,19.531,39.551,15.686,31.765,0.781,1.582,ON,0,OFF,ON,ON,1.001,0.998,0.039,0.020,3.342,3.337,0,97,51199.219,13.515,24.314,OFF,OFF,OFF,OFF,OFF,OFF,OFF,Avail,Incmpl,Incmpl,Enable,Avail,417,207.600,417,207.600,ON,Avail,Compl,Enable,78,0,0,0,0,0,0,6,A,0,0,Avail,Incmpl,Incmpl,Enable,OFF,OFF,727,721.750,51199.219,51199.219,51199.219,51199.219,51199.219,51199.219,1GRFE ,33.333,Avail,Incmpl,Incmpl,Enable,7.996,OFF,OFF,OFF,OFF,ON,ON,Avail,Compl,Enable,Compl,CL,CL,Compl,Unable,Not Avl,Compl,Compl,Enable,OFF,80,15,72,ON,42.500,21.250,0.103,2355,15,21,-3,OFF,1.562,5.469,3.780,OFF,0,0,83,Avail,Compl,Enable,0,GRN2#  ,ON,0,ACTIVE,ACTIVE,0.962,0.942,0.640,0.505,101.156,88.188,Avail,Compl,Avail,Incmpl,Incmpl,Enable,OBD II (California ARB),OFF,OFF,29.279,0.024,0,1st,OFF,OFF,OFF,OFF,OFF,OFF,2.344,0.781,ON,OFF,650,0,OFF,OFF,OFF,ON,Gasoline,0.969,OFF,OFF,0.684,ON,0.391,14.902,7,0,0.742,0.742,2.305,0.742,0.918,2.031,46.275,0,14.902,31,0.031,0.070,OFF,ECT 5th,NA,OFF,97.834,97.856,13.333,0,Not Avl,0,0,0,0,ON,ON,0,0,1
138,0,13.790,Not Avl,Compl,Compl,Unable,OFF,Not Avl,Compl,Compl,Unable,OFF,60.938,58.594,34.375,35,19.531,39.551,15.686,31.765,0.781,1.582,ON,0,OFF,ON,ON,1.001,0.998,0.039,0.020,3.342,3.337,0,97,51199.219,13.515,24.314,OFF,OFF,OFF,OFF,OFF,OFF,OFF,Avail,Incmpl,Incmpl,Enable,Avail,417,207.600,417,207.600,ON,Avail,Compl,Enable,78,0,0,0,0,0,0,6,A,0,0,Avail,Incmpl,Incmpl,Enable,OFF,OFF,727,721.750,51199.219,51199.219,51199.219,51199.219,51199.219,51199.219,1GRFE ,33.333,Avail,Incmpl,Incmpl,Enable,7.996,OFF,OFF,OFF,OFF,ON,ON,Avail,Compl,Enable,Compl,CL,CL,Compl,Unable,Not Avl,Compl,Compl,Enable,OFF,80,15,72,ON,42.500,21.250,0.103,2355,15,21,-3,OFF,1.562,5.469,3.780,OFF,0,0,83,Avail,Compl,Enable,0,GRN2#  ,ON,0,ACTIVE,ACTIVE,0.962,0.942,0.640,0.505,101.156,88.188,Avail,Compl,Avail,Incmpl,Incmpl,Enable,OBD II (California ARB),OFF,OFF,29.279,0.024,0,1st,OFF,OFF,OFF,OFF,OFF,OFF,2.344,0.781,ON,OFF,650,0,OFF,OFF,OFF,ON,Gasoline,0.969,OFF,OFF,0.684,ON,0.391,14.902,7,0,0.742,0.742,2.305,0.742,0.918,2.031,46.275,0,14.902,31,0.031,0.070,OFF,ECT 5th,NA,OFF,97.834,97.856,13.333,0,Not Avl,0,0,0,0,ON,ON,0,0,1
139,0,13.790,Not Avl,Compl,Compl,Unable,OFF,Not Avl,Compl,Compl,Unable,OFF,60.938,58.594,34.375,35,19.531,39.551,15.686,31.765,0.781,1.582,ON,0,OFF,ON,ON,1.001,0.998,0.039,0.020,3.342,3.337,0,97,51199.219,13.515,24.314,OFF,OFF,OFF,OFF,OFF,OFF,OFF,Avail,Incmpl,Incmpl,Enable,Avail,417,207.600,417,207.600,ON,Avail,Compl,Enable,78,0,0,0,0,0,0,6,A,0,0,Avail,Incmpl,Incmpl,Enable,OFF,OFF,727,721.750,51199.219,51199.219,51199.219,51199.219,51199.219,51199.219,1GRFE ,33.333,Avail,Incmpl,Incmpl,Enable,7.996,OFF,OFF,OFF,OFF,ON,ON,Avail,Compl,Enable,Compl,CL,CL,Compl,Unable,Not Avl,Compl,Compl,Enable,OFF,80,15,72,ON,42.500,21.250,0.103,2355,15,21,-3,OFF,1.562,5.469,3.780,OFF,0,0,83,Avail,Compl,Enable,0,GRN2#  ,ON,0,ACTIVE,ACTIVE,0.962,0.942,0.640,0.505,101.156,88.188,Avail,Compl,Avail,Incmpl,Incmpl,Enable,OBD II (California ARB),OFF,OFF,29.279,0.024,0,1st,OFF,OFF,OFF,OFF,OFF,OFF,2.344,0.781,ON,OFF,650,0,OFF,OFF,OFF,ON,Gasoline,0.969,OFF,OFF,0.684,ON,0.391,14.902,7,0,0.742,0.742,2.305,0.742,0.918,2.031,46.275,0,14.902,31,0.031,0.070,OFF,ECT 5th,NA,OFF,97.834,97.856,13.333,0,Not Avl,0,0,0,0,ON,ON,0,0,1
140,0,13.790,Not Avl,Compl,Compl,Unable,OFF,Not Avl,Compl,Compl,Unable,OFF,60.938,58.594,34.375,35,19.531,39.551,15.686,31.765,0.781,1.582,ON,0,OFF,ON,ON,1.001,0.998,0.039,0.020,3.342,3.337,0,97,51199.219,13.515,24.314,OFF,OFF,OFF,OFF,OFF,OFF,OFF,Avail,Incmpl,Incmpl,Enable,Avail,417,207.600,417,207.600,ON,Avail,Compl,Enable,78,0,0,0,0,0,0,6,A,0,0,Avail,Incmpl,Incmpl,Enable,OFF,OFF,727,721.750,51199.219,51199.219,51199.219,51199.219,51199.219,51199.219,1GRFE ,33.333,Avail,Incmpl,Incmpl,Enable,7.996,OFF,OFF,OFF,OFF,ON,ON,Avail,Compl,Enable,Compl,CL,CL,Compl,Unable,Not Avl,Compl,Compl,Enable,OFF,80,15,72,ON,42.500,21.250,0.103,2355,15,21,-3,OFF,1.562,5.469,3.780,OFF,0,0,83,Avail,Compl,Enable,0,GRN2#  ,ON,0,ACTIVE,ACTIVE,0.962,0.942,0.640,0.505,101.156,88.188,Avail,Compl,Avail,Incmpl,Incmpl,Enable,OBD II (California ARB),OFF,OFF,29.150,0.024,0,1st,OFF,OFF,OFF,OFF,OFF,OFF,2.344,0.781,ON,OFF,650,0,OFF,OFF,OFF,ON,Gasoline,0.969,OFF,OFF,0.684,ON,0.391,14.902,7,0,0.742,0.742,2.305,0.742,0.918,2.031,46.275,0,14.902,31,0.031,0.070,OFF,ECT 5th,NA,OFF,97.834,97.856,13.333,0,Not Avl,0,0,0,0,ON,ON,0,0,1
141,0,13.790,Not Avl,Compl,Compl,Unable,OFF,Not Avl,Compl,Compl,Unable,OFF,60.938,58.594,34.375,35,19.531,39.551,15.686,31.765,0.781,1.582,ON,0,OFF,ON,ON,1.001,0.998,0.039,0.020,3.342,3.337,0,97,51199.219,13.515,24.314,OFF,OFF,OFF,OFF,OFF,OFF,OFF,Avail,Incmpl,Incmpl,Enable,Avail,417,207.600,417,207.600,ON,Avail,Compl,Enable,78,0,0,0,0,0,0,6,A,0,0,Avail,Incmpl,Incmpl,Enable,OFF,OFF,727,721.750,51199.219,51199.219,51199.219,51199.219,51199.219,51199.219,1GRFE ,33.333,Avail,Incmpl,Incmpl,Enable,7.996,OFF,OFF,OFF,OFF,ON,ON,Avail,Compl,Enable,Compl,CL,CL,Compl,Unable,Not Avl,Compl,Compl,Enable,OFF,80,15,72,ON,42.500,21.250,0.103,2355,15,21,-3,OFF,1.562,5.469,3.780,OFF,0,0,83,Avail,Compl,Enable,0,GRN2#  ,ON,0,ACTIVE,ACTIVE,0.962,0.942,0.640,0.505,101.156,88.188,Avail,Compl,Avail,Incmpl,Incmpl,Enable,OBD II (California ARB),OFF,OFF,29.150,0.061,0,1st,OFF,OFF,OFF,OFF,OFF,OFF,2.344,0.781,ON,OFF,650,0,OFF,OFF,OFF,ON,Gasoline,0.969,OFF,OFF,0.684,ON,0.391,14.902,7,0,0.742,0.742,2.305,0.742,0.918,2.031,46.275,0,14.902,31,0.031,0.070,OFF,ECT 5th,NA,OFF,97.834,97.856,13.333,0,Not Avl,0,0,0,0,ON,ON,0,0,1
142,0,13.790,Not Avl,Compl,Compl,Unable,OFF,Not Avl,Compl,Compl,Unable,OFF,60.938,58.594,34.375,35,19.531,39.551,15.686,31.765,0.781,1.582,ON,0,OFF,ON,ON,1.001,0.998,0.039,0.020,3.342,3.337,0,97,51199.219,13.515,24.314,OFF,OFF,OFF,OFF,OFF,OFF,OFF,Avail,Incmpl,Incmpl,Enable,Avail,417,207.600,417,207.600,ON,Avail,Compl,Enable,78,0,0,0,0,0,0,6,A,0,0,Avail,Incmpl,Incmpl,Enable,OFF,OFF,727,721.750,51199.219,51199.219,51199.219,51199.219,51199.219,51199.219,1GRFE ,33.333,Avail,Incmpl,Incmpl,Enable,7.996,OFF,OFF,OFF,OFF,ON,ON,Avail,Compl,Enable,Compl,CL,CL,Compl,Unable,Not Avl,Compl,Compl,Enable,OFF,80,15,72,ON,42.500,21.250,0.103,2355,15,21,-3,OFF,1.562,5.469,3.780,OFF,0,0,83,Avail,Compl,Enable,0,GRN2#  ,ON,0,ACTIVE,ACTIVE,0.962,0.942,0.640,0.505,101.156,88.188,Avail,Compl,Avail,Incmpl,Incmpl,Enable,OBD II (California ARB),OFF,OFF,29.150,0.061,0,1st,OFF,OFF,OFF,OFF,OFF,OFF,2.344,0.781,ON,OFF,650,0,OFF,OFF,OFF,ON,Gasoline,0.969,OFF,OFF,0.684,ON,0.391,14.902,7,0,0.742,0.742,2.305,0.742,0.918,2.031,46.275,0,14.902,31,0.031,0.070,OFF,ECT 5th,NA,OFF,97.834,97.856,13.333,0,Not Avl,0,0,0,0,ON,ON,0,0,1
143,0,13.790,Not Avl,Compl,Compl,Unable,OFF,Not Avl,Compl,Compl,Unable,OFF,60.938,58.594,34.375,35,19.531,39.551,15.686,31.765,0.781,1.582,ON,0,OFF,ON,ON,1.001,0.998,0.039,0.020,3.342,3.337,0,97,51199.219,13.515,24.314,OFF,OFF,OFF,OFF,OFF,OFF,OFF,Avail,Incmpl,Incmpl,Enable,Avail,417,207.600,417,207.600,ON,Avail,Compl,Enable,78,0,0,0,0,0,0,6,A,0,0,Avail,Incmpl,Incmpl,Enable,OFF,OFF,727,721.750,51199.219,51199.219,51199.219,51199.219,51199.219,51199.219,1GRFE ,33.333,Avail,Incmpl,Incmpl,Enable,7.996,OFF,OFF,OFF,OFF,ON,ON,Avail,Compl,Enable,Compl,CL,CL,Compl,Unable,Not Avl,Compl,Compl,Enable,OFF,80,15,72,ON,42.500,21.250,0.103,2355,15,21,-3,OFF,1.562,5.469,3.780,OFF,0,0,83,Avail,Compl,Enable,0,GRN2#  ,ON,0,ACTIVE,ACTIVE,0.962,0.942,0.640,0.505,101.156,88.188,Avail,Compl,Avail,Incmpl,Incmpl,Enable,OBD II (California ARB),OFF,OFF,29.150,0.061,0,1st,OFF,OFF,OFF,OFF,OFF,OFF,2.344,0.781,ON,OFF,650,0,OFF,OFF,OFF,ON,Gasoline,0.969,OFF,OFF,0.684,ON,0.391,14.902,7,0,0.742,0.742,2.305,0.742,0.918,2.031,46.275,0,14.902,31,0.031,0.070,OFF,ECT 5th,NA,OFF,97.834,97.856,13.333,0,Not Avl,0,0,0,0,ON,ON,0,0,1
144,0,13.790,Not Avl,Compl,Compl,Unable,OFF,Not Avl,Compl,Compl,Unable,OFF,60.938,58.594,34.375,35,19.531,39.551,15.686,31.765,0.781,1.582,ON,0,OFF,ON,ON,1.001,0.998,0.039,0.020,3.342,3.337,0,97,51199.219,13.515,24.314,OFF,OFF,OFF,OFF,OFF,OFF,OFF,Avail,Incmpl,Incmpl,Enable,Avail,417,207.600,417,207.600,ON,Avail,Compl,Enable,78,0,0,0,0,0,0,6,A,0,0,Avail,Incmpl,Incmpl,Enable,OFF,OFF,727,721.750,51199.219,51199.219,51199.219,51199.219,51199.219,51199.219,1GRFE ,33.333,Avail,Incmpl,Incmpl,Enable,7.996,OFF,OFF,OFF,OFF,ON,ON,Avail,Compl,Enable,Compl,CL,CL,Compl,Unable,Not Avl,Compl,Compl,Enable,OFF,80,15,72,ON,42.500,21.250,0.103,2355,15,21,-3,OFF,1.562,5.469,3.780,OFF,0,0,83,Avail,Compl,Enable,0,GRN2#  ,ON,0,ACTIVE,ACTIVE,0.962,0.942,0.640,0.505,101.156,88.188,Avail,Compl,Avail,Incmpl,Incmpl,Enable,OBD II (California ARB),OFF,OFF,29.150,0.061,0,1st,OFF,OFF,OFF,OFF,OFF,OFF,2.344,0.781,ON,OFF,650,0,OFF,OFF,OFF,ON,Gasoline,0.969,OFF,OFF,0.684,ON,0.391,14.902,7,0,0.742,0.742,2.305,0.742,0.918,2.031,46.275,0,14.902,31,0.031,0.070,OFF,ECT 5th,NA,OFF,97.834,97.856,13.333,0,Not Avl,0,0,0,0,ON,ON,0,0,1
145,0,13.790,Not Avl,Compl,Compl,Unable,OFF,Not Avl,Compl,Compl,Unable,OFF,60.938,58.594,34.375,35,19.531,39.551,15.686,31.765,0.781,1.582,ON,0,OFF,ON,ON,1.001,0.998,0.039,0.020,3.342,3.337,0,97,51199.219,13.515,24.314,OFF,OFF,OFF,OFF,OFF,OFF,OFF,Avail,Incmpl,Incmpl,Enable,Avail,417,207.600,417,207.600,ON,Avail,Compl,Enable,78,0,0,0,0,0,0,6,A,0,0,Avail,Incmpl,Incmpl,Enable,OFF,OFF,727,721.750,51199.219,51199.219,51199.219,51199.219,51199.219,51199.219,1GRFE ,33.333,Avail,Incmpl,Incmpl,Enable,7.996,OFF,OFF,OFF,OFF,ON,ON,Avail,Compl,Enable,Compl,CL,CL,Compl,Unable,Not Avl,Compl,Compl,Enable,OFF,80,15,72,ON,42.500,21.250,0.103,2355,15,21,-3,OFF,1.562,5.469,3.780,OFF,0,0,83,Avail,Compl,Enable,0,GRN2#  ,ON,0,ACTIVE,ACTIVE,0.962,0.942,0.640,0.505,101.156,88.188,Avail,Compl,Avail,Incmpl,Incmpl,Enable,OBD II (California ARB),OFF,OFF,29.150,0.061,0,1st,OFF,OFF,OFF,OFF,OFF,OFF,2.344,0.781,ON,OFF,650,0,OFF,OFF,OFF,ON,Gasoline,0.969,OFF,OFF,0.684,ON,0.391,14.902,7,0,0.742,0.742,2.305,0.742,0.918,2.031,46.275,0,14.902,31,0.031,0.070,OFF,ECT 5th,NA,OFF,97.834,97.856,13.333,0,Not Avl,0,0,0,0,ON,ON,0,0,1
146,0,13.790,Not Avl,Compl,Compl,Unable,OFF,Not Avl,Compl,Compl,Unable,OFF,60.938,58.594,34.375,35,19.531,39.551,15.686,31.765,0.781,1.582,ON,0,OFF,ON,ON,1.001,0.998,0.039,0.020,3.342,3.337,0,97,51199.219,13.515,24.314,OFF,OFF,OFF,OFF,OFF,OFF,OFF,Avail,Incmpl,Incmpl,Enable,Avail,417,207.600,417,207.600,ON,Avail,Compl,Enable,78,0,0,0,0,0,0,6,A,0,0,Avail,Incmpl,Incmpl,Enable,OFF,OFF,727,721.750,51199.219,51199.219,51199.219,51199.219,51199.219,51199.219,1GRFE ,33.333,Avail,Incmpl,Incmpl,Enable,7.996,OFF,OFF,OFF,OFF,ON,ON,Avail,Compl,Enable,Compl,CL,CL,Compl,Unable,Not Avl,Compl,Compl,Enable,OFF,80,15,72,ON,42.500,21.250,0.103,2355,15,21,-3,OFF,1.562,5.469,3.780,OFF,0,0,83,Avail,Compl,Enable,0,GRN2#  ,ON,0,ACTIVE,ACTIVE,0.962,0.942,0.640,0.505,101.156,88.188,Avail,Compl,Avail,Incmpl,Incmpl,Enable,OBD II (California ARB),OFF,OFF,29.150,0.061,0,1st,OFF,OFF,OFF,OFF,OFF,OFF,2.344,0.781,ON,OFF,650,0,OFF,OFF,OFF,ON,Gasoline,0.969,OFF,OFF,0.684,ON,0.391,14.902,7,0,0.742,0.742,2.305,0.742,0.918,2.031,46.275,0,14.902,31,0.031,0.070,OFF,ECT 5th,NA,OFF,97.834,97.856,13.333,0,Not Avl,0,0,0,0,ON,ON,0,0,1
147,0,13.790,Not Avl,Compl,Compl,Unable,OFF,Not Avl,Compl,Compl,Unable,OFF,60.938,58.594,34.375,35,19.531,39.551,15.686,31.765,0.781,1.582,ON,0,OFF,ON,ON,1.001,0.998,0.039,0.020,3.342,3.337,0,97,51199.219,13.515,24.314,OFF,OFF,OFF,OFF,OFF,OFF,OFF,Avail,Incmpl,Incmpl,Enable,Avail,417,207.600,417,207.600,ON,Avail,Compl,Enable,78,0,0,0,0,0,0,6,A,0,0,Avail,Incmpl,Incmpl,Enable,OFF,OFF,727,721.750,51199.219,51199.219,51199.219,51199.219,51199.219,51199.219,1GRFE ,33.333,Avail,Incmpl,Incmpl,Enable,7.996,OFF,OFF,OFF,OFF,ON,ON,Avail,Compl,Enable,Compl,CL,CL,Compl,Unable,Not Avl,Compl,Compl,Enable,OFF,80,15,72,ON,42.500,21.250,0.103,2355,15,21,-3,OFF,1.562,5.469,3.780,OFF,0,0,83,Avail,Compl,Enable,0,GRN2#  ,ON,0,ACTIVE,ACTIVE,0.962,0.942,0.640,0.505,101.156,88.188,Avail,Compl,Avail,Incmpl,Incmpl,Enable,OBD II (California ARB),OFF,OFF,29.150,0.061,0,1st,OFF,OFF,OFF,OFF,OFF,OFF,2.344,0.781,ON,OFF,650,0,OFF,OFF,OFF,ON,Gasoline,0.969,OFF,OFF,0.684,ON,0.391,14.902,7,0,0.742,0.742,2.305,0.742,0.918,2.031,46.275,0,14.902,31,0.031,0.070,OFF,ECT 5th,NA,OFF,97.834,97.856,13.333,0,Not Avl,0,0,0,0,ON,ON,0,0,1
148,0,13.790,Not Avl,Compl,Compl,Unable,OFF,Not Avl,Compl,Compl,Unable,OFF,60.938,58.594,34.375,35,19.531,39.551,15.686,31.765,0.781,1.582,ON,0,OFF,ON,ON,1.001,0.998,0.039,0.020,3.342,3.337,0,97,51199.219,13.515,24.314,OFF,OFF,OFF,OFF,OFF,OFF,OFF,Avail,Incmpl,Incmpl,Enable,Avail,417,207.600,417,207.600,ON,Avail,Compl,Enable,78,0,0,0,0,0,0,6,A,0,0,Avail,Incmpl,Incmpl,Enable,OFF,OFF,727,721.750,51199.219,51199.219,51199.219,51199.219,51199.219,51199.219,1GRFE ,33.333,Avail,Incmpl,Incmpl,Enable,7.996,OFF,OFF,OFF,OFF,ON,ON,Avail,Compl,Enable,Compl,CL,CL,Compl,Unable,Not Avl,Compl,Compl,Enable,OFF,80,15,72,ON,42.500,21.250,0.103,2355,15,21,-3,OFF,1.562,5.469,3.780,OFF,0,0,83,Avail,Compl,Enable,0,GRN2#  ,ON,0,ACTIVE,ACTIVE,0.962,0.942,0.640,0.505,101.156,88.188,Avail,Compl,Avail,Incmpl,Incmpl,Enable,OBD II (California ARB),OFF,OFF,29.150,0.061,0,1st,OFF,OFF,OFF,OFF,OFF,OFF,2.344,0.781,ON,OFF,650,0,OFF,OFF,OFF,ON,Gasoline,0.969,OFF,OFF,0.684,ON,0.391,14.902,7,0,0.742,0.742,2.305,0.742,0.918,2.031,46.275,0,14.902,31,0.031,0.070,OFF,ECT 5th,NA,OFF,97.834,97.856,13.333,0,Not Avl,0,0,0,0,ON,ON,0,0,1
149,0,13.790,Not Avl,Compl,Compl,Unable,OFF,Not Avl,Compl,Compl,Unable,OFF,60.938,58.594,34.375,35,19.531,39.551,15.686,31.765,0.781,1.582,ON,0,OFF,ON,ON,1.001,0.998,0.039,0.020,3.342,3.337,0,97,51199.219,13.515,24.314,OFF,OFF,OFF,OFF,OFF,OFF,OFF,Avail,Incmpl,Incmpl,Enable,Avail,417,207.600,417,207.600,ON,Avail,Compl,Enable,78,0,0,0,0,0,0,6,A,0,0,Avail,Incmpl,Incmpl,Enable,OFF,OFF,727,721.750,51199.219,51199.219,51199.219,51199.219,51199.219,51199.219,1GRFE ,33.333,Avail,Incmpl,Incmpl,Enable,7.996,OFF,OFF,OFF,OFF,ON,ON,Avail,Compl,Enable,Compl,CL,CL,Compl,Unable,Not Avl,Compl,Compl,Enable,OFF,80,15,72,ON,42.500,21.250,0.103,2355,15,21,-3,OFF,1.562,5.469,3.780,OFF,0,0,83,Avail,Compl,Enable,0,GRN2#  ,ON,0,ACTIVE,ACTIVE,0.962,0.942,0.640,0.505,101.156,88.188,Avail,Compl,Avail,Incmpl,Incmpl,Enable,OBD II (California ARB),OFF,OFF,29.150,0.061,0,1st,OFF,OFF,OFF,OFF,OFF,OFF,2.344,0.781,ON,OFF,650,0,OFF,OFF,OFF,ON,Gasoline,0.969,OFF,OFF,0.684,ON,0.391,14.902,7,0,0.742,0.742,2.305,0.742,0.918,2.031,46.275,0,14.902,31,0.031,0.070,OFF,ECT 5th,NA,OFF,97.834,97.856,13.333,0,Not Avl,0,0,0,0,ON,ON,0,0,1
150,0,13.790,Not Avl,Compl,Compl,Unable,OFF,Not Avl,Compl,Compl,Unable,OFF,60.938,58.594,34.375,35,19.531,39.551,15.686,31.765,0.781,1.582,ON,0,OFF,ON,ON,1.001,0.998,0.039,0.020,3.342,3.337,0,97,51199.219,13.515,24.314,OFF,OFF,OFF,OFF,OFF,OFF,OFF,Avail,Incmpl,Incmpl,Enable,Avail,417,207.600,417,207.600,ON,Avail,Compl,Enable,78,0,0,0,0,0,0,6,A,0,0,Avail,Incmpl,Incmpl,Enable,OFF,OFF,727,721.750,51199.219,51199.219,51199.219,51199.219,51199.219,51199.219,1GRFE ,33.333,Avail,Incmpl,Incmpl,Enable,7.996,OFF,OFF,OFF,OFF,ON,ON,Avail,Compl,Enable,Compl,CL,CL,Compl,Unable,Not Avl,Compl,Compl,Enable,OFF,80,15,72,ON,42.500,21.250,0.103,2355,15,21,-3,OFF,1.562,5.469,3.780,OFF,0,0,83,Avail,Compl,Enable,0,GRN2#  ,ON,0,ACTIVE,ACTIVE,0.962,0.942,0.640,0.505,101.156,88.188,Avail,Compl,Avail,Incmpl,Incmpl,Enable,OBD II (California ARB),OFF,OFF,29.150,0.061,0,1st,OFF,OFF,OFF,OFF,OFF,OFF,0,0.781,ON,OFF,650,0,OFF,OFF,OFF,ON,Gasoline,0.969,OFF,OFF,0.684,ON,0.391,14.902,7,0,0.742,0.742,2.305,0.742,0.918,2.031,46.275,0,14.902,31,0.031,0.070,OFF,ECT 5th,NA,OFF,97.834,97.856,13.333,0,Not Avl,0,0,0,0,ON,ON,0,0,1
151,0,13.790,Not Avl,Compl,Compl,Unable,OFF,Not Avl,Compl,Compl,Unable,OFF,60.938,58.594,34.375,35,19.531,39.551,15.686,31.765,0.781,1.582,ON,0,OFF,ON,ON,1.001,0.998,0.039,0.020,3.342,3.337,0,97,51199.219,13.515,24.314,OFF,OFF,OFF,OFF,OFF,OFF,OFF,Avail,Incmpl,Incmpl,Enable,Avail,417,207.600,417,207.600,ON,Avail,Compl,Enable,78,0,0,0,0,0,0,6,A,0,0,Avail,Incmpl,Incmpl,Enable,OFF,OFF,727,721.750,51199.219,51199.219,51199.219,51199.219,51199.219,51199.219,1GRFE ,33.333,Avail,Incmpl,Incmpl,Enable,7.996,OFF,OFF,OFF,OFF,ON,ON,Avail,Compl,Enable,Compl,CL,CL,Compl,Unable,Not Avl,Compl,Compl,Enable,OFF,80,15,72,ON,42.500,21.250,0.103,2355,15,21,-3,OFF,1.562,5.469,3.780,OFF,0,0,83,Avail,Compl,Enable,0,GRN2#  ,ON,0,ACTIVE,ACTIVE,0.962,0.942,0.640,0.505,101.156,88.188,Avail,Compl,Avail,Incmpl,Incmpl,Enable,OBD II (California ARB),OFF,OFF,29.150,0.061,0,1st,OFF,OFF,OFF,OFF,OFF,OFF,0,0.781,ON,OFF,650,0,OFF,OFF,OFF,ON,Gasoline,0.969,OFF,OFF,0.684,ON,0.391,14.902,7,0,0.742,0.742,2.305,0.742,0.918,2.031,46.275,0,14.902,31,0.031,0.070,OFF,ECT 5th,NA,OFF,97.834,97.856,13.333,0,Not Avl,0,0,0,0,ON,ON,0,0,1
152,0,13.790,Not Avl,Compl,Compl,Unable,OFF,Not Avl,Compl,Compl,Unable,OFF,60.938,58.594,34.375,35,19.531,39.551,15.686,31.765,0.781,1.582,ON,0,OFF,ON,ON,1.001,0.998,0.039,0.020,3.342,3.337,0,97,51199.219,13.515,24.314,OFF,OFF,OFF,OFF,OFF,OFF,OFF,Avail,Incmpl,Incmpl,Enable,Avail,417,207.600,417,207.600,ON,Avail,Compl,Enable,78,0,0,0,0,0,0,6,A,0,0,Avail,Incmpl,Incmpl,Enable,OFF,OFF,727,721.750,51199.219,51199.219,51199.219,51199.219,51199.219,51199.219,1GRFE ,33.333,Avail,Incmpl,Incmpl,Enable,7.996,OFF,OFF,OFF,OFF,ON,ON,Avail,Compl,Enable,Compl,CL,CL,Compl,Unable,Not Avl,Compl,Compl,Enable,OFF,80,15,72,ON,42.500,21.250,0.103,2355,15,21,-3,OFF,1.562,5.469,3.780,OFF,0,0,83,Avail,Compl,Enable,0,GRN2#  ,ON,0,ACTIVE,ACTIVE,0.962,0.942,0.640,0.505,101.156,88.188,Avail,Compl,Avail,Incmpl,Incmpl,Enable,OBD II (California ARB),OFF,OFF,29.150,0.061,0,1st,OFF,OFF,OFF,OFF,OFF,OFF,0,0.781,ON,OFF,650,0,OFF,OFF,OFF,ON,Gasoline,0.969,OFF,OFF,0.684,ON,0.391,14.902,7,0,0.742,0.742,2.305,0.742,0.918,2.031,46.275,0,14.902,31,0.031,0.070,OFF,ECT 5th,NA,OFF,97.834,97.856,13.333,0,Not Avl,0,0,0,0,ON,ON,0,0,1
153,0,13.790,Not Avl,Compl,Compl,Unable,OFF,Not Avl,Compl,Compl,Unable,OFF,60.938,58.594,34.375,35,19.531,39.551,15.686,31.765,0.781,1.582,ON,0,OFF,ON,ON,1.001,0.998,0.039,0.020,3.342,3.337,0,97,51199.219,13.515,24.314,OFF,OFF,OFF,OFF,OFF,OFF,OFF,Avail,Incmpl,Incmpl,Enable,Avail,417,207.600,417,207.600,ON,Avail,Compl,Enable,78,0,0,0,0,0,0,6,A,0,0,Avail,Incmpl,Incmpl,Enable,OFF,OFF,727,721.750,51199.219,51199.219,51199.219,51199.219,51199.219,51199.219,1GRFE ,33.333,Avail,Incmpl,Incmpl,Enable,7.996,OFF,OFF,OFF,OFF,ON,ON,Avail,Compl,Enable,Compl,CL,CL,Compl,Unable,Not Avl,Compl,Compl,Enable,OFF,80,15,72,ON,42.500,21.250,0.103,2355,15,21,-3,OFF,1.562,5.469,3.780,OFF,0,0,83,Avail,Compl,Enable,0,GRN2#  ,ON,0,ACTIVE,ACTIVE,0.962,0.942,0.640,0.505,101.156,88.188,Avail,Compl,Avail,Incmpl,Incmpl,Enable,OBD II (California ARB),OFF,OFF,29.150,0.061,0,1st,OFF,OFF,OFF,OFF,OFF,OFF,0,0.781,ON,OFF,650,0,OFF,OFF,OFF,ON,Gasoline,0.969,OFF,OFF,0.684,ON,0.391,14.902,7,0,0.742,0.742,2.305,0.742,0.918,2.031,46.275,0,14.902,31,0.031,0.070,OFF,ECT 5th,NA,OFF,97.834,97.856,13.333,0,Not Avl,0,0,0,0,ON,ON,0,0,1
154,0,13.790,Not Avl,Compl,Compl,Unable,OFF,Not Avl,Compl,Compl,Unable,OFF,60.938,58.594,34.375,35,19.531,39.551,15.686,31.765,0.781,1.582,ON,0,OFF,ON,ON,1.001,0.998,0.039,0.020,3.342,3.337,0,97,51199.219,13.515,24.314,OFF,OFF,OFF,OFF,OFF,OFF,OFF,Avail,Incmpl,Incmpl,Enable,Avail,417,207.600,417,207.600,ON,Avail,Compl,Enable,78,0,0,0,0,0,0,6,A,0,0,Avail,Incmpl,Incmpl,Enable,OFF,OFF,727,721.750,51199.219,51199.219,51199.219,51199.219,51199.219,51199.219,1GRFE ,33.333,Avail,Incmpl,Incmpl,Enable,7.996,OFF,OFF,OFF,OFF,ON,ON,Avail,Compl,Enable,Compl,CL,CL,Compl,Unable,Not Avl,Compl,Compl,Enable,OFF,80,15,72,ON,42.500,21.250,0.103,2355,15,21,-3,OFF,1.562,5.469,3.780,OFF,0,0,83,Avail,Compl,Enable,0,GRN2#  ,ON,0,ACTIVE,ACTIVE,0.962,0.942,0.640,0.505,101.156,88.188,Avail,Compl,Avail,Incmpl,Incmpl,Enable,OBD II (California ARB),OFF,OFF,29.150,0.061,0,1st,OFF,OFF,OFF,OFF,OFF,OFF,0,0.781,ON,OFF,650,0,OFF,OFF,OFF,ON,Gasoline,0.969,OFF,OFF,0.684,ON,0.391,14.902,7,0,0.742,0.742,2.305,0.742,0.918,2.031,46.275,0,14.902,31,0.031,0.070,OFF,ECT 5th,NA,OFF,97.834,97.856,13.333,0,Not Avl,0,0,0,0,ON,ON,0,0,1
155,0,13.790,Not Avl,Compl,Compl,Unable,OFF,Not Avl,Compl,Compl,Unable,OFF,60.938,58.594,34.375,35,19.531,39.551,15.686,31.765,0.781,1.582,ON,0,OFF,ON,ON,1.001,0.998,0.039,0.020,3.342,3.337,0,97,51199.219,13.515,24.314,OFF,OFF,OFF,OFF,OFF,OFF,OFF,Avail,Incmpl,Incmpl,Enable,Avail,417,207.600,417,207.600,ON,Avail,Compl,Enable,78,0,0,0,0,0,0,6,A,0,0,Avail,Incmpl,Incmpl,Enable,OFF,OFF,727,721.750,51199.219,51199.219,51199.219,51199.219,51199.219,51199.219,1GRFE ,33.333,Avail,Incmpl,Incmpl,Enable,7.996,OFF,OFF,OFF,OFF,ON,ON,Avail,Compl,Enable,Compl,CL,CL,Compl,Unable,Not Avl,Compl,Compl,Enable,OFF,80,15,72,ON,42.500,21.250,0.103,2355,15,21,-3,OFF,1.562,5.469,3.780,OFF,0,0,83,Avail,Compl,Enable,0,GRN2#  ,ON,0,ACTIVE,ACTIVE,0.962,0.942,0.640,0.505,101.156,88.188,Avail,Compl,Avail,Incmpl,Incmpl,Enable,OBD II (California ARB),OFF,OFF,29.150,0.061,0,1st,OFF,OFF,OFF,OFF,OFF,OFF,0,0.781,ON,OFF,650,0,OFF,OFF,OFF,ON,Gasoline,0.969,OFF,OFF,0.684,ON,0.391,14.902,7,0,0.742,0.742,2.305,0.742,0.918,2.031,46.275,0,14.902,31,0.031,0.070,OFF,ECT 5th,NA,OFF,97.834,97.856,13.333,0,Not Avl,0,0,0,0,ON,ON,0,0,1
156,0,13.790,Not Avl,Compl,Compl,Unable,OFF,Not Avl,Compl,Compl,Unable,OFF,60.938,58.594,34.375,35,19.531,39.551,15.686,31.765,0.781,1.582,ON,0,OFF,ON,ON,1.001,0.998,0.039,0.020,3.342,3.337,0,97,51199.219,13.515,24.314,OFF,OFF,OFF,OFF,OFF,OFF,OFF,Avail,Incmpl,Incmpl,Enable,Avail,417,207.600,417,207.600,ON,Avail,Compl,Enable,78,0,0,0,0,0,0,6,A,0,0,Avail,Incmpl,Incmpl,Enable,OFF,OFF,727,721.750,51199.219,51199.219,51199.219,51199.219,51199.219,51199.219,1GRFE ,33.333,Avail,Incmpl,Incmpl,Enable,7.996,OFF,OFF,OFF,OFF,ON,ON,Avail,Compl,Enable,Compl,CL,CL,Compl,Unable,Not Avl,Compl,Compl,Enable,OFF,80,15,72,ON,42.500,21.250,0.103,2355,15,21,-3,OFF,1.562,5.469,3.780,OFF,0,0,83,Avail,Compl,Enable,0,GRN2#  ,ON,0,ACTIVE,ACTIVE,0.962,0.942,0.640,0.505,101.156,88.188,Avail,Compl,Avail,Incmpl,Incmpl,Enable,OBD II (California ARB),OFF,OFF,29.150,0.061,0,1st,OFF,OFF,OFF,OFF,OFF,OFF,0,0.781,ON,OFF,650,0,OFF,OFF,OFF,ON,Gasoline,0.969,OFF,OFF,0.684,ON,0.391,14.902,7,0,0.742,0.742,2.305,0.742,0.918,2.031,46.275,0,14.902,31,0.031,0.070,OFF,ECT 5th,NA,OFF,97.834,97.856,13.333,0,Not Avl,0,0,0,0,ON,ON,0,0,1
157,0,13.790,Not Avl,Compl,Compl,Unable,OFF,Not Avl,Compl,Compl,Unable,OFF,60.938,58.594,34.375,35,19.531,39.551,15.686,31.765,0.781,1.582,ON,0,OFF,ON,ON,1.001,0.998,0.039,0.020,3.342,3.337,0,97,51199.219,13.515,24.314,OFF,OFF,OFF,OFF,OFF,OFF,OFF,Avail,Incmpl,Incmpl,Enable,Avail,417,207.600,417,207.600,ON,Avail,Compl,Enable,78,0,0,0,0,0,0,6,A,0,0,Avail,Incmpl,Incmpl,Enable,OFF,OFF,727,721.750,51199.219,51199.219,51199.219,51199.219,51199.219,51199.219,1GRFE ,33.333,Avail,Incmpl,Incmpl,Enable,7.996,OFF,OFF,OFF,OFF,ON,ON,Avail,Compl,Enable,Compl,CL,CL,Compl,Unable,Not Avl,Compl,Compl,Enable,OFF,80,15,72,ON,42.500,21.250,0.103,2355,15,21,-3,OFF,1.562,5.469,3.780,OFF,0,0,83,Avail,Compl,Enable,0,GRN2#  ,ON,0,ACTIVE,ACTIVE,0.962,0.942,0.640,0.505,101.156,88.188,Avail,Compl,Avail,Incmpl,Incmpl,Enable,OBD II (California ARB),OFF,OFF,29.150,0.061,0,1st,OFF,OFF,OFF,OFF,OFF,OFF,0,0.781,ON,OFF,650,0,OFF,OFF,OFF,ON,Gasoline,0.969,OFF,OFF,0.684,ON,0.391,14.902,7,0,0.742,0.742,2.305,0.742,0.918,2.031,46.275,0,14.902,31,0.031,0.070,OFF,ECT 5th,NA,OFF,97.834,97.856,13.333,0,Not Avl,0,0,0,0,ON,ON,0,0,1
158,0,13.790,Not Avl,Compl,Compl,Unable,OFF,Not Avl,Compl,Compl,Unable,OFF,60.938,58.594,34.375,35,19.531,39.551,15.686,31.765,0.781,1.582,ON,0,OFF,ON,ON,1.001,0.998,0.039,0.020,3.342,3.337,0,97,51199.219,13.515,24.314,OFF,OFF,OFF,OFF,OFF,OFF,OFF,Avail,Incmpl,Incmpl,Enable,Avail,417,207.600,417,207.600,ON,Avail,Compl,Enable,78,0,0,0,0,0,0,6,A,0,0,Avail,Incmpl,Incmpl,Enable,OFF,OFF,727,721.750,51199.219,51199.219,51199.219,51199.219,51199.219,51199.219,1GRFE ,33.333,Avail,Incmpl,Incmpl,Enable,7.996,OFF,OFF,OFF,OFF,ON,ON,Avail,Compl,Enable,Compl,CL,CL,Compl,Unable,Not Avl,Compl,Compl,Enable,OFF,80,15,72,ON,42.500,21.250,0.103,2355,15,21,-3,OFF,1.562,5.469,3.780,OFF,0,0,83,Avail,Compl,Enable,0,GRN2#  ,ON,0,ACTIVE,ACTIVE,0.962,0.942,0.640,0.505,101.156,88.188,Avail,Compl,Avail,Incmpl,Incmpl,Enable,OBD II (California ARB),OFF,OFF,29.150,0.061,0,1st,OFF,OFF,OFF,OFF,OFF,OFF,0,0.781,ON,OFF,650,0,OFF,OFF,OFF,ON,Gasoline,0.969,OFF,OFF,0.684,ON,0.391,14.902,7,0,0.742,0.742,2.305,0.742,0.918,2.031,46.275,0,14.902,31,0.031,0.070,OFF,ECT 5th,NA,OFF,97.834,97.856,13.333,0,Not Avl,0,0,0,0,ON,ON,0,0,1
159,0,13.790,Not Avl,Compl,Compl,Unable,OFF,Not Avl,Compl,Compl,Unable,OFF,60.938,58.594,34.375,35,19.531,39.551,15.686,31.765,0.781,1.582,ON,0,OFF,ON,ON,1.001,0.998,0.039,0.020,3.342,3.337,0,97,51199.219,13.515,24.314,OFF,OFF,OFF,OFF,OFF,OFF,OFF,Avail,Incmpl,Incmpl,Enable,Avail,417,207.600,417,207.600,ON,Avail,Compl,Enable,78,0,0,0,0,0,0,6,A,0,0,Avail,Incmpl,Incmpl,Enable,OFF,OFF,727,721.750,51199.219,51199.219,51199.219,51199.219,51199.219,51199.219,1GRFE ,33.333,Avail,Incmpl,Incmpl,Enable,7.996,OFF,OFF,OFF,OFF,ON,ON,Avail,Compl,Enable,Compl,CL,CL,Compl,Unable,Not Avl,Compl,Compl,Enable,OFF,80,15,72,ON,42.500,21.250,0.103,2355,15,21,-3,OFF,1.562,5.469,3.780,OFF,0,0,83,Avail,Compl,Enable,0,GRN2#  ,ON,0,ACTIVE,ACTIVE,0.962,0.942,0.640,0.505,101.156,88.188,Avail,Compl,Avail,Incmpl,Incmpl,Enable,OBD II (California ARB),OFF,OFF,29.150,0.061,0,1st,OFF,OFF,OFF,OFF,OFF,OFF,0,0.781,ON,OFF,650,0,OFF,OFF,OFF,ON,Gasoline,0.969,OFF,OFF,0.684,ON,0.391,14.902,7,0,0.742,0.742,2.305,0.742,0.918,2.031,46.275,0,14.902,31,0.031,0.070,OFF,ECT 5th,NA,OFF,97.834,97.856,13.333,0,Not Avl,0,0,0,0,ON,ON,0,0,1
160,0,13.790,Not Avl,Compl,Compl,Unable,OFF,Not Avl,Compl,Compl,Unable,OFF,60.938,58.594,34.375,35,19.531,39.551,15.686,31.765,0.781,1.582,ON,0,OFF,ON,ON,1.001,0.998,0.039,0.020,3.342,3.337,0,97,51199.219,13.515,24.314,OFF,OFF,OFF,OFF,OFF,OFF,OFF,Avail,Incmpl,Incmpl,Enable,Avail,417,207.600,417,207.600,ON,Avail,Compl,Enable,78,0,0,0,0,0,0,6,A,0,0,Avail,Incmpl,Incmpl,Enable,OFF,OFF,727,721.750,51199.219,51199.219,51199.219,51199.219,51199.219,51199.219,1GRFE ,33.333,Avail,Incmpl,Incmpl,Enable,7.996,OFF,OFF,OFF,OFF,ON,ON,Avail,Compl,Enable,Compl,CL,CL,Compl,Unable,Not Avl,Compl,Compl,Enable,OFF,80,15,72,ON,42.500,21.250,0.103,2355,15,21,-3,OFF,1.562,5.469,3.780,OFF,0,0,83,Avail,Compl,Enable,0,GRN2#  ,ON,0,ACTIVE,ACTIVE,0.962,0.942,0.640,0.505,101.156,88.188,Avail,Compl,Avail,Incmpl,Incmpl,Enable,OBD II (California ARB),OFF,OFF,29.150,0.061,0,1st,OFF,OFF,OFF,OFF,OFF,OFF,0,0.781,ON,OFF,650,0,OFF,OFF,OFF,ON,Gasoline,0.969,OFF,OFF,0.684,ON,0.391,14.902,7,0,0.742,0.742,2.305,0.742,0.918,2.031,46.275,0,14.902,31,0.031,0.070,OFF,ECT 5th,NA,OFF,97.834,97.856,13.333,0,Not Avl,0,0,0,0,ON,ON,0,0,1
161,0,13.790,Not Avl,Compl,Compl,Unable,OFF,Not Avl,Compl,Compl,Unable,OFF,60.938,58.594,34.375,35,19.531,39.551,15.686,31.765,0.781,1.582,ON,0,OFF,ON,ON,1.001,0.998,0.039,0.020,3.342,3.337,0,97,51199.219,13.515,24.314,OFF,OFF,OFF,OFF,OFF,OFF,OFF,Avail,Incmpl,Incmpl,Enable,Avail,417,207.600,417,207.600,ON,Avail,Compl,Enable,78,0,0,0,0,0,0,6,A,0,0,Avail,Incmpl,Incmpl,Enable,OFF,OFF,727,721.750,51199.219,51199.219,51199.219,51199.219,51199.219,51199.219,1GRFE ,33.333,Avail,Incmpl,Incmpl,Enable,7.996,OFF,OFF,OFF,OFF,ON,ON,Avail,Compl,Enable,Compl,CL,CL,Compl,Unable,Not Avl,Compl,Compl,Enable,OFF,80,15,72,ON,42.500,21.250,0.103,2355,15,21,-3,OFF,1.562,5.469,3.780,OFF,0,0,83,Avail,Compl,Enable,0,GRN2#  ,ON,0,ACTIVE,ACTIVE,0.962,0.942,0.640,0.505,101.156,88.188,Avail,Compl,Avail,Incmpl,Incmpl,Enable,OBD II (California ARB),OFF,OFF,29.150,0.061,0,1st,OFF,OFF,OFF,OFF,OFF,OFF,0,0.781,ON,OFF,650,0,OFF,OFF,OFF,ON,Gasoline,1.003,OFF,OFF,0.684,ON,0.391,14.902,7,0,0.742,0.742,2.305,0.742,0.918,2.031,46.275,0,14.902,31,0.031,0.070,OFF,ECT 5th,NA,OFF,97.834,97.856,13.333,0,Not Avl,0,0,0,0,ON,ON,0,0,1
162,0,13.790,Not Avl,Compl,Compl,Unable,OFF,Not Avl,Compl,Compl,Unable,OFF,60.938,58.594,34.375,35,19.531,39.551,15.686,31.765,0.781,1.582,ON,0,OFF,ON,ON,1.001,0.998,0.039,0.020,3.342,3.337,0,97,51199.219,13.515,24.314,OFF,OFF,OFF,OFF,OFF,OFF,OFF,Avail,Incmpl,Incmpl,Enable,Avail,417,207.600,417,207.600,ON,Avail,Compl,Enable,78,0,0,0,0,0,0,6,A,0,0,Avail,Incmpl,Incmpl,Enable,OFF,OFF,727,721.750,51199.219,51199.219,51199.219,51199.219,51199.219,51199.219,1GRFE ,33.333,Avail,Incmpl,Incmpl,Enable,7.996,OFF,OFF,OFF,OFF,ON,ON,Avail,Compl,Enable,Compl,CL,CL,Compl,Unable,Not Avl,Compl,Compl,Enable,OFF,80,15,72,ON,42.500,21.250,0.103,2355,15,21,-3,OFF,1.562,5.469,3.780,OFF,0,0,83,Avail,Compl,Enable,0,GRN2#  ,ON,0,ACTIVE,ACTIVE,0.962,0.942,0.640,0.505,101.156,88.188,Avail,Compl,Avail,Incmpl,Incmpl,Enable,OBD II (California ARB),OFF,OFF,29.150,0.061,0,1st,OFF,OFF,OFF,OFF,OFF,OFF,0,0.781,ON,OFF,650,0,OFF,OFF,OFF,ON,Gasoline,1.003,OFF,OFF,0.684,ON,0.391,14.902,7,0,0.742,0.742,2.305,0.742,0.918,2.031,46.275,0,14.902,31,0.031,0.070,OFF,ECT 5th,NA,OFF,97.834,97.856,13.333,0,Not Avl,0,0,0,0,ON,ON,0,0,1
163,0,13.790,Not Avl,Compl,Compl,Unable,OFF,Not Avl,Compl,Compl,Unable,OFF,60.938,58.594,34.375,35,19.531,39.551,15.686,31.765,0.781,1.582,ON,0,OFF,ON,ON,1.001,0.998,0.039,0.020,3.342,3.337,0,97,51199.219,13.515,24.314,OFF,OFF,OFF,OFF,OFF,OFF,OFF,Avail,Incmpl,Incmpl,Enable,Avail,417,207.600,417,207.600,ON,Avail,Compl,Enable,78,0,0,0,0,0,0,6,A,0,0,Avail,Incmpl,Incmpl,Enable,OFF,OFF,727,721.750,51199.219,51199.219,51199.219,51199.219,51199.219,51199.219,1GRFE ,33.333,Avail,Incmpl,Incmpl,Enable,7.996,OFF,OFF,OFF,OFF,ON,ON,Avail,Compl,Enable,Compl,CL,CL,Compl,Unable,Not Avl,Compl,Compl,Enable,OFF,80,15,72,ON,42.500,21.250,0.103,2355,15,21,-3,OFF,1.562,5.469,3.780,OFF,0,0,83,Avail,Compl,Enable,0,GRN2#  ,ON,0,ACTIVE,ACTIVE,0.962,0.942,0.640,0.505,101.156,88.188,Avail,Compl,Avail,Incmpl,Incmpl,Enable,OBD II (California ARB),OFF,OFF,29.150,0.061,0,1st,OFF,OFF,OFF,OFF,OFF,OFF,0,0.781,ON,OFF,650,0,OFF,OFF,OFF,ON,Gasoline,1.003,OFF,OFF,0.684,ON,0.391,14.902,7,0,0.742,0.742,2.305,0.742,0.918,2.031,46.275,0,14.902,31,0.031,0.070,OFF,ECT 5th,NA,OFF,97.834,97.856,13.333,0,Not Avl,0,0,0,0,ON,ON,0,0,1
164,0,13.790,Not Avl,Compl,Compl,Unable,OFF,Not Avl,Compl,Compl,Unable,OFF,60.938,58.594,34.375,35,19.531,39.551,15.686,31.765,0.781,1.582,ON,0,OFF,ON,ON,1.001,0.998,0.039,0.020,3.342,3.337,0,97,51199.219,13.515,24.314,OFF,OFF,OFF,OFF,OFF,OFF,OFF,Avail,Incmpl,Incmpl,Enable,Avail,417,207.600,417,207.600,ON,Avail,Compl,Enable,78,0,0,0,0,0,0,6,A,0,0,Avail,Incmpl,Incmpl,Enable,OFF,OFF,727,721.750,51199.219,51199.219,51199.219,51199.219,51199.219,51199.219,1GRFE ,33.333,Avail,Incmpl,Incmpl,Enable,7.996,OFF,OFF,OFF,OFF,ON,ON,Avail,Compl,Enable,Compl,CL,CL,Compl,Unable,Not Avl,Compl,Compl,Enable,OFF,80,15,72,ON,42.500,21.250,0.103,2355,15,21,-3,OFF,1.562,5.469,3.780,OFF,0,0,83,Avail,Compl,Enable,0,GRN2#  ,ON,0,ACTIVE,ACTIVE,0.962,0.942,0.640,0.505,101.156,88.188,Avail,Compl,Avail,Incmpl,Incmpl,Enable,OBD II (California ARB),OFF,OFF,29.150,0.061,0,1st,OFF,OFF,OFF,OFF,OFF,OFF,0,0.781,ON,OFF,650,0,OFF,OFF,OFF,ON,Gasoline,1.003,OFF,OFF,0.684,ON,0.391,14.902,7,0,0.742,0.742,2.305,0.742,0.918,2.031,46.275,0,14.902,31,0.031,0.070,OFF,ECT 5th,NA,OFF,97.834,97.856,13.333,0,Not Avl,0,0,0,0,ON,ON,0,0,1
165,0,13.790,Not Avl,Compl,Compl,Unable,OFF,Not Avl,Compl,Compl,Unable,OFF,60.938,58.594,34.375,35,19.531,39.551,15.686,31.765,0.781,1.582,ON,0,OFF,ON,ON,1.001,0.998,0.039,0.020,3.342,3.337,0,97,51199.219,13.515,24.314,OFF,OFF,OFF,OFF,OFF,OFF,OFF,Avail,Incmpl,Incmpl,Enable,Avail,417,207.600,417,207.600,ON,Avail,Compl,Enable,78,0,0,0,0,0,0,6,A,0,0,Avail,Incmpl,Incmpl,Enable,OFF,OFF,727,721.750,51199.219,51199.219,51199.219,51199.219,51199.219,51199.219,1GRFE ,33.333,Avail,Incmpl,Incmpl,Enable,7.996,OFF,OFF,OFF,OFF,ON,ON,Avail,Compl,Enable,Compl,CL,CL,Compl,Unable,Not Avl,Compl,Compl,Enable,OFF,80,15,72,ON,42.500,21.250,0.103,2355,15,21,-3,OFF,1.562,5.469,3.780,OFF,0,0,83,Avail,Compl,Enable,0,GRN2#  ,ON,0,ACTIVE,ACTIVE,0.962,0.942,0.640,0.505,101.156,88.188,Avail,Compl,Avail,Incmpl,Incmpl,Enable,OBD II (California ARB),OFF,OFF,29.150,0.061,0,1st,OFF,OFF,OFF,OFF,OFF,OFF,0,0.781,ON,OFF,650,0,OFF,OFF,OFF,ON,Gasoline,1.003,OFF,OFF,0.684,ON,0.391,14.902,7,0,0.742,0.742,2.305,0.742,0.918,2.031,46.275,0,14.902,31,0.031,0.070,OFF,ECT 5th,NA,OFF,97.834,97.856,13.333,0,Not Avl,0,0,0,0,ON,ON,0,0,1
166,0,13.790,Not Avl,Compl,Compl,Unable,OFF,Not Avl,Compl,Compl,Unable,OFF,60.938,58.594,34.375,35,19.531,39.551,15.686,31.765,0.781,1.582,ON,0,OFF,ON,ON,1.001,0.998,0.039,0.020,3.342,3.337,0,97,51199.219,13.515,24.314,OFF,OFF,OFF,OFF,OFF,OFF,OFF,Avail,Incmpl,Incmpl,Enable,Avail,417,207.600,417,207.600,ON,Avail,Compl,Enable,78,0,0,0,0,0,0,6,A,0,0,Avail,Incmpl,Incmpl,Enable,OFF,OFF,727,721.750,51199.219,51199.219,51199.219,51199.219,51199.219,51199.219,1GRFE ,33.333,Avail,Incmpl,Incmpl,Enable,7.996,OFF,OFF,OFF,OFF,ON,ON,Avail,Compl,Enable,Compl,CL,CL,Compl,Unable,Not Avl,Compl,Compl,Enable,OFF,80,15,72,ON,42.500,21.250,0.103,2355,15,21,-3,OFF,1.562,5.469,3.780,OFF,0,0,83,Avail,Compl,Enable,0,GRN2#  ,ON,0,ACTIVE,ACTIVE,0.962,0.942,0.640,0.505,101.156,88.188,Avail,Compl,Avail,Incmpl,Incmpl,Enable,OBD II (California ARB),OFF,OFF,29.150,0.061,0,1st,OFF,OFF,OFF,OFF,OFF,OFF,0,0.781,ON,OFF,650,0,OFF,OFF,OFF,ON,Gasoline,1.003,OFF,OFF,0.684,ON,1.016,14.902,7,0,0.742,0.742,2.305,0.742,0.918,2.031,46.275,0,14.902,31,0.031,0.070,OFF,ECT 5th,NA,OFF,97.834,97.856,13.333,0,Not Avl,0,0,0,0,ON,ON,0,0,1
167,0,13.790,Not Avl,Compl,Compl,Unable,OFF,Not Avl,Compl,Compl,Unable,OFF,60.938,58.594,34.375,35,19.531,39.551,15.686,31.765,0.781,1.582,ON,0,OFF,ON,ON,1.001,0.998,0.039,0.020,3.342,3.337,0,97,51199.219,13.515,24.314,OFF,OFF,OFF,OFF,OFF,OFF,OFF,Avail,Incmpl,Incmpl,Enable,Avail,417,207.600,417,207.600,ON,Avail,Compl,Enable,78,0,0,0,0,0,0,6,A,0,0,Avail,Incmpl,Incmpl,Enable,OFF,OFF,727,721.750,51199.219,51199.219,51199.219,51199.219,51199.219,51199.219,1GRFE ,33.333,Avail,Incmpl,Incmpl,Enable,7.996,OFF,OFF,OFF,OFF,ON,ON,Avail,Compl,Enable,Compl,CL,CL,Compl,Unable,Not Avl,Compl,Compl,Enable,OFF,80,15,72,ON,42.500,21.250,0.103,2355,15,21,-3,OFF,1.562,5.469,3.780,OFF,0,0,83,Avail,Compl,Enable,0,GRN2#  ,ON,0,ACTIVE,ACTIVE,0.962,0.942,0.640,0.505,101.156,88.188,Avail,Compl,Avail,Incmpl,Incmpl,Enable,OBD II (California ARB),OFF,OFF,29.150,0.061,0,1st,OFF,OFF,OFF,OFF,OFF,OFF,0,0.781,ON,OFF,650,0,OFF,OFF,OFF,ON,Gasoline,1.003,OFF,OFF,0.684,ON,1.016,14.902,7,0,0.742,0.742,2.305,0.742,0.918,2.031,46.275,0,14.902,31,0.031,0.070,OFF,ECT 5th,NA,OFF,97.834,97.856,13.333,0,Not Avl,0,0,0,0,ON,ON,0,0,1
168,0,13.790,Not Avl,Compl,Compl,Unable,OFF,Not Avl,Compl,Compl,Unable,OFF,60.938,58.594,34.375,35,19.531,39.551,15.686,31.765,0.781,1.582,ON,0,OFF,ON,ON,1.001,0.998,0.039,0.020,3.342,3.337,0,97,51199.219,13.515,24.314,OFF,OFF,OFF,OFF,OFF,OFF,OFF,Avail,Incmpl,Incmpl,Enable,Avail,417,207.600,417,207.600,ON,Avail,Compl,Enable,78,0,0,0,0,0,0,6,A,0,0,Avail,Incmpl,Incmpl,Enable,OFF,OFF,727,721.750,51199.219,51199.219,51199.219,51199.219,51199.219,51199.219,1GRFE ,33.333,Avail,Incmpl,Incmpl,Enable,7.996,OFF,OFF,OFF,OFF,ON,ON,Avail,Compl,Enable,Compl,CL,CL,Compl,Unable,Not Avl,Compl,Compl,Enable,OFF,80,15,72,ON,42.500,21.250,0.103,2355,15,21,-3,OFF,1.562,5.469,3.780,OFF,0,0,83,Avail,Compl,Enable,0,GRN2#  ,ON,0,ACTIVE,ACTIVE,0.962,0.942,0.640,0.505,101.156,88.188,Avail,Compl,Avail,Incmpl,Incmpl,Enable,OBD II (California ARB),OFF,OFF,29.150,0.061,0,1st,OFF,OFF,OFF,OFF,OFF,OFF,0,0.781,ON,OFF,650,0,OFF,OFF,OFF,ON,Gasoline,1.003,OFF,OFF,0.684,ON,1.016,14.902,17,0,0.742,0.742,2.305,0.742,0.918,2.031,46.275,0,14.902,31,0.031,0.070,OFF,ECT 5th,NA,OFF,97.834,97.856,13.333,0,Not Avl,0,0,0,0,ON,ON,0,0,1
169,0,13.790,Not Avl,Compl,Compl,Unable,OFF,Not Avl,Compl,Compl,Unable,OFF,60.938,58.594,34.375,35,19.531,39.551,15.686,31.765,0.781,1.582,ON,0,OFF,ON,ON,1.001,0.998,0.039,0.020,3.342,3.337,0,97,51199.219,13.515,24.314,OFF,OFF,OFF,OFF,OFF,OFF,OFF,Avail,Incmpl,Incmpl,Enable,Avail,417,207.600,417,207.600,ON,Avail,Compl,Enable,78,0,0,0,0,0,0,6,A,0,0,Avail,Incmpl,Incmpl,Enable,OFF,OFF,727,721.750,51199.219,51199.219,51199.219,51199.219,51199.219,51199.219,1GRFE ,33.333,Avail,Incmpl,Incmpl,Enable,7.996,OFF,OFF,OFF,OFF,ON,ON,Avail,Compl,Enable,Compl,CL,CL,Compl,Unable,Not Avl,Compl,Compl,Enable,OFF,80,15,72,ON,42.500,21.250,0.103,2355,15,21,-3,OFF,1.562,5.469,3.780,OFF,0,0,83,Avail,Compl,Enable,0,GRN2#  ,ON,0,ACTIVE,ACTIVE,0.962,0.942,0.640,0.505,101.156,88.188,Avail,Compl,Avail,Incmpl,Incmpl,Enable,OBD II (California ARB),OFF,OFF,29.150,0.061,0,1st,OFF,OFF,OFF,OFF,OFF,OFF,0,0.781,ON,OFF,650,0,OFF,OFF,OFF,ON,Gasoline,1.003,OFF,OFF,0.684,ON,1.016,14.902,17,0,0.742,0.742,2.305,0.742,0.918,2.031,46.275,0,14.902,31,0.031,0.070,OFF,ECT 5th,NA,OFF,97.834,97.856,13.333,0,Not Avl,0,0,0,0,ON,ON,0,0,1
170,0,13.790,Not Avl,Compl,Compl,Unable,OFF,Not Avl,Compl,Compl,Unable,OFF,60.938,58.594,34.375,35,19.531,39.551,15.686,31.765,0.781,1.582,ON,0,OFF,ON,ON,1.001,0.998,0.039,0.020,3.342,3.337,0,97,51199.219,13.515,24.314,OFF,OFF,OFF,OFF,OFF,OFF,OFF,Avail,Incmpl,Incmpl,Enable,Avail,417,207.600,417,207.600,ON,Avail,Compl,Enable,78,0,0,0,0,0,0,6,A,0,0,Avail,Incmpl,Incmpl,Enable,OFF,OFF,727,721.750,51199.219,51199.219,51199.219,51199.219,51199.219,51199.219,1GRFE ,33.333,Avail,Incmpl,Incmpl,Enable,7.996,OFF,OFF,OFF,OFF,ON,ON,Avail,Compl,Enable,Compl,CL,CL,Compl,Unable,Not Avl,Compl,Compl,Enable,OFF,80,15,72,ON,42.500,21.250,0.103,2355,15,21,-3,OFF,1.562,5.469,3.780,OFF,0,0,83,Avail,Compl,Enable,0,GRN2#  ,ON,0,ACTIVE,ACTIVE,0.962,0.942,0.640,0.505,101.156,88.188,Avail,Compl,Avail,Incmpl,Incmpl,Enable,OBD II (California ARB),OFF,OFF,29.150,0.061,0,1st,OFF,OFF,OFF,OFF,OFF,OFF,0,0.781,ON,OFF,650,0,OFF,OFF,OFF,ON,Gasoline,1.003,OFF,OFF,0.684,ON,1.016,14.902,17,0,0.742,0.742,2.305,0.742,0.918,2.031,46.275,0,14.902,31,0.031,0.070,OFF,ECT 5th,NA,OFF,97.834,97.856,13.333,0,Not Avl,0,0,0,0,ON,ON,0,0,1
171,0,13.790,Not Avl,Compl,Compl,Unable,OFF,Not Avl,Compl,Compl,Unable,OFF,60.938,58.594,34.375,35,19.531,39.551,15.686,31.765,0.781,1.582,ON,0,OFF,ON,ON,1.001,0.998,0.039,0.020,3.342,3.337,0,97,51199.219,13.515,24.314,OFF,OFF,OFF,OFF,OFF,OFF,OFF,Avail,Incmpl,Incmpl,Enable,Avail,417,207.600,417,207.600,ON,Avail,Compl,Enable,78,0,0,0,0,0,0,6,A,0,0,Avail,Incmpl,Incmpl,Enable,OFF,OFF,727,721.750,51199.219,51199.219,51199.219,51199.219,51199.219,51199.219,1GRFE ,33.333,Avail,Incmpl,Incmpl,Enable,7.996,OFF,OFF,OFF,OFF,ON,ON,Avail,Compl,Enable,Compl,CL,CL,Compl,Unable,Not Avl,Compl,Compl,Enable,OFF,80,15,72,ON,42.500,21.250,0.103,2355,15,21,-3,OFF,1.562,5.469,3.780,OFF,0,0,83,Avail,Compl,Enable,0,GRN2#  ,ON,0,ACTIVE,ACTIVE,0.962,0.942,0.640,0.505,101.156,88.188,Avail,Compl,Avail,Incmpl,Incmpl,Enable,OBD II (California ARB),OFF,OFF,29.150,0.061,0,1st,OFF,OFF,OFF,OFF,OFF,OFF,0,0.781,ON,OFF,650,0,OFF,OFF,OFF,ON,Gasoline,1.003,OFF,OFF,0.684,ON,1.016,14.902,17,0,0.742,0.742,2.305,0.742,0.918,2.031,46.275,0,14.902,31,0.031,0.070,OFF,ECT 5th,NA,OFF,97.834,97.856,13.333,0,Not Avl,0,0,0,0,ON,ON,0,0,1
172,0,13.790,Not Avl,Compl,Compl,Unable,OFF,Not Avl,Compl,Compl,Unable,OFF,60.938,58.594,34.375,35,19.531,39.551,15.686,31.765,0.781,1.582,ON,0,OFF,ON,ON,1.001,0.998,0.039,0.020,3.342,3.337,0,97,51199.219,13.515,24.314,OFF,OFF,OFF,OFF,OFF,OFF,OFF,Avail,Incmpl,Incmpl,Enable,Avail,417,207.600,417,207.600,ON,Avail,Compl,Enable,78,0,0,0,0,0,0,6,A,0,0,Avail,Incmpl,Incmpl,Enable,OFF,OFF,727,721.750,51199.219,51199.219,51199.219,51199.219,51199.219,51199.219,1GRFE ,33.333,Avail,Incmpl,Incmpl,Enable,7.996,OFF,OFF,OFF,OFF,ON,ON,Avail,Compl,Enable,Compl,CL,CL,Compl,Unable,Not Avl,Compl,Compl,Enable,OFF,80,15,72,ON,42.500,21.250,0.103,2355,15,21,-3,OFF,1.562,5.469,3.780,OFF,0,0,83,Avail,Compl,Enable,0,GRN2#  ,ON,0,ACTIVE,ACTIVE,0.962,0.942,0.640,0.505,101.156,88.188,Avail,Compl,Avail,Incmpl,Incmpl,Enable,OBD II (California ARB),OFF,OFF,29.150,0.061,0,1st,OFF,OFF,OFF,OFF,OFF,OFF,0,0.781,ON,OFF,650,0,OFF,OFF,OFF,ON,Gasoline,1.003,OFF,OFF,0.684,ON,1.016,14.902,17,0,0.742,0.742,2.305,0.742,0.918,2.031,46.275,0,14.902,31,0.031,0.070,OFF,ECT 5th,NA,OFF,97.834,97.856,13.333,0,Not Avl,0,0,0,0,ON,ON,0,0,1
173,0,13.790,Not Avl,Compl,Compl,Unable,OFF,Not Avl,Compl,Compl,Unable,OFF,60.938,58.594,34.375,35,19.531,39.551,15.686,31.765,0.781,1.582,ON,0,OFF,ON,ON,1.001,0.998,0.039,0.020,3.342,3.337,0,97,51199.219,13.515,24.314,OFF,OFF,OFF,OFF,OFF,OFF,OFF,Avail,Incmpl,Incmpl,Enable,Avail,417,207.600,417,207.600,ON,Avail,Compl,Enable,78,0,0,0,0,0,0,6,A,0,0,Avail,Incmpl,Incmpl,Enable,OFF,OFF,727,721.750,51199.219,51199.219,51199.219,51199.219,51199.219,51199.219,1GRFE ,33.333,Avail,Incmpl,Incmpl,Enable,7.996,OFF,OFF,OFF,OFF,ON,ON,Avail,Compl,Enable,Compl,CL,CL,Compl,Unable,Not Avl,Compl,Compl,Enable,OFF,80,15,72,ON,42.500,21.250,0.103,2355,15,21,-3,OFF,1.562,5.469,3.780,OFF,0,0,83,Avail,Compl,Enable,0,GRN2#  ,ON,0,ACTIVE,ACTIVE,0.962,0.942,0.640,0.505,101.156,88.188,Avail,Compl,Avail,Incmpl,Incmpl,Enable,OBD II (California ARB),OFF,OFF,29.150,0.061,0,1st,OFF,OFF,OFF,OFF,OFF,OFF,0,0.781,ON,OFF,650,0,OFF,OFF,OFF,ON,Gasoline,1.003,OFF,OFF,0.684,ON,1.016,14.902,17,0,0.742,0.742,2.305,0.742,0.918,2.031,46.275,0,14.902,31,0.031,0.070,OFF,ECT 5th,NA,OFF,97.834,97.856,13.333,0,Not Avl,0,0,0,0,ON,ON,0,0,1
174,0,13.790,Not Avl,Compl,Compl,Unable,OFF,Not Avl,Compl,Compl,Unable,OFF,60.938,58.594,34.375,35,19.531,39.551,15.686,31.765,0.781,1.582,ON,0,OFF,ON,ON,1.001,0.998,0.039,0.020,3.342,3.337,0,97,51199.219,13.515,24.314,OFF,OFF,OFF,OFF,OFF,OFF,OFF,Avail,Incmpl,Incmpl,Enable,Avail,417,207.600,417,207.600,ON,Avail,Compl,Enable,78,0,0,0,0,0,0,6,A,0,0,Avail,Incmpl,Incmpl,Enable,OFF,OFF,727,721.750,51199.219,51199.219,51199.219,51199.219,51199.219,51199.219,1GRFE ,33.333,Avail,Incmpl,Incmpl,Enable,7.996,OFF,OFF,OFF,OFF,ON,ON,Avail,Compl,Enable,Compl,CL,CL,Compl,Unable,Not Avl,Compl,Compl,Enable,OFF,80,15,72,ON,42.500,21.250,0.103,2355,15,21,-3,OFF,1.562,5.469,3.780,OFF,0,0,83,Avail,Compl,Enable,0,GRN2#  ,ON,0,ACTIVE,ACTIVE,0.962,0.942,0.640,0.505,101.156,88.188,Avail,Compl,Avail,Incmpl,Incmpl,Enable,OBD II (California ARB),OFF,OFF,29.150,0.061,0,1st,OFF,OFF,OFF,OFF,OFF,OFF,0,0.781,ON,OFF,650,0,OFF,OFF,OFF,ON,Gasoline,1.003,OFF,OFF,0.684,ON,1.016,14.902,17,0,0.742,0.742,2.305,0.742,0.918,2.031,46.275,0,14.902,31,0.031,0.070,OFF,ECT 5th,NA,OFF,97.834,97.856,13.333,0,Not Avl,0,0,0,0,ON,ON,0,0,1
175,0,13.790,Not Avl,Compl,Compl,Unable,OFF,Not Avl,Compl,Compl,Unable,OFF,60.938,58.594,34.375,35,19.531,39.551,15.686,31.765,0.781,1.582,ON,0,OFF,ON,ON,1.001,0.998,0.039,0.020,3.342,3.337,0,97,51199.219,13.515,24.314,OFF,OFF,OFF,OFF,OFF,OFF,OFF,Avail,Incmpl,Incmpl,Enable,Avail,417,207.600,417,207.600,ON,Avail,Compl,Enable,78,0,0,0,0,0,0,6,A,0,0,Avail,Incmpl,Incmpl,Enable,OFF,OFF,727,721.750,51199.219,51199.219,51199.219,51199.219,51199.219,51199.219,1GRFE ,33.333,Avail,Incmpl,Incmpl,Enable,7.996,OFF,OFF,OFF,OFF,ON,ON,Avail,Compl,Enable,Compl,CL,CL,Compl,Unable,Not Avl,Compl,Compl,Enable,OFF,80,15,72,ON,42.500,21.250,0.103,2355,15,21,-3,OFF,1.562,5.469,3.780,OFF,0,0,83,Avail,Compl,Enable,0,GRN2#  ,ON,0,ACTIVE,ACTIVE,0.962,0.942,0.640,0.505,101.156,88.188,Avail,Compl,Avail,Incmpl,Incmpl,Enable,OBD II (California ARB),OFF,OFF,29.150,0.061,0,1st,OFF,OFF,OFF,OFF,OFF,OFF,0,0.781,ON,OFF,650,0,OFF,OFF,OFF,ON,Gasoline,1.003,OFF,OFF,0.684,ON,1.016,14.902,17,0,0.742,0.742,2.305,0.742,0.918,2.031,46.275,0,14.902,31,0.031,0.070,OFF,ECT 5th,NA,OFF,97.834,97.856,13.333,0,Not Avl,0,0,0,0,ON,ON,0,0,1
176,0,13.790,Not Avl,Compl,Compl,Unable,OFF,Not Avl,Compl,Compl,Unable,OFF,60.938,58.594,34.375,35,19.531,39.551,15.686,31.765,0.781,1.582,ON,0,OFF,ON,ON,1.001,0.998,0.039,0.020,3.342,3.337,0,97,51199.219,13.515,24.314,OFF,OFF,OFF,OFF,OFF,OFF,OFF,Avail,Incmpl,Incmpl,Enable,Avail,417,207.600,417,207.600,ON,Avail,Compl,Enable,78,0,0,0,0,0,0,6,A,0,0,Avail,Incmpl,Incmpl,Enable,OFF,OFF,727,721.750,51199.219,51199.219,51199.219,51199.219,51199.219,51199.219,1GRFE ,33.333,Avail,Incmpl,Incmpl,Enable,7.996,OFF,OFF,OFF,OFF,ON,ON,Avail,Compl,Enable,Compl,CL,CL,Compl,Unable,Not Avl,Compl,Compl,Enable,OFF,80,15,72,ON,42.500,21.250,0.103,2355,15,21,-3,OFF,1.562,5.469,3.780,OFF,0,0,83,Avail,Compl,Enable,0,GRN2#  ,ON,0,ACTIVE,ACTIVE,0.962,0.942,0.640,0.505,101.156,88.188,Avail,Compl,Avail,Incmpl,Incmpl,Enable,OBD II (California ARB),OFF,OFF,29.150,0.061,0,1st,OFF,OFF,OFF,OFF,OFF,OFF,0,0.781,ON,OFF,650,0,OFF,OFF,OFF,ON,Gasoline,1.003,OFF,OFF,0.684,ON,1.016,14.902,17,0,0.742,0.742,2.305,0.742,0.918,2.031,46.275,0,14.902,31,0.031,0.070,OFF,ECT 5th,NA,OFF,97.834,97.856,13.333,0,Not Avl,0,0,0,0,ON,ON,0,0,1
177,0,13.790,Not Avl,Compl,Compl,Unable,OFF,Not Avl,Compl,Compl,Unable,OFF,60.938,58.594,34.375,35,19.531,39.551,15.686,31.765,0.781,1.582,ON,0,OFF,ON,ON,1.001,0.998,0.039,0.020,3.342,3.337,0,97,51199.219,13.515,24.314,OFF,OFF,OFF,OFF,OFF,OFF,OFF,Avail,Incmpl,Incmpl,Enable,Avail,417,207.600,417,207.600,ON,Avail,Compl,Enable,78,0,0,0,0,0,0,6,A,0,0,Avail,Incmpl,Incmpl,Enable,OFF,OFF,727,721.750,51199.219,51199.219,51199.219,51199.219,51199.219,51199.219,1GRFE ,33.333,Avail,Incmpl,Incmpl,Enable,7.996,OFF,OFF,OFF,OFF,ON,ON,Avail,Compl,Enable,Compl,CL,CL,Compl,Unable,Not Avl,Compl,Compl,Enable,OFF,80,15,72,ON,42.500,21.250,0.103,2355,15,21,-3,OFF,1.562,5.469,3.780,OFF,0,0,83,Avail,Compl,Enable,0,GRN2#  ,ON,0,ACTIVE,ACTIVE,0.962,0.942,0.640,0.505,101.156,88.188,Avail,Compl,Avail,Incmpl,Incmpl,Enable,OBD II (California ARB),OFF,OFF,29.150,0.061,0,1st,OFF,OFF,OFF,OFF,OFF,OFF,0,0.781,ON,OFF,650,0,OFF,OFF,OFF,ON,Gasoline,1.003,OFF,OFF,0.684,ON,1.016,14.902,17,0,0.742,0.742,2.305,0.742,0.918,2.031,46.275,0,14.902,31,0.031,0.070,OFF,ECT 5th,NA,OFF,97.834,97.856,13.333,0,Not Avl,0,0,0,0,ON,ON,0,0,1
178,0,13.790,Not Avl,Compl,Compl,Unable,OFF,Not Avl,Compl,Compl,Unable,OFF,60.938,58.594,34.375,35,19.531,39.551,15.686,31.765,0.781,1.582,ON,0,OFF,ON,ON,1.001,0.998,0.039,0.020,3.342,3.337,0,97,51199.219,13.515,24.314,OFF,OFF,OFF,OFF,OFF,OFF,OFF,Avail,Incmpl,Incmpl,Enable,Avail,417,207.600,417,207.600,ON,Avail,Compl,Enable,78,0,0,0,0,0,0,6,A,0,0,Avail,Incmpl,Incmpl,Enable,OFF,OFF,727,721.750,51199.219,51199.219,51199.219,51199.219,51199.219,51199.219,1GRFE ,33.333,Avail,Incmpl,Incmpl,Enable,7.996,OFF,OFF,OFF,OFF,ON,ON,Avail,Compl,Enable,Compl,CL,CL,Compl,Unable,Not Avl,Compl,Compl,Enable,OFF,80,15,72,ON,42.500,21.250,0.103,2355,15,21,-3,OFF,1.562,5.469,3.780,OFF,0,0,83,Avail,Compl,Enable,0,GRN2#  ,ON,0,ACTIVE,ACTIVE,0.962,0.942,0.640,0.505,101.156,88.188,Avail,Compl,Avail,Incmpl,Incmpl,Enable,OBD II (California ARB),OFF,OFF,29.150,0.061,0,1st,OFF,OFF,OFF,OFF,OFF,OFF,0,0.781,ON,OFF,650,0,OFF,OFF,OFF,ON,Gasoline,1.003,OFF,OFF,0.684,ON,1.016,14.902,17,0,0.742,0.742,2.305,0.742,0.918,2.031,46.275,0,14.902,31,0.031,0.070,OFF,ECT 5th,NA,OFF,97.834,97.856,13.333,0,Not Avl,0,0,0,0,ON,ON,0,0,1
179,0,13.790,Not Avl,Compl,Compl,Unable,OFF,Not Avl,Compl,Compl,Unable,OFF,60.938,58.594,34.375,35,19.531,39.551,15.686,31.765,0.781,1.582,ON,0,OFF,ON,ON,1.001,0.998,0.039,0.020,3.342,3.337,0,97,51199.219,13.515,24.314,OFF,OFF,OFF,OFF,OFF,OFF,OFF,Avail,Incmpl,Incmpl,Enable,Avail,417,207.600,417,207.600,ON,Avail,Compl,Enable,78,0,0,0,0,0,0,6,A,0,0,Avail,Incmpl,Incmpl,Enable,OFF,OFF,727,721.750,51199.219,51199.219,51199.219,51199.219,51199.219,51199.219,1GRFE ,33.333,Avail,Incmpl,Incmpl,Enable,7.996,OFF,OFF,OFF,OFF,ON,ON,Avail,Compl,Enable,Compl,CL,CL,Compl,Unable,Not Avl,Compl,Compl,Enable,OFF,80,15,72,ON,42.500,21.250,0.103,2355,15,21,-3,OFF,1.562,5.469,3.780,OFF,0,0,83,Avail,Compl,Enable,0,GRN2#  ,ON,0,ACTIVE,ACTIVE,0.962,0.942,0.640,0.505,101.156,88.188,Avail,Compl,Avail,Incmpl,Incmpl,Enable,OBD II (California ARB),OFF,OFF,29.150,0.061,0,1st,OFF,OFF,OFF,OFF,OFF,OFF,0,0.781,ON,OFF,650,0,OFF,OFF,OFF,ON,Gasoline,1.003,OFF,OFF,0.684,ON,1.016,14.902,17,0,0.742,0.742,2.305,0.742,0.918,2.031,46.275,0,14.902,32,0.031,0.070,OFF,ECT 5th,NA,OFF,97.834,97.856,13.333,0,Not Avl,0,0,0,0,ON,ON,0,0,1
180,0,13.790,Not Avl,Compl,Compl,Unable,OFF,Not Avl,Compl,Compl,Unable,OFF,60.938,58.594,34.375,35,19.531,39.551,15.686,31.765,0.781,1.582,ON,0,OFF,ON,ON,1.001,0.998,0.039,0.020,3.342,3.337,0,97,51199.219,13.515,24.314,OFF,OFF,OFF,OFF,OFF,OFF,OFF,Avail,Incmpl,Incmpl,Enable,Avail,417,207.600,417,207.600,ON,Avail,Compl,Enable,78,0,0,0,0,0,0,6,A,0,0,Avail,Incmpl,Incmpl,Enable,OFF,OFF,727,721.750,51199.219,51199.219,51199.219,51199.219,51199.219,51199.219,1GRFE ,33.333,Avail,Incmpl,Incmpl,Enable,7.996,OFF,OFF,OFF,OFF,ON,ON,Avail,Compl,Enable,Compl,CL,CL,Compl,Unable,Not Avl,Compl,Compl,Enable,OFF,80,15,72,ON,42.500,21.250,0.103,2355,15,21,-3,OFF,1.562,5.469,3.780,OFF,0,0,83,Avail,Compl,Enable,0,GRN2#  ,ON,0,ACTIVE,ACTIVE,0.962,0.942,0.640,0.505,101.156,88.188,Avail,Compl,Avail,Incmpl,Incmpl,Enable,OBD II (California ARB),OFF,OFF,29.150,0.061,0,1st,OFF,OFF,OFF,OFF,OFF,OFF,0,0.781,ON,OFF,650,0,OFF,OFF,OFF,ON,Gasoline,1.003,OFF,OFF,0.684,ON,1.016,14.902,17,0,0.742,0.742,2.305,0.742,0.918,2.031,46.275,0,14.902,32,0.027,0.070,OFF,ECT 5th,NA,OFF,97.834,97.856,13.333,0,Not Avl,0,0,0,0,ON,ON,0,0,1
181,0,13.790,Not Avl,Compl,Compl,Unable,OFF,Not Avl,Compl,Compl,Unable,OFF,60.938,58.594,34.375,35,19.531,39.551,15.686,31.765,0.781,1.582,ON,0,OFF,ON,ON,1.001,0.998,0.039,0.020,3.342,3.337,0,97,51199.219,13.515,24.314,OFF,OFF,OFF,OFF,OFF,OFF,OFF,Avail,Incmpl,Incmpl,Enable,Avail,417,207.600,417,207.600,ON,Avail,Compl,Enable,78,0,0,0,0,0,0,6,A,0,0,Avail,Incmpl,Incmpl,Enable,OFF,OFF,727,721.750,51199.219,51199.219,51199.219,51199.219,51199.219,51199.219,1GRFE ,33.333,Avail,Incmpl,Incmpl,Enable,7.996,OFF,OFF,OFF,OFF,ON,ON,Avail,Compl,Enable,Compl,CL,CL,Compl,Unable,Not Avl,Compl,Compl,Enable,OFF,80,15,72,ON,42.500,21.250,0.103,2355,15,21,-3,OFF,1.562,5.469,3.780,OFF,0,0,83,Avail,Compl,Enable,0,GRN2#  ,ON,0,ACTIVE,ACTIVE,0.962,0.942,0.640,0.505,101.156,88.188,Avail,Compl,Avail,Incmpl,Incmpl,Enable,OBD II (California ARB),OFF,OFF,29.150,0.061,0,1st,OFF,OFF,OFF,OFF,OFF,OFF,0,0.781,ON,OFF,650,0,OFF,OFF,OFF,ON,Gasoline,1.003,OFF,OFF,0.684,ON,1.016,14.902,17,0,0.742,0.742,2.305,0.742,0.918,2.031,46.275,0,14.902,32,0.027,0.070,OFF,ECT 5th,NA,OFF,97.834,97.856,13.333,0,Not Avl,0,0,0,0,ON,ON,0,0,1
182,0,13.790,Not Avl,Compl,Compl,Unable,OFF,Not Avl,Compl,Compl,Unable,OFF,60.938,58.594,34.375,35,19.531,39.551,15.686,31.765,0.781,1.582,ON,0,OFF,ON,ON,1.001,0.998,0.039,0.020,3.342,3.337,0,97,51199.219,13.515,24.314,OFF,OFF,OFF,OFF,OFF,OFF,OFF,Avail,Incmpl,Incmpl,Enable,Avail,417,207.600,417,207.600,ON,Avail,Compl,Enable,78,0,0,0,0,0,0,6,A,0,0,Avail,Incmpl,Incmpl,Enable,OFF,OFF,727,721.750,51199.219,51199.219,51199.219,51199.219,51199.219,51199.219,1GRFE ,33.333,Avail,Incmpl,Incmpl,Enable,7.996,OFF,OFF,OFF,OFF,ON,ON,Avail,Compl,Enable,Compl,CL,CL,Compl,Unable,Not Avl,Compl,Compl,Enable,OFF,80,15,72,ON,42.500,21.250,0.103,2355,15,21,-3,OFF,1.562,5.469,3.780,OFF,0,0,83,Avail,Compl,Enable,0,GRN2#  ,ON,0,ACTIVE,ACTIVE,0.962,0.942,0.640,0.505,101.156,88.188,Avail,Compl,Avail,Incmpl,Incmpl,Enable,OBD II (California ARB),OFF,OFF,29.150,0.061,0,1st,OFF,OFF,OFF,OFF,OFF,OFF,0,0.781,ON,OFF,650,0,OFF,OFF,OFF,ON,Gasoline,1.003,OFF,OFF,0.684,ON,1.016,14.902,17,0,0.742,0.742,2.305,0.742,0.918,2.031,46.275,0,14.902,32,0.027,0.070,OFF,ECT 5th,NA,OFF,97.834,97.856,13.333,0,Not Avl,0,0,0,0,ON,ON,0,0,1
183,0,13.790,Not Avl,Compl,Compl,Unable,OFF,Not Avl,Compl,Compl,Unable,OFF,60.938,58.594,34.375,35,19.531,39.551,15.686,31.765,0.781,1.582,ON,0,OFF,ON,ON,1.001,0.998,0.039,0.020,3.342,3.337,0,97,51199.219,13.515,24.314,OFF,OFF,OFF,OFF,OFF,OFF,OFF,Avail,Incmpl,Incmpl,Enable,Avail,417,207.600,417,207.600,ON,Avail,Compl,Enable,78,0,0,0,0,0,0,6,A,0,0,Avail,Incmpl,Incmpl,Enable,OFF,OFF,727,721.750,51199.219,51199.219,51199.219,51199.219,51199.219,51199.219,1GRFE ,33.333,Avail,Incmpl,Incmpl,Enable,7.996,OFF,OFF,OFF,OFF,ON,ON,Avail,Compl,Enable,Compl,CL,CL,Compl,Unable,Not Avl,Compl,Compl,Enable,OFF,80,15,72,ON,42.500,21.250,0.103,2355,15,21,-3,OFF,1.562,5.469,3.780,OFF,0,0,83,Avail,Compl,Enable,0,GRN2#  ,ON,0,ACTIVE,ACTIVE,0.962,0.942,0.640,0.505,101.156,88.188,Avail,Compl,Avail,Incmpl,Incmpl,Enable,OBD II (California ARB),OFF,OFF,29.150,0.061,0,1st,OFF,OFF,OFF,OFF,OFF,OFF,0,0.781,ON,OFF,650,0,OFF,OFF,OFF,ON,Gasoline,1.003,OFF,OFF,0.684,ON,1.016,14.902,17,0,0.742,0.742,2.305,0.742,0.918,2.031,46.275,0,14.902,32,0.027,0.070,OFF,ECT 5th,NA,OFF,97.834,97.856,13.333,0,Not Avl,0,0,0,0,ON,ON,0,0,1
184,0,13.790,Not Avl,Compl,Compl,Unable,OFF,Not Avl,Compl,Compl,Unable,OFF,60.938,58.594,34.375,35,19.531,39.551,15.686,31.765,0.781,1.582,ON,0,OFF,ON,ON,1.001,0.998,0.039,0.020,3.342,3.337,0,97,51199.219,13.515,24.314,OFF,OFF,OFF,OFF,OFF,OFF,OFF,Avail,Incmpl,Incmpl,Enable,Avail,417,207.600,417,207.600,ON,Avail,Compl,Enable,78,0,0,0,0,0,0,6,A,0,0,Avail,Incmpl,Incmpl,Enable,OFF,OFF,727,721.750,51199.219,51199.219,51199.219,51199.219,51199.219,51199.219,1GRFE ,33.333,Avail,Incmpl,Incmpl,Enable,7.996,OFF,OFF,OFF,OFF,ON,ON,Avail,Compl,Enable,Compl,CL,CL,Compl,Unable,Not Avl,Compl,Compl,Enable,OFF,80,15,72,ON,42.500,21.250,0.103,2355,15,21,-3,OFF,1.562,5.469,3.780,OFF,0,0,83,Avail,Compl,Enable,0,GRN2#  ,ON,0,ACTIVE,ACTIVE,0.962,0.942,0.640,0.505,101.156,88.188,Avail,Compl,Avail,Incmpl,Incmpl,Enable,OBD II (California ARB),OFF,OFF,29.150,0.061,0,1st,OFF,OFF,OFF,OFF,OFF,OFF,0,0.781,ON,OFF,650,0,OFF,OFF,OFF,ON,Gasoline,1.003,OFF,OFF,0.684,ON,1.016,14.902,17,0,0.742,0.742,2.305,0.742,0.918,2.031,46.275,0,14.902,32,0.027,0.070,OFF,ECT 5th,NA,OFF,97.834,97.856,13.333,0,Not Avl,0,0,0,0,ON,ON,0,0,1
185,0,13.790,Not Avl,Compl,Compl,Unable,OFF,Not Avl,Compl,Compl,Unable,OFF,60.938,58.594,34.375,35,19.531,39.551,15.686,31.765,0.781,1.582,ON,0,OFF,ON,ON,1.001,0.998,0.039,0.020,3.342,3.337,0,97,51199.219,13.515,24.314,OFF,OFF,OFF,OFF,OFF,OFF,OFF,Avail,Incmpl,Incmpl,Enable,Avail,417,207.600,417,207.600,ON,Avail,Compl,Enable,78,0,0,0,0,0,0,6,A,0,0,Avail,Incmpl,Incmpl,Enable,OFF,OFF,727,721.750,51199.219,51199.219,51199.219,51199.219,51199.219,51199.219,1GRFE ,33.333,Avail,Incmpl,Incmpl,Enable,7.996,OFF,OFF,OFF,OFF,ON,ON,Avail,Compl,Enable,Compl,CL,CL,Compl,Unable,Not Avl,Compl,Compl,Enable,OFF,80,15,72,ON,42.500,21.250,0.103,2355,15,21,-3,OFF,1.562,5.469,3.780,OFF,0,0,83,Avail,Compl,Enable,0,GRN2#  ,ON,0,ACTIVE,ACTIVE,0.962,0.942,0.640,0.505,101.156,88.188,Avail,Compl,Avail,Incmpl,Incmpl,Enable,OBD II (California ARB),OFF,OFF,29.150,0.061,0,1st,OFF,OFF,OFF,OFF,OFF,OFF,0,0.781,ON,OFF,650,0,OFF,OFF,OFF,ON,Gasoline,1.003,OFF,OFF,0.684,ON,1.016,14.902,17,0,0.742,0.742,2.305,0.742,0.918,2.031,46.275,0,14.902,32,0.027,0.070,OFF,ECT 5th,NA,OFF,97.834,97.856,13.333,0,Not Avl,0,0,0,0,ON,ON,0,0,1
186,0,13.790,Not Avl,Compl,Compl,Unable,OFF,Not Avl,Compl,Compl,Unable,OFF,60.938,58.594,34.375,35,19.531,39.551,15.686,31.765,0.781,1.582,ON,0,OFF,ON,ON,1.001,0.998,0.039,0.020,3.342,3.337,0,97,51199.219,13.515,24.314,OFF,OFF,OFF,OFF,OFF,OFF,OFF,Avail,Incmpl,Incmpl,Enable,Avail,417,207.600,417,207.600,ON,Avail,Compl,Enable,78,0,0,0,0,0,0,6,A,0,0,Avail,Incmpl,Incmpl,Enable,OFF,OFF,727,721.750,51199.219,51199.219,51199.219,51199.219,51199.219,51199.219,1GRFE ,33.333,Avail,Incmpl,Incmpl,Enable,7.996,OFF,OFF,OFF,OFF,ON,ON,Avail,Compl,Enable,Compl,CL,CL,Compl,Unable,Not Avl,Compl,Compl,Enable,OFF,80,15,72,ON,42.500,21.250,0.103,2355,15,21,-3,OFF,1.562,5.469,3.780,OFF,0,0,83,Avail,Compl,Enable,0,GRN2#  ,ON,0,ACTIVE,ACTIVE,0.962,0.942,0.640,0.505,101.156,88.188,Avail,Compl,Avail,Incmpl,Incmpl,Enable,OBD II (California ARB),OFF,OFF,29.150,0.061,0,1st,OFF,OFF,OFF,OFF,OFF,OFF,0,0.781,ON,OFF,650,0,OFF,OFF,OFF,ON,Gasoline,1.003,OFF,OFF,0.684,ON,1.016,14.902,17,0,0.742,0.742,2.305,0.742,0.918,2.031,46.275,0,14.902,32,0.027,0.070,OFF,ECT 5th,NA,OFF,97.812,97.856,13.333,0,Not Avl,0,0,0,0,ON,ON,0,0,1
187,0,13.790,Not Avl,Compl,Compl,Unable,OFF,Not Avl,Compl,Compl,Unable,OFF,60.938,58.594,34.375,35,19.531,39.551,15.686,31.765,0.781,1.582,ON,0,OFF,ON,ON,1.001,0.998,0.039,0.020,3.342,3.337,0,97,51199.219,13.515,24.314,OFF,OFF,OFF,OFF,OFF,OFF,OFF,Avail,Incmpl,Incmpl,Enable,Avail,417,207.600,417,207.600,ON,Avail,Compl,Enable,78,0,0,0,0,0,0,6,A,0,0,Avail,Incmpl,Incmpl,Enable,OFF,OFF,727,721.750,51199.219,51199.219,51199.219,51199.219,51199.219,51199.219,1GRFE ,33.333,Avail,Incmpl,Incmpl,Enable,7.996,OFF,OFF,OFF,OFF,ON,ON,Avail,Compl,Enable,Compl,CL,CL,Compl,Unable,Not Avl,Compl,Compl,Enable,OFF,80,15,72,ON,42.500,21.250,0.103,2355,15,21,-3,OFF,1.562,5.469,3.780,OFF,0,0,83,Avail,Compl,Enable,0,GRN2#  ,ON,0,ACTIVE,ACTIVE,0.962,0.942,0.640,0.505,101.156,88.188,Avail,Compl,Avail,Incmpl,Incmpl,Enable,OBD II (California ARB),OFF,OFF,29.150,0.061,0,1st,OFF,OFF,OFF,OFF,OFF,OFF,0,0.781,ON,OFF,650,0,OFF,OFF,OFF,ON,Gasoline,1.003,OFF,OFF,0.684,ON,1.016,14.902,17,0,0.742,0.742,2.305,0.742,0.918,2.031,46.275,0,14.902,32,0.027,0.070,OFF,ECT 5th,NA,OFF,97.812,97.900,13.333,0,Not Avl,0,0,0,0,ON,ON,0,0,1
188,0,13.790,Not Avl,Compl,Compl,Unable,OFF,Not Avl,Compl,Compl,Unable,OFF,60.938,58.594,34.375,35,19.531,39.551,15.686,31.765,0.781,1.582,ON,0,OFF,ON,ON,1.001,0.998,0.039,0.020,3.342,3.337,0,97,51199.219,13.515,24.314,OFF,OFF,OFF,OFF,OFF,OFF,OFF,Avail,Incmpl,Incmpl,Enable,Avail,417,207.600,417,207.600,ON,Avail,Compl,Enable,78,0,0,0,0,0,0,6,A,0,0,Avail,Incmpl,Incmpl,Enable,OFF,OFF,727,721.750,51199.219,51199.219,51199.219,51199.219,51199.219,51199.219,1GRFE ,33.333,Avail,Incmpl,Incmpl,Enable,7.996,OFF,OFF,OFF,OFF,ON,ON,Avail,Compl,Enable,Compl,CL,CL,Compl,Unable,Not Avl,Compl,Compl,Enable,OFF,80,15,72,ON,42.500,21.250,0.103,2355,15,21,-3,OFF,1.562,5.469,3.780,OFF,0,0,83,Avail,Compl,Enable,0,GRN2#  ,ON,0,ACTIVE,ACTIVE,0.962,0.942,0.640,0.505,101.156,88.188,Avail,Compl,Avail,Incmpl,Incmpl,Enable,OBD II (California ARB),OFF,OFF,29.150,0.061,0,1st,OFF,OFF,OFF,OFF,OFF,OFF,0,0.781,ON,OFF,650,0,OFF,OFF,OFF,ON,Gasoline,1.003,OFF,OFF,0.684,ON,1.016,14.902,17,0,0.742,0.742,2.305,0.742,0.918,2.031,46.275,0,14.902,32,0.027,0.070,OFF,ECT 5th,NA,OFF,97.812,97.900,13.333,0,Not Avl,0,0,0,0,ON,ON,0,0,1
189,0,13.790,Not Avl,Compl,Compl,Unable,OFF,Not Avl,Compl,Compl,Unable,OFF,60.938,58.594,34.375,35,19.531,39.551,15.686,31.765,0.781,1.582,ON,0,OFF,ON,ON,1.001,0.998,0.039,0.020,3.342,3.337,0,97,51199.219,13.515,24.314,OFF,OFF,OFF,OFF,OFF,OFF,OFF,Avail,Incmpl,Incmpl,Enable,Avail,417,207.600,417,207.600,ON,Avail,Compl,Enable,78,0,0,0,0,0,0,6,A,0,0,Avail,Incmpl,Incmpl,Enable,OFF,OFF,727,721.750,51199.219,51199.219,51199.219,51199.219,51199.219,51199.219,1GRFE ,33.333,Avail,Incmpl,Incmpl,Enable,7.996,OFF,OFF,OFF,OFF,ON,ON,Avail,Compl,Enable,Compl,CL,CL,Compl,Unable,Not Avl,Compl,Compl,Enable,OFF,80,15,72,ON,42.500,21.250,0.103,2355,15,21,-3,OFF,1.562,5.469,3.780,OFF,0,0,83,Avail,Compl,Enable,0,GRN2#  ,ON,0,ACTIVE,ACTIVE,0.962,0.942,0.640,0.505,101.156,88.188,Avail,Compl,Avail,Incmpl,Incmpl,Enable,OBD II (California ARB),OFF,OFF,29.150,0.061,0,1st,OFF,OFF,OFF,OFF,OFF,OFF,0,0.781,ON,OFF,650,0,OFF,OFF,OFF,ON,Gasoline,1.003,OFF,OFF,0.684,ON,1.016,14.902,17,0,0.742,0.742,2.305,0.742,0.918,2.031,46.275,0,14.902,32,0.027,0.070,OFF,ECT 5th,NA,OFF,97.812,97.900,13.333,0,Not Avl,0,0,0,0,ON,ON,0,0,1
190,0,13.790,Not Avl,Compl,Compl,Unable,OFF,Not Avl,Compl,Compl,Unable,OFF,60.938,58.594,34.375,35,19.531,39.551,15.686,31.765,0.781,1.582,ON,0,OFF,ON,ON,1.001,0.998,0.039,0.020,3.342,3.337,0,97,51199.219,13.515,24.314,OFF,OFF,OFF,OFF,OFF,OFF,OFF,Avail,Incmpl,Incmpl,Enable,Avail,417,207.600,417,207.600,ON,Avail,Compl,Enable,78,0,0,0,0,0,0,6,A,0,0,Avail,Incmpl,Incmpl,Enable,OFF,OFF,727,721.750,51199.219,51199.219,51199.219,51199.219,51199.219,51199.219,1GRFE ,33.333,Avail,Incmpl,Incmpl,Enable,7.996,OFF,OFF,OFF,OFF,ON,ON,Avail,Compl,Enable,Compl,CL,CL,Compl,Unable,Not Avl,Compl,Compl,Enable,OFF,80,15,72,ON,42.500,21.250,0.103,2355,15,21,-3,OFF,1.562,5.469,3.780,OFF,0,0,83,Avail,Compl,Enable,0,GRN2#  ,ON,0,ACTIVE,ACTIVE,0.962,0.942,0.640,0.505,101.156,88.188,Avail,Compl,Avail,Incmpl,Incmpl,Enable,OBD II (California ARB),OFF,OFF,29.150,0.061,0,1st,OFF,OFF,OFF,OFF,OFF,OFF,0,0.781,ON,OFF,650,0,OFF,OFF,OFF,ON,Gasoline,1.003,OFF,OFF,0.684,ON,1.016,14.902,17,0,0.742,0.742,2.305,0.742,0.918,2.031,46.275,0,14.902,32,0.027,0.070,OFF,ECT 5th,NA,OFF,97.812,97.900,13.333,0,Not Avl,0,0,0,0,ON,ON,0,0,1
191,0,13.790,Not Avl,Compl,Compl,Unable,OFF,Not Avl,Compl,Compl,Unable,OFF,60.938,58.594,34.375,35,19.531,39.551,15.686,31.765,0.781,1.582,ON,0,OFF,ON,ON,1.001,0.998,0.039,0.020,3.342,3.337,0,97,51199.219,13.515,24.314,OFF,OFF,OFF,OFF,OFF,OFF,OFF,Avail,Incmpl,Incmpl,Enable,Avail,417,207.600,417,207.600,ON,Avail,Compl,Enable,78,0,0,0,0,0,0,6,A,0,0,Avail,Incmpl,Incmpl,Enable,OFF,OFF,727,721.750,51199.219,51199.219,51199.219,51199.219,51199.219,51199.219,1GRFE ,33.333,Avail,Incmpl,Incmpl,Enable,7.996,OFF,OFF,OFF,OFF,ON,ON,Avail,Compl,Enable,Compl,CL,CL,Compl,Unable,Not Avl,Compl,Compl,Enable,OFF,80,15,72,ON,42.500,21.250,0.103,2355,15,21,-3,OFF,1.562,5.469,3.780,OFF,0,0,83,Avail,Compl,Enable,0,GRN2#  ,ON,0,ACTIVE,ACTIVE,0.962,0.942,0.640,0.505,101.156,88.188,Avail,Compl,Avail,Incmpl,Incmpl,Enable,OBD II (California ARB),OFF,OFF,29.150,0.061,0,1st,OFF,OFF,OFF,OFF,OFF,OFF,0,0.781,ON,OFF,650,0,OFF,OFF,OFF,ON,Gasoline,1.003,OFF,OFF,0.684,ON,1.016,14.902,17,0,0.742,0.742,2.305,0.742,0.918,2.031,46.275,0,14.902,32,0.027,0.070,OFF,ECT 5th,NA,OFF,97.812,97.900,13.333,0,Not Avl,0,0,0,0,ON,ON,0,0,1
192,0,13.790,Not Avl,Compl,Compl,Unable,OFF,Not Avl,Compl,Compl,Unable,OFF,60.938,58.594,34.375,35,19.531,39.551,15.686,31.765,0.781,1.582,ON,0,OFF,ON,ON,1.001,0.998,0.039,0.020,3.342,3.337,0,97,51199.219,13.515,24.314,OFF,OFF,OFF,OFF,OFF,OFF,OFF,Avail,Incmpl,Incmpl,Enable,Avail,417,207.600,417,207.600,ON,Avail,Compl,Enable,78,0,0,0,0,0,0,6,A,0,0,Avail,Incmpl,Incmpl,Enable,OFF,OFF,727,721.750,51199.219,51199.219,51199.219,51199.219,51199.219,51199.219,1GRFE ,33.333,Avail,Incmpl,Incmpl,Enable,7.996,OFF,OFF,OFF,OFF,ON,ON,Avail,Compl,Enable,Compl,CL,CL,Compl,Unable,Not Avl,Compl,Compl,Enable,OFF,80,15,72,ON,42.500,21.250,0.103,2355,15,21,-3,OFF,1.562,5.469,3.780,OFF,0,0,83,Avail,Compl,Enable,0,GRN2#  ,ON,0,ACTIVE,ACTIVE,0.962,0.942,0.640,0.505,101.156,88.188,Avail,Compl,Avail,Incmpl,Incmpl,Enable,OBD II (California ARB),OFF,OFF,29.150,0.061,0,1st,OFF,OFF,OFF,OFF,OFF,OFF,0,0.781,ON,OFF,650,0,OFF,OFF,OFF,ON,Gasoline,1.003,OFF,OFF,0.684,ON,1.016,14.902,17,0,0.742,0.742,2.305,0.742,0.918,2.031,46.275,0,14.902,32,0.027,0.070,OFF,ECT 5th,NA,OFF,97.812,97.900,13.333,0,Not Avl,0,0,0,0,ON,ON,0,0,1
193,0,13.790,Not Avl,Compl,Compl,Unable,OFF,Not Avl,Compl,Compl,Unable,OFF,60.938,58.594,34.375,35,19.531,39.551,15.686,31.765,0.781,1.582,ON,0,OFF,ON,ON,1.001,0.998,0.039,0.020,3.342,3.337,0,97,51199.219,13.515,24.314,OFF,OFF,OFF,OFF,OFF,OFF,OFF,Avail,Incmpl,Incmpl,Enable,Avail,417,207.600,417,207.600,ON,Avail,Compl,Enable,78,0,0,0,0,0,0,6,A,0,0,Avail,Incmpl,Incmpl,Enable,OFF,OFF,727,721.750,51199.219,51199.219,51199.219,51199.219,51199.219,51199.219,1GRFE ,33.333,Avail,Incmpl,Incmpl,Enable,7.996,OFF,OFF,OFF,OFF,ON,ON,Avail,Compl,Enable,Compl,CL,CL,Compl,Unable,Not Avl,Compl,Compl,Enable,OFF,80,15,72,ON,42.500,21.250,0.103,2355,15,21,-3,OFF,1.562,5.469,3.780,OFF,0,0,83,Avail,Compl,Enable,0,GRN2#  ,ON,0,ACTIVE,ACTIVE,0.962,0.942,0.640,0.505,101.156,88.188,Avail,Compl,Avail,Incmpl,Incmpl,Enable,OBD II (California ARB),OFF,OFF,29.150,0.061,0,1st,OFF,OFF,OFF,OFF,OFF,OFF,0,0.781,ON,OFF,650,0,OFF,OFF,OFF,ON,Gasoline,1.003,OFF,OFF,0.684,ON,1.016,14.902,17,0,0.742,0.742,2.305,0.742,0.918,2.031,46.275,0,14.902,32,0.027,0.070,OFF,ECT 5th,NA,OFF,97.812,97.900,13.333,0,Not Avl,0,0,0,0,ON,ON,0,0,1
194,0,13.790,Not Avl,Compl,Compl,Unable,OFF,Not Avl,Compl,Compl,Unable,OFF,60.938,58.594,34.375,35,19.531,39.551,15.686,31.765,0.781,1.582,ON,0,OFF,ON,ON,1.001,0.998,0.039,0.020,3.342,3.337,0,97,51199.219,13.515,24.314,OFF,OFF,OFF,OFF,OFF,OFF,OFF,Avail,Incmpl,Incmpl,Enable,Avail,417,207.600,417,207.600,ON,Avail,Compl,Enable,78,0,0,0,0,0,0,6,A,0,0,Avail,Incmpl,Incmpl,Enable,OFF,OFF,727,721.750,51199.219,51199.219,51199.219,51199.219,51199.219,51199.219,1GRFE ,33.333,Avail,Incmpl,Incmpl,Enable,7.996,OFF,OFF,OFF,OFF,ON,ON,Avail,Compl,Enable,Compl,CL,CL,Compl,Unable,Not Avl,Compl,Compl,Enable,OFF,80,15,72,ON,42.500,21.250,0.103,2355,15,21,-3,OFF,1.562,5.469,3.780,OFF,0,0,83,Avail,Compl,Enable,0,GRN2#  ,ON,0,ACTIVE,ACTIVE,0.962,0.942,0.640,0.505,101.156,88.188,Avail,Compl,Avail,Incmpl,Incmpl,Enable,OBD II (California ARB),OFF,OFF,29.150,0.061,0,1st,OFF,OFF,OFF,OFF,OFF,OFF,0,0.781,ON,OFF,650,0,OFF,OFF,OFF,ON,Gasoline,1.003,OFF,OFF,0.684,ON,1.016,14.902,17,0,0.742,0.742,2.305,0.742,0.918,2.031,46.275,0,14.902,32,0.027,0.070,OFF,ECT 5th,NA,OFF,97.812,97.900,13.333,0,Not Avl,0,0,0,0,ON,ON,0,0,1
195,0,13.790,Not Avl,Compl,Compl,Unable,OFF,Not Avl,Compl,Compl,Unable,OFF,60.938,58.594,34.375,35,19.531,39.551,15.686,31.765,0.781,1.582,ON,0,OFF,ON,ON,1.001,0.998,0.039,0.020,3.342,3.337,0,97,51199.219,13.515,24.314,OFF,OFF,OFF,OFF,OFF,OFF,OFF,Avail,Incmpl,Incmpl,Enable,Avail,417,207.600,417,207.600,ON,Avail,Compl,Enable,78,0,0,0,0,0,0,6,A,0,0,Avail,Incmpl,Incmpl,Enable,OFF,OFF,727,721.750,51199.219,51199.219,51199.219,51199.219,51199.219,51199.219,1GRFE ,33.333,Avail,Incmpl,Incmpl,Enable,7.996,OFF,OFF,OFF,OFF,ON,ON,Avail,Compl,Enable,Compl,CL,CL,Compl,Unable,Not Avl,Compl,Compl,Enable,OFF,80,15,72,ON,42.500,21.250,0.103,2355,15,21,-3,OFF,1.562,5.469,3.780,OFF,0,0,83,Avail,Compl,Enable,0,GRN2#  ,ON,0,ACTIVE,ACTIVE,0.962,0.942,0.640,0.505,101.156,88.188,Avail,Compl,Avail,Incmpl,Incmpl,Enable,OBD II (California ARB),OFF,OFF,29.150,0.061,0,1st,OFF,OFF,OFF,OFF,OFF,OFF,0,0.781,ON,OFF,650,0,OFF,OFF,OFF,ON,Gasoline,1.003,OFF,OFF,0.684,ON,1.016,14.902,17,0,0.742,0.742,2.305,0.742,0.918,2.031,46.275,0,14.902,32,0.027,0.070,OFF,ECT 5th,NA,OFF,97.812,97.900,13.333,0,Not Avl,0,0,0,0,ON,ON,0,0,1
196,0,13.790,Not Avl,Compl,Compl,Unable,OFF,Not Avl,Compl,Compl,Unable,OFF,60.938,58.594,34.375,35,19.531,39.551,15.686,31.765,0.781,1.582,ON,0,OFF,ON,ON,1.001,0.998,0.039,0.020,3.342,3.337,0,97,51199.219,13.515,24.314,OFF,OFF,OFF,OFF,OFF,OFF,OFF,Avail,Incmpl,Incmpl,Enable,Avail,417,207.600,417,207.600,ON,Avail,Compl,Enable,78,0,0,0,0,0,0,6,A,0,0,Avail,Incmpl,Incmpl,Enable,OFF,OFF,727,721.750,51199.219,51199.219,51199.219,51199.219,51199.219,51199.219,1GRFE ,33.333,Avail,Incmpl,Incmpl,Enable,7.996,OFF,OFF,OFF,OFF,ON,ON,Avail,Compl,Enable,Compl,CL,CL,Compl,Unable,Not Avl,Compl,Compl,Enable,OFF,80,15,72,ON,42.500,21.250,0.103,2355,15,21,-3,OFF,1.562,5.469,3.780,OFF,0,0,83,Avail,Compl,Enable,0,GRN2#  ,ON,0,ACTIVE,ACTIVE,0.962,0.942,0.640,0.505,101.156,88.188,Avail,Compl,Avail,Incmpl,Incmpl,Enable,OBD II (California ARB),OFF,OFF,29.150,0.061,0,1st,OFF,OFF,OFF,OFF,OFF,OFF,0,0.781,ON,OFF,650,0,OFF,OFF,OFF,ON,Gasoline,1.003,OFF,OFF,0.684,ON,1.016,14.902,17,0,0.742,0.742,2.305,0.742,0.918,2.031,46.275,0,14.902,32,0.027,0.070,OFF,ECT 5th,NA,OFF,97.812,97.900,13.333,0,Not Avl,0,0,0,0,ON,ON,0,0,1
197,0,13.790,Not Avl,Compl,Compl,Unable,OFF,Not Avl,Compl,Compl,Unable,OFF,60.938,58.594,34.375,35,19.531,39.551,15.686,31.765,0.781,1.582,ON,0,OFF,ON,ON,1.001,0.998,0.039,0.020,3.342,3.337,0,97,51199.219,13.515,24.314,OFF,OFF,OFF,OFF,OFF,OFF,OFF,Avail,Incmpl,Incmpl,Enable,Avail,417,207.600,417,207.600,ON,Avail,Compl,Enable,78,0,0,0,0,0,0,6,A,0,0,Avail,Incmpl,Incmpl,Enable,OFF,OFF,727,721.750,51199.219,51199.219,51199.219,51199.219,51199.219,51199.219,1GRFE ,33.333,Avail,Incmpl,Incmpl,Enable,7.996,OFF,OFF,OFF,OFF,ON,ON,Avail,Compl,Enable,Compl,CL,CL,Compl,Unable,Not Avl,Compl,Compl,Enable,OFF,80,15,72,ON,42.500,21.250,0.103,2355,15,21,-3,OFF,1.562,5.469,3.780,OFF,0,0,83,Avail,Compl,Enable,0,GRN2#  ,ON,0,ACTIVE,ACTIVE,0.962,0.942,0.640,0.505,101.156,88.188,Avail,Compl,Avail,Incmpl,Incmpl,Enable,OBD II (California ARB),OFF,OFF,29.150,0.061,0,1st,OFF,OFF,OFF,OFF,OFF,OFF,0,0.781,ON,OFF,650,0,OFF,OFF,OFF,ON,Gasoline,1.003,OFF,OFF,0.684,ON,1.016,14.902,17,0,0.742,0.742,2.305,0.742,0.918,2.031,46.275,0,14.902,32,0.027,0.070,OFF,ECT 5th,NA,OFF,97.812,97.900,13.333,0,Not Avl,0,0,0,0,ON,ON,0,0,1
198,0,13.790,Not Avl,Compl,Compl,Unable,OFF,Not Avl,Compl,Compl,Unable,OFF,60.938,58.594,34.375,35,19.531,39.551,15.686,31.765,0.781,1.582,ON,0,OFF,ON,ON,1.001,0.998,0.039,0.020,3.342,3.337,0,97,51199.219,13.515,24.314,OFF,OFF,OFF,OFF,OFF,OFF,OFF,Avail,Incmpl,Incmpl,Enable,Avail,417,207.600,417,207.600,ON,Avail,Compl,Enable,78,0,0,0,0,0,0,6,A,0,0,Avail,Incmpl,Incmpl,Enable,OFF,OFF,727,721.750,51199.219,51199.219,51199.219,51199.219,51199.219,51199.219,1GRFE ,33.333,Avail,Incmpl,Incmpl,Enable,7.996,OFF,OFF,OFF,OFF,ON,ON,Avail,Compl,Enable,Compl,CL,CL,Compl,Unable,Not Avl,Compl,Compl,Enable,OFF,80,15,72,ON,42.500,21.250,0.103,2355,15,21,-3,OFF,1.562,5.469,3.780,OFF,0,0,83,Avail,Compl,Enable,0,GRN2#  ,ON,0,ACTIVE,ACTIVE,0.962,0.942,0.640,0.505,101.156,88.188,Avail,Compl,Avail,Incmpl,Incmpl,Enable,OBD II (California ARB),OFF,OFF,29.150,0.061,0,1st,OFF,OFF,OFF,OFF,OFF,OFF,0,0.781,ON,OFF,650,0,OFF,OFF,OFF,ON,Gasoline,1.003,OFF,OFF,0.684,ON,1.016,14.902,17,0,0.742,0.742,2.305,0.742,0.918,2.031,46.275,0,14.902,32,0.027,0.070,OFF,ECT 5th,NA,OFF,97.812,97.900,13.333,0,Not Avl,0,0,0,0,ON,ON,0,0,1
199,0,13.790,Not Avl,Compl,Compl,Unable,OFF,Not Avl,Compl,Compl,Unable,OFF,60.938,58.594,34.375,35,19.531,39.551,15.686,31.765,0.781,1.582,ON,0,OFF,ON,ON,1.001,0.998,0.039,0.020,3.342,3.337,0,97,51199.219,13.515,24.314,OFF,OFF,OFF,OFF,OFF,OFF,OFF,Avail,Incmpl,Incmpl,Enable,Avail,417,207.600,417,207.600,ON,Avail,Compl,Enable,78,0,0,0,0,0,0,6,A,0,0,Avail,Incmpl,Incmpl,Enable,OFF,OFF,727,721.750,51199.219,51199.219,51199.219,51199.219,51199.219,51199.219,1GRFE ,33.333,Avail,Incmpl,Incmpl,Enable,7.996,OFF,OFF,OFF,OFF,ON,ON,Avail,Compl,Enable,Compl,CL,CL,Compl,Unable,Not Avl,Compl,Compl,Enable,OFF,80,15,72,ON,42.500,21.250,0.103,2355,15,21,-3,OFF,1.562,5.469,3.780,OFF,0,0,83,Avail,Compl,Enable,0,GRN2#  ,ON,0,ACTIVE,ACTIVE,0.962,0.942,0.640,0.505,101.156,88.188,Avail,Compl,Avail,Incmpl,Incmpl,Enable,OBD II (California ARB),OFF,OFF,29.150,0.061,0,1st,OFF,OFF,OFF,OFF,OFF,OFF,0,0.781,ON,OFF,650,0,OFF,OFF,OFF,ON,Gasoline,1.003,OFF,OFF,0.684,ON,1.016,14.902,17,0,0.742,0.742,2.305,0.742,0.918,2.031,46.275,0,14.902,32,0.027,0.070,OFF,ECT 5th,NA,OFF,97.812,97.900,13.333,0,Not Avl,0,0,0,0,ON,ON,0,0,1
200,0,13.767,Not Avl,Compl,Compl,Unable,OFF,Not Avl,Compl,Compl,Unable,OFF,59.375,40.625,34.375,35,19.531,39.551,15.686,31.765,0.781,1.582,ON,0,OFF,ON,ON,0.995,1.000,0,0.023,3.293,3.342,0,97,51199.219,13.515,24.314,OFF,OFF,OFF,OFF,OFF,OFF,OFF,Avail,Incmpl,Incmpl,Enable,Avail,413.700,207.600,413.700,207.600,ON,Avail,Compl,Enable,78,0,0,0,0,0,0,6,A,0,0,Avail,Incmpl,Incmpl,Enable,OFF,OFF,740,714.750,51199.219,51199.219,51199.219,51199.219,51199.219,51199.219,1GRFE ,33.333,Avail,Incmpl,Incmpl,Enable,7.996,OFF,OFF,OFF,OFF,ON,ON,Avail,Compl,Enable,Compl,CL,CL,Compl,Unable,Not Avl,Compl,Compl,Enable,OFF,80,15,416,ON,42.500,21.250,0.104,2370,15,21,-3,OFF,1.562,5.469,3.780,OFF,0,0,84,Avail,Compl,Enable,0,GRN2#  ,ON,0,ACTIVE,ACTIVE,0.957,0.938,0.370,0.525,101.480,87.863,Avail,Compl,Avail,Incmpl,Incmpl,Enable,OBD II (California ARB),OFF,OFF,29.150,0.061,0,1st,OFF,OFF,OFF,OFF,OFF,OFF,0.781,0.781,ON,OFF,650,0,OFF,OFF,OFF,ON,Gasoline,0.986,OFF,OFF,0.684,ON,1.016,14.902,17,0,0.742,0.742,2.305,0.742,0.918,2.031,46.275,0,14.902,32,0.027,0.070,OFF,ECT 5th,NA,OFF,97.856,97.966,13.333,0,Not Avl,0,0,0,0,ON,ON,0,0,1
201,0,13.768,Not Avl,Compl,Compl,Unable,OFF,Not Avl,Compl,Compl,Unable,OFF,60.938,40.625,34.375,35,19.531,39.551,15.686,31.765,0.781,1.582,ON,0,OFF,ON,ON,0.993,0.999,-0.004,0.023,3.288,3.337,0,97,51199.219,13.515,24.314,OFF,OFF,OFF,OFF,OFF,OFF,OFF,Avail,Incmpl,Incmpl,Enable,Avail,413.700,207.600,413.700,207.600,ON,Avail,Compl,Enable,78,0,0,0,0,0,0,6,A,0,0,Avail,Incmpl,Incmpl,Enable,OFF,OFF,740,711.500,51199.219,51199.219,51199.219,51199.219,51199.219,51199.219,1GRFE ,33.333,Avail,Incmpl,Incmpl,Enable,7.996,OFF,OFF,OFF,OFF,ON,ON,Avail,Compl,Enable,Compl,CL,CL,Compl,Unable,Not Avl,Compl,Compl,Enable,OFF,80,15,431,ON,42.500,21.250,0.104,2359,15,21,-3,OFF,1.562,5.469,3.810,OFF,0,0,84,Avail,Compl,Enable,0,GRN2#  ,ON,0,ACTIVE,ACTIVE,0.957,0.942,0.410,0.525,101.805,87.539,Avail,Compl,Avail,Incmpl,Incmpl,Enable,OBD II (California ARB),OFF,OFF,29.034,0.061,0,1st,OFF,OFF,OFF,OFF,OFF,OFF,0.781,1.562,ON,OFF,650,0,OFF,OFF,OFF,ON,Gasoline,0.988,OFF,OFF,0.684,ON,1.016,14.902,17,0,0.742,0.742,2.305,0.742,0.918,2.031,46.275,0,14.902,32,0.027,0.070,OFF,ECT 5th,NA,OFF,97.834,97.900,13.333,0,Not Avl,0,0,0,0,ON,ON,0,0,1
202,0,13.767,Not Avl,Compl,Compl,Unable,OFF,Not Avl,Compl,Compl,Unable,OFF,55.469,40.625,34.375,35,19.531,39.551,15.686,31.765,0.781,1.582,ON,0,OFF,ON,ON,0.995,1.001,0,0.027,3.303,3.347,0,97,51199.219,13.515,24.314,OFF,OFF,OFF,OFF,OFF,OFF,OFF,Avail,Incmpl,Incmpl,Enable,Avail,413.700,207.600,413.700,207.600,ON,Avail,Compl,Enable,78,0,0,0,0,0,0,6,A,0,0,Avail,Incmpl,Incmpl,Enable,OFF,OFF,741,715.500,51199.219,51199.219,51199.219,51199.219,51199.219,51199.219,1GRFE ,33.333,Avail,Incmpl,Incmpl,Enable,7.996,OFF,OFF,OFF,OFF,ON,ON,Avail,Compl,Enable,Compl,CL,CL,Compl,Unable,Not Avl,Compl,Compl,Enable,OFF,80,15,446,ON,42.500,21.250,0.104,2366,15,21,-3,OFF,1.562,5.469,3.820,OFF,0,0,84,Avail,Compl,Enable,0,GRN2#  ,ON,0,ACTIVE,ACTIVE,0.962,0.942,0.425,0.525,101.480,87.863,Avail,Compl,Avail,Incmpl,Incmpl,Enable,OBD II (California ARB),OFF,OFF,28.912,0.061,0,1st,OFF,OFF,OFF,OFF,OFF,OFF,0.781,1.562,ON,OFF,650,0,OFF,OFF,OFF,ON,Gasoline,0.990,OFF,OFF,0.684,ON,1.016,14.902,17,0,0.742,0.742,2.305,0.742,0.918,2.031,46.275,0,14.902,32,0.027,0.070,OFF,ECT 5th,NA,OFF,97.834,97.746,13.333,0,Not Avl,0,0,0,0,ON,ON,0,0,1
203,0,13.768,Not Avl,Compl,Compl,Unable,OFF,Not Avl,Compl,Compl,Unable,OFF,46.094,40.625,34.375,35,19.531,39.551,15.686,31.765,0.781,1.582,ON,0,OFF,ON,ON,0.995,1.002,0.023,0.043,3.308,3.352,0,97,51199.219,13.515,24.314,OFF,OFF,OFF,OFF,OFF,OFF,OFF,Avail,Incmpl,Incmpl,Enable,Avail,413.500,207.600,413.500,207.600,ON,Avail,Compl,Enable,78,0,0,0,0,0,0,6,A,0,0,Avail,Incmpl,Incmpl,Enable,OFF,OFF,741,718.750,51199.219,51199.219,51199.219,51199.219,51199.219,51199.219,1GRFE ,33.333,Avail,Incmpl,Incmpl,Enable,7.996,OFF,OFF,OFF,OFF,ON,ON,Avail,Compl,Enable,Compl,CL,CL,Compl,Unable,Not Avl,Compl,Compl,Enable,OFF,80,15,463,ON,42.500,21.250,0.104,2359,15,21,-3,OFF,1.562,5.469,3.780,OFF,0,0,79,Avail,Compl,Enable,0,GRN2#  ,ON,0,ACTIVE,ACTIVE,0.957,0.938,0.465,0.525,101.805,87.863,Avail,Compl,Avail,Incmpl,Incmpl,Enable,OBD II (California ARB),OFF,OFF,29.150,0.061,0,1st,OFF,OFF,OFF,OFF,OFF,OFF,0.781,1.562,ON,OFF,650,0,OFF,OFF,OFF,ON,Gasoline,0.994,OFF,OFF,0.684,ON,1.016,14.902,17,0,0.742,0.742,2.305,0.742,0.918,2.031,46.275,0,14.902,32,0.027,0.070,OFF,ECT 5th,NA,OFF,97.834,97.856,12.941,0,Not Avl,0,0,0,0,ON,ON,0,0,1
204,0,13.768,Not Avl,Compl,Compl,Unable,OFF,Not Avl,Compl,Compl,Unable,OFF,42.188,42.969,34.375,35,19.531,39.551,15.686,31.765,0.781,1.582,ON,0,OFF,ON,ON,0.995,0.999,0.008,0.023,3.313,3.337,0,97,51199.219,13.515,24.314,OFF,OFF,OFF,OFF,OFF,OFF,OFF,Avail,Incmpl,Incmpl,Enable,Avail,413.500,207.600,413.500,207.600,ON,Avail,Compl,Enable,78,0,0,0,0,0,0,6,A,0,0,Avail,Incmpl,Incmpl,Enable,OFF,OFF,742,716.250,51199.219,51199.219,51199.219,51199.219,51199.219,51199.219,1GRFE ,33.333,Avail,Incmpl,Incmpl,Enable,7.996,OFF,OFF,OFF,OFF,ON,ON,Avail,Compl,Enable,Compl,CL,CL,Compl,Unable,Not Avl,Compl,Compl,Enable,OFF,80,15,478,ON,42.500,21.250,0.104,2356,15,21,-3,OFF,1.562,5.469,3.730,OFF,0,0,79,Avail,Compl,Enable,0,GRN2#  ,ON,0,ACTIVE,ACTIVE,0.962,0.942,0.485,0.545,101.805,87.863,Avail,Compl,Avail,Incmpl,Incmpl,Enable,OBD II (California ARB),OFF,OFF,29.279,0.061,0,1st,OFF,OFF,OFF,OFF,OFF,OFF,0,1.562,ON,OFF,650,0,OFF,OFF,OFF,ON,Gasoline,0.997,OFF,OFF,0.684,ON,1.016,14.902,17,0,0.742,0.742,2.305,0.742,0.918,2.031,46.275,0,14.902,32,0.027,0.070,OFF,ECT 5th,NA,OFF,97.812,97.702,12.941,0,Not Avl,0,0,0,0,ON,ON,0,0,1
205,0,13.760,Not Avl,Compl,Compl,Unable,OFF,Not Avl,Compl,Compl,Unable,OFF,40.625,56.250,34.375,35,19.531,39.551,15.686,31.765,0.781,1.582,ON,0,OFF,ON,ON,0.993,0.997,0.004,0.016,3.308,3.327,0,97,51199.219,13.496,24.314,OFF,OFF,OFF,OFF,OFF,OFF,OFF,Avail,Incmpl,Incmpl,Enable,Avail,413.200,207.600,413.200,207.600,ON,Avail,Compl,Enable,78,0,0,0,0,0,0,6,A,0,0,Avail,Incmpl,Incmpl,Enable,OFF,OFF,742,709.250,51199.219,51199.219,51199.219,51199.219,51199.219,51199.219,1GRFE ,33.333,Avail,Incmpl,Incmpl,Enable,7.996,OFF,OFF,OFF,OFF,ON,ON,Avail,Compl,Enable,Compl,CL,CL,Compl,Unable,Not Avl,Compl,Compl,Enable,OFF,80,15,495,ON,42.500,21.250,0.104,2363,15,21,-3,OFF,1.562,5.469,3.780,OFF,0,0,82,Avail,Compl,Enable,0,GRN2#  ,ON,0,ACTIVE,ACTIVE,0.957,0.938,0.525,0.545,101.805,87.863,Avail,Compl,Avail,Incmpl,Incmpl,Enable,OBD II (California ARB),OFF,OFF,28.912,0.061,0,1st,OFF,OFF,OFF,OFF,OFF,OFF,0,1.562,ON,OFF,650,0,OFF,OFF,OFF,ON,Gasoline,0.998,OFF,OFF,0.684,ON,1.016,14.902,17,0,0.742,0.742,2.305,0.742,0.918,2.031,46.275,0,14.902,32,0.027,0.070,OFF,ECT 5th,NA,OFF,97.856,97.922,13.333,0,Not Avl,0,0,0,0,ON,ON,0,0,1
206,0,13.767,Not Avl,Compl,Compl,Unable,OFF,Not Avl,Compl,Compl,Unable,OFF,40.625,59.375,34.375,35,19.531,39.551,15.686,31.765,0.781,1.582,ON,0,OFF,ON,ON,0.996,0.996,0.016,0.012,3.327,3.322,0,97,51199.219,13.496,24.314,OFF,OFF,OFF,OFF,OFF,OFF,OFF,Avail,Incmpl,Incmpl,Enable,Avail,413.200,207.600,413.200,207.600,ON,Avail,Compl,Enable,78,0,0,0,0,0,0,6,A,0,0,Avail,Incmpl,Incmpl,Enable,OFF,OFF,742,704.500,51199.219,51199.219,51199.219,51199.219,51199.219,51199.219,1GRFE ,32.941,Avail,Incmpl,Incmpl,Enable,7.996,OFF,OFF,OFF,OFF,ON,ON,Avail,Compl,Enable,Compl,CL,CL,Compl,Unable,Not Avl,Compl,Compl,Enable,OFF,80,15,508,ON,42.500,21.250,0.104,2363,15,21,-3,OFF,1.562,5.469,3.730,OFF,0,0,82,Avail,Compl,Enable,0,GRN2#  ,ON,0,ACTIVE,ACTIVE,0.957,0.942,0.565,0.545,101.805,87.863,Avail,Compl,Avail,Incmpl,Incmpl,Enable,OBD II (California ARB),OFF,OFF,29.034,0.061,0,1st,OFF,OFF,OFF,OFF,OFF,OFF,0,1.562,ON,OFF,650,0,OFF,OFF,OFF,ON,Gasoline,1.000,OFF,OFF,0.684,ON,1.016,14.902,17,0,0.742,0.742,2.305,0.742,0.918,2.031,46.275,0,14.902,32,0.027,0.070,OFF,ECT 5th,NA,OFF,97.856,97.966,13.333,0,Not Avl,0,0,0,0,ON,ON,0,0,1
207,0,13.765,Not Avl,Compl,Compl,Unable,OFF,Not Avl,Compl,Compl,Unable,OFF,40.625,60.938,34.375,35,19.531,39.551,15.686,31.765,0.781,1.582,ON,0,OFF,ON,ON,0.997,0.998,0.020,0.020,3.332,3.332,0,97,51199.219,13.515,24.314,OFF,OFF,OFF,OFF,OFF,OFF,OFF,Avail,Incmpl,Incmpl,Enable,Avail,413.200,207.600,413.200,207.600,ON,Avail,Compl,Enable,78,0,0,0,0,0,0,6,A,0,0,Avail,Incmpl,Incmpl,Enable,OFF,OFF,743,713.250,51199.219,51199.219,51199.219,51199.219,51199.219,51199.219,1GRFE ,33.333,Avail,Incmpl,Incmpl,Enable,7.996,OFF,OFF,OFF,OFF,ON,ON,Avail,Compl,Enable,Compl,CL,CL,Compl,Unable,Not Avl,Compl,Compl,Enable,OFF,80,15,521,ON,42.500,21.250,0.103,2352,15,21,-3,OFF,1.562,5.469,3.780,OFF,0,0,82,Avail,Compl,Enable,0,GRN2#  ,ON,0,ACTIVE,ACTIVE,0.962,0.942,0.585,0.545,101.805,88.188,Avail,Compl,Avail,Incmpl,Incmpl,Enable,OBD II (California ARB),OFF,OFF,29.279,0.061,0,1st,OFF,OFF,OFF,OFF,OFF,OFF,0,1.562,ON,OFF,650,0,OFF,OFF,OFF,ON,Gasoline,1.002,OFF,OFF,0.684,ON,1.016,14.902,17,0,0.742,0.742,2.305,0.742,0.918,2.031,46.275,0,14.902,32,0.027,0.070,OFF,ECT 5th,NA,OFF,97.834,97.856,13.333,0,Not Avl,0,0,0,0,ON,ON,0,0,1
208,0,13.768,Not Avl,Compl,Compl,Unable,OFF,Not Avl,Compl,Compl,Unable,OFF,40.625,55.469,34.375,35,19.531,39.551,15.686,31.765,0.781,1.582,ON,0,OFF,ON,ON,0.996,0.998,0.012,0.020,3.322,3.332,0,97,51199.219,13.515,24.314,OFF,OFF,OFF,OFF,OFF,OFF,OFF,Avail,Incmpl,Incmpl,Enable,Avail,413,207.600,413,207.600,ON,Avail,Compl,Enable,78,0,0,0,0,0,0,6,A,0,0,Avail,Incmpl,Incmpl,Enable,OFF,OFF,743,710,51199.219,51199.219,51199.219,51199.219,51199.219,51199.219,1GRFE ,33.333,Avail,Incmpl,Incmpl,Enable,7.996,OFF,OFF,OFF,OFF,ON,ON,Avail,Compl,Enable,Compl,CL,CL,Compl,Unable,Not Avl,Compl,Compl,Enable,OFF,80,15,536,ON,42.500,21.250,0.103,2359,15,21,-3,OFF,1.562,5.469,3.780,OFF,0,0,79,Avail,Compl,Enable,0,GRN2#  ,ON,0,ACTIVE,ACTIVE,0.957,0.942,0.605,0.545,101.480,88.188,Avail,Compl,Avail,Incmpl,Incmpl,Enable,OBD II (California ARB),OFF,OFF,29.034,0.061,0,1st,OFF,OFF,OFF,OFF,OFF,OFF,0,0.781,ON,OFF,650,0,OFF,OFF,OFF,ON,Gasoline,1.002,OFF,OFF,0.684,ON,1.016,14.902,17,0,0.742,0.742,2.305,0.742,0.918,2.031,46.275,0,14.902,32,0.027,0.070,OFF,ECT 5th,NA,OFF,97.812,97.702,13.333,0,Not Avl,0,0,0,0,ON,ON,0,0,1
209,0,13.767,Not Avl,Compl,Compl,Unable,OFF,Not Avl,Compl,Compl,Unable,OFF,50,46.094,34.375,35,19.531,39.551,15.686,31.765,0.781,1.582,ON,0,OFF,ON,ON,0.996,0.998,0.016,0.020,3.327,3.332,0,97,51199.219,13.496,24.314,OFF,OFF,OFF,OFF,OFF,OFF,OFF,Avail,Incmpl,Incmpl,Enable,Avail,413,207.600,413,207.600,ON,Avail,Compl,Enable,78,0,0,0,0,0,0,6,A,0,0,Avail,Incmpl,Incmpl,Enable,OFF,OFF,744,705.250,51199.219,51199.219,51199.219,51199.219,51199.219,51199.219,1GRFE ,32.941,Avail,Incmpl,Incmpl,Enable,7.996,OFF,OFF,OFF,OFF,ON,ON,Avail,Compl,Enable,Compl,CL,CL,Compl,Unable,Not Avl,Compl,Compl,Enable,OFF,80,15,550,ON,42.500,21.250,0.103,2363,15,21,-3,OFF,1.562,5.469,3.760,OFF,0,0,79,Avail,Compl,Enable,0,GRN2#  ,ON,0,ACTIVE,ACTIVE,0.962,0.942,0.625,0.545,101.480,88.188,Avail,Compl,Avail,Incmpl,Incmpl,Enable,OBD II (California ARB),OFF,OFF,28.790,0.061,0,1st,OFF,OFF,OFF,OFF,OFF,OFF,0,1.562,ON,OFF,650,0,OFF,OFF,OFF,ON,Gasoline,1.004,OFF,OFF,0.684,ON,1.016,14.902,17,0,0.742,0.742,2.305,0.742,0.918,2.031,46.275,0,14.902,32,0.027,0.070,OFF,ECT 5th,NA,OFF,97.812,97.724,13.333,0,Not Avl,0,0,0,0,ON,ON,0,0,1
210,0,13.768,Not Avl,Compl,Compl,Unable,OFF,Not Avl,Compl,Compl,Unable,OFF,57.031,42.188,34.375,35,19.531,39.551,15.686,31.765,0.781,1.582,ON,0,OFF,ON,ON,1.002,0.998,0.039,0.020,3.361,3.332,0,97,51199.219,13.496,24.706,OFF,OFF,OFF,OFF,OFF,OFF,OFF,Avail,Incmpl,Incmpl,Enable,Avail,412.800,207.600,412.800,207.600,ON,Avail,Compl,Enable,78,0,0,0,0,0,0,6,A,0,0,Avail,Incmpl,Incmpl,Enable,OFF,OFF,744,710.750,51199.219,51199.219,51199.219,51199.219,51199.219,51199.219,1GRFE ,33.333,Avail,Incmpl,Incmpl,Enable,7.996,OFF,OFF,OFF,OFF,ON,ON,Avail,Compl,Enable,Compl,CL,CL,Compl,Unable,Not Avl,Compl,Compl,Enable,OFF,80,15,565,ON,42.500,21.250,0.103,2356,15,21,-3,OFF,1.562,5.469,3.750,OFF,0,0,81,Avail,Compl,Enable,0,GRN2#  ,ON,0,ACTIVE,ACTIVE,0.962,0.942,0.640,0.545,101.805,88.188,Avail,Compl,Avail,Incmpl,Incmpl,Enable,OBD II (California ARB),OFF,OFF,29.150,0.061,0,1st,OFF,OFF,OFF,OFF,OFF,OFF,0,0.781,ON,OFF,650,0,OFF,OFF,OFF,ON,Gasoline,1.005,OFF,OFF,0.684,ON,1.016,14.902,17,0,0.742,0.742,2.305,0.742,0.918,2.031,46.275,0,14.902,32,0.027,0.070,OFF,ECT 5th,NA,OFF,97.856,97.966,13.333,0,Not Avl,0,0,0,0,ON,ON,0,0,1
211,0,13.767,Not Avl,Compl,Compl,Unable,OFF,Not Avl,Compl,Compl,Unable,OFF,60.938,40.625,34.375,35,19.531,39.551,15.686,31.765,0.781,1.582,ON,0,OFF,ON,ON,1.002,0.998,0.039,0.020,3.361,3.332,0,97,51199.219,13.496,24.314,OFF,OFF,OFF,OFF,OFF,OFF,OFF,Avail,Incmpl,Incmpl,Enable,Avail,412.800,207.600,412.800,207.600,ON,Avail,Compl,Enable,78,0,0,0,0,0,0,6,A,0,0,Avail,Incmpl,Incmpl,Enable,OFF,OFF,744,702.250,51199.219,51199.219,51199.219,51199.219,51199.219,51199.219,1GRFE ,33.333,Avail,Incmpl,Incmpl,Enable,7.996,OFF,OFF,OFF,OFF,ON,ON,Avail,Compl,Enable,Compl,CL,CL,Compl,Unable,Not Avl,Compl,Compl,Enable,OFF,80,15,581,ON,42.500,21.250,0.103,2356,15,21,-3,OFF,1.562,5.469,3.760,OFF,0,0,81,Avail,Compl,Enable,0,GRN2#  ,ON,0,ACTIVE,ACTIVE,0.957,0.942,0.660,0.545,101.480,88.188,Avail,Compl,Avail,Incmpl,Incmpl,Enable,OBD II (California ARB),OFF,OFF,28.912,0.061,0,1st,OFF,OFF,OFF,OFF,OFF,OFF,0,0.781,ON,OFF,650,0,OFF,OFF,OFF,ON,Gasoline,1.004,OFF,OFF,0.684,ON,1.016,14.902,17,0,0.742,0.742,2.305,0.742,0.918,2.031,46.275,0,14.902,32,0.027,0.070,OFF,ECT 5th,NA,OFF,97.834,97.856,13.333,0,Not Avl,0,0,0,0,ON,ON,0,0,1
212,0,13.750,Not Avl,Compl,Compl,Unable,OFF,Not Avl,Compl,Compl,Unable,OFF,60.938,40.625,34.375,35,19.531,39.551,15.686,31.765,0.781,1.582,ON,0,OFF,ON,ON,1.004,1.000,0.043,0.027,3.371,3.347,0,97,51199.219,13.515,24.706,OFF,OFF,OFF,OFF,OFF,OFF,OFF,Avail,Incmpl,Incmpl,Enable,Avail,412.800,207.600,412.800,207.600,ON,Avail,Compl,Enable,78,0,0,0,0,0,0,6,A,0,0,Avail,Incmpl,Incmpl,Enable,OFF,OFF,745,703.750,51199.219,51199.219,51199.219,51199.219,51199.219,51199.219,1GRFE ,33.333,Avail,Incmpl,Incmpl,Enable,7.996,OFF,OFF,OFF,OFF,ON,ON,Avail,Compl,Enable,Compl,CL,CL,Compl,Unable,Not Avl,Compl,Compl,Enable,OFF,80,15,595,ON,42.500,21.250,0.103,2374,15,21,-3,OFF,1.562,5.469,3.790,OFF,0,0,81,Avail,Compl,Enable,0,GRN2#  ,ON,0,ACTIVE,ACTIVE,0.957,0.942,0.660,0.545,101.480,88.188,Avail,Compl,Avail,Incmpl,Incmpl,Enable,OBD II (California ARB),OFF,OFF,29.034,0.061,0,1st,OFF,OFF,OFF,OFF,OFF,OFF,0.781,1.562,ON,OFF,650,0,OFF,OFF,OFF,ON,Gasoline,1.002,OFF,OFF,0.684,ON,1.016,14.902,17,0,0.742,0.742,2.305,0.742,0.918,2.031,46.275,0,14.902,32,0.027,0.070,OFF,ECT 5th,NA,OFF,97.812,97.702,13.333,0,Not Avl,0,0,0,0,ON,ON,0,0,1
213,0,13.767,Not Avl,Compl,Compl,Unable,OFF,Not Avl,Compl,Compl,Unable,OFF,55.469,40.625,34.375,35,19.531,39.551,15.686,31.765,0.781,1.582,ON,0,OFF,ON,ON,1.004,1.000,0.039,0.027,3.361,3.347,0,97,51199.219,13.515,24.706,OFF,OFF,OFF,OFF,OFF,OFF,OFF,Avail,Incmpl,Incmpl,Enable,Avail,412.600,207.600,412.600,207.600,ON,Avail,Compl,Enable,78,0,0,0,0,0,0,6,A,0,0,Avail,Incmpl,Incmpl,Enable,OFF,OFF,745,700,51199.219,51199.219,51199.219,51199.219,51199.219,51199.219,1GRFE ,33.333,Avail,Incmpl,Incmpl,Enable,7.996,OFF,OFF,OFF,OFF,ON,ON,Avail,Compl,Enable,Compl,CL,CL,Compl,Unable,Not Avl,Compl,Compl,Enable,OFF,80,15,9,ON,42.500,21.250,0.103,2363,15,21,-3,OFF,1.562,5.469,3.760,OFF,0,0,77,Avail,Compl,Enable,0,GRN2#  ,ON,0,ACTIVE,ACTIVE,0.957,0.942,0.605,0.545,100.832,88.188,Avail,Compl,Avail,Incmpl,Incmpl,Enable,OBD II (California ARB),OFF,OFF,29.034,0.061,0,1st,OFF,OFF,OFF,OFF,OFF,OFF,0.781,1.562,ON,OFF,650,0,OFF,OFF,OFF,ON,Gasoline,1.000,OFF,OFF,0.684,ON,1.016,14.902,17,0,0.742,0.742,2.305,0.742,0.918,2.031,46.275,0,14.902,32,0.027,0.070,OFF,ECT 5th,NA,OFF,97.834,97.922,13.333,0,Not Avl,0,0,0,0,ON,ON,0,0,1
214,0,13.767,Not Avl,Compl,Compl,Unable,OFF,Not Avl,Compl,Compl,Unable,OFF,46.094,40.625,34.375,35,19.531,39.551,15.686,31.765,0.781,1.582,ON,0,OFF,ON,ON,1.013,1.001,0.035,0.027,3.357,3.347,0,97,51199.219,13.515,24.706,OFF,OFF,OFF,OFF,OFF,OFF,OFF,Avail,Incmpl,Incmpl,Enable,Avail,412.600,207.600,412.600,207.600,ON,Avail,Compl,Enable,78,0,0,0,0,0,0,6,A,0,0,Avail,Incmpl,Incmpl,Enable,OFF,OFF,746,705.250,51199.219,51199.219,51199.219,51199.219,51199.219,51199.219,1GRFE ,33.333,Avail,Incmpl,Incmpl,Enable,7.996,OFF,OFF,OFF,OFF,ON,ON,Avail,Compl,Enable,Compl,CL,CL,Compl,Unable,Not Avl,Compl,Compl,Enable,OFF,80,15,26,ON,42.500,21.250,0.103,2374,15,21,-3,OFF,1.562,5.469,3.730,OFF,0,0,77,Avail,Compl,Enable,0,GRN2#  ,ON,0,ACTIVE,ACTIVE,0.957,0.942,0.210,0.545,100.184,88.188,Avail,Compl,Avail,Incmpl,Incmpl,Enable,OBD II (California ARB),OFF,OFF,29.034,0.061,0,1st,OFF,OFF,OFF,OFF,OFF,OFF,1.562,1.562,ON,OFF,650,0,OFF,OFF,OFF,ON,Gasoline,0.984,OFF,OFF,0.684,ON,1.016,14.902,17,0,0.742,0.742,2.305,0.742,0.918,2.031,46.275,0,14.902,32,0.027,0.070,OFF,ECT 5th,NA,OFF,97.812,97.702,13.333,0,Not Avl,0,0,0,0,ON,ON,0,0,1
215,0,13.767,Not Avl,Compl,Compl,Unable,OFF,Not Avl,Compl,Compl,Unable,OFF,41.406,40.625,34.375,35,19.531,39.551,15.686,31.765,0.781,1.582,ON,0,OFF,ON,ON,1.013,1.001,0.023,0.031,3.337,3.352,0,97,51199.219,13.515,24.706,OFF,OFF,OFF,OFF,OFF,OFF,OFF,Avail,Incmpl,Incmpl,Enable,Avail,412.400,207.600,412.400,207.600,ON,Avail,Compl,Enable,78,0,0,0,0,0,0,6,A,0,0,Avail,Incmpl,Incmpl,Enable,OFF,OFF,746,707.750,51199.219,51199.219,51199.219,51199.219,51199.219,51199.219,1GRFE ,33.333,Avail,Incmpl,Incmpl,Enable,7.996,OFF,OFF,OFF,OFF,ON,ON,Avail,Compl,Enable,Compl,CL,CL,Compl,Unable,Not Avl,Compl,Compl,Enable,OFF,80,15,40,ON,42.500,21.250,0.104,2388,15,21,-3,OFF,1.562,5.469,3.760,OFF,0,0,82,Avail,Compl,Enable,0,GRN2#  ,ON,0,ACTIVE,ACTIVE,0.962,0.942,0.115,0.545,100.508,88.188,Avail,Compl,Avail,Incmpl,Incmpl,Enable,OBD II (California ARB),OFF,OFF,29.279,0.061,0,1st,OFF,OFF,OFF,OFF,OFF,OFF,2.344,1.562,ON,OFF,650,0,OFF,OFF,OFF,ON,Gasoline,0.975,OFF,OFF,0.684,ON,1.016,14.902,17,0,0.742,0.742,2.305,0.742,0.918,2.031,46.275,0,14.902,32,0.027,0.074,OFF,ECT 5th,NA,OFF,97.856,97.944,13.333,0,Not Avl,0,0,0,0,ON,ON,0,0,1
216,0,13.770,Not Avl,Compl,Compl,Unable,OFF,Not Avl,Compl,Compl,Unable,OFF,40.625,40.625,34.375,35,19.531,39.551,15.686,31.765,0.781,1.582,ON,0,OFF,ON,ON,1.009,1.000,0.008,0.023,3.313,3.342,0,97,51199.219,13.515,24.314,OFF,OFF,OFF,OFF,OFF,OFF,OFF,Avail,Incmpl,Incmpl,Enable,Avail,412.400,207.600,412.400,207.600,ON,Avail,Compl,Enable,78,0,0,0,0,0,0,6,A,0,0,Avail,Incmpl,Incmpl,Enable,OFF,OFF,747,718.750,51199.219,51199.219,51199.219,51199.219,51199.219,51199.219,1GRFE ,33.725,Avail,Incmpl,Incmpl,Enable,7.996,OFF,OFF,OFF,OFF,ON,ON,Avail,Compl,Enable,Compl,CL,CL,Compl,Unable,Not Avl,Compl,Compl,Enable,OFF,80,15,55,ON,42.500,21.250,0.104,2385,15,21,-3,OFF,1.562,5.469,3.780,OFF,0,0,82,Avail,Compl,Enable,0,GRN2#  ,ON,0,ACTIVE,ACTIVE,0.962,0.942,0.115,0.545,100.832,88.188,Avail,Compl,Avail,Incmpl,Incmpl,Enable,OBD II (California ARB),OFF,OFF,29.034,0.061,0,1st,OFF,OFF,OFF,OFF,OFF,OFF,2.344,1.562,ON,OFF,650,0,OFF,OFF,OFF,ON,Gasoline,0.969,OFF,OFF,0.684,ON,1.016,14.902,17,0,0.742,0.742,2.305,0.742,0.918,2.031,46.275,0,14.902,32,0.027,0.074,OFF,ECT 5th,NA,OFF,97.856,97.966,12.941,0,Not Avl,0,0,0,0,ON,ON,0,0,1
217,0,13.768,Not Avl,Compl,Compl,Unable,OFF,Not Avl,Compl,Compl,Unable,OFF,40.625,40.625,34.375,35,19.531,39.551,15.686,31.765,0.781,1.582,ON,0,OFF,ON,ON,1.001,1.002,-0.012,0.031,3.279,3.352,0,97,51199.219,13.515,24.314,OFF,OFF,OFF,OFF,OFF,OFF,OFF,Avail,Incmpl,Incmpl,Enable,Avail,412.200,207.600,412.200,207.600,ON,Avail,Compl,Enable,78,0,0,0,0,0,0,6,A,0,0,Avail,Incmpl,Incmpl,Enable,OFF,OFF,747,718.750,51199.219,51199.219,51199.219,51199.219,51199.219,51199.219,1GRFE ,33.725,Avail,Incmpl,Incmpl,Enable,7.996,OFF,OFF,OFF,OFF,ON,ON,Avail,Compl,Enable,Compl,CL,CL,Compl,Unable,Not Avl,Compl,Compl,Enable,OFF,80,15,73,ON,42.500,21.250,0.104,2377,15,21,-3,OFF,1.562,5.469,3.730,OFF,0,0,82,Avail,Compl,Enable,0,GRN2#  ,ON,0,ACTIVE,ACTIVE,0.962,0.942,0.115,0.545,100.832,88.188,Avail,Compl,Avail,Incmpl,Incmpl,Enable,OBD II (California ARB),OFF,OFF,29.034,0.061,0,1st,OFF,OFF,OFF,OFF,OFF,OFF,2.344,1.562,ON,OFF,650,0,OFF,OFF,OFF,ON,Gasoline,0.967,OFF,OFF,0.684,ON,1.016,14.902,17,0,0.742,0.742,2.305,0.742,0.918,2.031,46.275,0,14.902,32,0.027,0.074,OFF,ECT 5th,NA,OFF,97.834,97.812,12.941,0,Not Avl,0,0,0,0,ON,ON,0,0,1
218,0,13.768,Not Avl,Compl,Compl,Unable,OFF,Not Avl,Compl,Compl,Unable,OFF,40.625,40.625,34.375,35,19.531,39.551,15.686,31.765,0.781,1.582,ON,0,OFF,ON,ON,0.997,1.001,-0.020,0.031,3.264,3.352,0,97,51199.219,13.515,24.314,OFF,OFF,OFF,OFF,OFF,OFF,OFF,Avail,Incmpl,Incmpl,Enable,Avail,412.200,207.600,412.200,207.600,ON,Avail,Compl,Enable,78,0,0,0,0,0,0,6,A,0,0,Avail,Incmpl,Incmpl,Enable,OFF,OFF,748,721.750,51199.219,51199.219,51199.219,51199.219,51199.219,51199.219,1GRFE ,33.333,Avail,Incmpl,Incmpl,Enable,7.996,OFF,OFF,OFF,OFF,ON,ON,Avail,Compl,Enable,Compl,CL,CL,Compl,Unable,Not Avl,Compl,Compl,Enable,OFF,80,15,90,ON,42.500,21.250,0.104,2370,15,21,-3,OFF,1.562,5.469,3.820,OFF,0,0,73,Avail,Compl,Enable,0,GRN2#  ,ON,0,ACTIVE,ACTIVE,0.957,0.942,0.155,0.545,100.508,87.863,Avail,Compl,Avail,Incmpl,Incmpl,Enable,OBD II (California ARB),OFF,OFF,29.150,0.061,0,1st,OFF,OFF,OFF,OFF,OFF,OFF,2.344,1.562,ON,OFF,700,0,OFF,OFF,OFF,ON,Gasoline,0.968,OFF,OFF,0.684,ON,1.016,14.902,17,0,0.742,0.742,2.305,0.742,0.918,2.031,46.275,0,14.902,32,0.031,0.074,OFF,ECT 5th,NA,OFF,97.812,97.702,13.333,0,Not Avl,0,0,0,0,ON,ON,0,0,1
219,0,13.770,Not Avl,Compl,Compl,Unable,OFF,Not Avl,Compl,Compl,Unable,OFF,40.625,55.469,34.375,35,19.531,39.551,15.686,31.765,0.781,1.582,ON,0,OFF,ON,ON,0.996,0.999,-0.023,0.023,3.259,3.342,0,97,51199.219,13.515,23.922,OFF,OFF,OFF,OFF,OFF,OFF,OFF,Avail,Incmpl,Incmpl,Enable,Avail,412.200,207.600,412.200,207.600,ON,Avail,Compl,Enable,78,0,0,0,0,0,0,6,A,0,0,Avail,Incmpl,Incmpl,Enable,OFF,OFF,748,724,51199.219,51199.219,51199.219,51199.219,51199.219,51199.219,1GRFE ,33.333,Avail,Incmpl,Incmpl,Enable,7.996,OFF,OFF,OFF,OFF,ON,ON,Avail,Compl,Enable,Compl,CL,CL,Compl,Unable,Not Avl,Compl,Compl,Enable,OFF,80,15,107,ON,42.500,21.250,0.104,2348,15,21,-3,OFF,1.562,5.469,3.780,OFF,0,0,73,Avail,Compl,Enable,0,GRN2#  ,ON,0,ACTIVE,ACTIVE,0.962,0.942,0.155,0.545,100.832,88.512,Avail,Compl,Avail,Incmpl,Incmpl,Enable,OBD II (California ARB),OFF,OFF,29.150,0.061,0,1st,OFF,OFF,OFF,OFF,OFF,OFF,2.344,2.344,ON,OFF,700,0,OFF,OFF,OFF,ON,Gasoline,0.968,OFF,OFF,0.684,ON,1.016,14.902,17,0,0.742,0.742,2.305,0.742,0.918,2.031,46.275,0,14.902,32,0.031,0.074,OFF,ECT 5th,NA,OFF,97.856,97.966,12.941,0,Not Avl,0,0,0,0,ON,ON,0,0,1
220,0,13.768,Not Avl,Compl,Compl,Unable,OFF,Not Avl,Compl,Compl,Unable,OFF,53.125,59.375,34.375,35,19.531,39.551,15.686,31.765,0.781,1.582,ON,0,OFF,ON,ON,0.997,1.001,-0.016,0.031,3.269,3.352,0,97,51199.219,13.515,24.314,OFF,OFF,OFF,OFF,OFF,OFF,OFF,Avail,Incmpl,Incmpl,Enable,Avail,412,207.600,412,207.600,ON,Avail,Compl,Enable,78,0,0,0,0,0,0,6,A,0,0,Avail,Incmpl,Incmpl,Enable,OFF,OFF,748,717.750,51199.219,51199.219,51199.219,51199.219,51199.219,51199.219,1GRFE ,33.333,Avail,Incmpl,Incmpl,Enable,7.996,OFF,OFF,OFF,OFF,ON,ON,Avail,Compl,Enable,Compl,CL,CL,Compl,Unable,Not Avl,Compl,Compl,Enable,OFF,80,15,123,ON,42.500,21.250,0.104,2352,15,21,-3,OFF,1.562,5.469,3.810,OFF,0,0,81,Avail,Compl,Enable,0,GRN2#  ,ON,0,ACTIVE,ACTIVE,0.957,0.942,0.175,0.565,100.508,88.512,Avail,Compl,Avail,Incmpl,Incmpl,Enable,OBD II (California ARB),OFF,OFF,29.150,0.061,0,1st,OFF,OFF,OFF,OFF,OFF,OFF,2.344,2.344,ON,OFF,650,0,OFF,OFF,OFF,ON,Gasoline,0.970,OFF,OFF,0.684,ON,1.016,14.902,17,0,0.742,0.742,2.305,0.742,0.918,2.031,46.275,0,14.902,32,0.031,0.074,OFF,ECT 5th,NA,OFF,97.834,97.900,13.333,0,Not Avl,0,0,0,0,ON,ON,0,0,1
221,0,13.770,Not Avl,Compl,Compl,Unable,OFF,Not Avl,Compl,Compl,Unable,OFF,58.594,55.469,34.375,35,19.531,39.551,15.686,31.765,0.781,1.582,ON,0,OFF,ON,ON,1.000,1.000,-0.008,0.027,3.283,3.347,0,97,51199.219,13.496,24.314,OFF,OFF,OFF,OFF,OFF,OFF,OFF,Avail,Incmpl,Incmpl,Enable,Avail,412,207.600,412,207.600,ON,Avail,Compl,Enable,78,0,0,0,0,0,0,6,A,0,0,Avail,Incmpl,Incmpl,Enable,OFF,OFF,749,715.500,51199.219,51199.219,51199.219,51199.219,51199.219,51199.219,1GRFE ,33.333,Avail,Incmpl,Incmpl,Enable,7.996,OFF,OFF,OFF,OFF,ON,ON,Avail,Compl,Enable,Compl,CL,CL,Compl,Unable,Not Avl,Compl,Compl,Enable,OFF,80,15,136,ON,42.500,21.250,0.104,2370,15,21,-3,OFF,1.562,5.469,3.750,OFF,0,0,81,Avail,Compl,Enable,0,GRN2#  ,ON,0,ACTIVE,ACTIVE,0.957,0.938,0.175,0.565,100.508,87.863,Avail,Compl,Avail,Incmpl,Incmpl,Enable,OBD II (California ARB),OFF,OFF,29.150,0.061,0,1st,OFF,OFF,OFF,OFF,OFF,OFF,2.344,2.344,ON,OFF,650,0,OFF,OFF,OFF,ON,Gasoline,0.970,OFF,OFF,0.684,ON,1.016,14.902,17,0,0.742,0.742,2.305,0.742,0.918,2.031,46.275,0,14.902,32,0.031,0.074,OFF,ECT 5th,NA,OFF,97.812,97.746,12.941,0,Not Avl,0,0,0,0,ON,ON,0,0,1
222,0,13.768,Not Avl,Compl,Compl,Unable,OFF,Not Avl,Compl,Compl,Unable,OFF,60.938,49.219,34.375,35,19.531,39.551,15.686,31.765,0.781,1.582,ON,0,OFF,ON,ON,0.998,0.998,-0.012,0.020,3.274,3.332,0,97,51199.219,13.515,24.314,OFF,OFF,OFF,OFF,OFF,OFF,OFF,Avail,Incmpl,Incmpl,Enable,Avail,411.800,207.600,411.800,207.600,ON,Avail,Compl,Enable,78,0,0,0,0,0,0,6,A,0,0,Avail,Incmpl,Incmpl,Enable,OFF,OFF,749,718.750,51199.219,51199.219,51199.219,51199.219,51199.219,51199.219,1GRFE ,33.333,Avail,Incmpl,Incmpl,Enable,7.996,OFF,OFF,OFF,OFF,ON,ON,Avail,Compl,Enable,Compl,CL,CL,Compl,Unable,Not Avl,Compl,Compl,Enable,OFF,80,15,151,ON,42.500,21.250,0.103,2370,15,21,-3,OFF,1.562,5.469,3.780,OFF,0,0,78,Avail,Compl,Enable,0,GRN2#  ,ON,0,ACTIVE,ACTIVE,0.962,0.942,0.195,0.565,100.508,88.512,Avail,Compl,Avail,Incmpl,Incmpl,Enable,OBD II (California ARB),OFF,OFF,29.034,0.061,0,1st,OFF,OFF,OFF,OFF,OFF,OFF,2.344,2.344,ON,OFF,650,0,OFF,OFF,OFF,ON,Gasoline,0.971,OFF,OFF,0.684,ON,1.016,14.902,17,0,0.742,0.742,2.305,0.742,0.918,2.031,46.275,0,14.902,32,0.031,0.074,OFF,ECT 5th,NA,OFF,97.812,97.702,12.941,0,Not Avl,0,0,0,0,ON,ON,0,0,1
223,0,13.768,Not Avl,Compl,Compl,Unable,OFF,Not Avl,Compl,Compl,Unable,OFF,60.938,43.750,34.375,35,19.531,39.551,15.686,31.765,0.781,1.582,ON,0,OFF,ON,ON,0.999,0.997,0.004,0.027,3.279,3.332,0,97,51199.219,13.515,24.314,OFF,OFF,OFF,OFF,OFF,OFF,OFF,Avail,Incmpl,Incmpl,Enable,Avail,411.800,207.600,411.800,207.600,ON,Avail,Compl,Enable,78,0,0,0,0,0,0,6,A,0,0,Avail,Incmpl,Incmpl,Enable,OFF,OFF,750,715.500,51199.219,51199.219,51199.219,51199.219,51199.219,51199.219,1GRFE ,33.333,Avail,Incmpl,Incmpl,Enable,7.996,OFF,OFF,OFF,OFF,ON,ON,Avail,Compl,Enable,Compl,CL,CL,Compl,Unable,Not Avl,Compl,Compl,Enable,OFF,80,15,166,ON,42.500,21.250,0.103,2370,15,21,-3,OFF,1.562,5.469,3.750,OFF,0,0,78,Avail,Compl,Enable,0,GRN2#  ,ON,0,ACTIVE,ACTIVE,0.962,0.942,0.195,0.565,101.156,87.863,Avail,Compl,Avail,Incmpl,Incmpl,Enable,OBD II (California ARB),OFF,OFF,29.150,0.092,0,1st,OFF,OFF,OFF,OFF,OFF,OFF,1.562,1.562,ON,OFF,650,0,OFF,OFF,OFF,ON,Gasoline,0.973,OFF,OFF,0.684,ON,1.016,14.902,17,0,0.742,0.742,2.305,0.742,0.918,2.031,46.275,0,14.902,32,0.031,0.074,OFF,ECT 5th,NA,OFF,97.856,97.966,12.941,0,Not Avl,0,0,0,0,ON,ON,0,0,1
224,0,13.768,Not Avl,Compl,Compl,Unable,OFF,Not Avl,Compl,Compl,Unable,OFF,55.469,41.406,34.375,35,19.531,39.551,15.686,31.765,0.781,1.582,ON,0,OFF,ON,ON,0.997,0.998,-0.012,0.020,3.274,3.332,0,97,51199.219,13.515,24.314,OFF,OFF,OFF,OFF,OFF,OFF,OFF,Avail,Incmpl,Incmpl,Enable,Avail,411.800,207.600,411.800,207.600,ON,Avail,Compl,Enable,78,0,0,0,0,0,0,6,A,0,0,Avail,Incmpl,Incmpl,Enable,OFF,OFF,750,710.750,51199.219,51199.219,51199.219,51199.219,51199.219,51199.219,1GRFE ,33.333,Avail,Incmpl,Incmpl,Enable,7.996,OFF,OFF,OFF,OFF,ON,ON,Avail,Compl,Enable,Compl,CL,CL,Compl,Unable,Not Avl,Compl,Compl,Enable,OFF,80,15,180,ON,42.500,21.250,0.103,2370,15,21,-3,OFF,1.562,5.469,3.820,OFF,0,0,78,Avail,Compl,Enable,0,GRN2#  ,ON,0,ACTIVE,ACTIVE,0.962,0.942,0.195,0.565,100.184,87.863,Avail,Compl,Avail,Incmpl,Incmpl,Enable,OBD II (California ARB),OFF,OFF,29.150,0.092,0,1st,OFF,OFF,OFF,OFF,OFF,OFF,1.562,1.562,ON,OFF,650,0,OFF,OFF,OFF,ON,Gasoline,0.973,OFF,OFF,0.684,ON,1.016,14.902,17,0,0.742,0.742,2.305,0.742,0.918,2.031,46.275,0,14.902,32,0.031,0.074,OFF,ECT 5th,NA,OFF,97.856,97.900,13.333,0,Not Avl,0,0,0,0,ON,ON,0,0,1
225,0,13.768,Not Avl,Compl,Compl,Unable,OFF,Not Avl,Compl,Compl,Unable,OFF,47.656,40.625,34.375,35,19.531,39.551,15.686,31.765,0.781,1.582,ON,0,OFF,ON,ON,0.998,0.997,0.004,0.031,3.279,3.332,0,97,51199.219,13.515,24.314,OFF,OFF,OFF,OFF,OFF,OFF,OFF,Avail,Incmpl,Incmpl,Enable,Avail,411.600,207.600,411.600,207.600,ON,Avail,Compl,Enable,78,0,0,0,0,0,0,6,A,0,0,Avail,Incmpl,Incmpl,Enable,OFF,OFF,750,717.750,51199.219,51199.219,51199.219,51199.219,51199.219,51199.219,1GRFE ,33.725,Avail,Incmpl,Incmpl,Enable,7.996,OFF,OFF,OFF,OFF,ON,ON,Avail,Compl,Enable,Compl,CL,CL,Compl,Unable,Not Avl,Compl,Compl,Enable,OFF,80,15,196,ON,42.500,21.250,0.103,2355,15,21,-3,OFF,1.562,5.469,3.790,OFF,0,0,75,Avail,Compl,Enable,0,GRN2#  ,ON,0,ACTIVE,ACTIVE,0.962,0.942,0.210,0.565,101.156,87.863,Avail,Compl,Avail,Incmpl,Incmpl,Enable,OBD II (California ARB),OFF,OFF,29.150,0.092,0,1st,OFF,OFF,OFF,OFF,OFF,OFF,1.562,1.562,ON,OFF,700,0,OFF,OFF,OFF,ON,Gasoline,0.975,OFF,OFF,0.684,ON,1.016,14.902,17,0,0.742,0.742,2.305,0.742,0.918,2.031,46.275,0,14.902,32,0.031,0.074,OFF,ECT 5th,NA,OFF,97.834,97.878,13.333,0,Not Avl,0,0,0,0,ON,ON,0,0,1
226,0,13.771,Not Avl,Compl,Compl,Unable,OFF,Not Avl,Compl,Compl,Unable,OFF,42.969,40.625,34.375,35,19.531,39.551,15.686,31.765,0.781,1.582,ON,0,OFF,ON,ON,0.997,0.997,-0.012,0.020,3.274,3.332,0,97,51199.219,13.515,24.314,OFF,OFF,OFF,OFF,OFF,OFF,OFF,Avail,Incmpl,Incmpl,Enable,Avail,411.600,207.600,411.600,207.600,ON,Avail,Compl,Enable,78,0,0,0,0,0,0,6,A,0,0,Avail,Incmpl,Incmpl,Enable,OFF,OFF,751,721.750,51199.219,51199.219,51199.219,51199.219,51199.219,51199.219,1GRFE ,33.333,Avail,Incmpl,Incmpl,Enable,7.996,OFF,OFF,OFF,OFF,ON,ON,Avail,Compl,Enable,Compl,CL,CL,Compl,Unable,Not Avl,Compl,Compl,Enable,OFF,80,15,213,ON,42.500,21.250,0.103,2348,15,21,-3,OFF,1.562,5.469,3.780,OFF,0,0,75,Avail,Compl,Enable,0,GRN2#  ,ON,0,ACTIVE,ACTIVE,0.962,0.942,0.210,0.565,100.832,88.188,Avail,Compl,Avail,Incmpl,Incmpl,Enable,OBD II (California ARB),OFF,OFF,29.150,0.092,0,1st,OFF,OFF,OFF,OFF,OFF,OFF,1.562,1.562,ON,OFF,700,0,OFF,OFF,OFF,ON,Gasoline,0.975,OFF,OFF,0.684,ON,1.016,14.902,17,0,0.742,0.742,2.305,0.742,0.918,2.031,46.275,0,14.902,32,0.031,0.078,OFF,ECT 5th,NA,OFF,97.834,97.856,12.941,0,Not Avl,0,0,0,0,ON,ON,0,0,1
227,0,13.771,Not Avl,Compl,Compl,Unable,OFF,Not Avl,Compl,Compl,Unable,OFF,40.625,40.625,34.375,35,19.531,39.551,15.686,31.765,0.781,1.582,ON,0,OFF,ON,ON,0.997,0.998,-0.012,0.023,3.279,3.337,0,97,51199.219,13.515,24.314,OFF,OFF,OFF,OFF,OFF,OFF,OFF,Avail,Incmpl,Incmpl,Enable,Avail,411.400,207.600,411.400,207.600,ON,Avail,Compl,Enable,79,0,0,0,0,0,0,6,A,0,0,Avail,Incmpl,Incmpl,Enable,OFF,OFF,751,717.750,51199.219,51199.219,51199.219,51199.219,51199.219,51199.219,1GRFE ,33.333,Avail,Incmpl,Incmpl,Enable,7.996,OFF,OFF,OFF,OFF,ON,ON,Avail,Compl,Enable,Compl,CL,CL,Compl,Unable,Not Avl,Compl,Compl,Enable,OFF,80,15,228,ON,42.500,21.250,0.103,2363,15,21,-3,OFF,1.562,5.469,3.780,OFF,0,0,85,Avail,Compl,Enable,0,GRN2#  ,ON,0,ACTIVE,ACTIVE,0.962,0.942,0.230,0.565,100.832,88.188,Avail,Compl,Avail,Incmpl,Incmpl,Enable,OBD II (California ARB),OFF,OFF,28.790,0.092,0,1st,OFF,OFF,OFF,OFF,OFF,OFF,1.562,1.562,ON,OFF,650,0,OFF,OFF,OFF,ON,Gasoline,0.976,OFF,OFF,0.684,ON,1.016,14.902,17,0,0.742,0.742,2.305,0.742,0.918,2.031,46.275,0,14.902,32,0.035,0.078,OFF,ECT 5th,NA,OFF,97.812,97.702,13.333,0,Not Avl,0,0,0,0,ON,ON,0,0,1
228,0,13.770,Not Avl,Compl,Compl,Unable,OFF,Not Avl,Compl,Compl,Unable,OFF,40.625,40.625,34.375,35,19.531,39.551,15.686,31.765,0.781,1.582,ON,0,OFF,ON,ON,0.999,0.997,-0.004,0.020,3.288,3.332,0,97,51199.219,13.515,24.314,OFF,OFF,OFF,OFF,OFF,OFF,OFF,Avail,Incmpl,Incmpl,Enable,Avail,411.400,207.600,411.400,207.600,ON,Avail,Compl,Enable,79,0,0,0,0,0,0,6,A,0,0,Avail,Incmpl,Incmpl,Enable,OFF,OFF,752,717.750,51199.219,51199.219,51199.219,51199.219,51199.219,51199.219,1GRFE ,33.333,Avail,Incmpl,Incmpl,Enable,7.996,OFF,OFF,OFF,OFF,ON,ON,Avail,Compl,Enable,Compl,CL,CL,Compl,Unable,Not Avl,Compl,Compl,Enable,OFF,80,15,243,ON,42.500,21.250,0.103,2359,15,21,-3,OFF,1.562,5.469,3.760,OFF,0,0,85,Avail,Compl,Enable,0,GRN2#  ,ON,0,ACTIVE,ACTIVE,0.957,0.942,0.230,0.565,101.480,88.188,Avail,Compl,Avail,Incmpl,Incmpl,Enable,OBD II (California ARB),OFF,OFF,29.150,0.092,0,1st,OFF,OFF,OFF,OFF,OFF,OFF,1.562,1.562,ON,OFF,650,0,OFF,OFF,OFF,ON,Gasoline,0.977,OFF,OFF,0.684,ON,1.016,14.902,17,0,0.742,0.742,2.305,0.742,0.918,2.031,46.275,0,14.902,32,0.035,0.074,OFF,ECT 5th,NA,OFF,97.834,97.944,12.941,0,Not Avl,0,0,0,0,ON,ON,0,0,1
229,0,13.765,Not Avl,Compl,Compl,Unable,OFF,Not Avl,Compl,Compl,Unable,OFF,40.625,40.625,34.375,35,19.531,39.551,15.686,31.765,0.781,1.582,ON,0,OFF,ON,ON,0.998,0.998,-0.004,0.023,3.288,3.337,0,97,51199.219,13.515,24.314,OFF,OFF,OFF,OFF,OFF,OFF,OFF,Avail,Incmpl,Incmpl,Enable,Avail,411.400,207.600,411.400,207.600,ON,Avail,Compl,Enable,78,0,0,0,0,0,0,6,A,0,0,Avail,Incmpl,Incmpl,Enable,OFF,OFF,752,710.750,51199.219,51199.219,51199.219,51199.219,51199.219,51199.219,1GRFE ,33.333,Avail,Incmpl,Incmpl,Enable,7.996,OFF,OFF,OFF,OFF,ON,ON,Avail,Compl,Enable,Compl,CL,CL,Compl,Unable,Not Avl,Compl,Compl,Enable,OFF,80,15,258,ON,42.500,21.250,0.103,2377,15,21,-3,OFF,1.562,5.469,3.820,OFF,0,0,85,Avail,Compl,Enable,0,GRN2#  ,ON,0,ACTIVE,ACTIVE,0.962,0.942,0.250,0.565,101.480,88.512,Avail,Compl,Avail,Incmpl,Incmpl,Enable,OBD II (California ARB),OFF,OFF,28.912,0.122,0,1st,OFF,OFF,OFF,OFF,OFF,OFF,1.562,1.562,ON,OFF,650,0,OFF,OFF,OFF,ON,Gasoline,0.979,OFF,OFF,0.684,ON,1.016,14.902,17,0,0.742,0.742,2.305,0.742,0.918,2.031,46.275,0,14.902,32,0.035,0.074,OFF,ECT 5th,NA,OFF,97.856,97.966,13.333,0,Not Avl,0,0,0,0,ON,ON,0,0,1
230,0,13.770,Not Avl,Compl,Compl,Unable,OFF,Not Avl,Compl,Compl,Unable,OFF,40.625,42.969,34.375,35,19.531,39.551,15.686,31.765,0.781,1.582,ON,0,OFF,ON,ON,0.998,0.997,-0.008,0.020,3.283,3.332,0,97,51199.219,13.515,24.314,OFF,OFF,OFF,OFF,OFF,OFF,OFF,Avail,Incmpl,Incmpl,Enable,Avail,411.200,207.600,411.200,207.600,ON,Avail,Compl,Enable,79,0,0,0,0,0,0,6,A,0,0,Avail,Incmpl,Incmpl,Enable,OFF,OFF,752,719.500,51199.219,51199.219,51199.219,51199.219,51199.219,51199.219,1GRFE ,33.333,Avail,Incmpl,Incmpl,Enable,7.996,OFF,OFF,OFF,OFF,ON,ON,Avail,Compl,Enable,Compl,CL,CL,Compl,Unable,Not Avl,Compl,Compl,Enable,OFF,80,15,271,ON,42.500,21.250,0.104,2366,15,21,-3,OFF,1.562,5.469,3.780,OFF,0,0,78,Avail,Compl,Enable,0,GRN2#  ,ON,0,ACTIVE,ACTIVE,0.962,0.942,0.250,0.565,101.156,88.836,Avail,Compl,Avail,Incmpl,Incmpl,Enable,OBD II (California ARB),OFF,OFF,29.150,0.122,0,1st,OFF,OFF,OFF,OFF,OFF,OFF,1.562,1.562,ON,OFF,650,0,OFF,OFF,OFF,ON,Gasoline,0.979,OFF,OFF,0.684,ON,1.016,14.902,17,0,0.742,0.742,2.305,0.742,0.918,2.031,46.275,0,14.902,32,0.035,0.074,OFF,ECT 5th,NA,OFF,97.834,97.856,12.941,0,Not Avl,0,0,0,0,ON,ON,0,0,1
231,0,13.770,Not Avl,Compl,Compl,Unable,OFF,Not Avl,Compl,Compl,Unable,OFF,40.625,50.781,34.375,35,19.531,39.551,15.686,31.765,0.781,1.582,ON,0,OFF,ON,ON,1.000,0.999,0,0.023,3.298,3.342,0,97,51199.219,13.515,24.314,OFF,OFF,OFF,OFF,OFF,OFF,OFF,Avail,Incmpl,Incmpl,Enable,Avail,411.200,207.600,411.200,207.600,ON,Avail,Compl,Enable,78,0,0,0,0,0,0,6,A,0,0,Avail,Incmpl,Incmpl,Enable,OFF,OFF,753,713.250,51199.219,51199.219,51199.219,51199.219,51199.219,51199.219,1GRFE ,33.333,Avail,Incmpl,Incmpl,Enable,7.996,OFF,OFF,OFF,OFF,ON,ON,Avail,Compl,Enable,Compl,CL,CL,Compl,Unable,Not Avl,Compl,Compl,Enable,OFF,80,15,286,ON,42.500,21.250,0.104,2381,15,21,-3,OFF,1.562,5.469,3.780,OFF,0,0,78,Avail,Compl,Enable,0,GRN2#  ,ON,0,ACTIVE,ACTIVE,0.957,0.942,0.270,0.565,100.832,88.512,Avail,Compl,Avail,Incmpl,Incmpl,Enable,OBD II (California ARB),OFF,OFF,29.626,0.122,0,1st,OFF,OFF,OFF,OFF,OFF,OFF,1.562,1.562,ON,OFF,650,0,OFF,OFF,OFF,ON,Gasoline,0.979,OFF,OFF,0.684,ON,1.016,14.902,16,0,0.742,0.742,2.305,0.742,0.918,2.031,46.275,0,14.902,32,0.035,0.074,OFF,ECT 5th,NA,OFF,97.812,97.702,13.333,0,Not Avl,0,0,0,0,ON,ON,0,0,1
232,0,13.771,Not Avl,Compl,Compl,Unable,OFF,Not Avl,Compl,Compl,Unable,OFF,53.125,57.812,34.375,35,19.531,39.551,15.686,31.765,0.781,1.582,ON,0,OFF,ON,ON,0.995,0.997,-0.012,0.016,3.274,3.327,0,97,51199.219,13.515,24.314,OFF,OFF,OFF,OFF,OFF,OFF,OFF,Avail,Incmpl,Incmpl,Enable,Avail,411,207.600,411,207.600,ON,Avail,Compl,Enable,79,0,0,0,0,0,0,6,A,0,0,Avail,Incmpl,Incmpl,Enable,OFF,OFF,753,721.750,51199.219,51199.219,51199.219,51199.219,51199.219,51199.219,1GRFE ,33.725,Avail,Incmpl,Incmpl,Enable,7.996,OFF,OFF,OFF,OFF,ON,ON,Avail,Compl,Enable,Compl,CL,CL,Compl,Unable,Not Avl,Compl,Compl,Enable,OFF,80,15,301,ON,42.500,21.250,0.104,2355,15,21,-3,OFF,1.562,5.469,3.820,OFF,0,0,60,Avail,Compl,Enable,0,GRN2#  ,ON,0,ACTIVE,ACTIVE,0.962,0.942,0.270,0.565,101.805,88.512,Avail,Compl,Avail,Incmpl,Incmpl,Enable,OBD II (California ARB),OFF,OFF,29.034,0.122,0,1st,OFF,OFF,OFF,OFF,OFF,OFF,1.562,1.562,ON,OFF,700,0,OFF,OFF,OFF,ON,Gasoline,0.980,OFF,OFF,0.684,ON,1.016,14.902,17,0,0.742,0.742,2.305,0.742,0.918,2.031,46.275,0,14.902,32,0.035,0.074,OFF,ECT 5th,NA,OFF,97.812,97.746,13.333,0,Not Avl,0,0,0,0,ON,ON,0,0,1
233,0,13.759,Not Avl,Compl,Compl,Unable,OFF,Not Avl,Compl,Compl,Unable,OFF,58.594,60.156,34.375,35,19.531,39.551,15.686,31.765,0.781,1.582,ON,0,OFF,ON,ON,0.996,0.997,0.004,0.027,3.279,3.327,0,97,51199.219,13.515,24.314,OFF,OFF,OFF,OFF,OFF,OFF,OFF,Avail,Incmpl,Incmpl,Enable,Avail,411,207.600,411,207.600,ON,Avail,Compl,Enable,79,0,0,0,0,0,0,6,A,0,0,Avail,Incmpl,Incmpl,Enable,OFF,OFF,754,712.500,51199.219,51199.219,51199.219,51199.219,51199.219,51199.219,1GRFE ,33.333,Avail,Incmpl,Incmpl,Enable,7.996,OFF,OFF,OFF,OFF,ON,ON,Avail,Compl,Enable,Compl,CL,CL,Compl,Unable,Not Avl,Compl,Compl,Enable,OFF,80,15,316,ON,42.500,21.250,0.104,2352,15,21,-3,OFF,1.562,5.469,3.760,OFF,0,0,60,Avail,Compl,Enable,0,GRN2#  ,ON,0,ACTIVE,ACTIVE,0.957,0.942,0.290,0.565,101.480,88.512,Avail,Compl,Avail,Incmpl,Incmpl,Enable,OBD II (California ARB),OFF,OFF,29.150,0.122,0,1st,OFF,OFF,OFF,OFF,OFF,OFF,1.562,1.562,ON,OFF,650,0,OFF,OFF,OFF,ON,Gasoline,0.981,OFF,OFF,0.684,ON,1.016,14.902,17,0,0.742,0.742,2.305,0.742,0.918,2.031,46.275,0,14.902,32,0.035,0.074,OFF,ECT 5th,NA,OFF,97.856,97.966,13.333,0,Not Avl,0,0,0,0,ON,ON,0,0,1
234,0,13.768,Not Avl,Compl,Compl,Unable,OFF,Not Avl,Compl,Compl,Unable,OFF,60.938,60.938,34.375,35,19.531,39.551,15.686,31.765,0.781,1.582,ON,0,OFF,ON,ON,0.994,0.998,-0.016,0.020,3.269,3.332,0,97,51199.219,13.496,24.314,OFF,OFF,OFF,OFF,OFF,OFF,OFF,Avail,Incmpl,Incmpl,Enable,Avail,411,207.600,411,207.600,ON,Avail,Compl,Enable,78,0,0,0,0,0,0,6,A,0,0,Avail,Incmpl,Incmpl,Enable,OFF,OFF,754,713.250,51199.219,51199.219,51199.219,51199.219,51199.219,51199.219,1GRFE ,33.333,Avail,Incmpl,Incmpl,Enable,7.996,OFF,OFF,OFF,OFF,ON,ON,Avail,Compl,Enable,Compl,CL,CL,Compl,Unable,Not Avl,Compl,Compl,Enable,OFF,80,15,329,ON,42.500,21.250,0.104,2363,15,21,-3,OFF,1.562,5.469,3.780,OFF,0,0,60,Avail,Compl,Enable,0,GRN2#  ,ON,0,ACTIVE,ACTIVE,0.957,0.942,0.310,0.565,101.480,88.188,Avail,Compl,Avail,Incmpl,Incmpl,Enable,OBD II (California ARB),OFF,OFF,28.790,0.122,0,1st,OFF,OFF,OFF,OFF,OFF,OFF,0.781,1.562,ON,OFF,650,0,OFF,OFF,OFF,ON,Gasoline,0.983,OFF,OFF,0.684,ON,1.016,14.902,16,0,0.742,0.742,2.305,0.742,0.918,2.031,46.275,0,14.902,32,0.035,0.074,OFF,ECT 5th,NA,OFF,97.834,97.900,13.333,0,Not Avl,0,0,0,0,ON,ON,0,0,1
235,0,13.778,Not Avl,Compl,Compl,Unable,OFF,Not Avl,Compl,Compl,Unable,OFF,60.938,51.562,34.375,35,19.531,39.551,15.686,31.765,0.781,1.582,ON,0,OFF,ON,ON,0.997,0.999,0,0.023,3.293,3.342,0,97,51199.219,13.515,24.314,OFF,OFF,OFF,OFF,OFF,OFF,OFF,Avail,Incmpl,Incmpl,Enable,Avail,410.800,207.600,410.800,207.600,ON,Avail,Compl,Enable,79,0,0,0,0,0,0,6,A,0,0,Avail,Incmpl,Incmpl,Enable,OFF,OFF,754,706.250,51199.219,51199.219,51199.219,51199.219,51199.219,51199.219,1GRFE ,33.333,Avail,Incmpl,Incmpl,Enable,7.996,OFF,OFF,OFF,OFF,ON,ON,Avail,Compl,Enable,Compl,CL,CL,Compl,Unable,Not Avl,Compl,Compl,Enable,OFF,80,15,341,ON,42.500,21.250,0.103,2381,15,21,-3,OFF,1.562,5.469,3.760,OFF,0,0,82,Avail,Compl,Enable,0,GRN2#  ,ON,0,ACTIVE,ACTIVE,0.957,0.938,0.330,0.565,102.129,88.512,Avail,Compl,Avail,Incmpl,Incmpl,Enable,OBD II (California ARB),OFF,OFF,28.912,0.122,0,1st,OFF,OFF,OFF,OFF,OFF,OFF,0.781,1.562,ON,OFF,650,0,OFF,OFF,OFF,ON,Gasoline,0.984,OFF,OFF,0.684,ON,1.016,14.902,16,0,0.742,0.742,2.305,0.742,0.918,2.031,46.275,0,14.902,32,0.035,0.074,OFF,ECT 5th,NA,OFF,97.856,97.966,13.333,0,Not Avl,0,0,0,0,ON,ON,0,0,1
236,0,13.768,Not Avl,Compl,Compl,Unable,OFF,Not Avl,Compl,Compl,Unable,OFF,60.938,44.531,34.375,35,19.531,39.551,15.686,31.765,0.781,1.582,ON,0,OFF,ON,ON,0.996,1.000,0,0.027,3.293,3.347,0,97,51199.219,13.515,24.706,OFF,OFF,OFF,OFF,OFF,OFF,OFF,Avail,Incmpl,Incmpl,Enable,Avail,410.800,207.600,410.800,207.600,ON,Avail,Compl,Enable,79,0,0,0,0,0,0,6,A,0,0,Avail,Incmpl,Incmpl,Enable,OFF,OFF,755,703.750,51199.219,51199.219,51199.219,51199.219,51199.219,51199.219,1GRFE ,33.333,Avail,Incmpl,Incmpl,Enable,7.996,OFF,OFF,OFF,OFF,ON,ON,Avail,Compl,Enable,Compl,CL,CL,Compl,Unable,Not Avl,Compl,Compl,Enable,OFF,80,15,356,ON,42.500,21.250,0.103,2385,15,21,-3,OFF,1.562,5.469,3.780,OFF,0,0,82,Avail,Compl,Enable,0,GRN2#  ,ON,0,ACTIVE,ACTIVE,0.962,0.942,0.350,0.565,101.805,88.512,Avail,Compl,Avail,Incmpl,Incmpl,Enable,OBD II (California ARB),OFF,OFF,28.790,0.122,0,1st,OFF,OFF,OFF,OFF,OFF,OFF,0.781,1.562,ON,OFF,650,0,OFF,OFF,OFF,ON,Gasoline,0.986,OFF,OFF,0.684,ON,0.938,14.902,16,0,0.742,0.742,2.305,0.742,0.918,2.031,46.275,0,14.902,32,0.035,0.074,OFF,ECT 5th,NA,OFF,97.856,97.900,13.333,0,Not Avl,0,0,0,0,ON,ON,0,0,1
237,0,13.770,Not Avl,Compl,Compl,Unable,OFF,Not Avl,Compl,Compl,Unable,OFF,48.438,41.406,34.375,35,19.531,39.551,15.686,31.765,0.781,1.582,ON,0,OFF,ON,ON,0.998,0.998,0,0.023,3.303,3.337,0,97,51199.219,13.515,24.314,OFF,OFF,OFF,OFF,OFF,OFF,OFF,Avail,Incmpl,Incmpl,Enable,Avail,410.800,207.600,410.800,207.600,ON,Avail,Compl,Enable,79,0,0,0,0,0,0,6,A,0,0,Avail,Incmpl,Incmpl,Enable,OFF,OFF,755,717,51199.219,51199.219,51199.219,51199.219,51199.219,51199.219,1GRFE ,33.725,Avail,Incmpl,Incmpl,Enable,7.996,OFF,OFF,OFF,OFF,ON,ON,Avail,Compl,Enable,Compl,CL,CL,Compl,Unable,Not Avl,Compl,Compl,Enable,OFF,80,15,372,ON,42.500,21.250,0.103,2370,15,21,-3,OFF,1.562,5.469,3.820,OFF,0,0,82,Avail,Compl,Enable,0,GRN2#  ,ON,0,ACTIVE,ACTIVE,0.962,0.942,0.370,0.565,101.805,87.863,Avail,Compl,Avail,Incmpl,Incmpl,Enable,OBD II (California ARB),OFF,OFF,29.279,0.122,0,1st,OFF,OFF,OFF,OFF,OFF,OFF,0.781,1.562,ON,OFF,650,0,OFF,OFF,OFF,ON,Gasoline,0.987,OFF,OFF,0.684,ON,1.016,14.902,16,0,0.742,0.742,2.305,0.742,0.918,2.031,46.275,0,14.902,32,0.035,0.074,OFF,ECT 5th,NA,OFF,97.834,97.878,13.333,0,Not Avl,0,0,0,0,ON,ON,0,0,1
238,0,13.770,Not Avl,Compl,Compl,Unable,OFF,Not Avl,Compl,Compl,Unable,OFF,42.188,40.625,34.375,35,19.531,39.551,15.686,31.765,0.781,1.582,ON,0,OFF,ON,ON,0.994,0.996,-0.008,-0.137,3.283,3.078,0,97,51199.219,13.515,24.314,OFF,OFF,OFF,OFF,OFF,OFF,OFF,Avail,Incmpl,Incmpl,Enable,Avail,410.700,207.600,410.700,207.600,ON,Avail,Compl,Enable,78,0,0,0,0,0,0,6,A,0,0,Avail,Incmpl,Incmpl,Enable,OFF,OFF,756,723.250,51199.219,51199.219,51199.219,51199.219,51199.219,51199.219,1GRFE ,33.725,Avail,Incmpl,Incmpl,Enable,7.996,OFF,OFF,OFF,OFF,ON,ON,Avail,Compl,Enable,Compl,CL,CL,Compl,Unable,Not Avl,Compl,Compl,Enable,OFF,80,15,389,ON,42.500,21.250,0.103,2363,15,21,-3,OFF,1.562,5.469,3.780,OFF,0,0,84,Avail,Compl,Enable,0,GRN2#  ,ON,0,ACTIVE,ACTIVE,0.957,0.938,0.390,0.565,102.777,87.863,Avail,Compl,Avail,Incmpl,Incmpl,Enable,OBD II (California ARB),OFF,OFF,29.395,0.122,0,1st,OFF,OFF,OFF,OFF,OFF,OFF,0.781,1.562,ON,OFF,700,0,OFF,OFF,OFF,ON,Gasoline,0.988,OFF,OFF,0.684,ON,0.938,14.902,16,0,0.742,0.742,2.305,0.742,0.918,2.031,46.275,0,14.902,32,0.035,0.074,OFF,ECT 5th,NA,OFF,97.834,97.856,12.941,0,Not Avl,0,0,0,0,ON,ON,0,0,1
239,0,13.770,Not Avl,Compl,Compl,Unable,OFF,Not Avl,Compl,Compl,Unable,OFF,40.625,40.625,34.375,35,19.531,39.551,15.686,31.765,0.781,1.582,ON,0,OFF,ON,ON,0.993,0.999,-0.004,0.023,3.288,3.337,0,97,51199.219,13.515,23.922,OFF,OFF,OFF,OFF,OFF,OFF,OFF,Avail,Incmpl,Incmpl,Enable,Avail,410.700,207.600,410.700,207.600,ON,Avail,Compl,Enable,78,0,0,0,0,0,0,6,A,0,0,Avail,Incmpl,Incmpl,Enable,OFF,OFF,756,723.250,51199.219,51199.219,51199.219,51199.219,51199.219,51199.219,1GRFE ,33.333,Avail,Incmpl,Incmpl,Enable,7.996,OFF,OFF,OFF,OFF,ON,ON,Avail,Compl,Enable,Compl,CL,CL,Compl,Unable,Not Avl,Compl,Compl,Enable,OFF,80,15,404,ON,42.500,21.250,0.104,2345,15,21,-3,OFF,1.562,5.469,3.820,OFF,0,0,84,Avail,Compl,Enable,0,GRN2#  ,ON,0,ACTIVE,ACTIVE,0.957,0.942,0.425,0.565,102.453,88.512,Avail,Compl,Avail,Incmpl,Incmpl,Enable,OBD II (California ARB),OFF,OFF,29.150,0.122,0,1st,OFF,OFF,OFF,OFF,OFF,OFF,0.781,1.562,ON,OFF,700,0,OFF,OFF,OFF,ON,Gasoline,0.990,OFF,OFF,0.684,ON,1.016,14.902,16,0,0.742,0.742,2.305,0.742,0.918,2.031,46.275,0,14.902,32,0.035,0.070,OFF,ECT 5th,NA,OFF,97.812,97.702,13.333,0,Not Avl,0,0,0,0,ON,ON,0,0,1
240,0,13.770,Not Avl,Compl,Compl,Unable,OFF,Not Avl,Compl,Compl,Unable,OFF,40.625,40.625,34.375,35,19.531,39.551,15.686,31.765,0.781,1.582,ON,0,OFF,ON,ON,0.994,0.997,0,0.016,3.298,3.327,0,97,51199.219,13.515,24.314,OFF,OFF,OFF,OFF,OFF,OFF,OFF,Avail,Incmpl,Incmpl,Enable,Avail,410.500,207.600,410.500,207.600,ON,Avail,Compl,Enable,79,0,0,0,0,0,0,6,A,0,0,Avail,Incmpl,Incmpl,Enable,OFF,OFF,757,711.500,51199.219,51199.219,51199.219,51199.219,51199.219,51199.219,1GRFE ,33.333,Avail,Incmpl,Incmpl,Enable,7.996,OFF,OFF,OFF,OFF,ON,ON,Avail,Compl,Enable,Compl,CL,CL,Compl,Unable,Not Avl,Compl,Compl,Enable,OFF,80,15.500,420,ON,42.500,21.250,0.104,2341,15,21,-3,OFF,1.562,5.469,3.790,OFF,0,0,76,Avail,Compl,Enable,0,GRN2#  ,ON,0,ACTIVE,ACTIVE,0.962,0.942,0.445,0.565,102.777,88.512,Avail,Compl,Avail,Incmpl,Incmpl,Enable,OBD II (California ARB),OFF,OFF,28.668,0.122,0,1st,OFF,OFF,OFF,OFF,OFF,OFF,0,0.781,ON,OFF,650,0,OFF,OFF,OFF,ON,Gasoline,0.994,OFF,OFF,0.684,ON,0.938,14.902,16,0,0.742,0.742,2.305,0.742,0.918,2.031,46.275,0,14.902,32,0.035,0.070,OFF,ECT 5th,NA,OFF,97.834,97.922,13.333,0,Not Avl,0,0,0,0,ON,ON,0,0,1
241,0,13.768,Not Avl,Compl,Compl,Unable,OFF,Not Avl,Compl,Compl,Unable,OFF,40.625,40.625,34.375,35,19.531,39.551,15.686,31.765,0.781,1.582,ON,0,OFF,ON,ON,0.998,1.000,0.012,0.023,3.322,3.342,0,97,51199.219,13.515,24.314,OFF,OFF,OFF,OFF,OFF,OFF,OFF,Avail,Incmpl,Incmpl,Enable,Avail,410.500,207.600,410.500,207.600,ON,Avail,Compl,Enable,79,0,0,0,0,0,0,6,A,0,0,Avail,Incmpl,Incmpl,Enable,OFF,OFF,757,711.500,51199.219,51199.219,51199.219,51199.219,51199.219,51199.219,1GRFE ,32.941,Avail,Incmpl,Incmpl,Enable,7.996,OFF,OFF,OFF,OFF,ON,ON,Avail,Compl,Enable,Compl,CL,CL,Compl,Unable,Not Avl,Compl,Compl,Enable,OFF,80,15,434,ON,42.500,21.250,0.104,2348,15,21,-3,OFF,1.562,5.469,3.780,OFF,0,0,76,Avail,Compl,Enable,0,GRN2#  ,ON,0,ACTIVE,ACTIVE,0.962,0.942,0.465,0.565,102.777,88.512,Avail,Compl,Avail,Incmpl,Incmpl,Enable,OBD II (California ARB),OFF,OFF,28.668,0.122,0,1st,OFF,OFF,OFF,OFF,OFF,OFF,0.781,1.562,ON,OFF,650,0,OFF,OFF,OFF,ON,Gasoline,0.997,OFF,OFF,0.684,ON,0.938,14.902,16,0,0.742,0.742,2.305,0.742,0.918,2.031,46.275,0,14.902,32,0.031,0.070,OFF,ECT 5th,NA,OFF,97.856,97.966,13.333,0,Not Avl,0,0,0,0,ON,ON,0,0,1
242,0,13.768,Not Avl,Compl,Compl,Unable,OFF,Not Avl,Compl,Compl,Unable,OFF,40.625,40.625,34.375,35,19.531,39.551,15.686,31.765,0.781,1.582,ON,0,OFF,ON,ON,0.998,1.002,0.020,0.035,3.332,3.357,0,97,51199.219,13.515,24.314,OFF,OFF,OFF,OFF,OFF,OFF,OFF,Avail,Incmpl,Incmpl,Enable,Avail,410.300,207.600,410.300,207.600,ON,Avail,Compl,Enable,79,0,0,0,0,0,0,6,A,0,0,Avail,Incmpl,Incmpl,Enable,OFF,OFF,757,712.500,51199.219,51199.219,51199.219,51199.219,51199.219,51199.219,1GRFE ,33.333,Avail,Incmpl,Incmpl,Enable,7.996,OFF,OFF,OFF,OFF,ON,ON,Avail,Compl,Enable,Compl,CL,CL,Compl,Unable,Not Avl,Compl,Compl,Enable,OFF,80,15,451,ON,42.500,21.250,0.102,2356,15,21,-3,OFF,1.562,5.469,3.730,OFF,0,0,67,Avail,Compl,Enable,0,GRN2#  ,ON,0,ACTIVE,ACTIVE,0.962,0.942,0.485,0.565,102.129,88.512,Avail,Compl,Avail,Incmpl,Incmpl,Enable,OBD II (California ARB),OFF,OFF,28.912,0.122,0,1st,OFF,OFF,OFF,OFF,OFF,OFF,0.781,1.562,ON,OFF,650,0,OFF,OFF,OFF,ON,Gasoline,0.997,OFF,OFF,0.684,ON,0.938,14.902,16,0,0.742,0.742,2.305,0.742,0.918,2.031,46.275,0,14.902,32,0.031,0.070,OFF,ECT 5th,NA,OFF,97.834,97.768,12.941,0,Not Avl,0,0,0,0,ON,ON,0,0,1
243,0,13.759,Not Avl,Compl,Compl,Unable,OFF,Not Avl,Compl,Compl,Unable,OFF,46.094,40.625,34.375,35,19.531,39.551,15.686,31.765,0.781,1.582,ON,0,OFF,ON,ON,1.004,1.001,0.031,0.031,3.352,3.352,0,97,51199.219,13.496,24.314,OFF,OFF,OFF,OFF,OFF,OFF,OFF,Avail,Incmpl,Incmpl,Enable,Avail,410.300,207.600,410.300,207.600,ON,Avail,Compl,Enable,79,0,0,0,0,0,0,6,A,0,0,Avail,Incmpl,Incmpl,Enable,OFF,OFF,758,710,51199.219,51199.219,51199.219,51199.219,51199.219,51199.219,1GRFE ,33.333,Avail,Incmpl,Incmpl,Enable,7.996,OFF,OFF,OFF,OFF,ON,ON,Avail,Compl,Enable,Compl,CL,CL,Compl,Unable,Not Avl,Compl,Compl,Enable,OFF,80,15,464,ON,42.500,21.250,0.102,2359,15,21,-3,OFF,1.562,5.469,3.730,OFF,0,0,67,Avail,Compl,Enable,0,GRN2#  ,ON,0,ACTIVE,ACTIVE,0.957,0.938,0.505,0.565,101.805,88.512,Avail,Compl,Avail,Incmpl,Incmpl,Enable,OBD II (California ARB),OFF,OFF,29.150,0.122,0,1st,OFF,OFF,OFF,OFF,OFF,OFF,0.781,1.562,ON,OFF,650,0,OFF,OFF,OFF,ON,Gasoline,0.996,OFF,OFF,0.684,ON,0.938,14.902,16,0,0.742,0.742,2.305,0.742,0.918,2.031,46.275,0,14.902,32,0.031,0.070,OFF,ECT 5th,NA,OFF,97.834,97.900,12.941,0,Not Avl,0,0,0,0,ON,ON,0,0,1
244,0,13.768,Not Avl,Compl,Compl,Unable,OFF,Not Avl,Compl,Compl,Unable,OFF,55.469,40.625,34.375,35,19.531,39.551,15.686,31.765,0.781,1.582,ON,0,OFF,ON,ON,1.000,0.999,0.023,0.023,3.337,3.342,0,97,51199.219,13.515,24.314,OFF,OFF,OFF,OFF,OFF,OFF,OFF,Avail,Incmpl,Incmpl,Enable,Avail,410.300,207.600,410.300,207.600,ON,Avail,Compl,Enable,79,0,0,0,0,0,0,6,A,0,0,Avail,Incmpl,Incmpl,Enable,OFF,OFF,758,714.750,51199.219,51199.219,51199.219,51199.219,51199.219,51199.219,1GRFE ,33.333,Avail,Incmpl,Incmpl,Enable,7.996,OFF,OFF,OFF,OFF,ON,ON,Avail,Compl,Enable,Compl,CL,CL,Compl,Unable,Not Avl,Compl,Compl,Enable,OFF,80,15,481,ON,42.500,21.250,0.102,2355,15,21,-3,OFF,1.562,5.469,3.820,OFF,0,0,67,Avail,Compl,Enable,0,GRN2#  ,ON,0,ACTIVE,ACTIVE,0.957,0.942,0.505,0.565,101.805,88.512,Avail,Compl,Avail,Incmpl,Incmpl,Enable,OBD II (California ARB),OFF,OFF,29.034,0.122,0,1st,OFF,OFF,OFF,OFF,OFF,OFF,0.781,1.562,ON,OFF,650,0,OFF,OFF,OFF,ON,Gasoline,0.995,OFF,OFF,0.684,ON,0.938,14.902,16,0,0.742,0.742,2.305,0.742,0.918,2.031,46.275,0,14.902,32,0.031,0.070,OFF,ECT 5th,NA,OFF,97.834,97.834,13.333,0,Not Avl,0,0,0,0,ON,ON,0,0,1
245,0,13.761,Not Avl,Compl,Compl,Unable,OFF,Not Avl,Compl,Compl,Unable,OFF,60.156,50,34.375,35,19.531,39.551,15.686,31.765,0.781,1.582,ON,0,OFF,ON,ON,1.000,0.999,0.039,0.039,3.337,3.342,0,97,51199.219,13.496,24.314,OFF,OFF,OFF,OFF,OFF,OFF,OFF,Avail,Incmpl,Incmpl,Enable,Avail,410.100,207.600,410.100,207.600,ON,Avail,Compl,Enable,79,0,0,0,0,0,0,6,A,0,0,Avail,Incmpl,Incmpl,Enable,OFF,OFF,759,717,51199.219,51199.219,51199.219,51199.219,51199.219,51199.219,1GRFE ,33.725,Avail,Incmpl,Incmpl,Enable,7.996,OFF,OFF,OFF,OFF,ON,ON,Avail,Compl,Enable,Compl,CL,CL,Compl,Unable,Not Avl,Compl,Compl,Enable,OFF,80,15,496,ON,42.500,21.250,0.102,2355,15,21,-3,OFF,1.562,5.469,3.760,OFF,0,0,84,Avail,Compl,Enable,0,GRN2#  ,ON,0,ACTIVE,ACTIVE,0.962,0.942,0.525,0.565,102.777,88.836,Avail,Compl,Avail,Incmpl,Incmpl,Enable,OBD II (California ARB),OFF,OFF,29.150,0.122,0,1st,OFF,OFF,OFF,OFF,OFF,OFF,0.781,1.562,ON,OFF,700,0,OFF,OFF,OFF,ON,Gasoline,0.995,OFF,OFF,0.684,ON,0.938,14.902,16,0,0.742,0.742,2.305,0.742,0.918,2.031,46.275,0,14.902,32,0.031,0.074,OFF,ECT 5th,NA,OFF,97.834,97.900,12.941,0,Not Avl,0,0,0,0,ON,ON,0,0,1
246,0,13.770,Not Avl,Compl,Compl,Unable,OFF,Not Avl,Compl,Compl,Unable,OFF,60.938,57.031,34.375,35,19.531,39.551,15.686,31.765,0.781,1.582,ON,0,OFF,ON,ON,0.996,0.997,0.008,0.020,3.313,3.332,0,97,51199.219,13.496,24.314,OFF,OFF,OFF,OFF,OFF,OFF,OFF,Avail,Incmpl,Incmpl,Enable,Avail,410.100,207.600,410.100,207.600,ON,Avail,Compl,Enable,79,0,0,0,0,0,0,6,A,0,0,Avail,Incmpl,Incmpl,Enable,OFF,OFF,759,724,51199.219,51199.219,51199.219,51199.219,51199.219,51199.219,1GRFE ,33.333,Avail,Incmpl,Incmpl,Enable,7.996,OFF,OFF,OFF,OFF,ON,ON,Avail,Compl,Enable,Compl,CL,CL,Compl,Unable,Not Avl,Compl,Compl,Enable,OFF,80,15,513,ON,42.500,21.250,0.103,2341,15,21,-3,OFF,1.562,5.469,3.750,OFF,0,0,84,Avail,Compl,Enable,0,GRN2#  ,ON,0,ACTIVE,ACTIVE,0.962,0.942,0.545,0.565,101.805,88.512,Avail,Compl,Avail,Incmpl,Incmpl,Enable,OBD II (California ARB),OFF,OFF,29.395,0.122,0,1st,OFF,OFF,OFF,OFF,OFF,OFF,0.781,1.562,ON,OFF,700,0,OFF,OFF,OFF,ON,Gasoline,0.995,OFF,OFF,0.684,ON,1.016,14.902,16,0,0.742,0.742,2.305,0.742,0.918,2.031,46.275,0,14.902,32,0.031,0.074,OFF,ECT 5th,NA,OFF,97.834,97.768,12.941,0,Not Avl,0,0,0,0,ON,ON,0,0,1
247,0,13.768,Not Avl,Compl,Compl,Unable,OFF,Not Avl,Compl,Compl,Unable,OFF,55.469,60.938,34.375,35,19.531,39.551,15.686,31.765,0.781,1.582,ON,0,OFF,ON,ON,0.995,0.999,0.008,0.023,3.313,3.342,0,97,51199.219,13.496,24.314,OFF,OFF,OFF,OFF,OFF,OFF,OFF,Avail,Incmpl,Incmpl,Enable,Avail,409.900,207.600,409.900,207.600,ON,Avail,Compl,Enable,79,0,0,0,0,0,0,6,A,0,0,Avail,Incmpl,Incmpl,Enable,OFF,OFF,760,719.500,51199.219,51199.219,51199.219,51199.219,51199.219,51199.219,1GRFE ,32.941,Avail,Incmpl,Incmpl,Enable,7.996,OFF,OFF,OFF,OFF,ON,ON,Avail,Compl,Enable,Compl,CL,CL,Compl,Unable,Not Avl,Compl,Compl,Enable,OFF,80,15,530,ON,42.500,21.250,0.103,2338,15,21,-3,OFF,1.562,5.469,3.790,OFF,0,0,75,Avail,Compl,Enable,0,GRN2#  ,ON,0,ACTIVE,ACTIVE,0.957,0.938,0.565,0.565,102.129,88.512,Avail,Compl,Avail,Incmpl,Incmpl,Enable,OBD II (California ARB),OFF,OFF,29.279,0.122,0,1st,OFF,OFF,OFF,OFF,OFF,OFF,0,1.562,ON,OFF,650,0,OFF,OFF,OFF,ON,Gasoline,0.998,OFF,OFF,0.684,ON,1.016,14.902,16,0,0.742,0.742,2.305,0.742,0.918,2.031,46.275,0,14.902,32,0.031,0.074,OFF,ECT 5th,NA,OFF,97.834,97.900,13.333,0,Not Avl,0,0,0,0,ON,ON,0,0,1
248,0,13.768,Not Avl,Compl,Compl,Unable,OFF,Not Avl,Compl,Compl,Unable,OFF,46.094,57.031,34.375,35,19.531,39.551,15.686,31.765,0.781,1.582,ON,0,OFF,ON,ON,0.998,0.997,0.020,0.020,3.332,3.332,0,97,51199.219,13.515,24.314,OFF,OFF,OFF,OFF,OFF,OFF,OFF,Avail,Incmpl,Incmpl,Enable,Avail,409.900,207.600,409.900,207.600,ON,Avail,Compl,Enable,78,0,0,0,0,0,0,6,A,0,0,Avail,Incmpl,Incmpl,Enable,OFF,OFF,760,706.250,51199.219,51199.219,51199.219,51199.219,51199.219,51199.219,1GRFE ,32.941,Avail,Incmpl,Incmpl,Enable,7.996,OFF,OFF,OFF,OFF,ON,ON,Avail,Compl,Enable,Compl,CL,CL,Compl,Unable,Not Avl,Compl,Compl,Enable,OFF,80,15.500,544,ON,42.500,21.250,0.103,2356,15,21,-3,OFF,1.562,5.469,3.790,OFF,0,0,75,Avail,Compl,Enable,0,GRN2#  ,ON,0,ACTIVE,ACTIVE,0.957,0.942,0.565,0.565,102.453,88.512,Avail,Compl,Avail,Incmpl,Incmpl,Enable,OBD II (California ARB),OFF,OFF,29.034,0.122,0,1st,OFF,OFF,OFF,OFF,OFF,OFF,0,1.562,ON,OFF,650,0,OFF,OFF,OFF,ON,Gasoline,1.000,OFF,OFF,0.684,ON,0.938,14.902,16,0,0.742,0.742,2.305,0.742,0.918,2.031,46.275,0,14.902,32,0.031,0.074,OFF,ECT 5th,NA,OFF,97.856,97.944,13.333,0,Not Avl,0,0,0,0,ON,ON,0,0,1
249,0,13.768,Not Avl,Compl,Compl,Unable,OFF,Not Avl,Compl,Compl,Unable,OFF,42.188,46.875,34.375,35,19.531,39.551,15.686,31.765,0.781,1.582,ON,0,OFF,ON,ON,0.997,0.996,0.012,0.016,3.322,3.327,0,97,51199.219,13.515,24.314,OFF,OFF,OFF,OFF,OFF,OFF,OFF,Avail,Incmpl,Incmpl,Enable,Avail,409.900,207.600,409.900,207.600,ON,Avail,Compl,Enable,79,0,0,0,0,0,0,6,A,0,0,Avail,Incmpl,Incmpl,Enable,OFF,OFF,760,716.250,51199.219,51199.219,51199.219,51199.219,51199.219,51199.219,1GRFE ,33.333,Avail,Incmpl,Incmpl,Enable,7.996,OFF,OFF,OFF,OFF,ON,ON,Avail,Compl,Enable,Compl,CL,CL,Compl,Unable,Not Avl,Compl,Compl,Enable,OFF,80,15,559,ON,42.500,21.250,0.103,2377,15,21,-3,OFF,1.562,5.469,3.730,OFF,0,0,75,Avail,Compl,Enable,0,GRN2#  ,ON,0,ACTIVE,ACTIVE,0.962,0.942,0.585,0.565,102.129,88.512,Avail,Compl,Avail,Incmpl,Incmpl,Enable,OBD II (California ARB),OFF,OFF,29.279,0.122,0,1st,OFF,OFF,OFF,OFF,OFF,OFF,0,0.781,ON,OFF,650,0,OFF,OFF,OFF,ON,Gasoline,0.999,OFF,OFF,0.684,ON,1.016,14.902,16,0,0.742,0.742,2.305,0.742,0.918,2.031,46.275,0,14.902,32,0.031,0.070,OFF,ECT 5th,NA,OFF,97.856,97.922,12.941,0,Not Avl,0,0,0,0,ON,ON,0,0,1
250,0,13.768,Not Avl,Compl,Compl,Unable,OFF,Not Avl,Compl,Compl,Unable,OFF,40.625,42.969,34.375,35,19.531,39.551,15.686,31.765,0.781,1.582,ON,0,OFF,ON,ON,0.998,0.997,0.020,0.020,3.332,3.332,0,97,51199.219,13.496,24.314,OFF,OFF,OFF,OFF,OFF,OFF,OFF,Avail,Incmpl,Incmpl,Enable,Avail,409.700,207.600,409.700,207.600,ON,Avail,Compl,Enable,79,0,0,0,0,0,0,6,A,0,0,Avail,Incmpl,Incmpl,Enable,OFF,OFF,761,709.250,51199.219,51199.219,51199.219,51199.219,51199.219,51199.219,1GRFE ,33.333,Avail,Incmpl,Incmpl,Enable,7.996,OFF,OFF,OFF,OFF,ON,ON,Avail,Compl,Enable,Compl,CL,CL,Compl,Unable,Not Avl,Compl,Compl,Enable,OFF,80,15,574,ON,42.500,21.250,0.103,2363,15,21,-3,OFF,1.562,5.469,3.780,OFF,0,0,78,Avail,Compl,Enable,0,GRN2#  ,ON,0,ACTIVE,ACTIVE,0.957,0.938,0.585,0.565,102.453,88.512,Avail,Compl,Avail,Incmpl,Incmpl,Enable,OBD II (California ARB),OFF,OFF,29.150,0.122,0,1st,OFF,OFF,OFF,OFF,OFF,OFF,0,0.781,ON,OFF,650,0,OFF,OFF,OFF,ON,Gasoline,1.000,OFF,OFF,0.684,ON,1.016,14.902,16,0,0.742,0.742,2.305,0.742,0.918,2.031,46.275,0,14.902,32,0.027,0.070,OFF,ECT 5th,NA,OFF,97.834,97.856,13.333,0,Not Avl,0,0,0,0,ON,ON,0,0,1
251,0,13.768,Not Avl,Compl,Compl,Unable,OFF,Not Avl,Compl,Compl,Unable,OFF,40.625,40.625,34.375,35,19.531,39.551,15.686,31.765,0.781,1.582,ON,0,OFF,ON,ON,0.998,0.996,0.020,0.016,3.332,3.327,0,97,51199.219,13.515,24.314,OFF,OFF,OFF,OFF,OFF,OFF,OFF,Avail,Incmpl,Incmpl,Enable,Avail,409.700,207.600,409.700,207.600,ON,Avail,Compl,Enable,79,0,0,0,0,0,0,6,A,0,0,Avail,Incmpl,Incmpl,Enable,OFF,OFF,761,707.750,51199.219,51199.219,51199.219,51199.219,51199.219,51199.219,1GRFE ,33.333,Avail,Incmpl,Incmpl,Enable,7.996,OFF,OFF,OFF,OFF,ON,ON,Avail,Compl,Enable,Compl,CL,CL,Compl,Unable,Not Avl,Compl,Compl,Enable,OFF,80,15,591,ON,42.500,21.250,0.103,2370,15,21,-3,OFF,1.562,5.469,3.780,OFF,0,0,78,Avail,Compl,Enable,0,GRN2#  ,ON,0,ACTIVE,ACTIVE,0.957,0.942,0.585,0.565,102.777,88.188,Avail,Compl,Avail,Incmpl,Incmpl,Enable,OBD II (California ARB),OFF,OFF,29.150,0.122,0,1st,OFF,OFF,OFF,OFF,OFF,OFF,0,0.781,ON,OFF,650,0,OFF,OFF,OFF,ON,Gasoline,1.000,OFF,OFF,0.684,ON,1.016,14.902,16,0,0.742,0.742,2.305,0.742,0.918,2.031,46.275,0,14.902,32,0.027,0.070,OFF,ECT 5th,NA,OFF,97.856,97.900,13.333,0,Not Avl,0,0,0,0,ON,ON,0,0,1
252,0,13.765,Not Avl,Compl,Compl,Unable,OFF,Not Avl,Compl,Compl,Unable,OFF,40.625,40.625,34.375,35,19.531,39.551,15.686,31.765,0.781,1.582,ON,0,OFF,ON,ON,1.000,0.997,0.023,0.020,3.342,3.332,0,97,51199.219,13.496,24.314,OFF,OFF,OFF,OFF,OFF,OFF,OFF,Avail,Incmpl,Incmpl,Enable,Avail,409.500,207.600,409.500,207.600,ON,Avail,Compl,Enable,79,0,0,0,0,0,0,6,A,0,0,Avail,Incmpl,Incmpl,Enable,OFF,OFF,762,703,51199.219,51199.219,51199.219,51199.219,51199.219,51199.219,1GRFE ,32.941,Avail,Incmpl,Incmpl,Enable,7.996,OFF,OFF,OFF,OFF,ON,ON,Avail,Compl,Enable,Compl,CL,CL,Compl,Unable,Not Avl,Compl,Compl,Enable,OFF,80,15,8,ON,42.500,21.250,0.103,2367,15,21,-3,OFF,1.562,5.469,3.810,OFF,0,0,82,Avail,Compl,Enable,0,GRN2#  ,ON,0,ACTIVE,ACTIVE,0.957,0.942,0.605,0.545,102.129,88.512,Avail,Compl,Avail,Incmpl,Incmpl,Enable,OBD II (California ARB),OFF,OFF,29.279,0.122,0,1st,OFF,OFF,OFF,OFF,OFF,OFF,0,0.781,ON,OFF,650,0,OFF,OFF,OFF,ON,Gasoline,1.000,OFF,OFF,0.684,ON,1.016,14.902,16,0,0.742,0.742,2.305,0.742,0.918,2.031,46.275,0,14.902,32,0.027,0.070,OFF,ECT 5th,NA,OFF,97.834,97.746,13.725,0,Not Avl,0,0,0,0,ON,ON,0,0,1
253,0,13.768,Not Avl,Compl,Compl,Unable,OFF,Not Avl,Compl,Compl,Unable,OFF,40.625,40.625,34.375,35,19.531,39.551,15.686,31.765,0.781,1.582,ON,0,OFF,ON,ON,0.998,0.996,0.035,0.027,3.332,3.327,0,97,51199.219,13.496,24.314,OFF,OFF,OFF,OFF,OFF,OFF,OFF,Avail,Incmpl,Incmpl,Enable,Avail,409.500,207.600,409.500,207.600,ON,Avail,Compl,Enable,79,0,0,0,0,0,0,6,A,0,0,Avail,Incmpl,Incmpl,Enable,OFF,OFF,762,712.500,51199.219,51199.219,51199.219,51199.219,51199.219,51199.219,1GRFE ,33.333,Avail,Incmpl,Incmpl,Enable,7.996,OFF,OFF,OFF,OFF,ON,ON,Avail,Compl,Enable,Compl,CL,CL,Compl,Unable,Not Avl,Compl,Compl,Enable,OFF,80,15,23,ON,42.500,21.250,0.103,2370,15,21,-3,OFF,1.562,5.469,3.790,OFF,0,0,82,Avail,Compl,Enable,0,GRN2#  ,ON,0,ACTIVE,ACTIVE,0.957,0.938,0.605,0.545,102.129,88.188,Avail,Compl,Avail,Incmpl,Incmpl,Enable,OBD II (California ARB),OFF,OFF,29.150,0.122,0,1st,OFF,OFF,OFF,OFF,OFF,OFF,0,0.781,ON,OFF,650,0,OFF,OFF,OFF,ON,Gasoline,1.000,OFF,OFF,0.684,ON,1.016,14.902,16,0,0.742,0.742,2.305,0.742,0.918,2.031,46.275,0,14.902,32,0.027,0.070,OFF,ECT 5th,NA,OFF,97.834,97.922,13.333,0,Not Avl,0,0,0,0,ON,ON,0,0,1
254,0,13.770,Not Avl,Compl,Compl,Unable,OFF,Not Avl,Compl,Compl,Unable,OFF,53.125,40.625,34.375,35,19.531,39.551,15.686,31.765,0.781,1.582,ON,0,OFF,ON,ON,0.996,0.998,0.012,0.023,3.322,3.337,0,97,51199.219,13.515,24.314,OFF,OFF,OFF,OFF,OFF,OFF,OFF,Avail,Incmpl,Incmpl,Enable,Avail,409.300,207.600,409.300,207.600,ON,Avail,Compl,Enable,79,0,0,0,0,0,0,6,A,0,0,Avail,Incmpl,Incmpl,Enable,OFF,OFF,763,718.750,51199.219,51199.219,51199.219,51199.219,51199.219,51199.219,1GRFE ,33.333,Avail,Incmpl,Incmpl,Enable,7.996,OFF,OFF,OFF,OFF,ON,ON,Avail,Compl,Enable,Compl,CL,CL,Compl,Unable,Not Avl,Compl,Compl,Enable,OFF,80,15,41,ON,42.500,21.250,0.104,2359,15,21,-3,OFF,1.562,5.469,3.810,OFF,0,0,66,Avail,Compl,Enable,0,GRN2#  ,ON,0,ACTIVE,ACTIVE,0.957,0.942,0.605,0.545,102.129,88.836,Avail,Compl,Avail,Incmpl,Incmpl,Enable,OBD II (California ARB),OFF,OFF,29.150,0.122,0,1st,OFF,OFF,OFF,OFF,OFF,OFF,0,0.781,ON,OFF,650,0,OFF,OFF,OFF,ON,Gasoline,1.000,OFF,OFF,0.684,ON,1.016,14.902,16,0,0.742,0.742,2.305,0.742,0.918,2.031,46.275,0,14.902,32,0.027,0.070,OFF,ECT 5th,NA,OFF,97.812,97.702,13.333,0,Not Avl,0,0,0,0,ON,ON,0,0,1
255,0,13.770,Not Avl,Compl,Compl,Unable,OFF,Not Avl,Compl,Compl,Unable,OFF,58.594,40.625,34.375,35,19.531,39.551,15.686,31.765,0.781,1.582,ON,0,OFF,ON,ON,0.994,0.997,0.004,0.020,3.308,3.332,0,97,51199.219,13.515,24.314,OFF,OFF,OFF,OFF,OFF,OFF,OFF,Avail,Incmpl,Incmpl,Enable,Avail,409.300,207.600,409.300,207.600,ON,Avail,Compl,Enable,79,0,0,0,0,0,0,6,A,0,0,Avail,Incmpl,Incmpl,Enable,OFF,OFF,763,719.500,51199.219,51199.219,51199.219,51199.219,51199.219,51199.219,1GRFE ,33.333,Avail,Incmpl,Incmpl,Enable,7.996,OFF,OFF,OFF,OFF,ON,ON,Avail,Compl,Enable,Compl,CL,CL,Compl,Unable,Not Avl,Compl,Compl,Enable,OFF,80,15,56,ON,42.500,21.250,0.104,2356,15,21,-3,OFF,1.562,5.469,3.820,OFF,0,0,66,Avail,Compl,Enable,0,GRN2#  ,ON,0,ACTIVE,ACTIVE,0.957,0.942,0.605,0.545,101.805,88.512,Avail,Compl,Avail,Incmpl,Incmpl,Enable,OBD II (California ARB),OFF,OFF,29.279,0.122,0,1st,OFF,OFF,OFF,OFF,OFF,OFF,0,0.781,ON,OFF,650,0,OFF,OFF,OFF,ON,Gasoline,1.001,OFF,OFF,0.684,ON,1.016,14.902,16,0,0.742,0.742,2.305,0.742,0.918,2.031,46.275,0,14.902,32,0.027,0.070,OFF,ECT 5th,NA,OFF,97.834,97.922,13.333,0,Not Avl,0,0,0,0,ON,ON,0,0,1
256,0,13.770,Not Avl,Compl,Compl,Unable,OFF,Not Avl,Compl,Compl,Unable,OFF,60.938,40.625,34.375,35,19.531,39.551,15.686,31.765,0.781,1.582,ON,0,OFF,ON,ON,0.993,0.998,0.008,0.023,3.313,3.337,0,97,51199.219,13.515,24.314,OFF,OFF,OFF,OFF,OFF,OFF,OFF,Avail,Incmpl,Incmpl,Enable,Avail,409.300,207.600,409.300,207.600,ON,Avail,Compl,Enable,79,0,0,0,0,0,0,6,A,0,0,Avail,Incmpl,Incmpl,Enable,OFF,OFF,763,724,51199.219,51199.219,51199.219,51199.219,51199.219,51199.219,1GRFE ,33.725,Avail,Incmpl,Incmpl,Enable,7.996,OFF,OFF,OFF,OFF,ON,ON,Avail,Compl,Enable,Compl,CL,CL,Compl,Unable,Not Avl,Compl,Compl,Enable,OFF,80,15,71,ON,42.500,21.250,0.104,2338,15,21,-3,OFF,1.562,5.469,3.730,OFF,0,0,66,Avail,Compl,Enable,0,GRN2#  ,ON,0,ACTIVE,ACTIVE,0.957,0.942,0.605,0.545,102.453,88.188,Avail,Compl,Avail,Incmpl,Incmpl,Enable,OBD II (California ARB),OFF,OFF,29.395,0.122,0,1st,OFF,OFF,OFF,OFF,OFF,OFF,0,0.781,ON,OFF,700,0,OFF,OFF,OFF,ON,Gasoline,1.003,OFF,OFF,0.684,ON,1.016,14.902,16,0,0.742,0.742,2.305,0.742,0.918,2.031,46.275,0,14.902,32,0.027,0.070,OFF,ECT 5th,NA,OFF,97.856,97.966,12.941,0,Not Avl,0,0,0,0,ON,ON,0,0,1
257,0,13.768,Not Avl,Compl,Compl,Unable,OFF,Not Avl,Compl,Compl,Unable,OFF,60.938,49.219,34.375,35,19.531,39.551,15.686,31.765,0.781,1.582,ON,0,OFF,ON,ON,0.996,1.000,0.012,0.027,3.322,3.347,0,97,51199.219,13.515,24.314,OFF,OFF,OFF,OFF,OFF,OFF,OFF,Avail,Incmpl,Incmpl,Enable,Avail,409.100,207.600,409.100,207.600,ON,Avail,Compl,Enable,79,0,0,0,0,0,0,6,A,0,0,Avail,Incmpl,Incmpl,Enable,OFF,OFF,764,714,51199.219,51199.219,51199.219,51199.219,51199.219,51199.219,1GRFE ,33.333,Avail,Incmpl,Incmpl,Enable,7.996,OFF,OFF,OFF,OFF,ON,ON,Avail,Compl,Enable,Compl,CL,CL,Compl,Unable,Not Avl,Compl,Compl,Enable,OFF,80,15,86,ON,42.500,21.250,0.104,2356,15,21,-3,OFF,1.562,5.469,3.760,OFF,0,0,78,Avail,Compl,Enable,0,GRN2#  ,ON,0,ACTIVE,ACTIVE,0.962,0.942,0.605,0.545,102.453,88.836,Avail,Compl,Avail,Incmpl,Incmpl,Enable,OBD II (California ARB),OFF,OFF,29.279,0.122,0,1st,OFF,OFF,OFF,OFF,OFF,OFF,0,0.781,ON,OFF,650,0,OFF,OFF,OFF,ON,Gasoline,1.005,OFF,OFF,0.684,ON,1.016,14.902,16,0,0.742,0.742,2.305,0.742,0.918,2.031,46.275,0,14.902,32,0.027,0.070,OFF,ECT 5th,NA,OFF,97.834,97.856,13.333,0,Not Avl,0,0,0,0,ON,ON,0,0,1
258,0,13.768,Not Avl,Compl,Compl,Unable,OFF,Not Avl,Compl,Compl,Unable,OFF,51.562,49.219,34.375,35,19.531,39.551,15.686,31.765,0.781,1.582,ON,0,OFF,ON,ON,0.996,1.000,0.027,0.039,3.318,3.352,0,97,51199.219,13.515,24.314,OFF,OFF,OFF,OFF,OFF,OFF,OFF,Avail,Incmpl,Incmpl,Enable,Avail,409.100,207.600,409.100,207.600,ON,Avail,Compl,Enable,79,0,0,0,0,0,0,6,A,0,0,Avail,Incmpl,Incmpl,Enable,OFF,OFF,764,715.500,51199.219,51199.219,51199.219,51199.219,51199.219,51199.219,1GRFE ,33.333,Avail,Incmpl,Incmpl,Enable,7.996,OFF,OFF,OFF,OFF,ON,ON,Avail,Compl,Enable,Compl,CL,CL,Compl,Unable,Not Avl,Compl,Compl,Enable,OFF,80,15,103,ON,42.500,21.250,0.103,2341,15,21,-3,OFF,1.562,5.469,3.780,OFF,0,0,78,Avail,Compl,Enable,0,GRN2#  ,ON,0,ACTIVE,ACTIVE,0.962,0.942,0.625,0.545,102.777,88.512,Avail,Compl,Avail,Incmpl,Incmpl,Enable,OBD II (California ARB),OFF,OFF,29.150,0.122,0,1st,OFF,OFF,OFF,OFF,OFF,OFF,-0.781,0.781,ON,OFF,650,0,OFF,OFF,OFF,ON,Gasoline,1.005,OFF,OFF,0.684,ON,1.016,14.902,16,0,0.742,0.742,2.305,0.742,0.918,2.031,46.275,0,14.902,32,0.027,0.070,OFF,ECT 5th,NA,OFF,97.856,97.966,13.333,0,Not Avl,0,0,0,0,ON,ON,0,0,1
259,0,13.768,Not Avl,Compl,Compl,Unable,OFF,Not Avl,Compl,Compl,Unable,OFF,44.531,53.906,34.375,35,19.531,39.551,15.686,31.765,0.781,1.582,ON,0,OFF,ON,ON,0.998,1.001,0.020,0.031,3.332,3.352,0,97,51199.219,13.515,24.314,OFF,OFF,OFF,OFF,OFF,OFF,OFF,Avail,Incmpl,Incmpl,Enable,Avail,408.900,207.600,408.900,207.600,ON,Avail,Compl,Enable,79,0,0,0,0,0,0,6,A,0,0,Avail,Incmpl,Incmpl,Enable,OFF,OFF,765,721.750,51199.219,51199.219,51199.219,51199.219,51199.219,51199.219,1GRFE ,33.725,Avail,Incmpl,Incmpl,Enable,7.996,OFF,OFF,OFF,OFF,ON,ON,Avail,Compl,Enable,Compl,CL,CL,Compl,Unable,Not Avl,Compl,Compl,Enable,OFF,80,15,118,ON,42.500,21.250,0.103,2349,15,21,-3,OFF,1.562,5.469,3.810,OFF,0,0,74,Avail,Compl,Enable,0,GRN2#  ,ON,0,ACTIVE,ACTIVE,0.962,0.942,0.625,0.545,101.805,88.512,Avail,Compl,Avail,Incmpl,Incmpl,Enable,OBD II (California ARB),OFF,OFF,29.150,0.122,0,1st,OFF,OFF,OFF,OFF,OFF,OFF,0,0.781,ON,OFF,700,0,OFF,OFF,OFF,ON,Gasoline,1.007,OFF,OFF,0.684,ON,1.016,14.902,17,0,0.742,0.742,2.305,0.742,0.918,2.031,46.275,0,14.902,32,0.027,0.070,OFF,ECT 5th,NA,OFF,97.834,97.812,13.333,0,Not Avl,0,0,0,0,ON,ON,0,0,1
260,0,13.770,Not Avl,Compl,Compl,Unable,OFF,Not Avl,Compl,Compl,Unable,OFF,40.625,46.875,34.375,35,19.531,39.551,15.686,31.765,0.781,1.582,ON,0,OFF,ON,ON,0.999,1.001,0.023,0.031,3.337,3.352,0,97,51199.219,13.515,24.314,OFF,OFF,OFF,OFF,OFF,OFF,OFF,Avail,Incmpl,Incmpl,Enable,Avail,408.900,207.600,408.900,207.600,ON,Avail,Compl,Enable,79,0,0,0,0,0,0,6,A,0,0,Avail,Incmpl,Incmpl,Enable,OFF,OFF,765,722.500,51199.219,51199.219,51199.219,51199.219,51199.219,51199.219,1GRFE ,33.333,Avail,Incmpl,Incmpl,Enable,7.996,OFF,OFF,OFF,OFF,ON,ON,Avail,Compl,Enable,Compl,CL,CL,Compl,Unable,Not Avl,Compl,Compl,Enable,OFF,80,15,133,ON,42.500,21.250,0.103,2334,15,21,-3,OFF,1.562,5.469,3.780,OFF,0,0,74,Avail,Compl,Enable,0,GRN2#  ,ON,0,ACTIVE,ACTIVE,0.962,0.942,0.625,0.545,102.129,88.512,Avail,Compl,Avail,Incmpl,Incmpl,Enable,OBD II (California ARB),OFF,OFF,29.279,0.122,0,1st,OFF,OFF,OFF,OFF,OFF,OFF,0,1.562,ON,OFF,700,0,OFF,OFF,OFF,ON,Gasoline,1.007,OFF,OFF,0.684,ON,1.016,14.902,17,0,0.742,0.742,2.305,0.742,0.918,2.031,46.275,0,14.902,32,0.023,0.070,OFF,ECT 5th,NA,OFF,97.812,97.680,12.941,0,Not Avl,0,0,0,0,ON,ON,0,0,1
261,0,13.768,Not Avl,Compl,Compl,Unable,OFF,Not Avl,Compl,Compl,Unable,OFF,40.625,46.875,34.375,35,19.531,39.551,15.686,31.765,0.781,1.582,ON,0,OFF,ON,ON,1.003,0.999,0.039,0.031,3.361,3.352,0,97,51199.219,13.515,24.314,OFF,OFF,OFF,OFF,OFF,OFF,OFF,Avail,Incmpl,Incmpl,Enable,Avail,408.900,207.600,408.900,207.600,ON,Avail,Compl,Enable,79,0,0,0,0,0,0,6,A,0,0,Avail,Incmpl,Incmpl,Enable,OFF,OFF,766,718.750,51199.219,51199.219,51199.219,51199.219,51199.219,51199.219,1GRFE ,33.333,Avail,Incmpl,Incmpl,Enable,7.996,OFF,OFF,OFF,OFF,ON,ON,Avail,Compl,Enable,Compl,CL,CL,Compl,Unable,Not Avl,Compl,Compl,Enable,OFF,80,15,149,ON,42.500,21.250,0.103,2334,15,21,-3,OFF,1.562,5.469,3.790,OFF,0,0,74,Avail,Compl,Enable,0,GRN2#  ,ON,0,ACTIVE,ACTIVE,0.962,0.942,0.625,0.545,102.453,88.512,Avail,Compl,Avail,Incmpl,Incmpl,Enable,OBD II (California ARB),OFF,OFF,29.279,0.122,0,1st,OFF,OFF,OFF,OFF,OFF,OFF,0,1.562,ON,OFF,700,0,OFF,OFF,OFF,ON,Gasoline,1.005,OFF,OFF,0.684,ON,1.016,14.902,17,0,0.742,0.742,2.305,0.742,0.918,2.031,46.275,0,14.902,32,0.023,0.070,OFF,ECT 5th,NA,OFF,97.856,97.944,13.333,0,Not Avl,0,0,0,0,ON,ON,0,0,1
262,0,13.765,Not Avl,Compl,Compl,Unable,OFF,Not Avl,Compl,Compl,Unable,OFF,40.625,45.312,34.375,35,19.531,39.551,15.686,31.765,0.781,1.582,ON,0,OFF,ON,ON,1.001,1.002,0.027,0.039,3.347,3.361,0,97,51199.219,13.496,24.314,OFF,OFF,OFF,OFF,OFF,OFF,OFF,Avail,Incmpl,Incmpl,Enable,Avail,408.700,207.600,408.700,207.600,ON,Avail,Compl,Enable,79,0,0,0,0,0,0,6,A,0,0,Avail,Incmpl,Incmpl,Enable,OFF,OFF,766,717,51199.219,51199.219,51199.219,51199.219,51199.219,51199.219,1GRFE ,33.333,Avail,Incmpl,Incmpl,Enable,7.996,OFF,OFF,OFF,OFF,ON,ON,Avail,Compl,Enable,Compl,CL,CL,Compl,Unable,Not Avl,Compl,Compl,Enable,OFF,80,15,164,ON,42.500,21.250,0.102,2337,15,21,-3,OFF,1.562,5.469,3.790,OFF,0,0,80,Avail,Compl,Enable,0,GRN2#  ,ON,0,ACTIVE,ACTIVE,0.957,0.942,0.625,0.545,102.777,88.512,Avail,Compl,Avail,Incmpl,Incmpl,Enable,OBD II (California ARB),OFF,OFF,29.150,0.122,0,1st,OFF,OFF,OFF,OFF,OFF,OFF,0,1.562,ON,OFF,650,0,OFF,OFF,OFF,ON,Gasoline,1.004,OFF,OFF,0.684,ON,1.016,14.902,17,0,0.742,0.742,2.305,0.742,0.918,2.031,46.275,0,14.902,32,0.023,0.070,OFF,ECT 5th,NA,OFF,97.856,97.944,13.333,0,Not Avl,0,0,0,0,ON,ON,0,0,1
263,0,13.768,Not Avl,Compl,Compl,Unable,OFF,Not Avl,Compl,Compl,Unable,OFF,40.625,41.406,34.375,35,19.531,39.551,15.686,31.765,0.781,1.582,ON,0,OFF,ON,ON,1.002,1.001,0.031,0.031,3.352,3.352,0,97,51199.219,13.496,24.314,OFF,OFF,OFF,OFF,OFF,OFF,OFF,Avail,Incmpl,Incmpl,Enable,Avail,408.700,207.600,408.700,207.600,ON,Avail,Compl,Enable,79,0,0,0,0,0,0,6,A,0,0,Avail,Incmpl,Incmpl,Enable,OFF,OFF,766,707,51199.219,51199.219,51199.219,51199.219,51199.219,51199.219,1GRFE ,32.941,Avail,Incmpl,Incmpl,Enable,7.996,OFF,OFF,OFF,OFF,ON,ON,Avail,Compl,Enable,Compl,CL,CL,Compl,Unable,Not Avl,Compl,Compl,Enable,OFF,80,15,181,ON,42.500,21.250,0.102,2348,15,21,-3,OFF,1.562,5.469,3.760,OFF,0,0,80,Avail,Compl,Enable,0,GRN2#  ,ON,0,ACTIVE,ACTIVE,0.957,0.942,0.625,0.545,102.453,88.188,Avail,Compl,Avail,Incmpl,Incmpl,Enable,OBD II (California ARB),OFF,OFF,29.034,0.122,0,1st,OFF,OFF,OFF,OFF,OFF,OFF,0,1.562,ON,OFF,650,0,OFF,OFF,OFF,ON,Gasoline,1.003,OFF,OFF,0.684,ON,1.016,14.902,16,0,0.742,0.742,2.305,0.742,0.918,2.031,46.275,0,14.902,32,0.023,0.070,OFF,ECT 5th,NA,OFF,97.856,97.944,13.333,0,Not Avl,0,0,0,0,ON,ON,0,0,1
264,0,13.767,Not Avl,Compl,Compl,Unable,OFF,Not Avl,Compl,Compl,Unable,OFF,46.094,40.625,34.375,35,19.531,39.551,15.686,31.765,0.781,1.582,ON,0,OFF,ON,ON,1.003,1.000,0.039,0.027,3.361,3.347,0,97,51199.219,13.515,24.706,OFF,OFF,OFF,OFF,OFF,OFF,OFF,Avail,Incmpl,Incmpl,Enable,Avail,408.500,207.600,408.500,207.600,ON,Avail,Compl,Enable,79,0,0,0,0,0,0,6,A,0,0,Avail,Incmpl,Incmpl,Enable,OFF,OFF,767,710.750,51199.219,51199.219,51199.219,51199.219,51199.219,51199.219,1GRFE ,33.333,Avail,Incmpl,Incmpl,Enable,7.996,OFF,OFF,OFF,OFF,ON,ON,Avail,Compl,Enable,Compl,CL,CL,Compl,Unable,Not Avl,Compl,Compl,Enable,OFF,80,15,196,ON,42.500,21.250,0.102,2374,15,21,-3,OFF,1.562,5.469,3.810,OFF,0,0,76,Avail,Compl,Enable,0,GRN2#  ,ON,0,ACTIVE,ACTIVE,0.957,0.942,0.625,0.545,102.129,88.512,Avail,Compl,Avail,Incmpl,Incmpl,Enable,OBD II (California ARB),OFF,OFF,29.034,0.122,0,1st,OFF,OFF,OFF,OFF,OFF,OFF,0,1.562,ON,OFF,650,0,OFF,OFF,OFF,ON,Gasoline,1.002,OFF,OFF,0.684,ON,1.016,14.902,16,0,0.742,0.742,2.305,0.742,0.918,2.031,46.275,0,14.902,32,0.023,0.070,OFF,ECT 5th,NA,OFF,97.856,97.922,13.333,0,Not Avl,0,0,0,0,ON,ON,0,0,1
265,0,13.770,Not Avl,Compl,Compl,Unable,OFF,Not Avl,Compl,Compl,Unable,OFF,55.469,40.625,34.375,35,19.531,39.551,15.686,31.765,0.781,1.582,ON,0,OFF,ON,ON,1.000,0.999,0.027,0.023,3.347,3.342,0,97,51199.219,13.515,24.314,OFF,OFF,OFF,OFF,OFF,OFF,OFF,Avail,Incmpl,Incmpl,Enable,Avail,408.500,207.600,408.500,207.600,ON,Avail,Compl,Enable,79,0,0,0,0,0,0,6,A,0,0,Avail,Incmpl,Incmpl,Enable,OFF,OFF,767,721.750,51199.219,51199.219,51199.219,51199.219,51199.219,51199.219,1GRFE ,33.725,Avail,Incmpl,Incmpl,Enable,7.996,OFF,OFF,OFF,OFF,ON,ON,Avail,Compl,Enable,Compl,CL,CL,Compl,Unable,Not Avl,Compl,Compl,Enable,OFF,80,15,211,ON,42.500,21.250,0.102,2355,15,21,-3,OFF,1.562,5.469,3.780,OFF,0,0,76,Avail,Compl,Enable,0,GRN2#  ,ON,0,ACTIVE,ACTIVE,0.962,0.942,0.625,0.545,102.777,88.512,Avail,Compl,Avail,Incmpl,Incmpl,Enable,OBD II (California ARB),OFF,OFF,29.395,0.122,0,1st,OFF,OFF,OFF,OFF,OFF,OFF,0,1.562,ON,OFF,700,0,OFF,OFF,OFF,ON,Gasoline,1.000,OFF,OFF,0.684,ON,1.016,14.902,16,0,0.742,0.742,2.305,0.742,0.918,2.031,46.275,0,14.902,32,0.023,0.070,OFF,ECT 5th,NA,OFF,97.834,97.768,12.941,0,Not Avl,0,0,0,0,ON,ON,0,0,1
266,0,13.770,Not Avl,Compl,Compl,Unable,OFF,Not Avl,Compl,Compl,Unable,OFF,60.156,44.531,34.375,35,19.531,39.551,15.686,31.765,0.781,1.582,ON,0,OFF,ON,ON,0.996,0.998,0.027,0.035,3.327,3.342,0,97,51199.219,13.515,24.314,OFF,OFF,OFF,OFF,OFF,OFF,OFF,Avail,Incmpl,Incmpl,Enable,Avail,408.300,207.600,408.300,207.600,ON,Avail,Compl,Enable,79,0,0,0,0,0,0,6,A,0,0,Avail,Incmpl,Incmpl,Enable,OFF,OFF,768,723.250,51199.219,51199.219,51199.219,51199.219,51199.219,51199.219,1GRFE ,33.333,Avail,Incmpl,Incmpl,Enable,7.996,OFF,OFF,OFF,OFF,ON,ON,Avail,Compl,Enable,Compl,CL,CL,Compl,Unable,Not Avl,Compl,Compl,Enable,OFF,80,15,228,ON,42.500,21.250,0.103,2330,15,21,-3,OFF,1.562,5.469,3.840,OFF,0,0,88,Avail,Compl,Enable,0,GRN2#  ,ON,0,ACTIVE,ACTIVE,0.962,0.942,0.625,0.545,102.777,88.512,Avail,Compl,Avail,Incmpl,Incmpl,Enable,OBD II (California ARB),OFF,OFF,29.279,0.122,0,1st,OFF,OFF,OFF,OFF,OFF,OFF,0,1.562,ON,OFF,700,0,OFF,OFF,OFF,ON,Gasoline,1.000,OFF,OFF,0.684,ON,0.938,14.902,16,0,0.742,0.742,2.305,0.742,0.918,2.031,46.275,0,14.902,32,0.023,0.070,OFF,ECT 5th,NA,OFF,97.856,97.900,13.333,0,Not Avl,0,0,0,0,ON,ON,0,0,1
267,0,13.768,Not Avl,Compl,Compl,Unable,OFF,Not Avl,Compl,Compl,Unable,OFF,60.938,51.562,34.375,35,19.531,39.551,15.686,31.765,0.781,1.582,ON,0,OFF,ON,ON,0.996,0.997,0.012,0.020,3.318,3.332,0,97,51199.219,13.496,24.314,OFF,OFF,OFF,OFF,OFF,OFF,OFF,Avail,Incmpl,Incmpl,Enable,Avail,408.300,207.600,408.300,207.600,ON,Avail,Compl,Enable,79,0,0,0,0,0,0,6,A,0,0,Avail,Incmpl,Incmpl,Enable,OFF,OFF,768,712.500,51199.219,51199.219,51199.219,51199.219,51199.219,51199.219,1GRFE ,33.333,Avail,Incmpl,Incmpl,Enable,7.996,OFF,OFF,OFF,OFF,ON,ON,Avail,Compl,Enable,Compl,CL,CL,Compl,Unable,Not Avl,Compl,Compl,Enable,OFF,80,15,245,ON,42.500,21.250,0.103,2345,15,21,-3,OFF,1.562,5.469,3.750,OFF,0,0,88,Avail,Compl,Enable,0,GRN2#  ,ON,0,ACTIVE,ACTIVE,0.957,0.938,0.625,0.545,102.777,88.512,Avail,Compl,Avail,Incmpl,Incmpl,Enable,OBD II (California ARB),OFF,OFF,29.150,0.122,0,1st,OFF,OFF,OFF,OFF,OFF,OFF,0,1.562,ON,OFF,650,0,OFF,OFF,OFF,ON,Gasoline,1.001,OFF,OFF,0.684,ON,1.016,14.902,16,0,0.742,0.742,2.305,0.742,0.918,2.031,46.275,0,14.902,32,0.023,0.070,OFF,ECT 5th,NA,OFF,97.834,97.878,13.333,0,Not Avl,0,0,0,0,ON,ON,0,0,1
268,0,13.768,Not Avl,Compl,Compl,Unable,OFF,Not Avl,Compl,Compl,Unable,OFF,60.938,56.250,34.375,35,19.531,39.551,15.686,31.765,0.781,1.582,ON,0,OFF,ON,ON,0.998,0.996,0.023,0.012,3.337,3.322,0,97,51199.219,13.515,24.314,OFF,OFF,OFF,OFF,OFF,OFF,OFF,Avail,Incmpl,Incmpl,Enable,Avail,408.300,207.600,408.300,207.600,ON,Avail,Compl,Enable,79,0,0,0,0,0,0,6,A,0,0,Avail,Incmpl,Incmpl,Enable,OFF,OFF,769,714,51199.219,51199.219,51199.219,51199.219,51199.219,51199.219,1GRFE ,33.333,Avail,Incmpl,Incmpl,Enable,7.996,OFF,OFF,OFF,OFF,ON,ON,Avail,Compl,Enable,Compl,CL,CL,Compl,Unable,Not Avl,Compl,Compl,Enable,OFF,80,15,263,ON,42.500,21.250,0.103,2359,15,21,-3,OFF,1.562,5.469,3.820,OFF,0,0,88,Avail,Compl,Enable,0,GRN2#  ,ON,0,ACTIVE,ACTIVE,0.962,0.942,0.640,0.545,102.129,88.512,Avail,Compl,Avail,Incmpl,Incmpl,Enable,OBD II (California ARB),OFF,OFF,29.034,0.122,0,1st,OFF,OFF,OFF,OFF,OFF,OFF,0,1.562,ON,OFF,650,0,OFF,OFF,OFF,ON,Gasoline,1.003,OFF,OFF,0.684,ON,1.016,14.902,16,0,0.742,0.742,2.305,0.742,0.918,2.031,46.275,0,14.902,32,0.023,0.074,OFF,ECT 5th,NA,OFF,97.834,97.856,13.333,0,Not Avl,0,0,0,0,ON,ON,0,0,1
269,0,13.768,Not Avl,Compl,Compl,Unable,OFF,Not Avl,Compl,Compl,Unable,OFF,48.438,59.375,34.375,35,19.531,39.551,15.686,31.765,0.781,1.582,ON,0,OFF,ON,ON,0.999,0.998,0.023,0.023,3.342,3.337,0,97,51199.219,13.496,24.314,OFF,OFF,OFF,OFF,OFF,OFF,OFF,Avail,Incmpl,Incmpl,Enable,Avail,408.100,207.600,408.100,207.600,ON,Avail,Compl,Enable,79,0,0,0,0,0,0,6,A,0,0,Avail,Incmpl,Incmpl,Enable,OFF,OFF,769,714.750,51199.219,51199.219,51199.219,51199.219,51199.219,51199.219,1GRFE ,33.333,Avail,Incmpl,Incmpl,Enable,7.996,OFF,OFF,OFF,OFF,ON,ON,Avail,Compl,Enable,Compl,CL,CL,Compl,Unable,Not Avl,Compl,Compl,Enable,OFF,80,15,277,ON,42.500,21.250,0.102,2352,15,21,-3,OFF,1.562,5.469,3.730,OFF,0,0,76,Avail,Compl,Enable,0,GRN2#  ,ON,0,ACTIVE,ACTIVE,0.962,0.942,0.640,0.545,102.453,88.512,Avail,Compl,Avail,Incmpl,Incmpl,Enable,OBD II (California ARB),OFF,OFF,29.279,0.122,0,1st,OFF,OFF,OFF,OFF,OFF,OFF,0,1.562,ON,OFF,650,0,OFF,OFF,OFF,ON,Gasoline,1.003,OFF,OFF,0.684,ON,0.938,14.902,16,0,0.742,0.742,2.305,0.742,0.918,2.031,46.275,0,14.902,32,0.023,0.074,OFF,ECT 5th,NA,OFF,97.834,97.900,12.941,0,Not Avl,0,0,0,0,ON,ON,0,0,1
270,0,13.768,Not Avl,Compl,Compl,Unable,OFF,Not Avl,Compl,Compl,Unable,OFF,42.188,55.469,34.375,35,19.531,39.551,15.686,31.765,0.781,1.582,ON,0,OFF,ON,ON,0.999,0.997,0.023,0.016,3.342,3.327,0,97,51199.219,13.515,24.314,OFF,OFF,OFF,OFF,OFF,OFF,OFF,Avail,Incmpl,Incmpl,Enable,Avail,408.100,207.600,408.100,207.600,ON,Avail,Compl,Enable,79,0,0,0,0,0,0,6,A,0,0,Avail,Incmpl,Incmpl,Enable,OFF,OFF,770,714,51199.219,51199.219,51199.219,51199.219,51199.219,51199.219,1GRFE ,33.333,Avail,Incmpl,Incmpl,Enable,7.996,OFF,OFF,OFF,OFF,ON,ON,Avail,Compl,Enable,Compl,CL,CL,Compl,Unable,Not Avl,Compl,Compl,Enable,OFF,80,15,295,ON,42.500,21.250,0.102,2355,15,21,-3,OFF,1.562,5.469,3.820,OFF,0,0,76,Avail,Compl,Enable,0,GRN2#  ,ON,0,ACTIVE,ACTIVE,0.962,0.942,0.640,0.545,101.805,88.836,Avail,Compl,Avail,Incmpl,Incmpl,Enable,OBD II (California ARB),OFF,OFF,29.279,0.122,0,1st,OFF,OFF,OFF,OFF,OFF,OFF,0,1.562,ON,OFF,650,0,OFF,OFF,OFF,ON,Gasoline,1.003,OFF,OFF,0.684,ON,0.938,14.902,16,0,0.742,0.742,2.305,0.742,0.918,2.031,46.275,0,14.902,32,0.023,0.070,OFF,ECT 5th,NA,OFF,97.834,97.812,13.333,0,Not Avl,0,0,0,0,ON,ON,0,0,1
271,0,13.768,Not Avl,Compl,Compl,Unable,OFF,Not Avl,Compl,Compl,Unable,OFF,40.625,46.094,34.375,35,19.531,39.551,15.686,31.765,0.781,1.582,ON,0,OFF,ON,ON,0.998,0.995,0.023,0.012,3.337,3.322,0,97,51199.219,13.496,24.314,OFF,OFF,OFF,OFF,OFF,OFF,OFF,Avail,Incmpl,Incmpl,Enable,Avail,407.900,207.600,407.900,207.600,ON,Avail,Compl,Enable,79,0,0,0,0,0,0,6,A,0,0,Avail,Incmpl,Incmpl,Enable,OFF,OFF,770,718.750,51199.219,51199.219,51199.219,51199.219,51199.219,51199.219,1GRFE ,33.725,Avail,Incmpl,Incmpl,Enable,7.996,OFF,OFF,OFF,OFF,ON,ON,Avail,Compl,Enable,Compl,CL,CL,Compl,Unable,Not Avl,Compl,Compl,Enable,OFF,80,15,310,ON,42.500,21.250,0.102,2355,15,21,-3,OFF,1.562,5.469,3.760,OFF,0,0,70,Avail,Compl,Enable,0,GRN2#  ,ON,0,ACTIVE,ACTIVE,0.957,0.938,0.640,0.545,102.453,88.836,Avail,Compl,Avail,Incmpl,Incmpl,Enable,OBD II (California ARB),OFF,OFF,29.034,0.122,0,1st,OFF,OFF,OFF,OFF,OFF,OFF,0,0.781,ON,OFF,650,0,OFF,OFF,OFF,ON,Gasoline,1.002,OFF,OFF,0.684,ON,0.938,14.902,16,0,0.742,0.742,2.305,0.742,0.918,2.031,46.275,0,14.902,32,0.023,0.070,OFF,ECT 5th,NA,OFF,97.834,97.900,12.941,0,Not Avl,0,0,0,0,ON,ON,0,0,1
272,0,13.770,Not Avl,Compl,Compl,Unable,OFF,Not Avl,Compl,Compl,Unable,OFF,40.625,41.406,34.375,35,19.531,39.551,15.686,31.765,0.781,1.582,ON,0,OFF,ON,ON,1.000,0.996,0.023,0.012,3.342,3.322,0,97,51199.219,13.515,24.314,OFF,OFF,OFF,OFF,OFF,OFF,OFF,Avail,Incmpl,Incmpl,Enable,Avail,407.900,207.600,407.900,207.600,ON,Avail,Compl,Enable,79,0,0,0,0,0,0,6,A,0,0,Avail,Incmpl,Incmpl,Enable,OFF,OFF,770,718.750,51199.219,51199.219,51199.219,51199.219,51199.219,51199.219,1GRFE ,33.333,Avail,Incmpl,Incmpl,Enable,7.996,OFF,OFF,OFF,OFF,ON,ON,Avail,Compl,Enable,Compl,CL,CL,Compl,Unable,Not Avl,Compl,Compl,Enable,OFF,80,15,327,ON,42.500,21.250,0.102,2366,15,21,-3,OFF,1.562,5.469,3.780,OFF,0,0,70,Avail,Compl,Enable,0,GRN2#  ,ON,0,ACTIVE,ACTIVE,0.957,0.942,0.640,0.545,102.453,88.512,Avail,Compl,Avail,Incmpl,Incmpl,Enable,OBD II (California ARB),OFF,OFF,29.279,0.122,0,1st,OFF,OFF,OFF,OFF,OFF,OFF,0,0.781,ON,OFF,650,0,OFF,OFF,OFF,ON,Gasoline,1.002,OFF,OFF,0.684,ON,1.016,14.902,16,0,0.742,0.742,2.305,0.742,0.918,2.031,46.275,0,14.902,32,0.023,0.070,OFF,ECT 5th,NA,OFF,97.834,97.768,12.941,0,Not Avl,0,0,0,0,ON,ON,0,0,1
273,0,13.770,Not Avl,Compl,Compl,Unable,OFF,Not Avl,Compl,Compl,Unable,OFF,40.625,40.625,34.375,35,19.531,39.551,15.686,31.765,0.781,1.582,ON,0,OFF,ON,ON,0.997,0.999,0.016,0.023,3.327,3.342,0,97,51199.219,13.515,24.314,OFF,OFF,OFF,OFF,OFF,OFF,OFF,Avail,Incmpl,Incmpl,Enable,Avail,407.700,207.600,407.700,207.600,ON,Avail,Compl,Enable,79,0,0,0,0,0,0,6,A,0,0,Avail,Incmpl,Incmpl,Enable,OFF,OFF,771,715.500,51199.219,51199.219,51199.219,51199.219,51199.219,51199.219,1GRFE ,33.333,Avail,Incmpl,Incmpl,Enable,7.996,OFF,OFF,OFF,OFF,ON,ON,Avail,Compl,Enable,Compl,CL,CL,Compl,Unable,Not Avl,Compl,Compl,Enable,OFF,80,15,342,ON,42.500,21.250,0.103,2330,15,21,-3,OFF,1.562,5.469,3.730,OFF,0,0,78,Avail,Compl,Enable,0,GRN2#  ,ON,0,ACTIVE,ACTIVE,0.962,0.942,0.640,0.545,103.102,88.512,Avail,Compl,Avail,Incmpl,Incmpl,Enable,OBD II (California ARB),OFF,OFF,29.034,0.122,0,1st,OFF,OFF,OFF,OFF,OFF,OFF,0,0.781,ON,OFF,650,0,OFF,OFF,OFF,ON,Gasoline,1.002,OFF,OFF,0.684,ON,0.938,14.902,16,0,0.742,0.742,2.305,0.742,0.918,2.031,46.275,0,14.902,32,0.023,0.070,OFF,ECT 5th,NA,OFF,97.812,97.680,12.941,0,Not Avl,0,0,0,0,ON,ON,0,0,1
274,0,13.768,Not Avl,Compl,Compl,Unable,OFF,Not Avl,Compl,Compl,Unable,OFF,40.625,40.625,34.375,35,19.531,39.551,15.686,31.765,0.781,1.582,ON,0,OFF,ON,ON,0.997,0.999,0.020,0.027,3.332,3.347,0,97,51199.219,13.515,24.314,OFF,OFF,OFF,OFF,OFF,OFF,OFF,Avail,Incmpl,Incmpl,Enable,Avail,407.700,207.600,407.700,207.600,ON,Avail,Compl,Enable,79,0,0,0,0,0,0,6,A,0,0,Avail,Incmpl,Incmpl,Enable,OFF,OFF,771,711.500,51199.219,51199.219,51199.219,51199.219,51199.219,51199.219,1GRFE ,33.333,Avail,Incmpl,Incmpl,Enable,7.996,OFF,OFF,OFF,OFF,ON,ON,Avail,Compl,Enable,Compl,CL,CL,Compl,Unable,Not Avl,Compl,Compl,Enable,OFF,80,15,357,ON,42.500,21.250,0.103,2348,15,21,-3,OFF,1.562,5.469,3.780,OFF,0,0,78,Avail,Compl,Enable,0,GRN2#  ,ON,0,ACTIVE,ACTIVE,0.962,0.942,0.640,0.545,102.453,88.512,Avail,Compl,Avail,Incmpl,Incmpl,Enable,OBD II (California ARB),OFF,OFF,28.912,0.122,0,1st,OFF,OFF,OFF,OFF,OFF,OFF,0,0.781,ON,OFF,650,0,OFF,OFF,OFF,ON,Gasoline,1.003,OFF,OFF,0.684,ON,0.938,14.902,16,0,0.742,0.742,2.305,0.742,0.918,2.031,46.275,0,14.902,32,0.023,0.070,OFF,ECT 5th,NA,OFF,97.856,97.944,13.333,0,Not Avl,0,0,0,0,ON,ON,0,0,1
275,0,13.768,Not Avl,Compl,Compl,Unable,OFF,Not Avl,Compl,Compl,Unable,OFF,50,40.625,34.375,35.625,19.531,39.551,15.686,31.765,0.781,1.582,ON,0,OFF,ON,ON,0.999,1.001,0.023,0.035,3.342,3.357,0,97,51199.219,13.515,24.314,OFF,OFF,OFF,OFF,OFF,OFF,OFF,Avail,Incmpl,Incmpl,Enable,Avail,407.700,207.600,407.700,207.600,ON,Avail,Compl,Enable,79,0,0,0,0,0,0,6,A,0,0,Avail,Incmpl,Incmpl,Enable,OFF,OFF,772,710.750,51199.219,51199.219,51199.219,51199.219,51199.219,51199.219,1GRFE ,33.333,Avail,Incmpl,Incmpl,Enable,7.996,OFF,OFF,OFF,OFF,ON,ON,Avail,Compl,Enable,Compl,CL,CL,Compl,Unable,Not Avl,Compl,Compl,Enable,OFF,80,15,372,ON,42.500,21.250,0.103,2345,15,21,-3,OFF,1.562,5.469,3.760,OFF,0,0,78,Avail,Compl,Enable,0,GRN2#  ,ON,0,ACTIVE,ACTIVE,0.957,0.942,0.640,0.545,102.129,88.836,Avail,Compl,Avail,Incmpl,Incmpl,Enable,OBD II (California ARB),OFF,OFF,29.034,0.122,0,1st,OFF,OFF,OFF,OFF,OFF,OFF,0,0.781,ON,OFF,650,0,OFF,OFF,OFF,ON,Gasoline,1.003,OFF,OFF,0.684,ON,1.016,14.902,16,0,0.742,0.742,2.305,0.742,0.918,2.031,46.275,0,14.902,32,0.023,0.070,OFF,ECT 5th,NA,OFF,97.856,97.944,13.333,0,Not Avl,0,0,0,0,ON,ON,0,0,1
276,0,13.768,Not Avl,Compl,Compl,Unable,OFF,Not Avl,Compl,Compl,Unable,OFF,58.594,40.625,34.375,35.625,19.531,39.551,15.686,31.765,0.781,1.582,ON,0,OFF,ON,ON,1.001,1.001,0.031,0.031,3.352,3.352,0,97,51199.219,13.515,24.314,OFF,OFF,OFF,OFF,OFF,OFF,OFF,Avail,Incmpl,Incmpl,Enable,Avail,407.500,207.600,407.500,207.600,ON,Avail,Compl,Enable,79,0,0,0,0,0,0,6,A,0,0,Avail,Incmpl,Incmpl,Enable,OFF,OFF,772,711.500,51199.219,51199.219,51199.219,51199.219,51199.219,51199.219,1GRFE ,33.333,Avail,Incmpl,Incmpl,Enable,7.996,OFF,OFF,OFF,OFF,ON,ON,Avail,Compl,Enable,Compl,CL,CL,Compl,Unable,Not Avl,Compl,Compl,Enable,OFF,80,15,387,ON,42.500,21.250,0.103,2345,15,21,-3,OFF,1.562,5.469,3.730,OFF,0,0,79,Avail,Compl,Enable,0,GRN2#  ,ON,0,ACTIVE,ACTIVE,0.962,0.942,0.640,0.545,102.777,88.836,Avail,Compl,Avail,Incmpl,Incmpl,Enable,OBD II (California ARB),OFF,OFF,28.912,0.122,0,1st,OFF,OFF,OFF,OFF,OFF,OFF,0,1.562,ON,OFF,650,0,OFF,OFF,OFF,ON,Gasoline,1.002,OFF,OFF,0.684,ON,1.016,14.902,16,0,0.742,0.742,2.305,0.742,0.918,2.031,46.275,0,14.902,32,0.023,0.070,OFF,ECT 5th,NA,OFF,97.834,97.768,12.941,0,Not Avl,0,0,0,0,ON,ON,0,0,1
277,0,13.770,Not Avl,Compl,Compl,Unable,OFF,Not Avl,Compl,Compl,Unable,OFF,60.938,40.625,34.375,35.625,19.531,39.551,15.686,31.765,0.781,1.582,ON,0,OFF,ON,ON,1.003,1.003,0.039,0.039,3.366,3.361,0,97,51199.219,13.515,24.314,OFF,OFF,OFF,OFF,OFF,OFF,OFF,Avail,Incmpl,Incmpl,Enable,Avail,407.500,207.600,407.500,207.600,ON,Avail,Compl,Enable,79,0,0,0,0,0,0,6,A,0,0,Avail,Incmpl,Incmpl,Enable,OFF,OFF,773,719.500,51199.219,51199.219,51199.219,51199.219,51199.219,51199.219,1GRFE ,33.725,Avail,Incmpl,Incmpl,Enable,7.996,OFF,OFF,OFF,OFF,ON,ON,Avail,Compl,Enable,Compl,CL,CL,Compl,Unable,Not Avl,Compl,Compl,Enable,OFF,80,15,404,ON,42.500,21.250,0.102,2367,15,21,-3,OFF,1.562,5.469,3.780,OFF,0,0,79,Avail,Compl,Enable,0,GRN2#  ,ON,0,ACTIVE,ACTIVE,0.962,0.942,0.640,0.525,102.453,88.512,Avail,Compl,Avail,Incmpl,Incmpl,Enable,OBD II (California ARB),OFF,OFF,29.150,0.122,0,1st,OFF,OFF,OFF,OFF,OFF,OFF,0.781,1.562,ON,OFF,650,0,OFF,OFF,OFF,ON,Gasoline,1.001,OFF,OFF,0.684,ON,0.938,14.902,16,0,0.742,0.742,2.305,0.742,0.918,2.031,46.275,0,14.902,32,0.023,0.070,OFF,ECT 5th,NA,OFF,97.856,97.900,12.941,0,Not Avl,0,0,0,0,ON,ON,0,0,1
278,0,13.770,Not Avl,Compl,Compl,Unable,OFF,Not Avl,Compl,Compl,Unable,OFF,60.938,40.625,34.375,35.625,19.531,39.551,15.686,31.765,0.781,1.582,ON,0,OFF,ON,ON,0.999,1.002,0.023,0.039,3.337,3.361,0,97,51199.219,13.496,24.314,OFF,OFF,OFF,OFF,OFF,OFF,OFF,Avail,Incmpl,Incmpl,Enable,Avail,407.300,207.600,407.300,207.600,ON,Avail,Compl,Enable,79,0,0,0,0,0,0,6,A,0,0,Avail,Incmpl,Incmpl,Enable,OFF,OFF,773,714,51199.219,51199.219,51199.219,51199.219,51199.219,51199.219,1GRFE ,33.333,Avail,Incmpl,Incmpl,Enable,7.996,OFF,OFF,OFF,OFF,ON,ON,Avail,Compl,Enable,Compl,CL,CL,Compl,Unable,Not Avl,Compl,Compl,Enable,OFF,80,15,419,ON,42.500,21.250,0.102,2341,15,21,-3,OFF,1.562,5.469,3.730,OFF,0,0,75,Avail,Compl,Enable,0,GRN2#  ,ON,0,ACTIVE,ACTIVE,0.962,0.942,0.660,0.525,102.453,88.512,Avail,Compl,Avail,Incmpl,Incmpl,Enable,OBD II (California ARB),OFF,OFF,29.034,0.122,0,1st,OFF,OFF,OFF,OFF,OFF,OFF,0,1.562,ON,OFF,650,0,OFF,OFF,OFF,ON,Gasoline,0.999,OFF,OFF,0.684,ON,1.016,14.902,16,0,0.742,0.742,2.305,0.742,0.918,2.031,46.275,0,14.902,32,0.023,0.070,OFF,ECT 5th,NA,OFF,97.812,97.746,12.941,0,Not Avl,0,0,0,0,ON,ON,0,0,1
279,0,13.768,Not Avl,Compl,Compl,Unable,OFF,Not Avl,Compl,Compl,Unable,OFF,48.438,44.531,34.375,35.625,19.531,39.551,15.686,31.765,0.781,1.582,ON,0,OFF,ON,ON,0.998,0.999,0.023,0.023,3.337,3.342,0,97,51199.219,13.515,24.314,OFF,OFF,OFF,OFF,OFF,OFF,OFF,Avail,Incmpl,Incmpl,Enable,Avail,407.300,207.600,407.300,207.600,ON,Avail,Compl,Enable,79,0,0,0,0,0,0,6,A,0,0,Avail,Incmpl,Incmpl,Enable,OFF,OFF,773,717,51199.219,51199.219,51199.219,51199.219,51199.219,51199.219,1GRFE ,33.333,Avail,Incmpl,Incmpl,Enable,7.996,OFF,OFF,OFF,OFF,ON,ON,Avail,Compl,Enable,Compl,CL,CL,Compl,Unable,Not Avl,Compl,Compl,Enable,OFF,80,15,435,ON,42.500,21.250,0.102,2356,15,21,-3,OFF,1.562,5.469,3.820,OFF,0,0,75,Avail,Compl,Enable,0,GRN2#  ,ON,0,ACTIVE,ACTIVE,0.957,0.942,0.660,0.525,102.453,89.160,Avail,Compl,Avail,Incmpl,Incmpl,Enable,OBD II (California ARB),OFF,OFF,29.279,0.122,0,1st,OFF,OFF,OFF,OFF,OFF,OFF,0.781,1.562,ON,OFF,650,0,OFF,OFF,OFF,ON,Gasoline,0.999,OFF,OFF,0.684,ON,1.016,14.902,16,0,0.742,0.742,2.305,0.742,0.918,2.031,46.275,0,14.902,32,0.023,0.074,OFF,ECT 5th,NA,OFF,97.834,97.922,13.333,0,Not Avl,0,0,0,0,ON,ON,0,0,1
280,0,13.768,Not Avl,Compl,Compl,Unable,OFF,Not Avl,Compl,Compl,Unable,OFF,42.969,49.219,34.375,35.625,19.531,39.551,15.686,31.765,0.781,1.582,ON,0,OFF,ON,ON,0.999,0.997,0.023,0.016,3.337,3.327,0,97,51199.219,13.515,24.314,OFF,OFF,OFF,OFF,OFF,OFF,OFF,Avail,Incmpl,Incmpl,Enable,Avail,407.200,207.600,407.200,207.600,ON,Avail,Compl,Enable,79,0,0,0,0,0,0,6,A,0,0,Avail,Incmpl,Incmpl,Enable,OFF,OFF,774,714.750,51199.219,51199.219,51199.219,51199.219,51199.219,51199.219,1GRFE ,33.333,Avail,Incmpl,Incmpl,Enable,7.996,OFF,OFF,OFF,OFF,ON,ON,Avail,Compl,Enable,Compl,CL,CL,Compl,Unable,Not Avl,Compl,Compl,Enable,OFF,80,15,451,ON,42.500,21.250,0.102,2349,15,21,-3,OFF,1.562,5.469,3.730,OFF,0,0,75,Avail,Compl,Enable,0,GRN2#  ,ON,0,ACTIVE,ACTIVE,0.962,0.942,0.660,0.525,102.129,89.160,Avail,Compl,Avail,Incmpl,Incmpl,Enable,OBD II (California ARB),OFF,OFF,29.279,0.122,0,1st,OFF,OFF,OFF,OFF,OFF,OFF,0.781,1.562,ON,OFF,650,0,OFF,OFF,OFF,ON,Gasoline,1.000,OFF,OFF,0.684,ON,1.016,14.902,16,0,0.742,0.742,2.305,0.742,0.918,2.031,46.275,0,14.902,32,0.023,0.074,OFF,ECT 5th,NA,OFF,97.812,97.702,12.941,0,Not Avl,0,0,0,0,ON,ON,0,0,1
281,0,13.768,Not Avl,Compl,Compl,Unable,OFF,Not Avl,Compl,Compl,Unable,OFF,40.625,57.812,34.375,35.625,19.531,39.551,15.686,31.765,0.781,1.582,ON,0,OFF,ON,ON,0.997,0.996,0.020,0.012,3.332,3.322,0,97,51199.219,13.496,24.314,OFF,OFF,OFF,OFF,OFF,OFF,OFF,Avail,Incmpl,Incmpl,Enable,Avail,407.200,207.600,407.200,207.600,ON,Avail,Compl,Enable,79,0,0,0,0,0,0,6,A,0,0,Avail,Incmpl,Incmpl,Enable,OFF,OFF,774,715.500,51199.219,51199.219,51199.219,51199.219,51199.219,51199.219,1GRFE ,33.333,Avail,Incmpl,Incmpl,Enable,7.996,OFF,OFF,OFF,OFF,ON,ON,Avail,Compl,Enable,Compl,CL,CL,Compl,Unable,Not Avl,Compl,Compl,Enable,OFF,80,15,467,ON,42.500,21.250,0.103,2370,15,21,-3,OFF,1.562,5.469,3.780,OFF,0,0,78,Avail,Compl,Enable,0,GRN2#  ,ON,0,ACTIVE,ACTIVE,0.962,0.942,0.660,0.525,102.129,88.836,Avail,Compl,Avail,Incmpl,Incmpl,Enable,OBD II (California ARB),OFF,OFF,29.150,0.122,0,1st,OFF,OFF,OFF,OFF,OFF,OFF,0,1.562,ON,OFF,650,0,OFF,OFF,OFF,ON,Gasoline,0.999,OFF,OFF,0.684,ON,1.016,14.902,16,0,0.742,0.742,2.305,0.742,0.918,2.031,46.275,0,14.902,32,0.027,0.074,OFF,ECT 5th,NA,OFF,97.834,97.746,13.333,0,Not Avl,0,0,0,0,ON,ON,0,0,1
282,0,13.765,Not Avl,Compl,Compl,Unable,OFF,Not Avl,Compl,Compl,Unable,OFF,40.625,60.156,34.375,35.625,19.531,39.551,15.686,31.765,0.781,1.582,ON,0,OFF,ON,ON,0.996,0.997,0.016,0.016,3.327,3.327,0,97,51199.219,13.515,24.314,OFF,OFF,OFF,OFF,OFF,OFF,OFF,Avail,Incmpl,Incmpl,Enable,Avail,407.200,207.600,407.200,207.600,ON,Avail,Compl,Enable,79,0,0,0,0,0,0,6,A,0,0,Avail,Incmpl,Incmpl,Enable,OFF,OFF,775,707.750,51199.219,51199.219,51199.219,51199.219,51199.219,51199.219,1GRFE ,32.941,Avail,Incmpl,Incmpl,Enable,7.996,OFF,OFF,OFF,OFF,ON,ON,Avail,Compl,Enable,Compl,CL,CL,Compl,Unable,Not Avl,Compl,Compl,Enable,OFF,80,15,482,ON,42.500,21.250,0.103,2352,15,21,-3,OFF,1.562,5.469,3.820,OFF,0,0,78,Avail,Compl,Enable,0,GRN2#  ,ON,0,ACTIVE,ACTIVE,0.957,0.942,0.660,0.525,102.453,88.836,Avail,Compl,Avail,Incmpl,Incmpl,Enable,OBD II (California ARB),OFF,OFF,29.034,0.122,0,1st,OFF,OFF,OFF,OFF,OFF,OFF,0,1.562,ON,OFF,650,0,OFF,OFF,OFF,ON,Gasoline,1.001,OFF,OFF,0.684,ON,1.016,14.902,16,0,0.742,0.742,2.305,0.742,0.918,2.031,46.275,0,14.902,32,0.027,0.074,OFF,ECT 5th,NA,OFF,97.878,97.966,13.333,0,Not Avl,0,0,0,0,ON,ON,0,0,1
283,0,13.759,Not Avl,Compl,Compl,Unable,OFF,Not Avl,Compl,Compl,Unable,OFF,40.625,51.562,34.375,35.625,19.531,39.551,15.686,31.765,0.781,1.582,ON,0,OFF,ON,ON,0.999,0.997,0.023,0.016,3.342,3.327,0,97,51199.219,13.496,24.314,OFF,OFF,OFF,OFF,OFF,OFF,OFF,Avail,Incmpl,Incmpl,Enable,Avail,407,207.600,407,207.600,ON,Avail,Compl,Enable,79,0,0,0,0,0,0,6,A,0,0,Avail,Incmpl,Incmpl,Enable,OFF,OFF,775,715.500,51199.219,51199.219,51199.219,51199.219,51199.219,51199.219,1GRFE ,33.333,Avail,Incmpl,Incmpl,Enable,7.996,OFF,OFF,OFF,OFF,ON,ON,Avail,Compl,Enable,Compl,CL,CL,Compl,Unable,Not Avl,Compl,Compl,Enable,OFF,80,15,499,ON,42.500,21.250,0.103,2345,15,21,-3,OFF,1.562,5.469,3.780,OFF,0,0,69,Avail,Compl,Enable,0,GRN2#  ,ON,0,ACTIVE,ACTIVE,0.957,0.942,0.660,0.525,102.777,88.836,Avail,Compl,Avail,Incmpl,Incmpl,Enable,OBD II (California ARB),OFF,OFF,29.034,0.122,0,1st,OFF,OFF,OFF,OFF,OFF,OFF,0,1.562,ON,OFF,650,0,OFF,OFF,OFF,ON,Gasoline,1.002,OFF,OFF,0.684,ON,1.016,14.902,16,0,0.742,0.742,2.305,0.742,0.918,2.031,46.275,0,14.902,32,0.023,0.074,OFF,ECT 5th,NA,OFF,97.834,97.768,13.333,0,Not Avl,0,0,0,0,ON,ON,0,0,1
284,0,13.754,Not Avl,Compl,Compl,Unable,OFF,Not Avl,Compl,Compl,Unable,OFF,40.625,44.531,34.375,35.625,19.531,39.551,15.686,31.765,0.781,1.582,ON,0,OFF,ON,ON,1.001,0.997,0.031,0.020,3.352,3.332,0,97,51199.219,13.496,24.314,OFF,OFF,OFF,OFF,OFF,OFF,OFF,Avail,Incmpl,Incmpl,Enable,Avail,407,207.600,407,207.600,ON,Avail,Compl,Enable,79,0,0,0,0,0,0,6,A,0,0,Avail,Incmpl,Incmpl,Enable,OFF,OFF,776,711.500,51199.219,51199.219,51199.219,51199.219,51199.219,51199.219,1GRFE ,33.333,Avail,Incmpl,Incmpl,Enable,7.996,OFF,OFF,OFF,OFF,ON,ON,Avail,Compl,Enable,Compl,CL,CL,Compl,Unable,Not Avl,Compl,Compl,Enable,OFF,80,15,513,ON,42.500,21.250,0.103,2355,15,21,-3,OFF,1.562,5.469,3.750,OFF,0,0,69,Avail,Compl,Enable,0,GRN2#  ,ON,0,ACTIVE,ACTIVE,0.962,0.942,0.660,0.525,102.777,88.836,Avail,Compl,Avail,Incmpl,Incmpl,Enable,OBD II (California ARB),OFF,OFF,29.034,0.122,0,1st,OFF,OFF,OFF,OFF,OFF,OFF,0,1.562,ON,OFF,650,0,OFF,OFF,OFF,ON,Gasoline,1.001,OFF,OFF,0.684,ON,0.938,14.902,16,0,0.742,0.742,2.305,0.742,0.918,2.031,46.275,0,14.902,32,0.027,0.074,OFF,ECT 5th,NA,OFF,97.834,97.900,13.333,0,Not Avl,0,0,0,0,ON,ON,0,0,1
285,0,13.768,Not Avl,Compl,Compl,Unable,OFF,Not Avl,Compl,Compl,Unable,OFF,53.125,41.406,34.375,35.625,19.531,39.551,15.686,31.765,0.781,1.582,ON,0,OFF,ON,ON,0.998,0.999,0.023,0.023,3.337,3.337,0,97,51199.219,13.515,24.314,OFF,OFF,OFF,OFF,OFF,OFF,OFF,Avail,Incmpl,Incmpl,Enable,Avail,406.900,207.600,406.900,207.600,ON,Avail,Compl,Enable,79,0,0,0,0,0,0,6,A,0,0,Avail,Incmpl,Incmpl,Enable,OFF,OFF,776,712.500,51199.219,51199.219,51199.219,51199.219,51199.219,51199.219,1GRFE ,33.333,Avail,Incmpl,Incmpl,Enable,7.996,OFF,OFF,OFF,OFF,ON,ON,Avail,Compl,Enable,Compl,CL,CL,Compl,Unable,Not Avl,Compl,Compl,Enable,OFF,80,15,529,ON,42.500,21.250,0.103,2355,15,21,-3,OFF,1.562,5.469,3.780,OFF,0,0,82,Avail,Compl,Enable,0,GRN2#  ,ON,0,ACTIVE,ACTIVE,0.957,0.942,0.660,0.505,102.453,88.836,Avail,Compl,Avail,Incmpl,Incmpl,Enable,OBD II (California ARB),OFF,OFF,29.034,0.122,0,1st,OFF,OFF,OFF,OFF,OFF,OFF,0,1.562,ON,OFF,650,0,OFF,OFF,OFF,ON,Gasoline,1.001,OFF,OFF,0.684,ON,1.016,14.902,16,0,0.742,0.742,2.305,0.742,0.918,2.031,46.275,0,14.902,32,0.027,0.074,OFF,ECT 5th,NA,OFF,97.834,97.834,13.333,0,Not Avl,0,0,0,0,ON,ON,0,0,1
286,0,13.768,Not Avl,Compl,Compl,Unable,OFF,Not Avl,Compl,Compl,Unable,OFF,58.594,40.625,34.375,35.625,19.531,39.551,15.686,31.765,0.781,1.582,ON,0,OFF,ON,ON,0.997,0.999,0.023,0.027,3.337,3.347,0,97,51199.219,13.515,24.314,OFF,OFF,OFF,OFF,OFF,OFF,OFF,Avail,Incmpl,Incmpl,Enable,Avail,406.900,207.600,406.900,207.600,ON,Avail,Compl,Enable,79,0,0,0,0,0,0,6,A,0,0,Avail,Incmpl,Incmpl,Enable,OFF,OFF,776,714,51199.219,51199.219,51199.219,51199.219,51199.219,51199.219,1GRFE ,33.333,Avail,Incmpl,Incmpl,Enable,7.996,OFF,OFF,OFF,OFF,ON,ON,Avail,Compl,Enable,Compl,CL,CL,Compl,Unable,Not Avl,Compl,Compl,Enable,OFF,80,15,544,ON,42.500,21.250,0.103,2352,15,21,-3,OFF,1.562,5.469,3.780,OFF,0,0,82,Avail,Compl,Enable,0,GRN2#  ,ON,0,ACTIVE,ACTIVE,0.962,0.942,0.680,0.525,102.777,88.836,Avail,Compl,Avail,Incmpl,Incmpl,Enable,OBD II (California ARB),OFF,OFF,29.150,0.122,0,1st,OFF,OFF,OFF,OFF,OFF,OFF,0,1.562,ON,OFF,650,0,OFF,OFF,OFF,ON,Gasoline,1.001,OFF,OFF,0.684,ON,1.016,14.902,16,0,0.742,0.742,2.305,0.742,0.918,2.031,46.275,0,14.902,32,0.027,0.074,OFF,ECT 5th,NA,OFF,97.834,97.900,13.333,0,Not Avl,0,0,0,0,ON,ON,0,0,1
287,0,13.768,Not Avl,Compl,Compl,Unable,OFF,Not Avl,Compl,Compl,Unable,OFF,60.938,40.625,34.375,35.625,19.531,39.551,15.686,31.765,0.781,1.582,ON,0,OFF,ON,ON,0.997,1.000,0.023,0.027,3.337,3.347,0,97,51199.219,13.515,24.314,OFF,OFF,OFF,OFF,OFF,OFF,OFF,Avail,Incmpl,Incmpl,Enable,Avail,406.900,207.600,406.900,207.600,ON,Avail,Compl,Enable,79,0,0,0,0,0,0,6,A,0,0,Avail,Incmpl,Incmpl,Enable,OFF,OFF,777,710,51199.219,51199.219,51199.219,51199.219,51199.219,51199.219,1GRFE ,33.333,Avail,Incmpl,Incmpl,Enable,7.996,OFF,OFF,OFF,OFF,ON,ON,Avail,Compl,Enable,Compl,CL,CL,Compl,Unable,Not Avl,Compl,Compl,Enable,OFF,80,15,559,ON,42.500,21.250,0.103,2359,15,21,-3,OFF,1.562,5.469,3.780,OFF,0,0,82,Avail,Compl,Enable,0,GRN2#  ,ON,0,ACTIVE,ACTIVE,0.962,0.942,0.680,0.505,102.453,89.160,Avail,Compl,Avail,Incmpl,Incmpl,Enable,OBD II (California ARB),OFF,OFF,29.034,0.122,0,1st,OFF,OFF,OFF,OFF,OFF,OFF,0,1.562,ON,OFF,650,0,OFF,OFF,OFF,ON,Gasoline,1.001,OFF,OFF,0.684,ON,0.938,14.902,16,0,0.742,0.742,2.305,0.742,0.918,2.031,46.275,0,14.902,32,0.023,0.074,OFF,ECT 5th,NA,OFF,97.856,97.944,13.333,0,Not Avl,0,0,0,0,ON,ON,0,0,1
288,0,13.754,Not Avl,Compl,Compl,Unable,OFF,Not Avl,Compl,Compl,Unable,OFF,60.938,40.625,34.375,35.625,19.531,39.551,15.686,31.765,0.781,1.582,ON,0,OFF,ON,ON,0.996,0.999,0.016,0.023,3.327,3.342,0,97,51199.219,13.515,24.314,OFF,OFF,OFF,OFF,OFF,OFF,OFF,Avail,Incmpl,Incmpl,Enable,Avail,406.700,207.600,406.700,207.600,ON,Avail,Compl,Enable,79,0,0,0,0,0,0,6,A,0,0,Avail,Incmpl,Incmpl,Enable,OFF,OFF,777,707,51199.219,51199.219,51199.219,51199.219,51199.219,51199.219,1GRFE ,33.333,Avail,Incmpl,Incmpl,Enable,7.996,OFF,OFF,OFF,OFF,ON,ON,Avail,Compl,Enable,Compl,CL,CL,Compl,Unable,Not Avl,Compl,Compl,Enable,OFF,80,15,573,ON,42.500,21.250,0.103,2352,15,21,-3,OFF,1.562,5.469,3.750,OFF,0,0,85,Avail,Compl,Enable,0,GRN2#  ,ON,0,ACTIVE,ACTIVE,0.962,0.942,0.680,0.505,102.453,88.836,Avail,Compl,Avail,Incmpl,Incmpl,Enable,OBD II (California ARB),OFF,OFF,28.790,0.122,0,1st,OFF,OFF,OFF,OFF,OFF,OFF,0,1.562,ON,OFF,650,0,OFF,OFF,OFF,ON,Gasoline,1.002,OFF,OFF,0.684,ON,0.938,14.902,16,0,0.742,0.742,2.305,0.742,0.918,2.031,46.275,0,14.902,32,0.023,0.074,OFF,ECT 5th,NA,OFF,97.856,97.944,13.333,0,Not Avl,0,0,0,0,ON,ON,0,0,1
289,0,13.768,Not Avl,Compl,Compl,Unable,OFF,Not Avl,Compl,Compl,Unable,OFF,60.938,40.625,34.375,35.625,19.531,39.551,15.686,31.765,0.781,1.582,ON,0,OFF,ON,ON,0.996,0.998,0.016,0.020,3.327,3.332,0,97,51199.219,13.515,24.314,OFF,OFF,OFF,OFF,OFF,OFF,OFF,Avail,Incmpl,Incmpl,Enable,Avail,406.700,207.600,406.700,207.600,ON,Avail,Compl,Enable,79,0,0,0,0,0,0,6,A,0,0,Avail,Incmpl,Incmpl,Enable,OFF,OFF,778,711.500,51199.219,51199.219,51199.219,51199.219,51199.219,51199.219,1GRFE ,33.333,Avail,Incmpl,Incmpl,Enable,7.996,OFF,OFF,OFF,OFF,ON,ON,Avail,Compl,Enable,Compl,CL,CL,Compl,Unable,Not Avl,Compl,Compl,Enable,OFF,80,15,587,ON,42.500,21.250,0.103,2355,15,21,-3,OFF,1.562,5.469,3.790,OFF,0,0,85,Avail,Compl,Enable,0,GRN2#  ,ON,0,ACTIVE,ACTIVE,0.957,0.942,0.680,0.505,102.777,88.836,Avail,Compl,Avail,Incmpl,Incmpl,Enable,OBD II (California ARB),OFF,OFF,29.150,0.122,0,1st,OFF,OFF,OFF,OFF,OFF,OFF,0,1.562,ON,OFF,650,0,OFF,OFF,OFF,ON,Gasoline,1.002,OFF,OFF,0.684,ON,0.938,14.902,16,0,0.742,0.742,2.305,0.742,0.918,2.031,46.275,0,14.902,32,0.023,0.074,OFF,ECT 5th,NA,OFF,97.834,97.812,13.333,0,Not Avl,0,0,0,0,ON,ON,0,0,1
290,0,13.768,Not Avl,Compl,Compl,Unable,OFF,Not Avl,Compl,Compl,Unable,OFF,46.094,40.625,34.375,35.625,19.531,39.551,15.686,31.765,0.781,1.582,ON,0,OFF,ON,ON,0.998,0.998,0.023,0.023,3.337,3.337,0,97,51199.219,13.515,24.314,OFF,OFF,OFF,OFF,OFF,OFF,OFF,Avail,Incmpl,Incmpl,Enable,Avail,406.600,207.600,406.600,207.600,ON,Avail,Compl,Enable,79,0,0,0,0,0,0,6,A,0,0,Avail,Incmpl,Incmpl,Enable,OFF,OFF,778,721.750,51199.219,51199.219,51199.219,51199.219,51199.219,51199.219,1GRFE ,33.333,Avail,Incmpl,Incmpl,Enable,7.996,OFF,OFF,OFF,OFF,ON,ON,Avail,Compl,Enable,Compl,CL,CL,Compl,Unable,Not Avl,Compl,Compl,Enable,OFF,80,15,2,ON,42.500,21.250,0.103,2345,15,21,-3,OFF,1.562,5.469,3.820,OFF,0,0,78,Avail,Compl,Enable,0,GRN2#  ,ON,0,ACTIVE,ACTIVE,0.962,0.942,0.680,0.525,102.129,89.160,Avail,Compl,Avail,Incmpl,Incmpl,Enable,OBD II (California ARB),OFF,OFF,29.279,0.122,0,1st,OFF,OFF,OFF,OFF,OFF,OFF,0,1.562,ON,OFF,700,0,OFF,OFF,OFF,ON,Gasoline,1.004,OFF,OFF,0.684,ON,0.938,14.902,16,0,0.742,0.742,2.305,0.742,0.918,2.031,46.275,0,14.902,32,0.023,0.074,OFF,ECT 5th,NA,OFF,97.834,97.900,13.333,0,Not Avl,0,0,0,0,ON,ON,0,0,1
291,0,13.768,Not Avl,Compl,Compl,Unable,OFF,Not Avl,Compl,Compl,Unable,OFF,42.188,40.625,34.375,35.625,19.531,39.551,15.686,31.765,0.781,1.582,ON,0,OFF,ON,ON,0.998,0.998,0.023,0.023,3.337,3.337,0,97,51199.219,13.496,24.314,OFF,OFF,OFF,OFF,OFF,OFF,OFF,Avail,Incmpl,Incmpl,Enable,Avail,406.600,207.600,406.600,207.600,ON,Avail,Compl,Enable,79,0,0,0,0,0,0,6,A,0,0,Avail,Incmpl,Incmpl,Enable,OFF,OFF,778,710.750,51199.219,51199.219,51199.219,51199.219,51199.219,51199.219,1GRFE ,33.333,Avail,Incmpl,Incmpl,Enable,7.996,OFF,OFF,OFF,OFF,ON,ON,Avail,Compl,Enable,Compl,CL,CL,Compl,Unable,Not Avl,Compl,Compl,Enable,OFF,80,15,17,ON,42.500,21.250,0.103,2352,15,21,-3,OFF,1.562,5.469,3.780,OFF,0,0,78,Avail,Compl,Enable,0,GRN2#  ,ON,0,ACTIVE,ACTIVE,0.957,0.938,0.680,0.505,102.777,89.160,Avail,Compl,Avail,Incmpl,Incmpl,Enable,OBD II (California ARB),OFF,OFF,29.034,0.122,0,1st,OFF,OFF,OFF,OFF,OFF,OFF,0,1.562,ON,OFF,650,0,OFF,OFF,OFF,ON,Gasoline,1.004,OFF,OFF,0.684,ON,0.938,14.902,16,0,0.742,0.742,2.305,0.742,0.918,2.031,46.275,0,14.902,32,0.023,0.074,OFF,ECT 5th,NA,OFF,97.856,97.944,13.333,0,Not Avl,0,0,0,0,ON,ON,0,0,1
292,0,13.770,Not Avl,Compl,Compl,Unable,OFF,Not Avl,Compl,Compl,Unable,OFF,40.625,46.094,34.375,35.625,19.531,39.551,15.686,31.765,0.781,1.582,ON,0,OFF,ON,ON,1.001,0.997,0.035,0.020,3.357,3.332,0,97,51199.219,13.515,24.314,OFF,OFF,OFF,OFF,OFF,OFF,OFF,Avail,Incmpl,Incmpl,Enable,Avail,406.600,207.600,406.600,207.600,ON,Avail,Compl,Enable,79,0,0,0,0,0,0,6,A,0,0,Avail,Incmpl,Incmpl,Enable,OFF,OFF,779,722.500,51199.219,51199.219,51199.219,51199.219,51199.219,51199.219,1GRFE ,33.725,Avail,Incmpl,Incmpl,Enable,7.996,OFF,OFF,OFF,OFF,ON,ON,Avail,Compl,Enable,Compl,CL,CL,Compl,Unable,Not Avl,Compl,Compl,Enable,OFF,80,15,32,ON,42.500,21.250,0.102,2349,15,21,-3,OFF,1.562,5.469,3.810,OFF,0,0,78,Avail,Compl,Enable,0,GRN2#  ,ON,0,ACTIVE,ACTIVE,0.962,0.942,0.680,0.525,102.777,89.160,Avail,Compl,Avail,Incmpl,Incmpl,Enable,OBD II (California ARB),OFF,OFF,29.517,0.122,0,1st,OFF,OFF,OFF,OFF,OFF,OFF,0,1.562,ON,OFF,700,0,OFF,OFF,OFF,ON,Gasoline,1.004,OFF,OFF,0.684,ON,0.938,14.902,16,0,0.742,0.742,2.305,0.742,0.918,2.031,46.275,0,14.902,32,0.023,0.074,OFF,ECT 5th,NA,OFF,97.812,97.680,13.333,0,Not Avl,0,0,0,0,ON,ON,0,0,1
293,0,13.759,Not Avl,Compl,Compl,Unable,OFF,Not Avl,Compl,Compl,Unable,OFF,40.625,46.875,34.375,35.625,19.531,39.551,15.686,31.765,0.781,1.582,ON,0,OFF,ON,ON,0.999,0.996,0.023,0.012,3.342,3.322,0,97,51199.219,13.496,24.314,OFF,OFF,OFF,OFF,OFF,OFF,OFF,Avail,Incmpl,Incmpl,Enable,Avail,406.400,207.600,406.400,207.600,ON,Avail,Compl,Enable,79,0,0,0,0,0,0,6,A,0,0,Avail,Incmpl,Incmpl,Enable,OFF,OFF,779,720.250,51199.219,51199.219,51199.219,51199.219,51199.219,51199.219,1GRFE ,33.333,Avail,Incmpl,Incmpl,Enable,7.996,OFF,OFF,OFF,OFF,ON,ON,Avail,Compl,Enable,Compl,CL,CL,Compl,Unable,Not Avl,Compl,Compl,Enable,OFF,80,15,48,ON,42.500,21.250,0.102,2349,15,21,-3,OFF,1.562,5.469,3.750,OFF,0,0,76,Avail,Compl,Enable,0,GRN2#  ,ON,0,ACTIVE,ACTIVE,0.962,0.942,0.680,0.525,102.453,89.160,Avail,Compl,Avail,Incmpl,Incmpl,Enable,OBD II (California ARB),OFF,OFF,29.279,0.122,0,1st,OFF,OFF,OFF,OFF,OFF,OFF,0,1.562,ON,OFF,650,0,OFF,OFF,OFF,ON,Gasoline,1.003,OFF,OFF,0.684,ON,0.938,14.902,16,0,0.742,0.742,2.305,0.742,0.918,2.031,46.275,0,14.902,32,0.023,0.074,OFF,ECT 5th,NA,OFF,97.856,97.966,12.941,0,Not Avl,0,0,0,0,ON,ON,0,0,1
294,0,13.768,Not Avl,Compl,Compl,Unable,OFF,Not Avl,Compl,Compl,Unable,OFF,40.625,56.250,34.375,35.625,19.531,39.551,15.686,31.765,0.781,1.582,ON,0,OFF,ON,ON,0.996,0.997,0.016,0.020,3.327,3.332,0,97,51199.219,13.496,24.314,OFF,OFF,OFF,OFF,OFF,OFF,OFF,Avail,Incmpl,Incmpl,Enable,Avail,406.400,207.600,406.400,207.600,ON,Avail,Compl,Enable,79,0,0,0,0,0,0,6,A,0,0,Avail,Incmpl,Incmpl,Enable,OFF,OFF,780,711.500,51199.219,51199.219,51199.219,51199.219,51199.219,51199.219,1GRFE ,32.941,Avail,Incmpl,Incmpl,Enable,7.996,OFF,OFF,OFF,OFF,ON,ON,Avail,Compl,Enable,Compl,CL,CL,Compl,Unable,Not Avl,Compl,Compl,Enable,OFF,80,15,63,ON,42.500,21.250,0.102,2345,15,21,-3,OFF,1.562,5.469,3.730,OFF,0,0,76,Avail,Compl,Enable,0,GRN2#  ,ON,0,ACTIVE,ACTIVE,0.962,0.942,0.680,0.525,102.129,89.160,Avail,Compl,Avail,Incmpl,Incmpl,Enable,OBD II (California ARB),OFF,OFF,28.912,0.122,0,1st,OFF,OFF,OFF,OFF,OFF,OFF,0,1.562,ON,OFF,650,0,OFF,OFF,OFF,ON,Gasoline,1.002,OFF,OFF,0.684,ON,0.938,14.902,16,0,0.742,0.742,2.305,0.742,0.918,2.031,46.275,0,14.902,32,0.023,0.070,OFF,ECT 5th,NA,OFF,97.856,97.944,12.941,0,Not Avl,0,0,0,0,ON,ON,0,0,1
295,0,13.750,Not Avl,Compl,Compl,Unable,OFF,Not Avl,Compl,Compl,Unable,OFF,40.625,56.250,34.375,35.625,19.531,39.551,15.686,31.765,0.781,1.582,ON,0,OFF,ON,ON,0.996,0.998,0.016,0.020,3.327,3.332,0,97,51199.219,13.515,24.314,OFF,OFF,OFF,OFF,OFF,OFF,OFF,Avail,Incmpl,Incmpl,Enable,Avail,406.200,207.600,406.200,207.600,ON,Avail,Compl,Enable,79,0,0,0,0,0,0,6,A,0,0,Avail,Incmpl,Incmpl,Enable,OFF,OFF,780,706.250,51199.219,51199.219,51199.219,51199.219,51199.219,51199.219,1GRFE ,32.941,Avail,Incmpl,Incmpl,Enable,7.996,OFF,OFF,OFF,OFF,ON,ON,Avail,Compl,Enable,Compl,CL,CL,Compl,Unable,Not Avl,Compl,Compl,Enable,OFF,80,15,78,ON,42.500,21.250,0.102,2352,15,21,-3,OFF,1.562,5.469,3.730,OFF,0,0,85,Avail,Compl,Enable,0,GRN2#  ,ON,0,ACTIVE,ACTIVE,0.962,0.942,0.700,0.505,102.453,89.160,Avail,Compl,Avail,Incmpl,Incmpl,Enable,OBD II (California ARB),OFF,OFF,28.912,0.122,0,1st,OFF,OFF,OFF,OFF,OFF,OFF,0,0.781,ON,OFF,650,0,OFF,OFF,OFF,ON,Gasoline,1.004,OFF,OFF,0.684,ON,0.938,14.902,16,0,0.742,0.742,2.305,0.742,0.918,2.031,46.275,0,14.902,32,0.023,0.070,OFF,ECT 5th,NA,OFF,97.834,97.768,13.333,0,Not Avl,0,0,0,0,ON,ON,0,0,1
296,0,13.754,Not Avl,Compl,Compl,Unable,OFF,Not Avl,Compl,Compl,Unable,OFF,46.094,60.156,34.375,35.625,19.531,39.551,15.686,31.765,0.781,1.582,ON,0,OFF,ON,ON,1.001,0.999,0.023,0.023,3.357,3.342,0,97,51199.219,13.496,24.706,OFF,OFF,OFF,OFF,OFF,OFF,OFF,Avail,Incmpl,Incmpl,Enable,Avail,406.200,207.600,406.200,207.600,ON,Avail,Compl,Enable,79,0,0,0,0,0,0,6,A,0,0,Avail,Incmpl,Incmpl,Enable,OFF,OFF,781,696,51199.219,51199.219,51199.219,51199.219,51199.219,51199.219,1GRFE ,32.941,Avail,Incmpl,Incmpl,Enable,7.996,OFF,OFF,OFF,OFF,ON,ON,Avail,Compl,Enable,Compl,CL,CL,Compl,Unable,Not Avl,Compl,Compl,Enable,OFF,80,15,95,ON,42.500,21.250,0.103,2378,15,21,-3,OFF,1.562,5.469,3.750,OFF,0,0,85,Avail,Compl,Enable,0,GRN2#  ,ON,0,ACTIVE,ACTIVE,0.957,0.938,0.680,0.505,102.453,89.160,Avail,Compl,Avail,Incmpl,Incmpl,Enable,OBD II (California ARB),OFF,OFF,29.150,0.122,0,1st,OFF,OFF,OFF,OFF,OFF,OFF,0,0.781,ON,OFF,650,0,OFF,OFF,OFF,ON,Gasoline,1.004,OFF,OFF,0.684,ON,0.938,14.902,16,0,0.742,0.742,2.305,0.742,0.918,2.031,46.275,0,14.902,32,0.023,0.070,OFF,ECT 5th,NA,OFF,97.856,97.922,13.333,0,Not Avl,0,0,0,0,ON,ON,0,0,1
297,0,13.751,Not Avl,Compl,Compl,Unable,OFF,Not Avl,Compl,Compl,Unable,OFF,55.469,51.562,34.375,35.625,19.531,39.551,15.686,31.765,0.781,1.582,ON,0,OFF,ON,ON,1.001,0.997,0.035,0.020,3.357,3.332,0,97,51199.219,13.515,24.706,OFF,OFF,OFF,OFF,OFF,OFF,OFF,Avail,Incmpl,Incmpl,Enable,Avail,406.200,207.600,406.200,207.600,ON,Avail,Compl,Enable,79,0,0,0,0,0,0,6,A,0,0,Avail,Incmpl,Incmpl,Enable,OFF,OFF,781,704.500,51199.219,51199.219,51199.219,51199.219,51199.219,51199.219,1GRFE ,32.941,Avail,Incmpl,Incmpl,Enable,7.996,OFF,OFF,OFF,OFF,ON,ON,Avail,Compl,Enable,Compl,CL,CL,Compl,Unable,Not Avl,Compl,Compl,Enable,OFF,80,15,111,ON,42.500,21.250,0.103,2363,15,21,-3,OFF,1.562,5.469,3.780,OFF,0,0,85,Avail,Compl,Enable,0,GRN2#  ,ON,0,ACTIVE,ACTIVE,0.962,0.942,0.660,0.505,102.453,89.160,Avail,Compl,Avail,Incmpl,Incmpl,Enable,OBD II (California ARB),OFF,OFF,28.790,0.122,0,1st,OFF,OFF,OFF,OFF,OFF,OFF,0,0.781,ON,OFF,650,0,OFF,OFF,OFF,ON,Gasoline,1.003,OFF,OFF,0.684,ON,0.938,14.902,16,0,0.742,0.742,2.305,0.742,0.918,2.031,46.275,0,14.902,32,0.023,0.070,OFF,ECT 5th,NA,OFF,97.834,97.878,13.333,0,Not Avl,0,0,0,0,ON,ON,0,0,1
298,0,13.751,Not Avl,Compl,Compl,Unable,OFF,Not Avl,Compl,Compl,Unable,OFF,60.156,42.969,34.375,35.625,19.531,39.551,15.686,31.765,0.781,1.582,ON,0,OFF,ON,ON,1.007,0.997,0.047,0.020,3.376,3.332,0,97,51199.219,13.496,24.706,OFF,OFF,OFF,OFF,OFF,OFF,OFF,Avail,Incmpl,Incmpl,Enable,Avail,406.100,207.600,406.100,207.600,ON,Avail,Compl,Enable,79,0,0,0,0,0,0,6,A,0,0,Avail,Incmpl,Incmpl,Enable,OFF,OFF,782,705.250,51199.219,51199.219,51199.219,51199.219,51199.219,51199.219,1GRFE ,33.333,Avail,Incmpl,Incmpl,Enable,7.996,OFF,OFF,OFF,OFF,ON,ON,Avail,Compl,Enable,Compl,CL,CL,Compl,Unable,Not Avl,Compl,Compl,Enable,OFF,80,15,128,ON,42.500,21.250,0.103,2392,15,21,-3,OFF,1.562,5.469,3.780,OFF,0,0,75,Avail,Compl,Enable,0,GRN2#  ,ON,0,ACTIVE,ACTIVE,0.957,0.938,0.525,0.505,103.102,89.160,Avail,Compl,Avail,Incmpl,Incmpl,Enable,OBD II (California ARB),OFF,OFF,29.034,0.122,0,1st,OFF,OFF,OFF,OFF,OFF,OFF,0.781,0.781,ON,OFF,650,0,OFF,OFF,OFF,ON,Gasoline,1.000,OFF,OFF,0.684,ON,1.016,14.902,16,0,0.742,0.742,2.305,0.742,0.918,2.031,46.275,0,14.902,32,0.023,0.070,OFF,ECT 5th,NA,OFF,97.856,97.878,13.333,0,Not Avl,0,0,0,0,ON,ON,0,0,1
299,0,13.768,Not Avl,Compl,Compl,Unable,OFF,Not Avl,Compl,Compl,Unable,OFF,60.938,40.625,34.375,35.625,19.531,39.551,15.686,31.765,0.781,1.582,ON,0,OFF,ON,ON,1.014,0.999,0.039,0.023,3.361,3.342,0,97,51199.219,13.515,24.706,OFF,OFF,OFF,OFF,OFF,OFF,OFF,Avail,Incmpl,Incmpl,Enable,Avail,406.100,207.600,406.100,207.600,ON,Avail,Compl,Enable,79,0,0,0,0,0,0,6,A,0,0,Avail,Incmpl,Incmpl,Enable,OFF,OFF,782,715.500,51199.219,51199.219,51199.219,51199.219,51199.219,51199.219,1GRFE ,33.725,Avail,Incmpl,Incmpl,Enable,7.996,OFF,OFF,OFF,OFF,ON,ON,Avail,Compl,Enable,Compl,CL,CL,Compl,Unable,Not Avl,Compl,Compl,Enable,OFF,80,15,144,ON,42.500,21.250,0.103,2392,15,21,-3,OFF,1.562,5.469,3.760,OFF,0,0,75,Avail,Compl,Enable,0,GRN2#  ,ON,0,ACTIVE,ACTIVE,0.957,0.938,0.210,0.505,101.480,89.160,Avail,Compl,Avail,Incmpl,Incmpl,Enable,OBD II (California ARB),OFF,OFF,29.517,0.122,0,1st,OFF,OFF,OFF,OFF,OFF,OFF,1.562,0.781,ON,OFF,650,0,OFF,OFF,OFF,ON,Gasoline,0.984,OFF,OFF,0.684,ON,1.016,14.902,16,0,0.742,0.742,2.305,0.742,0.918,2.031,46.275,0,14.902,32,0.023,0.070,OFF,ECT 5th,NA,OFF,97.834,97.900,12.941,0,Not Avl,0,0,0,0,ON,ON,0,0,1
300,0,13.766,Not Avl,Compl,Compl,Unable,OFF,Not Avl,Compl,Compl,Unable,OFF,55.469,40.625,34.375,35.625,19.531,39.551,15.686,31.765,0.781,1.582,ON,0,OFF,ON,ON,1.011,0.998,0.012,0.023,3.318,3.337,0,97,51199.219,13.496,24.314,OFF,OFF,OFF,OFF,OFF,OFF,OFF,Avail,Incmpl,Incmpl,Enable,Avail,405.900,207.600,405.900,207.600,ON,Avail,Compl,Enable,79,0,0,0,0,0,0,6,A,0,0,Avail,Incmpl,Incmpl,Enable,OFF,OFF,782,716.250,51199.219,51199.219,51199.219,51199.219,51199.219,51199.219,1GRFE ,33.333,Avail,Incmpl,Incmpl,Enable,7.996,OFF,OFF,OFF,OFF,ON,ON,Avail,Compl,Enable,Compl,CL,CL,Compl,Unable,Not Avl,Compl,Compl,Enable,OFF,80,15,160,ON,42.500,21.250,0.104,2381,15,21,-3,OFF,1.562,5.469,3.780,OFF,0,0,86,Avail,Compl,Enable,0,GRN2#  ,ON,0,ACTIVE,ACTIVE,0.957,0.942,0.095,0.505,101.156,89.160,Avail,Compl,Avail,Incmpl,Incmpl,Enable,OBD II (California ARB),OFF,OFF,29.395,0.122,0,1st,OFF,OFF,OFF,OFF,OFF,OFF,2.344,0.781,ON,OFF,700,0,OFF,OFF,OFF,ON,Gasoline,0.972,OFF,OFF,0.684,ON,0.938,14.902,16,0,0.742,0.742,2.305,0.742,0.918,2.031,46.275,0,14.902,32,0.023,0.070,OFF,ECT 5th,NA,OFF,97.834,97.834,13.333,0,Not Avl,0,0,0,0,ON,ON,0,0,1
301,0,13.768,Not Avl,Compl,Compl,Unable,OFF,Not Avl,Compl,Compl,Unable,OFF,46.094,40.625,34.375,35.625,19.531,39.551,15.686,31.765,0.781,1.582,ON,0,OFF,ON,ON,0.999,0.999,-0.020,0.023,3.264,3.342,0,97,51199.219,13.515,24.314,OFF,OFF,OFF,OFF,OFF,OFF,OFF,Avail,Incmpl,Incmpl,Enable,Avail,405.900,207.600,405.900,207.600,ON,Avail,Compl,Enable,79,0,0,0,0,0,0,6,A,0,0,Avail,Incmpl,Incmpl,Enable,OFF,OFF,783,721,51199.219,51199.219,51199.219,51199.219,51199.219,51199.219,1GRFE ,33.725,Avail,Incmpl,Incmpl,Enable,7.996,OFF,OFF,OFF,OFF,ON,ON,Avail,Compl,Enable,Compl,CL,CL,Compl,Unable,Not Avl,Compl,Compl,Enable,OFF,80,15,175,ON,42.500,21.250,0.104,2366,15,21,-3,OFF,1.562,5.469,3.730,OFF,0,0,86,Avail,Compl,Enable,0,GRN2#  ,ON,0,ACTIVE,ACTIVE,0.962,0.942,0.115,0.505,101.480,89.160,Avail,Compl,Avail,Incmpl,Incmpl,Enable,OBD II (California ARB),OFF,OFF,29.034,0.122,0,1st,OFF,OFF,OFF,OFF,OFF,OFF,1.562,0.781,ON,OFF,700,0,OFF,OFF,OFF,ON,Gasoline,0.970,OFF,OFF,0.684,ON,0.938,14.902,16,0,0.742,0.742,2.305,0.742,0.918,2.031,46.275,0,14.902,32,0.027,0.070,OFF,ECT 5th,NA,OFF,97.812,97.680,12.941,0,Not Avl,0,0,0,0,ON,ON,0,0,1
302,0,13.768,Not Avl,Compl,Compl,Unable,OFF,Not Avl,Compl,Compl,Unable,OFF,46.875,40.625,34.375,35.625,19.531,39.551,15.686,31.765,0.781,1.582,ON,0,OFF,ON,ON,1.001,1.002,-0.012,0.035,3.274,3.357,0,97,51199.219,13.496,24.314,OFF,OFF,OFF,OFF,OFF,OFF,OFF,Avail,Incmpl,Incmpl,Enable,Avail,405.800,207.600,405.800,207.600,ON,Avail,Compl,Enable,79,0,0,0,0,0,0,6,A,0,0,Avail,Incmpl,Incmpl,Enable,OFF,OFF,783,715.500,51199.219,51199.219,51199.219,51199.219,51199.219,51199.219,1GRFE ,33.333,Avail,Incmpl,Incmpl,Enable,7.996,OFF,OFF,OFF,OFF,ON,ON,Avail,Compl,Enable,Compl,CL,CL,Compl,Unable,Not Avl,Compl,Compl,Enable,OFF,80,15,191,ON,42.500,21.250,0.104,2370,15,21,-3,OFF,1.562,5.469,3.780,OFF,0,0,77,Avail,Compl,Enable,0,GRN2#  ,ON,0,ACTIVE,ACTIVE,0.957,0.942,0.135,0.505,101.805,89.160,Avail,Compl,Avail,Incmpl,Incmpl,Enable,OBD II (California ARB),OFF,OFF,29.034,0.122,0,1st,OFF,OFF,OFF,OFF,OFF,OFF,2.344,1.562,ON,OFF,650,0,OFF,OFF,OFF,ON,Gasoline,0.971,OFF,OFF,0.684,ON,0.938,14.902,16,0,0.742,0.742,2.305,0.742,0.918,2.031,46.275,0,14.902,32,0.027,0.070,OFF,ECT 5th,NA,OFF,97.856,97.944,13.333,0,Not Avl,0,0,0,0,ON,ON,0,0,1
303,0,13.768,Not Avl,Compl,Compl,Unable,OFF,Not Avl,Compl,Compl,Unable,OFF,42.969,40.625,34.375,35.625,19.531,39.551,15.686,31.765,0.781,1.582,ON,0,OFF,ON,ON,0.997,1.002,-0.020,0.031,3.264,3.352,0,97,51199.219,13.496,24.314,OFF,OFF,OFF,OFF,OFF,OFF,OFF,Avail,Incmpl,Incmpl,Enable,Avail,405.800,207.600,405.800,207.600,ON,Avail,Compl,Enable,79,0,0,0,0,0,0,6,A,0,0,Avail,Incmpl,Incmpl,Enable,OFF,OFF,784,713.250,51199.219,51199.219,51199.219,51199.219,51199.219,51199.219,1GRFE ,32.941,Avail,Incmpl,Incmpl,Enable,7.996,OFF,OFF,OFF,OFF,ON,ON,Avail,Compl,Enable,Compl,CL,CL,Compl,Unable,Not Avl,Compl,Compl,Enable,OFF,80,15,205,ON,42.500,21.250,0.104,2356,15,21,-3,OFF,1.562,5.469,3.780,OFF,0,0,77,Avail,Compl,Enable,0,GRN2#  ,ON,0,ACTIVE,ACTIVE,0.957,0.942,0.135,0.505,101.805,89.484,Avail,Compl,Avail,Incmpl,Incmpl,Enable,OBD II (California ARB),OFF,OFF,28.912,0.122,0,1st,OFF,OFF,OFF,OFF,OFF,OFF,1.562,1.562,ON,OFF,650,0,OFF,OFF,OFF,ON,Gasoline,0.972,OFF,OFF,0.684,ON,0.938,14.902,16,0,0.742,0.742,2.305,0.742,0.918,2.031,46.275,0,14.902,32,0.027,0.070,OFF,ECT 5th,NA,OFF,97.878,97.966,13.333,0,Not Avl,0,0,0,0,ON,ON,0,0,1
304,0,13.750,Not Avl,Compl,Compl,Unable,OFF,Not Avl,Compl,Compl,Unable,OFF,40.625,40.625,34.375,35.625,19.531,39.551,15.686,31.765,0.781,1.582,ON,0,OFF,ON,ON,1.001,1.003,-0.004,0.039,3.288,3.361,0,97,51199.219,13.496,24.314,OFF,OFF,OFF,OFF,OFF,OFF,OFF,Avail,Incmpl,Incmpl,Enable,Avail,405.800,207.600,405.800,207.600,ON,Avail,Compl,Enable,79,0,0,0,0,0,0,6,A,0,0,Avail,Incmpl,Incmpl,Enable,OFF,OFF,784,710.750,51199.219,51199.219,51199.219,51199.219,51199.219,51199.219,1GRFE ,33.333,Avail,Incmpl,Incmpl,Enable,7.996,OFF,OFF,OFF,OFF,ON,ON,Avail,Compl,Enable,Compl,CL,CL,Compl,Unable,Not Avl,Compl,Compl,Enable,OFF,80,15,219,ON,42.500,21.250,0.104,2381,15,21,-3,OFF,1.562,5.469,3.790,OFF,0,0,77,Avail,Compl,Enable,0,GRN2#  ,ON,0,ACTIVE,ACTIVE,0.957,0.938,0.155,0.505,101.805,89.160,Avail,Compl,Avail,Incmpl,Incmpl,Enable,OBD II (California ARB),OFF,OFF,28.668,0.122,0,1st,OFF,OFF,OFF,OFF,OFF,OFF,2.344,1.562,ON,OFF,650,0,OFF,OFF,OFF,ON,Gasoline,0.971,OFF,OFF,0.684,ON,0.938,14.902,16,0,0.742,0.742,2.305,0.742,0.918,2.031,46.275,0,14.902,32,0.027,0.070,OFF,ECT 5th,NA,OFF,97.834,97.834,13.333,0,Not Avl,0,0,0,0,ON,ON,0,0,1
305,0,13.768,Not Avl,Compl,Compl,Unable,OFF,Not Avl,Compl,Compl,Unable,OFF,40.625,40.625,34.375,35.625,19.531,39.551,15.686,31.765,0.781,1.582,ON,0,OFF,ON,ON,1.004,1.004,0.004,0.039,3.308,3.361,0,97,51199.219,13.496,24.314,OFF,OFF,OFF,OFF,OFF,OFF,OFF,Avail,Incmpl,Incmpl,Enable,Avail,405.600,207.600,405.600,207.600,ON,Avail,Compl,Enable,79,0,0,0,0,0,0,6,A,0,0,Avail,Incmpl,Incmpl,Enable,OFF,OFF,784,710.750,51199.219,51199.219,51199.219,51199.219,51199.219,51199.219,1GRFE ,33.333,Avail,Incmpl,Incmpl,Enable,7.996,OFF,OFF,OFF,OFF,ON,ON,Avail,Compl,Enable,Compl,CL,CL,Compl,Unable,Not Avl,Compl,Compl,Enable,OFF,80,15,232,ON,42.500,21.250,0.104,2388,15,21,-3,OFF,1.562,5.469,3.760,OFF,0,0,82,Avail,Compl,Enable,0,GRN2#  ,ON,0,ACTIVE,ACTIVE,0.957,0.942,0.155,0.505,101.805,88.836,Avail,Compl,Avail,Incmpl,Incmpl,Enable,OBD II (California ARB),OFF,OFF,28.912,0.122,0,1st,OFF,OFF,OFF,OFF,OFF,OFF,2.344,1.562,ON,OFF,650,0,OFF,OFF,OFF,ON,Gasoline,0.969,OFF,OFF,0.684,ON,0.938,14.902,16,0,0.742,0.742,2.305,0.742,0.918,2.031,46.275,0,14.902,32,0.027,0.070,OFF,ECT 5th,NA,OFF,97.856,97.966,13.333,0,Not Avl,0,0,0,0,ON,ON,0,0,1
306,0,13.750,Not Avl,Compl,Compl,Unable,OFF,Not Avl,Compl,Compl,Unable,OFF,40.625,40.625,34.375,35.625,19.531,39.551,15.686,31.765,0.781,1.582,ON,0,OFF,ON,ON,1.003,1.004,0,0.043,3.293,3.371,0,97,51199.219,13.496,24.314,OFF,OFF,OFF,OFF,OFF,OFF,OFF,Avail,Incmpl,Incmpl,Enable,Avail,405.600,207.600,405.600,207.600,ON,Avail,Compl,Enable,79,0,0,0,0,0,0,6,A,0,0,Avail,Incmpl,Incmpl,Enable,OFF,OFF,785,717.750,51199.219,51199.219,51199.219,51199.219,51199.219,51199.219,1GRFE ,33.333,Avail,Incmpl,Incmpl,Enable,7.996,OFF,OFF,OFF,OFF,ON,ON,Avail,Compl,Enable,Compl,CL,CL,Compl,Unable,Not Avl,Compl,Compl,Enable,OFF,80,15,248,ON,42.500,21.250,0.104,2388,15,21,-3,OFF,1.562,5.469,3.790,OFF,0,0,82,Avail,Compl,Enable,0,GRN2#  ,ON,0,ACTIVE,ACTIVE,0.957,0.942,0.175,0.505,102.129,88.836,Avail,Compl,Avail,Incmpl,Incmpl,Enable,OBD II (California ARB),OFF,OFF,29.279,0.122,0,1st,OFF,OFF,OFF,OFF,OFF,OFF,2.344,2.344,ON,OFF,650,0,OFF,OFF,OFF,ON,Gasoline,0.967,OFF,OFF,0.684,ON,0.938,14.902,16,0,0.742,0.742,2.305,0.742,0.918,2.031,46.275,0,14.902,32,0.031,0.070,OFF,ECT 5th,NA,OFF,97.812,97.768,13.333,0,Not Avl,0,0,0,0,ON,ON,0,0,1
307,0,13.755,Not Avl,Compl,Compl,Unable,OFF,Not Avl,Compl,Compl,Unable,OFF,40.625,46.094,34.375,35.625,19.531,39.551,15.686,31.765,0.781,1.582,ON,0,OFF,ON,ON,0.996,1.000,-0.020,0.027,3.264,3.347,0,97,51199.219,13.515,24.314,OFF,OFF,OFF,OFF,OFF,OFF,OFF,Avail,Incmpl,Incmpl,Enable,Avail,405.500,207.600,405.500,207.600,ON,Avail,Compl,Enable,79,0,0,0,0,0,0,6,A,0,0,Avail,Incmpl,Incmpl,Enable,OFF,OFF,785,710.750,51199.219,51199.219,51199.219,51199.219,51199.219,51199.219,1GRFE ,33.333,Avail,Incmpl,Incmpl,Enable,7.996,OFF,OFF,OFF,OFF,ON,ON,Avail,Compl,Enable,Compl,CL,CL,Compl,Unable,Not Avl,Compl,Compl,Enable,OFF,80,15,263,ON,42.500,21.250,0.104,2384,15,21,-3,OFF,1.562,5.469,3.760,OFF,0,0,78,Avail,Compl,Enable,0,GRN2#  ,ON,0,ACTIVE,ACTIVE,0.957,0.942,0.175,0.505,101.480,88.836,Avail,Compl,Avail,Incmpl,Incmpl,Enable,OBD II (California ARB),OFF,OFF,29.034,0.153,0,1st,OFF,OFF,OFF,OFF,OFF,OFF,2.344,2.344,ON,OFF,650,0,OFF,OFF,OFF,ON,Gasoline,0.970,OFF,OFF,0.684,ON,0.938,14.902,16,0,0.742,0.742,2.305,0.742,0.918,2.031,46.275,0,14.902,32,0.031,0.070,OFF,ECT 5th,NA,OFF,97.856,97.966,13.333,0,Not Avl,0,0,0,0,ON,ON,0,0,1
308,0,13.759,Not Avl,Compl,Compl,Unable,OFF,Not Avl,Compl,Compl,Unable,OFF,53.125,55.469,34.375,35.625,19.531,39.551,15.686,31.765,0.781,1.582,ON,0,OFF,ON,ON,0.998,0.997,-0.012,0.020,3.274,3.332,0,97,51199.219,13.496,24.314,OFF,OFF,OFF,OFF,OFF,OFF,OFF,Avail,Incmpl,Incmpl,Enable,Avail,405.500,207.600,405.500,207.600,ON,Avail,Compl,Enable,79,0,0,0,0,0,0,6,A,0,0,Avail,Incmpl,Incmpl,Enable,OFF,OFF,786,708.500,51199.219,51199.219,51199.219,51199.219,51199.219,51199.219,1GRFE ,33.333,Avail,Incmpl,Incmpl,Enable,7.996,OFF,OFF,OFF,OFF,ON,ON,Avail,Compl,Enable,Compl,CL,CL,Compl,Unable,Not Avl,Compl,Compl,Enable,OFF,80,15,280,ON,42.500,21.250,0.105,2399,15,21,-3,OFF,1.562,5.469,3.760,OFF,0,0,78,Avail,Compl,Enable,0,GRN2#  ,ON,0,ACTIVE,ACTIVE,0.957,0.938,0.195,0.505,101.805,88.836,Avail,Compl,Avail,Incmpl,Incmpl,Enable,OBD II (California ARB),OFF,OFF,28.912,0.153,0,1st,OFF,OFF,OFF,OFF,OFF,OFF,2.344,1.562,ON,OFF,650,0,OFF,OFF,OFF,ON,Gasoline,0.971,OFF,OFF,0.684,ON,0.938,14.902,16,0,0.742,0.742,2.305,0.742,0.918,2.031,46.275,0,14.902,32,0.031,0.074,OFF,ECT 5th,NA,OFF,97.834,97.812,13.333,0,Not Avl,0,0,0,0,ON,ON,0,0,1
309,0,13.755,Not Avl,Compl,Compl,Unable,OFF,Not Avl,Compl,Compl,Unable,OFF,59.375,60.156,34.375,35.625,19.531,39.551,15.686,31.765,0.781,1.582,ON,0,OFF,ON,ON,0.996,0.994,-0.016,0.008,3.269,3.313,0,97,51199.219,13.496,24.314,OFF,OFF,OFF,OFF,OFF,OFF,OFF,Avail,Incmpl,Incmpl,Enable,Avail,405.500,207.600,405.500,207.600,ON,Avail,Compl,Enable,79,0,0,0,0,0,0,6,A,0,0,Avail,Incmpl,Incmpl,Enable,OFF,OFF,786,707,51199.219,51199.219,51199.219,51199.219,51199.219,51199.219,1GRFE ,33.333,Avail,Incmpl,Incmpl,Enable,7.996,OFF,OFF,OFF,OFF,ON,ON,Avail,Compl,Enable,Compl,CL,CL,Compl,Unable,Not Avl,Compl,Compl,Enable,OFF,80,15,298,ON,42.500,21.250,0.105,2399,15,21,-3,OFF,1.562,5.469,3.780,OFF,0,0,78,Avail,Compl,Enable,0,GRN2#  ,ON,0,ACTIVE,ACTIVE,0.957,0.938,0.195,0.505,101.480,89.484,Avail,Compl,Avail,Incmpl,Incmpl,Enable,OBD II (California ARB),OFF,OFF,29.034,0.153,0,1st,OFF,OFF,OFF,OFF,OFF,OFF,1.562,1.562,ON,OFF,650,0,OFF,OFF,OFF,ON,Gasoline,0.972,OFF,OFF,0.684,ON,0.938,14.902,16,0,0.742,0.742,2.305,0.742,0.918,2.031,46.275,0,14.902,32,0.031,0.074,OFF,ECT 5th,NA,OFF,97.812,97.702,13.333,0,Not Avl,0,0,0,0,ON,ON,0,0,1
310,0,13.751,Not Avl,Compl,Compl,Unable,OFF,Not Avl,Compl,Compl,Unable,OFF,60.938,60.938,34.375,35.625,19.531,39.551,15.686,31.765,0.781,1.582,ON,0,OFF,ON,ON,0.996,0.995,-0.016,0.012,3.269,3.322,0,97,51199.219,13.496,24.314,OFF,OFF,OFF,OFF,OFF,OFF,OFF,Avail,Incmpl,Incmpl,Enable,Avail,405.300,207.600,405.300,207.600,ON,Avail,Compl,Enable,79,0,0,0,0,0,0,6,A,0,0,Avail,Incmpl,Incmpl,Enable,OFF,OFF,787,717.750,51199.219,51199.219,51199.219,51199.219,51199.219,51199.219,1GRFE ,33.725,Avail,Incmpl,Incmpl,Enable,7.996,OFF,OFF,OFF,OFF,ON,ON,Avail,Compl,Enable,Compl,CL,CL,Compl,Unable,Not Avl,Compl,Compl,Enable,OFF,80,15,312,ON,42.500,21.250,0.105,2388,15,21,-3,OFF,1.562,5.469,3.820,OFF,0,0,74,Avail,Compl,Enable,0,GRN2#  ,ON,0,ACTIVE,ACTIVE,0.957,0.942,0.210,0.505,101.805,88.836,Avail,Compl,Avail,Incmpl,Incmpl,Enable,OBD II (California ARB),OFF,OFF,29.150,0.153,0,1st,OFF,OFF,OFF,OFF,OFF,OFF,1.562,1.562,ON,OFF,650,0,OFF,OFF,OFF,ON,Gasoline,0.974,OFF,OFF,0.684,ON,1.016,14.902,17,0,0.742,0.742,2.305,0.742,0.918,2.031,46.275,0,14.902,32,0.031,0.074,OFF,ECT 5th,NA,OFF,97.834,97.856,13.333,0,Not Avl,0,0,0,0,ON,ON,0,0,1
311,0,13.765,Not Avl,Compl,Compl,Unable,OFF,Not Avl,Compl,Compl,Unable,OFF,60.938,53.906,34.375,35.625,19.531,39.551,15.686,31.765,0.781,1.582,ON,0,OFF,ON,ON,0.996,0.996,-0.016,0.016,3.269,3.327,0,97,51199.219,13.496,24.314,OFF,OFF,OFF,OFF,OFF,OFF,OFF,Avail,Incmpl,Incmpl,Enable,Avail,405.300,207.600,405.300,207.600,ON,Avail,Compl,Enable,79,0,0,0,0,0,0,6,A,0,0,Avail,Incmpl,Incmpl,Enable,OFF,OFF,787,720.250,51199.219,51199.219,51199.219,51199.219,51199.219,51199.219,1GRFE ,33.333,Avail,Incmpl,Incmpl,Enable,7.996,OFF,OFF,OFF,OFF,ON,ON,Avail,Compl,Enable,Compl,CL,CL,Compl,Unable,Not Avl,Compl,Compl,Enable,OFF,80,15,328,ON,42.500,21.250,0.105,2374,15,21,-3,OFF,1.562,5.469,3.730,OFF,0,0,74,Avail,Compl,Enable,0,GRN2#  ,ON,0,ACTIVE,ACTIVE,0.957,0.938,0.210,0.505,102.453,89.484,Avail,Compl,Avail,Incmpl,Incmpl,Enable,OBD II (California ARB),OFF,OFF,29.395,0.153,0,1st,OFF,OFF,OFF,OFF,OFF,OFF,1.562,1.562,ON,OFF,700,0,OFF,OFF,OFF,ON,Gasoline,0.975,OFF,OFF,0.684,ON,1.016,14.902,16,0,0.742,0.742,2.305,0.742,0.918,2.031,46.275,0,14.902,32,0.031,0.074,OFF,ECT 5th,NA,OFF,97.834,97.900,12.941,0,Not Avl,0,0,0,0,ON,ON,0,0,1
312,0,13.768,Not Avl,Compl,Compl,Unable,OFF,Not Avl,Compl,Compl,Unable,OFF,46.094,43.750,34.375,35.625,19.531,39.551,15.686,31.765,0.781,1.582,ON,0,OFF,ON,ON,0.994,0.998,-0.023,0.020,3.259,3.332,0,97,51199.219,13.496,24.314,OFF,OFF,OFF,OFF,OFF,OFF,OFF,Avail,Incmpl,Incmpl,Enable,Avail,405.100,207.600,405.100,207.600,ON,Avail,Compl,Enable,79,0,0,0,0,0,0,6,A,0,0,Avail,Incmpl,Incmpl,Enable,OFF,OFF,788,714.750,51199.219,51199.219,51199.219,51199.219,51199.219,51199.219,1GRFE ,33.333,Avail,Incmpl,Incmpl,Enable,7.996,OFF,OFF,OFF,OFF,ON,ON,Avail,Compl,Enable,Compl,CL,CL,Compl,Unable,Not Avl,Compl,Compl,Enable,OFF,80,15,348,ON,42.500,21.250,0.105,2374,15,21,-3,OFF,1.562,5.469,3.810,OFF,0,0,82,Avail,Compl,Enable,0,GRN2#  ,ON,0,ACTIVE,ACTIVE,0.957,0.942,0.230,0.505,101.480,89.484,Avail,Compl,Avail,Incmpl,Incmpl,Enable,OBD II (California ARB),OFF,OFF,29.034,0.153,0,1st,OFF,OFF,OFF,OFF,OFF,OFF,1.562,1.562,ON,OFF,650,0,OFF,OFF,OFF,ON,Gasoline,0.977,OFF,OFF,0.684,ON,0.938,14.902,16,0,0.742,0.742,2.305,0.742,0.918,2.031,46.275,0,14.902,32,0.031,0.074,OFF,ECT 5th,NA,OFF,97.856,97.966,13.333,0,Not Avl,0,0,0,0,ON,ON,0,0,1
313,0,13.750,Not Avl,Compl,Compl,Unable,OFF,Not Avl,Compl,Compl,Unable,OFF,42.188,41.406,34.375,35.625,19.531,39.551,15.686,31.765,0.781,1.582,ON,0,OFF,ON,ON,0.995,0.998,0,0.035,3.269,3.337,0,97,51199.219,13.496,24.314,OFF,OFF,OFF,OFF,OFF,OFF,OFF,Avail,Incmpl,Incmpl,Enable,Avail,405.100,207.600,405.100,207.600,ON,Avail,Compl,Enable,79,0,0,0,0,0,0,6,A,0,0,Avail,Incmpl,Incmpl,Enable,OFF,OFF,788,704.500,51199.219,51199.219,51199.219,51199.219,51199.219,51199.219,1GRFE ,32.941,Avail,Incmpl,Incmpl,Enable,7.996,OFF,OFF,OFF,OFF,ON,ON,Avail,Compl,Enable,Compl,CL,CL,Compl,Unable,Not Avl,Compl,Compl,Enable,OFF,80,15,364,ON,42.500,21.250,0.105,2385,15,21,-3,OFF,1.562,5.469,3.780,OFF,0,0,82,Avail,Compl,Enable,0,GRN2#  ,ON,0,ACTIVE,ACTIVE,0.957,0.938,0.230,0.505,102.129,89.484,Avail,Compl,Avail,Incmpl,Incmpl,Enable,OBD II (California ARB),OFF,OFF,28.668,0.183,0,1st,OFF,OFF,OFF,OFF,OFF,OFF,0.781,1.562,ON,OFF,650,0,OFF,OFF,OFF,ON,Gasoline,0.981,OFF,OFF,0.684,ON,0.938,14.902,16,0,0.742,0.742,2.305,0.742,0.918,2.031,46.275,0,14.902,32,0.031,0.074,OFF,ECT 5th,NA,OFF,97.834,97.768,13.333,0,Not Avl,0,0,0,0,ON,ON,0,0,1
314,0,13.760,Not Avl,Compl,Compl,Unable,OFF,Not Avl,Compl,Compl,Unable,OFF,40.625,40.625,34.375,35.625,19.531,39.551,15.686,31.765,0.781,1.582,ON,0,OFF,ON,ON,0.998,0.999,-0.004,0.023,3.288,3.342,0,97,51199.219,13.496,24.706,OFF,OFF,OFF,OFF,OFF,OFF,OFF,Avail,Incmpl,Incmpl,Enable,Avail,405,207.600,405,207.600,ON,Avail,Compl,Enable,79,0,0,0,0,0,0,6,A,0,0,Avail,Incmpl,Incmpl,Enable,OFF,OFF,788,704.500,51199.219,51199.219,51199.219,51199.219,51199.219,51199.219,1GRFE ,33.333,Avail,Incmpl,Incmpl,Enable,7.996,OFF,OFF,OFF,OFF,ON,ON,Avail,Compl,Enable,Compl,CL,CL,Compl,Unable,Not Avl,Compl,Compl,Enable,OFF,80,15,378,ON,42.500,21.250,0.105,2392,15,21,-3,OFF,1.562,5.469,3.750,OFF,0,0,76,Avail,Compl,Enable,0,GRN2#  ,ON,0,ACTIVE,ACTIVE,0.962,0.942,0.250,0.505,102.129,89.484,Avail,Compl,Avail,Incmpl,Incmpl,Enable,OBD II (California ARB),OFF,OFF,28.790,0.183,0,1st,OFF,OFF,OFF,OFF,OFF,OFF,0.781,1.562,ON,OFF,650,0,OFF,OFF,OFF,ON,Gasoline,0.983,OFF,OFF,0.684,ON,1.016,14.902,16,0,0.742,0.742,2.305,0.742,0.918,2.031,46.275,0,14.902,33,0.031,0.074,OFF,ECT 5th,NA,OFF,97.834,97.900,13.333,0,Not Avl,0,0,0,0,ON,ON,0,0,1
315,0,13.754,Not Avl,Compl,Compl,Unable,OFF,Not Avl,Compl,Compl,Unable,OFF,40.625,40.625,34.375,35.625,19.531,39.551,15.686,31.765,0.781,1.582,ON,0,OFF,ON,ON,1.003,0.998,0.008,0.023,3.313,3.337,0,97,51199.219,13.496,24.706,OFF,OFF,OFF,OFF,OFF,OFF,OFF,Avail,Incmpl,Incmpl,Enable,Avail,405,207.600,405,207.600,ON,Avail,Compl,Enable,79,0,0,0,0,0,0,6,A,0,0,Avail,Incmpl,Incmpl,Enable,OFF,OFF,789,711.500,51199.219,51199.219,51199.219,51199.219,51199.219,51199.219,1GRFE ,33.333,Avail,Incmpl,Incmpl,Enable,7.996,OFF,OFF,OFF,OFF,ON,ON,Avail,Compl,Enable,Compl,CL,CL,Compl,Unable,Not Avl,Compl,Compl,Enable,OFF,80,15,394,ON,42.500,21.250,0.104,2399,15,21,-3,OFF,1.562,5.469,3.730,OFF,0,0,76,Avail,Compl,Enable,0,GRN2#  ,ON,0,ACTIVE,ACTIVE,0.957,0.942,0.250,0.505,102.129,89.484,Avail,Compl,Avail,Incmpl,Incmpl,Enable,OBD II (California ARB),OFF,OFF,29.395,0.183,0,1st,OFF,OFF,OFF,OFF,OFF,OFF,1.562,1.562,ON,OFF,650,0,OFF,OFF,OFF,ON,Gasoline,0.982,OFF,OFF,0.684,ON,0.938,14.902,16,0,0.742,0.742,2.305,0.742,0.918,2.031,46.275,0,14.902,33,0.031,0.074,OFF,ECT 5th,NA,OFF,97.834,97.834,12.941,0,Not Avl,0,0,0,0,ON,ON,0,0,1
316,0,13.767,Not Avl,Compl,Compl,Unable,OFF,Not Avl,Compl,Compl,Unable,OFF,40.625,40.625,34.375,35.625,19.531,39.551,15.686,31.765,0.781,1.582,ON,0,OFF,ON,ON,1.000,0.997,0,0.020,3.298,3.332,0,97,51199.219,13.496,24.314,OFF,OFF,OFF,OFF,OFF,OFF,OFF,Avail,Incmpl,Incmpl,Enable,Avail,405,207.600,405,207.600,ON,Avail,Compl,Enable,79,0,0,0,0,0,0,6,A,0,0,Avail,Incmpl,Incmpl,Enable,OFF,OFF,789,707,51199.219,51199.219,51199.219,51199.219,51199.219,51199.219,1GRFE ,32.941,Avail,Incmpl,Incmpl,Enable,7.996,OFF,OFF,OFF,OFF,ON,ON,Avail,Compl,Enable,Compl,CL,CL,Compl,Unable,Not Avl,Compl,Compl,Enable,OFF,80,15,410,ON,42.500,21.250,0.104,2392,15,21,-3,OFF,1.562,5.469,3.730,OFF,0,0,76,Avail,Compl,Enable,0,GRN2#  ,ON,0,ACTIVE,ACTIVE,0.962,0.942,0.270,0.505,102.777,88.836,Avail,Compl,Avail,Incmpl,Incmpl,Enable,OBD II (California ARB),OFF,OFF,28.912,0.183,0,1st,OFF,OFF,OFF,OFF,OFF,OFF,1.562,1.562,ON,OFF,650,0,OFF,OFF,OFF,ON,Gasoline,0.981,OFF,OFF,0.684,ON,0.938,14.902,16,0,0.742,0.742,2.305,0.742,0.918,2.031,46.275,0,14.902,33,0.035,0.074,OFF,ECT 5th,NA,OFF,97.834,97.900,13.333,0,Not Avl,0,0,0,0,ON,ON,0,0,1
317,0,13.768,Not Avl,Compl,Compl,Unable,OFF,Not Avl,Compl,Compl,Unable,OFF,40.625,40.625,34.375,35.625,19.531,39.551,15.686,31.765,0.781,1.582,ON,0,OFF,ON,ON,0.996,0.998,-0.012,0.023,3.279,3.337,0,97,51199.219,13.496,24.314,OFF,OFF,OFF,OFF,OFF,OFF,OFF,Avail,Incmpl,Incmpl,Enable,Avail,404.800,207.600,404.800,207.600,ON,Avail,Compl,Enable,79,0,0,0,0,0,0,6,A,0,0,Avail,Incmpl,Incmpl,Enable,OFF,OFF,790,715.500,51199.219,51199.219,51199.219,51199.219,51199.219,51199.219,1GRFE ,33.333,Avail,Incmpl,Incmpl,Enable,7.996,OFF,OFF,OFF,OFF,ON,ON,Avail,Compl,Enable,Compl,CL,CL,Compl,Unable,Not Avl,Compl,Compl,Enable,OFF,80,15,425,ON,42.500,21.250,0.104,2374,15,21,-3,OFF,1.562,5.469,3.780,OFF,0,0,69,Avail,Compl,Enable,0,GRN2#  ,ON,0,ACTIVE,ACTIVE,0.962,0.942,0.290,0.505,102.453,89.484,Avail,Compl,Avail,Incmpl,Incmpl,Enable,OBD II (California ARB),OFF,OFF,29.034,0.183,0,1st,OFF,OFF,OFF,OFF,OFF,OFF,1.562,1.562,ON,OFF,650,0,OFF,OFF,OFF,ON,Gasoline,0.981,OFF,OFF,0.684,ON,1.016,14.902,16,0,0.742,0.742,2.305,0.742,0.918,2.031,46.275,0,14.902,33,0.035,0.074,OFF,ECT 5th,NA,OFF,97.856,97.944,13.333,0,Not Avl,0,0,0,0,ON,ON,0,0,1
318,0,13.759,Not Avl,Compl,Compl,Unable,OFF,Not Avl,Compl,Compl,Unable,OFF,53.125,40.625,34.375,35.625,19.531,39.551,15.686,31.765,0.781,1.582,ON,0,OFF,ON,ON,0.999,0.998,0,0.023,3.298,3.342,0,97,51199.219,13.496,24.314,OFF,OFF,OFF,OFF,OFF,OFF,OFF,Avail,Incmpl,Incmpl,Enable,Avail,404.800,207.600,404.800,207.600,ON,Avail,Compl,Enable,79,0,0,0,0,0,0,6,A,0,0,Avail,Incmpl,Incmpl,Enable,OFF,OFF,790,714,51199.219,51199.219,51199.219,51199.219,51199.219,51199.219,1GRFE ,33.333,Avail,Incmpl,Incmpl,Enable,7.996,OFF,OFF,OFF,OFF,ON,ON,Avail,Compl,Enable,Compl,CL,CL,Compl,Unable,Not Avl,Compl,Compl,Enable,OFF,80,15,440,ON,42.500,21.250,0.104,2381,15,21,-3,OFF,1.562,5.469,3.820,OFF,0,0,69,Avail,Compl,Enable,0,GRN2#  ,ON,0,ACTIVE,ACTIVE,0.957,0.942,0.290,0.505,102.129,88.836,Avail,Compl,Avail,Incmpl,Incmpl,Enable,OBD II (California ARB),OFF,OFF,29.034,0.183,0,1st,OFF,OFF,OFF,OFF,OFF,OFF,1.562,1.562,ON,OFF,650,0,OFF,OFF,OFF,ON,Gasoline,0.981,OFF,OFF,0.684,ON,0.938,14.902,16,0,0.742,0.742,2.305,0.742,0.918,2.031,46.275,0,14.902,33,0.035,0.074,OFF,ECT 5th,NA,OFF,97.834,97.702,13.333,0,Not Avl,0,0,0,0,ON,ON,0,0,1
319,0,13.754,Not Avl,Compl,Compl,Unable,OFF,Not Avl,Compl,Compl,Unable,OFF,58.594,40.625,34.375,35.625,19.531,39.551,15.686,31.765,0.781,1.582,ON,0,OFF,ON,ON,0.998,0.999,0,0.023,3.293,3.342,0,97,51199.219,13.496,24.314,OFF,OFF,OFF,OFF,OFF,OFF,OFF,Avail,Incmpl,Incmpl,Enable,Avail,404.700,207.600,404.700,207.600,ON,Avail,Compl,Enable,79,0,0,0,0,0,0,6,A,0,0,Avail,Incmpl,Incmpl,Enable,OFF,OFF,791,713.250,51199.219,51199.219,51199.219,51199.219,51199.219,51199.219,1GRFE ,33.333,Avail,Incmpl,Incmpl,Enable,7.996,OFF,OFF,OFF,OFF,ON,ON,Avail,Compl,Enable,Compl,CL,CL,Compl,Unable,Not Avl,Compl,Compl,Enable,OFF,80,15,456,ON,42.500,21.250,0.104,2381,15,21,-3,OFF,1.562,5.469,3.780,OFF,0,0,84,Avail,Compl,Enable,0,GRN2#  ,ON,0,ACTIVE,ACTIVE,0.962,0.942,0.310,0.505,102.453,88.836,Avail,Compl,Avail,Incmpl,Incmpl,Enable,OBD II (California ARB),OFF,OFF,28.790,0.183,0,1st,OFF,OFF,OFF,OFF,OFF,OFF,1.562,1.562,ON,OFF,650,0,OFF,OFF,OFF,ON,Gasoline,0.982,OFF,OFF,0.684,ON,0.938,14.902,16,0,0.742,0.742,2.305,0.742,0.918,2.031,46.275,0,14.902,33,0.035,0.074,OFF,ECT 5th,NA,OFF,97.834,97.812,13.333,0,Not Avl,0,0,0,0,ON,ON,0,0,1
320,0,13.768,Not Avl,Compl,Compl,Unable,OFF,Not Avl,Compl,Compl,Unable,OFF,60.938,53.125,34.375,35.625,19.531,39.551,15.686,31.765,0.781,1.582,ON,0,OFF,ON,ON,0.997,0.999,0.008,0.039,3.288,3.342,0,97,51199.219,13.496,24.314,OFF,OFF,OFF,OFF,OFF,OFF,OFF,Avail,Incmpl,Incmpl,Enable,Avail,404.700,207.600,404.700,207.600,ON,Avail,Compl,Enable,79,0,0,0,0,0,0,6,A,0,0,Avail,Incmpl,Incmpl,Enable,OFF,OFF,791,715.500,51199.219,51199.219,51199.219,51199.219,51199.219,51199.219,1GRFE ,33.333,Avail,Incmpl,Incmpl,Enable,7.996,OFF,OFF,OFF,OFF,ON,ON,Avail,Compl,Enable,Compl,CL,CL,Compl,Unable,Not Avl,Compl,Compl,Enable,OFF,80,15,471,ON,42.500,21.250,0.104,2377,15,21,-3,OFF,1.562,5.469,3.810,OFF,0,0,84,Avail,Compl,Enable,0,GRN2#  ,ON,0,ACTIVE,ACTIVE,0.962,0.942,0.330,0.505,102.777,89.484,Avail,Compl,Avail,Incmpl,Incmpl,Enable,OBD II (California ARB),OFF,OFF,29.150,0.183,0,1st,OFF,OFF,OFF,OFF,OFF,OFF,1.562,1.562,ON,OFF,650,0,OFF,OFF,OFF,ON,Gasoline,0.982,OFF,OFF,0.684,ON,0.938,14.902,16,0,0.742,0.742,2.305,0.742,0.918,2.031,46.275,0,14.902,33,0.035,0.074,OFF,ECT 5th,NA,OFF,97.856,97.944,13.333,0,Not Avl,0,0,0,0,ON,ON,0,0,1
321,0,13.751,Not Avl,Compl,Compl,Unable,OFF,Not Avl,Compl,Compl,Unable,OFF,60.938,58.594,34.375,35.625,19.531,39.551,15.686,31.765,0.781,1.582,ON,0,OFF,ON,ON,0.997,0.999,0,0.023,3.293,3.342,0,97,51199.219,13.496,24.314,OFF,OFF,OFF,OFF,OFF,OFF,OFF,Avail,Incmpl,Incmpl,Enable,Avail,404.700,207.600,404.700,207.600,ON,Avail,Compl,Enable,79,0,0,0,0,0,0,6,A,0,0,Avail,Incmpl,Incmpl,Enable,OFF,OFF,791,717,51199.219,51199.219,51199.219,51199.219,51199.219,51199.219,1GRFE ,33.333,Avail,Incmpl,Incmpl,Enable,7.996,OFF,OFF,OFF,OFF,ON,ON,Avail,Compl,Enable,Compl,CL,CL,Compl,Unable,Not Avl,Compl,Compl,Enable,OFF,80,15,483,ON,42.500,21.250,0.104,2374,15,21,-3,OFF,1.562,5.469,3.760,OFF,0,0,84,Avail,Compl,Enable,0,GRN2#  ,ON,0,ACTIVE,ACTIVE,0.957,0.938,0.330,0.505,102.777,89.484,Avail,Compl,Avail,Incmpl,Incmpl,Enable,OBD II (California ARB),OFF,OFF,29.034,0.183,0,1st,OFF,OFF,OFF,OFF,OFF,OFF,0.781,1.562,ON,OFF,650,0,OFF,OFF,OFF,ON,Gasoline,0.984,OFF,OFF,0.684,ON,0.938,14.902,16,0,0.742,0.742,2.305,0.742,0.918,2.031,46.275,0,14.902,33,0.035,0.074,OFF,ECT 5th,NA,OFF,97.856,97.944,12.941,0,Not Avl,0,0,0,0,ON,ON,0,0,1
322,0,13.750,Not Avl,Compl,Compl,Unable,OFF,Not Avl,Compl,Compl,Unable,OFF,55.469,53.125,34.375,35.625,19.531,39.551,15.686,31.765,0.781,1.582,ON,0,OFF,ON,ON,0.999,0.999,0.004,0.023,3.308,3.337,0,97,51199.219,13.496,24.314,OFF,OFF,OFF,OFF,OFF,OFF,OFF,Avail,Incmpl,Incmpl,Enable,Avail,404.500,207.600,404.500,207.600,ON,Avail,Compl,Enable,79,0,0,0,0,0,0,6,A,0,0,Avail,Incmpl,Incmpl,Enable,OFF,OFF,792,707.750,51199.219,51199.219,51199.219,51199.219,51199.219,51199.219,1GRFE ,32.549,Avail,Incmpl,Incmpl,Enable,7.996,OFF,OFF,OFF,OFF,ON,ON,Avail,Compl,Enable,Compl,CL,CL,Compl,Unable,Not Avl,Compl,Compl,Enable,OFF,80,15,498,ON,42.500,21.250,0.104,2374,15,21,-3,OFF,1.562,5.469,3.810,OFF,0,0,85,Avail,Compl,Enable,0,GRN2#  ,ON,0,ACTIVE,ACTIVE,0.962,0.942,0.350,0.505,102.453,89.484,Avail,Compl,Avail,Incmpl,Incmpl,Enable,OBD II (California ARB),OFF,OFF,28.790,0.183,0,1st,OFF,OFF,OFF,OFF,OFF,OFF,1.562,1.562,ON,OFF,650,0,OFF,OFF,OFF,ON,Gasoline,0.985,OFF,OFF,0.684,ON,0.938,14.902,16,0,0.742,0.742,2.305,0.742,0.918,2.031,46.275,0,14.902,33,0.035,0.074,OFF,ECT 5th,NA,OFF,97.878,97.966,13.333,0,Not Avl,0,0,0,0,ON,ON,0,0,1
323,0,13.760,Not Avl,Compl,Compl,Unable,OFF,Not Avl,Compl,Compl,Unable,OFF,44.531,46.094,34.375,35.625,19.531,39.551,15.686,31.765,0.781,1.582,ON,0,OFF,ON,ON,0.998,0.999,0,0.023,3.303,3.342,0,97,51199.219,13.496,24.314,OFF,OFF,OFF,OFF,OFF,OFF,OFF,Avail,Incmpl,Incmpl,Enable,Avail,404.500,207.600,404.500,207.600,ON,Avail,Compl,Enable,79,0,0,0,0,0,0,6,A,0,0,Avail,Incmpl,Incmpl,Enable,OFF,OFF,792,708.500,51199.219,51199.219,51199.219,51199.219,51199.219,51199.219,1GRFE ,33.333,Avail,Incmpl,Incmpl,Enable,7.996,OFF,OFF,OFF,OFF,ON,ON,Avail,Compl,Enable,Compl,CL,CL,Compl,Unable,Not Avl,Compl,Compl,Enable,OFF,80,15,515,ON,42.500,21.250,0.104,2385,15,21,-3,OFF,1.562,5.469,3.750,OFF,0,0,85,Avail,Compl,Enable,0,GRN2#  ,ON,0,ACTIVE,ACTIVE,0.962,0.942,0.370,0.505,103.426,89.160,Avail,Compl,Avail,Incmpl,Incmpl,Enable,OBD II (California ARB),OFF,OFF,28.912,0.183,0,1st,OFF,OFF,OFF,OFF,OFF,OFF,0.781,1.562,ON,OFF,650,0,OFF,OFF,OFF,ON,Gasoline,0.985,OFF,OFF,0.684,ON,0.938,14.902,16,0,0.742,0.742,2.305,0.742,0.918,2.031,46.275,0,14.902,33,0.035,0.074,OFF,ECT 5th,NA,OFF,97.856,97.966,13.333,0,Not Avl,0,0,0,0,ON,ON,0,0,1
324,0,13.768,Not Avl,Compl,Compl,Unable,OFF,Not Avl,Compl,Compl,Unable,OFF,41.406,42.188,34.375,35.625,19.531,39.551,15.686,31.765,0.781,1.582,ON,0,OFF,ON,ON,0.996,0.999,0,0.023,3.298,3.342,0,97,51199.219,13.515,24.314,OFF,OFF,OFF,OFF,OFF,OFF,OFF,Avail,Incmpl,Incmpl,Enable,Avail,404.400,207.600,404.400,207.600,ON,Avail,Compl,Enable,79,0,0,0,0,0,0,6,A,0,0,Avail,Incmpl,Incmpl,Enable,OFF,OFF,793,711.500,51199.219,51199.219,51199.219,51199.219,51199.219,51199.219,1GRFE ,33.333,Avail,Incmpl,Incmpl,Enable,7.996,OFF,OFF,OFF,OFF,ON,ON,Avail,Compl,Enable,Compl,CL,CL,Compl,Unable,Not Avl,Compl,Compl,Enable,OFF,80,15,530,ON,42.500,21.250,0.104,2377,15,21,-3,OFF,1.562,5.469,3.780,OFF,0,0,78,Avail,Compl,Enable,0,GRN2#  ,ON,0,ACTIVE,ACTIVE,0.957,0.942,0.390,0.505,103.102,89.484,Avail,Compl,Avail,Incmpl,Incmpl,Enable,OBD II (California ARB),OFF,OFF,29.034,0.183,0,1st,OFF,OFF,OFF,OFF,OFF,OFF,0.781,1.562,ON,OFF,650,0,OFF,OFF,OFF,ON,Gasoline,0.986,OFF,OFF,0.684,ON,0.938,14.902,16,0,0.742,0.742,2.305,0.742,0.918,2.031,46.275,0,14.902,33,0.035,0.074,OFF,ECT 5th,NA,OFF,97.856,97.944,13.333,0,Not Avl,0,0,0,0,ON,ON,0,0,1
325,0,13.761,Not Avl,Compl,Compl,Unable,OFF,Not Avl,Compl,Compl,Unable,OFF,40.625,40.625,34.375,35.625,19.531,39.551,15.686,31.765,0.781,1.582,ON,0,OFF,ON,ON,0.997,1.000,0.004,0.027,3.308,3.347,0,97,51199.219,13.515,24.314,OFF,OFF,OFF,OFF,OFF,OFF,OFF,Avail,Incmpl,Incmpl,Enable,Avail,404.400,207.600,404.400,207.600,ON,Avail,Compl,Enable,79,0,0,0,0,0,0,6,A,0,0,Avail,Incmpl,Incmpl,Enable,OFF,OFF,793,715.500,51199.219,51199.219,51199.219,51199.219,51199.219,51199.219,1GRFE ,33.333,Avail,Incmpl,Incmpl,Enable,7.996,OFF,OFF,OFF,OFF,ON,ON,Avail,Compl,Enable,Compl,CL,CL,Compl,Unable,Not Avl,Compl,Compl,Enable,OFF,80,15,547,ON,42.500,21.250,0.104,2381,15,21,-3,OFF,1.562,5.469,3.750,OFF,0,0,78,Avail,Compl,Enable,0,GRN2#  ,ON,0,ACTIVE,ACTIVE,0.962,0.942,0.410,0.505,103.102,89.160,Avail,Compl,Avail,Incmpl,Incmpl,Enable,OBD II (California ARB),OFF,OFF,29.150,0.183,0,1st,OFF,OFF,OFF,OFF,OFF,OFF,0.781,1.562,ON,OFF,650,0,OFF,OFF,OFF,ON,Gasoline,0.988,OFF,OFF,0.684,ON,0.938,14.902,16,0,0.742,0.742,2.305,0.742,0.918,2.031,46.275,0,14.902,33,0.035,0.074,OFF,ECT 5th,NA,OFF,97.856,97.966,12.941,0,Not Avl,0,0,0,0,ON,ON,0,0,1
326,0,13.750,Not Avl,Compl,Compl,Unable,OFF,Not Avl,Compl,Compl,Unable,OFF,40.625,40.625,34.375,35.625,19.531,39.551,15.686,31.765,0.781,1.582,ON,0,OFF,ON,ON,0.995,0.998,0,0.023,3.298,3.337,0,97,51199.219,13.496,24.314,OFF,OFF,OFF,OFF,OFF,OFF,OFF,Avail,Incmpl,Incmpl,Enable,Avail,404.200,207.600,404.200,207.600,ON,Avail,Compl,Enable,79,0,0,0,0,0,0,6,A,0,0,Avail,Incmpl,Incmpl,Enable,OFF,OFF,794,709.250,51199.219,51199.219,51199.219,51199.219,51199.219,51199.219,1GRFE ,33.333,Avail,Incmpl,Incmpl,Enable,7.996,OFF,OFF,OFF,OFF,ON,ON,Avail,Compl,Enable,Compl,CL,CL,Compl,Unable,Not Avl,Compl,Compl,Enable,OFF,80,15,565,ON,42.500,21.250,0.104,2388,15,21,-3,OFF,1.562,5.469,3.730,OFF,0,0,77,Avail,Compl,Enable,0,GRN2#  ,ON,0,ACTIVE,ACTIVE,0.957,0.938,0.425,0.505,103.426,89.484,Avail,Compl,Avail,Incmpl,Incmpl,Enable,OBD II (California ARB),OFF,OFF,28.912,0.183,0,1st,OFF,OFF,OFF,OFF,OFF,OFF,0.781,1.562,ON,OFF,650,0,OFF,OFF,OFF,ON,Gasoline,0.988,OFF,OFF,0.684,ON,0.938,14.902,16,0,0.742,0.742,2.305,0.742,0.918,2.031,46.275,0,14.902,33,0.035,0.074,OFF,ECT 5th,NA,OFF,97.812,97.724,13.333,0,Not Avl,0,0,0,0,ON,ON,0,0,1
327,0,13.768,Not Avl,Compl,Compl,Unable,OFF,Not Avl,Compl,Compl,Unable,OFF,40.625,40.625,34.375,35.625,19.531,39.551,15.686,31.765,0.781,1.582,ON,0,OFF,ON,ON,0.996,0.998,0.004,0.023,3.308,3.337,0,97,51199.219,13.496,24.314,OFF,OFF,OFF,OFF,OFF,OFF,OFF,Avail,Incmpl,Incmpl,Enable,Avail,404.200,207.600,404.200,207.600,ON,Avail,Compl,Enable,79,0,0,0,0,0,0,6,A,0,0,Avail,Incmpl,Incmpl,Enable,OFF,OFF,794,712.500,51199.219,51199.219,51199.219,51199.219,51199.219,51199.219,1GRFE ,33.333,Avail,Incmpl,Incmpl,Enable,7.996,OFF,OFF,OFF,OFF,ON,ON,Avail,Compl,Enable,Compl,CL,CL,Compl,Unable,Not Avl,Compl,Compl,Enable,OFF,80,15,581,ON,42.500,21.250,0.104,2377,15,21,-3,OFF,1.562,5.469,3.760,OFF,0,0,77,Avail,Compl,Enable,0,GRN2#  ,ON,0,ACTIVE,ACTIVE,0.962,0.942,0.445,0.505,103.426,89.809,Avail,Compl,Avail,Incmpl,Incmpl,Enable,OBD II (California ARB),OFF,OFF,29.034,0.183,0,1st,OFF,OFF,OFF,OFF,OFF,OFF,0.781,1.562,ON,OFF,650,0,OFF,OFF,OFF,ON,Gasoline,0.990,OFF,OFF,0.684,ON,0.938,14.902,16,0,0.742,0.742,2.305,0.742,0.918,2.031,46.275,0,14.902,33,0.035,0.074,OFF,ECT 5th,NA,OFF,97.856,97.966,13.333,0,Not Avl,0,0,0,0,ON,ON,0,0,1
328,0,13.754,Not Avl,Compl,Compl,Unable,OFF,Not Avl,Compl,Compl,Unable,OFF,46.094,40.625,34.375,35.625,19.531,39.551,15.686,31.765,0.781,1.582,ON,0,OFF,ON,ON,0.994,0.998,0,0.023,3.298,3.342,0,97,51199.219,13.496,24.314,OFF,OFF,OFF,OFF,OFF,OFF,OFF,Avail,Incmpl,Incmpl,Enable,Avail,404.200,207.600,404.200,207.600,ON,Avail,Compl,Enable,79,0,0,0,0,0,0,6,A,0,0,Avail,Incmpl,Incmpl,Enable,OFF,OFF,794,716.250,51199.219,51199.219,51199.219,51199.219,51199.219,51199.219,1GRFE ,33.333,Avail,Incmpl,Incmpl,Enable,7.996,OFF,OFF,OFF,OFF,ON,ON,Avail,Compl,Enable,Compl,CL,CL,Compl,Unable,Not Avl,Compl,Compl,Enable,OFF,80,15,596,ON,42.500,21.250,0.104,2370,15,21,-3,OFF,1.562,5.469,3.730,OFF,0,0,77,Avail,Compl,Enable,0,GRN2#  ,ON,0,ACTIVE,ACTIVE,0.962,0.942,0.465,0.525,103.750,89.160,Avail,Compl,Avail,Incmpl,Incmpl,Enable,OBD II (California ARB),OFF,OFF,29.279,0.183,0,1st,OFF,OFF,OFF,OFF,OFF,OFF,0.781,1.562,ON,OFF,650,0,OFF,OFF,OFF,ON,Gasoline,0.992,OFF,OFF,0.684,ON,0.938,14.902,16,0,0.742,0.742,2.305,0.742,0.918,2.031,46.275,0,14.902,33,0.031,0.074,OFF,ECT 5th,NA,OFF,97.812,97.768,12.941,0,Not Avl,0,0,0,0,ON,ON,0,0,1
329,0,13.759,Not Avl,Compl,Compl,Unable,OFF,Not Avl,Compl,Compl,Unable,OFF,57.031,52.344,34.375,35.625,19.531,39.551,15.686,31.765,0.781,1.582,ON,0,OFF,ON,ON,0.995,0.997,0.004,0.020,3.308,3.332,0,97,51199.219,13.496,24.314,OFF,OFF,OFF,OFF,OFF,OFF,OFF,Avail,Incmpl,Incmpl,Enable,Avail,404.100,207.600,404.100,207.600,ON,Avail,Compl,Enable,79,0,0,0,0,0,0,6,A,0,0,Avail,Incmpl,Incmpl,Enable,OFF,OFF,795,714,51199.219,51199.219,51199.219,51199.219,51199.219,51199.219,1GRFE ,33.333,Avail,Incmpl,Incmpl,Enable,7.996,OFF,OFF,OFF,OFF,ON,ON,Avail,Compl,Enable,Compl,CL,CL,Compl,Unable,Not Avl,Compl,Compl,Enable,OFF,80,15,10,ON,42.500,21.250,0.104,2367,15,21,-3,OFF,1.562,5.469,3.760,OFF,0,0,78,Avail,Compl,Enable,0,GRN2#  ,ON,0,ACTIVE,ACTIVE,0.962,0.942,0.485,0.525,103.426,89.160,Avail,Compl,Avail,Incmpl,Incmpl,Enable,OBD II (California ARB),OFF,OFF,29.279,0.183,0,1st,OFF,OFF,OFF,OFF,OFF,OFF,0.781,1.562,ON,OFF,650,0,OFF,OFF,OFF,ON,Gasoline,0.994,OFF,OFF,0.684,ON,0.938,14.902,16,0,0.742,0.742,2.305,0.742,0.918,2.031,46.275,0,14.902,33,0.031,0.074,OFF,ECT 5th,NA,OFF,97.834,97.900,13.333,0,Not Avl,0,0,0,0,ON,ON,0,0,1
330,0,13.765,Not Avl,Compl,Compl,Unable,OFF,Not Avl,Compl,Compl,Unable,OFF,60.156,50.781,34.375,35.625,19.531,39.551,15.686,31.765,0.781,1.582,ON,0,OFF,ON,ON,0.995,0.997,0.004,0.020,3.308,3.332,0,97,51199.219,13.496,24.314,OFF,OFF,OFF,OFF,OFF,OFF,OFF,Avail,Incmpl,Incmpl,Enable,Avail,404.100,207.600,404.100,207.600,ON,Avail,Compl,Enable,79,0,0,0,0,0,0,6,A,0,0,Avail,Incmpl,Incmpl,Enable,OFF,OFF,795,714,51199.219,51199.219,51199.219,51199.219,51199.219,51199.219,1GRFE ,33.333,Avail,Incmpl,Incmpl,Enable,7.996,OFF,OFF,OFF,OFF,ON,ON,Avail,Compl,Enable,Compl,CL,CL,Compl,Unable,Not Avl,Compl,Compl,Enable,OFF,80,15,24,ON,42.500,21.250,0.104,2378,15,21,-3,OFF,1.562,5.469,3.780,OFF,0,0,78,Avail,Compl,Enable,0,GRN2#  ,ON,0,ACTIVE,ACTIVE,0.962,0.942,0.485,0.525,103.102,89.160,Avail,Compl,Avail,Incmpl,Incmpl,Enable,OBD II (California ARB),OFF,OFF,29.150,0.183,0,1st,OFF,OFF,OFF,OFF,OFF,OFF,0,1.562,ON,OFF,650,0,OFF,OFF,OFF,ON,Gasoline,0.996,OFF,OFF,0.684,ON,0.938,14.902,16,0,0.742,0.742,2.305,0.742,0.918,2.031,46.275,0,14.902,33,0.031,0.074,OFF,ECT 5th,NA,OFF,97.856,97.922,13.333,0,Not Avl,0,0,0,0,ON,ON,0,0,1
331,0,13.760,Not Avl,Compl,Compl,Unable,OFF,Not Avl,Compl,Compl,Unable,OFF,60.938,58.594,34.375,35.625,19.531,39.551,15.686,31.765,0.781,1.582,ON,0,OFF,ON,ON,0.996,0.996,0.012,0.012,3.318,3.322,0,97,51199.219,13.515,24.314,OFF,OFF,OFF,OFF,OFF,OFF,OFF,Avail,Incmpl,Incmpl,Enable,Avail,403.900,207.600,403.900,207.600,ON,Avail,Compl,Enable,79,0,0,0,0,0,0,6,A,0,0,Avail,Incmpl,Incmpl,Enable,OFF,OFF,796,711.500,51199.219,51199.219,51199.219,51199.219,51199.219,51199.219,1GRFE ,33.333,Avail,Incmpl,Incmpl,Enable,7.996,OFF,OFF,OFF,OFF,ON,ON,Avail,Compl,Enable,Compl,CL,CL,Compl,Unable,Not Avl,Compl,Compl,Enable,OFF,80,15,44,ON,42.500,21.250,0.104,2367,15,21,-3,OFF,1.562,5.469,3.760,OFF,0,0,85,Avail,Compl,Enable,0,GRN2#  ,ON,0,ACTIVE,ACTIVE,0.962,0.942,0.505,0.525,103.426,89.160,Avail,Compl,Avail,Incmpl,Incmpl,Enable,OBD II (California ARB),OFF,OFF,29.034,0.183,0,1st,OFF,OFF,OFF,OFF,OFF,OFF,0,1.562,ON,OFF,650,0,OFF,OFF,OFF,ON,Gasoline,0.997,OFF,OFF,0.684,ON,0.938,14.902,16,0,0.742,0.742,2.305,0.742,0.918,2.031,46.275,0,14.902,33,0.031,0.074,OFF,ECT 5th,NA,OFF,97.856,97.944,13.333,0,Not Avl,0,0,0,0,ON,ON,0,0,1
332,0,13.767,Not Avl,Compl,Compl,Unable,OFF,Not Avl,Compl,Compl,Unable,OFF,55.469,56.250,34.375,35.625,19.531,39.551,15.686,31.765,0.781,1.582,ON,0,OFF,ON,ON,0.994,0.996,0.004,0.012,3.308,3.322,0,97,51199.219,13.496,24.314,OFF,OFF,OFF,OFF,OFF,OFF,OFF,Avail,Incmpl,Incmpl,Enable,Avail,403.900,207.600,403.900,207.600,ON,Avail,Compl,Enable,79,0,0,0,0,0,0,6,A,0,0,Avail,Incmpl,Incmpl,Enable,OFF,OFF,796,712.500,51199.219,51199.219,51199.219,51199.219,51199.219,51199.219,1GRFE ,33.333,Avail,Incmpl,Incmpl,Enable,7.996,OFF,OFF,OFF,OFF,ON,ON,Avail,Compl,Enable,Compl,CL,CL,Compl,Unable,Not Avl,Compl,Compl,Enable,OFF,80,15,61,ON,42.500,21.250,0.104,2370,15,21,-3,OFF,1.562,5.469,3.780,OFF,0,0,85,Avail,Compl,Enable,0,GRN2#  ,ON,0,ACTIVE,ACTIVE,0.957,0.938,0.545,0.525,103.426,89.160,Avail,Compl,Avail,Incmpl,Incmpl,Enable,OBD II (California ARB),OFF,OFF,29.034,0.183,0,1st,OFF,OFF,OFF,OFF,OFF,OFF,0,0.781,ON,OFF,650,0,OFF,OFF,OFF,ON,Gasoline,1.000,OFF,OFF,0.684,ON,0.938,14.902,16,0,0.742,0.742,2.305,0.742,0.918,2.031,46.275,0,14.902,33,0.031,0.074,OFF,ECT 5th,NA,OFF,97.834,97.834,13.333,0,Not Avl,0,0,0,0,ON,ON,0,0,1
333,0,13.765,Not Avl,Compl,Compl,Unable,OFF,Not Avl,Compl,Compl,Unable,OFF,44.531,45.312,34.375,35.625,19.531,39.551,15.686,31.765,0.781,1.582,ON,0,OFF,ON,ON,0.999,0.997,0.023,0.016,3.337,3.327,0,97,51199.219,13.496,24.314,OFF,OFF,OFF,OFF,OFF,OFF,OFF,Avail,Incmpl,Incmpl,Enable,Avail,403.700,207.600,403.700,207.600,ON,Avail,Compl,Enable,79,0,0,0,0,0,0,6,A,0,0,Avail,Incmpl,Incmpl,Enable,OFF,OFF,797,714,51199.219,51199.219,51199.219,51199.219,51199.219,51199.219,1GRFE ,33.333,Avail,Incmpl,Incmpl,Enable,7.996,OFF,OFF,OFF,OFF,ON,ON,Avail,Compl,Enable,Compl,CL,CL,Compl,Unable,Not Avl,Compl,Compl,Enable,OFF,80,15,76,ON,42.500,21.250,0.104,2363,15,21,-3,OFF,1.562,5.469,3.780,OFF,0,0,86,Avail,Compl,Enable,0,GRN2#  ,ON,0,ACTIVE,ACTIVE,0.962,0.942,0.545,0.525,102.777,89.160,Avail,Compl,Avail,Incmpl,Incmpl,Enable,OBD II (California ARB),OFF,OFF,29.034,0.183,0,1st,OFF,OFF,OFF,OFF,OFF,OFF,0,0.781,ON,OFF,650,0,OFF,OFF,OFF,ON,Gasoline,1.001,OFF,OFF,0.684,ON,0.938,14.902,16,0,0.742,0.742,2.305,0.742,0.918,2.031,46.275,0,14.902,33,0.031,0.074,OFF,ECT 5th,NA,OFF,97.834,97.900,13.333,0,Not Avl,0,0,0,0,ON,ON,0,0,1
334,0,13.750,Not Avl,Compl,Compl,Unable,OFF,Not Avl,Compl,Compl,Unable,OFF,41.406,42.188,34.375,35.625,19.531,39.551,15.686,31.765,0.781,1.582,ON,0,OFF,ON,ON,1.000,0.997,0.023,0.020,3.337,3.332,0,97,51199.219,13.496,24.314,OFF,OFF,OFF,OFF,OFF,OFF,OFF,Avail,Incmpl,Incmpl,Enable,Avail,403.700,207.600,403.700,207.600,ON,Avail,Compl,Enable,79,0,0,0,0,0,0,6,A,0,0,Avail,Incmpl,Incmpl,Enable,OFF,OFF,797,715.500,51199.219,51199.219,51199.219,51199.219,51199.219,51199.219,1GRFE ,33.333,Avail,Incmpl,Incmpl,Enable,7.996,OFF,OFF,OFF,OFF,ON,ON,Avail,Compl,Enable,Compl,CL,CL,Compl,Unable,Not Avl,Compl,Compl,Enable,OFF,80,15,91,ON,42.500,21.250,0.104,2366,15,21,-3,OFF,1.562,5.469,3.780,OFF,0,0,86,Avail,Compl,Enable,0,GRN2#  ,ON,0,ACTIVE,ACTIVE,0.962,0.942,0.565,0.525,103.102,89.160,Avail,Compl,Avail,Incmpl,Incmpl,Enable,OBD II (California ARB),OFF,OFF,29.279,0.183,0,1st,OFF,OFF,OFF,OFF,OFF,OFF,0,0.781,ON,OFF,650,0,OFF,OFF,OFF,ON,Gasoline,1.001,OFF,OFF,0.684,ON,0.938,14.902,16,0,0.742,0.742,2.305,0.742,0.918,2.031,46.275,0,14.902,33,0.031,0.074,OFF,ECT 5th,NA,OFF,97.834,97.746,13.333,0,Not Avl,0,0,0,0,ON,ON,0,0,1
335,0,13.750,Not Avl,Compl,Compl,Unable,OFF,Not Avl,Compl,Compl,Unable,OFF,40.625,40.625,34.375,35.625,19.531,39.551,15.686,31.765,0.781,1.582,ON,0,OFF,ON,ON,0.998,0.997,0.020,0.020,3.332,3.332,0,97,51199.219,13.515,24.314,OFF,OFF,OFF,OFF,OFF,OFF,OFF,Avail,Incmpl,Incmpl,Enable,Avail,403.700,207.600,403.700,207.600,ON,Avail,Compl,Enable,79,0,0,0,0,0,0,6,A,0,0,Avail,Incmpl,Incmpl,Enable,OFF,OFF,798,710.750,51199.219,51199.219,51199.219,51199.219,51199.219,51199.219,1GRFE ,33.333,Avail,Incmpl,Incmpl,Enable,7.996,OFF,OFF,OFF,OFF,ON,ON,Avail,Compl,Enable,Compl,CL,CL,Compl,Unable,Not Avl,Compl,Compl,Enable,OFF,80,15,106,ON,42.500,21.250,0.104,2370,15,21,-3,OFF,1.562,5.469,3.760,OFF,0,0,86,Avail,Compl,Enable,0,GRN2#  ,ON,0,ACTIVE,ACTIVE,0.957,0.938,0.585,0.525,103.426,89.484,Avail,Compl,Avail,Incmpl,Incmpl,Enable,OBD II (California ARB),OFF,OFF,29.150,0.183,0,1st,OFF,OFF,OFF,OFF,OFF,OFF,0,0.781,ON,OFF,650,0,OFF,OFF,OFF,ON,Gasoline,1.000,OFF,OFF,0.684,ON,0.938,14.902,16,0,0.742,0.742,2.305,0.742,0.918,2.031,46.275,0,14.902,33,0.031,0.070,OFF,ECT 5th,NA,OFF,97.812,97.702,13.333,0,Not Avl,0,0,0,0,ON,ON,0,0,1
336,0,13.761,Not Avl,Compl,Compl,Unable,OFF,Not Avl,Compl,Compl,Unable,OFF,40.625,40.625,34.375,35.625,19.531,39.551,15.686,31.765,0.781,1.582,ON,0,OFF,ON,ON,0.996,0.998,0.012,0.023,3.318,3.337,0,97,51199.219,13.496,24.314,OFF,OFF,OFF,OFF,OFF,OFF,OFF,Avail,Incmpl,Incmpl,Enable,Avail,403.600,207.600,403.600,207.600,ON,Avail,Compl,Enable,79,0,0,0,0,0,0,6,A,0,0,Avail,Incmpl,Incmpl,Enable,OFF,OFF,798,716.250,51199.219,51199.219,51199.219,51199.219,51199.219,51199.219,1GRFE ,33.333,Avail,Incmpl,Incmpl,Enable,7.996,OFF,OFF,OFF,OFF,ON,ON,Avail,Compl,Enable,Compl,CL,CL,Compl,Unable,Not Avl,Compl,Compl,Enable,OFF,80,15,118,ON,42.500,21.250,0.104,2370,15,21,-3,OFF,1.562,5.469,3.780,OFF,0,0,81,Avail,Compl,Enable,0,GRN2#  ,ON,0,ACTIVE,ACTIVE,0.962,0.942,0.585,0.525,103.102,89.160,Avail,Compl,Avail,Incmpl,Incmpl,Enable,OBD II (California ARB),OFF,OFF,29.279,0.183,0,1st,OFF,OFF,OFF,OFF,OFF,OFF,0,0.781,ON,OFF,650,0,OFF,OFF,OFF,ON,Gasoline,1.001,OFF,OFF,0.684,ON,0.938,14.902,16,0,0.742,0.742,2.305,0.742,0.918,2.031,46.275,0,14.902,33,0.031,0.070,OFF,ECT 5th,NA,OFF,97.834,97.856,13.333,0,Not Avl,0,0,0,0,ON,ON,0,0,1
337,0,13.768,Not Avl,Compl,Compl,Unable,OFF,Not Avl,Compl,Compl,Unable,OFF,40.625,40.625,34.375,35.625,19.531,39.551,15.686,31.765,0.781,1.582,ON,0,OFF,ON,ON,0.996,0.997,0.012,0.020,3.318,3.332,0,97,51199.219,13.496,24.314,OFF,OFF,OFF,OFF,OFF,OFF,OFF,Avail,Incmpl,Incmpl,Enable,Avail,403.600,207.600,403.600,207.600,ON,Avail,Compl,Enable,79,0,0,0,0,0,0,6,A,0,0,Avail,Incmpl,Incmpl,Enable,OFF,OFF,798,711.500,51199.219,51199.219,51199.219,51199.219,51199.219,51199.219,1GRFE ,33.333,Avail,Incmpl,Incmpl,Enable,7.996,OFF,OFF,OFF,OFF,ON,ON,Avail,Compl,Enable,Compl,CL,CL,Compl,Unable,Not Avl,Compl,Compl,Enable,OFF,80,15,134,ON,42.500,21.250,0.104,2378,15,21,-3,OFF,1.562,5.469,3.810,OFF,0,0,81,Avail,Compl,Enable,0,GRN2#  ,ON,0,ACTIVE,ACTIVE,0.957,0.942,0.585,0.525,102.777,89.160,Avail,Compl,Avail,Incmpl,Incmpl,Enable,OBD II (California ARB),OFF,OFF,29.034,0.183,0,1st,OFF,OFF,OFF,OFF,OFF,OFF,0,0.781,ON,OFF,650,0,OFF,OFF,OFF,ON,Gasoline,1.002,OFF,OFF,0.684,ON,0.938,14.902,16,0,0.742,0.742,2.305,0.742,0.918,2.031,46.275,0,14.902,33,0.031,0.070,OFF,ECT 5th,NA,OFF,97.834,97.900,13.333,0,Not Avl,0,0,0,0,ON,ON,0,0,1
338,0,13.750,Not Avl,Compl,Compl,Unable,OFF,Not Avl,Compl,Compl,Unable,OFF,40.625,40.625,34.375,35.625,19.531,39.551,15.686,31.765,0.781,1.582,ON,0,OFF,ON,ON,0.998,0.997,0.020,0.016,3.332,3.327,0,97,51199.219,13.496,24.314,OFF,OFF,OFF,OFF,OFF,OFF,OFF,Avail,Incmpl,Incmpl,Enable,Avail,403.400,207.600,403.400,207.600,ON,Avail,Compl,Enable,79,0,0,0,0,0,0,6,A,0,0,Avail,Incmpl,Incmpl,Enable,OFF,OFF,799,710.750,51199.219,51199.219,51199.219,51199.219,51199.219,51199.219,1GRFE ,33.333,Avail,Incmpl,Incmpl,Enable,7.996,OFF,OFF,OFF,OFF,ON,ON,Avail,Compl,Enable,Compl,CL,CL,Compl,Unable,Not Avl,Compl,Compl,Enable,OFF,80,15,148,ON,42.500,21.250,0.104,2370,15,21,-3,OFF,1.562,5.469,3.780,OFF,0,0,78,Avail,Compl,Enable,0,GRN2#  ,ON,0,ACTIVE,ACTIVE,0.962,0.942,0.605,0.525,102.453,89.484,Avail,Compl,Avail,Incmpl,Incmpl,Enable,OBD II (California ARB),OFF,OFF,28.790,0.183,0,1st,OFF,OFF,OFF,OFF,OFF,OFF,0,0.781,ON,OFF,650,0,OFF,OFF,OFF,ON,Gasoline,1.003,OFF,OFF,0.684,ON,0.938,14.902,16,0,0.742,0.742,2.305,0.742,0.918,2.031,46.275,0,14.902,33,0.027,0.070,OFF,ECT 5th,NA,OFF,97.856,97.966,13.333,0,Not Avl,0,0,0,0,ON,ON,0,0,1
339,0,13.750,Not Avl,Compl,Compl,Unable,OFF,Not Avl,Compl,Compl,Unable,OFF,53.125,40.625,34.375,35.625,19.531,39.551,15.686,31.765,0.781,1.582,ON,0,OFF,ON,ON,0.999,0.998,0.039,0.035,3.337,3.337,0,97,51199.219,13.496,24.314,OFF,OFF,OFF,OFF,OFF,OFF,OFF,Avail,Incmpl,Incmpl,Enable,Avail,403.400,207.600,403.400,207.600,ON,Avail,Compl,Enable,79,0,0,0,0,0,0,6,A,0,0,Avail,Incmpl,Incmpl,Enable,OFF,OFF,799,708.500,51199.219,51199.219,51199.219,51199.219,51199.219,51199.219,1GRFE ,33.333,Avail,Incmpl,Incmpl,Enable,7.996,OFF,OFF,OFF,OFF,ON,ON,Avail,Compl,Enable,Compl,CL,CL,Compl,Unable,Not Avl,Compl,Compl,Enable,OFF,80,15,165,ON,42.500,21.250,0.104,2370,15,21,-3,OFF,1.562,5.469,3.730,OFF,0,0,78,Avail,Compl,Enable,0,GRN2#  ,ON,0,ACTIVE,ACTIVE,0.962,0.942,0.605,0.525,103.102,89.484,Avail,Compl,Avail,Incmpl,Incmpl,Enable,OBD II (California ARB),OFF,OFF,29.034,0.183,0,1st,OFF,OFF,OFF,OFF,OFF,OFF,0,0.781,ON,OFF,650,0,OFF,OFF,OFF,ON,Gasoline,1.003,OFF,OFF,0.684,ON,0.938,14.902,16,0,0.742,0.742,2.305,0.742,0.918,2.031,46.275,0,14.902,33,0.027,0.070,OFF,ECT 5th,NA,OFF,97.834,97.922,13.333,0,Not Avl,0,0,0,0,ON,ON,0,0,1
340,0,13.765,Not Avl,Compl,Compl,Unable,OFF,Not Avl,Compl,Compl,Unable,OFF,58.594,50,34.375,35.625,19.531,39.551,15.686,31.765,0.781,1.582,ON,0,OFF,ON,ON,0.999,1.001,0.023,0.031,3.337,3.352,0,97,51199.219,13.496,24.314,OFF,OFF,OFF,OFF,OFF,OFF,OFF,Avail,Incmpl,Incmpl,Enable,Avail,403.400,207.600,403.400,207.600,ON,Avail,Compl,Enable,79,0,0,0,0,0,0,6,A,0,0,Avail,Incmpl,Incmpl,Enable,OFF,OFF,800,715.500,51199.219,51199.219,51199.219,51199.219,51199.219,51199.219,1GRFE ,33.333,Avail,Incmpl,Incmpl,Enable,7.996,OFF,OFF,OFF,OFF,ON,ON,Avail,Compl,Enable,Compl,CL,CL,Compl,Unable,Not Avl,Compl,Compl,Enable,OFF,80,15,181,ON,42.500,21.250,0.104,2378,15,21,-3,OFF,1.562,5.469,3.780,OFF,0,0,78,Avail,Compl,Enable,0,GRN2#  ,ON,0,ACTIVE,ACTIVE,0.957,0.942,0.605,0.525,102.777,89.484,Avail,Compl,Avail,Incmpl,Incmpl,Enable,OBD II (California ARB),OFF,OFF,29.150,0.183,0,1st,OFF,OFF,OFF,OFF,OFF,OFF,0,0.781,ON,OFF,650,0,OFF,OFF,OFF,ON,Gasoline,1.003,OFF,OFF,0.684,ON,0.938,14.902,16,0,0.742,0.742,2.305,0.742,0.918,2.031,46.275,0,14.902,33,0.027,0.070,OFF,ECT 5th,NA,OFF,97.856,97.966,13.333,0,Not Avl,0,0,0,0,ON,ON,0,0,1
341,0,13.750,Not Avl,Compl,Compl,Unable,OFF,Not Avl,Compl,Compl,Unable,OFF,60.938,46.094,34.375,35.625,19.531,39.551,15.686,31.765,0.781,1.582,ON,0,OFF,ON,ON,0.999,1.001,0.023,0.031,3.337,3.352,0,97,51199.219,13.496,24.314,OFF,OFF,OFF,OFF,OFF,OFF,OFF,Avail,Incmpl,Incmpl,Enable,Avail,403.300,207.600,403.300,207.600,ON,Avail,Compl,Enable,79,0,0,0,0,0,0,6,A,0,0,Avail,Incmpl,Incmpl,Enable,OFF,OFF,800,710.750,51199.219,51199.219,51199.219,51199.219,51199.219,51199.219,1GRFE ,33.333,Avail,Incmpl,Incmpl,Enable,7.996,OFF,OFF,OFF,OFF,ON,ON,Avail,Compl,Enable,Compl,CL,CL,Compl,Unable,Not Avl,Compl,Compl,Enable,OFF,80,15,197,ON,42.500,21.250,0.104,2378,15,21,-3,OFF,1.562,5.469,3.790,OFF,0,0,78,Avail,Compl,Enable,0,GRN2#  ,ON,0,ACTIVE,ACTIVE,0.962,0.942,0.605,0.525,103.426,89.484,Avail,Compl,Avail,Incmpl,Incmpl,Enable,OBD II (California ARB),OFF,OFF,29.034,0.183,0,1st,OFF,OFF,OFF,OFF,OFF,OFF,0,0.781,ON,OFF,650,0,OFF,OFF,OFF,ON,Gasoline,1.002,OFF,OFF,0.684,ON,0.938,14.902,16,0,0.742,0.742,2.305,0.742,0.918,2.031,46.275,0,14.902,33,0.027,0.070,OFF,ECT 5th,NA,OFF,97.812,97.746,13.333,0,Not Avl,0,0,0,0,ON,ON,0,0,1
342,0,13.765,Not Avl,Compl,Compl,Unable,OFF,Not Avl,Compl,Compl,Unable,OFF,60.938,45.312,34.375,35.625,19.531,39.551,15.686,31.765,0.781,1.582,ON,0,OFF,ON,ON,0.997,1.000,0.016,0.027,3.327,3.347,0,97,51199.219,13.496,24.314,OFF,OFF,OFF,OFF,OFF,OFF,OFF,Avail,Incmpl,Incmpl,Enable,Avail,403.300,207.600,403.300,207.600,ON,Avail,Compl,Enable,79,0,0,0,0,0,0,6,A,0,0,Avail,Incmpl,Incmpl,Enable,OFF,OFF,800,708.500,51199.219,51199.219,51199.219,51199.219,51199.219,51199.219,1GRFE ,33.333,Avail,Incmpl,Incmpl,Enable,7.996,OFF,OFF,OFF,OFF,ON,ON,Avail,Compl,Enable,Compl,CL,CL,Compl,Unable,Not Avl,Compl,Compl,Enable,OFF,80,15,212,ON,42.500,21.250,0.104,2367,15,21,-3,OFF,1.562,5.469,3.750,OFF,0,0,78,Avail,Compl,Enable,0,GRN2#  ,ON,0,ACTIVE,ACTIVE,0.957,0.942,0.605,0.525,103.102,89.484,Avail,Compl,Avail,Incmpl,Incmpl,Enable,OBD II (California ARB),OFF,OFF,28.912,0.183,0,1st,OFF,OFF,OFF,OFF,OFF,OFF,0,1.562,ON,OFF,650,0,OFF,OFF,OFF,ON,Gasoline,1.001,OFF,OFF,0.684,ON,0.938,14.902,16,0,0.742,0.742,2.305,0.742,0.918,2.031,46.275,0,14.902,33,0.027,0.070,OFF,ECT 5th,NA,OFF,97.856,97.966,13.333,0,Not Avl,0,0,0,0,ON,ON,0,0,1
343,0,13.751,Not Avl,Compl,Compl,Unable,OFF,Not Avl,Compl,Compl,Unable,OFF,51.562,49.219,34.375,35.625,19.531,39.551,15.686,31.765,0.781,1.582,ON,0,OFF,ON,ON,0.999,0.998,0.039,0.035,3.337,3.337,0,97,51199.219,13.496,24.706,OFF,OFF,OFF,OFF,OFF,OFF,OFF,Avail,Incmpl,Incmpl,Enable,Avail,403.100,207.600,403.100,207.600,ON,Avail,Compl,Enable,79,0,0,0,0,0,0,6,A,0,0,Avail,Incmpl,Incmpl,Enable,OFF,OFF,801,708.500,51199.219,51199.219,51199.219,51199.219,51199.219,51199.219,1GRFE ,33.333,Avail,Incmpl,Incmpl,Enable,7.996,OFF,OFF,OFF,OFF,ON,ON,Avail,Compl,Enable,Compl,CL,CL,Compl,Unable,Not Avl,Compl,Compl,Enable,OFF,80,15,228,ON,42.500,21.250,0.104,2396,15,21,-3,OFF,1.562,5.469,3.780,OFF,0,0,66,Avail,Compl,Enable,0,GRN2#  ,ON,0,ACTIVE,ACTIVE,0.957,0.942,0.625,0.525,103.102,89.160,Avail,Compl,Avail,Incmpl,Incmpl,Enable,OBD II (California ARB),OFF,OFF,29.034,0.183,0,1st,OFF,OFF,OFF,OFF,OFF,OFF,0,0.781,ON,OFF,650,0,OFF,OFF,OFF,ON,Gasoline,1.001,OFF,OFF,0.684,ON,0.938,14.902,16,0,0.742,0.742,2.305,0.742,0.918,2.031,46.275,0,14.902,33,0.027,0.070,OFF,ECT 5th,NA,OFF,97.834,97.768,13.333,0,Not Avl,0,0,0,0,ON,ON,0,0,1
344,0,13.750,Not Avl,Compl,Compl,Unable,OFF,Not Avl,Compl,Compl,Unable,OFF,42.969,47.656,34.375,35.625,19.531,39.551,15.686,31.765,0.781,1.582,ON,0,OFF,ON,ON,1.000,0.999,0.027,0.027,3.347,3.347,0,97,51199.219,13.496,24.706,OFF,OFF,OFF,OFF,OFF,OFF,OFF,Avail,Incmpl,Incmpl,Enable,Avail,403.100,207.600,403.100,207.600,ON,Avail,Compl,Enable,79,0,0,0,0,0,0,6,A,0,0,Avail,Incmpl,Incmpl,Enable,OFF,OFF,801,707,51199.219,51199.219,51199.219,51199.219,51199.219,51199.219,1GRFE ,33.333,Avail,Incmpl,Incmpl,Enable,7.996,OFF,OFF,OFF,OFF,ON,ON,Avail,Compl,Enable,Compl,CL,CL,Compl,Unable,Not Avl,Compl,Compl,Enable,OFF,80,15,244,ON,42.500,21.250,0.104,2381,15,21,-3,OFF,1.562,5.469,3.760,OFF,0,0,66,Avail,Compl,Enable,0,GRN2#  ,ON,0,ACTIVE,ACTIVE,0.962,0.942,0.625,0.525,103.426,89.484,Avail,Compl,Avail,Incmpl,Incmpl,Enable,OBD II (California ARB),OFF,OFF,29.034,0.183,0,1st,OFF,OFF,OFF,OFF,OFF,OFF,0,0.781,ON,OFF,650,0,OFF,OFF,OFF,ON,Gasoline,1.002,OFF,OFF,0.684,ON,0.938,14.902,16,0,0.742,0.742,2.305,0.742,0.918,2.031,46.275,0,14.902,33,0.027,0.070,OFF,ECT 5th,NA,OFF,97.856,97.944,13.333,0,Not Avl,0,0,0,0,ON,ON,0,0,1
345,0,13.760,Not Avl,Compl,Compl,Unable,OFF,Not Avl,Compl,Compl,Unable,OFF,40.625,47.656,34.375,35.625,19.531,39.551,15.686,31.765,0.781,1.582,ON,0,OFF,ON,ON,0.998,0.999,0.020,0.023,3.332,3.337,0,97,51199.219,13.515,24.706,OFF,OFF,OFF,OFF,OFF,OFF,OFF,Avail,Incmpl,Incmpl,Enable,Avail,403,207.600,403,207.600,ON,Avail,Compl,Enable,79,0,0,0,0,0,0,6,A,0,0,Avail,Incmpl,Incmpl,Enable,OFF,OFF,802,714,51199.219,51199.219,51199.219,51199.219,51199.219,51199.219,1GRFE ,33.725,Avail,Incmpl,Incmpl,Enable,7.996,OFF,OFF,OFF,OFF,ON,ON,Avail,Compl,Enable,Compl,CL,CL,Compl,Unable,Not Avl,Compl,Compl,Enable,OFF,80,15,263,ON,42.500,21.250,0.104,2385,15,21,-3,OFF,1.562,5.469,3.790,OFF,0,0,78,Avail,Compl,Enable,0,GRN2#  ,ON,0,ACTIVE,ACTIVE,0.962,0.942,0.625,0.545,102.777,89.484,Avail,Compl,Avail,Incmpl,Incmpl,Enable,OBD II (California ARB),OFF,OFF,29.279,0.183,0,1st,OFF,OFF,OFF,OFF,OFF,OFF,0,0.781,ON,OFF,650,0,OFF,OFF,OFF,ON,Gasoline,1.001,OFF,OFF,0.684,ON,0.938,14.902,16,0,0.742,0.742,2.305,0.742,0.918,2.031,46.275,0,14.902,33,0.027,0.070,OFF,ECT 5th,NA,OFF,97.856,97.966,13.333,0,Not Avl,0,0,0,0,ON,ON,0,0,1
346,0,13.768,Not Avl,Compl,Compl,Unable,OFF,Not Avl,Compl,Compl,Unable,OFF,40.625,42.969,34.375,35.625,19.531,39.551,15.686,31.765,0.781,1.582,ON,0,OFF,ON,ON,1.000,0.994,0.027,0.023,3.347,3.337,0,97,51199.219,13.496,24.314,OFF,OFF,OFF,OFF,OFF,OFF,OFF,Avail,Incmpl,Incmpl,Enable,Avail,403,207.600,403,207.600,ON,Avail,Compl,Enable,79,0,0,0,0,0,0,6,A,0,0,Avail,Incmpl,Incmpl,Enable,OFF,OFF,802,717,51199.219,51199.219,51199.219,51199.219,51199.219,51199.219,1GRFE ,33.725,Avail,Incmpl,Incmpl,Enable,7.996,OFF,OFF,OFF,OFF,ON,ON,Avail,Compl,Enable,Compl,CL,CL,Compl,Unable,Not Avl,Compl,Compl,Enable,OFF,80,15,279,ON,42.500,21.250,0.104,2363,15,21,-3,OFF,1.562,5.469,3.820,OFF,0,0,78,Avail,Compl,Enable,0,GRN2#  ,ON,0,ACTIVE,ACTIVE,0.962,0.942,0.625,0.545,103.426,89.809,Avail,Compl,Avail,Incmpl,Incmpl,Enable,OBD II (California ARB),OFF,OFF,29.395,0.183,0,1st,OFF,OFF,OFF,OFF,OFF,OFF,0,0.781,ON,OFF,650,0,OFF,OFF,OFF,ON,Gasoline,1.002,OFF,OFF,0.684,ON,0.938,14.902,16,0,0.742,0.742,2.305,0.742,0.918,2.031,46.275,0,14.902,33,0.027,0.070,OFF,ECT 5th,NA,OFF,97.812,97.702,13.333,0,Not Avl,0,0,0,0,ON,ON,0,0,1
347,0,13.767,Not Avl,Compl,Compl,Unable,OFF,Not Avl,Compl,Compl,Unable,OFF,40.625,40.625,34.375,35.625,19.531,39.551,15.686,31.765,0.781,1.582,ON,0,OFF,ON,ON,0.996,0.998,0.031,0.035,3.322,3.337,0,97,51199.219,13.496,24.314,OFF,OFF,OFF,OFF,OFF,OFF,OFF,Avail,Incmpl,Incmpl,Enable,Avail,402.800,207.600,402.800,207.600,ON,Avail,Compl,Enable,79,0,0,0,0,0,0,6,A,0,0,Avail,Incmpl,Incmpl,Enable,OFF,OFF,803,708.500,51199.219,51199.219,51199.219,51199.219,51199.219,51199.219,1GRFE ,32.941,Avail,Incmpl,Incmpl,Enable,7.996,OFF,OFF,OFF,OFF,ON,ON,Avail,Compl,Enable,Compl,CL,CL,Compl,Unable,Not Avl,Compl,Compl,Enable,OFF,80,15,296,ON,42.500,21.250,0.104,2374,15,21,-3,OFF,1.562,5.469,3.820,OFF,0,0,76,Avail,Compl,Enable,0,GRN2#  ,ON,0,ACTIVE,ACTIVE,0.962,0.942,0.625,0.545,104.074,89.484,Avail,Compl,Avail,Incmpl,Incmpl,Enable,OBD II (California ARB),OFF,OFF,29.150,0.183,0,1st,OFF,OFF,OFF,OFF,OFF,OFF,0,1.562,ON,OFF,650,0,OFF,OFF,OFF,ON,Gasoline,1.001,OFF,OFF,0.684,ON,0.938,14.902,16,0,0.742,0.742,2.305,0.742,0.918,2.031,46.275,0,14.902,33,0.027,0.070,OFF,ECT 5th,NA,OFF,97.856,97.966,13.333,0,Not Avl,0,0,0,0,ON,ON,0,0,1
348,0,13.754,Not Avl,Compl,Compl,Unable,OFF,Not Avl,Compl,Compl,Unable,OFF,40.625,40.625,34.375,35.625,19.531,39.551,15.686,31.765,0.781,1.582,ON,0,OFF,ON,ON,0.995,0.996,0.012,0.016,3.318,3.327,0,97,51199.219,13.496,24.314,OFF,OFF,OFF,OFF,OFF,OFF,OFF,Avail,Incmpl,Incmpl,Enable,Avail,402.800,207.600,402.800,207.600,ON,Avail,Compl,Enable,79,0,0,0,0,0,0,6,A,0,0,Avail,Incmpl,Incmpl,Enable,OFF,OFF,803,708.500,51199.219,51199.219,51199.219,51199.219,51199.219,51199.219,1GRFE ,33.333,Avail,Incmpl,Incmpl,Enable,7.996,OFF,OFF,OFF,OFF,ON,ON,Avail,Compl,Enable,Compl,CL,CL,Compl,Unable,Not Avl,Compl,Compl,Enable,OFF,80,15,310,ON,42.500,21.250,0.104,2367,15,21,-3,OFF,1.562,5.469,3.790,OFF,0,0,76,Avail,Compl,Enable,0,GRN2#  ,ON,0,ACTIVE,ACTIVE,0.962,0.942,0.625,0.545,103.102,89.809,Avail,Compl,Avail,Incmpl,Incmpl,Enable,OBD II (California ARB),OFF,OFF,28.668,0.183,0,1st,OFF,OFF,OFF,OFF,OFF,OFF,0,0.781,ON,OFF,650,0,OFF,OFF,OFF,ON,Gasoline,1.001,OFF,OFF,0.684,ON,0.938,14.902,16,0,0.742,0.742,2.305,0.742,0.918,2.031,46.275,0,14.902,33,0.023,0.070,OFF,ECT 5th,NA,OFF,97.856,97.900,13.333,0,Not Avl,0,0,0,0,ON,ON,0,0,1
349,0,13.750,Not Avl,Compl,Compl,Unable,OFF,Not Avl,Compl,Compl,Unable,OFF,53.125,40.625,34.375,35.625,19.531,39.551,15.686,31.765,0.781,1.582,ON,0,OFF,ON,ON,0.999,0.997,0.027,0.020,3.347,3.332,0,97,51199.219,13.496,24.314,OFF,OFF,OFF,OFF,OFF,OFF,OFF,Avail,Incmpl,Incmpl,Enable,Avail,402.800,207.600,402.800,207.600,ON,Avail,Compl,Enable,79,0,0,0,0,0,0,6,A,0,0,Avail,Incmpl,Incmpl,Enable,OFF,OFF,804,710,51199.219,51199.219,51199.219,51199.219,51199.219,51199.219,1GRFE ,33.333,Avail,Incmpl,Incmpl,Enable,7.996,OFF,OFF,OFF,OFF,ON,ON,Avail,Compl,Enable,Compl,CL,CL,Compl,Unable,Not Avl,Compl,Compl,Enable,OFF,80,15,326,ON,42.500,21.250,0.104,2381,15,21,-3,OFF,1.562,5.469,3.730,OFF,0,0,76,Avail,Compl,Enable,0,GRN2#  ,ON,0,ACTIVE,ACTIVE,0.957,0.942,0.625,0.545,103.102,89.160,Avail,Compl,Avail,Incmpl,Incmpl,Enable,OBD II (California ARB),OFF,OFF,29.034,0.183,0,1st,OFF,OFF,OFF,OFF,OFF,OFF,0,0.781,ON,OFF,650,0,OFF,OFF,OFF,ON,Gasoline,1.003,OFF,OFF,0.684,ON,0.938,14.902,16,0,0.742,0.742,2.305,0.742,0.918,2.031,46.275,0,14.902,33,0.023,0.070,OFF,ECT 5th,NA,OFF,97.834,97.878,12.941,0,Not Avl,0,0,0,0,ON,ON,0,0,1
350,0,13.768,Not Avl,Compl,Compl,Unable,OFF,Not Avl,Compl,Compl,Unable,OFF,59.375,44.531,34.375,35.625,19.531,39.551,15.686,31.765,0.781,1.582,ON,0,OFF,ON,ON,1.001,0.999,0.023,0.023,3.352,3.342,0,97,51199.219,13.496,24.314,OFF,OFF,OFF,OFF,OFF,OFF,OFF,Avail,Incmpl,Incmpl,Enable,Avail,402.600,207.600,402.600,207.600,ON,Avail,Compl,Enable,79,0,0,0,0,0,0,6,A,0,0,Avail,Incmpl,Incmpl,Enable,OFF,OFF,804,710.750,51199.219,51199.219,51199.219,51199.219,51199.219,51199.219,1GRFE ,33.333,Avail,Incmpl,Incmpl,Enable,7.996,OFF,OFF,OFF,OFF,ON,ON,Avail,Compl,Enable,Compl,CL,CL,Compl,Unable,Not Avl,Compl,Compl,Enable,OFF,80,15,342,ON,42.500,21.250,0.104,2381,15,21,-3,OFF,1.562,5.469,3.810,OFF,0,0,85,Avail,Compl,Enable,0,GRN2#  ,ON,0,ACTIVE,ACTIVE,0.962,0.942,0.640,0.545,103.102,89.160,Avail,Compl,Avail,Incmpl,Incmpl,Enable,OBD II (California ARB),OFF,OFF,29.034,0.183,0,1st,OFF,OFF,OFF,OFF,OFF,OFF,0,0.781,ON,OFF,650,0,OFF,OFF,OFF,ON,Gasoline,1.002,OFF,OFF,0.684,ON,0.938,14.902,16,0,0.742,0.742,2.305,0.742,0.918,2.031,46.275,0,14.902,33,0.023,0.070,OFF,ECT 5th,NA,OFF,97.856,97.878,13.333,0,Not Avl,0,0,0,0,ON,ON,0,0,1
351,0,13.768,Not Avl,Compl,Compl,Unable,OFF,Not Avl,Compl,Compl,Unable,OFF,60.938,51.562,34.375,35.625,19.531,39.551,15.686,31.765,0.781,1.582,ON,0,OFF,ON,ON,0.998,0.998,0.020,0.023,3.332,3.337,0,97,51199.219,13.496,24.314,OFF,OFF,OFF,OFF,OFF,OFF,OFF,Avail,Incmpl,Incmpl,Enable,Avail,402.600,207.600,402.600,207.600,ON,Avail,Compl,Enable,79,0,0,0,0,0,0,6,A,0,0,Avail,Incmpl,Incmpl,Enable,OFF,OFF,804,714.750,51199.219,51199.219,51199.219,51199.219,51199.219,51199.219,1GRFE ,33.333,Avail,Incmpl,Incmpl,Enable,7.996,OFF,OFF,OFF,OFF,ON,ON,Avail,Compl,Enable,Compl,CL,CL,Compl,Unable,Not Avl,Compl,Compl,Enable,OFF,80,15,355,ON,42.500,21.250,0.104,2374,16,21,-3,OFF,1.562,5.469,3.730,OFF,0,0,85,Avail,Compl,Enable,0,GRN2#  ,ON,0,ACTIVE,ACTIVE,0.962,0.942,0.640,0.565,102.777,89.160,Avail,Compl,Avail,Incmpl,Incmpl,Enable,OBD II (California ARB),OFF,OFF,29.395,0.183,0,1st,OFF,OFF,OFF,OFF,OFF,OFF,0,0.781,ON,OFF,650,0,OFF,OFF,OFF,ON,Gasoline,1.002,OFF,OFF,0.684,ON,0.938,14.902,16,0,0.742,0.742,2.305,0.742,0.918,2.031,46.275,0,14.902,33,0.023,0.070,OFF,ECT 5th,NA,OFF,97.856,97.966,12.941,0,Not Avl,0,0,0,0,ON,ON,0,0,1
352,0,13.767,Not Avl,Compl,Compl,Unable,OFF,Not Avl,Compl,Compl,Unable,OFF,60.938,53.906,34.375,35.625,19.531,39.551,15.686,31.765,0.781,1.582,ON,0,OFF,ON,ON,0.999,0.998,0.023,0.023,3.342,3.337,0,97,51199.219,13.496,24.314,OFF,OFF,OFF,OFF,OFF,OFF,OFF,Avail,Incmpl,Incmpl,Enable,Avail,402.500,207.600,402.500,207.600,ON,Avail,Compl,Enable,79,0,0,0,0,0,0,6,A,0,0,Avail,Incmpl,Incmpl,Enable,OFF,OFF,805,710,51199.219,51199.219,51199.219,51199.219,51199.219,51199.219,1GRFE ,33.333,Avail,Incmpl,Incmpl,Enable,7.996,OFF,OFF,OFF,OFF,ON,ON,Avail,Compl,Enable,Compl,CL,CL,Compl,Unable,Not Avl,Compl,Compl,Enable,OFF,80,15,373,ON,42.500,21.250,0.104,2381,15,21,-3,OFF,1.562,5.469,3.780,OFF,0,0,77,Avail,Compl,Enable,0,GRN2#  ,ON,0,ACTIVE,ACTIVE,0.962,0.942,0.640,0.565,102.777,89.484,Avail,Compl,Avail,Incmpl,Incmpl,Enable,OBD II (California ARB),OFF,OFF,29.150,0.183,0,1st,OFF,OFF,OFF,OFF,OFF,OFF,0,0.781,ON,OFF,650,0,OFF,OFF,OFF,ON,Gasoline,1.002,OFF,OFF,0.684,ON,0.938,14.902,16,0,0.742,0.742,2.305,0.742,0.918,2.031,46.275,0,14.902,33,0.023,0.070,OFF,ECT 5th,NA,OFF,97.834,97.922,13.333,0,Not Avl,0,0,0,0,ON,ON,0,0,1
353,0,13.768,Not Avl,Compl,Compl,Unable,OFF,Not Avl,Compl,Compl,Unable,OFF,46.094,59.375,34.375,35.625,19.531,39.551,15.686,31.765,0.781,1.582,ON,0,OFF,ON,ON,0.999,0.997,0.023,0.020,3.342,3.332,0,97,51199.219,13.496,24.314,OFF,OFF,OFF,OFF,OFF,OFF,OFF,Avail,Incmpl,Incmpl,Enable,Avail,402.500,207.600,402.500,207.600,ON,Avail,Compl,Enable,79,0,0,0,0,0,0,6,A,0,0,Avail,Incmpl,Incmpl,Enable,OFF,OFF,805,714,51199.219,51199.219,51199.219,51199.219,51199.219,51199.219,1GRFE ,33.725,Avail,Incmpl,Incmpl,Enable,7.996,OFF,OFF,OFF,OFF,ON,ON,Avail,Compl,Enable,Compl,CL,CL,Compl,Unable,Not Avl,Compl,Compl,Enable,OFF,80,15,388,ON,42.500,21.250,0.104,2377,15,21,-3,OFF,1.562,5.469,3.730,OFF,0,0,77,Avail,Compl,Enable,0,GRN2#  ,ON,0,ACTIVE,ACTIVE,0.962,0.942,0.640,0.565,103.426,89.160,Avail,Compl,Avail,Incmpl,Incmpl,Enable,OBD II (California ARB),OFF,OFF,29.150,0.183,0,1st,OFF,OFF,OFF,OFF,OFF,OFF,0,0.781,ON,OFF,650,0,OFF,OFF,OFF,ON,Gasoline,1.001,OFF,OFF,0.684,ON,0.938,14.902,16,0,0.742,0.742,2.305,0.742,0.918,2.031,46.275,0,14.902,33,0.023,0.070,OFF,ECT 5th,NA,OFF,97.856,97.966,12.941,0,Not Avl,0,0,0,0,ON,ON,0,0,1
354,0,13.761,Not Avl,Compl,Compl,Unable,OFF,Not Avl,Compl,Compl,Unable,OFF,42.188,52.344,34.375,35.625,19.531,39.551,15.686,31.765,0.781,1.582,ON,0,OFF,ON,ON,0.997,0.998,0.020,0.023,3.332,3.337,0,97,51199.219,13.496,24.314,OFF,OFF,OFF,OFF,OFF,OFF,OFF,Avail,Incmpl,Incmpl,Enable,Avail,402.500,207.600,402.500,207.600,ON,Avail,Compl,Enable,79,0,0,0,0,0,0,6,A,0,0,Avail,Incmpl,Incmpl,Enable,OFF,OFF,806,720.250,51199.219,51199.219,51199.219,51199.219,51199.219,51199.219,1GRFE ,33.725,Avail,Incmpl,Incmpl,Enable,7.996,OFF,OFF,OFF,OFF,ON,ON,Avail,Compl,Enable,Compl,CL,CL,Compl,Unable,Not Avl,Compl,Compl,Enable,OFF,80,15,405,ON,42.500,21.250,0.104,2352,16,21,-3,OFF,1.562,5.469,3.780,OFF,0,0,77,Avail,Compl,Enable,0,GRN2#  ,ON,0,ACTIVE,ACTIVE,0.957,0.942,0.640,0.565,103.102,89.484,Avail,Compl,Avail,Incmpl,Incmpl,Enable,OBD II (California ARB),OFF,OFF,29.395,0.183,0,1st,OFF,OFF,OFF,OFF,OFF,OFF,0,0.781,ON,OFF,700,0,OFF,OFF,OFF,ON,Gasoline,1.002,OFF,OFF,0.684,ON,0.938,14.902,16,0,0.742,0.742,2.305,0.742,0.918,2.031,46.275,0,14.902,33,0.023,0.070,OFF,ECT 5th,NA,OFF,97.812,97.768,12.941,0,Not Avl,0,0,0,0,ON,ON,0,0,1
355,0,13.761,Not Avl,Compl,Compl,Unable,OFF,Not Avl,Compl,Compl,Unable,OFF,40.625,45.312,34.375,35.625,19.531,39.551,15.686,31.765,0.781,1.582,ON,0,OFF,ON,ON,0.996,0.999,0.012,0.023,3.322,3.342,0,97,51199.219,13.515,24.314,OFF,OFF,OFF,OFF,OFF,OFF,OFF,Avail,Incmpl,Incmpl,Enable,Avail,402.300,207.600,402.300,207.600,ON,Avail,Compl,Enable,79,0,0,0,0,0,0,6,A,0,0,Avail,Incmpl,Incmpl,Enable,OFF,OFF,806,721.750,51199.219,51199.219,51199.219,51199.219,51199.219,51199.219,1GRFE ,33.333,Avail,Incmpl,Incmpl,Enable,7.996,OFF,OFF,OFF,OFF,ON,ON,Avail,Compl,Enable,Compl,CL,CL,Compl,Unable,Not Avl,Compl,Compl,Enable,OFF,80,15,419,ON,42.500,21.250,0.104,2352,15,21,-3,OFF,1.562,5.469,3.760,OFF,0,0,85,Avail,Compl,Enable,0,GRN2#  ,ON,0,ACTIVE,ACTIVE,0.962,0.942,0.640,0.565,103.102,89.484,Avail,Compl,Avail,Incmpl,Incmpl,Enable,OBD II (California ARB),OFF,OFF,29.150,0.183,0,1st,OFF,OFF,OFF,OFF,OFF,OFF,0,0.781,ON,OFF,700,0,OFF,OFF,OFF,ON,Gasoline,1.002,OFF,OFF,0.684,ON,0.938,14.902,16,0,0.742,0.742,2.305,0.742,0.918,2.031,46.275,0,14.902,33,0.023,0.070,OFF,ECT 5th,NA,OFF,97.856,97.966,12.941,0,Not Avl,0,0,0,0,ON,ON,0,0,1
356,0,13.759,Not Avl,Compl,Compl,Unable,OFF,Not Avl,Compl,Compl,Unable,OFF,40.625,41.406,34.375,35.625,19.531,39.551,15.686,31.765,0.781,1.582,ON,0,OFF,ON,ON,0.996,1.000,0.012,0.031,3.322,3.352,0,97,51199.219,13.496,24.314,OFF,OFF,OFF,OFF,OFF,OFF,OFF,Avail,Incmpl,Incmpl,Enable,Avail,402.300,207.600,402.300,207.600,ON,Avail,Compl,Enable,79,0,0,0,0,0,0,6,A,0,0,Avail,Incmpl,Incmpl,Enable,OFF,OFF,807,708.500,51199.219,51199.219,51199.219,51199.219,51199.219,51199.219,1GRFE ,33.333,Avail,Incmpl,Incmpl,Enable,7.996,OFF,OFF,OFF,OFF,ON,ON,Avail,Compl,Enable,Compl,CL,CL,Compl,Unable,Not Avl,Compl,Compl,Enable,OFF,80,15,435,ON,42.500,21.250,0.104,2356,15,21,-3,OFF,1.562,5.469,3.790,OFF,0,0,85,Avail,Compl,Enable,0,GRN2#  ,ON,0,ACTIVE,ACTIVE,0.957,0.942,0.640,0.565,103.102,89.484,Avail,Compl,Avail,Incmpl,Incmpl,Enable,OBD II (California ARB),OFF,OFF,29.034,0.183,0,1st,OFF,OFF,OFF,OFF,OFF,OFF,0,0.781,ON,OFF,650,0,OFF,OFF,OFF,ON,Gasoline,1.003,OFF,OFF,0.684,ON,0.938,14.902,16,0,0.742,0.742,2.305,0.742,0.918,2.031,46.275,0,14.902,33,0.023,0.070,OFF,ECT 5th,NA,OFF,97.834,97.834,13.333,0,Not Avl,0,0,0,0,ON,ON,0,0,1
357,0,13.751,Not Avl,Compl,Compl,Unable,OFF,Not Avl,Compl,Compl,Unable,OFF,40.625,40.625,34.375,35.625,19.531,39.551,15.686,31.765,0.781,1.582,ON,0,OFF,ON,ON,0.997,1.000,0.020,0.027,3.332,3.347,0,97,51199.219,13.496,24.314,OFF,OFF,OFF,OFF,OFF,OFF,OFF,Avail,Incmpl,Incmpl,Enable,Avail,402.200,207.600,402.200,207.600,ON,Avail,Compl,Enable,79,0,0,0,0,0,0,6,A,0,0,Avail,Incmpl,Incmpl,Enable,OFF,OFF,807,709.250,51199.219,51199.219,51199.219,51199.219,51199.219,51199.219,1GRFE ,33.333,Avail,Incmpl,Incmpl,Enable,7.996,OFF,OFF,OFF,OFF,ON,ON,Avail,Compl,Enable,Compl,CL,CL,Compl,Unable,Not Avl,Compl,Compl,Enable,OFF,80,15,449,ON,42.500,21.250,0.104,2359,16,21,-3,OFF,1.562,5.469,3.780,OFF,0,0,69,Avail,Compl,Enable,0,GRN2#  ,ON,0,ACTIVE,ACTIVE,0.957,0.942,0.640,0.565,103.102,89.484,Avail,Compl,Avail,Incmpl,Incmpl,Enable,OBD II (California ARB),OFF,OFF,29.150,0.183,0,1st,OFF,OFF,OFF,OFF,OFF,OFF,0,0.781,ON,OFF,650,0,OFF,OFF,OFF,ON,Gasoline,1.005,OFF,OFF,0.684,ON,0.938,14.902,16,0,0.742,0.742,2.305,0.742,0.918,2.031,46.275,0,14.902,33,0.023,0.070,OFF,ECT 5th,NA,OFF,97.834,97.900,13.333,0,Not Avl,0,0,0,0,ON,ON,0,0,1
358,0,13.767,Not Avl,Compl,Compl,Unable,OFF,Not Avl,Compl,Compl,Unable,OFF,40.625,40.625,34.375,35.625,19.531,39.551,15.686,31.765,0.781,1.582,ON,0,OFF,ON,ON,0.999,1.002,0.023,0.039,3.342,3.366,0,97,51199.219,13.496,24.314,OFF,OFF,OFF,OFF,OFF,OFF,OFF,Avail,Incmpl,Incmpl,Enable,Avail,402.200,207.600,402.200,207.600,ON,Avail,Compl,Enable,79,0,0,0,0,0,0,6,A,0,0,Avail,Incmpl,Incmpl,Enable,OFF,OFF,807,707.750,51199.219,51199.219,51199.219,51199.219,51199.219,51199.219,1GRFE ,33.333,Avail,Incmpl,Incmpl,Enable,7.996,OFF,OFF,OFF,OFF,ON,ON,Avail,Compl,Enable,Compl,CL,CL,Compl,Unable,Not Avl,Compl,Compl,Enable,OFF,80,15,465,ON,42.500,21.250,0.103,2367,15,21,-3,OFF,1.562,5.469,3.790,OFF,0,0,69,Avail,Compl,Enable,0,GRN2#  ,ON,0,ACTIVE,ACTIVE,0.957,0.942,0.640,0.545,103.102,89.484,Avail,Compl,Avail,Incmpl,Incmpl,Enable,OBD II (California ARB),OFF,OFF,29.279,0.183,0,1st,OFF,OFF,OFF,OFF,OFF,OFF,0,1.562,ON,OFF,650,0,OFF,OFF,OFF,ON,Gasoline,1.005,OFF,OFF,0.684,ON,0.938,14.902,16,0,0.742,0.742,2.305,0.742,0.918,2.031,46.275,0,14.902,33,0.023,0.070,OFF,ECT 5th,NA,OFF,97.856,97.944,13.333,0,Not Avl,0,0,0,0,ON,ON,0,0,1
359,0,13.768,Not Avl,Compl,Compl,Unable,OFF,Not Avl,Compl,Compl,Unable,OFF,55.469,40.625,34.375,35.625,19.531,39.551,15.686,31.765,0.781,1.582,ON,0,OFF,ON,ON,1.000,1.001,0.027,0.031,3.347,3.352,0,97,51199.219,13.496,24.314,OFF,OFF,OFF,OFF,OFF,OFF,OFF,Avail,Incmpl,Incmpl,Enable,Avail,402,207.600,402,207.600,ON,Avail,Compl,Enable,79,0,0,0,0,0,0,6,A,0,0,Avail,Incmpl,Incmpl,Enable,OFF,OFF,808,714.750,51199.219,51199.219,51199.219,51199.219,51199.219,51199.219,1GRFE ,33.333,Avail,Incmpl,Incmpl,Enable,7.996,OFF,OFF,OFF,OFF,ON,ON,Avail,Compl,Enable,Compl,CL,CL,Compl,Unable,Not Avl,Compl,Compl,Enable,OFF,80,15,482,ON,42.500,21.250,0.103,2378,16,21,-3,OFF,1.562,5.469,3.780,OFF,0,0,79,Avail,Compl,Enable,0,GRN2#  ,ON,0,ACTIVE,ACTIVE,0.957,0.938,0.660,0.525,103.426,89.484,Avail,Compl,Avail,Incmpl,Incmpl,Enable,OBD II (California ARB),OFF,OFF,29.279,0.183,0,1st,OFF,OFF,OFF,OFF,OFF,OFF,0,1.562,ON,OFF,650,0,OFF,OFF,OFF,ON,Gasoline,1.004,OFF,OFF,0.684,ON,0.938,14.902,16,0,0.742,0.742,2.305,0.742,0.918,2.031,46.275,0,14.902,33,0.023,0.070,OFF,ECT 5th,NA,OFF,97.834,97.702,13.333,0,Not Avl,0,0,0,0,ON,ON,0,0,1
360,0,13.767,Not Avl,Compl,Compl,Unable,OFF,Not Avl,Compl,Compl,Unable,OFF,59.375,40.625,34.375,35.625,19.531,39.551,15.686,31.765,0.781,1.582,ON,0,OFF,ON,ON,0.999,1.001,0.023,0.031,3.337,3.352,0,97,51199.219,13.496,24.314,OFF,OFF,OFF,OFF,OFF,OFF,OFF,Avail,Incmpl,Incmpl,Enable,Avail,402,207.600,402,207.600,ON,Avail,Compl,Enable,79,0,0,0,0,0,0,6,A,0,0,Avail,Incmpl,Incmpl,Enable,OFF,OFF,808,718.750,51199.219,51199.219,51199.219,51199.219,51199.219,51199.219,1GRFE ,33.333,Avail,Incmpl,Incmpl,Enable,7.996,OFF,OFF,OFF,OFF,ON,ON,Avail,Compl,Enable,Compl,CL,CL,Compl,Unable,Not Avl,Compl,Compl,Enable,OFF,80,15,499,ON,42.500,21.250,0.103,2355,15,21,-3,OFF,1.562,5.469,3.780,OFF,0,0,79,Avail,Compl,Enable,0,GRN2#  ,ON,0,ACTIVE,ACTIVE,0.962,0.942,0.660,0.505,103.102,89.484,Avail,Compl,Avail,Incmpl,Incmpl,Enable,OBD II (California ARB),OFF,OFF,29.150,0.183,0,1st,OFF,OFF,OFF,OFF,OFF,OFF,0,1.562,ON,OFF,650,0,OFF,OFF,OFF,ON,Gasoline,1.002,OFF,OFF,0.684,ON,0.938,14.902,16,0,0.742,0.742,2.305,0.742,0.918,2.031,46.275,0,14.902,33,0.023,0.070,OFF,ECT 5th,NA,OFF,97.834,97.746,12.941,0,Not Avl,0,0,0,0,ON,ON,0,0,1
361,0,13.759,Not Avl,Compl,Compl,Unable,OFF,Not Avl,Compl,Compl,Unable,OFF,60.938,40.625,34.375,35.625,19.531,39.551,15.686,31.765,0.781,1.582,ON,0,OFF,ON,ON,1.001,1.000,0.035,0.027,3.357,3.347,0,97,51199.219,13.496,24.314,OFF,OFF,OFF,OFF,OFF,OFF,OFF,Avail,Incmpl,Incmpl,Enable,Avail,402,207.600,402,207.600,ON,Avail,Compl,Enable,79,0,0,0,0,0,0,6,A,0,0,Avail,Incmpl,Incmpl,Enable,OFF,OFF,809,710,51199.219,51199.219,51199.219,51199.219,51199.219,51199.219,1GRFE ,33.333,Avail,Incmpl,Incmpl,Enable,7.996,OFF,OFF,OFF,OFF,ON,ON,Avail,Compl,Enable,Compl,CL,CL,Compl,Unable,Not Avl,Compl,Compl,Enable,OFF,80,15,514,ON,42.500,21.250,0.103,2370,15,21,-3,OFF,1.562,5.469,3.790,OFF,0,0,79,Avail,Compl,Enable,0,GRN2#  ,ON,0,ACTIVE,ACTIVE,0.957,0.942,0.660,0.505,103.102,89.809,Avail,Compl,Avail,Incmpl,Incmpl,Enable,OBD II (California ARB),OFF,OFF,29.034,0.183,0,1st,OFF,OFF,OFF,OFF,OFF,OFF,0,1.562,ON,OFF,650,0,OFF,OFF,OFF,ON,Gasoline,1.002,OFF,OFF,0.684,ON,0.938,14.902,16,0,0.742,0.742,2.305,0.742,0.918,2.031,46.275,0,14.902,33,0.023,0.070,OFF,ECT 5th,NA,OFF,97.812,97.702,13.333,0,Not Avl,0,0,0,0,ON,ON,0,0,1
362,0,13.750,Not Avl,Compl,Compl,Unable,OFF,Not Avl,Compl,Compl,Unable,OFF,60.938,55.469,34.375,35.625,19.531,39.551,15.686,31.765,0.781,1.582,ON,0,OFF,ON,ON,0.999,0.999,0.023,0.023,3.342,3.342,0,97,51199.219,13.515,24.314,OFF,OFF,OFF,OFF,OFF,OFF,OFF,Avail,Incmpl,Incmpl,Enable,Avail,401.900,207.600,401.900,207.600,ON,Avail,Compl,Enable,79,0,0,0,0,0,0,6,A,0,0,Avail,Incmpl,Incmpl,Enable,OFF,OFF,809,705.250,51199.219,51199.219,51199.219,51199.219,51199.219,51199.219,1GRFE ,33.333,Avail,Incmpl,Incmpl,Enable,7.996,OFF,OFF,OFF,OFF,ON,ON,Avail,Compl,Enable,Compl,CL,CL,Compl,Unable,Not Avl,Compl,Compl,Enable,OFF,80,15,529,ON,42.500,21.250,0.103,2374,15,21,-3,OFF,1.562,5.469,3.820,OFF,0,0,80,Avail,Compl,Enable,0,GRN2#  ,ON,0,ACTIVE,ACTIVE,0.957,0.942,0.660,0.505,104.074,89.484,Avail,Compl,Avail,Incmpl,Incmpl,Enable,OBD II (California ARB),OFF,OFF,28.912,0.183,0,1st,OFF,OFF,OFF,OFF,OFF,OFF,0,1.562,ON,OFF,650,0,OFF,OFF,OFF,ON,Gasoline,1.002,OFF,OFF,0.684,ON,0.938,14.902,16,0,0.742,0.742,2.305,0.742,0.918,2.031,46.275,0,14.902,33,0.023,0.070,OFF,ECT 5th,NA,OFF,97.856,97.966,13.725,0,Not Avl,0,0,0,0,ON,ON,0,0,1
363,0,13.767,Not Avl,Compl,Compl,Unable,OFF,Not Avl,Compl,Compl,Unable,OFF,48.438,59.375,34.375,35.625,19.531,39.551,15.686,31.765,0.781,1.582,ON,0,OFF,ON,ON,1.000,0.999,0.027,0.023,3.347,3.342,0,97,51199.219,13.515,24.314,OFF,OFF,OFF,OFF,OFF,OFF,OFF,Avail,Incmpl,Incmpl,Enable,Avail,401.900,207.600,401.900,207.600,ON,Avail,Compl,Enable,79,0,0,0,0,0,0,6,A,0,0,Avail,Incmpl,Incmpl,Enable,OFF,OFF,810,710.750,51199.219,51199.219,51199.219,51199.219,51199.219,51199.219,1GRFE ,33.333,Avail,Incmpl,Incmpl,Enable,7.996,OFF,OFF,OFF,OFF,ON,ON,Avail,Compl,Enable,Compl,CL,CL,Compl,Unable,Not Avl,Compl,Compl,Enable,OFF,80,15,544,ON,42.500,21.250,0.103,2370,15,21,-3,OFF,1.562,5.469,3.750,OFF,0,0,80,Avail,Compl,Enable,0,GRN2#  ,ON,0,ACTIVE,ACTIVE,0.957,0.942,0.660,0.505,102.777,89.484,Avail,Compl,Avail,Incmpl,Incmpl,Enable,OBD II (California ARB),OFF,OFF,29.279,0.183,0,1st,OFF,OFF,OFF,OFF,OFF,OFF,0,1.562,ON,OFF,650,0,OFF,OFF,OFF,ON,Gasoline,1.001,OFF,OFF,0.684,ON,0.938,14.902,16,0,0.742,0.742,2.305,0.742,0.918,2.031,46.275,0,14.902,33,0.023,0.070,OFF,ECT 5th,NA,OFF,97.856,97.900,13.333,0,Not Avl,0,0,0,0,ON,ON,0,0,1
364,0,13.768,Not Avl,Compl,Compl,Unable,OFF,Not Avl,Compl,Compl,Unable,OFF,42.969,60.938,34.375,35.625,19.531,39.551,15.686,31.765,0.781,1.582,ON,0,OFF,ON,ON,1.000,1.000,0.027,0.031,3.347,3.352,0,97,51199.219,13.496,24.314,OFF,OFF,OFF,OFF,OFF,OFF,OFF,Avail,Incmpl,Incmpl,Enable,Avail,401.700,207.600,401.700,207.600,ON,Avail,Compl,Enable,79,0,0,0,0,0,0,6,A,0,0,Avail,Incmpl,Incmpl,Enable,OFF,OFF,810,709.250,51199.219,51199.219,51199.219,51199.219,51199.219,51199.219,1GRFE ,33.725,Avail,Incmpl,Incmpl,Enable,7.996,OFF,OFF,OFF,OFF,ON,ON,Avail,Compl,Enable,Compl,CL,CL,Compl,Unable,Not Avl,Compl,Compl,Enable,OFF,80,15,559,ON,42.500,21.250,0.103,2381,15,21,-3,OFF,1.562,5.469,3.840,OFF,0,0,77,Avail,Compl,Enable,0,GRN2#  ,ON,0,ACTIVE,ACTIVE,0.957,0.938,0.660,0.485,103.102,89.484,Avail,Compl,Avail,Incmpl,Incmpl,Enable,OBD II (California ARB),OFF,OFF,29.279,0.183,0,1st,OFF,OFF,OFF,OFF,OFF,OFF,0.781,1.562,ON,OFF,650,0,OFF,OFF,OFF,ON,Gasoline,1.000,OFF,OFF,0.684,ON,0.938,14.902,16,0,0.742,0.742,2.305,0.742,0.918,2.031,46.275,0,14.902,33,0.023,0.070,OFF,ECT 5th,NA,OFF,97.834,97.746,13.725,0,Not Avl,0,0,0,0,ON,ON,0,0,1
365,0,13.768,Not Avl,Compl,Compl,Unable,OFF,Not Avl,Compl,Compl,Unable,OFF,40.625,51.562,34.375,35.625,19.531,39.551,15.686,31.765,0.781,1.582,ON,0,OFF,ON,ON,0.999,1.001,0.023,0.031,3.342,3.352,0,97,51199.219,13.496,24.314,OFF,OFF,OFF,OFF,OFF,OFF,OFF,Avail,Incmpl,Incmpl,Enable,Avail,401.700,207.600,401.700,207.600,ON,Avail,Compl,Enable,79,0,0,0,0,0,0,6,A,0,0,Avail,Incmpl,Incmpl,Enable,OFF,OFF,810,718.750,51199.219,51199.219,51199.219,51199.219,51199.219,51199.219,1GRFE ,33.333,Avail,Incmpl,Incmpl,Enable,7.996,OFF,OFF,OFF,OFF,ON,ON,Avail,Compl,Enable,Compl,CL,CL,Compl,Unable,Not Avl,Compl,Compl,Enable,OFF,80,15,573,ON,42.500,21.250,0.104,2374,16,21,-3,OFF,1.562,5.469,3.810,OFF,0,0,77,Avail,Compl,Enable,0,GRN2#  ,ON,0,ACTIVE,ACTIVE,0.957,0.938,0.680,0.485,103.426,89.484,Avail,Compl,Avail,Incmpl,Incmpl,Enable,OBD II (California ARB),OFF,OFF,29.517,0.183,0,1st,OFF,OFF,OFF,OFF,OFF,OFF,0.781,1.562,ON,OFF,700,0,OFF,OFF,OFF,ON,Gasoline,1.000,OFF,OFF,0.684,ON,0.938,14.902,16,0,0.742,0.742,2.305,0.742,0.918,2.031,46.275,0,14.902,33,0.027,0.074,OFF,ECT 5th,NA,OFF,97.834,97.922,13.333,0,Not Avl,0,0,0,0,ON,ON,0,0,1
366,0,13.768,Not Avl,Compl,Compl,Unable,OFF,Not Avl,Compl,Compl,Unable,OFF,40.625,44.531,34.375,35.625,19.531,39.551,15.686,31.765,0.781,1.582,ON,0,OFF,ON,ON,0.994,1.000,0.012,0.027,3.318,3.347,0,97,51199.219,13.515,24.314,OFF,OFF,OFF,OFF,OFF,OFF,OFF,Avail,Incmpl,Incmpl,Enable,Avail,401.700,207.600,401.700,207.600,ON,Avail,Compl,Enable,79,0,0,0,0,0,0,6,A,0,0,Avail,Incmpl,Incmpl,Enable,OFF,OFF,811,721,51199.219,51199.219,51199.219,51199.219,51199.219,51199.219,1GRFE ,33.333,Avail,Incmpl,Incmpl,Enable,7.996,OFF,OFF,OFF,OFF,ON,ON,Avail,Compl,Enable,Compl,CL,CL,Compl,Unable,Not Avl,Compl,Compl,Enable,OFF,80,15,587,ON,42.500,21.250,0.104,2367,16,21,-3,OFF,1.562,5.469,3.790,OFF,0,0,77,Avail,Compl,Enable,0,GRN2#  ,ON,0,ACTIVE,ACTIVE,0.962,0.942,0.680,0.465,103.426,90.133,Avail,Compl,Avail,Incmpl,Incmpl,Enable,OBD II (California ARB),OFF,OFF,29.517,0.183,0,1st,OFF,OFF,OFF,OFF,OFF,OFF,0,2.344,ON,OFF,700,0,OFF,OFF,OFF,ON,Gasoline,0.999,OFF,OFF,0.684,ON,0.938,14.902,16,0,0.742,0.742,2.305,0.742,0.918,2.031,46.275,0,14.902,33,0.027,0.074,OFF,ECT 5th,NA,OFF,97.856,97.966,13.333,0,Not Avl,0,0,0,0,ON,ON,0,0,1
367,0,13.768,Not Avl,Compl,Compl,Unable,OFF,Not Avl,Compl,Compl,Unable,OFF,40.625,41.406,34.375,35.625,19.531,39.551,15.686,31.765,0.781,1.582,ON,0,OFF,ON,ON,0.994,0.997,0.012,0.016,3.322,3.327,0,97,51199.219,13.515,24.314,OFF,OFF,OFF,OFF,OFF,OFF,OFF,Avail,Incmpl,Incmpl,Enable,Avail,401.600,207.600,401.600,207.600,ON,Avail,Compl,Enable,79,0,0,0,0,0,0,6,A,0,0,Avail,Incmpl,Incmpl,Enable,OFF,OFF,811,714,51199.219,51199.219,51199.219,51199.219,51199.219,51199.219,1GRFE ,33.333,Avail,Incmpl,Incmpl,Enable,7.996,OFF,OFF,OFF,OFF,ON,ON,Avail,Compl,Enable,Compl,CL,CL,Compl,Unable,Not Avl,Compl,Compl,Enable,OFF,80,15,2,ON,42.500,21.250,0.104,2363,16,21,-3,OFF,1.562,5.469,3.820,OFF,0,0,78,Avail,Compl,Enable,0,GRN2#  ,ON,0,ACTIVE,ACTIVE,0.957,0.942,0.680,0.465,103.750,89.809,Avail,Compl,Avail,Incmpl,Incmpl,Enable,OBD II (California ARB),OFF,OFF,28.912,0.183,0,1st,OFF,OFF,OFF,OFF,OFF,OFF,0,1.562,ON,OFF,650,0,OFF,OFF,OFF,ON,Gasoline,1.001,OFF,OFF,0.684,ON,0.938,14.902,16,0,0.742,0.742,2.305,0.742,0.918,2.031,46.275,0,14.902,33,0.027,0.074,OFF,ECT 5th,NA,OFF,97.856,97.900,13.333,0,Not Avl,0,0,0,0,ON,ON,0,0,1
368,0,13.759,Not Avl,Compl,Compl,Unable,OFF,Not Avl,Compl,Compl,Unable,OFF,40.625,40.625,34.375,35.625,19.531,39.551,15.686,31.765,0.781,1.582,ON,0,OFF,ON,ON,0.996,0.998,0.016,0.023,3.327,3.337,0,97,51199.219,13.496,24.314,OFF,OFF,OFF,OFF,OFF,OFF,OFF,Avail,Incmpl,Incmpl,Enable,Avail,401.600,207.600,401.600,207.600,ON,Avail,Compl,Enable,79,0,0,0,0,0,0,6,A,0,0,Avail,Incmpl,Incmpl,Enable,OFF,OFF,812,710.750,51199.219,51199.219,51199.219,51199.219,51199.219,51199.219,1GRFE ,33.333,Avail,Incmpl,Incmpl,Enable,7.996,OFF,OFF,OFF,OFF,ON,ON,Avail,Compl,Enable,Compl,CL,CL,Compl,Unable,Not Avl,Compl,Compl,Enable,OFF,80,15,19,ON,42.500,21.250,0.104,2359,15,21,-3,OFF,1.562,5.469,3.780,OFF,0,0,78,Avail,Compl,Enable,0,GRN2#  ,ON,0,ACTIVE,ACTIVE,0.962,0.942,0.680,0.485,103.426,89.160,Avail,Compl,Avail,Incmpl,Incmpl,Enable,OBD II (California ARB),OFF,OFF,29.034,0.183,0,1st,OFF,OFF,OFF,OFF,OFF,OFF,0,1.562,ON,OFF,650,0,OFF,OFF,OFF,ON,Gasoline,1.004,OFF,OFF,0.684,ON,0.938,14.902,16,0,0.742,0.742,2.305,0.742,0.918,2.031,46.275,0,14.902,33,0.023,0.074,OFF,ECT 5th,NA,OFF,97.834,97.878,13.333,0,Not Avl,0,0,0,0,ON,ON,0,0,1
369,0,13.751,Not Avl,Compl,Compl,Unable,OFF,Not Avl,Compl,Compl,Unable,OFF,46.094,40.625,34.375,35.625,19.531,39.551,15.686,31.765,0.781,1.582,ON,0,OFF,ON,ON,0.997,0.998,0.020,0.023,3.332,3.337,0,97,51199.219,13.496,24.314,OFF,OFF,OFF,OFF,OFF,OFF,OFF,Avail,Incmpl,Incmpl,Enable,Avail,401.500,207.600,401.500,207.600,ON,Avail,Compl,Enable,79,0,0,0,0,0,0,6,A,0,0,Avail,Incmpl,Incmpl,Enable,OFF,OFF,812,717.750,51199.219,51199.219,51199.219,51199.219,51199.219,51199.219,1GRFE ,33.725,Avail,Incmpl,Incmpl,Enable,7.996,OFF,OFF,OFF,OFF,ON,ON,Avail,Compl,Enable,Compl,CL,CL,Compl,Unable,Not Avl,Compl,Compl,Enable,OFF,80,15,34,ON,42.500,21.250,0.103,2370,15,21,-3,OFF,1.562,5.469,3.730,OFF,0,0,81,Avail,Compl,Enable,0,GRN2#  ,ON,0,ACTIVE,ACTIVE,0.957,0.938,0.680,0.485,103.750,89.484,Avail,Compl,Avail,Incmpl,Incmpl,Enable,OBD II (California ARB),OFF,OFF,29.395,0.183,0,1st,OFF,OFF,OFF,OFF,OFF,OFF,0,1.562,ON,OFF,650,0,OFF,OFF,OFF,ON,Gasoline,1.004,OFF,OFF,0.684,ON,0.938,14.902,16,0,0.742,0.742,2.305,0.742,0.918,2.031,46.275,0,14.902,33,0.023,0.074,OFF,ECT 5th,NA,OFF,97.834,97.922,12.941,0,Not Avl,0,0,0,0,ON,ON,0,0,1
370,0,13.768,Not Avl,Compl,Compl,Unable,OFF,Not Avl,Compl,Compl,Unable,OFF,55.469,40.625,34.375,35.625,19.531,39.551,15.686,31.765,0.781,1.582,ON,0,OFF,ON,ON,0.999,0.998,0.023,0.020,3.342,3.332,0,97,51199.219,13.496,24.314,OFF,OFF,OFF,OFF,OFF,OFF,OFF,Avail,Incmpl,Incmpl,Enable,Avail,401.500,207.600,401.500,207.600,ON,Avail,Compl,Enable,79,0,0,0,0,0,0,6,A,0,0,Avail,Incmpl,Incmpl,Enable,OFF,OFF,813,718.750,51199.219,51199.219,51199.219,51199.219,51199.219,51199.219,1GRFE ,33.333,Avail,Incmpl,Incmpl,Enable,7.996,OFF,OFF,OFF,OFF,ON,ON,Avail,Compl,Enable,Compl,CL,CL,Compl,Unable,Not Avl,Compl,Compl,Enable,OFF,80,15,50,ON,42.500,21.250,0.103,2374,15,21,-3,OFF,1.562,5.469,3.780,OFF,0,0,81,Avail,Compl,Enable,0,GRN2#  ,ON,0,ACTIVE,ACTIVE,0.962,0.942,0.680,0.485,103.426,89.484,Avail,Compl,Avail,Incmpl,Incmpl,Enable,OBD II (California ARB),OFF,OFF,29.279,0.183,0,1st,OFF,OFF,OFF,OFF,OFF,OFF,0,1.562,ON,OFF,650,0,OFF,OFF,OFF,ON,Gasoline,1.005,OFF,OFF,0.684,ON,0.938,14.902,16,0,0.742,0.742,2.305,0.742,0.918,2.031,46.275,0,14.902,33,0.023,0.074,OFF,ECT 5th,NA,OFF,97.812,97.702,12.941,0,Not Avl,0,0,0,0,ON,ON,0,0,1
371,0,13.759,Not Avl,Compl,Compl,Unable,OFF,Not Avl,Compl,Compl,Unable,OFF,60.156,40.625,34.375,35.625,19.531,39.551,15.686,31.765,0.781,1.582,ON,0,OFF,ON,ON,0.997,0.996,0.020,0.016,3.332,3.327,0,97,51199.219,13.496,24.314,OFF,OFF,OFF,OFF,OFF,OFF,OFF,Avail,Incmpl,Incmpl,Enable,Avail,401.500,207.600,401.500,207.600,ON,Avail,Compl,Enable,79,0,0,0,0,0,0,6,A,0,0,Avail,Incmpl,Incmpl,Enable,OFF,OFF,813,710.750,51199.219,51199.219,51199.219,51199.219,51199.219,51199.219,1GRFE ,32.941,Avail,Incmpl,Incmpl,Enable,7.996,OFF,OFF,OFF,OFF,ON,ON,Avail,Compl,Enable,Compl,CL,CL,Compl,Unable,Not Avl,Compl,Compl,Enable,OFF,80,15,66,ON,42.500,21.250,0.103,2370,16,21,-3,OFF,1.562,5.469,3.730,OFF,0,0,81,Avail,Compl,Enable,0,GRN2#  ,ON,0,ACTIVE,ACTIVE,0.962,0.942,0.680,0.505,103.426,89.809,Avail,Compl,Avail,Incmpl,Incmpl,Enable,OBD II (California ARB),OFF,OFF,29.150,0.183,0,1st,OFF,OFF,OFF,OFF,OFF,OFF,0,1.562,ON,OFF,650,0,OFF,OFF,OFF,ON,Gasoline,1.005,OFF,OFF,0.684,ON,0.938,14.902,16,0,0.742,0.742,2.305,0.742,0.918,2.031,46.275,0,14.902,33,0.023,0.074,OFF,ECT 5th,NA,OFF,97.834,97.922,12.941,0,Not Avl,0,0,0,0,ON,ON,0,0,1
372,0,13.759,Not Avl,Compl,Compl,Unable,OFF,Not Avl,Compl,Compl,Unable,OFF,60.938,40.625,34.375,35.625,19.531,39.551,15.686,31.765,0.781,1.582,ON,0,OFF,ON,ON,0.998,0.997,0.023,0.020,3.337,3.332,0,97,51199.219,13.515,24.314,OFF,OFF,OFF,OFF,OFF,OFF,OFF,Avail,Incmpl,Incmpl,Enable,Avail,401.300,207.600,401.300,207.600,ON,Avail,Compl,Enable,79,0,0,0,0,0,0,6,A,0,0,Avail,Incmpl,Incmpl,Enable,OFF,OFF,813,709.250,51199.219,51199.219,51199.219,51199.219,51199.219,51199.219,1GRFE ,33.333,Avail,Incmpl,Incmpl,Enable,7.996,OFF,OFF,OFF,OFF,ON,ON,Avail,Compl,Enable,Compl,CL,CL,Compl,Unable,Not Avl,Compl,Compl,Enable,OFF,80,15,83,ON,42.500,21.250,0.103,2367,15,21,-3,OFF,1.562,5.469,3.820,OFF,0,0,83,Avail,Compl,Enable,0,GRN2#  ,ON,0,ACTIVE,ACTIVE,0.962,0.942,0.680,0.525,102.777,89.160,Avail,Compl,Avail,Incmpl,Incmpl,Enable,OBD II (California ARB),OFF,OFF,29.150,0.183,0,1st,OFF,OFF,OFF,OFF,OFF,OFF,0,0.781,ON,OFF,650,0,OFF,OFF,OFF,ON,Gasoline,1.005,OFF,OFF,0.684,ON,0.938,14.902,16,0,0.742,0.742,2.305,0.742,0.918,2.031,46.275,0,14.902,33,0.023,0.074,OFF,ECT 5th,NA,OFF,97.812,97.680,13.333,0,Not Avl,0,0,0,0,ON,ON,0,0,1
373,0,13.759,Not Avl,Compl,Compl,Unable,OFF,Not Avl,Compl,Compl,Unable,OFF,60.938,46.094,34.375,35.625,19.531,39.551,15.686,31.765,0.781,1.582,ON,0,OFF,ON,ON,1.000,0.997,0.031,0.020,3.352,3.332,0,97,51199.219,13.496,24.706,OFF,OFF,OFF,OFF,OFF,OFF,OFF,Avail,Incmpl,Incmpl,Enable,Avail,401.300,207.600,401.300,207.600,ON,Avail,Compl,Enable,79,0,0,0,0,0,0,6,A,0,0,Avail,Incmpl,Incmpl,Enable,OFF,OFF,814,710,51199.219,51199.219,51199.219,51199.219,51199.219,51199.219,1GRFE ,33.333,Avail,Incmpl,Incmpl,Enable,7.996,OFF,OFF,OFF,OFF,ON,ON,Avail,Compl,Enable,Compl,CL,CL,Compl,Unable,Not Avl,Compl,Compl,Enable,OFF,80,15,98,ON,42.500,21.250,0.103,2385,16,21,-3,OFF,1.562,5.469,3.820,OFF,0,0,83,Avail,Compl,Enable,0,GRN2#  ,ON,0,ACTIVE,ACTIVE,0.957,0.942,0.680,0.545,103.750,89.809,Avail,Compl,Avail,Incmpl,Incmpl,Enable,OBD II (California ARB),OFF,OFF,29.034,0.183,0,1st,OFF,OFF,OFF,OFF,OFF,OFF,0,0.781,ON,OFF,650,0,OFF,OFF,OFF,ON,Gasoline,1.005,OFF,OFF,0.684,ON,0.938,14.902,16,0,0.742,0.742,2.305,0.742,0.918,2.031,46.275,0,14.902,33,0.023,0.074,OFF,ECT 5th,NA,OFF,97.856,97.944,13.333,0,Not Avl,0,0,0,0,ON,ON,0,0,1
374,0,13.762,Not Avl,Compl,Compl,Unable,OFF,Not Avl,Compl,Compl,Unable,OFF,48.438,50,34.375,35.625,19.531,39.551,15.686,31.765,0.781,1.582,ON,0,OFF,ON,ON,0.998,0.998,0.023,0.023,3.342,3.342,0,97,51199.219,13.496,24.314,OFF,OFF,OFF,OFF,OFF,OFF,OFF,Avail,Incmpl,Incmpl,Enable,Avail,401.200,207.600,401.200,207.600,ON,Avail,Compl,Enable,79,0,0,0,0,0,0,6,A,0,0,Avail,Incmpl,Incmpl,Enable,OFF,OFF,814,713.250,51199.219,51199.219,51199.219,51199.219,51199.219,51199.219,1GRFE ,33.725,Avail,Incmpl,Incmpl,Enable,7.996,OFF,OFF,OFF,OFF,ON,ON,Avail,Compl,Enable,Compl,CL,CL,Compl,Unable,Not Avl,Compl,Compl,Enable,OFF,80,15,113,ON,42.500,21.250,0.103,2378,16,21,-3,OFF,1.562,5.469,3.840,OFF,0,0,75,Avail,Compl,Enable,0,GRN2#  ,ON,0,ACTIVE,ACTIVE,0.962,0.942,0.680,0.545,102.777,90.133,Avail,Compl,Avail,Incmpl,Incmpl,Enable,OBD II (California ARB),OFF,OFF,29.150,0.183,0,1st,OFF,OFF,OFF,OFF,OFF,OFF,0,1.562,ON,OFF,650,0,OFF,OFF,OFF,ON,Gasoline,1.004,OFF,OFF,0.684,ON,0.938,14.902,16,0,0.742,0.742,2.305,0.742,0.918,2.031,46.275,0,14.902,33,0.023,0.074,OFF,ECT 5th,NA,OFF,97.856,97.966,13.333,0,Not Avl,0,0,0,0,ON,ON,0,0,1
375,0,13.751,Not Avl,Compl,Compl,Unable,OFF,Not Avl,Compl,Compl,Unable,OFF,42.188,50,35,35.625,19.531,39.551,15.686,31.765,0.781,1.582,ON,0,OFF,ON,ON,0.999,0.997,0.027,0.020,3.347,3.332,0,97,51199.219,13.496,24.314,OFF,OFF,OFF,OFF,OFF,OFF,OFF,Avail,Incmpl,Incmpl,Enable,Avail,401.200,207.600,401.200,207.600,ON,Avail,Compl,Enable,79,0,0,0,0,0,0,6,A,0,0,Avail,Incmpl,Incmpl,Enable,OFF,OFF,815,711.500,51199.219,51199.219,51199.219,51199.219,51199.219,51199.219,1GRFE ,33.333,Avail,Incmpl,Incmpl,Enable,7.996,OFF,OFF,OFF,OFF,ON,ON,Avail,Compl,Enable,Compl,CL,CL,Compl,Unable,Not Avl,Compl,Compl,Enable,OFF,80,15,130,ON,42.500,21.250,0.103,2381,15,21,-3,OFF,1.562,5.469,3.760,OFF,0,0,75,Avail,Compl,Enable,0,GRN2#  ,ON,0,ACTIVE,ACTIVE,0.962,0.942,0.660,0.505,103.750,89.484,Avail,Compl,Avail,Incmpl,Incmpl,Enable,OBD II (California ARB),OFF,OFF,29.517,0.183,0,1st,OFF,OFF,OFF,OFF,OFF,OFF,0,0.781,ON,OFF,650,0,OFF,OFF,OFF,ON,Gasoline,1.004,OFF,OFF,0.684,ON,0.938,14.902,16,0,0.742,0.742,2.305,0.742,0.918,2.031,46.275,0,14.902,33,0.023,0.074,OFF,ECT 5th,NA,OFF,97.856,97.944,13.333,0,Not Avl,0,0,0,0,ON,ON,0,0,1
376,0,13.759,Not Avl,Compl,Compl,Unable,OFF,Not Avl,Compl,Compl,Unable,OFF,40.625,53.125,34.375,35.625,19.531,39.551,15.686,31.765,0.781,1.582,ON,0,OFF,ON,ON,0.998,0.996,0.023,0.016,3.337,3.327,0,97,51199.219,13.515,24.314,OFF,OFF,OFF,OFF,OFF,OFF,OFF,Avail,Incmpl,Incmpl,Enable,Avail,401.100,207.600,401.100,207.600,ON,Avail,Compl,Enable,79,0,0,0,0,0,0,6,A,0,0,Avail,Incmpl,Incmpl,Enable,OFF,OFF,815,717.750,51199.219,51199.219,51199.219,51199.219,51199.219,51199.219,1GRFE ,33.333,Avail,Incmpl,Incmpl,Enable,7.996,OFF,OFF,OFF,OFF,ON,ON,Avail,Compl,Enable,Compl,CL,CL,Compl,Unable,Not Avl,Compl,Compl,Enable,OFF,80,15,145,ON,42.500,21.250,0.103,2359,16,21,-3,OFF,1.562,5.469,3.810,OFF,0,0,78,Avail,Compl,Enable,0,GRN2#  ,ON,0,ACTIVE,ACTIVE,0.957,0.942,0.640,0.505,103.426,89.484,Avail,Compl,Avail,Incmpl,Incmpl,Enable,OBD II (California ARB),OFF,OFF,29.279,0.183,0,1st,OFF,OFF,OFF,OFF,OFF,OFF,0,0.781,ON,OFF,700,0,OFF,OFF,OFF,ON,Gasoline,1.004,OFF,OFF,0.684,ON,0.938,14.902,16,0,0.742,0.742,2.305,0.742,0.918,2.031,46.275,0,14.902,33,0.023,0.074,OFF,ECT 5th,NA,OFF,97.856,97.944,13.333,0,Not Avl,0,0,0,0,ON,ON,0,0,1
377,0,13.768,Not Avl,Compl,Compl,Unable,OFF,Not Avl,Compl,Compl,Unable,OFF,40.625,50,35,35.625,19.531,39.551,15.686,31.765,0.781,1.582,ON,0,OFF,ON,ON,0.996,0.997,0.016,0.023,3.327,3.337,0,97,51199.219,13.496,24.314,OFF,OFF,OFF,OFF,OFF,OFF,OFF,Avail,Incmpl,Incmpl,Enable,Avail,401.100,207.600,401.100,207.600,ON,Avail,Compl,Enable,79,0,0,0,0,0,0,6,A,0,0,Avail,Incmpl,Incmpl,Enable,OFF,OFF,816,726.500,51199.219,51199.219,51199.219,51199.219,51199.219,51199.219,1GRFE ,33.725,Avail,Incmpl,Incmpl,Enable,7.996,OFF,OFF,OFF,OFF,ON,ON,Avail,Compl,Enable,Compl,CL,CL,Compl,Unable,Not Avl,Compl,Compl,Enable,OFF,80,15,163,ON,42.500,21.250,0.104,2352,16,21,-3,OFF,1.562,5.469,3.780,OFF,0,0,78,Avail,Compl,Enable,0,GRN2#  ,ON,0,ACTIVE,ACTIVE,0.957,0.938,0.625,0.525,103.750,89.484,Avail,Compl,Avail,Incmpl,Incmpl,Enable,OBD II (California ARB),OFF,OFF,29.517,0.183,0,1st,OFF,OFF,OFF,OFF,OFF,OFF,0,0.781,ON,OFF,700,0,OFF,OFF,OFF,ON,Gasoline,1.003,OFF,OFF,0.684,ON,0.938,14.902,16,0,0.742,0.742,2.305,0.742,0.918,2.031,46.275,0,14.902,33,0.023,0.070,OFF,ECT 5th,NA,OFF,97.834,97.856,12.941,0,Not Avl,0,0,0,0,ON,ON,0,0,1
378,0,13.768,Not Avl,Compl,Compl,Unable,OFF,Not Avl,Compl,Compl,Unable,OFF,40.625,43.750,35,35.625,19.531,39.551,15.686,31.765,0.781,1.582,ON,0,OFF,ON,ON,0.995,0.996,0.012,0.020,3.318,3.332,0,97,51199.219,13.496,24.314,OFF,OFF,OFF,OFF,OFF,OFF,OFF,Avail,Incmpl,Incmpl,Enable,Avail,401.100,207.600,401.100,207.600,ON,Avail,Compl,Enable,79,0,0,0,0,0,0,6,A,0,0,Avail,Incmpl,Incmpl,Enable,OFF,OFF,816,721,51199.219,51199.219,51199.219,51199.219,51199.219,51199.219,1GRFE ,33.333,Avail,Incmpl,Incmpl,Enable,7.996,OFF,OFF,OFF,OFF,ON,ON,Avail,Compl,Enable,Compl,CL,CL,Compl,Unable,Not Avl,Compl,Compl,Enable,OFF,80,15,180,ON,42.500,21.250,0.104,2352,15,21,-3,OFF,1.562,5.469,3.780,OFF,0,0,78,Avail,Compl,Enable,0,GRN2#  ,ON,0,ACTIVE,ACTIVE,0.957,0.942,0.660,0.545,103.750,89.484,Avail,Compl,Avail,Incmpl,Incmpl,Enable,OBD II (California ARB),OFF,OFF,29.150,0.183,0,1st,OFF,OFF,OFF,OFF,OFF,OFF,0,0.781,ON,OFF,700,0,OFF,OFF,OFF,ON,Gasoline,1.004,OFF,OFF,0.684,ON,0.938,14.902,16,0,0.742,0.742,2.305,0.742,0.918,2.031,46.275,0,14.902,33,0.023,0.070,OFF,ECT 5th,NA,OFF,97.834,97.746,12.941,0,Not Avl,0,0,0,0,ON,ON,0,0,1
379,0,13.761,Not Avl,Compl,Compl,Unable,OFF,Not Avl,Compl,Compl,Unable,OFF,40.625,41.406,35,35.625,19.531,39.551,15.686,31.765,0.781,1.582,ON,0,OFF,ON,ON,0.999,0.997,0.027,0.023,3.347,3.337,0,97,51199.219,13.496,24.314,OFF,OFF,OFF,OFF,OFF,OFF,OFF,Avail,Incmpl,Incmpl,Enable,Avail,401,207.600,401,207.600,ON,Avail,Compl,Enable,79,0,0,0,0,0,0,6,A,0,0,Avail,Incmpl,Incmpl,Enable,OFF,OFF,817,715.500,51199.219,51199.219,51199.219,51199.219,51199.219,51199.219,1GRFE ,33.333,Avail,Incmpl,Incmpl,Enable,7.996,OFF,OFF,OFF,OFF,ON,ON,Avail,Compl,Enable,Compl,CL,CL,Compl,Unable,Not Avl,Compl,Compl,Enable,OFF,80,15,194,ON,42.500,21.250,0.104,2356,16,21,-3,OFF,1.562,5.469,3.780,OFF,0,0,85,Avail,Compl,Enable,0,GRN2#  ,ON,0,ACTIVE,ACTIVE,0.957,0.938,0.680,0.565,103.426,89.809,Avail,Compl,Avail,Incmpl,Incmpl,Enable,OBD II (California ARB),OFF,OFF,29.150,0.183,0,1st,OFF,OFF,OFF,OFF,OFF,OFF,0,0.781,ON,OFF,650,0,OFF,OFF,OFF,ON,Gasoline,1.007,OFF,OFF,0.684,ON,0.938,14.902,16,0,0.742,0.742,2.305,0.742,0.918,2.031,46.275,0,14.902,33,0.023,0.070,OFF,ECT 5th,NA,OFF,97.834,97.878,13.333,0,Not Avl,0,0,0,0,ON,ON,0,0,1
380,0,13.754,Not Avl,Compl,Compl,Unable,OFF,Not Avl,Compl,Compl,Unable,OFF,46.094,40.625,35,35.625,19.531,39.551,15.686,31.765,0.781,1.582,ON,0,OFF,ON,ON,0.998,1.001,0.023,0.035,3.342,3.357,0,97,51199.219,13.496,24.314,OFF,OFF,OFF,OFF,OFF,OFF,OFF,Avail,Incmpl,Incmpl,Enable,Avail,401,207.600,401,207.600,ON,Avail,Compl,Enable,79,0,0,0,0,0,0,6,A,0,0,Avail,Incmpl,Incmpl,Enable,OFF,OFF,817,708.500,51199.219,51199.219,51199.219,51199.219,51199.219,51199.219,1GRFE ,33.333,Avail,Incmpl,Incmpl,Enable,7.996,OFF,OFF,OFF,OFF,ON,ON,Avail,Compl,Enable,Compl,CL,CL,Compl,Unable,Not Avl,Compl,Compl,Enable,OFF,80,15,212,ON,42.500,21.250,0.103,2378,16,21,-3,OFF,1.562,5.469,3.780,OFF,0,0,85,Avail,Compl,Enable,0,GRN2#  ,ON,0,ACTIVE,ACTIVE,0.962,0.942,0.660,0.565,104.074,89.160,Avail,Compl,Avail,Incmpl,Incmpl,Enable,OBD II (California ARB),OFF,OFF,29.150,0.183,0,1st,OFF,OFF,OFF,OFF,OFF,OFF,0,0.781,ON,OFF,650,0,OFF,OFF,OFF,ON,Gasoline,1.007,OFF,OFF,0.684,ON,0.938,14.902,16,0,0.742,0.742,2.305,0.742,0.918,2.031,46.275,0,14.902,33,0.023,0.070,OFF,ECT 5th,NA,OFF,97.856,97.878,13.333,0,Not Avl,0,0,0,0,ON,ON,0,0,1
381,0,13.768,Not Avl,Compl,Compl,Unable,OFF,Not Avl,Compl,Compl,Unable,OFF,55.469,40.625,35,35.625,19.531,39.551,15.686,31.765,0.781,1.582,ON,0,OFF,ON,ON,1.003,0.999,0.051,0.039,3.361,3.342,0,97,51199.219,13.496,24.706,OFF,OFF,OFF,OFF,OFF,OFF,OFF,Avail,Incmpl,Incmpl,Enable,Avail,400.800,207.600,400.800,207.600,ON,Avail,Compl,Enable,79,0,0,0,0,0,0,6,A,0,0,Avail,Incmpl,Incmpl,Enable,OFF,OFF,817,714,51199.219,51199.219,51199.219,51199.219,51199.219,51199.219,1GRFE ,33.725,Avail,Incmpl,Incmpl,Enable,7.996,OFF,OFF,OFF,OFF,ON,ON,Avail,Compl,Enable,Compl,CL,CL,Compl,Unable,Not Avl,Compl,Compl,Enable,OFF,80,15,227,ON,42.500,21.250,0.103,2381,16,21,-3,OFF,1.562,5.469,3.750,OFF,0,0,75,Avail,Compl,Enable,0,GRN2#  ,ON,0,ACTIVE,ACTIVE,0.957,0.942,0.585,0.505,103.750,89.809,Avail,Compl,Avail,Incmpl,Incmpl,Enable,OBD II (California ARB),OFF,OFF,29.279,0.183,0,1st,OFF,OFF,OFF,OFF,OFF,OFF,0,0.781,ON,OFF,650,0,OFF,OFF,OFF,ON,Gasoline,1.004,OFF,OFF,0.684,ON,0.938,14.902,16,0,0.742,0.742,2.305,0.742,0.918,2.031,46.275,0,14.902,33,0.023,0.070,OFF,ECT 5th,NA,OFF,97.834,97.900,12.941,0,Not Avl,0,0,0,0,ON,ON,0,0,1
382,0,13.768,Not Avl,Compl,Compl,Unable,OFF,Not Avl,Compl,Compl,Unable,OFF,60.156,40.625,35,35.625,19.531,39.551,15.686,31.765,0.781,1.582,ON,0,OFF,ON,ON,1.009,0.998,0.027,0.020,3.347,3.332,0,97,51199.219,13.496,24.314,OFF,OFF,OFF,OFF,OFF,OFF,OFF,Avail,Incmpl,Incmpl,Enable,Avail,400.800,207.600,400.800,207.600,ON,Avail,Compl,Enable,79,0,0,0,0,0,0,6,A,0,0,Avail,Incmpl,Incmpl,Enable,OFF,OFF,818,713.250,51199.219,51199.219,51199.219,51199.219,51199.219,51199.219,1GRFE ,33.333,Avail,Incmpl,Incmpl,Enable,7.996,OFF,OFF,OFF,OFF,ON,ON,Avail,Compl,Enable,Compl,CL,CL,Compl,Unable,Not Avl,Compl,Compl,Enable,OFF,80,15,244,ON,42.500,21.250,0.103,2378,16,21,-3,OFF,1.562,5.469,3.730,OFF,0,0,75,Avail,Compl,Enable,0,GRN2#  ,ON,0,ACTIVE,ACTIVE,0.962,0.942,0.250,0.485,102.777,89.484,Avail,Compl,Avail,Incmpl,Incmpl,Enable,OBD II (California ARB),OFF,OFF,29.517,0.183,0,1st,OFF,OFF,OFF,OFF,OFF,OFF,0.781,0.781,ON,OFF,650,0,OFF,OFF,OFF,ON,Gasoline,0.992,OFF,OFF,0.684,ON,0.938,14.902,16,0,0.742,0.742,2.305,0.742,0.918,2.031,46.275,0,14.902,33,0.023,0.070,OFF,ECT 5th,NA,OFF,97.834,97.834,12.941,0,Not Avl,0,0,0,0,ON,ON,0,0,1
383,0,13.768,Not Avl,Compl,Compl,Unable,OFF,Not Avl,Compl,Compl,Unable,OFF,60.938,40.625,35,35.625,19.531,39.551,15.686,31.765,0.781,1.582,ON,0,OFF,ON,ON,1.014,0.996,0.027,0.012,3.347,3.322,0,97,51199.219,13.515,24.314,OFF,OFF,OFF,OFF,OFF,OFF,OFF,Avail,Incmpl,Incmpl,Enable,Avail,400.700,207.600,400.700,207.600,ON,Avail,Compl,Enable,79,0,0,0,0,0,0,6,A,0,0,Avail,Incmpl,Incmpl,Enable,OFF,OFF,818,716.250,51199.219,51199.219,51199.219,51199.219,51199.219,51199.219,1GRFE ,33.333,Avail,Incmpl,Incmpl,Enable,7.996,OFF,OFF,OFF,OFF,ON,ON,Avail,Compl,Enable,Compl,CL,CL,Compl,Unable,Not Avl,Compl,Compl,Enable,OFF,80,15,260,ON,42.500,21.250,0.103,2399,16,21,-3,OFF,1.562,5.469,3.780,OFF,0,0,78,Avail,Compl,Enable,0,GRN2#  ,ON,0,ACTIVE,ACTIVE,0.957,0.942,0.135,0.485,102.453,89.160,Avail,Compl,Avail,Incmpl,Incmpl,Enable,OBD II (California ARB),OFF,OFF,29.150,0.183,0,1st,OFF,OFF,OFF,OFF,OFF,OFF,1.562,0.781,ON,OFF,650,0,OFF,OFF,OFF,ON,Gasoline,0.981,OFF,OFF,0.684,ON,0.938,14.902,16,0,0.742,0.742,2.305,0.742,0.918,2.031,46.275,0,14.902,33,0.023,0.070,OFF,ECT 5th,NA,OFF,97.834,97.922,13.333,0,Not Avl,0,0,0,0,ON,ON,0,0,1
384,0,13.751,Not Avl,Compl,Compl,Unable,OFF,Not Avl,Compl,Compl,Unable,OFF,55.469,55.469,35,35.625,19.531,39.551,15.686,31.765,0.781,1.582,ON,0,OFF,ON,ON,1.007,0.998,0.004,0.023,3.308,3.337,0,97,51199.219,13.496,24.314,OFF,OFF,OFF,OFF,OFF,OFF,OFF,Avail,Incmpl,Incmpl,Enable,Avail,400.700,207.600,400.700,207.600,ON,Avail,Compl,Enable,79,0,0,0,0,0,0,6,A,0,0,Avail,Incmpl,Incmpl,Enable,OFF,OFF,819,719.500,51199.219,51199.219,51199.219,51199.219,51199.219,51199.219,1GRFE ,33.333,Avail,Incmpl,Incmpl,Enable,7.996,OFF,OFF,OFF,OFF,ON,ON,Avail,Compl,Enable,Compl,CL,CL,Compl,Unable,Not Avl,Compl,Compl,Enable,OFF,80,15,277,ON,42.500,21.250,0.104,2392,16,21,-3,OFF,1.562,5.469,3.750,OFF,0,0,78,Avail,Compl,Enable,0,GRN2#  ,ON,0,ACTIVE,ACTIVE,0.957,0.938,0.115,0.505,102.453,89.809,Avail,Compl,Avail,Incmpl,Incmpl,Enable,OBD II (California ARB),OFF,OFF,29.034,0.183,0,1st,OFF,OFF,OFF,OFF,OFF,OFF,1.562,0.781,ON,OFF,700,0,OFF,OFF,OFF,ON,Gasoline,0.974,OFF,OFF,0.684,ON,0.938,14.902,16,0,0.742,0.742,2.305,0.742,0.918,2.031,46.275,0,14.902,33,0.023,0.070,OFF,ECT 5th,NA,OFF,97.834,97.790,12.941,0,Not Avl,0,0,0,0,ON,ON,0,0,1
385,0,13.750,Not Avl,Compl,Compl,Unable,OFF,Not Avl,Compl,Compl,Unable,OFF,46.094,59.375,35,35.625,19.531,39.551,15.686,31.765,0.781,1.582,ON,0,OFF,ON,ON,1.003,0.999,-0.004,0.027,3.288,3.347,0,97,51199.219,13.496,24.314,OFF,OFF,OFF,OFF,OFF,OFF,OFF,Avail,Incmpl,Incmpl,Enable,Avail,400.700,207.600,400.700,207.600,ON,Avail,Compl,Enable,79,0,0,0,0,0,0,6,A,0,0,Avail,Incmpl,Incmpl,Enable,OFF,OFF,819,715.500,51199.219,51199.219,51199.219,51199.219,51199.219,51199.219,1GRFE ,33.333,Avail,Incmpl,Incmpl,Enable,7.996,OFF,OFF,OFF,OFF,ON,ON,Avail,Compl,Enable,Compl,CL,CL,Compl,Unable,Not Avl,Compl,Compl,Enable,OFF,80,15,292,ON,42.500,21.250,0.104,2407,16,21,-3,OFF,1.562,5.469,3.780,OFF,0,0,78,Avail,Compl,Enable,0,GRN2#  ,ON,0,ACTIVE,ACTIVE,0.957,0.942,0.135,0.525,102.129,89.484,Avail,Compl,Avail,Incmpl,Incmpl,Enable,OBD II (California ARB),OFF,OFF,29.150,0.183,0,1st,OFF,OFF,OFF,OFF,OFF,OFF,1.562,0.781,ON,OFF,650,0,OFF,OFF,OFF,ON,Gasoline,0.972,OFF,OFF,0.684,ON,0.938,14.902,16,0,0.742,0.742,2.305,0.742,0.918,2.031,46.275,0,14.902,33,0.023,0.070,OFF,ECT 5th,NA,OFF,97.834,97.702,13.333,0,Not Avl,0,0,0,0,ON,ON,0,0,1
386,0,13.768,Not Avl,Compl,Compl,Unable,OFF,Not Avl,Compl,Compl,Unable,OFF,41.406,51.562,35,35.625,19.531,39.551,15.686,31.765,0.781,1.582,ON,0,OFF,ON,ON,0.997,0.999,0,0.039,3.264,3.342,0,97,51199.219,13.515,24.314,OFF,OFF,OFF,OFF,OFF,OFF,OFF,Avail,Incmpl,Incmpl,Enable,Avail,400.600,207.600,400.600,207.600,ON,Avail,Compl,Enable,79,0,0,0,0,0,0,6,A,0,0,Avail,Incmpl,Incmpl,Enable,OFF,OFF,820,723.250,51199.219,51199.219,51199.219,51199.219,51199.219,51199.219,1GRFE ,33.725,Avail,Incmpl,Incmpl,Enable,7.996,OFF,OFF,OFF,OFF,ON,ON,Avail,Compl,Enable,Compl,CL,CL,Compl,Unable,Not Avl,Compl,Compl,Enable,OFF,80,15,309,ON,42.500,21.250,0.104,2381,16,21,-3,OFF,1.562,5.469,3.810,OFF,0,0,77,Avail,Compl,Enable,0,GRN2#  ,ON,0,ACTIVE,ACTIVE,0.962,0.942,0.155,0.485,102.777,89.484,Avail,Compl,Avail,Incmpl,Incmpl,Enable,OBD II (California ARB),OFF,OFF,29.150,0.183,0,1st,OFF,OFF,OFF,OFF,OFF,OFF,1.562,0.781,ON,OFF,700,0,OFF,OFF,OFF,ON,Gasoline,0.974,OFF,OFF,0.684,ON,0.938,14.902,16,0,0.742,0.742,2.305,0.742,0.918,2.031,46.275,0,14.902,33,0.023,0.066,OFF,ECT 5th,NA,OFF,97.812,97.724,13.333,0,Not Avl,0,0,0,0,ON,ON,0,0,1
387,0,13.767,Not Avl,Compl,Compl,Unable,OFF,Not Avl,Compl,Compl,Unable,OFF,40.625,47.656,35,35.625,19.531,39.551,15.686,31.765,0.781,1.582,ON,0,OFF,ON,ON,0.998,1.000,-0.016,0.027,3.269,3.347,0,97,51199.219,13.515,24.314,OFF,OFF,OFF,OFF,OFF,OFF,OFF,Avail,Incmpl,Incmpl,Enable,Avail,400.600,207.600,400.600,207.600,ON,Avail,Compl,Enable,79,0,0,0,0,0,0,6,A,0,0,Avail,Incmpl,Incmpl,Enable,OFF,OFF,820,726.500,51199.219,51199.219,51199.219,51199.219,51199.219,51199.219,1GRFE ,33.333,Avail,Incmpl,Incmpl,Enable,7.996,OFF,OFF,OFF,OFF,ON,ON,Avail,Compl,Enable,Compl,CL,CL,Compl,Unable,Not Avl,Compl,Compl,Enable,OFF,80,15,325,ON,42.500,21.250,0.104,2363,16,21,-3,OFF,1.562,5.469,3.780,OFF,0,0,77,Avail,Compl,Enable,0,GRN2#  ,ON,0,ACTIVE,ACTIVE,0.957,0.942,0.175,0.465,102.777,89.809,Avail,Compl,Avail,Incmpl,Incmpl,Enable,OBD II (California ARB),OFF,OFF,29.150,0.183,0,1st,OFF,OFF,OFF,OFF,OFF,OFF,1.562,0.781,ON,OFF,700,0,OFF,OFF,OFF,ON,Gasoline,0.974,OFF,OFF,0.684,ON,0.938,14.902,16,0,0.742,0.742,2.305,0.742,0.918,2.031,46.275,0,14.902,33,0.023,0.070,OFF,ECT 5th,NA,OFF,97.834,97.724,12.941,0,Not Avl,0,0,0,0,ON,ON,0,0,1
388,0,13.751,Not Avl,Compl,Compl,Unable,OFF,Not Avl,Compl,Compl,Unable,OFF,40.625,42.969,35,35.625,19.531,39.551,15.686,31.765,0.781,1.582,ON,0,OFF,ON,ON,0.998,1.003,-0.012,0.035,3.279,3.357,0,97,51199.219,13.496,24.314,OFF,OFF,OFF,OFF,OFF,OFF,OFF,Avail,Incmpl,Incmpl,Enable,Avail,400.500,207.600,400.500,207.600,ON,Avail,Compl,Enable,79,0,0,0,0,0,0,6,A,0,0,Avail,Incmpl,Incmpl,Enable,OFF,OFF,821,717.750,51199.219,51199.219,51199.219,51199.219,51199.219,51199.219,1GRFE ,33.333,Avail,Incmpl,Incmpl,Enable,7.996,OFF,OFF,OFF,OFF,ON,ON,Avail,Compl,Enable,Compl,CL,CL,Compl,Unable,Not Avl,Compl,Compl,Enable,OFF,80,15,339,ON,42.500,21.250,0.104,2370,16,21,-3,OFF,1.562,5.469,3.760,OFF,0,0,64,Avail,Compl,Enable,0,GRN2#  ,ON,0,ACTIVE,ACTIVE,0.957,0.938,0.195,0.445,102.129,89.809,Avail,Compl,Avail,Incmpl,Incmpl,Enable,OBD II (California ARB),OFF,OFF,29.150,0.183,0,1st,OFF,OFF,OFF,OFF,OFF,OFF,1.562,1.562,ON,OFF,650,0,OFF,OFF,OFF,ON,Gasoline,0.976,OFF,OFF,0.684,ON,0.938,14.902,16,0,0.742,0.742,2.305,0.742,0.918,2.031,46.275,0,14.902,33,0.027,0.070,OFF,ECT 5th,NA,OFF,97.834,97.856,12.941,0,Not Avl,0,0,0,0,ON,ON,0,0,1
389,0,13.768,Not Avl,Compl,Compl,Unable,OFF,Not Avl,Compl,Compl,Unable,OFF,40.625,40.625,35,35.625,19.531,39.551,15.686,31.765,0.781,1.582,ON,0,OFF,ON,ON,1.002,1.003,-0.008,0.027,3.298,3.352,0,97,51199.219,13.496,24.314,OFF,OFF,OFF,OFF,OFF,OFF,OFF,Avail,Incmpl,Incmpl,Enable,Avail,400.500,207.600,400.500,207.600,ON,Avail,Compl,Enable,79,0,0,0,0,0,0,6,A,0,0,Avail,Incmpl,Incmpl,Enable,OFF,OFF,821,717.750,51199.219,51199.219,51199.219,51199.219,51199.219,51199.219,1GRFE ,33.333,Avail,Incmpl,Incmpl,Enable,7.996,OFF,OFF,OFF,OFF,ON,ON,Avail,Compl,Enable,Compl,CL,CL,Compl,Unable,Not Avl,Compl,Compl,Enable,OFF,80,15,354,ON,42.500,21.250,0.104,2392,16,21,-3,OFF,1.562,5.469,3.820,OFF,0,0,64,Avail,Compl,Enable,0,GRN2#  ,ON,0,ACTIVE,ACTIVE,0.957,0.938,0.195,0.425,101.805,89.160,Avail,Compl,Avail,Incmpl,Incmpl,Enable,OBD II (California ARB),OFF,OFF,29.034,0.183,0,1st,OFF,OFF,OFF,OFF,OFF,OFF,1.562,1.562,ON,OFF,650,0,OFF,OFF,OFF,ON,Gasoline,0.975,OFF,OFF,0.684,ON,0.938,14.902,16,0,0.742,0.742,2.305,0.742,0.918,2.031,46.275,0,14.902,33,0.027,0.070,OFF,ECT 5th,NA,OFF,97.856,97.922,13.333,0,Not Avl,0,0,0,0,ON,ON,0,0,1
390,0,13.767,Not Avl,Compl,Compl,Unable,OFF,Not Avl,Compl,Compl,Unable,OFF,40.625,40.625,35,35.625,19.531,39.551,15.686,31.765,0.781,1.582,ON,0,OFF,ON,ON,1.000,1.004,-0.004,0.035,3.288,3.357,0,97,51199.219,13.496,24.314,OFF,OFF,OFF,OFF,OFF,OFF,OFF,Avail,Incmpl,Incmpl,Enable,Avail,400.500,207.600,400.500,207.600,ON,Avail,Compl,Enable,79,0,0,0,0,0,0,6,A,0,0,Avail,Incmpl,Incmpl,Enable,OFF,OFF,821,717.750,51199.219,51199.219,51199.219,51199.219,51199.219,51199.219,1GRFE ,33.333,Avail,Incmpl,Incmpl,Enable,7.996,OFF,OFF,OFF,OFF,ON,ON,Avail,Compl,Enable,Compl,CL,CL,Compl,Unable,Not Avl,Compl,Compl,Enable,OFF,80,15,368,ON,42.500,21.250,0.104,2381,15,21,-3,OFF,1.562,5.469,3.820,OFF,0,0,64,Avail,Compl,Enable,0,GRN2#  ,ON,0,ACTIVE,ACTIVE,0.962,0.942,0.195,0.410,103.102,89.160,Avail,Compl,Avail,Incmpl,Incmpl,Enable,OBD II (California ARB),OFF,OFF,29.150,0.183,0,1st,OFF,OFF,OFF,OFF,OFF,OFF,1.562,1.562,ON,OFF,650,0,OFF,OFF,OFF,ON,Gasoline,0.975,OFF,OFF,0.684,ON,0.938,14.902,16,0,0.742,0.742,2.305,0.742,0.918,2.031,46.275,0,14.902,33,0.027,0.070,OFF,ECT 5th,NA,OFF,97.834,97.746,13.333,0,Not Avl,0,0,0,0,ON,ON,0,0,1
391,0,13.765,Not Avl,Compl,Compl,Unable,OFF,Not Avl,Compl,Compl,Unable,OFF,50,40.625,35,35.625,19.531,39.551,15.686,31.765,0.781,1.582,ON,0,OFF,ON,ON,0.996,1.004,-0.020,0.031,3.264,3.352,0,97,51199.219,13.496,24.314,OFF,OFF,OFF,OFF,OFF,OFF,OFF,Avail,Incmpl,Incmpl,Enable,Avail,400.400,207.600,400.400,207.600,ON,Avail,Compl,Enable,79,0,0,0,0,0,0,6,A,0,0,Avail,Incmpl,Incmpl,Enable,OFF,OFF,822,713.250,51199.219,51199.219,51199.219,51199.219,51199.219,51199.219,1GRFE ,33.333,Avail,Incmpl,Incmpl,Enable,7.996,OFF,OFF,OFF,OFF,ON,ON,Avail,Compl,Enable,Compl,CL,CL,Compl,Unable,Not Avl,Compl,Compl,Enable,OFF,80,15,382,ON,42.500,21.250,0.104,2381,15,21,-3,OFF,1.562,5.469,3.760,OFF,0,0,82,Avail,Compl,Enable,0,GRN2#  ,ON,0,ACTIVE,ACTIVE,0.962,0.942,0.210,0.390,102.777,89.160,Avail,Compl,Avail,Incmpl,Incmpl,Enable,OBD II (California ARB),OFF,OFF,29.150,0.183,0,1st,OFF,OFF,OFF,OFF,OFF,OFF,1.562,1.562,ON,OFF,650,0,OFF,OFF,OFF,ON,Gasoline,0.975,OFF,OFF,0.684,ON,0.938,14.902,16,0,0.742,0.742,2.305,0.742,0.918,2.031,46.275,0,14.902,33,0.027,0.070,OFF,ECT 5th,NA,OFF,97.812,97.702,13.333,0,Not Avl,0,0,0,0,ON,ON,0,0,1
