Row,Count Codes(Include History),+BM Voltage [V],2nd Air Monitor,2nd Air Monitor,2nd Air Monitor CMPL,2nd Air Monitor ENA,4WD Switch,AC Monitor,AC Monitor,AC Monitor CMPL,AC Monitor ENA,AC Signal,Air/Fuel Heater Duty (Bank1 Sensor1) [%],Air/Fuel Heater Duty (Bank2 Sensor1) [%],A/T Oil Temperature 1 [degree C],A/T Oil Temperature 2 [degree C],Accel Fully Close Learn Count1 [deg],Accel Fully Close Learn Count2 [deg],Accel Sens. No.1 Volt % [%],Accel Sens. No.2 Volt % [%],Accel Sensor Out No.1 [V],Accel Sensor Out No.2 [V],Accelerator Idle Position,Accelerator Position [%],ACIS VSV,ACT VSV,Actuator Power Supply,AF Lambda (Bank1 Sensor1),AF Lambda (Bank2 Sensor1),AFS Current (Bank1 Sensor1) [mA],AFS Current (Bank2 Sensor1) [mA],AFS Voltage (Bank1 Sensor1) [V],AFS Voltage (Bank2 Sensor1) [V],All Cylinders Misfire Count,Atmosphere Pressure [kPa],Av Engine Speed of All Cyl [rpm],Battery Voltage [V],Calculate Load [%],Catalyst Misfire CylinderCount1,Catalyst Misfire CylinderCount2,Catalyst Misfire CylinderCount3,Catalyst Misfire CylinderCount4,Catalyst Misfire CylinderCount5,Catalyst Misfire CylinderCount6,Catalyst Misfire History,Catalyst Monitor,Catalyst Monitor,Catalyst Monitor CMPL,Catalyst Monitor ENA,Catalyst OT MF F/C,Catalyst Temp (Bank1 Sensor1) [degree C],Catalyst Temp B1S2 [degree C],Catalyst Temp (Bank2 Sensor1) [degree C],Catalyst Temp B2S2 [degree C],Closed Throttle Position Switch,Complete Parts Monitor,Component Monitor CMPL,Component Monitor ENA,Coolant Temp [degree C],Cylinder Count1 Misfire Count,Cylinder Count2 Misfire Count,Cylinder Count3 Misfire Count,Cylinder Count4 Misfire Count,Cylinder Count5 Misfire Count,Cylinder Count6 Misfire Count,Cylinder Number,Destination,Dist Batt Cable Disconnect [km],Distance from DTC Cleared [km],EGR/VVT Monitor,EGR/VVT Monitor,EGR/VVT Monitor CMPL,EGR/VVT Monitor ENA,Electrical Load Signal 1,Electrical Load Signal 2,Engine Run Time [s],Engine Speed [rpm],Engine Speed of Cyl Count1 [rpm],Engine Speed of Cyl Count2 [rpm],Engine Speed of Cyl Count3 [rpm],Engine Speed of Cyl Count4 [rpm],Engine Speed of Cyl Count5 [rpm],Engine Speed of Cyl Count6 [rpm],Engine Type,EVAP (Purge) VSV [%],EVAP Monitor,EVAP Monitor,EVAP Monitor CMPL,EVAP Monitor ENA,Evap Purge Flow [%],EVAP Purge VSV,EVAP System Vent Valve,FC TAU,Fuel Cut Condition,Fuel Pump Speed Control,Fuel Pump/Speed Status,Fuel System Monitor,Fuel System Monitor CMPL,Fuel System Monitor ENA,Fuel System Monitor Result,Fuel System Status Count1,Fuel System Status Count2,Heated Cat Monitor CMPL,Heated Cat Monitor ENA,Heated Catalyst Monitor,Heated Catalyst Monitor,Heater Monitor CMPL,Heater Monitor ENA,Idle Fuel Cut,IG OFF Elapsed Time [min],IGN Advance [deg],Ignition Trig. Count,Immobiliser Communication,Initial Engine Coolant Temp [degree C],Initial Intake Air Temp [degree C],Injection Volum (Cylinder1) [ml],Injector(Port) [us],Intake Air [degree C],Knock Correct Learn Value [degree CA],Knock Feedback Value [degree CA],Lock Up,Long FT (Bank1 Sensor1) [%],Long FT (Bank2 Sensor1) [%],MAF [gm/s],MIL,MIL on Run Distance [km],MISFIRE LOAD [g/rev],Misfire Margin [%],Misfire Monitor,Misfire Monitor CMPL,Misfire Monitor ENA,MISFIRE RPM [rpm],Model Code,Neutral Position Switch Signal,Number Of Emission DTC,O2 Heater B1S2,O2 Heater B2S2,O2 Heater Curr Val B1S2 [A],O2 Heater Curr Val B2S2 [A],O2S B1S2 [V],O2S B2S2 [V],O2S Impedance B1S2 [ohm],O2S Impedance B2S2 [ohm],O2S(Air/FuelS) Heater Monitor,O2S(Air/FuelS) Heater Monitor,O2S(Air/FuelS) Monitor,O2S(Air/FuelS) Monitor,O2S(Air/FuelS) Monitor CMPL,O2S(Air/FuelS) Monitor ENA,OBD Requirements,Open Side Malfunction,Power Steering Signal,Purge Cut VSV Duty [%],Purge Density Learn Value,Running Time from MIL ON [min],Shift Status,Shift Switch Status (2 Range),Shift Switch Status (3 Range),Shift Switch Status (D Range),Shift Switch Status (L Range),Shift Switch Status (R Range),Shift Switch Status(4 Range),Short FT (Bank1 Sensor1) [%],Short FT (Bank2 Sensor1) [%],SLT Solenoid Status,SLU Solenoid Status,SPD (NT) [rpm],SPD (SP2) [km/h],ST1,Starter Signal,Stop Light Switch,System Guard,System Identification,Target Air-Fuel Ratio,TC and TE1,TC Terminal,Throttle Fully Close Learn [V],Throttle Idle Position,Throttle Motor Current [A],Throttle Motor DUTY [%],Throttle Motor Duty (Close) [%],Throttle Motor Duty (Open) [%],Throttle Position Command [V],Throttle Position No.1 [V],Throttle Position No.2 [V],Throttle Require Position [V],Throttle Sens Open Pos Count1 [V],Throttle Sens Open Pos Count2 [V],Throttle Sensor Count2 Volt % [%],Throttle Sensor Position [%],Throttle Sensor Volt % [%],Time after DTC Cleared [min],TOTAL FT Count1,TOTAL FT Count2,Transfer L4,Transmission Type,Transmission Type2,Vacuum Pump,Vapor Pressure (Calculated) [kPa],Vapor Pressure Pump [kPa],Vehicle Load [%],Vehicle Speed [km/h],VN Turbo Type,VVT Aim Angle Count1 [%],VVT Aim Angle Count2 [%],VVT Change Angle Count1 [degree FR],VVT Change Angle Count2 [degree FR],VVT Control Status Count1,VVT Control Status Count2,VVT OCV Duty Count1 [%],VVT OCV Duty Count2 [%],Warmup Cycle Cleared DTC
1,0,14.178,Not Avl,Compl,Compl,Unable,OFF,Not Avl,Compl,Compl,Unable,OFF,50,39.062,23.750,28.125,19.531,39.551,15.686,31.765,0.781,1.582,ON,0,OFF,ON,ON,1.003,1.016,0.012,0.059,3.322,3.396,0,96,51199.219,13.789,25.490,OFF,OFF,OFF,OFF,OFF,OFF,OFF,Avail,Incmpl,Incmpl,Enable,Avail,488.600,335.700,488.600,335.700,ON,Avail,Compl,Enable,77,0,0,0,0,0,0,6,A,0,0,Avail,Incmpl,Incmpl,Enable,OFF,OFF,699,723.250,51199.219,51199.219,51199.219,51199.219,51199.219,51199.219,1GRFE ,12.157,Avail,Compl,Incmpl,Enable,1.996,OFF,OFF,OFF,OFF,ON,ON,Avail,Compl,Enable,Compl,CL,CL,Compl,Unable,Not Avl,Compl,Compl,Enable,OFF,3090,15,260,ON,4.375,8.750,0.114,2422,10,21,-3,OFF,2.344,4.688,4.180,OFF,0,0,82,Avail,Compl,Enable,0,GRN2#  ,ON,0,ACTIVE,Not Act,0.967,0.952,0.565,0.740,51.227,55.117,Avail,Compl,Avail,Incmpl,Incmpl,Enable,OBD II (California ARB),OFF,OFF,8.002,-0.653,0,1st,OFF,OFF,OFF,OFF,OFF,OFF,-0.781,0,ON,OFF,650,0,OFF,OFF,OFF,ON,Gasoline,1.007,OFF,OFF,0.684,ON,0.703,15.294,11,0,0.762,0.762,2.324,0.762,0.918,2.031,46.667,0,15.294,85,0.008,0.031,OFF,ECT 5th,NA,OFF,96.866,96.910,14.510,0,Not Avl,0,0,0,0,ON,ON,0,0,4
2,0,14.178,Not Avl,Compl,Compl,Unable,OFF,Not Avl,Compl,Compl,Unable,OFF,50,39.062,23.750,28.125,19.531,39.551,15.686,31.765,0.781,1.582,ON,0,OFF,ON,ON,1.003,1.016,0.012,0.059,3.322,3.396,0,96,51199.219,13.789,25.490,OFF,OFF,OFF,OFF,OFF,OFF,OFF,Avail,Incmpl,Incmpl,Enable,Avail,488.600,335.700,488.600,335.700,ON,Avail,Compl,Enable,77,0,0,0,0,0,0,6,A,0,0,Avail,Incmpl,Incmpl,Enable,OFF,OFF,699,723.250,51199.219,51199.219,51199.219,51199.219,51199.219,51199.219,1GRFE ,12.157,Avail,Compl,Incmpl,Enable,1.996,OFF,OFF,OFF,OFF,ON,ON,Avail,Compl,Enable,Compl,CL,CL,Compl,Unable,Not Avl,Compl,Compl,Enable,OFF,3090,15,260,ON,4.375,8.750,0.114,2422,10,21,-3,OFF,2.344,4.688,4.180,OFF,0,0,82,Avail,Compl,Enable,0,GRN2#  ,ON,0,ACTIVE,Not Act,0.967,0.952,0.565,0.740,51.227,55.117,Avail,Compl,Avail,Incmpl,Incmpl,Enable,OBD II (California ARB),OFF,OFF,8.002,-0.653,0,1st,OFF,OFF,OFF,OFF,OFF,OFF,-0.781,0,ON,OFF,650,0,OFF,OFF,OFF,ON,Gasoline,1.007,OFF,OFF,0.684,ON,0.703,15.294,11,0,0.762,0.762,2.324,0.762,0.918,2.031,46.667,0,15.294,85,0.008,0.031,OFF,ECT 5th,NA,OFF,96.866,96.910,14.510,0,Not Avl,0,0,0,0,ON,ON,0,0,4
3,0,14.116,Not Avl,Compl,Compl,Unable,OFF,Not Avl,Compl,Compl,Unable,OFF,50,39.062,23.750,28.125,19.531,39.551,15.686,31.765,0.781,1.582,ON,0,OFF,ON,ON,1.003,1.016,0.012,0.059,3.322,3.396,0,96,51199.219,13.789,25.490,OFF,OFF,OFF,OFF,OFF,OFF,OFF,Avail,Incmpl,Incmpl,Enable,Avail,488.600,335.700,488.600,335.700,ON,Avail,Compl,Enable,77,0,0,0,0,0,0,6,A,0,0,Avail,Incmpl,Incmpl,Enable,OFF,OFF,699,723.250,51199.219,51199.219,51199.219,51199.219,51199.219,51199.219,1GRFE ,12.157,Avail,Compl,Incmpl,Enable,1.996,OFF,OFF,OFF,OFF,ON,ON,Avail,Compl,Enable,Compl,CL,CL,Compl,Unable,Not Avl,Compl,Compl,Enable,OFF,3090,15,260,ON,4.375,8.750,0.114,2422,10,21,-3,OFF,2.344,4.688,4.180,OFF,0,0,82,Avail,Compl,Enable,0,GRN2#  ,ON,0,ACTIVE,Not Act,0.967,0.952,0.565,0.740,51.227,55.117,Avail,Compl,Avail,Incmpl,Incmpl,Enable,OBD II (California ARB),OFF,OFF,8.002,-0.653,0,1st,OFF,OFF,OFF,OFF,OFF,OFF,-0.781,0,ON,OFF,650,0,OFF,OFF,OFF,ON,Gasoline,1.007,OFF,OFF,0.684,ON,0.703,15.294,11,0,0.762,0.762,2.324,0.762,0.918,2.031,46.667,0,15.294,85,0.008,0.031,OFF,ECT 5th,NA,OFF,96.866,96.910,14.510,0,Not Avl,0,0,0,0,ON,ON,0,0,4
4,0,14.116,Not Avl,Compl,Compl,Unable,OFF,Not Avl,Compl,Compl,Unable,OFF,50,39.062,23.750,28.125,19.531,39.551,15.686,31.765,0.781,1.582,ON,0,OFF,ON,ON,1.003,1.016,0.012,0.059,3.322,3.396,0,96,51199.219,13.789,25.490,OFF,OFF,OFF,OFF,OFF,OFF,OFF,Avail,Incmpl,Incmpl,Enable,Avail,488.600,335.700,488.600,335.700,ON,Avail,Compl,Enable,77,0,0,0,0,0,0,6,A,0,0,Avail,Incmpl,Incmpl,Enable,OFF,OFF,699,723.250,51199.219,51199.219,51199.219,51199.219,51199.219,51199.219,1GRFE ,12.157,Avail,Compl,Incmpl,Enable,1.996,OFF,OFF,OFF,OFF,ON,ON,Avail,Compl,Enable,Compl,CL,CL,Compl,Unable,Not Avl,Compl,Compl,Enable,OFF,3090,15,260,ON,4.375,8.750,0.114,2422,10,21,-3,OFF,2.344,4.688,4.180,OFF,0,0,82,Avail,Compl,Enable,0,GRN2#  ,ON,0,ACTIVE,Not Act,0.967,0.952,0.565,0.740,51.227,55.117,Avail,Compl,Avail,Incmpl,Incmpl,Enable,OBD II (California ARB),OFF,OFF,8.002,-0.653,0,1st,OFF,OFF,OFF,OFF,OFF,OFF,-0.781,0,ON,OFF,650,0,OFF,OFF,OFF,ON,Gasoline,1.007,OFF,OFF,0.684,ON,0.703,15.294,11,0,0.762,0.762,2.324,0.762,0.918,2.031,46.667,0,15.294,85,0.008,0.031,OFF,ECT 5th,NA,OFF,96.866,96.910,14.510,0,Not Avl,0,0,0,0,ON,ON,0,0,4
5,0,14.116,Not Avl,Compl,Compl,Unable,OFF,Not Avl,Compl,Compl,Unable,OFF,50,39.062,23.750,28.125,19.531,39.551,15.686,31.765,0.781,1.582,ON,0,OFF,ON,ON,1.003,1.016,0.012,0.059,3.322,3.396,0,96,51199.219,13.789,25.490,OFF,OFF,OFF,OFF,OFF,OFF,OFF,Avail,Incmpl,Incmpl,Enable,Avail,488.600,335.700,488.600,335.700,ON,Avail,Compl,Enable,77,0,0,0,0,0,0,6,A,0,0,Avail,Incmpl,Incmpl,Enable,OFF,OFF,699,723.250,51199.219,51199.219,51199.219,51199.219,51199.219,51199.219,1GRFE ,12.157,Avail,Compl,Incmpl,Enable,1.996,OFF,OFF,OFF,OFF,ON,ON,Avail,Compl,Enable,Compl,CL,CL,Compl,Unable,Not Avl,Compl,Compl,Enable,OFF,3090,15,260,ON,4.375,8.750,0.114,2422,10,21,-3,OFF,2.344,4.688,4.180,OFF,0,0,82,Avail,Compl,Enable,0,GRN2#  ,ON,0,ACTIVE,Not Act,0.967,0.952,0.565,0.740,51.227,55.117,Avail,Compl,Avail,Incmpl,Incmpl,Enable,OBD II (California ARB),OFF,OFF,8.002,-0.653,0,1st,OFF,OFF,OFF,OFF,OFF,OFF,-0.781,0,ON,OFF,650,0,OFF,OFF,OFF,ON,Gasoline,1.007,OFF,OFF,0.684,ON,0.703,15.294,11,0,0.762,0.762,2.324,0.762,0.918,2.031,46.667,0,15.294,85,0.008,0.031,OFF,ECT 5th,NA,OFF,96.866,96.910,14.510,0,Not Avl,0,0,0,0,ON,ON,0,0,4
6,0,14.116,Not Avl,Compl,Compl,Unable,OFF,Not Avl,Compl,Compl,Unable,OFF,50,39.062,23.750,28.125,19.531,39.551,15.686,31.765,0.781,1.582,ON,0,OFF,ON,ON,1.003,1.016,0.012,0.059,3.322,3.396,0,96,51199.219,13.789,25.490,OFF,OFF,OFF,OFF,OFF,OFF,OFF,Avail,Incmpl,Incmpl,Enable,Avail,488.600,335.700,488.600,335.700,ON,Avail,Compl,Enable,77,0,0,0,0,0,0,6,A,0,0,Avail,Incmpl,Incmpl,Enable,OFF,OFF,699,723.250,51199.219,51199.219,51199.219,51199.219,51199.219,51199.219,1GRFE ,12.157,Avail,Compl,Incmpl,Enable,1.996,OFF,OFF,OFF,OFF,ON,ON,Avail,Compl,Enable,Compl,CL,CL,Compl,Unable,Not Avl,Compl,Compl,Enable,OFF,3090,15,260,ON,4.375,8.750,0.114,2422,10,21,-3,OFF,2.344,4.688,4.180,OFF,0,0,82,Avail,Compl,Enable,0,GRN2#  ,ON,0,ACTIVE,Not Act,0.967,0.952,0.565,0.740,51.227,55.117,Avail,Compl,Avail,Incmpl,Incmpl,Enable,OBD II (California ARB),OFF,OFF,8.002,-0.653,0,1st,OFF,OFF,OFF,OFF,OFF,OFF,-0.781,0,ON,OFF,650,0,OFF,OFF,OFF,ON,Gasoline,1.007,OFF,OFF,0.684,ON,0.703,15.294,11,0,0.762,0.762,2.324,0.762,0.918,2.031,46.667,0,15.294,85,0.008,0.031,OFF,ECT 5th,NA,OFF,96.866,96.910,14.510,0,Not Avl,0,0,0,0,ON,ON,0,0,4
7,0,14.116,Not Avl,Compl,Compl,Unable,OFF,Not Avl,Compl,Compl,Unable,OFF,50,39.062,23.750,28.125,19.531,39.551,15.686,31.765,0.781,1.582,ON,0,OFF,ON,ON,1.003,1.016,0.012,0.059,3.322,3.396,0,96,51199.219,13.789,25.490,OFF,OFF,OFF,OFF,OFF,OFF,OFF,Avail,Incmpl,Incmpl,Enable,Avail,488.600,335.700,488.600,335.700,ON,Avail,Compl,Enable,77,0,0,0,0,0,0,6,A,0,0,Avail,Incmpl,Incmpl,Enable,OFF,OFF,699,723.250,51199.219,51199.219,51199.219,51199.219,51199.219,51199.219,1GRFE ,12.157,Avail,Compl,Incmpl,Enable,1.996,OFF,OFF,OFF,OFF,ON,ON,Avail,Compl,Enable,Compl,CL,CL,Compl,Unable,Not Avl,Compl,Compl,Enable,OFF,3090,15,260,ON,4.375,8.750,0.114,2422,10,21,-3,OFF,2.344,4.688,4.180,OFF,0,0,82,Avail,Compl,Enable,0,GRN2#  ,ON,0,ACTIVE,Not Act,0.967,0.952,0.565,0.740,51.227,55.117,Avail,Compl,Avail,Incmpl,Incmpl,Enable,OBD II (California ARB),OFF,OFF,8.002,-0.653,0,1st,OFF,OFF,OFF,OFF,OFF,OFF,-0.781,0,ON,OFF,650,0,OFF,OFF,OFF,ON,Gasoline,1.007,OFF,OFF,0.684,ON,0.703,15.294,11,0,0.762,0.762,2.324,0.762,0.918,2.031,46.667,0,15.294,85,0.008,0.031,OFF,ECT 5th,NA,OFF,96.866,96.910,14.510,0,Not Avl,0,0,0,0,ON,ON,0,0,4
8,0,14.116,Not Avl,Compl,Compl,Unable,OFF,Not Avl,Compl,Compl,Unable,OFF,50,39.062,23.750,28.125,19.531,39.551,15.686,31.765,0.781,1.582,ON,0,OFF,ON,ON,1.003,1.016,0.012,0.059,3.322,3.396,0,96,51199.219,13.789,25.490,OFF,OFF,OFF,OFF,OFF,OFF,OFF,Avail,Incmpl,Incmpl,Enable,Avail,488.600,335.700,488.600,335.700,ON,Avail,Compl,Enable,77,0,0,0,0,0,0,6,A,0,0,Avail,Incmpl,Incmpl,Enable,OFF,OFF,699,723.250,51199.219,51199.219,51199.219,51199.219,51199.219,51199.219,1GRFE ,12.157,Avail,Compl,Incmpl,Enable,1.996,OFF,OFF,OFF,OFF,ON,ON,Avail,Compl,Enable,Compl,CL,CL,Compl,Unable,Not Avl,Compl,Compl,Enable,OFF,3090,15,260,ON,4.375,8.750,0.114,2422,10,21,-3,OFF,2.344,4.688,4.180,OFF,0,0,82,Avail,Compl,Enable,0,GRN2#  ,ON,0,ACTIVE,Not Act,0.967,0.952,0.565,0.740,51.227,55.117,Avail,Compl,Avail,Incmpl,Incmpl,Enable,OBD II (California ARB),OFF,OFF,8.002,-0.653,0,1st,OFF,OFF,OFF,OFF,OFF,OFF,-0.781,0,ON,OFF,650,0,OFF,OFF,OFF,ON,Gasoline,1.007,OFF,OFF,0.684,ON,0.703,15.294,11,0,0.762,0.762,2.324,0.762,0.918,2.031,46.667,0,15.294,85,0.008,0.031,OFF,ECT 5th,NA,OFF,96.866,96.910,14.510,0,Not Avl,0,0,0,0,ON,ON,0,0,4
9,0,14.116,Not Avl,Compl,Compl,Unable,OFF,Not Avl,Compl,Compl,Unable,OFF,50,39.062,23.750,28.125,19.531,39.551,15.686,31.765,0.781,1.582,ON,0,OFF,ON,ON,1.003,1.016,0.012,0.059,3.322,3.396,0,96,51199.219,13.789,25.490,OFF,OFF,OFF,OFF,OFF,OFF,OFF,Avail,Incmpl,Incmpl,Enable,Avail,488.600,335.700,488.600,335.700,ON,Avail,Compl,Enable,77,0,0,0,0,0,0,6,A,0,0,Avail,Incmpl,Incmpl,Enable,OFF,OFF,699,723.250,51199.219,51199.219,51199.219,51199.219,51199.219,51199.219,1GRFE ,12.157,Avail,Compl,Incmpl,Enable,1.996,OFF,OFF,OFF,OFF,ON,ON,Avail,Compl,Enable,Compl,CL,CL,Compl,Unable,Not Avl,Compl,Compl,Enable,OFF,3090,15,260,ON,4.375,8.750,0.114,2422,10,21,-3,OFF,2.344,4.688,4.180,OFF,0,0,82,Avail,Compl,Enable,0,GRN2#  ,ON,0,ACTIVE,Not Act,0.967,0.952,0.565,0.740,51.227,55.117,Avail,Compl,Avail,Incmpl,Incmpl,Enable,OBD II (California ARB),OFF,OFF,8.002,-0.653,0,1st,OFF,OFF,OFF,OFF,OFF,OFF,-0.781,0,ON,OFF,650,0,OFF,OFF,OFF,ON,Gasoline,1.007,OFF,OFF,0.684,ON,0.703,15.294,11,0,0.762,0.762,2.324,0.762,0.918,2.031,46.667,0,15.294,85,0.008,0.031,OFF,ECT 5th,NA,OFF,96.866,96.910,14.510,0,Not Avl,0,0,0,0,ON,ON,0,0,4
10,0,14.116,Not Avl,Compl,Compl,Unable,OFF,Not Avl,Compl,Compl,Unable,OFF,50,39.062,23.750,28.125,19.531,39.551,15.686,31.765,0.781,1.582,ON,0,OFF,ON,ON,1.003,1.016,0.012,0.059,3.322,3.396,0,96,51199.219,13.789,25.490,OFF,OFF,OFF,OFF,OFF,OFF,OFF,Avail,Incmpl,Incmpl,Enable,Avail,488.600,335.700,488.600,335.700,ON,Avail,Compl,Enable,77,0,0,0,0,0,0,6,A,0,0,Avail,Incmpl,Incmpl,Enable,OFF,OFF,699,723.250,51199.219,51199.219,51199.219,51199.219,51199.219,51199.219,1GRFE ,12.157,Avail,Compl,Incmpl,Enable,1.996,OFF,OFF,OFF,OFF,ON,ON,Avail,Compl,Enable,Compl,CL,CL,Compl,Unable,Not Avl,Compl,Compl,Enable,OFF,3090,15,260,ON,4.375,8.750,0.114,2422,10,21,-3,OFF,2.344,4.688,4.180,OFF,0,0,82,Avail,Compl,Enable,0,GRN2#  ,ON,0,ACTIVE,Not Act,0.967,0.952,0.565,0.740,51.227,55.117,Avail,Compl,Avail,Incmpl,Incmpl,Enable,OBD II (California ARB),OFF,OFF,8.002,-0.653,0,1st,OFF,OFF,OFF,OFF,OFF,OFF,-0.781,0,ON,OFF,650,0,OFF,OFF,OFF,ON,Gasoline,1.007,OFF,OFF,0.684,ON,0.703,15.294,11,0,0.762,0.762,2.324,0.762,0.918,2.031,46.667,0,15.294,85,0.008,0.031,OFF,ECT 5th,NA,OFF,96.866,96.910,14.510,0,Not Avl,0,0,0,0,ON,ON,0,0,4
11,0,14.116,Not Avl,Compl,Compl,Unable,OFF,Not Avl,Compl,Compl,Unable,OFF,50,39.062,23.750,28.125,19.531,39.551,15.686,31.765,0.781,1.582,ON,0,OFF,ON,ON,1.003,1.016,0.012,0.059,3.322,3.396,0,96,51199.219,13.789,25.490,OFF,OFF,OFF,OFF,OFF,OFF,OFF,Avail,Incmpl,Incmpl,Enable,Avail,488.600,335.700,488.600,335.700,ON,Avail,Compl,Enable,77,0,0,0,0,0,0,6,A,0,0,Avail,Incmpl,Incmpl,Enable,OFF,OFF,699,723.250,51199.219,51199.219,51199.219,51199.219,51199.219,51199.219,1GRFE ,12.157,Avail,Compl,Incmpl,Enable,1.996,OFF,OFF,OFF,OFF,ON,ON,Avail,Compl,Enable,Compl,CL,CL,Compl,Unable,Not Avl,Compl,Compl,Enable,OFF,3090,15,260,ON,4.375,8.750,0.114,2422,10,21,-3,OFF,2.344,4.688,4.180,OFF,0,0,82,Avail,Compl,Enable,0,GRN2#  ,ON,0,ACTIVE,Not Act,0.967,0.952,0.565,0.740,51.227,55.117,Avail,Compl,Avail,Incmpl,Incmpl,Enable,OBD II (California ARB),OFF,OFF,8.002,-0.653,0,1st,OFF,OFF,OFF,OFF,OFF,OFF,-0.781,0,ON,OFF,650,0,OFF,OFF,OFF,ON,Gasoline,1.007,OFF,OFF,0.684,ON,0.703,15.294,11,0,0.762,0.762,2.324,0.762,0.918,2.031,46.667,0,15.294,85,0.008,0.031,OFF,ECT 5th,NA,OFF,96.866,96.910,14.510,0,Not Avl,0,0,0,0,ON,ON,0,0,4
12,0,14.116,Not Avl,Compl,Compl,Unable,OFF,Not Avl,Compl,Compl,Unable,OFF,50,39.062,23.750,28.125,19.531,39.551,15.686,31.765,0.781,1.582,ON,0,OFF,ON,ON,1.003,1.016,0.012,0.059,3.322,3.396,0,96,51199.219,13.789,25.490,OFF,OFF,OFF,OFF,OFF,OFF,OFF,Avail,Incmpl,Incmpl,Enable,Avail,488.600,335.700,488.600,335.700,ON,Avail,Compl,Enable,77,0,0,0,0,0,0,6,A,0,0,Avail,Incmpl,Incmpl,Enable,OFF,OFF,699,723.250,51199.219,51199.219,51199.219,51199.219,51199.219,51199.219,1GRFE ,12.157,Avail,Compl,Incmpl,Enable,1.996,OFF,OFF,OFF,OFF,ON,ON,Avail,Compl,Enable,Compl,CL,CL,Compl,Unable,Not Avl,Compl,Compl,Enable,OFF,3090,15,260,ON,4.375,8.750,0.114,2422,10,21,-3,OFF,2.344,4.688,4.180,OFF,0,0,82,Avail,Compl,Enable,0,GRN2#  ,ON,0,ACTIVE,Not Act,0.967,0.952,0.565,0.740,51.227,55.117,Avail,Compl,Avail,Incmpl,Incmpl,Enable,OBD II (California ARB),OFF,OFF,8.002,-0.653,0,1st,OFF,OFF,OFF,OFF,OFF,OFF,-0.781,0,ON,OFF,650,0,OFF,OFF,OFF,ON,Gasoline,1.007,OFF,OFF,0.684,ON,0.703,15.294,11,0,0.762,0.762,2.324,0.762,0.918,2.031,46.667,0,15.294,85,0.008,0.031,OFF,ECT 5th,NA,OFF,96.866,96.910,14.510,0,Not Avl,0,0,0,0,ON,ON,0,0,4
13,0,14.116,Not Avl,Compl,Compl,Unable,OFF,Not Avl,Compl,Compl,Unable,OFF,50,39.062,23.750,28.125,19.531,39.551,15.686,31.765,0.781,1.582,ON,0,OFF,ON,ON,1.003,1.016,0.012,0.059,3.322,3.396,0,96,51199.219,13.789,25.490,OFF,OFF,OFF,OFF,OFF,OFF,OFF,Avail,Incmpl,Incmpl,Enable,Avail,488.600,335.700,488.600,335.700,ON,Avail,Compl,Enable,77,0,0,0,0,0,0,6,A,0,0,Avail,Incmpl,Incmpl,Enable,OFF,OFF,699,723.250,51199.219,51199.219,51199.219,51199.219,51199.219,51199.219,1GRFE ,12.157,Avail,Compl,Incmpl,Enable,1.996,OFF,OFF,OFF,OFF,ON,ON,Avail,Compl,Enable,Compl,CL,CL,Compl,Unable,Not Avl,Compl,Compl,Enable,OFF,3090,15,260,ON,4.375,8.750,0.114,2422,10,21,-3,OFF,2.344,4.688,4.180,OFF,0,0,82,Avail,Compl,Enable,0,GRN2#  ,ON,0,ACTIVE,Not Act,0.967,0.952,0.565,0.740,51.227,55.117,Avail,Compl,Avail,Incmpl,Incmpl,Enable,OBD II (California ARB),OFF,OFF,8.002,-0.653,0,1st,OFF,OFF,OFF,OFF,OFF,OFF,-0.781,0,ON,OFF,650,0,OFF,OFF,OFF,ON,Gasoline,1.007,OFF,OFF,0.684,ON,0.703,15.294,11,0,0.762,0.762,2.324,0.762,0.918,2.031,46.667,0,15.294,85,0.008,0.031,OFF,ECT 5th,NA,OFF,96.866,96.910,14.510,0,Not Avl,0,0,0,0,ON,ON,0,0,4
14,0,14.116,Not Avl,Compl,Compl,Unable,OFF,Not Avl,Compl,Compl,Unable,OFF,48.438,39.062,23.750,28.125,19.531,39.551,15.686,31.765,0.781,1.582,ON,0,OFF,ON,ON,1.003,1.016,0.012,0.059,3.322,3.396,0,96,51199.219,13.789,25.490,OFF,OFF,OFF,OFF,OFF,OFF,OFF,Avail,Incmpl,Incmpl,Enable,Avail,488.600,335.700,488.600,335.700,ON,Avail,Compl,Enable,77,0,0,0,0,0,0,6,A,0,0,Avail,Incmpl,Incmpl,Enable,OFF,OFF,699,723.250,51199.219,51199.219,51199.219,51199.219,51199.219,51199.219,1GRFE ,12.157,Avail,Compl,Incmpl,Enable,1.996,OFF,OFF,OFF,OFF,ON,ON,Avail,Compl,Enable,Compl,CL,CL,Compl,Unable,Not Avl,Compl,Compl,Enable,OFF,3090,15,260,ON,4.375,8.750,0.114,2422,10,21,-3,OFF,2.344,4.688,4.180,OFF,0,0,82,Avail,Compl,Enable,0,GRN2#  ,ON,0,ACTIVE,Not Act,0.967,0.952,0.565,0.740,51.227,55.117,Avail,Compl,Avail,Incmpl,Incmpl,Enable,OBD II (California ARB),OFF,OFF,8.002,-0.653,0,1st,OFF,OFF,OFF,OFF,OFF,OFF,-0.781,0,ON,OFF,650,0,OFF,OFF,OFF,ON,Gasoline,1.007,OFF,OFF,0.684,ON,0.703,15.294,11,0,0.762,0.762,2.324,0.762,0.918,2.031,46.667,0,15.294,85,0.008,0.031,OFF,ECT 5th,NA,OFF,96.866,96.910,14.510,0,Not Avl,0,0,0,0,ON,ON,0,0,4
15,0,14.116,Not Avl,Compl,Compl,Unable,OFF,Not Avl,Compl,Compl,Unable,OFF,48.438,56.250,23.750,28.125,19.531,39.551,15.686,31.765,0.781,1.582,ON,0,OFF,ON,ON,1.003,1.016,0.012,0.059,3.322,3.396,0,96,51199.219,13.789,25.490,OFF,OFF,OFF,OFF,OFF,OFF,OFF,Avail,Incmpl,Incmpl,Enable,Avail,488.600,335.700,488.600,335.700,ON,Avail,Compl,Enable,77,0,0,0,0,0,0,6,A,0,0,Avail,Incmpl,Incmpl,Enable,OFF,OFF,699,723.250,51199.219,51199.219,51199.219,51199.219,51199.219,51199.219,1GRFE ,12.157,Avail,Compl,Incmpl,Enable,1.996,OFF,OFF,OFF,OFF,ON,ON,Avail,Compl,Enable,Compl,CL,CL,Compl,Unable,Not Avl,Compl,Compl,Enable,OFF,3090,15,260,ON,4.375,8.750,0.114,2422,10,21,-3,OFF,2.344,4.688,4.180,OFF,0,0,82,Avail,Compl,Enable,0,GRN2#  ,ON,0,ACTIVE,Not Act,0.967,0.952,0.565,0.740,51.227,55.117,Avail,Compl,Avail,Incmpl,Incmpl,Enable,OBD II (California ARB),OFF,OFF,8.002,-0.653,0,1st,OFF,OFF,OFF,OFF,OFF,OFF,-0.781,0,ON,OFF,650,0,OFF,OFF,OFF,ON,Gasoline,1.007,OFF,OFF,0.684,ON,0.703,15.294,11,0,0.762,0.762,2.324,0.762,0.918,2.031,46.667,0,15.294,85,0.008,0.031,OFF,ECT 5th,NA,OFF,96.866,96.910,14.510,0,Not Avl,0,0,0,0,ON,ON,0,0,4
16,0,14.116,Not Avl,Compl,Compl,Unable,OFF,Not Avl,Compl,Compl,Unable,OFF,48.438,56.250,26.875,28.125,19.531,39.551,15.686,31.765,0.781,1.582,ON,0,OFF,ON,ON,1.003,1.016,0.012,0.059,3.322,3.396,0,96,51199.219,13.789,25.490,OFF,OFF,OFF,OFF,OFF,OFF,OFF,Avail,Incmpl,Incmpl,Enable,Avail,488.600,335.700,488.600,335.700,ON,Avail,Compl,Enable,77,0,0,0,0,0,0,6,A,0,0,Avail,Incmpl,Incmpl,Enable,OFF,OFF,699,723.250,51199.219,51199.219,51199.219,51199.219,51199.219,51199.219,1GRFE ,12.157,Avail,Compl,Incmpl,Enable,1.996,OFF,OFF,OFF,OFF,ON,ON,Avail,Compl,Enable,Compl,CL,CL,Compl,Unable,Not Avl,Compl,Compl,Enable,OFF,3090,15,260,ON,4.375,8.750,0.114,2422,10,21,-3,OFF,2.344,4.688,4.180,OFF,0,0,82,Avail,Compl,Enable,0,GRN2#  ,ON,0,ACTIVE,Not Act,0.967,0.952,0.565,0.740,51.227,55.117,Avail,Compl,Avail,Incmpl,Incmpl,Enable,OBD II (California ARB),OFF,OFF,8.002,-0.653,0,1st,OFF,OFF,OFF,OFF,OFF,OFF,-0.781,0,ON,OFF,650,0,OFF,OFF,OFF,ON,Gasoline,1.007,OFF,OFF,0.684,ON,0.703,15.294,11,0,0.762,0.762,2.324,0.762,0.918,2.031,46.667,0,15.294,85,0.008,0.031,OFF,ECT 5th,NA,OFF,96.866,96.910,14.510,0,Not Avl,0,0,0,0,ON,ON,0,0,4
17,0,14.116,Not Avl,Compl,Compl,Unable,OFF,Not Avl,Compl,Compl,Unable,OFF,48.438,56.250,26.875,27.500,19.531,39.551,15.686,31.765,0.781,1.582,ON,0,OFF,ON,ON,1.003,1.016,0.012,0.059,3.322,3.396,0,96,51199.219,13.789,25.490,OFF,OFF,OFF,OFF,OFF,OFF,OFF,Avail,Incmpl,Incmpl,Enable,Avail,488.600,335.700,488.600,335.700,ON,Avail,Compl,Enable,77,0,0,0,0,0,0,6,A,0,0,Avail,Incmpl,Incmpl,Enable,OFF,OFF,699,723.250,51199.219,51199.219,51199.219,51199.219,51199.219,51199.219,1GRFE ,12.157,Avail,Compl,Incmpl,Enable,1.996,OFF,OFF,OFF,OFF,ON,ON,Avail,Compl,Enable,Compl,CL,CL,Compl,Unable,Not Avl,Compl,Compl,Enable,OFF,3090,15,260,ON,4.375,8.750,0.114,2422,10,21,-3,OFF,2.344,4.688,4.180,OFF,0,0,82,Avail,Compl,Enable,0,GRN2#  ,ON,0,ACTIVE,Not Act,0.967,0.952,0.565,0.740,51.227,55.117,Avail,Compl,Avail,Incmpl,Incmpl,Enable,OBD II (California ARB),OFF,OFF,8.002,-0.653,0,1st,OFF,OFF,OFF,OFF,OFF,OFF,-0.781,0,ON,OFF,650,0,OFF,OFF,OFF,ON,Gasoline,1.007,OFF,OFF,0.684,ON,0.703,15.294,11,0,0.762,0.762,2.324,0.762,0.918,2.031,46.667,0,15.294,85,0.008,0.031,OFF,ECT 5th,NA,OFF,96.866,96.910,14.510,0,Not Avl,0,0,0,0,ON,ON,0,0,4
18,0,14.116,Not Avl,Compl,Compl,Unable,OFF,Not Avl,Compl,Compl,Unable,OFF,48.438,56.250,26.875,27.500,19.531,39.551,15.686,31.765,0.781,1.582,ON,0,OFF,ON,ON,1.003,1.016,0.012,0.059,3.322,3.396,0,96,51199.219,13.789,25.490,OFF,OFF,OFF,OFF,OFF,OFF,OFF,Avail,Incmpl,Incmpl,Enable,Avail,488.600,335.700,488.600,335.700,ON,Avail,Compl,Enable,77,0,0,0,0,0,0,6,A,0,0,Avail,Incmpl,Incmpl,Enable,OFF,OFF,699,723.250,51199.219,51199.219,51199.219,51199.219,51199.219,51199.219,1GRFE ,12.157,Avail,Compl,Incmpl,Enable,1.996,OFF,OFF,OFF,OFF,ON,ON,Avail,Compl,Enable,Compl,CL,CL,Compl,Unable,Not Avl,Compl,Compl,Enable,OFF,3090,15,260,ON,4.375,8.750,0.114,2422,10,21,-3,OFF,2.344,4.688,4.180,OFF,0,0,82,Avail,Compl,Enable,0,GRN2#  ,ON,0,ACTIVE,Not Act,0.967,0.952,0.565,0.740,51.227,55.117,Avail,Compl,Avail,Incmpl,Incmpl,Enable,OBD II (California ARB),OFF,OFF,8.002,-0.653,0,1st,OFF,OFF,OFF,OFF,OFF,OFF,-0.781,0,ON,OFF,650,0,OFF,OFF,OFF,ON,Gasoline,1.007,OFF,OFF,0.684,ON,0.703,15.294,11,0,0.762,0.762,2.324,0.762,0.918,2.031,46.667,0,15.294,85,0.008,0.031,OFF,ECT 5th,NA,OFF,96.866,96.910,14.510,0,Not Avl,0,0,0,0,ON,ON,0,0,4
19,0,14.116,Not Avl,Compl,Compl,Unable,OFF,Not Avl,Compl,Compl,Unable,OFF,48.438,56.250,26.875,27.500,19.531,39.551,15.686,31.765,0.781,1.582,ON,0,OFF,ON,ON,1.003,1.016,0.012,0.059,3.322,3.396,0,96,51199.219,13.789,25.490,OFF,OFF,OFF,OFF,OFF,OFF,OFF,Avail,Incmpl,Incmpl,Enable,Avail,488.600,335.700,488.600,335.700,ON,Avail,Compl,Enable,77,0,0,0,0,0,0,6,A,0,0,Avail,Incmpl,Incmpl,Enable,OFF,OFF,699,723.250,51199.219,51199.219,51199.219,51199.219,51199.219,51199.219,1GRFE ,12.157,Avail,Compl,Incmpl,Enable,1.996,OFF,OFF,OFF,OFF,ON,ON,Avail,Compl,Enable,Compl,CL,CL,Compl,Unable,Not Avl,Compl,Compl,Enable,OFF,3090,15,260,ON,4.375,8.750,0.114,2422,10,21,-3,OFF,2.344,4.688,4.180,OFF,0,0,82,Avail,Compl,Enable,0,GRN2#  ,ON,0,ACTIVE,Not Act,0.967,0.952,0.565,0.740,51.227,55.117,Avail,Compl,Avail,Incmpl,Incmpl,Enable,OBD II (California ARB),OFF,OFF,8.002,-0.653,0,1st,OFF,OFF,OFF,OFF,OFF,OFF,-0.781,0,ON,OFF,650,0,OFF,OFF,OFF,ON,Gasoline,1.007,OFF,OFF,0.684,ON,0.703,15.294,11,0,0.762,0.762,2.324,0.762,0.918,2.031,46.667,0,15.294,85,0.008,0.031,OFF,ECT 5th,NA,OFF,96.866,96.910,14.510,0,Not Avl,0,0,0,0,ON,ON,0,0,4
20,0,14.116,Not Avl,Compl,Compl,Unable,OFF,Not Avl,Compl,Compl,Unable,OFF,48.438,56.250,26.875,27.500,19.531,39.551,15.686,31.765,0.781,1.582,ON,0,OFF,ON,ON,1.003,1.016,0.012,0.059,3.322,3.396,0,96,51199.219,13.789,25.490,OFF,OFF,OFF,OFF,OFF,OFF,OFF,Avail,Incmpl,Incmpl,Enable,Avail,488.600,335.700,488.600,335.700,ON,Avail,Compl,Enable,77,0,0,0,0,0,0,6,A,0,0,Avail,Incmpl,Incmpl,Enable,OFF,OFF,699,723.250,51199.219,51199.219,51199.219,51199.219,51199.219,51199.219,1GRFE ,12.157,Avail,Compl,Incmpl,Enable,1.996,OFF,OFF,OFF,OFF,ON,ON,Avail,Compl,Enable,Compl,CL,CL,Compl,Unable,Not Avl,Compl,Compl,Enable,OFF,3090,15,260,ON,4.375,8.750,0.114,2422,10,21,-3,OFF,2.344,4.688,4.180,OFF,0,0,82,Avail,Compl,Enable,0,GRN2#  ,ON,0,ACTIVE,Not Act,0.967,0.952,0.565,0.740,51.227,55.117,Avail,Compl,Avail,Incmpl,Incmpl,Enable,OBD II (California ARB),OFF,OFF,8.002,-0.653,0,1st,OFF,OFF,OFF,OFF,OFF,OFF,-0.781,0,ON,OFF,650,0,OFF,OFF,OFF,ON,Gasoline,1.007,OFF,OFF,0.684,ON,0.703,15.294,11,0,0.762,0.762,2.324,0.762,0.918,2.031,46.667,0,15.294,85,0.008,0.031,OFF,ECT 5th,NA,OFF,96.866,96.910,14.510,0,Not Avl,0,0,0,0,ON,ON,0,0,4
21,0,14.116,Not Avl,Compl,Compl,Unable,OFF,Not Avl,Compl,Compl,Unable,OFF,48.438,56.250,26.875,27.500,19.531,39.551,15.686,31.765,0.781,1.582,ON,0,OFF,ON,ON,1.003,1.016,0.012,0.059,3.322,3.396,0,96,51199.219,13.789,25.490,OFF,OFF,OFF,OFF,OFF,OFF,OFF,Avail,Incmpl,Incmpl,Enable,Avail,488.600,335.700,488.600,335.700,ON,Avail,Compl,Enable,77,0,0,0,0,0,0,6,A,0,0,Avail,Incmpl,Incmpl,Enable,OFF,OFF,699,723.250,51199.219,51199.219,51199.219,51199.219,51199.219,51199.219,1GRFE ,12.157,Avail,Compl,Incmpl,Enable,1.996,OFF,OFF,OFF,OFF,ON,ON,Avail,Compl,Enable,Compl,CL,CL,Compl,Unable,Not Avl,Compl,Compl,Enable,OFF,3090,15,260,ON,4.375,8.750,0.114,2422,10,21,-3,OFF,2.344,4.688,4.180,OFF,0,0,82,Avail,Compl,Enable,0,GRN2#  ,ON,0,ACTIVE,Not Act,0.967,0.952,0.565,0.740,51.227,55.117,Avail,Compl,Avail,Incmpl,Incmpl,Enable,OBD II (California ARB),OFF,OFF,8.002,-0.653,0,1st,OFF,OFF,OFF,OFF,OFF,OFF,-0.781,0,ON,OFF,650,0,OFF,OFF,OFF,ON,Gasoline,1.007,OFF,OFF,0.684,ON,0.703,15.294,11,0,0.762,0.762,2.324,0.762,0.918,2.031,46.667,0,15.294,85,0.008,0.031,OFF,ECT 5th,NA,OFF,96.866,96.910,14.510,0,Not Avl,0,0,0,0,ON,ON,0,0,4
22,0,14.116,Not Avl,Compl,Compl,Unable,OFF,Not Avl,Compl,Compl,Unable,OFF,48.438,56.250,26.875,27.500,19.531,39.551,15.686,31.765,0.781,1.582,ON,0,OFF,ON,ON,1.003,1.016,0.012,0.059,3.322,3.396,0,96,51199.219,13.789,25.490,OFF,OFF,OFF,OFF,OFF,OFF,OFF,Avail,Incmpl,Incmpl,Enable,Avail,488.600,335.700,488.600,335.700,ON,Avail,Compl,Enable,77,0,0,0,0,0,0,6,A,0,0,Avail,Incmpl,Incmpl,Enable,OFF,OFF,699,723.250,51199.219,51199.219,51199.219,51199.219,51199.219,51199.219,1GRFE ,12.157,Avail,Compl,Incmpl,Enable,1.996,OFF,OFF,OFF,OFF,ON,ON,Avail,Compl,Enable,Compl,CL,CL,Compl,Unable,Not Avl,Compl,Compl,Enable,OFF,3090,15,260,ON,4.375,8.750,0.114,2422,10,21,-3,OFF,2.344,4.688,4.180,OFF,0,0,82,Avail,Compl,Enable,0,GRN2#  ,ON,0,ACTIVE,Not Act,0.967,0.952,0.565,0.740,51.227,55.117,Avail,Compl,Avail,Incmpl,Incmpl,Enable,OBD II (California ARB),OFF,OFF,8.002,-0.653,0,1st,OFF,OFF,OFF,OFF,OFF,OFF,-0.781,0,ON,OFF,650,0,OFF,OFF,OFF,ON,Gasoline,1.007,OFF,OFF,0.684,ON,0.703,15.294,11,0,0.762,0.762,2.324,0.762,0.918,2.031,46.667,0,15.294,85,0.008,0.031,OFF,ECT 5th,NA,OFF,96.866,96.910,14.510,0,Not Avl,0,0,0,0,ON,ON,0,0,4
23,0,14.116,Not Avl,Compl,Compl,Unable,OFF,Not Avl,Compl,Compl,Unable,OFF,48.438,56.250,26.875,27.500,19.531,39.551,15.686,31.765,0.781,1.582,ON,0,OFF,ON,ON,1.003,1.016,0.012,0.059,3.322,3.396,0,96,51199.219,13.789,25.490,OFF,OFF,OFF,OFF,OFF,OFF,OFF,Avail,Incmpl,Incmpl,Enable,Avail,488.600,335.700,488.600,335.700,ON,Avail,Compl,Enable,77,0,0,0,0,0,0,6,A,0,0,Avail,Incmpl,Incmpl,Enable,OFF,OFF,699,723.250,51199.219,51199.219,51199.219,51199.219,51199.219,51199.219,1GRFE ,12.157,Avail,Compl,Incmpl,Enable,1.996,OFF,OFF,OFF,OFF,ON,ON,Avail,Compl,Enable,Compl,CL,CL,Compl,Unable,Not Avl,Compl,Compl,Enable,OFF,3090,15,260,ON,4.375,8.750,0.114,2422,10,21,-3,OFF,2.344,4.688,4.180,OFF,0,0,82,Avail,Compl,Enable,0,GRN2#  ,ON,0,ACTIVE,Not Act,0.967,0.952,0.565,0.740,51.227,55.117,Avail,Compl,Avail,Incmpl,Incmpl,Enable,OBD II (California ARB),OFF,OFF,8.002,-0.653,0,1st,OFF,OFF,OFF,OFF,OFF,OFF,-0.781,0,ON,OFF,650,0,OFF,OFF,OFF,ON,Gasoline,1.007,OFF,OFF,0.684,ON,0.703,15.294,11,0,0.762,0.762,2.324,0.762,0.918,2.031,46.667,0,15.294,85,0.008,0.031,OFF,ECT 5th,NA,OFF,96.866,96.910,14.510,0,Not Avl,0,0,0,0,ON,ON,0,0,4
24,0,14.116,Not Avl,Compl,Compl,Unable,OFF,Not Avl,Compl,Compl,Unable,OFF,48.438,56.250,26.875,27.500,19.531,39.551,15.686,31.765,0.781,1.582,ON,0,OFF,ON,ON,1.003,1.016,0.012,0.059,3.322,3.396,0,96,51199.219,13.789,25.490,OFF,OFF,OFF,OFF,OFF,OFF,OFF,Avail,Incmpl,Incmpl,Enable,Avail,488.600,335.700,488.600,335.700,ON,Avail,Compl,Enable,77,0,0,0,0,0,0,6,A,0,0,Avail,Incmpl,Incmpl,Enable,OFF,OFF,699,723.250,51199.219,51199.219,51199.219,51199.219,51199.219,51199.219,1GRFE ,12.157,Avail,Compl,Incmpl,Enable,1.996,OFF,OFF,OFF,OFF,ON,ON,Avail,Compl,Enable,Compl,CL,CL,Compl,Unable,Not Avl,Compl,Compl,Enable,OFF,3090,15,260,ON,4.375,8.750,0.114,2422,10,21,-3,OFF,2.344,4.688,4.180,OFF,0,0,82,Avail,Compl,Enable,0,GRN2#  ,ON,0,ACTIVE,Not Act,0.967,0.952,0.565,0.740,51.227,55.117,Avail,Compl,Avail,Incmpl,Incmpl,Enable,OBD II (California ARB),OFF,OFF,8.002,-0.653,0,1st,OFF,OFF,OFF,OFF,OFF,OFF,-0.781,0,ON,OFF,650,0,OFF,OFF,OFF,ON,Gasoline,1.007,OFF,OFF,0.684,ON,0.703,15.294,11,0,0.762,0.762,2.324,0.762,0.918,2.031,46.667,0,15.294,85,0.008,0.031,OFF,ECT 5th,NA,OFF,96.866,96.910,14.510,0,Not Avl,0,0,0,0,ON,ON,0,0,4
25,0,14.116,Not Avl,Compl,Compl,Unable,OFF,Not Avl,Compl,Compl,Unable,OFF,48.438,56.250,26.875,27.500,19.531,39.551,15.686,31.765,0.781,1.582,ON,0,OFF,ON,ON,1.003,1.016,0.012,0.059,3.322,3.396,0,96,51199.219,13.789,25.490,OFF,OFF,OFF,OFF,OFF,OFF,OFF,Avail,Incmpl,Incmpl,Enable,Avail,488.600,335.700,488.600,335.700,ON,Avail,Compl,Enable,77,0,0,0,0,0,0,6,A,0,0,Avail,Incmpl,Incmpl,Enable,OFF,OFF,699,723.250,51199.219,51199.219,51199.219,51199.219,51199.219,51199.219,1GRFE ,12.157,Avail,Compl,Incmpl,Enable,1.996,OFF,OFF,OFF,OFF,ON,ON,Avail,Compl,Enable,Compl,CL,CL,Compl,Unable,Not Avl,Compl,Compl,Enable,OFF,3090,15,260,ON,4.375,8.750,0.114,2422,10,21,-3,OFF,2.344,4.688,4.180,OFF,0,0,82,Avail,Compl,Enable,0,GRN2#  ,ON,0,ACTIVE,Not Act,0.967,0.952,0.565,0.740,51.227,55.117,Avail,Compl,Avail,Incmpl,Incmpl,Enable,OBD II (California ARB),OFF,OFF,8.002,-0.653,0,1st,OFF,OFF,OFF,OFF,OFF,OFF,-0.781,0,ON,OFF,650,0,OFF,OFF,OFF,ON,Gasoline,1.007,OFF,OFF,0.684,ON,0.703,15.294,11,0,0.762,0.762,2.324,0.762,0.918,2.031,46.667,0,15.294,85,0.008,0.031,OFF,ECT 5th,NA,OFF,96.866,96.910,14.510,0,Not Avl,0,0,0,0,ON,ON,0,0,4
26,0,14.116,Not Avl,Compl,Compl,Unable,OFF,Not Avl,Compl,Compl,Unable,OFF,48.438,56.250,26.875,27.500,19.531,39.551,15.686,31.765,0.781,1.582,ON,0,OFF,ON,ON,1.003,1.016,0.012,0.059,3.322,3.396,0,96,51199.219,13.789,25.490,OFF,OFF,OFF,OFF,OFF,OFF,OFF,Avail,Incmpl,Incmpl,Enable,Avail,488.600,335.700,488.600,335.700,ON,Avail,Compl,Enable,77,0,0,0,0,0,0,6,A,0,0,Avail,Incmpl,Incmpl,Enable,OFF,OFF,699,723.250,51199.219,51199.219,51199.219,51199.219,51199.219,51199.219,1GRFE ,12.157,Avail,Compl,Incmpl,Enable,1.996,OFF,OFF,OFF,OFF,ON,ON,Avail,Compl,Enable,Compl,CL,CL,Compl,Unable,Not Avl,Compl,Compl,Enable,OFF,3090,15,260,ON,4.375,8.750,0.114,2422,10,21,-3,OFF,2.344,4.688,4.180,OFF,0,0,82,Avail,Compl,Enable,0,GRN2#  ,ON,0,ACTIVE,Not Act,0.967,0.952,0.565,0.740,51.227,55.117,Avail,Compl,Avail,Incmpl,Incmpl,Enable,OBD II (California ARB),OFF,OFF,8.002,-0.653,0,1st,OFF,OFF,OFF,OFF,OFF,OFF,-0.781,0,ON,OFF,650,0,OFF,OFF,OFF,ON,Gasoline,1.007,OFF,OFF,0.684,ON,0.703,15.294,11,0,0.762,0.762,2.324,0.762,0.918,2.031,46.667,0,15.294,85,0.008,0.031,OFF,ECT 5th,NA,OFF,96.866,96.910,14.510,0,Not Avl,0,0,0,0,ON,ON,0,0,4
27,0,14.116,Not Avl,Compl,Compl,Unable,OFF,Not Avl,Compl,Compl,Unable,OFF,48.438,56.250,26.875,27.500,19.531,39.551,15.686,31.765,0.781,1.582,ON,0,OFF,ON,ON,1.003,1.016,0.012,0.059,3.322,3.396,0,96,51199.219,13.789,25.490,OFF,OFF,OFF,OFF,OFF,OFF,OFF,Avail,Incmpl,Incmpl,Enable,Avail,488.600,335.700,488.600,335.700,ON,Avail,Compl,Enable,77,0,0,0,0,0,0,6,A,0,0,Avail,Incmpl,Incmpl,Enable,OFF,OFF,699,723.250,51199.219,51199.219,51199.219,51199.219,51199.219,51199.219,1GRFE ,12.157,Avail,Compl,Incmpl,Enable,1.996,OFF,OFF,OFF,OFF,ON,ON,Avail,Compl,Enable,Compl,CL,CL,Compl,Unable,Not Avl,Compl,Compl,Enable,OFF,3090,15,260,ON,4.375,8.750,0.114,2422,10,21,-3,OFF,2.344,4.688,4.180,OFF,0,0,82,Avail,Compl,Enable,0,GRN2#  ,ON,0,ACTIVE,Not Act,0.967,0.952,0.565,0.740,51.227,55.117,Avail,Compl,Avail,Incmpl,Incmpl,Enable,OBD II (California ARB),OFF,OFF,8.002,-0.653,0,1st,OFF,OFF,OFF,OFF,OFF,OFF,-0.781,0,ON,OFF,650,0,OFF,OFF,OFF,ON,Gasoline,1.007,OFF,OFF,0.684,ON,0.703,15.294,11,0,0.762,0.762,2.324,0.762,0.918,2.031,46.667,0,15.294,85,0.008,0.031,OFF,ECT 5th,NA,OFF,96.866,96.910,14.510,0,Not Avl,0,0,0,0,ON,ON,0,0,4
28,0,14.116,Not Avl,Compl,Compl,Unable,OFF,Not Avl,Compl,Compl,Unable,OFF,48.438,56.250,26.875,27.500,19.531,39.551,15.686,31.765,0.781,1.582,ON,0,OFF,ON,ON,1.003,1.016,0.012,0.059,3.322,3.396,0,96,51199.219,13.789,25.490,OFF,OFF,OFF,OFF,OFF,OFF,OFF,Avail,Incmpl,Incmpl,Enable,Avail,488.600,335.700,488.600,335.700,ON,Avail,Compl,Enable,77,0,0,0,0,0,0,6,A,0,0,Avail,Incmpl,Incmpl,Enable,OFF,OFF,699,723.250,51199.219,51199.219,51199.219,51199.219,51199.219,51199.219,1GRFE ,12.157,Avail,Compl,Incmpl,Enable,1.996,OFF,OFF,OFF,OFF,ON,ON,Avail,Compl,Enable,Compl,CL,CL,Compl,Unable,Not Avl,Compl,Compl,Enable,OFF,3090,15,260,ON,4.375,8.750,0.114,2422,10,21,-3,OFF,2.344,4.688,4.180,OFF,0,0,82,Avail,Compl,Enable,0,GRN2#  ,ON,0,ACTIVE,Not Act,0.967,0.952,0.565,0.740,51.227,55.117,Avail,Compl,Avail,Incmpl,Incmpl,Enable,OBD II (California ARB),OFF,OFF,8.002,-0.653,0,1st,OFF,OFF,OFF,OFF,OFF,OFF,-0.781,0,ON,OFF,650,0,OFF,OFF,OFF,ON,Gasoline,1.007,OFF,OFF,0.684,ON,0.703,15.294,11,0,0.762,0.762,2.324,0.762,0.918,2.031,46.667,0,15.294,85,0.008,0.031,OFF,ECT 5th,NA,OFF,96.866,96.910,14.510,0,Not Avl,0,0,0,0,ON,ON,0,0,4
29,0,14.116,Not Avl,Compl,Compl,Unable,OFF,Not Avl,Compl,Compl,Unable,OFF,48.438,56.250,26.875,27.500,19.531,39.551,15.686,31.765,0.781,1.582,ON,0,OFF,ON,ON,0.995,1.016,0.012,0.059,3.322,3.396,0,96,51199.219,13.789,25.490,OFF,OFF,OFF,OFF,OFF,OFF,OFF,Avail,Incmpl,Incmpl,Enable,Avail,488.600,335.700,488.600,335.700,ON,Avail,Compl,Enable,77,0,0,0,0,0,0,6,A,0,0,Avail,Incmpl,Incmpl,Enable,OFF,OFF,699,723.250,51199.219,51199.219,51199.219,51199.219,51199.219,51199.219,1GRFE ,12.157,Avail,Compl,Incmpl,Enable,1.996,OFF,OFF,OFF,OFF,ON,ON,Avail,Compl,Enable,Compl,CL,CL,Compl,Unable,Not Avl,Compl,Compl,Enable,OFF,3090,15,260,ON,4.375,8.750,0.114,2422,10,21,-3,OFF,2.344,4.688,4.180,OFF,0,0,82,Avail,Compl,Enable,0,GRN2#  ,ON,0,ACTIVE,Not Act,0.967,0.952,0.565,0.740,51.227,55.117,Avail,Compl,Avail,Incmpl,Incmpl,Enable,OBD II (California ARB),OFF,OFF,8.002,-0.653,0,1st,OFF,OFF,OFF,OFF,OFF,OFF,-0.781,0,ON,OFF,650,0,OFF,OFF,OFF,ON,Gasoline,1.007,OFF,OFF,0.684,ON,0.703,15.294,11,0,0.762,0.762,2.324,0.762,0.918,2.031,46.667,0,15.294,85,0.008,0.031,OFF,ECT 5th,NA,OFF,96.866,96.910,14.510,0,Not Avl,0,0,0,0,ON,ON,0,0,4
30,0,14.116,Not Avl,Compl,Compl,Unable,OFF,Not Avl,Compl,Compl,Unable,OFF,48.438,56.250,26.875,27.500,19.531,39.551,15.686,31.765,0.781,1.582,ON,0,OFF,ON,ON,0.995,0.996,0.012,0.059,3.322,3.396,0,96,51199.219,13.789,25.490,OFF,OFF,OFF,OFF,OFF,OFF,OFF,Avail,Incmpl,Incmpl,Enable,Avail,488.600,335.700,488.600,335.700,ON,Avail,Compl,Enable,77,0,0,0,0,0,0,6,A,0,0,Avail,Incmpl,Incmpl,Enable,OFF,OFF,699,723.250,51199.219,51199.219,51199.219,51199.219,51199.219,51199.219,1GRFE ,12.157,Avail,Compl,Incmpl,Enable,1.996,OFF,OFF,OFF,OFF,ON,ON,Avail,Compl,Enable,Compl,CL,CL,Compl,Unable,Not Avl,Compl,Compl,Enable,OFF,3090,15,260,ON,4.375,8.750,0.114,2422,10,21,-3,OFF,2.344,4.688,4.180,OFF,0,0,82,Avail,Compl,Enable,0,GRN2#  ,ON,0,ACTIVE,Not Act,0.967,0.952,0.565,0.740,51.227,55.117,Avail,Compl,Avail,Incmpl,Incmpl,Enable,OBD II (California ARB),OFF,OFF,8.002,-0.653,0,1st,OFF,OFF,OFF,OFF,OFF,OFF,-0.781,0,ON,OFF,650,0,OFF,OFF,OFF,ON,Gasoline,1.007,OFF,OFF,0.684,ON,0.703,15.294,11,0,0.762,0.762,2.324,0.762,0.918,2.031,46.667,0,15.294,85,0.008,0.031,OFF,ECT 5th,NA,OFF,96.866,96.910,14.510,0,Not Avl,0,0,0,0,ON,ON,0,0,4
31,0,14.116,Not Avl,Compl,Compl,Unable,OFF,Not Avl,Compl,Compl,Unable,OFF,48.438,56.250,26.875,27.500,19.531,39.551,15.686,31.765,0.781,1.582,ON,0,OFF,ON,ON,0.995,0.996,0,0.059,3.322,3.396,0,96,51199.219,13.789,25.490,OFF,OFF,OFF,OFF,OFF,OFF,OFF,Avail,Incmpl,Incmpl,Enable,Avail,488.600,335.700,488.600,335.700,ON,Avail,Compl,Enable,77,0,0,0,0,0,0,6,A,0,0,Avail,Incmpl,Incmpl,Enable,OFF,OFF,699,723.250,51199.219,51199.219,51199.219,51199.219,51199.219,51199.219,1GRFE ,12.157,Avail,Compl,Incmpl,Enable,1.996,OFF,OFF,OFF,OFF,ON,ON,Avail,Compl,Enable,Compl,CL,CL,Compl,Unable,Not Avl,Compl,Compl,Enable,OFF,3090,15,260,ON,4.375,8.750,0.114,2422,10,21,-3,OFF,2.344,4.688,4.180,OFF,0,0,82,Avail,Compl,Enable,0,GRN2#  ,ON,0,ACTIVE,Not Act,0.967,0.952,0.565,0.740,51.227,55.117,Avail,Compl,Avail,Incmpl,Incmpl,Enable,OBD II (California ARB),OFF,OFF,8.002,-0.653,0,1st,OFF,OFF,OFF,OFF,OFF,OFF,-0.781,0,ON,OFF,650,0,OFF,OFF,OFF,ON,Gasoline,1.007,OFF,OFF,0.684,ON,0.703,15.294,11,0,0.762,0.762,2.324,0.762,0.918,2.031,46.667,0,15.294,85,0.008,0.031,OFF,ECT 5th,NA,OFF,96.866,96.910,14.510,0,Not Avl,0,0,0,0,ON,ON,0,0,4
32,0,14.116,Not Avl,Compl,Compl,Unable,OFF,Not Avl,Compl,Compl,Unable,OFF,48.438,56.250,26.875,27.500,19.531,39.551,15.686,31.765,0.781,1.582,ON,0,OFF,ON,ON,0.995,0.996,0,0.004,3.322,3.396,0,96,51199.219,13.789,25.490,OFF,OFF,OFF,OFF,OFF,OFF,OFF,Avail,Incmpl,Incmpl,Enable,Avail,488.600,335.700,488.600,335.700,ON,Avail,Compl,Enable,77,0,0,0,0,0,0,6,A,0,0,Avail,Incmpl,Incmpl,Enable,OFF,OFF,699,723.250,51199.219,51199.219,51199.219,51199.219,51199.219,51199.219,1GRFE ,12.157,Avail,Compl,Incmpl,Enable,1.996,OFF,OFF,OFF,OFF,ON,ON,Avail,Compl,Enable,Compl,CL,CL,Compl,Unable,Not Avl,Compl,Compl,Enable,OFF,3090,15,260,ON,4.375,8.750,0.114,2422,10,21,-3,OFF,2.344,4.688,4.180,OFF,0,0,82,Avail,Compl,Enable,0,GRN2#  ,ON,0,ACTIVE,Not Act,0.967,0.952,0.565,0.740,51.227,55.117,Avail,Compl,Avail,Incmpl,Incmpl,Enable,OBD II (California ARB),OFF,OFF,8.002,-0.653,0,1st,OFF,OFF,OFF,OFF,OFF,OFF,-0.781,0,ON,OFF,650,0,OFF,OFF,OFF,ON,Gasoline,1.007,OFF,OFF,0.684,ON,0.703,15.294,11,0,0.762,0.762,2.324,0.762,0.918,2.031,46.667,0,15.294,85,0.008,0.031,OFF,ECT 5th,NA,OFF,96.866,96.910,14.510,0,Not Avl,0,0,0,0,ON,ON,0,0,4
33,0,14.116,Not Avl,Compl,Compl,Unable,OFF,Not Avl,Compl,Compl,Unable,OFF,48.438,56.250,26.875,27.500,19.531,39.551,15.686,31.765,0.781,1.582,ON,0,OFF,ON,ON,0.995,0.996,0,0.004,3.288,3.396,0,96,51199.219,13.789,25.490,OFF,OFF,OFF,OFF,OFF,OFF,OFF,Avail,Incmpl,Incmpl,Enable,Avail,488.600,335.700,488.600,335.700,ON,Avail,Compl,Enable,77,0,0,0,0,0,0,6,A,0,0,Avail,Incmpl,Incmpl,Enable,OFF,OFF,699,723.250,51199.219,51199.219,51199.219,51199.219,51199.219,51199.219,1GRFE ,12.157,Avail,Compl,Incmpl,Enable,1.996,OFF,OFF,OFF,OFF,ON,ON,Avail,Compl,Enable,Compl,CL,CL,Compl,Unable,Not Avl,Compl,Compl,Enable,OFF,3090,15,260,ON,4.375,8.750,0.114,2422,10,21,-3,OFF,2.344,4.688,4.180,OFF,0,0,82,Avail,Compl,Enable,0,GRN2#  ,ON,0,ACTIVE,Not Act,0.967,0.952,0.565,0.740,51.227,55.117,Avail,Compl,Avail,Incmpl,Incmpl,Enable,OBD II (California ARB),OFF,OFF,8.002,-0.653,0,1st,OFF,OFF,OFF,OFF,OFF,OFF,-0.781,0,ON,OFF,650,0,OFF,OFF,OFF,ON,Gasoline,1.007,OFF,OFF,0.684,ON,0.703,15.294,11,0,0.762,0.762,2.324,0.762,0.918,2.031,46.667,0,15.294,85,0.008,0.031,OFF,ECT 5th,NA,OFF,96.866,96.910,14.510,0,Not Avl,0,0,0,0,ON,ON,0,0,4
34,0,14.116,Not Avl,Compl,Compl,Unable,OFF,Not Avl,Compl,Compl,Unable,OFF,48.438,56.250,26.875,27.500,19.531,39.551,15.686,31.765,0.781,1.582,ON,0,OFF,ON,ON,0.995,0.996,0,0.004,3.288,3.308,0,96,51199.219,13.789,25.490,OFF,OFF,OFF,OFF,OFF,OFF,OFF,Avail,Incmpl,Incmpl,Enable,Avail,488.600,335.700,488.600,335.700,ON,Avail,Compl,Enable,77,0,0,0,0,0,0,6,A,0,0,Avail,Incmpl,Incmpl,Enable,OFF,OFF,699,723.250,51199.219,51199.219,51199.219,51199.219,51199.219,51199.219,1GRFE ,12.157,Avail,Compl,Incmpl,Enable,1.996,OFF,OFF,OFF,OFF,ON,ON,Avail,Compl,Enable,Compl,CL,CL,Compl,Unable,Not Avl,Compl,Compl,Enable,OFF,3090,15,260,ON,4.375,8.750,0.114,2422,10,21,-3,OFF,2.344,4.688,4.180,OFF,0,0,82,Avail,Compl,Enable,0,GRN2#  ,ON,0,ACTIVE,Not Act,0.967,0.952,0.565,0.740,51.227,55.117,Avail,Compl,Avail,Incmpl,Incmpl,Enable,OBD II (California ARB),OFF,OFF,8.002,-0.653,0,1st,OFF,OFF,OFF,OFF,OFF,OFF,-0.781,0,ON,OFF,650,0,OFF,OFF,OFF,ON,Gasoline,1.007,OFF,OFF,0.684,ON,0.703,15.294,11,0,0.762,0.762,2.324,0.762,0.918,2.031,46.667,0,15.294,85,0.008,0.031,OFF,ECT 5th,NA,OFF,96.866,96.910,14.510,0,Not Avl,0,0,0,0,ON,ON,0,0,4
35,0,14.116,Not Avl,Compl,Compl,Unable,OFF,Not Avl,Compl,Compl,Unable,OFF,48.438,56.250,26.875,27.500,19.531,39.551,15.686,31.765,0.781,1.582,ON,0,OFF,ON,ON,0.995,0.996,0,0.004,3.288,3.308,0,96,51199.219,13.789,25.490,OFF,OFF,OFF,OFF,OFF,OFF,OFF,Avail,Incmpl,Incmpl,Enable,Avail,488.600,335.700,488.600,335.700,ON,Avail,Compl,Enable,77,0,0,0,0,0,0,6,A,0,0,Avail,Incmpl,Incmpl,Enable,OFF,OFF,699,723.250,51199.219,51199.219,51199.219,51199.219,51199.219,51199.219,1GRFE ,12.157,Avail,Compl,Incmpl,Enable,1.996,OFF,OFF,OFF,OFF,ON,ON,Avail,Compl,Enable,Compl,CL,CL,Compl,Unable,Not Avl,Compl,Compl,Enable,OFF,3090,15,260,ON,4.375,8.750,0.114,2422,10,21,-3,OFF,2.344,4.688,4.180,OFF,0,0,82,Avail,Compl,Enable,0,GRN2#  ,ON,0,ACTIVE,Not Act,0.967,0.952,0.565,0.740,51.227,55.117,Avail,Compl,Avail,Incmpl,Incmpl,Enable,OBD II (California ARB),OFF,OFF,8.002,-0.653,0,1st,OFF,OFF,OFF,OFF,OFF,OFF,-0.781,0,ON,OFF,650,0,OFF,OFF,OFF,ON,Gasoline,1.007,OFF,OFF,0.684,ON,0.703,15.294,11,0,0.762,0.762,2.324,0.762,0.918,2.031,46.667,0,15.294,85,0.008,0.031,OFF,ECT 5th,NA,OFF,96.866,96.910,14.510,0,Not Avl,0,0,0,0,ON,ON,0,0,4
36,0,14.116,Not Avl,Compl,Compl,Unable,OFF,Not Avl,Compl,Compl,Unable,OFF,48.438,56.250,26.875,27.500,19.531,39.551,15.686,31.765,0.781,1.582,ON,0,OFF,ON,ON,0.995,0.996,0,0.004,3.288,3.308,0,96,51199.219,13.789,25.490,OFF,OFF,OFF,OFF,OFF,OFF,OFF,Avail,Incmpl,Incmpl,Enable,Avail,488.600,335.700,488.600,335.700,ON,Avail,Compl,Enable,77,0,0,0,0,0,0,6,A,0,0,Avail,Incmpl,Incmpl,Enable,OFF,OFF,699,723.250,51199.219,51199.219,51199.219,51199.219,51199.219,51199.219,1GRFE ,12.157,Avail,Compl,Incmpl,Enable,1.996,OFF,OFF,OFF,OFF,ON,ON,Avail,Compl,Enable,Compl,CL,CL,Compl,Unable,Not Avl,Compl,Compl,Enable,OFF,3090,15,260,ON,4.375,8.750,0.114,2422,10,21,-3,OFF,2.344,4.688,4.180,OFF,0,0,82,Avail,Compl,Enable,0,GRN2#  ,ON,0,ACTIVE,Not Act,0.967,0.952,0.565,0.740,51.227,55.117,Avail,Compl,Avail,Incmpl,Incmpl,Enable,OBD II (California ARB),OFF,OFF,8.002,-0.653,0,1st,OFF,OFF,OFF,OFF,OFF,OFF,-0.781,0,ON,OFF,650,0,OFF,OFF,OFF,ON,Gasoline,1.007,OFF,OFF,0.684,ON,0.703,15.294,11,0,0.762,0.762,2.324,0.762,0.918,2.031,46.667,0,15.294,85,0.008,0.031,OFF,ECT 5th,NA,OFF,96.866,96.910,14.510,0,Not Avl,0,0,0,0,ON,ON,0,0,4
37,0,14.116,Not Avl,Compl,Compl,Unable,OFF,Not Avl,Compl,Compl,Unable,OFF,48.438,56.250,26.875,27.500,19.531,39.551,15.686,31.765,0.781,1.582,ON,0,OFF,ON,ON,0.995,0.996,0,0.004,3.288,3.308,0,96,51199.219,13.789,25.490,OFF,OFF,OFF,OFF,OFF,OFF,OFF,Avail,Incmpl,Incmpl,Enable,Avail,488.600,335.700,488.600,335.700,ON,Avail,Compl,Enable,77,0,0,0,0,0,0,6,A,0,0,Avail,Incmpl,Incmpl,Enable,OFF,OFF,699,723.250,51199.219,51199.219,51199.219,51199.219,51199.219,51199.219,1GRFE ,12.157,Avail,Compl,Incmpl,Enable,1.996,OFF,OFF,OFF,OFF,ON,ON,Avail,Compl,Enable,Compl,CL,CL,Compl,Unable,Not Avl,Compl,Compl,Enable,OFF,3090,15,260,ON,4.375,8.750,0.114,2422,10,21,-3,OFF,2.344,4.688,4.180,OFF,0,0,82,Avail,Compl,Enable,0,GRN2#  ,ON,0,ACTIVE,Not Act,0.967,0.952,0.565,0.740,51.227,55.117,Avail,Compl,Avail,Incmpl,Incmpl,Enable,OBD II (California ARB),OFF,OFF,8.002,-0.653,0,1st,OFF,OFF,OFF,OFF,OFF,OFF,-0.781,0,ON,OFF,650,0,OFF,OFF,OFF,ON,Gasoline,1.007,OFF,OFF,0.684,ON,0.703,15.294,11,0,0.762,0.762,2.324,0.762,0.918,2.031,46.667,0,15.294,85,0.008,0.031,OFF,ECT 5th,NA,OFF,96.866,96.910,14.510,0,Not Avl,0,0,0,0,ON,ON,0,0,4
38,0,14.116,Not Avl,Compl,Compl,Unable,OFF,Not Avl,Compl,Compl,Unable,OFF,48.438,56.250,26.875,27.500,19.531,39.551,15.686,31.765,0.781,1.582,ON,0,OFF,ON,ON,0.995,0.996,0,0.004,3.288,3.308,0,96,51199.219,13.847,25.490,OFF,OFF,OFF,OFF,OFF,OFF,OFF,Avail,Incmpl,Incmpl,Enable,Avail,488.600,335.700,488.600,335.700,ON,Avail,Compl,Enable,77,0,0,0,0,0,0,6,A,0,0,Avail,Incmpl,Incmpl,Enable,OFF,OFF,699,723.250,51199.219,51199.219,51199.219,51199.219,51199.219,51199.219,1GRFE ,12.157,Avail,Compl,Incmpl,Enable,1.996,OFF,OFF,OFF,OFF,ON,ON,Avail,Compl,Enable,Compl,CL,CL,Compl,Unable,Not Avl,Compl,Compl,Enable,OFF,3090,15,260,ON,4.375,8.750,0.114,2422,10,21,-3,OFF,2.344,4.688,4.180,OFF,0,0,82,Avail,Compl,Enable,0,GRN2#  ,ON,0,ACTIVE,Not Act,0.967,0.952,0.565,0.740,51.227,55.117,Avail,Compl,Avail,Incmpl,Incmpl,Enable,OBD II (California ARB),OFF,OFF,8.002,-0.653,0,1st,OFF,OFF,OFF,OFF,OFF,OFF,-0.781,0,ON,OFF,650,0,OFF,OFF,OFF,ON,Gasoline,1.007,OFF,OFF,0.684,ON,0.703,15.294,11,0,0.762,0.762,2.324,0.762,0.918,2.031,46.667,0,15.294,85,0.008,0.031,OFF,ECT 5th,NA,OFF,96.866,96.910,14.510,0,Not Avl,0,0,0,0,ON,ON,0,0,4
39,0,14.116,Not Avl,Compl,Compl,Unable,OFF,Not Avl,Compl,Compl,Unable,OFF,48.438,56.250,26.875,27.500,19.531,39.551,15.686,31.765,0.781,1.582,ON,0,OFF,ON,ON,0.995,0.996,0,0.004,3.288,3.308,0,96,51199.219,13.847,24.314,OFF,OFF,OFF,OFF,OFF,OFF,OFF,Avail,Incmpl,Incmpl,Enable,Avail,488.600,335.700,488.600,335.700,ON,Avail,Compl,Enable,77,0,0,0,0,0,0,6,A,0,0,Avail,Incmpl,Incmpl,Enable,OFF,OFF,699,723.250,51199.219,51199.219,51199.219,51199.219,51199.219,51199.219,1GRFE ,12.157,Avail,Compl,Incmpl,Enable,1.996,OFF,OFF,OFF,OFF,ON,ON,Avail,Compl,Enable,Compl,CL,CL,Compl,Unable,Not Avl,Compl,Compl,Enable,OFF,3090,15,260,ON,4.375,8.750,0.114,2422,10,21,-3,OFF,2.344,4.688,4.180,OFF,0,0,82,Avail,Compl,Enable,0,GRN2#  ,ON,0,ACTIVE,Not Act,0.967,0.952,0.565,0.740,51.227,55.117,Avail,Compl,Avail,Incmpl,Incmpl,Enable,OBD II (California ARB),OFF,OFF,8.002,-0.653,0,1st,OFF,OFF,OFF,OFF,OFF,OFF,-0.781,0,ON,OFF,650,0,OFF,OFF,OFF,ON,Gasoline,1.007,OFF,OFF,0.684,ON,0.703,15.294,11,0,0.762,0.762,2.324,0.762,0.918,2.031,46.667,0,15.294,85,0.008,0.031,OFF,ECT 5th,NA,OFF,96.866,96.910,14.510,0,Not Avl,0,0,0,0,ON,ON,0,0,4
40,0,14.116,Not Avl,Compl,Compl,Unable,OFF,Not Avl,Compl,Compl,Unable,OFF,48.438,56.250,26.875,27.500,19.531,39.551,15.686,31.765,0.781,1.582,ON,0,OFF,ON,ON,0.995,0.996,0,0.004,3.288,3.308,0,96,51199.219,13.847,24.314,OFF,OFF,OFF,OFF,OFF,OFF,OFF,Avail,Incmpl,Incmpl,Enable,Avail,488.600,335.700,488.600,335.700,ON,Avail,Compl,Enable,77,0,0,0,0,0,0,6,A,0,0,Avail,Incmpl,Incmpl,Enable,OFF,OFF,699,723.250,51199.219,51199.219,51199.219,51199.219,51199.219,51199.219,1GRFE ,12.157,Avail,Compl,Incmpl,Enable,1.996,OFF,OFF,OFF,OFF,ON,ON,Avail,Compl,Enable,Compl,CL,CL,Compl,Unable,Not Avl,Compl,Compl,Enable,OFF,3090,15,260,ON,4.375,8.750,0.114,2422,10,21,-3,OFF,2.344,4.688,4.180,OFF,0,0,82,Avail,Compl,Enable,0,GRN2#  ,ON,0,ACTIVE,Not Act,0.967,0.952,0.565,0.740,51.227,55.117,Avail,Compl,Avail,Incmpl,Incmpl,Enable,OBD II (California ARB),OFF,OFF,8.002,-0.653,0,1st,OFF,OFF,OFF,OFF,OFF,OFF,-0.781,0,ON,OFF,650,0,OFF,OFF,OFF,ON,Gasoline,1.007,OFF,OFF,0.684,ON,0.703,15.294,11,0,0.762,0.762,2.324,0.762,0.918,2.031,46.667,0,15.294,85,0.008,0.031,OFF,ECT 5th,NA,OFF,96.866,96.910,14.510,0,Not Avl,0,0,0,0,ON,ON,0,0,4
41,0,14.116,Not Avl,Compl,Compl,Unable,OFF,Not Avl,Compl,Compl,Unable,OFF,48.438,56.250,26.875,27.500,19.531,39.551,15.686,31.765,0.781,1.582,ON,0,OFF,ON,ON,0.995,0.996,0,0.004,3.288,3.308,0,96,51199.219,13.847,24.314,OFF,OFF,OFF,OFF,OFF,OFF,OFF,Avail,Incmpl,Incmpl,Enable,Avail,488.600,335.700,488.600,335.700,ON,Avail,Compl,Enable,77,0,0,0,0,0,0,6,A,0,0,Avail,Incmpl,Incmpl,Enable,OFF,OFF,699,723.250,51199.219,51199.219,51199.219,51199.219,51199.219,51199.219,1GRFE ,12.157,Avail,Compl,Incmpl,Enable,1.996,OFF,OFF,OFF,OFF,ON,ON,Avail,Compl,Enable,Compl,CL,CL,Compl,Unable,Not Avl,Compl,Compl,Enable,OFF,3090,15,260,ON,4.375,8.750,0.114,2422,10,21,-3,OFF,2.344,4.688,4.180,OFF,0,0,82,Avail,Compl,Enable,0,GRN2#  ,ON,0,ACTIVE,Not Act,0.967,0.952,0.565,0.740,51.227,55.117,Avail,Compl,Avail,Incmpl,Incmpl,Enable,OBD II (California ARB),OFF,OFF,8.002,-0.653,0,1st,OFF,OFF,OFF,OFF,OFF,OFF,-0.781,0,ON,OFF,650,0,OFF,OFF,OFF,ON,Gasoline,1.007,OFF,OFF,0.684,ON,0.703,15.294,11,0,0.762,0.762,2.324,0.762,0.918,2.031,46.667,0,15.294,85,0.008,0.031,OFF,ECT 5th,NA,OFF,96.866,96.910,14.510,0,Not Avl,0,0,0,0,ON,ON,0,0,4
42,0,14.116,Not Avl,Compl,Compl,Unable,OFF,Not Avl,Compl,Compl,Unable,OFF,48.438,56.250,26.875,27.500,19.531,39.551,15.686,31.765,0.781,1.582,ON,0,OFF,ON,ON,0.995,0.996,0,0.004,3.288,3.308,0,96,51199.219,13.847,24.314,OFF,OFF,OFF,OFF,OFF,OFF,OFF,Avail,Incmpl,Incmpl,Enable,Avail,488.600,335.700,488.600,335.700,ON,Avail,Compl,Enable,77,0,0,0,0,0,0,6,A,0,0,Avail,Incmpl,Incmpl,Enable,OFF,OFF,699,723.250,51199.219,51199.219,51199.219,51199.219,51199.219,51199.219,1GRFE ,12.157,Avail,Compl,Incmpl,Enable,1.996,OFF,OFF,OFF,OFF,ON,ON,Avail,Compl,Enable,Compl,CL,CL,Compl,Unable,Not Avl,Compl,Compl,Enable,OFF,3090,15,260,ON,4.375,8.750,0.114,2422,10,21,-3,OFF,2.344,4.688,4.180,OFF,0,0,82,Avail,Compl,Enable,0,GRN2#  ,ON,0,ACTIVE,Not Act,0.967,0.952,0.565,0.740,51.227,55.117,Avail,Compl,Avail,Incmpl,Incmpl,Enable,OBD II (California ARB),OFF,OFF,8.002,-0.653,0,1st,OFF,OFF,OFF,OFF,OFF,OFF,-0.781,0,ON,OFF,650,0,OFF,OFF,OFF,ON,Gasoline,1.007,OFF,OFF,0.684,ON,0.703,15.294,11,0,0.762,0.762,2.324,0.762,0.918,2.031,46.667,0,15.294,85,0.008,0.031,OFF,ECT 5th,NA,OFF,96.866,96.910,14.510,0,Not Avl,0,0,0,0,ON,ON,0,0,4
43,0,14.116,Not Avl,Compl,Compl,Unable,OFF,Not Avl,Compl,Compl,Unable,OFF,48.438,56.250,26.875,27.500,19.531,39.551,15.686,31.765,0.781,1.582,ON,0,OFF,ON,ON,0.995,0.996,0,0.004,3.288,3.308,0,96,51199.219,13.847,24.314,OFF,OFF,OFF,OFF,OFF,OFF,OFF,Avail,Incmpl,Incmpl,Enable,Avail,488.600,335.700,488.600,335.700,ON,Avail,Compl,Enable,77,0,0,0,0,0,0,6,A,0,0,Avail,Incmpl,Incmpl,Enable,OFF,OFF,699,723.250,51199.219,51199.219,51199.219,51199.219,51199.219,51199.219,1GRFE ,12.157,Avail,Compl,Incmpl,Enable,1.996,OFF,OFF,OFF,OFF,ON,ON,Avail,Compl,Enable,Compl,CL,CL,Compl,Unable,Not Avl,Compl,Compl,Enable,OFF,3090,15,260,ON,4.375,8.750,0.114,2422,10,21,-3,OFF,2.344,4.688,4.180,OFF,0,0,82,Avail,Compl,Enable,0,GRN2#  ,ON,0,ACTIVE,Not Act,0.967,0.952,0.565,0.740,51.227,55.117,Avail,Compl,Avail,Incmpl,Incmpl,Enable,OBD II (California ARB),OFF,OFF,8.002,-0.653,0,1st,OFF,OFF,OFF,OFF,OFF,OFF,-0.781,0,ON,OFF,650,0,OFF,OFF,OFF,ON,Gasoline,1.007,OFF,OFF,0.684,ON,0.703,15.294,11,0,0.762,0.762,2.324,0.762,0.918,2.031,46.667,0,15.294,85,0.008,0.031,OFF,ECT 5th,NA,OFF,96.866,96.910,14.510,0,Not Avl,0,0,0,0,ON,ON,0,0,4
44,0,14.116,Not Avl,Compl,Compl,Unable,OFF,Not Avl,Compl,Compl,Unable,OFF,48.438,56.250,26.875,27.500,19.531,39.551,15.686,31.765,0.781,1.582,ON,0,OFF,ON,ON,0.995,0.996,0,0.004,3.288,3.308,0,96,51199.219,13.847,24.314,OFF,OFF,OFF,OFF,OFF,OFF,OFF,Avail,Incmpl,Incmpl,Enable,Avail,488.600,335.700,488.600,335.700,ON,Avail,Compl,Enable,77,0,0,0,0,0,0,6,A,0,0,Avail,Incmpl,Incmpl,Enable,OFF,OFF,699,723.250,51199.219,51199.219,51199.219,51199.219,51199.219,51199.219,1GRFE ,12.157,Avail,Compl,Incmpl,Enable,1.996,OFF,OFF,OFF,OFF,ON,ON,Avail,Compl,Enable,Compl,CL,CL,Compl,Unable,Not Avl,Compl,Compl,Enable,OFF,3090,15,260,ON,4.375,8.750,0.114,2422,10,21,-3,OFF,2.344,4.688,4.180,OFF,0,0,82,Avail,Compl,Enable,0,GRN2#  ,ON,0,ACTIVE,Not Act,0.967,0.952,0.565,0.740,51.227,55.117,Avail,Compl,Avail,Incmpl,Incmpl,Enable,OBD II (California ARB),OFF,OFF,8.002,-0.653,0,1st,OFF,OFF,OFF,OFF,OFF,OFF,-0.781,0,ON,OFF,650,0,OFF,OFF,OFF,ON,Gasoline,1.007,OFF,OFF,0.684,ON,0.703,15.294,11,0,0.762,0.762,2.324,0.762,0.918,2.031,46.667,0,15.294,85,0.008,0.031,OFF,ECT 5th,NA,OFF,96.866,96.910,14.510,0,Not Avl,0,0,0,0,ON,ON,0,0,4
45,0,14.116,Not Avl,Compl,Compl,Unable,OFF,Not Avl,Compl,Compl,Unable,OFF,48.438,56.250,26.875,27.500,19.531,39.551,15.686,31.765,0.781,1.582,ON,0,OFF,ON,ON,0.995,0.996,0,0.004,3.288,3.308,0,96,51199.219,13.847,24.314,OFF,OFF,OFF,OFF,OFF,OFF,OFF,Avail,Incmpl,Incmpl,Enable,Avail,488.600,335.700,488.600,335.700,ON,Avail,Compl,Enable,77,0,0,0,0,0,0,6,A,0,0,Avail,Incmpl,Incmpl,Enable,OFF,OFF,699,723.250,51199.219,51199.219,51199.219,51199.219,51199.219,51199.219,1GRFE ,12.157,Avail,Compl,Incmpl,Enable,1.996,OFF,OFF,OFF,OFF,ON,ON,Avail,Compl,Enable,Compl,CL,CL,Compl,Unable,Not Avl,Compl,Compl,Enable,OFF,3090,15,260,ON,4.375,8.750,0.114,2422,10,21,-3,OFF,2.344,4.688,4.180,OFF,0,0,82,Avail,Compl,Enable,0,GRN2#  ,ON,0,ACTIVE,Not Act,0.967,0.952,0.565,0.740,51.227,55.117,Avail,Compl,Avail,Incmpl,Incmpl,Enable,OBD II (California ARB),OFF,OFF,8.002,-0.653,0,1st,OFF,OFF,OFF,OFF,OFF,OFF,-0.781,0,ON,OFF,650,0,OFF,OFF,OFF,ON,Gasoline,1.007,OFF,OFF,0.684,ON,0.703,15.294,11,0,0.762,0.762,2.324,0.762,0.918,2.031,46.667,0,15.294,85,0.008,0.031,OFF,ECT 5th,NA,OFF,96.866,96.910,14.510,0,Not Avl,0,0,0,0,ON,ON,0,0,4
46,0,14.116,Not Avl,Compl,Compl,Unable,OFF,Not Avl,Compl,Compl,Unable,OFF,48.438,56.250,26.875,27.500,19.531,39.551,15.686,31.765,0.781,1.582,ON,0,OFF,ON,ON,0.995,0.996,0,0.004,3.288,3.308,0,96,51199.219,13.847,24.314,OFF,OFF,OFF,OFF,OFF,OFF,OFF,Avail,Incmpl,Incmpl,Enable,Avail,488.600,335.700,488.600,335.700,ON,Avail,Compl,Enable,77,0,0,0,0,0,0,6,A,0,0,Avail,Incmpl,Incmpl,Enable,OFF,OFF,699,723.250,51199.219,51199.219,51199.219,51199.219,51199.219,51199.219,1GRFE ,12.157,Avail,Compl,Incmpl,Enable,1.996,OFF,OFF,OFF,OFF,ON,ON,Avail,Compl,Enable,Compl,CL,CL,Compl,Unable,Not Avl,Compl,Compl,Enable,OFF,3090,15,260,ON,4.375,8.750,0.114,2422,10,21,-3,OFF,2.344,4.688,4.180,OFF,0,0,82,Avail,Compl,Enable,0,GRN2#  ,ON,0,ACTIVE,Not Act,0.967,0.952,0.565,0.740,51.227,55.117,Avail,Compl,Avail,Incmpl,Incmpl,Enable,OBD II (California ARB),OFF,OFF,8.002,-0.653,0,1st,OFF,OFF,OFF,OFF,OFF,OFF,-0.781,0,ON,OFF,650,0,OFF,OFF,OFF,ON,Gasoline,1.007,OFF,OFF,0.684,ON,0.703,15.294,11,0,0.762,0.762,2.324,0.762,0.918,2.031,46.667,0,15.294,85,0.008,0.031,OFF,ECT 5th,NA,OFF,96.866,96.910,14.510,0,Not Avl,0,0,0,0,ON,ON,0,0,4
47,0,14.116,Not Avl,Compl,Compl,Unable,OFF,Not Avl,Compl,Compl,Unable,OFF,48.438,56.250,26.875,27.500,19.531,39.551,15.686,31.765,0.781,1.582,ON,0,OFF,ON,ON,0.995,0.996,0,0.004,3.288,3.308,0,96,51199.219,13.847,24.314,OFF,OFF,OFF,OFF,OFF,OFF,OFF,Avail,Incmpl,Incmpl,Enable,Avail,488.600,335.700,488.600,335.700,ON,Avail,Compl,Enable,77,0,0,0,0,0,0,6,A,0,0,Avail,Incmpl,Incmpl,Enable,OFF,OFF,699,723.250,51199.219,51199.219,51199.219,51199.219,51199.219,51199.219,1GRFE ,12.157,Avail,Compl,Incmpl,Enable,1.996,OFF,OFF,OFF,OFF,ON,ON,Avail,Compl,Enable,Compl,CL,CL,Compl,Unable,Not Avl,Compl,Compl,Enable,OFF,3090,15,260,ON,4.375,8.750,0.114,2422,10,21,-3,OFF,2.344,4.688,4.180,OFF,0,0,82,Avail,Compl,Enable,0,GRN2#  ,ON,0,ACTIVE,Not Act,0.967,0.952,0.565,0.740,51.227,55.117,Avail,Compl,Avail,Incmpl,Incmpl,Enable,OBD II (California ARB),OFF,OFF,8.002,-0.653,0,1st,OFF,OFF,OFF,OFF,OFF,OFF,-0.781,0,ON,OFF,650,0,OFF,OFF,OFF,ON,Gasoline,1.007,OFF,OFF,0.684,ON,0.703,15.294,11,0,0.762,0.762,2.324,0.762,0.918,2.031,46.667,0,15.294,85,0.008,0.031,OFF,ECT 5th,NA,OFF,96.866,96.910,14.510,0,Not Avl,0,0,0,0,ON,ON,0,0,4
48,0,14.116,Not Avl,Compl,Compl,Unable,OFF,Not Avl,Compl,Compl,Unable,OFF,48.438,56.250,26.875,27.500,19.531,39.551,15.686,31.765,0.781,1.582,ON,0,OFF,ON,ON,0.995,0.996,0,0.004,3.288,3.308,0,96,51199.219,13.847,24.314,OFF,OFF,OFF,OFF,OFF,OFF,OFF,Avail,Incmpl,Incmpl,Enable,Avail,488.600,335.700,488.600,335.700,ON,Avail,Compl,Enable,77,0,0,0,0,0,0,6,A,0,0,Avail,Incmpl,Incmpl,Enable,OFF,OFF,699,723.250,51199.219,51199.219,51199.219,51199.219,51199.219,51199.219,1GRFE ,12.157,Avail,Compl,Incmpl,Enable,1.996,OFF,OFF,OFF,OFF,ON,ON,Avail,Compl,Enable,Compl,CL,CL,Compl,Unable,Not Avl,Compl,Compl,Enable,OFF,3090,15,260,ON,4.375,8.750,0.114,2422,10,21,-3,OFF,2.344,4.688,4.180,OFF,0,0,82,Avail,Compl,Enable,0,GRN2#  ,ON,0,ACTIVE,Not Act,0.967,0.952,0.565,0.740,51.227,55.117,Avail,Compl,Avail,Incmpl,Incmpl,Enable,OBD II (California ARB),OFF,OFF,8.002,-0.653,0,1st,OFF,OFF,OFF,OFF,OFF,OFF,-0.781,0,ON,OFF,650,0,OFF,OFF,OFF,ON,Gasoline,1.007,OFF,OFF,0.684,ON,0.703,15.294,11,0,0.762,0.762,2.324,0.762,0.918,2.031,46.667,0,15.294,85,0.008,0.031,OFF,ECT 5th,NA,OFF,96.866,96.910,14.510,0,Not Avl,0,0,0,0,ON,ON,0,0,4
49,0,14.116,Not Avl,Compl,Compl,Unable,OFF,Not Avl,Compl,Compl,Unable,OFF,48.438,56.250,26.875,27.500,19.531,39.551,15.686,31.765,0.781,1.582,ON,0,OFF,ON,ON,0.995,0.996,0,0.004,3.288,3.308,0,96,51199.219,13.847,24.314,OFF,OFF,OFF,OFF,OFF,OFF,OFF,Avail,Incmpl,Incmpl,Enable,Avail,488.600,335.700,488.600,335.700,ON,Avail,Compl,Enable,77,0,0,0,0,0,0,6,A,0,0,Avail,Incmpl,Incmpl,Enable,OFF,OFF,699,723.250,51199.219,51199.219,51199.219,51199.219,51199.219,51199.219,1GRFE ,12.157,Avail,Compl,Incmpl,Enable,1.996,OFF,OFF,OFF,OFF,ON,ON,Avail,Compl,Enable,Compl,CL,CL,Compl,Unable,Not Avl,Compl,Compl,Enable,OFF,3090,15,260,ON,4.375,8.750,0.114,2422,10,21,-3,OFF,2.344,4.688,4.180,OFF,0,0,82,Avail,Compl,Enable,0,GRN2#  ,ON,0,ACTIVE,Not Act,0.967,0.952,0.565,0.740,51.227,55.117,Avail,Compl,Avail,Incmpl,Incmpl,Enable,OBD II (California ARB),OFF,OFF,8.002,-0.653,0,1st,OFF,OFF,OFF,OFF,OFF,OFF,-0.781,0,ON,OFF,650,0,OFF,OFF,OFF,ON,Gasoline,1.007,OFF,OFF,0.684,ON,0.703,15.294,11,0,0.762,0.762,2.324,0.762,0.918,2.031,46.667,0,15.294,85,0.008,0.031,OFF,ECT 5th,NA,OFF,96.866,96.910,14.510,0,Not Avl,0,0,0,0,ON,ON,0,0,4
50,0,14.116,Not Avl,Compl,Compl,Unable,OFF,Not Avl,Compl,Compl,Unable,OFF,48.438,56.250,26.875,27.500,19.531,39.551,15.686,31.765,0.781,1.582,ON,0,OFF,ON,ON,0.995,0.996,0,0.004,3.288,3.308,0,96,51199.219,13.847,24.314,OFF,OFF,OFF,OFF,OFF,OFF,OFF,Avail,Incmpl,Incmpl,Enable,Avail,488.600,335.700,488.600,335.700,ON,Avail,Compl,Enable,77,0,0,0,0,0,0,6,A,0,0,Avail,Incmpl,Incmpl,Enable,OFF,OFF,699,723.250,51199.219,51199.219,51199.219,51199.219,51199.219,51199.219,1GRFE ,12.157,Avail,Compl,Incmpl,Enable,1.996,OFF,OFF,OFF,OFF,ON,ON,Avail,Compl,Enable,Compl,CL,CL,Compl,Unable,Not Avl,Compl,Compl,Enable,OFF,3090,15,260,ON,4.375,8.750,0.114,2422,10,21,-3,OFF,2.344,4.688,4.180,OFF,0,0,82,Avail,Compl,Enable,0,GRN2#  ,ON,0,ACTIVE,Not Act,0.967,0.952,0.565,0.740,51.227,55.117,Avail,Compl,Avail,Incmpl,Incmpl,Enable,OBD II (California ARB),OFF,OFF,8.002,-0.653,0,1st,OFF,OFF,OFF,OFF,OFF,OFF,-0.781,0,ON,OFF,650,0,OFF,OFF,OFF,ON,Gasoline,1.007,OFF,OFF,0.684,ON,0.703,15.294,11,0,0.762,0.762,2.324,0.762,0.918,2.031,46.667,0,15.294,85,0.008,0.031,OFF,ECT 5th,NA,OFF,96.866,96.910,14.510,0,Not Avl,0,0,0,0,ON,ON,0,0,4
51,0,14.116,Not Avl,Compl,Compl,Unable,OFF,Not Avl,Compl,Compl,Unable,OFF,48.438,56.250,26.875,27.500,19.531,39.551,15.686,31.765,0.781,1.582,ON,0,OFF,ON,ON,0.995,0.996,0,0.004,3.288,3.308,0,96,51199.219,13.847,24.314,OFF,OFF,OFF,OFF,OFF,OFF,OFF,Avail,Incmpl,Incmpl,Enable,Avail,488.600,335.700,488.600,335.700,ON,Avail,Compl,Enable,77,0,0,0,0,0,0,6,A,0,0,Avail,Incmpl,Incmpl,Enable,OFF,OFF,699,723.250,51199.219,51199.219,51199.219,51199.219,51199.219,51199.219,1GRFE ,12.157,Avail,Compl,Incmpl,Enable,1.996,OFF,OFF,OFF,OFF,ON,ON,Avail,Compl,Enable,Compl,CL,CL,Compl,Unable,Not Avl,Compl,Compl,Enable,OFF,3090,15,260,ON,4.375,8.750,0.114,2422,10,21,-3,OFF,2.344,4.688,4.180,OFF,0,0,82,Avail,Compl,Enable,0,GRN2#  ,ON,0,ACTIVE,Not Act,0.967,0.952,0.565,0.740,51.227,55.117,Avail,Compl,Avail,Incmpl,Incmpl,Enable,OBD II (California ARB),OFF,OFF,8.002,-0.653,0,1st,OFF,OFF,OFF,OFF,OFF,OFF,-0.781,0,ON,OFF,650,0,OFF,OFF,OFF,ON,Gasoline,1.007,OFF,OFF,0.684,ON,0.703,15.294,11,0,0.762,0.762,2.324,0.762,0.918,2.031,46.667,0,15.294,85,0.008,0.031,OFF,ECT 5th,NA,OFF,96.866,96.910,14.510,0,Not Avl,0,0,0,0,ON,ON,0,0,4
52,0,14.116,Not Avl,Compl,Compl,Unable,OFF,Not Avl,Compl,Compl,Unable,OFF,48.438,56.250,26.875,27.500,19.531,39.551,15.686,31.765,0.781,1.582,ON,0,OFF,ON,ON,0.995,0.996,0,0.004,3.288,3.308,0,96,51199.219,13.847,24.314,OFF,OFF,OFF,OFF,OFF,OFF,OFF,Avail,Incmpl,Incmpl,Enable,Avail,422.300,335.700,488.600,335.700,ON,Avail,Compl,Enable,77,0,0,0,0,0,0,6,A,0,0,Avail,Incmpl,Incmpl,Enable,OFF,OFF,699,723.250,51199.219,51199.219,51199.219,51199.219,51199.219,51199.219,1GRFE ,12.157,Avail,Compl,Incmpl,Enable,1.996,OFF,OFF,OFF,OFF,ON,ON,Avail,Compl,Enable,Compl,CL,CL,Compl,Unable,Not Avl,Compl,Compl,Enable,OFF,3090,15,260,ON,4.375,8.750,0.114,2422,10,21,-3,OFF,2.344,4.688,4.180,OFF,0,0,82,Avail,Compl,Enable,0,GRN2#  ,ON,0,ACTIVE,Not Act,0.967,0.952,0.565,0.740,51.227,55.117,Avail,Compl,Avail,Incmpl,Incmpl,Enable,OBD II (California ARB),OFF,OFF,8.002,-0.653,0,1st,OFF,OFF,OFF,OFF,OFF,OFF,-0.781,0,ON,OFF,650,0,OFF,OFF,OFF,ON,Gasoline,1.007,OFF,OFF,0.684,ON,0.703,15.294,11,0,0.762,0.762,2.324,0.762,0.918,2.031,46.667,0,15.294,85,0.008,0.031,OFF,ECT 5th,NA,OFF,96.866,96.910,14.510,0,Not Avl,0,0,0,0,ON,ON,0,0,4
53,0,14.116,Not Avl,Compl,Compl,Unable,OFF,Not Avl,Compl,Compl,Unable,OFF,48.438,56.250,26.875,27.500,19.531,39.551,15.686,31.765,0.781,1.582,ON,0,OFF,ON,ON,0.995,0.996,0,0.004,3.288,3.308,0,96,51199.219,13.847,24.314,OFF,OFF,OFF,OFF,OFF,OFF,OFF,Avail,Incmpl,Incmpl,Enable,Avail,422.300,218.700,488.600,335.700,ON,Avail,Compl,Enable,77,0,0,0,0,0,0,6,A,0,0,Avail,Incmpl,Incmpl,Enable,OFF,OFF,699,723.250,51199.219,51199.219,51199.219,51199.219,51199.219,51199.219,1GRFE ,12.157,Avail,Compl,Incmpl,Enable,1.996,OFF,OFF,OFF,OFF,ON,ON,Avail,Compl,Enable,Compl,CL,CL,Compl,Unable,Not Avl,Compl,Compl,Enable,OFF,3090,15,260,ON,4.375,8.750,0.114,2422,10,21,-3,OFF,2.344,4.688,4.180,OFF,0,0,82,Avail,Compl,Enable,0,GRN2#  ,ON,0,ACTIVE,Not Act,0.967,0.952,0.565,0.740,51.227,55.117,Avail,Compl,Avail,Incmpl,Incmpl,Enable,OBD II (California ARB),OFF,OFF,8.002,-0.653,0,1st,OFF,OFF,OFF,OFF,OFF,OFF,-0.781,0,ON,OFF,650,0,OFF,OFF,OFF,ON,Gasoline,1.007,OFF,OFF,0.684,ON,0.703,15.294,11,0,0.762,0.762,2.324,0.762,0.918,2.031,46.667,0,15.294,85,0.008,0.031,OFF,ECT 5th,NA,OFF,96.866,96.910,14.510,0,Not Avl,0,0,0,0,ON,ON,0,0,4
54,0,14.116,Not Avl,Compl,Compl,Unable,OFF,Not Avl,Compl,Compl,Unable,OFF,48.438,56.250,26.875,27.500,19.531,39.551,15.686,31.765,0.781,1.582,ON,0,OFF,ON,ON,0.995,0.996,0,0.004,3.288,3.308,0,96,51199.219,13.847,24.314,OFF,OFF,OFF,OFF,OFF,OFF,OFF,Avail,Incmpl,Incmpl,Enable,Avail,422.300,218.700,422.300,335.700,ON,Avail,Compl,Enable,77,0,0,0,0,0,0,6,A,0,0,Avail,Incmpl,Incmpl,Enable,OFF,OFF,699,723.250,51199.219,51199.219,51199.219,51199.219,51199.219,51199.219,1GRFE ,12.157,Avail,Compl,Incmpl,Enable,1.996,OFF,OFF,OFF,OFF,ON,ON,Avail,Compl,Enable,Compl,CL,CL,Compl,Unable,Not Avl,Compl,Compl,Enable,OFF,3090,15,260,ON,4.375,8.750,0.114,2422,10,21,-3,OFF,2.344,4.688,4.180,OFF,0,0,82,Avail,Compl,Enable,0,GRN2#  ,ON,0,ACTIVE,Not Act,0.967,0.952,0.565,0.740,51.227,55.117,Avail,Compl,Avail,Incmpl,Incmpl,Enable,OBD II (California ARB),OFF,OFF,8.002,-0.653,0,1st,OFF,OFF,OFF,OFF,OFF,OFF,-0.781,0,ON,OFF,650,0,OFF,OFF,OFF,ON,Gasoline,1.007,OFF,OFF,0.684,ON,0.703,15.294,11,0,0.762,0.762,2.324,0.762,0.918,2.031,46.667,0,15.294,85,0.008,0.031,OFF,ECT 5th,NA,OFF,96.866,96.910,14.510,0,Not Avl,0,0,0,0,ON,ON,0,0,4
55,0,14.116,Not Avl,Compl,Compl,Unable,OFF,Not Avl,Compl,Compl,Unable,OFF,48.438,56.250,26.875,27.500,19.531,39.551,15.686,31.765,0.781,1.582,ON,0,OFF,ON,ON,0.995,0.996,0,0.004,3.288,3.308,0,96,51199.219,13.847,24.314,OFF,OFF,OFF,OFF,OFF,OFF,OFF,Avail,Incmpl,Incmpl,Enable,Avail,422.300,218.700,422.300,218.700,ON,Avail,Compl,Enable,77,0,0,0,0,0,0,6,A,0,0,Avail,Incmpl,Incmpl,Enable,OFF,OFF,699,723.250,51199.219,51199.219,51199.219,51199.219,51199.219,51199.219,1GRFE ,12.157,Avail,Compl,Incmpl,Enable,1.996,OFF,OFF,OFF,OFF,ON,ON,Avail,Compl,Enable,Compl,CL,CL,Compl,Unable,Not Avl,Compl,Compl,Enable,OFF,3090,15,260,ON,4.375,8.750,0.114,2422,10,21,-3,OFF,2.344,4.688,4.180,OFF,0,0,82,Avail,Compl,Enable,0,GRN2#  ,ON,0,ACTIVE,Not Act,0.967,0.952,0.565,0.740,51.227,55.117,Avail,Compl,Avail,Incmpl,Incmpl,Enable,OBD II (California ARB),OFF,OFF,8.002,-0.653,0,1st,OFF,OFF,OFF,OFF,OFF,OFF,-0.781,0,ON,OFF,650,0,OFF,OFF,OFF,ON,Gasoline,1.007,OFF,OFF,0.684,ON,0.703,15.294,11,0,0.762,0.762,2.324,0.762,0.918,2.031,46.667,0,15.294,85,0.008,0.031,OFF,ECT 5th,NA,OFF,96.866,96.910,14.510,0,Not Avl,0,0,0,0,ON,ON,0,0,4
56,0,14.116,Not Avl,Compl,Compl,Unable,OFF,Not Avl,Compl,Compl,Unable,OFF,48.438,56.250,26.875,27.500,19.531,39.551,15.686,31.765,0.781,1.582,ON,0,OFF,ON,ON,0.995,0.996,0,0.004,3.288,3.308,0,96,51199.219,13.847,24.314,OFF,OFF,OFF,OFF,OFF,OFF,OFF,Avail,Incmpl,Incmpl,Enable,Avail,422.300,218.700,422.300,218.700,ON,Avail,Compl,Enable,77,0,0,0,0,0,0,6,A,0,0,Avail,Incmpl,Incmpl,Enable,OFF,OFF,699,723.250,51199.219,51199.219,51199.219,51199.219,51199.219,51199.219,1GRFE ,12.157,Avail,Compl,Incmpl,Enable,1.996,OFF,OFF,OFF,OFF,ON,ON,Avail,Compl,Enable,Compl,CL,CL,Compl,Unable,Not Avl,Compl,Compl,Enable,OFF,3090,15,260,ON,4.375,8.750,0.114,2422,10,21,-3,OFF,2.344,4.688,4.180,OFF,0,0,82,Avail,Compl,Enable,0,GRN2#  ,ON,0,ACTIVE,Not Act,0.967,0.952,0.565,0.740,51.227,55.117,Avail,Compl,Avail,Incmpl,Incmpl,Enable,OBD II (California ARB),OFF,OFF,8.002,-0.653,0,1st,OFF,OFF,OFF,OFF,OFF,OFF,-0.781,0,ON,OFF,650,0,OFF,OFF,OFF,ON,Gasoline,1.007,OFF,OFF,0.684,ON,0.703,15.294,11,0,0.762,0.762,2.324,0.762,0.918,2.031,46.667,0,15.294,85,0.008,0.031,OFF,ECT 5th,NA,OFF,96.866,96.910,14.510,0,Not Avl,0,0,0,0,ON,ON,0,0,4
57,0,14.116,Not Avl,Compl,Compl,Unable,OFF,Not Avl,Compl,Compl,Unable,OFF,48.438,56.250,26.875,27.500,19.531,39.551,15.686,31.765,0.781,1.582,ON,0,OFF,ON,ON,0.995,0.996,0,0.004,3.288,3.308,0,96,51199.219,13.847,24.314,OFF,OFF,OFF,OFF,OFF,OFF,OFF,Avail,Incmpl,Incmpl,Enable,Avail,422.300,218.700,422.300,218.700,ON,Avail,Compl,Enable,77,0,0,0,0,0,0,6,A,0,0,Avail,Incmpl,Incmpl,Enable,OFF,OFF,699,723.250,51199.219,51199.219,51199.219,51199.219,51199.219,51199.219,1GRFE ,12.157,Avail,Compl,Incmpl,Enable,1.996,OFF,OFF,OFF,OFF,ON,ON,Avail,Compl,Enable,Compl,CL,CL,Compl,Unable,Not Avl,Compl,Compl,Enable,OFF,3090,15,260,ON,4.375,8.750,0.114,2422,10,21,-3,OFF,2.344,4.688,4.180,OFF,0,0,82,Avail,Compl,Enable,0,GRN2#  ,ON,0,ACTIVE,Not Act,0.967,0.952,0.565,0.740,51.227,55.117,Avail,Compl,Avail,Incmpl,Incmpl,Enable,OBD II (California ARB),OFF,OFF,8.002,-0.653,0,1st,OFF,OFF,OFF,OFF,OFF,OFF,-0.781,0,ON,OFF,650,0,OFF,OFF,OFF,ON,Gasoline,1.007,OFF,OFF,0.684,ON,0.703,15.294,11,0,0.762,0.762,2.324,0.762,0.918,2.031,46.667,0,15.294,85,0.008,0.031,OFF,ECT 5th,NA,OFF,96.866,96.910,14.510,0,Not Avl,0,0,0,0,ON,ON,0,0,4
58,0,14.116,Not Avl,Compl,Compl,Unable,OFF,Not Avl,Compl,Compl,Unable,OFF,48.438,56.250,26.875,27.500,19.531,39.551,15.686,31.765,0.781,1.582,ON,0,OFF,ON,ON,0.995,0.996,0,0.004,3.288,3.308,0,96,51199.219,13.847,24.314,OFF,OFF,OFF,OFF,OFF,OFF,OFF,Avail,Incmpl,Incmpl,Enable,Avail,422.300,218.700,422.300,218.700,ON,Avail,Compl,Enable,77,0,0,0,0,0,0,6,A,0,0,Avail,Incmpl,Incmpl,Enable,OFF,OFF,699,723.250,51199.219,51199.219,51199.219,51199.219,51199.219,51199.219,1GRFE ,12.157,Avail,Compl,Incmpl,Enable,1.996,OFF,OFF,OFF,OFF,ON,ON,Avail,Compl,Enable,Compl,CL,CL,Compl,Unable,Not Avl,Compl,Compl,Enable,OFF,3090,15,260,ON,4.375,8.750,0.114,2422,10,21,-3,OFF,2.344,4.688,4.180,OFF,0,0,82,Avail,Compl,Enable,0,GRN2#  ,ON,0,ACTIVE,Not Act,0.967,0.952,0.565,0.740,51.227,55.117,Avail,Compl,Avail,Incmpl,Incmpl,Enable,OBD II (California ARB),OFF,OFF,8.002,-0.653,0,1st,OFF,OFF,OFF,OFF,OFF,OFF,-0.781,0,ON,OFF,650,0,OFF,OFF,OFF,ON,Gasoline,1.007,OFF,OFF,0.684,ON,0.703,15.294,11,0,0.762,0.762,2.324,0.762,0.918,2.031,46.667,0,15.294,85,0.008,0.031,OFF,ECT 5th,NA,OFF,96.866,96.910,14.510,0,Not Avl,0,0,0,0,ON,ON,0,0,4
59,0,14.116,Not Avl,Compl,Compl,Unable,OFF,Not Avl,Compl,Compl,Unable,OFF,48.438,56.250,26.875,27.500,19.531,39.551,15.686,31.765,0.781,1.582,ON,0,OFF,ON,ON,0.995,0.996,0,0.004,3.288,3.308,0,96,51199.219,13.847,24.314,OFF,OFF,OFF,OFF,OFF,OFF,OFF,Avail,Incmpl,Incmpl,Enable,Avail,422.300,218.700,422.300,218.700,ON,Avail,Compl,Enable,77,0,0,0,0,0,0,6,A,0,0,Avail,Incmpl,Incmpl,Enable,OFF,OFF,699,723.250,51199.219,51199.219,51199.219,51199.219,51199.219,51199.219,1GRFE ,12.157,Avail,Compl,Incmpl,Enable,1.996,OFF,OFF,OFF,OFF,ON,ON,Avail,Compl,Enable,Compl,CL,CL,Compl,Unable,Not Avl,Compl,Compl,Enable,OFF,3090,15,260,ON,4.375,8.750,0.114,2422,10,21,-3,OFF,2.344,4.688,4.180,OFF,0,0,82,Avail,Compl,Enable,0,GRN2#  ,ON,0,ACTIVE,Not Act,0.967,0.952,0.565,0.740,51.227,55.117,Avail,Compl,Avail,Incmpl,Incmpl,Enable,OBD II (California ARB),OFF,OFF,8.002,-0.653,0,1st,OFF,OFF,OFF,OFF,OFF,OFF,-0.781,0,ON,OFF,650,0,OFF,OFF,OFF,ON,Gasoline,1.007,OFF,OFF,0.684,ON,0.703,15.294,11,0,0.762,0.762,2.324,0.762,0.918,2.031,46.667,0,15.294,85,0.008,0.031,OFF,ECT 5th,NA,OFF,96.866,96.910,14.510,0,Not Avl,0,0,0,0,ON,ON,0,0,4
60,0,14.116,Not Avl,Compl,Compl,Unable,OFF,Not Avl,Compl,Compl,Unable,OFF,48.438,56.250,26.875,27.500,19.531,39.551,15.686,31.765,0.781,1.582,ON,0,OFF,ON,ON,0.995,0.996,0,0.004,3.288,3.308,0,96,51199.219,13.847,24.314,OFF,OFF,OFF,OFF,OFF,OFF,OFF,Avail,Incmpl,Incmpl,Enable,Avail,422.300,218.700,422.300,218.700,ON,Avail,Compl,Enable,77,0,0,0,0,0,0,6,A,0,0,Avail,Incmpl,Incmpl,Enable,OFF,OFF,699,723.250,51199.219,51199.219,51199.219,51199.219,51199.219,51199.219,1GRFE ,12.157,Avail,Compl,Incmpl,Enable,1.996,OFF,OFF,OFF,OFF,ON,ON,Avail,Compl,Enable,Compl,CL,CL,Compl,Unable,Not Avl,Compl,Compl,Enable,OFF,3090,15,260,ON,4.375,8.750,0.114,2422,10,21,-3,OFF,2.344,4.688,4.180,OFF,0,0,82,Avail,Compl,Enable,0,GRN2#  ,ON,0,ACTIVE,Not Act,0.967,0.952,0.565,0.740,51.227,55.117,Avail,Compl,Avail,Incmpl,Incmpl,Enable,OBD II (California ARB),OFF,OFF,8.002,-0.653,0,1st,OFF,OFF,OFF,OFF,OFF,OFF,-0.781,0,ON,OFF,650,0,OFF,OFF,OFF,ON,Gasoline,1.007,OFF,OFF,0.684,ON,0.703,15.294,11,0,0.762,0.762,2.324,0.762,0.918,2.031,46.667,0,15.294,85,0.008,0.031,OFF,ECT 5th,NA,OFF,96.866,96.910,14.510,0,Not Avl,0,0,0,0,ON,ON,0,0,4
61,0,14.116,Not Avl,Compl,Compl,Unable,OFF,Not Avl,Compl,Compl,Unable,OFF,48.438,56.250,26.875,27.500,19.531,39.551,15.686,31.765,0.781,1.582,ON,0,OFF,ON,ON,0.995,0.996,0,0.004,3.288,3.308,0,96,51199.219,13.847,24.314,OFF,OFF,OFF,OFF,OFF,OFF,OFF,Avail,Incmpl,Incmpl,Enable,Avail,422.300,218.700,422.300,218.700,ON,Avail,Compl,Enable,77,0,0,0,0,0,0,6,A,0,0,Avail,Incmpl,Incmpl,Enable,OFF,OFF,699,723.250,51199.219,51199.219,51199.219,51199.219,51199.219,51199.219,1GRFE ,12.157,Avail,Compl,Incmpl,Enable,1.996,OFF,OFF,OFF,OFF,ON,ON,Avail,Compl,Enable,Compl,CL,CL,Compl,Unable,Not Avl,Compl,Compl,Enable,OFF,3090,15,260,ON,4.375,8.750,0.114,2422,10,21,-3,OFF,2.344,4.688,4.180,OFF,0,0,82,Avail,Compl,Enable,0,GRN2#  ,ON,0,ACTIVE,Not Act,0.967,0.952,0.565,0.740,51.227,55.117,Avail,Compl,Avail,Incmpl,Incmpl,Enable,OBD II (California ARB),OFF,OFF,8.002,-0.653,0,1st,OFF,OFF,OFF,OFF,OFF,OFF,-0.781,0,ON,OFF,650,0,OFF,OFF,OFF,ON,Gasoline,1.007,OFF,OFF,0.684,ON,0.703,15.294,11,0,0.762,0.762,2.324,0.762,0.918,2.031,46.667,0,15.294,85,0.008,0.031,OFF,ECT 5th,NA,OFF,96.866,96.910,14.510,0,Not Avl,0,0,0,0,ON,ON,0,0,4
62,0,14.116,Not Avl,Compl,Compl,Unable,OFF,Not Avl,Compl,Compl,Unable,OFF,48.438,56.250,26.875,27.500,19.531,39.551,15.686,31.765,0.781,1.582,ON,0,OFF,ON,ON,0.995,0.996,0,0.004,3.288,3.308,0,96,51199.219,13.847,24.314,OFF,OFF,OFF,OFF,OFF,OFF,OFF,Avail,Incmpl,Incmpl,Enable,Avail,422.300,218.700,422.300,218.700,ON,Avail,Compl,Enable,77,0,0,0,0,0,0,6,A,0,0,Avail,Incmpl,Incmpl,Enable,OFF,OFF,699,723.250,51199.219,51199.219,51199.219,51199.219,51199.219,51199.219,1GRFE ,12.157,Avail,Compl,Incmpl,Enable,1.996,OFF,OFF,OFF,OFF,ON,ON,Avail,Compl,Enable,Compl,CL,CL,Compl,Unable,Not Avl,Compl,Compl,Enable,OFF,3090,15,260,ON,4.375,8.750,0.114,2422,10,21,-3,OFF,2.344,4.688,4.180,OFF,0,0,82,Avail,Compl,Enable,0,GRN2#  ,ON,0,ACTIVE,Not Act,0.967,0.952,0.565,0.740,51.227,55.117,Avail,Compl,Avail,Incmpl,Incmpl,Enable,OBD II (California ARB),OFF,OFF,8.002,-0.653,0,1st,OFF,OFF,OFF,OFF,OFF,OFF,-0.781,0,ON,OFF,650,0,OFF,OFF,OFF,ON,Gasoline,1.007,OFF,OFF,0.684,ON,0.703,15.294,11,0,0.762,0.762,2.324,0.762,0.918,2.031,46.667,0,15.294,85,0.008,0.031,OFF,ECT 5th,NA,OFF,96.866,96.910,14.510,0,Not Avl,0,0,0,0,ON,ON,0,0,4
63,0,14.116,Not Avl,Compl,Compl,Unable,OFF,Not Avl,Compl,Compl,Unable,OFF,48.438,56.250,26.875,27.500,19.531,39.551,15.686,31.765,0.781,1.582,ON,0,OFF,ON,ON,0.995,0.996,0,0.004,3.288,3.308,0,96,51199.219,13.847,24.314,OFF,OFF,OFF,OFF,OFF,OFF,OFF,Avail,Incmpl,Incmpl,Enable,Avail,422.300,218.700,422.300,218.700,ON,Avail,Compl,Enable,77,0,0,0,0,0,0,6,A,0,0,Avail,Incmpl,Incmpl,Enable,OFF,OFF,941,723.250,51199.219,51199.219,51199.219,51199.219,51199.219,51199.219,1GRFE ,12.157,Avail,Compl,Incmpl,Enable,1.996,OFF,OFF,OFF,OFF,ON,ON,Avail,Compl,Enable,Compl,CL,CL,Compl,Unable,Not Avl,Compl,Compl,Enable,OFF,3090,15,260,ON,4.375,8.750,0.114,2422,10,21,-3,OFF,2.344,4.688,4.180,OFF,0,0,82,Avail,Compl,Enable,0,GRN2#  ,ON,0,ACTIVE,Not Act,0.967,0.952,0.565,0.740,51.227,55.117,Avail,Compl,Avail,Incmpl,Incmpl,Enable,OBD II (California ARB),OFF,OFF,8.002,-0.653,0,1st,OFF,OFF,OFF,OFF,OFF,OFF,-0.781,0,ON,OFF,650,0,OFF,OFF,OFF,ON,Gasoline,1.007,OFF,OFF,0.684,ON,0.703,15.294,11,0,0.762,0.762,2.324,0.762,0.918,2.031,46.667,0,15.294,85,0.008,0.031,OFF,ECT 5th,NA,OFF,96.866,96.910,14.510,0,Not Avl,0,0,0,0,ON,ON,0,0,4
64,0,14.116,Not Avl,Compl,Compl,Unable,OFF,Not Avl,Compl,Compl,Unable,OFF,48.438,56.250,26.875,27.500,19.531,39.551,15.686,31.765,0.781,1.582,ON,0,OFF,ON,ON,0.995,0.996,0,0.004,3.288,3.308,0,96,51199.219,13.847,24.314,OFF,OFF,OFF,OFF,OFF,OFF,OFF,Avail,Incmpl,Incmpl,Enable,Avail,422.300,218.700,422.300,218.700,ON,Avail,Compl,Enable,77,0,0,0,0,0,0,6,A,0,0,Avail,Incmpl,Incmpl,Enable,OFF,OFF,941,703.750,51199.219,51199.219,51199.219,51199.219,51199.219,51199.219,1GRFE ,12.157,Avail,Compl,Incmpl,Enable,1.996,OFF,OFF,OFF,OFF,ON,ON,Avail,Compl,Enable,Compl,CL,CL,Compl,Unable,Not Avl,Compl,Compl,Enable,OFF,3090,15,260,ON,4.375,8.750,0.114,2422,10,21,-3,OFF,2.344,4.688,4.180,OFF,0,0,82,Avail,Compl,Enable,0,GRN2#  ,ON,0,ACTIVE,Not Act,0.967,0.952,0.565,0.740,51.227,55.117,Avail,Compl,Avail,Incmpl,Incmpl,Enable,OBD II (California ARB),OFF,OFF,8.002,-0.653,0,1st,OFF,OFF,OFF,OFF,OFF,OFF,-0.781,0,ON,OFF,650,0,OFF,OFF,OFF,ON,Gasoline,1.007,OFF,OFF,0.684,ON,0.703,15.294,11,0,0.762,0.762,2.324,0.762,0.918,2.031,46.667,0,15.294,85,0.008,0.031,OFF,ECT 5th,NA,OFF,96.866,96.910,14.510,0,Not Avl,0,0,0,0,ON,ON,0,0,4
65,0,14.116,Not Avl,Compl,Compl,Unable,OFF,Not Avl,Compl,Compl,Unable,OFF,48.438,56.250,26.875,27.500,19.531,39.551,15.686,31.765,0.781,1.582,ON,0,OFF,ON,ON,0.995,0.996,0,0.004,3.288,3.308,0,96,51199.219,13.847,24.314,OFF,OFF,OFF,OFF,OFF,OFF,OFF,Avail,Incmpl,Incmpl,Enable,Avail,422.300,218.700,422.300,218.700,ON,Avail,Compl,Enable,77,0,0,0,0,0,0,6,A,0,0,Avail,Incmpl,Incmpl,Enable,OFF,OFF,941,703.750,51199.219,51199.219,51199.219,51199.219,51199.219,51199.219,1GRFE ,12.157,Avail,Compl,Incmpl,Enable,1.996,OFF,OFF,OFF,OFF,ON,ON,Avail,Compl,Enable,Compl,CL,CL,Compl,Unable,Not Avl,Compl,Compl,Enable,OFF,3090,15,260,ON,4.375,8.750,0.114,2422,10,21,-3,OFF,2.344,4.688,4.180,OFF,0,0,82,Avail,Compl,Enable,0,GRN2#  ,ON,0,ACTIVE,Not Act,0.967,0.952,0.565,0.740,51.227,55.117,Avail,Compl,Avail,Incmpl,Incmpl,Enable,OBD II (California ARB),OFF,OFF,8.002,-0.653,0,1st,OFF,OFF,OFF,OFF,OFF,OFF,-0.781,0,ON,OFF,650,0,OFF,OFF,OFF,ON,Gasoline,1.007,OFF,OFF,0.684,ON,0.703,15.294,11,0,0.762,0.762,2.324,0.762,0.918,2.031,46.667,0,15.294,85,0.008,0.031,OFF,ECT 5th,NA,OFF,96.866,96.910,14.510,0,Not Avl,0,0,0,0,ON,ON,0,0,4
66,0,14.116,Not Avl,Compl,Compl,Unable,OFF,Not Avl,Compl,Compl,Unable,OFF,48.438,56.250,26.875,27.500,19.531,39.551,15.686,31.765,0.781,1.582,ON,0,OFF,ON,ON,0.995,0.996,0,0.004,3.288,3.308,0,96,51199.219,13.847,24.314,OFF,OFF,OFF,OFF,OFF,OFF,OFF,Avail,Incmpl,Incmpl,Enable,Avail,422.300,218.700,422.300,218.700,ON,Avail,Compl,Enable,77,0,0,0,0,0,0,6,A,0,0,Avail,Incmpl,Incmpl,Enable,OFF,OFF,941,703.750,51199.219,51199.219,51199.219,51199.219,51199.219,51199.219,1GRFE ,12.157,Avail,Compl,Incmpl,Enable,1.996,OFF,OFF,OFF,OFF,ON,ON,Avail,Compl,Enable,Compl,CL,CL,Compl,Unable,Not Avl,Compl,Compl,Enable,OFF,3090,15,260,ON,4.375,8.750,0.114,2422,10,21,-3,OFF,2.344,4.688,4.180,OFF,0,0,82,Avail,Compl,Enable,0,GRN2#  ,ON,0,ACTIVE,Not Act,0.967,0.952,0.565,0.740,51.227,55.117,Avail,Compl,Avail,Incmpl,Incmpl,Enable,OBD II (California ARB),OFF,OFF,8.002,-0.653,0,1st,OFF,OFF,OFF,OFF,OFF,OFF,-0.781,0,ON,OFF,650,0,OFF,OFF,OFF,ON,Gasoline,1.007,OFF,OFF,0.684,ON,0.703,15.294,11,0,0.762,0.762,2.324,0.762,0.918,2.031,46.667,0,15.294,85,0.008,0.031,OFF,ECT 5th,NA,OFF,96.866,96.910,14.510,0,Not Avl,0,0,0,0,ON,ON,0,0,4
67,0,14.116,Not Avl,Compl,Compl,Unable,OFF,Not Avl,Compl,Compl,Unable,OFF,48.438,56.250,26.875,27.500,19.531,39.551,15.686,31.765,0.781,1.582,ON,0,OFF,ON,ON,0.995,0.996,0,0.004,3.288,3.308,0,96,51199.219,13.847,24.314,OFF,OFF,OFF,OFF,OFF,OFF,OFF,Avail,Incmpl,Incmpl,Enable,Avail,422.300,218.700,422.300,218.700,ON,Avail,Compl,Enable,77,0,0,0,0,0,0,6,A,0,0,Avail,Incmpl,Incmpl,Enable,OFF,OFF,941,703.750,51199.219,51199.219,51199.219,51199.219,51199.219,51199.219,1GRFE ,12.157,Avail,Compl,Incmpl,Enable,1.996,OFF,OFF,OFF,OFF,ON,ON,Avail,Compl,Enable,Compl,CL,CL,Compl,Unable,Not Avl,Compl,Compl,Enable,OFF,3090,15,260,ON,4.375,8.750,0.114,2422,10,21,-3,OFF,2.344,4.688,4.180,OFF,0,0,82,Avail,Compl,Enable,0,GRN2#  ,ON,0,ACTIVE,Not Act,0.967,0.952,0.565,0.740,51.227,55.117,Avail,Compl,Avail,Incmpl,Incmpl,Enable,OBD II (California ARB),OFF,OFF,8.002,-0.653,0,1st,OFF,OFF,OFF,OFF,OFF,OFF,-0.781,0,ON,OFF,650,0,OFF,OFF,OFF,ON,Gasoline,1.007,OFF,OFF,0.684,ON,0.703,15.294,11,0,0.762,0.762,2.324,0.762,0.918,2.031,46.667,0,15.294,85,0.008,0.031,OFF,ECT 5th,NA,OFF,96.866,96.910,14.510,0,Not Avl,0,0,0,0,ON,ON,0,0,4
68,0,14.116,Not Avl,Compl,Compl,Unable,OFF,Not Avl,Compl,Compl,Unable,OFF,48.438,56.250,26.875,27.500,19.531,39.551,15.686,31.765,0.781,1.582,ON,0,OFF,ON,ON,0.995,0.996,0,0.004,3.288,3.308,0,96,51199.219,13.847,24.314,OFF,OFF,OFF,OFF,OFF,OFF,OFF,Avail,Incmpl,Incmpl,Enable,Avail,422.300,218.700,422.300,218.700,ON,Avail,Compl,Enable,77,0,0,0,0,0,0,6,A,0,0,Avail,Incmpl,Incmpl,Enable,OFF,OFF,941,703.750,51199.219,51199.219,51199.219,51199.219,51199.219,51199.219,1GRFE ,12.157,Avail,Compl,Incmpl,Enable,1.996,OFF,OFF,OFF,OFF,ON,ON,Avail,Compl,Enable,Compl,CL,CL,Compl,Unable,Not Avl,Compl,Compl,Enable,OFF,3090,15,260,ON,4.375,8.750,0.114,2422,10,21,-3,OFF,2.344,4.688,4.180,OFF,0,0,82,Avail,Compl,Enable,0,GRN2#  ,ON,0,ACTIVE,Not Act,0.967,0.952,0.565,0.740,51.227,55.117,Avail,Compl,Avail,Incmpl,Incmpl,Enable,OBD II (California ARB),OFF,OFF,8.002,-0.653,0,1st,OFF,OFF,OFF,OFF,OFF,OFF,-0.781,0,ON,OFF,650,0,OFF,OFF,OFF,ON,Gasoline,1.007,OFF,OFF,0.684,ON,0.703,15.294,11,0,0.762,0.762,2.324,0.762,0.918,2.031,46.667,0,15.294,85,0.008,0.031,OFF,ECT 5th,NA,OFF,96.866,96.910,14.510,0,Not Avl,0,0,0,0,ON,ON,0,0,4
69,0,14.116,Not Avl,Compl,Compl,Unable,OFF,Not Avl,Compl,Compl,Unable,OFF,48.438,56.250,26.875,27.500,19.531,39.551,15.686,31.765,0.781,1.582,ON,0,OFF,ON,ON,0.995,0.996,0,0.004,3.288,3.308,0,96,51199.219,13.847,24.314,OFF,OFF,OFF,OFF,OFF,OFF,OFF,Avail,Incmpl,Incmpl,Enable,Avail,422.300,218.700,422.300,218.700,ON,Avail,Compl,Enable,77,0,0,0,0,0,0,6,A,0,0,Avail,Incmpl,Incmpl,Enable,OFF,OFF,941,703.750,51199.219,51199.219,51199.219,51199.219,51199.219,51199.219,1GRFE ,12.157,Avail,Compl,Incmpl,Enable,1.996,OFF,OFF,OFF,OFF,ON,ON,Avail,Compl,Enable,Compl,CL,CL,Compl,Unable,Not Avl,Compl,Compl,Enable,OFF,3090,15,260,ON,4.375,8.750,0.114,2422,10,21,-3,OFF,2.344,4.688,4.180,OFF,0,0,82,Avail,Compl,Enable,0,GRN2#  ,ON,0,ACTIVE,Not Act,0.967,0.952,0.565,0.740,51.227,55.117,Avail,Compl,Avail,Incmpl,Incmpl,Enable,OBD II (California ARB),OFF,OFF,8.002,-0.653,0,1st,OFF,OFF,OFF,OFF,OFF,OFF,-0.781,0,ON,OFF,650,0,OFF,OFF,OFF,ON,Gasoline,1.007,OFF,OFF,0.684,ON,0.703,15.294,11,0,0.762,0.762,2.324,0.762,0.918,2.031,46.667,0,15.294,85,0.008,0.031,OFF,ECT 5th,NA,OFF,96.866,96.910,14.510,0,Not Avl,0,0,0,0,ON,ON,0,0,4
70,0,14.116,Not Avl,Compl,Compl,Unable,OFF,Not Avl,Compl,Compl,Unable,OFF,48.438,56.250,26.875,27.500,19.531,39.551,15.686,31.765,0.781,1.582,ON,0,OFF,ON,ON,0.995,0.996,0,0.004,3.288,3.308,0,96,51199.219,13.847,24.314,OFF,OFF,OFF,OFF,OFF,OFF,OFF,Avail,Incmpl,Incmpl,Enable,Avail,422.300,218.700,422.300,218.700,ON,Avail,Compl,Enable,77,0,0,0,0,0,0,6,A,0,0,Avail,Incmpl,Incmpl,Enable,OFF,OFF,941,703.750,51199.219,51199.219,51199.219,51199.219,51199.219,51199.219,1GRFE ,12.157,Avail,Compl,Incmpl,Enable,1.996,OFF,OFF,OFF,OFF,ON,ON,Avail,Compl,Enable,Compl,CL,CL,Compl,Unable,Not Avl,Compl,Compl,Enable,OFF,3090,15,260,ON,4.375,8.750,0.114,2422,10,21,-3,OFF,2.344,4.688,4.180,OFF,0,0,82,Avail,Compl,Enable,0,GRN2#  ,ON,0,ACTIVE,Not Act,0.967,0.952,0.565,0.740,51.227,55.117,Avail,Compl,Avail,Incmpl,Incmpl,Enable,OBD II (California ARB),OFF,OFF,8.002,-0.653,0,1st,OFF,OFF,OFF,OFF,OFF,OFF,-0.781,0,ON,OFF,650,0,OFF,OFF,OFF,ON,Gasoline,1.007,OFF,OFF,0.684,ON,0.703,15.294,11,0,0.762,0.762,2.324,0.762,0.918,2.031,46.667,0,15.294,85,0.008,0.031,OFF,ECT 5th,NA,OFF,96.866,96.910,14.510,0,Not Avl,0,0,0,0,ON,ON,0,0,4
71,0,14.116,Not Avl,Compl,Compl,Unable,OFF,Not Avl,Compl,Compl,Unable,OFF,48.438,56.250,26.875,27.500,19.531,39.551,15.686,31.765,0.781,1.582,ON,0,OFF,ON,ON,0.995,0.996,0,0.004,3.288,3.308,0,96,51199.219,13.847,24.314,OFF,OFF,OFF,OFF,OFF,OFF,OFF,Avail,Incmpl,Incmpl,Enable,Avail,422.300,218.700,422.300,218.700,ON,Avail,Compl,Enable,77,0,0,0,0,0,0,6,A,0,0,Avail,Incmpl,Incmpl,Enable,OFF,OFF,941,703.750,51199.219,51199.219,51199.219,51199.219,51199.219,51199.219,1GRFE ,12.157,Avail,Compl,Incmpl,Enable,1.996,OFF,OFF,OFF,OFF,ON,ON,Avail,Compl,Enable,Compl,CL,CL,Compl,Unable,Not Avl,Compl,Compl,Enable,OFF,3090,15,260,ON,4.375,8.750,0.114,2422,10,21,-3,OFF,2.344,4.688,4.180,OFF,0,0,82,Avail,Compl,Enable,0,GRN2#  ,ON,0,ACTIVE,Not Act,0.967,0.952,0.565,0.740,51.227,55.117,Avail,Compl,Avail,Incmpl,Incmpl,Enable,OBD II (California ARB),OFF,OFF,8.002,-0.653,0,1st,OFF,OFF,OFF,OFF,OFF,OFF,-0.781,0,ON,OFF,650,0,OFF,OFF,OFF,ON,Gasoline,1.007,OFF,OFF,0.684,ON,0.703,15.294,11,0,0.762,0.762,2.324,0.762,0.918,2.031,46.667,0,15.294,85,0.008,0.031,OFF,ECT 5th,NA,OFF,96.866,96.910,14.510,0,Not Avl,0,0,0,0,ON,ON,0,0,4
72,0,14.116,Not Avl,Compl,Compl,Unable,OFF,Not Avl,Compl,Compl,Unable,OFF,48.438,56.250,26.875,27.500,19.531,39.551,15.686,31.765,0.781,1.582,ON,0,OFF,ON,ON,0.995,0.996,0,0.004,3.288,3.308,0,96,51199.219,13.847,24.314,OFF,OFF,OFF,OFF,OFF,OFF,OFF,Avail,Incmpl,Incmpl,Enable,Avail,422.300,218.700,422.300,218.700,ON,Avail,Compl,Enable,77,0,0,0,0,0,0,6,A,0,0,Avail,Incmpl,Incmpl,Enable,OFF,OFF,941,703.750,51199.219,51199.219,51199.219,51199.219,51199.219,51199.219,1GRFE ,33.333,Avail,Compl,Incmpl,Enable,1.996,OFF,OFF,OFF,OFF,ON,ON,Avail,Compl,Enable,Compl,CL,CL,Compl,Unable,Not Avl,Compl,Compl,Enable,OFF,3090,15,260,ON,4.375,8.750,0.114,2422,10,21,-3,OFF,2.344,4.688,4.180,OFF,0,0,82,Avail,Compl,Enable,0,GRN2#  ,ON,0,ACTIVE,Not Act,0.967,0.952,0.565,0.740,51.227,55.117,Avail,Compl,Avail,Incmpl,Incmpl,Enable,OBD II (California ARB),OFF,OFF,8.002,-0.653,0,1st,OFF,OFF,OFF,OFF,OFF,OFF,-0.781,0,ON,OFF,650,0,OFF,OFF,OFF,ON,Gasoline,1.007,OFF,OFF,0.684,ON,0.703,15.294,11,0,0.762,0.762,2.324,0.762,0.918,2.031,46.667,0,15.294,85,0.008,0.031,OFF,ECT 5th,NA,OFF,96.866,96.910,14.510,0,Not Avl,0,0,0,0,ON,ON,0,0,4
73,0,14.116,Not Avl,Compl,Compl,Unable,OFF,Not Avl,Compl,Compl,Unable,OFF,48.438,56.250,26.875,27.500,19.531,39.551,15.686,31.765,0.781,1.582,ON,0,OFF,ON,ON,0.995,0.996,0,0.004,3.288,3.308,0,96,51199.219,13.847,24.314,OFF,OFF,OFF,OFF,OFF,OFF,OFF,Avail,Incmpl,Incmpl,Enable,Avail,422.300,218.700,422.300,218.700,ON,Avail,Compl,Enable,77,0,0,0,0,0,0,6,A,0,0,Avail,Incmpl,Incmpl,Enable,OFF,OFF,941,703.750,51199.219,51199.219,51199.219,51199.219,51199.219,51199.219,1GRFE ,33.333,Avail,Compl,Incmpl,Enable,1.996,OFF,OFF,OFF,OFF,ON,ON,Avail,Compl,Enable,Compl,CL,CL,Compl,Unable,Not Avl,Compl,Compl,Enable,OFF,3090,15,260,ON,4.375,8.750,0.114,2422,10,21,-3,OFF,2.344,4.688,4.180,OFF,0,0,82,Avail,Compl,Enable,0,GRN2#  ,ON,0,ACTIVE,Not Act,0.967,0.952,0.565,0.740,51.227,55.117,Avail,Compl,Avail,Incmpl,Incmpl,Enable,OBD II (California ARB),OFF,OFF,8.002,-0.653,0,1st,OFF,OFF,OFF,OFF,OFF,OFF,-0.781,0,ON,OFF,650,0,OFF,OFF,OFF,ON,Gasoline,1.007,OFF,OFF,0.684,ON,0.703,15.294,11,0,0.762,0.762,2.324,0.762,0.918,2.031,46.667,0,15.294,85,0.008,0.031,OFF,ECT 5th,NA,OFF,96.866,96.910,14.510,0,Not Avl,0,0,0,0,ON,ON,0,0,4
74,0,14.116,Not Avl,Compl,Compl,Unable,OFF,Not Avl,Compl,Compl,Unable,OFF,48.438,56.250,26.875,27.500,19.531,39.551,15.686,31.765,0.781,1.582,ON,0,OFF,ON,ON,0.995,0.996,0,0.004,3.288,3.308,0,96,51199.219,13.847,24.314,OFF,OFF,OFF,OFF,OFF,OFF,OFF,Avail,Incmpl,Incmpl,Enable,Avail,422.300,218.700,422.300,218.700,ON,Avail,Compl,Enable,77,0,0,0,0,0,0,6,A,0,0,Avail,Incmpl,Incmpl,Enable,OFF,OFF,941,703.750,51199.219,51199.219,51199.219,51199.219,51199.219,51199.219,1GRFE ,33.333,Avail,Compl,Incmpl,Enable,1.996,OFF,OFF,OFF,OFF,ON,ON,Avail,Compl,Enable,Compl,CL,CL,Compl,Unable,Not Avl,Compl,Compl,Enable,OFF,3090,15,260,ON,4.375,8.750,0.114,2422,10,21,-3,OFF,2.344,4.688,4.180,OFF,0,0,82,Avail,Compl,Enable,0,GRN2#  ,ON,0,ACTIVE,Not Act,0.967,0.952,0.565,0.740,51.227,55.117,Avail,Compl,Avail,Incmpl,Incmpl,Enable,OBD II (California ARB),OFF,OFF,8.002,-0.653,0,1st,OFF,OFF,OFF,OFF,OFF,OFF,-0.781,0,ON,OFF,650,0,OFF,OFF,OFF,ON,Gasoline,1.007,OFF,OFF,0.684,ON,0.703,15.294,11,0,0.762,0.762,2.324,0.762,0.918,2.031,46.667,0,15.294,85,0.008,0.031,OFF,ECT 5th,NA,OFF,96.866,96.910,14.510,0,Not Avl,0,0,0,0,ON,ON,0,0,4
75,0,14.116,Not Avl,Compl,Compl,Unable,OFF,Not Avl,Compl,Compl,Unable,OFF,48.438,56.250,26.875,27.500,19.531,39.551,15.686,31.765,0.781,1.582,ON,0,OFF,ON,ON,0.995,0.996,0,0.004,3.288,3.308,0,96,51199.219,13.847,24.314,OFF,OFF,OFF,OFF,OFF,OFF,OFF,Avail,Incmpl,Incmpl,Enable,Avail,422.300,218.700,422.300,218.700,ON,Avail,Compl,Enable,77,0,0,0,0,0,0,6,A,0,0,Avail,Incmpl,Incmpl,Enable,OFF,OFF,941,703.750,51199.219,51199.219,51199.219,51199.219,51199.219,51199.219,1GRFE ,33.333,Avail,Compl,Incmpl,Enable,1.996,OFF,OFF,OFF,OFF,ON,ON,Avail,Compl,Enable,Compl,CL,CL,Compl,Unable,Not Avl,Compl,Compl,Enable,OFF,3090,15,260,ON,4.375,8.750,0.114,2422,10,21,-3,OFF,2.344,4.688,4.180,OFF,0,0,82,Avail,Compl,Enable,0,GRN2#  ,ON,0,ACTIVE,Not Act,0.967,0.952,0.565,0.740,51.227,55.117,Avail,Compl,Avail,Incmpl,Incmpl,Enable,OBD II (California ARB),OFF,OFF,8.002,-0.653,0,1st,OFF,OFF,OFF,OFF,OFF,OFF,-0.781,0,ON,OFF,650,0,OFF,OFF,OFF,ON,Gasoline,1.007,OFF,OFF,0.684,ON,0.703,15.294,11,0,0.762,0.762,2.324,0.762,0.918,2.031,46.667,0,15.294,85,0.008,0.031,OFF,ECT 5th,NA,OFF,96.866,96.910,14.510,0,Not Avl,0,0,0,0,ON,ON,0,0,4
76,0,14.116,Not Avl,Compl,Compl,Unable,OFF,Not Avl,Compl,Compl,Unable,OFF,48.438,56.250,26.875,27.500,19.531,39.551,15.686,31.765,0.781,1.582,ON,0,OFF,ON,ON,0.995,0.996,0,0.004,3.288,3.308,0,96,51199.219,13.847,24.314,OFF,OFF,OFF,OFF,OFF,OFF,OFF,Avail,Incmpl,Incmpl,Enable,Avail,422.300,218.700,422.300,218.700,ON,Avail,Compl,Enable,77,0,0,0,0,0,0,6,A,0,0,Avail,Incmpl,Incmpl,Enable,OFF,OFF,941,703.750,51199.219,51199.219,51199.219,51199.219,51199.219,51199.219,1GRFE ,33.333,Avail,Compl,Incmpl,Enable,1.996,OFF,OFF,OFF,OFF,ON,ON,Avail,Compl,Enable,Compl,CL,CL,Compl,Unable,Not Avl,Compl,Compl,Enable,OFF,3090,15,260,ON,4.375,8.750,0.114,2422,10,21,-3,OFF,2.344,4.688,4.180,OFF,0,0,82,Avail,Compl,Enable,0,GRN2#  ,ON,0,ACTIVE,Not Act,0.967,0.952,0.565,0.740,51.227,55.117,Avail,Compl,Avail,Incmpl,Incmpl,Enable,OBD II (California ARB),OFF,OFF,8.002,-0.653,0,1st,OFF,OFF,OFF,OFF,OFF,OFF,-0.781,0,ON,OFF,650,0,OFF,OFF,OFF,ON,Gasoline,1.007,OFF,OFF,0.684,ON,0.703,15.294,11,0,0.762,0.762,2.324,0.762,0.918,2.031,46.667,0,15.294,85,0.008,0.031,OFF,ECT 5th,NA,OFF,96.866,96.910,14.510,0,Not Avl,0,0,0,0,ON,ON,0,0,4
77,0,14.116,Not Avl,Compl,Compl,Unable,OFF,Not Avl,Compl,Compl,Unable,OFF,48.438,56.250,26.875,27.500,19.531,39.551,15.686,31.765,0.781,1.582,ON,0,OFF,ON,ON,0.995,0.996,0,0.004,3.288,3.308,0,96,51199.219,13.847,24.314,OFF,OFF,OFF,OFF,OFF,OFF,OFF,Avail,Incmpl,Incmpl,Enable,Avail,422.300,218.700,422.300,218.700,ON,Avail,Compl,Enable,77,0,0,0,0,0,0,6,A,0,0,Avail,Incmpl,Incmpl,Enable,OFF,OFF,941,703.750,51199.219,51199.219,51199.219,51199.219,51199.219,51199.219,1GRFE ,33.333,Avail,Compl,Incmpl,Enable,7.996,OFF,OFF,OFF,OFF,ON,ON,Avail,Compl,Enable,Compl,CL,CL,Compl,Unable,Not Avl,Compl,Compl,Enable,OFF,3090,15,260,ON,4.375,8.750,0.114,2422,10,21,-3,OFF,2.344,4.688,4.180,OFF,0,0,82,Avail,Compl,Enable,0,GRN2#  ,ON,0,ACTIVE,Not Act,0.967,0.952,0.565,0.740,51.227,55.117,Avail,Compl,Avail,Incmpl,Incmpl,Enable,OBD II (California ARB),OFF,OFF,8.002,-0.653,0,1st,OFF,OFF,OFF,OFF,OFF,OFF,-0.781,0,ON,OFF,650,0,OFF,OFF,OFF,ON,Gasoline,1.007,OFF,OFF,0.684,ON,0.703,15.294,11,0,0.762,0.762,2.324,0.762,0.918,2.031,46.667,0,15.294,85,0.008,0.031,OFF,ECT 5th,NA,OFF,96.866,96.910,14.510,0,Not Avl,0,0,0,0,ON,ON,0,0,4
78,0,14.116,Not Avl,Compl,Compl,Unable,OFF,Not Avl,Compl,Compl,Unable,OFF,48.438,56.250,26.875,27.500,19.531,39.551,15.686,31.765,0.781,1.582,ON,0,OFF,ON,ON,0.995,0.996,0,0.004,3.288,3.308,0,96,51199.219,13.847,24.314,OFF,OFF,OFF,OFF,OFF,OFF,OFF,Avail,Incmpl,Incmpl,Enable,Avail,422.300,218.700,422.300,218.700,ON,Avail,Compl,Enable,77,0,0,0,0,0,0,6,A,0,0,Avail,Incmpl,Incmpl,Enable,OFF,OFF,941,703.750,51199.219,51199.219,51199.219,51199.219,51199.219,51199.219,1GRFE ,33.333,Avail,Compl,Incmpl,Enable,7.996,OFF,OFF,OFF,OFF,ON,ON,Avail,Compl,Enable,Compl,CL,CL,Compl,Unable,Not Avl,Compl,Compl,Enable,OFF,3090,15,260,ON,4.375,8.750,0.114,2422,10,21,-3,OFF,2.344,4.688,4.180,OFF,0,0,82,Avail,Compl,Enable,0,GRN2#  ,ON,0,ACTIVE,Not Act,0.967,0.952,0.565,0.740,51.227,55.117,Avail,Compl,Avail,Incmpl,Incmpl,Enable,OBD II (California ARB),OFF,OFF,8.002,-0.653,0,1st,OFF,OFF,OFF,OFF,OFF,OFF,-0.781,0,ON,OFF,650,0,OFF,OFF,OFF,ON,Gasoline,1.007,OFF,OFF,0.684,ON,0.703,15.294,11,0,0.762,0.762,2.324,0.762,0.918,2.031,46.667,0,15.294,85,0.008,0.031,OFF,ECT 5th,NA,OFF,96.866,96.910,14.510,0,Not Avl,0,0,0,0,ON,ON,0,0,4
79,0,14.116,Not Avl,Compl,Compl,Unable,OFF,Not Avl,Compl,Compl,Unable,OFF,48.438,56.250,26.875,27.500,19.531,39.551,15.686,31.765,0.781,1.582,ON,0,OFF,ON,ON,0.995,0.996,0,0.004,3.288,3.308,0,96,51199.219,13.847,24.314,OFF,OFF,OFF,OFF,OFF,OFF,OFF,Avail,Incmpl,Incmpl,Enable,Avail,422.300,218.700,422.300,218.700,ON,Avail,Compl,Enable,77,0,0,0,0,0,0,6,A,0,0,Avail,Incmpl,Incmpl,Enable,OFF,OFF,941,703.750,51199.219,51199.219,51199.219,51199.219,51199.219,51199.219,1GRFE ,33.333,Avail,Compl,Incmpl,Enable,7.996,OFF,OFF,OFF,OFF,ON,ON,Avail,Compl,Enable,Compl,CL,CL,Compl,Unable,Not Avl,Compl,Compl,Enable,OFF,3090,15,260,ON,4.375,8.750,0.114,2422,10,21,-3,OFF,2.344,4.688,4.180,OFF,0,0,82,Avail,Compl,Enable,0,GRN2#  ,ON,0,ACTIVE,Not Act,0.967,0.952,0.565,0.740,51.227,55.117,Avail,Compl,Avail,Incmpl,Incmpl,Enable,OBD II (California ARB),OFF,OFF,8.002,-0.653,0,1st,OFF,OFF,OFF,OFF,OFF,OFF,-0.781,0,ON,OFF,650,0,OFF,OFF,OFF,ON,Gasoline,1.007,OFF,OFF,0.684,ON,0.703,15.294,11,0,0.762,0.762,2.324,0.762,0.918,2.031,46.667,0,15.294,85,0.008,0.031,OFF,ECT 5th,NA,OFF,96.866,96.910,14.510,0,Not Avl,0,0,0,0,ON,ON,0,0,4
80,0,14.116,Not Avl,Compl,Compl,Unable,OFF,Not Avl,Compl,Compl,Unable,OFF,48.438,56.250,26.875,27.500,19.531,39.551,15.686,31.765,0.781,1.582,ON,0,OFF,ON,ON,0.995,0.996,0,0.004,3.288,3.308,0,96,51199.219,13.847,24.314,OFF,OFF,OFF,OFF,OFF,OFF,OFF,Avail,Incmpl,Incmpl,Enable,Avail,422.300,218.700,422.300,218.700,ON,Avail,Compl,Enable,77,0,0,0,0,0,0,6,A,0,0,Avail,Incmpl,Incmpl,Enable,OFF,OFF,941,703.750,51199.219,51199.219,51199.219,51199.219,51199.219,51199.219,1GRFE ,33.333,Avail,Compl,Incmpl,Enable,7.996,OFF,OFF,OFF,OFF,ON,ON,Avail,Compl,Enable,Compl,CL,CL,Compl,Unable,Not Avl,Compl,Compl,Enable,OFF,3090,15,260,ON,4.375,8.750,0.114,2422,10,21,-3,OFF,2.344,4.688,4.180,OFF,0,0,82,Avail,Compl,Enable,0,GRN2#  ,ON,0,ACTIVE,Not Act,0.967,0.952,0.565,0.740,51.227,55.117,Avail,Compl,Avail,Incmpl,Incmpl,Enable,OBD II (California ARB),OFF,OFF,8.002,-0.653,0,1st,OFF,OFF,OFF,OFF,OFF,OFF,-0.781,0,ON,OFF,650,0,OFF,OFF,OFF,ON,Gasoline,1.007,OFF,OFF,0.684,ON,0.703,15.294,11,0,0.762,0.762,2.324,0.762,0.918,2.031,46.667,0,15.294,85,0.008,0.031,OFF,ECT 5th,NA,OFF,96.866,96.910,14.510,0,Not Avl,0,0,0,0,ON,ON,0,0,4
81,0,14.116,Not Avl,Compl,Compl,Unable,OFF,Not Avl,Compl,Compl,Unable,OFF,48.438,56.250,26.875,27.500,19.531,39.551,15.686,31.765,0.781,1.582,ON,0,OFF,ON,ON,0.995,0.996,0,0.004,3.288,3.308,0,96,51199.219,13.847,24.314,OFF,OFF,OFF,OFF,OFF,OFF,OFF,Avail,Incmpl,Incmpl,Enable,Avail,422.300,218.700,422.300,218.700,ON,Avail,Compl,Enable,77,0,0,0,0,0,0,6,A,0,0,Avail,Incmpl,Incmpl,Enable,OFF,OFF,941,703.750,51199.219,51199.219,51199.219,51199.219,51199.219,51199.219,1GRFE ,33.333,Avail,Compl,Incmpl,Enable,7.996,OFF,OFF,OFF,OFF,ON,ON,Avail,Compl,Enable,Compl,CL,CL,Compl,Unable,Not Avl,Compl,Compl,Enable,OFF,3090,15,260,ON,4.375,8.750,0.114,2422,10,21,-3,OFF,2.344,4.688,4.180,OFF,0,0,82,Avail,Compl,Enable,0,GRN2#  ,ON,0,ACTIVE,Not Act,0.967,0.952,0.565,0.740,51.227,55.117,Avail,Compl,Avail,Incmpl,Incmpl,Enable,OBD II (California ARB),OFF,OFF,8.002,-0.653,0,1st,OFF,OFF,OFF,OFF,OFF,OFF,-0.781,0,ON,OFF,650,0,OFF,OFF,OFF,ON,Gasoline,1.007,OFF,OFF,0.684,ON,0.703,15.294,11,0,0.762,0.762,2.324,0.762,0.918,2.031,46.667,0,15.294,85,0.008,0.031,OFF,ECT 5th,NA,OFF,96.866,96.910,14.510,0,Not Avl,0,0,0,0,ON,ON,0,0,4
82,0,14.116,Not Avl,Compl,Compl,Unable,OFF,Not Avl,Compl,Compl,Unable,OFF,48.438,56.250,26.875,27.500,19.531,39.551,15.686,31.765,0.781,1.582,ON,0,OFF,ON,ON,0.995,0.996,0,0.004,3.288,3.308,0,96,51199.219,13.847,24.314,OFF,OFF,OFF,OFF,OFF,OFF,OFF,Avail,Incmpl,Incmpl,Enable,Avail,422.300,218.700,422.300,218.700,ON,Avail,Compl,Enable,77,0,0,0,0,0,0,6,A,0,0,Avail,Incmpl,Incmpl,Enable,OFF,OFF,941,703.750,51199.219,51199.219,51199.219,51199.219,51199.219,51199.219,1GRFE ,33.333,Avail,Compl,Incmpl,Enable,7.996,OFF,OFF,OFF,OFF,ON,ON,Avail,Compl,Enable,Compl,CL,CL,Compl,Unable,Not Avl,Compl,Compl,Enable,OFF,3090,15,260,ON,4.375,8.750,0.114,2422,10,21,-3,OFF,2.344,4.688,4.180,OFF,0,0,82,Avail,Compl,Enable,0,GRN2#  ,ON,0,ACTIVE,Not Act,0.967,0.952,0.565,0.740,51.227,55.117,Avail,Compl,Avail,Incmpl,Incmpl,Enable,OBD II (California ARB),OFF,OFF,8.002,-0.653,0,1st,OFF,OFF,OFF,OFF,OFF,OFF,-0.781,0,ON,OFF,650,0,OFF,OFF,OFF,ON,Gasoline,1.007,OFF,OFF,0.684,ON,0.703,15.294,11,0,0.762,0.762,2.324,0.762,0.918,2.031,46.667,0,15.294,85,0.008,0.031,OFF,ECT 5th,NA,OFF,96.866,96.910,14.510,0,Not Avl,0,0,0,0,ON,ON,0,0,4
83,0,14.116,Not Avl,Compl,Compl,Unable,OFF,Not Avl,Compl,Compl,Unable,OFF,48.438,56.250,26.875,27.500,19.531,39.551,15.686,31.765,0.781,1.582,ON,0,OFF,ON,ON,0.995,0.996,0,0.004,3.288,3.308,0,96,51199.219,13.847,24.314,OFF,OFF,OFF,OFF,OFF,OFF,OFF,Avail,Incmpl,Incmpl,Enable,Avail,422.300,218.700,422.300,218.700,ON,Avail,Compl,Enable,77,0,0,0,0,0,0,6,A,0,0,Avail,Incmpl,Incmpl,Enable,OFF,OFF,941,703.750,51199.219,51199.219,51199.219,51199.219,51199.219,51199.219,1GRFE ,33.333,Avail,Compl,Incmpl,Enable,7.996,OFF,OFF,OFF,OFF,ON,ON,Avail,Compl,Enable,Compl,CL,CL,Compl,Unable,Not Avl,Compl,Compl,Enable,OFF,3090,15,260,ON,4.375,8.750,0.114,2422,10,21,-3,OFF,2.344,4.688,4.180,OFF,0,0,82,Avail,Compl,Enable,0,GRN2#  ,ON,0,ACTIVE,Not Act,0.967,0.952,0.565,0.740,51.227,55.117,Avail,Compl,Avail,Incmpl,Incmpl,Enable,OBD II (California ARB),OFF,OFF,8.002,-0.653,0,1st,OFF,OFF,OFF,OFF,OFF,OFF,-0.781,0,ON,OFF,650,0,OFF,OFF,OFF,ON,Gasoline,1.007,OFF,OFF,0.684,ON,0.703,15.294,11,0,0.762,0.762,2.324,0.762,0.918,2.031,46.667,0,15.294,85,0.008,0.031,OFF,ECT 5th,NA,OFF,96.866,96.910,14.510,0,Not Avl,0,0,0,0,ON,ON,0,0,4
84,0,14.116,Not Avl,Compl,Compl,Unable,OFF,Not Avl,Compl,Compl,Unable,OFF,48.438,56.250,26.875,27.500,19.531,39.551,15.686,31.765,0.781,1.582,ON,0,OFF,ON,ON,0.995,0.996,0,0.004,3.288,3.308,0,96,51199.219,13.847,24.314,OFF,OFF,OFF,OFF,OFF,OFF,OFF,Avail,Incmpl,Incmpl,Enable,Avail,422.300,218.700,422.300,218.700,ON,Avail,Compl,Enable,77,0,0,0,0,0,0,6,A,0,0,Avail,Incmpl,Incmpl,Enable,OFF,OFF,941,703.750,51199.219,51199.219,51199.219,51199.219,51199.219,51199.219,1GRFE ,33.333,Avail,Compl,Incmpl,Enable,7.996,OFF,OFF,OFF,OFF,ON,ON,Avail,Compl,Enable,Compl,CL,CL,Compl,Unable,Not Avl,Compl,Compl,Enable,OFF,3090,15,260,ON,4.375,8.750,0.114,2422,10,21,-3,OFF,2.344,4.688,4.180,OFF,0,0,82,Avail,Compl,Enable,0,GRN2#  ,ON,0,ACTIVE,Not Act,0.967,0.952,0.565,0.740,51.227,55.117,Avail,Compl,Avail,Incmpl,Incmpl,Enable,OBD II (California ARB),OFF,OFF,8.002,-0.653,0,1st,OFF,OFF,OFF,OFF,OFF,OFF,-0.781,0,ON,OFF,650,0,OFF,OFF,OFF,ON,Gasoline,1.007,OFF,OFF,0.684,ON,0.703,15.294,11,0,0.762,0.762,2.324,0.762,0.918,2.031,46.667,0,15.294,85,0.008,0.031,OFF,ECT 5th,NA,OFF,96.866,96.910,14.510,0,Not Avl,0,0,0,0,ON,ON,0,0,4
85,0,14.116,Not Avl,Compl,Compl,Unable,OFF,Not Avl,Compl,Compl,Unable,OFF,48.438,56.250,26.875,27.500,19.531,39.551,15.686,31.765,0.781,1.582,ON,0,OFF,ON,ON,0.995,0.996,0,0.004,3.288,3.308,0,96,51199.219,13.847,24.314,OFF,OFF,OFF,OFF,OFF,OFF,OFF,Avail,Incmpl,Incmpl,Enable,Avail,422.300,218.700,422.300,218.700,ON,Avail,Compl,Enable,77,0,0,0,0,0,0,6,A,0,0,Avail,Incmpl,Incmpl,Enable,OFF,OFF,941,703.750,51199.219,51199.219,51199.219,51199.219,51199.219,51199.219,1GRFE ,33.333,Avail,Compl,Incmpl,Enable,7.996,OFF,OFF,OFF,OFF,ON,ON,Avail,Compl,Enable,Compl,CL,CL,Compl,Unable,Not Avl,Compl,Compl,Enable,OFF,3090,15,260,ON,4.375,8.750,0.114,2422,10,21,-3,OFF,2.344,4.688,4.180,OFF,0,0,82,Avail,Compl,Enable,0,GRN2#  ,ON,0,ACTIVE,Not Act,0.967,0.952,0.565,0.740,51.227,55.117,Avail,Compl,Avail,Incmpl,Incmpl,Enable,OBD II (California ARB),OFF,OFF,8.002,-0.653,0,1st,OFF,OFF,OFF,OFF,OFF,OFF,-0.781,0,ON,OFF,650,0,OFF,OFF,OFF,ON,Gasoline,1.007,OFF,OFF,0.684,ON,0.703,15.294,11,0,0.762,0.762,2.324,0.762,0.918,2.031,46.667,0,15.294,85,0.008,0.031,OFF,ECT 5th,NA,OFF,96.866,96.910,14.510,0,Not Avl,0,0,0,0,ON,ON,0,0,4
86,0,14.116,Not Avl,Compl,Compl,Unable,OFF,Not Avl,Compl,Compl,Unable,OFF,48.438,56.250,26.875,27.500,19.531,39.551,15.686,31.765,0.781,1.582,ON,0,OFF,ON,ON,0.995,0.996,0,0.004,3.288,3.308,0,96,51199.219,13.847,24.314,OFF,OFF,OFF,OFF,OFF,OFF,OFF,Avail,Incmpl,Incmpl,Enable,Avail,422.300,218.700,422.300,218.700,ON,Avail,Compl,Enable,77,0,0,0,0,0,0,6,A,0,0,Avail,Incmpl,Incmpl,Enable,OFF,OFF,941,703.750,51199.219,51199.219,51199.219,51199.219,51199.219,51199.219,1GRFE ,33.333,Avail,Compl,Incmpl,Enable,7.996,OFF,OFF,OFF,OFF,ON,ON,Avail,Compl,Enable,Compl,CL,CL,Compl,Unable,Not Avl,Compl,Compl,Enable,OFF,3090,15,260,ON,4.375,8.750,0.114,2422,10,21,-3,OFF,2.344,4.688,4.180,OFF,0,0,82,Avail,Compl,Enable,0,GRN2#  ,ON,0,ACTIVE,Not Act,0.967,0.952,0.565,0.740,51.227,55.117,Avail,Compl,Avail,Incmpl,Incmpl,Enable,OBD II (California ARB),OFF,OFF,8.002,-0.653,0,1st,OFF,OFF,OFF,OFF,OFF,OFF,-0.781,0,ON,OFF,650,0,OFF,OFF,OFF,ON,Gasoline,1.007,OFF,OFF,0.684,ON,0.703,15.294,11,0,0.762,0.762,2.324,0.762,0.918,2.031,46.667,0,15.294,85,0.008,0.031,OFF,ECT 5th,NA,OFF,96.866,96.910,14.510,0,Not Avl,0,0,0,0,ON,ON,0,0,4
87,0,14.116,Not Avl,Compl,Compl,Unable,OFF,Not Avl,Compl,Compl,Unable,OFF,48.438,56.250,26.875,27.500,19.531,39.551,15.686,31.765,0.781,1.582,ON,0,OFF,ON,ON,0.995,0.996,0,0.004,3.288,3.308,0,96,51199.219,13.847,24.314,OFF,OFF,OFF,OFF,OFF,OFF,OFF,Avail,Incmpl,Incmpl,Enable,Avail,422.300,218.700,422.300,218.700,ON,Avail,Compl,Enable,77,0,0,0,0,0,0,6,A,0,0,Avail,Incmpl,Incmpl,Enable,OFF,OFF,941,703.750,51199.219,51199.219,51199.219,51199.219,51199.219,51199.219,1GRFE ,33.333,Avail,Compl,Incmpl,Enable,7.996,OFF,OFF,OFF,OFF,ON,ON,Avail,Compl,Enable,Compl,CL,CL,Compl,Unable,Not Avl,Compl,Compl,Enable,OFF,3090,15,260,ON,4.375,8.750,0.114,2422,10,21,-3,OFF,2.344,4.688,4.180,OFF,0,0,82,Avail,Compl,Enable,0,GRN2#  ,ON,0,ACTIVE,Not Act,0.967,0.952,0.565,0.740,51.227,55.117,Avail,Compl,Avail,Incmpl,Incmpl,Enable,OBD II (California ARB),OFF,OFF,8.002,-0.653,0,1st,OFF,OFF,OFF,OFF,OFF,OFF,-0.781,0,ON,OFF,650,0,OFF,OFF,OFF,ON,Gasoline,1.007,OFF,OFF,0.684,ON,0.703,15.294,11,0,0.762,0.762,2.324,0.762,0.918,2.031,46.667,0,15.294,85,0.008,0.031,OFF,ECT 5th,NA,OFF,96.866,96.910,14.510,0,Not Avl,0,0,0,0,ON,ON,0,0,4
88,0,14.116,Not Avl,Compl,Compl,Unable,OFF,Not Avl,Compl,Compl,Unable,OFF,48.438,56.250,26.875,27.500,19.531,39.551,15.686,31.765,0.781,1.582,ON,0,OFF,ON,ON,0.995,0.996,0,0.004,3.288,3.308,0,96,51199.219,13.847,24.314,OFF,OFF,OFF,OFF,OFF,OFF,OFF,Avail,Incmpl,Incmpl,Enable,Avail,422.300,218.700,422.300,218.700,ON,Avail,Compl,Enable,77,0,0,0,0,0,0,6,A,0,0,Avail,Incmpl,Incmpl,Enable,OFF,OFF,941,703.750,51199.219,51199.219,51199.219,51199.219,51199.219,51199.219,1GRFE ,33.333,Avail,Compl,Incmpl,Enable,7.996,OFF,OFF,OFF,OFF,ON,ON,Avail,Compl,Enable,Compl,CL,CL,Compl,Unable,Not Avl,Compl,Compl,Enable,OFF,3090,15,260,ON,4.375,8.750,0.114,2422,10,21,-3,OFF,2.344,4.688,4.180,OFF,0,0,82,Avail,Compl,Enable,0,GRN2#  ,ON,0,ACTIVE,Not Act,0.967,0.952,0.565,0.740,51.227,55.117,Avail,Compl,Avail,Incmpl,Incmpl,Enable,OBD II (California ARB),OFF,OFF,8.002,-0.653,0,1st,OFF,OFF,OFF,OFF,OFF,OFF,-0.781,0,ON,OFF,650,0,OFF,OFF,OFF,ON,Gasoline,1.007,OFF,OFF,0.684,ON,0.703,15.294,11,0,0.762,0.762,2.324,0.762,0.918,2.031,46.667,0,15.294,85,0.008,0.031,OFF,ECT 5th,NA,OFF,96.866,96.910,14.510,0,Not Avl,0,0,0,0,ON,ON,0,0,4
89,0,14.116,Not Avl,Compl,Compl,Unable,OFF,Not Avl,Compl,Compl,Unable,OFF,48.438,56.250,26.875,27.500,19.531,39.551,15.686,31.765,0.781,1.582,ON,0,OFF,ON,ON,0.995,0.996,0,0.004,3.288,3.308,0,96,51199.219,13.847,24.314,OFF,OFF,OFF,OFF,OFF,OFF,OFF,Avail,Incmpl,Incmpl,Enable,Avail,422.300,218.700,422.300,218.700,ON,Avail,Compl,Enable,77,0,0,0,0,0,0,6,A,0,0,Avail,Incmpl,Incmpl,Enable,OFF,OFF,941,703.750,51199.219,51199.219,51199.219,51199.219,51199.219,51199.219,1GRFE ,33.333,Avail,Compl,Incmpl,Enable,7.996,OFF,OFF,OFF,OFF,ON,ON,Avail,Compl,Enable,Compl,CL,CL,Compl,Unable,Not Avl,Compl,Compl,Enable,OFF,3090,15,260,ON,4.375,8.750,0.114,2422,10,21,-3,OFF,2.344,4.688,4.180,OFF,0,0,82,Avail,Compl,Enable,0,GRN2#  ,ON,0,ACTIVE,Not Act,0.967,0.952,0.565,0.740,51.227,55.117,Avail,Compl,Avail,Incmpl,Incmpl,Enable,OBD II (California ARB),OFF,OFF,8.002,-0.653,0,1st,OFF,OFF,OFF,OFF,OFF,OFF,-0.781,0,ON,OFF,650,0,OFF,OFF,OFF,ON,Gasoline,1.007,OFF,OFF,0.684,ON,0.703,15.294,11,0,0.762,0.762,2.324,0.762,0.918,2.031,46.667,0,15.294,85,0.008,0.031,OFF,ECT 5th,NA,OFF,96.866,96.910,14.510,0,Not Avl,0,0,0,0,ON,ON,0,0,4
90,0,14.116,Not Avl,Compl,Compl,Unable,OFF,Not Avl,Compl,Compl,Unable,OFF,48.438,56.250,26.875,27.500,19.531,39.551,15.686,31.765,0.781,1.582,ON,0,OFF,ON,ON,0.995,0.996,0,0.004,3.288,3.308,0,96,51199.219,13.847,24.314,OFF,OFF,OFF,OFF,OFF,OFF,OFF,Avail,Incmpl,Incmpl,Enable,Avail,422.300,218.700,422.300,218.700,ON,Avail,Compl,Enable,77,0,0,0,0,0,0,6,A,0,0,Avail,Incmpl,Incmpl,Enable,OFF,OFF,941,703.750,51199.219,51199.219,51199.219,51199.219,51199.219,51199.219,1GRFE ,33.333,Avail,Compl,Incmpl,Enable,7.996,OFF,OFF,OFF,OFF,ON,ON,Avail,Compl,Enable,Compl,CL,CL,Compl,Unable,Not Avl,Compl,Compl,Enable,OFF,3090,15,260,ON,4.375,8.750,0.114,2422,10,21,-3,OFF,2.344,4.688,4.180,OFF,0,0,82,Avail,Compl,Enable,0,GRN2#  ,ON,0,ACTIVE,Not Act,0.967,0.952,0.565,0.740,51.227,55.117,Avail,Compl,Avail,Incmpl,Incmpl,Enable,OBD II (California ARB),OFF,OFF,8.002,-0.653,0,1st,OFF,OFF,OFF,OFF,OFF,OFF,-0.781,0,ON,OFF,650,0,OFF,OFF,OFF,ON,Gasoline,1.007,OFF,OFF,0.684,ON,0.703,15.294,11,0,0.762,0.762,2.324,0.762,0.918,2.031,46.667,0,15.294,85,0.008,0.031,OFF,ECT 5th,NA,OFF,96.866,96.910,14.510,0,Not Avl,0,0,0,0,ON,ON,0,0,4
91,0,14.116,Not Avl,Compl,Compl,Unable,OFF,Not Avl,Compl,Compl,Unable,OFF,48.438,56.250,26.875,27.500,19.531,39.551,15.686,31.765,0.781,1.582,ON,0,OFF,ON,ON,0.995,0.996,0,0.004,3.288,3.308,0,96,51199.219,13.847,24.314,OFF,OFF,OFF,OFF,OFF,OFF,OFF,Avail,Incmpl,Incmpl,Enable,Avail,422.300,218.700,422.300,218.700,ON,Avail,Compl,Enable,77,0,0,0,0,0,0,6,A,0,0,Avail,Incmpl,Incmpl,Enable,OFF,OFF,941,703.750,51199.219,51199.219,51199.219,51199.219,51199.219,51199.219,1GRFE ,33.333,Avail,Compl,Incmpl,Enable,7.996,OFF,OFF,OFF,OFF,ON,ON,Avail,Compl,Enable,Compl,CL,CL,Compl,Unable,Not Avl,Compl,Compl,Enable,OFF,3090,15,260,ON,4.375,8.750,0.114,2422,10,21,-3,OFF,2.344,4.688,4.180,OFF,0,0,82,Avail,Compl,Enable,0,GRN2#  ,ON,0,ACTIVE,Not Act,0.967,0.952,0.565,0.740,51.227,55.117,Avail,Compl,Avail,Incmpl,Incmpl,Enable,OBD II (California ARB),OFF,OFF,8.002,-0.653,0,1st,OFF,OFF,OFF,OFF,OFF,OFF,-0.781,0,ON,OFF,650,0,OFF,OFF,OFF,ON,Gasoline,1.007,OFF,OFF,0.684,ON,0.703,15.294,11,0,0.762,0.762,2.324,0.762,0.918,2.031,46.667,0,15.294,85,0.008,0.031,OFF,ECT 5th,NA,OFF,96.866,96.910,14.510,0,Not Avl,0,0,0,0,ON,ON,0,0,4
92,0,14.116,Not Avl,Compl,Compl,Unable,OFF,Not Avl,Compl,Compl,Unable,OFF,48.438,56.250,26.875,27.500,19.531,39.551,15.686,31.765,0.781,1.582,ON,0,OFF,ON,ON,0.995,0.996,0,0.004,3.288,3.308,0,96,51199.219,13.847,24.314,OFF,OFF,OFF,OFF,OFF,OFF,OFF,Avail,Incmpl,Incmpl,Enable,Avail,422.300,218.700,422.300,218.700,ON,Avail,Compl,Enable,77,0,0,0,0,0,0,6,A,0,0,Avail,Incmpl,Incmpl,Enable,OFF,OFF,941,703.750,51199.219,51199.219,51199.219,51199.219,51199.219,51199.219,1GRFE ,33.333,Avail,Compl,Incmpl,Enable,7.996,OFF,OFF,OFF,OFF,ON,ON,Avail,Compl,Enable,Compl,CL,CL,Compl,Unable,Not Avl,Compl,Compl,Enable,OFF,3090,15,260,ON,4.375,8.750,0.114,2422,10,21,-3,OFF,2.344,4.688,4.180,OFF,0,0,82,Avail,Compl,Enable,0,GRN2#  ,ON,0,ACTIVE,Not Act,0.967,0.952,0.565,0.740,51.227,55.117,Avail,Compl,Avail,Incmpl,Incmpl,Enable,OBD II (California ARB),OFF,OFF,8.002,-0.653,0,1st,OFF,OFF,OFF,OFF,OFF,OFF,-0.781,0,ON,OFF,650,0,OFF,OFF,OFF,ON,Gasoline,1.007,OFF,OFF,0.684,ON,0.703,15.294,11,0,0.762,0.762,2.324,0.762,0.918,2.031,46.667,0,15.294,85,0.008,0.031,OFF,ECT 5th,NA,OFF,96.866,96.910,14.510,0,Not Avl,0,0,0,0,ON,ON,0,0,4
93,0,14.116,Not Avl,Compl,Compl,Unable,OFF,Not Avl,Compl,Compl,Unable,OFF,48.438,56.250,26.875,27.500,19.531,39.551,15.686,31.765,0.781,1.582,ON,0,OFF,ON,ON,0.995,0.996,0,0.004,3.288,3.308,0,96,51199.219,13.847,24.314,OFF,OFF,OFF,OFF,OFF,OFF,OFF,Avail,Incmpl,Incmpl,Enable,Avail,422.300,218.700,422.300,218.700,ON,Avail,Compl,Enable,77,0,0,0,0,0,0,6,A,0,0,Avail,Incmpl,Incmpl,Enable,OFF,OFF,941,703.750,51199.219,51199.219,51199.219,51199.219,51199.219,51199.219,1GRFE ,33.333,Avail,Compl,Incmpl,Enable,7.996,OFF,OFF,OFF,OFF,ON,ON,Avail,Compl,Enable,Compl,CL,CL,Compl,Unable,Not Avl,Compl,Compl,Enable,OFF,3090,15,260,ON,4.375,8.750,0.114,2422,10,21,-3,OFF,2.344,4.688,4.180,OFF,0,0,82,Avail,Compl,Enable,0,GRN2#  ,ON,0,ACTIVE,Not Act,0.967,0.952,0.565,0.740,51.227,55.117,Avail,Compl,Avail,Incmpl,Incmpl,Enable,OBD II (California ARB),OFF,OFF,8.002,-0.653,0,1st,OFF,OFF,OFF,OFF,OFF,OFF,-0.781,0,ON,OFF,650,0,OFF,OFF,OFF,ON,Gasoline,1.007,OFF,OFF,0.684,ON,0.703,15.294,11,0,0.762,0.762,2.324,0.762,0.918,2.031,46.667,0,15.294,85,0.008,0.031,OFF,ECT 5th,NA,OFF,96.866,96.910,14.510,0,Not Avl,0,0,0,0,ON,ON,0,0,4
94,0,14.116,Not Avl,Compl,Compl,Unable,OFF,Not Avl,Compl,Compl,Unable,OFF,48.438,56.250,26.875,27.500,19.531,39.551,15.686,31.765,0.781,1.582,ON,0,OFF,ON,ON,0.995,0.996,0,0.004,3.288,3.308,0,96,51199.219,13.847,24.314,OFF,OFF,OFF,OFF,OFF,OFF,OFF,Avail,Incmpl,Incmpl,Enable,Avail,422.300,218.700,422.300,218.700,ON,Avail,Compl,Enable,77,0,0,0,0,0,0,6,A,0,0,Avail,Incmpl,Incmpl,Enable,OFF,OFF,941,703.750,51199.219,51199.219,51199.219,51199.219,51199.219,51199.219,1GRFE ,33.333,Avail,Compl,Incmpl,Enable,7.996,OFF,OFF,OFF,OFF,ON,ON,Avail,Compl,Enable,Compl,CL,CL,Compl,Unable,Not Avl,Compl,Compl,Enable,OFF,3090,15,260,ON,4.375,8.750,0.114,2422,10,21,-3,OFF,2.344,4.688,4.180,OFF,0,0,82,Avail,Compl,Enable,0,GRN2#  ,ON,0,ACTIVE,Not Act,0.967,0.952,0.565,0.740,51.227,55.117,Avail,Compl,Avail,Incmpl,Incmpl,Enable,OBD II (California ARB),OFF,OFF,8.002,-0.653,0,1st,OFF,OFF,OFF,OFF,OFF,OFF,-0.781,0,ON,OFF,650,0,OFF,OFF,OFF,ON,Gasoline,1.007,OFF,OFF,0.684,ON,0.703,15.294,11,0,0.762,0.762,2.324,0.762,0.918,2.031,46.667,0,15.294,85,0.008,0.031,OFF,ECT 5th,NA,OFF,96.866,96.910,14.510,0,Not Avl,0,0,0,0,ON,ON,0,0,4
95,0,14.116,Not Avl,Compl,Compl,Unable,OFF,Not Avl,Compl,Compl,Unable,OFF,48.438,56.250,26.875,27.500,19.531,39.551,15.686,31.765,0.781,1.582,ON,0,OFF,ON,ON,0.995,0.996,0,0.004,3.288,3.308,0,96,51199.219,13.847,24.314,OFF,OFF,OFF,OFF,OFF,OFF,OFF,Avail,Incmpl,Incmpl,Enable,Avail,422.300,218.700,422.300,218.700,ON,Avail,Compl,Enable,77,0,0,0,0,0,0,6,A,0,0,Avail,Incmpl,Incmpl,Enable,OFF,OFF,941,703.750,51199.219,51199.219,51199.219,51199.219,51199.219,51199.219,1GRFE ,33.333,Avail,Compl,Incmpl,Enable,7.996,OFF,OFF,OFF,OFF,ON,ON,Avail,Compl,Enable,Compl,CL,CL,Compl,Unable,Not Avl,Compl,Compl,Enable,OFF,3090,15,260,ON,4.375,8.750,0.114,2422,10,21,-3,OFF,2.344,4.688,4.180,OFF,0,0,82,Avail,Compl,Enable,0,GRN2#  ,ON,0,ACTIVE,Not Act,0.967,0.952,0.565,0.740,51.227,55.117,Avail,Compl,Avail,Incmpl,Incmpl,Enable,OBD II (California ARB),OFF,OFF,8.002,-0.653,0,1st,OFF,OFF,OFF,OFF,OFF,OFF,-0.781,0,ON,OFF,650,0,OFF,OFF,OFF,ON,Gasoline,1.007,OFF,OFF,0.684,ON,0.703,15.294,11,0,0.762,0.762,2.324,0.762,0.918,2.031,46.667,0,15.294,85,0.008,0.031,OFF,ECT 5th,NA,OFF,96.866,96.910,14.510,0,Not Avl,0,0,0,0,ON,ON,0,0,4
96,0,14.116,Not Avl,Compl,Compl,Unable,OFF,Not Avl,Compl,Compl,Unable,OFF,48.438,56.250,26.875,27.500,19.531,39.551,15.686,31.765,0.781,1.582,ON,0,OFF,ON,ON,0.995,0.996,0,0.004,3.288,3.308,0,96,51199.219,13.847,24.314,OFF,OFF,OFF,OFF,OFF,OFF,OFF,Avail,Incmpl,Incmpl,Enable,Avail,422.300,218.700,422.300,218.700,ON,Avail,Compl,Enable,77,0,0,0,0,0,0,6,A,0,0,Avail,Incmpl,Incmpl,Enable,OFF,OFF,941,703.750,51199.219,51199.219,51199.219,51199.219,51199.219,51199.219,1GRFE ,33.333,Avail,Compl,Incmpl,Enable,7.996,OFF,OFF,OFF,OFF,ON,ON,Avail,Compl,Enable,Compl,CL,CL,Compl,Unable,Not Avl,Compl,Compl,Enable,OFF,3090,15,260,ON,4.375,8.750,0.114,2422,10,21,-3,OFF,2.344,4.688,4.180,OFF,0,0,82,Avail,Compl,Enable,0,GRN2#  ,ON,0,ACTIVE,Not Act,0.967,0.952,0.565,0.740,51.227,55.117,Avail,Compl,Avail,Incmpl,Incmpl,Enable,OBD II (California ARB),OFF,OFF,8.002,-0.653,0,1st,OFF,OFF,OFF,OFF,OFF,OFF,-0.781,0,ON,OFF,650,0,OFF,OFF,OFF,ON,Gasoline,1.007,OFF,OFF,0.684,ON,0.703,15.294,11,0,0.762,0.762,2.324,0.762,0.918,2.031,46.667,0,15.294,85,0.008,0.031,OFF,ECT 5th,NA,OFF,96.866,96.910,14.510,0,Not Avl,0,0,0,0,ON,ON,0,0,4
97,0,14.116,Not Avl,Compl,Compl,Unable,OFF,Not Avl,Compl,Compl,Unable,OFF,48.438,56.250,26.875,27.500,19.531,39.551,15.686,31.765,0.781,1.582,ON,0,OFF,ON,ON,0.995,0.996,0,0.004,3.288,3.308,0,96,51199.219,13.847,24.314,OFF,OFF,OFF,OFF,OFF,OFF,OFF,Avail,Incmpl,Incmpl,Enable,Avail,422.300,218.700,422.300,218.700,ON,Avail,Compl,Enable,77,0,0,0,0,0,0,6,A,0,0,Avail,Incmpl,Incmpl,Enable,OFF,OFF,941,703.750,51199.219,51199.219,51199.219,51199.219,51199.219,51199.219,1GRFE ,33.333,Avail,Compl,Incmpl,Enable,7.996,OFF,OFF,OFF,OFF,ON,ON,Avail,Compl,Enable,Compl,CL,CL,Compl,Unable,Not Avl,Compl,Compl,Enable,OFF,3090,15,260,ON,4.375,8.750,0.114,2422,10,21,-3,OFF,2.344,4.688,4.180,OFF,0,0,82,Avail,Compl,Enable,0,GRN2#  ,ON,0,ACTIVE,Not Act,0.967,0.952,0.565,0.740,51.227,55.117,Avail,Compl,Avail,Incmpl,Incmpl,Enable,OBD II (California ARB),OFF,OFF,8.002,-0.653,0,1st,OFF,OFF,OFF,OFF,OFF,OFF,-0.781,0,ON,OFF,650,0,OFF,OFF,OFF,ON,Gasoline,1.007,OFF,OFF,0.684,ON,0.703,15.294,11,0,0.762,0.762,2.324,0.762,0.918,2.031,46.667,0,15.294,85,0.008,0.031,OFF,ECT 5th,NA,OFF,96.866,96.910,14.510,0,Not Avl,0,0,0,0,ON,ON,0,0,4
98,0,14.116,Not Avl,Compl,Compl,Unable,OFF,Not Avl,Compl,Compl,Unable,OFF,48.438,56.250,26.875,27.500,19.531,39.551,15.686,31.765,0.781,1.582,ON,0,OFF,ON,ON,0.995,0.996,0,0.004,3.288,3.308,0,96,51199.219,13.847,24.314,OFF,OFF,OFF,OFF,OFF,OFF,OFF,Avail,Incmpl,Incmpl,Enable,Avail,422.300,218.700,422.300,218.700,ON,Avail,Compl,Enable,77,0,0,0,0,0,0,6,A,0,0,Avail,Incmpl,Incmpl,Enable,OFF,OFF,941,703.750,51199.219,51199.219,51199.219,51199.219,51199.219,51199.219,1GRFE ,33.333,Avail,Compl,Incmpl,Enable,7.996,OFF,OFF,OFF,OFF,ON,ON,Avail,Compl,Enable,Compl,CL,CL,Compl,Unable,Not Avl,Compl,Compl,Enable,OFF,3090,14.500,260,ON,4.375,8.750,0.114,2422,10,21,-3,OFF,2.344,4.688,4.180,OFF,0,0,82,Avail,Compl,Enable,0,GRN2#  ,ON,0,ACTIVE,Not Act,0.967,0.952,0.565,0.740,51.227,55.117,Avail,Compl,Avail,Incmpl,Incmpl,Enable,OBD II (California ARB),OFF,OFF,8.002,-0.653,0,1st,OFF,OFF,OFF,OFF,OFF,OFF,-0.781,0,ON,OFF,650,0,OFF,OFF,OFF,ON,Gasoline,1.007,OFF,OFF,0.684,ON,0.703,15.294,11,0,0.762,0.762,2.324,0.762,0.918,2.031,46.667,0,15.294,85,0.008,0.031,OFF,ECT 5th,NA,OFF,96.866,96.910,14.510,0,Not Avl,0,0,0,0,ON,ON,0,0,4
99,0,14.116,Not Avl,Compl,Compl,Unable,OFF,Not Avl,Compl,Compl,Unable,OFF,48.438,56.250,26.875,27.500,19.531,39.551,15.686,31.765,0.781,1.582,ON,0,OFF,ON,ON,0.995,0.996,0,0.004,3.288,3.308,0,96,51199.219,13.847,24.314,OFF,OFF,OFF,OFF,OFF,OFF,OFF,Avail,Incmpl,Incmpl,Enable,Avail,422.300,218.700,422.300,218.700,ON,Avail,Compl,Enable,77,0,0,0,0,0,0,6,A,0,0,Avail,Incmpl,Incmpl,Enable,OFF,OFF,941,703.750,51199.219,51199.219,51199.219,51199.219,51199.219,51199.219,1GRFE ,33.333,Avail,Compl,Incmpl,Enable,7.996,OFF,OFF,OFF,OFF,ON,ON,Avail,Compl,Enable,Compl,CL,CL,Compl,Unable,Not Avl,Compl,Compl,Enable,OFF,3090,14.500,120,ON,4.375,8.750,0.114,2422,10,21,-3,OFF,2.344,4.688,4.180,OFF,0,0,82,Avail,Compl,Enable,0,GRN2#  ,ON,0,ACTIVE,Not Act,0.967,0.952,0.565,0.740,51.227,55.117,Avail,Compl,Avail,Incmpl,Incmpl,Enable,OBD II (California ARB),OFF,OFF,8.002,-0.653,0,1st,OFF,OFF,OFF,OFF,OFF,OFF,-0.781,0,ON,OFF,650,0,OFF,OFF,OFF,ON,Gasoline,1.007,OFF,OFF,0.684,ON,0.703,15.294,11,0,0.762,0.762,2.324,0.762,0.918,2.031,46.667,0,15.294,85,0.008,0.031,OFF,ECT 5th,NA,OFF,96.866,96.910,14.510,0,Not Avl,0,0,0,0,ON,ON,0,0,4
100,0,14.116,Not Avl,Compl,Compl,Unable,OFF,Not Avl,Compl,Compl,Unable,OFF,48.438,56.250,26.875,27.500,19.531,39.551,15.686,31.765,0.781,1.582,ON,0,OFF,ON,ON,0.995,0.996,0,0.004,3.288,3.308,0,96,51199.219,13.847,24.314,OFF,OFF,OFF,OFF,OFF,OFF,OFF,Avail,Incmpl,Incmpl,Enable,Avail,422.300,218.700,422.300,218.700,ON,Avail,Compl,Enable,77,0,0,0,0,0,0,6,A,0,0,Avail,Incmpl,Incmpl,Enable,OFF,OFF,941,703.750,51199.219,51199.219,51199.219,51199.219,51199.219,51199.219,1GRFE ,33.333,Avail,Compl,Incmpl,Enable,7.996,OFF,OFF,OFF,OFF,ON,ON,Avail,Compl,Enable,Compl,CL,CL,Compl,Unable,Not Avl,Compl,Compl,Enable,OFF,3090,14.500,120,ON,4.375,8.750,0.114,2422,10,21,-3,OFF,2.344,4.688,4.180,OFF,0,0,82,Avail,Compl,Enable,0,GRN2#  ,ON,0,ACTIVE,Not Act,0.967,0.952,0.565,0.740,51.227,55.117,Avail,Compl,Avail,Incmpl,Incmpl,Enable,OBD II (California ARB),OFF,OFF,8.002,-0.653,0,1st,OFF,OFF,OFF,OFF,OFF,OFF,-0.781,0,ON,OFF,650,0,OFF,OFF,OFF,ON,Gasoline,1.007,OFF,OFF,0.684,ON,0.703,15.294,11,0,0.762,0.762,2.324,0.762,0.918,2.031,46.667,0,15.294,85,0.008,0.031,OFF,ECT 5th,NA,OFF,96.866,96.910,14.510,0,Not Avl,0,0,0,0,ON,ON,0,0,4
101,0,14.116,Not Avl,Compl,Compl,Unable,OFF,Not Avl,Compl,Compl,Unable,OFF,48.438,56.250,26.875,27.500,19.531,39.551,15.686,31.765,0.781,1.582,ON,0,OFF,ON,ON,0.995,0.996,0,0.004,3.288,3.308,0,96,51199.219,13.847,24.314,OFF,OFF,OFF,OFF,OFF,OFF,OFF,Avail,Incmpl,Incmpl,Enable,Avail,422.300,218.700,422.300,218.700,ON,Avail,Compl,Enable,77,0,0,0,0,0,0,6,A,0,0,Avail,Incmpl,Incmpl,Enable,OFF,OFF,941,703.750,51199.219,51199.219,51199.219,51199.219,51199.219,51199.219,1GRFE ,33.333,Avail,Compl,Incmpl,Enable,7.996,OFF,OFF,OFF,OFF,ON,ON,Avail,Compl,Enable,Compl,CL,CL,Compl,Unable,Not Avl,Compl,Compl,Enable,OFF,3090,14.500,120,ON,4.375,8.750,0.114,2422,10,21,-3,OFF,2.344,4.688,4.180,OFF,0,0,82,Avail,Compl,Enable,0,GRN2#  ,ON,0,ACTIVE,Not Act,0.967,0.952,0.565,0.740,51.227,55.117,Avail,Compl,Avail,Incmpl,Incmpl,Enable,OBD II (California ARB),OFF,OFF,8.002,-0.653,0,1st,OFF,OFF,OFF,OFF,OFF,OFF,-0.781,0,ON,OFF,650,0,OFF,OFF,OFF,ON,Gasoline,1.007,OFF,OFF,0.684,ON,0.703,15.294,11,0,0.762,0.762,2.324,0.762,0.918,2.031,46.667,0,15.294,85,0.008,0.031,OFF,ECT 5th,NA,OFF,96.866,96.910,14.510,0,Not Avl,0,0,0,0,ON,ON,0,0,4
102,0,14.116,Not Avl,Compl,Compl,Unable,OFF,Not Avl,Compl,Compl,Unable,OFF,48.438,56.250,26.875,27.500,19.531,39.551,15.686,31.765,0.781,1.582,ON,0,OFF,ON,ON,0.995,0.996,0,0.004,3.288,3.308,0,96,51199.219,13.847,24.314,OFF,OFF,OFF,OFF,OFF,OFF,OFF,Avail,Incmpl,Incmpl,Enable,Avail,422.300,218.700,422.300,218.700,ON,Avail,Compl,Enable,77,0,0,0,0,0,0,6,A,0,0,Avail,Incmpl,Incmpl,Enable,OFF,OFF,941,703.750,51199.219,51199.219,51199.219,51199.219,51199.219,51199.219,1GRFE ,33.333,Avail,Compl,Incmpl,Enable,7.996,OFF,OFF,OFF,OFF,ON,ON,Avail,Compl,Enable,Compl,CL,CL,Compl,Unable,Not Avl,Compl,Compl,Enable,OFF,3090,14.500,120,ON,4.375,8.750,0.114,2422,10,21,-3,OFF,2.344,4.688,4.180,OFF,0,0,82,Avail,Compl,Enable,0,GRN2#  ,ON,0,ACTIVE,Not Act,0.967,0.952,0.565,0.740,51.227,55.117,Avail,Compl,Avail,Incmpl,Incmpl,Enable,OBD II (California ARB),OFF,OFF,8.002,-0.653,0,1st,OFF,OFF,OFF,OFF,OFF,OFF,-0.781,0,ON,OFF,650,0,OFF,OFF,OFF,ON,Gasoline,1.007,OFF,OFF,0.684,ON,0.703,15.294,11,0,0.762,0.762,2.324,0.762,0.918,2.031,46.667,0,15.294,85,0.008,0.031,OFF,ECT 5th,NA,OFF,96.866,96.910,14.510,0,Not Avl,0,0,0,0,ON,ON,0,0,4
103,0,14.116,Not Avl,Compl,Compl,Unable,OFF,Not Avl,Compl,Compl,Unable,OFF,48.438,56.250,26.875,27.500,19.531,39.551,15.686,31.765,0.781,1.582,ON,0,OFF,ON,ON,0.995,0.996,0,0.004,3.288,3.308,0,96,51199.219,13.847,24.314,OFF,OFF,OFF,OFF,OFF,OFF,OFF,Avail,Incmpl,Incmpl,Enable,Avail,422.300,218.700,422.300,218.700,ON,Avail,Compl,Enable,77,0,0,0,0,0,0,6,A,0,0,Avail,Incmpl,Incmpl,Enable,OFF,OFF,941,703.750,51199.219,51199.219,51199.219,51199.219,51199.219,51199.219,1GRFE ,33.333,Avail,Compl,Incmpl,Enable,7.996,OFF,OFF,OFF,OFF,ON,ON,Avail,Compl,Enable,Compl,CL,CL,Compl,Unable,Not Avl,Compl,Compl,Enable,OFF,3090,14.500,120,ON,4.375,8.750,0.097,2422,10,21,-3,OFF,2.344,4.688,4.180,OFF,0,0,82,Avail,Compl,Enable,0,GRN2#  ,ON,0,ACTIVE,Not Act,0.967,0.952,0.565,0.740,51.227,55.117,Avail,Compl,Avail,Incmpl,Incmpl,Enable,OBD II (California ARB),OFF,OFF,8.002,-0.653,0,1st,OFF,OFF,OFF,OFF,OFF,OFF,-0.781,0,ON,OFF,650,0,OFF,OFF,OFF,ON,Gasoline,1.007,OFF,OFF,0.684,ON,0.703,15.294,11,0,0.762,0.762,2.324,0.762,0.918,2.031,46.667,0,15.294,85,0.008,0.031,OFF,ECT 5th,NA,OFF,96.866,96.910,14.510,0,Not Avl,0,0,0,0,ON,ON,0,0,4
104,0,14.116,Not Avl,Compl,Compl,Unable,OFF,Not Avl,Compl,Compl,Unable,OFF,48.438,56.250,26.875,27.500,19.531,39.551,15.686,31.765,0.781,1.582,ON,0,OFF,ON,ON,0.995,0.996,0,0.004,3.288,3.308,0,96,51199.219,13.847,24.314,OFF,OFF,OFF,OFF,OFF,OFF,OFF,Avail,Incmpl,Incmpl,Enable,Avail,422.300,218.700,422.300,218.700,ON,Avail,Compl,Enable,77,0,0,0,0,0,0,6,A,0,0,Avail,Incmpl,Incmpl,Enable,OFF,OFF,941,703.750,51199.219,51199.219,51199.219,51199.219,51199.219,51199.219,1GRFE ,33.333,Avail,Compl,Incmpl,Enable,7.996,OFF,OFF,OFF,OFF,ON,ON,Avail,Compl,Enable,Compl,CL,CL,Compl,Unable,Not Avl,Compl,Compl,Enable,OFF,3090,14.500,120,ON,4.375,8.750,0.097,2222,10,21,-3,OFF,2.344,4.688,4.180,OFF,0,0,82,Avail,Compl,Enable,0,GRN2#  ,ON,0,ACTIVE,Not Act,0.967,0.952,0.565,0.740,51.227,55.117,Avail,Compl,Avail,Incmpl,Incmpl,Enable,OBD II (California ARB),OFF,OFF,8.002,-0.653,0,1st,OFF,OFF,OFF,OFF,OFF,OFF,-0.781,0,ON,OFF,650,0,OFF,OFF,OFF,ON,Gasoline,1.007,OFF,OFF,0.684,ON,0.703,15.294,11,0,0.762,0.762,2.324,0.762,0.918,2.031,46.667,0,15.294,85,0.008,0.031,OFF,ECT 5th,NA,OFF,96.866,96.910,14.510,0,Not Avl,0,0,0,0,ON,ON,0,0,4
105,0,14.116,Not Avl,Compl,Compl,Unable,OFF,Not Avl,Compl,Compl,Unable,OFF,48.438,56.250,26.875,27.500,19.531,39.551,15.686,31.765,0.781,1.582,ON,0,OFF,ON,ON,0.995,0.996,0,0.004,3.288,3.308,0,96,51199.219,13.847,24.314,OFF,OFF,OFF,OFF,OFF,OFF,OFF,Avail,Incmpl,Incmpl,Enable,Avail,422.300,218.700,422.300,218.700,ON,Avail,Compl,Enable,77,0,0,0,0,0,0,6,A,0,0,Avail,Incmpl,Incmpl,Enable,OFF,OFF,941,703.750,51199.219,51199.219,51199.219,51199.219,51199.219,51199.219,1GRFE ,33.333,Avail,Compl,Incmpl,Enable,7.996,OFF,OFF,OFF,OFF,ON,ON,Avail,Compl,Enable,Compl,CL,CL,Compl,Unable,Not Avl,Compl,Compl,Enable,OFF,3090,14.500,120,ON,4.375,8.750,0.097,2222,10,21,-3,OFF,2.344,4.688,4.180,OFF,0,0,82,Avail,Compl,Enable,0,GRN2#  ,ON,0,ACTIVE,Not Act,0.967,0.952,0.565,0.740,51.227,55.117,Avail,Compl,Avail,Incmpl,Incmpl,Enable,OBD II (California ARB),OFF,OFF,8.002,-0.653,0,1st,OFF,OFF,OFF,OFF,OFF,OFF,-0.781,0,ON,OFF,650,0,OFF,OFF,OFF,ON,Gasoline,1.007,OFF,OFF,0.684,ON,0.703,15.294,11,0,0.762,0.762,2.324,0.762,0.918,2.031,46.667,0,15.294,85,0.008,0.031,OFF,ECT 5th,NA,OFF,96.866,96.910,14.510,0,Not Avl,0,0,0,0,ON,ON,0,0,4
106,0,14.116,Not Avl,Compl,Compl,Unable,OFF,Not Avl,Compl,Compl,Unable,OFF,48.438,56.250,26.875,27.500,19.531,39.551,15.686,31.765,0.781,1.582,ON,0,OFF,ON,ON,0.995,0.996,0,0.004,3.288,3.308,0,96,51199.219,13.847,24.314,OFF,OFF,OFF,OFF,OFF,OFF,OFF,Avail,Incmpl,Incmpl,Enable,Avail,422.300,218.700,422.300,218.700,ON,Avail,Compl,Enable,77,0,0,0,0,0,0,6,A,0,0,Avail,Incmpl,Incmpl,Enable,OFF,OFF,941,703.750,51199.219,51199.219,51199.219,51199.219,51199.219,51199.219,1GRFE ,33.333,Avail,Compl,Incmpl,Enable,7.996,OFF,OFF,OFF,OFF,ON,ON,Avail,Compl,Enable,Compl,CL,CL,Compl,Unable,Not Avl,Compl,Compl,Enable,OFF,3090,14.500,120,ON,4.375,8.750,0.097,2222,10,21,-3,OFF,2.344,4.688,4.180,OFF,0,0,82,Avail,Compl,Enable,0,GRN2#  ,ON,0,ACTIVE,Not Act,0.967,0.952,0.565,0.740,51.227,55.117,Avail,Compl,Avail,Incmpl,Incmpl,Enable,OBD II (California ARB),OFF,OFF,8.002,-0.653,0,1st,OFF,OFF,OFF,OFF,OFF,OFF,-0.781,0,ON,OFF,650,0,OFF,OFF,OFF,ON,Gasoline,1.007,OFF,OFF,0.684,ON,0.703,15.294,11,0,0.762,0.762,2.324,0.762,0.918,2.031,46.667,0,15.294,85,0.008,0.031,OFF,ECT 5th,NA,OFF,96.866,96.910,14.510,0,Not Avl,0,0,0,0,ON,ON,0,0,4
107,0,14.116,Not Avl,Compl,Compl,Unable,OFF,Not Avl,Compl,Compl,Unable,OFF,48.438,56.250,26.875,27.500,19.531,39.551,15.686,31.765,0.781,1.582,ON,0,OFF,ON,ON,0.995,0.996,0,0.004,3.288,3.308,0,96,51199.219,13.847,24.314,OFF,OFF,OFF,OFF,OFF,OFF,OFF,Avail,Incmpl,Incmpl,Enable,Avail,422.300,218.700,422.300,218.700,ON,Avail,Compl,Enable,77,0,0,0,0,0,0,6,A,0,0,Avail,Incmpl,Incmpl,Enable,OFF,OFF,941,703.750,51199.219,51199.219,51199.219,51199.219,51199.219,51199.219,1GRFE ,33.333,Avail,Compl,Incmpl,Enable,7.996,OFF,OFF,OFF,OFF,ON,ON,Avail,Compl,Enable,Compl,CL,CL,Compl,Unable,Not Avl,Compl,Compl,Enable,OFF,3090,14.500,120,ON,4.375,8.750,0.097,2222,10,21,-3,OFF,2.344,4.688,4.180,OFF,0,0,82,Avail,Compl,Enable,0,GRN2#  ,ON,0,ACTIVE,Not Act,0.967,0.952,0.565,0.740,51.227,55.117,Avail,Compl,Avail,Incmpl,Incmpl,Enable,OBD II (California ARB),OFF,OFF,8.002,-0.653,0,1st,OFF,OFF,OFF,OFF,OFF,OFF,-0.781,0,ON,OFF,650,0,OFF,OFF,OFF,ON,Gasoline,1.007,OFF,OFF,0.684,ON,0.703,15.294,11,0,0.762,0.762,2.324,0.762,0.918,2.031,46.667,0,15.294,85,0.008,0.031,OFF,ECT 5th,NA,OFF,96.866,96.910,14.510,0,Not Avl,0,0,0,0,ON,ON,0,0,4
108,0,14.116,Not Avl,Compl,Compl,Unable,OFF,Not Avl,Compl,Compl,Unable,OFF,48.438,56.250,26.875,27.500,19.531,39.551,15.686,31.765,0.781,1.582,ON,0,OFF,ON,ON,0.995,0.996,0,0.004,3.288,3.308,0,96,51199.219,13.847,24.314,OFF,OFF,OFF,OFF,OFF,OFF,OFF,Avail,Incmpl,Incmpl,Enable,Avail,422.300,218.700,422.300,218.700,ON,Avail,Compl,Enable,77,0,0,0,0,0,0,6,A,0,0,Avail,Incmpl,Incmpl,Enable,OFF,OFF,941,703.750,51199.219,51199.219,51199.219,51199.219,51199.219,51199.219,1GRFE ,33.333,Avail,Compl,Incmpl,Enable,7.996,OFF,OFF,OFF,OFF,ON,ON,Avail,Compl,Enable,Compl,CL,CL,Compl,Unable,Not Avl,Compl,Compl,Enable,OFF,3090,14.500,120,ON,4.375,8.750,0.097,2222,10,21,-3,OFF,2.344,4.688,4.180,OFF,0,0,82,Avail,Compl,Enable,0,GRN2#  ,ON,0,ACTIVE,Not Act,0.967,0.952,0.565,0.740,51.227,55.117,Avail,Compl,Avail,Incmpl,Incmpl,Enable,OBD II (California ARB),OFF,OFF,8.002,-0.653,0,1st,OFF,OFF,OFF,OFF,OFF,OFF,-0.781,0,ON,OFF,650,0,OFF,OFF,OFF,ON,Gasoline,1.007,OFF,OFF,0.684,ON,0.703,15.294,11,0,0.762,0.762,2.324,0.762,0.918,2.031,46.667,0,15.294,85,0.008,0.031,OFF,ECT 5th,NA,OFF,96.866,96.910,14.510,0,Not Avl,0,0,0,0,ON,ON,0,0,4
109,0,14.116,Not Avl,Compl,Compl,Unable,OFF,Not Avl,Compl,Compl,Unable,OFF,48.438,56.250,26.875,27.500,19.531,39.551,15.686,31.765,0.781,1.582,ON,0,OFF,ON,ON,0.995,0.996,0,0.004,3.288,3.308,0,96,51199.219,13.847,24.314,OFF,OFF,OFF,OFF,OFF,OFF,OFF,Avail,Incmpl,Incmpl,Enable,Avail,422.300,218.700,422.300,218.700,ON,Avail,Compl,Enable,77,0,0,0,0,0,0,6,A,0,0,Avail,Incmpl,Incmpl,Enable,OFF,OFF,941,703.750,51199.219,51199.219,51199.219,51199.219,51199.219,51199.219,1GRFE ,33.333,Avail,Compl,Incmpl,Enable,7.996,OFF,OFF,OFF,OFF,ON,ON,Avail,Compl,Enable,Compl,CL,CL,Compl,Unable,Not Avl,Compl,Compl,Enable,OFF,3090,14.500,120,ON,4.375,8.750,0.097,2222,10,21,-3,OFF,2.344,4.688,4.180,OFF,0,0,82,Avail,Compl,Enable,0,GRN2#  ,ON,0,ACTIVE,Not Act,0.967,0.952,0.565,0.740,51.227,55.117,Avail,Compl,Avail,Incmpl,Incmpl,Enable,OBD II (California ARB),OFF,OFF,8.002,-0.653,0,1st,OFF,OFF,OFF,OFF,OFF,OFF,-0.781,0,ON,OFF,650,0,OFF,OFF,OFF,ON,Gasoline,1.007,OFF,OFF,0.684,ON,0.703,15.294,11,0,0.762,0.762,2.324,0.762,0.918,2.031,46.667,0,15.294,85,0.008,0.031,OFF,ECT 5th,NA,OFF,96.866,96.910,14.510,0,Not Avl,0,0,0,0,ON,ON,0,0,4
110,0,14.116,Not Avl,Compl,Compl,Unable,OFF,Not Avl,Compl,Compl,Unable,OFF,48.438,56.250,26.875,27.500,19.531,39.551,15.686,31.765,0.781,1.582,ON,0,OFF,ON,ON,0.995,0.996,0,0.004,3.288,3.308,0,96,51199.219,13.847,24.314,OFF,OFF,OFF,OFF,OFF,OFF,OFF,Avail,Incmpl,Incmpl,Enable,Avail,422.300,218.700,422.300,218.700,ON,Avail,Compl,Enable,77,0,0,0,0,0,0,6,A,0,0,Avail,Incmpl,Incmpl,Enable,OFF,OFF,941,703.750,51199.219,51199.219,51199.219,51199.219,51199.219,51199.219,1GRFE ,33.333,Avail,Compl,Incmpl,Enable,7.996,OFF,OFF,OFF,OFF,ON,ON,Avail,Compl,Enable,Compl,CL,CL,Compl,Unable,Not Avl,Compl,Compl,Enable,OFF,3090,14.500,120,ON,4.375,8.750,0.097,2222,10,21,-3,OFF,2.344,4.688,4.180,OFF,0,0,82,Avail,Compl,Enable,0,GRN2#  ,ON,0,ACTIVE,Not Act,0.967,0.952,0.565,0.740,51.227,55.117,Avail,Compl,Avail,Incmpl,Incmpl,Enable,OBD II (California ARB),OFF,OFF,8.002,-0.653,0,1st,OFF,OFF,OFF,OFF,OFF,OFF,-0.781,0,ON,OFF,650,0,OFF,OFF,OFF,ON,Gasoline,1.007,OFF,OFF,0.684,ON,0.703,15.294,11,0,0.762,0.762,2.324,0.762,0.918,2.031,46.667,0,15.294,85,0.008,0.031,OFF,ECT 5th,NA,OFF,96.866,96.910,14.510,0,Not Avl,0,0,0,0,ON,ON,0,0,4
111,0,14.116,Not Avl,Compl,Compl,Unable,OFF,Not Avl,Compl,Compl,Unable,OFF,48.438,56.250,26.875,27.500,19.531,39.551,15.686,31.765,0.781,1.582,ON,0,OFF,ON,ON,0.995,0.996,0,0.004,3.288,3.308,0,96,51199.219,13.847,24.314,OFF,OFF,OFF,OFF,OFF,OFF,OFF,Avail,Incmpl,Incmpl,Enable,Avail,422.300,218.700,422.300,218.700,ON,Avail,Compl,Enable,77,0,0,0,0,0,0,6,A,0,0,Avail,Incmpl,Incmpl,Enable,OFF,OFF,941,703.750,51199.219,51199.219,51199.219,51199.219,51199.219,51199.219,1GRFE ,33.333,Avail,Compl,Incmpl,Enable,7.996,OFF,OFF,OFF,OFF,ON,ON,Avail,Compl,Enable,Compl,CL,CL,Compl,Unable,Not Avl,Compl,Compl,Enable,OFF,3090,14.500,120,ON,4.375,8.750,0.097,2222,10,21,-3,OFF,2.344,4.688,3.790,OFF,0,0,82,Avail,Compl,Enable,0,GRN2#  ,ON,0,ACTIVE,Not Act,0.967,0.952,0.565,0.740,51.227,55.117,Avail,Compl,Avail,Incmpl,Incmpl,Enable,OBD II (California ARB),OFF,OFF,8.002,-0.653,0,1st,OFF,OFF,OFF,OFF,OFF,OFF,-0.781,0,ON,OFF,650,0,OFF,OFF,OFF,ON,Gasoline,1.007,OFF,OFF,0.684,ON,0.703,15.294,11,0,0.762,0.762,2.324,0.762,0.918,2.031,46.667,0,15.294,85,0.008,0.031,OFF,ECT 5th,NA,OFF,96.866,96.910,14.510,0,Not Avl,0,0,0,0,ON,ON,0,0,4
112,0,14.116,Not Avl,Compl,Compl,Unable,OFF,Not Avl,Compl,Compl,Unable,OFF,48.438,56.250,26.875,27.500,19.531,39.551,15.686,31.765,0.781,1.582,ON,0,OFF,ON,ON,0.995,0.996,0,0.004,3.288,3.308,0,96,51199.219,13.847,24.314,OFF,OFF,OFF,OFF,OFF,OFF,OFF,Avail,Incmpl,Incmpl,Enable,Avail,422.300,218.700,422.300,218.700,ON,Avail,Compl,Enable,77,0,0,0,0,0,0,6,A,0,0,Avail,Incmpl,Incmpl,Enable,OFF,OFF,941,703.750,51199.219,51199.219,51199.219,51199.219,51199.219,51199.219,1GRFE ,33.333,Avail,Compl,Incmpl,Enable,7.996,OFF,OFF,OFF,OFF,ON,ON,Avail,Compl,Enable,Compl,CL,CL,Compl,Unable,Not Avl,Compl,Compl,Enable,OFF,3090,14.500,120,ON,4.375,8.750,0.097,2222,10,21,-3,OFF,2.344,4.688,3.790,OFF,0,0,82,Avail,Compl,Enable,0,GRN2#  ,ON,0,ACTIVE,Not Act,0.967,0.952,0.565,0.740,51.227,55.117,Avail,Compl,Avail,Incmpl,Incmpl,Enable,OBD II (California ARB),OFF,OFF,8.002,-0.653,0,1st,OFF,OFF,OFF,OFF,OFF,OFF,-0.781,0,ON,OFF,650,0,OFF,OFF,OFF,ON,Gasoline,1.007,OFF,OFF,0.684,ON,0.703,15.294,11,0,0.762,0.762,2.324,0.762,0.918,2.031,46.667,0,15.294,85,0.008,0.031,OFF,ECT 5th,NA,OFF,96.866,96.910,14.510,0,Not Avl,0,0,0,0,ON,ON,0,0,4
113,0,14.116,Not Avl,Compl,Compl,Unable,OFF,Not Avl,Compl,Compl,Unable,OFF,48.438,56.250,26.875,27.500,19.531,39.551,15.686,31.765,0.781,1.582,ON,0,OFF,ON,ON,0.995,0.996,0,0.004,3.288,3.308,0,96,51199.219,13.847,24.314,OFF,OFF,OFF,OFF,OFF,OFF,OFF,Avail,Incmpl,Incmpl,Enable,Avail,422.300,218.700,422.300,218.700,ON,Avail,Compl,Enable,77,0,0,0,0,0,0,6,A,0,0,Avail,Incmpl,Incmpl,Enable,OFF,OFF,941,703.750,51199.219,51199.219,51199.219,51199.219,51199.219,51199.219,1GRFE ,33.333,Avail,Compl,Incmpl,Enable,7.996,OFF,OFF,OFF,OFF,ON,ON,Avail,Compl,Enable,Compl,CL,CL,Compl,Unable,Not Avl,Compl,Compl,Enable,OFF,3090,14.500,120,ON,4.375,8.750,0.097,2222,10,21,-3,OFF,2.344,4.688,3.790,OFF,0,0,82,Avail,Compl,Enable,0,GRN2#  ,ON,0,ACTIVE,Not Act,0.967,0.952,0.565,0.740,51.227,55.117,Avail,Compl,Avail,Incmpl,Incmpl,Enable,OBD II (California ARB),OFF,OFF,8.002,-0.653,0,1st,OFF,OFF,OFF,OFF,OFF,OFF,-0.781,0,ON,OFF,650,0,OFF,OFF,OFF,ON,Gasoline,1.007,OFF,OFF,0.684,ON,0.703,15.294,11,0,0.762,0.762,2.324,0.762,0.918,2.031,46.667,0,15.294,85,0.008,0.031,OFF,ECT 5th,NA,OFF,96.866,96.910,14.510,0,Not Avl,0,0,0,0,ON,ON,0,0,4
114,0,14.116,Not Avl,Compl,Compl,Unable,OFF,Not Avl,Compl,Compl,Unable,OFF,48.438,56.250,26.875,27.500,19.531,39.551,15.686,31.765,0.781,1.582,ON,0,OFF,ON,ON,0.995,0.996,0,0.004,3.288,3.308,0,96,51199.219,13.847,24.314,OFF,OFF,OFF,OFF,OFF,OFF,OFF,Avail,Incmpl,Incmpl,Enable,Avail,422.300,218.700,422.300,218.700,ON,Avail,Compl,Enable,77,0,0,0,0,0,0,6,A,0,0,Avail,Incmpl,Incmpl,Enable,OFF,OFF,941,703.750,51199.219,51199.219,51199.219,51199.219,51199.219,51199.219,1GRFE ,33.333,Avail,Compl,Incmpl,Enable,7.996,OFF,OFF,OFF,OFF,ON,ON,Avail,Compl,Enable,Compl,CL,CL,Compl,Unable,Not Avl,Compl,Compl,Enable,OFF,3090,14.500,120,ON,4.375,8.750,0.097,2222,10,21,-3,OFF,2.344,4.688,3.790,OFF,0,0,82,Avail,Compl,Enable,0,GRN2#  ,ON,0,ACTIVE,Not Act,0.967,0.952,0.565,0.740,51.227,55.117,Avail,Compl,Avail,Incmpl,Incmpl,Enable,OBD II (California ARB),OFF,OFF,8.002,-0.653,0,1st,OFF,OFF,OFF,OFF,OFF,OFF,-0.781,0,ON,OFF,650,0,OFF,OFF,OFF,ON,Gasoline,1.007,OFF,OFF,0.684,ON,0.703,15.294,11,0,0.762,0.762,2.324,0.762,0.918,2.031,46.667,0,15.294,85,0.008,0.031,OFF,ECT 5th,NA,OFF,96.866,96.910,14.510,0,Not Avl,0,0,0,0,ON,ON,0,0,4
115,0,14.116,Not Avl,Compl,Compl,Unable,OFF,Not Avl,Compl,Compl,Unable,OFF,48.438,56.250,26.875,27.500,19.531,39.551,15.686,31.765,0.781,1.582,ON,0,OFF,ON,ON,0.995,0.996,0,0.004,3.288,3.308,0,96,51199.219,13.847,24.314,OFF,OFF,OFF,OFF,OFF,OFF,OFF,Avail,Incmpl,Incmpl,Enable,Avail,422.300,218.700,422.300,218.700,ON,Avail,Compl,Enable,77,0,0,0,0,0,0,6,A,0,0,Avail,Incmpl,Incmpl,Enable,OFF,OFF,941,703.750,51199.219,51199.219,51199.219,51199.219,51199.219,51199.219,1GRFE ,33.333,Avail,Compl,Incmpl,Enable,7.996,OFF,OFF,OFF,OFF,ON,ON,Avail,Compl,Enable,Compl,CL,CL,Compl,Unable,Not Avl,Compl,Compl,Enable,OFF,3090,14.500,120,ON,4.375,8.750,0.097,2222,10,21,-3,OFF,2.344,4.688,3.790,OFF,0,0,81,Avail,Compl,Enable,0,GRN2#  ,ON,0,ACTIVE,Not Act,0.967,0.952,0.565,0.740,51.227,55.117,Avail,Compl,Avail,Incmpl,Incmpl,Enable,OBD II (California ARB),OFF,OFF,8.002,-0.653,0,1st,OFF,OFF,OFF,OFF,OFF,OFF,-0.781,0,ON,OFF,650,0,OFF,OFF,OFF,ON,Gasoline,1.007,OFF,OFF,0.684,ON,0.703,15.294,11,0,0.762,0.762,2.324,0.762,0.918,2.031,46.667,0,15.294,85,0.008,0.031,OFF,ECT 5th,NA,OFF,96.866,96.910,14.510,0,Not Avl,0,0,0,0,ON,ON,0,0,4
116,0,14.116,Not Avl,Compl,Compl,Unable,OFF,Not Avl,Compl,Compl,Unable,OFF,48.438,56.250,26.875,27.500,19.531,39.551,15.686,31.765,0.781,1.582,ON,0,OFF,ON,ON,0.995,0.996,0,0.004,3.288,3.308,0,96,51199.219,13.847,24.314,OFF,OFF,OFF,OFF,OFF,OFF,OFF,Avail,Incmpl,Incmpl,Enable,Avail,422.300,218.700,422.300,218.700,ON,Avail,Compl,Enable,77,0,0,0,0,0,0,6,A,0,0,Avail,Incmpl,Incmpl,Enable,OFF,OFF,941,703.750,51199.219,51199.219,51199.219,51199.219,51199.219,51199.219,1GRFE ,33.333,Avail,Compl,Incmpl,Enable,7.996,OFF,OFF,OFF,OFF,ON,ON,Avail,Compl,Enable,Compl,CL,CL,Compl,Unable,Not Avl,Compl,Compl,Enable,OFF,3090,14.500,120,ON,4.375,8.750,0.097,2222,10,21,-3,OFF,2.344,4.688,3.790,OFF,0,0,81,Avail,Compl,Enable,0,GRN2#  ,ON,0,ACTIVE,Not Act,0.967,0.952,0.565,0.740,51.227,55.117,Avail,Compl,Avail,Incmpl,Incmpl,Enable,OBD II (California ARB),OFF,OFF,8.002,-0.653,0,1st,OFF,OFF,OFF,OFF,OFF,OFF,-0.781,0,ON,OFF,650,0,OFF,OFF,OFF,ON,Gasoline,1.007,OFF,OFF,0.684,ON,0.703,15.294,11,0,0.762,0.762,2.324,0.762,0.918,2.031,46.667,0,15.294,85,0.008,0.031,OFF,ECT 5th,NA,OFF,96.866,96.910,14.510,0,Not Avl,0,0,0,0,ON,ON,0,0,4
117,0,14.116,Not Avl,Compl,Compl,Unable,OFF,Not Avl,Compl,Compl,Unable,OFF,48.438,56.250,26.875,27.500,19.531,39.551,15.686,31.765,0.781,1.582,ON,0,OFF,ON,ON,0.995,0.996,0,0.004,3.288,3.308,0,96,51199.219,13.847,24.314,OFF,OFF,OFF,OFF,OFF,OFF,OFF,Avail,Incmpl,Incmpl,Enable,Avail,422.300,218.700,422.300,218.700,ON,Avail,Compl,Enable,77,0,0,0,0,0,0,6,A,0,0,Avail,Incmpl,Incmpl,Enable,OFF,OFF,941,703.750,51199.219,51199.219,51199.219,51199.219,51199.219,51199.219,1GRFE ,33.333,Avail,Compl,Incmpl,Enable,7.996,OFF,OFF,OFF,OFF,ON,ON,Avail,Compl,Enable,Compl,CL,CL,Compl,Unable,Not Avl,Compl,Compl,Enable,OFF,3090,14.500,120,ON,4.375,8.750,0.097,2222,10,21,-3,OFF,2.344,4.688,3.790,OFF,0,0,81,Avail,Compl,Enable,0,GRN2#  ,ON,0,ACTIVE,Not Act,0.967,0.952,0.565,0.740,51.227,55.117,Avail,Compl,Avail,Incmpl,Incmpl,Enable,OBD II (California ARB),OFF,OFF,8.002,-0.653,0,1st,OFF,OFF,OFF,OFF,OFF,OFF,-0.781,0,ON,OFF,650,0,OFF,OFF,OFF,ON,Gasoline,1.007,OFF,OFF,0.684,ON,0.703,15.294,11,0,0.762,0.762,2.324,0.762,0.918,2.031,46.667,0,15.294,85,0.008,0.031,OFF,ECT 5th,NA,OFF,96.866,96.910,14.510,0,Not Avl,0,0,0,0,ON,ON,0,0,4
118,0,14.116,Not Avl,Compl,Compl,Unable,OFF,Not Avl,Compl,Compl,Unable,OFF,48.438,56.250,26.875,27.500,19.531,39.551,15.686,31.765,0.781,1.582,ON,0,OFF,ON,ON,0.995,0.996,0,0.004,3.288,3.308,0,96,51199.219,13.847,24.314,OFF,OFF,OFF,OFF,OFF,OFF,OFF,Avail,Incmpl,Incmpl,Enable,Avail,422.300,218.700,422.300,218.700,ON,Avail,Compl,Enable,77,0,0,0,0,0,0,6,A,0,0,Avail,Incmpl,Incmpl,Enable,OFF,OFF,941,703.750,51199.219,51199.219,51199.219,51199.219,51199.219,51199.219,1GRFE ,33.333,Avail,Compl,Incmpl,Enable,7.996,OFF,OFF,OFF,OFF,ON,ON,Avail,Compl,Enable,Compl,CL,CL,Compl,Unable,Not Avl,Compl,Compl,Enable,OFF,3090,14.500,120,ON,4.375,8.750,0.097,2222,10,21,-3,OFF,2.344,4.688,3.790,OFF,0,0,81,Avail,Compl,Enable,0,GRN2#  ,ON,0,ACTIVE,Not Act,0.967,0.952,0.565,0.740,51.227,55.117,Avail,Compl,Avail,Incmpl,Incmpl,Enable,OBD II (California ARB),OFF,OFF,8.002,-0.653,0,1st,OFF,OFF,OFF,OFF,OFF,OFF,-0.781,0,ON,OFF,650,0,OFF,OFF,OFF,ON,Gasoline,1.007,OFF,OFF,0.684,ON,0.703,15.294,11,0,0.762,0.762,2.324,0.762,0.918,2.031,46.667,0,15.294,85,0.008,0.031,OFF,ECT 5th,NA,OFF,96.866,96.910,14.510,0,Not Avl,0,0,0,0,ON,ON,0,0,4
119,0,14.116,Not Avl,Compl,Compl,Unable,OFF,Not Avl,Compl,Compl,Unable,OFF,48.438,56.250,26.875,27.500,19.531,39.551,15.686,31.765,0.781,1.582,ON,0,OFF,ON,ON,0.995,0.996,0,0.004,3.288,3.308,0,96,51199.219,13.847,24.314,OFF,OFF,OFF,OFF,OFF,OFF,OFF,Avail,Incmpl,Incmpl,Enable,Avail,422.300,218.700,422.300,218.700,ON,Avail,Compl,Enable,77,0,0,0,0,0,0,6,A,0,0,Avail,Incmpl,Incmpl,Enable,OFF,OFF,941,703.750,51199.219,51199.219,51199.219,51199.219,51199.219,51199.219,1GRFE ,33.333,Avail,Compl,Incmpl,Enable,7.996,OFF,OFF,OFF,OFF,ON,ON,Avail,Compl,Enable,Compl,CL,CL,Compl,Unable,Not Avl,Compl,Compl,Enable,OFF,3090,14.500,120,ON,4.375,8.750,0.097,2222,10,21,-3,OFF,2.344,4.688,3.790,OFF,0,0,81,Avail,Compl,Enable,0,GRN2#  ,ON,0,ACTIVE,Not Act,0.967,0.952,0.565,0.740,51.227,55.117,Avail,Compl,Avail,Incmpl,Incmpl,Enable,OBD II (California ARB),OFF,OFF,8.002,-0.653,0,1st,OFF,OFF,OFF,OFF,OFF,OFF,-0.781,0,ON,OFF,650,0,OFF,OFF,OFF,ON,Gasoline,1.007,OFF,OFF,0.684,ON,0.703,15.294,11,0,0.762,0.762,2.324,0.762,0.918,2.031,46.667,0,15.294,85,0.008,0.031,OFF,ECT 5th,NA,OFF,96.866,96.910,14.510,0,Not Avl,0,0,0,0,ON,ON,0,0,4
120,0,14.116,Not Avl,Compl,Compl,Unable,OFF,Not Avl,Compl,Compl,Unable,OFF,48.438,56.250,26.875,27.500,19.531,39.551,15.686,31.765,0.781,1.582,ON,0,OFF,ON,ON,0.995,0.996,0,0.004,3.288,3.308,0,96,51199.219,13.847,24.314,OFF,OFF,OFF,OFF,OFF,OFF,OFF,Avail,Incmpl,Incmpl,Enable,Avail,422.300,218.700,422.300,218.700,ON,Avail,Compl,Enable,77,0,0,0,0,0,0,6,A,0,0,Avail,Incmpl,Incmpl,Enable,OFF,OFF,941,703.750,51199.219,51199.219,51199.219,51199.219,51199.219,51199.219,1GRFE ,33.333,Avail,Compl,Incmpl,Enable,7.996,OFF,OFF,OFF,OFF,ON,ON,Avail,Compl,Enable,Compl,CL,CL,Compl,Unable,Not Avl,Compl,Compl,Enable,OFF,3090,14.500,120,ON,4.375,8.750,0.097,2222,10,21,-3,OFF,2.344,4.688,3.790,OFF,0,0,81,Avail,Compl,Enable,0,GRN2#  ,ON,0,ACTIVE,Not Act,0.967,0.952,0.565,0.740,51.227,55.117,Avail,Compl,Avail,Incmpl,Incmpl,Enable,OBD II (California ARB),OFF,OFF,8.002,-0.653,0,1st,OFF,OFF,OFF,OFF,OFF,OFF,-0.781,0,ON,OFF,650,0,OFF,OFF,OFF,ON,Gasoline,1.007,OFF,OFF,0.684,ON,0.703,15.294,11,0,0.762,0.762,2.324,0.762,0.918,2.031,46.667,0,15.294,85,0.008,0.031,OFF,ECT 5th,NA,OFF,96.866,96.910,14.510,0,Not Avl,0,0,0,0,ON,ON,0,0,4
121,0,14.116,Not Avl,Compl,Compl,Unable,OFF,Not Avl,Compl,Compl,Unable,OFF,48.438,56.250,26.875,27.500,19.531,39.551,15.686,31.765,0.781,1.582,ON,0,OFF,ON,ON,0.995,0.996,0,0.004,3.288,3.308,0,96,51199.219,13.847,24.314,OFF,OFF,OFF,OFF,OFF,OFF,OFF,Avail,Incmpl,Incmpl,Enable,Avail,422.300,218.700,422.300,218.700,ON,Avail,Compl,Enable,77,0,0,0,0,0,0,6,A,0,0,Avail,Incmpl,Incmpl,Enable,OFF,OFF,941,703.750,51199.219,51199.219,51199.219,51199.219,51199.219,51199.219,1GRFE ,33.333,Avail,Compl,Incmpl,Enable,7.996,OFF,OFF,OFF,OFF,ON,ON,Avail,Compl,Enable,Compl,CL,CL,Compl,Unable,Not Avl,Compl,Compl,Enable,OFF,3090,14.500,120,ON,4.375,8.750,0.097,2222,10,21,-3,OFF,2.344,4.688,3.790,OFF,0,0,81,Avail,Compl,Enable,0,GRN2#  ,ON,0,ACTIVE,Not Act,0.967,0.952,0.565,0.740,51.227,55.117,Avail,Compl,Avail,Incmpl,Incmpl,Enable,OBD II (California ARB),OFF,OFF,8.002,-0.653,0,1st,OFF,OFF,OFF,OFF,OFF,OFF,-0.781,0,ON,OFF,650,0,OFF,OFF,OFF,ON,Gasoline,1.007,OFF,OFF,0.684,ON,0.703,15.294,11,0,0.762,0.762,2.324,0.762,0.918,2.031,46.667,0,15.294,85,0.008,0.031,OFF,ECT 5th,NA,OFF,96.866,96.910,14.510,0,Not Avl,0,0,0,0,ON,ON,0,0,4
122,0,14.116,Not Avl,Compl,Compl,Unable,OFF,Not Avl,Compl,Compl,Unable,OFF,48.438,56.250,26.875,27.500,19.531,39.551,15.686,31.765,0.781,1.582,ON,0,OFF,ON,ON,0.995,0.996,0,0.004,3.288,3.308,0,96,51199.219,13.847,24.314,OFF,OFF,OFF,OFF,OFF,OFF,OFF,Avail,Incmpl,Incmpl,Enable,Avail,422.300,218.700,422.300,218.700,ON,Avail,Compl,Enable,77,0,0,0,0,0,0,6,A,0,0,Avail,Incmpl,Incmpl,Enable,OFF,OFF,941,703.750,51199.219,51199.219,51199.219,51199.219,51199.219,51199.219,1GRFE ,33.333,Avail,Compl,Incmpl,Enable,7.996,OFF,OFF,OFF,OFF,ON,ON,Avail,Compl,Enable,Compl,CL,CL,Compl,Unable,Not Avl,Compl,Compl,Enable,OFF,3090,14.500,120,ON,4.375,8.750,0.097,2222,10,21,-3,OFF,2.344,4.688,3.790,OFF,0,0,81,Avail,Compl,Enable,0,GRN2#  ,ON,0,ACTIVE,Not Act,0.967,0.952,0.565,0.740,51.227,55.117,Avail,Compl,Avail,Incmpl,Incmpl,Enable,OBD II (California ARB),OFF,OFF,8.002,-0.653,0,1st,OFF,OFF,OFF,OFF,OFF,OFF,-0.781,0,ON,OFF,650,0,OFF,OFF,OFF,ON,Gasoline,1.007,OFF,OFF,0.684,ON,0.703,15.294,11,0,0.762,0.762,2.324,0.762,0.918,2.031,46.667,0,15.294,85,0.008,0.031,OFF,ECT 5th,NA,OFF,96.866,96.910,14.510,0,Not Avl,0,0,0,0,ON,ON,0,0,4
123,0,14.116,Not Avl,Compl,Compl,Unable,OFF,Not Avl,Compl,Compl,Unable,OFF,48.438,56.250,26.875,27.500,19.531,39.551,15.686,31.765,0.781,1.582,ON,0,OFF,ON,ON,0.995,0.996,0,0.004,3.288,3.308,0,96,51199.219,13.847,24.314,OFF,OFF,OFF,OFF,OFF,OFF,OFF,Avail,Incmpl,Incmpl,Enable,Avail,422.300,218.700,422.300,218.700,ON,Avail,Compl,Enable,77,0,0,0,0,0,0,6,A,0,0,Avail,Incmpl,Incmpl,Enable,OFF,OFF,941,703.750,51199.219,51199.219,51199.219,51199.219,51199.219,51199.219,1GRFE ,33.333,Avail,Compl,Incmpl,Enable,7.996,OFF,OFF,OFF,OFF,ON,ON,Avail,Compl,Enable,Compl,CL,CL,Compl,Unable,Not Avl,Compl,Compl,Enable,OFF,3090,14.500,120,ON,4.375,8.750,0.097,2222,10,21,-3,OFF,2.344,4.688,3.790,OFF,0,0,81,Avail,Compl,Enable,0,GRN2#  ,ON,0,ACTIVE,Not Act,0.967,0.952,0.565,0.740,51.227,55.117,Avail,Compl,Avail,Incmpl,Incmpl,Enable,OBD II (California ARB),OFF,OFF,8.002,-0.653,0,1st,OFF,OFF,OFF,OFF,OFF,OFF,-0.781,0,ON,OFF,650,0,OFF,OFF,OFF,ON,Gasoline,1.007,OFF,OFF,0.684,ON,0.703,15.294,11,0,0.762,0.762,2.324,0.762,0.918,2.031,46.667,0,15.294,85,0.008,0.031,OFF,ECT 5th,NA,OFF,96.866,96.910,14.510,0,Not Avl,0,0,0,0,ON,ON,0,0,4
124,0,14.116,Not Avl,Compl,Compl,Unable,OFF,Not Avl,Compl,Compl,Unable,OFF,48.438,56.250,26.875,27.500,19.531,39.551,15.686,31.765,0.781,1.582,ON,0,OFF,ON,ON,0.995,0.996,0,0.004,3.288,3.308,0,96,51199.219,13.847,24.314,OFF,OFF,OFF,OFF,OFF,OFF,OFF,Avail,Incmpl,Incmpl,Enable,Avail,422.300,218.700,422.300,218.700,ON,Avail,Compl,Enable,77,0,0,0,0,0,0,6,A,0,0,Avail,Incmpl,Incmpl,Enable,OFF,OFF,941,703.750,51199.219,51199.219,51199.219,51199.219,51199.219,51199.219,1GRFE ,33.333,Avail,Compl,Incmpl,Enable,7.996,OFF,OFF,OFF,OFF,ON,ON,Avail,Compl,Enable,Compl,CL,CL,Compl,Unable,Not Avl,Compl,Compl,Enable,OFF,3090,14.500,120,ON,4.375,8.750,0.097,2222,10,21,-3,OFF,2.344,4.688,3.790,OFF,0,0,81,Avail,Compl,Enable,0,GRN2#  ,ON,0,ACTIVE,ACTIVE,0.967,0.952,0.565,0.740,51.227,55.117,Avail,Compl,Avail,Incmpl,Incmpl,Enable,OBD II (California ARB),OFF,OFF,8.002,-0.653,0,1st,OFF,OFF,OFF,OFF,OFF,OFF,-0.781,0,ON,OFF,650,0,OFF,OFF,OFF,ON,Gasoline,1.007,OFF,OFF,0.684,ON,0.703,15.294,11,0,0.762,0.762,2.324,0.762,0.918,2.031,46.667,0,15.294,85,0.008,0.031,OFF,ECT 5th,NA,OFF,96.866,96.910,14.510,0,Not Avl,0,0,0,0,ON,ON,0,0,4
125,0,14.116,Not Avl,Compl,Compl,Unable,OFF,Not Avl,Compl,Compl,Unable,OFF,48.438,56.250,26.875,27.500,19.531,39.551,15.686,31.765,0.781,1.582,ON,0,OFF,ON,ON,0.995,0.996,0,0.004,3.288,3.308,0,96,51199.219,13.847,24.314,OFF,OFF,OFF,OFF,OFF,OFF,OFF,Avail,Incmpl,Incmpl,Enable,Avail,422.300,218.700,422.300,218.700,ON,Avail,Compl,Enable,77,0,0,0,0,0,0,6,A,0,0,Avail,Incmpl,Incmpl,Enable,OFF,OFF,941,703.750,51199.219,51199.219,51199.219,51199.219,51199.219,51199.219,1GRFE ,33.333,Avail,Compl,Incmpl,Enable,7.996,OFF,OFF,OFF,OFF,ON,ON,Avail,Compl,Enable,Compl,CL,CL,Compl,Unable,Not Avl,Compl,Compl,Enable,OFF,3090,14.500,120,ON,4.375,8.750,0.097,2222,10,21,-3,OFF,2.344,4.688,3.790,OFF,0,0,81,Avail,Compl,Enable,0,GRN2#  ,ON,0,ACTIVE,ACTIVE,0.967,0.952,0.565,0.740,51.227,55.117,Avail,Compl,Avail,Incmpl,Incmpl,Enable,OBD II (California ARB),OFF,OFF,8.002,-0.653,0,1st,OFF,OFF,OFF,OFF,OFF,OFF,-0.781,0,ON,OFF,650,0,OFF,OFF,OFF,ON,Gasoline,1.007,OFF,OFF,0.684,ON,0.703,15.294,11,0,0.762,0.762,2.324,0.762,0.918,2.031,46.667,0,15.294,85,0.008,0.031,OFF,ECT 5th,NA,OFF,96.866,96.910,14.510,0,Not Avl,0,0,0,0,ON,ON,0,0,4
126,0,14.116,Not Avl,Compl,Compl,Unable,OFF,Not Avl,Compl,Compl,Unable,OFF,48.438,56.250,26.875,27.500,19.531,39.551,15.686,31.765,0.781,1.582,ON,0,OFF,ON,ON,0.995,0.996,0,0.004,3.288,3.308,0,96,51199.219,13.847,24.314,OFF,OFF,OFF,OFF,OFF,OFF,OFF,Avail,Incmpl,Incmpl,Enable,Avail,422.300,218.700,422.300,218.700,ON,Avail,Compl,Enable,77,0,0,0,0,0,0,6,A,0,0,Avail,Incmpl,Incmpl,Enable,OFF,OFF,941,703.750,51199.219,51199.219,51199.219,51199.219,51199.219,51199.219,1GRFE ,33.333,Avail,Compl,Incmpl,Enable,7.996,OFF,OFF,OFF,OFF,ON,ON,Avail,Compl,Enable,Compl,CL,CL,Compl,Unable,Not Avl,Compl,Compl,Enable,OFF,3090,14.500,120,ON,4.375,8.750,0.097,2222,10,21,-3,OFF,2.344,4.688,3.790,OFF,0,0,81,Avail,Compl,Enable,0,GRN2#  ,ON,0,ACTIVE,ACTIVE,0.967,0.947,0.565,0.740,51.227,55.117,Avail,Compl,Avail,Incmpl,Incmpl,Enable,OBD II (California ARB),OFF,OFF,8.002,-0.653,0,1st,OFF,OFF,OFF,OFF,OFF,OFF,-0.781,0,ON,OFF,650,0,OFF,OFF,OFF,ON,Gasoline,1.007,OFF,OFF,0.684,ON,0.703,15.294,11,0,0.762,0.762,2.324,0.762,0.918,2.031,46.667,0,15.294,85,0.008,0.031,OFF,ECT 5th,NA,OFF,96.866,96.910,14.510,0,Not Avl,0,0,0,0,ON,ON,0,0,4
127,0,14.116,Not Avl,Compl,Compl,Unable,OFF,Not Avl,Compl,Compl,Unable,OFF,48.438,56.250,26.875,27.500,19.531,39.551,15.686,31.765,0.781,1.582,ON,0,OFF,ON,ON,0.995,0.996,0,0.004,3.288,3.308,0,96,51199.219,13.847,24.314,OFF,OFF,OFF,OFF,OFF,OFF,OFF,Avail,Incmpl,Incmpl,Enable,Avail,422.300,218.700,422.300,218.700,ON,Avail,Compl,Enable,77,0,0,0,0,0,0,6,A,0,0,Avail,Incmpl,Incmpl,Enable,OFF,OFF,941,703.750,51199.219,51199.219,51199.219,51199.219,51199.219,51199.219,1GRFE ,33.333,Avail,Compl,Incmpl,Enable,7.996,OFF,OFF,OFF,OFF,ON,ON,Avail,Compl,Enable,Compl,CL,CL,Compl,Unable,Not Avl,Compl,Compl,Enable,OFF,3090,14.500,120,ON,4.375,8.750,0.097,2222,10,21,-3,OFF,2.344,4.688,3.790,OFF,0,0,81,Avail,Compl,Enable,0,GRN2#  ,ON,0,ACTIVE,ACTIVE,0.967,0.947,0.525,0.740,51.227,55.117,Avail,Compl,Avail,Incmpl,Incmpl,Enable,OBD II (California ARB),OFF,OFF,8.002,-0.653,0,1st,OFF,OFF,OFF,OFF,OFF,OFF,-0.781,0,ON,OFF,650,0,OFF,OFF,OFF,ON,Gasoline,1.007,OFF,OFF,0.684,ON,0.703,15.294,11,0,0.762,0.762,2.324,0.762,0.918,2.031,46.667,0,15.294,85,0.008,0.031,OFF,ECT 5th,NA,OFF,96.866,96.910,14.510,0,Not Avl,0,0,0,0,ON,ON,0,0,4
128,0,14.116,Not Avl,Compl,Compl,Unable,OFF,Not Avl,Compl,Compl,Unable,OFF,48.438,56.250,26.875,27.500,19.531,39.551,15.686,31.765,0.781,1.582,ON,0,OFF,ON,ON,0.995,0.996,0,0.004,3.288,3.308,0,96,51199.219,13.847,24.314,OFF,OFF,OFF,OFF,OFF,OFF,OFF,Avail,Incmpl,Incmpl,Enable,Avail,422.300,218.700,422.300,218.700,ON,Avail,Compl,Enable,77,0,0,0,0,0,0,6,A,0,0,Avail,Incmpl,Incmpl,Enable,OFF,OFF,941,703.750,51199.219,51199.219,51199.219,51199.219,51199.219,51199.219,1GRFE ,33.333,Avail,Compl,Incmpl,Enable,7.996,OFF,OFF,OFF,OFF,ON,ON,Avail,Compl,Enable,Compl,CL,CL,Compl,Unable,Not Avl,Compl,Compl,Enable,OFF,3090,14.500,120,ON,4.375,8.750,0.097,2222,10,21,-3,OFF,2.344,4.688,3.790,OFF,0,0,81,Avail,Compl,Enable,0,GRN2#  ,ON,0,ACTIVE,ACTIVE,0.967,0.947,0.525,0.585,51.227,55.117,Avail,Compl,Avail,Incmpl,Incmpl,Enable,OBD II (California ARB),OFF,OFF,8.002,-0.653,0,1st,OFF,OFF,OFF,OFF,OFF,OFF,-0.781,0,ON,OFF,650,0,OFF,OFF,OFF,ON,Gasoline,1.007,OFF,OFF,0.684,ON,0.703,15.294,11,0,0.762,0.762,2.324,0.762,0.918,2.031,46.667,0,15.294,85,0.008,0.031,OFF,ECT 5th,NA,OFF,96.866,96.910,14.510,0,Not Avl,0,0,0,0,ON,ON,0,0,4
129,0,14.116,Not Avl,Compl,Compl,Unable,OFF,Not Avl,Compl,Compl,Unable,OFF,48.438,56.250,26.875,27.500,19.531,39.551,15.686,31.765,0.781,1.582,ON,0,OFF,ON,ON,0.995,0.996,0,0.004,3.288,3.308,0,96,51199.219,13.847,24.314,OFF,OFF,OFF,OFF,OFF,OFF,OFF,Avail,Incmpl,Incmpl,Enable,Avail,422.300,218.700,422.300,218.700,ON,Avail,Compl,Enable,77,0,0,0,0,0,0,6,A,0,0,Avail,Incmpl,Incmpl,Enable,OFF,OFF,941,703.750,51199.219,51199.219,51199.219,51199.219,51199.219,51199.219,1GRFE ,33.333,Avail,Compl,Incmpl,Enable,7.996,OFF,OFF,OFF,OFF,ON,ON,Avail,Compl,Enable,Compl,CL,CL,Compl,Unable,Not Avl,Compl,Compl,Enable,OFF,3090,14.500,120,ON,4.375,8.750,0.097,2222,10,21,-3,OFF,2.344,4.688,3.790,OFF,0,0,81,Avail,Compl,Enable,0,GRN2#  ,ON,0,ACTIVE,ACTIVE,0.967,0.947,0.525,0.585,68.086,55.117,Avail,Compl,Avail,Incmpl,Incmpl,Enable,OBD II (California ARB),OFF,OFF,8.002,-0.653,0,1st,OFF,OFF,OFF,OFF,OFF,OFF,-0.781,0,ON,OFF,650,0,OFF,OFF,OFF,ON,Gasoline,1.007,OFF,OFF,0.684,ON,0.703,15.294,11,0,0.762,0.762,2.324,0.762,0.918,2.031,46.667,0,15.294,85,0.008,0.031,OFF,ECT 5th,NA,OFF,96.866,96.910,14.510,0,Not Avl,0,0,0,0,ON,ON,0,0,4
130,0,14.116,Not Avl,Compl,Compl,Unable,OFF,Not Avl,Compl,Compl,Unable,OFF,48.438,56.250,26.875,27.500,19.531,39.551,15.686,31.765,0.781,1.582,ON,0,OFF,ON,ON,0.995,0.996,0,0.004,3.288,3.308,0,96,51199.219,13.847,24.314,OFF,OFF,OFF,OFF,OFF,OFF,OFF,Avail,Incmpl,Incmpl,Enable,Avail,422.300,218.700,422.300,218.700,ON,Avail,Compl,Enable,77,0,0,0,0,0,0,6,A,0,0,Avail,Incmpl,Incmpl,Enable,OFF,OFF,941,703.750,51199.219,51199.219,51199.219,51199.219,51199.219,51199.219,1GRFE ,33.333,Avail,Compl,Incmpl,Enable,7.996,OFF,OFF,OFF,OFF,ON,ON,Avail,Compl,Enable,Compl,CL,CL,Compl,Unable,Not Avl,Compl,Compl,Enable,OFF,3090,14.500,120,ON,4.375,8.750,0.097,2222,10,21,-3,OFF,2.344,4.688,3.790,OFF,0,0,81,Avail,Compl,Enable,0,GRN2#  ,ON,0,ACTIVE,ACTIVE,0.967,0.947,0.525,0.585,68.086,59.008,Avail,Compl,Avail,Incmpl,Incmpl,Enable,OBD II (California ARB),OFF,OFF,8.002,-0.653,0,1st,OFF,OFF,OFF,OFF,OFF,OFF,-0.781,0,ON,OFF,650,0,OFF,OFF,OFF,ON,Gasoline,1.007,OFF,OFF,0.684,ON,0.703,15.294,11,0,0.762,0.762,2.324,0.762,0.918,2.031,46.667,0,15.294,85,0.008,0.031,OFF,ECT 5th,NA,OFF,96.866,96.910,14.510,0,Not Avl,0,0,0,0,ON,ON,0,0,4
131,0,14.116,Not Avl,Compl,Compl,Unable,OFF,Not Avl,Compl,Compl,Unable,OFF,48.438,56.250,26.875,27.500,19.531,39.551,15.686,31.765,0.781,1.582,ON,0,OFF,ON,ON,0.995,0.996,0,0.004,3.288,3.308,0,96,51199.219,13.847,24.314,OFF,OFF,OFF,OFF,OFF,OFF,OFF,Avail,Incmpl,Incmpl,Enable,Avail,422.300,218.700,422.300,218.700,ON,Avail,Compl,Enable,77,0,0,0,0,0,0,6,A,0,0,Avail,Incmpl,Incmpl,Enable,OFF,OFF,941,703.750,51199.219,51199.219,51199.219,51199.219,51199.219,51199.219,1GRFE ,33.333,Avail,Compl,Incmpl,Enable,7.996,OFF,OFF,OFF,OFF,ON,ON,Avail,Compl,Enable,Compl,CL,CL,Compl,Unable,Not Avl,Compl,Compl,Enable,OFF,3090,14.500,120,ON,4.375,8.750,0.097,2222,10,21,-3,OFF,2.344,4.688,3.790,OFF,0,0,81,Avail,Compl,Enable,0,GRN2#  ,ON,0,ACTIVE,ACTIVE,0.967,0.947,0.525,0.585,68.086,59.008,Avail,Compl,Avail,Incmpl,Incmpl,Enable,OBD II (California ARB),OFF,OFF,8.002,-0.653,0,1st,OFF,OFF,OFF,OFF,OFF,OFF,-0.781,0,ON,OFF,650,0,OFF,OFF,OFF,ON,Gasoline,1.007,OFF,OFF,0.684,ON,0.703,15.294,11,0,0.762,0.762,2.324,0.762,0.918,2.031,46.667,0,15.294,85,0.008,0.031,OFF,ECT 5th,NA,OFF,96.866,96.910,14.510,0,Not Avl,0,0,0,0,ON,ON,0,0,4
132,0,14.116,Not Avl,Compl,Compl,Unable,OFF,Not Avl,Compl,Compl,Unable,OFF,48.438,56.250,26.875,27.500,19.531,39.551,15.686,31.765,0.781,1.582,ON,0,OFF,ON,ON,0.995,0.996,0,0.004,3.288,3.308,0,96,51199.219,13.847,24.314,OFF,OFF,OFF,OFF,OFF,OFF,OFF,Avail,Incmpl,Incmpl,Enable,Avail,422.300,218.700,422.300,218.700,ON,Avail,Compl,Enable,77,0,0,0,0,0,0,6,A,0,0,Avail,Incmpl,Incmpl,Enable,OFF,OFF,941,703.750,51199.219,51199.219,51199.219,51199.219,51199.219,51199.219,1GRFE ,33.333,Avail,Compl,Incmpl,Enable,7.996,OFF,OFF,OFF,OFF,ON,ON,Avail,Compl,Enable,Compl,CL,CL,Compl,Unable,Not Avl,Compl,Compl,Enable,OFF,3090,14.500,120,ON,4.375,8.750,0.097,2222,10,21,-3,OFF,2.344,4.688,3.790,OFF,0,0,81,Avail,Compl,Enable,0,GRN2#  ,ON,0,ACTIVE,ACTIVE,0.967,0.947,0.525,0.585,68.086,59.008,Avail,Compl,Avail,Incmpl,Incmpl,Enable,OBD II (California ARB),OFF,OFF,8.002,-0.653,0,1st,OFF,OFF,OFF,OFF,OFF,OFF,-0.781,0,ON,OFF,650,0,OFF,OFF,OFF,ON,Gasoline,1.007,OFF,OFF,0.684,ON,0.703,15.294,11,0,0.762,0.762,2.324,0.762,0.918,2.031,46.667,0,15.294,85,0.008,0.031,OFF,ECT 5th,NA,OFF,96.866,96.910,14.510,0,Not Avl,0,0,0,0,ON,ON,0,0,4
133,0,14.116,Not Avl,Compl,Compl,Unable,OFF,Not Avl,Compl,Compl,Unable,OFF,48.438,56.250,26.875,27.500,19.531,39.551,15.686,31.765,0.781,1.582,ON,0,OFF,ON,ON,0.995,0.996,0,0.004,3.288,3.308,0,96,51199.219,13.847,24.314,OFF,OFF,OFF,OFF,OFF,OFF,OFF,Avail,Incmpl,Incmpl,Enable,Avail,422.300,218.700,422.300,218.700,ON,Avail,Compl,Enable,77,0,0,0,0,0,0,6,A,0,0,Avail,Incmpl,Incmpl,Enable,OFF,OFF,941,703.750,51199.219,51199.219,51199.219,51199.219,51199.219,51199.219,1GRFE ,33.333,Avail,Compl,Incmpl,Enable,7.996,OFF,OFF,OFF,OFF,ON,ON,Avail,Compl,Enable,Compl,CL,CL,Compl,Unable,Not Avl,Compl,Compl,Enable,OFF,3090,14.500,120,ON,4.375,8.750,0.097,2222,10,21,-3,OFF,2.344,4.688,3.790,OFF,0,0,81,Avail,Compl,Enable,0,GRN2#  ,ON,0,ACTIVE,ACTIVE,0.967,0.947,0.525,0.585,68.086,59.008,Avail,Compl,Avail,Incmpl,Incmpl,Enable,OBD II (California ARB),OFF,OFF,8.002,-0.653,0,1st,OFF,OFF,OFF,OFF,OFF,OFF,-0.781,0,ON,OFF,650,0,OFF,OFF,OFF,ON,Gasoline,1.007,OFF,OFF,0.684,ON,0.703,15.294,11,0,0.762,0.762,2.324,0.762,0.918,2.031,46.667,0,15.294,85,0.008,0.031,OFF,ECT 5th,NA,OFF,96.866,96.910,14.510,0,Not Avl,0,0,0,0,ON,ON,0,0,4
134,0,14.116,Not Avl,Compl,Compl,Unable,OFF,Not Avl,Compl,Compl,Unable,OFF,48.438,56.250,26.875,27.500,19.531,39.551,15.686,31.765,0.781,1.582,ON,0,OFF,ON,ON,0.995,0.996,0,0.004,3.288,3.308,0,96,51199.219,13.847,24.314,OFF,OFF,OFF,OFF,OFF,OFF,OFF,Avail,Incmpl,Incmpl,Enable,Avail,422.300,218.700,422.300,218.700,ON,Avail,Compl,Enable,77,0,0,0,0,0,0,6,A,0,0,Avail,Incmpl,Incmpl,Enable,OFF,OFF,941,703.750,51199.219,51199.219,51199.219,51199.219,51199.219,51199.219,1GRFE ,33.333,Avail,Compl,Incmpl,Enable,7.996,OFF,OFF,OFF,OFF,ON,ON,Avail,Compl,Enable,Compl,CL,CL,Compl,Unable,Not Avl,Compl,Compl,Enable,OFF,3090,14.500,120,ON,4.375,8.750,0.097,2222,10,21,-3,OFF,2.344,4.688,3.790,OFF,0,0,81,Avail,Compl,Enable,0,GRN2#  ,ON,0,ACTIVE,ACTIVE,0.967,0.947,0.525,0.585,68.086,59.008,Avail,Compl,Avail,Incmpl,Incmpl,Enable,OBD II (California ARB),OFF,OFF,8.002,-0.653,0,1st,OFF,OFF,OFF,OFF,OFF,OFF,-0.781,0,ON,OFF,650,0,OFF,OFF,OFF,ON,Gasoline,1.007,OFF,OFF,0.684,ON,0.703,15.294,11,0,0.762,0.762,2.324,0.762,0.918,2.031,46.667,0,15.294,85,0.008,0.031,OFF,ECT 5th,NA,OFF,96.866,96.910,14.510,0,Not Avl,0,0,0,0,ON,ON,0,0,4
135,0,14.116,Not Avl,Compl,Compl,Unable,OFF,Not Avl,Compl,Compl,Unable,OFF,48.438,56.250,26.875,27.500,19.531,39.551,15.686,31.765,0.781,1.582,ON,0,OFF,ON,ON,0.995,0.996,0,0.004,3.288,3.308,0,96,51199.219,13.847,24.314,OFF,OFF,OFF,OFF,OFF,OFF,OFF,Avail,Incmpl,Incmpl,Enable,Avail,422.300,218.700,422.300,218.700,ON,Avail,Compl,Enable,77,0,0,0,0,0,0,6,A,0,0,Avail,Incmpl,Incmpl,Enable,OFF,OFF,941,703.750,51199.219,51199.219,51199.219,51199.219,51199.219,51199.219,1GRFE ,33.333,Avail,Compl,Incmpl,Enable,7.996,OFF,OFF,OFF,OFF,ON,ON,Avail,Compl,Enable,Compl,CL,CL,Compl,Unable,Not Avl,Compl,Compl,Enable,OFF,3090,14.500,120,ON,4.375,8.750,0.097,2222,10,21,-3,OFF,2.344,4.688,3.790,OFF,0,0,81,Avail,Compl,Enable,0,GRN2#  ,ON,0,ACTIVE,ACTIVE,0.967,0.947,0.525,0.585,68.086,59.008,Avail,Compl,Avail,Incmpl,Incmpl,Enable,OBD II (California ARB),OFF,OFF,8.002,-0.653,0,1st,OFF,OFF,OFF,OFF,OFF,OFF,-0.781,0,ON,OFF,650,0,OFF,OFF,OFF,ON,Gasoline,1.007,OFF,OFF,0.684,ON,0.703,15.294,11,0,0.762,0.762,2.324,0.762,0.918,2.031,46.667,0,15.294,85,0.008,0.031,OFF,ECT 5th,NA,OFF,96.866,96.910,14.510,0,Not Avl,0,0,0,0,ON,ON,0,0,4
136,0,14.116,Not Avl,Compl,Compl,Unable,OFF,Not Avl,Compl,Compl,Unable,OFF,48.438,56.250,26.875,27.500,19.531,39.551,15.686,31.765,0.781,1.582,ON,0,OFF,ON,ON,0.995,0.996,0,0.004,3.288,3.308,0,96,51199.219,13.847,24.314,OFF,OFF,OFF,OFF,OFF,OFF,OFF,Avail,Incmpl,Incmpl,Enable,Avail,422.300,218.700,422.300,218.700,ON,Avail,Compl,Enable,77,0,0,0,0,0,0,6,A,0,0,Avail,Incmpl,Incmpl,Enable,OFF,OFF,941,703.750,51199.219,51199.219,51199.219,51199.219,51199.219,51199.219,1GRFE ,33.333,Avail,Compl,Incmpl,Enable,7.996,OFF,OFF,OFF,OFF,ON,ON,Avail,Compl,Enable,Compl,CL,CL,Compl,Unable,Not Avl,Compl,Compl,Enable,OFF,3090,14.500,120,ON,4.375,8.750,0.097,2222,10,21,-3,OFF,2.344,4.688,3.790,OFF,0,0,81,Avail,Compl,Enable,0,GRN2#  ,ON,0,ACTIVE,ACTIVE,0.967,0.947,0.525,0.585,68.086,59.008,Avail,Compl,Avail,Incmpl,Incmpl,Enable,OBD II (California ARB),OFF,OFF,8.002,-0.653,0,1st,OFF,OFF,OFF,OFF,OFF,OFF,-0.781,0,ON,OFF,650,0,OFF,OFF,OFF,ON,Gasoline,1.007,OFF,OFF,0.684,ON,0.703,15.294,11,0,0.762,0.762,2.324,0.762,0.918,2.031,46.667,0,15.294,85,0.008,0.031,OFF,ECT 5th,NA,OFF,96.866,96.910,14.510,0,Not Avl,0,0,0,0,ON,ON,0,0,4
137,0,14.116,Not Avl,Compl,Compl,Unable,OFF,Not Avl,Compl,Compl,Unable,OFF,48.438,56.250,26.875,27.500,19.531,39.551,15.686,31.765,0.781,1.582,ON,0,OFF,ON,ON,0.995,0.996,0,0.004,3.288,3.308,0,96,51199.219,13.847,24.314,OFF,OFF,OFF,OFF,OFF,OFF,OFF,Avail,Incmpl,Incmpl,Enable,Avail,422.300,218.700,422.300,218.700,ON,Avail,Compl,Enable,77,0,0,0,0,0,0,6,A,0,0,Avail,Incmpl,Incmpl,Enable,OFF,OFF,941,703.750,51199.219,51199.219,51199.219,51199.219,51199.219,51199.219,1GRFE ,33.333,Avail,Compl,Incmpl,Enable,7.996,OFF,OFF,OFF,OFF,ON,ON,Avail,Compl,Enable,Compl,CL,CL,Compl,Unable,Not Avl,Compl,Compl,Enable,OFF,3090,14.500,120,ON,4.375,8.750,0.097,2222,10,21,-3,OFF,2.344,4.688,3.790,OFF,0,0,81,Avail,Compl,Enable,0,GRN2#  ,ON,0,ACTIVE,ACTIVE,0.967,0.947,0.525,0.585,68.086,59.008,Avail,Compl,Avail,Incmpl,Incmpl,Enable,OBD II (California ARB),OFF,OFF,8.002,-0.653,0,1st,OFF,OFF,OFF,OFF,OFF,OFF,-0.781,0,ON,OFF,650,0,OFF,OFF,OFF,ON,Gasoline,1.007,OFF,OFF,0.684,ON,0.703,15.294,11,0,0.762,0.762,2.324,0.762,0.918,2.031,46.667,0,15.294,85,0.008,0.031,OFF,ECT 5th,NA,OFF,96.866,96.910,14.510,0,Not Avl,0,0,0,0,ON,ON,0,0,4
138,0,14.116,Not Avl,Compl,Compl,Unable,OFF,Not Avl,Compl,Compl,Unable,OFF,48.438,56.250,26.875,27.500,19.531,39.551,15.686,31.765,0.781,1.582,ON,0,OFF,ON,ON,0.995,0.996,0,0.004,3.288,3.308,0,96,51199.219,13.847,24.314,OFF,OFF,OFF,OFF,OFF,OFF,OFF,Avail,Incmpl,Incmpl,Enable,Avail,422.300,218.700,422.300,218.700,ON,Avail,Compl,Enable,77,0,0,0,0,0,0,6,A,0,0,Avail,Incmpl,Incmpl,Enable,OFF,OFF,941,703.750,51199.219,51199.219,51199.219,51199.219,51199.219,51199.219,1GRFE ,33.333,Avail,Compl,Incmpl,Enable,7.996,OFF,OFF,OFF,OFF,ON,ON,Avail,Compl,Enable,Compl,CL,CL,Compl,Unable,Not Avl,Compl,Compl,Enable,OFF,3090,14.500,120,ON,4.375,8.750,0.097,2222,10,21,-3,OFF,2.344,4.688,3.790,OFF,0,0,81,Avail,Compl,Enable,0,GRN2#  ,ON,0,ACTIVE,ACTIVE,0.967,0.947,0.525,0.585,68.086,59.008,Avail,Compl,Avail,Incmpl,Incmpl,Enable,OBD II (California ARB),OFF,OFF,8.002,-0.653,0,1st,OFF,OFF,OFF,OFF,OFF,OFF,-0.781,0,ON,OFF,650,0,OFF,OFF,OFF,ON,Gasoline,1.007,OFF,OFF,0.684,ON,0.703,15.294,11,0,0.762,0.762,2.324,0.762,0.918,2.031,46.667,0,15.294,85,0.008,0.031,OFF,ECT 5th,NA,OFF,96.866,96.910,14.510,0,Not Avl,0,0,0,0,ON,ON,0,0,4
139,0,14.116,Not Avl,Compl,Compl,Unable,OFF,Not Avl,Compl,Compl,Unable,OFF,48.438,56.250,26.875,27.500,19.531,39.551,15.686,31.765,0.781,1.582,ON,0,OFF,ON,ON,0.995,0.996,0,0.004,3.288,3.308,0,96,51199.219,13.847,24.314,OFF,OFF,OFF,OFF,OFF,OFF,OFF,Avail,Incmpl,Incmpl,Enable,Avail,422.300,218.700,422.300,218.700,ON,Avail,Compl,Enable,77,0,0,0,0,0,0,6,A,0,0,Avail,Incmpl,Incmpl,Enable,OFF,OFF,941,703.750,51199.219,51199.219,51199.219,51199.219,51199.219,51199.219,1GRFE ,33.333,Avail,Compl,Incmpl,Enable,7.996,OFF,OFF,OFF,OFF,ON,ON,Avail,Compl,Enable,Compl,CL,CL,Compl,Unable,Not Avl,Compl,Compl,Enable,OFF,3090,14.500,120,ON,4.375,8.750,0.097,2222,10,21,-3,OFF,2.344,4.688,3.790,OFF,0,0,81,Avail,Compl,Enable,0,GRN2#  ,ON,0,ACTIVE,ACTIVE,0.967,0.947,0.525,0.585,68.086,59.008,Avail,Compl,Avail,Incmpl,Incmpl,Enable,OBD II (California ARB),OFF,OFF,8.002,-0.653,0,1st,OFF,OFF,OFF,OFF,OFF,OFF,-0.781,0,ON,OFF,650,0,OFF,OFF,OFF,ON,Gasoline,1.007,OFF,OFF,0.684,ON,0.703,15.294,11,0,0.762,0.762,2.324,0.762,0.918,2.031,46.667,0,15.294,85,0.008,0.031,OFF,ECT 5th,NA,OFF,96.866,96.910,14.510,0,Not Avl,0,0,0,0,ON,ON,0,0,4
140,0,14.116,Not Avl,Compl,Compl,Unable,OFF,Not Avl,Compl,Compl,Unable,OFF,48.438,56.250,26.875,27.500,19.531,39.551,15.686,31.765,0.781,1.582,ON,0,OFF,ON,ON,0.995,0.996,0,0.004,3.288,3.308,0,96,51199.219,13.847,24.314,OFF,OFF,OFF,OFF,OFF,OFF,OFF,Avail,Incmpl,Incmpl,Enable,Avail,422.300,218.700,422.300,218.700,ON,Avail,Compl,Enable,77,0,0,0,0,0,0,6,A,0,0,Avail,Incmpl,Incmpl,Enable,OFF,OFF,941,703.750,51199.219,51199.219,51199.219,51199.219,51199.219,51199.219,1GRFE ,33.333,Avail,Compl,Incmpl,Enable,7.996,OFF,OFF,OFF,OFF,ON,ON,Avail,Compl,Enable,Compl,CL,CL,Compl,Unable,Not Avl,Compl,Compl,Enable,OFF,3090,14.500,120,ON,4.375,8.750,0.097,2222,10,21,-3,OFF,2.344,4.688,3.790,OFF,0,0,81,Avail,Compl,Enable,0,GRN2#  ,ON,0,ACTIVE,ACTIVE,0.967,0.947,0.525,0.585,68.086,59.008,Avail,Compl,Avail,Incmpl,Incmpl,Enable,OBD II (California ARB),OFF,OFF,29.279,-0.653,0,1st,OFF,OFF,OFF,OFF,OFF,OFF,-0.781,0,ON,OFF,650,0,OFF,OFF,OFF,ON,Gasoline,1.007,OFF,OFF,0.684,ON,0.703,15.294,11,0,0.762,0.762,2.324,0.762,0.918,2.031,46.667,0,15.294,85,0.008,0.031,OFF,ECT 5th,NA,OFF,96.866,96.910,14.510,0,Not Avl,0,0,0,0,ON,ON,0,0,4
141,0,14.116,Not Avl,Compl,Compl,Unable,OFF,Not Avl,Compl,Compl,Unable,OFF,48.438,56.250,26.875,27.500,19.531,39.551,15.686,31.765,0.781,1.582,ON,0,OFF,ON,ON,0.995,0.996,0,0.004,3.288,3.308,0,96,51199.219,13.847,24.314,OFF,OFF,OFF,OFF,OFF,OFF,OFF,Avail,Incmpl,Incmpl,Enable,Avail,422.300,218.700,422.300,218.700,ON,Avail,Compl,Enable,77,0,0,0,0,0,0,6,A,0,0,Avail,Incmpl,Incmpl,Enable,OFF,OFF,941,703.750,51199.219,51199.219,51199.219,51199.219,51199.219,51199.219,1GRFE ,33.333,Avail,Compl,Incmpl,Enable,7.996,OFF,OFF,OFF,OFF,ON,ON,Avail,Compl,Enable,Compl,CL,CL,Compl,Unable,Not Avl,Compl,Compl,Enable,OFF,3090,14.500,120,ON,4.375,8.750,0.097,2222,10,21,-3,OFF,2.344,4.688,3.790,OFF,0,0,81,Avail,Compl,Enable,0,GRN2#  ,ON,0,ACTIVE,ACTIVE,0.967,0.947,0.525,0.585,68.086,59.008,Avail,Compl,Avail,Incmpl,Incmpl,Enable,OBD II (California ARB),OFF,OFF,29.279,-0.836,0,1st,OFF,OFF,OFF,OFF,OFF,OFF,-0.781,0,ON,OFF,650,0,OFF,OFF,OFF,ON,Gasoline,1.007,OFF,OFF,0.684,ON,0.703,15.294,11,0,0.762,0.762,2.324,0.762,0.918,2.031,46.667,0,15.294,85,0.008,0.031,OFF,ECT 5th,NA,OFF,96.866,96.910,14.510,0,Not Avl,0,0,0,0,ON,ON,0,0,4
142,0,14.116,Not Avl,Compl,Compl,Unable,OFF,Not Avl,Compl,Compl,Unable,OFF,48.438,56.250,26.875,27.500,19.531,39.551,15.686,31.765,0.781,1.582,ON,0,OFF,ON,ON,0.995,0.996,0,0.004,3.288,3.308,0,96,51199.219,13.847,24.314,OFF,OFF,OFF,OFF,OFF,OFF,OFF,Avail,Incmpl,Incmpl,Enable,Avail,422.300,218.700,422.300,218.700,ON,Avail,Compl,Enable,77,0,0,0,0,0,0,6,A,0,0,Avail,Incmpl,Incmpl,Enable,OFF,OFF,941,703.750,51199.219,51199.219,51199.219,51199.219,51199.219,51199.219,1GRFE ,33.333,Avail,Compl,Incmpl,Enable,7.996,OFF,OFF,OFF,OFF,ON,ON,Avail,Compl,Enable,Compl,CL,CL,Compl,Unable,Not Avl,Compl,Compl,Enable,OFF,3090,14.500,120,ON,4.375,8.750,0.097,2222,10,21,-3,OFF,2.344,4.688,3.790,OFF,0,0,81,Avail,Compl,Enable,0,GRN2#  ,ON,0,ACTIVE,ACTIVE,0.967,0.947,0.525,0.585,68.086,59.008,Avail,Compl,Avail,Incmpl,Incmpl,Enable,OBD II (California ARB),OFF,OFF,29.279,-0.836,0,1st,OFF,OFF,OFF,OFF,OFF,OFF,-0.781,0,ON,OFF,650,0,OFF,OFF,OFF,ON,Gasoline,1.007,OFF,OFF,0.684,ON,0.703,15.294,11,0,0.762,0.762,2.324,0.762,0.918,2.031,46.667,0,15.294,85,0.008,0.031,OFF,ECT 5th,NA,OFF,96.866,96.910,14.510,0,Not Avl,0,0,0,0,ON,ON,0,0,4
143,0,14.116,Not Avl,Compl,Compl,Unable,OFF,Not Avl,Compl,Compl,Unable,OFF,48.438,56.250,26.875,27.500,19.531,39.551,15.686,31.765,0.781,1.582,ON,0,OFF,ON,ON,0.995,0.996,0,0.004,3.288,3.308,0,96,51199.219,13.847,24.314,OFF,OFF,OFF,OFF,OFF,OFF,OFF,Avail,Incmpl,Incmpl,Enable,Avail,422.300,218.700,422.300,218.700,ON,Avail,Compl,Enable,77,0,0,0,0,0,0,6,A,0,0,Avail,Incmpl,Incmpl,Enable,OFF,OFF,941,703.750,51199.219,51199.219,51199.219,51199.219,51199.219,51199.219,1GRFE ,33.333,Avail,Compl,Incmpl,Enable,7.996,OFF,OFF,OFF,OFF,ON,ON,Avail,Compl,Enable,Compl,CL,CL,Compl,Unable,Not Avl,Compl,Compl,Enable,OFF,3090,14.500,120,ON,4.375,8.750,0.097,2222,10,21,-3,OFF,2.344,4.688,3.790,OFF,0,0,81,Avail,Compl,Enable,0,GRN2#  ,ON,0,ACTIVE,ACTIVE,0.967,0.947,0.525,0.585,68.086,59.008,Avail,Compl,Avail,Incmpl,Incmpl,Enable,OBD II (California ARB),OFF,OFF,29.279,-0.836,0,1st,OFF,OFF,OFF,OFF,OFF,OFF,-0.781,0,ON,OFF,650,0,OFF,OFF,OFF,ON,Gasoline,1.007,OFF,OFF,0.684,ON,0.703,15.294,11,0,0.762,0.762,2.324,0.762,0.918,2.031,46.667,0,15.294,85,0.008,0.031,OFF,ECT 5th,NA,OFF,96.866,96.910,14.510,0,Not Avl,0,0,0,0,ON,ON,0,0,4
144,0,14.116,Not Avl,Compl,Compl,Unable,OFF,Not Avl,Compl,Compl,Unable,OFF,48.438,56.250,26.875,27.500,19.531,39.551,15.686,31.765,0.781,1.582,ON,0,OFF,ON,ON,0.995,0.996,0,0.004,3.288,3.308,0,96,51199.219,13.847,24.314,OFF,OFF,OFF,OFF,OFF,OFF,OFF,Avail,Incmpl,Incmpl,Enable,Avail,422.300,218.700,422.300,218.700,ON,Avail,Compl,Enable,77,0,0,0,0,0,0,6,A,0,0,Avail,Incmpl,Incmpl,Enable,OFF,OFF,941,703.750,51199.219,51199.219,51199.219,51199.219,51199.219,51199.219,1GRFE ,33.333,Avail,Compl,Incmpl,Enable,7.996,OFF,OFF,OFF,OFF,ON,ON,Avail,Compl,Enable,Compl,CL,CL,Compl,Unable,Not Avl,Compl,Compl,Enable,OFF,3090,14.500,120,ON,4.375,8.750,0.097,2222,10,21,-3,OFF,2.344,4.688,3.790,OFF,0,0,81,Avail,Compl,Enable,0,GRN2#  ,ON,0,ACTIVE,ACTIVE,0.967,0.947,0.525,0.585,68.086,59.008,Avail,Compl,Avail,Incmpl,Incmpl,Enable,OBD II (California ARB),OFF,OFF,29.279,-0.836,0,1st,OFF,OFF,OFF,OFF,OFF,OFF,-0.781,0,ON,OFF,650,0,OFF,OFF,OFF,ON,Gasoline,1.007,OFF,OFF,0.684,ON,0.703,15.294,11,0,0.762,0.762,2.324,0.762,0.918,2.031,46.667,0,15.294,85,0.008,0.031,OFF,ECT 5th,NA,OFF,96.866,96.910,14.510,0,Not Avl,0,0,0,0,ON,ON,0,0,4
145,0,14.116,Not Avl,Compl,Compl,Unable,OFF,Not Avl,Compl,Compl,Unable,OFF,48.438,56.250,26.875,27.500,19.531,39.551,15.686,31.765,0.781,1.582,ON,0,OFF,ON,ON,0.995,0.996,0,0.004,3.288,3.308,0,96,51199.219,13.847,24.314,OFF,OFF,OFF,OFF,OFF,OFF,OFF,Avail,Incmpl,Incmpl,Enable,Avail,422.300,218.700,422.300,218.700,ON,Avail,Compl,Enable,77,0,0,0,0,0,0,6,A,0,0,Avail,Incmpl,Incmpl,Enable,OFF,OFF,941,703.750,51199.219,51199.219,51199.219,51199.219,51199.219,51199.219,1GRFE ,33.333,Avail,Compl,Incmpl,Enable,7.996,OFF,OFF,OFF,OFF,ON,ON,Avail,Compl,Enable,Compl,CL,CL,Compl,Unable,Not Avl,Compl,Compl,Enable,OFF,3090,14.500,120,ON,4.375,8.750,0.097,2222,10,21,-3,OFF,2.344,4.688,3.790,OFF,0,0,81,Avail,Compl,Enable,0,GRN2#  ,ON,0,ACTIVE,ACTIVE,0.967,0.947,0.525,0.585,68.086,59.008,Avail,Compl,Avail,Incmpl,Incmpl,Enable,OBD II (California ARB),OFF,OFF,29.279,-0.836,0,1st,OFF,OFF,OFF,OFF,OFF,OFF,-0.781,0,ON,OFF,650,0,OFF,OFF,OFF,ON,Gasoline,1.007,OFF,OFF,0.684,ON,0.703,15.294,11,0,0.762,0.762,2.324,0.762,0.918,2.031,46.667,0,15.294,85,0.008,0.031,OFF,ECT 5th,NA,OFF,96.866,96.910,14.510,0,Not Avl,0,0,0,0,ON,ON,0,0,4
146,0,14.116,Not Avl,Compl,Compl,Unable,OFF,Not Avl,Compl,Compl,Unable,OFF,48.438,56.250,26.875,27.500,19.531,39.551,15.686,31.765,0.781,1.582,ON,0,OFF,ON,ON,0.995,0.996,0,0.004,3.288,3.308,0,96,51199.219,13.847,24.314,OFF,OFF,OFF,OFF,OFF,OFF,OFF,Avail,Incmpl,Incmpl,Enable,Avail,422.300,218.700,422.300,218.700,ON,Avail,Compl,Enable,77,0,0,0,0,0,0,6,A,0,0,Avail,Incmpl,Incmpl,Enable,OFF,OFF,941,703.750,51199.219,51199.219,51199.219,51199.219,51199.219,51199.219,1GRFE ,33.333,Avail,Compl,Incmpl,Enable,7.996,OFF,OFF,OFF,OFF,ON,ON,Avail,Compl,Enable,Compl,CL,CL,Compl,Unable,Not Avl,Compl,Compl,Enable,OFF,3090,14.500,120,ON,4.375,8.750,0.097,2222,10,21,-3,OFF,2.344,4.688,3.790,OFF,0,0,81,Avail,Compl,Enable,0,GRN2#  ,ON,0,ACTIVE,ACTIVE,0.967,0.947,0.525,0.585,68.086,59.008,Avail,Compl,Avail,Incmpl,Incmpl,Enable,OBD II (California ARB),OFF,OFF,29.279,-0.836,0,1st,OFF,OFF,OFF,OFF,OFF,OFF,-0.781,0,ON,OFF,650,0,OFF,OFF,OFF,ON,Gasoline,1.007,OFF,OFF,0.684,ON,0.703,15.294,11,0,0.762,0.762,2.324,0.762,0.918,2.031,46.667,0,15.294,85,0.008,0.031,OFF,ECT 5th,NA,OFF,96.866,96.910,14.510,0,Not Avl,0,0,0,0,ON,ON,0,0,4
147,0,14.116,Not Avl,Compl,Compl,Unable,OFF,Not Avl,Compl,Compl,Unable,OFF,48.438,56.250,26.875,27.500,19.531,39.551,15.686,31.765,0.781,1.582,ON,0,OFF,ON,ON,0.995,0.996,0,0.004,3.288,3.308,0,96,51199.219,13.847,24.314,OFF,OFF,OFF,OFF,OFF,OFF,OFF,Avail,Incmpl,Incmpl,Enable,Avail,422.300,218.700,422.300,218.700,ON,Avail,Compl,Enable,77,0,0,0,0,0,0,6,A,0,0,Avail,Incmpl,Incmpl,Enable,OFF,OFF,941,703.750,51199.219,51199.219,51199.219,51199.219,51199.219,51199.219,1GRFE ,33.333,Avail,Compl,Incmpl,Enable,7.996,OFF,OFF,OFF,OFF,ON,ON,Avail,Compl,Enable,Compl,CL,CL,Compl,Unable,Not Avl,Compl,Compl,Enable,OFF,3090,14.500,120,ON,4.375,8.750,0.097,2222,10,21,-3,OFF,2.344,4.688,3.790,OFF,0,0,81,Avail,Compl,Enable,0,GRN2#  ,ON,0,ACTIVE,ACTIVE,0.967,0.947,0.525,0.585,68.086,59.008,Avail,Compl,Avail,Incmpl,Incmpl,Enable,OBD II (California ARB),OFF,OFF,29.279,-0.836,0,1st,OFF,OFF,OFF,OFF,OFF,OFF,-0.781,0,ON,OFF,650,0,OFF,OFF,OFF,ON,Gasoline,1.007,OFF,OFF,0.684,ON,0.703,15.294,11,0,0.762,0.762,2.324,0.762,0.918,2.031,46.667,0,15.294,85,0.008,0.031,OFF,ECT 5th,NA,OFF,96.866,96.910,14.510,0,Not Avl,0,0,0,0,ON,ON,0,0,4
148,0,14.116,Not Avl,Compl,Compl,Unable,OFF,Not Avl,Compl,Compl,Unable,OFF,48.438,56.250,26.875,27.500,19.531,39.551,15.686,31.765,0.781,1.582,ON,0,OFF,ON,ON,0.995,0.996,0,0.004,3.288,3.308,0,96,51199.219,13.847,24.314,OFF,OFF,OFF,OFF,OFF,OFF,OFF,Avail,Incmpl,Incmpl,Enable,Avail,422.300,218.700,422.300,218.700,ON,Avail,Compl,Enable,77,0,0,0,0,0,0,6,A,0,0,Avail,Incmpl,Incmpl,Enable,OFF,OFF,941,703.750,51199.219,51199.219,51199.219,51199.219,51199.219,51199.219,1GRFE ,33.333,Avail,Compl,Incmpl,Enable,7.996,OFF,OFF,OFF,OFF,ON,ON,Avail,Compl,Enable,Compl,CL,CL,Compl,Unable,Not Avl,Compl,Compl,Enable,OFF,3090,14.500,120,ON,4.375,8.750,0.097,2222,10,21,-3,OFF,2.344,4.688,3.790,OFF,0,0,81,Avail,Compl,Enable,0,GRN2#  ,ON,0,ACTIVE,ACTIVE,0.967,0.947,0.525,0.585,68.086,59.008,Avail,Compl,Avail,Incmpl,Incmpl,Enable,OBD II (California ARB),OFF,OFF,29.279,-0.836,0,1st,OFF,OFF,OFF,OFF,OFF,OFF,-0.781,0,ON,OFF,650,0,OFF,OFF,OFF,ON,Gasoline,1.007,OFF,OFF,0.684,ON,0.703,15.294,11,0,0.762,0.762,2.324,0.762,0.918,2.031,46.667,0,15.294,85,0.008,0.031,OFF,ECT 5th,NA,OFF,96.866,96.910,14.510,0,Not Avl,0,0,0,0,ON,ON,0,0,4
149,0,14.116,Not Avl,Compl,Compl,Unable,OFF,Not Avl,Compl,Compl,Unable,OFF,48.438,56.250,26.875,27.500,19.531,39.551,15.686,31.765,0.781,1.582,ON,0,OFF,ON,ON,0.995,0.996,0,0.004,3.288,3.308,0,96,51199.219,13.847,24.314,OFF,OFF,OFF,OFF,OFF,OFF,OFF,Avail,Incmpl,Incmpl,Enable,Avail,422.300,218.700,422.300,218.700,ON,Avail,Compl,Enable,77,0,0,0,0,0,0,6,A,0,0,Avail,Incmpl,Incmpl,Enable,OFF,OFF,941,703.750,51199.219,51199.219,51199.219,51199.219,51199.219,51199.219,1GRFE ,33.333,Avail,Compl,Incmpl,Enable,7.996,OFF,OFF,OFF,OFF,ON,ON,Avail,Compl,Enable,Compl,CL,CL,Compl,Unable,Not Avl,Compl,Compl,Enable,OFF,3090,14.500,120,ON,4.375,8.750,0.097,2222,10,21,-3,OFF,2.344,4.688,3.790,OFF,0,0,81,Avail,Compl,Enable,0,GRN2#  ,ON,0,ACTIVE,ACTIVE,0.967,0.947,0.525,0.585,68.086,59.008,Avail,Compl,Avail,Incmpl,Incmpl,Enable,OBD II (California ARB),OFF,OFF,29.279,-0.836,0,1st,OFF,OFF,OFF,OFF,OFF,OFF,-0.781,0,ON,OFF,650,0,OFF,OFF,OFF,ON,Gasoline,1.007,OFF,OFF,0.684,ON,0.703,15.294,11,0,0.762,0.762,2.324,0.762,0.918,2.031,46.667,0,15.294,85,0.008,0.031,OFF,ECT 5th,NA,OFF,96.866,96.910,14.510,0,Not Avl,0,0,0,0,ON,ON,0,0,4
150,0,14.116,Not Avl,Compl,Compl,Unable,OFF,Not Avl,Compl,Compl,Unable,OFF,48.438,56.250,26.875,27.500,19.531,39.551,15.686,31.765,0.781,1.582,ON,0,OFF,ON,ON,0.995,0.996,0,0.004,3.288,3.308,0,96,51199.219,13.847,24.314,OFF,OFF,OFF,OFF,OFF,OFF,OFF,Avail,Incmpl,Incmpl,Enable,Avail,422.300,218.700,422.300,218.700,ON,Avail,Compl,Enable,77,0,0,0,0,0,0,6,A,0,0,Avail,Incmpl,Incmpl,Enable,OFF,OFF,941,703.750,51199.219,51199.219,51199.219,51199.219,51199.219,51199.219,1GRFE ,33.333,Avail,Compl,Incmpl,Enable,7.996,OFF,OFF,OFF,OFF,ON,ON,Avail,Compl,Enable,Compl,CL,CL,Compl,Unable,Not Avl,Compl,Compl,Enable,OFF,3090,14.500,120,ON,4.375,8.750,0.097,2222,10,21,-3,OFF,2.344,4.688,3.790,OFF,0,0,81,Avail,Compl,Enable,0,GRN2#  ,ON,0,ACTIVE,ACTIVE,0.967,0.947,0.525,0.585,68.086,59.008,Avail,Compl,Avail,Incmpl,Incmpl,Enable,OBD II (California ARB),OFF,OFF,29.279,-0.836,0,1st,OFF,OFF,OFF,OFF,OFF,OFF,2.344,0,ON,OFF,650,0,OFF,OFF,OFF,ON,Gasoline,1.007,OFF,OFF,0.684,ON,0.703,15.294,11,0,0.762,0.762,2.324,0.762,0.918,2.031,46.667,0,15.294,85,0.008,0.031,OFF,ECT 5th,NA,OFF,96.866,96.910,14.510,0,Not Avl,0,0,0,0,ON,ON,0,0,4
151,0,14.116,Not Avl,Compl,Compl,Unable,OFF,Not Avl,Compl,Compl,Unable,OFF,48.438,56.250,26.875,27.500,19.531,39.551,15.686,31.765,0.781,1.582,ON,0,OFF,ON,ON,0.995,0.996,0,0.004,3.288,3.308,0,96,51199.219,13.847,24.314,OFF,OFF,OFF,OFF,OFF,OFF,OFF,Avail,Incmpl,Incmpl,Enable,Avail,422.300,218.700,422.300,218.700,ON,Avail,Compl,Enable,77,0,0,0,0,0,0,6,A,0,0,Avail,Incmpl,Incmpl,Enable,OFF,OFF,941,703.750,51199.219,51199.219,51199.219,51199.219,51199.219,51199.219,1GRFE ,33.333,Avail,Compl,Incmpl,Enable,7.996,OFF,OFF,OFF,OFF,ON,ON,Avail,Compl,Enable,Compl,CL,CL,Compl,Unable,Not Avl,Compl,Compl,Enable,OFF,3090,14.500,120,ON,4.375,8.750,0.097,2222,10,21,-3,OFF,2.344,4.688,3.790,OFF,0,0,81,Avail,Compl,Enable,0,GRN2#  ,ON,0,ACTIVE,ACTIVE,0.967,0.947,0.525,0.585,68.086,59.008,Avail,Compl,Avail,Incmpl,Incmpl,Enable,OBD II (California ARB),OFF,OFF,29.279,-0.836,0,1st,OFF,OFF,OFF,OFF,OFF,OFF,2.344,2.344,ON,OFF,650,0,OFF,OFF,OFF,ON,Gasoline,1.007,OFF,OFF,0.684,ON,0.703,15.294,11,0,0.762,0.762,2.324,0.762,0.918,2.031,46.667,0,15.294,85,0.008,0.031,OFF,ECT 5th,NA,OFF,96.866,96.910,14.510,0,Not Avl,0,0,0,0,ON,ON,0,0,4
152,0,14.116,Not Avl,Compl,Compl,Unable,OFF,Not Avl,Compl,Compl,Unable,OFF,48.438,56.250,26.875,27.500,19.531,39.551,15.686,31.765,0.781,1.582,ON,0,OFF,ON,ON,0.995,0.996,0,0.004,3.288,3.308,0,96,51199.219,13.847,24.314,OFF,OFF,OFF,OFF,OFF,OFF,OFF,Avail,Incmpl,Incmpl,Enable,Avail,422.300,218.700,422.300,218.700,ON,Avail,Compl,Enable,77,0,0,0,0,0,0,6,A,0,0,Avail,Incmpl,Incmpl,Enable,OFF,OFF,941,703.750,51199.219,51199.219,51199.219,51199.219,51199.219,51199.219,1GRFE ,33.333,Avail,Compl,Incmpl,Enable,7.996,OFF,OFF,OFF,OFF,ON,ON,Avail,Compl,Enable,Compl,CL,CL,Compl,Unable,Not Avl,Compl,Compl,Enable,OFF,3090,14.500,120,ON,4.375,8.750,0.097,2222,10,21,-3,OFF,2.344,4.688,3.790,OFF,0,0,81,Avail,Compl,Enable,0,GRN2#  ,ON,0,ACTIVE,ACTIVE,0.967,0.947,0.525,0.585,68.086,59.008,Avail,Compl,Avail,Incmpl,Incmpl,Enable,OBD II (California ARB),OFF,OFF,29.279,-0.836,0,1st,OFF,OFF,OFF,OFF,OFF,OFF,2.344,2.344,ON,OFF,650,0,OFF,OFF,OFF,ON,Gasoline,1.007,OFF,OFF,0.684,ON,0.703,15.294,11,0,0.762,0.762,2.324,0.762,0.918,2.031,46.667,0,15.294,85,0.008,0.031,OFF,ECT 5th,NA,OFF,96.866,96.910,14.510,0,Not Avl,0,0,0,0,ON,ON,0,0,4
153,0,14.116,Not Avl,Compl,Compl,Unable,OFF,Not Avl,Compl,Compl,Unable,OFF,48.438,56.250,26.875,27.500,19.531,39.551,15.686,31.765,0.781,1.582,ON,0,OFF,ON,ON,0.995,0.996,0,0.004,3.288,3.308,0,96,51199.219,13.847,24.314,OFF,OFF,OFF,OFF,OFF,OFF,OFF,Avail,Incmpl,Incmpl,Enable,Avail,422.300,218.700,422.300,218.700,ON,Avail,Compl,Enable,77,0,0,0,0,0,0,6,A,0,0,Avail,Incmpl,Incmpl,Enable,OFF,OFF,941,703.750,51199.219,51199.219,51199.219,51199.219,51199.219,51199.219,1GRFE ,33.333,Avail,Compl,Incmpl,Enable,7.996,OFF,OFF,OFF,OFF,ON,ON,Avail,Compl,Enable,Compl,CL,CL,Compl,Unable,Not Avl,Compl,Compl,Enable,OFF,3090,14.500,120,ON,4.375,8.750,0.097,2222,10,21,-3,OFF,2.344,4.688,3.790,OFF,0,0,81,Avail,Compl,Enable,0,GRN2#  ,ON,0,ACTIVE,ACTIVE,0.967,0.947,0.525,0.585,68.086,59.008,Avail,Compl,Avail,Incmpl,Incmpl,Enable,OBD II (California ARB),OFF,OFF,29.279,-0.836,0,1st,OFF,OFF,OFF,OFF,OFF,OFF,2.344,2.344,ON,OFF,650,0,OFF,OFF,OFF,ON,Gasoline,1.007,OFF,OFF,0.684,ON,0.703,15.294,11,0,0.762,0.762,2.324,0.762,0.918,2.031,46.667,0,15.294,85,0.008,0.031,OFF,ECT 5th,NA,OFF,96.866,96.910,14.510,0,Not Avl,0,0,0,0,ON,ON,0,0,4
154,0,14.116,Not Avl,Compl,Compl,Unable,OFF,Not Avl,Compl,Compl,Unable,OFF,48.438,56.250,26.875,27.500,19.531,39.551,15.686,31.765,0.781,1.582,ON,0,OFF,ON,ON,0.995,0.996,0,0.004,3.288,3.308,0,96,51199.219,13.847,24.314,OFF,OFF,OFF,OFF,OFF,OFF,OFF,Avail,Incmpl,Incmpl,Enable,Avail,422.300,218.700,422.300,218.700,ON,Avail,Compl,Enable,77,0,0,0,0,0,0,6,A,0,0,Avail,Incmpl,Incmpl,Enable,OFF,OFF,941,703.750,51199.219,51199.219,51199.219,51199.219,51199.219,51199.219,1GRFE ,33.333,Avail,Compl,Incmpl,Enable,7.996,OFF,OFF,OFF,OFF,ON,ON,Avail,Compl,Enable,Compl,CL,CL,Compl,Unable,Not Avl,Compl,Compl,Enable,OFF,3090,14.500,120,ON,4.375,8.750,0.097,2222,10,21,-3,OFF,2.344,4.688,3.790,OFF,0,0,81,Avail,Compl,Enable,0,GRN2#  ,ON,0,ACTIVE,ACTIVE,0.967,0.947,0.525,0.585,68.086,59.008,Avail,Compl,Avail,Incmpl,Incmpl,Enable,OBD II (California ARB),OFF,OFF,29.279,-0.836,0,1st,OFF,OFF,OFF,OFF,OFF,OFF,2.344,2.344,ON,OFF,650,0,OFF,OFF,OFF,ON,Gasoline,1.007,OFF,OFF,0.684,ON,0.703,15.294,11,0,0.762,0.762,2.324,0.762,0.918,2.031,46.667,0,15.294,85,0.008,0.031,OFF,ECT 5th,NA,OFF,96.866,96.910,14.510,0,Not Avl,0,0,0,0,ON,ON,0,0,4
155,0,14.116,Not Avl,Compl,Compl,Unable,OFF,Not Avl,Compl,Compl,Unable,OFF,48.438,56.250,26.875,27.500,19.531,39.551,15.686,31.765,0.781,1.582,ON,0,OFF,ON,ON,0.995,0.996,0,0.004,3.288,3.308,0,96,51199.219,13.847,24.314,OFF,OFF,OFF,OFF,OFF,OFF,OFF,Avail,Incmpl,Incmpl,Enable,Avail,422.300,218.700,422.300,218.700,ON,Avail,Compl,Enable,77,0,0,0,0,0,0,6,A,0,0,Avail,Incmpl,Incmpl,Enable,OFF,OFF,941,703.750,51199.219,51199.219,51199.219,51199.219,51199.219,51199.219,1GRFE ,33.333,Avail,Compl,Incmpl,Enable,7.996,OFF,OFF,OFF,OFF,ON,ON,Avail,Compl,Enable,Compl,CL,CL,Compl,Unable,Not Avl,Compl,Compl,Enable,OFF,3090,14.500,120,ON,4.375,8.750,0.097,2222,10,21,-3,OFF,2.344,4.688,3.790,OFF,0,0,81,Avail,Compl,Enable,0,GRN2#  ,ON,0,ACTIVE,ACTIVE,0.967,0.947,0.525,0.585,68.086,59.008,Avail,Compl,Avail,Incmpl,Incmpl,Enable,OBD II (California ARB),OFF,OFF,29.279,-0.836,0,1st,OFF,OFF,OFF,OFF,OFF,OFF,2.344,2.344,ON,OFF,650,0,OFF,OFF,OFF,ON,Gasoline,1.007,OFF,OFF,0.684,ON,0.703,15.294,11,0,0.762,0.762,2.324,0.762,0.918,2.031,46.667,0,15.294,85,0.008,0.031,OFF,ECT 5th,NA,OFF,96.866,96.910,14.510,0,Not Avl,0,0,0,0,ON,ON,0,0,4
156,0,14.116,Not Avl,Compl,Compl,Unable,OFF,Not Avl,Compl,Compl,Unable,OFF,48.438,56.250,26.875,27.500,19.531,39.551,15.686,31.765,0.781,1.582,ON,0,OFF,ON,ON,0.995,0.996,0,0.004,3.288,3.308,0,96,51199.219,13.847,24.314,OFF,OFF,OFF,OFF,OFF,OFF,OFF,Avail,Incmpl,Incmpl,Enable,Avail,422.300,218.700,422.300,218.700,ON,Avail,Compl,Enable,77,0,0,0,0,0,0,6,A,0,0,Avail,Incmpl,Incmpl,Enable,OFF,OFF,941,703.750,51199.219,51199.219,51199.219,51199.219,51199.219,51199.219,1GRFE ,33.333,Avail,Compl,Incmpl,Enable,7.996,OFF,OFF,OFF,OFF,ON,ON,Avail,Compl,Enable,Compl,CL,CL,Compl,Unable,Not Avl,Compl,Compl,Enable,OFF,3090,14.500,120,ON,4.375,8.750,0.097,2222,10,21,-3,OFF,2.344,4.688,3.790,OFF,0,0,81,Avail,Compl,Enable,0,GRN2#  ,ON,0,ACTIVE,ACTIVE,0.967,0.947,0.525,0.585,68.086,59.008,Avail,Compl,Avail,Incmpl,Incmpl,Enable,OBD II (California ARB),OFF,OFF,29.279,-0.836,0,1st,OFF,OFF,OFF,OFF,OFF,OFF,2.344,2.344,ON,OFF,650,0,OFF,OFF,OFF,ON,Gasoline,1.007,OFF,OFF,0.684,ON,0.703,15.294,11,0,0.762,0.762,2.324,0.762,0.918,2.031,46.667,0,15.294,85,0.008,0.031,OFF,ECT 5th,NA,OFF,96.866,96.910,14.510,0,Not Avl,0,0,0,0,ON,ON,0,0,4
157,0,14.116,Not Avl,Compl,Compl,Unable,OFF,Not Avl,Compl,Compl,Unable,OFF,48.438,56.250,26.875,27.500,19.531,39.551,15.686,31.765,0.781,1.582,ON,0,OFF,ON,ON,0.995,0.996,0,0.004,3.288,3.308,0,96,51199.219,13.847,24.314,OFF,OFF,OFF,OFF,OFF,OFF,OFF,Avail,Incmpl,Incmpl,Enable,Avail,422.300,218.700,422.300,218.700,ON,Avail,Compl,Enable,77,0,0,0,0,0,0,6,A,0,0,Avail,Incmpl,Incmpl,Enable,OFF,OFF,941,703.750,51199.219,51199.219,51199.219,51199.219,51199.219,51199.219,1GRFE ,33.333,Avail,Compl,Incmpl,Enable,7.996,OFF,OFF,OFF,OFF,ON,ON,Avail,Compl,Enable,Compl,CL,CL,Compl,Unable,Not Avl,Compl,Compl,Enable,OFF,3090,14.500,120,ON,4.375,8.750,0.097,2222,10,21,-3,OFF,2.344,4.688,3.790,OFF,0,0,81,Avail,Compl,Enable,0,GRN2#  ,ON,0,ACTIVE,ACTIVE,0.967,0.947,0.525,0.585,68.086,59.008,Avail,Compl,Avail,Incmpl,Incmpl,Enable,OBD II (California ARB),OFF,OFF,29.279,-0.836,0,1st,OFF,OFF,OFF,OFF,OFF,OFF,2.344,2.344,ON,OFF,650,0,OFF,OFF,OFF,ON,Gasoline,1.007,OFF,OFF,0.684,ON,0.703,15.294,11,0,0.762,0.762,2.324,0.762,0.918,2.031,46.667,0,15.294,85,0.008,0.031,OFF,ECT 5th,NA,OFF,96.866,96.910,14.510,0,Not Avl,0,0,0,0,ON,ON,0,0,4
158,0,14.116,Not Avl,Compl,Compl,Unable,OFF,Not Avl,Compl,Compl,Unable,OFF,48.438,56.250,26.875,27.500,19.531,39.551,15.686,31.765,0.781,1.582,ON,0,OFF,ON,ON,0.995,0.996,0,0.004,3.288,3.308,0,96,51199.219,13.847,24.314,OFF,OFF,OFF,OFF,OFF,OFF,OFF,Avail,Incmpl,Incmpl,Enable,Avail,422.300,218.700,422.300,218.700,ON,Avail,Compl,Enable,77,0,0,0,0,0,0,6,A,0,0,Avail,Incmpl,Incmpl,Enable,OFF,OFF,941,703.750,51199.219,51199.219,51199.219,51199.219,51199.219,51199.219,1GRFE ,33.333,Avail,Compl,Incmpl,Enable,7.996,OFF,OFF,OFF,OFF,ON,ON,Avail,Compl,Enable,Compl,CL,CL,Compl,Unable,Not Avl,Compl,Compl,Enable,OFF,3090,14.500,120,ON,4.375,8.750,0.097,2222,10,21,-3,OFF,2.344,4.688,3.790,OFF,0,0,81,Avail,Compl,Enable,0,GRN2#  ,ON,0,ACTIVE,ACTIVE,0.967,0.947,0.525,0.585,68.086,59.008,Avail,Compl,Avail,Incmpl,Incmpl,Enable,OBD II (California ARB),OFF,OFF,29.279,-0.836,0,1st,OFF,OFF,OFF,OFF,OFF,OFF,2.344,2.344,ON,OFF,650,0,OFF,OFF,OFF,ON,Gasoline,1.007,OFF,OFF,0.684,ON,0.703,15.294,11,0,0.762,0.762,2.324,0.762,0.918,2.031,46.667,0,15.294,85,0.008,0.031,OFF,ECT 5th,NA,OFF,96.866,96.910,14.510,0,Not Avl,0,0,0,0,ON,ON,0,0,4
159,0,14.116,Not Avl,Compl,Compl,Unable,OFF,Not Avl,Compl,Compl,Unable,OFF,48.438,56.250,26.875,27.500,19.531,39.551,15.686,31.765,0.781,1.582,ON,0,OFF,ON,ON,0.995,0.996,0,0.004,3.288,3.308,0,96,51199.219,13.847,24.314,OFF,OFF,OFF,OFF,OFF,OFF,OFF,Avail,Incmpl,Incmpl,Enable,Avail,422.300,218.700,422.300,218.700,ON,Avail,Compl,Enable,77,0,0,0,0,0,0,6,A,0,0,Avail,Incmpl,Incmpl,Enable,OFF,OFF,941,703.750,51199.219,51199.219,51199.219,51199.219,51199.219,51199.219,1GRFE ,33.333,Avail,Compl,Incmpl,Enable,7.996,OFF,OFF,OFF,OFF,ON,ON,Avail,Compl,Enable,Compl,CL,CL,Compl,Unable,Not Avl,Compl,Compl,Enable,OFF,3090,14.500,120,ON,4.375,8.750,0.097,2222,10,21,-3,OFF,2.344,4.688,3.790,OFF,0,0,81,Avail,Compl,Enable,0,GRN2#  ,ON,0,ACTIVE,ACTIVE,0.967,0.947,0.525,0.585,68.086,59.008,Avail,Compl,Avail,Incmpl,Incmpl,Enable,OBD II (California ARB),OFF,OFF,29.279,-0.836,0,1st,OFF,OFF,OFF,OFF,OFF,OFF,2.344,2.344,ON,OFF,650,0,OFF,OFF,OFF,ON,Gasoline,1.007,OFF,OFF,0.684,ON,0.703,15.294,11,0,0.762,0.762,2.324,0.762,0.918,2.031,46.667,0,15.294,85,0.008,0.031,OFF,ECT 5th,NA,OFF,96.866,96.910,14.510,0,Not Avl,0,0,0,0,ON,ON,0,0,4
160,0,14.116,Not Avl,Compl,Compl,Unable,OFF,Not Avl,Compl,Compl,Unable,OFF,48.438,56.250,26.875,27.500,19.531,39.551,15.686,31.765,0.781,1.582,ON,0,OFF,ON,ON,0.995,0.996,0,0.004,3.288,3.308,0,96,51199.219,13.847,24.314,OFF,OFF,OFF,OFF,OFF,OFF,OFF,Avail,Incmpl,Incmpl,Enable,Avail,422.300,218.700,422.300,218.700,ON,Avail,Compl,Enable,77,0,0,0,0,0,0,6,A,0,0,Avail,Incmpl,Incmpl,Enable,OFF,OFF,941,703.750,51199.219,51199.219,51199.219,51199.219,51199.219,51199.219,1GRFE ,33.333,Avail,Compl,Incmpl,Enable,7.996,OFF,OFF,OFF,OFF,ON,ON,Avail,Compl,Enable,Compl,CL,CL,Compl,Unable,Not Avl,Compl,Compl,Enable,OFF,3090,14.500,120,ON,4.375,8.750,0.097,2222,10,21,-3,OFF,2.344,4.688,3.790,OFF,0,0,81,Avail,Compl,Enable,0,GRN2#  ,ON,0,ACTIVE,ACTIVE,0.967,0.947,0.525,0.585,68.086,59.008,Avail,Compl,Avail,Incmpl,Incmpl,Enable,OBD II (California ARB),OFF,OFF,29.279,-0.836,0,1st,OFF,OFF,OFF,OFF,OFF,OFF,2.344,2.344,ON,OFF,650,0,OFF,OFF,OFF,ON,Gasoline,1.007,OFF,OFF,0.684,ON,0.703,15.294,11,0,0.762,0.762,2.324,0.762,0.918,2.031,46.667,0,15.294,85,0.008,0.031,OFF,ECT 5th,NA,OFF,96.866,96.910,14.510,0,Not Avl,0,0,0,0,ON,ON,0,0,4
161,0,14.116,Not Avl,Compl,Compl,Unable,OFF,Not Avl,Compl,Compl,Unable,OFF,48.438,56.250,26.875,27.500,19.531,39.551,15.686,31.765,0.781,1.582,ON,0,OFF,ON,ON,0.995,0.996,0,0.004,3.288,3.308,0,96,51199.219,13.847,24.314,OFF,OFF,OFF,OFF,OFF,OFF,OFF,Avail,Incmpl,Incmpl,Enable,Avail,422.300,218.700,422.300,218.700,ON,Avail,Compl,Enable,77,0,0,0,0,0,0,6,A,0,0,Avail,Incmpl,Incmpl,Enable,OFF,OFF,941,703.750,51199.219,51199.219,51199.219,51199.219,51199.219,51199.219,1GRFE ,33.333,Avail,Compl,Incmpl,Enable,7.996,OFF,OFF,OFF,OFF,ON,ON,Avail,Compl,Enable,Compl,CL,CL,Compl,Unable,Not Avl,Compl,Compl,Enable,OFF,3090,14.500,120,ON,4.375,8.750,0.097,2222,10,21,-3,OFF,2.344,4.688,3.790,OFF,0,0,81,Avail,Compl,Enable,0,GRN2#  ,ON,0,ACTIVE,ACTIVE,0.967,0.947,0.525,0.585,68.086,59.008,Avail,Compl,Avail,Incmpl,Incmpl,Enable,OBD II (California ARB),OFF,OFF,29.279,-0.836,0,1st,OFF,OFF,OFF,OFF,OFF,OFF,2.344,2.344,ON,OFF,650,0,OFF,OFF,OFF,ON,Gasoline,0.967,OFF,OFF,0.684,ON,0.703,15.294,11,0,0.762,0.762,2.324,0.762,0.918,2.031,46.667,0,15.294,85,0.008,0.031,OFF,ECT 5th,NA,OFF,96.866,96.910,14.510,0,Not Avl,0,0,0,0,ON,ON,0,0,4
162,0,14.116,Not Avl,Compl,Compl,Unable,OFF,Not Avl,Compl,Compl,Unable,OFF,48.438,56.250,26.875,27.500,19.531,39.551,15.686,31.765,0.781,1.582,ON,0,OFF,ON,ON,0.995,0.996,0,0.004,3.288,3.308,0,96,51199.219,13.847,24.314,OFF,OFF,OFF,OFF,OFF,OFF,OFF,Avail,Incmpl,Incmpl,Enable,Avail,422.300,218.700,422.300,218.700,ON,Avail,Compl,Enable,77,0,0,0,0,0,0,6,A,0,0,Avail,Incmpl,Incmpl,Enable,OFF,OFF,941,703.750,51199.219,51199.219,51199.219,51199.219,51199.219,51199.219,1GRFE ,33.333,Avail,Compl,Incmpl,Enable,7.996,OFF,OFF,OFF,OFF,ON,ON,Avail,Compl,Enable,Compl,CL,CL,Compl,Unable,Not Avl,Compl,Compl,Enable,OFF,3090,14.500,120,ON,4.375,8.750,0.097,2222,10,21,-3,OFF,2.344,4.688,3.790,OFF,0,0,81,Avail,Compl,Enable,0,GRN2#  ,ON,0,ACTIVE,ACTIVE,0.967,0.947,0.525,0.585,68.086,59.008,Avail,Compl,Avail,Incmpl,Incmpl,Enable,OBD II (California ARB),OFF,OFF,29.279,-0.836,0,1st,OFF,OFF,OFF,OFF,OFF,OFF,2.344,2.344,ON,OFF,650,0,OFF,OFF,OFF,ON,Gasoline,0.967,OFF,OFF,0.684,ON,0.703,15.294,11,0,0.762,0.762,2.324,0.762,0.918,2.031,46.667,0,15.294,85,0.008,0.031,OFF,ECT 5th,NA,OFF,96.866,96.910,14.510,0,Not Avl,0,0,0,0,ON,ON,0,0,4
163,0,14.116,Not Avl,Compl,Compl,Unable,OFF,Not Avl,Compl,Compl,Unable,OFF,48.438,56.250,26.875,27.500,19.531,39.551,15.686,31.765,0.781,1.582,ON,0,OFF,ON,ON,0.995,0.996,0,0.004,3.288,3.308,0,96,51199.219,13.847,24.314,OFF,OFF,OFF,OFF,OFF,OFF,OFF,Avail,Incmpl,Incmpl,Enable,Avail,422.300,218.700,422.300,218.700,ON,Avail,Compl,Enable,77,0,0,0,0,0,0,6,A,0,0,Avail,Incmpl,Incmpl,Enable,OFF,OFF,941,703.750,51199.219,51199.219,51199.219,51199.219,51199.219,51199.219,1GRFE ,33.333,Avail,Compl,Incmpl,Enable,7.996,OFF,OFF,OFF,OFF,ON,ON,Avail,Compl,Enable,Compl,CL,CL,Compl,Unable,Not Avl,Compl,Compl,Enable,OFF,3090,14.500,120,ON,4.375,8.750,0.097,2222,10,21,-3,OFF,2.344,4.688,3.790,OFF,0,0,81,Avail,Compl,Enable,0,GRN2#  ,ON,0,ACTIVE,ACTIVE,0.967,0.947,0.525,0.585,68.086,59.008,Avail,Compl,Avail,Incmpl,Incmpl,Enable,OBD II (California ARB),OFF,OFF,29.279,-0.836,0,1st,OFF,OFF,OFF,OFF,OFF,OFF,2.344,2.344,ON,OFF,650,0,OFF,OFF,OFF,ON,Gasoline,0.967,OFF,OFF,0.684,ON,0.703,15.294,11,0,0.762,0.762,2.324,0.762,0.918,2.031,46.667,0,15.294,85,0.008,0.031,OFF,ECT 5th,NA,OFF,96.866,96.910,14.510,0,Not Avl,0,0,0,0,ON,ON,0,0,4
164,0,14.116,Not Avl,Compl,Compl,Unable,OFF,Not Avl,Compl,Compl,Unable,OFF,48.438,56.250,26.875,27.500,19.531,39.551,15.686,31.765,0.781,1.582,ON,0,OFF,ON,ON,0.995,0.996,0,0.004,3.288,3.308,0,96,51199.219,13.847,24.314,OFF,OFF,OFF,OFF,OFF,OFF,OFF,Avail,Incmpl,Incmpl,Enable,Avail,422.300,218.700,422.300,218.700,ON,Avail,Compl,Enable,77,0,0,0,0,0,0,6,A,0,0,Avail,Incmpl,Incmpl,Enable,OFF,OFF,941,703.750,51199.219,51199.219,51199.219,51199.219,51199.219,51199.219,1GRFE ,33.333,Avail,Compl,Incmpl,Enable,7.996,OFF,OFF,OFF,OFF,ON,ON,Avail,Compl,Enable,Compl,CL,CL,Compl,Unable,Not Avl,Compl,Compl,Enable,OFF,3090,14.500,120,ON,4.375,8.750,0.097,2222,10,21,-3,OFF,2.344,4.688,3.790,OFF,0,0,81,Avail,Compl,Enable,0,GRN2#  ,ON,0,ACTIVE,ACTIVE,0.967,0.947,0.525,0.585,68.086,59.008,Avail,Compl,Avail,Incmpl,Incmpl,Enable,OBD II (California ARB),OFF,OFF,29.279,-0.836,0,1st,OFF,OFF,OFF,OFF,OFF,OFF,2.344,2.344,ON,OFF,650,0,OFF,OFF,OFF,ON,Gasoline,0.967,OFF,OFF,0.684,ON,0.703,15.294,11,0,0.762,0.762,2.324,0.762,0.918,2.031,46.667,0,15.294,85,0.008,0.031,OFF,ECT 5th,NA,OFF,96.866,96.910,14.510,0,Not Avl,0,0,0,0,ON,ON,0,0,4
165,0,14.116,Not Avl,Compl,Compl,Unable,OFF,Not Avl,Compl,Compl,Unable,OFF,48.438,56.250,26.875,27.500,19.531,39.551,15.686,31.765,0.781,1.582,ON,0,OFF,ON,ON,0.995,0.996,0,0.004,3.288,3.308,0,96,51199.219,13.847,24.314,OFF,OFF,OFF,OFF,OFF,OFF,OFF,Avail,Incmpl,Incmpl,Enable,Avail,422.300,218.700,422.300,218.700,ON,Avail,Compl,Enable,77,0,0,0,0,0,0,6,A,0,0,Avail,Incmpl,Incmpl,Enable,OFF,OFF,941,703.750,51199.219,51199.219,51199.219,51199.219,51199.219,51199.219,1GRFE ,33.333,Avail,Compl,Incmpl,Enable,7.996,OFF,OFF,OFF,OFF,ON,ON,Avail,Compl,Enable,Compl,CL,CL,Compl,Unable,Not Avl,Compl,Compl,Enable,OFF,3090,14.500,120,ON,4.375,8.750,0.097,2222,10,21,-3,OFF,2.344,4.688,3.790,OFF,0,0,81,Avail,Compl,Enable,0,GRN2#  ,ON,0,ACTIVE,ACTIVE,0.967,0.947,0.525,0.585,68.086,59.008,Avail,Compl,Avail,Incmpl,Incmpl,Enable,OBD II (California ARB),OFF,OFF,29.279,-0.836,0,1st,OFF,OFF,OFF,OFF,OFF,OFF,2.344,2.344,ON,OFF,650,0,OFF,OFF,OFF,ON,Gasoline,0.967,OFF,OFF,0.684,ON,0.703,15.294,11,0,0.762,0.762,2.324,0.762,0.918,2.031,46.667,0,15.294,85,0.008,0.031,OFF,ECT 5th,NA,OFF,96.866,96.910,14.510,0,Not Avl,0,0,0,0,ON,ON,0,0,4
166,0,14.116,Not Avl,Compl,Compl,Unable,OFF,Not Avl,Compl,Compl,Unable,OFF,48.438,56.250,26.875,27.500,19.531,39.551,15.686,31.765,0.781,1.582,ON,0,OFF,ON,ON,0.995,0.996,0,0.004,3.288,3.308,0,96,51199.219,13.847,24.314,OFF,OFF,OFF,OFF,OFF,OFF,OFF,Avail,Incmpl,Incmpl,Enable,Avail,422.300,218.700,422.300,218.700,ON,Avail,Compl,Enable,77,0,0,0,0,0,0,6,A,0,0,Avail,Incmpl,Incmpl,Enable,OFF,OFF,941,703.750,51199.219,51199.219,51199.219,51199.219,51199.219,51199.219,1GRFE ,33.333,Avail,Compl,Incmpl,Enable,7.996,OFF,OFF,OFF,OFF,ON,ON,Avail,Compl,Enable,Compl,CL,CL,Compl,Unable,Not Avl,Compl,Compl,Enable,OFF,3090,14.500,120,ON,4.375,8.750,0.097,2222,10,21,-3,OFF,2.344,4.688,3.790,OFF,0,0,81,Avail,Compl,Enable,0,GRN2#  ,ON,0,ACTIVE,ACTIVE,0.967,0.947,0.525,0.585,68.086,59.008,Avail,Compl,Avail,Incmpl,Incmpl,Enable,OBD II (California ARB),OFF,OFF,29.279,-0.836,0,1st,OFF,OFF,OFF,OFF,OFF,OFF,2.344,2.344,ON,OFF,650,0,OFF,OFF,OFF,ON,Gasoline,0.967,OFF,OFF,0.684,ON,1.250,15.294,11,0,0.762,0.762,2.324,0.762,0.918,2.031,46.667,0,15.294,85,0.008,0.031,OFF,ECT 5th,NA,OFF,96.866,96.910,14.510,0,Not Avl,0,0,0,0,ON,ON,0,0,4
167,0,14.116,Not Avl,Compl,Compl,Unable,OFF,Not Avl,Compl,Compl,Unable,OFF,48.438,56.250,26.875,27.500,19.531,39.551,15.686,31.765,0.781,1.582,ON,0,OFF,ON,ON,0.995,0.996,0,0.004,3.288,3.308,0,96,51199.219,13.847,24.314,OFF,OFF,OFF,OFF,OFF,OFF,OFF,Avail,Incmpl,Incmpl,Enable,Avail,422.300,218.700,422.300,218.700,ON,Avail,Compl,Enable,77,0,0,0,0,0,0,6,A,0,0,Avail,Incmpl,Incmpl,Enable,OFF,OFF,941,703.750,51199.219,51199.219,51199.219,51199.219,51199.219,51199.219,1GRFE ,33.333,Avail,Compl,Incmpl,Enable,7.996,OFF,OFF,OFF,OFF,ON,ON,Avail,Compl,Enable,Compl,CL,CL,Compl,Unable,Not Avl,Compl,Compl,Enable,OFF,3090,14.500,120,ON,4.375,8.750,0.097,2222,10,21,-3,OFF,2.344,4.688,3.790,OFF,0,0,81,Avail,Compl,Enable,0,GRN2#  ,ON,0,ACTIVE,ACTIVE,0.967,0.947,0.525,0.585,68.086,59.008,Avail,Compl,Avail,Incmpl,Incmpl,Enable,OBD II (California ARB),OFF,OFF,29.279,-0.836,0,1st,OFF,OFF,OFF,OFF,OFF,OFF,2.344,2.344,ON,OFF,650,0,OFF,OFF,OFF,ON,Gasoline,0.967,OFF,OFF,0.684,ON,1.250,14.902,11,0,0.762,0.762,2.324,0.762,0.918,2.031,46.667,0,15.294,85,0.008,0.031,OFF,ECT 5th,NA,OFF,96.866,96.910,14.510,0,Not Avl,0,0,0,0,ON,ON,0,0,4
168,0,14.116,Not Avl,Compl,Compl,Unable,OFF,Not Avl,Compl,Compl,Unable,OFF,48.438,56.250,26.875,27.500,19.531,39.551,15.686,31.765,0.781,1.582,ON,0,OFF,ON,ON,0.995,0.996,0,0.004,3.288,3.308,0,96,51199.219,13.847,24.314,OFF,OFF,OFF,OFF,OFF,OFF,OFF,Avail,Incmpl,Incmpl,Enable,Avail,422.300,218.700,422.300,218.700,ON,Avail,Compl,Enable,77,0,0,0,0,0,0,6,A,0,0,Avail,Incmpl,Incmpl,Enable,OFF,OFF,941,703.750,51199.219,51199.219,51199.219,51199.219,51199.219,51199.219,1GRFE ,33.333,Avail,Compl,Incmpl,Enable,7.996,OFF,OFF,OFF,OFF,ON,ON,Avail,Compl,Enable,Compl,CL,CL,Compl,Unable,Not Avl,Compl,Compl,Enable,OFF,3090,14.500,120,ON,4.375,8.750,0.097,2222,10,21,-3,OFF,2.344,4.688,3.790,OFF,0,0,81,Avail,Compl,Enable,0,GRN2#  ,ON,0,ACTIVE,ACTIVE,0.967,0.947,0.525,0.585,68.086,59.008,Avail,Compl,Avail,Incmpl,Incmpl,Enable,OBD II (California ARB),OFF,OFF,29.279,-0.836,0,1st,OFF,OFF,OFF,OFF,OFF,OFF,2.344,2.344,ON,OFF,650,0,OFF,OFF,OFF,ON,Gasoline,0.967,OFF,OFF,0.684,ON,1.250,14.902,18,0,0.762,0.762,2.324,0.762,0.918,2.031,46.667,0,15.294,85,0.008,0.031,OFF,ECT 5th,NA,OFF,96.866,96.910,14.510,0,Not Avl,0,0,0,0,ON,ON,0,0,4
169,0,14.116,Not Avl,Compl,Compl,Unable,OFF,Not Avl,Compl,Compl,Unable,OFF,48.438,56.250,26.875,27.500,19.531,39.551,15.686,31.765,0.781,1.582,ON,0,OFF,ON,ON,0.995,0.996,0,0.004,3.288,3.308,0,96,51199.219,13.847,24.314,OFF,OFF,OFF,OFF,OFF,OFF,OFF,Avail,Incmpl,Incmpl,Enable,Avail,422.300,218.700,422.300,218.700,ON,Avail,Compl,Enable,77,0,0,0,0,0,0,6,A,0,0,Avail,Incmpl,Incmpl,Enable,OFF,OFF,941,703.750,51199.219,51199.219,51199.219,51199.219,51199.219,51199.219,1GRFE ,33.333,Avail,Compl,Incmpl,Enable,7.996,OFF,OFF,OFF,OFF,ON,ON,Avail,Compl,Enable,Compl,CL,CL,Compl,Unable,Not Avl,Compl,Compl,Enable,OFF,3090,14.500,120,ON,4.375,8.750,0.097,2222,10,21,-3,OFF,2.344,4.688,3.790,OFF,0,0,81,Avail,Compl,Enable,0,GRN2#  ,ON,0,ACTIVE,ACTIVE,0.967,0.947,0.525,0.585,68.086,59.008,Avail,Compl,Avail,Incmpl,Incmpl,Enable,OBD II (California ARB),OFF,OFF,29.279,-0.836,0,1st,OFF,OFF,OFF,OFF,OFF,OFF,2.344,2.344,ON,OFF,650,0,OFF,OFF,OFF,ON,Gasoline,0.967,OFF,OFF,0.684,ON,1.250,14.902,18,0,0.762,0.762,2.324,0.762,0.918,2.031,46.667,0,15.294,85,0.008,0.031,OFF,ECT 5th,NA,OFF,96.866,96.910,14.510,0,Not Avl,0,0,0,0,ON,ON,0,0,4
170,0,14.116,Not Avl,Compl,Compl,Unable,OFF,Not Avl,Compl,Compl,Unable,OFF,48.438,56.250,26.875,27.500,19.531,39.551,15.686,31.765,0.781,1.582,ON,0,OFF,ON,ON,0.995,0.996,0,0.004,3.288,3.308,0,96,51199.219,13.847,24.314,OFF,OFF,OFF,OFF,OFF,OFF,OFF,Avail,Incmpl,Incmpl,Enable,Avail,422.300,218.700,422.300,218.700,ON,Avail,Compl,Enable,77,0,0,0,0,0,0,6,A,0,0,Avail,Incmpl,Incmpl,Enable,OFF,OFF,941,703.750,51199.219,51199.219,51199.219,51199.219,51199.219,51199.219,1GRFE ,33.333,Avail,Compl,Incmpl,Enable,7.996,OFF,OFF,OFF,OFF,ON,ON,Avail,Compl,Enable,Compl,CL,CL,Compl,Unable,Not Avl,Compl,Compl,Enable,OFF,3090,14.500,120,ON,4.375,8.750,0.097,2222,10,21,-3,OFF,2.344,4.688,3.790,OFF,0,0,81,Avail,Compl,Enable,0,GRN2#  ,ON,0,ACTIVE,ACTIVE,0.967,0.947,0.525,0.585,68.086,59.008,Avail,Compl,Avail,Incmpl,Incmpl,Enable,OBD II (California ARB),OFF,OFF,29.279,-0.836,0,1st,OFF,OFF,OFF,OFF,OFF,OFF,2.344,2.344,ON,OFF,650,0,OFF,OFF,OFF,ON,Gasoline,0.967,OFF,OFF,0.684,ON,1.250,14.902,18,0,0.742,0.762,2.324,0.762,0.918,2.031,46.667,0,15.294,85,0.008,0.031,OFF,ECT 5th,NA,OFF,96.866,96.910,14.510,0,Not Avl,0,0,0,0,ON,ON,0,0,4
171,0,14.116,Not Avl,Compl,Compl,Unable,OFF,Not Avl,Compl,Compl,Unable,OFF,48.438,56.250,26.875,27.500,19.531,39.551,15.686,31.765,0.781,1.582,ON,0,OFF,ON,ON,0.995,0.996,0,0.004,3.288,3.308,0,96,51199.219,13.847,24.314,OFF,OFF,OFF,OFF,OFF,OFF,OFF,Avail,Incmpl,Incmpl,Enable,Avail,422.300,218.700,422.300,218.700,ON,Avail,Compl,Enable,77,0,0,0,0,0,0,6,A,0,0,Avail,Incmpl,Incmpl,Enable,OFF,OFF,941,703.750,51199.219,51199.219,51199.219,51199.219,51199.219,51199.219,1GRFE ,33.333,Avail,Compl,Incmpl,Enable,7.996,OFF,OFF,OFF,OFF,ON,ON,Avail,Compl,Enable,Compl,CL,CL,Compl,Unable,Not Avl,Compl,Compl,Enable,OFF,3090,14.500,120,ON,4.375,8.750,0.097,2222,10,21,-3,OFF,2.344,4.688,3.790,OFF,0,0,81,Avail,Compl,Enable,0,GRN2#  ,ON,0,ACTIVE,ACTIVE,0.967,0.947,0.525,0.585,68.086,59.008,Avail,Compl,Avail,Incmpl,Incmpl,Enable,OBD II (California ARB),OFF,OFF,29.279,-0.836,0,1st,OFF,OFF,OFF,OFF,OFF,OFF,2.344,2.344,ON,OFF,650,0,OFF,OFF,OFF,ON,Gasoline,0.967,OFF,OFF,0.684,ON,1.250,14.902,18,0,0.742,0.742,2.324,0.762,0.918,2.031,46.667,0,15.294,85,0.008,0.031,OFF,ECT 5th,NA,OFF,96.866,96.910,14.510,0,Not Avl,0,0,0,0,ON,ON,0,0,4
172,0,14.116,Not Avl,Compl,Compl,Unable,OFF,Not Avl,Compl,Compl,Unable,OFF,48.438,56.250,26.875,27.500,19.531,39.551,15.686,31.765,0.781,1.582,ON,0,OFF,ON,ON,0.995,0.996,0,0.004,3.288,3.308,0,96,51199.219,13.847,24.314,OFF,OFF,OFF,OFF,OFF,OFF,OFF,Avail,Incmpl,Incmpl,Enable,Avail,422.300,218.700,422.300,218.700,ON,Avail,Compl,Enable,77,0,0,0,0,0,0,6,A,0,0,Avail,Incmpl,Incmpl,Enable,OFF,OFF,941,703.750,51199.219,51199.219,51199.219,51199.219,51199.219,51199.219,1GRFE ,33.333,Avail,Compl,Incmpl,Enable,7.996,OFF,OFF,OFF,OFF,ON,ON,Avail,Compl,Enable,Compl,CL,CL,Compl,Unable,Not Avl,Compl,Compl,Enable,OFF,3090,14.500,120,ON,4.375,8.750,0.097,2222,10,21,-3,OFF,2.344,4.688,3.790,OFF,0,0,81,Avail,Compl,Enable,0,GRN2#  ,ON,0,ACTIVE,ACTIVE,0.967,0.947,0.525,0.585,68.086,59.008,Avail,Compl,Avail,Incmpl,Incmpl,Enable,OBD II (California ARB),OFF,OFF,29.279,-0.836,0,1st,OFF,OFF,OFF,OFF,OFF,OFF,2.344,2.344,ON,OFF,650,0,OFF,OFF,OFF,ON,Gasoline,0.967,OFF,OFF,0.684,ON,1.250,14.902,18,0,0.742,0.742,2.305,0.762,0.918,2.031,46.667,0,15.294,85,0.008,0.031,OFF,ECT 5th,NA,OFF,96.866,96.910,14.510,0,Not Avl,0,0,0,0,ON,ON,0,0,4
173,0,14.116,Not Avl,Compl,Compl,Unable,OFF,Not Avl,Compl,Compl,Unable,OFF,48.438,56.250,26.875,27.500,19.531,39.551,15.686,31.765,0.781,1.582,ON,0,OFF,ON,ON,0.995,0.996,0,0.004,3.288,3.308,0,96,51199.219,13.847,24.314,OFF,OFF,OFF,OFF,OFF,OFF,OFF,Avail,Incmpl,Incmpl,Enable,Avail,422.300,218.700,422.300,218.700,ON,Avail,Compl,Enable,77,0,0,0,0,0,0,6,A,0,0,Avail,Incmpl,Incmpl,Enable,OFF,OFF,941,703.750,51199.219,51199.219,51199.219,51199.219,51199.219,51199.219,1GRFE ,33.333,Avail,Compl,Incmpl,Enable,7.996,OFF,OFF,OFF,OFF,ON,ON,Avail,Compl,Enable,Compl,CL,CL,Compl,Unable,Not Avl,Compl,Compl,Enable,OFF,3090,14.500,120,ON,4.375,8.750,0.097,2222,10,21,-3,OFF,2.344,4.688,3.790,OFF,0,0,81,Avail,Compl,Enable,0,GRN2#  ,ON,0,ACTIVE,ACTIVE,0.967,0.947,0.525,0.585,68.086,59.008,Avail,Compl,Avail,Incmpl,Incmpl,Enable,OBD II (California ARB),OFF,OFF,29.279,-0.836,0,1st,OFF,OFF,OFF,OFF,OFF,OFF,2.344,2.344,ON,OFF,650,0,OFF,OFF,OFF,ON,Gasoline,0.967,OFF,OFF,0.684,ON,1.250,14.902,18,0,0.742,0.742,2.305,0.742,0.918,2.031,46.667,0,15.294,85,0.008,0.031,OFF,ECT 5th,NA,OFF,96.866,96.910,14.510,0,Not Avl,0,0,0,0,ON,ON,0,0,4
174,0,14.116,Not Avl,Compl,Compl,Unable,OFF,Not Avl,Compl,Compl,Unable,OFF,48.438,56.250,26.875,27.500,19.531,39.551,15.686,31.765,0.781,1.582,ON,0,OFF,ON,ON,0.995,0.996,0,0.004,3.288,3.308,0,96,51199.219,13.847,24.314,OFF,OFF,OFF,OFF,OFF,OFF,OFF,Avail,Incmpl,Incmpl,Enable,Avail,422.300,218.700,422.300,218.700,ON,Avail,Compl,Enable,77,0,0,0,0,0,0,6,A,0,0,Avail,Incmpl,Incmpl,Enable,OFF,OFF,941,703.750,51199.219,51199.219,51199.219,51199.219,51199.219,51199.219,1GRFE ,33.333,Avail,Compl,Incmpl,Enable,7.996,OFF,OFF,OFF,OFF,ON,ON,Avail,Compl,Enable,Compl,CL,CL,Compl,Unable,Not Avl,Compl,Compl,Enable,OFF,3090,14.500,120,ON,4.375,8.750,0.097,2222,10,21,-3,OFF,2.344,4.688,3.790,OFF,0,0,81,Avail,Compl,Enable,0,GRN2#  ,ON,0,ACTIVE,ACTIVE,0.967,0.947,0.525,0.585,68.086,59.008,Avail,Compl,Avail,Incmpl,Incmpl,Enable,OBD II (California ARB),OFF,OFF,29.279,-0.836,0,1st,OFF,OFF,OFF,OFF,OFF,OFF,2.344,2.344,ON,OFF,650,0,OFF,OFF,OFF,ON,Gasoline,0.967,OFF,OFF,0.684,ON,1.250,14.902,18,0,0.742,0.742,2.305,0.742,0.918,2.031,46.667,0,15.294,85,0.008,0.031,OFF,ECT 5th,NA,OFF,96.866,96.910,14.510,0,Not Avl,0,0,0,0,ON,ON,0,0,4
175,0,14.116,Not Avl,Compl,Compl,Unable,OFF,Not Avl,Compl,Compl,Unable,OFF,48.438,56.250,26.875,27.500,19.531,39.551,15.686,31.765,0.781,1.582,ON,0,OFF,ON,ON,0.995,0.996,0,0.004,3.288,3.308,0,96,51199.219,13.847,24.314,OFF,OFF,OFF,OFF,OFF,OFF,OFF,Avail,Incmpl,Incmpl,Enable,Avail,422.300,218.700,422.300,218.700,ON,Avail,Compl,Enable,77,0,0,0,0,0,0,6,A,0,0,Avail,Incmpl,Incmpl,Enable,OFF,OFF,941,703.750,51199.219,51199.219,51199.219,51199.219,51199.219,51199.219,1GRFE ,33.333,Avail,Compl,Incmpl,Enable,7.996,OFF,OFF,OFF,OFF,ON,ON,Avail,Compl,Enable,Compl,CL,CL,Compl,Unable,Not Avl,Compl,Compl,Enable,OFF,3090,14.500,120,ON,4.375,8.750,0.097,2222,10,21,-3,OFF,2.344,4.688,3.790,OFF,0,0,81,Avail,Compl,Enable,0,GRN2#  ,ON,0,ACTIVE,ACTIVE,0.967,0.947,0.525,0.585,68.086,59.008,Avail,Compl,Avail,Incmpl,Incmpl,Enable,OBD II (California ARB),OFF,OFF,29.279,-0.836,0,1st,OFF,OFF,OFF,OFF,OFF,OFF,2.344,2.344,ON,OFF,650,0,OFF,OFF,OFF,ON,Gasoline,0.967,OFF,OFF,0.684,ON,1.250,14.902,18,0,0.742,0.742,2.305,0.742,0.918,2.031,46.667,0,15.294,85,0.008,0.031,OFF,ECT 5th,NA,OFF,96.866,96.910,14.510,0,Not Avl,0,0,0,0,ON,ON,0,0,4
176,0,14.116,Not Avl,Compl,Compl,Unable,OFF,Not Avl,Compl,Compl,Unable,OFF,48.438,56.250,26.875,27.500,19.531,39.551,15.686,31.765,0.781,1.582,ON,0,OFF,ON,ON,0.995,0.996,0,0.004,3.288,3.308,0,96,51199.219,13.847,24.314,OFF,OFF,OFF,OFF,OFF,OFF,OFF,Avail,Incmpl,Incmpl,Enable,Avail,422.300,218.700,422.300,218.700,ON,Avail,Compl,Enable,77,0,0,0,0,0,0,6,A,0,0,Avail,Incmpl,Incmpl,Enable,OFF,OFF,941,703.750,51199.219,51199.219,51199.219,51199.219,51199.219,51199.219,1GRFE ,33.333,Avail,Compl,Incmpl,Enable,7.996,OFF,OFF,OFF,OFF,ON,ON,Avail,Compl,Enable,Compl,CL,CL,Compl,Unable,Not Avl,Compl,Compl,Enable,OFF,3090,14.500,120,ON,4.375,8.750,0.097,2222,10,21,-3,OFF,2.344,4.688,3.790,OFF,0,0,81,Avail,Compl,Enable,0,GRN2#  ,ON,0,ACTIVE,ACTIVE,0.967,0.947,0.525,0.585,68.086,59.008,Avail,Compl,Avail,Incmpl,Incmpl,Enable,OBD II (California ARB),OFF,OFF,29.279,-0.836,0,1st,OFF,OFF,OFF,OFF,OFF,OFF,2.344,2.344,ON,OFF,650,0,OFF,OFF,OFF,ON,Gasoline,0.967,OFF,OFF,0.684,ON,1.250,14.902,18,0,0.742,0.742,2.305,0.742,0.918,2.031,46.275,0,15.294,85,0.008,0.031,OFF,ECT 5th,NA,OFF,96.866,96.910,14.510,0,Not Avl,0,0,0,0,ON,ON,0,0,4
177,0,14.116,Not Avl,Compl,Compl,Unable,OFF,Not Avl,Compl,Compl,Unable,OFF,48.438,56.250,26.875,27.500,19.531,39.551,15.686,31.765,0.781,1.582,ON,0,OFF,ON,ON,0.995,0.996,0,0.004,3.288,3.308,0,96,51199.219,13.847,24.314,OFF,OFF,OFF,OFF,OFF,OFF,OFF,Avail,Incmpl,Incmpl,Enable,Avail,422.300,218.700,422.300,218.700,ON,Avail,Compl,Enable,77,0,0,0,0,0,0,6,A,0,0,Avail,Incmpl,Incmpl,Enable,OFF,OFF,941,703.750,51199.219,51199.219,51199.219,51199.219,51199.219,51199.219,1GRFE ,33.333,Avail,Compl,Incmpl,Enable,7.996,OFF,OFF,OFF,OFF,ON,ON,Avail,Compl,Enable,Compl,CL,CL,Compl,Unable,Not Avl,Compl,Compl,Enable,OFF,3090,14.500,120,ON,4.375,8.750,0.097,2222,10,21,-3,OFF,2.344,4.688,3.790,OFF,0,0,81,Avail,Compl,Enable,0,GRN2#  ,ON,0,ACTIVE,ACTIVE,0.967,0.947,0.525,0.585,68.086,59.008,Avail,Compl,Avail,Incmpl,Incmpl,Enable,OBD II (California ARB),OFF,OFF,29.279,-0.836,0,1st,OFF,OFF,OFF,OFF,OFF,OFF,2.344,2.344,ON,OFF,650,0,OFF,OFF,OFF,ON,Gasoline,0.967,OFF,OFF,0.684,ON,1.250,14.902,18,0,0.742,0.742,2.305,0.742,0.918,2.031,46.275,0,15.294,85,0.008,0.031,OFF,ECT 5th,NA,OFF,96.866,96.910,14.510,0,Not Avl,0,0,0,0,ON,ON,0,0,4
178,0,14.116,Not Avl,Compl,Compl,Unable,OFF,Not Avl,Compl,Compl,Unable,OFF,48.438,56.250,26.875,27.500,19.531,39.551,15.686,31.765,0.781,1.582,ON,0,OFF,ON,ON,0.995,0.996,0,0.004,3.288,3.308,0,96,51199.219,13.847,24.314,OFF,OFF,OFF,OFF,OFF,OFF,OFF,Avail,Incmpl,Incmpl,Enable,Avail,422.300,218.700,422.300,218.700,ON,Avail,Compl,Enable,77,0,0,0,0,0,0,6,A,0,0,Avail,Incmpl,Incmpl,Enable,OFF,OFF,941,703.750,51199.219,51199.219,51199.219,51199.219,51199.219,51199.219,1GRFE ,33.333,Avail,Compl,Incmpl,Enable,7.996,OFF,OFF,OFF,OFF,ON,ON,Avail,Compl,Enable,Compl,CL,CL,Compl,Unable,Not Avl,Compl,Compl,Enable,OFF,3090,14.500,120,ON,4.375,8.750,0.097,2222,10,21,-3,OFF,2.344,4.688,3.790,OFF,0,0,81,Avail,Compl,Enable,0,GRN2#  ,ON,0,ACTIVE,ACTIVE,0.967,0.947,0.525,0.585,68.086,59.008,Avail,Compl,Avail,Incmpl,Incmpl,Enable,OBD II (California ARB),OFF,OFF,29.279,-0.836,0,1st,OFF,OFF,OFF,OFF,OFF,OFF,2.344,2.344,ON,OFF,650,0,OFF,OFF,OFF,ON,Gasoline,0.967,OFF,OFF,0.684,ON,1.250,14.902,18,0,0.742,0.742,2.305,0.742,0.918,2.031,46.275,0,14.902,85,0.008,0.031,OFF,ECT 5th,NA,OFF,96.866,96.910,14.510,0,Not Avl,0,0,0,0,ON,ON,0,0,4
179,0,14.116,Not Avl,Compl,Compl,Unable,OFF,Not Avl,Compl,Compl,Unable,OFF,48.438,56.250,26.875,27.500,19.531,39.551,15.686,31.765,0.781,1.582,ON,0,OFF,ON,ON,0.995,0.996,0,0.004,3.288,3.308,0,96,51199.219,13.847,24.314,OFF,OFF,OFF,OFF,OFF,OFF,OFF,Avail,Incmpl,Incmpl,Enable,Avail,422.300,218.700,422.300,218.700,ON,Avail,Compl,Enable,77,0,0,0,0,0,0,6,A,0,0,Avail,Incmpl,Incmpl,Enable,OFF,OFF,941,703.750,51199.219,51199.219,51199.219,51199.219,51199.219,51199.219,1GRFE ,33.333,Avail,Compl,Incmpl,Enable,7.996,OFF,OFF,OFF,OFF,ON,ON,Avail,Compl,Enable,Compl,CL,CL,Compl,Unable,Not Avl,Compl,Compl,Enable,OFF,3090,14.500,120,ON,4.375,8.750,0.097,2222,10,21,-3,OFF,2.344,4.688,3.790,OFF,0,0,81,Avail,Compl,Enable,0,GRN2#  ,ON,0,ACTIVE,ACTIVE,0.967,0.947,0.525,0.585,68.086,59.008,Avail,Compl,Avail,Incmpl,Incmpl,Enable,OBD II (California ARB),OFF,OFF,29.279,-0.836,0,1st,OFF,OFF,OFF,OFF,OFF,OFF,2.344,2.344,ON,OFF,650,0,OFF,OFF,OFF,ON,Gasoline,0.967,OFF,OFF,0.684,ON,1.250,14.902,18,0,0.742,0.742,2.305,0.742,0.918,2.031,46.275,0,14.902,89,0.008,0.031,OFF,ECT 5th,NA,OFF,96.866,96.910,14.510,0,Not Avl,0,0,0,0,ON,ON,0,0,4
180,0,14.116,Not Avl,Compl,Compl,Unable,OFF,Not Avl,Compl,Compl,Unable,OFF,48.438,56.250,26.875,27.500,19.531,39.551,15.686,31.765,0.781,1.582,ON,0,OFF,ON,ON,0.995,0.996,0,0.004,3.288,3.308,0,96,51199.219,13.847,24.314,OFF,OFF,OFF,OFF,OFF,OFF,OFF,Avail,Incmpl,Incmpl,Enable,Avail,422.300,218.700,422.300,218.700,ON,Avail,Compl,Enable,77,0,0,0,0,0,0,6,A,0,0,Avail,Incmpl,Incmpl,Enable,OFF,OFF,941,703.750,51199.219,51199.219,51199.219,51199.219,51199.219,51199.219,1GRFE ,33.333,Avail,Compl,Incmpl,Enable,7.996,OFF,OFF,OFF,OFF,ON,ON,Avail,Compl,Enable,Compl,CL,CL,Compl,Unable,Not Avl,Compl,Compl,Enable,OFF,3090,14.500,120,ON,4.375,8.750,0.097,2222,10,21,-3,OFF,2.344,4.688,3.790,OFF,0,0,81,Avail,Compl,Enable,0,GRN2#  ,ON,0,ACTIVE,ACTIVE,0.967,0.947,0.525,0.585,68.086,59.008,Avail,Compl,Avail,Incmpl,Incmpl,Enable,OBD II (California ARB),OFF,OFF,29.279,-0.836,0,1st,OFF,OFF,OFF,OFF,OFF,OFF,2.344,2.344,ON,OFF,650,0,OFF,OFF,OFF,ON,Gasoline,0.967,OFF,OFF,0.684,ON,1.250,14.902,18,0,0.742,0.742,2.305,0.742,0.918,2.031,46.275,0,14.902,89,0.043,0.031,OFF,ECT 5th,NA,OFF,96.866,96.910,14.510,0,Not Avl,0,0,0,0,ON,ON,0,0,4
181,0,14.116,Not Avl,Compl,Compl,Unable,OFF,Not Avl,Compl,Compl,Unable,OFF,48.438,56.250,26.875,27.500,19.531,39.551,15.686,31.765,0.781,1.582,ON,0,OFF,ON,ON,0.995,0.996,0,0.004,3.288,3.308,0,96,51199.219,13.847,24.314,OFF,OFF,OFF,OFF,OFF,OFF,OFF,Avail,Incmpl,Incmpl,Enable,Avail,422.300,218.700,422.300,218.700,ON,Avail,Compl,Enable,77,0,0,0,0,0,0,6,A,0,0,Avail,Incmpl,Incmpl,Enable,OFF,OFF,941,703.750,51199.219,51199.219,51199.219,51199.219,51199.219,51199.219,1GRFE ,33.333,Avail,Compl,Incmpl,Enable,7.996,OFF,OFF,OFF,OFF,ON,ON,Avail,Compl,Enable,Compl,CL,CL,Compl,Unable,Not Avl,Compl,Compl,Enable,OFF,3090,14.500,120,ON,4.375,8.750,0.097,2222,10,21,-3,OFF,2.344,4.688,3.790,OFF,0,0,81,Avail,Compl,Enable,0,GRN2#  ,ON,0,ACTIVE,ACTIVE,0.967,0.947,0.525,0.585,68.086,59.008,Avail,Compl,Avail,Incmpl,Incmpl,Enable,OBD II (California ARB),OFF,OFF,29.279,-0.836,0,1st,OFF,OFF,OFF,OFF,OFF,OFF,2.344,2.344,ON,OFF,650,0,OFF,OFF,OFF,ON,Gasoline,0.967,OFF,OFF,0.684,ON,1.250,14.902,18,0,0.742,0.742,2.305,0.742,0.918,2.031,46.275,0,14.902,89,0.043,0.062,OFF,ECT 5th,NA,OFF,96.866,96.910,14.510,0,Not Avl,0,0,0,0,ON,ON,0,0,4
182,0,14.116,Not Avl,Compl,Compl,Unable,OFF,Not Avl,Compl,Compl,Unable,OFF,48.438,56.250,26.875,27.500,19.531,39.551,15.686,31.765,0.781,1.582,ON,0,OFF,ON,ON,0.995,0.996,0,0.004,3.288,3.308,0,96,51199.219,13.847,24.314,OFF,OFF,OFF,OFF,OFF,OFF,OFF,Avail,Incmpl,Incmpl,Enable,Avail,422.300,218.700,422.300,218.700,ON,Avail,Compl,Enable,77,0,0,0,0,0,0,6,A,0,0,Avail,Incmpl,Incmpl,Enable,OFF,OFF,941,703.750,51199.219,51199.219,51199.219,51199.219,51199.219,51199.219,1GRFE ,33.333,Avail,Compl,Incmpl,Enable,7.996,OFF,OFF,OFF,OFF,ON,ON,Avail,Compl,Enable,Compl,CL,CL,Compl,Unable,Not Avl,Compl,Compl,Enable,OFF,3090,14.500,120,ON,4.375,8.750,0.097,2222,10,21,-3,OFF,2.344,4.688,3.790,OFF,0,0,81,Avail,Compl,Enable,0,GRN2#  ,ON,0,ACTIVE,ACTIVE,0.967,0.947,0.525,0.585,68.086,59.008,Avail,Compl,Avail,Incmpl,Incmpl,Enable,OBD II (California ARB),OFF,OFF,29.279,-0.836,0,1st,OFF,OFF,OFF,OFF,OFF,OFF,2.344,2.344,ON,OFF,650,0,OFF,OFF,OFF,ON,Gasoline,0.967,OFF,OFF,0.684,ON,1.250,14.902,18,0,0.742,0.742,2.305,0.742,0.918,2.031,46.275,0,14.902,89,0.043,0.062,OFF,ECT 5th,NA,OFF,96.866,96.910,14.510,0,Not Avl,0,0,0,0,ON,ON,0,0,4
183,0,14.116,Not Avl,Compl,Compl,Unable,OFF,Not Avl,Compl,Compl,Unable,OFF,48.438,56.250,26.875,27.500,19.531,39.551,15.686,31.765,0.781,1.582,ON,0,OFF,ON,ON,0.995,0.996,0,0.004,3.288,3.308,0,96,51199.219,13.847,24.314,OFF,OFF,OFF,OFF,OFF,OFF,OFF,Avail,Incmpl,Incmpl,Enable,Avail,422.300,218.700,422.300,218.700,ON,Avail,Compl,Enable,77,0,0,0,0,0,0,6,A,0,0,Avail,Incmpl,Incmpl,Enable,OFF,OFF,941,703.750,51199.219,51199.219,51199.219,51199.219,51199.219,51199.219,1GRFE ,33.333,Avail,Compl,Incmpl,Enable,7.996,OFF,OFF,OFF,OFF,ON,ON,Avail,Compl,Enable,Compl,CL,CL,Compl,Unable,Not Avl,Compl,Compl,Enable,OFF,3090,14.500,120,ON,4.375,8.750,0.097,2222,10,21,-3,OFF,2.344,4.688,3.790,OFF,0,0,81,Avail,Compl,Enable,0,GRN2#  ,ON,0,ACTIVE,ACTIVE,0.967,0.947,0.525,0.585,68.086,59.008,Avail,Compl,Avail,Incmpl,Incmpl,Enable,OBD II (California ARB),OFF,OFF,29.279,-0.836,0,1st,OFF,OFF,OFF,OFF,OFF,OFF,2.344,2.344,ON,OFF,650,0,OFF,OFF,OFF,ON,Gasoline,0.967,OFF,OFF,0.684,ON,1.250,14.902,18,0,0.742,0.742,2.305,0.742,0.918,2.031,46.275,0,14.902,89,0.043,0.062,OFF,ECT 5th,NA,OFF,96.866,96.910,14.510,0,Not Avl,0,0,0,0,ON,ON,0,0,4
184,0,14.116,Not Avl,Compl,Compl,Unable,OFF,Not Avl,Compl,Compl,Unable,OFF,48.438,56.250,26.875,27.500,19.531,39.551,15.686,31.765,0.781,1.582,ON,0,OFF,ON,ON,0.995,0.996,0,0.004,3.288,3.308,0,96,51199.219,13.847,24.314,OFF,OFF,OFF,OFF,OFF,OFF,OFF,Avail,Incmpl,Incmpl,Enable,Avail,422.300,218.700,422.300,218.700,ON,Avail,Compl,Enable,77,0,0,0,0,0,0,6,A,0,0,Avail,Incmpl,Incmpl,Enable,OFF,OFF,941,703.750,51199.219,51199.219,51199.219,51199.219,51199.219,51199.219,1GRFE ,33.333,Avail,Compl,Incmpl,Enable,7.996,OFF,OFF,OFF,OFF,ON,ON,Avail,Compl,Enable,Compl,CL,CL,Compl,Unable,Not Avl,Compl,Compl,Enable,OFF,3090,14.500,120,ON,4.375,8.750,0.097,2222,10,21,-3,OFF,2.344,4.688,3.790,OFF,0,0,81,Avail,Compl,Enable,0,GRN2#  ,ON,0,ACTIVE,ACTIVE,0.967,0.947,0.525,0.585,68.086,59.008,Avail,Compl,Avail,Incmpl,Incmpl,Enable,OBD II (California ARB),OFF,OFF,29.279,-0.836,0,1st,OFF,OFF,OFF,OFF,OFF,OFF,2.344,2.344,ON,OFF,650,0,OFF,OFF,OFF,ON,Gasoline,0.967,OFF,OFF,0.684,ON,1.250,14.902,18,0,0.742,0.742,2.305,0.742,0.918,2.031,46.275,0,14.902,89,0.043,0.062,OFF,ECT 5th,NA,OFF,96.866,96.910,14.510,0,Not Avl,0,0,0,0,ON,ON,0,0,4
185,0,14.116,Not Avl,Compl,Compl,Unable,OFF,Not Avl,Compl,Compl,Unable,OFF,48.438,56.250,26.875,27.500,19.531,39.551,15.686,31.765,0.781,1.582,ON,0,OFF,ON,ON,0.995,0.996,0,0.004,3.288,3.308,0,96,51199.219,13.847,24.314,OFF,OFF,OFF,OFF,OFF,OFF,OFF,Avail,Incmpl,Incmpl,Enable,Avail,422.300,218.700,422.300,218.700,ON,Avail,Compl,Enable,77,0,0,0,0,0,0,6,A,0,0,Avail,Incmpl,Incmpl,Enable,OFF,OFF,941,703.750,51199.219,51199.219,51199.219,51199.219,51199.219,51199.219,1GRFE ,33.333,Avail,Compl,Incmpl,Enable,7.996,OFF,OFF,OFF,OFF,ON,ON,Avail,Compl,Enable,Compl,CL,CL,Compl,Unable,Not Avl,Compl,Compl,Enable,OFF,3090,14.500,120,ON,4.375,8.750,0.097,2222,10,21,-3,OFF,2.344,4.688,3.790,OFF,0,0,81,Avail,Compl,Enable,0,GRN2#  ,ON,0,ACTIVE,ACTIVE,0.967,0.947,0.525,0.585,68.086,59.008,Avail,Compl,Avail,Incmpl,Incmpl,Enable,OBD II (California ARB),OFF,OFF,29.279,-0.836,0,1st,OFF,OFF,OFF,OFF,OFF,OFF,2.344,2.344,ON,OFF,650,0,OFF,OFF,OFF,ON,Gasoline,0.967,OFF,OFF,0.684,ON,1.250,14.902,18,0,0.742,0.742,2.305,0.742,0.918,2.031,46.275,0,14.902,89,0.043,0.062,OFF,ECT 5th,NA,OFF,96.866,96.910,14.510,0,Not Avl,0,0,0,0,ON,ON,0,0,4
186,0,14.116,Not Avl,Compl,Compl,Unable,OFF,Not Avl,Compl,Compl,Unable,OFF,48.438,56.250,26.875,27.500,19.531,39.551,15.686,31.765,0.781,1.582,ON,0,OFF,ON,ON,0.995,0.996,0,0.004,3.288,3.308,0,96,51199.219,13.847,24.314,OFF,OFF,OFF,OFF,OFF,OFF,OFF,Avail,Incmpl,Incmpl,Enable,Avail,422.300,218.700,422.300,218.700,ON,Avail,Compl,Enable,77,0,0,0,0,0,0,6,A,0,0,Avail,Incmpl,Incmpl,Enable,OFF,OFF,941,703.750,51199.219,51199.219,51199.219,51199.219,51199.219,51199.219,1GRFE ,33.333,Avail,Compl,Incmpl,Enable,7.996,OFF,OFF,OFF,OFF,ON,ON,Avail,Compl,Enable,Compl,CL,CL,Compl,Unable,Not Avl,Compl,Compl,Enable,OFF,3090,14.500,120,ON,4.375,8.750,0.097,2222,10,21,-3,OFF,2.344,4.688,3.790,OFF,0,0,81,Avail,Compl,Enable,0,GRN2#  ,ON,0,ACTIVE,ACTIVE,0.967,0.947,0.525,0.585,68.086,59.008,Avail,Compl,Avail,Incmpl,Incmpl,Enable,OBD II (California ARB),OFF,OFF,29.279,-0.836,0,1st,OFF,OFF,OFF,OFF,OFF,OFF,2.344,2.344,ON,OFF,650,0,OFF,OFF,OFF,ON,Gasoline,0.967,OFF,OFF,0.684,ON,1.250,14.902,18,0,0.742,0.742,2.305,0.742,0.918,2.031,46.275,0,14.902,89,0.043,0.062,OFF,ECT 5th,NA,OFF,96.822,96.910,14.510,0,Not Avl,0,0,0,0,ON,ON,0,0,4
187,0,14.116,Not Avl,Compl,Compl,Unable,OFF,Not Avl,Compl,Compl,Unable,OFF,48.438,56.250,26.875,27.500,19.531,39.551,15.686,31.765,0.781,1.582,ON,0,OFF,ON,ON,0.995,0.996,0,0.004,3.288,3.308,0,96,51199.219,13.847,24.314,OFF,OFF,OFF,OFF,OFF,OFF,OFF,Avail,Incmpl,Incmpl,Enable,Avail,422.300,218.700,422.300,218.700,ON,Avail,Compl,Enable,77,0,0,0,0,0,0,6,A,0,0,Avail,Incmpl,Incmpl,Enable,OFF,OFF,941,703.750,51199.219,51199.219,51199.219,51199.219,51199.219,51199.219,1GRFE ,33.333,Avail,Compl,Incmpl,Enable,7.996,OFF,OFF,OFF,OFF,ON,ON,Avail,Compl,Enable,Compl,CL,CL,Compl,Unable,Not Avl,Compl,Compl,Enable,OFF,3090,14.500,120,ON,4.375,8.750,0.097,2222,10,21,-3,OFF,2.344,4.688,3.790,OFF,0,0,81,Avail,Compl,Enable,0,GRN2#  ,ON,0,ACTIVE,ACTIVE,0.967,0.947,0.525,0.585,68.086,59.008,Avail,Compl,Avail,Incmpl,Incmpl,Enable,OBD II (California ARB),OFF,OFF,29.279,-0.836,0,1st,OFF,OFF,OFF,OFF,OFF,OFF,2.344,2.344,ON,OFF,650,0,OFF,OFF,OFF,ON,Gasoline,0.967,OFF,OFF,0.684,ON,1.250,14.902,18,0,0.742,0.742,2.305,0.742,0.918,2.031,46.275,0,14.902,89,0.043,0.062,OFF,ECT 5th,NA,OFF,96.822,96.910,14.510,0,Not Avl,0,0,0,0,ON,ON,0,0,4
188,0,14.116,Not Avl,Compl,Compl,Unable,OFF,Not Avl,Compl,Compl,Unable,OFF,48.438,56.250,26.875,27.500,19.531,39.551,15.686,31.765,0.781,1.582,ON,0,OFF,ON,ON,0.995,0.996,0,0.004,3.288,3.308,0,96,51199.219,13.847,24.314,OFF,OFF,OFF,OFF,OFF,OFF,OFF,Avail,Incmpl,Incmpl,Enable,Avail,422.300,218.700,422.300,218.700,ON,Avail,Compl,Enable,77,0,0,0,0,0,0,6,A,0,0,Avail,Incmpl,Incmpl,Enable,OFF,OFF,941,703.750,51199.219,51199.219,51199.219,51199.219,51199.219,51199.219,1GRFE ,33.333,Avail,Compl,Incmpl,Enable,7.996,OFF,OFF,OFF,OFF,ON,ON,Avail,Compl,Enable,Compl,CL,CL,Compl,Unable,Not Avl,Compl,Compl,Enable,OFF,3090,14.500,120,ON,4.375,8.750,0.097,2222,10,21,-3,OFF,2.344,4.688,3.790,OFF,0,0,81,Avail,Compl,Enable,0,GRN2#  ,ON,0,ACTIVE,ACTIVE,0.967,0.947,0.525,0.585,68.086,59.008,Avail,Compl,Avail,Incmpl,Incmpl,Enable,OBD II (California ARB),OFF,OFF,29.279,-0.836,0,1st,OFF,OFF,OFF,OFF,OFF,OFF,2.344,2.344,ON,OFF,650,0,OFF,OFF,OFF,ON,Gasoline,0.967,OFF,OFF,0.684,ON,1.250,14.902,18,0,0.742,0.742,2.305,0.742,0.918,2.031,46.275,0,14.902,89,0.043,0.062,OFF,ECT 5th,NA,OFF,96.822,96.910,13.333,0,Not Avl,0,0,0,0,ON,ON,0,0,4
189,0,14.116,Not Avl,Compl,Compl,Unable,OFF,Not Avl,Compl,Compl,Unable,OFF,48.438,56.250,26.875,27.500,19.531,39.551,15.686,31.765,0.781,1.582,ON,0,OFF,ON,ON,0.995,0.996,0,0.004,3.288,3.308,0,96,51199.219,13.847,24.314,OFF,OFF,OFF,OFF,OFF,OFF,OFF,Avail,Incmpl,Incmpl,Enable,Avail,422.300,218.700,422.300,218.700,ON,Avail,Compl,Enable,77,0,0,0,0,0,0,6,A,0,0,Avail,Incmpl,Incmpl,Enable,OFF,OFF,941,703.750,51199.219,51199.219,51199.219,51199.219,51199.219,51199.219,1GRFE ,33.333,Avail,Compl,Incmpl,Enable,7.996,OFF,OFF,OFF,OFF,ON,ON,Avail,Compl,Enable,Compl,CL,CL,Compl,Unable,Not Avl,Compl,Compl,Enable,OFF,3090,14.500,120,ON,4.375,8.750,0.097,2222,10,21,-3,OFF,2.344,4.688,3.790,OFF,0,0,81,Avail,Compl,Enable,0,GRN2#  ,ON,0,ACTIVE,ACTIVE,0.967,0.947,0.525,0.585,68.086,59.008,Avail,Compl,Avail,Incmpl,Incmpl,Enable,OBD II (California ARB),OFF,OFF,29.279,-0.836,0,1st,OFF,OFF,OFF,OFF,OFF,OFF,2.344,2.344,ON,OFF,650,0,OFF,OFF,OFF,ON,Gasoline,0.967,OFF,OFF,0.684,ON,1.250,14.902,18,0,0.742,0.742,2.305,0.742,0.918,2.031,46.275,0,14.902,89,0.043,0.062,OFF,ECT 5th,NA,OFF,96.822,96.910,13.333,0,Not Avl,0,0,0,0,ON,ON,0,0,4
190,0,14.116,Not Avl,Compl,Compl,Unable,OFF,Not Avl,Compl,Compl,Unable,OFF,48.438,56.250,26.875,27.500,19.531,39.551,15.686,31.765,0.781,1.582,ON,0,OFF,ON,ON,0.995,0.996,0,0.004,3.288,3.308,0,96,51199.219,13.847,24.314,OFF,OFF,OFF,OFF,OFF,OFF,OFF,Avail,Incmpl,Incmpl,Enable,Avail,422.300,218.700,422.300,218.700,ON,Avail,Compl,Enable,77,0,0,0,0,0,0,6,A,0,0,Avail,Incmpl,Incmpl,Enable,OFF,OFF,941,703.750,51199.219,51199.219,51199.219,51199.219,51199.219,51199.219,1GRFE ,33.333,Avail,Compl,Incmpl,Enable,7.996,OFF,OFF,OFF,OFF,ON,ON,Avail,Compl,Enable,Compl,CL,CL,Compl,Unable,Not Avl,Compl,Compl,Enable,OFF,3090,14.500,120,ON,4.375,8.750,0.097,2222,10,21,-3,OFF,2.344,4.688,3.790,OFF,0,0,81,Avail,Compl,Enable,0,GRN2#  ,ON,0,ACTIVE,ACTIVE,0.967,0.947,0.525,0.585,68.086,59.008,Avail,Compl,Avail,Incmpl,Incmpl,Enable,OBD II (California ARB),OFF,OFF,29.279,-0.836,0,1st,OFF,OFF,OFF,OFF,OFF,OFF,2.344,2.344,ON,OFF,650,0,OFF,OFF,OFF,ON,Gasoline,0.967,OFF,OFF,0.684,ON,1.250,14.902,18,0,0.742,0.742,2.305,0.742,0.918,2.031,46.275,0,14.902,89,0.043,0.062,OFF,ECT 5th,NA,OFF,96.822,96.910,13.333,0,Not Avl,0,0,0,0,ON,ON,0,0,4
191,0,14.116,Not Avl,Compl,Compl,Unable,OFF,Not Avl,Compl,Compl,Unable,OFF,48.438,56.250,26.875,27.500,19.531,39.551,15.686,31.765,0.781,1.582,ON,0,OFF,ON,ON,0.995,0.996,0,0.004,3.288,3.308,0,96,51199.219,13.847,24.314,OFF,OFF,OFF,OFF,OFF,OFF,OFF,Avail,Incmpl,Incmpl,Enable,Avail,422.300,218.700,422.300,218.700,ON,Avail,Compl,Enable,77,0,0,0,0,0,0,6,A,0,0,Avail,Incmpl,Incmpl,Enable,OFF,OFF,941,703.750,51199.219,51199.219,51199.219,51199.219,51199.219,51199.219,1GRFE ,33.333,Avail,Compl,Incmpl,Enable,7.996,OFF,OFF,OFF,OFF,ON,ON,Avail,Compl,Enable,Compl,CL,CL,Compl,Unable,Not Avl,Compl,Compl,Enable,OFF,3090,14.500,120,ON,4.375,8.750,0.097,2222,10,21,-3,OFF,2.344,4.688,3.790,OFF,0,0,81,Avail,Compl,Enable,0,GRN2#  ,ON,0,ACTIVE,ACTIVE,0.967,0.947,0.525,0.585,68.086,59.008,Avail,Compl,Avail,Incmpl,Incmpl,Enable,OBD II (California ARB),OFF,OFF,29.279,-0.836,0,1st,OFF,OFF,OFF,OFF,OFF,OFF,2.344,2.344,ON,OFF,650,0,OFF,OFF,OFF,ON,Gasoline,0.967,OFF,OFF,0.684,ON,1.250,14.902,18,0,0.742,0.742,2.305,0.742,0.918,2.031,46.275,0,14.902,89,0.043,0.062,OFF,ECT 5th,NA,OFF,96.822,96.910,13.333,0,Not Avl,0,0,0,0,ON,ON,0,0,4
192,0,14.116,Not Avl,Compl,Compl,Unable,OFF,Not Avl,Compl,Compl,Unable,OFF,48.438,56.250,26.875,27.500,19.531,39.551,15.686,31.765,0.781,1.582,ON,0,OFF,ON,ON,0.995,0.996,0,0.004,3.288,3.308,0,96,51199.219,13.847,24.314,OFF,OFF,OFF,OFF,OFF,OFF,OFF,Avail,Incmpl,Incmpl,Enable,Avail,422.300,218.700,422.300,218.700,ON,Avail,Compl,Enable,77,0,0,0,0,0,0,6,A,0,0,Avail,Incmpl,Incmpl,Enable,OFF,OFF,941,703.750,51199.219,51199.219,51199.219,51199.219,51199.219,51199.219,1GRFE ,33.333,Avail,Compl,Incmpl,Enable,7.996,OFF,OFF,OFF,OFF,ON,ON,Avail,Compl,Enable,Compl,CL,CL,Compl,Unable,Not Avl,Compl,Compl,Enable,OFF,3090,14.500,120,ON,4.375,8.750,0.097,2222,10,21,-3,OFF,2.344,4.688,3.790,OFF,0,0,81,Avail,Compl,Enable,0,GRN2#  ,ON,0,ACTIVE,ACTIVE,0.967,0.947,0.525,0.585,68.086,59.008,Avail,Compl,Avail,Incmpl,Incmpl,Enable,OBD II (California ARB),OFF,OFF,29.279,-0.836,0,1st,OFF,OFF,OFF,OFF,OFF,OFF,2.344,2.344,ON,OFF,650,0,OFF,OFF,OFF,ON,Gasoline,0.967,OFF,OFF,0.684,ON,1.250,14.902,18,0,0.742,0.742,2.305,0.742,0.918,2.031,46.275,0,14.902,89,0.043,0.062,OFF,ECT 5th,NA,OFF,96.822,96.910,13.333,0,Not Avl,0,0,0,0,ON,ON,0,0,4
193,0,14.116,Not Avl,Compl,Compl,Unable,OFF,Not Avl,Compl,Compl,Unable,OFF,48.438,56.250,26.875,27.500,19.531,39.551,15.686,31.765,0.781,1.582,ON,0,OFF,ON,ON,0.995,0.996,0,0.004,3.288,3.308,0,96,51199.219,13.847,24.314,OFF,OFF,OFF,OFF,OFF,OFF,OFF,Avail,Incmpl,Incmpl,Enable,Avail,422.300,218.700,422.300,218.700,ON,Avail,Compl,Enable,77,0,0,0,0,0,0,6,A,0,0,Avail,Incmpl,Incmpl,Enable,OFF,OFF,941,703.750,51199.219,51199.219,51199.219,51199.219,51199.219,51199.219,1GRFE ,33.333,Avail,Compl,Incmpl,Enable,7.996,OFF,OFF,OFF,OFF,ON,ON,Avail,Compl,Enable,Compl,CL,CL,Compl,Unable,Not Avl,Compl,Compl,Enable,OFF,3090,14.500,120,ON,4.375,8.750,0.097,2222,10,21,-3,OFF,2.344,4.688,3.790,OFF,0,0,81,Avail,Compl,Enable,0,GRN2#  ,ON,0,ACTIVE,ACTIVE,0.967,0.947,0.525,0.585,68.086,59.008,Avail,Compl,Avail,Incmpl,Incmpl,Enable,OBD II (California ARB),OFF,OFF,29.279,-0.836,0,1st,OFF,OFF,OFF,OFF,OFF,OFF,2.344,2.344,ON,OFF,650,0,OFF,OFF,OFF,ON,Gasoline,0.967,OFF,OFF,0.684,ON,1.250,14.902,18,0,0.742,0.742,2.305,0.742,0.918,2.031,46.275,0,14.902,89,0.043,0.062,OFF,ECT 5th,NA,OFF,96.822,96.910,13.333,0,Not Avl,0,0,0,0,ON,ON,0,0,4
194,0,14.116,Not Avl,Compl,Compl,Unable,OFF,Not Avl,Compl,Compl,Unable,OFF,48.438,56.250,26.875,27.500,19.531,39.551,15.686,31.765,0.781,1.582,ON,0,OFF,ON,ON,0.995,0.996,0,0.004,3.288,3.308,0,96,51199.219,13.847,24.314,OFF,OFF,OFF,OFF,OFF,OFF,OFF,Avail,Incmpl,Incmpl,Enable,Avail,422.300,218.700,422.300,218.700,ON,Avail,Compl,Enable,77,0,0,0,0,0,0,6,A,0,0,Avail,Incmpl,Incmpl,Enable,OFF,OFF,941,703.750,51199.219,51199.219,51199.219,51199.219,51199.219,51199.219,1GRFE ,33.333,Avail,Compl,Incmpl,Enable,7.996,OFF,OFF,OFF,OFF,ON,ON,Avail,Compl,Enable,Compl,CL,CL,Compl,Unable,Not Avl,Compl,Compl,Enable,OFF,3090,14.500,120,ON,4.375,8.750,0.097,2222,10,21,-3,OFF,2.344,4.688,3.790,OFF,0,0,81,Avail,Compl,Enable,0,GRN2#  ,ON,0,ACTIVE,ACTIVE,0.967,0.947,0.525,0.585,68.086,59.008,Avail,Compl,Avail,Incmpl,Incmpl,Enable,OBD II (California ARB),OFF,OFF,29.279,-0.836,0,1st,OFF,OFF,OFF,OFF,OFF,OFF,2.344,2.344,ON,OFF,650,0,OFF,OFF,OFF,ON,Gasoline,0.967,OFF,OFF,0.684,ON,1.250,14.902,18,0,0.742,0.742,2.305,0.742,0.918,2.031,46.275,0,14.902,89,0.043,0.062,OFF,ECT 5th,NA,OFF,96.822,96.910,13.333,0,Not Avl,0,0,0,0,ON,ON,0,0,4
195,0,14.116,Not Avl,Compl,Compl,Unable,OFF,Not Avl,Compl,Compl,Unable,OFF,48.438,56.250,26.875,27.500,19.531,39.551,15.686,31.765,0.781,1.582,ON,0,OFF,ON,ON,0.995,0.996,0,0.004,3.288,3.308,0,96,51199.219,13.847,24.314,OFF,OFF,OFF,OFF,OFF,OFF,OFF,Avail,Incmpl,Incmpl,Enable,Avail,422.300,218.700,422.300,218.700,ON,Avail,Compl,Enable,77,0,0,0,0,0,0,6,A,0,0,Avail,Incmpl,Incmpl,Enable,OFF,OFF,941,703.750,51199.219,51199.219,51199.219,51199.219,51199.219,51199.219,1GRFE ,33.333,Avail,Compl,Incmpl,Enable,7.996,OFF,OFF,OFF,OFF,ON,ON,Avail,Compl,Enable,Compl,CL,CL,Compl,Unable,Not Avl,Compl,Compl,Enable,OFF,3090,14.500,120,ON,4.375,8.750,0.097,2222,10,21,-3,OFF,2.344,4.688,3.790,OFF,0,0,81,Avail,Compl,Enable,0,GRN2#  ,ON,0,ACTIVE,ACTIVE,0.967,0.947,0.525,0.585,68.086,59.008,Avail,Compl,Avail,Incmpl,Incmpl,Enable,OBD II (California ARB),OFF,OFF,29.279,-0.836,0,1st,OFF,OFF,OFF,OFF,OFF,OFF,2.344,2.344,ON,OFF,650,0,OFF,OFF,OFF,ON,Gasoline,0.967,OFF,OFF,0.684,ON,1.250,14.902,18,0,0.742,0.742,2.305,0.742,0.918,2.031,46.275,0,14.902,89,0.043,0.062,OFF,ECT 5th,NA,OFF,96.822,96.910,13.333,0,Not Avl,0,0,0,0,ON,ON,0,0,4
196,0,14.116,Not Avl,Compl,Compl,Unable,OFF,Not Avl,Compl,Compl,Unable,OFF,48.438,56.250,26.875,27.500,19.531,39.551,15.686,31.765,0.781,1.582,ON,0,OFF,ON,ON,0.995,0.996,0,0.004,3.288,3.308,0,96,51199.219,13.847,24.314,OFF,OFF,OFF,OFF,OFF,OFF,OFF,Avail,Incmpl,Incmpl,Enable,Avail,422.300,218.700,422.300,218.700,ON,Avail,Compl,Enable,77,0,0,0,0,0,0,6,A,0,0,Avail,Incmpl,Incmpl,Enable,OFF,OFF,941,703.750,51199.219,51199.219,51199.219,51199.219,51199.219,51199.219,1GRFE ,33.333,Avail,Compl,Incmpl,Enable,7.996,OFF,OFF,OFF,OFF,ON,ON,Avail,Compl,Enable,Compl,CL,CL,Compl,Unable,Not Avl,Compl,Compl,Enable,OFF,3090,14.500,120,ON,4.375,8.750,0.097,2222,10,21,-3,OFF,2.344,4.688,3.790,OFF,0,0,81,Avail,Compl,Enable,0,GRN2#  ,ON,0,ACTIVE,ACTIVE,0.967,0.947,0.525,0.585,68.086,59.008,Avail,Compl,Avail,Incmpl,Incmpl,Enable,OBD II (California ARB),OFF,OFF,29.279,-0.836,0,1st,OFF,OFF,OFF,OFF,OFF,OFF,2.344,2.344,ON,OFF,650,0,OFF,OFF,OFF,ON,Gasoline,0.967,OFF,OFF,0.684,ON,1.250,14.902,18,0,0.742,0.742,2.305,0.742,0.918,2.031,46.275,0,14.902,89,0.043,0.062,OFF,ECT 5th,NA,OFF,96.822,96.910,13.333,0,Not Avl,0,0,0,0,ON,ON,0,0,4
197,0,14.116,Not Avl,Compl,Compl,Unable,OFF,Not Avl,Compl,Compl,Unable,OFF,48.438,56.250,26.875,27.500,19.531,39.551,15.686,31.765,0.781,1.582,ON,0,OFF,ON,ON,0.995,0.996,0,0.004,3.288,3.308,0,96,51199.219,13.847,24.314,OFF,OFF,OFF,OFF,OFF,OFF,OFF,Avail,Incmpl,Incmpl,Enable,Avail,422.300,218.700,422.300,218.700,ON,Avail,Compl,Enable,77,0,0,0,0,0,0,6,A,0,0,Avail,Incmpl,Incmpl,Enable,OFF,OFF,941,703.750,51199.219,51199.219,51199.219,51199.219,51199.219,51199.219,1GRFE ,33.333,Avail,Compl,Incmpl,Enable,7.996,OFF,OFF,OFF,OFF,ON,ON,Avail,Compl,Enable,Compl,CL,CL,Compl,Unable,Not Avl,Compl,Compl,Enable,OFF,3090,14.500,120,ON,4.375,8.750,0.097,2222,10,21,-3,OFF,2.344,4.688,3.790,OFF,0,0,81,Avail,Compl,Enable,0,GRN2#  ,ON,0,ACTIVE,ACTIVE,0.967,0.947,0.525,0.585,68.086,59.008,Avail,Compl,Avail,Incmpl,Incmpl,Enable,OBD II (California ARB),OFF,OFF,29.279,-0.836,0,1st,OFF,OFF,OFF,OFF,OFF,OFF,2.344,2.344,ON,OFF,650,0,OFF,OFF,OFF,ON,Gasoline,0.967,OFF,OFF,0.684,ON,1.250,14.902,18,0,0.742,0.742,2.305,0.742,0.918,2.031,46.275,0,14.902,89,0.043,0.062,OFF,ECT 5th,NA,OFF,96.822,96.910,13.333,0,Not Avl,0,0,0,0,ON,ON,0,0,4
198,0,14.116,Not Avl,Compl,Compl,Unable,OFF,Not Avl,Compl,Compl,Unable,OFF,48.438,56.250,26.875,27.500,19.531,39.551,15.686,31.765,0.781,1.582,ON,0,OFF,ON,ON,0.995,0.996,0,0.004,3.288,3.308,0,96,51199.219,13.847,24.314,OFF,OFF,OFF,OFF,OFF,OFF,OFF,Avail,Incmpl,Incmpl,Enable,Avail,422.300,218.700,422.300,218.700,ON,Avail,Compl,Enable,77,0,0,0,0,0,0,6,A,0,0,Avail,Incmpl,Incmpl,Enable,OFF,OFF,941,703.750,51199.219,51199.219,51199.219,51199.219,51199.219,51199.219,1GRFE ,33.333,Avail,Compl,Incmpl,Enable,7.996,OFF,OFF,OFF,OFF,ON,ON,Avail,Compl,Enable,Compl,CL,CL,Compl,Unable,Not Avl,Compl,Compl,Enable,OFF,3090,14.500,120,ON,4.375,8.750,0.097,2222,10,21,-3,OFF,2.344,4.688,3.790,OFF,0,0,81,Avail,Compl,Enable,0,GRN2#  ,ON,0,ACTIVE,ACTIVE,0.967,0.947,0.525,0.585,68.086,59.008,Avail,Compl,Avail,Incmpl,Incmpl,Enable,OBD II (California ARB),OFF,OFF,29.279,-0.836,0,1st,OFF,OFF,OFF,OFF,OFF,OFF,2.344,2.344,ON,OFF,650,0,OFF,OFF,OFF,ON,Gasoline,0.967,OFF,OFF,0.684,ON,1.250,14.902,18,0,0.742,0.742,2.305,0.742,0.918,2.031,46.275,0,14.902,89,0.043,0.062,OFF,ECT 5th,NA,OFF,96.822,96.910,13.333,0,Not Avl,0,0,0,0,ON,ON,0,0,4
199,0,14.116,Not Avl,Compl,Compl,Unable,OFF,Not Avl,Compl,Compl,Unable,OFF,48.438,56.250,26.875,27.500,19.531,39.551,15.686,31.765,0.781,1.582,ON,0,OFF,ON,ON,0.995,0.996,0,0.004,3.288,3.308,0,96,51199.219,13.847,24.314,OFF,OFF,OFF,OFF,OFF,OFF,OFF,Avail,Incmpl,Incmpl,Enable,Avail,422.300,218.700,422.300,218.700,ON,Avail,Compl,Enable,77,0,0,0,0,0,0,6,A,0,0,Avail,Incmpl,Incmpl,Enable,OFF,OFF,941,703.750,51199.219,51199.219,51199.219,51199.219,51199.219,51199.219,1GRFE ,33.333,Avail,Compl,Incmpl,Enable,7.996,OFF,OFF,OFF,OFF,ON,ON,Avail,Compl,Enable,Compl,CL,CL,Compl,Unable,Not Avl,Compl,Compl,Enable,OFF,3090,14.500,120,ON,4.375,8.750,0.097,2222,10,21,-3,OFF,2.344,4.688,3.790,OFF,0,0,81,Avail,Compl,Enable,0,GRN2#  ,ON,0,ACTIVE,ACTIVE,0.967,0.947,0.525,0.585,68.086,59.008,Avail,Compl,Avail,Incmpl,Incmpl,Enable,OBD II (California ARB),OFF,OFF,29.279,-0.836,0,1st,OFF,OFF,OFF,OFF,OFF,OFF,2.344,2.344,ON,OFF,650,0,OFF,OFF,OFF,ON,Gasoline,0.967,OFF,OFF,0.684,ON,1.250,14.902,18,0,0.742,0.742,2.305,0.742,0.918,2.031,46.275,0,14.902,89,0.043,0.062,OFF,ECT 5th,NA,OFF,96.822,96.910,13.333,0,Not Avl,0,0,0,0,ON,ON,0,0,4
200,0,14.120,Not Avl,Compl,Compl,Unable,OFF,Not Avl,Compl,Compl,Unable,OFF,50.781,39.062,26.875,27.500,19.531,39.551,15.686,31.765,0.781,1.582,ON,0,OFF,ON,ON,0.998,0.997,0,-0.012,3.298,3.279,0,96,51199.219,13.847,24.314,OFF,OFF,OFF,OFF,OFF,OFF,OFF,Avail,Incmpl,Incmpl,Enable,Avail,422.300,216,422.300,216,ON,Avail,Compl,Enable,77,0,0,0,0,0,0,6,A,0,0,Avail,Incmpl,Incmpl,Enable,OFF,OFF,952,715.500,51199.219,51199.219,51199.219,51199.219,51199.219,51199.219,1GRFE ,33.725,Avail,Compl,Incmpl,Enable,7.996,OFF,OFF,OFF,OFF,ON,ON,Avail,Compl,Enable,Compl,CL,CL,Compl,Unable,Not Avl,Compl,Compl,Enable,OFF,3090,15,434,ON,4.375,8.750,0.098,2243,10,21,-3,OFF,2.344,4.688,3.810,OFF,0,0,82,Avail,Compl,Enable,0,GRN2#  ,ON,0,ACTIVE,ACTIVE,0.972,0.947,0.270,0.175,67.113,58.684,Avail,Compl,Avail,Incmpl,Incmpl,Enable,OBD II (California ARB),OFF,OFF,29.279,-0.800,0,1st,OFF,OFF,OFF,OFF,OFF,OFF,1.562,2.344,ON,OFF,650,0,OFF,OFF,OFF,ON,Gasoline,0.980,OFF,OFF,0.684,ON,1.172,14.902,18,0,0.742,0.742,2.305,0.742,0.918,2.031,46.275,0,14.902,89,0.043,0.066,OFF,ECT 5th,NA,OFF,96.822,96.866,13.333,0,Not Avl,0,0,0,0,ON,ON,0,0,4
201,0,14.121,Not Avl,Compl,Compl,Unable,OFF,Not Avl,Compl,Compl,Unable,OFF,55.469,38.281,26.875,27.500,19.531,39.551,15.686,31.765,0.781,1.582,ON,0,OFF,ON,ON,0.996,0.998,-0.004,-0.004,3.288,3.288,0,96,51199.219,13.847,24.314,OFF,OFF,OFF,OFF,OFF,OFF,OFF,Avail,Incmpl,Incmpl,Enable,Avail,422.300,216,422.300,216,ON,Avail,Compl,Enable,77,0,0,0,0,0,0,6,A,0,0,Avail,Incmpl,Incmpl,Enable,OFF,OFF,953,717.750,51199.219,51199.219,51199.219,51199.219,51199.219,51199.219,1GRFE ,33.333,Avail,Compl,Incmpl,Enable,7.996,OFF,OFF,OFF,OFF,ON,ON,Avail,Compl,Enable,Compl,CL,CL,Compl,Unable,Not Avl,Compl,Compl,Enable,OFF,3090,15,447,ON,4.375,8.750,0.098,2236,10,21,-3,OFF,2.344,4.688,3.790,OFF,0,0,82,Avail,Compl,Enable,0,GRN2#  ,ON,0,ACTIVE,ACTIVE,0.972,0.947,0.270,0.175,67.438,58.359,Avail,Compl,Avail,Incmpl,Incmpl,Enable,OBD II (California ARB),OFF,OFF,29.279,-0.800,0,1st,OFF,OFF,OFF,OFF,OFF,OFF,1.562,2.344,ON,OFF,650,0,OFF,OFF,OFF,ON,Gasoline,0.980,OFF,OFF,0.684,ON,1.172,14.902,18,0,0.742,0.742,2.305,0.742,0.918,2.031,46.275,0,14.902,89,0.043,0.066,OFF,ECT 5th,NA,OFF,96.778,96.690,13.333,0,Not Avl,0,0,0,0,ON,ON,0,0,4
202,0,14.100,Not Avl,Compl,Compl,Unable,OFF,Not Avl,Compl,Compl,Unable,OFF,57.812,38.281,26.875,27.500,19.531,39.551,15.686,31.765,0.781,1.582,ON,0,OFF,ON,ON,0.998,1.000,0,-0.004,3.293,3.288,0,96,51199.219,13.847,24.314,OFF,OFF,OFF,OFF,OFF,OFF,OFF,Avail,Incmpl,Incmpl,Enable,Avail,422.300,215.800,422.300,215.800,ON,Avail,Compl,Enable,77,0,0,0,0,0,0,6,A,0,0,Avail,Incmpl,Incmpl,Enable,OFF,OFF,953,715.500,51199.219,51199.219,51199.219,51199.219,51199.219,51199.219,1GRFE ,33.333,Avail,Compl,Incmpl,Enable,7.996,OFF,OFF,OFF,OFF,ON,ON,Avail,Compl,Enable,Compl,CL,CL,Compl,Unable,Not Avl,Compl,Compl,Enable,OFF,3090,15,461,ON,4.375,8.750,0.098,2229,10,21,-3,OFF,2.344,4.688,3.790,OFF,0,0,76,Avail,Compl,Enable,0,GRN2#  ,ON,0,ACTIVE,ACTIVE,0.972,0.952,0.290,0.175,67.762,58.359,Avail,Compl,Avail,Incmpl,Incmpl,Enable,OBD II (California ARB),OFF,OFF,29.279,-0.800,0,1st,OFF,OFF,OFF,OFF,OFF,OFF,1.562,2.344,ON,OFF,650,0,OFF,OFF,OFF,ON,Gasoline,0.980,OFF,OFF,0.684,ON,1.172,14.902,18,0,0.742,0.742,2.305,0.742,0.918,2.031,46.275,0,14.902,89,0.043,0.066,OFF,ECT 5th,NA,OFF,96.778,96.668,13.333,0,Not Avl,0,0,0,0,ON,ON,0,0,4
203,0,14.105,Not Avl,Compl,Compl,Unable,OFF,Not Avl,Compl,Compl,Unable,OFF,57.812,38.281,26.875,27.500,19.531,39.551,15.686,31.765,0.781,1.582,ON,0,OFF,ON,ON,0.999,0.999,0,-0.004,3.303,3.288,0,96,51199.219,13.847,24.314,OFF,OFF,OFF,OFF,OFF,OFF,OFF,Avail,Incmpl,Incmpl,Enable,Avail,422.300,215.800,422.300,215.800,ON,Avail,Compl,Enable,77,0,0,0,0,0,0,6,A,0,0,Avail,Incmpl,Incmpl,Enable,OFF,OFF,953,710.750,51199.219,51199.219,51199.219,51199.219,51199.219,51199.219,1GRFE ,33.333,Avail,Compl,Incmpl,Enable,7.996,OFF,OFF,OFF,OFF,ON,ON,Avail,Compl,Enable,Compl,CL,CL,Compl,Unable,Not Avl,Compl,Compl,Enable,OFF,3090,15,472,ON,4.375,8.750,0.098,2240,10,21,-3,OFF,2.344,4.688,3.840,OFF,0,0,76,Avail,Compl,Enable,0,GRN2#  ,ON,0,ACTIVE,ACTIVE,0.967,0.947,0.290,0.175,67.438,58.684,Avail,Compl,Avail,Incmpl,Incmpl,Enable,OBD II (California ARB),OFF,OFF,29.279,-0.769,0,1st,OFF,OFF,OFF,OFF,OFF,OFF,1.562,1.562,ON,OFF,650,0,OFF,OFF,OFF,ON,Gasoline,0.983,OFF,OFF,0.684,ON,1.172,14.902,18,0,0.742,0.742,2.305,0.742,0.918,2.031,46.275,0,14.902,89,0.043,0.066,OFF,ECT 5th,NA,OFF,96.800,96.734,13.333,0,Not Avl,0,0,0,0,ON,ON,0,0,4
204,0,14.102,Not Avl,Compl,Compl,Unable,OFF,Not Avl,Compl,Compl,Unable,OFF,52.344,38.281,26.875,27.500,19.531,39.551,15.686,31.765,0.781,1.582,ON,0,OFF,ON,ON,0.999,1.000,0.004,0,3.308,3.293,0,96,51199.219,13.847,24.314,OFF,OFF,OFF,OFF,OFF,OFF,OFF,Avail,Incmpl,Incmpl,Enable,Avail,422.300,215.800,422.300,215.800,ON,Avail,Compl,Enable,77,0,0,0,0,0,0,6,A,0,0,Avail,Incmpl,Incmpl,Enable,OFF,OFF,954,708.500,51199.219,51199.219,51199.219,51199.219,51199.219,51199.219,1GRFE ,33.333,Avail,Compl,Incmpl,Enable,7.996,OFF,OFF,OFF,OFF,ON,ON,Avail,Compl,Enable,Compl,CL,CL,Compl,Unable,Not Avl,Compl,Compl,Enable,OFF,3090,15,484,ON,4.375,8.750,0.098,2243,10,21,-3,OFF,2.344,4.688,3.810,OFF,0,0,76,Avail,Compl,Enable,0,GRN2#  ,ON,0,ACTIVE,ACTIVE,0.972,0.947,0.290,0.175,67.762,58.359,Avail,Compl,Avail,Incmpl,Incmpl,Enable,OBD II (California ARB),OFF,OFF,29.279,-0.769,0,1st,OFF,OFF,OFF,OFF,OFF,OFF,1.562,1.562,ON,OFF,650,0,OFF,OFF,OFF,ON,Gasoline,0.983,OFF,OFF,0.684,ON,1.250,14.902,18,0,0.742,0.742,2.305,0.742,0.918,2.031,46.275,0,14.902,89,0.039,0.066,OFF,ECT 5th,NA,OFF,96.800,96.844,13.333,0,Not Avl,0,0,0,0,ON,ON,0,0,4
205,0,14.102,Not Avl,Compl,Compl,Unable,OFF,Not Avl,Compl,Compl,Unable,OFF,43.750,38.281,26.875,27.500,19.531,39.551,15.686,31.765,0.781,1.582,ON,0,OFF,ON,ON,0.998,0.998,0,-0.012,3.303,3.279,0,96,51199.219,13.847,24.314,OFF,OFF,OFF,OFF,OFF,OFF,OFF,Avail,Incmpl,Incmpl,Enable,Avail,422.300,215.700,422.300,215.700,ON,Avail,Compl,Enable,77,0,0,0,0,0,0,6,A,0,0,Avail,Incmpl,Incmpl,Enable,OFF,OFF,954,713.250,51199.219,51199.219,51199.219,51199.219,51199.219,51199.219,1GRFE ,33.725,Avail,Compl,Incmpl,Enable,7.996,OFF,OFF,OFF,OFF,ON,ON,Avail,Compl,Enable,Compl,CL,CL,Compl,Unable,Not Avl,Compl,Compl,Enable,OFF,3090,15,497,ON,4.375,8.750,0.098,2232,10,21,-3,OFF,2.344,4.688,3.790,OFF,0,0,74,Avail,Compl,Enable,0,GRN2#  ,ON,0,ACTIVE,ACTIVE,0.972,0.947,0.310,0.175,67.438,58.035,Avail,Compl,Avail,Incmpl,Incmpl,Enable,OBD II (California ARB),OFF,OFF,29.279,-0.769,0,1st,OFF,OFF,OFF,OFF,OFF,OFF,1.562,1.562,ON,OFF,650,0,OFF,OFF,OFF,ON,Gasoline,0.983,OFF,OFF,0.684,ON,1.250,14.902,18,0,0.742,0.742,2.305,0.742,0.918,2.031,46.275,0,14.902,89,0.039,0.066,OFF,ECT 5th,NA,OFF,96.800,96.910,13.333,0,Not Avl,0,0,0,0,ON,ON,0,0,4
206,0,14.120,Not Avl,Compl,Compl,Unable,OFF,Not Avl,Compl,Compl,Unable,OFF,39.844,38.281,26.875,27.500,19.531,39.551,15.686,31.765,0.781,1.582,ON,0,OFF,ON,ON,0.998,0.997,0,-0.012,3.303,3.274,0,96,51199.219,13.847,24.314,OFF,OFF,OFF,OFF,OFF,OFF,OFF,Avail,Incmpl,Incmpl,Enable,Avail,422.300,215.700,422.300,215.700,ON,Avail,Compl,Enable,77,0,0,0,0,0,0,6,A,0,0,Avail,Incmpl,Incmpl,Enable,OFF,OFF,954,717,51199.219,51199.219,51199.219,51199.219,51199.219,51199.219,1GRFE ,33.725,Avail,Compl,Incmpl,Enable,7.996,OFF,OFF,OFF,OFF,ON,ON,Avail,Compl,Enable,Compl,CL,CL,Compl,Unable,Not Avl,Compl,Compl,Enable,OFF,3090,15,511,ON,4.375,8.750,0.098,2225,10,21,-3,OFF,2.344,4.688,3.840,OFF,0,0,74,Avail,Compl,Enable,0,GRN2#  ,ON,0,ACTIVE,ACTIVE,0.967,0.947,0.310,0.175,67.762,58.684,Avail,Compl,Avail,Incmpl,Incmpl,Enable,OBD II (California ARB),OFF,OFF,29.395,-0.769,0,1st,OFF,OFF,OFF,OFF,OFF,OFF,0.781,1.562,ON,OFF,650,0,OFF,OFF,OFF,ON,Gasoline,0.985,OFF,OFF,0.684,ON,1.250,14.902,19,0,0.742,0.742,2.305,0.742,0.918,2.031,46.275,0,14.902,89,0.039,0.066,OFF,ECT 5th,NA,OFF,96.822,96.932,13.333,0,Not Avl,0,0,0,0,ON,ON,0,0,4
207,0,14.116,Not Avl,Compl,Compl,Unable,OFF,Not Avl,Compl,Compl,Unable,OFF,38.281,38.281,26.875,27.500,19.531,39.551,15.686,31.765,0.781,1.582,ON,0,OFF,ON,ON,0.997,0.998,0,-0.008,3.298,3.283,0,96,51199.219,13.847,24.314,OFF,OFF,OFF,OFF,OFF,OFF,OFF,Avail,Incmpl,Incmpl,Enable,Avail,422.300,215.500,422.300,215.500,ON,Avail,Compl,Enable,77,0,0,0,0,0,0,6,A,0,0,Avail,Incmpl,Incmpl,Enable,OFF,OFF,955,708.500,51199.219,51199.219,51199.219,51199.219,51199.219,51199.219,1GRFE ,33.333,Avail,Compl,Incmpl,Enable,7.996,OFF,OFF,OFF,OFF,ON,ON,Avail,Compl,Enable,Compl,CL,CL,Compl,Unable,Not Avl,Compl,Compl,Enable,OFF,3090,15,527,ON,4.375,8.750,0.098,2236,10,21,-3,OFF,2.344,4.688,3.810,OFF,0,0,82,Avail,Compl,Enable,0,GRN2#  ,ON,0,ACTIVE,ACTIVE,0.967,0.947,0.330,0.175,68.086,58.684,Avail,Compl,Avail,Incmpl,Incmpl,Enable,OBD II (California ARB),OFF,OFF,29.150,-0.769,0,1st,OFF,OFF,OFF,OFF,OFF,OFF,0.781,2.344,ON,OFF,650,0,OFF,OFF,OFF,ON,Gasoline,0.985,OFF,OFF,0.684,ON,1.250,14.902,19,0,0.742,0.742,2.305,0.742,0.918,2.031,46.275,0,14.902,89,0.039,0.066,OFF,ECT 5th,NA,OFF,96.778,96.712,13.333,0,Not Avl,0,0,0,0,ON,ON,0,0,4
208,0,14.102,Not Avl,Compl,Compl,Unable,OFF,Not Avl,Compl,Compl,Unable,OFF,38.281,38.281,26.875,27.500,19.531,39.551,15.686,31.765,0.781,1.582,ON,0,OFF,ON,ON,0.998,0.998,0.023,0,3.313,3.279,0,96,51199.219,13.847,24.314,OFF,OFF,OFF,OFF,OFF,OFF,OFF,Avail,Incmpl,Incmpl,Enable,Avail,422.300,215.500,422.300,215.500,ON,Avail,Compl,Enable,78,0,0,0,0,0,0,6,A,0,0,Avail,Incmpl,Incmpl,Enable,OFF,OFF,955,718.750,51199.219,51199.219,51199.219,51199.219,51199.219,51199.219,1GRFE ,33.725,Avail,Compl,Incmpl,Enable,7.996,OFF,OFF,OFF,OFF,ON,ON,Avail,Compl,Enable,Compl,CL,CL,Compl,Unable,Not Avl,Compl,Compl,Enable,OFF,3090,15,540,ON,4.375,8.750,0.098,2225,10,21,-3,OFF,2.344,4.688,3.810,OFF,0,0,82,Avail,Compl,Enable,0,GRN2#  ,ON,0,ACTIVE,ACTIVE,0.972,0.947,0.350,0.175,68.086,58.359,Avail,Compl,Avail,Incmpl,Incmpl,Enable,OBD II (California ARB),OFF,OFF,29.395,-0.769,0,1st,OFF,OFF,OFF,OFF,OFF,OFF,0.781,1.562,ON,OFF,650,0,OFF,OFF,OFF,ON,Gasoline,0.987,OFF,OFF,0.684,ON,1.250,14.902,19,0,0.742,0.742,2.305,0.742,0.918,2.031,46.275,0,14.902,89,0.039,0.066,OFF,ECT 5th,NA,OFF,96.800,96.866,13.333,0,Not Avl,0,0,0,0,ON,ON,0,0,4
209,0,14.102,Not Avl,Compl,Compl,Unable,OFF,Not Avl,Compl,Compl,Unable,OFF,38.281,43.750,26.875,27.500,19.531,39.551,15.686,31.765,0.781,1.582,ON,0,OFF,ON,ON,0.997,0.999,0.004,-0.004,3.308,3.288,0,96,51199.219,13.847,23.922,OFF,OFF,OFF,OFF,OFF,OFF,OFF,Avail,Incmpl,Incmpl,Enable,Avail,422.300,215.500,422.300,215.500,ON,Avail,Compl,Enable,78,0,0,0,0,0,0,6,A,0,0,Avail,Incmpl,Incmpl,Enable,OFF,OFF,956,720.250,51199.219,51199.219,51199.219,51199.219,51199.219,51199.219,1GRFE ,33.333,Avail,Compl,Incmpl,Enable,7.996,OFF,OFF,OFF,OFF,ON,ON,Avail,Compl,Enable,Compl,CL,CL,Compl,Unable,Not Avl,Compl,Compl,Enable,OFF,3090,15,554,ON,4.375,8.750,0.098,2229,10,21,-3,OFF,2.344,4.688,3.790,OFF,0,0,82,Avail,Compl,Enable,0,GRN2#  ,ON,0,ACTIVE,ACTIVE,0.967,0.947,0.370,0.175,68.086,58.359,Avail,Compl,Avail,Incmpl,Incmpl,Enable,OBD II (California ARB),OFF,OFF,29.279,-0.769,0,1st,OFF,OFF,OFF,OFF,OFF,OFF,0.781,2.344,ON,OFF,650,0,OFF,OFF,OFF,ON,Gasoline,0.987,OFF,OFF,0.684,ON,1.250,14.902,19,0,0.742,0.742,2.305,0.742,0.918,2.031,46.275,0,14.902,89,0.039,0.066,OFF,ECT 5th,NA,OFF,96.800,96.910,13.333,0,Not Avl,0,0,0,0,ON,ON,0,0,4
210,0,14.102,Not Avl,Compl,Compl,Unable,OFF,Not Avl,Compl,Compl,Unable,OFF,38.281,53.125,26.875,27.500,19.531,39.551,15.686,31.765,0.781,1.582,ON,0,OFF,ON,ON,0.996,0.997,0,-0.012,3.298,3.274,0,96,51199.219,13.828,24.314,OFF,OFF,OFF,OFF,OFF,OFF,OFF,Avail,Incmpl,Incmpl,Enable,Avail,422.300,215.300,422.300,215.300,ON,Avail,Compl,Enable,78,0,0,0,0,0,0,6,A,0,0,Avail,Incmpl,Incmpl,Enable,OFF,OFF,956,713.250,51199.219,51199.219,51199.219,51199.219,51199.219,51199.219,1GRFE ,33.333,Avail,Compl,Incmpl,Enable,7.996,OFF,OFF,OFF,OFF,ON,ON,Avail,Compl,Enable,Compl,CL,CL,Compl,Unable,Not Avl,Compl,Compl,Enable,OFF,3090,15,568,ON,4.375,8.750,0.098,2226,10,21,-3,OFF,2.344,4.688,3.810,OFF,0,0,78,Avail,Compl,Enable,0,GRN2#  ,ON,0,ACTIVE,ACTIVE,0.967,0.942,0.390,0.175,68.086,58.684,Avail,Compl,Avail,Incmpl,Incmpl,Enable,OBD II (California ARB),OFF,OFF,29.279,-0.769,0,1st,OFF,OFF,OFF,OFF,OFF,OFF,0.781,1.562,ON,OFF,650,0,OFF,OFF,OFF,ON,Gasoline,0.988,OFF,OFF,0.684,ON,1.250,14.902,19,0,0.742,0.742,2.305,0.742,0.918,2.031,46.275,0,14.902,89,0.039,0.066,OFF,ECT 5th,NA,OFF,96.822,96.932,13.333,0,Not Avl,0,0,0,0,ON,ON,0,0,4
211,0,14.102,Not Avl,Compl,Compl,Unable,OFF,Not Avl,Compl,Compl,Unable,OFF,42.188,57.031,26.875,27.500,19.531,39.551,15.686,31.765,0.781,1.582,ON,0,OFF,ON,ON,0.997,0.997,0.004,-0.012,3.308,3.274,0,96,51199.219,13.828,24.314,OFF,OFF,OFF,OFF,OFF,OFF,OFF,Avail,Incmpl,Incmpl,Enable,Avail,422.300,215.300,422.300,215.300,ON,Avail,Compl,Enable,78,0,0,0,0,0,0,6,A,0,0,Avail,Incmpl,Incmpl,Enable,OFF,OFF,956,710.750,51199.219,51199.219,51199.219,51199.219,51199.219,51199.219,1GRFE ,33.333,Avail,Compl,Incmpl,Enable,7.996,OFF,OFF,OFF,OFF,ON,ON,Avail,Compl,Enable,Compl,CL,CL,Compl,Unable,Not Avl,Compl,Compl,Enable,OFF,3090,15,582,ON,4.375,8.750,0.098,2229,10,21,-3,OFF,2.344,4.688,3.820,OFF,0,0,78,Avail,Compl,Enable,0,GRN2#  ,ON,0,ACTIVE,ACTIVE,0.967,0.947,0.390,0.175,68.086,58.684,Avail,Compl,Avail,Incmpl,Incmpl,Enable,OBD II (California ARB),OFF,OFF,29.150,-0.769,0,1st,OFF,OFF,OFF,OFF,OFF,OFF,0.781,1.562,ON,OFF,650,0,OFF,OFF,OFF,ON,Gasoline,0.990,OFF,OFF,0.684,ON,1.250,14.902,19,0,0.742,0.742,2.305,0.742,0.918,2.031,46.275,0,14.902,89,0.039,0.066,OFF,ECT 5th,NA,OFF,96.800,96.822,13.333,0,Not Avl,0,0,0,0,ON,ON,0,0,4
212,0,14.086,Not Avl,Compl,Compl,Unable,OFF,Not Avl,Compl,Compl,Unable,OFF,51.562,58.594,26.875,27.500,19.531,39.551,15.686,31.765,0.781,1.582,ON,0,OFF,ON,ON,0.997,0.997,0.008,-0.012,3.313,3.274,0,96,51199.219,13.828,24.314,OFF,OFF,OFF,OFF,OFF,OFF,OFF,Avail,Incmpl,Incmpl,Enable,Avail,422.300,215.300,422.300,215.300,ON,Avail,Compl,Enable,78,0,0,0,0,0,0,6,A,0,0,Avail,Incmpl,Incmpl,Enable,OFF,OFF,957,715.500,51199.219,51199.219,51199.219,51199.219,51199.219,51199.219,1GRFE ,33.333,Avail,Compl,Incmpl,Enable,7.996,OFF,OFF,OFF,OFF,ON,ON,Avail,Compl,Enable,Compl,CL,CL,Compl,Unable,Not Avl,Compl,Compl,Enable,OFF,3090,15,593,ON,4.375,8.750,0.098,2222,10,21,-3,OFF,2.344,4.688,3.790,OFF,0,0,78,Avail,Compl,Enable,0,GRN2#  ,ON,0,ACTIVE,ACTIVE,0.972,0.947,0.410,0.175,68.410,58.684,Avail,Compl,Avail,Incmpl,Incmpl,Enable,OBD II (California ARB),OFF,OFF,29.395,-0.769,0,1st,OFF,OFF,OFF,OFF,OFF,OFF,0.781,1.562,ON,OFF,650,0,OFF,OFF,OFF,ON,Gasoline,0.990,OFF,OFF,0.684,ON,1.250,14.902,19,0,0.742,0.742,2.305,0.742,0.918,2.031,46.275,0,14.902,89,0.039,0.066,OFF,ECT 5th,NA,OFF,96.800,96.800,13.333,0,Not Avl,0,0,0,0,ON,ON,0,0,4
213,0,14.102,Not Avl,Compl,Compl,Unable,OFF,Not Avl,Compl,Compl,Unable,OFF,54.688,53.125,26.875,27.500,19.531,39.551,15.686,31.765,0.781,1.582,ON,0,OFF,ON,ON,0.997,0.998,0.012,-0.012,3.318,3.279,0,96,51199.219,13.828,24.314,OFF,OFF,OFF,OFF,OFF,OFF,OFF,Avail,Incmpl,Incmpl,Enable,Avail,422.300,215.100,422.300,215.100,ON,Avail,Compl,Enable,78,0,0,0,0,0,0,6,A,0,0,Avail,Incmpl,Incmpl,Enable,OFF,OFF,957,715.500,51199.219,51199.219,51199.219,51199.219,51199.219,51199.219,1GRFE ,33.725,Avail,Compl,Incmpl,Enable,7.996,OFF,OFF,OFF,OFF,ON,ON,Avail,Compl,Enable,Compl,CL,CL,Compl,Unable,Not Avl,Compl,Compl,Enable,OFF,3090,15,2,ON,4.375,8.750,0.098,2222,10,21,-3,OFF,2.344,4.688,3.820,OFF,0,0,82,Avail,Compl,Enable,0,GRN2#  ,ON,0,ACTIVE,ACTIVE,0.967,0.947,0.425,0.175,68.410,58.684,Avail,Compl,Avail,Incmpl,Incmpl,Enable,OBD II (California ARB),OFF,OFF,29.395,-0.769,0,1st,OFF,OFF,OFF,OFF,OFF,OFF,0.781,1.562,ON,OFF,650,0,OFF,OFF,OFF,ON,Gasoline,0.991,OFF,OFF,0.684,ON,1.250,14.902,19,0,0.742,0.742,2.305,0.742,0.918,2.031,46.275,0,14.902,89,0.039,0.066,OFF,ECT 5th,NA,OFF,96.778,96.646,13.333,0,Not Avl,0,0,0,0,ON,ON,0,0,4
214,0,14.102,Not Avl,Compl,Compl,Unable,OFF,Not Avl,Compl,Compl,Unable,OFF,57.031,46.094,26.875,27.500,19.531,39.551,15.686,31.765,0.781,1.582,ON,0,OFF,ON,ON,0.998,0.999,0.020,-0.004,3.332,3.288,0,96,51199.219,13.828,24.314,OFF,OFF,OFF,OFF,OFF,OFF,OFF,Avail,Incmpl,Incmpl,Enable,Avail,422.300,215.100,422.300,215.100,ON,Avail,Compl,Enable,78,0,0,0,0,0,0,6,A,0,0,Avail,Incmpl,Incmpl,Enable,OFF,OFF,957,714,51199.219,51199.219,51199.219,51199.219,51199.219,51199.219,1GRFE ,33.333,Avail,Compl,Incmpl,Enable,7.996,OFF,OFF,OFF,OFF,ON,ON,Avail,Compl,Enable,Compl,CL,CL,Compl,Unable,Not Avl,Compl,Compl,Enable,OFF,3090,15,14,ON,4.375,8.750,0.098,2226,10,21,-3,OFF,2.344,4.688,3.790,OFF,0,0,82,Avail,Compl,Enable,0,GRN2#  ,ON,0,ACTIVE,ACTIVE,0.967,0.947,0.425,0.175,68.410,58.684,Avail,Compl,Avail,Incmpl,Incmpl,Enable,OBD II (California ARB),OFF,OFF,29.150,-0.769,0,1st,OFF,OFF,OFF,OFF,OFF,OFF,0.781,1.562,ON,OFF,650,0,OFF,OFF,OFF,ON,Gasoline,0.992,OFF,OFF,0.684,ON,1.250,14.902,19,0,0.742,0.742,2.305,0.742,0.918,2.031,46.275,0,14.902,89,0.039,0.066,OFF,ECT 5th,NA,OFF,96.800,96.778,13.333,0,Not Avl,0,0,0,0,ON,ON,0,0,4
215,0,14.102,Not Avl,Compl,Compl,Unable,OFF,Not Avl,Compl,Compl,Unable,OFF,58.594,41.406,26.875,27.500,19.531,39.551,15.686,31.765,0.781,1.582,ON,0,OFF,ON,ON,0.994,1.000,0,0,3.303,3.293,0,96,51199.219,13.828,24.314,OFF,OFF,OFF,OFF,OFF,OFF,OFF,Avail,Incmpl,Incmpl,Enable,Avail,422.300,215.100,422.300,215.100,ON,Avail,Compl,Enable,78,0,0,0,0,0,0,6,A,0,0,Avail,Incmpl,Incmpl,Enable,OFF,OFF,958,713.250,51199.219,51199.219,51199.219,51199.219,51199.219,51199.219,1GRFE ,33.333,Avail,Compl,Incmpl,Enable,7.996,OFF,OFF,OFF,OFF,ON,ON,Avail,Compl,Enable,Compl,CL,CL,Compl,Unable,Not Avl,Compl,Compl,Enable,OFF,3090,15,24,ON,4.375,8.750,0.097,2236,10,21,-3,OFF,2.344,4.688,3.790,OFF,0,0,82,Avail,Compl,Enable,0,GRN2#  ,ON,0,ACTIVE,ACTIVE,0.967,0.947,0.445,0.175,68.410,58.359,Avail,Compl,Avail,Incmpl,Incmpl,Enable,OBD II (California ARB),OFF,OFF,29.150,-0.769,0,1st,OFF,OFF,OFF,OFF,OFF,OFF,0.781,1.562,ON,OFF,650,0,OFF,OFF,OFF,ON,Gasoline,0.993,OFF,OFF,0.684,ON,1.250,14.902,19,0,0.742,0.742,2.305,0.742,0.918,2.031,46.275,0,14.902,89,0.039,0.066,OFF,ECT 5th,NA,OFF,96.800,96.822,13.333,0,Not Avl,0,0,0,0,ON,ON,0,0,4
216,0,14.110,Not Avl,Compl,Compl,Unable,OFF,Not Avl,Compl,Compl,Unable,OFF,58.594,39.844,26.875,27.500,19.531,39.551,15.686,31.765,0.781,1.582,ON,0,OFF,ON,ON,0.996,0.999,0.012,-0.004,3.318,3.288,0,96,51199.219,13.847,24.314,OFF,OFF,OFF,OFF,OFF,OFF,OFF,Avail,Incmpl,Incmpl,Enable,Avail,422.300,214.900,422.300,214.900,ON,Avail,Compl,Enable,78,0,0,0,0,0,0,6,A,0,0,Avail,Incmpl,Incmpl,Enable,OFF,OFF,958,712.500,51199.219,51199.219,51199.219,51199.219,51199.219,51199.219,1GRFE ,33.725,Avail,Compl,Incmpl,Enable,7.996,OFF,OFF,OFF,OFF,ON,ON,Avail,Compl,Enable,Compl,CL,CL,Compl,Unable,Not Avl,Compl,Compl,Enable,OFF,3090,15,35,ON,4.375,8.750,0.097,2225,10,21,-3,OFF,2.344,4.688,3.790,OFF,0,0,76,Avail,Compl,Enable,0,GRN2#  ,ON,0,ACTIVE,ACTIVE,0.972,0.947,0.445,0.175,68.410,58.684,Avail,Compl,Avail,Incmpl,Incmpl,Enable,OBD II (California ARB),OFF,OFF,29.279,-0.769,0,1st,OFF,OFF,OFF,OFF,OFF,OFF,0.781,1.562,ON,OFF,650,0,OFF,OFF,OFF,ON,Gasoline,0.995,OFF,OFF,0.684,ON,1.250,14.902,19,0,0.742,0.742,2.305,0.742,0.918,2.031,46.275,0,14.902,89,0.035,0.066,OFF,ECT 5th,NA,OFF,96.778,96.668,13.333,0,Not Avl,0,0,0,0,ON,ON,0,0,4
217,0,14.097,Not Avl,Compl,Compl,Unable,OFF,Not Avl,Compl,Compl,Unable,OFF,49.219,38.281,26.875,27.500,19.531,39.551,15.686,31.765,0.781,1.582,ON,0,OFF,ON,ON,0.996,0.999,0.012,-0.008,3.318,3.283,0,96,51199.219,13.828,24.314,OFF,OFF,OFF,OFF,OFF,OFF,OFF,Avail,Incmpl,Incmpl,Enable,Avail,422.300,214.900,422.300,214.900,ON,Avail,Compl,Enable,78,0,0,0,0,0,0,6,A,0,0,Avail,Incmpl,Incmpl,Enable,OFF,OFF,958,709.250,51199.219,51199.219,51199.219,51199.219,51199.219,51199.219,1GRFE ,33.333,Avail,Compl,Incmpl,Enable,7.996,OFF,OFF,OFF,OFF,ON,ON,Avail,Compl,Enable,Compl,CL,CL,Compl,Unable,Not Avl,Compl,Compl,Enable,OFF,3090,15,46,ON,4.375,8.750,0.097,2236,10,21,-3,OFF,2.344,4.688,3.790,OFF,0,0,76,Avail,Compl,Enable,0,GRN2#  ,ON,0,ACTIVE,ACTIVE,0.967,0.942,0.465,0.175,68.410,58.684,Avail,Compl,Avail,Incmpl,Incmpl,Enable,OBD II (California ARB),OFF,OFF,29.150,-0.769,0,1st,OFF,OFF,OFF,OFF,OFF,OFF,0.781,1.562,ON,OFF,650,0,OFF,OFF,OFF,ON,Gasoline,0.995,OFF,OFF,0.684,ON,1.250,14.902,19,0,0.742,0.742,2.305,0.742,0.918,2.031,46.275,0,14.902,89,0.035,0.066,OFF,ECT 5th,NA,OFF,96.800,96.734,13.333,0,Not Avl,0,0,0,0,ON,ON,0,0,4
218,0,14.111,Not Avl,Compl,Compl,Unable,OFF,Not Avl,Compl,Compl,Unable,OFF,43.750,38.281,26.875,27.500,19.531,39.551,15.686,31.765,0.781,1.582,ON,0,OFF,ON,ON,0.996,0.997,0.012,-0.012,3.318,3.279,0,96,51199.219,13.847,24.314,OFF,OFF,OFF,OFF,OFF,OFF,OFF,Avail,Incmpl,Incmpl,Enable,Avail,422.300,214.900,422.300,214.900,ON,Avail,Compl,Enable,78,0,0,0,0,0,0,6,A,0,0,Avail,Incmpl,Incmpl,Enable,OFF,OFF,959,711.500,51199.219,51199.219,51199.219,51199.219,51199.219,51199.219,1GRFE ,33.333,Avail,Compl,Incmpl,Enable,7.996,OFF,OFF,OFF,OFF,ON,ON,Avail,Compl,Enable,Compl,CL,CL,Compl,Unable,Not Avl,Compl,Compl,Enable,OFF,3090,15,56,ON,4.375,8.750,0.097,2211,10,21,-3,OFF,2.344,4.688,3.790,OFF,0,0,76,Avail,Compl,Enable,0,GRN2#  ,ON,0,ACTIVE,ACTIVE,0.967,0.947,0.465,0.175,68.734,58.684,Avail,Compl,Avail,Incmpl,Incmpl,Enable,OBD II (California ARB),OFF,OFF,29.395,-0.769,0,1st,OFF,OFF,OFF,OFF,OFF,OFF,0.781,1.562,ON,OFF,650,0,OFF,OFF,OFF,ON,Gasoline,0.997,OFF,OFF,0.684,ON,1.250,14.902,19,0,0.742,0.742,2.305,0.742,0.918,2.031,46.275,0,14.902,89,0.035,0.066,OFF,ECT 5th,NA,OFF,96.800,96.844,13.333,0,Not Avl,0,0,0,0,ON,ON,0,0,4
219,0,14.102,Not Avl,Compl,Compl,Unable,OFF,Not Avl,Compl,Compl,Unable,OFF,40.625,38.281,26.875,27.500,19.531,39.551,15.686,31.765,0.781,1.582,ON,0,OFF,ON,ON,0.998,0.998,0.023,-0.008,3.337,3.283,0,96,51199.219,13.847,24.314,OFF,OFF,OFF,OFF,OFF,OFF,OFF,Avail,Incmpl,Incmpl,Enable,Avail,422.300,214.900,422.300,214.900,ON,Avail,Compl,Enable,78,0,0,0,0,0,0,6,A,0,0,Avail,Incmpl,Incmpl,Enable,OFF,OFF,959,714,51199.219,51199.219,51199.219,51199.219,51199.219,51199.219,1GRFE ,33.333,Avail,Compl,Incmpl,Enable,7.996,OFF,OFF,OFF,OFF,ON,ON,Avail,Compl,Enable,Compl,CL,CL,Compl,Unable,Not Avl,Compl,Compl,Enable,OFF,3090,15,67,ON,4.375,8.750,0.097,2222,10,21,-3,OFF,2.344,4.688,3.790,OFF,0,0,76,Avail,Compl,Enable,0,GRN2#  ,ON,0,ACTIVE,ACTIVE,0.967,0.947,0.485,0.175,68.410,58.684,Avail,Compl,Avail,Incmpl,Incmpl,Enable,OBD II (California ARB),OFF,OFF,29.279,-0.769,0,1st,OFF,OFF,OFF,OFF,OFF,OFF,0.781,1.562,ON,OFF,650,0,OFF,OFF,OFF,ON,Gasoline,0.997,OFF,OFF,0.684,ON,1.250,14.902,19,0,0.742,0.742,2.305,0.742,0.918,2.031,46.275,0,14.902,89,0.035,0.066,OFF,ECT 5th,NA,OFF,96.778,96.690,13.333,0,Not Avl,0,0,0,0,ON,ON,0,0,4
220,0,14.111,Not Avl,Compl,Compl,Unable,OFF,Not Avl,Compl,Compl,Unable,OFF,39.062,38.281,26.875,27.500,19.531,39.551,15.686,31.765,0.781,1.582,ON,0,OFF,ON,ON,1.001,0.999,0.027,-0.004,3.347,3.288,0,96,51199.219,13.828,24.314,OFF,OFF,OFF,OFF,OFF,OFF,OFF,Avail,Incmpl,Incmpl,Enable,Avail,422.300,214.800,422.300,214.800,ON,Avail,Compl,Enable,78,0,0,0,0,0,0,6,A,0,0,Avail,Incmpl,Incmpl,Enable,OFF,OFF,959,713.250,51199.219,51199.219,51199.219,51199.219,51199.219,51199.219,1GRFE ,33.333,Avail,Compl,Incmpl,Enable,7.996,OFF,OFF,OFF,OFF,ON,ON,Avail,Compl,Enable,Compl,CL,CL,Compl,Unable,Not Avl,Compl,Compl,Enable,OFF,3090,15,78,ON,4.375,8.750,0.097,2232,10,21,-3,OFF,2.344,4.688,3.790,OFF,0,0,83,Avail,Compl,Enable,0,GRN2#  ,ON,0,ACTIVE,ACTIVE,0.972,0.947,0.505,0.175,68.086,58.684,Avail,Compl,Avail,Incmpl,Incmpl,Enable,OBD II (California ARB),OFF,OFF,29.279,-0.769,0,1st,OFF,OFF,OFF,OFF,OFF,OFF,0.781,1.562,ON,OFF,650,0,OFF,OFF,OFF,ON,Gasoline,0.998,OFF,OFF,0.684,ON,1.250,14.902,19,0,0.742,0.742,2.305,0.742,0.918,2.031,46.275,0,14.902,89,0.035,0.066,OFF,ECT 5th,NA,OFF,96.778,96.690,13.333,0,Not Avl,0,0,0,0,ON,ON,0,0,4
221,0,14.087,Not Avl,Compl,Compl,Unable,OFF,Not Avl,Compl,Compl,Unable,OFF,38.281,38.281,26.875,27.500,19.531,39.551,15.686,31.765,0.781,1.582,ON,0,OFF,ON,ON,1.000,1.001,0.027,0,3.347,3.293,0,96,51199.219,13.847,24.314,OFF,OFF,OFF,OFF,OFF,OFF,OFF,Avail,Incmpl,Incmpl,Enable,Avail,422.300,214.800,422.300,214.800,ON,Avail,Compl,Enable,78,0,0,0,0,0,0,6,A,0,0,Avail,Incmpl,Incmpl,Enable,OFF,OFF,959,707.750,51199.219,51199.219,51199.219,51199.219,51199.219,51199.219,1GRFE ,33.725,Avail,Compl,Incmpl,Enable,7.996,OFF,OFF,OFF,OFF,ON,ON,Avail,Compl,Enable,Compl,CL,CL,Compl,Unable,Not Avl,Compl,Compl,Enable,OFF,3090,15,89,ON,4.375,8.750,0.097,2240,10,21,-3,OFF,2.344,4.688,3.790,OFF,0,0,83,Avail,Compl,Enable,0,GRN2#  ,ON,0,ACTIVE,ACTIVE,0.972,0.947,0.525,0.175,68.410,58.684,Avail,Compl,Avail,Incmpl,Incmpl,Enable,OBD II (California ARB),OFF,OFF,29.279,-0.769,0,1st,OFF,OFF,OFF,OFF,OFF,OFF,0.781,1.562,ON,OFF,650,0,OFF,OFF,OFF,ON,Gasoline,0.997,OFF,OFF,0.684,ON,1.250,14.902,19,0,0.742,0.742,2.305,0.742,0.918,2.031,46.275,0,14.902,89,0.035,0.066,OFF,ECT 5th,NA,OFF,96.800,96.866,13.333,0,Not Avl,0,0,0,0,ON,ON,0,0,4
222,0,14.102,Not Avl,Compl,Compl,Unable,OFF,Not Avl,Compl,Compl,Unable,OFF,38.281,38.281,26.875,27.500,19.531,39.551,15.686,31.765,0.781,1.582,ON,0,OFF,ON,ON,0.999,1.000,0.023,-0.004,3.342,3.288,0,96,51199.219,13.847,24.314,OFF,OFF,OFF,OFF,OFF,OFF,OFF,Avail,Incmpl,Incmpl,Enable,Avail,422.300,214.800,422.300,214.800,ON,Avail,Compl,Enable,78,0,0,0,0,0,0,6,A,0,0,Avail,Incmpl,Incmpl,Enable,OFF,OFF,960,707.750,51199.219,51199.219,51199.219,51199.219,51199.219,51199.219,1GRFE ,33.333,Avail,Compl,Incmpl,Enable,7.996,OFF,OFF,OFF,OFF,ON,ON,Avail,Compl,Enable,Compl,CL,CL,Compl,Unable,Not Avl,Compl,Compl,Enable,OFF,3090,15,105,ON,4.375,8.750,0.097,2225,10,21,-3,OFF,2.344,4.688,3.790,OFF,0,0,83,Avail,Compl,Enable,0,GRN2#  ,ON,0,ACTIVE,ACTIVE,0.972,0.947,0.525,0.175,68.410,58.684,Avail,Compl,Avail,Incmpl,Incmpl,Enable,OBD II (California ARB),OFF,OFF,29.279,-0.769,0,1st,OFF,OFF,OFF,OFF,OFF,OFF,0.781,1.562,ON,OFF,650,0,OFF,OFF,OFF,ON,Gasoline,0.997,OFF,OFF,0.684,ON,1.250,14.902,19,0,0.742,0.742,2.305,0.742,0.918,2.031,46.275,0,14.902,89,0.035,0.066,OFF,ECT 5th,NA,OFF,96.800,96.734,13.333,0,Not Avl,0,0,0,0,ON,ON,0,0,4
223,0,14.099,Not Avl,Compl,Compl,Unable,OFF,Not Avl,Compl,Compl,Unable,OFF,38.281,38.281,26.875,27.500,19.531,39.551,15.686,31.765,0.781,1.582,ON,0,OFF,ON,ON,0.998,1.000,0.039,0.008,3.337,3.293,0,96,51199.219,13.828,24.314,OFF,OFF,OFF,OFF,OFF,OFF,OFF,Avail,Incmpl,Incmpl,Enable,Avail,422.300,214.600,422.300,214.600,ON,Avail,Compl,Enable,78,0,0,0,0,0,0,6,A,0,0,Avail,Incmpl,Incmpl,Enable,OFF,OFF,960,710,51199.219,51199.219,51199.219,51199.219,51199.219,51199.219,1GRFE ,33.333,Avail,Compl,Incmpl,Enable,7.996,OFF,OFF,OFF,OFF,ON,ON,Avail,Compl,Enable,Compl,CL,CL,Compl,Unable,Not Avl,Compl,Compl,Enable,OFF,3090,15,118,ON,4.375,8.750,0.097,2225,10,21,-3,OFF,2.344,4.688,3.790,OFF,0,0,79,Avail,Compl,Enable,0,GRN2#  ,ON,0,ACTIVE,ACTIVE,0.967,0.947,0.545,0.175,68.086,58.684,Avail,Compl,Avail,Incmpl,Incmpl,Enable,OBD II (California ARB),OFF,OFF,29.150,-0.769,0,1st,OFF,OFF,OFF,OFF,OFF,OFF,0.781,1.562,ON,OFF,650,0,OFF,OFF,OFF,ON,Gasoline,0.997,OFF,OFF,0.684,ON,1.250,14.902,19,0,0.742,0.742,2.305,0.742,0.918,2.031,46.275,0,14.902,89,0.035,0.066,OFF,ECT 5th,NA,OFF,96.778,96.646,13.333,0,Not Avl,0,0,0,0,ON,ON,0,0,4
224,0,14.110,Not Avl,Compl,Compl,Unable,OFF,Not Avl,Compl,Compl,Unable,OFF,43.750,38.281,26.875,27.500,19.531,39.551,15.686,31.765,0.781,1.582,ON,0,OFF,ON,ON,0.999,1.000,0.043,0.004,3.347,3.288,0,96,51199.219,13.828,24.314,OFF,OFF,OFF,OFF,OFF,OFF,OFF,Avail,Incmpl,Incmpl,Enable,Avail,422.300,214.600,422.300,214.600,ON,Avail,Compl,Enable,78,0,0,0,0,0,0,6,A,0,0,Avail,Incmpl,Incmpl,Enable,OFF,OFF,961,714,51199.219,51199.219,51199.219,51199.219,51199.219,51199.219,1GRFE ,33.333,Avail,Compl,Incmpl,Enable,7.996,OFF,OFF,OFF,OFF,ON,ON,Avail,Compl,Enable,Compl,CL,CL,Compl,Unable,Not Avl,Compl,Compl,Enable,OFF,3090,15,132,ON,4.375,8.750,0.097,2218,10,21,-3,OFF,2.344,4.688,3.790,OFF,0,0,79,Avail,Compl,Enable,0,GRN2#  ,ON,0,ACTIVE,ACTIVE,0.972,0.947,0.565,0.175,69.059,58.684,Avail,Compl,Avail,Incmpl,Incmpl,Enable,OBD II (California ARB),OFF,OFF,29.150,-0.769,0,1st,OFF,OFF,OFF,OFF,OFF,OFF,0.781,1.562,ON,OFF,650,0,OFF,OFF,OFF,ON,Gasoline,0.997,OFF,OFF,0.684,ON,1.250,14.902,19,0,0.742,0.742,2.305,0.742,0.918,2.031,46.275,0,14.902,89,0.035,0.066,OFF,ECT 5th,NA,OFF,96.778,96.756,13.333,0,Not Avl,0,0,0,0,ON,ON,0,0,4
225,0,14.105,Not Avl,Compl,Compl,Unable,OFF,Not Avl,Compl,Compl,Unable,OFF,44.531,47.656,26.875,27.500,19.531,39.551,15.686,31.765,0.781,1.582,ON,0,OFF,ON,ON,0.995,1.001,0.012,0,3.322,3.293,0,96,51199.219,13.828,24.314,OFF,OFF,OFF,OFF,OFF,OFF,OFF,Avail,Incmpl,Incmpl,Enable,Avail,422.300,214.400,422.300,214.400,ON,Avail,Compl,Enable,78,0,0,0,0,0,0,6,A,0,0,Avail,Incmpl,Incmpl,Enable,OFF,OFF,961,711.500,51199.219,51199.219,51199.219,51199.219,51199.219,51199.219,1GRFE ,33.725,Avail,Compl,Incmpl,Enable,7.996,OFF,OFF,OFF,OFF,ON,ON,Avail,Compl,Enable,Compl,CL,CL,Compl,Unable,Not Avl,Compl,Compl,Enable,OFF,3090,15,146,ON,4.375,8.750,0.097,2233,10,21,-3,OFF,2.344,4.688,3.840,OFF,0,0,67,Avail,Compl,Enable,0,GRN2#  ,ON,0,ACTIVE,ACTIVE,0.967,0.947,0.565,0.175,68.410,57.711,Avail,Compl,Avail,Incmpl,Incmpl,Enable,OBD II (California ARB),OFF,OFF,29.150,-0.769,0,1st,OFF,OFF,OFF,OFF,OFF,OFF,0.781,2.344,ON,OFF,650,0,OFF,OFF,OFF,ON,Gasoline,0.997,OFF,OFF,0.684,ON,1.250,14.902,19,0,0.742,0.742,2.305,0.742,0.918,2.031,46.275,0,14.902,89,0.035,0.066,OFF,ECT 5th,NA,OFF,96.800,96.866,13.333,0,Not Avl,0,0,0,0,ON,ON,0,0,4
226,0,14.110,Not Avl,Compl,Compl,Unable,OFF,Not Avl,Compl,Compl,Unable,OFF,53.125,54.688,26.875,27.500,19.531,39.551,15.686,31.765,0.781,1.582,ON,0,OFF,ON,ON,0.996,1.000,0.020,-0.008,3.332,3.283,0,96,51199.219,13.828,24.314,OFF,OFF,OFF,OFF,OFF,OFF,OFF,Avail,Incmpl,Incmpl,Enable,Avail,422.300,214.400,422.300,214.400,ON,Avail,Compl,Enable,78,0,0,0,0,0,0,6,A,0,0,Avail,Incmpl,Incmpl,Enable,OFF,OFF,961,710.750,51199.219,51199.219,51199.219,51199.219,51199.219,51199.219,1GRFE ,33.333,Avail,Compl,Incmpl,Enable,7.996,OFF,OFF,OFF,OFF,ON,ON,Avail,Compl,Enable,Compl,CL,CL,Compl,Unable,Not Avl,Compl,Compl,Enable,OFF,3090,15,162,ON,4.375,8.750,0.097,2226,10,21,-3,OFF,2.344,4.688,3.790,OFF,0,0,67,Avail,Compl,Enable,0,GRN2#  ,ON,0,ACTIVE,ACTIVE,0.967,0.947,0.585,0.175,68.086,58.684,Avail,Compl,Avail,Incmpl,Incmpl,Enable,OBD II (California ARB),OFF,OFF,29.150,-0.769,0,1st,OFF,OFF,OFF,OFF,OFF,OFF,0.781,1.562,ON,OFF,650,0,OFF,OFF,OFF,ON,Gasoline,0.999,OFF,OFF,0.684,ON,1.250,14.902,19,0,0.742,0.742,2.305,0.742,0.918,2.031,46.275,0,14.902,89,0.035,0.066,OFF,ECT 5th,NA,OFF,96.822,96.910,13.333,0,Not Avl,0,0,0,0,ON,ON,0,0,4
227,0,14.086,Not Avl,Compl,Compl,Unable,OFF,Not Avl,Compl,Compl,Unable,OFF,56.250,57.812,26.875,27.500,19.531,39.551,15.686,31.765,0.781,1.582,ON,0,OFF,ON,ON,0.996,0.998,0.020,-0.008,3.332,3.283,0,96,51199.219,13.847,24.314,OFF,OFF,OFF,OFF,OFF,OFF,OFF,Avail,Incmpl,Incmpl,Enable,Avail,422.300,214.400,422.300,214.400,ON,Avail,Compl,Enable,78,0,0,0,0,0,0,6,A,0,0,Avail,Incmpl,Incmpl,Enable,OFF,OFF,962,705.250,51199.219,51199.219,51199.219,51199.219,51199.219,51199.219,1GRFE ,33.333,Avail,Compl,Incmpl,Enable,7.996,OFF,OFF,OFF,OFF,ON,ON,Avail,Compl,Enable,Compl,CL,CL,Compl,Unable,Not Avl,Compl,Compl,Enable,OFF,3090,15,175,ON,4.375,8.750,0.097,2229,10,21,-3,OFF,2.344,4.688,3.790,OFF,0,0,67,Avail,Compl,Enable,0,GRN2#  ,ON,0,ACTIVE,ACTIVE,0.972,0.947,0.585,0.175,68.086,58.359,Avail,Compl,Avail,Incmpl,Incmpl,Enable,OBD II (California ARB),OFF,OFF,28.912,-0.769,0,1st,OFF,OFF,OFF,OFF,OFF,OFF,0,1.562,ON,OFF,650,0,OFF,OFF,OFF,ON,Gasoline,1.000,OFF,OFF,0.684,ON,1.250,14.902,19,0,0.742,0.742,2.305,0.742,0.918,2.031,46.275,0,14.902,89,0.035,0.070,OFF,ECT 5th,NA,OFF,96.822,96.932,13.333,0,Not Avl,0,0,0,0,ON,ON,0,0,4
228,0,14.099,Not Avl,Compl,Compl,Unable,OFF,Not Avl,Compl,Compl,Unable,OFF,58.594,53.125,26.875,27.500,19.531,39.551,15.686,31.765,0.781,1.582,ON,0,OFF,ON,ON,0.997,0.997,0.023,-0.012,3.337,3.274,0,96,51199.219,13.847,24.314,OFF,OFF,OFF,OFF,OFF,OFF,OFF,Avail,Incmpl,Incmpl,Enable,Avail,422.300,214.300,422.300,214.300,ON,Avail,Compl,Enable,78,0,0,0,0,0,0,6,A,0,0,Avail,Incmpl,Incmpl,Enable,OFF,OFF,962,703.750,51199.219,51199.219,51199.219,51199.219,51199.219,51199.219,1GRFE ,33.333,Avail,Compl,Incmpl,Enable,7.996,OFF,OFF,OFF,OFF,ON,ON,Avail,Compl,Enable,Compl,CL,CL,Compl,Unable,Not Avl,Compl,Compl,Enable,OFF,3090,15,188,ON,4.375,8.750,0.097,2236,10,21,-3,OFF,2.344,4.688,3.810,OFF,0,0,75,Avail,Compl,Enable,0,GRN2#  ,ON,0,ACTIVE,ACTIVE,0.972,0.947,0.605,0.175,68.086,58.684,Avail,Compl,Avail,Incmpl,Incmpl,Enable,OBD II (California ARB),OFF,OFF,29.279,-0.769,0,1st,OFF,OFF,OFF,OFF,OFF,OFF,0,1.562,ON,OFF,650,0,OFF,OFF,OFF,ON,Gasoline,1.000,OFF,OFF,0.684,ON,1.250,14.902,19,0,0.742,0.742,2.305,0.742,0.918,2.031,46.275,0,14.902,89,0.031,0.070,OFF,ECT 5th,NA,OFF,96.800,96.910,13.333,0,Not Avl,0,0,0,0,ON,ON,0,0,4
229,0,14.102,Not Avl,Compl,Compl,Unable,OFF,Not Avl,Compl,Compl,Unable,OFF,49.219,43.750,26.875,27.500,19.531,39.551,15.686,31.765,0.781,1.582,ON,0,OFF,ON,ON,0.998,0.997,0.023,-0.012,3.342,3.279,0,96,51199.219,13.847,24.314,OFF,OFF,OFF,OFF,OFF,OFF,OFF,Avail,Incmpl,Incmpl,Enable,Avail,422.300,214.300,422.300,214.300,ON,Avail,Compl,Enable,78,0,0,0,0,0,0,6,A,0,0,Avail,Incmpl,Incmpl,Enable,OFF,OFF,963,707.750,51199.219,51199.219,51199.219,51199.219,51199.219,51199.219,1GRFE ,33.333,Avail,Compl,Incmpl,Enable,7.996,OFF,OFF,OFF,OFF,ON,ON,Avail,Compl,Enable,Compl,CL,CL,Compl,Unable,Not Avl,Compl,Compl,Enable,OFF,3090,15,203,ON,4.375,8.750,0.097,2236,10,21,-3,OFF,2.344,4.688,3.810,OFF,0,0,75,Avail,Compl,Enable,0,GRN2#  ,ON,0,ACTIVE,ACTIVE,0.967,0.947,0.605,0.175,68.410,58.684,Avail,Compl,Avail,Incmpl,Incmpl,Enable,OBD II (California ARB),OFF,OFF,29.150,-0.769,0,1st,OFF,OFF,OFF,OFF,OFF,OFF,0.781,1.562,ON,OFF,650,0,OFF,OFF,OFF,ON,Gasoline,1.000,OFF,OFF,0.684,ON,1.250,14.902,19,0,0.742,0.742,2.305,0.742,0.918,2.031,46.275,0,14.902,89,0.031,0.066,OFF,ECT 5th,NA,OFF,96.778,96.646,13.333,0,Not Avl,0,0,0,0,ON,ON,0,0,4
230,0,14.120,Not Avl,Compl,Compl,Unable,OFF,Not Avl,Compl,Compl,Unable,OFF,42.188,39.844,26.875,27.500,19.531,39.551,15.686,31.765,0.781,1.582,ON,0,OFF,ON,ON,1.001,0.997,0.031,-0.012,3.352,3.274,0,96,51199.219,13.828,24.314,OFF,OFF,OFF,OFF,OFF,OFF,OFF,Avail,Incmpl,Incmpl,Enable,Avail,422.300,214.300,422.300,214.300,ON,Avail,Compl,Enable,78,0,0,0,0,0,0,6,A,0,0,Avail,Incmpl,Incmpl,Enable,OFF,OFF,963,717.750,51199.219,51199.219,51199.219,51199.219,51199.219,51199.219,1GRFE ,33.333,Avail,Compl,Incmpl,Enable,7.996,OFF,OFF,OFF,OFF,ON,ON,Avail,Compl,Enable,Compl,CL,CL,Compl,Unable,Not Avl,Compl,Compl,Enable,OFF,3090,15,216,ON,4.375,8.750,0.098,2200,10,21,-3,OFF,2.344,4.688,3.790,OFF,0,0,75,Avail,Compl,Enable,0,GRN2#  ,ON,0,ACTIVE,ACTIVE,0.972,0.947,0.605,0.175,67.762,59.008,Avail,Compl,Avail,Incmpl,Incmpl,Enable,OBD II (California ARB),OFF,OFF,29.395,-0.769,0,1st,OFF,OFF,OFF,OFF,OFF,OFF,0.781,1.562,ON,OFF,650,0,OFF,OFF,OFF,ON,Gasoline,1.000,OFF,OFF,0.684,ON,1.250,14.902,19,0,0.742,0.742,2.305,0.742,0.918,2.031,46.275,0,14.902,89,0.031,0.066,OFF,ECT 5th,NA,OFF,96.778,96.712,13.333,0,Not Avl,0,0,0,0,ON,ON,0,0,4
231,0,14.104,Not Avl,Compl,Compl,Unable,OFF,Not Avl,Compl,Compl,Unable,OFF,39.844,38.281,26.875,27.500,19.531,39.551,15.686,31.765,0.781,1.582,ON,0,OFF,ON,ON,1.001,1.000,0.039,-0.004,3.361,3.288,0,96,51199.219,13.847,24.314,OFF,OFF,OFF,OFF,OFF,OFF,OFF,Avail,Incmpl,Incmpl,Enable,Avail,422.300,214.100,422.300,214.100,ON,Avail,Compl,Enable,78,0,0,0,0,0,0,6,A,0,0,Avail,Incmpl,Incmpl,Enable,OFF,OFF,963,710,51199.219,51199.219,51199.219,51199.219,51199.219,51199.219,1GRFE ,33.333,Avail,Compl,Incmpl,Enable,7.996,OFF,OFF,OFF,OFF,ON,ON,Avail,Compl,Enable,Compl,CL,CL,Compl,Unable,Not Avl,Compl,Compl,Enable,OFF,3090,15,229,ON,4.375,8.750,0.098,2222,10,21,-3,OFF,2.344,4.688,3.790,OFF,0,0,84,Avail,Compl,Enable,0,GRN2#  ,ON,0,ACTIVE,ACTIVE,0.967,0.947,0.625,0.175,68.410,58.684,Avail,Compl,Avail,Incmpl,Incmpl,Enable,OBD II (California ARB),OFF,OFF,28.912,-0.769,0,1st,OFF,OFF,OFF,OFF,OFF,OFF,0.781,1.562,ON,OFF,650,0,OFF,OFF,OFF,ON,Gasoline,0.999,OFF,OFF,0.684,ON,1.250,14.902,19,0,0.742,0.742,2.305,0.742,0.918,2.031,46.275,0,14.902,89,0.031,0.066,OFF,ECT 5th,NA,OFF,96.778,96.668,13.333,0,Not Avl,0,0,0,0,ON,ON,0,0,4
232,0,14.102,Not Avl,Compl,Compl,Unable,OFF,Not Avl,Compl,Compl,Unable,OFF,38.281,38.281,26.875,27.500,19.531,39.551,15.686,31.765,0.781,1.582,ON,0,OFF,ON,ON,0.999,0.998,0.031,-0.012,3.352,3.279,0,96,51199.219,13.847,24.314,OFF,OFF,OFF,OFF,OFF,OFF,OFF,Avail,Incmpl,Incmpl,Enable,Avail,422.300,214.100,422.300,214.100,ON,Avail,Compl,Enable,78,0,0,0,0,0,0,6,A,0,0,Avail,Incmpl,Incmpl,Enable,OFF,OFF,964,710,51199.219,51199.219,51199.219,51199.219,51199.219,51199.219,1GRFE ,33.333,Avail,Compl,Incmpl,Enable,7.996,OFF,OFF,OFF,OFF,ON,ON,Avail,Compl,Enable,Compl,CL,CL,Compl,Unable,Not Avl,Compl,Compl,Enable,OFF,3090,15,239,ON,4.375,8.750,0.098,2222,10,21,-3,OFF,2.344,4.688,3.820,OFF,0,0,84,Avail,Compl,Enable,0,GRN2#  ,ON,0,ACTIVE,ACTIVE,0.972,0.947,0.625,0.195,68.410,58.684,Avail,Compl,Avail,Incmpl,Incmpl,Enable,OBD II (California ARB),OFF,OFF,28.912,-0.769,0,1st,OFF,OFF,OFF,OFF,OFF,OFF,0.781,1.562,ON,OFF,650,0,OFF,OFF,OFF,ON,Gasoline,0.999,OFF,OFF,0.684,ON,1.250,14.902,19,0,0.742,0.742,2.305,0.742,0.918,2.031,46.275,0,14.902,89,0.031,0.066,OFF,ECT 5th,NA,OFF,96.822,96.866,13.333,0,Not Avl,0,0,0,0,ON,ON,0,0,4
233,0,14.100,Not Avl,Compl,Compl,Unable,OFF,Not Avl,Compl,Compl,Unable,OFF,38.281,38.281,26.875,27.500,19.531,39.551,15.686,31.765,0.781,1.582,ON,0,OFF,ON,ON,1.000,0.999,0.035,-0.008,3.357,3.283,0,96,51199.219,13.847,24.314,OFF,OFF,OFF,OFF,OFF,OFF,OFF,Avail,Incmpl,Incmpl,Enable,Avail,422.300,214.100,422.300,214.100,ON,Avail,Compl,Enable,78,0,0,0,0,0,0,6,A,0,0,Avail,Incmpl,Incmpl,Enable,OFF,OFF,964,711.500,51199.219,51199.219,51199.219,51199.219,51199.219,51199.219,1GRFE ,33.725,Avail,Compl,Incmpl,Enable,7.996,OFF,OFF,OFF,OFF,ON,ON,Avail,Compl,Enable,Compl,CL,CL,Compl,Unable,Not Avl,Compl,Compl,Enable,OFF,3090,15,250,ON,4.375,8.750,0.098,2236,10,21,-3,OFF,2.344,4.688,3.810,OFF,0,0,84,Avail,Compl,Enable,0,GRN2#  ,ON,0,ACTIVE,ACTIVE,0.967,0.947,0.625,0.195,68.410,58.684,Avail,Compl,Avail,Incmpl,Incmpl,Enable,OBD II (California ARB),OFF,OFF,29.279,-0.769,0,1st,OFF,OFF,OFF,OFF,OFF,OFF,0.781,1.562,ON,OFF,650,0,OFF,OFF,OFF,ON,Gasoline,0.999,OFF,OFF,0.684,ON,1.250,14.902,19,0,0.742,0.742,2.305,0.742,0.918,2.031,46.275,0,14.902,89,0.031,0.066,OFF,ECT 5th,NA,OFF,96.778,96.756,13.333,0,Not Avl,0,0,0,0,ON,ON,0,0,4
234,0,14.099,Not Avl,Compl,Compl,Unable,OFF,Not Avl,Compl,Compl,Unable,OFF,38.281,38.281,26.875,27.500,19.531,39.551,15.686,31.765,0.781,1.582,ON,0,OFF,ON,ON,0.999,0.999,0.020,-0.012,3.347,3.283,0,96,51199.219,13.847,24.314,OFF,OFF,OFF,OFF,OFF,OFF,OFF,Avail,Incmpl,Incmpl,Enable,Avail,422.300,214,422.300,214,ON,Avail,Compl,Enable,78,0,0,0,0,0,0,6,A,0,0,Avail,Incmpl,Incmpl,Enable,OFF,OFF,964,708.500,51199.219,51199.219,51199.219,51199.219,51199.219,51199.219,1GRFE ,33.333,Avail,Compl,Incmpl,Enable,7.996,OFF,OFF,OFF,OFF,ON,ON,Avail,Compl,Enable,Compl,CL,CL,Compl,Unable,Not Avl,Compl,Compl,Enable,OFF,3090,15,263,ON,4.375,8.750,0.098,2229,10,21,-3,OFF,2.344,4.688,3.790,OFF,0,0,82,Avail,Compl,Enable,0,GRN2#  ,ON,0,ACTIVE,ACTIVE,0.967,0.947,0.625,0.195,68.410,58.684,Avail,Compl,Avail,Incmpl,Incmpl,Enable,OBD II (California ARB),OFF,OFF,29.034,-0.769,0,1st,OFF,OFF,OFF,OFF,OFF,OFF,0.781,1.562,ON,OFF,650,0,OFF,OFF,OFF,ON,Gasoline,0.998,OFF,OFF,0.684,ON,1.328,14.902,19,0,0.742,0.742,2.305,0.742,0.918,2.031,46.275,0,14.902,89,0.031,0.066,OFF,ECT 5th,NA,OFF,96.800,96.866,13.333,0,Not Avl,0,0,0,0,ON,ON,0,0,4
235,0,14.102,Not Avl,Compl,Compl,Unable,OFF,Not Avl,Compl,Compl,Unable,OFF,38.281,38.281,26.875,27.500,19.531,39.551,15.686,31.765,0.781,1.582,ON,0,OFF,ON,ON,0.997,0.998,0.023,-0.012,3.337,3.279,0,96,51199.219,13.847,24.314,OFF,OFF,OFF,OFF,OFF,OFF,OFF,Avail,Incmpl,Incmpl,Enable,Avail,422.300,214,422.300,214,ON,Avail,Compl,Enable,78,0,0,0,0,0,0,6,A,0,0,Avail,Incmpl,Incmpl,Enable,OFF,OFF,965,707.750,51199.219,51199.219,51199.219,51199.219,51199.219,51199.219,1GRFE ,33.333,Avail,Compl,Incmpl,Enable,7.996,OFF,OFF,OFF,OFF,ON,ON,Avail,Compl,Enable,Compl,CL,CL,Compl,Unable,Not Avl,Compl,Compl,Enable,OFF,3090,15,273,ON,4.375,8.750,0.097,2214,10,21,-3,OFF,2.344,4.688,3.810,OFF,0,0,82,Avail,Compl,Enable,0,GRN2#  ,ON,0,ACTIVE,ACTIVE,0.972,0.947,0.605,0.195,68.410,58.684,Avail,Compl,Avail,Incmpl,Incmpl,Enable,OBD II (California ARB),OFF,OFF,29.279,-0.769,0,1st,OFF,OFF,OFF,OFF,OFF,OFF,0.781,1.562,ON,OFF,650,0,OFF,OFF,OFF,ON,Gasoline,0.999,OFF,OFF,0.684,ON,1.328,14.902,19,0,0.742,0.742,2.305,0.742,0.918,2.031,46.275,0,14.902,89,0.031,0.066,OFF,ECT 5th,NA,OFF,96.800,96.822,13.333,0,Not Avl,0,0,0,0,ON,ON,0,0,4
236,0,14.105,Not Avl,Compl,Compl,Unable,OFF,Not Avl,Compl,Compl,Unable,OFF,38.281,38.281,26.875,27.500,19.531,39.551,15.686,31.765,0.781,1.582,ON,0,OFF,ON,ON,0.997,1.001,0.023,0,3.342,3.298,0,96,51199.219,13.828,24.314,OFF,OFF,OFF,OFF,OFF,OFF,OFF,Avail,Incmpl,Incmpl,Enable,Avail,422.300,214,422.300,214,ON,Avail,Compl,Enable,78,0,0,0,0,0,0,6,A,0,0,Avail,Incmpl,Incmpl,Enable,OFF,OFF,965,706.250,51199.219,51199.219,51199.219,51199.219,51199.219,51199.219,1GRFE ,33.333,Avail,Compl,Incmpl,Enable,7.996,OFF,OFF,OFF,OFF,ON,ON,Avail,Compl,Enable,Compl,CL,CL,Compl,Unable,Not Avl,Compl,Compl,Enable,OFF,3090,15,284,ON,4.375,8.750,0.097,2226,10,21,-3,OFF,2.344,4.688,3.790,OFF,0,0,82,Avail,Compl,Enable,0,GRN2#  ,ON,0,ACTIVE,ACTIVE,0.967,0.947,0.585,0.195,69.059,58.684,Avail,Compl,Avail,Incmpl,Incmpl,Enable,OBD II (California ARB),OFF,OFF,29.150,-0.769,0,1st,OFF,OFF,OFF,OFF,OFF,OFF,0.781,1.562,ON,OFF,650,0,OFF,OFF,OFF,ON,Gasoline,0.999,OFF,OFF,0.684,ON,1.328,14.902,19,0,0.742,0.742,2.305,0.742,0.918,2.031,46.275,0,14.902,89,0.031,0.066,OFF,ECT 5th,NA,OFF,96.822,96.932,13.333,0,Not Avl,0,0,0,0,ON,ON,0,0,4
237,0,14.099,Not Avl,Compl,Compl,Unable,OFF,Not Avl,Compl,Compl,Unable,OFF,43.750,38.281,26.875,27.500,19.531,39.551,15.686,31.765,0.781,1.582,ON,0,OFF,ON,ON,0.999,1.001,0.027,0,3.347,3.293,0,96,51199.219,13.847,24.314,OFF,OFF,OFF,OFF,OFF,OFF,OFF,Avail,Incmpl,Incmpl,Enable,Avail,422.300,213.800,422.300,213.800,ON,Avail,Compl,Enable,78,0,0,0,0,0,0,6,A,0,0,Avail,Incmpl,Incmpl,Enable,OFF,OFF,965,706.250,51199.219,51199.219,51199.219,51199.219,51199.219,51199.219,1GRFE ,33.333,Avail,Compl,Incmpl,Enable,7.996,OFF,OFF,OFF,OFF,ON,ON,Avail,Compl,Enable,Compl,CL,CL,Compl,Unable,Not Avl,Compl,Compl,Enable,OFF,3090,15,295,ON,4.375,8.750,0.097,2232,10,21,-3,OFF,2.344,4.688,3.790,OFF,0,0,78,Avail,Compl,Enable,0,GRN2#  ,ON,0,ACTIVE,ACTIVE,0.967,0.947,0.545,0.195,68.734,58.684,Avail,Compl,Avail,Incmpl,Incmpl,Enable,OBD II (California ARB),OFF,OFF,29.150,-0.769,0,1st,OFF,OFF,OFF,OFF,OFF,OFF,0.781,1.562,ON,OFF,650,0,OFF,OFF,OFF,ON,Gasoline,0.999,OFF,OFF,0.684,ON,1.328,14.902,19,0,0.742,0.742,2.305,0.742,0.918,2.031,46.275,0,14.902,89,0.031,0.066,OFF,ECT 5th,NA,OFF,96.800,96.866,13.333,0,Not Avl,0,0,0,0,ON,ON,0,0,4
238,0,14.117,Not Avl,Compl,Compl,Unable,OFF,Not Avl,Compl,Compl,Unable,OFF,50.781,38.281,26.875,27.500,19.531,39.551,15.686,31.765,0.781,1.582,ON,0,OFF,ON,ON,1.003,0.998,0.039,-0.012,3.361,3.279,0,96,51199.219,13.828,24.314,OFF,OFF,OFF,OFF,OFF,OFF,OFF,Avail,Incmpl,Incmpl,Enable,Avail,422.300,213.800,422.300,213.800,ON,Avail,Compl,Enable,78,0,0,0,0,0,0,6,A,0,0,Avail,Incmpl,Incmpl,Enable,OFF,OFF,965,712.500,51199.219,51199.219,51199.219,51199.219,51199.219,51199.219,1GRFE ,33.725,Avail,Compl,Incmpl,Enable,7.996,OFF,OFF,OFF,OFF,ON,ON,Avail,Compl,Enable,Compl,CL,CL,Compl,Unable,Not Avl,Compl,Compl,Enable,OFF,3090,15,306,ON,4.375,8.750,0.097,2240,10,21,-3,OFF,2.344,4.688,3.790,OFF,0,0,78,Avail,Compl,Enable,0,GRN2#  ,ON,0,ACTIVE,ACTIVE,0.967,0.947,0.485,0.195,68.734,58.684,Avail,Compl,Avail,Incmpl,Incmpl,Enable,OBD II (California ARB),OFF,OFF,29.279,-0.769,0,1st,OFF,OFF,OFF,OFF,OFF,OFF,0.781,1.562,ON,OFF,650,0,OFF,OFF,OFF,ON,Gasoline,0.997,OFF,OFF,0.684,ON,1.328,14.902,19,0,0.742,0.742,2.305,0.742,0.918,2.031,46.275,0,14.902,89,0.031,0.066,OFF,ECT 5th,NA,OFF,96.800,96.778,13.333,0,Not Avl,0,0,0,0,ON,ON,0,0,4
239,0,14.082,Not Avl,Compl,Compl,Unable,OFF,Not Avl,Compl,Compl,Unable,OFF,54.688,38.281,26.875,27.500,19.531,39.551,15.686,31.765,0.781,1.582,ON,0,OFF,ON,ON,1.006,0.998,0.031,-0.012,3.352,3.279,0,96,51199.219,13.847,24.314,OFF,OFF,OFF,OFF,OFF,OFF,OFF,Avail,Incmpl,Incmpl,Enable,Avail,422.300,213.800,422.300,213.800,ON,Avail,Compl,Enable,78,0,0,0,0,0,0,6,A,0,0,Avail,Incmpl,Incmpl,Enable,OFF,OFF,966,716.250,51199.219,51199.219,51199.219,51199.219,51199.219,51199.219,1GRFE ,33.333,Avail,Compl,Incmpl,Enable,7.996,OFF,OFF,OFF,OFF,ON,ON,Avail,Compl,Enable,Compl,CL,CL,Compl,Unable,Not Avl,Compl,Compl,Enable,OFF,3090,15,316,ON,4.375,8.750,0.097,2222,10,21,-3,OFF,2.344,4.688,3.790,OFF,0,0,78,Avail,Compl,Enable,0,GRN2#  ,ON,0,ACTIVE,ACTIVE,0.967,0.947,0.350,0.195,68.086,58.684,Avail,Compl,Avail,Incmpl,Incmpl,Enable,OBD II (California ARB),OFF,OFF,29.279,-0.769,0,1st,OFF,OFF,OFF,OFF,OFF,OFF,1.562,1.562,ON,OFF,650,0,OFF,OFF,OFF,ON,Gasoline,0.991,OFF,OFF,0.684,ON,1.328,14.902,19,0,0.742,0.742,2.305,0.742,0.918,2.031,46.275,0,14.902,89,0.031,0.066,OFF,ECT 5th,NA,OFF,96.822,96.932,13.333,0,Not Avl,0,0,0,0,ON,ON,0,0,4
240,0,14.116,Not Avl,Compl,Compl,Unable,OFF,Not Avl,Compl,Compl,Unable,OFF,57.031,47.656,26.875,27.500,19.531,39.551,15.686,31.765,0.781,1.582,ON,0,OFF,ON,ON,1.012,1.001,0.027,0,3.347,3.293,0,96,51199.219,13.847,24.314,OFF,OFF,OFF,OFF,OFF,OFF,OFF,Avail,Incmpl,Incmpl,Enable,Avail,422.300,213.800,422.300,213.800,ON,Avail,Compl,Enable,78,0,0,0,0,0,0,6,A,0,0,Avail,Incmpl,Incmpl,Enable,OFF,OFF,966,717,51199.219,51199.219,51199.219,51199.219,51199.219,51199.219,1GRFE ,33.333,Avail,Compl,Incmpl,Enable,7.996,OFF,OFF,OFF,OFF,ON,ON,Avail,Compl,Enable,Compl,CL,CL,Compl,Unable,Not Avl,Compl,Compl,Enable,OFF,3090,15,327,ON,4.375,8.750,0.097,2218,10,21,-3,OFF,2.344,4.688,3.790,OFF,0,0,78,Avail,Compl,Enable,0,GRN2#  ,ON,0,ACTIVE,ACTIVE,0.967,0.947,0.195,0.195,70.355,59.332,Avail,Compl,Avail,Incmpl,Incmpl,Enable,OBD II (California ARB),OFF,OFF,29.279,-0.769,0,1st,OFF,OFF,OFF,OFF,OFF,OFF,1.562,1.562,ON,OFF,650,0,OFF,OFF,OFF,ON,Gasoline,0.981,OFF,OFF,0.684,ON,1.328,14.902,19,0,0.742,0.742,2.305,0.742,0.918,2.031,46.275,0,14.902,89,0.031,0.066,OFF,ECT 5th,NA,OFF,96.800,96.888,13.333,0,Not Avl,0,0,0,0,ON,ON,0,0,4
241,0,14.093,Not Avl,Compl,Compl,Unable,OFF,Not Avl,Compl,Compl,Unable,OFF,57.812,53.125,26.875,27.500,19.531,39.551,15.686,31.765,0.781,1.582,ON,0,OFF,ON,ON,1.012,1.001,0.023,0,3.342,3.293,0,96,51199.219,13.847,24.314,OFF,OFF,OFF,OFF,OFF,OFF,OFF,Avail,Incmpl,Incmpl,Enable,Avail,422.300,213.700,422.300,213.700,ON,Avail,Compl,Enable,78,0,0,0,0,0,0,6,A,0,0,Avail,Incmpl,Incmpl,Enable,OFF,OFF,966,706.250,51199.219,51199.219,51199.219,51199.219,51199.219,51199.219,1GRFE ,33.333,Avail,Compl,Incmpl,Enable,7.996,OFF,OFF,OFF,OFF,ON,ON,Avail,Compl,Enable,Compl,CL,CL,Compl,Unable,Not Avl,Compl,Compl,Enable,OFF,3090,15,339,ON,4.375,8.750,0.097,2247,10,21,-3,OFF,2.344,4.688,3.810,OFF,0,0,82,Avail,Compl,Enable,0,GRN2#  ,ON,0,ACTIVE,ACTIVE,0.972,0.947,0.155,0.195,67.762,58.684,Avail,Compl,Avail,Incmpl,Incmpl,Enable,OBD II (California ARB),OFF,OFF,29.034,-0.769,0,1st,OFF,OFF,OFF,OFF,OFF,OFF,2.344,1.562,ON,OFF,650,0,OFF,OFF,OFF,ON,Gasoline,0.976,OFF,OFF,0.684,ON,1.328,14.902,19,0,0.742,0.742,2.305,0.742,0.918,2.031,46.275,0,14.902,89,0.031,0.066,OFF,ECT 5th,NA,OFF,96.800,96.734,13.333,0,Not Avl,0,0,0,0,ON,ON,0,0,4
242,0,14.100,Not Avl,Compl,Compl,Unable,OFF,Not Avl,Compl,Compl,Unable,OFF,57.812,55.469,26.875,27.500,19.531,39.551,15.686,31.765,0.781,1.582,ON,0,OFF,ON,ON,1.007,1.000,0.012,-0.004,3.318,3.288,0,96,51199.219,13.847,24.314,OFF,OFF,OFF,OFF,OFF,OFF,OFF,Avail,Incmpl,Incmpl,Enable,Avail,422.300,213.700,422.300,213.700,ON,Avail,Compl,Enable,78,0,0,0,0,0,0,6,A,0,0,Avail,Incmpl,Incmpl,Enable,OFF,OFF,967,710,51199.219,51199.219,51199.219,51199.219,51199.219,51199.219,1GRFE ,33.333,Avail,Compl,Incmpl,Enable,7.996,OFF,OFF,OFF,OFF,ON,ON,Avail,Compl,Enable,Compl,CL,CL,Compl,Unable,Not Avl,Compl,Compl,Enable,OFF,3090,15,350,ON,4.375,8.750,0.097,2255,10,21,-3,OFF,2.344,4.688,3.820,OFF,0,0,82,Avail,Compl,Enable,0,GRN2#  ,ON,0,ACTIVE,ACTIVE,0.967,0.947,0.115,0.195,67.438,58.684,Avail,Compl,Avail,Incmpl,Incmpl,Enable,OBD II (California ARB),OFF,OFF,29.279,-0.769,0,1st,OFF,OFF,OFF,OFF,OFF,OFF,2.344,1.562,ON,OFF,650,0,OFF,OFF,OFF,ON,Gasoline,0.972,OFF,OFF,0.684,ON,1.328,14.902,19,0,0.742,0.742,2.305,0.742,0.918,2.031,46.275,0,14.902,89,0.031,0.066,OFF,ECT 5th,NA,OFF,96.822,96.910,13.333,0,Not Avl,0,0,0,0,ON,ON,0,0,4
243,0,14.097,Not Avl,Compl,Compl,Unable,OFF,Not Avl,Compl,Compl,Unable,OFF,48.438,52.344,26.875,27.500,19.531,39.551,15.686,31.765,0.781,1.582,ON,0,OFF,ON,ON,1.006,1.000,0.004,-0.004,3.308,3.288,0,96,51199.219,13.847,24.314,OFF,OFF,OFF,OFF,OFF,OFF,OFF,Avail,Incmpl,Incmpl,Enable,Avail,422.300,213.700,422.300,213.700,ON,Avail,Compl,Enable,78,0,0,0,0,0,0,6,A,0,0,Avail,Incmpl,Incmpl,Enable,OFF,OFF,967,714,51199.219,51199.219,51199.219,51199.219,51199.219,51199.219,1GRFE ,33.333,Avail,Compl,Incmpl,Enable,7.996,OFF,OFF,OFF,OFF,ON,ON,Avail,Compl,Enable,Compl,CL,CL,Compl,Unable,Not Avl,Compl,Compl,Enable,OFF,3090,15,361,ON,4.375,8.750,0.097,2265,10,21,-3,OFF,2.344,4.688,3.810,OFF,0,0,82,Avail,Compl,Enable,0,GRN2#  ,ON,0,ACTIVE,ACTIVE,0.972,0.947,0.115,0.195,67.438,59.008,Avail,Compl,Avail,Incmpl,Incmpl,Enable,OBD II (California ARB),OFF,OFF,29.150,-0.769,0,1st,OFF,OFF,OFF,OFF,OFF,OFF,2.344,1.562,ON,OFF,650,0,OFF,OFF,OFF,ON,Gasoline,0.969,OFF,OFF,0.684,ON,1.328,14.902,19,0,0.742,0.742,2.305,0.742,0.918,2.031,46.275,0,14.902,89,0.031,0.066,OFF,ECT 5th,NA,OFF,96.800,96.910,13.333,0,Not Avl,0,0,0,0,ON,ON,0,0,4
244,0,14.097,Not Avl,Compl,Compl,Unable,OFF,Not Avl,Compl,Compl,Unable,OFF,41.406,50.781,26.875,27.500,19.531,39.551,15.686,31.765,0.781,1.582,ON,0,OFF,ON,ON,1.001,0.999,-0.004,-0.004,3.288,3.288,0,96,51199.219,13.847,24.314,OFF,OFF,OFF,OFF,OFF,OFF,OFF,Avail,Incmpl,Incmpl,Enable,Avail,422.300,213.500,422.300,213.500,ON,Avail,Compl,Enable,78,0,0,0,0,0,0,6,A,0,0,Avail,Incmpl,Incmpl,Enable,OFF,OFF,967,716.250,51199.219,51199.219,51199.219,51199.219,51199.219,51199.219,1GRFE ,33.333,Avail,Compl,Incmpl,Enable,7.996,OFF,OFF,OFF,OFF,ON,ON,Avail,Compl,Enable,Compl,CL,CL,Compl,Unable,Not Avl,Compl,Compl,Enable,OFF,3090,15,374,ON,4.375,8.750,0.097,2251,10,21,-3,OFF,2.344,4.688,3.790,OFF,0,0,82,Avail,Compl,Enable,0,GRN2#  ,ON,0,ACTIVE,ACTIVE,0.972,0.947,0.135,0.195,67.762,58.684,Avail,Compl,Avail,Incmpl,Incmpl,Enable,OBD II (California ARB),OFF,OFF,29.395,-0.769,0,1st,OFF,OFF,OFF,OFF,OFF,OFF,2.344,1.562,ON,OFF,650,0,OFF,OFF,OFF,ON,Gasoline,0.968,OFF,OFF,0.684,ON,1.328,14.902,19,0,0.742,0.742,2.305,0.742,0.918,2.031,46.275,0,14.902,89,0.035,0.066,OFF,ECT 5th,NA,OFF,96.822,96.932,13.333,0,Not Avl,0,0,0,0,ON,ON,0,0,4
245,0,14.103,Not Avl,Compl,Compl,Unable,OFF,Not Avl,Compl,Compl,Unable,OFF,39.844,45.312,26.875,27.500,19.531,39.551,15.686,31.765,0.781,1.582,ON,0,OFF,ON,ON,0.997,0.998,-0.016,-0.012,3.269,3.279,0,96,51199.219,13.828,24.314,OFF,OFF,OFF,OFF,OFF,OFF,OFF,Avail,Incmpl,Incmpl,Enable,Avail,422.300,213.500,422.300,213.500,ON,Avail,Compl,Enable,78,0,0,0,0,0,0,6,A,0,0,Avail,Incmpl,Incmpl,Enable,OFF,OFF,968,712.500,51199.219,51199.219,51199.219,51199.219,51199.219,51199.219,1GRFE ,33.333,Avail,Compl,Incmpl,Enable,7.996,OFF,OFF,OFF,OFF,ON,ON,Avail,Compl,Enable,Compl,CL,CL,Compl,Unable,Not Avl,Compl,Compl,Enable,OFF,3090,15,386,ON,4.375,8.750,0.099,2247,10,21,-3,OFF,2.344,4.688,3.790,OFF,0,0,82,Avail,Compl,Enable,0,GRN2#  ,ON,0,ACTIVE,ACTIVE,0.972,0.947,0.155,0.195,67.762,59.332,Avail,Compl,Avail,Incmpl,Incmpl,Enable,OBD II (California ARB),OFF,OFF,29.279,-0.769,0,1st,OFF,OFF,OFF,OFF,OFF,OFF,2.344,1.562,ON,OFF,650,0,OFF,OFF,OFF,ON,Gasoline,0.969,OFF,OFF,0.684,ON,1.328,14.902,19,0,0.742,0.742,2.305,0.742,0.918,2.031,46.275,0,14.902,89,0.035,0.066,OFF,ECT 5th,NA,OFF,96.800,96.888,13.333,0,Not Avl,0,0,0,0,ON,ON,0,0,4
246,0,14.082,Not Avl,Compl,Compl,Unable,OFF,Not Avl,Compl,Compl,Unable,OFF,38.281,39.844,26.875,27.500,19.531,39.551,15.686,31.765,0.781,1.582,ON,0,OFF,ON,ON,0.998,0.996,-0.012,-0.016,3.279,3.269,0,96,51199.219,13.828,24.314,OFF,OFF,OFF,OFF,OFF,OFF,OFF,Avail,Incmpl,Incmpl,Enable,Avail,422.300,213.500,422.300,213.500,ON,Avail,Compl,Enable,78,0,0,0,0,0,0,6,A,0,0,Avail,Incmpl,Incmpl,Enable,OFF,OFF,968,717.750,51199.219,51199.219,51199.219,51199.219,51199.219,51199.219,1GRFE ,33.333,Avail,Compl,Incmpl,Enable,7.996,OFF,OFF,OFF,OFF,ON,ON,Avail,Compl,Enable,Compl,CL,CL,Compl,Unable,Not Avl,Compl,Compl,Enable,OFF,3090,15,402,ON,4.375,8.750,0.099,2269,10,21,-3,OFF,2.344,4.688,3.840,OFF,0,0,82,Avail,Compl,Enable,0,GRN2#  ,ON,0,ACTIVE,ACTIVE,0.967,0.947,0.175,0.195,68.086,59.008,Avail,Compl,Avail,Incmpl,Incmpl,Enable,OBD II (California ARB),OFF,OFF,29.279,-0.769,0,1st,OFF,OFF,OFF,OFF,OFF,OFF,2.344,1.562,ON,OFF,650,0,OFF,OFF,OFF,ON,Gasoline,0.970,OFF,OFF,0.684,ON,1.328,14.902,19,0,0.742,0.742,2.305,0.742,0.918,2.031,46.275,0,14.902,89,0.035,0.066,OFF,ECT 5th,NA,OFF,96.822,96.932,13.333,0,Not Avl,0,0,0,0,ON,ON,0,0,4
247,0,14.100,Not Avl,Compl,Compl,Unable,OFF,Not Avl,Compl,Compl,Unable,OFF,38.281,38.281,26.875,27.500,19.531,39.551,15.686,31.765,0.781,1.582,ON,0,OFF,ON,ON,0.996,0.996,-0.012,-0.016,3.274,3.269,0,96,51199.219,13.828,24.314,OFF,OFF,OFF,OFF,OFF,OFF,OFF,Avail,Incmpl,Incmpl,Enable,Avail,422.300,213.300,422.300,213.300,ON,Avail,Compl,Enable,78,0,0,0,0,0,0,6,A,0,0,Avail,Incmpl,Incmpl,Enable,OFF,OFF,969,707,51199.219,51199.219,51199.219,51199.219,51199.219,51199.219,1GRFE ,33.333,Avail,Compl,Incmpl,Enable,7.996,OFF,OFF,OFF,OFF,ON,ON,Avail,Compl,Enable,Compl,CL,CL,Compl,Unable,Not Avl,Compl,Compl,Enable,OFF,3090,15,416,ON,4.375,8.750,0.099,2269,10,21,-3,OFF,2.344,4.688,3.820,OFF,0,0,85,Avail,Compl,Enable,0,GRN2#  ,ON,0,ACTIVE,ACTIVE,0.967,0.947,0.175,0.195,67.762,59.008,Avail,Compl,Avail,Incmpl,Incmpl,Enable,OBD II (California ARB),OFF,OFF,29.517,-0.769,0,1st,OFF,OFF,OFF,OFF,OFF,OFF,2.344,1.562,ON,OFF,650,0,OFF,OFF,OFF,ON,Gasoline,0.970,OFF,OFF,0.684,ON,1.328,14.902,19,0,0.742,0.742,2.305,0.742,0.918,2.031,46.275,0,14.902,89,0.035,0.066,OFF,ECT 5th,NA,OFF,96.800,96.866,13.333,0,Not Avl,0,0,0,0,ON,ON,0,0,4
248,0,14.117,Not Avl,Compl,Compl,Unable,OFF,Not Avl,Compl,Compl,Unable,OFF,38.281,38.281,26.875,27.500,19.531,39.551,15.686,31.765,0.781,1.582,ON,0,OFF,ON,ON,0.992,0.995,-0.012,-0.008,3.249,3.259,0,96,51199.219,13.828,24.314,OFF,OFF,OFF,OFF,OFF,OFF,OFF,Avail,Incmpl,Incmpl,Enable,Avail,422.300,213.300,422.300,213.300,ON,Avail,Compl,Enable,78,0,0,0,0,0,0,6,A,0,0,Avail,Incmpl,Incmpl,Enable,OFF,OFF,969,714,51199.219,51199.219,51199.219,51199.219,51199.219,51199.219,1GRFE ,33.725,Avail,Compl,Incmpl,Enable,7.996,OFF,OFF,OFF,OFF,ON,ON,Avail,Compl,Enable,Compl,CL,CL,Compl,Unable,Not Avl,Compl,Compl,Enable,OFF,3090,15,428,ON,4.375,8.750,0.099,2254,10,21,-3,OFF,2.344,4.688,3.820,OFF,0,0,85,Avail,Compl,Enable,0,GRN2#  ,ON,0,ACTIVE,ACTIVE,0.972,0.947,0.195,0.195,67.762,58.684,Avail,Compl,Avail,Incmpl,Incmpl,Enable,OBD II (California ARB),OFF,OFF,29.517,-0.769,0,1st,OFF,OFF,OFF,OFF,OFF,OFF,1.562,1.562,ON,OFF,650,0,OFF,OFF,OFF,ON,Gasoline,0.972,OFF,OFF,0.684,ON,1.250,14.902,18,0,0.742,0.742,2.305,0.742,0.918,2.031,46.275,0,14.902,89,0.035,0.066,OFF,ECT 5th,NA,OFF,96.778,96.690,13.333,0,Not Avl,0,0,0,0,ON,ON,0,0,4
249,0,14.102,Not Avl,Compl,Compl,Unable,OFF,Not Avl,Compl,Compl,Unable,OFF,38.281,38.281,26.875,27.500,19.531,39.551,15.686,31.765,0.781,1.582,ON,0,OFF,ON,ON,0.994,0.993,-0.020,-0.027,3.264,3.254,0,96,51199.219,13.847,24.314,OFF,OFF,OFF,OFF,OFF,OFF,OFF,Avail,Incmpl,Incmpl,Enable,Avail,422.300,213.200,422.300,213.200,ON,Avail,Compl,Enable,78,0,0,0,0,0,0,6,A,0,0,Avail,Incmpl,Incmpl,Enable,OFF,OFF,969,714,51199.219,51199.219,51199.219,51199.219,51199.219,51199.219,1GRFE ,33.725,Avail,Compl,Incmpl,Enable,7.996,OFF,OFF,OFF,OFF,ON,ON,Avail,Compl,Enable,Compl,CL,CL,Compl,Unable,Not Avl,Compl,Compl,Enable,OFF,3090,15,444,ON,4.375,8.750,0.099,2240,10,21,-3,OFF,2.344,4.688,3.810,OFF,0,0,66,Avail,Compl,Enable,0,GRN2#  ,ON,0,ACTIVE,ACTIVE,0.972,0.947,0.195,0.210,68.086,59.008,Avail,Compl,Avail,Incmpl,Incmpl,Enable,OBD II (California ARB),OFF,OFF,29.279,-0.769,0,1st,OFF,OFF,OFF,OFF,OFF,OFF,1.562,0.781,ON,OFF,650,0,OFF,OFF,OFF,ON,Gasoline,0.973,OFF,OFF,0.684,ON,1.250,14.902,18,0,0.742,0.742,2.305,0.742,0.918,2.031,46.275,0,14.902,89,0.035,0.066,OFF,ECT 5th,NA,OFF,96.778,96.668,13.333,0,Not Avl,0,0,0,0,ON,ON,0,0,4
250,0,14.111,Not Avl,Compl,Compl,Unable,OFF,Not Avl,Compl,Compl,Unable,OFF,43.750,38.281,26.875,27.500,19.531,39.551,15.686,31.765,0.781,1.582,ON,0,OFF,ON,ON,0.995,0.998,-0.016,-0.012,3.269,3.279,0,96,51199.219,13.828,24.314,OFF,OFF,OFF,OFF,OFF,OFF,OFF,Avail,Incmpl,Incmpl,Enable,Avail,422.300,213.200,422.300,213.200,ON,Avail,Compl,Enable,78,0,0,0,0,0,0,6,A,0,0,Avail,Incmpl,Incmpl,Enable,OFF,OFF,970,713.250,51199.219,51199.219,51199.219,51199.219,51199.219,51199.219,1GRFE ,33.725,Avail,Compl,Incmpl,Enable,7.996,OFF,OFF,OFF,OFF,ON,ON,Avail,Compl,Enable,Compl,CL,CL,Compl,Unable,Not Avl,Compl,Compl,Enable,OFF,3090,15,457,ON,4.375,8.750,0.099,2243,10,21,-3,OFF,2.344,4.688,3.810,OFF,0,0,66,Avail,Compl,Enable,0,GRN2#  ,ON,0,ACTIVE,ACTIVE,0.967,0.947,0.210,0.210,68.086,59.008,Avail,Compl,Avail,Incmpl,Incmpl,Enable,OBD II (California ARB),OFF,OFF,29.517,-0.769,0,1st,OFF,OFF,OFF,OFF,OFF,OFF,1.562,1.562,ON,OFF,650,0,OFF,OFF,OFF,ON,Gasoline,0.975,OFF,OFF,0.684,ON,1.250,14.902,18,0,0.742,0.742,2.305,0.742,0.918,2.031,46.275,0,14.902,89,0.035,0.066,OFF,ECT 5th,NA,OFF,96.778,96.800,13.333,0,Not Avl,0,0,0,0,ON,ON,0,0,4
251,0,14.124,Not Avl,Compl,Compl,Unable,OFF,Not Avl,Compl,Compl,Unable,OFF,53.125,38.281,26.875,27.500,19.531,39.551,15.686,31.765,0.781,1.582,ON,0,OFF,ON,ON,0.994,0.997,-0.020,-0.012,3.264,3.274,0,96,51199.219,13.847,24.314,OFF,OFF,OFF,OFF,OFF,OFF,OFF,Avail,Incmpl,Incmpl,Enable,Avail,422.300,213.200,422.300,213.200,ON,Avail,Compl,Enable,78,0,0,0,0,0,0,6,A,0,0,Avail,Incmpl,Incmpl,Enable,OFF,OFF,970,717.750,51199.219,51199.219,51199.219,51199.219,51199.219,51199.219,1GRFE ,33.725,Avail,Compl,Incmpl,Enable,7.996,OFF,OFF,OFF,OFF,ON,ON,Avail,Compl,Enable,Compl,CL,CL,Compl,Unable,Not Avl,Compl,Compl,Enable,OFF,3090,15,471,ON,4.375,8.750,0.099,2240,10,21,-3,OFF,2.344,4.688,3.810,OFF,0,0,66,Avail,Compl,Enable,0,GRN2#  ,ON,0,ACTIVE,ACTIVE,0.967,0.947,0.210,0.210,68.086,58.359,Avail,Compl,Avail,Incmpl,Incmpl,Enable,OBD II (California ARB),OFF,OFF,29.755,-0.739,0,1st,OFF,OFF,OFF,OFF,OFF,OFF,0.781,0.781,ON,OFF,650,0,OFF,OFF,OFF,ON,Gasoline,0.979,OFF,OFF,0.684,ON,1.250,14.902,18,0,0.742,0.742,2.305,0.742,0.918,2.031,46.275,0,14.902,89,0.035,0.066,OFF,ECT 5th,NA,OFF,96.800,96.888,13.333,0,Not Avl,0,0,0,0,ON,ON,0,0,4
252,0,14.111,Not Avl,Compl,Compl,Unable,OFF,Not Avl,Compl,Compl,Unable,OFF,56.250,38.281,26.875,27.500,19.531,39.551,15.686,31.765,0.781,1.582,ON,0,OFF,ON,ON,0.998,0.998,-0.004,-0.008,3.288,3.283,0,96,51199.219,13.847,24.314,OFF,OFF,OFF,OFF,OFF,OFF,OFF,Avail,Incmpl,Incmpl,Enable,Avail,422.300,213,422.300,213,ON,Avail,Compl,Enable,78,0,0,0,0,0,0,6,A,0,0,Avail,Incmpl,Incmpl,Enable,OFF,OFF,970,711.500,51199.219,51199.219,51199.219,51199.219,51199.219,51199.219,1GRFE ,33.725,Avail,Compl,Incmpl,Enable,7.996,OFF,OFF,OFF,OFF,ON,ON,Avail,Compl,Enable,Compl,CL,CL,Compl,Unable,Not Avl,Compl,Compl,Enable,OFF,3090,15,485,ON,4.375,8.750,0.099,2240,10,21,-3,OFF,2.344,4.688,3.790,OFF,0,0,82,Avail,Compl,Enable,0,GRN2#  ,ON,0,ACTIVE,ACTIVE,0.967,0.947,0.210,0.210,68.086,58.684,Avail,Compl,Avail,Incmpl,Incmpl,Enable,OBD II (California ARB),OFF,OFF,29.517,-0.739,0,1st,OFF,OFF,OFF,OFF,OFF,OFF,1.562,1.562,ON,OFF,650,0,OFF,OFF,OFF,ON,Gasoline,0.980,OFF,OFF,0.684,ON,1.250,14.902,18,0,0.742,0.742,2.305,0.742,0.918,2.031,46.275,0,14.902,90,0.035,0.066,OFF,ECT 5th,NA,OFF,96.822,96.932,13.333,0,Not Avl,0,0,0,0,ON,ON,0,0,4
253,0,14.111,Not Avl,Compl,Compl,Unable,OFF,Not Avl,Compl,Compl,Unable,OFF,58.594,41.406,26.875,28.125,19.531,39.551,15.686,31.765,0.781,1.582,ON,0,OFF,ON,ON,0.999,0.998,0,-0.012,3.293,3.274,0,96,51199.219,13.847,24.314,OFF,OFF,OFF,OFF,OFF,OFF,OFF,Avail,Incmpl,Incmpl,Enable,Avail,422.300,213,422.300,213,ON,Avail,Compl,Enable,78,0,0,0,0,0,0,6,A,0,0,Avail,Incmpl,Incmpl,Enable,OFF,OFF,971,710,51199.219,51199.219,51199.219,51199.219,51199.219,51199.219,1GRFE ,33.333,Avail,Compl,Incmpl,Enable,7.996,OFF,OFF,OFF,OFF,ON,ON,Avail,Compl,Enable,Compl,CL,CL,Compl,Unable,Not Avl,Compl,Compl,Enable,OFF,3090,15,495,ON,4.375,8.750,0.099,2236,10,21,-3,OFF,2.344,4.688,3.790,OFF,0,0,82,Avail,Compl,Enable,0,GRN2#  ,ON,0,ACTIVE,ACTIVE,0.972,0.947,0.210,0.210,68.086,58.684,Avail,Compl,Avail,Incmpl,Incmpl,Enable,OBD II (California ARB),OFF,OFF,29.626,-0.739,0,1st,OFF,OFF,OFF,OFF,OFF,OFF,1.562,0.781,ON,OFF,650,0,OFF,OFF,OFF,ON,Gasoline,0.980,OFF,OFF,0.684,ON,1.250,14.902,18,0,0.742,0.742,2.305,0.742,0.918,2.031,46.275,0,14.902,90,0.035,0.066,OFF,ECT 5th,NA,OFF,96.778,96.646,13.333,0,Not Avl,0,0,0,0,ON,ON,0,0,4
254,0,14.103,Not Avl,Compl,Compl,Unable,OFF,Not Avl,Compl,Compl,Unable,OFF,58.594,45.312,26.875,28.125,19.531,39.551,15.686,31.765,0.781,1.582,ON,0,OFF,ON,ON,0.999,0.996,0,-0.016,3.293,3.269,0,96,51199.219,13.828,24.314,OFF,OFF,OFF,OFF,OFF,OFF,OFF,Avail,Incmpl,Incmpl,Enable,Avail,422.300,213,422.300,213,ON,Avail,Compl,Enable,78,0,0,0,0,0,0,6,A,0,0,Avail,Incmpl,Incmpl,Enable,OFF,OFF,971,705.250,51199.219,51199.219,51199.219,51199.219,51199.219,51199.219,1GRFE ,32.941,Avail,Compl,Incmpl,Enable,7.996,OFF,OFF,OFF,OFF,ON,ON,Avail,Compl,Enable,Compl,CL,CL,Compl,Unable,Not Avl,Compl,Compl,Enable,OFF,3090,15,506,ON,4.375,8.750,0.098,2247,10,21,-3,OFF,2.344,4.688,3.820,OFF,0,0,82,Avail,Compl,Enable,0,GRN2#  ,ON,0,ACTIVE,ACTIVE,0.967,0.947,0.210,0.210,68.410,59.008,Avail,Compl,Avail,Incmpl,Incmpl,Enable,OBD II (California ARB),OFF,OFF,29.395,-0.739,0,1st,OFF,OFF,OFF,OFF,OFF,OFF,1.562,0.781,ON,OFF,650,0,OFF,OFF,OFF,ON,Gasoline,0.980,OFF,OFF,0.684,ON,1.250,14.902,18,0,0.742,0.742,2.305,0.742,0.918,2.031,46.275,0,14.902,90,0.035,0.066,OFF,ECT 5th,NA,OFF,96.800,96.822,13.725,0,Not Avl,0,0,0,0,ON,ON,0,0,4
255,0,14.102,Not Avl,Compl,Compl,Unable,OFF,Not Avl,Compl,Compl,Unable,OFF,53.125,45.312,26.875,28.125,19.531,39.551,15.686,31.765,0.781,1.582,ON,0,OFF,ON,ON,0.998,0.998,-0.008,-0.008,3.283,3.283,0,96,51199.219,13.847,24.314,OFF,OFF,OFF,OFF,OFF,OFF,OFF,Avail,Incmpl,Incmpl,Enable,Avail,422.300,213,422.300,213,ON,Avail,Compl,Enable,78,0,0,0,0,0,0,6,A,0,0,Avail,Incmpl,Incmpl,Enable,OFF,OFF,971,713.250,51199.219,51199.219,51199.219,51199.219,51199.219,51199.219,1GRFE ,33.333,Avail,Compl,Incmpl,Enable,7.996,OFF,OFF,OFF,OFF,ON,ON,Avail,Compl,Enable,Compl,CL,CL,Compl,Unable,Not Avl,Compl,Compl,Enable,OFF,3090,15,517,ON,4.375,8.750,0.098,2232,10,21,-3,OFF,2.344,4.688,3.790,OFF,0,0,82,Avail,Compl,Enable,0,GRN2#  ,ON,0,ACTIVE,ACTIVE,0.967,0.947,0.230,0.210,68.410,59.008,Avail,Compl,Avail,Incmpl,Incmpl,Enable,OBD II (California ARB),OFF,OFF,29.034,-0.739,0,1st,OFF,OFF,OFF,OFF,OFF,OFF,1.562,0.781,ON,OFF,650,0,OFF,OFF,OFF,ON,Gasoline,0.980,OFF,OFF,0.684,ON,1.250,14.902,18,0,0.742,0.742,2.305,0.742,0.918,2.031,46.275,0,14.902,90,0.039,0.066,OFF,ECT 5th,NA,OFF,96.778,96.800,13.333,0,Not Avl,0,0,0,0,ON,ON,0,0,4
256,0,14.116,Not Avl,Compl,Compl,Unable,OFF,Not Avl,Compl,Compl,Unable,OFF,46.094,51.562,26.875,28.125,19.531,39.551,15.686,31.765,0.781,1.582,ON,0,OFF,ON,ON,1.001,1.000,0,-0.004,3.303,3.288,0,96,51199.219,13.847,24.314,OFF,OFF,OFF,OFF,OFF,OFF,OFF,Avail,Incmpl,Incmpl,Enable,Avail,422.300,212.900,422.300,212.900,ON,Avail,Compl,Enable,78,0,0,0,0,0,0,6,A,0,0,Avail,Incmpl,Incmpl,Enable,OFF,OFF,972,714.750,51199.219,51199.219,51199.219,51199.219,51199.219,51199.219,1GRFE ,33.725,Avail,Compl,Incmpl,Enable,7.996,OFF,OFF,OFF,OFF,ON,ON,Avail,Compl,Enable,Compl,CL,CL,Compl,Unable,Not Avl,Compl,Compl,Enable,OFF,3090,15,528,ON,4.375,8.750,0.098,2229,10,21,-3,OFF,2.344,4.688,3.790,OFF,0,0,78,Avail,Compl,Enable,0,GRN2#  ,ON,0,ACTIVE,ACTIVE,0.972,0.947,0.230,0.210,68.410,59.008,Avail,Compl,Avail,Incmpl,Incmpl,Enable,OBD II (California ARB),OFF,OFF,29.279,-0.739,0,1st,OFF,OFF,OFF,OFF,OFF,OFF,1.562,1.562,ON,OFF,650,0,OFF,OFF,OFF,ON,Gasoline,0.980,OFF,OFF,0.684,ON,1.250,14.902,18,0,0.742,0.742,2.305,0.742,0.918,2.031,46.275,0,14.902,90,0.039,0.062,OFF,ECT 5th,NA,OFF,96.778,96.646,13.333,0,Not Avl,0,0,0,0,ON,ON,0,0,4
257,0,14.088,Not Avl,Compl,Compl,Unable,OFF,Not Avl,Compl,Compl,Unable,OFF,41.406,51.562,26.875,28.125,19.531,39.551,15.686,31.765,0.781,1.582,ON,0,OFF,ON,ON,1.004,1.002,0.012,0,3.322,3.303,0,96,51199.219,13.808,24.314,OFF,OFF,OFF,OFF,OFF,OFF,OFF,Avail,Incmpl,Incmpl,Enable,Avail,422.300,212.900,422.300,212.900,ON,Avail,Compl,Enable,78,0,0,0,0,0,0,6,A,0,0,Avail,Incmpl,Incmpl,Enable,OFF,OFF,972,713.250,51199.219,51199.219,51199.219,51199.219,51199.219,51199.219,1GRFE ,33.333,Avail,Compl,Incmpl,Enable,7.996,OFF,OFF,OFF,OFF,ON,ON,Avail,Compl,Enable,Compl,CL,CL,Compl,Unable,Not Avl,Compl,Compl,Enable,OFF,3090,15,538,ON,4.375,8.750,0.098,2233,10,21,-3,OFF,2.344,4.688,3.790,OFF,0,0,78,Avail,Compl,Enable,0,GRN2#  ,ON,0,ACTIVE,ACTIVE,0.972,0.947,0.230,0.210,68.086,59.332,Avail,Compl,Avail,Incmpl,Incmpl,Enable,OBD II (California ARB),OFF,OFF,29.395,-0.739,0,1st,OFF,OFF,OFF,OFF,OFF,OFF,1.562,1.562,ON,OFF,650,0,OFF,OFF,OFF,ON,Gasoline,0.979,OFF,OFF,0.684,ON,1.172,14.902,18,0,0.742,0.742,2.305,0.742,0.918,2.031,46.275,0,14.902,90,0.039,0.062,OFF,ECT 5th,NA,OFF,96.800,96.778,13.333,0,Not Avl,0,0,0,0,ON,ON,0,0,4
258,0,14.102,Not Avl,Compl,Compl,Unable,OFF,Not Avl,Compl,Compl,Unable,OFF,39.844,50,26.875,28.125,19.531,39.551,15.686,31.765,0.781,1.582,ON,0,OFF,ON,ON,1.004,1.004,0.012,0.008,3.318,3.313,0,96,51199.219,13.828,24.314,OFF,OFF,OFF,OFF,OFF,OFF,OFF,Avail,Incmpl,Incmpl,Enable,Avail,422.300,212.900,422.300,212.900,ON,Avail,Compl,Enable,78,0,0,0,0,0,0,6,A,0,0,Avail,Incmpl,Incmpl,Enable,OFF,OFF,972,700,51199.219,51199.219,51199.219,51199.219,51199.219,51199.219,1GRFE ,32.941,Avail,Compl,Incmpl,Enable,7.996,OFF,OFF,OFF,OFF,ON,ON,Avail,Compl,Enable,Compl,CL,CL,Compl,Unable,Not Avl,Compl,Compl,Enable,OFF,3090,15,549,ON,4.375,8.750,0.098,2262,10,21,-3,OFF,2.344,4.688,3.790,OFF,0,0,78,Avail,Compl,Enable,0,GRN2#  ,ON,0,ACTIVE,ACTIVE,0.967,0.947,0.230,0.210,67.762,58.684,Avail,Compl,Avail,Incmpl,Incmpl,Enable,OBD II (California ARB),OFF,OFF,29.150,-0.739,0,1st,OFF,OFF,OFF,OFF,OFF,OFF,1.562,1.562,ON,OFF,650,0,OFF,OFF,OFF,ON,Gasoline,0.978,OFF,OFF,0.684,ON,1.250,14.902,18,0,0.742,0.742,2.305,0.742,0.918,2.031,46.275,0,14.902,90,0.039,0.066,OFF,ECT 5th,NA,OFF,96.800,96.822,13.725,0,Not Avl,0,0,0,0,ON,ON,0,0,4
259,0,14.103,Not Avl,Compl,Compl,Unable,OFF,Not Avl,Compl,Compl,Unable,OFF,38.281,44.531,26.875,28.125,19.531,39.551,15.686,31.765,0.781,1.582,ON,0,OFF,ON,ON,1.002,1.002,0.008,0,3.313,3.298,0,96,51199.219,13.828,24.706,OFF,OFF,OFF,OFF,OFF,OFF,OFF,Avail,Incmpl,Incmpl,Enable,Avail,422.300,212.800,422.300,212.800,ON,Avail,Compl,Enable,78,0,0,0,0,0,0,6,A,0,0,Avail,Incmpl,Incmpl,Enable,OFF,OFF,972,693.750,51199.219,51199.219,51199.219,51199.219,51199.219,51199.219,1GRFE ,32.941,Avail,Compl,Incmpl,Enable,7.996,OFF,OFF,OFF,OFF,ON,ON,Avail,Compl,Enable,Compl,CL,CL,Compl,Unable,Not Avl,Compl,Compl,Enable,OFF,3090,15,560,ON,4.375,8.750,0.098,2269,10,21,-3,OFF,2.344,4.688,3.810,OFF,0,0,85,Avail,Compl,Enable,0,GRN2#  ,ON,0,ACTIVE,ACTIVE,0.972,0.947,0.230,0.210,67.438,58.684,Avail,Compl,Avail,Incmpl,Incmpl,Enable,OBD II (California ARB),OFF,OFF,28.912,-0.739,0,1st,OFF,OFF,OFF,OFF,OFF,OFF,1.562,1.562,ON,OFF,650,0,OFF,OFF,OFF,ON,Gasoline,0.977,OFF,OFF,0.684,ON,1.172,14.902,18,0,0.742,0.742,2.305,0.742,0.918,2.031,46.275,0,14.902,90,0.039,0.066,OFF,ECT 5th,NA,OFF,96.778,96.668,13.725,0,Not Avl,0,0,0,0,ON,ON,0,0,4
260,0,14.109,Not Avl,Compl,Compl,Unable,OFF,Not Avl,Compl,Compl,Unable,OFF,38.281,40.625,26.875,28.125,19.531,39.551,15.686,31.765,0.781,1.582,ON,0,OFF,ON,ON,1.002,0.999,0.008,-0.008,3.313,3.283,0,96,51199.219,13.847,24.706,OFF,OFF,OFF,OFF,OFF,OFF,OFF,Avail,Incmpl,Incmpl,Enable,Avail,422.300,212.800,422.300,212.800,ON,Avail,Compl,Enable,78,0,0,0,0,0,0,6,A,0,0,Avail,Incmpl,Incmpl,Enable,OFF,OFF,973,702.250,51199.219,51199.219,51199.219,51199.219,51199.219,51199.219,1GRFE ,33.333,Avail,Compl,Incmpl,Enable,7.996,OFF,OFF,OFF,OFF,ON,ON,Avail,Compl,Enable,Compl,CL,CL,Compl,Unable,Not Avl,Compl,Compl,Enable,OFF,3090,15,571,ON,4.375,8.750,0.099,2272,10,21,-3,OFF,2.344,4.688,3.790,OFF,0,0,85,Avail,Compl,Enable,0,GRN2#  ,ON,0,ACTIVE,ACTIVE,0.967,0.947,0.250,0.210,67.762,59.332,Avail,Compl,Avail,Incmpl,Incmpl,Enable,OBD II (California ARB),OFF,OFF,29.150,-0.739,0,1st,OFF,OFF,OFF,OFF,OFF,OFF,2.344,1.562,ON,OFF,650,0,OFF,OFF,OFF,ON,Gasoline,0.976,OFF,OFF,0.684,ON,1.172,14.902,18,0,0.742,0.742,2.305,0.742,0.918,2.031,46.275,0,14.902,90,0.039,0.066,OFF,ECT 5th,NA,OFF,96.778,96.734,13.333,0,Not Avl,0,0,0,0,ON,ON,0,0,4
261,0,14.102,Not Avl,Compl,Compl,Unable,OFF,Not Avl,Compl,Compl,Unable,OFF,38.281,39.062,26.875,28.125,19.531,39.551,15.686,31.765,0.781,1.582,ON,0,OFF,ON,ON,1.001,0.998,0.008,-0.012,3.313,3.279,0,96,51199.219,13.847,24.314,OFF,OFF,OFF,OFF,OFF,OFF,OFF,Avail,Incmpl,Incmpl,Enable,Avail,422.300,212.800,422.300,212.800,ON,Avail,Compl,Enable,78,0,0,0,0,0,0,6,A,0,0,Avail,Incmpl,Incmpl,Enable,OFF,OFF,973,708.500,51199.219,51199.219,51199.219,51199.219,51199.219,51199.219,1GRFE ,33.725,Avail,Compl,Incmpl,Enable,7.996,OFF,OFF,OFF,OFF,ON,ON,Avail,Compl,Enable,Compl,CL,CL,Compl,Unable,Not Avl,Compl,Compl,Enable,OFF,3090,15,582,ON,4.375,8.750,0.099,2269,10,21,-3,OFF,2.344,4.688,3.810,OFF,0,0,85,Avail,Compl,Enable,0,GRN2#  ,ON,0,ACTIVE,ACTIVE,0.967,0.942,0.250,0.210,68.086,59.332,Avail,Compl,Avail,Incmpl,Incmpl,Enable,OBD II (California ARB),OFF,OFF,29.279,-0.739,0,1st,OFF,OFF,OFF,OFF,OFF,OFF,2.344,1.562,ON,OFF,650,0,OFF,OFF,OFF,ON,Gasoline,0.975,OFF,OFF,0.684,ON,1.172,14.902,18,0,0.742,0.742,2.305,0.742,0.918,2.031,46.275,0,14.902,90,0.039,0.066,OFF,ECT 5th,NA,OFF,96.822,96.910,13.333,0,Not Avl,0,0,0,0,ON,ON,0,0,4
262,0,14.116,Not Avl,Compl,Compl,Unable,OFF,Not Avl,Compl,Compl,Unable,OFF,38.281,38.281,26.875,28.125,19.531,39.551,15.686,31.765,0.781,1.582,ON,0,OFF,ON,ON,1.002,0.998,0.008,-0.012,3.313,3.279,0,96,51199.219,13.847,24.314,OFF,OFF,OFF,OFF,OFF,OFF,OFF,Avail,Incmpl,Incmpl,Enable,Avail,422.300,212.700,422.300,212.700,ON,Avail,Compl,Enable,78,0,0,0,0,0,0,6,A,0,0,Avail,Incmpl,Incmpl,Enable,OFF,OFF,974,702.250,51199.219,51199.219,51199.219,51199.219,51199.219,51199.219,1GRFE ,33.333,Avail,Compl,Incmpl,Enable,7.996,OFF,OFF,OFF,OFF,ON,ON,Avail,Compl,Enable,Compl,CL,CL,Compl,Unable,Not Avl,Compl,Compl,Enable,OFF,3090,15,596,ON,4.375,8.750,0.099,2272,10,21,-3,OFF,2.344,4.688,3.790,OFF,0,0,87,Avail,Compl,Enable,0,GRN2#  ,ON,0,ACTIVE,ACTIVE,0.967,0.947,0.270,0.230,68.410,59.008,Avail,Compl,Avail,Incmpl,Incmpl,Enable,OBD II (California ARB),OFF,OFF,29.150,-0.739,0,1st,OFF,OFF,OFF,OFF,OFF,OFF,2.344,1.562,ON,OFF,650,0,OFF,OFF,OFF,ON,Gasoline,0.974,OFF,OFF,0.684,ON,1.172,14.902,18,0,0.742,0.742,2.305,0.742,0.918,2.031,46.275,0,14.902,90,0.039,0.066,OFF,ECT 5th,NA,OFF,96.800,96.778,13.333,0,Not Avl,0,0,0,0,ON,ON,0,0,4
263,0,14.100,Not Avl,Compl,Compl,Unable,OFF,Not Avl,Compl,Compl,Unable,OFF,38.281,38.281,26.875,28.125,19.531,39.551,15.686,31.765,0.781,1.582,ON,0,OFF,ON,ON,0.998,0.996,0,-0.016,3.293,3.269,0,96,51199.219,13.847,24.706,OFF,OFF,OFF,OFF,OFF,OFF,OFF,Avail,Incmpl,Incmpl,Enable,Avail,422.300,212.700,422.300,212.700,ON,Avail,Compl,Enable,78,0,0,0,0,0,0,6,A,0,0,Avail,Incmpl,Incmpl,Enable,OFF,OFF,974,704.500,51199.219,51199.219,51199.219,51199.219,51199.219,51199.219,1GRFE ,33.333,Avail,Compl,Incmpl,Enable,7.996,OFF,OFF,OFF,OFF,ON,ON,Avail,Compl,Enable,Compl,CL,CL,Compl,Unable,Not Avl,Compl,Compl,Enable,OFF,3090,15,9,ON,4.375,8.750,0.099,2272,10,21,-3,OFF,2.344,4.688,3.790,OFF,0,0,87,Avail,Compl,Enable,0,GRN2#  ,ON,0,ACTIVE,ACTIVE,0.967,0.947,0.270,0.230,68.410,59.332,Avail,Compl,Avail,Incmpl,Incmpl,Enable,OBD II (California ARB),OFF,OFF,29.279,-0.739,0,1st,OFF,OFF,OFF,OFF,OFF,OFF,2.344,1.562,ON,OFF,650,0,OFF,OFF,OFF,ON,Gasoline,0.973,OFF,OFF,0.684,ON,1.250,14.902,18,0,0.742,0.742,2.305,0.742,0.918,2.031,46.275,0,14.902,90,0.039,0.066,OFF,ECT 5th,NA,OFF,96.778,96.646,13.333,0,Not Avl,0,0,0,0,ON,ON,0,0,4
264,0,14.100,Not Avl,Compl,Compl,Unable,OFF,Not Avl,Compl,Compl,Unable,OFF,43.750,38.281,26.875,28.125,19.531,39.551,15.686,31.765,0.781,1.582,ON,0,OFF,ON,ON,0.996,0.995,-0.012,-0.016,3.279,3.269,0,96,51199.219,13.847,24.706,OFF,OFF,OFF,OFF,OFF,OFF,OFF,Avail,Incmpl,Incmpl,Enable,Avail,422.300,212.700,422.300,212.700,ON,Avail,Compl,Enable,78,0,0,0,0,0,0,6,A,0,0,Avail,Incmpl,Incmpl,Enable,OFF,OFF,974,702.250,51199.219,51199.219,51199.219,51199.219,51199.219,51199.219,1GRFE ,33.333,Avail,Compl,Incmpl,Enable,7.996,OFF,OFF,OFF,OFF,ON,ON,Avail,Compl,Enable,Compl,CL,CL,Compl,Unable,Not Avl,Compl,Compl,Enable,OFF,3090,15,22,ON,4.375,8.750,0.099,2273,10,21,-3,OFF,2.344,4.688,3.790,OFF,0,0,87,Avail,Compl,Enable,0,GRN2#  ,ON,0,ACTIVE,ACTIVE,0.972,0.947,0.290,0.230,68.734,59.008,Avail,Compl,Avail,Incmpl,Incmpl,Enable,OBD II (California ARB),OFF,OFF,29.150,-0.739,0,1st,OFF,OFF,OFF,OFF,OFF,OFF,2.344,1.562,ON,OFF,650,0,OFF,OFF,OFF,ON,Gasoline,0.974,OFF,OFF,0.684,ON,1.250,14.902,18,0,0.742,0.742,2.305,0.742,0.918,2.031,46.275,0,14.902,90,0.039,0.066,OFF,ECT 5th,NA,OFF,96.800,96.822,13.333,0,Not Avl,0,0,0,0,ON,ON,0,0,4
265,0,14.086,Not Avl,Compl,Compl,Unable,OFF,Not Avl,Compl,Compl,Unable,OFF,53.125,38.281,26.875,28.125,19.531,39.551,15.686,31.765,0.781,1.582,ON,0,OFF,ON,ON,0.994,0.998,-0.012,-0.008,3.274,3.283,0,96,51199.219,13.847,24.314,OFF,OFF,OFF,OFF,OFF,OFF,OFF,Avail,Incmpl,Incmpl,Enable,Avail,422.300,212.600,422.300,212.600,ON,Avail,Compl,Enable,78,0,0,0,0,0,0,6,A,0,0,Avail,Incmpl,Incmpl,Enable,OFF,OFF,975,706.250,51199.219,51199.219,51199.219,51199.219,51199.219,51199.219,1GRFE ,33.333,Avail,Compl,Incmpl,Enable,7.996,OFF,OFF,OFF,OFF,ON,ON,Avail,Compl,Enable,Compl,CL,CL,Compl,Unable,Not Avl,Compl,Compl,Enable,OFF,3090,15,35,ON,4.375,8.750,0.100,2262,10,21,-3,OFF,2.344,4.688,3.790,OFF,0,0,82,Avail,Compl,Enable,0,GRN2#  ,ON,0,ACTIVE,ACTIVE,0.972,0.947,0.290,0.230,68.734,59.008,Avail,Compl,Avail,Incmpl,Incmpl,Enable,OBD II (California ARB),OFF,OFF,29.150,-0.739,0,1st,OFF,OFF,OFF,OFF,OFF,OFF,1.562,1.562,ON,OFF,650,0,OFF,OFF,OFF,ON,Gasoline,0.976,OFF,OFF,0.684,ON,1.172,14.902,18,0,0.742,0.742,2.305,0.742,0.918,2.031,46.275,0,14.902,90,0.039,0.066,OFF,ECT 5th,NA,OFF,96.778,96.646,13.333,0,Not Avl,0,0,0,0,ON,ON,0,0,4
266,0,14.092,Not Avl,Compl,Compl,Unable,OFF,Not Avl,Compl,Compl,Unable,OFF,56.250,38.281,26.875,28.125,19.531,39.551,15.686,31.765,0.781,1.582,ON,0,OFF,ON,ON,0.995,0.997,-0.012,-0.012,3.279,3.279,0,96,51199.219,13.847,24.314,OFF,OFF,OFF,OFF,OFF,OFF,OFF,Avail,Incmpl,Incmpl,Enable,Avail,422.300,212.600,422.300,212.600,ON,Avail,Compl,Enable,78,0,0,0,0,0,0,6,A,0,0,Avail,Incmpl,Incmpl,Enable,OFF,OFF,975,707,51199.219,51199.219,51199.219,51199.219,51199.219,51199.219,1GRFE ,33.333,Avail,Compl,Incmpl,Enable,7.996,OFF,OFF,OFF,OFF,ON,ON,Avail,Compl,Enable,Compl,CL,CL,Compl,Unable,Not Avl,Compl,Compl,Enable,OFF,3090,15,48,ON,4.375,8.750,0.100,2269,10,21,-3,OFF,2.344,4.688,3.790,OFF,0,0,82,Avail,Compl,Enable,0,GRN2#  ,ON,0,ACTIVE,ACTIVE,0.972,0.947,0.310,0.230,68.734,59.332,Avail,Compl,Avail,Incmpl,Incmpl,Enable,OBD II (California ARB),OFF,OFF,29.279,-0.739,0,1st,OFF,OFF,OFF,OFF,OFF,OFF,1.562,1.562,ON,OFF,650,0,OFF,OFF,OFF,ON,Gasoline,0.978,OFF,OFF,0.684,ON,1.250,14.902,18,0,0.742,0.742,2.305,0.742,0.918,2.031,46.275,0,14.902,90,0.039,0.066,OFF,ECT 5th,NA,OFF,96.800,96.866,13.333,0,Not Avl,0,0,0,0,ON,ON,0,0,4
267,0,14.099,Not Avl,Compl,Compl,Unable,OFF,Not Avl,Compl,Compl,Unable,OFF,57.812,42.188,26.875,28.125,19.531,39.551,15.686,31.765,0.781,1.582,ON,0,OFF,ON,ON,0.996,0.998,0,-0.008,3.293,3.283,0,96,51199.219,13.828,24.706,OFF,OFF,OFF,OFF,OFF,OFF,OFF,Avail,Incmpl,Incmpl,Enable,Avail,422.300,212.600,422.300,212.600,ON,Avail,Compl,Enable,78,0,0,0,0,0,0,6,A,0,0,Avail,Incmpl,Incmpl,Enable,OFF,OFF,975,706.250,51199.219,51199.219,51199.219,51199.219,51199.219,51199.219,1GRFE ,33.333,Avail,Compl,Incmpl,Enable,7.996,OFF,OFF,OFF,OFF,ON,ON,Avail,Compl,Enable,Compl,CL,CL,Compl,Unable,Not Avl,Compl,Compl,Enable,OFF,3090,15,58,ON,4.375,8.750,0.100,2273,10,21,-3,OFF,2.344,4.688,3.790,OFF,0,0,82,Avail,Compl,Enable,0,GRN2#  ,ON,0,ACTIVE,ACTIVE,0.967,0.947,0.330,0.250,68.410,59.656,Avail,Compl,Avail,Incmpl,Incmpl,Enable,OBD II (California ARB),OFF,OFF,29.279,-0.739,0,1st,OFF,OFF,OFF,OFF,OFF,OFF,1.562,1.562,ON,OFF,650,0,OFF,OFF,OFF,ON,Gasoline,0.979,OFF,OFF,0.684,ON,1.250,14.902,18,0,0.742,0.742,2.305,0.742,0.918,2.031,46.275,0,14.902,90,0.043,0.066,OFF,ECT 5th,NA,OFF,96.822,96.932,13.333,0,Not Avl,0,0,0,0,ON,ON,0,0,4
268,0,14.099,Not Avl,Compl,Compl,Unable,OFF,Not Avl,Compl,Compl,Unable,OFF,58.594,52.344,26.875,28.125,19.531,39.551,15.686,31.765,0.781,1.582,ON,0,OFF,ON,ON,0.996,0.997,0,-0.012,3.293,3.279,0,96,51199.219,13.828,24.314,OFF,OFF,OFF,OFF,OFF,OFF,OFF,Avail,Incmpl,Incmpl,Enable,Avail,422.300,212.500,422.300,212.500,ON,Avail,Compl,Enable,78,0,0,0,0,0,0,6,A,0,0,Avail,Incmpl,Incmpl,Enable,OFF,OFF,976,711.500,51199.219,51199.219,51199.219,51199.219,51199.219,51199.219,1GRFE ,33.725,Avail,Compl,Incmpl,Enable,7.996,OFF,OFF,OFF,OFF,ON,ON,Avail,Compl,Enable,Compl,CL,CL,Compl,Unable,Not Avl,Compl,Compl,Enable,OFF,3090,15,72,ON,4.375,8.750,0.100,2258,10,21,-3,OFF,2.344,4.688,3.790,OFF,0,0,79,Avail,Compl,Enable,0,GRN2#  ,ON,0,ACTIVE,ACTIVE,0.967,0.947,0.330,0.250,68.410,59.332,Avail,Compl,Avail,Incmpl,Incmpl,Enable,OBD II (California ARB),OFF,OFF,29.279,-0.708,0,1st,OFF,OFF,OFF,OFF,OFF,OFF,1.562,1.562,ON,OFF,650,0,OFF,OFF,OFF,ON,Gasoline,0.982,OFF,OFF,0.684,ON,1.250,14.902,18,0,0.742,0.742,2.305,0.742,0.918,2.031,46.275,0,14.902,90,0.039,0.066,OFF,ECT 5th,NA,OFF,96.800,96.888,13.333,0,Not Avl,0,0,0,0,ON,ON,0,0,4
269,0,14.102,Not Avl,Compl,Compl,Unable,OFF,Not Avl,Compl,Compl,Unable,OFF,49.219,56.250,26.875,28.125,19.531,39.551,15.686,31.765,0.781,1.582,ON,0,OFF,ON,ON,0.998,0.998,0.004,-0.008,3.308,3.283,0,96,51199.219,13.847,24.706,OFF,OFF,OFF,OFF,OFF,OFF,OFF,Avail,Incmpl,Incmpl,Enable,Avail,422.300,212.500,422.300,212.500,ON,Avail,Compl,Enable,78,0,0,0,0,0,0,6,A,0,0,Avail,Incmpl,Incmpl,Enable,OFF,OFF,976,700.750,51199.219,51199.219,51199.219,51199.219,51199.219,51199.219,1GRFE ,33.333,Avail,Compl,Incmpl,Enable,7.996,OFF,OFF,OFF,OFF,ON,ON,Avail,Compl,Enable,Compl,CL,CL,Compl,Unable,Not Avl,Compl,Compl,Enable,OFF,3090,15,85,ON,4.375,8.750,0.100,2265,10,21,-3,OFF,2.344,4.688,3.810,OFF,0,0,79,Avail,Compl,Enable,0,GRN2#  ,ON,0,ACTIVE,ACTIVE,0.967,0.947,0.350,0.250,68.734,59.332,Avail,Compl,Avail,Incmpl,Incmpl,Enable,OBD II (California ARB),OFF,OFF,29.279,-0.708,0,1st,OFF,OFF,OFF,OFF,OFF,OFF,1.562,1.562,ON,OFF,650,0,OFF,OFF,OFF,ON,Gasoline,0.982,OFF,OFF,0.684,ON,1.250,14.902,18,0,0.742,0.742,2.305,0.742,0.918,2.031,46.275,0,14.902,90,0.039,0.066,OFF,ECT 5th,NA,OFF,96.778,96.734,13.725,0,Not Avl,0,0,0,0,ON,ON,0,0,4
270,0,14.103,Not Avl,Compl,Compl,Unable,OFF,Not Avl,Compl,Compl,Unable,OFF,42.188,57.812,26.875,28.125,19.531,39.551,15.686,31.765,0.781,1.582,ON,0,OFF,ON,ON,0.996,0.998,0.016,0.004,3.298,3.283,0,96,51199.219,13.847,24.706,OFF,OFF,OFF,OFF,OFF,OFF,OFF,Avail,Incmpl,Incmpl,Enable,Avail,422.300,212.500,422.300,212.500,ON,Avail,Compl,Enable,78,0,0,0,0,0,0,6,A,0,0,Avail,Incmpl,Incmpl,Enable,OFF,OFF,976,700,51199.219,51199.219,51199.219,51199.219,51199.219,51199.219,1GRFE ,33.725,Avail,Compl,Incmpl,Enable,7.996,OFF,OFF,OFF,OFF,ON,ON,Avail,Compl,Enable,Compl,CL,CL,Compl,Unable,Not Avl,Compl,Compl,Enable,OFF,3090,15,99,ON,4.375,8.750,0.100,2269,10,21,-3,OFF,2.344,4.688,3.840,OFF,0,0,79,Avail,Compl,Enable,0,GRN2#  ,ON,0,ACTIVE,ACTIVE,0.967,0.947,0.350,0.250,68.734,59.332,Avail,Compl,Avail,Incmpl,Incmpl,Enable,OBD II (California ARB),OFF,OFF,29.150,-0.708,0,1st,OFF,OFF,OFF,OFF,OFF,OFF,1.562,0.781,ON,OFF,650,0,OFF,OFF,OFF,ON,Gasoline,0.983,OFF,OFF,0.684,ON,1.172,14.902,18,0,0.742,0.742,2.305,0.742,0.918,2.031,46.275,0,14.902,90,0.039,0.062,OFF,ECT 5th,NA,OFF,96.778,96.646,13.725,0,Not Avl,0,0,0,0,ON,ON,0,0,4
271,0,14.120,Not Avl,Compl,Compl,Unable,OFF,Not Avl,Compl,Compl,Unable,OFF,39.844,50,26.875,28.125,19.531,39.551,15.686,31.765,0.781,1.582,ON,0,OFF,ON,ON,1.000,0.997,0.012,-0.008,3.318,3.283,0,96,51199.219,13.847,24.314,OFF,OFF,OFF,OFF,OFF,OFF,OFF,Avail,Incmpl,Incmpl,Enable,Avail,422.300,212.300,422.300,212.300,ON,Avail,Compl,Enable,78,0,0,0,0,0,0,6,A,0,0,Avail,Incmpl,Incmpl,Enable,OFF,OFF,977,718.750,51199.219,51199.219,51199.219,51199.219,51199.219,51199.219,1GRFE ,33.725,Avail,Compl,Incmpl,Enable,7.996,OFF,OFF,OFF,OFF,ON,ON,Avail,Compl,Enable,Compl,CL,CL,Compl,Unable,Not Avl,Compl,Compl,Enable,OFF,3090,14.500,113,ON,4.375,8.750,0.100,2258,10,21,-3,OFF,2.344,4.688,3.790,OFF,0,0,78,Avail,Compl,Enable,0,GRN2#  ,ON,0,ACTIVE,ACTIVE,0.967,0.947,0.370,0.270,68.734,59.008,Avail,Compl,Avail,Incmpl,Incmpl,Enable,OBD II (California ARB),OFF,OFF,29.755,-0.708,0,1st,OFF,OFF,OFF,OFF,OFF,OFF,1.562,0.781,ON,OFF,650,0,OFF,OFF,OFF,ON,Gasoline,0.983,OFF,OFF,0.684,ON,1.172,14.902,18,0,0.742,0.742,2.305,0.742,0.918,2.031,46.275,0,14.902,90,0.039,0.062,OFF,ECT 5th,NA,OFF,96.778,96.734,13.333,0,Not Avl,0,0,0,0,ON,ON,0,0,4
272,0,14.102,Not Avl,Compl,Compl,Unable,OFF,Not Avl,Compl,Compl,Unable,OFF,38.281,42.969,26.875,28.125,19.531,39.551,15.686,31.765,0.781,1.582,ON,0,OFF,ON,ON,0.995,0.997,-0.004,-0.008,3.288,3.283,0,96,51199.219,13.867,24.314,OFF,OFF,OFF,OFF,OFF,OFF,OFF,Avail,Incmpl,Incmpl,Enable,Avail,422.300,212.300,422.300,212.300,ON,Avail,Compl,Enable,78,0,0,0,0,0,0,6,A,0,0,Avail,Incmpl,Incmpl,Enable,OFF,OFF,977,717.750,51199.219,51199.219,51199.219,51199.219,51199.219,51199.219,1GRFE ,33.725,Avail,Compl,Incmpl,Enable,7.996,OFF,OFF,OFF,OFF,ON,ON,Avail,Compl,Enable,Compl,CL,CL,Compl,Unable,Not Avl,Compl,Compl,Enable,OFF,3090,15,126,ON,4.375,8.750,0.100,2232,10,21,-3,OFF,2.344,4.688,3.810,OFF,0,0,78,Avail,Compl,Enable,0,GRN2#  ,ON,0,ACTIVE,ACTIVE,0.972,0.947,0.390,0.270,69.059,59.656,Avail,Compl,Avail,Incmpl,Incmpl,Enable,OBD II (California ARB),OFF,OFF,29.517,-0.708,0,1st,OFF,OFF,OFF,OFF,OFF,OFF,0.781,1.562,ON,OFF,650,0,OFF,OFF,OFF,ON,Gasoline,0.985,OFF,OFF,0.684,ON,1.250,14.902,18,0,0.742,0.742,2.305,0.742,0.918,2.031,46.275,0,14.902,90,0.039,0.062,OFF,ECT 5th,NA,OFF,96.756,96.624,13.333,0,Not Avl,0,0,0,0,ON,ON,0,0,4
273,0,14.103,Not Avl,Compl,Compl,Unable,OFF,Not Avl,Compl,Compl,Unable,OFF,38.281,40.625,26.875,28.125,19.531,39.551,15.686,31.765,0.781,1.582,ON,0,OFF,ON,ON,0.990,0.997,-0.016,-0.008,3.269,3.283,0,96,51199.219,13.847,24.314,OFF,OFF,OFF,OFF,OFF,OFF,OFF,Avail,Incmpl,Incmpl,Enable,Avail,422.300,212.300,422.300,212.300,ON,Avail,Compl,Enable,78,0,0,0,0,0,0,6,A,0,0,Avail,Incmpl,Incmpl,Enable,OFF,OFF,977,714.750,51199.219,51199.219,51199.219,51199.219,51199.219,51199.219,1GRFE ,33.333,Avail,Compl,Incmpl,Enable,7.996,OFF,OFF,OFF,OFF,ON,ON,Avail,Compl,Enable,Compl,CL,CL,Compl,Unable,Not Avl,Compl,Compl,Enable,OFF,3090,15,137,ON,4.375,8.750,0.100,2218,10,21,-3,OFF,2.344,4.688,3.790,OFF,0,0,78,Avail,Compl,Enable,0,GRN2#  ,ON,0,ACTIVE,ACTIVE,0.972,0.947,0.390,0.270,69.383,59.332,Avail,Compl,Avail,Incmpl,Incmpl,Enable,OBD II (California ARB),OFF,OFF,28.790,-0.708,0,1st,OFF,OFF,OFF,OFF,OFF,OFF,0.781,0.781,ON,OFF,650,0,OFF,OFF,OFF,ON,Gasoline,0.986,OFF,OFF,0.684,ON,1.172,14.902,18,0,0.742,0.742,2.305,0.742,0.918,2.031,46.275,0,14.902,90,0.039,0.062,OFF,ECT 5th,NA,OFF,96.800,96.822,13.333,0,Not Avl,0,0,0,0,ON,ON,0,0,4
274,0,14.120,Not Avl,Compl,Compl,Unable,OFF,Not Avl,Compl,Compl,Unable,OFF,38.281,39.062,26.875,28.125,19.531,39.551,15.686,31.765,0.781,1.582,ON,0,OFF,ON,ON,0.991,0.998,-0.012,-0.004,3.279,3.288,0,96,51199.219,13.847,24.314,OFF,OFF,OFF,OFF,OFF,OFF,OFF,Avail,Incmpl,Incmpl,Enable,Avail,422.300,212.200,422.300,212.200,ON,Avail,Compl,Enable,78,0,0,0,0,0,0,6,A,0,0,Avail,Incmpl,Incmpl,Enable,OFF,OFF,978,717.750,51199.219,51199.219,51199.219,51199.219,51199.219,51199.219,1GRFE ,33.333,Avail,Compl,Incmpl,Enable,7.996,OFF,OFF,OFF,OFF,ON,ON,Avail,Compl,Enable,Compl,CL,CL,Compl,Unable,Not Avl,Compl,Compl,Enable,OFF,3090,15,148,ON,4.375,8.750,0.099,2232,10,21,-3,OFF,2.344,4.688,3.790,OFF,0,0,62,Avail,Compl,Enable,0,GRN2#  ,ON,0,ACTIVE,ACTIVE,0.972,0.947,0.410,0.270,69.059,59.332,Avail,Compl,Avail,Incmpl,Incmpl,Enable,OBD II (California ARB),OFF,OFF,29.395,-0.708,0,1st,OFF,OFF,OFF,OFF,OFF,OFF,0.781,1.562,ON,OFF,650,0,OFF,OFF,OFF,ON,Gasoline,0.989,OFF,OFF,0.684,ON,1.250,14.902,18,0,0.742,0.742,2.305,0.742,0.918,2.031,46.275,0,14.902,90,0.039,0.062,OFF,ECT 5th,NA,OFF,96.822,96.932,13.333,0,Not Avl,0,0,0,0,ON,ON,0,0,4
275,0,14.105,Not Avl,Compl,Compl,Unable,OFF,Not Avl,Compl,Compl,Unable,OFF,38.281,38.281,26.875,28.125,19.531,39.551,15.686,31.765,0.781,1.582,ON,0,OFF,ON,ON,0.993,0.999,-0.004,0,3.288,3.293,0,96,51199.219,13.847,24.314,OFF,OFF,OFF,OFF,OFF,OFF,OFF,Avail,Incmpl,Incmpl,Enable,Avail,422.300,212.200,422.300,212.200,ON,Avail,Compl,Enable,78,0,0,0,0,0,0,6,A,0,0,Avail,Incmpl,Incmpl,Enable,OFF,OFF,978,710,51199.219,51199.219,51199.219,51199.219,51199.219,51199.219,1GRFE ,33.333,Avail,Compl,Incmpl,Enable,7.996,OFF,OFF,OFF,OFF,ON,ON,Avail,Compl,Enable,Compl,CL,CL,Compl,Unable,Not Avl,Compl,Compl,Enable,OFF,3090,15,159,ON,4.375,8.750,0.099,2218,10,21,-3,OFF,2.344,4.688,3.790,OFF,0,0,62,Avail,Compl,Enable,0,GRN2#  ,ON,0,ACTIVE,ACTIVE,0.967,0.947,0.410,0.270,69.383,59.332,Avail,Compl,Avail,Incmpl,Incmpl,Enable,OBD II (California ARB),OFF,OFF,29.034,-0.708,0,1st,OFF,OFF,OFF,OFF,OFF,OFF,0.781,1.562,ON,OFF,650,0,OFF,OFF,OFF,ON,Gasoline,0.991,OFF,OFF,0.684,ON,1.172,14.902,18,0,0.742,0.742,2.305,0.742,0.918,2.031,46.275,0,14.902,90,0.039,0.062,OFF,ECT 5th,NA,OFF,96.778,96.646,13.333,0,Not Avl,0,0,0,0,ON,ON,0,0,4
276,0,14.103,Not Avl,Compl,Compl,Unable,OFF,Not Avl,Compl,Compl,Unable,OFF,38.281,38.281,26.875,28.125,19.531,39.551,15.686,31.765,0.781,1.582,ON,0,OFF,ON,ON,0.994,0.999,0,0,3.298,3.298,0,96,51199.219,13.828,24.314,OFF,OFF,OFF,OFF,OFF,OFF,OFF,Avail,Incmpl,Incmpl,Enable,Avail,422.300,212.200,422.300,212.200,ON,Avail,Compl,Enable,78,0,0,0,0,0,0,6,A,0,0,Avail,Incmpl,Incmpl,Enable,OFF,OFF,978,707.750,51199.219,51199.219,51199.219,51199.219,51199.219,51199.219,1GRFE ,33.333,Avail,Compl,Incmpl,Enable,7.996,OFF,OFF,OFF,OFF,ON,ON,Avail,Compl,Enable,Compl,CL,CL,Compl,Unable,Not Avl,Compl,Compl,Enable,OFF,3090,15,172,ON,4.375,8.750,0.099,2233,10,21,-3,OFF,2.344,4.688,3.790,OFF,0,0,62,Avail,Compl,Enable,0,GRN2#  ,ON,0,ACTIVE,ACTIVE,0.967,0.942,0.425,0.290,69.383,59.332,Avail,Compl,Avail,Incmpl,Incmpl,Enable,OBD II (California ARB),OFF,OFF,29.034,-0.708,0,1st,OFF,OFF,OFF,OFF,OFF,OFF,0,1.562,ON,OFF,650,0,OFF,OFF,OFF,ON,Gasoline,0.993,OFF,OFF,0.684,ON,1.172,14.902,18,0,0.742,0.742,2.305,0.742,0.918,2.031,46.275,0,14.902,90,0.039,0.062,OFF,ECT 5th,NA,OFF,96.778,96.734,13.333,0,Not Avl,0,0,0,0,ON,ON,0,0,4
277,0,14.111,Not Avl,Compl,Compl,Unable,OFF,Not Avl,Compl,Compl,Unable,OFF,43.750,38.281,26.875,28.125,19.531,39.551,15.686,31.765,0.781,1.582,ON,0,OFF,ON,ON,0.997,1.000,0.012,0,3.318,3.303,0,96,51199.219,13.847,24.314,OFF,OFF,OFF,OFF,OFF,OFF,OFF,Avail,Incmpl,Incmpl,Enable,Avail,422.300,212.100,422.300,212.100,ON,Avail,Compl,Enable,78,0,0,0,0,0,0,6,A,0,0,Avail,Incmpl,Incmpl,Enable,OFF,OFF,979,708.500,51199.219,51199.219,51199.219,51199.219,51199.219,51199.219,1GRFE ,33.333,Avail,Compl,Incmpl,Enable,7.996,OFF,OFF,OFF,OFF,ON,ON,Avail,Compl,Enable,Compl,CL,CL,Compl,Unable,Not Avl,Compl,Compl,Enable,OFF,3090,15,183,ON,4.375,8.750,0.099,2240,10,21,-3,OFF,2.344,4.688,3.790,OFF,0,0,71,Avail,Compl,Enable,0,GRN2#  ,ON,0,ACTIVE,ACTIVE,0.967,0.947,0.425,0.290,69.707,59.332,Avail,Compl,Avail,Incmpl,Incmpl,Enable,OBD II (California ARB),OFF,OFF,29.150,-0.708,0,1st,OFF,OFF,OFF,OFF,OFF,OFF,0.781,1.562,ON,OFF,650,0,OFF,OFF,OFF,ON,Gasoline,0.994,OFF,OFF,0.684,ON,1.172,14.902,18,0,0.742,0.742,2.305,0.742,0.918,2.031,46.275,0,14.902,90,0.039,0.062,OFF,ECT 5th,NA,OFF,96.822,96.932,13.333,0,Not Avl,0,0,0,0,ON,ON,0,0,4
278,0,14.102,Not Avl,Compl,Compl,Unable,OFF,Not Avl,Compl,Compl,Unable,OFF,50.781,38.281,26.875,28.125,19.531,39.551,15.686,31.765,0.781,1.582,ON,0,OFF,ON,ON,1.002,1.000,0.023,0,3.342,3.298,0,96,51199.219,13.847,24.314,OFF,OFF,OFF,OFF,OFF,OFF,OFF,Avail,Incmpl,Incmpl,Enable,Avail,422.300,212.100,422.300,212.100,ON,Avail,Compl,Enable,78,0,0,0,0,0,0,6,A,0,0,Avail,Incmpl,Incmpl,Enable,OFF,OFF,979,705.250,51199.219,51199.219,51199.219,51199.219,51199.219,51199.219,1GRFE ,33.333,Avail,Compl,Incmpl,Enable,7.996,OFF,OFF,OFF,OFF,ON,ON,Avail,Compl,Enable,Compl,CL,CL,Compl,Unable,Not Avl,Compl,Compl,Enable,OFF,3090,15,193,ON,4.375,8.750,0.099,2240,10,21,-3,OFF,2.344,4.688,3.810,OFF,0,0,71,Avail,Compl,Enable,0,GRN2#  ,ON,0,ACTIVE,ACTIVE,0.972,0.947,0.425,0.290,69.383,59.332,Avail,Compl,Avail,Incmpl,Incmpl,Enable,OBD II (California ARB),OFF,OFF,29.150,-0.708,0,1st,OFF,OFF,OFF,OFF,OFF,OFF,0.781,1.562,ON,OFF,650,0,OFF,OFF,OFF,ON,Gasoline,0.995,OFF,OFF,0.684,ON,1.172,14.902,18,0,0.742,0.742,2.305,0.742,0.918,2.031,46.275,0,14.902,90,0.039,0.062,OFF,ECT 5th,NA,OFF,96.778,96.866,13.333,0,Not Avl,0,0,0,0,ON,ON,0,0,4
279,0,14.103,Not Avl,Compl,Compl,Unable,OFF,Not Avl,Compl,Compl,Unable,OFF,54.688,38.281,26.875,28.125,19.531,39.551,15.686,31.765,0.781,1.582,ON,0,OFF,ON,ON,1.002,1.001,0.023,0.004,3.342,3.308,0,96,51199.219,13.828,24.314,OFF,OFF,OFF,OFF,OFF,OFF,OFF,Avail,Incmpl,Incmpl,Enable,Avail,422.300,212.100,422.300,212.100,ON,Avail,Compl,Enable,78,0,0,0,0,0,0,6,A,0,0,Avail,Incmpl,Incmpl,Enable,OFF,OFF,979,707,51199.219,51199.219,51199.219,51199.219,51199.219,51199.219,1GRFE ,33.333,Avail,Compl,Incmpl,Enable,7.996,OFF,OFF,OFF,OFF,ON,ON,Avail,Compl,Enable,Compl,CL,CL,Compl,Unable,Not Avl,Compl,Compl,Enable,OFF,3090,15,204,ON,4.375,8.750,0.098,2243,10,21,-3,OFF,2.344,4.688,3.790,OFF,0,0,71,Avail,Compl,Enable,0,GRN2#  ,ON,0,ACTIVE,ACTIVE,0.967,0.947,0.445,0.290,69.059,59.332,Avail,Compl,Avail,Incmpl,Incmpl,Enable,OBD II (California ARB),OFF,OFF,29.150,-0.708,0,1st,OFF,OFF,OFF,OFF,OFF,OFF,0.781,1.562,ON,OFF,650,0,OFF,OFF,OFF,ON,Gasoline,0.994,OFF,OFF,0.684,ON,1.172,14.902,18,0,0.742,0.742,2.305,0.742,0.918,2.031,46.275,0,14.902,90,0.039,0.062,OFF,ECT 5th,NA,OFF,96.778,96.778,13.333,0,Not Avl,0,0,0,0,ON,ON,0,0,4
280,0,14.105,Not Avl,Compl,Compl,Unable,OFF,Not Avl,Compl,Compl,Unable,OFF,57.812,38.281,26.875,28.125,19.531,39.551,15.686,31.765,0.781,1.582,ON,0,OFF,ON,ON,1.000,1.000,0.023,0,3.337,3.298,0,96,51199.219,13.847,24.314,OFF,OFF,OFF,OFF,OFF,OFF,OFF,Avail,Incmpl,Incmpl,Enable,Avail,422.300,212,422.300,212,ON,Avail,Compl,Enable,78,0,0,0,0,0,0,6,A,0,0,Avail,Incmpl,Incmpl,Enable,OFF,OFF,980,716.250,51199.219,51199.219,51199.219,51199.219,51199.219,51199.219,1GRFE ,33.725,Avail,Compl,Incmpl,Enable,7.996,OFF,OFF,OFF,OFF,ON,ON,Avail,Compl,Enable,Compl,CL,CL,Compl,Unable,Not Avl,Compl,Compl,Enable,OFF,3090,15,215,ON,4.375,8.750,0.098,2225,10,21,-3,OFF,2.344,4.688,3.790,OFF,0,0,71,Avail,Compl,Enable,0,GRN2#  ,ON,0,ACTIVE,ACTIVE,0.972,0.947,0.445,0.290,69.383,59.656,Avail,Compl,Avail,Incmpl,Incmpl,Enable,OBD II (California ARB),OFF,OFF,29.279,-0.708,0,1st,OFF,OFF,OFF,OFF,OFF,OFF,0.781,1.562,ON,OFF,650,0,OFF,OFF,OFF,ON,Gasoline,0.993,OFF,OFF,0.684,ON,1.172,14.902,18,0,0.742,0.742,2.305,0.742,0.918,2.031,46.275,0,14.902,90,0.039,0.062,OFF,ECT 5th,NA,OFF,96.756,96.624,13.333,0,Not Avl,0,0,0,0,ON,ON,0,0,4
281,0,14.113,Not Avl,Compl,Compl,Unable,OFF,Not Avl,Compl,Compl,Unable,OFF,58.594,38.281,26.875,28.125,19.531,39.551,15.686,31.765,0.781,1.582,ON,0,OFF,ON,ON,1.002,0.999,0.027,0,3.347,3.298,0,96,51199.219,13.847,24.314,OFF,OFF,OFF,OFF,OFF,OFF,OFF,Avail,Incmpl,Incmpl,Enable,Avail,422.300,212,422.300,212,ON,Avail,Compl,Enable,78,0,0,0,0,0,0,6,A,0,0,Avail,Incmpl,Incmpl,Enable,OFF,OFF,980,711.500,51199.219,51199.219,51199.219,51199.219,51199.219,51199.219,1GRFE ,33.333,Avail,Compl,Incmpl,Enable,7.996,OFF,OFF,OFF,OFF,ON,ON,Avail,Compl,Enable,Compl,CL,CL,Compl,Unable,Not Avl,Compl,Compl,Enable,OFF,3090,15,226,ON,4.375,8.750,0.098,2236,10,21,-3,OFF,2.344,4.688,3.810,OFF,0,0,71,Avail,Compl,Enable,0,GRN2#  ,ON,0,ACTIVE,ACTIVE,0.972,0.947,0.465,0.290,69.707,59.008,Avail,Compl,Avail,Incmpl,Incmpl,Enable,OBD II (California ARB),OFF,OFF,29.279,-0.708,0,1st,OFF,OFF,OFF,OFF,OFF,OFF,0.781,1.562,ON,OFF,650,0,OFF,OFF,OFF,ON,Gasoline,0.993,OFF,OFF,0.684,ON,1.172,14.902,18,0,0.742,0.742,2.305,0.742,0.918,2.031,46.275,0,14.902,90,0.039,0.062,OFF,ECT 5th,NA,OFF,96.800,96.888,13.333,0,Not Avl,0,0,0,0,ON,ON,0,0,4
282,0,14.105,Not Avl,Compl,Compl,Unable,OFF,Not Avl,Compl,Compl,Unable,OFF,58.594,38.281,26.875,28.125,19.531,39.551,15.686,31.765,0.781,1.582,ON,0,OFF,ON,ON,1.000,0.998,0.023,-0.004,3.337,3.288,0,96,51199.219,13.828,24.314,OFF,OFF,OFF,OFF,OFF,OFF,OFF,Avail,Incmpl,Incmpl,Enable,Avail,422.300,212,422.300,212,ON,Avail,Compl,Enable,78,0,0,0,0,0,0,6,A,0,0,Avail,Incmpl,Incmpl,Enable,OFF,OFF,980,708.500,51199.219,51199.219,51199.219,51199.219,51199.219,51199.219,1GRFE ,33.333,Avail,Compl,Incmpl,Enable,7.996,OFF,OFF,OFF,OFF,ON,ON,Avail,Compl,Enable,Compl,CL,CL,Compl,Unable,Not Avl,Compl,Compl,Enable,OFF,3090,15,237,ON,4.375,8.750,0.098,2232,10,21,-3,OFF,2.344,4.688,3.820,OFF,0,0,71,Avail,Compl,Enable,0,GRN2#  ,ON,0,ACTIVE,ACTIVE,0.967,0.947,0.465,0.290,69.707,59.656,Avail,Compl,Avail,Incmpl,Incmpl,Enable,OBD II (California ARB),OFF,OFF,29.279,-0.708,0,1st,OFF,OFF,OFF,OFF,OFF,OFF,0.781,1.562,ON,OFF,650,0,OFF,OFF,OFF,ON,Gasoline,0.992,OFF,OFF,0.684,ON,1.172,14.902,18,0,0.742,0.742,2.305,0.742,0.918,2.031,46.275,0,14.902,90,0.039,0.066,OFF,ECT 5th,NA,OFF,96.778,96.822,13.333,0,Not Avl,0,0,0,0,ON,ON,0,0,4
283,0,14.111,Not Avl,Compl,Compl,Unable,OFF,Not Avl,Compl,Compl,Unable,OFF,49.219,47.656,26.875,28.125,19.531,39.551,15.686,31.765,0.781,1.582,ON,0,OFF,ON,ON,0.999,0.999,0.039,0.008,3.332,3.298,0,96,51199.219,13.847,24.314,OFF,OFF,OFF,OFF,OFF,OFF,OFF,Avail,Incmpl,Incmpl,Enable,Avail,422.300,212,422.300,212,ON,Avail,Compl,Enable,78,0,0,0,0,0,0,6,A,0,0,Avail,Incmpl,Incmpl,Enable,OFF,OFF,981,704.500,51199.219,51199.219,51199.219,51199.219,51199.219,51199.219,1GRFE ,33.333,Avail,Compl,Incmpl,Enable,7.996,OFF,OFF,OFF,OFF,ON,ON,Avail,Compl,Enable,Compl,CL,CL,Compl,Unable,Not Avl,Compl,Compl,Enable,OFF,3090,15,248,ON,4.375,8.750,0.098,2240,10,21,-3,OFF,2.344,4.688,3.820,OFF,0,0,71,Avail,Compl,Enable,0,GRN2#  ,ON,0,ACTIVE,ACTIVE,0.972,0.947,0.485,0.310,70.031,59.656,Avail,Compl,Avail,Incmpl,Incmpl,Enable,OBD II (California ARB),OFF,OFF,29.150,-0.708,0,1st,OFF,OFF,OFF,OFF,OFF,OFF,0.781,1.562,ON,OFF,650,0,OFF,OFF,OFF,ON,Gasoline,0.993,OFF,OFF,0.684,ON,1.250,14.902,18,0,0.742,0.742,2.305,0.742,0.918,2.031,46.275,0,14.902,90,0.035,0.066,OFF,ECT 5th,NA,OFF,96.756,96.646,13.725,0,Not Avl,0,0,0,0,ON,ON,0,0,4
284,0,14.116,Not Avl,Compl,Compl,Unable,OFF,Not Avl,Compl,Compl,Unable,OFF,42.188,50.781,26.875,28.125,19.531,39.551,15.686,31.765,0.781,1.582,ON,0,OFF,ON,ON,0.999,0.997,0.020,-0.004,3.332,3.288,0,96,51199.219,13.847,24.314,OFF,OFF,OFF,OFF,OFF,OFF,OFF,Avail,Incmpl,Incmpl,Enable,Avail,422.300,211.900,422.300,211.900,ON,Avail,Compl,Enable,78,0,0,0,0,0,0,6,A,0,0,Avail,Incmpl,Incmpl,Enable,OFF,OFF,981,710,51199.219,51199.219,51199.219,51199.219,51199.219,51199.219,1GRFE ,33.333,Avail,Compl,Incmpl,Enable,7.996,OFF,OFF,OFF,OFF,ON,ON,Avail,Compl,Enable,Compl,CL,CL,Compl,Unable,Not Avl,Compl,Compl,Enable,OFF,3090,15,261,ON,4.375,8.750,0.098,2247,10,21,-3,OFF,2.344,4.688,3.810,OFF,0,0,78,Avail,Compl,Enable,0,GRN2#  ,ON,0,ACTIVE,ACTIVE,0.967,0.942,0.485,0.310,69.707,59.980,Avail,Compl,Avail,Incmpl,Incmpl,Enable,OBD II (California ARB),OFF,OFF,29.279,-0.708,0,1st,OFF,OFF,OFF,OFF,OFF,OFF,0.781,1.562,ON,OFF,650,0,OFF,OFF,OFF,ON,Gasoline,0.993,OFF,OFF,0.684,ON,1.172,14.902,18,0,0.742,0.742,2.305,0.742,0.918,2.031,46.275,0,14.902,90,0.035,0.066,OFF,ECT 5th,NA,OFF,96.778,96.712,13.333,0,Not Avl,0,0,0,0,ON,ON,0,0,4
285,0,14.116,Not Avl,Compl,Compl,Unable,OFF,Not Avl,Compl,Compl,Unable,OFF,39.844,54.688,26.875,28.125,19.531,39.551,15.686,31.765,0.781,1.582,ON,0,OFF,ON,ON,0.999,0.998,0.023,-0.004,3.337,3.288,0,96,51199.219,13.847,24.314,OFF,OFF,OFF,OFF,OFF,OFF,OFF,Avail,Incmpl,Incmpl,Enable,Avail,422.300,211.900,422.300,211.900,ON,Avail,Compl,Enable,78,0,0,0,0,0,0,6,A,0,0,Avail,Incmpl,Incmpl,Enable,OFF,OFF,981,709.250,51199.219,51199.219,51199.219,51199.219,51199.219,51199.219,1GRFE ,33.333,Avail,Compl,Incmpl,Enable,7.996,OFF,OFF,OFF,OFF,ON,ON,Avail,Compl,Enable,Compl,CL,CL,Compl,Unable,Not Avl,Compl,Compl,Enable,OFF,3090,15,275,ON,4.375,8.750,0.098,2243,10,21,-3,OFF,2.344,4.688,3.790,OFF,0,0,78,Avail,Compl,Enable,0,GRN2#  ,ON,0,ACTIVE,ACTIVE,0.967,0.947,0.505,0.310,69.383,59.656,Avail,Compl,Avail,Incmpl,Incmpl,Enable,OBD II (California ARB),OFF,OFF,28.912,-0.708,0,1st,OFF,OFF,OFF,OFF,OFF,OFF,0.781,1.562,ON,OFF,650,0,OFF,OFF,OFF,ON,Gasoline,0.993,OFF,OFF,0.684,ON,1.250,14.902,18,0,0.742,0.742,2.305,0.742,0.918,2.031,46.275,0,14.902,90,0.035,0.066,OFF,ECT 5th,NA,OFF,96.756,96.646,13.333,0,Not Avl,0,0,0,0,ON,ON,0,0,4
286,0,14.116,Not Avl,Compl,Compl,Unable,OFF,Not Avl,Compl,Compl,Unable,OFF,38.281,47.656,26.875,28.125,19.531,39.551,15.686,31.765,0.781,1.582,ON,0,OFF,ON,ON,0.998,0.998,0.020,-0.004,3.332,3.288,0,96,51199.219,13.828,24.314,OFF,OFF,OFF,OFF,OFF,OFF,OFF,Avail,Incmpl,Incmpl,Enable,Avail,422.300,211.900,422.300,211.900,ON,Avail,Compl,Enable,78,0,0,0,0,0,0,6,A,0,0,Avail,Incmpl,Incmpl,Enable,OFF,OFF,982,711.500,51199.219,51199.219,51199.219,51199.219,51199.219,51199.219,1GRFE ,33.333,Avail,Compl,Incmpl,Enable,7.996,OFF,OFF,OFF,OFF,ON,ON,Avail,Compl,Enable,Compl,CL,CL,Compl,Unable,Not Avl,Compl,Compl,Enable,OFF,3090,15,286,ON,4.375,8.750,0.098,2236,10,21,-3,OFF,2.344,4.688,3.790,OFF,0,0,78,Avail,Compl,Enable,0,GRN2#  ,ON,0,ACTIVE,ACTIVE,0.972,0.947,0.505,0.310,69.707,59.980,Avail,Compl,Avail,Incmpl,Incmpl,Enable,OBD II (California ARB),OFF,OFF,29.150,-0.708,0,1st,OFF,OFF,OFF,OFF,OFF,OFF,0.781,1.562,ON,OFF,650,0,OFF,OFF,OFF,ON,Gasoline,0.993,OFF,OFF,0.684,ON,1.250,14.902,18,0,0.742,0.742,2.305,0.742,0.918,2.031,46.275,0,14.902,90,0.035,0.066,OFF,ECT 5th,NA,OFF,96.778,96.778,13.333,0,Not Avl,0,0,0,0,ON,ON,0,0,4
287,0,14.082,Not Avl,Compl,Compl,Unable,OFF,Not Avl,Compl,Compl,Unable,OFF,38.281,45.312,26.875,28.125,19.531,39.551,15.686,31.765,0.781,1.582,ON,0,OFF,ON,ON,0.998,1.001,0.023,0.004,3.337,3.308,0,96,51199.219,13.828,24.314,OFF,OFF,OFF,OFF,OFF,OFF,OFF,Avail,Incmpl,Incmpl,Enable,Avail,422.300,211.700,422.300,211.700,ON,Avail,Compl,Enable,78,0,0,0,0,0,0,6,A,0,0,Avail,Incmpl,Incmpl,Enable,OFF,OFF,982,707.750,51199.219,51199.219,51199.219,51199.219,51199.219,51199.219,1GRFE ,33.333,Avail,Compl,Incmpl,Enable,7.996,OFF,OFF,OFF,OFF,ON,ON,Avail,Compl,Enable,Compl,CL,CL,Compl,Unable,Not Avl,Compl,Compl,Enable,OFF,3090,15,298,ON,4.375,8.750,0.098,2247,10,21,-3,OFF,2.344,4.688,3.790,OFF,0,0,76,Avail,Compl,Enable,0,GRN2#  ,ON,0,ACTIVE,ACTIVE,0.967,0.942,0.525,0.310,69.383,59.332,Avail,Compl,Avail,Incmpl,Incmpl,Enable,OBD II (California ARB),OFF,OFF,29.150,-0.708,0,1st,OFF,OFF,OFF,OFF,OFF,OFF,0.781,1.562,ON,OFF,650,0,OFF,OFF,OFF,ON,Gasoline,0.993,OFF,OFF,0.684,ON,1.250,14.902,18,0,0.742,0.742,2.305,0.742,0.918,2.031,46.275,0,14.902,90,0.035,0.066,OFF,ECT 5th,NA,OFF,96.822,96.932,13.333,0,Not Avl,0,0,0,0,ON,ON,0,0,4
288,0,14.100,Not Avl,Compl,Compl,Unable,OFF,Not Avl,Compl,Compl,Unable,OFF,38.281,41.406,26.875,28.125,19.531,39.551,15.686,31.765,0.781,1.582,ON,0,OFF,ON,ON,0.998,1.001,0.020,0.004,3.332,3.308,0,96,51199.219,13.847,24.314,OFF,OFF,OFF,OFF,OFF,OFF,OFF,Avail,Incmpl,Incmpl,Enable,Avail,422.300,211.700,422.300,211.700,ON,Avail,Compl,Enable,78,0,0,0,0,0,0,6,A,0,0,Avail,Incmpl,Incmpl,Enable,OFF,OFF,982,710,51199.219,51199.219,51199.219,51199.219,51199.219,51199.219,1GRFE ,33.333,Avail,Compl,Incmpl,Enable,7.996,OFF,OFF,OFF,OFF,ON,ON,Avail,Compl,Enable,Compl,CL,CL,Compl,Unable,Not Avl,Compl,Compl,Enable,OFF,3090,15,312,ON,4.375,8.750,0.098,2258,10,21,-3,OFF,2.344,4.688,3.790,OFF,0,0,76,Avail,Compl,Enable,0,GRN2#  ,ON,0,ACTIVE,ACTIVE,0.967,0.947,0.545,0.330,69.383,59.656,Avail,Compl,Avail,Incmpl,Incmpl,Enable,OBD II (California ARB),OFF,OFF,29.279,-0.708,0,1st,OFF,OFF,OFF,OFF,OFF,OFF,0.781,1.562,ON,OFF,650,0,OFF,OFF,OFF,ON,Gasoline,0.993,OFF,OFF,0.684,ON,1.250,14.902,18,0,0.742,0.742,2.305,0.742,0.918,2.031,46.275,0,14.902,90,0.035,0.066,OFF,ECT 5th,NA,OFF,96.778,96.800,13.333,0,Not Avl,0,0,0,0,ON,ON,0,0,4
289,0,14.110,Not Avl,Compl,Compl,Unable,OFF,Not Avl,Compl,Compl,Unable,OFF,38.281,39.062,26.875,28.125,19.531,39.551,15.686,31.765,0.781,1.582,ON,0,OFF,ON,ON,0.997,0.999,0.020,0,3.332,3.298,0,96,51199.219,13.828,24.314,OFF,OFF,OFF,OFF,OFF,OFF,OFF,Avail,Incmpl,Incmpl,Enable,Avail,422.300,211.700,422.300,211.700,ON,Avail,Compl,Enable,78,0,0,0,0,0,0,6,A,0,0,Avail,Incmpl,Incmpl,Enable,OFF,OFF,983,704.500,51199.219,51199.219,51199.219,51199.219,51199.219,51199.219,1GRFE ,33.333,Avail,Compl,Incmpl,Enable,7.996,OFF,OFF,OFF,OFF,ON,ON,Avail,Compl,Enable,Compl,CL,CL,Compl,Unable,Not Avl,Compl,Compl,Enable,OFF,3090,15,325,ON,4.375,8.750,0.099,2255,10,21,-3,OFF,2.344,4.688,3.790,OFF,0,0,76,Avail,Compl,Enable,0,GRN2#  ,ON,0,ACTIVE,ACTIVE,0.972,0.947,0.545,0.330,69.707,59.980,Avail,Compl,Avail,Incmpl,Incmpl,Enable,OBD II (California ARB),OFF,OFF,29.279,-0.708,0,1st,OFF,OFF,OFF,OFF,OFF,OFF,0.781,1.562,ON,OFF,650,0,OFF,OFF,OFF,ON,Gasoline,0.994,OFF,OFF,0.684,ON,1.250,14.902,18,0,0.742,0.742,2.305,0.742,0.918,2.031,46.275,0,14.902,90,0.035,0.066,OFF,ECT 5th,NA,OFF,96.756,96.646,13.333,0,Not Avl,0,0,0,0,ON,ON,0,0,4
290,0,14.102,Not Avl,Compl,Compl,Unable,OFF,Not Avl,Compl,Compl,Unable,OFF,38.281,38.281,26.875,28.125,19.531,39.551,15.686,31.765,0.781,1.582,ON,0,OFF,ON,ON,0.997,0.998,0.020,0,3.332,3.298,0,96,51199.219,13.828,24.314,OFF,OFF,OFF,OFF,OFF,OFF,OFF,Avail,Incmpl,Incmpl,Enable,Avail,422.300,211.600,422.300,211.600,ON,Avail,Compl,Enable,78,0,0,0,0,0,0,6,A,0,0,Avail,Incmpl,Incmpl,Enable,OFF,OFF,983,709.250,51199.219,51199.219,51199.219,51199.219,51199.219,51199.219,1GRFE ,33.333,Avail,Compl,Incmpl,Enable,7.996,OFF,OFF,OFF,OFF,ON,ON,Avail,Compl,Enable,Compl,CL,CL,Compl,Unable,Not Avl,Compl,Compl,Enable,OFF,3090,15,344,ON,4.375,8.750,0.099,2229,10,21,-3,OFF,2.344,4.688,3.790,OFF,0,0,85,Avail,Compl,Enable,0,GRN2#  ,ON,0,ACTIVE,ACTIVE,0.967,0.942,0.565,0.330,69.059,59.656,Avail,Compl,Avail,Incmpl,Incmpl,Enable,OBD II (California ARB),OFF,OFF,29.279,-0.708,0,1st,OFF,OFF,OFF,OFF,OFF,OFF,0.781,1.562,ON,OFF,650,0,OFF,OFF,OFF,ON,Gasoline,0.995,OFF,OFF,0.684,ON,1.172,14.902,18,0,0.742,0.742,2.305,0.742,0.918,2.031,46.275,0,14.902,90,0.035,0.066,OFF,ECT 5th,NA,OFF,96.778,96.778,13.333,0,Not Avl,0,0,0,0,ON,ON,0,0,4
291,0,14.119,Not Avl,Compl,Compl,Unable,OFF,Not Avl,Compl,Compl,Unable,OFF,50.781,38.281,26.875,28.125,19.531,39.551,15.686,31.765,0.781,1.582,ON,0,OFF,ON,ON,0.997,0.998,0.020,0,3.332,3.298,0,96,51199.219,13.828,24.314,OFF,OFF,OFF,OFF,OFF,OFF,OFF,Avail,Incmpl,Incmpl,Enable,Avail,422.300,211.600,422.300,211.600,ON,Avail,Compl,Enable,78,0,0,0,0,0,0,6,A,0,0,Avail,Incmpl,Incmpl,Enable,OFF,OFF,984,713.250,51199.219,51199.219,51199.219,51199.219,51199.219,51199.219,1GRFE ,33.725,Avail,Compl,Incmpl,Enable,7.996,OFF,OFF,OFF,OFF,ON,ON,Avail,Compl,Enable,Compl,CL,CL,Compl,Unable,Not Avl,Compl,Compl,Enable,OFF,3090,15,357,ON,4.375,8.750,0.099,2236,10,21,-3,OFF,2.344,4.688,3.810,OFF,0,0,85,Avail,Compl,Enable,0,GRN2#  ,ON,0,ACTIVE,ACTIVE,0.967,0.942,0.565,0.330,69.707,59.656,Avail,Compl,Avail,Incmpl,Incmpl,Enable,OBD II (California ARB),OFF,OFF,29.395,-0.708,0,1st,OFF,OFF,OFF,OFF,OFF,OFF,0.781,1.562,ON,OFF,650,0,OFF,OFF,OFF,ON,Gasoline,0.995,OFF,OFF,0.684,ON,1.250,14.902,18,0,0.742,0.742,2.305,0.742,0.918,2.031,46.275,0,14.902,90,0.035,0.066,OFF,ECT 5th,NA,OFF,96.822,96.910,13.333,0,Not Avl,0,0,0,0,ON,ON,0,0,4
292,0,14.102,Not Avl,Compl,Compl,Unable,OFF,Not Avl,Compl,Compl,Unable,OFF,55.469,38.281,26.875,28.125,19.531,39.551,15.686,31.765,0.781,1.582,ON,0,OFF,ON,ON,0.999,0.997,0.023,-0.004,3.342,3.288,0,96,51199.219,13.828,24.314,OFF,OFF,OFF,OFF,OFF,OFF,OFF,Avail,Incmpl,Incmpl,Enable,Avail,422.300,211.500,422.300,211.500,ON,Avail,Compl,Enable,78,0,0,0,0,0,0,6,A,0,0,Avail,Incmpl,Incmpl,Enable,OFF,OFF,984,710,51199.219,51199.219,51199.219,51199.219,51199.219,51199.219,1GRFE ,33.725,Avail,Compl,Incmpl,Enable,7.996,OFF,OFF,OFF,OFF,ON,ON,Avail,Compl,Enable,Compl,CL,CL,Compl,Unable,Not Avl,Compl,Compl,Enable,OFF,3090,15,369,ON,4.375,8.750,0.099,2236,10,21,-3,OFF,2.344,4.688,3.840,OFF,0,0,78,Avail,Compl,Enable,0,GRN2#  ,ON,0,ACTIVE,ACTIVE,0.972,0.947,0.565,0.330,69.383,59.656,Avail,Compl,Avail,Incmpl,Incmpl,Enable,OBD II (California ARB),OFF,OFF,29.150,-0.708,0,1st,OFF,OFF,OFF,OFF,OFF,OFF,0.781,1.562,ON,OFF,650,0,OFF,OFF,OFF,ON,Gasoline,0.995,OFF,OFF,0.684,ON,1.250,14.902,18,0,0.742,0.742,2.305,0.742,0.918,2.031,46.275,0,14.902,90,0.035,0.066,OFF,ECT 5th,NA,OFF,96.778,96.800,13.333,0,Not Avl,0,0,0,0,ON,ON,0,0,4
293,0,14.100,Not Avl,Compl,Compl,Unable,OFF,Not Avl,Compl,Compl,Unable,OFF,57.031,38.281,26.875,28.125,19.531,39.551,15.686,31.765,0.781,1.582,ON,0,OFF,ON,ON,0.998,0.997,0.020,-0.004,3.332,3.288,0,96,51199.219,13.847,24.314,OFF,OFF,OFF,OFF,OFF,OFF,OFF,Avail,Incmpl,Incmpl,Enable,Avail,422.300,211.500,422.300,211.500,ON,Avail,Compl,Enable,78,0,0,0,0,0,0,6,A,0,0,Avail,Incmpl,Incmpl,Enable,OFF,OFF,984,708.500,51199.219,51199.219,51199.219,51199.219,51199.219,51199.219,1GRFE ,33.333,Avail,Compl,Incmpl,Enable,7.996,OFF,OFF,OFF,OFF,ON,ON,Avail,Compl,Enable,Compl,CL,CL,Compl,Unable,Not Avl,Compl,Compl,Enable,OFF,3090,15,380,ON,4.375,8.750,0.099,2236,10,21,-3,OFF,2.344,4.688,3.820,OFF,0,0,78,Avail,Compl,Enable,0,GRN2#  ,ON,0,ACTIVE,ACTIVE,0.967,0.947,0.585,0.330,69.383,59.980,Avail,Compl,Avail,Incmpl,Incmpl,Enable,OBD II (California ARB),OFF,OFF,29.279,-0.708,0,1st,OFF,OFF,OFF,OFF,OFF,OFF,0.781,1.562,ON,OFF,650,0,OFF,OFF,OFF,ON,Gasoline,0.995,OFF,OFF,0.684,ON,1.250,14.902,18,0,0.742,0.742,2.305,0.742,0.918,2.031,46.275,0,14.902,90,0.035,0.066,OFF,ECT 5th,NA,OFF,96.778,96.778,13.333,0,Not Avl,0,0,0,0,ON,ON,0,0,4
294,0,14.102,Not Avl,Compl,Compl,Unable,OFF,Not Avl,Compl,Compl,Unable,OFF,57.812,38.281,26.875,28.125,19.531,39.551,15.686,31.765,0.781,1.582,ON,0,OFF,ON,ON,0.996,0.996,0.020,-0.008,3.332,3.283,0,96,51199.219,13.847,24.314,OFF,OFF,OFF,OFF,OFF,OFF,OFF,Avail,Incmpl,Incmpl,Enable,Avail,422.300,211.500,422.300,211.500,ON,Avail,Compl,Enable,77,0,0,0,0,0,0,6,A,0,0,Avail,Incmpl,Incmpl,Enable,OFF,OFF,984,707,51199.219,51199.219,51199.219,51199.219,51199.219,51199.219,1GRFE ,33.333,Avail,Compl,Incmpl,Enable,7.996,OFF,OFF,OFF,OFF,ON,ON,Avail,Compl,Enable,Compl,CL,CL,Compl,Unable,Not Avl,Compl,Compl,Enable,OFF,3090,15,391,ON,4.375,8.750,0.098,2236,10,21,-3,OFF,2.344,4.688,3.790,OFF,0,0,78,Avail,Compl,Enable,0,GRN2#  ,ON,0,ACTIVE,ACTIVE,0.967,0.947,0.585,0.330,70.031,59.656,Avail,Compl,Avail,Incmpl,Incmpl,Enable,OBD II (California ARB),OFF,OFF,29.279,-0.708,0,1st,OFF,OFF,OFF,OFF,OFF,OFF,0.781,1.562,ON,OFF,650,0,OFF,OFF,OFF,ON,Gasoline,0.995,OFF,OFF,0.684,ON,1.250,14.902,18,0,0.742,0.742,2.305,0.742,0.918,2.031,46.275,0,14.902,90,0.035,0.066,OFF,ECT 5th,NA,OFF,96.756,96.624,13.333,0,Not Avl,0,0,0,0,ON,ON,0,0,4
295,0,14.100,Not Avl,Compl,Compl,Unable,OFF,Not Avl,Compl,Compl,Unable,OFF,57.812,42.188,26.875,28.125,19.531,39.551,15.686,31.765,0.781,1.582,ON,0,OFF,ON,ON,0.996,0.997,0.016,-0.004,3.327,3.288,0,96,51199.219,13.828,24.314,OFF,OFF,OFF,OFF,OFF,OFF,OFF,Avail,Incmpl,Incmpl,Enable,Avail,422.300,211.400,422.300,211.400,ON,Avail,Compl,Enable,77,0,0,0,0,0,0,6,A,0,0,Avail,Incmpl,Incmpl,Enable,OFF,OFF,985,704.500,51199.219,51199.219,51199.219,51199.219,51199.219,51199.219,1GRFE ,33.333,Avail,Compl,Incmpl,Enable,7.996,OFF,OFF,OFF,OFF,ON,ON,Avail,Compl,Enable,Compl,CL,CL,Compl,Unable,Not Avl,Compl,Compl,Enable,OFF,3090,15,402,ON,4.375,8.750,0.098,2240,10,21,-3,OFF,2.344,4.688,3.790,OFF,0,0,78,Avail,Compl,Enable,0,GRN2#  ,ON,0,ACTIVE,ACTIVE,0.967,0.947,0.585,0.350,69.707,60.305,Avail,Compl,Avail,Incmpl,Incmpl,Enable,OBD II (California ARB),OFF,OFF,29.150,-0.708,0,1st,OFF,OFF,OFF,OFF,OFF,OFF,0.781,1.562,ON,OFF,650,0,OFF,OFF,OFF,ON,Gasoline,0.996,OFF,OFF,0.684,ON,1.250,14.902,18,0,0.742,0.742,2.305,0.742,0.918,2.031,46.275,0,14.902,90,0.035,0.066,OFF,ECT 5th,NA,OFF,96.778,96.778,13.333,0,Not Avl,0,0,0,0,ON,ON,0,0,4
296,0,14.102,Not Avl,Compl,Compl,Unable,OFF,Not Avl,Compl,Compl,Unable,OFF,49.219,50,26.875,28.125,19.531,39.551,15.686,31.765,0.781,1.582,ON,0,OFF,ON,ON,0.998,0.996,0.023,-0.008,3.337,3.283,0,96,51199.219,13.828,24.314,OFF,OFF,OFF,OFF,OFF,OFF,OFF,Avail,Incmpl,Incmpl,Enable,Avail,422.300,211.400,422.300,211.400,ON,Avail,Compl,Enable,77,0,0,0,0,0,0,6,A,0,0,Avail,Incmpl,Incmpl,Enable,OFF,OFF,985,704.500,51199.219,51199.219,51199.219,51199.219,51199.219,51199.219,1GRFE ,33.333,Avail,Compl,Incmpl,Enable,7.996,OFF,OFF,OFF,OFF,ON,ON,Avail,Compl,Enable,Compl,CL,CL,Compl,Unable,Not Avl,Compl,Compl,Enable,OFF,3090,15,412,ON,4.375,8.750,0.098,2236,10,21,-3,OFF,2.344,4.688,3.790,OFF,0,0,78,Avail,Compl,Enable,0,GRN2#  ,ON,0,ACTIVE,ACTIVE,0.972,0.947,0.585,0.350,69.383,59.980,Avail,Compl,Avail,Incmpl,Incmpl,Enable,OBD II (California ARB),OFF,OFF,29.279,-0.708,0,1st,OFF,OFF,OFF,OFF,OFF,OFF,0.781,0.781,ON,OFF,650,0,OFF,OFF,OFF,ON,Gasoline,0.997,OFF,OFF,0.684,ON,1.250,14.902,18,0,0.742,0.742,2.305,0.742,0.918,2.031,46.275,0,14.902,90,0.031,0.066,OFF,ECT 5th,NA,OFF,96.778,96.822,13.333,0,Not Avl,0,0,0,0,ON,ON,0,0,4
297,0,14.120,Not Avl,Compl,Compl,Unable,OFF,Not Avl,Compl,Compl,Unable,OFF,43.750,50,26.875,28.125,19.531,39.551,15.686,31.765,0.781,1.582,ON,0,OFF,ON,ON,0.999,0.996,0.023,-0.004,3.342,3.288,0,96,51199.219,13.847,24.314,OFF,OFF,OFF,OFF,OFF,OFF,OFF,Avail,Incmpl,Incmpl,Enable,Avail,422.300,211.400,422.300,211.400,ON,Avail,Compl,Enable,77,0,0,0,0,0,0,6,A,0,0,Avail,Incmpl,Incmpl,Enable,OFF,OFF,985,703.750,51199.219,51199.219,51199.219,51199.219,51199.219,51199.219,1GRFE ,33.725,Avail,Compl,Incmpl,Enable,7.996,OFF,OFF,OFF,OFF,ON,ON,Avail,Compl,Enable,Compl,CL,CL,Compl,Unable,Not Avl,Compl,Compl,Enable,OFF,3090,15,423,ON,4.375,8.750,0.098,2243,10,21,-3,OFF,2.344,4.688,3.790,OFF,0,0,78,Avail,Compl,Enable,0,GRN2#  ,ON,0,ACTIVE,ACTIVE,0.967,0.947,0.585,0.350,69.707,59.980,Avail,Compl,Avail,Incmpl,Incmpl,Enable,OBD II (California ARB),OFF,OFF,29.279,-0.708,0,1st,OFF,OFF,OFF,OFF,OFF,OFF,0.781,0.781,ON,OFF,650,0,OFF,OFF,OFF,ON,Gasoline,0.997,OFF,OFF,0.684,ON,1.250,14.902,18,0,0.742,0.742,2.305,0.742,0.918,2.031,46.275,0,14.902,90,0.031,0.062,OFF,ECT 5th,NA,OFF,96.756,96.646,13.333,0,Not Avl,0,0,0,0,ON,ON,0,0,4
298,0,14.102,Not Avl,Compl,Compl,Unable,OFF,Not Avl,Compl,Compl,Unable,OFF,40.625,55.469,26.875,28.125,19.531,39.551,15.686,31.765,0.781,1.582,ON,0,OFF,ON,ON,0.999,0.998,0.023,0,3.342,3.298,0,96,51199.219,13.847,24.314,OFF,OFF,OFF,OFF,OFF,OFF,OFF,Avail,Incmpl,Incmpl,Enable,Avail,422.300,211.400,422.300,211.400,ON,Avail,Compl,Enable,77,0,0,0,0,0,0,6,A,0,0,Avail,Incmpl,Incmpl,Enable,OFF,OFF,986,703,51199.219,51199.219,51199.219,51199.219,51199.219,51199.219,1GRFE ,33.333,Avail,Compl,Incmpl,Enable,7.996,OFF,OFF,OFF,OFF,ON,ON,Avail,Compl,Enable,Compl,CL,CL,Compl,Unable,Not Avl,Compl,Compl,Enable,OFF,3090,15,434,ON,4.375,8.750,0.098,2240,10,21,-3,OFF,2.344,4.688,3.790,OFF,0,0,78,Avail,Compl,Enable,0,GRN2#  ,ON,0,ACTIVE,ACTIVE,0.967,0.947,0.605,0.350,69.383,59.980,Avail,Compl,Avail,Incmpl,Incmpl,Enable,OBD II (California ARB),OFF,OFF,29.279,-0.708,0,1st,OFF,OFF,OFF,OFF,OFF,OFF,0.781,1.562,ON,OFF,650,0,OFF,OFF,OFF,ON,Gasoline,0.997,OFF,OFF,0.684,ON,1.250,14.902,18,0,0.742,0.742,2.305,0.742,0.918,2.031,46.275,0,14.902,90,0.031,0.062,OFF,ECT 5th,NA,OFF,96.778,96.734,13.333,0,Not Avl,0,0,0,0,ON,ON,0,0,4
299,0,14.120,Not Avl,Compl,Compl,Unable,OFF,Not Avl,Compl,Compl,Unable,OFF,39.062,57.031,26.875,28.125,19.531,39.551,15.686,31.765,0.781,1.582,ON,0,OFF,ON,ON,1.000,0.997,0.027,0,3.347,3.298,0,96,51199.219,13.847,24.314,OFF,OFF,OFF,OFF,OFF,OFF,OFF,Avail,Incmpl,Incmpl,Enable,Avail,422.300,211.300,422.300,211.300,ON,Avail,Compl,Enable,77,0,0,0,0,0,0,6,A,0,0,Avail,Incmpl,Incmpl,Enable,OFF,OFF,986,709.250,51199.219,51199.219,51199.219,51199.219,51199.219,51199.219,1GRFE ,33.333,Avail,Compl,Incmpl,Enable,7.996,OFF,OFF,OFF,OFF,ON,ON,Avail,Compl,Enable,Compl,CL,CL,Compl,Unable,Not Avl,Compl,Compl,Enable,OFF,3090,15,445,ON,4.375,8.750,0.098,2240,10,21,-3,OFF,2.344,4.688,3.790,OFF,0,0,78,Avail,Compl,Enable,0,GRN2#  ,ON,0,ACTIVE,ACTIVE,0.967,0.947,0.605,0.350,69.383,59.980,Avail,Compl,Avail,Incmpl,Incmpl,Enable,OBD II (California ARB),OFF,OFF,29.395,-0.708,0,1st,OFF,OFF,OFF,OFF,OFF,OFF,0.781,1.562,ON,OFF,650,0,OFF,OFF,OFF,ON,Gasoline,0.997,OFF,OFF,0.684,ON,1.250,14.902,18,0,0.742,0.742,2.305,0.742,0.918,2.031,46.275,0,14.902,90,0.031,0.062,OFF,ECT 5th,NA,OFF,96.778,96.844,13.333,0,Not Avl,0,0,0,0,ON,ON,0,0,4
300,0,14.092,Not Avl,Compl,Compl,Unable,OFF,Not Avl,Compl,Compl,Unable,OFF,43.750,53.906,26.875,28.125,19.531,39.551,15.686,31.765,0.781,1.582,ON,0,OFF,ON,ON,1.001,0.998,0.031,0,3.352,3.303,0,96,51199.219,13.847,24.314,OFF,OFF,OFF,OFF,OFF,OFF,OFF,Avail,Incmpl,Incmpl,Enable,Avail,422.300,211.300,422.300,211.300,ON,Avail,Compl,Enable,77,0,0,0,0,0,0,6,A,0,0,Avail,Incmpl,Incmpl,Enable,OFF,OFF,986,707.750,51199.219,51199.219,51199.219,51199.219,51199.219,51199.219,1GRFE ,33.333,Avail,Compl,Incmpl,Enable,7.996,OFF,OFF,OFF,OFF,ON,ON,Avail,Compl,Enable,Compl,CL,CL,Compl,Unable,Not Avl,Compl,Compl,Enable,OFF,3090,15,456,ON,4.375,8.750,0.098,2244,10,21,-3,OFF,2.344,4.688,3.790,OFF,0,0,78,Avail,Compl,Enable,0,GRN2#  ,ON,0,ACTIVE,ACTIVE,0.972,0.947,0.605,0.370,70.031,59.980,Avail,Compl,Avail,Incmpl,Incmpl,Enable,OBD II (California ARB),OFF,OFF,29.279,-0.708,0,1st,OFF,OFF,OFF,OFF,OFF,OFF,0.781,0.781,ON,OFF,650,0,OFF,OFF,OFF,ON,Gasoline,0.996,OFF,OFF,0.684,ON,1.172,14.902,18,0,0.742,0.742,2.305,0.742,0.918,2.031,46.275,0,14.902,90,0.031,0.062,OFF,ECT 5th,NA,OFF,96.778,96.668,13.333,0,Not Avl,0,0,0,0,ON,ON,0,0,4
301,0,14.105,Not Avl,Compl,Compl,Unable,OFF,Not Avl,Compl,Compl,Unable,OFF,39.844,44.531,26.875,28.125,19.531,39.551,15.686,31.765,0.781,1.582,ON,0,OFF,ON,ON,1.001,0.998,0.031,0,3.352,3.303,0,96,51199.219,13.847,24.314,OFF,OFF,OFF,OFF,OFF,OFF,OFF,Avail,Incmpl,Incmpl,Enable,Avail,422.300,211.300,422.300,211.300,ON,Avail,Compl,Enable,77,0,0,0,0,0,0,6,A,0,0,Avail,Incmpl,Incmpl,Enable,OFF,OFF,987,718.750,51199.219,51199.219,51199.219,51199.219,51199.219,51199.219,1GRFE ,33.725,Avail,Compl,Incmpl,Enable,7.996,OFF,OFF,OFF,OFF,ON,ON,Avail,Compl,Enable,Compl,CL,CL,Compl,Unable,Not Avl,Compl,Compl,Enable,OFF,3090,15,467,ON,4.375,8.750,0.098,2236,10,21,-3,OFF,2.344,4.688,3.790,OFF,0,0,78,Avail,Compl,Enable,0,GRN2#  ,ON,0,ACTIVE,ACTIVE,0.967,0.947,0.605,0.370,69.707,59.980,Avail,Compl,Avail,Incmpl,Incmpl,Enable,OBD II (California ARB),OFF,OFF,29.395,-0.708,0,1st,OFF,OFF,OFF,OFF,OFF,OFF,0.781,1.562,ON,OFF,650,0,OFF,OFF,OFF,ON,Gasoline,0.996,OFF,OFF,0.684,ON,1.172,14.902,18,0,0.742,0.742,2.305,0.742,0.918,2.031,46.275,0,14.902,90,0.031,0.062,OFF,ECT 5th,NA,OFF,96.778,96.668,13.333,0,Not Avl,0,0,0,0,ON,ON,0,0,4
