Row,Count Codes(Include History),+BM Voltage [V],2nd Air Monitor,2nd Air Monitor,2nd Air Monitor CMPL,2nd Air Monitor ENA,4WD Switch,AC Monitor,AC Monitor,AC Monitor CMPL,AC Monitor ENA,AC Signal,Air/Fuel Heater Duty (Bank1 Sensor1) [%],Air/Fuel Heater Duty (Bank2 Sensor1) [%],A/T Oil Temperature 1 [degree C],A/T Oil Temperature 2 [degree C],Accel Fully Close Learn Count1 [deg],Accel Fully Close Learn Count2 [deg],Accel Sens. No.1 Volt % [%],Accel Sens. No.2 Volt % [%],Accel Sensor Out No.1 [V],Accel Sensor Out No.2 [V],Accelerator Idle Position,Accelerator Position [%],ACIS VSV,ACT VSV,Actuator Power Supply,AF Lambda (Bank1 Sensor1),AF Lambda (Bank2 Sensor1),AFS Current (Bank1 Sensor1) [mA],AFS Current (Bank2 Sensor1) [mA],AFS Voltage (Bank1 Sensor1) [V],AFS Voltage (Bank2 Sensor1) [V],All Cylinders Misfire Count,Atmosphere Pressure [kPa],Av Engine Speed of All Cyl [rpm],Battery Voltage [V],Calculate Load [%],Catalyst Misfire CylinderCount1,Catalyst Misfire CylinderCount2,Catalyst Misfire CylinderCount3,Catalyst Misfire CylinderCount4,Catalyst Misfire CylinderCount5,Catalyst Misfire CylinderCount6,Catalyst Misfire History,Catalyst Monitor,Catalyst Monitor,Catalyst Monitor CMPL,Catalyst Monitor ENA,Catalyst OT MF F/C,Catalyst Temp (Bank1 Sensor1) [degree C],Catalyst Temp B1S2 [degree C],Catalyst Temp (Bank2 Sensor1) [degree C],Catalyst Temp B2S2 [degree C],Closed Throttle Position Switch,Complete Parts Monitor,Component Monitor CMPL,Component Monitor ENA,Coolant Temp [degree C],Cylinder Count1 Misfire Count,Cylinder Count2 Misfire Count,Cylinder Count3 Misfire Count,Cylinder Count4 Misfire Count,Cylinder Count5 Misfire Count,Cylinder Count6 Misfire Count,Cylinder Number,Destination,Dist Batt Cable Disconnect [km],Distance from DTC Cleared [km],EGR/VVT Monitor,EGR/VVT Monitor,EGR/VVT Monitor CMPL,EGR/VVT Monitor ENA,Electrical Load Signal 1,Electrical Load Signal 2,Engine Run Time [s],Engine Speed [rpm],Engine Speed of Cyl Count1 [rpm],Engine Speed of Cyl Count2 [rpm],Engine Speed of Cyl Count3 [rpm],Engine Speed of Cyl Count4 [rpm],Engine Speed of Cyl Count5 [rpm],Engine Speed of Cyl Count6 [rpm],Engine Type,EVAP (Purge) VSV [%],EVAP Monitor,EVAP Monitor,EVAP Monitor CMPL,EVAP Monitor ENA,Evap Purge Flow [%],EVAP Purge VSV,EVAP System Vent Valve,FC TAU,Fuel Cut Condition,Fuel Pump Speed Control,Fuel Pump/Speed Status,Fuel System Monitor,Fuel System Monitor CMPL,Fuel System Monitor ENA,Fuel System Monitor Result,Fuel System Status Count1,Fuel System Status Count2,Heated Cat Monitor CMPL,Heated Cat Monitor ENA,Heated Catalyst Monitor,Heated Catalyst Monitor,Heater Monitor CMPL,Heater Monitor ENA,Idle Fuel Cut,IG OFF Elapsed Time [min],IGN Advance [deg],Ignition Trig. Count,Immobiliser Communication,Initial Engine Coolant Temp [degree C],Initial Intake Air Temp [degree C],Injection Volum (Cylinder1) [ml],Injector(Port) [us],Intake Air [degree C],Knock Correct Learn Value [degree CA],Knock Feedback Value [degree CA],Lock Up,Long FT (Bank1 Sensor1) [%],Long FT (Bank2 Sensor1) [%],MAF [gm/s],MIL,MIL on Run Distance [km],MISFIRE LOAD [g/rev],Misfire Margin [%],Misfire Monitor,Misfire Monitor CMPL,Misfire Monitor ENA,MISFIRE RPM [rpm],Model Code,Neutral Position Switch Signal,Number Of Emission DTC,O2 Heater B1S2,O2 Heater B2S2,O2 Heater Curr Val B1S2 [A],O2 Heater Curr Val B2S2 [A],O2S B1S2 [V],O2S B2S2 [V],O2S Impedance B1S2 [ohm],O2S Impedance B2S2 [ohm],O2S(Air/FuelS) Heater Monitor,O2S(Air/FuelS) Heater Monitor,O2S(Air/FuelS) Monitor,O2S(Air/FuelS) Monitor,O2S(Air/FuelS) Monitor CMPL,O2S(Air/FuelS) Monitor ENA,OBD Requirements,Open Side Malfunction,Power Steering Signal,Purge Cut VSV Duty [%],Purge Density Learn Value,Running Time from MIL ON [min],Shift Status,Shift Switch Status (2 Range),Shift Switch Status (3 Range),Shift Switch Status (D Range),Shift Switch Status (L Range),Shift Switch Status (R Range),Shift Switch Status(4 Range),Short FT (Bank1 Sensor1) [%],Short FT (Bank2 Sensor1) [%],SLT Solenoid Status,SLU Solenoid Status,SPD (NT) [rpm],SPD (SP2) [km/h],ST1,Starter Signal,Stop Light Switch,System Guard,System Identification,Target Air-Fuel Ratio,TC and TE1,TC Terminal,Throttle Fully Close Learn [V],Throttle Idle Position,Throttle Motor Current [A],Throttle Motor DUTY [%],Throttle Motor Duty (Close) [%],Throttle Motor Duty (Open) [%],Throttle Position Command [V],Throttle Position No.1 [V],Throttle Position No.2 [V],Throttle Require Position [V],Throttle Sens Open Pos Count1 [V],Throttle Sens Open Pos Count2 [V],Throttle Sensor Count2 Volt % [%],Throttle Sensor Position [%],Throttle Sensor Volt % [%],Time after DTC Cleared [min],TOTAL FT Count1,TOTAL FT Count2,Transfer L4,Transmission Type,Transmission Type2,Vacuum Pump,Vapor Pressure (Calculated) [kPa],Vapor Pressure Pump [kPa],Vehicle Load [%],Vehicle Speed [km/h],VN Turbo Type,VVT Aim Angle Count1 [%],VVT Aim Angle Count2 [%],VVT Change Angle Count1 [degree FR],VVT Change Angle Count2 [degree FR],VVT Control Status Count1,VVT Control Status Count2,VVT OCV Duty Count1 [%],VVT OCV Duty Count2 [%],Warmup Cycle Cleared DTC
1,0,13.984,Not Avl,Compl,Compl,Unable,OFF,Not Avl,Compl,Compl,Unable,OFF,40.625,31.250,31.875,33.125,19.531,39.551,15.686,31.765,0.781,1.582,ON,0,OFF,ON,ON,0.995,0.996,-0.055,-0.051,3.205,3.215,0,97,51199.219,13.750,25.882,OFF,OFF,OFF,OFF,OFF,OFF,OFF,Avail,Incmpl,Incmpl,Enable,Avail,464.100,119.300,464.100,119.300,ON,Avail,Compl,Enable,61,0,0,0,0,0,0,6,A,0,0,Avail,Incmpl,Incmpl,Enable,OFF,OFF,171,1003,51199.219,51199.219,51199.219,51199.219,51199.219,51199.219,1GRFE ,0,Avail,Incmpl,Incmpl,Enable,0,OFF,OFF,OFF,OFF,ON,ON,Avail,Compl,Enable,Compl,CL,CL,Compl,Unable,Not Avl,Compl,Incmpl,Enable,OFF,80,15.500,205,ON,42.500,21.250,0.122,2672,15,21,-3,OFF,0,3.125,6.420,OFF,0,0,68,Avail,Compl,Enable,0,GRN2#  ,ON,0,Not Act,Not Act,0,0,0,0,21247.676,21247.676,Avail,Compl,Avail,Incmpl,Incmpl,Enable,OBD II (California ARB),OFF,OFF,0,0,0,1st,OFF,OFF,OFF,OFF,OFF,OFF,0.781,-0.781,ON,OFF,950,0,OFF,OFF,OFF,ON,Gasoline,0.974,OFF,OFF,0.684,ON,0.938,16.078,14,0,0.801,0.801,2.383,0.801,0.918,2.031,47.843,0,16.078,22,0,0,OFF,ECT 5th,NA,OFF,97.878,97.900,16.078,0,Not Avl,0,0,0,0,ON,ON,0,0,0
2,0,13.984,Not Avl,Compl,Compl,Unable,OFF,Not Avl,Compl,Compl,Unable,OFF,40.625,31.250,31.875,33.125,19.531,39.551,15.686,31.765,0.781,1.582,ON,0,OFF,ON,ON,0.995,0.996,-0.055,-0.051,3.205,3.215,0,97,51199.219,13.750,25.882,OFF,OFF,OFF,OFF,OFF,OFF,OFF,Avail,Incmpl,Incmpl,Enable,Avail,464.100,119.300,464.100,119.300,ON,Avail,Compl,Enable,61,0,0,0,0,0,0,6,A,0,0,Avail,Incmpl,Incmpl,Enable,OFF,OFF,171,1003,51199.219,51199.219,51199.219,51199.219,51199.219,51199.219,1GRFE ,0,Avail,Incmpl,Incmpl,Enable,0,OFF,OFF,OFF,OFF,ON,ON,Avail,Compl,Enable,Compl,CL,CL,Compl,Unable,Not Avl,Compl,Incmpl,Enable,OFF,80,15.500,205,ON,42.500,21.250,0.122,2672,15,21,-3,OFF,0,3.125,6.420,OFF,0,0,68,Avail,Compl,Enable,0,GRN2#  ,ON,0,Not Act,Not Act,0,0,0,0,21247.676,21247.676,Avail,Compl,Avail,Incmpl,Incmpl,Enable,OBD II (California ARB),OFF,OFF,0,0,0,1st,OFF,OFF,OFF,OFF,OFF,OFF,0.781,-0.781,ON,OFF,950,0,OFF,OFF,OFF,ON,Gasoline,0.974,OFF,OFF,0.684,ON,0.938,16.078,14,0,0.801,0.801,2.383,0.801,0.918,2.031,47.843,0,16.078,22,0,0,OFF,ECT 5th,NA,OFF,97.878,97.900,16.078,0,Not Avl,0,0,0,0,ON,ON,0,0,0
3,0,14.001,Not Avl,Compl,Compl,Unable,OFF,Not Avl,Compl,Compl,Unable,OFF,40.625,31.250,31.875,33.125,19.531,39.551,15.686,31.765,0.781,1.582,ON,0,OFF,ON,ON,0.995,0.996,-0.055,-0.051,3.205,3.215,0,97,51199.219,13.750,25.882,OFF,OFF,OFF,OFF,OFF,OFF,OFF,Avail,Incmpl,Incmpl,Enable,Avail,464.100,119.300,464.100,119.300,ON,Avail,Compl,Enable,61,0,0,0,0,0,0,6,A,0,0,Avail,Incmpl,Incmpl,Enable,OFF,OFF,171,1003,51199.219,51199.219,51199.219,51199.219,51199.219,51199.219,1GRFE ,0,Avail,Incmpl,Incmpl,Enable,0,OFF,OFF,OFF,OFF,ON,ON,Avail,Compl,Enable,Compl,CL,CL,Compl,Unable,Not Avl,Compl,Incmpl,Enable,OFF,80,15.500,205,ON,42.500,21.250,0.122,2672,15,21,-3,OFF,0,3.125,6.420,OFF,0,0,68,Avail,Compl,Enable,0,GRN2#  ,ON,0,Not Act,Not Act,0,0,0,0,21247.676,21247.676,Avail,Compl,Avail,Incmpl,Incmpl,Enable,OBD II (California ARB),OFF,OFF,0,0,0,1st,OFF,OFF,OFF,OFF,OFF,OFF,0.781,-0.781,ON,OFF,950,0,OFF,OFF,OFF,ON,Gasoline,0.974,OFF,OFF,0.684,ON,0.938,16.078,14,0,0.801,0.801,2.383,0.801,0.918,2.031,47.843,0,16.078,22,0,0,OFF,ECT 5th,NA,OFF,97.878,97.900,16.078,0,Not Avl,0,0,0,0,ON,ON,0,0,0
4,0,14.001,Not Avl,Compl,Compl,Unable,OFF,Not Avl,Compl,Compl,Unable,OFF,40.625,31.250,31.875,33.125,19.531,39.551,15.686,31.765,0.781,1.582,ON,0,OFF,ON,ON,0.995,0.996,-0.055,-0.051,3.205,3.215,0,97,51199.219,13.750,25.882,OFF,OFF,OFF,OFF,OFF,OFF,OFF,Avail,Incmpl,Incmpl,Enable,Avail,464.100,119.300,464.100,119.300,ON,Avail,Compl,Enable,61,0,0,0,0,0,0,6,A,0,0,Avail,Incmpl,Incmpl,Enable,OFF,OFF,171,1003,51199.219,51199.219,51199.219,51199.219,51199.219,51199.219,1GRFE ,0,Avail,Incmpl,Incmpl,Enable,0,OFF,OFF,OFF,OFF,ON,ON,Avail,Compl,Enable,Compl,CL,CL,Compl,Unable,Not Avl,Compl,Incmpl,Enable,OFF,80,15.500,205,ON,42.500,21.250,0.122,2672,15,21,-3,OFF,0,3.125,6.420,OFF,0,0,68,Avail,Compl,Enable,0,GRN2#  ,ON,0,Not Act,Not Act,0,0,0,0,21247.676,21247.676,Avail,Compl,Avail,Incmpl,Incmpl,Enable,OBD II (California ARB),OFF,OFF,0,0,0,1st,OFF,OFF,OFF,OFF,OFF,OFF,0.781,-0.781,ON,OFF,950,0,OFF,OFF,OFF,ON,Gasoline,0.974,OFF,OFF,0.684,ON,0.938,16.078,14,0,0.801,0.801,2.383,0.801,0.918,2.031,47.843,0,16.078,22,0,0,OFF,ECT 5th,NA,OFF,97.878,97.900,16.078,0,Not Avl,0,0,0,0,ON,ON,0,0,0
5,0,14.001,Not Avl,Compl,Compl,Unable,OFF,Not Avl,Compl,Compl,Unable,OFF,40.625,31.250,31.875,33.125,19.531,39.551,15.686,31.765,0.781,1.582,ON,0,OFF,ON,ON,0.995,0.996,-0.055,-0.051,3.205,3.215,0,97,51199.219,13.750,25.882,OFF,OFF,OFF,OFF,OFF,OFF,OFF,Avail,Incmpl,Incmpl,Enable,Avail,464.100,119.300,464.100,119.300,ON,Avail,Compl,Enable,61,0,0,0,0,0,0,6,A,0,0,Avail,Incmpl,Incmpl,Enable,OFF,OFF,171,1003,51199.219,51199.219,51199.219,51199.219,51199.219,51199.219,1GRFE ,0,Avail,Incmpl,Incmpl,Enable,0,OFF,OFF,OFF,OFF,ON,ON,Avail,Compl,Enable,Compl,CL,CL,Compl,Unable,Not Avl,Compl,Incmpl,Enable,OFF,80,15.500,205,ON,42.500,21.250,0.122,2672,15,21,-3,OFF,0,3.125,6.420,OFF,0,0,68,Avail,Compl,Enable,0,GRN2#  ,ON,0,Not Act,Not Act,0,0,0,0,21247.676,21247.676,Avail,Compl,Avail,Incmpl,Incmpl,Enable,OBD II (California ARB),OFF,OFF,0,0,0,1st,OFF,OFF,OFF,OFF,OFF,OFF,0.781,-0.781,ON,OFF,950,0,OFF,OFF,OFF,ON,Gasoline,0.974,OFF,OFF,0.684,ON,0.938,16.078,14,0,0.801,0.801,2.383,0.801,0.918,2.031,47.843,0,16.078,22,0,0,OFF,ECT 5th,NA,OFF,97.878,97.900,16.078,0,Not Avl,0,0,0,0,ON,ON,0,0,0
6,0,14.001,Not Avl,Compl,Compl,Unable,OFF,Not Avl,Compl,Compl,Unable,OFF,40.625,31.250,31.875,33.125,19.531,39.551,15.686,31.765,0.781,1.582,ON,0,OFF,ON,ON,0.995,0.996,-0.055,-0.051,3.205,3.215,0,97,51199.219,13.750,25.882,OFF,OFF,OFF,OFF,OFF,OFF,OFF,Avail,Incmpl,Incmpl,Enable,Avail,464.100,119.300,464.100,119.300,ON,Avail,Compl,Enable,61,0,0,0,0,0,0,6,A,0,0,Avail,Incmpl,Incmpl,Enable,OFF,OFF,171,1003,51199.219,51199.219,51199.219,51199.219,51199.219,51199.219,1GRFE ,0,Avail,Incmpl,Incmpl,Enable,0,OFF,OFF,OFF,OFF,ON,ON,Avail,Compl,Enable,Compl,CL,CL,Compl,Unable,Not Avl,Compl,Incmpl,Enable,OFF,80,15.500,205,ON,42.500,21.250,0.122,2672,15,21,-3,OFF,0,3.125,6.420,OFF,0,0,68,Avail,Compl,Enable,0,GRN2#  ,ON,0,Not Act,Not Act,0,0,0,0,21247.676,21247.676,Avail,Compl,Avail,Incmpl,Incmpl,Enable,OBD II (California ARB),OFF,OFF,0,0,0,1st,OFF,OFF,OFF,OFF,OFF,OFF,0.781,-0.781,ON,OFF,950,0,OFF,OFF,OFF,ON,Gasoline,0.974,OFF,OFF,0.684,ON,0.938,16.078,14,0,0.801,0.801,2.383,0.801,0.918,2.031,47.843,0,16.078,22,0,0,OFF,ECT 5th,NA,OFF,97.878,97.900,16.078,0,Not Avl,0,0,0,0,ON,ON,0,0,0
7,0,14.001,Not Avl,Compl,Compl,Unable,OFF,Not Avl,Compl,Compl,Unable,OFF,40.625,31.250,31.875,33.125,19.531,39.551,15.686,31.765,0.781,1.582,ON,0,OFF,ON,ON,0.995,0.996,-0.055,-0.051,3.205,3.215,0,97,51199.219,13.750,25.882,OFF,OFF,OFF,OFF,OFF,OFF,OFF,Avail,Incmpl,Incmpl,Enable,Avail,464.100,119.300,464.100,119.300,ON,Avail,Compl,Enable,61,0,0,0,0,0,0,6,A,0,0,Avail,Incmpl,Incmpl,Enable,OFF,OFF,171,1003,51199.219,51199.219,51199.219,51199.219,51199.219,51199.219,1GRFE ,0,Avail,Incmpl,Incmpl,Enable,0,OFF,OFF,OFF,OFF,ON,ON,Avail,Compl,Enable,Compl,CL,CL,Compl,Unable,Not Avl,Compl,Incmpl,Enable,OFF,80,15.500,205,ON,42.500,21.250,0.122,2672,15,21,-3,OFF,0,3.125,6.420,OFF,0,0,68,Avail,Compl,Enable,0,GRN2#  ,ON,0,Not Act,Not Act,0,0,0,0,21247.676,21247.676,Avail,Compl,Avail,Incmpl,Incmpl,Enable,OBD II (California ARB),OFF,OFF,0,0,0,1st,OFF,OFF,OFF,OFF,OFF,OFF,0.781,-0.781,ON,OFF,950,0,OFF,OFF,OFF,ON,Gasoline,0.974,OFF,OFF,0.684,ON,0.938,16.078,14,0,0.801,0.801,2.383,0.801,0.918,2.031,47.843,0,16.078,22,0,0,OFF,ECT 5th,NA,OFF,97.878,97.900,16.078,0,Not Avl,0,0,0,0,ON,ON,0,0,0
8,0,14.001,Not Avl,Compl,Compl,Unable,OFF,Not Avl,Compl,Compl,Unable,OFF,40.625,31.250,31.875,33.125,19.531,39.551,15.686,31.765,0.781,1.582,ON,0,OFF,ON,ON,0.995,0.996,-0.055,-0.051,3.205,3.215,0,97,51199.219,13.750,25.882,OFF,OFF,OFF,OFF,OFF,OFF,OFF,Avail,Incmpl,Incmpl,Enable,Avail,464.100,119.300,464.100,119.300,ON,Avail,Compl,Enable,61,0,0,0,0,0,0,6,A,0,0,Avail,Incmpl,Incmpl,Enable,OFF,OFF,171,1003,51199.219,51199.219,51199.219,51199.219,51199.219,51199.219,1GRFE ,0,Avail,Incmpl,Incmpl,Enable,0,OFF,OFF,OFF,OFF,ON,ON,Avail,Compl,Enable,Compl,CL,CL,Compl,Unable,Not Avl,Compl,Incmpl,Enable,OFF,80,15.500,205,ON,42.500,21.250,0.122,2672,15,21,-3,OFF,0,3.125,6.420,OFF,0,0,68,Avail,Compl,Enable,0,GRN2#  ,ON,0,Not Act,Not Act,0,0,0,0,21247.676,21247.676,Avail,Compl,Avail,Incmpl,Incmpl,Enable,OBD II (California ARB),OFF,OFF,0,0,0,1st,OFF,OFF,OFF,OFF,OFF,OFF,0.781,-0.781,ON,OFF,950,0,OFF,OFF,OFF,ON,Gasoline,0.974,OFF,OFF,0.684,ON,0.938,16.078,14,0,0.801,0.801,2.383,0.801,0.918,2.031,47.843,0,16.078,22,0,0,OFF,ECT 5th,NA,OFF,97.878,97.900,16.078,0,Not Avl,0,0,0,0,ON,ON,0,0,0
9,0,14.001,Not Avl,Compl,Compl,Unable,OFF,Not Avl,Compl,Compl,Unable,OFF,40.625,31.250,31.875,33.125,19.531,39.551,15.686,31.765,0.781,1.582,ON,0,OFF,ON,ON,0.995,0.996,-0.055,-0.051,3.205,3.215,0,97,51199.219,13.750,25.882,OFF,OFF,OFF,OFF,OFF,OFF,OFF,Avail,Incmpl,Incmpl,Enable,Avail,464.100,119.300,464.100,119.300,ON,Avail,Compl,Enable,61,0,0,0,0,0,0,6,A,0,0,Avail,Incmpl,Incmpl,Enable,OFF,OFF,171,1003,51199.219,51199.219,51199.219,51199.219,51199.219,51199.219,1GRFE ,0,Avail,Incmpl,Incmpl,Enable,0,OFF,OFF,OFF,OFF,ON,ON,Avail,Compl,Enable,Compl,CL,CL,Compl,Unable,Not Avl,Compl,Incmpl,Enable,OFF,80,15.500,205,ON,42.500,21.250,0.122,2672,15,21,-3,OFF,0,3.125,6.420,OFF,0,0,68,Avail,Compl,Enable,0,GRN2#  ,ON,0,Not Act,Not Act,0,0,0,0,21247.676,21247.676,Avail,Compl,Avail,Incmpl,Incmpl,Enable,OBD II (California ARB),OFF,OFF,0,0,0,1st,OFF,OFF,OFF,OFF,OFF,OFF,0.781,-0.781,ON,OFF,950,0,OFF,OFF,OFF,ON,Gasoline,0.974,OFF,OFF,0.684,ON,0.938,16.078,14,0,0.801,0.801,2.383,0.801,0.918,2.031,47.843,0,16.078,22,0,0,OFF,ECT 5th,NA,OFF,97.878,97.900,16.078,0,Not Avl,0,0,0,0,ON,ON,0,0,0
10,0,14.001,Not Avl,Compl,Compl,Unable,OFF,Not Avl,Compl,Compl,Unable,OFF,40.625,31.250,31.875,33.125,19.531,39.551,15.686,31.765,0.781,1.582,ON,0,OFF,ON,ON,0.995,0.996,-0.055,-0.051,3.205,3.215,0,97,51199.219,13.750,25.882,OFF,OFF,OFF,OFF,OFF,OFF,OFF,Avail,Incmpl,Incmpl,Enable,Avail,464.100,119.300,464.100,119.300,ON,Avail,Compl,Enable,61,0,0,0,0,0,0,6,A,0,0,Avail,Incmpl,Incmpl,Enable,OFF,OFF,171,1003,51199.219,51199.219,51199.219,51199.219,51199.219,51199.219,1GRFE ,0,Avail,Incmpl,Incmpl,Enable,0,OFF,OFF,OFF,OFF,ON,ON,Avail,Compl,Enable,Compl,CL,CL,Compl,Unable,Not Avl,Compl,Incmpl,Enable,OFF,80,15.500,205,ON,42.500,21.250,0.122,2672,15,21,-3,OFF,0,3.125,6.420,OFF,0,0,68,Avail,Compl,Enable,0,GRN2#  ,ON,0,Not Act,Not Act,0,0,0,0,21247.676,21247.676,Avail,Compl,Avail,Incmpl,Incmpl,Enable,OBD II (California ARB),OFF,OFF,0,0,0,1st,OFF,OFF,OFF,OFF,OFF,OFF,0.781,-0.781,ON,OFF,950,0,OFF,OFF,OFF,ON,Gasoline,0.974,OFF,OFF,0.684,ON,0.938,16.078,14,0,0.801,0.801,2.383,0.801,0.918,2.031,47.843,0,16.078,22,0,0,OFF,ECT 5th,NA,OFF,97.878,97.900,16.078,0,Not Avl,0,0,0,0,ON,ON,0,0,0
11,0,14.001,Not Avl,Compl,Compl,Unable,OFF,Not Avl,Compl,Compl,Unable,OFF,40.625,31.250,31.875,33.125,19.531,39.551,15.686,31.765,0.781,1.582,ON,0,OFF,ON,ON,0.995,0.996,-0.055,-0.051,3.205,3.215,0,97,51199.219,13.750,25.882,OFF,OFF,OFF,OFF,OFF,OFF,OFF,Avail,Incmpl,Incmpl,Enable,Avail,464.100,119.300,464.100,119.300,ON,Avail,Compl,Enable,61,0,0,0,0,0,0,6,A,0,0,Avail,Incmpl,Incmpl,Enable,OFF,OFF,171,1003,51199.219,51199.219,51199.219,51199.219,51199.219,51199.219,1GRFE ,0,Avail,Incmpl,Incmpl,Enable,0,OFF,OFF,OFF,OFF,ON,ON,Avail,Compl,Enable,Compl,CL,CL,Compl,Unable,Not Avl,Compl,Incmpl,Enable,OFF,80,15.500,205,ON,42.500,21.250,0.122,2672,15,21,-3,OFF,0,3.125,6.420,OFF,0,0,68,Avail,Compl,Enable,0,GRN2#  ,ON,0,Not Act,Not Act,0,0,0,0,21247.676,21247.676,Avail,Compl,Avail,Incmpl,Incmpl,Enable,OBD II (California ARB),OFF,OFF,0,0,0,1st,OFF,OFF,OFF,OFF,OFF,OFF,0.781,-0.781,ON,OFF,950,0,OFF,OFF,OFF,ON,Gasoline,0.974,OFF,OFF,0.684,ON,0.938,16.078,14,0,0.801,0.801,2.383,0.801,0.918,2.031,47.843,0,16.078,22,0,0,OFF,ECT 5th,NA,OFF,97.878,97.900,16.078,0,Not Avl,0,0,0,0,ON,ON,0,0,0
12,0,14.001,Not Avl,Compl,Compl,Unable,OFF,Not Avl,Compl,Compl,Unable,OFF,40.625,31.250,31.875,33.125,19.531,39.551,15.686,31.765,0.781,1.582,ON,0,OFF,ON,ON,0.995,0.996,-0.055,-0.051,3.205,3.215,0,97,51199.219,13.750,25.882,OFF,OFF,OFF,OFF,OFF,OFF,OFF,Avail,Incmpl,Incmpl,Enable,Avail,464.100,119.300,464.100,119.300,ON,Avail,Compl,Enable,61,0,0,0,0,0,0,6,A,0,0,Avail,Incmpl,Incmpl,Enable,OFF,OFF,171,1003,51199.219,51199.219,51199.219,51199.219,51199.219,51199.219,1GRFE ,0,Avail,Incmpl,Incmpl,Enable,0,OFF,OFF,OFF,OFF,ON,ON,Avail,Compl,Enable,Compl,CL,CL,Compl,Unable,Not Avl,Compl,Incmpl,Enable,OFF,80,15.500,205,ON,42.500,21.250,0.122,2672,15,21,-3,OFF,0,3.125,6.420,OFF,0,0,68,Avail,Compl,Enable,0,GRN2#  ,ON,0,Not Act,Not Act,0,0,0,0,21247.676,21247.676,Avail,Compl,Avail,Incmpl,Incmpl,Enable,OBD II (California ARB),OFF,OFF,0,0,0,1st,OFF,OFF,OFF,OFF,OFF,OFF,0.781,-0.781,ON,OFF,950,0,OFF,OFF,OFF,ON,Gasoline,0.974,OFF,OFF,0.684,ON,0.938,16.078,14,0,0.801,0.801,2.383,0.801,0.918,2.031,47.843,0,16.078,22,0,0,OFF,ECT 5th,NA,OFF,97.878,97.900,16.078,0,Not Avl,0,0,0,0,ON,ON,0,0,0
13,0,14.001,Not Avl,Compl,Compl,Unable,OFF,Not Avl,Compl,Compl,Unable,OFF,40.625,31.250,31.875,33.125,19.531,39.551,15.686,31.765,0.781,1.582,ON,0,OFF,ON,ON,0.995,0.996,-0.055,-0.051,3.205,3.215,0,97,51199.219,13.750,25.882,OFF,OFF,OFF,OFF,OFF,OFF,OFF,Avail,Incmpl,Incmpl,Enable,Avail,464.100,119.300,464.100,119.300,ON,Avail,Compl,Enable,61,0,0,0,0,0,0,6,A,0,0,Avail,Incmpl,Incmpl,Enable,OFF,OFF,171,1003,51199.219,51199.219,51199.219,51199.219,51199.219,51199.219,1GRFE ,0,Avail,Incmpl,Incmpl,Enable,0,OFF,OFF,OFF,OFF,ON,ON,Avail,Compl,Enable,Compl,CL,CL,Compl,Unable,Not Avl,Compl,Incmpl,Enable,OFF,80,15.500,205,ON,42.500,21.250,0.122,2672,15,21,-3,OFF,0,3.125,6.420,OFF,0,0,68,Avail,Compl,Enable,0,GRN2#  ,ON,0,Not Act,Not Act,0,0,0,0,21247.676,21247.676,Avail,Compl,Avail,Incmpl,Incmpl,Enable,OBD II (California ARB),OFF,OFF,0,0,0,1st,OFF,OFF,OFF,OFF,OFF,OFF,0.781,-0.781,ON,OFF,950,0,OFF,OFF,OFF,ON,Gasoline,0.974,OFF,OFF,0.684,ON,0.938,16.078,14,0,0.801,0.801,2.383,0.801,0.918,2.031,47.843,0,16.078,22,0,0,OFF,ECT 5th,NA,OFF,97.878,97.900,16.078,0,Not Avl,0,0,0,0,ON,ON,0,0,0
14,0,14.001,Not Avl,Compl,Compl,Unable,OFF,Not Avl,Compl,Compl,Unable,OFF,55.469,31.250,31.875,33.125,19.531,39.551,15.686,31.765,0.781,1.582,ON,0,OFF,ON,ON,0.995,0.996,-0.055,-0.051,3.205,3.215,0,97,51199.219,13.750,25.882,OFF,OFF,OFF,OFF,OFF,OFF,OFF,Avail,Incmpl,Incmpl,Enable,Avail,464.100,119.300,464.100,119.300,ON,Avail,Compl,Enable,61,0,0,0,0,0,0,6,A,0,0,Avail,Incmpl,Incmpl,Enable,OFF,OFF,171,1003,51199.219,51199.219,51199.219,51199.219,51199.219,51199.219,1GRFE ,0,Avail,Incmpl,Incmpl,Enable,0,OFF,OFF,OFF,OFF,ON,ON,Avail,Compl,Enable,Compl,CL,CL,Compl,Unable,Not Avl,Compl,Incmpl,Enable,OFF,80,15.500,205,ON,42.500,21.250,0.122,2672,15,21,-3,OFF,0,3.125,6.420,OFF,0,0,68,Avail,Compl,Enable,0,GRN2#  ,ON,0,Not Act,Not Act,0,0,0,0,21247.676,21247.676,Avail,Compl,Avail,Incmpl,Incmpl,Enable,OBD II (California ARB),OFF,OFF,0,0,0,1st,OFF,OFF,OFF,OFF,OFF,OFF,0.781,-0.781,ON,OFF,950,0,OFF,OFF,OFF,ON,Gasoline,0.974,OFF,OFF,0.684,ON,0.938,16.078,14,0,0.801,0.801,2.383,0.801,0.918,2.031,47.843,0,16.078,22,0,0,OFF,ECT 5th,NA,OFF,97.878,97.900,16.078,0,Not Avl,0,0,0,0,ON,ON,0,0,0
15,0,14.001,Not Avl,Compl,Compl,Unable,OFF,Not Avl,Compl,Compl,Unable,OFF,55.469,36.719,31.875,33.125,19.531,39.551,15.686,31.765,0.781,1.582,ON,0,OFF,ON,ON,0.995,0.996,-0.055,-0.051,3.205,3.215,0,97,51199.219,13.750,25.882,OFF,OFF,OFF,OFF,OFF,OFF,OFF,Avail,Incmpl,Incmpl,Enable,Avail,464.100,119.300,464.100,119.300,ON,Avail,Compl,Enable,61,0,0,0,0,0,0,6,A,0,0,Avail,Incmpl,Incmpl,Enable,OFF,OFF,171,1003,51199.219,51199.219,51199.219,51199.219,51199.219,51199.219,1GRFE ,0,Avail,Incmpl,Incmpl,Enable,0,OFF,OFF,OFF,OFF,ON,ON,Avail,Compl,Enable,Compl,CL,CL,Compl,Unable,Not Avl,Compl,Incmpl,Enable,OFF,80,15.500,205,ON,42.500,21.250,0.122,2672,15,21,-3,OFF,0,3.125,6.420,OFF,0,0,68,Avail,Compl,Enable,0,GRN2#  ,ON,0,Not Act,Not Act,0,0,0,0,21247.676,21247.676,Avail,Compl,Avail,Incmpl,Incmpl,Enable,OBD II (California ARB),OFF,OFF,0,0,0,1st,OFF,OFF,OFF,OFF,OFF,OFF,0.781,-0.781,ON,OFF,950,0,OFF,OFF,OFF,ON,Gasoline,0.974,OFF,OFF,0.684,ON,0.938,16.078,14,0,0.801,0.801,2.383,0.801,0.918,2.031,47.843,0,16.078,22,0,0,OFF,ECT 5th,NA,OFF,97.878,97.900,16.078,0,Not Avl,0,0,0,0,ON,ON,0,0,0
16,0,14.001,Not Avl,Compl,Compl,Unable,OFF,Not Avl,Compl,Compl,Unable,OFF,55.469,36.719,31.875,33.125,19.531,39.551,15.686,31.765,0.781,1.582,ON,0,OFF,ON,ON,0.995,0.996,-0.055,-0.051,3.205,3.215,0,97,51199.219,13.750,25.882,OFF,OFF,OFF,OFF,OFF,OFF,OFF,Avail,Incmpl,Incmpl,Enable,Avail,464.100,119.300,464.100,119.300,ON,Avail,Compl,Enable,61,0,0,0,0,0,0,6,A,0,0,Avail,Incmpl,Incmpl,Enable,OFF,OFF,171,1003,51199.219,51199.219,51199.219,51199.219,51199.219,51199.219,1GRFE ,0,Avail,Incmpl,Incmpl,Enable,0,OFF,OFF,OFF,OFF,ON,ON,Avail,Compl,Enable,Compl,CL,CL,Compl,Unable,Not Avl,Compl,Incmpl,Enable,OFF,80,15.500,205,ON,42.500,21.250,0.122,2672,15,21,-3,OFF,0,3.125,6.420,OFF,0,0,68,Avail,Compl,Enable,0,GRN2#  ,ON,0,Not Act,Not Act,0,0,0,0,21247.676,21247.676,Avail,Compl,Avail,Incmpl,Incmpl,Enable,OBD II (California ARB),OFF,OFF,0,0,0,1st,OFF,OFF,OFF,OFF,OFF,OFF,0.781,-0.781,ON,OFF,950,0,OFF,OFF,OFF,ON,Gasoline,0.974,OFF,OFF,0.684,ON,0.938,16.078,14,0,0.801,0.801,2.383,0.801,0.918,2.031,47.843,0,16.078,22,0,0,OFF,ECT 5th,NA,OFF,97.878,97.900,16.078,0,Not Avl,0,0,0,0,ON,ON,0,0,0
17,0,14.001,Not Avl,Compl,Compl,Unable,OFF,Not Avl,Compl,Compl,Unable,OFF,55.469,36.719,31.875,33.125,19.531,39.551,15.686,31.765,0.781,1.582,ON,0,OFF,ON,ON,0.995,0.996,-0.055,-0.051,3.205,3.215,0,97,51199.219,13.750,25.882,OFF,OFF,OFF,OFF,OFF,OFF,OFF,Avail,Incmpl,Incmpl,Enable,Avail,464.100,119.300,464.100,119.300,ON,Avail,Compl,Enable,61,0,0,0,0,0,0,6,A,0,0,Avail,Incmpl,Incmpl,Enable,OFF,OFF,171,1003,51199.219,51199.219,51199.219,51199.219,51199.219,51199.219,1GRFE ,0,Avail,Incmpl,Incmpl,Enable,0,OFF,OFF,OFF,OFF,ON,ON,Avail,Compl,Enable,Compl,CL,CL,Compl,Unable,Not Avl,Compl,Incmpl,Enable,OFF,80,15.500,205,ON,42.500,21.250,0.122,2672,15,21,-3,OFF,0,3.125,6.420,OFF,0,0,68,Avail,Compl,Enable,0,GRN2#  ,ON,0,Not Act,Not Act,0,0,0,0,21247.676,21247.676,Avail,Compl,Avail,Incmpl,Incmpl,Enable,OBD II (California ARB),OFF,OFF,0,0,0,1st,OFF,OFF,OFF,OFF,OFF,OFF,0.781,-0.781,ON,OFF,950,0,OFF,OFF,OFF,ON,Gasoline,0.974,OFF,OFF,0.684,ON,0.938,16.078,14,0,0.801,0.801,2.383,0.801,0.918,2.031,47.843,0,16.078,22,0,0,OFF,ECT 5th,NA,OFF,97.878,97.900,16.078,0,Not Avl,0,0,0,0,ON,ON,0,0,0
18,0,14.001,Not Avl,Compl,Compl,Unable,OFF,Not Avl,Compl,Compl,Unable,OFF,55.469,36.719,31.875,33.125,19.531,39.551,15.686,31.765,0.781,1.582,ON,0,OFF,ON,ON,0.995,0.996,-0.055,-0.051,3.205,3.215,0,97,51199.219,13.750,25.882,OFF,OFF,OFF,OFF,OFF,OFF,OFF,Avail,Incmpl,Incmpl,Enable,Avail,464.100,119.300,464.100,119.300,ON,Avail,Compl,Enable,61,0,0,0,0,0,0,6,A,0,0,Avail,Incmpl,Incmpl,Enable,OFF,OFF,171,1003,51199.219,51199.219,51199.219,51199.219,51199.219,51199.219,1GRFE ,0,Avail,Incmpl,Incmpl,Enable,0,OFF,OFF,OFF,OFF,ON,ON,Avail,Compl,Enable,Compl,CL,CL,Compl,Unable,Not Avl,Compl,Incmpl,Enable,OFF,80,15.500,205,ON,42.500,21.250,0.122,2672,15,21,-3,OFF,0,3.125,6.420,OFF,0,0,68,Avail,Compl,Enable,0,GRN2#  ,ON,0,Not Act,Not Act,0,0,0,0,21247.676,21247.676,Avail,Compl,Avail,Incmpl,Incmpl,Enable,OBD II (California ARB),OFF,OFF,0,0,0,1st,OFF,OFF,OFF,OFF,OFF,OFF,0.781,-0.781,ON,OFF,950,0,OFF,OFF,OFF,ON,Gasoline,0.974,OFF,OFF,0.684,ON,0.938,16.078,14,0,0.801,0.801,2.383,0.801,0.918,2.031,47.843,0,16.078,22,0,0,OFF,ECT 5th,NA,OFF,97.878,97.900,16.078,0,Not Avl,0,0,0,0,ON,ON,0,0,0
19,0,14.001,Not Avl,Compl,Compl,Unable,OFF,Not Avl,Compl,Compl,Unable,OFF,55.469,36.719,31.875,33.125,19.531,39.551,15.686,31.765,0.781,1.582,ON,0,OFF,ON,ON,0.995,0.996,-0.055,-0.051,3.205,3.215,0,97,51199.219,13.750,25.882,OFF,OFF,OFF,OFF,OFF,OFF,OFF,Avail,Incmpl,Incmpl,Enable,Avail,464.100,119.300,464.100,119.300,ON,Avail,Compl,Enable,61,0,0,0,0,0,0,6,A,0,0,Avail,Incmpl,Incmpl,Enable,OFF,OFF,171,1003,51199.219,51199.219,51199.219,51199.219,51199.219,51199.219,1GRFE ,0,Avail,Incmpl,Incmpl,Enable,0,OFF,OFF,OFF,OFF,ON,ON,Avail,Compl,Enable,Compl,CL,CL,Compl,Unable,Not Avl,Compl,Incmpl,Enable,OFF,80,15.500,205,ON,42.500,21.250,0.122,2672,15,21,-3,OFF,0,3.125,6.420,OFF,0,0,68,Avail,Compl,Enable,0,GRN2#  ,ON,0,Not Act,Not Act,0,0,0,0,21247.676,21247.676,Avail,Compl,Avail,Incmpl,Incmpl,Enable,OBD II (California ARB),OFF,OFF,0,0,0,1st,OFF,OFF,OFF,OFF,OFF,OFF,0.781,-0.781,ON,OFF,950,0,OFF,OFF,OFF,ON,Gasoline,0.974,OFF,OFF,0.684,ON,0.938,16.078,14,0,0.801,0.801,2.383,0.801,0.918,2.031,47.843,0,16.078,22,0,0,OFF,ECT 5th,NA,OFF,97.878,97.900,16.078,0,Not Avl,0,0,0,0,ON,ON,0,0,0
20,0,14.001,Not Avl,Compl,Compl,Unable,OFF,Not Avl,Compl,Compl,Unable,OFF,55.469,36.719,31.875,33.125,19.531,39.551,15.686,31.765,0.781,1.582,ON,0,OFF,ON,ON,0.995,0.996,-0.055,-0.051,3.205,3.215,0,97,51199.219,13.750,25.882,OFF,OFF,OFF,OFF,OFF,OFF,OFF,Avail,Incmpl,Incmpl,Enable,Avail,464.100,119.300,464.100,119.300,ON,Avail,Compl,Enable,61,0,0,0,0,0,0,6,A,0,0,Avail,Incmpl,Incmpl,Enable,OFF,OFF,171,1003,51199.219,51199.219,51199.219,51199.219,51199.219,51199.219,1GRFE ,0,Avail,Incmpl,Incmpl,Enable,0,OFF,OFF,OFF,OFF,ON,ON,Avail,Compl,Enable,Compl,CL,CL,Compl,Unable,Not Avl,Compl,Incmpl,Enable,OFF,80,15.500,205,ON,42.500,21.250,0.122,2672,15,21,-3,OFF,0,3.125,6.420,OFF,0,0,68,Avail,Compl,Enable,0,GRN2#  ,ON,0,Not Act,Not Act,0,0,0,0,21247.676,21247.676,Avail,Compl,Avail,Incmpl,Incmpl,Enable,OBD II (California ARB),OFF,OFF,0,0,0,1st,OFF,OFF,OFF,OFF,OFF,OFF,0.781,-0.781,ON,OFF,950,0,OFF,OFF,OFF,ON,Gasoline,0.974,OFF,OFF,0.684,ON,0.938,16.078,14,0,0.801,0.801,2.383,0.801,0.918,2.031,47.843,0,16.078,22,0,0,OFF,ECT 5th,NA,OFF,97.878,97.900,16.078,0,Not Avl,0,0,0,0,ON,ON,0,0,0
21,0,14.001,Not Avl,Compl,Compl,Unable,OFF,Not Avl,Compl,Compl,Unable,OFF,55.469,36.719,31.875,33.125,19.531,39.551,15.686,31.765,0.781,1.582,ON,0,OFF,ON,ON,0.995,0.996,-0.055,-0.051,3.205,3.215,0,97,51199.219,13.750,25.882,OFF,OFF,OFF,OFF,OFF,OFF,OFF,Avail,Incmpl,Incmpl,Enable,Avail,464.100,119.300,464.100,119.300,ON,Avail,Compl,Enable,61,0,0,0,0,0,0,6,A,0,0,Avail,Incmpl,Incmpl,Enable,OFF,OFF,171,1003,51199.219,51199.219,51199.219,51199.219,51199.219,51199.219,1GRFE ,0,Avail,Incmpl,Incmpl,Enable,0,OFF,OFF,OFF,OFF,ON,ON,Avail,Compl,Enable,Compl,CL,CL,Compl,Unable,Not Avl,Compl,Incmpl,Enable,OFF,80,15.500,205,ON,42.500,21.250,0.122,2672,15,21,-3,OFF,0,3.125,6.420,OFF,0,0,68,Avail,Compl,Enable,0,GRN2#  ,ON,0,Not Act,Not Act,0,0,0,0,21247.676,21247.676,Avail,Compl,Avail,Incmpl,Incmpl,Enable,OBD II (California ARB),OFF,OFF,0,0,0,1st,OFF,OFF,OFF,OFF,OFF,OFF,0.781,-0.781,ON,OFF,950,0,OFF,OFF,OFF,ON,Gasoline,0.974,OFF,OFF,0.684,ON,0.938,16.078,14,0,0.801,0.801,2.383,0.801,0.918,2.031,47.843,0,16.078,22,0,0,OFF,ECT 5th,NA,OFF,97.878,97.900,16.078,0,Not Avl,0,0,0,0,ON,ON,0,0,0
22,0,14.001,Not Avl,Compl,Compl,Unable,OFF,Not Avl,Compl,Compl,Unable,OFF,55.469,36.719,31.875,33.125,19.531,39.551,15.686,31.765,0.781,1.582,ON,0,OFF,ON,ON,0.995,0.996,-0.055,-0.051,3.205,3.215,0,97,51199.219,13.750,25.882,OFF,OFF,OFF,OFF,OFF,OFF,OFF,Avail,Incmpl,Incmpl,Enable,Avail,464.100,119.300,464.100,119.300,ON,Avail,Compl,Enable,61,0,0,0,0,0,0,6,A,0,0,Avail,Incmpl,Incmpl,Enable,OFF,OFF,171,1003,51199.219,51199.219,51199.219,51199.219,51199.219,51199.219,1GRFE ,0,Avail,Incmpl,Incmpl,Enable,0,OFF,OFF,OFF,OFF,ON,ON,Avail,Compl,Enable,Compl,CL,CL,Compl,Unable,Not Avl,Compl,Incmpl,Enable,OFF,80,15.500,205,ON,42.500,21.250,0.122,2672,15,21,-3,OFF,0,3.125,6.420,OFF,0,0,68,Avail,Compl,Enable,0,GRN2#  ,ON,0,Not Act,Not Act,0,0,0,0,21247.676,21247.676,Avail,Compl,Avail,Incmpl,Incmpl,Enable,OBD II (California ARB),OFF,OFF,0,0,0,1st,OFF,OFF,OFF,OFF,OFF,OFF,0.781,-0.781,ON,OFF,950,0,OFF,OFF,OFF,ON,Gasoline,0.974,OFF,OFF,0.684,ON,0.938,16.078,14,0,0.801,0.801,2.383,0.801,0.918,2.031,47.843,0,16.078,22,0,0,OFF,ECT 5th,NA,OFF,97.878,97.900,16.078,0,Not Avl,0,0,0,0,ON,ON,0,0,0
23,0,14.001,Not Avl,Compl,Compl,Unable,OFF,Not Avl,Compl,Compl,Unable,OFF,55.469,36.719,31.875,33.125,19.531,39.551,15.686,31.765,0.781,1.582,ON,0,OFF,ON,ON,0.995,0.996,-0.055,-0.051,3.205,3.215,0,97,51199.219,13.750,25.882,OFF,OFF,OFF,OFF,OFF,OFF,OFF,Avail,Incmpl,Incmpl,Enable,Avail,464.100,119.300,464.100,119.300,ON,Avail,Compl,Enable,61,0,0,0,0,0,0,6,A,0,0,Avail,Incmpl,Incmpl,Enable,OFF,OFF,171,1003,51199.219,51199.219,51199.219,51199.219,51199.219,51199.219,1GRFE ,0,Avail,Incmpl,Incmpl,Enable,0,OFF,OFF,OFF,OFF,ON,ON,Avail,Compl,Enable,Compl,CL,CL,Compl,Unable,Not Avl,Compl,Incmpl,Enable,OFF,80,15.500,205,ON,42.500,21.250,0.122,2672,15,21,-3,OFF,0,3.125,6.420,OFF,0,0,68,Avail,Compl,Enable,0,GRN2#  ,ON,0,Not Act,Not Act,0,0,0,0,21247.676,21247.676,Avail,Compl,Avail,Incmpl,Incmpl,Enable,OBD II (California ARB),OFF,OFF,0,0,0,1st,OFF,OFF,OFF,OFF,OFF,OFF,0.781,-0.781,ON,OFF,950,0,OFF,OFF,OFF,ON,Gasoline,0.974,OFF,OFF,0.684,ON,0.938,16.078,14,0,0.801,0.801,2.383,0.801,0.918,2.031,47.843,0,16.078,22,0,0,OFF,ECT 5th,NA,OFF,97.878,97.900,16.078,0,Not Avl,0,0,0,0,ON,ON,0,0,0
24,0,14.001,Not Avl,Compl,Compl,Unable,OFF,Not Avl,Compl,Compl,Unable,OFF,55.469,36.719,31.875,33.125,19.531,39.551,15.686,31.765,0.781,1.582,ON,0,OFF,ON,ON,0.995,0.996,-0.055,-0.051,3.205,3.215,0,97,51199.219,13.750,25.882,OFF,OFF,OFF,OFF,OFF,OFF,OFF,Avail,Incmpl,Incmpl,Enable,Avail,464.100,119.300,464.100,119.300,ON,Avail,Compl,Enable,61,0,0,0,0,0,0,6,A,0,0,Avail,Incmpl,Incmpl,Enable,OFF,OFF,171,1003,51199.219,51199.219,51199.219,51199.219,51199.219,51199.219,1GRFE ,0,Avail,Incmpl,Incmpl,Enable,0,OFF,OFF,OFF,OFF,ON,ON,Avail,Compl,Enable,Compl,CL,CL,Compl,Unable,Not Avl,Compl,Incmpl,Enable,OFF,80,15.500,205,ON,42.500,21.250,0.122,2672,15,21,-3,OFF,0,3.125,6.420,OFF,0,0,68,Avail,Compl,Enable,0,GRN2#  ,ON,0,Not Act,Not Act,0,0,0,0,21247.676,21247.676,Avail,Compl,Avail,Incmpl,Incmpl,Enable,OBD II (California ARB),OFF,OFF,0,0,0,1st,OFF,OFF,OFF,OFF,OFF,OFF,0.781,-0.781,ON,OFF,950,0,OFF,OFF,OFF,ON,Gasoline,0.974,OFF,OFF,0.684,ON,0.938,16.078,14,0,0.801,0.801,2.383,0.801,0.918,2.031,47.843,0,16.078,22,0,0,OFF,ECT 5th,NA,OFF,97.878,97.900,16.078,0,Not Avl,0,0,0,0,ON,ON,0,0,0
25,0,14.001,Not Avl,Compl,Compl,Unable,OFF,Not Avl,Compl,Compl,Unable,OFF,55.469,36.719,31.875,33.125,19.531,39.551,15.686,31.765,0.781,1.582,ON,0,OFF,ON,ON,0.995,0.996,-0.055,-0.051,3.205,3.215,0,97,51199.219,13.750,25.882,OFF,OFF,OFF,OFF,OFF,OFF,OFF,Avail,Incmpl,Incmpl,Enable,Avail,464.100,119.300,464.100,119.300,ON,Avail,Compl,Enable,61,0,0,0,0,0,0,6,A,0,0,Avail,Incmpl,Incmpl,Enable,OFF,OFF,171,1003,51199.219,51199.219,51199.219,51199.219,51199.219,51199.219,1GRFE ,0,Avail,Incmpl,Incmpl,Enable,0,OFF,OFF,OFF,OFF,ON,ON,Avail,Compl,Enable,Compl,CL,CL,Compl,Unable,Not Avl,Compl,Incmpl,Enable,OFF,80,15.500,205,ON,42.500,21.250,0.122,2672,15,21,-3,OFF,0,3.125,6.420,OFF,0,0,68,Avail,Compl,Enable,0,GRN2#  ,ON,0,Not Act,Not Act,0,0,0,0,21247.676,21247.676,Avail,Compl,Avail,Incmpl,Incmpl,Enable,OBD II (California ARB),OFF,OFF,0,0,0,1st,OFF,OFF,OFF,OFF,OFF,OFF,0.781,-0.781,ON,OFF,950,0,OFF,OFF,OFF,ON,Gasoline,0.974,OFF,OFF,0.684,ON,0.938,16.078,14,0,0.801,0.801,2.383,0.801,0.918,2.031,47.843,0,16.078,22,0,0,OFF,ECT 5th,NA,OFF,97.878,97.900,16.078,0,Not Avl,0,0,0,0,ON,ON,0,0,0
26,0,14.001,Not Avl,Compl,Compl,Unable,OFF,Not Avl,Compl,Compl,Unable,OFF,55.469,36.719,31.875,33.125,19.531,39.551,15.686,31.765,0.781,1.582,ON,0,OFF,ON,ON,0.995,0.996,-0.055,-0.051,3.205,3.215,0,97,51199.219,13.750,25.882,OFF,OFF,OFF,OFF,OFF,OFF,OFF,Avail,Incmpl,Incmpl,Enable,Avail,464.100,119.300,464.100,119.300,ON,Avail,Compl,Enable,61,0,0,0,0,0,0,6,A,0,0,Avail,Incmpl,Incmpl,Enable,OFF,OFF,171,1003,51199.219,51199.219,51199.219,51199.219,51199.219,51199.219,1GRFE ,0,Avail,Incmpl,Incmpl,Enable,0,OFF,OFF,OFF,OFF,ON,ON,Avail,Compl,Enable,Compl,CL,CL,Compl,Unable,Not Avl,Compl,Incmpl,Enable,OFF,80,15.500,205,ON,42.500,21.250,0.122,2672,15,21,-3,OFF,0,3.125,6.420,OFF,0,0,68,Avail,Compl,Enable,0,GRN2#  ,ON,0,Not Act,Not Act,0,0,0,0,21247.676,21247.676,Avail,Compl,Avail,Incmpl,Incmpl,Enable,OBD II (California ARB),OFF,OFF,0,0,0,1st,OFF,OFF,OFF,OFF,OFF,OFF,0.781,-0.781,ON,OFF,950,0,OFF,OFF,OFF,ON,Gasoline,0.974,OFF,OFF,0.684,ON,0.938,16.078,14,0,0.801,0.801,2.383,0.801,0.918,2.031,47.843,0,16.078,22,0,0,OFF,ECT 5th,NA,OFF,97.878,97.900,16.078,0,Not Avl,0,0,0,0,ON,ON,0,0,0
27,0,14.001,Not Avl,Compl,Compl,Unable,OFF,Not Avl,Compl,Compl,Unable,OFF,55.469,36.719,31.875,33.125,19.531,39.551,15.686,31.765,0.781,1.582,ON,0,OFF,ON,ON,0.995,0.996,-0.055,-0.051,3.205,3.215,0,97,51199.219,13.750,25.882,OFF,OFF,OFF,OFF,OFF,OFF,OFF,Avail,Incmpl,Incmpl,Enable,Avail,464.100,119.300,464.100,119.300,ON,Avail,Compl,Enable,61,0,0,0,0,0,0,6,A,0,0,Avail,Incmpl,Incmpl,Enable,OFF,OFF,171,1003,51199.219,51199.219,51199.219,51199.219,51199.219,51199.219,1GRFE ,0,Avail,Incmpl,Incmpl,Enable,0,OFF,OFF,OFF,OFF,ON,ON,Avail,Compl,Enable,Compl,CL,CL,Compl,Unable,Not Avl,Compl,Incmpl,Enable,OFF,80,15.500,205,ON,42.500,21.250,0.122,2672,15,21,-3,OFF,0,3.125,6.420,OFF,0,0,68,Avail,Compl,Enable,0,GRN2#  ,ON,0,Not Act,Not Act,0,0,0,0,21247.676,21247.676,Avail,Compl,Avail,Incmpl,Incmpl,Enable,OBD II (California ARB),OFF,OFF,0,0,0,1st,OFF,OFF,OFF,OFF,OFF,OFF,0.781,-0.781,ON,OFF,950,0,OFF,OFF,OFF,ON,Gasoline,0.974,OFF,OFF,0.684,ON,0.938,16.078,14,0,0.801,0.801,2.383,0.801,0.918,2.031,47.843,0,16.078,22,0,0,OFF,ECT 5th,NA,OFF,97.878,97.900,16.078,0,Not Avl,0,0,0,0,ON,ON,0,0,0
28,0,14.001,Not Avl,Compl,Compl,Unable,OFF,Not Avl,Compl,Compl,Unable,OFF,55.469,36.719,31.875,33.125,19.531,39.551,15.686,31.765,0.781,1.582,ON,0,OFF,ON,ON,0.995,0.996,-0.055,-0.051,3.205,3.215,0,97,51199.219,13.750,25.882,OFF,OFF,OFF,OFF,OFF,OFF,OFF,Avail,Incmpl,Incmpl,Enable,Avail,464.100,119.300,464.100,119.300,ON,Avail,Compl,Enable,61,0,0,0,0,0,0,6,A,0,0,Avail,Incmpl,Incmpl,Enable,OFF,OFF,171,1003,51199.219,51199.219,51199.219,51199.219,51199.219,51199.219,1GRFE ,0,Avail,Incmpl,Incmpl,Enable,0,OFF,OFF,OFF,OFF,ON,ON,Avail,Compl,Enable,Compl,CL,CL,Compl,Unable,Not Avl,Compl,Incmpl,Enable,OFF,80,15.500,205,ON,42.500,21.250,0.122,2672,15,21,-3,OFF,0,3.125,6.420,OFF,0,0,68,Avail,Compl,Enable,0,GRN2#  ,ON,0,Not Act,Not Act,0,0,0,0,21247.676,21247.676,Avail,Compl,Avail,Incmpl,Incmpl,Enable,OBD II (California ARB),OFF,OFF,0,0,0,1st,OFF,OFF,OFF,OFF,OFF,OFF,0.781,-0.781,ON,OFF,950,0,OFF,OFF,OFF,ON,Gasoline,0.974,OFF,OFF,0.684,ON,0.938,16.078,14,0,0.801,0.801,2.383,0.801,0.918,2.031,47.843,0,16.078,22,0,0,OFF,ECT 5th,NA,OFF,97.878,97.900,16.078,0,Not Avl,0,0,0,0,ON,ON,0,0,0
29,0,14.001,Not Avl,Compl,Compl,Unable,OFF,Not Avl,Compl,Compl,Unable,OFF,55.469,36.719,31.875,33.125,19.531,39.551,15.686,31.765,0.781,1.582,ON,0,OFF,ON,ON,0.998,0.996,-0.055,-0.051,3.205,3.215,0,97,51199.219,13.750,25.882,OFF,OFF,OFF,OFF,OFF,OFF,OFF,Avail,Incmpl,Incmpl,Enable,Avail,464.100,119.300,464.100,119.300,ON,Avail,Compl,Enable,61,0,0,0,0,0,0,6,A,0,0,Avail,Incmpl,Incmpl,Enable,OFF,OFF,171,1003,51199.219,51199.219,51199.219,51199.219,51199.219,51199.219,1GRFE ,0,Avail,Incmpl,Incmpl,Enable,0,OFF,OFF,OFF,OFF,ON,ON,Avail,Compl,Enable,Compl,CL,CL,Compl,Unable,Not Avl,Compl,Incmpl,Enable,OFF,80,15.500,205,ON,42.500,21.250,0.122,2672,15,21,-3,OFF,0,3.125,6.420,OFF,0,0,68,Avail,Compl,Enable,0,GRN2#  ,ON,0,Not Act,Not Act,0,0,0,0,21247.676,21247.676,Avail,Compl,Avail,Incmpl,Incmpl,Enable,OBD II (California ARB),OFF,OFF,0,0,0,1st,OFF,OFF,OFF,OFF,OFF,OFF,0.781,-0.781,ON,OFF,950,0,OFF,OFF,OFF,ON,Gasoline,0.974,OFF,OFF,0.684,ON,0.938,16.078,14,0,0.801,0.801,2.383,0.801,0.918,2.031,47.843,0,16.078,22,0,0,OFF,ECT 5th,NA,OFF,97.878,97.900,16.078,0,Not Avl,0,0,0,0,ON,ON,0,0,0
30,0,14.001,Not Avl,Compl,Compl,Unable,OFF,Not Avl,Compl,Compl,Unable,OFF,55.469,36.719,31.875,33.125,19.531,39.551,15.686,31.765,0.781,1.582,ON,0,OFF,ON,ON,0.998,0.998,-0.055,-0.051,3.205,3.215,0,97,51199.219,13.750,25.882,OFF,OFF,OFF,OFF,OFF,OFF,OFF,Avail,Incmpl,Incmpl,Enable,Avail,464.100,119.300,464.100,119.300,ON,Avail,Compl,Enable,61,0,0,0,0,0,0,6,A,0,0,Avail,Incmpl,Incmpl,Enable,OFF,OFF,171,1003,51199.219,51199.219,51199.219,51199.219,51199.219,51199.219,1GRFE ,0,Avail,Incmpl,Incmpl,Enable,0,OFF,OFF,OFF,OFF,ON,ON,Avail,Compl,Enable,Compl,CL,CL,Compl,Unable,Not Avl,Compl,Incmpl,Enable,OFF,80,15.500,205,ON,42.500,21.250,0.122,2672,15,21,-3,OFF,0,3.125,6.420,OFF,0,0,68,Avail,Compl,Enable,0,GRN2#  ,ON,0,Not Act,Not Act,0,0,0,0,21247.676,21247.676,Avail,Compl,Avail,Incmpl,Incmpl,Enable,OBD II (California ARB),OFF,OFF,0,0,0,1st,OFF,OFF,OFF,OFF,OFF,OFF,0.781,-0.781,ON,OFF,950,0,OFF,OFF,OFF,ON,Gasoline,0.974,OFF,OFF,0.684,ON,0.938,16.078,14,0,0.801,0.801,2.383,0.801,0.918,2.031,47.843,0,16.078,22,0,0,OFF,ECT 5th,NA,OFF,97.878,97.900,16.078,0,Not Avl,0,0,0,0,ON,ON,0,0,0
31,0,14.001,Not Avl,Compl,Compl,Unable,OFF,Not Avl,Compl,Compl,Unable,OFF,55.469,36.719,31.875,33.125,19.531,39.551,15.686,31.765,0.781,1.582,ON,0,OFF,ON,ON,0.998,0.998,-0.027,-0.051,3.205,3.215,0,97,51199.219,13.750,25.882,OFF,OFF,OFF,OFF,OFF,OFF,OFF,Avail,Incmpl,Incmpl,Enable,Avail,464.100,119.300,464.100,119.300,ON,Avail,Compl,Enable,61,0,0,0,0,0,0,6,A,0,0,Avail,Incmpl,Incmpl,Enable,OFF,OFF,171,1003,51199.219,51199.219,51199.219,51199.219,51199.219,51199.219,1GRFE ,0,Avail,Incmpl,Incmpl,Enable,0,OFF,OFF,OFF,OFF,ON,ON,Avail,Compl,Enable,Compl,CL,CL,Compl,Unable,Not Avl,Compl,Incmpl,Enable,OFF,80,15.500,205,ON,42.500,21.250,0.122,2672,15,21,-3,OFF,0,3.125,6.420,OFF,0,0,68,Avail,Compl,Enable,0,GRN2#  ,ON,0,Not Act,Not Act,0,0,0,0,21247.676,21247.676,Avail,Compl,Avail,Incmpl,Incmpl,Enable,OBD II (California ARB),OFF,OFF,0,0,0,1st,OFF,OFF,OFF,OFF,OFF,OFF,0.781,-0.781,ON,OFF,950,0,OFF,OFF,OFF,ON,Gasoline,0.974,OFF,OFF,0.684,ON,0.938,16.078,14,0,0.801,0.801,2.383,0.801,0.918,2.031,47.843,0,16.078,22,0,0,OFF,ECT 5th,NA,OFF,97.878,97.900,16.078,0,Not Avl,0,0,0,0,ON,ON,0,0,0
32,0,14.001,Not Avl,Compl,Compl,Unable,OFF,Not Avl,Compl,Compl,Unable,OFF,55.469,36.719,31.875,33.125,19.531,39.551,15.686,31.765,0.781,1.582,ON,0,OFF,ON,ON,0.998,0.998,-0.027,-0.051,3.205,3.215,0,97,51199.219,13.750,25.882,OFF,OFF,OFF,OFF,OFF,OFF,OFF,Avail,Incmpl,Incmpl,Enable,Avail,464.100,119.300,464.100,119.300,ON,Avail,Compl,Enable,61,0,0,0,0,0,0,6,A,0,0,Avail,Incmpl,Incmpl,Enable,OFF,OFF,171,1003,51199.219,51199.219,51199.219,51199.219,51199.219,51199.219,1GRFE ,0,Avail,Incmpl,Incmpl,Enable,0,OFF,OFF,OFF,OFF,ON,ON,Avail,Compl,Enable,Compl,CL,CL,Compl,Unable,Not Avl,Compl,Incmpl,Enable,OFF,80,15.500,205,ON,42.500,21.250,0.122,2672,15,21,-3,OFF,0,3.125,6.420,OFF,0,0,68,Avail,Compl,Enable,0,GRN2#  ,ON,0,Not Act,Not Act,0,0,0,0,21247.676,21247.676,Avail,Compl,Avail,Incmpl,Incmpl,Enable,OBD II (California ARB),OFF,OFF,0,0,0,1st,OFF,OFF,OFF,OFF,OFF,OFF,0.781,-0.781,ON,OFF,950,0,OFF,OFF,OFF,ON,Gasoline,0.974,OFF,OFF,0.684,ON,0.938,16.078,14,0,0.801,0.801,2.383,0.801,0.918,2.031,47.843,0,16.078,22,0,0,OFF,ECT 5th,NA,OFF,97.878,97.900,16.078,0,Not Avl,0,0,0,0,ON,ON,0,0,0
33,0,14.001,Not Avl,Compl,Compl,Unable,OFF,Not Avl,Compl,Compl,Unable,OFF,55.469,36.719,31.875,33.125,19.531,39.551,15.686,31.765,0.781,1.582,ON,0,OFF,ON,ON,0.998,0.998,-0.027,-0.051,3.225,3.215,0,97,51199.219,13.750,25.882,OFF,OFF,OFF,OFF,OFF,OFF,OFF,Avail,Incmpl,Incmpl,Enable,Avail,464.100,119.300,464.100,119.300,ON,Avail,Compl,Enable,61,0,0,0,0,0,0,6,A,0,0,Avail,Incmpl,Incmpl,Enable,OFF,OFF,171,1003,51199.219,51199.219,51199.219,51199.219,51199.219,51199.219,1GRFE ,0,Avail,Incmpl,Incmpl,Enable,0,OFF,OFF,OFF,OFF,ON,ON,Avail,Compl,Enable,Compl,CL,CL,Compl,Unable,Not Avl,Compl,Incmpl,Enable,OFF,80,15.500,205,ON,42.500,21.250,0.122,2672,15,21,-3,OFF,0,3.125,6.420,OFF,0,0,68,Avail,Compl,Enable,0,GRN2#  ,ON,0,Not Act,Not Act,0,0,0,0,21247.676,21247.676,Avail,Compl,Avail,Incmpl,Incmpl,Enable,OBD II (California ARB),OFF,OFF,0,0,0,1st,OFF,OFF,OFF,OFF,OFF,OFF,0.781,-0.781,ON,OFF,950,0,OFF,OFF,OFF,ON,Gasoline,0.974,OFF,OFF,0.684,ON,0.938,16.078,14,0,0.801,0.801,2.383,0.801,0.918,2.031,47.843,0,16.078,22,0,0,OFF,ECT 5th,NA,OFF,97.878,97.900,16.078,0,Not Avl,0,0,0,0,ON,ON,0,0,0
34,0,14.001,Not Avl,Compl,Compl,Unable,OFF,Not Avl,Compl,Compl,Unable,OFF,55.469,36.719,31.875,33.125,19.531,39.551,15.686,31.765,0.781,1.582,ON,0,OFF,ON,ON,0.998,0.998,-0.027,-0.051,3.225,3.210,0,97,51199.219,13.750,25.882,OFF,OFF,OFF,OFF,OFF,OFF,OFF,Avail,Incmpl,Incmpl,Enable,Avail,464.100,119.300,464.100,119.300,ON,Avail,Compl,Enable,61,0,0,0,0,0,0,6,A,0,0,Avail,Incmpl,Incmpl,Enable,OFF,OFF,171,1003,51199.219,51199.219,51199.219,51199.219,51199.219,51199.219,1GRFE ,0,Avail,Incmpl,Incmpl,Enable,0,OFF,OFF,OFF,OFF,ON,ON,Avail,Compl,Enable,Compl,CL,CL,Compl,Unable,Not Avl,Compl,Incmpl,Enable,OFF,80,15.500,205,ON,42.500,21.250,0.122,2672,15,21,-3,OFF,0,3.125,6.420,OFF,0,0,68,Avail,Compl,Enable,0,GRN2#  ,ON,0,Not Act,Not Act,0,0,0,0,21247.676,21247.676,Avail,Compl,Avail,Incmpl,Incmpl,Enable,OBD II (California ARB),OFF,OFF,0,0,0,1st,OFF,OFF,OFF,OFF,OFF,OFF,0.781,-0.781,ON,OFF,950,0,OFF,OFF,OFF,ON,Gasoline,0.974,OFF,OFF,0.684,ON,0.938,16.078,14,0,0.801,0.801,2.383,0.801,0.918,2.031,47.843,0,16.078,22,0,0,OFF,ECT 5th,NA,OFF,97.878,97.900,16.078,0,Not Avl,0,0,0,0,ON,ON,0,0,0
35,0,14.001,Not Avl,Compl,Compl,Unable,OFF,Not Avl,Compl,Compl,Unable,OFF,55.469,36.719,31.875,33.125,19.531,39.551,15.686,31.765,0.781,1.582,ON,0,OFF,ON,ON,0.998,0.998,-0.027,-0.051,3.225,3.210,0,97,51199.219,13.750,25.882,OFF,OFF,OFF,OFF,OFF,OFF,OFF,Avail,Incmpl,Incmpl,Enable,Avail,464.100,119.300,464.100,119.300,ON,Avail,Compl,Enable,61,0,0,0,0,0,0,6,A,0,0,Avail,Incmpl,Incmpl,Enable,OFF,OFF,171,1003,51199.219,51199.219,51199.219,51199.219,51199.219,51199.219,1GRFE ,0,Avail,Incmpl,Incmpl,Enable,0,OFF,OFF,OFF,OFF,ON,ON,Avail,Compl,Enable,Compl,CL,CL,Compl,Unable,Not Avl,Compl,Incmpl,Enable,OFF,80,15.500,205,ON,42.500,21.250,0.122,2672,15,21,-3,OFF,0,3.125,6.420,OFF,0,0,68,Avail,Compl,Enable,0,GRN2#  ,ON,0,Not Act,Not Act,0,0,0,0,21247.676,21247.676,Avail,Compl,Avail,Incmpl,Incmpl,Enable,OBD II (California ARB),OFF,OFF,0,0,0,1st,OFF,OFF,OFF,OFF,OFF,OFF,0.781,-0.781,ON,OFF,950,0,OFF,OFF,OFF,ON,Gasoline,0.974,OFF,OFF,0.684,ON,0.938,16.078,14,0,0.801,0.801,2.383,0.801,0.918,2.031,47.843,0,16.078,22,0,0,OFF,ECT 5th,NA,OFF,97.878,97.900,16.078,0,Not Avl,0,0,0,0,ON,ON,0,0,0
36,0,14.001,Not Avl,Compl,Compl,Unable,OFF,Not Avl,Compl,Compl,Unable,OFF,55.469,36.719,31.875,33.125,19.531,39.551,15.686,31.765,0.781,1.582,ON,0,OFF,ON,ON,0.998,0.998,-0.027,-0.051,3.225,3.210,0,97,51199.219,13.750,25.882,OFF,OFF,OFF,OFF,OFF,OFF,OFF,Avail,Incmpl,Incmpl,Enable,Avail,464.100,119.300,464.100,119.300,ON,Avail,Compl,Enable,61,0,0,0,0,0,0,6,A,0,0,Avail,Incmpl,Incmpl,Enable,OFF,OFF,171,1003,51199.219,51199.219,51199.219,51199.219,51199.219,51199.219,1GRFE ,0,Avail,Incmpl,Incmpl,Enable,0,OFF,OFF,OFF,OFF,ON,ON,Avail,Compl,Enable,Compl,CL,CL,Compl,Unable,Not Avl,Compl,Incmpl,Enable,OFF,80,15.500,205,ON,42.500,21.250,0.122,2672,15,21,-3,OFF,0,3.125,6.420,OFF,0,0,68,Avail,Compl,Enable,0,GRN2#  ,ON,0,Not Act,Not Act,0,0,0,0,21247.676,21247.676,Avail,Compl,Avail,Incmpl,Incmpl,Enable,OBD II (California ARB),OFF,OFF,0,0,0,1st,OFF,OFF,OFF,OFF,OFF,OFF,0.781,-0.781,ON,OFF,950,0,OFF,OFF,OFF,ON,Gasoline,0.974,OFF,OFF,0.684,ON,0.938,16.078,14,0,0.801,0.801,2.383,0.801,0.918,2.031,47.843,0,16.078,22,0,0,OFF,ECT 5th,NA,OFF,97.878,97.900,16.078,0,Not Avl,0,0,0,0,ON,ON,0,0,0
37,0,14.001,Not Avl,Compl,Compl,Unable,OFF,Not Avl,Compl,Compl,Unable,OFF,55.469,36.719,31.875,33.125,19.531,39.551,15.686,31.765,0.781,1.582,ON,0,OFF,ON,ON,0.998,0.998,-0.027,-0.051,3.225,3.210,0,97,51199.219,13.750,25.882,OFF,OFF,OFF,OFF,OFF,OFF,OFF,Avail,Incmpl,Incmpl,Enable,Avail,464.100,119.300,464.100,119.300,ON,Avail,Compl,Enable,61,0,0,0,0,0,0,6,A,0,0,Avail,Incmpl,Incmpl,Enable,OFF,OFF,171,1003,51199.219,51199.219,51199.219,51199.219,51199.219,51199.219,1GRFE ,0,Avail,Incmpl,Incmpl,Enable,0,OFF,OFF,OFF,OFF,ON,ON,Avail,Compl,Enable,Compl,CL,CL,Compl,Unable,Not Avl,Compl,Incmpl,Enable,OFF,80,15.500,205,ON,42.500,21.250,0.122,2672,15,21,-3,OFF,0,3.125,6.420,OFF,0,0,68,Avail,Compl,Enable,0,GRN2#  ,ON,0,Not Act,Not Act,0,0,0,0,21247.676,21247.676,Avail,Compl,Avail,Incmpl,Incmpl,Enable,OBD II (California ARB),OFF,OFF,0,0,0,1st,OFF,OFF,OFF,OFF,OFF,OFF,0.781,-0.781,ON,OFF,950,0,OFF,OFF,OFF,ON,Gasoline,0.974,OFF,OFF,0.684,ON,0.938,16.078,14,0,0.801,0.801,2.383,0.801,0.918,2.031,47.843,0,16.078,22,0,0,OFF,ECT 5th,NA,OFF,97.878,97.900,16.078,0,Not Avl,0,0,0,0,ON,ON,0,0,0
38,0,14.001,Not Avl,Compl,Compl,Unable,OFF,Not Avl,Compl,Compl,Unable,OFF,55.469,36.719,31.875,33.125,19.531,39.551,15.686,31.765,0.781,1.582,ON,0,OFF,ON,ON,0.998,0.998,-0.027,-0.051,3.225,3.210,0,97,51199.219,13.750,25.882,OFF,OFF,OFF,OFF,OFF,OFF,OFF,Avail,Incmpl,Incmpl,Enable,Avail,464.100,119.300,464.100,119.300,ON,Avail,Compl,Enable,61,0,0,0,0,0,0,6,A,0,0,Avail,Incmpl,Incmpl,Enable,OFF,OFF,171,1003,51199.219,51199.219,51199.219,51199.219,51199.219,51199.219,1GRFE ,0,Avail,Incmpl,Incmpl,Enable,0,OFF,OFF,OFF,OFF,ON,ON,Avail,Compl,Enable,Compl,CL,CL,Compl,Unable,Not Avl,Compl,Incmpl,Enable,OFF,80,15.500,205,ON,42.500,21.250,0.122,2672,15,21,-3,OFF,0,3.125,6.420,OFF,0,0,68,Avail,Compl,Enable,0,GRN2#  ,ON,0,Not Act,Not Act,0,0,0,0,21247.676,21247.676,Avail,Compl,Avail,Incmpl,Incmpl,Enable,OBD II (California ARB),OFF,OFF,0,0,0,1st,OFF,OFF,OFF,OFF,OFF,OFF,0.781,-0.781,ON,OFF,950,0,OFF,OFF,OFF,ON,Gasoline,0.974,OFF,OFF,0.684,ON,0.938,16.078,14,0,0.801,0.801,2.383,0.801,0.918,2.031,47.843,0,16.078,22,0,0,OFF,ECT 5th,NA,OFF,97.878,97.900,16.078,0,Not Avl,0,0,0,0,ON,ON,0,0,0
39,0,14.001,Not Avl,Compl,Compl,Unable,OFF,Not Avl,Compl,Compl,Unable,OFF,55.469,36.719,31.875,33.125,19.531,39.551,15.686,31.765,0.781,1.582,ON,0,OFF,ON,ON,0.998,0.998,-0.027,-0.051,3.225,3.210,0,97,51199.219,13.750,25.490,OFF,OFF,OFF,OFF,OFF,OFF,OFF,Avail,Incmpl,Incmpl,Enable,Avail,464.100,119.300,464.100,119.300,ON,Avail,Compl,Enable,61,0,0,0,0,0,0,6,A,0,0,Avail,Incmpl,Incmpl,Enable,OFF,OFF,171,1003,51199.219,51199.219,51199.219,51199.219,51199.219,51199.219,1GRFE ,0,Avail,Incmpl,Incmpl,Enable,0,OFF,OFF,OFF,OFF,ON,ON,Avail,Compl,Enable,Compl,CL,CL,Compl,Unable,Not Avl,Compl,Incmpl,Enable,OFF,80,15.500,205,ON,42.500,21.250,0.122,2672,15,21,-3,OFF,0,3.125,6.420,OFF,0,0,68,Avail,Compl,Enable,0,GRN2#  ,ON,0,Not Act,Not Act,0,0,0,0,21247.676,21247.676,Avail,Compl,Avail,Incmpl,Incmpl,Enable,OBD II (California ARB),OFF,OFF,0,0,0,1st,OFF,OFF,OFF,OFF,OFF,OFF,0.781,-0.781,ON,OFF,950,0,OFF,OFF,OFF,ON,Gasoline,0.974,OFF,OFF,0.684,ON,0.938,16.078,14,0,0.801,0.801,2.383,0.801,0.918,2.031,47.843,0,16.078,22,0,0,OFF,ECT 5th,NA,OFF,97.878,97.900,16.078,0,Not Avl,0,0,0,0,ON,ON,0,0,0
40,0,14.001,Not Avl,Compl,Compl,Unable,OFF,Not Avl,Compl,Compl,Unable,OFF,55.469,36.719,31.875,33.125,19.531,39.551,15.686,31.765,0.781,1.582,ON,0,OFF,ON,ON,0.998,0.998,-0.027,-0.051,3.225,3.210,0,97,51199.219,13.750,25.490,OFF,OFF,OFF,OFF,OFF,OFF,OFF,Avail,Incmpl,Incmpl,Enable,Avail,464.100,119.300,464.100,119.300,ON,Avail,Compl,Enable,61,0,0,0,0,0,0,6,A,0,0,Avail,Incmpl,Incmpl,Enable,OFF,OFF,171,1003,51199.219,51199.219,51199.219,51199.219,51199.219,51199.219,1GRFE ,0,Avail,Incmpl,Incmpl,Enable,0,OFF,OFF,OFF,OFF,ON,ON,Avail,Compl,Enable,Compl,CL,CL,Compl,Unable,Not Avl,Compl,Incmpl,Enable,OFF,80,15.500,205,ON,42.500,21.250,0.122,2672,15,21,-3,OFF,0,3.125,6.420,OFF,0,0,68,Avail,Compl,Enable,0,GRN2#  ,ON,0,Not Act,Not Act,0,0,0,0,21247.676,21247.676,Avail,Compl,Avail,Incmpl,Incmpl,Enable,OBD II (California ARB),OFF,OFF,0,0,0,1st,OFF,OFF,OFF,OFF,OFF,OFF,0.781,-0.781,ON,OFF,950,0,OFF,OFF,OFF,ON,Gasoline,0.974,OFF,OFF,0.684,ON,0.938,16.078,14,0,0.801,0.801,2.383,0.801,0.918,2.031,47.843,0,16.078,22,0,0,OFF,ECT 5th,NA,OFF,97.878,97.900,16.078,0,Not Avl,0,0,0,0,ON,ON,0,0,0
41,0,14.001,Not Avl,Compl,Compl,Unable,OFF,Not Avl,Compl,Compl,Unable,OFF,55.469,36.719,31.875,33.125,19.531,39.551,15.686,31.765,0.781,1.582,ON,0,OFF,ON,ON,0.998,0.998,-0.027,-0.051,3.225,3.210,0,97,51199.219,13.750,25.490,OFF,OFF,OFF,OFF,OFF,OFF,OFF,Avail,Incmpl,Incmpl,Enable,Avail,464.100,119.300,464.100,119.300,ON,Avail,Compl,Enable,61,0,0,0,0,0,0,6,A,0,0,Avail,Incmpl,Incmpl,Enable,OFF,OFF,171,1003,51199.219,51199.219,51199.219,51199.219,51199.219,51199.219,1GRFE ,0,Avail,Incmpl,Incmpl,Enable,0,OFF,OFF,OFF,OFF,ON,ON,Avail,Compl,Enable,Compl,CL,CL,Compl,Unable,Not Avl,Compl,Incmpl,Enable,OFF,80,15.500,205,ON,42.500,21.250,0.122,2672,15,21,-3,OFF,0,3.125,6.420,OFF,0,0,68,Avail,Compl,Enable,0,GRN2#  ,ON,0,Not Act,Not Act,0,0,0,0,21247.676,21247.676,Avail,Compl,Avail,Incmpl,Incmpl,Enable,OBD II (California ARB),OFF,OFF,0,0,0,1st,OFF,OFF,OFF,OFF,OFF,OFF,0.781,-0.781,ON,OFF,950,0,OFF,OFF,OFF,ON,Gasoline,0.974,OFF,OFF,0.684,ON,0.938,16.078,14,0,0.801,0.801,2.383,0.801,0.918,2.031,47.843,0,16.078,22,0,0,OFF,ECT 5th,NA,OFF,97.878,97.900,16.078,0,Not Avl,0,0,0,0,ON,ON,0,0,0
42,0,14.001,Not Avl,Compl,Compl,Unable,OFF,Not Avl,Compl,Compl,Unable,OFF,55.469,36.719,31.875,33.125,19.531,39.551,15.686,31.765,0.781,1.582,ON,0,OFF,ON,ON,0.998,0.998,-0.027,-0.051,3.225,3.210,0,97,51199.219,13.750,25.490,OFF,OFF,OFF,OFF,OFF,OFF,OFF,Avail,Incmpl,Incmpl,Enable,Avail,464.100,119.300,464.100,119.300,ON,Avail,Compl,Enable,61,0,0,0,0,0,0,6,A,0,0,Avail,Incmpl,Incmpl,Enable,OFF,OFF,171,1003,51199.219,51199.219,51199.219,51199.219,51199.219,51199.219,1GRFE ,0,Avail,Incmpl,Incmpl,Enable,0,OFF,OFF,OFF,OFF,ON,ON,Avail,Compl,Enable,Compl,CL,CL,Compl,Unable,Not Avl,Compl,Incmpl,Enable,OFF,80,15.500,205,ON,42.500,21.250,0.122,2672,15,21,-3,OFF,0,3.125,6.420,OFF,0,0,68,Avail,Compl,Enable,0,GRN2#  ,ON,0,Not Act,Not Act,0,0,0,0,21247.676,21247.676,Avail,Compl,Avail,Incmpl,Incmpl,Enable,OBD II (California ARB),OFF,OFF,0,0,0,1st,OFF,OFF,OFF,OFF,OFF,OFF,0.781,-0.781,ON,OFF,950,0,OFF,OFF,OFF,ON,Gasoline,0.974,OFF,OFF,0.684,ON,0.938,16.078,14,0,0.801,0.801,2.383,0.801,0.918,2.031,47.843,0,16.078,22,0,0,OFF,ECT 5th,NA,OFF,97.878,97.900,16.078,0,Not Avl,0,0,0,0,ON,ON,0,0,0
43,0,14.001,Not Avl,Compl,Compl,Unable,OFF,Not Avl,Compl,Compl,Unable,OFF,55.469,36.719,31.875,33.125,19.531,39.551,15.686,31.765,0.781,1.582,ON,0,OFF,ON,ON,0.998,0.998,-0.027,-0.051,3.225,3.210,0,97,51199.219,13.750,25.490,OFF,OFF,OFF,OFF,OFF,OFF,OFF,Avail,Incmpl,Incmpl,Enable,Avail,464.100,119.300,464.100,119.300,ON,Avail,Compl,Enable,61,0,0,0,0,0,0,6,A,0,0,Avail,Incmpl,Incmpl,Enable,OFF,OFF,171,1003,51199.219,51199.219,51199.219,51199.219,51199.219,51199.219,1GRFE ,0,Avail,Incmpl,Incmpl,Enable,0,OFF,OFF,OFF,OFF,ON,ON,Avail,Compl,Enable,Compl,CL,CL,Compl,Unable,Not Avl,Compl,Incmpl,Enable,OFF,80,15.500,205,ON,42.500,21.250,0.122,2672,15,21,-3,OFF,0,3.125,6.420,OFF,0,0,68,Avail,Compl,Enable,0,GRN2#  ,ON,0,Not Act,Not Act,0,0,0,0,21247.676,21247.676,Avail,Compl,Avail,Incmpl,Incmpl,Enable,OBD II (California ARB),OFF,OFF,0,0,0,1st,OFF,OFF,OFF,OFF,OFF,OFF,0.781,-0.781,ON,OFF,950,0,OFF,OFF,OFF,ON,Gasoline,0.974,OFF,OFF,0.684,ON,0.938,16.078,14,0,0.801,0.801,2.383,0.801,0.918,2.031,47.843,0,16.078,22,0,0,OFF,ECT 5th,NA,OFF,97.878,97.900,16.078,0,Not Avl,0,0,0,0,ON,ON,0,0,0
44,0,14.001,Not Avl,Compl,Compl,Unable,OFF,Not Avl,Compl,Compl,Unable,OFF,55.469,36.719,31.875,33.125,19.531,39.551,15.686,31.765,0.781,1.582,ON,0,OFF,ON,ON,0.998,0.998,-0.027,-0.051,3.225,3.210,0,97,51199.219,13.750,25.490,OFF,OFF,OFF,OFF,OFF,OFF,OFF,Avail,Incmpl,Incmpl,Enable,Avail,464.100,119.300,464.100,119.300,ON,Avail,Compl,Enable,61,0,0,0,0,0,0,6,A,0,0,Avail,Incmpl,Incmpl,Enable,OFF,OFF,171,1003,51199.219,51199.219,51199.219,51199.219,51199.219,51199.219,1GRFE ,0,Avail,Incmpl,Incmpl,Enable,0,OFF,OFF,OFF,OFF,ON,ON,Avail,Compl,Enable,Compl,CL,CL,Compl,Unable,Not Avl,Compl,Incmpl,Enable,OFF,80,15.500,205,ON,42.500,21.250,0.122,2672,15,21,-3,OFF,0,3.125,6.420,OFF,0,0,68,Avail,Compl,Enable,0,GRN2#  ,ON,0,Not Act,Not Act,0,0,0,0,21247.676,21247.676,Avail,Compl,Avail,Incmpl,Incmpl,Enable,OBD II (California ARB),OFF,OFF,0,0,0,1st,OFF,OFF,OFF,OFF,OFF,OFF,0.781,-0.781,ON,OFF,950,0,OFF,OFF,OFF,ON,Gasoline,0.974,OFF,OFF,0.684,ON,0.938,16.078,14,0,0.801,0.801,2.383,0.801,0.918,2.031,47.843,0,16.078,22,0,0,OFF,ECT 5th,NA,OFF,97.878,97.900,16.078,0,Not Avl,0,0,0,0,ON,ON,0,0,0
45,0,14.001,Not Avl,Compl,Compl,Unable,OFF,Not Avl,Compl,Compl,Unable,OFF,55.469,36.719,31.875,33.125,19.531,39.551,15.686,31.765,0.781,1.582,ON,0,OFF,ON,ON,0.998,0.998,-0.027,-0.051,3.225,3.210,0,97,51199.219,13.750,25.490,OFF,OFF,OFF,OFF,OFF,OFF,OFF,Avail,Incmpl,Incmpl,Enable,Avail,464.100,119.300,464.100,119.300,ON,Avail,Compl,Enable,61,0,0,0,0,0,0,6,A,0,0,Avail,Incmpl,Incmpl,Enable,OFF,OFF,171,1003,51199.219,51199.219,51199.219,51199.219,51199.219,51199.219,1GRFE ,0,Avail,Incmpl,Incmpl,Enable,0,OFF,OFF,OFF,OFF,ON,ON,Avail,Compl,Enable,Compl,CL,CL,Compl,Unable,Not Avl,Compl,Incmpl,Enable,OFF,80,15.500,205,ON,42.500,21.250,0.122,2672,15,21,-3,OFF,0,3.125,6.420,OFF,0,0,68,Avail,Compl,Enable,0,GRN2#  ,ON,0,Not Act,Not Act,0,0,0,0,21247.676,21247.676,Avail,Compl,Avail,Incmpl,Incmpl,Enable,OBD II (California ARB),OFF,OFF,0,0,0,1st,OFF,OFF,OFF,OFF,OFF,OFF,0.781,-0.781,ON,OFF,950,0,OFF,OFF,OFF,ON,Gasoline,0.974,OFF,OFF,0.684,ON,0.938,16.078,14,0,0.801,0.801,2.383,0.801,0.918,2.031,47.843,0,16.078,22,0,0,OFF,ECT 5th,NA,OFF,97.878,97.900,16.078,0,Not Avl,0,0,0,0,ON,ON,0,0,0
46,0,14.001,Not Avl,Compl,Compl,Unable,OFF,Not Avl,Compl,Compl,Unable,OFF,55.469,36.719,31.875,33.125,19.531,39.551,15.686,31.765,0.781,1.582,ON,0,OFF,ON,ON,0.998,0.998,-0.027,-0.051,3.225,3.210,0,97,51199.219,13.750,25.490,OFF,OFF,OFF,OFF,OFF,OFF,OFF,Avail,Incmpl,Incmpl,Enable,Avail,464.100,119.300,464.100,119.300,ON,Avail,Compl,Enable,61,0,0,0,0,0,0,6,A,0,0,Avail,Incmpl,Incmpl,Enable,OFF,OFF,171,1003,51199.219,51199.219,51199.219,51199.219,51199.219,51199.219,1GRFE ,0,Avail,Incmpl,Incmpl,Enable,0,OFF,OFF,OFF,OFF,ON,ON,Avail,Compl,Enable,Compl,CL,CL,Compl,Unable,Not Avl,Compl,Incmpl,Enable,OFF,80,15.500,205,ON,42.500,21.250,0.122,2672,15,21,-3,OFF,0,3.125,6.420,OFF,0,0,68,Avail,Compl,Enable,0,GRN2#  ,ON,0,Not Act,Not Act,0,0,0,0,21247.676,21247.676,Avail,Compl,Avail,Incmpl,Incmpl,Enable,OBD II (California ARB),OFF,OFF,0,0,0,1st,OFF,OFF,OFF,OFF,OFF,OFF,0.781,-0.781,ON,OFF,950,0,OFF,OFF,OFF,ON,Gasoline,0.974,OFF,OFF,0.684,ON,0.938,16.078,14,0,0.801,0.801,2.383,0.801,0.918,2.031,47.843,0,16.078,22,0,0,OFF,ECT 5th,NA,OFF,97.878,97.900,16.078,0,Not Avl,0,0,0,0,ON,ON,0,0,0
47,0,14.001,Not Avl,Compl,Compl,Unable,OFF,Not Avl,Compl,Compl,Unable,OFF,55.469,36.719,31.875,33.125,19.531,39.551,15.686,31.765,0.781,1.582,ON,0,OFF,ON,ON,0.998,0.998,-0.027,-0.051,3.225,3.210,0,97,51199.219,13.750,25.490,OFF,OFF,OFF,OFF,OFF,OFF,OFF,Avail,Incmpl,Incmpl,Enable,Avail,464.100,119.300,464.100,119.300,ON,Avail,Compl,Enable,61,0,0,0,0,0,0,6,A,0,0,Avail,Incmpl,Incmpl,Enable,OFF,OFF,171,1003,51199.219,51199.219,51199.219,51199.219,51199.219,51199.219,1GRFE ,0,Avail,Incmpl,Incmpl,Enable,0,OFF,OFF,OFF,OFF,ON,ON,Avail,Compl,Enable,Compl,CL,CL,Compl,Unable,Not Avl,Compl,Incmpl,Enable,OFF,80,15.500,205,ON,42.500,21.250,0.122,2672,15,21,-3,OFF,0,3.125,6.420,OFF,0,0,68,Avail,Compl,Enable,0,GRN2#  ,ON,0,Not Act,Not Act,0,0,0,0,21247.676,21247.676,Avail,Compl,Avail,Incmpl,Incmpl,Enable,OBD II (California ARB),OFF,OFF,0,0,0,1st,OFF,OFF,OFF,OFF,OFF,OFF,0.781,-0.781,ON,OFF,950,0,OFF,OFF,OFF,ON,Gasoline,0.974,OFF,OFF,0.684,ON,0.938,16.078,14,0,0.801,0.801,2.383,0.801,0.918,2.031,47.843,0,16.078,22,0,0,OFF,ECT 5th,NA,OFF,97.878,97.900,16.078,0,Not Avl,0,0,0,0,ON,ON,0,0,0
48,0,14.001,Not Avl,Compl,Compl,Unable,OFF,Not Avl,Compl,Compl,Unable,OFF,55.469,36.719,31.875,33.125,19.531,39.551,15.686,31.765,0.781,1.582,ON,0,OFF,ON,ON,0.998,0.998,-0.027,-0.051,3.225,3.210,0,97,51199.219,13.750,25.490,OFF,OFF,OFF,OFF,OFF,OFF,OFF,Avail,Incmpl,Incmpl,Enable,Avail,464.100,119.300,464.100,119.300,ON,Avail,Compl,Enable,61,0,0,0,0,0,0,6,A,0,0,Avail,Incmpl,Incmpl,Enable,OFF,OFF,171,1003,51199.219,51199.219,51199.219,51199.219,51199.219,51199.219,1GRFE ,0,Avail,Incmpl,Incmpl,Enable,0,OFF,OFF,OFF,OFF,ON,ON,Avail,Compl,Enable,Compl,CL,CL,Compl,Unable,Not Avl,Compl,Incmpl,Enable,OFF,80,15.500,205,ON,42.500,21.250,0.122,2672,15,21,-3,OFF,0,3.125,6.420,OFF,0,0,68,Avail,Compl,Enable,0,GRN2#  ,ON,0,Not Act,Not Act,0,0,0,0,21247.676,21247.676,Avail,Compl,Avail,Incmpl,Incmpl,Enable,OBD II (California ARB),OFF,OFF,0,0,0,1st,OFF,OFF,OFF,OFF,OFF,OFF,0.781,-0.781,ON,OFF,950,0,OFF,OFF,OFF,ON,Gasoline,0.974,OFF,OFF,0.684,ON,0.938,16.078,14,0,0.801,0.801,2.383,0.801,0.918,2.031,47.843,0,16.078,22,0,0,OFF,ECT 5th,NA,OFF,97.878,97.900,16.078,0,Not Avl,0,0,0,0,ON,ON,0,0,0
49,0,14.001,Not Avl,Compl,Compl,Unable,OFF,Not Avl,Compl,Compl,Unable,OFF,55.469,36.719,31.875,33.125,19.531,39.551,15.686,31.765,0.781,1.582,ON,0,OFF,ON,ON,0.998,0.998,-0.027,-0.051,3.225,3.210,0,97,51199.219,13.750,25.490,OFF,OFF,OFF,OFF,OFF,OFF,OFF,Avail,Incmpl,Incmpl,Enable,Avail,464.100,119.300,464.100,119.300,ON,Avail,Compl,Enable,61,0,0,0,0,0,0,6,A,0,0,Avail,Incmpl,Incmpl,Enable,OFF,OFF,171,1003,51199.219,51199.219,51199.219,51199.219,51199.219,51199.219,1GRFE ,0,Avail,Incmpl,Incmpl,Enable,0,OFF,OFF,OFF,OFF,ON,ON,Avail,Compl,Enable,Compl,CL,CL,Compl,Unable,Not Avl,Compl,Incmpl,Enable,OFF,80,15.500,205,ON,42.500,21.250,0.122,2672,15,21,-3,OFF,0,3.125,6.420,OFF,0,0,68,Avail,Compl,Enable,0,GRN2#  ,ON,0,Not Act,Not Act,0,0,0,0,21247.676,21247.676,Avail,Compl,Avail,Incmpl,Incmpl,Enable,OBD II (California ARB),OFF,OFF,0,0,0,1st,OFF,OFF,OFF,OFF,OFF,OFF,0.781,-0.781,ON,OFF,950,0,OFF,OFF,OFF,ON,Gasoline,0.974,OFF,OFF,0.684,ON,0.938,16.078,14,0,0.801,0.801,2.383,0.801,0.918,2.031,47.843,0,16.078,22,0,0,OFF,ECT 5th,NA,OFF,97.878,97.900,16.078,0,Not Avl,0,0,0,0,ON,ON,0,0,0
50,0,14.001,Not Avl,Compl,Compl,Unable,OFF,Not Avl,Compl,Compl,Unable,OFF,55.469,36.719,31.875,33.125,19.531,39.551,15.686,31.765,0.781,1.582,ON,0,OFF,ON,ON,0.998,0.998,-0.027,-0.051,3.225,3.210,0,97,51199.219,13.750,25.490,OFF,OFF,OFF,OFF,OFF,OFF,OFF,Avail,Incmpl,Incmpl,Enable,Avail,464.100,119.300,464.100,119.300,ON,Avail,Compl,Enable,61,0,0,0,0,0,0,6,A,0,0,Avail,Incmpl,Incmpl,Enable,OFF,OFF,171,1003,51199.219,51199.219,51199.219,51199.219,51199.219,51199.219,1GRFE ,0,Avail,Incmpl,Incmpl,Enable,0,OFF,OFF,OFF,OFF,ON,ON,Avail,Compl,Enable,Compl,CL,CL,Compl,Unable,Not Avl,Compl,Incmpl,Enable,OFF,80,15.500,205,ON,42.500,21.250,0.122,2672,15,21,-3,OFF,0,3.125,6.420,OFF,0,0,68,Avail,Compl,Enable,0,GRN2#  ,ON,0,Not Act,Not Act,0,0,0,0,21247.676,21247.676,Avail,Compl,Avail,Incmpl,Incmpl,Enable,OBD II (California ARB),OFF,OFF,0,0,0,1st,OFF,OFF,OFF,OFF,OFF,OFF,0.781,-0.781,ON,OFF,950,0,OFF,OFF,OFF,ON,Gasoline,0.974,OFF,OFF,0.684,ON,0.938,16.078,14,0,0.801,0.801,2.383,0.801,0.918,2.031,47.843,0,16.078,22,0,0,OFF,ECT 5th,NA,OFF,97.878,97.900,16.078,0,Not Avl,0,0,0,0,ON,ON,0,0,0
51,0,14.001,Not Avl,Compl,Compl,Unable,OFF,Not Avl,Compl,Compl,Unable,OFF,55.469,36.719,31.875,33.125,19.531,39.551,15.686,31.765,0.781,1.582,ON,0,OFF,ON,ON,0.998,0.998,-0.027,-0.051,3.225,3.210,0,97,51199.219,13.750,25.490,OFF,OFF,OFF,OFF,OFF,OFF,OFF,Avail,Incmpl,Incmpl,Enable,Avail,464.100,119.300,464.100,119.300,ON,Avail,Compl,Enable,61,0,0,0,0,0,0,6,A,0,0,Avail,Incmpl,Incmpl,Enable,OFF,OFF,171,1003,51199.219,51199.219,51199.219,51199.219,51199.219,51199.219,1GRFE ,0,Avail,Incmpl,Incmpl,Enable,0,OFF,OFF,OFF,OFF,ON,ON,Avail,Compl,Enable,Compl,CL,CL,Compl,Unable,Not Avl,Compl,Incmpl,Enable,OFF,80,15.500,205,ON,42.500,21.250,0.122,2672,15,21,-3,OFF,0,3.125,6.420,OFF,0,0,68,Avail,Compl,Enable,0,GRN2#  ,ON,0,Not Act,Not Act,0,0,0,0,21247.676,21247.676,Avail,Compl,Avail,Incmpl,Incmpl,Enable,OBD II (California ARB),OFF,OFF,0,0,0,1st,OFF,OFF,OFF,OFF,OFF,OFF,0.781,-0.781,ON,OFF,950,0,OFF,OFF,OFF,ON,Gasoline,0.974,OFF,OFF,0.684,ON,0.938,16.078,14,0,0.801,0.801,2.383,0.801,0.918,2.031,47.843,0,16.078,22,0,0,OFF,ECT 5th,NA,OFF,97.878,97.900,16.078,0,Not Avl,0,0,0,0,ON,ON,0,0,0
52,0,14.001,Not Avl,Compl,Compl,Unable,OFF,Not Avl,Compl,Compl,Unable,OFF,55.469,36.719,31.875,33.125,19.531,39.551,15.686,31.765,0.781,1.582,ON,0,OFF,ON,ON,0.998,0.998,-0.027,-0.051,3.225,3.210,0,97,51199.219,13.750,25.490,OFF,OFF,OFF,OFF,OFF,OFF,OFF,Avail,Incmpl,Incmpl,Enable,Avail,470.300,119.300,464.100,119.300,ON,Avail,Compl,Enable,61,0,0,0,0,0,0,6,A,0,0,Avail,Incmpl,Incmpl,Enable,OFF,OFF,171,1003,51199.219,51199.219,51199.219,51199.219,51199.219,51199.219,1GRFE ,0,Avail,Incmpl,Incmpl,Enable,0,OFF,OFF,OFF,OFF,ON,ON,Avail,Compl,Enable,Compl,CL,CL,Compl,Unable,Not Avl,Compl,Incmpl,Enable,OFF,80,15.500,205,ON,42.500,21.250,0.122,2672,15,21,-3,OFF,0,3.125,6.420,OFF,0,0,68,Avail,Compl,Enable,0,GRN2#  ,ON,0,Not Act,Not Act,0,0,0,0,21247.676,21247.676,Avail,Compl,Avail,Incmpl,Incmpl,Enable,OBD II (California ARB),OFF,OFF,0,0,0,1st,OFF,OFF,OFF,OFF,OFF,OFF,0.781,-0.781,ON,OFF,950,0,OFF,OFF,OFF,ON,Gasoline,0.974,OFF,OFF,0.684,ON,0.938,16.078,14,0,0.801,0.801,2.383,0.801,0.918,2.031,47.843,0,16.078,22,0,0,OFF,ECT 5th,NA,OFF,97.878,97.900,16.078,0,Not Avl,0,0,0,0,ON,ON,0,0,0
53,0,14.001,Not Avl,Compl,Compl,Unable,OFF,Not Avl,Compl,Compl,Unable,OFF,55.469,36.719,31.875,33.125,19.531,39.551,15.686,31.765,0.781,1.582,ON,0,OFF,ON,ON,0.998,0.998,-0.027,-0.051,3.225,3.210,0,97,51199.219,13.750,25.490,OFF,OFF,OFF,OFF,OFF,OFF,OFF,Avail,Incmpl,Incmpl,Enable,Avail,470.300,130.400,464.100,119.300,ON,Avail,Compl,Enable,61,0,0,0,0,0,0,6,A,0,0,Avail,Incmpl,Incmpl,Enable,OFF,OFF,171,1003,51199.219,51199.219,51199.219,51199.219,51199.219,51199.219,1GRFE ,0,Avail,Incmpl,Incmpl,Enable,0,OFF,OFF,OFF,OFF,ON,ON,Avail,Compl,Enable,Compl,CL,CL,Compl,Unable,Not Avl,Compl,Incmpl,Enable,OFF,80,15.500,205,ON,42.500,21.250,0.122,2672,15,21,-3,OFF,0,3.125,6.420,OFF,0,0,68,Avail,Compl,Enable,0,GRN2#  ,ON,0,Not Act,Not Act,0,0,0,0,21247.676,21247.676,Avail,Compl,Avail,Incmpl,Incmpl,Enable,OBD II (California ARB),OFF,OFF,0,0,0,1st,OFF,OFF,OFF,OFF,OFF,OFF,0.781,-0.781,ON,OFF,950,0,OFF,OFF,OFF,ON,Gasoline,0.974,OFF,OFF,0.684,ON,0.938,16.078,14,0,0.801,0.801,2.383,0.801,0.918,2.031,47.843,0,16.078,22,0,0,OFF,ECT 5th,NA,OFF,97.878,97.900,16.078,0,Not Avl,0,0,0,0,ON,ON,0,0,0
54,0,14.001,Not Avl,Compl,Compl,Unable,OFF,Not Avl,Compl,Compl,Unable,OFF,55.469,36.719,31.875,33.125,19.531,39.551,15.686,31.765,0.781,1.582,ON,0,OFF,ON,ON,0.998,0.998,-0.027,-0.051,3.225,3.210,0,97,51199.219,13.750,25.490,OFF,OFF,OFF,OFF,OFF,OFF,OFF,Avail,Incmpl,Incmpl,Enable,Avail,470.300,130.400,470.700,119.300,ON,Avail,Compl,Enable,61,0,0,0,0,0,0,6,A,0,0,Avail,Incmpl,Incmpl,Enable,OFF,OFF,171,1003,51199.219,51199.219,51199.219,51199.219,51199.219,51199.219,1GRFE ,0,Avail,Incmpl,Incmpl,Enable,0,OFF,OFF,OFF,OFF,ON,ON,Avail,Compl,Enable,Compl,CL,CL,Compl,Unable,Not Avl,Compl,Incmpl,Enable,OFF,80,15.500,205,ON,42.500,21.250,0.122,2672,15,21,-3,OFF,0,3.125,6.420,OFF,0,0,68,Avail,Compl,Enable,0,GRN2#  ,ON,0,Not Act,Not Act,0,0,0,0,21247.676,21247.676,Avail,Compl,Avail,Incmpl,Incmpl,Enable,OBD II (California ARB),OFF,OFF,0,0,0,1st,OFF,OFF,OFF,OFF,OFF,OFF,0.781,-0.781,ON,OFF,950,0,OFF,OFF,OFF,ON,Gasoline,0.974,OFF,OFF,0.684,ON,0.938,16.078,14,0,0.801,0.801,2.383,0.801,0.918,2.031,47.843,0,16.078,22,0,0,OFF,ECT 5th,NA,OFF,97.878,97.900,16.078,0,Not Avl,0,0,0,0,ON,ON,0,0,0
55,0,14.001,Not Avl,Compl,Compl,Unable,OFF,Not Avl,Compl,Compl,Unable,OFF,55.469,36.719,31.875,33.125,19.531,39.551,15.686,31.765,0.781,1.582,ON,0,OFF,ON,ON,0.998,0.998,-0.027,-0.051,3.225,3.210,0,97,51199.219,13.750,25.490,OFF,OFF,OFF,OFF,OFF,OFF,OFF,Avail,Incmpl,Incmpl,Enable,Avail,470.300,130.400,470.700,130.400,ON,Avail,Compl,Enable,61,0,0,0,0,0,0,6,A,0,0,Avail,Incmpl,Incmpl,Enable,OFF,OFF,171,1003,51199.219,51199.219,51199.219,51199.219,51199.219,51199.219,1GRFE ,0,Avail,Incmpl,Incmpl,Enable,0,OFF,OFF,OFF,OFF,ON,ON,Avail,Compl,Enable,Compl,CL,CL,Compl,Unable,Not Avl,Compl,Incmpl,Enable,OFF,80,15.500,205,ON,42.500,21.250,0.122,2672,15,21,-3,OFF,0,3.125,6.420,OFF,0,0,68,Avail,Compl,Enable,0,GRN2#  ,ON,0,Not Act,Not Act,0,0,0,0,21247.676,21247.676,Avail,Compl,Avail,Incmpl,Incmpl,Enable,OBD II (California ARB),OFF,OFF,0,0,0,1st,OFF,OFF,OFF,OFF,OFF,OFF,0.781,-0.781,ON,OFF,950,0,OFF,OFF,OFF,ON,Gasoline,0.974,OFF,OFF,0.684,ON,0.938,16.078,14,0,0.801,0.801,2.383,0.801,0.918,2.031,47.843,0,16.078,22,0,0,OFF,ECT 5th,NA,OFF,97.878,97.900,16.078,0,Not Avl,0,0,0,0,ON,ON,0,0,0
56,0,14.001,Not Avl,Compl,Compl,Unable,OFF,Not Avl,Compl,Compl,Unable,OFF,55.469,36.719,31.875,33.125,19.531,39.551,15.686,31.765,0.781,1.582,ON,0,OFF,ON,ON,0.998,0.998,-0.027,-0.051,3.225,3.210,0,97,51199.219,13.750,25.490,OFF,OFF,OFF,OFF,OFF,OFF,OFF,Avail,Incmpl,Incmpl,Enable,Avail,470.300,130.400,470.700,130.400,ON,Avail,Compl,Enable,61,0,0,0,0,0,0,6,A,0,0,Avail,Incmpl,Incmpl,Enable,OFF,OFF,171,1003,51199.219,51199.219,51199.219,51199.219,51199.219,51199.219,1GRFE ,0,Avail,Incmpl,Incmpl,Enable,0,OFF,OFF,OFF,OFF,ON,ON,Avail,Compl,Enable,Compl,CL,CL,Compl,Unable,Not Avl,Compl,Incmpl,Enable,OFF,80,15.500,205,ON,42.500,21.250,0.122,2672,15,21,-3,OFF,0,3.125,6.420,OFF,0,0,68,Avail,Compl,Enable,0,GRN2#  ,ON,0,Not Act,Not Act,0,0,0,0,21247.676,21247.676,Avail,Compl,Avail,Incmpl,Incmpl,Enable,OBD II (California ARB),OFF,OFF,0,0,0,1st,OFF,OFF,OFF,OFF,OFF,OFF,0.781,-0.781,ON,OFF,950,0,OFF,OFF,OFF,ON,Gasoline,0.974,OFF,OFF,0.684,ON,0.938,16.078,14,0,0.801,0.801,2.383,0.801,0.918,2.031,47.843,0,16.078,22,0,0,OFF,ECT 5th,NA,OFF,97.878,97.900,16.078,0,Not Avl,0,0,0,0,ON,ON,0,0,0
57,0,14.001,Not Avl,Compl,Compl,Unable,OFF,Not Avl,Compl,Compl,Unable,OFF,55.469,36.719,31.875,33.125,19.531,39.551,15.686,31.765,0.781,1.582,ON,0,OFF,ON,ON,0.998,0.998,-0.027,-0.051,3.225,3.210,0,97,51199.219,13.750,25.490,OFF,OFF,OFF,OFF,OFF,OFF,OFF,Avail,Incmpl,Incmpl,Enable,Avail,470.300,130.400,470.700,130.400,ON,Avail,Compl,Enable,61,0,0,0,0,0,0,6,A,0,0,Avail,Incmpl,Incmpl,Enable,OFF,OFF,171,1003,51199.219,51199.219,51199.219,51199.219,51199.219,51199.219,1GRFE ,0,Avail,Incmpl,Incmpl,Enable,0,OFF,OFF,OFF,OFF,ON,ON,Avail,Compl,Enable,Compl,CL,CL,Compl,Unable,Not Avl,Compl,Incmpl,Enable,OFF,80,15.500,205,ON,42.500,21.250,0.122,2672,15,21,-3,OFF,0,3.125,6.420,OFF,0,0,68,Avail,Compl,Enable,0,GRN2#  ,ON,0,Not Act,Not Act,0,0,0,0,21247.676,21247.676,Avail,Compl,Avail,Incmpl,Incmpl,Enable,OBD II (California ARB),OFF,OFF,0,0,0,1st,OFF,OFF,OFF,OFF,OFF,OFF,0.781,-0.781,ON,OFF,950,0,OFF,OFF,OFF,ON,Gasoline,0.974,OFF,OFF,0.684,ON,0.938,16.078,14,0,0.801,0.801,2.383,0.801,0.918,2.031,47.843,0,16.078,22,0,0,OFF,ECT 5th,NA,OFF,97.878,97.900,16.078,0,Not Avl,0,0,0,0,ON,ON,0,0,0
58,0,14.001,Not Avl,Compl,Compl,Unable,OFF,Not Avl,Compl,Compl,Unable,OFF,55.469,36.719,31.875,33.125,19.531,39.551,15.686,31.765,0.781,1.582,ON,0,OFF,ON,ON,0.998,0.998,-0.027,-0.051,3.225,3.210,0,97,51199.219,13.750,25.490,OFF,OFF,OFF,OFF,OFF,OFF,OFF,Avail,Incmpl,Incmpl,Enable,Avail,470.300,130.400,470.700,130.400,ON,Avail,Compl,Enable,61,0,0,0,0,0,0,6,A,0,0,Avail,Incmpl,Incmpl,Enable,OFF,OFF,171,1003,51199.219,51199.219,51199.219,51199.219,51199.219,51199.219,1GRFE ,0,Avail,Incmpl,Incmpl,Enable,0,OFF,OFF,OFF,OFF,ON,ON,Avail,Compl,Enable,Compl,CL,CL,Compl,Unable,Not Avl,Compl,Incmpl,Enable,OFF,80,15.500,205,ON,42.500,21.250,0.122,2672,15,21,-3,OFF,0,3.125,6.420,OFF,0,0,68,Avail,Compl,Enable,0,GRN2#  ,ON,0,Not Act,Not Act,0,0,0,0,21247.676,21247.676,Avail,Compl,Avail,Incmpl,Incmpl,Enable,OBD II (California ARB),OFF,OFF,0,0,0,1st,OFF,OFF,OFF,OFF,OFF,OFF,0.781,-0.781,ON,OFF,950,0,OFF,OFF,OFF,ON,Gasoline,0.974,OFF,OFF,0.684,ON,0.938,16.078,14,0,0.801,0.801,2.383,0.801,0.918,2.031,47.843,0,16.078,22,0,0,OFF,ECT 5th,NA,OFF,97.878,97.900,16.078,0,Not Avl,0,0,0,0,ON,ON,0,0,0
59,0,14.001,Not Avl,Compl,Compl,Unable,OFF,Not Avl,Compl,Compl,Unable,OFF,55.469,36.719,31.875,33.125,19.531,39.551,15.686,31.765,0.781,1.582,ON,0,OFF,ON,ON,0.998,0.998,-0.027,-0.051,3.225,3.210,0,97,51199.219,13.750,25.490,OFF,OFF,OFF,OFF,OFF,OFF,OFF,Avail,Incmpl,Incmpl,Enable,Avail,470.300,130.400,470.700,130.400,ON,Avail,Compl,Enable,61,0,0,0,0,0,0,6,A,0,0,Avail,Incmpl,Incmpl,Enable,OFF,OFF,171,1003,51199.219,51199.219,51199.219,51199.219,51199.219,51199.219,1GRFE ,0,Avail,Incmpl,Incmpl,Enable,0,OFF,OFF,OFF,OFF,ON,ON,Avail,Compl,Enable,Compl,CL,CL,Compl,Unable,Not Avl,Compl,Incmpl,Enable,OFF,80,15.500,205,ON,42.500,21.250,0.122,2672,15,21,-3,OFF,0,3.125,6.420,OFF,0,0,68,Avail,Compl,Enable,0,GRN2#  ,ON,0,Not Act,Not Act,0,0,0,0,21247.676,21247.676,Avail,Compl,Avail,Incmpl,Incmpl,Enable,OBD II (California ARB),OFF,OFF,0,0,0,1st,OFF,OFF,OFF,OFF,OFF,OFF,0.781,-0.781,ON,OFF,950,0,OFF,OFF,OFF,ON,Gasoline,0.974,OFF,OFF,0.684,ON,0.938,16.078,14,0,0.801,0.801,2.383,0.801,0.918,2.031,47.843,0,16.078,22,0,0,OFF,ECT 5th,NA,OFF,97.878,97.900,16.078,0,Not Avl,0,0,0,0,ON,ON,0,0,0
60,0,14.001,Not Avl,Compl,Compl,Unable,OFF,Not Avl,Compl,Compl,Unable,OFF,55.469,36.719,31.875,33.125,19.531,39.551,15.686,31.765,0.781,1.582,ON,0,OFF,ON,ON,0.998,0.998,-0.027,-0.051,3.225,3.210,0,97,51199.219,13.750,25.490,OFF,OFF,OFF,OFF,OFF,OFF,OFF,Avail,Incmpl,Incmpl,Enable,Avail,470.300,130.400,470.700,130.400,ON,Avail,Compl,Enable,61,0,0,0,0,0,0,6,A,0,0,Avail,Incmpl,Incmpl,Enable,OFF,OFF,171,1003,51199.219,51199.219,51199.219,51199.219,51199.219,51199.219,1GRFE ,0,Avail,Incmpl,Incmpl,Enable,0,OFF,OFF,OFF,OFF,ON,ON,Avail,Compl,Enable,Compl,CL,CL,Compl,Unable,Not Avl,Compl,Incmpl,Enable,OFF,80,15.500,205,ON,42.500,21.250,0.122,2672,15,21,-3,OFF,0,3.125,6.420,OFF,0,0,68,Avail,Compl,Enable,0,GRN2#  ,ON,0,Not Act,Not Act,0,0,0,0,21247.676,21247.676,Avail,Compl,Avail,Incmpl,Incmpl,Enable,OBD II (California ARB),OFF,OFF,0,0,0,1st,OFF,OFF,OFF,OFF,OFF,OFF,0.781,-0.781,ON,OFF,950,0,OFF,OFF,OFF,ON,Gasoline,0.974,OFF,OFF,0.684,ON,0.938,16.078,14,0,0.801,0.801,2.383,0.801,0.918,2.031,47.843,0,16.078,22,0,0,OFF,ECT 5th,NA,OFF,97.878,97.900,16.078,0,Not Avl,0,0,0,0,ON,ON,0,0,0
61,0,14.001,Not Avl,Compl,Compl,Unable,OFF,Not Avl,Compl,Compl,Unable,OFF,55.469,36.719,31.875,33.125,19.531,39.551,15.686,31.765,0.781,1.582,ON,0,OFF,ON,ON,0.998,0.998,-0.027,-0.051,3.225,3.210,0,97,51199.219,13.750,25.490,OFF,OFF,OFF,OFF,OFF,OFF,OFF,Avail,Incmpl,Incmpl,Enable,Avail,470.300,130.400,470.700,130.400,ON,Avail,Compl,Enable,61,0,0,0,0,0,0,6,A,0,0,Avail,Incmpl,Incmpl,Enable,OFF,OFF,171,1003,51199.219,51199.219,51199.219,51199.219,51199.219,51199.219,1GRFE ,0,Avail,Incmpl,Incmpl,Enable,0,OFF,OFF,OFF,OFF,ON,ON,Avail,Compl,Enable,Compl,CL,CL,Compl,Unable,Not Avl,Compl,Incmpl,Enable,OFF,80,15.500,205,ON,42.500,21.250,0.122,2672,15,21,-3,OFF,0,3.125,6.420,OFF,0,0,68,Avail,Compl,Enable,0,GRN2#  ,ON,0,Not Act,Not Act,0,0,0,0,21247.676,21247.676,Avail,Compl,Avail,Incmpl,Incmpl,Enable,OBD II (California ARB),OFF,OFF,0,0,0,1st,OFF,OFF,OFF,OFF,OFF,OFF,0.781,-0.781,ON,OFF,950,0,OFF,OFF,OFF,ON,Gasoline,0.974,OFF,OFF,0.684,ON,0.938,16.078,14,0,0.801,0.801,2.383,0.801,0.918,2.031,47.843,0,16.078,22,0,0,OFF,ECT 5th,NA,OFF,97.878,97.900,16.078,0,Not Avl,0,0,0,0,ON,ON,0,0,0
62,0,14.001,Not Avl,Compl,Compl,Unable,OFF,Not Avl,Compl,Compl,Unable,OFF,55.469,36.719,31.875,33.125,19.531,39.551,15.686,31.765,0.781,1.582,ON,0,OFF,ON,ON,0.998,0.998,-0.027,-0.051,3.225,3.210,0,97,51199.219,13.750,25.490,OFF,OFF,OFF,OFF,OFF,OFF,OFF,Avail,Incmpl,Incmpl,Enable,Avail,470.300,130.400,470.700,130.400,ON,Avail,Compl,Enable,61,0,0,0,0,0,0,6,A,0,0,Avail,Incmpl,Incmpl,Enable,OFF,OFF,171,1003,51199.219,51199.219,51199.219,51199.219,51199.219,51199.219,1GRFE ,0,Avail,Incmpl,Incmpl,Enable,0,OFF,OFF,OFF,OFF,ON,ON,Avail,Compl,Enable,Compl,CL,CL,Compl,Unable,Not Avl,Compl,Incmpl,Enable,OFF,80,15.500,205,ON,42.500,21.250,0.122,2672,15,21,-3,OFF,0,3.125,6.420,OFF,0,0,68,Avail,Compl,Enable,0,GRN2#  ,ON,0,Not Act,Not Act,0,0,0,0,21247.676,21247.676,Avail,Compl,Avail,Incmpl,Incmpl,Enable,OBD II (California ARB),OFF,OFF,0,0,0,1st,OFF,OFF,OFF,OFF,OFF,OFF,0.781,-0.781,ON,OFF,950,0,OFF,OFF,OFF,ON,Gasoline,0.974,OFF,OFF,0.684,ON,0.938,16.078,14,0,0.801,0.801,2.383,0.801,0.918,2.031,47.843,0,16.078,22,0,0,OFF,ECT 5th,NA,OFF,97.878,97.900,16.078,0,Not Avl,0,0,0,0,ON,ON,0,0,0
63,0,14.001,Not Avl,Compl,Compl,Unable,OFF,Not Avl,Compl,Compl,Unable,OFF,55.469,36.719,31.875,33.125,19.531,39.551,15.686,31.765,0.781,1.582,ON,0,OFF,ON,ON,0.998,0.998,-0.027,-0.051,3.225,3.210,0,97,51199.219,13.750,25.490,OFF,OFF,OFF,OFF,OFF,OFF,OFF,Avail,Incmpl,Incmpl,Enable,Avail,470.300,130.400,470.700,130.400,ON,Avail,Compl,Enable,61,0,0,0,0,0,0,6,A,0,0,Avail,Incmpl,Incmpl,Enable,OFF,OFF,187,1003,51199.219,51199.219,51199.219,51199.219,51199.219,51199.219,1GRFE ,0,Avail,Incmpl,Incmpl,Enable,0,OFF,OFF,OFF,OFF,ON,ON,Avail,Compl,Enable,Compl,CL,CL,Compl,Unable,Not Avl,Compl,Incmpl,Enable,OFF,80,15.500,205,ON,42.500,21.250,0.122,2672,15,21,-3,OFF,0,3.125,6.420,OFF,0,0,68,Avail,Compl,Enable,0,GRN2#  ,ON,0,Not Act,Not Act,0,0,0,0,21247.676,21247.676,Avail,Compl,Avail,Incmpl,Incmpl,Enable,OBD II (California ARB),OFF,OFF,0,0,0,1st,OFF,OFF,OFF,OFF,OFF,OFF,0.781,-0.781,ON,OFF,950,0,OFF,OFF,OFF,ON,Gasoline,0.974,OFF,OFF,0.684,ON,0.938,16.078,14,0,0.801,0.801,2.383,0.801,0.918,2.031,47.843,0,16.078,22,0,0,OFF,ECT 5th,NA,OFF,97.878,97.900,16.078,0,Not Avl,0,0,0,0,ON,ON,0,0,0
64,0,14.001,Not Avl,Compl,Compl,Unable,OFF,Not Avl,Compl,Compl,Unable,OFF,55.469,36.719,31.875,33.125,19.531,39.551,15.686,31.765,0.781,1.582,ON,0,OFF,ON,ON,0.998,0.998,-0.027,-0.051,3.225,3.210,0,97,51199.219,13.750,25.490,OFF,OFF,OFF,OFF,OFF,OFF,OFF,Avail,Incmpl,Incmpl,Enable,Avail,470.300,130.400,470.700,130.400,ON,Avail,Compl,Enable,61,0,0,0,0,0,0,6,A,0,0,Avail,Incmpl,Incmpl,Enable,OFF,OFF,187,993.750,51199.219,51199.219,51199.219,51199.219,51199.219,51199.219,1GRFE ,0,Avail,Incmpl,Incmpl,Enable,0,OFF,OFF,OFF,OFF,ON,ON,Avail,Compl,Enable,Compl,CL,CL,Compl,Unable,Not Avl,Compl,Incmpl,Enable,OFF,80,15.500,205,ON,42.500,21.250,0.122,2672,15,21,-3,OFF,0,3.125,6.420,OFF,0,0,68,Avail,Compl,Enable,0,GRN2#  ,ON,0,Not Act,Not Act,0,0,0,0,21247.676,21247.676,Avail,Compl,Avail,Incmpl,Incmpl,Enable,OBD II (California ARB),OFF,OFF,0,0,0,1st,OFF,OFF,OFF,OFF,OFF,OFF,0.781,-0.781,ON,OFF,950,0,OFF,OFF,OFF,ON,Gasoline,0.974,OFF,OFF,0.684,ON,0.938,16.078,14,0,0.801,0.801,2.383,0.801,0.918,2.031,47.843,0,16.078,22,0,0,OFF,ECT 5th,NA,OFF,97.878,97.900,16.078,0,Not Avl,0,0,0,0,ON,ON,0,0,0
65,0,14.001,Not Avl,Compl,Compl,Unable,OFF,Not Avl,Compl,Compl,Unable,OFF,55.469,36.719,31.875,33.125,19.531,39.551,15.686,31.765,0.781,1.582,ON,0,OFF,ON,ON,0.998,0.998,-0.027,-0.051,3.225,3.210,0,97,51199.219,13.750,25.490,OFF,OFF,OFF,OFF,OFF,OFF,OFF,Avail,Incmpl,Incmpl,Enable,Avail,470.300,130.400,470.700,130.400,ON,Avail,Compl,Enable,61,0,0,0,0,0,0,6,A,0,0,Avail,Incmpl,Incmpl,Enable,OFF,OFF,187,993.750,51199.219,51199.219,51199.219,51199.219,51199.219,51199.219,1GRFE ,0,Avail,Incmpl,Incmpl,Enable,0,OFF,OFF,OFF,OFF,ON,ON,Avail,Compl,Enable,Compl,CL,CL,Compl,Unable,Not Avl,Compl,Incmpl,Enable,OFF,80,15.500,205,ON,42.500,21.250,0.122,2672,15,21,-3,OFF,0,3.125,6.420,OFF,0,0,68,Avail,Compl,Enable,0,GRN2#  ,ON,0,Not Act,Not Act,0,0,0,0,21247.676,21247.676,Avail,Compl,Avail,Incmpl,Incmpl,Enable,OBD II (California ARB),OFF,OFF,0,0,0,1st,OFF,OFF,OFF,OFF,OFF,OFF,0.781,-0.781,ON,OFF,950,0,OFF,OFF,OFF,ON,Gasoline,0.974,OFF,OFF,0.684,ON,0.938,16.078,14,0,0.801,0.801,2.383,0.801,0.918,2.031,47.843,0,16.078,22,0,0,OFF,ECT 5th,NA,OFF,97.878,97.900,16.078,0,Not Avl,0,0,0,0,ON,ON,0,0,0
66,0,14.001,Not Avl,Compl,Compl,Unable,OFF,Not Avl,Compl,Compl,Unable,OFF,55.469,36.719,31.875,33.125,19.531,39.551,15.686,31.765,0.781,1.582,ON,0,OFF,ON,ON,0.998,0.998,-0.027,-0.051,3.225,3.210,0,97,51199.219,13.750,25.490,OFF,OFF,OFF,OFF,OFF,OFF,OFF,Avail,Incmpl,Incmpl,Enable,Avail,470.300,130.400,470.700,130.400,ON,Avail,Compl,Enable,61,0,0,0,0,0,0,6,A,0,0,Avail,Incmpl,Incmpl,Enable,OFF,OFF,187,993.750,51199.219,51199.219,51199.219,51199.219,51199.219,51199.219,1GRFE ,0,Avail,Incmpl,Incmpl,Enable,0,OFF,OFF,OFF,OFF,ON,ON,Avail,Compl,Enable,Compl,CL,CL,Compl,Unable,Not Avl,Compl,Incmpl,Enable,OFF,80,15.500,205,ON,42.500,21.250,0.122,2672,15,21,-3,OFF,0,3.125,6.420,OFF,0,0,68,Avail,Compl,Enable,0,GRN2#  ,ON,0,Not Act,Not Act,0,0,0,0,21247.676,21247.676,Avail,Compl,Avail,Incmpl,Incmpl,Enable,OBD II (California ARB),OFF,OFF,0,0,0,1st,OFF,OFF,OFF,OFF,OFF,OFF,0.781,-0.781,ON,OFF,950,0,OFF,OFF,OFF,ON,Gasoline,0.974,OFF,OFF,0.684,ON,0.938,16.078,14,0,0.801,0.801,2.383,0.801,0.918,2.031,47.843,0,16.078,22,0,0,OFF,ECT 5th,NA,OFF,97.878,97.900,16.078,0,Not Avl,0,0,0,0,ON,ON,0,0,0
67,0,14.001,Not Avl,Compl,Compl,Unable,OFF,Not Avl,Compl,Compl,Unable,OFF,55.469,36.719,31.875,33.125,19.531,39.551,15.686,31.765,0.781,1.582,ON,0,OFF,ON,ON,0.998,0.998,-0.027,-0.051,3.225,3.210,0,97,51199.219,13.750,25.490,OFF,OFF,OFF,OFF,OFF,OFF,OFF,Avail,Incmpl,Incmpl,Enable,Avail,470.300,130.400,470.700,130.400,ON,Avail,Compl,Enable,61,0,0,0,0,0,0,6,A,0,0,Avail,Incmpl,Incmpl,Enable,OFF,OFF,187,993.750,51199.219,51199.219,51199.219,51199.219,51199.219,51199.219,1GRFE ,0,Avail,Incmpl,Incmpl,Enable,0,OFF,OFF,OFF,OFF,ON,ON,Avail,Compl,Enable,Compl,CL,CL,Compl,Unable,Not Avl,Compl,Incmpl,Enable,OFF,80,15.500,205,ON,42.500,21.250,0.122,2672,15,21,-3,OFF,0,3.125,6.420,OFF,0,0,68,Avail,Compl,Enable,0,GRN2#  ,ON,0,Not Act,Not Act,0,0,0,0,21247.676,21247.676,Avail,Compl,Avail,Incmpl,Incmpl,Enable,OBD II (California ARB),OFF,OFF,0,0,0,1st,OFF,OFF,OFF,OFF,OFF,OFF,0.781,-0.781,ON,OFF,950,0,OFF,OFF,OFF,ON,Gasoline,0.974,OFF,OFF,0.684,ON,0.938,16.078,14,0,0.801,0.801,2.383,0.801,0.918,2.031,47.843,0,16.078,22,0,0,OFF,ECT 5th,NA,OFF,97.878,97.900,16.078,0,Not Avl,0,0,0,0,ON,ON,0,0,0
68,0,14.001,Not Avl,Compl,Compl,Unable,OFF,Not Avl,Compl,Compl,Unable,OFF,55.469,36.719,31.875,33.125,19.531,39.551,15.686,31.765,0.781,1.582,ON,0,OFF,ON,ON,0.998,0.998,-0.027,-0.051,3.225,3.210,0,97,51199.219,13.750,25.490,OFF,OFF,OFF,OFF,OFF,OFF,OFF,Avail,Incmpl,Incmpl,Enable,Avail,470.300,130.400,470.700,130.400,ON,Avail,Compl,Enable,61,0,0,0,0,0,0,6,A,0,0,Avail,Incmpl,Incmpl,Enable,OFF,OFF,187,993.750,51199.219,51199.219,51199.219,51199.219,51199.219,51199.219,1GRFE ,0,Avail,Incmpl,Incmpl,Enable,0,OFF,OFF,OFF,OFF,ON,ON,Avail,Compl,Enable,Compl,CL,CL,Compl,Unable,Not Avl,Compl,Incmpl,Enable,OFF,80,15.500,205,ON,42.500,21.250,0.122,2672,15,21,-3,OFF,0,3.125,6.420,OFF,0,0,68,Avail,Compl,Enable,0,GRN2#  ,ON,0,Not Act,Not Act,0,0,0,0,21247.676,21247.676,Avail,Compl,Avail,Incmpl,Incmpl,Enable,OBD II (California ARB),OFF,OFF,0,0,0,1st,OFF,OFF,OFF,OFF,OFF,OFF,0.781,-0.781,ON,OFF,950,0,OFF,OFF,OFF,ON,Gasoline,0.974,OFF,OFF,0.684,ON,0.938,16.078,14,0,0.801,0.801,2.383,0.801,0.918,2.031,47.843,0,16.078,22,0,0,OFF,ECT 5th,NA,OFF,97.878,97.900,16.078,0,Not Avl,0,0,0,0,ON,ON,0,0,0
69,0,14.001,Not Avl,Compl,Compl,Unable,OFF,Not Avl,Compl,Compl,Unable,OFF,55.469,36.719,31.875,33.125,19.531,39.551,15.686,31.765,0.781,1.582,ON,0,OFF,ON,ON,0.998,0.998,-0.027,-0.051,3.225,3.210,0,97,51199.219,13.750,25.490,OFF,OFF,OFF,OFF,OFF,OFF,OFF,Avail,Incmpl,Incmpl,Enable,Avail,470.300,130.400,470.700,130.400,ON,Avail,Compl,Enable,61,0,0,0,0,0,0,6,A,0,0,Avail,Incmpl,Incmpl,Enable,OFF,OFF,187,993.750,51199.219,51199.219,51199.219,51199.219,51199.219,51199.219,1GRFE ,0,Avail,Incmpl,Incmpl,Enable,0,OFF,OFF,OFF,OFF,ON,ON,Avail,Compl,Enable,Compl,CL,CL,Compl,Unable,Not Avl,Compl,Incmpl,Enable,OFF,80,15.500,205,ON,42.500,21.250,0.122,2672,15,21,-3,OFF,0,3.125,6.420,OFF,0,0,68,Avail,Compl,Enable,0,GRN2#  ,ON,0,Not Act,Not Act,0,0,0,0,21247.676,21247.676,Avail,Compl,Avail,Incmpl,Incmpl,Enable,OBD II (California ARB),OFF,OFF,0,0,0,1st,OFF,OFF,OFF,OFF,OFF,OFF,0.781,-0.781,ON,OFF,950,0,OFF,OFF,OFF,ON,Gasoline,0.974,OFF,OFF,0.684,ON,0.938,16.078,14,0,0.801,0.801,2.383,0.801,0.918,2.031,47.843,0,16.078,22,0,0,OFF,ECT 5th,NA,OFF,97.878,97.900,16.078,0,Not Avl,0,0,0,0,ON,ON,0,0,0
70,0,14.001,Not Avl,Compl,Compl,Unable,OFF,Not Avl,Compl,Compl,Unable,OFF,55.469,36.719,31.875,33.125,19.531,39.551,15.686,31.765,0.781,1.582,ON,0,OFF,ON,ON,0.998,0.998,-0.027,-0.051,3.225,3.210,0,97,51199.219,13.750,25.490,OFF,OFF,OFF,OFF,OFF,OFF,OFF,Avail,Incmpl,Incmpl,Enable,Avail,470.300,130.400,470.700,130.400,ON,Avail,Compl,Enable,61,0,0,0,0,0,0,6,A,0,0,Avail,Incmpl,Incmpl,Enable,OFF,OFF,187,993.750,51199.219,51199.219,51199.219,51199.219,51199.219,51199.219,1GRFE ,0,Avail,Incmpl,Incmpl,Enable,0,OFF,OFF,OFF,OFF,ON,ON,Avail,Compl,Enable,Compl,CL,CL,Compl,Unable,Not Avl,Compl,Incmpl,Enable,OFF,80,15.500,205,ON,42.500,21.250,0.122,2672,15,21,-3,OFF,0,3.125,6.420,OFF,0,0,68,Avail,Compl,Enable,0,GRN2#  ,ON,0,Not Act,Not Act,0,0,0,0,21247.676,21247.676,Avail,Compl,Avail,Incmpl,Incmpl,Enable,OBD II (California ARB),OFF,OFF,0,0,0,1st,OFF,OFF,OFF,OFF,OFF,OFF,0.781,-0.781,ON,OFF,950,0,OFF,OFF,OFF,ON,Gasoline,0.974,OFF,OFF,0.684,ON,0.938,16.078,14,0,0.801,0.801,2.383,0.801,0.918,2.031,47.843,0,16.078,22,0,0,OFF,ECT 5th,NA,OFF,97.878,97.900,16.078,0,Not Avl,0,0,0,0,ON,ON,0,0,0
71,0,14.001,Not Avl,Compl,Compl,Unable,OFF,Not Avl,Compl,Compl,Unable,OFF,55.469,36.719,31.875,33.125,19.531,39.551,15.686,31.765,0.781,1.582,ON,0,OFF,ON,ON,0.998,0.998,-0.027,-0.051,3.225,3.210,0,97,51199.219,13.750,25.490,OFF,OFF,OFF,OFF,OFF,OFF,OFF,Avail,Incmpl,Incmpl,Enable,Avail,470.300,130.400,470.700,130.400,ON,Avail,Compl,Enable,61,0,0,0,0,0,0,6,A,0,0,Avail,Incmpl,Incmpl,Enable,OFF,OFF,187,993.750,51199.219,51199.219,51199.219,51199.219,51199.219,51199.219,1GRFE ,0,Avail,Incmpl,Incmpl,Enable,0,OFF,OFF,OFF,OFF,ON,ON,Avail,Compl,Enable,Compl,CL,CL,Compl,Unable,Not Avl,Compl,Incmpl,Enable,OFF,80,15.500,205,ON,42.500,21.250,0.122,2672,15,21,-3,OFF,0,3.125,6.420,OFF,0,0,68,Avail,Compl,Enable,0,GRN2#  ,ON,0,Not Act,Not Act,0,0,0,0,21247.676,21247.676,Avail,Compl,Avail,Incmpl,Incmpl,Enable,OBD II (California ARB),OFF,OFF,0,0,0,1st,OFF,OFF,OFF,OFF,OFF,OFF,0.781,-0.781,ON,OFF,950,0,OFF,OFF,OFF,ON,Gasoline,0.974,OFF,OFF,0.684,ON,0.938,16.078,14,0,0.801,0.801,2.383,0.801,0.918,2.031,47.843,0,16.078,22,0,0,OFF,ECT 5th,NA,OFF,97.878,97.900,16.078,0,Not Avl,0,0,0,0,ON,ON,0,0,0
72,0,14.001,Not Avl,Compl,Compl,Unable,OFF,Not Avl,Compl,Compl,Unable,OFF,55.469,36.719,31.875,33.125,19.531,39.551,15.686,31.765,0.781,1.582,ON,0,OFF,ON,ON,0.998,0.998,-0.027,-0.051,3.225,3.210,0,97,51199.219,13.750,25.490,OFF,OFF,OFF,OFF,OFF,OFF,OFF,Avail,Incmpl,Incmpl,Enable,Avail,470.300,130.400,470.700,130.400,ON,Avail,Compl,Enable,61,0,0,0,0,0,0,6,A,0,0,Avail,Incmpl,Incmpl,Enable,OFF,OFF,187,993.750,51199.219,51199.219,51199.219,51199.219,51199.219,51199.219,1GRFE ,0,Avail,Incmpl,Incmpl,Enable,0,OFF,OFF,OFF,OFF,ON,ON,Avail,Compl,Enable,Compl,CL,CL,Compl,Unable,Not Avl,Compl,Incmpl,Enable,OFF,80,15.500,205,ON,42.500,21.250,0.122,2672,15,21,-3,OFF,0,3.125,6.420,OFF,0,0,68,Avail,Compl,Enable,0,GRN2#  ,ON,0,Not Act,Not Act,0,0,0,0,21247.676,21247.676,Avail,Compl,Avail,Incmpl,Incmpl,Enable,OBD II (California ARB),OFF,OFF,0,0,0,1st,OFF,OFF,OFF,OFF,OFF,OFF,0.781,-0.781,ON,OFF,950,0,OFF,OFF,OFF,ON,Gasoline,0.974,OFF,OFF,0.684,ON,0.938,16.078,14,0,0.801,0.801,2.383,0.801,0.918,2.031,47.843,0,16.078,22,0,0,OFF,ECT 5th,NA,OFF,97.878,97.900,16.078,0,Not Avl,0,0,0,0,ON,ON,0,0,0
73,0,14.001,Not Avl,Compl,Compl,Unable,OFF,Not Avl,Compl,Compl,Unable,OFF,55.469,36.719,31.875,33.125,19.531,39.551,15.686,31.765,0.781,1.582,ON,0,OFF,ON,ON,0.998,0.998,-0.027,-0.051,3.225,3.210,0,97,51199.219,13.750,25.490,OFF,OFF,OFF,OFF,OFF,OFF,OFF,Avail,Incmpl,Incmpl,Enable,Avail,470.300,130.400,470.700,130.400,ON,Avail,Compl,Enable,61,0,0,0,0,0,0,6,A,0,0,Avail,Incmpl,Incmpl,Enable,OFF,OFF,187,993.750,51199.219,51199.219,51199.219,51199.219,51199.219,51199.219,1GRFE ,0,Avail,Incmpl,Incmpl,Enable,0,OFF,OFF,OFF,OFF,ON,ON,Avail,Compl,Enable,Compl,CL,CL,Compl,Unable,Not Avl,Compl,Incmpl,Enable,OFF,80,15.500,205,ON,42.500,21.250,0.122,2672,15,21,-3,OFF,0,3.125,6.420,OFF,0,0,68,Avail,Compl,Enable,0,GRN2#  ,ON,0,Not Act,Not Act,0,0,0,0,21247.676,21247.676,Avail,Compl,Avail,Incmpl,Incmpl,Enable,OBD II (California ARB),OFF,OFF,0,0,0,1st,OFF,OFF,OFF,OFF,OFF,OFF,0.781,-0.781,ON,OFF,950,0,OFF,OFF,OFF,ON,Gasoline,0.974,OFF,OFF,0.684,ON,0.938,16.078,14,0,0.801,0.801,2.383,0.801,0.918,2.031,47.843,0,16.078,22,0,0,OFF,ECT 5th,NA,OFF,97.878,97.900,16.078,0,Not Avl,0,0,0,0,ON,ON,0,0,0
74,0,14.001,Not Avl,Compl,Compl,Unable,OFF,Not Avl,Compl,Compl,Unable,OFF,55.469,36.719,31.875,33.125,19.531,39.551,15.686,31.765,0.781,1.582,ON,0,OFF,ON,ON,0.998,0.998,-0.027,-0.051,3.225,3.210,0,97,51199.219,13.750,25.490,OFF,OFF,OFF,OFF,OFF,OFF,OFF,Avail,Incmpl,Incmpl,Enable,Avail,470.300,130.400,470.700,130.400,ON,Avail,Compl,Enable,61,0,0,0,0,0,0,6,A,0,0,Avail,Incmpl,Incmpl,Enable,OFF,OFF,187,993.750,51199.219,51199.219,51199.219,51199.219,51199.219,51199.219,1GRFE ,0,Avail,Incmpl,Incmpl,Enable,0,OFF,OFF,OFF,OFF,ON,ON,Avail,Compl,Enable,Compl,CL,CL,Compl,Unable,Not Avl,Compl,Incmpl,Enable,OFF,80,15.500,205,ON,42.500,21.250,0.122,2672,15,21,-3,OFF,0,3.125,6.420,OFF,0,0,68,Avail,Compl,Enable,0,GRN2#  ,ON,0,Not Act,Not Act,0,0,0,0,21247.676,21247.676,Avail,Compl,Avail,Incmpl,Incmpl,Enable,OBD II (California ARB),OFF,OFF,0,0,0,1st,OFF,OFF,OFF,OFF,OFF,OFF,0.781,-0.781,ON,OFF,950,0,OFF,OFF,OFF,ON,Gasoline,0.974,OFF,OFF,0.684,ON,0.938,16.078,14,0,0.801,0.801,2.383,0.801,0.918,2.031,47.843,0,16.078,22,0,0,OFF,ECT 5th,NA,OFF,97.878,97.900,16.078,0,Not Avl,0,0,0,0,ON,ON,0,0,0
75,0,14.001,Not Avl,Compl,Compl,Unable,OFF,Not Avl,Compl,Compl,Unable,OFF,55.469,36.719,31.875,33.125,19.531,39.551,15.686,31.765,0.781,1.582,ON,0,OFF,ON,ON,0.998,0.998,-0.027,-0.051,3.225,3.210,0,97,51199.219,13.750,25.490,OFF,OFF,OFF,OFF,OFF,OFF,OFF,Avail,Incmpl,Incmpl,Enable,Avail,470.300,130.400,470.700,130.400,ON,Avail,Compl,Enable,61,0,0,0,0,0,0,6,A,0,0,Avail,Incmpl,Incmpl,Enable,OFF,OFF,187,993.750,51199.219,51199.219,51199.219,51199.219,51199.219,51199.219,1GRFE ,0,Avail,Incmpl,Incmpl,Enable,0,OFF,OFF,OFF,OFF,ON,ON,Avail,Compl,Enable,Compl,CL,CL,Compl,Unable,Not Avl,Compl,Incmpl,Enable,OFF,80,15.500,205,ON,42.500,21.250,0.122,2672,15,21,-3,OFF,0,3.125,6.420,OFF,0,0,68,Avail,Compl,Enable,0,GRN2#  ,ON,0,Not Act,Not Act,0,0,0,0,21247.676,21247.676,Avail,Compl,Avail,Incmpl,Incmpl,Enable,OBD II (California ARB),OFF,OFF,0,0,0,1st,OFF,OFF,OFF,OFF,OFF,OFF,0.781,-0.781,ON,OFF,950,0,OFF,OFF,OFF,ON,Gasoline,0.974,OFF,OFF,0.684,ON,0.938,16.078,14,0,0.801,0.801,2.383,0.801,0.918,2.031,47.843,0,16.078,22,0,0,OFF,ECT 5th,NA,OFF,97.878,97.900,16.078,0,Not Avl,0,0,0,0,ON,ON,0,0,0
76,0,14.001,Not Avl,Compl,Compl,Unable,OFF,Not Avl,Compl,Compl,Unable,OFF,55.469,36.719,31.875,33.125,19.531,39.551,15.686,31.765,0.781,1.582,ON,0,OFF,ON,ON,0.998,0.998,-0.027,-0.051,3.225,3.210,0,97,51199.219,13.750,25.490,OFF,OFF,OFF,OFF,OFF,OFF,OFF,Avail,Incmpl,Incmpl,Enable,Avail,470.300,130.400,470.700,130.400,ON,Avail,Compl,Enable,61,0,0,0,0,0,0,6,A,0,0,Avail,Incmpl,Incmpl,Enable,OFF,OFF,187,993.750,51199.219,51199.219,51199.219,51199.219,51199.219,51199.219,1GRFE ,0,Avail,Incmpl,Incmpl,Enable,0,OFF,OFF,OFF,OFF,ON,ON,Avail,Compl,Enable,Compl,CL,CL,Compl,Unable,Not Avl,Compl,Incmpl,Enable,OFF,80,15.500,205,ON,42.500,21.250,0.122,2672,15,21,-3,OFF,0,3.125,6.420,OFF,0,0,68,Avail,Compl,Enable,0,GRN2#  ,ON,0,Not Act,Not Act,0,0,0,0,21247.676,21247.676,Avail,Compl,Avail,Incmpl,Incmpl,Enable,OBD II (California ARB),OFF,OFF,0,0,0,1st,OFF,OFF,OFF,OFF,OFF,OFF,0.781,-0.781,ON,OFF,950,0,OFF,OFF,OFF,ON,Gasoline,0.974,OFF,OFF,0.684,ON,0.938,16.078,14,0,0.801,0.801,2.383,0.801,0.918,2.031,47.843,0,16.078,22,0,0,OFF,ECT 5th,NA,OFF,97.878,97.900,16.078,0,Not Avl,0,0,0,0,ON,ON,0,0,0
77,0,14.001,Not Avl,Compl,Compl,Unable,OFF,Not Avl,Compl,Compl,Unable,OFF,55.469,36.719,31.875,33.125,19.531,39.551,15.686,31.765,0.781,1.582,ON,0,OFF,ON,ON,0.998,0.998,-0.027,-0.051,3.225,3.210,0,97,51199.219,13.750,25.490,OFF,OFF,OFF,OFF,OFF,OFF,OFF,Avail,Incmpl,Incmpl,Enable,Avail,470.300,130.400,470.700,130.400,ON,Avail,Compl,Enable,61,0,0,0,0,0,0,6,A,0,0,Avail,Incmpl,Incmpl,Enable,OFF,OFF,187,993.750,51199.219,51199.219,51199.219,51199.219,51199.219,51199.219,1GRFE ,0,Avail,Incmpl,Incmpl,Enable,0,OFF,OFF,OFF,OFF,ON,ON,Avail,Compl,Enable,Compl,CL,CL,Compl,Unable,Not Avl,Compl,Incmpl,Enable,OFF,80,15.500,205,ON,42.500,21.250,0.122,2672,15,21,-3,OFF,0,3.125,6.420,OFF,0,0,68,Avail,Compl,Enable,0,GRN2#  ,ON,0,Not Act,Not Act,0,0,0,0,21247.676,21247.676,Avail,Compl,Avail,Incmpl,Incmpl,Enable,OBD II (California ARB),OFF,OFF,0,0,0,1st,OFF,OFF,OFF,OFF,OFF,OFF,0.781,-0.781,ON,OFF,950,0,OFF,OFF,OFF,ON,Gasoline,0.974,OFF,OFF,0.684,ON,0.938,16.078,14,0,0.801,0.801,2.383,0.801,0.918,2.031,47.843,0,16.078,22,0,0,OFF,ECT 5th,NA,OFF,97.878,97.900,16.078,0,Not Avl,0,0,0,0,ON,ON,0,0,0
78,0,14.001,Not Avl,Compl,Compl,Unable,OFF,Not Avl,Compl,Compl,Unable,OFF,55.469,36.719,31.875,33.125,19.531,39.551,15.686,31.765,0.781,1.582,ON,0,OFF,ON,ON,0.998,0.998,-0.027,-0.051,3.225,3.210,0,97,51199.219,13.750,25.490,OFF,OFF,OFF,OFF,OFF,OFF,OFF,Avail,Incmpl,Incmpl,Enable,Avail,470.300,130.400,470.700,130.400,ON,Avail,Compl,Enable,61,0,0,0,0,0,0,6,A,0,0,Avail,Incmpl,Incmpl,Enable,OFF,OFF,187,993.750,51199.219,51199.219,51199.219,51199.219,51199.219,51199.219,1GRFE ,0,Avail,Incmpl,Incmpl,Enable,0,OFF,OFF,OFF,OFF,ON,ON,Avail,Compl,Enable,Compl,CL,CL,Compl,Unable,Not Avl,Compl,Incmpl,Enable,OFF,80,15.500,205,ON,42.500,21.250,0.122,2672,15,21,-3,OFF,0,3.125,6.420,OFF,0,0,68,Avail,Compl,Enable,0,GRN2#  ,ON,0,Not Act,Not Act,0,0,0,0,21247.676,21247.676,Avail,Compl,Avail,Incmpl,Incmpl,Enable,OBD II (California ARB),OFF,OFF,0,0,0,1st,OFF,OFF,OFF,OFF,OFF,OFF,0.781,-0.781,ON,OFF,950,0,OFF,OFF,OFF,ON,Gasoline,0.974,OFF,OFF,0.684,ON,0.938,16.078,14,0,0.801,0.801,2.383,0.801,0.918,2.031,47.843,0,16.078,22,0,0,OFF,ECT 5th,NA,OFF,97.878,97.900,16.078,0,Not Avl,0,0,0,0,ON,ON,0,0,0
79,0,14.001,Not Avl,Compl,Compl,Unable,OFF,Not Avl,Compl,Compl,Unable,OFF,55.469,36.719,31.875,33.125,19.531,39.551,15.686,31.765,0.781,1.582,ON,0,OFF,ON,ON,0.998,0.998,-0.027,-0.051,3.225,3.210,0,97,51199.219,13.750,25.490,OFF,OFF,OFF,OFF,OFF,OFF,OFF,Avail,Incmpl,Incmpl,Enable,Avail,470.300,130.400,470.700,130.400,ON,Avail,Compl,Enable,61,0,0,0,0,0,0,6,A,0,0,Avail,Incmpl,Incmpl,Enable,OFF,OFF,187,993.750,51199.219,51199.219,51199.219,51199.219,51199.219,51199.219,1GRFE ,0,Avail,Incmpl,Incmpl,Enable,0,OFF,OFF,OFF,OFF,ON,ON,Avail,Compl,Enable,Compl,CL,CL,Compl,Unable,Not Avl,Compl,Incmpl,Enable,OFF,80,15.500,205,ON,42.500,21.250,0.122,2672,15,21,-3,OFF,0,3.125,6.420,OFF,0,0,68,Avail,Compl,Enable,0,GRN2#  ,ON,0,Not Act,Not Act,0,0,0,0,21247.676,21247.676,Avail,Compl,Avail,Incmpl,Incmpl,Enable,OBD II (California ARB),OFF,OFF,0,0,0,1st,OFF,OFF,OFF,OFF,OFF,OFF,0.781,-0.781,ON,OFF,950,0,OFF,OFF,OFF,ON,Gasoline,0.974,OFF,OFF,0.684,ON,0.938,16.078,14,0,0.801,0.801,2.383,0.801,0.918,2.031,47.843,0,16.078,22,0,0,OFF,ECT 5th,NA,OFF,97.878,97.900,16.078,0,Not Avl,0,0,0,0,ON,ON,0,0,0
80,0,14.001,Not Avl,Compl,Compl,Unable,OFF,Not Avl,Compl,Compl,Unable,OFF,55.469,36.719,31.875,33.125,19.531,39.551,15.686,31.765,0.781,1.582,ON,0,OFF,ON,ON,0.998,0.998,-0.027,-0.051,3.225,3.210,0,97,51199.219,13.750,25.490,OFF,OFF,OFF,OFF,OFF,OFF,OFF,Avail,Incmpl,Incmpl,Enable,Avail,470.300,130.400,470.700,130.400,ON,Avail,Compl,Enable,61,0,0,0,0,0,0,6,A,0,0,Avail,Incmpl,Incmpl,Enable,OFF,OFF,187,993.750,51199.219,51199.219,51199.219,51199.219,51199.219,51199.219,1GRFE ,0,Avail,Incmpl,Incmpl,Enable,0,OFF,OFF,OFF,OFF,ON,ON,Avail,Compl,Enable,Compl,CL,CL,Compl,Unable,Not Avl,Compl,Incmpl,Enable,OFF,80,15.500,205,ON,42.500,21.250,0.122,2672,15,21,-3,OFF,0,3.125,6.420,OFF,0,0,68,Avail,Compl,Enable,0,GRN2#  ,ON,0,Not Act,Not Act,0,0,0,0,21247.676,21247.676,Avail,Compl,Avail,Incmpl,Incmpl,Enable,OBD II (California ARB),OFF,OFF,0,0,0,1st,OFF,OFF,OFF,OFF,OFF,OFF,0.781,-0.781,ON,OFF,950,0,OFF,OFF,OFF,ON,Gasoline,0.974,OFF,OFF,0.684,ON,0.938,16.078,14,0,0.801,0.801,2.383,0.801,0.918,2.031,47.843,0,16.078,22,0,0,OFF,ECT 5th,NA,OFF,97.878,97.900,16.078,0,Not Avl,0,0,0,0,ON,ON,0,0,0
81,0,14.001,Not Avl,Compl,Compl,Unable,OFF,Not Avl,Compl,Compl,Unable,OFF,55.469,36.719,31.875,33.125,19.531,39.551,15.686,31.765,0.781,1.582,ON,0,OFF,ON,ON,0.998,0.998,-0.027,-0.051,3.225,3.210,0,97,51199.219,13.750,25.490,OFF,OFF,OFF,OFF,OFF,OFF,OFF,Avail,Incmpl,Incmpl,Enable,Avail,470.300,130.400,470.700,130.400,ON,Avail,Compl,Enable,61,0,0,0,0,0,0,6,A,0,0,Avail,Incmpl,Incmpl,Enable,OFF,OFF,187,993.750,51199.219,51199.219,51199.219,51199.219,51199.219,51199.219,1GRFE ,0,Avail,Incmpl,Incmpl,Enable,0,OFF,OFF,OFF,OFF,ON,ON,Avail,Compl,Enable,Compl,CL,CL,Compl,Unable,Not Avl,Compl,Incmpl,Enable,OFF,80,15.500,205,ON,42.500,21.250,0.122,2672,15,21,-3,OFF,0,3.125,6.420,OFF,0,0,68,Avail,Compl,Enable,0,GRN2#  ,ON,0,Not Act,Not Act,0,0,0,0,21247.676,21247.676,Avail,Compl,Avail,Incmpl,Incmpl,Enable,OBD II (California ARB),OFF,OFF,0,0,0,1st,OFF,OFF,OFF,OFF,OFF,OFF,0.781,-0.781,ON,OFF,950,0,OFF,OFF,OFF,ON,Gasoline,0.974,OFF,OFF,0.684,ON,0.938,16.078,14,0,0.801,0.801,2.383,0.801,0.918,2.031,47.843,0,16.078,22,0,0,OFF,ECT 5th,NA,OFF,97.878,97.900,16.078,0,Not Avl,0,0,0,0,ON,ON,0,0,0
82,0,14.001,Not Avl,Compl,Compl,Unable,OFF,Not Avl,Compl,Compl,Unable,OFF,55.469,36.719,31.875,33.125,19.531,39.551,15.686,31.765,0.781,1.582,ON,0,OFF,ON,ON,0.998,0.998,-0.027,-0.051,3.225,3.210,0,97,51199.219,13.750,25.490,OFF,OFF,OFF,OFF,OFF,OFF,OFF,Avail,Incmpl,Incmpl,Enable,Avail,470.300,130.400,470.700,130.400,ON,Avail,Compl,Enable,61,0,0,0,0,0,0,6,A,0,0,Avail,Incmpl,Incmpl,Enable,OFF,OFF,187,993.750,51199.219,51199.219,51199.219,51199.219,51199.219,51199.219,1GRFE ,0,Avail,Incmpl,Incmpl,Enable,0,OFF,OFF,OFF,OFF,ON,ON,Avail,Compl,Enable,Compl,CL,CL,Compl,Unable,Not Avl,Compl,Incmpl,Enable,OFF,80,15.500,205,ON,42.500,21.250,0.122,2672,15,21,-3,OFF,0,3.125,6.420,OFF,0,0,68,Avail,Compl,Enable,0,GRN2#  ,ON,0,Not Act,Not Act,0,0,0,0,21247.676,21247.676,Avail,Compl,Avail,Incmpl,Incmpl,Enable,OBD II (California ARB),OFF,OFF,0,0,0,1st,OFF,OFF,OFF,OFF,OFF,OFF,0.781,-0.781,ON,OFF,950,0,OFF,OFF,OFF,ON,Gasoline,0.974,OFF,OFF,0.684,ON,0.938,16.078,14,0,0.801,0.801,2.383,0.801,0.918,2.031,47.843,0,16.078,22,0,0,OFF,ECT 5th,NA,OFF,97.878,97.900,16.078,0,Not Avl,0,0,0,0,ON,ON,0,0,0
83,0,14.001,Not Avl,Compl,Compl,Unable,OFF,Not Avl,Compl,Compl,Unable,OFF,55.469,36.719,31.875,33.125,19.531,39.551,15.686,31.765,0.781,1.582,ON,0,OFF,ON,ON,0.998,0.998,-0.027,-0.051,3.225,3.210,0,97,51199.219,13.750,25.490,OFF,OFF,OFF,OFF,OFF,OFF,OFF,Avail,Incmpl,Incmpl,Enable,Avail,470.300,130.400,470.700,130.400,ON,Avail,Compl,Enable,61,0,0,0,0,0,0,6,A,0,0,Avail,Incmpl,Incmpl,Enable,OFF,OFF,187,993.750,51199.219,51199.219,51199.219,51199.219,51199.219,51199.219,1GRFE ,0,Avail,Incmpl,Incmpl,Enable,0,OFF,OFF,OFF,OFF,ON,ON,Avail,Compl,Enable,Compl,CL,CL,Compl,Unable,Not Avl,Compl,Incmpl,Enable,OFF,80,15.500,205,ON,42.500,21.250,0.122,2672,15,21,-3,OFF,0,3.125,6.420,OFF,0,0,68,Avail,Compl,Enable,0,GRN2#  ,ON,0,Not Act,Not Act,0,0,0,0,21247.676,21247.676,Avail,Compl,Avail,Incmpl,Incmpl,Enable,OBD II (California ARB),OFF,OFF,0,0,0,1st,OFF,OFF,OFF,OFF,OFF,OFF,0.781,-0.781,ON,OFF,950,0,OFF,OFF,OFF,ON,Gasoline,0.974,OFF,OFF,0.684,ON,0.938,16.078,14,0,0.801,0.801,2.383,0.801,0.918,2.031,47.843,0,16.078,22,0,0,OFF,ECT 5th,NA,OFF,97.878,97.900,16.078,0,Not Avl,0,0,0,0,ON,ON,0,0,0
84,0,14.001,Not Avl,Compl,Compl,Unable,OFF,Not Avl,Compl,Compl,Unable,OFF,55.469,36.719,31.875,33.125,19.531,39.551,15.686,31.765,0.781,1.582,ON,0,OFF,ON,ON,0.998,0.998,-0.027,-0.051,3.225,3.210,0,97,51199.219,13.750,25.490,OFF,OFF,OFF,OFF,OFF,OFF,OFF,Avail,Incmpl,Incmpl,Enable,Avail,470.300,130.400,470.700,130.400,ON,Avail,Compl,Enable,61,0,0,0,0,0,0,6,A,0,0,Avail,Incmpl,Incmpl,Enable,OFF,OFF,187,993.750,51199.219,51199.219,51199.219,51199.219,51199.219,51199.219,1GRFE ,0,Avail,Incmpl,Incmpl,Enable,0,OFF,OFF,OFF,OFF,ON,ON,Avail,Compl,Enable,Compl,CL,CL,Compl,Unable,Not Avl,Compl,Incmpl,Enable,OFF,80,15.500,205,ON,42.500,21.250,0.122,2672,15,21,-3,OFF,0,3.125,6.420,OFF,0,0,68,Avail,Compl,Enable,0,GRN2#  ,ON,0,Not Act,Not Act,0,0,0,0,21247.676,21247.676,Avail,Compl,Avail,Incmpl,Incmpl,Enable,OBD II (California ARB),OFF,OFF,0,0,0,1st,OFF,OFF,OFF,OFF,OFF,OFF,0.781,-0.781,ON,OFF,950,0,OFF,OFF,OFF,ON,Gasoline,0.974,OFF,OFF,0.684,ON,0.938,16.078,14,0,0.801,0.801,2.383,0.801,0.918,2.031,47.843,0,16.078,22,0,0,OFF,ECT 5th,NA,OFF,97.878,97.900,16.078,0,Not Avl,0,0,0,0,ON,ON,0,0,0
85,0,14.001,Not Avl,Compl,Compl,Unable,OFF,Not Avl,Compl,Compl,Unable,OFF,55.469,36.719,31.875,33.125,19.531,39.551,15.686,31.765,0.781,1.582,ON,0,OFF,ON,ON,0.998,0.998,-0.027,-0.051,3.225,3.210,0,97,51199.219,13.750,25.490,OFF,OFF,OFF,OFF,OFF,OFF,OFF,Avail,Incmpl,Incmpl,Enable,Avail,470.300,130.400,470.700,130.400,ON,Avail,Compl,Enable,61,0,0,0,0,0,0,6,A,0,0,Avail,Incmpl,Incmpl,Enable,OFF,OFF,187,993.750,51199.219,51199.219,51199.219,51199.219,51199.219,51199.219,1GRFE ,0,Avail,Incmpl,Incmpl,Enable,0,OFF,OFF,OFF,OFF,ON,ON,Avail,Compl,Enable,Compl,CL,CL,Compl,Unable,Not Avl,Compl,Incmpl,Enable,OFF,80,15.500,205,ON,42.500,21.250,0.122,2672,15,21,-3,OFF,0,3.125,6.420,OFF,0,0,68,Avail,Compl,Enable,0,GRN2#  ,ON,0,Not Act,Not Act,0,0,0,0,21247.676,21247.676,Avail,Compl,Avail,Incmpl,Incmpl,Enable,OBD II (California ARB),OFF,OFF,0,0,0,1st,OFF,OFF,OFF,OFF,OFF,OFF,0.781,-0.781,ON,OFF,950,0,OFF,OFF,OFF,ON,Gasoline,0.974,OFF,OFF,0.684,ON,0.938,16.078,14,0,0.801,0.801,2.383,0.801,0.918,2.031,47.843,0,16.078,22,0,0,OFF,ECT 5th,NA,OFF,97.878,97.900,16.078,0,Not Avl,0,0,0,0,ON,ON,0,0,0
86,0,14.001,Not Avl,Compl,Compl,Unable,OFF,Not Avl,Compl,Compl,Unable,OFF,55.469,36.719,31.875,33.125,19.531,39.551,15.686,31.765,0.781,1.582,ON,0,OFF,ON,ON,0.998,0.998,-0.027,-0.051,3.225,3.210,0,97,51199.219,13.750,25.490,OFF,OFF,OFF,OFF,OFF,OFF,OFF,Avail,Incmpl,Incmpl,Enable,Avail,470.300,130.400,470.700,130.400,ON,Avail,Compl,Enable,61,0,0,0,0,0,0,6,A,0,0,Avail,Incmpl,Incmpl,Enable,OFF,OFF,187,993.750,51199.219,51199.219,51199.219,51199.219,51199.219,51199.219,1GRFE ,0,Avail,Incmpl,Incmpl,Enable,0,OFF,OFF,OFF,OFF,ON,ON,Avail,Compl,Enable,Compl,CL,CL,Compl,Unable,Not Avl,Compl,Incmpl,Enable,OFF,80,15.500,205,ON,42.500,21.250,0.122,2672,15,21,-3,OFF,0,3.125,6.420,OFF,0,0,68,Avail,Compl,Enable,0,GRN2#  ,ON,0,Not Act,Not Act,0,0,0,0,21247.676,21247.676,Avail,Compl,Avail,Incmpl,Incmpl,Enable,OBD II (California ARB),OFF,OFF,0,0,0,1st,OFF,OFF,OFF,OFF,OFF,OFF,0.781,-0.781,ON,OFF,950,0,OFF,OFF,OFF,ON,Gasoline,0.974,OFF,OFF,0.684,ON,0.938,16.078,14,0,0.801,0.801,2.383,0.801,0.918,2.031,47.843,0,16.078,22,0,0,OFF,ECT 5th,NA,OFF,97.878,97.900,16.078,0,Not Avl,0,0,0,0,ON,ON,0,0,0
87,0,14.001,Not Avl,Compl,Compl,Unable,OFF,Not Avl,Compl,Compl,Unable,OFF,55.469,36.719,31.875,33.125,19.531,39.551,15.686,31.765,0.781,1.582,ON,0,OFF,ON,ON,0.998,0.998,-0.027,-0.051,3.225,3.210,0,97,51199.219,13.750,25.490,OFF,OFF,OFF,OFF,OFF,OFF,OFF,Avail,Incmpl,Incmpl,Enable,Avail,470.300,130.400,470.700,130.400,ON,Avail,Compl,Enable,61,0,0,0,0,0,0,6,A,0,0,Avail,Incmpl,Incmpl,Enable,OFF,OFF,187,993.750,51199.219,51199.219,51199.219,51199.219,51199.219,51199.219,1GRFE ,0,Avail,Incmpl,Incmpl,Enable,0,OFF,OFF,OFF,OFF,ON,ON,Avail,Compl,Enable,Compl,CL,CL,Compl,Unable,Not Avl,Compl,Incmpl,Enable,OFF,80,15.500,205,ON,42.500,21.250,0.122,2672,15,21,-3,OFF,0,3.125,6.420,OFF,0,0,68,Avail,Compl,Enable,0,GRN2#  ,ON,0,Not Act,Not Act,0,0,0,0,21247.676,21247.676,Avail,Compl,Avail,Incmpl,Incmpl,Enable,OBD II (California ARB),OFF,OFF,0,0,0,1st,OFF,OFF,OFF,OFF,OFF,OFF,0.781,-0.781,ON,OFF,950,0,OFF,OFF,OFF,ON,Gasoline,0.974,OFF,OFF,0.684,ON,0.938,16.078,14,0,0.801,0.801,2.383,0.801,0.918,2.031,47.843,0,16.078,22,0,0,OFF,ECT 5th,NA,OFF,97.878,97.900,16.078,0,Not Avl,0,0,0,0,ON,ON,0,0,0
88,0,14.001,Not Avl,Compl,Compl,Unable,OFF,Not Avl,Compl,Compl,Unable,OFF,55.469,36.719,31.875,33.125,19.531,39.551,15.686,31.765,0.781,1.582,ON,0,OFF,ON,ON,0.998,0.998,-0.027,-0.051,3.225,3.210,0,97,51199.219,13.750,25.490,OFF,OFF,OFF,OFF,OFF,OFF,OFF,Avail,Incmpl,Incmpl,Enable,Avail,470.300,130.400,470.700,130.400,ON,Avail,Compl,Enable,61,0,0,0,0,0,0,6,A,0,0,Avail,Incmpl,Incmpl,Enable,OFF,OFF,187,993.750,51199.219,51199.219,51199.219,51199.219,51199.219,51199.219,1GRFE ,0,Avail,Incmpl,Incmpl,Enable,0,OFF,OFF,OFF,OFF,ON,ON,Avail,Compl,Enable,Compl,CL,CL,Compl,Unable,Not Avl,Compl,Incmpl,Enable,OFF,80,15.500,205,ON,42.500,21.250,0.122,2672,15,21,-3,OFF,0,3.125,6.420,OFF,0,0,68,Avail,Compl,Enable,0,GRN2#  ,ON,0,Not Act,Not Act,0,0,0,0,21247.676,21247.676,Avail,Compl,Avail,Incmpl,Incmpl,Enable,OBD II (California ARB),OFF,OFF,0,0,0,1st,OFF,OFF,OFF,OFF,OFF,OFF,0.781,-0.781,ON,OFF,950,0,OFF,OFF,OFF,ON,Gasoline,0.974,OFF,OFF,0.684,ON,0.938,16.078,14,0,0.801,0.801,2.383,0.801,0.918,2.031,47.843,0,16.078,22,0,0,OFF,ECT 5th,NA,OFF,97.878,97.900,16.078,0,Not Avl,0,0,0,0,ON,ON,0,0,0
89,0,14.001,Not Avl,Compl,Compl,Unable,OFF,Not Avl,Compl,Compl,Unable,OFF,55.469,36.719,31.875,33.125,19.531,39.551,15.686,31.765,0.781,1.582,ON,0,OFF,ON,ON,0.998,0.998,-0.027,-0.051,3.225,3.210,0,97,51199.219,13.750,25.490,OFF,OFF,OFF,OFF,OFF,OFF,OFF,Avail,Incmpl,Incmpl,Enable,Avail,470.300,130.400,470.700,130.400,ON,Avail,Compl,Enable,61,0,0,0,0,0,0,6,A,0,0,Avail,Incmpl,Incmpl,Enable,OFF,OFF,187,993.750,51199.219,51199.219,51199.219,51199.219,51199.219,51199.219,1GRFE ,0,Avail,Incmpl,Incmpl,Enable,0,OFF,OFF,OFF,OFF,ON,ON,Avail,Compl,Enable,Compl,CL,CL,Compl,Unable,Not Avl,Compl,Incmpl,Enable,OFF,80,15.500,205,ON,42.500,21.250,0.122,2672,15,21,-3,OFF,0,3.125,6.420,OFF,0,0,68,Avail,Compl,Enable,0,GRN2#  ,ON,0,Not Act,Not Act,0,0,0,0,21247.676,21247.676,Avail,Compl,Avail,Incmpl,Incmpl,Enable,OBD II (California ARB),OFF,OFF,0,0,0,1st,OFF,OFF,OFF,OFF,OFF,OFF,0.781,-0.781,ON,OFF,950,0,OFF,OFF,OFF,ON,Gasoline,0.974,OFF,OFF,0.684,ON,0.938,16.078,14,0,0.801,0.801,2.383,0.801,0.918,2.031,47.843,0,16.078,22,0,0,OFF,ECT 5th,NA,OFF,97.878,97.900,16.078,0,Not Avl,0,0,0,0,ON,ON,0,0,0
90,0,14.001,Not Avl,Compl,Compl,Unable,OFF,Not Avl,Compl,Compl,Unable,OFF,55.469,36.719,31.875,33.125,19.531,39.551,15.686,31.765,0.781,1.582,ON,0,OFF,ON,ON,0.998,0.998,-0.027,-0.051,3.225,3.210,0,97,51199.219,13.750,25.490,OFF,OFF,OFF,OFF,OFF,OFF,OFF,Avail,Incmpl,Incmpl,Enable,Avail,470.300,130.400,470.700,130.400,ON,Avail,Compl,Enable,61,0,0,0,0,0,0,6,A,0,0,Avail,Incmpl,Incmpl,Enable,OFF,OFF,187,993.750,51199.219,51199.219,51199.219,51199.219,51199.219,51199.219,1GRFE ,0,Avail,Incmpl,Incmpl,Enable,0,OFF,OFF,OFF,OFF,ON,ON,Avail,Compl,Enable,Compl,CL,CL,Compl,Unable,Not Avl,Compl,Incmpl,Enable,OFF,80,15.500,205,ON,42.500,21.250,0.122,2672,15,21,-3,OFF,0,3.125,6.420,OFF,0,0,68,Avail,Compl,Enable,0,GRN2#  ,ON,0,Not Act,Not Act,0,0,0,0,21247.676,21247.676,Avail,Compl,Avail,Incmpl,Incmpl,Enable,OBD II (California ARB),OFF,OFF,0,0,0,1st,OFF,OFF,OFF,OFF,OFF,OFF,0.781,-0.781,ON,OFF,950,0,OFF,OFF,OFF,ON,Gasoline,0.974,OFF,OFF,0.684,ON,0.938,16.078,14,0,0.801,0.801,2.383,0.801,0.918,2.031,47.843,0,16.078,22,0,0,OFF,ECT 5th,NA,OFF,97.878,97.900,16.078,0,Not Avl,0,0,0,0,ON,ON,0,0,0
91,0,14.001,Not Avl,Compl,Compl,Unable,OFF,Not Avl,Compl,Compl,Unable,OFF,55.469,36.719,31.875,33.125,19.531,39.551,15.686,31.765,0.781,1.582,ON,0,OFF,ON,ON,0.998,0.998,-0.027,-0.051,3.225,3.210,0,97,51199.219,13.750,25.490,OFF,OFF,OFF,OFF,OFF,OFF,OFF,Avail,Incmpl,Incmpl,Enable,Avail,470.300,130.400,470.700,130.400,ON,Avail,Compl,Enable,61,0,0,0,0,0,0,6,A,0,0,Avail,Incmpl,Incmpl,Enable,OFF,OFF,187,993.750,51199.219,51199.219,51199.219,51199.219,51199.219,51199.219,1GRFE ,0,Avail,Incmpl,Incmpl,Enable,0,OFF,OFF,OFF,OFF,ON,ON,Avail,Compl,Enable,Compl,CL,CL,Compl,Unable,Not Avl,Compl,Incmpl,Enable,OFF,80,15.500,205,ON,42.500,21.250,0.122,2672,15,21,-3,OFF,0,3.125,6.420,OFF,0,0,68,Avail,Compl,Enable,0,GRN2#  ,ON,0,Not Act,Not Act,0,0,0,0,21247.676,21247.676,Avail,Compl,Avail,Incmpl,Incmpl,Enable,OBD II (California ARB),OFF,OFF,0,0,0,1st,OFF,OFF,OFF,OFF,OFF,OFF,0.781,-0.781,ON,OFF,950,0,OFF,OFF,OFF,ON,Gasoline,0.974,OFF,OFF,0.684,ON,0.938,16.078,14,0,0.801,0.801,2.383,0.801,0.918,2.031,47.843,0,16.078,22,0,0,OFF,ECT 5th,NA,OFF,97.878,97.900,16.078,0,Not Avl,0,0,0,0,ON,ON,0,0,0
92,0,14.001,Not Avl,Compl,Compl,Unable,OFF,Not Avl,Compl,Compl,Unable,OFF,55.469,36.719,31.875,33.125,19.531,39.551,15.686,31.765,0.781,1.582,ON,0,OFF,ON,ON,0.998,0.998,-0.027,-0.051,3.225,3.210,0,97,51199.219,13.750,25.490,OFF,OFF,OFF,OFF,OFF,OFF,OFF,Avail,Incmpl,Incmpl,Enable,Avail,470.300,130.400,470.700,130.400,ON,Avail,Compl,Enable,61,0,0,0,0,0,0,6,A,0,0,Avail,Incmpl,Incmpl,Enable,OFF,OFF,187,993.750,51199.219,51199.219,51199.219,51199.219,51199.219,51199.219,1GRFE ,0,Avail,Incmpl,Incmpl,Enable,0,OFF,OFF,OFF,OFF,ON,ON,Avail,Compl,Enable,Compl,CL,CL,Compl,Unable,Not Avl,Compl,Incmpl,Enable,OFF,80,15.500,205,ON,42.500,21.250,0.122,2672,15,21,-3,OFF,0,3.125,6.420,OFF,0,0,68,Avail,Compl,Enable,0,GRN2#  ,ON,0,Not Act,Not Act,0,0,0,0,21247.676,21247.676,Avail,Compl,Avail,Incmpl,Incmpl,Enable,OBD II (California ARB),OFF,OFF,0,0,0,1st,OFF,OFF,OFF,OFF,OFF,OFF,0.781,-0.781,ON,OFF,950,0,OFF,OFF,OFF,ON,Gasoline,0.974,OFF,OFF,0.684,ON,0.938,16.078,14,0,0.801,0.801,2.383,0.801,0.918,2.031,47.843,0,16.078,22,0,0,OFF,ECT 5th,NA,OFF,97.878,97.900,16.078,0,Not Avl,0,0,0,0,ON,ON,0,0,0
93,0,14.001,Not Avl,Compl,Compl,Unable,OFF,Not Avl,Compl,Compl,Unable,OFF,55.469,36.719,31.875,33.125,19.531,39.551,15.686,31.765,0.781,1.582,ON,0,OFF,ON,ON,0.998,0.998,-0.027,-0.051,3.225,3.210,0,97,51199.219,13.750,25.490,OFF,OFF,OFF,OFF,OFF,OFF,OFF,Avail,Incmpl,Incmpl,Enable,Avail,470.300,130.400,470.700,130.400,ON,Avail,Compl,Enable,61,0,0,0,0,0,0,6,A,0,0,Avail,Incmpl,Incmpl,Enable,OFF,OFF,187,993.750,51199.219,51199.219,51199.219,51199.219,51199.219,51199.219,1GRFE ,0,Avail,Incmpl,Incmpl,Enable,0,OFF,OFF,OFF,OFF,ON,ON,Avail,Compl,Enable,Compl,CL,CL,Compl,Unable,Not Avl,Compl,Incmpl,Enable,OFF,80,15.500,205,ON,42.500,21.250,0.122,2672,15,21,-3,OFF,0,3.125,6.420,OFF,0,0,68,Avail,Compl,Enable,0,GRN2#  ,ON,0,Not Act,Not Act,0,0,0,0,21247.676,21247.676,Avail,Compl,Avail,Incmpl,Incmpl,Enable,OBD II (California ARB),OFF,OFF,0,0,0,1st,OFF,OFF,OFF,OFF,OFF,OFF,0.781,-0.781,ON,OFF,950,0,OFF,OFF,OFF,ON,Gasoline,0.974,OFF,OFF,0.684,ON,0.938,16.078,14,0,0.801,0.801,2.383,0.801,0.918,2.031,47.843,0,16.078,22,0,0,OFF,ECT 5th,NA,OFF,97.878,97.900,16.078,0,Not Avl,0,0,0,0,ON,ON,0,0,0
94,0,14.001,Not Avl,Compl,Compl,Unable,OFF,Not Avl,Compl,Compl,Unable,OFF,55.469,36.719,31.875,33.125,19.531,39.551,15.686,31.765,0.781,1.582,ON,0,OFF,ON,ON,0.998,0.998,-0.027,-0.051,3.225,3.210,0,97,51199.219,13.750,25.490,OFF,OFF,OFF,OFF,OFF,OFF,OFF,Avail,Incmpl,Incmpl,Enable,Avail,470.300,130.400,470.700,130.400,ON,Avail,Compl,Enable,61,0,0,0,0,0,0,6,A,0,0,Avail,Incmpl,Incmpl,Enable,OFF,OFF,187,993.750,51199.219,51199.219,51199.219,51199.219,51199.219,51199.219,1GRFE ,0,Avail,Incmpl,Incmpl,Enable,0,OFF,OFF,OFF,OFF,ON,ON,Avail,Compl,Enable,Compl,CL,CL,Compl,Unable,Not Avl,Compl,Incmpl,Enable,OFF,80,15.500,205,ON,42.500,21.250,0.122,2672,15,21,-3,OFF,0,3.125,6.420,OFF,0,0,68,Avail,Compl,Enable,0,GRN2#  ,ON,0,Not Act,Not Act,0,0,0,0,21247.676,21247.676,Avail,Compl,Avail,Incmpl,Incmpl,Enable,OBD II (California ARB),OFF,OFF,0,0,0,1st,OFF,OFF,OFF,OFF,OFF,OFF,0.781,-0.781,ON,OFF,950,0,OFF,OFF,OFF,ON,Gasoline,0.974,OFF,OFF,0.684,ON,0.938,16.078,14,0,0.801,0.801,2.383,0.801,0.918,2.031,47.843,0,16.078,22,0,0,OFF,ECT 5th,NA,OFF,97.878,97.900,16.078,0,Not Avl,0,0,0,0,ON,ON,0,0,0
95,0,14.001,Not Avl,Compl,Compl,Unable,OFF,Not Avl,Compl,Compl,Unable,OFF,55.469,36.719,31.875,33.125,19.531,39.551,15.686,31.765,0.781,1.582,ON,0,OFF,ON,ON,0.998,0.998,-0.027,-0.051,3.225,3.210,0,97,51199.219,13.750,25.490,OFF,OFF,OFF,OFF,OFF,OFF,OFF,Avail,Incmpl,Incmpl,Enable,Avail,470.300,130.400,470.700,130.400,ON,Avail,Compl,Enable,61,0,0,0,0,0,0,6,A,0,0,Avail,Incmpl,Incmpl,Enable,OFF,OFF,187,993.750,51199.219,51199.219,51199.219,51199.219,51199.219,51199.219,1GRFE ,0,Avail,Incmpl,Incmpl,Enable,0,OFF,OFF,OFF,OFF,ON,ON,Avail,Compl,Enable,Compl,CL,CL,Compl,Unable,Not Avl,Compl,Incmpl,Enable,OFF,80,15.500,205,ON,42.500,21.250,0.122,2672,15,21,-3,OFF,0,3.125,6.420,OFF,0,0,68,Avail,Compl,Enable,0,GRN2#  ,ON,0,Not Act,Not Act,0,0,0,0,21247.676,21247.676,Avail,Compl,Avail,Incmpl,Incmpl,Enable,OBD II (California ARB),OFF,OFF,0,0,0,1st,OFF,OFF,OFF,OFF,OFF,OFF,0.781,-0.781,ON,OFF,950,0,OFF,OFF,OFF,ON,Gasoline,0.974,OFF,OFF,0.684,ON,0.938,16.078,14,0,0.801,0.801,2.383,0.801,0.918,2.031,47.843,0,16.078,22,0,0,OFF,ECT 5th,NA,OFF,97.878,97.900,16.078,0,Not Avl,0,0,0,0,ON,ON,0,0,0
96,0,14.001,Not Avl,Compl,Compl,Unable,OFF,Not Avl,Compl,Compl,Unable,OFF,55.469,36.719,31.875,33.125,19.531,39.551,15.686,31.765,0.781,1.582,ON,0,OFF,ON,ON,0.998,0.998,-0.027,-0.051,3.225,3.210,0,97,51199.219,13.750,25.490,OFF,OFF,OFF,OFF,OFF,OFF,OFF,Avail,Incmpl,Incmpl,Enable,Avail,470.300,130.400,470.700,130.400,ON,Avail,Compl,Enable,61,0,0,0,0,0,0,6,A,0,0,Avail,Incmpl,Incmpl,Enable,OFF,OFF,187,993.750,51199.219,51199.219,51199.219,51199.219,51199.219,51199.219,1GRFE ,0,Avail,Incmpl,Incmpl,Enable,0,OFF,OFF,OFF,OFF,ON,ON,Avail,Compl,Enable,Compl,CL,CL,Compl,Unable,Not Avl,Compl,Incmpl,Enable,OFF,80,15.500,205,ON,42.500,21.250,0.122,2672,15,21,-3,OFF,0,3.125,6.420,OFF,0,0,68,Avail,Compl,Enable,0,GRN2#  ,ON,0,Not Act,Not Act,0,0,0,0,21247.676,21247.676,Avail,Compl,Avail,Incmpl,Incmpl,Enable,OBD II (California ARB),OFF,OFF,0,0,0,1st,OFF,OFF,OFF,OFF,OFF,OFF,0.781,-0.781,ON,OFF,950,0,OFF,OFF,OFF,ON,Gasoline,0.974,OFF,OFF,0.684,ON,0.938,16.078,14,0,0.801,0.801,2.383,0.801,0.918,2.031,47.843,0,16.078,22,0,0,OFF,ECT 5th,NA,OFF,97.878,97.900,16.078,0,Not Avl,0,0,0,0,ON,ON,0,0,0
97,0,14.001,Not Avl,Compl,Compl,Unable,OFF,Not Avl,Compl,Compl,Unable,OFF,55.469,36.719,31.875,33.125,19.531,39.551,15.686,31.765,0.781,1.582,ON,0,OFF,ON,ON,0.998,0.998,-0.027,-0.051,3.225,3.210,0,97,51199.219,13.750,25.490,OFF,OFF,OFF,OFF,OFF,OFF,OFF,Avail,Incmpl,Incmpl,Enable,Avail,470.300,130.400,470.700,130.400,ON,Avail,Compl,Enable,61,0,0,0,0,0,0,6,A,0,0,Avail,Incmpl,Incmpl,Enable,OFF,OFF,187,993.750,51199.219,51199.219,51199.219,51199.219,51199.219,51199.219,1GRFE ,0,Avail,Incmpl,Incmpl,Enable,0,OFF,OFF,OFF,OFF,ON,ON,Avail,Compl,Enable,Compl,CL,CL,Compl,Unable,Not Avl,Compl,Incmpl,Enable,OFF,80,15.500,205,ON,42.500,21.250,0.122,2672,15,21,-3,OFF,0,3.125,6.420,OFF,0,0,68,Avail,Compl,Enable,0,GRN2#  ,ON,0,Not Act,Not Act,0,0,0,0,21247.676,21247.676,Avail,Compl,Avail,Incmpl,Incmpl,Enable,OBD II (California ARB),OFF,OFF,0,0,0,1st,OFF,OFF,OFF,OFF,OFF,OFF,0.781,-0.781,ON,OFF,950,0,OFF,OFF,OFF,ON,Gasoline,0.974,OFF,OFF,0.684,ON,0.938,16.078,14,0,0.801,0.801,2.383,0.801,0.918,2.031,47.843,0,16.078,22,0,0,OFF,ECT 5th,NA,OFF,97.878,97.900,16.078,0,Not Avl,0,0,0,0,ON,ON,0,0,0
98,0,14.001,Not Avl,Compl,Compl,Unable,OFF,Not Avl,Compl,Compl,Unable,OFF,55.469,36.719,31.875,33.125,19.531,39.551,15.686,31.765,0.781,1.582,ON,0,OFF,ON,ON,0.998,0.998,-0.027,-0.051,3.225,3.210,0,97,51199.219,13.750,25.490,OFF,OFF,OFF,OFF,OFF,OFF,OFF,Avail,Incmpl,Incmpl,Enable,Avail,470.300,130.400,470.700,130.400,ON,Avail,Compl,Enable,61,0,0,0,0,0,0,6,A,0,0,Avail,Incmpl,Incmpl,Enable,OFF,OFF,187,993.750,51199.219,51199.219,51199.219,51199.219,51199.219,51199.219,1GRFE ,0,Avail,Incmpl,Incmpl,Enable,0,OFF,OFF,OFF,OFF,ON,ON,Avail,Compl,Enable,Compl,CL,CL,Compl,Unable,Not Avl,Compl,Incmpl,Enable,OFF,80,15.500,205,ON,42.500,21.250,0.122,2672,15,21,-3,OFF,0,3.125,6.420,OFF,0,0,68,Avail,Compl,Enable,0,GRN2#  ,ON,0,Not Act,Not Act,0,0,0,0,21247.676,21247.676,Avail,Compl,Avail,Incmpl,Incmpl,Enable,OBD II (California ARB),OFF,OFF,0,0,0,1st,OFF,OFF,OFF,OFF,OFF,OFF,0.781,-0.781,ON,OFF,950,0,OFF,OFF,OFF,ON,Gasoline,0.974,OFF,OFF,0.684,ON,0.938,16.078,14,0,0.801,0.801,2.383,0.801,0.918,2.031,47.843,0,16.078,22,0,0,OFF,ECT 5th,NA,OFF,97.878,97.900,16.078,0,Not Avl,0,0,0,0,ON,ON,0,0,0
99,0,14.001,Not Avl,Compl,Compl,Unable,OFF,Not Avl,Compl,Compl,Unable,OFF,55.469,36.719,31.875,33.125,19.531,39.551,15.686,31.765,0.781,1.582,ON,0,OFF,ON,ON,0.998,0.998,-0.027,-0.051,3.225,3.210,0,97,51199.219,13.750,25.490,OFF,OFF,OFF,OFF,OFF,OFF,OFF,Avail,Incmpl,Incmpl,Enable,Avail,470.300,130.400,470.700,130.400,ON,Avail,Compl,Enable,61,0,0,0,0,0,0,6,A,0,0,Avail,Incmpl,Incmpl,Enable,OFF,OFF,187,993.750,51199.219,51199.219,51199.219,51199.219,51199.219,51199.219,1GRFE ,0,Avail,Incmpl,Incmpl,Enable,0,OFF,OFF,OFF,OFF,ON,ON,Avail,Compl,Enable,Compl,CL,CL,Compl,Unable,Not Avl,Compl,Incmpl,Enable,OFF,80,15.500,548,ON,42.500,21.250,0.122,2672,15,21,-3,OFF,0,3.125,6.420,OFF,0,0,68,Avail,Compl,Enable,0,GRN2#  ,ON,0,Not Act,Not Act,0,0,0,0,21247.676,21247.676,Avail,Compl,Avail,Incmpl,Incmpl,Enable,OBD II (California ARB),OFF,OFF,0,0,0,1st,OFF,OFF,OFF,OFF,OFF,OFF,0.781,-0.781,ON,OFF,950,0,OFF,OFF,OFF,ON,Gasoline,0.974,OFF,OFF,0.684,ON,0.938,16.078,14,0,0.801,0.801,2.383,0.801,0.918,2.031,47.843,0,16.078,22,0,0,OFF,ECT 5th,NA,OFF,97.878,97.900,16.078,0,Not Avl,0,0,0,0,ON,ON,0,0,0
100,0,14.001,Not Avl,Compl,Compl,Unable,OFF,Not Avl,Compl,Compl,Unable,OFF,55.469,36.719,31.875,33.125,19.531,39.551,15.686,31.765,0.781,1.582,ON,0,OFF,ON,ON,0.998,0.998,-0.027,-0.051,3.225,3.210,0,97,51199.219,13.750,25.490,OFF,OFF,OFF,OFF,OFF,OFF,OFF,Avail,Incmpl,Incmpl,Enable,Avail,470.300,130.400,470.700,130.400,ON,Avail,Compl,Enable,61,0,0,0,0,0,0,6,A,0,0,Avail,Incmpl,Incmpl,Enable,OFF,OFF,187,993.750,51199.219,51199.219,51199.219,51199.219,51199.219,51199.219,1GRFE ,0,Avail,Incmpl,Incmpl,Enable,0,OFF,OFF,OFF,OFF,ON,ON,Avail,Compl,Enable,Compl,CL,CL,Compl,Unable,Not Avl,Compl,Incmpl,Enable,OFF,80,15.500,548,ON,42.500,21.250,0.122,2672,15,21,-3,OFF,0,3.125,6.420,OFF,0,0,68,Avail,Compl,Enable,0,GRN2#  ,ON,0,Not Act,Not Act,0,0,0,0,21247.676,21247.676,Avail,Compl,Avail,Incmpl,Incmpl,Enable,OBD II (California ARB),OFF,OFF,0,0,0,1st,OFF,OFF,OFF,OFF,OFF,OFF,0.781,-0.781,ON,OFF,950,0,OFF,OFF,OFF,ON,Gasoline,0.974,OFF,OFF,0.684,ON,0.938,16.078,14,0,0.801,0.801,2.383,0.801,0.918,2.031,47.843,0,16.078,22,0,0,OFF,ECT 5th,NA,OFF,97.878,97.900,16.078,0,Not Avl,0,0,0,0,ON,ON,0,0,0
101,0,14.001,Not Avl,Compl,Compl,Unable,OFF,Not Avl,Compl,Compl,Unable,OFF,55.469,36.719,31.875,33.125,19.531,39.551,15.686,31.765,0.781,1.582,ON,0,OFF,ON,ON,0.998,0.998,-0.027,-0.051,3.225,3.210,0,97,51199.219,13.750,25.490,OFF,OFF,OFF,OFF,OFF,OFF,OFF,Avail,Incmpl,Incmpl,Enable,Avail,470.300,130.400,470.700,130.400,ON,Avail,Compl,Enable,61,0,0,0,0,0,0,6,A,0,0,Avail,Incmpl,Incmpl,Enable,OFF,OFF,187,993.750,51199.219,51199.219,51199.219,51199.219,51199.219,51199.219,1GRFE ,0,Avail,Incmpl,Incmpl,Enable,0,OFF,OFF,OFF,OFF,ON,ON,Avail,Compl,Enable,Compl,CL,CL,Compl,Unable,Not Avl,Compl,Incmpl,Enable,OFF,80,15.500,548,ON,42.500,21.250,0.122,2672,15,21,-3,OFF,0,3.125,6.420,OFF,0,0,68,Avail,Compl,Enable,0,GRN2#  ,ON,0,Not Act,Not Act,0,0,0,0,21247.676,21247.676,Avail,Compl,Avail,Incmpl,Incmpl,Enable,OBD II (California ARB),OFF,OFF,0,0,0,1st,OFF,OFF,OFF,OFF,OFF,OFF,0.781,-0.781,ON,OFF,950,0,OFF,OFF,OFF,ON,Gasoline,0.974,OFF,OFF,0.684,ON,0.938,16.078,14,0,0.801,0.801,2.383,0.801,0.918,2.031,47.843,0,16.078,22,0,0,OFF,ECT 5th,NA,OFF,97.878,97.900,16.078,0,Not Avl,0,0,0,0,ON,ON,0,0,0
102,0,14.001,Not Avl,Compl,Compl,Unable,OFF,Not Avl,Compl,Compl,Unable,OFF,55.469,36.719,31.875,33.125,19.531,39.551,15.686,31.765,0.781,1.582,ON,0,OFF,ON,ON,0.998,0.998,-0.027,-0.051,3.225,3.210,0,97,51199.219,13.750,25.490,OFF,OFF,OFF,OFF,OFF,OFF,OFF,Avail,Incmpl,Incmpl,Enable,Avail,470.300,130.400,470.700,130.400,ON,Avail,Compl,Enable,61,0,0,0,0,0,0,6,A,0,0,Avail,Incmpl,Incmpl,Enable,OFF,OFF,187,993.750,51199.219,51199.219,51199.219,51199.219,51199.219,51199.219,1GRFE ,0,Avail,Incmpl,Incmpl,Enable,0,OFF,OFF,OFF,OFF,ON,ON,Avail,Compl,Enable,Compl,CL,CL,Compl,Unable,Not Avl,Compl,Incmpl,Enable,OFF,80,15.500,548,ON,42.500,21.250,0.122,2672,15,21,-3,OFF,0,3.125,6.420,OFF,0,0,68,Avail,Compl,Enable,0,GRN2#  ,ON,0,Not Act,Not Act,0,0,0,0,21247.676,21247.676,Avail,Compl,Avail,Incmpl,Incmpl,Enable,OBD II (California ARB),OFF,OFF,0,0,0,1st,OFF,OFF,OFF,OFF,OFF,OFF,0.781,-0.781,ON,OFF,950,0,OFF,OFF,OFF,ON,Gasoline,0.974,OFF,OFF,0.684,ON,0.938,16.078,14,0,0.801,0.801,2.383,0.801,0.918,2.031,47.843,0,16.078,22,0,0,OFF,ECT 5th,NA,OFF,97.878,97.900,16.078,0,Not Avl,0,0,0,0,ON,ON,0,0,0
103,0,14.001,Not Avl,Compl,Compl,Unable,OFF,Not Avl,Compl,Compl,Unable,OFF,55.469,36.719,31.875,33.125,19.531,39.551,15.686,31.765,0.781,1.582,ON,0,OFF,ON,ON,0.998,0.998,-0.027,-0.051,3.225,3.210,0,97,51199.219,13.750,25.490,OFF,OFF,OFF,OFF,OFF,OFF,OFF,Avail,Incmpl,Incmpl,Enable,Avail,470.300,130.400,470.700,130.400,ON,Avail,Compl,Enable,61,0,0,0,0,0,0,6,A,0,0,Avail,Incmpl,Incmpl,Enable,OFF,OFF,187,993.750,51199.219,51199.219,51199.219,51199.219,51199.219,51199.219,1GRFE ,0,Avail,Incmpl,Incmpl,Enable,0,OFF,OFF,OFF,OFF,ON,ON,Avail,Compl,Enable,Compl,CL,CL,Compl,Unable,Not Avl,Compl,Incmpl,Enable,OFF,80,15.500,548,ON,42.500,21.250,0.123,2672,15,21,-3,OFF,0,3.125,6.420,OFF,0,0,68,Avail,Compl,Enable,0,GRN2#  ,ON,0,Not Act,Not Act,0,0,0,0,21247.676,21247.676,Avail,Compl,Avail,Incmpl,Incmpl,Enable,OBD II (California ARB),OFF,OFF,0,0,0,1st,OFF,OFF,OFF,OFF,OFF,OFF,0.781,-0.781,ON,OFF,950,0,OFF,OFF,OFF,ON,Gasoline,0.974,OFF,OFF,0.684,ON,0.938,16.078,14,0,0.801,0.801,2.383,0.801,0.918,2.031,47.843,0,16.078,22,0,0,OFF,ECT 5th,NA,OFF,97.878,97.900,16.078,0,Not Avl,0,0,0,0,ON,ON,0,0,0
104,0,14.001,Not Avl,Compl,Compl,Unable,OFF,Not Avl,Compl,Compl,Unable,OFF,55.469,36.719,31.875,33.125,19.531,39.551,15.686,31.765,0.781,1.582,ON,0,OFF,ON,ON,0.998,0.998,-0.027,-0.051,3.225,3.210,0,97,51199.219,13.750,25.490,OFF,OFF,OFF,OFF,OFF,OFF,OFF,Avail,Incmpl,Incmpl,Enable,Avail,470.300,130.400,470.700,130.400,ON,Avail,Compl,Enable,61,0,0,0,0,0,0,6,A,0,0,Avail,Incmpl,Incmpl,Enable,OFF,OFF,187,993.750,51199.219,51199.219,51199.219,51199.219,51199.219,51199.219,1GRFE ,0,Avail,Incmpl,Incmpl,Enable,0,OFF,OFF,OFF,OFF,ON,ON,Avail,Compl,Enable,Compl,CL,CL,Compl,Unable,Not Avl,Compl,Incmpl,Enable,OFF,80,15.500,548,ON,42.500,21.250,0.123,2661,15,21,-3,OFF,0,3.125,6.420,OFF,0,0,68,Avail,Compl,Enable,0,GRN2#  ,ON,0,Not Act,Not Act,0,0,0,0,21247.676,21247.676,Avail,Compl,Avail,Incmpl,Incmpl,Enable,OBD II (California ARB),OFF,OFF,0,0,0,1st,OFF,OFF,OFF,OFF,OFF,OFF,0.781,-0.781,ON,OFF,950,0,OFF,OFF,OFF,ON,Gasoline,0.974,OFF,OFF,0.684,ON,0.938,16.078,14,0,0.801,0.801,2.383,0.801,0.918,2.031,47.843,0,16.078,22,0,0,OFF,ECT 5th,NA,OFF,97.878,97.900,16.078,0,Not Avl,0,0,0,0,ON,ON,0,0,0
105,0,14.001,Not Avl,Compl,Compl,Unable,OFF,Not Avl,Compl,Compl,Unable,OFF,55.469,36.719,31.875,33.125,19.531,39.551,15.686,31.765,0.781,1.582,ON,0,OFF,ON,ON,0.998,0.998,-0.027,-0.051,3.225,3.210,0,97,51199.219,13.750,25.490,OFF,OFF,OFF,OFF,OFF,OFF,OFF,Avail,Incmpl,Incmpl,Enable,Avail,470.300,130.400,470.700,130.400,ON,Avail,Compl,Enable,61,0,0,0,0,0,0,6,A,0,0,Avail,Incmpl,Incmpl,Enable,OFF,OFF,187,993.750,51199.219,51199.219,51199.219,51199.219,51199.219,51199.219,1GRFE ,0,Avail,Incmpl,Incmpl,Enable,0,OFF,OFF,OFF,OFF,ON,ON,Avail,Compl,Enable,Compl,CL,CL,Compl,Unable,Not Avl,Compl,Incmpl,Enable,OFF,80,15.500,548,ON,42.500,21.250,0.123,2661,15,21,-3,OFF,0,3.125,6.420,OFF,0,0,68,Avail,Compl,Enable,0,GRN2#  ,ON,0,Not Act,Not Act,0,0,0,0,21247.676,21247.676,Avail,Compl,Avail,Incmpl,Incmpl,Enable,OBD II (California ARB),OFF,OFF,0,0,0,1st,OFF,OFF,OFF,OFF,OFF,OFF,0.781,-0.781,ON,OFF,950,0,OFF,OFF,OFF,ON,Gasoline,0.974,OFF,OFF,0.684,ON,0.938,16.078,14,0,0.801,0.801,2.383,0.801,0.918,2.031,47.843,0,16.078,22,0,0,OFF,ECT 5th,NA,OFF,97.878,97.900,16.078,0,Not Avl,0,0,0,0,ON,ON,0,0,0
106,0,14.001,Not Avl,Compl,Compl,Unable,OFF,Not Avl,Compl,Compl,Unable,OFF,55.469,36.719,31.875,33.125,19.531,39.551,15.686,31.765,0.781,1.582,ON,0,OFF,ON,ON,0.998,0.998,-0.027,-0.051,3.225,3.210,0,97,51199.219,13.750,25.490,OFF,OFF,OFF,OFF,OFF,OFF,OFF,Avail,Incmpl,Incmpl,Enable,Avail,470.300,130.400,470.700,130.400,ON,Avail,Compl,Enable,61,0,0,0,0,0,0,6,A,0,0,Avail,Incmpl,Incmpl,Enable,OFF,OFF,187,993.750,51199.219,51199.219,51199.219,51199.219,51199.219,51199.219,1GRFE ,0,Avail,Incmpl,Incmpl,Enable,0,OFF,OFF,OFF,OFF,ON,ON,Avail,Compl,Enable,Compl,CL,CL,Compl,Unable,Not Avl,Compl,Incmpl,Enable,OFF,80,15.500,548,ON,42.500,21.250,0.123,2661,15,21,-3,OFF,0,3.125,6.420,OFF,0,0,68,Avail,Compl,Enable,0,GRN2#  ,ON,0,Not Act,Not Act,0,0,0,0,21247.676,21247.676,Avail,Compl,Avail,Incmpl,Incmpl,Enable,OBD II (California ARB),OFF,OFF,0,0,0,1st,OFF,OFF,OFF,OFF,OFF,OFF,0.781,-0.781,ON,OFF,950,0,OFF,OFF,OFF,ON,Gasoline,0.974,OFF,OFF,0.684,ON,0.938,16.078,14,0,0.801,0.801,2.383,0.801,0.918,2.031,47.843,0,16.078,22,0,0,OFF,ECT 5th,NA,OFF,97.878,97.900,16.078,0,Not Avl,0,0,0,0,ON,ON,0,0,0
107,0,14.001,Not Avl,Compl,Compl,Unable,OFF,Not Avl,Compl,Compl,Unable,OFF,55.469,36.719,31.875,33.125,19.531,39.551,15.686,31.765,0.781,1.582,ON,0,OFF,ON,ON,0.998,0.998,-0.027,-0.051,3.225,3.210,0,97,51199.219,13.750,25.490,OFF,OFF,OFF,OFF,OFF,OFF,OFF,Avail,Incmpl,Incmpl,Enable,Avail,470.300,130.400,470.700,130.400,ON,Avail,Compl,Enable,61,0,0,0,0,0,0,6,A,0,0,Avail,Incmpl,Incmpl,Enable,OFF,OFF,187,993.750,51199.219,51199.219,51199.219,51199.219,51199.219,51199.219,1GRFE ,0,Avail,Incmpl,Incmpl,Enable,0,OFF,OFF,OFF,OFF,ON,ON,Avail,Compl,Enable,Compl,CL,CL,Compl,Unable,Not Avl,Compl,Incmpl,Enable,OFF,80,15.500,548,ON,42.500,21.250,0.123,2661,15,21,-3,OFF,0,3.125,6.420,OFF,0,0,68,Avail,Compl,Enable,0,GRN2#  ,ON,0,Not Act,Not Act,0,0,0,0,21247.676,21247.676,Avail,Compl,Avail,Incmpl,Incmpl,Enable,OBD II (California ARB),OFF,OFF,0,0,0,1st,OFF,OFF,OFF,OFF,OFF,OFF,0.781,-0.781,ON,OFF,950,0,OFF,OFF,OFF,ON,Gasoline,0.974,OFF,OFF,0.684,ON,0.938,16.078,14,0,0.801,0.801,2.383,0.801,0.918,2.031,47.843,0,16.078,22,0,0,OFF,ECT 5th,NA,OFF,97.878,97.900,16.078,0,Not Avl,0,0,0,0,ON,ON,0,0,0
108,0,14.001,Not Avl,Compl,Compl,Unable,OFF,Not Avl,Compl,Compl,Unable,OFF,55.469,36.719,31.875,33.125,19.531,39.551,15.686,31.765,0.781,1.582,ON,0,OFF,ON,ON,0.998,0.998,-0.027,-0.051,3.225,3.210,0,97,51199.219,13.750,25.490,OFF,OFF,OFF,OFF,OFF,OFF,OFF,Avail,Incmpl,Incmpl,Enable,Avail,470.300,130.400,470.700,130.400,ON,Avail,Compl,Enable,61,0,0,0,0,0,0,6,A,0,0,Avail,Incmpl,Incmpl,Enable,OFF,OFF,187,993.750,51199.219,51199.219,51199.219,51199.219,51199.219,51199.219,1GRFE ,0,Avail,Incmpl,Incmpl,Enable,0,OFF,OFF,OFF,OFF,ON,ON,Avail,Compl,Enable,Compl,CL,CL,Compl,Unable,Not Avl,Compl,Incmpl,Enable,OFF,80,15.500,548,ON,42.500,21.250,0.123,2661,15,21,-3,OFF,0,3.125,6.420,OFF,0,0,68,Avail,Compl,Enable,0,GRN2#  ,ON,0,Not Act,Not Act,0,0,0,0,21247.676,21247.676,Avail,Compl,Avail,Incmpl,Incmpl,Enable,OBD II (California ARB),OFF,OFF,0,0,0,1st,OFF,OFF,OFF,OFF,OFF,OFF,0.781,-0.781,ON,OFF,950,0,OFF,OFF,OFF,ON,Gasoline,0.974,OFF,OFF,0.684,ON,0.938,16.078,14,0,0.801,0.801,2.383,0.801,0.918,2.031,47.843,0,16.078,22,0,0,OFF,ECT 5th,NA,OFF,97.878,97.900,16.078,0,Not Avl,0,0,0,0,ON,ON,0,0,0
109,0,14.001,Not Avl,Compl,Compl,Unable,OFF,Not Avl,Compl,Compl,Unable,OFF,55.469,36.719,31.875,33.125,19.531,39.551,15.686,31.765,0.781,1.582,ON,0,OFF,ON,ON,0.998,0.998,-0.027,-0.051,3.225,3.210,0,97,51199.219,13.750,25.490,OFF,OFF,OFF,OFF,OFF,OFF,OFF,Avail,Incmpl,Incmpl,Enable,Avail,470.300,130.400,470.700,130.400,ON,Avail,Compl,Enable,61,0,0,0,0,0,0,6,A,0,0,Avail,Incmpl,Incmpl,Enable,OFF,OFF,187,993.750,51199.219,51199.219,51199.219,51199.219,51199.219,51199.219,1GRFE ,0,Avail,Incmpl,Incmpl,Enable,0,OFF,OFF,OFF,OFF,ON,ON,Avail,Compl,Enable,Compl,CL,CL,Compl,Unable,Not Avl,Compl,Incmpl,Enable,OFF,80,15.500,548,ON,42.500,21.250,0.123,2661,15,21,-3,OFF,0,3.125,6.420,OFF,0,0,68,Avail,Compl,Enable,0,GRN2#  ,ON,0,Not Act,Not Act,0,0,0,0,21247.676,21247.676,Avail,Compl,Avail,Incmpl,Incmpl,Enable,OBD II (California ARB),OFF,OFF,0,0,0,1st,OFF,OFF,OFF,OFF,OFF,OFF,0.781,-0.781,ON,OFF,950,0,OFF,OFF,OFF,ON,Gasoline,0.974,OFF,OFF,0.684,ON,0.938,16.078,14,0,0.801,0.801,2.383,0.801,0.918,2.031,47.843,0,16.078,22,0,0,OFF,ECT 5th,NA,OFF,97.878,97.900,16.078,0,Not Avl,0,0,0,0,ON,ON,0,0,0
110,0,14.001,Not Avl,Compl,Compl,Unable,OFF,Not Avl,Compl,Compl,Unable,OFF,55.469,36.719,31.875,33.125,19.531,39.551,15.686,31.765,0.781,1.582,ON,0,OFF,ON,ON,0.998,0.998,-0.027,-0.051,3.225,3.210,0,97,51199.219,13.750,25.490,OFF,OFF,OFF,OFF,OFF,OFF,OFF,Avail,Incmpl,Incmpl,Enable,Avail,470.300,130.400,470.700,130.400,ON,Avail,Compl,Enable,61,0,0,0,0,0,0,6,A,0,0,Avail,Incmpl,Incmpl,Enable,OFF,OFF,187,993.750,51199.219,51199.219,51199.219,51199.219,51199.219,51199.219,1GRFE ,0,Avail,Incmpl,Incmpl,Enable,0,OFF,OFF,OFF,OFF,ON,ON,Avail,Compl,Enable,Compl,CL,CL,Compl,Unable,Not Avl,Compl,Incmpl,Enable,OFF,80,15.500,548,ON,42.500,21.250,0.123,2661,15,21,-3,OFF,0,3.125,6.420,OFF,0,0,68,Avail,Compl,Enable,0,GRN2#  ,ON,0,Not Act,Not Act,0,0,0,0,21247.676,21247.676,Avail,Compl,Avail,Incmpl,Incmpl,Enable,OBD II (California ARB),OFF,OFF,0,0,0,1st,OFF,OFF,OFF,OFF,OFF,OFF,0.781,-0.781,ON,OFF,950,0,OFF,OFF,OFF,ON,Gasoline,0.974,OFF,OFF,0.684,ON,0.938,16.078,14,0,0.801,0.801,2.383,0.801,0.918,2.031,47.843,0,16.078,22,0,0,OFF,ECT 5th,NA,OFF,97.878,97.900,16.078,0,Not Avl,0,0,0,0,ON,ON,0,0,0
111,0,14.001,Not Avl,Compl,Compl,Unable,OFF,Not Avl,Compl,Compl,Unable,OFF,55.469,36.719,31.875,33.125,19.531,39.551,15.686,31.765,0.781,1.582,ON,0,OFF,ON,ON,0.998,0.998,-0.027,-0.051,3.225,3.210,0,97,51199.219,13.750,25.490,OFF,OFF,OFF,OFF,OFF,OFF,OFF,Avail,Incmpl,Incmpl,Enable,Avail,470.300,130.400,470.700,130.400,ON,Avail,Compl,Enable,61,0,0,0,0,0,0,6,A,0,0,Avail,Incmpl,Incmpl,Enable,OFF,OFF,187,993.750,51199.219,51199.219,51199.219,51199.219,51199.219,51199.219,1GRFE ,0,Avail,Incmpl,Incmpl,Enable,0,OFF,OFF,OFF,OFF,ON,ON,Avail,Compl,Enable,Compl,CL,CL,Compl,Unable,Not Avl,Compl,Incmpl,Enable,OFF,80,15.500,548,ON,42.500,21.250,0.123,2661,15,21,-3,OFF,0,3.125,6.250,OFF,0,0,68,Avail,Compl,Enable,0,GRN2#  ,ON,0,Not Act,Not Act,0,0,0,0,21247.676,21247.676,Avail,Compl,Avail,Incmpl,Incmpl,Enable,OBD II (California ARB),OFF,OFF,0,0,0,1st,OFF,OFF,OFF,OFF,OFF,OFF,0.781,-0.781,ON,OFF,950,0,OFF,OFF,OFF,ON,Gasoline,0.974,OFF,OFF,0.684,ON,0.938,16.078,14,0,0.801,0.801,2.383,0.801,0.918,2.031,47.843,0,16.078,22,0,0,OFF,ECT 5th,NA,OFF,97.878,97.900,16.078,0,Not Avl,0,0,0,0,ON,ON,0,0,0
112,0,14.001,Not Avl,Compl,Compl,Unable,OFF,Not Avl,Compl,Compl,Unable,OFF,55.469,36.719,31.875,33.125,19.531,39.551,15.686,31.765,0.781,1.582,ON,0,OFF,ON,ON,0.998,0.998,-0.027,-0.051,3.225,3.210,0,97,51199.219,13.750,25.490,OFF,OFF,OFF,OFF,OFF,OFF,OFF,Avail,Incmpl,Incmpl,Enable,Avail,470.300,130.400,470.700,130.400,ON,Avail,Compl,Enable,61,0,0,0,0,0,0,6,A,0,0,Avail,Incmpl,Incmpl,Enable,OFF,OFF,187,993.750,51199.219,51199.219,51199.219,51199.219,51199.219,51199.219,1GRFE ,0,Avail,Incmpl,Incmpl,Enable,0,OFF,OFF,OFF,OFF,ON,ON,Avail,Compl,Enable,Compl,CL,CL,Compl,Unable,Not Avl,Compl,Incmpl,Enable,OFF,80,15.500,548,ON,42.500,21.250,0.123,2661,15,21,-3,OFF,0,3.125,6.250,OFF,0,0,68,Avail,Compl,Enable,0,GRN2#  ,ON,0,Not Act,Not Act,0,0,0,0,21247.676,21247.676,Avail,Compl,Avail,Incmpl,Incmpl,Enable,OBD II (California ARB),OFF,OFF,0,0,0,1st,OFF,OFF,OFF,OFF,OFF,OFF,0.781,-0.781,ON,OFF,950,0,OFF,OFF,OFF,ON,Gasoline,0.974,OFF,OFF,0.684,ON,0.938,16.078,14,0,0.801,0.801,2.383,0.801,0.918,2.031,47.843,0,16.078,22,0,0,OFF,ECT 5th,NA,OFF,97.878,97.900,16.078,0,Not Avl,0,0,0,0,ON,ON,0,0,0
113,0,14.001,Not Avl,Compl,Compl,Unable,OFF,Not Avl,Compl,Compl,Unable,OFF,55.469,36.719,31.875,33.125,19.531,39.551,15.686,31.765,0.781,1.582,ON,0,OFF,ON,ON,0.998,0.998,-0.027,-0.051,3.225,3.210,0,97,51199.219,13.750,25.490,OFF,OFF,OFF,OFF,OFF,OFF,OFF,Avail,Incmpl,Incmpl,Enable,Avail,470.300,130.400,470.700,130.400,ON,Avail,Compl,Enable,61,0,0,0,0,0,0,6,A,0,0,Avail,Incmpl,Incmpl,Enable,OFF,OFF,187,993.750,51199.219,51199.219,51199.219,51199.219,51199.219,51199.219,1GRFE ,0,Avail,Incmpl,Incmpl,Enable,0,OFF,OFF,OFF,OFF,ON,ON,Avail,Compl,Enable,Compl,CL,CL,Compl,Unable,Not Avl,Compl,Incmpl,Enable,OFF,80,15.500,548,ON,42.500,21.250,0.123,2661,15,21,-3,OFF,0,3.125,6.250,OFF,0,0,68,Avail,Compl,Enable,0,GRN2#  ,ON,0,Not Act,Not Act,0,0,0,0,21247.676,21247.676,Avail,Compl,Avail,Incmpl,Incmpl,Enable,OBD II (California ARB),OFF,OFF,0,0,0,1st,OFF,OFF,OFF,OFF,OFF,OFF,0.781,-0.781,ON,OFF,950,0,OFF,OFF,OFF,ON,Gasoline,0.974,OFF,OFF,0.684,ON,0.938,16.078,14,0,0.801,0.801,2.383,0.801,0.918,2.031,47.843,0,16.078,22,0,0,OFF,ECT 5th,NA,OFF,97.878,97.900,16.078,0,Not Avl,0,0,0,0,ON,ON,0,0,0
114,0,14.001,Not Avl,Compl,Compl,Unable,OFF,Not Avl,Compl,Compl,Unable,OFF,55.469,36.719,31.875,33.125,19.531,39.551,15.686,31.765,0.781,1.582,ON,0,OFF,ON,ON,0.998,0.998,-0.027,-0.051,3.225,3.210,0,97,51199.219,13.750,25.490,OFF,OFF,OFF,OFF,OFF,OFF,OFF,Avail,Incmpl,Incmpl,Enable,Avail,470.300,130.400,470.700,130.400,ON,Avail,Compl,Enable,61,0,0,0,0,0,0,6,A,0,0,Avail,Incmpl,Incmpl,Enable,OFF,OFF,187,993.750,51199.219,51199.219,51199.219,51199.219,51199.219,51199.219,1GRFE ,0,Avail,Incmpl,Incmpl,Enable,0,OFF,OFF,OFF,OFF,ON,ON,Avail,Compl,Enable,Compl,CL,CL,Compl,Unable,Not Avl,Compl,Incmpl,Enable,OFF,80,15.500,548,ON,42.500,21.250,0.123,2661,15,21,-3,OFF,0,3.125,6.250,OFF,0,0,68,Avail,Compl,Enable,0,GRN2#  ,ON,0,Not Act,Not Act,0,0,0,0,21247.676,21247.676,Avail,Compl,Avail,Incmpl,Incmpl,Enable,OBD II (California ARB),OFF,OFF,0,0,0,1st,OFF,OFF,OFF,OFF,OFF,OFF,0.781,-0.781,ON,OFF,950,0,OFF,OFF,OFF,ON,Gasoline,0.974,OFF,OFF,0.684,ON,0.938,16.078,14,0,0.801,0.801,2.383,0.801,0.918,2.031,47.843,0,16.078,22,0,0,OFF,ECT 5th,NA,OFF,97.878,97.900,16.078,0,Not Avl,0,0,0,0,ON,ON,0,0,0
115,0,14.001,Not Avl,Compl,Compl,Unable,OFF,Not Avl,Compl,Compl,Unable,OFF,55.469,36.719,31.875,33.125,19.531,39.551,15.686,31.765,0.781,1.582,ON,0,OFF,ON,ON,0.998,0.998,-0.027,-0.051,3.225,3.210,0,97,51199.219,13.750,25.490,OFF,OFF,OFF,OFF,OFF,OFF,OFF,Avail,Incmpl,Incmpl,Enable,Avail,470.300,130.400,470.700,130.400,ON,Avail,Compl,Enable,61,0,0,0,0,0,0,6,A,0,0,Avail,Incmpl,Incmpl,Enable,OFF,OFF,187,993.750,51199.219,51199.219,51199.219,51199.219,51199.219,51199.219,1GRFE ,0,Avail,Incmpl,Incmpl,Enable,0,OFF,OFF,OFF,OFF,ON,ON,Avail,Compl,Enable,Compl,CL,CL,Compl,Unable,Not Avl,Compl,Incmpl,Enable,OFF,80,15.500,548,ON,42.500,21.250,0.123,2661,15,21,-3,OFF,0,3.125,6.250,OFF,0,0,53,Avail,Compl,Enable,0,GRN2#  ,ON,0,Not Act,Not Act,0,0,0,0,21247.676,21247.676,Avail,Compl,Avail,Incmpl,Incmpl,Enable,OBD II (California ARB),OFF,OFF,0,0,0,1st,OFF,OFF,OFF,OFF,OFF,OFF,0.781,-0.781,ON,OFF,950,0,OFF,OFF,OFF,ON,Gasoline,0.974,OFF,OFF,0.684,ON,0.938,16.078,14,0,0.801,0.801,2.383,0.801,0.918,2.031,47.843,0,16.078,22,0,0,OFF,ECT 5th,NA,OFF,97.878,97.900,16.078,0,Not Avl,0,0,0,0,ON,ON,0,0,0
116,0,14.001,Not Avl,Compl,Compl,Unable,OFF,Not Avl,Compl,Compl,Unable,OFF,55.469,36.719,31.875,33.125,19.531,39.551,15.686,31.765,0.781,1.582,ON,0,OFF,ON,ON,0.998,0.998,-0.027,-0.051,3.225,3.210,0,97,51199.219,13.750,25.490,OFF,OFF,OFF,OFF,OFF,OFF,OFF,Avail,Incmpl,Incmpl,Enable,Avail,470.300,130.400,470.700,130.400,ON,Avail,Compl,Enable,61,0,0,0,0,0,0,6,A,0,0,Avail,Incmpl,Incmpl,Enable,OFF,OFF,187,993.750,51199.219,51199.219,51199.219,51199.219,51199.219,51199.219,1GRFE ,0,Avail,Incmpl,Incmpl,Enable,0,OFF,OFF,OFF,OFF,ON,ON,Avail,Compl,Enable,Compl,CL,CL,Compl,Unable,Not Avl,Compl,Incmpl,Enable,OFF,80,15.500,548,ON,42.500,21.250,0.123,2661,15,21,-3,OFF,0,3.125,6.250,OFF,0,0,53,Avail,Compl,Enable,0,GRN2#  ,ON,0,Not Act,Not Act,0,0,0,0,21247.676,21247.676,Avail,Compl,Avail,Incmpl,Incmpl,Enable,OBD II (California ARB),OFF,OFF,0,0,0,1st,OFF,OFF,OFF,OFF,OFF,OFF,0.781,-0.781,ON,OFF,950,0,OFF,OFF,OFF,ON,Gasoline,0.974,OFF,OFF,0.684,ON,0.938,16.078,14,0,0.801,0.801,2.383,0.801,0.918,2.031,47.843,0,16.078,22,0,0,OFF,ECT 5th,NA,OFF,97.878,97.900,16.078,0,Not Avl,0,0,0,0,ON,ON,0,0,0
117,0,14.001,Not Avl,Compl,Compl,Unable,OFF,Not Avl,Compl,Compl,Unable,OFF,55.469,36.719,31.875,33.125,19.531,39.551,15.686,31.765,0.781,1.582,ON,0,OFF,ON,ON,0.998,0.998,-0.027,-0.051,3.225,3.210,0,97,51199.219,13.750,25.490,OFF,OFF,OFF,OFF,OFF,OFF,OFF,Avail,Incmpl,Incmpl,Enable,Avail,470.300,130.400,470.700,130.400,ON,Avail,Compl,Enable,61,0,0,0,0,0,0,6,A,0,0,Avail,Incmpl,Incmpl,Enable,OFF,OFF,187,993.750,51199.219,51199.219,51199.219,51199.219,51199.219,51199.219,1GRFE ,0,Avail,Incmpl,Incmpl,Enable,0,OFF,OFF,OFF,OFF,ON,ON,Avail,Compl,Enable,Compl,CL,CL,Compl,Unable,Not Avl,Compl,Incmpl,Enable,OFF,80,15.500,548,ON,42.500,21.250,0.123,2661,15,21,-3,OFF,0,3.125,6.250,OFF,0,0,53,Avail,Compl,Enable,0,GRN2#  ,ON,0,Not Act,Not Act,0,0,0,0,21247.676,21247.676,Avail,Compl,Avail,Incmpl,Incmpl,Enable,OBD II (California ARB),OFF,OFF,0,0,0,1st,OFF,OFF,OFF,OFF,OFF,OFF,0.781,-0.781,ON,OFF,950,0,OFF,OFF,OFF,ON,Gasoline,0.974,OFF,OFF,0.684,ON,0.938,16.078,14,0,0.801,0.801,2.383,0.801,0.918,2.031,47.843,0,16.078,22,0,0,OFF,ECT 5th,NA,OFF,97.878,97.900,16.078,0,Not Avl,0,0,0,0,ON,ON,0,0,0
118,0,14.001,Not Avl,Compl,Compl,Unable,OFF,Not Avl,Compl,Compl,Unable,OFF,55.469,36.719,31.875,33.125,19.531,39.551,15.686,31.765,0.781,1.582,ON,0,OFF,ON,ON,0.998,0.998,-0.027,-0.051,3.225,3.210,0,97,51199.219,13.750,25.490,OFF,OFF,OFF,OFF,OFF,OFF,OFF,Avail,Incmpl,Incmpl,Enable,Avail,470.300,130.400,470.700,130.400,ON,Avail,Compl,Enable,61,0,0,0,0,0,0,6,A,0,0,Avail,Incmpl,Incmpl,Enable,OFF,OFF,187,993.750,51199.219,51199.219,51199.219,51199.219,51199.219,51199.219,1GRFE ,0,Avail,Incmpl,Incmpl,Enable,0,OFF,OFF,OFF,OFF,ON,ON,Avail,Compl,Enable,Compl,CL,CL,Compl,Unable,Not Avl,Compl,Incmpl,Enable,OFF,80,15.500,548,ON,42.500,21.250,0.123,2661,15,21,-3,OFF,0,3.125,6.250,OFF,0,0,53,Avail,Compl,Enable,0,GRN2#  ,ON,0,Not Act,Not Act,0,0,0,0,21247.676,21247.676,Avail,Compl,Avail,Incmpl,Incmpl,Enable,OBD II (California ARB),OFF,OFF,0,0,0,1st,OFF,OFF,OFF,OFF,OFF,OFF,0.781,-0.781,ON,OFF,950,0,OFF,OFF,OFF,ON,Gasoline,0.974,OFF,OFF,0.684,ON,0.938,16.078,14,0,0.801,0.801,2.383,0.801,0.918,2.031,47.843,0,16.078,22,0,0,OFF,ECT 5th,NA,OFF,97.878,97.900,16.078,0,Not Avl,0,0,0,0,ON,ON,0,0,0
119,0,14.001,Not Avl,Compl,Compl,Unable,OFF,Not Avl,Compl,Compl,Unable,OFF,55.469,36.719,31.875,33.125,19.531,39.551,15.686,31.765,0.781,1.582,ON,0,OFF,ON,ON,0.998,0.998,-0.027,-0.051,3.225,3.210,0,97,51199.219,13.750,25.490,OFF,OFF,OFF,OFF,OFF,OFF,OFF,Avail,Incmpl,Incmpl,Enable,Avail,470.300,130.400,470.700,130.400,ON,Avail,Compl,Enable,61,0,0,0,0,0,0,6,A,0,0,Avail,Incmpl,Incmpl,Enable,OFF,OFF,187,993.750,51199.219,51199.219,51199.219,51199.219,51199.219,51199.219,1GRFE ,0,Avail,Incmpl,Incmpl,Enable,0,OFF,OFF,OFF,OFF,ON,ON,Avail,Compl,Enable,Compl,CL,CL,Compl,Unable,Not Avl,Compl,Incmpl,Enable,OFF,80,15.500,548,ON,42.500,21.250,0.123,2661,15,21,-3,OFF,0,3.125,6.250,OFF,0,0,53,Avail,Compl,Enable,0,GRN2#  ,ON,0,Not Act,Not Act,0,0,0,0,21247.676,21247.676,Avail,Compl,Avail,Incmpl,Incmpl,Enable,OBD II (California ARB),OFF,OFF,0,0,0,1st,OFF,OFF,OFF,OFF,OFF,OFF,0.781,-0.781,ON,OFF,950,0,OFF,OFF,OFF,ON,Gasoline,0.974,OFF,OFF,0.684,ON,0.938,16.078,14,0,0.801,0.801,2.383,0.801,0.918,2.031,47.843,0,16.078,22,0,0,OFF,ECT 5th,NA,OFF,97.878,97.900,16.078,0,Not Avl,0,0,0,0,ON,ON,0,0,0
120,0,14.001,Not Avl,Compl,Compl,Unable,OFF,Not Avl,Compl,Compl,Unable,OFF,55.469,36.719,31.875,33.125,19.531,39.551,15.686,31.765,0.781,1.582,ON,0,OFF,ON,ON,0.998,0.998,-0.027,-0.051,3.225,3.210,0,97,51199.219,13.750,25.490,OFF,OFF,OFF,OFF,OFF,OFF,OFF,Avail,Incmpl,Incmpl,Enable,Avail,470.300,130.400,470.700,130.400,ON,Avail,Compl,Enable,61,0,0,0,0,0,0,6,A,0,0,Avail,Incmpl,Incmpl,Enable,OFF,OFF,187,993.750,51199.219,51199.219,51199.219,51199.219,51199.219,51199.219,1GRFE ,0,Avail,Incmpl,Incmpl,Enable,0,OFF,OFF,OFF,OFF,ON,ON,Avail,Compl,Enable,Compl,CL,CL,Compl,Unable,Not Avl,Compl,Incmpl,Enable,OFF,80,15.500,548,ON,42.500,21.250,0.123,2661,15,21,-3,OFF,0,3.125,6.250,OFF,0,0,53,Avail,Compl,Enable,0,GRN2#  ,ON,0,Not Act,Not Act,0,0,0,0,21247.676,21247.676,Avail,Compl,Avail,Incmpl,Incmpl,Enable,OBD II (California ARB),OFF,OFF,0,0,0,1st,OFF,OFF,OFF,OFF,OFF,OFF,0.781,-0.781,ON,OFF,950,0,OFF,OFF,OFF,ON,Gasoline,0.974,OFF,OFF,0.684,ON,0.938,16.078,14,0,0.801,0.801,2.383,0.801,0.918,2.031,47.843,0,16.078,22,0,0,OFF,ECT 5th,NA,OFF,97.878,97.900,16.078,0,Not Avl,0,0,0,0,ON,ON,0,0,0
121,0,14.001,Not Avl,Compl,Compl,Unable,OFF,Not Avl,Compl,Compl,Unable,OFF,55.469,36.719,31.875,33.125,19.531,39.551,15.686,31.765,0.781,1.582,ON,0,OFF,ON,ON,0.998,0.998,-0.027,-0.051,3.225,3.210,0,97,51199.219,13.750,25.490,OFF,OFF,OFF,OFF,OFF,OFF,OFF,Avail,Incmpl,Incmpl,Enable,Avail,470.300,130.400,470.700,130.400,ON,Avail,Compl,Enable,61,0,0,0,0,0,0,6,A,0,0,Avail,Incmpl,Incmpl,Enable,OFF,OFF,187,993.750,51199.219,51199.219,51199.219,51199.219,51199.219,51199.219,1GRFE ,0,Avail,Incmpl,Incmpl,Enable,0,OFF,OFF,OFF,OFF,ON,ON,Avail,Compl,Enable,Compl,CL,CL,Compl,Unable,Not Avl,Compl,Incmpl,Enable,OFF,80,15.500,548,ON,42.500,21.250,0.123,2661,15,21,-3,OFF,0,3.125,6.250,OFF,0,0,53,Avail,Compl,Enable,0,GRN2#  ,ON,0,Not Act,Not Act,0,0,0,0,21247.676,21247.676,Avail,Compl,Avail,Incmpl,Incmpl,Enable,OBD II (California ARB),OFF,OFF,0,0,0,1st,OFF,OFF,OFF,OFF,OFF,OFF,0.781,-0.781,ON,OFF,950,0,OFF,OFF,OFF,ON,Gasoline,0.974,OFF,OFF,0.684,ON,0.938,16.078,14,0,0.801,0.801,2.383,0.801,0.918,2.031,47.843,0,16.078,22,0,0,OFF,ECT 5th,NA,OFF,97.878,97.900,16.078,0,Not Avl,0,0,0,0,ON,ON,0,0,0
122,0,14.001,Not Avl,Compl,Compl,Unable,OFF,Not Avl,Compl,Compl,Unable,OFF,55.469,36.719,31.875,33.125,19.531,39.551,15.686,31.765,0.781,1.582,ON,0,OFF,ON,ON,0.998,0.998,-0.027,-0.051,3.225,3.210,0,97,51199.219,13.750,25.490,OFF,OFF,OFF,OFF,OFF,OFF,OFF,Avail,Incmpl,Incmpl,Enable,Avail,470.300,130.400,470.700,130.400,ON,Avail,Compl,Enable,61,0,0,0,0,0,0,6,A,0,0,Avail,Incmpl,Incmpl,Enable,OFF,OFF,187,993.750,51199.219,51199.219,51199.219,51199.219,51199.219,51199.219,1GRFE ,0,Avail,Incmpl,Incmpl,Enable,0,OFF,OFF,OFF,OFF,ON,ON,Avail,Compl,Enable,Compl,CL,CL,Compl,Unable,Not Avl,Compl,Incmpl,Enable,OFF,80,15.500,548,ON,42.500,21.250,0.123,2661,15,21,-3,OFF,0,3.125,6.250,OFF,0,0,53,Avail,Compl,Enable,0,GRN2#  ,ON,0,Not Act,Not Act,0,0,0,0,21247.676,21247.676,Avail,Compl,Avail,Incmpl,Incmpl,Enable,OBD II (California ARB),OFF,OFF,0,0,0,1st,OFF,OFF,OFF,OFF,OFF,OFF,0.781,-0.781,ON,OFF,950,0,OFF,OFF,OFF,ON,Gasoline,0.974,OFF,OFF,0.684,ON,0.938,16.078,14,0,0.801,0.801,2.383,0.801,0.918,2.031,47.843,0,16.078,22,0,0,OFF,ECT 5th,NA,OFF,97.878,97.900,16.078,0,Not Avl,0,0,0,0,ON,ON,0,0,0
123,0,14.001,Not Avl,Compl,Compl,Unable,OFF,Not Avl,Compl,Compl,Unable,OFF,55.469,36.719,31.875,33.125,19.531,39.551,15.686,31.765,0.781,1.582,ON,0,OFF,ON,ON,0.998,0.998,-0.027,-0.051,3.225,3.210,0,97,51199.219,13.750,25.490,OFF,OFF,OFF,OFF,OFF,OFF,OFF,Avail,Incmpl,Incmpl,Enable,Avail,470.300,130.400,470.700,130.400,ON,Avail,Compl,Enable,61,0,0,0,0,0,0,6,A,0,0,Avail,Incmpl,Incmpl,Enable,OFF,OFF,187,993.750,51199.219,51199.219,51199.219,51199.219,51199.219,51199.219,1GRFE ,0,Avail,Incmpl,Incmpl,Enable,0,OFF,OFF,OFF,OFF,ON,ON,Avail,Compl,Enable,Compl,CL,CL,Compl,Unable,Not Avl,Compl,Incmpl,Enable,OFF,80,15.500,548,ON,42.500,21.250,0.123,2661,15,21,-3,OFF,0,3.125,6.250,OFF,0,0,53,Avail,Compl,Enable,0,GRN2#  ,ON,0,Not Act,Not Act,0,0,0,0,21247.676,21247.676,Avail,Compl,Avail,Incmpl,Incmpl,Enable,OBD II (California ARB),OFF,OFF,0,0,0,1st,OFF,OFF,OFF,OFF,OFF,OFF,0.781,-0.781,ON,OFF,950,0,OFF,OFF,OFF,ON,Gasoline,0.974,OFF,OFF,0.684,ON,0.938,16.078,14,0,0.801,0.801,2.383,0.801,0.918,2.031,47.843,0,16.078,22,0,0,OFF,ECT 5th,NA,OFF,97.878,97.900,16.078,0,Not Avl,0,0,0,0,ON,ON,0,0,0
124,0,14.001,Not Avl,Compl,Compl,Unable,OFF,Not Avl,Compl,Compl,Unable,OFF,55.469,36.719,31.875,33.125,19.531,39.551,15.686,31.765,0.781,1.582,ON,0,OFF,ON,ON,0.998,0.998,-0.027,-0.051,3.225,3.210,0,97,51199.219,13.750,25.490,OFF,OFF,OFF,OFF,OFF,OFF,OFF,Avail,Incmpl,Incmpl,Enable,Avail,470.300,130.400,470.700,130.400,ON,Avail,Compl,Enable,61,0,0,0,0,0,0,6,A,0,0,Avail,Incmpl,Incmpl,Enable,OFF,OFF,187,993.750,51199.219,51199.219,51199.219,51199.219,51199.219,51199.219,1GRFE ,0,Avail,Incmpl,Incmpl,Enable,0,OFF,OFF,OFF,OFF,ON,ON,Avail,Compl,Enable,Compl,CL,CL,Compl,Unable,Not Avl,Compl,Incmpl,Enable,OFF,80,15.500,548,ON,42.500,21.250,0.123,2661,15,21,-3,OFF,0,3.125,6.250,OFF,0,0,53,Avail,Compl,Enable,0,GRN2#  ,ON,0,Not Act,Not Act,0,0,0,0,21247.676,21247.676,Avail,Compl,Avail,Incmpl,Incmpl,Enable,OBD II (California ARB),OFF,OFF,0,0,0,1st,OFF,OFF,OFF,OFF,OFF,OFF,0.781,-0.781,ON,OFF,950,0,OFF,OFF,OFF,ON,Gasoline,0.974,OFF,OFF,0.684,ON,0.938,16.078,14,0,0.801,0.801,2.383,0.801,0.918,2.031,47.843,0,16.078,22,0,0,OFF,ECT 5th,NA,OFF,97.878,97.900,16.078,0,Not Avl,0,0,0,0,ON,ON,0,0,0
125,0,14.001,Not Avl,Compl,Compl,Unable,OFF,Not Avl,Compl,Compl,Unable,OFF,55.469,36.719,31.875,33.125,19.531,39.551,15.686,31.765,0.781,1.582,ON,0,OFF,ON,ON,0.998,0.998,-0.027,-0.051,3.225,3.210,0,97,51199.219,13.750,25.490,OFF,OFF,OFF,OFF,OFF,OFF,OFF,Avail,Incmpl,Incmpl,Enable,Avail,470.300,130.400,470.700,130.400,ON,Avail,Compl,Enable,61,0,0,0,0,0,0,6,A,0,0,Avail,Incmpl,Incmpl,Enable,OFF,OFF,187,993.750,51199.219,51199.219,51199.219,51199.219,51199.219,51199.219,1GRFE ,0,Avail,Incmpl,Incmpl,Enable,0,OFF,OFF,OFF,OFF,ON,ON,Avail,Compl,Enable,Compl,CL,CL,Compl,Unable,Not Avl,Compl,Incmpl,Enable,OFF,80,15.500,548,ON,42.500,21.250,0.123,2661,15,21,-3,OFF,0,3.125,6.250,OFF,0,0,53,Avail,Compl,Enable,0,GRN2#  ,ON,0,Not Act,Not Act,0,0,0,0,21247.676,21247.676,Avail,Compl,Avail,Incmpl,Incmpl,Enable,OBD II (California ARB),OFF,OFF,0,0,0,1st,OFF,OFF,OFF,OFF,OFF,OFF,0.781,-0.781,ON,OFF,950,0,OFF,OFF,OFF,ON,Gasoline,0.974,OFF,OFF,0.684,ON,0.938,16.078,14,0,0.801,0.801,2.383,0.801,0.918,2.031,47.843,0,16.078,22,0,0,OFF,ECT 5th,NA,OFF,97.878,97.900,16.078,0,Not Avl,0,0,0,0,ON,ON,0,0,0
126,0,14.001,Not Avl,Compl,Compl,Unable,OFF,Not Avl,Compl,Compl,Unable,OFF,55.469,36.719,31.875,33.125,19.531,39.551,15.686,31.765,0.781,1.582,ON,0,OFF,ON,ON,0.998,0.998,-0.027,-0.051,3.225,3.210,0,97,51199.219,13.750,25.490,OFF,OFF,OFF,OFF,OFF,OFF,OFF,Avail,Incmpl,Incmpl,Enable,Avail,470.300,130.400,470.700,130.400,ON,Avail,Compl,Enable,61,0,0,0,0,0,0,6,A,0,0,Avail,Incmpl,Incmpl,Enable,OFF,OFF,187,993.750,51199.219,51199.219,51199.219,51199.219,51199.219,51199.219,1GRFE ,0,Avail,Incmpl,Incmpl,Enable,0,OFF,OFF,OFF,OFF,ON,ON,Avail,Compl,Enable,Compl,CL,CL,Compl,Unable,Not Avl,Compl,Incmpl,Enable,OFF,80,15.500,548,ON,42.500,21.250,0.123,2661,15,21,-3,OFF,0,3.125,6.250,OFF,0,0,53,Avail,Compl,Enable,0,GRN2#  ,ON,0,Not Act,Not Act,0,0,0,0,21247.676,21247.676,Avail,Compl,Avail,Incmpl,Incmpl,Enable,OBD II (California ARB),OFF,OFF,0,0,0,1st,OFF,OFF,OFF,OFF,OFF,OFF,0.781,-0.781,ON,OFF,950,0,OFF,OFF,OFF,ON,Gasoline,0.974,OFF,OFF,0.684,ON,0.938,16.078,14,0,0.801,0.801,2.383,0.801,0.918,2.031,47.843,0,16.078,22,0,0,OFF,ECT 5th,NA,OFF,97.878,97.900,16.078,0,Not Avl,0,0,0,0,ON,ON,0,0,0
127,0,14.001,Not Avl,Compl,Compl,Unable,OFF,Not Avl,Compl,Compl,Unable,OFF,55.469,36.719,31.875,33.125,19.531,39.551,15.686,31.765,0.781,1.582,ON,0,OFF,ON,ON,0.998,0.998,-0.027,-0.051,3.225,3.210,0,97,51199.219,13.750,25.490,OFF,OFF,OFF,OFF,OFF,OFF,OFF,Avail,Incmpl,Incmpl,Enable,Avail,470.300,130.400,470.700,130.400,ON,Avail,Compl,Enable,61,0,0,0,0,0,0,6,A,0,0,Avail,Incmpl,Incmpl,Enable,OFF,OFF,187,993.750,51199.219,51199.219,51199.219,51199.219,51199.219,51199.219,1GRFE ,0,Avail,Incmpl,Incmpl,Enable,0,OFF,OFF,OFF,OFF,ON,ON,Avail,Compl,Enable,Compl,CL,CL,Compl,Unable,Not Avl,Compl,Incmpl,Enable,OFF,80,15.500,548,ON,42.500,21.250,0.123,2661,15,21,-3,OFF,0,3.125,6.250,OFF,0,0,53,Avail,Compl,Enable,0,GRN2#  ,ON,0,Not Act,Not Act,0,0,0,0,21247.676,21247.676,Avail,Compl,Avail,Incmpl,Incmpl,Enable,OBD II (California ARB),OFF,OFF,0,0,0,1st,OFF,OFF,OFF,OFF,OFF,OFF,0.781,-0.781,ON,OFF,950,0,OFF,OFF,OFF,ON,Gasoline,0.974,OFF,OFF,0.684,ON,0.938,16.078,14,0,0.801,0.801,2.383,0.801,0.918,2.031,47.843,0,16.078,22,0,0,OFF,ECT 5th,NA,OFF,97.878,97.900,16.078,0,Not Avl,0,0,0,0,ON,ON,0,0,0
128,0,14.001,Not Avl,Compl,Compl,Unable,OFF,Not Avl,Compl,Compl,Unable,OFF,55.469,36.719,31.875,33.125,19.531,39.551,15.686,31.765,0.781,1.582,ON,0,OFF,ON,ON,0.998,0.998,-0.027,-0.051,3.225,3.210,0,97,51199.219,13.750,25.490,OFF,OFF,OFF,OFF,OFF,OFF,OFF,Avail,Incmpl,Incmpl,Enable,Avail,470.300,130.400,470.700,130.400,ON,Avail,Compl,Enable,61,0,0,0,0,0,0,6,A,0,0,Avail,Incmpl,Incmpl,Enable,OFF,OFF,187,993.750,51199.219,51199.219,51199.219,51199.219,51199.219,51199.219,1GRFE ,0,Avail,Incmpl,Incmpl,Enable,0,OFF,OFF,OFF,OFF,ON,ON,Avail,Compl,Enable,Compl,CL,CL,Compl,Unable,Not Avl,Compl,Incmpl,Enable,OFF,80,15.500,548,ON,42.500,21.250,0.123,2661,15,21,-3,OFF,0,3.125,6.250,OFF,0,0,53,Avail,Compl,Enable,0,GRN2#  ,ON,0,Not Act,Not Act,0,0,0,0,21247.676,21247.676,Avail,Compl,Avail,Incmpl,Incmpl,Enable,OBD II (California ARB),OFF,OFF,0,0,0,1st,OFF,OFF,OFF,OFF,OFF,OFF,0.781,-0.781,ON,OFF,950,0,OFF,OFF,OFF,ON,Gasoline,0.974,OFF,OFF,0.684,ON,0.938,16.078,14,0,0.801,0.801,2.383,0.801,0.918,2.031,47.843,0,16.078,22,0,0,OFF,ECT 5th,NA,OFF,97.878,97.900,16.078,0,Not Avl,0,0,0,0,ON,ON,0,0,0
129,0,14.001,Not Avl,Compl,Compl,Unable,OFF,Not Avl,Compl,Compl,Unable,OFF,55.469,36.719,31.875,33.125,19.531,39.551,15.686,31.765,0.781,1.582,ON,0,OFF,ON,ON,0.998,0.998,-0.027,-0.051,3.225,3.210,0,97,51199.219,13.750,25.490,OFF,OFF,OFF,OFF,OFF,OFF,OFF,Avail,Incmpl,Incmpl,Enable,Avail,470.300,130.400,470.700,130.400,ON,Avail,Compl,Enable,61,0,0,0,0,0,0,6,A,0,0,Avail,Incmpl,Incmpl,Enable,OFF,OFF,187,993.750,51199.219,51199.219,51199.219,51199.219,51199.219,51199.219,1GRFE ,0,Avail,Incmpl,Incmpl,Enable,0,OFF,OFF,OFF,OFF,ON,ON,Avail,Compl,Enable,Compl,CL,CL,Compl,Unable,Not Avl,Compl,Incmpl,Enable,OFF,80,15.500,548,ON,42.500,21.250,0.123,2661,15,21,-3,OFF,0,3.125,6.250,OFF,0,0,53,Avail,Compl,Enable,0,GRN2#  ,ON,0,Not Act,Not Act,0,0,0,0,21247.676,21247.676,Avail,Compl,Avail,Incmpl,Incmpl,Enable,OBD II (California ARB),OFF,OFF,0,0,0,1st,OFF,OFF,OFF,OFF,OFF,OFF,0.781,-0.781,ON,OFF,950,0,OFF,OFF,OFF,ON,Gasoline,0.974,OFF,OFF,0.684,ON,0.938,16.078,14,0,0.801,0.801,2.383,0.801,0.918,2.031,47.843,0,16.078,22,0,0,OFF,ECT 5th,NA,OFF,97.878,97.900,16.078,0,Not Avl,0,0,0,0,ON,ON,0,0,0
130,0,14.001,Not Avl,Compl,Compl,Unable,OFF,Not Avl,Compl,Compl,Unable,OFF,55.469,36.719,31.875,33.125,19.531,39.551,15.686,31.765,0.781,1.582,ON,0,OFF,ON,ON,0.998,0.998,-0.027,-0.051,3.225,3.210,0,97,51199.219,13.750,25.490,OFF,OFF,OFF,OFF,OFF,OFF,OFF,Avail,Incmpl,Incmpl,Enable,Avail,470.300,130.400,470.700,130.400,ON,Avail,Compl,Enable,61,0,0,0,0,0,0,6,A,0,0,Avail,Incmpl,Incmpl,Enable,OFF,OFF,187,993.750,51199.219,51199.219,51199.219,51199.219,51199.219,51199.219,1GRFE ,0,Avail,Incmpl,Incmpl,Enable,0,OFF,OFF,OFF,OFF,ON,ON,Avail,Compl,Enable,Compl,CL,CL,Compl,Unable,Not Avl,Compl,Incmpl,Enable,OFF,80,15.500,548,ON,42.500,21.250,0.123,2661,15,21,-3,OFF,0,3.125,6.250,OFF,0,0,53,Avail,Compl,Enable,0,GRN2#  ,ON,0,Not Act,Not Act,0,0,0,0,21247.676,21247.676,Avail,Compl,Avail,Incmpl,Incmpl,Enable,OBD II (California ARB),OFF,OFF,0,0,0,1st,OFF,OFF,OFF,OFF,OFF,OFF,0.781,-0.781,ON,OFF,950,0,OFF,OFF,OFF,ON,Gasoline,0.974,OFF,OFF,0.684,ON,0.938,16.078,14,0,0.801,0.801,2.383,0.801,0.918,2.031,47.843,0,16.078,22,0,0,OFF,ECT 5th,NA,OFF,97.878,97.900,16.078,0,Not Avl,0,0,0,0,ON,ON,0,0,0
131,0,14.001,Not Avl,Compl,Compl,Unable,OFF,Not Avl,Compl,Compl,Unable,OFF,55.469,36.719,31.875,33.125,19.531,39.551,15.686,31.765,0.781,1.582,ON,0,OFF,ON,ON,0.998,0.998,-0.027,-0.051,3.225,3.210,0,97,51199.219,13.750,25.490,OFF,OFF,OFF,OFF,OFF,OFF,OFF,Avail,Incmpl,Incmpl,Enable,Avail,470.300,130.400,470.700,130.400,ON,Avail,Compl,Enable,61,0,0,0,0,0,0,6,A,0,0,Avail,Incmpl,Incmpl,Enable,OFF,OFF,187,993.750,51199.219,51199.219,51199.219,51199.219,51199.219,51199.219,1GRFE ,0,Avail,Incmpl,Incmpl,Enable,0,OFF,OFF,OFF,OFF,ON,ON,Avail,Compl,Enable,Compl,CL,CL,Compl,Unable,Not Avl,Compl,Incmpl,Enable,OFF,80,15.500,548,ON,42.500,21.250,0.123,2661,15,21,-3,OFF,0,3.125,6.250,OFF,0,0,53,Avail,Compl,Enable,0,GRN2#  ,ON,0,Not Act,Not Act,0,0,0,0,21247.676,21247.676,Avail,Compl,Avail,Incmpl,Incmpl,Enable,OBD II (California ARB),OFF,OFF,0,0,0,1st,OFF,OFF,OFF,OFF,OFF,OFF,0.781,-0.781,ON,OFF,950,0,OFF,OFF,OFF,ON,Gasoline,0.974,OFF,OFF,0.684,ON,0.938,16.078,14,0,0.801,0.801,2.383,0.801,0.918,2.031,47.843,0,16.078,22,0,0,OFF,ECT 5th,NA,OFF,97.878,97.900,16.078,0,Not Avl,0,0,0,0,ON,ON,0,0,0
132,0,14.001,Not Avl,Compl,Compl,Unable,OFF,Not Avl,Compl,Compl,Unable,OFF,55.469,36.719,31.875,33.125,19.531,39.551,15.686,31.765,0.781,1.582,ON,0,OFF,ON,ON,0.998,0.998,-0.027,-0.051,3.225,3.210,0,97,51199.219,13.750,25.490,OFF,OFF,OFF,OFF,OFF,OFF,OFF,Avail,Incmpl,Incmpl,Enable,Avail,470.300,130.400,470.700,130.400,ON,Avail,Compl,Enable,61,0,0,0,0,0,0,6,A,0,0,Avail,Incmpl,Incmpl,Enable,OFF,OFF,187,993.750,51199.219,51199.219,51199.219,51199.219,51199.219,51199.219,1GRFE ,0,Avail,Incmpl,Incmpl,Enable,0,OFF,OFF,OFF,OFF,ON,ON,Avail,Compl,Enable,Compl,CL,CL,Compl,Unable,Not Avl,Compl,Incmpl,Enable,OFF,80,15.500,548,ON,42.500,21.250,0.123,2661,15,21,-3,OFF,0,3.125,6.250,OFF,0,0,53,Avail,Compl,Enable,0,GRN2#  ,ON,0,Not Act,Not Act,0,0,0,0,21247.676,21247.676,Avail,Compl,Avail,Incmpl,Incmpl,Enable,OBD II (California ARB),OFF,OFF,0,0,0,1st,OFF,OFF,OFF,OFF,OFF,OFF,0.781,-0.781,ON,OFF,950,0,OFF,OFF,OFF,ON,Gasoline,0.974,OFF,OFF,0.684,ON,0.938,16.078,14,0,0.801,0.801,2.383,0.801,0.918,2.031,47.843,0,16.078,22,0,0,OFF,ECT 5th,NA,OFF,97.878,97.900,16.078,0,Not Avl,0,0,0,0,ON,ON,0,0,0
133,0,14.001,Not Avl,Compl,Compl,Unable,OFF,Not Avl,Compl,Compl,Unable,OFF,55.469,36.719,31.875,33.125,19.531,39.551,15.686,31.765,0.781,1.582,ON,0,OFF,ON,ON,0.998,0.998,-0.027,-0.051,3.225,3.210,0,97,51199.219,13.750,25.490,OFF,OFF,OFF,OFF,OFF,OFF,OFF,Avail,Incmpl,Incmpl,Enable,Avail,470.300,130.400,470.700,130.400,ON,Avail,Compl,Enable,61,0,0,0,0,0,0,6,A,0,0,Avail,Incmpl,Incmpl,Enable,OFF,OFF,187,993.750,51199.219,51199.219,51199.219,51199.219,51199.219,51199.219,1GRFE ,0,Avail,Incmpl,Incmpl,Enable,0,OFF,OFF,OFF,OFF,ON,ON,Avail,Compl,Enable,Compl,CL,CL,Compl,Unable,Not Avl,Compl,Incmpl,Enable,OFF,80,15.500,548,ON,42.500,21.250,0.123,2661,15,21,-3,OFF,0,3.125,6.250,OFF,0,0,53,Avail,Compl,Enable,0,GRN2#  ,ON,0,Not Act,Not Act,0,0,0,0,21247.676,21247.676,Avail,Compl,Avail,Incmpl,Incmpl,Enable,OBD II (California ARB),OFF,OFF,0,0,0,1st,OFF,OFF,OFF,OFF,OFF,OFF,0.781,-0.781,ON,OFF,950,0,OFF,OFF,OFF,ON,Gasoline,0.974,OFF,OFF,0.684,ON,0.938,16.078,14,0,0.801,0.801,2.383,0.801,0.918,2.031,47.843,0,16.078,22,0,0,OFF,ECT 5th,NA,OFF,97.878,97.900,16.078,0,Not Avl,0,0,0,0,ON,ON,0,0,0
134,0,14.001,Not Avl,Compl,Compl,Unable,OFF,Not Avl,Compl,Compl,Unable,OFF,55.469,36.719,31.875,33.125,19.531,39.551,15.686,31.765,0.781,1.582,ON,0,OFF,ON,ON,0.998,0.998,-0.027,-0.051,3.225,3.210,0,97,51199.219,13.750,25.490,OFF,OFF,OFF,OFF,OFF,OFF,OFF,Avail,Incmpl,Incmpl,Enable,Avail,470.300,130.400,470.700,130.400,ON,Avail,Compl,Enable,61,0,0,0,0,0,0,6,A,0,0,Avail,Incmpl,Incmpl,Enable,OFF,OFF,187,993.750,51199.219,51199.219,51199.219,51199.219,51199.219,51199.219,1GRFE ,0,Avail,Incmpl,Incmpl,Enable,0,OFF,OFF,OFF,OFF,ON,ON,Avail,Compl,Enable,Compl,CL,CL,Compl,Unable,Not Avl,Compl,Incmpl,Enable,OFF,80,15.500,548,ON,42.500,21.250,0.123,2661,15,21,-3,OFF,0,3.125,6.250,OFF,0,0,53,Avail,Compl,Enable,0,GRN2#  ,ON,0,Not Act,Not Act,0,0,0,0,21247.676,21247.676,Avail,Compl,Avail,Incmpl,Incmpl,Enable,OBD II (California ARB),OFF,OFF,0,0,0,1st,OFF,OFF,OFF,OFF,OFF,OFF,0.781,-0.781,ON,OFF,950,0,OFF,OFF,OFF,ON,Gasoline,0.974,OFF,OFF,0.684,ON,0.938,16.078,14,0,0.801,0.801,2.383,0.801,0.918,2.031,47.843,0,16.078,22,0,0,OFF,ECT 5th,NA,OFF,97.878,97.900,16.078,0,Not Avl,0,0,0,0,ON,ON,0,0,0
135,0,14.001,Not Avl,Compl,Compl,Unable,OFF,Not Avl,Compl,Compl,Unable,OFF,55.469,36.719,31.875,33.125,19.531,39.551,15.686,31.765,0.781,1.582,ON,0,OFF,ON,ON,0.998,0.998,-0.027,-0.051,3.225,3.210,0,97,51199.219,13.750,25.490,OFF,OFF,OFF,OFF,OFF,OFF,OFF,Avail,Incmpl,Incmpl,Enable,Avail,470.300,130.400,470.700,130.400,ON,Avail,Compl,Enable,61,0,0,0,0,0,0,6,A,0,0,Avail,Incmpl,Incmpl,Enable,OFF,OFF,187,993.750,51199.219,51199.219,51199.219,51199.219,51199.219,51199.219,1GRFE ,0,Avail,Incmpl,Incmpl,Enable,0,OFF,OFF,OFF,OFF,ON,ON,Avail,Compl,Enable,Compl,CL,CL,Compl,Unable,Not Avl,Compl,Incmpl,Enable,OFF,80,15.500,548,ON,42.500,21.250,0.123,2661,15,21,-3,OFF,0,3.125,6.250,OFF,0,0,53,Avail,Compl,Enable,0,GRN2#  ,ON,0,Not Act,Not Act,0,0,0,0,21247.676,21247.676,Avail,Compl,Avail,Incmpl,Incmpl,Enable,OBD II (California ARB),OFF,OFF,0,0,0,1st,OFF,OFF,OFF,OFF,OFF,OFF,0.781,-0.781,ON,OFF,950,0,OFF,OFF,OFF,ON,Gasoline,0.974,OFF,OFF,0.684,ON,0.938,16.078,14,0,0.801,0.801,2.383,0.801,0.918,2.031,47.843,0,16.078,22,0,0,OFF,ECT 5th,NA,OFF,97.878,97.900,16.078,0,Not Avl,0,0,0,0,ON,ON,0,0,0
136,0,14.001,Not Avl,Compl,Compl,Unable,OFF,Not Avl,Compl,Compl,Unable,OFF,55.469,36.719,31.875,33.125,19.531,39.551,15.686,31.765,0.781,1.582,ON,0,OFF,ON,ON,0.998,0.998,-0.027,-0.051,3.225,3.210,0,97,51199.219,13.750,25.490,OFF,OFF,OFF,OFF,OFF,OFF,OFF,Avail,Incmpl,Incmpl,Enable,Avail,470.300,130.400,470.700,130.400,ON,Avail,Compl,Enable,61,0,0,0,0,0,0,6,A,0,0,Avail,Incmpl,Incmpl,Enable,OFF,OFF,187,993.750,51199.219,51199.219,51199.219,51199.219,51199.219,51199.219,1GRFE ,0,Avail,Incmpl,Incmpl,Enable,0,OFF,OFF,OFF,OFF,ON,ON,Avail,Compl,Enable,Compl,CL,CL,Compl,Unable,Not Avl,Compl,Incmpl,Enable,OFF,80,15.500,548,ON,42.500,21.250,0.123,2661,15,21,-3,OFF,0,3.125,6.250,OFF,0,0,53,Avail,Compl,Enable,0,GRN2#  ,ON,0,Not Act,Not Act,0,0,0,0,21247.676,21247.676,Avail,Compl,Avail,Incmpl,Incmpl,Enable,OBD II (California ARB),OFF,OFF,0,0,0,1st,OFF,OFF,OFF,OFF,OFF,OFF,0.781,-0.781,ON,OFF,950,0,OFF,OFF,OFF,ON,Gasoline,0.974,OFF,OFF,0.684,ON,0.938,16.078,14,0,0.801,0.801,2.383,0.801,0.918,2.031,47.843,0,16.078,22,0,0,OFF,ECT 5th,NA,OFF,97.878,97.900,16.078,0,Not Avl,0,0,0,0,ON,ON,0,0,0
137,0,14.001,Not Avl,Compl,Compl,Unable,OFF,Not Avl,Compl,Compl,Unable,OFF,55.469,36.719,31.875,33.125,19.531,39.551,15.686,31.765,0.781,1.582,ON,0,OFF,ON,ON,0.998,0.998,-0.027,-0.051,3.225,3.210,0,97,51199.219,13.750,25.490,OFF,OFF,OFF,OFF,OFF,OFF,OFF,Avail,Incmpl,Incmpl,Enable,Avail,470.300,130.400,470.700,130.400,ON,Avail,Compl,Enable,61,0,0,0,0,0,0,6,A,0,0,Avail,Incmpl,Incmpl,Enable,OFF,OFF,187,993.750,51199.219,51199.219,51199.219,51199.219,51199.219,51199.219,1GRFE ,0,Avail,Incmpl,Incmpl,Enable,0,OFF,OFF,OFF,OFF,ON,ON,Avail,Compl,Enable,Compl,CL,CL,Compl,Unable,Not Avl,Compl,Incmpl,Enable,OFF,80,15.500,548,ON,42.500,21.250,0.123,2661,15,21,-3,OFF,0,3.125,6.250,OFF,0,0,53,Avail,Compl,Enable,0,GRN2#  ,ON,0,Not Act,Not Act,0,0,0,0,21247.676,21247.676,Avail,Compl,Avail,Incmpl,Incmpl,Enable,OBD II (California ARB),OFF,OFF,0,0,0,1st,OFF,OFF,OFF,OFF,OFF,OFF,0.781,-0.781,ON,OFF,950,0,OFF,OFF,OFF,ON,Gasoline,0.974,OFF,OFF,0.684,ON,0.938,16.078,14,0,0.801,0.801,2.383,0.801,0.918,2.031,47.843,0,16.078,22,0,0,OFF,ECT 5th,NA,OFF,97.878,97.900,16.078,0,Not Avl,0,0,0,0,ON,ON,0,0,0
138,0,14.001,Not Avl,Compl,Compl,Unable,OFF,Not Avl,Compl,Compl,Unable,OFF,55.469,36.719,31.875,33.125,19.531,39.551,15.686,31.765,0.781,1.582,ON,0,OFF,ON,ON,0.998,0.998,-0.027,-0.051,3.225,3.210,0,97,51199.219,13.750,25.490,OFF,OFF,OFF,OFF,OFF,OFF,OFF,Avail,Incmpl,Incmpl,Enable,Avail,470.300,130.400,470.700,130.400,ON,Avail,Compl,Enable,61,0,0,0,0,0,0,6,A,0,0,Avail,Incmpl,Incmpl,Enable,OFF,OFF,187,993.750,51199.219,51199.219,51199.219,51199.219,51199.219,51199.219,1GRFE ,0,Avail,Incmpl,Incmpl,Enable,0,OFF,OFF,OFF,OFF,ON,ON,Avail,Compl,Enable,Compl,CL,CL,Compl,Unable,Not Avl,Compl,Incmpl,Enable,OFF,80,15.500,548,ON,42.500,21.250,0.123,2661,15,21,-3,OFF,0,3.125,6.250,OFF,0,0,53,Avail,Compl,Enable,0,GRN2#  ,ON,0,Not Act,Not Act,0,0,0,0,21247.676,21247.676,Avail,Compl,Avail,Incmpl,Incmpl,Enable,OBD II (California ARB),OFF,OFF,0,0,0,1st,OFF,OFF,OFF,OFF,OFF,OFF,0.781,-0.781,ON,OFF,950,0,OFF,OFF,OFF,ON,Gasoline,0.974,OFF,OFF,0.684,ON,0.938,16.078,14,0,0.801,0.801,2.383,0.801,0.918,2.031,47.843,0,16.078,22,0,0,OFF,ECT 5th,NA,OFF,97.878,97.900,16.078,0,Not Avl,0,0,0,0,ON,ON,0,0,0
139,0,14.001,Not Avl,Compl,Compl,Unable,OFF,Not Avl,Compl,Compl,Unable,OFF,55.469,36.719,31.875,33.125,19.531,39.551,15.686,31.765,0.781,1.582,ON,0,OFF,ON,ON,0.998,0.998,-0.027,-0.051,3.225,3.210,0,97,51199.219,13.750,25.490,OFF,OFF,OFF,OFF,OFF,OFF,OFF,Avail,Incmpl,Incmpl,Enable,Avail,470.300,130.400,470.700,130.400,ON,Avail,Compl,Enable,61,0,0,0,0,0,0,6,A,0,0,Avail,Incmpl,Incmpl,Enable,OFF,OFF,187,993.750,51199.219,51199.219,51199.219,51199.219,51199.219,51199.219,1GRFE ,0,Avail,Incmpl,Incmpl,Enable,0,OFF,OFF,OFF,OFF,ON,ON,Avail,Compl,Enable,Compl,CL,CL,Compl,Unable,Not Avl,Compl,Incmpl,Enable,OFF,80,15.500,548,ON,42.500,21.250,0.123,2661,15,21,-3,OFF,0,3.125,6.250,OFF,0,0,53,Avail,Compl,Enable,0,GRN2#  ,ON,0,Not Act,Not Act,0,0,0,0,21247.676,21247.676,Avail,Compl,Avail,Incmpl,Incmpl,Enable,OBD II (California ARB),OFF,OFF,0,0,0,1st,OFF,OFF,OFF,OFF,OFF,OFF,0.781,-0.781,ON,OFF,950,0,OFF,OFF,OFF,ON,Gasoline,0.974,OFF,OFF,0.684,ON,0.938,16.078,14,0,0.801,0.801,2.383,0.801,0.918,2.031,47.843,0,16.078,22,0,0,OFF,ECT 5th,NA,OFF,97.878,97.900,16.078,0,Not Avl,0,0,0,0,ON,ON,0,0,0
140,0,14.001,Not Avl,Compl,Compl,Unable,OFF,Not Avl,Compl,Compl,Unable,OFF,55.469,36.719,31.875,33.125,19.531,39.551,15.686,31.765,0.781,1.582,ON,0,OFF,ON,ON,0.998,0.998,-0.027,-0.051,3.225,3.210,0,97,51199.219,13.750,25.490,OFF,OFF,OFF,OFF,OFF,OFF,OFF,Avail,Incmpl,Incmpl,Enable,Avail,470.300,130.400,470.700,130.400,ON,Avail,Compl,Enable,61,0,0,0,0,0,0,6,A,0,0,Avail,Incmpl,Incmpl,Enable,OFF,OFF,187,993.750,51199.219,51199.219,51199.219,51199.219,51199.219,51199.219,1GRFE ,0,Avail,Incmpl,Incmpl,Enable,0,OFF,OFF,OFF,OFF,ON,ON,Avail,Compl,Enable,Compl,CL,CL,Compl,Unable,Not Avl,Compl,Incmpl,Enable,OFF,80,15.500,548,ON,42.500,21.250,0.123,2661,15,21,-3,OFF,0,3.125,6.250,OFF,0,0,53,Avail,Compl,Enable,0,GRN2#  ,ON,0,Not Act,Not Act,0,0,0,0,21247.676,21247.676,Avail,Compl,Avail,Incmpl,Incmpl,Enable,OBD II (California ARB),OFF,OFF,0,0,0,1st,OFF,OFF,OFF,OFF,OFF,OFF,0.781,-0.781,ON,OFF,950,0,OFF,OFF,OFF,ON,Gasoline,0.974,OFF,OFF,0.684,ON,0.938,16.078,14,0,0.801,0.801,2.383,0.801,0.918,2.031,47.843,0,16.078,22,0,0,OFF,ECT 5th,NA,OFF,97.878,97.900,16.078,0,Not Avl,0,0,0,0,ON,ON,0,0,0
141,0,14.001,Not Avl,Compl,Compl,Unable,OFF,Not Avl,Compl,Compl,Unable,OFF,55.469,36.719,31.875,33.125,19.531,39.551,15.686,31.765,0.781,1.582,ON,0,OFF,ON,ON,0.998,0.998,-0.027,-0.051,3.225,3.210,0,97,51199.219,13.750,25.490,OFF,OFF,OFF,OFF,OFF,OFF,OFF,Avail,Incmpl,Incmpl,Enable,Avail,470.300,130.400,470.700,130.400,ON,Avail,Compl,Enable,61,0,0,0,0,0,0,6,A,0,0,Avail,Incmpl,Incmpl,Enable,OFF,OFF,187,993.750,51199.219,51199.219,51199.219,51199.219,51199.219,51199.219,1GRFE ,0,Avail,Incmpl,Incmpl,Enable,0,OFF,OFF,OFF,OFF,ON,ON,Avail,Compl,Enable,Compl,CL,CL,Compl,Unable,Not Avl,Compl,Incmpl,Enable,OFF,80,15.500,548,ON,42.500,21.250,0.123,2661,15,21,-3,OFF,0,3.125,6.250,OFF,0,0,53,Avail,Compl,Enable,0,GRN2#  ,ON,0,Not Act,Not Act,0,0,0,0,21247.676,21247.676,Avail,Compl,Avail,Incmpl,Incmpl,Enable,OBD II (California ARB),OFF,OFF,0,0,0,1st,OFF,OFF,OFF,OFF,OFF,OFF,0.781,-0.781,ON,OFF,950,0,OFF,OFF,OFF,ON,Gasoline,0.974,OFF,OFF,0.684,ON,0.938,16.078,14,0,0.801,0.801,2.383,0.801,0.918,2.031,47.843,0,16.078,22,0,0,OFF,ECT 5th,NA,OFF,97.878,97.900,16.078,0,Not Avl,0,0,0,0,ON,ON,0,0,0
142,0,14.001,Not Avl,Compl,Compl,Unable,OFF,Not Avl,Compl,Compl,Unable,OFF,55.469,36.719,31.875,33.125,19.531,39.551,15.686,31.765,0.781,1.582,ON,0,OFF,ON,ON,0.998,0.998,-0.027,-0.051,3.225,3.210,0,97,51199.219,13.750,25.490,OFF,OFF,OFF,OFF,OFF,OFF,OFF,Avail,Incmpl,Incmpl,Enable,Avail,470.300,130.400,470.700,130.400,ON,Avail,Compl,Enable,61,0,0,0,0,0,0,6,A,0,0,Avail,Incmpl,Incmpl,Enable,OFF,OFF,187,993.750,51199.219,51199.219,51199.219,51199.219,51199.219,51199.219,1GRFE ,0,Avail,Incmpl,Incmpl,Enable,0,OFF,OFF,OFF,OFF,ON,ON,Avail,Compl,Enable,Compl,CL,CL,Compl,Unable,Not Avl,Compl,Incmpl,Enable,OFF,80,15.500,548,ON,42.500,21.250,0.123,2661,15,21,-3,OFF,0,3.125,6.250,OFF,0,0,53,Avail,Compl,Enable,0,GRN2#  ,ON,0,Not Act,Not Act,0,0,0,0,21247.676,21247.676,Avail,Compl,Avail,Incmpl,Incmpl,Enable,OBD II (California ARB),OFF,OFF,0,0,0,1st,OFF,OFF,OFF,OFF,OFF,OFF,0.781,-0.781,ON,OFF,950,0,OFF,OFF,OFF,ON,Gasoline,0.974,OFF,OFF,0.684,ON,0.938,16.078,14,0,0.801,0.801,2.383,0.801,0.918,2.031,47.843,0,16.078,22,0,0,OFF,ECT 5th,NA,OFF,97.878,97.900,16.078,0,Not Avl,0,0,0,0,ON,ON,0,0,0
143,0,14.001,Not Avl,Compl,Compl,Unable,OFF,Not Avl,Compl,Compl,Unable,OFF,55.469,36.719,31.875,33.125,19.531,39.551,15.686,31.765,0.781,1.582,ON,0,OFF,ON,ON,0.998,0.998,-0.027,-0.051,3.225,3.210,0,97,51199.219,13.750,25.490,OFF,OFF,OFF,OFF,OFF,OFF,OFF,Avail,Incmpl,Incmpl,Enable,Avail,470.300,130.400,470.700,130.400,ON,Avail,Compl,Enable,61,0,0,0,0,0,0,6,A,0,0,Avail,Incmpl,Incmpl,Enable,OFF,OFF,187,993.750,51199.219,51199.219,51199.219,51199.219,51199.219,51199.219,1GRFE ,0,Avail,Incmpl,Incmpl,Enable,0,OFF,OFF,OFF,OFF,ON,ON,Avail,Compl,Enable,Compl,CL,CL,Compl,Unable,Not Avl,Compl,Incmpl,Enable,OFF,80,15.500,548,ON,42.500,21.250,0.123,2661,15,21,-3,OFF,0,3.125,6.250,OFF,0,0,53,Avail,Compl,Enable,0,GRN2#  ,ON,0,Not Act,Not Act,0,0,0,0,21247.676,21247.676,Avail,Compl,Avail,Incmpl,Incmpl,Enable,OBD II (California ARB),OFF,OFF,0,0,0,1st,OFF,OFF,OFF,OFF,OFF,OFF,0.781,-0.781,ON,OFF,950,0,OFF,OFF,OFF,ON,Gasoline,0.974,OFF,OFF,0.684,ON,0.938,16.078,14,0,0.801,0.801,2.383,0.801,0.918,2.031,47.843,0,16.078,22,0,0,OFF,ECT 5th,NA,OFF,97.878,97.900,16.078,0,Not Avl,0,0,0,0,ON,ON,0,0,0
144,0,14.001,Not Avl,Compl,Compl,Unable,OFF,Not Avl,Compl,Compl,Unable,OFF,55.469,36.719,31.875,33.125,19.531,39.551,15.686,31.765,0.781,1.582,ON,0,OFF,ON,ON,0.998,0.998,-0.027,-0.051,3.225,3.210,0,97,51199.219,13.750,25.490,OFF,OFF,OFF,OFF,OFF,OFF,OFF,Avail,Incmpl,Incmpl,Enable,Avail,470.300,130.400,470.700,130.400,ON,Avail,Compl,Enable,61,0,0,0,0,0,0,6,A,0,0,Avail,Incmpl,Incmpl,Enable,OFF,OFF,187,993.750,51199.219,51199.219,51199.219,51199.219,51199.219,51199.219,1GRFE ,0,Avail,Incmpl,Incmpl,Enable,0,OFF,OFF,OFF,OFF,ON,ON,Avail,Compl,Enable,Compl,CL,CL,Compl,Unable,Not Avl,Compl,Incmpl,Enable,OFF,80,15.500,548,ON,42.500,21.250,0.123,2661,15,21,-3,OFF,0,3.125,6.250,OFF,0,0,53,Avail,Compl,Enable,0,GRN2#  ,ON,0,Not Act,Not Act,0,0,0,0,21247.676,21247.676,Avail,Compl,Avail,Incmpl,Incmpl,Enable,OBD II (California ARB),OFF,OFF,0,0,0,1st,OFF,OFF,OFF,OFF,OFF,OFF,0.781,-0.781,ON,OFF,950,0,OFF,OFF,OFF,ON,Gasoline,0.974,OFF,OFF,0.684,ON,0.938,16.078,14,0,0.801,0.801,2.383,0.801,0.918,2.031,47.843,0,16.078,22,0,0,OFF,ECT 5th,NA,OFF,97.878,97.900,16.078,0,Not Avl,0,0,0,0,ON,ON,0,0,0
145,0,14.001,Not Avl,Compl,Compl,Unable,OFF,Not Avl,Compl,Compl,Unable,OFF,55.469,36.719,31.875,33.125,19.531,39.551,15.686,31.765,0.781,1.582,ON,0,OFF,ON,ON,0.998,0.998,-0.027,-0.051,3.225,3.210,0,97,51199.219,13.750,25.490,OFF,OFF,OFF,OFF,OFF,OFF,OFF,Avail,Incmpl,Incmpl,Enable,Avail,470.300,130.400,470.700,130.400,ON,Avail,Compl,Enable,61,0,0,0,0,0,0,6,A,0,0,Avail,Incmpl,Incmpl,Enable,OFF,OFF,187,993.750,51199.219,51199.219,51199.219,51199.219,51199.219,51199.219,1GRFE ,0,Avail,Incmpl,Incmpl,Enable,0,OFF,OFF,OFF,OFF,ON,ON,Avail,Compl,Enable,Compl,CL,CL,Compl,Unable,Not Avl,Compl,Incmpl,Enable,OFF,80,15.500,548,ON,42.500,21.250,0.123,2661,15,21,-3,OFF,0,3.125,6.250,OFF,0,0,53,Avail,Compl,Enable,0,GRN2#  ,ON,0,Not Act,Not Act,0,0,0,0,21247.676,21247.676,Avail,Compl,Avail,Incmpl,Incmpl,Enable,OBD II (California ARB),OFF,OFF,0,0,0,1st,OFF,OFF,OFF,OFF,OFF,OFF,0.781,-0.781,ON,OFF,950,0,OFF,OFF,OFF,ON,Gasoline,0.974,OFF,OFF,0.684,ON,0.938,16.078,14,0,0.801,0.801,2.383,0.801,0.918,2.031,47.843,0,16.078,22,0,0,OFF,ECT 5th,NA,OFF,97.878,97.900,16.078,0,Not Avl,0,0,0,0,ON,ON,0,0,0
146,0,14.001,Not Avl,Compl,Compl,Unable,OFF,Not Avl,Compl,Compl,Unable,OFF,55.469,36.719,31.875,33.125,19.531,39.551,15.686,31.765,0.781,1.582,ON,0,OFF,ON,ON,0.998,0.998,-0.027,-0.051,3.225,3.210,0,97,51199.219,13.750,25.490,OFF,OFF,OFF,OFF,OFF,OFF,OFF,Avail,Incmpl,Incmpl,Enable,Avail,470.300,130.400,470.700,130.400,ON,Avail,Compl,Enable,61,0,0,0,0,0,0,6,A,0,0,Avail,Incmpl,Incmpl,Enable,OFF,OFF,187,993.750,51199.219,51199.219,51199.219,51199.219,51199.219,51199.219,1GRFE ,0,Avail,Incmpl,Incmpl,Enable,0,OFF,OFF,OFF,OFF,ON,ON,Avail,Compl,Enable,Compl,CL,CL,Compl,Unable,Not Avl,Compl,Incmpl,Enable,OFF,80,15.500,548,ON,42.500,21.250,0.123,2661,15,21,-3,OFF,0,3.125,6.250,OFF,0,0,53,Avail,Compl,Enable,0,GRN2#  ,ON,0,Not Act,Not Act,0,0,0,0,21247.676,21247.676,Avail,Compl,Avail,Incmpl,Incmpl,Enable,OBD II (California ARB),OFF,OFF,0,0,0,1st,OFF,OFF,OFF,OFF,OFF,OFF,0.781,-0.781,ON,OFF,950,0,OFF,OFF,OFF,ON,Gasoline,0.974,OFF,OFF,0.684,ON,0.938,16.078,14,0,0.801,0.801,2.383,0.801,0.918,2.031,47.843,0,16.078,22,0,0,OFF,ECT 5th,NA,OFF,97.878,97.900,16.078,0,Not Avl,0,0,0,0,ON,ON,0,0,0
147,0,14.001,Not Avl,Compl,Compl,Unable,OFF,Not Avl,Compl,Compl,Unable,OFF,55.469,36.719,31.875,33.125,19.531,39.551,15.686,31.765,0.781,1.582,ON,0,OFF,ON,ON,0.998,0.998,-0.027,-0.051,3.225,3.210,0,97,51199.219,13.750,25.490,OFF,OFF,OFF,OFF,OFF,OFF,OFF,Avail,Incmpl,Incmpl,Enable,Avail,470.300,130.400,470.700,130.400,ON,Avail,Compl,Enable,61,0,0,0,0,0,0,6,A,0,0,Avail,Incmpl,Incmpl,Enable,OFF,OFF,187,993.750,51199.219,51199.219,51199.219,51199.219,51199.219,51199.219,1GRFE ,0,Avail,Incmpl,Incmpl,Enable,0,OFF,OFF,OFF,OFF,ON,ON,Avail,Compl,Enable,Compl,CL,CL,Compl,Unable,Not Avl,Compl,Incmpl,Enable,OFF,80,15.500,548,ON,42.500,21.250,0.123,2661,15,21,-3,OFF,0,3.125,6.250,OFF,0,0,53,Avail,Compl,Enable,0,GRN2#  ,ON,0,Not Act,Not Act,0,0,0,0,21247.676,21247.676,Avail,Compl,Avail,Incmpl,Incmpl,Enable,OBD II (California ARB),OFF,OFF,0,0,0,1st,OFF,OFF,OFF,OFF,OFF,OFF,0.781,-0.781,ON,OFF,950,0,OFF,OFF,OFF,ON,Gasoline,0.974,OFF,OFF,0.684,ON,0.938,16.078,14,0,0.801,0.801,2.383,0.801,0.918,2.031,47.843,0,16.078,22,0,0,OFF,ECT 5th,NA,OFF,97.878,97.900,16.078,0,Not Avl,0,0,0,0,ON,ON,0,0,0
148,0,14.001,Not Avl,Compl,Compl,Unable,OFF,Not Avl,Compl,Compl,Unable,OFF,55.469,36.719,31.875,33.125,19.531,39.551,15.686,31.765,0.781,1.582,ON,0,OFF,ON,ON,0.998,0.998,-0.027,-0.051,3.225,3.210,0,97,51199.219,13.750,25.490,OFF,OFF,OFF,OFF,OFF,OFF,OFF,Avail,Incmpl,Incmpl,Enable,Avail,470.300,130.400,470.700,130.400,ON,Avail,Compl,Enable,61,0,0,0,0,0,0,6,A,0,0,Avail,Incmpl,Incmpl,Enable,OFF,OFF,187,993.750,51199.219,51199.219,51199.219,51199.219,51199.219,51199.219,1GRFE ,0,Avail,Incmpl,Incmpl,Enable,0,OFF,OFF,OFF,OFF,ON,ON,Avail,Compl,Enable,Compl,CL,CL,Compl,Unable,Not Avl,Compl,Incmpl,Enable,OFF,80,15.500,548,ON,42.500,21.250,0.123,2661,15,21,-3,OFF,0,3.125,6.250,OFF,0,0,53,Avail,Compl,Enable,0,GRN2#  ,ON,0,Not Act,Not Act,0,0,0,0,21247.676,21247.676,Avail,Compl,Avail,Incmpl,Incmpl,Enable,OBD II (California ARB),OFF,OFF,0,0,0,1st,OFF,OFF,OFF,OFF,OFF,OFF,0.781,-0.781,ON,OFF,950,0,OFF,OFF,OFF,ON,Gasoline,0.974,OFF,OFF,0.684,ON,0.938,16.078,14,0,0.801,0.801,2.383,0.801,0.918,2.031,47.843,0,16.078,22,0,0,OFF,ECT 5th,NA,OFF,97.878,97.900,16.078,0,Not Avl,0,0,0,0,ON,ON,0,0,0
149,0,14.001,Not Avl,Compl,Compl,Unable,OFF,Not Avl,Compl,Compl,Unable,OFF,55.469,36.719,31.875,33.125,19.531,39.551,15.686,31.765,0.781,1.582,ON,0,OFF,ON,ON,0.998,0.998,-0.027,-0.051,3.225,3.210,0,97,51199.219,13.750,25.490,OFF,OFF,OFF,OFF,OFF,OFF,OFF,Avail,Incmpl,Incmpl,Enable,Avail,470.300,130.400,470.700,130.400,ON,Avail,Compl,Enable,61,0,0,0,0,0,0,6,A,0,0,Avail,Incmpl,Incmpl,Enable,OFF,OFF,187,993.750,51199.219,51199.219,51199.219,51199.219,51199.219,51199.219,1GRFE ,0,Avail,Incmpl,Incmpl,Enable,0,OFF,OFF,OFF,OFF,ON,ON,Avail,Compl,Enable,Compl,CL,CL,Compl,Unable,Not Avl,Compl,Incmpl,Enable,OFF,80,15.500,548,ON,42.500,21.250,0.123,2661,15,21,-3,OFF,0,3.125,6.250,OFF,0,0,53,Avail,Compl,Enable,0,GRN2#  ,ON,0,Not Act,Not Act,0,0,0,0,21247.676,21247.676,Avail,Compl,Avail,Incmpl,Incmpl,Enable,OBD II (California ARB),OFF,OFF,0,0,0,1st,OFF,OFF,OFF,OFF,OFF,OFF,0.781,-0.781,ON,OFF,950,0,OFF,OFF,OFF,ON,Gasoline,0.974,OFF,OFF,0.684,ON,0.938,16.078,14,0,0.801,0.801,2.383,0.801,0.918,2.031,47.843,0,16.078,22,0,0,OFF,ECT 5th,NA,OFF,97.878,97.900,16.078,0,Not Avl,0,0,0,0,ON,ON,0,0,0
150,0,14.001,Not Avl,Compl,Compl,Unable,OFF,Not Avl,Compl,Compl,Unable,OFF,55.469,36.719,31.875,33.125,19.531,39.551,15.686,31.765,0.781,1.582,ON,0,OFF,ON,ON,0.998,0.998,-0.027,-0.051,3.225,3.210,0,97,51199.219,13.750,25.490,OFF,OFF,OFF,OFF,OFF,OFF,OFF,Avail,Incmpl,Incmpl,Enable,Avail,470.300,130.400,470.700,130.400,ON,Avail,Compl,Enable,61,0,0,0,0,0,0,6,A,0,0,Avail,Incmpl,Incmpl,Enable,OFF,OFF,187,993.750,51199.219,51199.219,51199.219,51199.219,51199.219,51199.219,1GRFE ,0,Avail,Incmpl,Incmpl,Enable,0,OFF,OFF,OFF,OFF,ON,ON,Avail,Compl,Enable,Compl,CL,CL,Compl,Unable,Not Avl,Compl,Incmpl,Enable,OFF,80,15.500,548,ON,42.500,21.250,0.123,2661,15,21,-3,OFF,0,3.125,6.250,OFF,0,0,53,Avail,Compl,Enable,0,GRN2#  ,ON,0,Not Act,Not Act,0,0,0,0,21247.676,21247.676,Avail,Compl,Avail,Incmpl,Incmpl,Enable,OBD II (California ARB),OFF,OFF,0,0,0,1st,OFF,OFF,OFF,OFF,OFF,OFF,1.562,-0.781,ON,OFF,950,0,OFF,OFF,OFF,ON,Gasoline,0.974,OFF,OFF,0.684,ON,0.938,16.078,14,0,0.801,0.801,2.383,0.801,0.918,2.031,47.843,0,16.078,22,0,0,OFF,ECT 5th,NA,OFF,97.878,97.900,16.078,0,Not Avl,0,0,0,0,ON,ON,0,0,0
151,0,14.001,Not Avl,Compl,Compl,Unable,OFF,Not Avl,Compl,Compl,Unable,OFF,55.469,36.719,31.875,33.125,19.531,39.551,15.686,31.765,0.781,1.582,ON,0,OFF,ON,ON,0.998,0.998,-0.027,-0.051,3.225,3.210,0,97,51199.219,13.750,25.490,OFF,OFF,OFF,OFF,OFF,OFF,OFF,Avail,Incmpl,Incmpl,Enable,Avail,470.300,130.400,470.700,130.400,ON,Avail,Compl,Enable,61,0,0,0,0,0,0,6,A,0,0,Avail,Incmpl,Incmpl,Enable,OFF,OFF,187,993.750,51199.219,51199.219,51199.219,51199.219,51199.219,51199.219,1GRFE ,0,Avail,Incmpl,Incmpl,Enable,0,OFF,OFF,OFF,OFF,ON,ON,Avail,Compl,Enable,Compl,CL,CL,Compl,Unable,Not Avl,Compl,Incmpl,Enable,OFF,80,15.500,548,ON,42.500,21.250,0.123,2661,15,21,-3,OFF,0,3.125,6.250,OFF,0,0,53,Avail,Compl,Enable,0,GRN2#  ,ON,0,Not Act,Not Act,0,0,0,0,21247.676,21247.676,Avail,Compl,Avail,Incmpl,Incmpl,Enable,OBD II (California ARB),OFF,OFF,0,0,0,1st,OFF,OFF,OFF,OFF,OFF,OFF,1.562,0,ON,OFF,950,0,OFF,OFF,OFF,ON,Gasoline,0.974,OFF,OFF,0.684,ON,0.938,16.078,14,0,0.801,0.801,2.383,0.801,0.918,2.031,47.843,0,16.078,22,0,0,OFF,ECT 5th,NA,OFF,97.878,97.900,16.078,0,Not Avl,0,0,0,0,ON,ON,0,0,0
152,0,14.001,Not Avl,Compl,Compl,Unable,OFF,Not Avl,Compl,Compl,Unable,OFF,55.469,36.719,31.875,33.125,19.531,39.551,15.686,31.765,0.781,1.582,ON,0,OFF,ON,ON,0.998,0.998,-0.027,-0.051,3.225,3.210,0,97,51199.219,13.750,25.490,OFF,OFF,OFF,OFF,OFF,OFF,OFF,Avail,Incmpl,Incmpl,Enable,Avail,470.300,130.400,470.700,130.400,ON,Avail,Compl,Enable,61,0,0,0,0,0,0,6,A,0,0,Avail,Incmpl,Incmpl,Enable,OFF,OFF,187,993.750,51199.219,51199.219,51199.219,51199.219,51199.219,51199.219,1GRFE ,0,Avail,Incmpl,Incmpl,Enable,0,OFF,OFF,OFF,OFF,ON,ON,Avail,Compl,Enable,Compl,CL,CL,Compl,Unable,Not Avl,Compl,Incmpl,Enable,OFF,80,15.500,548,ON,42.500,21.250,0.123,2661,15,21,-3,OFF,0,3.125,6.250,OFF,0,0,53,Avail,Compl,Enable,0,GRN2#  ,ON,0,Not Act,Not Act,0,0,0,0,21247.676,21247.676,Avail,Compl,Avail,Incmpl,Incmpl,Enable,OBD II (California ARB),OFF,OFF,0,0,0,1st,OFF,OFF,OFF,OFF,OFF,OFF,1.562,0,ON,OFF,950,0,OFF,OFF,OFF,ON,Gasoline,0.974,OFF,OFF,0.684,ON,0.938,16.078,14,0,0.801,0.801,2.383,0.801,0.918,2.031,47.843,0,16.078,22,0,0,OFF,ECT 5th,NA,OFF,97.878,97.900,16.078,0,Not Avl,0,0,0,0,ON,ON,0,0,0
153,0,14.001,Not Avl,Compl,Compl,Unable,OFF,Not Avl,Compl,Compl,Unable,OFF,55.469,36.719,31.875,33.125,19.531,39.551,15.686,31.765,0.781,1.582,ON,0,OFF,ON,ON,0.998,0.998,-0.027,-0.051,3.225,3.210,0,97,51199.219,13.750,25.490,OFF,OFF,OFF,OFF,OFF,OFF,OFF,Avail,Incmpl,Incmpl,Enable,Avail,470.300,130.400,470.700,130.400,ON,Avail,Compl,Enable,61,0,0,0,0,0,0,6,A,0,0,Avail,Incmpl,Incmpl,Enable,OFF,OFF,187,993.750,51199.219,51199.219,51199.219,51199.219,51199.219,51199.219,1GRFE ,0,Avail,Incmpl,Incmpl,Enable,0,OFF,OFF,OFF,OFF,ON,ON,Avail,Compl,Enable,Compl,CL,CL,Compl,Unable,Not Avl,Compl,Incmpl,Enable,OFF,80,15.500,548,ON,42.500,21.250,0.123,2661,15,21,-3,OFF,0,3.125,6.250,OFF,0,0,53,Avail,Compl,Enable,0,GRN2#  ,ON,0,Not Act,Not Act,0,0,0,0,21247.676,21247.676,Avail,Compl,Avail,Incmpl,Incmpl,Enable,OBD II (California ARB),OFF,OFF,0,0,0,1st,OFF,OFF,OFF,OFF,OFF,OFF,1.562,0,ON,OFF,950,0,OFF,OFF,OFF,ON,Gasoline,0.974,OFF,OFF,0.684,ON,0.938,16.078,14,0,0.801,0.801,2.383,0.801,0.918,2.031,47.843,0,16.078,22,0,0,OFF,ECT 5th,NA,OFF,97.878,97.900,16.078,0,Not Avl,0,0,0,0,ON,ON,0,0,0
154,0,14.001,Not Avl,Compl,Compl,Unable,OFF,Not Avl,Compl,Compl,Unable,OFF,55.469,36.719,31.875,33.125,19.531,39.551,15.686,31.765,0.781,1.582,ON,0,OFF,ON,ON,0.998,0.998,-0.027,-0.051,3.225,3.210,0,97,51199.219,13.750,25.490,OFF,OFF,OFF,OFF,OFF,OFF,OFF,Avail,Incmpl,Incmpl,Enable,Avail,470.300,130.400,470.700,130.400,ON,Avail,Compl,Enable,61,0,0,0,0,0,0,6,A,0,0,Avail,Incmpl,Incmpl,Enable,OFF,OFF,187,993.750,51199.219,51199.219,51199.219,51199.219,51199.219,51199.219,1GRFE ,0,Avail,Incmpl,Incmpl,Enable,0,OFF,OFF,OFF,OFF,ON,ON,Avail,Compl,Enable,Compl,CL,CL,Compl,Unable,Not Avl,Compl,Incmpl,Enable,OFF,80,15.500,548,ON,42.500,21.250,0.123,2661,15,21,-3,OFF,0,3.125,6.250,OFF,0,0,53,Avail,Compl,Enable,0,GRN2#  ,ON,0,Not Act,Not Act,0,0,0,0,21247.676,21247.676,Avail,Compl,Avail,Incmpl,Incmpl,Enable,OBD II (California ARB),OFF,OFF,0,0,0,1st,OFF,OFF,OFF,OFF,OFF,OFF,1.562,0,ON,OFF,950,0,OFF,OFF,OFF,ON,Gasoline,0.974,OFF,OFF,0.684,ON,0.938,16.078,14,0,0.801,0.801,2.383,0.801,0.918,2.031,47.843,0,16.078,22,0,0,OFF,ECT 5th,NA,OFF,97.878,97.900,16.078,0,Not Avl,0,0,0,0,ON,ON,0,0,0
155,0,14.001,Not Avl,Compl,Compl,Unable,OFF,Not Avl,Compl,Compl,Unable,OFF,55.469,36.719,31.875,33.125,19.531,39.551,15.686,31.765,0.781,1.582,ON,0,OFF,ON,ON,0.998,0.998,-0.027,-0.051,3.225,3.210,0,97,51199.219,13.750,25.490,OFF,OFF,OFF,OFF,OFF,OFF,OFF,Avail,Incmpl,Incmpl,Enable,Avail,470.300,130.400,470.700,130.400,ON,Avail,Compl,Enable,61,0,0,0,0,0,0,6,A,0,0,Avail,Incmpl,Incmpl,Enable,OFF,OFF,187,993.750,51199.219,51199.219,51199.219,51199.219,51199.219,51199.219,1GRFE ,0,Avail,Incmpl,Incmpl,Enable,0,OFF,OFF,OFF,OFF,ON,ON,Avail,Compl,Enable,Compl,CL,CL,Compl,Unable,Not Avl,Compl,Incmpl,Enable,OFF,80,15.500,548,ON,42.500,21.250,0.123,2661,15,21,-3,OFF,0,3.125,6.250,OFF,0,0,53,Avail,Compl,Enable,0,GRN2#  ,ON,0,Not Act,Not Act,0,0,0,0,21247.676,21247.676,Avail,Compl,Avail,Incmpl,Incmpl,Enable,OBD II (California ARB),OFF,OFF,0,0,0,1st,OFF,OFF,OFF,OFF,OFF,OFF,1.562,0,ON,OFF,950,0,OFF,OFF,OFF,ON,Gasoline,0.974,OFF,OFF,0.684,ON,0.938,16.078,14,0,0.801,0.801,2.383,0.801,0.918,2.031,47.843,0,16.078,22,0,0,OFF,ECT 5th,NA,OFF,97.878,97.900,16.078,0,Not Avl,0,0,0,0,ON,ON,0,0,0
156,0,14.001,Not Avl,Compl,Compl,Unable,OFF,Not Avl,Compl,Compl,Unable,OFF,55.469,36.719,31.875,33.125,19.531,39.551,15.686,31.765,0.781,1.582,ON,0,OFF,ON,ON,0.998,0.998,-0.027,-0.051,3.225,3.210,0,97,51199.219,13.750,25.490,OFF,OFF,OFF,OFF,OFF,OFF,OFF,Avail,Incmpl,Incmpl,Enable,Avail,470.300,130.400,470.700,130.400,ON,Avail,Compl,Enable,61,0,0,0,0,0,0,6,A,0,0,Avail,Incmpl,Incmpl,Enable,OFF,OFF,187,993.750,51199.219,51199.219,51199.219,51199.219,51199.219,51199.219,1GRFE ,0,Avail,Incmpl,Incmpl,Enable,0,OFF,OFF,OFF,OFF,ON,ON,Avail,Compl,Enable,Compl,CL,CL,Compl,Unable,Not Avl,Compl,Incmpl,Enable,OFF,80,15.500,548,ON,42.500,21.250,0.123,2661,15,21,-3,OFF,0,3.125,6.250,OFF,0,0,53,Avail,Compl,Enable,0,GRN2#  ,ON,0,Not Act,Not Act,0,0,0,0,21247.676,21247.676,Avail,Compl,Avail,Incmpl,Incmpl,Enable,OBD II (California ARB),OFF,OFF,0,0,0,1st,OFF,OFF,OFF,OFF,OFF,OFF,1.562,0,ON,OFF,950,0,OFF,OFF,OFF,ON,Gasoline,0.974,OFF,OFF,0.684,ON,0.938,16.078,14,0,0.801,0.801,2.383,0.801,0.918,2.031,47.843,0,16.078,22,0,0,OFF,ECT 5th,NA,OFF,97.878,97.900,16.078,0,Not Avl,0,0,0,0,ON,ON,0,0,0
157,0,14.001,Not Avl,Compl,Compl,Unable,OFF,Not Avl,Compl,Compl,Unable,OFF,55.469,36.719,31.875,33.125,19.531,39.551,15.686,31.765,0.781,1.582,ON,0,OFF,ON,ON,0.998,0.998,-0.027,-0.051,3.225,3.210,0,97,51199.219,13.750,25.490,OFF,OFF,OFF,OFF,OFF,OFF,OFF,Avail,Incmpl,Incmpl,Enable,Avail,470.300,130.400,470.700,130.400,ON,Avail,Compl,Enable,61,0,0,0,0,0,0,6,A,0,0,Avail,Incmpl,Incmpl,Enable,OFF,OFF,187,993.750,51199.219,51199.219,51199.219,51199.219,51199.219,51199.219,1GRFE ,0,Avail,Incmpl,Incmpl,Enable,0,OFF,OFF,OFF,OFF,ON,ON,Avail,Compl,Enable,Compl,CL,CL,Compl,Unable,Not Avl,Compl,Incmpl,Enable,OFF,80,15.500,548,ON,42.500,21.250,0.123,2661,15,21,-3,OFF,0,3.125,6.250,OFF,0,0,53,Avail,Compl,Enable,0,GRN2#  ,ON,0,Not Act,Not Act,0,0,0,0,21247.676,21247.676,Avail,Compl,Avail,Incmpl,Incmpl,Enable,OBD II (California ARB),OFF,OFF,0,0,0,1st,OFF,OFF,OFF,OFF,OFF,OFF,1.562,0,ON,OFF,950,0,OFF,OFF,OFF,ON,Gasoline,0.974,OFF,OFF,0.684,ON,0.938,16.078,14,0,0.801,0.801,2.383,0.801,0.918,2.031,47.843,0,16.078,22,0,0,OFF,ECT 5th,NA,OFF,97.878,97.900,16.078,0,Not Avl,0,0,0,0,ON,ON,0,0,0
158,0,14.001,Not Avl,Compl,Compl,Unable,OFF,Not Avl,Compl,Compl,Unable,OFF,55.469,36.719,31.875,33.125,19.531,39.551,15.686,31.765,0.781,1.582,ON,0,OFF,ON,ON,0.998,0.998,-0.027,-0.051,3.225,3.210,0,97,51199.219,13.750,25.490,OFF,OFF,OFF,OFF,OFF,OFF,OFF,Avail,Incmpl,Incmpl,Enable,Avail,470.300,130.400,470.700,130.400,ON,Avail,Compl,Enable,61,0,0,0,0,0,0,6,A,0,0,Avail,Incmpl,Incmpl,Enable,OFF,OFF,187,993.750,51199.219,51199.219,51199.219,51199.219,51199.219,51199.219,1GRFE ,0,Avail,Incmpl,Incmpl,Enable,0,OFF,OFF,OFF,OFF,ON,ON,Avail,Compl,Enable,Compl,CL,CL,Compl,Unable,Not Avl,Compl,Incmpl,Enable,OFF,80,15.500,548,ON,42.500,21.250,0.123,2661,15,21,-3,OFF,0,3.125,6.250,OFF,0,0,53,Avail,Compl,Enable,0,GRN2#  ,ON,0,Not Act,Not Act,0,0,0,0,21247.676,21247.676,Avail,Compl,Avail,Incmpl,Incmpl,Enable,OBD II (California ARB),OFF,OFF,0,0,0,1st,OFF,OFF,OFF,OFF,OFF,OFF,1.562,0,ON,OFF,950,0,OFF,OFF,OFF,ON,Gasoline,0.974,OFF,OFF,0.684,ON,0.938,16.078,14,0,0.801,0.801,2.383,0.801,0.918,2.031,47.843,0,16.078,22,0,0,OFF,ECT 5th,NA,OFF,97.878,97.900,16.078,0,Not Avl,0,0,0,0,ON,ON,0,0,0
159,0,14.001,Not Avl,Compl,Compl,Unable,OFF,Not Avl,Compl,Compl,Unable,OFF,55.469,36.719,31.875,33.125,19.531,39.551,15.686,31.765,0.781,1.582,ON,0,OFF,ON,ON,0.998,0.998,-0.027,-0.051,3.225,3.210,0,97,51199.219,13.750,25.490,OFF,OFF,OFF,OFF,OFF,OFF,OFF,Avail,Incmpl,Incmpl,Enable,Avail,470.300,130.400,470.700,130.400,ON,Avail,Compl,Enable,61,0,0,0,0,0,0,6,A,0,0,Avail,Incmpl,Incmpl,Enable,OFF,OFF,187,993.750,51199.219,51199.219,51199.219,51199.219,51199.219,51199.219,1GRFE ,0,Avail,Incmpl,Incmpl,Enable,0,OFF,OFF,OFF,OFF,ON,ON,Avail,Compl,Enable,Compl,CL,CL,Compl,Unable,Not Avl,Compl,Incmpl,Enable,OFF,80,15.500,548,ON,42.500,21.250,0.123,2661,15,21,-3,OFF,0,3.125,6.250,OFF,0,0,53,Avail,Compl,Enable,0,GRN2#  ,ON,0,Not Act,Not Act,0,0,0,0,21247.676,21247.676,Avail,Compl,Avail,Incmpl,Incmpl,Enable,OBD II (California ARB),OFF,OFF,0,0,0,1st,OFF,OFF,OFF,OFF,OFF,OFF,1.562,0,ON,OFF,950,0,OFF,OFF,OFF,ON,Gasoline,0.974,OFF,OFF,0.684,ON,0.938,16.078,14,0,0.801,0.801,2.383,0.801,0.918,2.031,47.843,0,16.078,22,0,0,OFF,ECT 5th,NA,OFF,97.878,97.900,16.078,0,Not Avl,0,0,0,0,ON,ON,0,0,0
160,0,14.001,Not Avl,Compl,Compl,Unable,OFF,Not Avl,Compl,Compl,Unable,OFF,55.469,36.719,31.875,33.125,19.531,39.551,15.686,31.765,0.781,1.582,ON,0,OFF,ON,ON,0.998,0.998,-0.027,-0.051,3.225,3.210,0,97,51199.219,13.750,25.490,OFF,OFF,OFF,OFF,OFF,OFF,OFF,Avail,Incmpl,Incmpl,Enable,Avail,470.300,130.400,470.700,130.400,ON,Avail,Compl,Enable,61,0,0,0,0,0,0,6,A,0,0,Avail,Incmpl,Incmpl,Enable,OFF,OFF,187,993.750,51199.219,51199.219,51199.219,51199.219,51199.219,51199.219,1GRFE ,0,Avail,Incmpl,Incmpl,Enable,0,OFF,OFF,OFF,OFF,ON,ON,Avail,Compl,Enable,Compl,CL,CL,Compl,Unable,Not Avl,Compl,Incmpl,Enable,OFF,80,15.500,548,ON,42.500,21.250,0.123,2661,15,21,-3,OFF,0,3.125,6.250,OFF,0,0,53,Avail,Compl,Enable,0,GRN2#  ,ON,0,Not Act,Not Act,0,0,0,0,21247.676,21247.676,Avail,Compl,Avail,Incmpl,Incmpl,Enable,OBD II (California ARB),OFF,OFF,0,0,0,1st,OFF,OFF,OFF,OFF,OFF,OFF,1.562,0,ON,OFF,950,0,OFF,OFF,OFF,ON,Gasoline,0.974,OFF,OFF,0.684,ON,0.938,16.078,14,0,0.801,0.801,2.383,0.801,0.918,2.031,47.843,0,16.078,22,0,0,OFF,ECT 5th,NA,OFF,97.878,97.900,16.078,0,Not Avl,0,0,0,0,ON,ON,0,0,0
161,0,14.001,Not Avl,Compl,Compl,Unable,OFF,Not Avl,Compl,Compl,Unable,OFF,55.469,36.719,31.875,33.125,19.531,39.551,15.686,31.765,0.781,1.582,ON,0,OFF,ON,ON,0.998,0.998,-0.027,-0.051,3.225,3.210,0,97,51199.219,13.750,25.490,OFF,OFF,OFF,OFF,OFF,OFF,OFF,Avail,Incmpl,Incmpl,Enable,Avail,470.300,130.400,470.700,130.400,ON,Avail,Compl,Enable,61,0,0,0,0,0,0,6,A,0,0,Avail,Incmpl,Incmpl,Enable,OFF,OFF,187,993.750,51199.219,51199.219,51199.219,51199.219,51199.219,51199.219,1GRFE ,0,Avail,Incmpl,Incmpl,Enable,0,OFF,OFF,OFF,OFF,ON,ON,Avail,Compl,Enable,Compl,CL,CL,Compl,Unable,Not Avl,Compl,Incmpl,Enable,OFF,80,15.500,548,ON,42.500,21.250,0.123,2661,15,21,-3,OFF,0,3.125,6.250,OFF,0,0,53,Avail,Compl,Enable,0,GRN2#  ,ON,0,Not Act,Not Act,0,0,0,0,21247.676,21247.676,Avail,Compl,Avail,Incmpl,Incmpl,Enable,OBD II (California ARB),OFF,OFF,0,0,0,1st,OFF,OFF,OFF,OFF,OFF,OFF,1.562,0,ON,OFF,950,0,OFF,OFF,OFF,ON,Gasoline,0.968,OFF,OFF,0.684,ON,0.938,16.078,14,0,0.801,0.801,2.383,0.801,0.918,2.031,47.843,0,16.078,22,0,0,OFF,ECT 5th,NA,OFF,97.878,97.900,16.078,0,Not Avl,0,0,0,0,ON,ON,0,0,0
162,0,14.001,Not Avl,Compl,Compl,Unable,OFF,Not Avl,Compl,Compl,Unable,OFF,55.469,36.719,31.875,33.125,19.531,39.551,15.686,31.765,0.781,1.582,ON,0,OFF,ON,ON,0.998,0.998,-0.027,-0.051,3.225,3.210,0,97,51199.219,13.750,25.490,OFF,OFF,OFF,OFF,OFF,OFF,OFF,Avail,Incmpl,Incmpl,Enable,Avail,470.300,130.400,470.700,130.400,ON,Avail,Compl,Enable,61,0,0,0,0,0,0,6,A,0,0,Avail,Incmpl,Incmpl,Enable,OFF,OFF,187,993.750,51199.219,51199.219,51199.219,51199.219,51199.219,51199.219,1GRFE ,0,Avail,Incmpl,Incmpl,Enable,0,OFF,OFF,OFF,OFF,ON,ON,Avail,Compl,Enable,Compl,CL,CL,Compl,Unable,Not Avl,Compl,Incmpl,Enable,OFF,80,15.500,548,ON,42.500,21.250,0.123,2661,15,21,-3,OFF,0,3.125,6.250,OFF,0,0,53,Avail,Compl,Enable,0,GRN2#  ,ON,0,Not Act,Not Act,0,0,0,0,21247.676,21247.676,Avail,Compl,Avail,Incmpl,Incmpl,Enable,OBD II (California ARB),OFF,OFF,0,0,0,1st,OFF,OFF,OFF,OFF,OFF,OFF,1.562,0,ON,OFF,950,0,OFF,OFF,OFF,ON,Gasoline,0.968,OFF,OFF,0.684,ON,0.938,16.078,14,0,0.801,0.801,2.383,0.801,0.918,2.031,47.843,0,16.078,22,0,0,OFF,ECT 5th,NA,OFF,97.878,97.900,16.078,0,Not Avl,0,0,0,0,ON,ON,0,0,0
163,0,14.001,Not Avl,Compl,Compl,Unable,OFF,Not Avl,Compl,Compl,Unable,OFF,55.469,36.719,31.875,33.125,19.531,39.551,15.686,31.765,0.781,1.582,ON,0,OFF,ON,ON,0.998,0.998,-0.027,-0.051,3.225,3.210,0,97,51199.219,13.750,25.490,OFF,OFF,OFF,OFF,OFF,OFF,OFF,Avail,Incmpl,Incmpl,Enable,Avail,470.300,130.400,470.700,130.400,ON,Avail,Compl,Enable,61,0,0,0,0,0,0,6,A,0,0,Avail,Incmpl,Incmpl,Enable,OFF,OFF,187,993.750,51199.219,51199.219,51199.219,51199.219,51199.219,51199.219,1GRFE ,0,Avail,Incmpl,Incmpl,Enable,0,OFF,OFF,OFF,OFF,ON,ON,Avail,Compl,Enable,Compl,CL,CL,Compl,Unable,Not Avl,Compl,Incmpl,Enable,OFF,80,15.500,548,ON,42.500,21.250,0.123,2661,15,21,-3,OFF,0,3.125,6.250,OFF,0,0,53,Avail,Compl,Enable,0,GRN2#  ,ON,0,Not Act,Not Act,0,0,0,0,21247.676,21247.676,Avail,Compl,Avail,Incmpl,Incmpl,Enable,OBD II (California ARB),OFF,OFF,0,0,0,1st,OFF,OFF,OFF,OFF,OFF,OFF,1.562,0,ON,OFF,950,0,OFF,OFF,OFF,ON,Gasoline,0.968,OFF,OFF,0.684,ON,0.938,16.078,14,0,0.801,0.801,2.383,0.801,0.918,2.031,47.843,0,16.078,22,0,0,OFF,ECT 5th,NA,OFF,97.878,97.900,16.078,0,Not Avl,0,0,0,0,ON,ON,0,0,0
164,0,14.001,Not Avl,Compl,Compl,Unable,OFF,Not Avl,Compl,Compl,Unable,OFF,55.469,36.719,31.875,33.125,19.531,39.551,15.686,31.765,0.781,1.582,ON,0,OFF,ON,ON,0.998,0.998,-0.027,-0.051,3.225,3.210,0,97,51199.219,13.750,25.490,OFF,OFF,OFF,OFF,OFF,OFF,OFF,Avail,Incmpl,Incmpl,Enable,Avail,470.300,130.400,470.700,130.400,ON,Avail,Compl,Enable,61,0,0,0,0,0,0,6,A,0,0,Avail,Incmpl,Incmpl,Enable,OFF,OFF,187,993.750,51199.219,51199.219,51199.219,51199.219,51199.219,51199.219,1GRFE ,0,Avail,Incmpl,Incmpl,Enable,0,OFF,OFF,OFF,OFF,ON,ON,Avail,Compl,Enable,Compl,CL,CL,Compl,Unable,Not Avl,Compl,Incmpl,Enable,OFF,80,15.500,548,ON,42.500,21.250,0.123,2661,15,21,-3,OFF,0,3.125,6.250,OFF,0,0,53,Avail,Compl,Enable,0,GRN2#  ,ON,0,Not Act,Not Act,0,0,0,0,21247.676,21247.676,Avail,Compl,Avail,Incmpl,Incmpl,Enable,OBD II (California ARB),OFF,OFF,0,0,0,1st,OFF,OFF,OFF,OFF,OFF,OFF,1.562,0,ON,OFF,950,0,OFF,OFF,OFF,ON,Gasoline,0.968,OFF,OFF,0.684,ON,0.938,16.078,14,0,0.801,0.801,2.383,0.801,0.918,2.031,47.843,0,16.078,22,0,0,OFF,ECT 5th,NA,OFF,97.878,97.900,16.078,0,Not Avl,0,0,0,0,ON,ON,0,0,0
165,0,14.001,Not Avl,Compl,Compl,Unable,OFF,Not Avl,Compl,Compl,Unable,OFF,55.469,36.719,31.875,33.125,19.531,39.551,15.686,31.765,0.781,1.582,ON,0,OFF,ON,ON,0.998,0.998,-0.027,-0.051,3.225,3.210,0,97,51199.219,13.750,25.490,OFF,OFF,OFF,OFF,OFF,OFF,OFF,Avail,Incmpl,Incmpl,Enable,Avail,470.300,130.400,470.700,130.400,ON,Avail,Compl,Enable,61,0,0,0,0,0,0,6,A,0,0,Avail,Incmpl,Incmpl,Enable,OFF,OFF,187,993.750,51199.219,51199.219,51199.219,51199.219,51199.219,51199.219,1GRFE ,0,Avail,Incmpl,Incmpl,Enable,0,OFF,OFF,OFF,OFF,ON,ON,Avail,Compl,Enable,Compl,CL,CL,Compl,Unable,Not Avl,Compl,Incmpl,Enable,OFF,80,15.500,548,ON,42.500,21.250,0.123,2661,15,21,-3,OFF,0,3.125,6.250,OFF,0,0,53,Avail,Compl,Enable,0,GRN2#  ,ON,0,Not Act,Not Act,0,0,0,0,21247.676,21247.676,Avail,Compl,Avail,Incmpl,Incmpl,Enable,OBD II (California ARB),OFF,OFF,0,0,0,1st,OFF,OFF,OFF,OFF,OFF,OFF,1.562,0,ON,OFF,950,0,OFF,OFF,OFF,ON,Gasoline,0.968,OFF,OFF,0.684,ON,0.938,16.078,14,0,0.801,0.801,2.383,0.801,0.918,2.031,47.843,0,16.078,22,0,0,OFF,ECT 5th,NA,OFF,97.878,97.900,16.078,0,Not Avl,0,0,0,0,ON,ON,0,0,0
166,0,14.001,Not Avl,Compl,Compl,Unable,OFF,Not Avl,Compl,Compl,Unable,OFF,55.469,36.719,31.875,33.125,19.531,39.551,15.686,31.765,0.781,1.582,ON,0,OFF,ON,ON,0.998,0.998,-0.027,-0.051,3.225,3.210,0,97,51199.219,13.750,25.490,OFF,OFF,OFF,OFF,OFF,OFF,OFF,Avail,Incmpl,Incmpl,Enable,Avail,470.300,130.400,470.700,130.400,ON,Avail,Compl,Enable,61,0,0,0,0,0,0,6,A,0,0,Avail,Incmpl,Incmpl,Enable,OFF,OFF,187,993.750,51199.219,51199.219,51199.219,51199.219,51199.219,51199.219,1GRFE ,0,Avail,Incmpl,Incmpl,Enable,0,OFF,OFF,OFF,OFF,ON,ON,Avail,Compl,Enable,Compl,CL,CL,Compl,Unable,Not Avl,Compl,Incmpl,Enable,OFF,80,15.500,548,ON,42.500,21.250,0.123,2661,15,21,-3,OFF,0,3.125,6.250,OFF,0,0,53,Avail,Compl,Enable,0,GRN2#  ,ON,0,Not Act,Not Act,0,0,0,0,21247.676,21247.676,Avail,Compl,Avail,Incmpl,Incmpl,Enable,OBD II (California ARB),OFF,OFF,0,0,0,1st,OFF,OFF,OFF,OFF,OFF,OFF,1.562,0,ON,OFF,950,0,OFF,OFF,OFF,ON,Gasoline,0.968,OFF,OFF,0.684,ON,0.938,16.078,14,0,0.801,0.801,2.383,0.801,0.918,2.031,47.843,0,16.078,22,0,0,OFF,ECT 5th,NA,OFF,97.878,97.900,16.078,0,Not Avl,0,0,0,0,ON,ON,0,0,0
167,0,14.001,Not Avl,Compl,Compl,Unable,OFF,Not Avl,Compl,Compl,Unable,OFF,55.469,36.719,31.875,33.125,19.531,39.551,15.686,31.765,0.781,1.582,ON,0,OFF,ON,ON,0.998,0.998,-0.027,-0.051,3.225,3.210,0,97,51199.219,13.750,25.490,OFF,OFF,OFF,OFF,OFF,OFF,OFF,Avail,Incmpl,Incmpl,Enable,Avail,470.300,130.400,470.700,130.400,ON,Avail,Compl,Enable,61,0,0,0,0,0,0,6,A,0,0,Avail,Incmpl,Incmpl,Enable,OFF,OFF,187,993.750,51199.219,51199.219,51199.219,51199.219,51199.219,51199.219,1GRFE ,0,Avail,Incmpl,Incmpl,Enable,0,OFF,OFF,OFF,OFF,ON,ON,Avail,Compl,Enable,Compl,CL,CL,Compl,Unable,Not Avl,Compl,Incmpl,Enable,OFF,80,15.500,548,ON,42.500,21.250,0.123,2661,15,21,-3,OFF,0,3.125,6.250,OFF,0,0,53,Avail,Compl,Enable,0,GRN2#  ,ON,0,Not Act,Not Act,0,0,0,0,21247.676,21247.676,Avail,Compl,Avail,Incmpl,Incmpl,Enable,OBD II (California ARB),OFF,OFF,0,0,0,1st,OFF,OFF,OFF,OFF,OFF,OFF,1.562,0,ON,OFF,950,0,OFF,OFF,OFF,ON,Gasoline,0.968,OFF,OFF,0.684,ON,0.938,16.078,14,0,0.801,0.801,2.383,0.801,0.918,2.031,47.843,0,16.078,22,0,0,OFF,ECT 5th,NA,OFF,97.878,97.900,16.078,0,Not Avl,0,0,0,0,ON,ON,0,0,0
168,0,14.001,Not Avl,Compl,Compl,Unable,OFF,Not Avl,Compl,Compl,Unable,OFF,55.469,36.719,31.875,33.125,19.531,39.551,15.686,31.765,0.781,1.582,ON,0,OFF,ON,ON,0.998,0.998,-0.027,-0.051,3.225,3.210,0,97,51199.219,13.750,25.490,OFF,OFF,OFF,OFF,OFF,OFF,OFF,Avail,Incmpl,Incmpl,Enable,Avail,470.300,130.400,470.700,130.400,ON,Avail,Compl,Enable,61,0,0,0,0,0,0,6,A,0,0,Avail,Incmpl,Incmpl,Enable,OFF,OFF,187,993.750,51199.219,51199.219,51199.219,51199.219,51199.219,51199.219,1GRFE ,0,Avail,Incmpl,Incmpl,Enable,0,OFF,OFF,OFF,OFF,ON,ON,Avail,Compl,Enable,Compl,CL,CL,Compl,Unable,Not Avl,Compl,Incmpl,Enable,OFF,80,15.500,548,ON,42.500,21.250,0.123,2661,15,21,-3,OFF,0,3.125,6.250,OFF,0,0,53,Avail,Compl,Enable,0,GRN2#  ,ON,0,Not Act,Not Act,0,0,0,0,21247.676,21247.676,Avail,Compl,Avail,Incmpl,Incmpl,Enable,OBD II (California ARB),OFF,OFF,0,0,0,1st,OFF,OFF,OFF,OFF,OFF,OFF,1.562,0,ON,OFF,950,0,OFF,OFF,OFF,ON,Gasoline,0.968,OFF,OFF,0.684,ON,0.938,16.078,15,0,0.801,0.801,2.383,0.801,0.918,2.031,47.843,0,16.078,22,0,0,OFF,ECT 5th,NA,OFF,97.878,97.900,16.078,0,Not Avl,0,0,0,0,ON,ON,0,0,0
169,0,14.001,Not Avl,Compl,Compl,Unable,OFF,Not Avl,Compl,Compl,Unable,OFF,55.469,36.719,31.875,33.125,19.531,39.551,15.686,31.765,0.781,1.582,ON,0,OFF,ON,ON,0.998,0.998,-0.027,-0.051,3.225,3.210,0,97,51199.219,13.750,25.490,OFF,OFF,OFF,OFF,OFF,OFF,OFF,Avail,Incmpl,Incmpl,Enable,Avail,470.300,130.400,470.700,130.400,ON,Avail,Compl,Enable,61,0,0,0,0,0,0,6,A,0,0,Avail,Incmpl,Incmpl,Enable,OFF,OFF,187,993.750,51199.219,51199.219,51199.219,51199.219,51199.219,51199.219,1GRFE ,0,Avail,Incmpl,Incmpl,Enable,0,OFF,OFF,OFF,OFF,ON,ON,Avail,Compl,Enable,Compl,CL,CL,Compl,Unable,Not Avl,Compl,Incmpl,Enable,OFF,80,15.500,548,ON,42.500,21.250,0.123,2661,15,21,-3,OFF,0,3.125,6.250,OFF,0,0,53,Avail,Compl,Enable,0,GRN2#  ,ON,0,Not Act,Not Act,0,0,0,0,21247.676,21247.676,Avail,Compl,Avail,Incmpl,Incmpl,Enable,OBD II (California ARB),OFF,OFF,0,0,0,1st,OFF,OFF,OFF,OFF,OFF,OFF,1.562,0,ON,OFF,950,0,OFF,OFF,OFF,ON,Gasoline,0.968,OFF,OFF,0.684,ON,0.938,16.078,15,0,0.801,0.801,2.383,0.801,0.918,2.031,47.843,0,16.078,22,0,0,OFF,ECT 5th,NA,OFF,97.878,97.900,16.078,0,Not Avl,0,0,0,0,ON,ON,0,0,0
170,0,14.001,Not Avl,Compl,Compl,Unable,OFF,Not Avl,Compl,Compl,Unable,OFF,55.469,36.719,31.875,33.125,19.531,39.551,15.686,31.765,0.781,1.582,ON,0,OFF,ON,ON,0.998,0.998,-0.027,-0.051,3.225,3.210,0,97,51199.219,13.750,25.490,OFF,OFF,OFF,OFF,OFF,OFF,OFF,Avail,Incmpl,Incmpl,Enable,Avail,470.300,130.400,470.700,130.400,ON,Avail,Compl,Enable,61,0,0,0,0,0,0,6,A,0,0,Avail,Incmpl,Incmpl,Enable,OFF,OFF,187,993.750,51199.219,51199.219,51199.219,51199.219,51199.219,51199.219,1GRFE ,0,Avail,Incmpl,Incmpl,Enable,0,OFF,OFF,OFF,OFF,ON,ON,Avail,Compl,Enable,Compl,CL,CL,Compl,Unable,Not Avl,Compl,Incmpl,Enable,OFF,80,15.500,548,ON,42.500,21.250,0.123,2661,15,21,-3,OFF,0,3.125,6.250,OFF,0,0,53,Avail,Compl,Enable,0,GRN2#  ,ON,0,Not Act,Not Act,0,0,0,0,21247.676,21247.676,Avail,Compl,Avail,Incmpl,Incmpl,Enable,OBD II (California ARB),OFF,OFF,0,0,0,1st,OFF,OFF,OFF,OFF,OFF,OFF,1.562,0,ON,OFF,950,0,OFF,OFF,OFF,ON,Gasoline,0.968,OFF,OFF,0.684,ON,0.938,16.078,15,0,0.801,0.801,2.383,0.801,0.918,2.031,47.843,0,16.078,22,0,0,OFF,ECT 5th,NA,OFF,97.878,97.900,16.078,0,Not Avl,0,0,0,0,ON,ON,0,0,0
171,0,14.001,Not Avl,Compl,Compl,Unable,OFF,Not Avl,Compl,Compl,Unable,OFF,55.469,36.719,31.875,33.125,19.531,39.551,15.686,31.765,0.781,1.582,ON,0,OFF,ON,ON,0.998,0.998,-0.027,-0.051,3.225,3.210,0,97,51199.219,13.750,25.490,OFF,OFF,OFF,OFF,OFF,OFF,OFF,Avail,Incmpl,Incmpl,Enable,Avail,470.300,130.400,470.700,130.400,ON,Avail,Compl,Enable,61,0,0,0,0,0,0,6,A,0,0,Avail,Incmpl,Incmpl,Enable,OFF,OFF,187,993.750,51199.219,51199.219,51199.219,51199.219,51199.219,51199.219,1GRFE ,0,Avail,Incmpl,Incmpl,Enable,0,OFF,OFF,OFF,OFF,ON,ON,Avail,Compl,Enable,Compl,CL,CL,Compl,Unable,Not Avl,Compl,Incmpl,Enable,OFF,80,15.500,548,ON,42.500,21.250,0.123,2661,15,21,-3,OFF,0,3.125,6.250,OFF,0,0,53,Avail,Compl,Enable,0,GRN2#  ,ON,0,Not Act,Not Act,0,0,0,0,21247.676,21247.676,Avail,Compl,Avail,Incmpl,Incmpl,Enable,OBD II (California ARB),OFF,OFF,0,0,0,1st,OFF,OFF,OFF,OFF,OFF,OFF,1.562,0,ON,OFF,950,0,OFF,OFF,OFF,ON,Gasoline,0.968,OFF,OFF,0.684,ON,0.938,16.078,15,0,0.801,0.801,2.383,0.801,0.918,2.031,47.843,0,16.078,22,0,0,OFF,ECT 5th,NA,OFF,97.878,97.900,16.078,0,Not Avl,0,0,0,0,ON,ON,0,0,0
172,0,14.001,Not Avl,Compl,Compl,Unable,OFF,Not Avl,Compl,Compl,Unable,OFF,55.469,36.719,31.875,33.125,19.531,39.551,15.686,31.765,0.781,1.582,ON,0,OFF,ON,ON,0.998,0.998,-0.027,-0.051,3.225,3.210,0,97,51199.219,13.750,25.490,OFF,OFF,OFF,OFF,OFF,OFF,OFF,Avail,Incmpl,Incmpl,Enable,Avail,470.300,130.400,470.700,130.400,ON,Avail,Compl,Enable,61,0,0,0,0,0,0,6,A,0,0,Avail,Incmpl,Incmpl,Enable,OFF,OFF,187,993.750,51199.219,51199.219,51199.219,51199.219,51199.219,51199.219,1GRFE ,0,Avail,Incmpl,Incmpl,Enable,0,OFF,OFF,OFF,OFF,ON,ON,Avail,Compl,Enable,Compl,CL,CL,Compl,Unable,Not Avl,Compl,Incmpl,Enable,OFF,80,15.500,548,ON,42.500,21.250,0.123,2661,15,21,-3,OFF,0,3.125,6.250,OFF,0,0,53,Avail,Compl,Enable,0,GRN2#  ,ON,0,Not Act,Not Act,0,0,0,0,21247.676,21247.676,Avail,Compl,Avail,Incmpl,Incmpl,Enable,OBD II (California ARB),OFF,OFF,0,0,0,1st,OFF,OFF,OFF,OFF,OFF,OFF,1.562,0,ON,OFF,950,0,OFF,OFF,OFF,ON,Gasoline,0.968,OFF,OFF,0.684,ON,0.938,16.078,15,0,0.801,0.801,2.383,0.801,0.918,2.031,47.843,0,16.078,22,0,0,OFF,ECT 5th,NA,OFF,97.878,97.900,16.078,0,Not Avl,0,0,0,0,ON,ON,0,0,0
173,0,14.001,Not Avl,Compl,Compl,Unable,OFF,Not Avl,Compl,Compl,Unable,OFF,55.469,36.719,31.875,33.125,19.531,39.551,15.686,31.765,0.781,1.582,ON,0,OFF,ON,ON,0.998,0.998,-0.027,-0.051,3.225,3.210,0,97,51199.219,13.750,25.490,OFF,OFF,OFF,OFF,OFF,OFF,OFF,Avail,Incmpl,Incmpl,Enable,Avail,470.300,130.400,470.700,130.400,ON,Avail,Compl,Enable,61,0,0,0,0,0,0,6,A,0,0,Avail,Incmpl,Incmpl,Enable,OFF,OFF,187,993.750,51199.219,51199.219,51199.219,51199.219,51199.219,51199.219,1GRFE ,0,Avail,Incmpl,Incmpl,Enable,0,OFF,OFF,OFF,OFF,ON,ON,Avail,Compl,Enable,Compl,CL,CL,Compl,Unable,Not Avl,Compl,Incmpl,Enable,OFF,80,15.500,548,ON,42.500,21.250,0.123,2661,15,21,-3,OFF,0,3.125,6.250,OFF,0,0,53,Avail,Compl,Enable,0,GRN2#  ,ON,0,Not Act,Not Act,0,0,0,0,21247.676,21247.676,Avail,Compl,Avail,Incmpl,Incmpl,Enable,OBD II (California ARB),OFF,OFF,0,0,0,1st,OFF,OFF,OFF,OFF,OFF,OFF,1.562,0,ON,OFF,950,0,OFF,OFF,OFF,ON,Gasoline,0.968,OFF,OFF,0.684,ON,0.938,16.078,15,0,0.801,0.801,2.383,0.801,0.918,2.031,47.843,0,16.078,22,0,0,OFF,ECT 5th,NA,OFF,97.878,97.900,16.078,0,Not Avl,0,0,0,0,ON,ON,0,0,0
174,0,14.001,Not Avl,Compl,Compl,Unable,OFF,Not Avl,Compl,Compl,Unable,OFF,55.469,36.719,31.875,33.125,19.531,39.551,15.686,31.765,0.781,1.582,ON,0,OFF,ON,ON,0.998,0.998,-0.027,-0.051,3.225,3.210,0,97,51199.219,13.750,25.490,OFF,OFF,OFF,OFF,OFF,OFF,OFF,Avail,Incmpl,Incmpl,Enable,Avail,470.300,130.400,470.700,130.400,ON,Avail,Compl,Enable,61,0,0,0,0,0,0,6,A,0,0,Avail,Incmpl,Incmpl,Enable,OFF,OFF,187,993.750,51199.219,51199.219,51199.219,51199.219,51199.219,51199.219,1GRFE ,0,Avail,Incmpl,Incmpl,Enable,0,OFF,OFF,OFF,OFF,ON,ON,Avail,Compl,Enable,Compl,CL,CL,Compl,Unable,Not Avl,Compl,Incmpl,Enable,OFF,80,15.500,548,ON,42.500,21.250,0.123,2661,15,21,-3,OFF,0,3.125,6.250,OFF,0,0,53,Avail,Compl,Enable,0,GRN2#  ,ON,0,Not Act,Not Act,0,0,0,0,21247.676,21247.676,Avail,Compl,Avail,Incmpl,Incmpl,Enable,OBD II (California ARB),OFF,OFF,0,0,0,1st,OFF,OFF,OFF,OFF,OFF,OFF,1.562,0,ON,OFF,950,0,OFF,OFF,OFF,ON,Gasoline,0.968,OFF,OFF,0.684,ON,0.938,16.078,15,0,0.801,0.801,2.383,0.801,0.918,2.031,47.843,0,16.078,22,0,0,OFF,ECT 5th,NA,OFF,97.878,97.900,16.078,0,Not Avl,0,0,0,0,ON,ON,0,0,0
175,0,14.001,Not Avl,Compl,Compl,Unable,OFF,Not Avl,Compl,Compl,Unable,OFF,55.469,36.719,31.875,33.125,19.531,39.551,15.686,31.765,0.781,1.582,ON,0,OFF,ON,ON,0.998,0.998,-0.027,-0.051,3.225,3.210,0,97,51199.219,13.750,25.490,OFF,OFF,OFF,OFF,OFF,OFF,OFF,Avail,Incmpl,Incmpl,Enable,Avail,470.300,130.400,470.700,130.400,ON,Avail,Compl,Enable,61,0,0,0,0,0,0,6,A,0,0,Avail,Incmpl,Incmpl,Enable,OFF,OFF,187,993.750,51199.219,51199.219,51199.219,51199.219,51199.219,51199.219,1GRFE ,0,Avail,Incmpl,Incmpl,Enable,0,OFF,OFF,OFF,OFF,ON,ON,Avail,Compl,Enable,Compl,CL,CL,Compl,Unable,Not Avl,Compl,Incmpl,Enable,OFF,80,15.500,548,ON,42.500,21.250,0.123,2661,15,21,-3,OFF,0,3.125,6.250,OFF,0,0,53,Avail,Compl,Enable,0,GRN2#  ,ON,0,Not Act,Not Act,0,0,0,0,21247.676,21247.676,Avail,Compl,Avail,Incmpl,Incmpl,Enable,OBD II (California ARB),OFF,OFF,0,0,0,1st,OFF,OFF,OFF,OFF,OFF,OFF,1.562,0,ON,OFF,950,0,OFF,OFF,OFF,ON,Gasoline,0.968,OFF,OFF,0.684,ON,0.938,16.078,15,0,0.801,0.801,2.383,0.801,0.918,2.031,47.843,0,16.078,22,0,0,OFF,ECT 5th,NA,OFF,97.878,97.900,16.078,0,Not Avl,0,0,0,0,ON,ON,0,0,0
176,0,14.001,Not Avl,Compl,Compl,Unable,OFF,Not Avl,Compl,Compl,Unable,OFF,55.469,36.719,31.875,33.125,19.531,39.551,15.686,31.765,0.781,1.582,ON,0,OFF,ON,ON,0.998,0.998,-0.027,-0.051,3.225,3.210,0,97,51199.219,13.750,25.490,OFF,OFF,OFF,OFF,OFF,OFF,OFF,Avail,Incmpl,Incmpl,Enable,Avail,470.300,130.400,470.700,130.400,ON,Avail,Compl,Enable,61,0,0,0,0,0,0,6,A,0,0,Avail,Incmpl,Incmpl,Enable,OFF,OFF,187,993.750,51199.219,51199.219,51199.219,51199.219,51199.219,51199.219,1GRFE ,0,Avail,Incmpl,Incmpl,Enable,0,OFF,OFF,OFF,OFF,ON,ON,Avail,Compl,Enable,Compl,CL,CL,Compl,Unable,Not Avl,Compl,Incmpl,Enable,OFF,80,15.500,548,ON,42.500,21.250,0.123,2661,15,21,-3,OFF,0,3.125,6.250,OFF,0,0,53,Avail,Compl,Enable,0,GRN2#  ,ON,0,Not Act,Not Act,0,0,0,0,21247.676,21247.676,Avail,Compl,Avail,Incmpl,Incmpl,Enable,OBD II (California ARB),OFF,OFF,0,0,0,1st,OFF,OFF,OFF,OFF,OFF,OFF,1.562,0,ON,OFF,950,0,OFF,OFF,OFF,ON,Gasoline,0.968,OFF,OFF,0.684,ON,0.938,16.078,15,0,0.801,0.801,2.383,0.801,0.918,2.031,47.843,0,16.078,22,0,0,OFF,ECT 5th,NA,OFF,97.878,97.900,16.078,0,Not Avl,0,0,0,0,ON,ON,0,0,0
177,0,14.001,Not Avl,Compl,Compl,Unable,OFF,Not Avl,Compl,Compl,Unable,OFF,55.469,36.719,31.875,33.125,19.531,39.551,15.686,31.765,0.781,1.582,ON,0,OFF,ON,ON,0.998,0.998,-0.027,-0.051,3.225,3.210,0,97,51199.219,13.750,25.490,OFF,OFF,OFF,OFF,OFF,OFF,OFF,Avail,Incmpl,Incmpl,Enable,Avail,470.300,130.400,470.700,130.400,ON,Avail,Compl,Enable,61,0,0,0,0,0,0,6,A,0,0,Avail,Incmpl,Incmpl,Enable,OFF,OFF,187,993.750,51199.219,51199.219,51199.219,51199.219,51199.219,51199.219,1GRFE ,0,Avail,Incmpl,Incmpl,Enable,0,OFF,OFF,OFF,OFF,ON,ON,Avail,Compl,Enable,Compl,CL,CL,Compl,Unable,Not Avl,Compl,Incmpl,Enable,OFF,80,15.500,548,ON,42.500,21.250,0.123,2661,15,21,-3,OFF,0,3.125,6.250,OFF,0,0,53,Avail,Compl,Enable,0,GRN2#  ,ON,0,Not Act,Not Act,0,0,0,0,21247.676,21247.676,Avail,Compl,Avail,Incmpl,Incmpl,Enable,OBD II (California ARB),OFF,OFF,0,0,0,1st,OFF,OFF,OFF,OFF,OFF,OFF,1.562,0,ON,OFF,950,0,OFF,OFF,OFF,ON,Gasoline,0.968,OFF,OFF,0.684,ON,0.938,16.078,15,0,0.801,0.801,2.383,0.801,0.918,2.031,47.843,0,16.078,22,0,0,OFF,ECT 5th,NA,OFF,97.878,97.900,16.078,0,Not Avl,0,0,0,0,ON,ON,0,0,0
178,0,14.001,Not Avl,Compl,Compl,Unable,OFF,Not Avl,Compl,Compl,Unable,OFF,55.469,36.719,31.875,33.125,19.531,39.551,15.686,31.765,0.781,1.582,ON,0,OFF,ON,ON,0.998,0.998,-0.027,-0.051,3.225,3.210,0,97,51199.219,13.750,25.490,OFF,OFF,OFF,OFF,OFF,OFF,OFF,Avail,Incmpl,Incmpl,Enable,Avail,470.300,130.400,470.700,130.400,ON,Avail,Compl,Enable,61,0,0,0,0,0,0,6,A,0,0,Avail,Incmpl,Incmpl,Enable,OFF,OFF,187,993.750,51199.219,51199.219,51199.219,51199.219,51199.219,51199.219,1GRFE ,0,Avail,Incmpl,Incmpl,Enable,0,OFF,OFF,OFF,OFF,ON,ON,Avail,Compl,Enable,Compl,CL,CL,Compl,Unable,Not Avl,Compl,Incmpl,Enable,OFF,80,15.500,548,ON,42.500,21.250,0.123,2661,15,21,-3,OFF,0,3.125,6.250,OFF,0,0,53,Avail,Compl,Enable,0,GRN2#  ,ON,0,Not Act,Not Act,0,0,0,0,21247.676,21247.676,Avail,Compl,Avail,Incmpl,Incmpl,Enable,OBD II (California ARB),OFF,OFF,0,0,0,1st,OFF,OFF,OFF,OFF,OFF,OFF,1.562,0,ON,OFF,950,0,OFF,OFF,OFF,ON,Gasoline,0.968,OFF,OFF,0.684,ON,0.938,16.078,15,0,0.801,0.801,2.383,0.801,0.918,2.031,47.843,0,16.078,22,0,0,OFF,ECT 5th,NA,OFF,97.878,97.900,16.078,0,Not Avl,0,0,0,0,ON,ON,0,0,0
179,0,14.001,Not Avl,Compl,Compl,Unable,OFF,Not Avl,Compl,Compl,Unable,OFF,55.469,36.719,31.875,33.125,19.531,39.551,15.686,31.765,0.781,1.582,ON,0,OFF,ON,ON,0.998,0.998,-0.027,-0.051,3.225,3.210,0,97,51199.219,13.750,25.490,OFF,OFF,OFF,OFF,OFF,OFF,OFF,Avail,Incmpl,Incmpl,Enable,Avail,470.300,130.400,470.700,130.400,ON,Avail,Compl,Enable,61,0,0,0,0,0,0,6,A,0,0,Avail,Incmpl,Incmpl,Enable,OFF,OFF,187,993.750,51199.219,51199.219,51199.219,51199.219,51199.219,51199.219,1GRFE ,0,Avail,Incmpl,Incmpl,Enable,0,OFF,OFF,OFF,OFF,ON,ON,Avail,Compl,Enable,Compl,CL,CL,Compl,Unable,Not Avl,Compl,Incmpl,Enable,OFF,80,15.500,548,ON,42.500,21.250,0.123,2661,15,21,-3,OFF,0,3.125,6.250,OFF,0,0,53,Avail,Compl,Enable,0,GRN2#  ,ON,0,Not Act,Not Act,0,0,0,0,21247.676,21247.676,Avail,Compl,Avail,Incmpl,Incmpl,Enable,OBD II (California ARB),OFF,OFF,0,0,0,1st,OFF,OFF,OFF,OFF,OFF,OFF,1.562,0,ON,OFF,950,0,OFF,OFF,OFF,ON,Gasoline,0.968,OFF,OFF,0.684,ON,0.938,16.078,15,0,0.801,0.801,2.383,0.801,0.918,2.031,47.843,0,16.078,23,0,0,OFF,ECT 5th,NA,OFF,97.878,97.900,16.078,0,Not Avl,0,0,0,0,ON,ON,0,0,0
180,0,14.001,Not Avl,Compl,Compl,Unable,OFF,Not Avl,Compl,Compl,Unable,OFF,55.469,36.719,31.875,33.125,19.531,39.551,15.686,31.765,0.781,1.582,ON,0,OFF,ON,ON,0.998,0.998,-0.027,-0.051,3.225,3.210,0,97,51199.219,13.750,25.490,OFF,OFF,OFF,OFF,OFF,OFF,OFF,Avail,Incmpl,Incmpl,Enable,Avail,470.300,130.400,470.700,130.400,ON,Avail,Compl,Enable,61,0,0,0,0,0,0,6,A,0,0,Avail,Incmpl,Incmpl,Enable,OFF,OFF,187,993.750,51199.219,51199.219,51199.219,51199.219,51199.219,51199.219,1GRFE ,0,Avail,Incmpl,Incmpl,Enable,0,OFF,OFF,OFF,OFF,ON,ON,Avail,Compl,Enable,Compl,CL,CL,Compl,Unable,Not Avl,Compl,Incmpl,Enable,OFF,80,15.500,548,ON,42.500,21.250,0.123,2661,15,21,-3,OFF,0,3.125,6.250,OFF,0,0,53,Avail,Compl,Enable,0,GRN2#  ,ON,0,Not Act,Not Act,0,0,0,0,21247.676,21247.676,Avail,Compl,Avail,Incmpl,Incmpl,Enable,OBD II (California ARB),OFF,OFF,0,0,0,1st,OFF,OFF,OFF,OFF,OFF,OFF,1.562,0,ON,OFF,950,0,OFF,OFF,OFF,ON,Gasoline,0.968,OFF,OFF,0.684,ON,0.938,16.078,15,0,0.801,0.801,2.383,0.801,0.918,2.031,47.843,0,16.078,23,0,0,OFF,ECT 5th,NA,OFF,97.878,97.900,16.078,0,Not Avl,0,0,0,0,ON,ON,0,0,0
181,0,14.001,Not Avl,Compl,Compl,Unable,OFF,Not Avl,Compl,Compl,Unable,OFF,55.469,36.719,31.875,33.125,19.531,39.551,15.686,31.765,0.781,1.582,ON,0,OFF,ON,ON,0.998,0.998,-0.027,-0.051,3.225,3.210,0,97,51199.219,13.750,25.490,OFF,OFF,OFF,OFF,OFF,OFF,OFF,Avail,Incmpl,Incmpl,Enable,Avail,470.300,130.400,470.700,130.400,ON,Avail,Compl,Enable,61,0,0,0,0,0,0,6,A,0,0,Avail,Incmpl,Incmpl,Enable,OFF,OFF,187,993.750,51199.219,51199.219,51199.219,51199.219,51199.219,51199.219,1GRFE ,0,Avail,Incmpl,Incmpl,Enable,0,OFF,OFF,OFF,OFF,ON,ON,Avail,Compl,Enable,Compl,CL,CL,Compl,Unable,Not Avl,Compl,Incmpl,Enable,OFF,80,15.500,548,ON,42.500,21.250,0.123,2661,15,21,-3,OFF,0,3.125,6.250,OFF,0,0,53,Avail,Compl,Enable,0,GRN2#  ,ON,0,Not Act,Not Act,0,0,0,0,21247.676,21247.676,Avail,Compl,Avail,Incmpl,Incmpl,Enable,OBD II (California ARB),OFF,OFF,0,0,0,1st,OFF,OFF,OFF,OFF,OFF,OFF,1.562,0,ON,OFF,950,0,OFF,OFF,OFF,ON,Gasoline,0.968,OFF,OFF,0.684,ON,0.938,16.078,15,0,0.801,0.801,2.383,0.801,0.918,2.031,47.843,0,16.078,23,0,0,OFF,ECT 5th,NA,OFF,97.878,97.900,16.078,0,Not Avl,0,0,0,0,ON,ON,0,0,0
182,0,14.001,Not Avl,Compl,Compl,Unable,OFF,Not Avl,Compl,Compl,Unable,OFF,55.469,36.719,31.875,33.125,19.531,39.551,15.686,31.765,0.781,1.582,ON,0,OFF,ON,ON,0.998,0.998,-0.027,-0.051,3.225,3.210,0,97,51199.219,13.750,25.490,OFF,OFF,OFF,OFF,OFF,OFF,OFF,Avail,Incmpl,Incmpl,Enable,Avail,470.300,130.400,470.700,130.400,ON,Avail,Compl,Enable,61,0,0,0,0,0,0,6,A,0,0,Avail,Incmpl,Incmpl,Enable,OFF,OFF,187,993.750,51199.219,51199.219,51199.219,51199.219,51199.219,51199.219,1GRFE ,0,Avail,Incmpl,Incmpl,Enable,0,OFF,OFF,OFF,OFF,ON,ON,Avail,Compl,Enable,Compl,CL,CL,Compl,Unable,Not Avl,Compl,Incmpl,Enable,OFF,80,15.500,548,ON,42.500,21.250,0.123,2661,15,21,-3,OFF,0,3.125,6.250,OFF,0,0,53,Avail,Compl,Enable,0,GRN2#  ,ON,0,Not Act,Not Act,0,0,0,0,21247.676,21247.676,Avail,Compl,Avail,Incmpl,Incmpl,Enable,OBD II (California ARB),OFF,OFF,0,0,0,1st,OFF,OFF,OFF,OFF,OFF,OFF,1.562,0,ON,OFF,950,0,OFF,OFF,OFF,ON,Gasoline,0.968,OFF,OFF,0.684,ON,0.938,16.078,15,0,0.801,0.801,2.383,0.801,0.918,2.031,47.843,0,16.078,23,0,0,OFF,ECT 5th,NA,OFF,97.878,97.900,16.078,0,Not Avl,0,0,0,0,ON,ON,0,0,0
183,0,14.001,Not Avl,Compl,Compl,Unable,OFF,Not Avl,Compl,Compl,Unable,OFF,55.469,36.719,31.875,33.125,19.531,39.551,15.686,31.765,0.781,1.582,ON,0,OFF,ON,ON,0.998,0.998,-0.027,-0.051,3.225,3.210,0,97,51199.219,13.750,25.490,OFF,OFF,OFF,OFF,OFF,OFF,OFF,Avail,Incmpl,Incmpl,Enable,Avail,470.300,130.400,470.700,130.400,ON,Avail,Compl,Enable,61,0,0,0,0,0,0,6,A,0,0,Avail,Incmpl,Incmpl,Enable,OFF,OFF,187,993.750,51199.219,51199.219,51199.219,51199.219,51199.219,51199.219,1GRFE ,0,Avail,Incmpl,Incmpl,Enable,0,OFF,OFF,OFF,OFF,ON,ON,Avail,Compl,Enable,Compl,CL,CL,Compl,Unable,Not Avl,Compl,Incmpl,Enable,OFF,80,15.500,548,ON,42.500,21.250,0.123,2661,15,21,-3,OFF,0,3.125,6.250,OFF,0,0,53,Avail,Compl,Enable,0,GRN2#  ,ON,0,Not Act,Not Act,0,0,0,0,21247.676,21247.676,Avail,Compl,Avail,Incmpl,Incmpl,Enable,OBD II (California ARB),OFF,OFF,0,0,0,1st,OFF,OFF,OFF,OFF,OFF,OFF,1.562,0,ON,OFF,950,0,OFF,OFF,OFF,ON,Gasoline,0.968,OFF,OFF,0.684,ON,0.938,16.078,15,0,0.801,0.801,2.383,0.801,0.918,2.031,47.843,0,16.078,23,0,0,OFF,ECT 5th,NA,OFF,97.878,97.900,16.078,0,Not Avl,0,0,0,0,ON,ON,0,0,0
184,0,14.001,Not Avl,Compl,Compl,Unable,OFF,Not Avl,Compl,Compl,Unable,OFF,55.469,36.719,31.875,33.125,19.531,39.551,15.686,31.765,0.781,1.582,ON,0,OFF,ON,ON,0.998,0.998,-0.027,-0.051,3.225,3.210,0,97,51199.219,13.750,25.490,OFF,OFF,OFF,OFF,OFF,OFF,OFF,Avail,Incmpl,Incmpl,Enable,Avail,470.300,130.400,470.700,130.400,ON,Avail,Compl,Enable,61,0,0,0,0,0,0,6,A,0,0,Avail,Incmpl,Incmpl,Enable,OFF,OFF,187,993.750,51199.219,51199.219,51199.219,51199.219,51199.219,51199.219,1GRFE ,0,Avail,Incmpl,Incmpl,Enable,0,OFF,OFF,OFF,OFF,ON,ON,Avail,Compl,Enable,Compl,CL,CL,Compl,Unable,Not Avl,Compl,Incmpl,Enable,OFF,80,15.500,548,ON,42.500,21.250,0.123,2661,15,21,-3,OFF,0,3.125,6.250,OFF,0,0,53,Avail,Compl,Enable,0,GRN2#  ,ON,0,Not Act,Not Act,0,0,0,0,21247.676,21247.676,Avail,Compl,Avail,Incmpl,Incmpl,Enable,OBD II (California ARB),OFF,OFF,0,0,0,1st,OFF,OFF,OFF,OFF,OFF,OFF,1.562,0,ON,OFF,950,0,OFF,OFF,OFF,ON,Gasoline,0.968,OFF,OFF,0.684,ON,0.938,16.078,15,0,0.801,0.801,2.383,0.801,0.918,2.031,47.843,0,16.078,23,0,0,OFF,ECT 5th,NA,OFF,97.878,97.900,16.078,0,Not Avl,0,0,0,0,ON,ON,0,0,0
185,0,14.001,Not Avl,Compl,Compl,Unable,OFF,Not Avl,Compl,Compl,Unable,OFF,55.469,36.719,31.875,33.125,19.531,39.551,15.686,31.765,0.781,1.582,ON,0,OFF,ON,ON,0.998,0.998,-0.027,-0.051,3.225,3.210,0,97,51199.219,13.750,25.490,OFF,OFF,OFF,OFF,OFF,OFF,OFF,Avail,Incmpl,Incmpl,Enable,Avail,470.300,130.400,470.700,130.400,ON,Avail,Compl,Enable,61,0,0,0,0,0,0,6,A,0,0,Avail,Incmpl,Incmpl,Enable,OFF,OFF,187,993.750,51199.219,51199.219,51199.219,51199.219,51199.219,51199.219,1GRFE ,0,Avail,Incmpl,Incmpl,Enable,0,OFF,OFF,OFF,OFF,ON,ON,Avail,Compl,Enable,Compl,CL,CL,Compl,Unable,Not Avl,Compl,Incmpl,Enable,OFF,80,15.500,548,ON,42.500,21.250,0.123,2661,15,21,-3,OFF,0,3.125,6.250,OFF,0,0,53,Avail,Compl,Enable,0,GRN2#  ,ON,0,Not Act,Not Act,0,0,0,0,21247.676,21247.676,Avail,Compl,Avail,Incmpl,Incmpl,Enable,OBD II (California ARB),OFF,OFF,0,0,0,1st,OFF,OFF,OFF,OFF,OFF,OFF,1.562,0,ON,OFF,950,0,OFF,OFF,OFF,ON,Gasoline,0.968,OFF,OFF,0.684,ON,0.938,16.078,15,0,0.801,0.801,2.383,0.801,0.918,2.031,47.843,0,16.078,23,0,0,OFF,ECT 5th,NA,OFF,97.878,97.900,16.078,0,Not Avl,0,0,0,0,ON,ON,0,0,0
186,0,14.001,Not Avl,Compl,Compl,Unable,OFF,Not Avl,Compl,Compl,Unable,OFF,55.469,36.719,31.875,33.125,19.531,39.551,15.686,31.765,0.781,1.582,ON,0,OFF,ON,ON,0.998,0.998,-0.027,-0.051,3.225,3.210,0,97,51199.219,13.750,25.490,OFF,OFF,OFF,OFF,OFF,OFF,OFF,Avail,Incmpl,Incmpl,Enable,Avail,470.300,130.400,470.700,130.400,ON,Avail,Compl,Enable,61,0,0,0,0,0,0,6,A,0,0,Avail,Incmpl,Incmpl,Enable,OFF,OFF,187,993.750,51199.219,51199.219,51199.219,51199.219,51199.219,51199.219,1GRFE ,0,Avail,Incmpl,Incmpl,Enable,0,OFF,OFF,OFF,OFF,ON,ON,Avail,Compl,Enable,Compl,CL,CL,Compl,Unable,Not Avl,Compl,Incmpl,Enable,OFF,80,15.500,548,ON,42.500,21.250,0.123,2661,15,21,-3,OFF,0,3.125,6.250,OFF,0,0,53,Avail,Compl,Enable,0,GRN2#  ,ON,0,Not Act,Not Act,0,0,0,0,21247.676,21247.676,Avail,Compl,Avail,Incmpl,Incmpl,Enable,OBD II (California ARB),OFF,OFF,0,0,0,1st,OFF,OFF,OFF,OFF,OFF,OFF,1.562,0,ON,OFF,950,0,OFF,OFF,OFF,ON,Gasoline,0.968,OFF,OFF,0.684,ON,0.938,16.078,15,0,0.801,0.801,2.383,0.801,0.918,2.031,47.843,0,16.078,23,0,0,OFF,ECT 5th,NA,OFF,97.878,97.900,16.078,0,Not Avl,0,0,0,0,ON,ON,0,0,0
187,0,14.001,Not Avl,Compl,Compl,Unable,OFF,Not Avl,Compl,Compl,Unable,OFF,55.469,36.719,31.875,33.125,19.531,39.551,15.686,31.765,0.781,1.582,ON,0,OFF,ON,ON,0.998,0.998,-0.027,-0.051,3.225,3.210,0,97,51199.219,13.750,25.490,OFF,OFF,OFF,OFF,OFF,OFF,OFF,Avail,Incmpl,Incmpl,Enable,Avail,470.300,130.400,470.700,130.400,ON,Avail,Compl,Enable,61,0,0,0,0,0,0,6,A,0,0,Avail,Incmpl,Incmpl,Enable,OFF,OFF,187,993.750,51199.219,51199.219,51199.219,51199.219,51199.219,51199.219,1GRFE ,0,Avail,Incmpl,Incmpl,Enable,0,OFF,OFF,OFF,OFF,ON,ON,Avail,Compl,Enable,Compl,CL,CL,Compl,Unable,Not Avl,Compl,Incmpl,Enable,OFF,80,15.500,548,ON,42.500,21.250,0.123,2661,15,21,-3,OFF,0,3.125,6.250,OFF,0,0,53,Avail,Compl,Enable,0,GRN2#  ,ON,0,Not Act,Not Act,0,0,0,0,21247.676,21247.676,Avail,Compl,Avail,Incmpl,Incmpl,Enable,OBD II (California ARB),OFF,OFF,0,0,0,1st,OFF,OFF,OFF,OFF,OFF,OFF,1.562,0,ON,OFF,950,0,OFF,OFF,OFF,ON,Gasoline,0.968,OFF,OFF,0.684,ON,0.938,16.078,15,0,0.801,0.801,2.383,0.801,0.918,2.031,47.843,0,16.078,23,0,0,OFF,ECT 5th,NA,OFF,97.878,97.878,16.078,0,Not Avl,0,0,0,0,ON,ON,0,0,0
188,0,14.001,Not Avl,Compl,Compl,Unable,OFF,Not Avl,Compl,Compl,Unable,OFF,55.469,36.719,31.875,33.125,19.531,39.551,15.686,31.765,0.781,1.582,ON,0,OFF,ON,ON,0.998,0.998,-0.027,-0.051,3.225,3.210,0,97,51199.219,13.750,25.490,OFF,OFF,OFF,OFF,OFF,OFF,OFF,Avail,Incmpl,Incmpl,Enable,Avail,470.300,130.400,470.700,130.400,ON,Avail,Compl,Enable,61,0,0,0,0,0,0,6,A,0,0,Avail,Incmpl,Incmpl,Enable,OFF,OFF,187,993.750,51199.219,51199.219,51199.219,51199.219,51199.219,51199.219,1GRFE ,0,Avail,Incmpl,Incmpl,Enable,0,OFF,OFF,OFF,OFF,ON,ON,Avail,Compl,Enable,Compl,CL,CL,Compl,Unable,Not Avl,Compl,Incmpl,Enable,OFF,80,15.500,548,ON,42.500,21.250,0.123,2661,15,21,-3,OFF,0,3.125,6.250,OFF,0,0,53,Avail,Compl,Enable,0,GRN2#  ,ON,0,Not Act,Not Act,0,0,0,0,21247.676,21247.676,Avail,Compl,Avail,Incmpl,Incmpl,Enable,OBD II (California ARB),OFF,OFF,0,0,0,1st,OFF,OFF,OFF,OFF,OFF,OFF,1.562,0,ON,OFF,950,0,OFF,OFF,OFF,ON,Gasoline,0.968,OFF,OFF,0.684,ON,0.938,16.078,15,0,0.801,0.801,2.383,0.801,0.918,2.031,47.843,0,16.078,23,0,0,OFF,ECT 5th,NA,OFF,97.878,97.878,16.078,0,Not Avl,0,0,0,0,ON,ON,0,0,0
189,0,14.001,Not Avl,Compl,Compl,Unable,OFF,Not Avl,Compl,Compl,Unable,OFF,55.469,36.719,31.875,33.125,19.531,39.551,15.686,31.765,0.781,1.582,ON,0,OFF,ON,ON,0.998,0.998,-0.027,-0.051,3.225,3.210,0,97,51199.219,13.750,25.490,OFF,OFF,OFF,OFF,OFF,OFF,OFF,Avail,Incmpl,Incmpl,Enable,Avail,470.300,130.400,470.700,130.400,ON,Avail,Compl,Enable,61,0,0,0,0,0,0,6,A,0,0,Avail,Incmpl,Incmpl,Enable,OFF,OFF,187,993.750,51199.219,51199.219,51199.219,51199.219,51199.219,51199.219,1GRFE ,0,Avail,Incmpl,Incmpl,Enable,0,OFF,OFF,OFF,OFF,ON,ON,Avail,Compl,Enable,Compl,CL,CL,Compl,Unable,Not Avl,Compl,Incmpl,Enable,OFF,80,15.500,548,ON,42.500,21.250,0.123,2661,15,21,-3,OFF,0,3.125,6.250,OFF,0,0,53,Avail,Compl,Enable,0,GRN2#  ,ON,0,Not Act,Not Act,0,0,0,0,21247.676,21247.676,Avail,Compl,Avail,Incmpl,Incmpl,Enable,OBD II (California ARB),OFF,OFF,0,0,0,1st,OFF,OFF,OFF,OFF,OFF,OFF,1.562,0,ON,OFF,950,0,OFF,OFF,OFF,ON,Gasoline,0.968,OFF,OFF,0.684,ON,0.938,16.078,15,0,0.801,0.801,2.383,0.801,0.918,2.031,47.843,0,16.078,23,0,0,OFF,ECT 5th,NA,OFF,97.878,97.878,16.078,0,Not Avl,0,0,0,0,ON,ON,0,0,0
190,0,14.001,Not Avl,Compl,Compl,Unable,OFF,Not Avl,Compl,Compl,Unable,OFF,55.469,36.719,31.875,33.125,19.531,39.551,15.686,31.765,0.781,1.582,ON,0,OFF,ON,ON,0.998,0.998,-0.027,-0.051,3.225,3.210,0,97,51199.219,13.750,25.490,OFF,OFF,OFF,OFF,OFF,OFF,OFF,Avail,Incmpl,Incmpl,Enable,Avail,470.300,130.400,470.700,130.400,ON,Avail,Compl,Enable,61,0,0,0,0,0,0,6,A,0,0,Avail,Incmpl,Incmpl,Enable,OFF,OFF,187,993.750,51199.219,51199.219,51199.219,51199.219,51199.219,51199.219,1GRFE ,0,Avail,Incmpl,Incmpl,Enable,0,OFF,OFF,OFF,OFF,ON,ON,Avail,Compl,Enable,Compl,CL,CL,Compl,Unable,Not Avl,Compl,Incmpl,Enable,OFF,80,15.500,548,ON,42.500,21.250,0.123,2661,15,21,-3,OFF,0,3.125,6.250,OFF,0,0,53,Avail,Compl,Enable,0,GRN2#  ,ON,0,Not Act,Not Act,0,0,0,0,21247.676,21247.676,Avail,Compl,Avail,Incmpl,Incmpl,Enable,OBD II (California ARB),OFF,OFF,0,0,0,1st,OFF,OFF,OFF,OFF,OFF,OFF,1.562,0,ON,OFF,950,0,OFF,OFF,OFF,ON,Gasoline,0.968,OFF,OFF,0.684,ON,0.938,16.078,15,0,0.801,0.801,2.383,0.801,0.918,2.031,47.843,0,16.078,23,0,0,OFF,ECT 5th,NA,OFF,97.878,97.878,16.078,0,Not Avl,0,0,0,0,ON,ON,0,0,0
191,0,14.001,Not Avl,Compl,Compl,Unable,OFF,Not Avl,Compl,Compl,Unable,OFF,55.469,36.719,31.875,33.125,19.531,39.551,15.686,31.765,0.781,1.582,ON,0,OFF,ON,ON,0.998,0.998,-0.027,-0.051,3.225,3.210,0,97,51199.219,13.750,25.490,OFF,OFF,OFF,OFF,OFF,OFF,OFF,Avail,Incmpl,Incmpl,Enable,Avail,470.300,130.400,470.700,130.400,ON,Avail,Compl,Enable,61,0,0,0,0,0,0,6,A,0,0,Avail,Incmpl,Incmpl,Enable,OFF,OFF,187,993.750,51199.219,51199.219,51199.219,51199.219,51199.219,51199.219,1GRFE ,0,Avail,Incmpl,Incmpl,Enable,0,OFF,OFF,OFF,OFF,ON,ON,Avail,Compl,Enable,Compl,CL,CL,Compl,Unable,Not Avl,Compl,Incmpl,Enable,OFF,80,15.500,548,ON,42.500,21.250,0.123,2661,15,21,-3,OFF,0,3.125,6.250,OFF,0,0,53,Avail,Compl,Enable,0,GRN2#  ,ON,0,Not Act,Not Act,0,0,0,0,21247.676,21247.676,Avail,Compl,Avail,Incmpl,Incmpl,Enable,OBD II (California ARB),OFF,OFF,0,0,0,1st,OFF,OFF,OFF,OFF,OFF,OFF,1.562,0,ON,OFF,950,0,OFF,OFF,OFF,ON,Gasoline,0.968,OFF,OFF,0.684,ON,0.938,16.078,15,0,0.801,0.801,2.383,0.801,0.918,2.031,47.843,0,16.078,23,0,0,OFF,ECT 5th,NA,OFF,97.878,97.878,16.078,0,Not Avl,0,0,0,0,ON,ON,0,0,0
192,0,14.001,Not Avl,Compl,Compl,Unable,OFF,Not Avl,Compl,Compl,Unable,OFF,55.469,36.719,31.875,33.125,19.531,39.551,15.686,31.765,0.781,1.582,ON,0,OFF,ON,ON,0.998,0.998,-0.027,-0.051,3.225,3.210,0,97,51199.219,13.750,25.490,OFF,OFF,OFF,OFF,OFF,OFF,OFF,Avail,Incmpl,Incmpl,Enable,Avail,470.300,130.400,470.700,130.400,ON,Avail,Compl,Enable,61,0,0,0,0,0,0,6,A,0,0,Avail,Incmpl,Incmpl,Enable,OFF,OFF,187,993.750,51199.219,51199.219,51199.219,51199.219,51199.219,51199.219,1GRFE ,0,Avail,Incmpl,Incmpl,Enable,0,OFF,OFF,OFF,OFF,ON,ON,Avail,Compl,Enable,Compl,CL,CL,Compl,Unable,Not Avl,Compl,Incmpl,Enable,OFF,80,15.500,548,ON,42.500,21.250,0.123,2661,15,21,-3,OFF,0,3.125,6.250,OFF,0,0,53,Avail,Compl,Enable,0,GRN2#  ,ON,0,Not Act,Not Act,0,0,0,0,21247.676,21247.676,Avail,Compl,Avail,Incmpl,Incmpl,Enable,OBD II (California ARB),OFF,OFF,0,0,0,1st,OFF,OFF,OFF,OFF,OFF,OFF,1.562,0,ON,OFF,950,0,OFF,OFF,OFF,ON,Gasoline,0.968,OFF,OFF,0.684,ON,0.938,16.078,15,0,0.801,0.801,2.383,0.801,0.918,2.031,47.843,0,16.078,23,0,0,OFF,ECT 5th,NA,OFF,97.878,97.878,16.078,0,Not Avl,0,0,0,0,ON,ON,0,0,0
193,0,14.001,Not Avl,Compl,Compl,Unable,OFF,Not Avl,Compl,Compl,Unable,OFF,55.469,36.719,31.875,33.125,19.531,39.551,15.686,31.765,0.781,1.582,ON,0,OFF,ON,ON,0.998,0.998,-0.027,-0.051,3.225,3.210,0,97,51199.219,13.750,25.490,OFF,OFF,OFF,OFF,OFF,OFF,OFF,Avail,Incmpl,Incmpl,Enable,Avail,470.300,130.400,470.700,130.400,ON,Avail,Compl,Enable,61,0,0,0,0,0,0,6,A,0,0,Avail,Incmpl,Incmpl,Enable,OFF,OFF,187,993.750,51199.219,51199.219,51199.219,51199.219,51199.219,51199.219,1GRFE ,0,Avail,Incmpl,Incmpl,Enable,0,OFF,OFF,OFF,OFF,ON,ON,Avail,Compl,Enable,Compl,CL,CL,Compl,Unable,Not Avl,Compl,Incmpl,Enable,OFF,80,15.500,548,ON,42.500,21.250,0.123,2661,15,21,-3,OFF,0,3.125,6.250,OFF,0,0,53,Avail,Compl,Enable,0,GRN2#  ,ON,0,Not Act,Not Act,0,0,0,0,21247.676,21247.676,Avail,Compl,Avail,Incmpl,Incmpl,Enable,OBD II (California ARB),OFF,OFF,0,0,0,1st,OFF,OFF,OFF,OFF,OFF,OFF,1.562,0,ON,OFF,950,0,OFF,OFF,OFF,ON,Gasoline,0.968,OFF,OFF,0.684,ON,0.938,16.078,15,0,0.801,0.801,2.383,0.801,0.918,2.031,47.843,0,16.078,23,0,0,OFF,ECT 5th,NA,OFF,97.878,97.878,16.078,0,Not Avl,0,0,0,0,ON,ON,0,0,0
194,0,14.001,Not Avl,Compl,Compl,Unable,OFF,Not Avl,Compl,Compl,Unable,OFF,55.469,36.719,31.875,33.125,19.531,39.551,15.686,31.765,0.781,1.582,ON,0,OFF,ON,ON,0.998,0.998,-0.027,-0.051,3.225,3.210,0,97,51199.219,13.750,25.490,OFF,OFF,OFF,OFF,OFF,OFF,OFF,Avail,Incmpl,Incmpl,Enable,Avail,470.300,130.400,470.700,130.400,ON,Avail,Compl,Enable,61,0,0,0,0,0,0,6,A,0,0,Avail,Incmpl,Incmpl,Enable,OFF,OFF,187,993.750,51199.219,51199.219,51199.219,51199.219,51199.219,51199.219,1GRFE ,0,Avail,Incmpl,Incmpl,Enable,0,OFF,OFF,OFF,OFF,ON,ON,Avail,Compl,Enable,Compl,CL,CL,Compl,Unable,Not Avl,Compl,Incmpl,Enable,OFF,80,15.500,548,ON,42.500,21.250,0.123,2661,15,21,-3,OFF,0,3.125,6.250,OFF,0,0,53,Avail,Compl,Enable,0,GRN2#  ,ON,0,Not Act,Not Act,0,0,0,0,21247.676,21247.676,Avail,Compl,Avail,Incmpl,Incmpl,Enable,OBD II (California ARB),OFF,OFF,0,0,0,1st,OFF,OFF,OFF,OFF,OFF,OFF,1.562,0,ON,OFF,950,0,OFF,OFF,OFF,ON,Gasoline,0.968,OFF,OFF,0.684,ON,0.938,16.078,15,0,0.801,0.801,2.383,0.801,0.918,2.031,47.843,0,16.078,23,0,0,OFF,ECT 5th,NA,OFF,97.878,97.878,16.078,0,Not Avl,0,0,0,0,ON,ON,0,0,0
195,0,14.001,Not Avl,Compl,Compl,Unable,OFF,Not Avl,Compl,Compl,Unable,OFF,55.469,36.719,31.875,33.125,19.531,39.551,15.686,31.765,0.781,1.582,ON,0,OFF,ON,ON,0.998,0.998,-0.027,-0.051,3.225,3.210,0,97,51199.219,13.750,25.490,OFF,OFF,OFF,OFF,OFF,OFF,OFF,Avail,Incmpl,Incmpl,Enable,Avail,470.300,130.400,470.700,130.400,ON,Avail,Compl,Enable,61,0,0,0,0,0,0,6,A,0,0,Avail,Incmpl,Incmpl,Enable,OFF,OFF,187,993.750,51199.219,51199.219,51199.219,51199.219,51199.219,51199.219,1GRFE ,0,Avail,Incmpl,Incmpl,Enable,0,OFF,OFF,OFF,OFF,ON,ON,Avail,Compl,Enable,Compl,CL,CL,Compl,Unable,Not Avl,Compl,Incmpl,Enable,OFF,80,15.500,548,ON,42.500,21.250,0.123,2661,15,21,-3,OFF,0,3.125,6.250,OFF,0,0,53,Avail,Compl,Enable,0,GRN2#  ,ON,0,Not Act,Not Act,0,0,0,0,21247.676,21247.676,Avail,Compl,Avail,Incmpl,Incmpl,Enable,OBD II (California ARB),OFF,OFF,0,0,0,1st,OFF,OFF,OFF,OFF,OFF,OFF,1.562,0,ON,OFF,950,0,OFF,OFF,OFF,ON,Gasoline,0.968,OFF,OFF,0.684,ON,0.938,16.078,15,0,0.801,0.801,2.383,0.801,0.918,2.031,47.843,0,16.078,23,0,0,OFF,ECT 5th,NA,OFF,97.878,97.878,16.078,0,Not Avl,0,0,0,0,ON,ON,0,0,0
196,0,14.001,Not Avl,Compl,Compl,Unable,OFF,Not Avl,Compl,Compl,Unable,OFF,55.469,36.719,31.875,33.125,19.531,39.551,15.686,31.765,0.781,1.582,ON,0,OFF,ON,ON,0.998,0.998,-0.027,-0.051,3.225,3.210,0,97,51199.219,13.750,25.490,OFF,OFF,OFF,OFF,OFF,OFF,OFF,Avail,Incmpl,Incmpl,Enable,Avail,470.300,130.400,470.700,130.400,ON,Avail,Compl,Enable,61,0,0,0,0,0,0,6,A,0,0,Avail,Incmpl,Incmpl,Enable,OFF,OFF,187,993.750,51199.219,51199.219,51199.219,51199.219,51199.219,51199.219,1GRFE ,0,Avail,Incmpl,Incmpl,Enable,0,OFF,OFF,OFF,OFF,ON,ON,Avail,Compl,Enable,Compl,CL,CL,Compl,Unable,Not Avl,Compl,Incmpl,Enable,OFF,80,15.500,548,ON,42.500,21.250,0.123,2661,15,21,-3,OFF,0,3.125,6.250,OFF,0,0,53,Avail,Compl,Enable,0,GRN2#  ,ON,0,Not Act,Not Act,0,0,0,0,21247.676,21247.676,Avail,Compl,Avail,Incmpl,Incmpl,Enable,OBD II (California ARB),OFF,OFF,0,0,0,1st,OFF,OFF,OFF,OFF,OFF,OFF,1.562,0,ON,OFF,950,0,OFF,OFF,OFF,ON,Gasoline,0.968,OFF,OFF,0.684,ON,0.938,16.078,15,0,0.801,0.801,2.383,0.801,0.918,2.031,47.843,0,16.078,23,0,0,OFF,ECT 5th,NA,OFF,97.878,97.878,16.078,0,Not Avl,0,0,0,0,ON,ON,0,0,0
197,0,14.001,Not Avl,Compl,Compl,Unable,OFF,Not Avl,Compl,Compl,Unable,OFF,55.469,36.719,31.875,33.125,19.531,39.551,15.686,31.765,0.781,1.582,ON,0,OFF,ON,ON,0.998,0.998,-0.027,-0.051,3.225,3.210,0,97,51199.219,13.750,25.490,OFF,OFF,OFF,OFF,OFF,OFF,OFF,Avail,Incmpl,Incmpl,Enable,Avail,470.300,130.400,470.700,130.400,ON,Avail,Compl,Enable,61,0,0,0,0,0,0,6,A,0,0,Avail,Incmpl,Incmpl,Enable,OFF,OFF,187,993.750,51199.219,51199.219,51199.219,51199.219,51199.219,51199.219,1GRFE ,0,Avail,Incmpl,Incmpl,Enable,0,OFF,OFF,OFF,OFF,ON,ON,Avail,Compl,Enable,Compl,CL,CL,Compl,Unable,Not Avl,Compl,Incmpl,Enable,OFF,80,15.500,548,ON,42.500,21.250,0.123,2661,15,21,-3,OFF,0,3.125,6.250,OFF,0,0,53,Avail,Compl,Enable,0,GRN2#  ,ON,0,Not Act,Not Act,0,0,0,0,21247.676,21247.676,Avail,Compl,Avail,Incmpl,Incmpl,Enable,OBD II (California ARB),OFF,OFF,0,0,0,1st,OFF,OFF,OFF,OFF,OFF,OFF,1.562,0,ON,OFF,950,0,OFF,OFF,OFF,ON,Gasoline,0.968,OFF,OFF,0.684,ON,0.938,16.078,15,0,0.801,0.801,2.383,0.801,0.918,2.031,47.843,0,16.078,23,0,0,OFF,ECT 5th,NA,OFF,97.878,97.878,16.078,0,Not Avl,0,0,0,0,ON,ON,0,0,0
198,0,14.001,Not Avl,Compl,Compl,Unable,OFF,Not Avl,Compl,Compl,Unable,OFF,55.469,36.719,31.875,33.125,19.531,39.551,15.686,31.765,0.781,1.582,ON,0,OFF,ON,ON,0.998,0.998,-0.027,-0.051,3.225,3.210,0,97,51199.219,13.750,25.490,OFF,OFF,OFF,OFF,OFF,OFF,OFF,Avail,Incmpl,Incmpl,Enable,Avail,470.300,130.400,470.700,130.400,ON,Avail,Compl,Enable,61,0,0,0,0,0,0,6,A,0,0,Avail,Incmpl,Incmpl,Enable,OFF,OFF,187,993.750,51199.219,51199.219,51199.219,51199.219,51199.219,51199.219,1GRFE ,0,Avail,Incmpl,Incmpl,Enable,0,OFF,OFF,OFF,OFF,ON,ON,Avail,Compl,Enable,Compl,CL,CL,Compl,Unable,Not Avl,Compl,Incmpl,Enable,OFF,80,15.500,548,ON,42.500,21.250,0.123,2661,15,21,-3,OFF,0,3.125,6.250,OFF,0,0,53,Avail,Compl,Enable,0,GRN2#  ,ON,0,Not Act,Not Act,0,0,0,0,21247.676,21247.676,Avail,Compl,Avail,Incmpl,Incmpl,Enable,OBD II (California ARB),OFF,OFF,0,0,0,1st,OFF,OFF,OFF,OFF,OFF,OFF,1.562,0,ON,OFF,950,0,OFF,OFF,OFF,ON,Gasoline,0.968,OFF,OFF,0.684,ON,0.938,16.078,15,0,0.801,0.801,2.383,0.801,0.918,2.031,47.843,0,16.078,23,0,0,OFF,ECT 5th,NA,OFF,97.878,97.878,16.078,0,Not Avl,0,0,0,0,ON,ON,0,0,0
199,0,14.001,Not Avl,Compl,Compl,Unable,OFF,Not Avl,Compl,Compl,Unable,OFF,55.469,36.719,31.875,33.125,19.531,39.551,15.686,31.765,0.781,1.582,ON,0,OFF,ON,ON,0.998,0.998,-0.027,-0.051,3.225,3.210,0,97,51199.219,13.750,25.490,OFF,OFF,OFF,OFF,OFF,OFF,OFF,Avail,Incmpl,Incmpl,Enable,Avail,470.300,130.400,470.700,130.400,ON,Avail,Compl,Enable,61,0,0,0,0,0,0,6,A,0,0,Avail,Incmpl,Incmpl,Enable,OFF,OFF,187,993.750,51199.219,51199.219,51199.219,51199.219,51199.219,51199.219,1GRFE ,0,Avail,Incmpl,Incmpl,Enable,0,OFF,OFF,OFF,OFF,ON,ON,Avail,Compl,Enable,Compl,CL,CL,Compl,Unable,Not Avl,Compl,Incmpl,Enable,OFF,80,15.500,548,ON,42.500,21.250,0.123,2661,15,21,-3,OFF,0,3.125,6.250,OFF,0,0,53,Avail,Compl,Enable,0,GRN2#  ,ON,0,Not Act,Not Act,0,0,0,0,21247.676,21247.676,Avail,Compl,Avail,Incmpl,Incmpl,Enable,OBD II (California ARB),OFF,OFF,0,0,0,1st,OFF,OFF,OFF,OFF,OFF,OFF,1.562,0,ON,OFF,950,0,OFF,OFF,OFF,ON,Gasoline,0.968,OFF,OFF,0.684,ON,0.938,16.078,15,0,0.801,0.801,2.383,0.801,0.918,2.031,47.843,0,16.078,23,0,0,OFF,ECT 5th,NA,OFF,97.878,97.878,16.078,0,Not Avl,0,0,0,0,ON,ON,0,0,0
200,0,13.973,Not Avl,Compl,Compl,Unable,OFF,Not Avl,Compl,Compl,Unable,OFF,36.719,50,31.875,33.125,19.531,39.551,15.686,31.765,0.781,1.582,ON,0,OFF,ON,ON,1.000,1.003,-0.035,-0.027,3.239,3.249,0,97,51199.219,13.730,25.882,OFF,OFF,OFF,OFF,OFF,OFF,OFF,Avail,Incmpl,Incmpl,Enable,Avail,474.900,139.300,474.900,139.300,ON,Avail,Compl,Enable,63,0,0,0,0,0,0,6,A,0,0,Avail,Incmpl,Incmpl,Enable,OFF,OFF,199,961.500,51199.219,51199.219,51199.219,51199.219,51199.219,51199.219,1GRFE ,0,Avail,Incmpl,Incmpl,Enable,0,OFF,OFF,OFF,OFF,ON,ON,Avail,Compl,Enable,Compl,CL,CL,Compl,Unable,Not Avl,Compl,Incmpl,Enable,OFF,80,15.500,394,ON,42.500,21.250,0.121,2661,15,21,-3,OFF,0,3.125,6.170,OFF,0,0,64,Avail,Compl,Enable,0,GRN2#  ,ON,0,Not Act,Not Act,0,0,0,0,21247.676,21247.676,Avail,Compl,Avail,Incmpl,Incmpl,Enable,OBD II (California ARB),OFF,OFF,0,0,0,1st,OFF,OFF,OFF,OFF,OFF,OFF,1.562,0,ON,OFF,950,0,OFF,OFF,OFF,ON,Gasoline,0.969,OFF,OFF,0.684,ON,0.938,16.078,13,0,0.801,0.801,2.383,0.801,0.918,2.031,47.843,0,16.078,23,0,0,OFF,ECT 5th,NA,OFF,97.878,97.878,16.078,0,Not Avl,0,0,0,0,ON,ON,0,0,0
201,0,13.992,Not Avl,Compl,Compl,Unable,OFF,Not Avl,Compl,Compl,Unable,OFF,36.719,56.250,31.875,33.125,19.531,39.551,15.686,31.765,0.781,1.582,ON,0,OFF,ON,ON,0.998,1.002,-0.043,-0.031,3.225,3.244,0,97,51199.219,13.730,25.882,OFF,OFF,OFF,OFF,OFF,OFF,OFF,Avail,Incmpl,Incmpl,Enable,Avail,474.900,139.300,474.900,139.300,ON,Avail,Compl,Enable,63,0,0,0,0,0,0,6,A,0,0,Avail,Incmpl,Incmpl,Enable,OFF,OFF,200,971,51199.219,51199.219,51199.219,51199.219,51199.219,51199.219,1GRFE ,0,Avail,Incmpl,Incmpl,Enable,0,OFF,OFF,OFF,OFF,ON,ON,Avail,Compl,Enable,Compl,CL,CL,Compl,Unable,Not Avl,Compl,Incmpl,Enable,OFF,80,15.500,415,ON,42.500,21.250,0.121,2665,15,21,-3,OFF,0,3.125,6.180,OFF,0,0,64,Avail,Compl,Enable,0,GRN2#  ,ON,0,Not Act,Not Act,0,0,0,0,21247.676,21247.676,Avail,Compl,Avail,Incmpl,Incmpl,Enable,OBD II (California ARB),OFF,OFF,0,0,0,1st,OFF,OFF,OFF,OFF,OFF,OFF,1.562,0,ON,OFF,950,0,OFF,OFF,OFF,ON,Gasoline,0.968,OFF,OFF,0.684,ON,0.703,16.078,12,0,0.801,0.801,2.383,0.801,0.918,2.031,47.843,0,16.078,23,0,0,OFF,ECT 5th,NA,OFF,97.878,97.878,16.078,0,Not Avl,0,0,0,0,ON,ON,0,0,0
202,0,13.965,Not Avl,Compl,Compl,Unable,OFF,Not Avl,Compl,Compl,Unable,OFF,47.656,58.594,31.875,33.125,19.531,39.551,15.686,31.765,0.781,1.582,ON,0,OFF,ON,ON,0.999,1.001,-0.039,-0.031,3.230,3.244,0,97,51199.219,13.750,25.882,OFF,OFF,OFF,OFF,OFF,OFF,OFF,Avail,Incmpl,Incmpl,Enable,Avail,475.200,140,475.200,140,ON,Avail,Compl,Enable,63,0,0,0,0,0,0,6,A,0,0,Avail,Incmpl,Incmpl,Enable,OFF,OFF,200,980.250,51199.219,51199.219,51199.219,51199.219,51199.219,51199.219,1GRFE ,0,Avail,Incmpl,Incmpl,Enable,0,OFF,OFF,OFF,OFF,ON,ON,Avail,Compl,Enable,Compl,CL,CL,Compl,Unable,Not Avl,Compl,Incmpl,Enable,OFF,80,15.500,435,ON,42.500,21.250,0.121,2650,15,21,-3,OFF,0,3.125,6.100,OFF,0,0,63,Avail,Compl,Enable,0,GRN2#  ,ON,0,Not Act,Not Act,0,0,0,0,21247.676,21247.676,Avail,Compl,Avail,Incmpl,Incmpl,Enable,OBD II (California ARB),OFF,OFF,0,0,0,1st,OFF,OFF,OFF,OFF,OFF,OFF,1.562,0,ON,OFF,950,0,OFF,OFF,OFF,ON,Gasoline,0.968,OFF,OFF,0.684,ON,1.172,16.078,17,0,0.801,0.801,2.383,0.801,0.918,2.031,47.843,0,16.078,23,0,0,OFF,ECT 5th,NA,OFF,97.878,97.878,15.686,0,Not Avl,0,0,0,0,ON,ON,0,0,0
203,0,13.983,Not Avl,Compl,Compl,Unable,OFF,Not Avl,Compl,Compl,Unable,OFF,56.250,59.375,32.500,33.125,19.531,39.551,15.686,31.765,0.781,1.582,ON,0,OFF,ON,ON,1.003,1.002,-0.027,-0.027,3.254,3.249,0,97,51199.219,13.730,25.490,OFF,OFF,OFF,OFF,OFF,OFF,OFF,Avail,Incmpl,Incmpl,Enable,Avail,475.200,140,475.200,140,ON,Avail,Compl,Enable,63,0,0,0,0,0,0,6,A,0,0,Avail,Incmpl,Incmpl,Enable,OFF,OFF,200,979.500,51199.219,51199.219,51199.219,51199.219,51199.219,51199.219,1GRFE ,0,Avail,Incmpl,Incmpl,Enable,0,OFF,OFF,OFF,OFF,ON,ON,Avail,Compl,Enable,Compl,CL,CL,Compl,Unable,Not Avl,Compl,Incmpl,Enable,OFF,80,15.500,456,ON,42.500,21.250,0.122,2643,15,21,-3,OFF,0,3.125,6.150,OFF,0,0,63,Avail,Compl,Enable,0,GRN2#  ,ON,0,Not Act,Not Act,0,0,0,0,21247.676,21247.676,Avail,Compl,Avail,Incmpl,Incmpl,Enable,OBD II (California ARB),OFF,OFF,0,0,0,1st,OFF,OFF,OFF,OFF,OFF,OFF,1.562,0,ON,OFF,950,0,OFF,OFF,OFF,ON,Gasoline,0.965,OFF,OFF,0.684,ON,0.859,16.078,13,0,0.801,0.801,2.383,0.801,0.918,2.031,47.843,0,16.078,23,0,0,OFF,ECT 5th,NA,OFF,97.878,97.900,15.686,0,Not Avl,0,0,0,0,ON,ON,0,0,0
204,0,13.984,Not Avl,Compl,Compl,Unable,OFF,Not Avl,Compl,Compl,Unable,OFF,58.594,46.875,32.500,33.125,19.531,39.551,15.686,31.765,0.781,1.582,ON,0,OFF,ON,ON,1.003,1.002,-0.027,-0.031,3.254,3.244,0,97,51199.219,13.730,25.882,OFF,OFF,OFF,OFF,OFF,OFF,OFF,Avail,Incmpl,Incmpl,Enable,Avail,475.200,140,475.200,140,ON,Avail,Compl,Enable,63,0,0,0,0,0,0,6,A,0,0,Avail,Incmpl,Incmpl,Enable,OFF,OFF,201,963.250,51199.219,51199.219,51199.219,51199.219,51199.219,51199.219,1GRFE ,0,Avail,Incmpl,Incmpl,Enable,0,OFF,OFF,OFF,OFF,ON,ON,Avail,Compl,Enable,Compl,CL,CL,Compl,Unable,Not Avl,Compl,Incmpl,Enable,OFF,80,15.500,477,ON,42.500,21.250,0.122,2672,15,21,-3,OFF,0,3.125,6.170,OFF,0,0,63,Avail,Compl,Enable,0,GRN2#  ,ON,0,Not Act,Not Act,0,0,0,0,21247.676,21247.676,Avail,Compl,Avail,Incmpl,Incmpl,Enable,OBD II (California ARB),OFF,OFF,0,0,0,1st,OFF,OFF,OFF,OFF,OFF,OFF,2.344,0.781,ON,OFF,900,0,OFF,OFF,OFF,ON,Gasoline,0.963,OFF,OFF,0.684,ON,0.781,16.078,13,0,0.801,0.801,2.383,0.801,0.918,2.031,47.843,0,16.078,23,0,0,OFF,ECT 5th,NA,OFF,97.878,97.900,16.078,0,Not Avl,0,0,0,0,ON,ON,0,0,0
205,0,13.984,Not Avl,Compl,Compl,Unable,OFF,Not Avl,Compl,Compl,Unable,OFF,59.375,41.406,31.875,33.125,19.531,39.551,15.686,31.765,0.781,1.582,ON,0,OFF,ON,ON,0.995,0.998,-0.059,-0.043,3.200,3.225,0,97,51199.219,13.750,25.882,OFF,OFF,OFF,OFF,OFF,OFF,OFF,Avail,Incmpl,Incmpl,Enable,Avail,475.500,140.700,475.500,140.700,ON,Avail,Compl,Enable,63,0,0,0,0,0,0,6,A,0,0,Avail,Incmpl,Incmpl,Enable,OFF,OFF,201,962.500,51199.219,51199.219,51199.219,51199.219,51199.219,51199.219,1GRFE ,0,Avail,Incmpl,Incmpl,Enable,0,OFF,OFF,OFF,OFF,ON,ON,Avail,Compl,Enable,Compl,CL,CL,Compl,Unable,Not Avl,Compl,Incmpl,Enable,OFF,80,15.500,496,ON,42.500,21.250,0.122,2687,15,21,-3,OFF,0,3.125,6.170,OFF,0,0,49,Avail,Compl,Enable,0,GRN2#  ,ON,0,Not Act,Not Act,0,0,0,0,21247.676,21247.676,Avail,Compl,Avail,Incmpl,Incmpl,Enable,OBD II (California ARB),OFF,OFF,0,0,0,1st,OFF,OFF,OFF,OFF,OFF,OFF,1.562,0.781,ON,OFF,950,0,OFF,OFF,OFF,ON,Gasoline,0.963,OFF,OFF,0.684,ON,0.859,16.078,14,0,0.801,0.801,2.383,0.801,0.918,2.031,47.843,0,16.078,23,0,0,OFF,ECT 5th,NA,OFF,97.878,97.878,16.078,0,Not Avl,0,0,0,0,ON,ON,0,0,0
206,0,13.983,Not Avl,Compl,Compl,Unable,OFF,Not Avl,Compl,Compl,Unable,OFF,46.875,39.062,31.875,33.125,19.531,39.551,15.686,31.765,0.781,1.582,ON,0,OFF,ON,ON,0.995,0.995,-0.055,-0.055,3.210,3.205,0,97,51199.219,13.730,25.882,OFF,OFF,OFF,OFF,OFF,OFF,OFF,Avail,Incmpl,Incmpl,Enable,Avail,475.500,140.700,475.500,140.700,ON,Avail,Compl,Enable,63,0,0,0,0,0,0,6,A,0,0,Avail,Incmpl,Incmpl,Enable,OFF,OFF,202,967.750,51199.219,51199.219,51199.219,51199.219,51199.219,51199.219,1GRFE ,0,Avail,Incmpl,Incmpl,Enable,0,OFF,OFF,OFF,OFF,ON,ON,Avail,Compl,Enable,Compl,CL,CL,Compl,Unable,Not Avl,Compl,Incmpl,Enable,OFF,80,15.500,516,ON,42.500,21.250,0.123,2672,15,21,-3,OFF,0,3.125,6.100,OFF,0,0,49,Avail,Compl,Enable,0,GRN2#  ,ON,0,Not Act,Not Act,0,0,0,0,21247.676,21247.676,Avail,Compl,Avail,Incmpl,Incmpl,Enable,OBD II (California ARB),OFF,OFF,0,0,0,1st,OFF,OFF,OFF,OFF,OFF,OFF,1.562,0,ON,OFF,950,0,OFF,OFF,OFF,ON,Gasoline,0.966,OFF,OFF,0.684,ON,1.016,16.078,14,0,0.801,0.801,2.383,0.801,0.918,2.031,47.843,0,16.078,23,0,0,OFF,ECT 5th,NA,OFF,97.878,97.900,15.686,0,Not Avl,0,0,0,0,ON,ON,0,0,0
207,0,13.977,Not Avl,Compl,Compl,Unable,OFF,Not Avl,Compl,Compl,Unable,OFF,41.406,29.688,31.875,33.125,19.531,39.551,15.686,31.765,0.781,1.582,ON,0,OFF,ON,ON,0.995,0.995,-0.055,-0.055,3.210,3.210,0,97,51199.219,13.750,25.882,OFF,OFF,OFF,OFF,OFF,OFF,OFF,Avail,Incmpl,Incmpl,Enable,Avail,475.800,141.500,475.800,141.500,ON,Avail,Compl,Enable,63,0,0,0,0,0,0,6,A,0,0,Avail,Incmpl,Incmpl,Enable,OFF,OFF,202,982,51199.219,51199.219,51199.219,51199.219,51199.219,51199.219,1GRFE ,0,Avail,Incmpl,Incmpl,Enable,0,OFF,OFF,OFF,OFF,ON,ON,Avail,Compl,Enable,Compl,CL,CL,Compl,Unable,Not Avl,Compl,Incmpl,Enable,OFF,80,15.500,534,ON,42.500,21.250,0.123,2647,15,21,-3,OFF,0,3.125,6.170,OFF,0,0,65,Avail,Compl,Enable,0,GRN2#  ,ON,0,Not Act,Not Act,0,0,0,0,21247.676,21247.676,Avail,Compl,Avail,Incmpl,Incmpl,Enable,OBD II (California ARB),OFF,OFF,0,0,0,1st,OFF,OFF,OFF,OFF,OFF,OFF,1.562,0,ON,OFF,950,0,OFF,OFF,OFF,ON,Gasoline,0.966,OFF,OFF,0.684,ON,1.016,16.078,16,0,0.801,0.801,2.383,0.801,0.918,2.031,47.843,0,16.078,23,0,0,OFF,ECT 5th,NA,OFF,97.878,97.900,15.686,0,Not Avl,0,0,0,0,ON,ON,0,0,0
208,0,13.983,Not Avl,Compl,Compl,Unable,OFF,Not Avl,Compl,Compl,Unable,OFF,39.844,27.344,32.500,33.125,19.531,39.551,15.686,31.765,0.781,1.582,ON,0,OFF,ON,ON,1.002,0.998,-0.031,-0.039,3.244,3.230,0,97,51199.219,13.730,25.490,OFF,OFF,OFF,OFF,OFF,OFF,OFF,Avail,Incmpl,Incmpl,Enable,Avail,475.800,141.500,475.800,141.500,ON,Avail,Compl,Enable,63,0,0,0,0,0,0,6,A,0,0,Avail,Incmpl,Incmpl,Enable,OFF,OFF,202,986.500,51199.219,51199.219,51199.219,51199.219,51199.219,51199.219,1GRFE ,0,Avail,Incmpl,Incmpl,Enable,0,OFF,OFF,OFF,OFF,ON,ON,Avail,Compl,Enable,Compl,CL,CL,Compl,Unable,Not Avl,Compl,Incmpl,Enable,OFF,80,15.500,552,ON,42.500,21.250,0.123,2636,15,21,-3,OFF,0,3.125,6.170,OFF,0,0,65,Avail,Compl,Enable,0,GRN2#  ,ON,0,Not Act,Not Act,0,0,0,0,21247.676,21247.676,Avail,Compl,Avail,Incmpl,Incmpl,Enable,OBD II (California ARB),OFF,OFF,0,0,0,1st,OFF,OFF,OFF,OFF,OFF,OFF,1.562,0,ON,OFF,950,0,OFF,OFF,OFF,ON,Gasoline,0.966,OFF,OFF,0.684,ON,0.938,16.078,16,0,0.801,0.801,2.383,0.801,0.918,2.031,47.843,0,16.078,23,0,0,OFF,ECT 5th,NA,OFF,97.878,97.900,15.686,0,Not Avl,0,0,0,0,ON,ON,0,0,0
209,0,13.984,Not Avl,Compl,Compl,Unable,OFF,Not Avl,Compl,Compl,Unable,OFF,39.062,27.344,32.500,33.125,19.531,39.551,15.686,31.765,0.781,1.582,ON,0,OFF,ON,ON,1.002,1.001,-0.027,-0.035,3.249,3.239,0,97,51199.219,13.730,25.490,OFF,OFF,OFF,OFF,OFF,OFF,OFF,Avail,Incmpl,Incmpl,Enable,Avail,475.800,141.500,475.800,141.500,ON,Avail,Compl,Enable,63,0,0,0,0,0,0,6,A,0,0,Avail,Incmpl,Incmpl,Enable,OFF,OFF,203,978,51199.219,51199.219,51199.219,51199.219,51199.219,51199.219,1GRFE ,0,Avail,Incmpl,Incmpl,Enable,0,OFF,OFF,OFF,OFF,ON,ON,Avail,Compl,Enable,Compl,CL,CL,Compl,Unable,Not Avl,Compl,Incmpl,Enable,OFF,80,15.500,568,ON,42.500,21.250,0.123,2629,15,21,-3,OFF,0,3.125,6.180,OFF,0,0,65,Avail,Compl,Enable,0,GRN2#  ,ON,0,Not Act,Not Act,0,0,0,0,21247.676,21247.676,Avail,Compl,Avail,Incmpl,Incmpl,Enable,OBD II (California ARB),OFF,OFF,0,0,0,1st,OFF,OFF,OFF,OFF,OFF,OFF,1.562,0,ON,OFF,950,0,OFF,OFF,OFF,ON,Gasoline,0.965,OFF,OFF,0.684,ON,0.781,16.078,13,0,0.801,0.801,2.383,0.801,0.918,2.031,47.843,0,16.078,23,0,0,OFF,ECT 5th,NA,OFF,97.878,97.900,15.686,0,Not Avl,0,0,0,0,ON,ON,0,0,0
210,0,13.998,Not Avl,Compl,Compl,Unable,OFF,Not Avl,Compl,Compl,Unable,OFF,39.062,33.594,32.500,33.125,19.531,39.551,15.686,31.765,0.781,1.582,ON,0,OFF,ON,ON,0.999,1.001,-0.035,-0.035,3.239,3.239,0,97,51199.219,13.730,25.490,OFF,OFF,OFF,OFF,OFF,OFF,OFF,Avail,Incmpl,Incmpl,Enable,Avail,476.100,142.200,476.100,142.200,ON,Avail,Compl,Enable,63,0,0,0,0,0,0,6,A,0,0,Avail,Incmpl,Incmpl,Enable,OFF,OFF,203,971.750,51199.219,51199.219,51199.219,51199.219,51199.219,51199.219,1GRFE ,0,Avail,Incmpl,Incmpl,Enable,0,OFF,OFF,OFF,OFF,ON,ON,Avail,Compl,Enable,Compl,CL,CL,Compl,Unable,Not Avl,Compl,Incmpl,Enable,OFF,80,15.500,584,ON,42.500,21.250,0.121,2632,15,21,-3,OFF,0,3.125,6.120,OFF,0,0,65,Avail,Compl,Enable,0,GRN2#  ,ON,0,Not Act,Not Act,0,0,0,0,21247.676,21247.676,Avail,Compl,Avail,Incmpl,Incmpl,Enable,OBD II (California ARB),OFF,OFF,0,0,0,1st,OFF,OFF,OFF,OFF,OFF,OFF,1.562,0.781,ON,OFF,950,0,OFF,OFF,OFF,ON,Gasoline,0.964,OFF,OFF,0.684,ON,0.469,16.078,8,0,0.801,0.801,2.383,0.801,0.918,2.031,47.843,0,16.078,23,0,0,OFF,ECT 5th,NA,OFF,97.878,97.878,15.686,0,Not Avl,0,0,0,0,ON,ON,0,0,0
211,0,13.984,Not Avl,Compl,Compl,Unable,OFF,Not Avl,Compl,Compl,Unable,OFF,39.062,35.938,32.500,33.125,19.531,39.551,15.686,31.765,0.781,1.582,ON,0,OFF,ON,ON,0.998,1.001,-0.047,-0.031,3.220,3.244,0,97,51199.219,13.750,25.882,OFF,OFF,OFF,OFF,OFF,OFF,OFF,Avail,Incmpl,Incmpl,Enable,Avail,476.100,142.200,476.100,142.200,ON,Avail,Compl,Enable,63,0,0,0,0,0,0,6,A,0,0,Avail,Incmpl,Incmpl,Enable,OFF,OFF,203,967.750,51199.219,51199.219,51199.219,51199.219,51199.219,51199.219,1GRFE ,0,Avail,Incmpl,Incmpl,Enable,0,OFF,OFF,OFF,OFF,ON,ON,Avail,Compl,Enable,Compl,CL,CL,Compl,Unable,Not Avl,Compl,Incmpl,Enable,OFF,80,15.500,2,ON,42.500,21.250,0.121,2672,15,21,-3,OFF,0,3.125,6.170,OFF,0,0,65,Avail,Compl,Enable,0,GRN2#  ,ON,0,Not Act,Not Act,0,0,0,0,21247.676,21247.676,Avail,Compl,Avail,Incmpl,Incmpl,Enable,OBD II (California ARB),OFF,OFF,0,0,0,1st,OFF,OFF,OFF,OFF,OFF,OFF,1.562,0.781,ON,OFF,950,0,OFF,OFF,OFF,ON,Gasoline,0.963,OFF,OFF,0.684,ON,0.859,16.078,14,0,0.801,0.801,2.383,0.801,0.918,2.031,47.843,0,16.078,23,0,0,OFF,ECT 5th,NA,OFF,97.878,97.900,16.078,0,Not Avl,0,0,0,0,ON,ON,0,0,0
212,0,13.973,Not Avl,Compl,Compl,Unable,OFF,Not Avl,Compl,Compl,Unable,OFF,39.062,47.656,32.500,33.125,19.531,39.551,15.686,31.765,0.781,1.582,ON,0,OFF,ON,ON,0.999,1.001,-0.039,-0.035,3.235,3.239,0,97,51199.219,13.730,25.882,OFF,OFF,OFF,OFF,OFF,OFF,OFF,Avail,Incmpl,Incmpl,Enable,Avail,476.100,142.200,476.100,142.200,ON,Avail,Compl,Enable,63,0,0,0,0,0,0,6,A,0,0,Avail,Incmpl,Incmpl,Enable,OFF,OFF,204,975.750,51199.219,51199.219,51199.219,51199.219,51199.219,51199.219,1GRFE ,0,Avail,Incmpl,Incmpl,Enable,0,OFF,OFF,OFF,OFF,ON,ON,Avail,Compl,Enable,Compl,CL,CL,Compl,Unable,Not Avl,Compl,Incmpl,Enable,OFF,80,15.500,21,ON,42.500,21.250,0.121,2658,15,21,-3,OFF,0,3.125,6.150,OFF,0,0,65,Avail,Compl,Enable,0,GRN2#  ,ON,0,Not Act,Not Act,0,0,0,0,21247.676,21247.676,Avail,Compl,Avail,Incmpl,Incmpl,Enable,OBD II (California ARB),OFF,OFF,0,0,0,1st,OFF,OFF,OFF,OFF,OFF,OFF,1.562,0.781,ON,OFF,950,0,OFF,OFF,OFF,ON,Gasoline,0.965,OFF,OFF,0.684,ON,1.016,16.078,14,0,0.801,0.801,2.383,0.801,0.918,2.031,47.843,0,16.078,23,0,0,OFF,ECT 5th,NA,OFF,97.878,97.878,15.686,0,Not Avl,0,0,0,0,ON,ON,0,0,0
213,0,13.977,Not Avl,Compl,Compl,Unable,OFF,Not Avl,Compl,Compl,Unable,OFF,39.062,54.688,32.500,33.125,19.531,39.551,15.686,31.765,0.781,1.582,ON,0,OFF,ON,ON,0.996,0.995,-0.051,-0.055,3.215,3.205,0,97,51199.219,13.730,25.490,OFF,OFF,OFF,OFF,OFF,OFF,OFF,Avail,Incmpl,Incmpl,Enable,Avail,476.400,142.900,476.400,142.900,ON,Avail,Compl,Enable,63,0,0,0,0,0,0,6,A,0,0,Avail,Incmpl,Incmpl,Enable,OFF,OFF,204,971.750,51199.219,51199.219,51199.219,51199.219,51199.219,51199.219,1GRFE ,0,Avail,Incmpl,Incmpl,Enable,0,OFF,OFF,OFF,OFF,ON,ON,Avail,Compl,Enable,Compl,CL,CL,Compl,Unable,Not Avl,Compl,Incmpl,Enable,OFF,80,15.500,40,ON,42.500,21.250,0.122,2647,15,21,-3,OFF,0,3.125,6.100,OFF,0,0,65,Avail,Compl,Enable,0,GRN2#  ,ON,0,Not Act,Not Act,0,0,0,0,21247.676,21247.676,Avail,Compl,Avail,Incmpl,Incmpl,Enable,OBD II (California ARB),OFF,OFF,0,0,0,1st,OFF,OFF,OFF,OFF,OFF,OFF,1.562,0,ON,OFF,950,0,OFF,OFF,OFF,ON,Gasoline,0.964,OFF,OFF,0.684,ON,1.094,16.078,16,0,0.801,0.801,2.383,0.801,0.918,2.031,47.843,0,16.078,23,0,0,OFF,ECT 5th,NA,OFF,97.878,97.900,15.686,0,Not Avl,0,0,0,0,ON,ON,0,0,0
214,0,13.988,Not Avl,Compl,Compl,Unable,OFF,Not Avl,Compl,Compl,Unable,OFF,39.062,57.812,32.500,33.125,19.531,39.551,15.686,31.765,0.781,1.582,ON,0,OFF,ON,ON,0.999,0.994,-0.039,-0.055,3.230,3.205,0,97,51199.219,13.730,25.490,OFF,OFF,OFF,OFF,OFF,OFF,OFF,Avail,Incmpl,Incmpl,Enable,Avail,476.400,142.900,476.400,142.900,ON,Avail,Compl,Enable,63,0,0,0,0,0,0,6,A,0,0,Avail,Incmpl,Incmpl,Enable,OFF,OFF,205,970.250,51199.219,51199.219,51199.219,51199.219,51199.219,51199.219,1GRFE ,0,Avail,Incmpl,Incmpl,Enable,0,OFF,OFF,OFF,OFF,ON,ON,Avail,Compl,Enable,Compl,CL,CL,Compl,Unable,Not Avl,Compl,Incmpl,Enable,OFF,80,15.500,61,ON,42.500,21.250,0.122,2650,15,21,-3,OFF,0,3.125,6.100,OFF,0,0,65,Avail,Compl,Enable,0,GRN2#  ,ON,0,Not Act,Not Act,0,0,0,0,21247.676,21247.676,Avail,Compl,Avail,Incmpl,Incmpl,Enable,OBD II (California ARB),OFF,OFF,0,0,0,1st,OFF,OFF,OFF,OFF,OFF,OFF,1.562,0,ON,OFF,950,0,OFF,OFF,OFF,ON,Gasoline,0.965,OFF,OFF,0.684,ON,0.703,16.078,13,0,0.801,0.801,2.383,0.801,0.918,2.031,47.843,0,16.078,23,0,0,OFF,ECT 5th,NA,OFF,97.878,97.878,15.686,0,Not Avl,0,0,0,0,ON,ON,0,0,0
215,0,13.984,Not Avl,Compl,Compl,Unable,OFF,Not Avl,Compl,Compl,Unable,OFF,39.062,59.375,32.500,33.125,19.531,39.551,15.686,31.765,0.781,1.582,ON,0,OFF,ON,ON,0.996,0.999,-0.051,-0.039,3.215,3.230,0,97,51199.219,13.730,25.490,OFF,OFF,OFF,OFF,OFF,OFF,OFF,Avail,Incmpl,Incmpl,Enable,Avail,476.400,142.900,476.400,142.900,ON,Avail,Compl,Enable,63,0,0,0,0,0,0,6,A,0,0,Avail,Incmpl,Incmpl,Enable,OFF,OFF,205,970.250,51199.219,51199.219,51199.219,51199.219,51199.219,51199.219,1GRFE ,0,Avail,Incmpl,Incmpl,Enable,0,OFF,OFF,OFF,OFF,ON,ON,Avail,Compl,Enable,Compl,CL,CL,Compl,Unable,Not Avl,Compl,Incmpl,Enable,OFF,80,15.500,81,ON,42.500,21.250,0.122,2629,15,21,-3,OFF,0,3.125,6.090,OFF,0,0,65,Avail,Compl,Enable,0,GRN2#  ,ON,0,Not Act,Not Act,0,0,0,0,21247.676,21247.676,Avail,Compl,Avail,Incmpl,Incmpl,Enable,OBD II (California ARB),OFF,OFF,0,0,0,1st,OFF,OFF,OFF,OFF,OFF,OFF,1.562,0,ON,OFF,950,0,OFF,OFF,OFF,ON,Gasoline,0.967,OFF,OFF,0.684,ON,0.781,16.078,11,0,0.801,0.801,2.383,0.801,0.918,2.031,47.843,0,16.078,23,0,0,OFF,ECT 5th,NA,OFF,97.878,97.878,15.686,0,Not Avl,0,0,0,0,ON,ON,0,0,0
216,0,13.984,Not Avl,Compl,Compl,Unable,OFF,Not Avl,Compl,Compl,Unable,OFF,44.531,59.375,32.500,33.125,19.531,39.551,15.686,31.765,0.781,1.582,ON,0,OFF,ON,ON,1.003,1.000,-0.008,-0.023,3.254,3.235,0,97,51199.219,13.730,25.490,OFF,OFF,OFF,OFF,OFF,OFF,OFF,Avail,Incmpl,Incmpl,Enable,Avail,476.700,143.600,476.700,143.600,ON,Avail,Compl,Enable,63,0,0,0,0,0,0,6,A,0,0,Avail,Incmpl,Incmpl,Enable,OFF,OFF,205,970.250,51199.219,51199.219,51199.219,51199.219,51199.219,51199.219,1GRFE ,0,Avail,Incmpl,Incmpl,Enable,0,OFF,OFF,OFF,OFF,ON,ON,Avail,Compl,Enable,Compl,CL,CL,Compl,Unable,Not Avl,Compl,Incmpl,Enable,OFF,80,15.500,101,ON,42.500,21.250,0.121,2647,15,21,-3,OFF,0,3.125,6.100,OFF,0,0,66,Avail,Compl,Enable,0,GRN2#  ,ON,0,Not Act,Not Act,0,0,0,0,21247.676,21247.676,Avail,Compl,Avail,Incmpl,Incmpl,Enable,OBD II (California ARB),OFF,OFF,0,0,0,1st,OFF,OFF,OFF,OFF,OFF,OFF,1.562,0,ON,OFF,950,0,OFF,OFF,OFF,ON,Gasoline,0.965,OFF,OFF,0.684,ON,0.547,16.078,8,0,0.801,0.801,2.383,0.801,0.918,2.031,47.843,0,16.078,23,0,0,OFF,ECT 5th,NA,OFF,97.878,97.900,15.686,0,Not Avl,0,0,0,0,ON,ON,0,0,0
217,0,13.999,Not Avl,Compl,Compl,Unable,OFF,Not Avl,Compl,Compl,Unable,OFF,53.906,50.781,32.500,33.125,19.531,39.551,15.686,31.765,0.781,1.582,ON,0,OFF,ON,ON,0.997,1.002,-0.047,-0.031,3.220,3.244,0,97,51199.219,13.750,25.882,OFF,OFF,OFF,OFF,OFF,OFF,OFF,Avail,Incmpl,Incmpl,Enable,Avail,476.700,143.600,476.700,143.600,ON,Avail,Compl,Enable,63,0,0,0,0,0,0,6,A,0,0,Avail,Incmpl,Incmpl,Enable,OFF,OFF,206,971.750,51199.219,51199.219,51199.219,51199.219,51199.219,51199.219,1GRFE ,0,Avail,Incmpl,Incmpl,Enable,0,OFF,OFF,OFF,OFF,ON,ON,Avail,Compl,Enable,Compl,CL,CL,Compl,Unable,Not Avl,Compl,Incmpl,Enable,OFF,80,15,120,ON,42.500,21.250,0.121,2654,15,21,-3,OFF,0,3.125,6.100,OFF,0,0,66,Avail,Compl,Enable,0,GRN2#  ,ON,0,Not Act,Not Act,0,0,0,0,21247.676,21247.676,Avail,Compl,Avail,Incmpl,Incmpl,Enable,OBD II (California ARB),OFF,OFF,0,0,0,1st,OFF,OFF,OFF,OFF,OFF,OFF,1.562,0,ON,OFF,950,0,OFF,OFF,OFF,ON,Gasoline,0.966,OFF,OFF,0.684,ON,0.625,16.078,9,0,0.801,0.801,2.383,0.801,0.918,2.031,47.843,0,16.078,23,0,0,OFF,ECT 5th,NA,OFF,97.878,97.900,15.686,0,Not Avl,0,0,0,0,ON,ON,0,0,0
218,0,13.965,Not Avl,Compl,Compl,Unable,OFF,Not Avl,Compl,Compl,Unable,OFF,57.812,43.750,32.500,33.125,19.531,39.551,15.686,31.765,0.781,1.582,ON,0,OFF,ON,ON,0.998,0.996,-0.027,-0.035,3.225,3.215,0,97,51199.219,13.730,25.490,OFF,OFF,OFF,OFF,OFF,OFF,OFF,Avail,Incmpl,Incmpl,Enable,Avail,476.900,144.300,476.900,144.300,ON,Avail,Compl,Enable,63,0,0,0,0,0,0,6,A,0,0,Avail,Incmpl,Incmpl,Enable,OFF,OFF,206,970.250,51199.219,51199.219,51199.219,51199.219,51199.219,51199.219,1GRFE ,0,Avail,Incmpl,Incmpl,Enable,0,OFF,OFF,OFF,OFF,ON,ON,Avail,Compl,Enable,Compl,CL,CL,Compl,Unable,Not Avl,Compl,Incmpl,Enable,OFF,80,15.500,139,ON,42.500,21.250,0.121,2636,15,21,-3,OFF,0,3.125,6.040,OFF,0,0,57,Avail,Compl,Enable,0,GRN2#  ,ON,0,Not Act,Not Act,0,0,0,0,21247.676,21247.676,Avail,Compl,Avail,Incmpl,Incmpl,Enable,OBD II (California ARB),OFF,OFF,0,0,0,1st,OFF,OFF,OFF,OFF,OFF,OFF,1.562,0,ON,OFF,950,0,OFF,OFF,OFF,ON,Gasoline,0.967,OFF,OFF,0.684,ON,1.094,16.078,17,0,0.801,0.801,2.383,0.801,0.918,2.031,47.843,0,16.078,23,0,0,OFF,ECT 5th,NA,OFF,97.878,97.878,15.686,0,Not Avl,0,0,0,0,ON,ON,0,0,0
219,0,13.984,Not Avl,Compl,Compl,Unable,OFF,Not Avl,Compl,Compl,Unable,OFF,59.375,40.625,32.500,33.125,19.531,39.551,15.686,31.765,0.781,1.582,ON,0,OFF,ON,ON,0.999,0.998,-0.039,-0.043,3.230,3.225,0,97,51199.219,13.750,25.490,OFF,OFF,OFF,OFF,OFF,OFF,OFF,Avail,Incmpl,Incmpl,Enable,Avail,476.900,144.300,476.900,144.300,ON,Avail,Compl,Enable,63,0,0,0,0,0,0,6,A,0,0,Avail,Incmpl,Incmpl,Enable,OFF,OFF,207,971,51199.219,51199.219,51199.219,51199.219,51199.219,51199.219,1GRFE ,0,Avail,Incmpl,Incmpl,Enable,0,OFF,OFF,OFF,OFF,ON,ON,Avail,Compl,Enable,Compl,CL,CL,Compl,Unable,Not Avl,Compl,Incmpl,Enable,OFF,80,15.500,160,ON,42.500,21.250,0.121,2632,15,21,-3,OFF,0,3.125,6.090,OFF,0,0,57,Avail,Compl,Enable,0,GRN2#  ,ON,0,Not Act,Not Act,0,0,0,0,21247.676,21247.676,Avail,Compl,Avail,Incmpl,Incmpl,Enable,OBD II (California ARB),OFF,OFF,0,0,0,1st,OFF,OFF,OFF,OFF,OFF,OFF,1.562,0,ON,OFF,950,0,OFF,OFF,OFF,ON,Gasoline,0.967,OFF,OFF,0.684,ON,0.781,16.078,12,0,0.801,0.801,2.383,0.801,0.918,2.031,47.843,0,16.078,23,0,0,OFF,ECT 5th,NA,OFF,97.878,97.900,15.686,0,Not Avl,0,0,0,0,ON,ON,0,0,0
220,0,13.975,Not Avl,Compl,Compl,Unable,OFF,Not Avl,Compl,Compl,Unable,OFF,46.875,32.812,32.500,33.125,19.531,39.551,15.686,31.765,0.781,1.582,ON,0,OFF,ON,ON,1.000,1.001,-0.035,-0.035,3.239,3.239,0,97,51199.219,13.730,25.490,OFF,OFF,OFF,OFF,OFF,OFF,OFF,Avail,Incmpl,Incmpl,Enable,Avail,476.900,144.300,476.900,144.300,ON,Avail,Compl,Enable,63,0,0,0,0,0,0,6,A,0,0,Avail,Incmpl,Incmpl,Enable,OFF,OFF,207,971,51199.219,51199.219,51199.219,51199.219,51199.219,51199.219,1GRFE ,0,Avail,Incmpl,Incmpl,Enable,0,OFF,OFF,OFF,OFF,ON,ON,Avail,Compl,Enable,Compl,CL,CL,Compl,Unable,Not Avl,Compl,Incmpl,Enable,OFF,80,15.500,177,ON,42.500,21.250,0.121,2618,15,21,-3,OFF,0,3.125,6.090,OFF,0,0,57,Avail,Compl,Enable,0,GRN2#  ,ON,0,Not Act,Not Act,0,0,0,0,21247.676,21247.676,Avail,Compl,Avail,Incmpl,Incmpl,Enable,OBD II (California ARB),OFF,OFF,0,0,0,1st,OFF,OFF,OFF,OFF,OFF,OFF,1.562,0,ON,OFF,950,0,OFF,OFF,OFF,ON,Gasoline,0.966,OFF,OFF,0.684,ON,1.094,16.078,16,0,0.801,0.801,2.383,0.801,0.918,2.031,47.843,0,16.078,23,0,0,OFF,ECT 5th,NA,OFF,97.878,97.900,15.686,0,Not Avl,0,0,0,0,ON,ON,0,0,0
221,0,14.000,Not Avl,Compl,Compl,Unable,OFF,Not Avl,Compl,Compl,Unable,OFF,41.406,27.344,32.500,33.125,19.531,39.551,15.686,31.765,0.781,1.582,ON,0,OFF,ON,ON,0.999,1.001,-0.039,-0.035,3.235,3.239,0,97,51199.219,13.730,25.882,OFF,OFF,OFF,OFF,OFF,OFF,OFF,Avail,Incmpl,Incmpl,Enable,Avail,477.200,145,477.200,145,ON,Avail,Compl,Enable,63,0,0,0,0,0,0,6,A,0,0,Avail,Incmpl,Incmpl,Enable,OFF,OFF,207,963.250,51199.219,51199.219,51199.219,51199.219,51199.219,51199.219,1GRFE ,0,Avail,Incmpl,Incmpl,Enable,0,OFF,OFF,OFF,OFF,ON,ON,Avail,Compl,Enable,Compl,CL,CL,Compl,Unable,Not Avl,Compl,Incmpl,Enable,OFF,80,15.500,197,ON,42.500,21.250,0.121,2650,15,21,-3,OFF,0,3.125,6.100,OFF,0,0,63,Avail,Compl,Enable,0,GRN2#  ,ON,0,Not Act,Not Act,0,0,0,0,21247.676,21247.676,Avail,Compl,Avail,Incmpl,Incmpl,Enable,OBD II (California ARB),OFF,OFF,0,0,0,1st,OFF,OFF,OFF,OFF,OFF,OFF,1.562,0.781,ON,OFF,900,0,OFF,OFF,OFF,ON,Gasoline,0.965,OFF,OFF,0.684,ON,0.703,16.078,10,0,0.801,0.801,2.383,0.801,0.918,2.031,47.843,0,16.078,23,0,0,OFF,ECT 5th,NA,OFF,97.878,97.900,15.686,0,Not Avl,0,0,0,0,ON,ON,0,0,0
222,0,13.979,Not Avl,Compl,Compl,Unable,OFF,Not Avl,Compl,Compl,Unable,OFF,39.062,31.250,32.500,33.125,19.531,39.551,15.686,31.765,0.781,1.582,ON,0,OFF,ON,ON,1.000,1.003,-0.035,-0.027,3.239,3.249,0,97,51199.219,13.750,25.882,OFF,OFF,OFF,OFF,OFF,OFF,OFF,Avail,Incmpl,Incmpl,Enable,Avail,477.200,145,477.200,145,ON,Avail,Compl,Enable,63,0,0,0,0,0,0,6,A,0,0,Avail,Incmpl,Incmpl,Enable,OFF,OFF,208,968.750,51199.219,51199.219,51199.219,51199.219,51199.219,51199.219,1GRFE ,0,Avail,Incmpl,Incmpl,Enable,0,OFF,OFF,OFF,OFF,ON,ON,Avail,Compl,Enable,Compl,CL,CL,Compl,Unable,Not Avl,Compl,Incmpl,Enable,OFF,80,15.500,220,ON,42.500,21.250,0.121,2647,15,21,-3,OFF,0,3.125,6.040,OFF,0,0,63,Avail,Compl,Enable,0,GRN2#  ,ON,0,Not Act,Not Act,0,0,0,0,21247.676,21247.676,Avail,Compl,Avail,Incmpl,Incmpl,Enable,OBD II (California ARB),OFF,OFF,0,0,0,1st,OFF,OFF,OFF,OFF,OFF,OFF,1.562,0.781,ON,OFF,950,0,OFF,OFF,OFF,ON,Gasoline,0.964,OFF,OFF,0.684,ON,1.016,16.078,15,0,0.801,0.801,2.383,0.801,0.918,2.031,47.843,0,16.078,23,0,0,OFF,ECT 5th,NA,OFF,97.878,97.878,15.686,0,Not Avl,0,0,0,0,ON,ON,0,0,0
223,0,13.967,Not Avl,Compl,Compl,Unable,OFF,Not Avl,Compl,Compl,Unable,OFF,39.062,35.156,32.500,33.125,19.531,39.551,15.686,31.765,0.781,1.582,ON,0,OFF,ON,ON,0.999,0.998,-0.039,-0.043,3.230,3.225,0,97,51199.219,13.730,25.490,OFF,OFF,OFF,OFF,OFF,OFF,OFF,Avail,Incmpl,Incmpl,Enable,Avail,477.500,145.700,477.500,145.700,ON,Avail,Compl,Enable,63,0,0,0,0,0,0,6,A,0,0,Avail,Incmpl,Incmpl,Enable,OFF,OFF,208,971.750,51199.219,51199.219,51199.219,51199.219,51199.219,51199.219,1GRFE ,0,Avail,Incmpl,Incmpl,Enable,0,OFF,OFF,OFF,OFF,ON,ON,Avail,Compl,Enable,Compl,CL,CL,Compl,Unable,Not Avl,Compl,Incmpl,Enable,OFF,80,15.500,242,ON,42.500,21.250,0.121,2640,15,21,-3,OFF,0,3.125,6.100,OFF,0,0,65,Avail,Compl,Enable,0,GRN2#  ,ON,0,Not Act,Not Act,0,0,0,0,21247.676,21247.676,Avail,Compl,Avail,Incmpl,Incmpl,Enable,OBD II (California ARB),OFF,OFF,0,0,0,1st,OFF,OFF,OFF,OFF,OFF,OFF,1.562,0.781,ON,OFF,950,0,OFF,OFF,OFF,ON,Gasoline,0.964,OFF,OFF,0.684,ON,1.016,16.078,16,0,0.801,0.801,2.383,0.801,0.918,2.031,47.843,0,16.078,23,0,0,OFF,ECT 5th,NA,OFF,97.878,97.878,15.686,0,Not Avl,0,0,0,0,ON,ON,0,0,0
224,0,13.984,Not Avl,Compl,Compl,Unable,OFF,Not Avl,Compl,Compl,Unable,OFF,39.062,42.969,32.500,33.125,19.531,39.551,15.686,31.765,0.781,1.582,ON,0,OFF,ON,ON,1.000,0.997,-0.039,-0.051,3.235,3.215,0,97,51199.219,13.730,25.882,OFF,OFF,OFF,OFF,OFF,OFF,OFF,Avail,Incmpl,Incmpl,Enable,Avail,477.500,145.700,477.500,145.700,ON,Avail,Compl,Enable,63,0,0,0,0,0,0,6,A,0,0,Avail,Incmpl,Incmpl,Enable,OFF,OFF,209,963.250,51199.219,51199.219,51199.219,51199.219,51199.219,51199.219,1GRFE ,0,Avail,Incmpl,Incmpl,Enable,0,OFF,OFF,OFF,OFF,ON,ON,Avail,Compl,Enable,Compl,CL,CL,Compl,Unable,Not Avl,Compl,Incmpl,Enable,OFF,80,15.500,261,ON,42.500,21.250,0.121,2665,15,21,-3,OFF,0,3.125,6.100,OFF,0,0,65,Avail,Compl,Enable,0,GRN2#  ,ON,0,Not Act,Not Act,0,0,0,0,21247.676,21247.676,Avail,Compl,Avail,Incmpl,Incmpl,Enable,OBD II (California ARB),OFF,OFF,0,0,0,1st,OFF,OFF,OFF,OFF,OFF,OFF,2.344,0.781,ON,OFF,900,0,OFF,OFF,OFF,ON,Gasoline,0.963,OFF,OFF,0.684,ON,0.938,16.078,12,0,0.801,0.801,2.383,0.801,0.918,2.031,47.843,0,16.078,23,0,0,OFF,ECT 5th,NA,OFF,97.878,97.878,15.686,0,Not Avl,0,0,0,0,ON,ON,0,0,0
225,0,13.983,Not Avl,Compl,Compl,Unable,OFF,Not Avl,Compl,Compl,Unable,OFF,39.062,52.344,32.500,33.125,19.531,39.551,15.686,31.765,0.781,1.582,ON,0,OFF,ON,ON,0.999,1.000,-0.043,-0.039,3.225,3.235,0,97,51199.219,13.730,25.882,OFF,OFF,OFF,OFF,OFF,OFF,OFF,Avail,Incmpl,Incmpl,Enable,Avail,477.500,145.700,477.500,145.700,ON,Avail,Compl,Enable,63,0,0,0,0,0,0,6,A,0,0,Avail,Incmpl,Incmpl,Enable,OFF,OFF,209,967,51199.219,51199.219,51199.219,51199.219,51199.219,51199.219,1GRFE ,0,Avail,Incmpl,Incmpl,Enable,0,OFF,OFF,OFF,OFF,ON,ON,Avail,Compl,Enable,Compl,CL,CL,Compl,Unable,Not Avl,Compl,Incmpl,Enable,OFF,80,15.500,277,ON,42.500,21.250,0.121,2658,15,21,-3,OFF,0,3.125,6.090,OFF,0,0,65,Avail,Compl,Enable,0,GRN2#  ,ON,0,Not Act,Not Act,0,0,0,0,21247.676,21247.676,Avail,Compl,Avail,Incmpl,Incmpl,Enable,OBD II (California ARB),OFF,OFF,0,0,0,1st,OFF,OFF,OFF,OFF,OFF,OFF,2.344,0.781,ON,OFF,950,0,OFF,OFF,OFF,ON,Gasoline,0.962,OFF,OFF,0.684,ON,0.938,16.078,15,0,0.801,0.801,2.383,0.801,0.918,2.031,47.843,0,16.078,23,0,0,OFF,ECT 5th,NA,OFF,97.878,97.900,15.686,0,Not Avl,0,0,0,0,ON,ON,0,0,0
226,0,13.973,Not Avl,Compl,Compl,Unable,OFF,Not Avl,Compl,Compl,Unable,OFF,39.062,56.250,32.500,33.125,19.531,39.551,15.686,31.765,0.781,1.582,ON,0,OFF,ON,ON,1.001,0.998,-0.035,-0.043,3.239,3.225,0,97,51199.219,13.730,25.490,OFF,OFF,OFF,OFF,OFF,OFF,OFF,Avail,Incmpl,Incmpl,Enable,Avail,477.800,146.400,477.800,146.400,ON,Avail,Compl,Enable,63,0,0,0,0,0,0,6,A,0,0,Avail,Incmpl,Incmpl,Enable,OFF,OFF,209,979.500,51199.219,51199.219,51199.219,51199.219,51199.219,51199.219,1GRFE ,0,Avail,Incmpl,Incmpl,Enable,0,OFF,OFF,OFF,OFF,ON,ON,Avail,Compl,Enable,Compl,CL,CL,Compl,Unable,Not Avl,Compl,Incmpl,Enable,OFF,80,15.500,293,ON,42.500,21.250,0.121,2640,15,21,-3,OFF,0,3.125,6.100,OFF,0,0,68,Avail,Compl,Enable,0,GRN2#  ,ON,0,Not Act,Not Act,0,0,0,0,21247.676,21247.676,Avail,Compl,Avail,Incmpl,Incmpl,Enable,OBD II (California ARB),OFF,OFF,0,0,0,1st,OFF,OFF,OFF,OFF,OFF,OFF,2.344,0.781,ON,OFF,950,0,OFF,OFF,OFF,ON,Gasoline,0.962,OFF,OFF,0.684,ON,1.016,16.078,16,0,0.801,0.801,2.383,0.801,0.918,2.031,47.843,0,16.078,23,0,0,OFF,ECT 5th,NA,OFF,97.878,97.878,15.686,0,Not Avl,0,0,0,0,ON,ON,0,0,0
227,0,13.983,Not Avl,Compl,Compl,Unable,OFF,Not Avl,Compl,Compl,Unable,OFF,39.062,58.594,32.500,33.125,19.531,39.551,15.686,31.765,0.781,1.582,ON,0,OFF,ON,ON,0.998,0.999,-0.039,-0.039,3.230,3.230,0,97,51199.219,13.730,25.490,OFF,OFF,OFF,OFF,OFF,OFF,OFF,Avail,Incmpl,Incmpl,Enable,Avail,477.800,146.400,477.800,146.400,ON,Avail,Compl,Enable,63,0,0,0,0,0,0,6,A,0,0,Avail,Incmpl,Incmpl,Enable,OFF,OFF,210,978,51199.219,51199.219,51199.219,51199.219,51199.219,51199.219,1GRFE ,0,Avail,Incmpl,Incmpl,Enable,0,OFF,OFF,OFF,OFF,ON,ON,Avail,Compl,Enable,Compl,CL,CL,Compl,Unable,Not Avl,Compl,Incmpl,Enable,OFF,80,15.500,311,ON,42.500,21.250,0.121,2629,15,21,-3,OFF,0,3.125,6.100,OFF,0,0,68,Avail,Compl,Enable,0,GRN2#  ,ON,0,Not Act,Not Act,0,0,0,0,21247.676,21247.676,Avail,Compl,Avail,Incmpl,Incmpl,Enable,OBD II (California ARB),OFF,OFF,0,0,0,1st,OFF,OFF,OFF,OFF,OFF,OFF,2.344,0.781,ON,OFF,950,0,OFF,OFF,OFF,ON,Gasoline,0.962,OFF,OFF,0.684,ON,0.938,16.078,13,0,0.801,0.801,2.383,0.801,0.918,2.031,47.843,0,16.078,23,0,0,OFF,ECT 5th,NA,OFF,97.878,97.900,15.686,0,Not Avl,0,0,0,0,ON,ON,0,0,0
228,0,13.975,Not Avl,Compl,Compl,Unable,OFF,Not Avl,Compl,Compl,Unable,OFF,39.062,59.375,32.500,33.125,19.531,39.551,15.686,31.765,0.781,1.582,ON,0,OFF,ON,ON,0.997,0.999,-0.051,-0.039,3.215,3.230,0,97,51199.219,13.730,25.490,OFF,OFF,OFF,OFF,OFF,OFF,OFF,Avail,Incmpl,Incmpl,Enable,Avail,477.800,146.400,477.800,146.400,ON,Avail,Compl,Enable,64,0,0,0,0,0,0,6,A,0,0,Avail,Incmpl,Incmpl,Enable,OFF,OFF,210,967.750,51199.219,51199.219,51199.219,51199.219,51199.219,51199.219,1GRFE ,0,Avail,Incmpl,Incmpl,Enable,0,OFF,OFF,OFF,OFF,ON,ON,Avail,Compl,Enable,Compl,CL,CL,Compl,Unable,Not Avl,Compl,Incmpl,Enable,OFF,80,15.500,328,ON,42.500,21.250,0.121,2650,15,21,-3,OFF,0,3.125,6.100,OFF,0,0,68,Avail,Compl,Enable,0,GRN2#  ,ON,0,Not Act,Not Act,0,0,0,0,21247.676,21247.676,Avail,Compl,Avail,Incmpl,Incmpl,Enable,OBD II (California ARB),OFF,OFF,0,0,0,1st,OFF,OFF,OFF,OFF,OFF,OFF,2.344,0.781,ON,OFF,950,0,OFF,OFF,OFF,ON,Gasoline,0.962,OFF,OFF,0.684,ON,0.859,16.078,16,0,0.801,0.801,2.383,0.801,0.918,2.031,47.843,0,16.078,23,0,0,OFF,ECT 5th,NA,OFF,97.878,97.878,15.686,0,Not Avl,0,0,0,0,ON,ON,0,0,0
229,0,13.969,Not Avl,Compl,Compl,Unable,OFF,Not Avl,Compl,Compl,Unable,OFF,44.531,53.906,32.500,33.125,19.531,39.551,15.686,31.765,0.781,1.582,ON,0,OFF,ON,ON,0.995,0.997,-0.055,-0.047,3.205,3.220,0,97,51199.219,13.730,25.490,OFF,OFF,OFF,OFF,OFF,OFF,OFF,Avail,Incmpl,Incmpl,Enable,Avail,478,147.100,478,147.100,ON,Avail,Compl,Enable,64,0,0,0,0,0,0,6,A,0,0,Avail,Incmpl,Incmpl,Enable,OFF,OFF,210,969.500,51199.219,51199.219,51199.219,51199.219,51199.219,51199.219,1GRFE ,0,Avail,Incmpl,Incmpl,Enable,0,OFF,OFF,OFF,OFF,ON,ON,Avail,Compl,Enable,Compl,CL,CL,Compl,Unable,Not Avl,Compl,Incmpl,Enable,OFF,80,15.500,349,ON,42.500,21.250,0.121,2621,15,21,-3,OFF,0,3.125,6.040,OFF,0,0,72,Avail,Compl,Enable,0,GRN2#  ,ON,0,Not Act,Not Act,0,0,0,0,21247.676,21247.676,Avail,Compl,Avail,Incmpl,Incmpl,Enable,OBD II (California ARB),OFF,OFF,0,0,0,1st,OFF,OFF,OFF,OFF,OFF,OFF,1.562,0.781,ON,OFF,950,0,OFF,OFF,OFF,ON,Gasoline,0.963,OFF,OFF,0.684,ON,1.016,16.078,15,0,0.801,0.801,2.383,0.801,0.918,2.031,47.843,0,16.078,23,0,0,OFF,ECT 5th,NA,OFF,97.878,97.900,15.686,0,Not Avl,0,0,0,0,ON,ON,0,0,0
230,0,13.967,Not Avl,Compl,Compl,Unable,OFF,Not Avl,Compl,Compl,Unable,OFF,55.469,42.969,32.500,33.125,19.531,39.551,15.686,31.765,0.781,1.582,ON,0,OFF,ON,ON,1.000,0.999,-0.035,-0.039,3.239,3.235,0,97,51199.219,13.730,25.882,OFF,OFF,OFF,OFF,OFF,OFF,OFF,Avail,Incmpl,Incmpl,Enable,Avail,478,147.100,478,147.100,ON,Avail,Compl,Enable,64,0,0,0,0,0,0,6,A,0,0,Avail,Incmpl,Incmpl,Enable,OFF,OFF,211,971.750,51199.219,51199.219,51199.219,51199.219,51199.219,51199.219,1GRFE ,0,Avail,Incmpl,Incmpl,Enable,0,OFF,OFF,OFF,OFF,ON,ON,Avail,Compl,Enable,Compl,CL,CL,Compl,Unable,Not Avl,Compl,Incmpl,Enable,OFF,80,15.500,371,ON,42.500,21.250,0.121,2643,15,21,-3,OFF,0,3.125,6.060,OFF,0,0,72,Avail,Compl,Enable,0,GRN2#  ,ON,0,Not Act,Not Act,0,0,0,0,21247.676,21247.676,Avail,Compl,Avail,Incmpl,Incmpl,Enable,OBD II (California ARB),OFF,OFF,0,0,0,1st,OFF,OFF,OFF,OFF,OFF,OFF,1.562,0.781,ON,OFF,950,0,OFF,OFF,OFF,ON,Gasoline,0.964,OFF,OFF,0.684,ON,1.250,16.078,18,0,0.801,0.801,2.383,0.801,0.918,2.031,47.843,0,16.078,23,0,0,OFF,ECT 5th,NA,OFF,97.878,97.878,15.686,0,Not Avl,0,0,0,0,ON,ON,0,0,0
231,0,13.983,Not Avl,Compl,Compl,Unable,OFF,Not Avl,Compl,Compl,Unable,OFF,58.594,34.375,32.500,33.125,19.531,39.551,15.686,31.765,0.781,1.582,ON,0,OFF,ON,ON,0.999,1.001,-0.039,-0.031,3.230,3.244,0,97,51199.219,13.730,25.490,OFF,OFF,OFF,OFF,OFF,OFF,OFF,Avail,Incmpl,Incmpl,Enable,Avail,478.300,147.800,478.300,147.800,ON,Avail,Compl,Enable,64,0,0,0,0,0,0,6,A,0,0,Avail,Incmpl,Incmpl,Enable,OFF,OFF,211,972.500,51199.219,51199.219,51199.219,51199.219,51199.219,51199.219,1GRFE ,0,Avail,Incmpl,Incmpl,Enable,0,OFF,OFF,OFF,OFF,ON,ON,Avail,Compl,Enable,Compl,CL,CL,Compl,Unable,Not Avl,Compl,Incmpl,Enable,OFF,80,15.500,390,ON,42.500,21.250,0.121,2625,15,21,-3,OFF,0,3.125,6.060,OFF,0,0,69,Avail,Compl,Enable,0,GRN2#  ,ON,0,Not Act,Not Act,0,0,0,0,21247.676,21247.676,Avail,Compl,Avail,Incmpl,Incmpl,Enable,OBD II (California ARB),OFF,OFF,0,0,0,1st,OFF,OFF,OFF,OFF,OFF,OFF,2.344,0.781,ON,OFF,950,0,OFF,OFF,OFF,ON,Gasoline,0.963,OFF,OFF,0.684,ON,0.938,16.078,13,0,0.801,0.801,2.383,0.801,0.918,2.031,47.843,0,16.078,23,0,0,OFF,ECT 5th,NA,OFF,97.878,97.900,15.686,0,Not Avl,0,0,0,0,ON,ON,0,0,0
232,0,13.993,Not Avl,Compl,Compl,Unable,OFF,Not Avl,Compl,Compl,Unable,OFF,53.906,29.688,32.500,33.125,19.531,39.551,15.686,31.765,0.781,1.582,ON,0,OFF,ON,ON,0.998,0.998,-0.047,-0.043,3.220,3.225,0,97,51199.219,13.730,25.490,OFF,OFF,OFF,OFF,OFF,OFF,OFF,Avail,Incmpl,Incmpl,Enable,Avail,478.300,147.800,478.300,147.800,ON,Avail,Compl,Enable,64,0,0,0,0,0,0,6,A,0,0,Avail,Incmpl,Incmpl,Enable,OFF,OFF,212,964.750,51199.219,51199.219,51199.219,51199.219,51199.219,51199.219,1GRFE ,0,Avail,Incmpl,Incmpl,Enable,0,OFF,OFF,OFF,OFF,ON,ON,Avail,Compl,Enable,Compl,CL,CL,Compl,Unable,Not Avl,Compl,Incmpl,Enable,OFF,80,15.500,410,ON,42.500,21.250,0.120,2618,15,21,-3,OFF,0,3.125,6.100,OFF,0,0,69,Avail,Compl,Enable,0,GRN2#  ,ON,0,Not Act,Not Act,0,0,0,0,21247.676,21247.676,Avail,Compl,Avail,Incmpl,Incmpl,Enable,OBD II (California ARB),OFF,OFF,0,0,0,1st,OFF,OFF,OFF,OFF,OFF,OFF,1.562,0.781,ON,OFF,950,0,OFF,OFF,OFF,ON,Gasoline,0.963,OFF,OFF,0.684,ON,0.625,16.078,12,0,0.801,0.801,2.383,0.801,0.918,2.031,47.843,0,16.078,23,0,0,OFF,ECT 5th,NA,OFF,97.878,97.878,15.686,0,Not Avl,0,0,0,0,ON,ON,0,0,0
233,0,13.979,Not Avl,Compl,Compl,Unable,OFF,Not Avl,Compl,Compl,Unable,OFF,44.531,32.031,32.500,33.125,19.531,39.551,15.686,31.765,0.781,1.582,ON,0,OFF,ON,ON,0.998,0.998,-0.043,-0.039,3.225,3.230,0,97,51199.219,13.730,25.490,OFF,OFF,OFF,OFF,OFF,OFF,OFF,Avail,Incmpl,Incmpl,Enable,Avail,478.300,147.800,478.300,147.800,ON,Avail,Compl,Enable,64,0,0,0,0,0,0,6,A,0,0,Avail,Incmpl,Incmpl,Enable,OFF,OFF,212,962.500,51199.219,51199.219,51199.219,51199.219,51199.219,51199.219,1GRFE ,0,Avail,Incmpl,Incmpl,Enable,0,OFF,OFF,OFF,OFF,ON,ON,Avail,Compl,Enable,Compl,CL,CL,Compl,Unable,Not Avl,Compl,Incmpl,Enable,OFF,80,15.500,430,ON,42.500,21.250,0.120,2629,15,21,-3,OFF,0,3.125,6.040,OFF,0,0,69,Avail,Compl,Enable,0,GRN2#  ,ON,0,Not Act,Not Act,0,0,0,0,21247.676,21247.676,Avail,Compl,Avail,Incmpl,Incmpl,Enable,OBD II (California ARB),OFF,OFF,0,0,0,1st,OFF,OFF,OFF,OFF,OFF,OFF,1.562,0.781,ON,OFF,950,0,OFF,OFF,OFF,ON,Gasoline,0.964,OFF,OFF,0.684,ON,0.859,16.078,12,0,0.801,0.801,2.383,0.801,0.918,2.031,47.843,0,16.078,23,0,0,OFF,ECT 5th,NA,OFF,97.878,97.878,15.686,0,Not Avl,0,0,0,0,ON,ON,0,0,0
234,0,13.965,Not Avl,Compl,Compl,Unable,OFF,Not Avl,Compl,Compl,Unable,OFF,43.750,35.156,32.500,33.125,19.531,39.551,15.686,31.765,0.781,1.582,ON,0,OFF,ON,ON,0.995,1.000,-0.055,-0.039,3.210,3.235,0,97,51199.219,13.730,25.490,OFF,OFF,OFF,OFF,OFF,OFF,OFF,Avail,Incmpl,Incmpl,Enable,Avail,478.500,148.500,478.500,148.500,ON,Avail,Compl,Enable,64,0,0,0,0,0,0,6,A,0,0,Avail,Incmpl,Incmpl,Enable,OFF,OFF,213,973.250,51199.219,51199.219,51199.219,51199.219,51199.219,51199.219,1GRFE ,0,Avail,Incmpl,Incmpl,Enable,0,OFF,OFF,OFF,OFF,ON,ON,Avail,Compl,Enable,Compl,CL,CL,Compl,Unable,Not Avl,Compl,Incmpl,Enable,OFF,80,15.500,450,ON,42.500,21.250,0.120,2621,15,21,-3,OFF,0,3.125,6.030,OFF,0,0,60,Avail,Compl,Enable,0,GRN2#  ,ON,0,Not Act,Not Act,0,0,0,0,21247.676,21247.676,Avail,Compl,Avail,Incmpl,Incmpl,Enable,OBD II (California ARB),OFF,OFF,0,0,0,1st,OFF,OFF,OFF,OFF,OFF,OFF,1.562,0.781,ON,OFF,950,0,OFF,OFF,OFF,ON,Gasoline,0.965,OFF,OFF,0.684,ON,1.172,16.078,17,0,0.801,0.801,2.383,0.801,0.918,2.031,47.843,0,16.078,23,0,0,OFF,ECT 5th,NA,OFF,97.878,97.878,15.686,0,Not Avl,0,0,0,0,ON,ON,0,0,0
235,0,13.981,Not Avl,Compl,Compl,Unable,OFF,Not Avl,Compl,Compl,Unable,OFF,40.625,36.719,32.500,33.125,19.531,39.551,15.686,31.765,0.781,1.582,ON,0,OFF,ON,ON,0.998,0.999,-0.043,-0.039,3.225,3.230,0,97,51199.219,13.730,25.490,OFF,OFF,OFF,OFF,OFF,OFF,OFF,Avail,Incmpl,Incmpl,Enable,Avail,478.500,148.500,478.500,148.500,ON,Avail,Compl,Enable,64,0,0,0,0,0,0,6,A,0,0,Avail,Incmpl,Incmpl,Enable,OFF,OFF,213,975,51199.219,51199.219,51199.219,51199.219,51199.219,51199.219,1GRFE ,0,Avail,Incmpl,Incmpl,Enable,0,OFF,OFF,OFF,OFF,ON,ON,Avail,Compl,Enable,Compl,CL,CL,Compl,Unable,Not Avl,Compl,Incmpl,Enable,OFF,80,15.500,469,ON,42.500,21.250,0.120,2611,15,21,-3,OFF,0,3.125,6.040,OFF,0,0,60,Avail,Compl,Enable,0,GRN2#  ,ON,0,Not Act,Not Act,0,0,0,0,21247.676,21247.676,Avail,Compl,Avail,Incmpl,Incmpl,Enable,OBD II (California ARB),OFF,OFF,0,0,0,1st,OFF,OFF,OFF,OFF,OFF,OFF,1.562,0.781,ON,OFF,950,0,OFF,OFF,OFF,ON,Gasoline,0.966,OFF,OFF,0.684,ON,0.938,16.078,15,0,0.801,0.801,2.383,0.801,0.918,2.031,47.843,0,16.078,23,0,0,OFF,ECT 5th,NA,OFF,97.878,97.878,15.686,0,Not Avl,0,0,0,0,ON,ON,0,0,0
236,0,13.983,Not Avl,Compl,Compl,Unable,OFF,Not Avl,Compl,Compl,Unable,OFF,39.062,36.719,32.500,33.125,19.531,39.551,15.686,31.765,0.781,1.582,ON,0,OFF,ON,ON,1.001,0.999,-0.031,-0.039,3.244,3.230,0,97,51199.219,13.730,25.490,OFF,OFF,OFF,OFF,OFF,OFF,OFF,Avail,Incmpl,Incmpl,Enable,Avail,478.500,148.500,478.500,148.500,ON,Avail,Compl,Enable,64,0,0,0,0,0,0,6,A,0,0,Avail,Incmpl,Incmpl,Enable,OFF,OFF,213,957,51199.219,51199.219,51199.219,51199.219,51199.219,51199.219,1GRFE ,0,Avail,Incmpl,Incmpl,Enable,0,OFF,OFF,OFF,OFF,ON,ON,Avail,Compl,Enable,Compl,CL,CL,Compl,Unable,Not Avl,Compl,Incmpl,Enable,OFF,80,16,489,ON,42.500,21.250,0.120,2614,15,21,-3,OFF,0,3.125,6.040,OFF,0,0,60,Avail,Compl,Enable,0,GRN2#  ,ON,0,Not Act,Not Act,0,0,0,0,21247.676,21247.676,Avail,Compl,Avail,Incmpl,Incmpl,Enable,OBD II (California ARB),OFF,OFF,0,0,0,1st,OFF,OFF,OFF,OFF,OFF,OFF,1.562,0.781,ON,OFF,900,0,OFF,OFF,OFF,ON,Gasoline,0.966,OFF,OFF,0.684,ON,0.859,16.078,11,0,0.801,0.801,2.383,0.801,0.918,2.031,47.843,0,16.078,23,0,0,OFF,ECT 5th,NA,OFF,97.878,97.900,15.686,0,Not Avl,0,0,0,0,ON,ON,0,0,0
237,0,13.983,Not Avl,Compl,Compl,Unable,OFF,Not Avl,Compl,Compl,Unable,OFF,39.062,40.625,32.500,33.125,19.531,39.551,15.686,31.765,0.781,1.582,ON,0,OFF,ON,ON,0.998,0.996,-0.043,-0.051,3.225,3.215,0,97,51199.219,13.730,25.882,OFF,OFF,OFF,OFF,OFF,OFF,OFF,Avail,Incmpl,Incmpl,Enable,Avail,478.700,149.200,478.700,149.200,ON,Avail,Compl,Enable,64,0,0,0,0,0,0,6,A,0,0,Avail,Incmpl,Incmpl,Enable,OFF,OFF,214,959.250,51199.219,51199.219,51199.219,51199.219,51199.219,51199.219,1GRFE ,0,Avail,Incmpl,Incmpl,Enable,0,OFF,OFF,OFF,OFF,ON,ON,Avail,Compl,Enable,Compl,CL,CL,Compl,Unable,Not Avl,Compl,Incmpl,Enable,OFF,80,15,508,ON,42.500,21.250,0.120,2661,15,21,-3,OFF,0,3.125,6.040,OFF,0,0,60,Avail,Compl,Enable,0,GRN2#  ,ON,0,Not Act,Not Act,0,0,0,0,21247.676,21247.676,Avail,Compl,Avail,Incmpl,Incmpl,Enable,OBD II (California ARB),OFF,OFF,0,0,0,1st,OFF,OFF,OFF,OFF,OFF,OFF,1.562,0.781,ON,OFF,900,0,OFF,OFF,OFF,ON,Gasoline,0.967,OFF,OFF,0.684,ON,0.781,16.078,12,0,0.801,0.801,2.383,0.801,0.918,2.031,47.843,0,16.078,23,0,0,OFF,ECT 5th,NA,OFF,97.878,97.878,15.686,0,Not Avl,0,0,0,0,ON,ON,0,0,0
238,0,13.965,Not Avl,Compl,Compl,Unable,OFF,Not Avl,Compl,Compl,Unable,OFF,39.062,44.531,32.500,33.125,19.531,39.551,15.686,31.765,0.781,1.582,ON,0,OFF,ON,ON,0.998,0.997,-0.023,-0.035,3.225,3.220,0,97,51199.219,13.730,25.882,OFF,OFF,OFF,OFF,OFF,OFF,OFF,Avail,Incmpl,Incmpl,Enable,Avail,478.700,149.200,478.700,149.200,ON,Avail,Compl,Enable,64,0,0,0,0,0,0,6,A,0,0,Avail,Incmpl,Incmpl,Enable,OFF,OFF,214,964,51199.219,51199.219,51199.219,51199.219,51199.219,51199.219,1GRFE ,0,Avail,Incmpl,Incmpl,Enable,0,OFF,OFF,OFF,OFF,ON,ON,Avail,Compl,Enable,Compl,CL,CL,Compl,Unable,Not Avl,Compl,Incmpl,Enable,OFF,80,15,530,ON,42.500,21.250,0.120,2632,15,21,-3,OFF,0,3.125,6.060,OFF,0,0,60,Avail,Compl,Enable,0,GRN2#  ,ON,0,Not Act,Not Act,0,0,0,0,21247.676,21247.676,Avail,Compl,Avail,Incmpl,Incmpl,Enable,OBD II (California ARB),OFF,OFF,0,0,0,1st,OFF,OFF,OFF,OFF,OFF,OFF,1.562,0.781,ON,OFF,950,0,OFF,OFF,OFF,ON,Gasoline,0.967,OFF,OFF,0.684,ON,1.016,16.078,16,0,0.801,0.801,2.383,0.801,0.918,2.031,47.843,0,16.078,23,0,0,OFF,ECT 5th,NA,OFF,97.878,97.900,15.686,0,Not Avl,0,0,0,0,ON,ON,0,0,0
239,0,13.983,Not Avl,Compl,Compl,Unable,OFF,Not Avl,Compl,Compl,Unable,OFF,39.062,50,32.500,33.125,19.531,39.551,15.686,31.765,0.781,1.582,ON,0,OFF,ON,ON,1.003,0.996,-0.027,-0.051,3.254,3.215,0,97,51199.219,13.730,25.490,OFF,OFF,OFF,OFF,OFF,OFF,OFF,Avail,Incmpl,Incmpl,Enable,Avail,479,149.900,479,149.900,ON,Avail,Compl,Enable,64,0,0,0,0,0,0,6,A,0,0,Avail,Incmpl,Incmpl,Enable,OFF,OFF,215,968.750,51199.219,51199.219,51199.219,51199.219,51199.219,51199.219,1GRFE ,0,Avail,Incmpl,Incmpl,Enable,0,OFF,OFF,OFF,OFF,ON,ON,Avail,Compl,Enable,Compl,CL,CL,Compl,Unable,Not Avl,Compl,Incmpl,Enable,OFF,80,15.500,547,ON,42.500,21.250,0.120,2629,15,21,-3,OFF,0,3.125,6.040,OFF,0,0,67,Avail,Compl,Enable,0,GRN2#  ,ON,0,Not Act,Not Act,0,0,0,0,21247.676,21247.676,Avail,Compl,Avail,Incmpl,Incmpl,Enable,OBD II (California ARB),OFF,OFF,0,0,0,1st,OFF,OFF,OFF,OFF,OFF,OFF,1.562,0.781,ON,OFF,950,0,OFF,OFF,OFF,ON,Gasoline,0.965,OFF,OFF,0.684,ON,0.859,16.078,14,0,0.801,0.801,2.383,0.801,0.918,2.031,47.843,0,16.078,23,0,0,OFF,ECT 5th,NA,OFF,97.878,97.900,15.686,0,Not Avl,0,0,0,0,ON,ON,0,0,0
240,0,13.993,Not Avl,Compl,Compl,Unable,OFF,Not Avl,Compl,Compl,Unable,OFF,39.062,48.438,32.500,33.125,19.531,39.551,15.686,31.765,0.781,1.582,ON,0,OFF,ON,ON,0.998,0.997,-0.043,-0.047,3.225,3.220,0,97,51199.219,13.730,25.490,OFF,OFF,OFF,OFF,OFF,OFF,OFF,Avail,Incmpl,Incmpl,Enable,Avail,479,149.900,479,149.900,ON,Avail,Compl,Enable,64,0,0,0,0,0,0,6,A,0,0,Avail,Incmpl,Incmpl,Enable,OFF,OFF,215,970.250,51199.219,51199.219,51199.219,51199.219,51199.219,51199.219,1GRFE ,0,Avail,Incmpl,Incmpl,Enable,0,OFF,OFF,OFF,OFF,ON,ON,Avail,Compl,Enable,Compl,CL,CL,Compl,Unable,Not Avl,Compl,Incmpl,Enable,OFF,80,15.500,564,ON,42.500,21.250,0.120,2618,15,21,-3,OFF,0,3.125,6.040,OFF,0,0,67,Avail,Compl,Enable,0,GRN2#  ,ON,0,Not Act,Not Act,0,0,0,0,21247.676,21247.676,Avail,Compl,Avail,Incmpl,Incmpl,Enable,OBD II (California ARB),OFF,OFF,0,0,0,1st,OFF,OFF,OFF,OFF,OFF,OFF,1.562,0.781,ON,OFF,950,0,OFF,OFF,OFF,ON,Gasoline,0.964,OFF,OFF,0.684,ON,0.703,16.078,11,0,0.801,0.801,2.383,0.801,0.918,2.031,47.843,0,16.078,23,0,0,OFF,ECT 5th,NA,OFF,97.878,97.900,15.686,0,Not Avl,0,0,0,0,ON,ON,0,0,0
241,0,13.983,Not Avl,Compl,Compl,Unable,OFF,Not Avl,Compl,Compl,Unable,OFF,39.062,51.562,32.500,33.125,19.531,39.551,15.686,31.765,0.781,1.582,ON,0,OFF,ON,ON,0.999,0.999,-0.023,-0.027,3.230,3.230,0,97,51199.219,13.730,25.490,OFF,OFF,OFF,OFF,OFF,OFF,OFF,Avail,Incmpl,Incmpl,Enable,Avail,479,149.900,479,149.900,ON,Avail,Compl,Enable,64,0,0,0,0,0,0,6,A,0,0,Avail,Incmpl,Incmpl,Enable,OFF,OFF,215,953.750,51199.219,51199.219,51199.219,51199.219,51199.219,51199.219,1GRFE ,0,Avail,Incmpl,Incmpl,Enable,0,OFF,OFF,OFF,OFF,ON,ON,Avail,Compl,Enable,Compl,CL,CL,Compl,Unable,Not Avl,Compl,Incmpl,Enable,OFF,80,15.500,584,ON,42.500,21.250,0.120,2643,15,21,-3,OFF,0,3.125,6.030,OFF,0,0,67,Avail,Compl,Enable,0,GRN2#  ,ON,0,Not Act,Not Act,0,0,0,0,21247.676,21247.676,Avail,Compl,Avail,Incmpl,Incmpl,Enable,OBD II (California ARB),OFF,OFF,0,0,0,1st,OFF,OFF,OFF,OFF,OFF,OFF,1.562,0.781,ON,OFF,900,0,OFF,OFF,OFF,ON,Gasoline,0.964,OFF,OFF,0.684,ON,0.938,16.078,12,0,0.801,0.801,2.383,0.801,0.918,2.031,47.843,0,16.078,23,0,0,OFF,ECT 5th,NA,OFF,97.878,97.878,15.686,0,Not Avl,0,0,0,0,ON,ON,0,0,0
242,0,13.981,Not Avl,Compl,Compl,Unable,OFF,Not Avl,Compl,Compl,Unable,OFF,39.062,46.875,32.500,33.125,19.531,39.551,15.686,31.765,0.781,1.582,ON,0,OFF,ON,ON,0.996,1.001,-0.055,-0.035,3.210,3.239,0,97,51199.219,13.730,25.882,OFF,OFF,OFF,OFF,OFF,OFF,OFF,Avail,Incmpl,Incmpl,Enable,Avail,479.200,150.600,479.200,150.600,ON,Avail,Compl,Enable,65,0,0,0,0,0,0,6,A,0,0,Avail,Incmpl,Incmpl,Enable,OFF,OFF,216,954.500,51199.219,51199.219,51199.219,51199.219,51199.219,51199.219,1GRFE ,0,Avail,Incmpl,Incmpl,Enable,0,OFF,OFF,OFF,OFF,ON,ON,Avail,Compl,Enable,Compl,CL,CL,Compl,Unable,Not Avl,Compl,Incmpl,Enable,OFF,80,15,12,ON,42.500,21.250,0.120,2654,15,21,-3,OFF,0,3.125,6.040,OFF,0,0,67,Avail,Compl,Enable,0,GRN2#  ,ON,0,Not Act,Not Act,0,0,0,0,21247.676,21247.676,Avail,Compl,Avail,Incmpl,Incmpl,Enable,OBD II (California ARB),OFF,OFF,0,0,0,1st,OFF,OFF,OFF,OFF,OFF,OFF,1.562,0.781,ON,OFF,900,0,OFF,OFF,OFF,ON,Gasoline,0.964,OFF,OFF,0.684,ON,0.781,16.078,13,0,0.801,0.801,2.383,0.801,0.918,2.031,47.843,0,16.078,23,0,0,OFF,ECT 5th,NA,OFF,97.878,97.900,15.686,0,Not Avl,0,0,0,0,ON,ON,0,0,0
243,0,13.966,Not Avl,Compl,Compl,Unable,OFF,Not Avl,Compl,Compl,Unable,OFF,39.062,41.406,32.500,33.125,19.531,39.551,15.686,31.765,0.781,1.582,ON,0,OFF,ON,ON,0.995,1.001,-0.055,-0.035,3.210,3.239,0,97,51199.219,13.730,25.882,OFF,OFF,OFF,OFF,OFF,OFF,OFF,Avail,Incmpl,Incmpl,Enable,Avail,479.200,150.600,479.200,150.600,ON,Avail,Compl,Enable,65,0,0,0,0,0,0,6,A,0,0,Avail,Incmpl,Incmpl,Enable,OFF,OFF,216,964.750,51199.219,51199.219,51199.219,51199.219,51199.219,51199.219,1GRFE ,0,Avail,Incmpl,Incmpl,Enable,0,OFF,OFF,OFF,OFF,ON,ON,Avail,Compl,Enable,Compl,CL,CL,Compl,Unable,Not Avl,Compl,Incmpl,Enable,OFF,80,15,31,ON,42.500,21.250,0.120,2647,15,21,-3,OFF,0,3.125,6.040,OFF,0,0,67,Avail,Compl,Enable,0,GRN2#  ,ON,0,Not Act,Not Act,0,0,0,0,21247.676,21247.676,Avail,Compl,Avail,Incmpl,Incmpl,Enable,OBD II (California ARB),OFF,OFF,0,0,0,1st,OFF,OFF,OFF,OFF,OFF,OFF,1.562,0.781,ON,OFF,950,0,OFF,OFF,OFF,ON,Gasoline,0.965,OFF,OFF,0.684,ON,1.094,16.078,18,0,0.801,0.801,2.383,0.801,0.918,2.031,47.843,0,16.078,23,0,0,OFF,ECT 5th,NA,OFF,97.878,97.900,15.686,0,Not Avl,0,0,0,0,ON,ON,0,0,0
244,0,13.983,Not Avl,Compl,Compl,Unable,OFF,Not Avl,Compl,Compl,Unable,OFF,39.062,39.844,32.500,33.125,19.531,39.551,15.686,31.765,0.781,1.582,ON,0,OFF,ON,ON,1.001,0.997,-0.031,-0.047,3.244,3.220,0,97,51199.219,13.730,25.490,OFF,OFF,OFF,OFF,OFF,OFF,OFF,Avail,Incmpl,Incmpl,Enable,Avail,479.400,151.300,479.400,151.300,ON,Avail,Compl,Enable,65,0,0,0,0,0,0,6,A,0,0,Avail,Incmpl,Incmpl,Enable,OFF,OFF,216,972.500,51199.219,51199.219,51199.219,51199.219,51199.219,51199.219,1GRFE ,0,Avail,Incmpl,Incmpl,Enable,0,OFF,OFF,OFF,OFF,ON,ON,Avail,Compl,Enable,Compl,CL,CL,Compl,Unable,Not Avl,Compl,Incmpl,Enable,OFF,80,15.500,48,ON,42.500,21.250,0.121,2618,15,21,-3,OFF,0,3.125,6.010,OFF,0,0,67,Avail,Compl,Enable,0,GRN2#  ,ON,0,Not Act,Not Act,0,0,0,0,21247.676,21247.676,Avail,Compl,Avail,Incmpl,Incmpl,Enable,OBD II (California ARB),OFF,OFF,0,0,0,1st,OFF,OFF,OFF,OFF,OFF,OFF,1.562,0.781,ON,OFF,950,0,OFF,OFF,OFF,ON,Gasoline,0.966,OFF,OFF,0.684,ON,1.016,16.078,16,0,0.801,0.801,2.383,0.801,0.918,2.031,47.843,0,16.078,23,0,0,OFF,ECT 5th,NA,OFF,97.878,97.878,15.294,0,Not Avl,0,0,0,0,ON,ON,0,0,0
245,0,13.983,Not Avl,Compl,Compl,Unable,OFF,Not Avl,Compl,Compl,Unable,OFF,39.062,39.062,32.500,33.125,19.531,39.551,15.686,31.765,0.781,1.582,ON,0,OFF,ON,ON,0.999,0.996,-0.039,-0.055,3.230,3.210,0,97,51199.219,13.730,25.490,OFF,OFF,OFF,OFF,OFF,OFF,OFF,Avail,Incmpl,Incmpl,Enable,Avail,479.400,151.300,479.400,151.300,ON,Avail,Compl,Enable,65,0,0,0,0,0,0,6,A,0,0,Avail,Incmpl,Incmpl,Enable,OFF,OFF,217,974,51199.219,51199.219,51199.219,51199.219,51199.219,51199.219,1GRFE ,0,Avail,Incmpl,Incmpl,Enable,0,OFF,OFF,OFF,OFF,ON,ON,Avail,Compl,Enable,Compl,CL,CL,Compl,Unable,Not Avl,Compl,Incmpl,Enable,OFF,80,15.500,66,ON,42.500,21.250,0.121,2614,15,21,-3,OFF,0,3.125,5.980,OFF,0,0,64,Avail,Compl,Enable,0,GRN2#  ,ON,0,Not Act,Not Act,0,0,0,0,21247.676,21247.676,Avail,Compl,Avail,Incmpl,Incmpl,Enable,OBD II (California ARB),OFF,OFF,0,0,0,1st,OFF,OFF,OFF,OFF,OFF,OFF,1.562,0.781,ON,OFF,950,0,OFF,OFF,OFF,ON,Gasoline,0.965,OFF,OFF,0.684,ON,1.016,16.078,14,0,0.801,0.801,2.383,0.801,0.918,2.031,47.843,0,16.078,23,0,0,OFF,ECT 5th,NA,OFF,97.878,97.878,15.294,0,Not Avl,0,0,0,0,ON,ON,0,0,0
246,0,13.984,Not Avl,Compl,Compl,Unable,OFF,Not Avl,Compl,Compl,Unable,OFF,48.438,39.062,32.500,33.125,19.531,39.551,15.686,31.765,0.781,1.582,ON,0,OFF,ON,ON,0.999,0.996,-0.043,-0.047,3.225,3.220,0,97,51199.219,13.730,25.490,OFF,OFF,OFF,OFF,OFF,OFF,OFF,Avail,Incmpl,Incmpl,Enable,Avail,479.400,151.300,479.400,151.300,ON,Avail,Compl,Enable,65,0,0,0,0,0,0,6,A,0,0,Avail,Incmpl,Incmpl,Enable,OFF,OFF,217,960.750,51199.219,51199.219,51199.219,51199.219,51199.219,51199.219,1GRFE ,0,Avail,Incmpl,Incmpl,Enable,0,OFF,OFF,OFF,OFF,ON,ON,Avail,Compl,Enable,Compl,CL,CL,Compl,Unable,Not Avl,Compl,Incmpl,Enable,OFF,80,15.500,83,ON,42.500,21.250,0.121,2629,15,21,-3,OFF,0,3.125,6,OFF,0,0,64,Avail,Compl,Enable,0,GRN2#  ,ON,0,Not Act,Not Act,0,0,0,0,21247.676,21247.676,Avail,Compl,Avail,Incmpl,Incmpl,Enable,OBD II (California ARB),OFF,OFF,0,0,0,1st,OFF,OFF,OFF,OFF,OFF,OFF,1.562,0,ON,OFF,900,0,OFF,OFF,OFF,ON,Gasoline,0.965,OFF,OFF,0.684,ON,0.781,16.078,12,0,0.801,0.801,2.383,0.801,0.918,2.031,47.843,0,16.078,23,0,0,OFF,ECT 5th,NA,OFF,97.878,97.900,15.686,0,Not Avl,0,0,0,0,ON,ON,0,0,0
247,0,13.983,Not Avl,Compl,Compl,Unable,OFF,Not Avl,Compl,Compl,Unable,OFF,52.344,39.062,32.500,33.125,19.531,39.551,15.686,31.765,0.781,1.582,ON,0,OFF,ON,ON,0.997,0.999,-0.047,-0.039,3.220,3.230,0,97,51199.219,13.730,25.882,OFF,OFF,OFF,OFF,OFF,OFF,OFF,Avail,Incmpl,Incmpl,Enable,Avail,479.700,152,479.700,152,ON,Avail,Compl,Enable,65,0,0,0,0,0,0,6,A,0,0,Avail,Incmpl,Incmpl,Enable,OFF,OFF,218,948.250,51199.219,51199.219,51199.219,51199.219,51199.219,51199.219,1GRFE ,0,Avail,Incmpl,Incmpl,Enable,0,OFF,OFF,OFF,OFF,ON,ON,Avail,Compl,Enable,Compl,CL,CL,Compl,Unable,Not Avl,Compl,Incmpl,Enable,OFF,80,15,104,ON,42.500,21.250,0.120,2640,15,21,-3,OFF,0,3.125,6.040,OFF,0,0,50,Avail,Compl,Enable,0,GRN2#  ,ON,0,Not Act,Not Act,0,0,0,0,21247.676,21247.676,Avail,Compl,Avail,Incmpl,Incmpl,Enable,OBD II (California ARB),OFF,OFF,0,0,0,1st,OFF,OFF,OFF,OFF,OFF,OFF,1.562,0,ON,OFF,900,0,OFF,OFF,OFF,ON,Gasoline,0.967,OFF,OFF,0.684,ON,0.781,16.078,13,0,0.801,0.801,2.383,0.801,0.918,2.031,47.843,0,16.078,23,0,0,OFF,ECT 5th,NA,OFF,97.878,97.900,16.078,0,Not Avl,0,0,0,0,ON,ON,0,0,0
248,0,13.969,Not Avl,Compl,Compl,Unable,OFF,Not Avl,Compl,Compl,Unable,OFF,51.562,39.062,32.500,33.125,19.531,39.551,15.686,31.765,0.781,1.582,ON,0,OFF,ON,ON,0.998,1.003,-0.043,-0.027,3.225,3.249,0,97,51199.219,13.730,25.882,OFF,OFF,OFF,OFF,OFF,OFF,OFF,Avail,Incmpl,Incmpl,Enable,Avail,479.700,152,479.700,152,ON,Avail,Compl,Enable,65,0,0,0,0,0,0,6,A,0,0,Avail,Incmpl,Incmpl,Enable,OFF,OFF,218,964.750,51199.219,51199.219,51199.219,51199.219,51199.219,51199.219,1GRFE ,0,Avail,Incmpl,Incmpl,Enable,0,OFF,OFF,OFF,OFF,ON,ON,Avail,Compl,Enable,Compl,CL,CL,Compl,Unable,Not Avl,Compl,Incmpl,Enable,OFF,80,15,121,ON,42.500,21.250,0.120,2629,15,21,-3,OFF,0,3.125,5.980,OFF,0,0,50,Avail,Compl,Enable,0,GRN2#  ,ON,0,Not Act,Not Act,0,0,0,0,21247.676,21247.676,Avail,Compl,Avail,Incmpl,Incmpl,Enable,OBD II (California ARB),OFF,OFF,0,0,0,1st,OFF,OFF,OFF,OFF,OFF,OFF,1.562,0.781,ON,OFF,900,0,OFF,OFF,OFF,ON,Gasoline,0.968,OFF,OFF,0.684,ON,1.016,16.078,16,0,0.801,0.801,2.383,0.801,0.918,2.031,47.843,0,16.078,23,0,0,OFF,ECT 5th,NA,OFF,97.878,97.900,15.686,0,Not Avl,0,0,0,0,ON,ON,0,0,0
249,0,13.966,Not Avl,Compl,Compl,Unable,OFF,Not Avl,Compl,Compl,Unable,OFF,50.781,39.062,32.500,33.125,19.531,39.551,15.686,31.765,0.781,1.582,ON,0,OFF,ON,ON,1.000,1.001,-0.035,-0.035,3.239,3.239,0,97,51199.219,13.730,25.490,OFF,OFF,OFF,OFF,OFF,OFF,OFF,Avail,Incmpl,Incmpl,Enable,Avail,479.700,152,479.700,152,ON,Avail,Compl,Enable,65,0,0,0,0,0,0,6,A,0,0,Avail,Incmpl,Incmpl,Enable,OFF,OFF,218,954.500,51199.219,51199.219,51199.219,51199.219,51199.219,51199.219,1GRFE ,0,Avail,Incmpl,Incmpl,Enable,0,OFF,OFF,OFF,OFF,ON,ON,Avail,Compl,Enable,Compl,CL,CL,Compl,Unable,Not Avl,Compl,Incmpl,Enable,OFF,80,15.500,141,ON,42.500,21.250,0.120,2632,15,21,-3,OFF,0,3.125,5.980,OFF,0,0,50,Avail,Compl,Enable,0,GRN2#  ,ON,0,Not Act,Not Act,0,0,0,0,21247.676,21247.676,Avail,Compl,Avail,Incmpl,Incmpl,Enable,OBD II (California ARB),OFF,OFF,0,0,0,1st,OFF,OFF,OFF,OFF,OFF,OFF,1.562,0.781,ON,OFF,900,0,OFF,OFF,OFF,ON,Gasoline,0.968,OFF,OFF,0.684,ON,1.016,16.078,17,0,0.801,0.801,2.383,0.801,0.918,2.031,47.843,0,16.078,23,0,0,OFF,ECT 5th,NA,OFF,97.878,97.900,15.686,0,Not Avl,0,0,0,0,ON,ON,0,0,0
250,0,13.966,Not Avl,Compl,Compl,Unable,OFF,Not Avl,Compl,Compl,Unable,OFF,43.750,51.562,32.500,33.125,19.531,39.551,15.686,31.765,0.781,1.582,ON,0,OFF,ON,ON,0.998,0.997,-0.023,-0.035,3.230,3.220,0,97,51199.219,13.730,25.490,OFF,OFF,OFF,OFF,OFF,OFF,OFF,Avail,Incmpl,Incmpl,Enable,Avail,479.900,152.700,479.900,152.700,ON,Avail,Compl,Enable,65,0,0,0,0,0,0,6,A,0,0,Avail,Incmpl,Incmpl,Enable,OFF,OFF,219,960,51199.219,51199.219,51199.219,51199.219,51199.219,51199.219,1GRFE ,0,Avail,Incmpl,Incmpl,Enable,0,OFF,OFF,OFF,OFF,ON,ON,Avail,Compl,Enable,Compl,CL,CL,Compl,Unable,Not Avl,Compl,Incmpl,Enable,OFF,80,15,161,ON,42.500,21.250,0.121,2643,15,21,-3,OFF,0,3.125,6.030,OFF,0,0,62,Avail,Compl,Enable,0,GRN2#  ,ON,0,Not Act,Not Act,0,0,0,0,21247.676,21247.676,Avail,Compl,Avail,Incmpl,Incmpl,Enable,OBD II (California ARB),OFF,OFF,0,0,0,1st,OFF,OFF,OFF,OFF,OFF,OFF,1.562,0.781,ON,OFF,900,0,OFF,OFF,OFF,ON,Gasoline,0.968,OFF,OFF,0.684,ON,1.016,16.078,15,0,0.801,0.801,2.383,0.801,0.918,2.031,47.843,0,16.078,23,0,0,OFF,ECT 5th,NA,OFF,97.878,97.878,15.686,0,Not Avl,0,0,0,0,ON,ON,0,0,0
251,0,13.983,Not Avl,Compl,Compl,Unable,OFF,Not Avl,Compl,Compl,Unable,OFF,40.625,57.031,32.500,33.125,19.531,39.551,15.686,31.765,0.781,1.582,ON,0,OFF,ON,ON,1.000,0.997,-0.035,-0.047,3.239,3.220,0,97,51199.219,13.730,25.490,OFF,OFF,OFF,OFF,OFF,OFF,OFF,Avail,Incmpl,Incmpl,Enable,Avail,479.900,152.700,479.900,152.700,ON,Avail,Compl,Enable,65,0,0,0,0,0,0,6,A,0,0,Avail,Incmpl,Incmpl,Enable,OFF,OFF,219,964.750,51199.219,51199.219,51199.219,51199.219,51199.219,51199.219,1GRFE ,0,Avail,Incmpl,Incmpl,Enable,0,OFF,OFF,OFF,OFF,ON,ON,Avail,Compl,Enable,Compl,CL,CL,Compl,Unable,Not Avl,Compl,Incmpl,Enable,OFF,80,15.500,178,ON,42.500,21.250,0.121,2629,15,21,-3,OFF,0,3.125,6.010,OFF,0,0,62,Avail,Compl,Enable,0,GRN2#  ,ON,0,Not Act,Not Act,0,0,0,0,21247.676,21247.676,Avail,Compl,Avail,Incmpl,Incmpl,Enable,OBD II (California ARB),OFF,OFF,0,0,0,1st,OFF,OFF,OFF,OFF,OFF,OFF,1.562,0.781,ON,OFF,900,0,OFF,OFF,OFF,ON,Gasoline,0.966,OFF,OFF,0.684,ON,1.016,16.078,15,0,0.801,0.801,2.383,0.801,0.918,2.031,47.843,0,16.078,23,0,0,OFF,ECT 5th,NA,OFF,97.878,97.900,15.686,0,Not Avl,0,0,0,0,ON,ON,0,0,0
252,0,13.964,Not Avl,Compl,Compl,Unable,OFF,Not Avl,Compl,Compl,Unable,OFF,39.062,56.250,32.500,33.125,19.531,39.551,15.686,31.765,0.781,1.582,ON,0,OFF,ON,ON,1.000,0.995,-0.039,-0.055,3.235,3.210,0,97,51199.219,13.730,25.490,OFF,OFF,OFF,OFF,OFF,OFF,OFF,Avail,Incmpl,Incmpl,Enable,Avail,479.900,152.700,479.900,152.700,ON,Avail,Compl,Enable,65,0,0,0,0,0,0,6,A,0,0,Avail,Incmpl,Incmpl,Enable,OFF,OFF,220,961.500,51199.219,51199.219,51199.219,51199.219,51199.219,51199.219,1GRFE ,0,Avail,Incmpl,Incmpl,Enable,0,OFF,OFF,OFF,OFF,ON,ON,Avail,Compl,Enable,Compl,CL,CL,Compl,Unable,Not Avl,Compl,Incmpl,Enable,OFF,80,15.500,198,ON,42.500,21.250,0.121,2636,15,21,-3,OFF,0,3.125,5.980,OFF,0,0,62,Avail,Compl,Enable,0,GRN2#  ,ON,0,Not Act,Not Act,0,0,0,0,21247.676,21247.676,Avail,Compl,Avail,Incmpl,Incmpl,Enable,OBD II (California ARB),OFF,OFF,0,0,0,1st,OFF,OFF,OFF,OFF,OFF,OFF,1.562,0,ON,OFF,900,0,OFF,OFF,OFF,ON,Gasoline,0.966,OFF,OFF,0.684,ON,1.016,16.078,15,0,0.801,0.801,2.383,0.801,0.918,2.031,47.843,0,16.078,23,0,0,OFF,ECT 5th,NA,OFF,97.878,97.878,15.686,0,Not Avl,0,0,0,0,ON,ON,0,0,0
253,0,13.983,Not Avl,Compl,Compl,Unable,OFF,Not Avl,Compl,Compl,Unable,OFF,39.062,48.438,32.500,33.125,19.531,39.551,15.686,31.765,0.781,1.582,ON,0,OFF,ON,ON,0.997,0.999,-0.043,-0.039,3.225,3.235,0,97,51199.219,13.730,25.882,OFF,OFF,OFF,OFF,OFF,OFF,OFF,Avail,Incmpl,Incmpl,Enable,Avail,480.100,153.400,480.100,153.400,ON,Avail,Compl,Enable,65,0,0,0,0,0,0,6,A,0,0,Avail,Incmpl,Incmpl,Enable,OFF,OFF,220,942.750,51199.219,51199.219,51199.219,51199.219,51199.219,51199.219,1GRFE ,0,Avail,Incmpl,Incmpl,Enable,0,OFF,OFF,OFF,OFF,ON,ON,Avail,Compl,Enable,Compl,CL,CL,Compl,Unable,Not Avl,Compl,Incmpl,Enable,OFF,80,15,218,ON,42.500,21.250,0.121,2636,15,21,-3,OFF,0,3.125,6.010,OFF,0,0,58,Avail,Compl,Enable,0,GRN2#  ,ON,0,Not Act,Not Act,0,0,0,0,21247.676,21247.676,Avail,Compl,Avail,Incmpl,Incmpl,Enable,OBD II (California ARB),OFF,OFF,0,0,0,1st,OFF,OFF,OFF,OFF,OFF,OFF,1.562,0,ON,OFF,900,0,OFF,OFF,OFF,ON,Gasoline,0.967,OFF,OFF,0.684,ON,0.781,16.078,12,0,0.801,0.801,2.383,0.801,0.918,2.031,47.843,0,16.078,23,0,0,OFF,ECT 5th,NA,OFF,97.878,97.878,16.078,0,Not Avl,0,0,0,0,ON,ON,0,0,0
254,0,13.983,Not Avl,Compl,Compl,Unable,OFF,Not Avl,Compl,Compl,Unable,OFF,39.062,41.406,32.500,33.125,19.531,39.551,15.686,31.765,0.781,1.582,ON,0,OFF,ON,ON,0.998,1.005,-0.039,-0.023,3.230,3.259,0,97,51199.219,13.730,25.882,OFF,OFF,OFF,OFF,OFF,OFF,OFF,Avail,Incmpl,Incmpl,Enable,Avail,480.100,153.400,480.100,153.400,ON,Avail,Compl,Enable,65,0,0,0,0,0,0,6,A,0,0,Avail,Incmpl,Incmpl,Enable,OFF,OFF,220,946.750,51199.219,51199.219,51199.219,51199.219,51199.219,51199.219,1GRFE ,0,Avail,Incmpl,Incmpl,Enable,0,OFF,OFF,OFF,OFF,ON,ON,Avail,Compl,Enable,Compl,CL,CL,Compl,Unable,Not Avl,Compl,Incmpl,Enable,OFF,80,15,242,ON,42.500,21.250,0.120,2647,15,21,-3,OFF,0,3.125,6.010,OFF,0,0,58,Avail,Compl,Enable,0,GRN2#  ,ON,0,Not Act,Not Act,0,0,0,0,21247.676,21247.676,Avail,Compl,Avail,Incmpl,Incmpl,Enable,OBD II (California ARB),OFF,OFF,0,0,0,1st,OFF,OFF,OFF,OFF,OFF,OFF,1.562,0.781,ON,OFF,900,0,OFF,OFF,OFF,ON,Gasoline,0.968,OFF,OFF,0.684,ON,0.938,16.078,14,0,0.801,0.801,2.383,0.801,0.918,2.031,47.843,0,16.078,23,0,0,OFF,ECT 5th,NA,OFF,97.878,97.900,16.078,0,Not Avl,0,0,0,0,ON,ON,0,0,0
255,0,13.966,Not Avl,Compl,Compl,Unable,OFF,Not Avl,Compl,Compl,Unable,OFF,39.062,39.062,32.500,33.125,19.531,39.551,15.686,31.765,0.781,1.582,ON,0,OFF,ON,ON,1.000,1.002,-0.039,-0.035,3.235,3.239,0,97,51199.219,13.730,25.882,OFF,OFF,OFF,OFF,OFF,OFF,OFF,Avail,Incmpl,Incmpl,Enable,Avail,480.300,154.100,480.300,154.100,ON,Avail,Compl,Enable,65,0,0,0,0,0,0,6,A,0,0,Avail,Incmpl,Incmpl,Enable,OFF,OFF,221,953.750,51199.219,51199.219,51199.219,51199.219,51199.219,51199.219,1GRFE ,0,Avail,Incmpl,Incmpl,Enable,0,OFF,OFF,OFF,OFF,ON,ON,Avail,Compl,Enable,Compl,CL,CL,Compl,Unable,Not Avl,Compl,Incmpl,Enable,OFF,80,15,267,ON,42.500,21.250,0.120,2621,15,21,-3,OFF,0,3.125,5.980,OFF,0,0,66,Avail,Compl,Enable,0,GRN2#  ,ON,0,Not Act,Not Act,0,0,0,0,21247.676,21247.676,Avail,Compl,Avail,Incmpl,Incmpl,Enable,OBD II (California ARB),OFF,OFF,0,0,0,1st,OFF,OFF,OFF,OFF,OFF,OFF,1.562,0.781,ON,OFF,900,0,OFF,OFF,OFF,ON,Gasoline,0.968,OFF,OFF,0.684,ON,0.781,16.078,12,0,0.801,0.801,2.383,0.801,0.918,2.031,47.843,0,16.078,23,0,0,OFF,ECT 5th,NA,OFF,97.878,97.878,15.686,0,Not Avl,0,0,0,0,ON,ON,0,0,0
256,0,13.983,Not Avl,Compl,Compl,Unable,OFF,Not Avl,Compl,Compl,Unable,OFF,39.062,39.062,32.500,33.125,19.531,39.551,15.686,31.765,0.781,1.582,ON,0,OFF,ON,ON,0.998,0.999,-0.043,-0.039,3.225,3.230,0,97,51199.219,13.730,25.882,OFF,OFF,OFF,OFF,OFF,OFF,OFF,Avail,Incmpl,Incmpl,Enable,Avail,480.300,154.100,480.300,154.100,ON,Avail,Compl,Enable,65,0,0,0,0,0,0,6,A,0,0,Avail,Incmpl,Incmpl,Enable,OFF,OFF,221,942.750,51199.219,51199.219,51199.219,51199.219,51199.219,51199.219,1GRFE ,0,Avail,Incmpl,Incmpl,Enable,0,OFF,OFF,OFF,OFF,ON,ON,Avail,Compl,Enable,Compl,CL,CL,Compl,Unable,Not Avl,Compl,Incmpl,Enable,OFF,80,15,290,ON,42.500,21.250,0.121,2658,15,21,-3,OFF,0,3.125,5.980,OFF,0,0,66,Avail,Compl,Enable,0,GRN2#  ,ON,0,Not Act,Not Act,0,0,0,0,21247.676,21247.676,Avail,Compl,Avail,Incmpl,Incmpl,Enable,OBD II (California ARB),OFF,OFF,0,0,0,1st,OFF,OFF,OFF,OFF,OFF,OFF,1.562,0.781,ON,OFF,900,0,OFF,OFF,OFF,ON,Gasoline,0.967,OFF,OFF,0.684,ON,0.859,16.078,13,0,0.801,0.801,2.383,0.801,0.918,2.031,47.843,0,16.078,23,0,0,OFF,ECT 5th,NA,OFF,97.878,97.878,15.686,0,Not Avl,0,0,0,0,ON,ON,0,0,0
257,0,13.979,Not Avl,Compl,Compl,Unable,OFF,Not Avl,Compl,Compl,Unable,OFF,48.438,39.062,32.500,33.125,19.531,39.551,15.686,31.765,0.781,1.582,ON,0,OFF,ON,ON,0.998,0.996,-0.027,-0.039,3.225,3.215,0,97,51199.219,13.730,25.882,OFF,OFF,OFF,OFF,OFF,OFF,OFF,Avail,Incmpl,Incmpl,Enable,Avail,480.500,154.800,480.500,154.800,ON,Avail,Compl,Enable,65,0,0,0,0,0,0,6,A,0,0,Avail,Incmpl,Incmpl,Enable,OFF,OFF,222,958.500,51199.219,51199.219,51199.219,51199.219,51199.219,51199.219,1GRFE ,0,Avail,Incmpl,Incmpl,Enable,0,OFF,OFF,OFF,OFF,ON,ON,Avail,Compl,Enable,Compl,CL,CL,Compl,Unable,Not Avl,Compl,Incmpl,Enable,OFF,80,15,311,ON,42.500,21.250,0.121,2647,15,21,-3,OFF,0,3.125,5.980,OFF,0,0,67,Avail,Compl,Enable,0,GRN2#  ,ON,0,Not Act,Not Act,0,0,0,0,21247.676,21247.676,Avail,Compl,Avail,Incmpl,Incmpl,Enable,OBD II (California ARB),OFF,OFF,0,0,0,1st,OFF,OFF,OFF,OFF,OFF,OFF,1.562,0.781,ON,OFF,900,0,OFF,OFF,OFF,ON,Gasoline,0.968,OFF,OFF,0.684,ON,0.859,16.078,13,0,0.801,0.801,2.383,0.801,0.918,2.031,47.843,0,16.078,23,0,0,OFF,ECT 5th,NA,OFF,97.878,97.878,15.686,0,Not Avl,0,0,0,0,ON,ON,0,0,0
258,0,13.971,Not Avl,Compl,Compl,Unable,OFF,Not Avl,Compl,Compl,Unable,OFF,55.469,39.062,32.500,33.125,19.531,39.551,15.686,31.765,0.781,1.582,ON,0,OFF,ON,ON,0.999,0.993,-0.039,-0.062,3.235,3.196,0,97,51199.219,13.730,25.490,OFF,OFF,OFF,OFF,OFF,OFF,OFF,Avail,Incmpl,Incmpl,Enable,Avail,480.500,154.800,480.500,154.800,ON,Avail,Compl,Enable,65,0,0,0,0,0,0,6,A,0,0,Avail,Incmpl,Incmpl,Enable,OFF,OFF,222,966.250,51199.219,51199.219,51199.219,51199.219,51199.219,51199.219,1GRFE ,0,Avail,Incmpl,Incmpl,Enable,0,OFF,OFF,OFF,OFF,ON,ON,Avail,Compl,Enable,Compl,CL,CL,Compl,Unable,Not Avl,Compl,Incmpl,Enable,OFF,80,15.500,330,ON,42.500,21.250,0.121,2621,15,21,-3,OFF,0,3.125,6,OFF,0,0,67,Avail,Compl,Enable,0,GRN2#  ,ON,0,Not Act,Not Act,0,0,0,0,21247.676,21247.676,Avail,Compl,Avail,Incmpl,Incmpl,Enable,OBD II (California ARB),OFF,OFF,0,0,0,1st,OFF,OFF,OFF,OFF,OFF,OFF,1.562,0.781,ON,OFF,900,0,OFF,OFF,OFF,ON,Gasoline,0.967,OFF,OFF,0.684,ON,0.859,16.078,12,0,0.801,0.801,2.383,0.801,0.918,2.031,47.843,0,16.078,23,0,0,OFF,ECT 5th,NA,OFF,97.878,97.900,15.686,0,Not Avl,0,0,0,0,ON,ON,0,0,0
259,0,13.962,Not Avl,Compl,Compl,Unable,OFF,Not Avl,Compl,Compl,Unable,OFF,59.375,39.062,32.500,33.125,19.531,39.551,15.686,31.765,0.781,1.582,ON,0,OFF,ON,ON,1.000,0.997,-0.039,-0.047,3.235,3.220,0,97,51199.219,13.730,25.490,OFF,OFF,OFF,OFF,OFF,OFF,OFF,Avail,Incmpl,Incmpl,Enable,Avail,480.700,155.500,480.700,155.500,ON,Avail,Compl,Enable,65,0,0,0,0,0,0,6,A,0,0,Avail,Incmpl,Incmpl,Enable,OFF,OFF,223,975,51199.219,51199.219,51199.219,51199.219,51199.219,51199.219,1GRFE ,0,Avail,Incmpl,Incmpl,Enable,0,OFF,OFF,OFF,OFF,ON,ON,Avail,Compl,Enable,Compl,CL,CL,Compl,Unable,Not Avl,Compl,Incmpl,Enable,OFF,80,15.500,350,ON,42.500,21.250,0.121,2603,15,21,-3,OFF,0,3.125,5.920,OFF,0,0,67,Avail,Compl,Enable,0,GRN2#  ,ON,0,Not Act,Not Act,0,0,0,0,21247.676,21247.676,Avail,Compl,Avail,Incmpl,Incmpl,Enable,OBD II (California ARB),OFF,OFF,0,0,0,1st,OFF,OFF,OFF,OFF,OFF,OFF,1.562,0.781,ON,OFF,950,0,OFF,OFF,OFF,ON,Gasoline,0.966,OFF,OFF,0.684,ON,1.250,16.078,18,0,0.801,0.801,2.383,0.801,0.918,2.031,47.843,0,16.078,23,0,0,OFF,ECT 5th,NA,OFF,97.878,97.878,15.294,0,Not Avl,0,0,0,0,ON,ON,0,0,0
260,0,13.984,Not Avl,Compl,Compl,Unable,OFF,Not Avl,Compl,Compl,Unable,OFF,50,39.062,32.500,33.125,19.531,39.551,15.686,31.765,0.781,1.582,ON,0,OFF,ON,ON,1.000,0.999,-0.035,-0.039,3.239,3.230,0,97,51199.219,13.730,25.098,OFF,OFF,OFF,OFF,OFF,OFF,OFF,Avail,Incmpl,Incmpl,Enable,Avail,480.700,155.500,480.700,155.500,ON,Avail,Compl,Enable,65,0,0,0,0,0,0,6,A,0,0,Avail,Incmpl,Incmpl,Enable,OFF,OFF,223,960,51199.219,51199.219,51199.219,51199.219,51199.219,51199.219,1GRFE ,0,Avail,Incmpl,Incmpl,Enable,0,OFF,OFF,OFF,OFF,ON,ON,Avail,Compl,Enable,Compl,CL,CL,Compl,Unable,Not Avl,Compl,Incmpl,Enable,OFF,80,15.500,369,ON,42.500,21.250,0.121,2607,15,21,-3,OFF,0,3.125,5.980,OFF,0,0,67,Avail,Compl,Enable,0,GRN2#  ,ON,0,Not Act,Not Act,0,0,0,0,21247.676,21247.676,Avail,Compl,Avail,Incmpl,Incmpl,Enable,OBD II (California ARB),OFF,OFF,0,0,0,1st,OFF,OFF,OFF,OFF,OFF,OFF,1.562,0.781,ON,OFF,900,0,OFF,OFF,OFF,ON,Gasoline,0.965,OFF,OFF,0.684,ON,0.703,16.078,11,0,0.801,0.801,2.383,0.801,0.918,2.031,47.843,0,16.078,23,0,0,OFF,ECT 5th,NA,OFF,97.878,97.878,15.686,0,Not Avl,0,0,0,0,ON,ON,0,0,0
261,0,13.983,Not Avl,Compl,Compl,Unable,OFF,Not Avl,Compl,Compl,Unable,OFF,41.406,39.062,32.500,33.125,19.531,39.551,15.686,31.765,0.781,1.582,ON,0,OFF,ON,ON,0.997,0.998,-0.047,-0.043,3.220,3.225,0,97,51199.219,13.730,25.490,OFF,OFF,OFF,OFF,OFF,OFF,OFF,Avail,Incmpl,Incmpl,Enable,Avail,480.700,155.500,480.700,155.500,ON,Avail,Compl,Enable,65,0,0,0,0,0,0,6,A,0,0,Avail,Incmpl,Incmpl,Enable,OFF,OFF,223,953.750,51199.219,51199.219,51199.219,51199.219,51199.219,51199.219,1GRFE ,0,Avail,Incmpl,Incmpl,Enable,0,OFF,OFF,OFF,OFF,ON,ON,Avail,Compl,Enable,Compl,CL,CL,Compl,Unable,Not Avl,Compl,Incmpl,Enable,OFF,80,15.500,388,ON,42.500,21.250,0.121,2621,15,21,-3,OFF,0,3.125,5.980,OFF,0,0,67,Avail,Compl,Enable,0,GRN2#  ,ON,0,Not Act,Not Act,0,0,0,0,21247.676,21247.676,Avail,Compl,Avail,Incmpl,Incmpl,Enable,OBD II (California ARB),OFF,OFF,0,0,0,1st,OFF,OFF,OFF,OFF,OFF,OFF,1.562,0.781,ON,OFF,900,0,OFF,OFF,OFF,ON,Gasoline,0.965,OFF,OFF,0.684,ON,0.703,16.078,12,0,0.801,0.801,2.383,0.801,0.918,2.031,47.843,0,16.078,23,0,0,OFF,ECT 5th,NA,OFF,97.878,97.900,15.686,0,Not Avl,0,0,0,0,ON,ON,0,0,0
262,0,13.965,Not Avl,Compl,Compl,Unable,OFF,Not Avl,Compl,Compl,Unable,OFF,39.844,39.062,32.500,33.125,19.531,39.551,15.686,31.765,0.781,1.582,ON,0,OFF,ON,ON,0.997,0.996,-0.047,-0.051,3.220,3.215,0,97,51199.219,13.730,25.490,OFF,OFF,OFF,OFF,OFF,OFF,OFF,Avail,Incmpl,Incmpl,Enable,Avail,480.900,156.200,480.900,156.200,ON,Avail,Compl,Enable,65,0,0,0,0,0,0,6,A,0,0,Avail,Incmpl,Incmpl,Enable,OFF,OFF,224,951.500,51199.219,51199.219,51199.219,51199.219,51199.219,51199.219,1GRFE ,0,Avail,Incmpl,Incmpl,Enable,0,OFF,OFF,OFF,OFF,ON,ON,Avail,Compl,Enable,Compl,CL,CL,Compl,Unable,Not Avl,Compl,Incmpl,Enable,OFF,80,15,406,ON,42.500,21.250,0.119,2611,15,21,-3,OFF,0,3.125,5.980,OFF,0,0,64,Avail,Compl,Enable,0,GRN2#  ,ON,0,Not Act,Not Act,0,0,0,0,21247.676,21247.676,Avail,Compl,Avail,Incmpl,Incmpl,Enable,OBD II (California ARB),OFF,OFF,0,0,0,1st,OFF,OFF,OFF,OFF,OFF,OFF,1.562,0.781,ON,OFF,900,0,OFF,OFF,OFF,ON,Gasoline,0.965,OFF,OFF,0.684,ON,0.938,16.078,15,0,0.801,0.801,2.383,0.801,0.918,2.031,47.843,0,16.078,23,0,0,OFF,ECT 5th,NA,OFF,97.878,97.878,15.686,0,Not Avl,0,0,0,0,ON,ON,0,0,0
263,0,13.973,Not Avl,Compl,Compl,Unable,OFF,Not Avl,Compl,Compl,Unable,OFF,39.062,48.438,32.500,33.125,19.531,39.551,15.686,31.765,0.781,1.582,ON,0,OFF,ON,ON,0.999,0.998,-0.039,-0.039,3.230,3.230,0,97,51199.219,13.730,25.882,OFF,OFF,OFF,OFF,OFF,OFF,OFF,Avail,Incmpl,Incmpl,Enable,Avail,480.900,156.200,480.900,156.200,ON,Avail,Compl,Enable,65,0,0,0,0,0,0,6,A,0,0,Avail,Incmpl,Incmpl,Enable,OFF,OFF,224,950,51199.219,51199.219,51199.219,51199.219,51199.219,51199.219,1GRFE ,0,Avail,Incmpl,Incmpl,Enable,0,OFF,OFF,OFF,OFF,ON,ON,Avail,Compl,Enable,Compl,CL,CL,Compl,Unable,Not Avl,Compl,Incmpl,Enable,OFF,80,15,423,ON,42.500,21.250,0.119,2629,15,21,-3,OFF,0,3.125,5.980,OFF,0,0,64,Avail,Compl,Enable,0,GRN2#  ,ON,0,Not Act,Not Act,0,0,0,0,21247.676,21247.676,Avail,Compl,Avail,Incmpl,Incmpl,Enable,OBD II (California ARB),OFF,OFF,0,0,0,1st,OFF,OFF,OFF,OFF,OFF,OFF,1.562,0.781,ON,OFF,900,0,OFF,OFF,OFF,ON,Gasoline,0.966,OFF,OFF,0.684,ON,0.781,16.078,13,0,0.801,0.801,2.383,0.801,0.918,2.031,47.843,0,16.078,23,0,0,OFF,ECT 5th,NA,OFF,97.878,97.900,15.686,0,Not Avl,0,0,0,0,ON,ON,0,0,0
264,0,13.966,Not Avl,Compl,Compl,Unable,OFF,Not Avl,Compl,Compl,Unable,OFF,39.062,55.469,32.500,33.125,19.531,39.551,15.686,31.765,0.781,1.582,ON,0,OFF,ON,ON,0.999,1.002,-0.043,-0.027,3.225,3.249,0,97,51199.219,13.710,25.882,OFF,OFF,OFF,OFF,OFF,OFF,OFF,Avail,Incmpl,Incmpl,Enable,Avail,480.900,156.200,480.900,156.200,ON,Avail,Compl,Enable,65,0,0,0,0,0,0,6,A,0,0,Avail,Incmpl,Incmpl,Enable,OFF,OFF,224,940.500,51199.219,51199.219,51199.219,51199.219,51199.219,51199.219,1GRFE ,0,Avail,Incmpl,Incmpl,Enable,0,OFF,OFF,OFF,OFF,ON,ON,Avail,Compl,Enable,Compl,CL,CL,Compl,Unable,Not Avl,Compl,Incmpl,Enable,OFF,80,15,439,ON,42.500,21.250,0.119,2654,15,21,-3,OFF,0,3.125,5.980,OFF,0,0,64,Avail,Compl,Enable,0,GRN2#  ,ON,0,Not Act,Not Act,0,0,0,0,21247.676,21247.676,Avail,Compl,Avail,Incmpl,Incmpl,Enable,OBD II (California ARB),OFF,OFF,0,0,0,1st,OFF,OFF,OFF,OFF,OFF,OFF,1.562,0.781,ON,OFF,900,0,OFF,OFF,OFF,ON,Gasoline,0.967,OFF,OFF,0.684,ON,0.859,16.078,14,0,0.801,0.801,2.383,0.801,0.918,2.031,47.843,0,16.078,23,0,0,OFF,ECT 5th,NA,OFF,97.878,97.900,16.078,0,Not Avl,0,0,0,0,ON,ON,0,0,0
265,0,13.964,Not Avl,Compl,Compl,Unable,OFF,Not Avl,Compl,Compl,Unable,OFF,39.062,47.656,32.500,33.125,19.531,39.551,15.686,31.765,0.781,1.582,ON,0,OFF,ON,ON,1.000,1.002,-0.039,-0.031,3.235,3.244,0,97,51199.219,13.730,25.882,OFF,OFF,OFF,OFF,OFF,OFF,OFF,Avail,Incmpl,Incmpl,Enable,Avail,481.100,156.900,481.100,156.900,ON,Avail,Compl,Enable,65,0,0,0,0,0,0,6,A,0,0,Avail,Incmpl,Incmpl,Enable,OFF,OFF,225,960,51199.219,51199.219,51199.219,51199.219,51199.219,51199.219,1GRFE ,0,Avail,Incmpl,Incmpl,Enable,0,OFF,OFF,OFF,OFF,ON,ON,Avail,Compl,Enable,Compl,CL,CL,Compl,Unable,Not Avl,Compl,Incmpl,Enable,OFF,80,15,456,ON,42.500,21.250,0.119,2650,15,21,-3,OFF,0,3.125,5.920,OFF,0,0,42,Avail,Compl,Enable,0,GRN2#  ,ON,0,Not Act,Not Act,0,0,0,0,21247.676,21247.676,Avail,Compl,Avail,Incmpl,Incmpl,Enable,OBD II (California ARB),OFF,OFF,0,0,0,1st,OFF,OFF,OFF,OFF,OFF,OFF,1.562,0.781,ON,OFF,900,0,OFF,OFF,OFF,ON,Gasoline,0.968,OFF,OFF,0.684,ON,1.016,16.078,16,0,0.801,0.801,2.383,0.801,0.918,2.031,47.843,0,16.078,23,0,0,OFF,ECT 5th,NA,OFF,97.878,97.900,15.294,0,Not Avl,0,0,0,0,ON,ON,0,0,0
266,0,13.975,Not Avl,Compl,Compl,Unable,OFF,Not Avl,Compl,Compl,Unable,OFF,39.062,49.219,32.500,33.125,19.531,39.551,15.686,31.765,0.781,1.582,ON,0,OFF,ON,ON,0.998,0.997,-0.039,-0.051,3.235,3.215,0,97,51199.219,13.730,25.490,OFF,OFF,OFF,OFF,OFF,OFF,OFF,Avail,Incmpl,Incmpl,Enable,Avail,481.100,156.900,481.100,156.900,ON,Avail,Compl,Enable,65,0,0,0,0,0,0,6,A,0,0,Avail,Incmpl,Incmpl,Enable,OFF,OFF,225,965.500,51199.219,51199.219,51199.219,51199.219,51199.219,51199.219,1GRFE ,0,Avail,Incmpl,Incmpl,Enable,0,OFF,OFF,OFF,OFF,ON,ON,Avail,Compl,Enable,Compl,CL,CL,Compl,Unable,Not Avl,Compl,Incmpl,Enable,OFF,80,15.500,474,ON,42.500,21.250,0.121,2625,15,21,-3,OFF,0,3.125,5.980,OFF,0,0,42,Avail,Compl,Enable,0,GRN2#  ,ON,0,Not Act,Not Act,0,0,0,0,21247.676,21247.676,Avail,Compl,Avail,Incmpl,Incmpl,Enable,OBD II (California ARB),OFF,OFF,0,0,0,1st,OFF,OFF,OFF,OFF,OFF,OFF,1.562,0.781,ON,OFF,900,0,OFF,OFF,OFF,ON,Gasoline,0.968,OFF,OFF,0.684,ON,0.781,16.078,13,0,0.801,0.801,2.383,0.801,0.918,2.031,47.843,0,16.078,23,0,0,OFF,ECT 5th,NA,OFF,97.878,97.878,15.686,0,Not Avl,0,0,0,0,ON,ON,0,0,0
267,0,13.969,Not Avl,Compl,Compl,Unable,OFF,Not Avl,Compl,Compl,Unable,OFF,39.062,42.188,32.500,33.125,19.531,39.551,15.686,31.765,0.781,1.582,ON,0,OFF,ON,ON,0.995,0.995,-0.039,-0.039,3.205,3.205,0,97,51199.219,13.730,25.490,OFF,OFF,OFF,OFF,OFF,OFF,OFF,Avail,Incmpl,Incmpl,Enable,Avail,481.100,156.900,481.100,156.900,ON,Avail,Compl,Enable,65,0,0,0,0,0,0,6,A,0,0,Avail,Incmpl,Incmpl,Enable,OFF,OFF,226,962.500,51199.219,51199.219,51199.219,51199.219,51199.219,51199.219,1GRFE ,0,Avail,Incmpl,Incmpl,Enable,0,OFF,OFF,OFF,OFF,ON,ON,Avail,Compl,Enable,Compl,CL,CL,Compl,Unable,Not Avl,Compl,Incmpl,Enable,OFF,80,15,490,ON,42.500,21.250,0.121,2614,15,21,-3,OFF,0,3.125,5.980,OFF,0,0,42,Avail,Compl,Enable,0,GRN2#  ,ON,0,Not Act,Not Act,0,0,0,0,21247.676,21247.676,Avail,Compl,Avail,Incmpl,Incmpl,Enable,OBD II (California ARB),OFF,OFF,0,0,0,1st,OFF,OFF,OFF,OFF,OFF,OFF,1.562,0.781,ON,OFF,900,0,OFF,OFF,OFF,ON,Gasoline,0.968,OFF,OFF,0.684,ON,0.859,16.078,13,0,0.801,0.801,2.383,0.801,0.918,2.031,47.843,0,16.078,23,0,0,OFF,ECT 5th,NA,OFF,97.878,97.878,15.686,0,Not Avl,0,0,0,0,ON,ON,0,0,0
268,0,13.976,Not Avl,Compl,Compl,Unable,OFF,Not Avl,Compl,Compl,Unable,OFF,39.062,39.844,32.500,33.125,19.531,39.551,15.686,31.765,0.781,1.582,ON,0,OFF,ON,ON,0.999,0.996,-0.039,-0.051,3.230,3.215,0,97,51199.219,13.730,25.490,OFF,OFF,OFF,OFF,OFF,OFF,OFF,Avail,Incmpl,Incmpl,Enable,Avail,481.300,157.600,481.300,157.600,ON,Avail,Compl,Enable,65,0,0,0,0,0,0,6,A,0,0,Avail,Incmpl,Incmpl,Enable,OFF,OFF,226,960,51199.219,51199.219,51199.219,51199.219,51199.219,51199.219,1GRFE ,0,Avail,Incmpl,Incmpl,Enable,0,OFF,OFF,OFF,OFF,ON,ON,Avail,Compl,Enable,Compl,CL,CL,Compl,Unable,Not Avl,Compl,Incmpl,Enable,OFF,80,15,508,ON,42.500,21.250,0.121,2621,15,21,-3,OFF,0,3.125,5.980,OFF,0,0,69,Avail,Compl,Enable,0,GRN2#  ,ON,0,Not Act,Not Act,0,0,0,0,21247.676,21247.676,Avail,Compl,Avail,Incmpl,Incmpl,Enable,OBD II (California ARB),OFF,OFF,0,0,0,1st,OFF,OFF,OFF,OFF,OFF,OFF,1.562,0.781,ON,OFF,900,0,OFF,OFF,OFF,ON,Gasoline,0.969,OFF,OFF,0.684,ON,0.781,16.078,13,0,0.801,0.801,2.383,0.801,0.918,2.031,47.843,0,16.078,23,0,0,OFF,ECT 5th,NA,OFF,97.878,97.900,15.686,0,Not Avl,0,0,0,0,ON,ON,0,0,0
269,0,13.983,Not Avl,Compl,Compl,Unable,OFF,Not Avl,Compl,Compl,Unable,OFF,39.062,39.062,32.500,33.125,19.531,39.551,15.686,31.765,0.781,1.582,ON,0,OFF,ON,ON,0.994,0.999,-0.055,-0.039,3.205,3.230,0,97,51199.219,13.730,25.882,OFF,OFF,OFF,OFF,OFF,OFF,OFF,Avail,Incmpl,Incmpl,Enable,Avail,481.300,157.600,481.300,157.600,ON,Avail,Compl,Enable,65,0,0,0,0,0,0,6,A,0,0,Avail,Incmpl,Incmpl,Enable,OFF,OFF,226,955.250,51199.219,51199.219,51199.219,51199.219,51199.219,51199.219,1GRFE ,0,Avail,Incmpl,Incmpl,Enable,0,OFF,OFF,OFF,OFF,ON,ON,Avail,Compl,Enable,Compl,CL,CL,Compl,Unable,Not Avl,Compl,Incmpl,Enable,OFF,80,15,528,ON,42.500,21.250,0.119,2614,15,21,-3,OFF,0,3.125,5.960,OFF,0,0,69,Avail,Compl,Enable,0,GRN2#  ,ON,0,Not Act,Not Act,0,0,0,0,21247.676,21247.676,Avail,Compl,Avail,Incmpl,Incmpl,Enable,OBD II (California ARB),OFF,OFF,0,0,0,1st,OFF,OFF,OFF,OFF,OFF,OFF,0.781,0.781,ON,OFF,900,0,OFF,OFF,OFF,ON,Gasoline,0.970,OFF,OFF,0.684,ON,0.781,16.078,13,0,0.801,0.801,2.383,0.801,0.918,2.031,47.843,0,16.078,23,0,0,OFF,ECT 5th,NA,OFF,97.878,97.900,15.686,0,Not Avl,0,0,0,0,ON,ON,0,0,0
270,0,13.973,Not Avl,Compl,Compl,Unable,OFF,Not Avl,Compl,Compl,Unable,OFF,42.969,39.062,32.500,33.125,19.531,39.551,15.686,31.765,0.781,1.582,ON,0,OFF,ON,ON,1.000,1.003,-0.035,-0.027,3.239,3.249,0,97,51199.219,13.730,25.490,OFF,OFF,OFF,OFF,OFF,OFF,OFF,Avail,Incmpl,Incmpl,Enable,Avail,481.300,157.600,481.300,157.600,ON,Avail,Compl,Enable,65,0,0,0,0,0,0,6,A,0,0,Avail,Incmpl,Incmpl,Enable,OFF,OFF,227,957.750,51199.219,51199.219,51199.219,51199.219,51199.219,51199.219,1GRFE ,0,Avail,Incmpl,Incmpl,Enable,0,OFF,OFF,OFF,OFF,ON,ON,Avail,Compl,Enable,Compl,CL,CL,Compl,Unable,Not Avl,Compl,Incmpl,Enable,OFF,80,15,547,ON,42.500,21.250,0.119,2600,15,21,-3,OFF,0,3.125,5.920,OFF,0,0,69,Avail,Compl,Enable,0,GRN2#  ,ON,0,Not Act,Not Act,0,0,0,0,21247.676,21247.676,Avail,Compl,Avail,Incmpl,Incmpl,Enable,OBD II (California ARB),OFF,OFF,0,0,0,1st,OFF,OFF,OFF,OFF,OFF,OFF,1.562,0.781,ON,OFF,900,0,OFF,OFF,OFF,ON,Gasoline,0.972,OFF,OFF,0.684,ON,0.938,16.078,15,0,0.801,0.801,2.383,0.801,0.918,2.031,47.843,0,16.078,23,0,0,OFF,ECT 5th,NA,OFF,97.878,97.878,15.294,0,Not Avl,0,0,0,0,ON,ON,0,0,0
271,0,13.965,Not Avl,Compl,Compl,Unable,OFF,Not Avl,Compl,Compl,Unable,OFF,53.125,39.062,32.500,33.125,19.531,39.551,15.686,31.765,0.781,1.582,ON,0,OFF,ON,ON,1.002,1.002,-0.031,-0.031,3.244,3.244,0,97,51199.219,13.710,25.490,OFF,OFF,OFF,OFF,OFF,OFF,OFF,Avail,Incmpl,Incmpl,Enable,Avail,481.500,158.300,481.500,158.300,ON,Avail,Compl,Enable,65,0,0,0,0,0,0,6,A,0,0,Avail,Incmpl,Incmpl,Enable,OFF,OFF,227,953,51199.219,51199.219,51199.219,51199.219,51199.219,51199.219,1GRFE ,0,Avail,Incmpl,Incmpl,Enable,0,OFF,OFF,OFF,OFF,ON,ON,Avail,Compl,Enable,Compl,CL,CL,Compl,Unable,Not Avl,Compl,Incmpl,Enable,OFF,80,15,567,ON,42.500,21.250,0.119,2607,15,21,-3,OFF,0,3.125,5.920,OFF,0,0,65,Avail,Compl,Enable,0,GRN2#  ,ON,0,Not Act,Not Act,0,0,0,0,21247.676,21247.676,Avail,Compl,Avail,Incmpl,Incmpl,Enable,OBD II (California ARB),OFF,OFF,0,0,0,1st,OFF,OFF,OFF,OFF,OFF,OFF,1.562,0.781,ON,OFF,900,0,OFF,OFF,OFF,ON,Gasoline,0.969,OFF,OFF,0.684,ON,1.094,16.078,16,0,0.801,0.801,2.383,0.801,0.918,2.031,47.843,0,16.078,23,0,0,OFF,ECT 5th,NA,OFF,97.878,97.878,15.686,0,Not Avl,0,0,0,0,ON,ON,0,0,0
272,0,13.979,Not Avl,Compl,Compl,Unable,OFF,Not Avl,Compl,Compl,Unable,OFF,57.031,39.062,32.500,33.125,19.531,39.551,15.686,31.765,0.781,1.582,ON,0,OFF,ON,ON,1.004,0.999,-0.023,-0.039,3.259,3.230,0,97,51199.219,13.730,25.490,OFF,OFF,OFF,OFF,OFF,OFF,OFF,Avail,Incmpl,Incmpl,Enable,Avail,481.500,158.300,481.500,158.300,ON,Avail,Compl,Enable,65,0,0,0,0,0,0,6,A,0,0,Avail,Incmpl,Incmpl,Enable,OFF,OFF,227,950.750,51199.219,51199.219,51199.219,51199.219,51199.219,51199.219,1GRFE ,0,Avail,Incmpl,Incmpl,Enable,0,OFF,OFF,OFF,OFF,ON,ON,Avail,Compl,Enable,Compl,CL,CL,Compl,Unable,Not Avl,Compl,Incmpl,Enable,OFF,80,15,586,ON,42.500,21.250,0.119,2592,15,21,-3,OFF,0,3.125,5.980,OFF,0,0,65,Avail,Compl,Enable,0,GRN2#  ,ON,0,Not Act,Not Act,0,0,0,0,21247.676,21247.676,Avail,Compl,Avail,Incmpl,Incmpl,Enable,OBD II (California ARB),OFF,OFF,0,0,0,1st,OFF,OFF,OFF,OFF,OFF,OFF,1.562,0.781,ON,OFF,900,0,OFF,OFF,OFF,ON,Gasoline,0.968,OFF,OFF,0.684,ON,0.938,16.078,14,0,0.801,0.801,2.383,0.801,0.918,2.031,47.843,0,16.078,23,0,0,OFF,ECT 5th,NA,OFF,97.878,97.878,15.686,0,Not Avl,0,0,0,0,ON,ON,0,0,0
273,0,13.975,Not Avl,Compl,Compl,Unable,OFF,Not Avl,Compl,Compl,Unable,OFF,53.125,39.062,32.500,33.125,19.531,39.551,15.686,31.765,0.781,1.582,ON,0,OFF,ON,ON,1.006,1.004,-0.016,-0.023,3.269,3.259,0,97,51199.219,13.730,25.490,OFF,OFF,OFF,OFF,OFF,OFF,OFF,Avail,Incmpl,Incmpl,Enable,Avail,481.600,159,481.600,159,ON,Avail,Compl,Enable,65,0,0,0,0,0,0,6,A,0,0,Avail,Incmpl,Incmpl,Enable,OFF,OFF,228,952.250,51199.219,51199.219,51199.219,51199.219,51199.219,51199.219,1GRFE ,0,Avail,Incmpl,Incmpl,Enable,0,OFF,OFF,OFF,OFF,ON,ON,Avail,Compl,Enable,Compl,CL,CL,Compl,Unable,Not Avl,Compl,Incmpl,Enable,OFF,80,15,7,ON,42.500,21.250,0.119,2640,15,21,-3,OFF,0,3.125,5.980,OFF,0,0,71,Avail,Compl,Enable,0,GRN2#  ,ON,0,Not Act,Not Act,0,0,0,0,21247.676,21247.676,Avail,Compl,Avail,Incmpl,Incmpl,Enable,OBD II (California ARB),OFF,OFF,0,0,0,1st,OFF,OFF,OFF,OFF,OFF,OFF,2.344,1.562,ON,OFF,900,0,OFF,OFF,OFF,ON,Gasoline,0.963,OFF,OFF,0.684,ON,0.938,16.078,15,0,0.801,0.801,2.383,0.801,0.918,2.031,47.843,0,16.078,23,0,0,OFF,ECT 5th,NA,OFF,97.878,97.900,15.686,0,Not Avl,0,0,0,0,ON,ON,0,0,0
274,0,13.983,Not Avl,Compl,Compl,Unable,OFF,Not Avl,Compl,Compl,Unable,OFF,42.188,48.438,32.500,33.125,19.531,39.551,15.686,31.765,0.781,1.582,ON,0,OFF,ON,ON,0.998,0.999,-0.043,-0.039,3.225,3.230,0,97,51199.219,13.730,25.882,OFF,OFF,OFF,OFF,OFF,OFF,OFF,Avail,Incmpl,Incmpl,Enable,Avail,481.600,159,481.600,159,ON,Avail,Compl,Enable,65,0,0,0,0,0,0,6,A,0,0,Avail,Incmpl,Incmpl,Enable,OFF,OFF,228,955.250,51199.219,51199.219,51199.219,51199.219,51199.219,51199.219,1GRFE ,0,Avail,Incmpl,Incmpl,Enable,0,OFF,OFF,OFF,OFF,ON,ON,Avail,Compl,Enable,Compl,CL,CL,Compl,Unable,Not Avl,Compl,Incmpl,Enable,OFF,80,15,29,ON,42.500,21.250,0.119,2647,15,21,-3,OFF,0,3.125,5.980,OFF,0,0,71,Avail,Compl,Enable,0,GRN2#  ,ON,0,Not Act,Not Act,0,0,0,0,21247.676,21247.676,Avail,Compl,Avail,Incmpl,Incmpl,Enable,OBD II (California ARB),OFF,OFF,0,0,0,1st,OFF,OFF,OFF,OFF,OFF,OFF,2.344,0.781,ON,OFF,900,0,OFF,OFF,OFF,ON,Gasoline,0.962,OFF,OFF,0.684,ON,0.703,16.078,12,0,0.801,0.801,2.383,0.801,0.918,2.031,47.843,0,16.078,23,0,0,OFF,ECT 5th,NA,OFF,97.878,97.900,15.686,0,Not Avl,0,0,0,0,ON,ON,0,0,0
275,0,13.984,Not Avl,Compl,Compl,Unable,OFF,Not Avl,Compl,Compl,Unable,OFF,39.844,51.562,32.500,33.125,19.531,39.551,15.686,31.765,0.781,1.582,ON,0,OFF,ON,ON,0.991,0.995,-0.066,-0.055,3.186,3.210,0,97,51199.219,13.730,25.490,OFF,OFF,OFF,OFF,OFF,OFF,OFF,Avail,Incmpl,Incmpl,Enable,Avail,481.600,159,481.600,159,ON,Avail,Compl,Enable,65,0,0,0,0,0,0,6,A,0,0,Avail,Incmpl,Incmpl,Enable,OFF,OFF,229,964,51199.219,51199.219,51199.219,51199.219,51199.219,51199.219,1GRFE ,0,Avail,Incmpl,Incmpl,Enable,0,OFF,OFF,OFF,OFF,ON,ON,Avail,Compl,Enable,Compl,CL,CL,Compl,Unable,Not Avl,Compl,Incmpl,Enable,OFF,80,15,49,ON,42.500,21.250,0.120,2618,15,21,-3,OFF,0,3.125,5.980,OFF,0,0,71,Avail,Compl,Enable,0,GRN2#  ,ON,0,Not Act,Not Act,0,0,0,0,21247.676,21247.676,Avail,Compl,Avail,Incmpl,Incmpl,Enable,OBD II (California ARB),OFF,OFF,0,0,0,1st,OFF,OFF,OFF,OFF,OFF,OFF,1.562,0.781,ON,OFF,900,0,OFF,OFF,OFF,ON,Gasoline,0.964,OFF,OFF,0.684,ON,0.547,16.078,8,0,0.801,0.801,2.383,0.801,0.918,2.031,47.843,0,16.078,23,0,0,OFF,ECT 5th,NA,OFF,97.878,97.878,15.686,0,Not Avl,0,0,0,0,ON,ON,0,0,0
276,0,13.965,Not Avl,Compl,Compl,Unable,OFF,Not Avl,Compl,Compl,Unable,OFF,39.062,57.031,32.500,33.125,19.531,39.551,15.686,31.765,0.781,1.582,ON,0,OFF,ON,ON,0.998,0.992,-0.043,-0.066,3.225,3.191,0,97,51199.219,13.730,25.490,OFF,OFF,OFF,OFF,OFF,OFF,OFF,Avail,Incmpl,Incmpl,Enable,Avail,481.800,159.700,481.800,159.700,ON,Avail,Compl,Enable,65,0,0,0,0,0,0,6,A,0,0,Avail,Incmpl,Incmpl,Enable,OFF,OFF,229,959.250,51199.219,51199.219,51199.219,51199.219,51199.219,51199.219,1GRFE ,0,Avail,Incmpl,Incmpl,Enable,0,OFF,OFF,OFF,OFF,ON,ON,Avail,Compl,Enable,Compl,CL,CL,Compl,Unable,Not Avl,Compl,Incmpl,Enable,OFF,80,15.500,69,ON,42.500,21.250,0.120,2603,15,21,-3,OFF,0,3.125,5.980,OFF,0,0,65,Avail,Compl,Enable,0,GRN2#  ,ON,0,Not Act,Not Act,0,0,0,0,21247.676,21247.676,Avail,Compl,Avail,Incmpl,Incmpl,Enable,OBD II (California ARB),OFF,OFF,0,0,0,1st,OFF,OFF,OFF,OFF,OFF,OFF,1.562,0.781,ON,OFF,900,0,OFF,OFF,OFF,ON,Gasoline,0.968,OFF,OFF,0.684,ON,1.172,16.078,18,0,0.801,0.801,2.383,0.801,0.918,2.031,47.843,0,16.078,23,0,0,OFF,ECT 5th,NA,OFF,97.878,97.900,15.686,0,Not Avl,0,0,0,0,ON,ON,0,0,0
277,0,13.960,Not Avl,Compl,Compl,Unable,OFF,Not Avl,Compl,Compl,Unable,OFF,39.062,47.656,32.500,33.125,19.531,39.551,15.686,31.765,0.781,1.582,ON,0,OFF,ON,ON,1.001,0.994,-0.035,-0.055,3.239,3.205,0,97,51199.219,13.730,25.490,OFF,OFF,OFF,OFF,OFF,OFF,OFF,Avail,Incmpl,Incmpl,Enable,Avail,481.800,159.700,481.800,159.700,ON,Avail,Compl,Enable,65,0,0,0,0,0,0,6,A,0,0,Avail,Incmpl,Incmpl,Enable,OFF,OFF,230,968.750,51199.219,51199.219,51199.219,51199.219,51199.219,51199.219,1GRFE ,0,Avail,Incmpl,Incmpl,Enable,0,OFF,OFF,OFF,OFF,ON,ON,Avail,Compl,Enable,Compl,CL,CL,Compl,Unable,Not Avl,Compl,Incmpl,Enable,OFF,80,15.500,89,ON,42.500,21.250,0.120,2585,15,21,-3,OFF,0,3.125,5.920,OFF,0,0,65,Avail,Compl,Enable,0,GRN2#  ,ON,0,Not Act,Not Act,0,0,0,0,21247.676,21247.676,Avail,Compl,Avail,Incmpl,Incmpl,Enable,OBD II (California ARB),OFF,OFF,0,0,0,1st,OFF,OFF,OFF,OFF,OFF,OFF,1.562,0,ON,OFF,900,0,OFF,OFF,OFF,ON,Gasoline,0.966,OFF,OFF,0.684,ON,0.938,16.078,14,0,0.801,0.801,2.383,0.801,0.918,2.031,47.843,0,16.078,23,0,0,OFF,ECT 5th,NA,OFF,97.878,97.878,15.294,0,Not Avl,0,0,0,0,ON,ON,0,0,0
278,0,13.975,Not Avl,Compl,Compl,Unable,OFF,Not Avl,Compl,Compl,Unable,OFF,39.062,42.188,32.500,33.125,19.531,39.551,15.686,31.765,0.781,1.582,ON,0,OFF,ON,ON,1.003,1.000,-0.027,-0.039,3.249,3.235,0,97,51199.219,13.730,25.098,OFF,OFF,OFF,OFF,OFF,OFF,OFF,Avail,Incmpl,Incmpl,Enable,Avail,481.900,160.300,481.900,160.300,ON,Avail,Compl,Enable,65,0,0,0,0,0,0,6,A,0,0,Avail,Incmpl,Incmpl,Enable,OFF,OFF,230,953.750,51199.219,51199.219,51199.219,51199.219,51199.219,51199.219,1GRFE ,0,Avail,Incmpl,Incmpl,Enable,0,OFF,OFF,OFF,OFF,ON,ON,Avail,Compl,Enable,Compl,CL,CL,Compl,Unable,Not Avl,Compl,Incmpl,Enable,OFF,80,16,111,ON,42.500,21.250,0.118,2589,15,21,-3,OFF,0,3.125,5.920,OFF,0,0,71,Avail,Compl,Enable,0,GRN2#  ,ON,0,Not Act,Not Act,0,0,0,0,21247.676,21247.676,Avail,Compl,Avail,Incmpl,Incmpl,Enable,OBD II (California ARB),OFF,OFF,0,0,0,1st,OFF,OFF,OFF,OFF,OFF,OFF,2.344,0.781,ON,OFF,900,0,OFF,OFF,OFF,ON,Gasoline,0.965,OFF,OFF,0.684,ON,0.859,16.078,13,0,0.801,0.801,2.383,0.801,0.918,2.031,47.843,0,16.078,23,0,0,OFF,ECT 5th,NA,OFF,97.878,97.900,15.686,0,Not Avl,0,0,0,0,ON,ON,0,0,0
279,0,13.966,Not Avl,Compl,Compl,Unable,OFF,Not Avl,Compl,Compl,Unable,OFF,39.062,39.844,32.500,33.125,19.531,39.551,15.686,31.765,0.781,1.582,ON,0,OFF,ON,ON,0.998,1.003,-0.043,-0.027,3.225,3.254,0,97,51199.219,13.730,25.490,OFF,OFF,OFF,OFF,OFF,OFF,OFF,Avail,Incmpl,Incmpl,Enable,Avail,481.900,160.300,481.900,160.300,ON,Avail,Compl,Enable,65,0,0,0,0,0,0,6,A,0,0,Avail,Incmpl,Incmpl,Enable,OFF,OFF,230,947.500,51199.219,51199.219,51199.219,51199.219,51199.219,51199.219,1GRFE ,0,Avail,Incmpl,Incmpl,Enable,0,OFF,OFF,OFF,OFF,ON,ON,Avail,Compl,Enable,Compl,CL,CL,Compl,Unable,Not Avl,Compl,Incmpl,Enable,OFF,80,15,129,ON,42.500,21.250,0.118,2636,15,21,-3,OFF,0,3.125,5.920,OFF,0,0,71,Avail,Compl,Enable,0,GRN2#  ,ON,0,Not Act,Not Act,0,0,0,0,21247.676,21247.676,Avail,Compl,Avail,Incmpl,Incmpl,Enable,OBD II (California ARB),OFF,OFF,0,0,0,1st,OFF,OFF,OFF,OFF,OFF,OFF,1.562,0.781,ON,OFF,900,0,OFF,OFF,OFF,ON,Gasoline,0.964,OFF,OFF,0.684,ON,1.094,16.078,16,0,0.801,0.801,2.383,0.801,0.918,2.031,47.843,0,16.078,23,0,0,OFF,ECT 5th,NA,OFF,97.878,97.900,15.686,0,Not Avl,0,0,0,0,ON,ON,0,0,0
280,0,13.965,Not Avl,Compl,Compl,Unable,OFF,Not Avl,Compl,Compl,Unable,OFF,44.531,39.062,32.500,33.125,19.531,39.551,15.686,31.765,0.781,1.582,ON,0,OFF,ON,ON,0.996,1.007,-0.051,-0.012,3.215,3.274,0,97,51199.219,13.730,25.490,OFF,OFF,OFF,OFF,OFF,OFF,OFF,Avail,Incmpl,Incmpl,Enable,Avail,481.900,160.300,481.900,160.300,ON,Avail,Compl,Enable,65,0,0,0,0,0,0,6,A,0,0,Avail,Incmpl,Incmpl,Enable,OFF,OFF,231,958.500,51199.219,51199.219,51199.219,51199.219,51199.219,51199.219,1GRFE ,0,Avail,Incmpl,Incmpl,Enable,0,OFF,OFF,OFF,OFF,ON,ON,Avail,Compl,Enable,Compl,CL,CL,Compl,Unable,Not Avl,Compl,Incmpl,Enable,OFF,80,15,149,ON,42.500,21.250,0.118,2614,15,21,-3,OFF,0,3.125,5.920,OFF,0,0,71,Avail,Compl,Enable,0,GRN2#  ,ON,0,Not Act,Not Act,0,0,0,0,21247.676,21247.676,Avail,Compl,Avail,Incmpl,Incmpl,Enable,OBD II (California ARB),OFF,OFF,0,0,0,1st,OFF,OFF,OFF,OFF,OFF,OFF,1.562,1.562,ON,OFF,900,0,OFF,OFF,OFF,ON,Gasoline,0.965,OFF,OFF,0.684,ON,0.938,16.078,14,0,0.801,0.801,2.383,0.801,0.918,2.031,47.843,0,16.078,23,0,0,OFF,ECT 5th,NA,OFF,97.878,97.900,15.294,0,Not Avl,0,0,0,0,ON,ON,0,0,0
281,0,13.965,Not Avl,Compl,Compl,Unable,OFF,Not Avl,Compl,Compl,Unable,OFF,40.625,39.062,32.500,33.125,19.531,39.551,15.686,31.765,0.781,1.582,ON,0,OFF,ON,ON,1.000,1.001,-0.035,-0.035,3.239,3.239,0,97,51199.219,13.730,25.490,OFF,OFF,OFF,OFF,OFF,OFF,OFF,Avail,Incmpl,Incmpl,Enable,Avail,482.100,161,482.100,161,ON,Avail,Compl,Enable,65,0,0,0,0,0,0,6,A,0,0,Avail,Incmpl,Incmpl,Enable,OFF,OFF,231,956.250,51199.219,51199.219,51199.219,51199.219,51199.219,51199.219,1GRFE ,0,Avail,Incmpl,Incmpl,Enable,0,OFF,OFF,OFF,OFF,ON,ON,Avail,Compl,Enable,Compl,CL,CL,Compl,Unable,Not Avl,Compl,Incmpl,Enable,OFF,80,15,166,ON,42.500,21.250,0.119,2614,15,21,-3,OFF,0,3.125,5.930,OFF,0,0,66,Avail,Compl,Enable,0,GRN2#  ,ON,0,Not Act,Not Act,0,0,0,0,21247.676,21247.676,Avail,Compl,Avail,Incmpl,Incmpl,Enable,OBD II (California ARB),OFF,OFF,0,0,0,1st,OFF,OFF,OFF,OFF,OFF,OFF,1.562,1.562,ON,OFF,900,0,OFF,OFF,OFF,ON,Gasoline,0.966,OFF,OFF,0.684,ON,0.938,16.078,12,0,0.801,0.801,2.383,0.801,0.918,2.031,47.843,0,16.078,23,0,0,OFF,ECT 5th,NA,OFF,97.878,97.900,15.686,0,Not Avl,0,0,0,0,ON,ON,0,0,0
282,0,13.983,Not Avl,Compl,Compl,Unable,OFF,Not Avl,Compl,Compl,Unable,OFF,44.531,39.062,32.500,33.125,19.531,39.551,15.686,31.765,0.781,1.582,ON,0,OFF,ON,ON,1.001,0.998,-0.035,-0.047,3.239,3.220,0,97,51199.219,13.730,25.882,OFF,OFF,OFF,OFF,OFF,OFF,OFF,Avail,Incmpl,Incmpl,Enable,Avail,482.100,161,482.100,161,ON,Avail,Compl,Enable,65,0,0,0,0,0,0,6,A,0,0,Avail,Incmpl,Incmpl,Enable,OFF,OFF,232,937.500,51199.219,51199.219,51199.219,51199.219,51199.219,51199.219,1GRFE ,0,Avail,Incmpl,Incmpl,Enable,0,OFF,OFF,OFF,OFF,ON,ON,Avail,Compl,Enable,Compl,CL,CL,Compl,Unable,Not Avl,Compl,Incmpl,Enable,OFF,80,15.500,184,ON,42.500,21.250,0.119,2647,15,21,-3,OFF,0,3.125,6.070,OFF,0,0,66,Avail,Compl,Enable,0,GRN2#  ,ON,0,Not Act,Not Act,0,0,0,0,21247.676,21247.676,Avail,Compl,Avail,Incmpl,Incmpl,Enable,OBD II (California ARB),OFF,OFF,0,0,0,1st,OFF,OFF,OFF,OFF,OFF,OFF,1.562,0.781,ON,OFF,900,0,OFF,OFF,OFF,ON,Gasoline,0.965,OFF,OFF,0.684,ON,0.781,16.078,12,0,0.801,0.801,2.383,0.801,0.918,2.031,47.843,0,16.078,23,0,0,OFF,ECT 5th,NA,OFF,97.878,97.900,16.078,0,Not Avl,0,0,0,0,ON,ON,0,0,0
283,0,13.983,Not Avl,Compl,Compl,Unable,OFF,Not Avl,Compl,Compl,Unable,OFF,47.656,39.062,32.500,33.125,19.531,39.551,15.686,31.765,0.781,1.582,ON,0,OFF,ON,ON,1.000,0.999,-0.039,-0.039,3.235,3.230,0,97,51199.219,13.730,25.882,OFF,OFF,OFF,OFF,OFF,OFF,OFF,Avail,Incmpl,Incmpl,Enable,Avail,482.100,161,482.100,161,ON,Avail,Compl,Enable,65,0,0,0,0,0,0,6,A,0,0,Avail,Incmpl,Incmpl,Enable,OFF,OFF,232,950,51199.219,51199.219,51199.219,51199.219,51199.219,51199.219,1GRFE ,0,Avail,Incmpl,Incmpl,Enable,0,OFF,OFF,OFF,OFF,ON,ON,Avail,Compl,Enable,Compl,CL,CL,Compl,Unable,Not Avl,Compl,Incmpl,Enable,OFF,80,15,200,ON,42.500,21.250,0.119,2640,15,21,-3,OFF,0,3.125,5.920,OFF,0,0,66,Avail,Compl,Enable,0,GRN2#  ,ON,0,Not Act,Not Act,0,0,0,0,21247.676,21247.676,Avail,Compl,Avail,Incmpl,Incmpl,Enable,OBD II (California ARB),OFF,OFF,0,0,0,1st,OFF,OFF,OFF,OFF,OFF,OFF,1.562,1.562,ON,OFF,900,0,OFF,OFF,OFF,ON,Gasoline,0.964,OFF,OFF,0.684,ON,0.859,16.078,13,0,0.801,0.801,2.383,0.801,0.918,2.031,47.843,0,16.078,23,0,0,OFF,ECT 5th,NA,OFF,97.878,97.900,15.686,0,Not Avl,0,0,0,0,ON,ON,0,0,0
284,0,13.965,Not Avl,Compl,Compl,Unable,OFF,Not Avl,Compl,Compl,Unable,OFF,56.250,39.062,32.500,33.125,19.531,39.551,15.686,31.765,0.781,1.582,ON,0,OFF,ON,ON,0.997,0.995,-0.047,-0.055,3.220,3.205,0,97,51199.219,13.730,25.490,OFF,OFF,OFF,OFF,OFF,OFF,OFF,Avail,Incmpl,Incmpl,Enable,Avail,482.300,161.700,482.300,161.700,ON,Avail,Compl,Enable,66,0,0,0,0,0,0,6,A,0,0,Avail,Incmpl,Incmpl,Enable,OFF,OFF,232,969.500,51199.219,51199.219,51199.219,51199.219,51199.219,51199.219,1GRFE ,0,Avail,Incmpl,Incmpl,Enable,0,OFF,OFF,OFF,OFF,ON,ON,Avail,Compl,Enable,Compl,CL,CL,Compl,Unable,Not Avl,Compl,Incmpl,Enable,OFF,80,15,221,ON,42.500,21.250,0.120,2611,15,21,-3,OFF,0,3.125,5.920,OFF,0,0,46,Avail,Compl,Enable,0,GRN2#  ,ON,0,Not Act,Not Act,0,0,0,0,21247.676,21247.676,Avail,Compl,Avail,Incmpl,Incmpl,Enable,OBD II (California ARB),OFF,OFF,0,0,0,1st,OFF,OFF,OFF,OFF,OFF,OFF,1.562,0.781,ON,OFF,950,0,OFF,OFF,OFF,ON,Gasoline,0.964,OFF,OFF,0.684,ON,0.781,16.078,12,0,0.801,0.801,2.383,0.801,0.918,2.031,47.843,0,16.078,23,0,0,OFF,ECT 5th,NA,OFF,97.878,97.878,15.294,0,Not Avl,0,0,0,0,ON,ON,0,0,0
285,0,13.966,Not Avl,Compl,Compl,Unable,OFF,Not Avl,Compl,Compl,Unable,OFF,58.594,39.062,32.500,33.125,19.531,39.551,15.686,31.765,0.781,1.582,ON,0,OFF,ON,ON,0.997,0.994,-0.051,-0.055,3.215,3.205,0,97,51199.219,13.730,25.098,OFF,OFF,OFF,OFF,OFF,OFF,OFF,Avail,Incmpl,Incmpl,Enable,Avail,482.300,161.700,482.300,161.700,ON,Avail,Compl,Enable,66,0,0,0,0,0,0,6,A,0,0,Avail,Incmpl,Incmpl,Enable,OFF,OFF,233,967,51199.219,51199.219,51199.219,51199.219,51199.219,51199.219,1GRFE ,0,Avail,Incmpl,Incmpl,Enable,0,OFF,OFF,OFF,OFF,ON,ON,Avail,Compl,Enable,Compl,CL,CL,Compl,Unable,Not Avl,Compl,Incmpl,Enable,OFF,80,15.500,241,ON,42.500,21.250,0.120,2578,15,21,-3,OFF,0,3.125,5.900,OFF,0,0,46,Avail,Compl,Enable,0,GRN2#  ,ON,0,Not Act,Not Act,0,0,0,0,21247.676,21247.676,Avail,Compl,Avail,Incmpl,Incmpl,Enable,OBD II (California ARB),OFF,OFF,0,0,0,1st,OFF,OFF,OFF,OFF,OFF,OFF,1.562,0.781,ON,OFF,950,0,OFF,OFF,OFF,ON,Gasoline,0.965,OFF,OFF,0.684,ON,0.859,16.078,13,0,0.801,0.801,2.383,0.801,0.918,2.031,47.843,0,16.078,23,0,0,OFF,ECT 5th,NA,OFF,97.878,97.900,15.294,0,Not Avl,0,0,0,0,ON,ON,0,0,0
286,0,13.975,Not Avl,Compl,Compl,Unable,OFF,Not Avl,Compl,Compl,Unable,OFF,46.094,39.062,32.500,33.125,19.531,39.551,15.686,31.765,0.781,1.582,ON,0,OFF,ON,ON,0.998,0.992,-0.043,-0.066,3.225,3.191,0,97,51199.219,13.730,25.098,OFF,OFF,OFF,OFF,OFF,OFF,OFF,Avail,Incmpl,Incmpl,Enable,Avail,482.400,162.300,482.400,162.300,ON,Avail,Compl,Enable,66,0,0,0,0,0,0,6,A,0,0,Avail,Incmpl,Incmpl,Enable,OFF,OFF,233,959.250,51199.219,51199.219,51199.219,51199.219,51199.219,51199.219,1GRFE ,0,Avail,Incmpl,Incmpl,Enable,0,OFF,OFF,OFF,OFF,ON,ON,Avail,Compl,Enable,Compl,CL,CL,Compl,Unable,Not Avl,Compl,Incmpl,Enable,OFF,80,15,262,ON,42.500,21.250,0.120,2585,15,21,-3,OFF,0,3.125,5.980,OFF,0,0,67,Avail,Compl,Enable,0,GRN2#  ,ON,0,Not Act,Not Act,0,0,0,0,21247.676,21247.676,Avail,Compl,Avail,Incmpl,Incmpl,Enable,OBD II (California ARB),OFF,OFF,0,0,0,1st,OFF,OFF,OFF,OFF,OFF,OFF,1.562,0,ON,OFF,900,0,OFF,OFF,OFF,ON,Gasoline,0.966,OFF,OFF,0.684,ON,0.859,16.078,13,0,0.801,0.801,2.383,0.801,0.918,2.031,47.843,0,16.078,23,0,0,OFF,ECT 5th,NA,OFF,97.878,97.878,15.686,0,Not Avl,0,0,0,0,ON,ON,0,0,0
287,0,13.983,Not Avl,Compl,Compl,Unable,OFF,Not Avl,Compl,Compl,Unable,OFF,41.406,39.062,32.500,33.125,19.531,39.551,15.686,31.765,0.781,1.582,ON,0,OFF,ON,ON,0.999,0.999,-0.039,-0.039,3.235,3.235,0,97,51199.219,13.730,25.490,OFF,OFF,OFF,OFF,OFF,OFF,OFF,Avail,Incmpl,Incmpl,Enable,Avail,482.400,162.300,482.400,162.300,ON,Avail,Compl,Enable,66,0,0,0,0,0,0,6,A,0,0,Avail,Incmpl,Incmpl,Enable,OFF,OFF,234,957,51199.219,51199.219,51199.219,51199.219,51199.219,51199.219,1GRFE ,0,Avail,Incmpl,Incmpl,Enable,0,OFF,OFF,OFF,OFF,ON,ON,Avail,Compl,Enable,Compl,CL,CL,Compl,Unable,Not Avl,Compl,Incmpl,Enable,OFF,80,15,282,ON,42.500,21.250,0.118,2607,15,21,-3,OFF,0,3.125,5.930,OFF,0,0,67,Avail,Compl,Enable,0,GRN2#  ,ON,0,Not Act,Not Act,0,0,0,0,21247.676,21247.676,Avail,Compl,Avail,Incmpl,Incmpl,Enable,OBD II (California ARB),OFF,OFF,0,0,0,1st,OFF,OFF,OFF,OFF,OFF,OFF,1.562,0.781,ON,OFF,900,0,OFF,OFF,OFF,ON,Gasoline,0.966,OFF,OFF,0.684,ON,0.625,16.078,12,0,0.801,0.801,2.383,0.801,0.918,2.031,47.843,0,16.078,23,0,0,OFF,ECT 5th,NA,OFF,97.878,97.900,15.686,0,Not Avl,0,0,0,0,ON,ON,0,0,0
288,0,13.983,Not Avl,Compl,Compl,Unable,OFF,Not Avl,Compl,Compl,Unable,OFF,39.062,48.438,32.500,33.125,19.531,39.551,15.686,31.765,0.781,1.582,ON,0,OFF,ON,ON,0.998,1.003,-0.047,-0.027,3.220,3.249,0,97,51199.219,13.710,25.490,OFF,OFF,OFF,OFF,OFF,OFF,OFF,Avail,Incmpl,Incmpl,Enable,Avail,482.600,163,482.600,163,ON,Avail,Compl,Enable,66,0,0,0,0,0,0,6,A,0,0,Avail,Incmpl,Incmpl,Enable,OFF,OFF,234,942.750,51199.219,51199.219,51199.219,51199.219,51199.219,51199.219,1GRFE ,0,Avail,Incmpl,Incmpl,Enable,0,OFF,OFF,OFF,OFF,ON,ON,Avail,Compl,Enable,Compl,CL,CL,Compl,Unable,Not Avl,Compl,Incmpl,Enable,OFF,80,15,301,ON,42.500,21.250,0.118,2636,15,21,-3,OFF,0,3.125,5.930,OFF,0,0,67,Avail,Compl,Enable,0,GRN2#  ,ON,0,Not Act,Not Act,0,0,0,0,21247.676,21247.676,Avail,Compl,Avail,Incmpl,Incmpl,Enable,OBD II (California ARB),OFF,OFF,0,0,0,1st,OFF,OFF,OFF,OFF,OFF,OFF,1.562,0.781,ON,OFF,900,0,OFF,OFF,OFF,ON,Gasoline,0.968,OFF,OFF,0.684,ON,0.703,16.078,11,0,0.801,0.801,2.383,0.801,0.918,2.031,47.843,0,16.078,23,0,0,OFF,ECT 5th,NA,OFF,97.878,97.878,15.686,0,Not Avl,0,0,0,0,ON,ON,0,0,0
289,0,13.955,Not Avl,Compl,Compl,Unable,OFF,Not Avl,Compl,Compl,Unable,OFF,39.062,54.688,32.500,33.125,19.531,39.551,15.686,31.765,0.781,1.582,ON,0,OFF,ON,ON,0.999,1.004,-0.043,-0.027,3.225,3.254,0,97,51199.219,13.710,25.490,OFF,OFF,OFF,OFF,OFF,OFF,OFF,Avail,Incmpl,Incmpl,Enable,Avail,482.600,163,482.600,163,ON,Avail,Compl,Enable,66,0,0,0,0,0,0,6,A,0,0,Avail,Incmpl,Incmpl,Enable,OFF,OFF,234,954.500,51199.219,51199.219,51199.219,51199.219,51199.219,51199.219,1GRFE ,0,Avail,Incmpl,Incmpl,Enable,0,OFF,OFF,OFF,OFF,ON,ON,Avail,Compl,Enable,Compl,CL,CL,Compl,Unable,Not Avl,Compl,Incmpl,Enable,OFF,80,15,321,ON,42.500,21.250,0.118,2614,15,21,-3,OFF,0,3.125,5.920,OFF,0,0,60,Avail,Compl,Enable,0,GRN2#  ,ON,0,Not Act,Not Act,0,0,0,0,21247.676,21247.676,Avail,Compl,Avail,Incmpl,Incmpl,Enable,OBD II (California ARB),OFF,OFF,0,0,0,1st,OFF,OFF,OFF,OFF,OFF,OFF,1.562,0.781,ON,OFF,900,0,OFF,OFF,OFF,ON,Gasoline,0.968,OFF,OFF,0.684,ON,1.172,16.078,16,0,0.801,0.801,2.383,0.801,0.918,2.031,47.843,0,16.078,23,0,0,OFF,ECT 5th,NA,OFF,97.878,97.900,15.686,0,Not Avl,0,0,0,0,ON,ON,0,0,0
290,0,13.965,Not Avl,Compl,Compl,Unable,OFF,Not Avl,Compl,Compl,Unable,OFF,39.062,57.812,32.500,33.125,19.531,39.551,15.686,31.765,0.781,1.582,ON,0,OFF,ON,ON,0.997,0.999,-0.051,-0.039,3.215,3.230,0,97,51199.219,13.730,25.490,OFF,OFF,OFF,OFF,OFF,OFF,OFF,Avail,Incmpl,Incmpl,Enable,Avail,482.600,163,482.600,163,ON,Avail,Compl,Enable,66,0,0,0,0,0,0,6,A,0,0,Avail,Incmpl,Incmpl,Enable,OFF,OFF,235,961.500,51199.219,51199.219,51199.219,51199.219,51199.219,51199.219,1GRFE ,0,Avail,Incmpl,Incmpl,Enable,0,OFF,OFF,OFF,OFF,ON,ON,Avail,Compl,Enable,Compl,CL,CL,Compl,Unable,Not Avl,Compl,Incmpl,Enable,OFF,80,15.500,343,ON,42.500,21.250,0.119,2600,15,21,-3,OFF,0,3.125,5.920,OFF,0,0,60,Avail,Compl,Enable,0,GRN2#  ,ON,0,Not Act,Not Act,0,0,0,0,21247.676,21247.676,Avail,Compl,Avail,Incmpl,Incmpl,Enable,OBD II (California ARB),OFF,OFF,0,0,0,1st,OFF,OFF,OFF,OFF,OFF,OFF,1.562,0.781,ON,OFF,900,0,OFF,OFF,OFF,ON,Gasoline,0.967,OFF,OFF,0.684,ON,0.938,16.078,15,0,0.801,0.801,2.383,0.801,0.918,2.031,47.843,0,16.078,23,0,0,OFF,ECT 5th,NA,OFF,97.878,97.878,15.294,0,Not Avl,0,0,0,0,ON,ON,0,0,0
291,0,13.978,Not Avl,Compl,Compl,Unable,OFF,Not Avl,Compl,Compl,Unable,OFF,39.062,49.219,32.500,33.125,19.531,39.551,15.686,31.765,0.781,1.582,ON,0,OFF,ON,ON,0.998,0.998,-0.043,-0.043,3.225,3.225,0,97,51199.219,13.710,25.490,OFF,OFF,OFF,OFF,OFF,OFF,OFF,Avail,Incmpl,Incmpl,Enable,Avail,482.700,163.700,482.700,163.700,ON,Avail,Compl,Enable,66,0,0,0,0,0,0,6,A,0,0,Avail,Incmpl,Incmpl,Enable,OFF,OFF,235,955.250,51199.219,51199.219,51199.219,51199.219,51199.219,51199.219,1GRFE ,0,Avail,Incmpl,Incmpl,Enable,0,OFF,OFF,OFF,OFF,ON,ON,Avail,Compl,Enable,Compl,CL,CL,Compl,Unable,Not Avl,Compl,Incmpl,Enable,OFF,80,15,365,ON,42.500,21.250,0.119,2585,15,21,-3,OFF,0,3.125,5.950,OFF,0,0,56,Avail,Compl,Enable,0,GRN2#  ,ON,0,Not Act,Not Act,0,0,0,0,21247.676,21247.676,Avail,Compl,Avail,Incmpl,Incmpl,Enable,OBD II (California ARB),OFF,OFF,0,0,0,1st,OFF,OFF,OFF,OFF,OFF,OFF,1.562,0.781,ON,OFF,900,0,OFF,OFF,OFF,ON,Gasoline,0.969,OFF,OFF,0.684,ON,0.625,16.078,10,0,0.801,0.801,2.383,0.801,0.918,2.031,47.843,0,16.078,23,0,0,OFF,ECT 5th,NA,OFF,97.878,97.900,15.686,0,Not Avl,0,0,0,0,ON,ON,0,0,0
292,0,13.965,Not Avl,Compl,Compl,Unable,OFF,Not Avl,Compl,Compl,Unable,OFF,39.062,41.406,32.500,33.125,19.531,39.551,15.686,31.765,0.781,1.582,ON,0,OFF,ON,ON,0.998,1.001,-0.039,-0.035,3.230,3.239,0,97,51199.219,13.730,25.490,OFF,OFF,OFF,OFF,OFF,OFF,OFF,Avail,Incmpl,Incmpl,Enable,Avail,482.700,163.700,482.700,163.700,ON,Avail,Compl,Enable,66,0,0,0,0,0,0,6,A,0,0,Avail,Incmpl,Incmpl,Enable,OFF,OFF,236,947.500,51199.219,51199.219,51199.219,51199.219,51199.219,51199.219,1GRFE ,0,Avail,Incmpl,Incmpl,Enable,0,OFF,OFF,OFF,OFF,ON,ON,Avail,Compl,Enable,Compl,CL,CL,Compl,Unable,Not Avl,Compl,Incmpl,Enable,OFF,80,15,385,ON,42.500,21.250,0.119,2618,15,21,-3,OFF,0,3.125,5.920,OFF,0,0,56,Avail,Compl,Enable,0,GRN2#  ,ON,0,Not Act,Not Act,0,0,0,0,21247.676,21247.676,Avail,Compl,Avail,Incmpl,Incmpl,Enable,OBD II (California ARB),OFF,OFF,0,0,0,1st,OFF,OFF,OFF,OFF,OFF,OFF,1.562,0.781,ON,OFF,900,0,OFF,OFF,OFF,ON,Gasoline,0.969,OFF,OFF,0.684,ON,1.016,16.078,16,0,0.801,0.801,2.383,0.801,0.918,2.031,47.843,0,16.078,23,0,0,OFF,ECT 5th,NA,OFF,97.878,97.878,15.686,0,Not Avl,0,0,0,0,ON,ON,0,0,0
293,0,13.962,Not Avl,Compl,Compl,Unable,OFF,Not Avl,Compl,Compl,Unable,OFF,43.750,39.062,32.500,33.125,19.531,39.551,15.686,31.765,0.781,1.582,ON,0,OFF,ON,ON,1.000,1.003,-0.035,-0.027,3.239,3.249,0,97,51199.219,13.730,25.882,OFF,OFF,OFF,OFF,OFF,OFF,OFF,Avail,Incmpl,Incmpl,Enable,Avail,482.800,164.300,482.800,164.300,ON,Avail,Compl,Enable,66,0,0,0,0,0,0,6,A,0,0,Avail,Incmpl,Incmpl,Enable,OFF,OFF,236,944.500,51199.219,51199.219,51199.219,51199.219,51199.219,51199.219,1GRFE ,0,Avail,Incmpl,Incmpl,Enable,0,OFF,OFF,OFF,OFF,ON,ON,Avail,Compl,Enable,Compl,CL,CL,Compl,Unable,Not Avl,Compl,Incmpl,Enable,OFF,80,15,410,ON,42.500,21.250,0.119,2621,15,21,-3,OFF,0,3.125,5.850,OFF,0,0,61,Avail,Compl,Enable,0,GRN2#  ,ON,0,Not Act,Not Act,0,0,0,0,21247.676,21247.676,Avail,Compl,Avail,Incmpl,Incmpl,Enable,OBD II (California ARB),OFF,OFF,0,0,0,1st,OFF,OFF,OFF,OFF,OFF,OFF,1.562,1.562,ON,OFF,900,0,OFF,OFF,OFF,ON,Gasoline,0.968,OFF,OFF,0.684,ON,1.094,16.078,16,0,0.801,0.801,2.383,0.801,0.918,2.031,47.843,0,16.078,23,0,0,OFF,ECT 5th,NA,OFF,97.878,97.900,15.686,0,Not Avl,0,0,0,0,ON,ON,0,0,0
294,0,13.964,Not Avl,Compl,Compl,Unable,OFF,Not Avl,Compl,Compl,Unable,OFF,40.625,39.062,32.500,33.125,19.531,39.551,15.686,31.765,0.781,1.582,ON,0,OFF,ON,ON,0.997,0.998,-0.047,-0.043,3.220,3.225,0,97,51199.219,13.730,25.490,OFF,OFF,OFF,OFF,OFF,OFF,OFF,Avail,Incmpl,Incmpl,Enable,Avail,482.800,164.300,482.800,164.300,ON,Avail,Compl,Enable,66,0,0,0,0,0,0,6,A,0,0,Avail,Incmpl,Incmpl,Enable,OFF,OFF,237,946.750,51199.219,51199.219,51199.219,51199.219,51199.219,51199.219,1GRFE ,0,Avail,Incmpl,Incmpl,Enable,0,OFF,OFF,OFF,OFF,ON,ON,Avail,Compl,Enable,Compl,CL,CL,Compl,Unable,Not Avl,Compl,Incmpl,Enable,OFF,80,15,431,ON,42.500,21.250,0.119,2607,15,21,-3,OFF,0,3.125,5.850,OFF,0,0,61,Avail,Compl,Enable,0,GRN2#  ,ON,0,Not Act,Not Act,0,0,0,0,21247.676,21247.676,Avail,Compl,Avail,Incmpl,Incmpl,Enable,OBD II (California ARB),OFF,OFF,0,0,0,1st,OFF,OFF,OFF,OFF,OFF,OFF,1.562,1.562,ON,OFF,900,0,OFF,OFF,OFF,ON,Gasoline,0.967,OFF,OFF,0.684,ON,0.625,15.686,10,0,0.801,0.801,2.383,0.801,0.918,2.031,47.843,0,16.078,23,0,0,OFF,ECT 5th,NA,OFF,97.878,97.878,15.294,0,Not Avl,0,0,0,0,ON,ON,0,0,0
295,0,13.966,Not Avl,Compl,Compl,Unable,OFF,Not Avl,Compl,Compl,Unable,OFF,54.688,39.062,32.500,33.125,19.531,39.551,15.686,31.765,0.781,1.582,ON,0,OFF,ON,ON,0.996,0.995,-0.051,-0.055,3.215,3.205,0,97,51199.219,13.710,25.490,OFF,OFF,OFF,OFF,OFF,OFF,OFF,Avail,Incmpl,Incmpl,Enable,Avail,482.900,165,482.900,165,ON,Avail,Compl,Enable,66,0,0,0,0,0,0,6,A,0,0,Avail,Incmpl,Incmpl,Enable,OFF,OFF,237,957.750,51199.219,51199.219,51199.219,51199.219,51199.219,51199.219,1GRFE ,0,Avail,Incmpl,Incmpl,Enable,0,OFF,OFF,OFF,OFF,ON,ON,Avail,Compl,Enable,Compl,CL,CL,Compl,Unable,Not Avl,Compl,Incmpl,Enable,OFF,80,15,456,ON,42.500,21.250,0.119,2596,15,21,-3,OFF,0,3.125,5.850,OFF,0,0,72,Avail,Compl,Enable,0,GRN2#  ,ON,0,Not Act,Not Act,0,0,0,0,21247.676,21247.676,Avail,Compl,Avail,Incmpl,Incmpl,Enable,OBD II (California ARB),OFF,OFF,0,0,0,1st,OFF,OFF,OFF,OFF,OFF,OFF,1.562,0.781,ON,OFF,900,0,OFF,OFF,OFF,ON,Gasoline,0.969,OFF,OFF,0.684,ON,0.781,15.686,12,0,0.781,0.801,2.383,0.781,0.918,2.031,47.843,0,16.078,23,0,0,OFF,ECT 5th,NA,OFF,97.878,97.900,15.294,0,Not Avl,0,0,0,0,ON,ON,0,0,0
296,0,13.982,Not Avl,Compl,Compl,Unable,OFF,Not Avl,Compl,Compl,Unable,OFF,62.500,39.062,32.500,33.125,19.531,39.551,15.686,31.765,0.781,1.582,ON,0,OFF,ON,ON,0.998,1.000,-0.039,-0.039,3.230,3.235,0,97,51199.219,13.710,25.490,OFF,OFF,OFF,OFF,OFF,OFF,OFF,Avail,Incmpl,Incmpl,Enable,Avail,482.900,165,482.900,165,ON,Avail,Compl,Enable,66,0,0,0,0,0,0,6,A,0,0,Avail,Incmpl,Incmpl,Enable,OFF,OFF,238,944.500,51199.219,51199.219,51199.219,51199.219,51199.219,51199.219,1GRFE ,0,Avail,Incmpl,Incmpl,Enable,0,OFF,OFF,OFF,OFF,ON,ON,Avail,Compl,Enable,Compl,CL,CL,Compl,Unable,Not Avl,Compl,Incmpl,Enable,OFF,80,15.500,478,ON,42.500,21.250,0.119,2600,15,21,-3,OFF,0,3.125,5.920,OFF,0,0,72,Avail,Compl,Enable,0,GRN2#  ,ON,0,Not Act,Not Act,0,0,0,0,21247.676,21247.676,Avail,Compl,Avail,Incmpl,Incmpl,Enable,OBD II (California ARB),OFF,OFF,0,0,0,1st,OFF,OFF,OFF,OFF,OFF,OFF,1.562,0.781,ON,OFF,900,0,OFF,OFF,OFF,ON,Gasoline,0.970,OFF,OFF,0.684,ON,0.703,15.686,13,0,0.801,0.801,2.383,0.801,0.918,2.031,47.843,0,16.078,23,0,0,OFF,ECT 5th,NA,OFF,97.878,97.878,15.686,0,Not Avl,0,0,0,0,ON,ON,0,0,0
297,0,13.975,Not Avl,Compl,Compl,Unable,OFF,Not Avl,Compl,Compl,Unable,OFF,48.438,39.062,32.500,33.125,19.531,39.551,15.686,31.765,0.781,1.582,ON,0,OFF,ON,ON,0.998,1.003,-0.043,-0.027,3.225,3.249,0,97,51199.219,13.730,25.490,OFF,OFF,OFF,OFF,OFF,OFF,OFF,Avail,Incmpl,Incmpl,Enable,Avail,482.900,165,482.900,165,ON,Avail,Compl,Enable,66,0,0,0,0,0,0,6,A,0,0,Avail,Incmpl,Incmpl,Enable,OFF,OFF,238,941.250,51199.219,51199.219,51199.219,51199.219,51199.219,51199.219,1GRFE ,0,Avail,Incmpl,Incmpl,Enable,0,OFF,OFF,OFF,OFF,ON,ON,Avail,Compl,Enable,Compl,CL,CL,Compl,Unable,Not Avl,Compl,Incmpl,Enable,OFF,80,15,495,ON,42.500,21.250,0.119,2618,15,21,-3,OFF,0,3.125,5.920,OFF,0,0,72,Avail,Compl,Enable,0,GRN2#  ,ON,0,Not Act,Not Act,0,0,0,0,21247.676,21247.676,Avail,Compl,Avail,Incmpl,Incmpl,Enable,OBD II (California ARB),OFF,OFF,0,0,0,1st,OFF,OFF,OFF,OFF,OFF,OFF,1.562,1.562,ON,OFF,900,0,OFF,OFF,OFF,ON,Gasoline,0.970,OFF,OFF,0.684,ON,0.781,15.686,11,0,0.781,0.801,2.383,0.781,0.918,2.031,47.843,0,16.078,23,0,0,OFF,ECT 5th,NA,OFF,97.878,97.878,15.686,0,Not Avl,0,0,0,0,ON,ON,0,0,0
298,0,13.949,Not Avl,Compl,Compl,Unable,OFF,Not Avl,Compl,Compl,Unable,OFF,43.750,39.062,32.500,33.125,19.531,39.551,15.686,31.765,0.781,1.582,ON,0,OFF,ON,ON,0.999,0.998,-0.039,-0.043,3.235,3.225,0,97,51199.219,13.710,25.490,OFF,OFF,OFF,OFF,OFF,OFF,OFF,Avail,Incmpl,Incmpl,Enable,Avail,483,165.700,483,165.700,ON,Avail,Compl,Enable,66,0,0,0,0,0,0,6,A,0,0,Avail,Incmpl,Incmpl,Enable,OFF,OFF,238,956.250,51199.219,51199.219,51199.219,51199.219,51199.219,51199.219,1GRFE ,0,Avail,Incmpl,Incmpl,Enable,0,OFF,OFF,OFF,OFF,ON,ON,Avail,Compl,Enable,Compl,CL,CL,Compl,Unable,Not Avl,Compl,Incmpl,Enable,OFF,80,15,514,ON,42.500,21.250,0.119,2604,15,21,-3,OFF,0,3.125,5.840,OFF,0,0,64,Avail,Compl,Enable,0,GRN2#  ,ON,0,Not Act,Not Act,0,0,0,0,21247.676,21247.676,Avail,Compl,Avail,Incmpl,Incmpl,Enable,OBD II (California ARB),OFF,OFF,0,0,0,1st,OFF,OFF,OFF,OFF,OFF,OFF,1.562,0.781,ON,OFF,900,0,OFF,OFF,OFF,ON,Gasoline,0.970,OFF,OFF,0.684,ON,1.172,15.686,18,0,0.781,0.781,2.383,0.781,0.918,2.031,47.843,0,15.686,23,0,0,OFF,ECT 5th,NA,OFF,97.878,97.900,15.294,0,Not Avl,0,0,0,0,ON,ON,0,0,0
299,0,13.964,Not Avl,Compl,Compl,Unable,OFF,Not Avl,Compl,Compl,Unable,OFF,40.625,39.062,32.500,33.125,19.531,39.551,15.686,31.765,0.781,1.582,ON,0,OFF,ON,ON,0.999,0.995,-0.039,-0.055,3.235,3.205,0,97,51199.219,13.710,25.490,OFF,OFF,OFF,OFF,OFF,OFF,OFF,Avail,Incmpl,Incmpl,Enable,Avail,483,165.700,483,165.700,ON,Avail,Compl,Enable,66,0,0,0,0,0,0,6,A,0,0,Avail,Incmpl,Incmpl,Enable,OFF,OFF,239,950.750,51199.219,51199.219,51199.219,51199.219,51199.219,51199.219,1GRFE ,0,Avail,Incmpl,Incmpl,Enable,0,OFF,OFF,OFF,OFF,ON,ON,Avail,Compl,Enable,Compl,CL,CL,Compl,Unable,Not Avl,Compl,Incmpl,Enable,OFF,80,15,530,ON,42.500,21.250,0.119,2600,15,21,-3,OFF,0,3.125,5.840,OFF,0,0,64,Avail,Compl,Enable,0,GRN2#  ,ON,0,Not Act,Not Act,0,0,0,0,21247.676,21247.676,Avail,Compl,Avail,Incmpl,Incmpl,Enable,OBD II (California ARB),OFF,OFF,0,0,0,1st,OFF,OFF,OFF,OFF,OFF,OFF,1.562,0.781,ON,OFF,900,0,OFF,OFF,OFF,ON,Gasoline,0.970,OFF,OFF,0.684,ON,1.016,15.686,15,0,0.781,0.801,2.383,0.781,0.918,2.031,47.843,0,16.078,23,0,0,OFF,ECT 5th,NA,OFF,97.878,97.878,15.294,0,Not Avl,0,0,0,0,ON,ON,0,0,0
300,0,13.983,Not Avl,Compl,Compl,Unable,OFF,Not Avl,Compl,Compl,Unable,OFF,39.062,39.062,32.500,33.125,19.531,39.551,15.686,31.765,0.781,1.582,ON,0,OFF,ON,ON,0.998,0.997,-0.047,-0.043,3.220,3.225,0,97,51199.219,13.710,25.490,OFF,OFF,OFF,OFF,OFF,OFF,OFF,Avail,Incmpl,Incmpl,Enable,Avail,483,165.700,483,165.700,ON,Avail,Compl,Enable,66,0,0,0,0,0,0,6,A,0,0,Avail,Incmpl,Incmpl,Enable,OFF,OFF,239,946.750,51199.219,51199.219,51199.219,51199.219,51199.219,51199.219,1GRFE ,0,Avail,Incmpl,Incmpl,Enable,0,OFF,OFF,OFF,OFF,ON,ON,Avail,Compl,Enable,Compl,CL,CL,Compl,Unable,Not Avl,Compl,Incmpl,Enable,OFF,80,15,547,ON,42.500,21.250,0.119,2600,15,21,-3,OFF,0,3.125,5.920,OFF,0,0,64,Avail,Compl,Enable,0,GRN2#  ,ON,0,Not Act,Not Act,0,0,0,0,21247.676,21247.676,Avail,Compl,Avail,Incmpl,Incmpl,Enable,OBD II (California ARB),OFF,OFF,0,0,0,1st,OFF,OFF,OFF,OFF,OFF,OFF,1.562,0.781,ON,OFF,900,0,OFF,OFF,OFF,ON,Gasoline,0.969,OFF,OFF,0.684,ON,0.469,15.686,7,0,0.781,0.801,2.383,0.781,0.918,2.031,47.843,0,16.078,23,0,0,OFF,ECT 5th,NA,OFF,97.878,97.878,15.686,0,Not Avl,0,0,0,0,ON,ON,0,0,0
301,0,13.973,Not Avl,Compl,Compl,Unable,OFF,Not Avl,Compl,Compl,Unable,OFF,39.062,42.969,32.500,33.125,19.531,39.551,15.686,31.765,0.781,1.582,ON,0,OFF,ON,ON,0.995,1.002,-0.055,-0.031,3.205,3.244,0,97,51199.219,13.730,25.882,OFF,OFF,OFF,OFF,OFF,OFF,OFF,Avail,Incmpl,Incmpl,Enable,Avail,483.200,166.300,483.200,166.300,ON,Avail,Compl,Enable,66,0,0,0,0,0,0,6,A,0,0,Avail,Incmpl,Incmpl,Enable,OFF,OFF,239,941.250,51199.219,51199.219,51199.219,51199.219,51199.219,51199.219,1GRFE ,0,Avail,Incmpl,Incmpl,Enable,0,OFF,OFF,OFF,OFF,ON,ON,Avail,Compl,Enable,Compl,CL,CL,Compl,Unable,Not Avl,Compl,Incmpl,Enable,OFF,80,15,564,ON,42.500,21.250,0.119,2625,15,21,-3,OFF,0,3.125,5.950,OFF,0,0,69,Avail,Compl,Enable,0,GRN2#  ,ON,0,Not Act,Not Act,0,0,0,0,21247.676,21247.676,Avail,Compl,Avail,Incmpl,Incmpl,Enable,OBD II (California ARB),OFF,OFF,0,0,0,1st,OFF,OFF,OFF,OFF,OFF,OFF,0.781,0.781,ON,OFF,900,0,OFF,OFF,OFF,ON,Gasoline,0.970,OFF,OFF,0.684,ON,0.703,15.686,10,0,0.801,0.801,2.383,0.801,0.918,2.031,47.843,0,16.078,23,0,0,OFF,ECT 5th,NA,OFF,97.878,97.878,15.686,0,Not Avl,0,0,0,0,ON,ON,0,0,0
302,0,13.964,Not Avl,Compl,Compl,Unable,OFF,Not Avl,Compl,Compl,Unable,OFF,39.062,45.312,32.500,33.125,19.531,39.551,15.686,31.765,0.781,1.582,ON,0,OFF,ON,ON,0.997,1.000,-0.027,-0.027,3.220,3.235,0,97,51199.219,13.730,25.490,OFF,OFF,OFF,OFF,OFF,OFF,OFF,Avail,Incmpl,Incmpl,Enable,Avail,483.200,166.300,483.200,166.300,ON,Avail,Compl,Enable,66,0,0,0,0,0,0,6,A,0,0,Avail,Incmpl,Incmpl,Enable,OFF,OFF,240,942.750,51199.219,51199.219,51199.219,51199.219,51199.219,51199.219,1GRFE ,0,Avail,Incmpl,Incmpl,Enable,0,OFF,OFF,OFF,OFF,ON,ON,Avail,Compl,Enable,Compl,CL,CL,Compl,Unable,Not Avl,Compl,Incmpl,Enable,OFF,80,15,581,ON,42.500,21.250,0.119,2615,15,21,-3,OFF,0,3.125,5.850,OFF,0,0,69,Avail,Compl,Enable,0,GRN2#  ,ON,0,Not Act,Not Act,0,0,0,0,21247.676,21247.676,Avail,Compl,Avail,Incmpl,Incmpl,Enable,OBD II (California ARB),OFF,OFF,0,0,0,1st,OFF,OFF,OFF,OFF,OFF,OFF,0.781,1.562,ON,OFF,900,0,OFF,OFF,OFF,ON,Gasoline,0.971,OFF,OFF,0.684,ON,1.094,15.686,16,0,0.801,0.801,2.383,0.801,0.918,2.031,47.843,0,16.078,23,0,0,OFF,ECT 5th,NA,OFF,97.878,97.878,15.686,0,Not Avl,0,0,0,0,ON,ON,0,0,0
303,0,13.964,Not Avl,Compl,Compl,Unable,OFF,Not Avl,Compl,Compl,Unable,OFF,39.062,50,32.500,33.125,19.531,39.551,15.686,31.765,0.781,1.582,ON,0,OFF,ON,ON,0.999,0.994,-0.039,-0.059,3.235,3.200,0,97,51199.219,13.730,25.490,OFF,OFF,OFF,OFF,OFF,OFF,OFF,Avail,Incmpl,Incmpl,Enable,Avail,483.300,166.900,483.300,166.900,ON,Avail,Compl,Enable,66,0,0,0,0,0,0,6,A,0,0,Avail,Incmpl,Incmpl,Enable,OFF,OFF,240,953.750,51199.219,51199.219,51199.219,51199.219,51199.219,51199.219,1GRFE ,0,Avail,Incmpl,Incmpl,Enable,0,OFF,OFF,OFF,OFF,ON,ON,Avail,Compl,Enable,Compl,CL,CL,Compl,Unable,Not Avl,Compl,Incmpl,Enable,OFF,80,15,1,ON,42.500,21.250,0.119,2585,15,21,-3,OFF,0,3.125,5.850,OFF,0,0,69,Avail,Compl,Enable,0,GRN2#  ,ON,0,Not Act,Not Act,0,0,0,0,21247.676,21247.676,Avail,Compl,Avail,Incmpl,Incmpl,Enable,OBD II (California ARB),OFF,OFF,0,0,0,1st,OFF,OFF,OFF,OFF,OFF,OFF,0.781,0.781,ON,OFF,900,0,OFF,OFF,OFF,ON,Gasoline,0.972,OFF,OFF,0.684,ON,1.016,15.686,15,0,0.801,0.801,2.383,0.801,0.918,2.031,47.843,0,16.078,23,0,0,OFF,ECT 5th,NA,OFF,97.878,97.900,15.294,0,Not Avl,0,0,0,0,ON,ON,0,0,0
304,0,13.964,Not Avl,Compl,Compl,Unable,OFF,Not Avl,Compl,Compl,Unable,OFF,39.062,57.031,32.500,33.125,19.531,39.551,15.686,31.765,0.781,1.582,ON,0,OFF,ON,ON,1.001,0.999,-0.035,-0.039,3.239,3.235,0,97,51199.219,13.710,25.490,OFF,OFF,OFF,OFF,OFF,OFF,OFF,Avail,Incmpl,Incmpl,Enable,Avail,483.300,166.900,483.300,166.900,ON,Avail,Compl,Enable,66,0,0,0,0,0,0,6,A,0,0,Avail,Incmpl,Incmpl,Enable,OFF,OFF,241,952.250,51199.219,51199.219,51199.219,51199.219,51199.219,51199.219,1GRFE ,0,Avail,Incmpl,Incmpl,Enable,0,OFF,OFF,OFF,OFF,ON,ON,Avail,Compl,Enable,Compl,CL,CL,Compl,Unable,Not Avl,Compl,Incmpl,Enable,OFF,80,15,21,ON,42.500,21.250,0.119,2582,15,21,-3,OFF,0,3.125,5.850,OFF,0,0,70,Avail,Compl,Enable,0,GRN2#  ,ON,0,Not Act,Not Act,0,0,0,0,21247.676,21247.676,Avail,Compl,Avail,Incmpl,Incmpl,Enable,OBD II (California ARB),OFF,OFF,0,0,0,1st,OFF,OFF,OFF,OFF,OFF,OFF,1.562,0.781,ON,OFF,900,0,OFF,OFF,OFF,ON,Gasoline,0.971,OFF,OFF,0.684,ON,0.859,16.078,12,0,0.801,0.781,2.383,0.801,0.918,2.031,47.843,0,16.078,23,0,0,OFF,ECT 5th,NA,OFF,97.878,97.900,15.294,0,Not Avl,0,0,0,0,ON,ON,0,0,0
305,0,13.965,Not Avl,Compl,Compl,Unable,OFF,Not Avl,Compl,Compl,Unable,OFF,39.062,49.219,32.500,33.125,19.531,39.551,15.686,31.765,0.781,1.582,ON,0,OFF,ON,ON,1.000,1.003,-0.039,-0.031,3.235,3.244,0,97,51199.219,13.710,25.490,OFF,OFF,OFF,OFF,OFF,OFF,OFF,Avail,Incmpl,Incmpl,Enable,Avail,483.300,166.900,483.300,166.900,ON,Avail,Compl,Enable,66,0,0,0,0,0,0,6,A,0,0,Avail,Incmpl,Incmpl,Enable,OFF,OFF,241,937.500,51199.219,51199.219,51199.219,51199.219,51199.219,51199.219,1GRFE ,0,Avail,Incmpl,Incmpl,Enable,0,OFF,OFF,OFF,OFF,ON,ON,Avail,Compl,Enable,Compl,CL,CL,Compl,Unable,Not Avl,Compl,Incmpl,Enable,OFF,80,15,39,ON,42.500,21.250,0.119,2604,15,21,-3,OFF,0,3.906,5.920,OFF,0,0,70,Avail,Compl,Enable,0,GRN2#  ,ON,0,Not Act,Not Act,0,0,0,0,21247.676,21247.676,Avail,Compl,Avail,Incmpl,Incmpl,Enable,OBD II (California ARB),OFF,OFF,0,0,0,1st,OFF,OFF,OFF,OFF,OFF,OFF,1.562,1.562,ON,OFF,900,0,OFF,OFF,OFF,ON,Gasoline,0.970,OFF,OFF,0.684,ON,0.781,16.078,12,0,0.781,0.801,2.383,0.781,0.918,2.031,47.843,0,16.078,23,0,0,OFF,ECT 5th,NA,OFF,97.878,97.900,15.686,0,Not Avl,0,0,0,0,ON,ON,0,0,0
306,0,13.965,Not Avl,Compl,Compl,Unable,OFF,Not Avl,Compl,Compl,Unable,OFF,39.062,42.188,32.500,33.125,19.531,39.551,15.686,31.765,0.781,1.582,ON,0,OFF,ON,ON,0.998,1.003,-0.039,-0.027,3.230,3.254,0,97,51199.219,13.710,25.882,OFF,OFF,OFF,OFF,OFF,OFF,OFF,Avail,Incmpl,Incmpl,Enable,Avail,483.400,167.500,483.400,167.500,ON,Avail,Compl,Enable,66,0,0,0,0,0,0,6,A,0,0,Avail,Incmpl,Incmpl,Enable,OFF,OFF,241,939.750,51199.219,51199.219,51199.219,51199.219,51199.219,51199.219,1GRFE ,0,Avail,Incmpl,Incmpl,Enable,0,OFF,OFF,OFF,OFF,ON,ON,Avail,Compl,Enable,Compl,CL,CL,Compl,Unable,Not Avl,Compl,Incmpl,Enable,OFF,80,15,57,ON,42.500,21.250,0.118,2622,15,21,-3,OFF,0,3.125,5.920,OFF,0,0,56,Avail,Compl,Enable,0,GRN2#  ,ON,0,Not Act,Not Act,0,0,0,0,21247.676,21247.676,Avail,Compl,Avail,Incmpl,Incmpl,Enable,OBD II (California ARB),OFF,OFF,0,0,0,1st,OFF,OFF,OFF,OFF,OFF,OFF,1.562,1.562,ON,OFF,900,0,OFF,OFF,OFF,ON,Gasoline,0.969,OFF,OFF,0.684,ON,0.781,15.686,12,0,0.801,0.801,2.383,0.801,0.918,2.031,47.843,0,16.078,23,0,0,OFF,ECT 5th,NA,OFF,97.878,97.900,15.686,0,Not Avl,0,0,0,0,ON,ON,0,0,0
307,0,13.962,Not Avl,Compl,Compl,Unable,OFF,Not Avl,Compl,Compl,Unable,OFF,39.062,39.844,32.500,33.125,19.531,39.551,15.686,31.765,0.781,1.582,ON,0,OFF,ON,ON,1.002,1.005,-0.031,-0.023,3.244,3.259,0,97,51199.219,13.730,25.490,OFF,OFF,OFF,OFF,OFF,OFF,OFF,Avail,Incmpl,Incmpl,Enable,Avail,483.400,167.500,483.400,167.500,ON,Avail,Compl,Enable,66,0,0,0,0,0,0,6,A,0,0,Avail,Incmpl,Incmpl,Enable,OFF,OFF,242,957,51199.219,51199.219,51199.219,51199.219,51199.219,51199.219,1GRFE ,0,Avail,Incmpl,Incmpl,Enable,0,OFF,OFF,OFF,OFF,ON,ON,Avail,Compl,Enable,Compl,CL,CL,Compl,Unable,Not Avl,Compl,Incmpl,Enable,OFF,80,15,77,ON,42.500,21.250,0.118,2596,15,21,-3,OFF,0,3.125,5.790,OFF,0,0,56,Avail,Compl,Enable,0,GRN2#  ,ON,0,Not Act,Not Act,0,0,0,0,21247.676,21247.676,Avail,Compl,Avail,Incmpl,Incmpl,Enable,OBD II (California ARB),OFF,OFF,0,0,0,1st,OFF,OFF,OFF,OFF,OFF,OFF,1.562,1.562,ON,OFF,900,0,OFF,OFF,OFF,ON,Gasoline,0.967,OFF,OFF,0.684,ON,1.016,15.686,15,0,0.781,0.781,2.383,0.781,0.918,2.031,47.451,0,15.686,23,0,0,OFF,ECT 5th,NA,OFF,97.878,97.900,15.294,0,Not Avl,0,0,0,0,ON,ON,0,0,0
308,0,13.983,Not Avl,Compl,Compl,Unable,OFF,Not Avl,Compl,Compl,Unable,OFF,51.562,39.062,32.500,33.125,19.531,39.551,15.686,31.765,0.781,1.582,ON,0,OFF,ON,ON,1.001,0.996,-0.035,-0.051,3.239,3.215,0,97,51199.219,13.730,25.490,OFF,OFF,OFF,OFF,OFF,OFF,OFF,Avail,Incmpl,Incmpl,Enable,Avail,483.500,168.200,483.500,168.200,ON,Avail,Compl,Enable,66,0,0,0,0,0,0,6,A,0,0,Avail,Incmpl,Incmpl,Enable,OFF,OFF,242,955.250,51199.219,51199.219,51199.219,51199.219,51199.219,51199.219,1GRFE ,0,Avail,Incmpl,Incmpl,Enable,0,OFF,OFF,OFF,OFF,ON,ON,Avail,Compl,Enable,Compl,CL,CL,Compl,Unable,Not Avl,Compl,Incmpl,Enable,OFF,80,15,101,ON,42.500,21.250,0.119,2600,15,21,-3,OFF,0,3.125,5.850,OFF,0,0,73,Avail,Compl,Enable,0,GRN2#  ,ON,0,Not Act,Not Act,0,0,0,0,21247.676,21247.676,Avail,Compl,Avail,Incmpl,Incmpl,Enable,OBD II (California ARB),OFF,OFF,0,0,0,1st,OFF,OFF,OFF,OFF,OFF,OFF,1.562,1.562,ON,OFF,900,0,OFF,OFF,OFF,ON,Gasoline,0.965,OFF,OFF,0.684,ON,0.391,15.686,7,0,0.801,0.801,2.383,0.801,0.918,2.031,47.843,0,16.078,23,0,0,OFF,ECT 5th,NA,OFF,97.878,97.900,15.294,0,Not Avl,0,0,0,0,ON,ON,0,0,0
309,0,13.983,Not Avl,Compl,Compl,Unable,OFF,Not Avl,Compl,Compl,Unable,OFF,57.031,39.062,32.500,33.125,19.531,39.551,15.686,31.765,0.781,1.582,ON,0,OFF,ON,ON,0.997,0.998,-0.051,-0.047,3.215,3.220,0,97,51199.219,13.710,25.490,OFF,OFF,OFF,OFF,OFF,OFF,OFF,Avail,Incmpl,Incmpl,Enable,Avail,483.500,168.200,483.500,168.200,ON,Avail,Compl,Enable,66,0,0,0,0,0,0,6,A,0,0,Avail,Incmpl,Incmpl,Enable,OFF,OFF,243,930.250,51199.219,51199.219,51199.219,51199.219,51199.219,51199.219,1GRFE ,0,Avail,Incmpl,Incmpl,Enable,0,OFF,OFF,OFF,OFF,ON,ON,Avail,Compl,Enable,Compl,CL,CL,Compl,Unable,Not Avl,Compl,Incmpl,Enable,OFF,80,15,121,ON,42.500,21.250,0.119,2622,15,21,-3,OFF,0,3.125,5.920,OFF,0,0,73,Avail,Compl,Enable,0,GRN2#  ,ON,0,Not Act,Not Act,0,0,0,0,21247.676,21247.676,Avail,Compl,Avail,Incmpl,Incmpl,Enable,OBD II (California ARB),OFF,OFF,0,0,0,1st,OFF,OFF,OFF,OFF,OFF,OFF,1.562,1.562,ON,OFF,900,0,OFF,OFF,OFF,ON,Gasoline,0.965,OFF,OFF,0.684,ON,0.703,15.686,11,0,0.801,0.801,2.383,0.801,0.918,2.031,47.843,0,16.078,23,0,0,OFF,ECT 5th,NA,OFF,97.878,97.900,16.078,0,Not Avl,0,0,0,0,ON,ON,0,0,0
310,0,13.948,Not Avl,Compl,Compl,Unable,OFF,Not Avl,Compl,Compl,Unable,OFF,59.375,39.062,32.500,33.125,19.531,39.551,15.686,31.765,0.781,1.582,ON,0,OFF,ON,ON,0.999,1.001,-0.039,-0.035,3.235,3.239,0,97,51199.219,13.710,25.882,OFF,OFF,OFF,OFF,OFF,OFF,OFF,Avail,Incmpl,Incmpl,Enable,Avail,483.500,168.200,483.500,168.200,ON,Avail,Compl,Enable,66,0,0,0,0,0,0,6,A,0,0,Avail,Incmpl,Incmpl,Enable,OFF,OFF,243,948.250,51199.219,51199.219,51199.219,51199.219,51199.219,51199.219,1GRFE ,0,Avail,Incmpl,Incmpl,Enable,0,OFF,OFF,OFF,OFF,ON,ON,Avail,Compl,Enable,Compl,CL,CL,Compl,Unable,Not Avl,Compl,Incmpl,Enable,OFF,80,15,143,ON,42.500,21.250,0.119,2615,15,21,-3,OFF,0,3.125,5.850,OFF,0,0,73,Avail,Compl,Enable,0,GRN2#  ,ON,0,Not Act,Not Act,0,0,0,0,21247.676,21247.676,Avail,Compl,Avail,Incmpl,Incmpl,Enable,OBD II (California ARB),OFF,OFF,0,0,0,1st,OFF,OFF,OFF,OFF,OFF,OFF,1.562,1.562,ON,OFF,900,0,OFF,OFF,OFF,ON,Gasoline,0.966,OFF,OFF,0.684,ON,1.094,15.686,17,0,0.801,0.801,2.383,0.801,0.918,2.031,47.451,0,16.078,23,0,0,OFF,ECT 5th,NA,OFF,97.878,97.900,15.294,0,Not Avl,0,0,0,0,ON,ON,0,0,0
311,0,13.945,Not Avl,Compl,Compl,Unable,OFF,Not Avl,Compl,Compl,Unable,OFF,44.531,39.062,32.500,33.125,19.531,39.551,15.686,31.765,0.781,1.582,ON,0,OFF,ON,ON,1.001,0.998,-0.031,-0.047,3.244,3.220,0,97,51199.219,13.710,25.882,OFF,OFF,OFF,OFF,OFF,OFF,OFF,Avail,Incmpl,Incmpl,Enable,Avail,483.600,168.800,483.600,168.800,ON,Avail,Compl,Enable,66,0,0,0,0,0,0,6,A,0,0,Avail,Incmpl,Incmpl,Enable,OFF,OFF,244,946,51199.219,51199.219,51199.219,51199.219,51199.219,51199.219,1GRFE ,0,Avail,Incmpl,Incmpl,Enable,0,OFF,OFF,OFF,OFF,ON,ON,Avail,Compl,Enable,Compl,CL,CL,Compl,Unable,Not Avl,Compl,Incmpl,Enable,OFF,80,15,162,ON,42.500,21.250,0.119,2615,15,21,-3,OFF,0,3.125,5.850,OFF,0,0,64,Avail,Compl,Enable,0,GRN2#  ,ON,0,Not Act,Not Act,0,0,0,0,21247.676,21247.676,Avail,Compl,Avail,Incmpl,Incmpl,Enable,OBD II (California ARB),OFF,OFF,0,0,0,1st,OFF,OFF,OFF,OFF,OFF,OFF,1.562,1.562,ON,OFF,900,0,OFF,OFF,OFF,ON,Gasoline,0.965,OFF,OFF,0.684,ON,1.094,15.686,15,0,0.801,0.781,2.383,0.801,0.918,2.031,47.451,0,16.078,23,0,0,OFF,ECT 5th,NA,OFF,97.878,97.900,15.686,0,Not Avl,0,0,0,0,ON,ON,0,0,0
312,0,13.964,Not Avl,Compl,Compl,Unable,OFF,Not Avl,Compl,Compl,Unable,OFF,40.625,39.062,32.500,33.125,19.531,39.551,15.686,31.765,0.781,1.582,ON,0,OFF,ON,ON,0.997,0.995,-0.047,-0.055,3.220,3.205,0,97,51199.219,13.710,25.882,OFF,OFF,OFF,OFF,OFF,OFF,OFF,Avail,Incmpl,Incmpl,Enable,Avail,483.600,168.800,483.600,168.800,ON,Avail,Compl,Enable,66,0,0,0,0,0,0,6,A,0,0,Avail,Incmpl,Incmpl,Enable,OFF,OFF,244,936.500,51199.219,51199.219,51199.219,51199.219,51199.219,51199.219,1GRFE ,0,Avail,Incmpl,Incmpl,Enable,0,OFF,OFF,OFF,OFF,ON,ON,Avail,Compl,Enable,Compl,CL,CL,Compl,Unable,Not Avl,Compl,Incmpl,Enable,OFF,80,15,182,ON,42.500,21.250,0.119,2625,15,21,-3,OFF,0,3.125,5.850,OFF,0,0,64,Avail,Compl,Enable,0,GRN2#  ,ON,0,Not Act,Not Act,0,0,0,0,21247.676,21247.676,Avail,Compl,Avail,Incmpl,Incmpl,Enable,OBD II (California ARB),OFF,OFF,0,0,0,1st,OFF,OFF,OFF,OFF,OFF,OFF,1.562,1.562,ON,OFF,900,0,OFF,OFF,OFF,ON,Gasoline,0.964,OFF,OFF,0.684,ON,0.938,16.078,13,0,0.781,0.781,2.363,0.781,0.918,2.031,47.843,0,16.078,23,0,0,OFF,ECT 5th,NA,OFF,97.878,97.900,15.686,0,Not Avl,0,0,0,0,ON,ON,0,0,0
313,0,13.945,Not Avl,Compl,Compl,Unable,OFF,Not Avl,Compl,Compl,Unable,OFF,39.062,39.062,32.500,33.125,19.531,39.551,15.686,31.765,0.781,1.582,ON,0,OFF,ON,ON,0.994,0.995,-0.055,-0.055,3.205,3.205,0,97,51199.219,13.710,25.490,OFF,OFF,OFF,OFF,OFF,OFF,OFF,Avail,Incmpl,Incmpl,Enable,Avail,483.700,169.400,483.700,169.400,ON,Avail,Compl,Enable,66,0,0,0,0,0,0,6,A,0,0,Avail,Incmpl,Incmpl,Enable,OFF,OFF,244,953.750,51199.219,51199.219,51199.219,51199.219,51199.219,51199.219,1GRFE ,0,Avail,Incmpl,Incmpl,Enable,0,OFF,OFF,OFF,OFF,ON,ON,Avail,Compl,Enable,Compl,CL,CL,Compl,Unable,Not Avl,Compl,Incmpl,Enable,OFF,80,15,202,ON,42.500,21.250,0.119,2582,15,21,-3,OFF,0,3.125,5.790,OFF,0,0,68,Avail,Compl,Enable,0,GRN2#  ,ON,0,Not Act,Not Act,0,0,0,0,21247.676,21247.676,Avail,Compl,Avail,Incmpl,Incmpl,Enable,OBD II (California ARB),OFF,OFF,0,0,0,1st,OFF,OFF,OFF,OFF,OFF,OFF,1.562,1.562,ON,OFF,900,0,OFF,OFF,OFF,ON,Gasoline,0.967,OFF,OFF,0.684,ON,1.328,15.686,19,0,0.801,0.781,2.363,0.801,0.918,2.031,47.451,0,15.686,23,0,0,OFF,ECT 5th,NA,OFF,97.878,97.878,15.294,0,Not Avl,0,0,0,0,ON,ON,0,0,0
314,0,13.965,Not Avl,Compl,Compl,Unable,OFF,Not Avl,Compl,Compl,Unable,OFF,39.062,39.062,32.500,33.125,19.531,39.551,15.686,31.765,0.781,1.582,ON,0,OFF,ON,ON,0.995,0.991,-0.055,-0.066,3.205,3.186,0,97,51199.219,13.710,25.490,OFF,OFF,OFF,OFF,OFF,OFF,OFF,Avail,Incmpl,Incmpl,Enable,Avail,483.700,169.400,483.700,169.400,ON,Avail,Compl,Enable,66,0,0,0,0,0,0,6,A,0,0,Avail,Incmpl,Incmpl,Enable,OFF,OFF,245,948.250,51199.219,51199.219,51199.219,51199.219,51199.219,51199.219,1GRFE ,0,Avail,Incmpl,Incmpl,Enable,0,OFF,OFF,OFF,OFF,ON,ON,Avail,Compl,Enable,Compl,CL,CL,Compl,Unable,Not Avl,Compl,Incmpl,Enable,OFF,80,15,220,ON,42.500,21.250,0.118,2600,15,21,-3,OFF,0,3.906,5.850,OFF,0,0,68,Avail,Compl,Enable,0,GRN2#  ,ON,0,Not Act,Not Act,0,0,0,0,21247.676,21247.676,Avail,Compl,Avail,Incmpl,Incmpl,Enable,OBD II (California ARB),OFF,OFF,0,0,0,1st,OFF,OFF,OFF,OFF,OFF,OFF,1.562,0.781,ON,OFF,900,0,OFF,OFF,OFF,ON,Gasoline,0.968,OFF,OFF,0.684,ON,0.703,16.078,9,0,0.781,0.801,2.383,0.781,0.918,2.031,47.843,0,16.078,23,0,0,OFF,ECT 5th,NA,OFF,97.878,97.878,15.294,0,Not Avl,0,0,0,0,ON,ON,0,0,0
315,0,13.979,Not Avl,Compl,Compl,Unable,OFF,Not Avl,Compl,Compl,Unable,OFF,39.062,39.062,32.500,33.125,19.531,39.551,15.686,31.765,0.781,1.582,ON,0,OFF,ON,ON,0.997,0.996,-0.043,-0.047,3.225,3.220,0,97,51199.219,13.710,25.490,OFF,OFF,OFF,OFF,OFF,OFF,OFF,Avail,Incmpl,Incmpl,Enable,Avail,483.700,169.400,483.700,169.400,ON,Avail,Compl,Enable,66,0,0,0,0,0,0,6,A,0,0,Avail,Incmpl,Incmpl,Enable,OFF,OFF,245,938.250,51199.219,51199.219,51199.219,51199.219,51199.219,51199.219,1GRFE ,0,Avail,Incmpl,Incmpl,Enable,0,OFF,OFF,OFF,OFF,ON,ON,Avail,Compl,Enable,Compl,CL,CL,Compl,Unable,Not Avl,Compl,Incmpl,Enable,OFF,80,15,237,ON,42.500,21.250,0.118,2578,15,21,-3,OFF,0,3.906,5.810,OFF,0,0,68,Avail,Compl,Enable,0,GRN2#  ,ON,0,Not Act,Not Act,0,0,0,0,21247.676,21247.676,Avail,Compl,Avail,Incmpl,Incmpl,Enable,OBD II (California ARB),OFF,OFF,0,0,0,1st,OFF,OFF,OFF,OFF,OFF,OFF,1.562,0.781,ON,OFF,900,0,OFF,OFF,OFF,ON,Gasoline,0.971,OFF,OFF,0.684,ON,0.781,15.686,9,0,0.801,0.801,2.383,0.801,0.918,2.031,47.843,0,15.686,23,0,0,OFF,ECT 5th,NA,OFF,97.878,97.900,15.294,0,Not Avl,0,0,0,0,ON,ON,0,0,0
316,0,13.965,Not Avl,Compl,Compl,Unable,OFF,Not Avl,Compl,Compl,Unable,OFF,39.062,39.062,32.500,33.125,19.531,39.551,15.686,31.765,0.781,1.582,ON,0,OFF,ON,ON,0.996,1.003,-0.051,-0.027,3.215,3.249,0,97,51199.219,13.710,25.490,OFF,OFF,OFF,OFF,OFF,OFF,OFF,Avail,Incmpl,Incmpl,Enable,Avail,483.700,170,483.700,170,ON,Avail,Compl,Enable,66,0,0,0,0,0,0,6,A,0,0,Avail,Incmpl,Incmpl,Enable,OFF,OFF,245,930.250,51199.219,51199.219,51199.219,51199.219,51199.219,51199.219,1GRFE ,0,Avail,Incmpl,Incmpl,Enable,0,OFF,OFF,OFF,OFF,ON,ON,Avail,Compl,Enable,Compl,CL,CL,Compl,Unable,Not Avl,Compl,Incmpl,Enable,OFF,80,15,253,ON,42.500,21.250,0.118,2600,15,21,-3,OFF,0,3.125,5.820,OFF,0,0,65,Avail,Compl,Enable,0,GRN2#  ,ON,0,Not Act,Not Act,0,0,0,0,21247.676,21247.676,Avail,Compl,Avail,Incmpl,Incmpl,Enable,OBD II (California ARB),OFF,OFF,0,0,0,1st,OFF,OFF,OFF,OFF,OFF,OFF,0.781,0.781,ON,OFF,900,0,OFF,OFF,OFF,ON,Gasoline,0.971,OFF,OFF,0.684,ON,0.781,15.686,12,0,0.781,0.781,2.363,0.781,0.918,2.031,47.843,0,15.686,23,0,0,OFF,ECT 5th,NA,OFF,97.878,97.900,15.686,0,Not Avl,0,0,0,0,ON,ON,0,0,0
317,0,13.965,Not Avl,Compl,Compl,Unable,OFF,Not Avl,Compl,Compl,Unable,OFF,39.062,51.562,32.500,33.125,19.531,39.551,15.686,31.765,0.781,1.582,ON,0,OFF,ON,ON,1.002,1.006,-0.027,-0.016,3.249,3.269,0,97,51199.219,13.710,25.882,OFF,OFF,OFF,OFF,OFF,OFF,OFF,Avail,Incmpl,Incmpl,Enable,Avail,483.700,170,483.700,170,ON,Avail,Compl,Enable,66,0,0,0,0,0,0,6,A,0,0,Avail,Incmpl,Incmpl,Enable,OFF,OFF,246,933.500,51199.219,51199.219,51199.219,51199.219,51199.219,51199.219,1GRFE ,0,Avail,Incmpl,Incmpl,Enable,0,OFF,OFF,OFF,OFF,ON,ON,Avail,Compl,Enable,Compl,CL,CL,Compl,Unable,Not Avl,Compl,Incmpl,Enable,OFF,80,15,270,ON,42.500,21.250,0.118,2625,15,21,-3,OFF,0,3.125,5.850,OFF,0,0,65,Avail,Compl,Enable,0,GRN2#  ,ON,0,Not Act,Not Act,0,0,0,0,21247.676,21247.676,Avail,Compl,Avail,Incmpl,Incmpl,Enable,OBD II (California ARB),OFF,OFF,0,0,0,1st,OFF,OFF,OFF,OFF,OFF,OFF,1.562,1.562,ON,OFF,900,0,OFF,OFF,OFF,ON,Gasoline,0.971,OFF,OFF,0.684,ON,0.703,15.686,9,0,0.801,0.781,2.363,0.801,0.918,2.031,47.843,0,15.686,23,0,0,OFF,ECT 5th,NA,OFF,97.878,97.878,15.686,0,Not Avl,0,0,0,0,ON,ON,0,0,0
318,0,13.964,Not Avl,Compl,Compl,Unable,OFF,Not Avl,Compl,Compl,Unable,OFF,39.062,53.906,32.500,33.125,19.531,39.551,15.686,31.765,0.781,1.582,ON,0,OFF,ON,ON,1.000,1.003,-0.039,-0.027,3.235,3.254,0,97,51199.219,13.710,25.882,OFF,OFF,OFF,OFF,OFF,OFF,OFF,Avail,Incmpl,Incmpl,Enable,Avail,483.700,170,483.700,170,ON,Avail,Compl,Enable,66,0,0,0,0,0,0,6,A,0,0,Avail,Incmpl,Incmpl,Enable,OFF,OFF,246,944.500,51199.219,51199.219,51199.219,51199.219,51199.219,51199.219,1GRFE ,0,Avail,Incmpl,Incmpl,Enable,0,OFF,OFF,OFF,OFF,ON,ON,Avail,Compl,Enable,Compl,CL,CL,Compl,Unable,Not Avl,Compl,Incmpl,Enable,OFF,80,15,287,ON,42.500,21.250,0.119,2604,15,21,-3,OFF,0,3.125,5.810,OFF,0,0,65,Avail,Compl,Enable,0,GRN2#  ,ON,0,Not Act,Not Act,0,0,0,0,21247.676,21247.676,Avail,Compl,Avail,Incmpl,Incmpl,Enable,OBD II (California ARB),OFF,OFF,0,0,0,1st,OFF,OFF,OFF,OFF,OFF,OFF,1.562,1.562,ON,OFF,900,0,OFF,OFF,OFF,ON,Gasoline,0.970,OFF,OFF,0.684,ON,0.781,15.686,12,0,0.801,0.801,2.363,0.801,0.918,2.031,47.451,0,15.686,23,0,0,OFF,ECT 5th,NA,OFF,97.878,97.878,15.294,0,Not Avl,0,0,0,0,ON,ON,0,0,0
319,0,13.964,Not Avl,Compl,Compl,Unable,OFF,Not Avl,Compl,Compl,Unable,OFF,39.062,57.812,32.500,33.125,19.531,39.551,15.686,31.765,0.781,1.582,ON,0,OFF,ON,ON,1.000,0.998,-0.035,-0.043,3.239,3.225,0,97,51199.219,13.710,25.490,OFF,OFF,OFF,OFF,OFF,OFF,OFF,Avail,Incmpl,Incmpl,Enable,Avail,483.800,170.700,483.800,170.700,ON,Avail,Compl,Enable,66,0,0,0,0,0,0,6,A,0,0,Avail,Incmpl,Incmpl,Enable,OFF,OFF,247,947.500,51199.219,51199.219,51199.219,51199.219,51199.219,51199.219,1GRFE ,0,Avail,Incmpl,Incmpl,Enable,0,OFF,OFF,OFF,OFF,ON,ON,Avail,Compl,Enable,Compl,CL,CL,Compl,Unable,Not Avl,Compl,Incmpl,Enable,OFF,80,15,306,ON,42.500,21.250,0.119,2589,15,21,-3,OFF,0,3.125,5.820,OFF,0,0,63,Avail,Compl,Enable,0,GRN2#  ,ON,0,Not Act,Not Act,0,0,0,0,21247.676,21247.676,Avail,Compl,Avail,Incmpl,Incmpl,Enable,OBD II (California ARB),OFF,OFF,0,0,0,1st,OFF,OFF,OFF,OFF,OFF,OFF,1.562,1.562,ON,OFF,900,0,OFF,OFF,OFF,ON,Gasoline,0.970,OFF,OFF,0.684,ON,0.859,15.686,13,0,0.781,0.781,2.363,0.781,0.918,2.031,47.451,0,15.686,23,0,0,OFF,ECT 5th,NA,OFF,97.878,97.878,15.294,0,Not Avl,0,0,0,0,ON,ON,0,0,0
320,0,13.947,Not Avl,Compl,Compl,Unable,OFF,Not Avl,Compl,Compl,Unable,OFF,44.531,53.906,32.500,33.125,19.531,39.551,15.686,31.765,0.781,1.582,ON,0,OFF,ON,ON,1.001,0.994,-0.035,-0.059,3.239,3.200,0,97,51199.219,13.710,25.490,OFF,OFF,OFF,OFF,OFF,OFF,OFF,Avail,Incmpl,Incmpl,Enable,Avail,483.800,170.700,483.800,170.700,ON,Avail,Compl,Enable,66,0,0,0,0,0,0,6,A,0,0,Avail,Incmpl,Incmpl,Enable,OFF,OFF,247,941.250,51199.219,51199.219,51199.219,51199.219,51199.219,51199.219,1GRFE ,0,Avail,Incmpl,Incmpl,Enable,0,OFF,OFF,OFF,OFF,ON,ON,Avail,Compl,Enable,Compl,CL,CL,Compl,Unable,Not Avl,Compl,Incmpl,Enable,OFF,80,15.500,326,ON,42.500,21.250,0.119,2589,15,21,-3,OFF,0,3.906,5.760,OFF,0,0,63,Avail,Compl,Enable,0,GRN2#  ,ON,0,Not Act,Not Act,0,0,0,0,21247.676,21247.676,Avail,Compl,Avail,Incmpl,Incmpl,Enable,OBD II (California ARB),OFF,OFF,0,0,0,1st,OFF,OFF,OFF,OFF,OFF,OFF,1.562,1.562,ON,OFF,900,0,OFF,OFF,OFF,ON,Gasoline,0.968,OFF,OFF,0.684,ON,0.938,16.078,15,0,0.781,0.781,2.363,0.781,0.918,2.031,47.451,0,15.686,23,0,0,OFF,ECT 5th,NA,OFF,97.878,97.900,15.294,0,Not Avl,0,0,0,0,ON,ON,0,0,0
321,0,13.982,Not Avl,Compl,Compl,Unable,OFF,Not Avl,Compl,Compl,Unable,OFF,53.906,44.531,32.500,33.125,19.531,39.551,15.686,31.765,0.781,1.582,ON,0,OFF,ON,ON,0.994,0.996,-0.055,-0.055,3.205,3.210,0,97,51199.219,13.710,25.490,OFF,OFF,OFF,OFF,OFF,OFF,OFF,Avail,Incmpl,Incmpl,Enable,Avail,483.800,170.700,483.800,170.700,ON,Avail,Compl,Enable,66,0,0,0,0,0,0,6,A,0,0,Avail,Incmpl,Incmpl,Enable,OFF,OFF,247,934.250,51199.219,51199.219,51199.219,51199.219,51199.219,51199.219,1GRFE ,0,Avail,Incmpl,Incmpl,Enable,0,OFF,OFF,OFF,OFF,ON,ON,Avail,Compl,Enable,Compl,CL,CL,Compl,Unable,Not Avl,Compl,Incmpl,Enable,OFF,80,15,346,ON,42.500,21.250,0.118,2604,15,21,-3,OFF,0,3.906,5.790,OFF,0,0,63,Avail,Compl,Enable,0,GRN2#  ,ON,0,Not Act,Not Act,0,0,0,0,21247.676,21247.676,Avail,Compl,Avail,Incmpl,Incmpl,Enable,OBD II (California ARB),OFF,OFF,0,0,0,1st,OFF,OFF,OFF,OFF,OFF,OFF,0.781,0.781,ON,OFF,900,0,OFF,OFF,OFF,ON,Gasoline,0.970,OFF,OFF,0.684,ON,0.625,15.686,8,0,0.801,0.781,2.363,0.801,0.918,2.031,47.451,0,15.686,23,0,0,OFF,ECT 5th,NA,OFF,97.878,97.900,15.686,0,Not Avl,0,0,0,0,ON,ON,0,0,0
322,0,13.965,Not Avl,Compl,Compl,Unable,OFF,Not Avl,Compl,Compl,Unable,OFF,57.812,40.625,32.500,33.125,19.531,39.551,15.686,31.765,0.781,1.582,ON,0,OFF,ON,ON,0.996,1.002,-0.031,-0.020,3.215,3.244,0,97,51199.219,13.710,25.882,OFF,OFF,OFF,OFF,OFF,OFF,OFF,Avail,Incmpl,Incmpl,Enable,Avail,483.900,171.300,483.900,171.300,ON,Avail,Compl,Enable,66,0,0,0,0,0,0,6,A,0,0,Avail,Incmpl,Incmpl,Enable,OFF,OFF,248,928.750,51199.219,51199.219,51199.219,51199.219,51199.219,51199.219,1GRFE ,0,Avail,Incmpl,Incmpl,Enable,0,OFF,OFF,OFF,OFF,ON,ON,Avail,Compl,Enable,Compl,CL,CL,Compl,Unable,Not Avl,Compl,Incmpl,Enable,OFF,80,15,364,ON,42.500,21.250,0.118,2611,15,21,-3,OFF,0,3.125,5.790,OFF,0,0,62,Avail,Compl,Enable,0,GRN2#  ,ON,0,Not Act,Not Act,0,0,0,0,21247.676,21247.676,Avail,Compl,Avail,Incmpl,Incmpl,Enable,OBD II (California ARB),OFF,OFF,0,0,0,1st,OFF,OFF,OFF,OFF,OFF,OFF,0.781,1.562,ON,OFF,900,0,OFF,OFF,OFF,ON,Gasoline,0.971,OFF,OFF,0.684,ON,0.859,15.686,12,0,0.781,0.781,2.363,0.781,0.918,2.031,47.451,0,15.686,23,0,0,OFF,ECT 5th,NA,OFF,97.878,97.900,15.686,0,Not Avl,0,0,0,0,ON,ON,0,0,0
323,0,13.964,Not Avl,Compl,Compl,Unable,OFF,Not Avl,Compl,Compl,Unable,OFF,53.906,39.062,32.500,33.125,19.531,39.551,15.686,31.765,0.781,1.582,ON,0,OFF,ON,ON,0.999,1.003,-0.039,-0.027,3.235,3.254,0,97,51199.219,13.730,25.490,OFF,OFF,OFF,OFF,OFF,OFF,OFF,Avail,Incmpl,Incmpl,Enable,Avail,483.900,171.300,483.900,171.300,ON,Avail,Compl,Enable,66,0,0,0,0,0,0,6,A,0,0,Avail,Incmpl,Incmpl,Enable,OFF,OFF,248,944.500,51199.219,51199.219,51199.219,51199.219,51199.219,51199.219,1GRFE ,0,Avail,Incmpl,Incmpl,Enable,0,OFF,OFF,OFF,OFF,ON,ON,Avail,Compl,Enable,Compl,CL,CL,Compl,Unable,Not Avl,Compl,Incmpl,Enable,OFF,80,15,382,ON,42.500,21.250,0.118,2593,15,21,-3,OFF,0,3.125,5.790,OFF,0,0,62,Avail,Compl,Enable,0,GRN2#  ,ON,0,Not Act,Not Act,0,0,0,0,21247.676,21247.676,Avail,Compl,Avail,Incmpl,Incmpl,Enable,OBD II (California ARB),OFF,OFF,0,0,0,1st,OFF,OFF,OFF,OFF,OFF,OFF,0.781,1.562,ON,OFF,900,0,OFF,OFF,OFF,ON,Gasoline,0.972,OFF,OFF,0.684,ON,0.781,15.686,12,0,0.801,0.781,2.363,0.801,0.918,2.031,47.451,0,15.686,23,0,0,OFF,ECT 5th,NA,OFF,97.878,97.900,15.294,0,Not Avl,0,0,0,0,ON,ON,0,0,0
324,0,13.982,Not Avl,Compl,Compl,Unable,OFF,Not Avl,Compl,Compl,Unable,OFF,42.969,39.062,32.500,33.125,19.531,39.551,15.686,31.765,0.781,1.582,ON,0,OFF,ON,ON,1.003,1.001,-0.027,-0.035,3.254,3.239,0,97,51199.219,13.710,25.490,OFF,OFF,OFF,OFF,OFF,OFF,OFF,Avail,Incmpl,Incmpl,Enable,Avail,484,171.900,484,171.900,ON,Avail,Compl,Enable,66,0,0,0,0,0,0,6,A,0,0,Avail,Incmpl,Incmpl,Enable,OFF,OFF,249,937.500,51199.219,51199.219,51199.219,51199.219,51199.219,51199.219,1GRFE ,0,Avail,Incmpl,Incmpl,Enable,0,OFF,OFF,OFF,OFF,ON,ON,Avail,Compl,Enable,Compl,CL,CL,Compl,Unable,Not Avl,Compl,Incmpl,Enable,OFF,80,15,402,ON,42.500,21.250,0.118,2611,15,21,-3,OFF,0,3.125,5.850,OFF,0,0,52,Avail,Compl,Enable,0,GRN2#  ,ON,0,Not Act,Not Act,0,0,0,0,21247.676,21247.676,Avail,Compl,Avail,Incmpl,Incmpl,Enable,OBD II (California ARB),OFF,OFF,0,0,0,1st,OFF,OFF,OFF,OFF,OFF,OFF,1.562,1.562,ON,OFF,900,0,OFF,OFF,OFF,ON,Gasoline,0.969,OFF,OFF,0.684,ON,0.312,15.686,10,0,0.781,0.801,2.383,0.781,0.918,2.031,47.843,0,16.078,23,0,0,OFF,ECT 5th,NA,OFF,97.878,97.878,15.686,0,Not Avl,0,0,0,0,ON,ON,0,0,0
325,0,13.945,Not Avl,Compl,Compl,Unable,OFF,Not Avl,Compl,Compl,Unable,OFF,39.844,39.062,32.500,33.125,19.531,39.551,15.686,31.765,0.781,1.582,ON,0,OFF,ON,ON,1.003,0.999,-0.027,-0.039,3.249,3.230,0,97,51199.219,13.710,25.490,OFF,OFF,OFF,OFF,OFF,OFF,OFF,Avail,Incmpl,Incmpl,Enable,Avail,484,171.900,484,171.900,ON,Avail,Compl,Enable,66,0,0,0,0,0,0,6,A,0,0,Avail,Incmpl,Incmpl,Enable,OFF,OFF,249,938.250,51199.219,51199.219,51199.219,51199.219,51199.219,51199.219,1GRFE ,0,Avail,Incmpl,Incmpl,Enable,0,OFF,OFF,OFF,OFF,ON,ON,Avail,Compl,Enable,Compl,CL,CL,Compl,Unable,Not Avl,Compl,Incmpl,Enable,OFF,80,15,422,ON,42.500,21.250,0.118,2607,15,21,-3,OFF,0,3.125,5.790,OFF,0,0,52,Avail,Compl,Enable,0,GRN2#  ,ON,0,Not Act,Not Act,0,0,0,0,21247.676,21247.676,Avail,Compl,Avail,Incmpl,Incmpl,Enable,OBD II (California ARB),OFF,OFF,0,0,0,1st,OFF,OFF,OFF,OFF,OFF,OFF,1.562,1.562,ON,OFF,900,0,OFF,OFF,OFF,ON,Gasoline,0.967,OFF,OFF,0.684,ON,1.094,16.078,15,0,0.781,0.781,2.363,0.781,0.918,2.031,47.451,0,15.686,23,0,0,OFF,ECT 5th,NA,OFF,97.878,97.900,15.294,0,Not Avl,0,0,0,0,ON,ON,0,0,0
326,0,13.945,Not Avl,Compl,Compl,Unable,OFF,Not Avl,Compl,Compl,Unable,OFF,39.062,39.062,32.500,33.125,19.531,39.551,15.686,31.765,0.781,1.582,ON,0,OFF,ON,ON,0.998,0.994,-0.043,-0.062,3.225,3.196,0,97,51199.219,13.730,25.490,OFF,OFF,OFF,OFF,OFF,OFF,OFF,Avail,Incmpl,Incmpl,Enable,Avail,484,171.900,484,171.900,ON,Avail,Compl,Enable,66,0,0,0,0,0,0,6,A,0,0,Avail,Incmpl,Incmpl,Enable,OFF,OFF,249,949,51199.219,51199.219,51199.219,51199.219,51199.219,51199.219,1GRFE ,0,Avail,Incmpl,Incmpl,Enable,0,OFF,OFF,OFF,OFF,ON,ON,Avail,Compl,Enable,Compl,CL,CL,Compl,Unable,Not Avl,Compl,Incmpl,Enable,OFF,80,15,442,ON,42.500,21.250,0.118,2574,15,21,-3,OFF,0,3.125,5.780,OFF,0,0,52,Avail,Compl,Enable,0,GRN2#  ,ON,0,Not Act,Not Act,0,0,0,0,21247.676,21247.676,Avail,Compl,Avail,Incmpl,Incmpl,Enable,OBD II (California ARB),OFF,OFF,0,0,0,1st,OFF,OFF,OFF,OFF,OFF,OFF,1.562,1.562,ON,OFF,900,0,OFF,OFF,OFF,ON,Gasoline,0.966,OFF,OFF,0.684,ON,1.094,15.686,16,0,0.781,0.781,2.363,0.781,0.918,2.031,47.451,0,15.686,23,0,0,OFF,ECT 5th,NA,OFF,97.878,97.878,15.294,0,Not Avl,0,0,0,0,ON,ON,0,0,0
327,0,13.983,Not Avl,Compl,Compl,Unable,OFF,Not Avl,Compl,Compl,Unable,OFF,39.062,39.062,32.500,33.125,19.531,39.551,15.686,31.765,0.781,1.582,ON,0,OFF,ON,ON,0.995,0.997,-0.055,-0.051,3.210,3.215,0,97,51199.219,13.710,25.490,OFF,OFF,OFF,OFF,OFF,OFF,OFF,Avail,Incmpl,Incmpl,Enable,Avail,484,172.500,484,172.500,ON,Avail,Compl,Enable,66,0,0,0,0,0,0,6,A,0,0,Avail,Incmpl,Incmpl,Enable,OFF,OFF,250,935,51199.219,51199.219,51199.219,51199.219,51199.219,51199.219,1GRFE ,0,Avail,Incmpl,Incmpl,Enable,0,OFF,OFF,OFF,OFF,ON,ON,Avail,Compl,Enable,Compl,CL,CL,Compl,Unable,Not Avl,Compl,Incmpl,Enable,OFF,80,15,462,ON,42.500,21.250,0.118,2578,15,21,-3,OFF,0,3.906,5.790,OFF,0,0,62,Avail,Compl,Enable,0,GRN2#  ,ON,0,Not Act,Not Act,0,0,0,0,21247.676,21247.676,Avail,Compl,Avail,Incmpl,Incmpl,Enable,OBD II (California ARB),OFF,OFF,0,0,0,1st,OFF,OFF,OFF,OFF,OFF,OFF,1.562,1.562,ON,OFF,900,0,OFF,OFF,OFF,ON,Gasoline,0.967,OFF,OFF,0.684,ON,0.547,15.686,11,0,0.781,0.781,2.363,0.781,0.918,2.031,47.451,0,15.686,24,0,0,OFF,ECT 5th,NA,OFF,97.878,97.900,15.686,0,Not Avl,0,0,0,0,ON,ON,0,0,0
328,0,13.965,Not Avl,Compl,Compl,Unable,OFF,Not Avl,Compl,Compl,Unable,OFF,39.062,39.062,32.500,33.125,19.531,39.551,15.686,31.765,0.781,1.582,ON,0,OFF,ON,ON,0.999,1.002,-0.039,-0.027,3.230,3.249,0,97,51199.219,13.710,25.490,OFF,OFF,OFF,OFF,OFF,OFF,OFF,Avail,Incmpl,Incmpl,Enable,Avail,484,172.500,484,172.500,ON,Avail,Compl,Enable,66,0,0,0,0,0,0,6,A,0,0,Avail,Incmpl,Incmpl,Enable,OFF,OFF,250,927.250,51199.219,51199.219,51199.219,51199.219,51199.219,51199.219,1GRFE ,0,Avail,Incmpl,Incmpl,Enable,0,OFF,OFF,OFF,OFF,ON,ON,Avail,Compl,Enable,Compl,CL,CL,Compl,Unable,Not Avl,Compl,Incmpl,Enable,OFF,80,15,479,ON,42.500,21.250,0.118,2600,15,21,-3,OFF,0,3.125,5.810,OFF,0,0,62,Avail,Compl,Enable,0,GRN2#  ,ON,0,Not Act,Not Act,0,0,0,0,21247.676,21247.676,Avail,Compl,Avail,Incmpl,Incmpl,Enable,OBD II (California ARB),OFF,OFF,0,0,0,1st,OFF,OFF,OFF,OFF,OFF,OFF,1.562,1.562,ON,OFF,900,0,OFF,OFF,OFF,ON,Gasoline,0.969,OFF,OFF,0.684,ON,0.781,15.686,13,0,0.801,0.781,2.363,0.801,0.918,2.031,47.451,0,15.686,24,0,0,OFF,ECT 5th,NA,OFF,97.878,97.900,15.686,0,Not Avl,0,0,0,0,ON,ON,0,0,0
329,0,13.945,Not Avl,Compl,Compl,Unable,OFF,Not Avl,Compl,Compl,Unable,OFF,39.062,39.062,32.500,33.125,19.531,39.551,15.686,31.765,0.781,1.582,ON,0,OFF,ON,ON,1.002,1.007,-0.012,-0.004,3.244,3.274,0,97,51199.219,13.710,25.490,OFF,OFF,OFF,OFF,OFF,OFF,OFF,Avail,Incmpl,Incmpl,Enable,Avail,484.100,173.200,484.100,173.200,ON,Avail,Compl,Enable,67,0,0,0,0,0,0,6,A,0,0,Avail,Incmpl,Incmpl,Enable,OFF,OFF,251,936.500,51199.219,51199.219,51199.219,51199.219,51199.219,51199.219,1GRFE ,0,Avail,Incmpl,Incmpl,Enable,0,OFF,OFF,OFF,OFF,ON,ON,Avail,Compl,Enable,Compl,CL,CL,Compl,Unable,Not Avl,Compl,Incmpl,Enable,OFF,80,15,499,ON,42.500,21.250,0.118,2592,15,21,-3,OFF,0,3.125,5.780,OFF,0,0,64,Avail,Compl,Enable,0,GRN2#  ,ON,0,Not Act,Not Act,0,0,0,0,21247.676,21247.676,Avail,Compl,Avail,Incmpl,Incmpl,Enable,OBD II (California ARB),OFF,OFF,0,0,0,1st,OFF,OFF,OFF,OFF,OFF,OFF,1.562,2.344,ON,OFF,900,0,OFF,OFF,OFF,ON,Gasoline,0.967,OFF,OFF,0.684,ON,1.172,15.686,17,0,0.781,0.781,2.363,0.781,0.918,2.031,47.451,0,15.686,24,0,0,OFF,ECT 5th,NA,OFF,97.878,97.878,15.294,0,Not Avl,0,0,0,0,ON,ON,0,0,0
330,0,13.962,Not Avl,Compl,Compl,Unable,OFF,Not Avl,Compl,Compl,Unable,OFF,39.062,39.062,32.500,33.125,19.531,39.551,15.686,31.765,0.781,1.582,ON,0,OFF,ON,ON,1.003,1.000,-0.027,-0.039,3.249,3.235,0,97,51199.219,13.710,25.490,OFF,OFF,OFF,OFF,OFF,OFF,OFF,Avail,Incmpl,Incmpl,Enable,Avail,484.100,173.200,484.100,173.200,ON,Avail,Compl,Enable,67,0,0,0,0,0,0,6,A,0,0,Avail,Incmpl,Incmpl,Enable,OFF,OFF,251,940.500,51199.219,51199.219,51199.219,51199.219,51199.219,51199.219,1GRFE ,0,Avail,Incmpl,Incmpl,Enable,0,OFF,OFF,OFF,OFF,ON,ON,Avail,Compl,Enable,Compl,CL,CL,Compl,Unable,Not Avl,Compl,Incmpl,Enable,OFF,80,15,521,ON,42.500,21.250,0.118,2578,15,21,-3,OFF,0,3.906,5.730,OFF,0,0,64,Avail,Compl,Enable,0,GRN2#  ,ON,0,Not Act,Not Act,0,0,0,0,21247.676,21247.676,Avail,Compl,Avail,Incmpl,Incmpl,Enable,OBD II (California ARB),OFF,OFF,0,0,0,1st,OFF,OFF,OFF,OFF,OFF,OFF,2.344,2.344,ON,OFF,900,0,OFF,OFF,OFF,ON,Gasoline,0.966,OFF,OFF,0.684,ON,0.781,15.686,14,0,0.801,0.781,2.363,0.801,0.918,2.031,47.451,0,15.686,24,0,0,OFF,ECT 5th,NA,OFF,97.878,97.878,15.294,0,Not Avl,0,0,0,0,ON,ON,0,0,0
331,0,13.965,Not Avl,Compl,Compl,Unable,OFF,Not Avl,Compl,Compl,Unable,OFF,39.062,39.062,32.500,33.125,19.531,39.551,15.686,31.765,0.781,1.582,ON,0,OFF,ON,ON,0.998,0.995,-0.043,-0.055,3.225,3.205,0,97,51199.219,13.710,25.098,OFF,OFF,OFF,OFF,OFF,OFF,OFF,Avail,Incmpl,Incmpl,Enable,Avail,484.100,173.200,484.100,173.200,ON,Avail,Compl,Enable,67,0,0,0,0,0,0,6,A,0,0,Avail,Incmpl,Incmpl,Enable,OFF,OFF,251,944.500,51199.219,51199.219,51199.219,51199.219,51199.219,51199.219,1GRFE ,0,Avail,Incmpl,Incmpl,Enable,0,OFF,OFF,OFF,OFF,ON,ON,Avail,Compl,Enable,Compl,CL,CL,Compl,Unable,Not Avl,Compl,Incmpl,Enable,OFF,80,15,540,ON,42.500,21.250,0.118,2571,15,21,-3,OFF,0,3.906,5.780,OFF,0,0,64,Avail,Compl,Enable,0,GRN2#  ,ON,0,Not Act,Not Act,0,0,0,0,21247.676,21247.676,Avail,Compl,Avail,Incmpl,Incmpl,Enable,OBD II (California ARB),OFF,OFF,0,0,0,1st,OFF,OFF,OFF,OFF,OFF,OFF,1.562,1.562,ON,OFF,900,0,OFF,OFF,OFF,ON,Gasoline,0.965,OFF,OFF,0.684,ON,0.781,15.686,13,0,0.781,0.781,2.363,0.781,0.918,2.031,47.451,0,15.686,24,0,0,OFF,ECT 5th,NA,OFF,97.878,97.878,15.294,0,Not Avl,0,0,0,0,ON,ON,0,0,0
332,0,13.965,Not Avl,Compl,Compl,Unable,OFF,Not Avl,Compl,Compl,Unable,OFF,39.062,39.062,32.500,33.125,19.531,39.551,15.686,31.765,0.781,1.582,ON,0,OFF,ON,ON,0.999,0.997,-0.039,-0.047,3.230,3.220,0,97,51199.219,13.710,25.490,OFF,OFF,OFF,OFF,OFF,OFF,OFF,Avail,Incmpl,Incmpl,Enable,Avail,484.100,173.700,484.100,173.700,ON,Avail,Compl,Enable,67,0,0,0,0,0,0,6,A,0,0,Avail,Incmpl,Incmpl,Enable,OFF,OFF,252,942.750,51199.219,51199.219,51199.219,51199.219,51199.219,51199.219,1GRFE ,0,Avail,Incmpl,Incmpl,Enable,0,OFF,OFF,OFF,OFF,ON,ON,Avail,Compl,Enable,Compl,CL,CL,Compl,Unable,Not Avl,Compl,Incmpl,Enable,OFF,80,15,557,ON,42.500,21.250,0.118,2582,15,21,-3,OFF,0,3.906,5.750,OFF,0,0,77,Avail,Compl,Enable,0,GRN2#  ,ON,0,Not Act,Not Act,0,0,0,0,21247.676,21247.676,Avail,Compl,Avail,Incmpl,Incmpl,Enable,OBD II (California ARB),OFF,OFF,0,0,0,1st,OFF,OFF,OFF,OFF,OFF,OFF,1.562,1.562,ON,OFF,900,0,OFF,OFF,OFF,ON,Gasoline,0.965,OFF,OFF,0.684,ON,0.391,15.686,7,0,0.781,0.781,2.363,0.781,0.918,2.031,47.451,0,15.686,24,0,0,OFF,ECT 5th,NA,OFF,97.878,97.900,15.294,0,Not Avl,0,0,0,0,ON,ON,0,0,0
333,0,13.961,Not Avl,Compl,Compl,Unable,OFF,Not Avl,Compl,Compl,Unable,OFF,48.438,44.531,32.500,33.125,19.531,39.551,15.686,31.765,0.781,1.582,ON,0,OFF,ON,ON,0.999,0.997,-0.039,-0.043,3.235,3.225,0,97,51199.219,13.710,25.490,OFF,OFF,OFF,OFF,OFF,OFF,OFF,Avail,Incmpl,Incmpl,Enable,Avail,484.100,173.700,484.100,173.700,ON,Avail,Compl,Enable,67,0,0,0,0,0,0,6,A,0,0,Avail,Incmpl,Incmpl,Enable,OFF,OFF,252,925,51199.219,51199.219,51199.219,51199.219,51199.219,51199.219,1GRFE ,0,Avail,Incmpl,Incmpl,Enable,0,OFF,OFF,OFF,OFF,ON,ON,Avail,Compl,Enable,Compl,CL,CL,Compl,Unable,Not Avl,Compl,Incmpl,Enable,OFF,80,15,572,ON,42.500,21.250,0.118,2604,15,21,-3,OFF,0,3.906,5.790,OFF,0,0,77,Avail,Compl,Enable,0,GRN2#  ,ON,0,Not Act,Not Act,0,0,0,0,21247.676,21247.676,Avail,Compl,Avail,Incmpl,Incmpl,Enable,OBD II (California ARB),OFF,OFF,0,0,0,1st,OFF,OFF,OFF,OFF,OFF,OFF,1.562,1.562,ON,OFF,900,0,OFF,OFF,OFF,ON,Gasoline,0.965,OFF,OFF,0.684,ON,0.859,16.078,12,0,0.781,0.781,2.363,0.781,0.918,2.031,47.451,0,15.686,24,0,0,OFF,ECT 5th,NA,OFF,97.878,97.878,15.686,0,Not Avl,0,0,0,0,ON,ON,0,0,0
334,0,13.947,Not Avl,Compl,Compl,Unable,OFF,Not Avl,Compl,Compl,Unable,OFF,55.469,53.906,32.500,33.125,19.531,39.551,15.686,31.765,0.781,1.582,ON,0,OFF,ON,ON,0.996,0.999,-0.055,-0.039,3.210,3.230,0,97,51199.219,13.710,25.490,OFF,OFF,OFF,OFF,OFF,OFF,OFF,Avail,Incmpl,Incmpl,Enable,Avail,484.100,173.700,484.100,173.700,ON,Avail,Compl,Enable,67,0,0,0,0,0,0,6,A,0,0,Avail,Incmpl,Incmpl,Enable,OFF,OFF,253,928,51199.219,51199.219,51199.219,51199.219,51199.219,51199.219,1GRFE ,0,Avail,Incmpl,Incmpl,Enable,0,OFF,OFF,OFF,OFF,ON,ON,Avail,Compl,Enable,Compl,CL,CL,Compl,Unable,Not Avl,Compl,Incmpl,Enable,OFF,80,15,591,ON,42.500,21.250,0.117,2596,15,21,-3,OFF,0,3.906,5.730,OFF,0,0,77,Avail,Compl,Enable,0,GRN2#  ,ON,0,Not Act,Not Act,0,0,0,0,21247.676,21247.676,Avail,Compl,Avail,Incmpl,Incmpl,Enable,OBD II (California ARB),OFF,OFF,0,0,0,1st,OFF,OFF,OFF,OFF,OFF,OFF,1.562,1.562,ON,OFF,900,0,OFF,OFF,OFF,ON,Gasoline,0.966,OFF,OFF,0.684,ON,1.172,16.078,17,0,0.781,0.781,2.363,0.781,0.918,2.031,47.451,0,15.686,24,0,0,OFF,ECT 5th,NA,OFF,97.878,97.878,15.294,0,Not Avl,0,0,0,0,ON,ON,0,0,0
335,0,13.964,Not Avl,Compl,Compl,Unable,OFF,Not Avl,Compl,Compl,Unable,OFF,58.594,57.812,32.500,33.125,19.531,39.551,15.686,31.765,0.781,1.582,ON,0,OFF,ON,ON,0.996,0.999,-0.051,-0.039,3.215,3.230,0,97,51199.219,13.710,25.490,OFF,OFF,OFF,OFF,OFF,OFF,OFF,Avail,Incmpl,Incmpl,Enable,Avail,484.100,174.300,484.100,174.300,ON,Avail,Compl,Enable,67,0,0,0,0,0,0,6,A,0,0,Avail,Incmpl,Incmpl,Enable,OFF,OFF,253,930.250,51199.219,51199.219,51199.219,51199.219,51199.219,51199.219,1GRFE ,0,Avail,Incmpl,Incmpl,Enable,0,OFF,OFF,OFF,OFF,ON,ON,Avail,Compl,Enable,Compl,CL,CL,Compl,Unable,Not Avl,Compl,Incmpl,Enable,OFF,80,15,7,ON,42.500,21.250,0.117,2604,15,21,-3,OFF,0,3.125,5.730,OFF,0,0,60,Avail,Compl,Enable,0,GRN2#  ,ON,0,Not Act,Not Act,0,0,0,0,21247.676,21247.676,Avail,Compl,Avail,Incmpl,Incmpl,Enable,OBD II (California ARB),OFF,OFF,0,0,0,1st,OFF,OFF,OFF,OFF,OFF,OFF,1.562,1.562,ON,OFF,900,0,OFF,OFF,OFF,ON,Gasoline,0.967,OFF,OFF,0.684,ON,0.938,15.686,14,0,0.781,0.781,2.363,0.781,0.918,2.031,47.451,0,15.686,24,0,0,OFF,ECT 5th,NA,OFF,97.878,97.900,15.294,0,Not Avl,0,0,0,0,ON,ON,0,0,0
336,0,13.964,Not Avl,Compl,Compl,Unable,OFF,Not Avl,Compl,Compl,Unable,OFF,53.906,53.906,32.500,33.125,19.531,39.551,15.686,31.765,0.781,1.582,ON,0,OFF,ON,ON,1.000,0.996,-0.039,-0.055,3.235,3.210,0,97,51199.219,13.710,25.490,OFF,OFF,OFF,OFF,OFF,OFF,OFF,Avail,Incmpl,Incmpl,Enable,Avail,484.100,174.300,484.100,174.300,ON,Avail,Compl,Enable,67,0,0,0,0,0,0,6,A,0,0,Avail,Incmpl,Incmpl,Enable,OFF,OFF,253,934.250,51199.219,51199.219,51199.219,51199.219,51199.219,51199.219,1GRFE ,0,Avail,Incmpl,Incmpl,Enable,0,OFF,OFF,OFF,OFF,ON,ON,Avail,Compl,Enable,Compl,CL,CL,Compl,Unable,Not Avl,Compl,Incmpl,Enable,OFF,80,15,24,ON,42.500,21.250,0.117,2586,15,21,-3,OFF,0,3.125,5.730,OFF,0,0,60,Avail,Compl,Enable,0,GRN2#  ,ON,0,Not Act,Not Act,0,0,0,0,21247.676,21247.676,Avail,Compl,Avail,Incmpl,Incmpl,Enable,OBD II (California ARB),OFF,OFF,0,0,0,1st,OFF,OFF,OFF,OFF,OFF,OFF,1.562,1.562,ON,OFF,900,0,OFF,OFF,OFF,ON,Gasoline,0.967,OFF,OFF,0.684,ON,0.781,15.686,12,0,0.801,0.781,2.363,0.801,0.918,2.031,47.451,0,15.686,24,0,0,OFF,ECT 5th,NA,OFF,97.878,97.900,15.294,0,Not Avl,0,0,0,0,ON,ON,0,0,0
337,0,13.944,Not Avl,Compl,Compl,Unable,OFF,Not Avl,Compl,Compl,Unable,OFF,44.531,44.531,32.500,33.125,19.531,39.551,15.686,31.765,0.781,1.582,ON,0,OFF,ON,ON,0.997,0.996,-0.047,-0.051,3.220,3.215,0,97,51199.219,13.710,25.490,OFF,OFF,OFF,OFF,OFF,OFF,OFF,Avail,Incmpl,Incmpl,Enable,Avail,484.200,174.900,484.200,174.900,ON,Avail,Compl,Enable,67,0,0,0,0,0,0,6,A,0,0,Avail,Incmpl,Incmpl,Enable,OFF,OFF,254,939,51199.219,51199.219,51199.219,51199.219,51199.219,51199.219,1GRFE ,0,Avail,Incmpl,Incmpl,Enable,0,OFF,OFF,OFF,OFF,ON,ON,Avail,Compl,Enable,Compl,CL,CL,Compl,Unable,Not Avl,Compl,Incmpl,Enable,OFF,80,15,43,ON,42.500,21.250,0.118,2604,15,21,-3,OFF,0,3.125,5.730,OFF,0,0,48,Avail,Compl,Enable,0,GRN2#  ,ON,0,Not Act,Not Act,0,0,0,0,21247.676,21247.676,Avail,Compl,Avail,Incmpl,Incmpl,Enable,OBD II (California ARB),OFF,OFF,0,0,0,1st,OFF,OFF,OFF,OFF,OFF,OFF,1.562,1.562,ON,OFF,900,0,OFF,OFF,OFF,ON,Gasoline,0.967,OFF,OFF,0.684,ON,1.172,15.686,18,0,0.781,0.781,2.363,0.781,0.918,2.031,47.451,0,15.686,24,0,0,OFF,ECT 5th,NA,OFF,97.878,97.878,15.294,0,Not Avl,0,0,0,0,ON,ON,0,0,0
338,0,13.965,Not Avl,Compl,Compl,Unable,OFF,Not Avl,Compl,Compl,Unable,OFF,40.625,40.625,32.500,33.125,19.531,39.551,15.686,31.765,0.781,1.582,ON,0,OFF,ON,ON,1.000,0.996,-0.039,-0.051,3.235,3.215,0,97,51199.219,13.710,25.490,OFF,OFF,OFF,OFF,OFF,OFF,OFF,Avail,Incmpl,Incmpl,Enable,Avail,484.200,174.900,484.200,174.900,ON,Avail,Compl,Enable,67,0,0,0,0,0,0,6,A,0,0,Avail,Incmpl,Incmpl,Enable,OFF,OFF,254,932,51199.219,51199.219,51199.219,51199.219,51199.219,51199.219,1GRFE ,0,Avail,Incmpl,Incmpl,Enable,0,OFF,OFF,OFF,OFF,ON,ON,Avail,Compl,Enable,Compl,CL,CL,Compl,Unable,Not Avl,Compl,Incmpl,Enable,OFF,80,15,63,ON,42.500,21.250,0.118,2582,15,21,-3,OFF,0,3.906,5.730,OFF,0,0,48,Avail,Compl,Enable,0,GRN2#  ,ON,0,Not Act,Not Act,0,0,0,0,21247.676,21247.676,Avail,Compl,Avail,Incmpl,Incmpl,Enable,OBD II (California ARB),OFF,OFF,0,0,0,1st,OFF,OFF,OFF,OFF,OFF,OFF,1.562,1.562,ON,OFF,900,0,OFF,OFF,OFF,ON,Gasoline,0.967,OFF,OFF,0.684,ON,0.781,16.078,9,0,0.801,0.781,2.363,0.801,0.918,2.031,47.451,0,15.686,24,0,0,OFF,ECT 5th,NA,OFF,97.878,97.900,15.294,0,Not Avl,0,0,0,0,ON,ON,0,0,0
339,0,13.965,Not Avl,Compl,Compl,Unable,OFF,Not Avl,Compl,Compl,Unable,OFF,39.062,39.062,32.500,33.125,19.531,39.551,15.686,31.765,0.781,1.582,ON,0,OFF,ON,ON,0.997,0.995,-0.047,-0.055,3.220,3.210,0,97,51199.219,13.710,25.490,OFF,OFF,OFF,OFF,OFF,OFF,OFF,Avail,Incmpl,Incmpl,Enable,Avail,484.200,174.900,484.200,174.900,ON,Avail,Compl,Enable,67,0,0,0,0,0,0,6,A,0,0,Avail,Incmpl,Incmpl,Enable,OFF,OFF,254,918.750,51199.219,51199.219,51199.219,51199.219,51199.219,51199.219,1GRFE ,0,Avail,Incmpl,Incmpl,Enable,0,OFF,OFF,OFF,OFF,ON,ON,Avail,Compl,Enable,Compl,CL,CL,Compl,Unable,Not Avl,Compl,Incmpl,Enable,OFF,80,15,79,ON,42.500,21.250,0.118,2593,15,21,-3,OFF,0,3.906,5.780,OFF,0,0,48,Avail,Compl,Enable,0,GRN2#  ,ON,0,Not Act,Not Act,0,0,0,0,21247.676,21247.676,Avail,Compl,Avail,Incmpl,Incmpl,Enable,OBD II (California ARB),OFF,OFF,0,0,0,1st,OFF,OFF,OFF,OFF,OFF,OFF,1.562,1.562,ON,OFF,900,0,OFF,OFF,OFF,ON,Gasoline,0.967,OFF,OFF,0.684,ON,0.703,16.078,11,0,0.781,0.781,2.363,0.781,0.918,2.031,47.451,0,15.686,24,0,0,OFF,ECT 5th,NA,OFF,97.878,97.900,15.686,0,Not Avl,0,0,0,0,ON,ON,0,0,0
340,0,13.949,Not Avl,Compl,Compl,Unable,OFF,Not Avl,Compl,Compl,Unable,OFF,39.062,39.062,32.500,33.125,19.531,39.551,15.686,31.765,0.781,1.582,ON,0,OFF,ON,ON,0.997,1.002,-0.043,-0.027,3.225,3.249,0,97,51199.219,13.710,25.882,OFF,OFF,OFF,OFF,OFF,OFF,OFF,Avail,Incmpl,Incmpl,Enable,Avail,484.200,175.500,484.200,175.500,ON,Avail,Compl,Enable,67,0,0,0,0,0,0,6,A,0,0,Avail,Incmpl,Incmpl,Enable,OFF,OFF,255,921,51199.219,51199.219,51199.219,51199.219,51199.219,51199.219,1GRFE ,0,Avail,Incmpl,Incmpl,Enable,0,OFF,OFF,OFF,OFF,ON,ON,Avail,Compl,Enable,Compl,CL,CL,Compl,Unable,Not Avl,Compl,Incmpl,Enable,OFF,80,15,99,ON,42.500,21.250,0.118,2618,15,21,-3,OFF,0,3.125,5.780,OFF,0,0,71,Avail,Compl,Enable,0,GRN2#  ,ON,0,Not Act,Not Act,0,0,0,0,21247.676,21247.676,Avail,Compl,Avail,Incmpl,Incmpl,Enable,OBD II (California ARB),OFF,OFF,0,0,0,1st,OFF,OFF,OFF,OFF,OFF,OFF,1.562,1.562,ON,OFF,900,0,OFF,OFF,OFF,ON,Gasoline,0.970,OFF,OFF,0.684,ON,0.938,15.686,14,0,0.781,0.781,2.363,0.781,0.918,2.031,47.451,0,15.686,24,0,0,OFF,ECT 5th,NA,OFF,97.878,97.900,15.686,0,Not Avl,0,0,0,0,ON,ON,0,0,0
341,0,13.962,Not Avl,Compl,Compl,Unable,OFF,Not Avl,Compl,Compl,Unable,OFF,39.062,39.062,32.500,33.125,19.531,39.551,15.686,31.765,0.781,1.582,ON,0,OFF,ON,ON,0.999,1.004,-0.039,-0.027,3.230,3.254,0,97,51199.219,13.710,25.882,OFF,OFF,OFF,OFF,OFF,OFF,OFF,Avail,Incmpl,Incmpl,Enable,Avail,484.200,175.500,484.200,175.500,ON,Avail,Compl,Enable,67,0,0,0,0,0,0,6,A,0,0,Avail,Incmpl,Incmpl,Enable,OFF,OFF,255,925,51199.219,51199.219,51199.219,51199.219,51199.219,51199.219,1GRFE ,0,Avail,Incmpl,Incmpl,Enable,0,OFF,OFF,OFF,OFF,ON,ON,Avail,Compl,Enable,Compl,CL,CL,Compl,Unable,Not Avl,Compl,Incmpl,Enable,OFF,80,15,118,ON,42.500,21.250,0.118,2604,15,21,-3,OFF,0,3.125,5.730,OFF,0,0,71,Avail,Compl,Enable,0,GRN2#  ,ON,0,Not Act,Not Act,0,0,0,0,21247.676,21247.676,Avail,Compl,Avail,Incmpl,Incmpl,Enable,OBD II (California ARB),OFF,OFF,0,0,0,1st,OFF,OFF,OFF,OFF,OFF,OFF,1.562,1.562,ON,OFF,900,0,OFF,OFF,OFF,ON,Gasoline,0.969,OFF,OFF,0.684,ON,0.547,15.686,8,0,0.781,0.781,2.363,0.781,0.918,2.031,47.451,0,15.686,24,0,0,OFF,ECT 5th,NA,OFF,97.878,97.900,15.686,0,Not Avl,0,0,0,0,ON,ON,0,0,0
342,0,13.964,Not Avl,Compl,Compl,Unable,OFF,Not Avl,Compl,Compl,Unable,OFF,39.062,39.062,32.500,33.125,19.531,39.551,15.686,31.765,0.781,1.582,ON,0,OFF,ON,ON,0.998,1.001,-0.047,-0.035,3.220,3.239,0,97,51199.219,13.710,25.882,OFF,OFF,OFF,OFF,OFF,OFF,OFF,Avail,Incmpl,Incmpl,Enable,Avail,484.200,175.500,484.200,175.500,ON,Avail,Compl,Enable,67,0,0,0,0,0,0,6,A,0,0,Avail,Incmpl,Incmpl,Enable,OFF,OFF,256,932.750,51199.219,51199.219,51199.219,51199.219,51199.219,51199.219,1GRFE ,0,Avail,Incmpl,Incmpl,Enable,0,OFF,OFF,OFF,OFF,ON,ON,Avail,Compl,Enable,Compl,CL,CL,Compl,Unable,Not Avl,Compl,Incmpl,Enable,OFF,80,15,136,ON,42.500,21.250,0.118,2593,15,21,-3,OFF,0,3.906,5.760,OFF,0,0,71,Avail,Compl,Enable,0,GRN2#  ,ON,0,Not Act,Not Act,0,0,0,0,21247.676,21247.676,Avail,Compl,Avail,Incmpl,Incmpl,Enable,OBD II (California ARB),OFF,OFF,0,0,0,1st,OFF,OFF,OFF,OFF,OFF,OFF,1.562,1.562,ON,OFF,900,0,OFF,OFF,OFF,ON,Gasoline,0.970,OFF,OFF,0.684,ON,0.938,15.686,15,0,0.781,0.781,2.363,0.781,0.918,2.031,47.451,0,15.686,24,0,0,OFF,ECT 5th,NA,OFF,97.878,97.900,15.294,0,Not Avl,0,0,0,0,ON,ON,0,0,0
343,0,13.964,Not Avl,Compl,Compl,Unable,OFF,Not Avl,Compl,Compl,Unable,OFF,39.062,39.062,32.500,33.125,19.531,39.551,15.686,31.765,0.781,1.582,ON,0,OFF,ON,ON,0.998,0.997,-0.043,-0.043,3.225,3.225,0,97,51199.219,13.710,25.490,OFF,OFF,OFF,OFF,OFF,OFF,OFF,Avail,Incmpl,Incmpl,Enable,Avail,484.200,176.100,484.200,176.100,ON,Avail,Compl,Enable,67,0,0,0,0,0,0,6,A,0,0,Avail,Incmpl,Incmpl,Enable,OFF,OFF,256,935,51199.219,51199.219,51199.219,51199.219,51199.219,51199.219,1GRFE ,0,Avail,Incmpl,Incmpl,Enable,0,OFF,OFF,OFF,OFF,ON,ON,Avail,Compl,Enable,Compl,CL,CL,Compl,Unable,Not Avl,Compl,Incmpl,Enable,OFF,80,15,156,ON,42.500,21.250,0.118,2589,15,21,-3,OFF,0,3.125,5.730,OFF,0,0,67,Avail,Compl,Enable,0,GRN2#  ,ON,0,Not Act,Not Act,0,0,0,0,21247.676,21247.676,Avail,Compl,Avail,Incmpl,Incmpl,Enable,OBD II (California ARB),OFF,OFF,0,0,0,1st,OFF,OFF,OFF,OFF,OFF,OFF,1.562,1.562,ON,OFF,900,0,OFF,OFF,OFF,ON,Gasoline,0.970,OFF,OFF,0.684,ON,0.938,15.686,13,0,0.781,0.781,2.363,0.781,0.918,2.031,47.451,0,15.686,24,0,0,OFF,ECT 5th,NA,OFF,97.878,97.900,15.294,0,Not Avl,0,0,0,0,ON,ON,0,0,0
344,0,13.964,Not Avl,Compl,Compl,Unable,OFF,Not Avl,Compl,Compl,Unable,OFF,39.062,39.062,32.500,33.125,19.531,39.551,15.686,31.765,0.781,1.582,ON,0,OFF,ON,ON,0.997,0.997,-0.047,-0.051,3.220,3.215,0,97,51199.219,13.710,25.490,OFF,OFF,OFF,OFF,OFF,OFF,OFF,Avail,Incmpl,Incmpl,Enable,Avail,484.200,176.100,484.200,176.100,ON,Avail,Compl,Enable,67,0,0,0,0,0,0,6,A,0,0,Avail,Incmpl,Incmpl,Enable,OFF,OFF,256,922.500,51199.219,51199.219,51199.219,51199.219,51199.219,51199.219,1GRFE ,0,Avail,Incmpl,Incmpl,Enable,0,OFF,OFF,OFF,OFF,ON,ON,Avail,Compl,Enable,Compl,CL,CL,Compl,Unable,Not Avl,Compl,Incmpl,Enable,OFF,80,15,175,ON,42.500,21.250,0.118,2578,15,21,-3,OFF,0,3.906,5.730,OFF,0,0,67,Avail,Compl,Enable,0,GRN2#  ,ON,0,Not Act,Not Act,0,0,0,0,21247.676,21247.676,Avail,Compl,Avail,Incmpl,Incmpl,Enable,OBD II (California ARB),OFF,OFF,0,0,0,1st,OFF,OFF,OFF,OFF,OFF,OFF,0.781,1.562,ON,OFF,900,0,OFF,OFF,OFF,ON,Gasoline,0.971,OFF,OFF,0.684,ON,0.859,16.078,13,0,0.781,0.781,2.363,0.781,0.918,2.031,47.451,0,15.686,24,0,0,OFF,ECT 5th,NA,OFF,97.878,97.900,15.686,0,Not Avl,0,0,0,0,ON,ON,0,0,0
345,0,13.965,Not Avl,Compl,Compl,Unable,OFF,Not Avl,Compl,Compl,Unable,OFF,39.062,39.062,32.500,33.125,19.531,39.551,15.686,31.765,0.781,1.582,ON,0,OFF,ON,ON,1.004,1.000,-0.027,-0.039,3.254,3.235,0,97,51199.219,13.710,25.882,OFF,OFF,OFF,OFF,OFF,OFF,OFF,Avail,Incmpl,Incmpl,Enable,Avail,484.200,176.700,484.200,176.700,ON,Avail,Compl,Enable,67,0,0,0,0,0,0,6,A,0,0,Avail,Incmpl,Incmpl,Enable,OFF,OFF,257,922.500,51199.219,51199.219,51199.219,51199.219,51199.219,51199.219,1GRFE ,0,Avail,Incmpl,Incmpl,Enable,0,OFF,OFF,OFF,OFF,ON,ON,Avail,Compl,Enable,Compl,CL,CL,Compl,Unable,Not Avl,Compl,Incmpl,Enable,OFF,80,15,198,ON,42.500,21.250,0.118,2607,15,21,-3,OFF,0,3.906,5.780,OFF,0,0,59,Avail,Compl,Enable,0,GRN2#  ,ON,0,Not Act,Not Act,0,0,0,0,21247.676,21247.676,Avail,Compl,Avail,Incmpl,Incmpl,Enable,OBD II (California ARB),OFF,OFF,0,0,0,1st,OFF,OFF,OFF,OFF,OFF,OFF,1.562,1.562,ON,OFF,900,0,OFF,OFF,OFF,ON,Gasoline,0.969,OFF,OFF,0.684,ON,0.703,15.686,10,0,0.781,0.781,2.363,0.781,0.918,2.031,47.451,0,15.686,24,0,0,OFF,ECT 5th,NA,OFF,97.878,97.900,15.686,0,Not Avl,0,0,0,0,ON,ON,0,0,0
346,0,13.945,Not Avl,Compl,Compl,Unable,OFF,Not Avl,Compl,Compl,Unable,OFF,44.531,39.062,32.500,33.125,19.531,39.551,15.686,31.765,0.781,1.582,ON,0,OFF,ON,ON,1.003,1.002,-0.012,-0.016,3.249,3.244,0,97,51199.219,13.710,25.882,OFF,OFF,OFF,OFF,OFF,OFF,OFF,Avail,Incmpl,Incmpl,Enable,Avail,484.200,176.700,484.200,176.700,ON,Avail,Compl,Enable,67,0,0,0,0,0,0,6,A,0,0,Avail,Incmpl,Incmpl,Enable,OFF,OFF,257,915.500,51199.219,51199.219,51199.219,51199.219,51199.219,51199.219,1GRFE ,0,Avail,Incmpl,Incmpl,Enable,0,OFF,OFF,OFF,OFF,ON,ON,Avail,Compl,Enable,Compl,CL,CL,Compl,Unable,Not Avl,Compl,Incmpl,Enable,OFF,80,15,216,ON,42.500,21.250,0.118,2625,15,21,-3,OFF,0,3.125,5.820,OFF,0,0,59,Avail,Compl,Enable,0,GRN2#  ,ON,0,Not Act,Not Act,0,0,0,0,21247.676,21247.676,Avail,Compl,Avail,Incmpl,Incmpl,Enable,OBD II (California ARB),OFF,OFF,0,0,0,1st,OFF,OFF,OFF,OFF,OFF,OFF,1.562,2.344,ON,OFF,900,0,OFF,OFF,OFF,ON,Gasoline,0.967,OFF,OFF,0.684,ON,1.172,15.686,17,0,0.781,0.781,2.363,0.781,0.918,2.031,47.451,0,15.686,24,0,0,OFF,ECT 5th,NA,OFF,97.878,97.878,16.078,0,Not Avl,0,0,0,0,ON,ON,0,0,0
347,0,13.960,Not Avl,Compl,Compl,Unable,OFF,Not Avl,Compl,Compl,Unable,OFF,55.469,39.062,32.500,33.125,19.531,39.551,15.686,31.765,0.781,1.582,ON,0,OFF,ON,ON,0.997,1.003,-0.047,-0.027,3.220,3.249,0,97,51199.219,13.710,25.882,OFF,OFF,OFF,OFF,OFF,OFF,OFF,Avail,Incmpl,Incmpl,Enable,Avail,484.200,177.300,484.200,177.300,ON,Avail,Compl,Enable,67,0,0,0,0,0,0,6,A,0,0,Avail,Incmpl,Incmpl,Enable,OFF,OFF,258,939,51199.219,51199.219,51199.219,51199.219,51199.219,51199.219,1GRFE ,0,Avail,Incmpl,Incmpl,Enable,0,OFF,OFF,OFF,OFF,ON,ON,Avail,Compl,Enable,Compl,CL,CL,Compl,Unable,Not Avl,Compl,Incmpl,Enable,OFF,80,15,238,ON,42.500,21.250,0.118,2596,15,21,-3,OFF,0,3.125,5.730,OFF,0,0,54,Avail,Compl,Enable,0,GRN2#  ,ON,0,Not Act,Not Act,0,0,0,0,21247.676,21247.676,Avail,Compl,Avail,Incmpl,Incmpl,Enable,OBD II (California ARB),OFF,OFF,0,0,0,1st,OFF,OFF,OFF,OFF,OFF,OFF,1.562,2.344,ON,OFF,900,0,OFF,OFF,OFF,ON,Gasoline,0.967,OFF,OFF,0.684,ON,1.016,15.686,14,0,0.781,0.781,2.363,0.781,0.918,2.031,47.451,0,15.686,24,0,0,OFF,ECT 5th,NA,OFF,97.878,97.878,15.294,0,Not Avl,0,0,0,0,ON,ON,0,0,0
348,0,13.960,Not Avl,Compl,Compl,Unable,OFF,Not Avl,Compl,Compl,Unable,OFF,58.594,44.531,32.500,33.125,19.531,39.551,15.686,31.765,0.781,1.582,ON,0,OFF,ON,ON,1.000,0.994,-0.039,-0.055,3.235,3.205,0,97,51199.219,13.710,25.490,OFF,OFF,OFF,OFF,OFF,OFF,OFF,Avail,Incmpl,Incmpl,Enable,Avail,484.200,177.300,484.200,177.300,ON,Avail,Compl,Enable,67,0,0,0,0,0,0,6,A,0,0,Avail,Incmpl,Incmpl,Enable,OFF,OFF,258,944.500,51199.219,51199.219,51199.219,51199.219,51199.219,51199.219,1GRFE ,0,Avail,Incmpl,Incmpl,Enable,0,OFF,OFF,OFF,OFF,ON,ON,Avail,Compl,Enable,Compl,CL,CL,Compl,Unable,Not Avl,Compl,Incmpl,Enable,OFF,80,15,258,ON,42.500,21.250,0.118,2586,15,21,-3,OFF,0,3.125,5.750,OFF,0,0,54,Avail,Compl,Enable,0,GRN2#  ,ON,0,Not Act,Not Act,0,0,0,0,21247.676,21247.676,Avail,Compl,Avail,Incmpl,Incmpl,Enable,OBD II (California ARB),OFF,OFF,0,0,0,1st,OFF,OFF,OFF,OFF,OFF,OFF,1.562,1.562,ON,OFF,900,0,OFF,OFF,OFF,ON,Gasoline,0.967,OFF,OFF,0.684,ON,1.016,15.686,16,0,0.781,0.781,2.363,0.781,0.918,2.031,47.451,0,15.686,24,0,0,OFF,ECT 5th,NA,OFF,97.878,97.900,15.294,0,Not Avl,0,0,0,0,ON,ON,0,0,0
349,0,13.954,Not Avl,Compl,Compl,Unable,OFF,Not Avl,Compl,Compl,Unable,OFF,50,48.438,32.500,33.125,19.531,39.551,15.686,31.765,0.781,1.582,ON,0,OFF,ON,ON,0.997,0.993,-0.047,-0.062,3.220,3.196,0,97,51199.219,13.710,25.098,OFF,OFF,OFF,OFF,OFF,OFF,OFF,Avail,Incmpl,Incmpl,Enable,Avail,484.200,177.300,484.200,177.300,ON,Avail,Compl,Enable,67,0,0,0,0,0,0,6,A,0,0,Avail,Incmpl,Incmpl,Enable,OFF,OFF,259,942,51199.219,51199.219,51199.219,51199.219,51199.219,51199.219,1GRFE ,0,Avail,Incmpl,Incmpl,Enable,0,OFF,OFF,OFF,OFF,ON,ON,Avail,Compl,Enable,Compl,CL,CL,Compl,Unable,Not Avl,Compl,Incmpl,Enable,OFF,80,15,278,ON,42.500,21.250,0.118,2564,15,21,-3,OFF,0,3.906,5.670,OFF,0,0,54,Avail,Compl,Enable,0,GRN2#  ,ON,0,Not Act,Not Act,0,0,0,0,21247.676,21247.676,Avail,Compl,Avail,Incmpl,Incmpl,Enable,OBD II (California ARB),OFF,OFF,0,0,0,1st,OFF,OFF,OFF,OFF,OFF,OFF,1.562,1.562,ON,OFF,900,0,OFF,OFF,OFF,ON,Gasoline,0.967,OFF,OFF,0.684,ON,1.094,16.078,17,0,0.781,0.781,2.363,0.781,0.918,2.031,47.451,0,15.686,24,0,0,OFF,ECT 5th,NA,OFF,97.878,97.878,14.902,0,Not Avl,0,0,0,0,ON,ON,0,0,0
350,0,13.964,Not Avl,Compl,Compl,Unable,OFF,Not Avl,Compl,Compl,Unable,OFF,41.406,57.031,32.500,33.125,19.531,39.551,15.686,31.765,0.781,1.582,ON,0,OFF,ON,ON,0.992,0.994,-0.066,-0.055,3.191,3.205,0,97,51199.219,13.710,25.098,OFF,OFF,OFF,OFF,OFF,OFF,OFF,Avail,Incmpl,Incmpl,Enable,Avail,484.200,177.800,484.200,177.800,ON,Avail,Compl,Enable,67,0,0,0,0,0,0,6,A,0,0,Avail,Incmpl,Incmpl,Enable,OFF,OFF,259,933.500,51199.219,51199.219,51199.219,51199.219,51199.219,51199.219,1GRFE ,0,Avail,Incmpl,Incmpl,Enable,0,OFF,OFF,OFF,OFF,ON,ON,Avail,Compl,Enable,Compl,CL,CL,Compl,Unable,Not Avl,Compl,Incmpl,Enable,OFF,80,15,298,ON,42.500,21.250,0.118,2564,15,21,-3,OFF,0,3.906,5.670,OFF,0,0,68,Avail,Compl,Enable,0,GRN2#  ,ON,0,Not Act,Not Act,0,0,0,0,21247.676,21247.676,Avail,Compl,Avail,Incmpl,Incmpl,Enable,OBD II (California ARB),OFF,OFF,0,0,0,1st,OFF,OFF,OFF,OFF,OFF,OFF,0.781,1.562,ON,OFF,900,0,OFF,OFF,OFF,ON,Gasoline,0.969,OFF,OFF,0.684,ON,0.781,15.686,12,0,0.781,0.781,2.363,0.781,0.918,2.031,47.451,0,15.686,24,0,0,OFF,ECT 5th,NA,OFF,97.878,97.900,15.294,0,Not Avl,0,0,0,0,ON,ON,0,0,0
351,0,13.964,Not Avl,Compl,Compl,Unable,OFF,Not Avl,Compl,Compl,Unable,OFF,39.844,48.438,32.500,33.125,19.531,39.551,15.686,31.765,0.781,1.582,ON,0,OFF,ON,ON,0.998,0.998,-0.027,-0.027,3.225,3.230,0,97,51199.219,13.710,25.490,OFF,OFF,OFF,OFF,OFF,OFF,OFF,Avail,Incmpl,Incmpl,Enable,Avail,484.200,177.800,484.200,177.800,ON,Avail,Compl,Enable,67,0,0,0,0,0,0,6,A,0,0,Avail,Incmpl,Incmpl,Enable,OFF,OFF,259,914.750,51199.219,51199.219,51199.219,51199.219,51199.219,51199.219,1GRFE ,0,Avail,Incmpl,Incmpl,Enable,0,OFF,OFF,OFF,OFF,ON,ON,Avail,Compl,Enable,Compl,CL,CL,Compl,Unable,Not Avl,Compl,Incmpl,Enable,OFF,80,15.500,314,ON,42.500,21.250,0.118,2593,15,21,-3,OFF,0,3.906,5.710,OFF,0,0,68,Avail,Compl,Enable,0,GRN2#  ,ON,0,Not Act,Not Act,0,0,0,0,21247.676,21247.676,Avail,Compl,Avail,Incmpl,Incmpl,Enable,OBD II (California ARB),OFF,OFF,0,0,0,1st,OFF,OFF,OFF,OFF,OFF,OFF,0.781,1.562,ON,OFF,850,0,OFF,OFF,OFF,ON,Gasoline,0.972,OFF,OFF,0.684,ON,0.625,15.686,9,0,0.801,0.781,2.363,0.801,0.918,2.031,47.451,0,15.686,24,0,0,OFF,ECT 5th,NA,OFF,97.878,97.900,15.686,0,Not Avl,0,0,0,0,ON,ON,0,0,0
352,0,13.965,Not Avl,Compl,Compl,Unable,OFF,Not Avl,Compl,Compl,Unable,OFF,39.062,42.188,32.500,33.125,19.531,39.551,15.686,31.765,0.781,1.582,ON,0,OFF,ON,ON,0.999,1.006,-0.039,-0.016,3.235,3.269,0,97,51199.219,13.710,25.882,OFF,OFF,OFF,OFF,OFF,OFF,OFF,Avail,Incmpl,Incmpl,Enable,Avail,484.200,177.800,484.200,177.800,ON,Avail,Compl,Enable,67,0,0,0,0,0,0,6,A,0,0,Avail,Incmpl,Incmpl,Enable,OFF,OFF,260,901.500,51199.219,51199.219,51199.219,51199.219,51199.219,51199.219,1GRFE ,0,Avail,Incmpl,Incmpl,Enable,0,OFF,OFF,OFF,OFF,ON,ON,Avail,Compl,Enable,Compl,CL,CL,Compl,Unable,Not Avl,Compl,Incmpl,Enable,OFF,80,15,330,ON,42.500,21.250,0.118,2633,15,21,-3,OFF,0,3.906,5.730,OFF,0,0,68,Avail,Compl,Enable,0,GRN2#  ,ON,0,Not Act,Not Act,0,0,0,0,21247.676,21247.676,Avail,Compl,Avail,Incmpl,Incmpl,Enable,OBD II (California ARB),OFF,OFF,0,0,0,1st,OFF,OFF,OFF,OFF,OFF,OFF,1.562,1.562,ON,OFF,850,0,OFF,OFF,OFF,ON,Gasoline,0.971,OFF,OFF,0.684,ON,0.859,16.078,14,0,0.781,0.781,2.363,0.781,0.918,2.031,47.451,0,15.686,24,0,0,OFF,ECT 5th,NA,OFF,97.878,97.900,16.078,0,Not Avl,0,0,0,0,ON,ON,0,0,0
353,0,13.947,Not Avl,Compl,Compl,Unable,OFF,Not Avl,Compl,Compl,Unable,OFF,39.062,39.844,32.500,33.125,19.531,39.551,15.686,31.765,0.781,1.582,ON,0,OFF,ON,ON,0.998,1.005,-0.027,-0.008,3.225,3.264,0,97,51199.219,13.710,25.882,OFF,OFF,OFF,OFF,OFF,OFF,OFF,Avail,Incmpl,Incmpl,Enable,Avail,484.200,178.400,484.200,178.400,ON,Avail,Compl,Enable,67,0,0,0,0,0,0,6,A,0,0,Avail,Incmpl,Incmpl,Enable,OFF,OFF,260,925,51199.219,51199.219,51199.219,51199.219,51199.219,51199.219,1GRFE ,0,Avail,Incmpl,Incmpl,Enable,0,OFF,OFF,OFF,OFF,ON,ON,Avail,Compl,Enable,Compl,CL,CL,Compl,Unable,Not Avl,Compl,Incmpl,Enable,OFF,80,15,350,ON,42.500,21.250,0.117,2615,15,21,-3,OFF,0,3.906,5.680,OFF,0,0,50,Avail,Compl,Enable,0,GRN2#  ,ON,0,Not Act,Not Act,0,0,0,0,21247.676,21247.676,Avail,Compl,Avail,Incmpl,Incmpl,Enable,OBD II (California ARB),OFF,OFF,0,0,0,1st,OFF,OFF,OFF,OFF,OFF,OFF,0.781,2.344,ON,OFF,900,0,OFF,OFF,OFF,ON,Gasoline,0.971,OFF,OFF,0.684,ON,1.094,15.686,17,0,0.781,0.781,2.363,0.781,0.918,2.031,47.451,0,15.686,24,0,0,OFF,ECT 5th,NA,OFF,97.878,97.878,15.294,0,Not Avl,0,0,0,0,ON,ON,0,0,0
354,0,13.965,Not Avl,Compl,Compl,Unable,OFF,Not Avl,Compl,Compl,Unable,OFF,39.062,39.062,32.500,33.125,19.531,39.551,15.686,31.765,0.781,1.582,ON,0,OFF,ON,ON,1.001,0.998,-0.039,-0.043,3.235,3.225,0,97,51199.219,13.710,25.490,OFF,OFF,OFF,OFF,OFF,OFF,OFF,Avail,Incmpl,Incmpl,Enable,Avail,484.200,178.400,484.200,178.400,ON,Avail,Compl,Enable,67,0,0,0,0,0,0,6,A,0,0,Avail,Incmpl,Incmpl,Enable,OFF,OFF,261,929.500,51199.219,51199.219,51199.219,51199.219,51199.219,51199.219,1GRFE ,0,Avail,Incmpl,Incmpl,Enable,0,OFF,OFF,OFF,OFF,ON,ON,Avail,Compl,Enable,Compl,CL,CL,Compl,Unable,Not Avl,Compl,Incmpl,Enable,OFF,80,15,368,ON,42.500,21.250,0.117,2593,15,21,-3,OFF,0,3.906,5.730,OFF,0,0,50,Avail,Compl,Enable,0,GRN2#  ,ON,0,Not Act,Not Act,0,0,0,0,21247.676,21247.676,Avail,Compl,Avail,Incmpl,Incmpl,Enable,OBD II (California ARB),OFF,OFF,0,0,0,1st,OFF,OFF,OFF,OFF,OFF,OFF,1.562,2.344,ON,OFF,900,0,OFF,OFF,OFF,ON,Gasoline,0.971,OFF,OFF,0.684,ON,0.859,15.686,12,0,0.781,0.781,2.363,0.781,0.918,2.031,47.451,0,15.686,24,0,0,OFF,ECT 5th,NA,OFF,97.878,97.900,15.294,0,Not Avl,0,0,0,0,ON,ON,0,0,0
355,0,13.965,Not Avl,Compl,Compl,Unable,OFF,Not Avl,Compl,Compl,Unable,OFF,39.062,39.062,32.500,33.125,19.531,39.551,15.686,31.765,0.781,1.582,ON,0,OFF,ON,ON,0.998,0.994,-0.039,-0.059,3.230,3.200,0,97,51199.219,13.710,25.490,OFF,OFF,OFF,OFF,OFF,OFF,OFF,Avail,Incmpl,Incmpl,Enable,Avail,484.200,179,484.200,179,ON,Avail,Compl,Enable,67,0,0,0,0,0,0,6,A,0,0,Avail,Incmpl,Incmpl,Enable,OFF,OFF,261,930.250,51199.219,51199.219,51199.219,51199.219,51199.219,51199.219,1GRFE ,0,Avail,Incmpl,Incmpl,Enable,0,OFF,OFF,OFF,OFF,ON,ON,Avail,Compl,Enable,Compl,CL,CL,Compl,Unable,Not Avl,Compl,Incmpl,Enable,OFF,80,15,383,ON,42.500,21.250,0.117,2589,15,21,-3,OFF,0,3.906,5.730,OFF,0,0,67,Avail,Compl,Enable,0,GRN2#  ,ON,0,Not Act,Not Act,0,0,0,0,21247.676,21247.676,Avail,Compl,Avail,Incmpl,Incmpl,Enable,OBD II (California ARB),OFF,OFF,0,0,0,1st,OFF,OFF,OFF,OFF,OFF,OFF,1.562,1.562,ON,OFF,900,0,OFF,OFF,OFF,ON,Gasoline,0.970,OFF,OFF,0.684,ON,0.703,15.686,12,0,0.781,0.781,2.363,0.781,0.918,2.031,47.451,0,15.686,24,0,0,OFF,ECT 5th,NA,OFF,97.878,97.900,15.294,0,Not Avl,0,0,0,0,ON,ON,0,0,0
356,0,13.945,Not Avl,Compl,Compl,Unable,OFF,Not Avl,Compl,Compl,Unable,OFF,39.062,39.062,32.500,33.125,19.531,39.551,15.686,31.765,0.781,1.582,ON,0,OFF,ON,ON,0.994,0.993,-0.059,-0.062,3.200,3.196,0,97,51199.219,13.710,25.490,OFF,OFF,OFF,OFF,OFF,OFF,OFF,Avail,Incmpl,Incmpl,Enable,Avail,484.200,179,484.200,179,ON,Avail,Compl,Enable,67,0,0,0,0,0,0,6,A,0,0,Avail,Incmpl,Incmpl,Enable,OFF,OFF,261,930.250,51199.219,51199.219,51199.219,51199.219,51199.219,51199.219,1GRFE ,0,Avail,Incmpl,Incmpl,Enable,0,OFF,OFF,OFF,OFF,ON,ON,Avail,Compl,Enable,Compl,CL,CL,Compl,Unable,Not Avl,Compl,Incmpl,Enable,OFF,80,15,405,ON,42.500,21.250,0.118,2582,15,21,-3,OFF,0,3.906,5.670,OFF,0,0,67,Avail,Compl,Enable,0,GRN2#  ,ON,0,Not Act,Not Act,0,0,0,0,21247.676,21247.676,Avail,Compl,Avail,Incmpl,Incmpl,Enable,OBD II (California ARB),OFF,OFF,0,0,0,1st,OFF,OFF,OFF,OFF,OFF,OFF,0.781,1.562,ON,OFF,900,0,OFF,OFF,OFF,ON,Gasoline,0.971,OFF,OFF,0.684,ON,1.094,15.686,16,0,0.781,0.781,2.363,0.781,0.918,2.031,47.451,0,15.686,24,0,0,OFF,ECT 5th,NA,OFF,97.878,97.878,15.294,0,Not Avl,0,0,0,0,ON,ON,0,0,0
357,0,13.964,Not Avl,Compl,Compl,Unable,OFF,Not Avl,Compl,Compl,Unable,OFF,39.062,39.062,32.500,33.125,19.531,39.551,15.686,31.765,0.781,1.582,ON,0,OFF,ON,ON,0.996,0.995,-0.051,-0.055,3.215,3.205,0,97,51199.219,13.710,25.490,OFF,OFF,OFF,OFF,OFF,OFF,OFF,Avail,Incmpl,Incmpl,Enable,Avail,484.200,179,484.200,179,ON,Avail,Compl,Enable,67,0,0,0,0,0,0,6,A,0,0,Avail,Incmpl,Incmpl,Enable,OFF,OFF,262,928.750,51199.219,51199.219,51199.219,51199.219,51199.219,51199.219,1GRFE ,0,Avail,Incmpl,Incmpl,Enable,0,OFF,OFF,OFF,OFF,ON,ON,Avail,Compl,Enable,Compl,CL,CL,Compl,Unable,Not Avl,Compl,Incmpl,Enable,OFF,80,15,425,ON,42.500,21.250,0.118,2571,15,21,-3,OFF,0,3.906,5.670,OFF,0,0,67,Avail,Compl,Enable,0,GRN2#  ,ON,0,Not Act,Not Act,0,0,0,0,21247.676,21247.676,Avail,Compl,Avail,Incmpl,Incmpl,Enable,OBD II (California ARB),OFF,OFF,0,0,0,1st,OFF,OFF,OFF,OFF,OFF,OFF,0.781,1.562,ON,OFF,900,0,OFF,OFF,OFF,ON,Gasoline,0.973,OFF,OFF,0.684,ON,0.781,15.686,13,0,0.781,0.781,2.363,0.781,0.918,2.031,47.451,0,15.686,24,0,0,OFF,ECT 5th,NA,OFF,97.878,97.900,15.294,0,Not Avl,0,0,0,0,ON,ON,0,0,0
358,0,13.964,Not Avl,Compl,Compl,Unable,OFF,Not Avl,Compl,Compl,Unable,OFF,39.062,39.062,32.500,33.125,19.531,39.551,15.686,31.765,0.781,1.582,ON,0,OFF,ON,ON,1.000,0.998,-0.035,-0.043,3.239,3.225,0,97,51199.219,13.710,25.490,OFF,OFF,OFF,OFF,OFF,OFF,OFF,Avail,Incmpl,Incmpl,Enable,Avail,484.200,179.600,484.200,179.600,ON,Avail,Compl,Enable,68,0,0,0,0,0,0,6,A,0,0,Avail,Incmpl,Incmpl,Enable,OFF,OFF,262,925.750,51199.219,51199.219,51199.219,51199.219,51199.219,51199.219,1GRFE ,0,Avail,Incmpl,Incmpl,Enable,0,OFF,OFF,OFF,OFF,ON,ON,Avail,Compl,Enable,Compl,CL,CL,Compl,Unable,Not Avl,Compl,Incmpl,Enable,OFF,80,15,444,ON,42.500,21.250,0.118,2571,15,21,-3,OFF,0,3.906,5.730,OFF,0,0,60,Avail,Compl,Enable,0,GRN2#  ,ON,0,Not Act,Not Act,0,0,0,0,21247.676,21247.676,Avail,Compl,Avail,Incmpl,Incmpl,Enable,OBD II (California ARB),OFF,OFF,0,0,0,1st,OFF,OFF,OFF,OFF,OFF,OFF,0.781,1.562,ON,OFF,900,0,OFF,OFF,OFF,ON,Gasoline,0.973,OFF,OFF,0.684,ON,0.938,15.686,14,0,0.781,0.781,2.363,0.781,0.918,2.031,47.451,0,15.686,24,0,0,OFF,ECT 5th,NA,OFF,97.878,97.900,15.686,0,Not Avl,0,0,0,0,ON,ON,0,0,0
359,0,13.965,Not Avl,Compl,Compl,Unable,OFF,Not Avl,Compl,Compl,Unable,OFF,51.562,39.062,32.500,33.125,19.531,39.551,15.686,31.765,0.781,1.582,ON,0,OFF,ON,ON,1.000,1.002,-0.039,-0.031,3.235,3.244,0,97,51199.219,13.730,25.490,OFF,OFF,OFF,OFF,OFF,OFF,OFF,Avail,Incmpl,Incmpl,Enable,Avail,484.200,179.600,484.200,179.600,ON,Avail,Compl,Enable,68,0,0,0,0,0,0,6,A,0,0,Avail,Incmpl,Incmpl,Enable,OFF,OFF,263,917.750,51199.219,51199.219,51199.219,51199.219,51199.219,51199.219,1GRFE ,0,Avail,Incmpl,Incmpl,Enable,0,OFF,OFF,OFF,OFF,ON,ON,Avail,Compl,Enable,Compl,CL,CL,Compl,Unable,Not Avl,Compl,Incmpl,Enable,OFF,80,15,465,ON,42.500,21.250,0.117,2604,15,21,-3,OFF,0,3.906,5.700,OFF,0,0,60,Avail,Compl,Enable,0,GRN2#  ,ON,0,Not Act,Not Act,0,0,0,0,21247.676,21247.676,Avail,Compl,Avail,Incmpl,Incmpl,Enable,OBD II (California ARB),OFF,OFF,0,0,0,1st,OFF,OFF,OFF,OFF,OFF,OFF,0.781,1.562,ON,OFF,900,0,OFF,OFF,OFF,ON,Gasoline,0.972,OFF,OFF,0.684,ON,0.703,15.686,12,0,0.781,0.781,2.363,0.781,0.918,2.031,47.451,0,15.686,24,0,0,OFF,ECT 5th,NA,OFF,97.878,97.878,15.686,0,Not Avl,0,0,0,0,ON,ON,0,0,0
360,0,13.945,Not Avl,Compl,Compl,Unable,OFF,Not Avl,Compl,Compl,Unable,OFF,57.812,44.531,32.500,33.125,19.531,39.551,15.686,31.765,0.781,1.582,ON,0,OFF,ON,ON,1.001,1.006,-0.035,-0.020,3.239,3.264,0,97,51199.219,13.710,25.882,OFF,OFF,OFF,OFF,OFF,OFF,OFF,Avail,Incmpl,Incmpl,Enable,Avail,484.200,180.100,484.200,180.100,ON,Avail,Compl,Enable,68,0,0,0,0,0,0,6,A,0,0,Avail,Incmpl,Incmpl,Enable,OFF,OFF,263,918.750,51199.219,51199.219,51199.219,51199.219,51199.219,51199.219,1GRFE ,0,Avail,Incmpl,Incmpl,Enable,0,OFF,OFF,OFF,OFF,ON,ON,Avail,Compl,Enable,Compl,CL,CL,Compl,Unable,Not Avl,Compl,Incmpl,Enable,OFF,80,15,486,ON,42.500,21.250,0.117,2586,15,21,-3,OFF,0,3.906,5.670,OFF,0,0,62,Avail,Compl,Enable,0,GRN2#  ,ON,0,Not Act,Not Act,0,0,0,0,21247.676,21247.676,Avail,Compl,Avail,Incmpl,Incmpl,Enable,OBD II (California ARB),OFF,OFF,0,0,0,1st,OFF,OFF,OFF,OFF,OFF,OFF,1.562,2.344,ON,OFF,900,0,OFF,OFF,OFF,ON,Gasoline,0.972,OFF,OFF,0.684,ON,1.172,15.686,17,0,0.781,0.781,2.363,0.781,0.918,2.031,47.451,0,15.686,24,0,0,OFF,ECT 5th,NA,OFF,97.878,97.878,15.294,0,Not Avl,0,0,0,0,ON,ON,0,0,0
361,0,13.944,Not Avl,Compl,Compl,Unable,OFF,Not Avl,Compl,Compl,Unable,OFF,53.906,53.906,32.500,33.125,19.531,39.551,15.686,31.765,0.781,1.582,ON,0,OFF,ON,ON,1.003,1.002,-0.027,-0.027,3.249,3.249,0,97,51199.219,13.710,25.490,OFF,OFF,OFF,OFF,OFF,OFF,OFF,Avail,Incmpl,Incmpl,Enable,Avail,484.200,180.100,484.200,180.100,ON,Avail,Compl,Enable,68,0,0,0,0,0,0,6,A,0,0,Avail,Incmpl,Incmpl,Enable,OFF,OFF,264,931.250,51199.219,51199.219,51199.219,51199.219,51199.219,51199.219,1GRFE ,0,Avail,Incmpl,Incmpl,Enable,0,OFF,OFF,OFF,OFF,ON,ON,Avail,Compl,Enable,Compl,CL,CL,Compl,Unable,Not Avl,Compl,Incmpl,Enable,OFF,80,15,508,ON,42.500,21.250,0.117,2582,15,21,-3,OFF,0,3.906,5.670,OFF,0,0,62,Avail,Compl,Enable,0,GRN2#  ,ON,0,Not Act,Not Act,0,0,0,0,21247.676,21247.676,Avail,Compl,Avail,Incmpl,Incmpl,Enable,OBD II (California ARB),OFF,OFF,0,0,0,1st,OFF,OFF,OFF,OFF,OFF,OFF,1.562,2.344,ON,OFF,900,0,OFF,OFF,OFF,ON,Gasoline,0.969,OFF,OFF,0.684,ON,1.094,15.686,15,0,0.781,0.781,2.363,0.781,0.918,2.031,47.451,0,15.686,24,0,0,OFF,ECT 5th,NA,OFF,97.878,97.878,15.294,0,Not Avl,0,0,0,0,ON,ON,0,0,0
362,0,13.964,Not Avl,Compl,Compl,Unable,OFF,Not Avl,Compl,Compl,Unable,OFF,46.094,58.594,32.500,33.125,19.531,39.551,15.686,31.765,0.781,1.582,ON,0,OFF,ON,ON,0.997,0.994,-0.047,-0.059,3.220,3.200,0,97,51199.219,13.710,25.490,OFF,OFF,OFF,OFF,OFF,OFF,OFF,Avail,Incmpl,Incmpl,Enable,Avail,484.200,180.700,484.200,180.700,ON,Avail,Compl,Enable,68,0,0,0,0,0,0,6,A,0,0,Avail,Incmpl,Incmpl,Enable,OFF,OFF,264,928,51199.219,51199.219,51199.219,51199.219,51199.219,51199.219,1GRFE ,0,Avail,Incmpl,Incmpl,Enable,0,OFF,OFF,OFF,OFF,ON,ON,Avail,Compl,Enable,Compl,CL,CL,Compl,Unable,Not Avl,Compl,Incmpl,Enable,OFF,80,15,531,ON,42.500,21.250,0.118,2560,15,21,-3,OFF,0,3.906,5.670,OFF,0,0,64,Avail,Compl,Enable,0,GRN2#  ,ON,0,Not Act,Not Act,0,0,0,0,21247.676,21247.676,Avail,Compl,Avail,Incmpl,Incmpl,Enable,OBD II (California ARB),OFF,OFF,0,0,0,1st,OFF,OFF,OFF,OFF,OFF,OFF,1.562,1.562,ON,OFF,900,0,OFF,OFF,OFF,ON,Gasoline,0.968,OFF,OFF,0.684,ON,0.703,15.686,10,0,0.801,0.781,2.363,0.801,0.918,2.031,47.451,0,15.686,24,0,0,OFF,ECT 5th,NA,OFF,97.878,97.878,15.294,0,Not Avl,0,0,0,0,ON,ON,0,0,0
363,0,13.950,Not Avl,Compl,Compl,Unable,OFF,Not Avl,Compl,Compl,Unable,OFF,40.625,43.750,32.500,33.125,19.531,39.551,15.686,31.765,0.781,1.582,ON,0,OFF,ON,ON,0.997,0.995,-0.047,-0.051,3.220,3.215,0,97,51199.219,13.710,25.882,OFF,OFF,OFF,OFF,OFF,OFF,OFF,Avail,Incmpl,Incmpl,Enable,Avail,484.200,180.700,484.200,180.700,ON,Avail,Compl,Enable,68,0,0,0,0,0,0,6,A,0,0,Avail,Incmpl,Incmpl,Enable,OFF,OFF,264,923.250,51199.219,51199.219,51199.219,51199.219,51199.219,51199.219,1GRFE ,0,Avail,Incmpl,Incmpl,Enable,0,OFF,OFF,OFF,OFF,ON,ON,Avail,Compl,Enable,Compl,CL,CL,Compl,Unable,Not Avl,Compl,Incmpl,Enable,OFF,80,15,553,ON,42.500,21.250,0.118,2596,15,21,-3,OFF,0,3.906,5.920,OFF,0,0,64,Avail,Compl,Enable,0,GRN2#  ,ON,0,Not Act,Not Act,0,0,0,0,21247.676,21247.676,Avail,Compl,Avail,Incmpl,Incmpl,Enable,OBD II (California ARB),OFF,OFF,0,0,0,1st,OFF,OFF,OFF,OFF,OFF,OFF,1.562,1.562,ON,OFF,900,0,OFF,OFF,OFF,ON,Gasoline,0.970,OFF,OFF,0.684,ON,1.172,15.686,18,0,0.781,0.801,2.383,0.781,0.918,2.031,47.451,0,15.686,24,0,0,OFF,ECT 5th,NA,OFF,97.878,97.878,16.078,0,Not Avl,0,0,0,0,ON,ON,0,0,0
364,0,13.958,Not Avl,Compl,Compl,Unable,OFF,Not Avl,Compl,Compl,Unable,OFF,39.062,40.625,32.500,33.125,19.531,39.551,15.686,31.765,0.781,1.582,ON,0,OFF,ON,ON,0.999,0.999,-0.043,-0.043,3.225,3.225,0,97,51199.219,13.710,25.490,OFF,OFF,OFF,OFF,OFF,OFF,OFF,Avail,Incmpl,Incmpl,Enable,Avail,484.200,181.200,484.200,181.200,ON,Avail,Compl,Enable,68,0,0,0,0,0,0,6,A,0,0,Avail,Incmpl,Incmpl,Enable,OFF,OFF,265,929.500,51199.219,51199.219,51199.219,51199.219,51199.219,51199.219,1GRFE ,0,Avail,Incmpl,Incmpl,Enable,0,OFF,OFF,OFF,OFF,ON,ON,Avail,Compl,Enable,Compl,CL,CL,Compl,Unable,Not Avl,Compl,Incmpl,Enable,OFF,80,15,576,ON,42.500,21.250,0.118,2567,15,21,-3,OFF,0,3.906,5.640,OFF,0,0,64,Avail,Compl,Enable,0,GRN2#  ,ON,0,Not Act,Not Act,0,0,0,0,21247.676,21247.676,Avail,Compl,Avail,Incmpl,Incmpl,Enable,OBD II (California ARB),OFF,OFF,0,0,0,1st,OFF,OFF,OFF,OFF,OFF,OFF,1.562,1.562,ON,OFF,900,0,OFF,OFF,OFF,ON,Gasoline,0.970,OFF,OFF,0.684,ON,0.703,15.686,14,0,0.781,0.781,2.363,0.781,0.918,2.031,47.451,0,15.686,24,0,0,OFF,ECT 5th,NA,OFF,97.878,97.900,15.294,0,Not Avl,0,0,0,0,ON,ON,0,0,0
365,0,13.958,Not Avl,Compl,Compl,Unable,OFF,Not Avl,Compl,Compl,Unable,OFF,39.062,39.062,32.500,33.125,19.531,39.551,15.686,31.765,0.781,1.582,ON,0,OFF,ON,ON,0.996,0.994,-0.047,-0.059,3.220,3.200,0,97,51199.219,13.710,25.490,OFF,OFF,OFF,OFF,OFF,OFF,OFF,Avail,Incmpl,Incmpl,Enable,Avail,484.200,181.200,484.200,181.200,ON,Avail,Compl,Enable,68,0,0,0,0,0,0,6,A,0,0,Avail,Incmpl,Incmpl,Enable,OFF,OFF,265,929.500,51199.219,51199.219,51199.219,51199.219,51199.219,51199.219,1GRFE ,0,Avail,Incmpl,Incmpl,Enable,0,OFF,OFF,OFF,OFF,ON,ON,Avail,Compl,Enable,Compl,CL,CL,Compl,Unable,Not Avl,Compl,Incmpl,Enable,OFF,80,15,595,ON,42.500,21.250,0.117,2578,15,21,-3,OFF,0,3.906,5.730,OFF,0,0,50,Avail,Compl,Enable,0,GRN2#  ,ON,0,Not Act,Not Act,0,0,0,0,21247.676,21247.676,Avail,Compl,Avail,Incmpl,Incmpl,Enable,OBD II (California ARB),OFF,OFF,0,0,0,1st,OFF,OFF,OFF,OFF,OFF,OFF,0.781,1.562,ON,OFF,900,0,OFF,OFF,OFF,ON,Gasoline,0.970,OFF,OFF,0.684,ON,1.094,15.686,16,0,0.781,0.781,2.363,0.781,0.918,2.031,47.451,0,15.686,24,0,0,OFF,ECT 5th,NA,OFF,97.878,97.900,15.294,0,Not Avl,0,0,0,0,ON,ON,0,0,0
366,0,13.965,Not Avl,Compl,Compl,Unable,OFF,Not Avl,Compl,Compl,Unable,OFF,39.062,39.062,32.500,33.125,19.531,39.551,15.686,31.765,0.781,1.582,ON,0,OFF,ON,ON,0.997,1.000,-0.047,-0.035,3.220,3.239,0,97,51199.219,13.710,25.490,OFF,OFF,OFF,OFF,OFF,OFF,OFF,Avail,Incmpl,Incmpl,Enable,Avail,484.200,181.200,484.200,181.200,ON,Avail,Compl,Enable,68,0,0,0,0,0,0,6,A,0,0,Avail,Incmpl,Incmpl,Enable,OFF,OFF,266,933.500,51199.219,51199.219,51199.219,51199.219,51199.219,51199.219,1GRFE ,0,Avail,Incmpl,Incmpl,Enable,0,OFF,OFF,OFF,OFF,ON,ON,Avail,Compl,Enable,Compl,CL,CL,Compl,Unable,Not Avl,Compl,Incmpl,Enable,OFF,80,15,12,ON,42.500,21.250,0.117,2560,15,21,-3,OFF,0,3.906,5.680,OFF,0,0,50,Avail,Compl,Enable,0,GRN2#  ,ON,0,Not Act,Not Act,0,0,0,0,21247.676,21247.676,Avail,Compl,Avail,Incmpl,Incmpl,Enable,OBD II (California ARB),OFF,OFF,0,0,0,1st,OFF,OFF,OFF,OFF,OFF,OFF,0.781,1.562,ON,OFF,900,0,OFF,OFF,OFF,ON,Gasoline,0.970,OFF,OFF,0.684,ON,0.938,15.686,13,0,0.781,0.781,2.363,0.781,0.918,2.031,47.451,0,15.686,24,0,0,OFF,ECT 5th,NA,OFF,97.878,97.878,15.294,0,Not Avl,0,0,0,0,ON,ON,0,0,0
367,0,13.960,Not Avl,Compl,Compl,Unable,OFF,Not Avl,Compl,Compl,Unable,OFF,39.062,39.062,32.500,33.125,19.531,39.551,15.686,31.765,0.781,1.582,ON,0,OFF,ON,ON,0.998,1.000,-0.047,-0.039,3.220,3.235,0,97,51199.219,13.710,25.490,OFF,OFF,OFF,OFF,OFF,OFF,OFF,Avail,Incmpl,Incmpl,Enable,Avail,484.200,181.800,484.200,181.800,ON,Avail,Compl,Enable,68,0,0,0,0,0,0,6,A,0,0,Avail,Incmpl,Incmpl,Enable,OFF,OFF,266,917.750,51199.219,51199.219,51199.219,51199.219,51199.219,51199.219,1GRFE ,0,Avail,Incmpl,Incmpl,Enable,0,OFF,OFF,OFF,OFF,ON,ON,Avail,Compl,Enable,Compl,CL,CL,Compl,Unable,Not Avl,Compl,Incmpl,Enable,OFF,80,15,30,ON,42.500,21.250,0.117,2578,15,21,-3,OFF,0,3.906,5.670,OFF,0,0,63,Avail,Compl,Enable,0,GRN2#  ,ON,0,Not Act,Not Act,0,0,0,0,21247.676,21247.676,Avail,Compl,Avail,Incmpl,Incmpl,Enable,OBD II (California ARB),OFF,OFF,0,0,0,1st,OFF,OFF,OFF,OFF,OFF,OFF,0.781,1.562,ON,OFF,900,0,OFF,OFF,OFF,ON,Gasoline,0.971,OFF,OFF,0.684,ON,0.781,16.078,12,0,0.781,0.781,2.363,0.781,0.918,2.031,47.451,0,15.686,24,0,0,OFF,ECT 5th,NA,OFF,97.878,97.900,15.294,0,Not Avl,0,0,0,0,ON,ON,0,0,0
368,0,13.964,Not Avl,Compl,Compl,Unable,OFF,Not Avl,Compl,Compl,Unable,OFF,39.062,39.062,32.500,33.125,19.531,39.551,15.686,31.765,0.781,1.582,ON,0,OFF,ON,ON,0.999,1.000,-0.039,-0.039,3.230,3.235,0,97,51199.219,13.710,25.490,OFF,OFF,OFF,OFF,OFF,OFF,OFF,Avail,Incmpl,Incmpl,Enable,Avail,484.200,181.800,484.200,181.800,ON,Avail,Compl,Enable,68,0,0,0,0,0,0,6,A,0,0,Avail,Incmpl,Incmpl,Enable,OFF,OFF,266,924,51199.219,51199.219,51199.219,51199.219,51199.219,51199.219,1GRFE ,0,Avail,Incmpl,Incmpl,Enable,0,OFF,OFF,OFF,OFF,ON,ON,Avail,Compl,Enable,Compl,CL,CL,Compl,Unable,Not Avl,Compl,Incmpl,Enable,OFF,80,15,45,ON,42.500,21.250,0.117,2571,15,21,-3,OFF,0,3.906,5.670,OFF,0,0,63,Avail,Compl,Enable,0,GRN2#  ,ON,0,Not Act,Not Act,0,0,0,0,21247.676,21247.676,Avail,Compl,Avail,Incmpl,Incmpl,Enable,OBD II (California ARB),OFF,OFF,0,0,0,1st,OFF,OFF,OFF,OFF,OFF,OFF,1.562,1.562,ON,OFF,900,0,OFF,OFF,OFF,ON,Gasoline,0.971,OFF,OFF,0.684,ON,0.781,15.686,13,0,0.781,0.781,2.363,0.781,0.918,2.031,47.451,0,15.686,24,0,0,OFF,ECT 5th,NA,OFF,97.878,97.900,15.294,0,Not Avl,0,0,0,0,ON,ON,0,0,0
369,0,13.944,Not Avl,Compl,Compl,Unable,OFF,Not Avl,Compl,Compl,Unable,OFF,39.062,39.062,32.500,33.125,19.531,39.551,15.686,31.765,0.781,1.582,ON,0,OFF,ON,ON,1.003,1.004,-0.027,-0.027,3.249,3.254,0,97,51199.219,13.710,25.490,OFF,OFF,OFF,OFF,OFF,OFF,OFF,Avail,Incmpl,Incmpl,Enable,Avail,484.200,181.800,484.200,181.800,ON,Avail,Compl,Enable,68,0,0,0,0,0,0,6,A,0,0,Avail,Incmpl,Incmpl,Enable,OFF,OFF,267,913.250,51199.219,51199.219,51199.219,51199.219,51199.219,51199.219,1GRFE ,0,Avail,Incmpl,Incmpl,Enable,0,OFF,OFF,OFF,OFF,ON,ON,Avail,Compl,Enable,Compl,CL,CL,Compl,Unable,Not Avl,Compl,Incmpl,Enable,OFF,80,15,60,ON,42.500,21.250,0.117,2593,15,21,-3,OFF,0,3.906,5.600,OFF,0,0,63,Avail,Compl,Enable,0,GRN2#  ,ON,0,Not Act,Not Act,0,0,0,0,21247.676,21247.676,Avail,Compl,Avail,Incmpl,Incmpl,Enable,OBD II (California ARB),OFF,OFF,0,0,0,1st,OFF,OFF,OFF,OFF,OFF,OFF,1.562,1.562,ON,OFF,900,0,OFF,OFF,OFF,ON,Gasoline,0.970,OFF,OFF,0.684,ON,1.250,15.686,17,0,0.781,0.781,2.363,0.781,0.918,2.031,47.451,0,15.686,24,0,0,OFF,ECT 5th,NA,OFF,97.878,97.900,15.294,0,Not Avl,0,0,0,0,ON,ON,0,0,0
370,0,13.964,Not Avl,Compl,Compl,Unable,OFF,Not Avl,Compl,Compl,Unable,OFF,39.062,39.062,32.500,33.125,19.531,39.551,15.686,31.765,0.781,1.582,ON,0,OFF,ON,ON,0.998,1.002,-0.043,-0.031,3.225,3.244,0,97,51199.219,13.710,25.490,OFF,OFF,OFF,OFF,OFF,OFF,OFF,Avail,Incmpl,Incmpl,Enable,Avail,484.200,182.300,484.200,182.300,ON,Avail,Compl,Enable,68,0,0,0,0,0,0,6,A,0,0,Avail,Incmpl,Incmpl,Enable,OFF,OFF,267,911.500,51199.219,51199.219,51199.219,51199.219,51199.219,51199.219,1GRFE ,0,Avail,Incmpl,Incmpl,Enable,0,OFF,OFF,OFF,OFF,ON,ON,Avail,Compl,Enable,Compl,CL,CL,Compl,Unable,Not Avl,Compl,Incmpl,Enable,OFF,80,15,76,ON,42.500,21.250,0.117,2596,15,21,-3,OFF,0,3.906,5.620,OFF,0,0,67,Avail,Compl,Enable,0,GRN2#  ,ON,0,Not Act,Not Act,0,0,0,0,21247.676,21247.676,Avail,Compl,Avail,Incmpl,Incmpl,Enable,OBD II (California ARB),OFF,OFF,0,0,0,1st,OFF,OFF,OFF,OFF,OFF,OFF,1.562,2.344,ON,OFF,850,0,OFF,OFF,OFF,ON,Gasoline,0.970,OFF,OFF,0.684,ON,0.781,15.686,12,0,0.781,0.781,2.363,0.781,0.918,2.031,47.451,0,15.686,24,0,0,OFF,ECT 5th,NA,OFF,97.878,97.878,15.294,0,Not Avl,0,0,0,0,ON,ON,0,0,0
371,0,13.945,Not Avl,Compl,Compl,Unable,OFF,Not Avl,Compl,Compl,Unable,OFF,39.062,39.062,32.500,33.125,19.531,39.551,15.686,31.765,0.781,1.582,ON,0,OFF,ON,ON,0.998,0.998,-0.043,-0.043,3.225,3.225,0,97,51199.219,13.710,25.882,OFF,OFF,OFF,OFF,OFF,OFF,OFF,Avail,Incmpl,Incmpl,Enable,Avail,484.200,182.300,484.200,182.300,ON,Avail,Compl,Enable,68,0,0,0,0,0,0,6,A,0,0,Avail,Incmpl,Incmpl,Enable,OFF,OFF,267,925,51199.219,51199.219,51199.219,51199.219,51199.219,51199.219,1GRFE ,0,Avail,Incmpl,Incmpl,Enable,0,OFF,OFF,OFF,OFF,ON,ON,Avail,Compl,Enable,Compl,CL,CL,Compl,Unable,Not Avl,Compl,Incmpl,Enable,OFF,80,15,92,ON,42.500,21.250,0.117,2596,15,21,-3,OFF,0,3.906,5.670,OFF,0,0,67,Avail,Compl,Enable,0,GRN2#  ,ON,0,Not Act,Not Act,0,0,0,0,21247.676,21247.676,Avail,Compl,Avail,Incmpl,Incmpl,Enable,OBD II (California ARB),OFF,OFF,0,0,0,1st,OFF,OFF,OFF,OFF,OFF,OFF,1.562,2.344,ON,OFF,900,0,OFF,OFF,OFF,ON,Gasoline,0.970,OFF,OFF,0.684,ON,1.016,15.686,13,0,0.781,0.781,2.363,0.781,0.918,2.031,47.451,0,15.686,24,0,0,OFF,ECT 5th,NA,OFF,97.878,97.900,15.294,0,Not Avl,0,0,0,0,ON,ON,0,0,0
372,0,13.945,Not Avl,Compl,Compl,Unable,OFF,Not Avl,Compl,Compl,Unable,OFF,51.562,39.062,32.500,33.125,19.531,39.551,15.686,31.765,0.781,1.582,ON,0,OFF,ON,ON,0.998,0.998,-0.027,-0.031,3.225,3.225,0,97,51199.219,13.710,25.490,OFF,OFF,OFF,OFF,OFF,OFF,OFF,Avail,Incmpl,Incmpl,Enable,Avail,484.200,182.300,484.200,182.300,ON,Avail,Compl,Enable,68,0,0,0,0,0,0,6,A,0,0,Avail,Incmpl,Incmpl,Enable,OFF,OFF,268,919.500,51199.219,51199.219,51199.219,51199.219,51199.219,51199.219,1GRFE ,0,Avail,Incmpl,Incmpl,Enable,0,OFF,OFF,OFF,OFF,ON,ON,Avail,Compl,Enable,Compl,CL,CL,Compl,Unable,Not Avl,Compl,Incmpl,Enable,OFF,80,15,109,ON,42.500,21.250,0.118,2578,15,21,-3,OFF,0,3.906,5.600,OFF,0,0,67,Avail,Compl,Enable,0,GRN2#  ,ON,0,Not Act,Not Act,0,0,0,0,21247.676,21247.676,Avail,Compl,Avail,Incmpl,Incmpl,Enable,OBD II (California ARB),OFF,OFF,0,0,0,1st,OFF,OFF,OFF,OFF,OFF,OFF,1.562,2.344,ON,OFF,900,0,OFF,OFF,OFF,ON,Gasoline,0.970,OFF,OFF,0.684,ON,0.938,15.686,17,0,0.781,0.781,2.363,0.781,0.918,2.031,47.451,0,15.686,24,0,0,OFF,ECT 5th,NA,OFF,97.878,97.900,15.294,0,Not Avl,0,0,0,0,ON,ON,0,0,0
373,0,13.960,Not Avl,Compl,Compl,Unable,OFF,Not Avl,Compl,Compl,Unable,OFF,57.031,39.062,32.500,33.125,19.531,39.551,15.686,31.765,0.781,1.582,ON,0,OFF,ON,ON,0.996,0.999,-0.051,-0.039,3.215,3.235,0,97,51199.219,13.710,25.490,OFF,OFF,OFF,OFF,OFF,OFF,OFF,Avail,Incmpl,Incmpl,Enable,Avail,484.200,182.900,484.200,182.900,ON,Avail,Compl,Enable,68,0,0,0,0,0,0,6,A,0,0,Avail,Incmpl,Incmpl,Enable,OFF,OFF,268,918.750,51199.219,51199.219,51199.219,51199.219,51199.219,51199.219,1GRFE ,0,Avail,Incmpl,Incmpl,Enable,0,OFF,OFF,OFF,OFF,ON,ON,Avail,Compl,Enable,Compl,CL,CL,Compl,Unable,Not Avl,Compl,Incmpl,Enable,OFF,80,15,128,ON,42.500,21.250,0.118,2575,15,21,-3,OFF,0,3.906,5.670,OFF,0,0,57,Avail,Compl,Enable,0,GRN2#  ,ON,0,Not Act,Not Act,0,0,0,0,21247.676,21247.676,Avail,Compl,Avail,Incmpl,Incmpl,Enable,OBD II (California ARB),OFF,OFF,0,0,0,1st,OFF,OFF,OFF,OFF,OFF,OFF,0.781,1.562,ON,OFF,850,0,OFF,OFF,OFF,ON,Gasoline,0.971,OFF,OFF,0.684,ON,0.703,15.686,10,0,0.801,0.781,2.363,0.801,0.918,2.031,47.451,0,15.686,24,0,0,OFF,ECT 5th,NA,OFF,97.878,97.878,15.294,0,Not Avl,0,0,0,0,ON,ON,0,0,0
374,0,13.945,Not Avl,Compl,Compl,Unable,OFF,Not Avl,Compl,Compl,Unable,OFF,59.375,48.438,32.500,33.125,19.531,39.551,15.686,31.765,0.781,1.582,ON,0,OFF,ON,ON,1.000,1.001,-0.039,-0.031,3.235,3.244,0,97,51199.219,13.710,25.882,OFF,OFF,OFF,OFF,OFF,OFF,OFF,Avail,Incmpl,Incmpl,Enable,Avail,484.200,182.900,484.200,182.900,ON,Avail,Compl,Enable,68,0,0,0,0,0,0,6,A,0,0,Avail,Incmpl,Incmpl,Enable,OFF,OFF,269,911.500,51199.219,51199.219,51199.219,51199.219,51199.219,51199.219,1GRFE ,0,Avail,Incmpl,Incmpl,Enable,0,OFF,OFF,OFF,OFF,ON,ON,Avail,Compl,Enable,Compl,CL,CL,Compl,Unable,Not Avl,Compl,Incmpl,Enable,OFF,80,15,146,ON,42.500,21.250,0.118,2589,15,21,-3,OFF,0,3.906,5.620,OFF,0,0,57,Avail,Compl,Enable,0,GRN2#  ,ON,0,Not Act,Not Act,0,0,0,0,21247.676,21247.676,Avail,Compl,Avail,Incmpl,Incmpl,Enable,OBD II (California ARB),OFF,OFF,0,0,0,1st,OFF,OFF,OFF,OFF,OFF,OFF,1.562,2.344,ON,OFF,850,0,OFF,OFF,OFF,ON,Gasoline,0.971,OFF,OFF,0.684,ON,1.016,15.686,14,0,0.781,0.781,2.363,0.781,0.918,2.031,47.451,0,15.686,24,0,0,OFF,ECT 5th,NA,OFF,97.878,97.878,15.294,0,Not Avl,0,0,0,0,ON,ON,0,0,0
375,0,13.964,Not Avl,Compl,Compl,Unable,OFF,Not Avl,Compl,Compl,Unable,OFF,46.875,48.438,32.500,33.125,19.531,39.551,15.686,31.765,0.781,1.582,ON,0,OFF,ON,ON,0.998,1.002,-0.043,-0.031,3.225,3.244,0,97,51199.219,13.710,25.882,OFF,OFF,OFF,OFF,OFF,OFF,OFF,Avail,Incmpl,Incmpl,Enable,Avail,484.200,182.900,484.200,182.900,ON,Avail,Compl,Enable,68,0,0,0,0,0,0,6,A,0,0,Avail,Incmpl,Incmpl,Enable,OFF,OFF,269,914.750,51199.219,51199.219,51199.219,51199.219,51199.219,51199.219,1GRFE ,0,Avail,Incmpl,Incmpl,Enable,0,OFF,OFF,OFF,OFF,ON,ON,Avail,Compl,Enable,Compl,CL,CL,Compl,Unable,Not Avl,Compl,Incmpl,Enable,OFF,80,15,165,ON,42.500,21.250,0.117,2593,15,21,-3,OFF,0,3.906,5.640,OFF,0,0,57,Avail,Compl,Enable,0,GRN2#  ,ON,0,Not Act,Not Act,0,0,0,0,21247.676,21247.676,Avail,Compl,Avail,Incmpl,Incmpl,Enable,OBD II (California ARB),OFF,OFF,0,0,0,1st,OFF,OFF,OFF,OFF,OFF,OFF,1.562,2.344,ON,OFF,850,0,OFF,OFF,OFF,ON,Gasoline,0.970,OFF,OFF,0.684,ON,0.859,15.686,15,0,0.781,0.781,2.363,0.781,0.918,2.031,47.451,0,15.686,24,0,0,OFF,ECT 5th,NA,OFF,97.878,97.900,15.294,0,Not Avl,0,0,0,0,ON,ON,0,0,0
376,0,13.964,Not Avl,Compl,Compl,Unable,OFF,Not Avl,Compl,Compl,Unable,OFF,41.406,55.469,32.500,33.125,19.531,39.551,15.686,31.765,0.781,1.582,ON,0,OFF,ON,ON,0.997,0.999,-0.043,-0.039,3.225,3.230,0,97,51199.219,13.710,25.490,OFF,OFF,OFF,OFF,OFF,OFF,OFF,Avail,Incmpl,Incmpl,Enable,Avail,484.100,183.400,484.100,183.400,ON,Avail,Compl,Enable,68,0,0,0,0,0,0,6,A,0,0,Avail,Incmpl,Incmpl,Enable,OFF,OFF,269,921,51199.219,51199.219,51199.219,51199.219,51199.219,51199.219,1GRFE ,0,Avail,Incmpl,Incmpl,Enable,0,OFF,OFF,OFF,OFF,ON,ON,Avail,Compl,Enable,Compl,CL,CL,Compl,Unable,Not Avl,Compl,Incmpl,Enable,OFF,80,15,184,ON,42.500,21.250,0.117,2578,15,21,-3,OFF,0,3.906,5.600,OFF,0,0,57,Avail,Compl,Enable,0,GRN2#  ,ON,0,Not Act,Not Act,0,0,0,0,21247.676,21247.676,Avail,Compl,Avail,Incmpl,Incmpl,Enable,OBD II (California ARB),OFF,OFF,0,0,0,1st,OFF,OFF,OFF,OFF,OFF,OFF,1.562,2.344,ON,OFF,900,0,OFF,OFF,OFF,ON,Gasoline,0.971,OFF,OFF,0.684,ON,0.859,15.686,14,0,0.781,0.781,2.363,0.781,0.918,2.031,47.451,0,15.686,24,0,0,OFF,ECT 5th,NA,OFF,97.878,97.900,15.294,0,Not Avl,0,0,0,0,ON,ON,0,0,0
377,0,13.949,Not Avl,Compl,Compl,Unable,OFF,Not Avl,Compl,Compl,Unable,OFF,39.062,53.125,32.500,33.125,19.531,39.551,15.686,31.765,0.781,1.582,ON,0,OFF,ON,ON,1.002,0.995,-0.031,-0.055,3.244,3.210,0,97,51199.219,13.710,25.490,OFF,OFF,OFF,OFF,OFF,OFF,OFF,Avail,Incmpl,Incmpl,Enable,Avail,484.100,183.400,484.100,183.400,ON,Avail,Compl,Enable,68,0,0,0,0,0,0,6,A,0,0,Avail,Incmpl,Incmpl,Enable,OFF,OFF,270,921.750,51199.219,51199.219,51199.219,51199.219,51199.219,51199.219,1GRFE ,0,Avail,Incmpl,Incmpl,Enable,0,OFF,OFF,OFF,OFF,ON,ON,Avail,Compl,Enable,Compl,CL,CL,Compl,Unable,Not Avl,Compl,Incmpl,Enable,OFF,80,15,202,ON,42.500,21.250,0.117,2571,15,21,-3,OFF,0,3.906,5.670,OFF,0,0,57,Avail,Compl,Enable,0,GRN2#  ,ON,0,Not Act,Not Act,0,0,0,0,21247.676,21247.676,Avail,Compl,Avail,Incmpl,Incmpl,Enable,OBD II (California ARB),OFF,OFF,0,0,0,1st,OFF,OFF,OFF,OFF,OFF,OFF,1.562,1.562,ON,OFF,900,0,OFF,OFF,OFF,ON,Gasoline,0.971,OFF,OFF,0.684,ON,0.938,15.686,11,0,0.781,0.781,2.363,0.781,0.918,2.031,47.451,0,15.686,24,0,0,OFF,ECT 5th,NA,OFF,97.878,97.900,15.294,0,Not Avl,0,0,0,0,ON,ON,0,0,0
378,0,13.945,Not Avl,Compl,Compl,Unable,OFF,Not Avl,Compl,Compl,Unable,OFF,39.062,42.188,32.500,33.125,19.531,39.551,15.686,31.765,0.781,1.582,ON,0,OFF,ON,ON,0.998,0.995,-0.043,-0.055,3.225,3.210,0,97,51199.219,13.710,25.490,OFF,OFF,OFF,OFF,OFF,OFF,OFF,Avail,Incmpl,Incmpl,Enable,Avail,484.100,184,484.100,184,ON,Avail,Compl,Enable,68,0,0,0,0,0,0,6,A,0,0,Avail,Incmpl,Incmpl,Enable,OFF,OFF,270,921,51199.219,51199.219,51199.219,51199.219,51199.219,51199.219,1GRFE ,0,Avail,Incmpl,Incmpl,Enable,0,OFF,OFF,OFF,OFF,ON,ON,Avail,Compl,Enable,Compl,CL,CL,Compl,Unable,Not Avl,Compl,Incmpl,Enable,OFF,80,15,222,ON,42.500,21.250,0.117,2567,15,21,-3,OFF,0,3.906,5.620,OFF,0,0,62,Avail,Compl,Enable,0,GRN2#  ,ON,0,Not Act,Not Act,0,0,0,0,21247.676,21247.676,Avail,Compl,Avail,Incmpl,Incmpl,Enable,OBD II (California ARB),OFF,OFF,0,0,0,1st,OFF,OFF,OFF,OFF,OFF,OFF,1.562,1.562,ON,OFF,900,0,OFF,OFF,OFF,ON,Gasoline,0.970,OFF,OFF,0.684,ON,1.094,16.078,17,0,0.781,0.781,2.363,0.781,0.918,2.031,47.451,0,15.686,24,0,0,OFF,ECT 5th,NA,OFF,97.878,97.878,15.294,0,Not Avl,0,0,0,0,ON,ON,0,0,0
379,0,13.945,Not Avl,Compl,Compl,Unable,OFF,Not Avl,Compl,Compl,Unable,OFF,39.062,39.062,32.500,33.125,19.531,39.551,15.686,31.765,0.781,1.582,ON,0,OFF,ON,ON,0.999,1.002,-0.039,-0.031,3.230,3.244,0,97,51199.219,13.710,25.490,OFF,OFF,OFF,OFF,OFF,OFF,OFF,Avail,Incmpl,Incmpl,Enable,Avail,484.100,184,484.100,184,ON,Avail,Compl,Enable,68,0,0,0,0,0,0,6,A,0,0,Avail,Incmpl,Incmpl,Enable,OFF,OFF,271,907.750,51199.219,51199.219,51199.219,51199.219,51199.219,51199.219,1GRFE ,0,Avail,Incmpl,Incmpl,Enable,0,OFF,OFF,OFF,OFF,ON,ON,Avail,Compl,Enable,Compl,CL,CL,Compl,Unable,Not Avl,Compl,Incmpl,Enable,OFF,80,15,246,ON,42.500,21.250,0.117,2578,15,21,-3,OFF,0,3.906,5.620,OFF,0,0,62,Avail,Compl,Enable,0,GRN2#  ,ON,0,Not Act,Not Act,0,0,0,0,21247.676,21247.676,Avail,Compl,Avail,Incmpl,Incmpl,Enable,OBD II (California ARB),OFF,OFF,0,0,0,1st,OFF,OFF,OFF,OFF,OFF,OFF,1.562,2.344,ON,OFF,850,0,OFF,OFF,OFF,ON,Gasoline,0.970,OFF,OFF,0.684,ON,0.938,15.686,14,0,0.781,0.781,2.363,0.781,0.918,2.031,47.451,0,15.686,24,0,0,OFF,ECT 5th,NA,OFF,97.878,97.900,15.686,0,Not Avl,0,0,0,0,ON,ON,0,0,0
380,0,13.944,Not Avl,Compl,Compl,Unable,OFF,Not Avl,Compl,Compl,Unable,OFF,39.062,39.062,32.500,33.125,19.531,39.551,15.686,31.765,0.781,1.582,ON,0,OFF,ON,ON,1.001,1.003,-0.031,-0.027,3.244,3.249,0,97,51199.219,13.710,25.490,OFF,OFF,OFF,OFF,OFF,OFF,OFF,Avail,Incmpl,Incmpl,Enable,Avail,484.100,184.500,484.100,184.500,ON,Avail,Compl,Enable,68,0,0,0,0,0,0,6,A,0,0,Avail,Incmpl,Incmpl,Enable,OFF,OFF,271,920.250,51199.219,51199.219,51199.219,51199.219,51199.219,51199.219,1GRFE ,0,Avail,Incmpl,Incmpl,Enable,0,OFF,OFF,OFF,OFF,ON,ON,Avail,Compl,Enable,Compl,CL,CL,Compl,Unable,Not Avl,Compl,Incmpl,Enable,OFF,80,15,266,ON,42.500,21.250,0.117,2582,15,21,-3,OFF,0,3.906,5.670,OFF,0,0,71,Avail,Compl,Enable,0,GRN2#  ,ON,0,Not Act,Not Act,0,0,0,0,21247.676,21247.676,Avail,Compl,Avail,Incmpl,Incmpl,Enable,OBD II (California ARB),OFF,OFF,0,0,0,1st,OFF,OFF,OFF,OFF,OFF,OFF,1.562,2.344,ON,OFF,900,0,OFF,OFF,OFF,ON,Gasoline,0.969,OFF,OFF,0.684,ON,0.781,15.686,9,0,0.801,0.781,2.363,0.801,0.918,2.031,47.451,0,15.686,24,0,0,OFF,ECT 5th,NA,OFF,97.878,97.900,15.294,0,Not Avl,0,0,0,0,ON,ON,0,0,0
381,0,13.945,Not Avl,Compl,Compl,Unable,OFF,Not Avl,Compl,Compl,Unable,OFF,39.062,39.062,32.500,33.125,19.531,39.551,15.686,31.765,0.781,1.582,ON,0,OFF,ON,ON,0.995,0.997,-0.055,-0.047,3.210,3.220,0,97,51199.219,13.710,25.490,OFF,OFF,OFF,OFF,OFF,OFF,OFF,Avail,Incmpl,Incmpl,Enable,Avail,484.100,184.500,484.100,184.500,ON,Avail,Compl,Enable,68,0,0,0,0,0,0,6,A,0,0,Avail,Incmpl,Incmpl,Enable,OFF,OFF,272,931.250,51199.219,51199.219,51199.219,51199.219,51199.219,51199.219,1GRFE ,0,Avail,Incmpl,Incmpl,Enable,0,OFF,OFF,OFF,OFF,ON,ON,Avail,Compl,Enable,Compl,CL,CL,Compl,Unable,Not Avl,Compl,Incmpl,Enable,OFF,80,15,289,ON,42.500,21.250,0.117,2557,15,21,-3,OFF,0,3.906,5.620,OFF,0,0,71,Avail,Compl,Enable,0,GRN2#  ,ON,0,Not Act,Not Act,0,0,0,0,21247.676,21247.676,Avail,Compl,Avail,Incmpl,Incmpl,Enable,OBD II (California ARB),OFF,OFF,0,0,0,1st,OFF,OFF,OFF,OFF,OFF,OFF,0.781,2.344,ON,OFF,900,0,OFF,OFF,OFF,ON,Gasoline,0.970,OFF,OFF,0.684,ON,1.094,15.686,17,0,0.781,0.781,2.363,0.781,0.918,2.031,47.451,0,15.686,24,0,0,OFF,ECT 5th,NA,OFF,97.878,97.900,14.902,0,Not Avl,0,0,0,0,ON,ON,0,0,0
382,0,13.965,Not Avl,Compl,Compl,Unable,OFF,Not Avl,Compl,Compl,Unable,OFF,39.062,39.062,32.500,33.125,19.531,39.551,15.686,31.765,0.781,1.582,ON,0,OFF,ON,ON,0.999,0.995,-0.039,-0.051,3.230,3.215,0,97,51199.219,13.691,25.490,OFF,OFF,OFF,OFF,OFF,OFF,OFF,Avail,Incmpl,Incmpl,Enable,Avail,484.100,184.500,484.100,184.500,ON,Avail,Compl,Enable,68,0,0,0,0,0,0,6,A,0,0,Avail,Incmpl,Incmpl,Enable,OFF,OFF,272,922.500,51199.219,51199.219,51199.219,51199.219,51199.219,51199.219,1GRFE ,0,Avail,Incmpl,Incmpl,Enable,0,OFF,OFF,OFF,OFF,ON,ON,Avail,Compl,Enable,Compl,CL,CL,Compl,Unable,Not Avl,Compl,Incmpl,Enable,OFF,80,15,311,ON,42.500,21.250,0.117,2578,15,21,-3,OFF,0,3.906,5.650,OFF,0,0,71,Avail,Compl,Enable,0,GRN2#  ,ON,0,Not Act,Not Act,0,0,0,0,21247.676,21247.676,Avail,Compl,Avail,Incmpl,Incmpl,Enable,OBD II (California ARB),OFF,OFF,0,0,0,1st,OFF,OFF,OFF,OFF,OFF,OFF,1.562,1.562,ON,OFF,900,0,OFF,OFF,OFF,ON,Gasoline,0.970,OFF,OFF,0.684,ON,0.781,16.078,10,0,0.781,0.781,2.363,0.781,0.918,2.031,47.451,0,15.686,24,0,0,OFF,ECT 5th,NA,OFF,97.878,97.878,15.294,0,Not Avl,0,0,0,0,ON,ON,0,0,0
383,0,13.944,Not Avl,Compl,Compl,Unable,OFF,Not Avl,Compl,Compl,Unable,OFF,39.062,39.062,32.500,33.125,19.531,39.551,15.686,31.765,0.781,1.582,ON,0,OFF,ON,ON,0.999,0.999,-0.039,-0.039,3.235,3.235,0,97,51199.219,13.710,25.490,OFF,OFF,OFF,OFF,OFF,OFF,OFF,Avail,Incmpl,Incmpl,Enable,Avail,484,185.100,484,185.100,ON,Avail,Compl,Enable,68,0,0,0,0,0,0,6,A,0,0,Avail,Incmpl,Incmpl,Enable,OFF,OFF,273,925,51199.219,51199.219,51199.219,51199.219,51199.219,51199.219,1GRFE ,0,Avail,Incmpl,Incmpl,Enable,0,OFF,OFF,OFF,OFF,ON,ON,Avail,Compl,Enable,Compl,CL,CL,Compl,Unable,Not Avl,Compl,Incmpl,Enable,OFF,80,15,332,ON,42.500,21.250,0.117,2586,15,21,-3,OFF,0,3.906,5.640,OFF,0,0,57,Avail,Compl,Enable,0,GRN2#  ,ON,0,Not Act,Not Act,0,0,0,0,21247.676,21247.676,Avail,Compl,Avail,Incmpl,Incmpl,Enable,OBD II (California ARB),OFF,OFF,0,0,0,1st,OFF,OFF,OFF,OFF,OFF,OFF,1.562,2.344,ON,OFF,900,0,OFF,OFF,OFF,ON,Gasoline,0.968,OFF,OFF,0.684,ON,0.938,15.686,15,0,0.781,0.781,2.363,0.781,0.918,2.031,47.451,0,15.686,24,0,0,OFF,ECT 5th,NA,OFF,97.878,97.900,15.294,0,Not Avl,0,0,0,0,ON,ON,0,0,0
384,0,13.944,Not Avl,Compl,Compl,Unable,OFF,Not Avl,Compl,Compl,Unable,OFF,53.906,39.062,32.500,33.125,19.531,39.551,15.686,31.765,0.781,1.582,ON,0,OFF,ON,ON,1.000,1.001,-0.043,-0.031,3.225,3.244,0,97,51199.219,13.710,25.490,OFF,OFF,OFF,OFF,OFF,OFF,OFF,Avail,Incmpl,Incmpl,Enable,Avail,484,185.100,484,185.100,ON,Avail,Compl,Enable,68,0,0,0,0,0,0,6,A,0,0,Avail,Incmpl,Incmpl,Enable,OFF,OFF,273,915.500,51199.219,51199.219,51199.219,51199.219,51199.219,51199.219,1GRFE ,0,Avail,Incmpl,Incmpl,Enable,0,OFF,OFF,OFF,OFF,ON,ON,Avail,Compl,Enable,Compl,CL,CL,Compl,Unable,Not Avl,Compl,Incmpl,Enable,OFF,80,15,354,ON,42.500,21.250,0.117,2567,15,21,-3,OFF,0,3.906,5.670,OFF,0,0,57,Avail,Compl,Enable,0,GRN2#  ,ON,0,Not Act,Not Act,0,0,0,0,21247.676,21247.676,Avail,Compl,Avail,Incmpl,Incmpl,Enable,OBD II (California ARB),OFF,OFF,0,0,0,1st,OFF,OFF,OFF,OFF,OFF,OFF,1.562,2.344,ON,OFF,900,0,OFF,OFF,OFF,ON,Gasoline,0.967,OFF,OFF,0.684,ON,0.938,15.686,15,0,0.781,0.781,2.363,0.781,0.918,2.031,47.451,0,15.686,24,0,0,OFF,ECT 5th,NA,OFF,97.878,97.900,15.686,0,Not Avl,0,0,0,0,ON,ON,0,0,0
385,0,13.945,Not Avl,Compl,Compl,Unable,OFF,Not Avl,Compl,Compl,Unable,OFF,57.031,39.062,32.500,33.125,19.531,39.551,15.686,31.765,0.781,1.582,ON,0,OFF,ON,ON,0.996,1.002,-0.055,-0.031,3.210,3.244,0,97,51199.219,13.710,25.490,OFF,OFF,OFF,OFF,OFF,OFF,OFF,Avail,Incmpl,Incmpl,Enable,Avail,484,185.600,484,185.600,ON,Avail,Compl,Enable,68,0,0,0,0,0,0,6,A,0,0,Avail,Incmpl,Incmpl,Enable,OFF,OFF,273,914.750,51199.219,51199.219,51199.219,51199.219,51199.219,51199.219,1GRFE ,0,Avail,Incmpl,Incmpl,Enable,0,OFF,OFF,OFF,OFF,ON,ON,Avail,Compl,Enable,Compl,CL,CL,Compl,Unable,Not Avl,Compl,Incmpl,Enable,OFF,80,15,371,ON,42.500,21.250,0.117,2582,15,21,-3,OFF,0,3.906,5.600,OFF,0,0,58,Avail,Compl,Enable,0,GRN2#  ,ON,0,Not Act,Not Act,0,0,0,0.015,21247.676,21247.676,Avail,Compl,Avail,Incmpl,Incmpl,Enable,OBD II (California ARB),OFF,OFF,0,0,0,1st,OFF,OFF,OFF,OFF,OFF,OFF,1.562,2.344,ON,OFF,900,0,OFF,OFF,OFF,ON,Gasoline,0.967,OFF,OFF,0.684,ON,1.094,16.078,17,0,0.781,0.781,2.363,0.781,0.918,2.031,47.451,0,15.686,24,0,0,OFF,ECT 5th,NA,OFF,97.878,97.900,15.294,0,Not Avl,0,0,0,0,ON,ON,0,0,0
386,0,13.964,Not Avl,Compl,Compl,Unable,OFF,Not Avl,Compl,Compl,Unable,OFF,59.375,39.062,32.500,33.125,19.531,39.551,15.686,31.765,0.781,1.582,ON,0,OFF,ON,ON,0.993,0.996,-0.059,-0.051,3.200,3.215,0,97,51199.219,13.710,25.490,OFF,OFF,OFF,OFF,OFF,OFF,OFF,Avail,Incmpl,Incmpl,Enable,Avail,484,185.600,484,185.600,ON,Avail,Compl,Enable,68,0,0,0,0,0,0,6,A,0,0,Avail,Incmpl,Incmpl,Enable,OFF,OFF,274,921.750,51199.219,51199.219,51199.219,51199.219,51199.219,51199.219,1GRFE ,0,Avail,Incmpl,Incmpl,Enable,0,OFF,OFF,OFF,OFF,ON,ON,Avail,Compl,Enable,Compl,CL,CL,Compl,Unable,Not Avl,Compl,Incmpl,Enable,OFF,80,15,387,ON,42.500,21.250,0.117,2596,15,21,-3,OFF,0,3.906,5.620,OFF,0,0,58,Avail,Compl,Enable,0,GRN2#  ,ON,0,Not Act,Not Act,0,0,0,0.015,21247.676,21247.676,Avail,Compl,Avail,Incmpl,Incmpl,Enable,OBD II (California ARB),OFF,OFF,0,0,0,1st,OFF,OFF,OFF,OFF,OFF,OFF,0.781,2.344,ON,OFF,900,0,OFF,OFF,OFF,ON,Gasoline,0.968,OFF,OFF,0.684,ON,0.859,15.686,11,0,0.781,0.781,2.363,0.781,0.918,2.031,47.451,0,15.686,24,0,0,OFF,ECT 5th,NA,OFF,97.878,97.900,15.294,0,Not Avl,0,0,0,0,ON,ON,0,0,0
387,0,13.945,Not Avl,Compl,Compl,Unable,OFF,Not Avl,Compl,Compl,Unable,OFF,50,44.531,32.500,33.125,19.531,39.551,15.686,31.765,0.781,1.582,ON,0,OFF,ON,ON,0.993,0.994,-0.059,-0.055,3.200,3.205,0,97,51199.219,13.710,25.490,OFF,OFF,OFF,OFF,OFF,OFF,OFF,Avail,Incmpl,Incmpl,Enable,Avail,484,185.600,484,185.600,ON,Avail,Compl,Enable,68,0,0,0,0,0,0,6,A,0,0,Avail,Incmpl,Incmpl,Enable,OFF,OFF,274,925,51199.219,51199.219,51199.219,51199.219,51199.219,51199.219,1GRFE ,0,Avail,Incmpl,Incmpl,Enable,0,OFF,OFF,OFF,OFF,ON,ON,Avail,Compl,Enable,Compl,CL,CL,Compl,Unable,Not Avl,Compl,Incmpl,Enable,OFF,80,15,404,ON,42.500,21.250,0.117,2567,15,21,-3,OFF,0,3.906,5.670,OFF,0,0,58,Avail,Compl,Enable,0,GRN2#  ,ON,0,Not Act,Not Act,0,0,0,0,21247.676,21247.676,Avail,Compl,Avail,Incmpl,Incmpl,Enable,OBD II (California ARB),OFF,OFF,0,0,0,1st,OFF,OFF,OFF,OFF,OFF,OFF,0.781,1.562,ON,OFF,900,0,OFF,OFF,OFF,ON,Gasoline,0.971,OFF,OFF,0.684,ON,0.938,15.686,15,0,0.781,0.781,2.363,0.781,0.918,2.031,47.451,0,15.686,24,0,0,OFF,ECT 5th,NA,OFF,97.878,97.878,15.294,0,Not Avl,0,0,0,0,ON,ON,0,0,0
388,0,13.954,Not Avl,Compl,Compl,Unable,OFF,Not Avl,Compl,Compl,Unable,OFF,44.531,51.562,32.500,33.125,19.531,39.551,15.686,31.765,0.781,1.582,ON,0,OFF,ON,ON,0.995,0.992,-0.055,-0.066,3.210,3.191,0,97,51199.219,13.710,25.490,OFF,OFF,OFF,OFF,OFF,OFF,OFF,Avail,Incmpl,Incmpl,Enable,Avail,483.900,186.200,483.900,186.200,ON,Avail,Compl,Enable,68,0,0,0,0,0,0,6,A,0,0,Avail,Incmpl,Incmpl,Enable,OFF,OFF,275,927.250,51199.219,51199.219,51199.219,51199.219,51199.219,51199.219,1GRFE ,0,Avail,Incmpl,Incmpl,Enable,0,OFF,OFF,OFF,OFF,ON,ON,Avail,Compl,Enable,Compl,CL,CL,Compl,Unable,Not Avl,Compl,Incmpl,Enable,OFF,80,15,420,ON,42.500,21.250,0.117,2549,15,21,-3,OFF,0,3.906,5.540,OFF,0,0,54,Avail,Compl,Enable,0,GRN2#  ,ON,0,Not Act,Not Act,0,0,0,0.015,21247.676,21247.676,Avail,Compl,Avail,Incmpl,Incmpl,Enable,OBD II (California ARB),OFF,OFF,0,0,0,1st,OFF,OFF,OFF,OFF,OFF,OFF,0.781,1.562,ON,OFF,900,0,OFF,OFF,OFF,ON,Gasoline,0.974,OFF,OFF,0.684,ON,0.859,15.686,11,0,0.781,0.781,2.363,0.781,0.918,2.031,47.451,0,15.686,24,0,0,OFF,ECT 5th,NA,OFF,97.878,97.878,14.902,0,Not Avl,0,0,0,0,ON,ON,0,0,0
389,0,13.972,Not Avl,Compl,Compl,Unable,OFF,Not Avl,Compl,Compl,Unable,OFF,40.625,50,32.500,33.125,19.531,39.551,15.686,31.765,0.781,1.582,ON,0,OFF,ON,ON,0.997,0.992,-0.051,-0.066,3.215,3.191,0,97,51199.219,13.710,25.098,OFF,OFF,OFF,OFF,OFF,OFF,OFF,Avail,Incmpl,Incmpl,Enable,Avail,483.900,186.200,483.900,186.200,ON,Avail,Compl,Enable,68,0,0,0,0,0,0,6,A,0,0,Avail,Incmpl,Incmpl,Enable,OFF,OFF,275,914.750,51199.219,51199.219,51199.219,51199.219,51199.219,51199.219,1GRFE ,0,Avail,Incmpl,Incmpl,Enable,0,OFF,OFF,OFF,OFF,ON,ON,Avail,Compl,Enable,Compl,CL,CL,Compl,Unable,Not Avl,Compl,Incmpl,Enable,OFF,80,15,437,ON,42.500,21.250,0.117,2524,15,21,-3,OFF,0,3.906,5.600,OFF,0,0,54,Avail,Compl,Enable,0,GRN2#  ,ON,0,Not Act,Not Act,0,0,0,0.015,21247.676,21247.676,Avail,Compl,Avail,Incmpl,Incmpl,Enable,OBD II (California ARB),OFF,OFF,0,0,0,1st,OFF,OFF,OFF,OFF,OFF,OFF,0.781,1.562,ON,OFF,850,0,OFF,OFF,OFF,ON,Gasoline,0.974,OFF,OFF,0.684,ON,0.469,15.686,8,0,0.781,0.781,2.363,0.781,0.918,2.031,47.451,0,15.686,24,0,0,OFF,ECT 5th,NA,OFF,97.878,97.900,15.294,0,Not Avl,0,0,0,0,ON,ON,0,0,0
390,0,13.979,Not Avl,Compl,Compl,Unable,OFF,Not Avl,Compl,Compl,Unable,OFF,39.062,56.250,32.500,33.125,19.531,39.551,15.686,31.765,0.781,1.582,ON,0,OFF,ON,ON,1.001,1.001,-0.031,-0.031,3.244,3.244,0,97,51199.219,13.710,25.490,OFF,OFF,OFF,OFF,OFF,OFF,OFF,Avail,Incmpl,Incmpl,Enable,Avail,483.900,186.200,483.900,186.200,ON,Avail,Compl,Enable,68,0,0,0,0,0,0,6,A,0,0,Avail,Incmpl,Incmpl,Enable,OFF,OFF,275,903.750,51199.219,51199.219,51199.219,51199.219,51199.219,51199.219,1GRFE ,0,Avail,Incmpl,Incmpl,Enable,0,OFF,OFF,OFF,OFF,ON,ON,Avail,Compl,Enable,Compl,CL,CL,Compl,Unable,Not Avl,Compl,Incmpl,Enable,OFF,80,15,453,ON,42.500,21.250,0.117,2582,15,21,-3,OFF,0,3.906,5.790,OFF,0,0,54,Avail,Compl,Enable,0,GRN2#  ,ON,0,Not Act,Not Act,0,0,0,0.015,21247.676,21247.676,Avail,Compl,Avail,Incmpl,Incmpl,Enable,OBD II (California ARB),OFF,OFF,0,0,0,1st,OFF,OFF,OFF,OFF,OFF,OFF,0.781,1.562,ON,OFF,850,0,OFF,OFF,OFF,ON,Gasoline,0.975,OFF,OFF,0.684,ON,0.391,15.686,9,0,0.781,0.781,2.363,0.781,0.918,2.031,47.451,0,15.686,24,0,0,OFF,ECT 5th,NA,OFF,97.878,97.900,16.078,0,Not Avl,0,0,0,0,ON,ON,0,0,0
391,0,13.944,Not Avl,Compl,Compl,Unable,OFF,Not Avl,Compl,Compl,Unable,OFF,39.062,46.094,32.500,33.125,19.531,39.551,15.686,31.765,0.781,1.582,ON,0,OFF,ON,ON,1.006,1.011,-0.016,0,3.269,3.293,0,97,51199.219,13.691,25.882,OFF,OFF,OFF,OFF,OFF,OFF,OFF,Avail,Incmpl,Incmpl,Enable,Avail,483.900,186.700,483.900,186.700,ON,Avail,Compl,Enable,68,0,0,0,0,0,0,6,A,0,0,Avail,Incmpl,Incmpl,Enable,OFF,OFF,276,907,51199.219,51199.219,51199.219,51199.219,51199.219,51199.219,1GRFE ,0,Avail,Incmpl,Incmpl,Enable,0,OFF,OFF,OFF,OFF,ON,ON,Avail,Compl,Enable,Compl,CL,CL,Compl,Unable,Not Avl,Compl,Incmpl,Enable,OFF,80,15,471,ON,42.500,21.250,0.116,2593,15,21,-3,OFF,0,3.906,5.600,OFF,0,0,59,Avail,Compl,Enable,0,GRN2#  ,ON,0,Not Act,Not Act,0,0,0,0.015,21247.676,21247.676,Avail,Compl,Avail,Incmpl,Incmpl,Enable,OBD II (California ARB),OFF,OFF,0,0,0,1st,OFF,OFF,OFF,OFF,OFF,OFF,1.562,2.344,ON,OFF,850,0,OFF,OFF,OFF,ON,Gasoline,0.972,OFF,OFF,0.684,ON,1.094,15.686,17,0,0.781,0.781,2.363,0.781,0.918,2.031,47.451,0,15.686,24,0,0,OFF,ECT 5th,NA,OFF,97.878,97.900,15.294,0,Not Avl,0,0,0,0,ON,ON,0,0,0
392,0,13.961,Not Avl,Compl,Compl,Unable,OFF,Not Avl,Compl,Compl,Unable,OFF,39.062,41.406,32.500,33.125,19.531,39.551,15.686,31.765,0.781,1.582,ON,0,OFF,ON,ON,1.003,1.007,-0.027,-0.016,3.249,3.269,0,97,51199.219,13.710,25.882,OFF,OFF,OFF,OFF,OFF,OFF,OFF,Avail,Incmpl,Incmpl,Enable,Avail,483.900,186.700,483.900,186.700,ON,Avail,Compl,Enable,68,0,0,0,0,0,0,6,A,0,0,Avail,Incmpl,Incmpl,Enable,OFF,OFF,276,911.500,51199.219,51199.219,51199.219,51199.219,51199.219,51199.219,1GRFE ,0,Avail,Incmpl,Incmpl,Enable,0,OFF,OFF,OFF,OFF,ON,ON,Avail,Compl,Enable,Compl,CL,CL,Compl,Unable,Not Avl,Compl,Incmpl,Enable,OFF,80,15,489,ON,42.500,21.250,0.116,2586,15,21,-3,OFF,0,3.906,5.600,OFF,0,0,59,Avail,Compl,Enable,0,GRN2#  ,ON,0,Not Act,Not Act,0,0,0,0.015,21247.676,21247.676,Avail,Compl,Avail,Incmpl,Incmpl,Enable,OBD II (California ARB),OFF,OFF,0,0,0,1st,OFF,OFF,OFF,OFF,OFF,OFF,1.562,2.344,ON,OFF,850,0,OFF,OFF,OFF,ON,Gasoline,0.969,OFF,OFF,0.684,ON,0.391,15.686,5,0,0.781,0.781,2.363,0.781,0.918,2.031,47.451,0,15.686,24,0,0,OFF,ECT 5th,NA,OFF,97.878,97.878,15.294,0,Not Avl,0,0,0,0,ON,ON,0,0,0
393,0,13.964,Not Avl,Compl,Compl,Unable,OFF,Not Avl,Compl,Compl,Unable,OFF,39.062,39.062,32.500,33.125,19.531,39.551,15.686,31.765,0.781,1.582,ON,0,OFF,ON,ON,0.996,0.996,-0.051,-0.055,3.215,3.210,0,97,51199.219,13.691,25.490,OFF,OFF,OFF,OFF,OFF,OFF,OFF,Avail,Incmpl,Incmpl,Enable,Avail,483.900,187.300,483.900,187.300,ON,Avail,Compl,Enable,68,0,0,0,0,0,0,6,A,0,0,Avail,Incmpl,Incmpl,Enable,OFF,OFF,276,907,51199.219,51199.219,51199.219,51199.219,51199.219,51199.219,1GRFE ,0,Avail,Incmpl,Incmpl,Enable,0,OFF,OFF,OFF,OFF,ON,ON,Avail,Compl,Enable,Compl,CL,CL,Compl,Unable,Not Avl,Compl,Incmpl,Enable,OFF,80,15,508,ON,42.500,21.250,0.116,2586,15,21,-3,OFF,0,3.906,5.600,OFF,0,0,53,Avail,Compl,Enable,0,GRN2#  ,ON,0,Not Act,Not Act,0,0,0,0.015,21247.676,21247.676,Avail,Compl,Avail,Incmpl,Incmpl,Enable,OBD II (California ARB),OFF,OFF,0,0,0,1st,OFF,OFF,OFF,OFF,OFF,OFF,1.562,2.344,ON,OFF,850,0,OFF,OFF,OFF,ON,Gasoline,0.970,OFF,OFF,0.684,ON,0.703,15.686,9,0,0.781,0.781,2.363,0.781,0.918,2.031,47.451,0,15.686,24,0,0,OFF,ECT 5th,NA,OFF,97.878,97.900,15.294,0,Not Avl,0,0,0,0,ON,ON,0,0,0
394,0,13.945,Not Avl,Compl,Compl,Unable,OFF,Not Avl,Compl,Compl,Unable,OFF,39.062,39.062,32.500,33.125,19.531,39.551,15.686,31.765,0.781,1.582,ON,0,OFF,ON,ON,0.997,0.995,-0.047,-0.051,3.220,3.215,0,97,51199.219,13.710,25.490,OFF,OFF,OFF,OFF,OFF,OFF,OFF,Avail,Incmpl,Incmpl,Enable,Avail,483.900,187.300,483.900,187.300,ON,Avail,Compl,Enable,68,0,0,0,0,0,0,6,A,0,0,Avail,Incmpl,Incmpl,Enable,OFF,OFF,277,913.250,51199.219,51199.219,51199.219,51199.219,51199.219,51199.219,1GRFE ,0,Avail,Incmpl,Incmpl,Enable,0,OFF,OFF,OFF,OFF,ON,ON,Avail,Compl,Enable,Compl,CL,CL,Compl,Unable,Not Avl,Compl,Incmpl,Enable,OFF,80,15,528,ON,42.500,21.250,0.118,2578,15,21,-3,OFF,0,3.906,5.600,OFF,0,0,53,Avail,Compl,Enable,0,GRN2#  ,ON,0,Not Act,Not Act,0,0,0,0.015,21247.676,21247.676,Avail,Compl,Avail,Incmpl,Incmpl,Enable,OBD II (California ARB),OFF,OFF,0,0,0,1st,OFF,OFF,OFF,OFF,OFF,OFF,0.781,2.344,ON,OFF,900,0,OFF,OFF,OFF,ON,Gasoline,0.971,OFF,OFF,0.684,ON,0.938,15.686,13,0,0.781,0.781,2.363,0.781,0.918,2.031,47.451,0,15.686,24,0,0,OFF,ECT 5th,NA,OFF,97.878,97.900,15.294,0,Not Avl,0,0,0,0,ON,ON,0,0,0
395,0,13.945,Not Avl,Compl,Compl,Unable,OFF,Not Avl,Compl,Compl,Unable,OFF,39.062,39.062,32.500,33.125,19.531,39.551,15.686,31.765,0.781,1.582,ON,0,OFF,ON,ON,1.001,0.999,-0.031,-0.039,3.244,3.235,0,97,51199.219,13.710,25.490,OFF,OFF,OFF,OFF,OFF,OFF,OFF,Avail,Incmpl,Incmpl,Enable,Avail,483.900,187.300,483.900,187.300,ON,Avail,Compl,Enable,68,0,0,0,0,0,0,6,A,0,0,Avail,Incmpl,Incmpl,Enable,OFF,OFF,277,911.500,51199.219,51199.219,51199.219,51199.219,51199.219,51199.219,1GRFE ,0,Avail,Incmpl,Incmpl,Enable,0,OFF,OFF,OFF,OFF,ON,ON,Avail,Compl,Enable,Compl,CL,CL,Compl,Unable,Not Avl,Compl,Incmpl,Enable,OFF,80,15,550,ON,42.500,21.250,0.118,2560,15,21,-3,OFF,0,3.906,5.570,OFF,0,0,53,Avail,Compl,Enable,0,GRN2#  ,ON,0,Not Act,Not Act,0,0,0,0.015,21247.676,21247.676,Avail,Compl,Avail,Incmpl,Incmpl,Enable,OBD II (California ARB),OFF,OFF,0,0,0,1st,OFF,OFF,OFF,OFF,OFF,OFF,1.562,2.344,ON,OFF,850,0,OFF,OFF,OFF,ON,Gasoline,0.970,OFF,OFF,0.684,ON,1.094,15.686,14,0,0.781,0.781,2.363,0.781,0.918,2.031,47.451,0,15.686,24,0,0,OFF,ECT 5th,NA,OFF,97.878,97.900,15.294,0,Not Avl,0,0,0,0,ON,ON,0,0,0
396,0,13.955,Not Avl,Compl,Compl,Unable,OFF,Not Avl,Compl,Compl,Unable,OFF,39.062,39.062,32.500,33.125,19.531,39.551,15.686,31.765,0.781,1.582,ON,0,OFF,ON,ON,1.001,1.000,-0.039,-0.039,3.235,3.235,0,97,51199.219,13.710,25.490,OFF,OFF,OFF,OFF,OFF,OFF,OFF,Avail,Incmpl,Incmpl,Enable,Avail,483.800,187.800,483.800,187.800,ON,Avail,Compl,Enable,68,0,0,0,0,0,0,6,A,0,0,Avail,Incmpl,Incmpl,Enable,OFF,OFF,278,913.250,51199.219,51199.219,51199.219,51199.219,51199.219,51199.219,1GRFE ,0,Avail,Incmpl,Incmpl,Enable,0,OFF,OFF,OFF,OFF,ON,ON,Avail,Compl,Enable,Compl,CL,CL,Compl,Unable,Not Avl,Compl,Incmpl,Enable,OFF,80,15,571,ON,42.500,21.250,0.118,2567,15,21,-3,OFF,0,3.906,5.540,OFF,0,0,57,Avail,Compl,Enable,0,GRN2#  ,ON,0,Not Act,Not Act,0,0,0,0.015,21247.676,21247.676,Avail,Compl,Avail,Incmpl,Incmpl,Enable,OBD II (California ARB),OFF,OFF,0,0,0,1st,OFF,OFF,OFF,OFF,OFF,OFF,1.562,2.344,ON,OFF,850,0,OFF,OFF,OFF,ON,Gasoline,0.968,OFF,OFF,0.684,ON,0.781,15.686,11,0,0.781,0.781,2.363,0.781,0.918,2.031,47.451,0,15.686,24,0,0,OFF,ECT 5th,NA,OFF,97.878,97.900,15.294,0,Not Avl,0,0,0,0,ON,ON,0,0,0
397,0,13.962,Not Avl,Compl,Compl,Unable,OFF,Not Avl,Compl,Compl,Unable,OFF,51.562,39.062,32.500,33.125,19.531,39.551,15.686,31.765,0.781,1.582,ON,0,OFF,ON,ON,0.999,1.000,-0.023,-0.023,3.230,3.239,0,97,51199.219,13.710,25.490,OFF,OFF,OFF,OFF,OFF,OFF,OFF,Avail,Incmpl,Incmpl,Enable,Avail,483.800,187.800,483.800,187.800,ON,Avail,Compl,Enable,68,0,0,0,0,0,0,6,A,0,0,Avail,Incmpl,Incmpl,Enable,OFF,OFF,278,910.750,51199.219,51199.219,51199.219,51199.219,51199.219,51199.219,1GRFE ,0,Avail,Incmpl,Incmpl,Enable,0,OFF,OFF,OFF,OFF,ON,ON,Avail,Compl,Enable,Compl,CL,CL,Compl,Unable,Not Avl,Compl,Incmpl,Enable,OFF,80,15,596,ON,42.500,21.250,0.117,2593,15,21,-3,OFF,0,3.906,5.600,OFF,0,0,57,Avail,Compl,Enable,0,GRN2#  ,ON,0,Not Act,Not Act,0,0,0,0.015,21247.676,21247.676,Avail,Compl,Avail,Incmpl,Incmpl,Enable,OBD II (California ARB),OFF,OFF,0,0,0,1st,OFF,OFF,OFF,OFF,OFF,OFF,1.562,2.344,ON,OFF,850,0,OFF,OFF,OFF,ON,Gasoline,0.966,OFF,OFF,0.684,ON,0.625,15.686,11,0,0.781,0.781,2.363,0.781,0.918,2.031,47.451,0,15.686,24,0,0,OFF,ECT 5th,NA,OFF,97.878,97.900,15.294,0,Not Avl,0,0,0,0,ON,ON,0,0,0
398,0,13.949,Not Avl,Compl,Compl,Unable,OFF,Not Avl,Compl,Compl,Unable,OFF,57.031,39.062,32.500,33.125,19.531,39.551,15.686,31.765,0.781,1.582,ON,0,OFF,ON,ON,0.993,0.998,-0.062,-0.043,3.196,3.225,0,97,51199.219,13.691,25.490,OFF,OFF,OFF,OFF,OFF,OFF,OFF,Avail,Incmpl,Incmpl,Enable,Avail,483.800,188.300,483.800,188.300,ON,Avail,Compl,Enable,68,0,0,0,0,0,0,6,A,0,0,Avail,Incmpl,Incmpl,Enable,OFF,OFF,279,914,51199.219,51199.219,51199.219,51199.219,51199.219,51199.219,1GRFE ,0,Avail,Incmpl,Incmpl,Enable,0,OFF,OFF,OFF,OFF,ON,ON,Avail,Compl,Enable,Compl,CL,CL,Compl,Unable,Not Avl,Compl,Incmpl,Enable,OFF,80,15,16,ON,42.500,21.250,0.117,2575,15,21,-3,OFF,0,3.906,5.600,OFF,0,0,42,Avail,Compl,Enable,0,GRN2#  ,ON,0,Not Act,Not Act,0,0,0,0.015,21247.676,21247.676,Avail,Compl,Avail,Incmpl,Incmpl,Enable,OBD II (California ARB),OFF,OFF,0,0,0,1st,OFF,OFF,OFF,OFF,OFF,OFF,1.562,2.344,ON,OFF,850,0,OFF,OFF,OFF,ON,Gasoline,0.967,OFF,OFF,0.684,ON,0.781,15.686,12,0,0.781,0.781,2.363,0.781,0.918,2.031,47.451,0,15.686,24,0,0,OFF,ECT 5th,NA,OFF,97.878,97.878,15.294,0,Not Avl,0,0,0,0,ON,ON,0,0,0
399,0,13.953,Not Avl,Compl,Compl,Unable,OFF,Not Avl,Compl,Compl,Unable,OFF,59.375,39.062,32.500,33.125,19.531,39.551,15.686,31.765,0.781,1.582,ON,0,OFF,ON,ON,0.995,0.998,-0.051,-0.043,3.215,3.225,0,97,51199.219,13.710,25.490,OFF,OFF,OFF,OFF,OFF,OFF,OFF,Avail,Incmpl,Incmpl,Enable,Avail,483.800,188.300,483.800,188.300,ON,Avail,Compl,Enable,68,0,0,0,0,0,0,6,A,0,0,Avail,Incmpl,Incmpl,Enable,OFF,OFF,279,907.750,51199.219,51199.219,51199.219,51199.219,51199.219,51199.219,1GRFE ,0,Avail,Incmpl,Incmpl,Enable,0,OFF,OFF,OFF,OFF,ON,ON,Avail,Compl,Enable,Compl,CL,CL,Compl,Unable,Not Avl,Compl,Incmpl,Enable,OFF,80,15,36,ON,42.500,21.250,0.117,2586,15,21,-3,OFF,0,3.906,5.600,OFF,0,0,42,Avail,Compl,Enable,0,GRN2#  ,ON,0,Not Act,Not Act,0,0,0,0.015,21247.676,21247.676,Avail,Compl,Avail,Incmpl,Incmpl,Enable,OBD II (California ARB),OFF,OFF,0,0,0,1st,OFF,OFF,OFF,OFF,OFF,OFF,0.781,2.344,ON,OFF,850,0,OFF,OFF,OFF,ON,Gasoline,0.971,OFF,OFF,0.684,ON,0.781,15.686,13,0,0.781,0.781,2.363,0.781,0.918,2.031,47.451,0,15.686,24,0,0,OFF,ECT 5th,NA,OFF,97.878,97.900,15.294,0,Not Avl,0,0,0,0,ON,ON,0,0,0
400,0,13.944,Not Avl,Compl,Compl,Unable,OFF,Not Avl,Compl,Compl,Unable,OFF,44.531,44.531,32.500,33.125,19.531,39.551,15.686,31.765,0.781,1.582,ON,0,OFF,ON,ON,0.999,0.995,-0.039,-0.055,3.235,3.210,0,97,51199.219,13.710,25.490,OFF,OFF,OFF,OFF,OFF,OFF,OFF,Avail,Incmpl,Incmpl,Enable,Avail,483.700,188.900,483.700,188.900,ON,Avail,Compl,Enable,68,0,0,0,0,0,0,6,A,0,0,Avail,Incmpl,Incmpl,Enable,OFF,OFF,280,912.500,51199.219,51199.219,51199.219,51199.219,51199.219,51199.219,1GRFE ,0,Avail,Incmpl,Incmpl,Enable,0,OFF,OFF,OFF,OFF,ON,ON,Avail,Compl,Enable,Compl,CL,CL,Compl,Unable,Not Avl,Compl,Incmpl,Enable,OFF,80,15,57,ON,42.500,21.250,0.117,2564,15,21,-3,OFF,0,3.906,5.540,OFF,0,0,62,Avail,Compl,Enable,0,GRN2#  ,ON,0,Not Act,Not Act,0,0,0,0.015,21247.676,21247.676,Avail,Compl,Avail,Incmpl,Incmpl,Enable,OBD II (California ARB),OFF,OFF,0,0,0,1st,OFF,OFF,OFF,OFF,OFF,OFF,1.562,2.344,ON,OFF,850,0,OFF,OFF,OFF,ON,Gasoline,0.971,OFF,OFF,0.684,ON,0.703,15.686,12,0,0.781,0.781,2.363,0.781,0.918,2.031,47.451,0,15.686,24,0,0,OFF,ECT 5th,NA,OFF,97.878,97.900,15.294,0,Not Avl,0,0,0,0,ON,ON,0,0,0
401,0,13.964,Not Avl,Compl,Compl,Unable,OFF,Not Avl,Compl,Compl,Unable,OFF,40.625,51.562,32.500,33.125,19.531,39.551,15.686,31.765,0.781,1.582,ON,0,OFF,ON,ON,0.998,0.999,-0.043,-0.039,3.225,3.230,0,97,51199.219,13.710,25.490,OFF,OFF,OFF,OFF,OFF,OFF,OFF,Avail,Incmpl,Incmpl,Enable,Avail,483.700,188.900,483.700,188.900,ON,Avail,Compl,Enable,68,0,0,0,0,0,0,6,A,0,0,Avail,Incmpl,Incmpl,Enable,OFF,OFF,280,911.500,51199.219,51199.219,51199.219,51199.219,51199.219,51199.219,1GRFE ,0,Avail,Incmpl,Incmpl,Enable,0,OFF,OFF,OFF,OFF,ON,ON,Avail,Compl,Enable,Compl,CL,CL,Compl,Unable,Not Avl,Compl,Incmpl,Enable,OFF,80,15,79,ON,42.500,21.250,0.117,2557,15,21,-3,OFF,0,3.906,5.600,OFF,0,0,62,Avail,Compl,Enable,0,GRN2#  ,ON,0,Not Act,Not Act,0,0,0,0.015,21247.676,21247.676,Avail,Compl,Avail,Incmpl,Incmpl,Enable,OBD II (California ARB),OFF,OFF,0,0,0,1st,OFF,OFF,OFF,OFF,OFF,OFF,0.781,2.344,ON,OFF,850,0,OFF,OFF,OFF,ON,Gasoline,0.972,OFF,OFF,0.684,ON,0.859,15.686,14,0,0.781,0.781,2.363,0.781,0.918,2.031,47.451,0,15.686,24,0,0,OFF,ECT 5th,NA,OFF,97.878,97.900,15.294,0,Not Avl,0,0,0,0,ON,ON,0,0,0
402,0,13.953,Not Avl,Compl,Compl,Unable,OFF,Not Avl,Compl,Compl,Unable,OFF,39.062,55.469,32.500,33.125,19.531,39.551,15.686,31.765,0.781,1.582,ON,0,OFF,ON,ON,1.004,1.003,-0.027,-0.027,3.254,3.249,0,97,51199.219,13.691,25.490,OFF,OFF,OFF,OFF,OFF,OFF,OFF,Avail,Incmpl,Incmpl,Enable,Avail,483.700,188.900,483.700,188.900,ON,Avail,Compl,Enable,68,0,0,0,0,0,0,6,A,0,0,Avail,Incmpl,Incmpl,Enable,OFF,OFF,280,907,51199.219,51199.219,51199.219,51199.219,51199.219,51199.219,1GRFE ,0,Avail,Incmpl,Incmpl,Enable,0,OFF,OFF,OFF,OFF,ON,ON,Avail,Compl,Enable,Compl,CL,CL,Compl,Unable,Not Avl,Compl,Incmpl,Enable,OFF,80,15,96,ON,42.500,21.250,0.117,2600,15,21,-3,OFF,0,3.906,5.590,OFF,0,0,62,Avail,Compl,Enable,0,GRN2#  ,ON,0,Not Act,Not Act,0,0,0,0.015,21247.676,21247.676,Avail,Compl,Avail,Incmpl,Incmpl,Enable,OBD II (California ARB),OFF,OFF,0,0,0,1st,OFF,OFF,OFF,OFF,OFF,OFF,1.562,2.344,ON,OFF,850,0,OFF,OFF,OFF,ON,Gasoline,0.969,OFF,OFF,0.684,ON,1.094,16.078,16,0,0.781,0.781,2.363,0.781,0.918,2.031,47.451,0,15.686,24,0,0,OFF,ECT 5th,NA,OFF,97.878,97.900,15.294,0,Not Avl,0,0,0,0,ON,ON,0,0,0
403,0,13.945,Not Avl,Compl,Compl,Unable,OFF,Not Avl,Compl,Compl,Unable,OFF,39.062,48.438,32.500,33.125,19.531,39.551,15.686,31.765,0.781,1.582,ON,0,OFF,ON,ON,1.002,0.998,-0.031,-0.047,3.244,3.220,0,97,51199.219,13.691,25.490,OFF,OFF,OFF,OFF,OFF,OFF,OFF,Avail,Incmpl,Incmpl,Enable,Avail,483.700,189.400,483.700,189.400,ON,Avail,Compl,Enable,68,0,0,0,0,0,0,6,A,0,0,Avail,Incmpl,Incmpl,Enable,OFF,OFF,281,917,51199.219,51199.219,51199.219,51199.219,51199.219,51199.219,1GRFE ,0,Avail,Incmpl,Incmpl,Enable,0,OFF,OFF,OFF,OFF,ON,ON,Avail,Compl,Enable,Compl,CL,CL,Compl,Unable,Not Avl,Compl,Incmpl,Enable,OFF,80,15,112,ON,42.500,21.250,0.117,2593,15,21,-3,OFF,0,3.906,5.600,OFF,0,0,53,Avail,Compl,Enable,0,GRN2#  ,ON,0,Not Act,Not Act,0,0,0,0.015,21247.676,21247.676,Avail,Compl,Avail,Incmpl,Incmpl,Enable,OBD II (California ARB),OFF,OFF,0,0,0,1st,OFF,OFF,OFF,OFF,OFF,OFF,1.562,2.344,ON,OFF,850,0,OFF,OFF,OFF,ON,Gasoline,0.968,OFF,OFF,0.684,ON,0.859,15.686,14,0,0.781,0.781,2.363,0.781,0.918,2.031,47.451,0,15.686,24,0,0,OFF,ECT 5th,NA,OFF,97.878,97.900,15.294,0,Not Avl,0,0,0,0,ON,ON,0,0,0
404,0,13.945,Not Avl,Compl,Compl,Unable,OFF,Not Avl,Compl,Compl,Unable,OFF,39.062,42.188,32.500,33.125,19.531,39.551,15.686,31.765,0.781,1.582,ON,0,OFF,ON,ON,0.996,0.996,-0.031,-0.035,3.215,3.215,0,97,51199.219,13.710,25.490,OFF,OFF,OFF,OFF,OFF,OFF,OFF,Avail,Incmpl,Incmpl,Enable,Avail,483.700,189.400,483.700,189.400,ON,Avail,Compl,Enable,68,0,0,0,0,0,0,6,A,0,0,Avail,Incmpl,Incmpl,Enable,OFF,OFF,281,916.250,51199.219,51199.219,51199.219,51199.219,51199.219,51199.219,1GRFE ,0,Avail,Incmpl,Incmpl,Enable,0,OFF,OFF,OFF,OFF,ON,ON,Avail,Compl,Enable,Compl,CL,CL,Compl,Unable,Not Avl,Compl,Incmpl,Enable,OFF,80,15,128,ON,42.500,21.250,0.117,2560,15,21,-3,OFF,0,3.906,5.570,OFF,0,0,53,Avail,Compl,Enable,0,GRN2#  ,ON,0,Not Act,Not Act,0,0,0,0.015,21247.676,21247.676,Avail,Compl,Avail,Incmpl,Incmpl,Enable,OBD II (California ARB),OFF,OFF,0,0,0,1st,OFF,OFF,OFF,OFF,OFF,OFF,1.562,2.344,ON,OFF,850,0,OFF,OFF,OFF,ON,Gasoline,0.968,OFF,OFF,0.684,ON,1.016,15.686,13,0,0.781,0.781,2.363,0.781,0.918,2.031,47.451,0,15.686,24,0,0,OFF,ECT 5th,NA,OFF,97.878,97.878,15.294,0,Not Avl,0,0,0,0,ON,ON,0,0,0
405,0,13.945,Not Avl,Compl,Compl,Unable,OFF,Not Avl,Compl,Compl,Unable,OFF,39.062,39.844,32.500,33.125,19.531,39.551,15.686,31.765,0.781,1.582,ON,0,OFF,ON,ON,0.998,0.996,-0.043,-0.051,3.225,3.215,0,97,51199.219,13.710,25.490,OFF,OFF,OFF,OFF,OFF,OFF,OFF,Avail,Incmpl,Incmpl,Enable,Avail,483.600,189.900,483.600,189.900,ON,Avail,Compl,Enable,68,0,0,0,0,0,0,6,A,0,0,Avail,Incmpl,Incmpl,Enable,OFF,OFF,281,911.500,51199.219,51199.219,51199.219,51199.219,51199.219,51199.219,1GRFE ,0,Avail,Incmpl,Incmpl,Enable,0,OFF,OFF,OFF,OFF,ON,ON,Avail,Compl,Enable,Compl,CL,CL,Compl,Unable,Not Avl,Compl,Incmpl,Enable,OFF,80,15,145,ON,42.500,21.250,0.117,2567,15,21,-3,OFF,0,3.906,5.600,OFF,0,0,53,Avail,Compl,Enable,0,GRN2#  ,ON,0,Not Act,Not Act,0,0,0,0.015,21247.676,21247.676,Avail,Compl,Avail,Incmpl,Incmpl,Enable,OBD II (California ARB),OFF,OFF,0,0,0,1st,OFF,OFF,OFF,OFF,OFF,OFF,1.562,2.344,ON,OFF,850,0,OFF,OFF,OFF,ON,Gasoline,0.968,OFF,OFF,0.684,ON,1.016,16.078,16,0,0.781,0.781,2.363,0.781,0.918,2.031,47.451,0,15.686,24,0,0,OFF,ECT 5th,NA,OFF,97.878,97.900,15.294,0,Not Avl,0,0,0,0,ON,ON,0,0,0
406,0,13.964,Not Avl,Compl,Compl,Unable,OFF,Not Avl,Compl,Compl,Unable,OFF,39.062,39.062,32.500,33.125,19.531,39.551,15.686,31.765,0.781,1.582,ON,0,OFF,ON,ON,1.000,0.997,-0.039,-0.047,3.230,3.220,0,97,51199.219,13.710,25.490,OFF,OFF,OFF,OFF,OFF,OFF,OFF,Avail,Incmpl,Incmpl,Enable,Avail,483.600,189.900,483.600,189.900,ON,Avail,Compl,Enable,68,0,0,0,0,0,0,6,A,0,0,Avail,Incmpl,Incmpl,Enable,OFF,OFF,282,917,51199.219,51199.219,51199.219,51199.219,51199.219,51199.219,1GRFE ,0,Avail,Incmpl,Incmpl,Enable,0,OFF,OFF,OFF,OFF,ON,ON,Avail,Compl,Enable,Compl,CL,CL,Compl,Unable,Not Avl,Compl,Incmpl,Enable,OFF,80,15,161,ON,42.500,21.250,0.117,2560,15,21,-3,OFF,0,3.906,5.560,OFF,0,0,62,Avail,Compl,Enable,0,GRN2#  ,ON,0,Not Act,Not Act,0,0,0,0.015,21247.676,21247.676,Avail,Compl,Avail,Incmpl,Incmpl,Enable,OBD II (California ARB),OFF,OFF,0,0,0,1st,OFF,OFF,OFF,OFF,OFF,OFF,1.562,1.562,ON,OFF,900,0,OFF,OFF,OFF,ON,Gasoline,0.968,OFF,OFF,0.684,ON,0.781,15.686,14,0,0.781,0.781,2.363,0.781,0.918,2.031,47.451,0,15.686,24,0,0,OFF,ECT 5th,NA,OFF,97.878,97.900,15.294,0,Not Avl,0,0,0,0,ON,ON,0,0,0
407,0,13.945,Not Avl,Compl,Compl,Unable,OFF,Not Avl,Compl,Compl,Unable,OFF,39.062,39.062,32.500,33.125,19.531,39.551,15.686,31.765,0.781,1.582,ON,0,OFF,ON,ON,0.997,0.999,-0.047,-0.039,3.220,3.230,0,97,51199.219,13.710,25.490,OFF,OFF,OFF,OFF,OFF,OFF,OFF,Avail,Incmpl,Incmpl,Enable,Avail,483.600,189.900,483.600,189.900,ON,Avail,Compl,Enable,68,0,0,0,0,0,0,6,A,0,0,Avail,Incmpl,Incmpl,Enable,OFF,OFF,282,919.500,51199.219,51199.219,51199.219,51199.219,51199.219,51199.219,1GRFE ,0,Avail,Incmpl,Incmpl,Enable,0,OFF,OFF,OFF,OFF,ON,ON,Avail,Compl,Enable,Compl,CL,CL,Compl,Unable,Not Avl,Compl,Incmpl,Enable,OFF,80,15,178,ON,42.500,21.250,0.117,2571,15,21,-3,OFF,0,3.906,5.600,OFF,0,0,62,Avail,Compl,Enable,0,GRN2#  ,ON,0,Not Act,Not Act,0,0,0,0.015,21247.676,21247.676,Avail,Compl,Avail,Incmpl,Incmpl,Enable,OBD II (California ARB),OFF,OFF,0,0,0,1st,OFF,OFF,OFF,OFF,OFF,OFF,1.562,2.344,ON,OFF,850,0,OFF,OFF,OFF,ON,Gasoline,0.969,OFF,OFF,0.684,ON,1.016,15.686,16,0,0.781,0.781,2.363,0.781,0.918,2.031,47.451,0,15.686,24,0,0,OFF,ECT 5th,NA,OFF,97.878,97.900,15.294,0,Not Avl,0,0,0,0,ON,ON,0,0,0
408,0,13.953,Not Avl,Compl,Compl,Unable,OFF,Not Avl,Compl,Compl,Unable,OFF,39.062,39.062,32.500,33.125,19.531,39.551,15.686,31.765,0.781,1.582,ON,0,OFF,ON,ON,0.997,1.001,-0.047,-0.035,3.220,3.239,0,97,51199.219,13.691,25.490,OFF,OFF,OFF,OFF,OFF,OFF,OFF,Avail,Incmpl,Incmpl,Enable,Avail,483.500,190.400,483.500,190.400,ON,Avail,Compl,Enable,69,0,0,0,0,0,0,6,A,0,0,Avail,Incmpl,Incmpl,Enable,OFF,OFF,283,910,51199.219,51199.219,51199.219,51199.219,51199.219,51199.219,1GRFE ,0,Avail,Incmpl,Incmpl,Enable,0,OFF,OFF,OFF,OFF,ON,ON,Avail,Compl,Enable,Compl,CL,CL,Compl,Unable,Not Avl,Compl,Incmpl,Enable,OFF,80,15,196,ON,42.500,21.250,0.117,2571,15,21,-3,OFF,0,3.906,5.600,OFF,0,0,63,Avail,Compl,Enable,0,GRN2#  ,ON,0,Not Act,Not Act,0,0,0,0.015,21247.676,21247.676,Avail,Compl,Avail,Incmpl,Incmpl,Enable,OBD II (California ARB),OFF,OFF,0,0,0,1st,OFF,OFF,OFF,OFF,OFF,OFF,0.781,2.344,ON,OFF,850,0,OFF,OFF,OFF,ON,Gasoline,0.971,OFF,OFF,0.684,ON,0.703,15.686,14,0,0.781,0.781,2.363,0.781,0.918,2.031,47.451,0,15.686,24,0,0,OFF,ECT 5th,NA,OFF,97.878,97.900,15.294,0,Not Avl,0,0,0,0,ON,ON,0,0,0
409,0,13.942,Not Avl,Compl,Compl,Unable,OFF,Not Avl,Compl,Compl,Unable,OFF,44.531,39.062,32.500,33.125,19.531,39.551,15.686,31.765,0.781,1.582,ON,0,OFF,ON,ON,0.999,0.999,-0.039,-0.039,3.230,3.230,0,97,51199.219,13.710,25.490,OFF,OFF,OFF,OFF,OFF,OFF,OFF,Avail,Incmpl,Incmpl,Enable,Avail,483.500,190.400,483.500,190.400,ON,Avail,Compl,Enable,69,0,0,0,0,0,0,6,A,0,0,Avail,Incmpl,Incmpl,Enable,OFF,OFF,283,913.250,51199.219,51199.219,51199.219,51199.219,51199.219,51199.219,1GRFE ,0,Avail,Incmpl,Incmpl,Enable,0,OFF,OFF,OFF,OFF,ON,ON,Avail,Compl,Enable,Compl,CL,CL,Compl,Unable,Not Avl,Compl,Incmpl,Enable,OFF,80,15,214,ON,42.500,21.250,0.117,2600,15,21,-3,OFF,0,3.906,5.540,OFF,0,0,63,Avail,Compl,Enable,0,GRN2#  ,ON,0,Not Act,Not Act,0,0,0,0.015,21247.676,21247.676,Avail,Compl,Avail,Incmpl,Incmpl,Enable,OBD II (California ARB),OFF,OFF,0,0,0,1st,OFF,OFF,OFF,OFF,OFF,OFF,1.562,2.344,ON,OFF,850,0,OFF,OFF,OFF,ON,Gasoline,0.971,OFF,OFF,0.684,ON,1.172,15.686,20,0,0.781,0.781,2.363,0.781,0.918,2.031,47.451,0,15.686,24,0,0,OFF,ECT 5th,NA,OFF,97.878,97.900,15.294,0,Not Avl,0,0,0,0,ON,ON,0,0,0
410,0,13.945,Not Avl,Compl,Compl,Unable,OFF,Not Avl,Compl,Compl,Unable,OFF,53.906,39.062,32.500,33.125,19.531,39.551,15.686,31.765,0.781,1.582,ON,0,OFF,ON,ON,0.997,0.997,-0.047,-0.047,3.220,3.220,0,97,51199.219,13.691,25.490,OFF,OFF,OFF,OFF,OFF,OFF,OFF,Avail,Incmpl,Incmpl,Enable,Avail,483.500,190.400,483.500,190.400,ON,Avail,Compl,Enable,69,0,0,0,0,0,0,6,A,0,0,Avail,Incmpl,Incmpl,Enable,OFF,OFF,283,903.750,51199.219,51199.219,51199.219,51199.219,51199.219,51199.219,1GRFE ,0,Avail,Incmpl,Incmpl,Enable,0,OFF,OFF,OFF,OFF,ON,ON,Avail,Compl,Enable,Compl,CL,CL,Compl,Unable,Not Avl,Compl,Incmpl,Enable,OFF,80,15,232,ON,42.500,21.250,0.117,2567,15,21,-3,OFF,0,3.906,5.500,OFF,0,0,63,Avail,Compl,Enable,0,GRN2#  ,ON,0,Not Act,Not Act,0,0,0,0.015,21247.676,21247.676,Avail,Compl,Avail,Incmpl,Incmpl,Enable,OBD II (California ARB),OFF,OFF,0,0,0,1st,OFF,OFF,OFF,OFF,OFF,OFF,0.781,2.344,ON,OFF,850,0,OFF,OFF,OFF,ON,Gasoline,0.971,OFF,OFF,0.684,ON,0.938,15.686,14,0,0.781,0.781,2.363,0.781,0.918,2.031,47.451,0,15.686,24,0,0,OFF,ECT 5th,NA,OFF,97.878,97.900,15.294,0,Not Avl,0,0,0,0,ON,ON,0,0,0
411,0,13.964,Not Avl,Compl,Compl,Unable,OFF,Not Avl,Compl,Compl,Unable,OFF,57.812,39.062,32.500,33.125,19.531,39.551,15.686,31.765,0.781,1.582,ON,0,OFF,ON,ON,0.997,0.997,-0.047,-0.051,3.220,3.215,0,97,51199.219,13.710,25.490,OFF,OFF,OFF,OFF,OFF,OFF,OFF,Avail,Incmpl,Incmpl,Enable,Avail,483.500,190.900,483.500,190.900,ON,Avail,Compl,Enable,69,0,0,0,0,0,0,6,A,0,0,Avail,Incmpl,Incmpl,Enable,OFF,OFF,284,899,51199.219,51199.219,51199.219,51199.219,51199.219,51199.219,1GRFE ,0,Avail,Incmpl,Incmpl,Enable,0,OFF,OFF,OFF,OFF,ON,ON,Avail,Compl,Enable,Compl,CL,CL,Compl,Unable,Not Avl,Compl,Incmpl,Enable,OFF,80,15,249,ON,42.500,21.250,0.117,2578,15,21,-3,OFF,0,3.906,5.540,OFF,0,0,52,Avail,Compl,Enable,0,GRN2#  ,ON,0,Not Act,Not Act,0,0,0,0.015,21247.676,21247.676,Avail,Compl,Avail,Incmpl,Incmpl,Enable,OBD II (California ARB),OFF,OFF,0,0,0,1st,OFF,OFF,OFF,OFF,OFF,OFF,0.781,1.562,ON,OFF,850,0,OFF,OFF,OFF,ON,Gasoline,0.973,OFF,OFF,0.684,ON,0.625,15.686,12,0,0.781,0.781,2.363,0.781,0.918,2.031,47.451,0,15.686,24,0,0,OFF,ECT 5th,NA,OFF,97.878,97.878,15.294,0,Not Avl,0,0,0,0,ON,ON,0,0,0
412,0,13.964,Not Avl,Compl,Compl,Unable,OFF,Not Avl,Compl,Compl,Unable,OFF,53.906,39.062,32.500,33.125,19.531,39.551,15.686,31.765,0.781,1.582,ON,0,OFF,ON,ON,0.999,0.999,-0.039,-0.039,3.235,3.235,0,97,51199.219,13.710,25.882,OFF,OFF,OFF,OFF,OFF,OFF,OFF,Avail,Incmpl,Incmpl,Enable,Avail,483.500,190.900,483.500,190.900,ON,Avail,Compl,Enable,69,0,0,0,0,0,0,6,A,0,0,Avail,Incmpl,Incmpl,Enable,OFF,OFF,284,903.750,51199.219,51199.219,51199.219,51199.219,51199.219,51199.219,1GRFE ,0,Avail,Incmpl,Incmpl,Enable,0,OFF,OFF,OFF,OFF,ON,ON,Avail,Compl,Enable,Compl,CL,CL,Compl,Unable,Not Avl,Compl,Incmpl,Enable,OFF,80,15,268,ON,42.500,21.250,0.117,2582,15,21,-3,OFF,0,3.906,5.510,OFF,0,0,52,Avail,Compl,Enable,0,GRN2#  ,ON,0,Not Act,Not Act,0,0,0,0.015,21247.676,21247.676,Avail,Compl,Avail,Incmpl,Incmpl,Enable,OBD II (California ARB),OFF,OFF,0,0,0,1st,OFF,OFF,OFF,OFF,OFF,OFF,0.781,2.344,ON,OFF,850,0,OFF,OFF,OFF,ON,Gasoline,0.973,OFF,OFF,0.684,ON,0.781,15.686,12,0,0.781,0.781,2.363,0.781,0.918,2.031,47.451,0,15.686,24,0,0,OFF,ECT 5th,NA,OFF,97.878,97.900,15.294,0,Not Avl,0,0,0,0,ON,ON,0,0,0
413,0,13.945,Not Avl,Compl,Compl,Unable,OFF,Not Avl,Compl,Compl,Unable,OFF,42.969,39.062,32.500,33.125,19.531,39.551,15.686,31.765,0.781,1.582,ON,0,OFF,ON,ON,1.003,0.997,-0.027,-0.047,3.249,3.220,0,97,51199.219,13.710,25.490,OFF,OFF,OFF,OFF,OFF,OFF,OFF,Avail,Incmpl,Incmpl,Enable,Avail,483.400,191.400,483.400,191.400,ON,Avail,Compl,Enable,69,0,0,0,0,0,0,6,A,0,0,Avail,Incmpl,Incmpl,Enable,OFF,OFF,285,904.500,51199.219,51199.219,51199.219,51199.219,51199.219,51199.219,1GRFE ,0,Avail,Incmpl,Incmpl,Enable,0,OFF,OFF,OFF,OFF,ON,ON,Avail,Compl,Enable,Compl,CL,CL,Compl,Unable,Not Avl,Compl,Incmpl,Enable,OFF,80,15,288,ON,42.500,21.250,0.117,2571,15,21,-3,OFF,0,3.906,5.480,OFF,0,0,52,Avail,Compl,Enable,0,GRN2#  ,ON,0,Not Act,Not Act,0,0,0,0.015,21247.676,21247.676,Avail,Compl,Avail,Incmpl,Incmpl,Enable,OBD II (California ARB),OFF,OFF,0,0,0,1st,OFF,OFF,OFF,OFF,OFF,OFF,1.562,1.562,ON,OFF,850,0,OFF,OFF,OFF,ON,Gasoline,0.971,OFF,OFF,0.684,ON,0.938,15.686,14,0,0.781,0.781,2.363,0.781,0.918,2.031,47.451,0,15.686,24,0,0,OFF,ECT 5th,NA,OFF,97.878,97.900,15.294,0,Not Avl,0,0,0,0,ON,ON,0,0,0
414,0,13.926,Not Avl,Compl,Compl,Unable,OFF,Not Avl,Compl,Compl,Unable,OFF,39.844,45.312,32.500,33.125,19.531,39.551,15.686,31.765,0.781,1.582,ON,0,OFF,ON,ON,1.003,1.003,-0.027,-0.027,3.254,3.254,0,97,51199.219,13.710,25.490,OFF,OFF,OFF,OFF,OFF,OFF,OFF,Avail,Incmpl,Incmpl,Enable,Avail,483.400,191.400,483.400,191.400,ON,Avail,Compl,Enable,69,0,0,0,0,0,0,6,A,0,0,Avail,Incmpl,Incmpl,Enable,OFF,OFF,285,901.500,51199.219,51199.219,51199.219,51199.219,51199.219,51199.219,1GRFE ,0,Avail,Incmpl,Incmpl,Enable,0,OFF,OFF,OFF,OFF,ON,ON,Avail,Compl,Enable,Compl,CL,CL,Compl,Unable,Not Avl,Compl,Incmpl,Enable,OFF,80,15,314,ON,42.500,21.250,0.117,2586,15,21,-3,OFF,0,3.906,5.540,OFF,0,0,57,Avail,Compl,Enable,0,GRN2#  ,ON,0,Not Act,Not Act,0,0,0,0.015,21247.676,21247.676,Avail,Compl,Avail,Incmpl,Incmpl,Enable,OBD II (California ARB),OFF,OFF,0,0,0,1st,OFF,OFF,OFF,OFF,OFF,OFF,1.562,2.344,ON,OFF,850,0,OFF,OFF,OFF,ON,Gasoline,0.969,OFF,OFF,0.684,ON,1.094,15.686,17,0,0.781,0.781,2.363,0.781,0.918,2.031,47.451,0,15.686,24,0,0,OFF,ECT 5th,NA,OFF,97.878,97.900,15.294,0,Not Avl,0,0,0,0,ON,ON,0,0,0
415,0,13.944,Not Avl,Compl,Compl,Unable,OFF,Not Avl,Compl,Compl,Unable,OFF,39.062,54.688,32.500,33.125,19.531,39.551,15.686,31.765,0.781,1.582,ON,0,OFF,ON,ON,0.999,1.002,-0.039,-0.031,3.230,3.244,0,97,51199.219,13.691,25.490,OFF,OFF,OFF,OFF,OFF,OFF,OFF,Avail,Incmpl,Incmpl,Enable,Avail,483.400,191.400,483.400,191.400,ON,Avail,Compl,Enable,69,0,0,0,0,0,0,6,A,0,0,Avail,Incmpl,Incmpl,Enable,OFF,OFF,286,902.250,51199.219,51199.219,51199.219,51199.219,51199.219,51199.219,1GRFE ,0,Avail,Incmpl,Incmpl,Enable,0,OFF,OFF,OFF,OFF,ON,ON,Avail,Compl,Enable,Compl,CL,CL,Compl,Unable,Not Avl,Compl,Incmpl,Enable,OFF,80,15,333,ON,42.500,21.250,0.117,2575,15,21,-3,OFF,0,3.906,5.540,OFF,0,0,57,Avail,Compl,Enable,0,GRN2#  ,ON,0,Not Act,Not Act,0,0,0,0.015,21247.676,21247.676,Avail,Compl,Avail,Incmpl,Incmpl,Enable,OBD II (California ARB),OFF,OFF,0,0,0,1st,OFF,OFF,OFF,OFF,OFF,OFF,1.562,2.344,ON,OFF,850,0,OFF,OFF,OFF,ON,Gasoline,0.967,OFF,OFF,0.684,ON,0.938,15.686,13,0,0.781,0.781,2.363,0.781,0.918,2.031,47.451,0,15.686,24,0,0,OFF,ECT 5th,NA,OFF,97.878,97.900,15.294,0,Not Avl,0,0,0,0,ON,ON,0,0,0
416,0,13.959,Not Avl,Compl,Compl,Unable,OFF,Not Avl,Compl,Compl,Unable,OFF,39.062,57.812,32.500,33.125,19.531,39.551,15.686,31.765,0.781,1.582,ON,0,OFF,ON,ON,0.999,1.002,-0.039,-0.027,3.230,3.249,0,97,51199.219,13.691,25.490,OFF,OFF,OFF,OFF,OFF,OFF,OFF,Avail,Incmpl,Incmpl,Enable,Avail,483.300,191.900,483.300,191.900,ON,Avail,Compl,Enable,69,0,0,0,0,0,0,6,A,0,0,Avail,Incmpl,Incmpl,Enable,OFF,OFF,286,901.500,51199.219,51199.219,51199.219,51199.219,51199.219,51199.219,1GRFE ,0,Avail,Incmpl,Incmpl,Enable,0,OFF,OFF,OFF,OFF,ON,ON,Avail,Compl,Enable,Compl,CL,CL,Compl,Unable,Not Avl,Compl,Incmpl,Enable,OFF,80,15,353,ON,42.500,21.250,0.117,2567,15,21,-3,OFF,0,3.906,5.540,OFF,0,0,56,Avail,Compl,Enable,0,GRN2#  ,ON,0,Not Act,Not Act,0,0,0,0.015,21247.676,21247.676,Avail,Compl,Avail,Incmpl,Incmpl,Enable,OBD II (California ARB),OFF,OFF,0,0,0,1st,OFF,OFF,OFF,OFF,OFF,OFF,1.562,2.344,ON,OFF,850,0,OFF,OFF,OFF,ON,Gasoline,0.967,OFF,OFF,0.684,ON,0.703,15.686,10,0,0.781,0.781,2.363,0.781,0.918,2.031,47.451,0,15.686,24,0,0,OFF,ECT 5th,NA,OFF,97.878,97.900,15.294,0,Not Avl,0,0,0,0,ON,ON,0,0,0
417,0,13.934,Not Avl,Compl,Compl,Unable,OFF,Not Avl,Compl,Compl,Unable,OFF,39.062,44.531,32.500,33.125,19.531,39.551,15.686,31.765,0.781,1.582,ON,0,OFF,ON,ON,0.995,0.998,-0.055,-0.043,3.205,3.225,0,97,51199.219,13.691,25.490,OFF,OFF,OFF,OFF,OFF,OFF,OFF,Avail,Incmpl,Incmpl,Enable,Avail,483.300,191.900,483.300,191.900,ON,Avail,Compl,Enable,69,0,0,0,0,0,0,6,A,0,0,Avail,Incmpl,Incmpl,Enable,OFF,OFF,286,912.500,51199.219,51199.219,51199.219,51199.219,51199.219,51199.219,1GRFE ,0,Avail,Incmpl,Incmpl,Enable,0,OFF,OFF,OFF,OFF,ON,ON,Avail,Compl,Enable,Compl,CL,CL,Compl,Unable,Not Avl,Compl,Incmpl,Enable,OFF,80,15,374,ON,42.500,21.250,0.117,2546,15,21,-3,OFF,0,3.906,5.480,OFF,0,0,56,Avail,Compl,Enable,0,GRN2#  ,ON,0,Not Act,Not Act,0,0,0,0.015,21247.676,21247.676,Avail,Compl,Avail,Incmpl,Incmpl,Enable,OBD II (California ARB),OFF,OFF,0,0,0,1st,OFF,OFF,OFF,OFF,OFF,OFF,1.562,2.344,ON,OFF,850,0,OFF,OFF,OFF,ON,Gasoline,0.967,OFF,OFF,0.684,ON,1.094,15.686,17,0,0.781,0.781,2.363,0.781,0.918,2.031,47.451,0,15.686,24,0,0,OFF,ECT 5th,NA,OFF,97.878,97.900,14.902,0,Not Avl,0,0,0,0,ON,ON,0,0,0
418,0,13.964,Not Avl,Compl,Compl,Unable,OFF,Not Avl,Compl,Compl,Unable,OFF,39.062,40.625,32.500,33.125,19.531,39.551,15.686,31.765,0.781,1.582,ON,0,OFF,ON,ON,0.995,0.997,-0.055,-0.047,3.210,3.220,0,97,51199.219,13.691,25.490,OFF,OFF,OFF,OFF,OFF,OFF,OFF,Avail,Incmpl,Incmpl,Enable,Avail,483.200,192.400,483.200,192.400,ON,Avail,Compl,Enable,69,0,0,0,0,0,0,6,A,0,0,Avail,Incmpl,Incmpl,Enable,OFF,OFF,287,896.750,51199.219,51199.219,51199.219,51199.219,51199.219,51199.219,1GRFE ,0,Avail,Incmpl,Incmpl,Enable,0,OFF,OFF,OFF,OFF,ON,ON,Avail,Compl,Enable,Compl,CL,CL,Compl,Unable,Not Avl,Compl,Incmpl,Enable,OFF,80,15,394,ON,42.500,21.250,0.117,2575,15,21,-3,OFF,0,3.906,5.540,OFF,0,0,62,Avail,Compl,Enable,0,GRN2#  ,ON,0,Not Act,Not Act,0,0,0,0.015,21247.676,21247.676,Avail,Compl,Avail,Incmpl,Incmpl,Enable,OBD II (California ARB),OFF,OFF,0,0,0,1st,OFF,OFF,OFF,OFF,OFF,OFF,0.781,2.344,ON,OFF,850,0,OFF,OFF,OFF,ON,Gasoline,0.969,OFF,OFF,0.684,ON,0.234,15.686,8,0,0.781,0.781,2.363,0.781,0.918,2.031,47.451,0,15.686,24,0,0,OFF,ECT 5th,NA,OFF,97.878,97.900,15.294,0,Not Avl,0,0,0,0,ON,ON,0,0,0
419,0,13.945,Not Avl,Compl,Compl,Unable,OFF,Not Avl,Compl,Compl,Unable,OFF,39.062,37.500,32.500,33.125,19.531,39.551,15.686,31.765,0.781,1.582,ON,0,OFF,ON,ON,1.002,1.002,-0.031,-0.031,3.244,3.244,0,97,51199.219,13.710,25.882,OFF,OFF,OFF,OFF,OFF,OFF,OFF,Avail,Incmpl,Incmpl,Enable,Avail,483.200,192.400,483.200,192.400,ON,Avail,Compl,Enable,69,0,0,0,0,0,0,6,A,0,0,Avail,Incmpl,Incmpl,Enable,OFF,OFF,287,907.750,51199.219,51199.219,51199.219,51199.219,51199.219,51199.219,1GRFE ,0,Avail,Incmpl,Incmpl,Enable,0,OFF,OFF,OFF,OFF,ON,ON,Avail,Compl,Enable,Compl,CL,CL,Compl,Unable,Not Avl,Compl,Incmpl,Enable,OFF,80,15,415,ON,42.500,21.250,0.116,2586,15,21,-3,OFF,0,3.906,5.670,OFF,0,0,62,Avail,Compl,Enable,0,GRN2#  ,ON,0,Not Act,Not Act,0,0,0,0.015,21247.676,21247.676,Avail,Compl,Avail,Incmpl,Incmpl,Enable,OBD II (California ARB),OFF,OFF,0,0,0,1st,OFF,OFF,OFF,OFF,OFF,OFF,1.562,3.125,ON,OFF,850,0,OFF,OFF,OFF,ON,Gasoline,0.969,OFF,OFF,0.684,ON,1.172,15.686,16,0,0.781,0.781,2.363,0.781,0.918,2.031,47.451,0,15.686,24,0,0,OFF,ECT 5th,NA,OFF,97.878,97.900,15.686,0,Not Avl,0,0,0,0,ON,ON,0,0,0
420,0,13.944,Not Avl,Compl,Compl,Unable,OFF,Not Avl,Compl,Compl,Unable,OFF,39.062,37.500,32.500,33.125,19.531,39.551,15.686,31.765,0.781,1.582,ON,0,OFF,ON,ON,1.000,1.001,-0.039,-0.039,3.235,3.235,0,97,51199.219,13.691,25.490,OFF,OFF,OFF,OFF,OFF,OFF,OFF,Avail,Incmpl,Incmpl,Enable,Avail,483.200,192.900,483.200,192.900,ON,Avail,Compl,Enable,69,0,0,0,0,0,0,6,A,0,0,Avail,Incmpl,Incmpl,Enable,OFF,OFF,288,910.750,51199.219,51199.219,51199.219,51199.219,51199.219,51199.219,1GRFE ,0,Avail,Incmpl,Incmpl,Enable,0,OFF,OFF,OFF,OFF,ON,ON,Avail,Compl,Enable,Compl,CL,CL,Compl,Unable,Not Avl,Compl,Incmpl,Enable,OFF,80,15,434,ON,42.500,21.250,0.116,2596,15,21,-3,OFF,0,3.906,5.480,OFF,0,0,53,Avail,Compl,Enable,0,GRN2#  ,ON,0,Not Act,Not Act,0,0,0,0.015,21247.676,21247.676,Avail,Compl,Avail,Incmpl,Incmpl,Enable,OBD II (California ARB),OFF,OFF,0,0,0,1st,OFF,OFF,OFF,OFF,OFF,OFF,1.562,3.125,ON,OFF,850,0,OFF,OFF,OFF,ON,Gasoline,0.967,OFF,OFF,0.684,ON,1.016,15.686,17,0,0.781,0.781,2.363,0.781,0.918,2.031,47.451,0,15.686,24,0,0,OFF,ECT 5th,NA,OFF,97.878,97.900,14.902,0,Not Avl,0,0,0,0,ON,ON,0,0,0
421,0,13.926,Not Avl,Compl,Compl,Unable,OFF,Not Avl,Compl,Compl,Unable,OFF,48.438,37.500,32.500,33.125,19.531,39.551,15.686,31.765,0.781,1.582,ON,0,OFF,ON,ON,0.994,0.994,-0.059,-0.062,3.200,3.196,0,97,51199.219,13.710,25.490,OFF,OFF,OFF,OFF,OFF,OFF,OFF,Avail,Incmpl,Incmpl,Enable,Avail,483.200,192.900,483.200,192.900,ON,Avail,Compl,Enable,69,0,0,0,0,0,0,6,A,0,0,Avail,Incmpl,Incmpl,Enable,OFF,OFF,288,910.750,51199.219,51199.219,51199.219,51199.219,51199.219,51199.219,1GRFE ,0,Avail,Incmpl,Incmpl,Enable,0,OFF,OFF,OFF,OFF,ON,ON,Avail,Compl,Enable,Compl,CL,CL,Compl,Unable,Not Avl,Compl,Incmpl,Enable,OFF,80,15,452,ON,42.500,21.250,0.116,2607,15,21,-3,OFF,0,3.906,5.540,OFF,0,0,53,Avail,Compl,Enable,0,GRN2#  ,ON,0,Not Act,Not Act,0,0,0,0.015,21247.676,21247.676,Avail,Compl,Avail,Incmpl,Incmpl,Enable,OBD II (California ARB),OFF,OFF,0,0,0,1st,OFF,OFF,OFF,OFF,OFF,OFF,1.562,2.344,ON,OFF,850,0,OFF,OFF,OFF,ON,Gasoline,0.968,OFF,OFF,0.684,ON,1.172,15.686,18,0,0.781,0.781,2.363,0.781,0.918,2.031,47.451,0,15.686,24,0,0,OFF,ECT 5th,NA,OFF,97.878,97.900,15.294,0,Not Avl,0,0,0,0,ON,ON,0,0,0
422,0,13.926,Not Avl,Compl,Compl,Unable,OFF,Not Avl,Compl,Compl,Unable,OFF,55.469,37.500,32.500,33.125,19.531,39.551,15.686,31.765,0.781,1.582,ON,0,OFF,ON,ON,0.997,0.996,-0.047,-0.051,3.220,3.215,0,97,51199.219,13.691,25.882,OFF,OFF,OFF,OFF,OFF,OFF,OFF,Avail,Incmpl,Incmpl,Enable,Avail,483.200,192.900,483.200,192.900,ON,Avail,Compl,Enable,69,0,0,0,0,0,0,6,A,0,0,Avail,Incmpl,Incmpl,Enable,OFF,OFF,289,910,51199.219,51199.219,51199.219,51199.219,51199.219,51199.219,1GRFE ,0,Avail,Incmpl,Incmpl,Enable,0,OFF,OFF,OFF,OFF,ON,ON,Avail,Compl,Enable,Compl,CL,CL,Compl,Unable,Not Avl,Compl,Incmpl,Enable,OFF,80,15,469,ON,42.500,21.250,0.117,2571,15,21,-3,OFF,0,3.906,5.480,OFF,0,0,53,Avail,Compl,Enable,0,GRN2#  ,ON,0,Not Act,Not Act,0,0,0,0.015,21247.676,21247.676,Avail,Compl,Avail,Incmpl,Incmpl,Enable,OBD II (California ARB),OFF,OFF,0,0,0,1st,OFF,OFF,OFF,OFF,OFF,OFF,1.562,2.344,ON,OFF,850,0,OFF,OFF,OFF,ON,Gasoline,0.970,OFF,OFF,0.684,ON,1.328,15.686,19,0,0.781,0.781,2.363,0.781,0.918,2.031,47.451,0,15.686,24,0,0,OFF,ECT 5th,NA,OFF,97.878,97.878,14.902,0,Not Avl,0,0,0,0,ON,ON,0,0,0
423,0,13.949,Not Avl,Compl,Compl,Unable,OFF,Not Avl,Compl,Compl,Unable,OFF,58.594,37.500,32.500,33.125,19.531,39.551,15.686,31.765,0.781,1.582,ON,0,OFF,ON,ON,0.996,0.996,-0.055,-0.051,3.210,3.215,0,97,51199.219,13.691,25.490,OFF,OFF,OFF,OFF,OFF,OFF,OFF,Avail,Incmpl,Incmpl,Enable,Avail,483.100,193.400,483.100,193.400,ON,Avail,Compl,Enable,69,0,0,0,0,0,0,6,A,0,0,Avail,Incmpl,Incmpl,Enable,OFF,OFF,289,908.500,51199.219,51199.219,51199.219,51199.219,51199.219,51199.219,1GRFE ,0,Avail,Incmpl,Incmpl,Enable,0,OFF,OFF,OFF,OFF,ON,ON,Avail,Compl,Enable,Compl,CL,CL,Compl,Unable,Not Avl,Compl,Incmpl,Enable,OFF,80,15,485,ON,42.500,21.250,0.117,2549,15,21,-3,OFF,0,3.906,5.480,OFF,0,0,44,Avail,Compl,Enable,0,GRN2#  ,ON,0,Not Act,Not Act,0,0,0,0.015,21247.676,21247.676,Avail,Compl,Avail,Incmpl,Incmpl,Enable,OBD II (California ARB),OFF,OFF,0,0,0,1st,OFF,OFF,OFF,OFF,OFF,OFF,0.781,2.344,ON,OFF,850,0,OFF,OFF,OFF,ON,Gasoline,0.969,OFF,OFF,0.684,ON,0.781,15.686,12,0,0.781,0.781,2.363,0.781,0.918,2.031,47.451,0,15.686,24,0,0,OFF,ECT 5th,NA,OFF,97.878,97.900,14.902,0,Not Avl,0,0,0,0,ON,ON,0,0,0
424,0,13.949,Not Avl,Compl,Compl,Unable,OFF,Not Avl,Compl,Compl,Unable,OFF,50,37.500,32.500,33.125,19.531,39.551,15.686,31.765,0.781,1.582,ON,0,OFF,ON,ON,0.995,0.997,-0.055,-0.047,3.210,3.220,0,97,51199.219,13.710,25.490,OFF,OFF,OFF,OFF,OFF,OFF,OFF,Avail,Incmpl,Incmpl,Enable,Avail,483.100,193.400,483.100,193.400,ON,Avail,Compl,Enable,69,0,0,0,0,0,0,6,A,0,0,Avail,Incmpl,Incmpl,Enable,OFF,OFF,289,910,51199.219,51199.219,51199.219,51199.219,51199.219,51199.219,1GRFE ,0,Avail,Incmpl,Incmpl,Enable,0,OFF,OFF,OFF,OFF,ON,ON,Avail,Compl,Enable,Compl,CL,CL,Compl,Unable,Not Avl,Compl,Incmpl,Enable,OFF,80,15,502,ON,42.500,21.250,0.117,2546,15,21,-3,OFF,0,3.906,5.540,OFF,0,0,44,Avail,Compl,Enable,0,GRN2#  ,ON,0,Not Act,Not Act,0,0,0,0.015,21247.676,21247.676,Avail,Compl,Avail,Incmpl,Incmpl,Enable,OBD II (California ARB),OFF,OFF,0,0,0,1st,OFF,OFF,OFF,OFF,OFF,OFF,0.781,2.344,ON,OFF,850,0,OFF,OFF,OFF,ON,Gasoline,0.972,OFF,OFF,0.684,ON,0.703,15.686,13,0,0.781,0.781,2.363,0.781,0.918,2.031,47.451,0,15.686,24,0,0,OFF,ECT 5th,NA,OFF,97.878,97.900,15.294,0,Not Avl,0,0,0,0,ON,ON,0,0,0
425,0,13.960,Not Avl,Compl,Compl,Unable,OFF,Not Avl,Compl,Compl,Unable,OFF,44.531,37.500,32.500,33.125,19.531,39.551,15.686,31.765,0.781,1.582,ON,0,OFF,ON,ON,0.998,1.000,-0.039,-0.035,3.230,3.239,0,97,51199.219,13.710,25.490,OFF,OFF,OFF,OFF,OFF,OFF,OFF,Avail,Incmpl,Incmpl,Enable,Avail,483.100,193.400,483.100,193.400,ON,Avail,Compl,Enable,69,0,0,0,0,0,0,6,A,0,0,Avail,Incmpl,Incmpl,Enable,OFF,OFF,290,905.250,51199.219,51199.219,51199.219,51199.219,51199.219,51199.219,1GRFE ,0,Avail,Incmpl,Incmpl,Enable,0,OFF,OFF,OFF,OFF,ON,ON,Avail,Compl,Enable,Compl,CL,CL,Compl,Unable,Not Avl,Compl,Incmpl,Enable,OFF,80,15,518,ON,42.500,21.250,0.116,2567,15,21,-3,OFF,0,3.906,5.540,OFF,0,0,44,Avail,Compl,Enable,0,GRN2#  ,ON,0,Not Act,Not Act,0,0,0,0.015,21247.676,21247.676,Avail,Compl,Avail,Incmpl,Incmpl,Enable,OBD II (California ARB),OFF,OFF,0,0,0,1st,OFF,OFF,OFF,OFF,OFF,OFF,0.781,2.344,ON,OFF,850,0,OFF,OFF,OFF,ON,Gasoline,0.972,OFF,OFF,0.684,ON,0.781,15.686,12,0,0.781,0.781,2.363,0.781,0.918,2.031,47.451,0,15.686,24,0,0,OFF,ECT 5th,NA,OFF,97.878,97.878,15.294,0,Not Avl,0,0,0,0,ON,ON,0,0,0
426,0,13.945,Not Avl,Compl,Compl,Unable,OFF,Not Avl,Compl,Compl,Unable,OFF,40.625,42.969,32.500,33.125,19.531,39.551,15.686,31.765,0.781,1.582,ON,0,OFF,ON,ON,0.998,1.003,-0.043,-0.027,3.225,3.249,0,97,51199.219,13.710,25.490,OFF,OFF,OFF,OFF,OFF,OFF,OFF,Avail,Incmpl,Incmpl,Enable,Avail,483,193.900,483,193.900,ON,Avail,Compl,Enable,69,0,0,0,0,0,0,6,A,0,0,Avail,Incmpl,Incmpl,Enable,OFF,OFF,290,900.750,51199.219,51199.219,51199.219,51199.219,51199.219,51199.219,1GRFE ,0,Avail,Incmpl,Incmpl,Enable,0,OFF,OFF,OFF,OFF,ON,ON,Avail,Compl,Enable,Compl,CL,CL,Compl,Unable,Not Avl,Compl,Incmpl,Enable,OFF,80,15,534,ON,42.500,21.250,0.116,2567,15,21,-3,OFF,0,3.906,5.540,OFF,0,0,57,Avail,Compl,Enable,0,GRN2#  ,ON,0,Not Act,Not Act,0,0,0,0.015,21247.676,21247.676,Avail,Compl,Avail,Incmpl,Incmpl,Enable,OBD II (California ARB),OFF,OFF,0,0,0,1st,OFF,OFF,OFF,OFF,OFF,OFF,0.781,2.344,ON,OFF,850,0,OFF,OFF,OFF,ON,Gasoline,0.972,OFF,OFF,0.684,ON,1.016,15.686,15,0,0.781,0.781,2.363,0.781,0.918,2.031,47.451,0,15.686,24,0,0,OFF,ECT 5th,NA,OFF,97.878,97.900,15.294,0,Not Avl,0,0,0,0,ON,ON,0,0,0
427,0,13.945,Not Avl,Compl,Compl,Unable,OFF,Not Avl,Compl,Compl,Unable,OFF,39.844,53.125,32.500,33.125,19.531,39.551,15.686,31.765,0.781,1.582,ON,0,OFF,ON,ON,0.998,1.000,-0.043,-0.039,3.225,3.235,0,97,51199.219,13.691,25.490,OFF,OFF,OFF,OFF,OFF,OFF,OFF,Avail,Incmpl,Incmpl,Enable,Avail,483,193.900,483,193.900,ON,Avail,Compl,Enable,69,0,0,0,0,0,0,6,A,0,0,Avail,Incmpl,Incmpl,Enable,OFF,OFF,290,898.250,51199.219,51199.219,51199.219,51199.219,51199.219,51199.219,1GRFE ,0,Avail,Incmpl,Incmpl,Enable,0,OFF,OFF,OFF,OFF,ON,ON,Avail,Compl,Enable,Compl,CL,CL,Compl,Unable,Not Avl,Compl,Incmpl,Enable,OFF,80,15,553,ON,42.500,21.250,0.116,2557,15,21,-3,OFF,0,3.906,5.480,OFF,0,0,57,Avail,Compl,Enable,0,GRN2#  ,ON,0,Not Act,Not Act,0,0,0,0.015,21247.676,21247.676,Avail,Compl,Avail,Incmpl,Incmpl,Enable,OBD II (California ARB),OFF,OFF,0,0,0,1st,OFF,OFF,OFF,OFF,OFF,OFF,0.781,2.344,ON,OFF,850,0,OFF,OFF,OFF,ON,Gasoline,0.973,OFF,OFF,0.684,ON,1.016,15.686,17,0,0.781,0.781,2.363,0.781,0.918,2.031,47.451,0,15.686,24,0,0,OFF,ECT 5th,NA,OFF,97.878,97.878,15.294,0,Not Avl,0,0,0,0,ON,ON,0,0,0
428,0,13.936,Not Avl,Compl,Compl,Unable,OFF,Not Avl,Compl,Compl,Unable,OFF,39.062,57.031,32.500,33.125,19.531,39.551,15.686,31.765,0.781,1.582,ON,0,OFF,ON,ON,1.003,1.001,-0.027,-0.031,3.254,3.244,0,97,51199.219,13.691,25.490,OFF,OFF,OFF,OFF,OFF,OFF,OFF,Avail,Incmpl,Incmpl,Enable,Avail,483,193.900,483,193.900,ON,Avail,Compl,Enable,69,0,0,0,0,0,0,6,A,0,0,Avail,Incmpl,Incmpl,Enable,OFF,OFF,291,895.250,51199.219,51199.219,51199.219,51199.219,51199.219,51199.219,1GRFE ,0,Avail,Incmpl,Incmpl,Enable,0,OFF,OFF,OFF,OFF,ON,ON,Avail,Compl,Enable,Compl,CL,CL,Compl,Unable,Not Avl,Compl,Incmpl,Enable,OFF,80,15,570,ON,42.500,21.250,0.116,2567,15,21,-3,OFF,0,3.906,5.480,OFF,0,0,57,Avail,Compl,Enable,0,GRN2#  ,ON,0,Not Act,Not Act,0,0,0,0.015,21247.676,21247.676,Avail,Compl,Avail,Incmpl,Incmpl,Enable,OBD II (California ARB),OFF,OFF,0,0,0,1st,OFF,OFF,OFF,OFF,OFF,OFF,1.562,2.344,ON,OFF,850,0,OFF,OFF,OFF,ON,Gasoline,0.971,OFF,OFF,0.684,ON,0.938,15.686,14,0,0.781,0.781,2.363,0.781,0.918,2.031,47.451,0,15.686,24,0,0,OFF,ECT 5th,NA,OFF,97.878,97.878,15.294,0,Not Avl,0,0,0,0,ON,ON,0,0,0
429,0,13.950,Not Avl,Compl,Compl,Unable,OFF,Not Avl,Compl,Compl,Unable,OFF,39.062,56.250,32.500,33.125,19.531,39.551,15.686,31.765,0.781,1.582,ON,0,OFF,ON,ON,1.004,1.002,-0.023,-0.031,3.259,3.244,0,97,51199.219,13.691,25.490,OFF,OFF,OFF,OFF,OFF,OFF,OFF,Avail,Incmpl,Incmpl,Enable,Avail,482.900,194.400,482.900,194.400,ON,Avail,Compl,Enable,69,0,0,0,0,0,0,6,A,0,0,Avail,Incmpl,Incmpl,Enable,OFF,OFF,291,892,51199.219,51199.219,51199.219,51199.219,51199.219,51199.219,1GRFE ,0,Avail,Incmpl,Incmpl,Enable,0,OFF,OFF,OFF,OFF,ON,ON,Avail,Compl,Enable,Compl,CL,CL,Compl,Unable,Not Avl,Compl,Incmpl,Enable,OFF,80,15,587,ON,42.500,21.250,0.116,2582,15,21,-3,OFF,0,3.906,5.530,OFF,0,0,66,Avail,Compl,Enable,0,GRN2#  ,ON,0,Not Act,Not Act,0,0,0,0.015,21247.676,21247.676,Avail,Compl,Avail,Incmpl,Incmpl,Enable,OBD II (California ARB),OFF,OFF,0,0,0,1st,OFF,OFF,OFF,OFF,OFF,OFF,1.562,3.125,ON,OFF,850,0,OFF,OFF,OFF,ON,Gasoline,0.969,OFF,OFF,0.684,ON,0.781,15.686,13,0,0.781,0.781,2.363,0.781,0.918,2.031,47.451,0,15.686,24,0,0,OFF,ECT 5th,NA,OFF,97.878,97.900,15.686,0,Not Avl,0,0,0,0,ON,ON,0,0,0
430,0,13.955,Not Avl,Compl,Compl,Unable,OFF,Not Avl,Compl,Compl,Unable,OFF,39.062,49.219,32.500,33.125,19.531,39.551,15.686,31.765,0.781,1.582,ON,0,OFF,ON,ON,1.002,1.002,-0.031,-0.031,3.244,3.244,0,97,51199.219,13.691,25.490,OFF,OFF,OFF,OFF,OFF,OFF,OFF,Avail,Incmpl,Incmpl,Enable,Avail,482.900,194.400,482.900,194.400,ON,Avail,Compl,Enable,69,0,0,0,0,0,0,6,A,0,0,Avail,Incmpl,Incmpl,Enable,OFF,OFF,291,896,51199.219,51199.219,51199.219,51199.219,51199.219,51199.219,1GRFE ,0,Avail,Incmpl,Incmpl,Enable,0,OFF,OFF,OFF,OFF,ON,ON,Avail,Compl,Enable,Compl,CL,CL,Compl,Unable,Not Avl,Compl,Incmpl,Enable,OFF,80,15,2,ON,42.500,21.250,0.116,2575,15,21,-3,OFF,0,3.906,5.480,OFF,0,0,66,Avail,Compl,Enable,0,GRN2#  ,ON,0,Not Act,Not Act,0,0,0,0.015,21247.676,21247.676,Avail,Compl,Avail,Incmpl,Incmpl,Enable,OBD II (California ARB),OFF,OFF,0,0,0,1st,OFF,OFF,OFF,OFF,OFF,OFF,1.562,3.125,ON,OFF,850,0,OFF,OFF,OFF,ON,Gasoline,0.967,OFF,OFF,0.684,ON,0.547,15.686,8,0,0.781,0.781,2.363,0.781,0.918,2.031,47.451,0,15.686,24,0,0,OFF,ECT 5th,NA,OFF,97.878,97.878,15.294,0,Not Avl,0,0,0,0,ON,ON,0,0,0
431,0,13.945,Not Avl,Compl,Compl,Unable,OFF,Not Avl,Compl,Compl,Unable,OFF,39.062,42.969,32.500,33.125,19.531,39.551,15.686,31.765,0.781,1.582,ON,0,OFF,ON,ON,1.001,1.000,-0.035,-0.039,3.239,3.230,0,97,51199.219,13.710,25.490,OFF,OFF,OFF,OFF,OFF,OFF,OFF,Avail,Incmpl,Incmpl,Enable,Avail,482.800,195,482.800,195,ON,Avail,Compl,Enable,70,0,0,0,0,0,0,6,A,0,0,Avail,Incmpl,Incmpl,Enable,OFF,OFF,292,901.500,51199.219,51199.219,51199.219,51199.219,51199.219,51199.219,1GRFE ,0,Avail,Incmpl,Incmpl,Enable,0,OFF,OFF,OFF,OFF,ON,ON,Avail,Compl,Enable,Compl,CL,CL,Compl,Unable,Not Avl,Compl,Incmpl,Enable,OFF,80,15,22,ON,42.500,21.250,0.116,2582,15,21,-3,OFF,1.562,5.469,5.480,OFF,0,0,62,Avail,Compl,Enable,0,GRN2#  ,ON,0,Not Act,Not Act,0,0,0,0.015,21247.676,21247.676,Avail,Compl,Avail,Incmpl,Incmpl,Enable,OBD II (California ARB),OFF,OFF,0,0,0,1st,OFF,OFF,OFF,OFF,OFF,OFF,1.562,3.125,ON,OFF,850,0,OFF,OFF,OFF,ON,Gasoline,0.966,OFF,OFF,0.684,ON,0.938,15.686,13,0,0.781,0.781,2.363,0.781,0.918,2.031,47.451,0,15.686,24,0,0,OFF,ECT 5th,NA,OFF,97.878,97.878,15.294,0,Not Avl,0,0,0,0,ON,ON,0,0,0
432,0,13.940,Not Avl,Compl,Compl,Unable,OFF,Not Avl,Compl,Compl,Unable,OFF,39.062,39.844,32.500,33.125,19.531,39.551,15.686,31.765,0.781,1.582,ON,0,OFF,ON,ON,0.991,0.995,-0.066,-0.055,3.186,3.205,0,97,51199.219,13.710,25.490,OFF,OFF,OFF,OFF,OFF,OFF,OFF,Avail,Incmpl,Incmpl,Enable,Avail,482.800,195,482.800,195,ON,Avail,Compl,Enable,70,0,0,0,0,0,0,6,A,0,0,Avail,Incmpl,Incmpl,Enable,OFF,OFF,292,912.500,51199.219,51199.219,51199.219,51199.219,51199.219,51199.219,1GRFE ,0,Avail,Incmpl,Incmpl,Enable,0,OFF,OFF,OFF,OFF,ON,ON,Avail,Compl,Enable,Compl,CL,CL,Compl,Unable,Not Avl,Compl,Incmpl,Enable,OFF,80,15,44,ON,42.500,21.250,0.117,2578,15,21,-3,OFF,1.562,5.469,5.430,OFF,0,0,62,Avail,Compl,Enable,0,GRN2#  ,ON,0,Not Act,Not Act,0,0,0,0.015,21247.676,21247.676,Avail,Compl,Avail,Incmpl,Incmpl,Enable,OBD II (California ARB),OFF,OFF,0,0,0,1st,OFF,OFF,OFF,OFF,OFF,OFF,1.562,2.344,ON,OFF,850,0,OFF,OFF,OFF,ON,Gasoline,0.966,OFF,OFF,0.684,ON,0.781,15.686,12,0,0.781,0.781,2.363,0.781,0.918,2.031,47.451,0,15.686,24,0,0.004,OFF,ECT 5th,NA,OFF,97.878,97.900,14.902,0,Not Avl,0,0,0,0,ON,ON,0,0,1
433,0,13.945,Not Avl,Compl,Compl,Unable,OFF,Not Avl,Compl,Compl,Unable,OFF,42.188,39.062,32.500,33.125,19.531,39.551,15.686,31.765,0.781,1.582,ON,0,OFF,ON,ON,0.988,0.985,-0.082,-0.090,3.166,3.152,0,97,51199.219,13.691,25.098,OFF,OFF,OFF,OFF,OFF,OFF,OFF,Avail,Incmpl,Incmpl,Enable,Avail,482.800,195.500,482.800,195.500,ON,Avail,Compl,Enable,70,0,0,0,0,0,0,6,A,0,0,Avail,Incmpl,Incmpl,Enable,OFF,OFF,293,913.250,51199.219,51199.219,51199.219,51199.219,51199.219,51199.219,1GRFE ,0,Avail,Incmpl,Incmpl,Enable,0,OFF,OFF,OFF,OFF,ON,ON,Avail,Compl,Enable,Compl,CL,CL,Compl,Unable,Not Avl,Compl,Incmpl,Enable,OFF,80,15,70,ON,42.500,21.250,0.117,2542,15,21,-3,OFF,1.562,5.469,5.480,OFF,0,0,64,Avail,Compl,Enable,0,GRN2#  ,ON,0,Not Act,Not Act,0,0,0,0.015,21247.676,21247.676,Avail,Compl,Avail,Incmpl,Incmpl,Enable,OBD II (California ARB),OFF,OFF,0,0,0,1st,OFF,OFF,OFF,OFF,OFF,OFF,0.781,1.562,ON,OFF,850,0,OFF,OFF,OFF,ON,Gasoline,0.974,OFF,OFF,0.684,ON,0.938,15.686,15,0,0.781,0.781,2.363,0.781,0.918,2.031,47.451,0,15.686,24,0.004,0.008,OFF,ECT 5th,NA,OFF,97.878,97.900,14.902,0,Not Avl,0,0,0,0,ON,ON,0,0,1
434,0,13.944,Not Avl,Compl,Compl,Unable,OFF,Not Avl,Compl,Compl,Unable,OFF,50,39.062,32.500,33.125,19.531,39.551,15.686,31.765,0.781,1.582,ON,0,OFF,ON,ON,0.993,0.988,-0.039,-0.066,3.200,3.171,0,97,51199.219,13.710,25.098,OFF,OFF,OFF,OFF,OFF,OFF,OFF,Avail,Incmpl,Incmpl,Enable,Avail,482.800,195.500,482.800,195.500,ON,Avail,Compl,Enable,70,0,0,0,0,0,0,6,A,0,0,Avail,Incmpl,Incmpl,Enable,OFF,OFF,293,905.250,51199.219,51199.219,51199.219,51199.219,51199.219,51199.219,1GRFE ,0,Avail,Incmpl,Incmpl,Enable,0,OFF,OFF,OFF,OFF,ON,ON,Avail,Compl,Enable,Compl,CL,CL,Compl,Unable,Not Avl,Compl,Incmpl,Enable,OFF,80,15.500,89,ON,42.500,21.250,0.117,2549,15,21,-3,OFF,1.562,5.469,5.430,OFF,0,0,64,Avail,Compl,Enable,0,GRN2#  ,ON,0,Not Act,Not Act,0,0,0,0.015,21247.676,21247.676,Avail,Compl,Avail,Incmpl,Incmpl,Enable,OBD II (California ARB),OFF,OFF,0,0,0,1st,OFF,OFF,OFF,OFF,OFF,OFF,0,0.781,ON,OFF,850,0,OFF,OFF,OFF,ON,Gasoline,0.978,OFF,OFF,0.684,ON,1.016,15.686,17,0,0.781,0.781,2.363,0.781,0.918,2.031,47.451,0,15.686,24,0.004,0.012,OFF,ECT 5th,NA,OFF,97.878,97.878,14.902,0,Not Avl,0,0,0,0,ON,ON,0,0,1
435,0,13.944,Not Avl,Compl,Compl,Unable,OFF,Not Avl,Compl,Compl,Unable,OFF,57.031,39.062,32.500,33.125,19.531,39.551,15.686,31.765,0.781,1.582,ON,0,OFF,ON,ON,0.995,0.995,-0.055,-0.055,3.210,3.210,0,97,51199.219,13.691,25.490,OFF,OFF,OFF,OFF,OFF,OFF,OFF,Avail,Incmpl,Incmpl,Enable,Avail,482.800,195.500,482.800,195.500,ON,Avail,Compl,Enable,70,0,0,0,0,0,0,6,A,0,0,Avail,Incmpl,Incmpl,Enable,OFF,OFF,294,898.250,51199.219,51199.219,51199.219,51199.219,51199.219,51199.219,1GRFE ,0,Avail,Incmpl,Incmpl,Enable,0,OFF,OFF,OFF,OFF,ON,ON,Avail,Compl,Enable,Compl,CL,CL,Compl,Unable,Not Avl,Compl,Incmpl,Enable,OFF,80,15,108,ON,42.500,21.250,0.116,2546,15,21,-3,OFF,1.562,5.469,5.480,OFF,0,0,64,Avail,Compl,Enable,0,GRN2#  ,ON,0,Not Act,Not Act,0,0,0,0.015,21247.676,21247.676,Avail,Compl,Avail,Incmpl,Incmpl,Enable,OBD II (California ARB),OFF,OFF,0,0,0,1st,OFF,OFF,OFF,OFF,OFF,OFF,0,0.781,ON,OFF,850,0,OFF,OFF,OFF,ON,Gasoline,0.980,OFF,OFF,0.684,ON,0.938,15.686,12,0,0.781,0.781,2.363,0.781,0.918,2.031,47.451,0,15.686,24,0.004,0.012,OFF,ECT 5th,NA,OFF,97.878,97.900,15.294,0,Not Avl,0,0,0,0,ON,ON,0,0,1
436,0,13.944,Not Avl,Compl,Compl,Unable,OFF,Not Avl,Compl,Compl,Unable,OFF,55.469,39.062,32.500,33.125,19.531,39.551,15.686,31.765,0.781,1.582,ON,0,OFF,ON,ON,0.998,0.999,-0.047,-0.039,3.220,3.235,0,97,51199.219,13.691,25.490,OFF,OFF,OFF,OFF,OFF,OFF,OFF,Avail,Incmpl,Incmpl,Enable,Avail,482.700,195.900,482.700,195.900,ON,Avail,Compl,Enable,70,0,0,0,0,0,0,6,A,0,0,Avail,Incmpl,Incmpl,Enable,OFF,OFF,294,903,51199.219,51199.219,51199.219,51199.219,51199.219,51199.219,1GRFE ,0,Avail,Incmpl,Incmpl,Enable,0,OFF,OFF,OFF,OFF,ON,ON,Avail,Compl,Enable,Compl,CL,CL,Compl,Unable,Not Avl,Compl,Incmpl,Enable,OFF,80,15,132,ON,42.500,21.250,0.116,2567,15,21,-3,OFF,1.562,5.469,5.480,OFF,0,0,67,Avail,Compl,Enable,0,GRN2#  ,ON,0,Not Act,Not Act,0,0,0,0.015,21247.676,21247.676,Avail,Compl,Avail,Incmpl,Incmpl,Enable,OBD II (California ARB),OFF,OFF,0,0,0,1st,OFF,OFF,OFF,OFF,OFF,OFF,0,0.781,ON,OFF,850,0,OFF,OFF,OFF,ON,Gasoline,0.981,OFF,OFF,0.684,ON,1.016,15.686,17,0,0.781,0.781,2.363,0.781,0.918,2.031,47.451,0,15.686,24,0.004,0.016,OFF,ECT 5th,NA,OFF,97.878,97.900,15.294,0,Not Avl,0,0,0,0,ON,ON,0,0,1
437,0,13.926,Not Avl,Compl,Compl,Unable,OFF,Not Avl,Compl,Compl,Unable,OFF,45.312,39.062,32.500,33.125,19.531,39.551,15.686,31.765,0.781,1.582,ON,0,OFF,ON,ON,0.996,0.998,-0.055,-0.043,3.210,3.225,0,97,51199.219,13.710,25.490,OFF,OFF,OFF,OFF,OFF,OFF,OFF,Avail,Incmpl,Incmpl,Enable,Avail,482.700,195.900,482.700,195.900,ON,Avail,Compl,Enable,70,0,0,0,0,0,0,6,A,0,0,Avail,Incmpl,Incmpl,Enable,OFF,OFF,295,895.250,51199.219,51199.219,51199.219,51199.219,51199.219,51199.219,1GRFE ,0,Avail,Incmpl,Incmpl,Enable,0,OFF,OFF,OFF,OFF,ON,ON,Avail,Compl,Enable,Compl,CL,CL,Compl,Unable,Not Avl,Compl,Incmpl,Enable,OFF,80,15,150,ON,42.500,21.250,0.116,2564,15,21,-3,OFF,1.562,5.469,5.480,OFF,0,0,67,Avail,Compl,Enable,0,GRN2#  ,ON,0,Not Act,Not Act,0,0,0,0.015,21247.676,21247.676,Avail,Compl,Avail,Incmpl,Incmpl,Enable,OBD II (California ARB),OFF,OFF,0,0,0,1st,OFF,OFF,OFF,OFF,OFF,OFF,0,0.781,ON,OFF,850,0,OFF,OFF,OFF,ON,Gasoline,0.982,OFF,OFF,0.684,ON,1.250,16.078,20,0,0.781,0.781,2.363,0.781,0.918,2.031,47.451,0,15.686,24,0.004,0.020,OFF,ECT 5th,NA,OFF,97.878,97.900,15.294,0,Not Avl,0,0,0,0,ON,ON,0,0,1
438,0,13.936,Not Avl,Compl,Compl,Unable,OFF,Not Avl,Compl,Compl,Unable,OFF,41.406,39.062,32.500,33.125,19.531,39.551,15.686,31.765,0.781,1.582,ON,0,OFF,ON,ON,0.996,0.997,-0.051,-0.047,3.215,3.220,0,97,51199.219,13.691,25.490,OFF,OFF,OFF,OFF,OFF,OFF,OFF,Avail,Incmpl,Incmpl,Enable,Avail,482.600,196.400,482.600,196.400,ON,Avail,Compl,Enable,70,0,0,0,0,0,0,6,A,0,0,Avail,Incmpl,Incmpl,Enable,OFF,OFF,295,907.750,51199.219,51199.219,51199.219,51199.219,51199.219,51199.219,1GRFE ,4.314,Avail,Incmpl,Incmpl,Enable,0.012,OFF,OFF,OFF,OFF,ON,ON,Avail,Compl,Enable,Compl,CL,CL,Compl,Unable,Not Avl,Compl,Incmpl,Enable,OFF,80,15,170,ON,42.500,21.250,0.116,2564,15,21,-3,OFF,1.562,5.469,5.480,OFF,0,0,47,Avail,Compl,Enable,0,GRN2#  ,ON,0,Not Act,Not Act,0,0,0,0.015,21247.676,21247.676,Avail,Compl,Avail,Incmpl,Incmpl,Enable,OBD II (California ARB),OFF,OFF,0.372,0,0,1st,OFF,OFF,OFF,OFF,OFF,OFF,0,0.781,ON,OFF,850,0,OFF,OFF,OFF,ON,Gasoline,0.984,OFF,OFF,0.684,ON,0.938,15.686,16,0,0.781,0.781,2.363,0.781,0.918,2.031,47.451,0,15.686,24,0.008,0.020,OFF,ECT 5th,NA,OFF,97.878,97.900,15.294,0,Not Avl,0,0,0,0,ON,ON,0,0,1
439,0,13.926,Not Avl,Compl,Compl,Unable,OFF,Not Avl,Compl,Compl,Unable,OFF,39.844,39.062,32.500,33.125,19.531,39.551,15.686,31.765,0.781,1.582,ON,0,OFF,ON,ON,0.996,0.996,-0.055,-0.051,3.210,3.215,0,97,51199.219,13.691,25.098,OFF,OFF,OFF,OFF,OFF,OFF,OFF,Avail,Incmpl,Incmpl,Enable,Avail,482.600,196.400,482.600,196.400,ON,Avail,Compl,Enable,70,0,0,0,0,0,0,6,A,0,0,Avail,Incmpl,Incmpl,Enable,OFF,OFF,296,908.500,51199.219,51199.219,51199.219,51199.219,51199.219,51199.219,1GRFE ,4.706,Avail,Incmpl,Incmpl,Enable,0.031,OFF,OFF,OFF,OFF,ON,ON,Avail,Compl,Enable,Compl,CL,CL,Compl,Unable,Not Avl,Compl,Incmpl,Enable,OFF,80,15,192,ON,42.500,21.250,0.116,2528,15,21,-3,OFF,1.562,5.469,5.480,OFF,0,0,47,Avail,Compl,Enable,0,GRN2#  ,ON,0,Not Act,Not Act,0,0,0,0.015,21247.676,21247.676,Avail,Compl,Avail,Incmpl,Incmpl,Enable,OBD II (California ARB),OFF,OFF,0.427,0,0,1st,OFF,OFF,OFF,OFF,OFF,OFF,0,0.781,ON,OFF,850,0,OFF,OFF,OFF,ON,Gasoline,0.984,OFF,OFF,0.684,ON,1.172,15.686,19,0,0.781,0.781,2.363,0.781,0.918,2.031,47.451,0,15.686,24,0.008,0.023,OFF,ECT 5th,NA,OFF,97.878,97.900,14.902,0,Not Avl,0,0,0,0,ON,ON,0,0,1
440,0,13.960,Not Avl,Compl,Compl,Unable,OFF,Not Avl,Compl,Compl,Unable,OFF,39.062,39.062,32.500,33.125,19.531,39.551,15.686,31.765,0.781,1.582,ON,0,OFF,ON,ON,0.997,0.998,-0.051,-0.043,3.215,3.225,0,97,51199.219,13.691,25.490,OFF,OFF,OFF,OFF,OFF,OFF,OFF,Avail,Incmpl,Incmpl,Enable,Avail,482.500,196.900,482.500,196.900,ON,Avail,Compl,Enable,70,0,0,0,0,0,0,6,A,0,0,Avail,Incmpl,Incmpl,Enable,OFF,OFF,296,899,51199.219,51199.219,51199.219,51199.219,51199.219,51199.219,1GRFE ,4.706,Avail,Incmpl,Incmpl,Enable,0.049,OFF,OFF,OFF,OFF,ON,ON,Avail,Compl,Enable,Compl,CL,CL,Compl,Unable,Not Avl,Compl,Incmpl,Enable,OFF,80,15,211,ON,42.500,21.250,0.116,2549,15,21,-3,OFF,1.562,5.469,5.480,OFF,0,0,73,Avail,Compl,Enable,0,GRN2#  ,ON,0,Not Act,Not Act,0,0,0,0.015,21247.676,21247.676,Avail,Compl,Avail,Incmpl,Incmpl,Enable,OBD II (California ARB),OFF,OFF,0.488,0,0,1st,OFF,OFF,OFF,OFF,OFF,OFF,0,0.781,ON,OFF,850,0,OFF,OFF,OFF,ON,Gasoline,0.984,OFF,OFF,0.684,ON,0.703,15.686,10,0,0.781,0.781,2.363,0.781,0.918,2.031,47.451,0,15.686,24,0.008,0.027,OFF,ECT 5th,NA,OFF,97.878,97.900,15.294,0,Not Avl,0,0,0,0,ON,ON,0,0,1
441,0,13.944,Not Avl,Compl,Compl,Unable,OFF,Not Avl,Compl,Compl,Unable,OFF,39.062,39.062,32.500,33.125,19.531,39.551,15.686,31.765,0.781,1.582,ON,0,OFF,ON,ON,1.001,1.000,-0.027,-0.039,3.249,3.235,0,97,51199.219,13.710,25.490,OFF,OFF,OFF,OFF,OFF,OFF,OFF,Avail,Incmpl,Incmpl,Enable,Avail,482.500,196.900,482.500,196.900,ON,Avail,Compl,Enable,70,0,0,0,0,0,0,6,A,0,0,Avail,Incmpl,Incmpl,Enable,OFF,OFF,296,895.250,51199.219,51199.219,51199.219,51199.219,51199.219,51199.219,1GRFE ,4.706,Avail,Incmpl,Incmpl,Enable,0.073,OFF,OFF,OFF,OFF,ON,ON,Avail,Compl,Enable,Compl,CL,CL,Compl,Unable,Not Avl,Compl,Incmpl,Enable,OFF,80,15,231,ON,42.500,21.250,0.115,2564,15,21,-3,OFF,1.562,5.469,5.480,OFF,0,0,73,Avail,Compl,Enable,0,GRN2#  ,ON,0,Not Act,Not Act,0,0,0,0.015,21247.676,21247.676,Avail,Compl,Avail,Incmpl,Incmpl,Enable,OBD II (California ARB),OFF,OFF,0.543,0,0,1st,OFF,OFF,OFF,OFF,OFF,OFF,0,0.781,ON,OFF,850,0,OFF,OFF,OFF,ON,Gasoline,0.983,OFF,OFF,0.684,ON,1.016,15.686,16,0,0.781,0.781,2.363,0.781,0.918,2.031,47.451,0,15.686,24,0.008,0.027,OFF,ECT 5th,NA,OFF,97.878,97.900,15.294,0,Not Avl,0,0,0,0,ON,ON,0,0,1
442,0,13.926,Not Avl,Compl,Compl,Unable,OFF,Not Avl,Compl,Compl,Unable,OFF,39.062,44.531,32.500,33.125,19.531,39.551,15.686,31.765,0.781,1.582,ON,0,OFF,ON,ON,1.003,0.999,-0.027,-0.039,3.249,3.230,0,97,51199.219,13.691,25.490,OFF,OFF,OFF,OFF,OFF,OFF,OFF,Avail,Incmpl,Incmpl,Enable,Avail,482.500,196.900,482.500,196.900,ON,Avail,Compl,Enable,70,0,0,0,0,0,0,6,A,0,0,Avail,Incmpl,Incmpl,Enable,OFF,OFF,297,896.750,51199.219,51199.219,51199.219,51199.219,51199.219,51199.219,1GRFE ,4.706,Avail,Incmpl,Incmpl,Enable,0.092,OFF,OFF,OFF,OFF,ON,ON,Avail,Compl,Enable,Compl,CL,CL,Compl,Unable,Not Avl,Compl,Incmpl,Enable,OFF,80,15,248,ON,42.500,21.250,0.115,2560,15,21,-3,OFF,1.562,5.469,5.430,OFF,0,0,73,Avail,Compl,Enable,0,GRN2#  ,ON,0,Not Act,Not Act,0,0,0,0.015,21247.676,21247.676,Avail,Compl,Avail,Incmpl,Incmpl,Enable,OBD II (California ARB),OFF,OFF,0.598,0,0,1st,OFF,OFF,OFF,OFF,OFF,OFF,0,0.781,ON,OFF,850,0,OFF,OFF,OFF,ON,Gasoline,0.982,OFF,OFF,0.684,ON,1.172,15.686,18,0,0.781,0.781,2.363,0.781,0.918,2.031,47.451,0,15.686,24,0.008,0.031,OFF,ECT 5th,NA,OFF,97.878,97.900,15.294,0,Not Avl,0,0,0,0,ON,ON,0,0,1
443,0,13.929,Not Avl,Compl,Compl,Unable,OFF,Not Avl,Compl,Compl,Unable,OFF,39.062,50,32.500,33.125,19.531,39.551,15.686,31.765,0.781,1.582,ON,0,OFF,ON,ON,0.997,1.000,-0.047,-0.035,3.220,3.239,0,97,51199.219,13.691,25.490,OFF,OFF,OFF,OFF,OFF,OFF,OFF,Avail,Incmpl,Incmpl,Enable,Avail,482.400,197.300,482.400,197.300,ON,Avail,Compl,Enable,70,0,0,0,0,0,0,6,A,0,0,Avail,Incmpl,Incmpl,Enable,OFF,OFF,297,897.500,51199.219,51199.219,51199.219,51199.219,51199.219,51199.219,1GRFE ,4.706,Avail,Incmpl,Incmpl,Enable,0.104,OFF,OFF,OFF,OFF,ON,ON,Avail,Compl,Enable,Compl,CL,CL,Compl,Unable,Not Avl,Compl,Incmpl,Enable,OFF,80,15,264,ON,42.500,21.250,0.115,2564,15,21,-3,OFF,1.562,5.469,5.450,OFF,0,0,67,Avail,Compl,Enable,0,GRN2#  ,ON,0,Not Act,Not Act,0,0,0,0.015,21247.676,21247.676,Avail,Compl,Avail,Incmpl,Incmpl,Enable,OBD II (California ARB),OFF,OFF,0.635,0,0,1st,OFF,OFF,OFF,OFF,OFF,OFF,0,1.562,ON,OFF,850,0,OFF,OFF,OFF,ON,Gasoline,0.981,OFF,OFF,0.684,ON,1.094,15.686,16,0,0.781,0.781,2.363,0.781,0.918,2.031,47.451,0,15.686,24,0.008,0.031,OFF,ECT 5th,NA,OFF,97.878,97.900,15.294,0,Not Avl,0,0,0,0,ON,ON,0,0,1
444,0,13.944,Not Avl,Compl,Compl,Unable,OFF,Not Avl,Compl,Compl,Unable,OFF,39.062,52.344,32.500,33.125,19.531,39.551,15.686,31.765,0.781,1.582,ON,0,OFF,ON,ON,0.997,0.998,-0.051,-0.043,3.215,3.225,0,97,51199.219,13.691,25.490,OFF,OFF,OFF,OFF,OFF,OFF,OFF,Avail,Incmpl,Incmpl,Enable,Avail,482.400,197.300,482.400,197.300,ON,Avail,Compl,Enable,70,0,0,0,0,0,0,6,A,0,0,Avail,Incmpl,Incmpl,Enable,OFF,OFF,297,896.750,51199.219,51199.219,51199.219,51199.219,51199.219,51199.219,1GRFE ,4.706,Avail,Incmpl,Incmpl,Enable,0.116,OFF,OFF,OFF,OFF,ON,ON,Avail,Compl,Enable,Compl,CL,CL,Compl,Unable,Not Avl,Compl,Incmpl,Enable,OFF,80,15,280,ON,42.500,21.250,0.116,2560,15,21,-3,OFF,1.562,5.469,5.430,OFF,0,0,67,Avail,Compl,Enable,0,GRN2#  ,ON,0,Not Act,Not Act,0,0,0,0.015,21247.676,21247.676,Avail,Compl,Avail,Incmpl,Incmpl,Enable,OBD II (California ARB),OFF,OFF,0.690,0,0,1st,OFF,OFF,OFF,OFF,OFF,OFF,0,0.781,ON,OFF,850,0,OFF,OFF,OFF,ON,Gasoline,0.981,OFF,OFF,0.684,ON,1.094,15.686,16,0,0.781,0.781,2.363,0.781,0.918,2.031,47.451,0,15.686,24,0.008,0.031,OFF,ECT 5th,NA,OFF,97.878,97.900,15.294,0,Not Avl,0,0,0,0,ON,ON,0,0,1
445,0,13.944,Not Avl,Compl,Compl,Unable,OFF,Not Avl,Compl,Compl,Unable,OFF,39.062,52.344,32.500,33.125,19.531,39.551,15.686,31.765,0.781,1.582,ON,0,OFF,ON,ON,0.997,0.996,-0.047,-0.051,3.220,3.215,0,97,51199.219,13.691,25.490,OFF,OFF,OFF,OFF,OFF,OFF,OFF,Avail,Incmpl,Incmpl,Enable,Avail,482.400,197.300,482.400,197.300,ON,Avail,Compl,Enable,70,0,0,0,0,0,0,6,A,0,0,Avail,Incmpl,Incmpl,Enable,OFF,OFF,298,899,51199.219,51199.219,51199.219,51199.219,51199.219,51199.219,1GRFE ,4.706,Avail,Incmpl,Incmpl,Enable,0.140,OFF,OFF,OFF,OFF,ON,ON,Avail,Compl,Enable,Compl,CL,CL,Compl,Unable,Not Avl,Compl,Incmpl,Enable,OFF,80,15,296,ON,42.500,21.250,0.116,2564,15,21,-3,OFF,1.562,5.469,5.480,OFF,0,0,67,Avail,Compl,Enable,0,GRN2#  ,ON,0,Not Act,Not Act,0,0,0,0.035,21247.676,21247.676,Avail,Compl,Avail,Incmpl,Incmpl,Enable,OBD II (California ARB),OFF,OFF,0.732,0,0,1st,OFF,OFF,OFF,OFF,OFF,OFF,0,0.781,ON,OFF,850,0,OFF,OFF,OFF,ON,Gasoline,0.981,OFF,OFF,0.684,ON,0.781,15.686,11,0,0.781,0.781,2.363,0.781,0.918,2.031,47.451,0,15.686,24,0.008,0.035,OFF,ECT 5th,NA,OFF,97.878,97.900,15.294,0,Not Avl,0,0,0,0,ON,ON,0,0,1
446,0,13.926,Not Avl,Compl,Compl,Unable,OFF,Not Avl,Compl,Compl,Unable,OFF,39.062,47.656,32.500,33.125,19.531,39.551,15.686,31.765,0.781,1.582,ON,0,OFF,ON,ON,0.997,0.999,-0.047,-0.039,3.220,3.230,0,97,51199.219,13.691,25.490,OFF,OFF,OFF,OFF,OFF,OFF,OFF,Avail,Incmpl,Incmpl,Enable,Avail,482.300,197.800,482.300,197.800,ON,Avail,Compl,Enable,70,0,0,0,0,0,0,6,A,0,0,Avail,Incmpl,Incmpl,Enable,OFF,OFF,298,889.750,51199.219,51199.219,51199.219,51199.219,51199.219,51199.219,1GRFE ,5.098,Avail,Incmpl,Incmpl,Enable,0.153,OFF,OFF,OFF,OFF,ON,ON,Avail,Compl,Enable,Compl,CL,CL,Compl,Unable,Not Avl,Compl,Incmpl,Enable,OFF,80,15,312,ON,42.500,21.250,0.116,2571,15,21,-3,OFF,1.562,5.469,5.450,OFF,0,0,64,Avail,Compl,Enable,0,GRN2#  ,ON,0,Not Act,Not Act,0,0,0,0.035,21247.676,21247.676,Avail,Compl,Avail,Incmpl,Incmpl,Enable,OBD II (California ARB),OFF,OFF,0.781,0,0,1st,OFF,OFF,OFF,OFF,OFF,OFF,0,1.562,ON,OFF,850,0,OFF,OFF,OFF,ON,Gasoline,0.981,OFF,OFF,0.684,ON,1.016,15.686,15,0,0.781,0.781,2.363,0.781,0.918,2.031,47.451,0,15.686,24,0.012,0.035,OFF,ECT 5th,NA,OFF,97.878,97.900,15.294,0,Not Avl,0,0,0,0,ON,ON,0,0,1
447,0,13.926,Not Avl,Compl,Compl,Unable,OFF,Not Avl,Compl,Compl,Unable,OFF,48.438,42.188,32.500,33.125,19.531,39.551,15.686,31.765,0.781,1.582,ON,0,OFF,ON,ON,0.998,0.996,-0.043,-0.055,3.225,3.210,0,97,51199.219,13.691,25.490,OFF,OFF,OFF,OFF,OFF,OFF,OFF,Avail,Incmpl,Incmpl,Enable,Avail,482.300,197.800,482.300,197.800,ON,Avail,Compl,Enable,70,0,0,0,0,0,0,6,A,0,0,Avail,Incmpl,Incmpl,Enable,OFF,OFF,299,900,51199.219,51199.219,51199.219,51199.219,51199.219,51199.219,1GRFE ,5.098,Avail,Incmpl,Incmpl,Enable,0.171,OFF,OFF,OFF,OFF,ON,ON,Avail,Compl,Enable,Compl,CL,CL,Compl,Unable,Not Avl,Compl,Incmpl,Enable,OFF,80,15,328,ON,42.500,21.250,0.116,2560,15,21,-3,OFF,1.562,5.469,5.430,OFF,0,0,64,Avail,Compl,Enable,0,GRN2#  ,ON,0,Not Act,Not Act,0,0,0.015,0.035,21247.676,21247.676,Avail,Compl,Avail,Incmpl,Incmpl,Enable,OBD II (California ARB),OFF,OFF,0.830,0,0,1st,OFF,OFF,OFF,OFF,OFF,OFF,0,0.781,ON,OFF,850,0,OFF,OFF,OFF,ON,Gasoline,0.981,OFF,OFF,0.684,ON,1.172,15.686,16,0,0.781,0.781,2.363,0.781,0.918,2.031,47.451,0,15.686,24,0.012,0.035,OFF,ECT 5th,NA,OFF,97.878,97.878,15.294,0,Not Avl,0,0,0,0,ON,ON,0,0,1
448,0,13.926,Not Avl,Compl,Compl,Unable,OFF,Not Avl,Compl,Compl,Unable,OFF,55.469,39.844,32.500,33.125,19.531,39.551,15.686,31.765,0.781,1.582,ON,0,OFF,ON,ON,0.995,0.994,-0.055,-0.055,3.210,3.205,0,97,51199.219,13.691,25.490,OFF,OFF,OFF,OFF,OFF,OFF,OFF,Avail,Incmpl,Incmpl,Enable,Avail,482.300,197.800,482.300,197.800,ON,Avail,Compl,Enable,70,0,0,0,0,0,0,6,A,0,0,Avail,Incmpl,Incmpl,Enable,OFF,OFF,299,894.500,51199.219,51199.219,51199.219,51199.219,51199.219,51199.219,1GRFE ,5.098,Avail,Incmpl,Incmpl,Enable,0.183,OFF,OFF,OFF,OFF,ON,ON,Avail,Compl,Enable,Compl,CL,CL,Compl,Unable,Not Avl,Compl,Incmpl,Enable,OFF,80,15,344,ON,42.500,21.250,0.116,2564,15,21,-3,OFF,1.562,5.469,5.450,OFF,0,0,64,Avail,Compl,Enable,0,GRN2#  ,ON,0,Not Act,Not Act,0,0,0,0.035,21247.676,21247.676,Avail,Compl,Avail,Incmpl,Incmpl,Enable,OBD II (California ARB),OFF,OFF,0.879,0,0,1st,OFF,OFF,OFF,OFF,OFF,OFF,0,0.781,ON,OFF,850,0,OFF,OFF,OFF,ON,Gasoline,0.981,OFF,OFF,0.684,ON,1.094,15.686,17,0,0.781,0.781,2.363,0.781,0.918,2.031,47.451,0,15.686,24,0.012,0.039,OFF,ECT 5th,NA,OFF,97.878,97.878,15.294,0,Not Avl,0,0,0,0,ON,ON,0,0,1
449,0,13.943,Not Avl,Compl,Compl,Unable,OFF,Not Avl,Compl,Compl,Unable,OFF,58.594,39.062,32.500,33.125,19.531,39.551,15.686,31.765,0.781,1.582,ON,0,OFF,ON,ON,0.997,1.000,-0.043,-0.035,3.225,3.239,0,97,51199.219,13.691,25.490,OFF,OFF,OFF,OFF,OFF,OFF,OFF,Avail,Incmpl,Incmpl,Enable,Avail,482.100,198.300,482.100,198.300,ON,Avail,Compl,Enable,70,0,0,0,0,0,0,6,A,0,0,Avail,Incmpl,Incmpl,Enable,OFF,OFF,299,893.750,51199.219,51199.219,51199.219,51199.219,51199.219,51199.219,1GRFE ,5.098,Avail,Incmpl,Incmpl,Enable,0.208,OFF,OFF,OFF,OFF,ON,ON,Avail,Compl,Enable,Compl,CL,CL,Compl,Unable,Not Avl,Compl,Incmpl,Enable,OFF,80,15,364,ON,42.500,21.250,0.116,2553,15,21,-3,OFF,1.562,5.469,5.480,OFF,0,0,76,Avail,Compl,Enable,0,GRN2#  ,ON,0,Not Act,Not Act,0,0,0,0.035,21247.676,21247.676,Avail,Compl,Avail,Incmpl,Incmpl,Enable,OBD II (California ARB),OFF,OFF,0.928,0,0,1st,OFF,OFF,OFF,OFF,OFF,OFF,0,1.562,ON,OFF,850,0,OFF,OFF,OFF,ON,Gasoline,0.981,OFF,OFF,0.684,ON,0.938,15.686,17,0,0.781,0.781,2.363,0.781,0.918,2.031,47.451,0,15.686,24,0.012,0.039,OFF,ECT 5th,NA,OFF,97.878,97.878,15.294,0,Not Avl,0,0,0,0,ON,ON,0,0,1
450,0,13.927,Not Avl,Compl,Compl,Unable,OFF,Not Avl,Compl,Compl,Unable,OFF,50,39.062,32.500,33.125,19.531,39.551,15.686,31.765,0.781,1.582,ON,0,OFF,ON,ON,0.999,1.003,-0.039,-0.027,3.230,3.249,0,97,51199.219,13.691,25.490,OFF,OFF,OFF,OFF,OFF,OFF,OFF,Avail,Incmpl,Incmpl,Enable,Avail,482.100,198.300,482.100,198.300,ON,Avail,Compl,Enable,70,0,0,0,0,0,0,6,A,0,0,Avail,Incmpl,Incmpl,Enable,OFF,OFF,300,897.500,51199.219,51199.219,51199.219,51199.219,51199.219,51199.219,1GRFE ,5.098,Avail,Incmpl,Incmpl,Enable,0.220,OFF,OFF,OFF,OFF,ON,ON,Avail,Compl,Enable,Compl,CL,CL,Compl,Unable,Not Avl,Compl,Incmpl,Enable,OFF,80,15,379,ON,42.500,21.250,0.116,2567,15,21,-3,OFF,1.562,5.469,5.430,OFF,0,0,76,Avail,Compl,Enable,0,GRN2#  ,ON,0,Not Act,Not Act,0,0,0,0.035,21247.676,21247.676,Avail,Compl,Avail,Incmpl,Incmpl,Enable,OBD II (California ARB),OFF,OFF,0.964,0,0,1st,OFF,OFF,OFF,OFF,OFF,OFF,0,1.562,ON,OFF,850,0,OFF,OFF,OFF,ON,Gasoline,0.981,OFF,OFF,0.684,ON,1.016,15.686,13,0,0.781,0.781,2.363,0.781,0.918,2.031,47.451,0,15.686,24,0.012,0.039,OFF,ECT 5th,NA,OFF,97.878,97.900,15.294,0,Not Avl,0,0,0,0,ON,ON,0,0,1
451,0,13.943,Not Avl,Compl,Compl,Unable,OFF,Not Avl,Compl,Compl,Unable,OFF,44.531,39.062,32.500,33.125,19.531,39.551,15.686,31.765,0.781,1.582,ON,0,OFF,ON,ON,0.994,0.999,-0.055,-0.039,3.205,3.230,0,97,51199.219,13.710,25.490,OFF,OFF,OFF,OFF,OFF,OFF,OFF,Avail,Incmpl,Incmpl,Enable,Avail,482,198.700,482,198.700,ON,Avail,Compl,Enable,70,0,0,0,0,0,0,6,A,0,0,Avail,Incmpl,Incmpl,Enable,OFF,OFF,300,902.250,51199.219,51199.219,51199.219,51199.219,51199.219,51199.219,1GRFE ,5.098,Avail,Incmpl,Incmpl,Enable,0.238,OFF,OFF,OFF,OFF,ON,ON,Avail,Compl,Enable,Compl,CL,CL,Compl,Unable,Not Avl,Compl,Incmpl,Enable,OFF,80,15,397,ON,42.500,21.250,0.116,2546,15,21,-3,OFF,1.562,5.469,5.430,OFF,0,0,76,Avail,Compl,Enable,0,GRN2#  ,ON,0,Not Act,Not Act,0,0,0,0.035,21247.676,21247.676,Avail,Compl,Avail,Incmpl,Incmpl,Enable,OBD II (California ARB),OFF,OFF,1.025,0,0,1st,OFF,OFF,OFF,OFF,OFF,OFF,0,1.562,ON,OFF,850,0,OFF,OFF,OFF,ON,Gasoline,0.981,OFF,OFF,0.684,ON,1.094,15.686,17,0,0.781,0.781,2.363,0.781,0.918,2.031,47.451,0,15.686,24,0.012,0.043,OFF,ECT 5th,NA,OFF,97.878,97.878,14.902,0,Not Avl,0,0,0,0,ON,ON,0,0,1
452,0,13.927,Not Avl,Compl,Compl,Unable,OFF,Not Avl,Compl,Compl,Unable,OFF,40.625,39.062,32.500,33.125,19.531,39.551,15.686,31.765,0.781,1.582,ON,0,OFF,ON,ON,0.995,0.997,-0.055,-0.047,3.210,3.220,0,97,51199.219,13.691,25.490,OFF,OFF,OFF,OFF,OFF,OFF,OFF,Avail,Incmpl,Incmpl,Enable,Avail,482,198.700,482,198.700,ON,Avail,Compl,Enable,70,0,0,0,0,0,0,6,A,0,0,Avail,Incmpl,Incmpl,Enable,OFF,OFF,300,898.250,51199.219,51199.219,51199.219,51199.219,51199.219,51199.219,1GRFE ,5.098,Avail,Incmpl,Incmpl,Enable,0.256,OFF,OFF,OFF,OFF,ON,ON,Avail,Compl,Enable,Compl,CL,CL,Compl,Unable,Not Avl,Compl,Incmpl,Enable,OFF,80,15,414,ON,42.500,21.250,0.116,2553,15,21,-3,OFF,1.562,5.469,5.430,OFF,0,0,71,Avail,Compl,Enable,0,GRN2#  ,ON,0,Not Act,Not Act,0,0,0,0.035,21247.676,21247.676,Avail,Compl,Avail,Incmpl,Incmpl,Enable,OBD II (California ARB),OFF,OFF,1.080,0,0,1st,OFF,OFF,OFF,OFF,OFF,OFF,0,1.562,ON,OFF,850,0,OFF,OFF,OFF,ON,Gasoline,0.981,OFF,OFF,0.684,ON,0.938,15.686,16,0,0.781,0.781,2.363,0.781,0.918,2.031,47.451,0,15.686,24,0.012,0.043,OFF,ECT 5th,NA,OFF,97.878,97.900,15.294,0,Not Avl,0,0,0,0,ON,ON,0,0,1
453,0,13.926,Not Avl,Compl,Compl,Unable,OFF,Not Avl,Compl,Compl,Unable,OFF,39.844,39.062,32.500,33.125,19.531,39.551,15.686,31.765,0.781,1.582,ON,0,OFF,ON,ON,1.000,0.999,-0.035,-0.039,3.239,3.235,0,97,51199.219,13.691,25.490,OFF,OFF,OFF,OFF,OFF,OFF,OFF,Avail,Incmpl,Incmpl,Enable,Avail,482,198.700,482,198.700,ON,Avail,Compl,Enable,70,0,0,0,0,0,0,6,A,0,0,Avail,Incmpl,Incmpl,Enable,OFF,OFF,301,895.250,51199.219,51199.219,51199.219,51199.219,51199.219,51199.219,1GRFE ,5.098,Avail,Incmpl,Incmpl,Enable,0.281,OFF,OFF,OFF,OFF,ON,ON,Avail,Compl,Enable,Compl,CL,CL,Compl,Unable,Not Avl,Compl,Incmpl,Enable,OFF,80,15,434,ON,42.500,21.250,0.116,2560,15,21,-3,OFF,1.562,5.469,5.430,OFF,0,0,71,Avail,Compl,Enable,0,GRN2#  ,ON,0,Not Act,Not Act,0,0,0,0.035,21247.676,21247.676,Avail,Compl,Avail,Incmpl,Incmpl,Enable,OBD II (California ARB),OFF,OFF,1.129,0,0,1st,OFF,OFF,OFF,OFF,OFF,OFF,0,1.562,ON,OFF,850,0,OFF,OFF,OFF,ON,Gasoline,0.981,OFF,OFF,0.684,ON,1.328,15.686,19,0,0.781,0.781,2.363,0.781,0.918,2.031,47.451,0,15.686,24,0.012,0.043,OFF,ECT 5th,NA,OFF,97.878,97.900,15.294,0,Not Avl,0,0,0,0,ON,ON,0,0,1
454,0,13.944,Not Avl,Compl,Compl,Unable,OFF,Not Avl,Compl,Compl,Unable,OFF,39.844,39.062,32.500,33.125,19.531,39.551,15.686,31.765,0.781,1.582,ON,0,OFF,ON,ON,1.001,1.001,-0.039,-0.035,3.235,3.239,0,97,51199.219,13.691,25.490,OFF,OFF,OFF,OFF,OFF,OFF,OFF,Avail,Incmpl,Incmpl,Enable,Avail,481.900,199.200,481.900,199.200,ON,Avail,Compl,Enable,70,0,0,0,0,0,0,6,A,0,0,Avail,Incmpl,Incmpl,Enable,OFF,OFF,301,883.500,51199.219,51199.219,51199.219,51199.219,51199.219,51199.219,1GRFE ,5.490,Avail,Incmpl,Incmpl,Enable,0.299,OFF,OFF,OFF,OFF,ON,ON,Avail,Compl,Enable,Compl,CL,CL,Compl,Unable,Not Avl,Compl,Incmpl,Enable,OFF,80,15,452,ON,42.500,21.250,0.116,2549,15,21,-3,OFF,1.562,5.469,5.420,OFF,0,0,54,Avail,Compl,Enable,0,GRN2#  ,ON,0,Not Act,Not Act,0,0,0,0.035,21247.676,21247.676,Avail,Compl,Avail,Incmpl,Incmpl,Enable,OBD II (California ARB),OFF,OFF,1.172,0,0,1st,OFF,OFF,OFF,OFF,OFF,OFF,0,1.562,ON,OFF,850,0,OFF,OFF,OFF,ON,Gasoline,0.981,OFF,OFF,0.684,ON,0.547,15.686,10,0,0.781,0.781,2.363,0.781,0.918,2.031,47.451,0,15.686,24,0.012,0.047,OFF,ECT 5th,NA,OFF,97.878,97.900,15.294,0,Not Avl,0,0,0,0,ON,ON,0,0,1
455,0,13.929,Not Avl,Compl,Compl,Unable,OFF,Not Avl,Compl,Compl,Unable,OFF,39.844,39.062,32.500,33.125,19.531,39.551,15.686,31.765,0.781,1.582,ON,0,OFF,ON,ON,1.001,1.001,-0.035,-0.035,3.239,3.239,0,97,51199.219,13.691,25.490,OFF,OFF,OFF,OFF,OFF,OFF,OFF,Avail,Incmpl,Incmpl,Enable,Avail,481.900,199.200,481.900,199.200,ON,Avail,Compl,Enable,70,0,0,0,0,0,0,6,A,0,0,Avail,Incmpl,Incmpl,Enable,OFF,OFF,302,899,51199.219,51199.219,51199.219,51199.219,51199.219,51199.219,1GRFE ,5.490,Avail,Incmpl,Incmpl,Enable,0.317,OFF,OFF,OFF,OFF,ON,ON,Avail,Compl,Enable,Compl,CL,CL,Compl,Unable,Not Avl,Compl,Incmpl,Enable,OFF,80,15,469,ON,42.500,21.250,0.115,2564,15,21,-3,OFF,1.562,5.469,5.420,OFF,0,0,54,Avail,Compl,Enable,0,GRN2#  ,ON,0,Not Act,Not Act,0,0,0,0.035,21247.676,21247.676,Avail,Compl,Avail,Incmpl,Incmpl,Enable,OBD II (California ARB),OFF,OFF,1.294,0,0,1st,OFF,OFF,OFF,OFF,OFF,OFF,0.781,1.562,ON,OFF,850,0,OFF,OFF,OFF,ON,Gasoline,0.980,OFF,OFF,0.684,ON,0.938,15.686,14,0,0.781,0.781,2.363,0.781,0.918,2.031,47.451,0,15.686,24,0.012,0.047,OFF,ECT 5th,NA,OFF,97.878,97.878,14.902,0,Not Avl,0,0,0,0,ON,ON,0,0,1
456,0,13.944,Not Avl,Compl,Compl,Unable,OFF,Not Avl,Compl,Compl,Unable,OFF,39.844,39.062,32.500,33.125,19.531,39.551,15.686,31.765,0.781,1.582,ON,0,OFF,ON,ON,0.996,0.997,-0.055,-0.047,3.210,3.220,0,97,51199.219,13.691,25.490,OFF,OFF,OFF,OFF,OFF,OFF,OFF,Avail,Incmpl,Incmpl,Enable,Avail,481.900,199.200,481.900,199.200,ON,Avail,Compl,Enable,70,0,0,0,0,0,0,6,A,0,0,Avail,Incmpl,Incmpl,Enable,OFF,OFF,302,892.750,51199.219,51199.219,51199.219,51199.219,51199.219,51199.219,1GRFE ,5.490,Avail,Incmpl,Incmpl,Enable,0.336,OFF,OFF,OFF,OFF,ON,ON,Avail,Compl,Enable,Compl,CL,CL,Compl,Unable,Not Avl,Compl,Incmpl,Enable,OFF,80,15,490,ON,42.500,21.250,0.115,2557,15,21,-3,OFF,1.562,5.469,5.390,OFF,0,0,54,Avail,Compl,Enable,0,GRN2#  ,ON,0,Not Act,Not Act,0,0,0,0.035,21247.676,21247.676,Avail,Compl,Avail,Incmpl,Incmpl,Enable,OBD II (California ARB),OFF,OFF,1.385,0,0,1st,OFF,OFF,OFF,OFF,OFF,OFF,0,1.562,ON,OFF,850,0,OFF,OFF,OFF,ON,Gasoline,0.980,OFF,OFF,0.684,ON,0.938,15.686,13,0,0.781,0.781,2.363,0.781,0.918,2.031,47.451,0,15.686,24,0.012,0.047,OFF,ECT 5th,NA,OFF,97.878,97.878,14.902,0,Not Avl,0,0,0,0,ON,ON,0,0,1
457,0,13.944,Not Avl,Compl,Compl,Unable,OFF,Not Avl,Compl,Compl,Unable,OFF,39.844,53.906,32.500,33.125,19.531,39.551,15.686,31.765,0.781,1.582,ON,0,OFF,ON,ON,0.992,0.994,-0.066,-0.055,3.186,3.205,0,97,51199.219,13.691,25.490,OFF,OFF,OFF,OFF,OFF,OFF,OFF,Avail,Incmpl,Incmpl,Enable,Avail,481.800,199.600,481.800,199.600,ON,Avail,Compl,Enable,70,0,0,0,0,0,0,6,A,0,0,Avail,Incmpl,Incmpl,Enable,OFF,OFF,303,894.500,51199.219,51199.219,51199.219,51199.219,51199.219,51199.219,1GRFE ,5.490,Avail,Incmpl,Incmpl,Enable,0.354,OFF,OFF,OFF,OFF,ON,ON,Avail,Compl,Enable,Compl,CL,CL,Compl,Unable,Not Avl,Compl,Incmpl,Enable,OFF,80,15,509,ON,42.500,21.250,0.115,2535,15,21,-3,OFF,1.562,5.469,5.430,OFF,0,0,67,Avail,Compl,Enable,0,GRN2#  ,ON,0,Not Act,Not Act,0,0,0,0.035,21247.676,21247.676,Avail,Compl,Avail,Incmpl,Incmpl,Enable,OBD II (California ARB),OFF,OFF,1.489,0,0,1st,OFF,OFF,OFF,OFF,OFF,OFF,0,0.781,ON,OFF,850,0,OFF,OFF,OFF,ON,Gasoline,0.980,OFF,OFF,0.684,ON,0.938,15.686,15,0,0.781,0.781,2.363,0.781,0.918,2.031,47.451,0,15.686,24,0.016,0.047,OFF,ECT 5th,NA,OFF,97.878,97.900,15.294,0,Not Avl,0,0,0,0,ON,ON,0,0,1
458,0,13.944,Not Avl,Compl,Compl,Unable,OFF,Not Avl,Compl,Compl,Unable,OFF,39.844,58.594,32.500,33.125,19.531,39.551,15.686,31.765,0.781,1.582,ON,0,OFF,ON,ON,0.993,0.993,-0.062,-0.062,3.196,3.196,0,97,51199.219,13.691,25.490,OFF,OFF,OFF,OFF,OFF,OFF,OFF,Avail,Incmpl,Incmpl,Enable,Avail,481.800,199.600,481.800,199.600,ON,Avail,Compl,Enable,70,0,0,0,0,0,0,6,A,0,0,Avail,Incmpl,Incmpl,Enable,OFF,OFF,303,889.750,51199.219,51199.219,51199.219,51199.219,51199.219,51199.219,1GRFE ,5.882,Avail,Incmpl,Incmpl,Enable,0.378,OFF,OFF,OFF,OFF,ON,ON,Avail,Compl,Enable,Compl,CL,CL,Compl,Unable,Not Avl,Compl,Incmpl,Enable,OFF,80,15,533,ON,42.500,21.250,0.116,2564,15,21,-3,OFF,1.562,5.469,5.430,OFF,0,0,67,Avail,Compl,Enable,0,GRN2#  ,ON,0,Not Act,Not Act,0,0,0,0.035,21247.676,21247.676,Avail,Compl,Avail,Incmpl,Incmpl,Enable,OBD II (California ARB),OFF,OFF,1.636,0,0,1st,OFF,OFF,OFF,OFF,OFF,OFF,0,0.781,ON,OFF,850,0,OFF,OFF,OFF,ON,Gasoline,0.981,OFF,OFF,0.684,ON,0.938,15.686,14,0,0.781,0.781,2.363,0.781,0.918,2.031,47.451,0,15.686,24,0.016,0.051,OFF,ECT 5th,NA,OFF,97.878,97.900,15.294,0,Not Avl,0,0,0,0,ON,ON,0,0,1
459,0,13.944,Not Avl,Compl,Compl,Unable,OFF,Not Avl,Compl,Compl,Unable,OFF,39.844,46.875,32.500,33.125,19.531,39.551,15.686,31.765,0.781,1.582,ON,0,OFF,ON,ON,0.994,0.995,-0.055,-0.055,3.205,3.210,0,97,51199.219,13.691,25.490,OFF,OFF,OFF,OFF,OFF,OFF,OFF,Avail,Incmpl,Incmpl,Enable,Avail,481.700,200,481.700,200,ON,Avail,Compl,Enable,70,0,0,0,0,0,0,6,A,0,0,Avail,Incmpl,Incmpl,Enable,OFF,OFF,303,890.500,51199.219,51199.219,51199.219,51199.219,51199.219,51199.219,1GRFE ,5.882,Avail,Incmpl,Incmpl,Enable,0.397,OFF,OFF,OFF,OFF,ON,ON,Avail,Compl,Enable,Compl,CL,CL,Compl,Unable,Not Avl,Compl,Incmpl,Enable,OFF,80,15,550,ON,42.500,21.250,0.116,2553,15,21,-3,OFF,1.562,5.469,5.430,OFF,0,0,71,Avail,Compl,Enable,0,GRN2#  ,ON,0,Not Act,Not Act,0,0,0,0.035,21247.676,21247.676,Avail,Compl,Avail,Incmpl,Incmpl,Enable,OBD II (California ARB),OFF,OFF,1.715,0,0,1st,OFF,OFF,OFF,OFF,OFF,OFF,0,0.781,ON,OFF,850,0,OFF,OFF,OFF,ON,Gasoline,0.981,OFF,OFF,0.684,ON,0.781,15.686,12,0,0.781,0.781,2.363,0.781,0.918,2.031,47.451,0,15.686,24,0.016,0.051,OFF,ECT 5th,NA,OFF,97.878,97.900,15.294,0,Not Avl,0,0,0,0,ON,ON,0,0,1
460,0,13.926,Not Avl,Compl,Compl,Unable,OFF,Not Avl,Compl,Compl,Unable,OFF,45.312,42.969,32.500,33.125,19.531,39.551,15.686,31.765,0.781,1.582,ON,0,OFF,ON,ON,0.999,0.998,-0.043,-0.043,3.225,3.225,0,97,51199.219,13.691,25.490,OFF,OFF,OFF,OFF,OFF,OFF,OFF,Avail,Incmpl,Incmpl,Enable,Avail,481.700,200,481.700,200,ON,Avail,Compl,Enable,70,0,0,0,0,0,0,6,A,0,0,Avail,Incmpl,Incmpl,Enable,OFF,OFF,304,895.250,51199.219,51199.219,51199.219,51199.219,51199.219,51199.219,1GRFE ,5.882,Avail,Incmpl,Incmpl,Enable,0.415,OFF,OFF,OFF,OFF,ON,ON,Avail,Compl,Enable,Compl,CL,CL,Compl,Unable,Not Avl,Compl,Incmpl,Enable,OFF,80,15,565,ON,42.500,21.250,0.116,2564,15,21,-3,OFF,1.562,5.469,5.430,OFF,0,0,71,Avail,Compl,Enable,0,GRN2#  ,ON,0,Not Act,Not Act,0,0,0.015,0.035,21247.676,21247.676,Avail,Compl,Avail,Incmpl,Incmpl,Enable,OBD II (California ARB),OFF,OFF,1.819,0,0,1st,OFF,OFF,OFF,OFF,OFF,OFF,0,0.781,ON,OFF,850,0,OFF,OFF,OFF,ON,Gasoline,0.981,OFF,OFF,0.684,ON,1.016,15.686,15,0,0.781,0.781,2.363,0.781,0.918,2.031,47.451,0,15.686,24,0.016,0.051,OFF,ECT 5th,NA,OFF,97.878,97.900,15.294,0,Not Avl,0,0,0,0,ON,ON,0,0,1
461,0,13.934,Not Avl,Compl,Compl,Unable,OFF,Not Avl,Compl,Compl,Unable,OFF,54.688,40.625,32.500,33.125,19.531,39.551,15.686,31.765,0.781,1.582,ON,0,OFF,ON,ON,0.994,0.999,-0.059,-0.039,3.200,3.230,0,97,51199.219,13.691,25.490,OFF,OFF,OFF,OFF,OFF,OFF,OFF,Avail,Incmpl,Incmpl,Enable,Avail,481.700,200,481.700,200,ON,Avail,Compl,Enable,70,0,0,0,0,0,0,6,A,0,0,Avail,Incmpl,Incmpl,Enable,OFF,OFF,304,897.500,51199.219,51199.219,51199.219,51199.219,51199.219,51199.219,1GRFE ,5.882,Avail,Incmpl,Incmpl,Enable,0.427,OFF,OFF,OFF,OFF,ON,ON,Avail,Compl,Enable,Compl,CL,CL,Compl,Unable,Not Avl,Compl,Incmpl,Enable,OFF,80,15,581,ON,42.500,21.250,0.115,2553,15,21,-3,OFF,1.562,5.469,5.430,OFF,0,0,71,Avail,Compl,Enable,0,GRN2#  ,ON,0,Not Act,Not Act,0,0,0.015,0.035,21247.676,21247.676,Avail,Compl,Avail,Incmpl,Incmpl,Enable,OBD II (California ARB),OFF,OFF,1.904,0,0,1st,OFF,OFF,OFF,OFF,OFF,OFF,0,1.562,ON,OFF,850,0,OFF,OFF,OFF,ON,Gasoline,0.981,OFF,OFF,0.684,ON,0.938,15.686,16,0,0.781,0.781,2.363,0.781,0.918,2.031,47.451,0,15.686,24,0.016,0.051,OFF,ECT 5th,NA,OFF,97.878,97.900,15.294,0,Not Avl,0,0,0,0,ON,ON,0,0,1
462,0,13.944,Not Avl,Compl,Compl,Unable,OFF,Not Avl,Compl,Compl,Unable,OFF,57.812,39.844,32.500,33.125,19.531,39.551,15.686,31.765,0.781,1.582,ON,0,OFF,ON,ON,0.995,0.996,-0.055,-0.051,3.210,3.215,0,97,51199.219,13.691,25.490,OFF,OFF,OFF,OFF,OFF,OFF,OFF,Avail,Incmpl,Incmpl,Enable,Avail,481.600,200.500,481.600,200.500,ON,Avail,Compl,Enable,70,0,0,0,0,0,0,6,A,0,0,Avail,Incmpl,Incmpl,Enable,OFF,OFF,304,899,51199.219,51199.219,51199.219,51199.219,51199.219,51199.219,1GRFE ,6.275,Avail,Incmpl,Incmpl,Enable,0.446,OFF,OFF,OFF,OFF,ON,ON,Avail,Compl,Enable,Compl,CL,CL,Compl,Unable,Not Avl,Compl,Incmpl,Enable,OFF,80,15,597,ON,42.500,21.250,0.115,2535,15,21,-3,OFF,1.562,5.469,5.370,OFF,0,0,68,Avail,Compl,Enable,0,GRN2#  ,ON,0,Not Act,Not Act,0,0,0.015,0.035,21247.676,21247.676,Avail,Compl,Avail,Incmpl,Incmpl,Enable,OBD II (California ARB),OFF,OFF,1.996,0,0,1st,OFF,OFF,OFF,OFF,OFF,OFF,0,1.562,ON,OFF,850,0,OFF,OFF,OFF,ON,Gasoline,0.982,OFF,OFF,0.684,ON,1.172,15.686,15,0,0.781,0.781,2.363,0.781,0.918,2.031,47.451,0,15.686,24,0.016,0.051,OFF,ECT 5th,NA,OFF,97.878,97.900,14.902,0,Not Avl,0,0,0,0,ON,ON,0,0,1
463,0,13.926,Not Avl,Compl,Compl,Unable,OFF,Not Avl,Compl,Compl,Unable,OFF,59.375,39.844,32.500,33.125,19.531,39.551,15.686,31.765,0.781,1.582,ON,0,OFF,ON,ON,0.995,0.996,-0.051,-0.051,3.215,3.215,0,97,51199.219,13.691,25.490,OFF,OFF,OFF,OFF,OFF,OFF,OFF,Avail,Incmpl,Incmpl,Enable,Avail,481.600,200.500,481.600,200.500,ON,Avail,Compl,Enable,70,0,0,0,0,0,0,6,A,0,0,Avail,Incmpl,Incmpl,Enable,OFF,OFF,305,899,51199.219,51199.219,51199.219,51199.219,51199.219,51199.219,1GRFE ,6.275,Avail,Incmpl,Incmpl,Enable,0.458,OFF,OFF,OFF,OFF,ON,ON,Avail,Compl,Enable,Compl,CL,CL,Compl,Unable,Not Avl,Compl,Incmpl,Enable,OFF,80,15,12,ON,42.500,21.250,0.115,2535,15,21,-3,OFF,1.562,5.469,5.370,OFF,0,0,68,Avail,Compl,Enable,0,GRN2#  ,ON,0,Not Act,Not Act,0,0,0,0.035,21247.676,21247.676,Avail,Compl,Avail,Incmpl,Incmpl,Enable,OBD II (California ARB),OFF,OFF,2.051,0,0,1st,OFF,OFF,OFF,OFF,OFF,OFF,0,1.562,ON,OFF,850,0,OFF,OFF,OFF,ON,Gasoline,0.982,OFF,OFF,0.684,ON,1.172,15.686,19,0,0.781,0.781,2.363,0.781,0.918,2.031,47.451,0,15.686,24,0.016,0.055,OFF,ECT 5th,NA,OFF,97.878,97.900,14.902,0,Not Avl,0,0,0,0,ON,ON,0,0,1
464,0,13.926,Not Avl,Compl,Compl,Unable,OFF,Not Avl,Compl,Compl,Unable,OFF,46.875,39.844,32.500,33.125,19.531,39.551,15.686,31.765,0.781,1.582,ON,0,OFF,ON,ON,0.998,0.996,-0.039,-0.047,3.230,3.220,0,97,51199.219,13.691,25.490,OFF,OFF,OFF,OFF,OFF,OFF,OFF,Avail,Incmpl,Incmpl,Enable,Avail,481.600,200.500,481.600,200.500,ON,Avail,Compl,Enable,70,0,0,0,0,0,0,6,A,0,0,Avail,Incmpl,Incmpl,Enable,OFF,OFF,305,892.750,51199.219,51199.219,51199.219,51199.219,51199.219,51199.219,1GRFE ,6.275,Avail,Incmpl,Incmpl,Enable,0.482,OFF,OFF,OFF,OFF,ON,ON,Avail,Compl,Enable,Compl,CL,CL,Compl,Unable,Not Avl,Compl,Incmpl,Enable,OFF,80,15,27,ON,42.500,21.250,0.115,2528,15,21,-3,OFF,1.562,5.469,5.370,OFF,0,0,68,Avail,Compl,Enable,0,GRN2#  ,ON,0,Not Act,Not Act,0,0,0,0.035,21247.676,21247.676,Avail,Compl,Avail,Incmpl,Incmpl,Enable,OBD II (California ARB),OFF,OFF,2.155,0,0,1st,OFF,OFF,OFF,OFF,OFF,OFF,0,1.562,ON,OFF,850,0,OFF,OFF,OFF,ON,Gasoline,0.982,OFF,OFF,0.684,ON,1.094,15.686,15,0,0.781,0.781,2.363,0.781,0.918,2.031,47.451,0,15.686,24,0.016,0.055,OFF,ECT 5th,NA,OFF,97.878,97.878,14.902,0,Not Avl,0,0,0,0,ON,ON,0,0,1
465,0,13.945,Not Avl,Compl,Compl,Unable,OFF,Not Avl,Compl,Compl,Unable,OFF,42.188,39.844,32.500,33.125,19.531,39.551,15.686,31.765,0.781,1.582,ON,0,OFF,ON,ON,1.001,1.000,-0.035,-0.039,3.239,3.235,0,97,51199.219,13.691,25.490,OFF,OFF,OFF,OFF,OFF,OFF,OFF,Avail,Incmpl,Incmpl,Enable,Avail,481.400,200.900,481.400,200.900,ON,Avail,Compl,Enable,70,0,0,0,0,0,0,6,A,0,0,Avail,Incmpl,Incmpl,Enable,OFF,OFF,306,887.500,51199.219,51199.219,51199.219,51199.219,51199.219,51199.219,1GRFE ,6.275,Avail,Incmpl,Incmpl,Enable,0.494,OFF,OFF,OFF,OFF,ON,ON,Avail,Compl,Enable,Compl,CL,CL,Compl,Unable,Not Avl,Compl,Incmpl,Enable,OFF,80,15,45,ON,42.500,21.250,0.115,2542,15,21,-3,OFF,1.562,5.469,5.400,OFF,0,0,71,Avail,Compl,Enable,0,GRN2#  ,ON,0,Not Act,Not Act,0,0,0.015,0.035,21247.676,21247.676,Avail,Compl,Avail,Incmpl,Incmpl,Enable,OBD II (California ARB),OFF,OFF,2.240,0,0,1st,OFF,OFF,OFF,OFF,OFF,OFF,0,1.562,ON,OFF,850,0,OFF,OFF,OFF,ON,Gasoline,0.981,OFF,OFF,0.684,ON,0.703,15.686,11,0,0.781,0.781,2.363,0.781,0.918,2.031,47.451,0,15.686,24,0.016,0.055,OFF,ECT 5th,NA,OFF,97.878,97.900,15.294,0,Not Avl,0,0,0,0,ON,ON,0,0,1
466,0,13.926,Not Avl,Compl,Compl,Unable,OFF,Not Avl,Compl,Compl,Unable,OFF,39.844,39.844,32.500,33.125,19.531,39.551,15.686,31.765,0.781,1.582,ON,0,OFF,ON,ON,0.999,0.998,-0.043,-0.043,3.225,3.225,0,97,51199.219,13.691,25.490,OFF,OFF,OFF,OFF,OFF,OFF,OFF,Avail,Incmpl,Incmpl,Enable,Avail,481.400,200.900,481.400,200.900,ON,Avail,Compl,Enable,70,0,0,0,0,0,0,6,A,0,0,Avail,Incmpl,Incmpl,Enable,OFF,OFF,306,886.500,51199.219,51199.219,51199.219,51199.219,51199.219,51199.219,1GRFE ,6.275,Avail,Incmpl,Incmpl,Enable,0.513,OFF,OFF,OFF,OFF,ON,ON,Avail,Compl,Enable,Compl,CL,CL,Compl,Unable,Not Avl,Compl,Incmpl,Enable,OFF,80,15,62,ON,42.500,21.250,0.115,2567,15,21,-3,OFF,1.562,5.469,5.370,OFF,0,0,71,Avail,Compl,Enable,0,GRN2#  ,ON,0,Not Act,Not Act,0,0,0.015,0.035,21247.676,21247.676,Avail,Compl,Avail,Incmpl,Incmpl,Enable,OBD II (California ARB),OFF,OFF,2.325,0,0,1st,OFF,OFF,OFF,OFF,OFF,OFF,0,1.562,ON,OFF,850,0,OFF,OFF,OFF,ON,Gasoline,0.981,OFF,OFF,0.684,ON,0.938,15.686,15,0,0.781,0.781,2.363,0.781,0.918,2.031,47.451,0,15.686,24,0.016,0.055,OFF,ECT 5th,NA,OFF,97.878,97.922,15.294,0,Not Avl,0,0,0,0,ON,ON,0,0,1
467,0,13.927,Not Avl,Compl,Compl,Unable,OFF,Not Avl,Compl,Compl,Unable,OFF,39.062,39.062,32.500,33.125,19.531,39.551,15.686,31.765,0.781,1.582,ON,0,OFF,ON,ON,0.993,0.995,-0.066,-0.059,3.191,3.200,0,97,51199.219,13.691,25.490,OFF,OFF,OFF,OFF,OFF,OFF,OFF,Avail,Incmpl,Incmpl,Enable,Avail,481.200,201.300,481.200,201.300,ON,Avail,Compl,Enable,70,0,0,0,0,0,0,6,A,0,0,Avail,Incmpl,Incmpl,Enable,OFF,OFF,306,895.250,51199.219,51199.219,51199.219,51199.219,51199.219,51199.219,1GRFE ,6.667,Avail,Incmpl,Incmpl,Enable,0.531,OFF,OFF,OFF,OFF,ON,ON,Avail,Compl,Enable,Compl,CL,CL,Compl,Unable,Not Avl,Compl,Incmpl,Enable,OFF,80,15,81,ON,42.500,21.250,0.115,2542,15,21,-3,OFF,1.562,5.469,5.370,OFF,0,0,57,Avail,Compl,Enable,0,GRN2#  ,ON,0,Not Act,Not Act,0,0,0.015,0.035,21247.676,21247.676,Avail,Compl,Avail,Incmpl,Incmpl,Enable,OBD II (California ARB),OFF,OFF,2.429,0,0,1st,OFF,OFF,OFF,OFF,OFF,OFF,0,0.781,ON,OFF,850,0,OFF,OFF,OFF,ON,Gasoline,0.981,OFF,OFF,0.684,ON,1.328,15.686,20,0,0.781,0.781,2.363,0.781,0.918,2.031,47.451,0,15.686,24,0.016,0.055,OFF,ECT 5th,NA,OFF,97.878,97.878,14.902,0,Not Avl,0,0,0,0,ON,ON,0,0,1
468,0,13.925,Not Avl,Compl,Compl,Unable,OFF,Not Avl,Compl,Compl,Unable,OFF,39.062,39.062,32.500,33.125,19.531,39.551,15.686,31.765,0.781,1.582,ON,0,OFF,ON,ON,0.997,0.994,-0.047,-0.059,3.220,3.200,0,97,51199.219,13.691,25.098,OFF,OFF,OFF,OFF,OFF,OFF,OFF,Avail,Incmpl,Incmpl,Enable,Avail,481.200,201.300,481.200,201.300,ON,Avail,Compl,Enable,70,0,0,0,0,0,0,6,A,0,0,Avail,Incmpl,Incmpl,Enable,OFF,OFF,307,890.500,51199.219,51199.219,51199.219,51199.219,51199.219,51199.219,1GRFE ,6.667,Avail,Incmpl,Incmpl,Enable,0.549,OFF,OFF,OFF,OFF,ON,ON,Avail,Compl,Enable,Compl,CL,CL,Compl,Unable,Not Avl,Compl,Incmpl,Enable,OFF,80,15,100,ON,42.500,21.250,0.115,2520,15,21,-3,OFF,1.562,5.469,5.310,OFF,0,0,57,Avail,Compl,Enable,0,GRN2#  ,ON,0,Not Act,Not Act,0,0,0.015,0.035,21247.676,21247.676,Avail,Compl,Avail,Incmpl,Incmpl,Enable,OBD II (California ARB),OFF,OFF,2.545,0,0,1st,OFF,OFF,OFF,OFF,OFF,OFF,0,0.781,ON,OFF,850,0,OFF,OFF,OFF,ON,Gasoline,0.982,OFF,OFF,0.684,ON,1.094,15.686,16,0,0.781,0.781,2.363,0.781,0.918,2.031,47.451,0,15.686,24,0.020,0.055,OFF,ECT 5th,NA,OFF,97.878,97.900,14.902,0,Not Avl,0,0,0,0,ON,ON,0,0,1
469,0,13.926,Not Avl,Compl,Compl,Unable,OFF,Not Avl,Compl,Compl,Unable,OFF,39.062,39.062,32.500,33.125,19.531,39.551,15.686,31.765,0.781,1.582,ON,0,OFF,ON,ON,0.998,0.995,-0.043,-0.055,3.225,3.210,0,97,51199.219,13.691,25.490,OFF,OFF,OFF,OFF,OFF,OFF,OFF,Avail,Incmpl,Incmpl,Enable,Avail,481.200,201.300,481.200,201.300,ON,Avail,Compl,Enable,70,0,0,0,0,0,0,6,A,0,0,Avail,Incmpl,Incmpl,Enable,OFF,OFF,307,885.750,51199.219,51199.219,51199.219,51199.219,51199.219,51199.219,1GRFE ,6.667,Avail,Incmpl,Incmpl,Enable,0.574,OFF,OFF,OFF,OFF,ON,ON,Avail,Compl,Enable,Compl,CL,CL,Compl,Unable,Not Avl,Compl,Incmpl,Enable,OFF,80,15,119,ON,42.500,21.250,0.115,2535,15,21,-3,OFF,1.562,5.469,5.340,OFF,0,0,57,Avail,Compl,Enable,0,GRN2#  ,ON,0,Not Act,Not Act,0,0,0.015,0.035,21247.676,21247.676,Avail,Compl,Avail,Incmpl,Incmpl,Enable,OBD II (California ARB),OFF,OFF,2.612,0,0,1st,OFF,OFF,OFF,OFF,OFF,OFF,0,0.781,ON,OFF,850,0,OFF,OFF,OFF,ON,Gasoline,0.982,OFF,OFF,0.684,ON,1.094,15.686,15,0,0.781,0.781,2.363,0.781,0.918,2.031,47.451,0,15.686,24,0.020,0.055,OFF,ECT 5th,NA,OFF,97.878,97.856,14.902,0,Not Avl,0,0,0,0,ON,ON,0,0,1
470,0,13.936,Not Avl,Compl,Compl,Unable,OFF,Not Avl,Compl,Compl,Unable,OFF,39.062,39.062,32.500,33.125,19.531,39.551,15.686,31.765,0.781,1.582,ON,0,OFF,ON,ON,1.001,1.000,-0.035,-0.039,3.239,3.235,0,97,51199.219,13.691,25.490,OFF,OFF,OFF,OFF,OFF,OFF,OFF,Avail,Incmpl,Incmpl,Enable,Avail,481.100,201.700,481.100,201.700,ON,Avail,Compl,Enable,70,0,0,0,0,0,0,6,A,0,0,Avail,Incmpl,Incmpl,Enable,OFF,OFF,308,881.250,51199.219,51199.219,51199.219,51199.219,51199.219,51199.219,1GRFE ,6.667,Avail,Incmpl,Incmpl,Enable,0.592,OFF,OFF,OFF,OFF,ON,ON,Avail,Compl,Enable,Compl,CL,CL,Compl,Unable,Not Avl,Compl,Incmpl,Enable,OFF,80,15,137,ON,42.500,21.250,0.115,2546,15,21,-3,OFF,1.562,5.469,5.310,OFF,0,0,71,Avail,Compl,Enable,0,GRN2#  ,ON,0,Not Act,Not Act,0,0,0.015,0.035,21247.676,21247.676,Avail,Compl,Avail,Incmpl,Incmpl,Enable,OBD II (California ARB),OFF,OFF,2.692,0,0,1st,OFF,OFF,OFF,OFF,OFF,OFF,0,1.562,ON,OFF,850,0,OFF,OFF,OFF,ON,Gasoline,0.981,OFF,OFF,0.684,ON,0.781,15.686,13,0,0.781,0.781,2.363,0.781,0.918,2.031,47.451,0,15.686,24,0.020,0.055,OFF,ECT 5th,NA,OFF,97.878,97.856,14.902,0,Not Avl,0,0,0,0,ON,ON,0,0,1
471,0,13.926,Not Avl,Compl,Compl,Unable,OFF,Not Avl,Compl,Compl,Unable,OFF,39.062,39.062,32.500,33.125,19.531,39.551,15.686,31.765,0.781,1.582,ON,0,OFF,ON,ON,0.999,1.000,-0.023,-0.027,3.230,3.235,0,97,51199.219,13.691,25.490,OFF,OFF,OFF,OFF,OFF,OFF,OFF,Avail,Incmpl,Incmpl,Enable,Avail,481.100,201.700,481.100,201.700,ON,Avail,Compl,Enable,70,0,0,0,0,0,0,6,A,0,0,Avail,Incmpl,Incmpl,Enable,OFF,OFF,308,889.750,51199.219,51199.219,51199.219,51199.219,51199.219,51199.219,1GRFE ,7.059,Avail,Incmpl,Incmpl,Enable,0.610,OFF,OFF,OFF,OFF,ON,ON,Avail,Compl,Enable,Compl,CL,CL,Compl,Unable,Not Avl,Compl,Incmpl,Enable,OFF,80,15,157,ON,42.500,21.250,0.114,2535,15,21,-3,OFF,1.562,5.469,5.310,OFF,0,0,71,Avail,Compl,Enable,0,GRN2#  ,ON,0,Not Act,Not Act,0,0,0.015,0.035,21247.676,21247.676,Avail,Compl,Avail,Incmpl,Incmpl,Enable,OBD II (California ARB),OFF,OFF,2.826,0,0,1st,OFF,OFF,OFF,OFF,OFF,OFF,0,1.562,ON,OFF,850,0,OFF,OFF,OFF,ON,Gasoline,0.981,OFF,OFF,0.684,ON,1.016,15.686,15,0,0.781,0.781,2.363,0.781,0.918,2.031,47.451,0,15.686,24,0.020,0.059,OFF,ECT 5th,NA,OFF,97.878,97.922,14.902,0,Not Avl,0,0,0,0,ON,ON,0,0,1
472,0,13.944,Not Avl,Compl,Compl,Unable,OFF,Not Avl,Compl,Compl,Unable,OFF,39.062,39.062,32.500,33.125,19.531,39.551,15.686,31.765,0.781,1.582,ON,0,OFF,ON,ON,0.995,1.000,-0.055,-0.039,3.210,3.235,0,97,51199.219,13.691,25.098,OFF,OFF,OFF,OFF,OFF,OFF,OFF,Avail,Incmpl,Incmpl,Enable,Avail,480.900,202.100,480.900,202.100,ON,Avail,Compl,Enable,70,0,0,0,0,0,0,6,A,0,0,Avail,Incmpl,Incmpl,Enable,OFF,OFF,308,891.250,51199.219,51199.219,51199.219,51199.219,51199.219,51199.219,1GRFE ,7.059,Avail,Incmpl,Incmpl,Enable,0.629,OFF,OFF,OFF,OFF,ON,ON,Avail,Compl,Enable,Compl,CL,CL,Compl,Unable,Not Avl,Compl,Incmpl,Enable,OFF,80,15,175,ON,42.500,21.250,0.114,2520,15,21,-3,OFF,1.562,5.469,5.370,OFF,0,0,73,Avail,Compl,Enable,0,GRN2#  ,ON,0,Not Act,Not Act,0,0,0.015,0.035,21247.676,21247.676,Avail,Compl,Avail,Incmpl,Incmpl,Enable,OBD II (California ARB),OFF,OFF,2.905,0,0,1st,OFF,OFF,OFF,OFF,OFF,OFF,0,1.562,ON,OFF,850,0,OFF,OFF,OFF,ON,Gasoline,0.981,OFF,OFF,0.684,ON,0.703,15.686,11,0,0.781,0.781,2.363,0.781,0.918,2.031,47.451,0,15.686,24,0.020,0.059,OFF,ECT 5th,NA,OFF,97.878,97.900,14.902,0,Not Avl,0,0,0,0,ON,ON,0,0,1
473,0,13.927,Not Avl,Compl,Compl,Unable,OFF,Not Avl,Compl,Compl,Unable,OFF,48.438,39.062,32.500,33.125,19.531,39.551,15.686,31.765,0.781,1.582,ON,0,OFF,ON,ON,0.992,0.996,-0.062,-0.051,3.196,3.215,0,97,51199.219,13.691,25.098,OFF,OFF,OFF,OFF,OFF,OFF,OFF,Avail,Incmpl,Incmpl,Enable,Avail,480.900,202.100,480.900,202.100,ON,Avail,Compl,Enable,70,0,0,0,0,0,0,6,A,0,0,Avail,Incmpl,Incmpl,Enable,OFF,OFF,309,896,51199.219,51199.219,51199.219,51199.219,51199.219,51199.219,1GRFE ,7.059,Avail,Incmpl,Incmpl,Enable,0.647,OFF,OFF,OFF,OFF,ON,ON,Avail,Compl,Enable,Compl,CL,CL,Compl,Unable,Not Avl,Compl,Incmpl,Enable,OFF,80,15,193,ON,42.500,21.250,0.114,2513,15,21,-3,OFF,1.562,5.469,5.310,OFF,0,0,73,Avail,Compl,Enable,0,GRN2#  ,ON,0,Not Act,Not Act,0,0,0.015,0.035,21247.676,21247.676,Avail,Compl,Avail,Incmpl,Incmpl,Enable,OBD II (California ARB),OFF,OFF,3.027,0,0,1st,OFF,OFF,OFF,OFF,OFF,OFF,0,0.781,ON,OFF,850,0,OFF,OFF,OFF,ON,Gasoline,0.981,OFF,OFF,0.684,ON,1.094,15.686,16,0,0.781,0.781,2.363,0.781,0.918,2.031,47.451,0,15.686,24,0.020,0.059,OFF,ECT 5th,NA,OFF,97.878,97.856,14.902,0,Not Avl,0,0,0,0,ON,ON,0,0,1
474,0,13.944,Not Avl,Compl,Compl,Unable,OFF,Not Avl,Compl,Compl,Unable,OFF,53.906,42.969,32.500,33.125,19.531,39.551,15.686,31.765,0.781,1.582,ON,0,OFF,ON,ON,0.996,0.996,-0.051,-0.051,3.215,3.215,0,97,51199.219,13.691,25.490,OFF,OFF,OFF,OFF,OFF,OFF,OFF,Avail,Incmpl,Incmpl,Enable,Avail,480.900,202.100,480.900,202.100,ON,Avail,Compl,Enable,70,0,0,0,0,0,0,6,A,0,0,Avail,Incmpl,Incmpl,Enable,OFF,OFF,309,885,51199.219,51199.219,51199.219,51199.219,51199.219,51199.219,1GRFE ,7.451,Avail,Incmpl,Incmpl,Enable,0.665,OFF,OFF,OFF,OFF,ON,ON,Avail,Compl,Enable,Compl,CL,CL,Compl,Unable,Not Avl,Compl,Incmpl,Enable,OFF,80,15,210,ON,42.500,21.250,0.114,2528,15,21,-3,OFF,1.562,5.469,5.310,OFF,0,0,73,Avail,Compl,Enable,0,GRN2#  ,ON,0,Not Act,Not Act,0,0,0.015,0.035,21247.676,21247.676,Avail,Compl,Avail,Incmpl,Incmpl,Enable,OBD II (California ARB),OFF,OFF,3.125,0,0,1st,OFF,OFF,OFF,OFF,OFF,OFF,0,1.562,ON,OFF,850,0,OFF,OFF,OFF,ON,Gasoline,0.981,OFF,OFF,0.684,ON,0.781,15.686,11,0,0.781,0.781,2.363,0.781,0.918,2.031,47.451,0,15.686,24,0.020,0.059,OFF,ECT 5th,NA,OFF,97.878,97.856,14.902,0,Not Avl,0,0,0,0,ON,ON,0,0,1
475,0,13.933,Not Avl,Compl,Compl,Unable,OFF,Not Avl,Compl,Compl,Unable,OFF,58.594,54.688,32.500,33.125,19.531,39.551,15.686,31.765,0.781,1.582,ON,0,OFF,ON,ON,0.999,0.998,-0.039,-0.043,3.230,3.225,0,97,51199.219,13.691,25.490,OFF,OFF,OFF,OFF,OFF,OFF,OFF,Avail,Incmpl,Incmpl,Enable,Avail,480.800,202.500,480.800,202.500,ON,Avail,Compl,Enable,70,0,0,0,0,0,0,6,A,0,0,Avail,Incmpl,Incmpl,Enable,OFF,OFF,310,886.500,51199.219,51199.219,51199.219,51199.219,51199.219,51199.219,1GRFE ,7.451,Avail,Incmpl,Incmpl,Enable,0.684,OFF,OFF,OFF,OFF,ON,ON,Avail,Compl,Enable,Compl,CL,CL,Compl,Unable,Not Avl,Compl,Incmpl,Enable,OFF,80,15,229,ON,42.500,21.250,0.114,2549,15,21,-3,OFF,1.562,5.469,5.320,OFF,0,0,65,Avail,Compl,Enable,0,GRN2#  ,ON,0,Not Act,Not Act,0,0,0.015,0.035,21247.676,21247.676,Avail,Compl,Avail,Incmpl,Incmpl,Enable,OBD II (California ARB),OFF,OFF,3.223,0,0,1st,OFF,OFF,OFF,OFF,OFF,OFF,0,1.562,ON,OFF,850,0,OFF,OFF,OFF,ON,Gasoline,0.981,OFF,OFF,0.684,ON,1.016,15.686,16,0,0.781,0.781,2.363,0.781,0.918,2.031,47.451,0,15.686,25,0.020,0.059,OFF,ECT 5th,NA,OFF,97.878,97.900,14.902,0,Not Avl,0,0,0,0,ON,ON,0,0,1
476,0,13.940,Not Avl,Compl,Compl,Unable,OFF,Not Avl,Compl,Compl,Unable,OFF,50,57.812,32.500,33.125,19.531,39.551,15.686,31.765,0.781,1.582,ON,0,OFF,ON,ON,1.000,1.000,-0.035,-0.035,3.239,3.239,0,97,51199.219,13.691,25.490,OFF,OFF,OFF,OFF,OFF,OFF,OFF,Avail,Incmpl,Incmpl,Enable,Avail,480.800,202.500,480.800,202.500,ON,Avail,Compl,Enable,70,0,0,0,0,0,0,6,A,0,0,Avail,Incmpl,Incmpl,Enable,OFF,OFF,310,892,51199.219,51199.219,51199.219,51199.219,51199.219,51199.219,1GRFE ,7.451,Avail,Incmpl,Incmpl,Enable,0.702,OFF,OFF,OFF,OFF,ON,ON,Avail,Compl,Enable,Compl,CL,CL,Compl,Unable,Not Avl,Compl,Incmpl,Enable,OFF,80,15,246,ON,42.500,21.250,0.114,2542,15,21,-3,OFF,1.562,5.469,5.310,OFF,0,0,65,Avail,Compl,Enable,0,GRN2#  ,ON,0,Not Act,Not Act,0,0,0.015,0.035,21247.676,21247.676,Avail,Compl,Avail,Incmpl,Incmpl,Enable,OBD II (California ARB),OFF,OFF,3.357,0,0,1st,OFF,OFF,OFF,OFF,OFF,OFF,0,1.562,ON,OFF,850,0,OFF,OFF,OFF,ON,Gasoline,0.981,OFF,OFF,0.684,ON,0.781,15.686,13,0,0.781,0.781,2.363,0.781,0.918,2.031,47.451,0,15.686,25,0.020,0.059,OFF,ECT 5th,NA,OFF,97.878,97.900,14.902,0,Not Avl,0,0,0,0,ON,ON,0,0,1
477,0,13.925,Not Avl,Compl,Compl,Unable,OFF,Not Avl,Compl,Compl,Unable,OFF,42.969,53.906,32.500,33.125,19.531,39.551,15.686,31.765,0.781,1.582,ON,0,OFF,ON,ON,0.996,0.995,-0.051,-0.055,3.215,3.205,0,97,51199.219,13.691,25.098,OFF,OFF,OFF,OFF,OFF,OFF,OFF,Avail,Incmpl,Incmpl,Enable,Avail,480.600,202.900,480.600,202.900,ON,Avail,Compl,Enable,70,0,0,0,0,0,0,6,A,0,0,Avail,Incmpl,Incmpl,Enable,OFF,OFF,310,885,51199.219,51199.219,51199.219,51199.219,51199.219,51199.219,1GRFE ,7.451,Avail,Incmpl,Incmpl,Enable,0.720,OFF,OFF,OFF,OFF,ON,ON,Avail,Compl,Enable,Compl,CL,CL,Compl,Unable,Not Avl,Compl,Incmpl,Enable,OFF,80,15,265,ON,42.500,21.250,0.114,2520,15,21,-3,OFF,1.562,5.469,5.280,OFF,0,0,67,Avail,Compl,Enable,0,GRN2#  ,ON,0,Not Act,Not Act,0,0,0.015,0.035,21247.676,21247.676,Avail,Compl,Avail,Incmpl,Incmpl,Enable,OBD II (California ARB),OFF,OFF,3.394,0,0,1st,OFF,OFF,OFF,OFF,OFF,OFF,0,1.562,ON,OFF,850,0,OFF,OFF,OFF,ON,Gasoline,0.981,OFF,OFF,0.684,ON,1.172,15.686,17,0,0.781,0.781,2.363,0.781,0.918,2.031,47.451,0,15.686,25,0.020,0.059,OFF,ECT 5th,NA,OFF,97.878,97.856,14.902,0,Not Avl,0,0,0,0,ON,ON,0,0,1
478,0,13.923,Not Avl,Compl,Compl,Unable,OFF,Not Avl,Compl,Compl,Unable,OFF,40.625,44.531,32.500,33.125,19.531,39.551,15.686,31.765,0.781,1.582,ON,0,OFF,ON,ON,0.995,0.996,-0.055,-0.051,3.210,3.215,0,97,51199.219,13.691,25.098,OFF,OFF,OFF,OFF,OFF,OFF,OFF,Avail,Incmpl,Incmpl,Enable,Avail,480.600,202.900,480.600,202.900,ON,Avail,Compl,Enable,70,0,0,0,0,0,0,6,A,0,0,Avail,Incmpl,Incmpl,Enable,OFF,OFF,311,896.750,51199.219,51199.219,51199.219,51199.219,51199.219,51199.219,1GRFE ,7.451,Avail,Incmpl,Incmpl,Enable,0.739,OFF,OFF,OFF,OFF,ON,ON,Avail,Compl,Enable,Compl,CL,CL,Compl,Unable,Not Avl,Compl,Incmpl,Enable,OFF,80,15,281,ON,42.500,21.250,0.114,2488,15,21,-3,OFF,1.562,5.469,5.200,OFF,0,0,67,Avail,Compl,Enable,0,GRN2#  ,ON,0,Not Act,Not Act,0,0,0.015,0.035,21247.676,21247.676,Avail,Compl,Avail,Incmpl,Incmpl,Enable,OBD II (California ARB),OFF,OFF,3.497,0,0,1st,OFF,OFF,OFF,OFF,OFF,OFF,0,1.562,ON,OFF,850,0,OFF,OFF,OFF,ON,Gasoline,0.981,OFF,OFF,0.684,ON,1.328,15.686,18,0,0.781,0.781,2.363,0.781,0.918,2.031,47.451,0,15.686,25,0.023,0.059,OFF,ECT 5th,NA,OFF,97.878,97.922,14.510,0,Not Avl,0,0,0,0,ON,ON,0,0,1
479,0,13.926,Not Avl,Compl,Compl,Unable,OFF,Not Avl,Compl,Compl,Unable,OFF,39.844,42.188,32.500,33.125,19.531,39.551,15.686,31.765,0.781,1.582,ON,0,OFF,ON,ON,0.992,0.995,-0.062,-0.055,3.196,3.205,0,97,51199.219,13.691,25.098,OFF,OFF,OFF,OFF,OFF,OFF,OFF,Avail,Incmpl,Incmpl,Enable,Avail,480.600,202.900,480.600,202.900,ON,Avail,Compl,Enable,70,0,0,0,0,0,0,6,A,0,0,Avail,Incmpl,Incmpl,Enable,OFF,OFF,311,886.500,51199.219,51199.219,51199.219,51199.219,51199.219,51199.219,1GRFE ,7.843,Avail,Incmpl,Incmpl,Enable,0.757,OFF,OFF,OFF,OFF,ON,ON,Avail,Compl,Enable,Compl,CL,CL,Compl,Unable,Not Avl,Compl,Incmpl,Enable,OFF,80,15,297,ON,42.500,21.250,0.114,2480,15,21,-3,OFF,1.562,5.469,5.180,OFF,0,0,67,Avail,Compl,Enable,0,GRN2#  ,ON,0,Not Act,Not Act,0,0,0.015,0.035,21247.676,21247.676,Avail,Compl,Avail,Incmpl,Incmpl,Enable,OBD II (California ARB),OFF,OFF,3.497,0,0,1st,OFF,OFF,OFF,OFF,OFF,OFF,0,0.781,ON,OFF,850,0,OFF,OFF,OFF,ON,Gasoline,0.981,OFF,OFF,0.684,ON,1.250,15.686,18,0,0.781,0.781,2.363,0.781,0.918,2.031,47.451,0,15.686,25,0.023,0.059,OFF,ECT 5th,NA,OFF,97.878,97.856,14.510,0,Not Avl,0,0,0,0,ON,ON,0,0,1
480,0,13.926,Not Avl,Compl,Compl,Unable,OFF,Not Avl,Compl,Compl,Unable,OFF,39.844,39.844,32.500,33.125,19.531,39.551,15.686,31.765,0.781,1.582,ON,0,OFF,ON,ON,0.997,0.996,-0.047,-0.051,3.220,3.215,0,97,51199.219,13.691,25.098,OFF,OFF,OFF,OFF,OFF,OFF,OFF,Avail,Incmpl,Incmpl,Enable,Avail,480.400,203.300,480.400,203.300,ON,Avail,Compl,Enable,70,0,0,0,0,0,0,6,A,0,0,Avail,Incmpl,Incmpl,Enable,OFF,OFF,311,878.750,51199.219,51199.219,51199.219,51199.219,51199.219,51199.219,1GRFE ,7.843,Avail,Incmpl,Incmpl,Enable,0.769,OFF,OFF,OFF,OFF,ON,ON,Avail,Compl,Enable,Compl,CL,CL,Compl,Unable,Not Avl,Compl,Incmpl,Enable,OFF,80,15,312,ON,42.500,21.250,0.114,2502,15,21,-3,OFF,1.562,5.469,5.180,OFF,0,0,60,Avail,Compl,Enable,0,GRN2#  ,ON,0,Not Act,Not Act,0,0,0.015,0.035,21247.676,21247.676,Avail,Compl,Avail,Incmpl,Incmpl,Enable,OBD II (California ARB),OFF,OFF,3.534,0,0,1st,OFF,OFF,OFF,OFF,OFF,OFF,0,1.562,ON,OFF,850,0,OFF,OFF,OFF,ON,Gasoline,0.981,OFF,OFF,0.684,ON,1.016,15.686,15,0,0.781,0.781,2.363,0.781,0.918,2.031,47.451,0,15.686,25,0.023,0.059,OFF,ECT 5th,NA,OFF,97.878,97.922,14.902,0,Not Avl,0,0,0,0,ON,ON,0,0,1
481,0,13.926,Not Avl,Compl,Compl,Unable,OFF,Not Avl,Compl,Compl,Unable,OFF,39.844,39.844,32.500,33.125,19.531,39.551,15.686,31.765,0.781,1.582,ON,0,OFF,ON,ON,1.002,0.998,-0.027,-0.039,3.249,3.230,0,97,51199.219,13.691,25.098,OFF,OFF,OFF,OFF,OFF,OFF,OFF,Avail,Incmpl,Incmpl,Enable,Avail,480.400,203.300,480.400,203.300,ON,Avail,Compl,Enable,70,0,0,0,0,0,0,6,A,0,0,Avail,Incmpl,Incmpl,Enable,OFF,OFF,312,867.750,51199.219,51199.219,51199.219,51199.219,51199.219,51199.219,1GRFE ,7.843,Avail,Incmpl,Incmpl,Enable,0.781,OFF,OFF,OFF,OFF,ON,ON,Avail,Compl,Enable,Compl,CL,CL,Compl,Unable,Not Avl,Compl,Incmpl,Enable,OFF,80,15,326,ON,42.500,21.250,0.114,2528,15,21,-3,OFF,1.562,5.469,5.180,OFF,0,0,60,Avail,Compl,Enable,0,GRN2#  ,ON,0,Not Act,Not Act,0,0,0.015,0.035,21247.676,21247.676,Avail,Compl,Avail,Incmpl,Incmpl,Enable,OBD II (California ARB),OFF,OFF,3.601,0,0,1st,OFF,OFF,OFF,OFF,OFF,OFF,0,1.562,ON,OFF,850,0,OFF,OFF,OFF,ON,Gasoline,0.981,OFF,OFF,0.684,ON,1.094,15.686,17,0,0.781,0.781,2.363,0.781,0.918,2.031,47.451,0,15.686,25,0.023,0.062,OFF,ECT 5th,NA,OFF,97.878,97.922,14.902,0,Not Avl,0,0,0,0,ON,ON,0,0,1
482,0,13.925,Not Avl,Compl,Compl,Unable,OFF,Not Avl,Compl,Compl,Unable,OFF,39.844,39.844,32.500,33.125,19.531,39.551,15.686,31.765,0.781,1.582,ON,0,OFF,ON,ON,1.004,1.001,-0.023,-0.031,3.259,3.244,0,97,51199.219,13.691,25.490,OFF,OFF,OFF,OFF,OFF,OFF,OFF,Avail,Incmpl,Incmpl,Enable,Avail,480.400,203.300,480.400,203.300,ON,Avail,Compl,Enable,70,0,0,0,0,0,0,6,A,0,0,Avail,Incmpl,Incmpl,Enable,OFF,OFF,312,867,51199.219,51199.219,51199.219,51199.219,51199.219,51199.219,1GRFE ,7.843,Avail,Incmpl,Incmpl,Enable,0.806,OFF,OFF,OFF,OFF,ON,ON,Avail,Compl,Enable,Compl,CL,CL,Compl,Unable,Not Avl,Compl,Incmpl,Enable,OFF,80,15,342,ON,42.500,21.250,0.113,2535,15,21,-3,OFF,1.562,5.469,5.180,OFF,0,0,60,Avail,Compl,Enable,0,GRN2#  ,ON,0,Not Act,Not Act,0,0,0.015,0.035,21247.676,21247.676,Avail,Compl,Avail,Incmpl,Incmpl,Enable,OBD II (California ARB),OFF,OFF,3.693,0,0,1st,OFF,OFF,OFF,OFF,OFF,OFF,0.781,1.562,ON,OFF,850,0,OFF,OFF,OFF,ON,Gasoline,0.979,OFF,OFF,0.684,ON,1.094,15.686,16,0,0.781,0.781,2.363,0.781,0.918,2.031,47.451,0,15.686,25,0.023,0.062,OFF,ECT 5th,NA,OFF,97.878,97.922,14.902,0,Not Avl,0,0,0,0,ON,ON,0,0,1
483,0,13.925,Not Avl,Compl,Compl,Unable,OFF,Not Avl,Compl,Compl,Unable,OFF,39.844,39.844,32.500,33.125,19.531,39.551,15.686,31.765,0.781,1.582,ON,0,OFF,ON,ON,1.003,1.003,-0.031,-0.027,3.244,3.249,0,97,51199.219,13.691,25.490,OFF,OFF,OFF,OFF,OFF,OFF,OFF,Avail,Incmpl,Incmpl,Enable,Avail,480.200,203.700,480.200,203.700,ON,Avail,Compl,Enable,70,0,0,0,0,0,0,6,A,0,0,Avail,Incmpl,Incmpl,Enable,OFF,OFF,312,871,51199.219,51199.219,51199.219,51199.219,51199.219,51199.219,1GRFE ,7.843,Avail,Incmpl,Incmpl,Enable,0.818,OFF,OFF,OFF,OFF,ON,ON,Avail,Compl,Enable,Compl,CL,CL,Compl,Unable,Not Avl,Compl,Incmpl,Enable,OFF,80,15,357,ON,42.500,21.250,0.113,2520,15,21,-3,OFF,1.562,5.469,5.180,OFF,0,0,69,Avail,Compl,Enable,0,GRN2#  ,ON,0,Not Act,Not Act,0,0,0.015,0.035,21247.676,21247.676,Avail,Compl,Avail,Incmpl,Incmpl,Enable,OBD II (California ARB),OFF,OFF,3.802,0,0,1st,OFF,OFF,OFF,OFF,OFF,OFF,0.781,1.562,ON,OFF,850,0,OFF,OFF,OFF,ON,Gasoline,0.980,OFF,OFF,0.684,ON,1.250,15.686,20,0,0.781,0.781,2.363,0.781,0.918,2.031,47.451,0,15.686,25,0.023,0.062,OFF,ECT 5th,NA,OFF,97.878,97.900,14.902,0,Not Avl,0,0,0,0,ON,ON,0,0,1
484,0,13.906,Not Avl,Compl,Compl,Unable,OFF,Not Avl,Compl,Compl,Unable,OFF,39.844,39.844,32.500,33.125,19.531,39.551,15.686,31.765,0.781,1.582,ON,0,OFF,ON,ON,1.000,0.998,-0.039,-0.047,3.230,3.220,0,97,51199.219,13.691,25.098,OFF,OFF,OFF,OFF,OFF,OFF,OFF,Avail,Incmpl,Incmpl,Enable,Avail,480.200,203.700,480.200,203.700,ON,Avail,Compl,Enable,70,0,0,0,0,0,0,6,A,0,0,Avail,Incmpl,Incmpl,Enable,OFF,OFF,313,876.500,51199.219,51199.219,51199.219,51199.219,51199.219,51199.219,1GRFE ,8.235,Avail,Incmpl,Incmpl,Enable,0.836,OFF,OFF,OFF,OFF,ON,ON,Avail,Compl,Enable,Compl,CL,CL,Compl,Unable,Not Avl,Compl,Incmpl,Enable,OFF,80,15,376,ON,42.500,21.250,0.113,2517,15,21,-3,OFF,1.562,5.469,5.180,OFF,0,0,69,Avail,Compl,Enable,0,GRN2#  ,ON,0,Not Act,Not Act,0,0,0.015,0.035,21247.676,21247.676,Avail,Compl,Avail,Incmpl,Incmpl,Enable,OBD II (California ARB),OFF,OFF,3.937,0,0,1st,OFF,OFF,OFF,OFF,OFF,OFF,0.781,1.562,ON,OFF,850,0,OFF,OFF,OFF,ON,Gasoline,0.979,OFF,OFF,0.684,ON,1.250,15.686,21,0,0.781,0.781,2.363,0.781,0.918,2.031,47.451,0,15.686,25,0.023,0.062,OFF,ECT 5th,NA,OFF,97.878,97.922,14.902,0,Not Avl,0,0,0,0,ON,ON,0,0,1
485,0,13.943,Not Avl,Compl,Compl,Unable,OFF,Not Avl,Compl,Compl,Unable,OFF,39.844,39.844,32.500,33.125,19.531,39.551,15.686,31.765,0.781,1.582,ON,0,OFF,ON,ON,0.996,0.992,-0.051,-0.066,3.215,3.191,0,97,51199.219,13.691,25.098,OFF,OFF,OFF,OFF,OFF,OFF,OFF,Avail,Incmpl,Incmpl,Enable,Avail,480.200,203.700,480.200,203.700,ON,Avail,Compl,Enable,70,0,0,0,0,0,0,6,A,0,0,Avail,Incmpl,Incmpl,Enable,OFF,OFF,313,871,51199.219,51199.219,51199.219,51199.219,51199.219,51199.219,1GRFE ,8.235,Avail,Incmpl,Incmpl,Enable,0.861,OFF,OFF,OFF,OFF,ON,ON,Avail,Compl,Enable,Compl,CL,CL,Compl,Unable,Not Avl,Compl,Incmpl,Enable,OFF,80,15,395,ON,42.500,21.250,0.114,2531,15,21,-3,OFF,1.562,5.469,5.180,OFF,0,0,69,Avail,Compl,Enable,0,GRN2#  ,ON,0,Not Act,Not Act,0,0,0.015,0.035,21247.676,21247.676,Avail,Compl,Avail,Incmpl,Incmpl,Enable,OBD II (California ARB),OFF,OFF,4.022,0,0,1st,OFF,OFF,OFF,OFF,OFF,OFF,0,0.781,ON,OFF,850,0,OFF,OFF,OFF,ON,Gasoline,0.979,OFF,OFF,0.684,ON,1.016,15.686,14,0,0.781,0.781,2.363,0.781,0.918,2.031,47.451,0,15.686,25,0.023,0.062,OFF,ECT 5th,NA,OFF,97.878,97.878,14.902,0,Not Avl,0,0,0,0,ON,ON,0,0,1
486,0,13.925,Not Avl,Compl,Compl,Unable,OFF,Not Avl,Compl,Compl,Unable,OFF,39.844,39.844,32.500,33.125,19.531,39.551,15.686,31.765,0.781,1.582,ON,0,OFF,ON,ON,0.999,0.997,-0.039,-0.047,3.230,3.220,0,97,51199.219,13.691,25.490,OFF,OFF,OFF,OFF,OFF,OFF,OFF,Avail,Incmpl,Incmpl,Enable,Avail,480,204.100,480,204.100,ON,Avail,Compl,Enable,70,0,0,0,0,0,0,6,A,0,0,Avail,Incmpl,Incmpl,Enable,OFF,OFF,314,870.250,51199.219,51199.219,51199.219,51199.219,51199.219,51199.219,1GRFE ,8.235,Avail,Incmpl,Incmpl,Enable,0.879,OFF,OFF,OFF,OFF,ON,ON,Avail,Compl,Enable,Compl,CL,CL,Compl,Unable,Not Avl,Compl,Incmpl,Enable,OFF,80,15,412,ON,42.500,21.250,0.114,2531,15,21,-3,OFF,1.562,5.469,5.180,OFF,0,0,73,Avail,Compl,Enable,0,GRN2#  ,ON,0,Not Act,Not Act,0,0,0.015,0.035,21247.676,21247.676,Avail,Compl,Avail,Incmpl,Incmpl,Enable,OBD II (California ARB),OFF,OFF,4.108,0,0,1st,OFF,OFF,OFF,OFF,OFF,OFF,0.781,1.562,ON,OFF,850,0,OFF,OFF,OFF,ON,Gasoline,0.979,OFF,OFF,0.684,ON,1.250,15.686,18,0,0.781,0.781,2.363,0.781,0.918,2.031,47.059,0,15.686,25,0.023,0.062,OFF,ECT 5th,NA,OFF,97.878,97.878,14.902,0,Not Avl,0,0,0,0,ON,ON,0,0,1
487,0,13.915,Not Avl,Compl,Compl,Unable,OFF,Not Avl,Compl,Compl,Unable,OFF,49.219,39.844,32.500,33.125,19.531,39.551,15.686,31.765,0.781,1.582,ON,0,OFF,ON,ON,0.998,0.998,-0.043,-0.043,3.225,3.225,0,97,51199.219,13.691,25.098,OFF,OFF,OFF,OFF,OFF,OFF,OFF,Avail,Incmpl,Incmpl,Enable,Avail,480,204.100,480,204.100,ON,Avail,Compl,Enable,70,0,0,0,0,0,0,6,A,0,0,Avail,Incmpl,Incmpl,Enable,OFF,OFF,314,875,51199.219,51199.219,51199.219,51199.219,51199.219,51199.219,1GRFE ,8.235,Avail,Incmpl,Incmpl,Enable,0.897,OFF,OFF,OFF,OFF,ON,ON,Avail,Compl,Enable,Compl,CL,CL,Compl,Unable,Not Avl,Compl,Incmpl,Enable,OFF,80,15,431,ON,42.500,21.250,0.114,2520,15,21,-3,OFF,1.562,5.469,5.180,OFF,0,0,73,Avail,Compl,Enable,0,GRN2#  ,ON,0,Not Act,Not Act,0,0,0.015,0.055,21247.676,21247.676,Avail,Compl,Avail,Incmpl,Incmpl,Enable,OBD II (California ARB),OFF,OFF,4.218,0,0,1st,OFF,OFF,OFF,OFF,OFF,OFF,0,1.562,ON,OFF,850,0,OFF,OFF,OFF,ON,Gasoline,0.979,OFF,OFF,0.684,ON,1.250,15.686,18,0,0.781,0.781,2.344,0.781,0.918,2.031,47.451,0,15.686,25,0.023,0.062,OFF,ECT 5th,NA,OFF,97.878,97.900,14.902,0,Not Avl,0,0,0,0,ON,ON,0,0,1
488,0,13.925,Not Avl,Compl,Compl,Unable,OFF,Not Avl,Compl,Compl,Unable,OFF,56.250,39.844,32.500,33.125,19.531,39.551,15.686,31.765,0.781,1.582,ON,0,OFF,ON,ON,0.996,0.997,-0.051,-0.047,3.215,3.220,0,97,51199.219,13.691,25.490,OFF,OFF,OFF,OFF,OFF,OFF,OFF,Avail,Incmpl,Incmpl,Enable,Avail,479.800,204.400,479.800,204.400,ON,Avail,Compl,Enable,70,0,0,0,0,0,0,6,A,0,0,Avail,Incmpl,Incmpl,Enable,OFF,OFF,315,873.250,51199.219,51199.219,51199.219,51199.219,51199.219,51199.219,1GRFE ,8.627,Avail,Incmpl,Incmpl,Enable,0.916,OFF,OFF,OFF,OFF,ON,ON,Avail,Compl,Enable,Compl,CL,CL,Compl,Unable,Not Avl,Compl,Incmpl,Enable,OFF,80,15,449,ON,42.500,21.250,0.114,2520,15,21,-3,OFF,1.562,5.469,5.180,OFF,0,0,75,Avail,Compl,Enable,0,GRN2#  ,ON,0,Not Act,Not Act,0,0,0.015,0.055,21247.676,21247.676,Avail,Compl,Avail,Incmpl,Incmpl,Enable,OBD II (California ARB),OFF,OFF,4.309,0,0,1st,OFF,OFF,OFF,OFF,OFF,OFF,0,1.562,ON,OFF,850,0,OFF,OFF,OFF,ON,Gasoline,0.979,OFF,OFF,0.684,ON,1.172,15.686,15,0,0.781,0.781,2.363,0.781,0.918,2.031,47.451,0,15.686,25,0.023,0.062,OFF,ECT 5th,NA,OFF,97.878,97.834,14.902,0,Not Avl,0,0,0,0,ON,ON,0,0,1
489,0,13.915,Not Avl,Compl,Compl,Unable,OFF,Not Avl,Compl,Compl,Unable,OFF,53.906,39.844,32.500,33.125,19.531,39.551,15.686,31.765,0.781,1.582,ON,0,OFF,ON,ON,0.994,0.994,-0.055,-0.055,3.205,3.205,0,97,51199.219,13.691,25.490,OFF,OFF,OFF,OFF,OFF,OFF,OFF,Avail,Incmpl,Incmpl,Enable,Avail,479.800,204.400,479.800,204.400,ON,Avail,Compl,Enable,70,0,0,0,0,0,0,6,A,0,0,Avail,Incmpl,Incmpl,Enable,OFF,OFF,315,873.250,51199.219,51199.219,51199.219,51199.219,51199.219,51199.219,1GRFE ,8.627,Avail,Incmpl,Incmpl,Enable,0.934,OFF,OFF,OFF,OFF,ON,ON,Avail,Compl,Enable,Compl,CL,CL,Compl,Unable,Not Avl,Compl,Incmpl,Enable,OFF,80,15,470,ON,42.500,21.250,0.114,2513,15,21,-3,OFF,1.562,5.469,5.180,OFF,0,0,75,Avail,Compl,Enable,0,GRN2#  ,ON,0,Not Act,Not Act,0,0,0.015,0.055,21247.676,21247.676,Avail,Compl,Avail,Incmpl,Incmpl,Enable,OBD II (California ARB),OFF,OFF,4.443,0,0,1st,OFF,OFF,OFF,OFF,OFF,OFF,0,1.562,ON,OFF,850,0,OFF,OFF,OFF,ON,Gasoline,0.979,OFF,OFF,0.684,ON,1.250,15.686,18,0,0.781,0.781,2.344,0.781,0.918,2.031,47.059,0,15.686,25,0.023,0.062,OFF,ECT 5th,NA,OFF,97.878,97.922,14.902,0,Not Avl,0,0,0,0,ON,ON,0,0,1
490,0,13.925,Not Avl,Compl,Compl,Unable,OFF,Not Avl,Compl,Compl,Unable,OFF,44.531,39.844,32.500,33.125,19.531,39.551,15.686,31.765,0.781,1.582,ON,0,OFF,ON,ON,0.993,0.995,-0.043,-0.039,3.200,3.210,0,97,51199.219,13.691,25.098,OFF,OFF,OFF,OFF,OFF,OFF,OFF,Avail,Incmpl,Incmpl,Enable,Avail,479.800,204.400,479.800,204.400,ON,Avail,Compl,Enable,71,0,0,0,0,0,0,6,A,0,0,Avail,Incmpl,Incmpl,Enable,OFF,OFF,315,872.500,51199.219,51199.219,51199.219,51199.219,51199.219,51199.219,1GRFE ,8.627,Avail,Incmpl,Incmpl,Enable,0.958,OFF,OFF,OFF,OFF,ON,ON,Avail,Compl,Enable,Compl,CL,CL,Compl,Unable,Not Avl,Compl,Incmpl,Enable,OFF,80,15,488,ON,42.500,21.250,0.114,2513,15,21,-3,OFF,1.562,5.469,5.150,OFF,0,0,75,Avail,Compl,Enable,0,GRN2#  ,ON,0,Not Act,Not Act,0,0,0.015,0.055,21247.676,21247.676,Avail,Compl,Avail,Incmpl,Incmpl,Enable,OBD II (California ARB),OFF,OFF,4.504,0,0,1st,OFF,OFF,OFF,OFF,OFF,OFF,0,1.562,ON,OFF,850,0,OFF,OFF,OFF,ON,Gasoline,0.980,OFF,OFF,0.684,ON,1.094,15.686,18,0,0.781,0.781,2.344,0.781,0.918,2.031,47.059,0,15.686,25,0.023,0.062,OFF,ECT 5th,NA,OFF,97.878,97.834,14.902,0,Not Avl,0,0,0,0,ON,ON,0,0,1
491,0,13.925,Not Avl,Compl,Compl,Unable,OFF,Not Avl,Compl,Compl,Unable,OFF,41.406,39.844,32.500,33.125,19.531,39.551,15.686,31.765,0.781,1.582,ON,0,OFF,ON,ON,0.996,0.996,-0.055,-0.051,3.210,3.215,0,97,51199.219,13.691,25.098,OFF,OFF,OFF,OFF,OFF,OFF,OFF,Avail,Incmpl,Incmpl,Enable,Avail,479.600,204.800,479.600,204.800,ON,Avail,Compl,Enable,71,0,0,0,0,0,0,6,A,0,0,Avail,Incmpl,Incmpl,Enable,OFF,OFF,316,875,51199.219,51199.219,51199.219,51199.219,51199.219,51199.219,1GRFE ,8.627,Avail,Incmpl,Incmpl,Enable,0.977,OFF,OFF,OFF,OFF,ON,ON,Avail,Compl,Enable,Compl,CL,CL,Compl,Unable,Not Avl,Compl,Incmpl,Enable,OFF,80,15,509,ON,42.500,21.250,0.114,2499,15,21,-3,OFF,1.562,5.469,5.070,OFF,0,0,57,Avail,Compl,Enable,0,GRN2#  ,ON,0,Not Act,Not Act,0,0,0.015,0.055,21247.676,21247.676,Avail,Compl,Avail,Incmpl,Incmpl,Enable,OBD II (California ARB),OFF,OFF,4.584,0,0,1st,OFF,OFF,OFF,OFF,OFF,OFF,0,1.562,ON,OFF,850,0,OFF,OFF,OFF,ON,Gasoline,0.980,OFF,OFF,0.684,ON,1.016,15.686,15,0,0.781,0.781,2.344,0.781,0.918,2.031,47.059,0,15.686,25,0.023,0.066,OFF,ECT 5th,NA,OFF,97.878,97.922,14.510,0,Not Avl,0,0,0,0,ON,ON,0,0,1
492,0,13.926,Not Avl,Compl,Compl,Unable,OFF,Not Avl,Compl,Compl,Unable,OFF,39.844,39.844,32.500,33.125,19.531,39.551,15.686,31.765,0.781,1.582,ON,0,OFF,ON,ON,0.998,0.997,-0.023,-0.035,3.225,3.220,0,97,51199.219,13.691,25.098,OFF,OFF,OFF,OFF,OFF,OFF,OFF,Avail,Incmpl,Incmpl,Enable,Avail,479.600,204.800,479.600,204.800,ON,Avail,Compl,Enable,71,0,0,0,0,0,0,6,A,0,0,Avail,Incmpl,Incmpl,Enable,OFF,OFF,316,869.500,51199.219,51199.219,51199.219,51199.219,51199.219,51199.219,1GRFE ,9.020,Avail,Incmpl,Incmpl,Enable,1.001,OFF,OFF,OFF,OFF,ON,ON,Avail,Compl,Enable,Compl,CL,CL,Compl,Unable,Not Avl,Compl,Incmpl,Enable,OFF,80,15,531,ON,42.500,21.250,0.113,2517,15,21,-3,OFF,1.562,5.469,5.120,OFF,0,0,57,Avail,Compl,Enable,0,GRN2#  ,ON,0,Not Act,Not Act,0,0,0.015,0.055,21247.676,21247.676,Avail,Compl,Avail,Incmpl,Incmpl,Enable,OBD II (California ARB),OFF,OFF,4.718,0,0,1st,OFF,OFF,OFF,OFF,OFF,OFF,0,1.562,ON,OFF,850,0,OFF,OFF,OFF,ON,Gasoline,0.980,OFF,OFF,0.684,ON,1.016,15.686,16,0,0.781,0.781,2.344,0.781,0.918,2.031,47.059,0,15.686,25,0.023,0.066,OFF,ECT 5th,NA,OFF,97.878,97.900,14.902,0,Not Avl,0,0,0,0,ON,ON,0,0,1
493,0,13.925,Not Avl,Compl,Compl,Unable,OFF,Not Avl,Compl,Compl,Unable,OFF,39.844,45.312,32.500,33.125,19.531,39.551,15.686,31.765,0.781,1.582,ON,0,OFF,ON,ON,0.995,0.996,-0.055,-0.051,3.210,3.215,0,97,51199.219,13.671,25.098,OFF,OFF,OFF,OFF,OFF,OFF,OFF,Avail,Incmpl,Incmpl,Enable,Avail,479.400,205.100,479.400,205.100,ON,Avail,Compl,Enable,71,0,0,0,0,0,0,6,A,0,0,Avail,Incmpl,Incmpl,Enable,OFF,OFF,317,867.750,51199.219,51199.219,51199.219,51199.219,51199.219,51199.219,1GRFE ,9.020,Avail,Incmpl,Incmpl,Enable,1.019,OFF,OFF,OFF,OFF,ON,ON,Avail,Compl,Enable,Compl,CL,CL,Compl,Unable,Not Avl,Compl,Incmpl,Enable,OFF,80,15,548,ON,42.500,21.250,0.113,2513,15,21,-3,OFF,1.562,5.469,5.090,OFF,0,0,67,Avail,Compl,Enable,0,GRN2#  ,ON,0,Not Act,Not Act,0,0,0.015,0.055,21247.676,21247.676,Avail,Compl,Avail,Incmpl,Incmpl,Enable,OBD II (California ARB),OFF,OFF,4.810,0,0,1st,OFF,OFF,OFF,OFF,OFF,OFF,0,1.562,ON,OFF,850,0,OFF,OFF,OFF,ON,Gasoline,0.980,OFF,OFF,0.684,ON,1.250,15.686,19,0,0.781,0.781,2.344,0.781,0.918,2.031,47.059,0,15.686,25,0.023,0.066,OFF,ECT 5th,NA,OFF,97.900,97.922,14.510,0,Not Avl,0,0,0,0,ON,ON,0,0,1
494,0,13.925,Not Avl,Compl,Compl,Unable,OFF,Not Avl,Compl,Compl,Unable,OFF,39.844,48.438,32.500,33.125,19.531,39.551,15.686,31.765,0.781,1.582,ON,0,OFF,ON,ON,0.995,0.996,-0.055,-0.051,3.210,3.215,0,97,51199.219,13.691,25.098,OFF,OFF,OFF,OFF,OFF,OFF,OFF,Avail,Incmpl,Incmpl,Enable,Avail,479.400,205.100,479.400,205.100,ON,Avail,Compl,Enable,71,0,0,0,0,0,0,6,A,0,0,Avail,Incmpl,Incmpl,Enable,OFF,OFF,317,863.250,51199.219,51199.219,51199.219,51199.219,51199.219,51199.219,1GRFE ,9.020,Avail,Incmpl,Incmpl,Enable,1.044,OFF,OFF,OFF,OFF,ON,ON,Avail,Compl,Enable,Compl,CL,CL,Compl,Unable,Not Avl,Compl,Incmpl,Enable,OFF,80,15,569,ON,42.500,21.250,0.113,2520,15,21,-3,OFF,1.562,5.469,5.120,OFF,0,0,67,Avail,Compl,Enable,0,GRN2#  ,ON,0,Not Act,Not Act,0,0,0.015,0.055,21247.676,21247.676,Avail,Compl,Avail,Incmpl,Incmpl,Enable,OBD II (California ARB),OFF,OFF,4.907,0,0,1st,OFF,OFF,OFF,OFF,OFF,OFF,0,1.562,ON,OFF,800,0,OFF,OFF,OFF,ON,Gasoline,0.980,OFF,OFF,0.684,ON,1.172,15.686,17,0,0.781,0.781,2.344,0.781,0.918,2.031,47.059,0,15.686,25,0.023,0.066,OFF,ECT 5th,NA,OFF,97.856,97.834,14.902,0,Not Avl,0,0,0,0,ON,ON,0,0,1
495,0,13.925,Not Avl,Compl,Compl,Unable,OFF,Not Avl,Compl,Compl,Unable,OFF,39.844,51.562,32.500,33.125,19.531,39.551,15.686,31.765,0.781,1.582,ON,0,OFF,ON,ON,0.998,0.993,-0.039,-0.062,3.230,3.196,0,97,51199.219,13.671,25.490,OFF,OFF,OFF,OFF,OFF,OFF,OFF,Avail,Incmpl,Incmpl,Enable,Avail,479.200,205.500,479.200,205.500,ON,Avail,Compl,Enable,71,0,0,0,0,0,0,6,A,0,0,Avail,Incmpl,Incmpl,Enable,OFF,OFF,318,864,51199.219,51199.219,51199.219,51199.219,51199.219,51199.219,1GRFE ,9.020,Avail,Incmpl,Incmpl,Enable,1.062,OFF,OFF,OFF,OFF,ON,ON,Avail,Compl,Enable,Compl,CL,CL,Compl,Unable,Not Avl,Compl,Incmpl,Enable,OFF,80,15,587,ON,42.500,21.250,0.113,2506,15,21,-3,OFF,1.562,5.469,5.120,OFF,0,0,69,Avail,Compl,Enable,0,GRN2#  ,ON,0,Not Act,Not Act,0,0,0.015,0.055,21247.676,21247.676,Avail,Compl,Avail,Incmpl,Incmpl,Enable,OBD II (California ARB),OFF,OFF,4.974,0,0,1st,OFF,OFF,OFF,OFF,OFF,OFF,0,1.562,ON,OFF,800,0,OFF,OFF,OFF,ON,Gasoline,0.980,OFF,OFF,0.684,ON,1.016,15.686,16,0,0.781,0.781,2.344,0.781,0.918,2.031,47.059,0,15.686,25,0.023,0.066,OFF,ECT 5th,NA,OFF,97.900,97.944,14.902,0,Not Avl,0,0,0,0,ON,ON,0,0,1
496,0,13.907,Not Avl,Compl,Compl,Unable,OFF,Not Avl,Compl,Compl,Unable,OFF,39.844,44.531,32.500,33.125,19.531,39.551,15.686,31.765,0.781,1.582,ON,0,OFF,ON,ON,0.997,0.992,-0.047,-0.066,3.220,3.191,0,97,51199.219,13.691,25.490,OFF,OFF,OFF,OFF,OFF,OFF,OFF,Avail,Incmpl,Incmpl,Enable,Avail,479.200,205.500,479.200,205.500,ON,Avail,Compl,Enable,71,0,0,0,0,0,0,6,A,0,0,Avail,Incmpl,Incmpl,Enable,OFF,OFF,318,864.750,51199.219,51199.219,51199.219,51199.219,51199.219,51199.219,1GRFE ,9.412,Avail,Incmpl,Incmpl,Enable,1.080,OFF,OFF,OFF,OFF,ON,ON,Avail,Compl,Enable,Compl,CL,CL,Compl,Unable,Not Avl,Compl,Incmpl,Enable,OFF,80,15,5,ON,42.500,21.250,0.113,2524,15,21,-3,OFF,1.562,5.469,5.120,OFF,0,0,69,Avail,Compl,Enable,0,GRN2#  ,ON,0,Not Act,Not Act,0,0,0.015,0.055,21247.676,21247.676,Avail,Compl,Avail,Incmpl,Incmpl,Enable,OBD II (California ARB),OFF,OFF,5.060,0,0,1st,OFF,OFF,OFF,OFF,OFF,OFF,0,0.781,ON,OFF,800,0,OFF,OFF,OFF,ON,Gasoline,0.980,OFF,OFF,0.684,ON,1.172,15.686,17,0,0.781,0.781,2.344,0.781,0.918,2.031,47.059,0,15.686,25,0.023,0.066,OFF,ECT 5th,NA,OFF,97.878,97.900,14.902,0,Not Avl,0,0,0,0,ON,ON,0,0,1
497,0,13.906,Not Avl,Compl,Compl,Unable,OFF,Not Avl,Compl,Compl,Unable,OFF,39.844,40.625,32.500,33.125,19.531,39.551,15.686,31.765,0.781,1.582,ON,0,OFF,ON,ON,0.997,0.992,-0.047,-0.066,3.220,3.191,0,97,51199.219,13.691,25.490,OFF,OFF,OFF,OFF,OFF,OFF,OFF,Avail,Incmpl,Incmpl,Enable,Avail,479.200,205.500,479.200,205.500,ON,Avail,Compl,Enable,71,0,0,0,0,0,0,6,A,0,0,Avail,Incmpl,Incmpl,Enable,OFF,OFF,319,861.500,51199.219,51199.219,51199.219,51199.219,51199.219,51199.219,1GRFE ,9.412,Avail,Incmpl,Incmpl,Enable,1.099,OFF,OFF,OFF,OFF,ON,ON,Avail,Compl,Enable,Compl,CL,CL,Compl,Unable,Not Avl,Compl,Incmpl,Enable,OFF,80,15,24,ON,42.500,21.250,0.113,2532,15,21,-3,OFF,1.562,5.469,5.120,OFF,0,0,69,Avail,Compl,Enable,0,GRN2#  ,ON,0,Not Act,Not Act,0,0,0.015,0.055,21247.676,21247.676,Avail,Compl,Avail,Incmpl,Incmpl,Enable,OBD II (California ARB),OFF,OFF,5.200,0,0,1st,OFF,OFF,OFF,OFF,OFF,OFF,0,0.781,ON,OFF,800,0,OFF,OFF,OFF,ON,Gasoline,0.980,OFF,OFF,0.684,ON,1.406,15.686,21,0,0.781,0.781,2.344,0.781,0.918,2.031,47.059,0,15.686,25,0.023,0.066,OFF,ECT 5th,NA,OFF,97.878,97.834,14.902,0,Not Avl,0,0,0,0,ON,ON,0,0,1
498,0,13.925,Not Avl,Compl,Compl,Unable,OFF,Not Avl,Compl,Compl,Unable,OFF,49.219,39.844,32.500,33.125,19.531,39.551,15.686,31.765,0.781,1.582,ON,0,OFF,ON,ON,0.990,0.991,-0.074,-0.066,3.176,3.186,0,97,51199.219,13.691,25.098,OFF,OFF,OFF,OFF,OFF,OFF,OFF,Avail,Incmpl,Incmpl,Enable,Avail,479,205.800,479,205.800,ON,Avail,Compl,Enable,71,0,0,0,0,0,0,6,A,0,0,Avail,Incmpl,Incmpl,Enable,OFF,OFF,319,871.750,51199.219,51199.219,51199.219,51199.219,51199.219,51199.219,1GRFE ,9.412,Avail,Incmpl,Incmpl,Enable,1.117,OFF,OFF,OFF,OFF,ON,ON,Avail,Compl,Enable,Compl,CL,CL,Compl,Unable,Not Avl,Compl,Incmpl,Enable,OFF,80,15,39,ON,42.500,21.250,0.113,2502,15,21,-3,OFF,1.562,5.469,5.060,OFF,0,0,72,Avail,Compl,Enable,0,GRN2#  ,ON,0,Not Act,Not Act,0,0,0.015,0.055,21247.676,21247.676,Avail,Compl,Avail,Incmpl,Incmpl,Enable,OBD II (California ARB),OFF,OFF,5.316,0,0,1st,OFF,OFF,OFF,OFF,OFF,OFF,0,0.781,ON,OFF,850,0,OFF,OFF,OFF,ON,Gasoline,0.980,OFF,OFF,0.684,ON,1.172,15.686,18,0,0.781,0.781,2.344,0.781,0.918,2.031,47.059,0,15.686,25,0.023,0.066,OFF,ECT 5th,NA,OFF,97.878,97.856,14.510,0,Not Avl,0,0,0,0,ON,ON,0,0,1
499,0,13.934,Not Avl,Compl,Compl,Unable,OFF,Not Avl,Compl,Compl,Unable,OFF,56.250,39.844,32.500,33.125,19.531,39.551,15.686,31.765,0.781,1.582,ON,0,OFF,ON,ON,0.984,0.989,-0.090,-0.074,3.152,3.176,0,97,51199.219,13.671,25.098,OFF,OFF,OFF,OFF,OFF,OFF,OFF,Avail,Incmpl,Incmpl,Enable,Avail,479,205.800,479,205.800,ON,Avail,Compl,Enable,71,0,0,0,0,0,0,6,A,0,0,Avail,Incmpl,Incmpl,Enable,OFF,OFF,319,865.500,51199.219,51199.219,51199.219,51199.219,51199.219,51199.219,1GRFE ,9.412,Avail,Incmpl,Incmpl,Enable,1.129,OFF,OFF,OFF,OFF,ON,ON,Avail,Compl,Enable,Compl,CL,CL,Compl,Unable,Not Avl,Compl,Incmpl,Enable,OFF,80,15,55,ON,42.500,21.250,0.113,2495,15,21,-3,OFF,1.562,5.469,5.060,OFF,0,0,72,Avail,Compl,Enable,0,GRN2#  ,ON,0,Not Act,Not Act,0,0,0.015,0.055,21247.676,21247.676,Avail,Compl,Avail,Incmpl,Incmpl,Enable,OBD II (California ARB),OFF,OFF,5.304,0,0,1st,OFF,OFF,OFF,OFF,OFF,OFF,-0.781,0.781,ON,OFF,800,0,OFF,OFF,OFF,ON,Gasoline,0.981,OFF,OFF,0.684,ON,0.625,15.686,10,0,0.781,0.781,2.344,0.781,0.918,2.031,47.059,0,15.686,25,0.023,0.066,OFF,ECT 5th,NA,OFF,97.878,97.856,14.510,0,Not Avl,0,0,0,0,ON,ON,0,0,1
500,0,13.944,Not Avl,Compl,Compl,Unable,OFF,Not Avl,Compl,Compl,Unable,OFF,58.594,39.844,32.500,33.125,19.531,39.551,15.686,31.765,0.781,1.582,ON,0,OFF,ON,ON,0.990,0.990,-0.066,-0.070,3.186,3.181,0,97,51199.219,13.671,25.098,OFF,OFF,OFF,OFF,OFF,OFF,OFF,Avail,Incmpl,Incmpl,Enable,Avail,479,205.800,479,205.800,ON,Avail,Compl,Enable,71,0,0,0,0,0,0,6,A,0,0,Avail,Incmpl,Incmpl,Enable,OFF,OFF,320,860,51199.219,51199.219,51199.219,51199.219,51199.219,51199.219,1GRFE ,9.412,Avail,Incmpl,Incmpl,Enable,1.147,OFF,OFF,OFF,OFF,ON,ON,Avail,Compl,Enable,Compl,CL,CL,Compl,Unable,Not Avl,Compl,Incmpl,Enable,OFF,80,15,70,ON,42.500,21.250,0.113,2503,15,21,-3,OFF,1.562,5.469,5.060,OFF,0,0,72,Avail,Compl,Enable,0,GRN2#  ,ON,0,Not Act,Not Act,0,0,0.015,0.055,21247.676,21247.676,Avail,Compl,Avail,Incmpl,Incmpl,Enable,OBD II (California ARB),OFF,OFF,5.414,0,0,1st,OFF,OFF,OFF,OFF,OFF,OFF,0,0.781,ON,OFF,800,0,OFF,OFF,OFF,ON,Gasoline,0.984,OFF,OFF,0.684,ON,0.781,15.686,12,0,0.781,0.781,2.344,0.781,0.918,2.031,47.059,0,15.686,25,0.023,0.066,OFF,ECT 5th,NA,OFF,97.856,97.834,14.902,0,Not Avl,0,0,0,0,ON,ON,0,0,1
501,0,13.926,Not Avl,Compl,Compl,Unable,OFF,Not Avl,Compl,Compl,Unable,OFF,53.906,39.844,32.500,33.125,19.531,39.551,15.686,31.765,0.781,1.582,ON,0,OFF,ON,ON,0.995,0.993,-0.055,-0.062,3.210,3.196,0,97,51199.219,13.691,25.098,OFF,OFF,OFF,OFF,OFF,OFF,OFF,Avail,Incmpl,Incmpl,Enable,Avail,478.800,206.100,478.800,206.100,ON,Avail,Compl,Enable,71,0,0,0,0,0,0,6,A,0,0,Avail,Incmpl,Incmpl,Enable,OFF,OFF,320,860,51199.219,51199.219,51199.219,51199.219,51199.219,51199.219,1GRFE ,9.412,Avail,Incmpl,Incmpl,Enable,1.166,OFF,OFF,OFF,OFF,ON,ON,Avail,Compl,Enable,Compl,CL,CL,Compl,Unable,Not Avl,Compl,Incmpl,Enable,OFF,80,15,86,ON,42.500,21.250,0.113,2502,15,21,-3,OFF,1.562,5.469,5.060,OFF,0,0,75,Avail,Compl,Enable,0,GRN2#  ,ON,0,Not Act,Not Act,0,0,0.015,0.055,21247.676,21247.676,Avail,Compl,Avail,Incmpl,Incmpl,Enable,OBD II (California ARB),OFF,OFF,5.469,0,0,1st,OFF,OFF,OFF,OFF,OFF,OFF,0,0.781,ON,OFF,800,0,OFF,OFF,OFF,ON,Gasoline,0.984,OFF,OFF,0.684,ON,1.016,15.686,17,0,0.781,0.781,2.344,0.781,0.918,2.031,47.059,0,15.686,25,0.023,0.066,OFF,ECT 5th,NA,OFF,97.878,97.856,14.510,0,Not Avl,0,0,0,0,ON,ON,0,0,1
502,0,13.921,Not Avl,Compl,Compl,Unable,OFF,Not Avl,Compl,Compl,Unable,OFF,46.875,39.844,32.500,33.125,19.531,39.551,15.686,31.765,0.781,1.582,ON,0,OFF,ON,ON,0.997,0.997,-0.043,-0.047,3.225,3.220,0,97,51199.219,13.691,25.490,OFF,OFF,OFF,OFF,OFF,OFF,OFF,Avail,Incmpl,Incmpl,Enable,Avail,478.800,206.100,478.800,206.100,ON,Avail,Compl,Enable,71,0,0,0,0,0,0,6,A,0,0,Avail,Incmpl,Incmpl,Enable,OFF,OFF,320,850.750,51199.219,51199.219,51199.219,51199.219,51199.219,51199.219,1GRFE ,9.804,Avail,Incmpl,Incmpl,Enable,1.184,OFF,OFF,OFF,OFF,ON,ON,Avail,Compl,Enable,Compl,CL,CL,Compl,Unable,Not Avl,Compl,Incmpl,Enable,OFF,80,15,101,ON,42.500,21.250,0.112,2502,15,21,-3,OFF,1.562,5.469,5.060,OFF,0,0,75,Avail,Compl,Enable,0,GRN2#  ,ON,0,Not Act,Not Act,0,0,0.015,0.055,21247.676,21247.676,Avail,Compl,Avail,Incmpl,Incmpl,Enable,OBD II (California ARB),OFF,OFF,5.469,0,0,1st,OFF,OFF,OFF,OFF,OFF,OFF,0,0.781,ON,OFF,800,0,OFF,OFF,OFF,ON,Gasoline,0.984,OFF,OFF,0.684,ON,1.094,15.686,16,0,0.781,0.781,2.344,0.781,0.918,2.031,47.059,0,15.686,25,0.023,0.066,OFF,ECT 5th,NA,OFF,97.856,97.812,14.902,0,Not Avl,0,0,0,0,ON,ON,0,0,1
503,0,13.925,Not Avl,Compl,Compl,Unable,OFF,Not Avl,Compl,Compl,Unable,OFF,41.406,39.844,32.500,33.125,19.531,39.551,15.686,31.765,0.781,1.582,ON,0,OFF,ON,ON,1.001,0.997,-0.031,-0.043,3.244,3.225,0,97,51199.219,13.671,25.098,OFF,OFF,OFF,OFF,OFF,OFF,OFF,Avail,Incmpl,Incmpl,Enable,Avail,478.500,206.400,478.500,206.400,ON,Avail,Compl,Enable,71,0,0,0,0,0,0,6,A,0,0,Avail,Incmpl,Incmpl,Enable,OFF,OFF,321,854.500,51199.219,51199.219,51199.219,51199.219,51199.219,51199.219,1GRFE ,9.804,Avail,Incmpl,Incmpl,Enable,1.202,OFF,OFF,OFF,OFF,ON,ON,Avail,Compl,Enable,Compl,CL,CL,Compl,Unable,Not Avl,Compl,Incmpl,Enable,OFF,80,15,119,ON,42.500,21.250,0.112,2502,15,21,-3,OFF,1.562,5.469,5.010,OFF,0,0,75,Avail,Compl,Enable,0,GRN2#  ,ON,0,Not Act,Not Act,0,0,0.015,0.055,21247.676,21247.676,Avail,Compl,Avail,Incmpl,Incmpl,Enable,OBD II (California ARB),OFF,OFF,5.597,0,0,1st,OFF,OFF,OFF,OFF,OFF,OFF,0,0.781,ON,OFF,800,0,OFF,OFF,OFF,ON,Gasoline,0.983,OFF,OFF,0.684,ON,1.172,15.686,18,0,0.762,0.781,2.344,0.762,0.918,2.031,47.059,0,15.294,25,0.023,0.066,OFF,ECT 5th,NA,OFF,97.878,97.900,14.510,0,Not Avl,0,0,0,0,ON,ON,0,0,1
