Row,Count Codes(Include History),+BM Voltage [V],2nd Air Monitor,2nd Air Monitor,2nd Air Monitor CMPL,2nd Air Monitor ENA,4WD Switch,AC Monitor,AC Monitor,AC Monitor CMPL,AC Monitor ENA,AC Signal,Air/Fuel Heater Duty (Bank1 Sensor1) [%],Air/Fuel Heater Duty (Bank2 Sensor1) [%],A/T Oil Temperature 1 [degree C],A/T Oil Temperature 2 [degree C],Accel Fully Close Learn Count1 [deg],Accel Fully Close Learn Count2 [deg],Accel Sens. No.1 Volt % [%],Accel Sens. No.2 Volt % [%],Accel Sensor Out No.1 [V],Accel Sensor Out No.2 [V],Accelerator Idle Position,Accelerator Position [%],ACIS VSV,ACT VSV,Actuator Power Supply,AF Lambda (Bank1 Sensor1),AF Lambda (Bank2 Sensor1),AFS Current (Bank1 Sensor1) [mA],AFS Current (Bank2 Sensor1) [mA],AFS Voltage (Bank1 Sensor1) [V],AFS Voltage (Bank2 Sensor1) [V],All Cylinders Misfire Count,Atmosphere Pressure [kPa],Av Engine Speed of All Cyl [rpm],Battery Voltage [V],Calculate Load [%],Catalyst Misfire CylinderCount1,Catalyst Misfire CylinderCount2,Catalyst Misfire CylinderCount3,Catalyst Misfire CylinderCount4,Catalyst Misfire CylinderCount5,Catalyst Misfire CylinderCount6,Catalyst Misfire History,Catalyst Monitor,Catalyst Monitor,Catalyst Monitor CMPL,Catalyst Monitor ENA,Catalyst OT MF F/C,Catalyst Temp (Bank1 Sensor1) [degree C],Catalyst Temp B1S2 [degree C],Catalyst Temp (Bank2 Sensor1) [degree C],Catalyst Temp B2S2 [degree C],Closed Throttle Position Switch,Complete Parts Monitor,Component Monitor CMPL,Component Monitor ENA,Coolant Temp [degree C],Cylinder Count1 Misfire Count,Cylinder Count2 Misfire Count,Cylinder Count3 Misfire Count,Cylinder Count4 Misfire Count,Cylinder Count5 Misfire Count,Cylinder Count6 Misfire Count,Cylinder Number,Destination,Dist Batt Cable Disconnect [km],Distance from DTC Cleared [km],EGR/VVT Monitor,EGR/VVT Monitor,EGR/VVT Monitor CMPL,EGR/VVT Monitor ENA,Electrical Load Signal 1,Electrical Load Signal 2,Engine Run Time [s],Engine Speed [rpm],Engine Speed of Cyl Count1 [rpm],Engine Speed of Cyl Count2 [rpm],Engine Speed of Cyl Count3 [rpm],Engine Speed of Cyl Count4 [rpm],Engine Speed of Cyl Count5 [rpm],Engine Speed of Cyl Count6 [rpm],Engine Type,EVAP (Purge) VSV [%],EVAP Monitor,EVAP Monitor,EVAP Monitor CMPL,EVAP Monitor ENA,Evap Purge Flow [%],EVAP Purge VSV,EVAP System Vent Valve,FC TAU,Fuel Cut Condition,Fuel Pump Speed Control,Fuel Pump/Speed Status,Fuel System Monitor,Fuel System Monitor CMPL,Fuel System Monitor ENA,Fuel System Monitor Result,Fuel System Status Count1,Fuel System Status Count2,Heated Cat Monitor CMPL,Heated Cat Monitor ENA,Heated Catalyst Monitor,Heated Catalyst Monitor,Heater Monitor CMPL,Heater Monitor ENA,Idle Fuel Cut,IG OFF Elapsed Time [min],IGN Advance [deg],Ignition Trig. Count,Immobiliser Communication,Initial Engine Coolant Temp [degree C],Initial Intake Air Temp [degree C],Injection Volum (Cylinder1) [ml],Injector(Port) [us],Intake Air [degree C],Knock Correct Learn Value [degree CA],Knock Feedback Value [degree CA],Lock Up,Long FT (Bank1 Sensor1) [%],Long FT (Bank2 Sensor1) [%],MAF [gm/s],MIL,MIL on Run Distance [km],MISFIRE LOAD [g/rev],Misfire Margin [%],Misfire Monitor,Misfire Monitor CMPL,Misfire Monitor ENA,MISFIRE RPM [rpm],Model Code,Neutral Position Switch Signal,Number Of Emission DTC,O2 Heater B1S2,O2 Heater B2S2,O2 Heater Curr Val B1S2 [A],O2 Heater Curr Val B2S2 [A],O2S B1S2 [V],O2S B2S2 [V],O2S Impedance B1S2 [ohm],O2S Impedance B2S2 [ohm],O2S(Air/FuelS) Heater Monitor,O2S(Air/FuelS) Heater Monitor,O2S(Air/FuelS) Monitor,O2S(Air/FuelS) Monitor,O2S(Air/FuelS) Monitor CMPL,O2S(Air/FuelS) Monitor ENA,OBD Requirements,Open Side Malfunction,Power Steering Signal,Purge Cut VSV Duty [%],Purge Density Learn Value,Running Time from MIL ON [min],Shift Status,Shift Switch Status (2 Range),Shift Switch Status (3 Range),Shift Switch Status (D Range),Shift Switch Status (L Range),Shift Switch Status (R Range),Shift Switch Status(4 Range),Short FT (Bank1 Sensor1) [%],Short FT (Bank2 Sensor1) [%],SLT Solenoid Status,SLU Solenoid Status,SPD (NT) [rpm],SPD (SP2) [km/h],ST1,Starter Signal,Stop Light Switch,System Guard,System Identification,Target Air-Fuel Ratio,TC and TE1,TC Terminal,Throttle Fully Close Learn [V],Throttle Idle Position,Throttle Motor Current [A],Throttle Motor DUTY [%],Throttle Motor Duty (Close) [%],Throttle Motor Duty (Open) [%],Throttle Position Command [V],Throttle Position No.1 [V],Throttle Position No.2 [V],Throttle Require Position [V],Throttle Sens Open Pos Count1 [V],Throttle Sens Open Pos Count2 [V],Throttle Sensor Count2 Volt % [%],Throttle Sensor Position [%],Throttle Sensor Volt % [%],Time after DTC Cleared [min],TOTAL FT Count1,TOTAL FT Count2,Transfer L4,Transmission Type,Transmission Type2,Vacuum Pump,Vapor Pressure (Calculated) [kPa],Vapor Pressure Pump [kPa],Vehicle Load [%],Vehicle Speed [km/h],VN Turbo Type,VVT Aim Angle Count1 [%],VVT Aim Angle Count2 [%],VVT Change Angle Count1 [degree FR],VVT Change Angle Count2 [degree FR],VVT Control Status Count1,VVT Control Status Count2,VVT OCV Duty Count1 [%],VVT OCV Duty Count2 [%],Warmup Cycle Cleared DTC
1,0,14.188,Not Avl,Compl,Compl,Unable,OFF,Not Avl,Compl,Compl,Unable,OFF,38.281,38.281,28.125,28.750,19.531,39.551,15.686,31.765,0.781,1.582,ON,0,OFF,ON,ON,0.997,0.998,0.020,0.023,3.332,3.337,0,97,51199.219,13.945,23.922,OFF,OFF,OFF,OFF,OFF,OFF,OFF,Avail,Incmpl,Incmpl,Enable,Avail,426.700,271,426.700,271,ON,Avail,Compl,Enable,80,0,0,0,0,0,0,6,A,0,0,Avail,Incmpl,Incmpl,Enable,OFF,OFF,889,717,51199.219,51199.219,51199.219,51199.219,51199.219,51199.219,1GRFE ,33.725,Avail,Incmpl,Incmpl,Enable,7.996,OFF,OFF,OFF,OFF,ON,ON,Avail,Compl,Enable,Compl,CL,CL,Compl,Unable,Not Avl,Compl,Compl,Enable,OFF,130,15,176,ON,21.250,6.875,0.105,2337,6,21,-3,OFF,0.781,3.906,3.850,OFF,0,0,79,Avail,Compl,Enable,0,GRN2#  ,ON,0,ACTIVE,ACTIVE,0.962,0.942,0.740,0.740,61.277,56.414,Avail,Compl,Avail,Incmpl,Incmpl,Enable,OBD II (California ARB),OFF,OFF,29.761,0.500,0,1st,OFF,OFF,OFF,OFF,OFF,OFF,-1.562,-1.562,ON,OFF,650,0,OFF,OFF,OFF,ON,Gasoline,1.015,OFF,OFF,0.684,ON,0.703,14.902,11,0,0.742,0.742,2.305,0.742,0.918,2.031,46.275,0,14.902,14,-0.004,0.023,OFF,ECT 5th,NA,OFF,97.614,97.702,13.333,0,Not Avl,0,0,0,0,ON,ON,0,0,1
2,0,14.188,Not Avl,Compl,Compl,Unable,OFF,Not Avl,Compl,Compl,Unable,OFF,38.281,38.281,28.125,28.750,19.531,39.551,15.686,31.765,0.781,1.582,ON,0,OFF,ON,ON,0.997,0.998,0.020,0.023,3.332,3.337,0,97,51199.219,13.945,23.922,OFF,OFF,OFF,OFF,OFF,OFF,OFF,Avail,Incmpl,Incmpl,Enable,Avail,426.700,271,426.700,271,ON,Avail,Compl,Enable,80,0,0,0,0,0,0,6,A,0,0,Avail,Incmpl,Incmpl,Enable,OFF,OFF,889,717,51199.219,51199.219,51199.219,51199.219,51199.219,51199.219,1GRFE ,33.725,Avail,Incmpl,Incmpl,Enable,7.996,OFF,OFF,OFF,OFF,ON,ON,Avail,Compl,Enable,Compl,CL,CL,Compl,Unable,Not Avl,Compl,Compl,Enable,OFF,130,15,176,ON,21.250,6.875,0.105,2337,6,21,-3,OFF,0.781,3.906,3.850,OFF,0,0,79,Avail,Compl,Enable,0,GRN2#  ,ON,0,ACTIVE,ACTIVE,0.962,0.942,0.740,0.740,61.277,56.414,Avail,Compl,Avail,Incmpl,Incmpl,Enable,OBD II (California ARB),OFF,OFF,29.761,0.500,0,1st,OFF,OFF,OFF,OFF,OFF,OFF,-1.562,-1.562,ON,OFF,650,0,OFF,OFF,OFF,ON,Gasoline,1.015,OFF,OFF,0.684,ON,0.703,14.902,11,0,0.742,0.742,2.305,0.742,0.918,2.031,46.275,0,14.902,14,-0.004,0.023,OFF,ECT 5th,NA,OFF,97.614,97.702,13.333,0,Not Avl,0,0,0,0,ON,ON,0,0,1
3,0,14.198,Not Avl,Compl,Compl,Unable,OFF,Not Avl,Compl,Compl,Unable,OFF,38.281,38.281,28.125,28.750,19.531,39.551,15.686,31.765,0.781,1.582,ON,0,OFF,ON,ON,0.997,0.998,0.020,0.023,3.332,3.337,0,97,51199.219,13.945,23.922,OFF,OFF,OFF,OFF,OFF,OFF,OFF,Avail,Incmpl,Incmpl,Enable,Avail,426.700,271,426.700,271,ON,Avail,Compl,Enable,80,0,0,0,0,0,0,6,A,0,0,Avail,Incmpl,Incmpl,Enable,OFF,OFF,889,717,51199.219,51199.219,51199.219,51199.219,51199.219,51199.219,1GRFE ,33.725,Avail,Incmpl,Incmpl,Enable,7.996,OFF,OFF,OFF,OFF,ON,ON,Avail,Compl,Enable,Compl,CL,CL,Compl,Unable,Not Avl,Compl,Compl,Enable,OFF,130,15,176,ON,21.250,6.875,0.105,2337,6,21,-3,OFF,0.781,3.906,3.850,OFF,0,0,79,Avail,Compl,Enable,0,GRN2#  ,ON,0,ACTIVE,ACTIVE,0.962,0.942,0.740,0.740,61.277,56.414,Avail,Compl,Avail,Incmpl,Incmpl,Enable,OBD II (California ARB),OFF,OFF,29.761,0.500,0,1st,OFF,OFF,OFF,OFF,OFF,OFF,-1.562,-1.562,ON,OFF,650,0,OFF,OFF,OFF,ON,Gasoline,1.015,OFF,OFF,0.684,ON,0.703,14.902,11,0,0.742,0.742,2.305,0.742,0.918,2.031,46.275,0,14.902,14,-0.004,0.023,OFF,ECT 5th,NA,OFF,97.614,97.702,13.333,0,Not Avl,0,0,0,0,ON,ON,0,0,1
4,0,14.198,Not Avl,Compl,Compl,Unable,OFF,Not Avl,Compl,Compl,Unable,OFF,38.281,38.281,28.125,28.750,19.531,39.551,15.686,31.765,0.781,1.582,ON,0,OFF,ON,ON,0.997,0.998,0.020,0.023,3.332,3.337,0,97,51199.219,13.945,23.922,OFF,OFF,OFF,OFF,OFF,OFF,OFF,Avail,Incmpl,Incmpl,Enable,Avail,426.700,271,426.700,271,ON,Avail,Compl,Enable,80,0,0,0,0,0,0,6,A,0,0,Avail,Incmpl,Incmpl,Enable,OFF,OFF,889,717,51199.219,51199.219,51199.219,51199.219,51199.219,51199.219,1GRFE ,33.725,Avail,Incmpl,Incmpl,Enable,7.996,OFF,OFF,OFF,OFF,ON,ON,Avail,Compl,Enable,Compl,CL,CL,Compl,Unable,Not Avl,Compl,Compl,Enable,OFF,130,15,176,ON,21.250,6.875,0.105,2337,6,21,-3,OFF,0.781,3.906,3.850,OFF,0,0,79,Avail,Compl,Enable,0,GRN2#  ,ON,0,ACTIVE,ACTIVE,0.962,0.942,0.740,0.740,61.277,56.414,Avail,Compl,Avail,Incmpl,Incmpl,Enable,OBD II (California ARB),OFF,OFF,29.761,0.500,0,1st,OFF,OFF,OFF,OFF,OFF,OFF,-1.562,-1.562,ON,OFF,650,0,OFF,OFF,OFF,ON,Gasoline,1.015,OFF,OFF,0.684,ON,0.703,14.902,11,0,0.742,0.742,2.305,0.742,0.918,2.031,46.275,0,14.902,14,-0.004,0.023,OFF,ECT 5th,NA,OFF,97.614,97.702,13.333,0,Not Avl,0,0,0,0,ON,ON,0,0,1
5,0,14.198,Not Avl,Compl,Compl,Unable,OFF,Not Avl,Compl,Compl,Unable,OFF,38.281,38.281,28.125,28.750,19.531,39.551,15.686,31.765,0.781,1.582,ON,0,OFF,ON,ON,0.997,0.998,0.020,0.023,3.332,3.337,0,97,51199.219,13.945,23.922,OFF,OFF,OFF,OFF,OFF,OFF,OFF,Avail,Incmpl,Incmpl,Enable,Avail,426.700,271,426.700,271,ON,Avail,Compl,Enable,80,0,0,0,0,0,0,6,A,0,0,Avail,Incmpl,Incmpl,Enable,OFF,OFF,889,717,51199.219,51199.219,51199.219,51199.219,51199.219,51199.219,1GRFE ,33.725,Avail,Incmpl,Incmpl,Enable,7.996,OFF,OFF,OFF,OFF,ON,ON,Avail,Compl,Enable,Compl,CL,CL,Compl,Unable,Not Avl,Compl,Compl,Enable,OFF,130,15,176,ON,21.250,6.875,0.105,2337,6,21,-3,OFF,0.781,3.906,3.850,OFF,0,0,79,Avail,Compl,Enable,0,GRN2#  ,ON,0,ACTIVE,ACTIVE,0.962,0.942,0.740,0.740,61.277,56.414,Avail,Compl,Avail,Incmpl,Incmpl,Enable,OBD II (California ARB),OFF,OFF,29.761,0.500,0,1st,OFF,OFF,OFF,OFF,OFF,OFF,-1.562,-1.562,ON,OFF,650,0,OFF,OFF,OFF,ON,Gasoline,1.015,OFF,OFF,0.684,ON,0.703,14.902,11,0,0.742,0.742,2.305,0.742,0.918,2.031,46.275,0,14.902,14,-0.004,0.023,OFF,ECT 5th,NA,OFF,97.614,97.702,13.333,0,Not Avl,0,0,0,0,ON,ON,0,0,1
6,0,14.198,Not Avl,Compl,Compl,Unable,OFF,Not Avl,Compl,Compl,Unable,OFF,38.281,38.281,28.125,28.750,19.531,39.551,15.686,31.765,0.781,1.582,ON,0,OFF,ON,ON,0.997,0.998,0.020,0.023,3.332,3.337,0,97,51199.219,13.945,23.922,OFF,OFF,OFF,OFF,OFF,OFF,OFF,Avail,Incmpl,Incmpl,Enable,Avail,426.700,271,426.700,271,ON,Avail,Compl,Enable,80,0,0,0,0,0,0,6,A,0,0,Avail,Incmpl,Incmpl,Enable,OFF,OFF,889,717,51199.219,51199.219,51199.219,51199.219,51199.219,51199.219,1GRFE ,33.725,Avail,Incmpl,Incmpl,Enable,7.996,OFF,OFF,OFF,OFF,ON,ON,Avail,Compl,Enable,Compl,CL,CL,Compl,Unable,Not Avl,Compl,Compl,Enable,OFF,130,15,176,ON,21.250,6.875,0.105,2337,6,21,-3,OFF,0.781,3.906,3.850,OFF,0,0,79,Avail,Compl,Enable,0,GRN2#  ,ON,0,ACTIVE,ACTIVE,0.962,0.942,0.740,0.740,61.277,56.414,Avail,Compl,Avail,Incmpl,Incmpl,Enable,OBD II (California ARB),OFF,OFF,29.761,0.500,0,1st,OFF,OFF,OFF,OFF,OFF,OFF,-1.562,-1.562,ON,OFF,650,0,OFF,OFF,OFF,ON,Gasoline,1.015,OFF,OFF,0.684,ON,0.703,14.902,11,0,0.742,0.742,2.305,0.742,0.918,2.031,46.275,0,14.902,14,-0.004,0.023,OFF,ECT 5th,NA,OFF,97.614,97.702,13.333,0,Not Avl,0,0,0,0,ON,ON,0,0,1
7,0,14.198,Not Avl,Compl,Compl,Unable,OFF,Not Avl,Compl,Compl,Unable,OFF,38.281,38.281,28.125,28.750,19.531,39.551,15.686,31.765,0.781,1.582,ON,0,OFF,ON,ON,0.997,0.998,0.020,0.023,3.332,3.337,0,97,51199.219,13.945,23.922,OFF,OFF,OFF,OFF,OFF,OFF,OFF,Avail,Incmpl,Incmpl,Enable,Avail,426.700,271,426.700,271,ON,Avail,Compl,Enable,80,0,0,0,0,0,0,6,A,0,0,Avail,Incmpl,Incmpl,Enable,OFF,OFF,889,717,51199.219,51199.219,51199.219,51199.219,51199.219,51199.219,1GRFE ,33.725,Avail,Incmpl,Incmpl,Enable,7.996,OFF,OFF,OFF,OFF,ON,ON,Avail,Compl,Enable,Compl,CL,CL,Compl,Unable,Not Avl,Compl,Compl,Enable,OFF,130,15,176,ON,21.250,6.875,0.105,2337,6,21,-3,OFF,0.781,3.906,3.850,OFF,0,0,79,Avail,Compl,Enable,0,GRN2#  ,ON,0,ACTIVE,ACTIVE,0.962,0.942,0.740,0.740,61.277,56.414,Avail,Compl,Avail,Incmpl,Incmpl,Enable,OBD II (California ARB),OFF,OFF,29.761,0.500,0,1st,OFF,OFF,OFF,OFF,OFF,OFF,-1.562,-1.562,ON,OFF,650,0,OFF,OFF,OFF,ON,Gasoline,1.015,OFF,OFF,0.684,ON,0.703,14.902,11,0,0.742,0.742,2.305,0.742,0.918,2.031,46.275,0,14.902,14,-0.004,0.023,OFF,ECT 5th,NA,OFF,97.614,97.702,13.333,0,Not Avl,0,0,0,0,ON,ON,0,0,1
8,0,14.198,Not Avl,Compl,Compl,Unable,OFF,Not Avl,Compl,Compl,Unable,OFF,38.281,38.281,28.125,28.750,19.531,39.551,15.686,31.765,0.781,1.582,ON,0,OFF,ON,ON,0.997,0.998,0.020,0.023,3.332,3.337,0,97,51199.219,13.945,23.922,OFF,OFF,OFF,OFF,OFF,OFF,OFF,Avail,Incmpl,Incmpl,Enable,Avail,426.700,271,426.700,271,ON,Avail,Compl,Enable,80,0,0,0,0,0,0,6,A,0,0,Avail,Incmpl,Incmpl,Enable,OFF,OFF,889,717,51199.219,51199.219,51199.219,51199.219,51199.219,51199.219,1GRFE ,33.725,Avail,Incmpl,Incmpl,Enable,7.996,OFF,OFF,OFF,OFF,ON,ON,Avail,Compl,Enable,Compl,CL,CL,Compl,Unable,Not Avl,Compl,Compl,Enable,OFF,130,15,176,ON,21.250,6.875,0.105,2337,6,21,-3,OFF,0.781,3.906,3.850,OFF,0,0,79,Avail,Compl,Enable,0,GRN2#  ,ON,0,ACTIVE,ACTIVE,0.962,0.942,0.740,0.740,61.277,56.414,Avail,Compl,Avail,Incmpl,Incmpl,Enable,OBD II (California ARB),OFF,OFF,29.761,0.500,0,1st,OFF,OFF,OFF,OFF,OFF,OFF,-1.562,-1.562,ON,OFF,650,0,OFF,OFF,OFF,ON,Gasoline,1.015,OFF,OFF,0.684,ON,0.703,14.902,11,0,0.742,0.742,2.305,0.742,0.918,2.031,46.275,0,14.902,14,-0.004,0.023,OFF,ECT 5th,NA,OFF,97.614,97.702,13.333,0,Not Avl,0,0,0,0,ON,ON,0,0,1
9,0,14.198,Not Avl,Compl,Compl,Unable,OFF,Not Avl,Compl,Compl,Unable,OFF,38.281,38.281,28.125,28.750,19.531,39.551,15.686,31.765,0.781,1.582,ON,0,OFF,ON,ON,0.997,0.998,0.020,0.023,3.332,3.337,0,97,51199.219,13.945,23.922,OFF,OFF,OFF,OFF,OFF,OFF,OFF,Avail,Incmpl,Incmpl,Enable,Avail,426.700,271,426.700,271,ON,Avail,Compl,Enable,80,0,0,0,0,0,0,6,A,0,0,Avail,Incmpl,Incmpl,Enable,OFF,OFF,889,717,51199.219,51199.219,51199.219,51199.219,51199.219,51199.219,1GRFE ,33.725,Avail,Incmpl,Incmpl,Enable,7.996,OFF,OFF,OFF,OFF,ON,ON,Avail,Compl,Enable,Compl,CL,CL,Compl,Unable,Not Avl,Compl,Compl,Enable,OFF,130,15,176,ON,21.250,6.875,0.105,2337,6,21,-3,OFF,0.781,3.906,3.850,OFF,0,0,79,Avail,Compl,Enable,0,GRN2#  ,ON,0,ACTIVE,ACTIVE,0.962,0.942,0.740,0.740,61.277,56.414,Avail,Compl,Avail,Incmpl,Incmpl,Enable,OBD II (California ARB),OFF,OFF,29.761,0.500,0,1st,OFF,OFF,OFF,OFF,OFF,OFF,-1.562,-1.562,ON,OFF,650,0,OFF,OFF,OFF,ON,Gasoline,1.015,OFF,OFF,0.684,ON,0.703,14.902,11,0,0.742,0.742,2.305,0.742,0.918,2.031,46.275,0,14.902,14,-0.004,0.023,OFF,ECT 5th,NA,OFF,97.614,97.702,13.333,0,Not Avl,0,0,0,0,ON,ON,0,0,1
10,0,14.198,Not Avl,Compl,Compl,Unable,OFF,Not Avl,Compl,Compl,Unable,OFF,38.281,38.281,28.125,28.750,19.531,39.551,15.686,31.765,0.781,1.582,ON,0,OFF,ON,ON,0.997,0.998,0.020,0.023,3.332,3.337,0,97,51199.219,13.945,23.922,OFF,OFF,OFF,OFF,OFF,OFF,OFF,Avail,Incmpl,Incmpl,Enable,Avail,426.700,271,426.700,271,ON,Avail,Compl,Enable,80,0,0,0,0,0,0,6,A,0,0,Avail,Incmpl,Incmpl,Enable,OFF,OFF,889,717,51199.219,51199.219,51199.219,51199.219,51199.219,51199.219,1GRFE ,33.725,Avail,Incmpl,Incmpl,Enable,7.996,OFF,OFF,OFF,OFF,ON,ON,Avail,Compl,Enable,Compl,CL,CL,Compl,Unable,Not Avl,Compl,Compl,Enable,OFF,130,15,176,ON,21.250,6.875,0.105,2337,6,21,-3,OFF,0.781,3.906,3.850,OFF,0,0,79,Avail,Compl,Enable,0,GRN2#  ,ON,0,ACTIVE,ACTIVE,0.962,0.942,0.740,0.740,61.277,56.414,Avail,Compl,Avail,Incmpl,Incmpl,Enable,OBD II (California ARB),OFF,OFF,29.761,0.500,0,1st,OFF,OFF,OFF,OFF,OFF,OFF,-1.562,-1.562,ON,OFF,650,0,OFF,OFF,OFF,ON,Gasoline,1.015,OFF,OFF,0.684,ON,0.703,14.902,11,0,0.742,0.742,2.305,0.742,0.918,2.031,46.275,0,14.902,14,-0.004,0.023,OFF,ECT 5th,NA,OFF,97.614,97.702,13.333,0,Not Avl,0,0,0,0,ON,ON,0,0,1
11,0,14.198,Not Avl,Compl,Compl,Unable,OFF,Not Avl,Compl,Compl,Unable,OFF,38.281,38.281,28.125,28.750,19.531,39.551,15.686,31.765,0.781,1.582,ON,0,OFF,ON,ON,0.997,0.998,0.020,0.023,3.332,3.337,0,97,51199.219,13.945,23.922,OFF,OFF,OFF,OFF,OFF,OFF,OFF,Avail,Incmpl,Incmpl,Enable,Avail,426.700,271,426.700,271,ON,Avail,Compl,Enable,80,0,0,0,0,0,0,6,A,0,0,Avail,Incmpl,Incmpl,Enable,OFF,OFF,889,717,51199.219,51199.219,51199.219,51199.219,51199.219,51199.219,1GRFE ,33.725,Avail,Incmpl,Incmpl,Enable,7.996,OFF,OFF,OFF,OFF,ON,ON,Avail,Compl,Enable,Compl,CL,CL,Compl,Unable,Not Avl,Compl,Compl,Enable,OFF,130,15,176,ON,21.250,6.875,0.105,2337,6,21,-3,OFF,0.781,3.906,3.850,OFF,0,0,79,Avail,Compl,Enable,0,GRN2#  ,ON,0,ACTIVE,ACTIVE,0.962,0.942,0.740,0.740,61.277,56.414,Avail,Compl,Avail,Incmpl,Incmpl,Enable,OBD II (California ARB),OFF,OFF,29.761,0.500,0,1st,OFF,OFF,OFF,OFF,OFF,OFF,-1.562,-1.562,ON,OFF,650,0,OFF,OFF,OFF,ON,Gasoline,1.015,OFF,OFF,0.684,ON,0.703,14.902,11,0,0.742,0.742,2.305,0.742,0.918,2.031,46.275,0,14.902,14,-0.004,0.023,OFF,ECT 5th,NA,OFF,97.614,97.702,13.333,0,Not Avl,0,0,0,0,ON,ON,0,0,1
12,0,14.198,Not Avl,Compl,Compl,Unable,OFF,Not Avl,Compl,Compl,Unable,OFF,38.281,38.281,28.125,28.750,19.531,39.551,15.686,31.765,0.781,1.582,ON,0,OFF,ON,ON,0.997,0.998,0.020,0.023,3.332,3.337,0,97,51199.219,13.945,23.922,OFF,OFF,OFF,OFF,OFF,OFF,OFF,Avail,Incmpl,Incmpl,Enable,Avail,426.700,271,426.700,271,ON,Avail,Compl,Enable,80,0,0,0,0,0,0,6,A,0,0,Avail,Incmpl,Incmpl,Enable,OFF,OFF,889,717,51199.219,51199.219,51199.219,51199.219,51199.219,51199.219,1GRFE ,33.725,Avail,Incmpl,Incmpl,Enable,7.996,OFF,OFF,OFF,OFF,ON,ON,Avail,Compl,Enable,Compl,CL,CL,Compl,Unable,Not Avl,Compl,Compl,Enable,OFF,130,15,176,ON,21.250,6.875,0.105,2337,6,21,-3,OFF,0.781,3.906,3.850,OFF,0,0,79,Avail,Compl,Enable,0,GRN2#  ,ON,0,ACTIVE,ACTIVE,0.962,0.942,0.740,0.740,61.277,56.414,Avail,Compl,Avail,Incmpl,Incmpl,Enable,OBD II (California ARB),OFF,OFF,29.761,0.500,0,1st,OFF,OFF,OFF,OFF,OFF,OFF,-1.562,-1.562,ON,OFF,650,0,OFF,OFF,OFF,ON,Gasoline,1.015,OFF,OFF,0.684,ON,0.703,14.902,11,0,0.742,0.742,2.305,0.742,0.918,2.031,46.275,0,14.902,14,-0.004,0.023,OFF,ECT 5th,NA,OFF,97.614,97.702,13.333,0,Not Avl,0,0,0,0,ON,ON,0,0,1
13,0,14.198,Not Avl,Compl,Compl,Unable,OFF,Not Avl,Compl,Compl,Unable,OFF,38.281,38.281,28.125,28.750,19.531,39.551,15.686,31.765,0.781,1.582,ON,0,OFF,ON,ON,0.997,0.998,0.020,0.023,3.332,3.337,0,97,51199.219,13.945,23.922,OFF,OFF,OFF,OFF,OFF,OFF,OFF,Avail,Incmpl,Incmpl,Enable,Avail,426.700,271,426.700,271,ON,Avail,Compl,Enable,80,0,0,0,0,0,0,6,A,0,0,Avail,Incmpl,Incmpl,Enable,OFF,OFF,889,717,51199.219,51199.219,51199.219,51199.219,51199.219,51199.219,1GRFE ,33.725,Avail,Incmpl,Incmpl,Enable,7.996,OFF,OFF,OFF,OFF,ON,ON,Avail,Compl,Enable,Compl,CL,CL,Compl,Unable,Not Avl,Compl,Compl,Enable,OFF,130,15,176,ON,21.250,6.875,0.105,2337,6,21,-3,OFF,0.781,3.906,3.850,OFF,0,0,79,Avail,Compl,Enable,0,GRN2#  ,ON,0,ACTIVE,ACTIVE,0.962,0.942,0.740,0.740,61.277,56.414,Avail,Compl,Avail,Incmpl,Incmpl,Enable,OBD II (California ARB),OFF,OFF,29.761,0.500,0,1st,OFF,OFF,OFF,OFF,OFF,OFF,-1.562,-1.562,ON,OFF,650,0,OFF,OFF,OFF,ON,Gasoline,1.015,OFF,OFF,0.684,ON,0.703,14.902,11,0,0.742,0.742,2.305,0.742,0.918,2.031,46.275,0,14.902,14,-0.004,0.023,OFF,ECT 5th,NA,OFF,97.614,97.702,13.333,0,Not Avl,0,0,0,0,ON,ON,0,0,1
14,0,14.198,Not Avl,Compl,Compl,Unable,OFF,Not Avl,Compl,Compl,Unable,OFF,40.625,38.281,28.125,28.750,19.531,39.551,15.686,31.765,0.781,1.582,ON,0,OFF,ON,ON,0.997,0.998,0.020,0.023,3.332,3.337,0,97,51199.219,13.945,23.922,OFF,OFF,OFF,OFF,OFF,OFF,OFF,Avail,Incmpl,Incmpl,Enable,Avail,426.700,271,426.700,271,ON,Avail,Compl,Enable,80,0,0,0,0,0,0,6,A,0,0,Avail,Incmpl,Incmpl,Enable,OFF,OFF,889,717,51199.219,51199.219,51199.219,51199.219,51199.219,51199.219,1GRFE ,33.725,Avail,Incmpl,Incmpl,Enable,7.996,OFF,OFF,OFF,OFF,ON,ON,Avail,Compl,Enable,Compl,CL,CL,Compl,Unable,Not Avl,Compl,Compl,Enable,OFF,130,15,176,ON,21.250,6.875,0.105,2337,6,21,-3,OFF,0.781,3.906,3.850,OFF,0,0,79,Avail,Compl,Enable,0,GRN2#  ,ON,0,ACTIVE,ACTIVE,0.962,0.942,0.740,0.740,61.277,56.414,Avail,Compl,Avail,Incmpl,Incmpl,Enable,OBD II (California ARB),OFF,OFF,29.761,0.500,0,1st,OFF,OFF,OFF,OFF,OFF,OFF,-1.562,-1.562,ON,OFF,650,0,OFF,OFF,OFF,ON,Gasoline,1.015,OFF,OFF,0.684,ON,0.703,14.902,11,0,0.742,0.742,2.305,0.742,0.918,2.031,46.275,0,14.902,14,-0.004,0.023,OFF,ECT 5th,NA,OFF,97.614,97.702,13.333,0,Not Avl,0,0,0,0,ON,ON,0,0,1
15,0,14.198,Not Avl,Compl,Compl,Unable,OFF,Not Avl,Compl,Compl,Unable,OFF,40.625,53.906,28.125,28.750,19.531,39.551,15.686,31.765,0.781,1.582,ON,0,OFF,ON,ON,0.997,0.998,0.020,0.023,3.332,3.337,0,97,51199.219,13.945,23.922,OFF,OFF,OFF,OFF,OFF,OFF,OFF,Avail,Incmpl,Incmpl,Enable,Avail,426.700,271,426.700,271,ON,Avail,Compl,Enable,80,0,0,0,0,0,0,6,A,0,0,Avail,Incmpl,Incmpl,Enable,OFF,OFF,889,717,51199.219,51199.219,51199.219,51199.219,51199.219,51199.219,1GRFE ,33.725,Avail,Incmpl,Incmpl,Enable,7.996,OFF,OFF,OFF,OFF,ON,ON,Avail,Compl,Enable,Compl,CL,CL,Compl,Unable,Not Avl,Compl,Compl,Enable,OFF,130,15,176,ON,21.250,6.875,0.105,2337,6,21,-3,OFF,0.781,3.906,3.850,OFF,0,0,79,Avail,Compl,Enable,0,GRN2#  ,ON,0,ACTIVE,ACTIVE,0.962,0.942,0.740,0.740,61.277,56.414,Avail,Compl,Avail,Incmpl,Incmpl,Enable,OBD II (California ARB),OFF,OFF,29.761,0.500,0,1st,OFF,OFF,OFF,OFF,OFF,OFF,-1.562,-1.562,ON,OFF,650,0,OFF,OFF,OFF,ON,Gasoline,1.015,OFF,OFF,0.684,ON,0.703,14.902,11,0,0.742,0.742,2.305,0.742,0.918,2.031,46.275,0,14.902,14,-0.004,0.023,OFF,ECT 5th,NA,OFF,97.614,97.702,13.333,0,Not Avl,0,0,0,0,ON,ON,0,0,1
16,0,14.198,Not Avl,Compl,Compl,Unable,OFF,Not Avl,Compl,Compl,Unable,OFF,40.625,53.906,28.125,28.750,19.531,39.551,15.686,31.765,0.781,1.582,ON,0,OFF,ON,ON,0.997,0.998,0.020,0.023,3.332,3.337,0,97,51199.219,13.945,23.922,OFF,OFF,OFF,OFF,OFF,OFF,OFF,Avail,Incmpl,Incmpl,Enable,Avail,426.700,271,426.700,271,ON,Avail,Compl,Enable,80,0,0,0,0,0,0,6,A,0,0,Avail,Incmpl,Incmpl,Enable,OFF,OFF,889,717,51199.219,51199.219,51199.219,51199.219,51199.219,51199.219,1GRFE ,33.725,Avail,Incmpl,Incmpl,Enable,7.996,OFF,OFF,OFF,OFF,ON,ON,Avail,Compl,Enable,Compl,CL,CL,Compl,Unable,Not Avl,Compl,Compl,Enable,OFF,130,15,176,ON,21.250,6.875,0.105,2337,6,21,-3,OFF,0.781,3.906,3.850,OFF,0,0,79,Avail,Compl,Enable,0,GRN2#  ,ON,0,ACTIVE,ACTIVE,0.962,0.942,0.740,0.740,61.277,56.414,Avail,Compl,Avail,Incmpl,Incmpl,Enable,OBD II (California ARB),OFF,OFF,29.761,0.500,0,1st,OFF,OFF,OFF,OFF,OFF,OFF,-1.562,-1.562,ON,OFF,650,0,OFF,OFF,OFF,ON,Gasoline,1.015,OFF,OFF,0.684,ON,0.703,14.902,11,0,0.742,0.742,2.305,0.742,0.918,2.031,46.275,0,14.902,14,-0.004,0.023,OFF,ECT 5th,NA,OFF,97.614,97.702,13.333,0,Not Avl,0,0,0,0,ON,ON,0,0,1
17,0,14.198,Not Avl,Compl,Compl,Unable,OFF,Not Avl,Compl,Compl,Unable,OFF,40.625,53.906,28.125,28.750,19.531,39.551,15.686,31.765,0.781,1.582,ON,0,OFF,ON,ON,0.997,0.998,0.020,0.023,3.332,3.337,0,97,51199.219,13.945,23.922,OFF,OFF,OFF,OFF,OFF,OFF,OFF,Avail,Incmpl,Incmpl,Enable,Avail,426.700,271,426.700,271,ON,Avail,Compl,Enable,80,0,0,0,0,0,0,6,A,0,0,Avail,Incmpl,Incmpl,Enable,OFF,OFF,889,717,51199.219,51199.219,51199.219,51199.219,51199.219,51199.219,1GRFE ,33.725,Avail,Incmpl,Incmpl,Enable,7.996,OFF,OFF,OFF,OFF,ON,ON,Avail,Compl,Enable,Compl,CL,CL,Compl,Unable,Not Avl,Compl,Compl,Enable,OFF,130,15,176,ON,21.250,6.875,0.105,2337,6,21,-3,OFF,0.781,3.906,3.850,OFF,0,0,79,Avail,Compl,Enable,0,GRN2#  ,ON,0,ACTIVE,ACTIVE,0.962,0.942,0.740,0.740,61.277,56.414,Avail,Compl,Avail,Incmpl,Incmpl,Enable,OBD II (California ARB),OFF,OFF,29.761,0.500,0,1st,OFF,OFF,OFF,OFF,OFF,OFF,-1.562,-1.562,ON,OFF,650,0,OFF,OFF,OFF,ON,Gasoline,1.015,OFF,OFF,0.684,ON,0.703,14.902,11,0,0.742,0.742,2.305,0.742,0.918,2.031,46.275,0,14.902,14,-0.004,0.023,OFF,ECT 5th,NA,OFF,97.614,97.702,13.333,0,Not Avl,0,0,0,0,ON,ON,0,0,1
18,0,14.198,Not Avl,Compl,Compl,Unable,OFF,Not Avl,Compl,Compl,Unable,OFF,40.625,53.906,28.125,28.750,19.531,39.551,15.686,31.765,0.781,1.582,ON,0,OFF,ON,ON,0.997,0.998,0.020,0.023,3.332,3.337,0,97,51199.219,13.945,23.922,OFF,OFF,OFF,OFF,OFF,OFF,OFF,Avail,Incmpl,Incmpl,Enable,Avail,426.700,271,426.700,271,ON,Avail,Compl,Enable,80,0,0,0,0,0,0,6,A,0,0,Avail,Incmpl,Incmpl,Enable,OFF,OFF,889,717,51199.219,51199.219,51199.219,51199.219,51199.219,51199.219,1GRFE ,33.725,Avail,Incmpl,Incmpl,Enable,7.996,OFF,OFF,OFF,OFF,ON,ON,Avail,Compl,Enable,Compl,CL,CL,Compl,Unable,Not Avl,Compl,Compl,Enable,OFF,130,15,176,ON,21.250,6.875,0.105,2337,6,21,-3,OFF,0.781,3.906,3.850,OFF,0,0,79,Avail,Compl,Enable,0,GRN2#  ,ON,0,ACTIVE,ACTIVE,0.962,0.942,0.740,0.740,61.277,56.414,Avail,Compl,Avail,Incmpl,Incmpl,Enable,OBD II (California ARB),OFF,OFF,29.761,0.500,0,1st,OFF,OFF,OFF,OFF,OFF,OFF,-1.562,-1.562,ON,OFF,650,0,OFF,OFF,OFF,ON,Gasoline,1.015,OFF,OFF,0.684,ON,0.703,14.902,11,0,0.742,0.742,2.305,0.742,0.918,2.031,46.275,0,14.902,14,-0.004,0.023,OFF,ECT 5th,NA,OFF,97.614,97.702,13.333,0,Not Avl,0,0,0,0,ON,ON,0,0,1
19,0,14.198,Not Avl,Compl,Compl,Unable,OFF,Not Avl,Compl,Compl,Unable,OFF,40.625,53.906,28.125,28.750,19.531,39.551,15.686,31.765,0.781,1.582,ON,0,OFF,ON,ON,0.997,0.998,0.020,0.023,3.332,3.337,0,97,51199.219,13.945,23.922,OFF,OFF,OFF,OFF,OFF,OFF,OFF,Avail,Incmpl,Incmpl,Enable,Avail,426.700,271,426.700,271,ON,Avail,Compl,Enable,80,0,0,0,0,0,0,6,A,0,0,Avail,Incmpl,Incmpl,Enable,OFF,OFF,889,717,51199.219,51199.219,51199.219,51199.219,51199.219,51199.219,1GRFE ,33.725,Avail,Incmpl,Incmpl,Enable,7.996,OFF,OFF,OFF,OFF,ON,ON,Avail,Compl,Enable,Compl,CL,CL,Compl,Unable,Not Avl,Compl,Compl,Enable,OFF,130,15,176,ON,21.250,6.875,0.105,2337,6,21,-3,OFF,0.781,3.906,3.850,OFF,0,0,79,Avail,Compl,Enable,0,GRN2#  ,ON,0,ACTIVE,ACTIVE,0.962,0.942,0.740,0.740,61.277,56.414,Avail,Compl,Avail,Incmpl,Incmpl,Enable,OBD II (California ARB),OFF,OFF,29.761,0.500,0,1st,OFF,OFF,OFF,OFF,OFF,OFF,-1.562,-1.562,ON,OFF,650,0,OFF,OFF,OFF,ON,Gasoline,1.015,OFF,OFF,0.684,ON,0.703,14.902,11,0,0.742,0.742,2.305,0.742,0.918,2.031,46.275,0,14.902,14,-0.004,0.023,OFF,ECT 5th,NA,OFF,97.614,97.702,13.333,0,Not Avl,0,0,0,0,ON,ON,0,0,1
20,0,14.198,Not Avl,Compl,Compl,Unable,OFF,Not Avl,Compl,Compl,Unable,OFF,40.625,53.906,28.125,28.750,19.531,39.551,15.686,31.765,0.781,1.582,ON,0,OFF,ON,ON,0.997,0.998,0.020,0.023,3.332,3.337,0,97,51199.219,13.945,23.922,OFF,OFF,OFF,OFF,OFF,OFF,OFF,Avail,Incmpl,Incmpl,Enable,Avail,426.700,271,426.700,271,ON,Avail,Compl,Enable,80,0,0,0,0,0,0,6,A,0,0,Avail,Incmpl,Incmpl,Enable,OFF,OFF,889,717,51199.219,51199.219,51199.219,51199.219,51199.219,51199.219,1GRFE ,33.725,Avail,Incmpl,Incmpl,Enable,7.996,OFF,OFF,OFF,OFF,ON,ON,Avail,Compl,Enable,Compl,CL,CL,Compl,Unable,Not Avl,Compl,Compl,Enable,OFF,130,15,176,ON,21.250,6.875,0.105,2337,6,21,-3,OFF,0.781,3.906,3.850,OFF,0,0,79,Avail,Compl,Enable,0,GRN2#  ,ON,0,ACTIVE,ACTIVE,0.962,0.942,0.740,0.740,61.277,56.414,Avail,Compl,Avail,Incmpl,Incmpl,Enable,OBD II (California ARB),OFF,OFF,29.761,0.500,0,1st,OFF,OFF,OFF,OFF,OFF,OFF,-1.562,-1.562,ON,OFF,650,0,OFF,OFF,OFF,ON,Gasoline,1.015,OFF,OFF,0.684,ON,0.703,14.902,11,0,0.742,0.742,2.305,0.742,0.918,2.031,46.275,0,14.902,14,-0.004,0.023,OFF,ECT 5th,NA,OFF,97.614,97.702,13.333,0,Not Avl,0,0,0,0,ON,ON,0,0,1
21,0,14.198,Not Avl,Compl,Compl,Unable,OFF,Not Avl,Compl,Compl,Unable,OFF,40.625,53.906,28.125,28.750,19.531,39.551,15.686,31.765,0.781,1.582,ON,0,OFF,ON,ON,0.997,0.998,0.020,0.023,3.332,3.337,0,97,51199.219,13.945,23.922,OFF,OFF,OFF,OFF,OFF,OFF,OFF,Avail,Incmpl,Incmpl,Enable,Avail,426.700,271,426.700,271,ON,Avail,Compl,Enable,80,0,0,0,0,0,0,6,A,0,0,Avail,Incmpl,Incmpl,Enable,OFF,OFF,889,717,51199.219,51199.219,51199.219,51199.219,51199.219,51199.219,1GRFE ,33.725,Avail,Incmpl,Incmpl,Enable,7.996,OFF,OFF,OFF,OFF,ON,ON,Avail,Compl,Enable,Compl,CL,CL,Compl,Unable,Not Avl,Compl,Compl,Enable,OFF,130,15,176,ON,21.250,6.875,0.105,2337,6,21,-3,OFF,0.781,3.906,3.850,OFF,0,0,79,Avail,Compl,Enable,0,GRN2#  ,ON,0,ACTIVE,ACTIVE,0.962,0.942,0.740,0.740,61.277,56.414,Avail,Compl,Avail,Incmpl,Incmpl,Enable,OBD II (California ARB),OFF,OFF,29.761,0.500,0,1st,OFF,OFF,OFF,OFF,OFF,OFF,-1.562,-1.562,ON,OFF,650,0,OFF,OFF,OFF,ON,Gasoline,1.015,OFF,OFF,0.684,ON,0.703,14.902,11,0,0.742,0.742,2.305,0.742,0.918,2.031,46.275,0,14.902,14,-0.004,0.023,OFF,ECT 5th,NA,OFF,97.614,97.702,13.333,0,Not Avl,0,0,0,0,ON,ON,0,0,1
22,0,14.198,Not Avl,Compl,Compl,Unable,OFF,Not Avl,Compl,Compl,Unable,OFF,40.625,53.906,28.125,28.750,19.531,39.551,15.686,31.765,0.781,1.582,ON,0,OFF,ON,ON,0.997,0.998,0.020,0.023,3.332,3.337,0,97,51199.219,13.945,23.922,OFF,OFF,OFF,OFF,OFF,OFF,OFF,Avail,Incmpl,Incmpl,Enable,Avail,426.700,271,426.700,271,ON,Avail,Compl,Enable,80,0,0,0,0,0,0,6,A,0,0,Avail,Incmpl,Incmpl,Enable,OFF,OFF,889,717,51199.219,51199.219,51199.219,51199.219,51199.219,51199.219,1GRFE ,33.725,Avail,Incmpl,Incmpl,Enable,7.996,OFF,OFF,OFF,OFF,ON,ON,Avail,Compl,Enable,Compl,CL,CL,Compl,Unable,Not Avl,Compl,Compl,Enable,OFF,130,15,176,ON,21.250,6.875,0.105,2337,6,21,-3,OFF,0.781,3.906,3.850,OFF,0,0,79,Avail,Compl,Enable,0,GRN2#  ,ON,0,ACTIVE,ACTIVE,0.962,0.942,0.740,0.740,61.277,56.414,Avail,Compl,Avail,Incmpl,Incmpl,Enable,OBD II (California ARB),OFF,OFF,29.761,0.500,0,1st,OFF,OFF,OFF,OFF,OFF,OFF,-1.562,-1.562,ON,OFF,650,0,OFF,OFF,OFF,ON,Gasoline,1.015,OFF,OFF,0.684,ON,0.703,14.902,11,0,0.742,0.742,2.305,0.742,0.918,2.031,46.275,0,14.902,14,-0.004,0.023,OFF,ECT 5th,NA,OFF,97.614,97.702,13.333,0,Not Avl,0,0,0,0,ON,ON,0,0,1
23,0,14.198,Not Avl,Compl,Compl,Unable,OFF,Not Avl,Compl,Compl,Unable,OFF,40.625,53.906,28.125,28.750,19.531,39.551,15.686,31.765,0.781,1.582,ON,0,OFF,ON,ON,0.997,0.998,0.020,0.023,3.332,3.337,0,97,51199.219,13.945,23.922,OFF,OFF,OFF,OFF,OFF,OFF,OFF,Avail,Incmpl,Incmpl,Enable,Avail,426.700,271,426.700,271,ON,Avail,Compl,Enable,80,0,0,0,0,0,0,6,A,0,0,Avail,Incmpl,Incmpl,Enable,OFF,OFF,889,717,51199.219,51199.219,51199.219,51199.219,51199.219,51199.219,1GRFE ,33.725,Avail,Incmpl,Incmpl,Enable,7.996,OFF,OFF,OFF,OFF,ON,ON,Avail,Compl,Enable,Compl,CL,CL,Compl,Unable,Not Avl,Compl,Compl,Enable,OFF,130,15,176,ON,21.250,6.875,0.105,2337,6,21,-3,OFF,0.781,3.906,3.850,OFF,0,0,79,Avail,Compl,Enable,0,GRN2#  ,ON,0,ACTIVE,ACTIVE,0.962,0.942,0.740,0.740,61.277,56.414,Avail,Compl,Avail,Incmpl,Incmpl,Enable,OBD II (California ARB),OFF,OFF,29.761,0.500,0,1st,OFF,OFF,OFF,OFF,OFF,OFF,-1.562,-1.562,ON,OFF,650,0,OFF,OFF,OFF,ON,Gasoline,1.015,OFF,OFF,0.684,ON,0.703,14.902,11,0,0.742,0.742,2.305,0.742,0.918,2.031,46.275,0,14.902,14,-0.004,0.023,OFF,ECT 5th,NA,OFF,97.614,97.702,13.333,0,Not Avl,0,0,0,0,ON,ON,0,0,1
24,0,14.198,Not Avl,Compl,Compl,Unable,OFF,Not Avl,Compl,Compl,Unable,OFF,40.625,53.906,28.125,28.750,19.531,39.551,15.686,31.765,0.781,1.582,ON,0,OFF,ON,ON,0.997,0.998,0.020,0.023,3.332,3.337,0,97,51199.219,13.945,23.922,OFF,OFF,OFF,OFF,OFF,OFF,OFF,Avail,Incmpl,Incmpl,Enable,Avail,426.700,271,426.700,271,ON,Avail,Compl,Enable,80,0,0,0,0,0,0,6,A,0,0,Avail,Incmpl,Incmpl,Enable,OFF,OFF,889,717,51199.219,51199.219,51199.219,51199.219,51199.219,51199.219,1GRFE ,33.725,Avail,Incmpl,Incmpl,Enable,7.996,OFF,OFF,OFF,OFF,ON,ON,Avail,Compl,Enable,Compl,CL,CL,Compl,Unable,Not Avl,Compl,Compl,Enable,OFF,130,15,176,ON,21.250,6.875,0.105,2337,6,21,-3,OFF,0.781,3.906,3.850,OFF,0,0,79,Avail,Compl,Enable,0,GRN2#  ,ON,0,ACTIVE,ACTIVE,0.962,0.942,0.740,0.740,61.277,56.414,Avail,Compl,Avail,Incmpl,Incmpl,Enable,OBD II (California ARB),OFF,OFF,29.761,0.500,0,1st,OFF,OFF,OFF,OFF,OFF,OFF,-1.562,-1.562,ON,OFF,650,0,OFF,OFF,OFF,ON,Gasoline,1.015,OFF,OFF,0.684,ON,0.703,14.902,11,0,0.742,0.742,2.305,0.742,0.918,2.031,46.275,0,14.902,14,-0.004,0.023,OFF,ECT 5th,NA,OFF,97.614,97.702,13.333,0,Not Avl,0,0,0,0,ON,ON,0,0,1
25,0,14.198,Not Avl,Compl,Compl,Unable,OFF,Not Avl,Compl,Compl,Unable,OFF,40.625,53.906,28.125,28.750,19.531,39.551,15.686,31.765,0.781,1.582,ON,0,OFF,ON,ON,0.997,0.998,0.020,0.023,3.332,3.337,0,97,51199.219,13.945,23.922,OFF,OFF,OFF,OFF,OFF,OFF,OFF,Avail,Incmpl,Incmpl,Enable,Avail,426.700,271,426.700,271,ON,Avail,Compl,Enable,80,0,0,0,0,0,0,6,A,0,0,Avail,Incmpl,Incmpl,Enable,OFF,OFF,889,717,51199.219,51199.219,51199.219,51199.219,51199.219,51199.219,1GRFE ,33.725,Avail,Incmpl,Incmpl,Enable,7.996,OFF,OFF,OFF,OFF,ON,ON,Avail,Compl,Enable,Compl,CL,CL,Compl,Unable,Not Avl,Compl,Compl,Enable,OFF,130,15,176,ON,21.250,6.875,0.105,2337,6,21,-3,OFF,0.781,3.906,3.850,OFF,0,0,79,Avail,Compl,Enable,0,GRN2#  ,ON,0,ACTIVE,ACTIVE,0.962,0.942,0.740,0.740,61.277,56.414,Avail,Compl,Avail,Incmpl,Incmpl,Enable,OBD II (California ARB),OFF,OFF,29.761,0.500,0,1st,OFF,OFF,OFF,OFF,OFF,OFF,-1.562,-1.562,ON,OFF,650,0,OFF,OFF,OFF,ON,Gasoline,1.015,OFF,OFF,0.684,ON,0.703,14.902,11,0,0.742,0.742,2.305,0.742,0.918,2.031,46.275,0,14.902,14,-0.004,0.023,OFF,ECT 5th,NA,OFF,97.614,97.702,13.333,0,Not Avl,0,0,0,0,ON,ON,0,0,1
26,0,14.198,Not Avl,Compl,Compl,Unable,OFF,Not Avl,Compl,Compl,Unable,OFF,40.625,53.906,28.125,28.750,19.531,39.551,15.686,31.765,0.781,1.582,ON,0,OFF,ON,ON,0.997,0.998,0.020,0.023,3.332,3.337,0,97,51199.219,13.945,23.922,OFF,OFF,OFF,OFF,OFF,OFF,OFF,Avail,Incmpl,Incmpl,Enable,Avail,426.700,271,426.700,271,ON,Avail,Compl,Enable,80,0,0,0,0,0,0,6,A,0,0,Avail,Incmpl,Incmpl,Enable,OFF,OFF,889,717,51199.219,51199.219,51199.219,51199.219,51199.219,51199.219,1GRFE ,33.725,Avail,Incmpl,Incmpl,Enable,7.996,OFF,OFF,OFF,OFF,ON,ON,Avail,Compl,Enable,Compl,CL,CL,Compl,Unable,Not Avl,Compl,Compl,Enable,OFF,130,15,176,ON,21.250,6.875,0.105,2337,6,21,-3,OFF,0.781,3.906,3.850,OFF,0,0,79,Avail,Compl,Enable,0,GRN2#  ,ON,0,ACTIVE,ACTIVE,0.962,0.942,0.740,0.740,61.277,56.414,Avail,Compl,Avail,Incmpl,Incmpl,Enable,OBD II (California ARB),OFF,OFF,29.761,0.500,0,1st,OFF,OFF,OFF,OFF,OFF,OFF,-1.562,-1.562,ON,OFF,650,0,OFF,OFF,OFF,ON,Gasoline,1.015,OFF,OFF,0.684,ON,0.703,14.902,11,0,0.742,0.742,2.305,0.742,0.918,2.031,46.275,0,14.902,14,-0.004,0.023,OFF,ECT 5th,NA,OFF,97.614,97.702,13.333,0,Not Avl,0,0,0,0,ON,ON,0,0,1
27,0,14.198,Not Avl,Compl,Compl,Unable,OFF,Not Avl,Compl,Compl,Unable,OFF,40.625,53.906,28.125,28.750,19.531,39.551,15.686,31.765,0.781,1.582,ON,0,OFF,ON,ON,0.997,0.998,0.020,0.023,3.332,3.337,0,97,51199.219,13.945,23.922,OFF,OFF,OFF,OFF,OFF,OFF,OFF,Avail,Incmpl,Incmpl,Enable,Avail,426.700,271,426.700,271,ON,Avail,Compl,Enable,80,0,0,0,0,0,0,6,A,0,0,Avail,Incmpl,Incmpl,Enable,OFF,OFF,889,717,51199.219,51199.219,51199.219,51199.219,51199.219,51199.219,1GRFE ,33.725,Avail,Incmpl,Incmpl,Enable,7.996,OFF,OFF,OFF,OFF,ON,ON,Avail,Compl,Enable,Compl,CL,CL,Compl,Unable,Not Avl,Compl,Compl,Enable,OFF,130,15,176,ON,21.250,6.875,0.105,2337,6,21,-3,OFF,0.781,3.906,3.850,OFF,0,0,79,Avail,Compl,Enable,0,GRN2#  ,ON,0,ACTIVE,ACTIVE,0.962,0.942,0.740,0.740,61.277,56.414,Avail,Compl,Avail,Incmpl,Incmpl,Enable,OBD II (California ARB),OFF,OFF,29.761,0.500,0,1st,OFF,OFF,OFF,OFF,OFF,OFF,-1.562,-1.562,ON,OFF,650,0,OFF,OFF,OFF,ON,Gasoline,1.015,OFF,OFF,0.684,ON,0.703,14.902,11,0,0.742,0.742,2.305,0.742,0.918,2.031,46.275,0,14.902,14,-0.004,0.023,OFF,ECT 5th,NA,OFF,97.614,97.702,13.333,0,Not Avl,0,0,0,0,ON,ON,0,0,1
28,0,14.198,Not Avl,Compl,Compl,Unable,OFF,Not Avl,Compl,Compl,Unable,OFF,40.625,53.906,28.125,28.750,19.531,39.551,15.686,31.765,0.781,1.582,ON,0,OFF,ON,ON,0.997,0.998,0.020,0.023,3.332,3.337,0,97,51199.219,13.945,23.922,OFF,OFF,OFF,OFF,OFF,OFF,OFF,Avail,Incmpl,Incmpl,Enable,Avail,426.700,271,426.700,271,ON,Avail,Compl,Enable,80,0,0,0,0,0,0,6,A,0,0,Avail,Incmpl,Incmpl,Enable,OFF,OFF,889,717,51199.219,51199.219,51199.219,51199.219,51199.219,51199.219,1GRFE ,33.725,Avail,Incmpl,Incmpl,Enable,7.996,OFF,OFF,OFF,OFF,ON,ON,Avail,Compl,Enable,Compl,CL,CL,Compl,Unable,Not Avl,Compl,Compl,Enable,OFF,130,15,176,ON,21.250,6.875,0.105,2337,6,21,-3,OFF,0.781,3.906,3.850,OFF,0,0,79,Avail,Compl,Enable,0,GRN2#  ,ON,0,ACTIVE,ACTIVE,0.962,0.942,0.740,0.740,61.277,56.414,Avail,Compl,Avail,Incmpl,Incmpl,Enable,OBD II (California ARB),OFF,OFF,29.761,0.500,0,1st,OFF,OFF,OFF,OFF,OFF,OFF,-1.562,-1.562,ON,OFF,650,0,OFF,OFF,OFF,ON,Gasoline,1.015,OFF,OFF,0.684,ON,0.703,14.902,11,0,0.742,0.742,2.305,0.742,0.918,2.031,46.275,0,14.902,14,-0.004,0.023,OFF,ECT 5th,NA,OFF,97.614,97.702,13.333,0,Not Avl,0,0,0,0,ON,ON,0,0,1
29,0,14.198,Not Avl,Compl,Compl,Unable,OFF,Not Avl,Compl,Compl,Unable,OFF,40.625,53.906,28.125,28.750,19.531,39.551,15.686,31.765,0.781,1.582,ON,0,OFF,ON,ON,0.998,0.998,0.020,0.023,3.332,3.337,0,97,51199.219,13.945,23.922,OFF,OFF,OFF,OFF,OFF,OFF,OFF,Avail,Incmpl,Incmpl,Enable,Avail,426.700,271,426.700,271,ON,Avail,Compl,Enable,80,0,0,0,0,0,0,6,A,0,0,Avail,Incmpl,Incmpl,Enable,OFF,OFF,889,717,51199.219,51199.219,51199.219,51199.219,51199.219,51199.219,1GRFE ,33.725,Avail,Incmpl,Incmpl,Enable,7.996,OFF,OFF,OFF,OFF,ON,ON,Avail,Compl,Enable,Compl,CL,CL,Compl,Unable,Not Avl,Compl,Compl,Enable,OFF,130,15,176,ON,21.250,6.875,0.105,2337,6,21,-3,OFF,0.781,3.906,3.850,OFF,0,0,79,Avail,Compl,Enable,0,GRN2#  ,ON,0,ACTIVE,ACTIVE,0.962,0.942,0.740,0.740,61.277,56.414,Avail,Compl,Avail,Incmpl,Incmpl,Enable,OBD II (California ARB),OFF,OFF,29.761,0.500,0,1st,OFF,OFF,OFF,OFF,OFF,OFF,-1.562,-1.562,ON,OFF,650,0,OFF,OFF,OFF,ON,Gasoline,1.015,OFF,OFF,0.684,ON,0.703,14.902,11,0,0.742,0.742,2.305,0.742,0.918,2.031,46.275,0,14.902,14,-0.004,0.023,OFF,ECT 5th,NA,OFF,97.614,97.702,13.333,0,Not Avl,0,0,0,0,ON,ON,0,0,1
30,0,14.198,Not Avl,Compl,Compl,Unable,OFF,Not Avl,Compl,Compl,Unable,OFF,40.625,53.906,28.125,28.750,19.531,39.551,15.686,31.765,0.781,1.582,ON,0,OFF,ON,ON,0.998,0.999,0.020,0.023,3.332,3.337,0,97,51199.219,13.945,23.922,OFF,OFF,OFF,OFF,OFF,OFF,OFF,Avail,Incmpl,Incmpl,Enable,Avail,426.700,271,426.700,271,ON,Avail,Compl,Enable,80,0,0,0,0,0,0,6,A,0,0,Avail,Incmpl,Incmpl,Enable,OFF,OFF,889,717,51199.219,51199.219,51199.219,51199.219,51199.219,51199.219,1GRFE ,33.725,Avail,Incmpl,Incmpl,Enable,7.996,OFF,OFF,OFF,OFF,ON,ON,Avail,Compl,Enable,Compl,CL,CL,Compl,Unable,Not Avl,Compl,Compl,Enable,OFF,130,15,176,ON,21.250,6.875,0.105,2337,6,21,-3,OFF,0.781,3.906,3.850,OFF,0,0,79,Avail,Compl,Enable,0,GRN2#  ,ON,0,ACTIVE,ACTIVE,0.962,0.942,0.740,0.740,61.277,56.414,Avail,Compl,Avail,Incmpl,Incmpl,Enable,OBD II (California ARB),OFF,OFF,29.761,0.500,0,1st,OFF,OFF,OFF,OFF,OFF,OFF,-1.562,-1.562,ON,OFF,650,0,OFF,OFF,OFF,ON,Gasoline,1.015,OFF,OFF,0.684,ON,0.703,14.902,11,0,0.742,0.742,2.305,0.742,0.918,2.031,46.275,0,14.902,14,-0.004,0.023,OFF,ECT 5th,NA,OFF,97.614,97.702,13.333,0,Not Avl,0,0,0,0,ON,ON,0,0,1
31,0,14.198,Not Avl,Compl,Compl,Unable,OFF,Not Avl,Compl,Compl,Unable,OFF,40.625,53.906,28.125,28.750,19.531,39.551,15.686,31.765,0.781,1.582,ON,0,OFF,ON,ON,0.998,0.999,0.031,0.023,3.332,3.337,0,97,51199.219,13.945,23.922,OFF,OFF,OFF,OFF,OFF,OFF,OFF,Avail,Incmpl,Incmpl,Enable,Avail,426.700,271,426.700,271,ON,Avail,Compl,Enable,80,0,0,0,0,0,0,6,A,0,0,Avail,Incmpl,Incmpl,Enable,OFF,OFF,889,717,51199.219,51199.219,51199.219,51199.219,51199.219,51199.219,1GRFE ,33.725,Avail,Incmpl,Incmpl,Enable,7.996,OFF,OFF,OFF,OFF,ON,ON,Avail,Compl,Enable,Compl,CL,CL,Compl,Unable,Not Avl,Compl,Compl,Enable,OFF,130,15,176,ON,21.250,6.875,0.105,2337,6,21,-3,OFF,0.781,3.906,3.850,OFF,0,0,79,Avail,Compl,Enable,0,GRN2#  ,ON,0,ACTIVE,ACTIVE,0.962,0.942,0.740,0.740,61.277,56.414,Avail,Compl,Avail,Incmpl,Incmpl,Enable,OBD II (California ARB),OFF,OFF,29.761,0.500,0,1st,OFF,OFF,OFF,OFF,OFF,OFF,-1.562,-1.562,ON,OFF,650,0,OFF,OFF,OFF,ON,Gasoline,1.015,OFF,OFF,0.684,ON,0.703,14.902,11,0,0.742,0.742,2.305,0.742,0.918,2.031,46.275,0,14.902,14,-0.004,0.023,OFF,ECT 5th,NA,OFF,97.614,97.702,13.333,0,Not Avl,0,0,0,0,ON,ON,0,0,1
32,0,14.198,Not Avl,Compl,Compl,Unable,OFF,Not Avl,Compl,Compl,Unable,OFF,40.625,53.906,28.125,28.750,19.531,39.551,15.686,31.765,0.781,1.582,ON,0,OFF,ON,ON,0.998,0.999,0.031,0.027,3.332,3.337,0,97,51199.219,13.945,23.922,OFF,OFF,OFF,OFF,OFF,OFF,OFF,Avail,Incmpl,Incmpl,Enable,Avail,426.700,271,426.700,271,ON,Avail,Compl,Enable,80,0,0,0,0,0,0,6,A,0,0,Avail,Incmpl,Incmpl,Enable,OFF,OFF,889,717,51199.219,51199.219,51199.219,51199.219,51199.219,51199.219,1GRFE ,33.725,Avail,Incmpl,Incmpl,Enable,7.996,OFF,OFF,OFF,OFF,ON,ON,Avail,Compl,Enable,Compl,CL,CL,Compl,Unable,Not Avl,Compl,Compl,Enable,OFF,130,15,176,ON,21.250,6.875,0.105,2337,6,21,-3,OFF,0.781,3.906,3.850,OFF,0,0,79,Avail,Compl,Enable,0,GRN2#  ,ON,0,ACTIVE,ACTIVE,0.962,0.942,0.740,0.740,61.277,56.414,Avail,Compl,Avail,Incmpl,Incmpl,Enable,OBD II (California ARB),OFF,OFF,29.761,0.500,0,1st,OFF,OFF,OFF,OFF,OFF,OFF,-1.562,-1.562,ON,OFF,650,0,OFF,OFF,OFF,ON,Gasoline,1.015,OFF,OFF,0.684,ON,0.703,14.902,11,0,0.742,0.742,2.305,0.742,0.918,2.031,46.275,0,14.902,14,-0.004,0.023,OFF,ECT 5th,NA,OFF,97.614,97.702,13.333,0,Not Avl,0,0,0,0,ON,ON,0,0,1
33,0,14.198,Not Avl,Compl,Compl,Unable,OFF,Not Avl,Compl,Compl,Unable,OFF,40.625,53.906,28.125,28.750,19.531,39.551,15.686,31.765,0.781,1.582,ON,0,OFF,ON,ON,0.998,0.999,0.031,0.027,3.357,3.337,0,97,51199.219,13.945,23.922,OFF,OFF,OFF,OFF,OFF,OFF,OFF,Avail,Incmpl,Incmpl,Enable,Avail,426.700,271,426.700,271,ON,Avail,Compl,Enable,80,0,0,0,0,0,0,6,A,0,0,Avail,Incmpl,Incmpl,Enable,OFF,OFF,889,717,51199.219,51199.219,51199.219,51199.219,51199.219,51199.219,1GRFE ,33.725,Avail,Incmpl,Incmpl,Enable,7.996,OFF,OFF,OFF,OFF,ON,ON,Avail,Compl,Enable,Compl,CL,CL,Compl,Unable,Not Avl,Compl,Compl,Enable,OFF,130,15,176,ON,21.250,6.875,0.105,2337,6,21,-3,OFF,0.781,3.906,3.850,OFF,0,0,79,Avail,Compl,Enable,0,GRN2#  ,ON,0,ACTIVE,ACTIVE,0.962,0.942,0.740,0.740,61.277,56.414,Avail,Compl,Avail,Incmpl,Incmpl,Enable,OBD II (California ARB),OFF,OFF,29.761,0.500,0,1st,OFF,OFF,OFF,OFF,OFF,OFF,-1.562,-1.562,ON,OFF,650,0,OFF,OFF,OFF,ON,Gasoline,1.015,OFF,OFF,0.684,ON,0.703,14.902,11,0,0.742,0.742,2.305,0.742,0.918,2.031,46.275,0,14.902,14,-0.004,0.023,OFF,ECT 5th,NA,OFF,97.614,97.702,13.333,0,Not Avl,0,0,0,0,ON,ON,0,0,1
34,0,14.198,Not Avl,Compl,Compl,Unable,OFF,Not Avl,Compl,Compl,Unable,OFF,40.625,53.906,28.125,28.750,19.531,39.551,15.686,31.765,0.781,1.582,ON,0,OFF,ON,ON,0.998,0.999,0.031,0.027,3.357,3.347,0,97,51199.219,13.945,23.922,OFF,OFF,OFF,OFF,OFF,OFF,OFF,Avail,Incmpl,Incmpl,Enable,Avail,426.700,271,426.700,271,ON,Avail,Compl,Enable,80,0,0,0,0,0,0,6,A,0,0,Avail,Incmpl,Incmpl,Enable,OFF,OFF,889,717,51199.219,51199.219,51199.219,51199.219,51199.219,51199.219,1GRFE ,33.725,Avail,Incmpl,Incmpl,Enable,7.996,OFF,OFF,OFF,OFF,ON,ON,Avail,Compl,Enable,Compl,CL,CL,Compl,Unable,Not Avl,Compl,Compl,Enable,OFF,130,15,176,ON,21.250,6.875,0.105,2337,6,21,-3,OFF,0.781,3.906,3.850,OFF,0,0,79,Avail,Compl,Enable,0,GRN2#  ,ON,0,ACTIVE,ACTIVE,0.962,0.942,0.740,0.740,61.277,56.414,Avail,Compl,Avail,Incmpl,Incmpl,Enable,OBD II (California ARB),OFF,OFF,29.761,0.500,0,1st,OFF,OFF,OFF,OFF,OFF,OFF,-1.562,-1.562,ON,OFF,650,0,OFF,OFF,OFF,ON,Gasoline,1.015,OFF,OFF,0.684,ON,0.703,14.902,11,0,0.742,0.742,2.305,0.742,0.918,2.031,46.275,0,14.902,14,-0.004,0.023,OFF,ECT 5th,NA,OFF,97.614,97.702,13.333,0,Not Avl,0,0,0,0,ON,ON,0,0,1
35,0,14.198,Not Avl,Compl,Compl,Unable,OFF,Not Avl,Compl,Compl,Unable,OFF,40.625,53.906,28.125,28.750,19.531,39.551,15.686,31.765,0.781,1.582,ON,0,OFF,ON,ON,0.998,0.999,0.031,0.027,3.357,3.347,0,97,51199.219,13.945,23.922,OFF,OFF,OFF,OFF,OFF,OFF,OFF,Avail,Incmpl,Incmpl,Enable,Avail,426.700,271,426.700,271,ON,Avail,Compl,Enable,80,0,0,0,0,0,0,6,A,0,0,Avail,Incmpl,Incmpl,Enable,OFF,OFF,889,717,51199.219,51199.219,51199.219,51199.219,51199.219,51199.219,1GRFE ,33.725,Avail,Incmpl,Incmpl,Enable,7.996,OFF,OFF,OFF,OFF,ON,ON,Avail,Compl,Enable,Compl,CL,CL,Compl,Unable,Not Avl,Compl,Compl,Enable,OFF,130,15,176,ON,21.250,6.875,0.105,2337,6,21,-3,OFF,0.781,3.906,3.850,OFF,0,0,79,Avail,Compl,Enable,0,GRN2#  ,ON,0,ACTIVE,ACTIVE,0.962,0.942,0.740,0.740,61.277,56.414,Avail,Compl,Avail,Incmpl,Incmpl,Enable,OBD II (California ARB),OFF,OFF,29.761,0.500,0,1st,OFF,OFF,OFF,OFF,OFF,OFF,-1.562,-1.562,ON,OFF,650,0,OFF,OFF,OFF,ON,Gasoline,1.015,OFF,OFF,0.684,ON,0.703,14.902,11,0,0.742,0.742,2.305,0.742,0.918,2.031,46.275,0,14.902,14,-0.004,0.023,OFF,ECT 5th,NA,OFF,97.614,97.702,13.333,0,Not Avl,0,0,0,0,ON,ON,0,0,1
36,0,14.198,Not Avl,Compl,Compl,Unable,OFF,Not Avl,Compl,Compl,Unable,OFF,40.625,53.906,28.125,28.750,19.531,39.551,15.686,31.765,0.781,1.582,ON,0,OFF,ON,ON,0.998,0.999,0.031,0.027,3.357,3.347,0,97,51199.219,13.945,23.922,OFF,OFF,OFF,OFF,OFF,OFF,OFF,Avail,Incmpl,Incmpl,Enable,Avail,426.700,271,426.700,271,ON,Avail,Compl,Enable,80,0,0,0,0,0,0,6,A,0,0,Avail,Incmpl,Incmpl,Enable,OFF,OFF,889,717,51199.219,51199.219,51199.219,51199.219,51199.219,51199.219,1GRFE ,33.725,Avail,Incmpl,Incmpl,Enable,7.996,OFF,OFF,OFF,OFF,ON,ON,Avail,Compl,Enable,Compl,CL,CL,Compl,Unable,Not Avl,Compl,Compl,Enable,OFF,130,15,176,ON,21.250,6.875,0.105,2337,6,21,-3,OFF,0.781,3.906,3.850,OFF,0,0,79,Avail,Compl,Enable,0,GRN2#  ,ON,0,ACTIVE,ACTIVE,0.962,0.942,0.740,0.740,61.277,56.414,Avail,Compl,Avail,Incmpl,Incmpl,Enable,OBD II (California ARB),OFF,OFF,29.761,0.500,0,1st,OFF,OFF,OFF,OFF,OFF,OFF,-1.562,-1.562,ON,OFF,650,0,OFF,OFF,OFF,ON,Gasoline,1.015,OFF,OFF,0.684,ON,0.703,14.902,11,0,0.742,0.742,2.305,0.742,0.918,2.031,46.275,0,14.902,14,-0.004,0.023,OFF,ECT 5th,NA,OFF,97.614,97.702,13.333,0,Not Avl,0,0,0,0,ON,ON,0,0,1
37,0,14.198,Not Avl,Compl,Compl,Unable,OFF,Not Avl,Compl,Compl,Unable,OFF,40.625,53.906,28.125,28.750,19.531,39.551,15.686,31.765,0.781,1.582,ON,0,OFF,ON,ON,0.998,0.999,0.031,0.027,3.357,3.347,0,97,51199.219,13.945,23.922,OFF,OFF,OFF,OFF,OFF,OFF,OFF,Avail,Incmpl,Incmpl,Enable,Avail,426.700,271,426.700,271,ON,Avail,Compl,Enable,80,0,0,0,0,0,0,6,A,0,0,Avail,Incmpl,Incmpl,Enable,OFF,OFF,889,717,51199.219,51199.219,51199.219,51199.219,51199.219,51199.219,1GRFE ,33.725,Avail,Incmpl,Incmpl,Enable,7.996,OFF,OFF,OFF,OFF,ON,ON,Avail,Compl,Enable,Compl,CL,CL,Compl,Unable,Not Avl,Compl,Compl,Enable,OFF,130,15,176,ON,21.250,6.875,0.105,2337,6,21,-3,OFF,0.781,3.906,3.850,OFF,0,0,79,Avail,Compl,Enable,0,GRN2#  ,ON,0,ACTIVE,ACTIVE,0.962,0.942,0.740,0.740,61.277,56.414,Avail,Compl,Avail,Incmpl,Incmpl,Enable,OBD II (California ARB),OFF,OFF,29.761,0.500,0,1st,OFF,OFF,OFF,OFF,OFF,OFF,-1.562,-1.562,ON,OFF,650,0,OFF,OFF,OFF,ON,Gasoline,1.015,OFF,OFF,0.684,ON,0.703,14.902,11,0,0.742,0.742,2.305,0.742,0.918,2.031,46.275,0,14.902,14,-0.004,0.023,OFF,ECT 5th,NA,OFF,97.614,97.702,13.333,0,Not Avl,0,0,0,0,ON,ON,0,0,1
38,0,14.198,Not Avl,Compl,Compl,Unable,OFF,Not Avl,Compl,Compl,Unable,OFF,40.625,53.906,28.125,28.750,19.531,39.551,15.686,31.765,0.781,1.582,ON,0,OFF,ON,ON,0.998,0.999,0.031,0.027,3.357,3.347,0,97,51199.219,13.925,23.922,OFF,OFF,OFF,OFF,OFF,OFF,OFF,Avail,Incmpl,Incmpl,Enable,Avail,426.700,271,426.700,271,ON,Avail,Compl,Enable,80,0,0,0,0,0,0,6,A,0,0,Avail,Incmpl,Incmpl,Enable,OFF,OFF,889,717,51199.219,51199.219,51199.219,51199.219,51199.219,51199.219,1GRFE ,33.725,Avail,Incmpl,Incmpl,Enable,7.996,OFF,OFF,OFF,OFF,ON,ON,Avail,Compl,Enable,Compl,CL,CL,Compl,Unable,Not Avl,Compl,Compl,Enable,OFF,130,15,176,ON,21.250,6.875,0.105,2337,6,21,-3,OFF,0.781,3.906,3.850,OFF,0,0,79,Avail,Compl,Enable,0,GRN2#  ,ON,0,ACTIVE,ACTIVE,0.962,0.942,0.740,0.740,61.277,56.414,Avail,Compl,Avail,Incmpl,Incmpl,Enable,OBD II (California ARB),OFF,OFF,29.761,0.500,0,1st,OFF,OFF,OFF,OFF,OFF,OFF,-1.562,-1.562,ON,OFF,650,0,OFF,OFF,OFF,ON,Gasoline,1.015,OFF,OFF,0.684,ON,0.703,14.902,11,0,0.742,0.742,2.305,0.742,0.918,2.031,46.275,0,14.902,14,-0.004,0.023,OFF,ECT 5th,NA,OFF,97.614,97.702,13.333,0,Not Avl,0,0,0,0,ON,ON,0,0,1
39,0,14.198,Not Avl,Compl,Compl,Unable,OFF,Not Avl,Compl,Compl,Unable,OFF,40.625,53.906,28.125,28.750,19.531,39.551,15.686,31.765,0.781,1.582,ON,0,OFF,ON,ON,0.998,0.999,0.031,0.027,3.357,3.347,0,97,51199.219,13.925,24.314,OFF,OFF,OFF,OFF,OFF,OFF,OFF,Avail,Incmpl,Incmpl,Enable,Avail,426.700,271,426.700,271,ON,Avail,Compl,Enable,80,0,0,0,0,0,0,6,A,0,0,Avail,Incmpl,Incmpl,Enable,OFF,OFF,889,717,51199.219,51199.219,51199.219,51199.219,51199.219,51199.219,1GRFE ,33.725,Avail,Incmpl,Incmpl,Enable,7.996,OFF,OFF,OFF,OFF,ON,ON,Avail,Compl,Enable,Compl,CL,CL,Compl,Unable,Not Avl,Compl,Compl,Enable,OFF,130,15,176,ON,21.250,6.875,0.105,2337,6,21,-3,OFF,0.781,3.906,3.850,OFF,0,0,79,Avail,Compl,Enable,0,GRN2#  ,ON,0,ACTIVE,ACTIVE,0.962,0.942,0.740,0.740,61.277,56.414,Avail,Compl,Avail,Incmpl,Incmpl,Enable,OBD II (California ARB),OFF,OFF,29.761,0.500,0,1st,OFF,OFF,OFF,OFF,OFF,OFF,-1.562,-1.562,ON,OFF,650,0,OFF,OFF,OFF,ON,Gasoline,1.015,OFF,OFF,0.684,ON,0.703,14.902,11,0,0.742,0.742,2.305,0.742,0.918,2.031,46.275,0,14.902,14,-0.004,0.023,OFF,ECT 5th,NA,OFF,97.614,97.702,13.333,0,Not Avl,0,0,0,0,ON,ON,0,0,1
40,0,14.198,Not Avl,Compl,Compl,Unable,OFF,Not Avl,Compl,Compl,Unable,OFF,40.625,53.906,28.125,28.750,19.531,39.551,15.686,31.765,0.781,1.582,ON,0,OFF,ON,ON,0.998,0.999,0.031,0.027,3.357,3.347,0,97,51199.219,13.925,24.314,OFF,OFF,OFF,OFF,OFF,OFF,OFF,Avail,Incmpl,Incmpl,Enable,Avail,426.700,271,426.700,271,ON,Avail,Compl,Enable,80,0,0,0,0,0,0,6,A,0,0,Avail,Incmpl,Incmpl,Enable,OFF,OFF,889,717,51199.219,51199.219,51199.219,51199.219,51199.219,51199.219,1GRFE ,33.725,Avail,Incmpl,Incmpl,Enable,7.996,OFF,OFF,OFF,OFF,ON,ON,Avail,Compl,Enable,Compl,CL,CL,Compl,Unable,Not Avl,Compl,Compl,Enable,OFF,130,15,176,ON,21.250,6.875,0.105,2337,6,21,-3,OFF,0.781,3.906,3.850,OFF,0,0,79,Avail,Compl,Enable,0,GRN2#  ,ON,0,ACTIVE,ACTIVE,0.962,0.942,0.740,0.740,61.277,56.414,Avail,Compl,Avail,Incmpl,Incmpl,Enable,OBD II (California ARB),OFF,OFF,29.761,0.500,0,1st,OFF,OFF,OFF,OFF,OFF,OFF,-1.562,-1.562,ON,OFF,650,0,OFF,OFF,OFF,ON,Gasoline,1.015,OFF,OFF,0.684,ON,0.703,14.902,11,0,0.742,0.742,2.305,0.742,0.918,2.031,46.275,0,14.902,14,-0.004,0.023,OFF,ECT 5th,NA,OFF,97.614,97.702,13.333,0,Not Avl,0,0,0,0,ON,ON,0,0,1
41,0,14.198,Not Avl,Compl,Compl,Unable,OFF,Not Avl,Compl,Compl,Unable,OFF,40.625,53.906,28.125,28.750,19.531,39.551,15.686,31.765,0.781,1.582,ON,0,OFF,ON,ON,0.998,0.999,0.031,0.027,3.357,3.347,0,97,51199.219,13.925,24.314,OFF,OFF,OFF,OFF,OFF,OFF,OFF,Avail,Incmpl,Incmpl,Enable,Avail,426.700,271,426.700,271,ON,Avail,Compl,Enable,80,0,0,0,0,0,0,6,A,0,0,Avail,Incmpl,Incmpl,Enable,OFF,OFF,889,717,51199.219,51199.219,51199.219,51199.219,51199.219,51199.219,1GRFE ,33.725,Avail,Incmpl,Incmpl,Enable,7.996,OFF,OFF,OFF,OFF,ON,ON,Avail,Compl,Enable,Compl,CL,CL,Compl,Unable,Not Avl,Compl,Compl,Enable,OFF,130,15,176,ON,21.250,6.875,0.105,2337,6,21,-3,OFF,0.781,3.906,3.850,OFF,0,0,79,Avail,Compl,Enable,0,GRN2#  ,ON,0,ACTIVE,ACTIVE,0.962,0.942,0.740,0.740,61.277,56.414,Avail,Compl,Avail,Incmpl,Incmpl,Enable,OBD II (California ARB),OFF,OFF,29.761,0.500,0,1st,OFF,OFF,OFF,OFF,OFF,OFF,-1.562,-1.562,ON,OFF,650,0,OFF,OFF,OFF,ON,Gasoline,1.015,OFF,OFF,0.684,ON,0.703,14.902,11,0,0.742,0.742,2.305,0.742,0.918,2.031,46.275,0,14.902,14,-0.004,0.023,OFF,ECT 5th,NA,OFF,97.614,97.702,13.333,0,Not Avl,0,0,0,0,ON,ON,0,0,1
42,0,14.198,Not Avl,Compl,Compl,Unable,OFF,Not Avl,Compl,Compl,Unable,OFF,40.625,53.906,28.125,28.750,19.531,39.551,15.686,31.765,0.781,1.582,ON,0,OFF,ON,ON,0.998,0.999,0.031,0.027,3.357,3.347,0,97,51199.219,13.925,24.314,OFF,OFF,OFF,OFF,OFF,OFF,OFF,Avail,Incmpl,Incmpl,Enable,Avail,426.700,271,426.700,271,ON,Avail,Compl,Enable,80,0,0,0,0,0,0,6,A,0,0,Avail,Incmpl,Incmpl,Enable,OFF,OFF,889,717,51199.219,51199.219,51199.219,51199.219,51199.219,51199.219,1GRFE ,33.725,Avail,Incmpl,Incmpl,Enable,7.996,OFF,OFF,OFF,OFF,ON,ON,Avail,Compl,Enable,Compl,CL,CL,Compl,Unable,Not Avl,Compl,Compl,Enable,OFF,130,15,176,ON,21.250,6.875,0.105,2337,6,21,-3,OFF,0.781,3.906,3.850,OFF,0,0,79,Avail,Compl,Enable,0,GRN2#  ,ON,0,ACTIVE,ACTIVE,0.962,0.942,0.740,0.740,61.277,56.414,Avail,Compl,Avail,Incmpl,Incmpl,Enable,OBD II (California ARB),OFF,OFF,29.761,0.500,0,1st,OFF,OFF,OFF,OFF,OFF,OFF,-1.562,-1.562,ON,OFF,650,0,OFF,OFF,OFF,ON,Gasoline,1.015,OFF,OFF,0.684,ON,0.703,14.902,11,0,0.742,0.742,2.305,0.742,0.918,2.031,46.275,0,14.902,14,-0.004,0.023,OFF,ECT 5th,NA,OFF,97.614,97.702,13.333,0,Not Avl,0,0,0,0,ON,ON,0,0,1
43,0,14.198,Not Avl,Compl,Compl,Unable,OFF,Not Avl,Compl,Compl,Unable,OFF,40.625,53.906,28.125,28.750,19.531,39.551,15.686,31.765,0.781,1.582,ON,0,OFF,ON,ON,0.998,0.999,0.031,0.027,3.357,3.347,0,97,51199.219,13.925,24.314,OFF,OFF,OFF,OFF,OFF,OFF,OFF,Avail,Incmpl,Incmpl,Enable,Avail,426.700,271,426.700,271,ON,Avail,Compl,Enable,80,0,0,0,0,0,0,6,A,0,0,Avail,Incmpl,Incmpl,Enable,OFF,OFF,889,717,51199.219,51199.219,51199.219,51199.219,51199.219,51199.219,1GRFE ,33.725,Avail,Incmpl,Incmpl,Enable,7.996,OFF,OFF,OFF,OFF,ON,ON,Avail,Compl,Enable,Compl,CL,CL,Compl,Unable,Not Avl,Compl,Compl,Enable,OFF,130,15,176,ON,21.250,6.875,0.105,2337,6,21,-3,OFF,0.781,3.906,3.850,OFF,0,0,79,Avail,Compl,Enable,0,GRN2#  ,ON,0,ACTIVE,ACTIVE,0.962,0.942,0.740,0.740,61.277,56.414,Avail,Compl,Avail,Incmpl,Incmpl,Enable,OBD II (California ARB),OFF,OFF,29.761,0.500,0,1st,OFF,OFF,OFF,OFF,OFF,OFF,-1.562,-1.562,ON,OFF,650,0,OFF,OFF,OFF,ON,Gasoline,1.015,OFF,OFF,0.684,ON,0.703,14.902,11,0,0.742,0.742,2.305,0.742,0.918,2.031,46.275,0,14.902,14,-0.004,0.023,OFF,ECT 5th,NA,OFF,97.614,97.702,13.333,0,Not Avl,0,0,0,0,ON,ON,0,0,1
44,0,14.198,Not Avl,Compl,Compl,Unable,OFF,Not Avl,Compl,Compl,Unable,OFF,40.625,53.906,28.125,28.750,19.531,39.551,15.686,31.765,0.781,1.582,ON,0,OFF,ON,ON,0.998,0.999,0.031,0.027,3.357,3.347,0,97,51199.219,13.925,24.314,OFF,OFF,OFF,OFF,OFF,OFF,OFF,Avail,Incmpl,Incmpl,Enable,Avail,426.700,271,426.700,271,ON,Avail,Compl,Enable,80,0,0,0,0,0,0,6,A,0,0,Avail,Incmpl,Incmpl,Enable,OFF,OFF,889,717,51199.219,51199.219,51199.219,51199.219,51199.219,51199.219,1GRFE ,33.725,Avail,Incmpl,Incmpl,Enable,7.996,OFF,OFF,OFF,OFF,ON,ON,Avail,Compl,Enable,Compl,CL,CL,Compl,Unable,Not Avl,Compl,Compl,Enable,OFF,130,15,176,ON,21.250,6.875,0.105,2337,6,21,-3,OFF,0.781,3.906,3.850,OFF,0,0,79,Avail,Compl,Enable,0,GRN2#  ,ON,0,ACTIVE,ACTIVE,0.962,0.942,0.740,0.740,61.277,56.414,Avail,Compl,Avail,Incmpl,Incmpl,Enable,OBD II (California ARB),OFF,OFF,29.761,0.500,0,1st,OFF,OFF,OFF,OFF,OFF,OFF,-1.562,-1.562,ON,OFF,650,0,OFF,OFF,OFF,ON,Gasoline,1.015,OFF,OFF,0.684,ON,0.703,14.902,11,0,0.742,0.742,2.305,0.742,0.918,2.031,46.275,0,14.902,14,-0.004,0.023,OFF,ECT 5th,NA,OFF,97.614,97.702,13.333,0,Not Avl,0,0,0,0,ON,ON,0,0,1
45,0,14.198,Not Avl,Compl,Compl,Unable,OFF,Not Avl,Compl,Compl,Unable,OFF,40.625,53.906,28.125,28.750,19.531,39.551,15.686,31.765,0.781,1.582,ON,0,OFF,ON,ON,0.998,0.999,0.031,0.027,3.357,3.347,0,97,51199.219,13.925,24.314,OFF,OFF,OFF,OFF,OFF,OFF,OFF,Avail,Incmpl,Incmpl,Enable,Avail,426.700,271,426.700,271,ON,Avail,Compl,Enable,80,0,0,0,0,0,0,6,A,0,0,Avail,Incmpl,Incmpl,Enable,OFF,OFF,889,717,51199.219,51199.219,51199.219,51199.219,51199.219,51199.219,1GRFE ,33.725,Avail,Incmpl,Incmpl,Enable,7.996,OFF,OFF,OFF,OFF,ON,ON,Avail,Compl,Enable,Compl,CL,CL,Compl,Unable,Not Avl,Compl,Compl,Enable,OFF,130,15,176,ON,21.250,6.875,0.105,2337,6,21,-3,OFF,0.781,3.906,3.850,OFF,0,0,79,Avail,Compl,Enable,0,GRN2#  ,ON,0,ACTIVE,ACTIVE,0.962,0.942,0.740,0.740,61.277,56.414,Avail,Compl,Avail,Incmpl,Incmpl,Enable,OBD II (California ARB),OFF,OFF,29.761,0.500,0,1st,OFF,OFF,OFF,OFF,OFF,OFF,-1.562,-1.562,ON,OFF,650,0,OFF,OFF,OFF,ON,Gasoline,1.015,OFF,OFF,0.684,ON,0.703,14.902,11,0,0.742,0.742,2.305,0.742,0.918,2.031,46.275,0,14.902,14,-0.004,0.023,OFF,ECT 5th,NA,OFF,97.614,97.702,13.333,0,Not Avl,0,0,0,0,ON,ON,0,0,1
46,0,14.198,Not Avl,Compl,Compl,Unable,OFF,Not Avl,Compl,Compl,Unable,OFF,40.625,53.906,28.125,28.750,19.531,39.551,15.686,31.765,0.781,1.582,ON,0,OFF,ON,ON,0.998,0.999,0.031,0.027,3.357,3.347,0,97,51199.219,13.925,24.314,OFF,OFF,OFF,OFF,OFF,OFF,OFF,Avail,Incmpl,Incmpl,Enable,Avail,426.700,271,426.700,271,ON,Avail,Compl,Enable,80,0,0,0,0,0,0,6,A,0,0,Avail,Incmpl,Incmpl,Enable,OFF,OFF,889,717,51199.219,51199.219,51199.219,51199.219,51199.219,51199.219,1GRFE ,33.725,Avail,Incmpl,Incmpl,Enable,7.996,OFF,OFF,OFF,OFF,ON,ON,Avail,Compl,Enable,Compl,CL,CL,Compl,Unable,Not Avl,Compl,Compl,Enable,OFF,130,15,176,ON,21.250,6.875,0.105,2337,6,21,-3,OFF,0.781,3.906,3.850,OFF,0,0,79,Avail,Compl,Enable,0,GRN2#  ,ON,0,ACTIVE,ACTIVE,0.962,0.942,0.740,0.740,61.277,56.414,Avail,Compl,Avail,Incmpl,Incmpl,Enable,OBD II (California ARB),OFF,OFF,29.761,0.500,0,1st,OFF,OFF,OFF,OFF,OFF,OFF,-1.562,-1.562,ON,OFF,650,0,OFF,OFF,OFF,ON,Gasoline,1.015,OFF,OFF,0.684,ON,0.703,14.902,11,0,0.742,0.742,2.305,0.742,0.918,2.031,46.275,0,14.902,14,-0.004,0.023,OFF,ECT 5th,NA,OFF,97.614,97.702,13.333,0,Not Avl,0,0,0,0,ON,ON,0,0,1
47,0,14.198,Not Avl,Compl,Compl,Unable,OFF,Not Avl,Compl,Compl,Unable,OFF,40.625,53.906,28.125,28.750,19.531,39.551,15.686,31.765,0.781,1.582,ON,0,OFF,ON,ON,0.998,0.999,0.031,0.027,3.357,3.347,0,97,51199.219,13.925,24.314,OFF,OFF,OFF,OFF,OFF,OFF,OFF,Avail,Incmpl,Incmpl,Enable,Avail,426.700,271,426.700,271,ON,Avail,Compl,Enable,80,0,0,0,0,0,0,6,A,0,0,Avail,Incmpl,Incmpl,Enable,OFF,OFF,889,717,51199.219,51199.219,51199.219,51199.219,51199.219,51199.219,1GRFE ,33.725,Avail,Incmpl,Incmpl,Enable,7.996,OFF,OFF,OFF,OFF,ON,ON,Avail,Compl,Enable,Compl,CL,CL,Compl,Unable,Not Avl,Compl,Compl,Enable,OFF,130,15,176,ON,21.250,6.875,0.105,2337,6,21,-3,OFF,0.781,3.906,3.850,OFF,0,0,79,Avail,Compl,Enable,0,GRN2#  ,ON,0,ACTIVE,ACTIVE,0.962,0.942,0.740,0.740,61.277,56.414,Avail,Compl,Avail,Incmpl,Incmpl,Enable,OBD II (California ARB),OFF,OFF,29.761,0.500,0,1st,OFF,OFF,OFF,OFF,OFF,OFF,-1.562,-1.562,ON,OFF,650,0,OFF,OFF,OFF,ON,Gasoline,1.015,OFF,OFF,0.684,ON,0.703,14.902,11,0,0.742,0.742,2.305,0.742,0.918,2.031,46.275,0,14.902,14,-0.004,0.023,OFF,ECT 5th,NA,OFF,97.614,97.702,13.333,0,Not Avl,0,0,0,0,ON,ON,0,0,1
48,0,14.198,Not Avl,Compl,Compl,Unable,OFF,Not Avl,Compl,Compl,Unable,OFF,40.625,53.906,28.125,28.750,19.531,39.551,15.686,31.765,0.781,1.582,ON,0,OFF,ON,ON,0.998,0.999,0.031,0.027,3.357,3.347,0,97,51199.219,13.925,24.314,OFF,OFF,OFF,OFF,OFF,OFF,OFF,Avail,Incmpl,Incmpl,Enable,Avail,426.700,271,426.700,271,ON,Avail,Compl,Enable,80,0,0,0,0,0,0,6,A,0,0,Avail,Incmpl,Incmpl,Enable,OFF,OFF,889,717,51199.219,51199.219,51199.219,51199.219,51199.219,51199.219,1GRFE ,33.725,Avail,Incmpl,Incmpl,Enable,7.996,OFF,OFF,OFF,OFF,ON,ON,Avail,Compl,Enable,Compl,CL,CL,Compl,Unable,Not Avl,Compl,Compl,Enable,OFF,130,15,176,ON,21.250,6.875,0.105,2337,6,21,-3,OFF,0.781,3.906,3.850,OFF,0,0,79,Avail,Compl,Enable,0,GRN2#  ,ON,0,ACTIVE,ACTIVE,0.962,0.942,0.740,0.740,61.277,56.414,Avail,Compl,Avail,Incmpl,Incmpl,Enable,OBD II (California ARB),OFF,OFF,29.761,0.500,0,1st,OFF,OFF,OFF,OFF,OFF,OFF,-1.562,-1.562,ON,OFF,650,0,OFF,OFF,OFF,ON,Gasoline,1.015,OFF,OFF,0.684,ON,0.703,14.902,11,0,0.742,0.742,2.305,0.742,0.918,2.031,46.275,0,14.902,14,-0.004,0.023,OFF,ECT 5th,NA,OFF,97.614,97.702,13.333,0,Not Avl,0,0,0,0,ON,ON,0,0,1
49,0,14.198,Not Avl,Compl,Compl,Unable,OFF,Not Avl,Compl,Compl,Unable,OFF,40.625,53.906,28.125,28.750,19.531,39.551,15.686,31.765,0.781,1.582,ON,0,OFF,ON,ON,0.998,0.999,0.031,0.027,3.357,3.347,0,97,51199.219,13.925,24.314,OFF,OFF,OFF,OFF,OFF,OFF,OFF,Avail,Incmpl,Incmpl,Enable,Avail,426.700,271,426.700,271,ON,Avail,Compl,Enable,80,0,0,0,0,0,0,6,A,0,0,Avail,Incmpl,Incmpl,Enable,OFF,OFF,889,717,51199.219,51199.219,51199.219,51199.219,51199.219,51199.219,1GRFE ,33.725,Avail,Incmpl,Incmpl,Enable,7.996,OFF,OFF,OFF,OFF,ON,ON,Avail,Compl,Enable,Compl,CL,CL,Compl,Unable,Not Avl,Compl,Compl,Enable,OFF,130,15,176,ON,21.250,6.875,0.105,2337,6,21,-3,OFF,0.781,3.906,3.850,OFF,0,0,79,Avail,Compl,Enable,0,GRN2#  ,ON,0,ACTIVE,ACTIVE,0.962,0.942,0.740,0.740,61.277,56.414,Avail,Compl,Avail,Incmpl,Incmpl,Enable,OBD II (California ARB),OFF,OFF,29.761,0.500,0,1st,OFF,OFF,OFF,OFF,OFF,OFF,-1.562,-1.562,ON,OFF,650,0,OFF,OFF,OFF,ON,Gasoline,1.015,OFF,OFF,0.684,ON,0.703,14.902,11,0,0.742,0.742,2.305,0.742,0.918,2.031,46.275,0,14.902,14,-0.004,0.023,OFF,ECT 5th,NA,OFF,97.614,97.702,13.333,0,Not Avl,0,0,0,0,ON,ON,0,0,1
50,0,14.198,Not Avl,Compl,Compl,Unable,OFF,Not Avl,Compl,Compl,Unable,OFF,40.625,53.906,28.125,28.750,19.531,39.551,15.686,31.765,0.781,1.582,ON,0,OFF,ON,ON,0.998,0.999,0.031,0.027,3.357,3.347,0,97,51199.219,13.925,24.314,OFF,OFF,OFF,OFF,OFF,OFF,OFF,Avail,Incmpl,Incmpl,Enable,Avail,426.700,271,426.700,271,ON,Avail,Compl,Enable,80,0,0,0,0,0,0,6,A,0,0,Avail,Incmpl,Incmpl,Enable,OFF,OFF,889,717,51199.219,51199.219,51199.219,51199.219,51199.219,51199.219,1GRFE ,33.725,Avail,Incmpl,Incmpl,Enable,7.996,OFF,OFF,OFF,OFF,ON,ON,Avail,Compl,Enable,Compl,CL,CL,Compl,Unable,Not Avl,Compl,Compl,Enable,OFF,130,15,176,ON,21.250,6.875,0.105,2337,6,21,-3,OFF,0.781,3.906,3.850,OFF,0,0,79,Avail,Compl,Enable,0,GRN2#  ,ON,0,ACTIVE,ACTIVE,0.962,0.942,0.740,0.740,61.277,56.414,Avail,Compl,Avail,Incmpl,Incmpl,Enable,OBD II (California ARB),OFF,OFF,29.761,0.500,0,1st,OFF,OFF,OFF,OFF,OFF,OFF,-1.562,-1.562,ON,OFF,650,0,OFF,OFF,OFF,ON,Gasoline,1.015,OFF,OFF,0.684,ON,0.703,14.902,11,0,0.742,0.742,2.305,0.742,0.918,2.031,46.275,0,14.902,14,-0.004,0.023,OFF,ECT 5th,NA,OFF,97.614,97.702,13.333,0,Not Avl,0,0,0,0,ON,ON,0,0,1
51,0,14.198,Not Avl,Compl,Compl,Unable,OFF,Not Avl,Compl,Compl,Unable,OFF,40.625,53.906,28.125,28.750,19.531,39.551,15.686,31.765,0.781,1.582,ON,0,OFF,ON,ON,0.998,0.999,0.031,0.027,3.357,3.347,0,97,51199.219,13.925,24.314,OFF,OFF,OFF,OFF,OFF,OFF,OFF,Avail,Incmpl,Incmpl,Enable,Avail,426.700,271,426.700,271,ON,Avail,Compl,Enable,80,0,0,0,0,0,0,6,A,0,0,Avail,Incmpl,Incmpl,Enable,OFF,OFF,889,717,51199.219,51199.219,51199.219,51199.219,51199.219,51199.219,1GRFE ,33.725,Avail,Incmpl,Incmpl,Enable,7.996,OFF,OFF,OFF,OFF,ON,ON,Avail,Compl,Enable,Compl,CL,CL,Compl,Unable,Not Avl,Compl,Compl,Enable,OFF,130,15,176,ON,21.250,6.875,0.105,2337,6,21,-3,OFF,0.781,3.906,3.850,OFF,0,0,79,Avail,Compl,Enable,0,GRN2#  ,ON,0,ACTIVE,ACTIVE,0.962,0.942,0.740,0.740,61.277,56.414,Avail,Compl,Avail,Incmpl,Incmpl,Enable,OBD II (California ARB),OFF,OFF,29.761,0.500,0,1st,OFF,OFF,OFF,OFF,OFF,OFF,-1.562,-1.562,ON,OFF,650,0,OFF,OFF,OFF,ON,Gasoline,1.015,OFF,OFF,0.684,ON,0.703,14.902,11,0,0.742,0.742,2.305,0.742,0.918,2.031,46.275,0,14.902,14,-0.004,0.023,OFF,ECT 5th,NA,OFF,97.614,97.702,13.333,0,Not Avl,0,0,0,0,ON,ON,0,0,1
52,0,14.198,Not Avl,Compl,Compl,Unable,OFF,Not Avl,Compl,Compl,Unable,OFF,40.625,53.906,28.125,28.750,19.531,39.551,15.686,31.765,0.781,1.582,ON,0,OFF,ON,ON,0.998,0.999,0.031,0.027,3.357,3.347,0,97,51199.219,13.925,24.314,OFF,OFF,OFF,OFF,OFF,OFF,OFF,Avail,Incmpl,Incmpl,Enable,Avail,422.600,271,426.700,271,ON,Avail,Compl,Enable,80,0,0,0,0,0,0,6,A,0,0,Avail,Incmpl,Incmpl,Enable,OFF,OFF,889,717,51199.219,51199.219,51199.219,51199.219,51199.219,51199.219,1GRFE ,33.725,Avail,Incmpl,Incmpl,Enable,7.996,OFF,OFF,OFF,OFF,ON,ON,Avail,Compl,Enable,Compl,CL,CL,Compl,Unable,Not Avl,Compl,Compl,Enable,OFF,130,15,176,ON,21.250,6.875,0.105,2337,6,21,-3,OFF,0.781,3.906,3.850,OFF,0,0,79,Avail,Compl,Enable,0,GRN2#  ,ON,0,ACTIVE,ACTIVE,0.962,0.942,0.740,0.740,61.277,56.414,Avail,Compl,Avail,Incmpl,Incmpl,Enable,OBD II (California ARB),OFF,OFF,29.761,0.500,0,1st,OFF,OFF,OFF,OFF,OFF,OFF,-1.562,-1.562,ON,OFF,650,0,OFF,OFF,OFF,ON,Gasoline,1.015,OFF,OFF,0.684,ON,0.703,14.902,11,0,0.742,0.742,2.305,0.742,0.918,2.031,46.275,0,14.902,14,-0.004,0.023,OFF,ECT 5th,NA,OFF,97.614,97.702,13.333,0,Not Avl,0,0,0,0,ON,ON,0,0,1
53,0,14.198,Not Avl,Compl,Compl,Unable,OFF,Not Avl,Compl,Compl,Unable,OFF,40.625,53.906,28.125,28.750,19.531,39.551,15.686,31.765,0.781,1.582,ON,0,OFF,ON,ON,0.998,0.999,0.031,0.027,3.357,3.347,0,97,51199.219,13.925,24.314,OFF,OFF,OFF,OFF,OFF,OFF,OFF,Avail,Incmpl,Incmpl,Enable,Avail,422.600,267.700,426.700,271,ON,Avail,Compl,Enable,80,0,0,0,0,0,0,6,A,0,0,Avail,Incmpl,Incmpl,Enable,OFF,OFF,889,717,51199.219,51199.219,51199.219,51199.219,51199.219,51199.219,1GRFE ,33.725,Avail,Incmpl,Incmpl,Enable,7.996,OFF,OFF,OFF,OFF,ON,ON,Avail,Compl,Enable,Compl,CL,CL,Compl,Unable,Not Avl,Compl,Compl,Enable,OFF,130,15,176,ON,21.250,6.875,0.105,2337,6,21,-3,OFF,0.781,3.906,3.850,OFF,0,0,79,Avail,Compl,Enable,0,GRN2#  ,ON,0,ACTIVE,ACTIVE,0.962,0.942,0.740,0.740,61.277,56.414,Avail,Compl,Avail,Incmpl,Incmpl,Enable,OBD II (California ARB),OFF,OFF,29.761,0.500,0,1st,OFF,OFF,OFF,OFF,OFF,OFF,-1.562,-1.562,ON,OFF,650,0,OFF,OFF,OFF,ON,Gasoline,1.015,OFF,OFF,0.684,ON,0.703,14.902,11,0,0.742,0.742,2.305,0.742,0.918,2.031,46.275,0,14.902,14,-0.004,0.023,OFF,ECT 5th,NA,OFF,97.614,97.702,13.333,0,Not Avl,0,0,0,0,ON,ON,0,0,1
54,0,14.198,Not Avl,Compl,Compl,Unable,OFF,Not Avl,Compl,Compl,Unable,OFF,40.625,53.906,28.125,28.750,19.531,39.551,15.686,31.765,0.781,1.582,ON,0,OFF,ON,ON,0.998,0.999,0.031,0.027,3.357,3.347,0,97,51199.219,13.925,24.314,OFF,OFF,OFF,OFF,OFF,OFF,OFF,Avail,Incmpl,Incmpl,Enable,Avail,422.600,267.700,422.600,271,ON,Avail,Compl,Enable,80,0,0,0,0,0,0,6,A,0,0,Avail,Incmpl,Incmpl,Enable,OFF,OFF,889,717,51199.219,51199.219,51199.219,51199.219,51199.219,51199.219,1GRFE ,33.725,Avail,Incmpl,Incmpl,Enable,7.996,OFF,OFF,OFF,OFF,ON,ON,Avail,Compl,Enable,Compl,CL,CL,Compl,Unable,Not Avl,Compl,Compl,Enable,OFF,130,15,176,ON,21.250,6.875,0.105,2337,6,21,-3,OFF,0.781,3.906,3.850,OFF,0,0,79,Avail,Compl,Enable,0,GRN2#  ,ON,0,ACTIVE,ACTIVE,0.962,0.942,0.740,0.740,61.277,56.414,Avail,Compl,Avail,Incmpl,Incmpl,Enable,OBD II (California ARB),OFF,OFF,29.761,0.500,0,1st,OFF,OFF,OFF,OFF,OFF,OFF,-1.562,-1.562,ON,OFF,650,0,OFF,OFF,OFF,ON,Gasoline,1.015,OFF,OFF,0.684,ON,0.703,14.902,11,0,0.742,0.742,2.305,0.742,0.918,2.031,46.275,0,14.902,14,-0.004,0.023,OFF,ECT 5th,NA,OFF,97.614,97.702,13.333,0,Not Avl,0,0,0,0,ON,ON,0,0,1
55,0,14.198,Not Avl,Compl,Compl,Unable,OFF,Not Avl,Compl,Compl,Unable,OFF,40.625,53.906,28.125,28.750,19.531,39.551,15.686,31.765,0.781,1.582,ON,0,OFF,ON,ON,0.998,0.999,0.031,0.027,3.357,3.347,0,97,51199.219,13.925,24.314,OFF,OFF,OFF,OFF,OFF,OFF,OFF,Avail,Incmpl,Incmpl,Enable,Avail,422.600,267.700,422.600,267.700,ON,Avail,Compl,Enable,80,0,0,0,0,0,0,6,A,0,0,Avail,Incmpl,Incmpl,Enable,OFF,OFF,889,717,51199.219,51199.219,51199.219,51199.219,51199.219,51199.219,1GRFE ,33.725,Avail,Incmpl,Incmpl,Enable,7.996,OFF,OFF,OFF,OFF,ON,ON,Avail,Compl,Enable,Compl,CL,CL,Compl,Unable,Not Avl,Compl,Compl,Enable,OFF,130,15,176,ON,21.250,6.875,0.105,2337,6,21,-3,OFF,0.781,3.906,3.850,OFF,0,0,79,Avail,Compl,Enable,0,GRN2#  ,ON,0,ACTIVE,ACTIVE,0.962,0.942,0.740,0.740,61.277,56.414,Avail,Compl,Avail,Incmpl,Incmpl,Enable,OBD II (California ARB),OFF,OFF,29.761,0.500,0,1st,OFF,OFF,OFF,OFF,OFF,OFF,-1.562,-1.562,ON,OFF,650,0,OFF,OFF,OFF,ON,Gasoline,1.015,OFF,OFF,0.684,ON,0.703,14.902,11,0,0.742,0.742,2.305,0.742,0.918,2.031,46.275,0,14.902,14,-0.004,0.023,OFF,ECT 5th,NA,OFF,97.614,97.702,13.333,0,Not Avl,0,0,0,0,ON,ON,0,0,1
56,0,14.198,Not Avl,Compl,Compl,Unable,OFF,Not Avl,Compl,Compl,Unable,OFF,40.625,53.906,28.125,28.750,19.531,39.551,15.686,31.765,0.781,1.582,ON,0,OFF,ON,ON,0.998,0.999,0.031,0.027,3.357,3.347,0,97,51199.219,13.925,24.314,OFF,OFF,OFF,OFF,OFF,OFF,OFF,Avail,Incmpl,Incmpl,Enable,Avail,422.600,267.700,422.600,267.700,ON,Avail,Compl,Enable,80,0,0,0,0,0,0,6,A,0,0,Avail,Incmpl,Incmpl,Enable,OFF,OFF,889,717,51199.219,51199.219,51199.219,51199.219,51199.219,51199.219,1GRFE ,33.725,Avail,Incmpl,Incmpl,Enable,7.996,OFF,OFF,OFF,OFF,ON,ON,Avail,Compl,Enable,Compl,CL,CL,Compl,Unable,Not Avl,Compl,Compl,Enable,OFF,130,15,176,ON,21.250,6.875,0.105,2337,6,21,-3,OFF,0.781,3.906,3.850,OFF,0,0,79,Avail,Compl,Enable,0,GRN2#  ,ON,0,ACTIVE,ACTIVE,0.962,0.942,0.740,0.740,61.277,56.414,Avail,Compl,Avail,Incmpl,Incmpl,Enable,OBD II (California ARB),OFF,OFF,29.761,0.500,0,1st,OFF,OFF,OFF,OFF,OFF,OFF,-1.562,-1.562,ON,OFF,650,0,OFF,OFF,OFF,ON,Gasoline,1.015,OFF,OFF,0.684,ON,0.703,14.902,11,0,0.742,0.742,2.305,0.742,0.918,2.031,46.275,0,14.902,14,-0.004,0.023,OFF,ECT 5th,NA,OFF,97.614,97.702,13.333,0,Not Avl,0,0,0,0,ON,ON,0,0,1
57,0,14.198,Not Avl,Compl,Compl,Unable,OFF,Not Avl,Compl,Compl,Unable,OFF,40.625,53.906,28.125,28.750,19.531,39.551,15.686,31.765,0.781,1.582,ON,0,OFF,ON,ON,0.998,0.999,0.031,0.027,3.357,3.347,0,97,51199.219,13.925,24.314,OFF,OFF,OFF,OFF,OFF,OFF,OFF,Avail,Incmpl,Incmpl,Enable,Avail,422.600,267.700,422.600,267.700,ON,Avail,Compl,Enable,80,0,0,0,0,0,0,6,A,0,0,Avail,Incmpl,Incmpl,Enable,OFF,OFF,889,717,51199.219,51199.219,51199.219,51199.219,51199.219,51199.219,1GRFE ,33.725,Avail,Incmpl,Incmpl,Enable,7.996,OFF,OFF,OFF,OFF,ON,ON,Avail,Compl,Enable,Compl,CL,CL,Compl,Unable,Not Avl,Compl,Compl,Enable,OFF,130,15,176,ON,21.250,6.875,0.105,2337,6,21,-3,OFF,0.781,3.906,3.850,OFF,0,0,79,Avail,Compl,Enable,0,GRN2#  ,ON,0,ACTIVE,ACTIVE,0.962,0.942,0.740,0.740,61.277,56.414,Avail,Compl,Avail,Incmpl,Incmpl,Enable,OBD II (California ARB),OFF,OFF,29.761,0.500,0,1st,OFF,OFF,OFF,OFF,OFF,OFF,-1.562,-1.562,ON,OFF,650,0,OFF,OFF,OFF,ON,Gasoline,1.015,OFF,OFF,0.684,ON,0.703,14.902,11,0,0.742,0.742,2.305,0.742,0.918,2.031,46.275,0,14.902,14,-0.004,0.023,OFF,ECT 5th,NA,OFF,97.614,97.702,13.333,0,Not Avl,0,0,0,0,ON,ON,0,0,1
58,0,14.198,Not Avl,Compl,Compl,Unable,OFF,Not Avl,Compl,Compl,Unable,OFF,40.625,53.906,28.125,28.750,19.531,39.551,15.686,31.765,0.781,1.582,ON,0,OFF,ON,ON,0.998,0.999,0.031,0.027,3.357,3.347,0,97,51199.219,13.925,24.314,OFF,OFF,OFF,OFF,OFF,OFF,OFF,Avail,Incmpl,Incmpl,Enable,Avail,422.600,267.700,422.600,267.700,ON,Avail,Compl,Enable,80,0,0,0,0,0,0,6,A,0,0,Avail,Incmpl,Incmpl,Enable,OFF,OFF,889,717,51199.219,51199.219,51199.219,51199.219,51199.219,51199.219,1GRFE ,33.725,Avail,Incmpl,Incmpl,Enable,7.996,OFF,OFF,OFF,OFF,ON,ON,Avail,Compl,Enable,Compl,CL,CL,Compl,Unable,Not Avl,Compl,Compl,Enable,OFF,130,15,176,ON,21.250,6.875,0.105,2337,6,21,-3,OFF,0.781,3.906,3.850,OFF,0,0,79,Avail,Compl,Enable,0,GRN2#  ,ON,0,ACTIVE,ACTIVE,0.962,0.942,0.740,0.740,61.277,56.414,Avail,Compl,Avail,Incmpl,Incmpl,Enable,OBD II (California ARB),OFF,OFF,29.761,0.500,0,1st,OFF,OFF,OFF,OFF,OFF,OFF,-1.562,-1.562,ON,OFF,650,0,OFF,OFF,OFF,ON,Gasoline,1.015,OFF,OFF,0.684,ON,0.703,14.902,11,0,0.742,0.742,2.305,0.742,0.918,2.031,46.275,0,14.902,14,-0.004,0.023,OFF,ECT 5th,NA,OFF,97.614,97.702,13.333,0,Not Avl,0,0,0,0,ON,ON,0,0,1
59,0,14.198,Not Avl,Compl,Compl,Unable,OFF,Not Avl,Compl,Compl,Unable,OFF,40.625,53.906,28.125,28.750,19.531,39.551,15.686,31.765,0.781,1.582,ON,0,OFF,ON,ON,0.998,0.999,0.031,0.027,3.357,3.347,0,97,51199.219,13.925,24.314,OFF,OFF,OFF,OFF,OFF,OFF,OFF,Avail,Incmpl,Incmpl,Enable,Avail,422.600,267.700,422.600,267.700,ON,Avail,Compl,Enable,80,0,0,0,0,0,0,6,A,0,0,Avail,Incmpl,Incmpl,Enable,OFF,OFF,889,717,51199.219,51199.219,51199.219,51199.219,51199.219,51199.219,1GRFE ,33.725,Avail,Incmpl,Incmpl,Enable,7.996,OFF,OFF,OFF,OFF,ON,ON,Avail,Compl,Enable,Compl,CL,CL,Compl,Unable,Not Avl,Compl,Compl,Enable,OFF,130,15,176,ON,21.250,6.875,0.105,2337,6,21,-3,OFF,0.781,3.906,3.850,OFF,0,0,79,Avail,Compl,Enable,0,GRN2#  ,ON,0,ACTIVE,ACTIVE,0.962,0.942,0.740,0.740,61.277,56.414,Avail,Compl,Avail,Incmpl,Incmpl,Enable,OBD II (California ARB),OFF,OFF,29.761,0.500,0,1st,OFF,OFF,OFF,OFF,OFF,OFF,-1.562,-1.562,ON,OFF,650,0,OFF,OFF,OFF,ON,Gasoline,1.015,OFF,OFF,0.684,ON,0.703,14.902,11,0,0.742,0.742,2.305,0.742,0.918,2.031,46.275,0,14.902,14,-0.004,0.023,OFF,ECT 5th,NA,OFF,97.614,97.702,13.333,0,Not Avl,0,0,0,0,ON,ON,0,0,1
60,0,14.198,Not Avl,Compl,Compl,Unable,OFF,Not Avl,Compl,Compl,Unable,OFF,40.625,53.906,28.125,28.750,19.531,39.551,15.686,31.765,0.781,1.582,ON,0,OFF,ON,ON,0.998,0.999,0.031,0.027,3.357,3.347,0,97,51199.219,13.925,24.314,OFF,OFF,OFF,OFF,OFF,OFF,OFF,Avail,Incmpl,Incmpl,Enable,Avail,422.600,267.700,422.600,267.700,ON,Avail,Compl,Enable,80,0,0,0,0,0,0,6,A,0,0,Avail,Incmpl,Incmpl,Enable,OFF,OFF,889,717,51199.219,51199.219,51199.219,51199.219,51199.219,51199.219,1GRFE ,33.725,Avail,Incmpl,Incmpl,Enable,7.996,OFF,OFF,OFF,OFF,ON,ON,Avail,Compl,Enable,Compl,CL,CL,Compl,Unable,Not Avl,Compl,Compl,Enable,OFF,130,15,176,ON,21.250,6.875,0.105,2337,6,21,-3,OFF,0.781,3.906,3.850,OFF,0,0,79,Avail,Compl,Enable,0,GRN2#  ,ON,0,ACTIVE,ACTIVE,0.962,0.942,0.740,0.740,61.277,56.414,Avail,Compl,Avail,Incmpl,Incmpl,Enable,OBD II (California ARB),OFF,OFF,29.761,0.500,0,1st,OFF,OFF,OFF,OFF,OFF,OFF,-1.562,-1.562,ON,OFF,650,0,OFF,OFF,OFF,ON,Gasoline,1.015,OFF,OFF,0.684,ON,0.703,14.902,11,0,0.742,0.742,2.305,0.742,0.918,2.031,46.275,0,14.902,14,-0.004,0.023,OFF,ECT 5th,NA,OFF,97.614,97.702,13.333,0,Not Avl,0,0,0,0,ON,ON,0,0,1
61,0,14.198,Not Avl,Compl,Compl,Unable,OFF,Not Avl,Compl,Compl,Unable,OFF,40.625,53.906,28.125,28.750,19.531,39.551,15.686,31.765,0.781,1.582,ON,0,OFF,ON,ON,0.998,0.999,0.031,0.027,3.357,3.347,0,97,51199.219,13.925,24.314,OFF,OFF,OFF,OFF,OFF,OFF,OFF,Avail,Incmpl,Incmpl,Enable,Avail,422.600,267.700,422.600,267.700,ON,Avail,Compl,Enable,80,0,0,0,0,0,0,6,A,0,0,Avail,Incmpl,Incmpl,Enable,OFF,OFF,889,717,51199.219,51199.219,51199.219,51199.219,51199.219,51199.219,1GRFE ,33.725,Avail,Incmpl,Incmpl,Enable,7.996,OFF,OFF,OFF,OFF,ON,ON,Avail,Compl,Enable,Compl,CL,CL,Compl,Unable,Not Avl,Compl,Compl,Enable,OFF,130,15,176,ON,21.250,6.875,0.105,2337,6,21,-3,OFF,0.781,3.906,3.850,OFF,0,0,79,Avail,Compl,Enable,0,GRN2#  ,ON,0,ACTIVE,ACTIVE,0.962,0.942,0.740,0.740,61.277,56.414,Avail,Compl,Avail,Incmpl,Incmpl,Enable,OBD II (California ARB),OFF,OFF,29.761,0.500,0,1st,OFF,OFF,OFF,OFF,OFF,OFF,-1.562,-1.562,ON,OFF,650,0,OFF,OFF,OFF,ON,Gasoline,1.015,OFF,OFF,0.684,ON,0.703,14.902,11,0,0.742,0.742,2.305,0.742,0.918,2.031,46.275,0,14.902,14,-0.004,0.023,OFF,ECT 5th,NA,OFF,97.614,97.702,13.333,0,Not Avl,0,0,0,0,ON,ON,0,0,1
62,0,14.198,Not Avl,Compl,Compl,Unable,OFF,Not Avl,Compl,Compl,Unable,OFF,40.625,53.906,28.125,28.750,19.531,39.551,15.686,31.765,0.781,1.582,ON,0,OFF,ON,ON,0.998,0.999,0.031,0.027,3.357,3.347,0,97,51199.219,13.925,24.314,OFF,OFF,OFF,OFF,OFF,OFF,OFF,Avail,Incmpl,Incmpl,Enable,Avail,422.600,267.700,422.600,267.700,ON,Avail,Compl,Enable,80,0,0,0,0,0,0,6,A,0,0,Avail,Incmpl,Incmpl,Enable,OFF,OFF,889,717,51199.219,51199.219,51199.219,51199.219,51199.219,51199.219,1GRFE ,33.725,Avail,Incmpl,Incmpl,Enable,7.996,OFF,OFF,OFF,OFF,ON,ON,Avail,Compl,Enable,Compl,CL,CL,Compl,Unable,Not Avl,Compl,Compl,Enable,OFF,130,15,176,ON,21.250,6.875,0.105,2337,6,21,-3,OFF,0.781,3.906,3.850,OFF,0,0,79,Avail,Compl,Enable,0,GRN2#  ,ON,0,ACTIVE,ACTIVE,0.962,0.942,0.740,0.740,61.277,56.414,Avail,Compl,Avail,Incmpl,Incmpl,Enable,OBD II (California ARB),OFF,OFF,29.761,0.500,0,1st,OFF,OFF,OFF,OFF,OFF,OFF,-1.562,-1.562,ON,OFF,650,0,OFF,OFF,OFF,ON,Gasoline,1.015,OFF,OFF,0.684,ON,0.703,14.902,11,0,0.742,0.742,2.305,0.742,0.918,2.031,46.275,0,14.902,14,-0.004,0.023,OFF,ECT 5th,NA,OFF,97.614,97.702,13.333,0,Not Avl,0,0,0,0,ON,ON,0,0,1
63,0,14.198,Not Avl,Compl,Compl,Unable,OFF,Not Avl,Compl,Compl,Unable,OFF,40.625,53.906,28.125,28.750,19.531,39.551,15.686,31.765,0.781,1.582,ON,0,OFF,ON,ON,0.998,0.999,0.031,0.027,3.357,3.347,0,97,51199.219,13.925,24.314,OFF,OFF,OFF,OFF,OFF,OFF,OFF,Avail,Incmpl,Incmpl,Enable,Avail,422.600,267.700,422.600,267.700,ON,Avail,Compl,Enable,80,0,0,0,0,0,0,6,A,0,0,Avail,Incmpl,Incmpl,Enable,OFF,OFF,904,717,51199.219,51199.219,51199.219,51199.219,51199.219,51199.219,1GRFE ,33.725,Avail,Incmpl,Incmpl,Enable,7.996,OFF,OFF,OFF,OFF,ON,ON,Avail,Compl,Enable,Compl,CL,CL,Compl,Unable,Not Avl,Compl,Compl,Enable,OFF,130,15,176,ON,21.250,6.875,0.105,2337,6,21,-3,OFF,0.781,3.906,3.850,OFF,0,0,79,Avail,Compl,Enable,0,GRN2#  ,ON,0,ACTIVE,ACTIVE,0.962,0.942,0.740,0.740,61.277,56.414,Avail,Compl,Avail,Incmpl,Incmpl,Enable,OBD II (California ARB),OFF,OFF,29.761,0.500,0,1st,OFF,OFF,OFF,OFF,OFF,OFF,-1.562,-1.562,ON,OFF,650,0,OFF,OFF,OFF,ON,Gasoline,1.015,OFF,OFF,0.684,ON,0.703,14.902,11,0,0.742,0.742,2.305,0.742,0.918,2.031,46.275,0,14.902,14,-0.004,0.023,OFF,ECT 5th,NA,OFF,97.614,97.702,13.333,0,Not Avl,0,0,0,0,ON,ON,0,0,1
64,0,14.198,Not Avl,Compl,Compl,Unable,OFF,Not Avl,Compl,Compl,Unable,OFF,40.625,53.906,28.125,28.750,19.531,39.551,15.686,31.765,0.781,1.582,ON,0,OFF,ON,ON,0.998,0.999,0.031,0.027,3.357,3.347,0,97,51199.219,13.925,24.314,OFF,OFF,OFF,OFF,OFF,OFF,OFF,Avail,Incmpl,Incmpl,Enable,Avail,422.600,267.700,422.600,267.700,ON,Avail,Compl,Enable,80,0,0,0,0,0,0,6,A,0,0,Avail,Incmpl,Incmpl,Enable,OFF,OFF,904,713.250,51199.219,51199.219,51199.219,51199.219,51199.219,51199.219,1GRFE ,33.725,Avail,Incmpl,Incmpl,Enable,7.996,OFF,OFF,OFF,OFF,ON,ON,Avail,Compl,Enable,Compl,CL,CL,Compl,Unable,Not Avl,Compl,Compl,Enable,OFF,130,15,176,ON,21.250,6.875,0.105,2337,6,21,-3,OFF,0.781,3.906,3.850,OFF,0,0,79,Avail,Compl,Enable,0,GRN2#  ,ON,0,ACTIVE,ACTIVE,0.962,0.942,0.740,0.740,61.277,56.414,Avail,Compl,Avail,Incmpl,Incmpl,Enable,OBD II (California ARB),OFF,OFF,29.761,0.500,0,1st,OFF,OFF,OFF,OFF,OFF,OFF,-1.562,-1.562,ON,OFF,650,0,OFF,OFF,OFF,ON,Gasoline,1.015,OFF,OFF,0.684,ON,0.703,14.902,11,0,0.742,0.742,2.305,0.742,0.918,2.031,46.275,0,14.902,14,-0.004,0.023,OFF,ECT 5th,NA,OFF,97.614,97.702,13.333,0,Not Avl,0,0,0,0,ON,ON,0,0,1
65,0,14.198,Not Avl,Compl,Compl,Unable,OFF,Not Avl,Compl,Compl,Unable,OFF,40.625,53.906,28.125,28.750,19.531,39.551,15.686,31.765,0.781,1.582,ON,0,OFF,ON,ON,0.998,0.999,0.031,0.027,3.357,3.347,0,97,51199.219,13.925,24.314,OFF,OFF,OFF,OFF,OFF,OFF,OFF,Avail,Incmpl,Incmpl,Enable,Avail,422.600,267.700,422.600,267.700,ON,Avail,Compl,Enable,80,0,0,0,0,0,0,6,A,0,0,Avail,Incmpl,Incmpl,Enable,OFF,OFF,904,713.250,51199.219,51199.219,51199.219,51199.219,51199.219,51199.219,1GRFE ,33.725,Avail,Incmpl,Incmpl,Enable,7.996,OFF,OFF,OFF,OFF,ON,ON,Avail,Compl,Enable,Compl,CL,CL,Compl,Unable,Not Avl,Compl,Compl,Enable,OFF,130,15,176,ON,21.250,6.875,0.105,2337,6,21,-3,OFF,0.781,3.906,3.850,OFF,0,0,79,Avail,Compl,Enable,0,GRN2#  ,ON,0,ACTIVE,ACTIVE,0.962,0.942,0.740,0.740,61.277,56.414,Avail,Compl,Avail,Incmpl,Incmpl,Enable,OBD II (California ARB),OFF,OFF,29.761,0.500,0,1st,OFF,OFF,OFF,OFF,OFF,OFF,-1.562,-1.562,ON,OFF,650,0,OFF,OFF,OFF,ON,Gasoline,1.015,OFF,OFF,0.684,ON,0.703,14.902,11,0,0.742,0.742,2.305,0.742,0.918,2.031,46.275,0,14.902,14,-0.004,0.023,OFF,ECT 5th,NA,OFF,97.614,97.702,13.333,0,Not Avl,0,0,0,0,ON,ON,0,0,1
66,0,14.198,Not Avl,Compl,Compl,Unable,OFF,Not Avl,Compl,Compl,Unable,OFF,40.625,53.906,28.125,28.750,19.531,39.551,15.686,31.765,0.781,1.582,ON,0,OFF,ON,ON,0.998,0.999,0.031,0.027,3.357,3.347,0,97,51199.219,13.925,24.314,OFF,OFF,OFF,OFF,OFF,OFF,OFF,Avail,Incmpl,Incmpl,Enable,Avail,422.600,267.700,422.600,267.700,ON,Avail,Compl,Enable,80,0,0,0,0,0,0,6,A,0,0,Avail,Incmpl,Incmpl,Enable,OFF,OFF,904,713.250,51199.219,51199.219,51199.219,51199.219,51199.219,51199.219,1GRFE ,33.725,Avail,Incmpl,Incmpl,Enable,7.996,OFF,OFF,OFF,OFF,ON,ON,Avail,Compl,Enable,Compl,CL,CL,Compl,Unable,Not Avl,Compl,Compl,Enable,OFF,130,15,176,ON,21.250,6.875,0.105,2337,6,21,-3,OFF,0.781,3.906,3.850,OFF,0,0,79,Avail,Compl,Enable,0,GRN2#  ,ON,0,ACTIVE,ACTIVE,0.962,0.942,0.740,0.740,61.277,56.414,Avail,Compl,Avail,Incmpl,Incmpl,Enable,OBD II (California ARB),OFF,OFF,29.761,0.500,0,1st,OFF,OFF,OFF,OFF,OFF,OFF,-1.562,-1.562,ON,OFF,650,0,OFF,OFF,OFF,ON,Gasoline,1.015,OFF,OFF,0.684,ON,0.703,14.902,11,0,0.742,0.742,2.305,0.742,0.918,2.031,46.275,0,14.902,14,-0.004,0.023,OFF,ECT 5th,NA,OFF,97.614,97.702,13.333,0,Not Avl,0,0,0,0,ON,ON,0,0,1
67,0,14.198,Not Avl,Compl,Compl,Unable,OFF,Not Avl,Compl,Compl,Unable,OFF,40.625,53.906,28.125,28.750,19.531,39.551,15.686,31.765,0.781,1.582,ON,0,OFF,ON,ON,0.998,0.999,0.031,0.027,3.357,3.347,0,97,51199.219,13.925,24.314,OFF,OFF,OFF,OFF,OFF,OFF,OFF,Avail,Incmpl,Incmpl,Enable,Avail,422.600,267.700,422.600,267.700,ON,Avail,Compl,Enable,80,0,0,0,0,0,0,6,A,0,0,Avail,Incmpl,Incmpl,Enable,OFF,OFF,904,713.250,51199.219,51199.219,51199.219,51199.219,51199.219,51199.219,1GRFE ,33.725,Avail,Incmpl,Incmpl,Enable,7.996,OFF,OFF,OFF,OFF,ON,ON,Avail,Compl,Enable,Compl,CL,CL,Compl,Unable,Not Avl,Compl,Compl,Enable,OFF,130,15,176,ON,21.250,6.875,0.105,2337,6,21,-3,OFF,0.781,3.906,3.850,OFF,0,0,79,Avail,Compl,Enable,0,GRN2#  ,ON,0,ACTIVE,ACTIVE,0.962,0.942,0.740,0.740,61.277,56.414,Avail,Compl,Avail,Incmpl,Incmpl,Enable,OBD II (California ARB),OFF,OFF,29.761,0.500,0,1st,OFF,OFF,OFF,OFF,OFF,OFF,-1.562,-1.562,ON,OFF,650,0,OFF,OFF,OFF,ON,Gasoline,1.015,OFF,OFF,0.684,ON,0.703,14.902,11,0,0.742,0.742,2.305,0.742,0.918,2.031,46.275,0,14.902,14,-0.004,0.023,OFF,ECT 5th,NA,OFF,97.614,97.702,13.333,0,Not Avl,0,0,0,0,ON,ON,0,0,1
68,0,14.198,Not Avl,Compl,Compl,Unable,OFF,Not Avl,Compl,Compl,Unable,OFF,40.625,53.906,28.125,28.750,19.531,39.551,15.686,31.765,0.781,1.582,ON,0,OFF,ON,ON,0.998,0.999,0.031,0.027,3.357,3.347,0,97,51199.219,13.925,24.314,OFF,OFF,OFF,OFF,OFF,OFF,OFF,Avail,Incmpl,Incmpl,Enable,Avail,422.600,267.700,422.600,267.700,ON,Avail,Compl,Enable,80,0,0,0,0,0,0,6,A,0,0,Avail,Incmpl,Incmpl,Enable,OFF,OFF,904,713.250,51199.219,51199.219,51199.219,51199.219,51199.219,51199.219,1GRFE ,33.725,Avail,Incmpl,Incmpl,Enable,7.996,OFF,OFF,OFF,OFF,ON,ON,Avail,Compl,Enable,Compl,CL,CL,Compl,Unable,Not Avl,Compl,Compl,Enable,OFF,130,15,176,ON,21.250,6.875,0.105,2337,6,21,-3,OFF,0.781,3.906,3.850,OFF,0,0,79,Avail,Compl,Enable,0,GRN2#  ,ON,0,ACTIVE,ACTIVE,0.962,0.942,0.740,0.740,61.277,56.414,Avail,Compl,Avail,Incmpl,Incmpl,Enable,OBD II (California ARB),OFF,OFF,29.761,0.500,0,1st,OFF,OFF,OFF,OFF,OFF,OFF,-1.562,-1.562,ON,OFF,650,0,OFF,OFF,OFF,ON,Gasoline,1.015,OFF,OFF,0.684,ON,0.703,14.902,11,0,0.742,0.742,2.305,0.742,0.918,2.031,46.275,0,14.902,14,-0.004,0.023,OFF,ECT 5th,NA,OFF,97.614,97.702,13.333,0,Not Avl,0,0,0,0,ON,ON,0,0,1
69,0,14.198,Not Avl,Compl,Compl,Unable,OFF,Not Avl,Compl,Compl,Unable,OFF,40.625,53.906,28.125,28.750,19.531,39.551,15.686,31.765,0.781,1.582,ON,0,OFF,ON,ON,0.998,0.999,0.031,0.027,3.357,3.347,0,97,51199.219,13.925,24.314,OFF,OFF,OFF,OFF,OFF,OFF,OFF,Avail,Incmpl,Incmpl,Enable,Avail,422.600,267.700,422.600,267.700,ON,Avail,Compl,Enable,80,0,0,0,0,0,0,6,A,0,0,Avail,Incmpl,Incmpl,Enable,OFF,OFF,904,713.250,51199.219,51199.219,51199.219,51199.219,51199.219,51199.219,1GRFE ,33.725,Avail,Incmpl,Incmpl,Enable,7.996,OFF,OFF,OFF,OFF,ON,ON,Avail,Compl,Enable,Compl,CL,CL,Compl,Unable,Not Avl,Compl,Compl,Enable,OFF,130,15,176,ON,21.250,6.875,0.105,2337,6,21,-3,OFF,0.781,3.906,3.850,OFF,0,0,79,Avail,Compl,Enable,0,GRN2#  ,ON,0,ACTIVE,ACTIVE,0.962,0.942,0.740,0.740,61.277,56.414,Avail,Compl,Avail,Incmpl,Incmpl,Enable,OBD II (California ARB),OFF,OFF,29.761,0.500,0,1st,OFF,OFF,OFF,OFF,OFF,OFF,-1.562,-1.562,ON,OFF,650,0,OFF,OFF,OFF,ON,Gasoline,1.015,OFF,OFF,0.684,ON,0.703,14.902,11,0,0.742,0.742,2.305,0.742,0.918,2.031,46.275,0,14.902,14,-0.004,0.023,OFF,ECT 5th,NA,OFF,97.614,97.702,13.333,0,Not Avl,0,0,0,0,ON,ON,0,0,1
70,0,14.198,Not Avl,Compl,Compl,Unable,OFF,Not Avl,Compl,Compl,Unable,OFF,40.625,53.906,28.125,28.750,19.531,39.551,15.686,31.765,0.781,1.582,ON,0,OFF,ON,ON,0.998,0.999,0.031,0.027,3.357,3.347,0,97,51199.219,13.925,24.314,OFF,OFF,OFF,OFF,OFF,OFF,OFF,Avail,Incmpl,Incmpl,Enable,Avail,422.600,267.700,422.600,267.700,ON,Avail,Compl,Enable,80,0,0,0,0,0,0,6,A,0,0,Avail,Incmpl,Incmpl,Enable,OFF,OFF,904,713.250,51199.219,51199.219,51199.219,51199.219,51199.219,51199.219,1GRFE ,33.725,Avail,Incmpl,Incmpl,Enable,7.996,OFF,OFF,OFF,OFF,ON,ON,Avail,Compl,Enable,Compl,CL,CL,Compl,Unable,Not Avl,Compl,Compl,Enable,OFF,130,15,176,ON,21.250,6.875,0.105,2337,6,21,-3,OFF,0.781,3.906,3.850,OFF,0,0,79,Avail,Compl,Enable,0,GRN2#  ,ON,0,ACTIVE,ACTIVE,0.962,0.942,0.740,0.740,61.277,56.414,Avail,Compl,Avail,Incmpl,Incmpl,Enable,OBD II (California ARB),OFF,OFF,29.761,0.500,0,1st,OFF,OFF,OFF,OFF,OFF,OFF,-1.562,-1.562,ON,OFF,650,0,OFF,OFF,OFF,ON,Gasoline,1.015,OFF,OFF,0.684,ON,0.703,14.902,11,0,0.742,0.742,2.305,0.742,0.918,2.031,46.275,0,14.902,14,-0.004,0.023,OFF,ECT 5th,NA,OFF,97.614,97.702,13.333,0,Not Avl,0,0,0,0,ON,ON,0,0,1
71,0,14.198,Not Avl,Compl,Compl,Unable,OFF,Not Avl,Compl,Compl,Unable,OFF,40.625,53.906,28.125,28.750,19.531,39.551,15.686,31.765,0.781,1.582,ON,0,OFF,ON,ON,0.998,0.999,0.031,0.027,3.357,3.347,0,97,51199.219,13.925,24.314,OFF,OFF,OFF,OFF,OFF,OFF,OFF,Avail,Incmpl,Incmpl,Enable,Avail,422.600,267.700,422.600,267.700,ON,Avail,Compl,Enable,80,0,0,0,0,0,0,6,A,0,0,Avail,Incmpl,Incmpl,Enable,OFF,OFF,904,713.250,51199.219,51199.219,51199.219,51199.219,51199.219,51199.219,1GRFE ,33.725,Avail,Incmpl,Incmpl,Enable,7.996,OFF,OFF,OFF,OFF,ON,ON,Avail,Compl,Enable,Compl,CL,CL,Compl,Unable,Not Avl,Compl,Compl,Enable,OFF,130,15,176,ON,21.250,6.875,0.105,2337,6,21,-3,OFF,0.781,3.906,3.850,OFF,0,0,79,Avail,Compl,Enable,0,GRN2#  ,ON,0,ACTIVE,ACTIVE,0.962,0.942,0.740,0.740,61.277,56.414,Avail,Compl,Avail,Incmpl,Incmpl,Enable,OBD II (California ARB),OFF,OFF,29.761,0.500,0,1st,OFF,OFF,OFF,OFF,OFF,OFF,-1.562,-1.562,ON,OFF,650,0,OFF,OFF,OFF,ON,Gasoline,1.015,OFF,OFF,0.684,ON,0.703,14.902,11,0,0.742,0.742,2.305,0.742,0.918,2.031,46.275,0,14.902,14,-0.004,0.023,OFF,ECT 5th,NA,OFF,97.614,97.702,13.333,0,Not Avl,0,0,0,0,ON,ON,0,0,1
72,0,14.198,Not Avl,Compl,Compl,Unable,OFF,Not Avl,Compl,Compl,Unable,OFF,40.625,53.906,28.125,28.750,19.531,39.551,15.686,31.765,0.781,1.582,ON,0,OFF,ON,ON,0.998,0.999,0.031,0.027,3.357,3.347,0,97,51199.219,13.925,24.314,OFF,OFF,OFF,OFF,OFF,OFF,OFF,Avail,Incmpl,Incmpl,Enable,Avail,422.600,267.700,422.600,267.700,ON,Avail,Compl,Enable,80,0,0,0,0,0,0,6,A,0,0,Avail,Incmpl,Incmpl,Enable,OFF,OFF,904,713.250,51199.219,51199.219,51199.219,51199.219,51199.219,51199.219,1GRFE ,33.725,Avail,Incmpl,Incmpl,Enable,7.996,OFF,OFF,OFF,OFF,ON,ON,Avail,Compl,Enable,Compl,CL,CL,Compl,Unable,Not Avl,Compl,Compl,Enable,OFF,130,15,176,ON,21.250,6.875,0.105,2337,6,21,-3,OFF,0.781,3.906,3.850,OFF,0,0,79,Avail,Compl,Enable,0,GRN2#  ,ON,0,ACTIVE,ACTIVE,0.962,0.942,0.740,0.740,61.277,56.414,Avail,Compl,Avail,Incmpl,Incmpl,Enable,OBD II (California ARB),OFF,OFF,29.761,0.500,0,1st,OFF,OFF,OFF,OFF,OFF,OFF,-1.562,-1.562,ON,OFF,650,0,OFF,OFF,OFF,ON,Gasoline,1.015,OFF,OFF,0.684,ON,0.703,14.902,11,0,0.742,0.742,2.305,0.742,0.918,2.031,46.275,0,14.902,14,-0.004,0.023,OFF,ECT 5th,NA,OFF,97.614,97.702,13.333,0,Not Avl,0,0,0,0,ON,ON,0,0,1
73,0,14.198,Not Avl,Compl,Compl,Unable,OFF,Not Avl,Compl,Compl,Unable,OFF,40.625,53.906,28.125,28.750,19.531,39.551,15.686,31.765,0.781,1.582,ON,0,OFF,ON,ON,0.998,0.999,0.031,0.027,3.357,3.347,0,97,51199.219,13.925,24.314,OFF,OFF,OFF,OFF,OFF,OFF,OFF,Avail,Incmpl,Incmpl,Enable,Avail,422.600,267.700,422.600,267.700,ON,Avail,Compl,Enable,80,0,0,0,0,0,0,6,A,0,0,Avail,Incmpl,Incmpl,Enable,OFF,OFF,904,713.250,51199.219,51199.219,51199.219,51199.219,51199.219,51199.219,1GRFE ,33.725,Avail,Incmpl,Incmpl,Enable,7.996,OFF,OFF,OFF,OFF,ON,ON,Avail,Compl,Enable,Compl,CL,CL,Compl,Unable,Not Avl,Compl,Compl,Enable,OFF,130,15,176,ON,21.250,6.875,0.105,2337,6,21,-3,OFF,0.781,3.906,3.850,OFF,0,0,79,Avail,Compl,Enable,0,GRN2#  ,ON,0,ACTIVE,ACTIVE,0.962,0.942,0.740,0.740,61.277,56.414,Avail,Compl,Avail,Incmpl,Incmpl,Enable,OBD II (California ARB),OFF,OFF,29.761,0.500,0,1st,OFF,OFF,OFF,OFF,OFF,OFF,-1.562,-1.562,ON,OFF,650,0,OFF,OFF,OFF,ON,Gasoline,1.015,OFF,OFF,0.684,ON,0.703,14.902,11,0,0.742,0.742,2.305,0.742,0.918,2.031,46.275,0,14.902,14,-0.004,0.023,OFF,ECT 5th,NA,OFF,97.614,97.702,13.333,0,Not Avl,0,0,0,0,ON,ON,0,0,1
74,0,14.198,Not Avl,Compl,Compl,Unable,OFF,Not Avl,Compl,Compl,Unable,OFF,40.625,53.906,28.125,28.750,19.531,39.551,15.686,31.765,0.781,1.582,ON,0,OFF,ON,ON,0.998,0.999,0.031,0.027,3.357,3.347,0,97,51199.219,13.925,24.314,OFF,OFF,OFF,OFF,OFF,OFF,OFF,Avail,Incmpl,Incmpl,Enable,Avail,422.600,267.700,422.600,267.700,ON,Avail,Compl,Enable,80,0,0,0,0,0,0,6,A,0,0,Avail,Incmpl,Incmpl,Enable,OFF,OFF,904,713.250,51199.219,51199.219,51199.219,51199.219,51199.219,51199.219,1GRFE ,33.725,Avail,Incmpl,Incmpl,Enable,7.996,OFF,OFF,OFF,OFF,ON,ON,Avail,Compl,Enable,Compl,CL,CL,Compl,Unable,Not Avl,Compl,Compl,Enable,OFF,130,15,176,ON,21.250,6.875,0.105,2337,6,21,-3,OFF,0.781,3.906,3.850,OFF,0,0,79,Avail,Compl,Enable,0,GRN2#  ,ON,0,ACTIVE,ACTIVE,0.962,0.942,0.740,0.740,61.277,56.414,Avail,Compl,Avail,Incmpl,Incmpl,Enable,OBD II (California ARB),OFF,OFF,29.761,0.500,0,1st,OFF,OFF,OFF,OFF,OFF,OFF,-1.562,-1.562,ON,OFF,650,0,OFF,OFF,OFF,ON,Gasoline,1.015,OFF,OFF,0.684,ON,0.703,14.902,11,0,0.742,0.742,2.305,0.742,0.918,2.031,46.275,0,14.902,14,-0.004,0.023,OFF,ECT 5th,NA,OFF,97.614,97.702,13.333,0,Not Avl,0,0,0,0,ON,ON,0,0,1
75,0,14.198,Not Avl,Compl,Compl,Unable,OFF,Not Avl,Compl,Compl,Unable,OFF,40.625,53.906,28.125,28.750,19.531,39.551,15.686,31.765,0.781,1.582,ON,0,OFF,ON,ON,0.998,0.999,0.031,0.027,3.357,3.347,0,97,51199.219,13.925,24.314,OFF,OFF,OFF,OFF,OFF,OFF,OFF,Avail,Incmpl,Incmpl,Enable,Avail,422.600,267.700,422.600,267.700,ON,Avail,Compl,Enable,80,0,0,0,0,0,0,6,A,0,0,Avail,Incmpl,Incmpl,Enable,OFF,OFF,904,713.250,51199.219,51199.219,51199.219,51199.219,51199.219,51199.219,1GRFE ,33.725,Avail,Incmpl,Incmpl,Enable,7.996,OFF,OFF,OFF,OFF,ON,ON,Avail,Compl,Enable,Compl,CL,CL,Compl,Unable,Not Avl,Compl,Compl,Enable,OFF,130,15,176,ON,21.250,6.875,0.105,2337,6,21,-3,OFF,0.781,3.906,3.850,OFF,0,0,79,Avail,Compl,Enable,0,GRN2#  ,ON,0,ACTIVE,ACTIVE,0.962,0.942,0.740,0.740,61.277,56.414,Avail,Compl,Avail,Incmpl,Incmpl,Enable,OBD II (California ARB),OFF,OFF,29.761,0.500,0,1st,OFF,OFF,OFF,OFF,OFF,OFF,-1.562,-1.562,ON,OFF,650,0,OFF,OFF,OFF,ON,Gasoline,1.015,OFF,OFF,0.684,ON,0.703,14.902,11,0,0.742,0.742,2.305,0.742,0.918,2.031,46.275,0,14.902,14,-0.004,0.023,OFF,ECT 5th,NA,OFF,97.614,97.702,13.333,0,Not Avl,0,0,0,0,ON,ON,0,0,1
76,0,14.198,Not Avl,Compl,Compl,Unable,OFF,Not Avl,Compl,Compl,Unable,OFF,40.625,53.906,28.125,28.750,19.531,39.551,15.686,31.765,0.781,1.582,ON,0,OFF,ON,ON,0.998,0.999,0.031,0.027,3.357,3.347,0,97,51199.219,13.925,24.314,OFF,OFF,OFF,OFF,OFF,OFF,OFF,Avail,Incmpl,Incmpl,Enable,Avail,422.600,267.700,422.600,267.700,ON,Avail,Compl,Enable,80,0,0,0,0,0,0,6,A,0,0,Avail,Incmpl,Incmpl,Enable,OFF,OFF,904,713.250,51199.219,51199.219,51199.219,51199.219,51199.219,51199.219,1GRFE ,33.725,Avail,Incmpl,Incmpl,Enable,7.996,OFF,OFF,OFF,OFF,ON,ON,Avail,Compl,Enable,Compl,CL,CL,Compl,Unable,Not Avl,Compl,Compl,Enable,OFF,130,15,176,ON,21.250,6.875,0.105,2337,6,21,-3,OFF,0.781,3.906,3.850,OFF,0,0,79,Avail,Compl,Enable,0,GRN2#  ,ON,0,ACTIVE,ACTIVE,0.962,0.942,0.740,0.740,61.277,56.414,Avail,Compl,Avail,Incmpl,Incmpl,Enable,OBD II (California ARB),OFF,OFF,29.761,0.500,0,1st,OFF,OFF,OFF,OFF,OFF,OFF,-1.562,-1.562,ON,OFF,650,0,OFF,OFF,OFF,ON,Gasoline,1.015,OFF,OFF,0.684,ON,0.703,14.902,11,0,0.742,0.742,2.305,0.742,0.918,2.031,46.275,0,14.902,14,-0.004,0.023,OFF,ECT 5th,NA,OFF,97.614,97.702,13.333,0,Not Avl,0,0,0,0,ON,ON,0,0,1
77,0,14.198,Not Avl,Compl,Compl,Unable,OFF,Not Avl,Compl,Compl,Unable,OFF,40.625,53.906,28.125,28.750,19.531,39.551,15.686,31.765,0.781,1.582,ON,0,OFF,ON,ON,0.998,0.999,0.031,0.027,3.357,3.347,0,97,51199.219,13.925,24.314,OFF,OFF,OFF,OFF,OFF,OFF,OFF,Avail,Incmpl,Incmpl,Enable,Avail,422.600,267.700,422.600,267.700,ON,Avail,Compl,Enable,80,0,0,0,0,0,0,6,A,0,0,Avail,Incmpl,Incmpl,Enable,OFF,OFF,904,713.250,51199.219,51199.219,51199.219,51199.219,51199.219,51199.219,1GRFE ,33.725,Avail,Incmpl,Incmpl,Enable,7.996,OFF,OFF,OFF,OFF,ON,ON,Avail,Compl,Enable,Compl,CL,CL,Compl,Unable,Not Avl,Compl,Compl,Enable,OFF,130,15,176,ON,21.250,6.875,0.105,2337,6,21,-3,OFF,0.781,3.906,3.850,OFF,0,0,79,Avail,Compl,Enable,0,GRN2#  ,ON,0,ACTIVE,ACTIVE,0.962,0.942,0.740,0.740,61.277,56.414,Avail,Compl,Avail,Incmpl,Incmpl,Enable,OBD II (California ARB),OFF,OFF,29.761,0.500,0,1st,OFF,OFF,OFF,OFF,OFF,OFF,-1.562,-1.562,ON,OFF,650,0,OFF,OFF,OFF,ON,Gasoline,1.015,OFF,OFF,0.684,ON,0.703,14.902,11,0,0.742,0.742,2.305,0.742,0.918,2.031,46.275,0,14.902,14,-0.004,0.023,OFF,ECT 5th,NA,OFF,97.614,97.702,13.333,0,Not Avl,0,0,0,0,ON,ON,0,0,1
78,0,14.198,Not Avl,Compl,Compl,Unable,OFF,Not Avl,Compl,Compl,Unable,OFF,40.625,53.906,28.125,28.750,19.531,39.551,15.686,31.765,0.781,1.582,ON,0,OFF,ON,ON,0.998,0.999,0.031,0.027,3.357,3.347,0,97,51199.219,13.925,24.314,OFF,OFF,OFF,OFF,OFF,OFF,OFF,Avail,Incmpl,Incmpl,Enable,Avail,422.600,267.700,422.600,267.700,ON,Avail,Compl,Enable,80,0,0,0,0,0,0,6,A,0,0,Avail,Incmpl,Incmpl,Enable,OFF,OFF,904,713.250,51199.219,51199.219,51199.219,51199.219,51199.219,51199.219,1GRFE ,33.725,Avail,Incmpl,Incmpl,Enable,7.996,OFF,OFF,OFF,OFF,ON,ON,Avail,Compl,Enable,Compl,CL,CL,Compl,Unable,Not Avl,Compl,Compl,Enable,OFF,130,15,176,ON,21.250,6.875,0.105,2337,6,21,-3,OFF,0.781,3.906,3.850,OFF,0,0,79,Avail,Compl,Enable,0,GRN2#  ,ON,0,ACTIVE,ACTIVE,0.962,0.942,0.740,0.740,61.277,56.414,Avail,Compl,Avail,Incmpl,Incmpl,Enable,OBD II (California ARB),OFF,OFF,29.761,0.500,0,1st,OFF,OFF,OFF,OFF,OFF,OFF,-1.562,-1.562,ON,OFF,650,0,OFF,OFF,OFF,ON,Gasoline,1.015,OFF,OFF,0.684,ON,0.703,14.902,11,0,0.742,0.742,2.305,0.742,0.918,2.031,46.275,0,14.902,14,-0.004,0.023,OFF,ECT 5th,NA,OFF,97.614,97.702,13.333,0,Not Avl,0,0,0,0,ON,ON,0,0,1
79,0,14.198,Not Avl,Compl,Compl,Unable,OFF,Not Avl,Compl,Compl,Unable,OFF,40.625,53.906,28.125,28.750,19.531,39.551,15.686,31.765,0.781,1.582,ON,0,OFF,ON,ON,0.998,0.999,0.031,0.027,3.357,3.347,0,97,51199.219,13.925,24.314,OFF,OFF,OFF,OFF,OFF,OFF,OFF,Avail,Incmpl,Incmpl,Enable,Avail,422.600,267.700,422.600,267.700,ON,Avail,Compl,Enable,80,0,0,0,0,0,0,6,A,0,0,Avail,Incmpl,Incmpl,Enable,OFF,OFF,904,713.250,51199.219,51199.219,51199.219,51199.219,51199.219,51199.219,1GRFE ,33.725,Avail,Incmpl,Incmpl,Enable,7.996,OFF,OFF,OFF,OFF,ON,ON,Avail,Compl,Enable,Compl,CL,CL,Compl,Unable,Not Avl,Compl,Compl,Enable,OFF,130,15,176,ON,21.250,6.875,0.105,2337,6,21,-3,OFF,0.781,3.906,3.850,OFF,0,0,79,Avail,Compl,Enable,0,GRN2#  ,ON,0,ACTIVE,ACTIVE,0.962,0.942,0.740,0.740,61.277,56.414,Avail,Compl,Avail,Incmpl,Incmpl,Enable,OBD II (California ARB),OFF,OFF,29.761,0.500,0,1st,OFF,OFF,OFF,OFF,OFF,OFF,-1.562,-1.562,ON,OFF,650,0,OFF,OFF,OFF,ON,Gasoline,1.015,OFF,OFF,0.684,ON,0.703,14.902,11,0,0.742,0.742,2.305,0.742,0.918,2.031,46.275,0,14.902,14,-0.004,0.023,OFF,ECT 5th,NA,OFF,97.614,97.702,13.333,0,Not Avl,0,0,0,0,ON,ON,0,0,1
80,0,14.198,Not Avl,Compl,Compl,Unable,OFF,Not Avl,Compl,Compl,Unable,OFF,40.625,53.906,28.125,28.750,19.531,39.551,15.686,31.765,0.781,1.582,ON,0,OFF,ON,ON,0.998,0.999,0.031,0.027,3.357,3.347,0,97,51199.219,13.925,24.314,OFF,OFF,OFF,OFF,OFF,OFF,OFF,Avail,Incmpl,Incmpl,Enable,Avail,422.600,267.700,422.600,267.700,ON,Avail,Compl,Enable,80,0,0,0,0,0,0,6,A,0,0,Avail,Incmpl,Incmpl,Enable,OFF,OFF,904,713.250,51199.219,51199.219,51199.219,51199.219,51199.219,51199.219,1GRFE ,33.725,Avail,Incmpl,Incmpl,Enable,7.996,OFF,OFF,OFF,OFF,ON,ON,Avail,Compl,Enable,Compl,CL,CL,Compl,Unable,Not Avl,Compl,Compl,Enable,OFF,130,15,176,ON,21.250,6.875,0.105,2337,6,21,-3,OFF,0.781,3.906,3.850,OFF,0,0,79,Avail,Compl,Enable,0,GRN2#  ,ON,0,ACTIVE,ACTIVE,0.962,0.942,0.740,0.740,61.277,56.414,Avail,Compl,Avail,Incmpl,Incmpl,Enable,OBD II (California ARB),OFF,OFF,29.761,0.500,0,1st,OFF,OFF,OFF,OFF,OFF,OFF,-1.562,-1.562,ON,OFF,650,0,OFF,OFF,OFF,ON,Gasoline,1.015,OFF,OFF,0.684,ON,0.703,14.902,11,0,0.742,0.742,2.305,0.742,0.918,2.031,46.275,0,14.902,14,-0.004,0.023,OFF,ECT 5th,NA,OFF,97.614,97.702,13.333,0,Not Avl,0,0,0,0,ON,ON,0,0,1
81,0,14.198,Not Avl,Compl,Compl,Unable,OFF,Not Avl,Compl,Compl,Unable,OFF,40.625,53.906,28.125,28.750,19.531,39.551,15.686,31.765,0.781,1.582,ON,0,OFF,ON,ON,0.998,0.999,0.031,0.027,3.357,3.347,0,97,51199.219,13.925,24.314,OFF,OFF,OFF,OFF,OFF,OFF,OFF,Avail,Incmpl,Incmpl,Enable,Avail,422.600,267.700,422.600,267.700,ON,Avail,Compl,Enable,80,0,0,0,0,0,0,6,A,0,0,Avail,Incmpl,Incmpl,Enable,OFF,OFF,904,713.250,51199.219,51199.219,51199.219,51199.219,51199.219,51199.219,1GRFE ,33.725,Avail,Incmpl,Incmpl,Enable,7.996,OFF,OFF,OFF,OFF,ON,ON,Avail,Compl,Enable,Compl,CL,CL,Compl,Unable,Not Avl,Compl,Compl,Enable,OFF,130,15,176,ON,21.250,6.875,0.105,2337,6,21,-3,OFF,0.781,3.906,3.850,OFF,0,0,79,Avail,Compl,Enable,0,GRN2#  ,ON,0,ACTIVE,ACTIVE,0.962,0.942,0.740,0.740,61.277,56.414,Avail,Compl,Avail,Incmpl,Incmpl,Enable,OBD II (California ARB),OFF,OFF,29.761,0.500,0,1st,OFF,OFF,OFF,OFF,OFF,OFF,-1.562,-1.562,ON,OFF,650,0,OFF,OFF,OFF,ON,Gasoline,1.015,OFF,OFF,0.684,ON,0.703,14.902,11,0,0.742,0.742,2.305,0.742,0.918,2.031,46.275,0,14.902,14,-0.004,0.023,OFF,ECT 5th,NA,OFF,97.614,97.702,13.333,0,Not Avl,0,0,0,0,ON,ON,0,0,1
82,0,14.198,Not Avl,Compl,Compl,Unable,OFF,Not Avl,Compl,Compl,Unable,OFF,40.625,53.906,28.125,28.750,19.531,39.551,15.686,31.765,0.781,1.582,ON,0,OFF,ON,ON,0.998,0.999,0.031,0.027,3.357,3.347,0,97,51199.219,13.925,24.314,OFF,OFF,OFF,OFF,OFF,OFF,OFF,Avail,Incmpl,Incmpl,Enable,Avail,422.600,267.700,422.600,267.700,ON,Avail,Compl,Enable,80,0,0,0,0,0,0,6,A,0,0,Avail,Incmpl,Incmpl,Enable,OFF,OFF,904,713.250,51199.219,51199.219,51199.219,51199.219,51199.219,51199.219,1GRFE ,33.725,Avail,Incmpl,Incmpl,Enable,7.996,OFF,OFF,OFF,OFF,ON,ON,Avail,Compl,Enable,Compl,CL,CL,Compl,Unable,Not Avl,Compl,Compl,Enable,OFF,130,15,176,ON,21.250,6.875,0.105,2337,6,21,-3,OFF,0.781,3.906,3.850,OFF,0,0,79,Avail,Compl,Enable,0,GRN2#  ,ON,0,ACTIVE,ACTIVE,0.962,0.942,0.740,0.740,61.277,56.414,Avail,Compl,Avail,Incmpl,Incmpl,Enable,OBD II (California ARB),OFF,OFF,29.761,0.500,0,1st,OFF,OFF,OFF,OFF,OFF,OFF,-1.562,-1.562,ON,OFF,650,0,OFF,OFF,OFF,ON,Gasoline,1.015,OFF,OFF,0.684,ON,0.703,14.902,11,0,0.742,0.742,2.305,0.742,0.918,2.031,46.275,0,14.902,14,-0.004,0.023,OFF,ECT 5th,NA,OFF,97.614,97.702,13.333,0,Not Avl,0,0,0,0,ON,ON,0,0,1
83,0,14.198,Not Avl,Compl,Compl,Unable,OFF,Not Avl,Compl,Compl,Unable,OFF,40.625,53.906,28.125,28.750,19.531,39.551,15.686,31.765,0.781,1.582,ON,0,OFF,ON,ON,0.998,0.999,0.031,0.027,3.357,3.347,0,97,51199.219,13.925,24.314,OFF,OFF,OFF,OFF,OFF,OFF,OFF,Avail,Incmpl,Incmpl,Enable,Avail,422.600,267.700,422.600,267.700,ON,Avail,Compl,Enable,80,0,0,0,0,0,0,6,A,0,0,Avail,Incmpl,Incmpl,Enable,OFF,OFF,904,713.250,51199.219,51199.219,51199.219,51199.219,51199.219,51199.219,1GRFE ,33.725,Avail,Incmpl,Incmpl,Enable,7.996,OFF,OFF,OFF,OFF,ON,ON,Avail,Compl,Enable,Compl,CL,CL,Compl,Unable,Not Avl,Compl,Compl,Enable,OFF,130,15,176,ON,21.250,6.875,0.105,2337,6,21,-3,OFF,0.781,3.906,3.850,OFF,0,0,79,Avail,Compl,Enable,0,GRN2#  ,ON,0,ACTIVE,ACTIVE,0.962,0.942,0.740,0.740,61.277,56.414,Avail,Compl,Avail,Incmpl,Incmpl,Enable,OBD II (California ARB),OFF,OFF,29.761,0.500,0,1st,OFF,OFF,OFF,OFF,OFF,OFF,-1.562,-1.562,ON,OFF,650,0,OFF,OFF,OFF,ON,Gasoline,1.015,OFF,OFF,0.684,ON,0.703,14.902,11,0,0.742,0.742,2.305,0.742,0.918,2.031,46.275,0,14.902,14,-0.004,0.023,OFF,ECT 5th,NA,OFF,97.614,97.702,13.333,0,Not Avl,0,0,0,0,ON,ON,0,0,1
84,0,14.198,Not Avl,Compl,Compl,Unable,OFF,Not Avl,Compl,Compl,Unable,OFF,40.625,53.906,28.125,28.750,19.531,39.551,15.686,31.765,0.781,1.582,ON,0,OFF,ON,ON,0.998,0.999,0.031,0.027,3.357,3.347,0,97,51199.219,13.925,24.314,OFF,OFF,OFF,OFF,OFF,OFF,OFF,Avail,Incmpl,Incmpl,Enable,Avail,422.600,267.700,422.600,267.700,ON,Avail,Compl,Enable,80,0,0,0,0,0,0,6,A,0,0,Avail,Incmpl,Incmpl,Enable,OFF,OFF,904,713.250,51199.219,51199.219,51199.219,51199.219,51199.219,51199.219,1GRFE ,33.725,Avail,Incmpl,Incmpl,Enable,7.996,OFF,OFF,OFF,OFF,ON,ON,Avail,Compl,Enable,Compl,CL,CL,Compl,Unable,Not Avl,Compl,Compl,Enable,OFF,130,15,176,ON,21.250,6.875,0.105,2337,6,21,-3,OFF,0.781,3.906,3.850,OFF,0,0,79,Avail,Compl,Enable,0,GRN2#  ,ON,0,ACTIVE,ACTIVE,0.962,0.942,0.740,0.740,61.277,56.414,Avail,Compl,Avail,Incmpl,Incmpl,Enable,OBD II (California ARB),OFF,OFF,29.761,0.500,0,1st,OFF,OFF,OFF,OFF,OFF,OFF,-1.562,-1.562,ON,OFF,650,0,OFF,OFF,OFF,ON,Gasoline,1.015,OFF,OFF,0.684,ON,0.703,14.902,11,0,0.742,0.742,2.305,0.742,0.918,2.031,46.275,0,14.902,14,-0.004,0.023,OFF,ECT 5th,NA,OFF,97.614,97.702,13.333,0,Not Avl,0,0,0,0,ON,ON,0,0,1
85,0,14.198,Not Avl,Compl,Compl,Unable,OFF,Not Avl,Compl,Compl,Unable,OFF,40.625,53.906,28.125,28.750,19.531,39.551,15.686,31.765,0.781,1.582,ON,0,OFF,ON,ON,0.998,0.999,0.031,0.027,3.357,3.347,0,97,51199.219,13.925,24.314,OFF,OFF,OFF,OFF,OFF,OFF,OFF,Avail,Incmpl,Incmpl,Enable,Avail,422.600,267.700,422.600,267.700,ON,Avail,Compl,Enable,80,0,0,0,0,0,0,6,A,0,0,Avail,Incmpl,Incmpl,Enable,OFF,OFF,904,713.250,51199.219,51199.219,51199.219,51199.219,51199.219,51199.219,1GRFE ,33.725,Avail,Incmpl,Incmpl,Enable,7.996,OFF,OFF,OFF,OFF,ON,ON,Avail,Compl,Enable,Compl,CL,CL,Compl,Unable,Not Avl,Compl,Compl,Enable,OFF,130,15,176,ON,21.250,6.875,0.105,2337,6,21,-3,OFF,0.781,3.906,3.850,OFF,0,0,79,Avail,Compl,Enable,0,GRN2#  ,ON,0,ACTIVE,ACTIVE,0.962,0.942,0.740,0.740,61.277,56.414,Avail,Compl,Avail,Incmpl,Incmpl,Enable,OBD II (California ARB),OFF,OFF,29.761,0.500,0,1st,OFF,OFF,OFF,OFF,OFF,OFF,-1.562,-1.562,ON,OFF,650,0,OFF,OFF,OFF,ON,Gasoline,1.015,OFF,OFF,0.684,ON,0.703,14.902,11,0,0.742,0.742,2.305,0.742,0.918,2.031,46.275,0,14.902,14,-0.004,0.023,OFF,ECT 5th,NA,OFF,97.614,97.702,13.333,0,Not Avl,0,0,0,0,ON,ON,0,0,1
86,0,14.198,Not Avl,Compl,Compl,Unable,OFF,Not Avl,Compl,Compl,Unable,OFF,40.625,53.906,28.125,28.750,19.531,39.551,15.686,31.765,0.781,1.582,ON,0,OFF,ON,ON,0.998,0.999,0.031,0.027,3.357,3.347,0,97,51199.219,13.925,24.314,OFF,OFF,OFF,OFF,OFF,OFF,OFF,Avail,Incmpl,Incmpl,Enable,Avail,422.600,267.700,422.600,267.700,ON,Avail,Compl,Enable,80,0,0,0,0,0,0,6,A,0,0,Avail,Incmpl,Incmpl,Enable,OFF,OFF,904,713.250,51199.219,51199.219,51199.219,51199.219,51199.219,51199.219,1GRFE ,33.725,Avail,Incmpl,Incmpl,Enable,7.996,OFF,OFF,OFF,OFF,ON,ON,Avail,Compl,Enable,Compl,CL,CL,Compl,Unable,Not Avl,Compl,Compl,Enable,OFF,130,15,176,ON,21.250,6.875,0.105,2337,6,21,-3,OFF,0.781,3.906,3.850,OFF,0,0,79,Avail,Compl,Enable,0,GRN2#  ,ON,0,ACTIVE,ACTIVE,0.962,0.942,0.740,0.740,61.277,56.414,Avail,Compl,Avail,Incmpl,Incmpl,Enable,OBD II (California ARB),OFF,OFF,29.761,0.500,0,1st,OFF,OFF,OFF,OFF,OFF,OFF,-1.562,-1.562,ON,OFF,650,0,OFF,OFF,OFF,ON,Gasoline,1.015,OFF,OFF,0.684,ON,0.703,14.902,11,0,0.742,0.742,2.305,0.742,0.918,2.031,46.275,0,14.902,14,-0.004,0.023,OFF,ECT 5th,NA,OFF,97.614,97.702,13.333,0,Not Avl,0,0,0,0,ON,ON,0,0,1
87,0,14.198,Not Avl,Compl,Compl,Unable,OFF,Not Avl,Compl,Compl,Unable,OFF,40.625,53.906,28.125,28.750,19.531,39.551,15.686,31.765,0.781,1.582,ON,0,OFF,ON,ON,0.998,0.999,0.031,0.027,3.357,3.347,0,97,51199.219,13.925,24.314,OFF,OFF,OFF,OFF,OFF,OFF,OFF,Avail,Incmpl,Incmpl,Enable,Avail,422.600,267.700,422.600,267.700,ON,Avail,Compl,Enable,80,0,0,0,0,0,0,6,A,0,0,Avail,Incmpl,Incmpl,Enable,OFF,OFF,904,713.250,51199.219,51199.219,51199.219,51199.219,51199.219,51199.219,1GRFE ,33.725,Avail,Incmpl,Incmpl,Enable,7.996,OFF,OFF,OFF,OFF,ON,ON,Avail,Compl,Enable,Compl,CL,CL,Compl,Unable,Not Avl,Compl,Compl,Enable,OFF,130,15,176,ON,21.250,6.875,0.105,2337,6,21,-3,OFF,0.781,3.906,3.850,OFF,0,0,79,Avail,Compl,Enable,0,GRN2#  ,ON,0,ACTIVE,ACTIVE,0.962,0.942,0.740,0.740,61.277,56.414,Avail,Compl,Avail,Incmpl,Incmpl,Enable,OBD II (California ARB),OFF,OFF,29.761,0.500,0,1st,OFF,OFF,OFF,OFF,OFF,OFF,-1.562,-1.562,ON,OFF,650,0,OFF,OFF,OFF,ON,Gasoline,1.015,OFF,OFF,0.684,ON,0.703,14.902,11,0,0.742,0.742,2.305,0.742,0.918,2.031,46.275,0,14.902,14,-0.004,0.023,OFF,ECT 5th,NA,OFF,97.614,97.702,13.333,0,Not Avl,0,0,0,0,ON,ON,0,0,1
88,0,14.198,Not Avl,Compl,Compl,Unable,OFF,Not Avl,Compl,Compl,Unable,OFF,40.625,53.906,28.125,28.750,19.531,39.551,15.686,31.765,0.781,1.582,ON,0,OFF,ON,ON,0.998,0.999,0.031,0.027,3.357,3.347,0,97,51199.219,13.925,24.314,OFF,OFF,OFF,OFF,OFF,OFF,OFF,Avail,Incmpl,Incmpl,Enable,Avail,422.600,267.700,422.600,267.700,ON,Avail,Compl,Enable,80,0,0,0,0,0,0,6,A,0,0,Avail,Incmpl,Incmpl,Enable,OFF,OFF,904,713.250,51199.219,51199.219,51199.219,51199.219,51199.219,51199.219,1GRFE ,33.725,Avail,Incmpl,Incmpl,Enable,7.996,OFF,OFF,OFF,OFF,ON,ON,Avail,Compl,Enable,Compl,CL,CL,Compl,Unable,Not Avl,Compl,Compl,Enable,OFF,130,15,176,ON,21.250,6.875,0.105,2337,6,21,-3,OFF,0.781,3.906,3.850,OFF,0,0,79,Avail,Compl,Enable,0,GRN2#  ,ON,0,ACTIVE,ACTIVE,0.962,0.942,0.740,0.740,61.277,56.414,Avail,Compl,Avail,Incmpl,Incmpl,Enable,OBD II (California ARB),OFF,OFF,29.761,0.500,0,1st,OFF,OFF,OFF,OFF,OFF,OFF,-1.562,-1.562,ON,OFF,650,0,OFF,OFF,OFF,ON,Gasoline,1.015,OFF,OFF,0.684,ON,0.703,14.902,11,0,0.742,0.742,2.305,0.742,0.918,2.031,46.275,0,14.902,14,-0.004,0.023,OFF,ECT 5th,NA,OFF,97.614,97.702,13.333,0,Not Avl,0,0,0,0,ON,ON,0,0,1
89,0,14.198,Not Avl,Compl,Compl,Unable,OFF,Not Avl,Compl,Compl,Unable,OFF,40.625,53.906,28.125,28.750,19.531,39.551,15.686,31.765,0.781,1.582,ON,0,OFF,ON,ON,0.998,0.999,0.031,0.027,3.357,3.347,0,97,51199.219,13.925,24.314,OFF,OFF,OFF,OFF,OFF,OFF,OFF,Avail,Incmpl,Incmpl,Enable,Avail,422.600,267.700,422.600,267.700,ON,Avail,Compl,Enable,80,0,0,0,0,0,0,6,A,0,0,Avail,Incmpl,Incmpl,Enable,OFF,OFF,904,713.250,51199.219,51199.219,51199.219,51199.219,51199.219,51199.219,1GRFE ,33.725,Avail,Incmpl,Incmpl,Enable,7.996,OFF,OFF,OFF,OFF,ON,ON,Avail,Compl,Enable,Compl,CL,CL,Compl,Unable,Not Avl,Compl,Compl,Enable,OFF,130,15,176,ON,21.250,6.875,0.105,2337,6,21,-3,OFF,0.781,3.906,3.850,OFF,0,0,79,Avail,Compl,Enable,0,GRN2#  ,ON,0,ACTIVE,ACTIVE,0.962,0.942,0.740,0.740,61.277,56.414,Avail,Compl,Avail,Incmpl,Incmpl,Enable,OBD II (California ARB),OFF,OFF,29.761,0.500,0,1st,OFF,OFF,OFF,OFF,OFF,OFF,-1.562,-1.562,ON,OFF,650,0,OFF,OFF,OFF,ON,Gasoline,1.015,OFF,OFF,0.684,ON,0.703,14.902,11,0,0.742,0.742,2.305,0.742,0.918,2.031,46.275,0,14.902,14,-0.004,0.023,OFF,ECT 5th,NA,OFF,97.614,97.702,13.333,0,Not Avl,0,0,0,0,ON,ON,0,0,1
90,0,14.198,Not Avl,Compl,Compl,Unable,OFF,Not Avl,Compl,Compl,Unable,OFF,40.625,53.906,28.125,28.750,19.531,39.551,15.686,31.765,0.781,1.582,ON,0,OFF,ON,ON,0.998,0.999,0.031,0.027,3.357,3.347,0,97,51199.219,13.925,24.314,OFF,OFF,OFF,OFF,OFF,OFF,OFF,Avail,Incmpl,Incmpl,Enable,Avail,422.600,267.700,422.600,267.700,ON,Avail,Compl,Enable,80,0,0,0,0,0,0,6,A,0,0,Avail,Incmpl,Incmpl,Enable,OFF,OFF,904,713.250,51199.219,51199.219,51199.219,51199.219,51199.219,51199.219,1GRFE ,33.725,Avail,Incmpl,Incmpl,Enable,7.996,OFF,OFF,OFF,OFF,ON,ON,Avail,Compl,Enable,Compl,CL,CL,Compl,Unable,Not Avl,Compl,Compl,Enable,OFF,130,15,176,ON,21.250,6.875,0.105,2337,6,21,-3,OFF,0.781,3.906,3.850,OFF,0,0,79,Avail,Compl,Enable,0,GRN2#  ,ON,0,ACTIVE,ACTIVE,0.962,0.942,0.740,0.740,61.277,56.414,Avail,Compl,Avail,Incmpl,Incmpl,Enable,OBD II (California ARB),OFF,OFF,29.761,0.500,0,1st,OFF,OFF,OFF,OFF,OFF,OFF,-1.562,-1.562,ON,OFF,650,0,OFF,OFF,OFF,ON,Gasoline,1.015,OFF,OFF,0.684,ON,0.703,14.902,11,0,0.742,0.742,2.305,0.742,0.918,2.031,46.275,0,14.902,14,-0.004,0.023,OFF,ECT 5th,NA,OFF,97.614,97.702,13.333,0,Not Avl,0,0,0,0,ON,ON,0,0,1
91,0,14.198,Not Avl,Compl,Compl,Unable,OFF,Not Avl,Compl,Compl,Unable,OFF,40.625,53.906,28.125,28.750,19.531,39.551,15.686,31.765,0.781,1.582,ON,0,OFF,ON,ON,0.998,0.999,0.031,0.027,3.357,3.347,0,97,51199.219,13.925,24.314,OFF,OFF,OFF,OFF,OFF,OFF,OFF,Avail,Incmpl,Incmpl,Enable,Avail,422.600,267.700,422.600,267.700,ON,Avail,Compl,Enable,80,0,0,0,0,0,0,6,A,0,0,Avail,Incmpl,Incmpl,Enable,OFF,OFF,904,713.250,51199.219,51199.219,51199.219,51199.219,51199.219,51199.219,1GRFE ,33.725,Avail,Incmpl,Incmpl,Enable,7.996,OFF,OFF,OFF,OFF,ON,ON,Avail,Compl,Enable,Compl,CL,CL,Compl,Unable,Not Avl,Compl,Compl,Enable,OFF,130,15,176,ON,21.250,6.875,0.105,2337,6,21,-3,OFF,0.781,3.906,3.850,OFF,0,0,79,Avail,Compl,Enable,0,GRN2#  ,ON,0,ACTIVE,ACTIVE,0.962,0.942,0.740,0.740,61.277,56.414,Avail,Compl,Avail,Incmpl,Incmpl,Enable,OBD II (California ARB),OFF,OFF,29.761,0.500,0,1st,OFF,OFF,OFF,OFF,OFF,OFF,-1.562,-1.562,ON,OFF,650,0,OFF,OFF,OFF,ON,Gasoline,1.015,OFF,OFF,0.684,ON,0.703,14.902,11,0,0.742,0.742,2.305,0.742,0.918,2.031,46.275,0,14.902,14,-0.004,0.023,OFF,ECT 5th,NA,OFF,97.614,97.702,13.333,0,Not Avl,0,0,0,0,ON,ON,0,0,1
92,0,14.198,Not Avl,Compl,Compl,Unable,OFF,Not Avl,Compl,Compl,Unable,OFF,40.625,53.906,28.125,28.750,19.531,39.551,15.686,31.765,0.781,1.582,ON,0,OFF,ON,ON,0.998,0.999,0.031,0.027,3.357,3.347,0,97,51199.219,13.925,24.314,OFF,OFF,OFF,OFF,OFF,OFF,OFF,Avail,Incmpl,Incmpl,Enable,Avail,422.600,267.700,422.600,267.700,ON,Avail,Compl,Enable,80,0,0,0,0,0,0,6,A,0,0,Avail,Incmpl,Incmpl,Enable,OFF,OFF,904,713.250,51199.219,51199.219,51199.219,51199.219,51199.219,51199.219,1GRFE ,33.725,Avail,Incmpl,Incmpl,Enable,7.996,OFF,OFF,OFF,OFF,ON,ON,Avail,Compl,Enable,Compl,CL,CL,Compl,Unable,Not Avl,Compl,Compl,Enable,OFF,130,15,176,ON,21.250,6.875,0.105,2337,6,21,-3,OFF,0.781,3.906,3.850,OFF,0,0,79,Avail,Compl,Enable,0,GRN2#  ,ON,0,ACTIVE,ACTIVE,0.962,0.942,0.740,0.740,61.277,56.414,Avail,Compl,Avail,Incmpl,Incmpl,Enable,OBD II (California ARB),OFF,OFF,29.761,0.500,0,1st,OFF,OFF,OFF,OFF,OFF,OFF,-1.562,-1.562,ON,OFF,650,0,OFF,OFF,OFF,ON,Gasoline,1.015,OFF,OFF,0.684,ON,0.703,14.902,11,0,0.742,0.742,2.305,0.742,0.918,2.031,46.275,0,14.902,14,-0.004,0.023,OFF,ECT 5th,NA,OFF,97.614,97.702,13.333,0,Not Avl,0,0,0,0,ON,ON,0,0,1
93,0,14.198,Not Avl,Compl,Compl,Unable,OFF,Not Avl,Compl,Compl,Unable,OFF,40.625,53.906,28.125,28.750,19.531,39.551,15.686,31.765,0.781,1.582,ON,0,OFF,ON,ON,0.998,0.999,0.031,0.027,3.357,3.347,0,97,51199.219,13.925,24.314,OFF,OFF,OFF,OFF,OFF,OFF,OFF,Avail,Incmpl,Incmpl,Enable,Avail,422.600,267.700,422.600,267.700,ON,Avail,Compl,Enable,80,0,0,0,0,0,0,6,A,0,0,Avail,Incmpl,Incmpl,Enable,OFF,OFF,904,713.250,51199.219,51199.219,51199.219,51199.219,51199.219,51199.219,1GRFE ,33.725,Avail,Incmpl,Incmpl,Enable,7.996,OFF,OFF,OFF,OFF,ON,ON,Avail,Compl,Enable,Compl,CL,CL,Compl,Unable,Not Avl,Compl,Compl,Enable,OFF,130,15,176,ON,21.250,6.875,0.105,2337,6,21,-3,OFF,0.781,3.906,3.850,OFF,0,0,79,Avail,Compl,Enable,0,GRN2#  ,ON,0,ACTIVE,ACTIVE,0.962,0.942,0.740,0.740,61.277,56.414,Avail,Compl,Avail,Incmpl,Incmpl,Enable,OBD II (California ARB),OFF,OFF,29.761,0.500,0,1st,OFF,OFF,OFF,OFF,OFF,OFF,-1.562,-1.562,ON,OFF,650,0,OFF,OFF,OFF,ON,Gasoline,1.015,OFF,OFF,0.684,ON,0.703,14.902,11,0,0.742,0.742,2.305,0.742,0.918,2.031,46.275,0,14.902,14,-0.004,0.023,OFF,ECT 5th,NA,OFF,97.614,97.702,13.333,0,Not Avl,0,0,0,0,ON,ON,0,0,1
94,0,14.198,Not Avl,Compl,Compl,Unable,OFF,Not Avl,Compl,Compl,Unable,OFF,40.625,53.906,28.125,28.750,19.531,39.551,15.686,31.765,0.781,1.582,ON,0,OFF,ON,ON,0.998,0.999,0.031,0.027,3.357,3.347,0,97,51199.219,13.925,24.314,OFF,OFF,OFF,OFF,OFF,OFF,OFF,Avail,Incmpl,Incmpl,Enable,Avail,422.600,267.700,422.600,267.700,ON,Avail,Compl,Enable,80,0,0,0,0,0,0,6,A,0,0,Avail,Incmpl,Incmpl,Enable,OFF,OFF,904,713.250,51199.219,51199.219,51199.219,51199.219,51199.219,51199.219,1GRFE ,33.725,Avail,Incmpl,Incmpl,Enable,7.996,OFF,OFF,OFF,OFF,ON,ON,Avail,Compl,Enable,Compl,CL,CL,Compl,Unable,Not Avl,Compl,Compl,Enable,OFF,130,15,176,ON,21.250,6.875,0.105,2337,6,21,-3,OFF,0.781,3.906,3.850,OFF,0,0,79,Avail,Compl,Enable,0,GRN2#  ,ON,0,ACTIVE,ACTIVE,0.962,0.942,0.740,0.740,61.277,56.414,Avail,Compl,Avail,Incmpl,Incmpl,Enable,OBD II (California ARB),OFF,OFF,29.761,0.500,0,1st,OFF,OFF,OFF,OFF,OFF,OFF,-1.562,-1.562,ON,OFF,650,0,OFF,OFF,OFF,ON,Gasoline,1.015,OFF,OFF,0.684,ON,0.703,14.902,11,0,0.742,0.742,2.305,0.742,0.918,2.031,46.275,0,14.902,14,-0.004,0.023,OFF,ECT 5th,NA,OFF,97.614,97.702,13.333,0,Not Avl,0,0,0,0,ON,ON,0,0,1
95,0,14.198,Not Avl,Compl,Compl,Unable,OFF,Not Avl,Compl,Compl,Unable,OFF,40.625,53.906,28.125,28.750,19.531,39.551,15.686,31.765,0.781,1.582,ON,0,OFF,ON,ON,0.998,0.999,0.031,0.027,3.357,3.347,0,97,51199.219,13.925,24.314,OFF,OFF,OFF,OFF,OFF,OFF,OFF,Avail,Incmpl,Incmpl,Enable,Avail,422.600,267.700,422.600,267.700,ON,Avail,Compl,Enable,80,0,0,0,0,0,0,6,A,0,0,Avail,Incmpl,Incmpl,Enable,OFF,OFF,904,713.250,51199.219,51199.219,51199.219,51199.219,51199.219,51199.219,1GRFE ,33.725,Avail,Incmpl,Incmpl,Enable,7.996,OFF,OFF,OFF,OFF,ON,ON,Avail,Compl,Enable,Compl,CL,CL,Compl,Unable,Not Avl,Compl,Compl,Enable,OFF,130,15,176,ON,21.250,6.875,0.105,2337,6,21,-3,OFF,0.781,3.906,3.850,OFF,0,0,79,Avail,Compl,Enable,0,GRN2#  ,ON,0,ACTIVE,ACTIVE,0.962,0.942,0.740,0.740,61.277,56.414,Avail,Compl,Avail,Incmpl,Incmpl,Enable,OBD II (California ARB),OFF,OFF,29.761,0.500,0,1st,OFF,OFF,OFF,OFF,OFF,OFF,-1.562,-1.562,ON,OFF,650,0,OFF,OFF,OFF,ON,Gasoline,1.015,OFF,OFF,0.684,ON,0.703,14.902,11,0,0.742,0.742,2.305,0.742,0.918,2.031,46.275,0,14.902,14,-0.004,0.023,OFF,ECT 5th,NA,OFF,97.614,97.702,13.333,0,Not Avl,0,0,0,0,ON,ON,0,0,1
96,0,14.198,Not Avl,Compl,Compl,Unable,OFF,Not Avl,Compl,Compl,Unable,OFF,40.625,53.906,28.125,28.750,19.531,39.551,15.686,31.765,0.781,1.582,ON,0,OFF,ON,ON,0.998,0.999,0.031,0.027,3.357,3.347,0,97,51199.219,13.925,24.314,OFF,OFF,OFF,OFF,OFF,OFF,OFF,Avail,Incmpl,Incmpl,Enable,Avail,422.600,267.700,422.600,267.700,ON,Avail,Compl,Enable,80,0,0,0,0,0,0,6,A,0,0,Avail,Incmpl,Incmpl,Enable,OFF,OFF,904,713.250,51199.219,51199.219,51199.219,51199.219,51199.219,51199.219,1GRFE ,33.725,Avail,Incmpl,Incmpl,Enable,7.996,OFF,OFF,OFF,OFF,ON,ON,Avail,Compl,Enable,Compl,CL,CL,Compl,Unable,Not Avl,Compl,Compl,Enable,OFF,130,15,176,ON,21.250,6.875,0.105,2337,6,21,-3,OFF,0.781,3.906,3.850,OFF,0,0,79,Avail,Compl,Enable,0,GRN2#  ,ON,0,ACTIVE,ACTIVE,0.962,0.942,0.740,0.740,61.277,56.414,Avail,Compl,Avail,Incmpl,Incmpl,Enable,OBD II (California ARB),OFF,OFF,29.761,0.500,0,1st,OFF,OFF,OFF,OFF,OFF,OFF,-1.562,-1.562,ON,OFF,650,0,OFF,OFF,OFF,ON,Gasoline,1.015,OFF,OFF,0.684,ON,0.703,14.902,11,0,0.742,0.742,2.305,0.742,0.918,2.031,46.275,0,14.902,14,-0.004,0.023,OFF,ECT 5th,NA,OFF,97.614,97.702,13.333,0,Not Avl,0,0,0,0,ON,ON,0,0,1
97,0,14.198,Not Avl,Compl,Compl,Unable,OFF,Not Avl,Compl,Compl,Unable,OFF,40.625,53.906,28.125,28.750,19.531,39.551,15.686,31.765,0.781,1.582,ON,0,OFF,ON,ON,0.998,0.999,0.031,0.027,3.357,3.347,0,97,51199.219,13.925,24.314,OFF,OFF,OFF,OFF,OFF,OFF,OFF,Avail,Incmpl,Incmpl,Enable,Avail,422.600,267.700,422.600,267.700,ON,Avail,Compl,Enable,80,0,0,0,0,0,0,6,A,0,0,Avail,Incmpl,Incmpl,Enable,OFF,OFF,904,713.250,51199.219,51199.219,51199.219,51199.219,51199.219,51199.219,1GRFE ,33.725,Avail,Incmpl,Incmpl,Enable,7.996,OFF,OFF,OFF,OFF,ON,ON,Avail,Compl,Enable,Compl,CL,CL,Compl,Unable,Not Avl,Compl,Compl,Enable,OFF,130,15,176,ON,21.250,6.875,0.105,2337,6,21,-3,OFF,0.781,3.906,3.850,OFF,0,0,79,Avail,Compl,Enable,0,GRN2#  ,ON,0,ACTIVE,ACTIVE,0.962,0.942,0.740,0.740,61.277,56.414,Avail,Compl,Avail,Incmpl,Incmpl,Enable,OBD II (California ARB),OFF,OFF,29.761,0.500,0,1st,OFF,OFF,OFF,OFF,OFF,OFF,-1.562,-1.562,ON,OFF,650,0,OFF,OFF,OFF,ON,Gasoline,1.015,OFF,OFF,0.684,ON,0.703,14.902,11,0,0.742,0.742,2.305,0.742,0.918,2.031,46.275,0,14.902,14,-0.004,0.023,OFF,ECT 5th,NA,OFF,97.614,97.702,13.333,0,Not Avl,0,0,0,0,ON,ON,0,0,1
98,0,14.198,Not Avl,Compl,Compl,Unable,OFF,Not Avl,Compl,Compl,Unable,OFF,40.625,53.906,28.125,28.750,19.531,39.551,15.686,31.765,0.781,1.582,ON,0,OFF,ON,ON,0.998,0.999,0.031,0.027,3.357,3.347,0,97,51199.219,13.925,24.314,OFF,OFF,OFF,OFF,OFF,OFF,OFF,Avail,Incmpl,Incmpl,Enable,Avail,422.600,267.700,422.600,267.700,ON,Avail,Compl,Enable,80,0,0,0,0,0,0,6,A,0,0,Avail,Incmpl,Incmpl,Enable,OFF,OFF,904,713.250,51199.219,51199.219,51199.219,51199.219,51199.219,51199.219,1GRFE ,33.725,Avail,Incmpl,Incmpl,Enable,7.996,OFF,OFF,OFF,OFF,ON,ON,Avail,Compl,Enable,Compl,CL,CL,Compl,Unable,Not Avl,Compl,Compl,Enable,OFF,130,15,176,ON,21.250,6.875,0.105,2337,6,21,-3,OFF,0.781,3.906,3.850,OFF,0,0,79,Avail,Compl,Enable,0,GRN2#  ,ON,0,ACTIVE,ACTIVE,0.962,0.942,0.740,0.740,61.277,56.414,Avail,Compl,Avail,Incmpl,Incmpl,Enable,OBD II (California ARB),OFF,OFF,29.761,0.500,0,1st,OFF,OFF,OFF,OFF,OFF,OFF,-1.562,-1.562,ON,OFF,650,0,OFF,OFF,OFF,ON,Gasoline,1.015,OFF,OFF,0.684,ON,0.703,14.902,11,0,0.742,0.742,2.305,0.742,0.918,2.031,46.275,0,14.902,14,-0.004,0.023,OFF,ECT 5th,NA,OFF,97.614,97.702,13.333,0,Not Avl,0,0,0,0,ON,ON,0,0,1
99,0,14.198,Not Avl,Compl,Compl,Unable,OFF,Not Avl,Compl,Compl,Unable,OFF,40.625,53.906,28.125,28.750,19.531,39.551,15.686,31.765,0.781,1.582,ON,0,OFF,ON,ON,0.998,0.999,0.031,0.027,3.357,3.347,0,97,51199.219,13.925,24.314,OFF,OFF,OFF,OFF,OFF,OFF,OFF,Avail,Incmpl,Incmpl,Enable,Avail,422.600,267.700,422.600,267.700,ON,Avail,Compl,Enable,80,0,0,0,0,0,0,6,A,0,0,Avail,Incmpl,Incmpl,Enable,OFF,OFF,904,713.250,51199.219,51199.219,51199.219,51199.219,51199.219,51199.219,1GRFE ,33.725,Avail,Incmpl,Incmpl,Enable,7.996,OFF,OFF,OFF,OFF,ON,ON,Avail,Compl,Enable,Compl,CL,CL,Compl,Unable,Not Avl,Compl,Compl,Enable,OFF,130,15,227,ON,21.250,6.875,0.105,2337,6,21,-3,OFF,0.781,3.906,3.850,OFF,0,0,79,Avail,Compl,Enable,0,GRN2#  ,ON,0,ACTIVE,ACTIVE,0.962,0.942,0.740,0.740,61.277,56.414,Avail,Compl,Avail,Incmpl,Incmpl,Enable,OBD II (California ARB),OFF,OFF,29.761,0.500,0,1st,OFF,OFF,OFF,OFF,OFF,OFF,-1.562,-1.562,ON,OFF,650,0,OFF,OFF,OFF,ON,Gasoline,1.015,OFF,OFF,0.684,ON,0.703,14.902,11,0,0.742,0.742,2.305,0.742,0.918,2.031,46.275,0,14.902,14,-0.004,0.023,OFF,ECT 5th,NA,OFF,97.614,97.702,13.333,0,Not Avl,0,0,0,0,ON,ON,0,0,1
100,0,14.198,Not Avl,Compl,Compl,Unable,OFF,Not Avl,Compl,Compl,Unable,OFF,40.625,53.906,28.125,28.750,19.531,39.551,15.686,31.765,0.781,1.582,ON,0,OFF,ON,ON,0.998,0.999,0.031,0.027,3.357,3.347,0,97,51199.219,13.925,24.314,OFF,OFF,OFF,OFF,OFF,OFF,OFF,Avail,Incmpl,Incmpl,Enable,Avail,422.600,267.700,422.600,267.700,ON,Avail,Compl,Enable,80,0,0,0,0,0,0,6,A,0,0,Avail,Incmpl,Incmpl,Enable,OFF,OFF,904,713.250,51199.219,51199.219,51199.219,51199.219,51199.219,51199.219,1GRFE ,33.725,Avail,Incmpl,Incmpl,Enable,7.996,OFF,OFF,OFF,OFF,ON,ON,Avail,Compl,Enable,Compl,CL,CL,Compl,Unable,Not Avl,Compl,Compl,Enable,OFF,130,15,227,ON,21.250,6.875,0.105,2337,6,21,-3,OFF,0.781,3.906,3.850,OFF,0,0,79,Avail,Compl,Enable,0,GRN2#  ,ON,0,ACTIVE,ACTIVE,0.962,0.942,0.740,0.740,61.277,56.414,Avail,Compl,Avail,Incmpl,Incmpl,Enable,OBD II (California ARB),OFF,OFF,29.761,0.500,0,1st,OFF,OFF,OFF,OFF,OFF,OFF,-1.562,-1.562,ON,OFF,650,0,OFF,OFF,OFF,ON,Gasoline,1.015,OFF,OFF,0.684,ON,0.703,14.902,11,0,0.742,0.742,2.305,0.742,0.918,2.031,46.275,0,14.902,14,-0.004,0.023,OFF,ECT 5th,NA,OFF,97.614,97.702,13.333,0,Not Avl,0,0,0,0,ON,ON,0,0,1
101,0,14.198,Not Avl,Compl,Compl,Unable,OFF,Not Avl,Compl,Compl,Unable,OFF,40.625,53.906,28.125,28.750,19.531,39.551,15.686,31.765,0.781,1.582,ON,0,OFF,ON,ON,0.998,0.999,0.031,0.027,3.357,3.347,0,97,51199.219,13.925,24.314,OFF,OFF,OFF,OFF,OFF,OFF,OFF,Avail,Incmpl,Incmpl,Enable,Avail,422.600,267.700,422.600,267.700,ON,Avail,Compl,Enable,80,0,0,0,0,0,0,6,A,0,0,Avail,Incmpl,Incmpl,Enable,OFF,OFF,904,713.250,51199.219,51199.219,51199.219,51199.219,51199.219,51199.219,1GRFE ,33.725,Avail,Incmpl,Incmpl,Enable,7.996,OFF,OFF,OFF,OFF,ON,ON,Avail,Compl,Enable,Compl,CL,CL,Compl,Unable,Not Avl,Compl,Compl,Enable,OFF,130,15,227,ON,21.250,6.875,0.105,2337,6,21,-3,OFF,0.781,3.906,3.850,OFF,0,0,79,Avail,Compl,Enable,0,GRN2#  ,ON,0,ACTIVE,ACTIVE,0.962,0.942,0.740,0.740,61.277,56.414,Avail,Compl,Avail,Incmpl,Incmpl,Enable,OBD II (California ARB),OFF,OFF,29.761,0.500,0,1st,OFF,OFF,OFF,OFF,OFF,OFF,-1.562,-1.562,ON,OFF,650,0,OFF,OFF,OFF,ON,Gasoline,1.015,OFF,OFF,0.684,ON,0.703,14.902,11,0,0.742,0.742,2.305,0.742,0.918,2.031,46.275,0,14.902,14,-0.004,0.023,OFF,ECT 5th,NA,OFF,97.614,97.702,13.333,0,Not Avl,0,0,0,0,ON,ON,0,0,1
102,0,14.198,Not Avl,Compl,Compl,Unable,OFF,Not Avl,Compl,Compl,Unable,OFF,40.625,53.906,28.125,28.750,19.531,39.551,15.686,31.765,0.781,1.582,ON,0,OFF,ON,ON,0.998,0.999,0.031,0.027,3.357,3.347,0,97,51199.219,13.925,24.314,OFF,OFF,OFF,OFF,OFF,OFF,OFF,Avail,Incmpl,Incmpl,Enable,Avail,422.600,267.700,422.600,267.700,ON,Avail,Compl,Enable,80,0,0,0,0,0,0,6,A,0,0,Avail,Incmpl,Incmpl,Enable,OFF,OFF,904,713.250,51199.219,51199.219,51199.219,51199.219,51199.219,51199.219,1GRFE ,33.725,Avail,Incmpl,Incmpl,Enable,7.996,OFF,OFF,OFF,OFF,ON,ON,Avail,Compl,Enable,Compl,CL,CL,Compl,Unable,Not Avl,Compl,Compl,Enable,OFF,130,15,227,ON,21.250,6.875,0.105,2337,6,21,-3,OFF,0.781,3.906,3.850,OFF,0,0,79,Avail,Compl,Enable,0,GRN2#  ,ON,0,ACTIVE,ACTIVE,0.962,0.942,0.740,0.740,61.277,56.414,Avail,Compl,Avail,Incmpl,Incmpl,Enable,OBD II (California ARB),OFF,OFF,29.761,0.500,0,1st,OFF,OFF,OFF,OFF,OFF,OFF,-1.562,-1.562,ON,OFF,650,0,OFF,OFF,OFF,ON,Gasoline,1.015,OFF,OFF,0.684,ON,0.703,14.902,11,0,0.742,0.742,2.305,0.742,0.918,2.031,46.275,0,14.902,14,-0.004,0.023,OFF,ECT 5th,NA,OFF,97.614,97.702,13.333,0,Not Avl,0,0,0,0,ON,ON,0,0,1
103,0,14.198,Not Avl,Compl,Compl,Unable,OFF,Not Avl,Compl,Compl,Unable,OFF,40.625,53.906,28.125,28.750,19.531,39.551,15.686,31.765,0.781,1.582,ON,0,OFF,ON,ON,0.998,0.999,0.031,0.027,3.357,3.347,0,97,51199.219,13.925,24.314,OFF,OFF,OFF,OFF,OFF,OFF,OFF,Avail,Incmpl,Incmpl,Enable,Avail,422.600,267.700,422.600,267.700,ON,Avail,Compl,Enable,80,0,0,0,0,0,0,6,A,0,0,Avail,Incmpl,Incmpl,Enable,OFF,OFF,904,713.250,51199.219,51199.219,51199.219,51199.219,51199.219,51199.219,1GRFE ,33.725,Avail,Incmpl,Incmpl,Enable,7.996,OFF,OFF,OFF,OFF,ON,ON,Avail,Compl,Enable,Compl,CL,CL,Compl,Unable,Not Avl,Compl,Compl,Enable,OFF,130,15,227,ON,21.250,6.875,0.106,2337,6,21,-3,OFF,0.781,3.906,3.850,OFF,0,0,79,Avail,Compl,Enable,0,GRN2#  ,ON,0,ACTIVE,ACTIVE,0.962,0.942,0.740,0.740,61.277,56.414,Avail,Compl,Avail,Incmpl,Incmpl,Enable,OBD II (California ARB),OFF,OFF,29.761,0.500,0,1st,OFF,OFF,OFF,OFF,OFF,OFF,-1.562,-1.562,ON,OFF,650,0,OFF,OFF,OFF,ON,Gasoline,1.015,OFF,OFF,0.684,ON,0.703,14.902,11,0,0.742,0.742,2.305,0.742,0.918,2.031,46.275,0,14.902,14,-0.004,0.023,OFF,ECT 5th,NA,OFF,97.614,97.702,13.333,0,Not Avl,0,0,0,0,ON,ON,0,0,1
104,0,14.198,Not Avl,Compl,Compl,Unable,OFF,Not Avl,Compl,Compl,Unable,OFF,40.625,53.906,28.125,28.750,19.531,39.551,15.686,31.765,0.781,1.582,ON,0,OFF,ON,ON,0.998,0.999,0.031,0.027,3.357,3.347,0,97,51199.219,13.925,24.314,OFF,OFF,OFF,OFF,OFF,OFF,OFF,Avail,Incmpl,Incmpl,Enable,Avail,422.600,267.700,422.600,267.700,ON,Avail,Compl,Enable,80,0,0,0,0,0,0,6,A,0,0,Avail,Incmpl,Incmpl,Enable,OFF,OFF,904,713.250,51199.219,51199.219,51199.219,51199.219,51199.219,51199.219,1GRFE ,33.725,Avail,Incmpl,Incmpl,Enable,7.996,OFF,OFF,OFF,OFF,ON,ON,Avail,Compl,Enable,Compl,CL,CL,Compl,Unable,Not Avl,Compl,Compl,Enable,OFF,130,15,227,ON,21.250,6.875,0.106,2362,6,21,-3,OFF,0.781,3.906,3.850,OFF,0,0,79,Avail,Compl,Enable,0,GRN2#  ,ON,0,ACTIVE,ACTIVE,0.962,0.942,0.740,0.740,61.277,56.414,Avail,Compl,Avail,Incmpl,Incmpl,Enable,OBD II (California ARB),OFF,OFF,29.761,0.500,0,1st,OFF,OFF,OFF,OFF,OFF,OFF,-1.562,-1.562,ON,OFF,650,0,OFF,OFF,OFF,ON,Gasoline,1.015,OFF,OFF,0.684,ON,0.703,14.902,11,0,0.742,0.742,2.305,0.742,0.918,2.031,46.275,0,14.902,14,-0.004,0.023,OFF,ECT 5th,NA,OFF,97.614,97.702,13.333,0,Not Avl,0,0,0,0,ON,ON,0,0,1
105,0,14.198,Not Avl,Compl,Compl,Unable,OFF,Not Avl,Compl,Compl,Unable,OFF,40.625,53.906,28.125,28.750,19.531,39.551,15.686,31.765,0.781,1.582,ON,0,OFF,ON,ON,0.998,0.999,0.031,0.027,3.357,3.347,0,97,51199.219,13.925,24.314,OFF,OFF,OFF,OFF,OFF,OFF,OFF,Avail,Incmpl,Incmpl,Enable,Avail,422.600,267.700,422.600,267.700,ON,Avail,Compl,Enable,80,0,0,0,0,0,0,6,A,0,0,Avail,Incmpl,Incmpl,Enable,OFF,OFF,904,713.250,51199.219,51199.219,51199.219,51199.219,51199.219,51199.219,1GRFE ,33.725,Avail,Incmpl,Incmpl,Enable,7.996,OFF,OFF,OFF,OFF,ON,ON,Avail,Compl,Enable,Compl,CL,CL,Compl,Unable,Not Avl,Compl,Compl,Enable,OFF,130,15,227,ON,21.250,6.875,0.106,2362,6,21,-3,OFF,0.781,3.906,3.850,OFF,0,0,79,Avail,Compl,Enable,0,GRN2#  ,ON,0,ACTIVE,ACTIVE,0.962,0.942,0.740,0.740,61.277,56.414,Avail,Compl,Avail,Incmpl,Incmpl,Enable,OBD II (California ARB),OFF,OFF,29.761,0.500,0,1st,OFF,OFF,OFF,OFF,OFF,OFF,-1.562,-1.562,ON,OFF,650,0,OFF,OFF,OFF,ON,Gasoline,1.015,OFF,OFF,0.684,ON,0.703,14.902,11,0,0.742,0.742,2.305,0.742,0.918,2.031,46.275,0,14.902,14,-0.004,0.023,OFF,ECT 5th,NA,OFF,97.614,97.702,13.333,0,Not Avl,0,0,0,0,ON,ON,0,0,1
106,0,14.198,Not Avl,Compl,Compl,Unable,OFF,Not Avl,Compl,Compl,Unable,OFF,40.625,53.906,28.125,28.750,19.531,39.551,15.686,31.765,0.781,1.582,ON,0,OFF,ON,ON,0.998,0.999,0.031,0.027,3.357,3.347,0,97,51199.219,13.925,24.314,OFF,OFF,OFF,OFF,OFF,OFF,OFF,Avail,Incmpl,Incmpl,Enable,Avail,422.600,267.700,422.600,267.700,ON,Avail,Compl,Enable,80,0,0,0,0,0,0,6,A,0,0,Avail,Incmpl,Incmpl,Enable,OFF,OFF,904,713.250,51199.219,51199.219,51199.219,51199.219,51199.219,51199.219,1GRFE ,33.725,Avail,Incmpl,Incmpl,Enable,7.996,OFF,OFF,OFF,OFF,ON,ON,Avail,Compl,Enable,Compl,CL,CL,Compl,Unable,Not Avl,Compl,Compl,Enable,OFF,130,15,227,ON,21.250,6.875,0.106,2362,6,21,-3,OFF,0.781,3.906,3.850,OFF,0,0,79,Avail,Compl,Enable,0,GRN2#  ,ON,0,ACTIVE,ACTIVE,0.962,0.942,0.740,0.740,61.277,56.414,Avail,Compl,Avail,Incmpl,Incmpl,Enable,OBD II (California ARB),OFF,OFF,29.761,0.500,0,1st,OFF,OFF,OFF,OFF,OFF,OFF,-1.562,-1.562,ON,OFF,650,0,OFF,OFF,OFF,ON,Gasoline,1.015,OFF,OFF,0.684,ON,0.703,14.902,11,0,0.742,0.742,2.305,0.742,0.918,2.031,46.275,0,14.902,14,-0.004,0.023,OFF,ECT 5th,NA,OFF,97.614,97.702,13.333,0,Not Avl,0,0,0,0,ON,ON,0,0,1
107,0,14.198,Not Avl,Compl,Compl,Unable,OFF,Not Avl,Compl,Compl,Unable,OFF,40.625,53.906,28.125,28.750,19.531,39.551,15.686,31.765,0.781,1.582,ON,0,OFF,ON,ON,0.998,0.999,0.031,0.027,3.357,3.347,0,97,51199.219,13.925,24.314,OFF,OFF,OFF,OFF,OFF,OFF,OFF,Avail,Incmpl,Incmpl,Enable,Avail,422.600,267.700,422.600,267.700,ON,Avail,Compl,Enable,80,0,0,0,0,0,0,6,A,0,0,Avail,Incmpl,Incmpl,Enable,OFF,OFF,904,713.250,51199.219,51199.219,51199.219,51199.219,51199.219,51199.219,1GRFE ,33.725,Avail,Incmpl,Incmpl,Enable,7.996,OFF,OFF,OFF,OFF,ON,ON,Avail,Compl,Enable,Compl,CL,CL,Compl,Unable,Not Avl,Compl,Compl,Enable,OFF,130,15,227,ON,21.250,6.875,0.106,2362,6,21,-3,OFF,0.781,3.906,3.850,OFF,0,0,79,Avail,Compl,Enable,0,GRN2#  ,ON,0,ACTIVE,ACTIVE,0.962,0.942,0.740,0.740,61.277,56.414,Avail,Compl,Avail,Incmpl,Incmpl,Enable,OBD II (California ARB),OFF,OFF,29.761,0.500,0,1st,OFF,OFF,OFF,OFF,OFF,OFF,-1.562,-1.562,ON,OFF,650,0,OFF,OFF,OFF,ON,Gasoline,1.015,OFF,OFF,0.684,ON,0.703,14.902,11,0,0.742,0.742,2.305,0.742,0.918,2.031,46.275,0,14.902,14,-0.004,0.023,OFF,ECT 5th,NA,OFF,97.614,97.702,13.333,0,Not Avl,0,0,0,0,ON,ON,0,0,1
108,0,14.198,Not Avl,Compl,Compl,Unable,OFF,Not Avl,Compl,Compl,Unable,OFF,40.625,53.906,28.125,28.750,19.531,39.551,15.686,31.765,0.781,1.582,ON,0,OFF,ON,ON,0.998,0.999,0.031,0.027,3.357,3.347,0,97,51199.219,13.925,24.314,OFF,OFF,OFF,OFF,OFF,OFF,OFF,Avail,Incmpl,Incmpl,Enable,Avail,422.600,267.700,422.600,267.700,ON,Avail,Compl,Enable,80,0,0,0,0,0,0,6,A,0,0,Avail,Incmpl,Incmpl,Enable,OFF,OFF,904,713.250,51199.219,51199.219,51199.219,51199.219,51199.219,51199.219,1GRFE ,33.725,Avail,Incmpl,Incmpl,Enable,7.996,OFF,OFF,OFF,OFF,ON,ON,Avail,Compl,Enable,Compl,CL,CL,Compl,Unable,Not Avl,Compl,Compl,Enable,OFF,130,15,227,ON,21.250,6.875,0.106,2362,6,21,-3,OFF,0.781,3.906,3.850,OFF,0,0,79,Avail,Compl,Enable,0,GRN2#  ,ON,0,ACTIVE,ACTIVE,0.962,0.942,0.740,0.740,61.277,56.414,Avail,Compl,Avail,Incmpl,Incmpl,Enable,OBD II (California ARB),OFF,OFF,29.761,0.500,0,1st,OFF,OFF,OFF,OFF,OFF,OFF,-1.562,-1.562,ON,OFF,650,0,OFF,OFF,OFF,ON,Gasoline,1.015,OFF,OFF,0.684,ON,0.703,14.902,11,0,0.742,0.742,2.305,0.742,0.918,2.031,46.275,0,14.902,14,-0.004,0.023,OFF,ECT 5th,NA,OFF,97.614,97.702,13.333,0,Not Avl,0,0,0,0,ON,ON,0,0,1
109,0,14.198,Not Avl,Compl,Compl,Unable,OFF,Not Avl,Compl,Compl,Unable,OFF,40.625,53.906,28.125,28.750,19.531,39.551,15.686,31.765,0.781,1.582,ON,0,OFF,ON,ON,0.998,0.999,0.031,0.027,3.357,3.347,0,97,51199.219,13.925,24.314,OFF,OFF,OFF,OFF,OFF,OFF,OFF,Avail,Incmpl,Incmpl,Enable,Avail,422.600,267.700,422.600,267.700,ON,Avail,Compl,Enable,80,0,0,0,0,0,0,6,A,0,0,Avail,Incmpl,Incmpl,Enable,OFF,OFF,904,713.250,51199.219,51199.219,51199.219,51199.219,51199.219,51199.219,1GRFE ,33.725,Avail,Incmpl,Incmpl,Enable,7.996,OFF,OFF,OFF,OFF,ON,ON,Avail,Compl,Enable,Compl,CL,CL,Compl,Unable,Not Avl,Compl,Compl,Enable,OFF,130,15,227,ON,21.250,6.875,0.106,2362,6,21,-3,OFF,0.781,3.906,3.850,OFF,0,0,79,Avail,Compl,Enable,0,GRN2#  ,ON,0,ACTIVE,ACTIVE,0.962,0.942,0.740,0.740,61.277,56.414,Avail,Compl,Avail,Incmpl,Incmpl,Enable,OBD II (California ARB),OFF,OFF,29.761,0.500,0,1st,OFF,OFF,OFF,OFF,OFF,OFF,-1.562,-1.562,ON,OFF,650,0,OFF,OFF,OFF,ON,Gasoline,1.015,OFF,OFF,0.684,ON,0.703,14.902,11,0,0.742,0.742,2.305,0.742,0.918,2.031,46.275,0,14.902,14,-0.004,0.023,OFF,ECT 5th,NA,OFF,97.614,97.702,13.333,0,Not Avl,0,0,0,0,ON,ON,0,0,1
110,0,14.198,Not Avl,Compl,Compl,Unable,OFF,Not Avl,Compl,Compl,Unable,OFF,40.625,53.906,28.125,28.750,19.531,39.551,15.686,31.765,0.781,1.582,ON,0,OFF,ON,ON,0.998,0.999,0.031,0.027,3.357,3.347,0,97,51199.219,13.925,24.314,OFF,OFF,OFF,OFF,OFF,OFF,OFF,Avail,Incmpl,Incmpl,Enable,Avail,422.600,267.700,422.600,267.700,ON,Avail,Compl,Enable,80,0,0,0,0,0,0,6,A,0,0,Avail,Incmpl,Incmpl,Enable,OFF,OFF,904,713.250,51199.219,51199.219,51199.219,51199.219,51199.219,51199.219,1GRFE ,33.725,Avail,Incmpl,Incmpl,Enable,7.996,OFF,OFF,OFF,OFF,ON,ON,Avail,Compl,Enable,Compl,CL,CL,Compl,Unable,Not Avl,Compl,Compl,Enable,OFF,130,15,227,ON,21.250,6.875,0.106,2362,6,21,-3,OFF,0.781,3.906,3.850,OFF,0,0,79,Avail,Compl,Enable,0,GRN2#  ,ON,0,ACTIVE,ACTIVE,0.962,0.942,0.740,0.740,61.277,56.414,Avail,Compl,Avail,Incmpl,Incmpl,Enable,OBD II (California ARB),OFF,OFF,29.761,0.500,0,1st,OFF,OFF,OFF,OFF,OFF,OFF,-1.562,-1.562,ON,OFF,650,0,OFF,OFF,OFF,ON,Gasoline,1.015,OFF,OFF,0.684,ON,0.703,14.902,11,0,0.742,0.742,2.305,0.742,0.918,2.031,46.275,0,14.902,14,-0.004,0.023,OFF,ECT 5th,NA,OFF,97.614,97.702,13.333,0,Not Avl,0,0,0,0,ON,ON,0,0,1
111,0,14.198,Not Avl,Compl,Compl,Unable,OFF,Not Avl,Compl,Compl,Unable,OFF,40.625,53.906,28.125,28.750,19.531,39.551,15.686,31.765,0.781,1.582,ON,0,OFF,ON,ON,0.998,0.999,0.031,0.027,3.357,3.347,0,97,51199.219,13.925,24.314,OFF,OFF,OFF,OFF,OFF,OFF,OFF,Avail,Incmpl,Incmpl,Enable,Avail,422.600,267.700,422.600,267.700,ON,Avail,Compl,Enable,80,0,0,0,0,0,0,6,A,0,0,Avail,Incmpl,Incmpl,Enable,OFF,OFF,904,713.250,51199.219,51199.219,51199.219,51199.219,51199.219,51199.219,1GRFE ,33.725,Avail,Incmpl,Incmpl,Enable,7.996,OFF,OFF,OFF,OFF,ON,ON,Avail,Compl,Enable,Compl,CL,CL,Compl,Unable,Not Avl,Compl,Compl,Enable,OFF,130,15,227,ON,21.250,6.875,0.106,2362,6,21,-3,OFF,0.781,3.906,3.840,OFF,0,0,79,Avail,Compl,Enable,0,GRN2#  ,ON,0,ACTIVE,ACTIVE,0.962,0.942,0.740,0.740,61.277,56.414,Avail,Compl,Avail,Incmpl,Incmpl,Enable,OBD II (California ARB),OFF,OFF,29.761,0.500,0,1st,OFF,OFF,OFF,OFF,OFF,OFF,-1.562,-1.562,ON,OFF,650,0,OFF,OFF,OFF,ON,Gasoline,1.015,OFF,OFF,0.684,ON,0.703,14.902,11,0,0.742,0.742,2.305,0.742,0.918,2.031,46.275,0,14.902,14,-0.004,0.023,OFF,ECT 5th,NA,OFF,97.614,97.702,13.333,0,Not Avl,0,0,0,0,ON,ON,0,0,1
112,0,14.198,Not Avl,Compl,Compl,Unable,OFF,Not Avl,Compl,Compl,Unable,OFF,40.625,53.906,28.125,28.750,19.531,39.551,15.686,31.765,0.781,1.582,ON,0,OFF,ON,ON,0.998,0.999,0.031,0.027,3.357,3.347,0,97,51199.219,13.925,24.314,OFF,OFF,OFF,OFF,OFF,OFF,OFF,Avail,Incmpl,Incmpl,Enable,Avail,422.600,267.700,422.600,267.700,ON,Avail,Compl,Enable,80,0,0,0,0,0,0,6,A,0,0,Avail,Incmpl,Incmpl,Enable,OFF,OFF,904,713.250,51199.219,51199.219,51199.219,51199.219,51199.219,51199.219,1GRFE ,33.725,Avail,Incmpl,Incmpl,Enable,7.996,OFF,OFF,OFF,OFF,ON,ON,Avail,Compl,Enable,Compl,CL,CL,Compl,Unable,Not Avl,Compl,Compl,Enable,OFF,130,15,227,ON,21.250,6.875,0.106,2362,6,21,-3,OFF,0.781,3.906,3.840,OFF,0,0,79,Avail,Compl,Enable,0,GRN2#  ,ON,0,ACTIVE,ACTIVE,0.962,0.942,0.740,0.740,61.277,56.414,Avail,Compl,Avail,Incmpl,Incmpl,Enable,OBD II (California ARB),OFF,OFF,29.761,0.500,0,1st,OFF,OFF,OFF,OFF,OFF,OFF,-1.562,-1.562,ON,OFF,650,0,OFF,OFF,OFF,ON,Gasoline,1.015,OFF,OFF,0.684,ON,0.703,14.902,11,0,0.742,0.742,2.305,0.742,0.918,2.031,46.275,0,14.902,14,-0.004,0.023,OFF,ECT 5th,NA,OFF,97.614,97.702,13.333,0,Not Avl,0,0,0,0,ON,ON,0,0,1
113,0,14.198,Not Avl,Compl,Compl,Unable,OFF,Not Avl,Compl,Compl,Unable,OFF,40.625,53.906,28.125,28.750,19.531,39.551,15.686,31.765,0.781,1.582,ON,0,OFF,ON,ON,0.998,0.999,0.031,0.027,3.357,3.347,0,97,51199.219,13.925,24.314,OFF,OFF,OFF,OFF,OFF,OFF,OFF,Avail,Incmpl,Incmpl,Enable,Avail,422.600,267.700,422.600,267.700,ON,Avail,Compl,Enable,80,0,0,0,0,0,0,6,A,0,0,Avail,Incmpl,Incmpl,Enable,OFF,OFF,904,713.250,51199.219,51199.219,51199.219,51199.219,51199.219,51199.219,1GRFE ,33.725,Avail,Incmpl,Incmpl,Enable,7.996,OFF,OFF,OFF,OFF,ON,ON,Avail,Compl,Enable,Compl,CL,CL,Compl,Unable,Not Avl,Compl,Compl,Enable,OFF,130,15,227,ON,21.250,6.875,0.106,2362,6,21,-3,OFF,0.781,3.906,3.840,OFF,0,0,79,Avail,Compl,Enable,0,GRN2#  ,ON,0,ACTIVE,ACTIVE,0.962,0.942,0.740,0.740,61.277,56.414,Avail,Compl,Avail,Incmpl,Incmpl,Enable,OBD II (California ARB),OFF,OFF,29.761,0.500,0,1st,OFF,OFF,OFF,OFF,OFF,OFF,-1.562,-1.562,ON,OFF,650,0,OFF,OFF,OFF,ON,Gasoline,1.015,OFF,OFF,0.684,ON,0.703,14.902,11,0,0.742,0.742,2.305,0.742,0.918,2.031,46.275,0,14.902,14,-0.004,0.023,OFF,ECT 5th,NA,OFF,97.614,97.702,13.333,0,Not Avl,0,0,0,0,ON,ON,0,0,1
114,0,14.198,Not Avl,Compl,Compl,Unable,OFF,Not Avl,Compl,Compl,Unable,OFF,40.625,53.906,28.125,28.750,19.531,39.551,15.686,31.765,0.781,1.582,ON,0,OFF,ON,ON,0.998,0.999,0.031,0.027,3.357,3.347,0,97,51199.219,13.925,24.314,OFF,OFF,OFF,OFF,OFF,OFF,OFF,Avail,Incmpl,Incmpl,Enable,Avail,422.600,267.700,422.600,267.700,ON,Avail,Compl,Enable,80,0,0,0,0,0,0,6,A,0,0,Avail,Incmpl,Incmpl,Enable,OFF,OFF,904,713.250,51199.219,51199.219,51199.219,51199.219,51199.219,51199.219,1GRFE ,33.725,Avail,Incmpl,Incmpl,Enable,7.996,OFF,OFF,OFF,OFF,ON,ON,Avail,Compl,Enable,Compl,CL,CL,Compl,Unable,Not Avl,Compl,Compl,Enable,OFF,130,15,227,ON,21.250,6.875,0.106,2362,6,21,-3,OFF,0.781,3.906,3.840,OFF,0,0,79,Avail,Compl,Enable,0,GRN2#  ,ON,0,ACTIVE,ACTIVE,0.962,0.942,0.740,0.740,61.277,56.414,Avail,Compl,Avail,Incmpl,Incmpl,Enable,OBD II (California ARB),OFF,OFF,29.761,0.500,0,1st,OFF,OFF,OFF,OFF,OFF,OFF,-1.562,-1.562,ON,OFF,650,0,OFF,OFF,OFF,ON,Gasoline,1.015,OFF,OFF,0.684,ON,0.703,14.902,11,0,0.742,0.742,2.305,0.742,0.918,2.031,46.275,0,14.902,14,-0.004,0.023,OFF,ECT 5th,NA,OFF,97.614,97.702,13.333,0,Not Avl,0,0,0,0,ON,ON,0,0,1
115,0,14.198,Not Avl,Compl,Compl,Unable,OFF,Not Avl,Compl,Compl,Unable,OFF,40.625,53.906,28.125,28.750,19.531,39.551,15.686,31.765,0.781,1.582,ON,0,OFF,ON,ON,0.998,0.999,0.031,0.027,3.357,3.347,0,97,51199.219,13.925,24.314,OFF,OFF,OFF,OFF,OFF,OFF,OFF,Avail,Incmpl,Incmpl,Enable,Avail,422.600,267.700,422.600,267.700,ON,Avail,Compl,Enable,80,0,0,0,0,0,0,6,A,0,0,Avail,Incmpl,Incmpl,Enable,OFF,OFF,904,713.250,51199.219,51199.219,51199.219,51199.219,51199.219,51199.219,1GRFE ,33.725,Avail,Incmpl,Incmpl,Enable,7.996,OFF,OFF,OFF,OFF,ON,ON,Avail,Compl,Enable,Compl,CL,CL,Compl,Unable,Not Avl,Compl,Compl,Enable,OFF,130,15,227,ON,21.250,6.875,0.106,2362,6,21,-3,OFF,0.781,3.906,3.840,OFF,0,0,75,Avail,Compl,Enable,0,GRN2#  ,ON,0,ACTIVE,ACTIVE,0.962,0.942,0.740,0.740,61.277,56.414,Avail,Compl,Avail,Incmpl,Incmpl,Enable,OBD II (California ARB),OFF,OFF,29.761,0.500,0,1st,OFF,OFF,OFF,OFF,OFF,OFF,-1.562,-1.562,ON,OFF,650,0,OFF,OFF,OFF,ON,Gasoline,1.015,OFF,OFF,0.684,ON,0.703,14.902,11,0,0.742,0.742,2.305,0.742,0.918,2.031,46.275,0,14.902,14,-0.004,0.023,OFF,ECT 5th,NA,OFF,97.614,97.702,13.333,0,Not Avl,0,0,0,0,ON,ON,0,0,1
116,0,14.198,Not Avl,Compl,Compl,Unable,OFF,Not Avl,Compl,Compl,Unable,OFF,40.625,53.906,28.125,28.750,19.531,39.551,15.686,31.765,0.781,1.582,ON,0,OFF,ON,ON,0.998,0.999,0.031,0.027,3.357,3.347,0,97,51199.219,13.925,24.314,OFF,OFF,OFF,OFF,OFF,OFF,OFF,Avail,Incmpl,Incmpl,Enable,Avail,422.600,267.700,422.600,267.700,ON,Avail,Compl,Enable,80,0,0,0,0,0,0,6,A,0,0,Avail,Incmpl,Incmpl,Enable,OFF,OFF,904,713.250,51199.219,51199.219,51199.219,51199.219,51199.219,51199.219,1GRFE ,33.725,Avail,Incmpl,Incmpl,Enable,7.996,OFF,OFF,OFF,OFF,ON,ON,Avail,Compl,Enable,Compl,CL,CL,Compl,Unable,Not Avl,Compl,Compl,Enable,OFF,130,15,227,ON,21.250,6.875,0.106,2362,6,21,-3,OFF,0.781,3.906,3.840,OFF,0,0,75,Avail,Compl,Enable,0,GRN2#  ,ON,0,ACTIVE,ACTIVE,0.962,0.942,0.740,0.740,61.277,56.414,Avail,Compl,Avail,Incmpl,Incmpl,Enable,OBD II (California ARB),OFF,OFF,29.761,0.500,0,1st,OFF,OFF,OFF,OFF,OFF,OFF,-1.562,-1.562,ON,OFF,650,0,OFF,OFF,OFF,ON,Gasoline,1.015,OFF,OFF,0.684,ON,0.703,14.902,11,0,0.742,0.742,2.305,0.742,0.918,2.031,46.275,0,14.902,14,-0.004,0.023,OFF,ECT 5th,NA,OFF,97.614,97.702,13.333,0,Not Avl,0,0,0,0,ON,ON,0,0,1
117,0,14.198,Not Avl,Compl,Compl,Unable,OFF,Not Avl,Compl,Compl,Unable,OFF,40.625,53.906,28.125,28.750,19.531,39.551,15.686,31.765,0.781,1.582,ON,0,OFF,ON,ON,0.998,0.999,0.031,0.027,3.357,3.347,0,97,51199.219,13.925,24.314,OFF,OFF,OFF,OFF,OFF,OFF,OFF,Avail,Incmpl,Incmpl,Enable,Avail,422.600,267.700,422.600,267.700,ON,Avail,Compl,Enable,80,0,0,0,0,0,0,6,A,0,0,Avail,Incmpl,Incmpl,Enable,OFF,OFF,904,713.250,51199.219,51199.219,51199.219,51199.219,51199.219,51199.219,1GRFE ,33.725,Avail,Incmpl,Incmpl,Enable,7.996,OFF,OFF,OFF,OFF,ON,ON,Avail,Compl,Enable,Compl,CL,CL,Compl,Unable,Not Avl,Compl,Compl,Enable,OFF,130,15,227,ON,21.250,6.875,0.106,2362,6,21,-3,OFF,0.781,3.906,3.840,OFF,0,0,75,Avail,Compl,Enable,0,GRN2#  ,ON,0,ACTIVE,ACTIVE,0.962,0.942,0.740,0.740,61.277,56.414,Avail,Compl,Avail,Incmpl,Incmpl,Enable,OBD II (California ARB),OFF,OFF,29.761,0.500,0,1st,OFF,OFF,OFF,OFF,OFF,OFF,-1.562,-1.562,ON,OFF,650,0,OFF,OFF,OFF,ON,Gasoline,1.015,OFF,OFF,0.684,ON,0.703,14.902,11,0,0.742,0.742,2.305,0.742,0.918,2.031,46.275,0,14.902,14,-0.004,0.023,OFF,ECT 5th,NA,OFF,97.614,97.702,13.333,0,Not Avl,0,0,0,0,ON,ON,0,0,1
118,0,14.198,Not Avl,Compl,Compl,Unable,OFF,Not Avl,Compl,Compl,Unable,OFF,40.625,53.906,28.125,28.750,19.531,39.551,15.686,31.765,0.781,1.582,ON,0,OFF,ON,ON,0.998,0.999,0.031,0.027,3.357,3.347,0,97,51199.219,13.925,24.314,OFF,OFF,OFF,OFF,OFF,OFF,OFF,Avail,Incmpl,Incmpl,Enable,Avail,422.600,267.700,422.600,267.700,ON,Avail,Compl,Enable,80,0,0,0,0,0,0,6,A,0,0,Avail,Incmpl,Incmpl,Enable,OFF,OFF,904,713.250,51199.219,51199.219,51199.219,51199.219,51199.219,51199.219,1GRFE ,33.725,Avail,Incmpl,Incmpl,Enable,7.996,OFF,OFF,OFF,OFF,ON,ON,Avail,Compl,Enable,Compl,CL,CL,Compl,Unable,Not Avl,Compl,Compl,Enable,OFF,130,15,227,ON,21.250,6.875,0.106,2362,6,21,-3,OFF,0.781,3.906,3.840,OFF,0,0,75,Avail,Compl,Enable,0,GRN2#  ,ON,0,ACTIVE,ACTIVE,0.962,0.942,0.740,0.740,61.277,56.414,Avail,Compl,Avail,Incmpl,Incmpl,Enable,OBD II (California ARB),OFF,OFF,29.761,0.500,0,1st,OFF,OFF,OFF,OFF,OFF,OFF,-1.562,-1.562,ON,OFF,650,0,OFF,OFF,OFF,ON,Gasoline,1.015,OFF,OFF,0.684,ON,0.703,14.902,11,0,0.742,0.742,2.305,0.742,0.918,2.031,46.275,0,14.902,14,-0.004,0.023,OFF,ECT 5th,NA,OFF,97.614,97.702,13.333,0,Not Avl,0,0,0,0,ON,ON,0,0,1
119,0,14.198,Not Avl,Compl,Compl,Unable,OFF,Not Avl,Compl,Compl,Unable,OFF,40.625,53.906,28.125,28.750,19.531,39.551,15.686,31.765,0.781,1.582,ON,0,OFF,ON,ON,0.998,0.999,0.031,0.027,3.357,3.347,0,97,51199.219,13.925,24.314,OFF,OFF,OFF,OFF,OFF,OFF,OFF,Avail,Incmpl,Incmpl,Enable,Avail,422.600,267.700,422.600,267.700,ON,Avail,Compl,Enable,80,0,0,0,0,0,0,6,A,0,0,Avail,Incmpl,Incmpl,Enable,OFF,OFF,904,713.250,51199.219,51199.219,51199.219,51199.219,51199.219,51199.219,1GRFE ,33.725,Avail,Incmpl,Incmpl,Enable,7.996,OFF,OFF,OFF,OFF,ON,ON,Avail,Compl,Enable,Compl,CL,CL,Compl,Unable,Not Avl,Compl,Compl,Enable,OFF,130,15,227,ON,21.250,6.875,0.106,2362,6,21,-3,OFF,0.781,3.906,3.840,OFF,0,0,75,Avail,Compl,Enable,0,GRN2#  ,ON,0,ACTIVE,ACTIVE,0.962,0.942,0.740,0.740,61.277,56.414,Avail,Compl,Avail,Incmpl,Incmpl,Enable,OBD II (California ARB),OFF,OFF,29.761,0.500,0,1st,OFF,OFF,OFF,OFF,OFF,OFF,-1.562,-1.562,ON,OFF,650,0,OFF,OFF,OFF,ON,Gasoline,1.015,OFF,OFF,0.684,ON,0.703,14.902,11,0,0.742,0.742,2.305,0.742,0.918,2.031,46.275,0,14.902,14,-0.004,0.023,OFF,ECT 5th,NA,OFF,97.614,97.702,13.333,0,Not Avl,0,0,0,0,ON,ON,0,0,1
120,0,14.198,Not Avl,Compl,Compl,Unable,OFF,Not Avl,Compl,Compl,Unable,OFF,40.625,53.906,28.125,28.750,19.531,39.551,15.686,31.765,0.781,1.582,ON,0,OFF,ON,ON,0.998,0.999,0.031,0.027,3.357,3.347,0,97,51199.219,13.925,24.314,OFF,OFF,OFF,OFF,OFF,OFF,OFF,Avail,Incmpl,Incmpl,Enable,Avail,422.600,267.700,422.600,267.700,ON,Avail,Compl,Enable,80,0,0,0,0,0,0,6,A,0,0,Avail,Incmpl,Incmpl,Enable,OFF,OFF,904,713.250,51199.219,51199.219,51199.219,51199.219,51199.219,51199.219,1GRFE ,33.725,Avail,Incmpl,Incmpl,Enable,7.996,OFF,OFF,OFF,OFF,ON,ON,Avail,Compl,Enable,Compl,CL,CL,Compl,Unable,Not Avl,Compl,Compl,Enable,OFF,130,15,227,ON,21.250,6.875,0.106,2362,6,21,-3,OFF,0.781,3.906,3.840,OFF,0,0,75,Avail,Compl,Enable,0,GRN2#  ,ON,0,ACTIVE,ACTIVE,0.962,0.942,0.740,0.740,61.277,56.414,Avail,Compl,Avail,Incmpl,Incmpl,Enable,OBD II (California ARB),OFF,OFF,29.761,0.500,0,1st,OFF,OFF,OFF,OFF,OFF,OFF,-1.562,-1.562,ON,OFF,650,0,OFF,OFF,OFF,ON,Gasoline,1.015,OFF,OFF,0.684,ON,0.703,14.902,11,0,0.742,0.742,2.305,0.742,0.918,2.031,46.275,0,14.902,14,-0.004,0.023,OFF,ECT 5th,NA,OFF,97.614,97.702,13.333,0,Not Avl,0,0,0,0,ON,ON,0,0,1
121,0,14.198,Not Avl,Compl,Compl,Unable,OFF,Not Avl,Compl,Compl,Unable,OFF,40.625,53.906,28.125,28.750,19.531,39.551,15.686,31.765,0.781,1.582,ON,0,OFF,ON,ON,0.998,0.999,0.031,0.027,3.357,3.347,0,97,51199.219,13.925,24.314,OFF,OFF,OFF,OFF,OFF,OFF,OFF,Avail,Incmpl,Incmpl,Enable,Avail,422.600,267.700,422.600,267.700,ON,Avail,Compl,Enable,80,0,0,0,0,0,0,6,A,0,0,Avail,Incmpl,Incmpl,Enable,OFF,OFF,904,713.250,51199.219,51199.219,51199.219,51199.219,51199.219,51199.219,1GRFE ,33.725,Avail,Incmpl,Incmpl,Enable,7.996,OFF,OFF,OFF,OFF,ON,ON,Avail,Compl,Enable,Compl,CL,CL,Compl,Unable,Not Avl,Compl,Compl,Enable,OFF,130,15,227,ON,21.250,6.875,0.106,2362,6,21,-3,OFF,0.781,3.906,3.840,OFF,0,0,75,Avail,Compl,Enable,0,GRN2#  ,ON,0,ACTIVE,ACTIVE,0.962,0.942,0.740,0.740,61.277,56.414,Avail,Compl,Avail,Incmpl,Incmpl,Enable,OBD II (California ARB),OFF,OFF,29.761,0.500,0,1st,OFF,OFF,OFF,OFF,OFF,OFF,-1.562,-1.562,ON,OFF,650,0,OFF,OFF,OFF,ON,Gasoline,1.015,OFF,OFF,0.684,ON,0.703,14.902,11,0,0.742,0.742,2.305,0.742,0.918,2.031,46.275,0,14.902,14,-0.004,0.023,OFF,ECT 5th,NA,OFF,97.614,97.702,13.333,0,Not Avl,0,0,0,0,ON,ON,0,0,1
122,0,14.198,Not Avl,Compl,Compl,Unable,OFF,Not Avl,Compl,Compl,Unable,OFF,40.625,53.906,28.125,28.750,19.531,39.551,15.686,31.765,0.781,1.582,ON,0,OFF,ON,ON,0.998,0.999,0.031,0.027,3.357,3.347,0,97,51199.219,13.925,24.314,OFF,OFF,OFF,OFF,OFF,OFF,OFF,Avail,Incmpl,Incmpl,Enable,Avail,422.600,267.700,422.600,267.700,ON,Avail,Compl,Enable,80,0,0,0,0,0,0,6,A,0,0,Avail,Incmpl,Incmpl,Enable,OFF,OFF,904,713.250,51199.219,51199.219,51199.219,51199.219,51199.219,51199.219,1GRFE ,33.725,Avail,Incmpl,Incmpl,Enable,7.996,OFF,OFF,OFF,OFF,ON,ON,Avail,Compl,Enable,Compl,CL,CL,Compl,Unable,Not Avl,Compl,Compl,Enable,OFF,130,15,227,ON,21.250,6.875,0.106,2362,6,21,-3,OFF,0.781,3.906,3.840,OFF,0,0,75,Avail,Compl,Enable,0,GRN2#  ,ON,0,ACTIVE,ACTIVE,0.962,0.942,0.740,0.740,61.277,56.414,Avail,Compl,Avail,Incmpl,Incmpl,Enable,OBD II (California ARB),OFF,OFF,29.761,0.500,0,1st,OFF,OFF,OFF,OFF,OFF,OFF,-1.562,-1.562,ON,OFF,650,0,OFF,OFF,OFF,ON,Gasoline,1.015,OFF,OFF,0.684,ON,0.703,14.902,11,0,0.742,0.742,2.305,0.742,0.918,2.031,46.275,0,14.902,14,-0.004,0.023,OFF,ECT 5th,NA,OFF,97.614,97.702,13.333,0,Not Avl,0,0,0,0,ON,ON,0,0,1
123,0,14.198,Not Avl,Compl,Compl,Unable,OFF,Not Avl,Compl,Compl,Unable,OFF,40.625,53.906,28.125,28.750,19.531,39.551,15.686,31.765,0.781,1.582,ON,0,OFF,ON,ON,0.998,0.999,0.031,0.027,3.357,3.347,0,97,51199.219,13.925,24.314,OFF,OFF,OFF,OFF,OFF,OFF,OFF,Avail,Incmpl,Incmpl,Enable,Avail,422.600,267.700,422.600,267.700,ON,Avail,Compl,Enable,80,0,0,0,0,0,0,6,A,0,0,Avail,Incmpl,Incmpl,Enable,OFF,OFF,904,713.250,51199.219,51199.219,51199.219,51199.219,51199.219,51199.219,1GRFE ,33.725,Avail,Incmpl,Incmpl,Enable,7.996,OFF,OFF,OFF,OFF,ON,ON,Avail,Compl,Enable,Compl,CL,CL,Compl,Unable,Not Avl,Compl,Compl,Enable,OFF,130,15,227,ON,21.250,6.875,0.106,2362,6,21,-3,OFF,0.781,3.906,3.840,OFF,0,0,75,Avail,Compl,Enable,0,GRN2#  ,ON,0,ACTIVE,ACTIVE,0.962,0.942,0.740,0.740,61.277,56.414,Avail,Compl,Avail,Incmpl,Incmpl,Enable,OBD II (California ARB),OFF,OFF,29.761,0.500,0,1st,OFF,OFF,OFF,OFF,OFF,OFF,-1.562,-1.562,ON,OFF,650,0,OFF,OFF,OFF,ON,Gasoline,1.015,OFF,OFF,0.684,ON,0.703,14.902,11,0,0.742,0.742,2.305,0.742,0.918,2.031,46.275,0,14.902,14,-0.004,0.023,OFF,ECT 5th,NA,OFF,97.614,97.702,13.333,0,Not Avl,0,0,0,0,ON,ON,0,0,1
124,0,14.198,Not Avl,Compl,Compl,Unable,OFF,Not Avl,Compl,Compl,Unable,OFF,40.625,53.906,28.125,28.750,19.531,39.551,15.686,31.765,0.781,1.582,ON,0,OFF,ON,ON,0.998,0.999,0.031,0.027,3.357,3.347,0,97,51199.219,13.925,24.314,OFF,OFF,OFF,OFF,OFF,OFF,OFF,Avail,Incmpl,Incmpl,Enable,Avail,422.600,267.700,422.600,267.700,ON,Avail,Compl,Enable,80,0,0,0,0,0,0,6,A,0,0,Avail,Incmpl,Incmpl,Enable,OFF,OFF,904,713.250,51199.219,51199.219,51199.219,51199.219,51199.219,51199.219,1GRFE ,33.725,Avail,Incmpl,Incmpl,Enable,7.996,OFF,OFF,OFF,OFF,ON,ON,Avail,Compl,Enable,Compl,CL,CL,Compl,Unable,Not Avl,Compl,Compl,Enable,OFF,130,15,227,ON,21.250,6.875,0.106,2362,6,21,-3,OFF,0.781,3.906,3.840,OFF,0,0,75,Avail,Compl,Enable,0,GRN2#  ,ON,0,ACTIVE,ACTIVE,0.962,0.942,0.740,0.740,61.277,56.414,Avail,Compl,Avail,Incmpl,Incmpl,Enable,OBD II (California ARB),OFF,OFF,29.761,0.500,0,1st,OFF,OFF,OFF,OFF,OFF,OFF,-1.562,-1.562,ON,OFF,650,0,OFF,OFF,OFF,ON,Gasoline,1.015,OFF,OFF,0.684,ON,0.703,14.902,11,0,0.742,0.742,2.305,0.742,0.918,2.031,46.275,0,14.902,14,-0.004,0.023,OFF,ECT 5th,NA,OFF,97.614,97.702,13.333,0,Not Avl,0,0,0,0,ON,ON,0,0,1
125,0,14.198,Not Avl,Compl,Compl,Unable,OFF,Not Avl,Compl,Compl,Unable,OFF,40.625,53.906,28.125,28.750,19.531,39.551,15.686,31.765,0.781,1.582,ON,0,OFF,ON,ON,0.998,0.999,0.031,0.027,3.357,3.347,0,97,51199.219,13.925,24.314,OFF,OFF,OFF,OFF,OFF,OFF,OFF,Avail,Incmpl,Incmpl,Enable,Avail,422.600,267.700,422.600,267.700,ON,Avail,Compl,Enable,80,0,0,0,0,0,0,6,A,0,0,Avail,Incmpl,Incmpl,Enable,OFF,OFF,904,713.250,51199.219,51199.219,51199.219,51199.219,51199.219,51199.219,1GRFE ,33.725,Avail,Incmpl,Incmpl,Enable,7.996,OFF,OFF,OFF,OFF,ON,ON,Avail,Compl,Enable,Compl,CL,CL,Compl,Unable,Not Avl,Compl,Compl,Enable,OFF,130,15,227,ON,21.250,6.875,0.106,2362,6,21,-3,OFF,0.781,3.906,3.840,OFF,0,0,75,Avail,Compl,Enable,0,GRN2#  ,ON,0,ACTIVE,ACTIVE,0.962,0.942,0.740,0.740,61.277,56.414,Avail,Compl,Avail,Incmpl,Incmpl,Enable,OBD II (California ARB),OFF,OFF,29.761,0.500,0,1st,OFF,OFF,OFF,OFF,OFF,OFF,-1.562,-1.562,ON,OFF,650,0,OFF,OFF,OFF,ON,Gasoline,1.015,OFF,OFF,0.684,ON,0.703,14.902,11,0,0.742,0.742,2.305,0.742,0.918,2.031,46.275,0,14.902,14,-0.004,0.023,OFF,ECT 5th,NA,OFF,97.614,97.702,13.333,0,Not Avl,0,0,0,0,ON,ON,0,0,1
126,0,14.198,Not Avl,Compl,Compl,Unable,OFF,Not Avl,Compl,Compl,Unable,OFF,40.625,53.906,28.125,28.750,19.531,39.551,15.686,31.765,0.781,1.582,ON,0,OFF,ON,ON,0.998,0.999,0.031,0.027,3.357,3.347,0,97,51199.219,13.925,24.314,OFF,OFF,OFF,OFF,OFF,OFF,OFF,Avail,Incmpl,Incmpl,Enable,Avail,422.600,267.700,422.600,267.700,ON,Avail,Compl,Enable,80,0,0,0,0,0,0,6,A,0,0,Avail,Incmpl,Incmpl,Enable,OFF,OFF,904,713.250,51199.219,51199.219,51199.219,51199.219,51199.219,51199.219,1GRFE ,33.725,Avail,Incmpl,Incmpl,Enable,7.996,OFF,OFF,OFF,OFF,ON,ON,Avail,Compl,Enable,Compl,CL,CL,Compl,Unable,Not Avl,Compl,Compl,Enable,OFF,130,15,227,ON,21.250,6.875,0.106,2362,6,21,-3,OFF,0.781,3.906,3.840,OFF,0,0,75,Avail,Compl,Enable,0,GRN2#  ,ON,0,ACTIVE,ACTIVE,0.962,0.947,0.740,0.740,61.277,56.414,Avail,Compl,Avail,Incmpl,Incmpl,Enable,OBD II (California ARB),OFF,OFF,29.761,0.500,0,1st,OFF,OFF,OFF,OFF,OFF,OFF,-1.562,-1.562,ON,OFF,650,0,OFF,OFF,OFF,ON,Gasoline,1.015,OFF,OFF,0.684,ON,0.703,14.902,11,0,0.742,0.742,2.305,0.742,0.918,2.031,46.275,0,14.902,14,-0.004,0.023,OFF,ECT 5th,NA,OFF,97.614,97.702,13.333,0,Not Avl,0,0,0,0,ON,ON,0,0,1
127,0,14.198,Not Avl,Compl,Compl,Unable,OFF,Not Avl,Compl,Compl,Unable,OFF,40.625,53.906,28.125,28.750,19.531,39.551,15.686,31.765,0.781,1.582,ON,0,OFF,ON,ON,0.998,0.999,0.031,0.027,3.357,3.347,0,97,51199.219,13.925,24.314,OFF,OFF,OFF,OFF,OFF,OFF,OFF,Avail,Incmpl,Incmpl,Enable,Avail,422.600,267.700,422.600,267.700,ON,Avail,Compl,Enable,80,0,0,0,0,0,0,6,A,0,0,Avail,Incmpl,Incmpl,Enable,OFF,OFF,904,713.250,51199.219,51199.219,51199.219,51199.219,51199.219,51199.219,1GRFE ,33.725,Avail,Incmpl,Incmpl,Enable,7.996,OFF,OFF,OFF,OFF,ON,ON,Avail,Compl,Enable,Compl,CL,CL,Compl,Unable,Not Avl,Compl,Compl,Enable,OFF,130,15,227,ON,21.250,6.875,0.106,2362,6,21,-3,OFF,0.781,3.906,3.840,OFF,0,0,75,Avail,Compl,Enable,0,GRN2#  ,ON,0,ACTIVE,ACTIVE,0.962,0.947,0.740,0.740,61.277,56.414,Avail,Compl,Avail,Incmpl,Incmpl,Enable,OBD II (California ARB),OFF,OFF,29.761,0.500,0,1st,OFF,OFF,OFF,OFF,OFF,OFF,-1.562,-1.562,ON,OFF,650,0,OFF,OFF,OFF,ON,Gasoline,1.015,OFF,OFF,0.684,ON,0.703,14.902,11,0,0.742,0.742,2.305,0.742,0.918,2.031,46.275,0,14.902,14,-0.004,0.023,OFF,ECT 5th,NA,OFF,97.614,97.702,13.333,0,Not Avl,0,0,0,0,ON,ON,0,0,1
128,0,14.198,Not Avl,Compl,Compl,Unable,OFF,Not Avl,Compl,Compl,Unable,OFF,40.625,53.906,28.125,28.750,19.531,39.551,15.686,31.765,0.781,1.582,ON,0,OFF,ON,ON,0.998,0.999,0.031,0.027,3.357,3.347,0,97,51199.219,13.925,24.314,OFF,OFF,OFF,OFF,OFF,OFF,OFF,Avail,Incmpl,Incmpl,Enable,Avail,422.600,267.700,422.600,267.700,ON,Avail,Compl,Enable,80,0,0,0,0,0,0,6,A,0,0,Avail,Incmpl,Incmpl,Enable,OFF,OFF,904,713.250,51199.219,51199.219,51199.219,51199.219,51199.219,51199.219,1GRFE ,33.725,Avail,Incmpl,Incmpl,Enable,7.996,OFF,OFF,OFF,OFF,ON,ON,Avail,Compl,Enable,Compl,CL,CL,Compl,Unable,Not Avl,Compl,Compl,Enable,OFF,130,15,227,ON,21.250,6.875,0.106,2362,6,21,-3,OFF,0.781,3.906,3.840,OFF,0,0,75,Avail,Compl,Enable,0,GRN2#  ,ON,0,ACTIVE,ACTIVE,0.962,0.947,0.740,0.740,61.277,56.414,Avail,Compl,Avail,Incmpl,Incmpl,Enable,OBD II (California ARB),OFF,OFF,29.761,0.500,0,1st,OFF,OFF,OFF,OFF,OFF,OFF,-1.562,-1.562,ON,OFF,650,0,OFF,OFF,OFF,ON,Gasoline,1.015,OFF,OFF,0.684,ON,0.703,14.902,11,0,0.742,0.742,2.305,0.742,0.918,2.031,46.275,0,14.902,14,-0.004,0.023,OFF,ECT 5th,NA,OFF,97.614,97.702,13.333,0,Not Avl,0,0,0,0,ON,ON,0,0,1
129,0,14.198,Not Avl,Compl,Compl,Unable,OFF,Not Avl,Compl,Compl,Unable,OFF,40.625,53.906,28.125,28.750,19.531,39.551,15.686,31.765,0.781,1.582,ON,0,OFF,ON,ON,0.998,0.999,0.031,0.027,3.357,3.347,0,97,51199.219,13.925,24.314,OFF,OFF,OFF,OFF,OFF,OFF,OFF,Avail,Incmpl,Incmpl,Enable,Avail,422.600,267.700,422.600,267.700,ON,Avail,Compl,Enable,80,0,0,0,0,0,0,6,A,0,0,Avail,Incmpl,Incmpl,Enable,OFF,OFF,904,713.250,51199.219,51199.219,51199.219,51199.219,51199.219,51199.219,1GRFE ,33.725,Avail,Incmpl,Incmpl,Enable,7.996,OFF,OFF,OFF,OFF,ON,ON,Avail,Compl,Enable,Compl,CL,CL,Compl,Unable,Not Avl,Compl,Compl,Enable,OFF,130,15,227,ON,21.250,6.875,0.106,2362,6,21,-3,OFF,0.781,3.906,3.840,OFF,0,0,75,Avail,Compl,Enable,0,GRN2#  ,ON,0,ACTIVE,ACTIVE,0.962,0.947,0.740,0.740,61.926,56.414,Avail,Compl,Avail,Incmpl,Incmpl,Enable,OBD II (California ARB),OFF,OFF,29.761,0.500,0,1st,OFF,OFF,OFF,OFF,OFF,OFF,-1.562,-1.562,ON,OFF,650,0,OFF,OFF,OFF,ON,Gasoline,1.015,OFF,OFF,0.684,ON,0.703,14.902,11,0,0.742,0.742,2.305,0.742,0.918,2.031,46.275,0,14.902,14,-0.004,0.023,OFF,ECT 5th,NA,OFF,97.614,97.702,13.333,0,Not Avl,0,0,0,0,ON,ON,0,0,1
130,0,14.198,Not Avl,Compl,Compl,Unable,OFF,Not Avl,Compl,Compl,Unable,OFF,40.625,53.906,28.125,28.750,19.531,39.551,15.686,31.765,0.781,1.582,ON,0,OFF,ON,ON,0.998,0.999,0.031,0.027,3.357,3.347,0,97,51199.219,13.925,24.314,OFF,OFF,OFF,OFF,OFF,OFF,OFF,Avail,Incmpl,Incmpl,Enable,Avail,422.600,267.700,422.600,267.700,ON,Avail,Compl,Enable,80,0,0,0,0,0,0,6,A,0,0,Avail,Incmpl,Incmpl,Enable,OFF,OFF,904,713.250,51199.219,51199.219,51199.219,51199.219,51199.219,51199.219,1GRFE ,33.725,Avail,Incmpl,Incmpl,Enable,7.996,OFF,OFF,OFF,OFF,ON,ON,Avail,Compl,Enable,Compl,CL,CL,Compl,Unable,Not Avl,Compl,Compl,Enable,OFF,130,15,227,ON,21.250,6.875,0.106,2362,6,21,-3,OFF,0.781,3.906,3.840,OFF,0,0,75,Avail,Compl,Enable,0,GRN2#  ,ON,0,ACTIVE,ACTIVE,0.962,0.947,0.740,0.740,61.926,56.738,Avail,Compl,Avail,Incmpl,Incmpl,Enable,OBD II (California ARB),OFF,OFF,29.761,0.500,0,1st,OFF,OFF,OFF,OFF,OFF,OFF,-1.562,-1.562,ON,OFF,650,0,OFF,OFF,OFF,ON,Gasoline,1.015,OFF,OFF,0.684,ON,0.703,14.902,11,0,0.742,0.742,2.305,0.742,0.918,2.031,46.275,0,14.902,14,-0.004,0.023,OFF,ECT 5th,NA,OFF,97.614,97.702,13.333,0,Not Avl,0,0,0,0,ON,ON,0,0,1
131,0,14.198,Not Avl,Compl,Compl,Unable,OFF,Not Avl,Compl,Compl,Unable,OFF,40.625,53.906,28.125,28.750,19.531,39.551,15.686,31.765,0.781,1.582,ON,0,OFF,ON,ON,0.998,0.999,0.031,0.027,3.357,3.347,0,97,51199.219,13.925,24.314,OFF,OFF,OFF,OFF,OFF,OFF,OFF,Avail,Incmpl,Incmpl,Enable,Avail,422.600,267.700,422.600,267.700,ON,Avail,Compl,Enable,80,0,0,0,0,0,0,6,A,0,0,Avail,Incmpl,Incmpl,Enable,OFF,OFF,904,713.250,51199.219,51199.219,51199.219,51199.219,51199.219,51199.219,1GRFE ,33.725,Avail,Incmpl,Incmpl,Enable,7.996,OFF,OFF,OFF,OFF,ON,ON,Avail,Compl,Enable,Compl,CL,CL,Compl,Unable,Not Avl,Compl,Compl,Enable,OFF,130,15,227,ON,21.250,6.875,0.106,2362,6,21,-3,OFF,0.781,3.906,3.840,OFF,0,0,75,Avail,Compl,Enable,0,GRN2#  ,ON,0,ACTIVE,ACTIVE,0.962,0.947,0.740,0.740,61.926,56.738,Avail,Compl,Avail,Incmpl,Incmpl,Enable,OBD II (California ARB),OFF,OFF,29.761,0.500,0,1st,OFF,OFF,OFF,OFF,OFF,OFF,-1.562,-1.562,ON,OFF,650,0,OFF,OFF,OFF,ON,Gasoline,1.015,OFF,OFF,0.684,ON,0.703,14.902,11,0,0.742,0.742,2.305,0.742,0.918,2.031,46.275,0,14.902,14,-0.004,0.023,OFF,ECT 5th,NA,OFF,97.614,97.702,13.333,0,Not Avl,0,0,0,0,ON,ON,0,0,1
132,0,14.198,Not Avl,Compl,Compl,Unable,OFF,Not Avl,Compl,Compl,Unable,OFF,40.625,53.906,28.125,28.750,19.531,39.551,15.686,31.765,0.781,1.582,ON,0,OFF,ON,ON,0.998,0.999,0.031,0.027,3.357,3.347,0,97,51199.219,13.925,24.314,OFF,OFF,OFF,OFF,OFF,OFF,OFF,Avail,Incmpl,Incmpl,Enable,Avail,422.600,267.700,422.600,267.700,ON,Avail,Compl,Enable,80,0,0,0,0,0,0,6,A,0,0,Avail,Incmpl,Incmpl,Enable,OFF,OFF,904,713.250,51199.219,51199.219,51199.219,51199.219,51199.219,51199.219,1GRFE ,33.725,Avail,Incmpl,Incmpl,Enable,7.996,OFF,OFF,OFF,OFF,ON,ON,Avail,Compl,Enable,Compl,CL,CL,Compl,Unable,Not Avl,Compl,Compl,Enable,OFF,130,15,227,ON,21.250,6.875,0.106,2362,6,21,-3,OFF,0.781,3.906,3.840,OFF,0,0,75,Avail,Compl,Enable,0,GRN2#  ,ON,0,ACTIVE,ACTIVE,0.962,0.947,0.740,0.740,61.926,56.738,Avail,Compl,Avail,Incmpl,Incmpl,Enable,OBD II (California ARB),OFF,OFF,29.761,0.500,0,1st,OFF,OFF,OFF,OFF,OFF,OFF,-1.562,-1.562,ON,OFF,650,0,OFF,OFF,OFF,ON,Gasoline,1.015,OFF,OFF,0.684,ON,0.703,14.902,11,0,0.742,0.742,2.305,0.742,0.918,2.031,46.275,0,14.902,14,-0.004,0.023,OFF,ECT 5th,NA,OFF,97.614,97.702,13.333,0,Not Avl,0,0,0,0,ON,ON,0,0,1
133,0,14.198,Not Avl,Compl,Compl,Unable,OFF,Not Avl,Compl,Compl,Unable,OFF,40.625,53.906,28.125,28.750,19.531,39.551,15.686,31.765,0.781,1.582,ON,0,OFF,ON,ON,0.998,0.999,0.031,0.027,3.357,3.347,0,97,51199.219,13.925,24.314,OFF,OFF,OFF,OFF,OFF,OFF,OFF,Avail,Incmpl,Incmpl,Enable,Avail,422.600,267.700,422.600,267.700,ON,Avail,Compl,Enable,80,0,0,0,0,0,0,6,A,0,0,Avail,Incmpl,Incmpl,Enable,OFF,OFF,904,713.250,51199.219,51199.219,51199.219,51199.219,51199.219,51199.219,1GRFE ,33.725,Avail,Incmpl,Incmpl,Enable,7.996,OFF,OFF,OFF,OFF,ON,ON,Avail,Compl,Enable,Compl,CL,CL,Compl,Unable,Not Avl,Compl,Compl,Enable,OFF,130,15,227,ON,21.250,6.875,0.106,2362,6,21,-3,OFF,0.781,3.906,3.840,OFF,0,0,75,Avail,Compl,Enable,0,GRN2#  ,ON,0,ACTIVE,ACTIVE,0.962,0.947,0.740,0.740,61.926,56.738,Avail,Compl,Avail,Incmpl,Incmpl,Enable,OBD II (California ARB),OFF,OFF,29.761,0.500,0,1st,OFF,OFF,OFF,OFF,OFF,OFF,-1.562,-1.562,ON,OFF,650,0,OFF,OFF,OFF,ON,Gasoline,1.015,OFF,OFF,0.684,ON,0.703,14.902,11,0,0.742,0.742,2.305,0.742,0.918,2.031,46.275,0,14.902,14,-0.004,0.023,OFF,ECT 5th,NA,OFF,97.614,97.702,13.333,0,Not Avl,0,0,0,0,ON,ON,0,0,1
134,0,14.198,Not Avl,Compl,Compl,Unable,OFF,Not Avl,Compl,Compl,Unable,OFF,40.625,53.906,28.125,28.750,19.531,39.551,15.686,31.765,0.781,1.582,ON,0,OFF,ON,ON,0.998,0.999,0.031,0.027,3.357,3.347,0,97,51199.219,13.925,24.314,OFF,OFF,OFF,OFF,OFF,OFF,OFF,Avail,Incmpl,Incmpl,Enable,Avail,422.600,267.700,422.600,267.700,ON,Avail,Compl,Enable,80,0,0,0,0,0,0,6,A,0,0,Avail,Incmpl,Incmpl,Enable,OFF,OFF,904,713.250,51199.219,51199.219,51199.219,51199.219,51199.219,51199.219,1GRFE ,33.725,Avail,Incmpl,Incmpl,Enable,7.996,OFF,OFF,OFF,OFF,ON,ON,Avail,Compl,Enable,Compl,CL,CL,Compl,Unable,Not Avl,Compl,Compl,Enable,OFF,130,15,227,ON,21.250,6.875,0.106,2362,6,21,-3,OFF,0.781,3.906,3.840,OFF,0,0,75,Avail,Compl,Enable,0,GRN2#  ,ON,0,ACTIVE,ACTIVE,0.962,0.947,0.740,0.740,61.926,56.738,Avail,Compl,Avail,Incmpl,Incmpl,Enable,OBD II (California ARB),OFF,OFF,29.761,0.500,0,1st,OFF,OFF,OFF,OFF,OFF,OFF,-1.562,-1.562,ON,OFF,650,0,OFF,OFF,OFF,ON,Gasoline,1.015,OFF,OFF,0.684,ON,0.703,14.902,11,0,0.742,0.742,2.305,0.742,0.918,2.031,46.275,0,14.902,14,-0.004,0.023,OFF,ECT 5th,NA,OFF,97.614,97.702,13.333,0,Not Avl,0,0,0,0,ON,ON,0,0,1
135,0,14.198,Not Avl,Compl,Compl,Unable,OFF,Not Avl,Compl,Compl,Unable,OFF,40.625,53.906,28.125,28.750,19.531,39.551,15.686,31.765,0.781,1.582,ON,0,OFF,ON,ON,0.998,0.999,0.031,0.027,3.357,3.347,0,97,51199.219,13.925,24.314,OFF,OFF,OFF,OFF,OFF,OFF,OFF,Avail,Incmpl,Incmpl,Enable,Avail,422.600,267.700,422.600,267.700,ON,Avail,Compl,Enable,80,0,0,0,0,0,0,6,A,0,0,Avail,Incmpl,Incmpl,Enable,OFF,OFF,904,713.250,51199.219,51199.219,51199.219,51199.219,51199.219,51199.219,1GRFE ,33.725,Avail,Incmpl,Incmpl,Enable,7.996,OFF,OFF,OFF,OFF,ON,ON,Avail,Compl,Enable,Compl,CL,CL,Compl,Unable,Not Avl,Compl,Compl,Enable,OFF,130,15,227,ON,21.250,6.875,0.106,2362,6,21,-3,OFF,0.781,3.906,3.840,OFF,0,0,75,Avail,Compl,Enable,0,GRN2#  ,ON,0,ACTIVE,ACTIVE,0.962,0.947,0.740,0.740,61.926,56.738,Avail,Compl,Avail,Incmpl,Incmpl,Enable,OBD II (California ARB),OFF,OFF,29.761,0.500,0,1st,OFF,OFF,OFF,OFF,OFF,OFF,-1.562,-1.562,ON,OFF,650,0,OFF,OFF,OFF,ON,Gasoline,1.015,OFF,OFF,0.684,ON,0.703,14.902,11,0,0.742,0.742,2.305,0.742,0.918,2.031,46.275,0,14.902,14,-0.004,0.023,OFF,ECT 5th,NA,OFF,97.614,97.702,13.333,0,Not Avl,0,0,0,0,ON,ON,0,0,1
136,0,14.198,Not Avl,Compl,Compl,Unable,OFF,Not Avl,Compl,Compl,Unable,OFF,40.625,53.906,28.125,28.750,19.531,39.551,15.686,31.765,0.781,1.582,ON,0,OFF,ON,ON,0.998,0.999,0.031,0.027,3.357,3.347,0,97,51199.219,13.925,24.314,OFF,OFF,OFF,OFF,OFF,OFF,OFF,Avail,Incmpl,Incmpl,Enable,Avail,422.600,267.700,422.600,267.700,ON,Avail,Compl,Enable,80,0,0,0,0,0,0,6,A,0,0,Avail,Incmpl,Incmpl,Enable,OFF,OFF,904,713.250,51199.219,51199.219,51199.219,51199.219,51199.219,51199.219,1GRFE ,33.725,Avail,Incmpl,Incmpl,Enable,7.996,OFF,OFF,OFF,OFF,ON,ON,Avail,Compl,Enable,Compl,CL,CL,Compl,Unable,Not Avl,Compl,Compl,Enable,OFF,130,15,227,ON,21.250,6.875,0.106,2362,6,21,-3,OFF,0.781,3.906,3.840,OFF,0,0,75,Avail,Compl,Enable,0,GRN2#  ,ON,0,ACTIVE,ACTIVE,0.962,0.947,0.740,0.740,61.926,56.738,Avail,Compl,Avail,Incmpl,Incmpl,Enable,OBD II (California ARB),OFF,OFF,29.761,0.500,0,1st,OFF,OFF,OFF,OFF,OFF,OFF,-1.562,-1.562,ON,OFF,650,0,OFF,OFF,OFF,ON,Gasoline,1.015,OFF,OFF,0.684,ON,0.703,14.902,11,0,0.742,0.742,2.305,0.742,0.918,2.031,46.275,0,14.902,14,-0.004,0.023,OFF,ECT 5th,NA,OFF,97.614,97.702,13.333,0,Not Avl,0,0,0,0,ON,ON,0,0,1
137,0,14.198,Not Avl,Compl,Compl,Unable,OFF,Not Avl,Compl,Compl,Unable,OFF,40.625,53.906,28.125,28.750,19.531,39.551,15.686,31.765,0.781,1.582,ON,0,OFF,ON,ON,0.998,0.999,0.031,0.027,3.357,3.347,0,97,51199.219,13.925,24.314,OFF,OFF,OFF,OFF,OFF,OFF,OFF,Avail,Incmpl,Incmpl,Enable,Avail,422.600,267.700,422.600,267.700,ON,Avail,Compl,Enable,80,0,0,0,0,0,0,6,A,0,0,Avail,Incmpl,Incmpl,Enable,OFF,OFF,904,713.250,51199.219,51199.219,51199.219,51199.219,51199.219,51199.219,1GRFE ,33.725,Avail,Incmpl,Incmpl,Enable,7.996,OFF,OFF,OFF,OFF,ON,ON,Avail,Compl,Enable,Compl,CL,CL,Compl,Unable,Not Avl,Compl,Compl,Enable,OFF,130,15,227,ON,21.250,6.875,0.106,2362,6,21,-3,OFF,0.781,3.906,3.840,OFF,0,0,75,Avail,Compl,Enable,0,GRN2#  ,ON,0,ACTIVE,ACTIVE,0.962,0.947,0.740,0.740,61.926,56.738,Avail,Compl,Avail,Incmpl,Incmpl,Enable,OBD II (California ARB),OFF,OFF,29.761,0.500,0,1st,OFF,OFF,OFF,OFF,OFF,OFF,-1.562,-1.562,ON,OFF,650,0,OFF,OFF,OFF,ON,Gasoline,1.015,OFF,OFF,0.684,ON,0.703,14.902,11,0,0.742,0.742,2.305,0.742,0.918,2.031,46.275,0,14.902,14,-0.004,0.023,OFF,ECT 5th,NA,OFF,97.614,97.702,13.333,0,Not Avl,0,0,0,0,ON,ON,0,0,1
138,0,14.198,Not Avl,Compl,Compl,Unable,OFF,Not Avl,Compl,Compl,Unable,OFF,40.625,53.906,28.125,28.750,19.531,39.551,15.686,31.765,0.781,1.582,ON,0,OFF,ON,ON,0.998,0.999,0.031,0.027,3.357,3.347,0,97,51199.219,13.925,24.314,OFF,OFF,OFF,OFF,OFF,OFF,OFF,Avail,Incmpl,Incmpl,Enable,Avail,422.600,267.700,422.600,267.700,ON,Avail,Compl,Enable,80,0,0,0,0,0,0,6,A,0,0,Avail,Incmpl,Incmpl,Enable,OFF,OFF,904,713.250,51199.219,51199.219,51199.219,51199.219,51199.219,51199.219,1GRFE ,33.725,Avail,Incmpl,Incmpl,Enable,7.996,OFF,OFF,OFF,OFF,ON,ON,Avail,Compl,Enable,Compl,CL,CL,Compl,Unable,Not Avl,Compl,Compl,Enable,OFF,130,15,227,ON,21.250,6.875,0.106,2362,6,21,-3,OFF,0.781,3.906,3.840,OFF,0,0,75,Avail,Compl,Enable,0,GRN2#  ,ON,0,ACTIVE,ACTIVE,0.962,0.947,0.740,0.740,61.926,56.738,Avail,Compl,Avail,Incmpl,Incmpl,Enable,OBD II (California ARB),OFF,OFF,29.761,0.500,0,1st,OFF,OFF,OFF,OFF,OFF,OFF,-1.562,-1.562,ON,OFF,650,0,OFF,OFF,OFF,ON,Gasoline,1.015,OFF,OFF,0.684,ON,0.703,14.902,11,0,0.742,0.742,2.305,0.742,0.918,2.031,46.275,0,14.902,14,-0.004,0.023,OFF,ECT 5th,NA,OFF,97.614,97.702,13.333,0,Not Avl,0,0,0,0,ON,ON,0,0,1
139,0,14.198,Not Avl,Compl,Compl,Unable,OFF,Not Avl,Compl,Compl,Unable,OFF,40.625,53.906,28.125,28.750,19.531,39.551,15.686,31.765,0.781,1.582,ON,0,OFF,ON,ON,0.998,0.999,0.031,0.027,3.357,3.347,0,97,51199.219,13.925,24.314,OFF,OFF,OFF,OFF,OFF,OFF,OFF,Avail,Incmpl,Incmpl,Enable,Avail,422.600,267.700,422.600,267.700,ON,Avail,Compl,Enable,80,0,0,0,0,0,0,6,A,0,0,Avail,Incmpl,Incmpl,Enable,OFF,OFF,904,713.250,51199.219,51199.219,51199.219,51199.219,51199.219,51199.219,1GRFE ,33.725,Avail,Incmpl,Incmpl,Enable,7.996,OFF,OFF,OFF,OFF,ON,ON,Avail,Compl,Enable,Compl,CL,CL,Compl,Unable,Not Avl,Compl,Compl,Enable,OFF,130,15,227,ON,21.250,6.875,0.106,2362,6,21,-3,OFF,0.781,3.906,3.840,OFF,0,0,75,Avail,Compl,Enable,0,GRN2#  ,ON,0,ACTIVE,ACTIVE,0.962,0.947,0.740,0.740,61.926,56.738,Avail,Compl,Avail,Incmpl,Incmpl,Enable,OBD II (California ARB),OFF,OFF,29.761,0.500,0,1st,OFF,OFF,OFF,OFF,OFF,OFF,-1.562,-1.562,ON,OFF,650,0,OFF,OFF,OFF,ON,Gasoline,1.015,OFF,OFF,0.684,ON,0.703,14.902,11,0,0.742,0.742,2.305,0.742,0.918,2.031,46.275,0,14.902,14,-0.004,0.023,OFF,ECT 5th,NA,OFF,97.614,97.702,13.333,0,Not Avl,0,0,0,0,ON,ON,0,0,1
140,0,14.198,Not Avl,Compl,Compl,Unable,OFF,Not Avl,Compl,Compl,Unable,OFF,40.625,53.906,28.125,28.750,19.531,39.551,15.686,31.765,0.781,1.582,ON,0,OFF,ON,ON,0.998,0.999,0.031,0.027,3.357,3.347,0,97,51199.219,13.925,24.314,OFF,OFF,OFF,OFF,OFF,OFF,OFF,Avail,Incmpl,Incmpl,Enable,Avail,422.600,267.700,422.600,267.700,ON,Avail,Compl,Enable,80,0,0,0,0,0,0,6,A,0,0,Avail,Incmpl,Incmpl,Enable,OFF,OFF,904,713.250,51199.219,51199.219,51199.219,51199.219,51199.219,51199.219,1GRFE ,33.725,Avail,Incmpl,Incmpl,Enable,7.996,OFF,OFF,OFF,OFF,ON,ON,Avail,Compl,Enable,Compl,CL,CL,Compl,Unable,Not Avl,Compl,Compl,Enable,OFF,130,15,227,ON,21.250,6.875,0.106,2362,6,21,-3,OFF,0.781,3.906,3.840,OFF,0,0,75,Avail,Compl,Enable,0,GRN2#  ,ON,0,ACTIVE,ACTIVE,0.962,0.947,0.740,0.740,61.926,56.738,Avail,Compl,Avail,Incmpl,Incmpl,Enable,OBD II (California ARB),OFF,OFF,29.877,0.500,0,1st,OFF,OFF,OFF,OFF,OFF,OFF,-1.562,-1.562,ON,OFF,650,0,OFF,OFF,OFF,ON,Gasoline,1.015,OFF,OFF,0.684,ON,0.703,14.902,11,0,0.742,0.742,2.305,0.742,0.918,2.031,46.275,0,14.902,14,-0.004,0.023,OFF,ECT 5th,NA,OFF,97.614,97.702,13.333,0,Not Avl,0,0,0,0,ON,ON,0,0,1
141,0,14.198,Not Avl,Compl,Compl,Unable,OFF,Not Avl,Compl,Compl,Unable,OFF,40.625,53.906,28.125,28.750,19.531,39.551,15.686,31.765,0.781,1.582,ON,0,OFF,ON,ON,0.998,0.999,0.031,0.027,3.357,3.347,0,97,51199.219,13.925,24.314,OFF,OFF,OFF,OFF,OFF,OFF,OFF,Avail,Incmpl,Incmpl,Enable,Avail,422.600,267.700,422.600,267.700,ON,Avail,Compl,Enable,80,0,0,0,0,0,0,6,A,0,0,Avail,Incmpl,Incmpl,Enable,OFF,OFF,904,713.250,51199.219,51199.219,51199.219,51199.219,51199.219,51199.219,1GRFE ,33.725,Avail,Incmpl,Incmpl,Enable,7.996,OFF,OFF,OFF,OFF,ON,ON,Avail,Compl,Enable,Compl,CL,CL,Compl,Unable,Not Avl,Compl,Compl,Enable,OFF,130,15,227,ON,21.250,6.875,0.106,2362,6,21,-3,OFF,0.781,3.906,3.840,OFF,0,0,75,Avail,Compl,Enable,0,GRN2#  ,ON,0,ACTIVE,ACTIVE,0.962,0.947,0.740,0.740,61.926,56.738,Avail,Compl,Avail,Incmpl,Incmpl,Enable,OBD II (California ARB),OFF,OFF,29.877,0.500,0,1st,OFF,OFF,OFF,OFF,OFF,OFF,-1.562,-1.562,ON,OFF,650,0,OFF,OFF,OFF,ON,Gasoline,1.015,OFF,OFF,0.684,ON,0.703,14.902,11,0,0.742,0.742,2.305,0.742,0.918,2.031,46.275,0,14.902,14,-0.004,0.023,OFF,ECT 5th,NA,OFF,97.614,97.702,13.333,0,Not Avl,0,0,0,0,ON,ON,0,0,1
142,0,14.198,Not Avl,Compl,Compl,Unable,OFF,Not Avl,Compl,Compl,Unable,OFF,40.625,53.906,28.125,28.750,19.531,39.551,15.686,31.765,0.781,1.582,ON,0,OFF,ON,ON,0.998,0.999,0.031,0.027,3.357,3.347,0,97,51199.219,13.925,24.314,OFF,OFF,OFF,OFF,OFF,OFF,OFF,Avail,Incmpl,Incmpl,Enable,Avail,422.600,267.700,422.600,267.700,ON,Avail,Compl,Enable,80,0,0,0,0,0,0,6,A,0,0,Avail,Incmpl,Incmpl,Enable,OFF,OFF,904,713.250,51199.219,51199.219,51199.219,51199.219,51199.219,51199.219,1GRFE ,33.725,Avail,Incmpl,Incmpl,Enable,7.996,OFF,OFF,OFF,OFF,ON,ON,Avail,Compl,Enable,Compl,CL,CL,Compl,Unable,Not Avl,Compl,Compl,Enable,OFF,130,15,227,ON,21.250,6.875,0.106,2362,6,21,-3,OFF,0.781,3.906,3.840,OFF,0,0,75,Avail,Compl,Enable,0,GRN2#  ,ON,0,ACTIVE,ACTIVE,0.962,0.947,0.740,0.740,61.926,56.738,Avail,Compl,Avail,Incmpl,Incmpl,Enable,OBD II (California ARB),OFF,OFF,29.877,0.500,0,1st,OFF,OFF,OFF,OFF,OFF,OFF,-1.562,-1.562,ON,OFF,650,0,OFF,OFF,OFF,ON,Gasoline,1.015,OFF,OFF,0.684,ON,0.703,14.902,11,0,0.742,0.742,2.305,0.742,0.918,2.031,46.275,0,14.902,14,-0.004,0.023,OFF,ECT 5th,NA,OFF,97.614,97.702,13.333,0,Not Avl,0,0,0,0,ON,ON,0,0,1
143,0,14.198,Not Avl,Compl,Compl,Unable,OFF,Not Avl,Compl,Compl,Unable,OFF,40.625,53.906,28.125,28.750,19.531,39.551,15.686,31.765,0.781,1.582,ON,0,OFF,ON,ON,0.998,0.999,0.031,0.027,3.357,3.347,0,97,51199.219,13.925,24.314,OFF,OFF,OFF,OFF,OFF,OFF,OFF,Avail,Incmpl,Incmpl,Enable,Avail,422.600,267.700,422.600,267.700,ON,Avail,Compl,Enable,80,0,0,0,0,0,0,6,A,0,0,Avail,Incmpl,Incmpl,Enable,OFF,OFF,904,713.250,51199.219,51199.219,51199.219,51199.219,51199.219,51199.219,1GRFE ,33.725,Avail,Incmpl,Incmpl,Enable,7.996,OFF,OFF,OFF,OFF,ON,ON,Avail,Compl,Enable,Compl,CL,CL,Compl,Unable,Not Avl,Compl,Compl,Enable,OFF,130,15,227,ON,21.250,6.875,0.106,2362,6,21,-3,OFF,0.781,3.906,3.840,OFF,0,0,75,Avail,Compl,Enable,0,GRN2#  ,ON,0,ACTIVE,ACTIVE,0.962,0.947,0.740,0.740,61.926,56.738,Avail,Compl,Avail,Incmpl,Incmpl,Enable,OBD II (California ARB),OFF,OFF,29.877,0.500,0,1st,OFF,OFF,OFF,OFF,OFF,OFF,-1.562,-1.562,ON,OFF,650,0,OFF,OFF,OFF,ON,Gasoline,1.015,OFF,OFF,0.684,ON,0.703,14.902,11,0,0.742,0.742,2.305,0.742,0.918,2.031,46.275,0,14.902,14,-0.004,0.023,OFF,ECT 5th,NA,OFF,97.614,97.702,13.333,0,Not Avl,0,0,0,0,ON,ON,0,0,1
144,0,14.198,Not Avl,Compl,Compl,Unable,OFF,Not Avl,Compl,Compl,Unable,OFF,40.625,53.906,28.125,28.750,19.531,39.551,15.686,31.765,0.781,1.582,ON,0,OFF,ON,ON,0.998,0.999,0.031,0.027,3.357,3.347,0,97,51199.219,13.925,24.314,OFF,OFF,OFF,OFF,OFF,OFF,OFF,Avail,Incmpl,Incmpl,Enable,Avail,422.600,267.700,422.600,267.700,ON,Avail,Compl,Enable,80,0,0,0,0,0,0,6,A,0,0,Avail,Incmpl,Incmpl,Enable,OFF,OFF,904,713.250,51199.219,51199.219,51199.219,51199.219,51199.219,51199.219,1GRFE ,33.725,Avail,Incmpl,Incmpl,Enable,7.996,OFF,OFF,OFF,OFF,ON,ON,Avail,Compl,Enable,Compl,CL,CL,Compl,Unable,Not Avl,Compl,Compl,Enable,OFF,130,15,227,ON,21.250,6.875,0.106,2362,6,21,-3,OFF,0.781,3.906,3.840,OFF,0,0,75,Avail,Compl,Enable,0,GRN2#  ,ON,0,ACTIVE,ACTIVE,0.962,0.947,0.740,0.740,61.926,56.738,Avail,Compl,Avail,Incmpl,Incmpl,Enable,OBD II (California ARB),OFF,OFF,29.877,0.500,0,1st,OFF,OFF,OFF,OFF,OFF,OFF,-1.562,-1.562,ON,OFF,650,0,OFF,OFF,OFF,ON,Gasoline,1.015,OFF,OFF,0.684,ON,0.703,14.902,11,0,0.742,0.742,2.305,0.742,0.918,2.031,46.275,0,14.902,14,-0.004,0.023,OFF,ECT 5th,NA,OFF,97.614,97.702,13.333,0,Not Avl,0,0,0,0,ON,ON,0,0,1
145,0,14.198,Not Avl,Compl,Compl,Unable,OFF,Not Avl,Compl,Compl,Unable,OFF,40.625,53.906,28.125,28.750,19.531,39.551,15.686,31.765,0.781,1.582,ON,0,OFF,ON,ON,0.998,0.999,0.031,0.027,3.357,3.347,0,97,51199.219,13.925,24.314,OFF,OFF,OFF,OFF,OFF,OFF,OFF,Avail,Incmpl,Incmpl,Enable,Avail,422.600,267.700,422.600,267.700,ON,Avail,Compl,Enable,80,0,0,0,0,0,0,6,A,0,0,Avail,Incmpl,Incmpl,Enable,OFF,OFF,904,713.250,51199.219,51199.219,51199.219,51199.219,51199.219,51199.219,1GRFE ,33.725,Avail,Incmpl,Incmpl,Enable,7.996,OFF,OFF,OFF,OFF,ON,ON,Avail,Compl,Enable,Compl,CL,CL,Compl,Unable,Not Avl,Compl,Compl,Enable,OFF,130,15,227,ON,21.250,6.875,0.106,2362,6,21,-3,OFF,0.781,3.906,3.840,OFF,0,0,75,Avail,Compl,Enable,0,GRN2#  ,ON,0,ACTIVE,ACTIVE,0.962,0.947,0.740,0.740,61.926,56.738,Avail,Compl,Avail,Incmpl,Incmpl,Enable,OBD II (California ARB),OFF,OFF,29.877,0.500,0,1st,OFF,OFF,OFF,OFF,OFF,OFF,-1.562,-1.562,ON,OFF,650,0,OFF,OFF,OFF,ON,Gasoline,1.015,OFF,OFF,0.684,ON,0.703,14.902,11,0,0.742,0.742,2.305,0.742,0.918,2.031,46.275,0,14.902,14,-0.004,0.023,OFF,ECT 5th,NA,OFF,97.614,97.702,13.333,0,Not Avl,0,0,0,0,ON,ON,0,0,1
146,0,14.198,Not Avl,Compl,Compl,Unable,OFF,Not Avl,Compl,Compl,Unable,OFF,40.625,53.906,28.125,28.750,19.531,39.551,15.686,31.765,0.781,1.582,ON,0,OFF,ON,ON,0.998,0.999,0.031,0.027,3.357,3.347,0,97,51199.219,13.925,24.314,OFF,OFF,OFF,OFF,OFF,OFF,OFF,Avail,Incmpl,Incmpl,Enable,Avail,422.600,267.700,422.600,267.700,ON,Avail,Compl,Enable,80,0,0,0,0,0,0,6,A,0,0,Avail,Incmpl,Incmpl,Enable,OFF,OFF,904,713.250,51199.219,51199.219,51199.219,51199.219,51199.219,51199.219,1GRFE ,33.725,Avail,Incmpl,Incmpl,Enable,7.996,OFF,OFF,OFF,OFF,ON,ON,Avail,Compl,Enable,Compl,CL,CL,Compl,Unable,Not Avl,Compl,Compl,Enable,OFF,130,15,227,ON,21.250,6.875,0.106,2362,6,21,-3,OFF,0.781,3.906,3.840,OFF,0,0,75,Avail,Compl,Enable,0,GRN2#  ,ON,0,ACTIVE,ACTIVE,0.962,0.947,0.740,0.740,61.926,56.738,Avail,Compl,Avail,Incmpl,Incmpl,Enable,OBD II (California ARB),OFF,OFF,29.877,0.500,0,1st,OFF,OFF,OFF,OFF,OFF,OFF,-1.562,-1.562,ON,OFF,650,0,OFF,OFF,OFF,ON,Gasoline,1.015,OFF,OFF,0.684,ON,0.703,14.902,11,0,0.742,0.742,2.305,0.742,0.918,2.031,46.275,0,14.902,14,-0.004,0.023,OFF,ECT 5th,NA,OFF,97.614,97.702,13.333,0,Not Avl,0,0,0,0,ON,ON,0,0,1
147,0,14.198,Not Avl,Compl,Compl,Unable,OFF,Not Avl,Compl,Compl,Unable,OFF,40.625,53.906,28.125,28.750,19.531,39.551,15.686,31.765,0.781,1.582,ON,0,OFF,ON,ON,0.998,0.999,0.031,0.027,3.357,3.347,0,97,51199.219,13.925,24.314,OFF,OFF,OFF,OFF,OFF,OFF,OFF,Avail,Incmpl,Incmpl,Enable,Avail,422.600,267.700,422.600,267.700,ON,Avail,Compl,Enable,80,0,0,0,0,0,0,6,A,0,0,Avail,Incmpl,Incmpl,Enable,OFF,OFF,904,713.250,51199.219,51199.219,51199.219,51199.219,51199.219,51199.219,1GRFE ,33.725,Avail,Incmpl,Incmpl,Enable,7.996,OFF,OFF,OFF,OFF,ON,ON,Avail,Compl,Enable,Compl,CL,CL,Compl,Unable,Not Avl,Compl,Compl,Enable,OFF,130,15,227,ON,21.250,6.875,0.106,2362,6,21,-3,OFF,0.781,3.906,3.840,OFF,0,0,75,Avail,Compl,Enable,0,GRN2#  ,ON,0,ACTIVE,ACTIVE,0.962,0.947,0.740,0.740,61.926,56.738,Avail,Compl,Avail,Incmpl,Incmpl,Enable,OBD II (California ARB),OFF,OFF,29.877,0.500,0,1st,OFF,OFF,OFF,OFF,OFF,OFF,-1.562,-1.562,ON,OFF,650,0,OFF,OFF,OFF,ON,Gasoline,1.015,OFF,OFF,0.684,ON,0.703,14.902,11,0,0.742,0.742,2.305,0.742,0.918,2.031,46.275,0,14.902,14,-0.004,0.023,OFF,ECT 5th,NA,OFF,97.614,97.702,13.333,0,Not Avl,0,0,0,0,ON,ON,0,0,1
148,0,14.198,Not Avl,Compl,Compl,Unable,OFF,Not Avl,Compl,Compl,Unable,OFF,40.625,53.906,28.125,28.750,19.531,39.551,15.686,31.765,0.781,1.582,ON,0,OFF,ON,ON,0.998,0.999,0.031,0.027,3.357,3.347,0,97,51199.219,13.925,24.314,OFF,OFF,OFF,OFF,OFF,OFF,OFF,Avail,Incmpl,Incmpl,Enable,Avail,422.600,267.700,422.600,267.700,ON,Avail,Compl,Enable,80,0,0,0,0,0,0,6,A,0,0,Avail,Incmpl,Incmpl,Enable,OFF,OFF,904,713.250,51199.219,51199.219,51199.219,51199.219,51199.219,51199.219,1GRFE ,33.725,Avail,Incmpl,Incmpl,Enable,7.996,OFF,OFF,OFF,OFF,ON,ON,Avail,Compl,Enable,Compl,CL,CL,Compl,Unable,Not Avl,Compl,Compl,Enable,OFF,130,15,227,ON,21.250,6.875,0.106,2362,6,21,-3,OFF,0.781,3.906,3.840,OFF,0,0,75,Avail,Compl,Enable,0,GRN2#  ,ON,0,ACTIVE,ACTIVE,0.962,0.947,0.740,0.740,61.926,56.738,Avail,Compl,Avail,Incmpl,Incmpl,Enable,OBD II (California ARB),OFF,OFF,29.877,0.500,0,1st,OFF,OFF,OFF,OFF,OFF,OFF,-1.562,-1.562,ON,OFF,650,0,OFF,OFF,OFF,ON,Gasoline,1.015,OFF,OFF,0.684,ON,0.703,14.902,11,0,0.742,0.742,2.305,0.742,0.918,2.031,46.275,0,14.902,14,-0.004,0.023,OFF,ECT 5th,NA,OFF,97.614,97.702,13.333,0,Not Avl,0,0,0,0,ON,ON,0,0,1
149,0,14.198,Not Avl,Compl,Compl,Unable,OFF,Not Avl,Compl,Compl,Unable,OFF,40.625,53.906,28.125,28.750,19.531,39.551,15.686,31.765,0.781,1.582,ON,0,OFF,ON,ON,0.998,0.999,0.031,0.027,3.357,3.347,0,97,51199.219,13.925,24.314,OFF,OFF,OFF,OFF,OFF,OFF,OFF,Avail,Incmpl,Incmpl,Enable,Avail,422.600,267.700,422.600,267.700,ON,Avail,Compl,Enable,80,0,0,0,0,0,0,6,A,0,0,Avail,Incmpl,Incmpl,Enable,OFF,OFF,904,713.250,51199.219,51199.219,51199.219,51199.219,51199.219,51199.219,1GRFE ,33.725,Avail,Incmpl,Incmpl,Enable,7.996,OFF,OFF,OFF,OFF,ON,ON,Avail,Compl,Enable,Compl,CL,CL,Compl,Unable,Not Avl,Compl,Compl,Enable,OFF,130,15,227,ON,21.250,6.875,0.106,2362,6,21,-3,OFF,0.781,3.906,3.840,OFF,0,0,75,Avail,Compl,Enable,0,GRN2#  ,ON,0,ACTIVE,ACTIVE,0.962,0.947,0.740,0.740,61.926,56.738,Avail,Compl,Avail,Incmpl,Incmpl,Enable,OBD II (California ARB),OFF,OFF,29.877,0.500,0,1st,OFF,OFF,OFF,OFF,OFF,OFF,-1.562,-1.562,ON,OFF,650,0,OFF,OFF,OFF,ON,Gasoline,1.015,OFF,OFF,0.684,ON,0.703,14.902,11,0,0.742,0.742,2.305,0.742,0.918,2.031,46.275,0,14.902,14,-0.004,0.023,OFF,ECT 5th,NA,OFF,97.614,97.702,13.333,0,Not Avl,0,0,0,0,ON,ON,0,0,1
150,0,14.198,Not Avl,Compl,Compl,Unable,OFF,Not Avl,Compl,Compl,Unable,OFF,40.625,53.906,28.125,28.750,19.531,39.551,15.686,31.765,0.781,1.582,ON,0,OFF,ON,ON,0.998,0.999,0.031,0.027,3.357,3.347,0,97,51199.219,13.925,24.314,OFF,OFF,OFF,OFF,OFF,OFF,OFF,Avail,Incmpl,Incmpl,Enable,Avail,422.600,267.700,422.600,267.700,ON,Avail,Compl,Enable,80,0,0,0,0,0,0,6,A,0,0,Avail,Incmpl,Incmpl,Enable,OFF,OFF,904,713.250,51199.219,51199.219,51199.219,51199.219,51199.219,51199.219,1GRFE ,33.725,Avail,Incmpl,Incmpl,Enable,7.996,OFF,OFF,OFF,OFF,ON,ON,Avail,Compl,Enable,Compl,CL,CL,Compl,Unable,Not Avl,Compl,Compl,Enable,OFF,130,15,227,ON,21.250,6.875,0.106,2362,6,21,-3,OFF,0.781,3.906,3.840,OFF,0,0,75,Avail,Compl,Enable,0,GRN2#  ,ON,0,ACTIVE,ACTIVE,0.962,0.947,0.740,0.740,61.926,56.738,Avail,Compl,Avail,Incmpl,Incmpl,Enable,OBD II (California ARB),OFF,OFF,29.877,0.500,0,1st,OFF,OFF,OFF,OFF,OFF,OFF,-1.562,-1.562,ON,OFF,650,0,OFF,OFF,OFF,ON,Gasoline,1.015,OFF,OFF,0.684,ON,0.703,14.902,11,0,0.742,0.742,2.305,0.742,0.918,2.031,46.275,0,14.902,14,-0.004,0.023,OFF,ECT 5th,NA,OFF,97.614,97.702,13.333,0,Not Avl,0,0,0,0,ON,ON,0,0,1
151,0,14.198,Not Avl,Compl,Compl,Unable,OFF,Not Avl,Compl,Compl,Unable,OFF,40.625,53.906,28.125,28.750,19.531,39.551,15.686,31.765,0.781,1.582,ON,0,OFF,ON,ON,0.998,0.999,0.031,0.027,3.357,3.347,0,97,51199.219,13.925,24.314,OFF,OFF,OFF,OFF,OFF,OFF,OFF,Avail,Incmpl,Incmpl,Enable,Avail,422.600,267.700,422.600,267.700,ON,Avail,Compl,Enable,80,0,0,0,0,0,0,6,A,0,0,Avail,Incmpl,Incmpl,Enable,OFF,OFF,904,713.250,51199.219,51199.219,51199.219,51199.219,51199.219,51199.219,1GRFE ,33.725,Avail,Incmpl,Incmpl,Enable,7.996,OFF,OFF,OFF,OFF,ON,ON,Avail,Compl,Enable,Compl,CL,CL,Compl,Unable,Not Avl,Compl,Compl,Enable,OFF,130,15,227,ON,21.250,6.875,0.106,2362,6,21,-3,OFF,0.781,3.906,3.840,OFF,0,0,75,Avail,Compl,Enable,0,GRN2#  ,ON,0,ACTIVE,ACTIVE,0.962,0.947,0.740,0.740,61.926,56.738,Avail,Compl,Avail,Incmpl,Incmpl,Enable,OBD II (California ARB),OFF,OFF,29.877,0.500,0,1st,OFF,OFF,OFF,OFF,OFF,OFF,-1.562,-2.344,ON,OFF,650,0,OFF,OFF,OFF,ON,Gasoline,1.015,OFF,OFF,0.684,ON,0.703,14.902,11,0,0.742,0.742,2.305,0.742,0.918,2.031,46.275,0,14.902,14,-0.004,0.023,OFF,ECT 5th,NA,OFF,97.614,97.702,13.333,0,Not Avl,0,0,0,0,ON,ON,0,0,1
152,0,14.198,Not Avl,Compl,Compl,Unable,OFF,Not Avl,Compl,Compl,Unable,OFF,40.625,53.906,28.125,28.750,19.531,39.551,15.686,31.765,0.781,1.582,ON,0,OFF,ON,ON,0.998,0.999,0.031,0.027,3.357,3.347,0,97,51199.219,13.925,24.314,OFF,OFF,OFF,OFF,OFF,OFF,OFF,Avail,Incmpl,Incmpl,Enable,Avail,422.600,267.700,422.600,267.700,ON,Avail,Compl,Enable,80,0,0,0,0,0,0,6,A,0,0,Avail,Incmpl,Incmpl,Enable,OFF,OFF,904,713.250,51199.219,51199.219,51199.219,51199.219,51199.219,51199.219,1GRFE ,33.725,Avail,Incmpl,Incmpl,Enable,7.996,OFF,OFF,OFF,OFF,ON,ON,Avail,Compl,Enable,Compl,CL,CL,Compl,Unable,Not Avl,Compl,Compl,Enable,OFF,130,15,227,ON,21.250,6.875,0.106,2362,6,21,-3,OFF,0.781,3.906,3.840,OFF,0,0,75,Avail,Compl,Enable,0,GRN2#  ,ON,0,ACTIVE,ACTIVE,0.962,0.947,0.740,0.740,61.926,56.738,Avail,Compl,Avail,Incmpl,Incmpl,Enable,OBD II (California ARB),OFF,OFF,29.877,0.500,0,1st,OFF,OFF,OFF,OFF,OFF,OFF,-1.562,-2.344,ON,OFF,650,0,OFF,OFF,OFF,ON,Gasoline,1.015,OFF,OFF,0.684,ON,0.703,14.902,11,0,0.742,0.742,2.305,0.742,0.918,2.031,46.275,0,14.902,14,-0.004,0.023,OFF,ECT 5th,NA,OFF,97.614,97.702,13.333,0,Not Avl,0,0,0,0,ON,ON,0,0,1
153,0,14.198,Not Avl,Compl,Compl,Unable,OFF,Not Avl,Compl,Compl,Unable,OFF,40.625,53.906,28.125,28.750,19.531,39.551,15.686,31.765,0.781,1.582,ON,0,OFF,ON,ON,0.998,0.999,0.031,0.027,3.357,3.347,0,97,51199.219,13.925,24.314,OFF,OFF,OFF,OFF,OFF,OFF,OFF,Avail,Incmpl,Incmpl,Enable,Avail,422.600,267.700,422.600,267.700,ON,Avail,Compl,Enable,80,0,0,0,0,0,0,6,A,0,0,Avail,Incmpl,Incmpl,Enable,OFF,OFF,904,713.250,51199.219,51199.219,51199.219,51199.219,51199.219,51199.219,1GRFE ,33.725,Avail,Incmpl,Incmpl,Enable,7.996,OFF,OFF,OFF,OFF,ON,ON,Avail,Compl,Enable,Compl,CL,CL,Compl,Unable,Not Avl,Compl,Compl,Enable,OFF,130,15,227,ON,21.250,6.875,0.106,2362,6,21,-3,OFF,0.781,3.906,3.840,OFF,0,0,75,Avail,Compl,Enable,0,GRN2#  ,ON,0,ACTIVE,ACTIVE,0.962,0.947,0.740,0.740,61.926,56.738,Avail,Compl,Avail,Incmpl,Incmpl,Enable,OBD II (California ARB),OFF,OFF,29.877,0.500,0,1st,OFF,OFF,OFF,OFF,OFF,OFF,-1.562,-2.344,ON,OFF,650,0,OFF,OFF,OFF,ON,Gasoline,1.015,OFF,OFF,0.684,ON,0.703,14.902,11,0,0.742,0.742,2.305,0.742,0.918,2.031,46.275,0,14.902,14,-0.004,0.023,OFF,ECT 5th,NA,OFF,97.614,97.702,13.333,0,Not Avl,0,0,0,0,ON,ON,0,0,1
154,0,14.198,Not Avl,Compl,Compl,Unable,OFF,Not Avl,Compl,Compl,Unable,OFF,40.625,53.906,28.125,28.750,19.531,39.551,15.686,31.765,0.781,1.582,ON,0,OFF,ON,ON,0.998,0.999,0.031,0.027,3.357,3.347,0,97,51199.219,13.925,24.314,OFF,OFF,OFF,OFF,OFF,OFF,OFF,Avail,Incmpl,Incmpl,Enable,Avail,422.600,267.700,422.600,267.700,ON,Avail,Compl,Enable,80,0,0,0,0,0,0,6,A,0,0,Avail,Incmpl,Incmpl,Enable,OFF,OFF,904,713.250,51199.219,51199.219,51199.219,51199.219,51199.219,51199.219,1GRFE ,33.725,Avail,Incmpl,Incmpl,Enable,7.996,OFF,OFF,OFF,OFF,ON,ON,Avail,Compl,Enable,Compl,CL,CL,Compl,Unable,Not Avl,Compl,Compl,Enable,OFF,130,15,227,ON,21.250,6.875,0.106,2362,6,21,-3,OFF,0.781,3.906,3.840,OFF,0,0,75,Avail,Compl,Enable,0,GRN2#  ,ON,0,ACTIVE,ACTIVE,0.962,0.947,0.740,0.740,61.926,56.738,Avail,Compl,Avail,Incmpl,Incmpl,Enable,OBD II (California ARB),OFF,OFF,29.877,0.500,0,1st,OFF,OFF,OFF,OFF,OFF,OFF,-1.562,-2.344,ON,OFF,650,0,OFF,OFF,OFF,ON,Gasoline,1.015,OFF,OFF,0.684,ON,0.703,14.902,11,0,0.742,0.742,2.305,0.742,0.918,2.031,46.275,0,14.902,14,-0.004,0.023,OFF,ECT 5th,NA,OFF,97.614,97.702,13.333,0,Not Avl,0,0,0,0,ON,ON,0,0,1
155,0,14.198,Not Avl,Compl,Compl,Unable,OFF,Not Avl,Compl,Compl,Unable,OFF,40.625,53.906,28.125,28.750,19.531,39.551,15.686,31.765,0.781,1.582,ON,0,OFF,ON,ON,0.998,0.999,0.031,0.027,3.357,3.347,0,97,51199.219,13.925,24.314,OFF,OFF,OFF,OFF,OFF,OFF,OFF,Avail,Incmpl,Incmpl,Enable,Avail,422.600,267.700,422.600,267.700,ON,Avail,Compl,Enable,80,0,0,0,0,0,0,6,A,0,0,Avail,Incmpl,Incmpl,Enable,OFF,OFF,904,713.250,51199.219,51199.219,51199.219,51199.219,51199.219,51199.219,1GRFE ,33.725,Avail,Incmpl,Incmpl,Enable,7.996,OFF,OFF,OFF,OFF,ON,ON,Avail,Compl,Enable,Compl,CL,CL,Compl,Unable,Not Avl,Compl,Compl,Enable,OFF,130,15,227,ON,21.250,6.875,0.106,2362,6,21,-3,OFF,0.781,3.906,3.840,OFF,0,0,75,Avail,Compl,Enable,0,GRN2#  ,ON,0,ACTIVE,ACTIVE,0.962,0.947,0.740,0.740,61.926,56.738,Avail,Compl,Avail,Incmpl,Incmpl,Enable,OBD II (California ARB),OFF,OFF,29.877,0.500,0,1st,OFF,OFF,OFF,OFF,OFF,OFF,-1.562,-2.344,ON,OFF,650,0,OFF,OFF,OFF,ON,Gasoline,1.015,OFF,OFF,0.684,ON,0.703,14.902,11,0,0.742,0.742,2.305,0.742,0.918,2.031,46.275,0,14.902,14,-0.004,0.023,OFF,ECT 5th,NA,OFF,97.614,97.702,13.333,0,Not Avl,0,0,0,0,ON,ON,0,0,1
156,0,14.198,Not Avl,Compl,Compl,Unable,OFF,Not Avl,Compl,Compl,Unable,OFF,40.625,53.906,28.125,28.750,19.531,39.551,15.686,31.765,0.781,1.582,ON,0,OFF,ON,ON,0.998,0.999,0.031,0.027,3.357,3.347,0,97,51199.219,13.925,24.314,OFF,OFF,OFF,OFF,OFF,OFF,OFF,Avail,Incmpl,Incmpl,Enable,Avail,422.600,267.700,422.600,267.700,ON,Avail,Compl,Enable,80,0,0,0,0,0,0,6,A,0,0,Avail,Incmpl,Incmpl,Enable,OFF,OFF,904,713.250,51199.219,51199.219,51199.219,51199.219,51199.219,51199.219,1GRFE ,33.725,Avail,Incmpl,Incmpl,Enable,7.996,OFF,OFF,OFF,OFF,ON,ON,Avail,Compl,Enable,Compl,CL,CL,Compl,Unable,Not Avl,Compl,Compl,Enable,OFF,130,15,227,ON,21.250,6.875,0.106,2362,6,21,-3,OFF,0.781,3.906,3.840,OFF,0,0,75,Avail,Compl,Enable,0,GRN2#  ,ON,0,ACTIVE,ACTIVE,0.962,0.947,0.740,0.740,61.926,56.738,Avail,Compl,Avail,Incmpl,Incmpl,Enable,OBD II (California ARB),OFF,OFF,29.877,0.500,0,1st,OFF,OFF,OFF,OFF,OFF,OFF,-1.562,-2.344,ON,OFF,650,0,OFF,OFF,OFF,ON,Gasoline,1.015,OFF,OFF,0.684,ON,0.703,14.902,11,0,0.742,0.742,2.305,0.742,0.918,2.031,46.275,0,14.902,14,-0.004,0.023,OFF,ECT 5th,NA,OFF,97.614,97.702,13.333,0,Not Avl,0,0,0,0,ON,ON,0,0,1
157,0,14.198,Not Avl,Compl,Compl,Unable,OFF,Not Avl,Compl,Compl,Unable,OFF,40.625,53.906,28.125,28.750,19.531,39.551,15.686,31.765,0.781,1.582,ON,0,OFF,ON,ON,0.998,0.999,0.031,0.027,3.357,3.347,0,97,51199.219,13.925,24.314,OFF,OFF,OFF,OFF,OFF,OFF,OFF,Avail,Incmpl,Incmpl,Enable,Avail,422.600,267.700,422.600,267.700,ON,Avail,Compl,Enable,80,0,0,0,0,0,0,6,A,0,0,Avail,Incmpl,Incmpl,Enable,OFF,OFF,904,713.250,51199.219,51199.219,51199.219,51199.219,51199.219,51199.219,1GRFE ,33.725,Avail,Incmpl,Incmpl,Enable,7.996,OFF,OFF,OFF,OFF,ON,ON,Avail,Compl,Enable,Compl,CL,CL,Compl,Unable,Not Avl,Compl,Compl,Enable,OFF,130,15,227,ON,21.250,6.875,0.106,2362,6,21,-3,OFF,0.781,3.906,3.840,OFF,0,0,75,Avail,Compl,Enable,0,GRN2#  ,ON,0,ACTIVE,ACTIVE,0.962,0.947,0.740,0.740,61.926,56.738,Avail,Compl,Avail,Incmpl,Incmpl,Enable,OBD II (California ARB),OFF,OFF,29.877,0.500,0,1st,OFF,OFF,OFF,OFF,OFF,OFF,-1.562,-2.344,ON,OFF,650,0,OFF,OFF,OFF,ON,Gasoline,1.015,OFF,OFF,0.684,ON,0.703,14.902,11,0,0.742,0.742,2.305,0.742,0.918,2.031,46.275,0,14.902,14,-0.004,0.023,OFF,ECT 5th,NA,OFF,97.614,97.702,13.333,0,Not Avl,0,0,0,0,ON,ON,0,0,1
158,0,14.198,Not Avl,Compl,Compl,Unable,OFF,Not Avl,Compl,Compl,Unable,OFF,40.625,53.906,28.125,28.750,19.531,39.551,15.686,31.765,0.781,1.582,ON,0,OFF,ON,ON,0.998,0.999,0.031,0.027,3.357,3.347,0,97,51199.219,13.925,24.314,OFF,OFF,OFF,OFF,OFF,OFF,OFF,Avail,Incmpl,Incmpl,Enable,Avail,422.600,267.700,422.600,267.700,ON,Avail,Compl,Enable,80,0,0,0,0,0,0,6,A,0,0,Avail,Incmpl,Incmpl,Enable,OFF,OFF,904,713.250,51199.219,51199.219,51199.219,51199.219,51199.219,51199.219,1GRFE ,33.725,Avail,Incmpl,Incmpl,Enable,7.996,OFF,OFF,OFF,OFF,ON,ON,Avail,Compl,Enable,Compl,CL,CL,Compl,Unable,Not Avl,Compl,Compl,Enable,OFF,130,15,227,ON,21.250,6.875,0.106,2362,6,21,-3,OFF,0.781,3.906,3.840,OFF,0,0,75,Avail,Compl,Enable,0,GRN2#  ,ON,0,ACTIVE,ACTIVE,0.962,0.947,0.740,0.740,61.926,56.738,Avail,Compl,Avail,Incmpl,Incmpl,Enable,OBD II (California ARB),OFF,OFF,29.877,0.500,0,1st,OFF,OFF,OFF,OFF,OFF,OFF,-1.562,-2.344,ON,OFF,650,0,OFF,OFF,OFF,ON,Gasoline,1.015,OFF,OFF,0.684,ON,0.703,14.902,11,0,0.742,0.742,2.305,0.742,0.918,2.031,46.275,0,14.902,14,-0.004,0.023,OFF,ECT 5th,NA,OFF,97.614,97.702,13.333,0,Not Avl,0,0,0,0,ON,ON,0,0,1
159,0,14.198,Not Avl,Compl,Compl,Unable,OFF,Not Avl,Compl,Compl,Unable,OFF,40.625,53.906,28.125,28.750,19.531,39.551,15.686,31.765,0.781,1.582,ON,0,OFF,ON,ON,0.998,0.999,0.031,0.027,3.357,3.347,0,97,51199.219,13.925,24.314,OFF,OFF,OFF,OFF,OFF,OFF,OFF,Avail,Incmpl,Incmpl,Enable,Avail,422.600,267.700,422.600,267.700,ON,Avail,Compl,Enable,80,0,0,0,0,0,0,6,A,0,0,Avail,Incmpl,Incmpl,Enable,OFF,OFF,904,713.250,51199.219,51199.219,51199.219,51199.219,51199.219,51199.219,1GRFE ,33.725,Avail,Incmpl,Incmpl,Enable,7.996,OFF,OFF,OFF,OFF,ON,ON,Avail,Compl,Enable,Compl,CL,CL,Compl,Unable,Not Avl,Compl,Compl,Enable,OFF,130,15,227,ON,21.250,6.875,0.106,2362,6,21,-3,OFF,0.781,3.906,3.840,OFF,0,0,75,Avail,Compl,Enable,0,GRN2#  ,ON,0,ACTIVE,ACTIVE,0.962,0.947,0.740,0.740,61.926,56.738,Avail,Compl,Avail,Incmpl,Incmpl,Enable,OBD II (California ARB),OFF,OFF,29.877,0.500,0,1st,OFF,OFF,OFF,OFF,OFF,OFF,-1.562,-2.344,ON,OFF,650,0,OFF,OFF,OFF,ON,Gasoline,1.015,OFF,OFF,0.684,ON,0.703,14.902,11,0,0.742,0.742,2.305,0.742,0.918,2.031,46.275,0,14.902,14,-0.004,0.023,OFF,ECT 5th,NA,OFF,97.614,97.702,13.333,0,Not Avl,0,0,0,0,ON,ON,0,0,1
160,0,14.198,Not Avl,Compl,Compl,Unable,OFF,Not Avl,Compl,Compl,Unable,OFF,40.625,53.906,28.125,28.750,19.531,39.551,15.686,31.765,0.781,1.582,ON,0,OFF,ON,ON,0.998,0.999,0.031,0.027,3.357,3.347,0,97,51199.219,13.925,24.314,OFF,OFF,OFF,OFF,OFF,OFF,OFF,Avail,Incmpl,Incmpl,Enable,Avail,422.600,267.700,422.600,267.700,ON,Avail,Compl,Enable,80,0,0,0,0,0,0,6,A,0,0,Avail,Incmpl,Incmpl,Enable,OFF,OFF,904,713.250,51199.219,51199.219,51199.219,51199.219,51199.219,51199.219,1GRFE ,33.725,Avail,Incmpl,Incmpl,Enable,7.996,OFF,OFF,OFF,OFF,ON,ON,Avail,Compl,Enable,Compl,CL,CL,Compl,Unable,Not Avl,Compl,Compl,Enable,OFF,130,15,227,ON,21.250,6.875,0.106,2362,6,21,-3,OFF,0.781,3.906,3.840,OFF,0,0,75,Avail,Compl,Enable,0,GRN2#  ,ON,0,ACTIVE,ACTIVE,0.962,0.947,0.740,0.740,61.926,56.738,Avail,Compl,Avail,Incmpl,Incmpl,Enable,OBD II (California ARB),OFF,OFF,29.877,0.500,0,1st,OFF,OFF,OFF,OFF,OFF,OFF,-1.562,-2.344,ON,OFF,650,0,OFF,OFF,OFF,ON,Gasoline,1.015,OFF,OFF,0.684,ON,0.703,14.902,11,0,0.742,0.742,2.305,0.742,0.918,2.031,46.275,0,14.902,14,-0.004,0.023,OFF,ECT 5th,NA,OFF,97.614,97.702,13.333,0,Not Avl,0,0,0,0,ON,ON,0,0,1
161,0,14.198,Not Avl,Compl,Compl,Unable,OFF,Not Avl,Compl,Compl,Unable,OFF,40.625,53.906,28.125,28.750,19.531,39.551,15.686,31.765,0.781,1.582,ON,0,OFF,ON,ON,0.998,0.999,0.031,0.027,3.357,3.347,0,97,51199.219,13.925,24.314,OFF,OFF,OFF,OFF,OFF,OFF,OFF,Avail,Incmpl,Incmpl,Enable,Avail,422.600,267.700,422.600,267.700,ON,Avail,Compl,Enable,80,0,0,0,0,0,0,6,A,0,0,Avail,Incmpl,Incmpl,Enable,OFF,OFF,904,713.250,51199.219,51199.219,51199.219,51199.219,51199.219,51199.219,1GRFE ,33.725,Avail,Incmpl,Incmpl,Enable,7.996,OFF,OFF,OFF,OFF,ON,ON,Avail,Compl,Enable,Compl,CL,CL,Compl,Unable,Not Avl,Compl,Compl,Enable,OFF,130,15,227,ON,21.250,6.875,0.106,2362,6,21,-3,OFF,0.781,3.906,3.840,OFF,0,0,75,Avail,Compl,Enable,0,GRN2#  ,ON,0,ACTIVE,ACTIVE,0.962,0.947,0.740,0.740,61.926,56.738,Avail,Compl,Avail,Incmpl,Incmpl,Enable,OBD II (California ARB),OFF,OFF,29.877,0.500,0,1st,OFF,OFF,OFF,OFF,OFF,OFF,-1.562,-2.344,ON,OFF,650,0,OFF,OFF,OFF,ON,Gasoline,1.018,OFF,OFF,0.684,ON,0.703,14.902,11,0,0.742,0.742,2.305,0.742,0.918,2.031,46.275,0,14.902,14,-0.004,0.023,OFF,ECT 5th,NA,OFF,97.614,97.702,13.333,0,Not Avl,0,0,0,0,ON,ON,0,0,1
162,0,14.198,Not Avl,Compl,Compl,Unable,OFF,Not Avl,Compl,Compl,Unable,OFF,40.625,53.906,28.125,28.750,19.531,39.551,15.686,31.765,0.781,1.582,ON,0,OFF,ON,ON,0.998,0.999,0.031,0.027,3.357,3.347,0,97,51199.219,13.925,24.314,OFF,OFF,OFF,OFF,OFF,OFF,OFF,Avail,Incmpl,Incmpl,Enable,Avail,422.600,267.700,422.600,267.700,ON,Avail,Compl,Enable,80,0,0,0,0,0,0,6,A,0,0,Avail,Incmpl,Incmpl,Enable,OFF,OFF,904,713.250,51199.219,51199.219,51199.219,51199.219,51199.219,51199.219,1GRFE ,33.725,Avail,Incmpl,Incmpl,Enable,7.996,OFF,OFF,OFF,OFF,ON,ON,Avail,Compl,Enable,Compl,CL,CL,Compl,Unable,Not Avl,Compl,Compl,Enable,OFF,130,15,227,ON,21.250,6.875,0.106,2362,6,21,-3,OFF,0.781,3.906,3.840,OFF,0,0,75,Avail,Compl,Enable,0,GRN2#  ,ON,0,ACTIVE,ACTIVE,0.962,0.947,0.740,0.740,61.926,56.738,Avail,Compl,Avail,Incmpl,Incmpl,Enable,OBD II (California ARB),OFF,OFF,29.877,0.500,0,1st,OFF,OFF,OFF,OFF,OFF,OFF,-1.562,-2.344,ON,OFF,650,0,OFF,OFF,OFF,ON,Gasoline,1.018,OFF,OFF,0.684,ON,0.703,14.902,11,0,0.742,0.742,2.305,0.742,0.918,2.031,46.275,0,14.902,14,-0.004,0.023,OFF,ECT 5th,NA,OFF,97.614,97.702,13.333,0,Not Avl,0,0,0,0,ON,ON,0,0,1
163,0,14.198,Not Avl,Compl,Compl,Unable,OFF,Not Avl,Compl,Compl,Unable,OFF,40.625,53.906,28.125,28.750,19.531,39.551,15.686,31.765,0.781,1.582,ON,0,OFF,ON,ON,0.998,0.999,0.031,0.027,3.357,3.347,0,97,51199.219,13.925,24.314,OFF,OFF,OFF,OFF,OFF,OFF,OFF,Avail,Incmpl,Incmpl,Enable,Avail,422.600,267.700,422.600,267.700,ON,Avail,Compl,Enable,80,0,0,0,0,0,0,6,A,0,0,Avail,Incmpl,Incmpl,Enable,OFF,OFF,904,713.250,51199.219,51199.219,51199.219,51199.219,51199.219,51199.219,1GRFE ,33.725,Avail,Incmpl,Incmpl,Enable,7.996,OFF,OFF,OFF,OFF,ON,ON,Avail,Compl,Enable,Compl,CL,CL,Compl,Unable,Not Avl,Compl,Compl,Enable,OFF,130,15,227,ON,21.250,6.875,0.106,2362,6,21,-3,OFF,0.781,3.906,3.840,OFF,0,0,75,Avail,Compl,Enable,0,GRN2#  ,ON,0,ACTIVE,ACTIVE,0.962,0.947,0.740,0.740,61.926,56.738,Avail,Compl,Avail,Incmpl,Incmpl,Enable,OBD II (California ARB),OFF,OFF,29.877,0.500,0,1st,OFF,OFF,OFF,OFF,OFF,OFF,-1.562,-2.344,ON,OFF,650,0,OFF,OFF,OFF,ON,Gasoline,1.018,OFF,OFF,0.684,ON,0.703,14.902,11,0,0.742,0.742,2.305,0.742,0.918,2.031,46.275,0,14.902,14,-0.004,0.023,OFF,ECT 5th,NA,OFF,97.614,97.702,13.333,0,Not Avl,0,0,0,0,ON,ON,0,0,1
164,0,14.198,Not Avl,Compl,Compl,Unable,OFF,Not Avl,Compl,Compl,Unable,OFF,40.625,53.906,28.125,28.750,19.531,39.551,15.686,31.765,0.781,1.582,ON,0,OFF,ON,ON,0.998,0.999,0.031,0.027,3.357,3.347,0,97,51199.219,13.925,24.314,OFF,OFF,OFF,OFF,OFF,OFF,OFF,Avail,Incmpl,Incmpl,Enable,Avail,422.600,267.700,422.600,267.700,ON,Avail,Compl,Enable,80,0,0,0,0,0,0,6,A,0,0,Avail,Incmpl,Incmpl,Enable,OFF,OFF,904,713.250,51199.219,51199.219,51199.219,51199.219,51199.219,51199.219,1GRFE ,33.725,Avail,Incmpl,Incmpl,Enable,7.996,OFF,OFF,OFF,OFF,ON,ON,Avail,Compl,Enable,Compl,CL,CL,Compl,Unable,Not Avl,Compl,Compl,Enable,OFF,130,15,227,ON,21.250,6.875,0.106,2362,6,21,-3,OFF,0.781,3.906,3.840,OFF,0,0,75,Avail,Compl,Enable,0,GRN2#  ,ON,0,ACTIVE,ACTIVE,0.962,0.947,0.740,0.740,61.926,56.738,Avail,Compl,Avail,Incmpl,Incmpl,Enable,OBD II (California ARB),OFF,OFF,29.877,0.500,0,1st,OFF,OFF,OFF,OFF,OFF,OFF,-1.562,-2.344,ON,OFF,650,0,OFF,OFF,OFF,ON,Gasoline,1.018,OFF,OFF,0.684,ON,0.703,14.902,11,0,0.742,0.742,2.305,0.742,0.918,2.031,46.275,0,14.902,14,-0.004,0.023,OFF,ECT 5th,NA,OFF,97.614,97.702,13.333,0,Not Avl,0,0,0,0,ON,ON,0,0,1
165,0,14.198,Not Avl,Compl,Compl,Unable,OFF,Not Avl,Compl,Compl,Unable,OFF,40.625,53.906,28.125,28.750,19.531,39.551,15.686,31.765,0.781,1.582,ON,0,OFF,ON,ON,0.998,0.999,0.031,0.027,3.357,3.347,0,97,51199.219,13.925,24.314,OFF,OFF,OFF,OFF,OFF,OFF,OFF,Avail,Incmpl,Incmpl,Enable,Avail,422.600,267.700,422.600,267.700,ON,Avail,Compl,Enable,80,0,0,0,0,0,0,6,A,0,0,Avail,Incmpl,Incmpl,Enable,OFF,OFF,904,713.250,51199.219,51199.219,51199.219,51199.219,51199.219,51199.219,1GRFE ,33.725,Avail,Incmpl,Incmpl,Enable,7.996,OFF,OFF,OFF,OFF,ON,ON,Avail,Compl,Enable,Compl,CL,CL,Compl,Unable,Not Avl,Compl,Compl,Enable,OFF,130,15,227,ON,21.250,6.875,0.106,2362,6,21,-3,OFF,0.781,3.906,3.840,OFF,0,0,75,Avail,Compl,Enable,0,GRN2#  ,ON,0,ACTIVE,ACTIVE,0.962,0.947,0.740,0.740,61.926,56.738,Avail,Compl,Avail,Incmpl,Incmpl,Enable,OBD II (California ARB),OFF,OFF,29.877,0.500,0,1st,OFF,OFF,OFF,OFF,OFF,OFF,-1.562,-2.344,ON,OFF,650,0,OFF,OFF,OFF,ON,Gasoline,1.018,OFF,OFF,0.684,ON,0.703,14.902,11,0,0.742,0.742,2.305,0.742,0.918,2.031,46.275,0,14.902,14,-0.004,0.023,OFF,ECT 5th,NA,OFF,97.614,97.702,13.333,0,Not Avl,0,0,0,0,ON,ON,0,0,1
166,0,14.198,Not Avl,Compl,Compl,Unable,OFF,Not Avl,Compl,Compl,Unable,OFF,40.625,53.906,28.125,28.750,19.531,39.551,15.686,31.765,0.781,1.582,ON,0,OFF,ON,ON,0.998,0.999,0.031,0.027,3.357,3.347,0,97,51199.219,13.925,24.314,OFF,OFF,OFF,OFF,OFF,OFF,OFF,Avail,Incmpl,Incmpl,Enable,Avail,422.600,267.700,422.600,267.700,ON,Avail,Compl,Enable,80,0,0,0,0,0,0,6,A,0,0,Avail,Incmpl,Incmpl,Enable,OFF,OFF,904,713.250,51199.219,51199.219,51199.219,51199.219,51199.219,51199.219,1GRFE ,33.725,Avail,Incmpl,Incmpl,Enable,7.996,OFF,OFF,OFF,OFF,ON,ON,Avail,Compl,Enable,Compl,CL,CL,Compl,Unable,Not Avl,Compl,Compl,Enable,OFF,130,15,227,ON,21.250,6.875,0.106,2362,6,21,-3,OFF,0.781,3.906,3.840,OFF,0,0,75,Avail,Compl,Enable,0,GRN2#  ,ON,0,ACTIVE,ACTIVE,0.962,0.947,0.740,0.740,61.926,56.738,Avail,Compl,Avail,Incmpl,Incmpl,Enable,OBD II (California ARB),OFF,OFF,29.877,0.500,0,1st,OFF,OFF,OFF,OFF,OFF,OFF,-1.562,-2.344,ON,OFF,650,0,OFF,OFF,OFF,ON,Gasoline,1.018,OFF,OFF,0.684,ON,0.625,14.902,11,0,0.742,0.742,2.305,0.742,0.918,2.031,46.275,0,14.902,14,-0.004,0.023,OFF,ECT 5th,NA,OFF,97.614,97.702,13.333,0,Not Avl,0,0,0,0,ON,ON,0,0,1
167,0,14.198,Not Avl,Compl,Compl,Unable,OFF,Not Avl,Compl,Compl,Unable,OFF,40.625,53.906,28.125,28.750,19.531,39.551,15.686,31.765,0.781,1.582,ON,0,OFF,ON,ON,0.998,0.999,0.031,0.027,3.357,3.347,0,97,51199.219,13.925,24.314,OFF,OFF,OFF,OFF,OFF,OFF,OFF,Avail,Incmpl,Incmpl,Enable,Avail,422.600,267.700,422.600,267.700,ON,Avail,Compl,Enable,80,0,0,0,0,0,0,6,A,0,0,Avail,Incmpl,Incmpl,Enable,OFF,OFF,904,713.250,51199.219,51199.219,51199.219,51199.219,51199.219,51199.219,1GRFE ,33.725,Avail,Incmpl,Incmpl,Enable,7.996,OFF,OFF,OFF,OFF,ON,ON,Avail,Compl,Enable,Compl,CL,CL,Compl,Unable,Not Avl,Compl,Compl,Enable,OFF,130,15,227,ON,21.250,6.875,0.106,2362,6,21,-3,OFF,0.781,3.906,3.840,OFF,0,0,75,Avail,Compl,Enable,0,GRN2#  ,ON,0,ACTIVE,ACTIVE,0.962,0.947,0.740,0.740,61.926,56.738,Avail,Compl,Avail,Incmpl,Incmpl,Enable,OBD II (California ARB),OFF,OFF,29.877,0.500,0,1st,OFF,OFF,OFF,OFF,OFF,OFF,-1.562,-2.344,ON,OFF,650,0,OFF,OFF,OFF,ON,Gasoline,1.018,OFF,OFF,0.684,ON,0.625,14.902,11,0,0.742,0.742,2.305,0.742,0.918,2.031,46.275,0,14.902,14,-0.004,0.023,OFF,ECT 5th,NA,OFF,97.614,97.702,13.333,0,Not Avl,0,0,0,0,ON,ON,0,0,1
168,0,14.198,Not Avl,Compl,Compl,Unable,OFF,Not Avl,Compl,Compl,Unable,OFF,40.625,53.906,28.125,28.750,19.531,39.551,15.686,31.765,0.781,1.582,ON,0,OFF,ON,ON,0.998,0.999,0.031,0.027,3.357,3.347,0,97,51199.219,13.925,24.314,OFF,OFF,OFF,OFF,OFF,OFF,OFF,Avail,Incmpl,Incmpl,Enable,Avail,422.600,267.700,422.600,267.700,ON,Avail,Compl,Enable,80,0,0,0,0,0,0,6,A,0,0,Avail,Incmpl,Incmpl,Enable,OFF,OFF,904,713.250,51199.219,51199.219,51199.219,51199.219,51199.219,51199.219,1GRFE ,33.725,Avail,Incmpl,Incmpl,Enable,7.996,OFF,OFF,OFF,OFF,ON,ON,Avail,Compl,Enable,Compl,CL,CL,Compl,Unable,Not Avl,Compl,Compl,Enable,OFF,130,15,227,ON,21.250,6.875,0.106,2362,6,21,-3,OFF,0.781,3.906,3.840,OFF,0,0,75,Avail,Compl,Enable,0,GRN2#  ,ON,0,ACTIVE,ACTIVE,0.962,0.947,0.740,0.740,61.926,56.738,Avail,Compl,Avail,Incmpl,Incmpl,Enable,OBD II (California ARB),OFF,OFF,29.877,0.500,0,1st,OFF,OFF,OFF,OFF,OFF,OFF,-1.562,-2.344,ON,OFF,650,0,OFF,OFF,OFF,ON,Gasoline,1.018,OFF,OFF,0.684,ON,0.625,14.902,10,0,0.742,0.742,2.305,0.742,0.918,2.031,46.275,0,14.902,14,-0.004,0.023,OFF,ECT 5th,NA,OFF,97.614,97.702,13.333,0,Not Avl,0,0,0,0,ON,ON,0,0,1
169,0,14.198,Not Avl,Compl,Compl,Unable,OFF,Not Avl,Compl,Compl,Unable,OFF,40.625,53.906,28.125,28.750,19.531,39.551,15.686,31.765,0.781,1.582,ON,0,OFF,ON,ON,0.998,0.999,0.031,0.027,3.357,3.347,0,97,51199.219,13.925,24.314,OFF,OFF,OFF,OFF,OFF,OFF,OFF,Avail,Incmpl,Incmpl,Enable,Avail,422.600,267.700,422.600,267.700,ON,Avail,Compl,Enable,80,0,0,0,0,0,0,6,A,0,0,Avail,Incmpl,Incmpl,Enable,OFF,OFF,904,713.250,51199.219,51199.219,51199.219,51199.219,51199.219,51199.219,1GRFE ,33.725,Avail,Incmpl,Incmpl,Enable,7.996,OFF,OFF,OFF,OFF,ON,ON,Avail,Compl,Enable,Compl,CL,CL,Compl,Unable,Not Avl,Compl,Compl,Enable,OFF,130,15,227,ON,21.250,6.875,0.106,2362,6,21,-3,OFF,0.781,3.906,3.840,OFF,0,0,75,Avail,Compl,Enable,0,GRN2#  ,ON,0,ACTIVE,ACTIVE,0.962,0.947,0.740,0.740,61.926,56.738,Avail,Compl,Avail,Incmpl,Incmpl,Enable,OBD II (California ARB),OFF,OFF,29.877,0.500,0,1st,OFF,OFF,OFF,OFF,OFF,OFF,-1.562,-2.344,ON,OFF,650,0,OFF,OFF,OFF,ON,Gasoline,1.018,OFF,OFF,0.684,ON,0.625,14.902,10,0,0.742,0.742,2.305,0.742,0.918,2.031,46.275,0,14.902,14,-0.004,0.023,OFF,ECT 5th,NA,OFF,97.614,97.702,13.333,0,Not Avl,0,0,0,0,ON,ON,0,0,1
170,0,14.198,Not Avl,Compl,Compl,Unable,OFF,Not Avl,Compl,Compl,Unable,OFF,40.625,53.906,28.125,28.750,19.531,39.551,15.686,31.765,0.781,1.582,ON,0,OFF,ON,ON,0.998,0.999,0.031,0.027,3.357,3.347,0,97,51199.219,13.925,24.314,OFF,OFF,OFF,OFF,OFF,OFF,OFF,Avail,Incmpl,Incmpl,Enable,Avail,422.600,267.700,422.600,267.700,ON,Avail,Compl,Enable,80,0,0,0,0,0,0,6,A,0,0,Avail,Incmpl,Incmpl,Enable,OFF,OFF,904,713.250,51199.219,51199.219,51199.219,51199.219,51199.219,51199.219,1GRFE ,33.725,Avail,Incmpl,Incmpl,Enable,7.996,OFF,OFF,OFF,OFF,ON,ON,Avail,Compl,Enable,Compl,CL,CL,Compl,Unable,Not Avl,Compl,Compl,Enable,OFF,130,15,227,ON,21.250,6.875,0.106,2362,6,21,-3,OFF,0.781,3.906,3.840,OFF,0,0,75,Avail,Compl,Enable,0,GRN2#  ,ON,0,ACTIVE,ACTIVE,0.962,0.947,0.740,0.740,61.926,56.738,Avail,Compl,Avail,Incmpl,Incmpl,Enable,OBD II (California ARB),OFF,OFF,29.877,0.500,0,1st,OFF,OFF,OFF,OFF,OFF,OFF,-1.562,-2.344,ON,OFF,650,0,OFF,OFF,OFF,ON,Gasoline,1.018,OFF,OFF,0.684,ON,0.625,14.902,10,0,0.742,0.742,2.305,0.742,0.918,2.031,46.275,0,14.902,14,-0.004,0.023,OFF,ECT 5th,NA,OFF,97.614,97.702,13.333,0,Not Avl,0,0,0,0,ON,ON,0,0,1
171,0,14.198,Not Avl,Compl,Compl,Unable,OFF,Not Avl,Compl,Compl,Unable,OFF,40.625,53.906,28.125,28.750,19.531,39.551,15.686,31.765,0.781,1.582,ON,0,OFF,ON,ON,0.998,0.999,0.031,0.027,3.357,3.347,0,97,51199.219,13.925,24.314,OFF,OFF,OFF,OFF,OFF,OFF,OFF,Avail,Incmpl,Incmpl,Enable,Avail,422.600,267.700,422.600,267.700,ON,Avail,Compl,Enable,80,0,0,0,0,0,0,6,A,0,0,Avail,Incmpl,Incmpl,Enable,OFF,OFF,904,713.250,51199.219,51199.219,51199.219,51199.219,51199.219,51199.219,1GRFE ,33.725,Avail,Incmpl,Incmpl,Enable,7.996,OFF,OFF,OFF,OFF,ON,ON,Avail,Compl,Enable,Compl,CL,CL,Compl,Unable,Not Avl,Compl,Compl,Enable,OFF,130,15,227,ON,21.250,6.875,0.106,2362,6,21,-3,OFF,0.781,3.906,3.840,OFF,0,0,75,Avail,Compl,Enable,0,GRN2#  ,ON,0,ACTIVE,ACTIVE,0.962,0.947,0.740,0.740,61.926,56.738,Avail,Compl,Avail,Incmpl,Incmpl,Enable,OBD II (California ARB),OFF,OFF,29.877,0.500,0,1st,OFF,OFF,OFF,OFF,OFF,OFF,-1.562,-2.344,ON,OFF,650,0,OFF,OFF,OFF,ON,Gasoline,1.018,OFF,OFF,0.684,ON,0.625,14.902,10,0,0.742,0.742,2.305,0.742,0.918,2.031,46.275,0,14.902,14,-0.004,0.023,OFF,ECT 5th,NA,OFF,97.614,97.702,13.333,0,Not Avl,0,0,0,0,ON,ON,0,0,1
172,0,14.198,Not Avl,Compl,Compl,Unable,OFF,Not Avl,Compl,Compl,Unable,OFF,40.625,53.906,28.125,28.750,19.531,39.551,15.686,31.765,0.781,1.582,ON,0,OFF,ON,ON,0.998,0.999,0.031,0.027,3.357,3.347,0,97,51199.219,13.925,24.314,OFF,OFF,OFF,OFF,OFF,OFF,OFF,Avail,Incmpl,Incmpl,Enable,Avail,422.600,267.700,422.600,267.700,ON,Avail,Compl,Enable,80,0,0,0,0,0,0,6,A,0,0,Avail,Incmpl,Incmpl,Enable,OFF,OFF,904,713.250,51199.219,51199.219,51199.219,51199.219,51199.219,51199.219,1GRFE ,33.725,Avail,Incmpl,Incmpl,Enable,7.996,OFF,OFF,OFF,OFF,ON,ON,Avail,Compl,Enable,Compl,CL,CL,Compl,Unable,Not Avl,Compl,Compl,Enable,OFF,130,15,227,ON,21.250,6.875,0.106,2362,6,21,-3,OFF,0.781,3.906,3.840,OFF,0,0,75,Avail,Compl,Enable,0,GRN2#  ,ON,0,ACTIVE,ACTIVE,0.962,0.947,0.740,0.740,61.926,56.738,Avail,Compl,Avail,Incmpl,Incmpl,Enable,OBD II (California ARB),OFF,OFF,29.877,0.500,0,1st,OFF,OFF,OFF,OFF,OFF,OFF,-1.562,-2.344,ON,OFF,650,0,OFF,OFF,OFF,ON,Gasoline,1.018,OFF,OFF,0.684,ON,0.625,14.902,10,0,0.742,0.742,2.305,0.742,0.918,2.031,46.275,0,14.902,14,-0.004,0.023,OFF,ECT 5th,NA,OFF,97.614,97.702,13.333,0,Not Avl,0,0,0,0,ON,ON,0,0,1
173,0,14.198,Not Avl,Compl,Compl,Unable,OFF,Not Avl,Compl,Compl,Unable,OFF,40.625,53.906,28.125,28.750,19.531,39.551,15.686,31.765,0.781,1.582,ON,0,OFF,ON,ON,0.998,0.999,0.031,0.027,3.357,3.347,0,97,51199.219,13.925,24.314,OFF,OFF,OFF,OFF,OFF,OFF,OFF,Avail,Incmpl,Incmpl,Enable,Avail,422.600,267.700,422.600,267.700,ON,Avail,Compl,Enable,80,0,0,0,0,0,0,6,A,0,0,Avail,Incmpl,Incmpl,Enable,OFF,OFF,904,713.250,51199.219,51199.219,51199.219,51199.219,51199.219,51199.219,1GRFE ,33.725,Avail,Incmpl,Incmpl,Enable,7.996,OFF,OFF,OFF,OFF,ON,ON,Avail,Compl,Enable,Compl,CL,CL,Compl,Unable,Not Avl,Compl,Compl,Enable,OFF,130,15,227,ON,21.250,6.875,0.106,2362,6,21,-3,OFF,0.781,3.906,3.840,OFF,0,0,75,Avail,Compl,Enable,0,GRN2#  ,ON,0,ACTIVE,ACTIVE,0.962,0.947,0.740,0.740,61.926,56.738,Avail,Compl,Avail,Incmpl,Incmpl,Enable,OBD II (California ARB),OFF,OFF,29.877,0.500,0,1st,OFF,OFF,OFF,OFF,OFF,OFF,-1.562,-2.344,ON,OFF,650,0,OFF,OFF,OFF,ON,Gasoline,1.018,OFF,OFF,0.684,ON,0.625,14.902,10,0,0.742,0.742,2.305,0.742,0.918,2.031,46.275,0,14.902,14,-0.004,0.023,OFF,ECT 5th,NA,OFF,97.614,97.702,13.333,0,Not Avl,0,0,0,0,ON,ON,0,0,1
174,0,14.198,Not Avl,Compl,Compl,Unable,OFF,Not Avl,Compl,Compl,Unable,OFF,40.625,53.906,28.125,28.750,19.531,39.551,15.686,31.765,0.781,1.582,ON,0,OFF,ON,ON,0.998,0.999,0.031,0.027,3.357,3.347,0,97,51199.219,13.925,24.314,OFF,OFF,OFF,OFF,OFF,OFF,OFF,Avail,Incmpl,Incmpl,Enable,Avail,422.600,267.700,422.600,267.700,ON,Avail,Compl,Enable,80,0,0,0,0,0,0,6,A,0,0,Avail,Incmpl,Incmpl,Enable,OFF,OFF,904,713.250,51199.219,51199.219,51199.219,51199.219,51199.219,51199.219,1GRFE ,33.725,Avail,Incmpl,Incmpl,Enable,7.996,OFF,OFF,OFF,OFF,ON,ON,Avail,Compl,Enable,Compl,CL,CL,Compl,Unable,Not Avl,Compl,Compl,Enable,OFF,130,15,227,ON,21.250,6.875,0.106,2362,6,21,-3,OFF,0.781,3.906,3.840,OFF,0,0,75,Avail,Compl,Enable,0,GRN2#  ,ON,0,ACTIVE,ACTIVE,0.962,0.947,0.740,0.740,61.926,56.738,Avail,Compl,Avail,Incmpl,Incmpl,Enable,OBD II (California ARB),OFF,OFF,29.877,0.500,0,1st,OFF,OFF,OFF,OFF,OFF,OFF,-1.562,-2.344,ON,OFF,650,0,OFF,OFF,OFF,ON,Gasoline,1.018,OFF,OFF,0.684,ON,0.625,14.902,10,0,0.742,0.742,2.305,0.742,0.918,2.031,46.275,0,14.902,14,-0.004,0.023,OFF,ECT 5th,NA,OFF,97.614,97.702,13.333,0,Not Avl,0,0,0,0,ON,ON,0,0,1
175,0,14.198,Not Avl,Compl,Compl,Unable,OFF,Not Avl,Compl,Compl,Unable,OFF,40.625,53.906,28.125,28.750,19.531,39.551,15.686,31.765,0.781,1.582,ON,0,OFF,ON,ON,0.998,0.999,0.031,0.027,3.357,3.347,0,97,51199.219,13.925,24.314,OFF,OFF,OFF,OFF,OFF,OFF,OFF,Avail,Incmpl,Incmpl,Enable,Avail,422.600,267.700,422.600,267.700,ON,Avail,Compl,Enable,80,0,0,0,0,0,0,6,A,0,0,Avail,Incmpl,Incmpl,Enable,OFF,OFF,904,713.250,51199.219,51199.219,51199.219,51199.219,51199.219,51199.219,1GRFE ,33.725,Avail,Incmpl,Incmpl,Enable,7.996,OFF,OFF,OFF,OFF,ON,ON,Avail,Compl,Enable,Compl,CL,CL,Compl,Unable,Not Avl,Compl,Compl,Enable,OFF,130,15,227,ON,21.250,6.875,0.106,2362,6,21,-3,OFF,0.781,3.906,3.840,OFF,0,0,75,Avail,Compl,Enable,0,GRN2#  ,ON,0,ACTIVE,ACTIVE,0.962,0.947,0.740,0.740,61.926,56.738,Avail,Compl,Avail,Incmpl,Incmpl,Enable,OBD II (California ARB),OFF,OFF,29.877,0.500,0,1st,OFF,OFF,OFF,OFF,OFF,OFF,-1.562,-2.344,ON,OFF,650,0,OFF,OFF,OFF,ON,Gasoline,1.018,OFF,OFF,0.684,ON,0.625,14.902,10,0,0.742,0.742,2.305,0.742,0.918,2.031,46.275,0,14.902,14,-0.004,0.023,OFF,ECT 5th,NA,OFF,97.614,97.702,13.333,0,Not Avl,0,0,0,0,ON,ON,0,0,1
176,0,14.198,Not Avl,Compl,Compl,Unable,OFF,Not Avl,Compl,Compl,Unable,OFF,40.625,53.906,28.125,28.750,19.531,39.551,15.686,31.765,0.781,1.582,ON,0,OFF,ON,ON,0.998,0.999,0.031,0.027,3.357,3.347,0,97,51199.219,13.925,24.314,OFF,OFF,OFF,OFF,OFF,OFF,OFF,Avail,Incmpl,Incmpl,Enable,Avail,422.600,267.700,422.600,267.700,ON,Avail,Compl,Enable,80,0,0,0,0,0,0,6,A,0,0,Avail,Incmpl,Incmpl,Enable,OFF,OFF,904,713.250,51199.219,51199.219,51199.219,51199.219,51199.219,51199.219,1GRFE ,33.725,Avail,Incmpl,Incmpl,Enable,7.996,OFF,OFF,OFF,OFF,ON,ON,Avail,Compl,Enable,Compl,CL,CL,Compl,Unable,Not Avl,Compl,Compl,Enable,OFF,130,15,227,ON,21.250,6.875,0.106,2362,6,21,-3,OFF,0.781,3.906,3.840,OFF,0,0,75,Avail,Compl,Enable,0,GRN2#  ,ON,0,ACTIVE,ACTIVE,0.962,0.947,0.740,0.740,61.926,56.738,Avail,Compl,Avail,Incmpl,Incmpl,Enable,OBD II (California ARB),OFF,OFF,29.877,0.500,0,1st,OFF,OFF,OFF,OFF,OFF,OFF,-1.562,-2.344,ON,OFF,650,0,OFF,OFF,OFF,ON,Gasoline,1.018,OFF,OFF,0.684,ON,0.625,14.902,10,0,0.742,0.742,2.305,0.742,0.918,2.031,46.275,0,14.902,14,-0.004,0.023,OFF,ECT 5th,NA,OFF,97.614,97.702,13.333,0,Not Avl,0,0,0,0,ON,ON,0,0,1
177,0,14.198,Not Avl,Compl,Compl,Unable,OFF,Not Avl,Compl,Compl,Unable,OFF,40.625,53.906,28.125,28.750,19.531,39.551,15.686,31.765,0.781,1.582,ON,0,OFF,ON,ON,0.998,0.999,0.031,0.027,3.357,3.347,0,97,51199.219,13.925,24.314,OFF,OFF,OFF,OFF,OFF,OFF,OFF,Avail,Incmpl,Incmpl,Enable,Avail,422.600,267.700,422.600,267.700,ON,Avail,Compl,Enable,80,0,0,0,0,0,0,6,A,0,0,Avail,Incmpl,Incmpl,Enable,OFF,OFF,904,713.250,51199.219,51199.219,51199.219,51199.219,51199.219,51199.219,1GRFE ,33.725,Avail,Incmpl,Incmpl,Enable,7.996,OFF,OFF,OFF,OFF,ON,ON,Avail,Compl,Enable,Compl,CL,CL,Compl,Unable,Not Avl,Compl,Compl,Enable,OFF,130,15,227,ON,21.250,6.875,0.106,2362,6,21,-3,OFF,0.781,3.906,3.840,OFF,0,0,75,Avail,Compl,Enable,0,GRN2#  ,ON,0,ACTIVE,ACTIVE,0.962,0.947,0.740,0.740,61.926,56.738,Avail,Compl,Avail,Incmpl,Incmpl,Enable,OBD II (California ARB),OFF,OFF,29.877,0.500,0,1st,OFF,OFF,OFF,OFF,OFF,OFF,-1.562,-2.344,ON,OFF,650,0,OFF,OFF,OFF,ON,Gasoline,1.018,OFF,OFF,0.684,ON,0.625,14.902,10,0,0.742,0.742,2.305,0.742,0.918,2.031,46.275,0,14.902,14,-0.004,0.023,OFF,ECT 5th,NA,OFF,97.614,97.702,13.333,0,Not Avl,0,0,0,0,ON,ON,0,0,1
178,0,14.198,Not Avl,Compl,Compl,Unable,OFF,Not Avl,Compl,Compl,Unable,OFF,40.625,53.906,28.125,28.750,19.531,39.551,15.686,31.765,0.781,1.582,ON,0,OFF,ON,ON,0.998,0.999,0.031,0.027,3.357,3.347,0,97,51199.219,13.925,24.314,OFF,OFF,OFF,OFF,OFF,OFF,OFF,Avail,Incmpl,Incmpl,Enable,Avail,422.600,267.700,422.600,267.700,ON,Avail,Compl,Enable,80,0,0,0,0,0,0,6,A,0,0,Avail,Incmpl,Incmpl,Enable,OFF,OFF,904,713.250,51199.219,51199.219,51199.219,51199.219,51199.219,51199.219,1GRFE ,33.725,Avail,Incmpl,Incmpl,Enable,7.996,OFF,OFF,OFF,OFF,ON,ON,Avail,Compl,Enable,Compl,CL,CL,Compl,Unable,Not Avl,Compl,Compl,Enable,OFF,130,15,227,ON,21.250,6.875,0.106,2362,6,21,-3,OFF,0.781,3.906,3.840,OFF,0,0,75,Avail,Compl,Enable,0,GRN2#  ,ON,0,ACTIVE,ACTIVE,0.962,0.947,0.740,0.740,61.926,56.738,Avail,Compl,Avail,Incmpl,Incmpl,Enable,OBD II (California ARB),OFF,OFF,29.877,0.500,0,1st,OFF,OFF,OFF,OFF,OFF,OFF,-1.562,-2.344,ON,OFF,650,0,OFF,OFF,OFF,ON,Gasoline,1.018,OFF,OFF,0.684,ON,0.625,14.902,10,0,0.742,0.742,2.305,0.742,0.918,2.031,46.275,0,14.902,14,-0.004,0.023,OFF,ECT 5th,NA,OFF,97.614,97.702,13.333,0,Not Avl,0,0,0,0,ON,ON,0,0,1
179,0,14.198,Not Avl,Compl,Compl,Unable,OFF,Not Avl,Compl,Compl,Unable,OFF,40.625,53.906,28.125,28.750,19.531,39.551,15.686,31.765,0.781,1.582,ON,0,OFF,ON,ON,0.998,0.999,0.031,0.027,3.357,3.347,0,97,51199.219,13.925,24.314,OFF,OFF,OFF,OFF,OFF,OFF,OFF,Avail,Incmpl,Incmpl,Enable,Avail,422.600,267.700,422.600,267.700,ON,Avail,Compl,Enable,80,0,0,0,0,0,0,6,A,0,0,Avail,Incmpl,Incmpl,Enable,OFF,OFF,904,713.250,51199.219,51199.219,51199.219,51199.219,51199.219,51199.219,1GRFE ,33.725,Avail,Incmpl,Incmpl,Enable,7.996,OFF,OFF,OFF,OFF,ON,ON,Avail,Compl,Enable,Compl,CL,CL,Compl,Unable,Not Avl,Compl,Compl,Enable,OFF,130,15,227,ON,21.250,6.875,0.106,2362,6,21,-3,OFF,0.781,3.906,3.840,OFF,0,0,75,Avail,Compl,Enable,0,GRN2#  ,ON,0,ACTIVE,ACTIVE,0.962,0.947,0.740,0.740,61.926,56.738,Avail,Compl,Avail,Incmpl,Incmpl,Enable,OBD II (California ARB),OFF,OFF,29.877,0.500,0,1st,OFF,OFF,OFF,OFF,OFF,OFF,-1.562,-2.344,ON,OFF,650,0,OFF,OFF,OFF,ON,Gasoline,1.018,OFF,OFF,0.684,ON,0.625,14.902,10,0,0.742,0.742,2.305,0.742,0.918,2.031,46.275,0,14.902,15,-0.004,0.023,OFF,ECT 5th,NA,OFF,97.614,97.702,13.333,0,Not Avl,0,0,0,0,ON,ON,0,0,1
180,0,14.198,Not Avl,Compl,Compl,Unable,OFF,Not Avl,Compl,Compl,Unable,OFF,40.625,53.906,28.125,28.750,19.531,39.551,15.686,31.765,0.781,1.582,ON,0,OFF,ON,ON,0.998,0.999,0.031,0.027,3.357,3.347,0,97,51199.219,13.925,24.314,OFF,OFF,OFF,OFF,OFF,OFF,OFF,Avail,Incmpl,Incmpl,Enable,Avail,422.600,267.700,422.600,267.700,ON,Avail,Compl,Enable,80,0,0,0,0,0,0,6,A,0,0,Avail,Incmpl,Incmpl,Enable,OFF,OFF,904,713.250,51199.219,51199.219,51199.219,51199.219,51199.219,51199.219,1GRFE ,33.725,Avail,Incmpl,Incmpl,Enable,7.996,OFF,OFF,OFF,OFF,ON,ON,Avail,Compl,Enable,Compl,CL,CL,Compl,Unable,Not Avl,Compl,Compl,Enable,OFF,130,15,227,ON,21.250,6.875,0.106,2362,6,21,-3,OFF,0.781,3.906,3.840,OFF,0,0,75,Avail,Compl,Enable,0,GRN2#  ,ON,0,ACTIVE,ACTIVE,0.962,0.947,0.740,0.740,61.926,56.738,Avail,Compl,Avail,Incmpl,Incmpl,Enable,OBD II (California ARB),OFF,OFF,29.877,0.500,0,1st,OFF,OFF,OFF,OFF,OFF,OFF,-1.562,-2.344,ON,OFF,650,0,OFF,OFF,OFF,ON,Gasoline,1.018,OFF,OFF,0.684,ON,0.625,14.902,10,0,0.742,0.742,2.305,0.742,0.918,2.031,46.275,0,14.902,15,0,0.023,OFF,ECT 5th,NA,OFF,97.614,97.702,13.333,0,Not Avl,0,0,0,0,ON,ON,0,0,1
181,0,14.198,Not Avl,Compl,Compl,Unable,OFF,Not Avl,Compl,Compl,Unable,OFF,40.625,53.906,28.125,28.750,19.531,39.551,15.686,31.765,0.781,1.582,ON,0,OFF,ON,ON,0.998,0.999,0.031,0.027,3.357,3.347,0,97,51199.219,13.925,24.314,OFF,OFF,OFF,OFF,OFF,OFF,OFF,Avail,Incmpl,Incmpl,Enable,Avail,422.600,267.700,422.600,267.700,ON,Avail,Compl,Enable,80,0,0,0,0,0,0,6,A,0,0,Avail,Incmpl,Incmpl,Enable,OFF,OFF,904,713.250,51199.219,51199.219,51199.219,51199.219,51199.219,51199.219,1GRFE ,33.725,Avail,Incmpl,Incmpl,Enable,7.996,OFF,OFF,OFF,OFF,ON,ON,Avail,Compl,Enable,Compl,CL,CL,Compl,Unable,Not Avl,Compl,Compl,Enable,OFF,130,15,227,ON,21.250,6.875,0.106,2362,6,21,-3,OFF,0.781,3.906,3.840,OFF,0,0,75,Avail,Compl,Enable,0,GRN2#  ,ON,0,ACTIVE,ACTIVE,0.962,0.947,0.740,0.740,61.926,56.738,Avail,Compl,Avail,Incmpl,Incmpl,Enable,OBD II (California ARB),OFF,OFF,29.877,0.500,0,1st,OFF,OFF,OFF,OFF,OFF,OFF,-1.562,-2.344,ON,OFF,650,0,OFF,OFF,OFF,ON,Gasoline,1.018,OFF,OFF,0.684,ON,0.625,14.902,10,0,0.742,0.742,2.305,0.742,0.918,2.031,46.275,0,14.902,15,0,0.023,OFF,ECT 5th,NA,OFF,97.614,97.702,13.333,0,Not Avl,0,0,0,0,ON,ON,0,0,1
182,0,14.198,Not Avl,Compl,Compl,Unable,OFF,Not Avl,Compl,Compl,Unable,OFF,40.625,53.906,28.125,28.750,19.531,39.551,15.686,31.765,0.781,1.582,ON,0,OFF,ON,ON,0.998,0.999,0.031,0.027,3.357,3.347,0,97,51199.219,13.925,24.314,OFF,OFF,OFF,OFF,OFF,OFF,OFF,Avail,Incmpl,Incmpl,Enable,Avail,422.600,267.700,422.600,267.700,ON,Avail,Compl,Enable,80,0,0,0,0,0,0,6,A,0,0,Avail,Incmpl,Incmpl,Enable,OFF,OFF,904,713.250,51199.219,51199.219,51199.219,51199.219,51199.219,51199.219,1GRFE ,33.725,Avail,Incmpl,Incmpl,Enable,7.996,OFF,OFF,OFF,OFF,ON,ON,Avail,Compl,Enable,Compl,CL,CL,Compl,Unable,Not Avl,Compl,Compl,Enable,OFF,130,15,227,ON,21.250,6.875,0.106,2362,6,21,-3,OFF,0.781,3.906,3.840,OFF,0,0,75,Avail,Compl,Enable,0,GRN2#  ,ON,0,ACTIVE,ACTIVE,0.962,0.947,0.740,0.740,61.926,56.738,Avail,Compl,Avail,Incmpl,Incmpl,Enable,OBD II (California ARB),OFF,OFF,29.877,0.500,0,1st,OFF,OFF,OFF,OFF,OFF,OFF,-1.562,-2.344,ON,OFF,650,0,OFF,OFF,OFF,ON,Gasoline,1.018,OFF,OFF,0.684,ON,0.625,14.902,10,0,0.742,0.742,2.305,0.742,0.918,2.031,46.275,0,14.902,15,0,0.023,OFF,ECT 5th,NA,OFF,97.614,97.702,13.333,0,Not Avl,0,0,0,0,ON,ON,0,0,1
183,0,14.198,Not Avl,Compl,Compl,Unable,OFF,Not Avl,Compl,Compl,Unable,OFF,40.625,53.906,28.125,28.750,19.531,39.551,15.686,31.765,0.781,1.582,ON,0,OFF,ON,ON,0.998,0.999,0.031,0.027,3.357,3.347,0,97,51199.219,13.925,24.314,OFF,OFF,OFF,OFF,OFF,OFF,OFF,Avail,Incmpl,Incmpl,Enable,Avail,422.600,267.700,422.600,267.700,ON,Avail,Compl,Enable,80,0,0,0,0,0,0,6,A,0,0,Avail,Incmpl,Incmpl,Enable,OFF,OFF,904,713.250,51199.219,51199.219,51199.219,51199.219,51199.219,51199.219,1GRFE ,33.725,Avail,Incmpl,Incmpl,Enable,7.996,OFF,OFF,OFF,OFF,ON,ON,Avail,Compl,Enable,Compl,CL,CL,Compl,Unable,Not Avl,Compl,Compl,Enable,OFF,130,15,227,ON,21.250,6.875,0.106,2362,6,21,-3,OFF,0.781,3.906,3.840,OFF,0,0,75,Avail,Compl,Enable,0,GRN2#  ,ON,0,ACTIVE,ACTIVE,0.962,0.947,0.740,0.740,61.926,56.738,Avail,Compl,Avail,Incmpl,Incmpl,Enable,OBD II (California ARB),OFF,OFF,29.877,0.500,0,1st,OFF,OFF,OFF,OFF,OFF,OFF,-1.562,-2.344,ON,OFF,650,0,OFF,OFF,OFF,ON,Gasoline,1.018,OFF,OFF,0.684,ON,0.625,14.902,10,0,0.742,0.742,2.305,0.742,0.918,2.031,46.275,0,14.902,15,0,0.023,OFF,ECT 5th,NA,OFF,97.614,97.702,13.333,0,Not Avl,0,0,0,0,ON,ON,0,0,1
184,0,14.198,Not Avl,Compl,Compl,Unable,OFF,Not Avl,Compl,Compl,Unable,OFF,40.625,53.906,28.125,28.750,19.531,39.551,15.686,31.765,0.781,1.582,ON,0,OFF,ON,ON,0.998,0.999,0.031,0.027,3.357,3.347,0,97,51199.219,13.925,24.314,OFF,OFF,OFF,OFF,OFF,OFF,OFF,Avail,Incmpl,Incmpl,Enable,Avail,422.600,267.700,422.600,267.700,ON,Avail,Compl,Enable,80,0,0,0,0,0,0,6,A,0,0,Avail,Incmpl,Incmpl,Enable,OFF,OFF,904,713.250,51199.219,51199.219,51199.219,51199.219,51199.219,51199.219,1GRFE ,33.725,Avail,Incmpl,Incmpl,Enable,7.996,OFF,OFF,OFF,OFF,ON,ON,Avail,Compl,Enable,Compl,CL,CL,Compl,Unable,Not Avl,Compl,Compl,Enable,OFF,130,15,227,ON,21.250,6.875,0.106,2362,6,21,-3,OFF,0.781,3.906,3.840,OFF,0,0,75,Avail,Compl,Enable,0,GRN2#  ,ON,0,ACTIVE,ACTIVE,0.962,0.947,0.740,0.740,61.926,56.738,Avail,Compl,Avail,Incmpl,Incmpl,Enable,OBD II (California ARB),OFF,OFF,29.877,0.500,0,1st,OFF,OFF,OFF,OFF,OFF,OFF,-1.562,-2.344,ON,OFF,650,0,OFF,OFF,OFF,ON,Gasoline,1.018,OFF,OFF,0.684,ON,0.625,14.902,10,0,0.742,0.742,2.305,0.742,0.918,2.031,46.275,0,14.902,15,0,0.023,OFF,ECT 5th,NA,OFF,97.614,97.702,13.333,0,Not Avl,0,0,0,0,ON,ON,0,0,1
185,0,14.198,Not Avl,Compl,Compl,Unable,OFF,Not Avl,Compl,Compl,Unable,OFF,40.625,53.906,28.125,28.750,19.531,39.551,15.686,31.765,0.781,1.582,ON,0,OFF,ON,ON,0.998,0.999,0.031,0.027,3.357,3.347,0,97,51199.219,13.925,24.314,OFF,OFF,OFF,OFF,OFF,OFF,OFF,Avail,Incmpl,Incmpl,Enable,Avail,422.600,267.700,422.600,267.700,ON,Avail,Compl,Enable,80,0,0,0,0,0,0,6,A,0,0,Avail,Incmpl,Incmpl,Enable,OFF,OFF,904,713.250,51199.219,51199.219,51199.219,51199.219,51199.219,51199.219,1GRFE ,33.725,Avail,Incmpl,Incmpl,Enable,7.996,OFF,OFF,OFF,OFF,ON,ON,Avail,Compl,Enable,Compl,CL,CL,Compl,Unable,Not Avl,Compl,Compl,Enable,OFF,130,15,227,ON,21.250,6.875,0.106,2362,6,21,-3,OFF,0.781,3.906,3.840,OFF,0,0,75,Avail,Compl,Enable,0,GRN2#  ,ON,0,ACTIVE,ACTIVE,0.962,0.947,0.740,0.740,61.926,56.738,Avail,Compl,Avail,Incmpl,Incmpl,Enable,OBD II (California ARB),OFF,OFF,29.877,0.500,0,1st,OFF,OFF,OFF,OFF,OFF,OFF,-1.562,-2.344,ON,OFF,650,0,OFF,OFF,OFF,ON,Gasoline,1.018,OFF,OFF,0.684,ON,0.625,14.902,10,0,0.742,0.742,2.305,0.742,0.918,2.031,46.275,0,14.902,15,0,0.023,OFF,ECT 5th,NA,OFF,97.614,97.702,13.333,0,Not Avl,0,0,0,0,ON,ON,0,0,1
186,0,14.198,Not Avl,Compl,Compl,Unable,OFF,Not Avl,Compl,Compl,Unable,OFF,40.625,53.906,28.125,28.750,19.531,39.551,15.686,31.765,0.781,1.582,ON,0,OFF,ON,ON,0.998,0.999,0.031,0.027,3.357,3.347,0,97,51199.219,13.925,24.314,OFF,OFF,OFF,OFF,OFF,OFF,OFF,Avail,Incmpl,Incmpl,Enable,Avail,422.600,267.700,422.600,267.700,ON,Avail,Compl,Enable,80,0,0,0,0,0,0,6,A,0,0,Avail,Incmpl,Incmpl,Enable,OFF,OFF,904,713.250,51199.219,51199.219,51199.219,51199.219,51199.219,51199.219,1GRFE ,33.725,Avail,Incmpl,Incmpl,Enable,7.996,OFF,OFF,OFF,OFF,ON,ON,Avail,Compl,Enable,Compl,CL,CL,Compl,Unable,Not Avl,Compl,Compl,Enable,OFF,130,15,227,ON,21.250,6.875,0.106,2362,6,21,-3,OFF,0.781,3.906,3.840,OFF,0,0,75,Avail,Compl,Enable,0,GRN2#  ,ON,0,ACTIVE,ACTIVE,0.962,0.947,0.740,0.740,61.926,56.738,Avail,Compl,Avail,Incmpl,Incmpl,Enable,OBD II (California ARB),OFF,OFF,29.877,0.500,0,1st,OFF,OFF,OFF,OFF,OFF,OFF,-1.562,-2.344,ON,OFF,650,0,OFF,OFF,OFF,ON,Gasoline,1.018,OFF,OFF,0.684,ON,0.625,14.902,10,0,0.742,0.742,2.305,0.742,0.918,2.031,46.275,0,14.902,15,0,0.023,OFF,ECT 5th,NA,OFF,97.636,97.702,13.333,0,Not Avl,0,0,0,0,ON,ON,0,0,1
187,0,14.198,Not Avl,Compl,Compl,Unable,OFF,Not Avl,Compl,Compl,Unable,OFF,40.625,53.906,28.125,28.750,19.531,39.551,15.686,31.765,0.781,1.582,ON,0,OFF,ON,ON,0.998,0.999,0.031,0.027,3.357,3.347,0,97,51199.219,13.925,24.314,OFF,OFF,OFF,OFF,OFF,OFF,OFF,Avail,Incmpl,Incmpl,Enable,Avail,422.600,267.700,422.600,267.700,ON,Avail,Compl,Enable,80,0,0,0,0,0,0,6,A,0,0,Avail,Incmpl,Incmpl,Enable,OFF,OFF,904,713.250,51199.219,51199.219,51199.219,51199.219,51199.219,51199.219,1GRFE ,33.725,Avail,Incmpl,Incmpl,Enable,7.996,OFF,OFF,OFF,OFF,ON,ON,Avail,Compl,Enable,Compl,CL,CL,Compl,Unable,Not Avl,Compl,Compl,Enable,OFF,130,15,227,ON,21.250,6.875,0.106,2362,6,21,-3,OFF,0.781,3.906,3.840,OFF,0,0,75,Avail,Compl,Enable,0,GRN2#  ,ON,0,ACTIVE,ACTIVE,0.962,0.947,0.740,0.740,61.926,56.738,Avail,Compl,Avail,Incmpl,Incmpl,Enable,OBD II (California ARB),OFF,OFF,29.877,0.500,0,1st,OFF,OFF,OFF,OFF,OFF,OFF,-1.562,-2.344,ON,OFF,650,0,OFF,OFF,OFF,ON,Gasoline,1.018,OFF,OFF,0.684,ON,0.625,14.902,10,0,0.742,0.742,2.305,0.742,0.918,2.031,46.275,0,14.902,15,0,0.023,OFF,ECT 5th,NA,OFF,97.636,97.460,13.333,0,Not Avl,0,0,0,0,ON,ON,0,0,1
188,0,14.198,Not Avl,Compl,Compl,Unable,OFF,Not Avl,Compl,Compl,Unable,OFF,40.625,53.906,28.125,28.750,19.531,39.551,15.686,31.765,0.781,1.582,ON,0,OFF,ON,ON,0.998,0.999,0.031,0.027,3.357,3.347,0,97,51199.219,13.925,24.314,OFF,OFF,OFF,OFF,OFF,OFF,OFF,Avail,Incmpl,Incmpl,Enable,Avail,422.600,267.700,422.600,267.700,ON,Avail,Compl,Enable,80,0,0,0,0,0,0,6,A,0,0,Avail,Incmpl,Incmpl,Enable,OFF,OFF,904,713.250,51199.219,51199.219,51199.219,51199.219,51199.219,51199.219,1GRFE ,33.725,Avail,Incmpl,Incmpl,Enable,7.996,OFF,OFF,OFF,OFF,ON,ON,Avail,Compl,Enable,Compl,CL,CL,Compl,Unable,Not Avl,Compl,Compl,Enable,OFF,130,15,227,ON,21.250,6.875,0.106,2362,6,21,-3,OFF,0.781,3.906,3.840,OFF,0,0,75,Avail,Compl,Enable,0,GRN2#  ,ON,0,ACTIVE,ACTIVE,0.962,0.947,0.740,0.740,61.926,56.738,Avail,Compl,Avail,Incmpl,Incmpl,Enable,OBD II (California ARB),OFF,OFF,29.877,0.500,0,1st,OFF,OFF,OFF,OFF,OFF,OFF,-1.562,-2.344,ON,OFF,650,0,OFF,OFF,OFF,ON,Gasoline,1.018,OFF,OFF,0.684,ON,0.625,14.902,10,0,0.742,0.742,2.305,0.742,0.918,2.031,46.275,0,14.902,15,0,0.023,OFF,ECT 5th,NA,OFF,97.636,97.460,13.333,0,Not Avl,0,0,0,0,ON,ON,0,0,1
189,0,14.198,Not Avl,Compl,Compl,Unable,OFF,Not Avl,Compl,Compl,Unable,OFF,40.625,53.906,28.125,28.750,19.531,39.551,15.686,31.765,0.781,1.582,ON,0,OFF,ON,ON,0.998,0.999,0.031,0.027,3.357,3.347,0,97,51199.219,13.925,24.314,OFF,OFF,OFF,OFF,OFF,OFF,OFF,Avail,Incmpl,Incmpl,Enable,Avail,422.600,267.700,422.600,267.700,ON,Avail,Compl,Enable,80,0,0,0,0,0,0,6,A,0,0,Avail,Incmpl,Incmpl,Enable,OFF,OFF,904,713.250,51199.219,51199.219,51199.219,51199.219,51199.219,51199.219,1GRFE ,33.725,Avail,Incmpl,Incmpl,Enable,7.996,OFF,OFF,OFF,OFF,ON,ON,Avail,Compl,Enable,Compl,CL,CL,Compl,Unable,Not Avl,Compl,Compl,Enable,OFF,130,15,227,ON,21.250,6.875,0.106,2362,6,21,-3,OFF,0.781,3.906,3.840,OFF,0,0,75,Avail,Compl,Enable,0,GRN2#  ,ON,0,ACTIVE,ACTIVE,0.962,0.947,0.740,0.740,61.926,56.738,Avail,Compl,Avail,Incmpl,Incmpl,Enable,OBD II (California ARB),OFF,OFF,29.877,0.500,0,1st,OFF,OFF,OFF,OFF,OFF,OFF,-1.562,-2.344,ON,OFF,650,0,OFF,OFF,OFF,ON,Gasoline,1.018,OFF,OFF,0.684,ON,0.625,14.902,10,0,0.742,0.742,2.305,0.742,0.918,2.031,46.275,0,14.902,15,0,0.023,OFF,ECT 5th,NA,OFF,97.636,97.460,13.333,0,Not Avl,0,0,0,0,ON,ON,0,0,1
190,0,14.198,Not Avl,Compl,Compl,Unable,OFF,Not Avl,Compl,Compl,Unable,OFF,40.625,53.906,28.125,28.750,19.531,39.551,15.686,31.765,0.781,1.582,ON,0,OFF,ON,ON,0.998,0.999,0.031,0.027,3.357,3.347,0,97,51199.219,13.925,24.314,OFF,OFF,OFF,OFF,OFF,OFF,OFF,Avail,Incmpl,Incmpl,Enable,Avail,422.600,267.700,422.600,267.700,ON,Avail,Compl,Enable,80,0,0,0,0,0,0,6,A,0,0,Avail,Incmpl,Incmpl,Enable,OFF,OFF,904,713.250,51199.219,51199.219,51199.219,51199.219,51199.219,51199.219,1GRFE ,33.725,Avail,Incmpl,Incmpl,Enable,7.996,OFF,OFF,OFF,OFF,ON,ON,Avail,Compl,Enable,Compl,CL,CL,Compl,Unable,Not Avl,Compl,Compl,Enable,OFF,130,15,227,ON,21.250,6.875,0.106,2362,6,21,-3,OFF,0.781,3.906,3.840,OFF,0,0,75,Avail,Compl,Enable,0,GRN2#  ,ON,0,ACTIVE,ACTIVE,0.962,0.947,0.740,0.740,61.926,56.738,Avail,Compl,Avail,Incmpl,Incmpl,Enable,OBD II (California ARB),OFF,OFF,29.877,0.500,0,1st,OFF,OFF,OFF,OFF,OFF,OFF,-1.562,-2.344,ON,OFF,650,0,OFF,OFF,OFF,ON,Gasoline,1.018,OFF,OFF,0.684,ON,0.625,14.902,10,0,0.742,0.742,2.305,0.742,0.918,2.031,46.275,0,14.902,15,0,0.023,OFF,ECT 5th,NA,OFF,97.636,97.460,13.333,0,Not Avl,0,0,0,0,ON,ON,0,0,1
191,0,14.198,Not Avl,Compl,Compl,Unable,OFF,Not Avl,Compl,Compl,Unable,OFF,40.625,53.906,28.125,28.750,19.531,39.551,15.686,31.765,0.781,1.582,ON,0,OFF,ON,ON,0.998,0.999,0.031,0.027,3.357,3.347,0,97,51199.219,13.925,24.314,OFF,OFF,OFF,OFF,OFF,OFF,OFF,Avail,Incmpl,Incmpl,Enable,Avail,422.600,267.700,422.600,267.700,ON,Avail,Compl,Enable,80,0,0,0,0,0,0,6,A,0,0,Avail,Incmpl,Incmpl,Enable,OFF,OFF,904,713.250,51199.219,51199.219,51199.219,51199.219,51199.219,51199.219,1GRFE ,33.725,Avail,Incmpl,Incmpl,Enable,7.996,OFF,OFF,OFF,OFF,ON,ON,Avail,Compl,Enable,Compl,CL,CL,Compl,Unable,Not Avl,Compl,Compl,Enable,OFF,130,15,227,ON,21.250,6.875,0.106,2362,6,21,-3,OFF,0.781,3.906,3.840,OFF,0,0,75,Avail,Compl,Enable,0,GRN2#  ,ON,0,ACTIVE,ACTIVE,0.962,0.947,0.740,0.740,61.926,56.738,Avail,Compl,Avail,Incmpl,Incmpl,Enable,OBD II (California ARB),OFF,OFF,29.877,0.500,0,1st,OFF,OFF,OFF,OFF,OFF,OFF,-1.562,-2.344,ON,OFF,650,0,OFF,OFF,OFF,ON,Gasoline,1.018,OFF,OFF,0.684,ON,0.625,14.902,10,0,0.742,0.742,2.305,0.742,0.918,2.031,46.275,0,14.902,15,0,0.023,OFF,ECT 5th,NA,OFF,97.636,97.460,13.333,0,Not Avl,0,0,0,0,ON,ON,0,0,1
192,0,14.198,Not Avl,Compl,Compl,Unable,OFF,Not Avl,Compl,Compl,Unable,OFF,40.625,53.906,28.125,28.750,19.531,39.551,15.686,31.765,0.781,1.582,ON,0,OFF,ON,ON,0.998,0.999,0.031,0.027,3.357,3.347,0,97,51199.219,13.925,24.314,OFF,OFF,OFF,OFF,OFF,OFF,OFF,Avail,Incmpl,Incmpl,Enable,Avail,422.600,267.700,422.600,267.700,ON,Avail,Compl,Enable,80,0,0,0,0,0,0,6,A,0,0,Avail,Incmpl,Incmpl,Enable,OFF,OFF,904,713.250,51199.219,51199.219,51199.219,51199.219,51199.219,51199.219,1GRFE ,33.725,Avail,Incmpl,Incmpl,Enable,7.996,OFF,OFF,OFF,OFF,ON,ON,Avail,Compl,Enable,Compl,CL,CL,Compl,Unable,Not Avl,Compl,Compl,Enable,OFF,130,15,227,ON,21.250,6.875,0.106,2362,6,21,-3,OFF,0.781,3.906,3.840,OFF,0,0,75,Avail,Compl,Enable,0,GRN2#  ,ON,0,ACTIVE,ACTIVE,0.962,0.947,0.740,0.740,61.926,56.738,Avail,Compl,Avail,Incmpl,Incmpl,Enable,OBD II (California ARB),OFF,OFF,29.877,0.500,0,1st,OFF,OFF,OFF,OFF,OFF,OFF,-1.562,-2.344,ON,OFF,650,0,OFF,OFF,OFF,ON,Gasoline,1.018,OFF,OFF,0.684,ON,0.625,14.902,10,0,0.742,0.742,2.305,0.742,0.918,2.031,46.275,0,14.902,15,0,0.023,OFF,ECT 5th,NA,OFF,97.636,97.460,13.333,0,Not Avl,0,0,0,0,ON,ON,0,0,1
193,0,14.198,Not Avl,Compl,Compl,Unable,OFF,Not Avl,Compl,Compl,Unable,OFF,40.625,53.906,28.125,28.750,19.531,39.551,15.686,31.765,0.781,1.582,ON,0,OFF,ON,ON,0.998,0.999,0.031,0.027,3.357,3.347,0,97,51199.219,13.925,24.314,OFF,OFF,OFF,OFF,OFF,OFF,OFF,Avail,Incmpl,Incmpl,Enable,Avail,422.600,267.700,422.600,267.700,ON,Avail,Compl,Enable,80,0,0,0,0,0,0,6,A,0,0,Avail,Incmpl,Incmpl,Enable,OFF,OFF,904,713.250,51199.219,51199.219,51199.219,51199.219,51199.219,51199.219,1GRFE ,33.725,Avail,Incmpl,Incmpl,Enable,7.996,OFF,OFF,OFF,OFF,ON,ON,Avail,Compl,Enable,Compl,CL,CL,Compl,Unable,Not Avl,Compl,Compl,Enable,OFF,130,15,227,ON,21.250,6.875,0.106,2362,6,21,-3,OFF,0.781,3.906,3.840,OFF,0,0,75,Avail,Compl,Enable,0,GRN2#  ,ON,0,ACTIVE,ACTIVE,0.962,0.947,0.740,0.740,61.926,56.738,Avail,Compl,Avail,Incmpl,Incmpl,Enable,OBD II (California ARB),OFF,OFF,29.877,0.500,0,1st,OFF,OFF,OFF,OFF,OFF,OFF,-1.562,-2.344,ON,OFF,650,0,OFF,OFF,OFF,ON,Gasoline,1.018,OFF,OFF,0.684,ON,0.625,14.902,10,0,0.742,0.742,2.305,0.742,0.918,2.031,46.275,0,14.902,15,0,0.023,OFF,ECT 5th,NA,OFF,97.636,97.460,13.333,0,Not Avl,0,0,0,0,ON,ON,0,0,1
194,0,14.198,Not Avl,Compl,Compl,Unable,OFF,Not Avl,Compl,Compl,Unable,OFF,40.625,53.906,28.125,28.750,19.531,39.551,15.686,31.765,0.781,1.582,ON,0,OFF,ON,ON,0.998,0.999,0.031,0.027,3.357,3.347,0,97,51199.219,13.925,24.314,OFF,OFF,OFF,OFF,OFF,OFF,OFF,Avail,Incmpl,Incmpl,Enable,Avail,422.600,267.700,422.600,267.700,ON,Avail,Compl,Enable,80,0,0,0,0,0,0,6,A,0,0,Avail,Incmpl,Incmpl,Enable,OFF,OFF,904,713.250,51199.219,51199.219,51199.219,51199.219,51199.219,51199.219,1GRFE ,33.725,Avail,Incmpl,Incmpl,Enable,7.996,OFF,OFF,OFF,OFF,ON,ON,Avail,Compl,Enable,Compl,CL,CL,Compl,Unable,Not Avl,Compl,Compl,Enable,OFF,130,15,227,ON,21.250,6.875,0.106,2362,6,21,-3,OFF,0.781,3.906,3.840,OFF,0,0,75,Avail,Compl,Enable,0,GRN2#  ,ON,0,ACTIVE,ACTIVE,0.962,0.947,0.740,0.740,61.926,56.738,Avail,Compl,Avail,Incmpl,Incmpl,Enable,OBD II (California ARB),OFF,OFF,29.877,0.500,0,1st,OFF,OFF,OFF,OFF,OFF,OFF,-1.562,-2.344,ON,OFF,650,0,OFF,OFF,OFF,ON,Gasoline,1.018,OFF,OFF,0.684,ON,0.625,14.902,10,0,0.742,0.742,2.305,0.742,0.918,2.031,46.275,0,14.902,15,0,0.023,OFF,ECT 5th,NA,OFF,97.636,97.460,13.333,0,Not Avl,0,0,0,0,ON,ON,0,0,1
195,0,14.198,Not Avl,Compl,Compl,Unable,OFF,Not Avl,Compl,Compl,Unable,OFF,40.625,53.906,28.125,28.750,19.531,39.551,15.686,31.765,0.781,1.582,ON,0,OFF,ON,ON,0.998,0.999,0.031,0.027,3.357,3.347,0,97,51199.219,13.925,24.314,OFF,OFF,OFF,OFF,OFF,OFF,OFF,Avail,Incmpl,Incmpl,Enable,Avail,422.600,267.700,422.600,267.700,ON,Avail,Compl,Enable,80,0,0,0,0,0,0,6,A,0,0,Avail,Incmpl,Incmpl,Enable,OFF,OFF,904,713.250,51199.219,51199.219,51199.219,51199.219,51199.219,51199.219,1GRFE ,33.725,Avail,Incmpl,Incmpl,Enable,7.996,OFF,OFF,OFF,OFF,ON,ON,Avail,Compl,Enable,Compl,CL,CL,Compl,Unable,Not Avl,Compl,Compl,Enable,OFF,130,15,227,ON,21.250,6.875,0.106,2362,6,21,-3,OFF,0.781,3.906,3.840,OFF,0,0,75,Avail,Compl,Enable,0,GRN2#  ,ON,0,ACTIVE,ACTIVE,0.962,0.947,0.740,0.740,61.926,56.738,Avail,Compl,Avail,Incmpl,Incmpl,Enable,OBD II (California ARB),OFF,OFF,29.877,0.500,0,1st,OFF,OFF,OFF,OFF,OFF,OFF,-1.562,-2.344,ON,OFF,650,0,OFF,OFF,OFF,ON,Gasoline,1.018,OFF,OFF,0.684,ON,0.625,14.902,10,0,0.742,0.742,2.305,0.742,0.918,2.031,46.275,0,14.902,15,0,0.023,OFF,ECT 5th,NA,OFF,97.636,97.460,13.333,0,Not Avl,0,0,0,0,ON,ON,0,0,1
196,0,14.198,Not Avl,Compl,Compl,Unable,OFF,Not Avl,Compl,Compl,Unable,OFF,40.625,53.906,28.125,28.750,19.531,39.551,15.686,31.765,0.781,1.582,ON,0,OFF,ON,ON,0.998,0.999,0.031,0.027,3.357,3.347,0,97,51199.219,13.925,24.314,OFF,OFF,OFF,OFF,OFF,OFF,OFF,Avail,Incmpl,Incmpl,Enable,Avail,422.600,267.700,422.600,267.700,ON,Avail,Compl,Enable,80,0,0,0,0,0,0,6,A,0,0,Avail,Incmpl,Incmpl,Enable,OFF,OFF,904,713.250,51199.219,51199.219,51199.219,51199.219,51199.219,51199.219,1GRFE ,33.725,Avail,Incmpl,Incmpl,Enable,7.996,OFF,OFF,OFF,OFF,ON,ON,Avail,Compl,Enable,Compl,CL,CL,Compl,Unable,Not Avl,Compl,Compl,Enable,OFF,130,15,227,ON,21.250,6.875,0.106,2362,6,21,-3,OFF,0.781,3.906,3.840,OFF,0,0,75,Avail,Compl,Enable,0,GRN2#  ,ON,0,ACTIVE,ACTIVE,0.962,0.947,0.740,0.740,61.926,56.738,Avail,Compl,Avail,Incmpl,Incmpl,Enable,OBD II (California ARB),OFF,OFF,29.877,0.500,0,1st,OFF,OFF,OFF,OFF,OFF,OFF,-1.562,-2.344,ON,OFF,650,0,OFF,OFF,OFF,ON,Gasoline,1.018,OFF,OFF,0.684,ON,0.625,14.902,10,0,0.742,0.742,2.305,0.742,0.918,2.031,46.275,0,14.902,15,0,0.023,OFF,ECT 5th,NA,OFF,97.636,97.460,13.333,0,Not Avl,0,0,0,0,ON,ON,0,0,1
197,0,14.198,Not Avl,Compl,Compl,Unable,OFF,Not Avl,Compl,Compl,Unable,OFF,40.625,53.906,28.125,28.750,19.531,39.551,15.686,31.765,0.781,1.582,ON,0,OFF,ON,ON,0.998,0.999,0.031,0.027,3.357,3.347,0,97,51199.219,13.925,24.314,OFF,OFF,OFF,OFF,OFF,OFF,OFF,Avail,Incmpl,Incmpl,Enable,Avail,422.600,267.700,422.600,267.700,ON,Avail,Compl,Enable,80,0,0,0,0,0,0,6,A,0,0,Avail,Incmpl,Incmpl,Enable,OFF,OFF,904,713.250,51199.219,51199.219,51199.219,51199.219,51199.219,51199.219,1GRFE ,33.725,Avail,Incmpl,Incmpl,Enable,7.996,OFF,OFF,OFF,OFF,ON,ON,Avail,Compl,Enable,Compl,CL,CL,Compl,Unable,Not Avl,Compl,Compl,Enable,OFF,130,15,227,ON,21.250,6.875,0.106,2362,6,21,-3,OFF,0.781,3.906,3.840,OFF,0,0,75,Avail,Compl,Enable,0,GRN2#  ,ON,0,ACTIVE,ACTIVE,0.962,0.947,0.740,0.740,61.926,56.738,Avail,Compl,Avail,Incmpl,Incmpl,Enable,OBD II (California ARB),OFF,OFF,29.877,0.500,0,1st,OFF,OFF,OFF,OFF,OFF,OFF,-1.562,-2.344,ON,OFF,650,0,OFF,OFF,OFF,ON,Gasoline,1.018,OFF,OFF,0.684,ON,0.625,14.902,10,0,0.742,0.742,2.305,0.742,0.918,2.031,46.275,0,14.902,15,0,0.023,OFF,ECT 5th,NA,OFF,97.636,97.460,13.333,0,Not Avl,0,0,0,0,ON,ON,0,0,1
198,0,14.198,Not Avl,Compl,Compl,Unable,OFF,Not Avl,Compl,Compl,Unable,OFF,40.625,53.906,28.125,28.750,19.531,39.551,15.686,31.765,0.781,1.582,ON,0,OFF,ON,ON,0.998,0.999,0.031,0.027,3.357,3.347,0,97,51199.219,13.925,24.314,OFF,OFF,OFF,OFF,OFF,OFF,OFF,Avail,Incmpl,Incmpl,Enable,Avail,422.600,267.700,422.600,267.700,ON,Avail,Compl,Enable,80,0,0,0,0,0,0,6,A,0,0,Avail,Incmpl,Incmpl,Enable,OFF,OFF,904,713.250,51199.219,51199.219,51199.219,51199.219,51199.219,51199.219,1GRFE ,33.725,Avail,Incmpl,Incmpl,Enable,7.996,OFF,OFF,OFF,OFF,ON,ON,Avail,Compl,Enable,Compl,CL,CL,Compl,Unable,Not Avl,Compl,Compl,Enable,OFF,130,15,227,ON,21.250,6.875,0.106,2362,6,21,-3,OFF,0.781,3.906,3.840,OFF,0,0,75,Avail,Compl,Enable,0,GRN2#  ,ON,0,ACTIVE,ACTIVE,0.962,0.947,0.740,0.740,61.926,56.738,Avail,Compl,Avail,Incmpl,Incmpl,Enable,OBD II (California ARB),OFF,OFF,29.877,0.500,0,1st,OFF,OFF,OFF,OFF,OFF,OFF,-1.562,-2.344,ON,OFF,650,0,OFF,OFF,OFF,ON,Gasoline,1.018,OFF,OFF,0.684,ON,0.625,14.902,10,0,0.742,0.742,2.305,0.742,0.918,2.031,46.275,0,14.902,15,0,0.023,OFF,ECT 5th,NA,OFF,97.636,97.460,13.333,0,Not Avl,0,0,0,0,ON,ON,0,0,1
199,0,14.198,Not Avl,Compl,Compl,Unable,OFF,Not Avl,Compl,Compl,Unable,OFF,40.625,53.906,28.125,28.750,19.531,39.551,15.686,31.765,0.781,1.582,ON,0,OFF,ON,ON,0.998,0.999,0.031,0.027,3.357,3.347,0,97,51199.219,13.925,24.314,OFF,OFF,OFF,OFF,OFF,OFF,OFF,Avail,Incmpl,Incmpl,Enable,Avail,422.600,267.700,422.600,267.700,ON,Avail,Compl,Enable,80,0,0,0,0,0,0,6,A,0,0,Avail,Incmpl,Incmpl,Enable,OFF,OFF,904,713.250,51199.219,51199.219,51199.219,51199.219,51199.219,51199.219,1GRFE ,33.725,Avail,Incmpl,Incmpl,Enable,7.996,OFF,OFF,OFF,OFF,ON,ON,Avail,Compl,Enable,Compl,CL,CL,Compl,Unable,Not Avl,Compl,Compl,Enable,OFF,130,15,227,ON,21.250,6.875,0.106,2362,6,21,-3,OFF,0.781,3.906,3.840,OFF,0,0,75,Avail,Compl,Enable,0,GRN2#  ,ON,0,ACTIVE,ACTIVE,0.962,0.947,0.740,0.740,61.926,56.738,Avail,Compl,Avail,Incmpl,Incmpl,Enable,OBD II (California ARB),OFF,OFF,29.877,0.500,0,1st,OFF,OFF,OFF,OFF,OFF,OFF,-1.562,-2.344,ON,OFF,650,0,OFF,OFF,OFF,ON,Gasoline,1.018,OFF,OFF,0.684,ON,0.625,14.902,10,0,0.742,0.742,2.305,0.742,0.918,2.031,46.275,0,14.902,15,0,0.023,OFF,ECT 5th,NA,OFF,97.636,97.460,13.333,0,Not Avl,0,0,0,0,ON,ON,0,0,1
200,0,14.180,Not Avl,Compl,Compl,Unable,OFF,Not Avl,Compl,Compl,Unable,OFF,38.281,38.281,28.125,28.750,19.531,39.551,15.686,31.765,0.781,1.582,ON,0,OFF,ON,ON,0.997,0.996,0.023,0.023,3.342,3.337,0,97,51199.219,13.925,24.314,OFF,OFF,OFF,OFF,OFF,OFF,OFF,Avail,Incmpl,Incmpl,Enable,Avail,419.300,265.300,419.300,265.300,ON,Avail,Compl,Enable,80,0,0,0,0,0,0,6,A,0,0,Avail,Incmpl,Incmpl,Enable,OFF,OFF,916,710,51199.219,51199.219,51199.219,51199.219,51199.219,51199.219,1GRFE ,33.725,Avail,Incmpl,Incmpl,Enable,7.996,OFF,OFF,OFF,OFF,ON,ON,Avail,Compl,Enable,Compl,CL,CL,Compl,Unable,Not Avl,Compl,Compl,Enable,OFF,130,15,550,ON,21.250,6.875,0.107,2355,6,21,-3,OFF,0.781,3.906,3.850,OFF,0,0,78,Avail,Compl,Enable,0,GRN2#  ,ON,0,ACTIVE,ACTIVE,0.962,0.947,0.740,0.740,62.250,57.062,Avail,Compl,Avail,Incmpl,Incmpl,Enable,OBD II (California ARB),OFF,OFF,29.517,0.500,0,1st,OFF,OFF,OFF,OFF,OFF,OFF,-0.781,-2.344,ON,OFF,650,0,OFF,OFF,OFF,ON,Gasoline,1.014,OFF,OFF,0.684,ON,0.625,14.902,10,0,0.742,0.742,2.305,0.742,0.918,2.031,46.275,0,14.902,15,0,0.023,OFF,ECT 5th,NA,OFF,97.636,97.746,13.725,0,Not Avl,0,0,0,0,ON,ON,0,0,1
201,0,14.197,Not Avl,Compl,Compl,Unable,OFF,Not Avl,Compl,Compl,Unable,OFF,38.281,42.969,28.125,28.750,19.531,39.551,15.686,31.765,0.781,1.582,ON,0,OFF,ON,ON,0.996,0.998,0.020,0.027,3.332,3.347,0,97,51199.219,13.925,24.314,OFF,OFF,OFF,OFF,OFF,OFF,OFF,Avail,Incmpl,Incmpl,Enable,Avail,419.300,265.300,419.300,265.300,ON,Avail,Compl,Enable,80,0,0,0,0,0,0,6,A,0,0,Avail,Incmpl,Incmpl,Enable,OFF,OFF,916,710.750,51199.219,51199.219,51199.219,51199.219,51199.219,51199.219,1GRFE ,33.725,Avail,Incmpl,Incmpl,Enable,7.996,OFF,OFF,OFF,OFF,ON,ON,Avail,Compl,Enable,Compl,CL,CL,Compl,Unable,Not Avl,Compl,Compl,Enable,OFF,130,15,564,ON,21.250,6.875,0.106,2362,6,21,-3,OFF,0.781,3.906,3.850,OFF,0,0,78,Avail,Compl,Enable,0,GRN2#  ,ON,0,ACTIVE,ACTIVE,0.962,0.942,0.740,0.740,62.898,56.738,Avail,Compl,Avail,Incmpl,Incmpl,Enable,OBD II (California ARB),OFF,OFF,29.395,0.500,0,1st,OFF,OFF,OFF,OFF,OFF,OFF,-1.562,-2.344,ON,OFF,650,0,OFF,OFF,OFF,ON,Gasoline,1.014,OFF,OFF,0.684,ON,0.625,14.902,10,0,0.742,0.742,2.305,0.742,0.918,2.031,46.275,0,14.902,15,0,0.023,OFF,ECT 5th,NA,OFF,97.614,97.680,13.725,0,Not Avl,0,0,0,0,ON,ON,0,0,1
202,0,14.180,Not Avl,Compl,Compl,Unable,OFF,Not Avl,Compl,Compl,Unable,OFF,38.281,50,28.125,28.750,19.531,39.551,15.686,31.765,0.781,1.582,ON,0,OFF,ON,ON,0.998,0.998,0.027,0.027,3.347,3.347,0,97,51199.219,13.925,24.314,OFF,OFF,OFF,OFF,OFF,OFF,OFF,Avail,Incmpl,Incmpl,Enable,Avail,419.300,265.300,419.300,265.300,ON,Avail,Compl,Enable,80,0,0,0,0,0,0,6,A,0,0,Avail,Incmpl,Incmpl,Enable,OFF,OFF,917,706.250,51199.219,51199.219,51199.219,51199.219,51199.219,51199.219,1GRFE ,33.725,Avail,Incmpl,Incmpl,Enable,7.996,OFF,OFF,OFF,OFF,ON,ON,Avail,Compl,Enable,Compl,CL,CL,Compl,Unable,Not Avl,Compl,Compl,Enable,OFF,130,15,574,ON,21.250,6.875,0.106,2369,6,21,-3,OFF,0.781,3.906,3.810,OFF,0,0,78,Avail,Compl,Enable,0,GRN2#  ,ON,0,ACTIVE,ACTIVE,0.962,0.942,0.740,0.740,61.602,57.062,Avail,Compl,Avail,Incmpl,Incmpl,Enable,OBD II (California ARB),OFF,OFF,29.517,0.500,0,1st,OFF,OFF,OFF,OFF,OFF,OFF,-0.781,-2.344,ON,OFF,650,0,OFF,OFF,OFF,ON,Gasoline,1.015,OFF,OFF,0.684,ON,0.625,14.902,10,0,0.742,0.742,2.305,0.742,0.918,2.031,46.275,0,14.902,15,0,0.023,OFF,ECT 5th,NA,OFF,97.592,97.570,13.333,0,Not Avl,0,0,0,0,ON,ON,0,0,1
203,0,14.197,Not Avl,Compl,Compl,Unable,OFF,Not Avl,Compl,Compl,Unable,OFF,40.625,54.688,28.125,28.750,19.531,39.551,15.686,31.765,0.781,1.582,ON,0,OFF,ON,ON,0.998,0.999,0.027,0.035,3.347,3.357,0,97,51199.219,13.925,24.314,OFF,OFF,OFF,OFF,OFF,OFF,OFF,Avail,Incmpl,Incmpl,Enable,Avail,419,265.100,419,265.100,ON,Avail,Compl,Enable,80,0,0,0,0,0,0,6,A,0,0,Avail,Incmpl,Incmpl,Enable,OFF,OFF,917,707,51199.219,51199.219,51199.219,51199.219,51199.219,51199.219,1GRFE ,34.118,Avail,Incmpl,Incmpl,Enable,7.996,OFF,OFF,OFF,OFF,ON,ON,Avail,Compl,Enable,Compl,CL,CL,Compl,Unable,Not Avl,Compl,Compl,Enable,OFF,130,15,586,ON,21.250,6.875,0.106,2373,6,21,-3,OFF,0.781,3.906,3.840,OFF,0,0,67,Avail,Compl,Enable,0,GRN2#  ,ON,0,ACTIVE,ACTIVE,0.962,0.947,0.720,0.740,62.898,57.062,Avail,Compl,Avail,Incmpl,Incmpl,Enable,OBD II (California ARB),OFF,OFF,29.755,0.500,0,1st,OFF,OFF,OFF,OFF,OFF,OFF,-0.781,-2.344,ON,OFF,650,0,OFF,OFF,OFF,ON,Gasoline,1.015,OFF,OFF,0.684,ON,0.625,14.902,10,0,0.742,0.742,2.305,0.742,0.918,2.031,46.275,0,14.902,15,0,0.023,OFF,ECT 5th,NA,OFF,97.592,97.460,13.725,0,Not Avl,0,0,0,0,ON,ON,0,0,1
204,0,14.182,Not Avl,Compl,Compl,Unable,OFF,Not Avl,Compl,Compl,Unable,OFF,48.438,48.438,28.125,28.750,19.531,39.551,15.686,31.765,0.781,1.582,ON,0,OFF,ON,ON,0.997,0.999,0.023,0.031,3.342,3.352,0,97,51199.219,13.925,24.314,OFF,OFF,OFF,OFF,OFF,OFF,OFF,Avail,Incmpl,Incmpl,Enable,Avail,419,265.100,419,265.100,ON,Avail,Compl,Enable,80,0,0,0,0,0,0,6,A,0,0,Avail,Incmpl,Incmpl,Enable,OFF,OFF,917,713.250,51199.219,51199.219,51199.219,51199.219,51199.219,51199.219,1GRFE ,34.118,Avail,Incmpl,Incmpl,Enable,7.996,OFF,OFF,OFF,OFF,ON,ON,Avail,Compl,Enable,Compl,CL,CL,Compl,Unable,Not Avl,Compl,Compl,Enable,OFF,130,15,599,ON,21.250,6.875,0.106,2373,6,21,-3,OFF,0.781,3.906,3.870,OFF,0,0,67,Avail,Compl,Enable,0,GRN2#  ,ON,0,ACTIVE,ACTIVE,0.962,0.942,0.720,0.740,62.250,57.062,Avail,Compl,Avail,Incmpl,Incmpl,Enable,OBD II (California ARB),OFF,OFF,29.755,0.500,0,1st,OFF,OFF,OFF,OFF,OFF,OFF,-1.562,-2.344,ON,OFF,650,0,OFF,OFF,OFF,ON,Gasoline,1.015,OFF,OFF,0.684,ON,0.625,14.902,10,0,0.742,0.742,2.305,0.742,0.918,2.031,46.275,0,14.902,15,0,0.023,OFF,ECT 5th,NA,OFF,97.592,97.526,13.725,0,Not Avl,0,0,0,0,ON,ON,0,0,1
205,0,14.180,Not Avl,Compl,Compl,Unable,OFF,Not Avl,Compl,Compl,Unable,OFF,52.344,42.969,28.125,28.750,19.531,39.551,15.686,31.765,0.781,1.582,ON,0,OFF,ON,ON,1.000,0.997,0.035,0.023,3.357,3.342,0,97,51199.219,13.925,24.314,OFF,OFF,OFF,OFF,OFF,OFF,OFF,Avail,Incmpl,Incmpl,Enable,Avail,419,265.100,419,265.100,ON,Avail,Compl,Enable,80,0,0,0,0,0,0,6,A,0,0,Avail,Incmpl,Incmpl,Enable,OFF,OFF,918,707.750,51199.219,51199.219,51199.219,51199.219,51199.219,51199.219,1GRFE ,33.725,Avail,Incmpl,Incmpl,Enable,7.996,OFF,OFF,OFF,OFF,ON,ON,Avail,Compl,Enable,Compl,CL,CL,Compl,Unable,Not Avl,Compl,Compl,Enable,OFF,130,15,10,ON,21.250,6.875,0.106,2369,6,21,-3,OFF,0.781,3.906,3.850,OFF,0,0,67,Avail,Compl,Enable,0,GRN2#  ,ON,0,ACTIVE,ACTIVE,0.962,0.942,0.720,0.740,62.898,57.062,Avail,Compl,Avail,Incmpl,Incmpl,Enable,OBD II (California ARB),OFF,OFF,29.626,0.500,0,1st,OFF,OFF,OFF,OFF,OFF,OFF,-0.781,-2.344,ON,OFF,650,0,OFF,OFF,OFF,ON,Gasoline,1.016,OFF,OFF,0.684,ON,0.625,14.902,10,0,0.742,0.742,2.305,0.742,0.918,2.031,46.275,0,14.902,15,0,0.023,OFF,ECT 5th,NA,OFF,97.636,97.746,13.725,0,Not Avl,0,0,0,0,ON,ON,0,0,1
206,0,14.198,Not Avl,Compl,Compl,Unable,OFF,Not Avl,Compl,Compl,Unable,OFF,54.688,40.625,28.125,28.750,19.531,39.551,15.686,31.765,0.781,1.582,ON,0,OFF,ON,ON,1.000,0.998,0.035,0.027,3.357,3.347,0,97,51199.219,13.906,24.314,OFF,OFF,OFF,OFF,OFF,OFF,OFF,Avail,Incmpl,Incmpl,Enable,Avail,418.700,265,418.700,265,ON,Avail,Compl,Enable,80,0,0,0,0,0,0,6,A,0,0,Avail,Incmpl,Incmpl,Enable,OFF,OFF,918,717.750,51199.219,51199.219,51199.219,51199.219,51199.219,51199.219,1GRFE ,34.118,Avail,Incmpl,Incmpl,Enable,7.996,OFF,OFF,OFF,OFF,ON,ON,Avail,Compl,Enable,Compl,CL,CL,Compl,Unable,Not Avl,Compl,Compl,Enable,OFF,130,15,21,ON,21.250,6.875,0.106,2362,6,21,-3,OFF,0.781,3.906,3.820,OFF,0,0,80,Avail,Compl,Enable,0,GRN2#  ,ON,0,ACTIVE,ACTIVE,0.962,0.942,0.740,0.740,62.898,57.062,Avail,Compl,Avail,Incmpl,Incmpl,Enable,OBD II (California ARB),OFF,OFF,29.755,0.500,0,1st,OFF,OFF,OFF,OFF,OFF,OFF,-0.781,-2.344,ON,OFF,650,0,OFF,OFF,OFF,ON,Gasoline,1.016,OFF,OFF,0.684,ON,0.625,14.902,10,0,0.742,0.742,2.305,0.742,0.918,2.031,46.275,0,14.902,15,0,0.020,OFF,ECT 5th,NA,OFF,97.614,97.680,13.333,0,Not Avl,0,0,0,0,ON,ON,0,0,1
207,0,14.180,Not Avl,Compl,Compl,Unable,OFF,Not Avl,Compl,Compl,Unable,OFF,57.031,35.156,28.125,28.750,19.531,39.551,15.686,31.765,0.781,1.582,ON,0,OFF,ON,ON,0.998,0.998,0.031,0.027,3.352,3.347,0,97,51199.219,13.925,24.314,OFF,OFF,OFF,OFF,OFF,OFF,OFF,Avail,Incmpl,Incmpl,Enable,Avail,418.700,265,418.700,265,ON,Avail,Compl,Enable,80,0,0,0,0,0,0,6,A,0,0,Avail,Incmpl,Incmpl,Enable,OFF,OFF,918,707,51199.219,51199.219,51199.219,51199.219,51199.219,51199.219,1GRFE ,34.118,Avail,Incmpl,Incmpl,Enable,7.996,OFF,OFF,OFF,OFF,ON,ON,Avail,Compl,Enable,Compl,CL,CL,Compl,Unable,Not Avl,Compl,Compl,Enable,OFF,130,15,31,ON,21.250,6.875,0.106,2391,6,21,-3,OFF,0.781,3.906,3.890,OFF,0,0,80,Avail,Compl,Enable,0,GRN2#  ,ON,0,ACTIVE,ACTIVE,0.962,0.947,0.720,0.740,62.250,57.062,Avail,Compl,Avail,Incmpl,Incmpl,Enable,OBD II (California ARB),OFF,OFF,29.517,0.500,0,1st,OFF,OFF,OFF,OFF,OFF,OFF,-0.781,-2.344,ON,OFF,650,0,OFF,OFF,OFF,ON,Gasoline,1.016,OFF,OFF,0.684,ON,0.625,14.902,10,0,0.742,0.742,2.305,0.742,0.918,2.031,46.275,0,14.902,15,0,0.023,OFF,ECT 5th,NA,OFF,97.614,97.592,13.725,0,Not Avl,0,0,0,0,ON,ON,0,0,1
208,0,14.197,Not Avl,Compl,Compl,Unable,OFF,Not Avl,Compl,Compl,Unable,OFF,52.344,35.938,28.125,28.750,19.531,39.551,15.686,31.765,0.781,1.582,ON,0,OFF,ON,ON,0.998,0.998,0.027,0.031,3.347,3.352,0,97,51199.219,13.925,24.314,OFF,OFF,OFF,OFF,OFF,OFF,OFF,Avail,Incmpl,Incmpl,Enable,Avail,418.700,265,418.700,265,ON,Avail,Compl,Enable,80,0,0,0,0,0,0,6,A,0,0,Avail,Incmpl,Incmpl,Enable,OFF,OFF,918,714,51199.219,51199.219,51199.219,51199.219,51199.219,51199.219,1GRFE ,34.118,Avail,Incmpl,Incmpl,Enable,7.996,OFF,OFF,OFF,OFF,ON,ON,Avail,Compl,Enable,Compl,CL,CL,Compl,Unable,Not Avl,Compl,Compl,Enable,OFF,130,15,42,ON,21.250,6.875,0.106,2359,6,21,-3,OFF,0.781,3.906,3.810,OFF,0,0,80,Avail,Compl,Enable,0,GRN2#  ,ON,0,ACTIVE,ACTIVE,0.967,0.947,0.720,0.740,62.250,57.062,Avail,Compl,Avail,Incmpl,Incmpl,Enable,OBD II (California ARB),OFF,OFF,29.755,0.500,0,1st,OFF,OFF,OFF,OFF,OFF,OFF,-0.781,-2.344,ON,OFF,650,0,OFF,OFF,OFF,ON,Gasoline,1.016,OFF,OFF,0.684,ON,0.625,14.902,10,0,0.742,0.742,2.305,0.742,0.918,2.031,46.275,0,14.902,15,0,0.023,OFF,ECT 5th,NA,OFF,97.636,97.746,13.333,0,Not Avl,0,0,0,0,ON,ON,0,0,1
209,0,14.180,Not Avl,Compl,Compl,Unable,OFF,Not Avl,Compl,Compl,Unable,OFF,50.781,35.938,28.125,28.750,19.531,39.551,15.686,31.765,0.781,1.582,ON,0,OFF,ON,ON,0.999,0.998,0.031,0.031,3.352,3.352,0,97,51199.219,13.925,24.314,OFF,OFF,OFF,OFF,OFF,OFF,OFF,Avail,Incmpl,Incmpl,Enable,Avail,418.700,265,418.700,265,ON,Avail,Compl,Enable,80,0,0,0,0,0,0,6,A,0,0,Avail,Incmpl,Incmpl,Enable,OFF,OFF,919,714,51199.219,51199.219,51199.219,51199.219,51199.219,51199.219,1GRFE ,34.118,Avail,Incmpl,Incmpl,Enable,7.996,OFF,OFF,OFF,OFF,ON,ON,Avail,Compl,Enable,Compl,CL,CL,Compl,Unable,Not Avl,Compl,Compl,Enable,OFF,130,15,53,ON,21.250,6.875,0.106,2362,6,21,-3,OFF,0.781,3.906,3.850,OFF,0,0,80,Avail,Compl,Enable,0,GRN2#  ,ON,0,ACTIVE,ACTIVE,0.962,0.947,0.720,0.740,62.574,57.387,Avail,Compl,Avail,Incmpl,Incmpl,Enable,OBD II (California ARB),OFF,OFF,29.755,0.500,0,1st,OFF,OFF,OFF,OFF,OFF,OFF,-0.781,-2.344,ON,OFF,650,0,OFF,OFF,OFF,ON,Gasoline,1.016,OFF,OFF,0.684,ON,0.625,14.902,10,0,0.742,0.742,2.305,0.742,0.918,2.031,46.275,0,14.902,15,0,0.023,OFF,ECT 5th,NA,OFF,97.614,97.702,13.333,0,Not Avl,0,0,0,0,ON,ON,0,0,1
210,0,14.198,Not Avl,Compl,Compl,Unable,OFF,Not Avl,Compl,Compl,Unable,OFF,45.312,35.938,28.125,28.750,19.531,39.551,15.686,31.765,0.781,1.582,ON,0,OFF,ON,ON,0.997,0.998,0.023,0.031,3.342,3.352,0,97,51199.219,13.925,24.314,OFF,OFF,OFF,OFF,OFF,OFF,OFF,Avail,Incmpl,Incmpl,Enable,Avail,418.500,264.800,418.500,264.800,ON,Avail,Compl,Enable,80,0,0,0,0,0,0,6,A,0,0,Avail,Incmpl,Incmpl,Enable,OFF,OFF,919,714,51199.219,51199.219,51199.219,51199.219,51199.219,51199.219,1GRFE ,33.725,Avail,Incmpl,Incmpl,Enable,7.996,OFF,OFF,OFF,OFF,ON,ON,Avail,Compl,Enable,Compl,CL,CL,Compl,Unable,Not Avl,Compl,Compl,Enable,OFF,130,15,64,ON,21.250,6.875,0.106,2355,6,21,-3,OFF,0.781,3.906,3.850,OFF,0,0,79,Avail,Compl,Enable,0,GRN2#  ,ON,0,ACTIVE,ACTIVE,0.962,0.942,0.720,0.740,62.898,57.387,Avail,Compl,Avail,Incmpl,Incmpl,Enable,OBD II (California ARB),OFF,OFF,29.626,0.500,0,1st,OFF,OFF,OFF,OFF,OFF,OFF,-0.781,-2.344,ON,OFF,650,0,OFF,OFF,OFF,ON,Gasoline,1.016,OFF,OFF,0.684,ON,0.625,14.902,10,0,0.742,0.742,2.305,0.742,0.918,2.031,46.275,0,14.902,15,0,0.020,OFF,ECT 5th,NA,OFF,97.614,97.548,13.333,0,Not Avl,0,0,0,0,ON,ON,0,0,1
211,0,14.183,Not Avl,Compl,Compl,Unable,OFF,Not Avl,Compl,Compl,Unable,OFF,41.406,35.938,28.125,28.750,19.531,39.551,15.686,31.765,0.781,1.582,ON,0,OFF,ON,ON,1.002,0.999,0.039,0.035,3.366,3.357,0,97,51199.219,13.925,24.314,OFF,OFF,OFF,OFF,OFF,OFF,OFF,Avail,Incmpl,Incmpl,Enable,Avail,418.500,264.800,418.500,264.800,ON,Avail,Compl,Enable,80,0,0,0,0,0,0,6,A,0,0,Avail,Incmpl,Incmpl,Enable,OFF,OFF,919,703.750,51199.219,51199.219,51199.219,51199.219,51199.219,51199.219,1GRFE ,33.725,Avail,Incmpl,Incmpl,Enable,7.996,OFF,OFF,OFF,OFF,ON,ON,Avail,Compl,Enable,Compl,CL,CL,Compl,Unable,Not Avl,Compl,Compl,Enable,OFF,130,15.500,75,ON,21.250,6.875,0.106,2369,6,21,-3,OFF,0.781,3.906,3.840,OFF,0,0,79,Avail,Compl,Enable,0,GRN2#  ,ON,0,ACTIVE,ACTIVE,0.962,0.942,0.720,0.740,62.898,57.387,Avail,Compl,Avail,Incmpl,Incmpl,Enable,OBD II (California ARB),OFF,OFF,29.517,0.500,0,1st,OFF,OFF,OFF,OFF,OFF,OFF,-0.781,-2.344,ON,OFF,650,0,OFF,OFF,OFF,ON,Gasoline,1.016,OFF,OFF,0.684,ON,0.625,14.902,10,0,0.742,0.742,2.305,0.742,0.918,2.031,46.275,0,14.902,15,0,0.020,OFF,ECT 5th,NA,OFF,97.636,97.724,13.725,0,Not Avl,0,0,0,0,ON,ON,0,0,1
212,0,14.178,Not Avl,Compl,Compl,Unable,OFF,Not Avl,Compl,Compl,Unable,OFF,39.844,35.938,28.125,28.750,20.020,40.039,17.647,33.333,0.879,1.641,OFF,1.514,OFF,ON,ON,0.999,1.001,0.035,0.039,3.357,3.366,0,97,51199.219,13.925,24.314,OFF,OFF,OFF,OFF,OFF,OFF,OFF,Avail,Incmpl,Incmpl,Enable,Avail,418.500,264.800,418.500,264.800,ON,Avail,Compl,Enable,80,0,0,0,0,0,0,6,A,0,0,Avail,Incmpl,Incmpl,Enable,OFF,OFF,920,702.250,51199.219,51199.219,51199.219,51199.219,51199.219,51199.219,1GRFE ,33.725,Avail,Incmpl,Incmpl,Enable,7.996,OFF,OFF,OFF,OFF,ON,ON,Avail,Compl,Enable,Compl,CL,CL,Compl,Unable,Not Avl,Compl,Compl,Enable,OFF,130,15,86,ON,21.250,6.875,0.106,2380,6,21,-3,OFF,0.781,3.906,3.920,OFF,0,0,79,Avail,Compl,Enable,0,GRN2#  ,ON,0,ACTIVE,ACTIVE,0.962,0.947,0.720,0.740,62.898,57.062,Avail,Compl,Avail,Incmpl,Incmpl,Enable,OBD II (California ARB),OFF,OFF,29.395,0.500,0,1st,OFF,OFF,OFF,OFF,OFF,OFF,-0.781,-2.344,ON,OFF,650,0,OFF,OFF,OFF,ON,Gasoline,1.014,OFF,OFF,0.684,ON,0.625,14.902,10,0,0.742,0.742,2.305,0.742,0.918,2.031,46.275,0,14.902,15,0,0.020,OFF,ECT 5th,NA,OFF,97.614,97.724,14.118,0,Not Avl,0,0,0,0,ON,ON,0,0,1
213,0,14.178,Not Avl,Compl,Compl,Unable,OFF,Not Avl,Compl,Compl,Unable,OFF,38.281,35.938,28.125,28.750,20.020,40.039,18.431,34.118,0.918,1.699,OFF,3.448,OFF,ON,ON,1.000,1.000,0.023,0.035,3.357,3.361,0,97,51199.219,13.925,24.314,OFF,OFF,OFF,OFF,OFF,OFF,OFF,Avail,Incmpl,Incmpl,Enable,Avail,418.200,264.600,418.200,264.600,ON,Avail,Compl,Enable,80,0,0,0,0,0,0,6,A,0,0,Avail,Incmpl,Incmpl,Enable,OFF,OFF,920,701.500,51199.219,51199.219,51199.219,51199.219,51199.219,51199.219,1GRFE ,33.725,Avail,Incmpl,Incmpl,Enable,7.996,OFF,OFF,OFF,OFF,ON,ON,Avail,Compl,Enable,Compl,CL,CL,Compl,Unable,Not Avl,Compl,Compl,Enable,OFF,130,15,97,ON,21.250,6.875,0.106,2381,6,21,-3,OFF,0.781,3.906,3.820,OFF,0,0,74,Avail,Compl,Enable,0,GRN2#  ,ON,0,ACTIVE,ACTIVE,0.962,0.947,0.720,0.740,62.898,57.387,Avail,Compl,Avail,Incmpl,Incmpl,Enable,OBD II (California ARB),OFF,OFF,29.517,0.500,0,1st,OFF,OFF,OFF,OFF,OFF,OFF,-0.781,-2.344,ON,OFF,650,0,OFF,OFF,OFF,ON,Gasoline,1.014,OFF,OFF,0.684,ON,0.625,14.902,10,0,0.742,0.742,2.305,0.742,0.918,2.031,46.275,0,14.902,15,0,0.020,OFF,ECT 5th,NA,OFF,97.614,97.658,13.725,0,Not Avl,0,0,0,0,ON,ON,0,0,1
214,0,14.198,Not Avl,Compl,Compl,Unable,OFF,Not Avl,Compl,Compl,Unable,OFF,38.281,35.938,28.125,28.750,20.020,40.039,19.216,34.510,0.957,1.719,OFF,4.749,OFF,ON,ON,1.002,1.000,0.039,0.035,3.366,3.357,0,97,51199.219,13.925,24.706,OFF,OFF,OFF,OFF,OFF,OFF,OFF,Avail,Incmpl,Incmpl,Enable,Avail,418.200,264.600,418.200,264.600,ON,Avail,Compl,Enable,80,0,0,0,0,0,0,6,A,0,0,Avail,Incmpl,Incmpl,Enable,OFF,OFF,920,713.250,51199.219,51199.219,51199.219,51199.219,51199.219,51199.219,1GRFE ,35.294,Avail,Incmpl,Incmpl,Enable,7.996,OFF,OFF,OFF,OFF,ON,ON,Avail,Compl,Enable,Compl,CL,CL,Compl,Unable,Not Avl,Compl,Compl,Enable,OFF,130,15,108,ON,21.250,6.875,0.106,2380,6,21,-3,OFF,0.781,3.906,3.900,OFF,0,0,74,Avail,Compl,Enable,0,GRN2#  ,ON,0,ACTIVE,ACTIVE,0.962,0.942,0.720,0.740,62.898,57.387,Avail,Compl,Avail,Incmpl,Incmpl,Enable,OBD II (California ARB),OFF,OFF,29.877,0.500,0,1st,OFF,OFF,OFF,OFF,OFF,OFF,-0.781,-1.562,ON,OFF,650,0,OFF,OFF,OFF,ON,Gasoline,1.013,OFF,OFF,0.684,ON,0.156,14.902,4,0,0.742,0.742,2.305,0.742,0.918,2.031,46.667,0,14.902,15,0,0.023,OFF,ECT 5th,NA,OFF,97.636,97.702,13.725,0,Not Avl,0,0,0,0,ON,ON,0,0,1
215,0,14.199,Not Avl,Compl,Compl,Unable,OFF,Not Avl,Compl,Compl,Unable,OFF,38.281,35.938,28.125,28.750,20.020,40.039,20.392,35.686,0.996,1.777,OFF,6.921,OFF,ON,ON,1.003,1.000,0.043,0.039,3.371,3.361,0,97,51199.219,13.945,25.098,OFF,OFF,OFF,OFF,OFF,OFF,OFF,Avail,Incmpl,Incmpl,Enable,Avail,418.200,264.600,418.200,264.600,OFF,Avail,Compl,Enable,80,0,0,0,0,0,0,6,A,0,0,Avail,Incmpl,Incmpl,Enable,OFF,OFF,921,727.250,51199.219,51199.219,51199.219,51199.219,51199.219,51199.219,1GRFE ,39.216,Avail,Incmpl,Incmpl,Enable,7.996,ON,OFF,OFF,OFF,ON,ON,Avail,Compl,Enable,Compl,CL,CL,Compl,Unable,Not Avl,Compl,Compl,Enable,OFF,130,17,0,ON,21.250,6.875,0.106,2558,6,21,-3,OFF,0,1.562,4.600,OFF,0,0,74,Avail,Compl,Enable,0,GRN2#  ,ON,0,ACTIVE,ACTIVE,0.962,0.942,0.720,0.720,62.574,57.062,Avail,Compl,Avail,Incmpl,Incmpl,Enable,OBD II (California ARB),OFF,OFF,32.892,0.500,0,1st,OFF,OFF,OFF,OFF,OFF,OFF,-0.781,-1.562,ON,OFF,700,0,OFF,OFF,OFF,ON,Gasoline,1.012,OFF,OFF,0.684,ON,0.078,15.686,2,0,0.762,0.762,2.344,0.762,0.918,2.031,47.059,0.392,15.294,15,0,0.023,OFF,ECT 5th,NA,OFF,97.614,97.724,15.686,0,Not Avl,0,0,0,0,ON,ON,0,0,1
216,0,14.203,Not Avl,Compl,Compl,Unable,OFF,Not Avl,Compl,Compl,Unable,OFF,38.281,48.438,28.125,28.750,20.020,40.039,20.784,36.078,1.035,1.797,OFF,8.636,OFF,ON,ON,1.007,1.007,0.059,0.062,3.396,3.401,0,97,51199.219,13.945,27.843,OFF,OFF,OFF,OFF,OFF,OFF,OFF,Avail,Incmpl,Incmpl,Enable,Avail,418,264.400,418,264.400,OFF,Avail,Compl,Enable,80,0,0,0,0,0,0,6,A,0,0,Avail,Incmpl,Incmpl,Enable,OFF,OFF,921,821,51199.219,51199.219,51199.219,51199.219,51199.219,51199.219,1GRFE ,48.627,Avail,Incmpl,Incmpl,Enable,7.996,ON,OFF,OFF,OFF,ON,ON,Avail,Compl,Enable,Compl,CL,CL,Compl,Unable,Not Avl,Compl,Compl,Enable,OFF,130,19,0,ON,21.250,6.875,0.106,2965,6,21,-3,OFF,0,1.562,6.070,OFF,0,0,89,Avail,Compl,Enable,0,GRN2#  ,ON,0,ACTIVE,ACTIVE,0.962,0.942,0.720,0.720,62.574,57.062,Avail,Compl,Avail,Incmpl,Incmpl,Enable,OBD II (California ARB),OFF,OFF,41.711,0.500,0,1st,OFF,OFF,OFF,OFF,OFF,OFF,0,-1.562,ON,OFF,800,0,OFF,OFF,OFF,ON,Gasoline,1.010,OFF,OFF,0.684,OFF,0.234,16.078,5,0,0.801,0.801,2.383,0.801,0.918,2.031,47.843,0.784,16.078,15,0,0.020,OFF,ECT 5th,NA,OFF,97.592,97.614,18.431,0,Not Avl,0,0,0,0,ON,ON,0,0,1
217,0,14.199,Not Avl,Compl,Compl,Unable,OFF,Not Avl,Compl,Compl,Unable,OFF,38.281,53.906,28.125,28.750,20.020,40.039,20.392,35.686,1.016,1.777,OFF,7.996,OFF,ON,ON,1.007,1.015,0.055,0.082,3.391,3.435,0,97,51199.219,13.945,27.059,OFF,OFF,OFF,OFF,OFF,OFF,OFF,Avail,Incmpl,Incmpl,Enable,Avail,418,264.400,418,264.400,OFF,Avail,Compl,Enable,80,0,0,0,0,0,0,6,A,0,0,Avail,Incmpl,Incmpl,Enable,OFF,OFF,921,1039.750,51199.219,51199.219,51199.219,51199.219,51199.219,51199.219,1GRFE ,58.039,Avail,Incmpl,Incmpl,Enable,7.996,ON,OFF,OFF,OFF,ON,ON,Avail,Compl,Enable,Compl,CL,CL,Compl,Unable,Not Avl,Compl,Compl,Enable,OFF,130,23.500,0,ON,21.250,6.875,0.120,2714,6,21,-3,OFF,0,1.562,6.070,OFF,0,0,89,Avail,Compl,Enable,0,GRN2#  ,ON,0,ACTIVE,ACTIVE,0.967,0.947,0.720,0.720,63.223,57.387,Avail,Compl,Avail,Incmpl,Incmpl,Enable,OBD II (California ARB),OFF,OFF,54.248,0.500,0,1st,OFF,OFF,OFF,OFF,OFF,OFF,0.781,0,ON,OFF,1000,0,OFF,OFF,OFF,ON,Gasoline,1.004,OFF,OFF,0.684,OFF,1.094,15.686,18,0,0.781,0.801,2.383,0.781,0.918,2.031,47.451,0.784,15.686,15,0,0.020,OFF,ECT 5th,NA,OFF,97.592,97.702,14.510,0,Not Avl,0,0,0,0,ON,ON,0,0,1
218,0,14.198,Not Avl,Compl,Compl,Unable,OFF,Not Avl,Compl,Compl,Unable,OFF,38.281,56.250,28.125,28.750,20.020,40.039,20.392,35.686,1.016,1.777,OFF,7.776,OFF,ON,ON,0.988,0.999,-0.012,0.027,3.279,3.347,0,97,51199.219,13.945,23.529,OFF,OFF,OFF,OFF,OFF,OFF,OFF,Avail,Incmpl,Incmpl,Enable,Avail,418,264.400,418,264.400,OFF,Avail,Compl,Enable,80,0,0,0,0,0,0,6,A,0,0,Avail,Incmpl,Incmpl,Enable,OFF,OFF,922,1161.500,51199.219,51199.219,51199.219,51199.219,51199.219,51199.219,1GRFE ,50.588,Avail,Incmpl,Incmpl,Enable,7.996,ON,OFF,OFF,OFF,ON,ON,Avail,Compl,Enable,Compl,CL,CL,Compl,Unable,Not Avl,Compl,Compl,Enable,OFF,130,26.500,0,ON,21.250,6.875,0.120,2315,6,21,-3,OFF,0,1.562,5.460,OFF,0,0,89,Avail,Compl,Enable,0,GRN2#  ,ON,0,ACTIVE,ACTIVE,0.962,0.947,0.720,0.720,62.574,57.387,Avail,Compl,Avail,Incmpl,Incmpl,Enable,OBD II (California ARB),OFF,OFF,49.969,0.500,0,1st,OFF,OFF,OFF,OFF,OFF,OFF,-0.781,-0.781,ON,OFF,1150,0,OFF,OFF,OFF,ON,Gasoline,1.001,OFF,OFF,0.684,OFF,1.172,15.686,16,0,0.781,0.781,2.363,0.781,0.918,2.031,47.451,0.784,15.686,15,0,0.020,OFF,ECT 5th,NA,OFF,97.570,97.614,11.765,0,Not Avl,0,0,0,0,ON,ON,0,0,1
219,0,14.214,Not Avl,Compl,Compl,Unable,OFF,Not Avl,Compl,Compl,Unable,OFF,42.969,57.031,28.125,28.750,20.020,40.039,20.392,35.686,1.016,1.777,OFF,7.562,OFF,ON,ON,0.965,0.977,-0.082,-0.043,3.161,3.225,0,97,51199.219,13.945,21.176,OFF,OFF,OFF,OFF,OFF,OFF,OFF,Avail,Incmpl,Incmpl,Enable,Avail,417.900,264.300,417.900,264.300,OFF,Avail,Compl,Enable,80,0,0,0,0,0,0,6,A,0,0,Avail,Incmpl,Incmpl,Enable,OFF,OFF,922,1145.250,51199.219,51199.219,51199.219,51199.219,51199.219,51199.219,1GRFE ,46.275,Avail,Incmpl,Incmpl,Enable,7.996,ON,OFF,OFF,OFF,ON,ON,Avail,Compl,Enable,Compl,CL,CL,Compl,Unable,Not Avl,Compl,Compl,Enable,OFF,130,25.500,0,ON,21.250,6.875,0.120,2116,6,21,-3,OFF,0,1.562,5.390,OFF,0,0,28,Avail,Compl,Enable,0,GRN2#  ,ON,0,ACTIVE,ACTIVE,0.962,0.947,0.720,0.720,62.574,57.387,Avail,Compl,Avail,Incmpl,Incmpl,Enable,OBD II (California ARB),OFF,OFF,43.475,0.500,0,1st,OFF,OFF,OFF,OFF,OFF,OFF,-3.906,-3.125,ON,OFF,1100,0,OFF,OFF,OFF,ON,Gasoline,1.023,OFF,OFF,0.684,OFF,0.547,15.686,9,0,0.781,0.781,2.363,0.781,0.918,2.031,47.451,0.784,15.686,15,0,0.020,OFF,ECT 5th,NA,OFF,97.570,97.504,11.765,0,Not Avl,0,0,0,0,ON,ON,0,0,1
220,0,14.214,Not Avl,Compl,Compl,Unable,OFF,Not Avl,Compl,Compl,Unable,OFF,52.344,52.344,28.125,28.750,20.020,40.039,20.392,35.686,1.016,1.777,OFF,7.562,OFF,ON,ON,0.987,0.983,0,-0.016,3.293,3.269,0,97,51199.219,13.945,21.176,OFF,OFF,OFF,OFF,OFF,OFF,OFF,Avail,Incmpl,Incmpl,Enable,Avail,417.900,264.300,417.900,264.300,OFF,Avail,Compl,Enable,80,0,0,0,0,0,0,6,A,0,0,Avail,Incmpl,Incmpl,Enable,OFF,OFF,922,1082,51199.219,51199.219,51199.219,51199.219,51199.219,51199.219,1GRFE ,45.490,Avail,Incmpl,Incmpl,Enable,7.996,ON,OFF,OFF,OFF,ON,ON,Avail,Compl,Enable,Compl,CL,CL,Compl,Unable,Not Avl,Compl,Compl,Enable,OFF,130,24.500,0,ON,21.250,6.875,0.106,2170,6,21,-3,OFF,0,1.562,5.460,OFF,0,0,28,Avail,Compl,Enable,0,GRN2#  ,ON,0,ACTIVE,ACTIVE,0.962,0.947,0.720,0.720,63.223,57.387,Avail,Compl,Avail,Incmpl,Incmpl,Enable,OBD II (California ARB),OFF,OFF,41.467,0.500,0,1st,OFF,OFF,OFF,OFF,OFF,OFF,-3.906,-3.125,ON,OFF,1050,0,OFF,OFF,OFF,ON,Gasoline,1.039,OFF,OFF,0.684,OFF,0.469,15.686,7,0,0.781,0.781,2.363,0.781,0.918,2.031,47.451,0.784,15.686,15,-0.004,0.020,OFF,ECT 5th,NA,OFF,97.570,97.460,12.549,0,Not Avl,0,0,0,0,ON,ON,0,0,1
221,0,14.214,Not Avl,Compl,Compl,Unable,OFF,Not Avl,Compl,Compl,Unable,OFF,55.469,42.969,28.125,28.750,20.020,40.039,20,35.294,1.016,1.777,OFF,7.562,OFF,ON,ON,1.004,1.005,0.051,0.062,3.386,3.401,0,97,51199.219,13.925,21.961,OFF,OFF,OFF,OFF,OFF,OFF,OFF,Avail,Incmpl,Incmpl,Enable,Avail,417.900,264.300,417.900,264.300,OFF,Avail,Compl,Enable,80,0,0,0,0,0,0,6,A,0,0,Avail,Incmpl,Incmpl,Enable,OFF,OFF,923,1039.750,51199.219,51199.219,51199.219,51199.219,51199.219,51199.219,1GRFE ,45.490,Avail,Incmpl,Incmpl,Enable,7.996,ON,OFF,OFF,OFF,ON,ON,Avail,Compl,Enable,Compl,CL,CL,Compl,Unable,Not Avl,Compl,Compl,Enable,OFF,130,23.500,0,ON,21.250,6.875,0.106,2206,6,21,-3,OFF,0,1.562,5.750,OFF,0,0,28,Avail,Compl,Enable,0,GRN2#  ,ON,0,ACTIVE,ACTIVE,0.962,0.942,0.720,0.720,62.898,57.062,Avail,Compl,Avail,Incmpl,Incmpl,Enable,OBD II (California ARB),OFF,OFF,42.090,0.500,0,1st,OFF,OFF,OFF,OFF,OFF,OFF,-3.125,-2.344,ON,OFF,1000,0,OFF,OFF,OFF,ON,Gasoline,1.041,OFF,OFF,0.684,OFF,0.391,15.686,9,0,0.781,0.781,2.363,0.781,0.918,2.031,47.451,0.784,15.686,15,-0.004,0.020,OFF,ECT 5th,NA,OFF,97.592,97.548,13.725,0,Not Avl,0,0,0,0,ON,ON,0,0,1
222,0,14.178,Not Avl,Compl,Compl,Unable,OFF,Not Avl,Compl,Compl,Unable,OFF,57.031,39.844,28.125,28.750,20.020,40.039,17.647,33.333,0.879,1.660,OFF,1.953,OFF,ON,ON,1.018,1.021,0.094,0.105,3.449,3.469,0,97,51199.219,13.925,20.784,OFF,OFF,OFF,OFF,OFF,OFF,OFF,Avail,Incmpl,Incmpl,Enable,Avail,417.900,264.300,417.900,264.300,ON,Avail,Compl,Enable,80,0,0,0,0,0,0,6,A,0,0,Avail,Incmpl,Incmpl,Enable,OFF,OFF,923,1000.750,51199.219,51199.219,51199.219,51199.219,51199.219,51199.219,1GRFE ,38.824,Avail,Incmpl,Incmpl,Enable,7.996,ON,OFF,OFF,OFF,ON,ON,Avail,Compl,Enable,Compl,CL,CL,Compl,Unable,Not Avl,Compl,Compl,Enable,OFF,130,22.500,187,ON,21.250,6.875,0.106,2040,6,21,-3,OFF,0.781,3.906,3.950,OFF,0,0,85,Avail,Compl,Enable,0,GRN2#  ,ON,0,ACTIVE,ACTIVE,0.962,0.947,0.720,0.720,62.574,57.387,Avail,Compl,Avail,Incmpl,Incmpl,Enable,OBD II (California ARB),OFF,OFF,36.926,0.500,0,1st,OFF,OFF,OFF,OFF,OFF,OFF,-2.344,-0.781,ON,OFF,950,0,OFF,OFF,OFF,ON,Gasoline,1.040,OFF,OFF,0.684,OFF,1.250,14.902,19,0,0.742,0.742,2.305,0.742,0.918,2.031,46.275,0,14.902,15,-0.004,0.020,OFF,ECT 5th,NA,OFF,97.570,97.460,9.804,0,Not Avl,0,0,0,0,ON,ON,0,0,1
223,0,14.178,Not Avl,Compl,Compl,Unable,OFF,Not Avl,Compl,Compl,Unable,OFF,57.031,38.281,28.125,28.750,20.020,40.039,15.686,31.765,0.801,1.582,ON,0,OFF,ON,ON,0.996,0.995,0.020,0.012,3.332,3.322,0,97,51199.219,13.945,20.784,OFF,OFF,OFF,OFF,OFF,OFF,OFF,Avail,Incmpl,Incmpl,Enable,Avail,417.900,264.300,417.900,264.300,ON,Avail,Compl,Enable,80,0,0,0,0,0,0,6,A,0,0,Avail,Incmpl,Incmpl,Enable,OFF,OFF,924,878.750,51199.219,51199.219,51199.219,51199.219,51199.219,51199.219,1GRFE ,35.294,Avail,Incmpl,Incmpl,Enable,7.996,ON,OFF,OFF,OFF,ON,ON,Avail,Compl,Enable,Compl,CL,CL,Compl,Unable,Not Avl,Compl,Compl,Enable,OFF,130,19,187,ON,21.250,6.875,0.093,2156,6,21,-3,OFF,0.781,3.906,4.500,OFF,0,0,85,Avail,Compl,Enable,0,GRN2#  ,ON,0,ACTIVE,ACTIVE,0.962,0.947,0.720,0.720,62.898,57.387,Avail,Compl,Avail,Incmpl,Incmpl,Enable,OBD II (California ARB),OFF,OFF,31.311,0.500,0,1st,OFF,OFF,OFF,OFF,OFF,OFF,-2.344,-1.562,ON,OFF,800,0,OFF,OFF,OFF,ON,Gasoline,1.029,OFF,OFF,0.684,ON,1.094,15.294,15,0,0.762,0.762,2.324,0.762,0.918,2.031,46.667,0,15.294,15,-0.004,0.020,OFF,ECT 5th,NA,OFF,97.570,97.460,12.941,0,Not Avl,0,0,0,0,ON,ON,0,0,1
224,0,14.181,Not Avl,Compl,Compl,Unable,OFF,Not Avl,Compl,Compl,Unable,OFF,45.312,35.938,28.125,28.750,20.020,40.039,15.686,31.765,0.781,1.582,ON,0,OFF,ON,ON,0.976,0.980,-0.043,-0.027,3.225,3.249,0,97,51199.219,13.925,21.961,OFF,OFF,OFF,OFF,OFF,OFF,OFF,Avail,Incmpl,Incmpl,Enable,Avail,417.800,264.200,417.800,264.200,ON,Avail,Compl,Enable,80,0,0,0,0,0,0,6,A,0,0,Avail,Incmpl,Incmpl,Enable,OFF,OFF,924,800.750,51199.219,51199.219,51199.219,51199.219,51199.219,51199.219,1GRFE ,34.510,Avail,Incmpl,Incmpl,Enable,7.996,ON,OFF,OFF,OFF,ON,ON,Avail,Compl,Enable,Compl,CL,CL,Compl,Unable,Not Avl,Compl,Compl,Enable,OFF,130,17,187,ON,21.250,6.875,0.093,2250,6,21,-3,OFF,0.781,3.906,4.530,OFF,0,0,85,Avail,Compl,Enable,0,GRN2#  ,ON,0,ACTIVE,ACTIVE,0.962,0.947,0.720,0.720,63.223,57.387,Avail,Compl,Avail,Incmpl,Incmpl,Enable,OBD II (California ARB),OFF,OFF,30.615,0.500,0,1st,OFF,OFF,OFF,OFF,OFF,OFF,-3.906,-2.344,ON,OFF,750,0,OFF,OFF,OFF,ON,Gasoline,1.033,OFF,OFF,0.684,ON,0.781,14.902,12,0,0.742,0.762,2.344,0.742,0.918,2.031,46.667,0,15.294,15,-0.004,0.020,OFF,ECT 5th,NA,OFF,97.592,97.614,14.118,0,Not Avl,0,0,0,0,ON,ON,0,0,1
225,0,14.159,Not Avl,Compl,Compl,Unable,OFF,Not Avl,Compl,Compl,Unable,OFF,40.625,35.938,28.125,28.750,20.020,40.039,15.686,31.765,0.781,1.582,ON,0,OFF,ON,ON,0.998,0.990,0.031,0.008,3.352,3.313,0,97,51199.219,13.925,23.529,OFF,OFF,OFF,OFF,OFF,OFF,OFF,Avail,Incmpl,Incmpl,Enable,Avail,417.800,264.200,417.800,264.200,ON,Avail,Compl,Enable,80,0,0,0,0,0,0,6,A,0,0,Avail,Incmpl,Incmpl,Enable,OFF,OFF,924,740.500,51199.219,51199.219,51199.219,51199.219,51199.219,51199.219,1GRFE ,33.725,Avail,Incmpl,Incmpl,Enable,7.996,OFF,OFF,OFF,OFF,ON,ON,Avail,Compl,Enable,Compl,CL,CL,Compl,Unable,Not Avl,Compl,Compl,Enable,OFF,130,17,193,ON,21.250,6.875,0.093,2308,6,21,-3,OFF,0.781,3.906,4.040,OFF,0,0,127,Avail,Compl,Enable,0,GRN2#  ,ON,0,ACTIVE,ACTIVE,0.962,0.947,0.720,0.720,62.898,57.711,Avail,Compl,Avail,Incmpl,Incmpl,Enable,OBD II (California ARB),OFF,OFF,29.279,0.500,0,1st,OFF,OFF,OFF,OFF,OFF,OFF,-3.125,-2.344,ON,OFF,700,0,OFF,OFF,OFF,ON,Gasoline,1.037,OFF,OFF,0.684,ON,1.250,14.902,20,0,0.742,0.742,2.324,0.742,0.918,2.031,46.667,0,14.902,15,-0.008,0.020,OFF,ECT 5th,NA,OFF,97.614,97.680,13.725,0,Not Avl,0,0,0,0,ON,ON,0,0,1
226,0,14.191,Not Avl,Compl,Compl,Unable,OFF,Not Avl,Compl,Compl,Unable,OFF,38.281,35.938,28.125,28.750,20.020,40.039,15.686,31.765,0.781,1.582,ON,0,OFF,ON,ON,1.008,0.989,0.062,0,3.401,3.303,0,97,51199.219,13.925,23.922,OFF,OFF,OFF,OFF,OFF,OFF,OFF,Avail,Incmpl,Incmpl,Enable,Avail,417.800,264.200,417.800,264.200,ON,Avail,Compl,Enable,80,0,0,0,0,0,0,6,A,0,0,Avail,Incmpl,Incmpl,Enable,OFF,OFF,925,735,51199.219,51199.219,51199.219,51199.219,51199.219,51199.219,1GRFE ,34.118,Avail,Incmpl,Incmpl,Enable,7.996,OFF,OFF,OFF,OFF,ON,ON,Avail,Compl,Enable,Compl,CL,CL,Compl,Unable,Not Avl,Compl,Compl,Enable,OFF,130,17,208,ON,21.250,6.875,0.093,2301,6,21,-3,OFF,0.781,3.906,4,OFF,0,0,127,Avail,Compl,Enable,0,GRN2#  ,ON,0,ACTIVE,ACTIVE,0.962,0.942,0.720,0.720,62.898,57.062,Avail,Compl,Avail,Incmpl,Incmpl,Enable,OBD II (California ARB),OFF,OFF,29.761,0.500,0,1st,OFF,OFF,OFF,OFF,OFF,OFF,-2.344,-3.125,ON,OFF,700,0,OFF,OFF,OFF,ON,Gasoline,1.034,OFF,OFF,0.684,ON,0.625,14.902,9,0,0.742,0.742,2.324,0.742,0.918,2.031,46.667,0,14.902,15,-0.008,0.020,OFF,ECT 5th,NA,OFF,97.636,97.746,13.725,0,Not Avl,0,0,0,0,ON,ON,0,0,1
227,0,14.189,Not Avl,Compl,Compl,Unable,OFF,Not Avl,Compl,Compl,Unable,OFF,38.281,35.938,28.125,28.750,20.020,40.039,15.686,31.765,0.781,1.582,ON,0,OFF,ON,ON,1.010,0.992,0.066,0.012,3.410,3.318,0,97,51199.219,13.906,23.922,OFF,OFF,OFF,OFF,OFF,OFF,OFF,Avail,Incmpl,Incmpl,Enable,Avail,417.700,264.200,417.700,264.200,ON,Avail,Compl,Enable,80,0,0,0,0,0,0,6,A,0,0,Avail,Incmpl,Incmpl,Enable,OFF,OFF,925,731.250,51199.219,51199.219,51199.219,51199.219,51199.219,51199.219,1GRFE ,34.510,Avail,Incmpl,Incmpl,Enable,7.996,ON,OFF,OFF,OFF,ON,ON,Avail,Compl,Enable,Compl,CL,CL,Compl,Unable,Not Avl,Compl,Compl,Enable,OFF,130,17,222,ON,21.250,6.875,0.099,2333,6,21,-3,OFF,0.781,3.906,4,OFF,0,0,85,Avail,Compl,Enable,0,GRN2#  ,ON,0,ACTIVE,ACTIVE,0.962,0.947,0.720,0.720,62.898,57.387,Avail,Compl,Avail,Incmpl,Incmpl,Enable,OBD II (California ARB),OFF,OFF,29.761,0.500,0,1st,OFF,OFF,OFF,OFF,OFF,OFF,-2.344,-3.125,ON,OFF,700,0,OFF,OFF,OFF,ON,Gasoline,1.030,OFF,OFF,0.684,ON,0.469,14.902,7,0,0.742,0.742,2.324,0.742,0.918,2.031,46.667,0,14.902,15,-0.008,0.016,OFF,ECT 5th,NA,OFF,97.636,97.702,13.725,0,Not Avl,0,0,0,0,ON,ON,0,0,1
228,0,14.197,Not Avl,Compl,Compl,Unable,OFF,Not Avl,Compl,Compl,Unable,OFF,38.281,35.938,28.125,28.750,20.020,40.039,15.686,31.765,0.781,1.582,ON,0,OFF,ON,ON,1.013,0.999,0.078,0.035,3.430,3.357,0,97,51199.219,13.925,24.314,OFF,OFF,OFF,OFF,OFF,OFF,OFF,Avail,Incmpl,Incmpl,Enable,Avail,417.700,264.200,417.700,264.200,ON,Avail,Compl,Enable,80,0,0,0,0,0,0,6,A,0,0,Avail,Incmpl,Incmpl,Enable,OFF,OFF,925,725,51199.219,51199.219,51199.219,51199.219,51199.219,51199.219,1GRFE ,34.510,Avail,Incmpl,Incmpl,Enable,7.996,ON,OFF,OFF,OFF,ON,ON,Avail,Compl,Enable,Compl,CL,CL,Compl,Unable,Not Avl,Compl,Compl,Enable,OFF,130,17,233,ON,21.250,6.875,0.099,2359,6,21,-3,OFF,0.781,3.906,4.030,OFF,0,0,85,Avail,Compl,Enable,0,GRN2#  ,ON,0,ACTIVE,ACTIVE,0.962,0.947,0.720,0.720,62.898,57.711,Avail,Compl,Avail,Incmpl,Incmpl,Enable,OBD II (California ARB),OFF,OFF,30.237,0.500,0,1st,OFF,OFF,OFF,OFF,OFF,OFF,-1.562,-3.125,ON,OFF,700,0,OFF,OFF,OFF,ON,Gasoline,1.029,OFF,OFF,0.684,ON,0.469,14.902,8,0,0.742,0.742,2.324,0.742,0.918,2.031,46.667,0,14.902,15,-0.008,0.016,OFF,ECT 5th,NA,OFF,97.614,97.724,13.725,0,Not Avl,0,0,0,0,ON,ON,0,0,1
229,0,14.189,Not Avl,Compl,Compl,Unable,OFF,Not Avl,Compl,Compl,Unable,OFF,38.281,35.938,28.125,29.375,19.531,39.551,16.471,32.157,0.781,1.582,ON,0,OFF,ON,ON,1.013,1.004,0.078,0.051,3.425,3.386,0,97,51199.219,13.925,24.314,OFF,OFF,OFF,OFF,OFF,OFF,OFF,Avail,Incmpl,Incmpl,Enable,Avail,417.700,264.200,417.700,264.200,ON,Avail,Compl,Enable,80,0,0,0,0,0,0,6,A,0,0,Avail,Incmpl,Incmpl,Enable,OFF,OFF,926,728,51199.219,51199.219,51199.219,51199.219,51199.219,51199.219,1GRFE ,34.510,Avail,Incmpl,Incmpl,Enable,7.996,ON,OFF,OFF,OFF,ON,ON,Avail,Compl,Enable,Compl,CL,CL,Compl,Unable,Not Avl,Compl,Compl,Enable,OFF,130,17,244,ON,21.250,6.875,0.099,2377,6,21,-3,OFF,0.781,3.906,4,OFF,0,0,85,Avail,Compl,Enable,0,GRN2#  ,ON,0,ACTIVE,ACTIVE,0.962,0.942,0.720,0.720,63.547,57.711,Avail,Compl,Avail,Incmpl,Incmpl,Enable,OBD II (California ARB),OFF,OFF,30.725,0.500,0,1st,OFF,OFF,OFF,OFF,OFF,OFF,-0.781,-2.344,ON,OFF,700,0,OFF,OFF,OFF,ON,Gasoline,1.024,OFF,OFF,0.684,ON,0.547,14.902,7,0,0.742,0.742,2.324,0.742,0.918,2.031,46.667,0,14.902,15,-0.008,0.016,OFF,ECT 5th,NA,OFF,97.592,97.460,13.725,0,Not Avl,0,0,0,0,ON,ON,0,0,1
230,0,14.199,Not Avl,Compl,Compl,Unable,OFF,Not Avl,Compl,Compl,Unable,OFF,38.281,35.938,28.125,29.375,19.531,39.551,21.961,37.647,1.074,1.836,OFF,10.370,OFF,ON,ON,1.013,1.008,0.074,0.066,3.420,3.405,0,97,51199.219,13.945,24.706,OFF,OFF,OFF,OFF,OFF,OFF,OFF,Avail,Incmpl,Incmpl,Enable,Avail,417.700,264.200,417.700,264.200,OFF,Avail,Compl,Enable,80,0,0,0,0,0,0,6,A,0,0,Avail,Incmpl,Incmpl,Enable,OFF,OFF,926,748.250,51199.219,51199.219,51199.219,51199.219,51199.219,51199.219,1GRFE ,44.314,Avail,Incmpl,Incmpl,Enable,7.996,ON,OFF,OFF,OFF,ON,ON,Avail,Compl,Enable,Compl,CL,CL,Compl,Unable,Not Avl,Compl,Compl,Enable,OFF,130,18,0,ON,21.250,6.875,0.099,2743,6,21,-3,OFF,0,1.562,5.600,OFF,0,0,85,Avail,Compl,Enable,0,GRN2#  ,ON,0,ACTIVE,ACTIVE,0.962,0.942,0.720,0.720,62.574,57.387,Avail,Compl,Avail,Incmpl,Incmpl,Enable,OBD II (California ARB),OFF,OFF,33.252,0.500,0,1st,OFF,OFF,OFF,OFF,OFF,OFF,-0.781,-1.562,ON,OFF,700,0,OFF,OFF,OFF,ON,Gasoline,1.018,OFF,OFF,0.684,OFF,0.156,16.471,3,0,0.801,0.801,2.383,0.801,0.918,2.031,48.235,1.176,16.471,15,-0.008,0.016,OFF,ECT 5th,NA,OFF,97.592,97.570,18.824,0,Not Avl,0,0,0,0,ON,ON,0,0,1
231,0,14.208,Not Avl,Compl,Compl,Unable,OFF,Not Avl,Compl,Compl,Unable,OFF,38.281,35.938,28.125,29.375,19.531,39.551,23.137,38.824,1.152,1.934,OFF,14.246,OFF,ON,ON,1.009,1.007,0.062,0.059,3.401,3.396,0,97,51199.219,13.925,32.549,OFF,OFF,OFF,OFF,OFF,OFF,OFF,Avail,Incmpl,Incmpl,Enable,Avail,417.600,264.100,417.600,264.100,OFF,Avail,Compl,Enable,80,0,0,0,0,0,0,6,A,0,0,Avail,Incmpl,Incmpl,Enable,OFF,OFF,926,939,51199.219,51199.219,51199.219,51199.219,51199.219,51199.219,1GRFE ,0,Avail,Incmpl,Incmpl,Enable,0,OFF,OFF,OFF,OFF,ON,ON,Avail,Compl,Enable,Compl,CL,CL,Compl,Unable,Not Avl,Compl,Compl,Enable,OFF,130,21.500,0,ON,21.250,6.875,0.134,3972,6,21,-3,OFF,0,1.562,10.040,OFF,0,0,82,Avail,Compl,Enable,0,GRN2#  ,ON,0,ACTIVE,ACTIVE,0.962,0.947,0.720,0.720,62.898,57.387,Avail,Compl,Avail,Incmpl,Incmpl,Enable,OBD II (California ARB),OFF,OFF,58.899,0.500,0,1st,OFF,OFF,OFF,OFF,OFF,OFF,-0.781,-1.562,ON,OFF,950,0,OFF,OFF,OFF,ON,Gasoline,1.012,OFF,OFF,0.684,OFF,0.391,17.647,6,0,0.879,0.879,2.480,0.879,0.918,2.031,49.804,2.353,17.647,15,-0.004,0.016,OFF,ECT 5th,NA,OFF,97.614,97.658,27.059,0,Not Avl,0,0,0,0,ON,ON,0,0,1
232,0,14.180,Not Avl,Compl,Compl,Unable,OFF,Not Avl,Compl,Compl,Unable,OFF,38.281,35.938,28.125,29.375,19.531,39.551,22.353,38.039,1.113,1.895,OFF,12.744,OFF,ON,ON,0.991,1.000,0.004,0.043,3.308,3.371,0,97,51199.219,13.964,34.118,OFF,OFF,OFF,OFF,OFF,OFF,OFF,Avail,Incmpl,Incmpl,Enable,Avail,417.600,264.100,417.600,264.100,OFF,Avail,Compl,Enable,80,0,0,0,0,0,0,6,A,0,0,Avail,Incmpl,Incmpl,Enable,OFF,OFF,927,1321.750,51199.219,51199.219,51199.219,51199.219,51199.219,51199.219,1GRFE ,0,Avail,Incmpl,Incmpl,Enable,0,OFF,OFF,OFF,OFF,ON,ON,Avail,Compl,Enable,Compl,CL,CL,Compl,Unable,Not Avl,Compl,Compl,Enable,OFF,130,27,0,ON,21.250,6.875,0.134,3305,6,21,-3,OFF,0,1.562,9.890,OFF,0,0,82,Avail,Compl,Enable,0,GRN2#  ,ON,0,ACTIVE,ACTIVE,0.962,0.947,0.720,0.720,62.898,57.387,Avail,Compl,Avail,Incmpl,Incmpl,Enable,OBD II (California ARB),OFF,OFF,0,0.500,0,1st,OFF,OFF,OFF,OFF,OFF,OFF,-0.781,-0.781,ON,OFF,1350,0,OFF,OFF,OFF,ON,Gasoline,1.011,OFF,OFF,0.684,OFF,1.250,17.647,20,0,0.879,0.879,2.480,0.879,0.918,2.031,49.804,2.353,17.255,15,-0.004,0.016,OFF,ECT 5th,NA,OFF,97.636,97.680,18.824,0,Not Avl,0,0,0,0,ON,ON,0,0,1
233,0,14.178,Not Avl,Compl,Compl,Unable,OFF,Not Avl,Compl,Compl,Unable,OFF,38.281,40.625,28.125,29.375,19.531,39.551,16.863,32.549,0.859,1.641,OFF,1.733,OFF,ON,ON,0.988,0.982,0.016,-0.008,3.298,3.259,0,97,51199.219,13.945,27.059,OFF,OFF,OFF,OFF,OFF,OFF,OFF,Avail,Incmpl,Incmpl,Enable,Avail,417.600,264.100,417.600,264.100,ON,Avail,Compl,Enable,80,0,0,0,0,0,0,6,A,0,0,Avail,Incmpl,Incmpl,Enable,OFF,OFF,927,1545.250,51199.219,51199.219,51199.219,51199.219,51199.219,51199.219,1GRFE ,0,Avail,Incmpl,Incmpl,Enable,0,OFF,OFF,OFF,OFF,ON,ON,Avail,Compl,Enable,Compl,CL,CL,Compl,Unable,Not Avl,Compl,Compl,Enable,OFF,130,28,309,ON,21.250,6.875,0.134,1992,6,21,-3,OFF,0,1.562,5.460,OFF,0,0,82,Avail,Compl,Enable,0,GRN2#  ,ON,0,ACTIVE,ACTIVE,0.962,0.942,0.720,0.720,63.223,57.711,Avail,Compl,Avail,Incmpl,Incmpl,Enable,OBD II (California ARB),OFF,OFF,0,0.500,0,1st,OFF,OFF,OFF,OFF,OFF,OFF,-0.781,-1.562,ON,OFF,1500,0,OFF,OFF,OFF,ON,Gasoline,1.008,OFF,OFF,0.684,OFF,1.328,15.294,18,0,0.762,0.781,2.344,0.762,0.918,2.031,46.667,0,15.294,15,-0.008,0.016,OFF,ECT 5th,NA,OFF,97.658,97.680,8.627,0,Not Avl,0,0,0,0,ON,ON,0,0,1
234,0,14.183,Not Avl,Compl,Compl,Unable,OFF,Not Avl,Compl,Compl,Unable,OFF,50,50.781,28.125,29.375,19.531,39.551,15.686,31.765,0.781,1.582,ON,0,OFF,ON,ON,0.973,0.975,-0.098,-0.098,3.137,3.137,0,97,51199.219,13.945,18.431,OFF,OFF,OFF,OFF,OFF,OFF,OFF,Avail,Incmpl,Incmpl,Enable,Avail,417.700,264.100,417.700,264.100,ON,Avail,Compl,Enable,80,0,0,0,0,0,0,6,A,0,0,Avail,Incmpl,Incmpl,Enable,OFF,OFF,927,1385,51199.219,51199.219,51199.219,51199.219,51199.219,51199.219,1GRFE ,0,Avail,Incmpl,Incmpl,Enable,0,OFF,OFF,OFF,OFF,ON,ON,Avail,Compl,Enable,Compl,OL,OL,Compl,Unable,Not Avl,Compl,Compl,Enable,OFF,130,17,316,ON,21.250,6.875,0.119,1884,6,21,-3,OFF,0.781,3.906,4.980,OFF,0,0,35,Avail,Compl,Enable,0,GRN2#  ,ON,0,ACTIVE,ACTIVE,0.962,0.942,0.720,0.720,63.223,57.711,Avail,Compl,Avail,Incmpl,Incmpl,Enable,OBD II (California ARB),OFF,OFF,0,0.500,0,1st,OFF,OFF,OFF,OFF,OFF,OFF,0,0,ON,OFF,1300,0,OFF,OFF,OFF,ON,Gasoline,0.997,OFF,OFF,0.684,ON,0.938,16.078,13,0,0.762,0.762,2.324,0.762,0.918,2.031,47.843,0,16.078,15,-0.008,0.016,OFF,ECT 5th,NA,OFF,97.658,97.680,9.020,0,Not Avl,0,0,0,0,ON,ON,0,0,1
235,0,14.188,Not Avl,Compl,Compl,Unable,OFF,Not Avl,Compl,Compl,Unable,OFF,53.906,53.906,28.125,29.375,19.531,39.551,15.686,31.765,0.781,1.582,ON,0,OFF,ON,ON,0.966,0.976,-0.121,-0.086,3.098,3.157,0,97,51199.219,13.945,20,OFF,OFF,OFF,OFF,OFF,OFF,OFF,Avail,Incmpl,Incmpl,Enable,Avail,417.700,264.100,417.700,264.100,ON,Avail,Compl,Enable,80,0,0,0,0,0,0,6,A,0,0,Avail,Incmpl,Incmpl,Enable,OFF,OFF,928,1178,51199.219,51199.219,51199.219,51199.219,51199.219,51199.219,1GRFE ,0,Avail,Incmpl,Incmpl,Enable,0,OFF,OFF,OFF,OFF,ON,ON,Avail,Compl,Enable,Compl,OL,OL,Compl,Unable,Not Avl,Compl,Compl,Enable,OFF,130,21,316,ON,21.250,6.875,0.119,2040,6,21,-3,OFF,0.781,3.906,5.400,OFF,0,0,35,Avail,Compl,Enable,0,GRN2#  ,ON,0,ACTIVE,ACTIVE,0.967,0.947,0.720,0.720,63.223,57.711,Avail,Compl,Avail,Incmpl,Incmpl,Enable,OBD II (California ARB),OFF,OFF,0,0.500,0,1st,OFF,OFF,OFF,OFF,OFF,OFF,0,0,ON,OFF,1100,0,OFF,OFF,OFF,ON,Gasoline,0.997,OFF,OFF,0.684,ON,1.172,15.294,20,0,0.762,0.781,2.363,0.762,0.918,2.031,47.451,0,15.686,15,-0.008,0.016,OFF,ECT 5th,NA,OFF,97.658,97.680,11.373,0,Not Avl,0,0,0,0,ON,ON,0,0,1
236,0,14.177,Not Avl,Compl,Compl,Unable,OFF,Not Avl,Compl,Compl,Unable,OFF,55.469,55.469,28.125,29.375,19.531,39.551,15.686,31.765,0.781,1.582,ON,0,OFF,ON,ON,0.962,0.976,-0.137,-0.090,3.074,3.152,0,97,51199.219,13.945,20.784,OFF,OFF,OFF,OFF,OFF,OFF,OFF,Avail,Incmpl,Incmpl,Enable,Avail,417.700,264.100,417.700,264.100,ON,Avail,Compl,Enable,80,0,0,0,0,0,0,6,A,0,0,Avail,Incmpl,Incmpl,Enable,OFF,OFF,928,1032,51199.219,51199.219,51199.219,51199.219,51199.219,51199.219,1GRFE ,0,Avail,Incmpl,Incmpl,Enable,0,OFF,OFF,OFF,OFF,ON,ON,Avail,Compl,Enable,Compl,CL,CL,Compl,Unable,Not Avl,Compl,Compl,Enable,OFF,130,20.500,316,ON,21.250,6.875,0.119,2177,6,21,-3,OFF,0.781,3.906,4.890,OFF,0,0,35,Avail,Compl,Enable,0,GRN2#  ,ON,0,ACTIVE,ACTIVE,0.962,0.942,0.720,0.720,63.223,57.711,Avail,Compl,Avail,Incmpl,Incmpl,Enable,OBD II (California ARB),OFF,OFF,0,0.500,0,1st,OFF,OFF,OFF,OFF,OFF,OFF,-2.344,-1.562,ON,OFF,950,0,OFF,OFF,OFF,ON,Gasoline,0.997,OFF,OFF,0.684,ON,1.094,15.686,16,0,0.762,0.762,2.344,0.762,0.918,2.031,47.059,0,15.294,15,-0.008,0.016,OFF,ECT 5th,NA,OFF,97.658,97.680,11.765,0,Not Avl,0,0,0,0,ON,ON,0,0,1
237,0,14.198,Not Avl,Compl,Compl,Unable,OFF,Not Avl,Compl,Compl,Unable,OFF,57.031,57.031,28.125,29.375,19.531,39.551,15.686,31.765,0.781,1.582,ON,0,OFF,ON,ON,0.953,0.964,-0.168,-0.137,3.025,3.078,0,97,51199.219,13.925,21.176,OFF,OFF,OFF,OFF,OFF,OFF,OFF,Avail,Incmpl,Incmpl,Enable,Avail,417.700,264.100,417.700,264.100,ON,Avail,Compl,Enable,80,0,0,0,0,0,0,6,A,0,0,Avail,Incmpl,Incmpl,Enable,OFF,OFF,928,935.750,51199.219,51199.219,51199.219,51199.219,51199.219,51199.219,1GRFE ,0,Avail,Incmpl,Incmpl,Enable,0,OFF,OFF,OFF,OFF,ON,ON,Avail,Compl,Enable,Compl,CL,CL,Compl,Unable,Not Avl,Compl,Compl,Enable,OFF,130,20,319,ON,21.250,6.875,0.119,2156,6,21,-3,OFF,0.781,3.906,5.090,OFF,0,0,76,Avail,Compl,Enable,0,GRN2#  ,ON,0,ACTIVE,ACTIVE,0.962,0.947,0.720,0.720,63.871,57.387,Avail,Compl,Avail,Incmpl,Incmpl,Enable,OBD II (California ARB),OFF,OFF,0,0.500,0,1st,OFF,OFF,OFF,OFF,OFF,OFF,-3.906,-3.125,ON,OFF,900,0,OFF,OFF,OFF,ON,Gasoline,1.012,OFF,OFF,0.684,ON,0.469,15.294,9,0,0.762,0.781,2.344,0.762,0.918,2.031,47.059,0,15.294,15,-0.008,0.016,OFF,ECT 5th,NA,OFF,97.658,97.658,13.725,0,Not Avl,0,0,0,0,ON,ON,0,0,1
238,0,14.175,Not Avl,Compl,Compl,Unable,OFF,Not Avl,Compl,Compl,Unable,OFF,57.031,57.031,28.125,29.375,19.531,39.551,15.686,31.765,0.781,1.582,ON,0,OFF,ON,ON,0.962,0.964,-0.133,-0.125,3.083,3.093,0,97,51199.219,13.945,22.745,OFF,OFF,OFF,OFF,OFF,OFF,OFF,Avail,Incmpl,Incmpl,Enable,Avail,417.700,264.100,417.700,264.100,ON,Avail,Compl,Enable,80,0,0,0,0,0,0,6,A,0,0,Avail,Incmpl,Incmpl,Enable,OFF,OFF,928,832.750,51199.219,51199.219,51199.219,51199.219,51199.219,51199.219,1GRFE ,0,Avail,Incmpl,Incmpl,Enable,0,OFF,OFF,OFF,OFF,ON,ON,Avail,Compl,Enable,Compl,CL,CL,Compl,Unable,Not Avl,Compl,Compl,Enable,OFF,130,18,334,ON,21.250,6.875,0.093,2254,6,21,-3,OFF,0.781,3.906,4.890,OFF,0,0,76,Avail,Compl,Enable,0,GRN2#  ,ON,0,ACTIVE,ACTIVE,0.962,0.947,0.720,0.720,63.871,57.711,Avail,Compl,Avail,Incmpl,Incmpl,Enable,OBD II (California ARB),OFF,OFF,0,0.500,0,1st,OFF,OFF,OFF,OFF,OFF,OFF,-5.469,-4.688,ON,OFF,800,0,OFF,OFF,OFF,ON,Gasoline,1.028,OFF,OFF,0.684,ON,1.328,15.294,21,0,0.762,0.762,2.344,0.762,0.918,2.031,47.059,0,15.294,15,-0.008,0.016,OFF,ECT 5th,NA,OFF,97.658,97.680,14.510,0,Not Avl,0,0,0,0,ON,ON,0,0,1
239,0,14.178,Not Avl,Compl,Compl,Unable,OFF,Not Avl,Compl,Compl,Unable,OFF,48.438,45.312,28.125,29.375,19.531,39.551,15.686,31.765,0.781,1.582,ON,0,OFF,ON,ON,0.992,0.993,-0.012,-0.016,3.274,3.269,0,97,51199.219,13.945,24.314,OFF,OFF,OFF,OFF,OFF,OFF,OFF,Avail,Incmpl,Incmpl,Enable,Avail,417.700,264.100,417.700,264.100,ON,Avail,Compl,Enable,80,0,0,0,0,0,0,6,A,0,0,Avail,Incmpl,Incmpl,Enable,OFF,OFF,929,776.500,51199.219,51199.219,51199.219,51199.219,51199.219,51199.219,1GRFE ,0,Avail,Incmpl,Incmpl,Enable,0,OFF,OFF,OFF,OFF,ON,ON,Avail,Compl,Enable,Compl,CL,CL,Compl,Unable,Not Avl,Compl,Compl,Enable,OFF,130,17,348,ON,21.250,6.875,0.093,2322,6,21,-3,OFF,0.781,3.906,4.730,OFF,0,0,76,Avail,Compl,Enable,0,GRN2#  ,ON,0,ACTIVE,ACTIVE,0.962,0.942,0.720,0.720,63.223,57.711,Avail,Compl,Avail,Incmpl,Incmpl,Enable,OBD II (California ARB),OFF,OFF,0,0.500,0,1st,OFF,OFF,OFF,OFF,OFF,OFF,-3.906,-3.906,ON,OFF,750,0,OFF,OFF,OFF,ON,Gasoline,1.035,OFF,OFF,0.684,ON,1.172,15.294,19,0,0.762,0.762,2.344,0.762,0.918,2.031,46.667,0,15.294,15,-0.008,0.016,OFF,ECT 5th,NA,OFF,97.658,97.658,15.294,0,Not Avl,0,0,0,0,ON,ON,0,0,1
240,0,14.178,Not Avl,Compl,Compl,Unable,OFF,Not Avl,Compl,Compl,Unable,OFF,41.406,40.625,28.125,29.375,19.531,39.551,15.686,31.765,0.781,1.582,ON,0,OFF,ON,ON,1.028,1.013,0.078,0.039,3.430,3.361,0,97,51199.219,13.925,25.098,OFF,OFF,OFF,OFF,OFF,OFF,OFF,Avail,Incmpl,Incmpl,Enable,Avail,417.700,264.100,417.700,264.100,ON,Avail,Compl,Enable,80,0,0,0,0,0,0,6,A,0,0,Avail,Incmpl,Incmpl,Enable,OFF,OFF,929,739,51199.219,51199.219,51199.219,51199.219,51199.219,51199.219,1GRFE ,36.078,Avail,Incmpl,Incmpl,Enable,7.996,ON,OFF,OFF,OFF,ON,ON,Avail,Compl,Enable,Compl,CL,CL,Compl,Unable,Not Avl,Compl,Compl,Enable,OFF,130,17,362,ON,21.250,6.875,0.093,2409,6,21,-3,OFF,0.781,3.906,4.340,OFF,0,0,55,Avail,Compl,Enable,0,GRN2#  ,ON,0,ACTIVE,ACTIVE,0.962,0.942,0.700,0.720,63.871,57.711,Avail,Compl,Avail,Incmpl,Incmpl,Enable,OBD II (California ARB),OFF,OFF,32.294,0.500,0,1st,OFF,OFF,OFF,OFF,OFF,OFF,-2.344,-2.344,ON,OFF,700,0,OFF,OFF,OFF,ON,Gasoline,1.029,OFF,OFF,0.684,ON,0.859,15.294,13,0,0.762,0.762,2.324,0.762,0.918,2.031,46.667,0,15.294,15,-0.008,0.016,OFF,ECT 5th,NA,OFF,97.614,97.702,14.510,0,Not Avl,0,0,0,0,ON,ON,0,0,1
241,0,14.160,Not Avl,Compl,Compl,Unable,OFF,Not Avl,Compl,Compl,Unable,OFF,39.062,38.281,28.125,29.375,19.531,39.551,15.686,31.765,0.781,1.582,ON,0,OFF,ON,ON,1.044,1.024,0.113,0.070,3.483,3.415,0,97,51199.219,13.925,25.098,OFF,OFF,OFF,OFF,OFF,OFF,OFF,Avail,Incmpl,Incmpl,Enable,Avail,417.700,264.100,417.700,264.100,ON,Avail,Compl,Enable,80,0,0,0,0,0,0,6,A,0,0,Avail,Incmpl,Incmpl,Enable,OFF,OFF,930,758.500,51199.219,51199.219,51199.219,51199.219,51199.219,51199.219,1GRFE ,37.255,Avail,Incmpl,Incmpl,Enable,7.996,ON,OFF,OFF,OFF,ON,ON,Avail,Compl,Enable,Compl,CL,CL,Compl,Unable,Not Avl,Compl,Compl,Enable,OFF,130,17,376,ON,21.250,6.875,0.093,2427,6,21,-3,OFF,0.781,3.906,4.090,OFF,0,0,55,Avail,Compl,Enable,0,GRN2#  ,ON,0,ACTIVE,ACTIVE,0.962,0.947,0.700,0.720,63.871,57.711,Avail,Compl,Avail,Incmpl,Incmpl,Enable,OBD II (California ARB),OFF,OFF,32.660,0.500,0,1st,OFF,OFF,OFF,OFF,OFF,OFF,0,-1.562,ON,OFF,700,0,OFF,OFF,OFF,ON,Gasoline,1.015,OFF,OFF,0.684,ON,1.250,14.902,17,0,0.742,0.742,2.324,0.742,0.918,2.031,46.667,0,14.902,15,-0.008,0.016,OFF,ECT 5th,NA,OFF,97.636,97.746,13.333,0,Not Avl,0,0,0,0,ON,ON,0,0,1
242,0,14.160,Not Avl,Compl,Compl,Unable,OFF,Not Avl,Compl,Compl,Unable,OFF,38.281,38.281,28.125,29.375,19.531,39.551,15.686,31.765,0.781,1.582,ON,0,OFF,ON,ON,1.026,1.024,0.070,0.066,3.415,3.405,0,97,51199.219,13.925,24.314,OFF,OFF,OFF,OFF,OFF,OFF,OFF,Avail,Incmpl,Incmpl,Enable,Avail,417.700,264.100,417.700,264.100,ON,Avail,Compl,Enable,80,0,0,0,0,0,0,6,A,0,0,Avail,Incmpl,Incmpl,Enable,OFF,OFF,930,785,51199.219,51199.219,51199.219,51199.219,51199.219,51199.219,1GRFE ,36.863,Avail,Incmpl,Incmpl,Enable,7.996,ON,OFF,OFF,OFF,ON,ON,Avail,Compl,Enable,Compl,CL,CL,Compl,Unable,Not Avl,Compl,Compl,Enable,OFF,130,17,393,ON,21.250,6.875,0.106,2369,6,21,-3,OFF,0.781,3.906,4.030,OFF,0,0,55,Avail,Compl,Enable,0,GRN2#  ,ON,0,ACTIVE,ACTIVE,0.962,0.947,0.700,0.720,63.547,58.035,Avail,Compl,Avail,Incmpl,Incmpl,Enable,OBD II (California ARB),OFF,OFF,32.544,0.500,0,1st,OFF,OFF,OFF,OFF,OFF,OFF,0.781,0,ON,OFF,750,0,OFF,OFF,OFF,ON,Gasoline,0.996,OFF,OFF,0.684,ON,1.250,14.902,19,0,0.742,0.742,2.324,0.742,0.918,2.031,46.667,0,14.902,15,-0.008,0.016,OFF,ECT 5th,NA,OFF,97.592,97.482,12.941,0,Not Avl,0,0,0,0,ON,ON,0,0,1
243,0,14.187,Not Avl,Compl,Compl,Unable,OFF,Not Avl,Compl,Compl,Unable,OFF,38.281,38.281,28.125,29.375,19.531,39.551,15.686,31.765,0.781,1.582,ON,0,OFF,ON,ON,1.002,1.002,0,0,3.303,3.293,0,97,51199.219,13.945,23.529,OFF,OFF,OFF,OFF,OFF,OFF,OFF,Avail,Incmpl,Incmpl,Enable,Avail,417.700,264,417.700,264,ON,Avail,Compl,Enable,80,0,0,0,0,0,0,6,A,0,0,Avail,Incmpl,Incmpl,Enable,OFF,OFF,930,792,51199.219,51199.219,51199.219,51199.219,51199.219,51199.219,1GRFE ,36.078,Avail,Incmpl,Incmpl,Enable,7.996,ON,OFF,OFF,OFF,ON,ON,Avail,Compl,Enable,Compl,CL,CL,Compl,Unable,Not Avl,Compl,Compl,Enable,OFF,130,17,408,ON,21.250,6.875,0.106,2315,6,21,-3,OFF,0.781,3.906,4.030,OFF,0,0,85,Avail,Compl,Enable,0,GRN2#  ,ON,0,ACTIVE,ACTIVE,0.962,0.942,0.700,0.720,63.547,58.035,Avail,Compl,Avail,Incmpl,Incmpl,Enable,OBD II (California ARB),OFF,OFF,32.056,0.500,0,1st,OFF,OFF,OFF,OFF,OFF,OFF,0,-0.781,ON,OFF,750,0,OFF,OFF,OFF,ON,Gasoline,0.992,OFF,OFF,0.684,ON,0.859,14.902,14,0,0.742,0.742,2.324,0.742,0.918,2.031,46.667,0,14.902,15,-0.008,0.016,OFF,ECT 5th,NA,OFF,97.592,97.526,12.549,0,Not Avl,0,0,0,0,ON,ON,0,0,1
244,0,14.180,Not Avl,Compl,Compl,Unable,OFF,Not Avl,Compl,Compl,Unable,OFF,38.281,35.156,28.125,29.375,19.531,39.551,15.686,31.765,0.781,1.582,ON,0,OFF,ON,ON,0.994,0.987,-0.020,-0.047,3.264,3.220,0,97,51199.219,13.925,23.137,OFF,OFF,OFF,OFF,OFF,OFF,OFF,Avail,Incmpl,Incmpl,Enable,Avail,417.700,264,417.700,264,ON,Avail,Compl,Enable,80,0,0,0,0,0,0,6,A,0,0,Avail,Incmpl,Incmpl,Enable,OFF,OFF,931,783.500,51199.219,51199.219,51199.219,51199.219,51199.219,51199.219,1GRFE ,34.902,Avail,Incmpl,Incmpl,Enable,7.996,ON,OFF,OFF,OFF,ON,ON,Avail,Compl,Enable,Compl,CL,CL,Compl,Unable,Not Avl,Compl,Compl,Enable,OFF,130,17,422,ON,21.250,6.875,0.106,2315,6,21,-3,OFF,0.781,3.906,4.040,OFF,0,0,85,Avail,Compl,Enable,0,GRN2#  ,ON,0,ACTIVE,ACTIVE,0.962,0.947,0.700,0.720,63.547,57.711,Avail,Compl,Avail,Incmpl,Incmpl,Enable,OBD II (California ARB),OFF,OFF,31.329,0.500,0,1st,OFF,OFF,OFF,OFF,OFF,OFF,0,-1.562,ON,OFF,750,0,OFF,OFF,OFF,ON,Gasoline,0.992,OFF,OFF,0.684,ON,0.625,14.902,12,0,0.742,0.742,2.324,0.742,0.918,2.031,46.667,0,14.902,15,-0.008,0.020,OFF,ECT 5th,NA,OFF,97.592,97.460,12.941,0,Not Avl,0,0,0,0,ON,ON,0,0,1
245,0,14.164,Not Avl,Compl,Compl,Unable,OFF,Not Avl,Compl,Compl,Unable,OFF,38.281,35.938,28.125,29.375,19.531,39.551,15.686,31.765,0.781,1.582,ON,0,OFF,ON,ON,0.997,0.983,0.008,-0.043,3.283,3.200,0,97,51199.219,13.925,23.529,OFF,OFF,OFF,OFF,OFF,OFF,OFF,Avail,Incmpl,Incmpl,Enable,Avail,417.700,264,417.700,264,ON,Avail,Compl,Enable,80,0,0,0,0,0,0,6,A,0,0,Avail,Incmpl,Incmpl,Enable,OFF,OFF,931,760.750,51199.219,51199.219,51199.219,51199.219,51199.219,51199.219,1GRFE ,34.510,Avail,Incmpl,Incmpl,Enable,7.996,ON,OFF,OFF,OFF,ON,ON,Avail,Compl,Enable,Compl,CL,CL,Compl,Unable,Not Avl,Compl,Compl,Enable,OFF,130,17,437,ON,21.250,6.875,0.106,2319,6,21,-3,OFF,0.781,3.906,4.090,OFF,0,0,85,Avail,Compl,Enable,0,GRN2#  ,ON,0,ACTIVE,ACTIVE,0.962,0.947,0.700,0.720,63.871,57.711,Avail,Compl,Avail,Incmpl,Incmpl,Enable,OBD II (California ARB),OFF,OFF,30.731,0.500,0,1st,OFF,OFF,OFF,OFF,OFF,OFF,0,-2.344,ON,OFF,700,0,OFF,OFF,OFF,ON,Gasoline,0.993,OFF,OFF,0.684,ON,1.172,14.902,19,0,0.742,0.742,2.324,0.742,0.918,2.031,46.667,0,14.902,15,-0.008,0.020,OFF,ECT 5th,NA,OFF,97.592,97.570,13.333,0,Not Avl,0,0,0,0,ON,ON,0,0,1
246,0,14.185,Not Avl,Compl,Compl,Unable,OFF,Not Avl,Compl,Compl,Unable,OFF,38.281,35.938,28.125,29.375,19.531,39.551,15.686,31.765,0.781,1.582,ON,0,OFF,ON,ON,1.000,0.988,0,-0.039,3.298,3.230,0,97,51199.219,13.925,23.529,OFF,OFF,OFF,OFF,OFF,OFF,OFF,Avail,Incmpl,Incmpl,Enable,Avail,417.700,263.900,417.700,263.900,ON,Avail,Compl,Enable,80,0,0,0,0,0,0,6,A,0,0,Avail,Incmpl,Incmpl,Enable,OFF,OFF,932,746.750,51199.219,51199.219,51199.219,51199.219,51199.219,51199.219,1GRFE ,34.510,Avail,Incmpl,Incmpl,Enable,7.996,ON,OFF,OFF,OFF,ON,ON,Avail,Compl,Enable,Compl,CL,CL,Compl,Unable,Not Avl,Compl,Compl,Enable,OFF,130,17,453,ON,21.250,6.875,0.104,2337,6,21,-3,OFF,0.781,3.906,3.950,OFF,0,0,71,Avail,Compl,Enable,0,GRN2#  ,ON,0,ACTIVE,ACTIVE,0.962,0.942,0.700,0.720,63.547,58.035,Avail,Compl,Avail,Incmpl,Incmpl,Enable,OBD II (California ARB),OFF,OFF,30.371,0.500,0,1st,OFF,OFF,OFF,OFF,OFF,OFF,0,-2.344,ON,OFF,700,0,OFF,OFF,OFF,ON,Gasoline,0.993,OFF,OFF,0.684,ON,1.016,14.902,15,0,0.742,0.742,2.324,0.742,0.918,2.031,46.275,0,14.902,15,-0.004,0.020,OFF,ECT 5th,NA,OFF,97.614,97.680,13.333,0,Not Avl,0,0,0,0,ON,ON,0,0,1
247,0,14.160,Not Avl,Compl,Compl,Unable,OFF,Not Avl,Compl,Compl,Unable,OFF,43.750,35.938,28.125,29.375,19.531,39.551,15.686,31.765,0.781,1.582,ON,0,OFF,ON,ON,0.997,0.993,0.004,-0.012,3.283,3.254,0,97,51199.219,13.925,23.922,OFF,OFF,OFF,OFF,OFF,OFF,OFF,Avail,Incmpl,Incmpl,Enable,Avail,417.700,263.900,417.700,263.900,ON,Avail,Compl,Enable,80,0,0,0,0,0,0,6,A,0,0,Avail,Incmpl,Incmpl,Enable,OFF,OFF,932,734.250,51199.219,51199.219,51199.219,51199.219,51199.219,51199.219,1GRFE ,34.118,Avail,Incmpl,Incmpl,Enable,7.996,OFF,OFF,OFF,OFF,ON,ON,Avail,Compl,Enable,Compl,CL,CL,Compl,Unable,Not Avl,Compl,Compl,Enable,OFF,130,17,466,ON,21.250,6.875,0.104,2355,6,21,-3,OFF,0.781,3.906,4,OFF,0,0,71,Avail,Compl,Enable,0,GRN2#  ,ON,0,ACTIVE,ACTIVE,0.962,0.947,0.700,0.720,63.547,58.035,Avail,Compl,Avail,Incmpl,Incmpl,Enable,OBD II (California ARB),OFF,OFF,30.243,0.500,0,1st,OFF,OFF,OFF,OFF,OFF,OFF,0,-2.344,ON,OFF,700,0,OFF,OFF,OFF,ON,Gasoline,0.993,OFF,OFF,0.684,ON,1.094,14.902,16,0,0.742,0.742,2.324,0.742,0.918,2.031,46.667,0,14.902,15,-0.004,0.020,OFF,ECT 5th,NA,OFF,97.614,97.724,13.725,0,Not Avl,0,0,0,0,ON,ON,0,0,1
248,0,14.160,Not Avl,Compl,Compl,Unable,OFF,Not Avl,Compl,Compl,Unable,OFF,52.344,35.938,28.125,29.375,19.531,39.551,15.686,31.765,0.781,1.582,ON,0,OFF,ON,ON,0.999,0.998,0,-0.004,3.293,3.288,0,97,51199.219,13.925,23.922,OFF,OFF,OFF,OFF,OFF,OFF,OFF,Avail,Incmpl,Incmpl,Enable,Avail,417.600,263.800,417.600,263.800,ON,Avail,Compl,Enable,80,0,0,0,0,0,0,6,A,0,0,Avail,Incmpl,Incmpl,Enable,OFF,OFF,932,730.250,51199.219,51199.219,51199.219,51199.219,51199.219,51199.219,1GRFE ,34.510,Avail,Incmpl,Incmpl,Enable,7.996,ON,OFF,OFF,OFF,ON,ON,Avail,Compl,Enable,Compl,CL,CL,Compl,Unable,Not Avl,Compl,Compl,Enable,OFF,130,17,480,ON,21.250,6.875,0.104,2355,6,21,-3,OFF,0.781,3.906,3.930,OFF,0,0,80,Avail,Compl,Enable,0,GRN2#  ,ON,0,ACTIVE,ACTIVE,0.967,0.947,0.700,0.720,63.547,58.035,Avail,Compl,Avail,Incmpl,Incmpl,Enable,OBD II (California ARB),OFF,OFF,30.005,0.500,0,1st,OFF,OFF,OFF,OFF,OFF,OFF,0,-2.344,ON,OFF,700,0,OFF,OFF,OFF,ON,Gasoline,0.992,OFF,OFF,0.684,ON,1.094,14.902,16,0,0.742,0.742,2.305,0.742,0.918,2.031,46.275,0,14.902,15,-0.004,0.020,OFF,ECT 5th,NA,OFF,97.636,97.746,13.333,0,Not Avl,0,0,0,0,ON,ON,0,0,1
249,0,14.159,Not Avl,Compl,Compl,Unable,OFF,Not Avl,Compl,Compl,Unable,OFF,56.250,40.625,28.125,29.375,19.531,39.551,15.686,31.765,0.781,1.582,ON,0,OFF,ON,ON,1.002,1.006,0.008,0.016,3.313,3.327,0,97,51199.219,13.925,23.922,OFF,OFF,OFF,OFF,OFF,OFF,OFF,Avail,Incmpl,Incmpl,Enable,Avail,417.600,263.800,417.600,263.800,ON,Avail,Compl,Enable,80,0,0,0,0,0,0,6,A,0,0,Avail,Incmpl,Incmpl,Enable,OFF,OFF,933,732,51199.219,51199.219,51199.219,51199.219,51199.219,51199.219,1GRFE ,34.510,Avail,Incmpl,Incmpl,Enable,7.996,ON,OFF,OFF,OFF,ON,ON,Avail,Compl,Enable,Compl,CL,CL,Compl,Unable,Not Avl,Compl,Compl,Enable,OFF,130,17,500,ON,21.250,6.875,0.104,2355,6,21,-3,OFF,0.781,3.906,3.850,OFF,0,0,80,Avail,Compl,Enable,0,GRN2#  ,ON,0,ACTIVE,ACTIVE,0.962,0.947,0.700,0.720,63.871,58.035,Avail,Compl,Avail,Incmpl,Incmpl,Enable,OBD II (California ARB),OFF,OFF,30.371,0.500,0,1st,OFF,OFF,OFF,OFF,OFF,OFF,0.781,-1.562,ON,OFF,700,0,OFF,OFF,OFF,ON,Gasoline,0.992,OFF,OFF,0.684,ON,1.328,14.902,20,0,0.742,0.742,2.305,0.742,0.918,2.031,46.275,0,14.902,15,-0.004,0.020,OFF,ECT 5th,NA,OFF,97.636,97.746,13.333,0,Not Avl,0,0,0,0,ON,ON,0,0,1
250,0,14.177,Not Avl,Compl,Compl,Unable,OFF,Not Avl,Compl,Compl,Unable,OFF,57.031,46.875,28.125,29.375,19.531,39.551,15.686,31.765,0.781,1.582,ON,0,OFF,ON,ON,1.004,1.008,0.008,0.023,3.313,3.337,0,97,51199.219,13.925,23.922,OFF,OFF,OFF,OFF,OFF,OFF,OFF,Avail,Incmpl,Incmpl,Enable,Avail,417.600,263.800,417.600,263.800,ON,Avail,Compl,Enable,80,0,0,0,0,0,0,6,A,0,0,Avail,Incmpl,Incmpl,Enable,OFF,OFF,933,736.500,51199.219,51199.219,51199.219,51199.219,51199.219,51199.219,1GRFE ,34.118,Avail,Incmpl,Incmpl,Enable,7.996,OFF,OFF,OFF,OFF,ON,ON,Avail,Compl,Enable,Compl,CL,CL,Compl,Unable,Not Avl,Compl,Compl,Enable,OFF,130,17,514,ON,21.250,6.875,0.105,2348,6,21,-3,OFF,0.781,3.906,3.850,OFF,0,0,80,Avail,Compl,Enable,0,GRN2#  ,ON,0,ACTIVE,ACTIVE,0.962,0.947,0.700,0.720,63.547,58.035,Avail,Compl,Avail,Incmpl,Incmpl,Enable,OBD II (California ARB),OFF,OFF,29.889,0.500,0,1st,OFF,OFF,OFF,OFF,OFF,OFF,0.781,-1.562,ON,OFF,700,0,OFF,OFF,OFF,ON,Gasoline,0.989,OFF,OFF,0.684,ON,1.016,14.902,16,0,0.742,0.742,2.305,0.742,0.918,2.031,46.275,0,14.902,15,-0.004,0.020,OFF,ECT 5th,NA,OFF,97.636,97.702,12.941,0,Not Avl,0,0,0,0,ON,ON,0,0,1
251,0,14.169,Not Avl,Compl,Compl,Unable,OFF,Not Avl,Compl,Compl,Unable,OFF,48.438,53.906,28.125,29.375,19.531,39.551,15.686,31.765,0.781,1.582,ON,0,OFF,ON,ON,0.999,1.007,-0.004,0.020,3.288,3.332,0,97,51199.219,13.925,23.529,OFF,OFF,OFF,OFF,OFF,OFF,OFF,Avail,Incmpl,Incmpl,Enable,Avail,417.600,263.700,417.600,263.700,ON,Avail,Compl,Enable,80,0,0,0,0,0,0,6,A,0,0,Avail,Incmpl,Incmpl,Enable,OFF,OFF,934,747.500,51199.219,51199.219,51199.219,51199.219,51199.219,51199.219,1GRFE ,34.118,Avail,Incmpl,Incmpl,Enable,7.996,ON,OFF,OFF,OFF,ON,ON,Avail,Compl,Enable,Compl,CL,CL,Compl,Unable,Not Avl,Compl,Compl,Enable,OFF,130,17,528,ON,21.250,6.875,0.105,2326,6,21,-3,OFF,0.781,3.906,3.900,OFF,0,0,85,Avail,Compl,Enable,0,GRN2#  ,ON,0,ACTIVE,ACTIVE,0.962,0.947,0.700,0.720,63.547,58.035,Avail,Compl,Avail,Incmpl,Incmpl,Enable,OBD II (California ARB),OFF,OFF,30.243,0.500,0,1st,OFF,OFF,OFF,OFF,OFF,OFF,0.781,-1.562,ON,OFF,700,0,OFF,OFF,OFF,ON,Gasoline,0.988,OFF,OFF,0.684,ON,1.016,14.902,16,0,0.742,0.742,2.305,0.742,0.918,2.031,46.275,0,14.902,15,-0.004,0.020,OFF,ECT 5th,NA,OFF,97.636,97.724,12.941,0,Not Avl,0,0,0,0,ON,ON,0,0,1
252,0,14.160,Not Avl,Compl,Compl,Unable,OFF,Not Avl,Compl,Compl,Unable,OFF,42.969,55.469,28.125,29.375,19.531,39.551,15.686,31.765,0.781,1.582,ON,0,OFF,ON,ON,0.997,1.003,-0.012,0.008,3.279,3.313,0,97,51199.219,13.925,23.529,OFF,OFF,OFF,OFF,OFF,OFF,OFF,Avail,Incmpl,Incmpl,Enable,Avail,417.600,263.700,417.600,263.700,ON,Avail,Compl,Enable,80,0,0,0,0,0,0,6,A,0,0,Avail,Incmpl,Incmpl,Enable,OFF,OFF,934,733.500,51199.219,51199.219,51199.219,51199.219,51199.219,51199.219,1GRFE ,33.725,Avail,Incmpl,Incmpl,Enable,7.996,OFF,OFF,OFF,OFF,ON,ON,Avail,Compl,Enable,Compl,CL,CL,Compl,Unable,Not Avl,Compl,Compl,Enable,OFF,130,17,541,ON,21.250,6.875,0.105,2315,6,21,-3,OFF,0.781,3.906,3.890,OFF,0,0,85,Avail,Compl,Enable,0,GRN2#  ,ON,0,ACTIVE,ACTIVE,0.962,0.942,0.700,0.720,63.547,58.035,Avail,Compl,Avail,Incmpl,Incmpl,Enable,OBD II (California ARB),OFF,OFF,29.517,0.500,0,1st,OFF,OFF,OFF,OFF,OFF,OFF,0.781,-0.781,ON,OFF,700,0,OFF,OFF,OFF,ON,Gasoline,0.988,OFF,OFF,0.684,ON,1.172,14.902,20,0,0.742,0.742,2.305,0.742,0.918,2.031,46.275,0,14.902,15,0,0.020,OFF,ECT 5th,NA,OFF,97.636,97.746,13.333,0,Not Avl,0,0,0,0,ON,ON,0,0,1
253,0,14.141,Not Avl,Compl,Compl,Unable,OFF,Not Avl,Compl,Compl,Unable,OFF,39.844,52.344,28.125,29.375,19.531,39.551,15.686,31.765,0.781,1.582,ON,0,OFF,ON,ON,1.000,1.002,0,0,3.293,3.303,0,97,51199.219,13.925,23.922,OFF,OFF,OFF,OFF,OFF,OFF,OFF,Avail,Incmpl,Incmpl,Enable,Avail,417.600,263.700,417.600,263.700,ON,Avail,Compl,Enable,80,0,0,0,0,0,0,6,A,0,0,Avail,Incmpl,Incmpl,Enable,OFF,OFF,934,723.250,51199.219,51199.219,51199.219,51199.219,51199.219,51199.219,1GRFE ,33.333,Avail,Incmpl,Incmpl,Enable,7.996,OFF,OFF,OFF,OFF,ON,ON,Avail,Compl,Enable,Compl,CL,CL,Compl,Unable,Not Avl,Compl,Compl,Enable,OFF,130,16.500,552,ON,21.250,6.875,0.105,2337,6,21,-3,OFF,0.781,3.906,3.840,OFF,0,0,85,Avail,Compl,Enable,0,GRN2#  ,ON,0,ACTIVE,ACTIVE,0.962,0.947,0.700,0.720,63.871,58.035,Avail,Compl,Avail,Incmpl,Incmpl,Enable,OBD II (California ARB),OFF,OFF,29.395,0.500,0,1st,OFF,OFF,OFF,OFF,OFF,OFF,0.781,-0.781,ON,OFF,700,0,OFF,OFF,OFF,ON,Gasoline,0.988,OFF,OFF,0.684,ON,1.172,14.902,18,0,0.742,0.742,2.305,0.742,0.918,2.031,46.275,0,14.902,15,0,0.020,OFF,ECT 5th,NA,OFF,97.592,97.504,13.333,0,Not Avl,0,0,0,0,ON,ON,0,0,1
254,0,14.152,Not Avl,Compl,Compl,Unable,OFF,Not Avl,Compl,Compl,Unable,OFF,38.281,45.312,28.125,29.375,19.531,39.551,15.686,31.765,0.781,1.582,ON,0,OFF,ON,ON,1.001,1.002,0,0.008,3.303,3.313,0,97,51199.219,13.925,23.922,OFF,OFF,OFF,OFF,OFF,OFF,OFF,Avail,Incmpl,Incmpl,Enable,Avail,417.500,263.500,417.500,263.500,ON,Avail,Compl,Enable,80,0,0,0,0,0,0,6,A,0,0,Avail,Incmpl,Incmpl,Enable,OFF,OFF,934,720.250,51199.219,51199.219,51199.219,51199.219,51199.219,51199.219,1GRFE ,33.725,Avail,Incmpl,Incmpl,Enable,7.996,OFF,OFF,OFF,OFF,ON,ON,Avail,Compl,Enable,Compl,CL,CL,Compl,Unable,Not Avl,Compl,Compl,Enable,OFF,130,16,563,ON,21.250,6.875,0.105,2348,6,21,-3,OFF,0.781,3.906,3.870,OFF,0,0,75,Avail,Compl,Enable,0,GRN2#  ,ON,0,ACTIVE,ACTIVE,0.962,0.947,0.700,0.720,63.871,58.035,Avail,Compl,Avail,Incmpl,Incmpl,Enable,OBD II (California ARB),OFF,OFF,29.150,0.500,0,1st,OFF,OFF,OFF,OFF,OFF,OFF,0.781,-0.781,ON,OFF,650,0,OFF,OFF,OFF,ON,Gasoline,0.988,OFF,OFF,0.684,ON,1.172,14.902,18,0,0.742,0.742,2.305,0.742,0.918,2.031,46.275,0,14.902,15,0,0.020,OFF,ECT 5th,NA,OFF,97.592,97.504,13.333,0,Not Avl,0,0,0,0,ON,ON,0,0,1
255,0,14.160,Not Avl,Compl,Compl,Unable,OFF,Not Avl,Compl,Compl,Unable,OFF,38.281,41.406,28.125,29.375,19.531,39.551,15.686,31.765,0.781,1.582,ON,0,OFF,ON,ON,1.004,1.002,0.012,0.004,3.318,3.308,0,97,51199.219,13.925,23.922,OFF,OFF,OFF,OFF,OFF,OFF,OFF,Avail,Incmpl,Incmpl,Enable,Avail,417.500,263.500,417.500,263.500,ON,Avail,Compl,Enable,80,0,0,0,0,0,0,6,A,0,0,Avail,Incmpl,Incmpl,Enable,OFF,OFF,935,709.250,51199.219,51199.219,51199.219,51199.219,51199.219,51199.219,1GRFE ,33.333,Avail,Incmpl,Incmpl,Enable,7.996,OFF,OFF,OFF,OFF,ON,ON,Avail,Compl,Enable,Compl,CL,CL,Compl,Unable,Not Avl,Compl,Compl,Enable,OFF,130,16.500,574,ON,21.250,6.875,0.104,2369,6,21,-3,OFF,0.781,3.906,3.850,OFF,0,0,75,Avail,Compl,Enable,0,GRN2#  ,ON,0,ACTIVE,ACTIVE,0.962,0.942,0.700,0.720,63.547,58.035,Avail,Compl,Avail,Incmpl,Incmpl,Enable,OBD II (California ARB),OFF,OFF,29.150,0.500,0,1st,OFF,OFF,OFF,OFF,OFF,OFF,0.781,-0.781,ON,OFF,650,0,OFF,OFF,OFF,ON,Gasoline,0.987,OFF,OFF,0.684,ON,1.172,14.902,18,0,0.742,0.742,2.305,0.742,0.918,2.031,46.275,0,14.902,15,0,0.020,OFF,ECT 5th,NA,OFF,97.614,97.680,13.725,0,Not Avl,0,0,0,0,ON,ON,0,0,1
256,0,14.160,Not Avl,Compl,Compl,Unable,OFF,Not Avl,Compl,Compl,Unable,OFF,38.281,39.844,28.125,29.375,19.531,39.551,15.686,31.765,0.781,1.582,ON,0,OFF,ON,ON,1.004,1.003,0.012,0.008,3.318,3.313,0,97,51199.219,13.925,24.314,OFF,OFF,OFF,OFF,OFF,OFF,OFF,Avail,Incmpl,Incmpl,Enable,Avail,417.500,263.500,417.500,263.500,ON,Avail,Compl,Enable,80,0,0,0,0,0,0,6,A,0,0,Avail,Incmpl,Incmpl,Enable,OFF,OFF,935,711.500,51199.219,51199.219,51199.219,51199.219,51199.219,51199.219,1GRFE ,33.725,Avail,Incmpl,Incmpl,Enable,7.996,OFF,OFF,OFF,OFF,ON,ON,Avail,Compl,Enable,Compl,CL,CL,Compl,Unable,Not Avl,Compl,Compl,Enable,OFF,130,15,584,ON,21.250,6.875,0.104,2377,6,21,-3,OFF,0.781,3.906,3.820,OFF,0,0,75,Avail,Compl,Enable,0,GRN2#  ,ON,0,ACTIVE,ACTIVE,0.962,0.942,0.700,0.720,63.547,58.035,Avail,Compl,Avail,Incmpl,Incmpl,Enable,OBD II (California ARB),OFF,OFF,29.517,0.500,0,1st,OFF,OFF,OFF,OFF,OFF,OFF,0.781,-0.781,ON,OFF,650,0,OFF,OFF,OFF,ON,Gasoline,0.985,OFF,OFF,0.684,ON,1.172,14.902,18,0,0.742,0.742,2.305,0.742,0.918,2.031,46.275,0,14.902,15,0,0.020,OFF,ECT 5th,NA,OFF,97.592,97.548,13.333,0,Not Avl,0,0,0,0,ON,ON,0,0,1
257,0,14.159,Not Avl,Compl,Compl,Unable,OFF,Not Avl,Compl,Compl,Unable,OFF,38.281,38.281,28.125,29.375,19.531,39.551,15.686,31.765,0.781,1.582,ON,0,OFF,ON,ON,1.004,1.004,0.012,0.008,3.322,3.313,0,97,51199.219,13.925,24.314,OFF,OFF,OFF,OFF,OFF,OFF,OFF,Avail,Incmpl,Incmpl,Enable,Avail,417.400,263.300,417.400,263.300,ON,Avail,Compl,Enable,80,0,0,0,0,0,0,6,A,0,0,Avail,Incmpl,Incmpl,Enable,OFF,OFF,935,713.250,51199.219,51199.219,51199.219,51199.219,51199.219,51199.219,1GRFE ,33.725,Avail,Incmpl,Incmpl,Enable,7.996,OFF,OFF,OFF,OFF,ON,ON,Avail,Compl,Enable,Compl,CL,CL,Compl,Unable,Not Avl,Compl,Compl,Enable,OFF,130,15,595,ON,21.250,6.875,0.104,2380,6,21,-3,OFF,0.781,3.906,3.870,OFF,0,0,78,Avail,Compl,Enable,0,GRN2#  ,ON,0,ACTIVE,ACTIVE,0.962,0.947,0.700,0.720,63.871,58.359,Avail,Compl,Avail,Incmpl,Incmpl,Enable,OBD II (California ARB),OFF,OFF,29.517,0.500,0,1st,OFF,OFF,OFF,OFF,OFF,OFF,1.562,0,ON,OFF,650,0,OFF,OFF,OFF,ON,Gasoline,0.984,OFF,OFF,0.684,ON,1.250,14.902,18,0,0.742,0.742,2.305,0.742,0.918,2.031,46.275,0,14.902,15,0,0.020,OFF,ECT 5th,NA,OFF,97.592,97.460,13.725,0,Not Avl,0,0,0,0,ON,ON,0,0,1
258,0,14.159,Not Avl,Compl,Compl,Unable,OFF,Not Avl,Compl,Compl,Unable,OFF,38.281,38.281,28.125,29.375,19.531,39.551,15.686,31.765,0.781,1.582,ON,0,OFF,ON,ON,1.002,1.003,0.004,0.008,3.308,3.313,0,97,51199.219,13.925,24.314,OFF,OFF,OFF,OFF,OFF,OFF,OFF,Avail,Incmpl,Incmpl,Enable,Avail,417.400,263.300,417.400,263.300,ON,Avail,Compl,Enable,80,0,0,0,0,0,0,6,A,0,0,Avail,Incmpl,Incmpl,Enable,OFF,OFF,936,709.250,51199.219,51199.219,51199.219,51199.219,51199.219,51199.219,1GRFE ,33.725,Avail,Incmpl,Incmpl,Enable,7.996,OFF,OFF,OFF,OFF,ON,ON,Avail,Compl,Enable,Compl,CL,CL,Compl,Unable,Not Avl,Compl,Compl,Enable,OFF,130,15,6,ON,21.250,6.875,0.104,2395,6,21,-3,OFF,0.781,3.906,3.810,OFF,0,0,78,Avail,Compl,Enable,0,GRN2#  ,ON,0,ACTIVE,ACTIVE,0.962,0.942,0.700,0.720,63.871,58.035,Avail,Compl,Avail,Incmpl,Incmpl,Enable,OBD II (California ARB),OFF,OFF,29.395,0.500,0,1st,OFF,OFF,OFF,OFF,OFF,OFF,1.562,0,ON,OFF,650,0,OFF,OFF,OFF,ON,Gasoline,0.981,OFF,OFF,0.684,ON,1.250,14.902,18,0,0.742,0.742,2.305,0.742,0.918,2.031,46.275,0,14.902,15,0,0.023,OFF,ECT 5th,NA,OFF,97.614,97.680,13.333,0,Not Avl,0,0,0,0,ON,ON,0,0,1
259,0,14.149,Not Avl,Compl,Compl,Unable,OFF,Not Avl,Compl,Compl,Unable,OFF,38.281,38.281,28.125,29.375,19.531,39.551,15.686,31.765,0.781,1.582,ON,0,OFF,ON,ON,1.000,0.999,0,-0.004,3.293,3.288,0,97,51199.219,13.925,24.314,OFF,OFF,OFF,OFF,OFF,OFF,OFF,Avail,Incmpl,Incmpl,Enable,Avail,417.400,263.300,417.400,263.300,ON,Avail,Compl,Enable,80,0,0,0,0,0,0,6,A,0,0,Avail,Incmpl,Incmpl,Enable,OFF,OFF,936,704.500,51199.219,51199.219,51199.219,51199.219,51199.219,51199.219,1GRFE ,33.725,Avail,Incmpl,Incmpl,Enable,7.996,OFF,OFF,OFF,OFF,ON,ON,Avail,Compl,Enable,Compl,CL,CL,Compl,Unable,Not Avl,Compl,Compl,Enable,OFF,130,15,17,ON,21.250,6.875,0.104,2409,6,21,-3,OFF,0.781,3.906,3.810,OFF,0,0,78,Avail,Compl,Enable,0,GRN2#  ,ON,0,ACTIVE,ACTIVE,0.957,0.942,0.700,0.700,63.871,58.035,Avail,Compl,Avail,Incmpl,Incmpl,Enable,OBD II (California ARB),OFF,OFF,29.517,0.500,0,1st,OFF,OFF,OFF,OFF,OFF,OFF,1.562,0,ON,OFF,650,0,OFF,OFF,OFF,ON,Gasoline,0.982,OFF,OFF,0.684,ON,1.250,14.902,18,0,0.742,0.742,2.305,0.742,0.918,2.031,46.275,0,14.902,15,0.004,0.023,OFF,ECT 5th,NA,OFF,97.592,97.570,13.333,0,Not Avl,0,0,0,0,ON,ON,0,0,1
260,0,14.159,Not Avl,Compl,Compl,Unable,OFF,Not Avl,Compl,Compl,Unable,OFF,38.281,38.281,28.125,29.375,19.531,39.551,15.686,31.765,0.781,1.582,ON,0,OFF,ON,ON,0.996,0.998,0,0.004,3.274,3.283,0,97,51199.219,13.925,24.314,OFF,OFF,OFF,OFF,OFF,OFF,OFF,Avail,Incmpl,Incmpl,Enable,Avail,417.400,263.300,417.400,263.300,ON,Avail,Compl,Enable,80,0,0,0,0,0,0,6,A,0,0,Avail,Incmpl,Incmpl,Enable,OFF,OFF,936,714,51199.219,51199.219,51199.219,51199.219,51199.219,51199.219,1GRFE ,33.725,Avail,Incmpl,Incmpl,Enable,7.996,OFF,OFF,OFF,OFF,ON,ON,Avail,Compl,Enable,Compl,CL,CL,Compl,Unable,Not Avl,Compl,Compl,Enable,OFF,130,15,28,ON,21.250,6.875,0.107,2391,6,21,-3,OFF,0.781,3.906,3.850,OFF,0,0,78,Avail,Compl,Enable,0,GRN2#  ,ON,0,ACTIVE,ACTIVE,0.962,0.947,0.700,0.720,63.871,58.035,Avail,Compl,Avail,Incmpl,Incmpl,Enable,OBD II (California ARB),OFF,OFF,29.755,0.500,0,1st,OFF,OFF,OFF,OFF,OFF,OFF,0.781,0,ON,OFF,650,0,OFF,OFF,OFF,ON,Gasoline,0.982,OFF,OFF,0.684,ON,1.250,14.902,18,0,0.742,0.742,2.305,0.742,0.918,2.031,46.275,0,14.902,15,0.004,0.023,OFF,ECT 5th,NA,OFF,97.592,97.460,13.333,0,Not Avl,0,0,0,0,ON,ON,0,0,1
261,0,14.159,Not Avl,Compl,Compl,Unable,OFF,Not Avl,Compl,Compl,Unable,OFF,38.281,38.281,28.125,29.375,19.531,39.551,15.686,31.765,0.781,1.582,ON,0,OFF,ON,ON,0.995,0.999,-0.016,-0.004,3.269,3.288,0,97,51199.219,13.925,24.314,OFF,OFF,OFF,OFF,OFF,OFF,OFF,Avail,Incmpl,Incmpl,Enable,Avail,417.300,263.200,417.300,263.200,ON,Avail,Compl,Enable,80,0,0,0,0,0,0,6,A,0,0,Avail,Incmpl,Incmpl,Enable,OFF,OFF,937,711.500,51199.219,51199.219,51199.219,51199.219,51199.219,51199.219,1GRFE ,33.725,Avail,Incmpl,Incmpl,Enable,7.996,OFF,OFF,OFF,OFF,ON,ON,Avail,Compl,Enable,Compl,CL,CL,Compl,Unable,Not Avl,Compl,Compl,Enable,OFF,130,15,39,ON,21.250,6.875,0.107,2391,6,21,-3,OFF,0.781,3.906,3.810,OFF,0,0,82,Avail,Compl,Enable,0,GRN2#  ,ON,0,ACTIVE,ACTIVE,0.962,0.947,0.700,0.700,63.547,58.035,Avail,Compl,Avail,Incmpl,Incmpl,Enable,OBD II (California ARB),OFF,OFF,29.517,0.500,0,1st,OFF,OFF,OFF,OFF,OFF,OFF,0.781,0,ON,OFF,650,0,OFF,OFF,OFF,ON,Gasoline,0.981,OFF,OFF,0.684,ON,1.250,14.902,18,0,0.742,0.742,2.305,0.742,0.918,2.031,46.275,0,14.902,15,0.004,0.023,OFF,ECT 5th,NA,OFF,97.614,97.636,13.333,0,Not Avl,0,0,0,0,ON,ON,0,0,1
262,0,14.165,Not Avl,Compl,Compl,Unable,OFF,Not Avl,Compl,Compl,Unable,OFF,50,38.281,28.125,29.375,19.531,39.551,15.686,31.765,0.781,1.582,ON,0,OFF,ON,ON,0.996,0.998,-0.012,-0.008,3.274,3.283,0,97,51199.219,13.925,24.314,OFF,OFF,OFF,OFF,OFF,OFF,OFF,Avail,Incmpl,Incmpl,Enable,Avail,417.300,263.200,417.300,263.200,ON,Avail,Compl,Enable,80,0,0,0,0,0,0,6,A,0,0,Avail,Incmpl,Incmpl,Enable,OFF,OFF,937,719.500,51199.219,51199.219,51199.219,51199.219,51199.219,51199.219,1GRFE ,34.118,Avail,Incmpl,Incmpl,Enable,7.996,OFF,OFF,OFF,OFF,ON,ON,Avail,Compl,Enable,Compl,CL,CL,Compl,Unable,Not Avl,Compl,Compl,Enable,OFF,130,15,53,ON,21.250,6.875,0.107,2384,6,21,-3,OFF,0.781,3.906,3.870,OFF,0,0,82,Avail,Compl,Enable,0,GRN2#  ,ON,0,ACTIVE,ACTIVE,0.962,0.942,0.700,0.700,63.871,58.035,Avail,Compl,Avail,Incmpl,Incmpl,Enable,OBD II (California ARB),OFF,OFF,29.755,0.500,0,1st,OFF,OFF,OFF,OFF,OFF,OFF,0.781,0,ON,OFF,650,0,OFF,OFF,OFF,ON,Gasoline,0.983,OFF,OFF,0.684,ON,1.250,14.902,18,0,0.742,0.742,2.305,0.742,0.918,2.031,46.275,0,14.902,15,0.004,0.023,OFF,ECT 5th,NA,OFF,97.636,97.746,13.333,0,Not Avl,0,0,0,0,ON,ON,0,0,1
263,0,14.152,Not Avl,Compl,Compl,Unable,OFF,Not Avl,Compl,Compl,Unable,OFF,55.469,38.281,28.125,29.375,19.531,39.551,15.686,31.765,0.781,1.582,ON,0,OFF,ON,ON,0.996,0.997,-0.012,-0.008,3.274,3.283,0,97,51199.219,13.906,24.314,OFF,OFF,OFF,OFF,OFF,OFF,OFF,Avail,Incmpl,Incmpl,Enable,Avail,417.300,263.200,417.300,263.200,ON,Avail,Compl,Enable,80,0,0,0,0,0,0,6,A,0,0,Avail,Incmpl,Incmpl,Enable,OFF,OFF,937,710.750,51199.219,51199.219,51199.219,51199.219,51199.219,51199.219,1GRFE ,33.333,Avail,Incmpl,Incmpl,Enable,7.996,OFF,OFF,OFF,OFF,ON,ON,Avail,Compl,Enable,Compl,CL,CL,Compl,Unable,Not Avl,Compl,Compl,Enable,OFF,130,15,66,ON,21.250,6.875,0.107,2377,6,21,-3,OFF,0.781,3.906,3.900,OFF,0,0,82,Avail,Compl,Enable,0,GRN2#  ,ON,0,ACTIVE,ACTIVE,0.962,0.947,0.700,0.700,63.871,58.359,Avail,Compl,Avail,Incmpl,Incmpl,Enable,OBD II (California ARB),OFF,OFF,29.517,0.500,0,1st,OFF,OFF,OFF,OFF,OFF,OFF,0.781,0,ON,OFF,650,0,OFF,OFF,OFF,ON,Gasoline,0.984,OFF,OFF,0.684,ON,1.250,14.902,18,0,0.742,0.742,2.305,0.742,0.918,2.031,46.275,0,14.902,15,0.004,0.023,OFF,ECT 5th,NA,OFF,97.614,97.680,13.725,0,Not Avl,0,0,0,0,ON,ON,0,0,1
264,0,14.149,Not Avl,Compl,Compl,Unable,OFF,Not Avl,Compl,Compl,Unable,OFF,57.031,38.281,28.125,29.375,19.531,39.551,15.686,31.765,0.781,1.582,ON,0,OFF,ON,ON,0.998,0.996,-0.008,-0.012,3.283,3.274,0,97,51199.219,13.906,24.314,OFF,OFF,OFF,OFF,OFF,OFF,OFF,Avail,Incmpl,Incmpl,Enable,Avail,417.100,263,417.100,263,ON,Avail,Compl,Enable,80,0,0,0,0,0,0,6,A,0,0,Avail,Incmpl,Incmpl,Enable,OFF,OFF,938,708.500,51199.219,51199.219,51199.219,51199.219,51199.219,51199.219,1GRFE ,33.725,Avail,Incmpl,Incmpl,Enable,7.996,OFF,OFF,OFF,OFF,ON,ON,Avail,Compl,Enable,Compl,CL,CL,Compl,Unable,Not Avl,Compl,Compl,Enable,OFF,130,15,79,ON,21.250,6.875,0.107,2388,6,21,-3,OFF,0.781,3.906,3.810,OFF,0,0,78,Avail,Compl,Enable,0,GRN2#  ,ON,0,ACTIVE,ACTIVE,0.962,0.947,0.700,0.700,63.871,58.359,Avail,Compl,Avail,Incmpl,Incmpl,Enable,OBD II (California ARB),OFF,OFF,29.279,0.500,0,1st,OFF,OFF,OFF,OFF,OFF,OFF,0.781,-0.781,ON,OFF,650,0,OFF,OFF,OFF,ON,Gasoline,0.984,OFF,OFF,0.684,ON,1.250,14.902,18,0,0.742,0.742,2.305,0.742,0.918,2.031,46.275,0,14.902,15,0.004,0.023,OFF,ECT 5th,NA,OFF,97.592,97.504,13.333,0,Not Avl,0,0,0,0,ON,ON,0,0,1
265,0,14.160,Not Avl,Compl,Compl,Unable,OFF,Not Avl,Compl,Compl,Unable,OFF,57.812,38.281,28.125,29.375,19.531,39.551,15.686,31.765,0.781,1.582,ON,0,OFF,ON,ON,0.996,0.994,-0.012,-0.020,3.274,3.264,0,97,51199.219,13.906,24.314,OFF,OFF,OFF,OFF,OFF,OFF,OFF,Avail,Incmpl,Incmpl,Enable,Avail,417.100,263,417.100,263,ON,Avail,Compl,Enable,80,0,0,0,0,0,0,6,A,0,0,Avail,Incmpl,Incmpl,Enable,OFF,OFF,938,705.250,51199.219,51199.219,51199.219,51199.219,51199.219,51199.219,1GRFE ,33.333,Avail,Incmpl,Incmpl,Enable,7.996,OFF,OFF,OFF,OFF,ON,ON,Avail,Compl,Enable,Compl,CL,CL,Compl,Unable,Not Avl,Compl,Compl,Enable,OFF,130,15,93,ON,21.250,6.875,0.107,2388,6,21,-3,OFF,0.781,3.906,3.850,OFF,0,0,78,Avail,Compl,Enable,0,GRN2#  ,ON,0,ACTIVE,ACTIVE,0.962,0.947,0.700,0.720,64.195,58.359,Avail,Compl,Avail,Incmpl,Incmpl,Enable,OBD II (California ARB),OFF,OFF,29.517,0.500,0,1st,OFF,OFF,OFF,OFF,OFF,OFF,0.781,-0.781,ON,OFF,650,0,OFF,OFF,OFF,ON,Gasoline,0.986,OFF,OFF,0.684,ON,1.250,14.902,18,0,0.742,0.742,2.305,0.742,0.918,2.031,46.275,0,14.902,15,0.004,0.027,OFF,ECT 5th,NA,OFF,97.636,97.724,13.725,0,Not Avl,0,0,0,0,ON,ON,0,0,1
266,0,14.158,Not Avl,Compl,Compl,Unable,OFF,Not Avl,Compl,Compl,Unable,OFF,45.312,38.281,28.125,29.375,19.531,39.551,15.686,31.765,0.781,1.582,ON,0,OFF,ON,ON,0.997,0.995,-0.008,-0.016,3.283,3.269,0,97,51199.219,13.925,24.314,OFF,OFF,OFF,OFF,OFF,OFF,OFF,Avail,Incmpl,Incmpl,Enable,Avail,416.900,262.900,416.900,262.900,ON,Avail,Compl,Enable,80,0,0,0,0,0,0,6,A,0,0,Avail,Incmpl,Incmpl,Enable,OFF,OFF,938,713.250,51199.219,51199.219,51199.219,51199.219,51199.219,51199.219,1GRFE ,33.725,Avail,Incmpl,Incmpl,Enable,7.996,OFF,OFF,OFF,OFF,ON,ON,Avail,Compl,Enable,Compl,CL,CL,Compl,Unable,Not Avl,Compl,Compl,Enable,OFF,130,15,108,ON,21.250,6.875,0.107,2388,6,21,-3,OFF,0.781,3.906,3.780,OFF,0,0,79,Avail,Compl,Enable,0,GRN2#  ,ON,0,ACTIVE,ACTIVE,0.962,0.942,0.700,0.700,63.871,58.359,Avail,Compl,Avail,Incmpl,Incmpl,Enable,OBD II (California ARB),OFF,OFF,29.626,0.500,0,1st,OFF,OFF,OFF,OFF,OFF,OFF,0.781,-0.781,ON,OFF,650,0,OFF,OFF,OFF,ON,Gasoline,0.986,OFF,OFF,0.684,ON,1.250,14.902,18,0,0.742,0.742,2.305,0.742,0.918,2.031,46.275,0,14.902,15,0.004,0.027,OFF,ECT 5th,NA,OFF,97.592,97.614,13.333,0,Not Avl,0,0,0,0,ON,ON,0,0,1
267,0,14.160,Not Avl,Compl,Compl,Unable,OFF,Not Avl,Compl,Compl,Unable,OFF,40.625,42.969,28.125,29.375,19.531,39.551,15.686,31.765,0.781,1.582,ON,0,OFF,ON,ON,0.995,0.997,-0.016,-0.008,3.269,3.283,0,97,51199.219,13.925,24.314,OFF,OFF,OFF,OFF,OFF,OFF,OFF,Avail,Incmpl,Incmpl,Enable,Avail,416.900,262.900,416.900,262.900,ON,Avail,Compl,Enable,80,0,0,0,0,0,0,6,A,0,0,Avail,Incmpl,Incmpl,Enable,OFF,OFF,939,717.750,51199.219,51199.219,51199.219,51199.219,51199.219,51199.219,1GRFE ,34.118,Avail,Incmpl,Incmpl,Enable,7.996,OFF,OFF,OFF,OFF,ON,ON,Avail,Compl,Enable,Compl,CL,CL,Compl,Unable,Not Avl,Compl,Compl,Enable,OFF,130,15,120,ON,21.250,6.875,0.107,2373,6,21,-3,OFF,0.781,3.906,3.810,OFF,0,0,79,Avail,Compl,Enable,0,GRN2#  ,ON,0,ACTIVE,ACTIVE,0.962,0.947,0.700,0.700,63.871,58.035,Avail,Compl,Avail,Incmpl,Incmpl,Enable,OBD II (California ARB),OFF,OFF,29.517,0.500,0,1st,OFF,OFF,OFF,OFF,OFF,OFF,0.781,-0.781,ON,OFF,650,0,OFF,OFF,OFF,ON,Gasoline,0.987,OFF,OFF,0.684,ON,1.250,14.902,18,0,0.742,0.742,2.305,0.742,0.918,2.031,46.275,0,14.902,15,0.004,0.027,OFF,ECT 5th,NA,OFF,97.592,97.460,13.333,0,Not Avl,0,0,0,0,ON,ON,0,0,1
268,0,14.159,Not Avl,Compl,Compl,Unable,OFF,Not Avl,Compl,Compl,Unable,OFF,39.062,50,28.125,29.375,19.531,39.551,15.686,31.765,0.781,1.582,ON,0,OFF,ON,ON,0.996,0.998,-0.012,-0.004,3.279,3.288,0,97,51199.219,13.906,24.314,OFF,OFF,OFF,OFF,OFF,OFF,OFF,Avail,Incmpl,Incmpl,Enable,Avail,416.900,262.900,416.900,262.900,ON,Avail,Compl,Enable,80,0,0,0,0,0,0,6,A,0,0,Avail,Incmpl,Incmpl,Enable,OFF,OFF,939,709.250,51199.219,51199.219,51199.219,51199.219,51199.219,51199.219,1GRFE ,33.725,Avail,Incmpl,Incmpl,Enable,7.996,OFF,OFF,OFF,OFF,ON,ON,Avail,Compl,Enable,Compl,CL,CL,Compl,Unable,Not Avl,Compl,Compl,Enable,OFF,130,15,134,ON,21.250,6.875,0.107,2369,6,21,-3,OFF,0.781,3.906,3.850,OFF,0,0,79,Avail,Compl,Enable,0,GRN2#  ,ON,0,ACTIVE,ACTIVE,0.962,0.942,0.700,0.700,64.844,58.359,Avail,Compl,Avail,Incmpl,Incmpl,Enable,OBD II (California ARB),OFF,OFF,29.279,0.500,0,1st,OFF,OFF,OFF,OFF,OFF,OFF,0.781,-0.781,ON,OFF,650,0,OFF,OFF,OFF,ON,Gasoline,0.988,OFF,OFF,0.684,ON,1.250,14.902,18,0,0.742,0.742,2.305,0.742,0.918,2.031,46.275,0,14.902,15,0.008,0.027,OFF,ECT 5th,NA,OFF,97.592,97.570,13.725,0,Not Avl,0,0,0,0,ON,ON,0,0,1
269,0,14.149,Not Avl,Compl,Compl,Unable,OFF,Not Avl,Compl,Compl,Unable,OFF,38.281,48.438,28.125,29.375,19.531,39.551,15.686,31.765,0.781,1.582,ON,0,OFF,ON,ON,0.997,1.000,-0.008,0,3.283,3.298,0,97,51199.219,13.906,24.314,OFF,OFF,OFF,OFF,OFF,OFF,OFF,Avail,Incmpl,Incmpl,Enable,Avail,416.800,262.700,416.800,262.700,ON,Avail,Compl,Enable,80,0,0,0,0,0,0,6,A,0,0,Avail,Incmpl,Incmpl,Enable,OFF,OFF,940,714,51199.219,51199.219,51199.219,51199.219,51199.219,51199.219,1GRFE ,33.725,Avail,Incmpl,Incmpl,Enable,7.996,OFF,OFF,OFF,OFF,ON,ON,Avail,Compl,Enable,Compl,CL,CL,Compl,Unable,Not Avl,Compl,Compl,Enable,OFF,130,15,151,ON,21.250,6.875,0.107,2381,6,21,-3,OFF,0.781,3.906,3.820,OFF,0,0,81,Avail,Compl,Enable,0,GRN2#  ,ON,0,ACTIVE,ACTIVE,0.962,0.942,0.700,0.700,63.871,58.359,Avail,Compl,Avail,Incmpl,Incmpl,Enable,OBD II (California ARB),OFF,OFF,29.626,0.500,0,1st,OFF,OFF,OFF,OFF,OFF,OFF,0,-0.781,ON,OFF,650,0,OFF,OFF,OFF,ON,Gasoline,0.988,OFF,OFF,0.684,ON,1.250,14.902,18,0,0.742,0.742,2.305,0.742,0.918,2.031,46.275,0,14.902,15,0.008,0.027,OFF,ECT 5th,NA,OFF,97.636,97.702,13.333,0,Not Avl,0,0,0,0,ON,ON,0,0,1
270,0,14.141,Not Avl,Compl,Compl,Unable,OFF,Not Avl,Compl,Compl,Unable,OFF,38.281,48.438,28.125,29.375,19.531,39.551,15.686,31.765,0.781,1.582,ON,0,OFF,ON,ON,0.999,0.999,0,0,3.293,3.293,0,97,51199.219,13.906,24.314,OFF,OFF,OFF,OFF,OFF,OFF,OFF,Avail,Incmpl,Incmpl,Enable,Avail,416.800,262.700,416.800,262.700,ON,Avail,Compl,Enable,80,0,0,0,0,0,0,6,A,0,0,Avail,Incmpl,Incmpl,Enable,OFF,OFF,940,709.250,51199.219,51199.219,51199.219,51199.219,51199.219,51199.219,1GRFE ,33.725,Avail,Incmpl,Incmpl,Enable,7.996,OFF,OFF,OFF,OFF,ON,ON,Avail,Compl,Enable,Compl,CL,CL,Compl,Unable,Not Avl,Compl,Compl,Enable,OFF,130,15,164,ON,21.250,6.875,0.107,2373,6,21,-3,OFF,0.781,3.906,3.840,OFF,0,0,81,Avail,Compl,Enable,0,GRN2#  ,ON,0,ACTIVE,ACTIVE,0.962,0.942,0.700,0.700,64.195,58.359,Avail,Compl,Avail,Incmpl,Incmpl,Enable,OBD II (California ARB),OFF,OFF,29.517,0.500,0,1st,OFF,OFF,OFF,OFF,OFF,OFF,0.781,-0.781,ON,OFF,650,0,OFF,OFF,OFF,ON,Gasoline,0.988,OFF,OFF,0.684,ON,1.250,14.902,18,0,0.742,0.742,2.305,0.742,0.918,2.031,46.275,0,14.902,15,0.008,0.027,OFF,ECT 5th,NA,OFF,97.592,97.548,13.333,0,Not Avl,0,0,0,0,ON,ON,0,0,1
271,0,14.158,Not Avl,Compl,Compl,Unable,OFF,Not Avl,Compl,Compl,Unable,OFF,38.281,45.312,28.125,29.375,19.531,39.551,15.686,31.765,0.781,1.582,ON,0,OFF,ON,ON,0.999,0.997,0.012,0,3.293,3.283,0,97,51199.219,13.925,24.314,OFF,OFF,OFF,OFF,OFF,OFF,OFF,Avail,Incmpl,Incmpl,Enable,Avail,416.800,262.700,416.800,262.700,ON,Avail,Compl,Enable,80,0,0,0,0,0,0,6,A,0,0,Avail,Incmpl,Incmpl,Enable,OFF,OFF,940,717,51199.219,51199.219,51199.219,51199.219,51199.219,51199.219,1GRFE ,33.725,Avail,Incmpl,Incmpl,Enable,7.996,OFF,OFF,OFF,OFF,ON,ON,Avail,Compl,Enable,Compl,CL,CL,Compl,Unable,Not Avl,Compl,Compl,Enable,OFF,130,15,178,ON,21.250,6.875,0.107,2359,6,21,-3,OFF,0.781,3.906,3.760,OFF,0,0,81,Avail,Compl,Enable,0,GRN2#  ,ON,0,ACTIVE,ACTIVE,0.962,0.942,0.700,0.700,63.871,58.359,Avail,Compl,Avail,Incmpl,Incmpl,Enable,OBD II (California ARB),OFF,OFF,29.517,0.500,0,1st,OFF,OFF,OFF,OFF,OFF,OFF,0.781,-0.781,ON,OFF,650,0,OFF,OFF,OFF,ON,Gasoline,0.988,OFF,OFF,0.684,ON,1.250,14.902,18,0,0.742,0.742,2.305,0.742,0.918,2.031,46.275,0,14.902,15,0.008,0.027,OFF,ECT 5th,NA,OFF,97.592,97.460,12.941,0,Not Avl,0,0,0,0,ON,ON,0,0,1
272,0,14.159,Not Avl,Compl,Compl,Unable,OFF,Not Avl,Compl,Compl,Unable,OFF,38.281,41.406,28.125,29.375,19.531,39.551,15.686,31.765,0.781,1.582,ON,0,OFF,ON,ON,0.998,0.998,-0.004,-0.004,3.288,3.288,0,97,51199.219,13.925,24.314,OFF,OFF,OFF,OFF,OFF,OFF,OFF,Avail,Incmpl,Incmpl,Enable,Avail,416.600,262.500,416.600,262.500,ON,Avail,Compl,Enable,80,0,0,0,0,0,0,6,A,0,0,Avail,Incmpl,Incmpl,Enable,OFF,OFF,941,710.750,51199.219,51199.219,51199.219,51199.219,51199.219,51199.219,1GRFE ,33.333,Avail,Incmpl,Incmpl,Enable,7.996,OFF,OFF,OFF,OFF,ON,ON,Avail,Compl,Enable,Compl,CL,CL,Compl,Unable,Not Avl,Compl,Compl,Enable,OFF,130,15,188,ON,21.250,6.875,0.107,2366,6,21,-3,OFF,0.781,3.906,3.850,OFF,0,0,80,Avail,Compl,Enable,0,GRN2#  ,ON,0,ACTIVE,ACTIVE,0.962,0.947,0.700,0.700,63.871,58.035,Avail,Compl,Avail,Incmpl,Incmpl,Enable,OBD II (California ARB),OFF,OFF,29.395,0.500,0,1st,OFF,OFF,OFF,OFF,OFF,OFF,0.781,-0.781,ON,OFF,650,0,OFF,OFF,OFF,ON,Gasoline,0.988,OFF,OFF,0.684,ON,1.250,14.902,18,0,0.742,0.742,2.305,0.742,0.918,2.031,46.275,0,14.902,15,0.008,0.027,OFF,ECT 5th,NA,OFF,97.614,97.724,13.725,0,Not Avl,0,0,0,0,ON,ON,0,0,1
273,0,14.159,Not Avl,Compl,Compl,Unable,OFF,Not Avl,Compl,Compl,Unable,OFF,38.281,39.844,28.125,29.375,19.531,39.551,15.686,31.765,0.781,1.582,ON,0,OFF,ON,ON,1.000,0.997,0,-0.008,3.298,3.283,0,97,51199.219,13.925,24.314,OFF,OFF,OFF,OFF,OFF,OFF,OFF,Avail,Incmpl,Incmpl,Enable,Avail,416.600,262.500,416.600,262.500,ON,Avail,Compl,Enable,80,0,0,0,0,0,0,6,A,0,0,Avail,Incmpl,Incmpl,Enable,OFF,OFF,941,711.500,51199.219,51199.219,51199.219,51199.219,51199.219,51199.219,1GRFE ,33.333,Avail,Incmpl,Incmpl,Enable,7.996,OFF,OFF,OFF,OFF,ON,ON,Avail,Compl,Enable,Compl,CL,CL,Compl,Unable,Not Avl,Compl,Compl,Enable,OFF,130,15,199,ON,21.250,6.875,0.107,2359,6,21,-3,OFF,0.781,3.906,3.810,OFF,0,0,80,Avail,Compl,Enable,0,GRN2#  ,ON,0,ACTIVE,ACTIVE,0.962,0.942,0.700,0.700,64.195,58.035,Avail,Compl,Avail,Incmpl,Incmpl,Enable,OBD II (California ARB),OFF,OFF,29.517,0.500,0,1st,OFF,OFF,OFF,OFF,OFF,OFF,0.781,-0.781,ON,OFF,650,0,OFF,OFF,OFF,ON,Gasoline,0.988,OFF,OFF,0.684,ON,1.250,14.902,18,0,0.742,0.742,2.305,0.742,0.918,2.031,46.275,0,14.902,15,0.008,0.027,OFF,ECT 5th,NA,OFF,97.614,97.636,13.333,0,Not Avl,0,0,0,0,ON,ON,0,0,1
274,0,14.141,Not Avl,Compl,Compl,Unable,OFF,Not Avl,Compl,Compl,Unable,OFF,42.969,38.281,28.125,29.375,19.531,39.551,15.686,31.765,0.781,1.582,ON,0,OFF,ON,ON,0.997,0.998,-0.008,-0.004,3.283,3.288,0,97,51199.219,13.906,24.314,OFF,OFF,OFF,OFF,OFF,OFF,OFF,Avail,Incmpl,Incmpl,Enable,Avail,416.600,262.500,416.600,262.500,ON,Avail,Compl,Enable,80,0,0,0,0,0,0,6,A,0,0,Avail,Incmpl,Incmpl,Enable,OFF,OFF,941,707.750,51199.219,51199.219,51199.219,51199.219,51199.219,51199.219,1GRFE ,33.333,Avail,Incmpl,Incmpl,Enable,7.996,OFF,OFF,OFF,OFF,ON,ON,Avail,Compl,Enable,Compl,CL,CL,Compl,Unable,Not Avl,Compl,Compl,Enable,OFF,130,15,210,ON,21.250,6.875,0.106,2377,6,21,-3,OFF,0.781,3.906,3.820,OFF,0,0,80,Avail,Compl,Enable,0,GRN2#  ,ON,0,ACTIVE,ACTIVE,0.962,0.942,0.700,0.700,64.195,58.035,Avail,Compl,Avail,Incmpl,Incmpl,Enable,OBD II (California ARB),OFF,OFF,29.395,0.500,0,1st,OFF,OFF,OFF,OFF,OFF,OFF,0.781,-0.781,ON,OFF,650,0,OFF,OFF,OFF,ON,Gasoline,0.989,OFF,OFF,0.684,ON,1.250,14.902,18,0,0.742,0.742,2.305,0.742,0.918,2.031,46.275,0,14.902,15,0.008,0.027,OFF,ECT 5th,NA,OFF,97.636,97.724,13.333,0,Not Avl,0,0,0,0,ON,ON,0,0,1
275,0,14.159,Not Avl,Compl,Compl,Unable,OFF,Not Avl,Compl,Compl,Unable,OFF,50,38.281,28.125,29.375,19.531,39.551,15.686,31.765,0.781,1.582,ON,0,OFF,ON,ON,0.998,0.998,0,-0.004,3.293,3.288,0,97,51199.219,13.925,24.314,OFF,OFF,OFF,OFF,OFF,OFF,OFF,Avail,Incmpl,Incmpl,Enable,Avail,416.500,262.300,416.500,262.300,ON,Avail,Compl,Enable,80,0,0,0,0,0,0,6,A,0,0,Avail,Incmpl,Incmpl,Enable,OFF,OFF,942,702.250,51199.219,51199.219,51199.219,51199.219,51199.219,51199.219,1GRFE ,33.725,Avail,Incmpl,Incmpl,Enable,7.996,OFF,OFF,OFF,OFF,ON,ON,Avail,Compl,Enable,Compl,CL,CL,Compl,Unable,Not Avl,Compl,Compl,Enable,OFF,130,15,220,ON,21.250,6.875,0.106,2377,6,21,-3,OFF,0.781,3.906,3.810,OFF,0,0,87,Avail,Compl,Enable,0,GRN2#  ,ON,0,ACTIVE,ACTIVE,0.962,0.947,0.700,0.700,63.871,58.359,Avail,Compl,Avail,Incmpl,Incmpl,Enable,OBD II (California ARB),OFF,OFF,29.150,0.500,0,1st,OFF,OFF,OFF,OFF,OFF,OFF,0.781,-0.781,ON,OFF,650,0,OFF,OFF,OFF,ON,Gasoline,0.990,OFF,OFF,0.684,ON,1.250,14.902,18,0,0.742,0.742,2.305,0.742,0.918,2.031,46.275,0,14.902,15,0.008,0.027,OFF,ECT 5th,NA,OFF,97.614,97.724,13.725,0,Not Avl,0,0,0,0,ON,ON,0,0,1
276,0,14.149,Not Avl,Compl,Compl,Unable,OFF,Not Avl,Compl,Compl,Unable,OFF,53.906,38.281,28.125,29.375,19.531,39.551,15.686,31.765,0.781,1.582,ON,0,OFF,ON,ON,1.002,0.999,0.023,0.008,3.308,3.293,0,97,51199.219,13.925,24.314,OFF,OFF,OFF,OFF,OFF,OFF,OFF,Avail,Incmpl,Incmpl,Enable,Avail,416.500,262.300,416.500,262.300,ON,Avail,Compl,Enable,80,0,0,0,0,0,0,6,A,0,0,Avail,Incmpl,Incmpl,Enable,OFF,OFF,942,703.750,51199.219,51199.219,51199.219,51199.219,51199.219,51199.219,1GRFE ,33.725,Avail,Incmpl,Incmpl,Enable,7.996,OFF,OFF,OFF,OFF,ON,ON,Avail,Compl,Enable,Compl,CL,CL,Compl,Unable,Not Avl,Compl,Compl,Enable,OFF,130,15,231,ON,21.250,6.875,0.106,2384,6,21,-3,OFF,0.781,3.906,3.850,OFF,0,0,87,Avail,Compl,Enable,0,GRN2#  ,ON,0,ACTIVE,ACTIVE,0.962,0.942,0.700,0.700,63.871,58.359,Avail,Compl,Avail,Incmpl,Incmpl,Enable,OBD II (California ARB),OFF,OFF,29.395,0.500,0,1st,OFF,OFF,OFF,OFF,OFF,OFF,0.781,-0.781,ON,OFF,650,0,OFF,OFF,OFF,ON,Gasoline,0.988,OFF,OFF,0.684,ON,1.250,14.902,18,0,0.742,0.742,2.305,0.742,0.918,2.031,46.275,0,14.902,15,0.008,0.027,OFF,ECT 5th,NA,OFF,97.614,97.680,13.725,0,Not Avl,0,0,0,0,ON,ON,0,0,1
277,0,14.141,Not Avl,Compl,Compl,Unable,OFF,Not Avl,Compl,Compl,Unable,OFF,56.250,38.281,28.125,29.375,19.531,39.551,15.686,31.765,0.781,1.582,ON,0,OFF,ON,ON,1.003,1.000,0.008,0,3.313,3.298,0,97,51199.219,13.925,24.314,OFF,OFF,OFF,OFF,OFF,OFF,OFF,Avail,Incmpl,Incmpl,Enable,Avail,416.500,262.300,416.500,262.300,ON,Avail,Compl,Enable,80,0,0,0,0,0,0,6,A,0,0,Avail,Incmpl,Incmpl,Enable,OFF,OFF,942,708.500,51199.219,51199.219,51199.219,51199.219,51199.219,51199.219,1GRFE ,33.725,Avail,Incmpl,Incmpl,Enable,7.996,OFF,OFF,OFF,OFF,ON,ON,Avail,Compl,Enable,Compl,CL,CL,Compl,Unable,Not Avl,Compl,Compl,Enable,OFF,130,15,242,ON,21.250,6.875,0.106,2369,6,21,-3,OFF,0.781,3.906,3.810,OFF,0,0,87,Avail,Compl,Enable,0,GRN2#  ,ON,0,ACTIVE,ACTIVE,0.962,0.942,0.700,0.700,64.195,58.359,Avail,Compl,Avail,Incmpl,Incmpl,Enable,OBD II (California ARB),OFF,OFF,29.395,0.500,0,1st,OFF,OFF,OFF,OFF,OFF,OFF,0.781,-0.781,ON,OFF,650,0,OFF,OFF,OFF,ON,Gasoline,0.987,OFF,OFF,0.684,ON,1.250,14.902,18,0,0.742,0.742,2.305,0.742,0.918,2.031,46.275,0,14.902,15,0.008,0.031,OFF,ECT 5th,NA,OFF,97.636,97.680,13.333,0,Not Avl,0,0,0,0,ON,ON,0,0,1
278,0,14.159,Not Avl,Compl,Compl,Unable,OFF,Not Avl,Compl,Compl,Unable,OFF,57.812,38.281,28.125,29.375,19.531,39.551,15.686,31.765,0.781,1.582,ON,0,OFF,ON,ON,1.002,1.002,0.004,0.004,3.308,3.308,0,97,51199.219,13.906,24.314,OFF,OFF,OFF,OFF,OFF,OFF,OFF,Avail,Incmpl,Incmpl,Enable,Avail,416.500,262.300,416.500,262.300,ON,Avail,Compl,Enable,80,0,0,0,0,0,0,6,A,0,0,Avail,Incmpl,Incmpl,Enable,OFF,OFF,943,713.250,51199.219,51199.219,51199.219,51199.219,51199.219,51199.219,1GRFE ,33.725,Avail,Incmpl,Incmpl,Enable,7.996,OFF,OFF,OFF,OFF,ON,ON,Avail,Compl,Enable,Compl,CL,CL,Compl,Unable,Not Avl,Compl,Compl,Enable,OFF,130,15,253,ON,21.250,6.875,0.106,2369,6,21,-3,OFF,0.781,3.906,3.840,OFF,0,0,87,Avail,Compl,Enable,0,GRN2#  ,ON,0,ACTIVE,ACTIVE,0.962,0.942,0.700,0.700,63.871,58.359,Avail,Compl,Avail,Incmpl,Incmpl,Enable,OBD II (California ARB),OFF,OFF,29.517,0.500,0,1st,OFF,OFF,OFF,OFF,OFF,OFF,0.781,-0.781,ON,OFF,650,0,OFF,OFF,OFF,ON,Gasoline,0.987,OFF,OFF,0.684,ON,1.250,14.902,18,0,0.742,0.742,2.305,0.742,0.918,2.031,46.275,0,14.902,15,0.008,0.031,OFF,ECT 5th,NA,OFF,97.636,97.746,13.333,0,Not Avl,0,0,0,0,ON,ON,0,0,1
279,0,14.141,Not Avl,Compl,Compl,Unable,OFF,Not Avl,Compl,Compl,Unable,OFF,57.812,38.281,28.125,29.375,19.531,39.551,15.686,31.765,0.781,1.582,ON,0,OFF,ON,ON,1.001,1.002,0,0.004,3.303,3.308,0,97,51199.219,13.925,24.314,OFF,OFF,OFF,OFF,OFF,OFF,OFF,Avail,Incmpl,Incmpl,Enable,Avail,416.300,262.100,416.300,262.100,ON,Avail,Compl,Enable,80,0,0,0,0,0,0,6,A,0,0,Avail,Incmpl,Incmpl,Enable,OFF,OFF,943,715.500,51199.219,51199.219,51199.219,51199.219,51199.219,51199.219,1GRFE ,33.725,Avail,Incmpl,Incmpl,Enable,7.996,OFF,OFF,OFF,OFF,ON,ON,Avail,Compl,Enable,Compl,CL,CL,Compl,Unable,Not Avl,Compl,Compl,Enable,OFF,130,15,264,ON,21.250,6.875,0.106,2366,6,21,-3,OFF,0.781,3.906,3.820,OFF,0,0,82,Avail,Compl,Enable,0,GRN2#  ,ON,0,ACTIVE,ACTIVE,0.962,0.947,0.700,0.700,64.195,58.359,Avail,Compl,Avail,Incmpl,Incmpl,Enable,OBD II (California ARB),OFF,OFF,29.395,0.500,0,1st,OFF,OFF,OFF,OFF,OFF,OFF,0.781,-0.781,ON,OFF,650,0,OFF,OFF,OFF,ON,Gasoline,0.986,OFF,OFF,0.684,ON,1.250,14.902,18,0,0.742,0.742,2.305,0.742,0.918,2.031,46.275,0,14.902,15,0.008,0.031,OFF,ECT 5th,NA,OFF,97.614,97.680,13.333,0,Not Avl,0,0,0,0,ON,ON,0,0,1
280,0,14.160,Not Avl,Compl,Compl,Unable,OFF,Not Avl,Compl,Compl,Unable,OFF,48.438,38.281,28.125,29.375,19.531,39.551,15.686,31.765,0.781,1.582,ON,0,OFF,ON,ON,1.000,1.001,0,0,3.298,3.303,0,97,51199.219,13.906,24.314,OFF,OFF,OFF,OFF,OFF,OFF,OFF,Avail,Incmpl,Incmpl,Enable,Avail,416.300,262.100,416.300,262.100,ON,Avail,Compl,Enable,80,0,0,0,0,0,0,6,A,0,0,Avail,Incmpl,Incmpl,Enable,OFF,OFF,943,710.750,51199.219,51199.219,51199.219,51199.219,51199.219,51199.219,1GRFE ,33.725,Avail,Incmpl,Incmpl,Enable,7.996,OFF,OFF,OFF,OFF,ON,ON,Avail,Compl,Enable,Compl,CL,CL,Compl,Unable,Not Avl,Compl,Compl,Enable,OFF,130,15,275,ON,21.250,6.875,0.107,2366,6,21,-3,OFF,0.781,3.906,3.810,OFF,0,0,82,Avail,Compl,Enable,0,GRN2#  ,ON,0,ACTIVE,ACTIVE,0.962,0.942,0.700,0.700,64.195,58.359,Avail,Compl,Avail,Incmpl,Incmpl,Enable,OBD II (California ARB),OFF,OFF,29.395,0.500,0,1st,OFF,OFF,OFF,OFF,OFF,OFF,0.781,-0.781,ON,OFF,650,0,OFF,OFF,OFF,ON,Gasoline,0.986,OFF,OFF,0.684,ON,1.250,14.902,18,0,0.742,0.742,2.305,0.742,0.918,2.031,46.275,0,14.902,15,0.008,0.031,OFF,ECT 5th,NA,OFF,97.592,97.526,13.333,0,Not Avl,0,0,0,0,ON,ON,0,0,1
281,0,14.160,Not Avl,Compl,Compl,Unable,OFF,Not Avl,Compl,Compl,Unable,OFF,41.406,38.281,28.125,29.375,19.531,39.551,15.686,31.765,0.781,1.582,ON,0,OFF,ON,ON,1.002,0.997,0.008,-0.012,3.313,3.279,0,97,51199.219,13.925,24.314,OFF,OFF,OFF,OFF,OFF,OFF,OFF,Avail,Incmpl,Incmpl,Enable,Avail,416.300,262.100,416.300,262.100,ON,Avail,Compl,Enable,80,0,0,0,0,0,0,6,A,0,0,Avail,Incmpl,Incmpl,Enable,OFF,OFF,944,713.250,51199.219,51199.219,51199.219,51199.219,51199.219,51199.219,1GRFE ,33.725,Avail,Incmpl,Incmpl,Enable,7.996,OFF,OFF,OFF,OFF,ON,ON,Avail,Compl,Enable,Compl,CL,CL,Compl,Unable,Not Avl,Compl,Compl,Enable,OFF,130,15,289,ON,21.250,6.875,0.107,2373,6,21,-3,OFF,0.781,3.906,3.840,OFF,0,0,82,Avail,Compl,Enable,0,GRN2#  ,ON,0,ACTIVE,ACTIVE,0.962,0.942,0.700,0.700,64.195,58.359,Avail,Compl,Avail,Incmpl,Incmpl,Enable,OBD II (California ARB),OFF,OFF,29.517,0.500,0,1st,OFF,OFF,OFF,OFF,OFF,OFF,1.562,-0.781,ON,OFF,650,0,OFF,OFF,OFF,ON,Gasoline,0.984,OFF,OFF,0.684,ON,1.250,14.902,18,0,0.742,0.742,2.305,0.742,0.918,2.031,46.275,0,14.902,15,0.012,0.031,OFF,ECT 5th,NA,OFF,97.614,97.658,13.333,0,Not Avl,0,0,0,0,ON,ON,0,0,1
282,0,14.158,Not Avl,Compl,Compl,Unable,OFF,Not Avl,Compl,Compl,Unable,OFF,39.062,38.281,28.125,29.375,19.531,39.551,15.686,31.765,0.781,1.582,ON,0,OFF,ON,ON,1.000,0.997,0,-0.008,3.298,3.283,0,97,51199.219,13.925,24.314,OFF,OFF,OFF,OFF,OFF,OFF,OFF,Avail,Incmpl,Incmpl,Enable,Avail,416.100,261.900,416.100,261.900,ON,Avail,Compl,Enable,80,0,0,0,0,0,0,6,A,0,0,Avail,Incmpl,Incmpl,Enable,OFF,OFF,944,715.500,51199.219,51199.219,51199.219,51199.219,51199.219,51199.219,1GRFE ,33.725,Avail,Incmpl,Incmpl,Enable,7.996,OFF,OFF,OFF,OFF,ON,ON,Avail,Compl,Enable,Compl,CL,CL,Compl,Unable,Not Avl,Compl,Compl,Enable,OFF,130,15,303,ON,21.250,6.875,0.107,2380,6,21,-3,OFF,0.781,3.906,3.820,OFF,0,0,84,Avail,Compl,Enable,0,GRN2#  ,ON,0,ACTIVE,ACTIVE,0.962,0.942,0.700,0.700,63.871,58.359,Avail,Compl,Avail,Incmpl,Incmpl,Enable,OBD II (California ARB),OFF,OFF,29.517,0.500,0,1st,OFF,OFF,OFF,OFF,OFF,OFF,0.781,-0.781,ON,OFF,650,0,OFF,OFF,OFF,ON,Gasoline,0.983,OFF,OFF,0.684,ON,1.250,14.902,18,0,0.742,0.742,2.305,0.742,0.918,2.031,46.275,0,14.902,15,0.012,0.031,OFF,ECT 5th,NA,OFF,97.614,97.724,13.333,0,Not Avl,0,0,0,0,ON,ON,0,0,1
283,0,14.141,Not Avl,Compl,Compl,Unable,OFF,Not Avl,Compl,Compl,Unable,OFF,38.281,38.281,28.125,29.375,19.531,39.551,15.686,31.765,0.781,1.582,ON,0,OFF,ON,ON,0.996,0.998,-0.008,-0.004,3.283,3.288,0,97,51199.219,13.906,24.314,OFF,OFF,OFF,OFF,OFF,OFF,OFF,Avail,Incmpl,Incmpl,Enable,Avail,416.100,261.900,416.100,261.900,ON,Avail,Compl,Enable,80,0,0,0,0,0,0,6,A,0,0,Avail,Incmpl,Incmpl,Enable,OFF,OFF,944,710,51199.219,51199.219,51199.219,51199.219,51199.219,51199.219,1GRFE ,33.725,Avail,Incmpl,Incmpl,Enable,7.996,OFF,OFF,OFF,OFF,ON,ON,Avail,Compl,Enable,Compl,CL,CL,Compl,Unable,Not Avl,Compl,Compl,Enable,OFF,130,15,315,ON,21.250,6.875,0.107,2366,6,21,-3,OFF,0.781,3.906,3.810,OFF,0,0,84,Avail,Compl,Enable,0,GRN2#  ,ON,0,ACTIVE,ACTIVE,0.962,0.947,0.700,0.700,64.195,58.359,Avail,Compl,Avail,Incmpl,Incmpl,Enable,OBD II (California ARB),OFF,OFF,29.279,0.500,0,1st,OFF,OFF,OFF,OFF,OFF,OFF,0.781,-0.781,ON,OFF,650,0,OFF,OFF,OFF,ON,Gasoline,0.983,OFF,OFF,0.684,ON,1.250,14.902,18,0,0.742,0.742,2.305,0.742,0.918,2.031,46.275,0,14.902,15,0.012,0.031,OFF,ECT 5th,NA,OFF,97.614,97.658,13.333,0,Not Avl,0,0,0,0,ON,ON,0,0,1
284,0,14.159,Not Avl,Compl,Compl,Unable,OFF,Not Avl,Compl,Compl,Unable,OFF,38.281,50.781,28.125,29.375,19.531,39.551,15.686,31.765,0.781,1.582,ON,0,OFF,ON,ON,0.997,0.999,-0.008,0,3.283,3.293,0,97,51199.219,13.925,24.314,OFF,OFF,OFF,OFF,OFF,OFF,OFF,Avail,Incmpl,Incmpl,Enable,Avail,416.100,261.900,416.100,261.900,ON,Avail,Compl,Enable,80,0,0,0,0,0,0,6,A,0,0,Avail,Incmpl,Incmpl,Enable,OFF,OFF,945,716.250,51199.219,51199.219,51199.219,51199.219,51199.219,51199.219,1GRFE ,33.725,Avail,Incmpl,Incmpl,Enable,7.996,OFF,OFF,OFF,OFF,ON,ON,Avail,Compl,Enable,Compl,CL,CL,Compl,Unable,Not Avl,Compl,Compl,Enable,OFF,130,15,328,ON,21.250,6.875,0.106,2366,6,21,-3,OFF,0.781,3.906,3.810,OFF,0,0,84,Avail,Compl,Enable,0,GRN2#  ,ON,0,ACTIVE,ACTIVE,0.967,0.947,0.700,0.700,63.871,58.359,Avail,Compl,Avail,Incmpl,Incmpl,Enable,OBD II (California ARB),OFF,OFF,29.395,0.500,0,1st,OFF,OFF,OFF,OFF,OFF,OFF,0.781,-0.781,ON,OFF,650,0,OFF,OFF,OFF,ON,Gasoline,0.985,OFF,OFF,0.684,ON,1.250,14.902,18,0,0.742,0.742,2.305,0.742,0.918,2.031,46.275,0,14.902,15,0.012,0.031,OFF,ECT 5th,NA,OFF,97.592,97.482,13.333,0,Not Avl,0,0,0,0,ON,ON,0,0,1
285,0,14.159,Not Avl,Compl,Compl,Unable,OFF,Not Avl,Compl,Compl,Unable,OFF,38.281,48.438,28.125,29.375,19.531,39.551,15.686,31.765,0.781,1.582,ON,0,OFF,ON,ON,0.997,1.000,-0.008,0,3.283,3.298,0,97,51199.219,13.925,23.922,OFF,OFF,OFF,OFF,OFF,OFF,OFF,Avail,Incmpl,Incmpl,Enable,Avail,415.900,261.700,415.900,261.700,ON,Avail,Compl,Enable,80,0,0,0,0,0,0,6,A,0,0,Avail,Incmpl,Incmpl,Enable,OFF,OFF,945,707,51199.219,51199.219,51199.219,51199.219,51199.219,51199.219,1GRFE ,33.725,Avail,Incmpl,Incmpl,Enable,7.996,OFF,OFF,OFF,OFF,ON,ON,Avail,Compl,Enable,Compl,CL,CL,Compl,Unable,Not Avl,Compl,Compl,Enable,OFF,130,15,344,ON,21.250,6.875,0.106,2359,6,21,-3,OFF,0.781,3.906,3.820,OFF,0,0,82,Avail,Compl,Enable,0,GRN2#  ,ON,0,ACTIVE,ACTIVE,0.962,0.942,0.700,0.700,64.195,58.359,Avail,Compl,Avail,Incmpl,Incmpl,Enable,OBD II (California ARB),OFF,OFF,29.279,0.500,0,1st,OFF,OFF,OFF,OFF,OFF,OFF,0.781,-0.781,ON,OFF,650,0,OFF,OFF,OFF,ON,Gasoline,0.985,OFF,OFF,0.684,ON,1.250,14.902,18,0,0.742,0.742,2.305,0.742,0.918,2.031,46.275,0,14.902,15,0.012,0.031,OFF,ECT 5th,NA,OFF,97.636,97.746,13.333,0,Not Avl,0,0,0,0,ON,ON,0,0,1
286,0,14.141,Not Avl,Compl,Compl,Unable,OFF,Not Avl,Compl,Compl,Unable,OFF,38.281,54.688,28.125,29.375,19.531,39.551,15.686,31.765,0.781,1.582,ON,0,OFF,ON,ON,0.998,1.001,0.012,0.016,3.293,3.303,0,97,51199.219,13.925,24.314,OFF,OFF,OFF,OFF,OFF,OFF,OFF,Avail,Incmpl,Incmpl,Enable,Avail,415.900,261.700,415.900,261.700,ON,Avail,Compl,Enable,80,0,0,0,0,0,0,6,A,0,0,Avail,Incmpl,Incmpl,Enable,OFF,OFF,945,706.250,51199.219,51199.219,51199.219,51199.219,51199.219,51199.219,1GRFE ,33.333,Avail,Incmpl,Incmpl,Enable,7.996,OFF,OFF,OFF,OFF,ON,ON,Avail,Compl,Enable,Compl,CL,CL,Compl,Unable,Not Avl,Compl,Compl,Enable,OFF,130,15.500,357,ON,21.250,6.875,0.106,2381,6,21,-3,OFF,0.781,3.906,3.850,OFF,0,0,82,Avail,Compl,Enable,0,GRN2#  ,ON,0,ACTIVE,ACTIVE,0.962,0.947,0.680,0.700,64.195,58.359,Avail,Compl,Avail,Incmpl,Incmpl,Enable,OBD II (California ARB),OFF,OFF,29.150,0.500,0,1st,OFF,OFF,OFF,OFF,OFF,OFF,0.781,-0.781,ON,OFF,650,0,OFF,OFF,OFF,ON,Gasoline,0.985,OFF,OFF,0.684,ON,1.250,14.902,18,0,0.742,0.742,2.305,0.742,0.918,2.031,46.275,0,14.902,15,0.012,0.031,OFF,ECT 5th,NA,OFF,97.636,97.680,13.725,0,Not Avl,0,0,0,0,ON,ON,0,0,1
287,0,14.159,Not Avl,Compl,Compl,Unable,OFF,Not Avl,Compl,Compl,Unable,OFF,38.281,57.031,28.125,29.375,19.531,39.551,15.686,31.765,0.781,1.582,ON,0,OFF,ON,ON,0.999,1.000,0,0,3.298,3.298,0,97,51199.219,13.906,24.314,OFF,OFF,OFF,OFF,OFF,OFF,OFF,Avail,Incmpl,Incmpl,Enable,Avail,415.700,261.500,415.700,261.500,ON,Avail,Compl,Enable,80,0,0,0,0,0,0,6,A,0,0,Avail,Incmpl,Incmpl,Enable,OFF,OFF,946,710.750,51199.219,51199.219,51199.219,51199.219,51199.219,51199.219,1GRFE ,33.725,Avail,Incmpl,Incmpl,Enable,7.996,OFF,OFF,OFF,OFF,ON,ON,Avail,Compl,Enable,Compl,CL,CL,Compl,Unable,Not Avl,Compl,Compl,Enable,OFF,130,15,370,ON,21.250,6.875,0.106,2377,6,21,-3,OFF,0.781,3.906,3.820,OFF,0,0,77,Avail,Compl,Enable,0,GRN2#  ,ON,0,ACTIVE,ACTIVE,0.962,0.947,0.680,0.700,63.547,58.035,Avail,Compl,Avail,Incmpl,Incmpl,Enable,OBD II (California ARB),OFF,OFF,29.279,0.500,0,1st,OFF,OFF,OFF,OFF,OFF,OFF,0.781,-0.781,ON,OFF,650,0,OFF,OFF,OFF,ON,Gasoline,0.985,OFF,OFF,0.684,ON,1.250,14.902,18,0,0.742,0.742,2.305,0.742,0.918,2.031,46.275,0,14.902,15,0.012,0.031,OFF,ECT 5th,NA,OFF,97.636,97.746,13.333,0,Not Avl,0,0,0,0,ON,ON,0,0,1
288,0,14.159,Not Avl,Compl,Compl,Unable,OFF,Not Avl,Compl,Compl,Unable,OFF,38.281,45.312,28.125,29.375,19.531,39.551,15.686,31.765,0.781,1.582,ON,0,OFF,ON,ON,0.998,0.999,-0.004,0,3.288,3.293,0,97,51199.219,13.925,24.314,OFF,OFF,OFF,OFF,OFF,OFF,OFF,Avail,Incmpl,Incmpl,Enable,Avail,415.700,261.500,415.700,261.500,ON,Avail,Compl,Enable,80,0,0,0,0,0,0,6,A,0,0,Avail,Incmpl,Incmpl,Enable,OFF,OFF,946,708.500,51199.219,51199.219,51199.219,51199.219,51199.219,51199.219,1GRFE ,33.333,Avail,Incmpl,Incmpl,Enable,7.996,OFF,OFF,OFF,OFF,ON,ON,Avail,Compl,Enable,Compl,CL,CL,Compl,Unable,Not Avl,Compl,Compl,Enable,OFF,130,15,385,ON,21.250,6.875,0.106,2366,6,21,-3,OFF,0.781,3.906,3.790,OFF,0,0,77,Avail,Compl,Enable,0,GRN2#  ,ON,0,ACTIVE,ACTIVE,0.962,0.947,0.680,0.700,64.195,58.359,Avail,Compl,Avail,Incmpl,Incmpl,Enable,OBD II (California ARB),OFF,OFF,29.395,0.500,0,1st,OFF,OFF,OFF,OFF,OFF,OFF,0.781,0,ON,OFF,650,0,OFF,OFF,OFF,ON,Gasoline,0.985,OFF,OFF,0.684,ON,1.250,14.902,18,0,0.742,0.742,2.305,0.742,0.918,2.031,46.275,0,14.902,15,0.012,0.031,OFF,ECT 5th,NA,OFF,97.592,97.482,13.333,0,Not Avl,0,0,0,0,ON,ON,0,0,1
289,0,14.159,Not Avl,Compl,Compl,Unable,OFF,Not Avl,Compl,Compl,Unable,OFF,50.781,40.625,28.125,29.375,19.531,39.551,15.686,31.765,0.781,1.582,ON,0,OFF,ON,ON,0.998,1.001,0,0,3.293,3.303,0,97,51199.219,13.906,24.314,OFF,OFF,OFF,OFF,OFF,OFF,OFF,Avail,Incmpl,Incmpl,Enable,Avail,415.700,261.500,415.700,261.500,ON,Avail,Compl,Enable,80,0,0,0,0,0,0,6,A,0,0,Avail,Incmpl,Incmpl,Enable,OFF,OFF,947,708.500,51199.219,51199.219,51199.219,51199.219,51199.219,51199.219,1GRFE ,33.333,Avail,Incmpl,Incmpl,Enable,7.996,OFF,OFF,OFF,OFF,ON,ON,Avail,Compl,Enable,Compl,CL,CL,Compl,Unable,Not Avl,Compl,Compl,Enable,OFF,130,15,398,ON,21.250,6.875,0.106,2384,6,21,-3,OFF,0.781,3.906,3.790,OFF,0,0,77,Avail,Compl,Enable,0,GRN2#  ,ON,0,ACTIVE,ACTIVE,0.962,0.947,0.680,0.700,64.195,58.359,Avail,Compl,Avail,Incmpl,Incmpl,Enable,OBD II (California ARB),OFF,OFF,29.395,0.500,0,1st,OFF,OFF,OFF,OFF,OFF,OFF,0.781,0,ON,OFF,650,0,OFF,OFF,OFF,ON,Gasoline,0.985,OFF,OFF,0.684,ON,1.250,14.902,18,0,0.742,0.742,2.305,0.742,0.918,2.031,46.275,0,14.902,15,0.012,0.035,OFF,ECT 5th,NA,OFF,97.592,97.548,13.333,0,Not Avl,0,0,0,0,ON,ON,0,0,1
290,0,14.149,Not Avl,Compl,Compl,Unable,OFF,Not Avl,Compl,Compl,Unable,OFF,55.469,38.281,28.125,29.375,19.531,39.551,15.686,31.765,0.781,1.582,ON,0,OFF,ON,ON,1.000,1.001,0,0,3.298,3.303,0,97,51199.219,13.906,24.314,OFF,OFF,OFF,OFF,OFF,OFF,OFF,Avail,Incmpl,Incmpl,Enable,Avail,415.500,261.300,415.500,261.300,ON,Avail,Compl,Enable,80,0,0,0,0,0,0,6,A,0,0,Avail,Incmpl,Incmpl,Enable,OFF,OFF,947,713.250,51199.219,51199.219,51199.219,51199.219,51199.219,51199.219,1GRFE ,33.725,Avail,Incmpl,Incmpl,Enable,7.996,OFF,OFF,OFF,OFF,ON,ON,Avail,Compl,Enable,Compl,CL,CL,Compl,Unable,Not Avl,Compl,Compl,Enable,OFF,130,15,412,ON,21.250,6.875,0.106,2373,6,21,-3,OFF,0.781,3.906,3.810,OFF,0,0,79,Avail,Compl,Enable,0,GRN2#  ,ON,0,ACTIVE,ACTIVE,0.962,0.942,0.680,0.700,64.195,58.359,Avail,Compl,Avail,Incmpl,Incmpl,Enable,OBD II (California ARB),OFF,OFF,29.626,0.500,0,1st,OFF,OFF,OFF,OFF,OFF,OFF,0.781,0,ON,OFF,650,0,OFF,OFF,OFF,ON,Gasoline,0.985,OFF,OFF,0.684,ON,1.250,14.902,18,0,0.742,0.742,2.305,0.742,0.918,2.031,46.275,0,14.902,15,0.012,0.035,OFF,ECT 5th,NA,OFF,97.592,97.460,13.333,0,Not Avl,0,0,0,0,ON,ON,0,0,1
291,0,14.159,Not Avl,Compl,Compl,Unable,OFF,Not Avl,Compl,Compl,Unable,OFF,57.031,38.281,28.125,29.375,19.531,39.551,15.686,31.765,0.781,1.582,ON,0,OFF,ON,ON,0.997,1.002,-0.004,0.004,3.288,3.308,0,97,51199.219,13.906,24.314,OFF,OFF,OFF,OFF,OFF,OFF,OFF,Avail,Incmpl,Incmpl,Enable,Avail,415.500,261.300,415.500,261.300,ON,Avail,Compl,Enable,80,0,0,0,0,0,0,6,A,0,0,Avail,Incmpl,Incmpl,Enable,OFF,OFF,947,710.750,51199.219,51199.219,51199.219,51199.219,51199.219,51199.219,1GRFE ,33.333,Avail,Incmpl,Incmpl,Enable,7.996,OFF,OFF,OFF,OFF,ON,ON,Avail,Compl,Enable,Compl,CL,CL,Compl,Unable,Not Avl,Compl,Compl,Enable,OFF,130,15,425,ON,21.250,6.875,0.106,2381,6,21,-3,OFF,0.781,3.906,3.790,OFF,0,0,79,Avail,Compl,Enable,0,GRN2#  ,ON,0,ACTIVE,ACTIVE,0.962,0.942,0.680,0.700,64.195,58.359,Avail,Compl,Avail,Incmpl,Incmpl,Enable,OBD II (California ARB),OFF,OFF,29.395,0.500,0,1st,OFF,OFF,OFF,OFF,OFF,OFF,0.781,0,ON,OFF,650,0,OFF,OFF,OFF,ON,Gasoline,0.985,OFF,OFF,0.684,ON,1.250,14.902,18,0,0.742,0.742,2.305,0.742,0.918,2.031,46.275,0,14.902,15,0.012,0.035,OFF,ECT 5th,NA,OFF,97.614,97.570,13.333,0,Not Avl,0,0,0,0,ON,ON,0,0,1
292,0,14.149,Not Avl,Compl,Compl,Unable,OFF,Not Avl,Compl,Compl,Unable,OFF,57.812,38.281,28.125,29.375,19.531,39.551,15.686,31.765,0.781,1.582,ON,0,OFF,ON,ON,0.996,1.001,-0.012,0,3.279,3.303,0,97,51199.219,13.906,24.314,OFF,OFF,OFF,OFF,OFF,OFF,OFF,Avail,Incmpl,Incmpl,Enable,Avail,415.500,261.300,415.500,261.300,ON,Avail,Compl,Enable,80,0,0,0,0,0,0,6,A,0,0,Avail,Incmpl,Incmpl,Enable,OFF,OFF,948,709.250,51199.219,51199.219,51199.219,51199.219,51199.219,51199.219,1GRFE ,33.725,Avail,Incmpl,Incmpl,Enable,7.996,OFF,OFF,OFF,OFF,ON,ON,Avail,Compl,Enable,Compl,CL,CL,Compl,Unable,Not Avl,Compl,Compl,Enable,OFF,130,15,435,ON,21.250,6.875,0.106,2377,6,21,-3,OFF,0.781,3.906,3.810,OFF,0,0,79,Avail,Compl,Enable,0,GRN2#  ,ON,0,ACTIVE,ACTIVE,0.962,0.942,0.680,0.700,64.195,58.684,Avail,Compl,Avail,Incmpl,Incmpl,Enable,OBD II (California ARB),OFF,OFF,29.517,0.500,0,1st,OFF,OFF,OFF,OFF,OFF,OFF,0.781,0,ON,OFF,650,0,OFF,OFF,OFF,ON,Gasoline,0.985,OFF,OFF,0.684,ON,1.250,14.902,18,0,0.742,0.742,2.305,0.742,0.918,2.031,46.275,0,14.902,15,0.016,0.035,OFF,ECT 5th,NA,OFF,97.636,97.746,13.333,0,Not Avl,0,0,0,0,ON,ON,0,0,1
293,0,14.160,Not Avl,Compl,Compl,Unable,OFF,Not Avl,Compl,Compl,Unable,OFF,48.438,38.281,28.125,29.375,19.531,39.551,15.686,31.765,0.781,1.582,ON,0,OFF,ON,ON,0.997,1.001,-0.008,0,3.283,3.303,0,97,51199.219,13.925,24.314,OFF,OFF,OFF,OFF,OFF,OFF,OFF,Avail,Incmpl,Incmpl,Enable,Avail,415.300,261.100,415.300,261.100,ON,Avail,Compl,Enable,80,0,0,0,0,0,0,6,A,0,0,Avail,Incmpl,Incmpl,Enable,OFF,OFF,948,710,51199.219,51199.219,51199.219,51199.219,51199.219,51199.219,1GRFE ,33.333,Avail,Incmpl,Incmpl,Enable,7.996,OFF,OFF,OFF,OFF,ON,ON,Avail,Compl,Enable,Compl,CL,CL,Compl,Unable,Not Avl,Compl,Compl,Enable,OFF,130,15,446,ON,21.250,6.875,0.107,2377,6,21,-3,OFF,0.781,3.906,3.810,OFF,0,0,76,Avail,Compl,Enable,0,GRN2#  ,ON,0,ACTIVE,ACTIVE,0.962,0.942,0.680,0.700,64.195,58.684,Avail,Compl,Avail,Incmpl,Incmpl,Enable,OBD II (California ARB),OFF,OFF,29.395,0.500,0,1st,OFF,OFF,OFF,OFF,OFF,OFF,0.781,0,ON,OFF,650,0,OFF,OFF,OFF,ON,Gasoline,0.986,OFF,OFF,0.684,ON,1.172,14.902,18,0,0.742,0.742,2.305,0.742,0.918,2.031,46.275,0,14.902,15,0.016,0.035,OFF,ECT 5th,NA,OFF,97.614,97.702,13.333,0,Not Avl,0,0,0,0,ON,ON,0,0,1
294,0,14.159,Not Avl,Compl,Compl,Unable,OFF,Not Avl,Compl,Compl,Unable,OFF,41.406,38.281,28.125,29.375,19.531,39.551,15.686,31.765,0.781,1.582,ON,0,OFF,ON,ON,0.998,0.999,-0.004,0,3.288,3.293,0,97,51199.219,13.925,24.314,OFF,OFF,OFF,OFF,OFF,OFF,OFF,Avail,Incmpl,Incmpl,Enable,Avail,415.300,261.100,415.300,261.100,ON,Avail,Compl,Enable,80,0,0,0,0,0,0,6,A,0,0,Avail,Incmpl,Incmpl,Enable,OFF,OFF,948,707.750,51199.219,51199.219,51199.219,51199.219,51199.219,51199.219,1GRFE ,33.725,Avail,Incmpl,Incmpl,Enable,7.996,OFF,OFF,OFF,OFF,ON,ON,Avail,Compl,Enable,Compl,CL,CL,Compl,Unable,Not Avl,Compl,Compl,Enable,OFF,130,15,457,ON,21.250,6.875,0.107,2380,6,21,-3,OFF,0.781,3.906,3.820,OFF,0,0,76,Avail,Compl,Enable,0,GRN2#  ,ON,0,ACTIVE,ACTIVE,0.962,0.947,0.680,0.700,64.520,58.359,Avail,Compl,Avail,Incmpl,Incmpl,Enable,OBD II (California ARB),OFF,OFF,29.395,0.500,0,1st,OFF,OFF,OFF,OFF,OFF,OFF,0.781,0,ON,OFF,650,0,OFF,OFF,OFF,ON,Gasoline,0.986,OFF,OFF,0.684,ON,1.172,14.902,18,0,0.742,0.742,2.305,0.742,0.918,2.031,46.275,0,14.902,15,0.016,0.035,OFF,ECT 5th,NA,OFF,97.614,97.614,13.333,0,Not Avl,0,0,0,0,ON,ON,0,0,1
295,0,14.141,Not Avl,Compl,Compl,Unable,OFF,Not Avl,Compl,Compl,Unable,OFF,39.844,38.281,28.125,29.375,19.531,39.551,15.686,31.765,0.781,1.582,ON,0,OFF,ON,ON,0.998,0.998,0,0,3.293,3.293,0,97,51199.219,13.906,24.314,OFF,OFF,OFF,OFF,OFF,OFF,OFF,Avail,Incmpl,Incmpl,Enable,Avail,415.300,261.100,415.300,261.100,ON,Avail,Compl,Enable,80,0,0,0,0,0,0,6,A,0,0,Avail,Incmpl,Incmpl,Enable,OFF,OFF,948,709.250,51199.219,51199.219,51199.219,51199.219,51199.219,51199.219,1GRFE ,33.725,Avail,Incmpl,Incmpl,Enable,7.996,OFF,OFF,OFF,OFF,ON,ON,Avail,Compl,Enable,Compl,CL,CL,Compl,Unable,Not Avl,Compl,Compl,Enable,OFF,130,15,467,ON,21.250,6.875,0.107,2381,6,21,-3,OFF,0.781,3.906,3.810,OFF,0,0,76,Avail,Compl,Enable,0,GRN2#  ,ON,0,ACTIVE,ACTIVE,0.962,0.947,0.680,0.700,63.871,58.359,Avail,Compl,Avail,Incmpl,Incmpl,Enable,OBD II (California ARB),OFF,OFF,29.395,0.500,0,1st,OFF,OFF,OFF,OFF,OFF,OFF,0.781,0,ON,OFF,650,0,OFF,OFF,OFF,ON,Gasoline,0.986,OFF,OFF,0.684,ON,1.172,14.902,18,0,0.742,0.742,2.305,0.742,0.918,2.031,46.275,0,14.902,15,0.016,0.035,OFF,ECT 5th,NA,OFF,97.636,97.746,13.333,0,Not Avl,0,0,0,0,ON,ON,0,0,1
296,0,14.160,Not Avl,Compl,Compl,Unable,OFF,Not Avl,Compl,Compl,Unable,OFF,38.281,38.281,28.125,29.375,19.531,39.551,15.686,31.765,0.781,1.582,ON,0,OFF,ON,ON,1.001,0.998,0.023,0.004,3.308,3.288,0,97,51199.219,13.925,24.314,OFF,OFF,OFF,OFF,OFF,OFF,OFF,Avail,Incmpl,Incmpl,Enable,Avail,415.300,261.100,415.300,261.100,ON,Avail,Compl,Enable,80,0,0,0,0,0,0,6,A,0,0,Avail,Incmpl,Incmpl,Enable,OFF,OFF,949,714,51199.219,51199.219,51199.219,51199.219,51199.219,51199.219,1GRFE ,33.725,Avail,Incmpl,Incmpl,Enable,7.996,OFF,OFF,OFF,OFF,ON,ON,Avail,Compl,Enable,Compl,CL,CL,Compl,Unable,Not Avl,Compl,Compl,Enable,OFF,130,15,478,ON,21.250,6.875,0.107,2373,6,21,-3,OFF,0.781,3.906,3.790,OFF,0,0,76,Avail,Compl,Enable,0,GRN2#  ,ON,0,ACTIVE,ACTIVE,0.962,0.942,0.680,0.700,64.520,58.359,Avail,Compl,Avail,Incmpl,Incmpl,Enable,OBD II (California ARB),OFF,OFF,29.626,0.500,0,1st,OFF,OFF,OFF,OFF,OFF,OFF,0.781,0,ON,OFF,650,0,OFF,OFF,OFF,ON,Gasoline,0.986,OFF,OFF,0.684,ON,1.172,14.902,18,0,0.742,0.742,2.305,0.742,0.918,2.031,46.275,0,14.902,15,0.016,0.035,OFF,ECT 5th,NA,OFF,97.614,97.724,13.333,0,Not Avl,0,0,0,0,ON,ON,0,0,1
297,0,14.159,Not Avl,Compl,Compl,Unable,OFF,Not Avl,Compl,Compl,Unable,OFF,38.281,38.281,28.125,29.375,19.531,39.551,15.686,31.765,0.781,1.582,ON,0,OFF,ON,ON,1.002,0.999,0.008,0,3.313,3.293,0,97,51199.219,13.925,24.314,OFF,OFF,OFF,OFF,OFF,OFF,OFF,Avail,Incmpl,Incmpl,Enable,Avail,415.100,260.900,415.100,260.900,ON,Avail,Compl,Enable,80,0,0,0,0,0,0,6,A,0,0,Avail,Incmpl,Incmpl,Enable,OFF,OFF,949,713.250,51199.219,51199.219,51199.219,51199.219,51199.219,51199.219,1GRFE ,33.725,Avail,Incmpl,Incmpl,Enable,7.996,OFF,OFF,OFF,OFF,ON,ON,Avail,Compl,Enable,Compl,CL,CL,Compl,Unable,Not Avl,Compl,Compl,Enable,OFF,130,15,489,ON,21.250,6.875,0.107,2373,6,21,-3,OFF,0.781,3.906,3.850,OFF,0,0,86,Avail,Compl,Enable,0,GRN2#  ,ON,0,ACTIVE,ACTIVE,0.962,0.942,0.680,0.700,64.195,58.684,Avail,Compl,Avail,Incmpl,Incmpl,Enable,OBD II (California ARB),OFF,OFF,29.395,0.500,0,1st,OFF,OFF,OFF,OFF,OFF,OFF,0.781,0,ON,OFF,650,0,OFF,OFF,OFF,ON,Gasoline,0.986,OFF,OFF,0.684,ON,1.172,14.902,18,0,0.742,0.742,2.305,0.742,0.918,2.031,46.275,0,14.902,15,0.016,0.035,OFF,ECT 5th,NA,OFF,97.592,97.504,13.333,0,Not Avl,0,0,0,0,ON,ON,0,0,1
298,0,14.159,Not Avl,Compl,Compl,Unable,OFF,Not Avl,Compl,Compl,Unable,OFF,38.281,38.281,28.125,29.375,19.531,39.551,15.686,31.765,0.781,1.582,ON,0,OFF,ON,ON,0.998,0.998,-0.004,-0.004,3.288,3.288,0,97,51199.219,13.925,24.314,OFF,OFF,OFF,OFF,OFF,OFF,OFF,Avail,Incmpl,Incmpl,Enable,Avail,415.100,260.900,415.100,260.900,ON,Avail,Compl,Enable,80,0,0,0,0,0,0,6,A,0,0,Avail,Incmpl,Incmpl,Enable,OFF,OFF,949,717,51199.219,51199.219,51199.219,51199.219,51199.219,51199.219,1GRFE ,33.333,Avail,Incmpl,Incmpl,Enable,7.996,OFF,OFF,OFF,OFF,ON,ON,Avail,Compl,Enable,Compl,CL,CL,Compl,Unable,Not Avl,Compl,Compl,Enable,OFF,130,15,500,ON,21.250,6.875,0.107,2366,6,21,-3,OFF,0.781,3.906,3.820,OFF,0,0,86,Avail,Compl,Enable,0,GRN2#  ,ON,0,ACTIVE,ACTIVE,0.962,0.947,0.680,0.700,64.195,58.359,Avail,Compl,Avail,Incmpl,Incmpl,Enable,OBD II (California ARB),OFF,OFF,29.395,0.500,0,1st,OFF,OFF,OFF,OFF,OFF,OFF,0.781,0,ON,OFF,650,0,OFF,OFF,OFF,ON,Gasoline,0.985,OFF,OFF,0.684,ON,1.172,14.902,17,0,0.742,0.742,2.305,0.742,0.918,2.031,46.275,0,14.902,15,0.016,0.035,OFF,ECT 5th,NA,OFF,97.636,97.724,13.333,0,Not Avl,0,0,0,0,ON,ON,0,0,1
299,0,14.159,Not Avl,Compl,Compl,Unable,OFF,Not Avl,Compl,Compl,Unable,OFF,38.281,38.281,28.125,29.375,19.531,39.551,15.686,31.765,0.781,1.582,ON,0,OFF,ON,ON,1.001,0.997,0.004,-0.004,3.308,3.288,0,97,51199.219,13.925,24.314,OFF,OFF,OFF,OFF,OFF,OFF,OFF,Avail,Incmpl,Incmpl,Enable,Avail,415.100,260.900,415.100,260.900,ON,Avail,Compl,Enable,80,0,0,0,0,0,0,6,A,0,0,Avail,Incmpl,Incmpl,Enable,OFF,OFF,950,711.500,51199.219,51199.219,51199.219,51199.219,51199.219,51199.219,1GRFE ,33.725,Avail,Incmpl,Incmpl,Enable,7.996,OFF,OFF,OFF,OFF,ON,ON,Avail,Compl,Enable,Compl,CL,CL,Compl,Unable,Not Avl,Compl,Compl,Enable,OFF,130,15,511,ON,21.250,6.875,0.107,2380,6,21,-3,OFF,0.781,3.906,3.810,OFF,0,0,86,Avail,Compl,Enable,0,GRN2#  ,ON,0,ACTIVE,ACTIVE,0.962,0.942,0.680,0.700,64.195,58.359,Avail,Compl,Avail,Incmpl,Incmpl,Enable,OBD II (California ARB),OFF,OFF,29.279,0.500,0,1st,OFF,OFF,OFF,OFF,OFF,OFF,0.781,0,ON,OFF,650,0,OFF,OFF,OFF,ON,Gasoline,0.985,OFF,OFF,0.684,ON,1.172,14.902,18,0,0.742,0.742,2.305,0.742,0.918,2.031,46.275,0,14.902,15,0.016,0.035,OFF,ECT 5th,NA,OFF,97.636,97.746,13.333,0,Not Avl,0,0,0,0,ON,ON,0,0,1
300,0,14.142,Not Avl,Compl,Compl,Unable,OFF,Not Avl,Compl,Compl,Unable,OFF,38.281,38.281,28.125,29.375,19.531,39.551,15.686,31.765,0.781,1.582,ON,0,OFF,ON,ON,0.998,0.998,0,-0.004,3.293,3.288,0,97,51199.219,13.925,24.314,OFF,OFF,OFF,OFF,OFF,OFF,OFF,Avail,Incmpl,Incmpl,Enable,Avail,414.900,260.700,414.900,260.700,ON,Avail,Compl,Enable,80,0,0,0,0,0,0,6,A,0,0,Avail,Incmpl,Incmpl,Enable,OFF,OFF,950,707,51199.219,51199.219,51199.219,51199.219,51199.219,51199.219,1GRFE ,33.333,Avail,Incmpl,Incmpl,Enable,7.996,OFF,OFF,OFF,OFF,ON,ON,Avail,Compl,Enable,Compl,CL,CL,Compl,Unable,Not Avl,Compl,Compl,Enable,OFF,130,15,522,ON,21.250,6.875,0.107,2366,6,21,-3,OFF,0.781,3.906,3.850,OFF,0,0,83,Avail,Compl,Enable,0,GRN2#  ,ON,0,ACTIVE,ACTIVE,0.962,0.947,0.680,0.700,64.195,58.359,Avail,Compl,Avail,Incmpl,Incmpl,Enable,OBD II (California ARB),OFF,OFF,29.395,0.500,0,1st,OFF,OFF,OFF,OFF,OFF,OFF,0.781,0,ON,OFF,650,0,OFF,OFF,OFF,ON,Gasoline,0.983,OFF,OFF,0.684,ON,1.172,14.902,18,0,0.742,0.742,2.305,0.742,0.918,2.031,46.275,0,14.902,15,0.016,0.035,OFF,ECT 5th,NA,OFF,97.614,97.680,13.725,0,Not Avl,0,0,0,0,ON,ON,0,0,1
301,0,14.159,Not Avl,Compl,Compl,Unable,OFF,Not Avl,Compl,Compl,Unable,OFF,38.281,38.281,28.125,29.375,19.531,39.551,15.686,31.765,0.781,1.582,ON,0,OFF,ON,ON,0.999,0.998,0,-0.004,3.298,3.288,0,97,51199.219,13.925,24.314,OFF,OFF,OFF,OFF,OFF,OFF,OFF,Avail,Incmpl,Incmpl,Enable,Avail,414.900,260.700,414.900,260.700,ON,Avail,Compl,Enable,80,0,0,0,0,0,0,6,A,0,0,Avail,Incmpl,Incmpl,Enable,OFF,OFF,950,707.750,51199.219,51199.219,51199.219,51199.219,51199.219,51199.219,1GRFE ,33.333,Avail,Incmpl,Incmpl,Enable,7.996,OFF,OFF,OFF,OFF,ON,ON,Avail,Compl,Enable,Compl,CL,CL,Compl,Unable,Not Avl,Compl,Compl,Enable,OFF,130,15,535,ON,21.250,6.875,0.107,2377,6,21,-3,OFF,0.781,3.906,3.820,OFF,0,0,83,Avail,Compl,Enable,0,GRN2#  ,ON,0,ACTIVE,ACTIVE,0.962,0.947,0.680,0.700,64.520,58.684,Avail,Compl,Avail,Incmpl,Incmpl,Enable,OBD II (California ARB),OFF,OFF,29.395,0.500,0,1st,OFF,OFF,OFF,OFF,OFF,OFF,0.781,0,ON,OFF,650,0,OFF,OFF,OFF,ON,Gasoline,0.984,OFF,OFF,0.684,ON,1.172,14.902,18,0,0.742,0.742,2.305,0.742,0.918,2.031,46.275,0,14.902,15,0.016,0.035,OFF,ECT 5th,NA,OFF,97.592,97.504,13.333,0,Not Avl,0,0,0,0,ON,ON,0,0,1
302,0,14.159,Not Avl,Compl,Compl,Unable,OFF,Not Avl,Compl,Compl,Unable,OFF,47.656,47.656,28.125,29.375,19.531,39.551,15.686,31.765,0.781,1.582,ON,0,OFF,ON,ON,0.998,0.998,-0.004,-0.004,3.288,3.288,0,97,51199.219,13.906,24.314,OFF,OFF,OFF,OFF,OFF,OFF,OFF,Avail,Incmpl,Incmpl,Enable,Avail,414.900,260.700,414.900,260.700,ON,Avail,Compl,Enable,80,0,0,0,0,0,0,6,A,0,0,Avail,Incmpl,Incmpl,Enable,OFF,OFF,951,709.250,51199.219,51199.219,51199.219,51199.219,51199.219,51199.219,1GRFE ,33.725,Avail,Incmpl,Incmpl,Enable,7.996,OFF,OFF,OFF,OFF,ON,ON,Avail,Compl,Enable,Compl,CL,CL,Compl,Unable,Not Avl,Compl,Compl,Enable,OFF,130,15,548,ON,21.250,6.875,0.107,2369,6,21,-3,OFF,0.781,3.906,3.870,OFF,0,0,83,Avail,Compl,Enable,0,GRN2#  ,ON,0,ACTIVE,ACTIVE,0.962,0.942,0.680,0.700,64.195,58.684,Avail,Compl,Avail,Incmpl,Incmpl,Enable,OBD II (California ARB),OFF,OFF,29.279,0.500,0,1st,OFF,OFF,OFF,OFF,OFF,OFF,0.781,0,ON,OFF,650,0,OFF,OFF,OFF,ON,Gasoline,0.984,OFF,OFF,0.684,ON,1.172,14.902,18,0,0.742,0.742,2.305,0.742,0.918,2.031,46.275,0,14.902,15,0.016,0.039,OFF,ECT 5th,NA,OFF,97.614,97.658,13.725,0,Not Avl,0,0,0,0,ON,ON,0,0,1
303,0,14.159,Not Avl,Compl,Compl,Unable,OFF,Not Avl,Compl,Compl,Unable,OFF,54.688,50.781,28.125,29.375,19.531,39.551,15.686,31.765,0.781,1.582,ON,0,OFF,ON,ON,0.996,0.997,-0.008,-0.004,3.283,3.288,0,97,51199.219,13.906,24.314,OFF,OFF,OFF,OFF,OFF,OFF,OFF,Avail,Incmpl,Incmpl,Enable,Avail,414.700,260.500,414.700,260.500,ON,Avail,Compl,Enable,80,0,0,0,0,0,0,6,A,0,0,Avail,Incmpl,Incmpl,Enable,OFF,OFF,951,711.500,51199.219,51199.219,51199.219,51199.219,51199.219,51199.219,1GRFE ,33.725,Avail,Incmpl,Incmpl,Enable,7.996,OFF,OFF,OFF,OFF,ON,ON,Avail,Compl,Enable,Compl,CL,CL,Compl,Unable,Not Avl,Compl,Compl,Enable,OFF,130,15,561,ON,21.250,6.875,0.107,2381,6,21,-3,OFF,0.781,3.906,3.850,OFF,0,0,78,Avail,Compl,Enable,0,GRN2#  ,ON,0,ACTIVE,ACTIVE,0.962,0.947,0.680,0.700,64.195,58.359,Avail,Compl,Avail,Incmpl,Incmpl,Enable,OBD II (California ARB),OFF,OFF,29.395,0.500,0,1st,OFF,OFF,OFF,OFF,OFF,OFF,0.781,0,ON,OFF,650,0,OFF,OFF,OFF,ON,Gasoline,0.984,OFF,OFF,0.684,ON,1.172,14.902,18,0,0.742,0.742,2.305,0.742,0.918,2.031,46.275,0,14.902,15,0.016,0.039,OFF,ECT 5th,NA,OFF,97.592,97.482,13.725,0,Not Avl,0,0,0,0,ON,ON,0,0,1
304,0,14.174,Not Avl,Compl,Compl,Unable,OFF,Not Avl,Compl,Compl,Unable,OFF,57.031,55.469,28.125,29.375,19.531,39.551,15.686,31.765,0.781,1.582,ON,0,OFF,ON,ON,0.999,0.999,0,0,3.293,3.293,0,97,51199.219,13.925,24.314,OFF,OFF,OFF,OFF,OFF,OFF,OFF,Avail,Incmpl,Incmpl,Enable,Avail,414.700,260.500,414.700,260.500,ON,Avail,Compl,Enable,80,0,0,0,0,0,0,6,A,0,0,Avail,Incmpl,Incmpl,Enable,OFF,OFF,951,701.500,51199.219,51199.219,51199.219,51199.219,51199.219,51199.219,1GRFE ,33.333,Avail,Incmpl,Incmpl,Enable,7.996,OFF,OFF,OFF,OFF,ON,ON,Avail,Compl,Enable,Compl,CL,CL,Compl,Unable,Not Avl,Compl,Compl,Enable,OFF,130,15,574,ON,21.250,6.875,0.106,2384,6,21,-3,OFF,0.781,3.906,3.790,OFF,0,0,78,Avail,Compl,Enable,0,GRN2#  ,ON,0,ACTIVE,ACTIVE,0.962,0.942,0.680,0.700,64.195,58.684,Avail,Compl,Avail,Incmpl,Incmpl,Enable,OBD II (California ARB),OFF,OFF,29.034,0.500,0,1st,OFF,OFF,OFF,OFF,OFF,OFF,0.781,0,ON,OFF,650,0,OFF,OFF,OFF,ON,Gasoline,0.984,OFF,OFF,0.684,ON,1.172,14.902,18,0,0.742,0.742,2.305,0.742,0.918,2.031,46.275,0,14.902,15,0.020,0.039,OFF,ECT 5th,NA,OFF,97.614,97.614,13.333,0,Not Avl,0,0,0,0,ON,ON,0,0,1
305,0,14.141,Not Avl,Compl,Compl,Unable,OFF,Not Avl,Compl,Compl,Unable,OFF,57.812,52.344,28.125,29.375,19.531,39.551,15.686,31.765,0.781,1.582,ON,0,OFF,ON,ON,0.997,0.998,-0.004,-0.004,3.288,3.288,0,97,51199.219,13.906,24.314,OFF,OFF,OFF,OFF,OFF,OFF,OFF,Avail,Incmpl,Incmpl,Enable,Avail,414.700,260.500,414.700,260.500,ON,Avail,Compl,Enable,80,0,0,0,0,0,0,6,A,0,0,Avail,Incmpl,Incmpl,Enable,OFF,OFF,952,698.250,51199.219,51199.219,51199.219,51199.219,51199.219,51199.219,1GRFE ,33.333,Avail,Incmpl,Incmpl,Enable,7.996,OFF,OFF,OFF,OFF,ON,ON,Avail,Compl,Enable,Compl,CL,CL,Compl,Unable,Not Avl,Compl,Compl,Enable,OFF,130,15,590,ON,21.250,6.875,0.106,2395,6,21,-3,OFF,0.781,3.906,3.820,OFF,0,0,78,Avail,Compl,Enable,0,GRN2#  ,ON,0,ACTIVE,ACTIVE,0.962,0.947,0.680,0.700,64.520,58.684,Avail,Compl,Avail,Incmpl,Incmpl,Enable,OBD II (California ARB),OFF,OFF,29.150,0.500,0,1st,OFF,OFF,OFF,OFF,OFF,OFF,0.781,0,ON,OFF,650,0,OFF,OFF,OFF,ON,Gasoline,0.985,OFF,OFF,0.684,ON,1.172,14.902,18,0,0.742,0.742,2.305,0.742,0.918,2.031,46.275,0,14.902,15,0.020,0.039,OFF,ECT 5th,NA,OFF,97.636,97.680,13.725,0,Not Avl,0,0,0,0,ON,ON,0,0,1
306,0,14.177,Not Avl,Compl,Compl,Unable,OFF,Not Avl,Compl,Compl,Unable,OFF,45.312,42.969,28.125,29.375,19.531,39.551,15.686,31.765,0.781,1.582,ON,0,OFF,ON,ON,0.999,0.995,0,-0.012,3.298,3.279,0,97,51199.219,13.925,24.314,OFF,OFF,OFF,OFF,OFF,OFF,OFF,Avail,Incmpl,Incmpl,Enable,Avail,414.500,260.300,414.500,260.300,ON,Avail,Compl,Enable,80,0,0,0,0,0,0,6,A,0,0,Avail,Incmpl,Incmpl,Enable,OFF,OFF,952,704.500,51199.219,51199.219,51199.219,51199.219,51199.219,51199.219,1GRFE ,33.725,Avail,Incmpl,Incmpl,Enable,7.996,OFF,OFF,OFF,OFF,ON,ON,Avail,Compl,Enable,Compl,CL,CL,Compl,Unable,Not Avl,Compl,Compl,Enable,OFF,130,15,2,ON,21.250,6.875,0.106,2392,6,21,-3,OFF,0.781,3.906,3.810,OFF,0,0,81,Avail,Compl,Enable,0,GRN2#  ,ON,0,ACTIVE,ACTIVE,0.962,0.942,0.680,0.700,64.520,58.359,Avail,Compl,Avail,Incmpl,Incmpl,Enable,OBD II (California ARB),OFF,OFF,29.395,0.500,0,1st,OFF,OFF,OFF,OFF,OFF,OFF,0.781,0,ON,OFF,650,0,OFF,OFF,OFF,ON,Gasoline,0.985,OFF,OFF,0.684,ON,1.172,14.902,18,0,0.742,0.742,2.305,0.742,0.918,2.031,46.275,0,14.902,16,0.020,0.039,OFF,ECT 5th,NA,OFF,97.636,97.746,13.333,0,Not Avl,0,0,0,0,ON,ON,0,0,1
307,0,14.159,Not Avl,Compl,Compl,Unable,OFF,Not Avl,Compl,Compl,Unable,OFF,40.625,39.844,28.125,29.375,19.531,39.551,15.686,31.765,0.781,1.582,ON,0,OFF,ON,ON,0.999,0.998,0,0,3.298,3.293,0,97,51199.219,13.906,24.314,OFF,OFF,OFF,OFF,OFF,OFF,OFF,Avail,Incmpl,Incmpl,Enable,Avail,414.500,260.300,414.500,260.300,ON,Avail,Compl,Enable,80,0,0,0,0,0,0,6,A,0,0,Avail,Incmpl,Incmpl,Enable,OFF,OFF,953,703,51199.219,51199.219,51199.219,51199.219,51199.219,51199.219,1GRFE ,33.333,Avail,Incmpl,Incmpl,Enable,7.996,OFF,OFF,OFF,OFF,ON,ON,Avail,Compl,Enable,Compl,CL,CL,Compl,Unable,Not Avl,Compl,Compl,Enable,OFF,130,15,15,ON,21.250,6.875,0.106,2402,6,21,-3,OFF,0.781,3.906,3.820,OFF,0,0,81,Avail,Compl,Enable,0,GRN2#  ,ON,0,ACTIVE,ACTIVE,0.962,0.947,0.680,0.700,64.520,58.684,Avail,Compl,Avail,Incmpl,Incmpl,Enable,OBD II (California ARB),OFF,OFF,29.517,0.500,0,1st,OFF,OFF,OFF,OFF,OFF,OFF,0.781,0,ON,OFF,650,0,OFF,OFF,OFF,ON,Gasoline,0.985,OFF,OFF,0.684,ON,1.172,14.902,18,0,0.742,0.742,2.305,0.742,0.918,2.031,46.275,0,14.902,16,0.020,0.039,OFF,ECT 5th,NA,OFF,97.636,97.724,13.725,0,Not Avl,0,0,0,0,ON,ON,0,0,1
308,0,14.160,Not Avl,Compl,Compl,Unable,OFF,Not Avl,Compl,Compl,Unable,OFF,38.281,38.281,28.125,29.375,19.531,39.551,15.686,31.765,0.781,1.582,ON,0,OFF,ON,ON,1.001,1.000,0.004,0,3.308,3.298,0,97,51199.219,13.906,24.314,OFF,OFF,OFF,OFF,OFF,OFF,OFF,Avail,Incmpl,Incmpl,Enable,Avail,414.300,260.100,414.300,260.100,ON,Avail,Compl,Enable,80,0,0,0,0,0,0,6,A,0,0,Avail,Incmpl,Incmpl,Enable,OFF,OFF,953,707,51199.219,51199.219,51199.219,51199.219,51199.219,51199.219,1GRFE ,33.333,Avail,Incmpl,Incmpl,Enable,7.996,OFF,OFF,OFF,OFF,ON,ON,Avail,Compl,Enable,Compl,CL,CL,Compl,Unable,Not Avl,Compl,Compl,Enable,OFF,130,15,29,ON,21.250,6.875,0.107,2381,6,21,-3,OFF,0.781,3.906,3.810,OFF,0,0,71,Avail,Compl,Enable,0,GRN2#  ,ON,0,ACTIVE,ACTIVE,0.962,0.947,0.680,0.700,64.520,58.684,Avail,Compl,Avail,Incmpl,Incmpl,Enable,OBD II (California ARB),OFF,OFF,29.517,0.500,0,1st,OFF,OFF,OFF,OFF,OFF,OFF,0.781,0,ON,OFF,650,0,OFF,OFF,OFF,ON,Gasoline,0.984,OFF,OFF,0.684,ON,1.172,14.902,18,0,0.742,0.742,2.305,0.742,0.918,2.031,46.275,0,14.902,16,0.020,0.039,OFF,ECT 5th,NA,OFF,97.614,97.548,13.333,0,Not Avl,0,0,0,0,ON,ON,0,0,1
309,0,14.155,Not Avl,Compl,Compl,Unable,OFF,Not Avl,Compl,Compl,Unable,OFF,38.281,38.281,28.125,29.375,19.531,39.551,15.686,31.765,0.781,1.582,ON,0,OFF,ON,ON,0.998,0.999,0,0,3.293,3.293,0,97,51199.219,13.925,24.314,OFF,OFF,OFF,OFF,OFF,OFF,OFF,Avail,Incmpl,Incmpl,Enable,Avail,414.300,260.100,414.300,260.100,ON,Avail,Compl,Enable,80,0,0,0,0,0,0,6,A,0,0,Avail,Incmpl,Incmpl,Enable,OFF,OFF,953,712.500,51199.219,51199.219,51199.219,51199.219,51199.219,51199.219,1GRFE ,33.725,Avail,Incmpl,Incmpl,Enable,7.996,OFF,OFF,OFF,OFF,ON,ON,Avail,Compl,Enable,Compl,CL,CL,Compl,Unable,Not Avl,Compl,Compl,Enable,OFF,130,15,43,ON,21.250,6.875,0.107,2380,6,21,-3,OFF,0.781,3.906,3.810,OFF,0,0,71,Avail,Compl,Enable,0,GRN2#  ,ON,0,ACTIVE,ACTIVE,0.962,0.947,0.680,0.700,64.520,58.684,Avail,Compl,Avail,Incmpl,Incmpl,Enable,OBD II (California ARB),OFF,OFF,29.395,0.500,0,1st,OFF,OFF,OFF,OFF,OFF,OFF,0.781,0,ON,OFF,650,0,OFF,OFF,OFF,ON,Gasoline,0.984,OFF,OFF,0.684,ON,1.172,14.902,18,0,0.742,0.742,2.305,0.742,0.918,2.031,46.275,0,14.902,16,0.020,0.039,OFF,ECT 5th,NA,OFF,97.592,97.460,13.333,0,Not Avl,0,0,0,0,ON,ON,0,0,1
310,0,14.159,Not Avl,Compl,Compl,Unable,OFF,Not Avl,Compl,Compl,Unable,OFF,38.281,38.281,28.125,29.375,19.531,39.551,15.686,31.765,0.781,1.582,ON,0,OFF,ON,ON,0.999,0.998,0.016,0.004,3.298,3.288,0,97,51199.219,13.925,24.314,OFF,OFF,OFF,OFF,OFF,OFF,OFF,Avail,Incmpl,Incmpl,Enable,Avail,414.300,260.100,414.300,260.100,ON,Avail,Compl,Enable,80,0,0,0,0,0,0,6,A,0,0,Avail,Incmpl,Incmpl,Enable,OFF,OFF,954,714.750,51199.219,51199.219,51199.219,51199.219,51199.219,51199.219,1GRFE ,33.725,Avail,Incmpl,Incmpl,Enable,7.996,OFF,OFF,OFF,OFF,ON,ON,Avail,Compl,Enable,Compl,CL,CL,Compl,Unable,Not Avl,Compl,Compl,Enable,OFF,130,15,56,ON,21.250,6.875,0.107,2373,6,21,-3,OFF,0.781,3.906,3.850,OFF,0,0,71,Avail,Compl,Enable,0,GRN2#  ,ON,0,ACTIVE,ACTIVE,0.962,0.942,0.680,0.700,64.520,58.684,Avail,Compl,Avail,Incmpl,Incmpl,Enable,OBD II (California ARB),OFF,OFF,29.517,0.500,0,1st,OFF,OFF,OFF,OFF,OFF,OFF,0.781,0,ON,OFF,650,0,OFF,OFF,OFF,ON,Gasoline,0.984,OFF,OFF,0.684,ON,1.172,14.902,18,0,0.742,0.742,2.305,0.742,0.918,2.031,46.275,0,14.902,16,0.020,0.039,OFF,ECT 5th,NA,OFF,97.592,97.570,13.333,0,Not Avl,0,0,0,0,ON,ON,0,0,1
311,0,14.159,Not Avl,Compl,Compl,Unable,OFF,Not Avl,Compl,Compl,Unable,OFF,38.281,38.281,28.125,29.375,19.531,39.551,15.686,31.765,0.781,1.582,ON,0,OFF,ON,ON,0.995,1.000,-0.012,0,3.274,3.303,0,97,51199.219,13.906,24.314,OFF,OFF,OFF,OFF,OFF,OFF,OFF,Avail,Incmpl,Incmpl,Enable,Avail,414.100,260,414.100,260,ON,Avail,Compl,Enable,80,0,0,0,0,0,0,6,A,0,0,Avail,Incmpl,Incmpl,Enable,OFF,OFF,954,714,51199.219,51199.219,51199.219,51199.219,51199.219,51199.219,1GRFE ,33.333,Avail,Incmpl,Incmpl,Enable,7.996,OFF,OFF,OFF,OFF,ON,ON,Avail,Compl,Enable,Compl,CL,CL,Compl,Unable,Not Avl,Compl,Compl,Enable,OFF,130,15.500,70,ON,21.250,6.875,0.107,2366,6,21,-3,OFF,0.781,3.906,3.810,OFF,0,0,71,Avail,Compl,Enable,0,GRN2#  ,ON,0,ACTIVE,ACTIVE,0.962,0.942,0.680,0.700,64.195,58.684,Avail,Compl,Avail,Incmpl,Incmpl,Enable,OBD II (California ARB),OFF,OFF,29.395,0.500,0,1st,OFF,OFF,OFF,OFF,OFF,OFF,0.781,0,ON,OFF,650,0,OFF,OFF,OFF,ON,Gasoline,0.984,OFF,OFF,0.684,ON,1.172,14.902,18,0,0.742,0.742,2.305,0.742,0.918,2.031,46.275,0,14.902,16,0.020,0.039,OFF,ECT 5th,NA,OFF,97.614,97.680,13.333,0,Not Avl,0,0,0,0,ON,ON,0,0,1
312,0,14.155,Not Avl,Compl,Compl,Unable,OFF,Not Avl,Compl,Compl,Unable,OFF,38.281,38.281,28.125,29.375,19.531,39.551,15.686,31.765,0.781,1.582,ON,0,OFF,ON,ON,0.993,0.999,-0.016,0,3.269,3.298,0,97,51199.219,13.925,24.314,OFF,OFF,OFF,OFF,OFF,OFF,OFF,Avail,Incmpl,Incmpl,Enable,Avail,414.100,260,414.100,260,ON,Avail,Compl,Enable,80,0,0,0,0,0,0,6,A,0,0,Avail,Incmpl,Incmpl,Enable,OFF,OFF,954,715.500,51199.219,51199.219,51199.219,51199.219,51199.219,51199.219,1GRFE ,33.725,Avail,Incmpl,Incmpl,Enable,7.996,OFF,OFF,OFF,OFF,ON,ON,Avail,Compl,Enable,Compl,CL,CL,Compl,Unable,Not Avl,Compl,Compl,Enable,OFF,130,15,81,ON,21.250,6.875,0.107,2366,6,21,-3,OFF,0.781,3.906,3.850,OFF,0,0,71,Avail,Compl,Enable,0,GRN2#  ,ON,0,ACTIVE,ACTIVE,0.962,0.947,0.680,0.700,64.195,58.684,Avail,Compl,Avail,Incmpl,Incmpl,Enable,OBD II (California ARB),OFF,OFF,29.279,0.500,0,1st,OFF,OFF,OFF,OFF,OFF,OFF,0.781,0,ON,OFF,650,0,OFF,OFF,OFF,ON,Gasoline,0.985,OFF,OFF,0.684,ON,1.172,14.902,18,0,0.742,0.742,2.305,0.742,0.918,2.031,46.275,0,14.902,16,0.020,0.039,OFF,ECT 5th,NA,OFF,97.614,97.636,13.333,0,Not Avl,0,0,0,0,ON,ON,0,0,1
313,0,14.159,Not Avl,Compl,Compl,Unable,OFF,Not Avl,Compl,Compl,Unable,OFF,38.281,38.281,28.125,29.375,19.531,39.551,15.686,31.765,0.781,1.582,ON,0,OFF,ON,ON,0.996,0.999,-0.012,0,3.279,3.298,0,97,51199.219,13.906,24.314,OFF,OFF,OFF,OFF,OFF,OFF,OFF,Avail,Incmpl,Incmpl,Enable,Avail,414.100,260,414.100,260,ON,Avail,Compl,Enable,80,0,0,0,0,0,0,6,A,0,0,Avail,Incmpl,Incmpl,Enable,OFF,OFF,955,707,51199.219,51199.219,51199.219,51199.219,51199.219,51199.219,1GRFE ,33.333,Avail,Incmpl,Incmpl,Enable,7.996,OFF,OFF,OFF,OFF,ON,ON,Avail,Compl,Enable,Compl,CL,CL,Compl,Unable,Not Avl,Compl,Compl,Enable,OFF,130,15,91,ON,21.250,6.875,0.106,2392,6,21,-3,OFF,0.781,3.906,3.850,OFF,0,0,71,Avail,Compl,Enable,0,GRN2#  ,ON,0,ACTIVE,ACTIVE,0.962,0.947,0.680,0.700,64.520,59.008,Avail,Compl,Avail,Incmpl,Incmpl,Enable,OBD II (California ARB),OFF,OFF,29.395,0.500,0,1st,OFF,OFF,OFF,OFF,OFF,OFF,0.781,0,ON,OFF,650,0,OFF,OFF,OFF,ON,Gasoline,0.986,OFF,OFF,0.684,ON,1.172,14.902,18,0,0.742,0.742,2.305,0.742,0.918,2.031,46.275,0,14.902,16,0.020,0.039,OFF,ECT 5th,NA,OFF,97.636,97.746,13.725,0,Not Avl,0,0,0,0,ON,ON,0,0,1
314,0,14.160,Not Avl,Compl,Compl,Unable,OFF,Not Avl,Compl,Compl,Unable,OFF,46.094,38.281,28.125,29.375,19.531,39.551,15.686,31.765,0.781,1.582,ON,0,OFF,ON,ON,0.997,0.998,-0.004,-0.004,3.288,3.288,0,97,51199.219,13.906,24.314,OFF,OFF,OFF,OFF,OFF,OFF,OFF,Avail,Incmpl,Incmpl,Enable,Avail,413.900,259.800,413.900,259.800,ON,Avail,Compl,Enable,80,0,0,0,0,0,0,6,A,0,0,Avail,Incmpl,Incmpl,Enable,OFF,OFF,955,715.500,51199.219,51199.219,51199.219,51199.219,51199.219,51199.219,1GRFE ,34.118,Avail,Incmpl,Incmpl,Enable,7.996,OFF,OFF,OFF,OFF,ON,ON,Avail,Compl,Enable,Compl,CL,CL,Compl,Unable,Not Avl,Compl,Compl,Enable,OFF,130,15,102,ON,21.250,6.875,0.106,2380,6,21,-3,OFF,0.781,3.906,3.810,OFF,0,0,77,Avail,Compl,Enable,0,GRN2#  ,ON,0,ACTIVE,ACTIVE,0.962,0.942,0.680,0.700,64.520,58.684,Avail,Compl,Avail,Incmpl,Incmpl,Enable,OBD II (California ARB),OFF,OFF,29.395,0.500,0,1st,OFF,OFF,OFF,OFF,OFF,OFF,0.781,0,ON,OFF,650,0,OFF,OFF,OFF,ON,Gasoline,0.986,OFF,OFF,0.684,ON,1.172,14.902,18,0,0.742,0.742,2.305,0.742,0.918,2.031,46.275,0,14.902,16,0.020,0.039,OFF,ECT 5th,NA,OFF,97.592,97.460,13.333,0,Not Avl,0,0,0,0,ON,ON,0,0,1
315,0,14.158,Not Avl,Compl,Compl,Unable,OFF,Not Avl,Compl,Compl,Unable,OFF,51.562,38.281,28.125,29.375,19.531,39.551,15.686,31.765,0.781,1.582,ON,0,OFF,ON,ON,1.000,0.998,0,-0.004,3.303,3.288,0,97,51199.219,13.925,24.314,OFF,OFF,OFF,OFF,OFF,OFF,OFF,Avail,Incmpl,Incmpl,Enable,Avail,413.900,259.800,413.900,259.800,ON,Avail,Compl,Enable,80,0,0,0,0,0,0,6,A,0,0,Avail,Incmpl,Incmpl,Enable,OFF,OFF,955,711.500,51199.219,51199.219,51199.219,51199.219,51199.219,51199.219,1GRFE ,33.725,Avail,Incmpl,Incmpl,Enable,7.996,OFF,OFF,OFF,OFF,ON,ON,Avail,Compl,Enable,Compl,CL,CL,Compl,Unable,Not Avl,Compl,Compl,Enable,OFF,130,15,113,ON,21.250,6.875,0.106,2369,6,21,-3,OFF,0.781,3.906,3.810,OFF,0,0,77,Avail,Compl,Enable,0,GRN2#  ,ON,0,ACTIVE,ACTIVE,0.962,0.947,0.680,0.700,64.520,58.684,Avail,Compl,Avail,Incmpl,Incmpl,Enable,OBD II (California ARB),OFF,OFF,29.395,0.500,0,1st,OFF,OFF,OFF,OFF,OFF,OFF,0.781,0,ON,OFF,650,0,OFF,OFF,OFF,ON,Gasoline,0.986,OFF,OFF,0.684,ON,1.172,14.902,18,0,0.742,0.742,2.305,0.742,0.918,2.031,46.275,0,14.902,16,0.020,0.039,OFF,ECT 5th,NA,OFF,97.614,97.614,13.333,0,Not Avl,0,0,0,0,ON,ON,0,0,1
316,0,14.143,Not Avl,Compl,Compl,Unable,OFF,Not Avl,Compl,Compl,Unable,OFF,54.688,38.281,28.125,29.375,19.531,39.551,15.686,31.765,0.781,1.582,ON,0,OFF,ON,ON,1.000,0.997,0.020,0.004,3.303,3.283,0,97,51199.219,13.906,24.314,OFF,OFF,OFF,OFF,OFF,OFF,OFF,Avail,Incmpl,Incmpl,Enable,Avail,413.900,259.800,413.900,259.800,ON,Avail,Compl,Enable,80,0,0,0,0,0,0,6,A,0,0,Avail,Incmpl,Incmpl,Enable,OFF,OFF,956,703.750,51199.219,51199.219,51199.219,51199.219,51199.219,51199.219,1GRFE ,33.333,Avail,Incmpl,Incmpl,Enable,7.996,OFF,OFF,OFF,OFF,ON,ON,Avail,Compl,Enable,Compl,CL,CL,Compl,Unable,Not Avl,Compl,Compl,Enable,OFF,130,15,123,ON,21.250,6.875,0.106,2377,6,21,-3,OFF,0.781,3.906,3.810,OFF,0,0,77,Avail,Compl,Enable,0,GRN2#  ,ON,0,ACTIVE,ACTIVE,0.962,0.947,0.680,0.700,64.195,58.684,Avail,Compl,Avail,Incmpl,Incmpl,Enable,OBD II (California ARB),OFF,OFF,29.279,0.500,0,1st,OFF,OFF,OFF,OFF,OFF,OFF,0.781,0,ON,OFF,650,0,OFF,OFF,OFF,ON,Gasoline,0.986,OFF,OFF,0.684,ON,1.172,14.902,18,0,0.742,0.742,2.305,0.742,0.918,2.031,46.275,0,14.902,16,0.020,0.039,OFF,ECT 5th,NA,OFF,97.636,97.746,13.333,0,Not Avl,0,0,0,0,ON,ON,0,0,1
317,0,14.159,Not Avl,Compl,Compl,Unable,OFF,Not Avl,Compl,Compl,Unable,OFF,57.031,38.281,28.125,29.375,19.531,39.551,15.686,31.765,0.781,1.582,ON,0,OFF,ON,ON,0.999,0.999,0,0,3.298,3.303,0,97,51199.219,13.925,24.314,OFF,OFF,OFF,OFF,OFF,OFF,OFF,Avail,Incmpl,Incmpl,Enable,Avail,413.900,259.800,413.900,259.800,ON,Avail,Compl,Enable,80,0,0,0,0,0,0,6,A,0,0,Avail,Incmpl,Incmpl,Enable,OFF,OFF,956,709.250,51199.219,51199.219,51199.219,51199.219,51199.219,51199.219,1GRFE ,33.725,Avail,Incmpl,Incmpl,Enable,7.996,OFF,OFF,OFF,OFF,ON,ON,Avail,Compl,Enable,Compl,CL,CL,Compl,Unable,Not Avl,Compl,Compl,Enable,OFF,130,15,134,ON,21.250,6.875,0.106,2388,6,21,-3,OFF,0.781,3.906,3.850,OFF,0,0,77,Avail,Compl,Enable,0,GRN2#  ,ON,0,ACTIVE,ACTIVE,0.962,0.947,0.680,0.700,64.520,59.008,Avail,Compl,Avail,Incmpl,Incmpl,Enable,OBD II (California ARB),OFF,OFF,29.279,0.500,0,1st,OFF,OFF,OFF,OFF,OFF,OFF,0.781,0,ON,OFF,650,0,OFF,OFF,OFF,ON,Gasoline,0.987,OFF,OFF,0.684,ON,1.172,14.902,18,0,0.742,0.742,2.305,0.742,0.918,2.031,46.275,0,14.902,16,0.020,0.039,OFF,ECT 5th,NA,OFF,97.592,97.482,13.725,0,Not Avl,0,0,0,0,ON,ON,0,0,1
318,0,14.160,Not Avl,Compl,Compl,Unable,OFF,Not Avl,Compl,Compl,Unable,OFF,57.812,43.750,28.125,29.375,19.531,39.551,15.686,31.765,0.781,1.582,ON,0,OFF,ON,ON,1.000,1.000,0,0,3.303,3.303,0,97,51199.219,13.925,24.314,OFF,OFF,OFF,OFF,OFF,OFF,OFF,Avail,Incmpl,Incmpl,Enable,Avail,413.700,259.600,413.700,259.600,ON,Avail,Compl,Enable,80,0,0,0,0,0,0,6,A,0,0,Avail,Incmpl,Incmpl,Enable,OFF,OFF,956,705.250,51199.219,51199.219,51199.219,51199.219,51199.219,51199.219,1GRFE ,33.333,Avail,Incmpl,Incmpl,Enable,7.996,OFF,OFF,OFF,OFF,ON,ON,Avail,Compl,Enable,Compl,CL,CL,Compl,Unable,Not Avl,Compl,Compl,Enable,OFF,130,15,145,ON,21.250,6.875,0.107,2380,6,21,-3,OFF,0.781,3.906,3.890,OFF,0,0,77,Avail,Compl,Enable,0,GRN2#  ,ON,0,ACTIVE,ACTIVE,0.962,0.942,0.680,0.700,64.844,58.684,Avail,Compl,Avail,Incmpl,Incmpl,Enable,OBD II (California ARB),OFF,OFF,29.279,0.500,0,1st,OFF,OFF,OFF,OFF,OFF,OFF,0.781,0,ON,OFF,650,0,OFF,OFF,OFF,ON,Gasoline,0.985,OFF,OFF,0.684,ON,1.172,14.902,18,0,0.742,0.742,2.305,0.742,0.918,2.031,46.275,0,14.902,16,0.020,0.039,OFF,ECT 5th,NA,OFF,97.614,97.548,13.725,0,Not Avl,0,0,0,0,ON,ON,0,0,1
319,0,14.160,Not Avl,Compl,Compl,Unable,OFF,Not Avl,Compl,Compl,Unable,OFF,52.344,50,28.125,29.375,19.531,39.551,15.686,31.765,0.781,1.582,ON,0,OFF,ON,ON,0.997,1.000,0,0.004,3.293,3.308,0,97,51199.219,13.925,24.314,OFF,OFF,OFF,OFF,OFF,OFF,OFF,Avail,Incmpl,Incmpl,Enable,Avail,413.700,259.600,413.700,259.600,ON,Avail,Compl,Enable,80,0,0,0,0,0,0,6,A,0,0,Avail,Incmpl,Incmpl,Enable,OFF,OFF,956,710.750,51199.219,51199.219,51199.219,51199.219,51199.219,51199.219,1GRFE ,33.725,Avail,Incmpl,Incmpl,Enable,7.996,OFF,OFF,OFF,OFF,ON,ON,Avail,Compl,Enable,Compl,CL,CL,Compl,Unable,Not Avl,Compl,Compl,Enable,OFF,130,15,156,ON,21.250,6.875,0.107,2377,6,21,-3,OFF,0.781,3.906,3.820,OFF,0,0,77,Avail,Compl,Enable,0,GRN2#  ,ON,0,ACTIVE,ACTIVE,0.962,0.942,0.680,0.700,64.520,58.684,Avail,Compl,Avail,Incmpl,Incmpl,Enable,OBD II (California ARB),OFF,OFF,29.517,0.500,0,1st,OFF,OFF,OFF,OFF,OFF,OFF,0.781,0,ON,OFF,650,0,OFF,OFF,OFF,ON,Gasoline,0.985,OFF,OFF,0.684,ON,1.172,14.902,18,0,0.742,0.742,2.305,0.742,0.918,2.031,46.275,0,14.902,16,0.020,0.039,OFF,ECT 5th,NA,OFF,97.636,97.746,13.333,0,Not Avl,0,0,0,0,ON,ON,0,0,1
320,0,14.149,Not Avl,Compl,Compl,Unable,OFF,Not Avl,Compl,Compl,Unable,OFF,42.969,46.875,28.125,29.375,19.531,39.551,15.686,31.765,0.781,1.582,ON,0,OFF,ON,ON,1.001,1.001,0.004,0.004,3.308,3.308,0,97,51199.219,13.925,24.314,OFF,OFF,OFF,OFF,OFF,OFF,OFF,Avail,Incmpl,Incmpl,Enable,Avail,413.700,259.600,413.700,259.600,ON,Avail,Compl,Enable,80,0,0,0,0,0,0,6,A,0,0,Avail,Incmpl,Incmpl,Enable,OFF,OFF,957,713.250,51199.219,51199.219,51199.219,51199.219,51199.219,51199.219,1GRFE ,33.725,Avail,Incmpl,Incmpl,Enable,7.996,OFF,OFF,OFF,OFF,ON,ON,Avail,Compl,Enable,Compl,CL,CL,Compl,Unable,Not Avl,Compl,Compl,Enable,OFF,130,15,167,ON,21.250,6.875,0.107,2369,6,21,-3,OFF,0.781,3.906,3.780,OFF,0,0,77,Avail,Compl,Enable,0,GRN2#  ,ON,0,ACTIVE,ACTIVE,0.962,0.942,0.680,0.700,64.844,58.684,Avail,Compl,Avail,Incmpl,Incmpl,Enable,OBD II (California ARB),OFF,OFF,29.755,0.500,0,1st,OFF,OFF,OFF,OFF,OFF,OFF,0.781,0,ON,OFF,650,0,OFF,OFF,OFF,ON,Gasoline,0.985,OFF,OFF,0.684,ON,1.172,14.902,18,0,0.742,0.742,2.305,0.742,0.918,2.031,46.275,0,14.902,16,0.020,0.039,OFF,ECT 5th,NA,OFF,97.592,97.504,13.333,0,Not Avl,0,0,0,0,ON,ON,0,0,1
321,0,14.159,Not Avl,Compl,Compl,Unable,OFF,Not Avl,Compl,Compl,Unable,OFF,40.625,52.344,28.125,29.375,19.531,39.551,15.686,31.765,0.781,1.582,ON,0,OFF,ON,ON,0.998,1.000,0,0,3.293,3.303,0,97,51199.219,13.906,24.314,OFF,OFF,OFF,OFF,OFF,OFF,OFF,Avail,Incmpl,Incmpl,Enable,Avail,413.400,259.400,413.400,259.400,ON,Avail,Compl,Enable,80,0,0,0,0,0,0,6,A,0,0,Avail,Incmpl,Incmpl,Enable,OFF,OFF,957,707,51199.219,51199.219,51199.219,51199.219,51199.219,51199.219,1GRFE ,33.333,Avail,Incmpl,Incmpl,Enable,7.996,OFF,OFF,OFF,OFF,ON,ON,Avail,Compl,Enable,Compl,CL,CL,Compl,Unable,Not Avl,Compl,Compl,Enable,OFF,130,15,179,ON,21.250,6.875,0.107,2373,6,21,-3,OFF,0.781,3.906,3.810,OFF,0,0,84,Avail,Compl,Enable,0,GRN2#  ,ON,0,ACTIVE,ACTIVE,0.962,0.942,0.680,0.700,64.195,58.684,Avail,Compl,Avail,Incmpl,Incmpl,Enable,OBD II (California ARB),OFF,OFF,29.279,0.500,0,1st,OFF,OFF,OFF,OFF,OFF,OFF,0.781,0,ON,OFF,650,0,OFF,OFF,OFF,ON,Gasoline,0.985,OFF,OFF,0.684,ON,1.172,14.902,18,0,0.742,0.742,2.305,0.742,0.918,2.031,46.275,0,14.902,16,0.020,0.039,OFF,ECT 5th,NA,OFF,97.614,97.636,13.333,0,Not Avl,0,0,0,0,ON,ON,0,0,1
322,0,14.169,Not Avl,Compl,Compl,Unable,OFF,Not Avl,Compl,Compl,Unable,OFF,38.281,47.656,28.125,29.375,19.531,39.551,15.686,31.765,0.781,1.582,ON,0,OFF,ON,ON,0.998,0.999,0,0,3.293,3.298,0,97,51199.219,13.906,24.314,OFF,OFF,OFF,OFF,OFF,OFF,OFF,Avail,Incmpl,Incmpl,Enable,Avail,413.400,259.400,413.400,259.400,ON,Avail,Compl,Enable,80,0,0,0,0,0,0,6,A,0,0,Avail,Incmpl,Incmpl,Enable,OFF,OFF,957,707,51199.219,51199.219,51199.219,51199.219,51199.219,51199.219,1GRFE ,33.725,Avail,Incmpl,Incmpl,Enable,7.996,OFF,OFF,OFF,OFF,ON,ON,Avail,Compl,Enable,Compl,CL,CL,Compl,Unable,Not Avl,Compl,Compl,Enable,OFF,130,15,192,ON,21.250,6.875,0.107,2381,6,21,-3,OFF,0.781,3.906,3.810,OFF,0,0,84,Avail,Compl,Enable,0,GRN2#  ,ON,0,ACTIVE,ACTIVE,0.962,0.947,0.680,0.700,64.844,58.684,Avail,Compl,Avail,Incmpl,Incmpl,Enable,OBD II (California ARB),OFF,OFF,29.150,0.500,0,1st,OFF,OFF,OFF,OFF,OFF,OFF,0.781,0,ON,OFF,650,0,OFF,OFF,OFF,ON,Gasoline,0.985,OFF,OFF,0.684,ON,1.172,14.902,18,0,0.742,0.742,2.305,0.742,0.918,2.031,46.275,0,14.902,16,0.020,0.039,OFF,ECT 5th,NA,OFF,97.592,97.482,13.333,0,Not Avl,0,0,0,0,ON,ON,0,0,1
323,0,14.159,Not Avl,Compl,Compl,Unable,OFF,Not Avl,Compl,Compl,Unable,OFF,38.281,45.312,28.125,29.375,19.531,39.551,15.686,31.765,0.781,1.582,ON,0,OFF,ON,ON,1.000,0.998,0.004,0,3.308,3.293,0,97,51199.219,13.925,24.314,OFF,OFF,OFF,OFF,OFF,OFF,OFF,Avail,Incmpl,Incmpl,Enable,Avail,413.400,259.400,413.400,259.400,ON,Avail,Compl,Enable,80,0,0,0,0,0,0,6,A,0,0,Avail,Incmpl,Incmpl,Enable,OFF,OFF,958,708.500,51199.219,51199.219,51199.219,51199.219,51199.219,51199.219,1GRFE ,33.725,Avail,Incmpl,Incmpl,Enable,7.996,OFF,OFF,OFF,OFF,ON,ON,Avail,Compl,Enable,Compl,CL,CL,Compl,Unable,Not Avl,Compl,Compl,Enable,OFF,130,15,205,ON,21.250,6.875,0.107,2381,6,21,-3,OFF,0.781,3.906,3.850,OFF,0,0,84,Avail,Compl,Enable,0,GRN2#  ,ON,0,ACTIVE,ACTIVE,0.962,0.947,0.680,0.700,64.520,58.684,Avail,Compl,Avail,Incmpl,Incmpl,Enable,OBD II (California ARB),OFF,OFF,29.279,0.500,0,1st,OFF,OFF,OFF,OFF,OFF,OFF,0.781,0,ON,OFF,650,0,OFF,OFF,OFF,ON,Gasoline,0.985,OFF,OFF,0.684,ON,1.172,14.902,18,0,0.742,0.742,2.305,0.742,0.918,2.031,46.275,0,14.902,16,0.020,0.039,OFF,ECT 5th,NA,OFF,97.614,97.614,13.725,0,Not Avl,0,0,0,0,ON,ON,0,0,1
324,0,14.169,Not Avl,Compl,Compl,Unable,OFF,Not Avl,Compl,Compl,Unable,OFF,38.281,40.625,28.125,29.375,19.531,39.551,15.686,31.765,0.781,1.582,ON,0,OFF,ON,ON,0.999,0.998,0,0,3.298,3.293,0,97,51199.219,13.906,24.314,OFF,OFF,OFF,OFF,OFF,OFF,OFF,Avail,Incmpl,Incmpl,Enable,Avail,413.200,259.200,413.200,259.200,ON,Avail,Compl,Enable,80,0,0,0,0,0,0,6,A,0,0,Avail,Incmpl,Incmpl,Enable,OFF,OFF,958,714,51199.219,51199.219,51199.219,51199.219,51199.219,51199.219,1GRFE ,33.725,Avail,Incmpl,Incmpl,Enable,7.996,OFF,OFF,OFF,OFF,ON,ON,Avail,Compl,Enable,Compl,CL,CL,Compl,Unable,Not Avl,Compl,Compl,Enable,OFF,130,15,219,ON,21.250,6.875,0.107,2381,6,21,-3,OFF,0.781,3.906,3.850,OFF,0,0,81,Avail,Compl,Enable,0,GRN2#  ,ON,0,ACTIVE,ACTIVE,0.962,0.947,0.680,0.700,64.520,59.008,Avail,Compl,Avail,Incmpl,Incmpl,Enable,OBD II (California ARB),OFF,OFF,29.626,0.500,0,1st,OFF,OFF,OFF,OFF,OFF,OFF,0.781,0,ON,OFF,650,0,OFF,OFF,OFF,ON,Gasoline,0.984,OFF,OFF,0.684,ON,1.172,14.902,18,0,0.742,0.742,2.305,0.742,0.918,2.031,46.275,0,14.902,16,0.020,0.043,OFF,ECT 5th,NA,OFF,97.614,97.702,13.333,0,Not Avl,0,0,0,0,ON,ON,0,0,1
325,0,14.161,Not Avl,Compl,Compl,Unable,OFF,Not Avl,Compl,Compl,Unable,OFF,38.281,38.281,28.125,29.375,19.531,39.551,15.686,31.765,0.781,1.582,ON,0,OFF,ON,ON,0.999,0.999,0,0,3.298,3.298,0,97,51199.219,13.906,24.314,OFF,OFF,OFF,OFF,OFF,OFF,OFF,Avail,Incmpl,Incmpl,Enable,Avail,413.200,259.200,413.200,259.200,ON,Avail,Compl,Enable,80,0,0,0,0,0,0,6,A,0,0,Avail,Incmpl,Incmpl,Enable,OFF,OFF,959,707.750,51199.219,51199.219,51199.219,51199.219,51199.219,51199.219,1GRFE ,33.725,Avail,Incmpl,Incmpl,Enable,7.996,OFF,OFF,OFF,OFF,ON,ON,Avail,Compl,Enable,Compl,CL,CL,Compl,Unable,Not Avl,Compl,Compl,Enable,OFF,130,15,234,ON,21.250,6.875,0.107,2373,6,21,-3,OFF,0.781,3.906,3.810,OFF,0,0,81,Avail,Compl,Enable,0,GRN2#  ,ON,0,ACTIVE,ACTIVE,0.957,0.942,0.680,0.700,64.520,58.684,Avail,Compl,Avail,Incmpl,Incmpl,Enable,OBD II (California ARB),OFF,OFF,29.279,0.500,0,1st,OFF,OFF,OFF,OFF,OFF,OFF,0.781,0,ON,OFF,650,0,OFF,OFF,OFF,ON,Gasoline,0.984,OFF,OFF,0.684,ON,1.172,14.902,18,0,0.742,0.742,2.305,0.742,0.918,2.031,46.275,0,14.902,16,0.020,0.043,OFF,ECT 5th,NA,OFF,97.636,97.724,13.333,0,Not Avl,0,0,0,0,ON,ON,0,0,1
326,0,14.159,Not Avl,Compl,Compl,Unable,OFF,Not Avl,Compl,Compl,Unable,OFF,38.281,38.281,28.125,29.375,19.531,39.551,15.686,31.765,0.781,1.582,ON,0,OFF,ON,ON,0.999,0.999,0,0,3.298,3.293,0,97,51199.219,13.906,24.314,OFF,OFF,OFF,OFF,OFF,OFF,OFF,Avail,Incmpl,Incmpl,Enable,Avail,413.200,259.200,413.200,259.200,ON,Avail,Compl,Enable,80,0,0,0,0,0,0,6,A,0,0,Avail,Incmpl,Incmpl,Enable,OFF,OFF,959,716.250,51199.219,51199.219,51199.219,51199.219,51199.219,51199.219,1GRFE ,33.725,Avail,Incmpl,Incmpl,Enable,7.996,OFF,OFF,OFF,OFF,ON,ON,Avail,Compl,Enable,Compl,CL,CL,Compl,Unable,Not Avl,Compl,Compl,Enable,OFF,130,15,247,ON,21.250,6.875,0.107,2373,6,21,-3,OFF,0.781,3.906,3.820,OFF,0,0,81,Avail,Compl,Enable,0,GRN2#  ,ON,0,ACTIVE,ACTIVE,0.962,0.942,0.680,0.700,64.520,58.684,Avail,Compl,Avail,Incmpl,Incmpl,Enable,OBD II (California ARB),OFF,OFF,29.517,0.500,0,1st,OFF,OFF,OFF,OFF,OFF,OFF,0.781,0,ON,OFF,650,0,OFF,OFF,OFF,ON,Gasoline,0.984,OFF,OFF,0.684,ON,1.172,14.902,18,0,0.742,0.742,2.305,0.742,0.918,2.031,46.275,0,14.902,16,0.020,0.043,OFF,ECT 5th,NA,OFF,97.636,97.724,13.333,0,Not Avl,0,0,0,0,ON,ON,0,0,1
327,0,14.164,Not Avl,Compl,Compl,Unable,OFF,Not Avl,Compl,Compl,Unable,OFF,42.969,38.281,28.125,29.375,19.531,39.551,15.686,31.765,0.781,1.582,ON,0,OFF,ON,ON,0.995,0.998,-0.012,0,3.279,3.293,0,97,51199.219,13.906,24.314,OFF,OFF,OFF,OFF,OFF,OFF,OFF,Avail,Incmpl,Incmpl,Enable,Avail,413,259,413,259,ON,Avail,Compl,Enable,80,0,0,0,0,0,0,6,A,0,0,Avail,Incmpl,Incmpl,Enable,OFF,OFF,959,715.500,51199.219,51199.219,51199.219,51199.219,51199.219,51199.219,1GRFE ,33.725,Avail,Incmpl,Incmpl,Enable,7.996,OFF,OFF,OFF,OFF,ON,ON,Avail,Compl,Enable,Compl,CL,CL,Compl,Unable,Not Avl,Compl,Compl,Enable,OFF,130,15,260,ON,21.250,6.875,0.107,2366,6,21,-3,OFF,0.781,3.906,3.850,OFF,0,0,82,Avail,Compl,Enable,0,GRN2#  ,ON,0,ACTIVE,ACTIVE,0.962,0.942,0.680,0.700,64.520,58.684,Avail,Compl,Avail,Incmpl,Incmpl,Enable,OBD II (California ARB),OFF,OFF,29.279,0.500,0,1st,OFF,OFF,OFF,OFF,OFF,OFF,0.781,0,ON,OFF,650,0,OFF,OFF,OFF,ON,Gasoline,0.985,OFF,OFF,0.684,ON,1.172,14.902,18,0,0.742,0.742,2.305,0.742,0.918,2.031,46.275,0,14.902,16,0.020,0.043,OFF,ECT 5th,NA,OFF,97.636,97.724,13.333,0,Not Avl,0,0,0,0,ON,ON,0,0,1
328,0,14.136,Not Avl,Compl,Compl,Unable,OFF,Not Avl,Compl,Compl,Unable,OFF,53.906,38.281,28.125,29.375,19.531,39.551,15.686,31.765,0.781,1.582,ON,0,OFF,ON,ON,0.997,0.997,0,-0.004,3.293,3.288,0,97,51199.219,13.906,24.314,OFF,OFF,OFF,OFF,OFF,OFF,OFF,Avail,Incmpl,Incmpl,Enable,Avail,413,259,413,259,ON,Avail,Compl,Enable,80,0,0,0,0,0,0,6,A,0,0,Avail,Incmpl,Incmpl,Enable,OFF,OFF,960,711.500,51199.219,51199.219,51199.219,51199.219,51199.219,51199.219,1GRFE ,33.725,Avail,Incmpl,Incmpl,Enable,7.996,OFF,OFF,OFF,OFF,ON,ON,Avail,Compl,Enable,Compl,CL,CL,Compl,Unable,Not Avl,Compl,Compl,Enable,OFF,130,15,279,ON,21.250,6.875,0.106,2373,6,21,-3,OFF,0.781,3.906,3.850,OFF,0,0,82,Avail,Compl,Enable,0,GRN2#  ,ON,0,ACTIVE,ACTIVE,0.962,0.947,0.680,0.700,64.844,58.359,Avail,Compl,Avail,Incmpl,Incmpl,Enable,OBD II (California ARB),OFF,OFF,29.395,0.500,0,1st,OFF,OFF,OFF,OFF,OFF,OFF,0.781,0,ON,OFF,650,0,OFF,OFF,OFF,ON,Gasoline,0.987,OFF,OFF,0.684,ON,1.094,14.902,18,0,0.742,0.742,2.305,0.742,0.918,2.031,46.275,0,14.902,16,0.020,0.043,OFF,ECT 5th,NA,OFF,97.636,97.680,13.725,0,Not Avl,0,0,0,0,ON,ON,0,0,1
329,0,14.149,Not Avl,Compl,Compl,Unable,OFF,Not Avl,Compl,Compl,Unable,OFF,57.031,38.281,28.125,29.375,19.531,39.551,15.686,31.765,0.781,1.582,ON,0,OFF,ON,ON,0.996,0.999,-0.008,0,3.283,3.298,0,97,51199.219,13.925,24.314,OFF,OFF,OFF,OFF,OFF,OFF,OFF,Avail,Incmpl,Incmpl,Enable,Avail,412.700,258.800,412.700,258.800,ON,Avail,Compl,Enable,80,0,0,0,0,0,0,6,A,0,0,Avail,Incmpl,Incmpl,Enable,OFF,OFF,960,707,51199.219,51199.219,51199.219,51199.219,51199.219,51199.219,1GRFE ,33.333,Avail,Incmpl,Incmpl,Enable,7.996,OFF,OFF,OFF,OFF,ON,ON,Avail,Compl,Enable,Compl,CL,CL,Compl,Unable,Not Avl,Compl,Compl,Enable,OFF,130,15,294,ON,21.250,6.875,0.106,2388,6,21,-3,OFF,0.781,3.906,3.790,OFF,0,0,75,Avail,Compl,Enable,0,GRN2#  ,ON,0,ACTIVE,ACTIVE,0.962,0.942,0.680,0.700,64.520,58.684,Avail,Compl,Avail,Incmpl,Incmpl,Enable,OBD II (California ARB),OFF,OFF,29.279,0.500,0,1st,OFF,OFF,OFF,OFF,OFF,OFF,0.781,0,ON,OFF,650,0,OFF,OFF,OFF,ON,Gasoline,0.987,OFF,OFF,0.684,ON,1.172,14.902,18,0,0.742,0.742,2.305,0.742,0.918,2.031,46.275,0,14.902,16,0.020,0.043,OFF,ECT 5th,NA,OFF,97.592,97.504,13.333,0,Not Avl,0,0,0,0,ON,ON,0,0,1
330,0,14.159,Not Avl,Compl,Compl,Unable,OFF,Not Avl,Compl,Compl,Unable,OFF,57.812,38.281,28.125,29.375,19.531,39.551,15.686,31.765,0.781,1.582,ON,0,OFF,ON,ON,0.997,0.997,0.008,0.004,3.283,3.288,0,97,51199.219,13.906,24.314,OFF,OFF,OFF,OFF,OFF,OFF,OFF,Avail,Incmpl,Incmpl,Enable,Avail,412.700,258.800,412.700,258.800,ON,Avail,Compl,Enable,80,0,0,0,0,0,0,6,A,0,0,Avail,Incmpl,Incmpl,Enable,OFF,OFF,961,696,51199.219,51199.219,51199.219,51199.219,51199.219,51199.219,1GRFE ,33.333,Avail,Incmpl,Incmpl,Enable,7.996,OFF,OFF,OFF,OFF,ON,ON,Avail,Compl,Enable,Compl,CL,CL,Compl,Unable,Not Avl,Compl,Compl,Enable,OFF,130,15,307,ON,21.250,6.875,0.106,2395,6,21,-3,OFF,0.781,3.906,3.840,OFF,0,0,75,Avail,Compl,Enable,0,GRN2#  ,ON,0,ACTIVE,ACTIVE,0.962,0.947,0.680,0.700,64.844,59.008,Avail,Compl,Avail,Incmpl,Incmpl,Enable,OBD II (California ARB),OFF,OFF,28.790,0.500,0,1st,OFF,OFF,OFF,OFF,OFF,OFF,0.781,0,ON,OFF,650,0,OFF,OFF,OFF,ON,Gasoline,0.987,OFF,OFF,0.684,ON,1.172,14.902,18,0,0.742,0.742,2.305,0.742,0.918,2.031,46.275,0,14.902,16,0.020,0.039,OFF,ECT 5th,NA,OFF,97.592,97.482,13.725,0,Not Avl,0,0,0,0,ON,ON,0,0,1
331,0,14.159,Not Avl,Compl,Compl,Unable,OFF,Not Avl,Compl,Compl,Unable,OFF,52.344,38.281,28.125,29.375,19.531,39.551,15.686,31.765,0.781,1.582,ON,0,OFF,ON,ON,1.002,0.997,0.012,-0.004,3.318,3.288,0,97,51199.219,13.906,24.706,OFF,OFF,OFF,OFF,OFF,OFF,OFF,Avail,Incmpl,Incmpl,Enable,Avail,412.700,258.800,412.700,258.800,ON,Avail,Compl,Enable,80,0,0,0,0,0,0,6,A,0,0,Avail,Incmpl,Incmpl,Enable,OFF,OFF,961,698.250,51199.219,51199.219,51199.219,51199.219,51199.219,51199.219,1GRFE ,33.333,Avail,Incmpl,Incmpl,Enable,7.996,OFF,OFF,OFF,OFF,ON,ON,Avail,Compl,Enable,Compl,CL,CL,Compl,Unable,Not Avl,Compl,Compl,Enable,OFF,130,15,318,ON,21.250,6.875,0.106,2402,6,21,-3,OFF,0.781,3.906,3.810,OFF,0,0,75,Avail,Compl,Enable,0,GRN2#  ,ON,0,ACTIVE,ACTIVE,0.962,0.942,0.680,0.700,64.520,59.008,Avail,Compl,Avail,Incmpl,Incmpl,Enable,OBD II (California ARB),OFF,OFF,29.279,0.500,0,1st,OFF,OFF,OFF,OFF,OFF,OFF,0.781,0,ON,OFF,650,0,OFF,OFF,OFF,ON,Gasoline,0.987,OFF,OFF,0.684,ON,1.172,14.902,18,0,0.742,0.742,2.305,0.742,0.918,2.031,46.275,0,14.902,16,0.020,0.039,OFF,ECT 5th,NA,OFF,97.636,97.724,13.725,0,Not Avl,0,0,0,0,ON,ON,0,0,1
332,0,14.152,Not Avl,Compl,Compl,Unable,OFF,Not Avl,Compl,Compl,Unable,OFF,45.312,43.750,28.125,29.375,19.531,39.551,15.686,31.765,0.781,1.582,ON,0,OFF,ON,ON,1.001,0.998,0.004,0,3.308,3.298,0,97,51199.219,13.906,24.314,OFF,OFF,OFF,OFF,OFF,OFF,OFF,Avail,Incmpl,Incmpl,Enable,Avail,412.500,258.600,412.500,258.600,ON,Avail,Compl,Enable,80,0,0,0,0,0,0,6,A,0,0,Avail,Incmpl,Incmpl,Enable,OFF,OFF,961,712.500,51199.219,51199.219,51199.219,51199.219,51199.219,51199.219,1GRFE ,33.725,Avail,Incmpl,Incmpl,Enable,7.996,OFF,OFF,OFF,OFF,ON,ON,Avail,Compl,Enable,Compl,CL,CL,Compl,Unable,Not Avl,Compl,Compl,Enable,OFF,130,15,329,ON,21.250,6.875,0.107,2399,6,21,-3,OFF,0.781,3.906,3.790,OFF,0,0,78,Avail,Compl,Enable,0,GRN2#  ,ON,0,ACTIVE,ACTIVE,0.962,0.942,0.680,0.700,64.844,59.008,Avail,Compl,Avail,Incmpl,Incmpl,Enable,OBD II (California ARB),OFF,OFF,29.755,0.500,0,1st,OFF,OFF,OFF,OFF,OFF,OFF,0.781,0,ON,OFF,650,0,OFF,OFF,OFF,ON,Gasoline,0.986,OFF,OFF,0.684,ON,1.172,14.902,18,0,0.742,0.742,2.305,0.742,0.918,2.031,46.275,0,14.902,16,0.020,0.039,OFF,ECT 5th,NA,OFF,97.614,97.680,13.333,0,Not Avl,0,0,0,0,ON,ON,0,0,1
333,0,14.142,Not Avl,Compl,Compl,Unable,OFF,Not Avl,Compl,Compl,Unable,OFF,40.625,48.438,28.125,29.375,19.531,39.551,15.686,31.765,0.781,1.582,ON,0,OFF,ON,ON,1.001,1.000,0.004,0,3.308,3.303,0,97,51199.219,13.906,24.314,OFF,OFF,OFF,OFF,OFF,OFF,OFF,Avail,Incmpl,Incmpl,Enable,Avail,412.500,258.600,412.500,258.600,ON,Avail,Compl,Enable,80,0,0,0,0,0,0,6,A,0,0,Avail,Incmpl,Incmpl,Enable,OFF,OFF,962,715.500,51199.219,51199.219,51199.219,51199.219,51199.219,51199.219,1GRFE ,33.725,Avail,Incmpl,Incmpl,Enable,7.996,OFF,OFF,OFF,OFF,ON,ON,Avail,Compl,Enable,Compl,CL,CL,Compl,Unable,Not Avl,Compl,Compl,Enable,OFF,130,15,339,ON,21.250,6.875,0.107,2384,6,21,-3,OFF,0.781,3.906,3.810,OFF,0,0,78,Avail,Compl,Enable,0,GRN2#  ,ON,0,ACTIVE,ACTIVE,0.962,0.947,0.680,0.700,64.844,59.008,Avail,Compl,Avail,Incmpl,Incmpl,Enable,OBD II (California ARB),OFF,OFF,29.877,0.500,0,1st,OFF,OFF,OFF,OFF,OFF,OFF,0.781,0,ON,OFF,650,0,OFF,OFF,OFF,ON,Gasoline,0.985,OFF,OFF,0.684,ON,1.172,14.902,18,0,0.742,0.742,2.305,0.742,0.918,2.031,46.275,0,14.902,16,0.020,0.039,OFF,ECT 5th,NA,OFF,97.592,97.504,13.333,0,Not Avl,0,0,0,0,ON,ON,0,0,1
334,0,14.161,Not Avl,Compl,Compl,Unable,OFF,Not Avl,Compl,Compl,Unable,OFF,39.062,53.125,28.125,29.375,19.531,39.551,15.686,31.765,0.781,1.582,ON,0,OFF,ON,ON,0.996,1.000,-0.008,0,3.283,3.303,0,97,51199.219,13.906,24.314,OFF,OFF,OFF,OFF,OFF,OFF,OFF,Avail,Incmpl,Incmpl,Enable,Avail,412.500,258.600,412.500,258.600,ON,Avail,Compl,Enable,80,0,0,0,0,0,0,6,A,0,0,Avail,Incmpl,Incmpl,Enable,OFF,OFF,962,713.250,51199.219,51199.219,51199.219,51199.219,51199.219,51199.219,1GRFE ,33.725,Avail,Incmpl,Incmpl,Enable,7.996,OFF,OFF,OFF,OFF,ON,ON,Avail,Compl,Enable,Compl,CL,CL,Compl,Unable,Not Avl,Compl,Compl,Enable,OFF,130,15,350,ON,21.250,6.875,0.107,2366,6,21,-3,OFF,0.781,3.906,3.810,OFF,0,0,78,Avail,Compl,Enable,0,GRN2#  ,ON,0,ACTIVE,ACTIVE,0.957,0.942,0.680,0.700,64.844,58.684,Avail,Compl,Avail,Incmpl,Incmpl,Enable,OBD II (California ARB),OFF,OFF,29.279,0.500,0,1st,OFF,OFF,OFF,OFF,OFF,OFF,0.781,0,ON,OFF,650,0,OFF,OFF,OFF,ON,Gasoline,0.984,OFF,OFF,0.684,ON,1.172,14.902,18,0,0.742,0.742,2.305,0.742,0.918,2.031,46.275,0,14.902,16,0.020,0.039,OFF,ECT 5th,NA,OFF,97.636,97.746,13.333,0,Not Avl,0,0,0,0,ON,ON,0,0,1
335,0,14.158,Not Avl,Compl,Compl,Unable,OFF,Not Avl,Compl,Compl,Unable,OFF,38.281,46.094,28.125,29.375,19.531,39.551,15.686,31.765,0.781,1.582,ON,0,OFF,ON,ON,0.998,0.999,0,0,3.303,3.298,0,97,51199.219,13.925,24.314,OFF,OFF,OFF,OFF,OFF,OFF,OFF,Avail,Incmpl,Incmpl,Enable,Avail,412.500,258.600,412.500,258.600,ON,Avail,Compl,Enable,80,0,0,0,0,0,0,6,A,0,0,Avail,Incmpl,Incmpl,Enable,OFF,OFF,962,708.500,51199.219,51199.219,51199.219,51199.219,51199.219,51199.219,1GRFE ,33.725,Avail,Incmpl,Incmpl,Enable,7.996,OFF,OFF,OFF,OFF,ON,ON,Avail,Compl,Enable,Compl,CL,CL,Compl,Unable,Not Avl,Compl,Compl,Enable,OFF,130,15,361,ON,21.250,6.875,0.107,2370,6,21,-3,OFF,0.781,3.906,3.840,OFF,0,0,78,Avail,Compl,Enable,0,GRN2#  ,ON,0,ACTIVE,ACTIVE,0.962,0.942,0.680,0.700,64.844,59.008,Avail,Compl,Avail,Incmpl,Incmpl,Enable,OBD II (California ARB),OFF,OFF,29.279,0.500,0,1st,OFF,OFF,OFF,OFF,OFF,OFF,0.781,0,ON,OFF,650,0,OFF,OFF,OFF,ON,Gasoline,0.985,OFF,OFF,0.684,ON,1.172,14.902,18,0,0.742,0.742,2.305,0.742,0.918,2.031,46.275,0,14.902,16,0.020,0.039,OFF,ECT 5th,NA,OFF,97.614,97.680,13.725,0,Not Avl,0,0,0,0,ON,ON,0,0,1
336,0,14.160,Not Avl,Compl,Compl,Unable,OFF,Not Avl,Compl,Compl,Unable,OFF,38.281,53.125,28.125,29.375,19.531,39.551,15.686,31.765,0.781,1.582,ON,0,OFF,ON,ON,0.999,0.998,0,0,3.298,3.293,0,97,51199.219,13.906,24.314,OFF,OFF,OFF,OFF,OFF,OFF,OFF,Avail,Incmpl,Incmpl,Enable,Avail,412.300,258.400,412.300,258.400,ON,Avail,Compl,Enable,80,0,0,0,0,0,0,6,A,0,0,Avail,Incmpl,Incmpl,Enable,OFF,OFF,962,708.500,51199.219,51199.219,51199.219,51199.219,51199.219,51199.219,1GRFE ,33.333,Avail,Incmpl,Incmpl,Enable,7.996,OFF,OFF,OFF,OFF,ON,ON,Avail,Compl,Enable,Compl,CL,CL,Compl,Unable,Not Avl,Compl,Compl,Enable,OFF,130,15,371,ON,21.250,6.875,0.107,2377,6,21,-3,OFF,0.781,3.906,3.810,OFF,0,0,82,Avail,Compl,Enable,0,GRN2#  ,ON,0,ACTIVE,ACTIVE,0.962,0.942,0.680,0.700,63.871,58.684,Avail,Compl,Avail,Incmpl,Incmpl,Enable,OBD II (California ARB),OFF,OFF,29.395,0.500,0,1st,OFF,OFF,OFF,OFF,OFF,OFF,0.781,0,ON,OFF,650,0,OFF,OFF,OFF,ON,Gasoline,0.986,OFF,OFF,0.684,ON,1.172,14.902,18,0,0.742,0.742,2.305,0.742,0.918,2.031,46.275,0,14.902,16,0.020,0.039,OFF,ECT 5th,NA,OFF,97.636,97.658,13.333,0,Not Avl,0,0,0,0,ON,ON,0,0,1
337,0,14.158,Not Avl,Compl,Compl,Unable,OFF,Not Avl,Compl,Compl,Unable,OFF,38.281,46.094,28.125,29.375,19.531,39.551,15.686,31.765,0.781,1.582,ON,0,OFF,ON,ON,1.000,0.997,0,-0.008,3.303,3.283,0,97,51199.219,13.906,24.314,OFF,OFF,OFF,OFF,OFF,OFF,OFF,Avail,Incmpl,Incmpl,Enable,Avail,412.300,258.400,412.300,258.400,ON,Avail,Compl,Enable,79,0,0,0,0,0,0,6,A,0,0,Avail,Incmpl,Incmpl,Enable,OFF,OFF,963,713.250,51199.219,51199.219,51199.219,51199.219,51199.219,51199.219,1GRFE ,33.725,Avail,Incmpl,Incmpl,Enable,7.996,OFF,OFF,OFF,OFF,ON,ON,Avail,Compl,Enable,Compl,CL,CL,Compl,Unable,Not Avl,Compl,Compl,Enable,OFF,130,15,383,ON,21.250,6.875,0.107,2373,6,21,-3,OFF,0.781,3.906,3.840,OFF,0,0,82,Avail,Compl,Enable,0,GRN2#  ,ON,0,ACTIVE,ACTIVE,0.962,0.942,0.680,0.700,65.168,59.008,Avail,Compl,Avail,Incmpl,Incmpl,Enable,OBD II (California ARB),OFF,OFF,29.395,0.500,0,1st,OFF,OFF,OFF,OFF,OFF,OFF,0.781,0,ON,OFF,650,0,OFF,OFF,OFF,ON,Gasoline,0.984,OFF,OFF,0.684,ON,1.172,14.902,18,0,0.742,0.742,2.305,0.742,0.918,2.031,46.275,0,14.902,16,0.020,0.039,OFF,ECT 5th,NA,OFF,97.636,97.746,13.333,0,Not Avl,0,0,0,0,ON,ON,0,0,1
338,0,14.155,Not Avl,Compl,Compl,Unable,OFF,Not Avl,Compl,Compl,Unable,OFF,38.281,42.188,28.125,29.375,19.531,39.551,15.686,31.765,0.781,1.582,ON,0,OFF,ON,ON,0.999,0.997,0,0,3.298,3.293,0,97,51199.219,13.906,24.314,OFF,OFF,OFF,OFF,OFF,OFF,OFF,Avail,Incmpl,Incmpl,Enable,Avail,412.300,258.400,412.300,258.400,ON,Avail,Compl,Enable,79,0,0,0,0,0,0,6,A,0,0,Avail,Incmpl,Incmpl,Enable,OFF,OFF,963,703,51199.219,51199.219,51199.219,51199.219,51199.219,51199.219,1GRFE ,33.333,Avail,Incmpl,Incmpl,Enable,7.996,OFF,OFF,OFF,OFF,ON,ON,Avail,Compl,Enable,Compl,CL,CL,Compl,Unable,Not Avl,Compl,Compl,Enable,OFF,130,15,394,ON,21.250,6.875,0.107,2381,6,21,-3,OFF,0.781,3.906,3.840,OFF,0,0,82,Avail,Compl,Enable,0,GRN2#  ,ON,0,ACTIVE,ACTIVE,0.957,0.942,0.680,0.700,64.844,59.008,Avail,Compl,Avail,Incmpl,Incmpl,Enable,OBD II (California ARB),OFF,OFF,29.034,0.500,0,1st,OFF,OFF,OFF,OFF,OFF,OFF,0.781,0,ON,OFF,650,0,OFF,OFF,OFF,ON,Gasoline,0.984,OFF,OFF,0.684,ON,1.172,14.902,18,0,0.742,0.742,2.305,0.742,0.918,2.031,46.275,0,14.902,16,0.020,0.039,OFF,ECT 5th,NA,OFF,97.614,97.680,13.725,0,Not Avl,0,0,0,0,ON,ON,0,0,1
339,0,14.169,Not Avl,Compl,Compl,Unable,OFF,Not Avl,Compl,Compl,Unable,OFF,38.281,39.062,28.125,29.375,19.531,39.551,15.686,31.765,0.781,1.582,ON,0,OFF,ON,ON,0.999,0.997,0,-0.004,3.298,3.288,0,97,51199.219,13.906,24.314,OFF,OFF,OFF,OFF,OFF,OFF,OFF,Avail,Incmpl,Incmpl,Enable,Avail,412.100,258.200,412.100,258.200,ON,Avail,Compl,Enable,79,0,0,0,0,0,0,6,A,0,0,Avail,Incmpl,Incmpl,Enable,OFF,OFF,963,706.250,51199.219,51199.219,51199.219,51199.219,51199.219,51199.219,1GRFE ,33.333,Avail,Incmpl,Incmpl,Enable,7.996,OFF,OFF,OFF,OFF,ON,ON,Avail,Compl,Enable,Compl,CL,CL,Compl,Unable,Not Avl,Compl,Compl,Enable,OFF,130,15,405,ON,21.250,6.875,0.107,2388,6,21,-3,OFF,0.781,3.906,3.810,OFF,0,0,74,Avail,Compl,Enable,0,GRN2#  ,ON,0,ACTIVE,ACTIVE,0.962,0.947,0.680,0.700,64.844,59.008,Avail,Compl,Avail,Incmpl,Incmpl,Enable,OBD II (California ARB),OFF,OFF,29.279,0.500,0,1st,OFF,OFF,OFF,OFF,OFF,OFF,0.781,-0.781,ON,OFF,650,0,OFF,OFF,OFF,ON,Gasoline,0.984,OFF,OFF,0.684,ON,1.172,14.902,18,0,0.742,0.742,2.305,0.742,0.918,2.031,46.275,0,14.902,16,0.020,0.039,OFF,ECT 5th,NA,OFF,97.614,97.570,13.333,0,Not Avl,0,0,0,0,ON,ON,0,0,1
340,0,14.152,Not Avl,Compl,Compl,Unable,OFF,Not Avl,Compl,Compl,Unable,OFF,38.281,38.281,28.125,29.375,19.531,39.551,15.686,31.765,0.781,1.582,ON,0,OFF,ON,ON,0.998,0.998,0,0,3.293,3.293,0,97,51199.219,13.906,24.314,OFF,OFF,OFF,OFF,OFF,OFF,OFF,Avail,Incmpl,Incmpl,Enable,Avail,412.100,258.200,412.100,258.200,ON,Avail,Compl,Enable,79,0,0,0,0,0,0,6,A,0,0,Avail,Incmpl,Incmpl,Enable,OFF,OFF,964,710,51199.219,51199.219,51199.219,51199.219,51199.219,51199.219,1GRFE ,33.725,Avail,Incmpl,Incmpl,Enable,7.996,OFF,OFF,OFF,OFF,ON,ON,Avail,Compl,Enable,Compl,CL,CL,Compl,Unable,Not Avl,Compl,Compl,Enable,OFF,130,15,421,ON,21.250,6.875,0.107,2384,6,21,-3,OFF,0.781,3.906,3.820,OFF,0,0,74,Avail,Compl,Enable,0,GRN2#  ,ON,0,ACTIVE,ACTIVE,0.962,0.947,0.680,0.700,64.844,59.008,Avail,Compl,Avail,Incmpl,Incmpl,Enable,OBD II (California ARB),OFF,OFF,29.395,0.500,0,1st,OFF,OFF,OFF,OFF,OFF,OFF,0.781,-0.781,ON,OFF,650,0,OFF,OFF,OFF,ON,Gasoline,0.986,OFF,OFF,0.684,ON,1.172,14.902,18,0,0.742,0.742,2.305,0.742,0.918,2.031,46.275,0,14.902,16,0.020,0.039,OFF,ECT 5th,NA,OFF,97.636,97.724,13.333,0,Not Avl,0,0,0,0,ON,ON,0,0,1
341,0,14.159,Not Avl,Compl,Compl,Unable,OFF,Not Avl,Compl,Compl,Unable,OFF,50,38.281,28.125,29.375,19.531,39.551,15.686,31.765,0.781,1.582,ON,0,OFF,ON,ON,0.998,0.999,0,0,3.298,3.298,0,97,51199.219,13.925,24.314,OFF,OFF,OFF,OFF,OFF,OFF,OFF,Avail,Incmpl,Incmpl,Enable,Avail,412.100,258.200,412.100,258.200,ON,Avail,Compl,Enable,79,0,0,0,0,0,0,6,A,0,0,Avail,Incmpl,Incmpl,Enable,OFF,OFF,964,709.250,51199.219,51199.219,51199.219,51199.219,51199.219,51199.219,1GRFE ,33.725,Avail,Incmpl,Incmpl,Enable,7.996,OFF,OFF,OFF,OFF,ON,ON,Avail,Compl,Enable,Compl,CL,CL,Compl,Unable,Not Avl,Compl,Compl,Enable,OFF,130,15,435,ON,21.250,6.875,0.107,2373,6,21,-3,OFF,0.781,3.906,3.810,OFF,0,0,74,Avail,Compl,Enable,0,GRN2#  ,ON,0,ACTIVE,ACTIVE,0.962,0.947,0.680,0.700,64.520,59.008,Avail,Compl,Avail,Incmpl,Incmpl,Enable,OBD II (California ARB),OFF,OFF,29.395,0.500,0,1st,OFF,OFF,OFF,OFF,OFF,OFF,0.781,0,ON,OFF,650,0,OFF,OFF,OFF,ON,Gasoline,0.986,OFF,OFF,0.684,ON,1.172,14.902,18,0,0.742,0.742,2.305,0.742,0.918,2.031,46.275,0,14.902,16,0.020,0.039,OFF,ECT 5th,NA,OFF,97.614,97.570,13.333,0,Not Avl,0,0,0,0,ON,ON,0,0,1
342,0,14.159,Not Avl,Compl,Compl,Unable,OFF,Not Avl,Compl,Compl,Unable,OFF,55.469,38.281,28.125,29.375,19.531,39.551,15.686,31.765,0.781,1.582,ON,0,OFF,ON,ON,0.997,1.001,-0.004,0.004,3.288,3.308,0,97,51199.219,13.925,24.314,OFF,OFF,OFF,OFF,OFF,OFF,OFF,Avail,Incmpl,Incmpl,Enable,Avail,411.900,258,411.900,258,ON,Avail,Compl,Enable,79,0,0,0,0,0,0,6,A,0,0,Avail,Incmpl,Incmpl,Enable,OFF,OFF,965,709.250,51199.219,51199.219,51199.219,51199.219,51199.219,51199.219,1GRFE ,33.333,Avail,Incmpl,Incmpl,Enable,7.996,OFF,OFF,OFF,OFF,ON,ON,Avail,Compl,Enable,Compl,CL,CL,Compl,Unable,Not Avl,Compl,Compl,Enable,OFF,130,15,448,ON,21.250,6.875,0.107,2366,6,21,-3,OFF,0.781,3.906,3.810,OFF,0,0,83,Avail,Compl,Enable,0,GRN2#  ,ON,0,ACTIVE,ACTIVE,0.962,0.942,0.680,0.700,64.195,59.008,Avail,Compl,Avail,Incmpl,Incmpl,Enable,OBD II (California ARB),OFF,OFF,29.279,0.500,0,1st,OFF,OFF,OFF,OFF,OFF,OFF,0.781,0,ON,OFF,650,0,OFF,OFF,OFF,ON,Gasoline,0.986,OFF,OFF,0.684,ON,1.172,14.902,18,0,0.742,0.742,2.305,0.742,0.918,2.031,46.275,0,14.902,16,0.020,0.039,OFF,ECT 5th,NA,OFF,97.636,97.746,13.333,0,Not Avl,0,0,0,0,ON,ON,0,0,1
343,0,14.160,Not Avl,Compl,Compl,Unable,OFF,Not Avl,Compl,Compl,Unable,OFF,57.031,38.281,28.125,29.375,19.531,39.551,15.686,31.765,0.781,1.582,ON,0,OFF,ON,ON,1.000,1.000,0.004,0,3.308,3.303,0,97,51199.219,13.925,24.314,OFF,OFF,OFF,OFF,OFF,OFF,OFF,Avail,Incmpl,Incmpl,Enable,Avail,411.900,258,411.900,258,ON,Avail,Compl,Enable,79,0,0,0,0,0,0,6,A,0,0,Avail,Incmpl,Incmpl,Enable,OFF,OFF,965,708.500,51199.219,51199.219,51199.219,51199.219,51199.219,51199.219,1GRFE ,33.725,Avail,Incmpl,Incmpl,Enable,7.996,OFF,OFF,OFF,OFF,ON,ON,Avail,Compl,Enable,Compl,CL,CL,Compl,Unable,Not Avl,Compl,Compl,Enable,OFF,130,15,461,ON,21.250,6.875,0.107,2377,6,21,-3,OFF,0.781,3.906,3.890,OFF,0,0,83,Avail,Compl,Enable,0,GRN2#  ,ON,0,ACTIVE,ACTIVE,0.962,0.947,0.680,0.700,64.844,59.332,Avail,Compl,Avail,Incmpl,Incmpl,Enable,OBD II (California ARB),OFF,OFF,29.395,0.500,0,1st,OFF,OFF,OFF,OFF,OFF,OFF,0.781,0,ON,OFF,650,0,OFF,OFF,OFF,ON,Gasoline,0.986,OFF,OFF,0.684,ON,1.172,14.902,18,0,0.742,0.742,2.305,0.742,0.918,2.031,46.275,0,14.902,16,0.020,0.039,OFF,ECT 5th,NA,OFF,97.614,97.614,13.725,0,Not Avl,0,0,0,0,ON,ON,0,0,1
344,0,14.159,Not Avl,Compl,Compl,Unable,OFF,Not Avl,Compl,Compl,Unable,OFF,57.812,38.281,28.125,29.375,19.531,39.551,15.686,31.765,0.781,1.582,ON,0,OFF,ON,ON,1.000,0.998,0.020,0.008,3.303,3.293,0,97,51199.219,13.925,24.314,OFF,OFF,OFF,OFF,OFF,OFF,OFF,Avail,Incmpl,Incmpl,Enable,Avail,411.700,257.800,411.700,257.800,ON,Avail,Compl,Enable,79,0,0,0,0,0,0,6,A,0,0,Avail,Incmpl,Incmpl,Enable,OFF,OFF,965,709.250,51199.219,51199.219,51199.219,51199.219,51199.219,51199.219,1GRFE ,33.725,Avail,Incmpl,Incmpl,Enable,7.996,OFF,OFF,OFF,OFF,ON,ON,Avail,Compl,Enable,Compl,CL,CL,Compl,Unable,Not Avl,Compl,Compl,Enable,OFF,130,15,477,ON,21.250,6.875,0.107,2392,6,21,-3,OFF,0.781,3.906,3.840,OFF,0,0,85,Avail,Compl,Enable,0,GRN2#  ,ON,0,ACTIVE,ACTIVE,0.962,0.942,0.680,0.700,64.844,58.359,Avail,Compl,Avail,Incmpl,Incmpl,Enable,OBD II (California ARB),OFF,OFF,29.395,0.500,0,1st,OFF,OFF,OFF,OFF,OFF,OFF,0.781,0,ON,OFF,650,0,OFF,OFF,OFF,ON,Gasoline,0.984,OFF,OFF,0.684,ON,1.172,14.902,18,0,0.742,0.742,2.305,0.742,0.918,2.031,46.275,0,14.902,16,0.020,0.039,OFF,ECT 5th,NA,OFF,97.614,97.680,13.333,0,Not Avl,0,0,0,0,ON,ON,0,0,1
345,0,14.159,Not Avl,Compl,Compl,Unable,OFF,Not Avl,Compl,Compl,Unable,OFF,45.312,38.281,28.125,29.375,19.531,39.551,15.686,31.765,0.781,1.582,ON,0,OFF,ON,ON,0.999,0.999,0,0,3.298,3.293,0,97,51199.219,13.925,24.314,OFF,OFF,OFF,OFF,OFF,OFF,OFF,Avail,Incmpl,Incmpl,Enable,Avail,411.700,257.800,411.700,257.800,ON,Avail,Compl,Enable,79,0,0,0,0,0,0,6,A,0,0,Avail,Incmpl,Incmpl,Enable,OFF,OFF,966,710,51199.219,51199.219,51199.219,51199.219,51199.219,51199.219,1GRFE ,33.725,Avail,Incmpl,Incmpl,Enable,7.996,OFF,OFF,OFF,OFF,ON,ON,Avail,Compl,Enable,Compl,CL,CL,Compl,Unable,Not Avl,Compl,Compl,Enable,OFF,130,15,490,ON,21.250,6.875,0.107,2377,6,21,-3,OFF,0.781,3.906,3.810,OFF,0,0,85,Avail,Compl,Enable,0,GRN2#  ,ON,0,ACTIVE,ACTIVE,0.967,0.947,0.680,0.700,64.844,59.008,Avail,Compl,Avail,Incmpl,Incmpl,Enable,OBD II (California ARB),OFF,OFF,29.279,0.500,0,1st,OFF,OFF,OFF,OFF,OFF,OFF,0.781,0,ON,OFF,650,0,OFF,OFF,OFF,ON,Gasoline,0.984,OFF,OFF,0.684,ON,1.172,14.902,18,0,0.742,0.742,2.305,0.742,0.918,2.031,46.275,0,14.902,16,0.020,0.039,OFF,ECT 5th,NA,OFF,97.614,97.724,13.333,0,Not Avl,0,0,0,0,ON,ON,0,0,1
346,0,14.174,Not Avl,Compl,Compl,Unable,OFF,Not Avl,Compl,Compl,Unable,OFF,40.625,38.281,28.125,29.375,19.531,39.551,15.686,31.765,0.781,1.582,ON,0,OFF,ON,ON,0.998,1.001,0,0.008,3.293,3.313,0,97,51199.219,13.906,24.314,OFF,OFF,OFF,OFF,OFF,OFF,OFF,Avail,Incmpl,Incmpl,Enable,Avail,411.700,257.800,411.700,257.800,ON,Avail,Compl,Enable,79,0,0,0,0,0,0,6,A,0,0,Avail,Incmpl,Incmpl,Enable,OFF,OFF,966,714.750,51199.219,51199.219,51199.219,51199.219,51199.219,51199.219,1GRFE ,33.725,Avail,Incmpl,Incmpl,Enable,7.996,OFF,OFF,OFF,OFF,ON,ON,Avail,Compl,Enable,Compl,CL,CL,Compl,Unable,Not Avl,Compl,Compl,Enable,OFF,130,15,504,ON,21.250,6.875,0.107,2370,6,21,-3,OFF,0.781,3.906,3.780,OFF,0,0,85,Avail,Compl,Enable,0,GRN2#  ,ON,0,ACTIVE,ACTIVE,0.962,0.947,0.680,0.700,64.195,59.332,Avail,Compl,Avail,Incmpl,Incmpl,Enable,OBD II (California ARB),OFF,OFF,29.395,0.500,0,1st,OFF,OFF,OFF,OFF,OFF,OFF,0.781,0,ON,OFF,650,0,OFF,OFF,OFF,ON,Gasoline,0.984,OFF,OFF,0.684,ON,1.172,14.902,18,0,0.742,0.742,2.305,0.742,0.918,2.031,46.275,0,14.902,16,0.020,0.039,OFF,ECT 5th,NA,OFF,97.614,97.680,13.333,0,Not Avl,0,0,0,0,ON,ON,0,0,1
347,0,14.164,Not Avl,Compl,Compl,Unable,OFF,Not Avl,Compl,Compl,Unable,OFF,38.281,42.969,28.125,29.375,19.531,39.551,15.686,31.765,0.781,1.582,ON,0,OFF,ON,ON,0.999,1.000,0,0.004,3.303,3.308,0,97,51199.219,13.906,24.314,OFF,OFF,OFF,OFF,OFF,OFF,OFF,Avail,Incmpl,Incmpl,Enable,Avail,411.500,257.600,411.500,257.600,ON,Avail,Compl,Enable,79,0,0,0,0,0,0,6,A,0,0,Avail,Incmpl,Incmpl,Enable,OFF,OFF,966,703.750,51199.219,51199.219,51199.219,51199.219,51199.219,51199.219,1GRFE ,33.333,Avail,Incmpl,Incmpl,Enable,7.996,OFF,OFF,OFF,OFF,ON,ON,Avail,Compl,Enable,Compl,CL,CL,Compl,Unable,Not Avl,Compl,Compl,Enable,OFF,130,15,517,ON,21.250,6.875,0.107,2381,6,21,-3,OFF,0.781,3.906,3.810,OFF,0,0,79,Avail,Compl,Enable,0,GRN2#  ,ON,0,ACTIVE,ACTIVE,0.962,0.942,0.680,0.700,64.844,59.008,Avail,Compl,Avail,Incmpl,Incmpl,Enable,OBD II (California ARB),OFF,OFF,29.150,0.500,0,1st,OFF,OFF,OFF,OFF,OFF,OFF,0.781,0,ON,OFF,650,0,OFF,OFF,OFF,ON,Gasoline,0.984,OFF,OFF,0.684,ON,1.172,14.902,18,0,0.742,0.742,2.305,0.742,0.918,2.031,46.275,0,14.902,16,0.020,0.039,OFF,ECT 5th,NA,OFF,97.636,97.724,13.333,0,Not Avl,0,0,0,0,ON,ON,0,0,1
348,0,14.160,Not Avl,Compl,Compl,Unable,OFF,Not Avl,Compl,Compl,Unable,OFF,38.281,52.344,28.125,29.375,19.531,39.551,15.686,31.765,0.781,1.582,ON,0,OFF,ON,ON,1.000,0.998,0,0,3.298,3.293,0,97,51199.219,13.906,24.314,OFF,OFF,OFF,OFF,OFF,OFF,OFF,Avail,Incmpl,Incmpl,Enable,Avail,411.500,257.600,411.500,257.600,ON,Avail,Compl,Enable,79,0,0,0,0,0,0,6,A,0,0,Avail,Incmpl,Incmpl,Enable,OFF,OFF,967,710.750,51199.219,51199.219,51199.219,51199.219,51199.219,51199.219,1GRFE ,33.333,Avail,Incmpl,Incmpl,Enable,7.996,OFF,OFF,OFF,OFF,ON,ON,Avail,Compl,Enable,Compl,CL,CL,Compl,Unable,Not Avl,Compl,Compl,Enable,OFF,130,15,531,ON,21.250,6.875,0.107,2384,6,21,-3,OFF,0.781,3.906,3.810,OFF,0,0,79,Avail,Compl,Enable,0,GRN2#  ,ON,0,ACTIVE,ACTIVE,0.962,0.947,0.680,0.700,65.168,59.008,Avail,Compl,Avail,Incmpl,Incmpl,Enable,OBD II (California ARB),OFF,OFF,29.395,0.500,0,1st,OFF,OFF,OFF,OFF,OFF,OFF,0.781,0,ON,OFF,650,0,OFF,OFF,OFF,ON,Gasoline,0.984,OFF,OFF,0.684,ON,1.172,14.902,18,0,0.742,0.742,2.305,0.742,0.918,2.031,46.275,0,14.902,16,0.020,0.039,OFF,ECT 5th,NA,OFF,97.636,97.746,13.333,0,Not Avl,0,0,0,0,ON,ON,0,0,1
349,0,14.150,Not Avl,Compl,Compl,Unable,OFF,Not Avl,Compl,Compl,Unable,OFF,38.281,55.469,28.125,29.375,19.531,39.551,15.686,31.765,0.781,1.582,ON,0,OFF,ON,ON,0.997,0.998,0.012,0.008,3.288,3.293,0,97,51199.219,13.906,24.314,OFF,OFF,OFF,OFF,OFF,OFF,OFF,Avail,Incmpl,Incmpl,Enable,Avail,411.500,257.600,411.500,257.600,ON,Avail,Compl,Enable,79,0,0,0,0,0,0,6,A,0,0,Avail,Incmpl,Incmpl,Enable,OFF,OFF,967,712.500,51199.219,51199.219,51199.219,51199.219,51199.219,51199.219,1GRFE ,33.333,Avail,Incmpl,Incmpl,Enable,7.996,OFF,OFF,OFF,OFF,ON,ON,Avail,Compl,Enable,Compl,CL,CL,Compl,Unable,Not Avl,Compl,Compl,Enable,OFF,130,15,544,ON,21.250,6.875,0.107,2377,6,21,-3,OFF,0.781,3.906,3.820,OFF,0,0,79,Avail,Compl,Enable,0,GRN2#  ,ON,0,ACTIVE,ACTIVE,0.967,0.947,0.680,0.700,64.844,59.008,Avail,Compl,Avail,Incmpl,Incmpl,Enable,OBD II (California ARB),OFF,OFF,29.279,0.500,0,1st,OFF,OFF,OFF,OFF,OFF,OFF,0.781,0,ON,OFF,650,0,OFF,OFF,OFF,ON,Gasoline,0.984,OFF,OFF,0.684,ON,1.172,14.902,18,0,0.742,0.742,2.305,0.742,0.918,2.031,46.275,0,14.902,16,0.020,0.039,OFF,ECT 5th,NA,OFF,97.614,97.636,13.333,0,Not Avl,0,0,0,0,ON,ON,0,0,1
350,0,14.159,Not Avl,Compl,Compl,Unable,OFF,Not Avl,Compl,Compl,Unable,OFF,38.281,57.031,28.125,29.375,19.531,39.551,15.686,31.765,0.781,1.582,ON,0,OFF,ON,ON,0.997,0.998,0,0,3.293,3.298,0,97,51199.219,13.906,24.314,OFF,OFF,OFF,OFF,OFF,OFF,OFF,Avail,Incmpl,Incmpl,Enable,Avail,411.300,257.400,411.300,257.400,ON,Avail,Compl,Enable,79,0,0,0,0,0,0,6,A,0,0,Avail,Incmpl,Incmpl,Enable,OFF,OFF,968,703.750,51199.219,51199.219,51199.219,51199.219,51199.219,51199.219,1GRFE ,33.725,Avail,Incmpl,Incmpl,Enable,7.996,OFF,OFF,OFF,OFF,ON,ON,Avail,Compl,Enable,Compl,CL,CL,Compl,Unable,Not Avl,Compl,Compl,Enable,OFF,130,15,558,ON,21.250,6.875,0.107,2384,6,21,-3,OFF,0.781,3.906,3.810,OFF,0,0,78,Avail,Compl,Enable,0,GRN2#  ,ON,0,ACTIVE,ACTIVE,0.962,0.947,0.680,0.700,64.844,59.008,Avail,Compl,Avail,Incmpl,Incmpl,Enable,OBD II (California ARB),OFF,OFF,29.626,0.500,0,1st,OFF,OFF,OFF,OFF,OFF,OFF,0.781,0,ON,OFF,650,0,OFF,OFF,OFF,ON,Gasoline,0.986,OFF,OFF,0.684,ON,1.172,14.902,18,0,0.742,0.742,2.305,0.742,0.918,2.031,46.275,0,14.902,16,0.020,0.043,OFF,ECT 5th,NA,OFF,97.592,97.482,13.333,0,Not Avl,0,0,0,0,ON,ON,0,0,1
351,0,14.159,Not Avl,Compl,Compl,Unable,OFF,Not Avl,Compl,Compl,Unable,OFF,38.281,45.312,28.125,29.375,19.531,39.551,15.686,31.765,0.781,1.582,ON,0,OFF,ON,ON,0.997,0.999,0,0,3.293,3.298,0,97,51199.219,13.925,24.314,OFF,OFF,OFF,OFF,OFF,OFF,OFF,Avail,Incmpl,Incmpl,Enable,Avail,411.300,257.400,411.300,257.400,ON,Avail,Compl,Enable,79,0,0,0,0,0,0,6,A,0,0,Avail,Incmpl,Incmpl,Enable,OFF,OFF,968,714,51199.219,51199.219,51199.219,51199.219,51199.219,51199.219,1GRFE ,33.725,Avail,Incmpl,Incmpl,Enable,7.996,OFF,OFF,OFF,OFF,ON,ON,Avail,Compl,Enable,Compl,CL,CL,Compl,Unable,Not Avl,Compl,Compl,Enable,OFF,130,15,575,ON,21.250,6.875,0.107,2377,6,21,-3,OFF,0.781,3.906,3.790,OFF,0,0,78,Avail,Compl,Enable,0,GRN2#  ,ON,0,ACTIVE,ACTIVE,0.962,0.947,0.680,0.700,64.195,59.008,Avail,Compl,Avail,Incmpl,Incmpl,Enable,OBD II (California ARB),OFF,OFF,29.517,0.500,0,1st,OFF,OFF,OFF,OFF,OFF,OFF,0.781,0,ON,OFF,650,0,OFF,OFF,OFF,ON,Gasoline,0.987,OFF,OFF,0.684,ON,1.172,14.902,18,0,0.742,0.742,2.305,0.742,0.918,2.031,46.275,0,14.902,16,0.020,0.043,OFF,ECT 5th,NA,OFF,97.614,97.724,13.333,0,Not Avl,0,0,0,0,ON,ON,0,0,1
352,0,14.159,Not Avl,Compl,Compl,Unable,OFF,Not Avl,Compl,Compl,Unable,OFF,42.969,40.625,28.125,29.375,19.531,39.551,15.686,31.765,0.781,1.582,ON,0,OFF,ON,ON,0.998,1.000,0,0.004,3.298,3.308,0,97,51199.219,13.925,24.314,OFF,OFF,OFF,OFF,OFF,OFF,OFF,Avail,Incmpl,Incmpl,Enable,Avail,411.100,257.200,411.100,257.200,ON,Avail,Compl,Enable,79,0,0,0,0,0,0,6,A,0,0,Avail,Incmpl,Incmpl,Enable,OFF,OFF,968,710.750,51199.219,51199.219,51199.219,51199.219,51199.219,51199.219,1GRFE ,33.725,Avail,Incmpl,Incmpl,Enable,7.996,OFF,OFF,OFF,OFF,ON,ON,Avail,Compl,Enable,Compl,CL,CL,Compl,Unable,Not Avl,Compl,Compl,Enable,OFF,130,15,588,ON,21.250,6.875,0.107,2373,6,21,-3,OFF,0.781,3.906,3.810,OFF,0,0,74,Avail,Compl,Enable,0,GRN2#  ,ON,0,ACTIVE,ACTIVE,0.962,0.947,0.680,0.700,64.844,59.008,Avail,Compl,Avail,Incmpl,Incmpl,Enable,OBD II (California ARB),OFF,OFF,29.395,0.500,0,1st,OFF,OFF,OFF,OFF,OFF,OFF,0.781,0,ON,OFF,650,0,OFF,OFF,OFF,ON,Gasoline,0.987,OFF,OFF,0.684,ON,1.172,14.902,18,0,0.742,0.742,2.305,0.742,0.918,2.031,46.275,0,14.902,16,0.020,0.043,OFF,ECT 5th,NA,OFF,97.636,97.746,13.333,0,Not Avl,0,0,0,0,ON,ON,0,0,1
353,0,14.160,Not Avl,Compl,Compl,Unable,OFF,Not Avl,Compl,Compl,Unable,OFF,50,39.062,28.125,29.375,19.531,39.551,15.686,31.765,0.781,1.582,ON,0,OFF,ON,ON,0.997,0.998,-0.004,0,3.288,3.293,0,97,51199.219,13.906,24.314,OFF,OFF,OFF,OFF,OFF,OFF,OFF,Avail,Incmpl,Incmpl,Enable,Avail,411.100,257.200,411.100,257.200,ON,Avail,Compl,Enable,79,0,0,0,0,0,0,6,A,0,0,Avail,Incmpl,Incmpl,Enable,OFF,OFF,969,716.250,51199.219,51199.219,51199.219,51199.219,51199.219,51199.219,1GRFE ,33.725,Avail,Incmpl,Incmpl,Enable,7.996,OFF,OFF,OFF,OFF,ON,ON,Avail,Compl,Enable,Compl,CL,CL,Compl,Unable,Not Avl,Compl,Compl,Enable,OFF,130,15,599,ON,21.250,6.875,0.107,2373,6,21,-3,OFF,0.781,3.906,3.810,OFF,0,0,74,Avail,Compl,Enable,0,GRN2#  ,ON,0,ACTIVE,ACTIVE,0.962,0.942,0.680,0.700,65.168,59.332,Avail,Compl,Avail,Incmpl,Incmpl,Enable,OBD II (California ARB),OFF,OFF,29.395,0.500,0,1st,OFF,OFF,OFF,OFF,OFF,OFF,0.781,0,ON,OFF,650,0,OFF,OFF,OFF,ON,Gasoline,0.987,OFF,OFF,0.684,ON,1.172,14.902,18,0,0.742,0.742,2.305,0.742,0.918,2.031,46.275,0,14.902,16,0.020,0.043,OFF,ECT 5th,NA,OFF,97.592,97.482,13.333,0,Not Avl,0,0,0,0,ON,ON,0,0,1
354,0,14.164,Not Avl,Compl,Compl,Unable,OFF,Not Avl,Compl,Compl,Unable,OFF,54.688,38.281,28.125,29.375,19.531,39.551,15.686,31.765,0.781,1.582,ON,0,OFF,ON,ON,0.999,0.997,0,-0.004,3.303,3.288,0,97,51199.219,13.925,24.314,OFF,OFF,OFF,OFF,OFF,OFF,OFF,Avail,Incmpl,Incmpl,Enable,Avail,411.100,257.200,411.100,257.200,ON,Avail,Compl,Enable,79,0,0,0,0,0,0,6,A,0,0,Avail,Incmpl,Incmpl,Enable,OFF,OFF,969,708.500,51199.219,51199.219,51199.219,51199.219,51199.219,51199.219,1GRFE ,33.725,Avail,Incmpl,Incmpl,Enable,7.996,OFF,OFF,OFF,OFF,ON,ON,Avail,Compl,Enable,Compl,CL,CL,Compl,Unable,Not Avl,Compl,Compl,Enable,OFF,130,15,10,ON,21.250,6.875,0.107,2380,6,21,-3,OFF,0.781,3.906,3.760,OFF,0,0,74,Avail,Compl,Enable,0,GRN2#  ,ON,0,ACTIVE,ACTIVE,0.962,0.947,0.680,0.700,65.168,59.008,Avail,Compl,Avail,Incmpl,Incmpl,Enable,OBD II (California ARB),OFF,OFF,29.279,0.500,0,1st,OFF,OFF,OFF,OFF,OFF,OFF,0.781,0,ON,OFF,650,0,OFF,OFF,OFF,ON,Gasoline,0.987,OFF,OFF,0.684,ON,1.094,14.902,18,0,0.742,0.742,2.305,0.742,0.918,2.031,46.275,0,14.902,16,0.020,0.043,OFF,ECT 5th,NA,OFF,97.614,97.548,13.333,0,Not Avl,0,0,0,0,ON,ON,0,0,1
355,0,14.141,Not Avl,Compl,Compl,Unable,OFF,Not Avl,Compl,Compl,Unable,OFF,57.031,38.281,28.125,29.375,19.531,39.551,15.686,31.765,0.781,1.582,ON,0,OFF,ON,ON,0.999,0.994,0,-0.016,3.298,3.269,0,97,51199.219,13.906,24.314,OFF,OFF,OFF,OFF,OFF,OFF,OFF,Avail,Incmpl,Incmpl,Enable,Avail,410.900,257,410.900,257,ON,Avail,Compl,Enable,79,0,0,0,0,0,0,6,A,0,0,Avail,Incmpl,Incmpl,Enable,OFF,OFF,969,714,51199.219,51199.219,51199.219,51199.219,51199.219,51199.219,1GRFE ,33.725,Avail,Incmpl,Incmpl,Enable,7.996,OFF,OFF,OFF,OFF,ON,ON,Avail,Compl,Enable,Compl,CL,CL,Compl,Unable,Not Avl,Compl,Compl,Enable,OFF,130,15,23,ON,21.250,6.875,0.107,2384,6,21,-3,OFF,0.781,3.906,3.810,OFF,0,0,82,Avail,Compl,Enable,0,GRN2#  ,ON,0,ACTIVE,ACTIVE,0.962,0.942,0.680,0.700,64.844,59.008,Avail,Compl,Avail,Incmpl,Incmpl,Enable,OBD II (California ARB),OFF,OFF,29.395,0.500,0,1st,OFF,OFF,OFF,OFF,OFF,OFF,0.781,-0.781,ON,OFF,650,0,OFF,OFF,OFF,ON,Gasoline,0.987,OFF,OFF,0.684,ON,1.094,14.902,18,0,0.742,0.742,2.305,0.742,0.918,2.031,46.275,0,14.902,16,0.020,0.039,OFF,ECT 5th,NA,OFF,97.592,97.460,13.333,0,Not Avl,0,0,0,0,ON,ON,0,0,1
356,0,14.159,Not Avl,Compl,Compl,Unable,OFF,Not Avl,Compl,Compl,Unable,OFF,57.812,38.281,28.125,29.375,19.531,39.551,15.686,31.765,0.781,1.582,ON,0,OFF,ON,ON,1.001,0.995,0.004,-0.012,3.308,3.279,0,97,51199.219,13.906,24.314,OFF,OFF,OFF,OFF,OFF,OFF,OFF,Avail,Incmpl,Incmpl,Enable,Avail,410.900,257,410.900,257,ON,Avail,Compl,Enable,79,0,0,0,0,0,0,6,A,0,0,Avail,Incmpl,Incmpl,Enable,OFF,OFF,970,712.500,51199.219,51199.219,51199.219,51199.219,51199.219,51199.219,1GRFE ,33.725,Avail,Incmpl,Incmpl,Enable,7.996,OFF,OFF,OFF,OFF,ON,ON,Avail,Compl,Enable,Compl,CL,CL,Compl,Unable,Not Avl,Compl,Compl,Enable,OFF,130,15,34,ON,21.250,6.875,0.107,2373,6,21,-3,OFF,0.781,3.906,3.760,OFF,0,0,82,Avail,Compl,Enable,0,GRN2#  ,ON,0,ACTIVE,ACTIVE,0.962,0.947,0.680,0.700,64.844,59.008,Avail,Compl,Avail,Incmpl,Incmpl,Enable,OBD II (California ARB),OFF,OFF,29.395,0.500,0,1st,OFF,OFF,OFF,OFF,OFF,OFF,0.781,-0.781,ON,OFF,650,0,OFF,OFF,OFF,ON,Gasoline,0.987,OFF,OFF,0.684,ON,1.172,14.902,18,0,0.742,0.742,2.305,0.742,0.918,2.031,46.275,0,14.902,16,0.020,0.039,OFF,ECT 5th,NA,OFF,97.636,97.724,13.333,0,Not Avl,0,0,0,0,ON,ON,0,0,1
357,0,14.159,Not Avl,Compl,Compl,Unable,OFF,Not Avl,Compl,Compl,Unable,OFF,57.812,38.281,28.125,29.375,19.531,39.551,15.686,31.765,0.781,1.582,ON,0,OFF,ON,ON,0.999,0.996,0,-0.008,3.303,3.283,0,97,51199.219,13.906,24.314,OFF,OFF,OFF,OFF,OFF,OFF,OFF,Avail,Incmpl,Incmpl,Enable,Avail,410.900,257,410.900,257,ON,Avail,Compl,Enable,79,0,0,0,0,0,0,6,A,0,0,Avail,Incmpl,Incmpl,Enable,OFF,OFF,970,710,51199.219,51199.219,51199.219,51199.219,51199.219,51199.219,1GRFE ,33.333,Avail,Incmpl,Incmpl,Enable,7.996,OFF,OFF,OFF,OFF,ON,ON,Avail,Compl,Enable,Compl,CL,CL,Compl,Unable,Not Avl,Compl,Compl,Enable,OFF,130,15,45,ON,21.250,6.875,0.107,2373,6,21,-3,OFF,0.781,3.906,3.810,OFF,0,0,82,Avail,Compl,Enable,0,GRN2#  ,ON,0,ACTIVE,ACTIVE,0.962,0.942,0.680,0.700,64.195,59.008,Avail,Compl,Avail,Incmpl,Incmpl,Enable,OBD II (California ARB),OFF,OFF,29.395,0.500,0,1st,OFF,OFF,OFF,OFF,OFF,OFF,0.781,-0.781,ON,OFF,650,0,OFF,OFF,OFF,ON,Gasoline,0.987,OFF,OFF,0.684,ON,1.172,14.902,18,0,0.742,0.742,2.305,0.742,0.918,2.031,46.275,0,14.902,16,0.020,0.039,OFF,ECT 5th,NA,OFF,97.614,97.658,13.333,0,Not Avl,0,0,0,0,ON,ON,0,0,1
358,0,14.142,Not Avl,Compl,Compl,Unable,OFF,Not Avl,Compl,Compl,Unable,OFF,45.312,38.281,28.125,29.375,19.531,39.551,15.686,31.765,0.781,1.582,ON,0,OFF,ON,ON,0.997,0.998,0,0,3.293,3.298,0,97,51199.219,13.925,24.314,OFF,OFF,OFF,OFF,OFF,OFF,OFF,Avail,Incmpl,Incmpl,Enable,Avail,410.900,257,410.900,257,ON,Avail,Compl,Enable,79,0,0,0,0,0,0,6,A,0,0,Avail,Incmpl,Incmpl,Enable,OFF,OFF,970,704.500,51199.219,51199.219,51199.219,51199.219,51199.219,51199.219,1GRFE ,33.725,Avail,Incmpl,Incmpl,Enable,7.996,OFF,OFF,OFF,OFF,ON,ON,Avail,Compl,Enable,Compl,CL,CL,Compl,Unable,Not Avl,Compl,Compl,Enable,OFF,130,15,55,ON,21.250,6.875,0.107,2384,6,21,-3,OFF,0.781,3.906,3.850,OFF,0,0,82,Avail,Compl,Enable,0,GRN2#  ,ON,0,ACTIVE,ACTIVE,0.962,0.947,0.680,0.700,64.844,59.008,Avail,Compl,Avail,Incmpl,Incmpl,Enable,OBD II (California ARB),OFF,OFF,29.279,0.500,0,1st,OFF,OFF,OFF,OFF,OFF,OFF,0.781,-0.781,ON,OFF,650,0,OFF,OFF,OFF,ON,Gasoline,0.987,OFF,OFF,0.684,ON,1.172,14.902,18,0,0.742,0.742,2.305,0.742,0.918,2.031,46.275,0,14.902,16,0.020,0.039,OFF,ECT 5th,NA,OFF,97.636,97.724,13.725,0,Not Avl,0,0,0,0,ON,ON,0,0,1
359,0,14.160,Not Avl,Compl,Compl,Unable,OFF,Not Avl,Compl,Compl,Unable,OFF,41.406,38.281,28.125,29.375,19.531,39.551,15.686,31.765,0.781,1.582,ON,0,OFF,ON,ON,0.998,0.999,0,0,3.298,3.303,0,97,51199.219,13.925,24.314,OFF,OFF,OFF,OFF,OFF,OFF,OFF,Avail,Incmpl,Incmpl,Enable,Avail,410.700,256.800,410.700,256.800,ON,Avail,Compl,Enable,79,0,0,0,0,0,0,6,A,0,0,Avail,Incmpl,Incmpl,Enable,OFF,OFF,971,710.750,51199.219,51199.219,51199.219,51199.219,51199.219,51199.219,1GRFE ,33.725,Avail,Incmpl,Incmpl,Enable,7.996,OFF,OFF,OFF,OFF,ON,ON,Avail,Compl,Enable,Compl,CL,CL,Compl,Unable,Not Avl,Compl,Compl,Enable,OFF,130,15,66,ON,21.250,6.875,0.107,2384,6,21,-3,OFF,0.781,3.906,3.850,OFF,0,0,85,Avail,Compl,Enable,0,GRN2#  ,ON,0,ACTIVE,ACTIVE,0.962,0.942,0.680,0.700,64.844,59.008,Avail,Compl,Avail,Incmpl,Incmpl,Enable,OBD II (California ARB),OFF,OFF,29.395,0.500,0,1st,OFF,OFF,OFF,OFF,OFF,OFF,0.781,-0.781,ON,OFF,650,0,OFF,OFF,OFF,ON,Gasoline,0.987,OFF,OFF,0.684,ON,1.172,14.902,18,0,0.742,0.742,2.305,0.742,0.918,2.031,46.275,0,14.902,16,0.020,0.039,OFF,ECT 5th,NA,OFF,97.636,97.724,13.725,0,Not Avl,0,0,0,0,ON,ON,0,0,1
360,0,14.160,Not Avl,Compl,Compl,Unable,OFF,Not Avl,Compl,Compl,Unable,OFF,39.844,38.281,28.125,29.375,19.531,39.551,15.686,31.765,0.781,1.582,ON,0,OFF,ON,ON,0.999,0.999,0.004,0.004,3.308,3.308,0,97,51199.219,13.906,24.314,OFF,OFF,OFF,OFF,OFF,OFF,OFF,Avail,Incmpl,Incmpl,Enable,Avail,410.700,256.800,410.700,256.800,ON,Avail,Compl,Enable,79,0,0,0,0,0,0,6,A,0,0,Avail,Incmpl,Incmpl,Enable,OFF,OFF,971,709.250,51199.219,51199.219,51199.219,51199.219,51199.219,51199.219,1GRFE ,33.333,Avail,Incmpl,Incmpl,Enable,7.996,OFF,OFF,OFF,OFF,ON,ON,Avail,Compl,Enable,Compl,CL,CL,Compl,Unable,Not Avl,Compl,Compl,Enable,OFF,130,15.500,77,ON,21.250,6.875,0.107,2369,6,21,-3,OFF,0.781,3.906,3.780,OFF,0,0,85,Avail,Compl,Enable,0,GRN2#  ,ON,0,ACTIVE,ACTIVE,0.962,0.942,0.680,0.700,64.844,59.008,Avail,Compl,Avail,Incmpl,Incmpl,Enable,OBD II (California ARB),OFF,OFF,29.395,0.500,0,1st,OFF,OFF,OFF,OFF,OFF,OFF,0.781,-0.781,ON,OFF,650,0,OFF,OFF,OFF,ON,Gasoline,0.987,OFF,OFF,0.684,ON,1.094,14.902,18,0,0.742,0.742,2.305,0.742,0.918,2.031,46.275,0,14.902,16,0.020,0.039,OFF,ECT 5th,NA,OFF,97.614,97.680,13.333,0,Not Avl,0,0,0,0,ON,ON,0,0,1
361,0,14.159,Not Avl,Compl,Compl,Unable,OFF,Not Avl,Compl,Compl,Unable,OFF,38.281,38.281,28.125,29.375,19.531,39.551,15.686,31.765,0.781,1.582,ON,0,OFF,ON,ON,0.998,0.998,0.012,0.012,3.298,3.293,0,97,51199.219,13.906,24.314,OFF,OFF,OFF,OFF,OFF,OFF,OFF,Avail,Incmpl,Incmpl,Enable,Avail,410.700,256.800,410.700,256.800,ON,Avail,Compl,Enable,79,0,0,0,0,0,0,6,A,0,0,Avail,Incmpl,Incmpl,Enable,OFF,OFF,971,703,51199.219,51199.219,51199.219,51199.219,51199.219,51199.219,1GRFE ,33.333,Avail,Incmpl,Incmpl,Enable,7.996,OFF,OFF,OFF,OFF,ON,ON,Avail,Compl,Enable,Compl,CL,CL,Compl,Unable,Not Avl,Compl,Compl,Enable,OFF,130,15,88,ON,21.250,6.875,0.107,2388,6,21,-3,OFF,0.781,3.906,3.840,OFF,0,0,85,Avail,Compl,Enable,0,GRN2#  ,ON,0,ACTIVE,ACTIVE,0.962,0.942,0.680,0.700,64.844,59.332,Avail,Compl,Avail,Incmpl,Incmpl,Enable,OBD II (California ARB),OFF,OFF,29.279,0.500,0,1st,OFF,OFF,OFF,OFF,OFF,OFF,0.781,0,ON,OFF,650,0,OFF,OFF,OFF,ON,Gasoline,0.987,OFF,OFF,0.684,ON,1.094,14.902,18,0,0.742,0.742,2.305,0.742,0.918,2.031,46.275,0,14.902,16,0.020,0.039,OFF,ECT 5th,NA,OFF,97.592,97.504,13.725,0,Not Avl,0,0,0,0,ON,ON,0,0,1
362,0,14.156,Not Avl,Compl,Compl,Unable,OFF,Not Avl,Compl,Compl,Unable,OFF,38.281,38.281,28.125,29.375,19.531,39.551,15.686,31.765,0.781,1.582,ON,0,OFF,ON,ON,0.998,0.998,0,0,3.298,3.293,0,97,51199.219,13.906,24.314,OFF,OFF,OFF,OFF,OFF,OFF,OFF,Avail,Incmpl,Incmpl,Enable,Avail,410.500,256.600,410.500,256.600,ON,Avail,Compl,Enable,79,0,0,0,0,0,0,6,A,0,0,Avail,Incmpl,Incmpl,Enable,OFF,OFF,972,703.750,51199.219,51199.219,51199.219,51199.219,51199.219,51199.219,1GRFE ,33.333,Avail,Incmpl,Incmpl,Enable,7.996,OFF,OFF,OFF,OFF,ON,ON,Avail,Compl,Enable,Compl,CL,CL,Compl,Unable,Not Avl,Compl,Compl,Enable,OFF,130,15,99,ON,21.250,6.875,0.107,2388,6,21,-3,OFF,0.781,3.906,3.810,OFF,0,0,77,Avail,Compl,Enable,0,GRN2#  ,ON,0,ACTIVE,ACTIVE,0.962,0.947,0.680,0.700,65.168,59.332,Avail,Compl,Avail,Incmpl,Incmpl,Enable,OBD II (California ARB),OFF,OFF,29.279,0.500,0,1st,OFF,OFF,OFF,OFF,OFF,OFF,0.781,0,ON,OFF,650,0,OFF,OFF,OFF,ON,Gasoline,0.987,OFF,OFF,0.684,ON,1.094,14.902,18,0,0.742,0.742,2.305,0.742,0.918,2.031,46.275,0,14.902,16,0.020,0.039,OFF,ECT 5th,NA,OFF,97.636,97.746,13.333,0,Not Avl,0,0,0,0,ON,ON,0,0,1
363,0,14.158,Not Avl,Compl,Compl,Unable,OFF,Not Avl,Compl,Compl,Unable,OFF,38.281,38.281,28.125,29.375,19.531,39.551,15.686,31.765,0.781,1.582,ON,0,OFF,ON,ON,1.001,0.998,0.008,0,3.313,3.293,0,97,51199.219,13.906,24.314,OFF,OFF,OFF,OFF,OFF,OFF,OFF,Avail,Incmpl,Incmpl,Enable,Avail,410.500,256.600,410.500,256.600,ON,Avail,Compl,Enable,79,0,0,0,0,0,0,6,A,0,0,Avail,Incmpl,Incmpl,Enable,OFF,OFF,972,707,51199.219,51199.219,51199.219,51199.219,51199.219,51199.219,1GRFE ,33.725,Avail,Incmpl,Incmpl,Enable,7.996,OFF,OFF,OFF,OFF,ON,ON,Avail,Compl,Enable,Compl,CL,CL,Compl,Unable,Not Avl,Compl,Compl,Enable,OFF,130,15,115,ON,21.250,6.875,0.107,2395,6,21,-3,OFF,0.781,3.906,3.810,OFF,0,0,77,Avail,Compl,Enable,0,GRN2#  ,ON,0,ACTIVE,ACTIVE,0.962,0.942,0.680,0.700,65.168,59.008,Avail,Compl,Avail,Incmpl,Incmpl,Enable,OBD II (California ARB),OFF,OFF,29.517,0.500,0,1st,OFF,OFF,OFF,OFF,OFF,OFF,0.781,-0.781,ON,OFF,650,0,OFF,OFF,OFF,ON,Gasoline,0.987,OFF,OFF,0.684,ON,1.094,14.902,18,0,0.742,0.742,2.305,0.742,0.918,2.031,46.275,0,14.902,16,0.020,0.039,OFF,ECT 5th,NA,OFF,97.592,97.482,13.333,0,Not Avl,0,0,0,0,ON,ON,0,0,1
364,0,14.159,Not Avl,Compl,Compl,Unable,OFF,Not Avl,Compl,Compl,Unable,OFF,38.281,43.750,28.125,29.375,19.531,39.551,15.686,31.765,0.781,1.582,ON,0,OFF,ON,ON,0.999,0.997,0.016,0.008,3.298,3.293,0,97,51199.219,13.906,24.314,OFF,OFF,OFF,OFF,OFF,OFF,OFF,Avail,Incmpl,Incmpl,Enable,Avail,410.500,256.600,410.500,256.600,ON,Avail,Compl,Enable,79,0,0,0,0,0,0,6,A,0,0,Avail,Incmpl,Incmpl,Enable,OFF,OFF,972,714,51199.219,51199.219,51199.219,51199.219,51199.219,51199.219,1GRFE ,33.725,Avail,Incmpl,Incmpl,Enable,7.996,OFF,OFF,OFF,OFF,ON,ON,Avail,Compl,Enable,Compl,CL,CL,Compl,Unable,Not Avl,Compl,Compl,Enable,OFF,130,15,128,ON,21.250,6.875,0.107,2384,6,21,-3,OFF,0.781,3.906,3.820,OFF,0,0,77,Avail,Compl,Enable,0,GRN2#  ,ON,0,ACTIVE,ACTIVE,0.957,0.942,0.680,0.700,65.168,59.008,Avail,Compl,Avail,Incmpl,Incmpl,Enable,OBD II (California ARB),OFF,OFF,29.626,0.500,0,1st,OFF,OFF,OFF,OFF,OFF,OFF,0.781,-0.781,ON,OFF,650,0,OFF,OFF,OFF,ON,Gasoline,0.987,OFF,OFF,0.684,ON,1.094,14.902,18,0,0.742,0.742,2.305,0.742,0.918,2.031,46.275,0,14.902,16,0.020,0.039,OFF,ECT 5th,NA,OFF,97.614,97.614,13.333,0,Not Avl,0,0,0,0,ON,ON,0,0,1
365,0,14.139,Not Avl,Compl,Compl,Unable,OFF,Not Avl,Compl,Compl,Unable,OFF,38.281,46.875,28.125,29.375,19.531,39.551,15.686,31.765,0.781,1.582,ON,0,OFF,ON,ON,1.000,0.998,0.008,0,3.313,3.293,0,97,51199.219,13.906,24.314,OFF,OFF,OFF,OFF,OFF,OFF,OFF,Avail,Incmpl,Incmpl,Enable,Avail,410.300,256.400,410.300,256.400,ON,Avail,Compl,Enable,79,0,0,0,0,0,0,6,A,0,0,Avail,Incmpl,Incmpl,Enable,OFF,OFF,973,714,51199.219,51199.219,51199.219,51199.219,51199.219,51199.219,1GRFE ,33.725,Avail,Incmpl,Incmpl,Enable,7.996,OFF,OFF,OFF,OFF,ON,ON,Avail,Compl,Enable,Compl,CL,CL,Compl,Unable,Not Avl,Compl,Compl,Enable,OFF,130,15,141,ON,21.250,6.875,0.107,2384,6,21,-3,OFF,0.781,3.906,3.850,OFF,0,0,73,Avail,Compl,Enable,0,GRN2#  ,ON,0,ACTIVE,ACTIVE,0.957,0.942,0.680,0.700,65.492,59.008,Avail,Compl,Avail,Incmpl,Incmpl,Enable,OBD II (California ARB),OFF,OFF,29.626,0.500,0,1st,OFF,OFF,OFF,OFF,OFF,OFF,0.781,-0.781,ON,OFF,650,0,OFF,OFF,OFF,ON,Gasoline,0.986,OFF,OFF,0.684,ON,1.094,14.902,18,0,0.742,0.742,2.305,0.742,0.918,2.031,46.275,0,14.902,16,0.020,0.039,OFF,ECT 5th,NA,OFF,97.592,97.460,13.333,0,Not Avl,0,0,0,0,ON,ON,0,0,1
366,0,14.143,Not Avl,Compl,Compl,Unable,OFF,Not Avl,Compl,Compl,Unable,OFF,38.281,48.438,28.125,29.375,19.531,39.551,15.686,31.765,0.781,1.582,ON,0,OFF,ON,ON,0.999,0.999,0,0,3.298,3.298,0,97,51199.219,13.906,24.314,OFF,OFF,OFF,OFF,OFF,OFF,OFF,Avail,Incmpl,Incmpl,Enable,Avail,410.300,256.400,410.300,256.400,ON,Avail,Compl,Enable,79,0,0,0,0,0,0,6,A,0,0,Avail,Incmpl,Incmpl,Enable,OFF,OFF,973,713.250,51199.219,51199.219,51199.219,51199.219,51199.219,51199.219,1GRFE ,33.725,Avail,Incmpl,Incmpl,Enable,7.996,OFF,OFF,OFF,OFF,ON,ON,Avail,Compl,Enable,Compl,CL,CL,Compl,Unable,Not Avl,Compl,Compl,Enable,OFF,130,15,154,ON,21.250,6.875,0.107,2381,6,21,-3,OFF,0.781,3.906,3.760,OFF,0,0,73,Avail,Compl,Enable,0,GRN2#  ,ON,0,ACTIVE,ACTIVE,0.962,0.942,0.680,0.700,65.168,59.332,Avail,Compl,Avail,Incmpl,Incmpl,Enable,OBD II (California ARB),OFF,OFF,29.395,0.500,0,1st,OFF,OFF,OFF,OFF,OFF,OFF,0.781,-0.781,ON,OFF,650,0,OFF,OFF,OFF,ON,Gasoline,0.986,OFF,OFF,0.684,ON,1.094,14.902,18,0,0.742,0.742,2.305,0.742,0.918,2.031,46.275,0,14.902,16,0.020,0.039,OFF,ECT 5th,NA,OFF,97.614,97.570,13.333,0,Not Avl,0,0,0,0,ON,ON,0,0,1
367,0,14.159,Not Avl,Compl,Compl,Unable,OFF,Not Avl,Compl,Compl,Unable,OFF,50.781,50.781,28.125,29.375,19.531,39.551,15.686,31.765,0.781,1.582,ON,0,OFF,ON,ON,0.998,0.998,0,0,3.298,3.298,0,97,51199.219,13.925,24.314,OFF,OFF,OFF,OFF,OFF,OFF,OFF,Avail,Incmpl,Incmpl,Enable,Avail,410.300,256.400,410.300,256.400,ON,Avail,Compl,Enable,79,0,0,0,0,0,0,6,A,0,0,Avail,Incmpl,Incmpl,Enable,OFF,OFF,973,713.250,51199.219,51199.219,51199.219,51199.219,51199.219,51199.219,1GRFE ,33.725,Avail,Incmpl,Incmpl,Enable,7.996,OFF,OFF,OFF,OFF,ON,ON,Avail,Compl,Enable,Compl,CL,CL,Compl,Unable,Not Avl,Compl,Compl,Enable,OFF,130,15,169,ON,21.250,6.875,0.107,2373,6,21,-3,OFF,0.781,3.906,3.810,OFF,0,0,73,Avail,Compl,Enable,0,GRN2#  ,ON,0,ACTIVE,ACTIVE,0.962,0.947,0.680,0.700,65.168,59.656,Avail,Compl,Avail,Incmpl,Incmpl,Enable,OBD II (California ARB),OFF,OFF,29.517,0.500,0,1st,OFF,OFF,OFF,OFF,OFF,OFF,0.781,-0.781,ON,OFF,650,0,OFF,OFF,OFF,ON,Gasoline,0.986,OFF,OFF,0.684,ON,1.094,14.902,18,0,0.742,0.742,2.305,0.742,0.918,2.031,46.275,0,14.902,16,0.020,0.039,OFF,ECT 5th,NA,OFF,97.614,97.680,13.333,0,Not Avl,0,0,0,0,ON,ON,0,0,1
368,0,14.141,Not Avl,Compl,Compl,Unable,OFF,Not Avl,Compl,Compl,Unable,OFF,55.469,45.312,28.125,29.375,19.531,39.551,15.686,31.765,0.781,1.582,ON,0,OFF,ON,ON,0.997,0.999,0,0,3.293,3.303,0,97,51199.219,13.906,24.314,OFF,OFF,OFF,OFF,OFF,OFF,OFF,Avail,Incmpl,Incmpl,Enable,Avail,410.100,256.300,410.100,256.300,ON,Avail,Compl,Enable,79,0,0,0,0,0,0,6,A,0,0,Avail,Incmpl,Incmpl,Enable,OFF,OFF,974,708.500,51199.219,51199.219,51199.219,51199.219,51199.219,51199.219,1GRFE ,33.725,Avail,Incmpl,Incmpl,Enable,7.996,OFF,OFF,OFF,OFF,ON,ON,Avail,Compl,Enable,Compl,CL,CL,Compl,Unable,Not Avl,Compl,Compl,Enable,OFF,130,15,182,ON,21.250,6.875,0.107,2366,6,21,-3,OFF,0.781,3.906,3.810,OFF,0,0,82,Avail,Compl,Enable,0,GRN2#  ,ON,0,ACTIVE,ACTIVE,0.962,0.942,0.680,0.700,65.168,59.008,Avail,Compl,Avail,Incmpl,Incmpl,Enable,OBD II (California ARB),OFF,OFF,29.150,0.500,0,1st,OFF,OFF,OFF,OFF,OFF,OFF,0.781,-0.781,ON,OFF,650,0,OFF,OFF,OFF,ON,Gasoline,0.987,OFF,OFF,0.684,ON,1.094,14.902,18,0,0.742,0.742,2.305,0.742,0.918,2.031,46.275,0,14.902,16,0.020,0.039,OFF,ECT 5th,NA,OFF,97.636,97.724,13.333,0,Not Avl,0,0,0,0,ON,ON,0,0,1
369,0,14.161,Not Avl,Compl,Compl,Unable,OFF,Not Avl,Compl,Compl,Unable,OFF,57.812,40.625,28.125,29.375,19.531,39.551,15.686,31.765,0.781,1.582,ON,0,OFF,ON,ON,0.997,0.999,0,0,3.298,3.303,0,97,51199.219,13.906,24.314,OFF,OFF,OFF,OFF,OFF,OFF,OFF,Avail,Incmpl,Incmpl,Enable,Avail,410.100,256.300,410.100,256.300,ON,Avail,Compl,Enable,79,0,0,0,0,0,0,6,A,0,0,Avail,Incmpl,Incmpl,Enable,OFF,OFF,974,705.250,51199.219,51199.219,51199.219,51199.219,51199.219,51199.219,1GRFE ,33.333,Avail,Incmpl,Incmpl,Enable,7.996,OFF,OFF,OFF,OFF,ON,ON,Avail,Compl,Enable,Compl,CL,CL,Compl,Unable,Not Avl,Compl,Compl,Enable,OFF,130,15,195,ON,21.250,6.875,0.107,2392,6,21,-3,OFF,0.781,3.906,3.840,OFF,0,0,82,Avail,Compl,Enable,0,GRN2#  ,ON,0,ACTIVE,ACTIVE,0.962,0.942,0.680,0.700,65.168,59.008,Avail,Compl,Avail,Incmpl,Incmpl,Enable,OBD II (California ARB),OFF,OFF,29.279,0.500,0,1st,OFF,OFF,OFF,OFF,OFF,OFF,0.781,-0.781,ON,OFF,650,0,OFF,OFF,OFF,ON,Gasoline,0.987,OFF,OFF,0.684,ON,1.172,14.902,18,0,0.742,0.742,2.305,0.742,0.918,2.031,46.275,0,14.902,16,0.020,0.039,OFF,ECT 5th,NA,OFF,97.614,97.680,13.725,0,Not Avl,0,0,0,0,ON,ON,0,0,1
370,0,14.159,Not Avl,Compl,Compl,Unable,OFF,Not Avl,Compl,Compl,Unable,OFF,57.812,38.281,28.125,29.375,19.531,39.551,15.686,31.765,0.781,1.582,ON,0,OFF,ON,ON,0.999,0.997,0.004,-0.004,3.308,3.288,0,97,51199.219,13.925,24.314,OFF,OFF,OFF,OFF,OFF,OFF,OFF,Avail,Incmpl,Incmpl,Enable,Avail,410,256.100,410,256.100,ON,Avail,Compl,Enable,79,0,0,0,0,0,0,6,A,0,0,Avail,Incmpl,Incmpl,Enable,OFF,OFF,975,702.250,51199.219,51199.219,51199.219,51199.219,51199.219,51199.219,1GRFE ,33.333,Avail,Incmpl,Incmpl,Enable,7.996,OFF,OFF,OFF,OFF,ON,ON,Avail,Compl,Enable,Compl,CL,CL,Compl,Unable,Not Avl,Compl,Compl,Enable,OFF,130,15,213,ON,21.250,6.875,0.106,2388,6,21,-3,OFF,0.781,3.906,3.850,OFF,0,0,82,Avail,Compl,Enable,0,GRN2#  ,ON,0,ACTIVE,ACTIVE,0.962,0.947,0.680,0.700,65.168,59.332,Avail,Compl,Avail,Incmpl,Incmpl,Enable,OBD II (California ARB),OFF,OFF,29.034,0.500,0,1st,OFF,OFF,OFF,OFF,OFF,OFF,0.781,-0.781,ON,OFF,650,0,OFF,OFF,OFF,ON,Gasoline,0.987,OFF,OFF,0.684,ON,1.172,14.902,18,0,0.742,0.742,2.305,0.742,0.918,2.031,46.275,0,14.902,16,0.020,0.039,OFF,ECT 5th,NA,OFF,97.614,97.592,13.725,0,Not Avl,0,0,0,0,ON,ON,0,0,1
371,0,14.159,Not Avl,Compl,Compl,Unable,OFF,Not Avl,Compl,Compl,Unable,OFF,45.312,38.281,28.125,29.375,19.531,39.551,15.686,31.765,0.781,1.582,ON,0,OFF,ON,ON,1.001,0.996,0.008,-0.008,3.313,3.283,0,97,51199.219,13.925,24.314,OFF,OFF,OFF,OFF,OFF,OFF,OFF,Avail,Incmpl,Incmpl,Enable,Avail,410,256.100,410,256.100,ON,Avail,Compl,Enable,79,0,0,0,0,0,0,6,A,0,0,Avail,Incmpl,Incmpl,Enable,OFF,OFF,975,707.750,51199.219,51199.219,51199.219,51199.219,51199.219,51199.219,1GRFE ,33.333,Avail,Incmpl,Incmpl,Enable,7.996,OFF,OFF,OFF,OFF,ON,ON,Avail,Compl,Enable,Compl,CL,CL,Compl,Unable,Not Avl,Compl,Compl,Enable,OFF,130,15,227,ON,21.250,6.875,0.106,2377,6,21,-3,OFF,0.781,3.906,3.890,OFF,0,0,82,Avail,Compl,Enable,0,GRN2#  ,ON,0,ACTIVE,ACTIVE,0.962,0.942,0.680,0.700,65.492,59.008,Avail,Compl,Avail,Incmpl,Incmpl,Enable,OBD II (California ARB),OFF,OFF,29.517,0.500,0,1st,OFF,OFF,OFF,OFF,OFF,OFF,0.781,-0.781,ON,OFF,650,0,OFF,OFF,OFF,ON,Gasoline,0.986,OFF,OFF,0.684,ON,1.172,14.902,18,0,0.742,0.742,2.305,0.742,0.918,2.031,46.275,0,14.902,16,0.020,0.035,OFF,ECT 5th,NA,OFF,97.614,97.680,13.725,0,Not Avl,0,0,0,0,ON,ON,0,0,1
372,0,14.150,Not Avl,Compl,Compl,Unable,OFF,Not Avl,Compl,Compl,Unable,OFF,41.406,38.281,28.125,29.375,19.531,39.551,15.686,31.765,0.781,1.582,ON,0,OFF,ON,ON,0.997,0.996,0,-0.008,3.293,3.283,0,97,51199.219,13.925,24.314,OFF,OFF,OFF,OFF,OFF,OFF,OFF,Avail,Incmpl,Incmpl,Enable,Avail,410,256.100,410,256.100,ON,Avail,Compl,Enable,79,0,0,0,0,0,0,6,A,0,0,Avail,Incmpl,Incmpl,Enable,OFF,OFF,975,707.750,51199.219,51199.219,51199.219,51199.219,51199.219,51199.219,1GRFE ,33.725,Avail,Incmpl,Incmpl,Enable,7.996,OFF,OFF,OFF,OFF,ON,ON,Avail,Compl,Enable,Compl,CL,CL,Compl,Unable,Not Avl,Compl,Compl,Enable,OFF,130,15,240,ON,21.250,6.875,0.106,2395,6,21,-3,OFF,0.781,3.906,3.810,OFF,0,0,82,Avail,Compl,Enable,0,GRN2#  ,ON,0,ACTIVE,ACTIVE,0.962,0.947,0.680,0.680,65.168,59.332,Avail,Compl,Avail,Incmpl,Incmpl,Enable,OBD II (California ARB),OFF,OFF,29.395,0.500,0,1st,OFF,OFF,OFF,OFF,OFF,OFF,0.781,-0.781,ON,OFF,650,0,OFF,OFF,OFF,ON,Gasoline,0.985,OFF,OFF,0.684,ON,1.094,14.902,18,0,0.742,0.742,2.305,0.742,0.918,2.031,46.275,0,14.902,16,0.020,0.035,OFF,ECT 5th,NA,OFF,97.636,97.746,13.333,0,Not Avl,0,0,0,0,ON,ON,0,0,1
373,0,14.160,Not Avl,Compl,Compl,Unable,OFF,Not Avl,Compl,Compl,Unable,OFF,39.062,38.281,28.125,29.375,19.531,39.551,15.686,31.765,0.781,1.582,ON,0,OFF,ON,ON,0.995,0.997,-0.008,0,3.283,3.293,0,97,51199.219,13.925,24.314,OFF,OFF,OFF,OFF,OFF,OFF,OFF,Avail,Incmpl,Incmpl,Enable,Avail,409.800,255.900,409.800,255.900,ON,Avail,Compl,Enable,79,0,0,0,0,0,0,6,A,0,0,Avail,Incmpl,Incmpl,Enable,OFF,OFF,976,714.750,51199.219,51199.219,51199.219,51199.219,51199.219,51199.219,1GRFE ,33.725,Avail,Incmpl,Incmpl,Enable,7.996,OFF,OFF,OFF,OFF,ON,ON,Avail,Compl,Enable,Compl,CL,CL,Compl,Unable,Not Avl,Compl,Compl,Enable,OFF,130,15,254,ON,21.250,6.875,0.106,2384,6,21,-3,OFF,0.781,3.906,3.810,OFF,0,0,81,Avail,Compl,Enable,0,GRN2#  ,ON,0,ACTIVE,ACTIVE,0.962,0.947,0.680,0.680,64.844,59.332,Avail,Compl,Avail,Incmpl,Incmpl,Enable,OBD II (California ARB),OFF,OFF,29.755,0.500,0,1st,OFF,OFF,OFF,OFF,OFF,OFF,0.781,-0.781,ON,OFF,650,0,OFF,OFF,OFF,ON,Gasoline,0.986,OFF,OFF,0.684,ON,1.172,14.902,18,0,0.742,0.742,2.305,0.742,0.918,2.031,46.275,0,14.902,16,0.020,0.035,OFF,ECT 5th,NA,OFF,97.658,97.746,13.333,0,Not Avl,0,0,0,0,ON,ON,0,0,1
374,0,14.160,Not Avl,Compl,Compl,Unable,OFF,Not Avl,Compl,Compl,Unable,OFF,38.281,38.281,28.125,29.375,19.531,39.551,15.686,31.765,0.781,1.582,ON,0,OFF,ON,ON,0.996,0.998,0,0,3.293,3.298,0,97,51199.219,13.906,24.314,OFF,OFF,OFF,OFF,OFF,OFF,OFF,Avail,Incmpl,Incmpl,Enable,Avail,409.800,255.900,409.800,255.900,ON,Avail,Compl,Enable,79,0,0,0,0,0,0,6,A,0,0,Avail,Incmpl,Incmpl,Enable,OFF,OFF,976,709.250,51199.219,51199.219,51199.219,51199.219,51199.219,51199.219,1GRFE ,33.725,Avail,Incmpl,Incmpl,Enable,7.996,OFF,OFF,OFF,OFF,ON,ON,Avail,Compl,Enable,Compl,CL,CL,Compl,Unable,Not Avl,Compl,Compl,Enable,OFF,130,15,265,ON,21.250,6.875,0.107,2366,6,21,-3,OFF,0.781,3.906,3.810,OFF,0,0,81,Avail,Compl,Enable,0,GRN2#  ,ON,0,ACTIVE,ACTIVE,0.957,0.942,0.680,0.700,65.168,60.953,Avail,Compl,Avail,Incmpl,Incmpl,Enable,OBD II (California ARB),OFF,OFF,29.517,0.500,0,1st,OFF,OFF,OFF,OFF,OFF,OFF,0.781,-0.781,ON,OFF,650,0,OFF,OFF,OFF,ON,Gasoline,0.986,OFF,OFF,0.684,ON,1.172,14.902,18,0,0.742,0.742,2.305,0.742,0.918,2.031,46.275,0,14.902,16,0.020,0.035,OFF,ECT 5th,NA,OFF,97.592,97.504,13.333,0,Not Avl,0,0,0,0,ON,ON,0,0,1
375,0,14.158,Not Avl,Compl,Compl,Unable,OFF,Not Avl,Compl,Compl,Unable,OFF,38.281,38.281,28.125,29.375,19.531,39.551,15.686,31.765,0.781,1.582,ON,0,OFF,ON,ON,0.998,0.997,0,0,3.298,3.293,0,97,51199.219,13.925,24.314,OFF,OFF,OFF,OFF,OFF,OFF,OFF,Avail,Incmpl,Incmpl,Enable,Avail,409.800,255.900,409.800,255.900,ON,Avail,Compl,Enable,79,0,0,0,0,0,0,6,A,0,0,Avail,Incmpl,Incmpl,Enable,OFF,OFF,976,709.250,51199.219,51199.219,51199.219,51199.219,51199.219,51199.219,1GRFE ,33.333,Avail,Incmpl,Incmpl,Enable,7.996,OFF,OFF,OFF,OFF,ON,ON,Avail,Compl,Enable,Compl,CL,CL,Compl,Unable,Not Avl,Compl,Compl,Enable,OFF,130,15,275,ON,21.250,6.875,0.107,2366,6,21,-3,OFF,0.781,3.906,3.780,OFF,0,0,81,Avail,Compl,Enable,0,GRN2#  ,ON,0,ACTIVE,ACTIVE,0.962,0.947,0.680,0.680,65.168,59.980,Avail,Compl,Avail,Incmpl,Incmpl,Enable,OBD II (California ARB),OFF,OFF,29.395,0.500,0,1st,OFF,OFF,OFF,OFF,OFF,OFF,0.781,-0.781,ON,OFF,650,0,OFF,OFF,OFF,ON,Gasoline,0.987,OFF,OFF,0.684,ON,1.172,14.902,18,0,0.742,0.742,2.305,0.742,0.918,2.031,46.275,0,14.902,16,0.020,0.035,OFF,ECT 5th,NA,OFF,97.614,97.526,13.333,0,Not Avl,0,0,0,0,ON,ON,0,0,1
376,0,14.159,Not Avl,Compl,Compl,Unable,OFF,Not Avl,Compl,Compl,Unable,OFF,38.281,38.281,28.125,29.375,19.531,39.551,15.686,31.765,0.781,1.582,ON,0,OFF,ON,ON,0.997,0.997,-0.008,0,3.283,3.293,0,97,51199.219,13.906,24.314,OFF,OFF,OFF,OFF,OFF,OFF,OFF,Avail,Incmpl,Incmpl,Enable,Avail,409.600,255.800,409.600,255.800,ON,Avail,Compl,Enable,79,0,0,0,0,0,0,6,A,0,0,Avail,Incmpl,Incmpl,Enable,OFF,OFF,977,710,51199.219,51199.219,51199.219,51199.219,51199.219,51199.219,1GRFE ,33.725,Avail,Incmpl,Incmpl,Enable,7.996,OFF,OFF,OFF,OFF,ON,ON,Avail,Compl,Enable,Compl,CL,CL,Compl,Unable,Not Avl,Compl,Compl,Enable,OFF,130,15,286,ON,21.250,6.875,0.107,2370,6,21,-3,OFF,0.781,3.906,3.810,OFF,0,0,78,Avail,Compl,Enable,0,GRN2#  ,ON,0,ACTIVE,ACTIVE,0.962,0.947,0.680,0.680,64.195,59.008,Avail,Compl,Avail,Incmpl,Incmpl,Enable,OBD II (California ARB),OFF,OFF,29.279,0.500,0,1st,OFF,OFF,OFF,OFF,OFF,OFF,0.781,-0.781,ON,OFF,650,0,OFF,OFF,OFF,ON,Gasoline,0.987,OFF,OFF,0.684,ON,1.172,14.902,18,0,0.742,0.742,2.305,0.742,0.918,2.031,46.275,0,14.902,16,0.020,0.035,OFF,ECT 5th,NA,OFF,97.636,97.724,13.333,0,Not Avl,0,0,0,0,ON,ON,0,0,1
377,0,14.142,Not Avl,Compl,Compl,Unable,OFF,Not Avl,Compl,Compl,Unable,OFF,38.281,42.969,28.125,29.375,19.531,39.551,15.686,31.765,0.781,1.582,ON,0,OFF,ON,ON,1.000,0.999,0.008,0.004,3.313,3.308,0,97,51199.219,13.906,24.314,OFF,OFF,OFF,OFF,OFF,OFF,OFF,Avail,Incmpl,Incmpl,Enable,Avail,409.600,255.800,409.600,255.800,ON,Avail,Compl,Enable,79,0,0,0,0,0,0,6,A,0,0,Avail,Incmpl,Incmpl,Enable,OFF,OFF,977,708.500,51199.219,51199.219,51199.219,51199.219,51199.219,51199.219,1GRFE ,33.333,Avail,Incmpl,Incmpl,Enable,7.996,OFF,OFF,OFF,OFF,ON,ON,Avail,Compl,Enable,Compl,CL,CL,Compl,Unable,Not Avl,Compl,Compl,Enable,OFF,130,15,297,ON,21.250,6.875,0.107,2373,6,21,-3,OFF,0.781,3.906,3.790,OFF,0,0,78,Avail,Compl,Enable,0,GRN2#  ,ON,0,ACTIVE,ACTIVE,0.962,0.942,0.680,0.700,65.168,59.332,Avail,Compl,Avail,Incmpl,Incmpl,Enable,OBD II (California ARB),OFF,OFF,29.395,0.500,0,1st,OFF,OFF,OFF,OFF,OFF,OFF,0.781,-0.781,ON,OFF,650,0,OFF,OFF,OFF,ON,Gasoline,0.988,OFF,OFF,0.684,ON,1.094,14.902,18,0,0.742,0.742,2.305,0.742,0.918,2.031,46.275,0,14.902,16,0.020,0.035,OFF,ECT 5th,NA,OFF,97.592,97.548,13.333,0,Not Avl,0,0,0,0,ON,ON,0,0,1
378,0,14.155,Not Avl,Compl,Compl,Unable,OFF,Not Avl,Compl,Compl,Unable,OFF,38.281,50,28.125,29.375,19.531,39.551,15.686,31.765,0.781,1.582,ON,0,OFF,ON,ON,0.998,1.000,0,0.008,3.303,3.313,0,97,51199.219,13.925,24.314,OFF,OFF,OFF,OFF,OFF,OFF,OFF,Avail,Incmpl,Incmpl,Enable,Avail,409.600,255.800,409.600,255.800,ON,Avail,Compl,Enable,79,0,0,0,0,0,0,6,A,0,0,Avail,Incmpl,Incmpl,Enable,OFF,OFF,977,713.250,51199.219,51199.219,51199.219,51199.219,51199.219,51199.219,1GRFE ,33.725,Avail,Incmpl,Incmpl,Enable,7.996,OFF,OFF,OFF,OFF,ON,ON,Avail,Compl,Enable,Compl,CL,CL,Compl,Unable,Not Avl,Compl,Compl,Enable,OFF,130,15,307,ON,21.250,6.875,0.107,2377,6,21,-3,OFF,0.781,3.906,3.840,OFF,0,0,78,Avail,Compl,Enable,0,GRN2#  ,ON,0,ACTIVE,ACTIVE,0.962,0.947,0.680,0.680,65.168,59.332,Avail,Compl,Avail,Incmpl,Incmpl,Enable,OBD II (California ARB),OFF,OFF,29.395,0.500,0,1st,OFF,OFF,OFF,OFF,OFF,OFF,0.781,-0.781,ON,OFF,650,0,OFF,OFF,OFF,ON,Gasoline,0.987,OFF,OFF,0.684,ON,1.094,14.902,18,0,0.742,0.742,2.305,0.742,0.918,2.031,46.275,0,14.902,16,0.020,0.035,OFF,ECT 5th,NA,OFF,97.592,97.482,13.333,0,Not Avl,0,0,0,0,ON,ON,0,0,1
379,0,14.164,Not Avl,Compl,Compl,Unable,OFF,Not Avl,Compl,Compl,Unable,OFF,38.281,50,28.125,29.375,19.531,39.551,15.686,31.765,0.781,1.582,ON,0,OFF,ON,ON,0.999,1.001,0,0.008,3.303,3.313,0,97,51199.219,13.906,24.314,OFF,OFF,OFF,OFF,OFF,OFF,OFF,Avail,Incmpl,Incmpl,Enable,Avail,409.600,255.800,409.600,255.800,ON,Avail,Compl,Enable,79,0,0,0,0,0,0,6,A,0,0,Avail,Incmpl,Incmpl,Enable,OFF,OFF,978,707.750,51199.219,51199.219,51199.219,51199.219,51199.219,51199.219,1GRFE ,33.725,Avail,Incmpl,Incmpl,Enable,7.996,OFF,OFF,OFF,OFF,ON,ON,Avail,Compl,Enable,Compl,CL,CL,Compl,Unable,Not Avl,Compl,Compl,Enable,OFF,130,15,318,ON,21.250,6.875,0.107,2377,6,21,-3,OFF,0.781,3.906,3.810,OFF,0,0,78,Avail,Compl,Enable,0,GRN2#  ,ON,0,ACTIVE,ACTIVE,0.962,0.942,0.680,0.680,65.492,59.008,Avail,Compl,Avail,Incmpl,Incmpl,Enable,OBD II (California ARB),OFF,OFF,29.517,0.500,0,1st,OFF,OFF,OFF,OFF,OFF,OFF,0.781,-0.781,ON,OFF,650,0,OFF,OFF,OFF,ON,Gasoline,0.987,OFF,OFF,0.684,ON,1.172,14.902,18,0,0.742,0.742,2.305,0.742,0.918,2.031,46.275,0,14.902,16,0.020,0.035,OFF,ECT 5th,NA,OFF,97.614,97.680,13.333,0,Not Avl,0,0,0,0,ON,ON,0,0,1
380,0,14.141,Not Avl,Compl,Compl,Unable,OFF,Not Avl,Compl,Compl,Unable,OFF,43.750,55.469,28.125,29.375,19.531,39.551,15.686,31.765,0.781,1.582,ON,0,OFF,ON,ON,0.999,0.999,0.020,0.012,3.308,3.303,0,97,51199.219,13.906,24.314,OFF,OFF,OFF,OFF,OFF,OFF,OFF,Avail,Incmpl,Incmpl,Enable,Avail,409.400,255.600,409.400,255.600,ON,Avail,Compl,Enable,79,0,0,0,0,0,0,6,A,0,0,Avail,Incmpl,Incmpl,Enable,OFF,OFF,978,703,51199.219,51199.219,51199.219,51199.219,51199.219,51199.219,1GRFE ,33.333,Avail,Incmpl,Incmpl,Enable,7.996,OFF,OFF,OFF,OFF,ON,ON,Avail,Compl,Enable,Compl,CL,CL,Compl,Unable,Not Avl,Compl,Compl,Enable,OFF,130,15,330,ON,21.250,6.875,0.106,2381,6,21,-3,OFF,0.781,3.906,3.760,OFF,0,0,81,Avail,Compl,Enable,0,GRN2#  ,ON,0,ACTIVE,ACTIVE,0.962,0.947,0.680,0.680,65.168,59.332,Avail,Compl,Avail,Incmpl,Incmpl,Enable,OBD II (California ARB),OFF,OFF,29.626,0.500,0,1st,OFF,OFF,OFF,OFF,OFF,OFF,0.781,-0.781,ON,OFF,650,0,OFF,OFF,OFF,ON,Gasoline,0.988,OFF,OFF,0.684,ON,1.172,14.902,18,0,0.742,0.742,2.305,0.742,0.918,2.031,46.275,0,14.902,16,0.020,0.035,OFF,ECT 5th,NA,OFF,97.636,97.746,13.333,0,Not Avl,0,0,0,0,ON,ON,0,0,1
381,0,14.159,Not Avl,Compl,Compl,Unable,OFF,Not Avl,Compl,Compl,Unable,OFF,50,57.031,28.125,29.375,19.531,39.551,15.686,31.765,0.781,1.582,ON,0,OFF,ON,ON,0.999,0.997,0,0,3.303,3.293,0,97,51199.219,13.906,24.314,OFF,OFF,OFF,OFF,OFF,OFF,OFF,Avail,Incmpl,Incmpl,Enable,Avail,409.400,255.600,409.400,255.600,ON,Avail,Compl,Enable,79,0,0,0,0,0,0,6,A,0,0,Avail,Incmpl,Incmpl,Enable,OFF,OFF,978,713.250,51199.219,51199.219,51199.219,51199.219,51199.219,51199.219,1GRFE ,33.725,Avail,Incmpl,Incmpl,Enable,7.996,OFF,OFF,OFF,OFF,ON,ON,Avail,Compl,Enable,Compl,CL,CL,Compl,Unable,Not Avl,Compl,Compl,Enable,OFF,130,15,342,ON,21.250,6.875,0.106,2377,6,21,-3,OFF,0.781,3.906,3.790,OFF,0,0,81,Avail,Compl,Enable,0,GRN2#  ,ON,0,ACTIVE,ACTIVE,0.962,0.942,0.680,0.680,65.492,59.332,Avail,Compl,Avail,Incmpl,Incmpl,Enable,OBD II (California ARB),OFF,OFF,29.517,0.500,0,1st,OFF,OFF,OFF,OFF,OFF,OFF,0.781,-0.781,ON,OFF,650,0,OFF,OFF,OFF,ON,Gasoline,0.986,OFF,OFF,0.684,ON,1.172,14.902,18,0,0.742,0.742,2.305,0.742,0.918,2.031,46.275,0,14.902,16,0.020,0.035,OFF,ECT 5th,NA,OFF,97.614,97.680,13.333,0,Not Avl,0,0,0,0,ON,ON,0,0,1
382,0,14.150,Not Avl,Compl,Compl,Unable,OFF,Not Avl,Compl,Compl,Unable,OFF,55.469,45.312,28.125,29.375,19.531,39.551,15.686,31.765,0.781,1.582,ON,0,OFF,ON,ON,0.998,0.997,0,-0.004,3.298,3.288,0,97,51199.219,13.925,24.314,OFF,OFF,OFF,OFF,OFF,OFF,OFF,Avail,Incmpl,Incmpl,Enable,Avail,409.400,255.600,409.400,255.600,ON,Avail,Compl,Enable,79,0,0,0,0,0,0,6,A,0,0,Avail,Incmpl,Incmpl,Enable,OFF,OFF,979,714,51199.219,51199.219,51199.219,51199.219,51199.219,51199.219,1GRFE ,33.333,Avail,Incmpl,Incmpl,Enable,7.996,OFF,OFF,OFF,OFF,ON,ON,Avail,Compl,Enable,Compl,CL,CL,Compl,Unable,Not Avl,Compl,Compl,Enable,OFF,130,15,353,ON,21.250,6.875,0.106,2373,6,21,-3,OFF,0.781,3.906,3.810,OFF,0,0,81,Avail,Compl,Enable,0,GRN2#  ,ON,0,ACTIVE,ACTIVE,0.962,0.942,0.680,0.700,65.492,59.332,Avail,Compl,Avail,Incmpl,Incmpl,Enable,OBD II (California ARB),OFF,OFF,29.395,0.500,0,1st,OFF,OFF,OFF,OFF,OFF,OFF,0.781,-0.781,ON,OFF,650,0,OFF,OFF,OFF,ON,Gasoline,0.986,OFF,OFF,0.684,ON,1.172,14.902,18,0,0.742,0.742,2.305,0.742,0.918,2.031,46.275,0,14.902,16,0.020,0.035,OFF,ECT 5th,NA,OFF,97.614,97.636,13.333,0,Not Avl,0,0,0,0,ON,ON,0,0,1
383,0,14.142,Not Avl,Compl,Compl,Unable,OFF,Not Avl,Compl,Compl,Unable,OFF,57.031,40.625,28.125,29.375,19.531,39.551,15.686,31.765,0.781,1.582,ON,0,OFF,ON,ON,0.997,0.997,0,0,3.293,3.293,0,97,51199.219,13.925,24.314,OFF,OFF,OFF,OFF,OFF,OFF,OFF,Avail,Incmpl,Incmpl,Enable,Avail,409.200,255.500,409.200,255.500,ON,Avail,Compl,Enable,79,0,0,0,0,0,0,6,A,0,0,Avail,Incmpl,Incmpl,Enable,OFF,OFF,979,714,51199.219,51199.219,51199.219,51199.219,51199.219,51199.219,1GRFE ,33.725,Avail,Incmpl,Incmpl,Enable,7.996,OFF,OFF,OFF,OFF,ON,ON,Avail,Compl,Enable,Compl,CL,CL,Compl,Unable,Not Avl,Compl,Compl,Enable,OFF,130,15,367,ON,21.250,6.875,0.106,2373,6,21,-3,OFF,0.781,3.906,3.850,OFF,0,0,78,Avail,Compl,Enable,0,GRN2#  ,ON,0,ACTIVE,ACTIVE,0.962,0.942,0.680,0.680,65.168,59.332,Avail,Compl,Avail,Incmpl,Incmpl,Enable,OBD II (California ARB),OFF,OFF,29.395,0.500,0,1st,OFF,OFF,OFF,OFF,OFF,OFF,0.781,-0.781,ON,OFF,650,0,OFF,OFF,OFF,ON,Gasoline,0.987,OFF,OFF,0.684,ON,1.172,14.902,18,0,0.742,0.742,2.305,0.742,0.918,2.031,46.275,0,14.902,16,0.020,0.035,OFF,ECT 5th,NA,OFF,97.592,97.482,13.333,0,Not Avl,0,0,0,0,ON,ON,0,0,1
384,0,14.159,Not Avl,Compl,Compl,Unable,OFF,Not Avl,Compl,Compl,Unable,OFF,57.812,39.062,28.125,29.375,19.531,39.551,15.686,31.765,0.781,1.582,ON,0,OFF,ON,ON,0.997,0.999,0,0,3.298,3.303,0,97,51199.219,13.925,24.314,OFF,OFF,OFF,OFF,OFF,OFF,OFF,Avail,Incmpl,Incmpl,Enable,Avail,409.200,255.500,409.200,255.500,ON,Avail,Compl,Enable,79,0,0,0,0,0,0,6,A,0,0,Avail,Incmpl,Incmpl,Enable,OFF,OFF,979,709.250,51199.219,51199.219,51199.219,51199.219,51199.219,51199.219,1GRFE ,33.333,Avail,Incmpl,Incmpl,Enable,7.996,OFF,OFF,OFF,OFF,ON,ON,Avail,Compl,Enable,Compl,CL,CL,Compl,Unable,Not Avl,Compl,Compl,Enable,OFF,130,15,380,ON,21.250,6.875,0.106,2381,6,21,-3,OFF,0.781,3.906,3.810,OFF,0,0,78,Avail,Compl,Enable,0,GRN2#  ,ON,0,ACTIVE,ACTIVE,0.962,0.942,0.680,0.680,65.492,59.332,Avail,Compl,Avail,Incmpl,Incmpl,Enable,OBD II (California ARB),OFF,OFF,29.279,0.500,0,1st,OFF,OFF,OFF,OFF,OFF,OFF,0.781,-0.781,ON,OFF,650,0,OFF,OFF,OFF,ON,Gasoline,0.988,OFF,OFF,0.684,ON,1.172,14.902,18,0,0.742,0.742,2.305,0.742,0.918,2.031,46.275,0,14.902,16,0.020,0.035,OFF,ECT 5th,NA,OFF,97.592,97.504,13.333,0,Not Avl,0,0,0,0,ON,ON,0,0,1
385,0,14.160,Not Avl,Compl,Compl,Unable,OFF,Not Avl,Compl,Compl,Unable,OFF,52.344,38.281,28.125,29.375,19.531,39.551,15.686,31.765,0.781,1.582,ON,0,OFF,ON,ON,1.000,1.000,0.008,0.004,3.313,3.308,0,97,51199.219,13.906,24.314,OFF,OFF,OFF,OFF,OFF,OFF,OFF,Avail,Incmpl,Incmpl,Enable,Avail,409.200,255.500,409.200,255.500,ON,Avail,Compl,Enable,79,0,0,0,0,0,0,6,A,0,0,Avail,Incmpl,Incmpl,Enable,OFF,OFF,980,705.250,51199.219,51199.219,51199.219,51199.219,51199.219,51199.219,1GRFE ,33.725,Avail,Incmpl,Incmpl,Enable,7.996,OFF,OFF,OFF,OFF,ON,ON,Avail,Compl,Enable,Compl,CL,CL,Compl,Unable,Not Avl,Compl,Compl,Enable,OFF,130,15,393,ON,21.250,6.875,0.106,2388,6,21,-3,OFF,0.781,3.906,3.810,OFF,0,0,78,Avail,Compl,Enable,0,GRN2#  ,ON,0,ACTIVE,ACTIVE,0.957,0.942,0.680,0.680,65.492,59.332,Avail,Compl,Avail,Incmpl,Incmpl,Enable,OBD II (California ARB),OFF,OFF,29.517,0.500,0,1st,OFF,OFF,OFF,OFF,OFF,OFF,0.781,-0.781,ON,OFF,650,0,OFF,OFF,OFF,ON,Gasoline,0.988,OFF,OFF,0.684,ON,1.172,14.902,18,0,0.742,0.742,2.305,0.742,0.918,2.031,46.275,0,14.902,16,0.020,0.035,OFF,ECT 5th,NA,OFF,97.614,97.658,13.333,0,Not Avl,0,0,0,0,ON,ON,0,0,1
386,0,14.159,Not Avl,Compl,Compl,Unable,OFF,Not Avl,Compl,Compl,Unable,OFF,42.969,38.281,28.125,29.375,19.531,39.551,15.686,31.765,0.781,1.582,ON,0,OFF,ON,ON,0.999,1.000,0,0.008,3.303,3.313,0,97,51199.219,13.906,24.314,OFF,OFF,OFF,OFF,OFF,OFF,OFF,Avail,Incmpl,Incmpl,Enable,Avail,409,255.300,409,255.300,ON,Avail,Compl,Enable,79,0,0,0,0,0,0,6,A,0,0,Avail,Incmpl,Incmpl,Enable,OFF,OFF,980,706.250,51199.219,51199.219,51199.219,51199.219,51199.219,51199.219,1GRFE ,33.725,Avail,Incmpl,Incmpl,Enable,7.996,OFF,OFF,OFF,OFF,ON,ON,Avail,Compl,Enable,Compl,CL,CL,Compl,Unable,Not Avl,Compl,Compl,Enable,OFF,130,15,406,ON,21.250,6.875,0.106,2391,6,21,-3,OFF,0.781,3.906,3.810,OFF,0,0,83,Avail,Compl,Enable,0,GRN2#  ,ON,0,ACTIVE,ACTIVE,0.962,0.947,0.680,0.680,65.168,59.332,Avail,Compl,Avail,Incmpl,Incmpl,Enable,OBD II (California ARB),OFF,OFF,29.626,0.500,0,1st,OFF,OFF,OFF,OFF,OFF,OFF,0.781,-0.781,ON,OFF,650,0,OFF,OFF,OFF,ON,Gasoline,0.986,OFF,OFF,0.684,ON,1.172,14.902,18,0,0.742,0.742,2.305,0.742,0.918,2.031,46.275,0,14.902,16,0.020,0.035,OFF,ECT 5th,NA,OFF,97.592,97.482,13.333,0,Not Avl,0,0,0,0,ON,ON,0,0,1
387,0,14.159,Not Avl,Compl,Compl,Unable,OFF,Not Avl,Compl,Compl,Unable,OFF,39.844,38.281,28.125,29.375,19.531,39.551,15.686,31.765,0.781,1.582,ON,0,OFF,ON,ON,0.997,1.000,0,0.004,3.293,3.308,0,97,51199.219,13.925,24.314,OFF,OFF,OFF,OFF,OFF,OFF,OFF,Avail,Incmpl,Incmpl,Enable,Avail,409,255.300,409,255.300,ON,Avail,Compl,Enable,79,0,0,0,0,0,0,6,A,0,0,Avail,Incmpl,Incmpl,Enable,OFF,OFF,981,714,51199.219,51199.219,51199.219,51199.219,51199.219,51199.219,1GRFE ,33.725,Avail,Incmpl,Incmpl,Enable,7.996,OFF,OFF,OFF,OFF,ON,ON,Avail,Compl,Enable,Compl,CL,CL,Compl,Unable,Not Avl,Compl,Compl,Enable,OFF,130,15,422,ON,21.250,6.875,0.106,2366,6,21,-3,OFF,0.781,3.906,3.810,OFF,0,0,83,Avail,Compl,Enable,0,GRN2#  ,ON,0,ACTIVE,ACTIVE,0.962,0.947,0.680,0.680,65.168,59.332,Avail,Compl,Avail,Incmpl,Incmpl,Enable,OBD II (California ARB),OFF,OFF,29.517,0.500,0,1st,OFF,OFF,OFF,OFF,OFF,OFF,0.781,-0.781,ON,OFF,650,0,OFF,OFF,OFF,ON,Gasoline,0.986,OFF,OFF,0.684,ON,1.172,14.902,18,0,0.742,0.742,2.305,0.742,0.918,2.031,46.275,0,14.902,16,0.020,0.035,OFF,ECT 5th,NA,OFF,97.636,97.746,13.333,0,Not Avl,0,0,0,0,ON,ON,0,0,1
388,0,14.160,Not Avl,Compl,Compl,Unable,OFF,Not Avl,Compl,Compl,Unable,OFF,38.281,38.281,28.125,29.375,19.531,39.551,15.686,31.765,0.781,1.582,ON,0,OFF,ON,ON,0.996,0.999,-0.008,0,3.283,3.303,0,97,51199.219,13.925,24.314,OFF,OFF,OFF,OFF,OFF,OFF,OFF,Avail,Incmpl,Incmpl,Enable,Avail,408.800,255.100,408.800,255.100,ON,Avail,Compl,Enable,79,0,0,0,0,0,0,6,A,0,0,Avail,Incmpl,Incmpl,Enable,OFF,OFF,981,708.500,51199.219,51199.219,51199.219,51199.219,51199.219,51199.219,1GRFE ,33.333,Avail,Incmpl,Incmpl,Enable,7.996,OFF,OFF,OFF,OFF,ON,ON,Avail,Compl,Enable,Compl,CL,CL,Compl,Unable,Not Avl,Compl,Compl,Enable,OFF,130,15,436,ON,21.250,6.875,0.106,2369,6,21,-3,OFF,0.781,3.906,3.810,OFF,0,0,87,Avail,Compl,Enable,0,GRN2#  ,ON,0,ACTIVE,ACTIVE,0.962,0.947,0.680,0.680,65.492,59.332,Avail,Compl,Avail,Incmpl,Incmpl,Enable,OBD II (California ARB),OFF,OFF,29.395,0.500,0,1st,OFF,OFF,OFF,OFF,OFF,OFF,0.781,-0.781,ON,OFF,650,0,OFF,OFF,OFF,ON,Gasoline,0.988,OFF,OFF,0.684,ON,1.172,14.902,18,0,0.742,0.742,2.305,0.742,0.918,2.031,46.275,0,14.902,16,0.020,0.035,OFF,ECT 5th,NA,OFF,97.636,97.680,13.333,0,Not Avl,0,0,0,0,ON,ON,0,0,1
389,0,14.141,Not Avl,Compl,Compl,Unable,OFF,Not Avl,Compl,Compl,Unable,OFF,38.281,38.281,28.125,29.375,19.531,39.551,15.686,31.765,0.781,1.582,ON,0,OFF,ON,ON,0.997,0.999,0,0.004,3.293,3.308,0,97,51199.219,13.906,24.314,OFF,OFF,OFF,OFF,OFF,OFF,OFF,Avail,Incmpl,Incmpl,Enable,Avail,408.800,255.100,408.800,255.100,ON,Avail,Compl,Enable,79,0,0,0,0,0,0,6,A,0,0,Avail,Incmpl,Incmpl,Enable,OFF,OFF,981,719.500,51199.219,51199.219,51199.219,51199.219,51199.219,51199.219,1GRFE ,33.725,Avail,Incmpl,Incmpl,Enable,7.996,OFF,OFF,OFF,OFF,ON,ON,Avail,Compl,Enable,Compl,CL,CL,Compl,Unable,Not Avl,Compl,Compl,Enable,OFF,130,15,449,ON,21.250,6.875,0.107,2370,6,21,-3,OFF,0.781,3.906,3.780,OFF,0,0,87,Avail,Compl,Enable,0,GRN2#  ,ON,0,ACTIVE,ACTIVE,0.962,0.947,0.680,0.680,65.168,59.332,Avail,Compl,Avail,Incmpl,Incmpl,Enable,OBD II (California ARB),OFF,OFF,29.626,0.500,0,1st,OFF,OFF,OFF,OFF,OFF,OFF,0.781,-0.781,ON,OFF,650,0,OFF,OFF,OFF,ON,Gasoline,0.988,OFF,OFF,0.684,ON,1.172,14.902,18,0,0.742,0.742,2.305,0.742,0.918,2.031,46.275,0,14.902,16,0.020,0.035,OFF,ECT 5th,NA,OFF,97.636,97.746,12.941,0,Not Avl,0,0,0,0,ON,ON,0,0,1
390,0,14.159,Not Avl,Compl,Compl,Unable,OFF,Not Avl,Compl,Compl,Unable,OFF,38.281,38.281,28.125,29.375,19.531,39.551,15.686,31.765,0.781,1.582,ON,0,OFF,ON,ON,0.998,0.999,0,0,3.298,3.303,0,97,51199.219,13.925,23.922,OFF,OFF,OFF,OFF,OFF,OFF,OFF,Avail,Incmpl,Incmpl,Enable,Avail,408.800,255.100,408.800,255.100,ON,Avail,Compl,Enable,79,0,0,0,0,0,0,6,A,0,0,Avail,Incmpl,Incmpl,Enable,OFF,OFF,982,716.250,51199.219,51199.219,51199.219,51199.219,51199.219,51199.219,1GRFE ,33.725,Avail,Incmpl,Incmpl,Enable,7.996,OFF,OFF,OFF,OFF,ON,ON,Avail,Compl,Enable,Compl,CL,CL,Compl,Unable,Not Avl,Compl,Compl,Enable,OFF,130,15,463,ON,21.250,6.875,0.107,2363,6,21,-3,OFF,0.781,3.906,3.810,OFF,0,0,87,Avail,Compl,Enable,0,GRN2#  ,ON,0,ACTIVE,ACTIVE,0.962,0.942,0.680,0.680,65.492,59.656,Avail,Compl,Avail,Incmpl,Incmpl,Enable,OBD II (California ARB),OFF,OFF,29.279,0.500,0,1st,OFF,OFF,OFF,OFF,OFF,OFF,0.781,-0.781,ON,OFF,650,0,OFF,OFF,OFF,ON,Gasoline,0.988,OFF,OFF,0.684,ON,1.172,14.902,18,0,0.742,0.742,2.305,0.742,0.918,2.031,46.275,0,14.902,16,0.020,0.035,OFF,ECT 5th,NA,OFF,97.636,97.724,13.333,0,Not Avl,0,0,0,0,ON,ON,0,0,1
391,0,14.159,Not Avl,Compl,Compl,Unable,OFF,Not Avl,Compl,Compl,Unable,OFF,38.281,38.281,28.125,29.375,19.531,39.551,15.686,31.765,0.781,1.582,ON,0,OFF,ON,ON,1.000,0.998,0.004,0,3.308,3.303,0,97,51199.219,13.925,24.314,OFF,OFF,OFF,OFF,OFF,OFF,OFF,Avail,Incmpl,Incmpl,Enable,Avail,408.600,255,408.600,255,ON,Avail,Compl,Enable,79,0,0,0,0,0,0,6,A,0,0,Avail,Incmpl,Incmpl,Enable,OFF,OFF,982,711.500,51199.219,51199.219,51199.219,51199.219,51199.219,51199.219,1GRFE ,33.333,Avail,Incmpl,Incmpl,Enable,7.996,OFF,OFF,OFF,OFF,ON,ON,Avail,Compl,Enable,Compl,CL,CL,Compl,Unable,Not Avl,Compl,Compl,Enable,OFF,130,15,476,ON,21.250,6.875,0.107,2370,6,21,-3,OFF,0.781,3.906,3.790,OFF,0,0,80,Avail,Compl,Enable,0,GRN2#  ,ON,0,ACTIVE,ACTIVE,0.962,0.942,0.680,0.680,65.168,59.332,Avail,Compl,Avail,Incmpl,Incmpl,Enable,OBD II (California ARB),OFF,OFF,29.150,0.500,0,1st,OFF,OFF,OFF,OFF,OFF,OFF,0.781,-0.781,ON,OFF,650,0,OFF,OFF,OFF,ON,Gasoline,0.988,OFF,OFF,0.684,ON,1.094,14.902,18,0,0.742,0.742,2.305,0.742,0.918,2.031,46.275,0,14.902,16,0.020,0.035,OFF,ECT 5th,NA,OFF,97.614,97.548,13.333,0,Not Avl,0,0,0,0,ON,ON,0,0,1
392,0,14.155,Not Avl,Compl,Compl,Unable,OFF,Not Avl,Compl,Compl,Unable,OFF,38.281,38.281,28.125,29.375,19.531,39.551,15.686,31.765,0.781,1.582,ON,0,OFF,ON,ON,0.998,0.999,0,0.004,3.298,3.308,0,97,51199.219,13.925,24.314,OFF,OFF,OFF,OFF,OFF,OFF,OFF,Avail,Incmpl,Incmpl,Enable,Avail,408.600,255,408.600,255,ON,Avail,Compl,Enable,79,0,0,0,0,0,0,6,A,0,0,Avail,Incmpl,Incmpl,Enable,OFF,OFF,982,703.750,51199.219,51199.219,51199.219,51199.219,51199.219,51199.219,1GRFE ,33.725,Avail,Incmpl,Incmpl,Enable,7.996,OFF,OFF,OFF,OFF,ON,ON,Avail,Compl,Enable,Compl,CL,CL,Compl,Unable,Not Avl,Compl,Compl,Enable,OFF,130,15,490,ON,21.250,6.875,0.107,2384,6,21,-3,OFF,0.781,3.906,3.780,OFF,0,0,80,Avail,Compl,Enable,0,GRN2#  ,ON,0,ACTIVE,ACTIVE,0.962,0.942,0.680,0.680,65.492,59.332,Avail,Compl,Avail,Incmpl,Incmpl,Enable,OBD II (California ARB),OFF,OFF,29.395,0.500,0,1st,OFF,OFF,OFF,OFF,OFF,OFF,0.781,-0.781,ON,OFF,650,0,OFF,OFF,OFF,ON,Gasoline,0.988,OFF,OFF,0.684,ON,1.172,14.902,18,0,0.742,0.742,2.305,0.742,0.918,2.031,46.275,0,14.902,16,0.020,0.035,OFF,ECT 5th,NA,OFF,97.592,97.460,13.333,0,Not Avl,0,0,0,0,ON,ON,0,0,1
393,0,14.164,Not Avl,Compl,Compl,Unable,OFF,Not Avl,Compl,Compl,Unable,OFF,50,43.750,28.125,29.375,19.531,39.551,15.686,31.765,0.781,1.582,ON,0,OFF,ON,ON,0.997,0.998,0,0,3.293,3.298,0,97,51199.219,13.925,24.314,OFF,OFF,OFF,OFF,OFF,OFF,OFF,Avail,Incmpl,Incmpl,Enable,Avail,408.400,254.800,408.400,254.800,ON,Avail,Compl,Enable,79,0,0,0,0,0,0,6,A,0,0,Avail,Incmpl,Incmpl,Enable,OFF,OFF,983,716.250,51199.219,51199.219,51199.219,51199.219,51199.219,51199.219,1GRFE ,33.725,Avail,Incmpl,Incmpl,Enable,7.996,OFF,OFF,OFF,OFF,ON,ON,Avail,Compl,Enable,Compl,CL,CL,Compl,Unable,Not Avl,Compl,Compl,Enable,OFF,130,15,509,ON,21.250,6.875,0.106,2373,6,21,-3,OFF,0.781,3.906,3.780,OFF,0,0,82,Avail,Compl,Enable,0,GRN2#  ,ON,0,ACTIVE,ACTIVE,0.962,0.947,0.680,0.680,65.492,59.332,Avail,Compl,Avail,Incmpl,Incmpl,Enable,OBD II (California ARB),OFF,OFF,29.517,0.500,0,1st,OFF,OFF,OFF,OFF,OFF,OFF,0.781,-0.781,ON,OFF,650,0,OFF,OFF,OFF,ON,Gasoline,0.988,OFF,OFF,0.684,ON,1.172,14.902,18,0,0.742,0.742,2.305,0.742,0.918,2.031,46.275,0,14.902,16,0.020,0.035,OFF,ECT 5th,NA,OFF,97.592,97.504,13.333,0,Not Avl,0,0,0,0,ON,ON,0,0,1
394,0,14.160,Not Avl,Compl,Compl,Unable,OFF,Not Avl,Compl,Compl,Unable,OFF,54.688,52.344,28.125,29.375,19.531,39.551,15.686,31.765,0.781,1.582,ON,0,OFF,ON,ON,0.998,0.995,0,-0.012,3.298,3.279,0,97,51199.219,13.906,24.314,OFF,OFF,OFF,OFF,OFF,OFF,OFF,Avail,Incmpl,Incmpl,Enable,Avail,408.400,254.800,408.400,254.800,ON,Avail,Compl,Enable,79,0,0,0,0,0,0,6,A,0,0,Avail,Incmpl,Incmpl,Enable,OFF,OFF,983,712.500,51199.219,51199.219,51199.219,51199.219,51199.219,51199.219,1GRFE ,33.725,Avail,Incmpl,Incmpl,Enable,7.996,OFF,OFF,OFF,OFF,ON,ON,Avail,Compl,Enable,Compl,CL,CL,Compl,Unable,Not Avl,Compl,Compl,Enable,OFF,130,15,523,ON,21.250,6.875,0.106,2373,6,21,-3,OFF,0.781,3.906,3.810,OFF,0,0,82,Avail,Compl,Enable,0,GRN2#  ,ON,0,ACTIVE,ACTIVE,0.962,0.942,0.680,0.680,64.520,59.332,Avail,Compl,Avail,Incmpl,Incmpl,Enable,OBD II (California ARB),OFF,OFF,29.395,0.500,0,1st,OFF,OFF,OFF,OFF,OFF,OFF,0.781,-0.781,ON,OFF,650,0,OFF,OFF,OFF,ON,Gasoline,0.989,OFF,OFF,0.684,ON,1.172,14.902,18,0,0.742,0.742,2.305,0.742,0.918,2.031,46.275,0,14.902,16,0.016,0.035,OFF,ECT 5th,NA,OFF,97.592,97.482,13.333,0,Not Avl,0,0,0,0,ON,ON,0,0,1
395,0,14.146,Not Avl,Compl,Compl,Unable,OFF,Not Avl,Compl,Compl,Unable,OFF,56.250,55.469,28.125,29.375,19.531,39.551,15.686,31.765,0.781,1.582,ON,0,OFF,ON,ON,0.999,0.996,0.004,0,3.308,3.293,0,97,51199.219,13.906,24.314,OFF,OFF,OFF,OFF,OFF,OFF,OFF,Avail,Incmpl,Incmpl,Enable,Avail,408.400,254.800,408.400,254.800,ON,Avail,Compl,Enable,79,0,0,0,0,0,0,6,A,0,0,Avail,Incmpl,Incmpl,Enable,OFF,OFF,984,710,51199.219,51199.219,51199.219,51199.219,51199.219,51199.219,1GRFE ,33.725,Avail,Incmpl,Incmpl,Enable,7.996,OFF,OFF,OFF,OFF,ON,ON,Avail,Compl,Enable,Compl,CL,CL,Compl,Unable,Not Avl,Compl,Compl,Enable,OFF,130,15,533,ON,21.250,6.875,0.106,2377,6,21,-3,OFF,0.781,3.906,3.810,OFF,0,0,82,Avail,Compl,Enable,0,GRN2#  ,ON,0,ACTIVE,ACTIVE,0.962,0.947,0.680,0.680,65.492,59.656,Avail,Compl,Avail,Incmpl,Incmpl,Enable,OBD II (California ARB),OFF,OFF,29.395,0.500,0,1st,OFF,OFF,OFF,OFF,OFF,OFF,0.781,-0.781,ON,OFF,650,0,OFF,OFF,OFF,ON,Gasoline,0.989,OFF,OFF,0.684,ON,1.172,14.902,18,0,0.742,0.742,2.305,0.742,0.918,2.031,46.275,0,14.902,16,0.016,0.035,OFF,ECT 5th,NA,OFF,97.614,97.548,13.333,0,Not Avl,0,0,0,0,ON,ON,0,0,1
396,0,14.160,Not Avl,Compl,Compl,Unable,OFF,Not Avl,Compl,Compl,Unable,OFF,57.812,57.812,28.125,29.375,19.531,39.551,15.686,31.765,0.781,1.582,ON,0,OFF,ON,ON,0.996,0.998,-0.004,0,3.288,3.298,0,97,51199.219,13.906,24.314,OFF,OFF,OFF,OFF,OFF,OFF,OFF,Avail,Incmpl,Incmpl,Enable,Avail,408.200,254.700,408.200,254.700,ON,Avail,Compl,Enable,79,0,0,0,0,0,0,6,A,0,0,Avail,Incmpl,Incmpl,Enable,OFF,OFF,984,707.750,51199.219,51199.219,51199.219,51199.219,51199.219,51199.219,1GRFE ,33.725,Avail,Incmpl,Incmpl,Enable,7.996,OFF,OFF,OFF,OFF,ON,ON,Avail,Compl,Enable,Compl,CL,CL,Compl,Unable,Not Avl,Compl,Compl,Enable,OFF,130,15,545,ON,21.250,6.875,0.106,2384,6,21,-3,OFF,0.781,3.906,3.790,OFF,0,0,83,Avail,Compl,Enable,0,GRN2#  ,ON,0,ACTIVE,ACTIVE,0.962,0.942,0.680,0.680,65.492,59.656,Avail,Compl,Avail,Incmpl,Incmpl,Enable,OBD II (California ARB),OFF,OFF,29.279,0.500,0,1st,OFF,OFF,OFF,OFF,OFF,OFF,0.781,-0.781,ON,OFF,650,0,OFF,OFF,OFF,ON,Gasoline,0.989,OFF,OFF,0.684,ON,1.172,14.902,18,0,0.742,0.742,2.305,0.742,0.918,2.031,46.275,0,14.902,16,0.016,0.035,OFF,ECT 5th,NA,OFF,97.614,97.680,13.333,0,Not Avl,0,0,0,0,ON,ON,0,0,1
397,0,14.160,Not Avl,Compl,Compl,Unable,OFF,Not Avl,Compl,Compl,Unable,OFF,52.344,48.438,28.125,29.375,19.531,39.551,15.686,31.765,0.781,1.582,ON,0,OFF,ON,ON,0.998,0.999,0,0,3.303,3.303,0,97,51199.219,13.906,24.314,OFF,OFF,OFF,OFF,OFF,OFF,OFF,Avail,Incmpl,Incmpl,Enable,Avail,408.200,254.700,408.200,254.700,ON,Avail,Compl,Enable,79,0,0,0,0,0,0,6,A,0,0,Avail,Incmpl,Incmpl,Enable,OFF,OFF,984,717,51199.219,51199.219,51199.219,51199.219,51199.219,51199.219,1GRFE ,33.725,Avail,Incmpl,Incmpl,Enable,7.996,OFF,OFF,OFF,OFF,ON,ON,Avail,Compl,Enable,Compl,CL,CL,Compl,Unable,Not Avl,Compl,Compl,Enable,OFF,130,15,557,ON,21.250,6.875,0.106,2377,6,21,-3,OFF,0.781,3.906,3.850,OFF,0,0,83,Avail,Compl,Enable,0,GRN2#  ,ON,0,ACTIVE,ACTIVE,0.967,0.947,0.680,0.680,65.168,59.656,Avail,Compl,Avail,Incmpl,Incmpl,Enable,OBD II (California ARB),OFF,OFF,29.626,0.500,0,1st,OFF,OFF,OFF,OFF,OFF,OFF,0.781,-0.781,ON,OFF,650,0,OFF,OFF,OFF,ON,Gasoline,0.989,OFF,OFF,0.684,ON,1.172,14.902,18,0,0.742,0.742,2.305,0.742,0.918,2.031,46.275,0,14.902,16,0.016,0.035,OFF,ECT 5th,NA,OFF,97.614,97.702,13.333,0,Not Avl,0,0,0,0,ON,ON,0,0,1
398,0,14.160,Not Avl,Compl,Compl,Unable,OFF,Not Avl,Compl,Compl,Unable,OFF,42.969,41.406,28.125,29.375,19.531,39.551,15.686,31.765,0.781,1.582,ON,0,OFF,ON,ON,0.999,0.999,0,0.004,3.303,3.308,0,97,51199.219,13.906,24.314,OFF,OFF,OFF,OFF,OFF,OFF,OFF,Avail,Incmpl,Incmpl,Enable,Avail,408.200,254.700,408.200,254.700,ON,Avail,Compl,Enable,79,0,0,0,0,0,0,6,A,0,0,Avail,Incmpl,Incmpl,Enable,OFF,OFF,985,718.750,51199.219,51199.219,51199.219,51199.219,51199.219,51199.219,1GRFE ,33.725,Avail,Incmpl,Incmpl,Enable,7.996,OFF,OFF,OFF,OFF,ON,ON,Avail,Compl,Enable,Compl,CL,CL,Compl,Unable,Not Avl,Compl,Compl,Enable,OFF,130,15,568,ON,21.250,6.875,0.107,2377,6,21,-3,OFF,0.781,3.906,3.790,OFF,0,0,83,Avail,Compl,Enable,0,GRN2#  ,ON,0,ACTIVE,ACTIVE,0.962,0.942,0.680,0.680,65.492,59.656,Avail,Compl,Avail,Incmpl,Incmpl,Enable,OBD II (California ARB),OFF,OFF,29.395,0.500,0,1st,OFF,OFF,OFF,OFF,OFF,OFF,0.781,-0.781,ON,OFF,650,0,OFF,OFF,OFF,ON,Gasoline,0.989,OFF,OFF,0.684,ON,1.172,14.902,18,0,0.742,0.742,2.305,0.742,0.918,2.031,46.275,0,14.902,16,0.016,0.035,OFF,ECT 5th,NA,OFF,97.614,97.658,13.333,0,Not Avl,0,0,0,0,ON,ON,0,0,1
399,0,14.141,Not Avl,Compl,Compl,Unable,OFF,Not Avl,Compl,Compl,Unable,OFF,40.625,39.844,28.125,29.375,19.531,39.551,15.686,31.765,0.781,1.582,ON,0,OFF,ON,ON,0.994,0.999,-0.012,0,3.279,3.303,0,97,51199.219,13.945,23.922,OFF,OFF,OFF,OFF,OFF,OFF,OFF,Avail,Incmpl,Incmpl,Enable,Avail,408.200,254.700,408.200,254.700,ON,Avail,Compl,Enable,79,0,0,0,0,0,0,6,A,0,0,Avail,Incmpl,Incmpl,Enable,OFF,OFF,985,717.750,51199.219,51199.219,51199.219,51199.219,51199.219,51199.219,1GRFE ,33.725,Avail,Incmpl,Incmpl,Enable,7.996,OFF,OFF,OFF,OFF,ON,ON,Avail,Compl,Enable,Compl,CL,CL,Compl,Unable,Not Avl,Compl,Compl,Enable,OFF,130,15,579,ON,21.250,6.875,0.107,2370,6,21,-3,OFF,0.781,3.906,3.840,OFF,0,0,83,Avail,Compl,Enable,0,GRN2#  ,ON,0,ACTIVE,ACTIVE,0.962,0.947,0.680,0.680,65.816,59.656,Avail,Compl,Avail,Incmpl,Incmpl,Enable,OBD II (California ARB),OFF,OFF,29.517,0.500,0,1st,OFF,OFF,OFF,OFF,OFF,OFF,0,-0.781,ON,OFF,650,0,OFF,OFF,OFF,ON,Gasoline,0.989,OFF,OFF,0.684,ON,1.172,14.902,18,0,0.742,0.742,2.305,0.742,0.918,2.031,46.275,0,14.902,16,0.016,0.035,OFF,ECT 5th,NA,OFF,97.636,97.724,13.333,0,Not Avl,0,0,0,0,ON,ON,0,0,1
400,0,14.167,Not Avl,Compl,Compl,Unable,OFF,Not Avl,Compl,Compl,Unable,OFF,39.062,38.281,28.125,29.375,19.531,39.551,15.686,31.765,0.781,1.582,ON,0,OFF,ON,ON,0.997,0.999,0.012,0.012,3.293,3.303,0,97,51199.219,13.906,23.922,OFF,OFF,OFF,OFF,OFF,OFF,OFF,Avail,Incmpl,Incmpl,Enable,Avail,408,254.500,408,254.500,ON,Avail,Compl,Enable,79,0,0,0,0,0,0,6,A,0,0,Avail,Incmpl,Incmpl,Enable,OFF,OFF,985,718.750,51199.219,51199.219,51199.219,51199.219,51199.219,51199.219,1GRFE ,33.725,Avail,Incmpl,Incmpl,Enable,7.996,OFF,OFF,OFF,OFF,ON,ON,Avail,Compl,Enable,Compl,CL,CL,Compl,Unable,Not Avl,Compl,Compl,Enable,OFF,130,15,590,ON,21.250,6.875,0.107,2351,6,21,-3,OFF,0.781,3.906,3.840,OFF,0,0,77,Avail,Compl,Enable,0,GRN2#  ,ON,0,ACTIVE,ACTIVE,0.962,0.942,0.680,0.680,65.168,59.332,Avail,Compl,Avail,Incmpl,Incmpl,Enable,OBD II (California ARB),OFF,OFF,29.517,0.500,0,1st,OFF,OFF,OFF,OFF,OFF,OFF,0.781,-0.781,ON,OFF,650,0,OFF,OFF,OFF,ON,Gasoline,0.990,OFF,OFF,0.684,ON,1.172,14.902,18,0,0.742,0.742,2.305,0.742,0.918,2.031,46.275,0,14.902,16,0.016,0.035,OFF,ECT 5th,NA,OFF,97.636,97.724,13.333,0,Not Avl,0,0,0,0,ON,ON,0,0,1
401,0,14.159,Not Avl,Compl,Compl,Unable,OFF,Not Avl,Compl,Compl,Unable,OFF,38.281,38.281,28.125,29.375,19.531,39.551,15.686,31.765,0.781,1.582,ON,0,OFF,ON,ON,0.999,0.999,0,0.004,3.303,3.308,0,97,51199.219,13.925,23.922,OFF,OFF,OFF,OFF,OFF,OFF,OFF,Avail,Incmpl,Incmpl,Enable,Avail,408,254.500,408,254.500,ON,Avail,Compl,Enable,79,0,0,0,0,0,0,6,A,0,0,Avail,Incmpl,Incmpl,Enable,OFF,OFF,985,710.750,51199.219,51199.219,51199.219,51199.219,51199.219,51199.219,1GRFE ,33.333,Avail,Incmpl,Incmpl,Enable,7.996,OFF,OFF,OFF,OFF,ON,ON,Avail,Compl,Enable,Compl,CL,CL,Compl,Unable,Not Avl,Compl,Compl,Enable,OFF,130,15,2,ON,21.250,6.875,0.107,2366,6,21,-3,OFF,0.781,3.906,3.820,OFF,0,0,77,Avail,Compl,Enable,0,GRN2#  ,ON,0,ACTIVE,ACTIVE,0.962,0.942,0.680,0.680,65.816,59.332,Avail,Compl,Avail,Incmpl,Incmpl,Enable,OBD II (California ARB),OFF,OFF,29.645,0.500,0,1st,OFF,OFF,OFF,OFF,OFF,OFF,0.781,-0.781,ON,OFF,650,0,OFF,OFF,OFF,ON,Gasoline,0.990,OFF,OFF,0.684,ON,1.172,14.902,18,0,0.742,0.742,2.305,0.742,0.918,2.031,46.275,0,14.902,16,0.016,0.035,OFF,ECT 5th,NA,OFF,97.592,97.482,13.333,0,Not Avl,0,0,0,0,ON,ON,0,0,1
402,0,14.149,Not Avl,Compl,Compl,Unable,OFF,Not Avl,Compl,Compl,Unable,OFF,38.281,38.281,28.125,29.375,19.531,39.551,15.686,31.765,0.781,1.582,ON,0,OFF,ON,ON,0.998,0.999,0,0.004,3.298,3.308,0,97,51199.219,13.906,24.314,OFF,OFF,OFF,OFF,OFF,OFF,OFF,Avail,Incmpl,Incmpl,Enable,Avail,408,254.500,408,254.500,ON,Avail,Compl,Enable,79,0,0,0,0,0,0,6,A,0,0,Avail,Incmpl,Incmpl,Enable,OFF,OFF,986,705.250,51199.219,51199.219,51199.219,51199.219,51199.219,51199.219,1GRFE ,33.333,Avail,Incmpl,Incmpl,Enable,7.996,OFF,OFF,OFF,OFF,ON,ON,Avail,Compl,Enable,Compl,CL,CL,Compl,Unable,Not Avl,Compl,Compl,Enable,OFF,130,15,13,ON,21.250,6.875,0.107,2359,6,21,-3,OFF,0.781,3.906,3.810,OFF,0,0,77,Avail,Compl,Enable,0,GRN2#  ,ON,0,ACTIVE,ACTIVE,0.962,0.947,0.680,0.680,65.492,59.332,Avail,Compl,Avail,Incmpl,Incmpl,Enable,OBD II (California ARB),OFF,OFF,29.395,0.500,0,1st,OFF,OFF,OFF,OFF,OFF,OFF,0.781,-0.781,ON,OFF,650,0,OFF,OFF,OFF,ON,Gasoline,0.990,OFF,OFF,0.684,ON,1.172,14.902,18,0,0.742,0.742,2.305,0.742,0.918,2.031,46.275,0,14.902,16,0.016,0.035,OFF,ECT 5th,NA,OFF,97.636,97.680,13.333,0,Not Avl,0,0,0,0,ON,ON,0,0,1
403,0,14.160,Not Avl,Compl,Compl,Unable,OFF,Not Avl,Compl,Compl,Unable,OFF,38.281,38.281,28.125,29.375,19.531,39.551,15.686,31.765,0.781,1.582,ON,0,OFF,ON,ON,1.000,0.999,0.012,0.004,3.318,3.308,0,97,51199.219,13.925,24.314,OFF,OFF,OFF,OFF,OFF,OFF,OFF,Avail,Incmpl,Incmpl,Enable,Avail,407.800,254.400,407.800,254.400,ON,Avail,Compl,Enable,79,0,0,0,0,0,0,6,A,0,0,Avail,Incmpl,Incmpl,Enable,OFF,OFF,986,719.500,51199.219,51199.219,51199.219,51199.219,51199.219,51199.219,1GRFE ,34.118,Avail,Incmpl,Incmpl,Enable,7.996,OFF,OFF,OFF,OFF,ON,ON,Avail,Compl,Enable,Compl,CL,CL,Compl,Unable,Not Avl,Compl,Compl,Enable,OFF,130,15,26,ON,21.250,6.875,0.106,2373,6,21,-3,OFF,0.781,3.906,3.790,OFF,0,0,74,Avail,Compl,Enable,0,GRN2#  ,ON,0,ACTIVE,ACTIVE,0.962,0.942,0.660,0.680,65.816,59.656,Avail,Compl,Avail,Incmpl,Incmpl,Enable,OBD II (California ARB),OFF,OFF,29.517,0.500,0,1st,OFF,OFF,OFF,OFF,OFF,OFF,0.781,-0.781,ON,OFF,650,0,OFF,OFF,OFF,ON,Gasoline,0.991,OFF,OFF,0.684,ON,1.172,14.902,18,0,0.742,0.742,2.305,0.742,0.918,2.031,46.275,0,14.902,16,0.016,0.035,OFF,ECT 5th,NA,OFF,97.592,97.504,13.333,0,Not Avl,0,0,0,0,ON,ON,0,0,1
404,0,14.159,Not Avl,Compl,Compl,Unable,OFF,Not Avl,Compl,Compl,Unable,OFF,38.281,38.281,28.125,29.375,19.531,39.551,15.686,31.765,0.781,1.582,ON,0,OFF,ON,ON,1.002,1.002,0.012,0.012,3.322,3.322,0,97,51199.219,13.925,24.314,OFF,OFF,OFF,OFF,OFF,OFF,OFF,Avail,Incmpl,Incmpl,Enable,Avail,407.800,254.400,407.800,254.400,ON,Avail,Compl,Enable,79,0,0,0,0,0,0,6,A,0,0,Avail,Incmpl,Incmpl,Enable,OFF,OFF,986,711.500,51199.219,51199.219,51199.219,51199.219,51199.219,51199.219,1GRFE ,33.725,Avail,Incmpl,Incmpl,Enable,7.996,OFF,OFF,OFF,OFF,ON,ON,Avail,Compl,Enable,Compl,CL,CL,Compl,Unable,Not Avl,Compl,Compl,Enable,OFF,130,15,37,ON,21.250,6.875,0.106,2363,6,21,-3,OFF,0.781,3.906,3.850,OFF,0,0,74,Avail,Compl,Enable,0,GRN2#  ,ON,0,ACTIVE,ACTIVE,0.962,0.947,0.680,0.680,66.465,59.656,Avail,Compl,Avail,Incmpl,Incmpl,Enable,OBD II (California ARB),OFF,OFF,29.395,0.500,0,1st,OFF,OFF,OFF,OFF,OFF,OFF,0.781,0,ON,OFF,650,0,OFF,OFF,OFF,ON,Gasoline,0.989,OFF,OFF,0.684,ON,1.172,14.902,18,0,0.742,0.742,2.305,0.742,0.918,2.031,46.275,0,14.902,16,0.016,0.035,OFF,ECT 5th,NA,OFF,97.614,97.680,13.725,0,Not Avl,0,0,0,0,ON,ON,0,0,1
405,0,14.159,Not Avl,Compl,Compl,Unable,OFF,Not Avl,Compl,Compl,Unable,OFF,38.281,38.281,28.125,29.375,19.531,39.551,15.686,31.765,0.781,1.582,ON,0,OFF,ON,ON,1.002,1.001,0.012,0.012,3.322,3.322,0,97,51199.219,13.906,24.314,OFF,OFF,OFF,OFF,OFF,OFF,OFF,Avail,Incmpl,Incmpl,Enable,Avail,407.800,254.400,407.800,254.400,ON,Avail,Compl,Enable,79,0,0,0,0,0,0,6,A,0,0,Avail,Incmpl,Incmpl,Enable,OFF,OFF,987,707,51199.219,51199.219,51199.219,51199.219,51199.219,51199.219,1GRFE ,33.725,Avail,Incmpl,Incmpl,Enable,7.996,OFF,OFF,OFF,OFF,ON,ON,Avail,Compl,Enable,Compl,CL,CL,Compl,Unable,Not Avl,Compl,Compl,Enable,OFF,130,15,51,ON,21.250,6.875,0.106,2380,6,21,-3,OFF,0.781,3.906,3.870,OFF,0,0,74,Avail,Compl,Enable,0,GRN2#  ,ON,0,ACTIVE,ACTIVE,0.962,0.942,0.680,0.680,65.816,59.332,Avail,Compl,Avail,Incmpl,Incmpl,Enable,OBD II (California ARB),OFF,OFF,29.395,0.500,0,1st,OFF,OFF,OFF,OFF,OFF,OFF,0.781,0,ON,OFF,650,0,OFF,OFF,OFF,ON,Gasoline,0.988,OFF,OFF,0.684,ON,1.172,14.902,18,0,0.742,0.742,2.305,0.742,0.918,2.031,46.275,0,14.902,16,0.016,0.035,OFF,ECT 5th,NA,OFF,97.636,97.724,13.725,0,Not Avl,0,0,0,0,ON,ON,0,0,1
406,0,14.159,Not Avl,Compl,Compl,Unable,OFF,Not Avl,Compl,Compl,Unable,OFF,47.656,38.281,28.125,29.375,19.531,39.551,15.686,31.765,0.781,1.582,ON,0,OFF,ON,ON,1.000,1.002,0.008,0.012,3.313,3.322,0,97,51199.219,13.925,24.314,OFF,OFF,OFF,OFF,OFF,OFF,OFF,Avail,Incmpl,Incmpl,Enable,Avail,407.600,254.200,407.600,254.200,ON,Avail,Compl,Enable,79,0,0,0,0,0,0,6,A,0,0,Avail,Incmpl,Incmpl,Enable,OFF,OFF,987,710.750,51199.219,51199.219,51199.219,51199.219,51199.219,51199.219,1GRFE ,33.725,Avail,Incmpl,Incmpl,Enable,7.996,OFF,OFF,OFF,OFF,ON,ON,Avail,Compl,Enable,Compl,CL,CL,Compl,Unable,Not Avl,Compl,Compl,Enable,OFF,130,15,64,ON,21.250,6.875,0.106,2381,6,21,-3,OFF,0.781,3.906,3.810,OFF,0,0,73,Avail,Compl,Enable,0,GRN2#  ,ON,0,ACTIVE,ACTIVE,0.962,0.947,0.680,0.680,65.168,59.332,Avail,Compl,Avail,Incmpl,Incmpl,Enable,OBD II (California ARB),OFF,OFF,29.395,0.500,0,1st,OFF,OFF,OFF,OFF,OFF,OFF,0.781,0,ON,OFF,650,0,OFF,OFF,OFF,ON,Gasoline,0.988,OFF,OFF,0.684,ON,1.172,14.902,18,0,0.742,0.742,2.305,0.742,0.918,2.031,46.275,0,14.902,16,0.016,0.035,OFF,ECT 5th,NA,OFF,97.636,97.746,13.333,0,Not Avl,0,0,0,0,ON,ON,0,0,1
407,0,14.174,Not Avl,Compl,Compl,Unable,OFF,Not Avl,Compl,Compl,Unable,OFF,53.906,38.281,28.125,29.375,19.531,39.551,15.686,31.765,0.781,1.582,ON,0,OFF,ON,ON,0.999,1.000,0.004,0.008,3.308,3.313,0,97,51199.219,13.906,24.314,OFF,OFF,OFF,OFF,OFF,OFF,OFF,Avail,Incmpl,Incmpl,Enable,Avail,407.600,254.200,407.600,254.200,ON,Avail,Compl,Enable,79,0,0,0,0,0,0,6,A,0,0,Avail,Incmpl,Incmpl,Enable,OFF,OFF,987,708.500,51199.219,51199.219,51199.219,51199.219,51199.219,51199.219,1GRFE ,33.725,Avail,Incmpl,Incmpl,Enable,7.996,OFF,OFF,OFF,OFF,ON,ON,Avail,Compl,Enable,Compl,CL,CL,Compl,Unable,Not Avl,Compl,Compl,Enable,OFF,130,15,77,ON,21.250,6.875,0.106,2384,6,21,-3,OFF,0.781,3.906,3.760,OFF,0,0,73,Avail,Compl,Enable,0,GRN2#  ,ON,0,ACTIVE,ACTIVE,0.962,0.942,0.680,0.680,65.492,59.656,Avail,Compl,Avail,Incmpl,Incmpl,Enable,OBD II (California ARB),OFF,OFF,29.626,0.500,0,1st,OFF,OFF,OFF,OFF,OFF,OFF,0.781,0,ON,OFF,650,0,OFF,OFF,OFF,ON,Gasoline,0.987,OFF,OFF,0.684,ON,1.172,14.902,18,0,0.742,0.742,2.305,0.742,0.918,2.031,46.275,0,14.902,16,0.016,0.035,OFF,ECT 5th,NA,OFF,97.614,97.614,13.333,0,Not Avl,0,0,0,0,ON,ON,0,0,1
408,0,14.158,Not Avl,Compl,Compl,Unable,OFF,Not Avl,Compl,Compl,Unable,OFF,56.250,38.281,28.125,29.375,19.531,39.551,15.686,31.765,0.781,1.582,ON,0,OFF,ON,ON,0.998,0.999,0,0,3.303,3.303,0,97,51199.219,13.925,24.314,OFF,OFF,OFF,OFF,OFF,OFF,OFF,Avail,Incmpl,Incmpl,Enable,Avail,407.600,254.200,407.600,254.200,ON,Avail,Compl,Enable,79,0,0,0,0,0,0,6,A,0,0,Avail,Incmpl,Incmpl,Enable,OFF,OFF,988,708.500,51199.219,51199.219,51199.219,51199.219,51199.219,51199.219,1GRFE ,33.725,Avail,Incmpl,Incmpl,Enable,7.996,OFF,OFF,OFF,OFF,ON,ON,Avail,Compl,Enable,Compl,CL,CL,Compl,Unable,Not Avl,Compl,Compl,Enable,OFF,130,15,90,ON,21.250,6.875,0.107,2388,6,21,-3,OFF,0.781,3.906,3.790,OFF,0,0,73,Avail,Compl,Enable,0,GRN2#  ,ON,0,ACTIVE,ACTIVE,0.962,0.947,0.660,0.680,65.492,59.656,Avail,Compl,Avail,Incmpl,Incmpl,Enable,OBD II (California ARB),OFF,OFF,29.279,0.500,0,1st,OFF,OFF,OFF,OFF,OFF,OFF,0.781,0,ON,OFF,650,0,OFF,OFF,OFF,ON,Gasoline,0.987,OFF,OFF,0.684,ON,1.172,14.902,18,0,0.742,0.742,2.305,0.742,0.918,2.031,46.275,0,14.902,16,0.016,0.039,OFF,ECT 5th,NA,OFF,97.636,97.746,13.333,0,Not Avl,0,0,0,0,ON,ON,0,0,1
409,0,14.159,Not Avl,Compl,Compl,Unable,OFF,Not Avl,Compl,Compl,Unable,OFF,57.812,46.875,28.125,29.375,19.531,39.551,15.686,31.765,0.781,1.582,ON,0,OFF,ON,ON,0.999,0.998,0.023,0.012,3.308,3.298,0,97,51199.219,13.906,24.314,OFF,OFF,OFF,OFF,OFF,OFF,OFF,Avail,Incmpl,Incmpl,Enable,Avail,407.400,254.100,407.400,254.100,ON,Avail,Compl,Enable,79,0,0,0,0,0,0,6,A,0,0,Avail,Incmpl,Incmpl,Enable,OFF,OFF,988,717.750,51199.219,51199.219,51199.219,51199.219,51199.219,51199.219,1GRFE ,33.333,Avail,Incmpl,Incmpl,Enable,7.996,OFF,OFF,OFF,OFF,ON,ON,Avail,Compl,Enable,Compl,CL,CL,Compl,Unable,Not Avl,Compl,Compl,Enable,OFF,130,15,105,ON,21.250,6.875,0.107,2380,6,21,-3,OFF,0.781,3.906,3.810,OFF,0,0,82,Avail,Compl,Enable,0,GRN2#  ,ON,0,ACTIVE,ACTIVE,0.962,0.947,0.660,0.680,65.492,59.656,Avail,Compl,Avail,Incmpl,Incmpl,Enable,OBD II (California ARB),OFF,OFF,29.395,0.500,0,1st,OFF,OFF,OFF,OFF,OFF,OFF,0.781,0,ON,OFF,650,0,OFF,OFF,OFF,ON,Gasoline,0.987,OFF,OFF,0.684,ON,1.172,14.902,18,0,0.742,0.742,2.305,0.742,0.918,2.031,46.275,0,14.902,16,0.016,0.039,OFF,ECT 5th,NA,OFF,97.614,97.548,13.333,0,Not Avl,0,0,0,0,ON,ON,0,0,1
410,0,14.143,Not Avl,Compl,Compl,Unable,OFF,Not Avl,Compl,Compl,Unable,OFF,48.438,50,28.125,29.375,19.531,39.551,15.686,31.765,0.781,1.582,ON,0,OFF,ON,ON,0.998,0.998,0,0,3.298,3.303,0,97,51199.219,13.925,24.314,OFF,OFF,OFF,OFF,OFF,OFF,OFF,Avail,Incmpl,Incmpl,Enable,Avail,407.400,254.100,407.400,254.100,ON,Avail,Compl,Enable,79,0,0,0,0,0,0,6,A,0,0,Avail,Incmpl,Incmpl,Enable,OFF,OFF,989,713.250,51199.219,51199.219,51199.219,51199.219,51199.219,51199.219,1GRFE ,33.725,Avail,Incmpl,Incmpl,Enable,7.996,OFF,OFF,OFF,OFF,ON,ON,Avail,Compl,Enable,Compl,CL,CL,Compl,Unable,Not Avl,Compl,Compl,Enable,OFF,130,15,119,ON,21.250,6.875,0.107,2373,6,21,-3,OFF,0.781,3.906,3.810,OFF,0,0,82,Avail,Compl,Enable,0,GRN2#  ,ON,0,ACTIVE,ACTIVE,0.962,0.947,0.660,0.680,65.816,59.656,Avail,Compl,Avail,Incmpl,Incmpl,Enable,OBD II (California ARB),OFF,OFF,29.517,0.500,0,1st,OFF,OFF,OFF,OFF,OFF,OFF,0.781,0,ON,OFF,650,0,OFF,OFF,OFF,ON,Gasoline,0.986,OFF,OFF,0.684,ON,1.172,14.902,18,0,0.742,0.742,2.305,0.742,0.918,2.031,46.275,0,14.902,16,0.020,0.039,OFF,ECT 5th,NA,OFF,97.614,97.680,13.333,0,Not Avl,0,0,0,0,ON,ON,0,0,1
411,0,14.161,Not Avl,Compl,Compl,Unable,OFF,Not Avl,Compl,Compl,Unable,OFF,41.406,54.688,28.125,29.375,19.531,39.551,15.686,31.765,0.781,1.582,ON,0,OFF,ON,ON,1.000,0.999,0.008,0.004,3.313,3.308,0,97,51199.219,13.906,23.922,OFF,OFF,OFF,OFF,OFF,OFF,OFF,Avail,Incmpl,Incmpl,Enable,Avail,407.200,253.900,407.200,253.900,ON,Avail,Compl,Enable,79,0,0,0,0,0,0,6,A,0,0,Avail,Incmpl,Incmpl,Enable,OFF,OFF,989,719.500,51199.219,51199.219,51199.219,51199.219,51199.219,51199.219,1GRFE ,33.725,Avail,Incmpl,Incmpl,Enable,7.996,OFF,OFF,OFF,OFF,ON,ON,Avail,Compl,Enable,Compl,CL,CL,Compl,Unable,Not Avl,Compl,Compl,Enable,OFF,130,15,132,ON,21.250,6.875,0.107,2355,6,21,-3,OFF,0.781,3.906,3.820,OFF,0,0,82,Avail,Compl,Enable,0,GRN2#  ,ON,0,ACTIVE,ACTIVE,0.967,0.947,0.660,0.680,65.492,59.656,Avail,Compl,Avail,Incmpl,Incmpl,Enable,OBD II (California ARB),OFF,OFF,29.645,0.500,0,1st,OFF,OFF,OFF,OFF,OFF,OFF,0.781,0,ON,OFF,650,0,OFF,OFF,OFF,ON,Gasoline,0.987,OFF,OFF,0.684,ON,1.172,14.902,18,0,0.742,0.742,2.305,0.742,0.918,2.031,46.275,0,14.902,16,0.020,0.039,OFF,ECT 5th,NA,OFF,97.592,97.504,13.333,0,Not Avl,0,0,0,0,ON,ON,0,0,1
412,0,14.159,Not Avl,Compl,Compl,Unable,OFF,Not Avl,Compl,Compl,Unable,OFF,39.062,51.562,28.125,29.375,19.531,39.551,15.686,31.765,0.781,1.582,ON,0,OFF,ON,ON,0.999,0.999,0,0,3.303,3.303,0,97,51199.219,13.886,23.922,OFF,OFF,OFF,OFF,OFF,OFF,OFF,Avail,Incmpl,Incmpl,Enable,Avail,407.200,253.900,407.200,253.900,ON,Avail,Compl,Enable,79,0,0,0,0,0,0,6,A,0,0,Avail,Incmpl,Incmpl,Enable,OFF,OFF,989,718.750,51199.219,51199.219,51199.219,51199.219,51199.219,51199.219,1GRFE ,33.725,Avail,Incmpl,Incmpl,Enable,7.996,OFF,OFF,OFF,OFF,ON,ON,Avail,Compl,Enable,Compl,CL,CL,Compl,Unable,Not Avl,Compl,Compl,Enable,OFF,130,15,148,ON,21.250,6.875,0.106,2359,6,21,-3,OFF,0.781,3.906,3.840,OFF,0,0,80,Avail,Compl,Enable,0,GRN2#  ,ON,0,ACTIVE,ACTIVE,0.962,0.942,0.660,0.680,65.492,59.656,Avail,Compl,Avail,Incmpl,Incmpl,Enable,OBD II (California ARB),OFF,OFF,29.395,0.500,0,1st,OFF,OFF,OFF,OFF,OFF,OFF,0.781,0,ON,OFF,650,0,OFF,OFF,OFF,ON,Gasoline,0.987,OFF,OFF,0.684,ON,1.172,14.902,18,0,0.742,0.742,2.305,0.742,0.918,2.031,46.275,0,14.902,16,0.020,0.039,OFF,ECT 5th,NA,OFF,97.658,97.768,13.333,0,Not Avl,0,0,0,0,ON,ON,0,0,1
413,0,14.159,Not Avl,Compl,Compl,Unable,OFF,Not Avl,Compl,Compl,Unable,OFF,38.281,42.969,28.125,29.375,19.531,39.551,15.686,31.765,0.781,1.582,ON,0,OFF,ON,ON,1.000,1.000,0.008,0.008,3.313,3.313,0,97,51199.219,13.925,23.922,OFF,OFF,OFF,OFF,OFF,OFF,OFF,Avail,Incmpl,Incmpl,Enable,Avail,407.200,253.900,407.200,253.900,ON,Avail,Compl,Enable,79,0,0,0,0,0,0,6,A,0,0,Avail,Incmpl,Incmpl,Enable,OFF,OFF,990,716.250,51199.219,51199.219,51199.219,51199.219,51199.219,51199.219,1GRFE ,33.725,Avail,Incmpl,Incmpl,Enable,7.996,OFF,OFF,OFF,OFF,ON,ON,Avail,Compl,Enable,Compl,CL,CL,Compl,Unable,Not Avl,Compl,Compl,Enable,OFF,130,15,162,ON,21.250,6.875,0.106,2362,6,21,-3,OFF,0.781,3.906,3.820,OFF,0,0,80,Avail,Compl,Enable,0,GRN2#  ,ON,0,ACTIVE,ACTIVE,0.962,0.947,0.660,0.680,65.492,59.332,Avail,Compl,Avail,Incmpl,Incmpl,Enable,OBD II (California ARB),OFF,OFF,29.279,0.500,0,1st,OFF,OFF,OFF,OFF,OFF,OFF,0.781,0,ON,OFF,650,0,OFF,OFF,OFF,ON,Gasoline,0.985,OFF,OFF,0.684,ON,1.172,14.902,18,0,0.742,0.742,2.305,0.742,0.918,2.031,46.275,0,14.902,16,0.020,0.039,OFF,ECT 5th,NA,OFF,97.636,97.658,13.333,0,Not Avl,0,0,0,0,ON,ON,0,0,1
414,0,14.160,Not Avl,Compl,Compl,Unable,OFF,Not Avl,Compl,Compl,Unable,OFF,38.281,39.844,28.125,29.375,19.531,39.551,15.686,31.765,0.781,1.582,ON,0,OFF,ON,ON,0.997,1.001,0,0.008,3.298,3.313,0,97,51199.219,13.906,24.314,OFF,OFF,OFF,OFF,OFF,OFF,OFF,Avail,Incmpl,Incmpl,Enable,Avail,407,253.700,407,253.700,ON,Avail,Compl,Enable,79,0,0,0,0,0,0,6,A,0,0,Avail,Incmpl,Incmpl,Enable,OFF,OFF,990,714,51199.219,51199.219,51199.219,51199.219,51199.219,51199.219,1GRFE ,33.725,Avail,Incmpl,Incmpl,Enable,7.996,OFF,OFF,OFF,OFF,ON,ON,Avail,Compl,Enable,Compl,CL,CL,Compl,Unable,Not Avl,Compl,Compl,Enable,OFF,130,15,175,ON,21.250,6.875,0.106,2366,6,21,-3,OFF,0.781,3.906,3.790,OFF,0,0,76,Avail,Compl,Enable,0,GRN2#  ,ON,0,ACTIVE,ACTIVE,0.962,0.947,0.660,0.680,65.816,59.332,Avail,Compl,Avail,Incmpl,Incmpl,Enable,OBD II (California ARB),OFF,OFF,29.395,0.500,0,1st,OFF,OFF,OFF,OFF,OFF,OFF,0.781,0,ON,OFF,650,0,OFF,OFF,OFF,ON,Gasoline,0.985,OFF,OFF,0.684,ON,1.172,14.902,18,0,0.742,0.742,2.305,0.742,0.918,2.031,46.275,0,14.902,16,0.020,0.039,OFF,ECT 5th,NA,OFF,97.658,97.746,13.333,0,Not Avl,0,0,0,0,ON,ON,0,0,1
415,0,14.159,Not Avl,Compl,Compl,Unable,OFF,Not Avl,Compl,Compl,Unable,OFF,38.281,38.281,28.125,29.375,19.531,39.551,15.686,31.765,0.781,1.582,ON,0,OFF,ON,ON,1.001,1.000,0.012,0.008,3.318,3.313,0,97,51199.219,13.906,23.922,OFF,OFF,OFF,OFF,OFF,OFF,OFF,Avail,Incmpl,Incmpl,Enable,Avail,407,253.700,407,253.700,ON,Avail,Compl,Enable,79,0,0,0,0,0,0,6,A,0,0,Avail,Incmpl,Incmpl,Enable,OFF,OFF,991,714,51199.219,51199.219,51199.219,51199.219,51199.219,51199.219,1GRFE ,33.333,Avail,Incmpl,Incmpl,Enable,7.996,OFF,OFF,OFF,OFF,ON,ON,Avail,Compl,Enable,Compl,CL,CL,Compl,Unable,Not Avl,Compl,Compl,Enable,OFF,130,15,188,ON,21.250,6.875,0.106,2384,6,21,-3,OFF,0.781,3.906,3.890,OFF,0,0,76,Avail,Compl,Enable,0,GRN2#  ,ON,0,ACTIVE,ACTIVE,0.962,0.947,0.660,0.680,65.816,59.656,Avail,Compl,Avail,Incmpl,Incmpl,Enable,OBD II (California ARB),OFF,OFF,29.761,0.500,0,1st,OFF,OFF,OFF,OFF,OFF,OFF,0.781,0,ON,OFF,650,0,OFF,OFF,OFF,ON,Gasoline,0.986,OFF,OFF,0.684,ON,1.172,14.902,18,0,0.742,0.742,2.305,0.742,0.918,2.031,46.275,0,14.902,16,0.020,0.039,OFF,ECT 5th,NA,OFF,97.636,97.680,13.725,0,Not Avl,0,0,0,0,ON,ON,0,0,1
416,0,14.150,Not Avl,Compl,Compl,Unable,OFF,Not Avl,Compl,Compl,Unable,OFF,38.281,38.281,28.125,29.375,19.531,39.551,15.686,31.765,0.781,1.582,ON,0,OFF,ON,ON,0.999,1.000,0.004,0.004,3.308,3.308,0,97,51199.219,13.906,23.922,OFF,OFF,OFF,OFF,OFF,OFF,OFF,Avail,Incmpl,Incmpl,Enable,Avail,407,253.700,407,253.700,ON,Avail,Compl,Enable,79,0,0,0,0,0,0,6,A,0,0,Avail,Incmpl,Incmpl,Enable,OFF,OFF,991,714,51199.219,51199.219,51199.219,51199.219,51199.219,51199.219,1GRFE ,33.725,Avail,Incmpl,Incmpl,Enable,7.996,OFF,OFF,OFF,OFF,ON,ON,Avail,Compl,Enable,Compl,CL,CL,Compl,Unable,Not Avl,Compl,Compl,Enable,OFF,130,15,199,ON,21.250,6.875,0.106,2377,6,21,-3,OFF,0.781,3.906,3.850,OFF,0,0,76,Avail,Compl,Enable,0,GRN2#  ,ON,0,ACTIVE,ACTIVE,0.962,0.942,0.660,0.680,65.816,59.332,Avail,Compl,Avail,Incmpl,Incmpl,Enable,OBD II (California ARB),OFF,OFF,29.761,0.500,0,1st,OFF,OFF,OFF,OFF,OFF,OFF,0.781,0,ON,OFF,650,0,OFF,OFF,OFF,ON,Gasoline,0.986,OFF,OFF,0.684,ON,1.172,14.902,18,0,0.742,0.742,2.305,0.742,0.918,2.031,46.275,0,14.902,16,0.020,0.039,OFF,ECT 5th,NA,OFF,97.636,97.746,13.333,0,Not Avl,0,0,0,0,ON,ON,0,0,1
417,0,14.158,Not Avl,Compl,Compl,Unable,OFF,Not Avl,Compl,Compl,Unable,OFF,38.281,38.281,28.125,29.375,19.531,39.551,15.686,31.765,0.781,1.582,ON,0,OFF,ON,ON,0.997,0.998,0,0,3.298,3.298,0,97,51199.219,13.925,24.314,OFF,OFF,OFF,OFF,OFF,OFF,OFF,Avail,Incmpl,Incmpl,Enable,Avail,406.800,253.600,406.800,253.600,ON,Avail,Compl,Enable,79,0,0,0,0,0,0,6,A,0,0,Avail,Incmpl,Incmpl,Enable,OFF,OFF,991,714.750,51199.219,51199.219,51199.219,51199.219,51199.219,51199.219,1GRFE ,33.725,Avail,Incmpl,Incmpl,Enable,7.996,OFF,OFF,OFF,OFF,ON,ON,Avail,Compl,Enable,Compl,CL,CL,Compl,Unable,Not Avl,Compl,Compl,Enable,OFF,130,15,210,ON,21.250,6.875,0.106,2369,6,21,-3,OFF,0.781,3.906,3.810,OFF,0,0,81,Avail,Compl,Enable,0,GRN2#  ,ON,0,ACTIVE,ACTIVE,0.962,0.947,0.660,0.680,65.492,59.332,Avail,Compl,Avail,Incmpl,Incmpl,Enable,OBD II (California ARB),OFF,OFF,29.517,0.500,0,1st,OFF,OFF,OFF,OFF,OFF,OFF,0.781,0,ON,OFF,650,0,OFF,OFF,OFF,ON,Gasoline,0.985,OFF,OFF,0.684,ON,1.172,14.902,18,0,0.742,0.742,2.305,0.742,0.918,2.031,46.275,0,14.902,16,0.020,0.039,OFF,ECT 5th,NA,OFF,97.592,97.460,13.333,0,Not Avl,0,0,0,0,ON,ON,0,0,1
418,0,14.160,Not Avl,Compl,Compl,Unable,OFF,Not Avl,Compl,Compl,Unable,OFF,42.969,38.281,28.125,29.375,19.531,39.551,15.686,31.765,0.781,1.582,ON,0,OFF,ON,ON,0.997,0.995,0.012,0.004,3.298,3.283,0,97,51199.219,13.925,23.922,OFF,OFF,OFF,OFF,OFF,OFF,OFF,Avail,Incmpl,Incmpl,Enable,Avail,406.800,253.600,406.800,253.600,ON,Avail,Compl,Enable,79,0,0,0,0,0,0,6,A,0,0,Avail,Incmpl,Incmpl,Enable,OFF,OFF,991,712.500,51199.219,51199.219,51199.219,51199.219,51199.219,51199.219,1GRFE ,33.333,Avail,Incmpl,Incmpl,Enable,7.996,OFF,OFF,OFF,OFF,ON,ON,Avail,Compl,Enable,Compl,CL,CL,Compl,Unable,Not Avl,Compl,Compl,Enable,OFF,130,15,220,ON,21.250,6.875,0.106,2380,6,21,-3,OFF,0.781,3.906,3.810,OFF,0,0,81,Avail,Compl,Enable,0,GRN2#  ,ON,0,ACTIVE,ACTIVE,0.962,0.942,0.660,0.680,65.492,59.656,Avail,Compl,Avail,Incmpl,Incmpl,Enable,OBD II (California ARB),OFF,OFF,29.395,0.500,0,1st,OFF,OFF,OFF,OFF,OFF,OFF,0.781,0,ON,OFF,650,0,OFF,OFF,OFF,ON,Gasoline,0.985,OFF,OFF,0.684,ON,1.172,14.902,18,0,0.742,0.742,2.305,0.742,0.918,2.031,46.275,0,14.902,16,0.020,0.039,OFF,ECT 5th,NA,OFF,97.614,97.636,13.333,0,Not Avl,0,0,0,0,ON,ON,0,0,1
419,0,14.160,Not Avl,Compl,Compl,Unable,OFF,Not Avl,Compl,Compl,Unable,OFF,52.344,38.281,28.125,29.375,19.531,39.551,15.686,31.765,0.781,1.582,ON,0,OFF,ON,ON,0.994,0.996,-0.012,0,3.279,3.293,0,97,51199.219,13.906,23.922,OFF,OFF,OFF,OFF,OFF,OFF,OFF,Avail,Incmpl,Incmpl,Enable,Avail,406.800,253.600,406.800,253.600,ON,Avail,Compl,Enable,79,0,0,0,0,0,0,6,A,0,0,Avail,Incmpl,Incmpl,Enable,OFF,OFF,992,719.500,51199.219,51199.219,51199.219,51199.219,51199.219,51199.219,1GRFE ,33.725,Avail,Incmpl,Incmpl,Enable,7.996,OFF,OFF,OFF,OFF,ON,ON,Avail,Compl,Enable,Compl,CL,CL,Compl,Unable,Not Avl,Compl,Compl,Enable,OFF,130,15,231,ON,21.250,6.875,0.106,2366,6,21,-3,OFF,0.781,3.906,3.820,OFF,0,0,81,Avail,Compl,Enable,0,GRN2#  ,ON,0,ACTIVE,ACTIVE,0.962,0.947,0.660,0.680,65.492,59.656,Avail,Compl,Avail,Incmpl,Incmpl,Enable,OBD II (California ARB),OFF,OFF,29.395,0.500,0,1st,OFF,OFF,OFF,OFF,OFF,OFF,0.781,0,ON,OFF,650,0,OFF,OFF,OFF,ON,Gasoline,0.987,OFF,OFF,0.684,ON,1.172,14.902,18,0,0.742,0.742,2.305,0.742,0.918,2.031,46.275,0,14.902,16,0.020,0.039,OFF,ECT 5th,NA,OFF,97.614,97.614,13.333,0,Not Avl,0,0,0,0,ON,ON,0,0,1
420,0,14.159,Not Avl,Compl,Compl,Unable,OFF,Not Avl,Compl,Compl,Unable,OFF,55.469,38.281,28.125,29.375,19.531,39.551,15.686,31.765,0.781,1.582,ON,0,OFF,ON,ON,0.997,0.997,0,0,3.298,3.293,0,97,51199.219,13.906,23.922,OFF,OFF,OFF,OFF,OFF,OFF,OFF,Avail,Incmpl,Incmpl,Enable,Avail,406.800,253.600,406.800,253.600,ON,Avail,Compl,Enable,79,0,0,0,0,0,0,6,A,0,0,Avail,Incmpl,Incmpl,Enable,OFF,OFF,992,721,51199.219,51199.219,51199.219,51199.219,51199.219,51199.219,1GRFE ,33.725,Avail,Incmpl,Incmpl,Enable,7.996,OFF,OFF,OFF,OFF,ON,ON,Avail,Compl,Enable,Compl,CL,CL,Compl,Unable,Not Avl,Compl,Compl,Enable,OFF,130,15,242,ON,21.250,6.875,0.106,2366,6,21,-3,OFF,0.781,3.906,3.840,OFF,0,0,81,Avail,Compl,Enable,0,GRN2#  ,ON,0,ACTIVE,ACTIVE,0.962,0.947,0.660,0.680,65.492,59.656,Avail,Compl,Avail,Incmpl,Incmpl,Enable,OBD II (California ARB),OFF,OFF,29.517,0.500,0,1st,OFF,OFF,OFF,OFF,OFF,OFF,0.781,0,ON,OFF,650,0,OFF,OFF,OFF,ON,Gasoline,0.987,OFF,OFF,0.684,ON,1.172,14.902,18,0,0.742,0.742,2.305,0.742,0.918,2.031,46.275,0,14.902,16,0.020,0.039,OFF,ECT 5th,NA,OFF,97.614,97.482,13.333,0,Not Avl,0,0,0,0,ON,ON,0,0,1
421,0,14.149,Not Avl,Compl,Compl,Unable,OFF,Not Avl,Compl,Compl,Unable,OFF,57.031,38.281,28.750,29.375,19.531,39.551,15.686,31.765,0.781,1.582,ON,0,OFF,ON,ON,0.999,0.998,0.004,0,3.308,3.298,0,97,51199.219,13.906,23.922,OFF,OFF,OFF,OFF,OFF,OFF,OFF,Avail,Incmpl,Incmpl,Enable,Avail,406.600,253.400,406.600,253.400,ON,Avail,Compl,Enable,79,0,0,0,0,0,0,6,A,0,0,Avail,Incmpl,Incmpl,Enable,OFF,OFF,992,715.500,51199.219,51199.219,51199.219,51199.219,51199.219,51199.219,1GRFE ,33.333,Avail,Incmpl,Incmpl,Enable,7.996,OFF,OFF,OFF,OFF,ON,ON,Avail,Compl,Enable,Compl,CL,CL,Compl,Unable,Not Avl,Compl,Compl,Enable,OFF,130,15,253,ON,21.250,6.875,0.106,2373,6,21,-3,OFF,0.781,3.906,3.820,OFF,0,0,78,Avail,Compl,Enable,0,GRN2#  ,ON,0,ACTIVE,ACTIVE,0.962,0.947,0.660,0.680,65.816,59.656,Avail,Compl,Avail,Incmpl,Incmpl,Enable,OBD II (California ARB),OFF,OFF,29.150,0.500,0,1st,OFF,OFF,OFF,OFF,OFF,OFF,0.781,0,ON,OFF,650,0,OFF,OFF,OFF,ON,Gasoline,0.987,OFF,OFF,0.684,ON,1.172,14.902,18,0,0.742,0.742,2.305,0.742,0.918,2.031,46.275,0,14.902,16,0.020,0.039,OFF,ECT 5th,NA,OFF,97.636,97.614,13.333,0,Not Avl,0,0,0,0,ON,ON,0,0,1
422,0,14.160,Not Avl,Compl,Compl,Unable,OFF,Not Avl,Compl,Compl,Unable,OFF,57.812,38.281,28.750,29.375,19.531,39.551,16.078,31.765,0.801,1.582,ON,0,OFF,ON,ON,0.999,0.999,0,0,3.303,3.303,0,97,51199.219,13.925,23.922,OFF,OFF,OFF,OFF,OFF,OFF,OFF,Avail,Incmpl,Incmpl,Enable,Avail,406.600,253.400,406.600,253.400,ON,Avail,Compl,Enable,79,0,0,0,0,0,0,6,A,0,0,Avail,Incmpl,Incmpl,Enable,OFF,OFF,993,721.750,51199.219,51199.219,51199.219,51199.219,51199.219,51199.219,1GRFE ,33.725,Avail,Incmpl,Incmpl,Enable,7.996,OFF,OFF,OFF,OFF,ON,ON,Avail,Compl,Enable,Compl,CL,CL,Compl,Unable,Not Avl,Compl,Compl,Enable,OFF,130,15,264,ON,21.250,6.875,0.106,2373,6,21,-3,OFF,0.781,3.906,3.810,OFF,0,0,78,Avail,Compl,Enable,0,GRN2#  ,ON,0,ACTIVE,ACTIVE,0.962,0.942,0.660,0.680,65.816,59.656,Avail,Compl,Avail,Incmpl,Incmpl,Enable,OBD II (California ARB),OFF,OFF,29.395,0.500,0,1st,OFF,OFF,OFF,OFF,OFF,OFF,0.781,0,ON,OFF,650,0,OFF,OFF,OFF,ON,Gasoline,0.987,OFF,OFF,0.684,ON,1.172,14.902,18,0,0.742,0.742,2.305,0.742,0.918,2.031,46.275,0,14.902,16,0.020,0.039,OFF,ECT 5th,NA,OFF,97.658,97.768,13.333,0,Not Avl,0,0,0,0,ON,ON,0,0,1
423,0,14.141,Not Avl,Compl,Compl,Unable,OFF,Not Avl,Compl,Compl,Unable,OFF,57.812,38.281,28.125,29.375,20.508,40.039,17.647,33.333,0.859,1.641,ON,0.214,OFF,ON,ON,0.999,0.998,0,0,3.303,3.303,0,97,51199.219,13.925,23.922,OFF,OFF,OFF,OFF,OFF,OFF,OFF,Avail,Incmpl,Incmpl,Enable,Avail,406.600,253.400,406.600,253.400,ON,Avail,Compl,Enable,79,0,0,0,0,0,0,6,A,0,0,Avail,Incmpl,Incmpl,Enable,OFF,OFF,993,713.250,51199.219,51199.219,51199.219,51199.219,51199.219,51199.219,1GRFE ,33.725,Avail,Incmpl,Incmpl,Enable,7.996,OFF,OFF,OFF,OFF,ON,ON,Avail,Compl,Enable,Compl,CL,CL,Compl,Unable,Not Avl,Compl,Compl,Enable,OFF,130,15,276,ON,21.250,6.875,0.106,2370,6,21,-3,OFF,0.781,3.906,3.810,OFF,0,0,78,Avail,Compl,Enable,0,GRN2#  ,ON,0,ACTIVE,ACTIVE,0.962,0.947,0.680,0.680,65.816,59.656,Avail,Compl,Avail,Incmpl,Incmpl,Enable,OBD II (California ARB),OFF,OFF,29.517,0.500,0,1st,OFF,OFF,OFF,OFF,OFF,OFF,0.781,0,ON,OFF,650,0,OFF,OFF,OFF,ON,Gasoline,0.987,OFF,OFF,0.684,ON,1.172,14.902,18,0,0.742,0.742,2.305,0.742,0.918,2.031,46.275,0,14.902,16,0.020,0.039,OFF,ECT 5th,NA,OFF,97.592,97.482,13.333,0,Not Avl,0,0,0,0,ON,ON,0,0,1
424,0,14.169,Not Avl,Compl,Compl,Unable,OFF,Not Avl,Compl,Compl,Unable,OFF,48.438,38.281,28.750,29.375,20.508,40.039,17.255,32.941,0.859,1.641,OFF,0,OFF,ON,ON,0.996,0.998,0,0,3.293,3.303,0,97,51199.219,13.906,24.314,OFF,OFF,OFF,OFF,OFF,OFF,OFF,Avail,Incmpl,Incmpl,Enable,Avail,406.400,253.300,406.400,253.300,ON,Avail,Compl,Enable,79,0,0,0,0,0,0,6,A,0,0,Avail,Incmpl,Incmpl,Enable,OFF,OFF,993,708.500,51199.219,51199.219,51199.219,51199.219,51199.219,51199.219,1GRFE ,33.725,Avail,Incmpl,Incmpl,Enable,7.996,OFF,OFF,OFF,OFF,ON,ON,Avail,Compl,Enable,Compl,CL,CL,Compl,Unable,Not Avl,Compl,Compl,Enable,OFF,130,15,286,ON,21.250,6.875,0.106,2381,6,21,-3,OFF,0.781,3.906,3.840,OFF,0,0,77,Avail,Compl,Enable,0,GRN2#  ,ON,0,ACTIVE,ACTIVE,0.962,0.942,0.660,0.680,65.492,59.656,Avail,Compl,Avail,Incmpl,Incmpl,Enable,OBD II (California ARB),OFF,OFF,29.279,0.500,0,1st,OFF,OFF,OFF,OFF,OFF,OFF,0.781,0,ON,OFF,650,0,OFF,OFF,OFF,ON,Gasoline,0.987,OFF,OFF,0.684,ON,1.172,14.902,18,0,0.742,0.742,2.305,0.742,0.918,2.031,46.275,0,14.902,16,0.020,0.039,OFF,ECT 5th,NA,OFF,97.614,97.570,13.725,0,Not Avl,0,0,0,0,ON,ON,0,0,1
425,0,14.159,Not Avl,Compl,Compl,Unable,OFF,Not Avl,Compl,Compl,Unable,OFF,40.625,52.344,28.750,29.375,20.508,40.039,17.647,33.333,0.879,1.660,OFF,0.873,OFF,ON,ON,0.996,0.999,-0.004,0.004,3.288,3.308,0,97,51199.219,13.906,24.314,OFF,OFF,OFF,OFF,OFF,OFF,OFF,Avail,Incmpl,Incmpl,Enable,Avail,406.400,253.300,406.400,253.300,ON,Avail,Compl,Enable,79,0,0,0,0,0,0,6,A,0,0,Avail,Incmpl,Incmpl,Enable,OFF,OFF,994,716.250,51199.219,51199.219,51199.219,51199.219,51199.219,51199.219,1GRFE ,33.725,Avail,Incmpl,Incmpl,Enable,7.996,OFF,OFF,OFF,OFF,ON,ON,Avail,Compl,Enable,Compl,CL,CL,Compl,Unable,Not Avl,Compl,Compl,Enable,OFF,130,15,302,ON,21.250,6.875,0.106,2362,6,21,-3,OFF,0.781,3.906,3.820,OFF,0,0,77,Avail,Compl,Enable,0,GRN2#  ,ON,0,ACTIVE,ACTIVE,0.962,0.942,0.660,0.680,65.816,59.656,Avail,Compl,Avail,Incmpl,Incmpl,Enable,OBD II (California ARB),OFF,OFF,29.645,0.500,0,1st,OFF,OFF,OFF,OFF,OFF,OFF,0.781,0,ON,OFF,650,0,OFF,OFF,OFF,ON,Gasoline,0.988,OFF,OFF,0.684,ON,1.172,14.902,18,0,0.742,0.742,2.305,0.742,0.918,2.031,46.275,0,14.902,16,0.020,0.039,OFF,ECT 5th,NA,OFF,97.592,97.460,13.333,0,Not Avl,0,0,0,0,ON,ON,0,0,1
426,0,14.158,Not Avl,Compl,Compl,Unable,OFF,Not Avl,Compl,Compl,Unable,OFF,39.062,45.312,28.750,29.375,20.508,40.039,18.431,33.725,0.898,1.680,OFF,2.167,OFF,ON,ON,0.997,0.997,0,0,3.293,3.298,0,97,51199.219,13.906,24.314,OFF,OFF,OFF,OFF,OFF,OFF,OFF,Avail,Incmpl,Incmpl,Enable,Avail,406.400,253.300,406.400,253.300,ON,Avail,Compl,Enable,79,0,0,0,0,0,0,6,A,0,0,Avail,Incmpl,Incmpl,Enable,OFF,OFF,994,721,51199.219,51199.219,51199.219,51199.219,51199.219,51199.219,1GRFE ,33.725,Avail,Incmpl,Incmpl,Enable,7.996,OFF,OFF,OFF,OFF,ON,ON,Avail,Compl,Enable,Compl,CL,CL,Compl,Unable,Not Avl,Compl,Compl,Enable,OFF,130,15,315,ON,21.250,6.875,0.106,2359,6,21,-3,OFF,0.781,3.906,3.870,OFF,0,0,77,Avail,Compl,Enable,0,GRN2#  ,ON,0,ACTIVE,ACTIVE,0.962,0.942,0.660,0.680,65.816,59.656,Avail,Compl,Avail,Incmpl,Incmpl,Enable,OBD II (California ARB),OFF,OFF,29.645,0.500,0,1st,OFF,OFF,OFF,OFF,OFF,OFF,0.781,0,ON,OFF,650,0,OFF,OFF,OFF,ON,Gasoline,0.990,OFF,OFF,0.684,ON,1.172,14.902,18,0,0.742,0.742,2.305,0.742,0.918,2.031,46.275,0,14.902,16,0.020,0.039,OFF,ECT 5th,NA,OFF,97.614,97.570,13.333,0,Not Avl,0,0,0,0,ON,ON,0,0,1
427,0,14.160,Not Avl,Compl,Compl,Unable,OFF,Not Avl,Compl,Compl,Unable,OFF,38.281,50,28.750,29.375,20.508,40.039,18.824,34.510,0.938,1.719,OFF,3.448,OFF,ON,ON,0.999,0.999,0.008,0.004,3.313,3.308,0,97,51199.219,13.906,23.922,OFF,OFF,OFF,OFF,OFF,OFF,OFF,Avail,Incmpl,Incmpl,Enable,Avail,406.300,253.100,406.300,253.100,ON,Avail,Compl,Enable,79,0,0,0,0,0,0,6,A,0,0,Avail,Incmpl,Incmpl,Enable,OFF,OFF,994,723.250,51199.219,51199.219,51199.219,51199.219,51199.219,51199.219,1GRFE ,33.725,Avail,Incmpl,Incmpl,Enable,7.996,OFF,OFF,OFF,OFF,ON,ON,Avail,Compl,Enable,Compl,CL,CL,Compl,Unable,Not Avl,Compl,Compl,Enable,OFF,130,15,327,ON,21.250,6.875,0.106,2366,6,21,-3,OFF,0.781,3.906,3.900,OFF,0,0,85,Avail,Compl,Enable,0,GRN2#  ,ON,0,ACTIVE,ACTIVE,0.962,0.947,0.660,0.680,65.816,59.656,Avail,Compl,Avail,Incmpl,Incmpl,Enable,OBD II (California ARB),OFF,OFF,29.517,0.500,0,1st,OFF,OFF,OFF,OFF,OFF,OFF,0.781,0,ON,OFF,650,0,OFF,OFF,OFF,ON,Gasoline,0.990,OFF,OFF,0.684,ON,1.172,14.902,18,0,0.742,0.742,2.305,0.742,0.918,2.031,46.275,0,14.902,16,0.020,0.039,OFF,ECT 5th,NA,OFF,97.592,97.460,13.333,0,Not Avl,0,0,0,0,ON,ON,0,0,1
428,0,14.178,Not Avl,Compl,Compl,Unable,OFF,Not Avl,Compl,Compl,Unable,OFF,38.281,45.312,28.750,29.375,20.508,40.039,19.216,34.902,0.957,1.738,OFF,4.327,OFF,ON,ON,1.000,0.998,0.004,0.004,3.308,3.308,0,97,51199.219,13.906,24.314,OFF,OFF,OFF,OFF,OFF,OFF,OFF,Avail,Incmpl,Incmpl,Enable,Avail,406.300,253.100,406.300,253.100,ON,Avail,Compl,Enable,79,0,0,0,0,0,0,6,A,0,0,Avail,Incmpl,Incmpl,Enable,OFF,OFF,995,713.250,51199.219,51199.219,51199.219,51199.219,51199.219,51199.219,1GRFE ,33.725,Avail,Incmpl,Incmpl,Enable,7.996,OFF,OFF,OFF,OFF,ON,ON,Avail,Compl,Enable,Compl,CL,CL,Compl,Unable,Not Avl,Compl,Compl,Enable,OFF,130,15,341,ON,21.250,6.875,0.106,2377,6,21,-3,OFF,0.781,3.906,3.850,OFF,0,0,85,Avail,Compl,Enable,0,GRN2#  ,ON,0,ACTIVE,ACTIVE,0.962,0.947,0.660,0.680,65.816,59.656,Avail,Compl,Avail,Incmpl,Incmpl,Enable,OBD II (California ARB),OFF,OFF,29.395,0.500,0,1st,OFF,OFF,OFF,OFF,OFF,OFF,0.781,0,ON,OFF,650,0,OFF,OFF,OFF,ON,Gasoline,0.988,OFF,OFF,0.684,ON,0.391,14.902,7,0,0.742,0.742,2.305,0.742,0.918,2.031,46.275,0,14.902,16,0.020,0.039,OFF,ECT 5th,NA,OFF,97.614,97.548,13.333,0,Not Avl,0,0,0,0,ON,ON,0,0,1
429,0,14.198,Not Avl,Compl,Compl,Unable,OFF,Not Avl,Compl,Compl,Unable,OFF,38.281,40.625,28.750,29.375,20.508,40.039,20,35.686,0.996,1.777,OFF,6.042,OFF,ON,ON,0.998,0.999,0.004,0.004,3.308,3.308,0,97,51199.219,13.906,24.706,OFF,OFF,OFF,OFF,OFF,OFF,OFF,Avail,Incmpl,Incmpl,Enable,Avail,406.100,253,406.100,253,ON,Avail,Compl,Enable,79,0,0,0,0,0,0,6,A,0,0,Avail,Incmpl,Incmpl,Enable,OFF,OFF,995,728,51199.219,51199.219,51199.219,51199.219,51199.219,51199.219,1GRFE ,37.255,Avail,Incmpl,Incmpl,Enable,7.996,ON,OFF,OFF,OFF,ON,ON,Avail,Compl,Enable,Compl,CL,CL,Compl,Unable,Not Avl,Compl,Compl,Enable,OFF,130,15,358,ON,21.250,6.875,0.106,2511,6,21,-3,OFF,0.781,3.906,4.500,OFF,0,0,85,Avail,Compl,Enable,0,GRN2#  ,ON,0,ACTIVE,ACTIVE,0.962,0.942,0.660,0.680,65.816,59.332,Avail,Compl,Avail,Incmpl,Incmpl,Enable,OBD II (California ARB),OFF,OFF,30.847,0.500,0,1st,OFF,OFF,OFF,OFF,OFF,OFF,0.781,0,ON,OFF,700,0,OFF,OFF,OFF,ON,Gasoline,0.990,OFF,OFF,0.684,ON,0.156,15.294,3,0,0.762,0.762,2.324,0.762,0.918,2.031,47.059,0.392,15.294,16,0.020,0.039,OFF,ECT 5th,NA,OFF,97.636,97.746,15.294,0,Not Avl,0,0,0,0,ON,ON,0,0,1
430,0,14.183,Not Avl,Compl,Compl,Unable,OFF,Not Avl,Compl,Compl,Unable,OFF,38.281,38.281,28.750,29.375,20.508,40.039,20.392,36.078,1.016,1.797,OFF,6.702,OFF,ON,ON,1.003,1.005,0.039,0.039,3.332,3.342,0,97,51199.219,13.925,25.882,OFF,OFF,OFF,OFF,OFF,OFF,OFF,Avail,Incmpl,Incmpl,Enable,Avail,406.100,253,406.100,253,ON,Avail,Compl,Enable,79,0,0,0,0,0,0,6,A,0,0,Avail,Incmpl,Incmpl,Enable,OFF,OFF,996,757,51199.219,51199.219,51199.219,51199.219,51199.219,51199.219,1GRFE ,40,Avail,Incmpl,Incmpl,Enable,7.996,ON,OFF,OFF,OFF,ON,ON,Avail,Compl,Enable,Compl,CL,CL,Compl,Unable,Not Avl,Compl,Compl,Enable,OFF,130,10,371,ON,21.250,6.875,0.106,2616,6,21,-3,OFF,0.781,3.906,4.760,OFF,0,0,79,Avail,Compl,Enable,0,GRN2#  ,ON,0,ACTIVE,ACTIVE,0.962,0.947,0.660,0.680,65.816,59.656,Avail,Compl,Avail,Incmpl,Incmpl,Enable,OBD II (California ARB),OFF,OFF,34.698,0.500,0,1st,OFF,OFF,OFF,OFF,OFF,OFF,0.781,0,ON,OFF,700,0,OFF,OFF,OFF,ON,Gasoline,0.990,OFF,OFF,0.684,ON,0.312,15.294,6,0,0.762,0.762,2.344,0.762,0.918,2.031,47.059,0.392,15.294,16,0.020,0.039,OFF,ECT 5th,NA,OFF,97.614,97.548,15.686,0,Not Avl,0,0,0,0,ON,ON,0,0,1
431,0,14.198,Not Avl,Compl,Compl,Unable,OFF,Not Avl,Compl,Compl,Unable,OFF,43.750,38.281,28.750,29.375,20.508,40.039,20.392,35.686,1.016,1.777,OFF,6.921,OFF,ON,ON,1.012,1.011,0.043,0.043,3.371,3.371,0,97,51199.219,13.925,26.275,OFF,OFF,OFF,OFF,OFF,OFF,OFF,Avail,Incmpl,Incmpl,Enable,Avail,406.100,253,406.100,253,ON,Avail,Compl,Enable,79,0,0,0,0,0,0,6,A,0,0,Avail,Incmpl,Incmpl,Enable,OFF,OFF,996,794.500,51199.219,51199.219,51199.219,51199.219,51199.219,51199.219,1GRFE ,42.745,Avail,Incmpl,Incmpl,Enable,7.996,ON,OFF,OFF,OFF,ON,ON,Avail,Compl,Enable,Compl,CL,CL,Compl,Unable,Not Avl,Compl,Compl,Enable,OFF,130,10,385,ON,21.250,6.875,0.115,2659,6,21,-3,OFF,0.781,3.906,4.810,OFF,0,0,79,Avail,Compl,Enable,0,GRN2#  ,ON,0,ACTIVE,ACTIVE,0.962,0.947,0.660,0.680,65.816,59.980,Avail,Compl,Avail,Incmpl,Incmpl,Enable,OBD II (California ARB),OFF,OFF,37.604,0.500,0,1st,OFF,OFF,OFF,OFF,OFF,OFF,1.562,0.781,ON,OFF,750,0,OFF,OFF,OFF,ON,Gasoline,0.986,OFF,OFF,0.684,ON,0.391,15.294,7,0,0.762,0.762,2.344,0.762,0.918,2.031,47.059,0.392,15.294,16,0.020,0.039,OFF,ECT 5th,NA,OFF,97.636,97.724,15.294,0,Not Avl,0,0,0,0,ON,ON,0,0,1
432,0,14.160,Not Avl,Compl,Compl,Unable,OFF,Not Avl,Compl,Compl,Unable,OFF,52.344,38.281,28.750,29.375,20.508,40.039,20.392,35.686,1.016,1.777,OFF,6.921,OFF,ON,ON,1.008,1.003,0.031,0.020,3.352,3.332,0,97,51199.219,13.906,25.490,OFF,OFF,OFF,OFF,OFF,OFF,OFF,Avail,Incmpl,Incmpl,Enable,Avail,406,252.800,406,252.800,ON,Avail,Compl,Enable,79,0,0,0,0,0,0,6,A,0,0,Avail,Incmpl,Incmpl,Enable,OFF,OFF,996,851.500,51199.219,51199.219,51199.219,51199.219,51199.219,51199.219,1GRFE ,43.529,Avail,Incmpl,Incmpl,Enable,7.996,ON,OFF,OFF,OFF,ON,ON,Avail,Compl,Enable,Compl,CL,CL,Compl,Unable,Not Avl,Compl,Compl,Enable,OFF,130,10,401,ON,21.250,6.875,0.115,2605,6,21,-3,OFF,0.781,3.906,4.760,OFF,0,0,77,Avail,Compl,Enable,0,GRN2#  ,ON,0,ACTIVE,ACTIVE,0.962,0.942,0.660,0.680,65.816,59.656,Avail,Compl,Avail,Incmpl,Incmpl,Enable,OBD II (California ARB),OFF,OFF,39.276,0.500,0,1st,OFF,OFF,OFF,OFF,OFF,OFF,2.344,0.781,ON,OFF,800,0,OFF,OFF,OFF,ON,Gasoline,0.980,OFF,OFF,0.684,ON,1.172,15.294,19,0,0.762,0.762,2.344,0.762,0.918,2.031,47.059,0.392,15.294,16,0.020,0.039,OFF,ECT 5th,NA,OFF,97.592,97.548,14.118,0,Not Avl,0,0,0,0,ON,ON,0,0,1
433,0,14.180,Not Avl,Compl,Compl,Unable,OFF,Not Avl,Compl,Compl,Unable,OFF,55.469,38.281,28.750,29.375,20.508,40.039,20.392,35.686,1.016,1.777,OFF,6.921,OFF,ON,ON,0.984,0.983,-0.027,-0.039,3.220,3.210,0,97,51199.219,13.925,24.314,OFF,OFF,OFF,OFF,OFF,OFF,OFF,Avail,Incmpl,Incmpl,Enable,Avail,406,252.800,406,252.800,ON,Avail,Compl,Enable,79,0,0,0,0,0,0,6,A,0,0,Avail,Incmpl,Incmpl,Enable,OFF,OFF,997,857,51199.219,51199.219,51199.219,51199.219,51199.219,51199.219,1GRFE ,41.569,Avail,Incmpl,Incmpl,Enable,7.996,ON,OFF,OFF,OFF,ON,ON,Avail,Compl,Enable,Compl,CL,CL,Compl,Unable,Not Avl,Compl,Compl,Enable,OFF,130,10,420,ON,21.250,6.875,0.115,2489,6,21,-3,OFF,0.781,3.906,4.650,OFF,0,0,77,Avail,Compl,Enable,0,GRN2#  ,ON,0,ACTIVE,ACTIVE,0.962,0.947,0.660,0.680,66.141,59.656,Avail,Compl,Avail,Incmpl,Incmpl,Enable,OBD II (California ARB),OFF,OFF,37.347,0.500,0,1st,OFF,OFF,OFF,OFF,OFF,OFF,0.781,0,ON,OFF,800,0,OFF,OFF,OFF,ON,Gasoline,0.979,OFF,OFF,0.684,ON,0.625,15.686,9,0,0.762,0.762,2.344,0.762,0.918,2.031,47.059,0.392,15.294,16,0.020,0.043,OFF,ECT 5th,NA,OFF,97.614,97.680,13.725,0,Not Avl,0,0,0,0,ON,ON,0,0,1
434,0,14.180,Not Avl,Compl,Compl,Unable,OFF,Not Avl,Compl,Compl,Unable,OFF,57.031,38.281,28.750,29.375,20.508,40.039,20.392,35.686,1.016,1.777,OFF,6.921,OFF,ON,ON,0.974,0.979,-0.074,-0.066,3.176,3.191,0,97,51199.219,13.925,24.314,OFF,OFF,OFF,OFF,OFF,OFF,OFF,Avail,Incmpl,Incmpl,Enable,Avail,406,252.800,406,252.800,ON,Avail,Compl,Enable,79,0,0,0,0,0,0,6,A,0,0,Avail,Incmpl,Incmpl,Enable,OFF,OFF,997,847.500,51199.219,51199.219,51199.219,51199.219,51199.219,51199.219,1GRFE ,40.784,Avail,Incmpl,Incmpl,Enable,7.996,ON,OFF,OFF,OFF,ON,ON,Avail,Compl,Enable,Compl,CL,CL,Compl,Unable,Not Avl,Compl,Compl,Enable,OFF,130,10,436,ON,21.250,6.875,0.115,2446,6,21,-3,OFF,0.781,3.906,4.790,OFF,0,0,77,Avail,Compl,Enable,0,GRN2#  ,ON,0,ACTIVE,ACTIVE,0.962,0.942,0.660,0.680,65.492,59.980,Avail,Compl,Avail,Incmpl,Incmpl,Enable,OBD II (California ARB),OFF,OFF,36.749,0.500,0,1st,OFF,OFF,OFF,OFF,OFF,OFF,-0.781,-1.562,ON,OFF,800,0,OFF,OFF,OFF,ON,Gasoline,0.990,OFF,OFF,0.684,ON,0.391,15.294,7,0,0.762,0.762,2.344,0.762,0.918,2.031,47.059,0.392,15.294,16,0.020,0.039,OFF,ECT 5th,NA,OFF,97.592,97.504,14.118,0,Not Avl,0,0,0,0,ON,ON,0,0,1
435,0,14.198,Not Avl,Compl,Compl,Unable,OFF,Not Avl,Compl,Compl,Unable,OFF,52.344,43.750,28.750,29.375,20.508,40.039,20.392,36.078,1.016,1.797,OFF,6.921,OFF,ON,ON,0.986,0.989,-0.039,-0.027,3.235,3.254,0,97,51199.219,13.925,24.314,OFF,OFF,OFF,OFF,OFF,OFF,OFF,Avail,Incmpl,Incmpl,Enable,Avail,405.900,252.800,405.900,252.800,ON,Avail,Compl,Enable,79,0,0,0,0,0,0,6,A,0,0,Avail,Incmpl,Incmpl,Enable,OFF,OFF,997,839,51199.219,51199.219,51199.219,51199.219,51199.219,51199.219,1GRFE ,40.784,Avail,Incmpl,Incmpl,Enable,7.996,ON,OFF,OFF,OFF,ON,ON,Avail,Compl,Enable,Compl,CL,CL,Compl,Unable,Not Avl,Compl,Compl,Enable,OFF,130,11.500,452,ON,21.250,6.875,0.114,2464,6,21,-3,OFF,0.781,3.906,4.840,OFF,0,0,73,Avail,Compl,Enable,0,GRN2#  ,ON,0,ACTIVE,ACTIVE,0.967,0.947,0.680,0.680,66.465,59.980,Avail,Compl,Avail,Incmpl,Incmpl,Enable,OBD II (California ARB),OFF,OFF,36.389,0.500,0,1st,OFF,OFF,OFF,OFF,OFF,OFF,-0.781,-1.562,ON,OFF,800,0,OFF,OFF,OFF,ON,Gasoline,0.999,OFF,OFF,0.684,ON,0.391,15.294,8,0,0.762,0.762,2.344,0.762,0.918,2.031,47.059,0.392,15.294,16,0.020,0.039,OFF,ECT 5th,NA,OFF,97.614,97.658,14.510,0,Not Avl,0,0,0,0,ON,ON,0,0,1
436,0,14.180,Not Avl,Compl,Compl,Unable,OFF,Not Avl,Compl,Compl,Unable,OFF,42.969,49.219,28.750,29.375,20.508,40.039,20.392,36.078,1.016,1.797,OFF,7.343,OFF,ON,ON,0.999,0.997,0.008,0,3.313,3.303,0,97,51199.219,13.925,24.314,OFF,OFF,OFF,OFF,OFF,OFF,OFF,Avail,Incmpl,Incmpl,Enable,Avail,405.900,252.800,405.900,252.800,OFF,Avail,Compl,Enable,79,0,0,0,0,0,0,6,A,0,0,Avail,Incmpl,Incmpl,Enable,OFF,OFF,998,842.750,51199.219,51199.219,51199.219,51199.219,51199.219,51199.219,1GRFE ,42.745,Avail,Incmpl,Incmpl,Enable,7.996,ON,OFF,OFF,OFF,ON,ON,Avail,Compl,Enable,Compl,CL,CL,Compl,Unable,Not Avl,Compl,Compl,Enable,OFF,130,16,0,ON,21.250,6.875,0.114,2464,6,21,-3,OFF,0,1.562,4.790,OFF,0,0,73,Avail,Compl,Enable,0,GRN2#  ,ON,0,ACTIVE,ACTIVE,0.962,0.942,0.660,0.680,65.816,59.656,Avail,Compl,Avail,Incmpl,Incmpl,Enable,OBD II (California ARB),OFF,OFF,37.109,0.500,0,1st,OFF,OFF,OFF,OFF,OFF,OFF,0,-1.562,ON,OFF,800,0,OFF,OFF,OFF,ON,Gasoline,1.002,OFF,OFF,0.684,ON,0.547,15.294,8,0,0.762,0.762,2.344,0.762,0.918,2.031,47.059,0.392,15.294,16,0.016,0.039,OFF,ECT 5th,NA,OFF,97.614,97.746,14.118,0,Not Avl,0,0,0,0,ON,ON,0,0,1
437,0,14.199,Not Avl,Compl,Compl,Unable,OFF,Not Avl,Compl,Compl,Unable,OFF,40.625,49.219,28.750,29.375,20.508,40.039,20.784,36.078,1.035,1.797,OFF,7.562,OFF,ON,ON,1.003,0.999,0.016,0.008,3.327,3.313,0,97,51199.219,13.925,25.098,OFF,OFF,OFF,OFF,OFF,OFF,OFF,Avail,Incmpl,Incmpl,Enable,Avail,405.900,252.800,405.900,252.800,OFF,Avail,Compl,Enable,79,0,0,0,0,0,0,6,A,0,0,Avail,Incmpl,Incmpl,Enable,OFF,OFF,998,897.500,51199.219,51199.219,51199.219,51199.219,51199.219,51199.219,1GRFE ,47.059,Avail,Incmpl,Incmpl,Enable,7.996,ON,OFF,OFF,OFF,ON,ON,Avail,Compl,Enable,Compl,CL,CL,Compl,Unable,Not Avl,Compl,Compl,Enable,OFF,130,20.500,0,ON,21.250,6.875,0.114,2554,6,21,-3,OFF,0,1.562,5.510,OFF,0,0,73,Avail,Compl,Enable,0,GRN2#  ,ON,0,ACTIVE,ACTIVE,0.967,0.947,0.660,0.680,65.816,59.656,Avail,Compl,Avail,Incmpl,Incmpl,Enable,OBD II (California ARB),OFF,OFF,39.880,0.500,0,1st,OFF,OFF,OFF,OFF,OFF,OFF,0,-1.562,ON,OFF,850,0,OFF,OFF,OFF,ON,Gasoline,1.001,OFF,OFF,0.684,OFF,0.781,15.686,12,0,0.781,0.781,2.363,0.781,0.918,2.031,47.451,0.784,15.686,16,0.016,0.039,OFF,ECT 5th,NA,OFF,97.570,97.460,15.294,0,Not Avl,0,0,0,0,ON,ON,0,0,1
438,0,14.199,Not Avl,Compl,Compl,Unable,OFF,Not Avl,Compl,Compl,Unable,OFF,39.062,49.219,28.750,29.375,20.508,40.039,20.784,36.471,1.035,1.816,OFF,7.776,OFF,ON,ON,1.002,1.005,0.016,0.023,3.327,3.342,0,97,51199.219,13.945,24.706,OFF,OFF,OFF,OFF,OFF,OFF,OFF,Avail,Incmpl,Incmpl,Enable,Avail,405.900,252.800,405.900,252.800,OFF,Avail,Compl,Enable,79,0,0,0,0,0,0,6,A,0,0,Avail,Incmpl,Incmpl,Enable,OFF,OFF,998,973.250,51199.219,51199.219,51199.219,51199.219,51199.219,51199.219,1GRFE ,50.588,Avail,Incmpl,Incmpl,Enable,7.996,ON,OFF,OFF,OFF,ON,ON,Avail,Compl,Enable,Compl,CL,CL,Compl,Unable,Not Avl,Compl,Compl,Enable,OFF,130,22,0,ON,21.250,6.875,0.114,2558,6,21,-3,OFF,0,1.562,5.510,OFF,0,0,73,Avail,Compl,Enable,0,GRN2#  ,ON,0,ACTIVE,ACTIVE,0.962,0.947,0.660,0.680,65.816,59.656,Avail,Compl,Avail,Incmpl,Incmpl,Enable,OBD II (California ARB),OFF,OFF,44.061,0.500,0,1st,OFF,OFF,OFF,OFF,OFF,OFF,0,-0.781,ON,OFF,950,0,OFF,OFF,OFF,ON,Gasoline,0.999,OFF,OFF,0.684,OFF,0.547,15.686,9,0,0.781,0.781,2.363,0.781,0.918,2.031,47.451,0.784,15.686,16,0.016,0.039,OFF,ECT 5th,NA,OFF,97.614,97.614,14.118,0,Not Avl,0,0,0,0,ON,ON,0,0,1
439,0,14.214,Not Avl,Compl,Compl,Unable,OFF,Not Avl,Compl,Compl,Unable,OFF,35.156,49.219,28.750,29.375,20.508,40.039,20.784,36.471,1.035,1.816,OFF,7.776,OFF,ON,ON,1.009,1.009,0.023,0.035,3.357,3.361,0,97,51199.219,13.945,23.529,OFF,OFF,OFF,OFF,OFF,OFF,OFF,Avail,Incmpl,Incmpl,Enable,Avail,405.900,252.800,405.900,252.800,OFF,Avail,Compl,Enable,79,0,0,0,0,0,0,6,A,0,0,Avail,Incmpl,Incmpl,Enable,OFF,OFF,999,1055.250,51199.219,51199.219,51199.219,51199.219,51199.219,51199.219,1GRFE ,50.196,Avail,Incmpl,Incmpl,Enable,7.996,ON,OFF,OFF,OFF,ON,ON,Avail,Compl,Enable,Compl,CL,CL,Compl,Unable,Not Avl,Compl,Compl,Enable,OFF,130,24,0,ON,21.250,6.875,0.115,2424,6,21,-3,OFF,0,1.562,5.620,OFF,0,0,73,Avail,Compl,Enable,0,GRN2#  ,ON,0,ACTIVE,ACTIVE,0.962,0.947,0.660,0.680,66.141,59.656,Avail,Compl,Avail,Incmpl,Incmpl,Enable,OBD II (California ARB),OFF,OFF,46.185,0.500,0,1st,OFF,OFF,OFF,OFF,OFF,OFF,0.781,0,ON,OFF,1000,0,OFF,OFF,OFF,ON,Gasoline,0.995,OFF,OFF,0.684,OFF,0.391,15.686,6,0,0.781,0.781,2.363,0.781,0.918,2.031,47.451,0.784,15.686,16,0.016,0.039,OFF,ECT 5th,NA,OFF,97.614,97.746,13.333,0,Not Avl,0,0,0,0,ON,ON,0,0,1
440,0,14.180,Not Avl,Compl,Compl,Unable,OFF,Not Avl,Compl,Compl,Unable,OFF,35.938,43.750,28.750,29.375,20.508,40.039,20.784,36.471,1.035,1.816,OFF,7.776,OFF,ON,ON,1.008,1.014,0.027,0.051,3.347,3.386,0,97,51199.219,13.945,22.745,OFF,OFF,OFF,OFF,OFF,OFF,OFF,Avail,Incmpl,Incmpl,Enable,Avail,405.900,252.800,405.900,252.800,OFF,Avail,Compl,Enable,79,0,0,0,0,0,0,6,A,0,0,Avail,Incmpl,Incmpl,Enable,OFF,OFF,999,1100.750,51199.219,51199.219,51199.219,51199.219,51199.219,51199.219,1GRFE ,49.412,Avail,Incmpl,Incmpl,Enable,7.996,ON,OFF,OFF,OFF,ON,ON,Avail,Compl,Enable,Compl,CL,CL,Compl,Unable,Not Avl,Compl,Compl,Enable,OFF,130,25,0,ON,21.250,6.875,0.115,2348,6,21,-3,OFF,0,1.562,5.640,OFF,0,0,73,Avail,Compl,Enable,0,GRN2#  ,ON,0,ACTIVE,ACTIVE,0.967,0.947,0.680,0.680,65.816,59.656,Avail,Compl,Avail,Incmpl,Incmpl,Enable,OBD II (California ARB),OFF,OFF,45.679,0.500,0,1st,OFF,OFF,OFF,OFF,OFF,OFF,0.781,0.781,ON,OFF,1050,0,OFF,OFF,OFF,ON,Gasoline,0.990,OFF,OFF,0.684,OFF,0.938,15.686,17,0,0.781,0.781,2.363,0.781,0.918,2.031,47.451,0.784,15.686,16,0.016,0.035,OFF,ECT 5th,NA,OFF,97.570,97.438,12.941,0,Not Avl,0,0,0,0,ON,ON,0,0,1
441,0,14.180,Not Avl,Compl,Compl,Unable,OFF,Not Avl,Compl,Compl,Unable,OFF,35.938,40.625,28.750,29.375,20.508,40.039,20.784,36.471,1.035,1.816,OFF,7.776,OFF,ON,ON,0.990,1.013,-0.023,0.043,3.259,3.371,0,97,51199.219,13.925,22.353,OFF,OFF,OFF,OFF,OFF,OFF,OFF,Avail,Incmpl,Incmpl,Enable,Avail,405.900,252.800,405.900,252.800,OFF,Avail,Compl,Enable,79,0,0,0,0,0,0,6,A,0,0,Avail,Incmpl,Incmpl,Enable,OFF,OFF,999,1108.500,51199.219,51199.219,51199.219,51199.219,51199.219,51199.219,1GRFE ,48.235,Avail,Incmpl,Incmpl,Enable,7.996,ON,OFF,OFF,OFF,ON,ON,Avail,Compl,Enable,Compl,CL,CL,Compl,Unable,Not Avl,Compl,Compl,Enable,OFF,130,25,0,ON,21.250,6.875,0.115,2268,6,21,-3,OFF,0,1.562,5.570,OFF,0,0,73,Avail,Compl,Enable,0,GRN2#  ,ON,0,ACTIVE,ACTIVE,0.962,0.942,0.680,0.680,65.816,59.980,Avail,Compl,Avail,Incmpl,Incmpl,Enable,OBD II (California ARB),OFF,OFF,44.586,0.500,0,1st,OFF,OFF,OFF,OFF,OFF,OFF,0,1.562,ON,OFF,1050,0,OFF,OFF,OFF,ON,Gasoline,0.989,OFF,OFF,0.684,OFF,0.938,15.686,15,0,0.781,0.781,2.363,0.781,0.918,2.031,47.451,0.784,15.686,16,0.016,0.035,OFF,ECT 5th,NA,OFF,97.592,97.570,12.549,0,Not Avl,0,0,0,0,ON,ON,0,0,1
442,0,14.198,Not Avl,Compl,Compl,Unable,OFF,Not Avl,Compl,Compl,Unable,OFF,35.938,38.281,28.750,29.375,20.508,40.039,20.784,36.471,1.035,1.816,OFF,7.776,OFF,ON,ON,0.990,1.007,-0.023,0.027,3.259,3.347,0,97,51199.219,13.945,21.961,OFF,OFF,OFF,OFF,OFF,OFF,OFF,Avail,Incmpl,Incmpl,Enable,Avail,406,252.800,406,252.800,OFF,Avail,Compl,Enable,79,0,0,0,0,0,0,6,A,0,0,Avail,Incmpl,Incmpl,Enable,OFF,OFF,1000,1107,51199.219,51199.219,51199.219,51199.219,51199.219,51199.219,1GRFE ,47.843,Avail,Incmpl,Incmpl,Enable,7.996,ON,OFF,OFF,OFF,ON,ON,Avail,Compl,Enable,Compl,CL,CL,Compl,Unable,Not Avl,Compl,Compl,Enable,OFF,130,25,0,ON,21.250,6.875,0.115,2246,6,21,-3,OFF,0,1.562,5.640,OFF,0,0,66,Avail,Compl,Enable,0,GRN2#  ,ON,0,ACTIVE,ACTIVE,0.962,0.947,0.680,0.680,66.465,59.656,Avail,Compl,Avail,Incmpl,Incmpl,Enable,OBD II (California ARB),OFF,OFF,43.738,0.500,0,1st,OFF,OFF,OFF,OFF,OFF,OFF,0,1.562,ON,OFF,1050,0,OFF,OFF,OFF,ON,Gasoline,0.993,OFF,OFF,0.684,OFF,0.781,15.686,12,0,0.781,0.781,2.363,0.781,0.918,2.031,47.451,0.784,15.686,16,0.016,0.035,OFF,ECT 5th,NA,OFF,97.614,97.746,12.549,0,Not Avl,0,0,0,0,ON,ON,0,0,1
443,0,14.198,Not Avl,Compl,Compl,Unable,OFF,Not Avl,Compl,Compl,Unable,OFF,41.406,38.281,28.750,29.375,20.508,40.039,20.784,36.471,1.035,1.816,OFF,7.996,OFF,ON,ON,0.994,1.005,-0.008,0.023,3.283,3.342,0,97,51199.219,13.925,21.961,OFF,OFF,OFF,OFF,OFF,OFF,OFF,Avail,Incmpl,Incmpl,Enable,Avail,406,252.800,406,252.800,OFF,Avail,Compl,Enable,79,0,0,0,0,0,0,6,A,0,0,Avail,Incmpl,Incmpl,Enable,OFF,OFF,1000,1093.750,51199.219,51199.219,51199.219,51199.219,51199.219,51199.219,1GRFE ,47.451,Avail,Incmpl,Incmpl,Enable,7.996,ON,OFF,OFF,OFF,ON,ON,Avail,Compl,Enable,Compl,CL,CL,Compl,Unable,Not Avl,Compl,Compl,Enable,OFF,130,24.500,0,ON,21.250,6.875,0.103,2257,6,21,-3,OFF,0,1.562,5.640,OFF,0,0,66,Avail,Compl,Enable,0,GRN2#  ,ON,0,ACTIVE,ACTIVE,0.962,0.947,0.680,0.680,66.465,59.656,Avail,Compl,Avail,Incmpl,Incmpl,Enable,OBD II (California ARB),OFF,OFF,43.262,0.500,0,1st,OFF,OFF,OFF,OFF,OFF,OFF,0,1.562,ON,OFF,1050,0,OFF,OFF,OFF,ON,Gasoline,0.998,OFF,OFF,0.684,OFF,0.547,15.686,10,0,0.781,0.781,2.363,0.781,0.918,2.031,47.451,0.784,15.686,16,0.016,0.035,OFF,ECT 5th,NA,OFF,97.570,97.460,12.941,0,Not Avl,0,0,0,0,ON,ON,0,0,1
444,0,14.214,Not Avl,Compl,Compl,Unable,OFF,Not Avl,Compl,Compl,Unable,OFF,48.438,38.281,28.750,29.375,20.508,40.039,21.176,36.471,1.055,1.816,OFF,8.417,OFF,ON,ON,1.001,1.008,0.012,0.035,3.318,3.357,0,97,51199.219,13.945,22.353,OFF,OFF,OFF,OFF,OFF,OFF,OFF,Avail,Incmpl,Incmpl,Enable,Avail,406,252.800,406,252.800,OFF,Avail,Compl,Enable,79,0,0,0,0,0,0,6,A,0,0,Avail,Incmpl,Incmpl,Enable,OFF,OFF,1000,1099,51199.219,51199.219,51199.219,51199.219,51199.219,51199.219,1GRFE ,49.020,Avail,Incmpl,Incmpl,Enable,7.996,ON,OFF,OFF,OFF,ON,ON,Avail,Compl,Enable,Compl,CL,CL,Compl,Unable,Not Avl,Compl,Compl,Enable,OFF,130,24.500,0,ON,21.250,6.875,0.103,2330,6,21,-3,OFF,0,1.562,6.060,OFF,0,0,66,Avail,Compl,Enable,0,GRN2#  ,ON,0,ACTIVE,ACTIVE,0.962,0.942,0.680,0.680,66.465,59.656,Avail,Compl,Avail,Incmpl,Incmpl,Enable,OBD II (California ARB),OFF,OFF,43.982,0.500,0,1st,OFF,OFF,OFF,OFF,OFF,OFF,0,2.344,ON,OFF,1050,0,OFF,OFF,OFF,ON,Gasoline,0.998,OFF,OFF,0.684,OFF,0.312,16.078,5,0,0.801,0.801,2.383,0.801,0.918,2.031,47.843,0.784,16.078,16,0.016,0.039,OFF,ECT 5th,NA,OFF,97.592,97.548,13.725,0,Not Avl,0,0,0,0,ON,ON,0,0,1
445,0,14.214,Not Avl,Compl,Compl,Unable,OFF,Not Avl,Compl,Compl,Unable,OFF,53.906,38.281,28.750,29.375,20.508,40.039,21.176,36.863,1.055,1.836,OFF,9.076,OFF,ON,ON,1.011,1.014,0.047,0.051,3.376,3.386,0,97,51199.219,13.945,22.745,OFF,OFF,OFF,OFF,OFF,OFF,OFF,Avail,Incmpl,Incmpl,Enable,Avail,406.200,252.900,406.200,252.900,OFF,Avail,Compl,Enable,79,0,0,0,0,0,0,6,A,0,0,Avail,Incmpl,Incmpl,Enable,OFF,OFF,1001,1109.250,51199.219,51199.219,51199.219,51199.219,51199.219,51199.219,1GRFE ,51.765,Avail,Incmpl,Incmpl,Enable,7.996,ON,OFF,OFF,OFF,ON,ON,Avail,Compl,Enable,Compl,CL,CL,Compl,Unable,Not Avl,Compl,Compl,Enable,OFF,130,25,0,ON,21.250,6.875,0.103,2406,6,21,-3,OFF,0,1.562,6.280,OFF,0,0,33,Avail,Compl,Enable,0,GRN2#  ,ON,0,ACTIVE,ACTIVE,0.962,0.947,0.680,0.680,66.141,59.656,Avail,Compl,Avail,Incmpl,Incmpl,Enable,OBD II (California ARB),OFF,OFF,45.782,0.500,0,1st,OFF,OFF,OFF,OFF,OFF,OFF,0.781,3.125,ON,OFF,1100,0,OFF,OFF,OFF,ON,Gasoline,0.995,OFF,OFF,0.684,OFF,0.156,16.078,3,0,0.801,0.801,2.383,0.801,0.918,2.031,47.843,1.176,16.078,16,0.016,0.039,OFF,ECT 5th,NA,OFF,97.592,97.702,14.118,0,Not Avl,0,0,0,0,ON,ON,0,0,1
446,0,14.216,Not Avl,Compl,Compl,Unable,OFF,Not Avl,Compl,Compl,Unable,OFF,56.250,38.281,28.750,29.375,20.508,40.039,21.961,37.647,1.094,1.875,OFF,10.370,OFF,ON,ON,1.012,1.013,0.047,0.051,3.376,3.381,0,97,51199.219,13.925,23.922,OFF,OFF,OFF,OFF,OFF,OFF,OFF,Avail,Incmpl,Incmpl,Enable,Avail,406.200,252.900,406.200,252.900,OFF,Avail,Compl,Enable,79,0,0,0,0,0,0,6,A,0,0,Avail,Incmpl,Incmpl,Enable,OFF,OFF,1001,1160,51199.219,51199.219,51199.219,51199.219,51199.219,51199.219,1GRFE ,56.471,Avail,Incmpl,Incmpl,Enable,7.996,ON,OFF,OFF,OFF,ON,ON,Avail,Compl,Enable,Compl,CL,CL,Compl,Unable,Not Avl,Compl,Compl,Enable,OFF,130,26.500,0,ON,21.250,6.875,0.105,2547,6,21,-3,OFF,0,1.562,7.140,OFF,0,0,33,Avail,Compl,Enable,0,GRN2#  ,ON,0,ACTIVE,ACTIVE,0.962,0.947,0.680,0.680,66.141,59.980,Avail,Compl,Avail,Incmpl,Incmpl,Enable,OBD II (California ARB),OFF,OFF,50.336,0.500,0,1st,OFF,OFF,OFF,OFF,OFF,OFF,1.562,3.906,ON,OFF,1150,0,OFF,OFF,OFF,ON,Gasoline,0.987,OFF,OFF,0.684,OFF,0.156,16.471,4,0,0.820,0.820,2.402,0.820,0.918,2.031,48.627,1.569,16.471,16,0.016,0.039,OFF,ECT 5th,NA,OFF,97.570,97.504,15.294,0,Not Avl,0,0,0,0,ON,ON,0,0,1
447,0,14.218,Not Avl,Compl,Compl,Unable,OFF,Not Avl,Compl,Compl,Unable,OFF,57.031,38.281,28.750,29.375,20.508,40.039,23.137,38.824,1.133,1.914,OFF,12.311,OFF,ON,ON,1.014,1.011,0.047,0.039,3.376,3.361,0,97,51199.219,13.945,25.098,OFF,OFF,OFF,OFF,OFF,OFF,OFF,Avail,Incmpl,Incmpl,Enable,Avail,406.200,252.900,406.200,252.900,OFF,Avail,Compl,Enable,79,0,0,0,0,0,0,6,A,0,0,Avail,Incmpl,Incmpl,Enable,OFF,OFF,1001,1255.250,51199.219,51199.219,51199.219,51199.219,51199.219,51199.219,1GRFE ,0,Avail,Incmpl,Incmpl,Enable,0,OFF,OFF,OFF,OFF,ON,ON,Avail,Compl,Enable,Compl,CL,CL,Compl,Unable,Not Avl,Compl,Compl,Enable,OFF,130,27,0,ON,21.250,6.875,0.105,2815,6,21,-3,OFF,0,1.562,8.870,OFF,0,0,33,Avail,Compl,Enable,0,GRN2#  ,ON,0,ACTIVE,ACTIVE,0.967,0.947,0.680,0.680,66.465,59.980,Avail,Compl,Avail,Incmpl,Incmpl,Enable,OBD II (California ARB),OFF,OFF,0,0.500,0,1st,OFF,OFF,OFF,OFF,OFF,OFF,2.344,3.906,ON,OFF,1250,0,OFF,OFF,OFF,ON,Gasoline,0.981,OFF,OFF,0.684,OFF,0.234,17.255,4,0,0.859,0.859,2.461,0.859,0.918,2.031,49.412,2.353,17.255,16,0.016,0.039,OFF,ECT 5th,NA,OFF,97.636,97.680,17.647,0,Not Avl,0,0,0,0,ON,ON,0,0,1
448,0,14.200,Not Avl,Compl,Compl,Unable,OFF,Not Avl,Compl,Compl,Unable,OFF,57.031,42.969,28.750,29.375,20.508,40.039,23.922,39.608,1.191,1.973,OFF,14.465,OFF,ON,ON,1.014,0.991,0.059,-0.016,3.396,3.269,0,97,51199.219,13.945,29.020,OFF,OFF,OFF,OFF,OFF,OFF,OFF,Avail,Incmpl,Incmpl,Enable,Avail,406.500,253.200,406.500,253.200,OFF,Avail,Compl,Enable,79,0,0,0,0,0,0,6,A,0,0,Avail,Incmpl,Incmpl,Enable,OFF,OFF,1002,1447.500,51199.219,51199.219,51199.219,51199.219,51199.219,51199.219,1GRFE ,0,Avail,Incmpl,Incmpl,Enable,0,OFF,OFF,OFF,OFF,ON,ON,Avail,Compl,Enable,Compl,CL,CL,Compl,Unable,Not Avl,Compl,Compl,Enable,OFF,130,27.500,0,ON,21.250,6.875,0.105,3125,6,21,-3,OFF,0,1.562,11.070,OFF,0,0,55,Avail,Compl,Enable,0,GRN2#  ,ON,0,ACTIVE,ACTIVE,0.962,0.947,0.680,0.680,66.465,60.629,Avail,Compl,Avail,Incmpl,Incmpl,Enable,OBD II (California ARB),OFF,OFF,0,0.500,0,1st,OFF,OFF,OFF,OFF,OFF,OFF,3.125,2.344,ON,OFF,1450,0,OFF,OFF,OFF,ON,Gasoline,0.977,OFF,OFF,0.684,OFF,0.391,18.039,8,0,0.898,0.898,2.500,0.898,0.918,2.031,50.196,3.137,18.039,16,0.016,0.039,OFF,ECT 5th,NA,OFF,97.658,97.680,19.216,0,Not Avl,0,0,0,0,ON,ON,0,0,1
449,0,14.178,Not Avl,Compl,Compl,Unable,OFF,Not Avl,Compl,Compl,Unable,OFF,57.031,47.656,28.750,29.375,20.508,40.039,22.745,38.431,1.152,1.934,OFF,12.744,OFF,ON,ON,1.013,1.012,0.031,0.039,3.352,3.366,0,97,51199.219,13.945,27.843,OFF,OFF,OFF,OFF,OFF,OFF,OFF,Avail,Incmpl,Incmpl,Enable,Avail,406.500,253.200,406.500,253.200,OFF,Avail,Compl,Enable,79,0,0,0,0,0,0,6,A,0,0,Avail,Incmpl,Incmpl,Enable,OFF,OFF,1002,1634.250,51199.219,51199.219,51199.219,51199.219,51199.219,51199.219,1GRFE ,0,Avail,Incmpl,Incmpl,Enable,0,OFF,OFF,OFF,OFF,ON,ON,Avail,Compl,Enable,Compl,CL,CL,Compl,Unable,Not Avl,Compl,Compl,Enable,OFF,130,28,0,ON,21.250,6.875,0.135,2812,6,21,-3,OFF,0,1.562,10.170,OFF,0,0,55,Avail,Compl,Enable,0,GRN2#  ,ON,0,ACTIVE,ACTIVE,0.967,0.947,0.680,0.680,66.465,59.980,Avail,Compl,Avail,Incmpl,Incmpl,Enable,OBD II (California ARB),OFF,OFF,0,0.500,0,1st,OFF,OFF,OFF,OFF,OFF,OFF,4.688,4.688,ON,OFF,1650,0,OFF,OFF,OFF,ON,Gasoline,0.953,OFF,OFF,0.684,OFF,1.172,17.647,19,0,0.879,0.879,2.480,0.879,0.918,2.031,49.804,2.353,17.647,16,0.016,0.039,OFF,ECT 5th,NA,OFF,97.658,97.680,15.686,0,Not Avl,0,0,0,0,ON,ON,0,0,1
450,0,14.169,Not Avl,Compl,Compl,Unable,OFF,Not Avl,Compl,Compl,Unable,OFF,42.969,54.688,28.750,29.375,20.508,40.039,20,35.686,1.016,1.797,OFF,6.921,OFF,ON,ON,0.944,0.949,-0.195,-0.184,2.981,3.000,0,97,51199.219,13.945,21.176,OFF,OFF,OFF,OFF,OFF,OFF,OFF,Avail,Incmpl,Incmpl,Enable,Avail,407,253.600,407,253.600,ON,Avail,Compl,Enable,78,0,0,0,0,0,0,6,A,0,0,Avail,Incmpl,Incmpl,Enable,OFF,OFF,1002,1659.250,51199.219,51199.219,51199.219,51199.219,51199.219,51199.219,1GRFE ,0,Avail,Incmpl,Incmpl,Enable,0,OFF,OFF,OFF,OFF,ON,ON,Avail,Compl,Enable,Compl,CL,CL,Compl,Unable,Not Avl,Compl,Compl,Enable,OFF,130,28,0,ON,21.250,6.875,0.117,1750,6,21,-3,OFF,0,1.562,6.250,OFF,0,0,32,Avail,Compl,Enable,0,GRN2#  ,ON,0,ACTIVE,ACTIVE,0.962,0.947,0.740,0.680,67.113,59.980,Avail,Compl,Avail,Incmpl,Incmpl,Enable,OBD II (California ARB),OFF,OFF,0,0.500,0,1st,OFF,OFF,OFF,OFF,OFF,OFF,-4.688,-1.562,ON,OFF,1600,0,OFF,OFF,OFF,ON,Gasoline,0.999,OFF,OFF,0.684,OFF,1.328,15.686,20,0,0.801,0.801,2.383,0.801,0.918,2.031,47.451,0.784,15.686,16,0.016,0.039,OFF,ECT 5th,NA,OFF,97.658,97.680,9.412,0,Not Avl,0,0,0,0,ON,ON,0,0,1
451,0,14.160,Not Avl,Compl,Compl,Unable,OFF,Not Avl,Compl,Compl,Unable,OFF,39.844,57.031,28.750,29.375,20.508,40.039,15.686,31.765,0.781,1.582,OFF,0,OFF,ON,ON,1.011,0.979,0.012,-0.059,3.322,3.200,0,97,51199.219,13.925,17.647,OFF,OFF,OFF,OFF,OFF,OFF,OFF,Avail,Incmpl,Incmpl,Enable,Avail,407,253.600,407,253.600,ON,Avail,Compl,Enable,78,0,0,0,0,0,0,6,A,0,0,Avail,Incmpl,Incmpl,Enable,OFF,OFF,1003,1317,51199.219,51199.219,51199.219,51199.219,51199.219,51199.219,1GRFE ,0,Avail,Incmpl,Incmpl,Enable,0,OFF,OFF,OFF,OFF,ON,ON,Avail,Compl,Enable,Compl,OLDRIVE,OLDRIVE,Compl,Unable,Not Avl,Compl,Compl,Enable,OFF,130,17,143,ON,21.250,6.875,0.117,1942,6,21,-3,OFF,0.781,3.906,4.540,OFF,0,0,32,Avail,Compl,Enable,0,GRN2#  ,ON,0,ACTIVE,ACTIVE,0.962,0.947,0.720,0.700,67.113,59.656,Avail,Compl,Avail,Incmpl,Incmpl,Enable,OBD II (California ARB),OFF,OFF,0,0.500,0,1st,OFF,OFF,OFF,OFF,OFF,OFF,0,0,ON,OFF,1200,0,OFF,OFF,OFF,ON,Gasoline,0.997,OFF,OFF,0.684,OFF,1.016,16.078,15,0,0.762,0.762,2.324,0.762,0.918,2.031,47.059,0,15.294,16,0.016,0.039,OFF,ECT 5th,NA,OFF,97.680,97.680,8.627,0,Not Avl,0,0,0,0,ON,ON,0,0,1
452,0,14.160,Not Avl,Compl,Compl,Unable,OFF,Not Avl,Compl,Compl,Unable,OFF,38.281,48.438,28.750,29.375,20.508,40.039,15.686,31.765,0.781,1.582,ON,0,OFF,ON,ON,1.002,0.998,0,-0.012,3.293,3.274,0,97,51199.219,13.945,20.392,OFF,OFF,OFF,OFF,OFF,OFF,OFF,Avail,Incmpl,Incmpl,Enable,Avail,407,253.600,407,253.600,ON,Avail,Compl,Enable,78,0,0,0,0,0,0,6,A,0,0,Avail,Incmpl,Incmpl,Enable,OFF,OFF,1003,1088.250,51199.219,51199.219,51199.219,51199.219,51199.219,51199.219,1GRFE ,0,Avail,Incmpl,Incmpl,Enable,0,OFF,OFF,OFF,OFF,ON,ON,Avail,Compl,Enable,Compl,OL,OL,Compl,Unable,Not Avl,Compl,Compl,Enable,OFF,130,21,143,ON,21.250,6.875,0.117,2112,6,21,-3,OFF,0.781,3.906,5.350,OFF,0,0,32,Avail,Compl,Enable,0,GRN2#  ,ON,0,ACTIVE,ACTIVE,0.962,0.942,0.720,0.720,67.113,59.656,Avail,Compl,Avail,Incmpl,Incmpl,Enable,OBD II (California ARB),OFF,OFF,0,0.500,0,1st,OFF,OFF,OFF,OFF,OFF,OFF,0,0,ON,OFF,1050,0,OFF,OFF,OFF,ON,Gasoline,0.996,OFF,OFF,0.684,ON,1.094,15.294,18,0,0.762,0.781,2.344,0.762,0.918,2.031,47.059,0,15.686,16,0.016,0.039,OFF,ECT 5th,NA,OFF,97.680,97.680,12.157,0,Not Avl,0,0,0,0,ON,ON,0,0,1
453,0,14.177,Not Avl,Compl,Compl,Unable,OFF,Not Avl,Compl,Compl,Unable,OFF,38.281,41.406,28.750,29.375,20.508,40.039,15.686,31.765,0.781,1.582,ON,0,OFF,ON,ON,0.972,0.982,-0.098,-0.070,3.137,3.181,0,97,51199.219,13.925,21.569,OFF,OFF,OFF,OFF,OFF,OFF,OFF,Avail,Incmpl,Incmpl,Enable,Avail,407.500,253.900,407.500,253.900,ON,Avail,Compl,Enable,78,0,0,0,0,0,0,6,A,0,0,Avail,Incmpl,Incmpl,Enable,OFF,OFF,1004,931.250,51199.219,51199.219,51199.219,51199.219,51199.219,51199.219,1GRFE ,0,Avail,Incmpl,Incmpl,Enable,0,OFF,OFF,OFF,OFF,ON,ON,Avail,Compl,Enable,Compl,CL,CL,Compl,Unable,Not Avl,Compl,Compl,Enable,OFF,130,20,143,ON,21.250,6.875,0.078,2206,6,21,-3,OFF,0.781,3.906,5.310,OFF,0,0,127,Avail,Compl,Enable,0,GRN2#  ,ON,0,ACTIVE,ACTIVE,0.962,0.942,0.720,0.700,67.113,59.980,Avail,Compl,Avail,Incmpl,Incmpl,Enable,OBD II (California ARB),OFF,OFF,0,0.500,0,1st,OFF,OFF,OFF,OFF,OFF,OFF,-2.344,-1.562,ON,OFF,900,0,OFF,OFF,OFF,ON,Gasoline,1.003,OFF,OFF,0.684,ON,1.328,15.294,20,0,0.762,0.781,2.363,0.762,0.918,2.031,47.059,0,15.294,16,0.016,0.039,OFF,ECT 5th,NA,OFF,97.680,97.680,14.118,0,Not Avl,0,0,0,0,ON,ON,0,0,1
454,0,14.181,Not Avl,Compl,Compl,Unable,OFF,Not Avl,Compl,Compl,Unable,OFF,38.281,39.062,28.750,29.375,20.508,40.039,15.686,31.765,0.781,1.582,ON,0,OFF,ON,ON,0.971,0.975,-0.098,-0.086,3.137,3.157,0,97,51199.219,13.925,22.745,OFF,OFF,OFF,OFF,OFF,OFF,OFF,Avail,Incmpl,Incmpl,Enable,Avail,407.500,253.900,407.500,253.900,ON,Avail,Compl,Enable,78,0,0,0,0,0,0,6,A,0,0,Avail,Incmpl,Incmpl,Enable,OFF,OFF,1004,851.500,51199.219,51199.219,51199.219,51199.219,51199.219,51199.219,1GRFE ,0,Avail,Incmpl,Incmpl,Enable,0,OFF,OFF,OFF,OFF,ON,ON,Avail,Compl,Enable,Compl,CL,CL,Compl,Unable,Not Avl,Compl,Compl,Enable,OFF,130,18.500,157,ON,21.250,6.875,0.078,2257,6,21,-3,OFF,0.781,3.906,5.070,OFF,0,0,127,Avail,Compl,Enable,0,GRN2#  ,ON,0,ACTIVE,ACTIVE,0.962,0.947,0.720,0.700,67.438,59.980,Avail,Compl,Avail,Incmpl,Incmpl,Enable,OBD II (California ARB),OFF,OFF,0,0.500,0,1st,OFF,OFF,OFF,OFF,OFF,OFF,-3.125,-3.125,ON,OFF,800,0,OFF,OFF,OFF,ON,Gasoline,1.015,OFF,OFF,0.684,ON,0.938,15.294,16,0,0.762,0.762,2.344,0.762,0.918,2.031,47.059,0,15.294,16,0.012,0.039,OFF,ECT 5th,NA,OFF,97.680,97.680,14.902,0,Not Avl,0,0,0,0,ON,ON,0,0,1
455,0,14.180,Not Avl,Compl,Compl,Unable,OFF,Not Avl,Compl,Compl,Unable,OFF,38.281,38.281,28.750,29.375,20.508,40.039,15.686,31.765,0.781,1.582,ON,0,OFF,ON,ON,0.995,0.998,-0.008,-0.004,3.283,3.288,0,97,51199.219,13.925,23.922,OFF,OFF,OFF,OFF,OFF,OFF,OFF,Avail,Incmpl,Incmpl,Enable,Avail,407.500,253.900,407.500,253.900,ON,Avail,Compl,Enable,78,0,0,0,0,0,0,6,A,0,0,Avail,Incmpl,Incmpl,Enable,OFF,OFF,1004,794.500,51199.219,51199.219,51199.219,51199.219,51199.219,51199.219,1GRFE ,0,Avail,Incmpl,Incmpl,Enable,0,OFF,OFF,OFF,OFF,ON,ON,Avail,Compl,Enable,Compl,CL,CL,Compl,Unable,Not Avl,Compl,Compl,Enable,OFF,130,17,173,ON,21.250,6.875,0.078,2337,6,21,-3,OFF,0.781,3.906,4.710,OFF,0,0,127,Avail,Compl,Enable,0,GRN2#  ,ON,0,ACTIVE,ACTIVE,0.962,0.947,0.720,0.700,66.789,59.656,Avail,Compl,Avail,Incmpl,Incmpl,Enable,OBD II (California ARB),OFF,OFF,0,0.500,0,1st,OFF,OFF,OFF,OFF,OFF,OFF,-3.125,-2.344,ON,OFF,750,0,OFF,OFF,OFF,ON,Gasoline,1.021,OFF,OFF,0.684,ON,0.625,15.294,12,0,0.762,0.762,2.344,0.762,0.918,2.031,47.059,0,15.294,16,0.012,0.039,OFF,ECT 5th,NA,OFF,97.680,97.680,14.902,0,Not Avl,0,0,0,0,ON,ON,0,0,1
456,0,14.160,Not Avl,Compl,Compl,Unable,OFF,Not Avl,Compl,Compl,Unable,OFF,42.969,38.281,28.750,29.375,20.508,40.039,15.686,31.765,0.781,1.582,ON,0,OFF,ON,ON,1.020,1.014,0.066,0.039,3.410,3.366,0,97,51199.219,13.925,25.098,OFF,OFF,OFF,OFF,OFF,OFF,OFF,Avail,Incmpl,Incmpl,Enable,Avail,407.900,254.200,407.900,254.200,ON,Avail,Compl,Enable,78,0,0,0,0,0,0,6,A,0,0,Avail,Incmpl,Incmpl,Enable,OFF,OFF,1005,772.500,51199.219,51199.219,51199.219,51199.219,51199.219,51199.219,1GRFE ,37.647,Avail,Incmpl,Incmpl,Enable,7.996,ON,OFF,OFF,OFF,ON,ON,Avail,Compl,Enable,Compl,CL,CL,Compl,Unable,Not Avl,Compl,Compl,Enable,OFF,130,17,186,ON,21.250,6.875,0.101,2402,6,21,-3,OFF,0.781,3.906,4.600,OFF,0,0,63,Avail,Compl,Enable,0,GRN2#  ,ON,0,ACTIVE,ACTIVE,0.962,0.947,0.720,0.700,67.113,59.980,Avail,Compl,Avail,Incmpl,Incmpl,Enable,OBD II (California ARB),OFF,OFF,33.020,0.500,0,1st,OFF,OFF,OFF,OFF,OFF,OFF,-1.562,-0.781,ON,OFF,700,0,OFF,OFF,OFF,ON,Gasoline,1.016,OFF,OFF,0.684,ON,1.172,15.294,18,0,0.762,0.762,2.324,0.762,0.918,2.031,46.667,0,15.294,16,0.012,0.039,OFF,ECT 5th,NA,OFF,97.592,97.460,14.902,0,Not Avl,0,0,0,0,ON,ON,0,0,1
457,0,14.159,Not Avl,Compl,Compl,Unable,OFF,Not Avl,Compl,Compl,Unable,OFF,50,38.281,28.750,29.375,20.020,40.039,15.686,31.765,0.781,1.582,ON,0,OFF,ON,ON,1.040,1.024,0.105,0.066,3.469,3.410,0,97,51199.219,13.925,25.098,OFF,OFF,OFF,OFF,OFF,OFF,OFF,Avail,Incmpl,Incmpl,Enable,Avail,407.900,254.200,407.900,254.200,ON,Avail,Compl,Enable,78,0,0,0,0,0,0,6,A,0,0,Avail,Incmpl,Incmpl,Enable,OFF,OFF,1005,777.250,51199.219,51199.219,51199.219,51199.219,51199.219,51199.219,1GRFE ,37.647,Avail,Incmpl,Incmpl,Enable,7.996,ON,OFF,OFF,OFF,ON,ON,Avail,Compl,Enable,Compl,CL,CL,Compl,Unable,Not Avl,Compl,Compl,Enable,OFF,130,17,197,ON,21.250,6.875,0.101,2424,6,21,-3,OFF,0.781,3.906,4.210,OFF,0,0,63,Avail,Compl,Enable,0,GRN2#  ,ON,0,ACTIVE,ACTIVE,0.962,0.947,0.720,0.700,67.113,59.656,Avail,Compl,Avail,Incmpl,Incmpl,Enable,OBD II (California ARB),OFF,OFF,33.502,0.500,0,1st,OFF,OFF,OFF,OFF,OFF,OFF,0,0,ON,OFF,750,0,OFF,OFF,OFF,ON,Gasoline,1.005,OFF,OFF,0.684,ON,1.250,14.902,18,0,0.742,0.742,2.324,0.742,0.918,2.031,46.667,0,14.902,16,0.012,0.039,OFF,ECT 5th,NA,OFF,97.636,97.658,13.725,0,Not Avl,0,0,0,0,ON,ON,0,0,1
458,0,14.160,Not Avl,Compl,Compl,Unable,OFF,Not Avl,Compl,Compl,Unable,OFF,53.906,38.281,28.750,29.375,19.531,39.551,15.686,31.765,0.781,1.582,ON,0,OFF,ON,ON,1.032,1.021,0.082,0.055,3.435,3.391,0,97,51199.219,13.925,24.314,OFF,OFF,OFF,OFF,OFF,OFF,OFF,Avail,Incmpl,Incmpl,Enable,Avail,407.900,254.200,407.900,254.200,ON,Avail,Compl,Enable,78,0,0,0,0,0,0,6,A,0,0,Avail,Incmpl,Incmpl,Enable,OFF,OFF,1005,810,51199.219,51199.219,51199.219,51199.219,51199.219,51199.219,1GRFE ,38.039,Avail,Incmpl,Incmpl,Enable,7.996,ON,OFF,OFF,OFF,ON,ON,Avail,Compl,Enable,Compl,CL,CL,Compl,Unable,Not Avl,Compl,Compl,Enable,OFF,130,17.500,209,ON,21.250,6.875,0.101,2398,6,21,-3,OFF,0.781,3.906,4.090,OFF,0,0,63,Avail,Compl,Enable,0,GRN2#  ,ON,0,ACTIVE,ACTIVE,0.962,0.942,0.700,0.700,67.438,60.305,Avail,Compl,Avail,Incmpl,Incmpl,Enable,OBD II (California ARB),OFF,OFF,33.868,0.500,0,1st,OFF,OFF,OFF,OFF,OFF,OFF,1.562,0.781,ON,OFF,750,0,OFF,OFF,OFF,ON,Gasoline,0.994,OFF,OFF,0.684,ON,1.094,14.902,18,0,0.742,0.742,2.324,0.742,0.918,2.031,46.667,0,14.902,16,0.012,0.039,OFF,ECT 5th,NA,OFF,97.636,97.768,12.549,0,Not Avl,0,0,0,0,ON,ON,0,0,1
459,0,14.178,Not Avl,Compl,Compl,Unable,OFF,Not Avl,Compl,Compl,Unable,OFF,55.469,38.281,28.750,29.375,19.531,39.551,15.686,31.765,0.781,1.582,ON,0,OFF,ON,ON,1.009,1.006,0.016,0.008,3.327,3.313,0,97,51199.219,13.925,23.529,OFF,OFF,OFF,OFF,OFF,OFF,OFF,Avail,Incmpl,Incmpl,Enable,Avail,408.200,254.300,408.200,254.300,ON,Avail,Compl,Enable,78,0,0,0,0,0,0,6,A,0,0,Avail,Incmpl,Incmpl,Enable,OFF,OFF,1006,829.500,51199.219,51199.219,51199.219,51199.219,51199.219,51199.219,1GRFE ,37.647,Avail,Incmpl,Incmpl,Enable,7.996,ON,OFF,OFF,OFF,ON,ON,Avail,Compl,Enable,Compl,CL,CL,Compl,Unable,Not Avl,Compl,Compl,Enable,OFF,130,18,222,ON,21.250,6.875,0.101,2330,6,21,-3,OFF,0.781,3.906,4.070,OFF,0,0,79,Avail,Compl,Enable,0,GRN2#  ,ON,0,ACTIVE,ACTIVE,0.962,0.947,0.700,0.700,66.789,59.980,Avail,Compl,Avail,Incmpl,Incmpl,Enable,OBD II (California ARB),OFF,OFF,33.740,0.500,0,1st,OFF,OFF,OFF,OFF,OFF,OFF,0.781,0.781,ON,OFF,800,0,OFF,OFF,OFF,ON,Gasoline,0.986,OFF,OFF,0.684,ON,0.938,14.902,14,0,0.742,0.742,2.324,0.742,0.918,2.031,46.667,0,14.902,16,0.012,0.039,OFF,ECT 5th,NA,OFF,97.592,97.460,12.157,0,Not Avl,0,0,0,0,ON,ON,0,0,1
460,0,14.197,Not Avl,Compl,Compl,Unable,OFF,Not Avl,Compl,Compl,Unable,OFF,57.031,38.281,28.750,29.375,19.531,39.551,15.686,31.765,0.781,1.582,ON,0,OFF,ON,ON,0.989,0.988,-0.020,-0.031,3.235,3.225,0,97,51199.219,13.945,22.745,OFF,OFF,OFF,OFF,OFF,OFF,OFF,Avail,Incmpl,Incmpl,Enable,Avail,408.200,254.300,408.200,254.300,ON,Avail,Compl,Enable,78,0,0,0,0,0,0,6,A,0,0,Avail,Incmpl,Incmpl,Enable,OFF,OFF,1006,825,51199.219,51199.219,51199.219,51199.219,51199.219,51199.219,1GRFE ,36.471,Avail,Incmpl,Incmpl,Enable,7.996,ON,OFF,OFF,OFF,ON,ON,Avail,Compl,Enable,Compl,CL,CL,Compl,Unable,Not Avl,Compl,Compl,Enable,OFF,130,17.500,234,ON,21.250,6.875,0.101,2272,6,21,-3,OFF,0.781,3.906,4.090,OFF,0,0,79,Avail,Compl,Enable,0,GRN2#  ,ON,0,ACTIVE,ACTIVE,0.962,0.947,0.700,0.700,67.113,60.305,Avail,Compl,Avail,Incmpl,Incmpl,Enable,OBD II (California ARB),OFF,OFF,32.660,0.500,0,1st,OFF,OFF,OFF,OFF,OFF,OFF,0,-0.781,ON,OFF,800,0,OFF,OFF,OFF,ON,Gasoline,0.986,OFF,OFF,0.684,ON,0.469,14.902,11,0,0.742,0.742,2.324,0.742,0.918,2.031,46.667,0,14.902,16,0.012,0.039,OFF,ECT 5th,NA,OFF,97.614,97.636,12.549,0,Not Avl,0,0,0,0,ON,ON,0,0,1
461,0,14.198,Not Avl,Compl,Compl,Unable,OFF,Not Avl,Compl,Compl,Unable,OFF,52.344,38.281,28.750,29.375,19.531,39.551,15.686,31.765,0.781,1.582,ON,0,OFF,ON,ON,0.988,0.982,-0.039,-0.062,3.230,3.196,0,97,51199.219,13.925,22.745,OFF,OFF,OFF,OFF,OFF,OFF,OFF,Avail,Incmpl,Incmpl,Enable,Avail,408.200,254.300,408.200,254.300,ON,Avail,Compl,Enable,78,0,0,0,0,0,0,6,A,0,0,Avail,Incmpl,Incmpl,Enable,OFF,OFF,1006,810,51199.219,51199.219,51199.219,51199.219,51199.219,51199.219,1GRFE ,35.686,Avail,Incmpl,Incmpl,Enable,7.996,ON,OFF,OFF,OFF,ON,ON,Avail,Compl,Enable,Compl,CL,CL,Compl,Unable,Not Avl,Compl,Compl,Enable,OFF,130,17.500,247,ON,21.250,6.875,0.105,2264,6,21,-3,OFF,0.781,3.906,4.170,OFF,0,0,79,Avail,Compl,Enable,0,GRN2#  ,ON,0,ACTIVE,ACTIVE,0.962,0.947,0.700,0.680,66.789,60.305,Avail,Compl,Avail,Incmpl,Incmpl,Enable,OBD II (California ARB),OFF,OFF,31.927,0.500,0,1st,OFF,OFF,OFF,OFF,OFF,OFF,0,-1.562,ON,OFF,750,0,OFF,OFF,OFF,ON,Gasoline,0.990,OFF,OFF,0.684,ON,0.391,14.902,7,0,0.742,0.742,2.324,0.742,0.918,2.031,46.667,0,14.902,16,0.012,0.039,OFF,ECT 5th,NA,OFF,97.614,97.614,12.941,0,Not Avl,0,0,0,0,ON,ON,0,0,1
462,0,14.189,Not Avl,Compl,Compl,Unable,OFF,Not Avl,Compl,Compl,Unable,OFF,45.312,38.281,28.750,29.375,19.531,39.551,15.686,31.765,0.781,1.582,ON,0,OFF,ON,ON,0.996,0.985,-0.012,-0.055,3.274,3.210,0,97,51199.219,13.925,23.137,OFF,OFF,OFF,OFF,OFF,OFF,OFF,Avail,Incmpl,Incmpl,Enable,Avail,408.500,254.400,408.500,254.400,ON,Avail,Compl,Enable,78,0,0,0,0,0,0,6,A,0,0,Avail,Incmpl,Incmpl,Enable,OFF,OFF,1007,796.750,51199.219,51199.219,51199.219,51199.219,51199.219,51199.219,1GRFE ,35.686,Avail,Incmpl,Incmpl,Enable,7.996,ON,OFF,OFF,OFF,ON,ON,Avail,Compl,Enable,Compl,CL,CL,Compl,Unable,Not Avl,Compl,Compl,Enable,OFF,130,17,259,ON,21.250,6.875,0.105,2275,6,21,-3,OFF,0.781,3.906,4.180,OFF,0,0,79,Avail,Compl,Enable,0,GRN2#  ,ON,0,ACTIVE,ACTIVE,0.962,0.947,0.700,0.680,67.113,60.305,Avail,Compl,Avail,Incmpl,Incmpl,Enable,OBD II (California ARB),OFF,OFF,31.458,0.500,0,1st,OFF,OFF,OFF,OFF,OFF,OFF,0,-1.562,ON,OFF,750,0,OFF,OFF,OFF,ON,Gasoline,0.993,OFF,OFF,0.684,ON,0.703,14.902,13,0,0.742,0.742,2.324,0.742,0.918,2.031,46.667,0,14.902,16,0.012,0.039,OFF,ECT 5th,NA,OFF,97.592,97.460,12.941,0,Not Avl,0,0,0,0,ON,ON,0,0,1
463,0,14.159,Not Avl,Compl,Compl,Unable,OFF,Not Avl,Compl,Compl,Unable,OFF,40.625,38.281,28.750,29.375,19.531,39.551,15.686,31.765,0.781,1.582,ON,0,OFF,ON,ON,1.002,0.989,0,-0.039,3.303,3.235,0,97,51199.219,13.925,23.137,OFF,OFF,OFF,OFF,OFF,OFF,OFF,Avail,Incmpl,Incmpl,Enable,Avail,408.500,254.400,408.500,254.400,ON,Avail,Compl,Enable,78,0,0,0,0,0,0,6,A,0,0,Avail,Incmpl,Incmpl,Enable,OFF,OFF,1007,773.250,51199.219,51199.219,51199.219,51199.219,51199.219,51199.219,1GRFE ,34.510,Avail,Incmpl,Incmpl,Enable,7.996,ON,OFF,OFF,OFF,ON,ON,Avail,Compl,Enable,Compl,CL,CL,Compl,Unable,Not Avl,Compl,Compl,Enable,OFF,130,17,271,ON,21.250,6.875,0.105,2304,6,21,-3,OFF,0.781,3.906,4.010,OFF,0,0,80,Avail,Compl,Enable,0,GRN2#  ,ON,0,ACTIVE,ACTIVE,0.962,0.947,0.700,0.680,67.113,59.980,Avail,Compl,Avail,Incmpl,Incmpl,Enable,OBD II (California ARB),OFF,OFF,30.853,0.500,0,1st,OFF,OFF,OFF,OFF,OFF,OFF,0,-1.562,ON,OFF,750,0,OFF,OFF,OFF,ON,Gasoline,0.993,OFF,OFF,0.684,ON,1.328,14.902,22,0,0.742,0.742,2.324,0.742,0.918,2.031,46.667,0,14.902,16,0.012,0.039,OFF,ECT 5th,NA,OFF,97.614,97.592,12.941,0,Not Avl,0,0,0,0,ON,ON,0,0,1
464,0,14.175,Not Avl,Compl,Compl,Unable,OFF,Not Avl,Compl,Compl,Unable,OFF,39.062,38.281,28.750,29.375,19.531,39.551,15.686,31.765,0.781,1.582,ON,0,OFF,ON,ON,1.006,0.993,0.016,-0.027,3.327,3.254,0,97,51199.219,13.925,23.529,OFF,OFF,OFF,OFF,OFF,OFF,OFF,Avail,Incmpl,Incmpl,Enable,Avail,408.500,254.400,408.500,254.400,ON,Avail,Compl,Enable,78,0,0,0,0,0,0,6,A,0,0,Avail,Incmpl,Incmpl,Enable,OFF,OFF,1007,756.250,51199.219,51199.219,51199.219,51199.219,51199.219,51199.219,1GRFE ,34.118,Avail,Incmpl,Incmpl,Enable,7.996,ON,OFF,OFF,OFF,ON,ON,Avail,Compl,Enable,Compl,CL,CL,Compl,Unable,Not Avl,Compl,Compl,Enable,OFF,130,17,283,ON,21.250,6.875,0.105,2312,6,21,-3,OFF,0.781,3.906,4.040,OFF,0,0,80,Avail,Compl,Enable,0,GRN2#  ,ON,0,ACTIVE,ACTIVE,0.962,0.947,0.700,0.680,67.113,59.980,Avail,Compl,Avail,Incmpl,Incmpl,Enable,OBD II (California ARB),OFF,OFF,30.243,0.500,0,1st,OFF,OFF,OFF,OFF,OFF,OFF,0.781,-1.562,ON,OFF,700,0,OFF,OFF,OFF,ON,Gasoline,0.990,OFF,OFF,0.684,ON,0.938,14.902,14,0,0.742,0.742,2.305,0.742,0.918,2.031,46.667,0,14.902,16,0.012,0.039,OFF,ECT 5th,NA,OFF,97.636,97.746,13.333,0,Not Avl,0,0,0,0,ON,ON,0,0,1
465,0,14.160,Not Avl,Compl,Compl,Unable,OFF,Not Avl,Compl,Compl,Unable,OFF,38.281,38.281,28.750,29.375,19.531,39.551,15.686,31.765,0.781,1.582,ON,0,OFF,ON,ON,1.002,0.993,0,-0.027,3.303,3.254,0,97,51199.219,13.906,23.529,OFF,OFF,OFF,OFF,OFF,OFF,OFF,Avail,Incmpl,Incmpl,Enable,Avail,408.500,254.400,408.500,254.400,ON,Avail,Compl,Enable,78,0,0,0,0,0,0,6,A,0,0,Avail,Incmpl,Incmpl,Enable,OFF,OFF,1007,749,51199.219,51199.219,51199.219,51199.219,51199.219,51199.219,1GRFE ,34.118,Avail,Incmpl,Incmpl,Enable,7.996,OFF,OFF,OFF,OFF,ON,ON,Avail,Compl,Enable,Compl,CL,CL,Compl,Unable,Not Avl,Compl,Compl,Enable,OFF,130,17,294,ON,21.250,6.875,0.105,2333,6,21,-3,OFF,0.781,3.906,3.930,OFF,0,0,80,Avail,Compl,Enable,0,GRN2#  ,ON,0,ACTIVE,ACTIVE,0.962,0.947,0.700,0.680,67.113,59.980,Avail,Compl,Avail,Incmpl,Incmpl,Enable,OBD II (California ARB),OFF,OFF,29.889,0.500,0,1st,OFF,OFF,OFF,OFF,OFF,OFF,0.781,-2.344,ON,OFF,700,0,OFF,OFF,OFF,ON,Gasoline,0.989,OFF,OFF,0.684,ON,1.094,14.902,16,0,0.742,0.742,2.305,0.742,0.918,2.031,46.275,0,14.902,16,0.012,0.039,OFF,ECT 5th,NA,OFF,97.592,97.482,12.941,0,Not Avl,0,0,0,0,ON,ON,0,0,1
466,0,14.178,Not Avl,Compl,Compl,Unable,OFF,Not Avl,Compl,Compl,Unable,OFF,38.281,38.281,28.750,29.375,19.531,39.551,15.686,31.765,0.781,1.582,ON,0,OFF,ON,ON,0.997,0.996,-0.012,-0.012,3.279,3.274,0,97,51199.219,13.906,23.922,OFF,OFF,OFF,OFF,OFF,OFF,OFF,Avail,Incmpl,Incmpl,Enable,Avail,408.800,254.500,408.800,254.500,ON,Avail,Compl,Enable,78,0,0,0,0,0,0,6,A,0,0,Avail,Incmpl,Incmpl,Enable,OFF,OFF,1008,742.750,51199.219,51199.219,51199.219,51199.219,51199.219,51199.219,1GRFE ,34.118,Avail,Incmpl,Incmpl,Enable,7.996,ON,OFF,OFF,OFF,ON,ON,Avail,Compl,Enable,Compl,CL,CL,Compl,Unable,Not Avl,Compl,Compl,Enable,OFF,130,17,307,ON,21.250,6.875,0.103,2319,6,21,-3,OFF,0.781,3.906,3.950,OFF,0,0,83,Avail,Compl,Enable,0,GRN2#  ,ON,0,ACTIVE,ACTIVE,0.962,0.947,0.700,0.680,67.113,60.629,Avail,Compl,Avail,Incmpl,Incmpl,Enable,OBD II (California ARB),OFF,OFF,30.127,0.500,0,1st,OFF,OFF,OFF,OFF,OFF,OFF,0,-2.344,ON,OFF,700,0,OFF,OFF,OFF,ON,Gasoline,0.989,OFF,OFF,0.684,ON,1.094,14.902,17,0,0.742,0.742,2.305,0.742,0.918,2.031,46.275,0,14.902,16,0.012,0.035,OFF,ECT 5th,NA,OFF,97.614,97.636,13.333,0,Not Avl,0,0,0,0,ON,ON,0,0,1
467,0,14.174,Not Avl,Compl,Compl,Unable,OFF,Not Avl,Compl,Compl,Unable,OFF,38.281,50,28.750,29.375,19.531,39.551,15.686,31.765,0.781,1.582,ON,0,OFF,ON,ON,1.003,1.002,0.008,0.004,3.313,3.308,0,97,51199.219,13.906,23.922,OFF,OFF,OFF,OFF,OFF,OFF,OFF,Avail,Incmpl,Incmpl,Enable,Avail,408.800,254.500,408.800,254.500,ON,Avail,Compl,Enable,78,0,0,0,0,0,0,6,A,0,0,Avail,Incmpl,Incmpl,Enable,OFF,OFF,1008,741.250,51199.219,51199.219,51199.219,51199.219,51199.219,51199.219,1GRFE ,34.118,Avail,Incmpl,Incmpl,Enable,7.996,ON,OFF,OFF,OFF,ON,ON,Avail,Compl,Enable,Compl,CL,CL,Compl,Unable,Not Avl,Compl,Compl,Enable,OFF,130,17,321,ON,21.250,6.875,0.103,2330,6,21,-3,OFF,0.781,3.906,3.850,OFF,0,0,83,Avail,Compl,Enable,0,GRN2#  ,ON,0,ACTIVE,ACTIVE,0.962,0.942,0.680,0.680,66.465,59.980,Avail,Compl,Avail,Incmpl,Incmpl,Enable,OBD II (California ARB),OFF,OFF,30.127,0.500,0,1st,OFF,OFF,OFF,OFF,OFF,OFF,0.781,-1.562,ON,OFF,700,0,OFF,OFF,OFF,ON,Gasoline,0.987,OFF,OFF,0.684,ON,1.094,14.902,18,0,0.742,0.742,2.305,0.742,0.918,2.031,46.275,0,14.902,16,0.012,0.035,OFF,ECT 5th,NA,OFF,97.592,97.460,12.941,0,Not Avl,0,0,0,0,ON,ON,0,0,1
