Row,Count Codes(Include History),+BM Voltage [V],2nd Air Monitor,2nd Air Monitor,2nd Air Monitor CMPL,2nd Air Monitor ENA,4WD Switch,AC Monitor,AC Monitor,AC Monitor CMPL,AC Monitor ENA,AC Signal,Air/Fuel Heater Duty (Bank1 Sensor1) [%],Air/Fuel Heater Duty (Bank2 Sensor1) [%],A/T Oil Temperature 1 [degree C],A/T Oil Temperature 2 [degree C],Accel Fully Close Learn Count1 [deg],Accel Fully Close Learn Count2 [deg],Accel Sens. No.1 Volt % [%],Accel Sens. No.2 Volt % [%],Accel Sensor Out No.1 [V],Accel Sensor Out No.2 [V],Accelerator Idle Position,Accelerator Position [%],ACIS VSV,ACT VSV,Actuator Power Supply,AF Lambda (Bank1 Sensor1),AF Lambda (Bank2 Sensor1),AFS Current (Bank1 Sensor1) [mA],AFS Current (Bank2 Sensor1) [mA],AFS Voltage (Bank1 Sensor1) [V],AFS Voltage (Bank2 Sensor1) [V],All Cylinders Misfire Count,Atmosphere Pressure [kPa],Av Engine Speed of All Cyl [rpm],Battery Voltage [V],Calculate Load [%],Catalyst Misfire CylinderCount1,Catalyst Misfire CylinderCount2,Catalyst Misfire CylinderCount3,Catalyst Misfire CylinderCount4,Catalyst Misfire CylinderCount5,Catalyst Misfire CylinderCount6,Catalyst Misfire History,Catalyst Monitor,Catalyst Monitor,Catalyst Monitor CMPL,Catalyst Monitor ENA,Catalyst OT MF F/C,Catalyst Temp (Bank1 Sensor1) [degree C],Catalyst Temp B1S2 [degree C],Catalyst Temp (Bank2 Sensor1) [degree C],Catalyst Temp B2S2 [degree C],Closed Throttle Position Switch,Complete Parts Monitor,Component Monitor CMPL,Component Monitor ENA,Coolant Temp [degree C],Cylinder Count1 Misfire Count,Cylinder Count2 Misfire Count,Cylinder Count3 Misfire Count,Cylinder Count4 Misfire Count,Cylinder Count5 Misfire Count,Cylinder Count6 Misfire Count,Cylinder Number,Destination,Dist Batt Cable Disconnect [km],Distance from DTC Cleared [km],EGR/VVT Monitor,EGR/VVT Monitor,EGR/VVT Monitor CMPL,EGR/VVT Monitor ENA,Electrical Load Signal 1,Electrical Load Signal 2,Engine Run Time [s],Engine Speed [rpm],Engine Speed of Cyl Count1 [rpm],Engine Speed of Cyl Count2 [rpm],Engine Speed of Cyl Count3 [rpm],Engine Speed of Cyl Count4 [rpm],Engine Speed of Cyl Count5 [rpm],Engine Speed of Cyl Count6 [rpm],Engine Type,EVAP (Purge) VSV [%],EVAP Monitor,EVAP Monitor,EVAP Monitor CMPL,EVAP Monitor ENA,Evap Purge Flow [%],EVAP Purge VSV,EVAP System Vent Valve,FC TAU,Fuel Cut Condition,Fuel Pump Speed Control,Fuel Pump/Speed Status,Fuel System Monitor,Fuel System Monitor CMPL,Fuel System Monitor ENA,Fuel System Monitor Result,Fuel System Status Count1,Fuel System Status Count2,Heated Cat Monitor CMPL,Heated Cat Monitor ENA,Heated Catalyst Monitor,Heated Catalyst Monitor,Heater Monitor CMPL,Heater Monitor ENA,Idle Fuel Cut,IG OFF Elapsed Time [min],IGN Advance [deg],Ignition Trig. Count,Immobiliser Communication,Initial Engine Coolant Temp [degree C],Initial Intake Air Temp [degree C],Injection Volum (Cylinder1) [ml],Injector(Port) [us],Intake Air [degree C],Knock Correct Learn Value [degree CA],Knock Feedback Value [degree CA],Lock Up,Long FT (Bank1 Sensor1) [%],Long FT (Bank2 Sensor1) [%],MAF [gm/s],MIL,MIL on Run Distance [km],MISFIRE LOAD [g/rev],Misfire Margin [%],Misfire Monitor,Misfire Monitor CMPL,Misfire Monitor ENA,MISFIRE RPM [rpm],Model Code,Neutral Position Switch Signal,Number Of Emission DTC,O2 Heater B1S2,O2 Heater B2S2,O2 Heater Curr Val B1S2 [A],O2 Heater Curr Val B2S2 [A],O2S B1S2 [V],O2S B2S2 [V],O2S Impedance B1S2 [ohm],O2S Impedance B2S2 [ohm],O2S(Air/FuelS) Heater Monitor,O2S(Air/FuelS) Heater Monitor,O2S(Air/FuelS) Monitor,O2S(Air/FuelS) Monitor,O2S(Air/FuelS) Monitor CMPL,O2S(Air/FuelS) Monitor ENA,OBD Requirements,Open Side Malfunction,Power Steering Signal,Purge Cut VSV Duty [%],Purge Density Learn Value,Running Time from MIL ON [min],Shift Status,Shift Switch Status (2 Range),Shift Switch Status (3 Range),Shift Switch Status (D Range),Shift Switch Status (L Range),Shift Switch Status (R Range),Shift Switch Status(4 Range),Short FT (Bank1 Sensor1) [%],Short FT (Bank2 Sensor1) [%],SLT Solenoid Status,SLU Solenoid Status,SPD (NT) [rpm],SPD (SP2) [km/h],ST1,Starter Signal,Stop Light Switch,System Guard,System Identification,Target Air-Fuel Ratio,TC and TE1,TC Terminal,Throttle Fully Close Learn [V],Throttle Idle Position,Throttle Motor Current [A],Throttle Motor DUTY [%],Throttle Motor Duty (Close) [%],Throttle Motor Duty (Open) [%],Throttle Position Command [V],Throttle Position No.1 [V],Throttle Position No.2 [V],Throttle Require Position [V],Throttle Sens Open Pos Count1 [V],Throttle Sens Open Pos Count2 [V],Throttle Sensor Count2 Volt % [%],Throttle Sensor Position [%],Throttle Sensor Volt % [%],Time after DTC Cleared [min],TOTAL FT Count1,TOTAL FT Count2,Transfer L4,Transmission Type,Transmission Type2,Vacuum Pump,Vapor Pressure (Calculated) [kPa],Vapor Pressure Pump [kPa],Vehicle Load [%],Vehicle Speed [km/h],VN Turbo Type,VVT Aim Angle Count1 [%],VVT Aim Angle Count2 [%],VVT Change Angle Count1 [degree FR],VVT Change Angle Count2 [degree FR],VVT Control Status Count1,VVT Control Status Count2,VVT OCV Duty Count1 [%],VVT OCV Duty Count2 [%],Warmup Cycle Cleared DTC
1,0,13.691,Not Avl,Compl,Compl,Unable,OFF,Not Avl,Compl,Compl,Unable,OFF,61.719,41.406,35.625,37.500,19.531,39.551,15.686,31.765,0.781,1.582,ON,0,OFF,ON,ON,1.001,0.998,0.008,0,3.313,3.298,1,97,51199.219,13.417,25.490,OFF,OFF,OFF,OFF,OFF,OFF,OFF,Avail,Incmpl,Incmpl,Enable,Avail,116.300,50.900,116.300,50.900,ON,Avail,Compl,Enable,80,0,0,0,0,0,0,6,A,0,0,Avail,Incmpl,Incmpl,Enable,OFF,OFF,36,703.750,51199.219,51199.219,51199.219,51199.219,51199.219,51199.219,1GRFE ,0,Avail,Incmpl,Incmpl,Enable,0,OFF,OFF,OFF,OFF,ON,ON,Avail,Compl,Enable,Compl,CL,CL,Compl,Unable,Not Avl,Compl,Incmpl,Enable,OFF,0,15,253,ON,81.250,20,0.112,2520,16,21,-3,OFF,1.562,5.469,3.960,OFF,0,0,61,Avail,Compl,Enable,0,GRN2#  ,ON,0,ACTIVE,ACTIVE,0.996,0.977,0.835,0.835,901.977,741.164,Avail,Compl,Avail,Incmpl,Incmpl,Enable,OBD II (California ARB),OFF,OFF,0,0,0,1st,OFF,OFF,OFF,OFF,OFF,OFF,3.125,1.562,ON,OFF,650,0,OFF,OFF,OFF,ON,Gasoline,0.964,OFF,OFF,0.684,ON,0.391,14.902,10,0,0.742,0.742,2.324,0.742,0.918,2.031,46.667,0,14.902,39,0,0,OFF,ECT 5th,NA,OFF,97.900,97.900,14.118,0,Not Avl,0,0,0,0,ON,ON,0,0,1
2,0,13.691,Not Avl,Compl,Compl,Unable,OFF,Not Avl,Compl,Compl,Unable,OFF,61.719,41.406,35.625,37.500,19.531,39.551,15.686,31.765,0.781,1.582,ON,0,OFF,ON,ON,1.001,0.998,0.008,0,3.313,3.298,1,97,51199.219,13.417,25.490,OFF,OFF,OFF,OFF,OFF,OFF,OFF,Avail,Incmpl,Incmpl,Enable,Avail,116.300,50.900,116.300,50.900,ON,Avail,Compl,Enable,80,0,0,0,0,0,0,6,A,0,0,Avail,Incmpl,Incmpl,Enable,OFF,OFF,36,703.750,51199.219,51199.219,51199.219,51199.219,51199.219,51199.219,1GRFE ,0,Avail,Incmpl,Incmpl,Enable,0,OFF,OFF,OFF,OFF,ON,ON,Avail,Compl,Enable,Compl,CL,CL,Compl,Unable,Not Avl,Compl,Incmpl,Enable,OFF,0,15,253,ON,81.250,20,0.112,2520,16,21,-3,OFF,1.562,5.469,3.960,OFF,0,0,61,Avail,Compl,Enable,0,GRN2#  ,ON,0,ACTIVE,ACTIVE,0.996,0.977,0.835,0.835,901.977,741.164,Avail,Compl,Avail,Incmpl,Incmpl,Enable,OBD II (California ARB),OFF,OFF,0,0,0,1st,OFF,OFF,OFF,OFF,OFF,OFF,3.125,1.562,ON,OFF,650,0,OFF,OFF,OFF,ON,Gasoline,0.964,OFF,OFF,0.684,ON,0.391,14.902,10,0,0.742,0.742,2.324,0.742,0.918,2.031,46.667,0,14.902,39,0,0,OFF,ECT 5th,NA,OFF,97.900,97.900,14.118,0,Not Avl,0,0,0,0,ON,ON,0,0,1
3,0,13.701,Not Avl,Compl,Compl,Unable,OFF,Not Avl,Compl,Compl,Unable,OFF,61.719,41.406,35.625,37.500,19.531,39.551,15.686,31.765,0.781,1.582,ON,0,OFF,ON,ON,1.001,0.998,0.008,0,3.313,3.298,1,97,51199.219,13.417,25.490,OFF,OFF,OFF,OFF,OFF,OFF,OFF,Avail,Incmpl,Incmpl,Enable,Avail,116.300,50.900,116.300,50.900,ON,Avail,Compl,Enable,80,0,0,0,0,0,0,6,A,0,0,Avail,Incmpl,Incmpl,Enable,OFF,OFF,36,703.750,51199.219,51199.219,51199.219,51199.219,51199.219,51199.219,1GRFE ,0,Avail,Incmpl,Incmpl,Enable,0,OFF,OFF,OFF,OFF,ON,ON,Avail,Compl,Enable,Compl,CL,CL,Compl,Unable,Not Avl,Compl,Incmpl,Enable,OFF,0,15,253,ON,81.250,20,0.112,2520,16,21,-3,OFF,1.562,5.469,3.960,OFF,0,0,61,Avail,Compl,Enable,0,GRN2#  ,ON,0,ACTIVE,ACTIVE,0.996,0.977,0.835,0.835,901.977,741.164,Avail,Compl,Avail,Incmpl,Incmpl,Enable,OBD II (California ARB),OFF,OFF,0,0,0,1st,OFF,OFF,OFF,OFF,OFF,OFF,3.125,1.562,ON,OFF,650,0,OFF,OFF,OFF,ON,Gasoline,0.964,OFF,OFF,0.684,ON,0.391,14.902,10,0,0.742,0.742,2.324,0.742,0.918,2.031,46.667,0,14.902,39,0,0,OFF,ECT 5th,NA,OFF,97.900,97.900,14.118,0,Not Avl,0,0,0,0,ON,ON,0,0,1
4,0,13.701,Not Avl,Compl,Compl,Unable,OFF,Not Avl,Compl,Compl,Unable,OFF,61.719,41.406,35.625,37.500,19.531,39.551,15.686,31.765,0.781,1.582,ON,0,OFF,ON,ON,1.001,0.998,0.008,0,3.313,3.298,1,97,51199.219,13.417,25.490,OFF,OFF,OFF,OFF,OFF,OFF,OFF,Avail,Incmpl,Incmpl,Enable,Avail,116.300,50.900,116.300,50.900,ON,Avail,Compl,Enable,80,0,0,0,0,0,0,6,A,0,0,Avail,Incmpl,Incmpl,Enable,OFF,OFF,36,703.750,51199.219,51199.219,51199.219,51199.219,51199.219,51199.219,1GRFE ,0,Avail,Incmpl,Incmpl,Enable,0,OFF,OFF,OFF,OFF,ON,ON,Avail,Compl,Enable,Compl,CL,CL,Compl,Unable,Not Avl,Compl,Incmpl,Enable,OFF,0,15,253,ON,81.250,20,0.112,2520,16,21,-3,OFF,1.562,5.469,3.960,OFF,0,0,61,Avail,Compl,Enable,0,GRN2#  ,ON,0,ACTIVE,ACTIVE,0.996,0.977,0.835,0.835,901.977,741.164,Avail,Compl,Avail,Incmpl,Incmpl,Enable,OBD II (California ARB),OFF,OFF,0,0,0,1st,OFF,OFF,OFF,OFF,OFF,OFF,3.125,1.562,ON,OFF,650,0,OFF,OFF,OFF,ON,Gasoline,0.964,OFF,OFF,0.684,ON,0.391,14.902,10,0,0.742,0.742,2.324,0.742,0.918,2.031,46.667,0,14.902,39,0,0,OFF,ECT 5th,NA,OFF,97.900,97.900,14.118,0,Not Avl,0,0,0,0,ON,ON,0,0,1
5,0,13.701,Not Avl,Compl,Compl,Unable,OFF,Not Avl,Compl,Compl,Unable,OFF,61.719,41.406,35.625,37.500,19.531,39.551,15.686,31.765,0.781,1.582,ON,0,OFF,ON,ON,1.001,0.998,0.008,0,3.313,3.298,1,97,51199.219,13.417,25.490,OFF,OFF,OFF,OFF,OFF,OFF,OFF,Avail,Incmpl,Incmpl,Enable,Avail,116.300,50.900,116.300,50.900,ON,Avail,Compl,Enable,80,0,0,0,0,0,0,6,A,0,0,Avail,Incmpl,Incmpl,Enable,OFF,OFF,36,703.750,51199.219,51199.219,51199.219,51199.219,51199.219,51199.219,1GRFE ,0,Avail,Incmpl,Incmpl,Enable,0,OFF,OFF,OFF,OFF,ON,ON,Avail,Compl,Enable,Compl,CL,CL,Compl,Unable,Not Avl,Compl,Incmpl,Enable,OFF,0,15,253,ON,81.250,20,0.112,2520,16,21,-3,OFF,1.562,5.469,3.960,OFF,0,0,61,Avail,Compl,Enable,0,GRN2#  ,ON,0,ACTIVE,ACTIVE,0.996,0.977,0.835,0.835,901.977,741.164,Avail,Compl,Avail,Incmpl,Incmpl,Enable,OBD II (California ARB),OFF,OFF,0,0,0,1st,OFF,OFF,OFF,OFF,OFF,OFF,3.125,1.562,ON,OFF,650,0,OFF,OFF,OFF,ON,Gasoline,0.964,OFF,OFF,0.684,ON,0.391,14.902,10,0,0.742,0.742,2.324,0.742,0.918,2.031,46.667,0,14.902,39,0,0,OFF,ECT 5th,NA,OFF,97.900,97.900,14.118,0,Not Avl,0,0,0,0,ON,ON,0,0,1
6,0,13.701,Not Avl,Compl,Compl,Unable,OFF,Not Avl,Compl,Compl,Unable,OFF,61.719,41.406,35.625,37.500,19.531,39.551,15.686,31.765,0.781,1.582,ON,0,OFF,ON,ON,1.001,0.998,0.008,0,3.313,3.298,1,97,51199.219,13.417,25.490,OFF,OFF,OFF,OFF,OFF,OFF,OFF,Avail,Incmpl,Incmpl,Enable,Avail,116.300,50.900,116.300,50.900,ON,Avail,Compl,Enable,80,0,0,0,0,0,0,6,A,0,0,Avail,Incmpl,Incmpl,Enable,OFF,OFF,36,703.750,51199.219,51199.219,51199.219,51199.219,51199.219,51199.219,1GRFE ,0,Avail,Incmpl,Incmpl,Enable,0,OFF,OFF,OFF,OFF,ON,ON,Avail,Compl,Enable,Compl,CL,CL,Compl,Unable,Not Avl,Compl,Incmpl,Enable,OFF,0,15,253,ON,81.250,20,0.112,2520,16,21,-3,OFF,1.562,5.469,3.960,OFF,0,0,61,Avail,Compl,Enable,0,GRN2#  ,ON,0,ACTIVE,ACTIVE,0.996,0.977,0.835,0.835,901.977,741.164,Avail,Compl,Avail,Incmpl,Incmpl,Enable,OBD II (California ARB),OFF,OFF,0,0,0,1st,OFF,OFF,OFF,OFF,OFF,OFF,3.125,1.562,ON,OFF,650,0,OFF,OFF,OFF,ON,Gasoline,0.964,OFF,OFF,0.684,ON,0.391,14.902,10,0,0.742,0.742,2.324,0.742,0.918,2.031,46.667,0,14.902,39,0,0,OFF,ECT 5th,NA,OFF,97.900,97.900,14.118,0,Not Avl,0,0,0,0,ON,ON,0,0,1
7,0,13.701,Not Avl,Compl,Compl,Unable,OFF,Not Avl,Compl,Compl,Unable,OFF,61.719,41.406,35.625,37.500,19.531,39.551,15.686,31.765,0.781,1.582,ON,0,OFF,ON,ON,1.001,0.998,0.008,0,3.313,3.298,1,97,51199.219,13.417,25.490,OFF,OFF,OFF,OFF,OFF,OFF,OFF,Avail,Incmpl,Incmpl,Enable,Avail,116.300,50.900,116.300,50.900,ON,Avail,Compl,Enable,80,0,0,0,0,0,0,6,A,0,0,Avail,Incmpl,Incmpl,Enable,OFF,OFF,36,703.750,51199.219,51199.219,51199.219,51199.219,51199.219,51199.219,1GRFE ,0,Avail,Incmpl,Incmpl,Enable,0,OFF,OFF,OFF,OFF,ON,ON,Avail,Compl,Enable,Compl,CL,CL,Compl,Unable,Not Avl,Compl,Incmpl,Enable,OFF,0,15,253,ON,81.250,20,0.112,2520,16,21,-3,OFF,1.562,5.469,3.960,OFF,0,0,61,Avail,Compl,Enable,0,GRN2#  ,ON,0,ACTIVE,ACTIVE,0.996,0.977,0.835,0.835,901.977,741.164,Avail,Compl,Avail,Incmpl,Incmpl,Enable,OBD II (California ARB),OFF,OFF,0,0,0,1st,OFF,OFF,OFF,OFF,OFF,OFF,3.125,1.562,ON,OFF,650,0,OFF,OFF,OFF,ON,Gasoline,0.964,OFF,OFF,0.684,ON,0.391,14.902,10,0,0.742,0.742,2.324,0.742,0.918,2.031,46.667,0,14.902,39,0,0,OFF,ECT 5th,NA,OFF,97.900,97.900,14.118,0,Not Avl,0,0,0,0,ON,ON,0,0,1
8,0,13.701,Not Avl,Compl,Compl,Unable,OFF,Not Avl,Compl,Compl,Unable,OFF,61.719,41.406,35.625,37.500,19.531,39.551,15.686,31.765,0.781,1.582,ON,0,OFF,ON,ON,1.001,0.998,0.008,0,3.313,3.298,1,97,51199.219,13.417,25.490,OFF,OFF,OFF,OFF,OFF,OFF,OFF,Avail,Incmpl,Incmpl,Enable,Avail,116.300,50.900,116.300,50.900,ON,Avail,Compl,Enable,80,0,0,0,0,0,0,6,A,0,0,Avail,Incmpl,Incmpl,Enable,OFF,OFF,36,703.750,51199.219,51199.219,51199.219,51199.219,51199.219,51199.219,1GRFE ,0,Avail,Incmpl,Incmpl,Enable,0,OFF,OFF,OFF,OFF,ON,ON,Avail,Compl,Enable,Compl,CL,CL,Compl,Unable,Not Avl,Compl,Incmpl,Enable,OFF,0,15,253,ON,81.250,20,0.112,2520,16,21,-3,OFF,1.562,5.469,3.960,OFF,0,0,61,Avail,Compl,Enable,0,GRN2#  ,ON,0,ACTIVE,ACTIVE,0.996,0.977,0.835,0.835,901.977,741.164,Avail,Compl,Avail,Incmpl,Incmpl,Enable,OBD II (California ARB),OFF,OFF,0,0,0,1st,OFF,OFF,OFF,OFF,OFF,OFF,3.125,1.562,ON,OFF,650,0,OFF,OFF,OFF,ON,Gasoline,0.964,OFF,OFF,0.684,ON,0.391,14.902,10,0,0.742,0.742,2.324,0.742,0.918,2.031,46.667,0,14.902,39,0,0,OFF,ECT 5th,NA,OFF,97.900,97.900,14.118,0,Not Avl,0,0,0,0,ON,ON,0,0,1
9,0,13.701,Not Avl,Compl,Compl,Unable,OFF,Not Avl,Compl,Compl,Unable,OFF,61.719,41.406,35.625,37.500,19.531,39.551,15.686,31.765,0.781,1.582,ON,0,OFF,ON,ON,1.001,0.998,0.008,0,3.313,3.298,1,97,51199.219,13.417,25.490,OFF,OFF,OFF,OFF,OFF,OFF,OFF,Avail,Incmpl,Incmpl,Enable,Avail,116.300,50.900,116.300,50.900,ON,Avail,Compl,Enable,80,0,0,0,0,0,0,6,A,0,0,Avail,Incmpl,Incmpl,Enable,OFF,OFF,36,703.750,51199.219,51199.219,51199.219,51199.219,51199.219,51199.219,1GRFE ,0,Avail,Incmpl,Incmpl,Enable,0,OFF,OFF,OFF,OFF,ON,ON,Avail,Compl,Enable,Compl,CL,CL,Compl,Unable,Not Avl,Compl,Incmpl,Enable,OFF,0,15,253,ON,81.250,20,0.112,2520,16,21,-3,OFF,1.562,5.469,3.960,OFF,0,0,61,Avail,Compl,Enable,0,GRN2#  ,ON,0,ACTIVE,ACTIVE,0.996,0.977,0.835,0.835,901.977,741.164,Avail,Compl,Avail,Incmpl,Incmpl,Enable,OBD II (California ARB),OFF,OFF,0,0,0,1st,OFF,OFF,OFF,OFF,OFF,OFF,3.125,1.562,ON,OFF,650,0,OFF,OFF,OFF,ON,Gasoline,0.964,OFF,OFF,0.684,ON,0.391,14.902,10,0,0.742,0.742,2.324,0.742,0.918,2.031,46.667,0,14.902,39,0,0,OFF,ECT 5th,NA,OFF,97.900,97.900,14.118,0,Not Avl,0,0,0,0,ON,ON,0,0,1
10,0,13.701,Not Avl,Compl,Compl,Unable,OFF,Not Avl,Compl,Compl,Unable,OFF,61.719,41.406,35.625,37.500,19.531,39.551,15.686,31.765,0.781,1.582,ON,0,OFF,ON,ON,1.001,0.998,0.008,0,3.313,3.298,1,97,51199.219,13.417,25.490,OFF,OFF,OFF,OFF,OFF,OFF,OFF,Avail,Incmpl,Incmpl,Enable,Avail,116.300,50.900,116.300,50.900,ON,Avail,Compl,Enable,80,0,0,0,0,0,0,6,A,0,0,Avail,Incmpl,Incmpl,Enable,OFF,OFF,36,703.750,51199.219,51199.219,51199.219,51199.219,51199.219,51199.219,1GRFE ,0,Avail,Incmpl,Incmpl,Enable,0,OFF,OFF,OFF,OFF,ON,ON,Avail,Compl,Enable,Compl,CL,CL,Compl,Unable,Not Avl,Compl,Incmpl,Enable,OFF,0,15,253,ON,81.250,20,0.112,2520,16,21,-3,OFF,1.562,5.469,3.960,OFF,0,0,61,Avail,Compl,Enable,0,GRN2#  ,ON,0,ACTIVE,ACTIVE,0.996,0.977,0.835,0.835,901.977,741.164,Avail,Compl,Avail,Incmpl,Incmpl,Enable,OBD II (California ARB),OFF,OFF,0,0,0,1st,OFF,OFF,OFF,OFF,OFF,OFF,3.125,1.562,ON,OFF,650,0,OFF,OFF,OFF,ON,Gasoline,0.964,OFF,OFF,0.684,ON,0.391,14.902,10,0,0.742,0.742,2.324,0.742,0.918,2.031,46.667,0,14.902,39,0,0,OFF,ECT 5th,NA,OFF,97.900,97.900,14.118,0,Not Avl,0,0,0,0,ON,ON,0,0,1
11,0,13.701,Not Avl,Compl,Compl,Unable,OFF,Not Avl,Compl,Compl,Unable,OFF,61.719,41.406,35.625,37.500,19.531,39.551,15.686,31.765,0.781,1.582,ON,0,OFF,ON,ON,1.001,0.998,0.008,0,3.313,3.298,1,97,51199.219,13.417,25.490,OFF,OFF,OFF,OFF,OFF,OFF,OFF,Avail,Incmpl,Incmpl,Enable,Avail,116.300,50.900,116.300,50.900,ON,Avail,Compl,Enable,80,0,0,0,0,0,0,6,A,0,0,Avail,Incmpl,Incmpl,Enable,OFF,OFF,36,703.750,51199.219,51199.219,51199.219,51199.219,51199.219,51199.219,1GRFE ,0,Avail,Incmpl,Incmpl,Enable,0,OFF,OFF,OFF,OFF,ON,ON,Avail,Compl,Enable,Compl,CL,CL,Compl,Unable,Not Avl,Compl,Incmpl,Enable,OFF,0,15,253,ON,81.250,20,0.112,2520,16,21,-3,OFF,1.562,5.469,3.960,OFF,0,0,61,Avail,Compl,Enable,0,GRN2#  ,ON,0,ACTIVE,ACTIVE,0.996,0.977,0.835,0.835,901.977,741.164,Avail,Compl,Avail,Incmpl,Incmpl,Enable,OBD II (California ARB),OFF,OFF,0,0,0,1st,OFF,OFF,OFF,OFF,OFF,OFF,3.125,1.562,ON,OFF,650,0,OFF,OFF,OFF,ON,Gasoline,0.964,OFF,OFF,0.684,ON,0.391,14.902,10,0,0.742,0.742,2.324,0.742,0.918,2.031,46.667,0,14.902,39,0,0,OFF,ECT 5th,NA,OFF,97.900,97.900,14.118,0,Not Avl,0,0,0,0,ON,ON,0,0,1
12,0,13.701,Not Avl,Compl,Compl,Unable,OFF,Not Avl,Compl,Compl,Unable,OFF,61.719,41.406,35.625,37.500,19.531,39.551,15.686,31.765,0.781,1.582,ON,0,OFF,ON,ON,1.001,0.998,0.008,0,3.313,3.298,1,97,51199.219,13.417,25.490,OFF,OFF,OFF,OFF,OFF,OFF,OFF,Avail,Incmpl,Incmpl,Enable,Avail,116.300,50.900,116.300,50.900,ON,Avail,Compl,Enable,80,0,0,0,0,0,0,6,A,0,0,Avail,Incmpl,Incmpl,Enable,OFF,OFF,36,703.750,51199.219,51199.219,51199.219,51199.219,51199.219,51199.219,1GRFE ,0,Avail,Incmpl,Incmpl,Enable,0,OFF,OFF,OFF,OFF,ON,ON,Avail,Compl,Enable,Compl,CL,CL,Compl,Unable,Not Avl,Compl,Incmpl,Enable,OFF,0,15,253,ON,81.250,20,0.112,2520,16,21,-3,OFF,1.562,5.469,3.960,OFF,0,0,61,Avail,Compl,Enable,0,GRN2#  ,ON,0,ACTIVE,ACTIVE,0.996,0.977,0.835,0.835,901.977,741.164,Avail,Compl,Avail,Incmpl,Incmpl,Enable,OBD II (California ARB),OFF,OFF,0,0,0,1st,OFF,OFF,OFF,OFF,OFF,OFF,3.125,1.562,ON,OFF,650,0,OFF,OFF,OFF,ON,Gasoline,0.964,OFF,OFF,0.684,ON,0.391,14.902,10,0,0.742,0.742,2.324,0.742,0.918,2.031,46.667,0,14.902,39,0,0,OFF,ECT 5th,NA,OFF,97.900,97.900,14.118,0,Not Avl,0,0,0,0,ON,ON,0,0,1
13,0,13.701,Not Avl,Compl,Compl,Unable,OFF,Not Avl,Compl,Compl,Unable,OFF,61.719,41.406,35.625,37.500,19.531,39.551,15.686,31.765,0.781,1.582,ON,0,OFF,ON,ON,1.001,0.998,0.008,0,3.313,3.298,1,97,51199.219,13.417,25.490,OFF,OFF,OFF,OFF,OFF,OFF,OFF,Avail,Incmpl,Incmpl,Enable,Avail,116.300,50.900,116.300,50.900,ON,Avail,Compl,Enable,80,0,0,0,0,0,0,6,A,0,0,Avail,Incmpl,Incmpl,Enable,OFF,OFF,36,703.750,51199.219,51199.219,51199.219,51199.219,51199.219,51199.219,1GRFE ,0,Avail,Incmpl,Incmpl,Enable,0,OFF,OFF,OFF,OFF,ON,ON,Avail,Compl,Enable,Compl,CL,CL,Compl,Unable,Not Avl,Compl,Incmpl,Enable,OFF,0,15,253,ON,81.250,20,0.112,2520,16,21,-3,OFF,1.562,5.469,3.960,OFF,0,0,61,Avail,Compl,Enable,0,GRN2#  ,ON,0,ACTIVE,ACTIVE,0.996,0.977,0.835,0.835,901.977,741.164,Avail,Compl,Avail,Incmpl,Incmpl,Enable,OBD II (California ARB),OFF,OFF,0,0,0,1st,OFF,OFF,OFF,OFF,OFF,OFF,3.125,1.562,ON,OFF,650,0,OFF,OFF,OFF,ON,Gasoline,0.964,OFF,OFF,0.684,ON,0.391,14.902,10,0,0.742,0.742,2.324,0.742,0.918,2.031,46.667,0,14.902,39,0,0,OFF,ECT 5th,NA,OFF,97.900,97.900,14.118,0,Not Avl,0,0,0,0,ON,ON,0,0,1
14,0,13.701,Not Avl,Compl,Compl,Unable,OFF,Not Avl,Compl,Compl,Unable,OFF,53.125,41.406,35.625,37.500,19.531,39.551,15.686,31.765,0.781,1.582,ON,0,OFF,ON,ON,1.001,0.998,0.008,0,3.313,3.298,1,97,51199.219,13.417,25.490,OFF,OFF,OFF,OFF,OFF,OFF,OFF,Avail,Incmpl,Incmpl,Enable,Avail,116.300,50.900,116.300,50.900,ON,Avail,Compl,Enable,80,0,0,0,0,0,0,6,A,0,0,Avail,Incmpl,Incmpl,Enable,OFF,OFF,36,703.750,51199.219,51199.219,51199.219,51199.219,51199.219,51199.219,1GRFE ,0,Avail,Incmpl,Incmpl,Enable,0,OFF,OFF,OFF,OFF,ON,ON,Avail,Compl,Enable,Compl,CL,CL,Compl,Unable,Not Avl,Compl,Incmpl,Enable,OFF,0,15,253,ON,81.250,20,0.112,2520,16,21,-3,OFF,1.562,5.469,3.960,OFF,0,0,61,Avail,Compl,Enable,0,GRN2#  ,ON,0,ACTIVE,ACTIVE,0.996,0.977,0.835,0.835,901.977,741.164,Avail,Compl,Avail,Incmpl,Incmpl,Enable,OBD II (California ARB),OFF,OFF,0,0,0,1st,OFF,OFF,OFF,OFF,OFF,OFF,3.125,1.562,ON,OFF,650,0,OFF,OFF,OFF,ON,Gasoline,0.964,OFF,OFF,0.684,ON,0.391,14.902,10,0,0.742,0.742,2.324,0.742,0.918,2.031,46.667,0,14.902,39,0,0,OFF,ECT 5th,NA,OFF,97.900,97.900,14.118,0,Not Avl,0,0,0,0,ON,ON,0,0,1
15,0,13.701,Not Avl,Compl,Compl,Unable,OFF,Not Avl,Compl,Compl,Unable,OFF,53.125,40.625,35.625,37.500,19.531,39.551,15.686,31.765,0.781,1.582,ON,0,OFF,ON,ON,1.001,0.998,0.008,0,3.313,3.298,1,97,51199.219,13.417,25.490,OFF,OFF,OFF,OFF,OFF,OFF,OFF,Avail,Incmpl,Incmpl,Enable,Avail,116.300,50.900,116.300,50.900,ON,Avail,Compl,Enable,80,0,0,0,0,0,0,6,A,0,0,Avail,Incmpl,Incmpl,Enable,OFF,OFF,36,703.750,51199.219,51199.219,51199.219,51199.219,51199.219,51199.219,1GRFE ,0,Avail,Incmpl,Incmpl,Enable,0,OFF,OFF,OFF,OFF,ON,ON,Avail,Compl,Enable,Compl,CL,CL,Compl,Unable,Not Avl,Compl,Incmpl,Enable,OFF,0,15,253,ON,81.250,20,0.112,2520,16,21,-3,OFF,1.562,5.469,3.960,OFF,0,0,61,Avail,Compl,Enable,0,GRN2#  ,ON,0,ACTIVE,ACTIVE,0.996,0.977,0.835,0.835,901.977,741.164,Avail,Compl,Avail,Incmpl,Incmpl,Enable,OBD II (California ARB),OFF,OFF,0,0,0,1st,OFF,OFF,OFF,OFF,OFF,OFF,3.125,1.562,ON,OFF,650,0,OFF,OFF,OFF,ON,Gasoline,0.964,OFF,OFF,0.684,ON,0.391,14.902,10,0,0.742,0.742,2.324,0.742,0.918,2.031,46.667,0,14.902,39,0,0,OFF,ECT 5th,NA,OFF,97.900,97.900,14.118,0,Not Avl,0,0,0,0,ON,ON,0,0,1
16,0,13.701,Not Avl,Compl,Compl,Unable,OFF,Not Avl,Compl,Compl,Unable,OFF,53.125,40.625,36.250,37.500,19.531,39.551,15.686,31.765,0.781,1.582,ON,0,OFF,ON,ON,1.001,0.998,0.008,0,3.313,3.298,1,97,51199.219,13.417,25.490,OFF,OFF,OFF,OFF,OFF,OFF,OFF,Avail,Incmpl,Incmpl,Enable,Avail,116.300,50.900,116.300,50.900,ON,Avail,Compl,Enable,80,0,0,0,0,0,0,6,A,0,0,Avail,Incmpl,Incmpl,Enable,OFF,OFF,36,703.750,51199.219,51199.219,51199.219,51199.219,51199.219,51199.219,1GRFE ,0,Avail,Incmpl,Incmpl,Enable,0,OFF,OFF,OFF,OFF,ON,ON,Avail,Compl,Enable,Compl,CL,CL,Compl,Unable,Not Avl,Compl,Incmpl,Enable,OFF,0,15,253,ON,81.250,20,0.112,2520,16,21,-3,OFF,1.562,5.469,3.960,OFF,0,0,61,Avail,Compl,Enable,0,GRN2#  ,ON,0,ACTIVE,ACTIVE,0.996,0.977,0.835,0.835,901.977,741.164,Avail,Compl,Avail,Incmpl,Incmpl,Enable,OBD II (California ARB),OFF,OFF,0,0,0,1st,OFF,OFF,OFF,OFF,OFF,OFF,3.125,1.562,ON,OFF,650,0,OFF,OFF,OFF,ON,Gasoline,0.964,OFF,OFF,0.684,ON,0.391,14.902,10,0,0.742,0.742,2.324,0.742,0.918,2.031,46.667,0,14.902,39,0,0,OFF,ECT 5th,NA,OFF,97.900,97.900,14.118,0,Not Avl,0,0,0,0,ON,ON,0,0,1
17,0,13.701,Not Avl,Compl,Compl,Unable,OFF,Not Avl,Compl,Compl,Unable,OFF,53.125,40.625,36.250,37.500,19.531,39.551,15.686,31.765,0.781,1.582,ON,0,OFF,ON,ON,1.001,0.998,0.008,0,3.313,3.298,1,97,51199.219,13.417,25.490,OFF,OFF,OFF,OFF,OFF,OFF,OFF,Avail,Incmpl,Incmpl,Enable,Avail,116.300,50.900,116.300,50.900,ON,Avail,Compl,Enable,80,0,0,0,0,0,0,6,A,0,0,Avail,Incmpl,Incmpl,Enable,OFF,OFF,36,703.750,51199.219,51199.219,51199.219,51199.219,51199.219,51199.219,1GRFE ,0,Avail,Incmpl,Incmpl,Enable,0,OFF,OFF,OFF,OFF,ON,ON,Avail,Compl,Enable,Compl,CL,CL,Compl,Unable,Not Avl,Compl,Incmpl,Enable,OFF,0,15,253,ON,81.250,20,0.112,2520,16,21,-3,OFF,1.562,5.469,3.960,OFF,0,0,61,Avail,Compl,Enable,0,GRN2#  ,ON,0,ACTIVE,ACTIVE,0.996,0.977,0.835,0.835,901.977,741.164,Avail,Compl,Avail,Incmpl,Incmpl,Enable,OBD II (California ARB),OFF,OFF,0,0,0,1st,OFF,OFF,OFF,OFF,OFF,OFF,3.125,1.562,ON,OFF,650,0,OFF,OFF,OFF,ON,Gasoline,0.964,OFF,OFF,0.684,ON,0.391,14.902,10,0,0.742,0.742,2.324,0.742,0.918,2.031,46.667,0,14.902,39,0,0,OFF,ECT 5th,NA,OFF,97.900,97.900,14.118,0,Not Avl,0,0,0,0,ON,ON,0,0,1
18,0,13.701,Not Avl,Compl,Compl,Unable,OFF,Not Avl,Compl,Compl,Unable,OFF,53.125,40.625,36.250,37.500,19.531,39.551,15.686,31.765,0.781,1.582,ON,0,OFF,ON,ON,1.001,0.998,0.008,0,3.313,3.298,1,97,51199.219,13.417,25.490,OFF,OFF,OFF,OFF,OFF,OFF,OFF,Avail,Incmpl,Incmpl,Enable,Avail,116.300,50.900,116.300,50.900,ON,Avail,Compl,Enable,80,0,0,0,0,0,0,6,A,0,0,Avail,Incmpl,Incmpl,Enable,OFF,OFF,36,703.750,51199.219,51199.219,51199.219,51199.219,51199.219,51199.219,1GRFE ,0,Avail,Incmpl,Incmpl,Enable,0,OFF,OFF,OFF,OFF,ON,ON,Avail,Compl,Enable,Compl,CL,CL,Compl,Unable,Not Avl,Compl,Incmpl,Enable,OFF,0,15,253,ON,81.250,20,0.112,2520,16,21,-3,OFF,1.562,5.469,3.960,OFF,0,0,61,Avail,Compl,Enable,0,GRN2#  ,ON,0,ACTIVE,ACTIVE,0.996,0.977,0.835,0.835,901.977,741.164,Avail,Compl,Avail,Incmpl,Incmpl,Enable,OBD II (California ARB),OFF,OFF,0,0,0,1st,OFF,OFF,OFF,OFF,OFF,OFF,3.125,1.562,ON,OFF,650,0,OFF,OFF,OFF,ON,Gasoline,0.964,OFF,OFF,0.684,ON,0.391,14.902,10,0,0.742,0.742,2.324,0.742,0.918,2.031,46.667,0,14.902,39,0,0,OFF,ECT 5th,NA,OFF,97.900,97.900,14.118,0,Not Avl,0,0,0,0,ON,ON,0,0,1
19,0,13.701,Not Avl,Compl,Compl,Unable,OFF,Not Avl,Compl,Compl,Unable,OFF,53.125,40.625,36.250,37.500,19.531,39.551,15.686,31.765,0.781,1.582,ON,0,OFF,ON,ON,1.001,0.998,0.008,0,3.313,3.298,1,97,51199.219,13.417,25.490,OFF,OFF,OFF,OFF,OFF,OFF,OFF,Avail,Incmpl,Incmpl,Enable,Avail,116.300,50.900,116.300,50.900,ON,Avail,Compl,Enable,80,0,0,0,0,0,0,6,A,0,0,Avail,Incmpl,Incmpl,Enable,OFF,OFF,36,703.750,51199.219,51199.219,51199.219,51199.219,51199.219,51199.219,1GRFE ,0,Avail,Incmpl,Incmpl,Enable,0,OFF,OFF,OFF,OFF,ON,ON,Avail,Compl,Enable,Compl,CL,CL,Compl,Unable,Not Avl,Compl,Incmpl,Enable,OFF,0,15,253,ON,81.250,20,0.112,2520,16,21,-3,OFF,1.562,5.469,3.960,OFF,0,0,61,Avail,Compl,Enable,0,GRN2#  ,ON,0,ACTIVE,ACTIVE,0.996,0.977,0.835,0.835,901.977,741.164,Avail,Compl,Avail,Incmpl,Incmpl,Enable,OBD II (California ARB),OFF,OFF,0,0,0,1st,OFF,OFF,OFF,OFF,OFF,OFF,3.125,1.562,ON,OFF,650,0,OFF,OFF,OFF,ON,Gasoline,0.964,OFF,OFF,0.684,ON,0.391,14.902,10,0,0.742,0.742,2.324,0.742,0.918,2.031,46.667,0,14.902,39,0,0,OFF,ECT 5th,NA,OFF,97.900,97.900,14.118,0,Not Avl,0,0,0,0,ON,ON,0,0,1
20,0,13.701,Not Avl,Compl,Compl,Unable,OFF,Not Avl,Compl,Compl,Unable,OFF,53.125,40.625,36.250,37.500,19.531,39.551,15.686,31.765,0.781,1.582,ON,0,OFF,ON,ON,1.001,0.998,0.008,0,3.313,3.298,1,97,51199.219,13.417,25.490,OFF,OFF,OFF,OFF,OFF,OFF,OFF,Avail,Incmpl,Incmpl,Enable,Avail,116.300,50.900,116.300,50.900,ON,Avail,Compl,Enable,80,0,0,0,0,0,0,6,A,0,0,Avail,Incmpl,Incmpl,Enable,OFF,OFF,36,703.750,51199.219,51199.219,51199.219,51199.219,51199.219,51199.219,1GRFE ,0,Avail,Incmpl,Incmpl,Enable,0,OFF,OFF,OFF,OFF,ON,ON,Avail,Compl,Enable,Compl,CL,CL,Compl,Unable,Not Avl,Compl,Incmpl,Enable,OFF,0,15,253,ON,81.250,20,0.112,2520,16,21,-3,OFF,1.562,5.469,3.960,OFF,0,0,61,Avail,Compl,Enable,0,GRN2#  ,ON,0,ACTIVE,ACTIVE,0.996,0.977,0.835,0.835,901.977,741.164,Avail,Compl,Avail,Incmpl,Incmpl,Enable,OBD II (California ARB),OFF,OFF,0,0,0,1st,OFF,OFF,OFF,OFF,OFF,OFF,3.125,1.562,ON,OFF,650,0,OFF,OFF,OFF,ON,Gasoline,0.964,OFF,OFF,0.684,ON,0.391,14.902,10,0,0.742,0.742,2.324,0.742,0.918,2.031,46.667,0,14.902,39,0,0,OFF,ECT 5th,NA,OFF,97.900,97.900,14.118,0,Not Avl,0,0,0,0,ON,ON,0,0,1
21,0,13.701,Not Avl,Compl,Compl,Unable,OFF,Not Avl,Compl,Compl,Unable,OFF,53.125,40.625,36.250,37.500,19.531,39.551,15.686,31.765,0.781,1.582,ON,0,OFF,ON,ON,1.001,0.998,0.008,0,3.313,3.298,1,97,51199.219,13.417,25.490,OFF,OFF,OFF,OFF,OFF,OFF,OFF,Avail,Incmpl,Incmpl,Enable,Avail,116.300,50.900,116.300,50.900,ON,Avail,Compl,Enable,80,0,0,0,0,0,0,6,A,0,0,Avail,Incmpl,Incmpl,Enable,OFF,OFF,36,703.750,51199.219,51199.219,51199.219,51199.219,51199.219,51199.219,1GRFE ,0,Avail,Incmpl,Incmpl,Enable,0,OFF,OFF,OFF,OFF,ON,ON,Avail,Compl,Enable,Compl,CL,CL,Compl,Unable,Not Avl,Compl,Incmpl,Enable,OFF,0,15,253,ON,81.250,20,0.112,2520,16,21,-3,OFF,1.562,5.469,3.960,OFF,0,0,61,Avail,Compl,Enable,0,GRN2#  ,ON,0,ACTIVE,ACTIVE,0.996,0.977,0.835,0.835,901.977,741.164,Avail,Compl,Avail,Incmpl,Incmpl,Enable,OBD II (California ARB),OFF,OFF,0,0,0,1st,OFF,OFF,OFF,OFF,OFF,OFF,3.125,1.562,ON,OFF,650,0,OFF,OFF,OFF,ON,Gasoline,0.964,OFF,OFF,0.684,ON,0.391,14.902,10,0,0.742,0.742,2.324,0.742,0.918,2.031,46.667,0,14.902,39,0,0,OFF,ECT 5th,NA,OFF,97.900,97.900,14.118,0,Not Avl,0,0,0,0,ON,ON,0,0,1
22,0,13.701,Not Avl,Compl,Compl,Unable,OFF,Not Avl,Compl,Compl,Unable,OFF,53.125,40.625,36.250,37.500,19.531,39.551,15.686,31.765,0.781,1.582,ON,0,OFF,ON,ON,1.001,0.998,0.008,0,3.313,3.298,1,97,51199.219,13.417,25.490,OFF,OFF,OFF,OFF,OFF,OFF,OFF,Avail,Incmpl,Incmpl,Enable,Avail,116.300,50.900,116.300,50.900,ON,Avail,Compl,Enable,80,0,0,0,0,0,0,6,A,0,0,Avail,Incmpl,Incmpl,Enable,OFF,OFF,36,703.750,51199.219,51199.219,51199.219,51199.219,51199.219,51199.219,1GRFE ,0,Avail,Incmpl,Incmpl,Enable,0,OFF,OFF,OFF,OFF,ON,ON,Avail,Compl,Enable,Compl,CL,CL,Compl,Unable,Not Avl,Compl,Incmpl,Enable,OFF,0,15,253,ON,81.250,20,0.112,2520,16,21,-3,OFF,1.562,5.469,3.960,OFF,0,0,61,Avail,Compl,Enable,0,GRN2#  ,ON,0,ACTIVE,ACTIVE,0.996,0.977,0.835,0.835,901.977,741.164,Avail,Compl,Avail,Incmpl,Incmpl,Enable,OBD II (California ARB),OFF,OFF,0,0,0,1st,OFF,OFF,OFF,OFF,OFF,OFF,3.125,1.562,ON,OFF,650,0,OFF,OFF,OFF,ON,Gasoline,0.964,OFF,OFF,0.684,ON,0.391,14.902,10,0,0.742,0.742,2.324,0.742,0.918,2.031,46.667,0,14.902,39,0,0,OFF,ECT 5th,NA,OFF,97.900,97.900,14.118,0,Not Avl,0,0,0,0,ON,ON,0,0,1
23,0,13.701,Not Avl,Compl,Compl,Unable,OFF,Not Avl,Compl,Compl,Unable,OFF,53.125,40.625,36.250,37.500,19.531,39.551,15.686,31.765,0.781,1.582,ON,0,OFF,ON,ON,1.001,0.998,0.008,0,3.313,3.298,1,97,51199.219,13.417,25.490,OFF,OFF,OFF,OFF,OFF,OFF,OFF,Avail,Incmpl,Incmpl,Enable,Avail,116.300,50.900,116.300,50.900,ON,Avail,Compl,Enable,80,0,0,0,0,0,0,6,A,0,0,Avail,Incmpl,Incmpl,Enable,OFF,OFF,36,703.750,51199.219,51199.219,51199.219,51199.219,51199.219,51199.219,1GRFE ,0,Avail,Incmpl,Incmpl,Enable,0,OFF,OFF,OFF,OFF,ON,ON,Avail,Compl,Enable,Compl,CL,CL,Compl,Unable,Not Avl,Compl,Incmpl,Enable,OFF,0,15,253,ON,81.250,20,0.112,2520,16,21,-3,OFF,1.562,5.469,3.960,OFF,0,0,61,Avail,Compl,Enable,0,GRN2#  ,ON,0,ACTIVE,ACTIVE,0.996,0.977,0.835,0.835,901.977,741.164,Avail,Compl,Avail,Incmpl,Incmpl,Enable,OBD II (California ARB),OFF,OFF,0,0,0,1st,OFF,OFF,OFF,OFF,OFF,OFF,3.125,1.562,ON,OFF,650,0,OFF,OFF,OFF,ON,Gasoline,0.964,OFF,OFF,0.684,ON,0.391,14.902,10,0,0.742,0.742,2.324,0.742,0.918,2.031,46.667,0,14.902,39,0,0,OFF,ECT 5th,NA,OFF,97.900,97.900,14.118,0,Not Avl,0,0,0,0,ON,ON,0,0,1
24,0,13.701,Not Avl,Compl,Compl,Unable,OFF,Not Avl,Compl,Compl,Unable,OFF,53.125,40.625,36.250,37.500,19.531,39.551,15.686,31.765,0.781,1.582,ON,0,OFF,ON,ON,1.001,0.998,0.008,0,3.313,3.298,1,97,51199.219,13.417,25.490,OFF,OFF,OFF,OFF,OFF,OFF,OFF,Avail,Incmpl,Incmpl,Enable,Avail,116.300,50.900,116.300,50.900,ON,Avail,Compl,Enable,80,0,0,0,0,0,0,6,A,0,0,Avail,Incmpl,Incmpl,Enable,OFF,OFF,36,703.750,51199.219,51199.219,51199.219,51199.219,51199.219,51199.219,1GRFE ,0,Avail,Incmpl,Incmpl,Enable,0,OFF,OFF,OFF,OFF,ON,ON,Avail,Compl,Enable,Compl,CL,CL,Compl,Unable,Not Avl,Compl,Incmpl,Enable,OFF,0,15,253,ON,81.250,20,0.112,2520,16,21,-3,OFF,1.562,5.469,3.960,OFF,0,0,61,Avail,Compl,Enable,0,GRN2#  ,ON,0,ACTIVE,ACTIVE,0.996,0.977,0.835,0.835,901.977,741.164,Avail,Compl,Avail,Incmpl,Incmpl,Enable,OBD II (California ARB),OFF,OFF,0,0,0,1st,OFF,OFF,OFF,OFF,OFF,OFF,3.125,1.562,ON,OFF,650,0,OFF,OFF,OFF,ON,Gasoline,0.964,OFF,OFF,0.684,ON,0.391,14.902,10,0,0.742,0.742,2.324,0.742,0.918,2.031,46.667,0,14.902,39,0,0,OFF,ECT 5th,NA,OFF,97.900,97.900,14.118,0,Not Avl,0,0,0,0,ON,ON,0,0,1
25,0,13.701,Not Avl,Compl,Compl,Unable,OFF,Not Avl,Compl,Compl,Unable,OFF,53.125,40.625,36.250,37.500,19.531,39.551,15.686,31.765,0.781,1.582,ON,0,OFF,ON,ON,1.001,0.998,0.008,0,3.313,3.298,1,97,51199.219,13.417,25.490,OFF,OFF,OFF,OFF,OFF,OFF,OFF,Avail,Incmpl,Incmpl,Enable,Avail,116.300,50.900,116.300,50.900,ON,Avail,Compl,Enable,80,0,0,0,0,0,0,6,A,0,0,Avail,Incmpl,Incmpl,Enable,OFF,OFF,36,703.750,51199.219,51199.219,51199.219,51199.219,51199.219,51199.219,1GRFE ,0,Avail,Incmpl,Incmpl,Enable,0,OFF,OFF,OFF,OFF,ON,ON,Avail,Compl,Enable,Compl,CL,CL,Compl,Unable,Not Avl,Compl,Incmpl,Enable,OFF,0,15,253,ON,81.250,20,0.112,2520,16,21,-3,OFF,1.562,5.469,3.960,OFF,0,0,61,Avail,Compl,Enable,0,GRN2#  ,ON,0,ACTIVE,ACTIVE,0.996,0.977,0.835,0.835,901.977,741.164,Avail,Compl,Avail,Incmpl,Incmpl,Enable,OBD II (California ARB),OFF,OFF,0,0,0,1st,OFF,OFF,OFF,OFF,OFF,OFF,3.125,1.562,ON,OFF,650,0,OFF,OFF,OFF,ON,Gasoline,0.964,OFF,OFF,0.684,ON,0.391,14.902,10,0,0.742,0.742,2.324,0.742,0.918,2.031,46.667,0,14.902,39,0,0,OFF,ECT 5th,NA,OFF,97.900,97.900,14.118,0,Not Avl,0,0,0,0,ON,ON,0,0,1
26,0,13.701,Not Avl,Compl,Compl,Unable,OFF,Not Avl,Compl,Compl,Unable,OFF,53.125,40.625,36.250,37.500,19.531,39.551,15.686,31.765,0.781,1.582,ON,0,OFF,ON,ON,1.001,0.998,0.008,0,3.313,3.298,1,97,51199.219,13.417,25.490,OFF,OFF,OFF,OFF,OFF,OFF,OFF,Avail,Incmpl,Incmpl,Enable,Avail,116.300,50.900,116.300,50.900,ON,Avail,Compl,Enable,80,0,0,0,0,0,0,6,A,0,0,Avail,Incmpl,Incmpl,Enable,OFF,OFF,36,703.750,51199.219,51199.219,51199.219,51199.219,51199.219,51199.219,1GRFE ,0,Avail,Incmpl,Incmpl,Enable,0,OFF,OFF,OFF,OFF,ON,ON,Avail,Compl,Enable,Compl,CL,CL,Compl,Unable,Not Avl,Compl,Incmpl,Enable,OFF,0,15,253,ON,81.250,20,0.112,2520,16,21,-3,OFF,1.562,5.469,3.960,OFF,0,0,61,Avail,Compl,Enable,0,GRN2#  ,ON,0,ACTIVE,ACTIVE,0.996,0.977,0.835,0.835,901.977,741.164,Avail,Compl,Avail,Incmpl,Incmpl,Enable,OBD II (California ARB),OFF,OFF,0,0,0,1st,OFF,OFF,OFF,OFF,OFF,OFF,3.125,1.562,ON,OFF,650,0,OFF,OFF,OFF,ON,Gasoline,0.964,OFF,OFF,0.684,ON,0.391,14.902,10,0,0.742,0.742,2.324,0.742,0.918,2.031,46.667,0,14.902,39,0,0,OFF,ECT 5th,NA,OFF,97.900,97.900,14.118,0,Not Avl,0,0,0,0,ON,ON,0,0,1
27,0,13.701,Not Avl,Compl,Compl,Unable,OFF,Not Avl,Compl,Compl,Unable,OFF,53.125,40.625,36.250,37.500,19.531,39.551,15.686,31.765,0.781,1.582,ON,0,OFF,ON,ON,1.001,0.998,0.008,0,3.313,3.298,1,97,51199.219,13.417,25.490,OFF,OFF,OFF,OFF,OFF,OFF,OFF,Avail,Incmpl,Incmpl,Enable,Avail,116.300,50.900,116.300,50.900,ON,Avail,Compl,Enable,80,0,0,0,0,0,0,6,A,0,0,Avail,Incmpl,Incmpl,Enable,OFF,OFF,36,703.750,51199.219,51199.219,51199.219,51199.219,51199.219,51199.219,1GRFE ,0,Avail,Incmpl,Incmpl,Enable,0,OFF,OFF,OFF,OFF,ON,ON,Avail,Compl,Enable,Compl,CL,CL,Compl,Unable,Not Avl,Compl,Incmpl,Enable,OFF,0,15,253,ON,81.250,20,0.112,2520,16,21,-3,OFF,1.562,5.469,3.960,OFF,0,0,61,Avail,Compl,Enable,0,GRN2#  ,ON,0,ACTIVE,ACTIVE,0.996,0.977,0.835,0.835,901.977,741.164,Avail,Compl,Avail,Incmpl,Incmpl,Enable,OBD II (California ARB),OFF,OFF,0,0,0,1st,OFF,OFF,OFF,OFF,OFF,OFF,3.125,1.562,ON,OFF,650,0,OFF,OFF,OFF,ON,Gasoline,0.964,OFF,OFF,0.684,ON,0.391,14.902,10,0,0.742,0.742,2.324,0.742,0.918,2.031,46.667,0,14.902,39,0,0,OFF,ECT 5th,NA,OFF,97.900,97.900,14.118,0,Not Avl,0,0,0,0,ON,ON,0,0,1
28,0,13.701,Not Avl,Compl,Compl,Unable,OFF,Not Avl,Compl,Compl,Unable,OFF,53.125,40.625,36.250,37.500,19.531,39.551,15.686,31.765,0.781,1.582,ON,0,OFF,ON,ON,1.001,0.998,0.008,0,3.313,3.298,1,97,51199.219,13.417,25.490,OFF,OFF,OFF,OFF,OFF,OFF,OFF,Avail,Incmpl,Incmpl,Enable,Avail,116.300,50.900,116.300,50.900,ON,Avail,Compl,Enable,80,0,0,0,0,0,0,6,A,0,0,Avail,Incmpl,Incmpl,Enable,OFF,OFF,36,703.750,51199.219,51199.219,51199.219,51199.219,51199.219,51199.219,1GRFE ,0,Avail,Incmpl,Incmpl,Enable,0,OFF,OFF,OFF,OFF,ON,ON,Avail,Compl,Enable,Compl,CL,CL,Compl,Unable,Not Avl,Compl,Incmpl,Enable,OFF,0,15,253,ON,81.250,20,0.112,2520,16,21,-3,OFF,1.562,5.469,3.960,OFF,0,0,61,Avail,Compl,Enable,0,GRN2#  ,ON,0,ACTIVE,ACTIVE,0.996,0.977,0.835,0.835,901.977,741.164,Avail,Compl,Avail,Incmpl,Incmpl,Enable,OBD II (California ARB),OFF,OFF,0,0,0,1st,OFF,OFF,OFF,OFF,OFF,OFF,3.125,1.562,ON,OFF,650,0,OFF,OFF,OFF,ON,Gasoline,0.964,OFF,OFF,0.684,ON,0.391,14.902,10,0,0.742,0.742,2.324,0.742,0.918,2.031,46.667,0,14.902,39,0,0,OFF,ECT 5th,NA,OFF,97.900,97.900,14.118,0,Not Avl,0,0,0,0,ON,ON,0,0,1
29,0,13.701,Not Avl,Compl,Compl,Unable,OFF,Not Avl,Compl,Compl,Unable,OFF,53.125,40.625,36.250,37.500,19.531,39.551,15.686,31.765,0.781,1.582,ON,0,OFF,ON,ON,1.000,0.998,0.008,0,3.313,3.298,1,97,51199.219,13.417,25.490,OFF,OFF,OFF,OFF,OFF,OFF,OFF,Avail,Incmpl,Incmpl,Enable,Avail,116.300,50.900,116.300,50.900,ON,Avail,Compl,Enable,80,0,0,0,0,0,0,6,A,0,0,Avail,Incmpl,Incmpl,Enable,OFF,OFF,36,703.750,51199.219,51199.219,51199.219,51199.219,51199.219,51199.219,1GRFE ,0,Avail,Incmpl,Incmpl,Enable,0,OFF,OFF,OFF,OFF,ON,ON,Avail,Compl,Enable,Compl,CL,CL,Compl,Unable,Not Avl,Compl,Incmpl,Enable,OFF,0,15,253,ON,81.250,20,0.112,2520,16,21,-3,OFF,1.562,5.469,3.960,OFF,0,0,61,Avail,Compl,Enable,0,GRN2#  ,ON,0,ACTIVE,ACTIVE,0.996,0.977,0.835,0.835,901.977,741.164,Avail,Compl,Avail,Incmpl,Incmpl,Enable,OBD II (California ARB),OFF,OFF,0,0,0,1st,OFF,OFF,OFF,OFF,OFF,OFF,3.125,1.562,ON,OFF,650,0,OFF,OFF,OFF,ON,Gasoline,0.964,OFF,OFF,0.684,ON,0.391,14.902,10,0,0.742,0.742,2.324,0.742,0.918,2.031,46.667,0,14.902,39,0,0,OFF,ECT 5th,NA,OFF,97.900,97.900,14.118,0,Not Avl,0,0,0,0,ON,ON,0,0,1
30,0,13.701,Not Avl,Compl,Compl,Unable,OFF,Not Avl,Compl,Compl,Unable,OFF,53.125,40.625,36.250,37.500,19.531,39.551,15.686,31.765,0.781,1.582,ON,0,OFF,ON,ON,1.000,1.000,0.008,0,3.313,3.298,1,97,51199.219,13.417,25.490,OFF,OFF,OFF,OFF,OFF,OFF,OFF,Avail,Incmpl,Incmpl,Enable,Avail,116.300,50.900,116.300,50.900,ON,Avail,Compl,Enable,80,0,0,0,0,0,0,6,A,0,0,Avail,Incmpl,Incmpl,Enable,OFF,OFF,36,703.750,51199.219,51199.219,51199.219,51199.219,51199.219,51199.219,1GRFE ,0,Avail,Incmpl,Incmpl,Enable,0,OFF,OFF,OFF,OFF,ON,ON,Avail,Compl,Enable,Compl,CL,CL,Compl,Unable,Not Avl,Compl,Incmpl,Enable,OFF,0,15,253,ON,81.250,20,0.112,2520,16,21,-3,OFF,1.562,5.469,3.960,OFF,0,0,61,Avail,Compl,Enable,0,GRN2#  ,ON,0,ACTIVE,ACTIVE,0.996,0.977,0.835,0.835,901.977,741.164,Avail,Compl,Avail,Incmpl,Incmpl,Enable,OBD II (California ARB),OFF,OFF,0,0,0,1st,OFF,OFF,OFF,OFF,OFF,OFF,3.125,1.562,ON,OFF,650,0,OFF,OFF,OFF,ON,Gasoline,0.964,OFF,OFF,0.684,ON,0.391,14.902,10,0,0.742,0.742,2.324,0.742,0.918,2.031,46.667,0,14.902,39,0,0,OFF,ECT 5th,NA,OFF,97.900,97.900,14.118,0,Not Avl,0,0,0,0,ON,ON,0,0,1
31,0,13.701,Not Avl,Compl,Compl,Unable,OFF,Not Avl,Compl,Compl,Unable,OFF,53.125,40.625,36.250,37.500,19.531,39.551,15.686,31.765,0.781,1.582,ON,0,OFF,ON,ON,1.000,1.000,0,0,3.313,3.298,1,97,51199.219,13.417,25.490,OFF,OFF,OFF,OFF,OFF,OFF,OFF,Avail,Incmpl,Incmpl,Enable,Avail,116.300,50.900,116.300,50.900,ON,Avail,Compl,Enable,80,0,0,0,0,0,0,6,A,0,0,Avail,Incmpl,Incmpl,Enable,OFF,OFF,36,703.750,51199.219,51199.219,51199.219,51199.219,51199.219,51199.219,1GRFE ,0,Avail,Incmpl,Incmpl,Enable,0,OFF,OFF,OFF,OFF,ON,ON,Avail,Compl,Enable,Compl,CL,CL,Compl,Unable,Not Avl,Compl,Incmpl,Enable,OFF,0,15,253,ON,81.250,20,0.112,2520,16,21,-3,OFF,1.562,5.469,3.960,OFF,0,0,61,Avail,Compl,Enable,0,GRN2#  ,ON,0,ACTIVE,ACTIVE,0.996,0.977,0.835,0.835,901.977,741.164,Avail,Compl,Avail,Incmpl,Incmpl,Enable,OBD II (California ARB),OFF,OFF,0,0,0,1st,OFF,OFF,OFF,OFF,OFF,OFF,3.125,1.562,ON,OFF,650,0,OFF,OFF,OFF,ON,Gasoline,0.964,OFF,OFF,0.684,ON,0.391,14.902,10,0,0.742,0.742,2.324,0.742,0.918,2.031,46.667,0,14.902,39,0,0,OFF,ECT 5th,NA,OFF,97.900,97.900,14.118,0,Not Avl,0,0,0,0,ON,ON,0,0,1
32,0,13.701,Not Avl,Compl,Compl,Unable,OFF,Not Avl,Compl,Compl,Unable,OFF,53.125,40.625,36.250,37.500,19.531,39.551,15.686,31.765,0.781,1.582,ON,0,OFF,ON,ON,1.000,1.000,0,0.004,3.313,3.298,1,97,51199.219,13.417,25.490,OFF,OFF,OFF,OFF,OFF,OFF,OFF,Avail,Incmpl,Incmpl,Enable,Avail,116.300,50.900,116.300,50.900,ON,Avail,Compl,Enable,80,0,0,0,0,0,0,6,A,0,0,Avail,Incmpl,Incmpl,Enable,OFF,OFF,36,703.750,51199.219,51199.219,51199.219,51199.219,51199.219,51199.219,1GRFE ,0,Avail,Incmpl,Incmpl,Enable,0,OFF,OFF,OFF,OFF,ON,ON,Avail,Compl,Enable,Compl,CL,CL,Compl,Unable,Not Avl,Compl,Incmpl,Enable,OFF,0,15,253,ON,81.250,20,0.112,2520,16,21,-3,OFF,1.562,5.469,3.960,OFF,0,0,61,Avail,Compl,Enable,0,GRN2#  ,ON,0,ACTIVE,ACTIVE,0.996,0.977,0.835,0.835,901.977,741.164,Avail,Compl,Avail,Incmpl,Incmpl,Enable,OBD II (California ARB),OFF,OFF,0,0,0,1st,OFF,OFF,OFF,OFF,OFF,OFF,3.125,1.562,ON,OFF,650,0,OFF,OFF,OFF,ON,Gasoline,0.964,OFF,OFF,0.684,ON,0.391,14.902,10,0,0.742,0.742,2.324,0.742,0.918,2.031,46.667,0,14.902,39,0,0,OFF,ECT 5th,NA,OFF,97.900,97.900,14.118,0,Not Avl,0,0,0,0,ON,ON,0,0,1
33,0,13.701,Not Avl,Compl,Compl,Unable,OFF,Not Avl,Compl,Compl,Unable,OFF,53.125,40.625,36.250,37.500,19.531,39.551,15.686,31.765,0.781,1.582,ON,0,OFF,ON,ON,1.000,1.000,0,0.004,3.288,3.298,1,97,51199.219,13.417,25.490,OFF,OFF,OFF,OFF,OFF,OFF,OFF,Avail,Incmpl,Incmpl,Enable,Avail,116.300,50.900,116.300,50.900,ON,Avail,Compl,Enable,80,0,0,0,0,0,0,6,A,0,0,Avail,Incmpl,Incmpl,Enable,OFF,OFF,36,703.750,51199.219,51199.219,51199.219,51199.219,51199.219,51199.219,1GRFE ,0,Avail,Incmpl,Incmpl,Enable,0,OFF,OFF,OFF,OFF,ON,ON,Avail,Compl,Enable,Compl,CL,CL,Compl,Unable,Not Avl,Compl,Incmpl,Enable,OFF,0,15,253,ON,81.250,20,0.112,2520,16,21,-3,OFF,1.562,5.469,3.960,OFF,0,0,61,Avail,Compl,Enable,0,GRN2#  ,ON,0,ACTIVE,ACTIVE,0.996,0.977,0.835,0.835,901.977,741.164,Avail,Compl,Avail,Incmpl,Incmpl,Enable,OBD II (California ARB),OFF,OFF,0,0,0,1st,OFF,OFF,OFF,OFF,OFF,OFF,3.125,1.562,ON,OFF,650,0,OFF,OFF,OFF,ON,Gasoline,0.964,OFF,OFF,0.684,ON,0.391,14.902,10,0,0.742,0.742,2.324,0.742,0.918,2.031,46.667,0,14.902,39,0,0,OFF,ECT 5th,NA,OFF,97.900,97.900,14.118,0,Not Avl,0,0,0,0,ON,ON,0,0,1
34,0,13.701,Not Avl,Compl,Compl,Unable,OFF,Not Avl,Compl,Compl,Unable,OFF,53.125,40.625,36.250,37.500,19.531,39.551,15.686,31.765,0.781,1.582,ON,0,OFF,ON,ON,1.000,1.000,0,0.004,3.288,3.298,1,97,51199.219,13.417,25.490,OFF,OFF,OFF,OFF,OFF,OFF,OFF,Avail,Incmpl,Incmpl,Enable,Avail,116.300,50.900,116.300,50.900,ON,Avail,Compl,Enable,80,0,0,0,0,0,0,6,A,0,0,Avail,Incmpl,Incmpl,Enable,OFF,OFF,36,703.750,51199.219,51199.219,51199.219,51199.219,51199.219,51199.219,1GRFE ,0,Avail,Incmpl,Incmpl,Enable,0,OFF,OFF,OFF,OFF,ON,ON,Avail,Compl,Enable,Compl,CL,CL,Compl,Unable,Not Avl,Compl,Incmpl,Enable,OFF,0,15,253,ON,81.250,20,0.112,2520,16,21,-3,OFF,1.562,5.469,3.960,OFF,0,0,61,Avail,Compl,Enable,0,GRN2#  ,ON,0,ACTIVE,ACTIVE,0.996,0.977,0.835,0.835,901.977,741.164,Avail,Compl,Avail,Incmpl,Incmpl,Enable,OBD II (California ARB),OFF,OFF,0,0,0,1st,OFF,OFF,OFF,OFF,OFF,OFF,3.125,1.562,ON,OFF,650,0,OFF,OFF,OFF,ON,Gasoline,0.964,OFF,OFF,0.684,ON,0.391,14.902,10,0,0.742,0.742,2.324,0.742,0.918,2.031,46.667,0,14.902,39,0,0,OFF,ECT 5th,NA,OFF,97.900,97.900,14.118,0,Not Avl,0,0,0,0,ON,ON,0,0,1
35,0,13.701,Not Avl,Compl,Compl,Unable,OFF,Not Avl,Compl,Compl,Unable,OFF,53.125,40.625,36.250,37.500,19.531,39.551,15.686,31.765,0.781,1.582,ON,0,OFF,ON,ON,1.000,1.000,0,0.004,3.288,3.298,1,97,51199.219,13.417,25.490,OFF,OFF,OFF,OFF,OFF,OFF,OFF,Avail,Incmpl,Incmpl,Enable,Avail,116.300,50.900,116.300,50.900,ON,Avail,Compl,Enable,80,0,0,0,0,0,0,6,A,0,0,Avail,Incmpl,Incmpl,Enable,OFF,OFF,36,703.750,51199.219,51199.219,51199.219,51199.219,51199.219,51199.219,1GRFE ,0,Avail,Incmpl,Incmpl,Enable,0,OFF,OFF,OFF,OFF,ON,ON,Avail,Compl,Enable,Compl,CL,CL,Compl,Unable,Not Avl,Compl,Incmpl,Enable,OFF,0,15,253,ON,81.250,20,0.112,2520,16,21,-3,OFF,1.562,5.469,3.960,OFF,0,0,61,Avail,Compl,Enable,0,GRN2#  ,ON,0,ACTIVE,ACTIVE,0.996,0.977,0.835,0.835,901.977,741.164,Avail,Compl,Avail,Incmpl,Incmpl,Enable,OBD II (California ARB),OFF,OFF,0,0,0,1st,OFF,OFF,OFF,OFF,OFF,OFF,3.125,1.562,ON,OFF,650,0,OFF,OFF,OFF,ON,Gasoline,0.964,OFF,OFF,0.684,ON,0.391,14.902,10,0,0.742,0.742,2.324,0.742,0.918,2.031,46.667,0,14.902,39,0,0,OFF,ECT 5th,NA,OFF,97.900,97.900,14.118,0,Not Avl,0,0,0,0,ON,ON,0,0,1
36,0,13.701,Not Avl,Compl,Compl,Unable,OFF,Not Avl,Compl,Compl,Unable,OFF,53.125,40.625,36.250,37.500,19.531,39.551,15.686,31.765,0.781,1.582,ON,0,OFF,ON,ON,1.000,1.000,0,0.004,3.288,3.298,1,97,51199.219,13.417,25.490,OFF,OFF,OFF,OFF,OFF,OFF,OFF,Avail,Incmpl,Incmpl,Enable,Avail,116.300,50.900,116.300,50.900,ON,Avail,Compl,Enable,80,0,0,0,0,0,0,6,A,0,0,Avail,Incmpl,Incmpl,Enable,OFF,OFF,36,703.750,51199.219,51199.219,51199.219,51199.219,51199.219,51199.219,1GRFE ,0,Avail,Incmpl,Incmpl,Enable,0,OFF,OFF,OFF,OFF,ON,ON,Avail,Compl,Enable,Compl,CL,CL,Compl,Unable,Not Avl,Compl,Incmpl,Enable,OFF,0,15,253,ON,81.250,20,0.112,2520,16,21,-3,OFF,1.562,5.469,3.960,OFF,0,0,61,Avail,Compl,Enable,0,GRN2#  ,ON,0,ACTIVE,ACTIVE,0.996,0.977,0.835,0.835,901.977,741.164,Avail,Compl,Avail,Incmpl,Incmpl,Enable,OBD II (California ARB),OFF,OFF,0,0,0,1st,OFF,OFF,OFF,OFF,OFF,OFF,3.125,1.562,ON,OFF,650,0,OFF,OFF,OFF,ON,Gasoline,0.964,OFF,OFF,0.684,ON,0.391,14.902,10,0,0.742,0.742,2.324,0.742,0.918,2.031,46.667,0,14.902,39,0,0,OFF,ECT 5th,NA,OFF,97.900,97.900,14.118,0,Not Avl,0,0,0,0,ON,ON,0,0,1
37,0,13.701,Not Avl,Compl,Compl,Unable,OFF,Not Avl,Compl,Compl,Unable,OFF,53.125,40.625,36.250,37.500,19.531,39.551,15.686,31.765,0.781,1.582,ON,0,OFF,ON,ON,1.000,1.000,0,0.004,3.288,3.298,1,97,51199.219,13.417,25.490,OFF,OFF,OFF,OFF,OFF,OFF,OFF,Avail,Incmpl,Incmpl,Enable,Avail,116.300,50.900,116.300,50.900,ON,Avail,Compl,Enable,80,0,0,0,0,0,0,6,A,0,0,Avail,Incmpl,Incmpl,Enable,OFF,OFF,36,703.750,51199.219,51199.219,51199.219,51199.219,51199.219,51199.219,1GRFE ,0,Avail,Incmpl,Incmpl,Enable,0,OFF,OFF,OFF,OFF,ON,ON,Avail,Compl,Enable,Compl,CL,CL,Compl,Unable,Not Avl,Compl,Incmpl,Enable,OFF,0,15,253,ON,81.250,20,0.112,2520,16,21,-3,OFF,1.562,5.469,3.960,OFF,0,0,61,Avail,Compl,Enable,0,GRN2#  ,ON,0,ACTIVE,ACTIVE,0.996,0.977,0.835,0.835,901.977,741.164,Avail,Compl,Avail,Incmpl,Incmpl,Enable,OBD II (California ARB),OFF,OFF,0,0,0,1st,OFF,OFF,OFF,OFF,OFF,OFF,3.125,1.562,ON,OFF,650,0,OFF,OFF,OFF,ON,Gasoline,0.964,OFF,OFF,0.684,ON,0.391,14.902,10,0,0.742,0.742,2.324,0.742,0.918,2.031,46.667,0,14.902,39,0,0,OFF,ECT 5th,NA,OFF,97.900,97.900,14.118,0,Not Avl,0,0,0,0,ON,ON,0,0,1
38,0,13.701,Not Avl,Compl,Compl,Unable,OFF,Not Avl,Compl,Compl,Unable,OFF,53.125,40.625,36.250,37.500,19.531,39.551,15.686,31.765,0.781,1.582,ON,0,OFF,ON,ON,1.000,1.000,0,0.004,3.288,3.298,1,97,51199.219,13.417,25.490,OFF,OFF,OFF,OFF,OFF,OFF,OFF,Avail,Incmpl,Incmpl,Enable,Avail,116.300,50.900,116.300,50.900,ON,Avail,Compl,Enable,80,0,0,0,0,0,0,6,A,0,0,Avail,Incmpl,Incmpl,Enable,OFF,OFF,36,703.750,51199.219,51199.219,51199.219,51199.219,51199.219,51199.219,1GRFE ,0,Avail,Incmpl,Incmpl,Enable,0,OFF,OFF,OFF,OFF,ON,ON,Avail,Compl,Enable,Compl,CL,CL,Compl,Unable,Not Avl,Compl,Incmpl,Enable,OFF,0,15,253,ON,81.250,20,0.112,2520,16,21,-3,OFF,1.562,5.469,3.960,OFF,0,0,61,Avail,Compl,Enable,0,GRN2#  ,ON,0,ACTIVE,ACTIVE,0.996,0.977,0.835,0.835,901.977,741.164,Avail,Compl,Avail,Incmpl,Incmpl,Enable,OBD II (California ARB),OFF,OFF,0,0,0,1st,OFF,OFF,OFF,OFF,OFF,OFF,3.125,1.562,ON,OFF,650,0,OFF,OFF,OFF,ON,Gasoline,0.964,OFF,OFF,0.684,ON,0.391,14.902,10,0,0.742,0.742,2.324,0.742,0.918,2.031,46.667,0,14.902,39,0,0,OFF,ECT 5th,NA,OFF,97.900,97.900,14.118,0,Not Avl,0,0,0,0,ON,ON,0,0,1
39,0,13.701,Not Avl,Compl,Compl,Unable,OFF,Not Avl,Compl,Compl,Unable,OFF,53.125,40.625,36.250,37.500,19.531,39.551,15.686,31.765,0.781,1.582,ON,0,OFF,ON,ON,1.000,1.000,0,0.004,3.288,3.298,1,97,51199.219,13.417,25.490,OFF,OFF,OFF,OFF,OFF,OFF,OFF,Avail,Incmpl,Incmpl,Enable,Avail,116.300,50.900,116.300,50.900,ON,Avail,Compl,Enable,80,0,0,0,0,0,0,6,A,0,0,Avail,Incmpl,Incmpl,Enable,OFF,OFF,36,703.750,51199.219,51199.219,51199.219,51199.219,51199.219,51199.219,1GRFE ,0,Avail,Incmpl,Incmpl,Enable,0,OFF,OFF,OFF,OFF,ON,ON,Avail,Compl,Enable,Compl,CL,CL,Compl,Unable,Not Avl,Compl,Incmpl,Enable,OFF,0,15,253,ON,81.250,20,0.112,2520,16,21,-3,OFF,1.562,5.469,3.960,OFF,0,0,61,Avail,Compl,Enable,0,GRN2#  ,ON,0,ACTIVE,ACTIVE,0.996,0.977,0.835,0.835,901.977,741.164,Avail,Compl,Avail,Incmpl,Incmpl,Enable,OBD II (California ARB),OFF,OFF,0,0,0,1st,OFF,OFF,OFF,OFF,OFF,OFF,3.125,1.562,ON,OFF,650,0,OFF,OFF,OFF,ON,Gasoline,0.964,OFF,OFF,0.684,ON,0.391,14.902,10,0,0.742,0.742,2.324,0.742,0.918,2.031,46.667,0,14.902,39,0,0,OFF,ECT 5th,NA,OFF,97.900,97.900,14.118,0,Not Avl,0,0,0,0,ON,ON,0,0,1
40,0,13.701,Not Avl,Compl,Compl,Unable,OFF,Not Avl,Compl,Compl,Unable,OFF,53.125,40.625,36.250,37.500,19.531,39.551,15.686,31.765,0.781,1.582,ON,0,OFF,ON,ON,1.000,1.000,0,0.004,3.288,3.298,1,97,51199.219,13.417,25.490,OFF,OFF,OFF,OFF,OFF,OFF,OFF,Avail,Incmpl,Incmpl,Enable,Avail,116.300,50.900,116.300,50.900,ON,Avail,Compl,Enable,80,0,0,0,0,0,0,6,A,0,0,Avail,Incmpl,Incmpl,Enable,OFF,OFF,36,703.750,51199.219,51199.219,51199.219,51199.219,51199.219,51199.219,1GRFE ,0,Avail,Incmpl,Incmpl,Enable,0,OFF,OFF,OFF,OFF,ON,ON,Avail,Compl,Enable,Compl,CL,CL,Compl,Unable,Not Avl,Compl,Incmpl,Enable,OFF,0,15,253,ON,81.250,20,0.112,2520,16,21,-3,OFF,1.562,5.469,3.960,OFF,0,0,61,Avail,Compl,Enable,0,GRN2#  ,ON,0,ACTIVE,ACTIVE,0.996,0.977,0.835,0.835,901.977,741.164,Avail,Compl,Avail,Incmpl,Incmpl,Enable,OBD II (California ARB),OFF,OFF,0,0,0,1st,OFF,OFF,OFF,OFF,OFF,OFF,3.125,1.562,ON,OFF,650,0,OFF,OFF,OFF,ON,Gasoline,0.964,OFF,OFF,0.684,ON,0.391,14.902,10,0,0.742,0.742,2.324,0.742,0.918,2.031,46.667,0,14.902,39,0,0,OFF,ECT 5th,NA,OFF,97.900,97.900,14.118,0,Not Avl,0,0,0,0,ON,ON,0,0,1
41,0,13.701,Not Avl,Compl,Compl,Unable,OFF,Not Avl,Compl,Compl,Unable,OFF,53.125,40.625,36.250,37.500,19.531,39.551,15.686,31.765,0.781,1.582,ON,0,OFF,ON,ON,1.000,1.000,0,0.004,3.288,3.298,1,97,51199.219,13.417,25.490,OFF,OFF,OFF,OFF,OFF,OFF,OFF,Avail,Incmpl,Incmpl,Enable,Avail,116.300,50.900,116.300,50.900,ON,Avail,Compl,Enable,80,0,0,0,0,0,0,6,A,0,0,Avail,Incmpl,Incmpl,Enable,OFF,OFF,36,703.750,51199.219,51199.219,51199.219,51199.219,51199.219,51199.219,1GRFE ,0,Avail,Incmpl,Incmpl,Enable,0,OFF,OFF,OFF,OFF,ON,ON,Avail,Compl,Enable,Compl,CL,CL,Compl,Unable,Not Avl,Compl,Incmpl,Enable,OFF,0,15,253,ON,81.250,20,0.112,2520,16,21,-3,OFF,1.562,5.469,3.960,OFF,0,0,61,Avail,Compl,Enable,0,GRN2#  ,ON,0,ACTIVE,ACTIVE,0.996,0.977,0.835,0.835,901.977,741.164,Avail,Compl,Avail,Incmpl,Incmpl,Enable,OBD II (California ARB),OFF,OFF,0,0,0,1st,OFF,OFF,OFF,OFF,OFF,OFF,3.125,1.562,ON,OFF,650,0,OFF,OFF,OFF,ON,Gasoline,0.964,OFF,OFF,0.684,ON,0.391,14.902,10,0,0.742,0.742,2.324,0.742,0.918,2.031,46.667,0,14.902,39,0,0,OFF,ECT 5th,NA,OFF,97.900,97.900,14.118,0,Not Avl,0,0,0,0,ON,ON,0,0,1
42,0,13.701,Not Avl,Compl,Compl,Unable,OFF,Not Avl,Compl,Compl,Unable,OFF,53.125,40.625,36.250,37.500,19.531,39.551,15.686,31.765,0.781,1.582,ON,0,OFF,ON,ON,1.000,1.000,0,0.004,3.288,3.298,1,97,51199.219,13.417,25.490,OFF,OFF,OFF,OFF,OFF,OFF,OFF,Avail,Incmpl,Incmpl,Enable,Avail,116.300,50.900,116.300,50.900,ON,Avail,Compl,Enable,80,0,0,0,0,0,0,6,A,0,0,Avail,Incmpl,Incmpl,Enable,OFF,OFF,36,703.750,51199.219,51199.219,51199.219,51199.219,51199.219,51199.219,1GRFE ,0,Avail,Incmpl,Incmpl,Enable,0,OFF,OFF,OFF,OFF,ON,ON,Avail,Compl,Enable,Compl,CL,CL,Compl,Unable,Not Avl,Compl,Incmpl,Enable,OFF,0,15,253,ON,81.250,20,0.112,2520,16,21,-3,OFF,1.562,5.469,3.960,OFF,0,0,61,Avail,Compl,Enable,0,GRN2#  ,ON,0,ACTIVE,ACTIVE,0.996,0.977,0.835,0.835,901.977,741.164,Avail,Compl,Avail,Incmpl,Incmpl,Enable,OBD II (California ARB),OFF,OFF,0,0,0,1st,OFF,OFF,OFF,OFF,OFF,OFF,3.125,1.562,ON,OFF,650,0,OFF,OFF,OFF,ON,Gasoline,0.964,OFF,OFF,0.684,ON,0.391,14.902,10,0,0.742,0.742,2.324,0.742,0.918,2.031,46.667,0,14.902,39,0,0,OFF,ECT 5th,NA,OFF,97.900,97.900,14.118,0,Not Avl,0,0,0,0,ON,ON,0,0,1
43,0,13.701,Not Avl,Compl,Compl,Unable,OFF,Not Avl,Compl,Compl,Unable,OFF,53.125,40.625,36.250,37.500,19.531,39.551,15.686,31.765,0.781,1.582,ON,0,OFF,ON,ON,1.000,1.000,0,0.004,3.288,3.298,1,97,51199.219,13.417,25.490,OFF,OFF,OFF,OFF,OFF,OFF,OFF,Avail,Incmpl,Incmpl,Enable,Avail,116.300,50.900,116.300,50.900,ON,Avail,Compl,Enable,80,0,0,0,0,0,0,6,A,0,0,Avail,Incmpl,Incmpl,Enable,OFF,OFF,36,703.750,51199.219,51199.219,51199.219,51199.219,51199.219,51199.219,1GRFE ,0,Avail,Incmpl,Incmpl,Enable,0,OFF,OFF,OFF,OFF,ON,ON,Avail,Compl,Enable,Compl,CL,CL,Compl,Unable,Not Avl,Compl,Incmpl,Enable,OFF,0,15,253,ON,81.250,20,0.112,2520,16,21,-3,OFF,1.562,5.469,3.960,OFF,0,0,61,Avail,Compl,Enable,0,GRN2#  ,ON,0,ACTIVE,ACTIVE,0.996,0.977,0.835,0.835,901.977,741.164,Avail,Compl,Avail,Incmpl,Incmpl,Enable,OBD II (California ARB),OFF,OFF,0,0,0,1st,OFF,OFF,OFF,OFF,OFF,OFF,3.125,1.562,ON,OFF,650,0,OFF,OFF,OFF,ON,Gasoline,0.964,OFF,OFF,0.684,ON,0.391,14.902,10,0,0.742,0.742,2.324,0.742,0.918,2.031,46.667,0,14.902,39,0,0,OFF,ECT 5th,NA,OFF,97.900,97.900,14.118,0,Not Avl,0,0,0,0,ON,ON,0,0,1
44,0,13.701,Not Avl,Compl,Compl,Unable,OFF,Not Avl,Compl,Compl,Unable,OFF,53.125,40.625,36.250,37.500,19.531,39.551,15.686,31.765,0.781,1.582,ON,0,OFF,ON,ON,1.000,1.000,0,0.004,3.288,3.298,1,97,51199.219,13.417,25.490,OFF,OFF,OFF,OFF,OFF,OFF,OFF,Avail,Incmpl,Incmpl,Enable,Avail,116.300,50.900,116.300,50.900,ON,Avail,Compl,Enable,80,0,0,0,0,0,0,6,A,0,0,Avail,Incmpl,Incmpl,Enable,OFF,OFF,36,703.750,51199.219,51199.219,51199.219,51199.219,51199.219,51199.219,1GRFE ,0,Avail,Incmpl,Incmpl,Enable,0,OFF,OFF,OFF,OFF,ON,ON,Avail,Compl,Enable,Compl,CL,CL,Compl,Unable,Not Avl,Compl,Incmpl,Enable,OFF,0,15,253,ON,81.250,20,0.112,2520,16,21,-3,OFF,1.562,5.469,3.960,OFF,0,0,61,Avail,Compl,Enable,0,GRN2#  ,ON,0,ACTIVE,ACTIVE,0.996,0.977,0.835,0.835,901.977,741.164,Avail,Compl,Avail,Incmpl,Incmpl,Enable,OBD II (California ARB),OFF,OFF,0,0,0,1st,OFF,OFF,OFF,OFF,OFF,OFF,3.125,1.562,ON,OFF,650,0,OFF,OFF,OFF,ON,Gasoline,0.964,OFF,OFF,0.684,ON,0.391,14.902,10,0,0.742,0.742,2.324,0.742,0.918,2.031,46.667,0,14.902,39,0,0,OFF,ECT 5th,NA,OFF,97.900,97.900,14.118,0,Not Avl,0,0,0,0,ON,ON,0,0,1
45,0,13.701,Not Avl,Compl,Compl,Unable,OFF,Not Avl,Compl,Compl,Unable,OFF,53.125,40.625,36.250,37.500,19.531,39.551,15.686,31.765,0.781,1.582,ON,0,OFF,ON,ON,1.000,1.000,0,0.004,3.288,3.298,1,97,51199.219,13.417,25.490,OFF,OFF,OFF,OFF,OFF,OFF,OFF,Avail,Incmpl,Incmpl,Enable,Avail,116.300,50.900,116.300,50.900,ON,Avail,Compl,Enable,80,0,0,0,0,0,0,6,A,0,0,Avail,Incmpl,Incmpl,Enable,OFF,OFF,36,703.750,51199.219,51199.219,51199.219,51199.219,51199.219,51199.219,1GRFE ,0,Avail,Incmpl,Incmpl,Enable,0,OFF,OFF,OFF,OFF,ON,ON,Avail,Compl,Enable,Compl,CL,CL,Compl,Unable,Not Avl,Compl,Incmpl,Enable,OFF,0,15,253,ON,81.250,20,0.112,2520,16,21,-3,OFF,1.562,5.469,3.960,OFF,0,0,61,Avail,Compl,Enable,0,GRN2#  ,ON,0,ACTIVE,ACTIVE,0.996,0.977,0.835,0.835,901.977,741.164,Avail,Compl,Avail,Incmpl,Incmpl,Enable,OBD II (California ARB),OFF,OFF,0,0,0,1st,OFF,OFF,OFF,OFF,OFF,OFF,3.125,1.562,ON,OFF,650,0,OFF,OFF,OFF,ON,Gasoline,0.964,OFF,OFF,0.684,ON,0.391,14.902,10,0,0.742,0.742,2.324,0.742,0.918,2.031,46.667,0,14.902,39,0,0,OFF,ECT 5th,NA,OFF,97.900,97.900,14.118,0,Not Avl,0,0,0,0,ON,ON,0,0,1
46,0,13.701,Not Avl,Compl,Compl,Unable,OFF,Not Avl,Compl,Compl,Unable,OFF,53.125,40.625,36.250,37.500,19.531,39.551,15.686,31.765,0.781,1.582,ON,0,OFF,ON,ON,1.000,1.000,0,0.004,3.288,3.298,1,97,51199.219,13.417,25.490,OFF,OFF,OFF,OFF,OFF,OFF,OFF,Avail,Incmpl,Incmpl,Enable,Avail,116.300,50.900,116.300,50.900,ON,Avail,Compl,Enable,80,0,0,0,0,0,0,6,A,0,0,Avail,Incmpl,Incmpl,Enable,OFF,OFF,36,703.750,51199.219,51199.219,51199.219,51199.219,51199.219,51199.219,1GRFE ,0,Avail,Incmpl,Incmpl,Enable,0,OFF,OFF,OFF,OFF,ON,ON,Avail,Compl,Enable,Compl,CL,CL,Compl,Unable,Not Avl,Compl,Incmpl,Enable,OFF,0,15,253,ON,81.250,20,0.112,2520,16,21,-3,OFF,1.562,5.469,3.960,OFF,0,0,61,Avail,Compl,Enable,0,GRN2#  ,ON,0,ACTIVE,ACTIVE,0.996,0.977,0.835,0.835,901.977,741.164,Avail,Compl,Avail,Incmpl,Incmpl,Enable,OBD II (California ARB),OFF,OFF,0,0,0,1st,OFF,OFF,OFF,OFF,OFF,OFF,3.125,1.562,ON,OFF,650,0,OFF,OFF,OFF,ON,Gasoline,0.964,OFF,OFF,0.684,ON,0.391,14.902,10,0,0.742,0.742,2.324,0.742,0.918,2.031,46.667,0,14.902,39,0,0,OFF,ECT 5th,NA,OFF,97.900,97.900,14.118,0,Not Avl,0,0,0,0,ON,ON,0,0,1
47,0,13.701,Not Avl,Compl,Compl,Unable,OFF,Not Avl,Compl,Compl,Unable,OFF,53.125,40.625,36.250,37.500,19.531,39.551,15.686,31.765,0.781,1.582,ON,0,OFF,ON,ON,1.000,1.000,0,0.004,3.288,3.298,1,97,51199.219,13.417,25.490,OFF,OFF,OFF,OFF,OFF,OFF,OFF,Avail,Incmpl,Incmpl,Enable,Avail,116.300,50.900,116.300,50.900,ON,Avail,Compl,Enable,80,0,0,0,0,0,0,6,A,0,0,Avail,Incmpl,Incmpl,Enable,OFF,OFF,36,703.750,51199.219,51199.219,51199.219,51199.219,51199.219,51199.219,1GRFE ,0,Avail,Incmpl,Incmpl,Enable,0,OFF,OFF,OFF,OFF,ON,ON,Avail,Compl,Enable,Compl,CL,CL,Compl,Unable,Not Avl,Compl,Incmpl,Enable,OFF,0,15,253,ON,81.250,20,0.112,2520,16,21,-3,OFF,1.562,5.469,3.960,OFF,0,0,61,Avail,Compl,Enable,0,GRN2#  ,ON,0,ACTIVE,ACTIVE,0.996,0.977,0.835,0.835,901.977,741.164,Avail,Compl,Avail,Incmpl,Incmpl,Enable,OBD II (California ARB),OFF,OFF,0,0,0,1st,OFF,OFF,OFF,OFF,OFF,OFF,3.125,1.562,ON,OFF,650,0,OFF,OFF,OFF,ON,Gasoline,0.964,OFF,OFF,0.684,ON,0.391,14.902,10,0,0.742,0.742,2.324,0.742,0.918,2.031,46.667,0,14.902,39,0,0,OFF,ECT 5th,NA,OFF,97.900,97.900,14.118,0,Not Avl,0,0,0,0,ON,ON,0,0,1
48,0,13.701,Not Avl,Compl,Compl,Unable,OFF,Not Avl,Compl,Compl,Unable,OFF,53.125,40.625,36.250,37.500,19.531,39.551,15.686,31.765,0.781,1.582,ON,0,OFF,ON,ON,1.000,1.000,0,0.004,3.288,3.298,1,97,51199.219,13.417,25.490,OFF,OFF,OFF,OFF,OFF,OFF,OFF,Avail,Incmpl,Incmpl,Enable,Avail,116.300,50.900,116.300,50.900,ON,Avail,Compl,Enable,80,0,0,0,0,0,0,6,A,0,0,Avail,Incmpl,Incmpl,Enable,OFF,OFF,36,703.750,51199.219,51199.219,51199.219,51199.219,51199.219,51199.219,1GRFE ,0,Avail,Incmpl,Incmpl,Enable,0,OFF,OFF,OFF,OFF,ON,ON,Avail,Compl,Enable,Compl,CL,CL,Compl,Unable,Not Avl,Compl,Incmpl,Enable,OFF,0,15,253,ON,81.250,20,0.112,2520,16,21,-3,OFF,1.562,5.469,3.960,OFF,0,0,61,Avail,Compl,Enable,0,GRN2#  ,ON,0,ACTIVE,ACTIVE,0.996,0.977,0.835,0.835,901.977,741.164,Avail,Compl,Avail,Incmpl,Incmpl,Enable,OBD II (California ARB),OFF,OFF,0,0,0,1st,OFF,OFF,OFF,OFF,OFF,OFF,3.125,1.562,ON,OFF,650,0,OFF,OFF,OFF,ON,Gasoline,0.964,OFF,OFF,0.684,ON,0.391,14.902,10,0,0.742,0.742,2.324,0.742,0.918,2.031,46.667,0,14.902,39,0,0,OFF,ECT 5th,NA,OFF,97.900,97.900,14.118,0,Not Avl,0,0,0,0,ON,ON,0,0,1
49,0,13.701,Not Avl,Compl,Compl,Unable,OFF,Not Avl,Compl,Compl,Unable,OFF,53.125,40.625,36.250,37.500,19.531,39.551,15.686,31.765,0.781,1.582,ON,0,OFF,ON,ON,1.000,1.000,0,0.004,3.288,3.298,1,97,51199.219,13.417,25.490,OFF,OFF,OFF,OFF,OFF,OFF,OFF,Avail,Incmpl,Incmpl,Enable,Avail,116.300,50.900,116.300,50.900,ON,Avail,Compl,Enable,80,0,0,0,0,0,0,6,A,0,0,Avail,Incmpl,Incmpl,Enable,OFF,OFF,36,703.750,51199.219,51199.219,51199.219,51199.219,51199.219,51199.219,1GRFE ,0,Avail,Incmpl,Incmpl,Enable,0,OFF,OFF,OFF,OFF,ON,ON,Avail,Compl,Enable,Compl,CL,CL,Compl,Unable,Not Avl,Compl,Incmpl,Enable,OFF,0,15,253,ON,81.250,20,0.112,2520,16,21,-3,OFF,1.562,5.469,3.960,OFF,0,0,61,Avail,Compl,Enable,0,GRN2#  ,ON,0,ACTIVE,ACTIVE,0.996,0.977,0.835,0.835,901.977,741.164,Avail,Compl,Avail,Incmpl,Incmpl,Enable,OBD II (California ARB),OFF,OFF,0,0,0,1st,OFF,OFF,OFF,OFF,OFF,OFF,3.125,1.562,ON,OFF,650,0,OFF,OFF,OFF,ON,Gasoline,0.964,OFF,OFF,0.684,ON,0.391,14.902,10,0,0.742,0.742,2.324,0.742,0.918,2.031,46.667,0,14.902,39,0,0,OFF,ECT 5th,NA,OFF,97.900,97.900,14.118,0,Not Avl,0,0,0,0,ON,ON,0,0,1
50,0,13.701,Not Avl,Compl,Compl,Unable,OFF,Not Avl,Compl,Compl,Unable,OFF,53.125,40.625,36.250,37.500,19.531,39.551,15.686,31.765,0.781,1.582,ON,0,OFF,ON,ON,1.000,1.000,0,0.004,3.288,3.298,1,97,51199.219,13.417,25.490,OFF,OFF,OFF,OFF,OFF,OFF,OFF,Avail,Incmpl,Incmpl,Enable,Avail,116.300,50.900,116.300,50.900,ON,Avail,Compl,Enable,80,0,0,0,0,0,0,6,A,0,0,Avail,Incmpl,Incmpl,Enable,OFF,OFF,36,703.750,51199.219,51199.219,51199.219,51199.219,51199.219,51199.219,1GRFE ,0,Avail,Incmpl,Incmpl,Enable,0,OFF,OFF,OFF,OFF,ON,ON,Avail,Compl,Enable,Compl,CL,CL,Compl,Unable,Not Avl,Compl,Incmpl,Enable,OFF,0,15,253,ON,81.250,20,0.112,2520,16,21,-3,OFF,1.562,5.469,3.960,OFF,0,0,61,Avail,Compl,Enable,0,GRN2#  ,ON,0,ACTIVE,ACTIVE,0.996,0.977,0.835,0.835,901.977,741.164,Avail,Compl,Avail,Incmpl,Incmpl,Enable,OBD II (California ARB),OFF,OFF,0,0,0,1st,OFF,OFF,OFF,OFF,OFF,OFF,3.125,1.562,ON,OFF,650,0,OFF,OFF,OFF,ON,Gasoline,0.964,OFF,OFF,0.684,ON,0.391,14.902,10,0,0.742,0.742,2.324,0.742,0.918,2.031,46.667,0,14.902,39,0,0,OFF,ECT 5th,NA,OFF,97.900,97.900,14.118,0,Not Avl,0,0,0,0,ON,ON,0,0,1
51,0,13.701,Not Avl,Compl,Compl,Unable,OFF,Not Avl,Compl,Compl,Unable,OFF,53.125,40.625,36.250,37.500,19.531,39.551,15.686,31.765,0.781,1.582,ON,0,OFF,ON,ON,1.000,1.000,0,0.004,3.288,3.298,1,97,51199.219,13.417,25.490,OFF,OFF,OFF,OFF,OFF,OFF,OFF,Avail,Incmpl,Incmpl,Enable,Avail,116.300,50.900,116.300,50.900,ON,Avail,Compl,Enable,80,0,0,0,0,0,0,6,A,0,0,Avail,Incmpl,Incmpl,Enable,OFF,OFF,36,703.750,51199.219,51199.219,51199.219,51199.219,51199.219,51199.219,1GRFE ,0,Avail,Incmpl,Incmpl,Enable,0,OFF,OFF,OFF,OFF,ON,ON,Avail,Compl,Enable,Compl,CL,CL,Compl,Unable,Not Avl,Compl,Incmpl,Enable,OFF,0,15,253,ON,81.250,20,0.112,2520,16,21,-3,OFF,1.562,5.469,3.960,OFF,0,0,61,Avail,Compl,Enable,0,GRN2#  ,ON,0,ACTIVE,ACTIVE,0.996,0.977,0.835,0.835,901.977,741.164,Avail,Compl,Avail,Incmpl,Incmpl,Enable,OBD II (California ARB),OFF,OFF,0,0,0,1st,OFF,OFF,OFF,OFF,OFF,OFF,3.125,1.562,ON,OFF,650,0,OFF,OFF,OFF,ON,Gasoline,0.964,OFF,OFF,0.684,ON,0.391,14.902,10,0,0.742,0.742,2.324,0.742,0.918,2.031,46.667,0,14.902,39,0,0,OFF,ECT 5th,NA,OFF,97.900,97.900,14.118,0,Not Avl,0,0,0,0,ON,ON,0,0,1
52,0,13.701,Not Avl,Compl,Compl,Unable,OFF,Not Avl,Compl,Compl,Unable,OFF,53.125,40.625,36.250,37.500,19.531,39.551,15.686,31.765,0.781,1.582,ON,0,OFF,ON,ON,1.000,1.000,0,0.004,3.288,3.298,1,97,51199.219,13.417,25.490,OFF,OFF,OFF,OFF,OFF,OFF,OFF,Avail,Incmpl,Incmpl,Enable,Avail,142.900,50.900,116.300,50.900,ON,Avail,Compl,Enable,80,0,0,0,0,0,0,6,A,0,0,Avail,Incmpl,Incmpl,Enable,OFF,OFF,36,703.750,51199.219,51199.219,51199.219,51199.219,51199.219,51199.219,1GRFE ,0,Avail,Incmpl,Incmpl,Enable,0,OFF,OFF,OFF,OFF,ON,ON,Avail,Compl,Enable,Compl,CL,CL,Compl,Unable,Not Avl,Compl,Incmpl,Enable,OFF,0,15,253,ON,81.250,20,0.112,2520,16,21,-3,OFF,1.562,5.469,3.960,OFF,0,0,61,Avail,Compl,Enable,0,GRN2#  ,ON,0,ACTIVE,ACTIVE,0.996,0.977,0.835,0.835,901.977,741.164,Avail,Compl,Avail,Incmpl,Incmpl,Enable,OBD II (California ARB),OFF,OFF,0,0,0,1st,OFF,OFF,OFF,OFF,OFF,OFF,3.125,1.562,ON,OFF,650,0,OFF,OFF,OFF,ON,Gasoline,0.964,OFF,OFF,0.684,ON,0.391,14.902,10,0,0.742,0.742,2.324,0.742,0.918,2.031,46.667,0,14.902,39,0,0,OFF,ECT 5th,NA,OFF,97.900,97.900,14.118,0,Not Avl,0,0,0,0,ON,ON,0,0,1
53,0,13.701,Not Avl,Compl,Compl,Unable,OFF,Not Avl,Compl,Compl,Unable,OFF,53.125,40.625,36.250,37.500,19.531,39.551,15.686,31.765,0.781,1.582,ON,0,OFF,ON,ON,1.000,1.000,0,0.004,3.288,3.298,1,97,51199.219,13.417,25.490,OFF,OFF,OFF,OFF,OFF,OFF,OFF,Avail,Incmpl,Incmpl,Enable,Avail,142.900,51.200,116.300,50.900,ON,Avail,Compl,Enable,80,0,0,0,0,0,0,6,A,0,0,Avail,Incmpl,Incmpl,Enable,OFF,OFF,36,703.750,51199.219,51199.219,51199.219,51199.219,51199.219,51199.219,1GRFE ,0,Avail,Incmpl,Incmpl,Enable,0,OFF,OFF,OFF,OFF,ON,ON,Avail,Compl,Enable,Compl,CL,CL,Compl,Unable,Not Avl,Compl,Incmpl,Enable,OFF,0,15,253,ON,81.250,20,0.112,2520,16,21,-3,OFF,1.562,5.469,3.960,OFF,0,0,61,Avail,Compl,Enable,0,GRN2#  ,ON,0,ACTIVE,ACTIVE,0.996,0.977,0.835,0.835,901.977,741.164,Avail,Compl,Avail,Incmpl,Incmpl,Enable,OBD II (California ARB),OFF,OFF,0,0,0,1st,OFF,OFF,OFF,OFF,OFF,OFF,3.125,1.562,ON,OFF,650,0,OFF,OFF,OFF,ON,Gasoline,0.964,OFF,OFF,0.684,ON,0.391,14.902,10,0,0.742,0.742,2.324,0.742,0.918,2.031,46.667,0,14.902,39,0,0,OFF,ECT 5th,NA,OFF,97.900,97.900,14.118,0,Not Avl,0,0,0,0,ON,ON,0,0,1
54,0,13.701,Not Avl,Compl,Compl,Unable,OFF,Not Avl,Compl,Compl,Unable,OFF,53.125,40.625,36.250,37.500,19.531,39.551,15.686,31.765,0.781,1.582,ON,0,OFF,ON,ON,1.000,1.000,0,0.004,3.288,3.298,1,97,51199.219,13.417,25.490,OFF,OFF,OFF,OFF,OFF,OFF,OFF,Avail,Incmpl,Incmpl,Enable,Avail,142.900,51.200,142.900,50.900,ON,Avail,Compl,Enable,80,0,0,0,0,0,0,6,A,0,0,Avail,Incmpl,Incmpl,Enable,OFF,OFF,36,703.750,51199.219,51199.219,51199.219,51199.219,51199.219,51199.219,1GRFE ,0,Avail,Incmpl,Incmpl,Enable,0,OFF,OFF,OFF,OFF,ON,ON,Avail,Compl,Enable,Compl,CL,CL,Compl,Unable,Not Avl,Compl,Incmpl,Enable,OFF,0,15,253,ON,81.250,20,0.112,2520,16,21,-3,OFF,1.562,5.469,3.960,OFF,0,0,61,Avail,Compl,Enable,0,GRN2#  ,ON,0,ACTIVE,ACTIVE,0.996,0.977,0.835,0.835,901.977,741.164,Avail,Compl,Avail,Incmpl,Incmpl,Enable,OBD II (California ARB),OFF,OFF,0,0,0,1st,OFF,OFF,OFF,OFF,OFF,OFF,3.125,1.562,ON,OFF,650,0,OFF,OFF,OFF,ON,Gasoline,0.964,OFF,OFF,0.684,ON,0.391,14.902,10,0,0.742,0.742,2.324,0.742,0.918,2.031,46.667,0,14.902,39,0,0,OFF,ECT 5th,NA,OFF,97.900,97.900,14.118,0,Not Avl,0,0,0,0,ON,ON,0,0,1
55,0,13.701,Not Avl,Compl,Compl,Unable,OFF,Not Avl,Compl,Compl,Unable,OFF,53.125,40.625,36.250,37.500,19.531,39.551,15.686,31.765,0.781,1.582,ON,0,OFF,ON,ON,1.000,1.000,0,0.004,3.288,3.298,1,97,51199.219,13.417,25.490,OFF,OFF,OFF,OFF,OFF,OFF,OFF,Avail,Incmpl,Incmpl,Enable,Avail,142.900,51.200,142.900,51.200,ON,Avail,Compl,Enable,80,0,0,0,0,0,0,6,A,0,0,Avail,Incmpl,Incmpl,Enable,OFF,OFF,36,703.750,51199.219,51199.219,51199.219,51199.219,51199.219,51199.219,1GRFE ,0,Avail,Incmpl,Incmpl,Enable,0,OFF,OFF,OFF,OFF,ON,ON,Avail,Compl,Enable,Compl,CL,CL,Compl,Unable,Not Avl,Compl,Incmpl,Enable,OFF,0,15,253,ON,81.250,20,0.112,2520,16,21,-3,OFF,1.562,5.469,3.960,OFF,0,0,61,Avail,Compl,Enable,0,GRN2#  ,ON,0,ACTIVE,ACTIVE,0.996,0.977,0.835,0.835,901.977,741.164,Avail,Compl,Avail,Incmpl,Incmpl,Enable,OBD II (California ARB),OFF,OFF,0,0,0,1st,OFF,OFF,OFF,OFF,OFF,OFF,3.125,1.562,ON,OFF,650,0,OFF,OFF,OFF,ON,Gasoline,0.964,OFF,OFF,0.684,ON,0.391,14.902,10,0,0.742,0.742,2.324,0.742,0.918,2.031,46.667,0,14.902,39,0,0,OFF,ECT 5th,NA,OFF,97.900,97.900,14.118,0,Not Avl,0,0,0,0,ON,ON,0,0,1
56,0,13.701,Not Avl,Compl,Compl,Unable,OFF,Not Avl,Compl,Compl,Unable,OFF,53.125,40.625,36.250,37.500,19.531,39.551,15.686,31.765,0.781,1.582,ON,0,OFF,ON,ON,1.000,1.000,0,0.004,3.288,3.298,1,97,51199.219,13.417,25.490,OFF,OFF,OFF,OFF,OFF,OFF,OFF,Avail,Incmpl,Incmpl,Enable,Avail,142.900,51.200,142.900,51.200,ON,Avail,Compl,Enable,80,0,0,0,0,0,0,6,A,0,0,Avail,Incmpl,Incmpl,Enable,OFF,OFF,36,703.750,51199.219,51199.219,51199.219,51199.219,51199.219,51199.219,1GRFE ,0,Avail,Incmpl,Incmpl,Enable,0,OFF,OFF,OFF,OFF,ON,ON,Avail,Compl,Enable,Compl,CL,CL,Compl,Unable,Not Avl,Compl,Incmpl,Enable,OFF,0,15,253,ON,81.250,20,0.112,2520,16,21,-3,OFF,1.562,5.469,3.960,OFF,0,0,61,Avail,Compl,Enable,0,GRN2#  ,ON,0,ACTIVE,ACTIVE,0.996,0.977,0.835,0.835,901.977,741.164,Avail,Compl,Avail,Incmpl,Incmpl,Enable,OBD II (California ARB),OFF,OFF,0,0,0,1st,OFF,OFF,OFF,OFF,OFF,OFF,3.125,1.562,ON,OFF,650,0,OFF,OFF,OFF,ON,Gasoline,0.964,OFF,OFF,0.684,ON,0.391,14.902,10,0,0.742,0.742,2.324,0.742,0.918,2.031,46.667,0,14.902,39,0,0,OFF,ECT 5th,NA,OFF,97.900,97.900,14.118,0,Not Avl,0,0,0,0,ON,ON,0,0,1
57,0,13.701,Not Avl,Compl,Compl,Unable,OFF,Not Avl,Compl,Compl,Unable,OFF,53.125,40.625,36.250,37.500,19.531,39.551,15.686,31.765,0.781,1.582,ON,0,OFF,ON,ON,1.000,1.000,0,0.004,3.288,3.298,1,97,51199.219,13.417,25.490,OFF,OFF,OFF,OFF,OFF,OFF,OFF,Avail,Incmpl,Incmpl,Enable,Avail,142.900,51.200,142.900,51.200,ON,Avail,Compl,Enable,80,0,0,0,0,0,0,6,A,0,0,Avail,Incmpl,Incmpl,Enable,OFF,OFF,36,703.750,51199.219,51199.219,51199.219,51199.219,51199.219,51199.219,1GRFE ,0,Avail,Incmpl,Incmpl,Enable,0,OFF,OFF,OFF,OFF,ON,ON,Avail,Compl,Enable,Compl,CL,CL,Compl,Unable,Not Avl,Compl,Incmpl,Enable,OFF,0,15,253,ON,81.250,20,0.112,2520,16,21,-3,OFF,1.562,5.469,3.960,OFF,0,0,61,Avail,Compl,Enable,0,GRN2#  ,ON,0,ACTIVE,ACTIVE,0.996,0.977,0.835,0.835,901.977,741.164,Avail,Compl,Avail,Incmpl,Incmpl,Enable,OBD II (California ARB),OFF,OFF,0,0,0,1st,OFF,OFF,OFF,OFF,OFF,OFF,3.125,1.562,ON,OFF,650,0,OFF,OFF,OFF,ON,Gasoline,0.964,OFF,OFF,0.684,ON,0.391,14.902,10,0,0.742,0.742,2.324,0.742,0.918,2.031,46.667,0,14.902,39,0,0,OFF,ECT 5th,NA,OFF,97.900,97.900,14.118,0,Not Avl,0,0,0,0,ON,ON,0,0,1
58,0,13.701,Not Avl,Compl,Compl,Unable,OFF,Not Avl,Compl,Compl,Unable,OFF,53.125,40.625,36.250,37.500,19.531,39.551,15.686,31.765,0.781,1.582,ON,0,OFF,ON,ON,1.000,1.000,0,0.004,3.288,3.298,1,97,51199.219,13.417,25.490,OFF,OFF,OFF,OFF,OFF,OFF,OFF,Avail,Incmpl,Incmpl,Enable,Avail,142.900,51.200,142.900,51.200,ON,Avail,Compl,Enable,80,0,0,0,0,0,0,6,A,0,0,Avail,Incmpl,Incmpl,Enable,OFF,OFF,36,703.750,51199.219,51199.219,51199.219,51199.219,51199.219,51199.219,1GRFE ,0,Avail,Incmpl,Incmpl,Enable,0,OFF,OFF,OFF,OFF,ON,ON,Avail,Compl,Enable,Compl,CL,CL,Compl,Unable,Not Avl,Compl,Incmpl,Enable,OFF,0,15,253,ON,81.250,20,0.112,2520,16,21,-3,OFF,1.562,5.469,3.960,OFF,0,0,61,Avail,Compl,Enable,0,GRN2#  ,ON,0,ACTIVE,ACTIVE,0.996,0.977,0.835,0.835,901.977,741.164,Avail,Compl,Avail,Incmpl,Incmpl,Enable,OBD II (California ARB),OFF,OFF,0,0,0,1st,OFF,OFF,OFF,OFF,OFF,OFF,3.125,1.562,ON,OFF,650,0,OFF,OFF,OFF,ON,Gasoline,0.964,OFF,OFF,0.684,ON,0.391,14.902,10,0,0.742,0.742,2.324,0.742,0.918,2.031,46.667,0,14.902,39,0,0,OFF,ECT 5th,NA,OFF,97.900,97.900,14.118,0,Not Avl,0,0,0,0,ON,ON,0,0,1
59,0,13.701,Not Avl,Compl,Compl,Unable,OFF,Not Avl,Compl,Compl,Unable,OFF,53.125,40.625,36.250,37.500,19.531,39.551,15.686,31.765,0.781,1.582,ON,0,OFF,ON,ON,1.000,1.000,0,0.004,3.288,3.298,1,97,51199.219,13.417,25.490,OFF,OFF,OFF,OFF,OFF,OFF,OFF,Avail,Incmpl,Incmpl,Enable,Avail,142.900,51.200,142.900,51.200,ON,Avail,Compl,Enable,80,0,0,0,0,0,0,6,A,0,0,Avail,Incmpl,Incmpl,Enable,OFF,OFF,36,703.750,51199.219,51199.219,51199.219,51199.219,51199.219,51199.219,1GRFE ,0,Avail,Incmpl,Incmpl,Enable,0,OFF,OFF,OFF,OFF,ON,ON,Avail,Compl,Enable,Compl,CL,CL,Compl,Unable,Not Avl,Compl,Incmpl,Enable,OFF,0,15,253,ON,81.250,20,0.112,2520,16,21,-3,OFF,1.562,5.469,3.960,OFF,0,0,61,Avail,Compl,Enable,0,GRN2#  ,ON,0,ACTIVE,ACTIVE,0.996,0.977,0.835,0.835,901.977,741.164,Avail,Compl,Avail,Incmpl,Incmpl,Enable,OBD II (California ARB),OFF,OFF,0,0,0,1st,OFF,OFF,OFF,OFF,OFF,OFF,3.125,1.562,ON,OFF,650,0,OFF,OFF,OFF,ON,Gasoline,0.964,OFF,OFF,0.684,ON,0.391,14.902,10,0,0.742,0.742,2.324,0.742,0.918,2.031,46.667,0,14.902,39,0,0,OFF,ECT 5th,NA,OFF,97.900,97.900,14.118,0,Not Avl,0,0,0,0,ON,ON,0,0,1
60,0,13.701,Not Avl,Compl,Compl,Unable,OFF,Not Avl,Compl,Compl,Unable,OFF,53.125,40.625,36.250,37.500,19.531,39.551,15.686,31.765,0.781,1.582,ON,0,OFF,ON,ON,1.000,1.000,0,0.004,3.288,3.298,1,97,51199.219,13.417,25.490,OFF,OFF,OFF,OFF,OFF,OFF,OFF,Avail,Incmpl,Incmpl,Enable,Avail,142.900,51.200,142.900,51.200,ON,Avail,Compl,Enable,80,0,0,0,0,0,0,6,A,0,0,Avail,Incmpl,Incmpl,Enable,OFF,OFF,36,703.750,51199.219,51199.219,51199.219,51199.219,51199.219,51199.219,1GRFE ,0,Avail,Incmpl,Incmpl,Enable,0,OFF,OFF,OFF,OFF,ON,ON,Avail,Compl,Enable,Compl,CL,CL,Compl,Unable,Not Avl,Compl,Incmpl,Enable,OFF,0,15,253,ON,81.250,20,0.112,2520,16,21,-3,OFF,1.562,5.469,3.960,OFF,0,0,61,Avail,Compl,Enable,0,GRN2#  ,ON,0,ACTIVE,ACTIVE,0.996,0.977,0.835,0.835,901.977,741.164,Avail,Compl,Avail,Incmpl,Incmpl,Enable,OBD II (California ARB),OFF,OFF,0,0,0,1st,OFF,OFF,OFF,OFF,OFF,OFF,3.125,1.562,ON,OFF,650,0,OFF,OFF,OFF,ON,Gasoline,0.964,OFF,OFF,0.684,ON,0.391,14.902,10,0,0.742,0.742,2.324,0.742,0.918,2.031,46.667,0,14.902,39,0,0,OFF,ECT 5th,NA,OFF,97.900,97.900,14.118,0,Not Avl,0,0,0,0,ON,ON,0,0,1
61,0,13.701,Not Avl,Compl,Compl,Unable,OFF,Not Avl,Compl,Compl,Unable,OFF,53.125,40.625,36.250,37.500,19.531,39.551,15.686,31.765,0.781,1.582,ON,0,OFF,ON,ON,1.000,1.000,0,0.004,3.288,3.298,1,97,51199.219,13.417,25.490,OFF,OFF,OFF,OFF,OFF,OFF,OFF,Avail,Incmpl,Incmpl,Enable,Avail,142.900,51.200,142.900,51.200,ON,Avail,Compl,Enable,80,0,0,0,0,0,0,6,A,0,0,Avail,Incmpl,Incmpl,Enable,OFF,OFF,36,703.750,51199.219,51199.219,51199.219,51199.219,51199.219,51199.219,1GRFE ,0,Avail,Incmpl,Incmpl,Enable,0,OFF,OFF,OFF,OFF,ON,ON,Avail,Compl,Enable,Compl,CL,CL,Compl,Unable,Not Avl,Compl,Incmpl,Enable,OFF,0,15,253,ON,81.250,20,0.112,2520,16,21,-3,OFF,1.562,5.469,3.960,OFF,0,0,61,Avail,Compl,Enable,0,GRN2#  ,ON,0,ACTIVE,ACTIVE,0.996,0.977,0.835,0.835,901.977,741.164,Avail,Compl,Avail,Incmpl,Incmpl,Enable,OBD II (California ARB),OFF,OFF,0,0,0,1st,OFF,OFF,OFF,OFF,OFF,OFF,3.125,1.562,ON,OFF,650,0,OFF,OFF,OFF,ON,Gasoline,0.964,OFF,OFF,0.684,ON,0.391,14.902,10,0,0.742,0.742,2.324,0.742,0.918,2.031,46.667,0,14.902,39,0,0,OFF,ECT 5th,NA,OFF,97.900,97.900,14.118,0,Not Avl,0,0,0,0,ON,ON,0,0,1
62,0,13.701,Not Avl,Compl,Compl,Unable,OFF,Not Avl,Compl,Compl,Unable,OFF,53.125,40.625,36.250,37.500,19.531,39.551,15.686,31.765,0.781,1.582,ON,0,OFF,ON,ON,1.000,1.000,0,0.004,3.288,3.298,1,97,51199.219,13.417,25.490,OFF,OFF,OFF,OFF,OFF,OFF,OFF,Avail,Incmpl,Incmpl,Enable,Avail,142.900,51.200,142.900,51.200,ON,Avail,Compl,Enable,80,0,0,0,0,0,0,6,A,0,0,Avail,Incmpl,Incmpl,Enable,OFF,OFF,36,703.750,51199.219,51199.219,51199.219,51199.219,51199.219,51199.219,1GRFE ,0,Avail,Incmpl,Incmpl,Enable,0,OFF,OFF,OFF,OFF,ON,ON,Avail,Compl,Enable,Compl,CL,CL,Compl,Unable,Not Avl,Compl,Incmpl,Enable,OFF,0,15,253,ON,81.250,20,0.112,2520,16,21,-3,OFF,1.562,5.469,3.960,OFF,0,0,61,Avail,Compl,Enable,0,GRN2#  ,ON,0,ACTIVE,ACTIVE,0.996,0.977,0.835,0.835,901.977,741.164,Avail,Compl,Avail,Incmpl,Incmpl,Enable,OBD II (California ARB),OFF,OFF,0,0,0,1st,OFF,OFF,OFF,OFF,OFF,OFF,3.125,1.562,ON,OFF,650,0,OFF,OFF,OFF,ON,Gasoline,0.964,OFF,OFF,0.684,ON,0.391,14.902,10,0,0.742,0.742,2.324,0.742,0.918,2.031,46.667,0,14.902,39,0,0,OFF,ECT 5th,NA,OFF,97.900,97.900,14.118,0,Not Avl,0,0,0,0,ON,ON,0,0,1
63,0,13.701,Not Avl,Compl,Compl,Unable,OFF,Not Avl,Compl,Compl,Unable,OFF,53.125,40.625,36.250,37.500,19.531,39.551,15.686,31.765,0.781,1.582,ON,0,OFF,ON,ON,1.000,1.000,0,0.004,3.288,3.298,1,97,51199.219,13.417,25.490,OFF,OFF,OFF,OFF,OFF,OFF,OFF,Avail,Incmpl,Incmpl,Enable,Avail,142.900,51.200,142.900,51.200,ON,Avail,Compl,Enable,80,0,0,0,0,0,0,6,A,0,0,Avail,Incmpl,Incmpl,Enable,OFF,OFF,50,703.750,51199.219,51199.219,51199.219,51199.219,51199.219,51199.219,1GRFE ,0,Avail,Incmpl,Incmpl,Enable,0,OFF,OFF,OFF,OFF,ON,ON,Avail,Compl,Enable,Compl,CL,CL,Compl,Unable,Not Avl,Compl,Incmpl,Enable,OFF,0,15,253,ON,81.250,20,0.112,2520,16,21,-3,OFF,1.562,5.469,3.960,OFF,0,0,61,Avail,Compl,Enable,0,GRN2#  ,ON,0,ACTIVE,ACTIVE,0.996,0.977,0.835,0.835,901.977,741.164,Avail,Compl,Avail,Incmpl,Incmpl,Enable,OBD II (California ARB),OFF,OFF,0,0,0,1st,OFF,OFF,OFF,OFF,OFF,OFF,3.125,1.562,ON,OFF,650,0,OFF,OFF,OFF,ON,Gasoline,0.964,OFF,OFF,0.684,ON,0.391,14.902,10,0,0.742,0.742,2.324,0.742,0.918,2.031,46.667,0,14.902,39,0,0,OFF,ECT 5th,NA,OFF,97.900,97.900,14.118,0,Not Avl,0,0,0,0,ON,ON,0,0,1
64,0,13.701,Not Avl,Compl,Compl,Unable,OFF,Not Avl,Compl,Compl,Unable,OFF,53.125,40.625,36.250,37.500,19.531,39.551,15.686,31.765,0.781,1.582,ON,0,OFF,ON,ON,1.000,1.000,0,0.004,3.288,3.298,1,97,51199.219,13.417,25.490,OFF,OFF,OFF,OFF,OFF,OFF,OFF,Avail,Incmpl,Incmpl,Enable,Avail,142.900,51.200,142.900,51.200,ON,Avail,Compl,Enable,80,0,0,0,0,0,0,6,A,0,0,Avail,Incmpl,Incmpl,Enable,OFF,OFF,50,705.250,51199.219,51199.219,51199.219,51199.219,51199.219,51199.219,1GRFE ,0,Avail,Incmpl,Incmpl,Enable,0,OFF,OFF,OFF,OFF,ON,ON,Avail,Compl,Enable,Compl,CL,CL,Compl,Unable,Not Avl,Compl,Incmpl,Enable,OFF,0,15,253,ON,81.250,20,0.112,2520,16,21,-3,OFF,1.562,5.469,3.960,OFF,0,0,61,Avail,Compl,Enable,0,GRN2#  ,ON,0,ACTIVE,ACTIVE,0.996,0.977,0.835,0.835,901.977,741.164,Avail,Compl,Avail,Incmpl,Incmpl,Enable,OBD II (California ARB),OFF,OFF,0,0,0,1st,OFF,OFF,OFF,OFF,OFF,OFF,3.125,1.562,ON,OFF,650,0,OFF,OFF,OFF,ON,Gasoline,0.964,OFF,OFF,0.684,ON,0.391,14.902,10,0,0.742,0.742,2.324,0.742,0.918,2.031,46.667,0,14.902,39,0,0,OFF,ECT 5th,NA,OFF,97.900,97.900,14.118,0,Not Avl,0,0,0,0,ON,ON,0,0,1
65,0,13.701,Not Avl,Compl,Compl,Unable,OFF,Not Avl,Compl,Compl,Unable,OFF,53.125,40.625,36.250,37.500,19.531,39.551,15.686,31.765,0.781,1.582,ON,0,OFF,ON,ON,1.000,1.000,0,0.004,3.288,3.298,1,97,51199.219,13.417,25.490,OFF,OFF,OFF,OFF,OFF,OFF,OFF,Avail,Incmpl,Incmpl,Enable,Avail,142.900,51.200,142.900,51.200,ON,Avail,Compl,Enable,80,0,0,0,0,0,0,6,A,0,0,Avail,Incmpl,Incmpl,Enable,OFF,OFF,50,705.250,51199.219,51199.219,51199.219,51199.219,51199.219,51199.219,1GRFE ,0,Avail,Incmpl,Incmpl,Enable,0,OFF,OFF,OFF,OFF,ON,ON,Avail,Compl,Enable,Compl,CL,CL,Compl,Unable,Not Avl,Compl,Incmpl,Enable,OFF,0,15,253,ON,81.250,20,0.112,2520,16,21,-3,OFF,1.562,5.469,3.960,OFF,0,0,61,Avail,Compl,Enable,0,GRN2#  ,ON,0,ACTIVE,ACTIVE,0.996,0.977,0.835,0.835,901.977,741.164,Avail,Compl,Avail,Incmpl,Incmpl,Enable,OBD II (California ARB),OFF,OFF,0,0,0,1st,OFF,OFF,OFF,OFF,OFF,OFF,3.125,1.562,ON,OFF,650,0,OFF,OFF,OFF,ON,Gasoline,0.964,OFF,OFF,0.684,ON,0.391,14.902,10,0,0.742,0.742,2.324,0.742,0.918,2.031,46.667,0,14.902,39,0,0,OFF,ECT 5th,NA,OFF,97.900,97.900,14.118,0,Not Avl,0,0,0,0,ON,ON,0,0,1
66,0,13.701,Not Avl,Compl,Compl,Unable,OFF,Not Avl,Compl,Compl,Unable,OFF,53.125,40.625,36.250,37.500,19.531,39.551,15.686,31.765,0.781,1.582,ON,0,OFF,ON,ON,1.000,1.000,0,0.004,3.288,3.298,1,97,51199.219,13.417,25.490,OFF,OFF,OFF,OFF,OFF,OFF,OFF,Avail,Incmpl,Incmpl,Enable,Avail,142.900,51.200,142.900,51.200,ON,Avail,Compl,Enable,80,0,0,0,0,0,0,6,A,0,0,Avail,Incmpl,Incmpl,Enable,OFF,OFF,50,705.250,51199.219,51199.219,51199.219,51199.219,51199.219,51199.219,1GRFE ,0,Avail,Incmpl,Incmpl,Enable,0,OFF,OFF,OFF,OFF,ON,ON,Avail,Compl,Enable,Compl,CL,CL,Compl,Unable,Not Avl,Compl,Incmpl,Enable,OFF,0,15,253,ON,81.250,20,0.112,2520,16,21,-3,OFF,1.562,5.469,3.960,OFF,0,0,61,Avail,Compl,Enable,0,GRN2#  ,ON,0,ACTIVE,ACTIVE,0.996,0.977,0.835,0.835,901.977,741.164,Avail,Compl,Avail,Incmpl,Incmpl,Enable,OBD II (California ARB),OFF,OFF,0,0,0,1st,OFF,OFF,OFF,OFF,OFF,OFF,3.125,1.562,ON,OFF,650,0,OFF,OFF,OFF,ON,Gasoline,0.964,OFF,OFF,0.684,ON,0.391,14.902,10,0,0.742,0.742,2.324,0.742,0.918,2.031,46.667,0,14.902,39,0,0,OFF,ECT 5th,NA,OFF,97.900,97.900,14.118,0,Not Avl,0,0,0,0,ON,ON,0,0,1
67,0,13.701,Not Avl,Compl,Compl,Unable,OFF,Not Avl,Compl,Compl,Unable,OFF,53.125,40.625,36.250,37.500,19.531,39.551,15.686,31.765,0.781,1.582,ON,0,OFF,ON,ON,1.000,1.000,0,0.004,3.288,3.298,1,97,51199.219,13.417,25.490,OFF,OFF,OFF,OFF,OFF,OFF,OFF,Avail,Incmpl,Incmpl,Enable,Avail,142.900,51.200,142.900,51.200,ON,Avail,Compl,Enable,80,0,0,0,0,0,0,6,A,0,0,Avail,Incmpl,Incmpl,Enable,OFF,OFF,50,705.250,51199.219,51199.219,51199.219,51199.219,51199.219,51199.219,1GRFE ,0,Avail,Incmpl,Incmpl,Enable,0,OFF,OFF,OFF,OFF,ON,ON,Avail,Compl,Enable,Compl,CL,CL,Compl,Unable,Not Avl,Compl,Incmpl,Enable,OFF,0,15,253,ON,81.250,20,0.112,2520,16,21,-3,OFF,1.562,5.469,3.960,OFF,0,0,61,Avail,Compl,Enable,0,GRN2#  ,ON,0,ACTIVE,ACTIVE,0.996,0.977,0.835,0.835,901.977,741.164,Avail,Compl,Avail,Incmpl,Incmpl,Enable,OBD II (California ARB),OFF,OFF,0,0,0,1st,OFF,OFF,OFF,OFF,OFF,OFF,3.125,1.562,ON,OFF,650,0,OFF,OFF,OFF,ON,Gasoline,0.964,OFF,OFF,0.684,ON,0.391,14.902,10,0,0.742,0.742,2.324,0.742,0.918,2.031,46.667,0,14.902,39,0,0,OFF,ECT 5th,NA,OFF,97.900,97.900,14.118,0,Not Avl,0,0,0,0,ON,ON,0,0,1
68,0,13.701,Not Avl,Compl,Compl,Unable,OFF,Not Avl,Compl,Compl,Unable,OFF,53.125,40.625,36.250,37.500,19.531,39.551,15.686,31.765,0.781,1.582,ON,0,OFF,ON,ON,1.000,1.000,0,0.004,3.288,3.298,1,97,51199.219,13.417,25.490,OFF,OFF,OFF,OFF,OFF,OFF,OFF,Avail,Incmpl,Incmpl,Enable,Avail,142.900,51.200,142.900,51.200,ON,Avail,Compl,Enable,80,0,0,0,0,0,0,6,A,0,0,Avail,Incmpl,Incmpl,Enable,OFF,OFF,50,705.250,51199.219,51199.219,51199.219,51199.219,51199.219,51199.219,1GRFE ,0,Avail,Incmpl,Incmpl,Enable,0,OFF,OFF,OFF,OFF,ON,ON,Avail,Compl,Enable,Compl,CL,CL,Compl,Unable,Not Avl,Compl,Incmpl,Enable,OFF,0,15,253,ON,81.250,20,0.112,2520,16,21,-3,OFF,1.562,5.469,3.960,OFF,0,0,61,Avail,Compl,Enable,0,GRN2#  ,ON,0,ACTIVE,ACTIVE,0.996,0.977,0.835,0.835,901.977,741.164,Avail,Compl,Avail,Incmpl,Incmpl,Enable,OBD II (California ARB),OFF,OFF,0,0,0,1st,OFF,OFF,OFF,OFF,OFF,OFF,3.125,1.562,ON,OFF,650,0,OFF,OFF,OFF,ON,Gasoline,0.964,OFF,OFF,0.684,ON,0.391,14.902,10,0,0.742,0.742,2.324,0.742,0.918,2.031,46.667,0,14.902,39,0,0,OFF,ECT 5th,NA,OFF,97.900,97.900,14.118,0,Not Avl,0,0,0,0,ON,ON,0,0,1
69,0,13.701,Not Avl,Compl,Compl,Unable,OFF,Not Avl,Compl,Compl,Unable,OFF,53.125,40.625,36.250,37.500,19.531,39.551,15.686,31.765,0.781,1.582,ON,0,OFF,ON,ON,1.000,1.000,0,0.004,3.288,3.298,1,97,51199.219,13.417,25.490,OFF,OFF,OFF,OFF,OFF,OFF,OFF,Avail,Incmpl,Incmpl,Enable,Avail,142.900,51.200,142.900,51.200,ON,Avail,Compl,Enable,80,0,0,0,0,0,0,6,A,0,0,Avail,Incmpl,Incmpl,Enable,OFF,OFF,50,705.250,51199.219,51199.219,51199.219,51199.219,51199.219,51199.219,1GRFE ,0,Avail,Incmpl,Incmpl,Enable,0,OFF,OFF,OFF,OFF,ON,ON,Avail,Compl,Enable,Compl,CL,CL,Compl,Unable,Not Avl,Compl,Incmpl,Enable,OFF,0,15,253,ON,81.250,20,0.112,2520,16,21,-3,OFF,1.562,5.469,3.960,OFF,0,0,61,Avail,Compl,Enable,0,GRN2#  ,ON,0,ACTIVE,ACTIVE,0.996,0.977,0.835,0.835,901.977,741.164,Avail,Compl,Avail,Incmpl,Incmpl,Enable,OBD II (California ARB),OFF,OFF,0,0,0,1st,OFF,OFF,OFF,OFF,OFF,OFF,3.125,1.562,ON,OFF,650,0,OFF,OFF,OFF,ON,Gasoline,0.964,OFF,OFF,0.684,ON,0.391,14.902,10,0,0.742,0.742,2.324,0.742,0.918,2.031,46.667,0,14.902,39,0,0,OFF,ECT 5th,NA,OFF,97.900,97.900,14.118,0,Not Avl,0,0,0,0,ON,ON,0,0,1
70,0,13.701,Not Avl,Compl,Compl,Unable,OFF,Not Avl,Compl,Compl,Unable,OFF,53.125,40.625,36.250,37.500,19.531,39.551,15.686,31.765,0.781,1.582,ON,0,OFF,ON,ON,1.000,1.000,0,0.004,3.288,3.298,1,97,51199.219,13.417,25.490,OFF,OFF,OFF,OFF,OFF,OFF,OFF,Avail,Incmpl,Incmpl,Enable,Avail,142.900,51.200,142.900,51.200,ON,Avail,Compl,Enable,80,0,0,0,0,0,0,6,A,0,0,Avail,Incmpl,Incmpl,Enable,OFF,OFF,50,705.250,51199.219,51199.219,51199.219,51199.219,51199.219,51199.219,1GRFE ,0,Avail,Incmpl,Incmpl,Enable,0,OFF,OFF,OFF,OFF,ON,ON,Avail,Compl,Enable,Compl,CL,CL,Compl,Unable,Not Avl,Compl,Incmpl,Enable,OFF,0,15,253,ON,81.250,20,0.112,2520,16,21,-3,OFF,1.562,5.469,3.960,OFF,0,0,61,Avail,Compl,Enable,0,GRN2#  ,ON,0,ACTIVE,ACTIVE,0.996,0.977,0.835,0.835,901.977,741.164,Avail,Compl,Avail,Incmpl,Incmpl,Enable,OBD II (California ARB),OFF,OFF,0,0,0,1st,OFF,OFF,OFF,OFF,OFF,OFF,3.125,1.562,ON,OFF,650,0,OFF,OFF,OFF,ON,Gasoline,0.964,OFF,OFF,0.684,ON,0.391,14.902,10,0,0.742,0.742,2.324,0.742,0.918,2.031,46.667,0,14.902,39,0,0,OFF,ECT 5th,NA,OFF,97.900,97.900,14.118,0,Not Avl,0,0,0,0,ON,ON,0,0,1
71,0,13.701,Not Avl,Compl,Compl,Unable,OFF,Not Avl,Compl,Compl,Unable,OFF,53.125,40.625,36.250,37.500,19.531,39.551,15.686,31.765,0.781,1.582,ON,0,OFF,ON,ON,1.000,1.000,0,0.004,3.288,3.298,1,97,51199.219,13.417,25.490,OFF,OFF,OFF,OFF,OFF,OFF,OFF,Avail,Incmpl,Incmpl,Enable,Avail,142.900,51.200,142.900,51.200,ON,Avail,Compl,Enable,80,0,0,0,0,0,0,6,A,0,0,Avail,Incmpl,Incmpl,Enable,OFF,OFF,50,705.250,51199.219,51199.219,51199.219,51199.219,51199.219,51199.219,1GRFE ,0,Avail,Incmpl,Incmpl,Enable,0,OFF,OFF,OFF,OFF,ON,ON,Avail,Compl,Enable,Compl,CL,CL,Compl,Unable,Not Avl,Compl,Incmpl,Enable,OFF,0,15,253,ON,81.250,20,0.112,2520,16,21,-3,OFF,1.562,5.469,3.960,OFF,0,0,61,Avail,Compl,Enable,0,GRN2#  ,ON,0,ACTIVE,ACTIVE,0.996,0.977,0.835,0.835,901.977,741.164,Avail,Compl,Avail,Incmpl,Incmpl,Enable,OBD II (California ARB),OFF,OFF,0,0,0,1st,OFF,OFF,OFF,OFF,OFF,OFF,3.125,1.562,ON,OFF,650,0,OFF,OFF,OFF,ON,Gasoline,0.964,OFF,OFF,0.684,ON,0.391,14.902,10,0,0.742,0.742,2.324,0.742,0.918,2.031,46.667,0,14.902,39,0,0,OFF,ECT 5th,NA,OFF,97.900,97.900,14.118,0,Not Avl,0,0,0,0,ON,ON,0,0,1
72,0,13.701,Not Avl,Compl,Compl,Unable,OFF,Not Avl,Compl,Compl,Unable,OFF,53.125,40.625,36.250,37.500,19.531,39.551,15.686,31.765,0.781,1.582,ON,0,OFF,ON,ON,1.000,1.000,0,0.004,3.288,3.298,1,97,51199.219,13.417,25.490,OFF,OFF,OFF,OFF,OFF,OFF,OFF,Avail,Incmpl,Incmpl,Enable,Avail,142.900,51.200,142.900,51.200,ON,Avail,Compl,Enable,80,0,0,0,0,0,0,6,A,0,0,Avail,Incmpl,Incmpl,Enable,OFF,OFF,50,705.250,51199.219,51199.219,51199.219,51199.219,51199.219,51199.219,1GRFE ,0,Avail,Incmpl,Incmpl,Enable,0,OFF,OFF,OFF,OFF,ON,ON,Avail,Compl,Enable,Compl,CL,CL,Compl,Unable,Not Avl,Compl,Incmpl,Enable,OFF,0,15,253,ON,81.250,20,0.112,2520,16,21,-3,OFF,1.562,5.469,3.960,OFF,0,0,61,Avail,Compl,Enable,0,GRN2#  ,ON,0,ACTIVE,ACTIVE,0.996,0.977,0.835,0.835,901.977,741.164,Avail,Compl,Avail,Incmpl,Incmpl,Enable,OBD II (California ARB),OFF,OFF,0,0,0,1st,OFF,OFF,OFF,OFF,OFF,OFF,3.125,1.562,ON,OFF,650,0,OFF,OFF,OFF,ON,Gasoline,0.964,OFF,OFF,0.684,ON,0.391,14.902,10,0,0.742,0.742,2.324,0.742,0.918,2.031,46.667,0,14.902,39,0,0,OFF,ECT 5th,NA,OFF,97.900,97.900,14.118,0,Not Avl,0,0,0,0,ON,ON,0,0,1
73,0,13.701,Not Avl,Compl,Compl,Unable,OFF,Not Avl,Compl,Compl,Unable,OFF,53.125,40.625,36.250,37.500,19.531,39.551,15.686,31.765,0.781,1.582,ON,0,OFF,ON,ON,1.000,1.000,0,0.004,3.288,3.298,1,97,51199.219,13.417,25.490,OFF,OFF,OFF,OFF,OFF,OFF,OFF,Avail,Incmpl,Incmpl,Enable,Avail,142.900,51.200,142.900,51.200,ON,Avail,Compl,Enable,80,0,0,0,0,0,0,6,A,0,0,Avail,Incmpl,Incmpl,Enable,OFF,OFF,50,705.250,51199.219,51199.219,51199.219,51199.219,51199.219,51199.219,1GRFE ,0,Avail,Incmpl,Incmpl,Enable,0,OFF,OFF,OFF,OFF,ON,ON,Avail,Compl,Enable,Compl,CL,CL,Compl,Unable,Not Avl,Compl,Incmpl,Enable,OFF,0,15,253,ON,81.250,20,0.112,2520,16,21,-3,OFF,1.562,5.469,3.960,OFF,0,0,61,Avail,Compl,Enable,0,GRN2#  ,ON,0,ACTIVE,ACTIVE,0.996,0.977,0.835,0.835,901.977,741.164,Avail,Compl,Avail,Incmpl,Incmpl,Enable,OBD II (California ARB),OFF,OFF,0,0,0,1st,OFF,OFF,OFF,OFF,OFF,OFF,3.125,1.562,ON,OFF,650,0,OFF,OFF,OFF,ON,Gasoline,0.964,OFF,OFF,0.684,ON,0.391,14.902,10,0,0.742,0.742,2.324,0.742,0.918,2.031,46.667,0,14.902,39,0,0,OFF,ECT 5th,NA,OFF,97.900,97.900,14.118,0,Not Avl,0,0,0,0,ON,ON,0,0,1
74,0,13.701,Not Avl,Compl,Compl,Unable,OFF,Not Avl,Compl,Compl,Unable,OFF,53.125,40.625,36.250,37.500,19.531,39.551,15.686,31.765,0.781,1.582,ON,0,OFF,ON,ON,1.000,1.000,0,0.004,3.288,3.298,1,97,51199.219,13.417,25.490,OFF,OFF,OFF,OFF,OFF,OFF,OFF,Avail,Incmpl,Incmpl,Enable,Avail,142.900,51.200,142.900,51.200,ON,Avail,Compl,Enable,80,0,0,0,0,0,0,6,A,0,0,Avail,Incmpl,Incmpl,Enable,OFF,OFF,50,705.250,51199.219,51199.219,51199.219,51199.219,51199.219,51199.219,1GRFE ,0,Avail,Incmpl,Incmpl,Enable,0,OFF,OFF,OFF,OFF,ON,ON,Avail,Compl,Enable,Compl,CL,CL,Compl,Unable,Not Avl,Compl,Incmpl,Enable,OFF,0,15,253,ON,81.250,20,0.112,2520,16,21,-3,OFF,1.562,5.469,3.960,OFF,0,0,61,Avail,Compl,Enable,0,GRN2#  ,ON,0,ACTIVE,ACTIVE,0.996,0.977,0.835,0.835,901.977,741.164,Avail,Compl,Avail,Incmpl,Incmpl,Enable,OBD II (California ARB),OFF,OFF,0,0,0,1st,OFF,OFF,OFF,OFF,OFF,OFF,3.125,1.562,ON,OFF,650,0,OFF,OFF,OFF,ON,Gasoline,0.964,OFF,OFF,0.684,ON,0.391,14.902,10,0,0.742,0.742,2.324,0.742,0.918,2.031,46.667,0,14.902,39,0,0,OFF,ECT 5th,NA,OFF,97.900,97.900,14.118,0,Not Avl,0,0,0,0,ON,ON,0,0,1
75,0,13.701,Not Avl,Compl,Compl,Unable,OFF,Not Avl,Compl,Compl,Unable,OFF,53.125,40.625,36.250,37.500,19.531,39.551,15.686,31.765,0.781,1.582,ON,0,OFF,ON,ON,1.000,1.000,0,0.004,3.288,3.298,1,97,51199.219,13.417,25.490,OFF,OFF,OFF,OFF,OFF,OFF,OFF,Avail,Incmpl,Incmpl,Enable,Avail,142.900,51.200,142.900,51.200,ON,Avail,Compl,Enable,80,0,0,0,0,0,0,6,A,0,0,Avail,Incmpl,Incmpl,Enable,OFF,OFF,50,705.250,51199.219,51199.219,51199.219,51199.219,51199.219,51199.219,1GRFE ,0,Avail,Incmpl,Incmpl,Enable,0,OFF,OFF,OFF,OFF,ON,ON,Avail,Compl,Enable,Compl,CL,CL,Compl,Unable,Not Avl,Compl,Incmpl,Enable,OFF,0,15,253,ON,81.250,20,0.112,2520,16,21,-3,OFF,1.562,5.469,3.960,OFF,0,0,61,Avail,Compl,Enable,0,GRN2#  ,ON,0,ACTIVE,ACTIVE,0.996,0.977,0.835,0.835,901.977,741.164,Avail,Compl,Avail,Incmpl,Incmpl,Enable,OBD II (California ARB),OFF,OFF,0,0,0,1st,OFF,OFF,OFF,OFF,OFF,OFF,3.125,1.562,ON,OFF,650,0,OFF,OFF,OFF,ON,Gasoline,0.964,OFF,OFF,0.684,ON,0.391,14.902,10,0,0.742,0.742,2.324,0.742,0.918,2.031,46.667,0,14.902,39,0,0,OFF,ECT 5th,NA,OFF,97.900,97.900,14.118,0,Not Avl,0,0,0,0,ON,ON,0,0,1
76,0,13.701,Not Avl,Compl,Compl,Unable,OFF,Not Avl,Compl,Compl,Unable,OFF,53.125,40.625,36.250,37.500,19.531,39.551,15.686,31.765,0.781,1.582,ON,0,OFF,ON,ON,1.000,1.000,0,0.004,3.288,3.298,1,97,51199.219,13.417,25.490,OFF,OFF,OFF,OFF,OFF,OFF,OFF,Avail,Incmpl,Incmpl,Enable,Avail,142.900,51.200,142.900,51.200,ON,Avail,Compl,Enable,80,0,0,0,0,0,0,6,A,0,0,Avail,Incmpl,Incmpl,Enable,OFF,OFF,50,705.250,51199.219,51199.219,51199.219,51199.219,51199.219,51199.219,1GRFE ,0,Avail,Incmpl,Incmpl,Enable,0,OFF,OFF,OFF,OFF,ON,ON,Avail,Compl,Enable,Compl,CL,CL,Compl,Unable,Not Avl,Compl,Incmpl,Enable,OFF,0,15,253,ON,81.250,20,0.112,2520,16,21,-3,OFF,1.562,5.469,3.960,OFF,0,0,61,Avail,Compl,Enable,0,GRN2#  ,ON,0,ACTIVE,ACTIVE,0.996,0.977,0.835,0.835,901.977,741.164,Avail,Compl,Avail,Incmpl,Incmpl,Enable,OBD II (California ARB),OFF,OFF,0,0,0,1st,OFF,OFF,OFF,OFF,OFF,OFF,3.125,1.562,ON,OFF,650,0,OFF,OFF,OFF,ON,Gasoline,0.964,OFF,OFF,0.684,ON,0.391,14.902,10,0,0.742,0.742,2.324,0.742,0.918,2.031,46.667,0,14.902,39,0,0,OFF,ECT 5th,NA,OFF,97.900,97.900,14.118,0,Not Avl,0,0,0,0,ON,ON,0,0,1
77,0,13.701,Not Avl,Compl,Compl,Unable,OFF,Not Avl,Compl,Compl,Unable,OFF,53.125,40.625,36.250,37.500,19.531,39.551,15.686,31.765,0.781,1.582,ON,0,OFF,ON,ON,1.000,1.000,0,0.004,3.288,3.298,1,97,51199.219,13.417,25.490,OFF,OFF,OFF,OFF,OFF,OFF,OFF,Avail,Incmpl,Incmpl,Enable,Avail,142.900,51.200,142.900,51.200,ON,Avail,Compl,Enable,80,0,0,0,0,0,0,6,A,0,0,Avail,Incmpl,Incmpl,Enable,OFF,OFF,50,705.250,51199.219,51199.219,51199.219,51199.219,51199.219,51199.219,1GRFE ,0,Avail,Incmpl,Incmpl,Enable,0,OFF,OFF,OFF,OFF,ON,ON,Avail,Compl,Enable,Compl,CL,CL,Compl,Unable,Not Avl,Compl,Incmpl,Enable,OFF,0,15,253,ON,81.250,20,0.112,2520,16,21,-3,OFF,1.562,5.469,3.960,OFF,0,0,61,Avail,Compl,Enable,0,GRN2#  ,ON,0,ACTIVE,ACTIVE,0.996,0.977,0.835,0.835,901.977,741.164,Avail,Compl,Avail,Incmpl,Incmpl,Enable,OBD II (California ARB),OFF,OFF,0,0,0,1st,OFF,OFF,OFF,OFF,OFF,OFF,3.125,1.562,ON,OFF,650,0,OFF,OFF,OFF,ON,Gasoline,0.964,OFF,OFF,0.684,ON,0.391,14.902,10,0,0.742,0.742,2.324,0.742,0.918,2.031,46.667,0,14.902,39,0,0,OFF,ECT 5th,NA,OFF,97.900,97.900,14.118,0,Not Avl,0,0,0,0,ON,ON,0,0,1
78,0,13.701,Not Avl,Compl,Compl,Unable,OFF,Not Avl,Compl,Compl,Unable,OFF,53.125,40.625,36.250,37.500,19.531,39.551,15.686,31.765,0.781,1.582,ON,0,OFF,ON,ON,1.000,1.000,0,0.004,3.288,3.298,1,97,51199.219,13.417,25.490,OFF,OFF,OFF,OFF,OFF,OFF,OFF,Avail,Incmpl,Incmpl,Enable,Avail,142.900,51.200,142.900,51.200,ON,Avail,Compl,Enable,80,0,0,0,0,0,0,6,A,0,0,Avail,Incmpl,Incmpl,Enable,OFF,OFF,50,705.250,51199.219,51199.219,51199.219,51199.219,51199.219,51199.219,1GRFE ,0,Avail,Incmpl,Incmpl,Enable,0,OFF,OFF,OFF,OFF,ON,ON,Avail,Compl,Enable,Compl,CL,CL,Compl,Unable,Not Avl,Compl,Incmpl,Enable,OFF,0,15,253,ON,81.250,20,0.112,2520,16,21,-3,OFF,1.562,5.469,3.960,OFF,0,0,61,Avail,Compl,Enable,0,GRN2#  ,ON,0,ACTIVE,ACTIVE,0.996,0.977,0.835,0.835,901.977,741.164,Avail,Compl,Avail,Incmpl,Incmpl,Enable,OBD II (California ARB),OFF,OFF,0,0,0,1st,OFF,OFF,OFF,OFF,OFF,OFF,3.125,1.562,ON,OFF,650,0,OFF,OFF,OFF,ON,Gasoline,0.964,OFF,OFF,0.684,ON,0.391,14.902,10,0,0.742,0.742,2.324,0.742,0.918,2.031,46.667,0,14.902,39,0,0,OFF,ECT 5th,NA,OFF,97.900,97.900,14.118,0,Not Avl,0,0,0,0,ON,ON,0,0,1
79,0,13.701,Not Avl,Compl,Compl,Unable,OFF,Not Avl,Compl,Compl,Unable,OFF,53.125,40.625,36.250,37.500,19.531,39.551,15.686,31.765,0.781,1.582,ON,0,OFF,ON,ON,1.000,1.000,0,0.004,3.288,3.298,1,97,51199.219,13.417,25.490,OFF,OFF,OFF,OFF,OFF,OFF,OFF,Avail,Incmpl,Incmpl,Enable,Avail,142.900,51.200,142.900,51.200,ON,Avail,Compl,Enable,80,0,0,0,0,0,0,6,A,0,0,Avail,Incmpl,Incmpl,Enable,OFF,OFF,50,705.250,51199.219,51199.219,51199.219,51199.219,51199.219,51199.219,1GRFE ,0,Avail,Incmpl,Incmpl,Enable,0,OFF,OFF,OFF,OFF,ON,ON,Avail,Compl,Enable,Compl,CL,CL,Compl,Unable,Not Avl,Compl,Incmpl,Enable,OFF,0,15,253,ON,81.250,20,0.112,2520,16,21,-3,OFF,1.562,5.469,3.960,OFF,0,0,61,Avail,Compl,Enable,0,GRN2#  ,ON,0,ACTIVE,ACTIVE,0.996,0.977,0.835,0.835,901.977,741.164,Avail,Compl,Avail,Incmpl,Incmpl,Enable,OBD II (California ARB),OFF,OFF,0,0,0,1st,OFF,OFF,OFF,OFF,OFF,OFF,3.125,1.562,ON,OFF,650,0,OFF,OFF,OFF,ON,Gasoline,0.964,OFF,OFF,0.684,ON,0.391,14.902,10,0,0.742,0.742,2.324,0.742,0.918,2.031,46.667,0,14.902,39,0,0,OFF,ECT 5th,NA,OFF,97.900,97.900,14.118,0,Not Avl,0,0,0,0,ON,ON,0,0,1
80,0,13.701,Not Avl,Compl,Compl,Unable,OFF,Not Avl,Compl,Compl,Unable,OFF,53.125,40.625,36.250,37.500,19.531,39.551,15.686,31.765,0.781,1.582,ON,0,OFF,ON,ON,1.000,1.000,0,0.004,3.288,3.298,1,97,51199.219,13.417,25.490,OFF,OFF,OFF,OFF,OFF,OFF,OFF,Avail,Incmpl,Incmpl,Enable,Avail,142.900,51.200,142.900,51.200,ON,Avail,Compl,Enable,80,0,0,0,0,0,0,6,A,0,0,Avail,Incmpl,Incmpl,Enable,OFF,OFF,50,705.250,51199.219,51199.219,51199.219,51199.219,51199.219,51199.219,1GRFE ,0,Avail,Incmpl,Incmpl,Enable,0,OFF,OFF,OFF,OFF,ON,ON,Avail,Compl,Enable,Compl,CL,CL,Compl,Unable,Not Avl,Compl,Incmpl,Enable,OFF,0,15,253,ON,81.250,20,0.112,2520,16,21,-3,OFF,1.562,5.469,3.960,OFF,0,0,61,Avail,Compl,Enable,0,GRN2#  ,ON,0,ACTIVE,ACTIVE,0.996,0.977,0.835,0.835,901.977,741.164,Avail,Compl,Avail,Incmpl,Incmpl,Enable,OBD II (California ARB),OFF,OFF,0,0,0,1st,OFF,OFF,OFF,OFF,OFF,OFF,3.125,1.562,ON,OFF,650,0,OFF,OFF,OFF,ON,Gasoline,0.964,OFF,OFF,0.684,ON,0.391,14.902,10,0,0.742,0.742,2.324,0.742,0.918,2.031,46.667,0,14.902,39,0,0,OFF,ECT 5th,NA,OFF,97.900,97.900,14.118,0,Not Avl,0,0,0,0,ON,ON,0,0,1
81,0,13.701,Not Avl,Compl,Compl,Unable,OFF,Not Avl,Compl,Compl,Unable,OFF,53.125,40.625,36.250,37.500,19.531,39.551,15.686,31.765,0.781,1.582,ON,0,OFF,ON,ON,1.000,1.000,0,0.004,3.288,3.298,1,97,51199.219,13.417,25.490,OFF,OFF,OFF,OFF,OFF,OFF,OFF,Avail,Incmpl,Incmpl,Enable,Avail,142.900,51.200,142.900,51.200,ON,Avail,Compl,Enable,80,0,0,0,0,0,0,6,A,0,0,Avail,Incmpl,Incmpl,Enable,OFF,OFF,50,705.250,51199.219,51199.219,51199.219,51199.219,51199.219,51199.219,1GRFE ,0,Avail,Incmpl,Incmpl,Enable,0,OFF,OFF,OFF,OFF,ON,ON,Avail,Compl,Enable,Compl,CL,CL,Compl,Unable,Not Avl,Compl,Incmpl,Enable,OFF,0,15,253,ON,81.250,20,0.112,2520,16,21,-3,OFF,1.562,5.469,3.960,OFF,0,0,61,Avail,Compl,Enable,0,GRN2#  ,ON,0,ACTIVE,ACTIVE,0.996,0.977,0.835,0.835,901.977,741.164,Avail,Compl,Avail,Incmpl,Incmpl,Enable,OBD II (California ARB),OFF,OFF,0,0,0,1st,OFF,OFF,OFF,OFF,OFF,OFF,3.125,1.562,ON,OFF,650,0,OFF,OFF,OFF,ON,Gasoline,0.964,OFF,OFF,0.684,ON,0.391,14.902,10,0,0.742,0.742,2.324,0.742,0.918,2.031,46.667,0,14.902,39,0,0,OFF,ECT 5th,NA,OFF,97.900,97.900,14.118,0,Not Avl,0,0,0,0,ON,ON,0,0,1
82,0,13.701,Not Avl,Compl,Compl,Unable,OFF,Not Avl,Compl,Compl,Unable,OFF,53.125,40.625,36.250,37.500,19.531,39.551,15.686,31.765,0.781,1.582,ON,0,OFF,ON,ON,1.000,1.000,0,0.004,3.288,3.298,1,97,51199.219,13.417,25.490,OFF,OFF,OFF,OFF,OFF,OFF,OFF,Avail,Incmpl,Incmpl,Enable,Avail,142.900,51.200,142.900,51.200,ON,Avail,Compl,Enable,80,0,0,0,0,0,0,6,A,0,0,Avail,Incmpl,Incmpl,Enable,OFF,OFF,50,705.250,51199.219,51199.219,51199.219,51199.219,51199.219,51199.219,1GRFE ,0,Avail,Incmpl,Incmpl,Enable,0,OFF,OFF,OFF,OFF,ON,ON,Avail,Compl,Enable,Compl,CL,CL,Compl,Unable,Not Avl,Compl,Incmpl,Enable,OFF,0,15,253,ON,81.250,20,0.112,2520,16,21,-3,OFF,1.562,5.469,3.960,OFF,0,0,61,Avail,Compl,Enable,0,GRN2#  ,ON,0,ACTIVE,ACTIVE,0.996,0.977,0.835,0.835,901.977,741.164,Avail,Compl,Avail,Incmpl,Incmpl,Enable,OBD II (California ARB),OFF,OFF,0,0,0,1st,OFF,OFF,OFF,OFF,OFF,OFF,3.125,1.562,ON,OFF,650,0,OFF,OFF,OFF,ON,Gasoline,0.964,OFF,OFF,0.684,ON,0.391,14.902,10,0,0.742,0.742,2.324,0.742,0.918,2.031,46.667,0,14.902,39,0,0,OFF,ECT 5th,NA,OFF,97.900,97.900,14.118,0,Not Avl,0,0,0,0,ON,ON,0,0,1
83,0,13.701,Not Avl,Compl,Compl,Unable,OFF,Not Avl,Compl,Compl,Unable,OFF,53.125,40.625,36.250,37.500,19.531,39.551,15.686,31.765,0.781,1.582,ON,0,OFF,ON,ON,1.000,1.000,0,0.004,3.288,3.298,1,97,51199.219,13.417,25.490,OFF,OFF,OFF,OFF,OFF,OFF,OFF,Avail,Incmpl,Incmpl,Enable,Avail,142.900,51.200,142.900,51.200,ON,Avail,Compl,Enable,80,0,0,0,0,0,0,6,A,0,0,Avail,Incmpl,Incmpl,Enable,OFF,OFF,50,705.250,51199.219,51199.219,51199.219,51199.219,51199.219,51199.219,1GRFE ,0,Avail,Incmpl,Incmpl,Enable,0,OFF,OFF,OFF,OFF,ON,ON,Avail,Compl,Enable,Compl,CL,CL,Compl,Unable,Not Avl,Compl,Incmpl,Enable,OFF,0,15,253,ON,81.250,20,0.112,2520,16,21,-3,OFF,1.562,5.469,3.960,OFF,0,0,61,Avail,Compl,Enable,0,GRN2#  ,ON,0,ACTIVE,ACTIVE,0.996,0.977,0.835,0.835,901.977,741.164,Avail,Compl,Avail,Incmpl,Incmpl,Enable,OBD II (California ARB),OFF,OFF,0,0,0,1st,OFF,OFF,OFF,OFF,OFF,OFF,3.125,1.562,ON,OFF,650,0,OFF,OFF,OFF,ON,Gasoline,0.964,OFF,OFF,0.684,ON,0.391,14.902,10,0,0.742,0.742,2.324,0.742,0.918,2.031,46.667,0,14.902,39,0,0,OFF,ECT 5th,NA,OFF,97.900,97.900,14.118,0,Not Avl,0,0,0,0,ON,ON,0,0,1
84,0,13.701,Not Avl,Compl,Compl,Unable,OFF,Not Avl,Compl,Compl,Unable,OFF,53.125,40.625,36.250,37.500,19.531,39.551,15.686,31.765,0.781,1.582,ON,0,OFF,ON,ON,1.000,1.000,0,0.004,3.288,3.298,1,97,51199.219,13.417,25.490,OFF,OFF,OFF,OFF,OFF,OFF,OFF,Avail,Incmpl,Incmpl,Enable,Avail,142.900,51.200,142.900,51.200,ON,Avail,Compl,Enable,80,0,0,0,0,0,0,6,A,0,0,Avail,Incmpl,Incmpl,Enable,OFF,OFF,50,705.250,51199.219,51199.219,51199.219,51199.219,51199.219,51199.219,1GRFE ,0,Avail,Incmpl,Incmpl,Enable,0,OFF,OFF,OFF,OFF,ON,ON,Avail,Compl,Enable,Compl,CL,CL,Compl,Unable,Not Avl,Compl,Incmpl,Enable,OFF,0,15,253,ON,81.250,20,0.112,2520,16,21,-3,OFF,1.562,5.469,3.960,OFF,0,0,61,Avail,Compl,Enable,0,GRN2#  ,ON,0,ACTIVE,ACTIVE,0.996,0.977,0.835,0.835,901.977,741.164,Avail,Compl,Avail,Incmpl,Incmpl,Enable,OBD II (California ARB),OFF,OFF,0,0,0,1st,OFF,OFF,OFF,OFF,OFF,OFF,3.125,1.562,ON,OFF,650,0,OFF,OFF,OFF,ON,Gasoline,0.964,OFF,OFF,0.684,ON,0.391,14.902,10,0,0.742,0.742,2.324,0.742,0.918,2.031,46.667,0,14.902,39,0,0,OFF,ECT 5th,NA,OFF,97.900,97.900,14.118,0,Not Avl,0,0,0,0,ON,ON,0,0,1
85,0,13.701,Not Avl,Compl,Compl,Unable,OFF,Not Avl,Compl,Compl,Unable,OFF,53.125,40.625,36.250,37.500,19.531,39.551,15.686,31.765,0.781,1.582,ON,0,OFF,ON,ON,1.000,1.000,0,0.004,3.288,3.298,1,97,51199.219,13.417,25.490,OFF,OFF,OFF,OFF,OFF,OFF,OFF,Avail,Incmpl,Incmpl,Enable,Avail,142.900,51.200,142.900,51.200,ON,Avail,Compl,Enable,80,0,0,0,0,0,0,6,A,0,0,Avail,Incmpl,Incmpl,Enable,OFF,OFF,50,705.250,51199.219,51199.219,51199.219,51199.219,51199.219,51199.219,1GRFE ,0,Avail,Incmpl,Incmpl,Enable,0,OFF,OFF,OFF,OFF,ON,ON,Avail,Compl,Enable,Compl,CL,CL,Compl,Unable,Not Avl,Compl,Incmpl,Enable,OFF,0,15,253,ON,81.250,20,0.112,2520,16,21,-3,OFF,1.562,5.469,3.960,OFF,0,0,61,Avail,Compl,Enable,0,GRN2#  ,ON,0,ACTIVE,ACTIVE,0.996,0.977,0.835,0.835,901.977,741.164,Avail,Compl,Avail,Incmpl,Incmpl,Enable,OBD II (California ARB),OFF,OFF,0,0,0,1st,OFF,OFF,OFF,OFF,OFF,OFF,3.125,1.562,ON,OFF,650,0,OFF,OFF,OFF,ON,Gasoline,0.964,OFF,OFF,0.684,ON,0.391,14.902,10,0,0.742,0.742,2.324,0.742,0.918,2.031,46.667,0,14.902,39,0,0,OFF,ECT 5th,NA,OFF,97.900,97.900,14.118,0,Not Avl,0,0,0,0,ON,ON,0,0,1
86,0,13.701,Not Avl,Compl,Compl,Unable,OFF,Not Avl,Compl,Compl,Unable,OFF,53.125,40.625,36.250,37.500,19.531,39.551,15.686,31.765,0.781,1.582,ON,0,OFF,ON,ON,1.000,1.000,0,0.004,3.288,3.298,1,97,51199.219,13.417,25.490,OFF,OFF,OFF,OFF,OFF,OFF,OFF,Avail,Incmpl,Incmpl,Enable,Avail,142.900,51.200,142.900,51.200,ON,Avail,Compl,Enable,80,0,0,0,0,0,0,6,A,0,0,Avail,Incmpl,Incmpl,Enable,OFF,OFF,50,705.250,51199.219,51199.219,51199.219,51199.219,51199.219,51199.219,1GRFE ,0,Avail,Incmpl,Incmpl,Enable,0,OFF,OFF,OFF,OFF,ON,ON,Avail,Compl,Enable,Compl,CL,CL,Compl,Unable,Not Avl,Compl,Incmpl,Enable,OFF,0,15,253,ON,81.250,20,0.112,2520,16,21,-3,OFF,1.562,5.469,3.960,OFF,0,0,61,Avail,Compl,Enable,0,GRN2#  ,ON,0,ACTIVE,ACTIVE,0.996,0.977,0.835,0.835,901.977,741.164,Avail,Compl,Avail,Incmpl,Incmpl,Enable,OBD II (California ARB),OFF,OFF,0,0,0,1st,OFF,OFF,OFF,OFF,OFF,OFF,3.125,1.562,ON,OFF,650,0,OFF,OFF,OFF,ON,Gasoline,0.964,OFF,OFF,0.684,ON,0.391,14.902,10,0,0.742,0.742,2.324,0.742,0.918,2.031,46.667,0,14.902,39,0,0,OFF,ECT 5th,NA,OFF,97.900,97.900,14.118,0,Not Avl,0,0,0,0,ON,ON,0,0,1
87,0,13.701,Not Avl,Compl,Compl,Unable,OFF,Not Avl,Compl,Compl,Unable,OFF,53.125,40.625,36.250,37.500,19.531,39.551,15.686,31.765,0.781,1.582,ON,0,OFF,ON,ON,1.000,1.000,0,0.004,3.288,3.298,1,97,51199.219,13.417,25.490,OFF,OFF,OFF,OFF,OFF,OFF,OFF,Avail,Incmpl,Incmpl,Enable,Avail,142.900,51.200,142.900,51.200,ON,Avail,Compl,Enable,80,0,0,0,0,0,0,6,A,0,0,Avail,Incmpl,Incmpl,Enable,OFF,OFF,50,705.250,51199.219,51199.219,51199.219,51199.219,51199.219,51199.219,1GRFE ,0,Avail,Incmpl,Incmpl,Enable,0,OFF,OFF,OFF,OFF,ON,ON,Avail,Compl,Enable,Compl,CL,CL,Compl,Unable,Not Avl,Compl,Incmpl,Enable,OFF,0,15,253,ON,81.250,20,0.112,2520,16,21,-3,OFF,1.562,5.469,3.960,OFF,0,0,61,Avail,Compl,Enable,0,GRN2#  ,ON,0,ACTIVE,ACTIVE,0.996,0.977,0.835,0.835,901.977,741.164,Avail,Compl,Avail,Incmpl,Incmpl,Enable,OBD II (California ARB),OFF,OFF,0,0,0,1st,OFF,OFF,OFF,OFF,OFF,OFF,3.125,1.562,ON,OFF,650,0,OFF,OFF,OFF,ON,Gasoline,0.964,OFF,OFF,0.684,ON,0.391,14.902,10,0,0.742,0.742,2.324,0.742,0.918,2.031,46.667,0,14.902,39,0,0,OFF,ECT 5th,NA,OFF,97.900,97.900,14.118,0,Not Avl,0,0,0,0,ON,ON,0,0,1
88,0,13.701,Not Avl,Compl,Compl,Unable,OFF,Not Avl,Compl,Compl,Unable,OFF,53.125,40.625,36.250,37.500,19.531,39.551,15.686,31.765,0.781,1.582,ON,0,OFF,ON,ON,1.000,1.000,0,0.004,3.288,3.298,1,97,51199.219,13.417,25.490,OFF,OFF,OFF,OFF,OFF,OFF,OFF,Avail,Incmpl,Incmpl,Enable,Avail,142.900,51.200,142.900,51.200,ON,Avail,Compl,Enable,80,0,0,0,0,0,0,6,A,0,0,Avail,Incmpl,Incmpl,Enable,OFF,OFF,50,705.250,51199.219,51199.219,51199.219,51199.219,51199.219,51199.219,1GRFE ,0,Avail,Incmpl,Incmpl,Enable,0,OFF,OFF,OFF,OFF,ON,ON,Avail,Compl,Enable,Compl,CL,CL,Compl,Unable,Not Avl,Compl,Incmpl,Enable,OFF,0,15,253,ON,81.250,20,0.112,2520,16,21,-3,OFF,1.562,5.469,3.960,OFF,0,0,61,Avail,Compl,Enable,0,GRN2#  ,ON,0,ACTIVE,ACTIVE,0.996,0.977,0.835,0.835,901.977,741.164,Avail,Compl,Avail,Incmpl,Incmpl,Enable,OBD II (California ARB),OFF,OFF,0,0,0,1st,OFF,OFF,OFF,OFF,OFF,OFF,3.125,1.562,ON,OFF,650,0,OFF,OFF,OFF,ON,Gasoline,0.964,OFF,OFF,0.684,ON,0.391,14.902,10,0,0.742,0.742,2.324,0.742,0.918,2.031,46.667,0,14.902,39,0,0,OFF,ECT 5th,NA,OFF,97.900,97.900,14.118,0,Not Avl,0,0,0,0,ON,ON,0,0,1
89,0,13.701,Not Avl,Compl,Compl,Unable,OFF,Not Avl,Compl,Compl,Unable,OFF,53.125,40.625,36.250,37.500,19.531,39.551,15.686,31.765,0.781,1.582,ON,0,OFF,ON,ON,1.000,1.000,0,0.004,3.288,3.298,1,97,51199.219,13.417,25.490,OFF,OFF,OFF,OFF,OFF,OFF,OFF,Avail,Incmpl,Incmpl,Enable,Avail,142.900,51.200,142.900,51.200,ON,Avail,Compl,Enable,80,0,0,0,0,0,0,6,A,0,0,Avail,Incmpl,Incmpl,Enable,OFF,OFF,50,705.250,51199.219,51199.219,51199.219,51199.219,51199.219,51199.219,1GRFE ,0,Avail,Incmpl,Incmpl,Enable,0,OFF,OFF,OFF,OFF,ON,ON,Avail,Compl,Enable,Compl,CL,CL,Compl,Unable,Not Avl,Compl,Incmpl,Enable,OFF,0,15,253,ON,81.250,20,0.112,2520,16,21,-3,OFF,1.562,5.469,3.960,OFF,0,0,61,Avail,Compl,Enable,0,GRN2#  ,ON,0,ACTIVE,ACTIVE,0.996,0.977,0.835,0.835,901.977,741.164,Avail,Compl,Avail,Incmpl,Incmpl,Enable,OBD II (California ARB),OFF,OFF,0,0,0,1st,OFF,OFF,OFF,OFF,OFF,OFF,3.125,1.562,ON,OFF,650,0,OFF,OFF,OFF,ON,Gasoline,0.964,OFF,OFF,0.684,ON,0.391,14.902,10,0,0.742,0.742,2.324,0.742,0.918,2.031,46.667,0,14.902,39,0,0,OFF,ECT 5th,NA,OFF,97.900,97.900,14.118,0,Not Avl,0,0,0,0,ON,ON,0,0,1
90,0,13.701,Not Avl,Compl,Compl,Unable,OFF,Not Avl,Compl,Compl,Unable,OFF,53.125,40.625,36.250,37.500,19.531,39.551,15.686,31.765,0.781,1.582,ON,0,OFF,ON,ON,1.000,1.000,0,0.004,3.288,3.298,1,97,51199.219,13.417,25.490,OFF,OFF,OFF,OFF,OFF,OFF,OFF,Avail,Incmpl,Incmpl,Enable,Avail,142.900,51.200,142.900,51.200,ON,Avail,Compl,Enable,80,0,0,0,0,0,0,6,A,0,0,Avail,Incmpl,Incmpl,Enable,OFF,OFF,50,705.250,51199.219,51199.219,51199.219,51199.219,51199.219,51199.219,1GRFE ,0,Avail,Incmpl,Incmpl,Enable,0,OFF,OFF,OFF,OFF,ON,ON,Avail,Compl,Enable,Compl,CL,CL,Compl,Unable,Not Avl,Compl,Incmpl,Enable,OFF,0,15,253,ON,81.250,20,0.112,2520,16,21,-3,OFF,1.562,5.469,3.960,OFF,0,0,61,Avail,Compl,Enable,0,GRN2#  ,ON,0,ACTIVE,ACTIVE,0.996,0.977,0.835,0.835,901.977,741.164,Avail,Compl,Avail,Incmpl,Incmpl,Enable,OBD II (California ARB),OFF,OFF,0,0,0,1st,OFF,OFF,OFF,OFF,OFF,OFF,3.125,1.562,ON,OFF,650,0,OFF,OFF,OFF,ON,Gasoline,0.964,OFF,OFF,0.684,ON,0.391,14.902,10,0,0.742,0.742,2.324,0.742,0.918,2.031,46.667,0,14.902,39,0,0,OFF,ECT 5th,NA,OFF,97.900,97.900,14.118,0,Not Avl,0,0,0,0,ON,ON,0,0,1
91,0,13.701,Not Avl,Compl,Compl,Unable,OFF,Not Avl,Compl,Compl,Unable,OFF,53.125,40.625,36.250,37.500,19.531,39.551,15.686,31.765,0.781,1.582,ON,0,OFF,ON,ON,1.000,1.000,0,0.004,3.288,3.298,1,97,51199.219,13.417,25.490,OFF,OFF,OFF,OFF,OFF,OFF,OFF,Avail,Incmpl,Incmpl,Enable,Avail,142.900,51.200,142.900,51.200,ON,Avail,Compl,Enable,80,0,0,0,0,0,0,6,A,0,0,Avail,Incmpl,Incmpl,Enable,OFF,OFF,50,705.250,51199.219,51199.219,51199.219,51199.219,51199.219,51199.219,1GRFE ,0,Avail,Incmpl,Incmpl,Enable,0,OFF,OFF,OFF,OFF,ON,ON,Avail,Compl,Enable,Compl,CL,CL,Compl,Unable,Not Avl,Compl,Incmpl,Enable,OFF,0,15,253,ON,81.250,20,0.112,2520,16,21,-3,OFF,1.562,5.469,3.960,OFF,0,0,61,Avail,Compl,Enable,0,GRN2#  ,ON,0,ACTIVE,ACTIVE,0.996,0.977,0.835,0.835,901.977,741.164,Avail,Compl,Avail,Incmpl,Incmpl,Enable,OBD II (California ARB),OFF,OFF,0,0,0,1st,OFF,OFF,OFF,OFF,OFF,OFF,3.125,1.562,ON,OFF,650,0,OFF,OFF,OFF,ON,Gasoline,0.964,OFF,OFF,0.684,ON,0.391,14.902,10,0,0.742,0.742,2.324,0.742,0.918,2.031,46.667,0,14.902,39,0,0,OFF,ECT 5th,NA,OFF,97.900,97.900,14.118,0,Not Avl,0,0,0,0,ON,ON,0,0,1
92,0,13.701,Not Avl,Compl,Compl,Unable,OFF,Not Avl,Compl,Compl,Unable,OFF,53.125,40.625,36.250,37.500,19.531,39.551,15.686,31.765,0.781,1.582,ON,0,OFF,ON,ON,1.000,1.000,0,0.004,3.288,3.298,1,97,51199.219,13.417,25.490,OFF,OFF,OFF,OFF,OFF,OFF,OFF,Avail,Incmpl,Incmpl,Enable,Avail,142.900,51.200,142.900,51.200,ON,Avail,Compl,Enable,80,0,0,0,0,0,0,6,A,0,0,Avail,Incmpl,Incmpl,Enable,OFF,OFF,50,705.250,51199.219,51199.219,51199.219,51199.219,51199.219,51199.219,1GRFE ,0,Avail,Incmpl,Incmpl,Enable,0,OFF,OFF,OFF,OFF,ON,ON,Avail,Compl,Enable,Compl,CL,CL,Compl,Unable,Not Avl,Compl,Incmpl,Enable,OFF,0,15,253,ON,81.250,20,0.112,2520,16,21,-3,OFF,1.562,5.469,3.960,OFF,0,0,61,Avail,Compl,Enable,0,GRN2#  ,ON,0,ACTIVE,ACTIVE,0.996,0.977,0.835,0.835,901.977,741.164,Avail,Compl,Avail,Incmpl,Incmpl,Enable,OBD II (California ARB),OFF,OFF,0,0,0,1st,OFF,OFF,OFF,OFF,OFF,OFF,3.125,1.562,ON,OFF,650,0,OFF,OFF,OFF,ON,Gasoline,0.964,OFF,OFF,0.684,ON,0.391,14.902,10,0,0.742,0.742,2.324,0.742,0.918,2.031,46.667,0,14.902,39,0,0,OFF,ECT 5th,NA,OFF,97.900,97.900,14.118,0,Not Avl,0,0,0,0,ON,ON,0,0,1
93,0,13.701,Not Avl,Compl,Compl,Unable,OFF,Not Avl,Compl,Compl,Unable,OFF,53.125,40.625,36.250,37.500,19.531,39.551,15.686,31.765,0.781,1.582,ON,0,OFF,ON,ON,1.000,1.000,0,0.004,3.288,3.298,1,97,51199.219,13.417,25.490,OFF,OFF,OFF,OFF,OFF,OFF,OFF,Avail,Incmpl,Incmpl,Enable,Avail,142.900,51.200,142.900,51.200,ON,Avail,Compl,Enable,80,0,0,0,0,0,0,6,A,0,0,Avail,Incmpl,Incmpl,Enable,OFF,OFF,50,705.250,51199.219,51199.219,51199.219,51199.219,51199.219,51199.219,1GRFE ,0,Avail,Incmpl,Incmpl,Enable,0,OFF,OFF,OFF,OFF,ON,ON,Avail,Compl,Enable,Compl,CL,CL,Compl,Unable,Not Avl,Compl,Incmpl,Enable,OFF,0,15,253,ON,81.250,20,0.112,2520,16,21,-3,OFF,1.562,5.469,3.960,OFF,0,0,61,Avail,Compl,Enable,0,GRN2#  ,ON,0,ACTIVE,ACTIVE,0.996,0.977,0.835,0.835,901.977,741.164,Avail,Compl,Avail,Incmpl,Incmpl,Enable,OBD II (California ARB),OFF,OFF,0,0,0,1st,OFF,OFF,OFF,OFF,OFF,OFF,3.125,1.562,ON,OFF,650,0,OFF,OFF,OFF,ON,Gasoline,0.964,OFF,OFF,0.684,ON,0.391,14.902,10,0,0.742,0.742,2.324,0.742,0.918,2.031,46.667,0,14.902,39,0,0,OFF,ECT 5th,NA,OFF,97.900,97.900,14.118,0,Not Avl,0,0,0,0,ON,ON,0,0,1
94,0,13.701,Not Avl,Compl,Compl,Unable,OFF,Not Avl,Compl,Compl,Unable,OFF,53.125,40.625,36.250,37.500,19.531,39.551,15.686,31.765,0.781,1.582,ON,0,OFF,ON,ON,1.000,1.000,0,0.004,3.288,3.298,1,97,51199.219,13.417,25.490,OFF,OFF,OFF,OFF,OFF,OFF,OFF,Avail,Incmpl,Incmpl,Enable,Avail,142.900,51.200,142.900,51.200,ON,Avail,Compl,Enable,80,0,0,0,0,0,0,6,A,0,0,Avail,Incmpl,Incmpl,Enable,OFF,OFF,50,705.250,51199.219,51199.219,51199.219,51199.219,51199.219,51199.219,1GRFE ,0,Avail,Incmpl,Incmpl,Enable,0,OFF,OFF,OFF,OFF,ON,ON,Avail,Compl,Enable,Compl,CL,CL,Compl,Unable,Not Avl,Compl,Incmpl,Enable,OFF,0,15,253,ON,81.250,20,0.112,2520,16,21,-3,OFF,1.562,5.469,3.960,OFF,0,0,61,Avail,Compl,Enable,0,GRN2#  ,ON,0,ACTIVE,ACTIVE,0.996,0.977,0.835,0.835,901.977,741.164,Avail,Compl,Avail,Incmpl,Incmpl,Enable,OBD II (California ARB),OFF,OFF,0,0,0,1st,OFF,OFF,OFF,OFF,OFF,OFF,3.125,1.562,ON,OFF,650,0,OFF,OFF,OFF,ON,Gasoline,0.964,OFF,OFF,0.684,ON,0.391,14.902,10,0,0.742,0.742,2.324,0.742,0.918,2.031,46.667,0,14.902,39,0,0,OFF,ECT 5th,NA,OFF,97.900,97.900,14.118,0,Not Avl,0,0,0,0,ON,ON,0,0,1
95,0,13.701,Not Avl,Compl,Compl,Unable,OFF,Not Avl,Compl,Compl,Unable,OFF,53.125,40.625,36.250,37.500,19.531,39.551,15.686,31.765,0.781,1.582,ON,0,OFF,ON,ON,1.000,1.000,0,0.004,3.288,3.298,1,97,51199.219,13.417,25.490,OFF,OFF,OFF,OFF,OFF,OFF,OFF,Avail,Incmpl,Incmpl,Enable,Avail,142.900,51.200,142.900,51.200,ON,Avail,Compl,Enable,80,0,0,0,0,0,0,6,A,0,0,Avail,Incmpl,Incmpl,Enable,OFF,OFF,50,705.250,51199.219,51199.219,51199.219,51199.219,51199.219,51199.219,1GRFE ,0,Avail,Incmpl,Incmpl,Enable,0,OFF,OFF,OFF,OFF,ON,ON,Avail,Compl,Enable,Compl,CL,CL,Compl,Unable,Not Avl,Compl,Incmpl,Enable,OFF,0,15,253,ON,81.250,20,0.112,2520,16,21,-3,OFF,1.562,5.469,3.960,OFF,0,0,61,Avail,Compl,Enable,0,GRN2#  ,ON,0,ACTIVE,ACTIVE,0.996,0.977,0.835,0.835,901.977,741.164,Avail,Compl,Avail,Incmpl,Incmpl,Enable,OBD II (California ARB),OFF,OFF,0,0,0,1st,OFF,OFF,OFF,OFF,OFF,OFF,3.125,1.562,ON,OFF,650,0,OFF,OFF,OFF,ON,Gasoline,0.964,OFF,OFF,0.684,ON,0.391,14.902,10,0,0.742,0.742,2.324,0.742,0.918,2.031,46.667,0,14.902,39,0,0,OFF,ECT 5th,NA,OFF,97.900,97.900,14.118,0,Not Avl,0,0,0,0,ON,ON,0,0,1
96,0,13.701,Not Avl,Compl,Compl,Unable,OFF,Not Avl,Compl,Compl,Unable,OFF,53.125,40.625,36.250,37.500,19.531,39.551,15.686,31.765,0.781,1.582,ON,0,OFF,ON,ON,1.000,1.000,0,0.004,3.288,3.298,1,97,51199.219,13.417,25.490,OFF,OFF,OFF,OFF,OFF,OFF,OFF,Avail,Incmpl,Incmpl,Enable,Avail,142.900,51.200,142.900,51.200,ON,Avail,Compl,Enable,80,0,0,0,0,0,0,6,A,0,0,Avail,Incmpl,Incmpl,Enable,OFF,OFF,50,705.250,51199.219,51199.219,51199.219,51199.219,51199.219,51199.219,1GRFE ,0,Avail,Incmpl,Incmpl,Enable,0,OFF,OFF,OFF,OFF,ON,ON,Avail,Compl,Enable,Compl,CL,CL,Compl,Unable,Not Avl,Compl,Incmpl,Enable,OFF,0,15,253,ON,81.250,20,0.112,2520,16,21,-3,OFF,1.562,5.469,3.960,OFF,0,0,61,Avail,Compl,Enable,0,GRN2#  ,ON,0,ACTIVE,ACTIVE,0.996,0.977,0.835,0.835,901.977,741.164,Avail,Compl,Avail,Incmpl,Incmpl,Enable,OBD II (California ARB),OFF,OFF,0,0,0,1st,OFF,OFF,OFF,OFF,OFF,OFF,3.125,1.562,ON,OFF,650,0,OFF,OFF,OFF,ON,Gasoline,0.964,OFF,OFF,0.684,ON,0.391,14.902,10,0,0.742,0.742,2.324,0.742,0.918,2.031,46.667,0,14.902,39,0,0,OFF,ECT 5th,NA,OFF,97.900,97.900,14.118,0,Not Avl,0,0,0,0,ON,ON,0,0,1
97,0,13.701,Not Avl,Compl,Compl,Unable,OFF,Not Avl,Compl,Compl,Unable,OFF,53.125,40.625,36.250,37.500,19.531,39.551,15.686,31.765,0.781,1.582,ON,0,OFF,ON,ON,1.000,1.000,0,0.004,3.288,3.298,1,97,51199.219,13.417,25.490,OFF,OFF,OFF,OFF,OFF,OFF,OFF,Avail,Incmpl,Incmpl,Enable,Avail,142.900,51.200,142.900,51.200,ON,Avail,Compl,Enable,80,0,0,0,0,0,0,6,A,0,0,Avail,Incmpl,Incmpl,Enable,OFF,OFF,50,705.250,51199.219,51199.219,51199.219,51199.219,51199.219,51199.219,1GRFE ,0,Avail,Incmpl,Incmpl,Enable,0,OFF,OFF,OFF,OFF,ON,ON,Avail,Compl,Enable,Compl,CL,CL,Compl,Unable,Not Avl,Compl,Incmpl,Enable,OFF,0,15,253,ON,81.250,20,0.112,2520,16,21,-3,OFF,1.562,5.469,3.960,OFF,0,0,61,Avail,Compl,Enable,0,GRN2#  ,ON,0,ACTIVE,ACTIVE,0.996,0.977,0.835,0.835,901.977,741.164,Avail,Compl,Avail,Incmpl,Incmpl,Enable,OBD II (California ARB),OFF,OFF,0,0,0,1st,OFF,OFF,OFF,OFF,OFF,OFF,3.125,1.562,ON,OFF,650,0,OFF,OFF,OFF,ON,Gasoline,0.964,OFF,OFF,0.684,ON,0.391,14.902,10,0,0.742,0.742,2.324,0.742,0.918,2.031,46.667,0,14.902,39,0,0,OFF,ECT 5th,NA,OFF,97.900,97.900,14.118,0,Not Avl,0,0,0,0,ON,ON,0,0,1
98,0,13.701,Not Avl,Compl,Compl,Unable,OFF,Not Avl,Compl,Compl,Unable,OFF,53.125,40.625,36.250,37.500,19.531,39.551,15.686,31.765,0.781,1.582,ON,0,OFF,ON,ON,1.000,1.000,0,0.004,3.288,3.298,1,97,51199.219,13.417,25.490,OFF,OFF,OFF,OFF,OFF,OFF,OFF,Avail,Incmpl,Incmpl,Enable,Avail,142.900,51.200,142.900,51.200,ON,Avail,Compl,Enable,80,0,0,0,0,0,0,6,A,0,0,Avail,Incmpl,Incmpl,Enable,OFF,OFF,50,705.250,51199.219,51199.219,51199.219,51199.219,51199.219,51199.219,1GRFE ,0,Avail,Incmpl,Incmpl,Enable,0,OFF,OFF,OFF,OFF,ON,ON,Avail,Compl,Enable,Compl,CL,CL,Compl,Unable,Not Avl,Compl,Incmpl,Enable,OFF,0,15,253,ON,81.250,20,0.112,2520,16,21,-3,OFF,1.562,5.469,3.960,OFF,0,0,61,Avail,Compl,Enable,0,GRN2#  ,ON,0,ACTIVE,ACTIVE,0.996,0.977,0.835,0.835,901.977,741.164,Avail,Compl,Avail,Incmpl,Incmpl,Enable,OBD II (California ARB),OFF,OFF,0,0,0,1st,OFF,OFF,OFF,OFF,OFF,OFF,3.125,1.562,ON,OFF,650,0,OFF,OFF,OFF,ON,Gasoline,0.964,OFF,OFF,0.684,ON,0.391,14.902,10,0,0.742,0.742,2.324,0.742,0.918,2.031,46.667,0,14.902,39,0,0,OFF,ECT 5th,NA,OFF,97.900,97.900,14.118,0,Not Avl,0,0,0,0,ON,ON,0,0,1
99,0,13.701,Not Avl,Compl,Compl,Unable,OFF,Not Avl,Compl,Compl,Unable,OFF,53.125,40.625,36.250,37.500,19.531,39.551,15.686,31.765,0.781,1.582,ON,0,OFF,ON,ON,1.000,1.000,0,0.004,3.288,3.298,1,97,51199.219,13.417,25.490,OFF,OFF,OFF,OFF,OFF,OFF,OFF,Avail,Incmpl,Incmpl,Enable,Avail,142.900,51.200,142.900,51.200,ON,Avail,Compl,Enable,80,0,0,0,0,0,0,6,A,0,0,Avail,Incmpl,Incmpl,Enable,OFF,OFF,50,705.250,51199.219,51199.219,51199.219,51199.219,51199.219,51199.219,1GRFE ,0,Avail,Incmpl,Incmpl,Enable,0,OFF,OFF,OFF,OFF,ON,ON,Avail,Compl,Enable,Compl,CL,CL,Compl,Unable,Not Avl,Compl,Incmpl,Enable,OFF,0,15,306,ON,81.250,20,0.112,2520,16,21,-3,OFF,1.562,5.469,3.960,OFF,0,0,61,Avail,Compl,Enable,0,GRN2#  ,ON,0,ACTIVE,ACTIVE,0.996,0.977,0.835,0.835,901.977,741.164,Avail,Compl,Avail,Incmpl,Incmpl,Enable,OBD II (California ARB),OFF,OFF,0,0,0,1st,OFF,OFF,OFF,OFF,OFF,OFF,3.125,1.562,ON,OFF,650,0,OFF,OFF,OFF,ON,Gasoline,0.964,OFF,OFF,0.684,ON,0.391,14.902,10,0,0.742,0.742,2.324,0.742,0.918,2.031,46.667,0,14.902,39,0,0,OFF,ECT 5th,NA,OFF,97.900,97.900,14.118,0,Not Avl,0,0,0,0,ON,ON,0,0,1
100,0,13.701,Not Avl,Compl,Compl,Unable,OFF,Not Avl,Compl,Compl,Unable,OFF,53.125,40.625,36.250,37.500,19.531,39.551,15.686,31.765,0.781,1.582,ON,0,OFF,ON,ON,1.000,1.000,0,0.004,3.288,3.298,1,97,51199.219,13.417,25.490,OFF,OFF,OFF,OFF,OFF,OFF,OFF,Avail,Incmpl,Incmpl,Enable,Avail,142.900,51.200,142.900,51.200,ON,Avail,Compl,Enable,80,0,0,0,0,0,0,6,A,0,0,Avail,Incmpl,Incmpl,Enable,OFF,OFF,50,705.250,51199.219,51199.219,51199.219,51199.219,51199.219,51199.219,1GRFE ,0,Avail,Incmpl,Incmpl,Enable,0,OFF,OFF,OFF,OFF,ON,ON,Avail,Compl,Enable,Compl,CL,CL,Compl,Unable,Not Avl,Compl,Incmpl,Enable,OFF,0,15,306,ON,81.250,20,0.112,2520,16,21,-3,OFF,1.562,5.469,3.960,OFF,0,0,61,Avail,Compl,Enable,0,GRN2#  ,ON,0,ACTIVE,ACTIVE,0.996,0.977,0.835,0.835,901.977,741.164,Avail,Compl,Avail,Incmpl,Incmpl,Enable,OBD II (California ARB),OFF,OFF,0,0,0,1st,OFF,OFF,OFF,OFF,OFF,OFF,3.125,1.562,ON,OFF,650,0,OFF,OFF,OFF,ON,Gasoline,0.964,OFF,OFF,0.684,ON,0.391,14.902,10,0,0.742,0.742,2.324,0.742,0.918,2.031,46.667,0,14.902,39,0,0,OFF,ECT 5th,NA,OFF,97.900,97.900,14.118,0,Not Avl,0,0,0,0,ON,ON,0,0,1
101,0,13.701,Not Avl,Compl,Compl,Unable,OFF,Not Avl,Compl,Compl,Unable,OFF,53.125,40.625,36.250,37.500,19.531,39.551,15.686,31.765,0.781,1.582,ON,0,OFF,ON,ON,1.000,1.000,0,0.004,3.288,3.298,1,97,51199.219,13.417,25.490,OFF,OFF,OFF,OFF,OFF,OFF,OFF,Avail,Incmpl,Incmpl,Enable,Avail,142.900,51.200,142.900,51.200,ON,Avail,Compl,Enable,80,0,0,0,0,0,0,6,A,0,0,Avail,Incmpl,Incmpl,Enable,OFF,OFF,50,705.250,51199.219,51199.219,51199.219,51199.219,51199.219,51199.219,1GRFE ,0,Avail,Incmpl,Incmpl,Enable,0,OFF,OFF,OFF,OFF,ON,ON,Avail,Compl,Enable,Compl,CL,CL,Compl,Unable,Not Avl,Compl,Incmpl,Enable,OFF,0,15,306,ON,81.250,20,0.112,2520,16,21,-3,OFF,1.562,5.469,3.960,OFF,0,0,61,Avail,Compl,Enable,0,GRN2#  ,ON,0,ACTIVE,ACTIVE,0.996,0.977,0.835,0.835,901.977,741.164,Avail,Compl,Avail,Incmpl,Incmpl,Enable,OBD II (California ARB),OFF,OFF,0,0,0,1st,OFF,OFF,OFF,OFF,OFF,OFF,3.125,1.562,ON,OFF,650,0,OFF,OFF,OFF,ON,Gasoline,0.964,OFF,OFF,0.684,ON,0.391,14.902,10,0,0.742,0.742,2.324,0.742,0.918,2.031,46.667,0,14.902,39,0,0,OFF,ECT 5th,NA,OFF,97.900,97.900,14.118,0,Not Avl,0,0,0,0,ON,ON,0,0,1
102,0,13.701,Not Avl,Compl,Compl,Unable,OFF,Not Avl,Compl,Compl,Unable,OFF,53.125,40.625,36.250,37.500,19.531,39.551,15.686,31.765,0.781,1.582,ON,0,OFF,ON,ON,1.000,1.000,0,0.004,3.288,3.298,1,97,51199.219,13.417,25.490,OFF,OFF,OFF,OFF,OFF,OFF,OFF,Avail,Incmpl,Incmpl,Enable,Avail,142.900,51.200,142.900,51.200,ON,Avail,Compl,Enable,80,0,0,0,0,0,0,6,A,0,0,Avail,Incmpl,Incmpl,Enable,OFF,OFF,50,705.250,51199.219,51199.219,51199.219,51199.219,51199.219,51199.219,1GRFE ,0,Avail,Incmpl,Incmpl,Enable,0,OFF,OFF,OFF,OFF,ON,ON,Avail,Compl,Enable,Compl,CL,CL,Compl,Unable,Not Avl,Compl,Incmpl,Enable,OFF,0,15,306,ON,81.250,20,0.112,2520,16,21,-3,OFF,1.562,5.469,3.960,OFF,0,0,61,Avail,Compl,Enable,0,GRN2#  ,ON,0,ACTIVE,ACTIVE,0.996,0.977,0.835,0.835,901.977,741.164,Avail,Compl,Avail,Incmpl,Incmpl,Enable,OBD II (California ARB),OFF,OFF,0,0,0,1st,OFF,OFF,OFF,OFF,OFF,OFF,3.125,1.562,ON,OFF,650,0,OFF,OFF,OFF,ON,Gasoline,0.964,OFF,OFF,0.684,ON,0.391,14.902,10,0,0.742,0.742,2.324,0.742,0.918,2.031,46.667,0,14.902,39,0,0,OFF,ECT 5th,NA,OFF,97.900,97.900,14.118,0,Not Avl,0,0,0,0,ON,ON,0,0,1
103,0,13.701,Not Avl,Compl,Compl,Unable,OFF,Not Avl,Compl,Compl,Unable,OFF,53.125,40.625,36.250,37.500,19.531,39.551,15.686,31.765,0.781,1.582,ON,0,OFF,ON,ON,1.000,1.000,0,0.004,3.288,3.298,1,97,51199.219,13.417,25.490,OFF,OFF,OFF,OFF,OFF,OFF,OFF,Avail,Incmpl,Incmpl,Enable,Avail,142.900,51.200,142.900,51.200,ON,Avail,Compl,Enable,80,0,0,0,0,0,0,6,A,0,0,Avail,Incmpl,Incmpl,Enable,OFF,OFF,50,705.250,51199.219,51199.219,51199.219,51199.219,51199.219,51199.219,1GRFE ,0,Avail,Incmpl,Incmpl,Enable,0,OFF,OFF,OFF,OFF,ON,ON,Avail,Compl,Enable,Compl,CL,CL,Compl,Unable,Not Avl,Compl,Incmpl,Enable,OFF,0,15,306,ON,81.250,20,0.113,2520,16,21,-3,OFF,1.562,5.469,3.960,OFF,0,0,61,Avail,Compl,Enable,0,GRN2#  ,ON,0,ACTIVE,ACTIVE,0.996,0.977,0.835,0.835,901.977,741.164,Avail,Compl,Avail,Incmpl,Incmpl,Enable,OBD II (California ARB),OFF,OFF,0,0,0,1st,OFF,OFF,OFF,OFF,OFF,OFF,3.125,1.562,ON,OFF,650,0,OFF,OFF,OFF,ON,Gasoline,0.964,OFF,OFF,0.684,ON,0.391,14.902,10,0,0.742,0.742,2.324,0.742,0.918,2.031,46.667,0,14.902,39,0,0,OFF,ECT 5th,NA,OFF,97.900,97.900,14.118,0,Not Avl,0,0,0,0,ON,ON,0,0,1
104,0,13.701,Not Avl,Compl,Compl,Unable,OFF,Not Avl,Compl,Compl,Unable,OFF,53.125,40.625,36.250,37.500,19.531,39.551,15.686,31.765,0.781,1.582,ON,0,OFF,ON,ON,1.000,1.000,0,0.004,3.288,3.298,1,97,51199.219,13.417,25.490,OFF,OFF,OFF,OFF,OFF,OFF,OFF,Avail,Incmpl,Incmpl,Enable,Avail,142.900,51.200,142.900,51.200,ON,Avail,Compl,Enable,80,0,0,0,0,0,0,6,A,0,0,Avail,Incmpl,Incmpl,Enable,OFF,OFF,50,705.250,51199.219,51199.219,51199.219,51199.219,51199.219,51199.219,1GRFE ,0,Avail,Incmpl,Incmpl,Enable,0,OFF,OFF,OFF,OFF,ON,ON,Avail,Compl,Enable,Compl,CL,CL,Compl,Unable,Not Avl,Compl,Incmpl,Enable,OFF,0,15,306,ON,81.250,20,0.113,2512,16,21,-3,OFF,1.562,5.469,3.960,OFF,0,0,61,Avail,Compl,Enable,0,GRN2#  ,ON,0,ACTIVE,ACTIVE,0.996,0.977,0.835,0.835,901.977,741.164,Avail,Compl,Avail,Incmpl,Incmpl,Enable,OBD II (California ARB),OFF,OFF,0,0,0,1st,OFF,OFF,OFF,OFF,OFF,OFF,3.125,1.562,ON,OFF,650,0,OFF,OFF,OFF,ON,Gasoline,0.964,OFF,OFF,0.684,ON,0.391,14.902,10,0,0.742,0.742,2.324,0.742,0.918,2.031,46.667,0,14.902,39,0,0,OFF,ECT 5th,NA,OFF,97.900,97.900,14.118,0,Not Avl,0,0,0,0,ON,ON,0,0,1
105,0,13.701,Not Avl,Compl,Compl,Unable,OFF,Not Avl,Compl,Compl,Unable,OFF,53.125,40.625,36.250,37.500,19.531,39.551,15.686,31.765,0.781,1.582,ON,0,OFF,ON,ON,1.000,1.000,0,0.004,3.288,3.298,1,97,51199.219,13.417,25.490,OFF,OFF,OFF,OFF,OFF,OFF,OFF,Avail,Incmpl,Incmpl,Enable,Avail,142.900,51.200,142.900,51.200,ON,Avail,Compl,Enable,80,0,0,0,0,0,0,6,A,0,0,Avail,Incmpl,Incmpl,Enable,OFF,OFF,50,705.250,51199.219,51199.219,51199.219,51199.219,51199.219,51199.219,1GRFE ,0,Avail,Incmpl,Incmpl,Enable,0,OFF,OFF,OFF,OFF,ON,ON,Avail,Compl,Enable,Compl,CL,CL,Compl,Unable,Not Avl,Compl,Incmpl,Enable,OFF,0,15,306,ON,81.250,20,0.113,2512,16,21,-3,OFF,1.562,5.469,3.960,OFF,0,0,61,Avail,Compl,Enable,0,GRN2#  ,ON,0,ACTIVE,ACTIVE,0.996,0.977,0.835,0.835,901.977,741.164,Avail,Compl,Avail,Incmpl,Incmpl,Enable,OBD II (California ARB),OFF,OFF,0,0,0,1st,OFF,OFF,OFF,OFF,OFF,OFF,3.125,1.562,ON,OFF,650,0,OFF,OFF,OFF,ON,Gasoline,0.964,OFF,OFF,0.684,ON,0.391,14.902,10,0,0.742,0.742,2.324,0.742,0.918,2.031,46.667,0,14.902,39,0,0,OFF,ECT 5th,NA,OFF,97.900,97.900,14.118,0,Not Avl,0,0,0,0,ON,ON,0,0,1
106,0,13.701,Not Avl,Compl,Compl,Unable,OFF,Not Avl,Compl,Compl,Unable,OFF,53.125,40.625,36.250,37.500,19.531,39.551,15.686,31.765,0.781,1.582,ON,0,OFF,ON,ON,1.000,1.000,0,0.004,3.288,3.298,1,97,51199.219,13.417,25.490,OFF,OFF,OFF,OFF,OFF,OFF,OFF,Avail,Incmpl,Incmpl,Enable,Avail,142.900,51.200,142.900,51.200,ON,Avail,Compl,Enable,80,0,0,0,0,0,0,6,A,0,0,Avail,Incmpl,Incmpl,Enable,OFF,OFF,50,705.250,51199.219,51199.219,51199.219,51199.219,51199.219,51199.219,1GRFE ,0,Avail,Incmpl,Incmpl,Enable,0,OFF,OFF,OFF,OFF,ON,ON,Avail,Compl,Enable,Compl,CL,CL,Compl,Unable,Not Avl,Compl,Incmpl,Enable,OFF,0,15,306,ON,81.250,20,0.113,2512,16,21,-3,OFF,1.562,5.469,3.960,OFF,0,0,61,Avail,Compl,Enable,0,GRN2#  ,ON,0,ACTIVE,ACTIVE,0.996,0.977,0.835,0.835,901.977,741.164,Avail,Compl,Avail,Incmpl,Incmpl,Enable,OBD II (California ARB),OFF,OFF,0,0,0,1st,OFF,OFF,OFF,OFF,OFF,OFF,3.125,1.562,ON,OFF,650,0,OFF,OFF,OFF,ON,Gasoline,0.964,OFF,OFF,0.684,ON,0.391,14.902,10,0,0.742,0.742,2.324,0.742,0.918,2.031,46.667,0,14.902,39,0,0,OFF,ECT 5th,NA,OFF,97.900,97.900,14.118,0,Not Avl,0,0,0,0,ON,ON,0,0,1
107,0,13.701,Not Avl,Compl,Compl,Unable,OFF,Not Avl,Compl,Compl,Unable,OFF,53.125,40.625,36.250,37.500,19.531,39.551,15.686,31.765,0.781,1.582,ON,0,OFF,ON,ON,1.000,1.000,0,0.004,3.288,3.298,1,97,51199.219,13.417,25.490,OFF,OFF,OFF,OFF,OFF,OFF,OFF,Avail,Incmpl,Incmpl,Enable,Avail,142.900,51.200,142.900,51.200,ON,Avail,Compl,Enable,80,0,0,0,0,0,0,6,A,0,0,Avail,Incmpl,Incmpl,Enable,OFF,OFF,50,705.250,51199.219,51199.219,51199.219,51199.219,51199.219,51199.219,1GRFE ,0,Avail,Incmpl,Incmpl,Enable,0,OFF,OFF,OFF,OFF,ON,ON,Avail,Compl,Enable,Compl,CL,CL,Compl,Unable,Not Avl,Compl,Incmpl,Enable,OFF,0,15,306,ON,81.250,20,0.113,2512,16,21,-3,OFF,1.562,5.469,3.960,OFF,0,0,61,Avail,Compl,Enable,0,GRN2#  ,ON,0,ACTIVE,ACTIVE,0.996,0.977,0.835,0.835,901.977,741.164,Avail,Compl,Avail,Incmpl,Incmpl,Enable,OBD II (California ARB),OFF,OFF,0,0,0,1st,OFF,OFF,OFF,OFF,OFF,OFF,3.125,1.562,ON,OFF,650,0,OFF,OFF,OFF,ON,Gasoline,0.964,OFF,OFF,0.684,ON,0.391,14.902,10,0,0.742,0.742,2.324,0.742,0.918,2.031,46.667,0,14.902,39,0,0,OFF,ECT 5th,NA,OFF,97.900,97.900,14.118,0,Not Avl,0,0,0,0,ON,ON,0,0,1
108,0,13.701,Not Avl,Compl,Compl,Unable,OFF,Not Avl,Compl,Compl,Unable,OFF,53.125,40.625,36.250,37.500,19.531,39.551,15.686,31.765,0.781,1.582,ON,0,OFF,ON,ON,1.000,1.000,0,0.004,3.288,3.298,1,97,51199.219,13.417,25.490,OFF,OFF,OFF,OFF,OFF,OFF,OFF,Avail,Incmpl,Incmpl,Enable,Avail,142.900,51.200,142.900,51.200,ON,Avail,Compl,Enable,80,0,0,0,0,0,0,6,A,0,0,Avail,Incmpl,Incmpl,Enable,OFF,OFF,50,705.250,51199.219,51199.219,51199.219,51199.219,51199.219,51199.219,1GRFE ,0,Avail,Incmpl,Incmpl,Enable,0,OFF,OFF,OFF,OFF,ON,ON,Avail,Compl,Enable,Compl,CL,CL,Compl,Unable,Not Avl,Compl,Incmpl,Enable,OFF,0,15,306,ON,81.250,20,0.113,2512,16,21,-3,OFF,1.562,5.469,3.960,OFF,0,0,61,Avail,Compl,Enable,0,GRN2#  ,ON,0,ACTIVE,ACTIVE,0.996,0.977,0.835,0.835,901.977,741.164,Avail,Compl,Avail,Incmpl,Incmpl,Enable,OBD II (California ARB),OFF,OFF,0,0,0,1st,OFF,OFF,OFF,OFF,OFF,OFF,3.125,1.562,ON,OFF,650,0,OFF,OFF,OFF,ON,Gasoline,0.964,OFF,OFF,0.684,ON,0.391,14.902,10,0,0.742,0.742,2.324,0.742,0.918,2.031,46.667,0,14.902,39,0,0,OFF,ECT 5th,NA,OFF,97.900,97.900,14.118,0,Not Avl,0,0,0,0,ON,ON,0,0,1
109,0,13.701,Not Avl,Compl,Compl,Unable,OFF,Not Avl,Compl,Compl,Unable,OFF,53.125,40.625,36.250,37.500,19.531,39.551,15.686,31.765,0.781,1.582,ON,0,OFF,ON,ON,1.000,1.000,0,0.004,3.288,3.298,1,97,51199.219,13.417,25.490,OFF,OFF,OFF,OFF,OFF,OFF,OFF,Avail,Incmpl,Incmpl,Enable,Avail,142.900,51.200,142.900,51.200,ON,Avail,Compl,Enable,80,0,0,0,0,0,0,6,A,0,0,Avail,Incmpl,Incmpl,Enable,OFF,OFF,50,705.250,51199.219,51199.219,51199.219,51199.219,51199.219,51199.219,1GRFE ,0,Avail,Incmpl,Incmpl,Enable,0,OFF,OFF,OFF,OFF,ON,ON,Avail,Compl,Enable,Compl,CL,CL,Compl,Unable,Not Avl,Compl,Incmpl,Enable,OFF,0,15,306,ON,81.250,20,0.113,2512,16,21,-3,OFF,1.562,5.469,3.960,OFF,0,0,61,Avail,Compl,Enable,0,GRN2#  ,ON,0,ACTIVE,ACTIVE,0.996,0.977,0.835,0.835,901.977,741.164,Avail,Compl,Avail,Incmpl,Incmpl,Enable,OBD II (California ARB),OFF,OFF,0,0,0,1st,OFF,OFF,OFF,OFF,OFF,OFF,3.125,1.562,ON,OFF,650,0,OFF,OFF,OFF,ON,Gasoline,0.964,OFF,OFF,0.684,ON,0.391,14.902,10,0,0.742,0.742,2.324,0.742,0.918,2.031,46.667,0,14.902,39,0,0,OFF,ECT 5th,NA,OFF,97.900,97.900,14.118,0,Not Avl,0,0,0,0,ON,ON,0,0,1
110,0,13.701,Not Avl,Compl,Compl,Unable,OFF,Not Avl,Compl,Compl,Unable,OFF,53.125,40.625,36.250,37.500,19.531,39.551,15.686,31.765,0.781,1.582,ON,0,OFF,ON,ON,1.000,1.000,0,0.004,3.288,3.298,1,97,51199.219,13.417,25.490,OFF,OFF,OFF,OFF,OFF,OFF,OFF,Avail,Incmpl,Incmpl,Enable,Avail,142.900,51.200,142.900,51.200,ON,Avail,Compl,Enable,80,0,0,0,0,0,0,6,A,0,0,Avail,Incmpl,Incmpl,Enable,OFF,OFF,50,705.250,51199.219,51199.219,51199.219,51199.219,51199.219,51199.219,1GRFE ,0,Avail,Incmpl,Incmpl,Enable,0,OFF,OFF,OFF,OFF,ON,ON,Avail,Compl,Enable,Compl,CL,CL,Compl,Unable,Not Avl,Compl,Incmpl,Enable,OFF,0,15,306,ON,81.250,20,0.113,2512,16,21,-3,OFF,1.562,5.469,3.960,OFF,0,0,61,Avail,Compl,Enable,0,GRN2#  ,ON,0,ACTIVE,ACTIVE,0.996,0.977,0.835,0.835,901.977,741.164,Avail,Compl,Avail,Incmpl,Incmpl,Enable,OBD II (California ARB),OFF,OFF,0,0,0,1st,OFF,OFF,OFF,OFF,OFF,OFF,3.125,1.562,ON,OFF,650,0,OFF,OFF,OFF,ON,Gasoline,0.964,OFF,OFF,0.684,ON,0.391,14.902,10,0,0.742,0.742,2.324,0.742,0.918,2.031,46.667,0,14.902,39,0,0,OFF,ECT 5th,NA,OFF,97.900,97.900,14.118,0,Not Avl,0,0,0,0,ON,ON,0,0,1
111,0,13.701,Not Avl,Compl,Compl,Unable,OFF,Not Avl,Compl,Compl,Unable,OFF,53.125,40.625,36.250,37.500,19.531,39.551,15.686,31.765,0.781,1.582,ON,0,OFF,ON,ON,1.000,1.000,0,0.004,3.288,3.298,1,97,51199.219,13.417,25.490,OFF,OFF,OFF,OFF,OFF,OFF,OFF,Avail,Incmpl,Incmpl,Enable,Avail,142.900,51.200,142.900,51.200,ON,Avail,Compl,Enable,80,0,0,0,0,0,0,6,A,0,0,Avail,Incmpl,Incmpl,Enable,OFF,OFF,50,705.250,51199.219,51199.219,51199.219,51199.219,51199.219,51199.219,1GRFE ,0,Avail,Incmpl,Incmpl,Enable,0,OFF,OFF,OFF,OFF,ON,ON,Avail,Compl,Enable,Compl,CL,CL,Compl,Unable,Not Avl,Compl,Incmpl,Enable,OFF,0,15,306,ON,81.250,20,0.113,2512,16,21,-3,OFF,1.562,5.469,4.010,OFF,0,0,61,Avail,Compl,Enable,0,GRN2#  ,ON,0,ACTIVE,ACTIVE,0.996,0.977,0.835,0.835,901.977,741.164,Avail,Compl,Avail,Incmpl,Incmpl,Enable,OBD II (California ARB),OFF,OFF,0,0,0,1st,OFF,OFF,OFF,OFF,OFF,OFF,3.125,1.562,ON,OFF,650,0,OFF,OFF,OFF,ON,Gasoline,0.964,OFF,OFF,0.684,ON,0.391,14.902,10,0,0.742,0.742,2.324,0.742,0.918,2.031,46.667,0,14.902,39,0,0,OFF,ECT 5th,NA,OFF,97.900,97.900,14.118,0,Not Avl,0,0,0,0,ON,ON,0,0,1
112,0,13.701,Not Avl,Compl,Compl,Unable,OFF,Not Avl,Compl,Compl,Unable,OFF,53.125,40.625,36.250,37.500,19.531,39.551,15.686,31.765,0.781,1.582,ON,0,OFF,ON,ON,1.000,1.000,0,0.004,3.288,3.298,1,97,51199.219,13.417,25.490,OFF,OFF,OFF,OFF,OFF,OFF,OFF,Avail,Incmpl,Incmpl,Enable,Avail,142.900,51.200,142.900,51.200,ON,Avail,Compl,Enable,80,0,0,0,0,0,0,6,A,0,0,Avail,Incmpl,Incmpl,Enable,OFF,OFF,50,705.250,51199.219,51199.219,51199.219,51199.219,51199.219,51199.219,1GRFE ,0,Avail,Incmpl,Incmpl,Enable,0,OFF,OFF,OFF,OFF,ON,ON,Avail,Compl,Enable,Compl,CL,CL,Compl,Unable,Not Avl,Compl,Incmpl,Enable,OFF,0,15,306,ON,81.250,20,0.113,2512,16,21,-3,OFF,1.562,5.469,4.010,OFF,0,0,61,Avail,Compl,Enable,0,GRN2#  ,ON,0,ACTIVE,ACTIVE,0.996,0.977,0.835,0.835,901.977,741.164,Avail,Compl,Avail,Incmpl,Incmpl,Enable,OBD II (California ARB),OFF,OFF,0,0,0,1st,OFF,OFF,OFF,OFF,OFF,OFF,3.125,1.562,ON,OFF,650,0,OFF,OFF,OFF,ON,Gasoline,0.964,OFF,OFF,0.684,ON,0.391,14.902,10,0,0.742,0.742,2.324,0.742,0.918,2.031,46.667,0,14.902,39,0,0,OFF,ECT 5th,NA,OFF,97.900,97.900,14.118,0,Not Avl,0,0,0,0,ON,ON,0,0,1
113,0,13.701,Not Avl,Compl,Compl,Unable,OFF,Not Avl,Compl,Compl,Unable,OFF,53.125,40.625,36.250,37.500,19.531,39.551,15.686,31.765,0.781,1.582,ON,0,OFF,ON,ON,1.000,1.000,0,0.004,3.288,3.298,1,97,51199.219,13.417,25.490,OFF,OFF,OFF,OFF,OFF,OFF,OFF,Avail,Incmpl,Incmpl,Enable,Avail,142.900,51.200,142.900,51.200,ON,Avail,Compl,Enable,80,0,0,0,0,0,0,6,A,0,0,Avail,Incmpl,Incmpl,Enable,OFF,OFF,50,705.250,51199.219,51199.219,51199.219,51199.219,51199.219,51199.219,1GRFE ,0,Avail,Incmpl,Incmpl,Enable,0,OFF,OFF,OFF,OFF,ON,ON,Avail,Compl,Enable,Compl,CL,CL,Compl,Unable,Not Avl,Compl,Incmpl,Enable,OFF,0,15,306,ON,81.250,20,0.113,2512,16,21,-3,OFF,1.562,5.469,4.010,OFF,0,0,61,Avail,Compl,Enable,0,GRN2#  ,ON,0,ACTIVE,ACTIVE,0.996,0.977,0.835,0.835,901.977,741.164,Avail,Compl,Avail,Incmpl,Incmpl,Enable,OBD II (California ARB),OFF,OFF,0,0,0,1st,OFF,OFF,OFF,OFF,OFF,OFF,3.125,1.562,ON,OFF,650,0,OFF,OFF,OFF,ON,Gasoline,0.964,OFF,OFF,0.684,ON,0.391,14.902,10,0,0.742,0.742,2.324,0.742,0.918,2.031,46.667,0,14.902,39,0,0,OFF,ECT 5th,NA,OFF,97.900,97.900,14.118,0,Not Avl,0,0,0,0,ON,ON,0,0,1
114,0,13.701,Not Avl,Compl,Compl,Unable,OFF,Not Avl,Compl,Compl,Unable,OFF,53.125,40.625,36.250,37.500,19.531,39.551,15.686,31.765,0.781,1.582,ON,0,OFF,ON,ON,1.000,1.000,0,0.004,3.288,3.298,1,97,51199.219,13.417,25.490,OFF,OFF,OFF,OFF,OFF,OFF,OFF,Avail,Incmpl,Incmpl,Enable,Avail,142.900,51.200,142.900,51.200,ON,Avail,Compl,Enable,80,0,0,0,0,0,0,6,A,0,0,Avail,Incmpl,Incmpl,Enable,OFF,OFF,50,705.250,51199.219,51199.219,51199.219,51199.219,51199.219,51199.219,1GRFE ,0,Avail,Incmpl,Incmpl,Enable,0,OFF,OFF,OFF,OFF,ON,ON,Avail,Compl,Enable,Compl,CL,CL,Compl,Unable,Not Avl,Compl,Incmpl,Enable,OFF,0,15,306,ON,81.250,20,0.113,2512,16,21,-3,OFF,1.562,5.469,4.010,OFF,0,0,61,Avail,Compl,Enable,0,GRN2#  ,ON,0,ACTIVE,ACTIVE,0.996,0.977,0.835,0.835,901.977,741.164,Avail,Compl,Avail,Incmpl,Incmpl,Enable,OBD II (California ARB),OFF,OFF,0,0,0,1st,OFF,OFF,OFF,OFF,OFF,OFF,3.125,1.562,ON,OFF,650,0,OFF,OFF,OFF,ON,Gasoline,0.964,OFF,OFF,0.684,ON,0.391,14.902,10,0,0.742,0.742,2.324,0.742,0.918,2.031,46.667,0,14.902,39,0,0,OFF,ECT 5th,NA,OFF,97.900,97.900,14.118,0,Not Avl,0,0,0,0,ON,ON,0,0,1
115,0,13.701,Not Avl,Compl,Compl,Unable,OFF,Not Avl,Compl,Compl,Unable,OFF,53.125,40.625,36.250,37.500,19.531,39.551,15.686,31.765,0.781,1.582,ON,0,OFF,ON,ON,1.000,1.000,0,0.004,3.288,3.298,1,97,51199.219,13.417,25.490,OFF,OFF,OFF,OFF,OFF,OFF,OFF,Avail,Incmpl,Incmpl,Enable,Avail,142.900,51.200,142.900,51.200,ON,Avail,Compl,Enable,80,0,0,0,0,0,0,6,A,0,0,Avail,Incmpl,Incmpl,Enable,OFF,OFF,50,705.250,51199.219,51199.219,51199.219,51199.219,51199.219,51199.219,1GRFE ,0,Avail,Incmpl,Incmpl,Enable,0,OFF,OFF,OFF,OFF,ON,ON,Avail,Compl,Enable,Compl,CL,CL,Compl,Unable,Not Avl,Compl,Incmpl,Enable,OFF,0,15,306,ON,81.250,20,0.113,2512,16,21,-3,OFF,1.562,5.469,4.010,OFF,0,0,80,Avail,Compl,Enable,0,GRN2#  ,ON,0,ACTIVE,ACTIVE,0.996,0.977,0.835,0.835,901.977,741.164,Avail,Compl,Avail,Incmpl,Incmpl,Enable,OBD II (California ARB),OFF,OFF,0,0,0,1st,OFF,OFF,OFF,OFF,OFF,OFF,3.125,1.562,ON,OFF,650,0,OFF,OFF,OFF,ON,Gasoline,0.964,OFF,OFF,0.684,ON,0.391,14.902,10,0,0.742,0.742,2.324,0.742,0.918,2.031,46.667,0,14.902,39,0,0,OFF,ECT 5th,NA,OFF,97.900,97.900,14.118,0,Not Avl,0,0,0,0,ON,ON,0,0,1
116,0,13.701,Not Avl,Compl,Compl,Unable,OFF,Not Avl,Compl,Compl,Unable,OFF,53.125,40.625,36.250,37.500,19.531,39.551,15.686,31.765,0.781,1.582,ON,0,OFF,ON,ON,1.000,1.000,0,0.004,3.288,3.298,1,97,51199.219,13.417,25.490,OFF,OFF,OFF,OFF,OFF,OFF,OFF,Avail,Incmpl,Incmpl,Enable,Avail,142.900,51.200,142.900,51.200,ON,Avail,Compl,Enable,80,0,0,0,0,0,0,6,A,0,0,Avail,Incmpl,Incmpl,Enable,OFF,OFF,50,705.250,51199.219,51199.219,51199.219,51199.219,51199.219,51199.219,1GRFE ,0,Avail,Incmpl,Incmpl,Enable,0,OFF,OFF,OFF,OFF,ON,ON,Avail,Compl,Enable,Compl,CL,CL,Compl,Unable,Not Avl,Compl,Incmpl,Enable,OFF,0,15,306,ON,81.250,20,0.113,2512,16,21,-3,OFF,1.562,5.469,4.010,OFF,0,0,80,Avail,Compl,Enable,0,GRN2#  ,ON,0,ACTIVE,ACTIVE,0.996,0.977,0.835,0.835,901.977,741.164,Avail,Compl,Avail,Incmpl,Incmpl,Enable,OBD II (California ARB),OFF,OFF,0,0,0,1st,OFF,OFF,OFF,OFF,OFF,OFF,3.125,1.562,ON,OFF,650,0,OFF,OFF,OFF,ON,Gasoline,0.964,OFF,OFF,0.684,ON,0.391,14.902,10,0,0.742,0.742,2.324,0.742,0.918,2.031,46.667,0,14.902,39,0,0,OFF,ECT 5th,NA,OFF,97.900,97.900,14.118,0,Not Avl,0,0,0,0,ON,ON,0,0,1
117,0,13.701,Not Avl,Compl,Compl,Unable,OFF,Not Avl,Compl,Compl,Unable,OFF,53.125,40.625,36.250,37.500,19.531,39.551,15.686,31.765,0.781,1.582,ON,0,OFF,ON,ON,1.000,1.000,0,0.004,3.288,3.298,1,97,51199.219,13.417,25.490,OFF,OFF,OFF,OFF,OFF,OFF,OFF,Avail,Incmpl,Incmpl,Enable,Avail,142.900,51.200,142.900,51.200,ON,Avail,Compl,Enable,80,0,0,0,0,0,0,6,A,0,0,Avail,Incmpl,Incmpl,Enable,OFF,OFF,50,705.250,51199.219,51199.219,51199.219,51199.219,51199.219,51199.219,1GRFE ,0,Avail,Incmpl,Incmpl,Enable,0,OFF,OFF,OFF,OFF,ON,ON,Avail,Compl,Enable,Compl,CL,CL,Compl,Unable,Not Avl,Compl,Incmpl,Enable,OFF,0,15,306,ON,81.250,20,0.113,2512,16,21,-3,OFF,1.562,5.469,4.010,OFF,0,0,80,Avail,Compl,Enable,0,GRN2#  ,ON,0,ACTIVE,ACTIVE,0.996,0.977,0.835,0.835,901.977,741.164,Avail,Compl,Avail,Incmpl,Incmpl,Enable,OBD II (California ARB),OFF,OFF,0,0,0,1st,OFF,OFF,OFF,OFF,OFF,OFF,3.125,1.562,ON,OFF,650,0,OFF,OFF,OFF,ON,Gasoline,0.964,OFF,OFF,0.684,ON,0.391,14.902,10,0,0.742,0.742,2.324,0.742,0.918,2.031,46.667,0,14.902,39,0,0,OFF,ECT 5th,NA,OFF,97.900,97.900,14.118,0,Not Avl,0,0,0,0,ON,ON,0,0,1
118,0,13.701,Not Avl,Compl,Compl,Unable,OFF,Not Avl,Compl,Compl,Unable,OFF,53.125,40.625,36.250,37.500,19.531,39.551,15.686,31.765,0.781,1.582,ON,0,OFF,ON,ON,1.000,1.000,0,0.004,3.288,3.298,1,97,51199.219,13.417,25.490,OFF,OFF,OFF,OFF,OFF,OFF,OFF,Avail,Incmpl,Incmpl,Enable,Avail,142.900,51.200,142.900,51.200,ON,Avail,Compl,Enable,80,0,0,0,0,0,0,6,A,0,0,Avail,Incmpl,Incmpl,Enable,OFF,OFF,50,705.250,51199.219,51199.219,51199.219,51199.219,51199.219,51199.219,1GRFE ,0,Avail,Incmpl,Incmpl,Enable,0,OFF,OFF,OFF,OFF,ON,ON,Avail,Compl,Enable,Compl,CL,CL,Compl,Unable,Not Avl,Compl,Incmpl,Enable,OFF,0,15,306,ON,81.250,20,0.113,2512,16,21,-3,OFF,1.562,5.469,4.010,OFF,0,0,80,Avail,Compl,Enable,0,GRN2#  ,ON,0,ACTIVE,ACTIVE,0.996,0.977,0.835,0.835,901.977,741.164,Avail,Compl,Avail,Incmpl,Incmpl,Enable,OBD II (California ARB),OFF,OFF,0,0,0,1st,OFF,OFF,OFF,OFF,OFF,OFF,3.125,1.562,ON,OFF,650,0,OFF,OFF,OFF,ON,Gasoline,0.964,OFF,OFF,0.684,ON,0.391,14.902,10,0,0.742,0.742,2.324,0.742,0.918,2.031,46.667,0,14.902,39,0,0,OFF,ECT 5th,NA,OFF,97.900,97.900,14.118,0,Not Avl,0,0,0,0,ON,ON,0,0,1
119,0,13.701,Not Avl,Compl,Compl,Unable,OFF,Not Avl,Compl,Compl,Unable,OFF,53.125,40.625,36.250,37.500,19.531,39.551,15.686,31.765,0.781,1.582,ON,0,OFF,ON,ON,1.000,1.000,0,0.004,3.288,3.298,1,97,51199.219,13.417,25.490,OFF,OFF,OFF,OFF,OFF,OFF,OFF,Avail,Incmpl,Incmpl,Enable,Avail,142.900,51.200,142.900,51.200,ON,Avail,Compl,Enable,80,0,0,0,0,0,0,6,A,0,0,Avail,Incmpl,Incmpl,Enable,OFF,OFF,50,705.250,51199.219,51199.219,51199.219,51199.219,51199.219,51199.219,1GRFE ,0,Avail,Incmpl,Incmpl,Enable,0,OFF,OFF,OFF,OFF,ON,ON,Avail,Compl,Enable,Compl,CL,CL,Compl,Unable,Not Avl,Compl,Incmpl,Enable,OFF,0,15,306,ON,81.250,20,0.113,2512,16,21,-3,OFF,1.562,5.469,4.010,OFF,0,0,80,Avail,Compl,Enable,0,GRN2#  ,ON,0,ACTIVE,ACTIVE,0.996,0.977,0.835,0.835,901.977,741.164,Avail,Compl,Avail,Incmpl,Incmpl,Enable,OBD II (California ARB),OFF,OFF,0,0,0,1st,OFF,OFF,OFF,OFF,OFF,OFF,3.125,1.562,ON,OFF,650,0,OFF,OFF,OFF,ON,Gasoline,0.964,OFF,OFF,0.684,ON,0.391,14.902,10,0,0.742,0.742,2.324,0.742,0.918,2.031,46.667,0,14.902,39,0,0,OFF,ECT 5th,NA,OFF,97.900,97.900,14.118,0,Not Avl,0,0,0,0,ON,ON,0,0,1
120,0,13.701,Not Avl,Compl,Compl,Unable,OFF,Not Avl,Compl,Compl,Unable,OFF,53.125,40.625,36.250,37.500,19.531,39.551,15.686,31.765,0.781,1.582,ON,0,OFF,ON,ON,1.000,1.000,0,0.004,3.288,3.298,1,97,51199.219,13.417,25.490,OFF,OFF,OFF,OFF,OFF,OFF,OFF,Avail,Incmpl,Incmpl,Enable,Avail,142.900,51.200,142.900,51.200,ON,Avail,Compl,Enable,80,0,0,0,0,0,0,6,A,0,0,Avail,Incmpl,Incmpl,Enable,OFF,OFF,50,705.250,51199.219,51199.219,51199.219,51199.219,51199.219,51199.219,1GRFE ,0,Avail,Incmpl,Incmpl,Enable,0,OFF,OFF,OFF,OFF,ON,ON,Avail,Compl,Enable,Compl,CL,CL,Compl,Unable,Not Avl,Compl,Incmpl,Enable,OFF,0,15,306,ON,81.250,20,0.113,2512,16,21,-3,OFF,1.562,5.469,4.010,OFF,0,0,80,Avail,Compl,Enable,0,GRN2#  ,ON,0,ACTIVE,ACTIVE,0.996,0.977,0.835,0.835,901.977,741.164,Avail,Compl,Avail,Incmpl,Incmpl,Enable,OBD II (California ARB),OFF,OFF,0,0,0,1st,OFF,OFF,OFF,OFF,OFF,OFF,3.125,1.562,ON,OFF,650,0,OFF,OFF,OFF,ON,Gasoline,0.964,OFF,OFF,0.684,ON,0.391,14.902,10,0,0.742,0.742,2.324,0.742,0.918,2.031,46.667,0,14.902,39,0,0,OFF,ECT 5th,NA,OFF,97.900,97.900,14.118,0,Not Avl,0,0,0,0,ON,ON,0,0,1
121,0,13.701,Not Avl,Compl,Compl,Unable,OFF,Not Avl,Compl,Compl,Unable,OFF,53.125,40.625,36.250,37.500,19.531,39.551,15.686,31.765,0.781,1.582,ON,0,OFF,ON,ON,1.000,1.000,0,0.004,3.288,3.298,1,97,51199.219,13.417,25.490,OFF,OFF,OFF,OFF,OFF,OFF,OFF,Avail,Incmpl,Incmpl,Enable,Avail,142.900,51.200,142.900,51.200,ON,Avail,Compl,Enable,80,0,0,0,0,0,0,6,A,0,0,Avail,Incmpl,Incmpl,Enable,OFF,OFF,50,705.250,51199.219,51199.219,51199.219,51199.219,51199.219,51199.219,1GRFE ,0,Avail,Incmpl,Incmpl,Enable,0,OFF,OFF,OFF,OFF,ON,ON,Avail,Compl,Enable,Compl,CL,CL,Compl,Unable,Not Avl,Compl,Incmpl,Enable,OFF,0,15,306,ON,81.250,20,0.113,2512,16,21,-3,OFF,1.562,5.469,4.010,OFF,0,0,80,Avail,Compl,Enable,0,GRN2#  ,ON,0,ACTIVE,ACTIVE,0.996,0.977,0.835,0.835,901.977,741.164,Avail,Compl,Avail,Incmpl,Incmpl,Enable,OBD II (California ARB),OFF,OFF,0,0,0,1st,OFF,OFF,OFF,OFF,OFF,OFF,3.125,1.562,ON,OFF,650,0,OFF,OFF,OFF,ON,Gasoline,0.964,OFF,OFF,0.684,ON,0.391,14.902,10,0,0.742,0.742,2.324,0.742,0.918,2.031,46.667,0,14.902,39,0,0,OFF,ECT 5th,NA,OFF,97.900,97.900,14.118,0,Not Avl,0,0,0,0,ON,ON,0,0,1
122,0,13.701,Not Avl,Compl,Compl,Unable,OFF,Not Avl,Compl,Compl,Unable,OFF,53.125,40.625,36.250,37.500,19.531,39.551,15.686,31.765,0.781,1.582,ON,0,OFF,ON,ON,1.000,1.000,0,0.004,3.288,3.298,1,97,51199.219,13.417,25.490,OFF,OFF,OFF,OFF,OFF,OFF,OFF,Avail,Incmpl,Incmpl,Enable,Avail,142.900,51.200,142.900,51.200,ON,Avail,Compl,Enable,80,0,0,0,0,0,0,6,A,0,0,Avail,Incmpl,Incmpl,Enable,OFF,OFF,50,705.250,51199.219,51199.219,51199.219,51199.219,51199.219,51199.219,1GRFE ,0,Avail,Incmpl,Incmpl,Enable,0,OFF,OFF,OFF,OFF,ON,ON,Avail,Compl,Enable,Compl,CL,CL,Compl,Unable,Not Avl,Compl,Incmpl,Enable,OFF,0,15,306,ON,81.250,20,0.113,2512,16,21,-3,OFF,1.562,5.469,4.010,OFF,0,0,80,Avail,Compl,Enable,0,GRN2#  ,ON,0,ACTIVE,ACTIVE,0.996,0.977,0.835,0.835,901.977,741.164,Avail,Compl,Avail,Incmpl,Incmpl,Enable,OBD II (California ARB),OFF,OFF,0,0,0,1st,OFF,OFF,OFF,OFF,OFF,OFF,3.125,1.562,ON,OFF,650,0,OFF,OFF,OFF,ON,Gasoline,0.964,OFF,OFF,0.684,ON,0.391,14.902,10,0,0.742,0.742,2.324,0.742,0.918,2.031,46.667,0,14.902,39,0,0,OFF,ECT 5th,NA,OFF,97.900,97.900,14.118,0,Not Avl,0,0,0,0,ON,ON,0,0,1
123,0,13.701,Not Avl,Compl,Compl,Unable,OFF,Not Avl,Compl,Compl,Unable,OFF,53.125,40.625,36.250,37.500,19.531,39.551,15.686,31.765,0.781,1.582,ON,0,OFF,ON,ON,1.000,1.000,0,0.004,3.288,3.298,1,97,51199.219,13.417,25.490,OFF,OFF,OFF,OFF,OFF,OFF,OFF,Avail,Incmpl,Incmpl,Enable,Avail,142.900,51.200,142.900,51.200,ON,Avail,Compl,Enable,80,0,0,0,0,0,0,6,A,0,0,Avail,Incmpl,Incmpl,Enable,OFF,OFF,50,705.250,51199.219,51199.219,51199.219,51199.219,51199.219,51199.219,1GRFE ,0,Avail,Incmpl,Incmpl,Enable,0,OFF,OFF,OFF,OFF,ON,ON,Avail,Compl,Enable,Compl,CL,CL,Compl,Unable,Not Avl,Compl,Incmpl,Enable,OFF,0,15,306,ON,81.250,20,0.113,2512,16,21,-3,OFF,1.562,5.469,4.010,OFF,0,0,80,Avail,Compl,Enable,0,GRN2#  ,ON,0,ACTIVE,ACTIVE,0.996,0.977,0.835,0.835,901.977,741.164,Avail,Compl,Avail,Incmpl,Incmpl,Enable,OBD II (California ARB),OFF,OFF,0,0,0,1st,OFF,OFF,OFF,OFF,OFF,OFF,3.125,1.562,ON,OFF,650,0,OFF,OFF,OFF,ON,Gasoline,0.964,OFF,OFF,0.684,ON,0.391,14.902,10,0,0.742,0.742,2.324,0.742,0.918,2.031,46.667,0,14.902,39,0,0,OFF,ECT 5th,NA,OFF,97.900,97.900,14.118,0,Not Avl,0,0,0,0,ON,ON,0,0,1
124,0,13.701,Not Avl,Compl,Compl,Unable,OFF,Not Avl,Compl,Compl,Unable,OFF,53.125,40.625,36.250,37.500,19.531,39.551,15.686,31.765,0.781,1.582,ON,0,OFF,ON,ON,1.000,1.000,0,0.004,3.288,3.298,1,97,51199.219,13.417,25.490,OFF,OFF,OFF,OFF,OFF,OFF,OFF,Avail,Incmpl,Incmpl,Enable,Avail,142.900,51.200,142.900,51.200,ON,Avail,Compl,Enable,80,0,0,0,0,0,0,6,A,0,0,Avail,Incmpl,Incmpl,Enable,OFF,OFF,50,705.250,51199.219,51199.219,51199.219,51199.219,51199.219,51199.219,1GRFE ,0,Avail,Incmpl,Incmpl,Enable,0,OFF,OFF,OFF,OFF,ON,ON,Avail,Compl,Enable,Compl,CL,CL,Compl,Unable,Not Avl,Compl,Incmpl,Enable,OFF,0,15,306,ON,81.250,20,0.113,2512,16,21,-3,OFF,1.562,5.469,4.010,OFF,0,0,80,Avail,Compl,Enable,0,GRN2#  ,ON,0,ACTIVE,ACTIVE,0.996,0.977,0.835,0.835,901.977,741.164,Avail,Compl,Avail,Incmpl,Incmpl,Enable,OBD II (California ARB),OFF,OFF,0,0,0,1st,OFF,OFF,OFF,OFF,OFF,OFF,3.125,1.562,ON,OFF,650,0,OFF,OFF,OFF,ON,Gasoline,0.964,OFF,OFF,0.684,ON,0.391,14.902,10,0,0.742,0.742,2.324,0.742,0.918,2.031,46.667,0,14.902,39,0,0,OFF,ECT 5th,NA,OFF,97.900,97.900,14.118,0,Not Avl,0,0,0,0,ON,ON,0,0,1
125,0,13.701,Not Avl,Compl,Compl,Unable,OFF,Not Avl,Compl,Compl,Unable,OFF,53.125,40.625,36.250,37.500,19.531,39.551,15.686,31.765,0.781,1.582,ON,0,OFF,ON,ON,1.000,1.000,0,0.004,3.288,3.298,1,97,51199.219,13.417,25.490,OFF,OFF,OFF,OFF,OFF,OFF,OFF,Avail,Incmpl,Incmpl,Enable,Avail,142.900,51.200,142.900,51.200,ON,Avail,Compl,Enable,80,0,0,0,0,0,0,6,A,0,0,Avail,Incmpl,Incmpl,Enable,OFF,OFF,50,705.250,51199.219,51199.219,51199.219,51199.219,51199.219,51199.219,1GRFE ,0,Avail,Incmpl,Incmpl,Enable,0,OFF,OFF,OFF,OFF,ON,ON,Avail,Compl,Enable,Compl,CL,CL,Compl,Unable,Not Avl,Compl,Incmpl,Enable,OFF,0,15,306,ON,81.250,20,0.113,2512,16,21,-3,OFF,1.562,5.469,4.010,OFF,0,0,80,Avail,Compl,Enable,0,GRN2#  ,ON,0,ACTIVE,ACTIVE,0.981,0.977,0.835,0.835,901.977,741.164,Avail,Compl,Avail,Incmpl,Incmpl,Enable,OBD II (California ARB),OFF,OFF,0,0,0,1st,OFF,OFF,OFF,OFF,OFF,OFF,3.125,1.562,ON,OFF,650,0,OFF,OFF,OFF,ON,Gasoline,0.964,OFF,OFF,0.684,ON,0.391,14.902,10,0,0.742,0.742,2.324,0.742,0.918,2.031,46.667,0,14.902,39,0,0,OFF,ECT 5th,NA,OFF,97.900,97.900,14.118,0,Not Avl,0,0,0,0,ON,ON,0,0,1
126,0,13.701,Not Avl,Compl,Compl,Unable,OFF,Not Avl,Compl,Compl,Unable,OFF,53.125,40.625,36.250,37.500,19.531,39.551,15.686,31.765,0.781,1.582,ON,0,OFF,ON,ON,1.000,1.000,0,0.004,3.288,3.298,1,97,51199.219,13.417,25.490,OFF,OFF,OFF,OFF,OFF,OFF,OFF,Avail,Incmpl,Incmpl,Enable,Avail,142.900,51.200,142.900,51.200,ON,Avail,Compl,Enable,80,0,0,0,0,0,0,6,A,0,0,Avail,Incmpl,Incmpl,Enable,OFF,OFF,50,705.250,51199.219,51199.219,51199.219,51199.219,51199.219,51199.219,1GRFE ,0,Avail,Incmpl,Incmpl,Enable,0,OFF,OFF,OFF,OFF,ON,ON,Avail,Compl,Enable,Compl,CL,CL,Compl,Unable,Not Avl,Compl,Incmpl,Enable,OFF,0,15,306,ON,81.250,20,0.113,2512,16,21,-3,OFF,1.562,5.469,4.010,OFF,0,0,80,Avail,Compl,Enable,0,GRN2#  ,ON,0,ACTIVE,ACTIVE,0.981,0.962,0.835,0.835,901.977,741.164,Avail,Compl,Avail,Incmpl,Incmpl,Enable,OBD II (California ARB),OFF,OFF,0,0,0,1st,OFF,OFF,OFF,OFF,OFF,OFF,3.125,1.562,ON,OFF,650,0,OFF,OFF,OFF,ON,Gasoline,0.964,OFF,OFF,0.684,ON,0.391,14.902,10,0,0.742,0.742,2.324,0.742,0.918,2.031,46.667,0,14.902,39,0,0,OFF,ECT 5th,NA,OFF,97.900,97.900,14.118,0,Not Avl,0,0,0,0,ON,ON,0,0,1
127,0,13.701,Not Avl,Compl,Compl,Unable,OFF,Not Avl,Compl,Compl,Unable,OFF,53.125,40.625,36.250,37.500,19.531,39.551,15.686,31.765,0.781,1.582,ON,0,OFF,ON,ON,1.000,1.000,0,0.004,3.288,3.298,1,97,51199.219,13.417,25.490,OFF,OFF,OFF,OFF,OFF,OFF,OFF,Avail,Incmpl,Incmpl,Enable,Avail,142.900,51.200,142.900,51.200,ON,Avail,Compl,Enable,80,0,0,0,0,0,0,6,A,0,0,Avail,Incmpl,Incmpl,Enable,OFF,OFF,50,705.250,51199.219,51199.219,51199.219,51199.219,51199.219,51199.219,1GRFE ,0,Avail,Incmpl,Incmpl,Enable,0,OFF,OFF,OFF,OFF,ON,ON,Avail,Compl,Enable,Compl,CL,CL,Compl,Unable,Not Avl,Compl,Incmpl,Enable,OFF,0,15,306,ON,81.250,20,0.113,2512,16,21,-3,OFF,1.562,5.469,4.010,OFF,0,0,80,Avail,Compl,Enable,0,GRN2#  ,ON,0,ACTIVE,ACTIVE,0.981,0.962,0.835,0.835,901.977,741.164,Avail,Compl,Avail,Incmpl,Incmpl,Enable,OBD II (California ARB),OFF,OFF,0,0,0,1st,OFF,OFF,OFF,OFF,OFF,OFF,3.125,1.562,ON,OFF,650,0,OFF,OFF,OFF,ON,Gasoline,0.964,OFF,OFF,0.684,ON,0.391,14.902,10,0,0.742,0.742,2.324,0.742,0.918,2.031,46.667,0,14.902,39,0,0,OFF,ECT 5th,NA,OFF,97.900,97.900,14.118,0,Not Avl,0,0,0,0,ON,ON,0,0,1
128,0,13.701,Not Avl,Compl,Compl,Unable,OFF,Not Avl,Compl,Compl,Unable,OFF,53.125,40.625,36.250,37.500,19.531,39.551,15.686,31.765,0.781,1.582,ON,0,OFF,ON,ON,1.000,1.000,0,0.004,3.288,3.298,1,97,51199.219,13.417,25.490,OFF,OFF,OFF,OFF,OFF,OFF,OFF,Avail,Incmpl,Incmpl,Enable,Avail,142.900,51.200,142.900,51.200,ON,Avail,Compl,Enable,80,0,0,0,0,0,0,6,A,0,0,Avail,Incmpl,Incmpl,Enable,OFF,OFF,50,705.250,51199.219,51199.219,51199.219,51199.219,51199.219,51199.219,1GRFE ,0,Avail,Incmpl,Incmpl,Enable,0,OFF,OFF,OFF,OFF,ON,ON,Avail,Compl,Enable,Compl,CL,CL,Compl,Unable,Not Avl,Compl,Incmpl,Enable,OFF,0,15,306,ON,81.250,20,0.113,2512,16,21,-3,OFF,1.562,5.469,4.010,OFF,0,0,80,Avail,Compl,Enable,0,GRN2#  ,ON,0,ACTIVE,ACTIVE,0.981,0.962,0.835,0.855,901.977,741.164,Avail,Compl,Avail,Incmpl,Incmpl,Enable,OBD II (California ARB),OFF,OFF,0,0,0,1st,OFF,OFF,OFF,OFF,OFF,OFF,3.125,1.562,ON,OFF,650,0,OFF,OFF,OFF,ON,Gasoline,0.964,OFF,OFF,0.684,ON,0.391,14.902,10,0,0.742,0.742,2.324,0.742,0.918,2.031,46.667,0,14.902,39,0,0,OFF,ECT 5th,NA,OFF,97.900,97.900,14.118,0,Not Avl,0,0,0,0,ON,ON,0,0,1
129,0,13.701,Not Avl,Compl,Compl,Unable,OFF,Not Avl,Compl,Compl,Unable,OFF,53.125,40.625,36.250,37.500,19.531,39.551,15.686,31.765,0.781,1.582,ON,0,OFF,ON,ON,1.000,1.000,0,0.004,3.288,3.298,1,97,51199.219,13.417,25.490,OFF,OFF,OFF,OFF,OFF,OFF,OFF,Avail,Incmpl,Incmpl,Enable,Avail,142.900,51.200,142.900,51.200,ON,Avail,Compl,Enable,80,0,0,0,0,0,0,6,A,0,0,Avail,Incmpl,Incmpl,Enable,OFF,OFF,50,705.250,51199.219,51199.219,51199.219,51199.219,51199.219,51199.219,1GRFE ,0,Avail,Incmpl,Incmpl,Enable,0,OFF,OFF,OFF,OFF,ON,ON,Avail,Compl,Enable,Compl,CL,CL,Compl,Unable,Not Avl,Compl,Incmpl,Enable,OFF,0,15,306,ON,81.250,20,0.113,2512,16,21,-3,OFF,1.562,5.469,4.010,OFF,0,0,80,Avail,Compl,Enable,0,GRN2#  ,ON,0,ACTIVE,ACTIVE,0.981,0.962,0.835,0.855,376.742,741.164,Avail,Compl,Avail,Incmpl,Incmpl,Enable,OBD II (California ARB),OFF,OFF,0,0,0,1st,OFF,OFF,OFF,OFF,OFF,OFF,3.125,1.562,ON,OFF,650,0,OFF,OFF,OFF,ON,Gasoline,0.964,OFF,OFF,0.684,ON,0.391,14.902,10,0,0.742,0.742,2.324,0.742,0.918,2.031,46.667,0,14.902,39,0,0,OFF,ECT 5th,NA,OFF,97.900,97.900,14.118,0,Not Avl,0,0,0,0,ON,ON,0,0,1
130,0,13.701,Not Avl,Compl,Compl,Unable,OFF,Not Avl,Compl,Compl,Unable,OFF,53.125,40.625,36.250,37.500,19.531,39.551,15.686,31.765,0.781,1.582,ON,0,OFF,ON,ON,1.000,1.000,0,0.004,3.288,3.298,1,97,51199.219,13.417,25.490,OFF,OFF,OFF,OFF,OFF,OFF,OFF,Avail,Incmpl,Incmpl,Enable,Avail,142.900,51.200,142.900,51.200,ON,Avail,Compl,Enable,80,0,0,0,0,0,0,6,A,0,0,Avail,Incmpl,Incmpl,Enable,OFF,OFF,50,705.250,51199.219,51199.219,51199.219,51199.219,51199.219,51199.219,1GRFE ,0,Avail,Incmpl,Incmpl,Enable,0,OFF,OFF,OFF,OFF,ON,ON,Avail,Compl,Enable,Compl,CL,CL,Compl,Unable,Not Avl,Compl,Incmpl,Enable,OFF,0,15,306,ON,81.250,20,0.113,2512,16,21,-3,OFF,1.562,5.469,4.010,OFF,0,0,80,Avail,Compl,Enable,0,GRN2#  ,ON,0,ACTIVE,ACTIVE,0.981,0.962,0.835,0.855,376.742,306.387,Avail,Compl,Avail,Incmpl,Incmpl,Enable,OBD II (California ARB),OFF,OFF,0,0,0,1st,OFF,OFF,OFF,OFF,OFF,OFF,3.125,1.562,ON,OFF,650,0,OFF,OFF,OFF,ON,Gasoline,0.964,OFF,OFF,0.684,ON,0.391,14.902,10,0,0.742,0.742,2.324,0.742,0.918,2.031,46.667,0,14.902,39,0,0,OFF,ECT 5th,NA,OFF,97.900,97.900,14.118,0,Not Avl,0,0,0,0,ON,ON,0,0,1
131,0,13.701,Not Avl,Compl,Compl,Unable,OFF,Not Avl,Compl,Compl,Unable,OFF,53.125,40.625,36.250,37.500,19.531,39.551,15.686,31.765,0.781,1.582,ON,0,OFF,ON,ON,1.000,1.000,0,0.004,3.288,3.298,1,97,51199.219,13.417,25.490,OFF,OFF,OFF,OFF,OFF,OFF,OFF,Avail,Incmpl,Incmpl,Enable,Avail,142.900,51.200,142.900,51.200,ON,Avail,Compl,Enable,80,0,0,0,0,0,0,6,A,0,0,Avail,Incmpl,Incmpl,Enable,OFF,OFF,50,705.250,51199.219,51199.219,51199.219,51199.219,51199.219,51199.219,1GRFE ,0,Avail,Incmpl,Incmpl,Enable,0,OFF,OFF,OFF,OFF,ON,ON,Avail,Compl,Enable,Compl,CL,CL,Compl,Unable,Not Avl,Compl,Incmpl,Enable,OFF,0,15,306,ON,81.250,20,0.113,2512,16,21,-3,OFF,1.562,5.469,4.010,OFF,0,0,80,Avail,Compl,Enable,0,GRN2#  ,ON,0,ACTIVE,ACTIVE,0.981,0.962,0.835,0.855,376.742,306.387,Avail,Compl,Avail,Incmpl,Incmpl,Enable,OBD II (California ARB),OFF,OFF,0,0,0,1st,OFF,OFF,OFF,OFF,OFF,OFF,3.125,1.562,ON,OFF,650,0,OFF,OFF,OFF,ON,Gasoline,0.964,OFF,OFF,0.684,ON,0.391,14.902,10,0,0.742,0.742,2.324,0.742,0.918,2.031,46.667,0,14.902,39,0,0,OFF,ECT 5th,NA,OFF,97.900,97.900,14.118,0,Not Avl,0,0,0,0,ON,ON,0,0,1
132,0,13.701,Not Avl,Compl,Compl,Unable,OFF,Not Avl,Compl,Compl,Unable,OFF,53.125,40.625,36.250,37.500,19.531,39.551,15.686,31.765,0.781,1.582,ON,0,OFF,ON,ON,1.000,1.000,0,0.004,3.288,3.298,1,97,51199.219,13.417,25.490,OFF,OFF,OFF,OFF,OFF,OFF,OFF,Avail,Incmpl,Incmpl,Enable,Avail,142.900,51.200,142.900,51.200,ON,Avail,Compl,Enable,80,0,0,0,0,0,0,6,A,0,0,Avail,Incmpl,Incmpl,Enable,OFF,OFF,50,705.250,51199.219,51199.219,51199.219,51199.219,51199.219,51199.219,1GRFE ,0,Avail,Incmpl,Incmpl,Enable,0,OFF,OFF,OFF,OFF,ON,ON,Avail,Compl,Enable,Compl,CL,CL,Compl,Unable,Not Avl,Compl,Incmpl,Enable,OFF,0,15,306,ON,81.250,20,0.113,2512,16,21,-3,OFF,1.562,5.469,4.010,OFF,0,0,80,Avail,Compl,Enable,0,GRN2#  ,ON,0,ACTIVE,ACTIVE,0.981,0.962,0.835,0.855,376.742,306.387,Avail,Compl,Avail,Incmpl,Incmpl,Enable,OBD II (California ARB),OFF,OFF,0,0,0,1st,OFF,OFF,OFF,OFF,OFF,OFF,3.125,1.562,ON,OFF,650,0,OFF,OFF,OFF,ON,Gasoline,0.964,OFF,OFF,0.684,ON,0.391,14.902,10,0,0.742,0.742,2.324,0.742,0.918,2.031,46.667,0,14.902,39,0,0,OFF,ECT 5th,NA,OFF,97.900,97.900,14.118,0,Not Avl,0,0,0,0,ON,ON,0,0,1
133,0,13.701,Not Avl,Compl,Compl,Unable,OFF,Not Avl,Compl,Compl,Unable,OFF,53.125,40.625,36.250,37.500,19.531,39.551,15.686,31.765,0.781,1.582,ON,0,OFF,ON,ON,1.000,1.000,0,0.004,3.288,3.298,1,97,51199.219,13.417,25.490,OFF,OFF,OFF,OFF,OFF,OFF,OFF,Avail,Incmpl,Incmpl,Enable,Avail,142.900,51.200,142.900,51.200,ON,Avail,Compl,Enable,80,0,0,0,0,0,0,6,A,0,0,Avail,Incmpl,Incmpl,Enable,OFF,OFF,50,705.250,51199.219,51199.219,51199.219,51199.219,51199.219,51199.219,1GRFE ,0,Avail,Incmpl,Incmpl,Enable,0,OFF,OFF,OFF,OFF,ON,ON,Avail,Compl,Enable,Compl,CL,CL,Compl,Unable,Not Avl,Compl,Incmpl,Enable,OFF,0,15,306,ON,81.250,20,0.113,2512,16,21,-3,OFF,1.562,5.469,4.010,OFF,0,0,80,Avail,Compl,Enable,0,GRN2#  ,ON,0,ACTIVE,ACTIVE,0.981,0.962,0.835,0.855,376.742,306.387,Avail,Compl,Avail,Incmpl,Incmpl,Enable,OBD II (California ARB),OFF,OFF,0,0,0,1st,OFF,OFF,OFF,OFF,OFF,OFF,3.125,1.562,ON,OFF,650,0,OFF,OFF,OFF,ON,Gasoline,0.964,OFF,OFF,0.684,ON,0.391,14.902,10,0,0.742,0.742,2.324,0.742,0.918,2.031,46.667,0,14.902,39,0,0,OFF,ECT 5th,NA,OFF,97.900,97.900,14.118,0,Not Avl,0,0,0,0,ON,ON,0,0,1
134,0,13.701,Not Avl,Compl,Compl,Unable,OFF,Not Avl,Compl,Compl,Unable,OFF,53.125,40.625,36.250,37.500,19.531,39.551,15.686,31.765,0.781,1.582,ON,0,OFF,ON,ON,1.000,1.000,0,0.004,3.288,3.298,1,97,51199.219,13.417,25.490,OFF,OFF,OFF,OFF,OFF,OFF,OFF,Avail,Incmpl,Incmpl,Enable,Avail,142.900,51.200,142.900,51.200,ON,Avail,Compl,Enable,80,0,0,0,0,0,0,6,A,0,0,Avail,Incmpl,Incmpl,Enable,OFF,OFF,50,705.250,51199.219,51199.219,51199.219,51199.219,51199.219,51199.219,1GRFE ,0,Avail,Incmpl,Incmpl,Enable,0,OFF,OFF,OFF,OFF,ON,ON,Avail,Compl,Enable,Compl,CL,CL,Compl,Unable,Not Avl,Compl,Incmpl,Enable,OFF,0,15,306,ON,81.250,20,0.113,2512,16,21,-3,OFF,1.562,5.469,4.010,OFF,0,0,80,Avail,Compl,Enable,0,GRN2#  ,ON,0,ACTIVE,ACTIVE,0.981,0.962,0.835,0.855,376.742,306.387,Avail,Compl,Avail,Incmpl,Incmpl,Enable,OBD II (California ARB),OFF,OFF,0,0,0,1st,OFF,OFF,OFF,OFF,OFF,OFF,3.125,1.562,ON,OFF,650,0,OFF,OFF,OFF,ON,Gasoline,0.964,OFF,OFF,0.684,ON,0.391,14.902,10,0,0.742,0.742,2.324,0.742,0.918,2.031,46.667,0,14.902,39,0,0,OFF,ECT 5th,NA,OFF,97.900,97.900,14.118,0,Not Avl,0,0,0,0,ON,ON,0,0,1
135,0,13.701,Not Avl,Compl,Compl,Unable,OFF,Not Avl,Compl,Compl,Unable,OFF,53.125,40.625,36.250,37.500,19.531,39.551,15.686,31.765,0.781,1.582,ON,0,OFF,ON,ON,1.000,1.000,0,0.004,3.288,3.298,1,97,51199.219,13.417,25.490,OFF,OFF,OFF,OFF,OFF,OFF,OFF,Avail,Incmpl,Incmpl,Enable,Avail,142.900,51.200,142.900,51.200,ON,Avail,Compl,Enable,80,0,0,0,0,0,0,6,A,0,0,Avail,Incmpl,Incmpl,Enable,OFF,OFF,50,705.250,51199.219,51199.219,51199.219,51199.219,51199.219,51199.219,1GRFE ,0,Avail,Incmpl,Incmpl,Enable,0,OFF,OFF,OFF,OFF,ON,ON,Avail,Compl,Enable,Compl,CL,CL,Compl,Unable,Not Avl,Compl,Incmpl,Enable,OFF,0,15,306,ON,81.250,20,0.113,2512,16,21,-3,OFF,1.562,5.469,4.010,OFF,0,0,80,Avail,Compl,Enable,0,GRN2#  ,ON,0,ACTIVE,ACTIVE,0.981,0.962,0.835,0.855,376.742,306.387,Avail,Compl,Avail,Incmpl,Incmpl,Enable,OBD II (California ARB),OFF,OFF,0,0,0,1st,OFF,OFF,OFF,OFF,OFF,OFF,3.125,1.562,ON,OFF,650,0,OFF,OFF,OFF,ON,Gasoline,0.964,OFF,OFF,0.684,ON,0.391,14.902,10,0,0.742,0.742,2.324,0.742,0.918,2.031,46.667,0,14.902,39,0,0,OFF,ECT 5th,NA,OFF,97.900,97.900,14.118,0,Not Avl,0,0,0,0,ON,ON,0,0,1
136,0,13.701,Not Avl,Compl,Compl,Unable,OFF,Not Avl,Compl,Compl,Unable,OFF,53.125,40.625,36.250,37.500,19.531,39.551,15.686,31.765,0.781,1.582,ON,0,OFF,ON,ON,1.000,1.000,0,0.004,3.288,3.298,1,97,51199.219,13.417,25.490,OFF,OFF,OFF,OFF,OFF,OFF,OFF,Avail,Incmpl,Incmpl,Enable,Avail,142.900,51.200,142.900,51.200,ON,Avail,Compl,Enable,80,0,0,0,0,0,0,6,A,0,0,Avail,Incmpl,Incmpl,Enable,OFF,OFF,50,705.250,51199.219,51199.219,51199.219,51199.219,51199.219,51199.219,1GRFE ,0,Avail,Incmpl,Incmpl,Enable,0,OFF,OFF,OFF,OFF,ON,ON,Avail,Compl,Enable,Compl,CL,CL,Compl,Unable,Not Avl,Compl,Incmpl,Enable,OFF,0,15,306,ON,81.250,20,0.113,2512,16,21,-3,OFF,1.562,5.469,4.010,OFF,0,0,80,Avail,Compl,Enable,0,GRN2#  ,ON,0,ACTIVE,ACTIVE,0.981,0.962,0.835,0.855,376.742,306.387,Avail,Compl,Avail,Incmpl,Incmpl,Enable,OBD II (California ARB),OFF,OFF,0,0,0,1st,OFF,OFF,OFF,OFF,OFF,OFF,3.125,1.562,ON,OFF,650,0,OFF,OFF,OFF,ON,Gasoline,0.964,OFF,OFF,0.684,ON,0.391,14.902,10,0,0.742,0.742,2.324,0.742,0.918,2.031,46.667,0,14.902,39,0,0,OFF,ECT 5th,NA,OFF,97.900,97.900,14.118,0,Not Avl,0,0,0,0,ON,ON,0,0,1
137,0,13.701,Not Avl,Compl,Compl,Unable,OFF,Not Avl,Compl,Compl,Unable,OFF,53.125,40.625,36.250,37.500,19.531,39.551,15.686,31.765,0.781,1.582,ON,0,OFF,ON,ON,1.000,1.000,0,0.004,3.288,3.298,1,97,51199.219,13.417,25.490,OFF,OFF,OFF,OFF,OFF,OFF,OFF,Avail,Incmpl,Incmpl,Enable,Avail,142.900,51.200,142.900,51.200,ON,Avail,Compl,Enable,80,0,0,0,0,0,0,6,A,0,0,Avail,Incmpl,Incmpl,Enable,OFF,OFF,50,705.250,51199.219,51199.219,51199.219,51199.219,51199.219,51199.219,1GRFE ,0,Avail,Incmpl,Incmpl,Enable,0,OFF,OFF,OFF,OFF,ON,ON,Avail,Compl,Enable,Compl,CL,CL,Compl,Unable,Not Avl,Compl,Incmpl,Enable,OFF,0,15,306,ON,81.250,20,0.113,2512,16,21,-3,OFF,1.562,5.469,4.010,OFF,0,0,80,Avail,Compl,Enable,0,GRN2#  ,ON,0,ACTIVE,ACTIVE,0.981,0.962,0.835,0.855,376.742,306.387,Avail,Compl,Avail,Incmpl,Incmpl,Enable,OBD II (California ARB),OFF,OFF,0,0,0,1st,OFF,OFF,OFF,OFF,OFF,OFF,3.125,1.562,ON,OFF,650,0,OFF,OFF,OFF,ON,Gasoline,0.964,OFF,OFF,0.684,ON,0.391,14.902,10,0,0.742,0.742,2.324,0.742,0.918,2.031,46.667,0,14.902,39,0,0,OFF,ECT 5th,NA,OFF,97.900,97.900,14.118,0,Not Avl,0,0,0,0,ON,ON,0,0,1
138,0,13.701,Not Avl,Compl,Compl,Unable,OFF,Not Avl,Compl,Compl,Unable,OFF,53.125,40.625,36.250,37.500,19.531,39.551,15.686,31.765,0.781,1.582,ON,0,OFF,ON,ON,1.000,1.000,0,0.004,3.288,3.298,1,97,51199.219,13.417,25.490,OFF,OFF,OFF,OFF,OFF,OFF,OFF,Avail,Incmpl,Incmpl,Enable,Avail,142.900,51.200,142.900,51.200,ON,Avail,Compl,Enable,80,0,0,0,0,0,0,6,A,0,0,Avail,Incmpl,Incmpl,Enable,OFF,OFF,50,705.250,51199.219,51199.219,51199.219,51199.219,51199.219,51199.219,1GRFE ,0,Avail,Incmpl,Incmpl,Enable,0,OFF,OFF,OFF,OFF,ON,ON,Avail,Compl,Enable,Compl,CL,CL,Compl,Unable,Not Avl,Compl,Incmpl,Enable,OFF,0,15,306,ON,81.250,20,0.113,2512,16,21,-3,OFF,1.562,5.469,4.010,OFF,0,0,80,Avail,Compl,Enable,0,GRN2#  ,ON,0,ACTIVE,ACTIVE,0.981,0.962,0.835,0.855,376.742,306.387,Avail,Compl,Avail,Incmpl,Incmpl,Enable,OBD II (California ARB),OFF,OFF,0,0,0,1st,OFF,OFF,OFF,OFF,OFF,OFF,3.125,1.562,ON,OFF,650,0,OFF,OFF,OFF,ON,Gasoline,0.964,OFF,OFF,0.684,ON,0.391,14.902,10,0,0.742,0.742,2.324,0.742,0.918,2.031,46.667,0,14.902,39,0,0,OFF,ECT 5th,NA,OFF,97.900,97.900,14.118,0,Not Avl,0,0,0,0,ON,ON,0,0,1
139,0,13.701,Not Avl,Compl,Compl,Unable,OFF,Not Avl,Compl,Compl,Unable,OFF,53.125,40.625,36.250,37.500,19.531,39.551,15.686,31.765,0.781,1.582,ON,0,OFF,ON,ON,1.000,1.000,0,0.004,3.288,3.298,1,97,51199.219,13.417,25.490,OFF,OFF,OFF,OFF,OFF,OFF,OFF,Avail,Incmpl,Incmpl,Enable,Avail,142.900,51.200,142.900,51.200,ON,Avail,Compl,Enable,80,0,0,0,0,0,0,6,A,0,0,Avail,Incmpl,Incmpl,Enable,OFF,OFF,50,705.250,51199.219,51199.219,51199.219,51199.219,51199.219,51199.219,1GRFE ,0,Avail,Incmpl,Incmpl,Enable,0,OFF,OFF,OFF,OFF,ON,ON,Avail,Compl,Enable,Compl,CL,CL,Compl,Unable,Not Avl,Compl,Incmpl,Enable,OFF,0,15,306,ON,81.250,20,0.113,2512,16,21,-3,OFF,1.562,5.469,4.010,OFF,0,0,80,Avail,Compl,Enable,0,GRN2#  ,ON,0,ACTIVE,ACTIVE,0.981,0.962,0.835,0.855,376.742,306.387,Avail,Compl,Avail,Incmpl,Incmpl,Enable,OBD II (California ARB),OFF,OFF,0,0,0,1st,OFF,OFF,OFF,OFF,OFF,OFF,3.125,1.562,ON,OFF,650,0,OFF,OFF,OFF,ON,Gasoline,0.964,OFF,OFF,0.684,ON,0.391,14.902,10,0,0.742,0.742,2.324,0.742,0.918,2.031,46.667,0,14.902,39,0,0,OFF,ECT 5th,NA,OFF,97.900,97.900,14.118,0,Not Avl,0,0,0,0,ON,ON,0,0,1
140,0,13.701,Not Avl,Compl,Compl,Unable,OFF,Not Avl,Compl,Compl,Unable,OFF,53.125,40.625,36.250,37.500,19.531,39.551,15.686,31.765,0.781,1.582,ON,0,OFF,ON,ON,1.000,1.000,0,0.004,3.288,3.298,1,97,51199.219,13.417,25.490,OFF,OFF,OFF,OFF,OFF,OFF,OFF,Avail,Incmpl,Incmpl,Enable,Avail,142.900,51.200,142.900,51.200,ON,Avail,Compl,Enable,80,0,0,0,0,0,0,6,A,0,0,Avail,Incmpl,Incmpl,Enable,OFF,OFF,50,705.250,51199.219,51199.219,51199.219,51199.219,51199.219,51199.219,1GRFE ,0,Avail,Incmpl,Incmpl,Enable,0,OFF,OFF,OFF,OFF,ON,ON,Avail,Compl,Enable,Compl,CL,CL,Compl,Unable,Not Avl,Compl,Incmpl,Enable,OFF,0,15,306,ON,81.250,20,0.113,2512,16,21,-3,OFF,1.562,5.469,4.010,OFF,0,0,80,Avail,Compl,Enable,0,GRN2#  ,ON,0,ACTIVE,ACTIVE,0.981,0.962,0.835,0.855,376.742,306.387,Avail,Compl,Avail,Incmpl,Incmpl,Enable,OBD II (California ARB),OFF,OFF,0,0,0,1st,OFF,OFF,OFF,OFF,OFF,OFF,3.125,1.562,ON,OFF,650,0,OFF,OFF,OFF,ON,Gasoline,0.964,OFF,OFF,0.684,ON,0.391,14.902,10,0,0.742,0.742,2.324,0.742,0.918,2.031,46.667,0,14.902,39,0,0,OFF,ECT 5th,NA,OFF,97.900,97.900,14.118,0,Not Avl,0,0,0,0,ON,ON,0,0,1
141,0,13.701,Not Avl,Compl,Compl,Unable,OFF,Not Avl,Compl,Compl,Unable,OFF,53.125,40.625,36.250,37.500,19.531,39.551,15.686,31.765,0.781,1.582,ON,0,OFF,ON,ON,1.000,1.000,0,0.004,3.288,3.298,1,97,51199.219,13.417,25.490,OFF,OFF,OFF,OFF,OFF,OFF,OFF,Avail,Incmpl,Incmpl,Enable,Avail,142.900,51.200,142.900,51.200,ON,Avail,Compl,Enable,80,0,0,0,0,0,0,6,A,0,0,Avail,Incmpl,Incmpl,Enable,OFF,OFF,50,705.250,51199.219,51199.219,51199.219,51199.219,51199.219,51199.219,1GRFE ,0,Avail,Incmpl,Incmpl,Enable,0,OFF,OFF,OFF,OFF,ON,ON,Avail,Compl,Enable,Compl,CL,CL,Compl,Unable,Not Avl,Compl,Incmpl,Enable,OFF,0,15,306,ON,81.250,20,0.113,2512,16,21,-3,OFF,1.562,5.469,4.010,OFF,0,0,80,Avail,Compl,Enable,0,GRN2#  ,ON,0,ACTIVE,ACTIVE,0.981,0.962,0.835,0.855,376.742,306.387,Avail,Compl,Avail,Incmpl,Incmpl,Enable,OBD II (California ARB),OFF,OFF,0,0,0,1st,OFF,OFF,OFF,OFF,OFF,OFF,3.125,1.562,ON,OFF,650,0,OFF,OFF,OFF,ON,Gasoline,0.964,OFF,OFF,0.684,ON,0.391,14.902,10,0,0.742,0.742,2.324,0.742,0.918,2.031,46.667,0,14.902,39,0,0,OFF,ECT 5th,NA,OFF,97.900,97.900,14.118,0,Not Avl,0,0,0,0,ON,ON,0,0,1
142,0,13.701,Not Avl,Compl,Compl,Unable,OFF,Not Avl,Compl,Compl,Unable,OFF,53.125,40.625,36.250,37.500,19.531,39.551,15.686,31.765,0.781,1.582,ON,0,OFF,ON,ON,1.000,1.000,0,0.004,3.288,3.298,1,97,51199.219,13.417,25.490,OFF,OFF,OFF,OFF,OFF,OFF,OFF,Avail,Incmpl,Incmpl,Enable,Avail,142.900,51.200,142.900,51.200,ON,Avail,Compl,Enable,80,0,0,0,0,0,0,6,A,0,0,Avail,Incmpl,Incmpl,Enable,OFF,OFF,50,705.250,51199.219,51199.219,51199.219,51199.219,51199.219,51199.219,1GRFE ,0,Avail,Incmpl,Incmpl,Enable,0,OFF,OFF,OFF,OFF,ON,ON,Avail,Compl,Enable,Compl,CL,CL,Compl,Unable,Not Avl,Compl,Incmpl,Enable,OFF,0,15,306,ON,81.250,20,0.113,2512,16,21,-3,OFF,1.562,5.469,4.010,OFF,0,0,80,Avail,Compl,Enable,0,GRN2#  ,ON,0,ACTIVE,ACTIVE,0.981,0.962,0.835,0.855,376.742,306.387,Avail,Compl,Avail,Incmpl,Incmpl,Enable,OBD II (California ARB),OFF,OFF,0,0,0,1st,OFF,OFF,OFF,OFF,OFF,OFF,3.125,1.562,ON,OFF,650,0,OFF,OFF,OFF,ON,Gasoline,0.964,OFF,OFF,0.684,ON,0.391,14.902,10,0,0.742,0.742,2.324,0.742,0.918,2.031,46.667,0,14.902,39,0,0,OFF,ECT 5th,NA,OFF,97.900,97.900,14.118,0,Not Avl,0,0,0,0,ON,ON,0,0,1
143,0,13.701,Not Avl,Compl,Compl,Unable,OFF,Not Avl,Compl,Compl,Unable,OFF,53.125,40.625,36.250,37.500,19.531,39.551,15.686,31.765,0.781,1.582,ON,0,OFF,ON,ON,1.000,1.000,0,0.004,3.288,3.298,1,97,51199.219,13.417,25.490,OFF,OFF,OFF,OFF,OFF,OFF,OFF,Avail,Incmpl,Incmpl,Enable,Avail,142.900,51.200,142.900,51.200,ON,Avail,Compl,Enable,80,0,0,0,0,0,0,6,A,0,0,Avail,Incmpl,Incmpl,Enable,OFF,OFF,50,705.250,51199.219,51199.219,51199.219,51199.219,51199.219,51199.219,1GRFE ,0,Avail,Incmpl,Incmpl,Enable,0,OFF,OFF,OFF,OFF,ON,ON,Avail,Compl,Enable,Compl,CL,CL,Compl,Unable,Not Avl,Compl,Incmpl,Enable,OFF,0,15,306,ON,81.250,20,0.113,2512,16,21,-3,OFF,1.562,5.469,4.010,OFF,0,0,80,Avail,Compl,Enable,0,GRN2#  ,ON,0,ACTIVE,ACTIVE,0.981,0.962,0.835,0.855,376.742,306.387,Avail,Compl,Avail,Incmpl,Incmpl,Enable,OBD II (California ARB),OFF,OFF,0,0,0,1st,OFF,OFF,OFF,OFF,OFF,OFF,3.125,1.562,ON,OFF,650,0,OFF,OFF,OFF,ON,Gasoline,0.964,OFF,OFF,0.684,ON,0.391,14.902,10,0,0.742,0.742,2.324,0.742,0.918,2.031,46.667,0,14.902,39,0,0,OFF,ECT 5th,NA,OFF,97.900,97.900,14.118,0,Not Avl,0,0,0,0,ON,ON,0,0,1
144,0,13.701,Not Avl,Compl,Compl,Unable,OFF,Not Avl,Compl,Compl,Unable,OFF,53.125,40.625,36.250,37.500,19.531,39.551,15.686,31.765,0.781,1.582,ON,0,OFF,ON,ON,1.000,1.000,0,0.004,3.288,3.298,1,97,51199.219,13.417,25.490,OFF,OFF,OFF,OFF,OFF,OFF,OFF,Avail,Incmpl,Incmpl,Enable,Avail,142.900,51.200,142.900,51.200,ON,Avail,Compl,Enable,80,0,0,0,0,0,0,6,A,0,0,Avail,Incmpl,Incmpl,Enable,OFF,OFF,50,705.250,51199.219,51199.219,51199.219,51199.219,51199.219,51199.219,1GRFE ,0,Avail,Incmpl,Incmpl,Enable,0,OFF,OFF,OFF,OFF,ON,ON,Avail,Compl,Enable,Compl,CL,CL,Compl,Unable,Not Avl,Compl,Incmpl,Enable,OFF,0,15,306,ON,81.250,20,0.113,2512,16,21,-3,OFF,1.562,5.469,4.010,OFF,0,0,80,Avail,Compl,Enable,0,GRN2#  ,ON,0,ACTIVE,ACTIVE,0.981,0.962,0.835,0.855,376.742,306.387,Avail,Compl,Avail,Incmpl,Incmpl,Enable,OBD II (California ARB),OFF,OFF,0,0,0,1st,OFF,OFF,OFF,OFF,OFF,OFF,3.125,1.562,ON,OFF,650,0,OFF,OFF,OFF,ON,Gasoline,0.964,OFF,OFF,0.684,ON,0.391,14.902,10,0,0.742,0.742,2.324,0.742,0.918,2.031,46.667,0,14.902,39,0,0,OFF,ECT 5th,NA,OFF,97.900,97.900,14.118,0,Not Avl,0,0,0,0,ON,ON,0,0,1
145,0,13.701,Not Avl,Compl,Compl,Unable,OFF,Not Avl,Compl,Compl,Unable,OFF,53.125,40.625,36.250,37.500,19.531,39.551,15.686,31.765,0.781,1.582,ON,0,OFF,ON,ON,1.000,1.000,0,0.004,3.288,3.298,1,97,51199.219,13.417,25.490,OFF,OFF,OFF,OFF,OFF,OFF,OFF,Avail,Incmpl,Incmpl,Enable,Avail,142.900,51.200,142.900,51.200,ON,Avail,Compl,Enable,80,0,0,0,0,0,0,6,A,0,0,Avail,Incmpl,Incmpl,Enable,OFF,OFF,50,705.250,51199.219,51199.219,51199.219,51199.219,51199.219,51199.219,1GRFE ,0,Avail,Incmpl,Incmpl,Enable,0,OFF,OFF,OFF,OFF,ON,ON,Avail,Compl,Enable,Compl,CL,CL,Compl,Unable,Not Avl,Compl,Incmpl,Enable,OFF,0,15,306,ON,81.250,20,0.113,2512,16,21,-3,OFF,1.562,5.469,4.010,OFF,0,0,80,Avail,Compl,Enable,0,GRN2#  ,ON,0,ACTIVE,ACTIVE,0.981,0.962,0.835,0.855,376.742,306.387,Avail,Compl,Avail,Incmpl,Incmpl,Enable,OBD II (California ARB),OFF,OFF,0,0,0,1st,OFF,OFF,OFF,OFF,OFF,OFF,3.125,1.562,ON,OFF,650,0,OFF,OFF,OFF,ON,Gasoline,0.964,OFF,OFF,0.684,ON,0.391,14.902,10,0,0.742,0.742,2.324,0.742,0.918,2.031,46.667,0,14.902,39,0,0,OFF,ECT 5th,NA,OFF,97.900,97.900,14.118,0,Not Avl,0,0,0,0,ON,ON,0,0,1
146,0,13.701,Not Avl,Compl,Compl,Unable,OFF,Not Avl,Compl,Compl,Unable,OFF,53.125,40.625,36.250,37.500,19.531,39.551,15.686,31.765,0.781,1.582,ON,0,OFF,ON,ON,1.000,1.000,0,0.004,3.288,3.298,1,97,51199.219,13.417,25.490,OFF,OFF,OFF,OFF,OFF,OFF,OFF,Avail,Incmpl,Incmpl,Enable,Avail,142.900,51.200,142.900,51.200,ON,Avail,Compl,Enable,80,0,0,0,0,0,0,6,A,0,0,Avail,Incmpl,Incmpl,Enable,OFF,OFF,50,705.250,51199.219,51199.219,51199.219,51199.219,51199.219,51199.219,1GRFE ,0,Avail,Incmpl,Incmpl,Enable,0,OFF,OFF,OFF,OFF,ON,ON,Avail,Compl,Enable,Compl,CL,CL,Compl,Unable,Not Avl,Compl,Incmpl,Enable,OFF,0,15,306,ON,81.250,20,0.113,2512,16,21,-3,OFF,1.562,5.469,4.010,OFF,0,0,80,Avail,Compl,Enable,0,GRN2#  ,ON,0,ACTIVE,ACTIVE,0.981,0.962,0.835,0.855,376.742,306.387,Avail,Compl,Avail,Incmpl,Incmpl,Enable,OBD II (California ARB),OFF,OFF,0,0,0,1st,OFF,OFF,OFF,OFF,OFF,OFF,3.125,1.562,ON,OFF,650,0,OFF,OFF,OFF,ON,Gasoline,0.964,OFF,OFF,0.684,ON,0.391,14.902,10,0,0.742,0.742,2.324,0.742,0.918,2.031,46.667,0,14.902,39,0,0,OFF,ECT 5th,NA,OFF,97.900,97.900,14.118,0,Not Avl,0,0,0,0,ON,ON,0,0,1
147,0,13.701,Not Avl,Compl,Compl,Unable,OFF,Not Avl,Compl,Compl,Unable,OFF,53.125,40.625,36.250,37.500,19.531,39.551,15.686,31.765,0.781,1.582,ON,0,OFF,ON,ON,1.000,1.000,0,0.004,3.288,3.298,1,97,51199.219,13.417,25.490,OFF,OFF,OFF,OFF,OFF,OFF,OFF,Avail,Incmpl,Incmpl,Enable,Avail,142.900,51.200,142.900,51.200,ON,Avail,Compl,Enable,80,0,0,0,0,0,0,6,A,0,0,Avail,Incmpl,Incmpl,Enable,OFF,OFF,50,705.250,51199.219,51199.219,51199.219,51199.219,51199.219,51199.219,1GRFE ,0,Avail,Incmpl,Incmpl,Enable,0,OFF,OFF,OFF,OFF,ON,ON,Avail,Compl,Enable,Compl,CL,CL,Compl,Unable,Not Avl,Compl,Incmpl,Enable,OFF,0,15,306,ON,81.250,20,0.113,2512,16,21,-3,OFF,1.562,5.469,4.010,OFF,0,0,80,Avail,Compl,Enable,0,GRN2#  ,ON,0,ACTIVE,ACTIVE,0.981,0.962,0.835,0.855,376.742,306.387,Avail,Compl,Avail,Incmpl,Incmpl,Enable,OBD II (California ARB),OFF,OFF,0,0,0,1st,OFF,OFF,OFF,OFF,OFF,OFF,3.125,1.562,ON,OFF,650,0,OFF,OFF,OFF,ON,Gasoline,0.964,OFF,OFF,0.684,ON,0.391,14.902,10,0,0.742,0.742,2.324,0.742,0.918,2.031,46.667,0,14.902,39,0,0,OFF,ECT 5th,NA,OFF,97.900,97.900,14.118,0,Not Avl,0,0,0,0,ON,ON,0,0,1
148,0,13.701,Not Avl,Compl,Compl,Unable,OFF,Not Avl,Compl,Compl,Unable,OFF,53.125,40.625,36.250,37.500,19.531,39.551,15.686,31.765,0.781,1.582,ON,0,OFF,ON,ON,1.000,1.000,0,0.004,3.288,3.298,1,97,51199.219,13.417,25.490,OFF,OFF,OFF,OFF,OFF,OFF,OFF,Avail,Incmpl,Incmpl,Enable,Avail,142.900,51.200,142.900,51.200,ON,Avail,Compl,Enable,80,0,0,0,0,0,0,6,A,0,0,Avail,Incmpl,Incmpl,Enable,OFF,OFF,50,705.250,51199.219,51199.219,51199.219,51199.219,51199.219,51199.219,1GRFE ,0,Avail,Incmpl,Incmpl,Enable,0,OFF,OFF,OFF,OFF,ON,ON,Avail,Compl,Enable,Compl,CL,CL,Compl,Unable,Not Avl,Compl,Incmpl,Enable,OFF,0,15,306,ON,81.250,20,0.113,2512,16,21,-3,OFF,1.562,5.469,4.010,OFF,0,0,80,Avail,Compl,Enable,0,GRN2#  ,ON,0,ACTIVE,ACTIVE,0.981,0.962,0.835,0.855,376.742,306.387,Avail,Compl,Avail,Incmpl,Incmpl,Enable,OBD II (California ARB),OFF,OFF,0,0,0,1st,OFF,OFF,OFF,OFF,OFF,OFF,3.125,1.562,ON,OFF,650,0,OFF,OFF,OFF,ON,Gasoline,0.964,OFF,OFF,0.684,ON,0.391,14.902,10,0,0.742,0.742,2.324,0.742,0.918,2.031,46.667,0,14.902,39,0,0,OFF,ECT 5th,NA,OFF,97.900,97.900,14.118,0,Not Avl,0,0,0,0,ON,ON,0,0,1
149,0,13.701,Not Avl,Compl,Compl,Unable,OFF,Not Avl,Compl,Compl,Unable,OFF,53.125,40.625,36.250,37.500,19.531,39.551,15.686,31.765,0.781,1.582,ON,0,OFF,ON,ON,1.000,1.000,0,0.004,3.288,3.298,1,97,51199.219,13.417,25.490,OFF,OFF,OFF,OFF,OFF,OFF,OFF,Avail,Incmpl,Incmpl,Enable,Avail,142.900,51.200,142.900,51.200,ON,Avail,Compl,Enable,80,0,0,0,0,0,0,6,A,0,0,Avail,Incmpl,Incmpl,Enable,OFF,OFF,50,705.250,51199.219,51199.219,51199.219,51199.219,51199.219,51199.219,1GRFE ,0,Avail,Incmpl,Incmpl,Enable,0,OFF,OFF,OFF,OFF,ON,ON,Avail,Compl,Enable,Compl,CL,CL,Compl,Unable,Not Avl,Compl,Incmpl,Enable,OFF,0,15,306,ON,81.250,20,0.113,2512,16,21,-3,OFF,1.562,5.469,4.010,OFF,0,0,80,Avail,Compl,Enable,0,GRN2#  ,ON,0,ACTIVE,ACTIVE,0.981,0.962,0.835,0.855,376.742,306.387,Avail,Compl,Avail,Incmpl,Incmpl,Enable,OBD II (California ARB),OFF,OFF,0,0,0,1st,OFF,OFF,OFF,OFF,OFF,OFF,3.125,1.562,ON,OFF,650,0,OFF,OFF,OFF,ON,Gasoline,0.964,OFF,OFF,0.684,ON,0.391,14.902,10,0,0.742,0.742,2.324,0.742,0.918,2.031,46.667,0,14.902,39,0,0,OFF,ECT 5th,NA,OFF,97.900,97.900,14.118,0,Not Avl,0,0,0,0,ON,ON,0,0,1
150,0,13.701,Not Avl,Compl,Compl,Unable,OFF,Not Avl,Compl,Compl,Unable,OFF,53.125,40.625,36.250,37.500,19.531,39.551,15.686,31.765,0.781,1.582,ON,0,OFF,ON,ON,1.000,1.000,0,0.004,3.288,3.298,1,97,51199.219,13.417,25.490,OFF,OFF,OFF,OFF,OFF,OFF,OFF,Avail,Incmpl,Incmpl,Enable,Avail,142.900,51.200,142.900,51.200,ON,Avail,Compl,Enable,80,0,0,0,0,0,0,6,A,0,0,Avail,Incmpl,Incmpl,Enable,OFF,OFF,50,705.250,51199.219,51199.219,51199.219,51199.219,51199.219,51199.219,1GRFE ,0,Avail,Incmpl,Incmpl,Enable,0,OFF,OFF,OFF,OFF,ON,ON,Avail,Compl,Enable,Compl,CL,CL,Compl,Unable,Not Avl,Compl,Incmpl,Enable,OFF,0,15,306,ON,81.250,20,0.113,2512,16,21,-3,OFF,1.562,5.469,4.010,OFF,0,0,80,Avail,Compl,Enable,0,GRN2#  ,ON,0,ACTIVE,ACTIVE,0.981,0.962,0.835,0.855,376.742,306.387,Avail,Compl,Avail,Incmpl,Incmpl,Enable,OBD II (California ARB),OFF,OFF,0,0,0,1st,OFF,OFF,OFF,OFF,OFF,OFF,-0.781,1.562,ON,OFF,650,0,OFF,OFF,OFF,ON,Gasoline,0.964,OFF,OFF,0.684,ON,0.391,14.902,10,0,0.742,0.742,2.324,0.742,0.918,2.031,46.667,0,14.902,39,0,0,OFF,ECT 5th,NA,OFF,97.900,97.900,14.118,0,Not Avl,0,0,0,0,ON,ON,0,0,1
151,0,13.701,Not Avl,Compl,Compl,Unable,OFF,Not Avl,Compl,Compl,Unable,OFF,53.125,40.625,36.250,37.500,19.531,39.551,15.686,31.765,0.781,1.582,ON,0,OFF,ON,ON,1.000,1.000,0,0.004,3.288,3.298,1,97,51199.219,13.417,25.490,OFF,OFF,OFF,OFF,OFF,OFF,OFF,Avail,Incmpl,Incmpl,Enable,Avail,142.900,51.200,142.900,51.200,ON,Avail,Compl,Enable,80,0,0,0,0,0,0,6,A,0,0,Avail,Incmpl,Incmpl,Enable,OFF,OFF,50,705.250,51199.219,51199.219,51199.219,51199.219,51199.219,51199.219,1GRFE ,0,Avail,Incmpl,Incmpl,Enable,0,OFF,OFF,OFF,OFF,ON,ON,Avail,Compl,Enable,Compl,CL,CL,Compl,Unable,Not Avl,Compl,Incmpl,Enable,OFF,0,15,306,ON,81.250,20,0.113,2512,16,21,-3,OFF,1.562,5.469,4.010,OFF,0,0,80,Avail,Compl,Enable,0,GRN2#  ,ON,0,ACTIVE,ACTIVE,0.981,0.962,0.835,0.855,376.742,306.387,Avail,Compl,Avail,Incmpl,Incmpl,Enable,OBD II (California ARB),OFF,OFF,0,0,0,1st,OFF,OFF,OFF,OFF,OFF,OFF,-0.781,-1.562,ON,OFF,650,0,OFF,OFF,OFF,ON,Gasoline,0.964,OFF,OFF,0.684,ON,0.391,14.902,10,0,0.742,0.742,2.324,0.742,0.918,2.031,46.667,0,14.902,39,0,0,OFF,ECT 5th,NA,OFF,97.900,97.900,14.118,0,Not Avl,0,0,0,0,ON,ON,0,0,1
152,0,13.701,Not Avl,Compl,Compl,Unable,OFF,Not Avl,Compl,Compl,Unable,OFF,53.125,40.625,36.250,37.500,19.531,39.551,15.686,31.765,0.781,1.582,ON,0,OFF,ON,ON,1.000,1.000,0,0.004,3.288,3.298,1,97,51199.219,13.417,25.490,OFF,OFF,OFF,OFF,OFF,OFF,OFF,Avail,Incmpl,Incmpl,Enable,Avail,142.900,51.200,142.900,51.200,ON,Avail,Compl,Enable,80,0,0,0,0,0,0,6,A,0,0,Avail,Incmpl,Incmpl,Enable,OFF,OFF,50,705.250,51199.219,51199.219,51199.219,51199.219,51199.219,51199.219,1GRFE ,0,Avail,Incmpl,Incmpl,Enable,0,OFF,OFF,OFF,OFF,ON,ON,Avail,Compl,Enable,Compl,CL,CL,Compl,Unable,Not Avl,Compl,Incmpl,Enable,OFF,0,15,306,ON,81.250,20,0.113,2512,16,21,-3,OFF,1.562,5.469,4.010,OFF,0,0,80,Avail,Compl,Enable,0,GRN2#  ,ON,0,ACTIVE,ACTIVE,0.981,0.962,0.835,0.855,376.742,306.387,Avail,Compl,Avail,Incmpl,Incmpl,Enable,OBD II (California ARB),OFF,OFF,0,0,0,1st,OFF,OFF,OFF,OFF,OFF,OFF,-0.781,-1.562,ON,OFF,650,0,OFF,OFF,OFF,ON,Gasoline,0.964,OFF,OFF,0.684,ON,0.391,14.902,10,0,0.742,0.742,2.324,0.742,0.918,2.031,46.667,0,14.902,39,0,0,OFF,ECT 5th,NA,OFF,97.900,97.900,14.118,0,Not Avl,0,0,0,0,ON,ON,0,0,1
153,0,13.701,Not Avl,Compl,Compl,Unable,OFF,Not Avl,Compl,Compl,Unable,OFF,53.125,40.625,36.250,37.500,19.531,39.551,15.686,31.765,0.781,1.582,ON,0,OFF,ON,ON,1.000,1.000,0,0.004,3.288,3.298,1,97,51199.219,13.417,25.490,OFF,OFF,OFF,OFF,OFF,OFF,OFF,Avail,Incmpl,Incmpl,Enable,Avail,142.900,51.200,142.900,51.200,ON,Avail,Compl,Enable,80,0,0,0,0,0,0,6,A,0,0,Avail,Incmpl,Incmpl,Enable,OFF,OFF,50,705.250,51199.219,51199.219,51199.219,51199.219,51199.219,51199.219,1GRFE ,0,Avail,Incmpl,Incmpl,Enable,0,OFF,OFF,OFF,OFF,ON,ON,Avail,Compl,Enable,Compl,CL,CL,Compl,Unable,Not Avl,Compl,Incmpl,Enable,OFF,0,15,306,ON,81.250,20,0.113,2512,16,21,-3,OFF,1.562,5.469,4.010,OFF,0,0,80,Avail,Compl,Enable,0,GRN2#  ,ON,0,ACTIVE,ACTIVE,0.981,0.962,0.835,0.855,376.742,306.387,Avail,Compl,Avail,Incmpl,Incmpl,Enable,OBD II (California ARB),OFF,OFF,0,0,0,1st,OFF,OFF,OFF,OFF,OFF,OFF,-0.781,-1.562,ON,OFF,650,0,OFF,OFF,OFF,ON,Gasoline,0.964,OFF,OFF,0.684,ON,0.391,14.902,10,0,0.742,0.742,2.324,0.742,0.918,2.031,46.667,0,14.902,39,0,0,OFF,ECT 5th,NA,OFF,97.900,97.900,14.118,0,Not Avl,0,0,0,0,ON,ON,0,0,1
154,0,13.701,Not Avl,Compl,Compl,Unable,OFF,Not Avl,Compl,Compl,Unable,OFF,53.125,40.625,36.250,37.500,19.531,39.551,15.686,31.765,0.781,1.582,ON,0,OFF,ON,ON,1.000,1.000,0,0.004,3.288,3.298,1,97,51199.219,13.417,25.490,OFF,OFF,OFF,OFF,OFF,OFF,OFF,Avail,Incmpl,Incmpl,Enable,Avail,142.900,51.200,142.900,51.200,ON,Avail,Compl,Enable,80,0,0,0,0,0,0,6,A,0,0,Avail,Incmpl,Incmpl,Enable,OFF,OFF,50,705.250,51199.219,51199.219,51199.219,51199.219,51199.219,51199.219,1GRFE ,0,Avail,Incmpl,Incmpl,Enable,0,OFF,OFF,OFF,OFF,ON,ON,Avail,Compl,Enable,Compl,CL,CL,Compl,Unable,Not Avl,Compl,Incmpl,Enable,OFF,0,15,306,ON,81.250,20,0.113,2512,16,21,-3,OFF,1.562,5.469,4.010,OFF,0,0,80,Avail,Compl,Enable,0,GRN2#  ,ON,0,ACTIVE,ACTIVE,0.981,0.962,0.835,0.855,376.742,306.387,Avail,Compl,Avail,Incmpl,Incmpl,Enable,OBD II (California ARB),OFF,OFF,0,0,0,1st,OFF,OFF,OFF,OFF,OFF,OFF,-0.781,-1.562,ON,OFF,700,0,OFF,OFF,OFF,ON,Gasoline,0.964,OFF,OFF,0.684,ON,0.391,14.902,10,0,0.742,0.742,2.324,0.742,0.918,2.031,46.667,0,14.902,39,0,0,OFF,ECT 5th,NA,OFF,97.900,97.900,14.118,0,Not Avl,0,0,0,0,ON,ON,0,0,1
155,0,13.701,Not Avl,Compl,Compl,Unable,OFF,Not Avl,Compl,Compl,Unable,OFF,53.125,40.625,36.250,37.500,19.531,39.551,15.686,31.765,0.781,1.582,ON,0,OFF,ON,ON,1.000,1.000,0,0.004,3.288,3.298,1,97,51199.219,13.417,25.490,OFF,OFF,OFF,OFF,OFF,OFF,OFF,Avail,Incmpl,Incmpl,Enable,Avail,142.900,51.200,142.900,51.200,ON,Avail,Compl,Enable,80,0,0,0,0,0,0,6,A,0,0,Avail,Incmpl,Incmpl,Enable,OFF,OFF,50,705.250,51199.219,51199.219,51199.219,51199.219,51199.219,51199.219,1GRFE ,0,Avail,Incmpl,Incmpl,Enable,0,OFF,OFF,OFF,OFF,ON,ON,Avail,Compl,Enable,Compl,CL,CL,Compl,Unable,Not Avl,Compl,Incmpl,Enable,OFF,0,15,306,ON,81.250,20,0.113,2512,16,21,-3,OFF,1.562,5.469,4.010,OFF,0,0,80,Avail,Compl,Enable,0,GRN2#  ,ON,0,ACTIVE,ACTIVE,0.981,0.962,0.835,0.855,376.742,306.387,Avail,Compl,Avail,Incmpl,Incmpl,Enable,OBD II (California ARB),OFF,OFF,0,0,0,1st,OFF,OFF,OFF,OFF,OFF,OFF,-0.781,-1.562,ON,OFF,700,0,OFF,OFF,OFF,ON,Gasoline,0.964,OFF,OFF,0.684,ON,0.391,14.902,10,0,0.742,0.742,2.324,0.742,0.918,2.031,46.667,0,14.902,39,0,0,OFF,ECT 5th,NA,OFF,97.900,97.900,14.118,0,Not Avl,0,0,0,0,ON,ON,0,0,1
156,0,13.701,Not Avl,Compl,Compl,Unable,OFF,Not Avl,Compl,Compl,Unable,OFF,53.125,40.625,36.250,37.500,19.531,39.551,15.686,31.765,0.781,1.582,ON,0,OFF,ON,ON,1.000,1.000,0,0.004,3.288,3.298,1,97,51199.219,13.417,25.490,OFF,OFF,OFF,OFF,OFF,OFF,OFF,Avail,Incmpl,Incmpl,Enable,Avail,142.900,51.200,142.900,51.200,ON,Avail,Compl,Enable,80,0,0,0,0,0,0,6,A,0,0,Avail,Incmpl,Incmpl,Enable,OFF,OFF,50,705.250,51199.219,51199.219,51199.219,51199.219,51199.219,51199.219,1GRFE ,0,Avail,Incmpl,Incmpl,Enable,0,OFF,OFF,OFF,OFF,ON,ON,Avail,Compl,Enable,Compl,CL,CL,Compl,Unable,Not Avl,Compl,Incmpl,Enable,OFF,0,15,306,ON,81.250,20,0.113,2512,16,21,-3,OFF,1.562,5.469,4.010,OFF,0,0,80,Avail,Compl,Enable,0,GRN2#  ,ON,0,ACTIVE,ACTIVE,0.981,0.962,0.835,0.855,376.742,306.387,Avail,Compl,Avail,Incmpl,Incmpl,Enable,OBD II (California ARB),OFF,OFF,0,0,0,1st,OFF,OFF,OFF,OFF,OFF,OFF,-0.781,-1.562,ON,OFF,700,0,OFF,OFF,OFF,ON,Gasoline,0.964,OFF,OFF,0.684,ON,0.391,14.902,10,0,0.742,0.742,2.324,0.742,0.918,2.031,46.667,0,14.902,39,0,0,OFF,ECT 5th,NA,OFF,97.900,97.900,14.118,0,Not Avl,0,0,0,0,ON,ON,0,0,1
157,0,13.701,Not Avl,Compl,Compl,Unable,OFF,Not Avl,Compl,Compl,Unable,OFF,53.125,40.625,36.250,37.500,19.531,39.551,15.686,31.765,0.781,1.582,ON,0,OFF,ON,ON,1.000,1.000,0,0.004,3.288,3.298,1,97,51199.219,13.417,25.490,OFF,OFF,OFF,OFF,OFF,OFF,OFF,Avail,Incmpl,Incmpl,Enable,Avail,142.900,51.200,142.900,51.200,ON,Avail,Compl,Enable,80,0,0,0,0,0,0,6,A,0,0,Avail,Incmpl,Incmpl,Enable,OFF,OFF,50,705.250,51199.219,51199.219,51199.219,51199.219,51199.219,51199.219,1GRFE ,0,Avail,Incmpl,Incmpl,Enable,0,OFF,OFF,OFF,OFF,ON,ON,Avail,Compl,Enable,Compl,CL,CL,Compl,Unable,Not Avl,Compl,Incmpl,Enable,OFF,0,15,306,ON,81.250,20,0.113,2512,16,21,-3,OFF,1.562,5.469,4.010,OFF,0,0,80,Avail,Compl,Enable,0,GRN2#  ,ON,0,ACTIVE,ACTIVE,0.981,0.962,0.835,0.855,376.742,306.387,Avail,Compl,Avail,Incmpl,Incmpl,Enable,OBD II (California ARB),OFF,OFF,0,0,0,1st,OFF,OFF,OFF,OFF,OFF,OFF,-0.781,-1.562,ON,OFF,700,0,OFF,OFF,OFF,ON,Gasoline,0.964,OFF,OFF,0.684,ON,0.391,14.902,10,0,0.742,0.742,2.324,0.742,0.918,2.031,46.667,0,14.902,39,0,0,OFF,ECT 5th,NA,OFF,97.900,97.900,14.118,0,Not Avl,0,0,0,0,ON,ON,0,0,1
158,0,13.701,Not Avl,Compl,Compl,Unable,OFF,Not Avl,Compl,Compl,Unable,OFF,53.125,40.625,36.250,37.500,19.531,39.551,15.686,31.765,0.781,1.582,ON,0,OFF,ON,ON,1.000,1.000,0,0.004,3.288,3.298,1,97,51199.219,13.417,25.490,OFF,OFF,OFF,OFF,OFF,OFF,OFF,Avail,Incmpl,Incmpl,Enable,Avail,142.900,51.200,142.900,51.200,ON,Avail,Compl,Enable,80,0,0,0,0,0,0,6,A,0,0,Avail,Incmpl,Incmpl,Enable,OFF,OFF,50,705.250,51199.219,51199.219,51199.219,51199.219,51199.219,51199.219,1GRFE ,0,Avail,Incmpl,Incmpl,Enable,0,OFF,OFF,OFF,OFF,ON,ON,Avail,Compl,Enable,Compl,CL,CL,Compl,Unable,Not Avl,Compl,Incmpl,Enable,OFF,0,15,306,ON,81.250,20,0.113,2512,16,21,-3,OFF,1.562,5.469,4.010,OFF,0,0,80,Avail,Compl,Enable,0,GRN2#  ,ON,0,ACTIVE,ACTIVE,0.981,0.962,0.835,0.855,376.742,306.387,Avail,Compl,Avail,Incmpl,Incmpl,Enable,OBD II (California ARB),OFF,OFF,0,0,0,1st,OFF,OFF,OFF,OFF,OFF,OFF,-0.781,-1.562,ON,OFF,700,0,OFF,OFF,OFF,ON,Gasoline,0.964,OFF,OFF,0.684,ON,0.391,14.902,10,0,0.742,0.742,2.324,0.742,0.918,2.031,46.667,0,14.902,39,0,0,OFF,ECT 5th,NA,OFF,97.900,97.900,14.118,0,Not Avl,0,0,0,0,ON,ON,0,0,1
159,0,13.701,Not Avl,Compl,Compl,Unable,OFF,Not Avl,Compl,Compl,Unable,OFF,53.125,40.625,36.250,37.500,19.531,39.551,15.686,31.765,0.781,1.582,ON,0,OFF,ON,ON,1.000,1.000,0,0.004,3.288,3.298,1,97,51199.219,13.417,25.490,OFF,OFF,OFF,OFF,OFF,OFF,OFF,Avail,Incmpl,Incmpl,Enable,Avail,142.900,51.200,142.900,51.200,ON,Avail,Compl,Enable,80,0,0,0,0,0,0,6,A,0,0,Avail,Incmpl,Incmpl,Enable,OFF,OFF,50,705.250,51199.219,51199.219,51199.219,51199.219,51199.219,51199.219,1GRFE ,0,Avail,Incmpl,Incmpl,Enable,0,OFF,OFF,OFF,OFF,ON,ON,Avail,Compl,Enable,Compl,CL,CL,Compl,Unable,Not Avl,Compl,Incmpl,Enable,OFF,0,15,306,ON,81.250,20,0.113,2512,16,21,-3,OFF,1.562,5.469,4.010,OFF,0,0,80,Avail,Compl,Enable,0,GRN2#  ,ON,0,ACTIVE,ACTIVE,0.981,0.962,0.835,0.855,376.742,306.387,Avail,Compl,Avail,Incmpl,Incmpl,Enable,OBD II (California ARB),OFF,OFF,0,0,0,1st,OFF,OFF,OFF,OFF,OFF,OFF,-0.781,-1.562,ON,OFF,700,0,OFF,OFF,OFF,ON,Gasoline,0.964,OFF,OFF,0.684,ON,0.391,14.902,10,0,0.742,0.742,2.324,0.742,0.918,2.031,46.667,0,14.902,39,0,0,OFF,ECT 5th,NA,OFF,97.900,97.900,14.118,0,Not Avl,0,0,0,0,ON,ON,0,0,1
160,0,13.701,Not Avl,Compl,Compl,Unable,OFF,Not Avl,Compl,Compl,Unable,OFF,53.125,40.625,36.250,37.500,19.531,39.551,15.686,31.765,0.781,1.582,ON,0,OFF,ON,ON,1.000,1.000,0,0.004,3.288,3.298,1,97,51199.219,13.417,25.490,OFF,OFF,OFF,OFF,OFF,OFF,OFF,Avail,Incmpl,Incmpl,Enable,Avail,142.900,51.200,142.900,51.200,ON,Avail,Compl,Enable,80,0,0,0,0,0,0,6,A,0,0,Avail,Incmpl,Incmpl,Enable,OFF,OFF,50,705.250,51199.219,51199.219,51199.219,51199.219,51199.219,51199.219,1GRFE ,0,Avail,Incmpl,Incmpl,Enable,0,OFF,OFF,OFF,OFF,ON,ON,Avail,Compl,Enable,Compl,CL,CL,Compl,Unable,Not Avl,Compl,Incmpl,Enable,OFF,0,15,306,ON,81.250,20,0.113,2512,16,21,-3,OFF,1.562,5.469,4.010,OFF,0,0,80,Avail,Compl,Enable,0,GRN2#  ,ON,0,ACTIVE,ACTIVE,0.981,0.962,0.835,0.855,376.742,306.387,Avail,Compl,Avail,Incmpl,Incmpl,Enable,OBD II (California ARB),OFF,OFF,0,0,0,1st,OFF,OFF,OFF,OFF,OFF,OFF,-0.781,-1.562,ON,OFF,700,0,OFF,OFF,OFF,ON,Gasoline,0.964,OFF,OFF,0.684,ON,0.391,14.902,10,0,0.742,0.742,2.324,0.742,0.918,2.031,46.667,0,14.902,39,0,0,OFF,ECT 5th,NA,OFF,97.900,97.900,14.118,0,Not Avl,0,0,0,0,ON,ON,0,0,1
161,0,13.701,Not Avl,Compl,Compl,Unable,OFF,Not Avl,Compl,Compl,Unable,OFF,53.125,40.625,36.250,37.500,19.531,39.551,15.686,31.765,0.781,1.582,ON,0,OFF,ON,ON,1.000,1.000,0,0.004,3.288,3.298,1,97,51199.219,13.417,25.490,OFF,OFF,OFF,OFF,OFF,OFF,OFF,Avail,Incmpl,Incmpl,Enable,Avail,142.900,51.200,142.900,51.200,ON,Avail,Compl,Enable,80,0,0,0,0,0,0,6,A,0,0,Avail,Incmpl,Incmpl,Enable,OFF,OFF,50,705.250,51199.219,51199.219,51199.219,51199.219,51199.219,51199.219,1GRFE ,0,Avail,Incmpl,Incmpl,Enable,0,OFF,OFF,OFF,OFF,ON,ON,Avail,Compl,Enable,Compl,CL,CL,Compl,Unable,Not Avl,Compl,Incmpl,Enable,OFF,0,15,306,ON,81.250,20,0.113,2512,16,21,-3,OFF,1.562,5.469,4.010,OFF,0,0,80,Avail,Compl,Enable,0,GRN2#  ,ON,0,ACTIVE,ACTIVE,0.981,0.962,0.835,0.855,376.742,306.387,Avail,Compl,Avail,Incmpl,Incmpl,Enable,OBD II (California ARB),OFF,OFF,0,0,0,1st,OFF,OFF,OFF,OFF,OFF,OFF,-0.781,-1.562,ON,OFF,700,0,OFF,OFF,OFF,ON,Gasoline,0.977,OFF,OFF,0.684,ON,0.391,14.902,10,0,0.742,0.742,2.324,0.742,0.918,2.031,46.667,0,14.902,39,0,0,OFF,ECT 5th,NA,OFF,97.900,97.900,14.118,0,Not Avl,0,0,0,0,ON,ON,0,0,1
162,0,13.701,Not Avl,Compl,Compl,Unable,OFF,Not Avl,Compl,Compl,Unable,OFF,53.125,40.625,36.250,37.500,19.531,39.551,15.686,31.765,0.781,1.582,ON,0,OFF,ON,ON,1.000,1.000,0,0.004,3.288,3.298,1,97,51199.219,13.417,25.490,OFF,OFF,OFF,OFF,OFF,OFF,OFF,Avail,Incmpl,Incmpl,Enable,Avail,142.900,51.200,142.900,51.200,ON,Avail,Compl,Enable,80,0,0,0,0,0,0,6,A,0,0,Avail,Incmpl,Incmpl,Enable,OFF,OFF,50,705.250,51199.219,51199.219,51199.219,51199.219,51199.219,51199.219,1GRFE ,0,Avail,Incmpl,Incmpl,Enable,0,OFF,OFF,OFF,OFF,ON,ON,Avail,Compl,Enable,Compl,CL,CL,Compl,Unable,Not Avl,Compl,Incmpl,Enable,OFF,0,15,306,ON,81.250,20,0.113,2512,16,21,-3,OFF,1.562,5.469,4.010,OFF,0,0,80,Avail,Compl,Enable,0,GRN2#  ,ON,0,ACTIVE,ACTIVE,0.981,0.962,0.835,0.855,376.742,306.387,Avail,Compl,Avail,Incmpl,Incmpl,Enable,OBD II (California ARB),OFF,OFF,0,0,0,1st,OFF,OFF,OFF,OFF,OFF,OFF,-0.781,-1.562,ON,OFF,700,0,OFF,OFF,OFF,ON,Gasoline,0.977,OFF,OFF,0.684,ON,0.391,14.902,10,0,0.742,0.742,2.324,0.742,0.918,2.031,46.667,0,14.902,39,0,0,OFF,ECT 5th,NA,OFF,97.900,97.900,14.118,0,Not Avl,0,0,0,0,ON,ON,0,0,1
163,0,13.701,Not Avl,Compl,Compl,Unable,OFF,Not Avl,Compl,Compl,Unable,OFF,53.125,40.625,36.250,37.500,19.531,39.551,15.686,31.765,0.781,1.582,ON,0,OFF,ON,ON,1.000,1.000,0,0.004,3.288,3.298,1,97,51199.219,13.417,25.490,OFF,OFF,OFF,OFF,OFF,OFF,OFF,Avail,Incmpl,Incmpl,Enable,Avail,142.900,51.200,142.900,51.200,ON,Avail,Compl,Enable,80,0,0,0,0,0,0,6,A,0,0,Avail,Incmpl,Incmpl,Enable,OFF,OFF,50,705.250,51199.219,51199.219,51199.219,51199.219,51199.219,51199.219,1GRFE ,0,Avail,Incmpl,Incmpl,Enable,0,OFF,OFF,OFF,OFF,ON,ON,Avail,Compl,Enable,Compl,CL,CL,Compl,Unable,Not Avl,Compl,Incmpl,Enable,OFF,0,15,306,ON,81.250,20,0.113,2512,16,21,-3,OFF,1.562,5.469,4.010,OFF,0,0,80,Avail,Compl,Enable,0,GRN2#  ,ON,0,ACTIVE,ACTIVE,0.981,0.962,0.835,0.855,376.742,306.387,Avail,Compl,Avail,Incmpl,Incmpl,Enable,OBD II (California ARB),OFF,OFF,0,0,0,1st,OFF,OFF,OFF,OFF,OFF,OFF,-0.781,-1.562,ON,OFF,700,0,OFF,OFF,OFF,ON,Gasoline,0.977,OFF,OFF,0.684,ON,0.391,14.902,10,0,0.742,0.742,2.324,0.742,0.918,2.031,46.667,0,14.902,39,0,0,OFF,ECT 5th,NA,OFF,97.900,97.900,14.118,0,Not Avl,0,0,0,0,ON,ON,0,0,1
164,0,13.701,Not Avl,Compl,Compl,Unable,OFF,Not Avl,Compl,Compl,Unable,OFF,53.125,40.625,36.250,37.500,19.531,39.551,15.686,31.765,0.781,1.582,ON,0,OFF,ON,ON,1.000,1.000,0,0.004,3.288,3.298,1,97,51199.219,13.417,25.490,OFF,OFF,OFF,OFF,OFF,OFF,OFF,Avail,Incmpl,Incmpl,Enable,Avail,142.900,51.200,142.900,51.200,ON,Avail,Compl,Enable,80,0,0,0,0,0,0,6,A,0,0,Avail,Incmpl,Incmpl,Enable,OFF,OFF,50,705.250,51199.219,51199.219,51199.219,51199.219,51199.219,51199.219,1GRFE ,0,Avail,Incmpl,Incmpl,Enable,0,OFF,OFF,OFF,OFF,ON,ON,Avail,Compl,Enable,Compl,CL,CL,Compl,Unable,Not Avl,Compl,Incmpl,Enable,OFF,0,15,306,ON,81.250,20,0.113,2512,16,21,-3,OFF,1.562,5.469,4.010,OFF,0,0,80,Avail,Compl,Enable,0,GRN2#  ,ON,0,ACTIVE,ACTIVE,0.981,0.962,0.835,0.855,376.742,306.387,Avail,Compl,Avail,Incmpl,Incmpl,Enable,OBD II (California ARB),OFF,OFF,0,0,0,1st,OFF,OFF,OFF,OFF,OFF,OFF,-0.781,-1.562,ON,OFF,700,0,OFF,OFF,OFF,ON,Gasoline,0.977,OFF,OFF,0.684,ON,0.391,14.902,10,0,0.742,0.742,2.324,0.742,0.918,2.031,46.667,0,14.902,39,0,0,OFF,ECT 5th,NA,OFF,97.900,97.900,14.118,0,Not Avl,0,0,0,0,ON,ON,0,0,1
165,0,13.701,Not Avl,Compl,Compl,Unable,OFF,Not Avl,Compl,Compl,Unable,OFF,53.125,40.625,36.250,37.500,19.531,39.551,15.686,31.765,0.781,1.582,ON,0,OFF,ON,ON,1.000,1.000,0,0.004,3.288,3.298,1,97,51199.219,13.417,25.490,OFF,OFF,OFF,OFF,OFF,OFF,OFF,Avail,Incmpl,Incmpl,Enable,Avail,142.900,51.200,142.900,51.200,ON,Avail,Compl,Enable,80,0,0,0,0,0,0,6,A,0,0,Avail,Incmpl,Incmpl,Enable,OFF,OFF,50,705.250,51199.219,51199.219,51199.219,51199.219,51199.219,51199.219,1GRFE ,0,Avail,Incmpl,Incmpl,Enable,0,OFF,OFF,OFF,OFF,ON,ON,Avail,Compl,Enable,Compl,CL,CL,Compl,Unable,Not Avl,Compl,Incmpl,Enable,OFF,0,15,306,ON,81.250,20,0.113,2512,16,21,-3,OFF,1.562,5.469,4.010,OFF,0,0,80,Avail,Compl,Enable,0,GRN2#  ,ON,0,ACTIVE,ACTIVE,0.981,0.962,0.835,0.855,376.742,306.387,Avail,Compl,Avail,Incmpl,Incmpl,Enable,OBD II (California ARB),OFF,OFF,0,0,0,1st,OFF,OFF,OFF,OFF,OFF,OFF,-0.781,-1.562,ON,OFF,700,0,OFF,OFF,OFF,ON,Gasoline,0.977,OFF,OFF,0.684,ON,0.391,14.902,10,0,0.742,0.742,2.324,0.742,0.918,2.031,46.667,0,14.902,39,0,0,OFF,ECT 5th,NA,OFF,97.900,97.900,14.118,0,Not Avl,0,0,0,0,ON,ON,0,0,1
166,0,13.701,Not Avl,Compl,Compl,Unable,OFF,Not Avl,Compl,Compl,Unable,OFF,53.125,40.625,36.250,37.500,19.531,39.551,15.686,31.765,0.781,1.582,ON,0,OFF,ON,ON,1.000,1.000,0,0.004,3.288,3.298,1,97,51199.219,13.417,25.490,OFF,OFF,OFF,OFF,OFF,OFF,OFF,Avail,Incmpl,Incmpl,Enable,Avail,142.900,51.200,142.900,51.200,ON,Avail,Compl,Enable,80,0,0,0,0,0,0,6,A,0,0,Avail,Incmpl,Incmpl,Enable,OFF,OFF,50,705.250,51199.219,51199.219,51199.219,51199.219,51199.219,51199.219,1GRFE ,0,Avail,Incmpl,Incmpl,Enable,0,OFF,OFF,OFF,OFF,ON,ON,Avail,Compl,Enable,Compl,CL,CL,Compl,Unable,Not Avl,Compl,Incmpl,Enable,OFF,0,15,306,ON,81.250,20,0.113,2512,16,21,-3,OFF,1.562,5.469,4.010,OFF,0,0,80,Avail,Compl,Enable,0,GRN2#  ,ON,0,ACTIVE,ACTIVE,0.981,0.962,0.835,0.855,376.742,306.387,Avail,Compl,Avail,Incmpl,Incmpl,Enable,OBD II (California ARB),OFF,OFF,0,0,0,1st,OFF,OFF,OFF,OFF,OFF,OFF,-0.781,-1.562,ON,OFF,700,0,OFF,OFF,OFF,ON,Gasoline,0.977,OFF,OFF,0.684,ON,0.312,14.902,10,0,0.742,0.742,2.324,0.742,0.918,2.031,46.667,0,14.902,39,0,0,OFF,ECT 5th,NA,OFF,97.900,97.900,14.118,0,Not Avl,0,0,0,0,ON,ON,0,0,1
167,0,13.701,Not Avl,Compl,Compl,Unable,OFF,Not Avl,Compl,Compl,Unable,OFF,53.125,40.625,36.250,37.500,19.531,39.551,15.686,31.765,0.781,1.582,ON,0,OFF,ON,ON,1.000,1.000,0,0.004,3.288,3.298,1,97,51199.219,13.417,25.490,OFF,OFF,OFF,OFF,OFF,OFF,OFF,Avail,Incmpl,Incmpl,Enable,Avail,142.900,51.200,142.900,51.200,ON,Avail,Compl,Enable,80,0,0,0,0,0,0,6,A,0,0,Avail,Incmpl,Incmpl,Enable,OFF,OFF,50,705.250,51199.219,51199.219,51199.219,51199.219,51199.219,51199.219,1GRFE ,0,Avail,Incmpl,Incmpl,Enable,0,OFF,OFF,OFF,OFF,ON,ON,Avail,Compl,Enable,Compl,CL,CL,Compl,Unable,Not Avl,Compl,Incmpl,Enable,OFF,0,15,306,ON,81.250,20,0.113,2512,16,21,-3,OFF,1.562,5.469,4.010,OFF,0,0,80,Avail,Compl,Enable,0,GRN2#  ,ON,0,ACTIVE,ACTIVE,0.981,0.962,0.835,0.855,376.742,306.387,Avail,Compl,Avail,Incmpl,Incmpl,Enable,OBD II (California ARB),OFF,OFF,0,0,0,1st,OFF,OFF,OFF,OFF,OFF,OFF,-0.781,-1.562,ON,OFF,700,0,OFF,OFF,OFF,ON,Gasoline,0.977,OFF,OFF,0.684,ON,0.312,15.686,10,0,0.742,0.742,2.324,0.742,0.918,2.031,46.667,0,14.902,39,0,0,OFF,ECT 5th,NA,OFF,97.900,97.900,14.118,0,Not Avl,0,0,0,0,ON,ON,0,0,1
168,0,13.701,Not Avl,Compl,Compl,Unable,OFF,Not Avl,Compl,Compl,Unable,OFF,53.125,40.625,36.250,37.500,19.531,39.551,15.686,31.765,0.781,1.582,ON,0,OFF,ON,ON,1.000,1.000,0,0.004,3.288,3.298,1,97,51199.219,13.417,25.490,OFF,OFF,OFF,OFF,OFF,OFF,OFF,Avail,Incmpl,Incmpl,Enable,Avail,142.900,51.200,142.900,51.200,ON,Avail,Compl,Enable,80,0,0,0,0,0,0,6,A,0,0,Avail,Incmpl,Incmpl,Enable,OFF,OFF,50,705.250,51199.219,51199.219,51199.219,51199.219,51199.219,51199.219,1GRFE ,0,Avail,Incmpl,Incmpl,Enable,0,OFF,OFF,OFF,OFF,ON,ON,Avail,Compl,Enable,Compl,CL,CL,Compl,Unable,Not Avl,Compl,Incmpl,Enable,OFF,0,15,306,ON,81.250,20,0.113,2512,16,21,-3,OFF,1.562,5.469,4.010,OFF,0,0,80,Avail,Compl,Enable,0,GRN2#  ,ON,0,ACTIVE,ACTIVE,0.981,0.962,0.835,0.855,376.742,306.387,Avail,Compl,Avail,Incmpl,Incmpl,Enable,OBD II (California ARB),OFF,OFF,0,0,0,1st,OFF,OFF,OFF,OFF,OFF,OFF,-0.781,-1.562,ON,OFF,700,0,OFF,OFF,OFF,ON,Gasoline,0.977,OFF,OFF,0.684,ON,0.312,15.686,10,0,0.742,0.742,2.324,0.742,0.918,2.031,46.667,0,14.902,39,0,0,OFF,ECT 5th,NA,OFF,97.900,97.900,14.118,0,Not Avl,0,0,0,0,ON,ON,0,0,1
169,0,13.701,Not Avl,Compl,Compl,Unable,OFF,Not Avl,Compl,Compl,Unable,OFF,53.125,40.625,36.250,37.500,19.531,39.551,15.686,31.765,0.781,1.582,ON,0,OFF,ON,ON,1.000,1.000,0,0.004,3.288,3.298,1,97,51199.219,13.417,25.490,OFF,OFF,OFF,OFF,OFF,OFF,OFF,Avail,Incmpl,Incmpl,Enable,Avail,142.900,51.200,142.900,51.200,ON,Avail,Compl,Enable,80,0,0,0,0,0,0,6,A,0,0,Avail,Incmpl,Incmpl,Enable,OFF,OFF,50,705.250,51199.219,51199.219,51199.219,51199.219,51199.219,51199.219,1GRFE ,0,Avail,Incmpl,Incmpl,Enable,0,OFF,OFF,OFF,OFF,ON,ON,Avail,Compl,Enable,Compl,CL,CL,Compl,Unable,Not Avl,Compl,Incmpl,Enable,OFF,0,15,306,ON,81.250,20,0.113,2512,16,21,-3,OFF,1.562,5.469,4.010,OFF,0,0,80,Avail,Compl,Enable,0,GRN2#  ,ON,0,ACTIVE,ACTIVE,0.981,0.962,0.835,0.855,376.742,306.387,Avail,Compl,Avail,Incmpl,Incmpl,Enable,OBD II (California ARB),OFF,OFF,0,0,0,1st,OFF,OFF,OFF,OFF,OFF,OFF,-0.781,-1.562,ON,OFF,700,0,OFF,OFF,OFF,ON,Gasoline,0.977,OFF,OFF,0.684,ON,0.312,15.686,10,0,0.742,0.742,2.324,0.742,0.918,2.031,46.667,0,14.902,39,0,0,OFF,ECT 5th,NA,OFF,97.900,97.900,14.118,0,Not Avl,0,0,0,0,ON,ON,0,0,1
170,0,13.701,Not Avl,Compl,Compl,Unable,OFF,Not Avl,Compl,Compl,Unable,OFF,53.125,40.625,36.250,37.500,19.531,39.551,15.686,31.765,0.781,1.582,ON,0,OFF,ON,ON,1.000,1.000,0,0.004,3.288,3.298,1,97,51199.219,13.417,25.490,OFF,OFF,OFF,OFF,OFF,OFF,OFF,Avail,Incmpl,Incmpl,Enable,Avail,142.900,51.200,142.900,51.200,ON,Avail,Compl,Enable,80,0,0,0,0,0,0,6,A,0,0,Avail,Incmpl,Incmpl,Enable,OFF,OFF,50,705.250,51199.219,51199.219,51199.219,51199.219,51199.219,51199.219,1GRFE ,0,Avail,Incmpl,Incmpl,Enable,0,OFF,OFF,OFF,OFF,ON,ON,Avail,Compl,Enable,Compl,CL,CL,Compl,Unable,Not Avl,Compl,Incmpl,Enable,OFF,0,15,306,ON,81.250,20,0.113,2512,16,21,-3,OFF,1.562,5.469,4.010,OFF,0,0,80,Avail,Compl,Enable,0,GRN2#  ,ON,0,ACTIVE,ACTIVE,0.981,0.962,0.835,0.855,376.742,306.387,Avail,Compl,Avail,Incmpl,Incmpl,Enable,OBD II (California ARB),OFF,OFF,0,0,0,1st,OFF,OFF,OFF,OFF,OFF,OFF,-0.781,-1.562,ON,OFF,700,0,OFF,OFF,OFF,ON,Gasoline,0.977,OFF,OFF,0.684,ON,0.312,15.686,10,0,0.781,0.742,2.324,0.742,0.918,2.031,46.667,0,14.902,39,0,0,OFF,ECT 5th,NA,OFF,97.900,97.900,14.118,0,Not Avl,0,0,0,0,ON,ON,0,0,1
171,0,13.701,Not Avl,Compl,Compl,Unable,OFF,Not Avl,Compl,Compl,Unable,OFF,53.125,40.625,36.250,37.500,19.531,39.551,15.686,31.765,0.781,1.582,ON,0,OFF,ON,ON,1.000,1.000,0,0.004,3.288,3.298,1,97,51199.219,13.417,25.490,OFF,OFF,OFF,OFF,OFF,OFF,OFF,Avail,Incmpl,Incmpl,Enable,Avail,142.900,51.200,142.900,51.200,ON,Avail,Compl,Enable,80,0,0,0,0,0,0,6,A,0,0,Avail,Incmpl,Incmpl,Enable,OFF,OFF,50,705.250,51199.219,51199.219,51199.219,51199.219,51199.219,51199.219,1GRFE ,0,Avail,Incmpl,Incmpl,Enable,0,OFF,OFF,OFF,OFF,ON,ON,Avail,Compl,Enable,Compl,CL,CL,Compl,Unable,Not Avl,Compl,Incmpl,Enable,OFF,0,15,306,ON,81.250,20,0.113,2512,16,21,-3,OFF,1.562,5.469,4.010,OFF,0,0,80,Avail,Compl,Enable,0,GRN2#  ,ON,0,ACTIVE,ACTIVE,0.981,0.962,0.835,0.855,376.742,306.387,Avail,Compl,Avail,Incmpl,Incmpl,Enable,OBD II (California ARB),OFF,OFF,0,0,0,1st,OFF,OFF,OFF,OFF,OFF,OFF,-0.781,-1.562,ON,OFF,700,0,OFF,OFF,OFF,ON,Gasoline,0.977,OFF,OFF,0.684,ON,0.312,15.686,10,0,0.781,0.781,2.324,0.742,0.918,2.031,46.667,0,14.902,39,0,0,OFF,ECT 5th,NA,OFF,97.900,97.900,14.118,0,Not Avl,0,0,0,0,ON,ON,0,0,1
172,0,13.701,Not Avl,Compl,Compl,Unable,OFF,Not Avl,Compl,Compl,Unable,OFF,53.125,40.625,36.250,37.500,19.531,39.551,15.686,31.765,0.781,1.582,ON,0,OFF,ON,ON,1.000,1.000,0,0.004,3.288,3.298,1,97,51199.219,13.417,25.490,OFF,OFF,OFF,OFF,OFF,OFF,OFF,Avail,Incmpl,Incmpl,Enable,Avail,142.900,51.200,142.900,51.200,ON,Avail,Compl,Enable,80,0,0,0,0,0,0,6,A,0,0,Avail,Incmpl,Incmpl,Enable,OFF,OFF,50,705.250,51199.219,51199.219,51199.219,51199.219,51199.219,51199.219,1GRFE ,0,Avail,Incmpl,Incmpl,Enable,0,OFF,OFF,OFF,OFF,ON,ON,Avail,Compl,Enable,Compl,CL,CL,Compl,Unable,Not Avl,Compl,Incmpl,Enable,OFF,0,15,306,ON,81.250,20,0.113,2512,16,21,-3,OFF,1.562,5.469,4.010,OFF,0,0,80,Avail,Compl,Enable,0,GRN2#  ,ON,0,ACTIVE,ACTIVE,0.981,0.962,0.835,0.855,376.742,306.387,Avail,Compl,Avail,Incmpl,Incmpl,Enable,OBD II (California ARB),OFF,OFF,0,0,0,1st,OFF,OFF,OFF,OFF,OFF,OFF,-0.781,-1.562,ON,OFF,700,0,OFF,OFF,OFF,ON,Gasoline,0.977,OFF,OFF,0.684,ON,0.312,15.686,10,0,0.781,0.781,2.363,0.742,0.918,2.031,46.667,0,14.902,39,0,0,OFF,ECT 5th,NA,OFF,97.900,97.900,14.118,0,Not Avl,0,0,0,0,ON,ON,0,0,1
173,0,13.701,Not Avl,Compl,Compl,Unable,OFF,Not Avl,Compl,Compl,Unable,OFF,53.125,40.625,36.250,37.500,19.531,39.551,15.686,31.765,0.781,1.582,ON,0,OFF,ON,ON,1.000,1.000,0,0.004,3.288,3.298,1,97,51199.219,13.417,25.490,OFF,OFF,OFF,OFF,OFF,OFF,OFF,Avail,Incmpl,Incmpl,Enable,Avail,142.900,51.200,142.900,51.200,ON,Avail,Compl,Enable,80,0,0,0,0,0,0,6,A,0,0,Avail,Incmpl,Incmpl,Enable,OFF,OFF,50,705.250,51199.219,51199.219,51199.219,51199.219,51199.219,51199.219,1GRFE ,0,Avail,Incmpl,Incmpl,Enable,0,OFF,OFF,OFF,OFF,ON,ON,Avail,Compl,Enable,Compl,CL,CL,Compl,Unable,Not Avl,Compl,Incmpl,Enable,OFF,0,15,306,ON,81.250,20,0.113,2512,16,21,-3,OFF,1.562,5.469,4.010,OFF,0,0,80,Avail,Compl,Enable,0,GRN2#  ,ON,0,ACTIVE,ACTIVE,0.981,0.962,0.835,0.855,376.742,306.387,Avail,Compl,Avail,Incmpl,Incmpl,Enable,OBD II (California ARB),OFF,OFF,0,0,0,1st,OFF,OFF,OFF,OFF,OFF,OFF,-0.781,-1.562,ON,OFF,700,0,OFF,OFF,OFF,ON,Gasoline,0.977,OFF,OFF,0.684,ON,0.312,15.686,10,0,0.781,0.781,2.363,0.781,0.918,2.031,46.667,0,14.902,39,0,0,OFF,ECT 5th,NA,OFF,97.900,97.900,14.118,0,Not Avl,0,0,0,0,ON,ON,0,0,1
174,0,13.701,Not Avl,Compl,Compl,Unable,OFF,Not Avl,Compl,Compl,Unable,OFF,53.125,40.625,36.250,37.500,19.531,39.551,15.686,31.765,0.781,1.582,ON,0,OFF,ON,ON,1.000,1.000,0,0.004,3.288,3.298,1,97,51199.219,13.417,25.490,OFF,OFF,OFF,OFF,OFF,OFF,OFF,Avail,Incmpl,Incmpl,Enable,Avail,142.900,51.200,142.900,51.200,ON,Avail,Compl,Enable,80,0,0,0,0,0,0,6,A,0,0,Avail,Incmpl,Incmpl,Enable,OFF,OFF,50,705.250,51199.219,51199.219,51199.219,51199.219,51199.219,51199.219,1GRFE ,0,Avail,Incmpl,Incmpl,Enable,0,OFF,OFF,OFF,OFF,ON,ON,Avail,Compl,Enable,Compl,CL,CL,Compl,Unable,Not Avl,Compl,Incmpl,Enable,OFF,0,15,306,ON,81.250,20,0.113,2512,16,21,-3,OFF,1.562,5.469,4.010,OFF,0,0,80,Avail,Compl,Enable,0,GRN2#  ,ON,0,ACTIVE,ACTIVE,0.981,0.962,0.835,0.855,376.742,306.387,Avail,Compl,Avail,Incmpl,Incmpl,Enable,OBD II (California ARB),OFF,OFF,0,0,0,1st,OFF,OFF,OFF,OFF,OFF,OFF,-0.781,-1.562,ON,OFF,700,0,OFF,OFF,OFF,ON,Gasoline,0.977,OFF,OFF,0.684,ON,0.312,15.686,10,0,0.781,0.781,2.363,0.781,0.918,2.031,46.667,0,14.902,39,0,0,OFF,ECT 5th,NA,OFF,97.900,97.900,14.118,0,Not Avl,0,0,0,0,ON,ON,0,0,1
175,0,13.701,Not Avl,Compl,Compl,Unable,OFF,Not Avl,Compl,Compl,Unable,OFF,53.125,40.625,36.250,37.500,19.531,39.551,15.686,31.765,0.781,1.582,ON,0,OFF,ON,ON,1.000,1.000,0,0.004,3.288,3.298,1,97,51199.219,13.417,25.490,OFF,OFF,OFF,OFF,OFF,OFF,OFF,Avail,Incmpl,Incmpl,Enable,Avail,142.900,51.200,142.900,51.200,ON,Avail,Compl,Enable,80,0,0,0,0,0,0,6,A,0,0,Avail,Incmpl,Incmpl,Enable,OFF,OFF,50,705.250,51199.219,51199.219,51199.219,51199.219,51199.219,51199.219,1GRFE ,0,Avail,Incmpl,Incmpl,Enable,0,OFF,OFF,OFF,OFF,ON,ON,Avail,Compl,Enable,Compl,CL,CL,Compl,Unable,Not Avl,Compl,Incmpl,Enable,OFF,0,15,306,ON,81.250,20,0.113,2512,16,21,-3,OFF,1.562,5.469,4.010,OFF,0,0,80,Avail,Compl,Enable,0,GRN2#  ,ON,0,ACTIVE,ACTIVE,0.981,0.962,0.835,0.855,376.742,306.387,Avail,Compl,Avail,Incmpl,Incmpl,Enable,OBD II (California ARB),OFF,OFF,0,0,0,1st,OFF,OFF,OFF,OFF,OFF,OFF,-0.781,-1.562,ON,OFF,700,0,OFF,OFF,OFF,ON,Gasoline,0.977,OFF,OFF,0.684,ON,0.312,15.686,10,0,0.781,0.781,2.363,0.781,0.918,2.031,46.667,0,14.902,39,0,0,OFF,ECT 5th,NA,OFF,97.900,97.900,14.118,0,Not Avl,0,0,0,0,ON,ON,0,0,1
176,0,13.701,Not Avl,Compl,Compl,Unable,OFF,Not Avl,Compl,Compl,Unable,OFF,53.125,40.625,36.250,37.500,19.531,39.551,15.686,31.765,0.781,1.582,ON,0,OFF,ON,ON,1.000,1.000,0,0.004,3.288,3.298,1,97,51199.219,13.417,25.490,OFF,OFF,OFF,OFF,OFF,OFF,OFF,Avail,Incmpl,Incmpl,Enable,Avail,142.900,51.200,142.900,51.200,ON,Avail,Compl,Enable,80,0,0,0,0,0,0,6,A,0,0,Avail,Incmpl,Incmpl,Enable,OFF,OFF,50,705.250,51199.219,51199.219,51199.219,51199.219,51199.219,51199.219,1GRFE ,0,Avail,Incmpl,Incmpl,Enable,0,OFF,OFF,OFF,OFF,ON,ON,Avail,Compl,Enable,Compl,CL,CL,Compl,Unable,Not Avl,Compl,Incmpl,Enable,OFF,0,15,306,ON,81.250,20,0.113,2512,16,21,-3,OFF,1.562,5.469,4.010,OFF,0,0,80,Avail,Compl,Enable,0,GRN2#  ,ON,0,ACTIVE,ACTIVE,0.981,0.962,0.835,0.855,376.742,306.387,Avail,Compl,Avail,Incmpl,Incmpl,Enable,OBD II (California ARB),OFF,OFF,0,0,0,1st,OFF,OFF,OFF,OFF,OFF,OFF,-0.781,-1.562,ON,OFF,700,0,OFF,OFF,OFF,ON,Gasoline,0.977,OFF,OFF,0.684,ON,0.312,15.686,10,0,0.781,0.781,2.363,0.781,0.918,2.031,47.451,0,14.902,39,0,0,OFF,ECT 5th,NA,OFF,97.900,97.900,14.118,0,Not Avl,0,0,0,0,ON,ON,0,0,1
177,0,13.701,Not Avl,Compl,Compl,Unable,OFF,Not Avl,Compl,Compl,Unable,OFF,53.125,40.625,36.250,37.500,19.531,39.551,15.686,31.765,0.781,1.582,ON,0,OFF,ON,ON,1.000,1.000,0,0.004,3.288,3.298,1,97,51199.219,13.417,25.490,OFF,OFF,OFF,OFF,OFF,OFF,OFF,Avail,Incmpl,Incmpl,Enable,Avail,142.900,51.200,142.900,51.200,ON,Avail,Compl,Enable,80,0,0,0,0,0,0,6,A,0,0,Avail,Incmpl,Incmpl,Enable,OFF,OFF,50,705.250,51199.219,51199.219,51199.219,51199.219,51199.219,51199.219,1GRFE ,0,Avail,Incmpl,Incmpl,Enable,0,OFF,OFF,OFF,OFF,ON,ON,Avail,Compl,Enable,Compl,CL,CL,Compl,Unable,Not Avl,Compl,Incmpl,Enable,OFF,0,15,306,ON,81.250,20,0.113,2512,16,21,-3,OFF,1.562,5.469,4.010,OFF,0,0,80,Avail,Compl,Enable,0,GRN2#  ,ON,0,ACTIVE,ACTIVE,0.981,0.962,0.835,0.855,376.742,306.387,Avail,Compl,Avail,Incmpl,Incmpl,Enable,OBD II (California ARB),OFF,OFF,0,0,0,1st,OFF,OFF,OFF,OFF,OFF,OFF,-0.781,-1.562,ON,OFF,700,0,OFF,OFF,OFF,ON,Gasoline,0.977,OFF,OFF,0.684,ON,0.312,15.686,10,0,0.781,0.781,2.363,0.781,0.918,2.031,47.451,0.392,14.902,39,0,0,OFF,ECT 5th,NA,OFF,97.900,97.900,14.118,0,Not Avl,0,0,0,0,ON,ON,0,0,1
178,0,13.701,Not Avl,Compl,Compl,Unable,OFF,Not Avl,Compl,Compl,Unable,OFF,53.125,40.625,36.250,37.500,19.531,39.551,15.686,31.765,0.781,1.582,ON,0,OFF,ON,ON,1.000,1.000,0,0.004,3.288,3.298,1,97,51199.219,13.417,25.490,OFF,OFF,OFF,OFF,OFF,OFF,OFF,Avail,Incmpl,Incmpl,Enable,Avail,142.900,51.200,142.900,51.200,ON,Avail,Compl,Enable,80,0,0,0,0,0,0,6,A,0,0,Avail,Incmpl,Incmpl,Enable,OFF,OFF,50,705.250,51199.219,51199.219,51199.219,51199.219,51199.219,51199.219,1GRFE ,0,Avail,Incmpl,Incmpl,Enable,0,OFF,OFF,OFF,OFF,ON,ON,Avail,Compl,Enable,Compl,CL,CL,Compl,Unable,Not Avl,Compl,Incmpl,Enable,OFF,0,15,306,ON,81.250,20,0.113,2512,16,21,-3,OFF,1.562,5.469,4.010,OFF,0,0,80,Avail,Compl,Enable,0,GRN2#  ,ON,0,ACTIVE,ACTIVE,0.981,0.962,0.835,0.855,376.742,306.387,Avail,Compl,Avail,Incmpl,Incmpl,Enable,OBD II (California ARB),OFF,OFF,0,0,0,1st,OFF,OFF,OFF,OFF,OFF,OFF,-0.781,-1.562,ON,OFF,700,0,OFF,OFF,OFF,ON,Gasoline,0.977,OFF,OFF,0.684,ON,0.312,15.686,10,0,0.781,0.781,2.363,0.781,0.918,2.031,47.451,0.392,15.686,39,0,0,OFF,ECT 5th,NA,OFF,97.900,97.900,14.118,0,Not Avl,0,0,0,0,ON,ON,0,0,1
179,0,13.701,Not Avl,Compl,Compl,Unable,OFF,Not Avl,Compl,Compl,Unable,OFF,53.125,40.625,36.250,37.500,19.531,39.551,15.686,31.765,0.781,1.582,ON,0,OFF,ON,ON,1.000,1.000,0,0.004,3.288,3.298,1,97,51199.219,13.417,25.490,OFF,OFF,OFF,OFF,OFF,OFF,OFF,Avail,Incmpl,Incmpl,Enable,Avail,142.900,51.200,142.900,51.200,ON,Avail,Compl,Enable,80,0,0,0,0,0,0,6,A,0,0,Avail,Incmpl,Incmpl,Enable,OFF,OFF,50,705.250,51199.219,51199.219,51199.219,51199.219,51199.219,51199.219,1GRFE ,0,Avail,Incmpl,Incmpl,Enable,0,OFF,OFF,OFF,OFF,ON,ON,Avail,Compl,Enable,Compl,CL,CL,Compl,Unable,Not Avl,Compl,Incmpl,Enable,OFF,0,15,306,ON,81.250,20,0.113,2512,16,21,-3,OFF,1.562,5.469,4.010,OFF,0,0,80,Avail,Compl,Enable,0,GRN2#  ,ON,0,ACTIVE,ACTIVE,0.981,0.962,0.835,0.855,376.742,306.387,Avail,Compl,Avail,Incmpl,Incmpl,Enable,OBD II (California ARB),OFF,OFF,0,0,0,1st,OFF,OFF,OFF,OFF,OFF,OFF,-0.781,-1.562,ON,OFF,700,0,OFF,OFF,OFF,ON,Gasoline,0.977,OFF,OFF,0.684,ON,0.312,15.686,10,0,0.781,0.781,2.363,0.781,0.918,2.031,47.451,0.392,15.686,40,0,0,OFF,ECT 5th,NA,OFF,97.900,97.900,14.118,0,Not Avl,0,0,0,0,ON,ON,0,0,1
180,0,13.701,Not Avl,Compl,Compl,Unable,OFF,Not Avl,Compl,Compl,Unable,OFF,53.125,40.625,36.250,37.500,19.531,39.551,15.686,31.765,0.781,1.582,ON,0,OFF,ON,ON,1.000,1.000,0,0.004,3.288,3.298,1,97,51199.219,13.417,25.490,OFF,OFF,OFF,OFF,OFF,OFF,OFF,Avail,Incmpl,Incmpl,Enable,Avail,142.900,51.200,142.900,51.200,ON,Avail,Compl,Enable,80,0,0,0,0,0,0,6,A,0,0,Avail,Incmpl,Incmpl,Enable,OFF,OFF,50,705.250,51199.219,51199.219,51199.219,51199.219,51199.219,51199.219,1GRFE ,0,Avail,Incmpl,Incmpl,Enable,0,OFF,OFF,OFF,OFF,ON,ON,Avail,Compl,Enable,Compl,CL,CL,Compl,Unable,Not Avl,Compl,Incmpl,Enable,OFF,0,15,306,ON,81.250,20,0.113,2512,16,21,-3,OFF,1.562,5.469,4.010,OFF,0,0,80,Avail,Compl,Enable,0,GRN2#  ,ON,0,ACTIVE,ACTIVE,0.981,0.962,0.835,0.855,376.742,306.387,Avail,Compl,Avail,Incmpl,Incmpl,Enable,OBD II (California ARB),OFF,OFF,0,0,0,1st,OFF,OFF,OFF,OFF,OFF,OFF,-0.781,-1.562,ON,OFF,700,0,OFF,OFF,OFF,ON,Gasoline,0.977,OFF,OFF,0.684,ON,0.312,15.686,10,0,0.781,0.781,2.363,0.781,0.918,2.031,47.451,0.392,15.686,40,0,0,OFF,ECT 5th,NA,OFF,97.900,97.900,14.118,0,Not Avl,0,0,0,0,ON,ON,0,0,1
181,0,13.701,Not Avl,Compl,Compl,Unable,OFF,Not Avl,Compl,Compl,Unable,OFF,53.125,40.625,36.250,37.500,19.531,39.551,15.686,31.765,0.781,1.582,ON,0,OFF,ON,ON,1.000,1.000,0,0.004,3.288,3.298,1,97,51199.219,13.417,25.490,OFF,OFF,OFF,OFF,OFF,OFF,OFF,Avail,Incmpl,Incmpl,Enable,Avail,142.900,51.200,142.900,51.200,ON,Avail,Compl,Enable,80,0,0,0,0,0,0,6,A,0,0,Avail,Incmpl,Incmpl,Enable,OFF,OFF,50,705.250,51199.219,51199.219,51199.219,51199.219,51199.219,51199.219,1GRFE ,0,Avail,Incmpl,Incmpl,Enable,0,OFF,OFF,OFF,OFF,ON,ON,Avail,Compl,Enable,Compl,CL,CL,Compl,Unable,Not Avl,Compl,Incmpl,Enable,OFF,0,15,306,ON,81.250,20,0.113,2512,16,21,-3,OFF,1.562,5.469,4.010,OFF,0,0,80,Avail,Compl,Enable,0,GRN2#  ,ON,0,ACTIVE,ACTIVE,0.981,0.962,0.835,0.855,376.742,306.387,Avail,Compl,Avail,Incmpl,Incmpl,Enable,OBD II (California ARB),OFF,OFF,0,0,0,1st,OFF,OFF,OFF,OFF,OFF,OFF,-0.781,-1.562,ON,OFF,700,0,OFF,OFF,OFF,ON,Gasoline,0.977,OFF,OFF,0.684,ON,0.312,15.686,10,0,0.781,0.781,2.363,0.781,0.918,2.031,47.451,0.392,15.686,40,0,0,OFF,ECT 5th,NA,OFF,97.900,97.900,14.118,0,Not Avl,0,0,0,0,ON,ON,0,0,1
182,0,13.701,Not Avl,Compl,Compl,Unable,OFF,Not Avl,Compl,Compl,Unable,OFF,53.125,40.625,36.250,37.500,19.531,39.551,15.686,31.765,0.781,1.582,ON,0,OFF,ON,ON,1.000,1.000,0,0.004,3.288,3.298,1,97,51199.219,13.417,25.490,OFF,OFF,OFF,OFF,OFF,OFF,OFF,Avail,Incmpl,Incmpl,Enable,Avail,142.900,51.200,142.900,51.200,ON,Avail,Compl,Enable,80,0,0,0,0,0,0,6,A,0,0,Avail,Incmpl,Incmpl,Enable,OFF,OFF,50,705.250,51199.219,51199.219,51199.219,51199.219,51199.219,51199.219,1GRFE ,0,Avail,Incmpl,Incmpl,Enable,0,OFF,OFF,OFF,OFF,ON,ON,Avail,Compl,Enable,Compl,CL,CL,Compl,Unable,Not Avl,Compl,Incmpl,Enable,OFF,0,15,306,ON,81.250,20,0.113,2512,16,21,-3,OFF,1.562,5.469,4.010,OFF,0,0,80,Avail,Compl,Enable,0,GRN2#  ,ON,0,ACTIVE,ACTIVE,0.981,0.962,0.835,0.855,376.742,306.387,Avail,Compl,Avail,Incmpl,Incmpl,Enable,OBD II (California ARB),OFF,OFF,0,0,0,1st,OFF,OFF,OFF,OFF,OFF,OFF,-0.781,-1.562,ON,OFF,700,0,OFF,OFF,OFF,ON,Gasoline,0.977,OFF,OFF,0.684,ON,0.312,15.686,10,0,0.781,0.781,2.363,0.781,0.918,2.031,47.451,0.392,15.686,40,0,0,OFF,ECT 5th,NA,OFF,97.900,97.900,14.118,0,Not Avl,0,0,0,0,ON,ON,0,0,1
183,0,13.701,Not Avl,Compl,Compl,Unable,OFF,Not Avl,Compl,Compl,Unable,OFF,53.125,40.625,36.250,37.500,19.531,39.551,15.686,31.765,0.781,1.582,ON,0,OFF,ON,ON,1.000,1.000,0,0.004,3.288,3.298,1,97,51199.219,13.417,25.490,OFF,OFF,OFF,OFF,OFF,OFF,OFF,Avail,Incmpl,Incmpl,Enable,Avail,142.900,51.200,142.900,51.200,ON,Avail,Compl,Enable,80,0,0,0,0,0,0,6,A,0,0,Avail,Incmpl,Incmpl,Enable,OFF,OFF,50,705.250,51199.219,51199.219,51199.219,51199.219,51199.219,51199.219,1GRFE ,0,Avail,Incmpl,Incmpl,Enable,0,OFF,OFF,OFF,OFF,ON,ON,Avail,Compl,Enable,Compl,CL,CL,Compl,Unable,Not Avl,Compl,Incmpl,Enable,OFF,0,15,306,ON,81.250,20,0.113,2512,16,21,-3,OFF,1.562,5.469,4.010,OFF,0,0,80,Avail,Compl,Enable,0,GRN2#  ,ON,0,ACTIVE,ACTIVE,0.981,0.962,0.835,0.855,376.742,306.387,Avail,Compl,Avail,Incmpl,Incmpl,Enable,OBD II (California ARB),OFF,OFF,0,0,0,1st,OFF,OFF,OFF,OFF,OFF,OFF,-0.781,-1.562,ON,OFF,700,0,OFF,OFF,OFF,ON,Gasoline,0.977,OFF,OFF,0.684,ON,0.312,15.686,10,0,0.781,0.781,2.363,0.781,0.918,2.031,47.451,0.392,15.686,40,0,0,OFF,ECT 5th,NA,OFF,97.900,97.900,14.118,0,Not Avl,0,0,0,0,ON,ON,0,0,1
184,0,13.701,Not Avl,Compl,Compl,Unable,OFF,Not Avl,Compl,Compl,Unable,OFF,53.125,40.625,36.250,37.500,19.531,39.551,15.686,31.765,0.781,1.582,ON,0,OFF,ON,ON,1.000,1.000,0,0.004,3.288,3.298,1,97,51199.219,13.417,25.490,OFF,OFF,OFF,OFF,OFF,OFF,OFF,Avail,Incmpl,Incmpl,Enable,Avail,142.900,51.200,142.900,51.200,ON,Avail,Compl,Enable,80,0,0,0,0,0,0,6,A,0,0,Avail,Incmpl,Incmpl,Enable,OFF,OFF,50,705.250,51199.219,51199.219,51199.219,51199.219,51199.219,51199.219,1GRFE ,0,Avail,Incmpl,Incmpl,Enable,0,OFF,OFF,OFF,OFF,ON,ON,Avail,Compl,Enable,Compl,CL,CL,Compl,Unable,Not Avl,Compl,Incmpl,Enable,OFF,0,15,306,ON,81.250,20,0.113,2512,16,21,-3,OFF,1.562,5.469,4.010,OFF,0,0,80,Avail,Compl,Enable,0,GRN2#  ,ON,0,ACTIVE,ACTIVE,0.981,0.962,0.835,0.855,376.742,306.387,Avail,Compl,Avail,Incmpl,Incmpl,Enable,OBD II (California ARB),OFF,OFF,0,0,0,1st,OFF,OFF,OFF,OFF,OFF,OFF,-0.781,-1.562,ON,OFF,700,0,OFF,OFF,OFF,ON,Gasoline,0.977,OFF,OFF,0.684,ON,0.312,15.686,10,0,0.781,0.781,2.363,0.781,0.918,2.031,47.451,0.392,15.686,40,0,0,OFF,ECT 5th,NA,OFF,97.900,97.900,14.118,0,Not Avl,0,0,0,0,ON,ON,0,0,1
185,0,13.701,Not Avl,Compl,Compl,Unable,OFF,Not Avl,Compl,Compl,Unable,OFF,53.125,40.625,36.250,37.500,19.531,39.551,15.686,31.765,0.781,1.582,ON,0,OFF,ON,ON,1.000,1.000,0,0.004,3.288,3.298,1,97,51199.219,13.417,25.490,OFF,OFF,OFF,OFF,OFF,OFF,OFF,Avail,Incmpl,Incmpl,Enable,Avail,142.900,51.200,142.900,51.200,ON,Avail,Compl,Enable,80,0,0,0,0,0,0,6,A,0,0,Avail,Incmpl,Incmpl,Enable,OFF,OFF,50,705.250,51199.219,51199.219,51199.219,51199.219,51199.219,51199.219,1GRFE ,0,Avail,Incmpl,Incmpl,Enable,0,OFF,OFF,OFF,OFF,ON,ON,Avail,Compl,Enable,Compl,CL,CL,Compl,Unable,Not Avl,Compl,Incmpl,Enable,OFF,0,15,306,ON,81.250,20,0.113,2512,16,21,-3,OFF,1.562,5.469,4.010,OFF,0,0,80,Avail,Compl,Enable,0,GRN2#  ,ON,0,ACTIVE,ACTIVE,0.981,0.962,0.835,0.855,376.742,306.387,Avail,Compl,Avail,Incmpl,Incmpl,Enable,OBD II (California ARB),OFF,OFF,0,0,0,1st,OFF,OFF,OFF,OFF,OFF,OFF,-0.781,-1.562,ON,OFF,700,0,OFF,OFF,OFF,ON,Gasoline,0.977,OFF,OFF,0.684,ON,0.312,15.686,10,0,0.781,0.781,2.363,0.781,0.918,2.031,47.451,0.392,15.686,40,0,0,OFF,ECT 5th,NA,OFF,97.900,97.900,14.118,0,Not Avl,0,0,0,0,ON,ON,0,0,1
186,0,13.701,Not Avl,Compl,Compl,Unable,OFF,Not Avl,Compl,Compl,Unable,OFF,53.125,40.625,36.250,37.500,19.531,39.551,15.686,31.765,0.781,1.582,ON,0,OFF,ON,ON,1.000,1.000,0,0.004,3.288,3.298,1,97,51199.219,13.417,25.490,OFF,OFF,OFF,OFF,OFF,OFF,OFF,Avail,Incmpl,Incmpl,Enable,Avail,142.900,51.200,142.900,51.200,ON,Avail,Compl,Enable,80,0,0,0,0,0,0,6,A,0,0,Avail,Incmpl,Incmpl,Enable,OFF,OFF,50,705.250,51199.219,51199.219,51199.219,51199.219,51199.219,51199.219,1GRFE ,0,Avail,Incmpl,Incmpl,Enable,0,OFF,OFF,OFF,OFF,ON,ON,Avail,Compl,Enable,Compl,CL,CL,Compl,Unable,Not Avl,Compl,Incmpl,Enable,OFF,0,15,306,ON,81.250,20,0.113,2512,16,21,-3,OFF,1.562,5.469,4.010,OFF,0,0,80,Avail,Compl,Enable,0,GRN2#  ,ON,0,ACTIVE,ACTIVE,0.981,0.962,0.835,0.855,376.742,306.387,Avail,Compl,Avail,Incmpl,Incmpl,Enable,OBD II (California ARB),OFF,OFF,0,0,0,1st,OFF,OFF,OFF,OFF,OFF,OFF,-0.781,-1.562,ON,OFF,700,0,OFF,OFF,OFF,ON,Gasoline,0.977,OFF,OFF,0.684,ON,0.312,15.686,10,0,0.781,0.781,2.363,0.781,0.918,2.031,47.451,0.392,15.686,40,0,0,OFF,ECT 5th,NA,OFF,97.900,97.900,14.118,0,Not Avl,0,0,0,0,ON,ON,0,0,1
187,0,13.701,Not Avl,Compl,Compl,Unable,OFF,Not Avl,Compl,Compl,Unable,OFF,53.125,40.625,36.250,37.500,19.531,39.551,15.686,31.765,0.781,1.582,ON,0,OFF,ON,ON,1.000,1.000,0,0.004,3.288,3.298,1,97,51199.219,13.417,25.490,OFF,OFF,OFF,OFF,OFF,OFF,OFF,Avail,Incmpl,Incmpl,Enable,Avail,142.900,51.200,142.900,51.200,ON,Avail,Compl,Enable,80,0,0,0,0,0,0,6,A,0,0,Avail,Incmpl,Incmpl,Enable,OFF,OFF,50,705.250,51199.219,51199.219,51199.219,51199.219,51199.219,51199.219,1GRFE ,0,Avail,Incmpl,Incmpl,Enable,0,OFF,OFF,OFF,OFF,ON,ON,Avail,Compl,Enable,Compl,CL,CL,Compl,Unable,Not Avl,Compl,Incmpl,Enable,OFF,0,15,306,ON,81.250,20,0.113,2512,16,21,-3,OFF,1.562,5.469,4.010,OFF,0,0,80,Avail,Compl,Enable,0,GRN2#  ,ON,0,ACTIVE,ACTIVE,0.981,0.962,0.835,0.855,376.742,306.387,Avail,Compl,Avail,Incmpl,Incmpl,Enable,OBD II (California ARB),OFF,OFF,0,0,0,1st,OFF,OFF,OFF,OFF,OFF,OFF,-0.781,-1.562,ON,OFF,700,0,OFF,OFF,OFF,ON,Gasoline,0.977,OFF,OFF,0.684,ON,0.312,15.686,10,0,0.781,0.781,2.363,0.781,0.918,2.031,47.451,0.392,15.686,40,0,0,OFF,ECT 5th,NA,OFF,97.900,97.900,14.118,0,Not Avl,0,0,0,0,ON,ON,0,0,1
188,0,13.701,Not Avl,Compl,Compl,Unable,OFF,Not Avl,Compl,Compl,Unable,OFF,53.125,40.625,36.250,37.500,19.531,39.551,15.686,31.765,0.781,1.582,ON,0,OFF,ON,ON,1.000,1.000,0,0.004,3.288,3.298,1,97,51199.219,13.417,25.490,OFF,OFF,OFF,OFF,OFF,OFF,OFF,Avail,Incmpl,Incmpl,Enable,Avail,142.900,51.200,142.900,51.200,ON,Avail,Compl,Enable,80,0,0,0,0,0,0,6,A,0,0,Avail,Incmpl,Incmpl,Enable,OFF,OFF,50,705.250,51199.219,51199.219,51199.219,51199.219,51199.219,51199.219,1GRFE ,0,Avail,Incmpl,Incmpl,Enable,0,OFF,OFF,OFF,OFF,ON,ON,Avail,Compl,Enable,Compl,CL,CL,Compl,Unable,Not Avl,Compl,Incmpl,Enable,OFF,0,15,306,ON,81.250,20,0.113,2512,16,21,-3,OFF,1.562,5.469,4.010,OFF,0,0,80,Avail,Compl,Enable,0,GRN2#  ,ON,0,ACTIVE,ACTIVE,0.981,0.962,0.835,0.855,376.742,306.387,Avail,Compl,Avail,Incmpl,Incmpl,Enable,OBD II (California ARB),OFF,OFF,0,0,0,1st,OFF,OFF,OFF,OFF,OFF,OFF,-0.781,-1.562,ON,OFF,700,0,OFF,OFF,OFF,ON,Gasoline,0.977,OFF,OFF,0.684,ON,0.312,15.686,10,0,0.781,0.781,2.363,0.781,0.918,2.031,47.451,0.392,15.686,40,0,0,OFF,ECT 5th,NA,OFF,97.900,97.900,13.725,0,Not Avl,0,0,0,0,ON,ON,0,0,1
189,0,13.701,Not Avl,Compl,Compl,Unable,OFF,Not Avl,Compl,Compl,Unable,OFF,53.125,40.625,36.250,37.500,19.531,39.551,15.686,31.765,0.781,1.582,ON,0,OFF,ON,ON,1.000,1.000,0,0.004,3.288,3.298,1,97,51199.219,13.417,25.490,OFF,OFF,OFF,OFF,OFF,OFF,OFF,Avail,Incmpl,Incmpl,Enable,Avail,142.900,51.200,142.900,51.200,ON,Avail,Compl,Enable,80,0,0,0,0,0,0,6,A,0,0,Avail,Incmpl,Incmpl,Enable,OFF,OFF,50,705.250,51199.219,51199.219,51199.219,51199.219,51199.219,51199.219,1GRFE ,0,Avail,Incmpl,Incmpl,Enable,0,OFF,OFF,OFF,OFF,ON,ON,Avail,Compl,Enable,Compl,CL,CL,Compl,Unable,Not Avl,Compl,Incmpl,Enable,OFF,0,15,306,ON,81.250,20,0.113,2512,16,21,-3,OFF,1.562,5.469,4.010,OFF,0,0,80,Avail,Compl,Enable,0,GRN2#  ,ON,0,ACTIVE,ACTIVE,0.981,0.962,0.835,0.855,376.742,306.387,Avail,Compl,Avail,Incmpl,Incmpl,Enable,OBD II (California ARB),OFF,OFF,0,0,0,1st,OFF,OFF,OFF,OFF,OFF,OFF,-0.781,-1.562,ON,OFF,700,0,OFF,OFF,OFF,ON,Gasoline,0.977,OFF,OFF,0.684,ON,0.312,15.686,10,0,0.781,0.781,2.363,0.781,0.918,2.031,47.451,0.392,15.686,40,0,0,OFF,ECT 5th,NA,OFF,97.900,97.900,13.725,0,Not Avl,0,0,0,0,ON,ON,0,0,1
190,0,13.701,Not Avl,Compl,Compl,Unable,OFF,Not Avl,Compl,Compl,Unable,OFF,53.125,40.625,36.250,37.500,19.531,39.551,15.686,31.765,0.781,1.582,ON,0,OFF,ON,ON,1.000,1.000,0,0.004,3.288,3.298,1,97,51199.219,13.417,25.490,OFF,OFF,OFF,OFF,OFF,OFF,OFF,Avail,Incmpl,Incmpl,Enable,Avail,142.900,51.200,142.900,51.200,ON,Avail,Compl,Enable,80,0,0,0,0,0,0,6,A,0,0,Avail,Incmpl,Incmpl,Enable,OFF,OFF,50,705.250,51199.219,51199.219,51199.219,51199.219,51199.219,51199.219,1GRFE ,0,Avail,Incmpl,Incmpl,Enable,0,OFF,OFF,OFF,OFF,ON,ON,Avail,Compl,Enable,Compl,CL,CL,Compl,Unable,Not Avl,Compl,Incmpl,Enable,OFF,0,15,306,ON,81.250,20,0.113,2512,16,21,-3,OFF,1.562,5.469,4.010,OFF,0,0,80,Avail,Compl,Enable,0,GRN2#  ,ON,0,ACTIVE,ACTIVE,0.981,0.962,0.835,0.855,376.742,306.387,Avail,Compl,Avail,Incmpl,Incmpl,Enable,OBD II (California ARB),OFF,OFF,0,0,0,1st,OFF,OFF,OFF,OFF,OFF,OFF,-0.781,-1.562,ON,OFF,700,0,OFF,OFF,OFF,ON,Gasoline,0.977,OFF,OFF,0.684,ON,0.312,15.686,10,0,0.781,0.781,2.363,0.781,0.918,2.031,47.451,0.392,15.686,40,0,0,OFF,ECT 5th,NA,OFF,97.900,97.900,13.725,0,Not Avl,0,0,0,0,ON,ON,0,0,1
191,0,13.701,Not Avl,Compl,Compl,Unable,OFF,Not Avl,Compl,Compl,Unable,OFF,53.125,40.625,36.250,37.500,19.531,39.551,15.686,31.765,0.781,1.582,ON,0,OFF,ON,ON,1.000,1.000,0,0.004,3.288,3.298,1,97,51199.219,13.417,25.490,OFF,OFF,OFF,OFF,OFF,OFF,OFF,Avail,Incmpl,Incmpl,Enable,Avail,142.900,51.200,142.900,51.200,ON,Avail,Compl,Enable,80,0,0,0,0,0,0,6,A,0,0,Avail,Incmpl,Incmpl,Enable,OFF,OFF,50,705.250,51199.219,51199.219,51199.219,51199.219,51199.219,51199.219,1GRFE ,0,Avail,Incmpl,Incmpl,Enable,0,OFF,OFF,OFF,OFF,ON,ON,Avail,Compl,Enable,Compl,CL,CL,Compl,Unable,Not Avl,Compl,Incmpl,Enable,OFF,0,15,306,ON,81.250,20,0.113,2512,16,21,-3,OFF,1.562,5.469,4.010,OFF,0,0,80,Avail,Compl,Enable,0,GRN2#  ,ON,0,ACTIVE,ACTIVE,0.981,0.962,0.835,0.855,376.742,306.387,Avail,Compl,Avail,Incmpl,Incmpl,Enable,OBD II (California ARB),OFF,OFF,0,0,0,1st,OFF,OFF,OFF,OFF,OFF,OFF,-0.781,-1.562,ON,OFF,700,0,OFF,OFF,OFF,ON,Gasoline,0.977,OFF,OFF,0.684,ON,0.312,15.686,10,0,0.781,0.781,2.363,0.781,0.918,2.031,47.451,0.392,15.686,40,0,0,OFF,ECT 5th,NA,OFF,97.900,97.900,13.725,0,Not Avl,0,0,0,0,ON,ON,0,0,1
192,0,13.701,Not Avl,Compl,Compl,Unable,OFF,Not Avl,Compl,Compl,Unable,OFF,53.125,40.625,36.250,37.500,19.531,39.551,15.686,31.765,0.781,1.582,ON,0,OFF,ON,ON,1.000,1.000,0,0.004,3.288,3.298,1,97,51199.219,13.417,25.490,OFF,OFF,OFF,OFF,OFF,OFF,OFF,Avail,Incmpl,Incmpl,Enable,Avail,142.900,51.200,142.900,51.200,ON,Avail,Compl,Enable,80,0,0,0,0,0,0,6,A,0,0,Avail,Incmpl,Incmpl,Enable,OFF,OFF,50,705.250,51199.219,51199.219,51199.219,51199.219,51199.219,51199.219,1GRFE ,0,Avail,Incmpl,Incmpl,Enable,0,OFF,OFF,OFF,OFF,ON,ON,Avail,Compl,Enable,Compl,CL,CL,Compl,Unable,Not Avl,Compl,Incmpl,Enable,OFF,0,15,306,ON,81.250,20,0.113,2512,16,21,-3,OFF,1.562,5.469,4.010,OFF,0,0,80,Avail,Compl,Enable,0,GRN2#  ,ON,0,ACTIVE,ACTIVE,0.981,0.962,0.835,0.855,376.742,306.387,Avail,Compl,Avail,Incmpl,Incmpl,Enable,OBD II (California ARB),OFF,OFF,0,0,0,1st,OFF,OFF,OFF,OFF,OFF,OFF,-0.781,-1.562,ON,OFF,700,0,OFF,OFF,OFF,ON,Gasoline,0.977,OFF,OFF,0.684,ON,0.312,15.686,10,0,0.781,0.781,2.363,0.781,0.918,2.031,47.451,0.392,15.686,40,0,0,OFF,ECT 5th,NA,OFF,97.900,97.900,13.725,0,Not Avl,0,0,0,0,ON,ON,0,0,1
193,0,13.701,Not Avl,Compl,Compl,Unable,OFF,Not Avl,Compl,Compl,Unable,OFF,53.125,40.625,36.250,37.500,19.531,39.551,15.686,31.765,0.781,1.582,ON,0,OFF,ON,ON,1.000,1.000,0,0.004,3.288,3.298,1,97,51199.219,13.417,25.490,OFF,OFF,OFF,OFF,OFF,OFF,OFF,Avail,Incmpl,Incmpl,Enable,Avail,142.900,51.200,142.900,51.200,ON,Avail,Compl,Enable,80,0,0,0,0,0,0,6,A,0,0,Avail,Incmpl,Incmpl,Enable,OFF,OFF,50,705.250,51199.219,51199.219,51199.219,51199.219,51199.219,51199.219,1GRFE ,0,Avail,Incmpl,Incmpl,Enable,0,OFF,OFF,OFF,OFF,ON,ON,Avail,Compl,Enable,Compl,CL,CL,Compl,Unable,Not Avl,Compl,Incmpl,Enable,OFF,0,15,306,ON,81.250,20,0.113,2512,16,21,-3,OFF,1.562,5.469,4.010,OFF,0,0,80,Avail,Compl,Enable,0,GRN2#  ,ON,0,ACTIVE,ACTIVE,0.981,0.962,0.835,0.855,376.742,306.387,Avail,Compl,Avail,Incmpl,Incmpl,Enable,OBD II (California ARB),OFF,OFF,0,0,0,1st,OFF,OFF,OFF,OFF,OFF,OFF,-0.781,-1.562,ON,OFF,700,0,OFF,OFF,OFF,ON,Gasoline,0.977,OFF,OFF,0.684,ON,0.312,15.686,10,0,0.781,0.781,2.363,0.781,0.918,2.031,47.451,0.392,15.686,40,0,0,OFF,ECT 5th,NA,OFF,97.900,97.900,13.725,0,Not Avl,0,0,0,0,ON,ON,0,0,1
194,0,13.701,Not Avl,Compl,Compl,Unable,OFF,Not Avl,Compl,Compl,Unable,OFF,53.125,40.625,36.250,37.500,19.531,39.551,15.686,31.765,0.781,1.582,ON,0,OFF,ON,ON,1.000,1.000,0,0.004,3.288,3.298,1,97,51199.219,13.417,25.490,OFF,OFF,OFF,OFF,OFF,OFF,OFF,Avail,Incmpl,Incmpl,Enable,Avail,142.900,51.200,142.900,51.200,ON,Avail,Compl,Enable,80,0,0,0,0,0,0,6,A,0,0,Avail,Incmpl,Incmpl,Enable,OFF,OFF,50,705.250,51199.219,51199.219,51199.219,51199.219,51199.219,51199.219,1GRFE ,0,Avail,Incmpl,Incmpl,Enable,0,OFF,OFF,OFF,OFF,ON,ON,Avail,Compl,Enable,Compl,CL,CL,Compl,Unable,Not Avl,Compl,Incmpl,Enable,OFF,0,15,306,ON,81.250,20,0.113,2512,16,21,-3,OFF,1.562,5.469,4.010,OFF,0,0,80,Avail,Compl,Enable,0,GRN2#  ,ON,0,ACTIVE,ACTIVE,0.981,0.962,0.835,0.855,376.742,306.387,Avail,Compl,Avail,Incmpl,Incmpl,Enable,OBD II (California ARB),OFF,OFF,0,0,0,1st,OFF,OFF,OFF,OFF,OFF,OFF,-0.781,-1.562,ON,OFF,700,0,OFF,OFF,OFF,ON,Gasoline,0.977,OFF,OFF,0.684,ON,0.312,15.686,10,0,0.781,0.781,2.363,0.781,0.918,2.031,47.451,0.392,15.686,40,0,0,OFF,ECT 5th,NA,OFF,97.900,97.900,13.725,0,Not Avl,0,0,0,0,ON,ON,0,0,1
195,0,13.701,Not Avl,Compl,Compl,Unable,OFF,Not Avl,Compl,Compl,Unable,OFF,53.125,40.625,36.250,37.500,19.531,39.551,15.686,31.765,0.781,1.582,ON,0,OFF,ON,ON,1.000,1.000,0,0.004,3.288,3.298,1,97,51199.219,13.417,25.490,OFF,OFF,OFF,OFF,OFF,OFF,OFF,Avail,Incmpl,Incmpl,Enable,Avail,142.900,51.200,142.900,51.200,ON,Avail,Compl,Enable,80,0,0,0,0,0,0,6,A,0,0,Avail,Incmpl,Incmpl,Enable,OFF,OFF,50,705.250,51199.219,51199.219,51199.219,51199.219,51199.219,51199.219,1GRFE ,0,Avail,Incmpl,Incmpl,Enable,0,OFF,OFF,OFF,OFF,ON,ON,Avail,Compl,Enable,Compl,CL,CL,Compl,Unable,Not Avl,Compl,Incmpl,Enable,OFF,0,15,306,ON,81.250,20,0.113,2512,16,21,-3,OFF,1.562,5.469,4.010,OFF,0,0,80,Avail,Compl,Enable,0,GRN2#  ,ON,0,ACTIVE,ACTIVE,0.981,0.962,0.835,0.855,376.742,306.387,Avail,Compl,Avail,Incmpl,Incmpl,Enable,OBD II (California ARB),OFF,OFF,0,0,0,1st,OFF,OFF,OFF,OFF,OFF,OFF,-0.781,-1.562,ON,OFF,700,0,OFF,OFF,OFF,ON,Gasoline,0.977,OFF,OFF,0.684,ON,0.312,15.686,10,0,0.781,0.781,2.363,0.781,0.918,2.031,47.451,0.392,15.686,40,0,0,OFF,ECT 5th,NA,OFF,97.900,97.900,13.725,0,Not Avl,0,0,0,0,ON,ON,0,0,1
196,0,13.701,Not Avl,Compl,Compl,Unable,OFF,Not Avl,Compl,Compl,Unable,OFF,53.125,40.625,36.250,37.500,19.531,39.551,15.686,31.765,0.781,1.582,ON,0,OFF,ON,ON,1.000,1.000,0,0.004,3.288,3.298,1,97,51199.219,13.417,25.490,OFF,OFF,OFF,OFF,OFF,OFF,OFF,Avail,Incmpl,Incmpl,Enable,Avail,142.900,51.200,142.900,51.200,ON,Avail,Compl,Enable,80,0,0,0,0,0,0,6,A,0,0,Avail,Incmpl,Incmpl,Enable,OFF,OFF,50,705.250,51199.219,51199.219,51199.219,51199.219,51199.219,51199.219,1GRFE ,0,Avail,Incmpl,Incmpl,Enable,0,OFF,OFF,OFF,OFF,ON,ON,Avail,Compl,Enable,Compl,CL,CL,Compl,Unable,Not Avl,Compl,Incmpl,Enable,OFF,0,15,306,ON,81.250,20,0.113,2512,16,21,-3,OFF,1.562,5.469,4.010,OFF,0,0,80,Avail,Compl,Enable,0,GRN2#  ,ON,0,ACTIVE,ACTIVE,0.981,0.962,0.835,0.855,376.742,306.387,Avail,Compl,Avail,Incmpl,Incmpl,Enable,OBD II (California ARB),OFF,OFF,0,0,0,1st,OFF,OFF,OFF,OFF,OFF,OFF,-0.781,-1.562,ON,OFF,700,0,OFF,OFF,OFF,ON,Gasoline,0.977,OFF,OFF,0.684,ON,0.312,15.686,10,0,0.781,0.781,2.363,0.781,0.918,2.031,47.451,0.392,15.686,40,0,0,OFF,ECT 5th,NA,OFF,97.900,97.900,13.725,0,Not Avl,0,0,0,0,ON,ON,0,0,1
197,0,13.701,Not Avl,Compl,Compl,Unable,OFF,Not Avl,Compl,Compl,Unable,OFF,53.125,40.625,36.250,37.500,19.531,39.551,15.686,31.765,0.781,1.582,ON,0,OFF,ON,ON,1.000,1.000,0,0.004,3.288,3.298,1,97,51199.219,13.417,25.490,OFF,OFF,OFF,OFF,OFF,OFF,OFF,Avail,Incmpl,Incmpl,Enable,Avail,142.900,51.200,142.900,51.200,ON,Avail,Compl,Enable,80,0,0,0,0,0,0,6,A,0,0,Avail,Incmpl,Incmpl,Enable,OFF,OFF,50,705.250,51199.219,51199.219,51199.219,51199.219,51199.219,51199.219,1GRFE ,0,Avail,Incmpl,Incmpl,Enable,0,OFF,OFF,OFF,OFF,ON,ON,Avail,Compl,Enable,Compl,CL,CL,Compl,Unable,Not Avl,Compl,Incmpl,Enable,OFF,0,15,306,ON,81.250,20,0.113,2512,16,21,-3,OFF,1.562,5.469,4.010,OFF,0,0,80,Avail,Compl,Enable,0,GRN2#  ,ON,0,ACTIVE,ACTIVE,0.981,0.962,0.835,0.855,376.742,306.387,Avail,Compl,Avail,Incmpl,Incmpl,Enable,OBD II (California ARB),OFF,OFF,0,0,0,1st,OFF,OFF,OFF,OFF,OFF,OFF,-0.781,-1.562,ON,OFF,700,0,OFF,OFF,OFF,ON,Gasoline,0.977,OFF,OFF,0.684,ON,0.312,15.686,10,0,0.781,0.781,2.363,0.781,0.918,2.031,47.451,0.392,15.686,40,0,0,OFF,ECT 5th,NA,OFF,97.900,97.900,13.725,0,Not Avl,0,0,0,0,ON,ON,0,0,1
198,0,13.701,Not Avl,Compl,Compl,Unable,OFF,Not Avl,Compl,Compl,Unable,OFF,53.125,40.625,36.250,37.500,19.531,39.551,15.686,31.765,0.781,1.582,ON,0,OFF,ON,ON,1.000,1.000,0,0.004,3.288,3.298,1,97,51199.219,13.417,25.490,OFF,OFF,OFF,OFF,OFF,OFF,OFF,Avail,Incmpl,Incmpl,Enable,Avail,142.900,51.200,142.900,51.200,ON,Avail,Compl,Enable,80,0,0,0,0,0,0,6,A,0,0,Avail,Incmpl,Incmpl,Enable,OFF,OFF,50,705.250,51199.219,51199.219,51199.219,51199.219,51199.219,51199.219,1GRFE ,0,Avail,Incmpl,Incmpl,Enable,0,OFF,OFF,OFF,OFF,ON,ON,Avail,Compl,Enable,Compl,CL,CL,Compl,Unable,Not Avl,Compl,Incmpl,Enable,OFF,0,15,306,ON,81.250,20,0.113,2512,16,21,-3,OFF,1.562,5.469,4.010,OFF,0,0,80,Avail,Compl,Enable,0,GRN2#  ,ON,0,ACTIVE,ACTIVE,0.981,0.962,0.835,0.855,376.742,306.387,Avail,Compl,Avail,Incmpl,Incmpl,Enable,OBD II (California ARB),OFF,OFF,0,0,0,1st,OFF,OFF,OFF,OFF,OFF,OFF,-0.781,-1.562,ON,OFF,700,0,OFF,OFF,OFF,ON,Gasoline,0.977,OFF,OFF,0.684,ON,0.312,15.686,10,0,0.781,0.781,2.363,0.781,0.918,2.031,47.451,0.392,15.686,40,0,0,OFF,ECT 5th,NA,OFF,97.900,97.900,13.725,0,Not Avl,0,0,0,0,ON,ON,0,0,1
199,0,13.701,Not Avl,Compl,Compl,Unable,OFF,Not Avl,Compl,Compl,Unable,OFF,53.125,40.625,36.250,37.500,19.531,39.551,15.686,31.765,0.781,1.582,ON,0,OFF,ON,ON,1.000,1.000,0,0.004,3.288,3.298,1,97,51199.219,13.417,25.490,OFF,OFF,OFF,OFF,OFF,OFF,OFF,Avail,Incmpl,Incmpl,Enable,Avail,142.900,51.200,142.900,51.200,ON,Avail,Compl,Enable,80,0,0,0,0,0,0,6,A,0,0,Avail,Incmpl,Incmpl,Enable,OFF,OFF,50,705.250,51199.219,51199.219,51199.219,51199.219,51199.219,51199.219,1GRFE ,0,Avail,Incmpl,Incmpl,Enable,0,OFF,OFF,OFF,OFF,ON,ON,Avail,Compl,Enable,Compl,CL,CL,Compl,Unable,Not Avl,Compl,Incmpl,Enable,OFF,0,15,306,ON,81.250,20,0.113,2512,16,21,-3,OFF,1.562,5.469,4.010,OFF,0,0,80,Avail,Compl,Enable,0,GRN2#  ,ON,0,ACTIVE,ACTIVE,0.981,0.962,0.835,0.855,376.742,306.387,Avail,Compl,Avail,Incmpl,Incmpl,Enable,OBD II (California ARB),OFF,OFF,0,0,0,1st,OFF,OFF,OFF,OFF,OFF,OFF,-0.781,-1.562,ON,OFF,700,0,OFF,OFF,OFF,ON,Gasoline,0.977,OFF,OFF,0.684,ON,0.312,15.686,10,0,0.781,0.781,2.363,0.781,0.918,2.031,47.451,0.392,15.686,40,0,0,OFF,ECT 5th,NA,OFF,97.900,97.900,13.725,0,Not Avl,0,0,0,0,ON,ON,0,0,1
200,0,13.760,Not Avl,Compl,Compl,Unable,OFF,Not Avl,Compl,Compl,Unable,OFF,46.875,40.625,36.250,37.500,19.531,39.551,20,35.686,0.996,1.777,OFF,7.123,OFF,ON,ON,1.003,1.000,0.020,0.008,3.332,3.313,1,97,51199.219,13.496,23.529,OFF,OFF,OFF,OFF,OFF,OFF,OFF,Avail,Incmpl,Incmpl,Enable,Avail,169.600,51.900,169.600,51.900,OFF,Avail,Compl,Enable,80,0,0,0,0,0,0,6,A,0,0,Avail,Incmpl,Incmpl,Enable,OFF,OFF,64,993.750,51199.219,51199.219,51199.219,51199.219,51199.219,51199.219,1GRFE ,0,Avail,Incmpl,Incmpl,Enable,0,OFF,OFF,OFF,OFF,ON,ON,Avail,Compl,Enable,Compl,CL,CL,Compl,Unable,Not Avl,Compl,Incmpl,Enable,OFF,0,22.500,0,ON,81.250,20,0.107,2468,16,21,-3,OFF,0,3.125,5.530,OFF,0,0,42,Avail,Compl,Enable,0,GRN2#  ,ON,0,ACTIVE,ACTIVE,0.981,0.962,0.800,0.800,317.086,256.133,Avail,Compl,Avail,Incmpl,Incmpl,Enable,OBD II (California ARB),OFF,OFF,0,0,0,1st,OFF,OFF,OFF,OFF,OFF,OFF,3.906,1.562,ON,OFF,950,0,OFF,OFF,OFF,ON,Gasoline,0.957,OFF,OFF,0.684,ON,0.703,15.686,11,0,0.781,0.781,2.363,0.781,0.918,2.031,47.451,0.392,15.686,40,0,0,OFF,ECT 5th,NA,OFF,97.900,97.900,13.725,0,Not Avl,0,0,0,0,ON,ON,0,0,1
201,0,13.770,Not Avl,Compl,Compl,Unable,OFF,Not Avl,Compl,Compl,Unable,OFF,42.969,40.625,36.250,37.500,19.531,39.551,20.392,36.078,1.016,1.797,OFF,7.996,OFF,ON,ON,1.000,1.000,0.012,0.012,3.318,3.318,1,97,51199.219,13.496,23.137,OFF,OFF,OFF,OFF,OFF,OFF,OFF,Avail,Incmpl,Incmpl,Enable,Avail,169.600,51.900,169.600,51.900,OFF,Avail,Compl,Enable,80,0,0,0,0,0,0,6,A,0,0,Avail,Incmpl,Incmpl,Enable,OFF,OFF,64,1001.500,51199.219,51199.219,51199.219,51199.219,51199.219,51199.219,1GRFE ,0,Avail,Incmpl,Incmpl,Enable,0,OFF,OFF,OFF,OFF,ON,ON,Avail,Compl,Enable,Compl,CL,CL,Compl,Unable,Not Avl,Compl,Incmpl,Enable,OFF,0,22.500,0,ON,81.250,20,0.107,2512,16,21,-3,OFF,0,3.125,5.890,OFF,0,0,42,Avail,Compl,Enable,0,GRN2#  ,ON,0,ACTIVE,ACTIVE,0.977,0.957,0.800,0.800,313.520,255.160,Avail,Compl,Avail,Incmpl,Incmpl,Enable,OBD II (California ARB),OFF,OFF,0,0,0,1st,OFF,OFF,OFF,OFF,OFF,OFF,3.906,1.562,ON,OFF,950,0,OFF,OFF,OFF,ON,Gasoline,0.957,OFF,OFF,0.684,OFF,0.156,16.078,6,0,0.801,0.801,2.383,0.801,0.918,2.031,47.843,0.784,16.078,40,0,0,OFF,ECT 5th,NA,OFF,97.900,97.900,14.510,0,Not Avl,0,0,0,0,ON,ON,0,0,1
202,0,13.768,Not Avl,Compl,Compl,Unable,OFF,Not Avl,Compl,Compl,Unable,OFF,40.625,40.625,36.250,37.500,19.531,39.551,20.784,36.471,1.016,1.816,OFF,8.636,OFF,ON,ON,1.008,1.006,0.039,0.031,3.361,3.352,1,97,51199.219,13.496,24.314,OFF,OFF,OFF,OFF,OFF,OFF,OFF,Avail,Incmpl,Incmpl,Enable,Avail,169.600,51.900,169.600,51.900,OFF,Avail,Compl,Enable,80,0,0,0,0,0,0,6,A,0,0,Avail,Incmpl,Incmpl,Enable,OFF,OFF,65,1028.750,51199.219,51199.219,51199.219,51199.219,51199.219,51199.219,1GRFE ,0,Avail,Incmpl,Incmpl,Enable,0,OFF,OFF,OFF,OFF,ON,ON,Avail,Compl,Enable,Compl,CL,CL,Compl,Unable,Not Avl,Compl,Incmpl,Enable,OFF,0,23,0,ON,81.250,20,0.110,2606,16,21,-3,OFF,0,3.125,6.310,OFF,0,0,42,Avail,Compl,Enable,0,GRN2#  ,ON,0,ACTIVE,ACTIVE,0.981,0.962,0.800,0.800,309.953,253.539,Avail,Compl,Avail,Incmpl,Incmpl,Enable,OBD II (California ARB),OFF,OFF,0,0,0,1st,OFF,OFF,OFF,OFF,OFF,OFF,4.688,2.344,ON,OFF,1000,0,OFF,OFF,OFF,ON,Gasoline,0.958,OFF,OFF,0.684,OFF,0.156,16.078,5,0,0.801,0.801,2.383,0.801,0.918,2.031,47.843,0.784,16.078,40,0,0,OFF,ECT 5th,NA,OFF,97.900,97.900,15.294,0,Not Avl,0,0,0,0,ON,ON,0,0,1
203,0,13.788,Not Avl,Compl,Compl,Unable,OFF,Not Avl,Compl,Compl,Unable,OFF,40.625,40.625,36.250,37.500,19.531,39.551,20.784,36.863,1.035,1.836,OFF,9.497,OFF,ON,ON,1.017,1.021,0.062,0.078,3.401,3.425,1,97,51199.219,13.496,25.098,OFF,OFF,OFF,OFF,OFF,OFF,OFF,Avail,Incmpl,Incmpl,Enable,Avail,172,52,172,52,OFF,Avail,Compl,Enable,80,0,0,0,0,0,0,6,A,0,0,Avail,Incmpl,Incmpl,Enable,OFF,OFF,65,1093.750,51199.219,51199.219,51199.219,51199.219,51199.219,51199.219,1GRFE ,0,Avail,Incmpl,Incmpl,Enable,0,OFF,OFF,OFF,OFF,ON,ON,Avail,Compl,Enable,Compl,CL,CL,Compl,Unable,Not Avl,Compl,Incmpl,Enable,OFF,0,25,0,ON,81.250,20,0.110,2703,16,21,-3,OFF,0,3.125,7,OFF,0,0,29,Avail,Compl,Enable,0,GRN2#  ,ON,0,ACTIVE,ACTIVE,0.981,0.962,0.800,0.800,309.953,250.621,Avail,Compl,Avail,Incmpl,Incmpl,Enable,OBD II (California ARB),OFF,OFF,0,0,0,1st,OFF,OFF,OFF,OFF,OFF,OFF,5.469,3.906,ON,OFF,1050,0,OFF,OFF,OFF,ON,Gasoline,0.952,OFF,OFF,0.684,OFF,0.156,16.471,5,0,0.820,0.820,2.402,0.820,0.918,2.031,48.235,1.176,16.471,40,0,0,OFF,ECT 5th,NA,OFF,97.900,97.900,16.078,0,Not Avl,0,0,0,0,ON,ON,0,0,1
204,0,13.794,Not Avl,Compl,Compl,Unable,OFF,Not Avl,Compl,Compl,Unable,OFF,40.625,40.625,36.250,37.500,19.531,39.551,21.176,36.863,1.055,1.836,OFF,9.717,OFF,ON,ON,1.005,1.030,0.020,0.094,3.332,3.449,1,97,51199.219,13.515,25.490,OFF,OFF,OFF,OFF,OFF,OFF,OFF,Avail,Incmpl,Incmpl,Enable,Avail,172,52,172,52,OFF,Avail,Compl,Enable,80,0,0,0,0,0,0,6,A,0,0,Avail,Incmpl,Incmpl,Enable,OFF,OFF,65,1178.750,51199.219,51199.219,51199.219,51199.219,51199.219,51199.219,1GRFE ,0,Avail,Incmpl,Incmpl,Enable,0,OFF,OFF,OFF,OFF,ON,ON,Avail,Compl,Enable,Compl,CL,CL,Compl,Unable,Not Avl,Compl,Incmpl,Enable,OFF,0,26.500,0,ON,81.250,20,0.110,2667,16,21,-3,OFF,0,3.125,7.100,OFF,0,0,29,Avail,Compl,Enable,0,GRN2#  ,ON,0,ACTIVE,ACTIVE,0.981,0.957,0.800,0.800,306.711,248.352,Avail,Compl,Avail,Incmpl,Incmpl,Enable,OBD II (California ARB),OFF,OFF,0,0,0,1st,OFF,OFF,OFF,OFF,OFF,OFF,5.469,5.469,ON,OFF,1150,0,OFF,OFF,OFF,ON,Gasoline,0.942,OFF,OFF,0.684,OFF,0.078,16.471,6,0,0.820,0.820,2.402,0.820,0.918,2.031,48.235,1.176,16.471,40,0,0,OFF,ECT 5th,NA,OFF,97.900,97.922,14.902,0,Not Avl,0,0,0,0,ON,ON,0,0,1
205,0,13.801,Not Avl,Compl,Compl,Unable,OFF,Not Avl,Compl,Compl,Unable,OFF,40.625,40.625,36.250,37.500,19.531,39.551,21.176,36.863,1.055,1.836,OFF,9.717,OFF,ON,ON,0.981,1.004,-0.066,0.012,3.191,3.322,1,97,51199.219,13.535,25.098,OFF,OFF,OFF,OFF,OFF,OFF,OFF,Avail,Incmpl,Incmpl,Enable,Avail,172,52,172,52,OFF,Avail,Compl,Enable,80,0,0,0,0,0,0,6,A,0,0,Avail,Incmpl,Incmpl,Enable,OFF,OFF,66,1254.500,51199.219,51199.219,51199.219,51199.219,51199.219,51199.219,1GRFE ,0,Avail,Incmpl,Incmpl,Enable,0,OFF,OFF,OFF,OFF,ON,ON,Avail,Compl,Enable,Compl,CL,CL,Compl,Unable,Not Avl,Compl,Incmpl,Enable,OFF,0,27,0,ON,81.250,20,0.121,2548,16,21,-3,OFF,0,3.125,7.250,OFF,0,0,29,Avail,Compl,Enable,0,GRN2#  ,ON,0,ACTIVE,ACTIVE,0.981,0.962,0.800,0.780,305.090,246.730,Avail,Compl,Avail,Incmpl,Incmpl,Enable,OBD II (California ARB),OFF,OFF,0,0,0,1st,OFF,OFF,OFF,OFF,OFF,OFF,3.906,5.469,ON,OFF,1250,0,OFF,OFF,OFF,ON,Gasoline,0.944,OFF,OFF,0.684,OFF,0.312,16.471,8,0,0.820,0.820,2.402,0.820,0.918,2.031,48.235,1.176,16.471,40,0,0,OFF,ECT 5th,NA,OFF,97.900,97.900,14.510,0,Not Avl,0,0,0,0,ON,ON,0,0,1
206,0,13.807,Not Avl,Compl,Compl,Unable,OFF,Not Avl,Compl,Compl,Unable,OFF,50,50,36.250,37.500,19.531,39.551,21.176,36.863,1.055,1.836,OFF,9.937,OFF,ON,ON,0.980,0.964,-0.035,-0.109,3.210,3.103,1,97,51199.219,13.515,24.706,OFF,OFF,OFF,OFF,OFF,OFF,OFF,Avail,Incmpl,Incmpl,Enable,Avail,174.600,52.100,174.600,52.100,OFF,Avail,Compl,Enable,80,0,0,0,0,0,0,6,A,0,0,Avail,Incmpl,Incmpl,Enable,OFF,OFF,66,1296,51199.219,51199.219,51199.219,51199.219,51199.219,51199.219,1GRFE ,0,Avail,Incmpl,Incmpl,Enable,0,OFF,OFF,OFF,OFF,ON,ON,Avail,Compl,Enable,Compl,CL,CL,Compl,Unable,Not Avl,Compl,Incmpl,Enable,OFF,0,27.500,0,ON,81.250,20,0.121,2479,16,21,-3,OFF,0,3.125,7.400,OFF,0,0,37,Avail,Compl,Enable,0,GRN2#  ,ON,0,ACTIVE,ACTIVE,0.981,0.962,0.800,0.800,301.523,245.758,Avail,Compl,Avail,Incmpl,Incmpl,Enable,OBD II (California ARB),OFF,OFF,0,0,0,1st,OFF,OFF,OFF,OFF,OFF,OFF,3.125,2.344,ON,OFF,1250,0,OFF,OFF,OFF,ON,Gasoline,0.960,OFF,OFF,0.684,OFF,0.156,16.471,6,0,0.820,0.820,2.422,0.820,0.918,2.031,48.627,1.176,16.471,40,0,0,OFF,ECT 5th,NA,OFF,97.900,97.900,14.118,0,Not Avl,0,0,0,0,ON,ON,0,0,1
207,0,13.789,Not Avl,Compl,Compl,Unable,OFF,Not Avl,Compl,Compl,Unable,OFF,55.469,55.469,36.250,37.500,19.531,39.551,21.176,36.863,1.055,1.836,OFF,9.937,OFF,ON,ON,0.996,0.964,0,-0.109,3.298,3.122,1,97,51199.219,13.535,24.314,OFF,OFF,OFF,OFF,OFF,OFF,OFF,Avail,Incmpl,Incmpl,Enable,Avail,174.600,52.100,174.600,52.100,OFF,Avail,Compl,Enable,80,0,0,0,0,0,0,6,A,0,0,Avail,Incmpl,Incmpl,Enable,OFF,OFF,66,1319.500,51199.219,51199.219,51199.219,51199.219,51199.219,51199.219,1GRFE ,0,Avail,Incmpl,Incmpl,Enable,0,OFF,OFF,OFF,OFF,ON,ON,Avail,Compl,Enable,Compl,CL,CL,Compl,Unable,Not Avl,Compl,Incmpl,Enable,OFF,0,27.500,0,ON,81.250,20,0.112,2453,16,21,-3,OFF,0,3.125,7.320,OFF,0,0,37,Avail,Compl,Enable,0,GRN2#  ,ON,0,ACTIVE,ACTIVE,0.981,0.962,0.800,0.835,299.578,242.840,Avail,Compl,Avail,Incmpl,Incmpl,Enable,OBD II (California ARB),OFF,OFF,0,0,0,1st,OFF,OFF,OFF,OFF,OFF,OFF,3.125,0.781,ON,OFF,1300,0,OFF,OFF,OFF,ON,Gasoline,0.965,OFF,OFF,0.684,OFF,0.547,16.471,10,0,0.820,0.820,2.422,0.820,0.918,2.031,48.627,1.176,16.471,40,0,0,OFF,ECT 5th,NA,OFF,97.900,97.900,13.725,0,Not Avl,0,0,0,0,ON,ON,0,0,1
208,0,13.789,Not Avl,Compl,Compl,Unable,OFF,Not Avl,Compl,Compl,Unable,OFF,60.156,60.156,36.250,37.500,19.531,39.551,21.176,36.863,1.055,1.836,OFF,9.937,OFF,ON,ON,1.002,0.983,0.016,-0.039,3.327,3.230,1,97,51199.219,13.535,24.314,OFF,OFF,OFF,OFF,OFF,OFF,OFF,Avail,Incmpl,Incmpl,Enable,Avail,177.400,52.300,177.400,52.300,OFF,Avail,Compl,Enable,80,0,0,0,0,0,0,6,A,0,0,Avail,Incmpl,Incmpl,Enable,OFF,OFF,67,1314.750,51199.219,51199.219,51199.219,51199.219,51199.219,51199.219,1GRFE ,0,Avail,Incmpl,Incmpl,Enable,0,OFF,OFF,OFF,OFF,ON,ON,Avail,Compl,Enable,Compl,CL,CL,Compl,Unable,Not Avl,Compl,Incmpl,Enable,OFF,0,27.500,0,ON,81.250,20,0.112,2450,16,21,-3,OFF,0,3.125,7.350,OFF,0,0,37,Avail,Compl,Enable,0,GRN2#  ,ON,0,ACTIVE,ACTIVE,0.977,0.957,0.780,0.835,297.309,241.543,Avail,Compl,Avail,Incmpl,Incmpl,Enable,OBD II (California ARB),OFF,OFF,0,0,0,1st,OFF,OFF,OFF,OFF,OFF,OFF,3.125,0,ON,OFF,1300,0,OFF,OFF,OFF,ON,Gasoline,0.965,OFF,OFF,0.684,OFF,0.625,16.471,9,0,0.820,0.820,2.422,0.820,0.918,2.031,48.627,1.176,16.471,40,0,0,OFF,ECT 5th,NA,OFF,97.900,97.900,14.118,0,Not Avl,0,0,0,0,ON,ON,0,0,1
209,0,13.789,Not Avl,Compl,Compl,Unable,OFF,Not Avl,Compl,Compl,Unable,OFF,60.938,60.938,36.250,37.500,19.531,39.551,21.176,36.863,1.055,1.836,OFF,9.937,OFF,ON,ON,1.001,1.000,0.012,0.012,3.318,3.318,1,97,51199.219,13.515,24.314,OFF,OFF,OFF,OFF,OFF,OFF,OFF,Avail,Incmpl,Incmpl,Enable,Avail,177.400,52.300,177.400,52.300,OFF,Avail,Compl,Enable,80,0,0,0,0,0,0,6,A,0,0,Avail,Incmpl,Incmpl,Enable,OFF,OFF,67,1304.500,51199.219,51199.219,51199.219,51199.219,51199.219,51199.219,1GRFE ,0,Avail,Incmpl,Incmpl,Enable,0,OFF,OFF,OFF,OFF,ON,ON,Avail,Compl,Enable,Compl,CL,CL,Compl,Unable,Not Avl,Compl,Incmpl,Enable,OFF,0,27.500,0,ON,81.250,20,0.108,2453,16,21,-3,OFF,0,3.125,7.320,OFF,0,0,59,Avail,Compl,Enable,0,GRN2#  ,ON,0,ACTIVE,ACTIVE,0.977,0.962,0.780,0.800,295.688,237.977,Avail,Compl,Avail,Incmpl,Incmpl,Enable,OBD II (California ARB),OFF,OFF,0,0,0,1st,OFF,OFF,OFF,OFF,OFF,OFF,3.125,0,ON,OFF,1250,0,OFF,OFF,OFF,ON,Gasoline,0.964,OFF,OFF,0.684,OFF,0.703,16.471,12,0,0.820,0.820,2.422,0.820,0.918,2.031,48.235,1.176,16.471,40,0,0,OFF,ECT 5th,NA,OFF,97.900,97.900,14.118,0,Not Avl,0,0,0,0,ON,ON,0,0,1
210,0,13.789,Not Avl,Compl,Compl,Unable,OFF,Not Avl,Compl,Compl,Unable,OFF,60.938,55.469,36.250,37.500,19.531,39.551,21.176,36.863,1.055,1.836,OFF,9.937,OFF,ON,ON,1.001,1.006,0.016,0.027,3.327,3.347,1,97,51199.219,13.535,24.314,OFF,OFF,OFF,OFF,OFF,OFF,OFF,Avail,Incmpl,Incmpl,Enable,Avail,177.400,52.300,177.400,52.300,OFF,Avail,Compl,Enable,80,0,0,0,0,0,0,6,A,0,0,Avail,Incmpl,Incmpl,Enable,OFF,OFF,68,1303,51199.219,51199.219,51199.219,51199.219,51199.219,51199.219,1GRFE ,0,Avail,Incmpl,Incmpl,Enable,0,OFF,OFF,OFF,OFF,ON,ON,Avail,Compl,Enable,Compl,CL,CL,Compl,Unable,Not Avl,Compl,Incmpl,Enable,OFF,0,27.500,0,ON,81.250,20,0.108,2468,16,21,-3,OFF,0,3.125,7.400,OFF,0,0,59,Avail,Compl,Enable,0,GRN2#  ,ON,0,ACTIVE,ACTIVE,0.977,0.957,0.780,0.800,293.418,236.680,Avail,Compl,Avail,Incmpl,Incmpl,Enable,OBD II (California ARB),OFF,OFF,0,0,0,1st,OFF,OFF,OFF,OFF,OFF,OFF,3.906,0.781,ON,OFF,1250,0,OFF,OFF,OFF,ON,Gasoline,0.962,OFF,OFF,0.684,OFF,0.781,16.471,12,0,0.820,0.820,2.422,0.820,0.918,2.031,48.235,1.176,16.471,40,0,0,OFF,ECT 5th,NA,OFF,97.900,97.900,14.118,0,Not Avl,0,0,0,0,ON,ON,0,0,1
211,0,13.789,Not Avl,Compl,Compl,Unable,OFF,Not Avl,Compl,Compl,Unable,OFF,60.938,44.531,36.250,37.500,19.531,39.551,21.176,36.863,1.055,1.836,OFF,9.937,OFF,ON,ON,1.001,0.999,0.012,0.008,3.322,3.313,1,97,51199.219,13.535,24.314,OFF,OFF,OFF,OFF,OFF,OFF,OFF,Avail,Incmpl,Incmpl,Enable,Avail,180.300,52.500,180.300,52.500,OFF,Avail,Compl,Enable,80,0,0,0,0,0,0,6,A,0,0,Avail,Incmpl,Incmpl,Enable,OFF,OFF,68,1310,51199.219,51199.219,51199.219,51199.219,51199.219,51199.219,1GRFE ,0,Avail,Incmpl,Incmpl,Enable,0,OFF,OFF,OFF,OFF,ON,ON,Avail,Compl,Enable,Compl,CL,CL,Compl,Unable,Not Avl,Compl,Incmpl,Enable,OFF,0,27.500,0,ON,81.250,20,0.108,2468,16,21,-3,OFF,0,3.125,7.340,OFF,0,0,33,Avail,Compl,Enable,0,GRN2#  ,ON,0,ACTIVE,ACTIVE,0.977,0.957,0.780,0.800,290.824,235.707,Avail,Compl,Avail,Incmpl,Incmpl,Enable,OBD II (California ARB),OFF,OFF,0,0,0,1st,OFF,OFF,OFF,OFF,OFF,OFF,3.906,0.781,ON,OFF,1300,0,OFF,OFF,OFF,ON,Gasoline,0.959,OFF,OFF,0.684,OFF,0.703,16.471,12,0,0.820,0.820,2.422,0.820,0.918,2.031,48.235,1.176,16.471,40,0,0,OFF,ECT 5th,NA,OFF,97.900,97.900,14.118,0,Not Avl,0,0,0,0,ON,ON,0,0,1
212,0,13.802,Not Avl,Compl,Compl,Unable,OFF,Not Avl,Compl,Compl,Unable,OFF,48.438,41.406,36.250,37.500,19.531,39.551,21.176,36.863,1.055,1.836,OFF,9.937,OFF,ON,ON,0.997,0.997,0.020,0.012,3.303,3.303,1,97,51199.219,13.535,24.314,OFF,OFF,OFF,OFF,OFF,OFF,OFF,Avail,Incmpl,Incmpl,Enable,Avail,180.300,52.500,180.300,52.500,OFF,Avail,Compl,Enable,80,0,0,0,0,0,0,6,A,0,0,Avail,Incmpl,Incmpl,Enable,OFF,OFF,69,1309.250,51199.219,51199.219,51199.219,51199.219,51199.219,51199.219,1GRFE ,0,Avail,Incmpl,Incmpl,Enable,0,OFF,OFF,OFF,OFF,ON,ON,Avail,Compl,Enable,Compl,CL,CL,Compl,Unable,Not Avl,Compl,Incmpl,Enable,OFF,0,27.500,0,ON,81.250,20,0.109,2457,16,21,-3,OFF,0,3.125,7.350,OFF,0,0,33,Avail,Compl,Enable,0,GRN2#  ,ON,0,ACTIVE,ACTIVE,0.977,0.962,0.780,0.800,288.555,231.168,Avail,Compl,Avail,Incmpl,Incmpl,Enable,OBD II (California ARB),OFF,OFF,0,0,0,1st,OFF,OFF,OFF,OFF,OFF,OFF,3.906,0.781,ON,OFF,1300,0,OFF,OFF,OFF,ON,Gasoline,0.959,OFF,OFF,0.684,OFF,0.625,16.471,11,0,0.820,0.820,2.422,0.820,0.918,2.031,48.627,1.176,16.471,40,0,0,OFF,ECT 5th,NA,OFF,97.900,97.900,14.118,0,Not Avl,0,0,0,0,ON,ON,0,0,1
213,0,13.770,Not Avl,Compl,Compl,Unable,OFF,Not Avl,Compl,Compl,Unable,OFF,42.188,40.625,36.250,37.500,19.531,39.551,20.784,36.471,1.035,1.836,OFF,9.296,OFF,ON,ON,0.999,0.999,0.008,0.008,3.313,3.313,1,97,51199.219,13.535,23.922,OFF,OFF,OFF,OFF,OFF,OFF,OFF,Avail,Incmpl,Incmpl,Enable,Avail,183.400,52.600,183.400,52.600,OFF,Avail,Compl,Enable,80,0,0,0,0,0,0,6,A,0,0,Avail,Incmpl,Incmpl,Enable,OFF,OFF,69,1313.250,51199.219,51199.219,51199.219,51199.219,51199.219,51199.219,1GRFE ,0,Avail,Incmpl,Incmpl,Enable,0,OFF,OFF,OFF,OFF,ON,ON,Avail,Compl,Enable,Compl,CL,CL,Compl,Unable,Not Avl,Compl,Incmpl,Enable,OFF,0,27.500,0,ON,81.250,20,0.109,2413,16,21,-3,OFF,0,3.125,7.040,OFF,0,0,49,Avail,Compl,Enable,0,GRN2#  ,ON,0,ACTIVE,ACTIVE,0.977,0.957,0.780,0.780,286.285,230.195,Avail,Compl,Avail,Incmpl,Incmpl,Enable,OBD II (California ARB),OFF,OFF,0,0,0,1st,OFF,OFF,OFF,OFF,OFF,OFF,3.906,0.781,ON,OFF,1300,0,OFF,OFF,OFF,ON,Gasoline,0.958,OFF,OFF,0.684,OFF,1.250,16.471,18,0,0.820,0.820,2.402,0.820,0.918,2.031,48.235,1.176,16.471,40,0,0,OFF,ECT 5th,NA,OFF,97.900,97.900,13.333,0,Not Avl,0,0,0,0,ON,ON,0,0,1
214,0,13.771,Not Avl,Compl,Compl,Unable,OFF,Not Avl,Compl,Compl,Unable,OFF,40.625,40.625,36.250,37.500,19.531,39.551,20.784,36.471,1.035,1.816,OFF,9.076,OFF,ON,ON,0.996,0.997,0,0,3.298,3.303,1,97,51199.219,13.535,23.529,OFF,OFF,OFF,OFF,OFF,OFF,OFF,Avail,Incmpl,Incmpl,Enable,Avail,183.400,52.600,183.400,52.600,OFF,Avail,Compl,Enable,80,0,0,0,0,0,0,6,A,0,0,Avail,Incmpl,Incmpl,Enable,OFF,OFF,69,1263.250,51199.219,51199.219,51199.219,51199.219,51199.219,51199.219,1GRFE ,0,Avail,Incmpl,Incmpl,Enable,0,OFF,OFF,OFF,OFF,ON,ON,Avail,Compl,Enable,Compl,CL,CL,Compl,Unable,Not Avl,Compl,Incmpl,Enable,OFF,0,27,0,ON,81.250,20,0.108,2381,16,21,-3,OFF,0,3.125,6.840,OFF,0,0,49,Avail,Compl,Enable,0,GRN2#  ,ON,0,ACTIVE,ACTIVE,0.977,0.957,0.800,0.780,284.016,227.926,Avail,Compl,Avail,Incmpl,Incmpl,Enable,OBD II (California ARB),OFF,OFF,0,0,0,1st,OFF,OFF,OFF,OFF,OFF,OFF,3.906,0,ON,OFF,1200,0,OFF,OFF,OFF,ON,Gasoline,0.960,OFF,OFF,0.684,OFF,1.094,16.471,18,0,0.820,0.820,2.402,0.820,0.918,2.031,48.235,1.176,16.471,40,0,0,OFF,ECT 5th,NA,OFF,97.900,97.900,13.333,0,Not Avl,0,0,0,0,ON,ON,0,0,1
215,0,13.788,Not Avl,Compl,Compl,Unable,OFF,Not Avl,Compl,Compl,Unable,OFF,40.625,40.625,36.250,37.500,19.531,39.551,20.784,36.471,1.035,1.816,OFF,9.076,OFF,ON,ON,0.995,0.999,-0.004,0.012,3.288,3.318,1,97,51199.219,13.535,23.922,OFF,OFF,OFF,OFF,OFF,OFF,OFF,Avail,Incmpl,Incmpl,Enable,Avail,186.600,52.800,186.600,52.800,OFF,Avail,Compl,Enable,80,0,0,0,0,0,0,6,A,0,0,Avail,Incmpl,Incmpl,Enable,OFF,OFF,70,1223.250,51199.219,51199.219,51199.219,51199.219,51199.219,51199.219,1GRFE ,0,Avail,Incmpl,Incmpl,Enable,0,OFF,OFF,OFF,OFF,ON,ON,Avail,Compl,Enable,Compl,CL,CL,Compl,Unable,Not Avl,Compl,Incmpl,Enable,OFF,0,27,0,ON,81.250,20,0.108,2413,16,21,-3,OFF,0,3.125,6.780,OFF,0,0,49,Avail,Compl,Enable,0,GRN2#  ,ON,0,ACTIVE,ACTIVE,0.977,0.957,0.800,0.780,281.098,226.305,Avail,Compl,Avail,Incmpl,Incmpl,Enable,OBD II (California ARB),OFF,OFF,0,0,0,1st,OFF,OFF,OFF,OFF,OFF,OFF,3.125,0,ON,OFF,1200,0,OFF,OFF,OFF,ON,Gasoline,0.963,OFF,OFF,0.684,OFF,1.016,16.471,17,0,0.820,0.820,2.402,0.820,0.918,2.031,48.235,1.176,16.471,40,0,0,OFF,ECT 5th,NA,OFF,97.900,97.900,13.725,0,Not Avl,0,0,0,0,ON,ON,0,0,1
216,0,13.788,Not Avl,Compl,Compl,Unable,OFF,Not Avl,Compl,Compl,Unable,OFF,40.625,46.094,36.250,37.500,19.531,39.551,20.784,36.471,1.035,1.816,OFF,9.076,OFF,ON,ON,0.994,1.008,-0.008,0.039,3.283,3.366,1,97,51199.219,13.535,23.922,OFF,OFF,OFF,OFF,OFF,OFF,OFF,Avail,Incmpl,Incmpl,Enable,Avail,186.600,52.800,186.600,52.800,OFF,Avail,Compl,Enable,80,0,0,0,0,0,0,6,A,0,0,Avail,Incmpl,Incmpl,Enable,OFF,OFF,70,1214,51199.219,51199.219,51199.219,51199.219,51199.219,51199.219,1GRFE ,0,Avail,Incmpl,Incmpl,Enable,0,OFF,OFF,OFF,OFF,ON,ON,Avail,Compl,Enable,Compl,CL,CL,Compl,Unable,Not Avl,Compl,Incmpl,Enable,OFF,0,27,0,ON,81.250,20,0.105,2439,16,21,-3,OFF,0,3.125,6.810,OFF,0,0,42,Avail,Compl,Enable,0,GRN2#  ,ON,0,ACTIVE,ACTIVE,0.977,0.957,0.800,0.780,279.477,223.711,Avail,Compl,Avail,Incmpl,Incmpl,Enable,OBD II (California ARB),OFF,OFF,0,0,0,1st,OFF,OFF,OFF,OFF,OFF,OFF,3.125,1.562,ON,OFF,1200,0,OFF,OFF,OFF,ON,Gasoline,0.965,OFF,OFF,0.684,OFF,1.016,16.471,16,0,0.820,0.820,2.402,0.820,0.918,2.031,48.235,1.176,16.471,40,0,0,OFF,ECT 5th,NA,OFF,97.900,97.900,14.118,0,Not Avl,0,0,0,0,ON,ON,0,0,1
217,0,13.788,Not Avl,Compl,Compl,Unable,OFF,Not Avl,Compl,Compl,Unable,OFF,50,42.188,36.250,37.500,19.531,39.551,20.784,36.471,1.035,1.816,OFF,9.076,OFF,ON,ON,0.999,1.007,0.004,0.035,3.308,3.357,1,97,51199.219,13.535,24.314,OFF,OFF,OFF,OFF,OFF,OFF,OFF,Avail,Incmpl,Incmpl,Enable,Avail,186.600,52.800,186.600,52.800,OFF,Avail,Compl,Enable,80,0,0,0,0,0,0,6,A,0,0,Avail,Incmpl,Incmpl,Enable,OFF,OFF,71,1212.500,51199.219,51199.219,51199.219,51199.219,51199.219,51199.219,1GRFE ,0,Avail,Incmpl,Incmpl,Enable,0,OFF,OFF,OFF,OFF,ON,ON,Avail,Compl,Enable,Compl,CL,CL,Compl,Unable,Not Avl,Compl,Incmpl,Enable,OFF,0,27,0,ON,81.250,20,0.105,2457,16,21,-3,OFF,0,3.125,6.840,OFF,0,0,42,Avail,Compl,Enable,0,GRN2#  ,ON,0,ACTIVE,ACTIVE,0.977,0.957,0.800,0.780,276.883,221.766,Avail,Compl,Avail,Incmpl,Incmpl,Enable,OBD II (California ARB),OFF,OFF,0,0,0,1st,OFF,OFF,OFF,OFF,OFF,OFF,3.125,1.562,ON,OFF,1200,0,OFF,OFF,OFF,ON,Gasoline,0.967,OFF,OFF,0.684,OFF,0.938,16.471,15,0,0.820,0.820,2.402,0.820,0.918,2.031,48.235,1.176,16.471,40,0,0,OFF,ECT 5th,NA,OFF,97.900,97.900,14.118,0,Not Avl,0,0,0,0,ON,ON,0,0,1
218,0,13.807,Not Avl,Compl,Compl,Unable,OFF,Not Avl,Compl,Compl,Unable,OFF,58.594,53.906,36.250,37.500,19.531,39.551,20.784,36.863,1.035,1.836,OFF,9.497,OFF,ON,ON,0.992,1.000,-0.012,0.008,3.279,3.313,1,97,51199.219,13.535,23.922,OFF,OFF,OFF,OFF,OFF,OFF,OFF,Avail,Incmpl,Incmpl,Enable,Avail,189.800,53,189.800,53,OFF,Avail,Compl,Enable,80,0,0,0,0,0,0,6,A,0,0,Avail,Incmpl,Incmpl,Enable,OFF,OFF,71,1227.250,51199.219,51199.219,51199.219,51199.219,51199.219,51199.219,1GRFE ,0,Avail,Incmpl,Incmpl,Enable,0,OFF,OFF,OFF,OFF,ON,ON,Avail,Compl,Enable,Compl,CL,CL,Compl,Unable,Not Avl,Compl,Incmpl,Enable,OFF,0,27,0,ON,81.250,20,0.108,2457,16,21,-3,OFF,0,3.125,6.980,OFF,0,0,17,Avail,Compl,Enable,0,GRN2#  ,ON,0,ACTIVE,ACTIVE,0.977,0.957,0.800,0.780,273.316,220.145,Avail,Compl,Avail,Incmpl,Incmpl,Enable,OBD II (California ARB),OFF,OFF,0,0,0,1st,OFF,OFF,OFF,OFF,OFF,OFF,2.344,2.344,ON,OFF,1200,0,OFF,OFF,OFF,ON,Gasoline,0.970,OFF,OFF,0.684,OFF,0.156,16.471,6,0,0.820,0.820,2.402,0.820,0.918,2.031,48.235,1.176,16.471,40,0,0,OFF,ECT 5th,NA,OFF,97.900,97.900,14.118,0,Not Avl,0,0,0,0,ON,ON,0,0,1
219,0,13.809,Not Avl,Compl,Compl,Unable,OFF,Not Avl,Compl,Compl,Unable,OFF,60.938,58.594,36.250,37.500,19.531,39.551,20.784,36.863,1.035,1.836,OFF,9.497,OFF,ON,ON,1.002,0.995,0.023,0,3.337,3.293,0,97,51199.219,13.535,24.314,OFF,OFF,OFF,OFF,OFF,OFF,OFF,Avail,Incmpl,Incmpl,Enable,Avail,189.800,53,189.800,53,OFF,Avail,Compl,Enable,80,0,0,0,0,0,0,6,A,0,0,Avail,Incmpl,Incmpl,Enable,OFF,OFF,72,1238.250,51199.219,51199.219,51199.219,51199.219,51199.219,51199.219,1GRFE ,0,Avail,Incmpl,Incmpl,Enable,0,OFF,OFF,OFF,OFF,ON,ON,Avail,Compl,Enable,Compl,CL,CL,Compl,Unable,Not Avl,Compl,Incmpl,Enable,OFF,0,27,0,ON,81.250,20,0.108,2486,16,21,-3,OFF,0,3.125,7.100,OFF,0,0,17,Avail,Compl,Enable,0,GRN2#  ,ON,0,ACTIVE,ACTIVE,0.977,0.957,0.800,0.780,272.992,218.848,Avail,Compl,Avail,Incmpl,Incmpl,Enable,OBD II (California ARB),OFF,OFF,0,0,0,1st,OFF,OFF,OFF,OFF,OFF,OFF,3.125,1.562,ON,OFF,1200,0,OFF,OFF,OFF,ON,Gasoline,0.973,OFF,OFF,0.684,OFF,0.391,16.471,8,0,0.820,0.820,2.402,0.820,0.918,2.031,48.235,1.176,16.471,40,0,0,OFF,ECT 5th,NA,OFF,97.900,97.900,14.510,0,Not Avl,0,0,0,0,ON,ON,0,0,1
220,0,13.809,Not Avl,Compl,Compl,Unable,OFF,Not Avl,Compl,Compl,Unable,OFF,60.938,60.156,36.250,37.500,19.531,39.551,20.784,36.863,1.035,1.836,OFF,9.497,OFF,ON,ON,0.998,0.998,0.004,0.004,3.308,3.308,0,97,51199.219,13.535,24.314,OFF,OFF,OFF,OFF,OFF,OFF,OFF,Avail,Incmpl,Incmpl,Enable,Avail,189.800,53,189.800,53,OFF,Avail,Compl,Enable,80,0,0,0,0,0,0,6,A,0,0,Avail,Incmpl,Incmpl,Enable,OFF,OFF,72,1253.750,51199.219,51199.219,51199.219,51199.219,51199.219,51199.219,1GRFE ,0,Avail,Incmpl,Incmpl,Enable,0,OFF,OFF,OFF,OFF,ON,ON,Avail,Compl,Enable,Compl,CL,CL,Compl,Unable,Not Avl,Compl,Incmpl,Enable,OFF,0,27,0,ON,81.250,20,0.110,2475,16,21,-3,OFF,0,3.125,7.150,OFF,0,0,17,Avail,Compl,Enable,0,GRN2#  ,ON,0,ACTIVE,ACTIVE,0.977,0.957,0.800,0.780,271.047,217.227,Avail,Compl,Avail,Incmpl,Incmpl,Enable,OBD II (California ARB),OFF,OFF,0,0,0,1st,OFF,OFF,OFF,OFF,OFF,OFF,3.125,1.562,ON,OFF,1200,0,OFF,OFF,OFF,ON,Gasoline,0.970,OFF,OFF,0.684,OFF,0.391,16.471,8,0,0.820,0.820,2.402,0.820,0.918,2.031,48.235,1.176,16.471,40,0,0,OFF,ECT 5th,NA,OFF,97.900,97.900,14.118,0,Not Avl,0,0,0,0,ON,ON,0,0,1
221,0,13.809,Not Avl,Compl,Compl,Unable,OFF,Not Avl,Compl,Compl,Unable,OFF,60.938,60.938,36.250,37.500,19.531,39.551,20.784,36.863,1.035,1.836,OFF,9.497,OFF,ON,ON,1.000,0.995,0.031,0.012,3.327,3.293,0,97,51199.219,13.535,24.314,OFF,OFF,OFF,OFF,OFF,OFF,OFF,Avail,Incmpl,Incmpl,Enable,Avail,193,53.200,193,53.200,OFF,Avail,Compl,Enable,80,0,0,0,0,0,0,6,A,0,0,Avail,Incmpl,Incmpl,Enable,OFF,OFF,72,1267.750,51199.219,51199.219,51199.219,51199.219,51199.219,51199.219,1GRFE ,0,Avail,Incmpl,Incmpl,Enable,0,OFF,OFF,OFF,OFF,ON,ON,Avail,Compl,Enable,Compl,CL,CL,Compl,Unable,Not Avl,Compl,Incmpl,Enable,OFF,0,27,0,ON,81.250,20,0.110,2453,16,21,-3,OFF,0,3.125,7.060,OFF,0,0,42,Avail,Compl,Enable,0,GRN2#  ,ON,0,ACTIVE,ACTIVE,0.977,0.957,0.800,0.780,269.750,215.281,Avail,Compl,Avail,Incmpl,Incmpl,Enable,OBD II (California ARB),OFF,OFF,0,0,0,1st,OFF,OFF,OFF,OFF,OFF,OFF,3.125,1.562,ON,OFF,1250,0,OFF,OFF,OFF,ON,Gasoline,0.969,OFF,OFF,0.684,OFF,0.391,16.471,7,0,0.820,0.820,2.402,0.820,0.918,2.031,48.235,1.176,16.471,40,0,0,OFF,ECT 5th,NA,OFF,97.900,97.900,13.725,0,Not Avl,0,0,0,0,ON,ON,0,0,1
222,0,13.774,Not Avl,Compl,Compl,Unable,OFF,Not Avl,Compl,Compl,Unable,OFF,55.469,55.469,36.250,37.500,19.531,39.551,20.392,36.471,1.035,1.816,OFF,8.856,OFF,ON,ON,1.001,0.992,0.020,-0.012,3.332,3.274,0,97,51199.219,13.535,23.922,OFF,OFF,OFF,OFF,OFF,OFF,OFF,Avail,Incmpl,Incmpl,Enable,Avail,193,53.200,193,53.200,OFF,Avail,Compl,Enable,80,0,0,0,0,0,0,6,A,0,0,Avail,Incmpl,Incmpl,Enable,OFF,OFF,73,1271,51199.219,51199.219,51199.219,51199.219,51199.219,51199.219,1GRFE ,0,Avail,Incmpl,Incmpl,Enable,0,OFF,OFF,OFF,OFF,ON,ON,Avail,Compl,Enable,Compl,CL,CL,Compl,Unable,Not Avl,Compl,Incmpl,Enable,OFF,0,27,0,ON,81.250,20,0.110,2403,16,21,-3,OFF,0,3.125,6.840,OFF,0,0,42,Avail,Compl,Enable,0,GRN2#  ,ON,0,ACTIVE,ACTIVE,0.981,0.957,0.800,0.780,269.102,213.984,Avail,Compl,Avail,Incmpl,Incmpl,Enable,OBD II (California ARB),OFF,OFF,0,0,0,1st,OFF,OFF,OFF,OFF,OFF,OFF,3.125,0.781,ON,OFF,1250,0,OFF,OFF,OFF,ON,Gasoline,0.967,OFF,OFF,0.684,OFF,1.250,16.078,22,0,0.801,0.820,2.402,0.801,0.918,2.031,48.235,0.784,16.078,40,0,0,OFF,ECT 5th,NA,OFF,97.900,97.900,13.333,0,Not Avl,0,0,0,0,ON,ON,0,0,1
223,0,13.770,Not Avl,Compl,Compl,Unable,OFF,Not Avl,Compl,Compl,Unable,OFF,46.094,46.094,36.250,37.500,19.531,39.551,19.608,35.294,0.996,1.777,OFF,7.123,OFF,ON,ON,0.996,0.987,0,-0.031,3.298,3.244,0,97,51199.219,13.535,22.745,OFF,OFF,OFF,OFF,OFF,OFF,OFF,Avail,Incmpl,Incmpl,Enable,Avail,196.300,53.400,196.300,53.400,OFF,Avail,Compl,Enable,80,0,0,0,0,0,0,6,A,0,0,Avail,Incmpl,Incmpl,Enable,OFF,OFF,73,1242,51199.219,51199.219,51199.219,51199.219,51199.219,51199.219,1GRFE ,0,Avail,Incmpl,Incmpl,Enable,0,OFF,OFF,OFF,OFF,ON,ON,Avail,Compl,Enable,Compl,CL,CL,Compl,Unable,Not Avl,Compl,Incmpl,Enable,OFF,0,27,0,ON,81.250,20,0.107,2250,16,21,-3,OFF,0,3.125,5.870,OFF,0,0,45,Avail,Compl,Enable,0,GRN2#  ,ON,0,ACTIVE,ACTIVE,0.977,0.957,0.800,0.780,266.508,212.363,Avail,Compl,Avail,Incmpl,Incmpl,Enable,OBD II (California ARB),OFF,OFF,0,0,0,1st,OFF,OFF,OFF,OFF,OFF,OFF,3.125,0,ON,OFF,1200,0,OFF,OFF,OFF,ON,Gasoline,0.962,OFF,OFF,0.684,OFF,1.406,15.686,22,0,0.781,0.781,2.363,0.781,0.918,2.031,47.451,0.392,15.686,40,0,0,OFF,ECT 5th,NA,OFF,97.900,97.900,11.765,0,Not Avl,0,0,0,0,ON,ON,0,0,1
224,0,13.750,Not Avl,Compl,Compl,Unable,OFF,Not Avl,Compl,Compl,Unable,OFF,42.188,42.188,36.250,37.500,19.531,39.551,18.824,34.510,0.938,1.719,OFF,4.749,OFF,ON,ON,0.975,0.984,-0.059,-0.027,3.176,3.225,0,97,51199.219,13.535,21.176,OFF,OFF,OFF,OFF,OFF,OFF,OFF,Avail,Incmpl,Incmpl,Enable,Avail,196.300,53.400,196.300,53.400,ON,Avail,Compl,Enable,80,0,0,0,0,0,0,6,A,0,0,Avail,Incmpl,Incmpl,Enable,OFF,OFF,73,1149,51199.219,51199.219,51199.219,51199.219,51199.219,51199.219,1GRFE ,0,Avail,Incmpl,Incmpl,Enable,0,OFF,OFF,OFF,OFF,ON,ON,Avail,Compl,Enable,Compl,CL,CL,Compl,Unable,Not Avl,Compl,Incmpl,Enable,OFF,0,26,125,ON,81.250,20,0.107,2030,16,21,-3,OFF,0,3.125,4.850,OFF,0,0,45,Avail,Compl,Enable,0,GRN2#  ,ON,0,ACTIVE,ACTIVE,0.977,0.957,0.780,0.780,264.562,211.391,Avail,Compl,Avail,Incmpl,Incmpl,Enable,OBD II (California ARB),OFF,OFF,0,0,0,1st,OFF,OFF,OFF,OFF,OFF,OFF,1.562,-0.781,ON,OFF,1100,0,OFF,OFF,OFF,ON,Gasoline,0.967,OFF,OFF,0.684,OFF,1.406,15.294,24,0,0.762,0.762,2.344,0.762,0.918,2.031,46.667,0,15.294,40,0,0,OFF,ECT 5th,NA,OFF,97.900,97.900,10.588,0,Not Avl,0,0,0,0,ON,ON,0,0,1
225,0,13.770,Not Avl,Compl,Compl,Unable,OFF,Not Avl,Compl,Compl,Unable,OFF,40.625,40.625,36.875,37.500,19.531,39.551,16.863,32.941,0.859,1.641,OFF,1.294,OFF,ON,ON,0.960,0.983,-0.125,-0.043,3.093,3.225,0,97,51199.219,13.515,20.392,OFF,OFF,OFF,OFF,OFF,OFF,OFF,Avail,Incmpl,Incmpl,Enable,Avail,196.300,53.400,196.300,53.400,ON,Avail,Compl,Enable,80,0,0,0,0,0,0,6,A,0,0,Avail,Incmpl,Incmpl,Enable,OFF,OFF,74,978,51199.219,51199.219,51199.219,51199.219,51199.219,51199.219,1GRFE ,0,Avail,Incmpl,Incmpl,Enable,0,OFF,OFF,OFF,OFF,ON,ON,Avail,Compl,Enable,Compl,CL,CL,Compl,Unable,Not Avl,Compl,Incmpl,Enable,OFF,0,20.500,125,ON,81.250,20,0.107,2214,16,21,-3,OFF,0.781,4.688,5.370,OFF,0,0,45,Avail,Compl,Enable,0,GRN2#  ,ON,0,ACTIVE,ACTIVE,0.977,0.957,0.780,0.760,262.617,209.770,Avail,Compl,Avail,Incmpl,Incmpl,Enable,OBD II (California ARB),OFF,OFF,0,0,0,1st,OFF,OFF,OFF,OFF,OFF,OFF,-0.781,-1.562,ON,OFF,900,0,OFF,OFF,OFF,ON,Gasoline,0.987,OFF,OFF,0.684,ON,1.016,15.294,17,0,0.762,0.781,2.363,0.762,0.918,2.031,47.059,0,15.294,40,0,0,OFF,ECT 5th,NA,OFF,97.900,97.900,13.725,0,Not Avl,0,0,0,0,ON,ON,0,0,1
226,0,13.752,Not Avl,Compl,Compl,Unable,OFF,Not Avl,Compl,Compl,Unable,OFF,40.625,40.625,36.875,37.500,19.531,39.551,15.686,31.765,0.781,1.582,ON,0,OFF,ON,ON,0.956,0.971,-0.160,-0.082,3.035,3.161,0,97,51199.219,13.496,21.961,OFF,OFF,OFF,OFF,OFF,OFF,OFF,Avail,Incmpl,Incmpl,Enable,Avail,199.400,53.600,199.400,53.600,ON,Avail,Compl,Enable,80,0,0,0,0,0,0,6,A,0,0,Avail,Incmpl,Incmpl,Enable,OFF,OFF,74,867.750,51199.219,51199.219,51199.219,51199.219,51199.219,51199.219,1GRFE ,0,Avail,Incmpl,Incmpl,Enable,0,OFF,OFF,OFF,OFF,ON,ON,Avail,Compl,Enable,Compl,CL,CL,Compl,Unable,Not Avl,Compl,Incmpl,Enable,OFF,0,19,125,ON,81.250,20,0.093,2298,16,21,-3,OFF,1.562,4.688,5.170,OFF,0,0,46,Avail,Compl,Enable,0,GRN2#  ,ON,0,ACTIVE,ACTIVE,0.977,0.957,0.780,0.780,260.672,208.148,Avail,Compl,Avail,Incmpl,Incmpl,Enable,OBD II (California ARB),OFF,OFF,0,0,0,1st,OFF,OFF,OFF,OFF,OFF,OFF,-3.125,-3.125,ON,OFF,800,0,OFF,OFF,OFF,ON,Gasoline,1.005,OFF,OFF,0.684,ON,1.172,15.294,21,0,0.762,0.781,2.363,0.762,0.918,2.031,46.667,0,15.294,40,0,0,OFF,ECT 5th,NA,OFF,97.900,97.900,14.902,0,Not Avl,0,0,0,0,ON,ON,0,0,1
227,0,13.721,Not Avl,Compl,Compl,Unable,OFF,Not Avl,Compl,Compl,Unable,OFF,40.625,40.625,36.875,37.500,19.531,39.551,15.686,31.765,0.781,1.582,ON,0,OFF,ON,ON,0.970,0.986,-0.082,-0.027,3.161,3.249,0,97,51199.219,13.476,23.922,OFF,OFF,OFF,OFF,OFF,OFF,OFF,Avail,Incmpl,Incmpl,Enable,Avail,199.400,53.600,199.400,53.600,ON,Avail,Compl,Enable,80,0,0,0,0,0,0,6,A,0,0,Avail,Incmpl,Incmpl,Enable,OFF,OFF,74,786.500,51199.219,51199.219,51199.219,51199.219,51199.219,51199.219,1GRFE ,0,Avail,Incmpl,Incmpl,Enable,0,OFF,OFF,OFF,OFF,ON,ON,Avail,Compl,Enable,Compl,CL,CL,Compl,Unable,Not Avl,Compl,Incmpl,Enable,OFF,0,17,128,ON,81.250,20,0.093,2374,16,21,-3,OFF,1.562,5.469,4.620,OFF,0,0,46,Avail,Compl,Enable,0,GRN2#  ,ON,0,ACTIVE,ACTIVE,0.972,0.952,0.800,0.780,258.402,207.500,Avail,Compl,Avail,Incmpl,Incmpl,Enable,OBD II (California ARB),OFF,OFF,0,0,0,1st,OFF,OFF,OFF,OFF,OFF,OFF,-3.125,-3.125,ON,OFF,750,0,OFF,OFF,OFF,ON,Gasoline,1.021,OFF,OFF,0.684,ON,1.172,15.686,18,0,0.762,0.762,2.324,0.762,0.918,2.031,47.059,0,15.294,40,0,0,OFF,ECT 5th,NA,OFF,97.900,97.900,14.510,0,Not Avl,0,0,0,0,ON,ON,0,0,1
228,0,13.711,Not Avl,Compl,Compl,Unable,OFF,Not Avl,Compl,Compl,Unable,OFF,40.625,40.625,36.875,37.500,19.531,39.551,15.686,31.765,0.781,1.582,ON,0,OFF,ON,ON,1.004,1.005,0.027,0.027,3.347,3.347,0,97,51199.219,13.476,24.706,OFF,OFF,OFF,OFF,OFF,OFF,OFF,Avail,Incmpl,Incmpl,Enable,Avail,199.400,53.600,199.400,53.600,ON,Avail,Compl,Enable,80,0,0,0,0,0,0,6,A,0,0,Avail,Incmpl,Incmpl,Enable,OFF,OFF,75,746,51199.219,51199.219,51199.219,51199.219,51199.219,51199.219,1GRFE ,0,Avail,Incmpl,Incmpl,Enable,0,OFF,OFF,OFF,OFF,ON,ON,Avail,Compl,Enable,Compl,CL,CL,Compl,Unable,Not Avl,Compl,Incmpl,Enable,OFF,0,17,145,ON,81.250,20,0.093,2414,16,21,-3,OFF,1.562,5.469,4.250,OFF,0,0,46,Avail,Compl,Enable,0,GRN2#  ,ON,0,ACTIVE,ACTIVE,0.977,0.957,0.800,0.780,256.781,205.230,Avail,Compl,Avail,Incmpl,Incmpl,Enable,OBD II (California ARB),OFF,OFF,0,0,0,1st,OFF,OFF,OFF,OFF,OFF,OFF,-2.344,-2.344,ON,OFF,700,0,OFF,OFF,OFF,ON,Gasoline,1.025,OFF,OFF,0.684,ON,1.094,14.902,17,0,0.762,0.742,2.324,0.762,0.918,2.031,46.667,0,14.902,40,0,0,OFF,ECT 5th,NA,OFF,97.900,97.900,14.118,0,Not Avl,0,0,0,0,ON,ON,0,0,1
229,0,13.711,Not Avl,Compl,Compl,Unable,OFF,Not Avl,Compl,Compl,Unable,OFF,55.469,40.625,36.875,37.500,19.531,39.551,15.686,31.765,0.781,1.582,ON,0,OFF,ON,ON,1.013,1.004,0.055,0.027,3.391,3.347,0,97,51199.219,13.457,25.098,OFF,OFF,OFF,OFF,OFF,OFF,OFF,Avail,Incmpl,Incmpl,Enable,Avail,202.300,53.800,202.300,53.800,ON,Avail,Compl,Enable,80,0,0,0,0,0,0,6,A,0,0,Avail,Incmpl,Incmpl,Enable,OFF,OFF,75,728.750,51199.219,51199.219,51199.219,51199.219,51199.219,51199.219,1GRFE ,0,Avail,Incmpl,Incmpl,Enable,0,OFF,OFF,OFF,OFF,ON,ON,Avail,Compl,Enable,Compl,CL,CL,Compl,Unable,Not Avl,Compl,Incmpl,Enable,OFF,0,17,161,ON,81.250,20,0.103,2454,16,21,-3,OFF,1.562,5.469,4.250,OFF,0,0,75,Avail,Compl,Enable,0,GRN2#  ,ON,0,ACTIVE,ACTIVE,0.972,0.952,0.780,0.780,254.188,204.258,Avail,Compl,Avail,Incmpl,Incmpl,Enable,OBD II (California ARB),OFF,OFF,0,0,0,1st,OFF,OFF,OFF,OFF,OFF,OFF,-1.562,-2.344,ON,OFF,700,0,OFF,OFF,OFF,ON,Gasoline,1.021,OFF,OFF,0.684,ON,1.094,14.902,18,0,0.742,0.742,2.324,0.742,0.918,2.031,46.667,0,14.902,40,0,0,OFF,ECT 5th,NA,OFF,97.900,97.900,14.510,0,Not Avl,0,0,0,0,ON,ON,0,0,1
230,0,13.710,Not Avl,Compl,Compl,Unable,OFF,Not Avl,Compl,Compl,Unable,OFF,59.375,40.625,36.875,37.500,19.531,39.551,15.686,31.765,0.781,1.582,ON,0,OFF,ON,ON,1.017,1.014,0.066,0.059,3.410,3.396,0,97,51199.219,13.457,25.490,OFF,OFF,OFF,OFF,OFF,OFF,OFF,Avail,Incmpl,Incmpl,Enable,Avail,202.300,53.800,202.300,53.800,ON,Avail,Compl,Enable,80,0,0,0,0,0,0,6,A,0,0,Avail,Incmpl,Incmpl,Enable,OFF,OFF,76,736.500,51199.219,51199.219,51199.219,51199.219,51199.219,51199.219,1GRFE ,0,Avail,Incmpl,Incmpl,Enable,0,OFF,OFF,OFF,OFF,ON,ON,Avail,Compl,Enable,Compl,CL,CL,Compl,Unable,Not Avl,Compl,Incmpl,Enable,OFF,0,17,178,ON,81.250,20,0.103,2476,16,21,-3,OFF,1.562,4.688,4.250,OFF,0,0,75,Avail,Compl,Enable,0,GRN2#  ,ON,0,ACTIVE,ACTIVE,0.977,0.957,0.780,0.760,252.242,202.312,Avail,Compl,Avail,Incmpl,Incmpl,Enable,OBD II (California ARB),OFF,OFF,0,0,0,1st,OFF,OFF,OFF,OFF,OFF,OFF,-0.781,-0.781,ON,OFF,700,0,OFF,OFF,OFF,ON,Gasoline,1.014,OFF,OFF,0.684,ON,1.094,14.902,18,0,0.742,0.742,2.324,0.742,0.918,2.031,46.667,0,14.902,40,0,0,OFF,ECT 5th,NA,OFF,97.900,97.900,14.510,0,Not Avl,0,0,0,0,ON,ON,0,0,1
231,0,13.711,Not Avl,Compl,Compl,Unable,OFF,Not Avl,Compl,Compl,Unable,OFF,61.719,46.094,36.875,37.500,19.531,39.551,15.686,31.765,0.781,1.582,ON,0,OFF,ON,ON,1.016,1.019,0.066,0.074,3.405,3.420,0,97,51199.219,13.457,25.490,OFF,OFF,OFF,OFF,OFF,OFF,OFF,Avail,Incmpl,Incmpl,Enable,Avail,205,53.900,205,53.900,ON,Avail,Compl,Enable,80,0,0,0,0,0,0,6,A,0,0,Avail,Incmpl,Incmpl,Enable,OFF,OFF,76,742.750,51199.219,51199.219,51199.219,51199.219,51199.219,51199.219,1GRFE ,0,Avail,Incmpl,Incmpl,Enable,0,OFF,OFF,OFF,OFF,ON,ON,Avail,Compl,Enable,Compl,CL,CL,Compl,Unable,Not Avl,Compl,Incmpl,Enable,OFF,0,17,195,ON,81.250,20,0.103,2479,16,21,-3,OFF,1.562,4.688,4.250,OFF,0,0,73,Avail,Compl,Enable,0,GRN2#  ,ON,0,ACTIVE,ACTIVE,0.972,0.952,0.780,0.760,250.297,201.016,Avail,Compl,Avail,Incmpl,Incmpl,Enable,OBD II (California ARB),OFF,OFF,0,0,0,1st,OFF,OFF,OFF,OFF,OFF,OFF,0,0,ON,OFF,700,0,OFF,OFF,OFF,ON,Gasoline,1.005,OFF,OFF,0.684,ON,1.172,14.902,18,0,0.742,0.742,2.324,0.742,0.918,2.031,46.667,0,14.902,40,0,0,OFF,ECT 5th,NA,OFF,97.900,97.900,14.118,0,Not Avl,0,0,0,0,ON,ON,0,0,1
232,0,13.711,Not Avl,Compl,Compl,Unable,OFF,Not Avl,Compl,Compl,Unable,OFF,61.719,57.031,36.875,37.500,19.531,39.551,15.686,31.765,0.781,1.582,ON,0,OFF,ON,ON,1.010,1.016,0.047,0.066,3.376,3.405,0,97,51199.219,13.476,25.490,OFF,OFF,OFF,OFF,OFF,OFF,OFF,Avail,Incmpl,Incmpl,Enable,Avail,205,53.900,205,53.900,ON,Avail,Compl,Enable,80,0,0,0,0,0,0,6,A,0,0,Avail,Incmpl,Incmpl,Enable,OFF,OFF,77,750,51199.219,51199.219,51199.219,51199.219,51199.219,51199.219,1GRFE ,0,Avail,Incmpl,Incmpl,Enable,0,OFF,OFF,OFF,OFF,ON,ON,Avail,Compl,Enable,Compl,CL,CL,Compl,Unable,Not Avl,Compl,Incmpl,Enable,OFF,0,17,213,ON,81.250,20,0.103,2472,16,21,-3,OFF,1.562,4.688,4.250,OFF,0,0,73,Avail,Compl,Enable,0,GRN2#  ,ON,0,ACTIVE,ACTIVE,0.972,0.952,0.780,0.760,248.352,198.746,Avail,Compl,Avail,Incmpl,Incmpl,Enable,OBD II (California ARB),OFF,OFF,0,0,0,1st,OFF,OFF,OFF,OFF,OFF,OFF,0.781,0.781,ON,OFF,700,0,OFF,OFF,OFF,ON,Gasoline,0.998,OFF,OFF,0.684,ON,1.172,14.902,18,0,0.742,0.742,2.324,0.742,0.918,2.031,46.667,0,14.902,40,0,0,OFF,ECT 5th,NA,OFF,97.900,97.900,14.118,0,Not Avl,0,0,0,0,ON,ON,0,0,1
233,0,13.691,Not Avl,Compl,Compl,Unable,OFF,Not Avl,Compl,Compl,Unable,OFF,49.219,60.156,36.875,37.500,19.531,39.551,15.686,31.765,0.781,1.582,ON,0,OFF,ON,ON,1.006,1.010,0.023,0.043,3.357,3.371,0,97,51199.219,13.457,25.098,OFF,OFF,OFF,OFF,OFF,OFF,OFF,Avail,Incmpl,Incmpl,Enable,Avail,207.600,54.100,207.600,54.100,ON,Avail,Compl,Enable,80,0,0,0,0,0,0,6,A,0,0,Avail,Incmpl,Incmpl,Enable,OFF,OFF,77,747.500,51199.219,51199.219,51199.219,51199.219,51199.219,51199.219,1GRFE ,0,Avail,Incmpl,Incmpl,Enable,0,OFF,OFF,OFF,OFF,ON,ON,Avail,Compl,Enable,Compl,CL,CL,Compl,Unable,Not Avl,Compl,Incmpl,Enable,OFF,0,17,228,ON,81.250,20,0.109,2465,16,21,-3,OFF,1.562,4.688,4.200,OFF,0,0,83,Avail,Compl,Enable,0,GRN2#  ,ON,0,ACTIVE,ACTIVE,0.972,0.952,0.780,0.760,247.055,197.125,Avail,Compl,Avail,Incmpl,Incmpl,Enable,OBD II (California ARB),OFF,OFF,0,0,0,1st,OFF,OFF,OFF,OFF,OFF,OFF,0.781,1.562,ON,OFF,700,0,OFF,OFF,OFF,ON,Gasoline,0.993,OFF,OFF,0.684,ON,1.406,14.902,23,0,0.742,0.742,2.324,0.742,0.918,2.031,46.667,0,14.902,40,0,0,OFF,ECT 5th,NA,OFF,97.900,97.900,14.118,0,Not Avl,0,0,0,0,ON,ON,0,0,1
234,0,13.710,Not Avl,Compl,Compl,Unable,OFF,Not Avl,Compl,Compl,Unable,OFF,43.750,61.719,36.875,37.500,19.531,39.551,15.686,31.765,0.781,1.582,ON,0,OFF,ON,ON,1.001,1.004,0.035,0.039,3.332,3.347,0,97,51199.219,13.457,25.098,OFF,OFF,OFF,OFF,OFF,OFF,OFF,Avail,Incmpl,Incmpl,Enable,Avail,207.600,54.100,207.600,54.100,ON,Avail,Compl,Enable,80,0,0,0,0,0,0,6,A,0,0,Avail,Incmpl,Incmpl,Enable,OFF,OFF,78,746,51199.219,51199.219,51199.219,51199.219,51199.219,51199.219,1GRFE ,0,Avail,Incmpl,Incmpl,Enable,0,OFF,OFF,OFF,OFF,ON,ON,Avail,Compl,Enable,Compl,CL,CL,Compl,Unable,Not Avl,Compl,Incmpl,Enable,OFF,0,17,243,ON,81.250,20,0.109,2436,16,21,-3,OFF,1.562,5.469,4.150,OFF,0,0,83,Avail,Compl,Enable,0,GRN2#  ,ON,0,ACTIVE,ACTIVE,0.977,0.952,0.780,0.760,245.109,196.152,Avail,Compl,Avail,Incmpl,Incmpl,Enable,OBD II (California ARB),OFF,OFF,0,0,0,1st,OFF,OFF,OFF,OFF,OFF,OFF,0.781,1.562,ON,OFF,700,0,OFF,OFF,OFF,ON,Gasoline,0.992,OFF,OFF,0.684,ON,1.094,14.902,20,0,0.742,0.742,2.324,0.742,0.918,2.031,46.667,0,14.902,40,0,0,OFF,ECT 5th,NA,OFF,97.900,97.900,13.725,0,Not Avl,0,0,0,0,ON,ON,0,0,1
235,0,13.691,Not Avl,Compl,Compl,Unable,OFF,Not Avl,Compl,Compl,Unable,OFF,40.625,56.250,36.875,37.500,19.531,39.551,15.686,31.765,0.781,1.582,ON,0,OFF,ON,ON,1.001,0.998,0.020,0.008,3.332,3.313,0,97,51199.219,13.457,25.098,OFF,OFF,OFF,OFF,OFF,OFF,OFF,Avail,Incmpl,Incmpl,Enable,Avail,210.100,54.200,210.100,54.200,ON,Avail,Compl,Enable,80,0,0,0,0,0,0,6,A,0,0,Avail,Incmpl,Incmpl,Enable,OFF,OFF,78,741.250,51199.219,51199.219,51199.219,51199.219,51199.219,51199.219,1GRFE ,0,Avail,Incmpl,Incmpl,Enable,0,OFF,OFF,OFF,OFF,ON,ON,Avail,Compl,Enable,Compl,CL,CL,Compl,Unable,Not Avl,Compl,Incmpl,Enable,OFF,0,17,266,ON,81.250,20,0.109,2432,16,21,-3,OFF,1.562,5.469,4.090,OFF,0,0,75,Avail,Compl,Enable,0,GRN2#  ,ON,0,ACTIVE,ACTIVE,0.977,0.957,0.780,0.760,242.516,194.531,Avail,Compl,Avail,Incmpl,Incmpl,Enable,OBD II (California ARB),OFF,OFF,0,0,0,1st,OFF,OFF,OFF,OFF,OFF,OFF,0.781,1.562,ON,OFF,700,0,OFF,OFF,OFF,ON,Gasoline,0.991,OFF,OFF,0.684,ON,1.250,14.902,19,0,0.742,0.742,2.324,0.742,0.918,2.031,46.667,0,14.902,40,0,0,OFF,ECT 5th,NA,OFF,97.900,97.900,13.725,0,Not Avl,0,0,0,0,ON,ON,0,0,1
236,0,13.710,Not Avl,Compl,Compl,Unable,OFF,Not Avl,Compl,Compl,Unable,OFF,40.625,45.312,36.875,37.500,19.531,39.551,15.686,31.765,0.781,1.582,ON,0,OFF,ON,ON,0.996,0.995,0,0,3.303,3.298,0,97,51199.219,13.457,24.706,OFF,OFF,OFF,OFF,OFF,OFF,OFF,Avail,Incmpl,Incmpl,Enable,Avail,210.100,54.200,210.100,54.200,ON,Avail,Compl,Enable,80,0,0,0,0,0,0,6,A,0,0,Avail,Incmpl,Incmpl,Enable,OFF,OFF,79,732.750,51199.219,51199.219,51199.219,51199.219,51199.219,51199.219,1GRFE ,0,Avail,Incmpl,Incmpl,Enable,0,OFF,OFF,OFF,OFF,ON,ON,Avail,Compl,Enable,Compl,CL,CL,Compl,Unable,Not Avl,Compl,Incmpl,Enable,OFF,0,17,283,ON,81.250,20,0.107,2425,16,21,-3,OFF,1.562,5.469,4.060,OFF,0,0,75,Avail,Compl,Enable,0,GRN2#  ,ON,0,ACTIVE,ACTIVE,0.977,0.957,0.780,0.760,239.922,192.910,Avail,Compl,Avail,Incmpl,Incmpl,Enable,OBD II (California ARB),OFF,OFF,0,0,0,1st,OFF,OFF,OFF,OFF,OFF,OFF,0.781,0.781,ON,OFF,700,0,OFF,OFF,OFF,ON,Gasoline,0.990,OFF,OFF,0.684,ON,1.016,14.902,16,0,0.742,0.742,2.324,0.742,0.918,2.031,46.667,0,14.902,40,0,0,OFF,ECT 5th,NA,OFF,97.900,97.900,13.725,0,Not Avl,0,0,0,0,ON,ON,0,0,1
237,0,13.690,Not Avl,Compl,Compl,Unable,OFF,Not Avl,Compl,Compl,Unable,OFF,40.625,42.188,36.875,37.500,19.531,39.551,15.686,31.765,0.781,1.582,ON,0,OFF,ON,ON,0.995,0.992,0,-0.012,3.298,3.279,0,97,51199.219,13.457,25.098,OFF,OFF,OFF,OFF,OFF,OFF,OFF,Avail,Incmpl,Incmpl,Enable,Avail,210.100,54.200,210.100,54.200,ON,Avail,Compl,Enable,80,0,0,0,0,0,0,6,A,0,0,Avail,Incmpl,Incmpl,Enable,OFF,OFF,79,721.750,51199.219,51199.219,51199.219,51199.219,51199.219,51199.219,1GRFE ,0,Avail,Incmpl,Incmpl,Enable,0,OFF,OFF,OFF,OFF,ON,ON,Avail,Compl,Enable,Compl,CL,CL,Compl,Unable,Not Avl,Compl,Incmpl,Enable,OFF,0,17,299,ON,81.250,20,0.107,2440,16,21,-3,OFF,1.562,5.469,4.030,OFF,0,0,75,Avail,Compl,Enable,0,GRN2#  ,ON,0,ACTIVE,ACTIVE,0.972,0.952,0.780,0.760,237.977,191.613,Avail,Compl,Avail,Incmpl,Incmpl,Enable,OBD II (California ARB),OFF,OFF,0,0,0,1st,OFF,OFF,OFF,OFF,OFF,OFF,0,0.781,ON,OFF,700,0,OFF,OFF,OFF,ON,Gasoline,0.992,OFF,OFF,0.684,ON,1.172,14.902,21,0,0.742,0.742,2.324,0.742,0.918,2.031,46.667,0,14.902,40,0,0,OFF,ECT 5th,NA,OFF,97.900,97.900,14.118,0,Not Avl,0,0,0,0,ON,ON,0,0,1
238,0,13.676,Not Avl,Compl,Compl,Unable,OFF,Not Avl,Compl,Compl,Unable,OFF,50,40.625,36.875,37.500,19.531,39.551,15.686,31.765,0.781,1.582,ON,0,OFF,ON,ON,0.999,0.994,0.012,-0.004,3.322,3.288,0,97,51199.219,13.457,25.490,OFF,OFF,OFF,OFF,OFF,OFF,OFF,Avail,Incmpl,Incmpl,Enable,Avail,212.400,54.300,212.400,54.300,ON,Avail,Compl,Enable,80,0,0,0,0,0,0,6,A,0,0,Avail,Incmpl,Incmpl,Enable,OFF,OFF,80,715.500,51199.219,51199.219,51199.219,51199.219,51199.219,51199.219,1GRFE ,0,Avail,Incmpl,Incmpl,Enable,0,OFF,OFF,OFF,OFF,ON,ON,Avail,Compl,Enable,Compl,CL,CL,Compl,Unable,Not Avl,Compl,Incmpl,Enable,OFF,0,15.500,321,ON,81.250,20,0.107,2458,16,21,-3,OFF,1.562,5.469,4.010,OFF,0,0,80,Avail,Compl,Enable,0,GRN2#  ,ON,0,ACTIVE,ACTIVE,0.972,0.952,0.780,0.760,236.031,190.316,Avail,Compl,Avail,Incmpl,Incmpl,Enable,OBD II (California ARB),OFF,OFF,0,0,0,1st,OFF,OFF,OFF,OFF,OFF,OFF,0.781,0.781,ON,OFF,650,0,OFF,OFF,OFF,ON,Gasoline,0.995,OFF,OFF,0.684,ON,1.328,14.902,21,0,0.742,0.742,2.324,0.742,0.918,2.031,46.667,0,14.902,40,0,0,OFF,ECT 5th,NA,OFF,97.900,97.900,14.118,0,Not Avl,0,0,0,0,ON,ON,0,0,1
239,0,13.673,Not Avl,Compl,Compl,Unable,OFF,Not Avl,Compl,Compl,Unable,OFF,57.031,40.625,36.875,37.500,19.531,39.551,15.686,31.765,0.781,1.582,ON,0,OFF,ON,ON,1.001,0.995,0.016,0,3.327,3.298,0,97,51199.219,13.457,25.490,OFF,OFF,OFF,OFF,OFF,OFF,OFF,Avail,Incmpl,Incmpl,Enable,Avail,212.400,54.300,212.400,54.300,ON,Avail,Compl,Enable,80,0,0,0,0,0,0,6,A,0,0,Avail,Incmpl,Incmpl,Enable,OFF,OFF,80,704.500,51199.219,51199.219,51199.219,51199.219,51199.219,51199.219,1GRFE ,0,Avail,Incmpl,Incmpl,Enable,0,OFF,OFF,OFF,OFF,ON,ON,Avail,Compl,Enable,Compl,CL,CL,Compl,Unable,Not Avl,Compl,Incmpl,Enable,OFF,0,15,337,ON,81.250,20,0.107,2469,16,21,-3,OFF,1.562,5.469,4.030,OFF,0,0,80,Avail,Compl,Enable,0,GRN2#  ,ON,0,ACTIVE,ACTIVE,0.972,0.952,0.780,0.760,234.734,188.371,Avail,Compl,Avail,Incmpl,Incmpl,Enable,OBD II (California ARB),OFF,OFF,0,0,0,1st,OFF,OFF,OFF,OFF,OFF,OFF,0.781,0,ON,OFF,650,0,OFF,OFF,OFF,ON,Gasoline,0.994,OFF,OFF,0.684,ON,1.328,14.902,21,0,0.742,0.742,2.324,0.742,0.918,2.031,46.667,0,14.902,40,0,0,OFF,ECT 5th,NA,OFF,97.900,97.900,14.118,0,Not Avl,0,0,0,0,ON,ON,0,0,1
240,0,13.672,Not Avl,Compl,Compl,Unable,OFF,Not Avl,Compl,Compl,Unable,OFF,60.938,40.625,36.875,37.500,19.531,39.551,15.686,31.765,0.781,1.582,ON,0,OFF,ON,ON,1.001,0.995,0.023,0,3.337,3.298,0,97,51199.219,13.437,25.882,OFF,OFF,OFF,OFF,OFF,OFF,OFF,Avail,Incmpl,Incmpl,Enable,Avail,214.600,54.400,214.600,54.400,ON,Avail,Compl,Enable,80,0,0,0,0,0,0,6,A,0,0,Avail,Incmpl,Incmpl,Enable,OFF,OFF,81,696.750,51199.219,51199.219,51199.219,51199.219,51199.219,51199.219,1GRFE ,0,Avail,Incmpl,Incmpl,Enable,0,OFF,OFF,OFF,OFF,ON,ON,Avail,Compl,Enable,Compl,CL,CL,Compl,Unable,Not Avl,Compl,Incmpl,Enable,OFF,0,15,354,ON,81.250,20,0.108,2505,16,21,-3,OFF,1.562,5.469,3.960,OFF,0,0,77,Avail,Compl,Enable,0,GRN2#  ,ON,0,ACTIVE,ACTIVE,0.972,0.952,0.780,0.760,232.789,187.398,Avail,Compl,Avail,Incmpl,Incmpl,Enable,OBD II (California ARB),OFF,OFF,0,0,0,1st,OFF,OFF,OFF,OFF,OFF,OFF,0.781,0,ON,OFF,650,0,OFF,OFF,OFF,ON,Gasoline,0.992,OFF,OFF,0.684,ON,1.250,14.902,21,0,0.742,0.742,2.324,0.742,0.918,2.031,46.667,0,14.902,40,0,0,OFF,ECT 5th,NA,OFF,97.900,97.900,14.118,0,Not Avl,0,0,0,0,ON,ON,0,0,1
241,0,13.690,Not Avl,Compl,Compl,Unable,OFF,Not Avl,Compl,Compl,Unable,OFF,61.719,40.625,36.875,37.500,19.531,39.551,15.686,31.765,0.781,1.582,ON,0,OFF,ON,ON,1.001,0.996,0.023,0,3.337,3.298,0,97,51199.219,13.437,25.882,OFF,OFF,OFF,OFF,OFF,OFF,OFF,Avail,Incmpl,Incmpl,Enable,Avail,214.600,54.400,214.600,54.400,ON,Avail,Compl,Enable,80,0,0,0,0,0,0,6,A,0,0,Avail,Incmpl,Incmpl,Enable,OFF,OFF,81,698.250,51199.219,51199.219,51199.219,51199.219,51199.219,51199.219,1GRFE ,0,Avail,Incmpl,Incmpl,Enable,0,OFF,OFF,OFF,OFF,ON,ON,Avail,Compl,Enable,Compl,CL,CL,Compl,Unable,Not Avl,Compl,Incmpl,Enable,OFF,0,15,366,ON,81.250,20,0.108,2501,16,21,-3,OFF,1.562,5.469,3.980,OFF,0,0,77,Avail,Compl,Enable,0,GRN2#  ,ON,0,ACTIVE,ACTIVE,0.972,0.952,0.780,0.760,231.492,186.426,Avail,Compl,Avail,Incmpl,Incmpl,Enable,OBD II (California ARB),OFF,OFF,0,0,0,1st,OFF,OFF,OFF,OFF,OFF,OFF,0.781,0,ON,OFF,650,0,OFF,OFF,OFF,ON,Gasoline,0.993,OFF,OFF,0.684,ON,1.250,14.902,21,0,0.742,0.742,2.324,0.742,0.918,2.031,46.667,0,14.902,40,0,0,OFF,ECT 5th,NA,OFF,97.900,97.900,14.118,0,Not Avl,0,0,0,0,ON,ON,0,0,1
242,0,13.672,Not Avl,Compl,Compl,Unable,OFF,Not Avl,Compl,Compl,Unable,OFF,61.719,40.625,36.875,37.500,19.531,39.551,15.686,31.765,0.781,1.582,ON,0,OFF,ON,ON,1.005,0.996,0.031,0,3.352,3.303,0,97,51199.219,13.437,25.882,OFF,OFF,OFF,OFF,OFF,OFF,OFF,Avail,Incmpl,Incmpl,Enable,Avail,216.600,54.500,216.600,54.500,ON,Avail,Compl,Enable,80,0,0,0,0,0,0,6,A,0,0,Avail,Incmpl,Incmpl,Enable,OFF,OFF,81,696.750,51199.219,51199.219,51199.219,51199.219,51199.219,51199.219,1GRFE ,0,Avail,Incmpl,Incmpl,Enable,0,OFF,OFF,OFF,OFF,ON,ON,Avail,Compl,Enable,Compl,CL,CL,Compl,Unable,Not Avl,Compl,Incmpl,Enable,OFF,0,15,379,ON,81.250,20,0.108,2516,16,21,-3,OFF,1.562,5.469,4.010,OFF,0,0,77,Avail,Compl,Enable,0,GRN2#  ,ON,0,ACTIVE,ACTIVE,0.972,0.952,0.780,0.760,231.168,184.805,Avail,Compl,Avail,Incmpl,Incmpl,Enable,OBD II (California ARB),OFF,OFF,0,0,0,1st,OFF,OFF,OFF,OFF,OFF,OFF,0.781,0,ON,OFF,650,0,OFF,OFF,OFF,ON,Gasoline,0.990,OFF,OFF,0.684,ON,1.250,14.902,21,0,0.742,0.742,2.324,0.742,0.918,2.031,46.667,0,14.902,40,0,0,OFF,ECT 5th,NA,OFF,97.900,97.900,14.510,0,Not Avl,0,0,0,0,ON,ON,0,0,1
243,0,13.673,Not Avl,Compl,Compl,Unable,OFF,Not Avl,Compl,Compl,Unable,OFF,52.344,46.094,36.875,37.500,19.531,39.551,15.686,31.765,0.781,1.582,ON,0,OFF,ON,ON,1.003,0.997,0.023,0.008,3.342,3.313,0,97,51199.219,13.457,25.882,OFF,OFF,OFF,OFF,OFF,OFF,OFF,Avail,Incmpl,Incmpl,Enable,Avail,216.600,54.500,216.600,54.500,ON,Avail,Compl,Enable,80,0,0,0,0,0,0,6,A,0,0,Avail,Incmpl,Incmpl,Enable,OFF,OFF,82,698.250,51199.219,51199.219,51199.219,51199.219,51199.219,51199.219,1GRFE ,0,Avail,Incmpl,Incmpl,Enable,0,OFF,OFF,OFF,OFF,ON,ON,Avail,Compl,Enable,Compl,CL,CL,Compl,Unable,Not Avl,Compl,Incmpl,Enable,OFF,0,15,392,ON,81.250,20,0.108,2512,16,21,-3,OFF,1.562,5.469,4,OFF,0,0,77,Avail,Compl,Enable,0,GRN2#  ,ON,0,ACTIVE,ACTIVE,0.972,0.952,0.780,0.760,228.898,184.480,Avail,Compl,Avail,Incmpl,Incmpl,Enable,OBD II (California ARB),OFF,OFF,0,0,0,1st,OFF,OFF,OFF,OFF,OFF,OFF,1.562,0,ON,OFF,650,0,OFF,OFF,OFF,ON,Gasoline,0.989,OFF,OFF,0.684,ON,1.250,14.902,20,0,0.742,0.742,2.324,0.742,0.918,2.031,46.667,0,14.902,40,0,0,OFF,ECT 5th,NA,OFF,97.900,97.900,14.118,0,Not Avl,0,0,0,0,ON,ON,0,0,1
244,0,13.685,Not Avl,Compl,Compl,Unable,OFF,Not Avl,Compl,Compl,Unable,OFF,45.312,55.469,36.875,37.500,19.531,39.551,15.686,31.765,0.781,1.582,ON,0,OFF,ON,ON,1.000,0.998,0.016,0.012,3.327,3.318,0,97,51199.219,13.457,25.490,OFF,OFF,OFF,OFF,OFF,OFF,OFF,Avail,Incmpl,Incmpl,Enable,Avail,216.600,54.500,216.600,54.500,ON,Avail,Compl,Enable,80,0,0,0,0,0,0,6,A,0,0,Avail,Incmpl,Incmpl,Enable,OFF,OFF,82,710,51199.219,51199.219,51199.219,51199.219,51199.219,51199.219,1GRFE ,0,Avail,Incmpl,Incmpl,Enable,0,OFF,OFF,OFF,OFF,ON,ON,Avail,Compl,Enable,Compl,CL,CL,Compl,Unable,Not Avl,Compl,Incmpl,Enable,OFF,0,15,404,ON,81.250,20,0.111,2494,16,21,-3,OFF,1.562,5.469,3.960,OFF,0,0,77,Avail,Compl,Enable,0,GRN2#  ,ON,0,ACTIVE,ACTIVE,0.967,0.947,0.780,0.760,227.602,183.832,Avail,Compl,Avail,Incmpl,Incmpl,Enable,OBD II (California ARB),OFF,OFF,0,0,0,1st,OFF,OFF,OFF,OFF,OFF,OFF,1.562,0,ON,OFF,650,0,OFF,OFF,OFF,ON,Gasoline,0.988,OFF,OFF,0.684,ON,1.250,14.902,20,0,0.742,0.742,2.324,0.742,0.918,2.031,46.667,0,14.902,40,0,0,OFF,ECT 5th,NA,OFF,97.900,97.900,14.118,0,Not Avl,0,0,0,0,ON,ON,0,0,1
245,0,13.680,Not Avl,Compl,Compl,Unable,OFF,Not Avl,Compl,Compl,Unable,OFF,42.969,58.594,36.875,37.500,19.531,39.551,15.686,31.765,0.781,1.582,ON,0,OFF,ON,ON,1.001,1.000,0.020,0.016,3.332,3.327,0,97,51199.219,13.437,25.490,OFF,OFF,OFF,OFF,OFF,OFF,OFF,Avail,Incmpl,Incmpl,Enable,Avail,218.600,54.600,218.600,54.600,ON,Avail,Compl,Enable,80,0,0,0,0,0,0,6,A,0,0,Avail,Incmpl,Incmpl,Enable,OFF,OFF,82,704.500,51199.219,51199.219,51199.219,51199.219,51199.219,51199.219,1GRFE ,0,Avail,Incmpl,Incmpl,Enable,0,OFF,OFF,OFF,OFF,ON,ON,Avail,Compl,Enable,Compl,CL,CL,Compl,Unable,Not Avl,Compl,Incmpl,Enable,OFF,0,15,417,ON,81.250,20,0.111,2483,16,21,-3,OFF,1.562,5.469,3.960,OFF,0,0,74,Avail,Compl,Enable,0,GRN2#  ,ON,0,ACTIVE,ACTIVE,0.972,0.952,0.780,0.760,227.277,182.859,Avail,Compl,Avail,Incmpl,Incmpl,Enable,OBD II (California ARB),OFF,OFF,0,0,0,1st,OFF,OFF,OFF,OFF,OFF,OFF,1.562,0,ON,OFF,650,0,OFF,OFF,OFF,ON,Gasoline,0.986,OFF,OFF,0.684,ON,1.250,14.902,20,0,0.742,0.742,2.324,0.742,0.918,2.031,46.667,0,14.902,40,0,0,OFF,ECT 5th,NA,OFF,97.900,97.900,14.118,0,Not Avl,0,0,0,0,ON,ON,0,0,1
246,0,13.689,Not Avl,Compl,Compl,Unable,OFF,Not Avl,Compl,Compl,Unable,OFF,40.625,60.938,36.875,37.500,19.531,39.551,15.686,31.765,0.781,1.582,ON,0,OFF,ON,ON,0.999,0.999,0.016,0.016,3.327,3.327,0,97,51199.219,13.457,25.490,OFF,OFF,OFF,OFF,OFF,OFF,OFF,Avail,Incmpl,Incmpl,Enable,Avail,218.600,54.600,218.600,54.600,ON,Avail,Compl,Enable,80,0,0,0,0,0,0,6,A,0,0,Avail,Incmpl,Incmpl,Enable,OFF,OFF,83,704.500,51199.219,51199.219,51199.219,51199.219,51199.219,51199.219,1GRFE ,0,Avail,Incmpl,Incmpl,Enable,0,OFF,OFF,OFF,OFF,ON,ON,Avail,Compl,Enable,Compl,CL,CL,Compl,Unable,Not Avl,Compl,Incmpl,Enable,OFF,0,15,431,ON,81.250,20,0.111,2487,16,21,-3,OFF,1.562,5.469,3.960,OFF,0,0,74,Avail,Compl,Enable,0,GRN2#  ,ON,0,ACTIVE,ACTIVE,0.972,0.952,0.780,0.760,226.305,181.887,Avail,Compl,Avail,Incmpl,Incmpl,Enable,OBD II (California ARB),OFF,OFF,0,0,0,1st,OFF,OFF,OFF,OFF,OFF,OFF,1.562,0,ON,OFF,650,0,OFF,OFF,OFF,ON,Gasoline,0.986,OFF,OFF,0.684,ON,1.250,14.902,20,0,0.742,0.742,2.324,0.742,0.918,2.031,46.667,0,14.902,40,0,0,OFF,ECT 5th,NA,OFF,97.900,97.900,14.118,0,Not Avl,0,0,0,0,ON,ON,0,0,1
247,0,13.685,Not Avl,Compl,Compl,Unable,OFF,Not Avl,Compl,Compl,Unable,OFF,40.625,57.812,36.875,37.500,19.531,39.551,15.686,31.765,0.781,1.582,ON,0,OFF,ON,ON,1.003,0.999,0.023,0.016,3.342,3.327,0,97,51199.219,13.437,25.490,OFF,OFF,OFF,OFF,OFF,OFF,OFF,Avail,Incmpl,Incmpl,Enable,Avail,218.600,54.600,218.600,54.600,ON,Avail,Compl,Enable,80,0,0,0,0,0,0,6,A,0,0,Avail,Incmpl,Incmpl,Enable,OFF,OFF,83,701.500,51199.219,51199.219,51199.219,51199.219,51199.219,51199.219,1GRFE ,0,Avail,Incmpl,Incmpl,Enable,0,OFF,OFF,OFF,OFF,ON,ON,Avail,Compl,Enable,Compl,CL,CL,Compl,Unable,Not Avl,Compl,Incmpl,Enable,OFF,0,15,443,ON,81.250,20,0.111,2494,16,21,-3,OFF,1.562,5.469,3.960,OFF,0,0,74,Avail,Compl,Enable,0,GRN2#  ,ON,0,ACTIVE,ACTIVE,0.972,0.952,0.780,0.760,224.359,180.914,Avail,Compl,Avail,Incmpl,Incmpl,Enable,OBD II (California ARB),OFF,OFF,0,0,0,1st,OFF,OFF,OFF,OFF,OFF,OFF,1.562,0,ON,OFF,650,0,OFF,OFF,OFF,ON,Gasoline,0.985,OFF,OFF,0.684,ON,1.172,14.902,20,0,0.742,0.742,2.324,0.742,0.918,2.031,46.667,0,14.902,40,0,0,OFF,ECT 5th,NA,OFF,97.900,97.900,14.118,0,Not Avl,0,0,0,0,ON,ON,0,0,1
248,0,13.690,Not Avl,Compl,Compl,Unable,OFF,Not Avl,Compl,Compl,Unable,OFF,40.625,50.781,36.875,37.500,19.531,39.551,15.686,31.765,0.781,1.582,ON,0,OFF,ON,ON,1.001,1.001,0.035,0.031,3.332,3.332,0,97,51199.219,13.437,25.882,OFF,OFF,OFF,OFF,OFF,OFF,OFF,Avail,Incmpl,Incmpl,Enable,Avail,220.500,54.600,220.500,54.600,ON,Avail,Compl,Enable,80,0,0,0,0,0,0,6,A,0,0,Avail,Incmpl,Incmpl,Enable,OFF,OFF,83,697.500,51199.219,51199.219,51199.219,51199.219,51199.219,51199.219,1GRFE ,0,Avail,Incmpl,Incmpl,Enable,0,OFF,OFF,OFF,OFF,ON,ON,Avail,Compl,Enable,Compl,CL,CL,Compl,Unable,Not Avl,Compl,Incmpl,Enable,OFF,0,15,456,ON,81.250,20,0.111,2501,16,21,-3,OFF,1.562,5.469,3.960,OFF,0,0,67,Avail,Compl,Enable,0,GRN2#  ,ON,0,ACTIVE,ACTIVE,0.972,0.952,0.780,0.760,223.387,179.617,Avail,Compl,Avail,Incmpl,Incmpl,Enable,OBD II (California ARB),OFF,OFF,0,0,0,1st,OFF,OFF,OFF,OFF,OFF,OFF,1.562,0,ON,OFF,650,0,OFF,OFF,OFF,ON,Gasoline,0.984,OFF,OFF,0.684,ON,1.172,14.902,20,0,0.742,0.742,2.324,0.742,0.918,2.031,46.667,0,14.902,40,0,0,OFF,ECT 5th,NA,OFF,97.900,97.900,14.118,0,Not Avl,0,0,0,0,ON,ON,0,0,1
249,0,13.690,Not Avl,Compl,Compl,Unable,OFF,Not Avl,Compl,Compl,Unable,OFF,40.625,43.750,36.875,37.500,19.531,39.551,15.686,31.765,0.781,1.582,ON,0,OFF,ON,ON,1.001,1.001,0.020,0.020,3.332,3.332,0,97,51199.219,13.437,25.882,OFF,OFF,OFF,OFF,OFF,OFF,OFF,Avail,Incmpl,Incmpl,Enable,Avail,220.500,54.600,220.500,54.600,ON,Avail,Compl,Enable,80,0,0,0,0,0,0,6,A,0,0,Avail,Incmpl,Incmpl,Enable,OFF,OFF,84,695.250,51199.219,51199.219,51199.219,51199.219,51199.219,51199.219,1GRFE ,0,Avail,Incmpl,Incmpl,Enable,0,OFF,OFF,OFF,OFF,ON,ON,Avail,Compl,Enable,Compl,CL,CL,Compl,Unable,Not Avl,Compl,Incmpl,Enable,OFF,0,15,468,ON,81.250,20,0.111,2516,16,21,-3,OFF,1.562,5.469,3.960,OFF,0,0,67,Avail,Compl,Enable,0,GRN2#  ,ON,0,ACTIVE,ACTIVE,0.972,0.952,0.780,0.760,221.766,178.969,Avail,Compl,Avail,Incmpl,Incmpl,Enable,OBD II (California ARB),OFF,OFF,0,0,0,1st,OFF,OFF,OFF,OFF,OFF,OFF,1.562,0,ON,OFF,650,0,OFF,OFF,OFF,ON,Gasoline,0.983,OFF,OFF,0.684,ON,1.172,14.902,20,0,0.742,0.742,2.324,0.742,0.918,2.031,46.667,0,14.902,40,0,0,OFF,ECT 5th,NA,OFF,97.900,97.900,14.118,0,Not Avl,0,0,0,0,ON,ON,0,0,1
250,0,13.683,Not Avl,Compl,Compl,Unable,OFF,Not Avl,Compl,Compl,Unable,OFF,50,41.406,36.875,37.500,19.531,39.551,15.686,31.765,0.781,1.582,ON,0,OFF,ON,ON,0.999,1.000,0.012,0.016,3.322,3.327,0,97,51199.219,13.437,25.882,OFF,OFF,OFF,OFF,OFF,OFF,OFF,Avail,Incmpl,Incmpl,Enable,Avail,220.500,54.600,220.500,54.600,ON,Avail,Compl,Enable,80,0,0,0,0,0,0,6,A,0,0,Avail,Incmpl,Incmpl,Enable,OFF,OFF,84,696.750,51199.219,51199.219,51199.219,51199.219,51199.219,51199.219,1GRFE ,0,Avail,Incmpl,Incmpl,Enable,0,OFF,OFF,OFF,OFF,ON,ON,Avail,Compl,Enable,Compl,CL,CL,Compl,Unable,Not Avl,Compl,Incmpl,Enable,OFF,0,15,482,ON,81.250,20,0.111,2516,16,21,-3,OFF,1.562,5.469,3.960,OFF,0,0,67,Avail,Compl,Enable,0,GRN2#  ,ON,0,ACTIVE,ACTIVE,0.972,0.952,0.780,0.760,221.117,178.320,Avail,Compl,Avail,Incmpl,Incmpl,Enable,OBD II (California ARB),OFF,OFF,0,0,0,1st,OFF,OFF,OFF,OFF,OFF,OFF,1.562,0,ON,OFF,650,0,OFF,OFF,OFF,ON,Gasoline,0.983,OFF,OFF,0.684,ON,1.172,14.902,19,0,0.742,0.742,2.324,0.742,0.918,2.031,46.667,0,14.902,40,0,0,OFF,ECT 5th,NA,OFF,97.900,97.900,14.118,0,Not Avl,0,0,0,0,ON,ON,0,0,1
251,0,13.673,Not Avl,Compl,Compl,Unable,OFF,Not Avl,Compl,Compl,Unable,OFF,57.031,40.625,36.875,37.500,19.531,39.551,15.686,31.765,0.781,1.582,ON,0,OFF,ON,ON,1.000,1.000,0.020,0.016,3.332,3.327,0,97,51199.219,13.457,25.882,OFF,OFF,OFF,OFF,OFF,OFF,OFF,Avail,Incmpl,Incmpl,Enable,Avail,222.300,54.700,222.300,54.700,ON,Avail,Compl,Enable,80,0,0,0,0,0,0,6,A,0,0,Avail,Incmpl,Incmpl,Enable,OFF,OFF,85,701.500,51199.219,51199.219,51199.219,51199.219,51199.219,51199.219,1GRFE ,0,Avail,Incmpl,Incmpl,Enable,0,OFF,OFF,OFF,OFF,ON,ON,Avail,Compl,Enable,Compl,CL,CL,Compl,Unable,Not Avl,Compl,Incmpl,Enable,OFF,0,15,499,ON,81.250,20,0.111,2505,16,21,-3,OFF,1.562,5.469,3.980,OFF,0,0,79,Avail,Compl,Enable,0,GRN2#  ,ON,0,ACTIVE,ACTIVE,0.972,0.952,0.780,0.760,219.820,176.699,Avail,Compl,Avail,Incmpl,Incmpl,Enable,OBD II (California ARB),OFF,OFF,0,0,0,1st,OFF,OFF,OFF,OFF,OFF,OFF,1.562,0.781,ON,OFF,650,0,OFF,OFF,OFF,ON,Gasoline,0.982,OFF,OFF,0.684,ON,1.172,14.902,19,0,0.742,0.742,2.324,0.742,0.918,2.031,46.667,0,14.902,40,0,0,OFF,ECT 5th,NA,OFF,97.900,97.900,14.118,0,Not Avl,0,0,0,0,ON,ON,0,0,1
252,0,13.672,Not Avl,Compl,Compl,Unable,OFF,Not Avl,Compl,Compl,Unable,OFF,60.938,40.625,36.875,37.500,19.531,39.551,15.686,31.765,0.781,1.582,ON,0,OFF,ON,ON,0.995,1.000,0,0.016,3.298,3.327,0,97,51199.219,13.437,25.490,OFF,OFF,OFF,OFF,OFF,OFF,OFF,Avail,Incmpl,Incmpl,Enable,Avail,222.300,54.700,222.300,54.700,ON,Avail,Compl,Enable,80,0,0,0,0,0,0,6,A,0,0,Avail,Incmpl,Incmpl,Enable,OFF,OFF,85,706.250,51199.219,51199.219,51199.219,51199.219,51199.219,51199.219,1GRFE ,0,Avail,Incmpl,Incmpl,Enable,0,OFF,OFF,OFF,OFF,ON,ON,Avail,Compl,Enable,Compl,CL,CL,Compl,Unable,Not Avl,Compl,Incmpl,Enable,OFF,0,15,517,ON,81.250,20,0.111,2508,16,21,-3,OFF,1.562,5.469,4.010,OFF,0,0,79,Avail,Compl,Enable,0,GRN2#  ,ON,0,ACTIVE,ACTIVE,0.972,0.952,0.780,0.760,218.523,175.727,Avail,Compl,Avail,Incmpl,Incmpl,Enable,OBD II (California ARB),OFF,OFF,0,0,0,1st,OFF,OFF,OFF,OFF,OFF,OFF,1.562,0.781,ON,OFF,650,0,OFF,OFF,OFF,ON,Gasoline,0.981,OFF,OFF,0.684,ON,1.172,14.902,19,0,0.742,0.742,2.324,0.742,0.918,2.031,46.667,0,14.902,40,0,0,OFF,ECT 5th,NA,OFF,97.900,97.900,14.118,0,Not Avl,0,0,0,0,ON,ON,0,0,1
253,0,13.690,Not Avl,Compl,Compl,Unable,OFF,Not Avl,Compl,Compl,Unable,OFF,61.719,40.625,36.875,37.500,19.531,39.551,15.686,31.765,0.781,1.582,ON,0,OFF,ON,ON,0.994,0.999,0.012,0.023,3.293,3.322,0,97,51199.219,13.437,25.490,OFF,OFF,OFF,OFF,OFF,OFF,OFF,Avail,Incmpl,Incmpl,Enable,Avail,224,54.800,224,54.800,ON,Avail,Compl,Enable,80,0,0,0,0,0,0,6,A,0,0,Avail,Incmpl,Incmpl,Enable,OFF,OFF,86,710.750,51199.219,51199.219,51199.219,51199.219,51199.219,51199.219,1GRFE ,0,Avail,Incmpl,Incmpl,Enable,0,OFF,OFF,OFF,OFF,ON,ON,Avail,Compl,Enable,Compl,CL,CL,Compl,Unable,Not Avl,Compl,Incmpl,Enable,OFF,0,15,532,ON,81.250,20,0.111,2483,16,21,-3,OFF,1.562,5.469,4,OFF,0,0,83,Avail,Compl,Enable,0,GRN2#  ,ON,0,ACTIVE,ACTIVE,0.972,0.952,0.780,0.760,216.902,174.754,Avail,Compl,Avail,Incmpl,Incmpl,Enable,OBD II (California ARB),OFF,OFF,0,0,0,1st,OFF,OFF,OFF,OFF,OFF,OFF,1.562,0.781,ON,OFF,650,0,OFF,OFF,OFF,ON,Gasoline,0.983,OFF,OFF,0.684,ON,1.172,14.902,19,0,0.742,0.742,2.324,0.742,0.918,2.031,46.667,0,14.902,40,0,0,OFF,ECT 5th,NA,OFF,97.900,97.900,14.118,0,Not Avl,0,0,0,0,ON,ON,0,0,1
254,0,13.680,Not Avl,Compl,Compl,Unable,OFF,Not Avl,Compl,Compl,Unable,OFF,56.250,40.625,36.875,37.500,19.531,39.551,15.686,31.765,0.781,1.582,ON,0,OFF,ON,ON,0.996,0.999,0.004,0.016,3.308,3.327,0,97,51199.219,13.437,25.490,OFF,OFF,OFF,OFF,OFF,OFF,OFF,Avail,Incmpl,Incmpl,Enable,Avail,224,54.800,224,54.800,ON,Avail,Compl,Enable,80,0,0,0,0,0,0,6,A,0,0,Avail,Incmpl,Incmpl,Enable,OFF,OFF,86,697.500,51199.219,51199.219,51199.219,51199.219,51199.219,51199.219,1GRFE ,0,Avail,Incmpl,Incmpl,Enable,0,OFF,OFF,OFF,OFF,ON,ON,Avail,Compl,Enable,Compl,CL,CL,Compl,Unable,Not Avl,Compl,Incmpl,Enable,OFF,0,15,548,ON,81.250,20,0.111,2472,16,21,-3,OFF,1.562,5.469,4,OFF,0,0,83,Avail,Compl,Enable,0,GRN2#  ,ON,0,ACTIVE,ACTIVE,0.972,0.947,0.780,0.760,215.281,174.105,Avail,Compl,Avail,Incmpl,Incmpl,Enable,OBD II (California ARB),OFF,OFF,0,0,0,1st,OFF,OFF,OFF,OFF,OFF,OFF,1.562,0.781,ON,OFF,650,0,OFF,OFF,OFF,ON,Gasoline,0.985,OFF,OFF,0.684,ON,1.172,14.902,19,0,0.742,0.742,2.324,0.742,0.918,2.031,46.667,0,14.902,40,0,0,OFF,ECT 5th,NA,OFF,97.900,97.900,14.510,0,Not Avl,0,0,0,0,ON,ON,0,0,1
255,0,13.674,Not Avl,Compl,Compl,Unable,OFF,Not Avl,Compl,Compl,Unable,OFF,46.875,50,36.875,37.500,19.531,39.551,15.686,31.765,0.781,1.582,ON,0,OFF,ON,ON,0.999,0.999,0.016,0.012,3.327,3.322,0,97,51199.219,13.437,25.490,OFF,OFF,OFF,OFF,OFF,OFF,OFF,Avail,Incmpl,Incmpl,Enable,Avail,225.700,54.900,225.700,54.900,ON,Avail,Compl,Enable,80,0,0,0,0,0,0,6,A,0,0,Avail,Incmpl,Incmpl,Enable,OFF,OFF,86,703,51199.219,51199.219,51199.219,51199.219,51199.219,51199.219,1GRFE ,0,Avail,Incmpl,Incmpl,Enable,0,OFF,OFF,OFF,OFF,ON,ON,Avail,Compl,Enable,Compl,CL,CL,Compl,Unable,Not Avl,Compl,Incmpl,Enable,OFF,0,15,563,ON,81.250,20,0.111,2483,16,21,-3,OFF,1.562,5.469,3.960,OFF,0,0,85,Avail,Compl,Enable,0,GRN2#  ,ON,0,ACTIVE,ACTIVE,0.967,0.947,0.780,0.760,214.309,172.484,Avail,Compl,Avail,Incmpl,Incmpl,Enable,OBD II (California ARB),OFF,OFF,0,0,0,1st,OFF,OFF,OFF,OFF,OFF,OFF,1.562,0.781,ON,OFF,650,0,OFF,OFF,OFF,ON,Gasoline,0.987,OFF,OFF,0.684,ON,1.172,14.902,19,0,0.742,0.742,2.324,0.742,0.918,2.031,46.667,0,14.902,40,0,0,OFF,ECT 5th,NA,OFF,97.900,97.900,14.118,0,Not Avl,0,0,0,0,ON,ON,0,0,1
256,0,13.690,Not Avl,Compl,Compl,Unable,OFF,Not Avl,Compl,Compl,Unable,OFF,42.188,55.469,36.875,37.500,19.531,39.551,15.686,31.765,0.781,1.582,ON,0,OFF,ON,ON,0.999,0.999,0.016,0.012,3.327,3.322,0,97,51199.219,13.437,25.882,OFF,OFF,OFF,OFF,OFF,OFF,OFF,Avail,Incmpl,Incmpl,Enable,Avail,225.700,54.900,225.700,54.900,ON,Avail,Compl,Enable,80,0,0,0,0,0,0,6,A,0,0,Avail,Incmpl,Incmpl,Enable,OFF,OFF,87,699,51199.219,51199.219,51199.219,51199.219,51199.219,51199.219,1GRFE ,0,Avail,Incmpl,Incmpl,Enable,0,OFF,OFF,OFF,OFF,ON,ON,Avail,Compl,Enable,Compl,CL,CL,Compl,Unable,Not Avl,Compl,Incmpl,Enable,OFF,0,15,579,ON,81.250,20,0.110,2490,16,21,-3,OFF,1.562,5.469,4.010,OFF,0,0,85,Avail,Compl,Enable,0,GRN2#  ,ON,0,ACTIVE,ACTIVE,0.972,0.952,0.780,0.760,213.012,172.160,Avail,Compl,Avail,Incmpl,Incmpl,Enable,OBD II (California ARB),OFF,OFF,0,0,0,1st,OFF,OFF,OFF,OFF,OFF,OFF,1.562,0.781,ON,OFF,650,0,OFF,OFF,OFF,ON,Gasoline,0.986,OFF,OFF,0.684,ON,1.172,14.902,19,0,0.742,0.742,2.324,0.742,0.918,2.031,46.667,0,14.902,40,0,0,OFF,ECT 5th,NA,OFF,97.900,97.900,14.510,0,Not Avl,0,0,0,0,ON,ON,0,0,1
257,0,13.683,Not Avl,Compl,Compl,Unable,OFF,Not Avl,Compl,Compl,Unable,OFF,40.625,58.594,36.875,37.500,19.531,39.551,15.686,31.765,0.781,1.582,ON,0,OFF,ON,ON,0.999,0.997,0.016,0.008,3.327,3.313,0,97,51199.219,13.437,25.490,OFF,OFF,OFF,OFF,OFF,OFF,OFF,Avail,Incmpl,Incmpl,Enable,Avail,227.300,55,227.300,55,ON,Avail,Compl,Enable,80,0,0,0,0,0,0,6,A,0,0,Avail,Incmpl,Incmpl,Enable,OFF,OFF,87,707.750,51199.219,51199.219,51199.219,51199.219,51199.219,51199.219,1GRFE ,0,Avail,Incmpl,Incmpl,Enable,0,OFF,OFF,OFF,OFF,ON,ON,Avail,Compl,Enable,Compl,CL,CL,Compl,Unable,Not Avl,Compl,Incmpl,Enable,OFF,0,15,598,ON,81.250,20,0.110,2487,16,21,-3,OFF,1.562,5.469,4,OFF,0,0,85,Avail,Compl,Enable,0,GRN2#  ,ON,0,ACTIVE,ACTIVE,0.972,0.952,0.780,0.760,211.391,171.188,Avail,Compl,Avail,Incmpl,Incmpl,Enable,OBD II (California ARB),OFF,OFF,0,0,0,1st,OFF,OFF,OFF,OFF,OFF,OFF,1.562,0.781,ON,OFF,650,0,OFF,OFF,OFF,ON,Gasoline,0.985,OFF,OFF,0.684,ON,1.172,14.902,19,0,0.742,0.742,2.324,0.742,0.918,2.031,46.667,0,14.902,40,0,0,OFF,ECT 5th,NA,OFF,97.900,97.900,14.118,0,Not Avl,0,0,0,0,ON,ON,0,0,1
258,0,13.672,Not Avl,Compl,Compl,Unable,OFF,Not Avl,Compl,Compl,Unable,OFF,40.625,54.688,36.875,37.500,19.531,39.551,15.686,31.765,0.781,1.582,ON,0,OFF,ON,ON,0.998,0.997,0.012,0.008,3.318,3.313,0,97,51199.219,13.437,25.882,OFF,OFF,OFF,OFF,OFF,OFF,OFF,Avail,Incmpl,Incmpl,Enable,Avail,227.300,55,227.300,55,ON,Avail,Compl,Enable,80,0,0,0,0,0,0,6,A,0,0,Avail,Incmpl,Incmpl,Enable,OFF,OFF,88,696,51199.219,51199.219,51199.219,51199.219,51199.219,51199.219,1GRFE ,0,Avail,Incmpl,Incmpl,Enable,0,OFF,OFF,OFF,OFF,ON,ON,Avail,Compl,Enable,Compl,CL,CL,Compl,Unable,Not Avl,Compl,Incmpl,Enable,OFF,0,15,13,ON,81.250,20,0.110,2501,16,21,-3,OFF,1.562,5.469,3.960,OFF,0,0,85,Avail,Compl,Enable,0,GRN2#  ,ON,0,ACTIVE,ACTIVE,0.972,0.952,0.780,0.760,210.742,170.215,Avail,Compl,Avail,Incmpl,Incmpl,Enable,OBD II (California ARB),OFF,OFF,0,0,0,1st,OFF,OFF,OFF,OFF,OFF,OFF,1.562,0,ON,OFF,650,0,OFF,OFF,OFF,ON,Gasoline,0.985,OFF,OFF,0.684,ON,1.172,14.902,19,0,0.742,0.742,2.324,0.742,0.918,2.031,46.667,0,14.902,40,0,0,OFF,ECT 5th,NA,OFF,97.900,97.900,14.118,0,Not Avl,0,0,0,0,ON,ON,0,0,1
259,0,13.690,Not Avl,Compl,Compl,Unable,OFF,Not Avl,Compl,Compl,Unable,OFF,40.625,49.219,36.875,37.500,19.531,39.551,15.686,31.765,0.781,1.582,ON,0,OFF,ON,ON,0.999,0.996,0.012,0.004,3.322,3.308,0,97,51199.219,13.457,25.882,OFF,OFF,OFF,OFF,OFF,OFF,OFF,Avail,Incmpl,Incmpl,Enable,Avail,227.300,55,227.300,55,ON,Avail,Compl,Enable,80,0,0,0,0,0,0,6,A,0,0,Avail,Incmpl,Incmpl,Enable,OFF,OFF,88,704.500,51199.219,51199.219,51199.219,51199.219,51199.219,51199.219,1GRFE ,0,Avail,Incmpl,Incmpl,Enable,0,OFF,OFF,OFF,OFF,ON,ON,Avail,Compl,Enable,Compl,CL,CL,Compl,Unable,Not Avl,Compl,Incmpl,Enable,OFF,0,15,27,ON,81.250,20,0.110,2490,16,21,-3,OFF,1.562,5.469,3.960,OFF,0,0,85,Avail,Compl,Enable,0,GRN2#  ,ON,0,ACTIVE,ACTIVE,0.967,0.947,0.780,0.760,209.445,169.242,Avail,Compl,Avail,Incmpl,Incmpl,Enable,OBD II (California ARB),OFF,OFF,0,0,0,1st,OFF,OFF,OFF,OFF,OFF,OFF,1.562,0,ON,OFF,650,0,OFF,OFF,OFF,ON,Gasoline,0.986,OFF,OFF,0.684,ON,1.172,14.902,19,0,0.742,0.742,2.324,0.742,0.918,2.031,46.667,0,14.902,40,0,0,OFF,ECT 5th,NA,OFF,97.900,97.900,14.118,0,Not Avl,0,0,0,0,ON,ON,0,0,1
260,0,13.687,Not Avl,Compl,Compl,Unable,OFF,Not Avl,Compl,Compl,Unable,OFF,50,42.969,36.875,37.500,19.531,39.551,15.686,31.765,0.781,1.582,ON,0,OFF,ON,ON,0.998,0.995,0.008,0,3.313,3.303,0,97,51199.219,13.437,25.490,OFF,OFF,OFF,OFF,OFF,OFF,OFF,Avail,Incmpl,Incmpl,Enable,Avail,228.900,55,228.900,55,ON,Avail,Compl,Enable,80,0,0,0,0,0,0,6,A,0,0,Avail,Incmpl,Incmpl,Enable,OFF,OFF,89,705.250,51199.219,51199.219,51199.219,51199.219,51199.219,51199.219,1GRFE ,0,Avail,Incmpl,Incmpl,Enable,0,OFF,OFF,OFF,OFF,ON,ON,Avail,Compl,Enable,Compl,CL,CL,Compl,Unable,Not Avl,Compl,Incmpl,Enable,OFF,0,15,43,ON,81.250,20,0.110,2483,16,21,-3,OFF,1.562,5.469,3.960,OFF,0,0,82,Avail,Compl,Enable,0,GRN2#  ,ON,0,ACTIVE,ACTIVE,0.967,0.947,0.780,0.760,207.824,168.918,Avail,Compl,Avail,Incmpl,Incmpl,Enable,OBD II (California ARB),OFF,OFF,0,0,0,1st,OFF,OFF,OFF,OFF,OFF,OFF,1.562,0,ON,OFF,650,0,OFF,OFF,OFF,ON,Gasoline,0.984,OFF,OFF,0.684,ON,1.172,14.902,19,0,0.742,0.742,2.324,0.742,0.918,2.031,46.667,0,14.902,40,0,0,OFF,ECT 5th,NA,OFF,97.900,97.900,14.118,0,Not Avl,0,0,0,0,ON,ON,0,0,1
261,0,13.682,Not Avl,Compl,Compl,Unable,OFF,Not Avl,Compl,Compl,Unable,OFF,55.469,41.406,36.875,37.500,19.531,39.551,15.686,31.765,0.781,1.582,ON,0,OFF,ON,ON,0.998,0.998,0.012,0.012,3.322,3.318,0,97,51199.219,13.437,25.490,OFF,OFF,OFF,OFF,OFF,OFF,OFF,Avail,Incmpl,Incmpl,Enable,Avail,228.900,55,228.900,55,ON,Avail,Compl,Enable,80,0,0,0,0,0,0,6,A,0,0,Avail,Incmpl,Incmpl,Enable,OFF,OFF,89,706.250,51199.219,51199.219,51199.219,51199.219,51199.219,51199.219,1GRFE ,0,Avail,Incmpl,Incmpl,Enable,0,OFF,OFF,OFF,OFF,ON,ON,Avail,Compl,Enable,Compl,CL,CL,Compl,Unable,Not Avl,Compl,Incmpl,Enable,OFF,0,15,54,ON,81.250,20,0.110,2487,16,21,-3,OFF,1.562,5.469,4.010,OFF,0,0,82,Avail,Compl,Enable,0,GRN2#  ,ON,0,ACTIVE,ACTIVE,0.972,0.952,0.780,0.760,207.176,167.621,Avail,Compl,Avail,Incmpl,Incmpl,Enable,OBD II (California ARB),OFF,OFF,0,0,0,1st,OFF,OFF,OFF,OFF,OFF,OFF,1.562,0,ON,OFF,650,0,OFF,OFF,OFF,ON,Gasoline,0.984,OFF,OFF,0.684,ON,1.172,14.902,19,0,0.742,0.742,2.324,0.742,0.918,2.031,46.667,0,14.902,40,0,0,OFF,ECT 5th,NA,OFF,97.900,97.900,14.118,0,Not Avl,0,0,0,0,ON,ON,0,0,1
262,0,13.682,Not Avl,Compl,Compl,Unable,OFF,Not Avl,Compl,Compl,Unable,OFF,59.375,40.625,36.875,37.500,19.531,39.551,15.686,31.765,0.781,1.582,ON,0,OFF,ON,ON,1.000,0.998,0.020,0.012,3.332,3.318,0,97,51199.219,13.437,25.882,OFF,OFF,OFF,OFF,OFF,OFF,OFF,Avail,Incmpl,Incmpl,Enable,Avail,228.900,55,228.900,55,ON,Avail,Compl,Enable,80,0,0,0,0,0,0,6,A,0,0,Avail,Incmpl,Incmpl,Enable,OFF,OFF,89,701.500,51199.219,51199.219,51199.219,51199.219,51199.219,51199.219,1GRFE ,0,Avail,Incmpl,Incmpl,Enable,0,OFF,OFF,OFF,OFF,ON,ON,Avail,Compl,Enable,Compl,CL,CL,Compl,Unable,Not Avl,Compl,Incmpl,Enable,OFF,0,15,67,ON,81.250,20,0.110,2516,16,21,-3,OFF,1.562,5.469,4.010,OFF,0,0,82,Avail,Compl,Enable,0,GRN2#  ,ON,0,ACTIVE,ACTIVE,0.972,0.952,0.780,0.760,205.555,167.297,Avail,Compl,Avail,Incmpl,Incmpl,Enable,OBD II (California ARB),OFF,OFF,0,0,0,1st,OFF,OFF,OFF,OFF,OFF,OFF,1.562,0,ON,OFF,650,0,OFF,OFF,OFF,ON,Gasoline,0.984,OFF,OFF,0.684,ON,1.094,14.902,18,0,0.742,0.742,2.324,0.742,0.918,2.031,46.667,0,14.902,40,0,0,OFF,ECT 5th,NA,OFF,97.900,97.900,14.118,0,Not Avl,0,0,0,0,ON,ON,0,0,1
263,0,13.680,Not Avl,Compl,Compl,Unable,OFF,Not Avl,Compl,Compl,Unable,OFF,61.719,40.625,36.875,37.500,19.531,39.551,15.686,31.765,0.781,1.582,ON,0,OFF,ON,ON,1.000,0.998,0.020,0.012,3.332,3.318,0,97,51199.219,13.437,25.490,OFF,OFF,OFF,OFF,OFF,OFF,OFF,Avail,Incmpl,Incmpl,Enable,Avail,230.300,55.100,230.300,55.100,ON,Avail,Compl,Enable,80,0,0,0,0,0,0,6,A,0,0,Avail,Incmpl,Incmpl,Enable,OFF,OFF,90,702.250,51199.219,51199.219,51199.219,51199.219,51199.219,51199.219,1GRFE ,0,Avail,Incmpl,Incmpl,Enable,0,OFF,OFF,OFF,OFF,ON,ON,Avail,Compl,Enable,Compl,CL,CL,Compl,Unable,Not Avl,Compl,Incmpl,Enable,OFF,0,15,80,ON,81.250,20,0.110,2494,16,21,-3,OFF,1.562,5.469,4.010,OFF,0,0,64,Avail,Compl,Enable,0,GRN2#  ,ON,0,ACTIVE,ACTIVE,0.967,0.947,0.780,0.760,205.230,166.324,Avail,Compl,Avail,Incmpl,Incmpl,Enable,OBD II (California ARB),OFF,OFF,0,0,0,1st,OFF,OFF,OFF,OFF,OFF,OFF,1.562,0,ON,OFF,650,0,OFF,OFF,OFF,ON,Gasoline,0.985,OFF,OFF,0.684,ON,1.094,14.902,18,0,0.742,0.742,2.324,0.742,0.918,2.031,46.667,0,14.902,40,0,0,OFF,ECT 5th,NA,OFF,97.900,97.900,14.118,0,Not Avl,0,0,0,0,ON,ON,0,0,1
264,0,13.690,Not Avl,Compl,Compl,Unable,OFF,Not Avl,Compl,Compl,Unable,OFF,61.719,40.625,36.875,37.500,19.531,39.551,15.686,31.765,0.781,1.582,ON,0,OFF,ON,ON,0.996,0.996,0.004,0.004,3.308,3.308,0,97,51199.219,13.437,25.490,OFF,OFF,OFF,OFF,OFF,OFF,OFF,Avail,Incmpl,Incmpl,Enable,Avail,230.300,55.100,230.300,55.100,ON,Avail,Compl,Enable,80,0,0,0,0,0,0,6,A,0,0,Avail,Incmpl,Incmpl,Enable,OFF,OFF,90,700,51199.219,51199.219,51199.219,51199.219,51199.219,51199.219,1GRFE ,0,Avail,Incmpl,Incmpl,Enable,0,OFF,OFF,OFF,OFF,ON,ON,Avail,Compl,Enable,Compl,CL,CL,Compl,Unable,Not Avl,Compl,Incmpl,Enable,OFF,0,15,92,ON,81.250,20,0.110,2505,16,21,-3,OFF,1.562,5.469,4.010,OFF,0,0,64,Avail,Compl,Enable,0,GRN2#  ,ON,0,ACTIVE,ACTIVE,0.972,0.952,0.780,0.760,204.582,166,Avail,Compl,Avail,Incmpl,Incmpl,Enable,OBD II (California ARB),OFF,OFF,0,0,0,1st,OFF,OFF,OFF,OFF,OFF,OFF,1.562,0,ON,OFF,650,0,OFF,OFF,OFF,ON,Gasoline,0.984,OFF,OFF,0.684,ON,1.094,14.902,18,0,0.742,0.742,2.324,0.742,0.918,2.031,46.667,0,14.902,40,0,0,OFF,ECT 5th,NA,OFF,97.900,97.900,14.510,0,Not Avl,0,0,0,0,ON,ON,0,0,1
265,0,13.680,Not Avl,Compl,Compl,Unable,OFF,Not Avl,Compl,Compl,Unable,OFF,61.719,40.625,36.875,37.500,19.531,39.551,15.686,31.765,0.781,1.582,ON,0,OFF,ON,ON,0.998,0.999,0.012,0.012,3.322,3.322,0,97,51199.219,13.437,25.882,OFF,OFF,OFF,OFF,OFF,OFF,OFF,Avail,Incmpl,Incmpl,Enable,Avail,230.300,55.100,230.300,55.100,ON,Avail,Compl,Enable,80,0,0,0,0,0,0,6,A,0,0,Avail,Incmpl,Incmpl,Enable,OFF,OFF,90,702.250,51199.219,51199.219,51199.219,51199.219,51199.219,51199.219,1GRFE ,0,Avail,Incmpl,Incmpl,Enable,0,OFF,OFF,OFF,OFF,ON,ON,Avail,Compl,Enable,Compl,CL,CL,Compl,Unable,Not Avl,Compl,Incmpl,Enable,OFF,0,15,105,ON,81.250,20,0.111,2512,16,21,-3,OFF,1.562,5.469,3.980,OFF,0,0,64,Avail,Compl,Enable,0,GRN2#  ,ON,0,ACTIVE,ACTIVE,0.972,0.952,0.780,0.760,203.285,164.703,Avail,Compl,Avail,Incmpl,Incmpl,Enable,OBD II (California ARB),OFF,OFF,0,0,0,1st,OFF,OFF,OFF,OFF,OFF,OFF,1.562,0,ON,OFF,650,0,OFF,OFF,OFF,ON,Gasoline,0.986,OFF,OFF,0.684,ON,1.094,14.902,18,0,0.742,0.742,2.324,0.742,0.918,2.031,46.667,0,14.902,40,0,0,OFF,ECT 5th,NA,OFF,97.900,97.900,14.118,0,Not Avl,0,0,0,0,ON,ON,0,0,1
266,0,13.687,Not Avl,Compl,Compl,Unable,OFF,Not Avl,Compl,Compl,Unable,OFF,49.219,50,36.875,37.500,19.531,39.551,15.686,31.765,0.781,1.582,ON,0,OFF,ON,ON,0.998,0.999,0.012,0.012,3.322,3.322,0,97,51199.219,13.437,25.882,OFF,OFF,OFF,OFF,OFF,OFF,OFF,Avail,Incmpl,Incmpl,Enable,Avail,231.800,55.200,231.800,55.200,ON,Avail,Compl,Enable,80,0,0,0,0,0,0,6,A,0,0,Avail,Incmpl,Incmpl,Enable,OFF,OFF,91,707.750,51199.219,51199.219,51199.219,51199.219,51199.219,51199.219,1GRFE ,0,Avail,Incmpl,Incmpl,Enable,0,OFF,OFF,OFF,OFF,ON,ON,Avail,Compl,Enable,Compl,CL,CL,Compl,Unable,Not Avl,Compl,Incmpl,Enable,OFF,0,15,117,ON,81.250,20,0.111,2508,16,21,-3,OFF,1.562,5.469,3.980,OFF,0,0,72,Avail,Compl,Enable,0,GRN2#  ,ON,0,ACTIVE,ACTIVE,0.972,0.952,0.780,0.760,203.609,164.703,Avail,Compl,Avail,Incmpl,Incmpl,Enable,OBD II (California ARB),OFF,OFF,0,0,0,1st,OFF,OFF,OFF,OFF,OFF,OFF,1.562,0,ON,OFF,650,0,OFF,OFF,OFF,ON,Gasoline,0.986,OFF,OFF,0.684,ON,1.094,14.902,18,0,0.742,0.742,2.324,0.742,0.918,2.031,46.667,0,14.902,40,0,0,OFF,ECT 5th,NA,OFF,97.900,97.900,14.118,0,Not Avl,0,0,0,0,ON,ON,0,0,1
267,0,13.676,Not Avl,Compl,Compl,Unable,OFF,Not Avl,Compl,Compl,Unable,OFF,43.750,54.688,36.875,37.500,19.531,39.551,15.686,31.765,0.781,1.582,ON,0,OFF,ON,ON,0.997,0.998,0.012,0.012,3.318,3.318,0,97,51199.219,13.437,25.882,OFF,OFF,OFF,OFF,OFF,OFF,OFF,Avail,Incmpl,Incmpl,Enable,Avail,231.800,55.200,231.800,55.200,ON,Avail,Compl,Enable,80,0,0,0,0,0,0,6,A,0,0,Avail,Incmpl,Incmpl,Enable,OFF,OFF,91,700,51199.219,51199.219,51199.219,51199.219,51199.219,51199.219,1GRFE ,0,Avail,Incmpl,Incmpl,Enable,0,OFF,OFF,OFF,OFF,ON,ON,Avail,Compl,Enable,Compl,CL,CL,Compl,Unable,Not Avl,Compl,Incmpl,Enable,OFF,0,15,130,ON,81.250,20,0.111,2490,16,21,-3,OFF,1.562,5.469,3.960,OFF,0,0,72,Avail,Compl,Enable,0,GRN2#  ,ON,0,ACTIVE,ACTIVE,0.967,0.952,0.780,0.760,201.988,163.730,Avail,Compl,Avail,Incmpl,Incmpl,Enable,OBD II (California ARB),OFF,OFF,0,0,0,1st,OFF,OFF,OFF,OFF,OFF,OFF,1.562,0,ON,OFF,650,0,OFF,OFF,OFF,ON,Gasoline,0.986,OFF,OFF,0.684,ON,1.094,14.902,18,0,0.742,0.742,2.324,0.742,0.918,2.031,46.667,0,14.902,40,0,0,OFF,ECT 5th,NA,OFF,97.900,97.900,14.118,0,Not Avl,0,0,0,0,ON,ON,0,0,1
268,0,13.690,Not Avl,Compl,Compl,Unable,OFF,Not Avl,Compl,Compl,Unable,OFF,41.406,56.250,36.875,37.500,19.531,39.551,15.686,31.765,0.781,1.582,ON,0,OFF,ON,ON,0.998,0.999,0.012,0.012,3.318,3.322,0,97,51199.219,13.437,25.490,OFF,OFF,OFF,OFF,OFF,OFF,OFF,Avail,Incmpl,Incmpl,Enable,Avail,233.200,55.300,233.200,55.300,ON,Avail,Compl,Enable,80,0,0,0,0,0,0,6,A,0,0,Avail,Incmpl,Incmpl,Enable,OFF,OFF,92,700.750,51199.219,51199.219,51199.219,51199.219,51199.219,51199.219,1GRFE ,0,Avail,Incmpl,Incmpl,Enable,0,OFF,OFF,OFF,OFF,ON,ON,Avail,Compl,Enable,Compl,CL,CL,Compl,Unable,Not Avl,Compl,Incmpl,Enable,OFF,0,15,143,ON,81.250,20,0.111,2483,16,21,-3,OFF,1.562,5.469,3.960,OFF,0,0,72,Avail,Compl,Enable,0,GRN2#  ,ON,0,ACTIVE,ACTIVE,0.972,0.952,0.780,0.760,202.312,162.758,Avail,Compl,Avail,Incmpl,Incmpl,Enable,OBD II (California ARB),OFF,OFF,0,0,0,1st,OFF,OFF,OFF,OFF,OFF,OFF,1.562,0,ON,OFF,650,0,OFF,OFF,OFF,ON,Gasoline,0.986,OFF,OFF,0.684,ON,1.094,14.902,18,0,0.742,0.742,2.324,0.742,0.918,2.031,46.667,0,14.902,40,0,0,OFF,ECT 5th,NA,OFF,97.900,97.900,14.118,0,Not Avl,0,0,0,0,ON,ON,0,0,1
269,0,13.676,Not Avl,Compl,Compl,Unable,OFF,Not Avl,Compl,Compl,Unable,OFF,40.625,60.156,36.875,37.500,19.531,39.551,15.686,31.765,0.781,1.582,ON,0,OFF,ON,ON,0.999,1.000,0.016,0.020,3.327,3.332,0,97,51199.219,13.437,25.882,OFF,OFF,OFF,OFF,OFF,OFF,OFF,Avail,Incmpl,Incmpl,Enable,Avail,233.200,55.300,233.200,55.300,ON,Avail,Compl,Enable,80,0,0,0,0,0,0,6,A,0,0,Avail,Incmpl,Incmpl,Enable,OFF,OFF,92,692.750,51199.219,51199.219,51199.219,51199.219,51199.219,51199.219,1GRFE ,0,Avail,Incmpl,Incmpl,Enable,0,OFF,OFF,OFF,OFF,ON,ON,Avail,Compl,Enable,Compl,CL,CL,Compl,Unable,Not Avl,Compl,Incmpl,Enable,OFF,0,15,158,ON,81.250,20,0.111,2505,16,21,-3,OFF,1.562,5.469,4.010,OFF,0,0,75,Avail,Compl,Enable,0,GRN2#  ,ON,0,ACTIVE,ACTIVE,0.972,0.952,0.780,0.760,200.367,162.758,Avail,Compl,Avail,Incmpl,Incmpl,Enable,OBD II (California ARB),OFF,OFF,0,0,0,1st,OFF,OFF,OFF,OFF,OFF,OFF,1.562,0,ON,OFF,650,0,OFF,OFF,OFF,ON,Gasoline,0.986,OFF,OFF,0.684,ON,1.094,14.902,18,0,0.742,0.742,2.324,0.742,0.918,2.031,46.667,0,14.902,40,0,0,OFF,ECT 5th,NA,OFF,97.900,97.900,14.510,0,Not Avl,0,0,0,0,ON,ON,0,0,1
270,0,13.672,Not Avl,Compl,Compl,Unable,OFF,Not Avl,Compl,Compl,Unable,OFF,40.625,61.719,36.875,37.500,19.531,39.551,15.686,31.765,0.781,1.582,ON,0,OFF,ON,ON,0.999,1.003,0.016,0.027,3.327,3.347,0,97,51199.219,13.437,25.882,OFF,OFF,OFF,OFF,OFF,OFF,OFF,Avail,Incmpl,Incmpl,Enable,Avail,233.200,55.300,233.200,55.300,ON,Avail,Compl,Enable,80,0,0,0,0,0,0,6,A,0,0,Avail,Incmpl,Incmpl,Enable,OFF,OFF,92,694.500,51199.219,51199.219,51199.219,51199.219,51199.219,51199.219,1GRFE ,0,Avail,Incmpl,Incmpl,Enable,0,OFF,OFF,OFF,OFF,ON,ON,Avail,Compl,Enable,Compl,CL,CL,Compl,Unable,Not Avl,Compl,Incmpl,Enable,OFF,0,15,173,ON,81.250,20,0.111,2498,16,21,-3,OFF,1.562,5.469,3.960,OFF,0,0,75,Avail,Compl,Enable,0,GRN2#  ,ON,0,ACTIVE,ACTIVE,0.967,0.947,0.780,0.760,200.367,162.109,Avail,Compl,Avail,Incmpl,Incmpl,Enable,OBD II (California ARB),OFF,OFF,0,0,0,1st,OFF,OFF,OFF,OFF,OFF,OFF,1.562,0.781,ON,OFF,650,0,OFF,OFF,OFF,ON,Gasoline,0.986,OFF,OFF,0.684,ON,1.094,14.902,18,0,0.742,0.742,2.324,0.742,0.918,2.031,46.667,0,14.902,40,0,0,OFF,ECT 5th,NA,OFF,97.900,97.900,14.118,0,Not Avl,0,0,0,0,ON,ON,0,0,1
271,0,13.682,Not Avl,Compl,Compl,Unable,OFF,Not Avl,Compl,Compl,Unable,OFF,40.625,49.219,36.875,37.500,19.531,39.551,15.686,31.765,0.781,1.582,ON,0,OFF,ON,ON,1.002,1.002,0.027,0.023,3.347,3.342,0,97,51199.219,13.437,25.490,OFF,OFF,OFF,OFF,OFF,OFF,OFF,Avail,Incmpl,Incmpl,Enable,Avail,234.600,55.300,234.600,55.300,ON,Avail,Compl,Enable,80,0,0,0,0,0,0,6,A,0,0,Avail,Incmpl,Incmpl,Enable,OFF,OFF,93,705.250,51199.219,51199.219,51199.219,51199.219,51199.219,51199.219,1GRFE ,0,Avail,Incmpl,Incmpl,Enable,0,OFF,OFF,OFF,OFF,ON,ON,Avail,Compl,Enable,Compl,CL,CL,Compl,Unable,Not Avl,Compl,Incmpl,Enable,OFF,0,15,187,ON,81.250,20,0.111,2501,16,21,-3,OFF,1.562,5.469,3.960,OFF,0,0,83,Avail,Compl,Enable,0,GRN2#  ,ON,0,ACTIVE,ACTIVE,0.967,0.947,0.780,0.760,198.746,161.461,Avail,Compl,Avail,Incmpl,Incmpl,Enable,OBD II (California ARB),OFF,OFF,0,0,0,1st,OFF,OFF,OFF,OFF,OFF,OFF,1.562,0.781,ON,OFF,650,0,OFF,OFF,OFF,ON,Gasoline,0.985,OFF,OFF,0.684,ON,1.094,14.902,18,0,0.742,0.742,2.324,0.742,0.918,2.031,46.667,0,14.902,40,0,0,OFF,ECT 5th,NA,OFF,97.900,97.900,14.118,0,Not Avl,0,0,0,0,ON,ON,0,0,1
272,0,13.687,Not Avl,Compl,Compl,Unable,OFF,Not Avl,Compl,Compl,Unable,OFF,50,42.969,36.875,37.500,19.531,39.551,15.686,31.765,0.781,1.582,ON,0,OFF,ON,ON,0.999,1.001,0.016,0.020,3.327,3.332,0,97,51199.219,13.437,25.490,OFF,OFF,OFF,OFF,OFF,OFF,OFF,Avail,Incmpl,Incmpl,Enable,Avail,234.600,55.300,234.600,55.300,ON,Avail,Compl,Enable,80,0,0,0,0,0,0,6,A,0,0,Avail,Incmpl,Incmpl,Enable,OFF,OFF,93,707.750,51199.219,51199.219,51199.219,51199.219,51199.219,51199.219,1GRFE ,0,Avail,Incmpl,Incmpl,Enable,0,OFF,OFF,OFF,OFF,ON,ON,Avail,Compl,Enable,Compl,CL,CL,Compl,Unable,Not Avl,Compl,Incmpl,Enable,OFF,0,15,204,ON,81.250,20,0.111,2490,16,21,-3,OFF,1.562,5.469,3.960,OFF,0,0,83,Avail,Compl,Enable,0,GRN2#  ,ON,0,ACTIVE,ACTIVE,0.967,0.947,0.780,0.760,197.773,160.488,Avail,Compl,Avail,Incmpl,Incmpl,Enable,OBD II (California ARB),OFF,OFF,0,0,0,1st,OFF,OFF,OFF,OFF,OFF,OFF,1.562,0.781,ON,OFF,650,0,OFF,OFF,OFF,ON,Gasoline,0.983,OFF,OFF,0.684,ON,1.094,14.902,18,0,0.742,0.742,2.324,0.742,0.918,2.031,46.667,0,14.902,40,0,0,OFF,ECT 5th,NA,OFF,97.900,97.900,14.118,0,Not Avl,0,0,0,0,ON,ON,0,0,1
273,0,13.682,Not Avl,Compl,Compl,Unable,OFF,Not Avl,Compl,Compl,Unable,OFF,57.031,40.625,36.875,37.500,19.531,39.551,15.686,31.765,0.781,1.582,ON,0,OFF,ON,ON,0.996,1.000,0.008,0.016,3.313,3.327,0,97,51199.219,13.437,25.490,OFF,OFF,OFF,OFF,OFF,OFF,OFF,Avail,Incmpl,Incmpl,Enable,Avail,235.900,55.400,235.900,55.400,ON,Avail,Compl,Enable,80,0,0,0,0,0,0,6,A,0,0,Avail,Incmpl,Incmpl,Enable,OFF,OFF,94,707.750,51199.219,51199.219,51199.219,51199.219,51199.219,51199.219,1GRFE ,0,Avail,Incmpl,Incmpl,Enable,0,OFF,OFF,OFF,OFF,ON,ON,Avail,Compl,Enable,Compl,CL,CL,Compl,Unable,Not Avl,Compl,Incmpl,Enable,OFF,0,15,219,ON,81.250,20,0.111,2487,16,21,-3,OFF,1.562,5.469,4,OFF,0,0,87,Avail,Compl,Enable,0,GRN2#  ,ON,0,ACTIVE,ACTIVE,0.972,0.952,0.780,0.760,196.801,159.840,Avail,Compl,Avail,Incmpl,Incmpl,Enable,OBD II (California ARB),OFF,OFF,0,0,0,1st,OFF,OFF,OFF,OFF,OFF,OFF,1.562,0.781,ON,OFF,650,0,OFF,OFF,OFF,ON,Gasoline,0.983,OFF,OFF,0.684,ON,1.094,14.902,18,0,0.742,0.742,2.324,0.742,0.918,2.031,46.667,0,14.902,40,0,0,OFF,ECT 5th,NA,OFF,97.900,97.900,14.118,0,Not Avl,0,0,0,0,ON,ON,0,0,1
274,0,13.672,Not Avl,Compl,Compl,Unable,OFF,Not Avl,Compl,Compl,Unable,OFF,60.938,40.625,36.875,37.500,19.531,39.551,15.686,31.765,0.781,1.582,ON,0,OFF,ON,ON,0.994,0.998,0,0.012,3.298,3.322,0,97,51199.219,13.437,25.490,OFF,OFF,OFF,OFF,OFF,OFF,OFF,Avail,Incmpl,Incmpl,Enable,Avail,235.900,55.400,235.900,55.400,ON,Avail,Compl,Enable,80,0,0,0,0,0,0,6,A,0,0,Avail,Incmpl,Incmpl,Enable,OFF,OFF,94,702.250,51199.219,51199.219,51199.219,51199.219,51199.219,51199.219,1GRFE ,0,Avail,Incmpl,Incmpl,Enable,0,OFF,OFF,OFF,OFF,ON,ON,Avail,Compl,Enable,Compl,CL,CL,Compl,Unable,Not Avl,Compl,Incmpl,Enable,OFF,0,15,240,ON,81.250,20,0.111,2483,16,21,-3,OFF,1.562,5.469,3.980,OFF,0,0,87,Avail,Compl,Enable,0,GRN2#  ,ON,0,ACTIVE,ACTIVE,0.967,0.947,0.780,0.760,196.152,158.867,Avail,Compl,Avail,Incmpl,Incmpl,Enable,OBD II (California ARB),OFF,OFF,0,0,0,1st,OFF,OFF,OFF,OFF,OFF,OFF,1.562,0.781,ON,OFF,650,0,OFF,OFF,OFF,ON,Gasoline,0.984,OFF,OFF,0.684,ON,1.094,14.902,18,0,0.742,0.742,2.324,0.742,0.918,2.031,46.667,0,14.902,40,0,0,OFF,ECT 5th,NA,OFF,97.900,97.922,14.118,0,Not Avl,0,0,0,0,ON,ON,0,0,1
275,0,13.672,Not Avl,Compl,Compl,Unable,OFF,Not Avl,Compl,Compl,Unable,OFF,61.719,40.625,36.875,37.500,19.531,39.551,15.686,31.765,0.781,1.582,ON,0,OFF,ON,ON,0.997,0.998,0.012,0.012,3.318,3.318,0,97,51199.219,13.437,25.882,OFF,OFF,OFF,OFF,OFF,OFF,OFF,Avail,Incmpl,Incmpl,Enable,Avail,237.200,55.500,237.200,55.500,ON,Avail,Compl,Enable,80,0,0,0,0,0,0,6,A,0,0,Avail,Incmpl,Incmpl,Enable,OFF,OFF,95,696.750,51199.219,51199.219,51199.219,51199.219,51199.219,51199.219,1GRFE ,0,Avail,Incmpl,Incmpl,Enable,0,OFF,OFF,OFF,OFF,ON,ON,Avail,Compl,Enable,Compl,CL,CL,Compl,Unable,Not Avl,Compl,Incmpl,Enable,OFF,0,15,256,ON,81.250,20,0.111,2498,16,21,-3,OFF,1.562,5.469,3.960,OFF,0,0,81,Avail,Compl,Enable,0,GRN2#  ,ON,0,ACTIVE,ACTIVE,0.967,0.947,0.760,0.760,195.180,158.219,Avail,Compl,Avail,Incmpl,Incmpl,Enable,OBD II (California ARB),OFF,OFF,0,0,0,1st,OFF,OFF,OFF,OFF,OFF,OFF,1.562,0.781,ON,OFF,650,0,OFF,OFF,OFF,ON,Gasoline,0.987,OFF,OFF,0.684,ON,1.094,14.902,18,0,0.742,0.742,2.324,0.742,0.918,2.031,46.667,0,14.902,40,0,0,OFF,ECT 5th,NA,OFF,97.900,97.900,14.118,0,Not Avl,0,0,0,0,ON,ON,0,0,1
276,0,13.672,Not Avl,Compl,Compl,Unable,OFF,Not Avl,Compl,Compl,Unable,OFF,52.344,40.625,36.875,37.500,19.531,39.551,15.686,31.765,0.781,1.582,ON,0,OFF,ON,ON,0.998,0.995,0.016,0.004,3.327,3.308,0,97,51199.219,13.437,25.882,OFF,OFF,OFF,OFF,OFF,OFF,OFF,Avail,Incmpl,Incmpl,Enable,Avail,237.200,55.500,237.200,55.500,ON,Avail,Compl,Enable,80,0,0,0,0,0,0,6,A,0,0,Avail,Incmpl,Incmpl,Enable,OFF,OFF,95,696,51199.219,51199.219,51199.219,51199.219,51199.219,51199.219,1GRFE ,0,Avail,Incmpl,Incmpl,Enable,0,OFF,OFF,OFF,OFF,ON,ON,Avail,Compl,Enable,Compl,CL,CL,Compl,Unable,Not Avl,Compl,Incmpl,Enable,OFF,0,15,273,ON,81.250,20,0.111,2512,16,21,-3,OFF,1.562,5.469,4,OFF,0,0,81,Avail,Compl,Enable,0,GRN2#  ,ON,0,ACTIVE,ACTIVE,0.967,0.947,0.760,0.760,193.559,157.570,Avail,Compl,Avail,Incmpl,Incmpl,Enable,OBD II (California ARB),OFF,OFF,0,0,0,1st,OFF,OFF,OFF,OFF,OFF,OFF,1.562,0,ON,OFF,650,0,OFF,OFF,OFF,ON,Gasoline,0.987,OFF,OFF,0.684,ON,1.094,14.902,18,0,0.742,0.742,2.324,0.742,0.918,2.031,46.667,0,14.902,40,0,0,OFF,ECT 5th,NA,OFF,97.900,97.900,14.510,0,Not Avl,0,0,0,0,ON,ON,0,0,1
277,0,13.672,Not Avl,Compl,Compl,Unable,OFF,Not Avl,Compl,Compl,Unable,OFF,43.750,44.531,36.875,37.500,19.531,39.551,15.686,31.765,0.781,1.582,ON,0,OFF,ON,ON,0.999,0.996,0.016,0.004,3.327,3.308,0,97,51199.219,13.437,25.882,OFF,OFF,OFF,OFF,OFF,OFF,OFF,Avail,Incmpl,Incmpl,Enable,Avail,238.500,55.600,238.500,55.600,ON,Avail,Compl,Enable,80,0,0,0,0,0,0,6,A,0,0,Avail,Incmpl,Incmpl,Enable,OFF,OFF,96,702.250,51199.219,51199.219,51199.219,51199.219,51199.219,51199.219,1GRFE ,0,Avail,Incmpl,Incmpl,Enable,0,OFF,OFF,OFF,OFF,ON,ON,Avail,Compl,Enable,Compl,CL,CL,Compl,Unable,Not Avl,Compl,Incmpl,Enable,OFF,0,15,291,ON,81.250,20,0.111,2523,16,21,-3,OFF,1.562,5.469,3.980,OFF,0,0,82,Avail,Compl,Enable,0,GRN2#  ,ON,0,ACTIVE,ACTIVE,0.967,0.947,0.760,0.760,192.586,156.922,Avail,Compl,Avail,Incmpl,Incmpl,Enable,OBD II (California ARB),OFF,OFF,0,0,0,1st,OFF,OFF,OFF,OFF,OFF,OFF,1.562,0,ON,OFF,650,0,OFF,OFF,OFF,ON,Gasoline,0.987,OFF,OFF,0.684,ON,1.094,14.902,18,0,0.742,0.742,2.324,0.742,0.918,2.031,46.667,0,14.902,40,0,0,OFF,ECT 5th,NA,OFF,97.900,97.900,14.118,0,Not Avl,0,0,0,0,ON,ON,0,0,1
278,0,13.682,Not Avl,Compl,Compl,Unable,OFF,Not Avl,Compl,Compl,Unable,OFF,42.188,52.344,36.875,37.500,19.531,39.551,15.686,31.765,0.781,1.582,ON,0,OFF,ON,ON,1.001,0.996,0.023,0.008,3.342,3.313,0,97,51199.219,13.417,25.882,OFF,OFF,OFF,OFF,OFF,OFF,OFF,Avail,Incmpl,Incmpl,Enable,Avail,238.500,55.600,238.500,55.600,ON,Avail,Compl,Enable,80,0,0,0,0,0,0,6,A,0,0,Avail,Incmpl,Incmpl,Enable,OFF,OFF,96,699,51199.219,51199.219,51199.219,51199.219,51199.219,51199.219,1GRFE ,0,Avail,Incmpl,Incmpl,Enable,0,OFF,OFF,OFF,OFF,ON,ON,Avail,Compl,Enable,Compl,CL,CL,Compl,Unable,Not Avl,Compl,Incmpl,Enable,OFF,0,15,302,ON,81.250,20,0.111,2498,16,21,-3,OFF,1.562,5.469,3.960,OFF,0,0,82,Avail,Compl,Enable,0,GRN2#  ,ON,0,ACTIVE,ACTIVE,0.967,0.947,0.760,0.760,192.262,155.949,Avail,Compl,Avail,Incmpl,Incmpl,Enable,OBD II (California ARB),OFF,OFF,0,0,0,1st,OFF,OFF,OFF,OFF,OFF,OFF,1.562,0,ON,OFF,650,0,OFF,OFF,OFF,ON,Gasoline,0.986,OFF,OFF,0.684,ON,1.094,14.902,18,0,0.742,0.742,2.324,0.742,0.918,2.031,46.667,0,14.902,40,0,0,OFF,ECT 5th,NA,OFF,97.900,97.900,14.118,0,Not Avl,0,0,0,0,ON,ON,0,0,1
279,0,13.679,Not Avl,Compl,Compl,Unable,OFF,Not Avl,Compl,Compl,Unable,OFF,40.625,54.688,36.875,37.500,19.531,39.551,15.686,31.765,0.781,1.582,ON,0,OFF,ON,ON,1.002,0.997,0.027,0.008,3.347,3.313,0,97,51199.219,13.437,25.882,OFF,OFF,OFF,OFF,OFF,OFF,OFF,Avail,Incmpl,Incmpl,Enable,Avail,238.500,55.600,238.500,55.600,ON,Avail,Compl,Enable,80,0,0,0,0,0,0,6,A,0,0,Avail,Incmpl,Incmpl,Enable,OFF,OFF,96,700.750,51199.219,51199.219,51199.219,51199.219,51199.219,51199.219,1GRFE ,0,Avail,Incmpl,Incmpl,Enable,0,OFF,OFF,OFF,OFF,ON,ON,Avail,Compl,Enable,Compl,CL,CL,Compl,Unable,Not Avl,Compl,Incmpl,Enable,OFF,0,15,316,ON,81.250,20,0.111,2502,16,21,-3,OFF,1.562,5.469,3.960,OFF,0,0,82,Avail,Compl,Enable,0,GRN2#  ,ON,0,ACTIVE,ACTIVE,0.967,0.947,0.760,0.760,191.938,155.301,Avail,Compl,Avail,Incmpl,Incmpl,Enable,OBD II (California ARB),OFF,OFF,0,0,0,1st,OFF,OFF,OFF,OFF,OFF,OFF,1.562,0,ON,OFF,650,0,OFF,OFF,OFF,ON,Gasoline,0.986,OFF,OFF,0.684,ON,1.094,14.902,18,0,0.742,0.742,2.324,0.742,0.918,2.031,46.667,0,14.902,40,0,0,OFF,ECT 5th,NA,OFF,97.900,97.900,14.118,0,Not Avl,0,0,0,0,ON,ON,0,0,1
280,0,13.672,Not Avl,Compl,Compl,Unable,OFF,Not Avl,Compl,Compl,Unable,OFF,40.625,59.375,36.875,37.500,19.531,39.551,15.686,31.765,0.781,1.582,ON,0,OFF,ON,ON,1.000,0.998,0.020,0.012,3.332,3.322,0,97,51199.219,13.437,25.882,OFF,OFF,OFF,OFF,OFF,OFF,OFF,Avail,Incmpl,Incmpl,Enable,Avail,239.700,55.700,239.700,55.700,ON,Avail,Compl,Enable,80,0,0,0,0,0,0,6,A,0,0,Avail,Incmpl,Incmpl,Enable,OFF,OFF,97,696,51199.219,51199.219,51199.219,51199.219,51199.219,51199.219,1GRFE ,0,Avail,Incmpl,Incmpl,Enable,0,OFF,OFF,OFF,OFF,ON,ON,Avail,Compl,Enable,Compl,CL,CL,Compl,Unable,Not Avl,Compl,Incmpl,Enable,OFF,0,15,330,ON,81.250,20,0.111,2509,16,21,-3,OFF,1.562,5.469,3.960,OFF,0,0,79,Avail,Compl,Enable,0,GRN2#  ,ON,0,ACTIVE,ACTIVE,0.967,0.947,0.760,0.760,190.965,154.977,Avail,Compl,Avail,Incmpl,Incmpl,Enable,OBD II (California ARB),OFF,OFF,0,0,0,1st,OFF,OFF,OFF,OFF,OFF,OFF,1.562,0,ON,OFF,650,0,OFF,OFF,OFF,ON,Gasoline,0.985,OFF,OFF,0.684,ON,1.094,14.902,18,0,0.742,0.742,2.324,0.742,0.918,2.031,46.667,0,14.902,40,0,0,OFF,ECT 5th,NA,OFF,97.900,97.900,14.118,0,Not Avl,0,0,0,0,ON,ON,0,0,1
281,0,13.672,Not Avl,Compl,Compl,Unable,OFF,Not Avl,Compl,Compl,Unable,OFF,40.625,61.719,36.875,37.500,19.531,39.551,15.686,31.765,0.781,1.582,ON,0,OFF,ON,ON,0.997,1.000,0.012,0.020,3.318,3.332,0,97,51199.219,13.437,25.882,OFF,OFF,OFF,OFF,OFF,OFF,OFF,Avail,Incmpl,Incmpl,Enable,Avail,239.700,55.700,239.700,55.700,ON,Avail,Compl,Enable,80,0,0,0,0,0,0,6,A,0,0,Avail,Incmpl,Incmpl,Enable,OFF,OFF,97,697.500,51199.219,51199.219,51199.219,51199.219,51199.219,51199.219,1GRFE ,0,Avail,Incmpl,Incmpl,Enable,0,OFF,OFF,OFF,OFF,ON,ON,Avail,Compl,Enable,Compl,CL,CL,Compl,Unable,Not Avl,Compl,Incmpl,Enable,OFF,0,15,342,ON,81.250,20,0.111,2501,16,21,-3,OFF,1.562,5.469,3.960,OFF,0,0,79,Avail,Compl,Enable,0,GRN2#  ,ON,0,ACTIVE,ACTIVE,0.967,0.947,0.760,0.760,191.938,154.004,Avail,Compl,Avail,Incmpl,Incmpl,Enable,OBD II (California ARB),OFF,OFF,0,0,0,1st,OFF,OFF,OFF,OFF,OFF,OFF,1.562,0,ON,OFF,650,0,OFF,OFF,OFF,ON,Gasoline,0.985,OFF,OFF,0.684,ON,1.094,14.902,18,0,0.742,0.742,2.324,0.742,0.918,2.031,46.667,0,14.902,40,0,0,OFF,ECT 5th,NA,OFF,97.900,97.900,14.118,0,Not Avl,0,0,0,0,ON,ON,0,0,1
282,0,13.672,Not Avl,Compl,Compl,Unable,OFF,Not Avl,Compl,Compl,Unable,OFF,40.625,52.344,36.875,37.500,19.531,39.551,15.686,31.765,0.781,1.582,ON,0,OFF,ON,ON,1.000,0.998,0.020,0.012,3.332,3.322,0,97,51199.219,13.437,25.490,OFF,OFF,OFF,OFF,OFF,OFF,OFF,Avail,Incmpl,Incmpl,Enable,Avail,239.700,55.700,239.700,55.700,ON,Avail,Compl,Enable,80,0,0,0,0,0,0,6,A,0,0,Avail,Incmpl,Incmpl,Enable,OFF,OFF,97,703,51199.219,51199.219,51199.219,51199.219,51199.219,51199.219,1GRFE ,0,Avail,Incmpl,Incmpl,Enable,0,OFF,OFF,OFF,OFF,ON,ON,Avail,Compl,Enable,Compl,CL,CL,Compl,Unable,Not Avl,Compl,Incmpl,Enable,OFF,0,15,355,ON,81.250,20,0.111,2490,16,21,-3,OFF,1.562,5.469,3.960,OFF,0,0,79,Avail,Compl,Enable,0,GRN2#  ,ON,0,ACTIVE,ACTIVE,0.967,0.947,0.760,0.760,189.668,154.004,Avail,Compl,Avail,Incmpl,Incmpl,Enable,OBD II (California ARB),OFF,OFF,0,0,0,1st,OFF,OFF,OFF,OFF,OFF,OFF,1.562,0,ON,OFF,650,0,OFF,OFF,OFF,ON,Gasoline,0.985,OFF,OFF,0.684,ON,1.094,14.902,18,0,0.742,0.742,2.324,0.742,0.918,2.031,46.667,0,14.902,40,0,0,OFF,ECT 5th,NA,OFF,97.900,97.900,14.118,0,Not Avl,0,0,0,0,ON,ON,0,0,1
283,0,13.672,Not Avl,Compl,Compl,Unable,OFF,Not Avl,Compl,Compl,Unable,OFF,50,50.781,36.875,37.500,19.531,39.551,15.686,31.765,0.781,1.582,ON,0,OFF,ON,ON,0.999,0.998,0.020,0.012,3.332,3.322,0,97,51199.219,13.417,25.490,OFF,OFF,OFF,OFF,OFF,OFF,OFF,Avail,Incmpl,Incmpl,Enable,Avail,240.900,55.700,240.900,55.700,ON,Avail,Compl,Enable,80,0,0,0,0,0,0,6,A,0,0,Avail,Incmpl,Incmpl,Enable,OFF,OFF,98,698.250,51199.219,51199.219,51199.219,51199.219,51199.219,51199.219,1GRFE ,0,Avail,Incmpl,Incmpl,Enable,0,OFF,OFF,OFF,OFF,ON,ON,Avail,Compl,Enable,Compl,CL,CL,Compl,Unable,Not Avl,Compl,Incmpl,Enable,OFF,0,15,368,ON,81.250,20,0.111,2490,16,21,-3,OFF,1.562,5.469,3.960,OFF,0,0,85,Avail,Compl,Enable,0,GRN2#  ,ON,0,ACTIVE,ACTIVE,0.967,0.947,0.760,0.760,189.020,154.004,Avail,Compl,Avail,Incmpl,Incmpl,Enable,OBD II (California ARB),OFF,OFF,0,0,0,1st,OFF,OFF,OFF,OFF,OFF,OFF,1.562,0,ON,OFF,650,0,OFF,OFF,OFF,ON,Gasoline,0.985,OFF,OFF,0.684,ON,1.094,14.902,18,0,0.742,0.742,2.324,0.742,0.918,2.031,46.667,0,14.902,40,0,0,OFF,ECT 5th,NA,OFF,97.900,97.900,14.118,0,Not Avl,0,0,0,0,ON,ON,0,0,1
284,0,13.671,Not Avl,Compl,Compl,Unable,OFF,Not Avl,Compl,Compl,Unable,OFF,57.031,44.531,36.875,37.500,19.531,39.551,15.686,31.765,0.781,1.582,ON,0,OFF,ON,ON,0.999,0.998,0.016,0.012,3.327,3.322,0,97,51199.219,13.437,25.882,OFF,OFF,OFF,OFF,OFF,OFF,OFF,Avail,Incmpl,Incmpl,Enable,Avail,240.900,55.700,240.900,55.700,ON,Avail,Compl,Enable,80,0,0,0,0,0,0,6,A,0,0,Avail,Incmpl,Incmpl,Enable,OFF,OFF,98,694.500,51199.219,51199.219,51199.219,51199.219,51199.219,51199.219,1GRFE ,0,Avail,Incmpl,Incmpl,Enable,0,OFF,OFF,OFF,OFF,ON,ON,Avail,Compl,Enable,Compl,CL,CL,Compl,Unable,Not Avl,Compl,Incmpl,Enable,OFF,0,15,381,ON,81.250,20,0.111,2509,16,21,-3,OFF,1.562,5.469,3.960,OFF,0,0,85,Avail,Compl,Enable,0,GRN2#  ,ON,0,ACTIVE,ACTIVE,0.967,0.947,0.760,0.760,187.074,153.031,Avail,Compl,Avail,Incmpl,Incmpl,Enable,OBD II (California ARB),OFF,OFF,0,0,0,1st,OFF,OFF,OFF,OFF,OFF,OFF,1.562,0,ON,OFF,650,0,OFF,OFF,OFF,ON,Gasoline,0.984,OFF,OFF,0.684,ON,1.094,14.902,18,0,0.742,0.742,2.324,0.742,0.918,2.031,46.667,0,14.902,40,0,0,OFF,ECT 5th,NA,OFF,97.900,97.900,14.118,0,Not Avl,0,0,0,0,ON,ON,0,0,1
285,0,13.672,Not Avl,Compl,Compl,Unable,OFF,Not Avl,Compl,Compl,Unable,OFF,60.156,41.406,36.875,37.500,19.531,39.551,15.686,31.765,0.781,1.582,ON,0,OFF,ON,ON,0.996,0.999,0.012,0.012,3.318,3.322,0,97,51199.219,13.417,25.490,OFF,OFF,OFF,OFF,OFF,OFF,OFF,Avail,Incmpl,Incmpl,Enable,Avail,240.900,55.700,240.900,55.700,ON,Avail,Compl,Enable,80,0,0,0,0,0,0,6,A,0,0,Avail,Incmpl,Incmpl,Enable,OFF,OFF,99,700,51199.219,51199.219,51199.219,51199.219,51199.219,51199.219,1GRFE ,0,Avail,Incmpl,Incmpl,Enable,0,OFF,OFF,OFF,OFF,ON,ON,Avail,Compl,Enable,Compl,CL,CL,Compl,Unable,Not Avl,Compl,Incmpl,Enable,OFF,0,15,393,ON,81.250,20,0.111,2498,16,21,-3,OFF,1.562,5.469,3.960,OFF,0,0,85,Avail,Compl,Enable,0,GRN2#  ,ON,0,ACTIVE,ACTIVE,0.962,0.947,0.760,0.760,187.398,152.383,Avail,Compl,Avail,Incmpl,Incmpl,Enable,OBD II (California ARB),OFF,OFF,0,0,0,1st,OFF,OFF,OFF,OFF,OFF,OFF,1.562,0,ON,OFF,650,0,OFF,OFF,OFF,ON,Gasoline,0.985,OFF,OFF,0.684,ON,1.094,14.902,18,0,0.742,0.742,2.324,0.742,0.918,2.031,46.667,0,14.902,40,0,0,OFF,ECT 5th,NA,OFF,97.900,97.900,14.118,0,Not Avl,0,0,0,0,ON,ON,0,0,1
286,0,13.671,Not Avl,Compl,Compl,Unable,OFF,Not Avl,Compl,Compl,Unable,OFF,61.719,40.625,36.875,37.500,19.531,39.551,15.686,31.765,0.781,1.582,ON,0,OFF,ON,ON,1.000,0.999,0.020,0.012,3.332,3.322,0,97,51199.219,13.437,25.882,OFF,OFF,OFF,OFF,OFF,OFF,OFF,Avail,Incmpl,Incmpl,Enable,Avail,242.100,55.800,242.100,55.800,ON,Avail,Compl,Enable,80,0,0,0,0,0,0,6,A,0,0,Avail,Incmpl,Incmpl,Enable,OFF,OFF,99,688.250,51199.219,51199.219,51199.219,51199.219,51199.219,51199.219,1GRFE ,0,Avail,Incmpl,Incmpl,Enable,0,OFF,OFF,OFF,OFF,ON,ON,Avail,Compl,Enable,Compl,CL,CL,Compl,Unable,Not Avl,Compl,Incmpl,Enable,OFF,0,15,407,ON,81.250,20,0.111,2527,16,21,-3,OFF,1.562,5.469,4,OFF,0,0,75,Avail,Compl,Enable,0,GRN2#  ,ON,0,ACTIVE,ACTIVE,0.972,0.952,0.760,0.760,186.750,151.734,Avail,Compl,Avail,Incmpl,Incmpl,Enable,OBD II (California ARB),OFF,OFF,0,0,0,1st,OFF,OFF,OFF,OFF,OFF,OFF,1.562,0,ON,OFF,650,0,OFF,OFF,OFF,ON,Gasoline,0.985,OFF,OFF,0.684,ON,1.094,14.902,18,0,0.742,0.742,2.324,0.742,0.918,2.031,46.667,0,14.902,40,0,0,OFF,ECT 5th,NA,OFF,97.900,97.900,14.510,0,Not Avl,0,0,0,0,ON,ON,0,0,1
287,0,13.676,Not Avl,Compl,Compl,Unable,OFF,Not Avl,Compl,Compl,Unable,OFF,61.719,40.625,36.875,37.500,19.531,39.551,15.686,31.765,0.781,1.582,ON,0,OFF,ON,ON,0.998,0.997,0.016,0.012,3.327,3.318,0,97,51199.219,13.437,25.882,OFF,OFF,OFF,OFF,OFF,OFF,OFF,Avail,Incmpl,Incmpl,Enable,Avail,242.100,55.800,242.100,55.800,ON,Avail,Compl,Enable,80,0,0,0,0,0,0,6,A,0,0,Avail,Incmpl,Incmpl,Enable,OFF,OFF,99,704.500,51199.219,51199.219,51199.219,51199.219,51199.219,51199.219,1GRFE ,0,Avail,Incmpl,Incmpl,Enable,0,OFF,OFF,OFF,OFF,ON,ON,Avail,Compl,Enable,Compl,CL,CL,Compl,Unable,Not Avl,Compl,Incmpl,Enable,OFF,0,15,422,ON,81.250,20,0.111,2498,16,21,-3,OFF,1.562,5.469,3.960,OFF,0,0,75,Avail,Compl,Enable,0,GRN2#  ,ON,0,ACTIVE,ACTIVE,0.967,0.947,0.760,0.760,185.777,151.734,Avail,Compl,Avail,Incmpl,Incmpl,Enable,OBD II (California ARB),OFF,OFF,0,0,0,1st,OFF,OFF,OFF,OFF,OFF,OFF,1.562,0,ON,OFF,650,0,OFF,OFF,OFF,ON,Gasoline,0.984,OFF,OFF,0.684,ON,1.094,14.902,18,0,0.742,0.742,2.324,0.742,0.918,2.031,46.667,0,14.902,40,0,0,OFF,ECT 5th,NA,OFF,97.900,97.900,14.118,0,Not Avl,0,0,0,0,ON,ON,0,0,1
288,0,13.690,Not Avl,Compl,Compl,Unable,OFF,Not Avl,Compl,Compl,Unable,OFF,52.344,40.625,36.875,37.500,19.531,39.551,15.686,31.765,0.781,1.582,ON,0,OFF,ON,ON,0.997,0.996,0.012,0.008,3.318,3.313,0,97,51199.219,13.437,25.490,OFF,OFF,OFF,OFF,OFF,OFF,OFF,Avail,Incmpl,Incmpl,Enable,Avail,243.300,55.900,243.300,55.900,ON,Avail,Compl,Enable,80,0,0,0,0,0,0,6,A,0,0,Avail,Incmpl,Incmpl,Enable,OFF,OFF,100,706.250,51199.219,51199.219,51199.219,51199.219,51199.219,51199.219,1GRFE ,0,Avail,Incmpl,Incmpl,Enable,0,OFF,OFF,OFF,OFF,ON,ON,Avail,Compl,Enable,Compl,CL,CL,Compl,Unable,Not Avl,Compl,Incmpl,Enable,OFF,0,15,437,ON,81.250,20,0.111,2490,16,21,-3,OFF,1.562,5.469,3.960,OFF,0,0,84,Avail,Compl,Enable,0,GRN2#  ,ON,0,ACTIVE,ACTIVE,0.967,0.947,0.760,0.760,185.453,150.762,Avail,Compl,Avail,Incmpl,Incmpl,Enable,OBD II (California ARB),OFF,OFF,0,0,0,1st,OFF,OFF,OFF,OFF,OFF,OFF,1.562,0,ON,OFF,650,0,OFF,OFF,OFF,ON,Gasoline,0.985,OFF,OFF,0.684,ON,1.094,14.902,18,0,0.742,0.742,2.324,0.742,0.918,2.031,46.667,0,14.902,40,0,0,OFF,ECT 5th,NA,OFF,97.900,97.900,14.118,0,Not Avl,0,0,0,0,ON,ON,0,0,1
289,0,13.672,Not Avl,Compl,Compl,Unable,OFF,Not Avl,Compl,Compl,Unable,OFF,45.312,40.625,36.875,37.500,19.531,39.551,15.686,31.765,0.781,1.582,ON,0,OFF,ON,ON,0.997,0.999,0.012,0.016,3.322,3.327,0,97,51199.219,13.417,25.882,OFF,OFF,OFF,OFF,OFF,OFF,OFF,Avail,Incmpl,Incmpl,Enable,Avail,243.300,55.900,243.300,55.900,ON,Avail,Compl,Enable,80,0,0,0,0,0,0,6,A,0,0,Avail,Incmpl,Incmpl,Enable,OFF,OFF,100,699,51199.219,51199.219,51199.219,51199.219,51199.219,51199.219,1GRFE ,0,Avail,Incmpl,Incmpl,Enable,0,OFF,OFF,OFF,OFF,ON,ON,Avail,Compl,Enable,Compl,CL,CL,Compl,Unable,Not Avl,Compl,Incmpl,Enable,OFF,0,15,453,ON,81.250,20,0.111,2502,16,21,-3,OFF,1.562,5.469,3.960,OFF,0,0,84,Avail,Compl,Enable,0,GRN2#  ,ON,0,ACTIVE,ACTIVE,0.967,0.947,0.760,0.760,184.805,150.113,Avail,Compl,Avail,Incmpl,Incmpl,Enable,OBD II (California ARB),OFF,OFF,0,0,0,1st,OFF,OFF,OFF,OFF,OFF,OFF,1.562,0,ON,OFF,650,0,OFF,OFF,OFF,ON,Gasoline,0.985,OFF,OFF,0.684,ON,1.094,14.902,18,0,0.742,0.742,2.324,0.742,0.918,2.031,46.667,0,14.902,40,0,0,OFF,ECT 5th,NA,OFF,97.900,97.900,14.118,0,Not Avl,0,0,0,0,ON,ON,0,0,1
290,0,13.672,Not Avl,Compl,Compl,Unable,OFF,Not Avl,Compl,Compl,Unable,OFF,41.406,53.125,36.875,37.500,19.531,39.551,15.686,31.765,0.781,1.582,ON,0,OFF,ON,ON,0.998,0.998,0.012,0.012,3.322,3.322,0,97,51199.219,13.437,25.882,OFF,OFF,OFF,OFF,OFF,OFF,OFF,Avail,Incmpl,Incmpl,Enable,Avail,243.300,55.900,243.300,55.900,ON,Avail,Compl,Enable,80,0,0,0,0,0,0,6,A,0,0,Avail,Incmpl,Incmpl,Enable,OFF,OFF,101,692,51199.219,51199.219,51199.219,51199.219,51199.219,51199.219,1GRFE ,0,Avail,Incmpl,Incmpl,Enable,0,OFF,OFF,OFF,OFF,ON,ON,Avail,Compl,Enable,Compl,CL,CL,Compl,Unable,Not Avl,Compl,Incmpl,Enable,OFF,0,15,471,ON,81.250,20,0.111,2520,16,21,-3,OFF,1.562,5.469,3.980,OFF,0,0,84,Avail,Compl,Enable,0,GRN2#  ,ON,0,ACTIVE,ACTIVE,0.967,0.947,0.760,0.760,183.832,149.789,Avail,Compl,Avail,Incmpl,Incmpl,Enable,OBD II (California ARB),OFF,OFF,0,0,0,1st,OFF,OFF,OFF,OFF,OFF,OFF,1.562,0,ON,OFF,650,0,OFF,OFF,OFF,ON,Gasoline,0.987,OFF,OFF,0.684,ON,1.094,14.902,18,0,0.742,0.742,2.324,0.742,0.918,2.031,46.667,0,14.902,40,0,0,OFF,ECT 5th,NA,OFF,97.900,97.900,14.510,0,Not Avl,0,0,0,0,ON,ON,0,0,1
291,0,13.672,Not Avl,Compl,Compl,Unable,OFF,Not Avl,Compl,Compl,Unable,OFF,40.625,58.594,36.875,37.500,19.531,39.551,15.686,31.765,0.781,1.582,ON,0,OFF,ON,ON,1.000,0.999,0.023,0.016,3.337,3.327,0,97,51199.219,13.437,25.490,OFF,OFF,OFF,OFF,OFF,OFF,OFF,Avail,Incmpl,Incmpl,Enable,Avail,244.500,56,244.500,56,ON,Avail,Compl,Enable,80,0,0,0,0,0,0,6,A,0,0,Avail,Incmpl,Incmpl,Enable,OFF,OFF,101,696.750,51199.219,51199.219,51199.219,51199.219,51199.219,51199.219,1GRFE ,0,Avail,Incmpl,Incmpl,Enable,0,OFF,OFF,OFF,OFF,ON,ON,Avail,Compl,Enable,Compl,CL,CL,Compl,Unable,Not Avl,Compl,Incmpl,Enable,OFF,0,15,486,ON,81.250,20,0.111,2501,16,21,-3,OFF,1.562,5.469,3.960,OFF,0,0,81,Avail,Compl,Enable,0,GRN2#  ,ON,0,ACTIVE,ACTIVE,0.967,0.947,0.780,0.760,182.535,149.465,Avail,Compl,Avail,Incmpl,Incmpl,Enable,OBD II (California ARB),OFF,OFF,0,0,0,1st,OFF,OFF,OFF,OFF,OFF,OFF,1.562,0,ON,OFF,650,0,OFF,OFF,OFF,ON,Gasoline,0.985,OFF,OFF,0.684,ON,1.094,14.902,18,0,0.742,0.742,2.324,0.742,0.918,2.031,46.667,0,14.902,40,0,0,OFF,ECT 5th,NA,OFF,97.900,97.900,14.118,0,Not Avl,0,0,0,0,ON,ON,0,0,1
292,0,13.682,Not Avl,Compl,Compl,Unable,OFF,Not Avl,Compl,Compl,Unable,OFF,40.625,60.938,36.875,37.500,19.531,39.551,15.686,31.765,0.781,1.582,ON,0,OFF,ON,ON,1.002,1.000,0.023,0.020,3.342,3.332,0,97,51199.219,13.417,25.882,OFF,OFF,OFF,OFF,OFF,OFF,OFF,Avail,Incmpl,Incmpl,Enable,Avail,244.500,56,244.500,56,ON,Avail,Compl,Enable,80,0,0,0,0,0,0,6,A,0,0,Avail,Incmpl,Incmpl,Enable,OFF,OFF,102,701.500,51199.219,51199.219,51199.219,51199.219,51199.219,51199.219,1GRFE ,0,Avail,Incmpl,Incmpl,Enable,0,OFF,OFF,OFF,OFF,ON,ON,Avail,Compl,Enable,Compl,CL,CL,Compl,Unable,Not Avl,Compl,Incmpl,Enable,OFF,0,15,500,ON,81.250,20,0.111,2505,16,21,-3,OFF,1.562,5.469,3.980,OFF,0,0,81,Avail,Compl,Enable,0,GRN2#  ,ON,0,ACTIVE,ACTIVE,0.967,0.947,0.780,0.760,182.859,148.816,Avail,Compl,Avail,Incmpl,Incmpl,Enable,OBD II (California ARB),OFF,OFF,0,0,0,1st,OFF,OFF,OFF,OFF,OFF,OFF,1.562,0,ON,OFF,650,0,OFF,OFF,OFF,ON,Gasoline,0.984,OFF,OFF,0.684,ON,1.094,14.902,18,0,0.742,0.742,2.324,0.742,0.918,2.031,46.667,0,14.902,40,0,0,OFF,ECT 5th,NA,OFF,97.900,97.900,14.118,0,Not Avl,0,0,0,0,ON,ON,0,0,1
293,0,13.672,Not Avl,Compl,Compl,Unable,OFF,Not Avl,Compl,Compl,Unable,OFF,40.625,54.688,36.875,37.500,19.531,39.551,15.686,31.765,0.781,1.582,ON,0,OFF,ON,ON,0.995,0.998,0.004,0.016,3.308,3.327,0,97,51199.219,13.437,25.882,OFF,OFF,OFF,OFF,OFF,OFF,OFF,Avail,Incmpl,Incmpl,Enable,Avail,245.600,56,245.600,56,ON,Avail,Compl,Enable,80,0,0,0,0,0,0,6,A,0,0,Avail,Incmpl,Incmpl,Enable,OFF,OFF,102,700.750,51199.219,51199.219,51199.219,51199.219,51199.219,51199.219,1GRFE ,0,Avail,Incmpl,Incmpl,Enable,0,OFF,OFF,OFF,OFF,ON,ON,Avail,Compl,Enable,Compl,CL,CL,Compl,Unable,Not Avl,Compl,Incmpl,Enable,OFF,0,15,518,ON,81.250,20,0.111,2501,16,21,-3,OFF,1.562,5.469,3.960,OFF,0,0,77,Avail,Compl,Enable,0,GRN2#  ,ON,0,ACTIVE,ACTIVE,0.967,0.947,0.760,0.760,181.887,148.492,Avail,Compl,Avail,Incmpl,Incmpl,Enable,OBD II (California ARB),OFF,OFF,0,0,0,1st,OFF,OFF,OFF,OFF,OFF,OFF,1.562,0,ON,OFF,650,0,OFF,OFF,OFF,ON,Gasoline,0.982,OFF,OFF,0.684,ON,1.094,14.902,18,0,0.742,0.742,2.324,0.742,0.918,2.031,46.667,0,14.902,41,0,0,OFF,ECT 5th,NA,OFF,97.900,97.900,14.118,0,Not Avl,0,0,0,0,ON,ON,0,0,1
294,0,13.671,Not Avl,Compl,Compl,Unable,OFF,Not Avl,Compl,Compl,Unable,OFF,50,44.531,36.875,37.500,19.531,39.551,15.686,31.765,0.781,1.582,ON,0,OFF,ON,ON,0.992,0.995,0,0.004,3.293,3.308,0,97,51199.219,13.437,25.490,OFF,OFF,OFF,OFF,OFF,OFF,OFF,Avail,Incmpl,Incmpl,Enable,Avail,245.600,56,245.600,56,ON,Avail,Compl,Enable,80,0,0,0,0,0,0,6,A,0,0,Avail,Incmpl,Incmpl,Enable,OFF,OFF,102,691.250,51199.219,51199.219,51199.219,51199.219,51199.219,51199.219,1GRFE ,0,Avail,Incmpl,Incmpl,Enable,0,OFF,OFF,OFF,OFF,ON,ON,Avail,Compl,Enable,Compl,CL,CL,Compl,Unable,Not Avl,Compl,Incmpl,Enable,OFF,0,15,534,ON,81.250,20,0.111,2498,16,21,-3,OFF,1.562,5.469,3.920,OFF,0,0,77,Avail,Compl,Enable,0,GRN2#  ,ON,0,ACTIVE,ACTIVE,0.967,0.947,0.760,0.760,181.887,147.844,Avail,Compl,Avail,Incmpl,Incmpl,Enable,OBD II (California ARB),OFF,OFF,0,0,0,1st,OFF,OFF,OFF,OFF,OFF,OFF,1.562,0,ON,OFF,650,0,OFF,OFF,OFF,ON,Gasoline,0.985,OFF,OFF,0.684,ON,1.094,14.902,18,0,0.742,0.742,2.324,0.742,0.918,2.031,46.667,0,14.902,41,0,0,OFF,ECT 5th,NA,OFF,97.900,97.900,14.118,0,Not Avl,0,0,0,0,ON,ON,0,0,1
295,0,13.671,Not Avl,Compl,Compl,Unable,OFF,Not Avl,Compl,Compl,Unable,OFF,57.031,41.406,36.875,37.500,19.531,39.551,15.686,31.765,0.781,1.582,ON,0,OFF,ON,ON,0.995,0.998,0.004,0.012,3.308,3.322,0,97,51199.219,13.437,25.882,OFF,OFF,OFF,OFF,OFF,OFF,OFF,Avail,Incmpl,Incmpl,Enable,Avail,246.700,56.100,246.700,56.100,ON,Avail,Compl,Enable,80,0,0,0,0,0,0,6,A,0,0,Avail,Incmpl,Incmpl,Enable,OFF,OFF,103,692,51199.219,51199.219,51199.219,51199.219,51199.219,51199.219,1GRFE ,0,Avail,Incmpl,Incmpl,Enable,0,OFF,OFF,OFF,OFF,ON,ON,Avail,Compl,Enable,Compl,CL,CL,Compl,Unable,Not Avl,Compl,Incmpl,Enable,OFF,0,15,550,ON,81.250,20,0.111,2505,16,21,-3,OFF,1.562,5.469,3.960,OFF,0,0,83,Avail,Compl,Enable,0,GRN2#  ,ON,0,ACTIVE,ACTIVE,0.967,0.947,0.760,0.760,180.590,147.520,Avail,Compl,Avail,Incmpl,Incmpl,Enable,OBD II (California ARB),OFF,OFF,0,0,0,1st,OFF,OFF,OFF,OFF,OFF,OFF,1.562,0,ON,OFF,650,0,OFF,OFF,OFF,ON,Gasoline,0.988,OFF,OFF,0.684,ON,1.094,14.902,18,0,0.742,0.742,2.324,0.742,0.918,2.031,46.667,0,14.902,41,0,0,OFF,ECT 5th,NA,OFF,97.900,97.900,14.510,0,Not Avl,0,0,0,0,ON,ON,0,0,1
296,0,13.672,Not Avl,Compl,Compl,Unable,OFF,Not Avl,Compl,Compl,Unable,OFF,60.938,40.625,36.875,37.500,19.531,39.551,15.686,31.765,0.781,1.582,ON,0,OFF,ON,ON,1.001,0.998,0.039,0.027,3.342,3.322,0,97,51199.219,13.417,25.882,OFF,OFF,OFF,OFF,OFF,OFF,OFF,Avail,Incmpl,Incmpl,Enable,Avail,246.700,56.100,246.700,56.100,ON,Avail,Compl,Enable,80,0,0,0,0,0,0,6,A,0,0,Avail,Incmpl,Incmpl,Enable,OFF,OFF,103,695.250,51199.219,51199.219,51199.219,51199.219,51199.219,51199.219,1GRFE ,0,Avail,Incmpl,Incmpl,Enable,0,OFF,OFF,OFF,OFF,ON,ON,Avail,Compl,Enable,Compl,CL,CL,Compl,Unable,Not Avl,Compl,Incmpl,Enable,OFF,0,15,568,ON,81.250,20,0.111,2512,16,21,-3,OFF,1.562,5.469,3.960,OFF,0,0,83,Avail,Compl,Enable,0,GRN2#  ,ON,0,ACTIVE,ACTIVE,0.967,0.947,0.760,0.760,179.617,146.547,Avail,Compl,Avail,Incmpl,Incmpl,Enable,OBD II (California ARB),OFF,OFF,0,0,0,1st,OFF,OFF,OFF,OFF,OFF,OFF,1.562,0,ON,OFF,650,0,OFF,OFF,OFF,ON,Gasoline,0.987,OFF,OFF,0.684,ON,1.094,14.902,18,0,0.742,0.742,2.324,0.742,0.918,2.031,46.667,0,14.902,41,0,0,OFF,ECT 5th,NA,OFF,97.900,97.900,14.118,0,Not Avl,0,0,0,0,ON,ON,0,0,1
297,0,13.676,Not Avl,Compl,Compl,Unable,OFF,Not Avl,Compl,Compl,Unable,OFF,61.719,40.625,36.875,37.500,19.531,39.551,15.686,31.765,0.781,1.582,ON,0,OFF,ON,ON,0.999,0.998,0.020,0.016,3.332,3.327,0,97,51199.219,13.437,25.882,OFF,OFF,OFF,OFF,OFF,OFF,OFF,Avail,Incmpl,Incmpl,Enable,Avail,247.800,56.200,247.800,56.200,ON,Avail,Compl,Enable,80,0,0,0,0,0,0,6,A,0,0,Avail,Incmpl,Incmpl,Enable,OFF,OFF,104,696.750,51199.219,51199.219,51199.219,51199.219,51199.219,51199.219,1GRFE ,0,Avail,Incmpl,Incmpl,Enable,0,OFF,OFF,OFF,OFF,ON,ON,Avail,Compl,Enable,Compl,CL,CL,Compl,Unable,Not Avl,Compl,Incmpl,Enable,OFF,0,15,583,ON,81.250,20,0.111,2508,16,21,-3,OFF,1.562,5.469,3.960,OFF,0,0,83,Avail,Compl,Enable,0,GRN2#  ,ON,0,ACTIVE,ACTIVE,0.967,0.947,0.760,0.760,178.320,145.898,Avail,Compl,Avail,Incmpl,Incmpl,Enable,OBD II (California ARB),OFF,OFF,0,0,0,1st,OFF,OFF,OFF,OFF,OFF,OFF,1.562,0,ON,OFF,650,0,OFF,OFF,OFF,ON,Gasoline,0.987,OFF,OFF,0.684,ON,1.094,14.902,18,0,0.742,0.742,2.324,0.742,0.918,2.031,46.667,0,14.902,41,0,0,OFF,ECT 5th,NA,OFF,97.900,97.900,14.118,0,Not Avl,0,0,0,0,ON,ON,0,0,1
298,0,13.682,Not Avl,Compl,Compl,Unable,OFF,Not Avl,Compl,Compl,Unable,OFF,61.719,40.625,36.875,37.500,19.531,39.551,15.686,31.765,0.781,1.582,ON,0,OFF,ON,ON,1.000,0.997,0.023,0.012,3.337,3.318,0,97,51199.219,13.437,25.882,OFF,OFF,OFF,OFF,OFF,OFF,OFF,Avail,Incmpl,Incmpl,Enable,Avail,247.800,56.200,247.800,56.200,ON,Avail,Compl,Enable,80,0,0,0,0,0,0,6,A,0,0,Avail,Incmpl,Incmpl,Enable,OFF,OFF,104,696.750,51199.219,51199.219,51199.219,51199.219,51199.219,51199.219,1GRFE ,0,Avail,Incmpl,Incmpl,Enable,0,OFF,OFF,OFF,OFF,ON,ON,Avail,Compl,Enable,Compl,CL,CL,Compl,Unable,Not Avl,Compl,Incmpl,Enable,OFF,0,15,596,ON,81.250,20,0.111,2516,16,21,-3,OFF,1.562,5.469,3.960,OFF,0,0,75,Avail,Compl,Enable,0,GRN2#  ,ON,0,ACTIVE,ACTIVE,0.967,0.947,0.760,0.760,178.969,146.223,Avail,Compl,Avail,Incmpl,Incmpl,Enable,OBD II (California ARB),OFF,OFF,0,0,0,1st,OFF,OFF,OFF,OFF,OFF,OFF,1.562,0,ON,OFF,650,0,OFF,OFF,OFF,ON,Gasoline,0.987,OFF,OFF,0.684,ON,1.094,14.902,18,0,0.742,0.742,2.324,0.742,0.918,2.031,46.667,0,14.902,41,0,0,OFF,ECT 5th,NA,OFF,97.900,97.900,14.118,0,Not Avl,0,0,0,0,ON,ON,0,0,1
299,0,13.673,Not Avl,Compl,Compl,Unable,OFF,Not Avl,Compl,Compl,Unable,OFF,49.219,40.625,36.875,37.500,19.531,39.551,15.686,31.765,0.781,1.582,ON,0,OFF,ON,ON,0.997,0.998,0.012,0.012,3.318,3.322,0,97,51199.219,13.437,25.882,OFF,OFF,OFF,OFF,OFF,OFF,OFF,Avail,Incmpl,Incmpl,Enable,Avail,247.800,56.200,247.800,56.200,ON,Avail,Compl,Enable,80,0,0,0,0,0,0,6,A,0,0,Avail,Incmpl,Incmpl,Enable,OFF,OFF,105,696.750,51199.219,51199.219,51199.219,51199.219,51199.219,51199.219,1GRFE ,0,Avail,Incmpl,Incmpl,Enable,0,OFF,OFF,OFF,OFF,ON,ON,Avail,Compl,Enable,Compl,CL,CL,Compl,Unable,Not Avl,Compl,Incmpl,Enable,OFF,0,15,9,ON,81.250,20,0.111,2498,16,21,-3,OFF,1.562,5.469,3.960,OFF,0,0,75,Avail,Compl,Enable,0,GRN2#  ,ON,0,ACTIVE,ACTIVE,0.967,0.947,0.760,0.760,178.320,144.926,Avail,Compl,Avail,Incmpl,Incmpl,Enable,OBD II (California ARB),OFF,OFF,0,0,0,1st,OFF,OFF,OFF,OFF,OFF,OFF,1.562,0,ON,OFF,650,0,OFF,OFF,OFF,ON,Gasoline,0.987,OFF,OFF,0.684,ON,1.094,14.902,18,0,0.742,0.742,2.324,0.742,0.918,2.031,46.667,0,14.902,41,0,0,OFF,ECT 5th,NA,OFF,97.900,97.900,14.118,0,Not Avl,0,0,0,0,ON,ON,0,0,1
300,0,13.672,Not Avl,Compl,Compl,Unable,OFF,Not Avl,Compl,Compl,Unable,OFF,43.750,50,36.875,37.500,19.531,39.551,15.686,31.765,0.781,1.582,ON,0,OFF,ON,ON,0.996,0.997,0.008,0.012,3.313,3.322,0,97,51199.219,13.417,25.882,OFF,OFF,OFF,OFF,OFF,OFF,OFF,Avail,Incmpl,Incmpl,Enable,Avail,248.900,56.300,248.900,56.300,ON,Avail,Compl,Enable,80,0,0,0,0,0,0,6,A,0,0,Avail,Incmpl,Incmpl,Enable,OFF,OFF,105,699,51199.219,51199.219,51199.219,51199.219,51199.219,51199.219,1GRFE ,0,Avail,Incmpl,Incmpl,Enable,0,OFF,OFF,OFF,OFF,ON,ON,Avail,Compl,Enable,Compl,CL,CL,Compl,Unable,Not Avl,Compl,Incmpl,Enable,OFF,0,15,21,ON,81.250,20,0.111,2490,16,21,-3,OFF,1.562,5.469,3.960,OFF,0,0,83,Avail,Compl,Enable,0,GRN2#  ,ON,0,ACTIVE,ACTIVE,0.967,0.947,0.760,0.760,177.672,145.250,Avail,Compl,Avail,Incmpl,Incmpl,Enable,OBD II (California ARB),OFF,OFF,0,0,0,1st,OFF,OFF,OFF,OFF,OFF,OFF,1.562,0,ON,OFF,650,0,OFF,OFF,OFF,ON,Gasoline,0.987,OFF,OFF,0.684,ON,1.094,14.902,18,0,0.742,0.742,2.324,0.742,0.918,2.031,46.667,0,14.902,41,0,0,OFF,ECT 5th,NA,OFF,97.900,97.900,14.118,0,Not Avl,0,0,0,0,ON,ON,0,0,1
301,0,13.672,Not Avl,Compl,Compl,Unable,OFF,Not Avl,Compl,Compl,Unable,OFF,41.406,57.031,36.875,37.500,19.531,39.551,15.686,31.765,0.781,1.582,ON,0,OFF,ON,ON,0.999,1.000,0.023,0.023,3.337,3.337,0,97,51199.219,13.437,25.882,OFF,OFF,OFF,OFF,OFF,OFF,OFF,Avail,Incmpl,Incmpl,Enable,Avail,248.900,56.300,248.900,56.300,ON,Avail,Compl,Enable,80,0,0,0,0,0,0,6,A,0,0,Avail,Incmpl,Incmpl,Enable,OFF,OFF,105,692,51199.219,51199.219,51199.219,51199.219,51199.219,51199.219,1GRFE ,0,Avail,Incmpl,Incmpl,Enable,0,OFF,OFF,OFF,OFF,ON,ON,Avail,Compl,Enable,Compl,CL,CL,Compl,Unable,Not Avl,Compl,Incmpl,Enable,OFF,0,15,35,ON,81.250,20,0.111,2501,16,21,-3,OFF,1.562,5.469,3.960,OFF,0,0,83,Avail,Compl,Enable,0,GRN2#  ,ON,0,ACTIVE,ACTIVE,0.967,0.947,0.760,0.760,176.699,144.602,Avail,Compl,Avail,Incmpl,Incmpl,Enable,OBD II (California ARB),OFF,OFF,0,0,0,1st,OFF,OFF,OFF,OFF,OFF,OFF,1.562,0,ON,OFF,650,0,OFF,OFF,OFF,ON,Gasoline,0.987,OFF,OFF,0.684,ON,1.094,14.902,18,0,0.742,0.742,2.324,0.742,0.918,2.031,46.667,0,14.902,41,0,0,OFF,ECT 5th,NA,OFF,97.900,97.900,14.510,0,Not Avl,0,0,0,0,ON,ON,0,0,1
302,0,13.677,Not Avl,Compl,Compl,Unable,OFF,Not Avl,Compl,Compl,Unable,OFF,40.625,60.156,36.875,37.500,19.531,39.551,15.686,31.765,0.781,1.582,ON,0,OFF,ON,ON,0.999,0.999,0.020,0.020,3.332,3.332,0,97,51199.219,13.437,25.882,OFF,OFF,OFF,OFF,OFF,OFF,OFF,Avail,Incmpl,Incmpl,Enable,Avail,248.900,56.300,248.900,56.300,ON,Avail,Compl,Enable,80,0,0,0,0,0,0,6,A,0,0,Avail,Incmpl,Incmpl,Enable,OFF,OFF,106,693.750,51199.219,51199.219,51199.219,51199.219,51199.219,51199.219,1GRFE ,0,Avail,Incmpl,Incmpl,Enable,0,OFF,OFF,OFF,OFF,ON,ON,Avail,Compl,Enable,Compl,CL,CL,Compl,Unable,Not Avl,Compl,Incmpl,Enable,OFF,0,15,49,ON,81.250,20,0.111,2498,16,21,-3,OFF,1.562,5.469,3.980,OFF,0,0,83,Avail,Compl,Enable,0,GRN2#  ,ON,0,ACTIVE,ACTIVE,0.967,0.947,0.760,0.760,175.727,144.277,Avail,Compl,Avail,Incmpl,Incmpl,Enable,OBD II (California ARB),OFF,OFF,0,0,0,1st,OFF,OFF,OFF,OFF,OFF,OFF,1.562,0,ON,OFF,650,0,OFF,OFF,OFF,ON,Gasoline,0.987,OFF,OFF,0.684,ON,1.094,14.902,18,0,0.742,0.742,2.324,0.742,0.918,2.031,46.667,0,14.902,41,0,0,OFF,ECT 5th,NA,OFF,97.900,97.900,14.510,0,Not Avl,0,0,0,0,ON,ON,0,0,1
303,0,13.672,Not Avl,Compl,Compl,Unable,OFF,Not Avl,Compl,Compl,Unable,OFF,40.625,61.719,36.875,37.500,19.531,39.551,15.686,31.765,0.781,1.582,ON,0,OFF,ON,ON,0.996,0.999,0.012,0.020,3.318,3.332,0,97,51199.219,13.437,25.882,OFF,OFF,OFF,OFF,OFF,OFF,OFF,Avail,Incmpl,Incmpl,Enable,Avail,250,56.400,250,56.400,ON,Avail,Compl,Enable,80,0,0,0,0,0,0,6,A,0,0,Avail,Incmpl,Incmpl,Enable,OFF,OFF,106,698.250,51199.219,51199.219,51199.219,51199.219,51199.219,51199.219,1GRFE ,0,Avail,Incmpl,Incmpl,Enable,0,OFF,OFF,OFF,OFF,ON,ON,Avail,Compl,Enable,Compl,CL,CL,Compl,Unable,Not Avl,Compl,Incmpl,Enable,OFF,0,15,61,ON,81.250,20,0.111,2512,16,21,-3,OFF,1.562,5.469,4.010,OFF,0,0,83,Avail,Compl,Enable,0,GRN2#  ,ON,0,ACTIVE,ACTIVE,0.967,0.947,0.760,0.760,175.727,142.980,Avail,Compl,Avail,Incmpl,Incmpl,Enable,OBD II (California ARB),OFF,OFF,0,0,0,1st,OFF,OFF,OFF,OFF,OFF,OFF,1.562,0,ON,OFF,650,0,OFF,OFF,OFF,ON,Gasoline,0.987,OFF,OFF,0.684,ON,1.094,14.902,18,0,0.742,0.742,2.324,0.742,0.918,2.031,46.667,0,14.902,41,0,0,OFF,ECT 5th,NA,OFF,97.900,97.900,14.510,0,Not Avl,0,0,0,0,ON,ON,0,0,1
304,0,13.672,Not Avl,Compl,Compl,Unable,OFF,Not Avl,Compl,Compl,Unable,OFF,40.625,56.250,36.875,37.500,19.531,39.551,15.686,31.765,0.781,1.582,ON,0,OFF,ON,ON,0.998,0.996,0.020,0.012,3.332,3.318,0,97,51199.219,13.437,25.882,OFF,OFF,OFF,OFF,OFF,OFF,OFF,Avail,Incmpl,Incmpl,Enable,Avail,250,56.400,250,56.400,ON,Avail,Compl,Enable,80,0,0,0,0,0,0,6,A,0,0,Avail,Incmpl,Incmpl,Enable,OFF,OFF,106,696.750,51199.219,51199.219,51199.219,51199.219,51199.219,51199.219,1GRFE ,0,Avail,Incmpl,Incmpl,Enable,0,OFF,OFF,OFF,OFF,ON,ON,Avail,Compl,Enable,Compl,CL,CL,Compl,Unable,Not Avl,Compl,Incmpl,Enable,OFF,0,15,75,ON,81.250,20,0.111,2501,16,21,-3,OFF,1.562,5.469,3.960,OFF,0,0,83,Avail,Compl,Enable,0,GRN2#  ,ON,0,ACTIVE,ACTIVE,0.967,0.947,0.760,0.760,175.078,143.629,Avail,Compl,Avail,Incmpl,Incmpl,Enable,OBD II (California ARB),OFF,OFF,0,0,0,1st,OFF,OFF,OFF,OFF,OFF,OFF,1.562,0,ON,OFF,650,0,OFF,OFF,OFF,ON,Gasoline,0.988,OFF,OFF,0.684,ON,1.094,14.902,18,0,0.742,0.742,2.324,0.742,0.918,2.031,46.667,0,14.902,41,0,0,OFF,ECT 5th,NA,OFF,97.900,97.900,14.118,0,Not Avl,0,0,0,0,ON,ON,0,0,1
305,0,13.671,Not Avl,Compl,Compl,Unable,OFF,Not Avl,Compl,Compl,Unable,OFF,46.094,49.219,36.875,37.500,19.531,39.551,15.686,31.765,0.781,1.582,ON,0,OFF,ON,ON,0.998,0.995,0.016,0.004,3.327,3.308,0,97,51199.219,13.417,25.882,OFF,OFF,OFF,OFF,OFF,OFF,OFF,Avail,Incmpl,Incmpl,Enable,Avail,250,56.400,250,56.400,ON,Avail,Compl,Enable,80,0,0,0,0,0,0,6,A,0,0,Avail,Incmpl,Incmpl,Enable,OFF,OFF,107,689.750,51199.219,51199.219,51199.219,51199.219,51199.219,51199.219,1GRFE ,0,Avail,Incmpl,Incmpl,Enable,0,OFF,OFF,OFF,OFF,ON,ON,Avail,Compl,Enable,Compl,CL,CL,Compl,Unable,Not Avl,Compl,Incmpl,Enable,OFF,0,15,88,ON,81.250,20,0.111,2519,16,21,-3,OFF,1.562,5.469,3.960,OFF,0,0,83,Avail,Compl,Enable,0,GRN2#  ,ON,0,ACTIVE,ACTIVE,0.962,0.942,0.760,0.760,175.078,143.305,Avail,Compl,Avail,Incmpl,Incmpl,Enable,OBD II (California ARB),OFF,OFF,0,0,0,1st,OFF,OFF,OFF,OFF,OFF,OFF,1.562,-0.781,ON,OFF,650,0,OFF,OFF,OFF,ON,Gasoline,0.988,OFF,OFF,0.684,ON,1.094,14.902,18,0,0.742,0.742,2.324,0.742,0.918,2.031,46.667,0,14.902,41,0,0,OFF,ECT 5th,NA,OFF,97.900,97.900,14.510,0,Not Avl,0,0,0,0,ON,ON,0,0,1
306,0,13.687,Not Avl,Compl,Compl,Unable,OFF,Not Avl,Compl,Compl,Unable,OFF,55.469,43.750,36.875,37.500,19.531,39.551,15.686,31.765,0.781,1.582,ON,0,OFF,ON,ON,0.998,0.995,0.012,0.008,3.322,3.313,0,97,51199.219,13.437,25.882,OFF,OFF,OFF,OFF,OFF,OFF,OFF,Avail,Incmpl,Incmpl,Enable,Avail,251,56.400,251,56.400,ON,Avail,Compl,Enable,80,0,0,0,0,0,0,6,A,0,0,Avail,Incmpl,Incmpl,Enable,OFF,OFF,107,689.750,51199.219,51199.219,51199.219,51199.219,51199.219,51199.219,1GRFE ,0,Avail,Incmpl,Incmpl,Enable,0,OFF,OFF,OFF,OFF,ON,ON,Avail,Compl,Enable,Compl,CL,CL,Compl,Unable,Not Avl,Compl,Incmpl,Enable,OFF,0,15,101,ON,81.250,20,0.112,2523,16,21,-3,OFF,1.562,5.469,3.960,OFF,0,0,82,Avail,Compl,Enable,0,GRN2#  ,ON,0,ACTIVE,ACTIVE,0.967,0.947,0.760,0.760,174.430,142.008,Avail,Compl,Avail,Incmpl,Incmpl,Enable,OBD II (California ARB),OFF,OFF,0,0,0,1st,OFF,OFF,OFF,OFF,OFF,OFF,1.562,-0.781,ON,OFF,650,0,OFF,OFF,OFF,ON,Gasoline,0.988,OFF,OFF,0.684,ON,1.094,14.902,18,0,0.742,0.742,2.324,0.742,0.918,2.031,46.667,0,14.902,41,0,0,OFF,ECT 5th,NA,OFF,97.900,97.900,14.510,0,Not Avl,0,0,0,0,ON,ON,0,0,1
307,0,13.672,Not Avl,Compl,Compl,Unable,OFF,Not Avl,Compl,Compl,Unable,OFF,60.156,40.625,36.875,37.500,19.531,39.551,15.686,31.765,0.781,1.582,ON,0,OFF,ON,ON,0.996,0.996,0.012,0.008,3.318,3.313,0,97,51199.219,13.437,25.882,OFF,OFF,OFF,OFF,OFF,OFF,OFF,Avail,Incmpl,Incmpl,Enable,Avail,251,56.400,251,56.400,ON,Avail,Compl,Enable,80,0,0,0,0,0,0,6,A,0,0,Avail,Incmpl,Incmpl,Enable,OFF,OFF,108,691.250,51199.219,51199.219,51199.219,51199.219,51199.219,51199.219,1GRFE ,0,Avail,Incmpl,Incmpl,Enable,0,OFF,OFF,OFF,OFF,ON,ON,Avail,Compl,Enable,Compl,CL,CL,Compl,Unable,Not Avl,Compl,Incmpl,Enable,OFF,0,15,115,ON,81.250,20,0.112,2520,16,21,-3,OFF,1.562,5.469,3.960,OFF,0,0,82,Avail,Compl,Enable,0,GRN2#  ,ON,0,ACTIVE,ACTIVE,0.967,0.947,0.760,0.760,174.430,142.008,Avail,Compl,Avail,Incmpl,Incmpl,Enable,OBD II (California ARB),OFF,OFF,0,0,0,1st,OFF,OFF,OFF,OFF,OFF,OFF,1.562,-0.781,ON,OFF,650,0,OFF,OFF,OFF,ON,Gasoline,0.988,OFF,OFF,0.684,ON,1.094,14.902,18,0,0.742,0.742,2.324,0.742,0.918,2.031,46.667,0,14.902,41,0,0,OFF,ECT 5th,NA,OFF,97.900,97.900,14.510,0,Not Avl,0,0,0,0,ON,ON,0,0,1
308,0,13.674,Not Avl,Compl,Compl,Unable,OFF,Not Avl,Compl,Compl,Unable,OFF,61.719,40.625,36.875,37.500,19.531,39.551,15.686,31.765,0.781,1.582,ON,0,OFF,ON,ON,0.991,0.996,0.004,0.008,3.308,3.313,0,97,51199.219,13.437,25.882,OFF,OFF,OFF,OFF,OFF,OFF,OFF,Avail,Incmpl,Incmpl,Enable,Avail,252.100,56.500,252.100,56.500,ON,Avail,Compl,Enable,80,0,0,0,0,0,0,6,A,0,0,Avail,Incmpl,Incmpl,Enable,OFF,OFF,108,693.750,51199.219,51199.219,51199.219,51199.219,51199.219,51199.219,1GRFE ,0,Avail,Incmpl,Incmpl,Enable,0,OFF,OFF,OFF,OFF,ON,ON,Avail,Compl,Enable,Compl,CL,CL,Compl,Unable,Not Avl,Compl,Incmpl,Enable,OFF,0,15,130,ON,81.250,20,0.112,2512,16,21,-3,OFF,1.562,5.469,3.960,OFF,0,0,75,Avail,Compl,Enable,0,GRN2#  ,ON,0,ACTIVE,ACTIVE,0.967,0.947,0.760,0.760,173.781,142.332,Avail,Compl,Avail,Incmpl,Incmpl,Enable,OBD II (California ARB),OFF,OFF,0,0,0,1st,OFF,OFF,OFF,OFF,OFF,OFF,0.781,-0.781,ON,OFF,650,0,OFF,OFF,OFF,ON,Gasoline,0.989,OFF,OFF,0.684,ON,1.094,14.902,18,0,0.742,0.742,2.324,0.742,0.918,2.031,46.667,0,14.902,41,0,0,OFF,ECT 5th,NA,OFF,97.900,97.900,14.118,0,Not Avl,0,0,0,0,ON,ON,0,0,1
309,0,13.677,Not Avl,Compl,Compl,Unable,OFF,Not Avl,Compl,Compl,Unable,OFF,61.719,40.625,36.875,37.500,19.531,39.551,15.686,31.765,0.781,1.582,ON,0,OFF,ON,ON,1.000,0.997,0.023,0.012,3.337,3.322,0,97,51199.219,13.417,25.882,OFF,OFF,OFF,OFF,OFF,OFF,OFF,Avail,Incmpl,Incmpl,Enable,Avail,252.100,56.500,252.100,56.500,ON,Avail,Compl,Enable,80,0,0,0,0,0,0,6,A,0,0,Avail,Incmpl,Incmpl,Enable,OFF,OFF,109,689,51199.219,51199.219,51199.219,51199.219,51199.219,51199.219,1GRFE ,0,Avail,Incmpl,Incmpl,Enable,0,OFF,OFF,OFF,OFF,ON,ON,Avail,Compl,Enable,Compl,CL,CL,Compl,Unable,Not Avl,Compl,Incmpl,Enable,OFF,0,15,146,ON,81.250,20,0.112,2516,16,21,-3,OFF,1.562,5.469,3.960,OFF,0,0,75,Avail,Compl,Enable,0,GRN2#  ,ON,0,ACTIVE,ACTIVE,0.967,0.947,0.760,0.760,172.484,141.359,Avail,Compl,Avail,Incmpl,Incmpl,Enable,OBD II (California ARB),OFF,OFF,0,0,0,1st,OFF,OFF,OFF,OFF,OFF,OFF,0.781,-0.781,ON,OFF,650,0,OFF,OFF,OFF,ON,Gasoline,0.991,OFF,OFF,0.684,ON,1.094,14.902,18,0,0.742,0.742,2.324,0.742,0.918,2.031,46.667,0,14.902,41,0,0,OFF,ECT 5th,NA,OFF,97.900,97.900,14.510,0,Not Avl,0,0,0,0,ON,ON,0,0,1
310,0,13.672,Not Avl,Compl,Compl,Unable,OFF,Not Avl,Compl,Compl,Unable,OFF,49.219,40.625,36.875,37.500,19.531,39.551,15.686,31.765,0.781,1.582,ON,0,OFF,ON,ON,1.001,0.997,0.023,0.012,3.342,3.322,0,97,51199.219,13.437,25.882,OFF,OFF,OFF,OFF,OFF,OFF,OFF,Avail,Incmpl,Incmpl,Enable,Avail,252.100,56.500,252.100,56.500,ON,Avail,Compl,Enable,80,0,0,0,0,0,0,6,A,0,0,Avail,Incmpl,Incmpl,Enable,OFF,OFF,109,691.250,51199.219,51199.219,51199.219,51199.219,51199.219,51199.219,1GRFE ,0,Avail,Incmpl,Incmpl,Enable,0,OFF,OFF,OFF,OFF,ON,ON,Avail,Compl,Enable,Compl,CL,CL,Compl,Unable,Not Avl,Compl,Incmpl,Enable,OFF,0,15,162,ON,81.250,20,0.111,2516,16,21,-3,OFF,1.562,5.469,3.960,OFF,0,0,75,Avail,Compl,Enable,0,GRN2#  ,ON,0,ACTIVE,ACTIVE,0.967,0.947,0.760,0.760,171.836,141.035,Avail,Compl,Avail,Incmpl,Incmpl,Enable,OBD II (California ARB),OFF,OFF,0,0,0,1st,OFF,OFF,OFF,OFF,OFF,OFF,1.562,-0.781,ON,OFF,650,0,OFF,OFF,OFF,ON,Gasoline,0.991,OFF,OFF,0.684,ON,1.094,14.902,18,0,0.742,0.742,2.324,0.742,0.918,2.031,46.667,0,14.902,41,0,0,OFF,ECT 5th,NA,OFF,97.900,97.900,14.510,0,Not Avl,0,0,0,0,ON,ON,0,0,1
311,0,13.689,Not Avl,Compl,Compl,Unable,OFF,Not Avl,Compl,Compl,Unable,OFF,42.969,40.625,36.875,37.500,19.531,39.551,15.686,31.765,0.781,1.582,ON,0,OFF,ON,ON,1.004,1.001,0.035,0.023,3.357,3.342,0,97,51199.219,13.437,25.882,OFF,OFF,OFF,OFF,OFF,OFF,OFF,Avail,Incmpl,Incmpl,Enable,Avail,253.100,56.600,253.100,56.600,ON,Avail,Compl,Enable,80,0,0,0,0,0,0,6,A,0,0,Avail,Incmpl,Incmpl,Enable,OFF,OFF,109,691.250,51199.219,51199.219,51199.219,51199.219,51199.219,51199.219,1GRFE ,0,Avail,Incmpl,Incmpl,Enable,0,OFF,OFF,OFF,OFF,ON,ON,Avail,Compl,Enable,Compl,CL,CL,Compl,Unable,Not Avl,Compl,Incmpl,Enable,OFF,0,15,179,ON,81.250,20,0.111,2523,16,21,-3,OFF,1.562,5.469,3.960,OFF,0,0,82,Avail,Compl,Enable,0,GRN2#  ,ON,0,ACTIVE,ACTIVE,0.967,0.947,0.760,0.760,171.188,140.387,Avail,Compl,Avail,Incmpl,Incmpl,Enable,OBD II (California ARB),OFF,OFF,0,0,0,1st,OFF,OFF,OFF,OFF,OFF,OFF,1.562,-0.781,ON,OFF,650,0,OFF,OFF,OFF,ON,Gasoline,0.989,OFF,OFF,0.684,ON,1.094,14.902,18,0,0.742,0.742,2.324,0.742,0.918,2.031,46.667,0,14.902,41,0,0,OFF,ECT 5th,NA,OFF,97.900,97.900,14.510,0,Not Avl,0,0,0,0,ON,ON,0,0,1
312,0,13.672,Not Avl,Compl,Compl,Unable,OFF,Not Avl,Compl,Compl,Unable,OFF,40.625,43.750,36.875,37.500,19.531,39.551,15.686,31.765,0.781,1.582,ON,0,OFF,ON,ON,1.003,1.004,0.035,0.039,3.357,3.361,0,97,51199.219,13.437,25.882,OFF,OFF,OFF,OFF,OFF,OFF,OFF,Avail,Incmpl,Incmpl,Enable,Avail,253.100,56.600,253.100,56.600,ON,Avail,Compl,Enable,80,0,0,0,0,0,0,6,A,0,0,Avail,Incmpl,Incmpl,Enable,OFF,OFF,110,695.250,51199.219,51199.219,51199.219,51199.219,51199.219,51199.219,1GRFE ,0,Avail,Incmpl,Incmpl,Enable,0,OFF,OFF,OFF,OFF,ON,ON,Avail,Compl,Enable,Compl,CL,CL,Compl,Unable,Not Avl,Compl,Compl,Enable,OFF,0,15,200,ON,81.250,20,0.111,2501,16,21,-3,OFF,1.562,5.469,3.960,OFF,0,0,82,Avail,Compl,Enable,0,GRN2#  ,ON,0,ACTIVE,ACTIVE,0.962,0.942,0.760,0.760,171.188,139.738,Avail,Compl,Avail,Incmpl,Incmpl,Enable,OBD II (California ARB),OFF,OFF,0,0,0,1st,OFF,OFF,OFF,OFF,OFF,OFF,1.562,0,ON,OFF,650,0,OFF,OFF,OFF,ON,Gasoline,0.985,OFF,OFF,0.684,ON,1.094,14.902,18,0,0.742,0.742,2.324,0.742,0.918,2.031,46.667,0,14.902,41,0,0,OFF,ECT 5th,NA,OFF,97.900,97.900,14.118,0,Not Avl,0,0,0,0,ON,ON,0,0,1
313,0,13.672,Not Avl,Compl,Compl,Unable,OFF,Not Avl,Compl,Compl,Unable,OFF,40.625,54.688,36.875,37.500,19.531,39.551,15.686,31.765,0.781,1.582,ON,0,OFF,ON,ON,1.002,1.002,0.027,0.027,3.347,3.347,0,97,51199.219,13.417,25.882,OFF,OFF,OFF,OFF,OFF,OFF,OFF,Avail,Incmpl,Incmpl,Enable,Avail,254.100,56.700,254.100,56.700,ON,Avail,Compl,Enable,80,0,0,0,0,0,0,6,A,0,0,Avail,Incmpl,Incmpl,Enable,OFF,OFF,110,690.500,51199.219,51199.219,51199.219,51199.219,51199.219,51199.219,1GRFE ,0,Avail,Incmpl,Incmpl,Enable,0,OFF,OFF,OFF,OFF,ON,ON,Avail,Compl,Enable,Compl,CL,CL,Compl,Unable,Not Avl,Compl,Compl,Enable,OFF,0,15,215,ON,81.250,20,0.111,2527,16,21,-3,OFF,1.562,5.469,3.960,OFF,0,0,71,Avail,Compl,Enable,0,GRN2#  ,ON,0,ACTIVE,ACTIVE,0.967,0.947,0.760,0.760,170.215,139.414,Avail,Compl,Avail,Incmpl,Incmpl,Enable,OBD II (California ARB),OFF,OFF,0,0,0,1st,OFF,OFF,OFF,OFF,OFF,OFF,2.344,0,ON,OFF,650,0,OFF,OFF,OFF,ON,Gasoline,0.984,OFF,OFF,0.684,ON,1.094,14.902,18,0,0.742,0.742,2.324,0.742,0.918,2.031,46.667,0,14.902,41,0,0,OFF,ECT 5th,NA,OFF,97.900,97.900,14.510,0,Not Avl,0,0,0,0,ON,ON,0,0,1
314,0,13.672,Not Avl,Compl,Compl,Unable,OFF,Not Avl,Compl,Compl,Unable,OFF,40.625,60.156,36.875,37.500,19.531,39.551,15.686,31.765,0.781,1.582,ON,0,OFF,ON,ON,1.002,1.002,0.027,0.027,3.347,3.347,0,97,51199.219,13.437,25.882,OFF,OFF,OFF,OFF,OFF,OFF,OFF,Avail,Incmpl,Incmpl,Enable,Avail,254.100,56.700,254.100,56.700,ON,Avail,Compl,Enable,80,0,0,0,0,0,0,6,A,0,0,Avail,Incmpl,Incmpl,Enable,OFF,OFF,111,698.250,51199.219,51199.219,51199.219,51199.219,51199.219,51199.219,1GRFE ,0,Avail,Incmpl,Incmpl,Enable,0,OFF,OFF,OFF,OFF,ON,ON,Avail,Compl,Enable,Compl,CL,CL,Compl,Unable,Not Avl,Compl,Compl,Enable,OFF,0,15,231,ON,81.250,20,0.111,2505,16,21,-3,OFF,1.562,5.469,3.960,OFF,0,0,71,Avail,Compl,Enable,0,GRN2#  ,ON,0,ACTIVE,ACTIVE,0.967,0.947,0.760,0.760,169.566,139.738,Avail,Compl,Avail,Incmpl,Incmpl,Enable,OBD II (California ARB),OFF,OFF,0,0,0,1st,OFF,OFF,OFF,OFF,OFF,OFF,2.344,0,ON,OFF,650,0,OFF,OFF,OFF,ON,Gasoline,0.982,OFF,OFF,0.684,ON,1.094,14.902,18,0,0.742,0.742,2.324,0.742,0.918,2.031,46.667,0,14.902,41,0,0,OFF,ECT 5th,NA,OFF,97.900,97.900,14.118,0,Not Avl,0,0,0,0,ON,ON,0,0,1
315,0,13.672,Not Avl,Compl,Compl,Unable,OFF,Not Avl,Compl,Compl,Unable,OFF,46.094,56.250,36.875,37.500,19.531,39.551,15.686,31.765,0.781,1.582,ON,0,OFF,ON,ON,0.998,1.002,0.016,0.031,3.327,3.352,0,97,51199.219,13.437,25.882,OFF,OFF,OFF,OFF,OFF,OFF,OFF,Avail,Incmpl,Incmpl,Enable,Avail,255.100,56.700,255.100,56.700,ON,Avail,Compl,Enable,80,0,0,0,0,0,0,6,A,0,0,Avail,Incmpl,Incmpl,Enable,OFF,OFF,111,699,51199.219,51199.219,51199.219,51199.219,51199.219,51199.219,1GRFE ,0,Avail,Incmpl,Incmpl,Enable,0,OFF,OFF,OFF,OFF,ON,ON,Avail,Compl,Enable,Compl,CL,CL,Compl,Unable,Not Avl,Compl,Compl,Enable,OFF,0,15,246,ON,81.250,20,0.111,2501,16,21,-3,OFF,1.562,5.469,3.960,OFF,0,0,87,Avail,Compl,Enable,0,GRN2#  ,ON,0,ACTIVE,ACTIVE,0.962,0.947,0.760,0.760,168.918,138.766,Avail,Compl,Avail,Incmpl,Incmpl,Enable,OBD II (California ARB),OFF,OFF,0,0,0,1st,OFF,OFF,OFF,OFF,OFF,OFF,2.344,0,ON,OFF,650,0,OFF,OFF,OFF,ON,Gasoline,0.981,OFF,OFF,0.684,ON,1.094,14.902,18,0,0.742,0.742,2.324,0.742,0.918,2.031,46.667,0,14.902,41,0,0,OFF,ECT 5th,NA,OFF,97.900,97.900,14.118,0,Not Avl,0,0,0,0,ON,ON,0,0,1
316,0,13.667,Not Avl,Compl,Compl,Unable,OFF,Not Avl,Compl,Compl,Unable,OFF,57.031,48.438,36.875,37.500,19.531,39.551,15.686,31.765,0.781,1.582,ON,0,OFF,ON,ON,0.998,1.002,0.020,0.027,3.332,3.347,0,97,51199.219,13.417,25.882,OFF,OFF,OFF,OFF,OFF,OFF,OFF,Avail,Incmpl,Incmpl,Enable,Avail,255.100,56.700,255.100,56.700,ON,Avail,Compl,Enable,80,0,0,0,0,0,0,6,A,0,0,Avail,Incmpl,Incmpl,Enable,OFF,OFF,112,691.250,51199.219,51199.219,51199.219,51199.219,51199.219,51199.219,1GRFE ,0,Avail,Incmpl,Incmpl,Enable,0,OFF,OFF,OFF,OFF,ON,ON,Avail,Compl,Enable,Compl,CL,CL,Compl,Unable,Not Avl,Compl,Compl,Enable,OFF,0,15,261,ON,81.250,20,0.111,2519,16,21,-3,OFF,1.562,5.469,3.960,OFF,0,0,87,Avail,Compl,Enable,0,GRN2#  ,ON,0,ACTIVE,ACTIVE,0.967,0.947,0.760,0.760,168.594,138.766,Avail,Compl,Avail,Incmpl,Incmpl,Enable,OBD II (California ARB),OFF,OFF,0,0,0,1st,OFF,OFF,OFF,OFF,OFF,OFF,2.344,0,ON,OFF,650,0,OFF,OFF,OFF,ON,Gasoline,0.981,OFF,OFF,0.684,ON,1.094,14.902,18,0,0.742,0.742,2.324,0.742,0.918,2.031,46.667,0,14.902,41,0,0,OFF,ECT 5th,NA,OFF,97.900,97.900,14.510,0,Not Avl,0,0,0,0,ON,ON,0,0,1
317,0,13.690,Not Avl,Compl,Compl,Unable,OFF,Not Avl,Compl,Compl,Unable,OFF,59.375,44.531,36.875,37.500,19.531,39.551,15.686,31.765,0.781,1.582,ON,0,OFF,ON,ON,0.998,0.999,0.020,0.023,3.332,3.337,0,97,51199.219,13.437,25.882,OFF,OFF,OFF,OFF,OFF,OFF,OFF,Avail,Incmpl,Incmpl,Enable,Avail,255.100,56.700,255.100,56.700,ON,Avail,Compl,Enable,80,0,0,0,0,0,0,6,A,0,0,Avail,Incmpl,Incmpl,Enable,OFF,OFF,112,697.500,51199.219,51199.219,51199.219,51199.219,51199.219,51199.219,1GRFE ,0,Avail,Incmpl,Incmpl,Enable,0,OFF,OFF,OFF,OFF,ON,ON,Avail,Compl,Enable,Compl,CL,CL,Compl,Unable,Not Avl,Compl,Compl,Enable,OFF,0,15,274,ON,81.250,20,0.111,2505,16,21,-3,OFF,1.562,5.469,3.960,OFF,0,0,87,Avail,Compl,Enable,0,GRN2#  ,ON,0,ACTIVE,ACTIVE,0.967,0.947,0.760,0.740,167.621,137.793,Avail,Compl,Avail,Incmpl,Incmpl,Enable,OBD II (California ARB),OFF,OFF,0,0,0,1st,OFF,OFF,OFF,OFF,OFF,OFF,2.344,0,ON,OFF,650,0,OFF,OFF,OFF,ON,Gasoline,0.981,OFF,OFF,0.684,ON,1.094,14.902,18,0,0.742,0.742,2.324,0.742,0.918,2.031,46.667,0,14.902,41,0,0,OFF,ECT 5th,NA,OFF,97.900,97.900,14.118,0,Not Avl,0,0,0,0,ON,ON,0,0,1
318,0,13.671,Not Avl,Compl,Compl,Unable,OFF,Not Avl,Compl,Compl,Unable,OFF,61.719,41.406,36.875,37.500,19.531,39.551,15.686,31.765,0.781,1.582,ON,0,OFF,ON,ON,1.000,0.998,0.023,0.020,3.342,3.332,0,97,51199.219,13.417,25.882,OFF,OFF,OFF,OFF,OFF,OFF,OFF,Avail,Incmpl,Incmpl,Enable,Avail,256.200,56.800,256.200,56.800,ON,Avail,Compl,Enable,80,0,0,0,0,0,0,6,A,0,0,Avail,Incmpl,Incmpl,Enable,OFF,OFF,112,694.500,51199.219,51199.219,51199.219,51199.219,51199.219,51199.219,1GRFE ,0,Avail,Incmpl,Incmpl,Enable,0,OFF,OFF,OFF,OFF,ON,ON,Avail,Compl,Enable,Compl,CL,CL,Compl,Unable,Not Avl,Compl,Compl,Enable,OFF,0,15,285,ON,81.250,20,0.112,2505,16,21,-3,OFF,1.562,5.469,3.960,OFF,0,0,81,Avail,Compl,Enable,0,GRN2#  ,ON,0,ACTIVE,ACTIVE,0.967,0.947,0.760,0.740,168.270,137.469,Avail,Compl,Avail,Incmpl,Incmpl,Enable,OBD II (California ARB),OFF,OFF,0,0,0,1st,OFF,OFF,OFF,OFF,OFF,OFF,2.344,0,ON,OFF,650,0,OFF,OFF,OFF,ON,Gasoline,0.981,OFF,OFF,0.684,ON,1.094,14.902,18,0,0.742,0.742,2.324,0.742,0.918,2.031,46.667,0,14.902,41,0,0,OFF,ECT 5th,NA,OFF,97.900,97.900,14.118,0,Not Avl,0,0,0,0,ON,ON,0,0,1
319,0,13.672,Not Avl,Compl,Compl,Unable,OFF,Not Avl,Compl,Compl,Unable,OFF,61.719,40.625,36.875,37.500,19.531,39.551,15.686,31.765,0.781,1.582,ON,0,OFF,ON,ON,0.998,0.999,0.016,0.020,3.327,3.332,0,97,51199.219,13.437,25.882,OFF,OFF,OFF,OFF,OFF,OFF,OFF,Avail,Incmpl,Incmpl,Enable,Avail,256.200,56.800,256.200,56.800,ON,Avail,Compl,Enable,80,0,0,0,0,0,0,6,A,0,0,Avail,Incmpl,Incmpl,Enable,OFF,OFF,113,694.500,51199.219,51199.219,51199.219,51199.219,51199.219,51199.219,1GRFE ,0,Avail,Incmpl,Incmpl,Enable,0,OFF,OFF,OFF,OFF,ON,ON,Avail,Compl,Enable,Compl,CL,CL,Compl,Unable,Not Avl,Compl,Compl,Enable,OFF,0,15,298,ON,81.250,20,0.112,2516,16,21,-3,OFF,1.562,5.469,3.960,OFF,0,0,81,Avail,Compl,Enable,0,GRN2#  ,ON,0,ACTIVE,ACTIVE,0.962,0.942,0.760,0.760,167.621,137.469,Avail,Compl,Avail,Incmpl,Incmpl,Enable,OBD II (California ARB),OFF,OFF,0,0,0,1st,OFF,OFF,OFF,OFF,OFF,OFF,2.344,0,ON,OFF,650,0,OFF,OFF,OFF,ON,Gasoline,0.981,OFF,OFF,0.684,ON,1.094,14.902,18,0,0.742,0.742,2.324,0.742,0.918,2.031,46.667,0,14.902,41,0,0,OFF,ECT 5th,NA,OFF,97.900,97.900,14.118,0,Not Avl,0,0,0,0,ON,ON,0,0,1
320,0,13.688,Not Avl,Compl,Compl,Unable,OFF,Not Avl,Compl,Compl,Unable,OFF,56.250,40.625,36.875,37.500,19.531,39.551,15.686,31.765,0.781,1.582,ON,0,OFF,ON,ON,0.998,0.998,0.016,0.016,3.327,3.327,0,97,51199.219,13.437,25.882,OFF,OFF,OFF,OFF,OFF,OFF,OFF,Avail,Incmpl,Incmpl,Enable,Avail,256.200,56.800,256.200,56.800,ON,Avail,Compl,Enable,80,0,0,0,0,0,0,6,A,0,0,Avail,Incmpl,Incmpl,Enable,OFF,OFF,113,695.250,51199.219,51199.219,51199.219,51199.219,51199.219,51199.219,1GRFE ,0,Avail,Incmpl,Incmpl,Enable,0,OFF,OFF,OFF,OFF,ON,ON,Avail,Compl,Enable,Compl,CL,CL,Compl,Unable,Not Avl,Compl,Compl,Enable,OFF,0,15,310,ON,81.250,20,0.112,2516,16,21,-3,OFF,1.562,5.469,3.960,OFF,0,0,81,Avail,Compl,Enable,0,GRN2#  ,ON,0,ACTIVE,ACTIVE,0.967,0.947,0.760,0.760,166.973,137.469,Avail,Compl,Avail,Incmpl,Incmpl,Enable,OBD II (California ARB),OFF,OFF,0,0,0,1st,OFF,OFF,OFF,OFF,OFF,OFF,2.344,0,ON,OFF,650,0,OFF,OFF,OFF,ON,Gasoline,0.981,OFF,OFF,0.684,ON,1.094,14.902,18,0,0.742,0.742,2.324,0.742,0.918,2.031,46.667,0,14.902,41,0,0,OFF,ECT 5th,NA,OFF,97.900,97.900,14.118,0,Not Avl,0,0,0,0,ON,ON,0,0,1
321,0,13.690,Not Avl,Compl,Compl,Unable,OFF,Not Avl,Compl,Compl,Unable,OFF,46.875,40.625,36.875,37.500,19.531,39.551,15.686,31.765,0.781,1.582,ON,0,OFF,ON,ON,0.997,0.997,0.012,0.012,3.318,3.322,0,97,51199.219,13.437,25.882,OFF,OFF,OFF,OFF,OFF,OFF,OFF,Avail,Incmpl,Incmpl,Enable,Avail,257.100,56.900,257.100,56.900,ON,Avail,Compl,Enable,80,0,0,0,0,0,0,6,A,0,0,Avail,Incmpl,Incmpl,Enable,OFF,OFF,114,695.250,51199.219,51199.219,51199.219,51199.219,51199.219,51199.219,1GRFE ,0,Avail,Incmpl,Incmpl,Enable,0,OFF,OFF,OFF,OFF,ON,ON,Avail,Compl,Enable,Compl,CL,CL,Compl,Unable,Not Avl,Compl,Compl,Enable,OFF,0,15,323,ON,81.250,20,0.112,2523,16,21,-3,OFF,1.562,5.469,3.960,OFF,0,0,78,Avail,Compl,Enable,0,GRN2#  ,ON,0,ACTIVE,ACTIVE,0.967,0.947,0.760,0.760,166.648,137.145,Avail,Compl,Avail,Incmpl,Incmpl,Enable,OBD II (California ARB),OFF,OFF,0,0,0,1st,OFF,OFF,OFF,OFF,OFF,OFF,2.344,0,ON,OFF,650,0,OFF,OFF,OFF,ON,Gasoline,0.981,OFF,OFF,0.684,ON,1.094,14.902,18,0,0.742,0.742,2.324,0.742,0.918,2.031,46.667,0,14.902,41,0,0,OFF,ECT 5th,NA,OFF,97.900,97.900,14.118,0,Not Avl,0,0,0,0,ON,ON,0,0,1
322,0,13.672,Not Avl,Compl,Compl,Unable,OFF,Not Avl,Compl,Compl,Unable,OFF,42.969,46.094,36.875,37.500,19.531,39.551,15.686,31.765,0.781,1.582,ON,0,OFF,ON,ON,0.996,0.996,0.012,0.012,3.322,3.318,0,97,51199.219,13.437,25.882,OFF,OFF,OFF,OFF,OFF,OFF,OFF,Avail,Incmpl,Incmpl,Enable,Avail,257.100,56.900,257.100,56.900,ON,Avail,Compl,Enable,80,0,0,0,0,0,0,6,A,0,0,Avail,Incmpl,Incmpl,Enable,OFF,OFF,114,697.500,51199.219,51199.219,51199.219,51199.219,51199.219,51199.219,1GRFE ,0,Avail,Incmpl,Incmpl,Enable,0,OFF,OFF,OFF,OFF,ON,ON,Avail,Compl,Enable,Compl,CL,CL,Compl,Unable,Not Avl,Compl,Compl,Enable,OFF,0,15,335,ON,81.250,20,0.112,2501,16,21,-3,OFF,1.562,5.469,3.960,OFF,0,0,78,Avail,Compl,Enable,0,GRN2#  ,ON,0,ACTIVE,ACTIVE,0.967,0.947,0.760,0.760,166.324,135.848,Avail,Compl,Avail,Incmpl,Incmpl,Enable,OBD II (California ARB),OFF,OFF,0,0,0,1st,OFF,OFF,OFF,OFF,OFF,OFF,1.562,0,ON,OFF,650,0,OFF,OFF,OFF,ON,Gasoline,0.982,OFF,OFF,0.684,ON,1.094,14.902,18,0,0.742,0.742,2.324,0.742,0.918,2.031,46.667,0,14.902,41,0,0,OFF,ECT 5th,NA,OFF,97.900,97.900,14.118,0,Not Avl,0,0,0,0,ON,ON,0,0,1
323,0,13.672,Not Avl,Compl,Compl,Unable,OFF,Not Avl,Compl,Compl,Unable,OFF,40.625,50,36.875,37.500,19.531,39.551,15.686,31.765,0.781,1.582,ON,0,OFF,ON,ON,0.997,0.997,0.016,0.012,3.327,3.322,0,97,51199.219,13.437,25.882,OFF,OFF,OFF,OFF,OFF,OFF,OFF,Avail,Incmpl,Incmpl,Enable,Avail,258.100,57,258.100,57,ON,Avail,Compl,Enable,80,0,0,0,0,0,0,6,A,0,0,Avail,Incmpl,Incmpl,Enable,OFF,OFF,114,691.250,51199.219,51199.219,51199.219,51199.219,51199.219,51199.219,1GRFE ,0,Avail,Incmpl,Incmpl,Enable,0,OFF,OFF,OFF,OFF,ON,ON,Avail,Compl,Enable,Compl,CL,CL,Compl,Unable,Not Avl,Compl,Compl,Enable,OFF,0,15,348,ON,81.250,20,0.111,2519,16,21,-3,OFF,1.562,5.469,3.960,OFF,0,0,85,Avail,Compl,Enable,0,GRN2#  ,ON,0,ACTIVE,ACTIVE,0.962,0.942,0.760,0.760,166.324,136.172,Avail,Compl,Avail,Incmpl,Incmpl,Enable,OBD II (California ARB),OFF,OFF,0,0,0,1st,OFF,OFF,OFF,OFF,OFF,OFF,1.562,0,ON,OFF,650,0,OFF,OFF,OFF,ON,Gasoline,0.983,OFF,OFF,0.684,ON,1.094,14.902,18,0,0.742,0.742,2.324,0.742,0.918,2.031,46.667,0,14.902,41,0,0,OFF,ECT 5th,NA,OFF,97.900,97.900,14.510,0,Not Avl,0,0,0,0,ON,ON,0,0,1
324,0,13.672,Not Avl,Compl,Compl,Unable,OFF,Not Avl,Compl,Compl,Unable,OFF,40.625,55.469,36.875,37.500,19.531,39.551,15.686,31.765,0.781,1.582,ON,0,OFF,ON,ON,0.997,0.996,0.012,0.012,3.322,3.322,0,97,51199.219,13.417,25.882,OFF,OFF,OFF,OFF,OFF,OFF,OFF,Avail,Incmpl,Incmpl,Enable,Avail,258.100,57,258.100,57,ON,Avail,Compl,Enable,80,0,0,0,0,0,0,6,A,0,0,Avail,Incmpl,Incmpl,Enable,OFF,OFF,115,689.750,51199.219,51199.219,51199.219,51199.219,51199.219,51199.219,1GRFE ,0,Avail,Incmpl,Incmpl,Enable,0,OFF,OFF,OFF,OFF,ON,ON,Avail,Compl,Enable,Compl,CL,CL,Compl,Unable,Not Avl,Compl,Compl,Enable,OFF,0,15,360,ON,81.250,20,0.111,2538,16,21,-3,OFF,1.562,5.469,3.980,OFF,0,0,85,Avail,Compl,Enable,0,GRN2#  ,ON,0,ACTIVE,ACTIVE,0.967,0.947,0.760,0.740,166.324,136.820,Avail,Compl,Avail,Incmpl,Incmpl,Enable,OBD II (California ARB),OFF,OFF,0,0,0,1st,OFF,OFF,OFF,OFF,OFF,OFF,1.562,0,ON,OFF,650,0,OFF,OFF,OFF,ON,Gasoline,0.983,OFF,OFF,0.684,ON,1.094,14.902,18,0,0.742,0.742,2.324,0.742,0.918,2.031,46.667,0,14.902,41,0,0,OFF,ECT 5th,NA,OFF,97.900,97.922,14.510,0,Not Avl,0,0,0,0,ON,ON,0,0,1
325,0,13.688,Not Avl,Compl,Compl,Unable,OFF,Not Avl,Compl,Compl,Unable,OFF,40.625,60.156,36.875,37.500,19.531,39.551,15.686,31.765,0.781,1.582,ON,0,OFF,ON,ON,0.995,0.997,0.004,0.012,3.308,3.318,0,97,51199.219,13.437,25.882,OFF,OFF,OFF,OFF,OFF,OFF,OFF,Avail,Incmpl,Incmpl,Enable,Avail,258.100,57,258.100,57,ON,Avail,Compl,Enable,80,0,0,0,0,0,0,6,A,0,0,Avail,Incmpl,Incmpl,Enable,OFF,OFF,115,698.250,51199.219,51199.219,51199.219,51199.219,51199.219,51199.219,1GRFE ,0,Avail,Incmpl,Incmpl,Enable,0,OFF,OFF,OFF,OFF,ON,ON,Avail,Compl,Enable,Compl,CL,CL,Compl,Unable,Not Avl,Compl,Compl,Enable,OFF,0,15,376,ON,81.250,20,0.111,2520,16,21,-3,OFF,1.562,5.469,3.960,OFF,0,0,85,Avail,Compl,Enable,0,GRN2#  ,ON,0,ACTIVE,ACTIVE,0.967,0.947,0.760,0.760,165.027,135.523,Avail,Compl,Avail,Incmpl,Incmpl,Enable,OBD II (California ARB),OFF,OFF,0,0,0,1st,OFF,OFF,OFF,OFF,OFF,OFF,1.562,0,ON,OFF,650,0,OFF,OFF,OFF,ON,Gasoline,0.984,OFF,OFF,0.684,ON,1.094,14.902,18,0,0.742,0.742,2.324,0.742,0.918,2.031,46.667,0,14.902,41,0,0,OFF,ECT 5th,NA,OFF,97.900,97.900,14.118,0,Not Avl,0,0,0,0,ON,ON,0,0,1
326,0,13.671,Not Avl,Compl,Compl,Unable,OFF,Not Avl,Compl,Compl,Unable,OFF,46.094,61.719,36.875,37.500,19.531,39.551,15.686,31.765,0.781,1.582,ON,0,OFF,ON,ON,0.997,0.996,0.012,0.012,3.322,3.318,0,97,51199.219,13.417,25.882,OFF,OFF,OFF,OFF,OFF,OFF,OFF,Avail,Incmpl,Incmpl,Enable,Avail,259.100,57.100,259.100,57.100,ON,Avail,Compl,Enable,80,0,0,0,0,0,0,6,A,0,0,Avail,Incmpl,Incmpl,Enable,OFF,OFF,115,689.750,51199.219,51199.219,51199.219,51199.219,51199.219,51199.219,1GRFE ,0,Avail,Incmpl,Incmpl,Enable,0,OFF,OFF,OFF,OFF,ON,ON,Avail,Compl,Enable,Compl,CL,CL,Compl,Unable,Not Avl,Compl,Compl,Enable,OFF,0,15,391,ON,81.250,20,0.111,2527,16,21,-3,OFF,1.562,5.469,3.960,OFF,0,0,88,Avail,Compl,Enable,0,GRN2#  ,ON,0,ACTIVE,ACTIVE,0.967,0.947,0.760,0.760,164.703,135.523,Avail,Compl,Avail,Incmpl,Incmpl,Enable,OBD II (California ARB),OFF,OFF,0,0,0,1st,OFF,OFF,OFF,OFF,OFF,OFF,1.562,0,ON,OFF,650,0,OFF,OFF,OFF,ON,Gasoline,0.986,OFF,OFF,0.684,ON,1.094,14.902,18,0,0.742,0.742,2.324,0.742,0.918,2.031,46.667,0,14.902,41,0,0,OFF,ECT 5th,NA,OFF,97.900,97.900,14.510,0,Not Avl,0,0,0,0,ON,ON,0,0,1
327,0,13.656,Not Avl,Compl,Compl,Unable,OFF,Not Avl,Compl,Compl,Unable,OFF,55.469,52.344,36.875,37.500,19.531,39.551,15.686,31.765,0.781,1.582,ON,0,OFF,ON,ON,0.997,0.998,0.016,0.020,3.327,3.332,0,97,51199.219,13.437,25.882,OFF,OFF,OFF,OFF,OFF,OFF,OFF,Avail,Incmpl,Incmpl,Enable,Avail,259.100,57.100,259.100,57.100,ON,Avail,Compl,Enable,80,0,0,0,0,0,0,6,A,0,0,Avail,Incmpl,Incmpl,Enable,OFF,OFF,116,692,51199.219,51199.219,51199.219,51199.219,51199.219,51199.219,1GRFE ,0,Avail,Incmpl,Incmpl,Enable,0,OFF,OFF,OFF,OFF,ON,ON,Avail,Compl,Enable,Compl,CL,CL,Compl,Unable,Not Avl,Compl,Compl,Enable,OFF,0,15,406,ON,81.250,20,0.112,2527,16,21,-3,OFF,1.562,5.469,3.960,OFF,0,0,88,Avail,Compl,Enable,0,GRN2#  ,ON,0,ACTIVE,ACTIVE,0.962,0.947,0.760,0.760,164.055,134.551,Avail,Compl,Avail,Incmpl,Incmpl,Enable,OBD II (California ARB),OFF,OFF,0,0,0,1st,OFF,OFF,OFF,OFF,OFF,OFF,1.562,0,ON,OFF,650,0,OFF,OFF,OFF,ON,Gasoline,0.986,OFF,OFF,0.684,ON,1.094,14.902,18,0,0.742,0.742,2.324,0.742,0.918,2.031,46.667,0,14.902,41,0,0,OFF,ECT 5th,NA,OFF,97.900,97.922,14.510,0,Not Avl,0,0,0,0,ON,ON,0,0,1
328,0,13.672,Not Avl,Compl,Compl,Unable,OFF,Not Avl,Compl,Compl,Unable,OFF,60.156,43.750,36.875,37.500,19.531,39.551,15.686,31.765,0.781,1.582,ON,0,OFF,ON,ON,0.998,0.995,0.020,0.008,3.332,3.313,0,97,51199.219,13.437,25.882,OFF,OFF,OFF,OFF,OFF,OFF,OFF,Avail,Incmpl,Incmpl,Enable,Avail,260,57.100,260,57.100,ON,Avail,Compl,Enable,80,0,0,0,0,0,0,6,A,0,0,Avail,Incmpl,Incmpl,Enable,OFF,OFF,116,692.750,51199.219,51199.219,51199.219,51199.219,51199.219,51199.219,1GRFE ,0,Avail,Incmpl,Incmpl,Enable,0,OFF,OFF,OFF,OFF,ON,ON,Avail,Compl,Enable,Compl,CL,CL,Compl,Unable,Not Avl,Compl,Compl,Enable,OFF,0,15,423,ON,81.250,20,0.112,2530,16,21,-3,OFF,1.562,5.469,3.960,OFF,0,0,82,Avail,Compl,Enable,0,GRN2#  ,ON,0,ACTIVE,ACTIVE,0.967,0.947,0.760,0.760,163.406,134.227,Avail,Compl,Avail,Incmpl,Incmpl,Enable,OBD II (California ARB),OFF,OFF,0,0,0,1st,OFF,OFF,OFF,OFF,OFF,OFF,1.562,-0.781,ON,OFF,650,0,OFF,OFF,OFF,ON,Gasoline,0.988,OFF,OFF,0.684,ON,1.094,14.902,18,0,0.742,0.742,2.324,0.742,0.918,2.031,46.667,0,14.902,41,0,0,OFF,ECT 5th,NA,OFF,97.900,97.900,14.118,0,Not Avl,0,0,0,0,ON,ON,0,0,1
329,0,13.679,Not Avl,Compl,Compl,Unable,OFF,Not Avl,Compl,Compl,Unable,OFF,61.719,41.406,36.875,37.500,19.531,39.551,15.686,31.765,0.781,1.582,ON,0,OFF,ON,ON,0.998,0.998,0.020,0.016,3.332,3.327,0,97,51199.219,13.417,25.882,OFF,OFF,OFF,OFF,OFF,OFF,OFF,Avail,Incmpl,Incmpl,Enable,Avail,260,57.100,260,57.100,ON,Avail,Compl,Enable,80,0,0,0,0,0,0,6,A,0,0,Avail,Incmpl,Incmpl,Enable,OFF,OFF,117,691.250,51199.219,51199.219,51199.219,51199.219,51199.219,51199.219,1GRFE ,0,Avail,Incmpl,Incmpl,Enable,0,OFF,OFF,OFF,OFF,ON,ON,Avail,Compl,Enable,Compl,CL,CL,Compl,Unable,Not Avl,Compl,Compl,Enable,OFF,0,15,438,ON,81.250,20,0.112,2519,16,21,-3,OFF,1.562,5.469,3.960,OFF,0,0,82,Avail,Compl,Enable,0,GRN2#  ,ON,0,ACTIVE,ACTIVE,0.967,0.947,0.760,0.740,163.406,134.551,Avail,Compl,Avail,Incmpl,Incmpl,Enable,OBD II (California ARB),OFF,OFF,0,0,0,1st,OFF,OFF,OFF,OFF,OFF,OFF,1.562,0,ON,OFF,650,0,OFF,OFF,OFF,ON,Gasoline,0.988,OFF,OFF,0.684,ON,1.094,14.902,18,0,0.742,0.742,2.324,0.742,0.918,2.031,46.667,0,14.902,41,0,0,OFF,ECT 5th,NA,OFF,97.900,97.900,14.510,0,Not Avl,0,0,0,0,ON,ON,0,0,1
330,0,13.672,Not Avl,Compl,Compl,Unable,OFF,Not Avl,Compl,Compl,Unable,OFF,56.250,40.625,36.875,37.500,19.531,39.551,15.686,31.765,0.781,1.582,ON,0,OFF,ON,ON,0.998,0.997,0.023,0.016,3.337,3.327,0,97,51199.219,13.437,25.882,OFF,OFF,OFF,OFF,OFF,OFF,OFF,Avail,Incmpl,Incmpl,Enable,Avail,260,57.100,260,57.100,ON,Avail,Compl,Enable,80,0,0,0,0,0,0,6,A,0,0,Avail,Incmpl,Incmpl,Enable,OFF,OFF,117,698.250,51199.219,51199.219,51199.219,51199.219,51199.219,51199.219,1GRFE ,0,Avail,Incmpl,Incmpl,Enable,0,OFF,OFF,OFF,OFF,ON,ON,Avail,Compl,Enable,Compl,CL,CL,Compl,Unable,Not Avl,Compl,Compl,Enable,OFF,0,15,455,ON,81.250,20,0.112,2501,16,21,-3,OFF,1.562,5.469,3.980,OFF,0,0,82,Avail,Compl,Enable,0,GRN2#  ,ON,0,ACTIVE,ACTIVE,0.967,0.947,0.760,0.740,162.758,133.578,Avail,Compl,Avail,Incmpl,Incmpl,Enable,OBD II (California ARB),OFF,OFF,0,0,0,1st,OFF,OFF,OFF,OFF,OFF,OFF,1.562,-0.781,ON,OFF,650,0,OFF,OFF,OFF,ON,Gasoline,0.988,OFF,OFF,0.684,ON,1.094,14.902,18,0,0.742,0.742,2.324,0.742,0.918,2.031,46.667,0,14.902,41,0,0,OFF,ECT 5th,NA,OFF,97.900,97.900,14.118,0,Not Avl,0,0,0,0,ON,ON,0,0,1
331,0,13.672,Not Avl,Compl,Compl,Unable,OFF,Not Avl,Compl,Compl,Unable,OFF,46.875,40.625,36.875,37.500,19.531,39.551,15.686,31.765,0.781,1.582,ON,0,OFF,ON,ON,0.997,0.999,0.016,0.023,3.327,3.337,0,97,51199.219,13.437,25.882,OFF,OFF,OFF,OFF,OFF,OFF,OFF,Avail,Incmpl,Incmpl,Enable,Avail,261,57.200,261,57.200,ON,Avail,Compl,Enable,80,0,0,0,0,0,0,6,A,0,0,Avail,Incmpl,Incmpl,Enable,OFF,OFF,118,698.250,51199.219,51199.219,51199.219,51199.219,51199.219,51199.219,1GRFE ,0,Avail,Incmpl,Incmpl,Enable,0,OFF,OFF,OFF,OFF,ON,ON,Avail,Compl,Enable,Compl,CL,CL,Compl,Unable,Not Avl,Compl,Compl,Enable,OFF,0,15,469,ON,81.250,20,0.112,2505,16,21,-3,OFF,1.562,5.469,3.960,OFF,0,0,67,Avail,Compl,Enable,0,GRN2#  ,ON,0,ACTIVE,ACTIVE,0.967,0.947,0.760,0.760,162.758,133.578,Avail,Compl,Avail,Incmpl,Incmpl,Enable,OBD II (California ARB),OFF,OFF,0,0,0,1st,OFF,OFF,OFF,OFF,OFF,OFF,1.562,0,ON,OFF,650,0,OFF,OFF,OFF,ON,Gasoline,0.988,OFF,OFF,0.684,ON,1.094,14.902,18,0,0.742,0.742,2.324,0.742,0.918,2.031,46.667,0,14.902,41,0,0,OFF,ECT 5th,NA,OFF,97.900,97.900,14.118,0,Not Avl,0,0,0,0,ON,ON,0,0,1
332,0,13.680,Not Avl,Compl,Compl,Unable,OFF,Not Avl,Compl,Compl,Unable,OFF,42.188,40.625,36.875,37.500,19.531,39.551,15.686,31.765,0.781,1.582,ON,0,OFF,ON,ON,0.997,0.999,0.020,0.023,3.332,3.337,0,97,51199.219,13.437,25.882,OFF,OFF,OFF,OFF,OFF,OFF,OFF,Avail,Incmpl,Incmpl,Enable,Avail,261,57.200,261,57.200,ON,Avail,Compl,Enable,80,0,0,0,0,0,0,6,A,0,0,Avail,Incmpl,Incmpl,Enable,OFF,OFF,118,697.500,51199.219,51199.219,51199.219,51199.219,51199.219,51199.219,1GRFE ,0,Avail,Incmpl,Incmpl,Enable,0,OFF,OFF,OFF,OFF,ON,ON,Avail,Compl,Enable,Compl,CL,CL,Compl,Unable,Not Avl,Compl,Compl,Enable,OFF,0,15,485,ON,81.250,20,0.112,2498,16,21,-3,OFF,1.562,5.469,3.960,OFF,0,0,67,Avail,Compl,Enable,0,GRN2#  ,ON,0,ACTIVE,ACTIVE,0.967,0.947,0.760,0.760,161.785,133.254,Avail,Compl,Avail,Incmpl,Incmpl,Enable,OBD II (California ARB),OFF,OFF,0,0,0,1st,OFF,OFF,OFF,OFF,OFF,OFF,1.562,0,ON,OFF,650,0,OFF,OFF,OFF,ON,Gasoline,0.988,OFF,OFF,0.684,ON,1.094,14.902,18,0,0.742,0.742,2.324,0.742,0.918,2.031,46.667,0,14.902,41,0,0,OFF,ECT 5th,NA,OFF,97.900,97.900,14.118,0,Not Avl,0,0,0,0,ON,ON,0,0,1
333,0,13.671,Not Avl,Compl,Compl,Unable,OFF,Not Avl,Compl,Compl,Unable,OFF,40.625,46.094,36.875,37.500,19.531,39.551,15.686,31.765,0.781,1.582,ON,0,OFF,ON,ON,1.000,1.001,0.023,0.027,3.342,3.347,0,97,51199.219,13.437,25.882,OFF,OFF,OFF,OFF,OFF,OFF,OFF,Avail,Incmpl,Incmpl,Enable,Avail,261.900,57.300,261.900,57.300,ON,Avail,Compl,Enable,80,0,0,0,0,0,0,6,A,0,0,Avail,Incmpl,Incmpl,Enable,OFF,OFF,119,691.250,51199.219,51199.219,51199.219,51199.219,51199.219,51199.219,1GRFE ,0,Avail,Incmpl,Incmpl,Enable,0,OFF,OFF,OFF,OFF,ON,ON,Avail,Compl,Enable,Compl,CL,CL,Compl,Unable,Not Avl,Compl,Compl,Enable,OFF,0,15,506,ON,81.250,20,0.112,2519,16,21,-3,OFF,1.562,5.469,4.010,OFF,0,0,63,Avail,Compl,Enable,0,GRN2#  ,ON,0,ACTIVE,ACTIVE,0.967,0.947,0.760,0.740,161.461,133.254,Avail,Compl,Avail,Incmpl,Incmpl,Enable,OBD II (California ARB),OFF,OFF,0,0,0,1st,OFF,OFF,OFF,OFF,OFF,OFF,1.562,0,ON,OFF,650,0,OFF,OFF,OFF,ON,Gasoline,0.988,OFF,OFF,0.684,ON,1.094,14.902,18,0,0.742,0.742,2.324,0.742,0.918,2.031,46.667,0,14.902,41,0,0,OFF,ECT 5th,NA,OFF,97.900,97.900,14.510,0,Not Avl,0,0,0,0,ON,ON,0,0,1
334,0,13.671,Not Avl,Compl,Compl,Unable,OFF,Not Avl,Compl,Compl,Unable,OFF,40.625,42.188,36.875,37.500,19.531,39.551,15.686,31.765,0.781,1.582,ON,0,OFF,ON,ON,1.002,1.001,0.031,0.027,3.352,3.347,0,97,51199.219,13.437,25.882,OFF,OFF,OFF,OFF,OFF,OFF,OFF,Avail,Incmpl,Incmpl,Enable,Avail,261.900,57.300,261.900,57.300,ON,Avail,Compl,Enable,80,0,0,0,0,0,0,6,A,0,0,Avail,Incmpl,Incmpl,Enable,OFF,OFF,119,688.250,51199.219,51199.219,51199.219,51199.219,51199.219,51199.219,1GRFE ,0,Avail,Incmpl,Incmpl,Enable,0,OFF,OFF,OFF,OFF,ON,ON,Avail,Compl,Enable,Compl,CL,CL,Compl,Unable,Not Avl,Compl,Compl,Enable,OFF,0,15,523,ON,81.250,20,0.111,2527,16,21,-3,OFF,1.562,5.469,4.010,OFF,0,0,63,Avail,Compl,Enable,0,GRN2#  ,ON,0,ACTIVE,ACTIVE,0.962,0.942,0.760,0.740,160.488,132.605,Avail,Compl,Avail,Incmpl,Incmpl,Enable,OBD II (California ARB),OFF,OFF,0,0,0,1st,OFF,OFF,OFF,OFF,OFF,OFF,1.562,0,ON,OFF,650,0,OFF,OFF,OFF,ON,Gasoline,0.988,OFF,OFF,0.684,ON,1.094,14.902,18,0,0.742,0.742,2.324,0.742,0.918,2.031,46.667,0,14.902,41,0,0,OFF,ECT 5th,NA,OFF,97.900,97.900,14.510,0,Not Avl,0,0,0,0,ON,ON,0,0,1
335,0,13.669,Not Avl,Compl,Compl,Unable,OFF,Not Avl,Compl,Compl,Unable,OFF,40.625,50,36.875,37.500,19.531,39.551,15.686,31.765,0.781,1.582,ON,0,OFF,ON,ON,1.000,0.999,0.023,0.023,3.342,3.337,0,97,51199.219,13.437,25.882,OFF,OFF,OFF,OFF,OFF,OFF,OFF,Avail,Incmpl,Incmpl,Enable,Avail,262.800,57.400,262.800,57.400,ON,Avail,Compl,Enable,80,0,0,0,0,0,0,6,A,0,0,Avail,Incmpl,Incmpl,Enable,OFF,OFF,120,692.750,51199.219,51199.219,51199.219,51199.219,51199.219,51199.219,1GRFE ,0,Avail,Incmpl,Incmpl,Enable,0,OFF,OFF,OFF,OFF,ON,ON,Avail,Compl,Enable,Compl,CL,CL,Compl,Unable,Not Avl,Compl,Compl,Enable,OFF,0,15,536,ON,81.250,20,0.111,2538,16,21,-3,OFF,1.562,5.469,3.960,OFF,0,0,84,Avail,Compl,Enable,0,GRN2#  ,ON,0,ACTIVE,ACTIVE,0.962,0.942,0.760,0.740,160.488,132.605,Avail,Compl,Avail,Incmpl,Incmpl,Enable,OBD II (California ARB),OFF,OFF,0,0,0,1st,OFF,OFF,OFF,OFF,OFF,OFF,1.562,0,ON,OFF,650,0,OFF,OFF,OFF,ON,Gasoline,0.987,OFF,OFF,0.684,ON,1.094,14.902,18,0,0.742,0.742,2.324,0.742,0.918,2.031,46.667,0,14.902,41,0,0,OFF,ECT 5th,NA,OFF,97.878,97.900,14.118,0,Not Avl,0,0,0,0,ON,ON,0,0,1
336,0,13.689,Not Avl,Compl,Compl,Unable,OFF,Not Avl,Compl,Compl,Unable,OFF,50,57.031,36.875,37.500,19.531,39.551,15.686,31.765,0.781,1.582,ON,0,OFF,ON,ON,0.998,0.996,0.020,0.012,3.332,3.322,0,97,51199.219,13.437,25.882,OFF,OFF,OFF,OFF,OFF,OFF,OFF,Avail,Incmpl,Incmpl,Enable,Avail,262.800,57.400,262.800,57.400,ON,Avail,Compl,Enable,80,0,0,0,0,0,0,6,A,0,0,Avail,Incmpl,Incmpl,Enable,OFF,OFF,120,700,51199.219,51199.219,51199.219,51199.219,51199.219,51199.219,1GRFE ,0,Avail,Incmpl,Incmpl,Enable,0,OFF,OFF,OFF,OFF,ON,ON,Avail,Compl,Enable,Compl,CL,CL,Compl,Unable,Not Avl,Compl,Compl,Enable,OFF,0,15,551,ON,81.250,20,0.111,2523,16,21,-3,OFF,1.562,5.469,4.010,OFF,0,0,84,Avail,Compl,Enable,0,GRN2#  ,ON,0,ACTIVE,ACTIVE,0.967,0.947,0.760,0.740,159.191,132.281,Avail,Compl,Avail,Incmpl,Incmpl,Enable,OBD II (California ARB),OFF,OFF,0,0,0,1st,OFF,OFF,OFF,OFF,OFF,OFF,1.562,0,ON,OFF,650,0,OFF,OFF,OFF,ON,Gasoline,0.986,OFF,OFF,0.684,ON,1.094,14.902,18,0,0.742,0.742,2.324,0.742,0.918,2.031,46.667,0,14.902,41,0,0,OFF,ECT 5th,NA,OFF,97.878,97.900,14.510,0,Not Avl,0,0,0,0,ON,ON,0,0,1
337,0,13.690,Not Avl,Compl,Compl,Unable,OFF,Not Avl,Compl,Compl,Unable,OFF,57.031,60.156,36.875,37.500,19.531,39.551,15.686,31.765,0.781,1.582,ON,0,OFF,ON,ON,0.996,0.997,0.012,0.016,3.322,3.327,0,97,51199.219,13.437,25.490,OFF,OFF,OFF,OFF,OFF,OFF,OFF,Avail,Incmpl,Incmpl,Enable,Avail,262.800,57.400,262.800,57.400,ON,Avail,Compl,Enable,80,0,0,0,0,0,0,6,A,0,0,Avail,Incmpl,Incmpl,Enable,OFF,OFF,120,708.500,51199.219,51199.219,51199.219,51199.219,51199.219,51199.219,1GRFE ,0,Avail,Incmpl,Incmpl,Enable,0,OFF,OFF,OFF,OFF,ON,ON,Avail,Compl,Enable,Compl,CL,CL,Compl,Unable,Not Avl,Compl,Compl,Enable,OFF,0,15,565,ON,81.250,20,0.111,2490,16,21,-3,OFF,1.562,5.469,4,OFF,0,0,84,Avail,Compl,Enable,0,GRN2#  ,ON,0,ACTIVE,ACTIVE,0.962,0.942,0.760,0.740,159.516,131.633,Avail,Compl,Avail,Incmpl,Incmpl,Enable,OBD II (California ARB),OFF,OFF,0,0,0,1st,OFF,OFF,OFF,OFF,OFF,OFF,1.562,0,ON,OFF,650,0,OFF,OFF,OFF,ON,Gasoline,0.986,OFF,OFF,0.684,ON,1.094,14.902,18,0,0.742,0.742,2.324,0.742,0.918,2.031,46.667,0,14.902,41,0,0,OFF,ECT 5th,NA,OFF,97.900,97.900,14.118,0,Not Avl,0,0,0,0,ON,ON,0,0,1
338,0,13.672,Not Avl,Compl,Compl,Unable,OFF,Not Avl,Compl,Compl,Unable,OFF,60.156,61.719,36.875,37.500,19.531,39.551,15.686,31.765,0.781,1.582,ON,0,OFF,ON,ON,0.994,0.998,0.004,0.020,3.308,3.332,0,97,51199.219,13.437,25.490,OFF,OFF,OFF,OFF,OFF,OFF,OFF,Avail,Incmpl,Incmpl,Enable,Avail,263.800,57.500,263.800,57.500,ON,Avail,Compl,Enable,80,0,0,0,0,0,0,6,A,0,0,Avail,Incmpl,Incmpl,Enable,OFF,OFF,121,706.250,51199.219,51199.219,51199.219,51199.219,51199.219,51199.219,1GRFE ,0,Avail,Incmpl,Incmpl,Enable,0,OFF,OFF,OFF,OFF,ON,ON,Avail,Compl,Enable,Compl,CL,CL,Compl,Unable,Not Avl,Compl,Compl,Enable,OFF,0,15,577,ON,81.250,20,0.111,2476,16,21,-3,OFF,1.562,5.469,4,OFF,0,0,83,Avail,Compl,Enable,0,GRN2#  ,ON,0,ACTIVE,ACTIVE,0.962,0.942,0.760,0.740,159.840,131.309,Avail,Compl,Avail,Incmpl,Incmpl,Enable,OBD II (California ARB),OFF,OFF,0,0,0,1st,OFF,OFF,OFF,OFF,OFF,OFF,1.562,0,ON,OFF,650,0,OFF,OFF,OFF,ON,Gasoline,0.987,OFF,OFF,0.684,ON,1.094,14.902,18,0,0.742,0.742,2.324,0.742,0.918,2.031,46.667,0,14.902,41,0,0,OFF,ECT 5th,NA,OFF,97.900,97.900,14.118,0,Not Avl,0,0,0,0,ON,ON,0,0,1
339,0,13.671,Not Avl,Compl,Compl,Unable,OFF,Not Avl,Compl,Compl,Unable,OFF,61.719,61.719,36.875,37.500,19.531,39.551,15.686,31.765,0.781,1.582,ON,0,OFF,ON,ON,0.994,0.998,0.008,0.020,3.313,3.332,0,97,51199.219,13.437,25.882,OFF,OFF,OFF,OFF,OFF,OFF,OFF,Avail,Incmpl,Incmpl,Enable,Avail,263.800,57.500,263.800,57.500,ON,Avail,Compl,Enable,80,0,0,0,0,0,0,6,A,0,0,Avail,Incmpl,Incmpl,Enable,OFF,OFF,121,699,51199.219,51199.219,51199.219,51199.219,51199.219,51199.219,1GRFE ,0,Avail,Incmpl,Incmpl,Enable,0,OFF,OFF,OFF,OFF,ON,ON,Avail,Compl,Enable,Compl,CL,CL,Compl,Unable,Not Avl,Compl,Compl,Enable,OFF,0,15,590,ON,81.250,20,0.112,2494,16,21,-3,OFF,1.562,5.469,3.980,OFF,0,0,83,Avail,Compl,Enable,0,GRN2#  ,ON,0,ACTIVE,ACTIVE,0.962,0.942,0.760,0.740,158.867,131.309,Avail,Compl,Avail,Incmpl,Incmpl,Enable,OBD II (California ARB),OFF,OFF,0,0,0,1st,OFF,OFF,OFF,OFF,OFF,OFF,0.781,0,ON,OFF,650,0,OFF,OFF,OFF,ON,Gasoline,0.989,OFF,OFF,0.684,ON,1.094,14.902,18,0,0.742,0.742,2.324,0.742,0.918,2.031,46.667,0,14.902,41,0,0,OFF,ECT 5th,NA,OFF,97.900,97.900,14.118,0,Not Avl,0,0,0,0,ON,ON,0,0,1
340,0,13.671,Not Avl,Compl,Compl,Unable,OFF,Not Avl,Compl,Compl,Unable,OFF,61.719,52.344,36.875,37.500,19.531,39.551,15.686,31.765,0.781,1.582,ON,0,OFF,ON,ON,0.997,0.998,0.016,0.020,3.327,3.332,0,97,51199.219,13.417,25.882,OFF,OFF,OFF,OFF,OFF,OFF,OFF,Avail,Incmpl,Incmpl,Enable,Avail,264.700,57.500,264.700,57.500,ON,Avail,Compl,Enable,80,0,0,0,0,0,0,6,A,0,0,Avail,Incmpl,Incmpl,Enable,OFF,OFF,121,685,51199.219,51199.219,51199.219,51199.219,51199.219,51199.219,1GRFE ,0,Avail,Incmpl,Incmpl,Enable,0,OFF,OFF,OFF,OFF,ON,ON,Avail,Compl,Enable,Compl,CL,CL,Compl,Unable,Not Avl,Compl,Compl,Enable,OFF,0,16.500,0,ON,81.250,20,0.112,2512,16,21,-3,OFF,1.562,5.469,3.960,OFF,0,0,83,Avail,Compl,Enable,0,GRN2#  ,ON,0,ACTIVE,ACTIVE,0.967,0.947,0.760,0.740,159.191,130.984,Avail,Compl,Avail,Incmpl,Incmpl,Enable,OBD II (California ARB),OFF,OFF,0,0,0,1st,OFF,OFF,OFF,OFF,OFF,OFF,0.781,0,ON,OFF,650,0,OFF,OFF,OFF,ON,Gasoline,0.990,OFF,OFF,0.684,ON,1.094,14.902,18,0,0.742,0.742,2.324,0.742,0.918,2.031,46.667,0,14.902,41,0,0,OFF,ECT 5th,NA,OFF,97.900,97.900,14.510,0,Not Avl,0,0,0,0,ON,ON,0,0,1
341,0,13.671,Not Avl,Compl,Compl,Unable,OFF,Not Avl,Compl,Compl,Unable,OFF,61.719,45.312,36.875,37.500,19.531,39.551,15.686,31.765,0.781,1.582,ON,0,OFF,ON,ON,0.996,0.998,0.012,0.016,3.322,3.327,0,97,51199.219,13.437,25.882,OFF,OFF,OFF,OFF,OFF,OFF,OFF,Avail,Incmpl,Incmpl,Enable,Avail,264.700,57.500,264.700,57.500,ON,Avail,Compl,Enable,80,0,0,0,0,0,0,6,A,0,0,Avail,Incmpl,Incmpl,Enable,OFF,OFF,122,691.250,51199.219,51199.219,51199.219,51199.219,51199.219,51199.219,1GRFE ,0,Avail,Incmpl,Incmpl,Enable,0,OFF,OFF,OFF,OFF,ON,ON,Avail,Compl,Enable,Compl,CL,CL,Compl,Unable,Not Avl,Compl,Compl,Enable,OFF,0,15,13,ON,81.250,20,0.112,2505,16,21,-3,OFF,1.562,5.469,3.980,OFF,0,0,74,Avail,Compl,Enable,0,GRN2#  ,ON,0,ACTIVE,ACTIVE,0.962,0.947,0.760,0.740,158.867,130.984,Avail,Compl,Avail,Incmpl,Incmpl,Enable,OBD II (California ARB),OFF,OFF,0,0,0,1st,OFF,OFF,OFF,OFF,OFF,OFF,0.781,0,ON,OFF,650,0,OFF,OFF,OFF,ON,Gasoline,0.992,OFF,OFF,0.684,ON,1.094,14.902,18,0,0.742,0.742,2.324,0.742,0.918,2.031,46.667,0,14.902,41,0,0,OFF,ECT 5th,NA,OFF,97.900,97.900,14.510,0,Not Avl,0,0,0,0,ON,ON,0,0,1
342,0,13.672,Not Avl,Compl,Compl,Unable,OFF,Not Avl,Compl,Compl,Unable,OFF,52.344,42.188,36.875,37.500,19.531,39.551,15.686,31.765,0.781,1.582,ON,0,OFF,ON,ON,0.998,0.995,0.023,0.008,3.337,3.313,0,97,51199.219,13.437,25.882,OFF,OFF,OFF,OFF,OFF,OFF,OFF,Avail,Incmpl,Incmpl,Enable,Avail,264.700,57.500,264.700,57.500,ON,Avail,Compl,Enable,80,0,0,0,0,0,0,6,A,0,0,Avail,Incmpl,Incmpl,Enable,OFF,OFF,122,699,51199.219,51199.219,51199.219,51199.219,51199.219,51199.219,1GRFE ,0,Avail,Incmpl,Incmpl,Enable,0,OFF,OFF,OFF,OFF,ON,ON,Avail,Compl,Enable,Compl,CL,CL,Compl,Unable,Not Avl,Compl,Compl,Enable,OFF,0,15,26,ON,81.250,20,0.112,2505,16,21,-3,OFF,1.562,5.469,4.010,OFF,0,0,74,Avail,Compl,Enable,0,GRN2#  ,ON,0,ACTIVE,ACTIVE,0.962,0.942,0.760,0.740,158.219,130.984,Avail,Compl,Avail,Incmpl,Incmpl,Enable,OBD II (California ARB),OFF,OFF,0,0,0,1st,OFF,OFF,OFF,OFF,OFF,OFF,0.781,-0.781,ON,OFF,650,0,OFF,OFF,OFF,ON,Gasoline,0.992,OFF,OFF,0.684,ON,1.094,14.902,18,0,0.742,0.742,2.324,0.742,0.918,2.031,46.667,0,14.902,41,0,0,OFF,ECT 5th,NA,OFF,97.900,97.900,14.510,0,Not Avl,0,0,0,0,ON,ON,0,0,1
343,0,13.672,Not Avl,Compl,Compl,Unable,OFF,Not Avl,Compl,Compl,Unable,OFF,45.312,41.406,36.875,37.500,19.531,39.551,15.686,31.765,0.781,1.582,ON,0,OFF,ON,ON,1.002,0.998,0.035,0.020,3.357,3.332,0,97,51199.219,13.437,25.882,OFF,OFF,OFF,OFF,OFF,OFF,OFF,Avail,Incmpl,Incmpl,Enable,Avail,265.600,57.600,265.600,57.600,ON,Avail,Compl,Enable,80,0,0,0,0,0,0,6,A,0,0,Avail,Incmpl,Incmpl,Enable,OFF,OFF,123,691.250,51199.219,51199.219,51199.219,51199.219,51199.219,51199.219,1GRFE ,0,Avail,Incmpl,Incmpl,Enable,0,OFF,OFF,OFF,OFF,ON,ON,Avail,Compl,Enable,Compl,CL,CL,Compl,Unable,Not Avl,Compl,Compl,Enable,OFF,0,15,40,ON,81.250,20,0.111,2523,16,21,-3,OFF,1.562,5.469,3.980,OFF,0,0,77,Avail,Compl,Enable,0,GRN2#  ,ON,0,ACTIVE,ACTIVE,0.967,0.947,0.760,0.740,158.543,130.660,Avail,Compl,Avail,Incmpl,Incmpl,Enable,OBD II (California ARB),OFF,OFF,0,0,0,1st,OFF,OFF,OFF,OFF,OFF,OFF,1.562,0,ON,OFF,650,0,OFF,OFF,OFF,ON,Gasoline,0.991,OFF,OFF,0.684,ON,1.094,14.902,18,0,0.742,0.742,2.324,0.742,0.918,2.031,46.667,0,14.902,41,0,0,OFF,ECT 5th,NA,OFF,97.900,97.900,14.510,0,Not Avl,0,0,0,0,ON,ON,0,0,1
344,0,13.672,Not Avl,Compl,Compl,Unable,OFF,Not Avl,Compl,Compl,Unable,OFF,42.188,40.625,36.875,37.500,19.531,39.551,15.686,31.765,0.781,1.582,ON,0,OFF,ON,ON,1.000,0.999,0.027,0.023,3.347,3.337,0,97,51199.219,13.437,25.882,OFF,OFF,OFF,OFF,OFF,OFF,OFF,Avail,Incmpl,Incmpl,Enable,Avail,265.600,57.600,265.600,57.600,ON,Avail,Compl,Enable,80,0,0,0,0,0,0,6,A,0,0,Avail,Incmpl,Incmpl,Enable,OFF,OFF,123,699,51199.219,51199.219,51199.219,51199.219,51199.219,51199.219,1GRFE ,0,Avail,Incmpl,Incmpl,Enable,0,OFF,OFF,OFF,OFF,ON,ON,Avail,Compl,Enable,Compl,CL,CL,Compl,Unable,Not Avl,Compl,Compl,Enable,OFF,0,15,55,ON,81.250,20,0.111,2490,16,21,-3,OFF,1.562,5.469,3.960,OFF,0,0,77,Avail,Compl,Enable,0,GRN2#  ,ON,0,ACTIVE,ACTIVE,0.962,0.942,0.760,0.740,156.922,130.660,Avail,Compl,Avail,Incmpl,Incmpl,Enable,OBD II (California ARB),OFF,OFF,0,0,0,1st,OFF,OFF,OFF,OFF,OFF,OFF,1.562,0,ON,OFF,650,0,OFF,OFF,OFF,ON,Gasoline,0.991,OFF,OFF,0.684,ON,1.094,14.902,18,0,0.742,0.742,2.324,0.742,0.918,2.031,46.667,0,14.902,41,0,0,OFF,ECT 5th,NA,OFF,97.900,97.922,14.118,0,Not Avl,0,0,0,0,ON,ON,0,0,1
345,0,13.671,Not Avl,Compl,Compl,Unable,OFF,Not Avl,Compl,Compl,Unable,OFF,40.625,40.625,36.875,37.500,19.531,39.551,15.686,31.765,0.781,1.582,ON,0,OFF,ON,ON,1.002,0.998,0.031,0.016,3.352,3.327,0,97,51199.219,13.417,25.882,OFF,OFF,OFF,OFF,OFF,OFF,OFF,Avail,Incmpl,Incmpl,Enable,Avail,265.600,57.600,265.600,57.600,ON,Avail,Compl,Enable,80,0,0,0,0,0,0,6,A,0,0,Avail,Incmpl,Incmpl,Enable,OFF,OFF,123,686.500,51199.219,51199.219,51199.219,51199.219,51199.219,51199.219,1GRFE ,0,Avail,Incmpl,Incmpl,Enable,0,OFF,OFF,OFF,OFF,ON,ON,Avail,Compl,Enable,Compl,CL,CL,Compl,Unable,Not Avl,Compl,Compl,Enable,OFF,0,15,70,ON,81.250,20,0.111,2530,16,21,-3,OFF,1.562,5.469,3.980,OFF,0,0,77,Avail,Compl,Enable,0,GRN2#  ,ON,0,ACTIVE,ACTIVE,0.962,0.942,0.760,0.740,157.570,130.012,Avail,Compl,Avail,Incmpl,Incmpl,Enable,OBD II (California ARB),OFF,OFF,0,0,0,1st,OFF,OFF,OFF,OFF,OFF,OFF,1.562,0,ON,OFF,650,0,OFF,OFF,OFF,ON,Gasoline,0.990,OFF,OFF,0.684,ON,1.094,14.902,18,0,0.742,0.742,2.324,0.742,0.918,2.031,46.667,0,14.902,41,0,0,OFF,ECT 5th,NA,OFF,97.900,97.900,14.510,0,Not Avl,0,0,0,0,ON,ON,0,0,1
346,0,13.673,Not Avl,Compl,Compl,Unable,OFF,Not Avl,Compl,Compl,Unable,OFF,40.625,40.625,36.875,37.500,19.531,39.551,15.686,31.765,0.781,1.582,ON,0,OFF,ON,ON,1.002,1.000,0.035,0.023,3.357,3.342,0,97,51199.219,13.437,25.882,OFF,OFF,OFF,OFF,OFF,OFF,OFF,Avail,Incmpl,Incmpl,Enable,Avail,266.500,57.700,266.500,57.700,ON,Avail,Compl,Enable,80,0,0,0,0,0,0,6,A,0,0,Avail,Incmpl,Incmpl,Enable,OFF,OFF,124,699,51199.219,51199.219,51199.219,51199.219,51199.219,51199.219,1GRFE ,0,Avail,Incmpl,Incmpl,Enable,0,OFF,OFF,OFF,OFF,ON,ON,Avail,Compl,Enable,Compl,CL,CL,Compl,Unable,Not Avl,Compl,Compl,Enable,OFF,0,15,86,ON,81.250,20,0.111,2505,16,21,-3,OFF,1.562,5.469,3.960,OFF,0,0,82,Avail,Compl,Enable,0,GRN2#  ,ON,0,ACTIVE,ACTIVE,0.962,0.947,0.760,0.740,156.598,129.688,Avail,Compl,Avail,Incmpl,Incmpl,Enable,OBD II (California ARB),OFF,OFF,0,0,0,1st,OFF,OFF,OFF,OFF,OFF,OFF,1.562,0,ON,OFF,650,0,OFF,OFF,OFF,ON,Gasoline,0.988,OFF,OFF,0.684,ON,1.094,14.902,18,0,0.742,0.742,2.324,0.742,0.918,2.031,46.667,0,14.902,41,0,0,OFF,ECT 5th,NA,OFF,97.900,97.922,14.118,0,Not Avl,0,0,0,0,ON,ON,0,0,1
347,0,13.668,Not Avl,Compl,Compl,Unable,OFF,Not Avl,Compl,Compl,Unable,OFF,40.625,40.625,36.875,37.500,19.531,39.551,15.686,31.765,0.781,1.582,ON,0,OFF,ON,ON,1.000,1.001,0.023,0.031,3.342,3.352,0,97,51199.219,13.417,25.882,OFF,OFF,OFF,OFF,OFF,OFF,OFF,Avail,Incmpl,Incmpl,Enable,Avail,266.500,57.700,266.500,57.700,ON,Avail,Compl,Enable,80,0,0,0,0,0,0,6,A,0,0,Avail,Incmpl,Incmpl,Enable,OFF,OFF,124,686.500,51199.219,51199.219,51199.219,51199.219,51199.219,51199.219,1GRFE ,0,Avail,Incmpl,Incmpl,Enable,0,OFF,OFF,OFF,OFF,ON,ON,Avail,Compl,Enable,Compl,CL,CL,Compl,Unable,Not Avl,Compl,Compl,Enable,OFF,0,15,100,ON,81.250,20,0.112,2534,16,21,-3,OFF,1.562,5.469,4.010,OFF,0,0,82,Avail,Compl,Enable,0,GRN2#  ,ON,0,ACTIVE,ACTIVE,0.962,0.942,0.760,0.740,156.598,129.688,Avail,Compl,Avail,Incmpl,Incmpl,Enable,OBD II (California ARB),OFF,OFF,0,0,0,1st,OFF,OFF,OFF,OFF,OFF,OFF,1.562,0,ON,OFF,650,0,OFF,OFF,OFF,ON,Gasoline,0.987,OFF,OFF,0.684,ON,1.094,14.902,19,0,0.742,0.742,2.324,0.742,0.918,2.031,46.667,0,14.902,41,0,0,OFF,ECT 5th,NA,OFF,97.900,97.900,14.510,0,Not Avl,0,0,0,0,ON,ON,0,0,1
348,0,13.673,Not Avl,Compl,Compl,Unable,OFF,Not Avl,Compl,Compl,Unable,OFF,46.094,44.531,36.875,37.500,19.531,39.551,15.686,31.765,0.781,1.582,ON,0,OFF,ON,ON,0.999,0.998,0.023,0.020,3.337,3.332,0,97,51199.219,13.437,25.882,OFF,OFF,OFF,OFF,OFF,OFF,OFF,Avail,Incmpl,Incmpl,Enable,Avail,267.400,57.800,267.400,57.800,ON,Avail,Compl,Enable,80,0,0,0,0,0,0,6,A,0,0,Avail,Incmpl,Incmpl,Enable,OFF,OFF,125,698.250,51199.219,51199.219,51199.219,51199.219,51199.219,51199.219,1GRFE ,0,Avail,Incmpl,Incmpl,Enable,0,OFF,OFF,OFF,OFF,ON,ON,Avail,Compl,Enable,Compl,CL,CL,Compl,Unable,Not Avl,Compl,Compl,Enable,OFF,0,15,116,ON,81.250,20,0.112,2519,16,21,-3,OFF,1.562,5.469,3.960,OFF,0,0,71,Avail,Compl,Enable,0,GRN2#  ,ON,0,ACTIVE,ACTIVE,0.962,0.942,0.760,0.740,155.949,129.688,Avail,Compl,Avail,Incmpl,Incmpl,Enable,OBD II (California ARB),OFF,OFF,0,0,0,1st,OFF,OFF,OFF,OFF,OFF,OFF,1.562,0,ON,OFF,650,0,OFF,OFF,OFF,ON,Gasoline,0.987,OFF,OFF,0.684,ON,1.172,14.902,19,0,0.742,0.742,2.324,0.742,0.918,2.031,46.667,0,14.902,41,0,0,OFF,ECT 5th,NA,OFF,97.900,97.900,14.118,0,Not Avl,0,0,0,0,ON,ON,0,0,1
349,0,13.672,Not Avl,Compl,Compl,Unable,OFF,Not Avl,Compl,Compl,Unable,OFF,55.469,54.688,36.875,37.500,19.531,39.551,15.686,31.765,0.781,1.582,ON,0,OFF,ON,ON,0.997,0.995,0.016,0.012,3.327,3.318,0,97,51199.219,13.437,25.490,OFF,OFF,OFF,OFF,OFF,OFF,OFF,Avail,Incmpl,Incmpl,Enable,Avail,267.400,57.800,267.400,57.800,ON,Avail,Compl,Enable,80,0,0,0,0,0,0,6,A,0,0,Avail,Incmpl,Incmpl,Enable,OFF,OFF,125,700.750,51199.219,51199.219,51199.219,51199.219,51199.219,51199.219,1GRFE ,0,Avail,Incmpl,Incmpl,Enable,0,OFF,OFF,OFF,OFF,ON,ON,Avail,Compl,Enable,Compl,CL,CL,Compl,Unable,Not Avl,Compl,Compl,Enable,OFF,0,15,132,ON,81.250,20,0.112,2490,16,21,-3,OFF,1.562,5.469,3.960,OFF,0,0,71,Avail,Compl,Enable,0,GRN2#  ,ON,0,ACTIVE,ACTIVE,0.962,0.942,0.760,0.740,155.301,129.039,Avail,Compl,Avail,Incmpl,Incmpl,Enable,OBD II (California ARB),OFF,OFF,0,0,0,1st,OFF,OFF,OFF,OFF,OFF,OFF,1.562,0,ON,OFF,650,0,OFF,OFF,OFF,ON,Gasoline,0.987,OFF,OFF,0.684,ON,1.172,14.902,19,0,0.742,0.742,2.324,0.742,0.918,2.031,46.667,0,14.902,41,0,0,OFF,ECT 5th,NA,OFF,97.900,97.900,14.118,0,Not Avl,0,0,0,0,ON,ON,0,0,1
350,0,13.674,Not Avl,Compl,Compl,Unable,OFF,Not Avl,Compl,Compl,Unable,OFF,60.156,60.156,36.875,37.500,19.531,39.551,15.686,31.765,0.781,1.582,ON,0,OFF,ON,ON,0.999,1.000,0.023,0.023,3.342,3.342,0,97,51199.219,13.437,25.490,OFF,OFF,OFF,OFF,OFF,OFF,OFF,Avail,Incmpl,Incmpl,Enable,Avail,268.300,58,268.300,58,ON,Avail,Compl,Enable,80,0,0,0,0,0,0,6,A,0,0,Avail,Incmpl,Incmpl,Enable,OFF,OFF,126,698.250,51199.219,51199.219,51199.219,51199.219,51199.219,51199.219,1GRFE ,0,Avail,Incmpl,Incmpl,Enable,0,OFF,OFF,OFF,OFF,ON,ON,Avail,Compl,Enable,Compl,CL,CL,Compl,Unable,Not Avl,Compl,Compl,Enable,OFF,0,15,151,ON,81.250,20,0.112,2516,16,21,-3,OFF,1.562,5.469,3.960,OFF,0,0,63,Avail,Compl,Enable,0,GRN2#  ,ON,0,ACTIVE,ACTIVE,0.962,0.942,0.760,0.740,155.625,128.715,Avail,Compl,Avail,Incmpl,Incmpl,Enable,OBD II (California ARB),OFF,OFF,0,0,0,1st,OFF,OFF,OFF,OFF,OFF,OFF,1.562,0,ON,OFF,650,0,OFF,OFF,OFF,ON,Gasoline,0.989,OFF,OFF,0.684,ON,0.938,14.902,16,0,0.742,0.742,2.324,0.742,0.918,2.031,46.667,0,14.902,41,0,0,OFF,ECT 5th,NA,OFF,97.900,97.900,14.118,0,Not Avl,0,0,0,0,ON,ON,0,0,1
351,0,13.672,Not Avl,Compl,Compl,Unable,OFF,Not Avl,Compl,Compl,Unable,OFF,61.719,56.250,36.875,37.500,19.531,39.551,15.686,31.765,0.781,1.582,ON,0,OFF,ON,ON,0.999,0.999,0.027,0.023,3.347,3.342,0,97,51199.219,13.417,25.882,OFF,OFF,OFF,OFF,OFF,OFF,OFF,Avail,Incmpl,Incmpl,Enable,Avail,268.300,58,268.300,58,ON,Avail,Compl,Enable,80,0,0,0,0,0,0,6,A,0,0,Avail,Incmpl,Incmpl,Enable,OFF,OFF,126,695.250,51199.219,51199.219,51199.219,51199.219,51199.219,51199.219,1GRFE ,0,Avail,Incmpl,Incmpl,Enable,0,OFF,OFF,OFF,OFF,ON,ON,Avail,Compl,Enable,Compl,CL,CL,Compl,Unable,Not Avl,Compl,Compl,Enable,OFF,0,15,167,ON,81.250,20,0.111,2512,16,21,-3,OFF,1.562,5.469,4,OFF,0,0,63,Avail,Compl,Enable,0,GRN2#  ,ON,0,ACTIVE,ACTIVE,0.962,0.947,0.760,0.740,154.977,128.715,Avail,Compl,Avail,Incmpl,Incmpl,Enable,OBD II (California ARB),OFF,OFF,0,0,0,1st,OFF,OFF,OFF,OFF,OFF,OFF,1.562,0,ON,OFF,650,0,OFF,OFF,OFF,ON,Gasoline,0.989,OFF,OFF,0.684,ON,1.016,14.902,16,0,0.742,0.742,2.324,0.742,0.918,2.031,46.667,0,14.902,41,0,0,OFF,ECT 5th,NA,OFF,97.900,97.900,14.510,0,Not Avl,0,0,0,0,ON,ON,0,0,1
352,0,13.682,Not Avl,Compl,Compl,Unable,OFF,Not Avl,Compl,Compl,Unable,OFF,52.344,47.656,36.875,37.500,19.531,39.551,15.686,31.765,0.781,1.582,ON,0,OFF,ON,ON,0.999,1.001,0.023,0.027,3.342,3.347,0,97,51199.219,13.437,25.882,OFF,OFF,OFF,OFF,OFF,OFF,OFF,Avail,Incmpl,Incmpl,Enable,Avail,269.200,58.100,269.200,58.100,ON,Avail,Compl,Enable,80,0,0,0,0,0,0,6,A,0,0,Avail,Incmpl,Incmpl,Enable,OFF,OFF,127,696.750,51199.219,51199.219,51199.219,51199.219,51199.219,51199.219,1GRFE ,0,Avail,Incmpl,Incmpl,Enable,0,OFF,OFF,OFF,OFF,ON,ON,Avail,Compl,Enable,Compl,CL,CL,Compl,Unable,Not Avl,Compl,Compl,Enable,OFF,0,15,188,ON,81.250,20,0.111,2530,16,21,-3,OFF,1.562,5.469,3.980,OFF,0,0,71,Avail,Compl,Enable,0,GRN2#  ,ON,0,ACTIVE,ACTIVE,0.962,0.942,0.760,0.740,154.652,128.066,Avail,Compl,Avail,Incmpl,Incmpl,Enable,OBD II (California ARB),OFF,OFF,0,0,0,1st,OFF,OFF,OFF,OFF,OFF,OFF,1.562,0,ON,OFF,650,0,OFF,OFF,OFF,ON,Gasoline,0.986,OFF,OFF,0.684,ON,1.094,14.902,18,0,0.742,0.742,2.324,0.742,0.918,2.031,46.667,0,14.902,41,0,0,OFF,ECT 5th,NA,OFF,97.900,97.900,14.118,0,Not Avl,0,0,0,0,ON,ON,0,0,1
353,0,13.672,Not Avl,Compl,Compl,Unable,OFF,Not Avl,Compl,Compl,Unable,OFF,45.312,42.969,36.875,37.500,19.531,39.551,15.686,31.765,0.781,1.582,ON,0,OFF,ON,ON,0.995,0.998,0.012,0.016,3.318,3.327,0,97,51199.219,13.437,25.882,OFF,OFF,OFF,OFF,OFF,OFF,OFF,Avail,Incmpl,Incmpl,Enable,Avail,269.200,58.100,269.200,58.100,ON,Avail,Compl,Enable,80,0,0,0,0,0,0,6,A,0,0,Avail,Incmpl,Incmpl,Enable,OFF,OFF,127,700,51199.219,51199.219,51199.219,51199.219,51199.219,51199.219,1GRFE ,0,Avail,Incmpl,Incmpl,Enable,0,OFF,OFF,OFF,OFF,ON,ON,Avail,Compl,Enable,Compl,CL,CL,Compl,Unable,Not Avl,Compl,Compl,Enable,OFF,0,15,205,ON,81.250,20,0.111,2519,16,21,-3,OFF,1.562,5.469,4.010,OFF,0,0,71,Avail,Compl,Enable,0,GRN2#  ,ON,0,ACTIVE,ACTIVE,0.967,0.947,0.760,0.740,154.652,127.742,Avail,Compl,Avail,Incmpl,Incmpl,Enable,OBD II (California ARB),OFF,OFF,0,0,0,1st,OFF,OFF,OFF,OFF,OFF,OFF,1.562,0,ON,OFF,650,0,OFF,OFF,OFF,ON,Gasoline,0.987,OFF,OFF,0.684,ON,1.094,14.902,18,0,0.742,0.742,2.324,0.742,0.918,2.031,46.667,0,14.902,41,0,0,OFF,ECT 5th,NA,OFF,97.900,97.900,14.510,0,Not Avl,0,0,0,0,ON,ON,0,0,1
354,0,13.690,Not Avl,Compl,Compl,Unable,OFF,Not Avl,Compl,Compl,Unable,OFF,41.406,40.625,36.875,37.500,19.531,39.551,15.686,31.765,0.781,1.582,ON,0,OFF,ON,ON,0.995,0.997,0.012,0.012,3.318,3.322,0,97,51199.219,13.437,25.882,OFF,OFF,OFF,OFF,OFF,OFF,OFF,Avail,Incmpl,Incmpl,Enable,Avail,270.100,58.200,270.100,58.200,ON,Avail,Compl,Enable,80,0,0,0,0,0,0,6,A,0,0,Avail,Incmpl,Incmpl,Enable,OFF,OFF,128,698.250,51199.219,51199.219,51199.219,51199.219,51199.219,51199.219,1GRFE ,0,Avail,Incmpl,Incmpl,Enable,0,OFF,OFF,OFF,OFF,ON,ON,Avail,Compl,Enable,Compl,CL,CL,Compl,Unable,Not Avl,Compl,Compl,Enable,OFF,0,15,220,ON,81.250,20,0.112,2505,16,21,-3,OFF,1.562,5.469,4.010,OFF,0,0,71,Avail,Compl,Enable,0,GRN2#  ,ON,0,ACTIVE,ACTIVE,0.962,0.942,0.760,0.740,154.004,127.094,Avail,Compl,Avail,Incmpl,Incmpl,Enable,OBD II (California ARB),OFF,OFF,0,0,0,1st,OFF,OFF,OFF,OFF,OFF,OFF,1.562,-0.781,ON,OFF,650,0,OFF,OFF,OFF,ON,Gasoline,0.988,OFF,OFF,0.684,ON,1.094,14.902,18,0,0.742,0.742,2.324,0.742,0.918,2.031,46.667,0,14.902,41,0,0,OFF,ECT 5th,NA,OFF,97.900,97.900,14.510,0,Not Avl,0,0,0,0,ON,ON,0,0,1
355,0,13.689,Not Avl,Compl,Compl,Unable,OFF,Not Avl,Compl,Compl,Unable,OFF,40.625,40.625,36.875,37.500,19.531,39.551,15.686,31.765,0.781,1.582,ON,0,OFF,ON,ON,0.995,0.996,0.012,0.012,3.318,3.322,0,97,51199.219,13.437,25.882,OFF,OFF,OFF,OFF,OFF,OFF,OFF,Avail,Incmpl,Incmpl,Enable,Avail,270.100,58.200,270.100,58.200,ON,Avail,Compl,Enable,80,0,0,0,0,0,0,6,A,0,0,Avail,Incmpl,Incmpl,Enable,OFF,OFF,128,704.500,51199.219,51199.219,51199.219,51199.219,51199.219,51199.219,1GRFE ,0,Avail,Incmpl,Incmpl,Enable,0,OFF,OFF,OFF,OFF,ON,ON,Avail,Compl,Enable,Compl,CL,CL,Compl,Unable,Not Avl,Compl,Compl,Enable,OFF,0,15,233,ON,81.250,20,0.112,2494,16,21,-3,OFF,1.562,5.469,4.010,OFF,0,0,77,Avail,Compl,Enable,0,GRN2#  ,ON,0,ACTIVE,ACTIVE,0.962,0.942,0.760,0.740,153.680,127.742,Avail,Compl,Avail,Incmpl,Incmpl,Enable,OBD II (California ARB),OFF,OFF,0,0,0,1st,OFF,OFF,OFF,OFF,OFF,OFF,0.781,-0.781,ON,OFF,650,0,OFF,OFF,OFF,ON,Gasoline,0.990,OFF,OFF,0.684,ON,1.172,14.902,18,0,0.742,0.742,2.324,0.742,0.918,2.031,46.667,0,14.902,41,0,0,OFF,ECT 5th,NA,OFF,97.900,97.900,14.118,0,Not Avl,0,0,0,0,ON,ON,0,0,1
356,0,13.672,Not Avl,Compl,Compl,Unable,OFF,Not Avl,Compl,Compl,Unable,OFF,40.625,40.625,36.875,37.500,19.531,39.551,15.686,31.765,0.781,1.582,ON,0,OFF,ON,ON,0.996,0.997,0.012,0.016,3.322,3.327,0,97,51199.219,13.437,25.882,OFF,OFF,OFF,OFF,OFF,OFF,OFF,Avail,Incmpl,Incmpl,Enable,Avail,270.100,58.200,270.100,58.200,ON,Avail,Compl,Enable,80,0,0,0,0,0,0,6,A,0,0,Avail,Incmpl,Incmpl,Enable,OFF,OFF,128,696,51199.219,51199.219,51199.219,51199.219,51199.219,51199.219,1GRFE ,0,Avail,Incmpl,Incmpl,Enable,0,OFF,OFF,OFF,OFF,ON,ON,Avail,Compl,Enable,Compl,CL,CL,Compl,Unable,Not Avl,Compl,Compl,Enable,OFF,0,15,248,ON,81.250,20,0.112,2512,16,21,-3,OFF,1.562,5.469,3.960,OFF,0,0,77,Avail,Compl,Enable,0,GRN2#  ,ON,0,ACTIVE,ACTIVE,0.962,0.942,0.760,0.740,154.328,127.742,Avail,Compl,Avail,Incmpl,Incmpl,Enable,OBD II (California ARB),OFF,OFF,0,0,0,1st,OFF,OFF,OFF,OFF,OFF,OFF,0.781,-0.781,ON,OFF,650,0,OFF,OFF,OFF,ON,Gasoline,0.991,OFF,OFF,0.684,ON,1.172,14.902,19,0,0.742,0.742,2.324,0.742,0.918,2.031,46.667,0,14.902,41,0,0,OFF,ECT 5th,NA,OFF,97.900,97.900,14.118,0,Not Avl,0,0,0,0,ON,ON,0,0,1
357,0,13.672,Not Avl,Compl,Compl,Unable,OFF,Not Avl,Compl,Compl,Unable,OFF,40.625,40.625,36.875,37.500,19.531,39.551,15.686,31.765,0.781,1.582,ON,0,OFF,ON,ON,0.997,0.998,0.023,0.020,3.337,3.332,0,97,51199.219,13.437,25.882,OFF,OFF,OFF,OFF,OFF,OFF,OFF,Avail,Incmpl,Incmpl,Enable,Avail,270.900,58.300,270.900,58.300,ON,Avail,Compl,Enable,80,0,0,0,0,0,0,6,A,0,0,Avail,Incmpl,Incmpl,Enable,OFF,OFF,129,695.250,51199.219,51199.219,51199.219,51199.219,51199.219,51199.219,1GRFE ,0,Avail,Incmpl,Incmpl,Enable,0,OFF,OFF,OFF,OFF,ON,ON,Avail,Compl,Enable,Compl,CL,CL,Compl,Unable,Not Avl,Compl,Compl,Enable,OFF,0,15,260,ON,81.250,20,0.112,2512,16,21,-3,OFF,1.562,5.469,4,OFF,0,0,71,Avail,Compl,Enable,0,GRN2#  ,ON,0,ACTIVE,ACTIVE,0.962,0.942,0.760,0.740,153.031,127.094,Avail,Compl,Avail,Incmpl,Incmpl,Enable,OBD II (California ARB),OFF,OFF,0,0,0,1st,OFF,OFF,OFF,OFF,OFF,OFF,1.562,-0.781,ON,OFF,650,0,OFF,OFF,OFF,ON,Gasoline,0.991,OFF,OFF,0.684,ON,1.172,14.902,19,0,0.742,0.742,2.324,0.742,0.918,2.031,46.667,0,14.902,41,0,0,OFF,ECT 5th,NA,OFF,97.900,97.900,14.510,0,Not Avl,0,0,0,0,ON,ON,0,0,1
358,0,13.671,Not Avl,Compl,Compl,Unable,OFF,Not Avl,Compl,Compl,Unable,OFF,40.625,40.625,36.875,38.125,19.531,39.551,15.686,31.765,0.781,1.582,ON,0,OFF,ON,ON,1.000,1.000,0.027,0.027,3.347,3.347,0,97,51199.219,13.437,25.882,OFF,OFF,OFF,OFF,OFF,OFF,OFF,Avail,Incmpl,Incmpl,Enable,Avail,270.900,58.300,270.900,58.300,ON,Avail,Compl,Enable,80,0,0,0,0,0,0,6,A,0,0,Avail,Incmpl,Incmpl,Enable,OFF,OFF,129,694.500,51199.219,51199.219,51199.219,51199.219,51199.219,51199.219,1GRFE ,0,Avail,Incmpl,Incmpl,Enable,0,OFF,OFF,OFF,OFF,ON,ON,Avail,Compl,Enable,Compl,CL,CL,Compl,Unable,Not Avl,Compl,Compl,Enable,OFF,0,15,272,ON,81.250,20,0.112,2519,16,21,-3,OFF,1.562,5.469,3.980,OFF,0,0,71,Avail,Compl,Enable,0,GRN2#  ,ON,0,ACTIVE,ACTIVE,0.962,0.942,0.760,0.740,153.031,127.094,Avail,Compl,Avail,Incmpl,Incmpl,Enable,OBD II (California ARB),OFF,OFF,0,0,0,1st,OFF,OFF,OFF,OFF,OFF,OFF,1.562,-0.781,ON,OFF,650,0,OFF,OFF,OFF,ON,Gasoline,0.992,OFF,OFF,0.684,ON,1.172,14.902,19,0,0.742,0.742,2.324,0.742,0.918,2.031,46.667,0,14.902,41,0,0,OFF,ECT 5th,NA,OFF,97.900,97.900,14.510,0,Not Avl,0,0,0,0,ON,ON,0,0,1
359,0,13.680,Not Avl,Compl,Compl,Unable,OFF,Not Avl,Compl,Compl,Unable,OFF,53.125,46.094,36.875,38.125,19.531,39.551,15.686,31.765,0.781,1.582,ON,0,OFF,ON,ON,0.998,0.998,0.023,0.020,3.337,3.332,0,97,51199.219,13.437,25.882,OFF,OFF,OFF,OFF,OFF,OFF,OFF,Avail,Incmpl,Incmpl,Enable,Avail,270.900,58.300,270.900,58.300,ON,Avail,Compl,Enable,80,0,0,0,0,0,0,6,A,0,0,Avail,Incmpl,Incmpl,Enable,OFF,OFF,129,707.750,51199.219,51199.219,51199.219,51199.219,51199.219,51199.219,1GRFE ,0,Avail,Incmpl,Incmpl,Enable,0,OFF,OFF,OFF,OFF,ON,ON,Avail,Compl,Enable,Compl,CL,CL,Compl,Unable,Not Avl,Compl,Compl,Enable,OFF,0,15,286,ON,81.250,20,0.111,2498,16,21,-3,OFF,1.562,5.469,4,OFF,0,0,71,Avail,Compl,Enable,0,GRN2#  ,ON,0,ACTIVE,ACTIVE,0.967,0.947,0.760,0.740,152.707,126.121,Avail,Compl,Avail,Incmpl,Incmpl,Enable,OBD II (California ARB),OFF,OFF,0,0,0,1st,OFF,OFF,OFF,OFF,OFF,OFF,1.562,0,ON,OFF,650,0,OFF,OFF,OFF,ON,Gasoline,0.991,OFF,OFF,0.684,ON,1.172,14.902,19,0,0.742,0.742,2.324,0.742,0.918,2.031,46.667,0,14.902,41,0,0,OFF,ECT 5th,NA,OFF,97.900,97.900,14.118,0,Not Avl,0,0,0,0,ON,ON,0,0,1
360,0,13.672,Not Avl,Compl,Compl,Unable,OFF,Not Avl,Compl,Compl,Unable,OFF,58.594,52.344,36.875,37.500,19.531,39.551,15.686,31.765,0.781,1.582,ON,0,OFF,ON,ON,1.000,0.999,0.031,0.023,3.352,3.337,0,97,51199.219,13.437,25.490,OFF,OFF,OFF,OFF,OFF,OFF,OFF,Avail,Incmpl,Incmpl,Enable,Avail,271.800,58.400,271.800,58.400,ON,Avail,Compl,Enable,80,0,0,0,0,0,0,6,A,0,0,Avail,Incmpl,Incmpl,Enable,OFF,OFF,130,703,51199.219,51199.219,51199.219,51199.219,51199.219,51199.219,1GRFE ,0,Avail,Incmpl,Incmpl,Enable,0,OFF,OFF,OFF,OFF,ON,ON,Avail,Compl,Enable,Compl,CL,CL,Compl,Unable,Not Avl,Compl,Compl,Enable,OFF,0,15,299,ON,81.250,20,0.111,2483,16,21,-3,OFF,1.562,5.469,4,OFF,0,0,79,Avail,Compl,Enable,0,GRN2#  ,ON,0,ACTIVE,ACTIVE,0.962,0.942,0.760,0.740,152.383,126.121,Avail,Compl,Avail,Incmpl,Incmpl,Enable,OBD II (California ARB),OFF,OFF,0,0,0,1st,OFF,OFF,OFF,OFF,OFF,OFF,1.562,0,ON,OFF,650,0,OFF,OFF,OFF,ON,Gasoline,0.991,OFF,OFF,0.684,ON,1.172,14.902,19,0,0.742,0.742,2.324,0.742,0.918,2.031,46.667,0,14.902,41,0,0,OFF,ECT 5th,NA,OFF,97.900,97.900,14.118,0,Not Avl,0,0,0,0,ON,ON,0,0,1
361,0,13.661,Not Avl,Compl,Compl,Unable,OFF,Not Avl,Compl,Compl,Unable,OFF,60.938,58.594,36.875,38.125,19.531,39.551,15.686,31.765,0.781,1.582,ON,0,OFF,ON,ON,1.001,1.001,0.031,0.031,3.352,3.352,0,97,51199.219,13.417,25.882,OFF,OFF,OFF,OFF,OFF,OFF,OFF,Avail,Incmpl,Incmpl,Enable,Avail,271.800,58.400,271.800,58.400,ON,Avail,Compl,Enable,80,0,0,0,0,0,0,6,A,0,0,Avail,Incmpl,Incmpl,Enable,OFF,OFF,130,692.750,51199.219,51199.219,51199.219,51199.219,51199.219,51199.219,1GRFE ,0,Avail,Incmpl,Incmpl,Enable,0,OFF,OFF,OFF,OFF,ON,ON,Avail,Compl,Enable,Compl,CL,CL,Compl,Unable,Not Avl,Compl,Compl,Enable,OFF,0,15,312,ON,81.250,20,0.111,2501,16,21,-3,OFF,1.562,5.469,3.960,OFF,0,0,79,Avail,Compl,Enable,0,GRN2#  ,ON,0,ACTIVE,ACTIVE,0.962,0.942,0.760,0.740,152.707,126.770,Avail,Compl,Avail,Incmpl,Incmpl,Enable,OBD II (California ARB),OFF,OFF,0,0,0,1st,OFF,OFF,OFF,OFF,OFF,OFF,1.562,0,ON,OFF,650,0,OFF,OFF,OFF,ON,Gasoline,0.990,OFF,OFF,0.684,ON,1.172,14.902,19,0,0.742,0.742,2.324,0.742,0.918,2.031,46.667,0,14.902,41,0,0,OFF,ECT 5th,NA,OFF,97.900,97.900,14.118,0,Not Avl,0,0,0,0,ON,ON,0,0,1
362,0,13.671,Not Avl,Compl,Compl,Unable,OFF,Not Avl,Compl,Compl,Unable,OFF,61.719,61.719,36.875,38.125,19.531,39.551,15.686,31.765,0.781,1.582,ON,0,OFF,ON,ON,1.000,1.000,0.027,0.023,3.347,3.342,0,97,51199.219,13.437,25.882,OFF,OFF,OFF,OFF,OFF,OFF,OFF,Avail,Incmpl,Incmpl,Enable,Avail,272.600,58.500,272.600,58.500,ON,Avail,Compl,Enable,80,0,0,0,0,0,0,6,A,0,0,Avail,Incmpl,Incmpl,Enable,OFF,OFF,131,690.500,51199.219,51199.219,51199.219,51199.219,51199.219,51199.219,1GRFE ,0,Avail,Incmpl,Incmpl,Enable,0,OFF,OFF,OFF,OFF,ON,ON,Avail,Compl,Enable,Compl,CL,CL,Compl,Unable,Not Avl,Compl,Compl,Enable,OFF,0,15,330,ON,81.250,20,0.111,2520,16,21,-3,OFF,1.562,5.469,3.960,OFF,0,0,79,Avail,Compl,Enable,0,GRN2#  ,ON,0,ACTIVE,ACTIVE,0.962,0.942,0.760,0.740,151.734,125.797,Avail,Compl,Avail,Incmpl,Incmpl,Enable,OBD II (California ARB),OFF,OFF,0,0,0,1st,OFF,OFF,OFF,OFF,OFF,OFF,1.562,0,ON,OFF,650,0,OFF,OFF,OFF,ON,Gasoline,0.989,OFF,OFF,0.684,ON,1.172,14.902,19,0,0.742,0.742,2.324,0.742,0.918,2.031,46.667,0,14.902,41,0,0,OFF,ECT 5th,NA,OFF,97.900,97.900,14.510,0,Not Avl,0,0,0,0,ON,ON,0,0,1
363,0,13.671,Not Avl,Compl,Compl,Unable,OFF,Not Avl,Compl,Compl,Unable,OFF,61.719,56.250,36.875,38.125,19.531,39.551,15.686,31.765,0.781,1.582,ON,0,OFF,ON,ON,0.996,0.999,0.012,0.023,3.322,3.342,0,97,51199.219,13.437,25.882,OFF,OFF,OFF,OFF,OFF,OFF,OFF,Avail,Incmpl,Incmpl,Enable,Avail,272.600,58.500,272.600,58.500,ON,Avail,Compl,Enable,80,0,0,0,0,0,0,6,A,0,0,Avail,Incmpl,Incmpl,Enable,OFF,OFF,131,692,51199.219,51199.219,51199.219,51199.219,51199.219,51199.219,1GRFE ,0,Avail,Incmpl,Incmpl,Enable,0,OFF,OFF,OFF,OFF,ON,ON,Avail,Compl,Enable,Compl,CL,CL,Compl,Unable,Not Avl,Compl,Compl,Enable,OFF,0,15,345,ON,81.250,20,0.111,2519,16,21,-3,OFF,1.562,5.469,3.960,OFF,0,0,76,Avail,Compl,Enable,0,GRN2#  ,ON,0,ACTIVE,ACTIVE,0.962,0.942,0.760,0.740,152.383,125.797,Avail,Compl,Avail,Incmpl,Incmpl,Enable,OBD II (California ARB),OFF,OFF,0,0,0,1st,OFF,OFF,OFF,OFF,OFF,OFF,1.562,0,ON,OFF,650,0,OFF,OFF,OFF,ON,Gasoline,0.989,OFF,OFF,0.684,ON,1.172,14.902,19,0,0.742,0.742,2.324,0.742,0.918,2.031,46.667,0,14.902,41,0,0,OFF,ECT 5th,NA,OFF,97.900,97.900,14.510,0,Not Avl,0,0,0,0,ON,ON,0,0,1
364,0,13.672,Not Avl,Compl,Compl,Unable,OFF,Not Avl,Compl,Compl,Unable,OFF,46.875,45.312,36.875,38.125,19.531,39.551,15.686,31.765,0.781,1.582,ON,0,OFF,ON,ON,0.998,0.996,0.023,0.012,3.337,3.322,0,97,51199.219,13.437,25.882,OFF,OFF,OFF,OFF,OFF,OFF,OFF,Avail,Incmpl,Incmpl,Enable,Avail,272.600,58.500,272.600,58.500,ON,Avail,Compl,Enable,80,0,0,0,0,0,0,6,A,0,0,Avail,Incmpl,Incmpl,Enable,OFF,OFF,132,697.500,51199.219,51199.219,51199.219,51199.219,51199.219,51199.219,1GRFE ,0,Avail,Incmpl,Incmpl,Enable,0,OFF,OFF,OFF,OFF,ON,ON,Avail,Compl,Enable,Compl,CL,CL,Compl,Unable,Not Avl,Compl,Compl,Enable,OFF,0,15,362,ON,81.250,20,0.111,2519,16,21,-3,OFF,1.562,5.469,4,OFF,0,0,76,Avail,Compl,Enable,0,GRN2#  ,ON,0,ACTIVE,ACTIVE,0.962,0.942,0.740,0.740,151.086,125.148,Avail,Compl,Avail,Incmpl,Incmpl,Enable,OBD II (California ARB),OFF,OFF,0,0,0,1st,OFF,OFF,OFF,OFF,OFF,OFF,1.562,0,ON,OFF,650,0,OFF,OFF,OFF,ON,Gasoline,0.990,OFF,OFF,0.684,ON,1.172,14.902,19,0,0.742,0.742,2.324,0.742,0.918,2.031,46.667,0,14.902,41,0,0,OFF,ECT 5th,NA,OFF,97.900,97.900,14.510,0,Not Avl,0,0,0,0,ON,ON,0,0,1
365,0,13.672,Not Avl,Compl,Compl,Unable,OFF,Not Avl,Compl,Compl,Unable,OFF,42.969,42.188,36.875,37.500,19.531,39.551,15.686,31.765,0.781,1.582,ON,0,OFF,ON,ON,0.999,0.998,0.023,0.023,3.342,3.337,0,97,51199.219,13.437,25.882,OFF,OFF,OFF,OFF,OFF,OFF,OFF,Avail,Incmpl,Incmpl,Enable,Avail,273.500,58.700,273.500,58.700,ON,Avail,Compl,Enable,80,0,0,0,0,0,0,6,A,0,0,Avail,Incmpl,Incmpl,Enable,OFF,OFF,132,702.250,51199.219,51199.219,51199.219,51199.219,51199.219,51199.219,1GRFE ,0,Avail,Incmpl,Incmpl,Enable,0,OFF,OFF,OFF,OFF,ON,ON,Avail,Compl,Enable,Compl,CL,CL,Compl,Unable,Not Avl,Compl,Compl,Enable,OFF,0,15,377,ON,81.250,20,0.111,2494,16,21,-3,OFF,1.562,5.469,4,OFF,0,0,73,Avail,Compl,Enable,0,GRN2#  ,ON,0,ACTIVE,ACTIVE,0.962,0.942,0.760,0.740,151.086,125.148,Avail,Compl,Avail,Incmpl,Incmpl,Enable,OBD II (California ARB),OFF,OFF,0,0,0,1st,OFF,OFF,OFF,OFF,OFF,OFF,1.562,0,ON,OFF,650,0,OFF,OFF,OFF,ON,Gasoline,0.990,OFF,OFF,0.684,ON,1.172,14.902,19,0,0.742,0.742,2.324,0.742,0.918,2.031,46.667,0,14.902,41,0,0,OFF,ECT 5th,NA,OFF,97.900,97.900,14.118,0,Not Avl,0,0,0,0,ON,ON,0,0,1
366,0,13.672,Not Avl,Compl,Compl,Unable,OFF,Not Avl,Compl,Compl,Unable,OFF,40.625,40.625,36.875,38.125,19.531,39.551,15.686,31.765,0.781,1.582,ON,0,OFF,ON,ON,1.000,1.000,0.027,0.031,3.347,3.352,0,97,51199.219,13.417,25.882,OFF,OFF,OFF,OFF,OFF,OFF,OFF,Avail,Incmpl,Incmpl,Enable,Avail,273.500,58.700,273.500,58.700,ON,Avail,Compl,Enable,80,0,0,0,0,0,0,6,A,0,0,Avail,Incmpl,Incmpl,Enable,OFF,OFF,133,692.750,51199.219,51199.219,51199.219,51199.219,51199.219,51199.219,1GRFE ,0,Avail,Incmpl,Incmpl,Enable,0,OFF,OFF,OFF,OFF,ON,ON,Avail,Compl,Enable,Compl,CL,CL,Compl,Unable,Not Avl,Compl,Compl,Enable,OFF,0,15,394,ON,81.250,20,0.111,2494,16,21,-3,OFF,1.562,5.469,4,OFF,0,0,73,Avail,Compl,Enable,0,GRN2#  ,ON,0,ACTIVE,ACTIVE,0.962,0.947,0.760,0.740,150.762,125.148,Avail,Compl,Avail,Incmpl,Incmpl,Enable,OBD II (California ARB),OFF,OFF,0,0,0,1st,OFF,OFF,OFF,OFF,OFF,OFF,1.562,0,ON,OFF,650,0,OFF,OFF,OFF,ON,Gasoline,0.989,OFF,OFF,0.684,ON,1.172,14.902,19,0,0.742,0.742,2.324,0.742,0.918,2.031,46.667,0,14.902,41,0,0,OFF,ECT 5th,NA,OFF,97.900,97.900,14.510,0,Not Avl,0,0,0,0,ON,ON,0,0,1
367,0,13.671,Not Avl,Compl,Compl,Unable,OFF,Not Avl,Compl,Compl,Unable,OFF,40.625,40.625,36.875,38.125,19.531,39.551,15.686,31.765,0.781,1.582,ON,0,OFF,ON,ON,1.000,1.002,0.027,0.035,3.347,3.357,0,97,51199.219,13.437,25.882,OFF,OFF,OFF,OFF,OFF,OFF,OFF,Avail,Incmpl,Incmpl,Enable,Avail,274.300,58.800,274.300,58.800,ON,Avail,Compl,Enable,80,0,0,0,0,0,0,6,A,0,0,Avail,Incmpl,Incmpl,Enable,OFF,OFF,133,691.250,51199.219,51199.219,51199.219,51199.219,51199.219,51199.219,1GRFE ,0,Avail,Incmpl,Incmpl,Enable,0,OFF,OFF,OFF,OFF,ON,ON,Avail,Compl,Enable,Compl,CL,CL,Compl,Unable,Not Avl,Compl,Compl,Enable,OFF,0,15,409,ON,81.250,20,0.111,2512,16,21,-3,OFF,1.562,5.469,3.960,OFF,0,0,81,Avail,Compl,Enable,0,GRN2#  ,ON,0,ACTIVE,ACTIVE,0.962,0.942,0.740,0.740,150.762,124.824,Avail,Compl,Avail,Incmpl,Incmpl,Enable,OBD II (California ARB),OFF,OFF,0,0,0,1st,OFF,OFF,OFF,OFF,OFF,OFF,1.562,0,ON,OFF,650,0,OFF,OFF,OFF,ON,Gasoline,0.988,OFF,OFF,0.684,ON,1.172,14.902,19,0,0.742,0.742,2.324,0.742,0.918,2.031,46.667,0,14.902,41,0,0,OFF,ECT 5th,NA,OFF,97.900,97.900,14.510,0,Not Avl,0,0,0,0,ON,ON,0,0,1
368,0,13.672,Not Avl,Compl,Compl,Unable,OFF,Not Avl,Compl,Compl,Unable,OFF,40.625,40.625,36.875,38.125,19.531,39.551,15.686,31.765,0.781,1.582,ON,0,OFF,ON,ON,1.001,1.001,0.031,0.027,3.352,3.347,0,97,51199.219,13.417,25.882,OFF,OFF,OFF,OFF,OFF,OFF,OFF,Avail,Incmpl,Incmpl,Enable,Avail,274.300,58.800,274.300,58.800,ON,Avail,Compl,Enable,80,0,0,0,0,0,0,6,A,0,0,Avail,Incmpl,Incmpl,Enable,OFF,OFF,133,696.750,51199.219,51199.219,51199.219,51199.219,51199.219,51199.219,1GRFE ,0,Avail,Incmpl,Incmpl,Enable,0,OFF,OFF,OFF,OFF,ON,ON,Avail,Compl,Enable,Compl,CL,CL,Compl,Unable,Not Avl,Compl,Compl,Enable,OFF,0,15,425,ON,81.250,20,0.111,2530,16,21,-3,OFF,1.562,5.469,4.010,OFF,0,0,81,Avail,Compl,Enable,0,GRN2#  ,ON,0,ACTIVE,ACTIVE,0.962,0.942,0.740,0.740,150.113,124.824,Avail,Compl,Avail,Incmpl,Incmpl,Enable,OBD II (California ARB),OFF,OFF,0,0,0,1st,OFF,OFF,OFF,OFF,OFF,OFF,1.562,0,ON,OFF,650,0,OFF,OFF,OFF,ON,Gasoline,0.988,OFF,OFF,0.684,ON,1.172,14.902,19,0,0.742,0.742,2.324,0.742,0.918,2.031,46.667,0,14.902,41,0,0,OFF,ECT 5th,NA,OFF,97.900,97.900,14.510,0,Not Avl,0,0,0,0,ON,ON,0,0,1
369,0,13.671,Not Avl,Compl,Compl,Unable,OFF,Not Avl,Compl,Compl,Unable,OFF,40.625,40.625,36.875,38.125,19.531,39.551,15.686,31.765,0.781,1.582,ON,0,OFF,ON,ON,0.997,0.997,0.016,0.020,3.327,3.332,0,97,51199.219,13.417,25.882,OFF,OFF,OFF,OFF,OFF,OFF,OFF,Avail,Incmpl,Incmpl,Enable,Avail,275.100,58.900,275.100,58.900,ON,Avail,Compl,Enable,80,0,0,0,0,0,0,6,A,0,0,Avail,Incmpl,Incmpl,Enable,OFF,OFF,134,708.500,51199.219,51199.219,51199.219,51199.219,51199.219,51199.219,1GRFE ,0,Avail,Incmpl,Incmpl,Enable,0,OFF,OFF,OFF,OFF,ON,ON,Avail,Compl,Enable,Compl,CL,CL,Compl,Unable,Not Avl,Compl,Compl,Enable,OFF,0,15,441,ON,81.250,20,0.111,2501,16,21,-3,OFF,1.562,5.469,3.980,OFF,0,0,78,Avail,Compl,Enable,0,GRN2#  ,ON,0,ACTIVE,ACTIVE,0.962,0.942,0.760,0.740,149.789,124.176,Avail,Compl,Avail,Incmpl,Incmpl,Enable,OBD II (California ARB),OFF,OFF,0,0,0,1st,OFF,OFF,OFF,OFF,OFF,OFF,1.562,0,ON,OFF,650,0,OFF,OFF,OFF,ON,Gasoline,0.988,OFF,OFF,0.684,ON,1.172,14.902,19,0,0.742,0.742,2.324,0.742,0.918,2.031,46.667,0,14.902,41,0,0,OFF,ECT 5th,NA,OFF,97.900,97.900,14.118,0,Not Avl,0,0,0,0,ON,ON,0,0,1
370,0,13.672,Not Avl,Compl,Compl,Unable,OFF,Not Avl,Compl,Compl,Unable,OFF,53.125,44.531,36.875,38.125,19.531,39.551,15.686,31.765,0.781,1.582,ON,0,OFF,ON,ON,0.995,0.996,0.012,0.012,3.322,3.322,0,97,51199.219,13.437,25.490,OFF,OFF,OFF,OFF,OFF,OFF,OFF,Avail,Incmpl,Incmpl,Enable,Avail,275.100,58.900,275.100,58.900,ON,Avail,Compl,Enable,80,0,0,0,0,0,0,6,A,0,0,Avail,Incmpl,Incmpl,Enable,OFF,OFF,134,703.750,51199.219,51199.219,51199.219,51199.219,51199.219,51199.219,1GRFE ,0,Avail,Incmpl,Incmpl,Enable,0,OFF,OFF,OFF,OFF,ON,ON,Avail,Compl,Enable,Compl,CL,CL,Compl,Unable,Not Avl,Compl,Compl,Enable,OFF,0,15,457,ON,81.250,20,0.111,2479,16,21,-3,OFF,1.562,5.469,3.980,OFF,0,0,78,Avail,Compl,Enable,0,GRN2#  ,ON,0,ACTIVE,ACTIVE,0.962,0.942,0.760,0.740,149.141,124.824,Avail,Compl,Avail,Incmpl,Incmpl,Enable,OBD II (California ARB),OFF,OFF,0,0,0,1st,OFF,OFF,OFF,OFF,OFF,OFF,0.781,0,ON,OFF,650,0,OFF,OFF,OFF,ON,Gasoline,0.989,OFF,OFF,0.684,ON,1.172,14.902,19,0,0.742,0.742,2.324,0.742,0.918,2.031,46.667,0,14.902,41,0,0,OFF,ECT 5th,NA,OFF,97.900,97.900,14.118,0,Not Avl,0,0,0,0,ON,ON,0,0,1
371,0,13.671,Not Avl,Compl,Compl,Unable,OFF,Not Avl,Compl,Compl,Unable,OFF,59.375,51.562,36.875,38.125,19.531,39.551,15.686,31.765,0.781,1.582,ON,0,OFF,ON,ON,0.999,0.999,0.023,0.023,3.342,3.342,0,97,51199.219,13.417,25.490,OFF,OFF,OFF,OFF,OFF,OFF,OFF,Avail,Incmpl,Incmpl,Enable,Avail,275.100,58.900,275.100,58.900,ON,Avail,Compl,Enable,80,0,0,0,0,0,0,6,A,0,0,Avail,Incmpl,Incmpl,Enable,OFF,OFF,135,692,51199.219,51199.219,51199.219,51199.219,51199.219,51199.219,1GRFE ,0,Avail,Incmpl,Incmpl,Enable,0,OFF,OFF,OFF,OFF,ON,ON,Avail,Compl,Enable,Compl,CL,CL,Compl,Unable,Not Avl,Compl,Compl,Enable,OFF,0,15.500,473,ON,81.250,20,0.111,2487,16,21,-3,OFF,1.562,5.469,3.960,OFF,0,0,78,Avail,Compl,Enable,0,GRN2#  ,ON,0,ACTIVE,ACTIVE,0.962,0.942,0.760,0.740,149.141,124.176,Avail,Compl,Avail,Incmpl,Incmpl,Enable,OBD II (California ARB),OFF,OFF,0,0,0,1st,OFF,OFF,OFF,OFF,OFF,OFF,1.562,0,ON,OFF,650,0,OFF,OFF,OFF,ON,Gasoline,0.990,OFF,OFF,0.684,ON,1.172,14.902,19,0,0.742,0.742,2.324,0.742,0.918,2.031,46.667,0,14.902,41,0,0,OFF,ECT 5th,NA,OFF,97.900,97.900,14.510,0,Not Avl,0,0,0,0,ON,ON,0,0,1
372,0,13.667,Not Avl,Compl,Compl,Unable,OFF,Not Avl,Compl,Compl,Unable,OFF,61.719,59.375,36.875,38.125,19.531,39.551,15.686,31.765,0.781,1.582,ON,0,OFF,ON,ON,0.999,0.998,0.039,0.035,3.342,3.337,0,97,51199.219,13.417,25.882,OFF,OFF,OFF,OFF,OFF,OFF,OFF,Avail,Incmpl,Incmpl,Enable,Avail,276,59,276,59,ON,Avail,Compl,Enable,80,0,0,0,0,0,0,6,A,0,0,Avail,Incmpl,Incmpl,Enable,OFF,OFF,135,693.750,51199.219,51199.219,51199.219,51199.219,51199.219,51199.219,1GRFE ,0,Avail,Incmpl,Incmpl,Enable,0,OFF,OFF,OFF,OFF,ON,ON,Avail,Compl,Enable,Compl,CL,CL,Compl,Unable,Not Avl,Compl,Compl,Enable,OFF,0,15,491,ON,81.250,20,0.111,2523,16,21,-3,OFF,1.562,5.469,3.980,OFF,0,0,79,Avail,Compl,Enable,0,GRN2#  ,ON,0,ACTIVE,ACTIVE,0.962,0.942,0.740,0.740,148.816,124.500,Avail,Compl,Avail,Incmpl,Incmpl,Enable,OBD II (California ARB),OFF,OFF,0,0,0,1st,OFF,OFF,OFF,OFF,OFF,OFF,1.562,0,ON,OFF,650,0,OFF,OFF,OFF,ON,Gasoline,0.989,OFF,OFF,0.684,ON,1.172,14.902,19,0,0.742,0.742,2.324,0.742,0.918,2.031,46.667,0,14.902,41,0,0,OFF,ECT 5th,NA,OFF,97.900,97.900,14.510,0,Not Avl,0,0,0,0,ON,ON,0,0,1
373,0,13.656,Not Avl,Compl,Compl,Unable,OFF,Not Avl,Compl,Compl,Unable,OFF,61.719,61.719,36.875,38.125,19.531,39.551,15.686,31.765,0.781,1.582,ON,0,OFF,ON,ON,0.997,0.998,0.020,0.023,3.332,3.337,0,97,51199.219,13.417,25.882,OFF,OFF,OFF,OFF,OFF,OFF,OFF,Avail,Incmpl,Incmpl,Enable,Avail,276,59,276,59,ON,Avail,Compl,Enable,80,0,0,0,0,0,0,6,A,0,0,Avail,Incmpl,Incmpl,Enable,OFF,OFF,136,691.250,51199.219,51199.219,51199.219,51199.219,51199.219,51199.219,1GRFE ,0,Avail,Incmpl,Incmpl,Enable,0,OFF,OFF,OFF,OFF,ON,ON,Avail,Compl,Enable,Compl,CL,CL,Compl,Unable,Not Avl,Compl,Compl,Enable,OFF,0,15,503,ON,81.250,20,0.111,2523,16,21,-3,OFF,1.562,5.469,3.960,OFF,0,0,79,Avail,Compl,Enable,0,GRN2#  ,ON,0,ACTIVE,ACTIVE,0.962,0.942,0.760,0.740,148.816,123.852,Avail,Compl,Avail,Incmpl,Incmpl,Enable,OBD II (California ARB),OFF,OFF,0,0,0,1st,OFF,OFF,OFF,OFF,OFF,OFF,1.562,0,ON,OFF,650,0,OFF,OFF,OFF,ON,Gasoline,0.989,OFF,OFF,0.684,ON,1.172,14.902,19,0,0.742,0.742,2.324,0.742,0.918,2.031,46.667,0,14.902,41,0,0,OFF,ECT 5th,NA,OFF,97.900,97.900,14.510,0,Not Avl,0,0,0,0,ON,ON,0,0,1
374,0,13.671,Not Avl,Compl,Compl,Unable,OFF,Not Avl,Compl,Compl,Unable,OFF,56.250,56.250,36.875,38.125,19.531,39.551,15.686,31.765,0.781,1.582,ON,0,OFF,ON,ON,0.999,0.996,0.023,0.016,3.342,3.327,0,97,51199.219,13.417,25.882,OFF,OFF,OFF,OFF,OFF,OFF,OFF,Avail,Incmpl,Incmpl,Enable,Avail,276.800,59.100,276.800,59.100,ON,Avail,Compl,Enable,80,0,0,0,0,0,0,6,A,0,0,Avail,Incmpl,Incmpl,Enable,OFF,OFF,136,693.750,51199.219,51199.219,51199.219,51199.219,51199.219,51199.219,1GRFE ,0,Avail,Incmpl,Incmpl,Enable,0,OFF,OFF,OFF,OFF,ON,ON,Avail,Compl,Enable,Compl,CL,CL,Compl,Unable,Not Avl,Compl,Compl,Enable,OFF,0,15,515,ON,81.250,20,0.111,2509,16,21,-3,OFF,1.562,5.469,4,OFF,0,0,89,Avail,Compl,Enable,0,GRN2#  ,ON,0,ACTIVE,ACTIVE,0.962,0.942,0.760,0.740,148.492,123.203,Avail,Compl,Avail,Incmpl,Incmpl,Enable,OBD II (California ARB),OFF,OFF,0,0,0,1st,OFF,OFF,OFF,OFF,OFF,OFF,1.562,0,ON,OFF,650,0,OFF,OFF,OFF,ON,Gasoline,0.991,OFF,OFF,0.684,ON,1.172,14.902,19,0,0.742,0.742,2.324,0.742,0.918,2.031,46.667,0,14.902,41,0,0,OFF,ECT 5th,NA,OFF,97.900,97.900,14.510,0,Not Avl,0,0,0,0,ON,ON,0,0,1
375,0,13.662,Not Avl,Compl,Compl,Unable,OFF,Not Avl,Compl,Compl,Unable,OFF,46.875,50,36.875,38.125,19.531,39.551,15.686,31.765,0.781,1.582,ON,0,OFF,ON,ON,0.996,0.998,0.020,0.023,3.332,3.337,0,97,51199.219,13.437,25.882,OFF,OFF,OFF,OFF,OFF,OFF,OFF,Avail,Incmpl,Incmpl,Enable,Avail,276.800,59.100,276.800,59.100,ON,Avail,Compl,Enable,80,0,0,0,0,0,0,6,A,0,0,Avail,Incmpl,Incmpl,Enable,OFF,OFF,136,695.250,51199.219,51199.219,51199.219,51199.219,51199.219,51199.219,1GRFE ,0,Avail,Incmpl,Incmpl,Enable,0,OFF,OFF,OFF,OFF,ON,ON,Avail,Compl,Enable,Compl,CL,CL,Compl,Unable,Not Avl,Compl,Compl,Enable,OFF,0,15,529,ON,81.250,20,0.111,2516,16,21,-3,OFF,1.562,5.469,4.010,OFF,0,0,89,Avail,Compl,Enable,0,GRN2#  ,ON,0,ACTIVE,ACTIVE,0.967,0.947,0.760,0.740,148.492,123.203,Avail,Compl,Avail,Incmpl,Incmpl,Enable,OBD II (California ARB),OFF,OFF,0,0,0,1st,OFF,OFF,OFF,OFF,OFF,OFF,1.562,0,ON,OFF,650,0,OFF,OFF,OFF,ON,Gasoline,0.990,OFF,OFF,0.684,ON,1.172,14.902,19,0,0.742,0.742,2.324,0.742,0.918,2.031,46.667,0,14.902,41,0,0,OFF,ECT 5th,NA,OFF,97.900,97.900,14.510,0,Not Avl,0,0,0,0,ON,ON,0,0,1
376,0,13.671,Not Avl,Compl,Compl,Unable,OFF,Not Avl,Compl,Compl,Unable,OFF,42.969,44.531,36.875,38.125,19.531,39.551,15.686,31.765,0.781,1.582,ON,0,OFF,ON,ON,0.995,0.997,0.012,0.020,3.322,3.332,0,97,51199.219,13.437,25.882,OFF,OFF,OFF,OFF,OFF,OFF,OFF,Avail,Incmpl,Incmpl,Enable,Avail,276.800,59.100,276.800,59.100,ON,Avail,Compl,Enable,80,0,0,0,0,0,0,6,A,0,0,Avail,Incmpl,Incmpl,Enable,OFF,OFF,137,696.750,51199.219,51199.219,51199.219,51199.219,51199.219,51199.219,1GRFE ,0,Avail,Incmpl,Incmpl,Enable,0,OFF,OFF,OFF,OFF,ON,ON,Avail,Compl,Enable,Compl,CL,CL,Compl,Unable,Not Avl,Compl,Compl,Enable,OFF,0,15,542,ON,81.250,20,0.111,2494,16,21,-3,OFF,1.562,5.469,3.960,OFF,0,0,89,Avail,Compl,Enable,0,GRN2#  ,ON,0,ACTIVE,ACTIVE,0.962,0.942,0.760,0.740,148.168,123.852,Avail,Compl,Avail,Incmpl,Incmpl,Enable,OBD II (California ARB),OFF,OFF,0,0,0,1st,OFF,OFF,OFF,OFF,OFF,OFF,0.781,0,ON,OFF,650,0,OFF,OFF,OFF,ON,Gasoline,0.990,OFF,OFF,0.684,ON,1.172,14.902,19,0,0.742,0.742,2.324,0.742,0.918,2.031,46.667,0,14.902,41,0,0,OFF,ECT 5th,NA,OFF,97.900,97.900,14.118,0,Not Avl,0,0,0,0,ON,ON,0,0,1
377,0,13.671,Not Avl,Compl,Compl,Unable,OFF,Not Avl,Compl,Compl,Unable,OFF,40.625,41.406,36.875,38.125,19.531,39.551,15.686,31.765,0.781,1.582,ON,0,OFF,ON,ON,1.001,0.997,0.023,0.016,3.357,3.332,0,97,51199.219,13.417,25.882,OFF,OFF,OFF,OFF,OFF,OFF,OFF,Avail,Incmpl,Incmpl,Enable,Avail,277.600,59.200,277.600,59.200,ON,Avail,Compl,Enable,80,0,0,0,0,0,0,6,A,0,0,Avail,Incmpl,Incmpl,Enable,OFF,OFF,137,703,51199.219,51199.219,51199.219,51199.219,51199.219,51199.219,1GRFE ,0,Avail,Incmpl,Incmpl,Enable,0,OFF,OFF,OFF,OFF,ON,ON,Avail,Compl,Enable,Compl,CL,CL,Compl,Unable,Not Avl,Compl,Compl,Enable,OFF,0,15,554,ON,81.250,20,0.111,2501,16,21,-3,OFF,1.562,5.469,4,OFF,0,0,79,Avail,Compl,Enable,0,GRN2#  ,ON,0,ACTIVE,ACTIVE,0.962,0.942,0.760,0.740,147.844,122.879,Avail,Compl,Avail,Incmpl,Incmpl,Enable,OBD II (California ARB),OFF,OFF,0,0,0,1st,OFF,OFF,OFF,OFF,OFF,OFF,1.562,-0.781,ON,OFF,650,0,OFF,OFF,OFF,ON,Gasoline,0.992,OFF,OFF,0.684,ON,1.172,14.902,19,0,0.742,0.742,2.324,0.742,0.918,2.031,46.667,0,14.902,41,0,0,OFF,ECT 5th,NA,OFF,97.900,97.900,14.118,0,Not Avl,0,0,0,0,ON,ON,0,0,1
378,0,13.680,Not Avl,Compl,Compl,Unable,OFF,Not Avl,Compl,Compl,Unable,OFF,40.625,40.625,36.875,38.125,19.531,39.551,15.686,31.765,0.781,1.582,ON,0,OFF,ON,ON,1.000,1.000,0.027,0.027,3.347,3.347,0,97,51199.219,13.417,25.882,OFF,OFF,OFF,OFF,OFF,OFF,OFF,Avail,Incmpl,Incmpl,Enable,Avail,277.600,59.200,277.600,59.200,ON,Avail,Compl,Enable,80,0,0,0,0,0,0,6,A,0,0,Avail,Incmpl,Incmpl,Enable,OFF,OFF,137,702.250,51199.219,51199.219,51199.219,51199.219,51199.219,51199.219,1GRFE ,0,Avail,Incmpl,Incmpl,Enable,0,OFF,OFF,OFF,OFF,ON,ON,Avail,Compl,Enable,Compl,CL,CL,Compl,Unable,Not Avl,Compl,Compl,Enable,OFF,0,15,567,ON,81.250,20,0.111,2494,16,21,-3,OFF,1.562,5.469,4.010,OFF,0,0,79,Avail,Compl,Enable,0,GRN2#  ,ON,0,ACTIVE,ACTIVE,0.962,0.942,0.760,0.740,147.844,123.203,Avail,Compl,Avail,Incmpl,Incmpl,Enable,OBD II (California ARB),OFF,OFF,0,0,0,1st,OFF,OFF,OFF,OFF,OFF,OFF,1.562,0,ON,OFF,650,0,OFF,OFF,OFF,ON,Gasoline,0.991,OFF,OFF,0.684,ON,1.172,14.902,19,0,0.742,0.742,2.324,0.742,0.918,2.031,46.667,0,14.902,41,0,0,OFF,ECT 5th,NA,OFF,97.900,97.922,14.118,0,Not Avl,0,0,0,0,ON,ON,0,0,1
379,0,13.671,Not Avl,Compl,Compl,Unable,OFF,Not Avl,Compl,Compl,Unable,OFF,40.625,40.625,36.875,38.125,19.531,39.551,15.686,31.765,0.781,1.582,ON,0,OFF,ON,ON,0.997,0.999,0.020,0.023,3.332,3.342,0,97,51199.219,13.437,25.882,OFF,OFF,OFF,OFF,OFF,OFF,OFF,Avail,Incmpl,Incmpl,Enable,Avail,277.600,59.200,277.600,59.200,ON,Avail,Compl,Enable,80,0,0,0,0,0,0,6,A,0,0,Avail,Incmpl,Incmpl,Enable,OFF,OFF,138,698.250,51199.219,51199.219,51199.219,51199.219,51199.219,51199.219,1GRFE ,0,Avail,Incmpl,Incmpl,Enable,0,OFF,OFF,OFF,OFF,ON,ON,Avail,Compl,Enable,Compl,CL,CL,Compl,Unable,Not Avl,Compl,Compl,Enable,OFF,0,15,580,ON,81.250,20,0.111,2508,16,21,-3,OFF,1.562,5.469,4.010,OFF,0,0,79,Avail,Compl,Enable,0,GRN2#  ,ON,0,ACTIVE,ACTIVE,0.962,0.942,0.760,0.740,147.844,122.879,Avail,Compl,Avail,Incmpl,Incmpl,Enable,OBD II (California ARB),OFF,OFF,0,0,0,1st,OFF,OFF,OFF,OFF,OFF,OFF,1.562,0,ON,OFF,650,0,OFF,OFF,OFF,ON,Gasoline,0.991,OFF,OFF,0.684,ON,1.172,14.902,19,0,0.742,0.742,2.324,0.742,0.918,2.031,46.667,0,14.902,41,0,0,OFF,ECT 5th,NA,OFF,97.900,97.900,14.510,0,Not Avl,0,0,0,0,ON,ON,0,0,1
380,0,13.671,Not Avl,Compl,Compl,Unable,OFF,Not Avl,Compl,Compl,Unable,OFF,40.625,40.625,36.875,38.125,19.531,39.551,15.686,31.765,0.781,1.582,ON,0,OFF,ON,ON,0.998,0.997,0.023,0.020,3.337,3.332,0,97,51199.219,13.437,25.882,OFF,OFF,OFF,OFF,OFF,OFF,OFF,Avail,Incmpl,Incmpl,Enable,Avail,278.400,59.400,278.400,59.400,ON,Avail,Compl,Enable,80,0,0,0,0,0,0,6,A,0,0,Avail,Incmpl,Incmpl,Enable,OFF,OFF,138,698.250,51199.219,51199.219,51199.219,51199.219,51199.219,51199.219,1GRFE ,0,Avail,Incmpl,Incmpl,Enable,0,OFF,OFF,OFF,OFF,ON,ON,Avail,Compl,Enable,Compl,CL,CL,Compl,Unable,Not Avl,Compl,Compl,Enable,OFF,0,15,592,ON,81.250,20,0.111,2512,16,21,-3,OFF,1.562,5.469,4,OFF,0,0,75,Avail,Compl,Enable,0,GRN2#  ,ON,0,ACTIVE,ACTIVE,0.962,0.947,0.760,0.740,147.844,122.879,Avail,Compl,Avail,Incmpl,Incmpl,Enable,OBD II (California ARB),OFF,OFF,0,0,0,1st,OFF,OFF,OFF,OFF,OFF,OFF,1.562,0,ON,OFF,650,0,OFF,OFF,OFF,ON,Gasoline,0.991,OFF,OFF,0.684,ON,1.172,14.902,19,0,0.742,0.742,2.324,0.742,0.918,2.031,46.667,0,14.902,41,0,0,OFF,ECT 5th,NA,OFF,97.900,97.900,14.118,0,Not Avl,0,0,0,0,ON,ON,0,0,1
381,0,13.672,Not Avl,Compl,Compl,Unable,OFF,Not Avl,Compl,Compl,Unable,OFF,46.094,40.625,36.875,38.125,19.531,39.551,15.686,31.765,0.781,1.582,ON,0,OFF,ON,ON,0.997,0.996,0.020,0.016,3.332,3.327,0,97,51199.219,13.417,25.882,OFF,OFF,OFF,OFF,OFF,OFF,OFF,Avail,Incmpl,Incmpl,Enable,Avail,278.400,59.400,278.400,59.400,ON,Avail,Compl,Enable,80,0,0,0,0,0,0,6,A,0,0,Avail,Incmpl,Incmpl,Enable,OFF,OFF,139,692,51199.219,51199.219,51199.219,51199.219,51199.219,51199.219,1GRFE ,0,Avail,Incmpl,Incmpl,Enable,0,OFF,OFF,OFF,OFF,ON,ON,Avail,Compl,Enable,Compl,CL,CL,Compl,Unable,Not Avl,Compl,Compl,Enable,OFF,0,15,5,ON,81.250,20,0.111,2490,16,21,-3,OFF,1.562,5.469,3.960,OFF,0,0,75,Avail,Compl,Enable,0,GRN2#  ,ON,0,ACTIVE,ACTIVE,0.962,0.942,0.740,0.740,146.871,122.879,Avail,Compl,Avail,Incmpl,Incmpl,Enable,OBD II (California ARB),OFF,OFF,0,0,0,1st,OFF,OFF,OFF,OFF,OFF,OFF,1.562,-0.781,ON,OFF,650,0,OFF,OFF,OFF,ON,Gasoline,0.991,OFF,OFF,0.684,ON,1.172,14.902,19,0,0.742,0.742,2.324,0.742,0.918,2.031,46.667,0,14.902,41,0,0,OFF,ECT 5th,NA,OFF,97.900,97.900,14.510,0,Not Avl,0,0,0,0,ON,ON,0,0,1
382,0,13.662,Not Avl,Compl,Compl,Unable,OFF,Not Avl,Compl,Compl,Unable,OFF,55.469,46.094,36.875,38.125,19.531,39.551,15.686,31.765,0.781,1.582,ON,0,OFF,ON,ON,0.996,0.997,0.020,0.016,3.332,3.327,0,97,51199.219,13.437,25.882,OFF,OFF,OFF,OFF,OFF,OFF,OFF,Avail,Incmpl,Incmpl,Enable,Avail,278.400,59.400,278.400,59.400,ON,Avail,Compl,Enable,80,0,0,0,0,0,0,6,A,0,0,Avail,Incmpl,Incmpl,Enable,OFF,OFF,139,700.750,51199.219,51199.219,51199.219,51199.219,51199.219,51199.219,1GRFE ,0,Avail,Incmpl,Incmpl,Enable,0,OFF,OFF,OFF,OFF,ON,ON,Avail,Compl,Enable,Compl,CL,CL,Compl,Unable,Not Avl,Compl,Compl,Enable,OFF,0,15,19,ON,81.250,20,0.111,2487,16,21,-3,OFF,1.562,5.469,4,OFF,0,0,75,Avail,Compl,Enable,0,GRN2#  ,ON,0,ACTIVE,ACTIVE,0.962,0.942,0.740,0.740,146.871,122.879,Avail,Compl,Avail,Incmpl,Incmpl,Enable,OBD II (California ARB),OFF,OFF,0,0,0,1st,OFF,OFF,OFF,OFF,OFF,OFF,0.781,-0.781,ON,OFF,650,0,OFF,OFF,OFF,ON,Gasoline,0.992,OFF,OFF,0.684,ON,1.172,14.902,19,0,0.742,0.742,2.324,0.742,0.918,2.031,46.667,0,14.902,41,0,0,OFF,ECT 5th,NA,OFF,97.900,97.900,14.118,0,Not Avl,0,0,0,0,ON,ON,0,0,1
383,0,13.652,Not Avl,Compl,Compl,Unable,OFF,Not Avl,Compl,Compl,Unable,OFF,59.375,52.344,36.875,38.125,19.531,39.551,15.686,31.765,0.781,1.582,ON,0,OFF,ON,ON,0.999,0.999,0.027,0.027,3.347,3.347,0,97,51199.219,13.437,25.882,OFF,OFF,OFF,OFF,OFF,OFF,OFF,Avail,Incmpl,Incmpl,Enable,Avail,279.200,59.500,279.200,59.500,ON,Avail,Compl,Enable,80,0,0,0,0,0,0,6,A,0,0,Avail,Incmpl,Incmpl,Enable,OFF,OFF,139,688.250,51199.219,51199.219,51199.219,51199.219,51199.219,51199.219,1GRFE ,0,Avail,Incmpl,Incmpl,Enable,0,OFF,OFF,OFF,OFF,ON,ON,Avail,Compl,Enable,Compl,CL,CL,Compl,Unable,Not Avl,Compl,Compl,Enable,OFF,0,15,35,ON,81.250,20,0.111,2523,16,21,-3,OFF,1.562,5.469,4.010,OFF,0,0,72,Avail,Compl,Enable,0,GRN2#  ,ON,0,ACTIVE,ACTIVE,0.962,0.942,0.740,0.740,146.871,122.230,Avail,Compl,Avail,Incmpl,Incmpl,Enable,OBD II (California ARB),OFF,OFF,0,0,0,1st,OFF,OFF,OFF,OFF,OFF,OFF,1.562,-0.781,ON,OFF,650,0,OFF,OFF,OFF,ON,Gasoline,0.992,OFF,OFF,0.684,ON,1.172,14.902,19,0,0.742,0.742,2.324,0.742,0.918,2.031,46.667,0,14.902,41,0,0,OFF,ECT 5th,NA,OFF,97.900,97.922,14.510,0,Not Avl,0,0,0,0,ON,ON,0,0,1
384,0,13.671,Not Avl,Compl,Compl,Unable,OFF,Not Avl,Compl,Compl,Unable,OFF,61.719,59.375,36.875,38.125,19.531,39.551,15.686,31.765,0.781,1.582,ON,0,OFF,ON,ON,1.002,0.998,0.039,0.023,3.361,3.337,0,97,51199.219,13.437,25.882,OFF,OFF,OFF,OFF,OFF,OFF,OFF,Avail,Incmpl,Incmpl,Enable,Avail,279.200,59.500,279.200,59.500,ON,Avail,Compl,Enable,80,0,0,0,0,0,0,6,A,0,0,Avail,Incmpl,Incmpl,Enable,OFF,OFF,140,700.750,51199.219,51199.219,51199.219,51199.219,51199.219,51199.219,1GRFE ,0,Avail,Incmpl,Incmpl,Enable,0,OFF,OFF,OFF,OFF,ON,ON,Avail,Compl,Enable,Compl,CL,CL,Compl,Unable,Not Avl,Compl,Compl,Enable,OFF,0,15,49,ON,81.250,20,0.111,2512,16,21,-3,OFF,1.562,5.469,3.960,OFF,0,0,72,Avail,Compl,Enable,0,GRN2#  ,ON,0,ACTIVE,ACTIVE,0.962,0.947,0.740,0.740,146.223,122.555,Avail,Compl,Avail,Incmpl,Incmpl,Enable,OBD II (California ARB),OFF,OFF,0,0,0,1st,OFF,OFF,OFF,OFF,OFF,OFF,1.562,0,ON,OFF,650,0,OFF,OFF,OFF,ON,Gasoline,0.991,OFF,OFF,0.684,ON,1.172,14.902,19,0,0.742,0.742,2.324,0.742,0.918,2.031,46.667,0,14.902,41,0,0,OFF,ECT 5th,NA,OFF,97.900,97.900,14.118,0,Not Avl,0,0,0,0,ON,ON,0,0,1
385,0,13.654,Not Avl,Compl,Compl,Unable,OFF,Not Avl,Compl,Compl,Unable,OFF,61.719,61.719,36.875,38.125,19.531,39.551,15.686,31.765,0.781,1.582,ON,0,OFF,ON,ON,0.999,0.998,0.027,0.023,3.347,3.337,0,97,51199.219,13.437,25.882,OFF,OFF,OFF,OFF,OFF,OFF,OFF,Avail,Incmpl,Incmpl,Enable,Avail,280,59.600,280,59.600,ON,Avail,Compl,Enable,80,0,0,0,0,0,0,6,A,0,0,Avail,Incmpl,Incmpl,Enable,OFF,OFF,140,694.500,51199.219,51199.219,51199.219,51199.219,51199.219,51199.219,1GRFE ,0,Avail,Incmpl,Incmpl,Enable,0,OFF,OFF,OFF,OFF,ON,ON,Avail,Compl,Enable,Compl,CL,CL,Compl,Unable,Not Avl,Compl,Compl,Enable,OFF,0,15,66,ON,81.250,20,0.111,2509,16,21,-3,OFF,1.562,5.469,3.960,OFF,0,0,67,Avail,Compl,Enable,0,GRN2#  ,ON,0,ACTIVE,ACTIVE,0.962,0.942,0.740,0.740,146.871,121.906,Avail,Compl,Avail,Incmpl,Incmpl,Enable,OBD II (California ARB),OFF,OFF,0,0,0,1st,OFF,OFF,OFF,OFF,OFF,OFF,1.562,-0.781,ON,OFF,650,0,OFF,OFF,OFF,ON,Gasoline,0.991,OFF,OFF,0.684,ON,1.172,14.902,19,0,0.742,0.742,2.324,0.742,0.918,2.031,46.667,0,14.902,41,0,0,OFF,ECT 5th,NA,OFF,97.900,97.900,14.118,0,Not Avl,0,0,0,0,ON,ON,0,0,1
386,0,13.662,Not Avl,Compl,Compl,Unable,OFF,Not Avl,Compl,Compl,Unable,OFF,56.250,52.344,36.875,38.125,19.531,39.551,15.686,31.765,0.781,1.582,ON,0,OFF,ON,ON,1.000,0.999,0.031,0.027,3.352,3.347,0,97,51199.219,13.417,25.882,OFF,OFF,OFF,OFF,OFF,OFF,OFF,Avail,Incmpl,Incmpl,Enable,Avail,280,59.600,280,59.600,ON,Avail,Compl,Enable,80,0,0,0,0,0,0,6,A,0,0,Avail,Incmpl,Incmpl,Enable,OFF,OFF,141,697.500,51199.219,51199.219,51199.219,51199.219,51199.219,51199.219,1GRFE ,0,Avail,Incmpl,Incmpl,Enable,0,OFF,OFF,OFF,OFF,ON,ON,Avail,Compl,Enable,Compl,CL,CL,Compl,Unable,Not Avl,Compl,Compl,Enable,OFF,0,15,83,ON,81.250,20,0.111,2512,16,21,-3,OFF,1.562,5.469,3.980,OFF,0,0,67,Avail,Compl,Enable,0,GRN2#  ,ON,0,ACTIVE,ACTIVE,0.962,0.942,0.740,0.740,146.547,121.906,Avail,Compl,Avail,Incmpl,Incmpl,Enable,OBD II (California ARB),OFF,OFF,0,0,0,1st,OFF,OFF,OFF,OFF,OFF,OFF,1.562,-0.781,ON,OFF,650,0,OFF,OFF,OFF,ON,Gasoline,0.990,OFF,OFF,0.684,ON,1.172,14.902,19,0,0.742,0.742,2.324,0.742,0.918,2.031,46.667,0,14.902,41,0,0,OFF,ECT 5th,NA,OFF,97.900,97.900,14.118,0,Not Avl,0,0,0,0,ON,ON,0,0,1
387,0,13.671,Not Avl,Compl,Compl,Unable,OFF,Not Avl,Compl,Compl,Unable,OFF,46.875,45.312,36.875,38.125,19.531,39.551,15.686,31.765,0.781,1.582,ON,0,OFF,ON,ON,1.000,0.999,0.031,0.023,3.352,3.342,0,97,51199.219,13.437,25.882,OFF,OFF,OFF,OFF,OFF,OFF,OFF,Avail,Incmpl,Incmpl,Enable,Avail,280.800,59.700,280.800,59.700,ON,Avail,Compl,Enable,80,0,0,0,0,0,0,6,A,0,0,Avail,Incmpl,Incmpl,Enable,OFF,OFF,141,698.250,51199.219,51199.219,51199.219,51199.219,51199.219,51199.219,1GRFE ,0,Avail,Incmpl,Incmpl,Enable,0,OFF,OFF,OFF,OFF,ON,ON,Avail,Compl,Enable,Compl,CL,CL,Compl,Unable,Not Avl,Compl,Compl,Enable,OFF,0,15,99,ON,81.250,20,0.111,2523,16,21,-3,OFF,1.562,5.469,4,OFF,0,0,73,Avail,Compl,Enable,0,GRN2#  ,ON,0,ACTIVE,ACTIVE,0.962,0.942,0.740,0.740,145.250,121.258,Avail,Compl,Avail,Incmpl,Incmpl,Enable,OBD II (California ARB),OFF,OFF,0,0,0,1st,OFF,OFF,OFF,OFF,OFF,OFF,1.562,0,ON,OFF,650,0,OFF,OFF,OFF,ON,Gasoline,0.989,OFF,OFF,0.684,ON,1.172,14.902,19,0,0.742,0.742,2.324,0.742,0.918,2.031,46.667,0,14.902,41,0,0,OFF,ECT 5th,NA,OFF,97.900,97.900,14.118,0,Not Avl,0,0,0,0,ON,ON,0,0,1
388,0,13.661,Not Avl,Compl,Compl,Unable,OFF,Not Avl,Compl,Compl,Unable,OFF,42.188,41.406,36.875,38.125,19.531,39.551,15.686,31.765,0.781,1.582,ON,0,OFF,ON,ON,0.997,0.997,0.020,0.020,3.332,3.332,0,97,51199.219,13.417,25.882,OFF,OFF,OFF,OFF,OFF,OFF,OFF,Avail,Incmpl,Incmpl,Enable,Avail,280.800,59.700,280.800,59.700,ON,Avail,Compl,Enable,80,0,0,0,0,0,0,6,A,0,0,Avail,Incmpl,Incmpl,Enable,OFF,OFF,142,698.250,51199.219,51199.219,51199.219,51199.219,51199.219,51199.219,1GRFE ,0,Avail,Incmpl,Incmpl,Enable,0,OFF,OFF,OFF,OFF,ON,ON,Avail,Compl,Enable,Compl,CL,CL,Compl,Unable,Not Avl,Compl,Compl,Enable,OFF,0,15,116,ON,81.250,20,0.111,2508,16,21,-3,OFF,1.562,5.469,3.960,OFF,0,0,73,Avail,Compl,Enable,0,GRN2#  ,ON,0,ACTIVE,ACTIVE,0.962,0.942,0.740,0.740,145.898,121.258,Avail,Compl,Avail,Incmpl,Incmpl,Enable,OBD II (California ARB),OFF,OFF,0,0,0,1st,OFF,OFF,OFF,OFF,OFF,OFF,1.562,-0.781,ON,OFF,650,0,OFF,OFF,OFF,ON,Gasoline,0.988,OFF,OFF,0.684,ON,1.172,14.902,19,0,0.742,0.742,2.324,0.742,0.918,2.031,46.667,0,14.902,41,0,0,OFF,ECT 5th,NA,OFF,97.900,97.900,14.118,0,Not Avl,0,0,0,0,ON,ON,0,0,1
389,0,13.671,Not Avl,Compl,Compl,Unable,OFF,Not Avl,Compl,Compl,Unable,OFF,40.625,40.625,36.875,38.125,19.531,39.551,15.686,31.765,0.781,1.582,ON,0,OFF,ON,ON,0.997,0.996,0.023,0.016,3.337,3.327,0,97,51199.219,13.437,25.882,OFF,OFF,OFF,OFF,OFF,OFF,OFF,Avail,Incmpl,Incmpl,Enable,Avail,281.600,59.800,281.600,59.800,ON,Avail,Compl,Enable,80,0,0,0,0,0,0,6,A,0,0,Avail,Incmpl,Incmpl,Enable,OFF,OFF,142,692,51199.219,51199.219,51199.219,51199.219,51199.219,51199.219,1GRFE ,0,Avail,Incmpl,Incmpl,Enable,0,OFF,OFF,OFF,OFF,ON,ON,Avail,Compl,Enable,Compl,CL,CL,Compl,Unable,Not Avl,Compl,Compl,Enable,OFF,0,15,132,ON,81.250,20,0.111,2523,16,21,-3,OFF,1.562,5.469,3.960,OFF,0,0,78,Avail,Compl,Enable,0,GRN2#  ,ON,0,ACTIVE,ACTIVE,0.962,0.942,0.740,0.740,145.250,120.934,Avail,Compl,Avail,Incmpl,Incmpl,Enable,OBD II (California ARB),OFF,OFF,0,0,0,1st,OFF,OFF,OFF,OFF,OFF,OFF,1.562,-0.781,ON,OFF,650,0,OFF,OFF,OFF,ON,Gasoline,0.990,OFF,OFF,0.684,ON,1.172,14.902,19,0,0.742,0.742,2.324,0.742,0.918,2.031,46.667,0,14.902,41,0,0,OFF,ECT 5th,NA,OFF,97.900,97.900,14.510,0,Not Avl,0,0,0,0,ON,ON,0,0,1
390,0,13.669,Not Avl,Compl,Compl,Unable,OFF,Not Avl,Compl,Compl,Unable,OFF,40.625,40.625,36.875,38.125,19.531,39.551,15.686,31.765,0.781,1.582,ON,0,OFF,ON,ON,0.996,0.998,0.020,0.020,3.332,3.332,0,97,51199.219,13.417,25.882,OFF,OFF,OFF,OFF,OFF,OFF,OFF,Avail,Incmpl,Incmpl,Enable,Avail,281.600,59.800,281.600,59.800,ON,Avail,Compl,Enable,80,0,0,0,0,0,0,6,A,0,0,Avail,Incmpl,Incmpl,Enable,OFF,OFF,143,692,51199.219,51199.219,51199.219,51199.219,51199.219,51199.219,1GRFE ,0,Avail,Incmpl,Incmpl,Enable,0,OFF,OFF,OFF,OFF,ON,ON,Avail,Compl,Enable,Compl,CL,CL,Compl,Unable,Not Avl,Compl,Compl,Enable,OFF,0,15,147,ON,81.250,20,0.111,2523,16,21,-3,OFF,1.562,5.469,3.960,OFF,0,0,78,Avail,Compl,Enable,0,GRN2#  ,ON,0,ACTIVE,ACTIVE,0.962,0.942,0.740,0.740,144.926,121.258,Avail,Compl,Avail,Incmpl,Incmpl,Enable,OBD II (California ARB),OFF,OFF,0,0,0,1st,OFF,OFF,OFF,OFF,OFF,OFF,1.562,-0.781,ON,OFF,650,0,OFF,OFF,OFF,ON,Gasoline,0.990,OFF,OFF,0.684,ON,1.172,14.902,19,0,0.742,0.742,2.324,0.742,0.918,2.031,46.667,0,14.902,41,0,0,OFF,ECT 5th,NA,OFF,97.900,97.900,14.510,0,Not Avl,0,0,0,0,ON,ON,0,0,1
391,0,13.654,Not Avl,Compl,Compl,Unable,OFF,Not Avl,Compl,Compl,Unable,OFF,40.625,40.625,36.875,38.125,19.531,39.551,15.686,31.765,0.781,1.582,ON,0,OFF,ON,ON,0.998,0.997,0.023,0.020,3.342,3.332,0,97,51199.219,13.417,25.882,OFF,OFF,OFF,OFF,OFF,OFF,OFF,Avail,Incmpl,Incmpl,Enable,Avail,281.600,59.800,281.600,59.800,ON,Avail,Compl,Enable,80,0,0,0,0,0,0,6,A,0,0,Avail,Incmpl,Incmpl,Enable,OFF,OFF,143,689.750,51199.219,51199.219,51199.219,51199.219,51199.219,51199.219,1GRFE ,0,Avail,Incmpl,Incmpl,Enable,0,OFF,OFF,OFF,OFF,ON,ON,Avail,Compl,Enable,Compl,CL,CL,Compl,Unable,Not Avl,Compl,Compl,Enable,OFF,0,15,164,ON,81.250,20,0.112,2527,16,21,-3,OFF,1.562,5.469,3.980,OFF,0,0,78,Avail,Compl,Enable,0,GRN2#  ,ON,0,ACTIVE,ACTIVE,0.962,0.942,0.740,0.740,144.926,121.258,Avail,Compl,Avail,Incmpl,Incmpl,Enable,OBD II (California ARB),OFF,OFF,0,0,0,1st,OFF,OFF,OFF,OFF,OFF,OFF,1.562,-0.781,ON,OFF,650,0,OFF,OFF,OFF,ON,Gasoline,0.991,OFF,OFF,0.684,ON,1.172,14.902,19,0,0.742,0.742,2.324,0.742,0.918,2.031,46.667,0,14.902,41,0,0,OFF,ECT 5th,NA,OFF,97.900,97.900,14.510,0,Not Avl,0,0,0,0,ON,ON,0,0,1
392,0,13.671,Not Avl,Compl,Compl,Unable,OFF,Not Avl,Compl,Compl,Unable,OFF,40.625,44.531,36.875,38.125,19.531,39.551,15.686,31.765,0.781,1.582,ON,0,OFF,ON,ON,0.999,0.997,0.016,0.020,3.347,3.337,0,97,51199.219,13.437,25.882,OFF,OFF,OFF,OFF,OFF,OFF,OFF,Avail,Incmpl,Incmpl,Enable,Avail,282.400,60,282.400,60,ON,Avail,Compl,Enable,80,0,0,0,0,0,0,6,A,0,0,Avail,Incmpl,Incmpl,Enable,OFF,OFF,143,694.500,51199.219,51199.219,51199.219,51199.219,51199.219,51199.219,1GRFE ,0,Avail,Incmpl,Incmpl,Enable,0,OFF,OFF,OFF,OFF,ON,ON,Avail,Compl,Enable,Compl,CL,CL,Compl,Unable,Not Avl,Compl,Compl,Enable,OFF,0,15,178,ON,81.250,20,0.112,2530,16,21,-3,OFF,1.562,5.469,4.010,OFF,0,0,81,Avail,Compl,Enable,0,GRN2#  ,ON,0,ACTIVE,ACTIVE,0.962,0.942,0.740,0.740,144.926,120.934,Avail,Compl,Avail,Incmpl,Incmpl,Enable,OBD II (California ARB),OFF,OFF,0,0,0,1st,OFF,OFF,OFF,OFF,OFF,OFF,1.562,-0.781,ON,OFF,650,0,OFF,OFF,OFF,ON,Gasoline,0.991,OFF,OFF,0.684,ON,1.172,14.902,19,0,0.742,0.742,2.324,0.742,0.918,2.031,46.667,0,14.902,41,0,0,OFF,ECT 5th,NA,OFF,97.900,97.900,14.510,0,Not Avl,0,0,0,0,ON,ON,0,0,1
393,0,13.671,Not Avl,Compl,Compl,Unable,OFF,Not Avl,Compl,Compl,Unable,OFF,53.125,50.781,36.875,38.125,19.531,39.551,15.686,31.765,0.781,1.582,ON,0,OFF,ON,ON,0.998,0.996,0.023,0.016,3.342,3.327,0,97,51199.219,13.437,25.882,OFF,OFF,OFF,OFF,OFF,OFF,OFF,Avail,Incmpl,Incmpl,Enable,Avail,282.400,60,282.400,60,ON,Avail,Compl,Enable,80,0,0,0,0,0,0,6,A,0,0,Avail,Incmpl,Incmpl,Enable,OFF,OFF,144,702.250,51199.219,51199.219,51199.219,51199.219,51199.219,51199.219,1GRFE ,0,Avail,Incmpl,Incmpl,Enable,0,OFF,OFF,OFF,OFF,ON,ON,Avail,Compl,Enable,Compl,CL,CL,Compl,Unable,Not Avl,Compl,Compl,Enable,OFF,0,15,190,ON,81.250,20,0.112,2519,16,21,-3,OFF,1.562,5.469,4.010,OFF,0,0,81,Avail,Compl,Enable,0,GRN2#  ,ON,0,ACTIVE,ACTIVE,0.962,0.942,0.740,0.740,144.602,120.285,Avail,Compl,Avail,Incmpl,Incmpl,Enable,OBD II (California ARB),OFF,OFF,0,0,0,1st,OFF,OFF,OFF,OFF,OFF,OFF,1.562,-0.781,ON,OFF,650,0,OFF,OFF,OFF,ON,Gasoline,0.991,OFF,OFF,0.684,ON,1.172,14.902,19,0,0.742,0.742,2.324,0.742,0.918,2.031,46.667,0,14.902,41,0,0,OFF,ECT 5th,NA,OFF,97.900,97.900,14.118,0,Not Avl,0,0,0,0,ON,ON,0,0,1
394,0,13.671,Not Avl,Compl,Compl,Unable,OFF,Not Avl,Compl,Compl,Unable,OFF,57.031,56.250,36.875,38.125,19.531,39.551,15.686,31.765,0.781,1.582,ON,0,OFF,ON,ON,0.997,0.997,0.035,0.031,3.332,3.337,0,97,51199.219,13.437,25.882,OFF,OFF,OFF,OFF,OFF,OFF,OFF,Avail,Incmpl,Incmpl,Enable,Avail,282.400,60,282.400,60,ON,Avail,Compl,Enable,80,0,0,0,0,0,0,6,A,0,0,Avail,Incmpl,Incmpl,Enable,OFF,OFF,144,693.750,51199.219,51199.219,51199.219,51199.219,51199.219,51199.219,1GRFE ,0,Avail,Incmpl,Incmpl,Enable,0,OFF,OFF,OFF,OFF,ON,ON,Avail,Compl,Enable,Compl,CL,CL,Compl,Unable,Not Avl,Compl,Compl,Enable,OFF,0,15,203,ON,81.250,20,0.112,2523,16,21,-3,OFF,1.562,5.469,4.010,OFF,0,0,81,Avail,Compl,Enable,0,GRN2#  ,ON,0,ACTIVE,ACTIVE,0.962,0.942,0.740,0.740,144.277,120.934,Avail,Compl,Avail,Incmpl,Incmpl,Enable,OBD II (California ARB),OFF,OFF,0,0,0,1st,OFF,OFF,OFF,OFF,OFF,OFF,0.781,-0.781,ON,OFF,650,0,OFF,OFF,OFF,ON,Gasoline,0.991,OFF,OFF,0.684,ON,1.172,14.902,19,0,0.742,0.742,2.324,0.742,0.918,2.031,46.667,0,14.902,41,0,0,OFF,ECT 5th,NA,OFF,97.900,97.900,14.510,0,Not Avl,0,0,0,0,ON,ON,0,0,1
395,0,13.660,Not Avl,Compl,Compl,Unable,OFF,Not Avl,Compl,Compl,Unable,OFF,60.156,60.156,36.875,38.125,19.531,39.551,15.686,31.765,0.781,1.582,ON,0,OFF,ON,ON,0.994,0.997,0.012,0.020,3.322,3.332,0,97,51199.219,13.417,25.882,OFF,OFF,OFF,OFF,OFF,OFF,OFF,Avail,Incmpl,Incmpl,Enable,Avail,283.200,60.100,283.200,60.100,ON,Avail,Compl,Enable,80,0,0,0,0,0,0,6,A,0,0,Avail,Incmpl,Incmpl,Enable,OFF,OFF,144,693.750,51199.219,51199.219,51199.219,51199.219,51199.219,51199.219,1GRFE ,0,Avail,Incmpl,Incmpl,Enable,0,OFF,OFF,OFF,OFF,ON,ON,Avail,Compl,Enable,Compl,CL,CL,Compl,Unable,Not Avl,Compl,Compl,Enable,OFF,0,15,215,ON,81.250,20,0.112,2509,16,21,-3,OFF,1.562,5.469,4.010,OFF,0,0,77,Avail,Compl,Enable,0,GRN2#  ,ON,0,ACTIVE,ACTIVE,0.962,0.942,0.740,0.740,144.277,120.609,Avail,Compl,Avail,Incmpl,Incmpl,Enable,OBD II (California ARB),OFF,OFF,0,0,0,1st,OFF,OFF,OFF,OFF,OFF,OFF,0.781,-0.781,ON,OFF,650,0,OFF,OFF,OFF,ON,Gasoline,0.993,OFF,OFF,0.684,ON,1.172,14.902,19,0,0.742,0.742,2.324,0.742,0.918,2.031,46.667,0,14.902,41,0,0,OFF,ECT 5th,NA,OFF,97.900,97.900,14.510,0,Not Avl,0,0,0,0,ON,ON,0,0,1
396,0,13.666,Not Avl,Compl,Compl,Unable,OFF,Not Avl,Compl,Compl,Unable,OFF,61.719,61.719,36.875,38.125,19.531,39.551,15.686,31.765,0.781,1.582,ON,0,OFF,ON,ON,0.992,0.997,0.004,0.023,3.308,3.337,0,97,51199.219,13.417,25.882,OFF,OFF,OFF,OFF,OFF,OFF,OFF,Avail,Incmpl,Incmpl,Enable,Avail,283.200,60.100,283.200,60.100,ON,Avail,Compl,Enable,80,0,0,0,0,0,0,6,A,0,0,Avail,Incmpl,Incmpl,Enable,OFF,OFF,145,700,51199.219,51199.219,51199.219,51199.219,51199.219,51199.219,1GRFE ,0,Avail,Incmpl,Incmpl,Enable,0,OFF,OFF,OFF,OFF,ON,ON,Avail,Compl,Enable,Compl,CL,CL,Compl,Unable,Not Avl,Compl,Compl,Enable,OFF,0,15,228,ON,81.250,20,0.112,2480,16,21,-3,OFF,1.562,5.469,3.960,OFF,0,0,77,Avail,Compl,Enable,0,GRN2#  ,ON,0,ACTIVE,ACTIVE,0.962,0.942,0.740,0.740,144.602,119.961,Avail,Compl,Avail,Incmpl,Incmpl,Enable,OBD II (California ARB),OFF,OFF,0,0,0,1st,OFF,OFF,OFF,OFF,OFF,OFF,0.781,-0.781,ON,OFF,650,0,OFF,OFF,OFF,ON,Gasoline,0.994,OFF,OFF,0.684,ON,1.172,14.902,19,0,0.742,0.742,2.324,0.742,0.918,2.031,46.667,0,14.902,41,0,0,OFF,ECT 5th,NA,OFF,97.900,97.900,14.118,0,Not Avl,0,0,0,0,ON,ON,0,0,1
397,0,13.661,Not Avl,Compl,Compl,Unable,OFF,Not Avl,Compl,Compl,Unable,OFF,61.719,56.250,36.875,38.125,19.531,39.551,15.686,31.765,0.781,1.582,ON,0,OFF,ON,ON,0.995,1.000,0.016,0.031,3.327,3.352,0,97,51199.219,13.437,25.882,OFF,OFF,OFF,OFF,OFF,OFF,OFF,Avail,Incmpl,Incmpl,Enable,Avail,283.900,60.200,283.900,60.200,ON,Avail,Compl,Enable,80,0,0,0,0,0,0,6,A,0,0,Avail,Incmpl,Incmpl,Enable,OFF,OFF,145,703,51199.219,51199.219,51199.219,51199.219,51199.219,51199.219,1GRFE ,0,Avail,Incmpl,Incmpl,Enable,0,OFF,OFF,OFF,OFF,ON,ON,Avail,Compl,Enable,Compl,CL,CL,Compl,Unable,Not Avl,Compl,Compl,Enable,OFF,0,15,241,ON,81.250,20,0.112,2472,16,21,-3,OFF,1.562,5.469,3.980,OFF,0,0,75,Avail,Compl,Enable,0,GRN2#  ,ON,0,ACTIVE,ACTIVE,0.962,0.942,0.740,0.740,144.277,119.961,Avail,Compl,Avail,Incmpl,Incmpl,Enable,OBD II (California ARB),OFF,OFF,0,0,0,1st,OFF,OFF,OFF,OFF,OFF,OFF,0.781,-0.781,ON,OFF,650,0,OFF,OFF,OFF,ON,Gasoline,0.997,OFF,OFF,0.684,ON,1.172,14.902,19,0,0.742,0.742,2.324,0.742,0.918,2.031,46.667,0,14.902,41,0,0,OFF,ECT 5th,NA,OFF,97.900,97.900,14.118,0,Not Avl,0,0,0,0,ON,ON,0,0,1
398,0,13.672,Not Avl,Compl,Compl,Unable,OFF,Not Avl,Compl,Compl,Unable,OFF,61.719,49.219,36.875,38.125,19.531,39.551,15.686,31.765,0.781,1.582,ON,0,OFF,ON,ON,1.000,1.002,0.035,0.039,3.357,3.361,0,97,51199.219,13.437,25.882,OFF,OFF,OFF,OFF,OFF,OFF,OFF,Avail,Incmpl,Incmpl,Enable,Avail,283.900,60.200,283.900,60.200,ON,Avail,Compl,Enable,80,0,0,0,0,0,0,6,A,0,0,Avail,Incmpl,Incmpl,Enable,OFF,OFF,146,701.500,51199.219,51199.219,51199.219,51199.219,51199.219,51199.219,1GRFE ,0,Avail,Incmpl,Incmpl,Enable,0,OFF,OFF,OFF,OFF,ON,ON,Avail,Compl,Enable,Compl,CL,CL,Compl,Unable,Not Avl,Compl,Compl,Enable,OFF,0,15,253,ON,81.250,20,0.112,2498,16,21,-3,OFF,1.562,5.469,4,OFF,0,0,75,Avail,Compl,Enable,0,GRN2#  ,ON,0,ACTIVE,ACTIVE,0.967,0.947,0.740,0.740,143.629,119.961,Avail,Compl,Avail,Incmpl,Incmpl,Enable,OBD II (California ARB),OFF,OFF,0,0,0,1st,OFF,OFF,OFF,OFF,OFF,OFF,0.781,-0.781,ON,OFF,650,0,OFF,OFF,OFF,ON,Gasoline,0.998,OFF,OFF,0.684,ON,1.172,14.902,19,0,0.742,0.742,2.324,0.742,0.918,2.031,46.667,0,14.902,41,0,0,OFF,ECT 5th,NA,OFF,97.900,97.900,14.118,0,Not Avl,0,0,0,0,ON,ON,0,0,1
399,0,13.671,Not Avl,Compl,Compl,Unable,OFF,Not Avl,Compl,Compl,Unable,OFF,49.219,43.750,36.875,38.125,19.531,39.551,15.686,31.765,0.781,1.582,ON,0,OFF,ON,ON,1.001,1.001,0.039,0.031,3.361,3.352,0,97,51199.219,13.437,25.882,OFF,OFF,OFF,OFF,OFF,OFF,OFF,Avail,Incmpl,Incmpl,Enable,Avail,283.900,60.200,283.900,60.200,ON,Avail,Compl,Enable,80,0,0,0,0,0,0,6,A,0,0,Avail,Incmpl,Incmpl,Enable,OFF,OFF,146,696,51199.219,51199.219,51199.219,51199.219,51199.219,51199.219,1GRFE ,0,Avail,Incmpl,Incmpl,Enable,0,OFF,OFF,OFF,OFF,ON,ON,Avail,Compl,Enable,Compl,CL,CL,Compl,Unable,Not Avl,Compl,Compl,Enable,OFF,0,15,266,ON,81.250,20,0.112,2508,16,21,-3,OFF,1.562,5.469,3.960,OFF,0,0,75,Avail,Compl,Enable,0,GRN2#  ,ON,0,ACTIVE,ACTIVE,0.962,0.942,0.740,0.740,143.629,119.961,Avail,Compl,Avail,Incmpl,Incmpl,Enable,OBD II (California ARB),OFF,OFF,0,0,0,1st,OFF,OFF,OFF,OFF,OFF,OFF,0.781,-0.781,ON,OFF,650,0,OFF,OFF,OFF,ON,Gasoline,0.996,OFF,OFF,0.684,ON,1.172,14.902,19,0,0.742,0.742,2.324,0.742,0.918,2.031,46.667,0,14.902,41,0,0,OFF,ECT 5th,NA,OFF,97.900,97.900,14.118,0,Not Avl,0,0,0,0,ON,ON,0,0,1
400,0,13.672,Not Avl,Compl,Compl,Unable,OFF,Not Avl,Compl,Compl,Unable,OFF,43.750,41.406,36.875,38.125,19.531,39.551,15.686,31.765,0.781,1.582,ON,0,OFF,ON,ON,0.999,0.998,0.027,0.023,3.347,3.342,0,97,51199.219,13.437,25.882,OFF,OFF,OFF,OFF,OFF,OFF,OFF,Avail,Incmpl,Incmpl,Enable,Avail,284.700,60.300,284.700,60.300,ON,Avail,Compl,Enable,80,0,0,0,0,0,0,6,A,0,0,Avail,Incmpl,Incmpl,Enable,OFF,OFF,146,703,51199.219,51199.219,51199.219,51199.219,51199.219,51199.219,1GRFE ,0,Avail,Incmpl,Incmpl,Enable,0,OFF,OFF,OFF,OFF,ON,ON,Avail,Compl,Enable,Compl,CL,CL,Compl,Unable,Not Avl,Compl,Compl,Enable,OFF,0,15,278,ON,81.250,20,0.110,2483,16,21,-3,OFF,1.562,5.469,3.980,OFF,0,0,75,Avail,Compl,Enable,0,GRN2#  ,ON,0,ACTIVE,ACTIVE,0.957,0.938,0.740,0.740,143.629,119.312,Avail,Compl,Avail,Incmpl,Incmpl,Enable,OBD II (California ARB),OFF,OFF,0,0,0,1st,OFF,OFF,OFF,OFF,OFF,OFF,0.781,-0.781,ON,OFF,650,0,OFF,OFF,OFF,ON,Gasoline,0.995,OFF,OFF,0.684,ON,1.172,14.902,19,0,0.742,0.742,2.324,0.742,0.918,2.031,46.667,0,14.902,41,0,0,OFF,ECT 5th,NA,OFF,97.900,97.900,14.118,0,Not Avl,0,0,0,0,ON,ON,0,0,1
401,0,13.671,Not Avl,Compl,Compl,Unable,OFF,Not Avl,Compl,Compl,Unable,OFF,41.406,40.625,36.875,38.125,19.531,39.551,15.686,31.765,0.781,1.582,ON,0,OFF,ON,ON,1.002,0.998,0.039,0.023,3.361,3.342,0,97,51199.219,13.437,25.882,OFF,OFF,OFF,OFF,OFF,OFF,OFF,Avail,Incmpl,Incmpl,Enable,Avail,284.700,60.300,284.700,60.300,ON,Avail,Compl,Enable,80,0,0,0,0,0,0,6,A,0,0,Avail,Incmpl,Incmpl,Enable,OFF,OFF,147,696,51199.219,51199.219,51199.219,51199.219,51199.219,51199.219,1GRFE ,0,Avail,Incmpl,Incmpl,Enable,0,OFF,OFF,OFF,OFF,ON,ON,Avail,Compl,Enable,Compl,CL,CL,Compl,Unable,Not Avl,Compl,Compl,Enable,OFF,0,15,294,ON,81.250,20,0.110,2487,16,21,-3,OFF,1.562,5.469,3.960,OFF,0,0,75,Avail,Compl,Enable,0,GRN2#  ,ON,0,ACTIVE,ACTIVE,0.962,0.942,0.740,0.740,142.980,119.312,Avail,Compl,Avail,Incmpl,Incmpl,Enable,OBD II (California ARB),OFF,OFF,0,0,0,1st,OFF,OFF,OFF,OFF,OFF,OFF,0.781,-0.781,ON,OFF,650,0,OFF,OFF,OFF,ON,Gasoline,0.995,OFF,OFF,0.684,ON,1.172,14.902,19,0,0.742,0.742,2.324,0.742,0.918,2.031,46.667,0,14.902,41,0,0,OFF,ECT 5th,NA,OFF,97.900,97.900,14.118,0,Not Avl,0,0,0,0,ON,ON,0,0,1
402,0,13.671,Not Avl,Compl,Compl,Unable,OFF,Not Avl,Compl,Compl,Unable,OFF,40.625,40.625,36.875,38.125,19.531,39.551,15.686,31.765,0.781,1.582,ON,0,OFF,ON,ON,1.000,0.998,0.031,0.023,3.352,3.342,0,97,51199.219,13.437,25.882,OFF,OFF,OFF,OFF,OFF,OFF,OFF,Avail,Incmpl,Incmpl,Enable,Avail,284.700,60.300,284.700,60.300,ON,Avail,Compl,Enable,80,0,0,0,0,0,0,6,A,0,0,Avail,Incmpl,Incmpl,Enable,OFF,OFF,147,693.750,51199.219,51199.219,51199.219,51199.219,51199.219,51199.219,1GRFE ,0,Avail,Incmpl,Incmpl,Enable,0,OFF,OFF,OFF,OFF,ON,ON,Avail,Compl,Enable,Compl,CL,CL,Compl,Unable,Not Avl,Compl,Compl,Enable,OFF,0,15,309,ON,81.250,20,0.110,2494,16,21,-3,OFF,1.562,5.469,3.960,OFF,0,0,75,Avail,Compl,Enable,0,GRN2#  ,ON,0,ACTIVE,ACTIVE,0.962,0.942,0.740,0.740,142.980,119.637,Avail,Compl,Avail,Incmpl,Incmpl,Enable,OBD II (California ARB),OFF,OFF,0,0,0,1st,OFF,OFF,OFF,OFF,OFF,OFF,0.781,-0.781,ON,OFF,650,0,OFF,OFF,OFF,ON,Gasoline,0.994,OFF,OFF,0.684,ON,1.172,14.902,19,0,0.742,0.742,2.324,0.742,0.918,2.031,46.667,0,14.902,41,0,0,OFF,ECT 5th,NA,OFF,97.900,97.900,14.118,0,Not Avl,0,0,0,0,ON,ON,0,0,1
403,0,13.669,Not Avl,Compl,Compl,Unable,OFF,Not Avl,Compl,Compl,Unable,OFF,40.625,40.625,36.875,38.125,19.531,39.551,15.686,31.765,0.781,1.582,ON,0,OFF,ON,ON,0.999,1.000,0.031,0.031,3.352,3.352,0,97,51199.219,13.437,25.882,OFF,OFF,OFF,OFF,OFF,OFF,OFF,Avail,Incmpl,Incmpl,Enable,Avail,285.500,60.400,285.500,60.400,ON,Avail,Compl,Enable,80,0,0,0,0,0,0,6,A,0,0,Avail,Incmpl,Incmpl,Enable,OFF,OFF,148,695.250,51199.219,51199.219,51199.219,51199.219,51199.219,51199.219,1GRFE ,0,Avail,Incmpl,Incmpl,Enable,0,OFF,OFF,OFF,OFF,ON,ON,Avail,Compl,Enable,Compl,CL,CL,Compl,Unable,Not Avl,Compl,Compl,Enable,OFF,0,15,323,ON,81.250,20,0.110,2491,16,21,-3,OFF,1.562,5.469,3.960,OFF,0,0,83,Avail,Compl,Enable,0,GRN2#  ,ON,0,ACTIVE,ACTIVE,0.967,0.947,0.740,0.740,142.332,119.637,Avail,Compl,Avail,Incmpl,Incmpl,Enable,OBD II (California ARB),OFF,OFF,0,0,0,1st,OFF,OFF,OFF,OFF,OFF,OFF,0.781,-0.781,ON,OFF,650,0,OFF,OFF,OFF,ON,Gasoline,0.994,OFF,OFF,0.684,ON,1.172,14.902,19,0,0.742,0.742,2.324,0.742,0.918,2.031,46.667,0,14.902,41,0,0,OFF,ECT 5th,NA,OFF,97.900,97.900,14.118,0,Not Avl,0,0,0,0,ON,ON,0,0,1
404,0,13.672,Not Avl,Compl,Compl,Unable,OFF,Not Avl,Compl,Compl,Unable,OFF,40.625,40.625,36.875,38.125,19.531,39.551,15.686,31.765,0.781,1.582,ON,0,OFF,ON,ON,1.005,1.003,0.039,0.039,3.381,3.366,0,97,51199.219,13.417,25.490,OFF,OFF,OFF,OFF,OFF,OFF,OFF,Avail,Incmpl,Incmpl,Enable,Avail,285.500,60.400,285.500,60.400,ON,Avail,Compl,Enable,80,0,0,0,0,0,0,6,A,0,0,Avail,Incmpl,Incmpl,Enable,OFF,OFF,148,698.250,51199.219,51199.219,51199.219,51199.219,51199.219,51199.219,1GRFE ,0,Avail,Incmpl,Incmpl,Enable,0,OFF,OFF,OFF,OFF,ON,ON,Avail,Compl,Enable,Compl,CL,CL,Compl,Unable,Not Avl,Compl,Compl,Enable,OFF,0,15,338,ON,81.250,20,0.110,2487,16,21,-3,OFF,1.562,5.469,3.960,OFF,0,0,83,Avail,Compl,Enable,0,GRN2#  ,ON,0,ACTIVE,ACTIVE,0.962,0.942,0.740,0.740,142.656,119.637,Avail,Compl,Avail,Incmpl,Incmpl,Enable,OBD II (California ARB),OFF,OFF,0,0,0,1st,OFF,OFF,OFF,OFF,OFF,OFF,1.562,-0.781,ON,OFF,650,0,OFF,OFF,OFF,ON,Gasoline,0.993,OFF,OFF,0.684,ON,1.172,14.902,19,0,0.742,0.742,2.324,0.742,0.918,2.031,46.667,0,14.902,41,0,0,OFF,ECT 5th,NA,OFF,97.900,97.900,14.118,0,Not Avl,0,0,0,0,ON,ON,0,0,1
405,0,13.671,Not Avl,Compl,Compl,Unable,OFF,Not Avl,Compl,Compl,Unable,OFF,46.094,40.625,36.875,38.125,19.531,39.551,15.686,31.765,0.781,1.582,ON,0,OFF,ON,ON,1.002,1.004,0.039,0.043,3.366,3.371,0,97,51199.219,13.437,25.882,OFF,OFF,OFF,OFF,OFF,OFF,OFF,Avail,Incmpl,Incmpl,Enable,Avail,286.200,60.500,286.200,60.500,ON,Avail,Compl,Enable,80,0,0,0,0,0,0,6,A,0,0,Avail,Incmpl,Incmpl,Enable,OFF,OFF,148,687.500,51199.219,51199.219,51199.219,51199.219,51199.219,51199.219,1GRFE ,0,Avail,Incmpl,Incmpl,Enable,0,OFF,OFF,OFF,OFF,ON,ON,Avail,Compl,Enable,Compl,CL,CL,Compl,Unable,Not Avl,Compl,Compl,Enable,OFF,0,15,354,ON,81.250,20,0.110,2519,16,21,-3,OFF,1.562,5.469,3.960,OFF,0,0,81,Avail,Compl,Enable,0,GRN2#  ,ON,0,ACTIVE,ACTIVE,0.962,0.942,0.740,0.740,142.656,119.637,Avail,Compl,Avail,Incmpl,Incmpl,Enable,OBD II (California ARB),OFF,OFF,0,0,0,1st,OFF,OFF,OFF,OFF,OFF,OFF,1.562,0,ON,OFF,650,0,OFF,OFF,OFF,ON,Gasoline,0.990,OFF,OFF,0.684,ON,1.172,14.902,19,0,0.742,0.742,2.324,0.742,0.918,2.031,46.667,0,14.902,41,0,0,OFF,ECT 5th,NA,OFF,97.900,97.900,14.510,0,Not Avl,0,0,0,0,ON,ON,0,0,1
406,0,13.672,Not Avl,Compl,Compl,Unable,OFF,Not Avl,Compl,Compl,Unable,OFF,57.031,44.531,36.875,38.125,19.531,39.551,15.686,31.765,0.781,1.582,ON,0,OFF,ON,ON,0.996,1.003,0.016,0.039,3.327,3.366,0,97,51199.219,13.437,25.882,OFF,OFF,OFF,OFF,OFF,OFF,OFF,Avail,Incmpl,Incmpl,Enable,Avail,286.200,60.500,286.200,60.500,ON,Avail,Compl,Enable,80,0,0,0,0,0,0,6,A,0,0,Avail,Incmpl,Incmpl,Enable,OFF,OFF,149,700.750,51199.219,51199.219,51199.219,51199.219,51199.219,51199.219,1GRFE ,0,Avail,Incmpl,Incmpl,Enable,0,OFF,OFF,OFF,OFF,ON,ON,Avail,Compl,Enable,Compl,CL,CL,Compl,Unable,Not Avl,Compl,Compl,Enable,OFF,0,15,373,ON,81.250,20,0.110,2516,16,21,-3,OFF,1.562,5.469,4,OFF,0,0,81,Avail,Compl,Enable,0,GRN2#  ,ON,0,ACTIVE,ACTIVE,0.962,0.942,0.740,0.720,142.656,118.988,Avail,Compl,Avail,Incmpl,Incmpl,Enable,OBD II (California ARB),OFF,OFF,0,0,0,1st,OFF,OFF,OFF,OFF,OFF,OFF,1.562,0,ON,OFF,650,0,OFF,OFF,OFF,ON,Gasoline,0.989,OFF,OFF,0.684,ON,1.172,14.902,19,0,0.742,0.742,2.324,0.742,0.918,2.031,46.667,0,14.902,41,0,0,OFF,ECT 5th,NA,OFF,97.900,97.900,14.118,0,Not Avl,0,0,0,0,ON,ON,0,0,1
407,0,13.672,Not Avl,Compl,Compl,Unable,OFF,Not Avl,Compl,Compl,Unable,OFF,60.938,57.031,36.875,38.125,19.531,39.551,15.686,31.765,0.781,1.582,ON,0,OFF,ON,ON,0.996,0.998,0.020,0.023,3.332,3.337,0,97,51199.219,13.437,25.490,OFF,OFF,OFF,OFF,OFF,OFF,OFF,Avail,Incmpl,Incmpl,Enable,Avail,286.900,60.700,286.900,60.700,ON,Avail,Compl,Enable,80,0,0,0,0,0,0,6,A,0,0,Avail,Incmpl,Incmpl,Enable,OFF,OFF,149,703.750,51199.219,51199.219,51199.219,51199.219,51199.219,51199.219,1GRFE ,0,Avail,Incmpl,Incmpl,Enable,0,OFF,OFF,OFF,OFF,ON,ON,Avail,Compl,Enable,Compl,CL,CL,Compl,Unable,Not Avl,Compl,Compl,Enable,OFF,0,15,388,ON,81.250,20,0.110,2487,16,21,-3,OFF,1.562,5.469,4,OFF,0,0,81,Avail,Compl,Enable,0,GRN2#  ,ON,0,ACTIVE,ACTIVE,0.962,0.942,0.740,0.720,141.684,119.637,Avail,Compl,Avail,Incmpl,Incmpl,Enable,OBD II (California ARB),OFF,OFF,0,0,0,1st,OFF,OFF,OFF,OFF,OFF,OFF,1.562,0,ON,OFF,650,0,OFF,OFF,OFF,ON,Gasoline,0.990,OFF,OFF,0.684,ON,1.172,14.902,19,0,0.742,0.742,2.324,0.742,0.918,2.031,46.667,0,14.902,41,0,0,OFF,ECT 5th,NA,OFF,97.900,97.900,14.118,0,Not Avl,0,0,0,0,ON,ON,0,0,1
408,0,13.661,Not Avl,Compl,Compl,Unable,OFF,Not Avl,Compl,Compl,Unable,OFF,61.719,60.156,36.875,38.125,19.531,39.551,15.686,31.765,0.781,1.582,ON,0,OFF,ON,ON,0.996,0.998,0.023,0.023,3.337,3.337,0,97,51199.219,13.437,25.490,OFF,OFF,OFF,OFF,OFF,OFF,OFF,Avail,Incmpl,Incmpl,Enable,Avail,286.900,60.700,286.900,60.700,ON,Avail,Compl,Enable,80,0,0,0,0,0,0,6,A,0,0,Avail,Incmpl,Incmpl,Enable,OFF,OFF,150,701.500,51199.219,51199.219,51199.219,51199.219,51199.219,51199.219,1GRFE ,0,Avail,Incmpl,Incmpl,Enable,0,OFF,OFF,OFF,OFF,ON,ON,Avail,Compl,Enable,Compl,CL,CL,Compl,Unable,Not Avl,Compl,Compl,Enable,OFF,0,15,404,ON,81.250,20,0.111,2483,16,21,-3,OFF,1.562,5.469,3.960,OFF,0,0,81,Avail,Compl,Enable,0,GRN2#  ,ON,0,ACTIVE,ACTIVE,0.962,0.942,0.740,0.720,142.008,118.988,Avail,Compl,Avail,Incmpl,Incmpl,Enable,OBD II (California ARB),OFF,OFF,0,0,0,1st,OFF,OFF,OFF,OFF,OFF,OFF,1.562,0,ON,OFF,650,0,OFF,OFF,OFF,ON,Gasoline,0.990,OFF,OFF,0.684,ON,1.172,14.902,19,0,0.742,0.742,2.324,0.742,0.918,2.031,46.667,0,14.902,41,0,0,OFF,ECT 5th,NA,OFF,97.900,97.900,14.118,0,Not Avl,0,0,0,0,ON,ON,0,0,1
409,0,13.672,Not Avl,Compl,Compl,Unable,OFF,Not Avl,Compl,Compl,Unable,OFF,52.344,59.375,36.875,38.125,19.531,39.551,15.686,31.765,0.781,1.582,ON,0,OFF,ON,ON,0.997,0.997,0.023,0.020,3.337,3.332,0,97,51199.219,13.417,25.882,OFF,OFF,OFF,OFF,OFF,OFF,OFF,Avail,Incmpl,Incmpl,Enable,Avail,287.700,60.800,287.700,60.800,ON,Avail,Compl,Enable,80,0,0,0,0,0,0,6,A,0,0,Avail,Incmpl,Incmpl,Enable,OFF,OFF,150,699,51199.219,51199.219,51199.219,51199.219,51199.219,51199.219,1GRFE ,0,Avail,Incmpl,Incmpl,Enable,0,OFF,OFF,OFF,OFF,ON,ON,Avail,Compl,Enable,Compl,CL,CL,Compl,Unable,Not Avl,Compl,Compl,Enable,OFF,0,15,426,ON,81.250,20,0.111,2508,16,21,-3,OFF,1.562,5.469,3.960,OFF,0,0,86,Avail,Compl,Enable,0,GRN2#  ,ON,0,ACTIVE,ACTIVE,0.962,0.942,0.760,0.720,141.684,118.988,Avail,Compl,Avail,Incmpl,Incmpl,Enable,OBD II (California ARB),OFF,OFF,0,0,0,1st,OFF,OFF,OFF,OFF,OFF,OFF,1.562,0,ON,OFF,650,0,OFF,OFF,OFF,ON,Gasoline,0.991,OFF,OFF,0.684,ON,1.172,14.902,19,0,0.742,0.742,2.324,0.742,0.918,2.031,46.667,0,14.902,41,0,0,OFF,ECT 5th,NA,OFF,97.900,97.900,14.118,0,Not Avl,0,0,0,0,ON,ON,0,0,1
410,0,13.671,Not Avl,Compl,Compl,Unable,OFF,Not Avl,Compl,Compl,Unable,OFF,45.312,58.594,36.875,38.125,19.531,39.551,15.686,31.765,0.781,1.582,ON,0,OFF,ON,ON,0.994,0.995,0.012,0.016,3.318,3.327,0,97,51199.219,13.437,25.882,OFF,OFF,OFF,OFF,OFF,OFF,OFF,Avail,Incmpl,Incmpl,Enable,Avail,287.700,60.800,287.700,60.800,ON,Avail,Compl,Enable,80,0,0,0,0,0,0,6,A,0,0,Avail,Incmpl,Incmpl,Enable,OFF,OFF,151,706.250,51199.219,51199.219,51199.219,51199.219,51199.219,51199.219,1GRFE ,0,Avail,Incmpl,Incmpl,Enable,0,OFF,OFF,OFF,OFF,ON,ON,Avail,Compl,Enable,Compl,CL,CL,Compl,Unable,Not Avl,Compl,Compl,Enable,OFF,0,15,442,ON,81.250,20,0.111,2483,16,21,-3,OFF,1.562,5.469,3.980,OFF,0,0,86,Avail,Compl,Enable,0,GRN2#  ,ON,0,ACTIVE,ACTIVE,0.962,0.942,0.760,0.720,141.359,118.664,Avail,Compl,Avail,Incmpl,Incmpl,Enable,OBD II (California ARB),OFF,OFF,0,0,0,1st,OFF,OFF,OFF,OFF,OFF,OFF,0.781,-0.781,ON,OFF,650,0,OFF,OFF,OFF,ON,Gasoline,0.992,OFF,OFF,0.684,ON,1.172,14.902,19,0,0.742,0.742,2.324,0.742,0.918,2.031,46.667,0,14.902,41,0,0,OFF,ECT 5th,NA,OFF,97.900,97.900,14.118,0,Not Avl,0,0,0,0,ON,ON,0,0,1
411,0,13.672,Not Avl,Compl,Compl,Unable,OFF,Not Avl,Compl,Compl,Unable,OFF,41.406,46.094,36.875,38.125,19.531,39.551,15.686,31.765,0.781,1.582,ON,0,OFF,ON,ON,0.995,0.997,0.020,0.020,3.332,3.332,0,97,51199.219,13.437,25.490,OFF,OFF,OFF,OFF,OFF,OFF,OFF,Avail,Incmpl,Incmpl,Enable,Avail,287.700,60.800,287.700,60.800,ON,Avail,Compl,Enable,80,0,0,0,0,0,0,6,A,0,0,Avail,Incmpl,Incmpl,Enable,OFF,OFF,151,708.500,51199.219,51199.219,51199.219,51199.219,51199.219,51199.219,1GRFE ,0,Avail,Incmpl,Incmpl,Enable,0,OFF,OFF,OFF,OFF,ON,ON,Avail,Compl,Enable,Compl,CL,CL,Compl,Unable,Not Avl,Compl,Compl,Enable,OFF,0,15,458,ON,81.250,20,0.110,2465,16,21,-3,OFF,1.562,5.469,3.960,OFF,0,0,86,Avail,Compl,Enable,0,GRN2#  ,ON,0,ACTIVE,ACTIVE,0.962,0.942,0.760,0.720,141.035,118.340,Avail,Compl,Avail,Incmpl,Incmpl,Enable,OBD II (California ARB),OFF,OFF,0,0,0,1st,OFF,OFF,OFF,OFF,OFF,OFF,0.781,-0.781,ON,OFF,650,0,OFF,OFF,OFF,ON,Gasoline,0.994,OFF,OFF,0.684,ON,1.172,14.902,19,0,0.742,0.742,2.324,0.742,0.918,2.031,46.667,0,14.902,41,0,0,OFF,ECT 5th,NA,OFF,97.900,97.900,14.118,0,Not Avl,0,0,0,0,ON,ON,0,0,1
412,0,13.671,Not Avl,Compl,Compl,Unable,OFF,Not Avl,Compl,Compl,Unable,OFF,40.625,42.969,36.875,38.125,19.531,39.551,15.686,31.765,0.781,1.582,ON,0,OFF,ON,ON,0.999,0.998,0.031,0.023,3.352,3.342,0,97,51199.219,13.437,25.490,OFF,OFF,OFF,OFF,OFF,OFF,OFF,Avail,Incmpl,Incmpl,Enable,Avail,288.400,60.900,288.400,60.900,ON,Avail,Compl,Enable,80,0,0,0,0,0,0,6,A,0,0,Avail,Incmpl,Incmpl,Enable,OFF,OFF,152,701.500,51199.219,51199.219,51199.219,51199.219,51199.219,51199.219,1GRFE ,0,Avail,Incmpl,Incmpl,Enable,0,OFF,OFF,OFF,OFF,ON,ON,Avail,Compl,Enable,Compl,CL,CL,Compl,Unable,Not Avl,Compl,Compl,Enable,OFF,0,15,470,ON,81.250,20,0.110,2476,16,21,-3,OFF,1.562,5.469,3.960,OFF,0,0,73,Avail,Compl,Enable,0,GRN2#  ,ON,0,ACTIVE,ACTIVE,0.962,0.942,0.760,0.720,142.008,118.664,Avail,Compl,Avail,Incmpl,Incmpl,Enable,OBD II (California ARB),OFF,OFF,0,0,0,1st,OFF,OFF,OFF,OFF,OFF,OFF,0.781,-0.781,ON,OFF,650,0,OFF,OFF,OFF,ON,Gasoline,0.995,OFF,OFF,0.684,ON,1.172,14.902,19,0,0.742,0.742,2.324,0.742,0.918,2.031,46.667,0,14.902,41,0,0,OFF,ECT 5th,NA,OFF,97.900,97.900,14.118,0,Not Avl,0,0,0,0,ON,ON,0,0,1
413,0,13.671,Not Avl,Compl,Compl,Unable,OFF,Not Avl,Compl,Compl,Unable,OFF,40.625,41.406,36.875,38.125,19.531,39.551,15.686,31.765,0.781,1.582,ON,0,OFF,ON,ON,1.001,1.000,0.039,0.031,3.361,3.352,0,97,51199.219,13.437,25.882,OFF,OFF,OFF,OFF,OFF,OFF,OFF,Avail,Incmpl,Incmpl,Enable,Avail,288.400,60.900,288.400,60.900,ON,Avail,Compl,Enable,80,0,0,0,0,0,0,6,A,0,0,Avail,Incmpl,Incmpl,Enable,OFF,OFF,152,695.250,51199.219,51199.219,51199.219,51199.219,51199.219,51199.219,1GRFE ,0,Avail,Incmpl,Incmpl,Enable,0,OFF,OFF,OFF,OFF,ON,ON,Avail,Compl,Enable,Compl,CL,CL,Compl,Unable,Not Avl,Compl,Compl,Enable,OFF,0,15,482,ON,81.250,20,0.110,2491,16,21,-3,OFF,1.562,5.469,3.960,OFF,0,0,73,Avail,Compl,Enable,0,GRN2#  ,ON,0,ACTIVE,ACTIVE,0.962,0.942,0.760,0.720,141.035,118.016,Avail,Compl,Avail,Incmpl,Incmpl,Enable,OBD II (California ARB),OFF,OFF,0,0,0,1st,OFF,OFF,OFF,OFF,OFF,OFF,0.781,-0.781,ON,OFF,650,0,OFF,OFF,OFF,ON,Gasoline,0.994,OFF,OFF,0.684,ON,1.172,14.902,19,0,0.742,0.742,2.324,0.742,0.918,2.031,46.667,0,14.902,41,0,0,OFF,ECT 5th,NA,OFF,97.900,97.900,14.118,0,Not Avl,0,0,0,0,ON,ON,0,0,1
414,0,13.671,Not Avl,Compl,Compl,Unable,OFF,Not Avl,Compl,Compl,Unable,OFF,40.625,47.656,36.875,38.125,19.531,39.551,15.686,31.765,0.781,1.582,ON,0,OFF,ON,ON,0.999,0.998,0.039,0.023,3.361,3.342,0,97,51199.219,13.417,25.882,OFF,OFF,OFF,OFF,OFF,OFF,OFF,Avail,Incmpl,Incmpl,Enable,Avail,288.400,60.900,288.400,60.900,ON,Avail,Compl,Enable,80,0,0,0,0,0,0,6,A,0,0,Avail,Incmpl,Incmpl,Enable,OFF,OFF,152,692,51199.219,51199.219,51199.219,51199.219,51199.219,51199.219,1GRFE ,0,Avail,Incmpl,Incmpl,Enable,0,OFF,OFF,OFF,OFF,ON,ON,Avail,Compl,Enable,Compl,CL,CL,Compl,Unable,Not Avl,Compl,Compl,Enable,OFF,0,15,494,ON,81.250,20,0.110,2512,16,21,-3,OFF,1.562,5.469,4,OFF,0,0,73,Avail,Compl,Enable,0,GRN2#  ,ON,0,ACTIVE,ACTIVE,0.962,0.942,0.760,0.720,141.035,117.691,Avail,Compl,Avail,Incmpl,Incmpl,Enable,OBD II (California ARB),OFF,OFF,0,0,0,1st,OFF,OFF,OFF,OFF,OFF,OFF,1.562,-0.781,ON,OFF,650,0,OFF,OFF,OFF,ON,Gasoline,0.994,OFF,OFF,0.684,ON,1.172,14.902,19,0,0.742,0.742,2.324,0.742,0.918,2.031,46.667,0,14.902,41,0,0,OFF,ECT 5th,NA,OFF,97.900,97.900,14.510,0,Not Avl,0,0,0,0,ON,ON,0,0,1
415,0,13.674,Not Avl,Compl,Compl,Unable,OFF,Not Avl,Compl,Compl,Unable,OFF,40.625,42.969,36.875,38.125,19.531,39.551,15.686,31.765,0.781,1.582,ON,0,OFF,ON,ON,1.001,0.996,0.039,0.020,3.361,3.332,0,97,51199.219,13.437,25.882,OFF,OFF,OFF,OFF,OFF,OFF,OFF,Avail,Incmpl,Incmpl,Enable,Avail,289.200,61,289.200,61,ON,Avail,Compl,Enable,80,0,0,0,0,0,0,6,A,0,0,Avail,Incmpl,Incmpl,Enable,OFF,OFF,153,700,51199.219,51199.219,51199.219,51199.219,51199.219,51199.219,1GRFE ,0,Avail,Incmpl,Incmpl,Enable,0,OFF,OFF,OFF,OFF,ON,ON,Avail,Compl,Enable,Compl,CL,CL,Compl,Unable,Not Avl,Compl,Compl,Enable,OFF,0,15,507,ON,81.250,20,0.110,2520,16,21,-3,OFF,1.562,5.469,4.010,OFF,0,0,83,Avail,Compl,Enable,0,GRN2#  ,ON,0,ACTIVE,ACTIVE,0.962,0.942,0.740,0.720,141.035,118.016,Avail,Compl,Avail,Incmpl,Incmpl,Enable,OBD II (California ARB),OFF,OFF,0,0,0,1st,OFF,OFF,OFF,OFF,OFF,OFF,1.562,-0.781,ON,OFF,650,0,OFF,OFF,OFF,ON,Gasoline,0.993,OFF,OFF,0.684,ON,1.172,14.902,19,0,0.742,0.742,2.324,0.742,0.918,2.031,46.667,0,14.902,41,0,0,OFF,ECT 5th,NA,OFF,97.900,97.900,14.510,0,Not Avl,0,0,0,0,ON,ON,0,0,1
416,0,13.674,Not Avl,Compl,Compl,Unable,OFF,Not Avl,Compl,Compl,Unable,OFF,50,41.406,36.875,38.125,19.531,39.551,15.686,31.765,0.781,1.582,ON,0,OFF,ON,ON,0.999,0.995,0.031,0.012,3.352,3.322,0,97,51199.219,13.437,25.882,OFF,OFF,OFF,OFF,OFF,OFF,OFF,Avail,Incmpl,Incmpl,Enable,Avail,289.200,61,289.200,61,ON,Avail,Compl,Enable,80,0,0,0,0,0,0,6,A,0,0,Avail,Incmpl,Incmpl,Enable,OFF,OFF,153,707.750,51199.219,51199.219,51199.219,51199.219,51199.219,51199.219,1GRFE ,0,Avail,Incmpl,Incmpl,Enable,0,OFF,OFF,OFF,OFF,ON,ON,Avail,Compl,Enable,Compl,CL,CL,Compl,Unable,Not Avl,Compl,Compl,Enable,OFF,0,15,520,ON,81.250,20,0.111,2494,16,21,-3,OFF,1.562,5.469,3.960,OFF,0,0,83,Avail,Compl,Enable,0,GRN2#  ,ON,0,ACTIVE,ACTIVE,0.962,0.942,0.740,0.720,140.387,118.016,Avail,Compl,Avail,Incmpl,Incmpl,Enable,OBD II (California ARB),OFF,OFF,0,0,0,1st,OFF,OFF,OFF,OFF,OFF,OFF,1.562,-0.781,ON,OFF,650,0,OFF,OFF,OFF,ON,Gasoline,0.992,OFF,OFF,0.684,ON,1.172,14.902,19,0,0.742,0.742,2.324,0.742,0.918,2.031,46.667,0,14.902,41,0,0,OFF,ECT 5th,NA,OFF,97.900,97.900,14.118,0,Not Avl,0,0,0,0,ON,ON,0,0,1
417,0,13.672,Not Avl,Compl,Compl,Unable,OFF,Not Avl,Compl,Compl,Unable,OFF,58.594,40.625,36.875,38.125,19.531,39.551,15.686,31.765,0.781,1.582,ON,0,OFF,ON,ON,0.996,0.997,0.020,0.023,3.332,3.337,0,97,51199.219,13.437,25.490,OFF,OFF,OFF,OFF,OFF,OFF,OFF,Avail,Incmpl,Incmpl,Enable,Avail,289.900,61.100,289.900,61.100,ON,Avail,Compl,Enable,80,0,0,0,0,0,0,6,A,0,0,Avail,Incmpl,Incmpl,Enable,OFF,OFF,154,700.750,51199.219,51199.219,51199.219,51199.219,51199.219,51199.219,1GRFE ,0,Avail,Incmpl,Incmpl,Enable,0,OFF,OFF,OFF,OFF,ON,ON,Avail,Compl,Enable,Compl,CL,CL,Compl,Unable,Not Avl,Compl,Compl,Enable,OFF,0,15,537,ON,81.250,20,0.111,2483,16,21,-3,OFF,1.562,5.469,3.980,OFF,0,0,80,Avail,Compl,Enable,0,GRN2#  ,ON,0,ACTIVE,ACTIVE,0.962,0.942,0.760,0.720,140.387,117.691,Avail,Compl,Avail,Incmpl,Incmpl,Enable,OBD II (California ARB),OFF,OFF,0,0,0,1st,OFF,OFF,OFF,OFF,OFF,OFF,0.781,-0.781,ON,OFF,650,0,OFF,OFF,OFF,ON,Gasoline,0.993,OFF,OFF,0.684,ON,1.172,14.902,19,0,0.742,0.742,2.324,0.742,0.918,2.031,46.667,0,14.902,41,0,0,OFF,ECT 5th,NA,OFF,97.900,97.900,14.118,0,Not Avl,0,0,0,0,ON,ON,0,0,1
418,0,13.672,Not Avl,Compl,Compl,Unable,OFF,Not Avl,Compl,Compl,Unable,OFF,60.938,40.625,36.875,38.125,19.531,39.551,15.686,31.765,0.781,1.582,ON,0,OFF,ON,ON,0.994,0.999,0.016,0.031,3.327,3.352,0,97,51199.219,13.417,25.490,OFF,OFF,OFF,OFF,OFF,OFF,OFF,Avail,Incmpl,Incmpl,Enable,Avail,289.900,61.100,289.900,61.100,ON,Avail,Compl,Enable,80,0,0,0,0,0,0,6,A,0,0,Avail,Incmpl,Incmpl,Enable,OFF,OFF,154,700,51199.219,51199.219,51199.219,51199.219,51199.219,51199.219,1GRFE ,0,Avail,Incmpl,Incmpl,Enable,0,OFF,OFF,OFF,OFF,ON,ON,Avail,Compl,Enable,Compl,CL,CL,Compl,Unable,Not Avl,Compl,Compl,Enable,OFF,0,15,550,ON,81.250,20,0.111,2479,16,21,-3,OFF,1.562,5.469,3.980,OFF,0,0,80,Avail,Compl,Enable,0,GRN2#  ,ON,0,ACTIVE,ACTIVE,0.957,0.942,0.740,0.720,140.387,117.691,Avail,Compl,Avail,Incmpl,Incmpl,Enable,OBD II (California ARB),OFF,OFF,0,0,0,1st,OFF,OFF,OFF,OFF,OFF,OFF,0.781,-0.781,ON,OFF,650,0,OFF,OFF,OFF,ON,Gasoline,0.994,OFF,OFF,0.684,ON,1.172,14.902,19,0,0.742,0.742,2.324,0.742,0.918,2.031,46.667,0,14.902,41,0,0,OFF,ECT 5th,NA,OFF,97.900,97.900,14.118,0,Not Avl,0,0,0,0,ON,ON,0,0,1
419,0,13.671,Not Avl,Compl,Compl,Unable,OFF,Not Avl,Compl,Compl,Unable,OFF,61.719,44.531,36.875,38.125,19.531,39.551,15.686,31.765,0.781,1.582,ON,0,OFF,ON,ON,0.996,1.000,0.023,0.035,3.337,3.357,0,97,51199.219,13.437,25.490,OFF,OFF,OFF,OFF,OFF,OFF,OFF,Avail,Incmpl,Incmpl,Enable,Avail,289.900,61.100,289.900,61.100,ON,Avail,Compl,Enable,80,0,0,0,0,0,0,6,A,0,0,Avail,Incmpl,Incmpl,Enable,OFF,OFF,154,700.750,51199.219,51199.219,51199.219,51199.219,51199.219,51199.219,1GRFE ,0,Avail,Incmpl,Incmpl,Enable,0,OFF,OFF,OFF,OFF,ON,ON,Avail,Compl,Enable,Compl,CL,CL,Compl,Unable,Not Avl,Compl,Compl,Enable,OFF,0,15,563,ON,81.250,20,0.111,2472,16,21,-3,OFF,1.562,5.469,4.010,OFF,0,0,80,Avail,Compl,Enable,0,GRN2#  ,ON,0,ACTIVE,ACTIVE,0.962,0.942,0.740,0.720,139.738,117.691,Avail,Compl,Avail,Incmpl,Incmpl,Enable,OBD II (California ARB),OFF,OFF,0,0,0,1st,OFF,OFF,OFF,OFF,OFF,OFF,0.781,-0.781,ON,OFF,650,0,OFF,OFF,OFF,ON,Gasoline,0.995,OFF,OFF,0.684,ON,1.172,14.902,19,0,0.742,0.742,2.324,0.742,0.918,2.031,46.667,0,14.902,41,0,0,OFF,ECT 5th,NA,OFF,97.900,97.900,14.510,0,Not Avl,0,0,0,0,ON,ON,0,0,1
420,0,13.671,Not Avl,Compl,Compl,Unable,OFF,Not Avl,Compl,Compl,Unable,OFF,61.719,46.875,36.875,38.125,19.531,39.551,15.686,31.765,0.781,1.582,ON,0,OFF,ON,ON,0.998,1.001,0.031,0.035,3.352,3.357,0,97,51199.219,13.437,25.882,OFF,OFF,OFF,OFF,OFF,OFF,OFF,Avail,Incmpl,Incmpl,Enable,Avail,290.600,61.200,290.600,61.200,ON,Avail,Compl,Enable,80,0,0,0,0,0,0,6,A,0,0,Avail,Incmpl,Incmpl,Enable,OFF,OFF,155,692,51199.219,51199.219,51199.219,51199.219,51199.219,51199.219,1GRFE ,0,Avail,Incmpl,Incmpl,Enable,0,OFF,OFF,OFF,OFF,ON,ON,Avail,Compl,Enable,Compl,CL,CL,Compl,Unable,Not Avl,Compl,Compl,Enable,OFF,0,15,576,ON,81.250,20,0.111,2501,16,21,-3,OFF,1.562,5.469,4,OFF,0,0,77,Avail,Compl,Enable,0,GRN2#  ,ON,0,ACTIVE,ACTIVE,0.957,0.938,0.760,0.720,139.738,117.691,Avail,Compl,Avail,Incmpl,Incmpl,Enable,OBD II (California ARB),OFF,OFF,0,0,0,1st,OFF,OFF,OFF,OFF,OFF,OFF,0.781,-0.781,ON,OFF,650,0,OFF,OFF,OFF,ON,Gasoline,0.996,OFF,OFF,0.684,ON,1.172,14.902,19,0,0.742,0.742,2.324,0.742,0.918,2.031,46.667,0,14.902,41,0,0,OFF,ECT 5th,NA,OFF,97.900,97.900,14.510,0,Not Avl,0,0,0,0,ON,ON,0,0,1
421,0,13.671,Not Avl,Compl,Compl,Unable,OFF,Not Avl,Compl,Compl,Unable,OFF,49.219,55.469,36.875,38.125,19.531,39.551,15.686,31.765,0.781,1.582,ON,0,OFF,ON,ON,1.000,0.998,0.035,0.027,3.357,3.347,0,97,51199.219,13.437,25.882,OFF,OFF,OFF,OFF,OFF,OFF,OFF,Avail,Incmpl,Incmpl,Enable,Avail,290.600,61.200,290.600,61.200,ON,Avail,Compl,Enable,80,0,0,0,0,0,0,6,A,0,0,Avail,Incmpl,Incmpl,Enable,OFF,OFF,155,696,51199.219,51199.219,51199.219,51199.219,51199.219,51199.219,1GRFE ,0,Avail,Incmpl,Incmpl,Enable,0,OFF,OFF,OFF,OFF,ON,ON,Avail,Compl,Enable,Compl,CL,CL,Compl,Unable,Not Avl,Compl,Compl,Enable,OFF,0,15,590,ON,81.250,20,0.110,2523,16,21,-3,OFF,1.562,5.469,4.010,OFF,0,0,77,Avail,Compl,Enable,0,GRN2#  ,ON,0,ACTIVE,ACTIVE,0.962,0.942,0.740,0.720,139.738,117.691,Avail,Compl,Avail,Incmpl,Incmpl,Enable,OBD II (California ARB),OFF,OFF,0,0,0,1st,OFF,OFF,OFF,OFF,OFF,OFF,0.781,-0.781,ON,OFF,650,0,OFF,OFF,OFF,ON,Gasoline,0.996,OFF,OFF,0.684,ON,1.172,14.902,19,0,0.742,0.742,2.324,0.742,0.918,2.031,46.667,0,14.902,41,0,0,OFF,ECT 5th,NA,OFF,97.900,97.900,14.510,0,Not Avl,0,0,0,0,ON,ON,0,0,1
422,0,13.672,Not Avl,Compl,Compl,Unable,OFF,Not Avl,Compl,Compl,Unable,OFF,43.750,59.375,36.875,38.125,19.531,39.551,15.686,31.765,0.781,1.582,ON,0,OFF,ON,ON,0.997,0.996,0.023,0.020,3.337,3.332,0,97,51199.219,13.437,25.882,OFF,OFF,OFF,OFF,OFF,OFF,OFF,Avail,Incmpl,Incmpl,Enable,Avail,290.600,61.200,290.600,61.200,ON,Avail,Compl,Enable,80,0,0,0,0,0,0,6,A,0,0,Avail,Incmpl,Incmpl,Enable,OFF,OFF,155,702.250,51199.219,51199.219,51199.219,51199.219,51199.219,51199.219,1GRFE ,0,Avail,Incmpl,Incmpl,Enable,0,OFF,OFF,OFF,OFF,ON,ON,Avail,Compl,Enable,Compl,CL,CL,Compl,Unable,Not Avl,Compl,Compl,Enable,OFF,0,15,8,ON,81.250,20,0.110,2490,16,21,-3,OFF,1.562,5.469,4,OFF,0,0,77,Avail,Compl,Enable,0,GRN2#  ,ON,0,ACTIVE,ACTIVE,0.967,0.947,0.740,0.720,139.738,117.043,Avail,Compl,Avail,Incmpl,Incmpl,Enable,OBD II (California ARB),OFF,OFF,0,0,0,1st,OFF,OFF,OFF,OFF,OFF,OFF,0.781,-0.781,ON,OFF,650,0,OFF,OFF,OFF,ON,Gasoline,0.996,OFF,OFF,0.684,ON,1.172,14.902,19,0,0.742,0.742,2.324,0.742,0.918,2.031,46.667,0,14.902,41,0,0,OFF,ECT 5th,NA,OFF,97.900,97.900,14.118,0,Not Avl,0,0,0,0,ON,ON,0,0,1
423,0,13.672,Not Avl,Compl,Compl,Unable,OFF,Not Avl,Compl,Compl,Unable,OFF,41.406,61.719,36.875,38.125,19.531,39.551,15.686,31.765,0.781,1.582,ON,0,OFF,ON,ON,0.996,0.995,0.023,0.020,3.337,3.332,0,97,51199.219,13.417,25.882,OFF,OFF,OFF,OFF,OFF,OFF,OFF,Avail,Incmpl,Incmpl,Enable,Avail,291.300,61.400,291.300,61.400,ON,Avail,Compl,Enable,80,0,0,0,0,0,0,6,A,0,0,Avail,Incmpl,Incmpl,Enable,OFF,OFF,156,695.250,51199.219,51199.219,51199.219,51199.219,51199.219,51199.219,1GRFE ,0,Avail,Incmpl,Incmpl,Enable,0,OFF,OFF,OFF,OFF,ON,ON,Avail,Compl,Enable,Compl,CL,CL,Compl,Unable,Not Avl,Compl,Compl,Enable,OFF,0,15,23,ON,81.250,20,0.110,2494,16,21,-3,OFF,1.562,5.469,3.980,OFF,0,0,71,Avail,Compl,Enable,0,GRN2#  ,ON,0,ACTIVE,ACTIVE,0.962,0.942,0.740,0.720,139.738,117.043,Avail,Compl,Avail,Incmpl,Incmpl,Enable,OBD II (California ARB),OFF,OFF,0,0,0,1st,OFF,OFF,OFF,OFF,OFF,OFF,0.781,-0.781,ON,OFF,650,0,OFF,OFF,OFF,ON,Gasoline,0.997,OFF,OFF,0.684,ON,1.172,14.902,19,0,0.742,0.742,2.324,0.742,0.918,2.031,46.667,0,14.902,41,0,0,OFF,ECT 5th,NA,OFF,97.900,97.900,14.510,0,Not Avl,0,0,0,0,ON,ON,0,0,1
424,0,13.667,Not Avl,Compl,Compl,Unable,OFF,Not Avl,Compl,Compl,Unable,OFF,40.625,59.375,36.875,38.125,19.531,39.551,15.686,31.765,0.781,1.582,ON,0,OFF,ON,ON,0.998,0.999,0.031,0.027,3.352,3.347,0,97,51199.219,13.417,25.882,OFF,OFF,OFF,OFF,OFF,OFF,OFF,Avail,Incmpl,Incmpl,Enable,Avail,291.300,61.400,291.300,61.400,ON,Avail,Compl,Enable,80,0,0,0,0,0,0,6,A,0,0,Avail,Incmpl,Incmpl,Enable,OFF,OFF,156,695.250,51199.219,51199.219,51199.219,51199.219,51199.219,51199.219,1GRFE ,0,Avail,Incmpl,Incmpl,Enable,0,OFF,OFF,OFF,OFF,ON,ON,Avail,Compl,Enable,Compl,CL,CL,Compl,Unable,Not Avl,Compl,Compl,Enable,OFF,0,15,37,ON,81.250,20,0.110,2487,16,21,-3,OFF,1.562,5.469,3.980,OFF,0,0,71,Avail,Compl,Enable,0,GRN2#  ,ON,0,ACTIVE,ACTIVE,0.962,0.942,0.740,0.720,139.414,117.043,Avail,Compl,Avail,Incmpl,Incmpl,Enable,OBD II (California ARB),OFF,OFF,0,0,0,1st,OFF,OFF,OFF,OFF,OFF,OFF,0.781,-0.781,ON,OFF,650,0,OFF,OFF,OFF,ON,Gasoline,0.998,OFF,OFF,0.684,ON,1.172,14.902,19,0,0.742,0.742,2.324,0.742,0.918,2.031,46.667,0,14.902,41,0,0,OFF,ECT 5th,NA,OFF,97.900,97.900,14.510,0,Not Avl,0,0,0,0,ON,ON,0,0,1
425,0,13.672,Not Avl,Compl,Compl,Unable,OFF,Not Avl,Compl,Compl,Unable,OFF,40.625,48.438,36.875,38.125,19.531,39.551,15.686,31.765,0.781,1.582,ON,0,OFF,ON,ON,1.002,0.999,0.039,0.031,3.366,3.352,0,97,51199.219,13.437,25.882,OFF,OFF,OFF,OFF,OFF,OFF,OFF,Avail,Incmpl,Incmpl,Enable,Avail,292,61.500,292,61.500,ON,Avail,Compl,Enable,80,0,0,0,0,0,0,6,A,0,0,Avail,Incmpl,Incmpl,Enable,OFF,OFF,157,693.750,51199.219,51199.219,51199.219,51199.219,51199.219,51199.219,1GRFE ,0,Avail,Incmpl,Incmpl,Enable,0,OFF,OFF,OFF,OFF,ON,ON,Avail,Compl,Enable,Compl,CL,CL,Compl,Unable,Not Avl,Compl,Compl,Enable,OFF,0,15,53,ON,81.250,20,0.111,2501,16,21,-3,OFF,1.562,5.469,3.960,OFF,0,0,68,Avail,Compl,Enable,0,GRN2#  ,ON,0,ACTIVE,ACTIVE,0.957,0.942,0.740,0.720,139.414,116.719,Avail,Compl,Avail,Incmpl,Incmpl,Enable,OBD II (California ARB),OFF,OFF,0,0,0,1st,OFF,OFF,OFF,OFF,OFF,OFF,0.781,-0.781,ON,OFF,650,0,OFF,OFF,OFF,ON,Gasoline,0.997,OFF,OFF,0.684,ON,1.172,14.902,19,0,0.742,0.742,2.324,0.742,0.918,2.031,46.667,0,14.902,41,0,0,OFF,ECT 5th,NA,OFF,97.900,97.900,14.118,0,Not Avl,0,0,0,0,ON,ON,0,0,1
426,0,13.685,Not Avl,Compl,Compl,Unable,OFF,Not Avl,Compl,Compl,Unable,OFF,40.625,42.188,36.875,38.125,19.531,39.551,15.686,31.765,0.781,1.582,ON,0,OFF,ON,ON,1.000,1.001,0.039,0.035,3.361,3.357,0,97,51199.219,13.437,25.882,OFF,OFF,OFF,OFF,OFF,OFF,OFF,Avail,Incmpl,Incmpl,Enable,Avail,292,61.500,292,61.500,ON,Avail,Compl,Enable,80,0,0,0,0,0,0,6,A,0,0,Avail,Incmpl,Incmpl,Enable,OFF,OFF,157,703,51199.219,51199.219,51199.219,51199.219,51199.219,51199.219,1GRFE ,0,Avail,Incmpl,Incmpl,Enable,0,OFF,OFF,OFF,OFF,ON,ON,Avail,Compl,Enable,Compl,CL,CL,Compl,Unable,Not Avl,Compl,Compl,Enable,OFF,0,15,70,ON,81.250,20,0.111,2491,16,21,-3,OFF,1.562,5.469,3.960,OFF,0,0,68,Avail,Compl,Enable,0,GRN2#  ,ON,0,ACTIVE,ACTIVE,0.962,0.942,0.740,0.720,139.414,116.719,Avail,Compl,Avail,Incmpl,Incmpl,Enable,OBD II (California ARB),OFF,OFF,0,0,0,1st,OFF,OFF,OFF,OFF,OFF,OFF,0.781,-0.781,ON,OFF,650,0,OFF,OFF,OFF,ON,Gasoline,0.996,OFF,OFF,0.684,ON,1.172,14.902,19,0,0.742,0.742,2.324,0.742,0.918,2.031,46.667,0,14.902,41,0,0,OFF,ECT 5th,NA,OFF,97.900,97.900,14.118,0,Not Avl,0,0,0,0,ON,ON,0,0,1
427,0,13.672,Not Avl,Compl,Compl,Unable,OFF,Not Avl,Compl,Compl,Unable,OFF,53.125,40.625,36.875,38.125,19.531,39.551,15.686,31.765,0.781,1.582,ON,0,OFF,ON,ON,1.003,1.000,0.043,0.035,3.371,3.357,0,97,51199.219,13.417,25.490,OFF,OFF,OFF,OFF,OFF,OFF,OFF,Avail,Incmpl,Incmpl,Enable,Avail,292.700,61.600,292.700,61.600,ON,Avail,Compl,Enable,80,0,0,0,0,0,0,6,A,0,0,Avail,Incmpl,Incmpl,Enable,OFF,OFF,158,703.750,51199.219,51199.219,51199.219,51199.219,51199.219,51199.219,1GRFE ,0,Avail,Incmpl,Incmpl,Enable,0,OFF,OFF,OFF,OFF,ON,ON,Avail,Compl,Enable,Compl,CL,CL,Compl,Unable,Not Avl,Compl,Compl,Enable,OFF,0,15,86,ON,81.250,20,0.111,2483,16,21,-3,OFF,1.562,5.469,3.980,OFF,0,0,82,Avail,Compl,Enable,0,GRN2#  ,ON,0,ACTIVE,ACTIVE,0.962,0.942,0.740,0.720,139.090,116.395,Avail,Compl,Avail,Incmpl,Incmpl,Enable,OBD II (California ARB),OFF,OFF,0,0,0,1st,OFF,OFF,OFF,OFF,OFF,OFF,1.562,-0.781,ON,OFF,650,0,OFF,OFF,OFF,ON,Gasoline,0.995,OFF,OFF,0.684,ON,1.172,14.902,19,0,0.742,0.742,2.324,0.742,0.918,2.031,46.667,0,14.902,41,0,0,OFF,ECT 5th,NA,OFF,97.900,97.900,14.118,0,Not Avl,0,0,0,0,ON,ON,0,0,1
428,0,13.672,Not Avl,Compl,Compl,Unable,OFF,Not Avl,Compl,Compl,Unable,OFF,59.375,40.625,36.875,38.125,19.531,39.551,15.686,31.765,0.781,1.582,ON,0,OFF,ON,ON,0.998,0.999,0.027,0.027,3.347,3.347,0,97,51199.219,13.417,25.490,OFF,OFF,OFF,OFF,OFF,OFF,OFF,Avail,Incmpl,Incmpl,Enable,Avail,292.700,61.600,292.700,61.600,ON,Avail,Compl,Enable,80,0,0,0,0,0,0,6,A,0,0,Avail,Incmpl,Incmpl,Enable,OFF,OFF,158,698.250,51199.219,51199.219,51199.219,51199.219,51199.219,51199.219,1GRFE ,0,Avail,Incmpl,Incmpl,Enable,0,OFF,OFF,OFF,OFF,ON,ON,Avail,Compl,Enable,Compl,CL,CL,Compl,Unable,Not Avl,Compl,Compl,Enable,OFF,0,15,101,ON,81.250,20,0.110,2498,16,21,-3,OFF,1.562,5.469,3.960,OFF,0,0,82,Avail,Compl,Enable,0,GRN2#  ,ON,0,ACTIVE,ACTIVE,0.962,0.942,0.740,0.720,138.766,117.043,Avail,Compl,Avail,Incmpl,Incmpl,Enable,OBD II (California ARB),OFF,OFF,0,0,0,1st,OFF,OFF,OFF,OFF,OFF,OFF,1.562,-0.781,ON,OFF,650,0,OFF,OFF,OFF,ON,Gasoline,0.993,OFF,OFF,0.684,ON,1.172,14.902,19,0,0.742,0.742,2.324,0.742,0.918,2.031,46.667,0,14.902,41,0,0,OFF,ECT 5th,NA,OFF,97.900,97.900,14.118,0,Not Avl,0,0,0,0,ON,ON,0,0,1
429,0,13.671,Not Avl,Compl,Compl,Unable,OFF,Not Avl,Compl,Compl,Unable,OFF,61.719,40.625,36.875,38.125,19.531,39.551,15.686,31.765,0.781,1.582,ON,0,OFF,ON,ON,0.998,0.998,0.027,0.027,3.347,3.347,0,97,51199.219,13.437,25.882,OFF,OFF,OFF,OFF,OFF,OFF,OFF,Avail,Incmpl,Incmpl,Enable,Avail,292.700,61.600,292.700,61.600,ON,Avail,Compl,Enable,80,0,0,0,0,0,0,6,A,0,0,Avail,Incmpl,Incmpl,Enable,OFF,OFF,159,702.250,51199.219,51199.219,51199.219,51199.219,51199.219,51199.219,1GRFE ,0,Avail,Incmpl,Incmpl,Enable,0,OFF,OFF,OFF,OFF,ON,ON,Avail,Compl,Enable,Compl,CL,CL,Compl,Unable,Not Avl,Compl,Compl,Enable,OFF,0,15,117,ON,81.250,20,0.110,2487,16,21,-3,OFF,1.562,5.469,3.980,OFF,0,0,82,Avail,Compl,Enable,0,GRN2#  ,ON,0,ACTIVE,ACTIVE,0.962,0.942,0.740,0.720,138.766,116.395,Avail,Compl,Avail,Incmpl,Incmpl,Enable,OBD II (California ARB),OFF,OFF,0,0,0,1st,OFF,OFF,OFF,OFF,OFF,OFF,0.781,-0.781,ON,OFF,650,0,OFF,OFF,OFF,ON,Gasoline,0.993,OFF,OFF,0.684,ON,1.172,14.902,19,0,0.742,0.742,2.324,0.742,0.918,2.031,46.667,0,14.902,41,0,0,OFF,ECT 5th,NA,OFF,97.900,97.900,14.118,0,Not Avl,0,0,0,0,ON,ON,0,0,1
430,0,13.671,Not Avl,Compl,Compl,Unable,OFF,Not Avl,Compl,Compl,Unable,OFF,61.719,40.625,36.875,38.125,19.531,39.551,15.686,31.765,0.781,1.582,ON,0,OFF,ON,ON,0.998,0.997,0.027,0.023,3.347,3.342,0,97,51199.219,13.437,25.490,OFF,OFF,OFF,OFF,OFF,OFF,OFF,Avail,Incmpl,Incmpl,Enable,Avail,293.400,61.700,293.400,61.700,ON,Avail,Compl,Enable,80,0,0,0,0,0,0,6,A,0,0,Avail,Incmpl,Incmpl,Enable,OFF,OFF,159,700.750,51199.219,51199.219,51199.219,51199.219,51199.219,51199.219,1GRFE ,0,Avail,Incmpl,Incmpl,Enable,0,OFF,OFF,OFF,OFF,ON,ON,Avail,Compl,Enable,Compl,CL,CL,Compl,Unable,Not Avl,Compl,Compl,Enable,OFF,0,15,132,ON,81.250,20,0.110,2479,16,21,-3,OFF,1.562,5.469,3.980,OFF,0,0,69,Avail,Compl,Enable,0,GRN2#  ,ON,0,ACTIVE,ACTIVE,0.962,0.942,0.740,0.720,138.441,116.719,Avail,Compl,Avail,Incmpl,Incmpl,Enable,OBD II (California ARB),OFF,OFF,0,0,0,1st,OFF,OFF,OFF,OFF,OFF,OFF,1.562,-0.781,ON,OFF,650,0,OFF,OFF,OFF,ON,Gasoline,0.993,OFF,OFF,0.684,ON,1.172,14.902,19,0,0.742,0.742,2.324,0.742,0.918,2.031,46.667,0,14.902,41,0,0,OFF,ECT 5th,NA,OFF,97.900,97.900,14.118,0,Not Avl,0,0,0,0,ON,ON,0,0,1
431,0,13.669,Not Avl,Compl,Compl,Unable,OFF,Not Avl,Compl,Compl,Unable,OFF,52.344,40.625,36.875,38.125,19.531,39.551,15.686,31.765,0.781,1.582,ON,0,OFF,ON,ON,0.999,0.998,0.031,0.027,3.352,3.347,0,97,51199.219,13.437,25.882,OFF,OFF,OFF,OFF,OFF,OFF,OFF,Avail,Incmpl,Incmpl,Enable,Avail,293.400,61.700,293.400,61.700,ON,Avail,Compl,Enable,80,0,0,0,0,0,0,6,A,0,0,Avail,Incmpl,Incmpl,Enable,OFF,OFF,159,693.750,51199.219,51199.219,51199.219,51199.219,51199.219,51199.219,1GRFE ,0,Avail,Incmpl,Incmpl,Enable,0,OFF,OFF,OFF,OFF,ON,ON,Avail,Compl,Enable,Compl,CL,CL,Compl,Unable,Not Avl,Compl,Compl,Enable,OFF,0,15,145,ON,81.250,20,0.110,2505,16,21,-3,OFF,1.562,5.469,4,OFF,0,0,69,Avail,Compl,Enable,0,GRN2#  ,ON,0,ACTIVE,ACTIVE,0.962,0.942,0.740,0.720,137.793,116.395,Avail,Compl,Avail,Incmpl,Incmpl,Enable,OBD II (California ARB),OFF,OFF,0,0,0,1st,OFF,OFF,OFF,OFF,OFF,OFF,1.562,-0.781,ON,OFF,650,0,OFF,OFF,OFF,ON,Gasoline,0.994,OFF,OFF,0.684,ON,1.172,14.902,19,0,0.742,0.742,2.324,0.742,0.918,2.031,46.667,0,14.902,41,0,0,OFF,ECT 5th,NA,OFF,97.900,97.900,14.510,0,Not Avl,0,0,0,0,ON,ON,0,0,1
432,0,13.655,Not Avl,Compl,Compl,Unable,OFF,Not Avl,Compl,Compl,Unable,OFF,45.312,44.531,36.875,38.125,19.531,39.551,15.686,31.765,0.781,1.582,ON,0,OFF,ON,ON,0.996,0.997,0.023,0.023,3.337,3.337,0,97,51199.219,13.437,25.882,OFF,OFF,OFF,OFF,OFF,OFF,OFF,Avail,Incmpl,Incmpl,Enable,Avail,294.100,61.800,294.100,61.800,ON,Avail,Compl,Enable,80,0,0,0,0,0,0,6,A,0,0,Avail,Incmpl,Incmpl,Enable,OFF,OFF,160,699,51199.219,51199.219,51199.219,51199.219,51199.219,51199.219,1GRFE ,0,Avail,Incmpl,Incmpl,Enable,0,OFF,OFF,OFF,OFF,ON,ON,Avail,Compl,Enable,Compl,CL,CL,Compl,Unable,Not Avl,Compl,Compl,Enable,OFF,0,15,159,ON,81.250,20,0.110,2483,16,21,-3,OFF,1.562,5.469,3.960,OFF,0,0,79,Avail,Compl,Enable,0,GRN2#  ,ON,0,ACTIVE,ACTIVE,0.962,0.942,0.740,0.720,138.441,116.395,Avail,Compl,Avail,Incmpl,Incmpl,Enable,OBD II (California ARB),OFF,OFF,0,0,0,1st,OFF,OFF,OFF,OFF,OFF,OFF,0.781,-0.781,ON,OFF,650,0,OFF,OFF,OFF,ON,Gasoline,0.993,OFF,OFF,0.684,ON,1.172,14.902,19,0,0.742,0.742,2.324,0.742,0.918,2.031,46.667,0,14.902,41,0,0,OFF,ECT 5th,NA,OFF,97.900,97.900,14.118,0,Not Avl,0,0,0,0,ON,ON,0,0,1
433,0,13.671,Not Avl,Compl,Compl,Unable,OFF,Not Avl,Compl,Compl,Unable,OFF,42.188,54.688,36.875,38.125,19.531,39.551,15.686,31.765,0.781,1.582,ON,0,OFF,ON,ON,0.997,0.997,0.023,0.023,3.342,3.337,0,97,51199.219,13.417,25.490,OFF,OFF,OFF,OFF,OFF,OFF,OFF,Avail,Incmpl,Incmpl,Enable,Avail,294.100,61.800,294.100,61.800,ON,Avail,Compl,Enable,80,0,0,0,0,0,0,6,A,0,0,Avail,Incmpl,Incmpl,Enable,OFF,OFF,160,696,51199.219,51199.219,51199.219,51199.219,51199.219,51199.219,1GRFE ,0,Avail,Incmpl,Incmpl,Enable,0,OFF,OFF,OFF,OFF,ON,ON,Avail,Compl,Enable,Compl,CL,CL,Compl,Unable,Not Avl,Compl,Compl,Enable,OFF,0,15,173,ON,81.250,20,0.110,2483,16,21,-3,OFF,1.562,5.469,4.060,OFF,0,0,79,Avail,Compl,Enable,0,GRN2#  ,ON,0,ACTIVE,ACTIVE,0.962,0.942,0.740,0.720,137.793,116.719,Avail,Compl,Avail,Incmpl,Incmpl,Enable,OBD II (California ARB),OFF,OFF,0,0,0,1st,OFF,OFF,OFF,OFF,OFF,OFF,0.781,-0.781,ON,OFF,650,0,OFF,OFF,OFF,ON,Gasoline,0.995,OFF,OFF,0.684,ON,1.172,14.902,19,0,0.742,0.742,2.324,0.742,0.918,2.031,46.667,0,14.902,41,0,0,OFF,ECT 5th,NA,OFF,97.900,97.900,14.510,0,Not Avl,0,0,0,0,ON,ON,0,0,1
434,0,13.671,Not Avl,Compl,Compl,Unable,OFF,Not Avl,Compl,Compl,Unable,OFF,40.625,59.375,36.875,38.125,19.531,39.551,15.686,31.765,0.781,1.582,ON,0,OFF,ON,ON,0.999,0.999,0.031,0.031,3.352,3.352,0,97,51199.219,13.417,25.882,OFF,OFF,OFF,OFF,OFF,OFF,OFF,Avail,Incmpl,Incmpl,Enable,Avail,294.100,61.800,294.100,61.800,ON,Avail,Compl,Enable,80,0,0,0,0,0,0,6,A,0,0,Avail,Incmpl,Incmpl,Enable,OFF,OFF,160,697.500,51199.219,51199.219,51199.219,51199.219,51199.219,51199.219,1GRFE ,0,Avail,Incmpl,Incmpl,Enable,0,OFF,OFF,OFF,OFF,ON,ON,Avail,Compl,Enable,Compl,CL,CL,Compl,Unable,Not Avl,Compl,Compl,Enable,OFF,0,15,187,ON,81.250,20,0.110,2490,16,21,-3,OFF,1.562,5.469,3.920,OFF,0,0,79,Avail,Compl,Enable,0,GRN2#  ,ON,0,ACTIVE,ACTIVE,0.957,0.942,0.740,0.720,137.793,116.395,Avail,Compl,Avail,Incmpl,Incmpl,Enable,OBD II (California ARB),OFF,OFF,0,0,0,1st,OFF,OFF,OFF,OFF,OFF,OFF,0.781,-0.781,ON,OFF,650,0,OFF,OFF,OFF,ON,Gasoline,0.995,OFF,OFF,0.684,ON,1.172,14.902,19,0,0.742,0.742,2.324,0.742,0.918,2.031,46.667,0,14.902,41,0,0,OFF,ECT 5th,NA,OFF,97.900,97.900,14.118,0,Not Avl,0,0,0,0,ON,ON,0,0,1
435,0,13.671,Not Avl,Compl,Compl,Unable,OFF,Not Avl,Compl,Compl,Unable,OFF,40.625,61.719,36.875,38.125,19.531,39.551,15.686,31.765,0.781,1.582,ON,0,OFF,ON,ON,1.002,1.001,0.043,0.039,3.371,3.361,0,97,51199.219,13.417,25.882,OFF,OFF,OFF,OFF,OFF,OFF,OFF,Avail,Incmpl,Incmpl,Enable,Avail,294.800,61.900,294.800,61.900,ON,Avail,Compl,Enable,80,0,0,0,0,0,0,6,A,0,0,Avail,Incmpl,Incmpl,Enable,OFF,OFF,161,696.750,51199.219,51199.219,51199.219,51199.219,51199.219,51199.219,1GRFE ,0,Avail,Incmpl,Incmpl,Enable,0,OFF,OFF,OFF,OFF,ON,ON,Avail,Compl,Enable,Compl,CL,CL,Compl,Unable,Not Avl,Compl,Compl,Enable,OFF,0,15,199,ON,81.250,20,0.110,2490,16,21,-3,OFF,1.562,5.469,3.930,OFF,0,0,82,Avail,Compl,Enable,0,GRN2#  ,ON,0,ACTIVE,ACTIVE,0.962,0.942,0.740,0.720,137.793,116.395,Avail,Compl,Avail,Incmpl,Incmpl,Enable,OBD II (California ARB),OFF,OFF,0,0,0,1st,OFF,OFF,OFF,OFF,OFF,OFF,1.562,-0.781,ON,OFF,650,0,OFF,OFF,OFF,ON,Gasoline,0.995,OFF,OFF,0.684,ON,1.172,14.902,19,0,0.742,0.742,2.324,0.742,0.918,2.031,46.667,0,14.902,41,0,0,OFF,ECT 5th,NA,OFF,97.900,97.900,14.118,0,Not Avl,0,0,0,0,ON,ON,0,0,1
436,0,13.671,Not Avl,Compl,Compl,Unable,OFF,Not Avl,Compl,Compl,Unable,OFF,46.094,52.344,36.875,38.125,19.531,39.551,15.686,31.765,0.781,1.582,ON,0,OFF,ON,ON,1.001,1.001,0.039,0.039,3.366,3.361,0,97,51199.219,13.437,25.882,OFF,OFF,OFF,OFF,OFF,OFF,OFF,Avail,Incmpl,Incmpl,Enable,Avail,294.800,61.900,294.800,61.900,ON,Avail,Compl,Enable,80,0,0,0,0,0,0,6,A,0,0,Avail,Incmpl,Incmpl,Enable,OFF,OFF,161,702.250,51199.219,51199.219,51199.219,51199.219,51199.219,51199.219,1GRFE ,0,Avail,Incmpl,Incmpl,Enable,0,OFF,OFF,OFF,OFF,ON,ON,Avail,Compl,Enable,Compl,CL,CL,Compl,Unable,Not Avl,Compl,Compl,Enable,OFF,0,15,214,ON,81.250,20,0.110,2494,16,21,-3,OFF,1.562,5.469,4.040,OFF,0,0,82,Avail,Compl,Enable,0,GRN2#  ,ON,0,ACTIVE,ACTIVE,0.962,0.942,0.740,0.720,137.793,116.395,Avail,Compl,Avail,Incmpl,Incmpl,Enable,OBD II (California ARB),OFF,OFF,0,0,0,1st,OFF,OFF,OFF,OFF,OFF,OFF,1.562,-0.781,ON,OFF,650,0,OFF,OFF,OFF,ON,Gasoline,0.994,OFF,OFF,0.684,ON,1.172,14.902,19,0,0.742,0.742,2.324,0.742,0.918,2.031,46.667,0,14.902,41,0,0,OFF,ECT 5th,NA,OFF,97.900,97.900,14.510,0,Not Avl,0,0,0,0,ON,ON,0,0,1
437,0,13.671,Not Avl,Compl,Compl,Unable,OFF,Not Avl,Compl,Compl,Unable,OFF,42.188,45.312,36.875,38.125,19.531,39.551,15.686,31.765,0.781,1.582,ON,0,OFF,ON,ON,0.999,1.000,0.031,0.035,3.352,3.357,0,97,51199.219,13.437,25.882,OFF,OFF,OFF,OFF,OFF,OFF,OFF,Avail,Incmpl,Incmpl,Enable,Avail,294.800,61.900,294.800,61.900,ON,Avail,Compl,Enable,80,0,0,0,0,0,0,6,A,0,0,Avail,Incmpl,Incmpl,Enable,OFF,OFF,162,695.250,51199.219,51199.219,51199.219,51199.219,51199.219,51199.219,1GRFE ,0,Avail,Incmpl,Incmpl,Enable,0,OFF,OFF,OFF,OFF,ON,ON,Avail,Compl,Enable,Compl,CL,CL,Compl,Unable,Not Avl,Compl,Compl,Enable,OFF,0,15,227,ON,81.250,20,0.111,2512,16,21,-3,OFF,1.562,5.469,3.960,OFF,0,0,82,Avail,Compl,Enable,0,GRN2#  ,ON,0,ACTIVE,ACTIVE,0.962,0.942,0.740,0.720,137.469,115.746,Avail,Compl,Avail,Incmpl,Incmpl,Enable,OBD II (California ARB),OFF,OFF,0,0,0,1st,OFF,OFF,OFF,OFF,OFF,OFF,1.562,-0.781,ON,OFF,650,0,OFF,OFF,OFF,ON,Gasoline,0.993,OFF,OFF,0.684,ON,1.172,14.902,19,0,0.742,0.742,2.324,0.742,0.918,2.031,46.667,0,14.902,41,0,0,OFF,ECT 5th,NA,OFF,97.900,97.900,14.118,0,Not Avl,0,0,0,0,ON,ON,0,0,1
438,0,13.671,Not Avl,Compl,Compl,Unable,OFF,Not Avl,Compl,Compl,Unable,OFF,54.688,42.188,36.875,38.125,19.531,39.551,15.686,31.765,0.781,1.582,ON,0,OFF,ON,ON,0.998,1.000,0.027,0.035,3.347,3.357,0,97,51199.219,13.437,25.882,OFF,OFF,OFF,OFF,OFF,OFF,OFF,Avail,Incmpl,Incmpl,Enable,Avail,295.500,62.100,295.500,62.100,ON,Avail,Compl,Enable,80,0,0,0,0,0,0,6,A,0,0,Avail,Incmpl,Incmpl,Enable,OFF,OFF,162,701.500,51199.219,51199.219,51199.219,51199.219,51199.219,51199.219,1GRFE ,0,Avail,Incmpl,Incmpl,Enable,0,OFF,OFF,OFF,OFF,ON,ON,Avail,Compl,Enable,Compl,CL,CL,Compl,Unable,Not Avl,Compl,Compl,Enable,OFF,0,15,241,ON,81.250,20,0.111,2498,16,21,-3,OFF,1.562,5.469,3.960,OFF,0,0,79,Avail,Compl,Enable,0,GRN2#  ,ON,0,ACTIVE,ACTIVE,0.962,0.942,0.740,0.720,137.469,116.395,Avail,Compl,Avail,Incmpl,Incmpl,Enable,OBD II (California ARB),OFF,OFF,0,0,0,1st,OFF,OFF,OFF,OFF,OFF,OFF,1.562,-0.781,ON,OFF,650,0,OFF,OFF,OFF,ON,Gasoline,0.992,OFF,OFF,0.684,ON,1.172,14.902,19,0,0.742,0.742,2.324,0.742,0.918,2.031,46.667,0,14.902,42,0,0,OFF,ECT 5th,NA,OFF,97.900,97.900,14.118,0,Not Avl,0,0,0,0,ON,ON,0,0,1
439,0,13.657,Not Avl,Compl,Compl,Unable,OFF,Not Avl,Compl,Compl,Unable,OFF,60.156,41.406,36.875,38.125,19.531,39.551,15.686,31.765,0.781,1.582,ON,0,OFF,ON,ON,0.998,0.998,0.031,0.023,3.352,3.342,0,97,51199.219,13.417,25.882,OFF,OFF,OFF,OFF,OFF,OFF,OFF,Avail,Incmpl,Incmpl,Enable,Avail,295.500,62.100,295.500,62.100,ON,Avail,Compl,Enable,80,0,0,0,0,0,0,6,A,0,0,Avail,Incmpl,Incmpl,Enable,OFF,OFF,162,696.750,51199.219,51199.219,51199.219,51199.219,51199.219,51199.219,1GRFE ,0,Avail,Incmpl,Incmpl,Enable,0,OFF,OFF,OFF,OFF,ON,ON,Avail,Compl,Enable,Compl,CL,CL,Compl,Unable,Not Avl,Compl,Compl,Enable,OFF,0,15,258,ON,81.250,20,0.111,2501,16,21,-3,OFF,1.562,5.469,3.960,OFF,0,0,79,Avail,Compl,Enable,0,GRN2#  ,ON,0,ACTIVE,ACTIVE,0.962,0.942,0.740,0.720,137.145,115.098,Avail,Compl,Avail,Incmpl,Incmpl,Enable,OBD II (California ARB),OFF,OFF,0,0,0,1st,OFF,OFF,OFF,OFF,OFF,OFF,1.562,-0.781,ON,OFF,650,0,OFF,OFF,OFF,ON,Gasoline,0.992,OFF,OFF,0.684,ON,1.172,14.902,19,0,0.742,0.742,2.324,0.742,0.918,2.031,46.667,0,14.902,42,0,0,OFF,ECT 5th,NA,OFF,97.900,97.900,14.118,0,Not Avl,0,0,0,0,ON,ON,0,0,1
440,0,13.669,Not Avl,Compl,Compl,Unable,OFF,Not Avl,Compl,Compl,Unable,OFF,61.719,40.625,36.875,38.125,19.531,39.551,15.686,31.765,0.781,1.582,ON,0,OFF,ON,ON,0.998,0.997,0.027,0.023,3.347,3.342,0,97,51199.219,13.417,25.882,OFF,OFF,OFF,OFF,OFF,OFF,OFF,Avail,Incmpl,Incmpl,Enable,Avail,296.200,62.200,296.200,62.200,ON,Avail,Compl,Enable,80,0,0,0,0,0,0,6,A,0,0,Avail,Incmpl,Incmpl,Enable,OFF,OFF,163,693.750,51199.219,51199.219,51199.219,51199.219,51199.219,51199.219,1GRFE ,0,Avail,Incmpl,Incmpl,Enable,0,OFF,OFF,OFF,OFF,ON,ON,Avail,Compl,Enable,Compl,CL,CL,Compl,Unable,Not Avl,Compl,Compl,Enable,OFF,0,15,274,ON,81.250,20,0.111,2508,16,21,-3,OFF,1.562,5.469,3.960,OFF,0,0,79,Avail,Compl,Enable,0,GRN2#  ,ON,0,ACTIVE,ACTIVE,0.962,0.942,0.740,0.720,136.496,115.746,Avail,Compl,Avail,Incmpl,Incmpl,Enable,OBD II (California ARB),OFF,OFF,0,0,0,1st,OFF,OFF,OFF,OFF,OFF,OFF,1.562,-0.781,ON,OFF,650,0,OFF,OFF,OFF,ON,Gasoline,0.992,OFF,OFF,0.684,ON,1.172,14.902,19,0,0.742,0.742,2.324,0.742,0.918,2.031,46.667,0,14.902,42,0,0,OFF,ECT 5th,NA,OFF,97.900,97.900,14.118,0,Not Avl,0,0,0,0,ON,ON,0,0,1
441,0,13.671,Not Avl,Compl,Compl,Unable,OFF,Not Avl,Compl,Compl,Unable,OFF,56.250,40.625,36.875,38.125,19.531,39.551,15.686,31.765,0.781,1.582,ON,0,OFF,ON,ON,0.999,0.999,0.031,0.031,3.352,3.352,0,97,51199.219,13.417,25.882,OFF,OFF,OFF,OFF,OFF,OFF,OFF,Avail,Incmpl,Incmpl,Enable,Avail,296.200,62.200,296.200,62.200,ON,Avail,Compl,Enable,80,0,0,0,0,0,0,6,A,0,0,Avail,Incmpl,Incmpl,Enable,OFF,OFF,163,698.250,51199.219,51199.219,51199.219,51199.219,51199.219,51199.219,1GRFE ,0,Avail,Incmpl,Incmpl,Enable,0,OFF,OFF,OFF,OFF,ON,ON,Avail,Compl,Enable,Compl,CL,CL,Compl,Unable,Not Avl,Compl,Compl,Enable,OFF,0,15,289,ON,81.250,20,0.111,2523,16,21,-3,OFF,1.562,5.469,3.960,OFF,0,0,79,Avail,Compl,Enable,0,GRN2#  ,ON,0,ACTIVE,ACTIVE,0.962,0.942,0.740,0.720,136.820,115.746,Avail,Compl,Avail,Incmpl,Incmpl,Enable,OBD II (California ARB),OFF,OFF,0,0,0,1st,OFF,OFF,OFF,OFF,OFF,OFF,1.562,-0.781,ON,OFF,650,0,OFF,OFF,OFF,ON,Gasoline,0.993,OFF,OFF,0.684,ON,1.172,14.902,19,0,0.742,0.742,2.324,0.742,0.918,2.031,46.667,0,14.902,42,0,0,OFF,ECT 5th,NA,OFF,97.900,97.900,14.118,0,Not Avl,0,0,0,0,ON,ON,0,0,1
442,0,13.671,Not Avl,Compl,Compl,Unable,OFF,Not Avl,Compl,Compl,Unable,OFF,46.875,40.625,36.875,38.125,19.531,39.551,15.686,31.765,0.781,1.582,ON,0,OFF,ON,ON,0.997,0.998,0.027,0.027,3.347,3.347,0,97,51199.219,13.437,25.882,OFF,OFF,OFF,OFF,OFF,OFF,OFF,Avail,Incmpl,Incmpl,Enable,Avail,296.800,62.300,296.800,62.300,ON,Avail,Compl,Enable,80,0,0,0,0,0,0,6,A,0,0,Avail,Incmpl,Incmpl,Enable,OFF,OFF,164,705.250,51199.219,51199.219,51199.219,51199.219,51199.219,51199.219,1GRFE ,0,Avail,Incmpl,Incmpl,Enable,0,OFF,OFF,OFF,OFF,ON,ON,Avail,Compl,Enable,Compl,CL,CL,Compl,Unable,Not Avl,Compl,Compl,Enable,OFF,0,15,304,ON,81.250,20,0.111,2490,16,21,-3,OFF,1.562,5.469,3.980,OFF,0,0,78,Avail,Compl,Enable,0,GRN2#  ,ON,0,ACTIVE,ACTIVE,0.962,0.942,0.740,0.720,136.820,114.773,Avail,Compl,Avail,Incmpl,Incmpl,Enable,OBD II (California ARB),OFF,OFF,0,0,0,1st,OFF,OFF,OFF,OFF,OFF,OFF,1.562,-0.781,ON,OFF,650,0,OFF,OFF,OFF,ON,Gasoline,0.992,OFF,OFF,0.684,ON,1.172,14.902,19,0,0.742,0.742,2.324,0.742,0.918,2.031,46.667,0,14.902,42,0,0,OFF,ECT 5th,NA,OFF,97.900,97.900,14.118,0,Not Avl,0,0,0,0,ON,ON,0,0,1
443,0,13.672,Not Avl,Compl,Compl,Unable,OFF,Not Avl,Compl,Compl,Unable,OFF,42.969,50,36.875,38.125,19.531,39.551,15.686,31.765,0.781,1.582,ON,0,OFF,ON,ON,0.998,0.997,0.031,0.023,3.352,3.337,0,97,51199.219,13.417,25.490,OFF,OFF,OFF,OFF,OFF,OFF,OFF,Avail,Incmpl,Incmpl,Enable,Avail,296.800,62.300,296.800,62.300,ON,Avail,Compl,Enable,80,0,0,0,0,0,0,6,A,0,0,Avail,Incmpl,Incmpl,Enable,OFF,OFF,164,702.250,51199.219,51199.219,51199.219,51199.219,51199.219,51199.219,1GRFE ,0,Avail,Incmpl,Incmpl,Enable,0,OFF,OFF,OFF,OFF,ON,ON,Avail,Compl,Enable,Compl,CL,CL,Compl,Unable,Not Avl,Compl,Compl,Enable,OFF,0,15,319,ON,81.250,20,0.111,2476,16,21,-3,OFF,1.562,5.469,3.960,OFF,0,0,78,Avail,Compl,Enable,0,GRN2#  ,ON,0,ACTIVE,ACTIVE,0.962,0.942,0.740,0.720,137.145,115.422,Avail,Compl,Avail,Incmpl,Incmpl,Enable,OBD II (California ARB),OFF,OFF,0,0,0,1st,OFF,OFF,OFF,OFF,OFF,OFF,1.562,-0.781,ON,OFF,650,0,OFF,OFF,OFF,ON,Gasoline,0.994,OFF,OFF,0.684,ON,1.172,14.902,19,0,0.742,0.742,2.324,0.742,0.918,2.031,46.667,0,14.902,42,0,0,OFF,ECT 5th,NA,OFF,97.900,97.900,14.118,0,Not Avl,0,0,0,0,ON,ON,0,0,1
444,0,13.667,Not Avl,Compl,Compl,Unable,OFF,Not Avl,Compl,Compl,Unable,OFF,40.625,58.594,36.875,38.125,19.531,39.551,15.686,31.765,0.781,1.582,ON,0,OFF,ON,ON,0.996,0.999,0.023,0.031,3.337,3.352,0,97,51199.219,13.437,25.882,OFF,OFF,OFF,OFF,OFF,OFF,OFF,Avail,Incmpl,Incmpl,Enable,Avail,296.800,62.300,296.800,62.300,ON,Avail,Compl,Enable,80,0,0,0,0,0,0,6,A,0,0,Avail,Incmpl,Incmpl,Enable,OFF,OFF,165,696,51199.219,51199.219,51199.219,51199.219,51199.219,51199.219,1GRFE ,0,Avail,Incmpl,Incmpl,Enable,0,OFF,OFF,OFF,OFF,ON,ON,Avail,Compl,Enable,Compl,CL,CL,Compl,Unable,Not Avl,Compl,Compl,Enable,OFF,0,15,335,ON,81.250,20,0.111,2483,16,21,-3,OFF,1.562,5.469,3.960,OFF,0,0,78,Avail,Compl,Enable,0,GRN2#  ,ON,0,ACTIVE,ACTIVE,0.962,0.942,0.740,0.720,136.820,115.422,Avail,Compl,Avail,Incmpl,Incmpl,Enable,OBD II (California ARB),OFF,OFF,0,0,0,1st,OFF,OFF,OFF,OFF,OFF,OFF,0.781,-0.781,ON,OFF,650,0,OFF,OFF,OFF,ON,Gasoline,0.994,OFF,OFF,0.684,ON,1.172,14.902,19,0,0.742,0.742,2.324,0.742,0.918,2.031,46.667,0,14.902,42,0,0,OFF,ECT 5th,NA,OFF,97.900,97.900,14.118,0,Not Avl,0,0,0,0,ON,ON,0,0,1
445,0,13.661,Not Avl,Compl,Compl,Unable,OFF,Not Avl,Compl,Compl,Unable,OFF,40.625,60.938,36.875,38.125,19.531,39.551,15.686,31.765,0.781,1.582,ON,0,OFF,ON,ON,0.997,0.999,0.023,0.031,3.342,3.352,0,97,51199.219,13.417,25.882,OFF,OFF,OFF,OFF,OFF,OFF,OFF,Avail,Incmpl,Incmpl,Enable,Avail,297.500,62.400,297.500,62.400,ON,Avail,Compl,Enable,80,0,0,0,0,0,0,6,A,0,0,Avail,Incmpl,Incmpl,Enable,OFF,OFF,165,689,51199.219,51199.219,51199.219,51199.219,51199.219,51199.219,1GRFE ,0,Avail,Incmpl,Incmpl,Enable,0,OFF,OFF,OFF,OFF,ON,ON,Avail,Compl,Enable,Compl,CL,CL,Compl,Unable,Not Avl,Compl,Compl,Enable,OFF,0,15,351,ON,81.250,20,0.111,2523,16,21,-3,OFF,1.562,5.469,3.960,OFF,0,0,82,Avail,Compl,Enable,0,GRN2#  ,ON,0,ACTIVE,ACTIVE,0.957,0.938,0.740,0.720,136.496,115.422,Avail,Compl,Avail,Incmpl,Incmpl,Enable,OBD II (California ARB),OFF,OFF,0,0,0,1st,OFF,OFF,OFF,OFF,OFF,OFF,0.781,-0.781,ON,OFF,650,0,OFF,OFF,OFF,ON,Gasoline,0.995,OFF,OFF,0.684,ON,1.172,14.902,19,0,0.742,0.742,2.324,0.742,0.918,2.031,46.667,0,14.902,42,0,0,OFF,ECT 5th,NA,OFF,97.900,97.900,14.510,0,Not Avl,0,0,0,0,ON,ON,0,0,1
446,0,13.671,Not Avl,Compl,Compl,Unable,OFF,Not Avl,Compl,Compl,Unable,OFF,40.625,56.250,36.875,38.125,19.531,39.551,15.686,31.765,0.781,1.582,ON,0,OFF,ON,ON,1.001,0.997,0.039,0.023,3.361,3.337,0,97,51199.219,13.437,25.882,OFF,OFF,OFF,OFF,OFF,OFF,OFF,Avail,Incmpl,Incmpl,Enable,Avail,297.500,62.400,297.500,62.400,ON,Avail,Compl,Enable,80,0,0,0,0,0,0,6,A,0,0,Avail,Incmpl,Incmpl,Enable,OFF,OFF,166,698.250,51199.219,51199.219,51199.219,51199.219,51199.219,51199.219,1GRFE ,0,Avail,Incmpl,Incmpl,Enable,0,OFF,OFF,OFF,OFF,ON,ON,Avail,Compl,Enable,Compl,CL,CL,Compl,Unable,Not Avl,Compl,Compl,Enable,OFF,0,15,373,ON,81.250,20,0.111,2519,16,21,-3,OFF,1.562,5.469,4.010,OFF,0,0,82,Avail,Compl,Enable,0,GRN2#  ,ON,0,ACTIVE,ACTIVE,0.962,0.942,0.740,0.720,136.820,115.422,Avail,Compl,Avail,Incmpl,Incmpl,Enable,OBD II (California ARB),OFF,OFF,0,0,0,1st,OFF,OFF,OFF,OFF,OFF,OFF,0.781,-0.781,ON,OFF,650,0,OFF,OFF,OFF,ON,Gasoline,0.995,OFF,OFF,0.684,ON,1.172,14.902,19,0,0.742,0.742,2.324,0.742,0.918,2.031,46.667,0,14.902,42,0,0,OFF,ECT 5th,NA,OFF,97.900,97.900,14.510,0,Not Avl,0,0,0,0,ON,ON,0,0,1
447,0,13.672,Not Avl,Compl,Compl,Unable,OFF,Not Avl,Compl,Compl,Unable,OFF,53.125,47.656,36.875,38.125,19.531,39.551,15.686,31.765,0.781,1.582,ON,0,OFF,ON,ON,0.994,0.996,0.016,0.023,3.327,3.337,0,97,51199.219,13.437,25.882,OFF,OFF,OFF,OFF,OFF,OFF,OFF,Avail,Incmpl,Incmpl,Enable,Avail,298.200,62.500,298.200,62.500,ON,Avail,Compl,Enable,80,0,0,0,0,0,0,6,A,0,0,Avail,Incmpl,Incmpl,Enable,OFF,OFF,166,705.250,51199.219,51199.219,51199.219,51199.219,51199.219,51199.219,1GRFE ,0,Avail,Incmpl,Incmpl,Enable,0,OFF,OFF,OFF,OFF,ON,ON,Avail,Compl,Enable,Compl,CL,CL,Compl,Unable,Not Avl,Compl,Compl,Enable,OFF,0,15,390,ON,81.250,20,0.111,2505,16,21,-3,OFF,1.562,5.469,3.960,OFF,0,0,72,Avail,Compl,Enable,0,GRN2#  ,ON,0,ACTIVE,ACTIVE,0.962,0.942,0.720,0.720,136.172,115.422,Avail,Compl,Avail,Incmpl,Incmpl,Enable,OBD II (California ARB),OFF,OFF,0,0,0,1st,OFF,OFF,OFF,OFF,OFF,OFF,0.781,-0.781,ON,OFF,650,0,OFF,OFF,OFF,ON,Gasoline,0.995,OFF,OFF,0.684,ON,1.172,14.902,19,0,0.742,0.742,2.324,0.742,0.918,2.031,46.667,0,14.902,42,0,0,OFF,ECT 5th,NA,OFF,97.900,97.900,14.118,0,Not Avl,0,0,0,0,ON,ON,0,0,1
448,0,13.672,Not Avl,Compl,Compl,Unable,OFF,Not Avl,Compl,Compl,Unable,OFF,57.031,43.750,36.875,38.125,19.531,39.551,15.686,31.765,0.781,1.582,ON,0,OFF,ON,ON,0.993,0.995,0.012,0.020,3.322,3.332,0,97,51199.219,13.417,25.882,OFF,OFF,OFF,OFF,OFF,OFF,OFF,Avail,Incmpl,Incmpl,Enable,Avail,298.200,62.500,298.200,62.500,ON,Avail,Compl,Enable,80,0,0,0,0,0,0,6,A,0,0,Avail,Incmpl,Incmpl,Enable,OFF,OFF,167,701.500,51199.219,51199.219,51199.219,51199.219,51199.219,51199.219,1GRFE ,0,Avail,Incmpl,Incmpl,Enable,0,OFF,OFF,OFF,OFF,ON,ON,Avail,Compl,Enable,Compl,CL,CL,Compl,Unable,Not Avl,Compl,Compl,Enable,OFF,0,15,402,ON,81.250,20,0.111,2490,16,21,-3,OFF,1.562,5.469,4.010,OFF,0,0,72,Avail,Compl,Enable,0,GRN2#  ,ON,0,ACTIVE,ACTIVE,0.962,0.942,0.720,0.720,136.172,114.773,Avail,Compl,Avail,Incmpl,Incmpl,Enable,OBD II (California ARB),OFF,OFF,0,0,0,1st,OFF,OFF,OFF,OFF,OFF,OFF,0.781,-1.562,ON,OFF,650,0,OFF,OFF,OFF,ON,Gasoline,0.997,OFF,OFF,0.684,ON,1.172,14.902,19,0,0.742,0.742,2.324,0.742,0.918,2.031,46.667,0,14.902,42,0,0,OFF,ECT 5th,NA,OFF,97.900,97.900,14.118,0,Not Avl,0,0,0,0,ON,ON,0,0,1
449,0,13.671,Not Avl,Compl,Compl,Unable,OFF,Not Avl,Compl,Compl,Unable,OFF,60.938,40.625,36.875,38.125,19.531,39.551,15.686,31.765,0.781,1.582,ON,0,OFF,ON,ON,0.998,0.998,0.027,0.027,3.347,3.347,0,97,51199.219,13.437,25.882,OFF,OFF,OFF,OFF,OFF,OFF,OFF,Avail,Incmpl,Incmpl,Enable,Avail,298.800,62.600,298.800,62.600,ON,Avail,Compl,Enable,80,0,0,0,0,0,0,6,A,0,0,Avail,Incmpl,Incmpl,Enable,OFF,OFF,167,695.250,51199.219,51199.219,51199.219,51199.219,51199.219,51199.219,1GRFE ,0,Avail,Incmpl,Incmpl,Enable,0,OFF,OFF,OFF,OFF,ON,ON,Avail,Compl,Enable,Compl,CL,CL,Compl,Unable,Not Avl,Compl,Compl,Enable,OFF,0,15,419,ON,81.250,20,0.111,2498,16,21,-3,OFF,1.562,5.469,3.960,OFF,0,0,80,Avail,Compl,Enable,0,GRN2#  ,ON,0,ACTIVE,ACTIVE,0.962,0.942,0.740,0.720,135.848,114.773,Avail,Compl,Avail,Incmpl,Incmpl,Enable,OBD II (California ARB),OFF,OFF,0,0,0,1st,OFF,OFF,OFF,OFF,OFF,OFF,0.781,-0.781,ON,OFF,650,0,OFF,OFF,OFF,ON,Gasoline,0.999,OFF,OFF,0.684,ON,1.172,14.902,19,0,0.742,0.742,2.324,0.742,0.918,2.031,46.667,0,14.902,42,0,0,OFF,ECT 5th,NA,OFF,97.900,97.900,14.118,0,Not Avl,0,0,0,0,ON,ON,0,0,1
450,0,13.671,Not Avl,Compl,Compl,Unable,OFF,Not Avl,Compl,Compl,Unable,OFF,61.719,40.625,36.875,38.125,19.531,39.551,15.686,31.765,0.781,1.582,ON,0,OFF,ON,ON,0.997,0.999,0.027,0.031,3.347,3.352,0,97,51199.219,13.417,25.882,OFF,OFF,OFF,OFF,OFF,OFF,OFF,Avail,Incmpl,Incmpl,Enable,Avail,298.800,62.600,298.800,62.600,ON,Avail,Compl,Enable,80,0,0,0,0,0,0,6,A,0,0,Avail,Incmpl,Incmpl,Enable,OFF,OFF,167,695.250,51199.219,51199.219,51199.219,51199.219,51199.219,51199.219,1GRFE ,0,Avail,Incmpl,Incmpl,Enable,0,OFF,OFF,OFF,OFF,ON,ON,Avail,Compl,Enable,Compl,CL,CL,Compl,Unable,Not Avl,Compl,Compl,Enable,OFF,0,15,432,ON,81.250,20,0.111,2505,16,21,-3,OFF,1.562,5.469,3.960,OFF,0,0,80,Avail,Compl,Enable,0,GRN2#  ,ON,0,ACTIVE,ACTIVE,0.962,0.942,0.720,0.720,135.848,114.773,Avail,Compl,Avail,Incmpl,Incmpl,Enable,OBD II (California ARB),OFF,OFF,0,0,0,1st,OFF,OFF,OFF,OFF,OFF,OFF,0.781,-0.781,ON,OFF,650,0,OFF,OFF,OFF,ON,Gasoline,0.999,OFF,OFF,0.684,ON,1.172,14.902,19,0,0.742,0.742,2.324,0.742,0.918,2.031,46.667,0,14.902,42,0,0,OFF,ECT 5th,NA,OFF,97.900,97.900,14.118,0,Not Avl,0,0,0,0,ON,ON,0,0,1
451,0,13.672,Not Avl,Compl,Compl,Unable,OFF,Not Avl,Compl,Compl,Unable,OFF,61.719,40.625,36.875,38.125,19.531,39.551,15.686,31.765,0.781,1.582,ON,0,OFF,ON,ON,0.998,0.999,0.027,0.031,3.347,3.352,0,97,51199.219,13.437,25.882,OFF,OFF,OFF,OFF,OFF,OFF,OFF,Avail,Incmpl,Incmpl,Enable,Avail,298.800,62.600,298.800,62.600,ON,Avail,Compl,Enable,80,0,0,0,0,0,0,6,A,0,0,Avail,Incmpl,Incmpl,Enable,OFF,OFF,168,693.750,51199.219,51199.219,51199.219,51199.219,51199.219,51199.219,1GRFE ,0,Avail,Incmpl,Incmpl,Enable,0,OFF,OFF,OFF,OFF,ON,ON,Avail,Compl,Enable,Compl,CL,CL,Compl,Unable,Not Avl,Compl,Compl,Enable,OFF,0,15,444,ON,81.250,20,0.111,2501,16,21,-3,OFF,1.562,5.469,3.960,OFF,0,0,80,Avail,Compl,Enable,0,GRN2#  ,ON,0,ACTIVE,ACTIVE,0.962,0.942,0.720,0.720,135.848,114.449,Avail,Compl,Avail,Incmpl,Incmpl,Enable,OBD II (California ARB),OFF,OFF,0,0,0,1st,OFF,OFF,OFF,OFF,OFF,OFF,0.781,-0.781,ON,OFF,650,0,OFF,OFF,OFF,ON,Gasoline,1.000,OFF,OFF,0.684,ON,1.172,14.902,19,0,0.742,0.742,2.324,0.742,0.918,2.031,46.667,0,14.902,42,0,0,OFF,ECT 5th,NA,OFF,97.900,97.900,14.118,0,Not Avl,0,0,0,0,ON,ON,0,0,1
452,0,13.672,Not Avl,Compl,Compl,Unable,OFF,Not Avl,Compl,Compl,Unable,OFF,53.125,40.625,36.875,38.125,19.531,39.551,15.686,31.765,0.781,1.582,ON,0,OFF,ON,ON,0.999,0.997,0.035,0.023,3.357,3.337,0,97,51199.219,13.417,25.882,OFF,OFF,OFF,OFF,OFF,OFF,OFF,Avail,Incmpl,Incmpl,Enable,Avail,299.500,62.800,299.500,62.800,ON,Avail,Compl,Enable,80,0,0,0,0,0,0,6,A,0,0,Avail,Incmpl,Incmpl,Enable,OFF,OFF,168,696.750,51199.219,51199.219,51199.219,51199.219,51199.219,51199.219,1GRFE ,0,Avail,Incmpl,Incmpl,Enable,0,OFF,OFF,OFF,OFF,ON,ON,Avail,Compl,Enable,Compl,CL,CL,Compl,Unable,Not Avl,Compl,Compl,Enable,OFF,0,15,457,ON,81.250,20,0.111,2487,16,21,-3,OFF,1.562,5.469,3.980,OFF,0,0,80,Avail,Compl,Enable,0,GRN2#  ,ON,0,ACTIVE,ACTIVE,0.962,0.942,0.700,0.720,136.172,114.773,Avail,Compl,Avail,Incmpl,Incmpl,Enable,OBD II (California ARB),OFF,OFF,0,0,0,1st,OFF,OFF,OFF,OFF,OFF,OFF,0.781,-0.781,ON,OFF,650,0,OFF,OFF,OFF,ON,Gasoline,1.000,OFF,OFF,0.684,ON,1.172,14.902,19,0,0.742,0.742,2.324,0.742,0.918,2.031,46.667,0,14.902,42,0,0,OFF,ECT 5th,NA,OFF,97.900,97.900,14.118,0,Not Avl,0,0,0,0,ON,ON,0,0,1
453,0,13.672,Not Avl,Compl,Compl,Unable,OFF,Not Avl,Compl,Compl,Unable,OFF,48.438,40.625,36.875,38.125,19.531,39.551,15.686,31.765,0.781,1.582,ON,0,OFF,ON,ON,1.003,0.997,0.047,0.023,3.376,3.337,0,97,51199.219,13.437,25.490,OFF,OFF,OFF,OFF,OFF,OFF,OFF,Avail,Incmpl,Incmpl,Enable,Avail,299.500,62.800,299.500,62.800,ON,Avail,Compl,Enable,80,0,0,0,0,0,0,6,A,0,0,Avail,Incmpl,Incmpl,Enable,OFF,OFF,168,701.500,51199.219,51199.219,51199.219,51199.219,51199.219,51199.219,1GRFE ,0,Avail,Incmpl,Incmpl,Enable,0,OFF,OFF,OFF,OFF,ON,ON,Avail,Compl,Enable,Compl,CL,CL,Compl,Unable,Not Avl,Compl,Compl,Enable,OFF,0,15,469,ON,81.250,20,0.111,2479,16,21,-3,OFF,1.562,5.469,3.960,OFF,0,0,80,Avail,Compl,Enable,0,GRN2#  ,ON,0,ACTIVE,ACTIVE,0.962,0.942,0.700,0.720,135.523,114.449,Avail,Compl,Avail,Incmpl,Incmpl,Enable,OBD II (California ARB),OFF,OFF,0,0,0,1st,OFF,OFF,OFF,OFF,OFF,OFF,0.781,-1.562,ON,OFF,650,0,OFF,OFF,OFF,ON,Gasoline,0.999,OFF,OFF,0.684,ON,1.172,14.902,19,0,0.742,0.742,2.324,0.742,0.918,2.031,46.667,0,14.902,42,0,0,OFF,ECT 5th,NA,OFF,97.900,97.900,14.118,0,Not Avl,0,0,0,0,ON,ON,0,0,1
454,0,13.672,Not Avl,Compl,Compl,Unable,OFF,Not Avl,Compl,Compl,Unable,OFF,43.750,40.625,36.875,38.125,19.531,39.551,15.686,31.765,0.781,1.582,ON,0,OFF,ON,ON,1.005,1.001,0.051,0.039,3.386,3.366,0,97,51199.219,13.437,25.882,OFF,OFF,OFF,OFF,OFF,OFF,OFF,Avail,Incmpl,Incmpl,Enable,Avail,299.500,62.800,299.500,62.800,ON,Avail,Compl,Enable,80,0,0,0,0,0,0,6,A,0,0,Avail,Incmpl,Incmpl,Enable,OFF,OFF,169,693.750,51199.219,51199.219,51199.219,51199.219,51199.219,51199.219,1GRFE ,0,Avail,Incmpl,Incmpl,Enable,0,OFF,OFF,OFF,OFF,ON,ON,Avail,Compl,Enable,Compl,CL,CL,Compl,Unable,Not Avl,Compl,Compl,Enable,OFF,0,15,482,ON,81.250,20,0.111,2509,16,21,-3,OFF,1.562,5.469,4.010,OFF,0,0,80,Avail,Compl,Enable,0,GRN2#  ,ON,0,ACTIVE,ACTIVE,0.962,0.942,0.680,0.720,135.523,114.449,Avail,Compl,Avail,Incmpl,Incmpl,Enable,OBD II (California ARB),OFF,OFF,0,0,0,1st,OFF,OFF,OFF,OFF,OFF,OFF,0.781,-0.781,ON,OFF,650,0,OFF,OFF,OFF,ON,Gasoline,0.996,OFF,OFF,0.684,ON,1.172,14.902,19,0,0.742,0.742,2.324,0.742,0.918,2.031,46.667,0,14.902,42,0,0,OFF,ECT 5th,NA,OFF,97.900,97.900,14.510,0,Not Avl,0,0,0,0,ON,ON,0,0,1
455,0,13.654,Not Avl,Compl,Compl,Unable,OFF,Not Avl,Compl,Compl,Unable,OFF,41.406,40.625,36.875,38.125,19.531,39.551,15.686,31.765,0.781,1.582,ON,0,OFF,ON,ON,1.005,1.004,0.043,0.051,3.371,3.381,0,97,51199.219,13.437,25.882,OFF,OFF,OFF,OFF,OFF,OFF,OFF,Avail,Incmpl,Incmpl,Enable,Avail,300.100,62.900,300.100,62.900,ON,Avail,Compl,Enable,80,0,0,0,0,0,0,6,A,0,0,Avail,Incmpl,Incmpl,Enable,OFF,OFF,169,690.500,51199.219,51199.219,51199.219,51199.219,51199.219,51199.219,1GRFE ,0,Avail,Incmpl,Incmpl,Enable,0,OFF,OFF,OFF,OFF,ON,ON,Avail,Compl,Enable,Compl,CL,CL,Compl,Unable,Not Avl,Compl,Compl,Enable,OFF,0,15,495,ON,81.250,20,0.111,2519,16,21,-3,OFF,1.562,5.469,3.980,OFF,0,0,85,Avail,Compl,Enable,0,GRN2#  ,ON,0,ACTIVE,ACTIVE,0.962,0.942,0.585,0.720,135.523,114.449,Avail,Compl,Avail,Incmpl,Incmpl,Enable,OBD II (California ARB),OFF,OFF,0,0,0,1st,OFF,OFF,OFF,OFF,OFF,OFF,1.562,-0.781,ON,OFF,650,0,OFF,OFF,OFF,ON,Gasoline,0.993,OFF,OFF,0.684,ON,1.172,14.902,19,0,0.742,0.742,2.324,0.742,0.918,2.031,46.667,0,14.902,42,0,0,OFF,ECT 5th,NA,OFF,97.900,97.900,14.510,0,Not Avl,0,0,0,0,ON,ON,0,0,1
456,0,13.671,Not Avl,Compl,Compl,Unable,OFF,Not Avl,Compl,Compl,Unable,OFF,40.625,40.625,36.875,38.125,19.531,39.551,15.686,31.765,0.781,1.582,ON,0,OFF,ON,ON,1.001,1.003,0.027,0.047,3.347,3.376,0,97,51199.219,13.437,25.882,OFF,OFF,OFF,OFF,OFF,OFF,OFF,Avail,Incmpl,Incmpl,Enable,Avail,300.100,62.900,300.100,62.900,ON,Avail,Compl,Enable,80,0,0,0,0,0,0,6,A,0,0,Avail,Incmpl,Incmpl,Enable,OFF,OFF,170,700.750,51199.219,51199.219,51199.219,51199.219,51199.219,51199.219,1GRFE ,0,Avail,Incmpl,Incmpl,Enable,0,OFF,OFF,OFF,OFF,ON,ON,Avail,Compl,Enable,Compl,CL,CL,Compl,Unable,Not Avl,Compl,Compl,Enable,OFF,0,15,508,ON,81.250,20,0.111,2519,16,21,-3,OFF,1.562,5.469,3.960,OFF,0,0,85,Avail,Compl,Enable,0,GRN2#  ,ON,0,ACTIVE,ACTIVE,0.962,0.942,0.465,0.720,134.875,114.773,Avail,Compl,Avail,Incmpl,Incmpl,Enable,OBD II (California ARB),OFF,OFF,0,0,0,1st,OFF,OFF,OFF,OFF,OFF,OFF,1.562,-0.781,ON,OFF,650,0,OFF,OFF,OFF,ON,Gasoline,0.990,OFF,OFF,0.684,ON,1.172,14.902,19,0,0.742,0.742,2.324,0.742,0.918,2.031,46.667,0,14.902,42,0,0,OFF,ECT 5th,NA,OFF,97.900,97.900,14.118,0,Not Avl,0,0,0,0,ON,ON,0,0,1
457,0,13.672,Not Avl,Compl,Compl,Unable,OFF,Not Avl,Compl,Compl,Unable,OFF,40.625,53.125,36.875,38.125,19.531,39.551,15.686,31.765,0.781,1.582,ON,0,OFF,ON,ON,1.001,0.999,0.023,0.031,3.337,3.352,0,97,51199.219,13.437,25.490,OFF,OFF,OFF,OFF,OFF,OFF,OFF,Avail,Incmpl,Incmpl,Enable,Avail,300.100,62.900,300.100,62.900,ON,Avail,Compl,Enable,80,0,0,0,0,0,0,6,A,0,0,Avail,Incmpl,Incmpl,Enable,OFF,OFF,170,708.500,51199.219,51199.219,51199.219,51199.219,51199.219,51199.219,1GRFE ,0,Avail,Incmpl,Incmpl,Enable,0,OFF,OFF,OFF,OFF,ON,ON,Avail,Compl,Enable,Compl,CL,CL,Compl,Unable,Not Avl,Compl,Compl,Enable,OFF,0,15,522,ON,81.250,20,0.111,2490,16,21,-3,OFF,1.562,5.469,3.960,OFF,0,0,85,Avail,Compl,Enable,0,GRN2#  ,ON,0,ACTIVE,ACTIVE,0.962,0.942,0.410,0.720,134.227,114.449,Avail,Compl,Avail,Incmpl,Incmpl,Enable,OBD II (California ARB),OFF,OFF,0,0,0,1st,OFF,OFF,OFF,OFF,OFF,OFF,1.562,-0.781,ON,OFF,650,0,OFF,OFF,OFF,ON,Gasoline,0.986,OFF,OFF,0.684,ON,1.172,14.902,19,0,0.742,0.742,2.324,0.742,0.918,2.031,46.667,0,14.902,42,0,0,OFF,ECT 5th,NA,OFF,97.900,97.900,14.118,0,Not Avl,0,0,0,0,ON,ON,0,0,1
458,0,13.672,Not Avl,Compl,Compl,Unable,OFF,Not Avl,Compl,Compl,Unable,OFF,40.625,59.375,36.875,38.125,19.531,39.551,15.686,31.765,0.781,1.582,ON,0,OFF,ON,ON,1.000,0.997,0.016,0.023,3.327,3.342,0,97,51199.219,13.417,25.490,OFF,OFF,OFF,OFF,OFF,OFF,OFF,Avail,Incmpl,Incmpl,Enable,Avail,300.800,63,300.800,63,ON,Avail,Compl,Enable,80,0,0,0,0,0,0,6,A,0,0,Avail,Incmpl,Incmpl,Enable,OFF,OFF,170,707,51199.219,51199.219,51199.219,51199.219,51199.219,51199.219,1GRFE ,0,Avail,Incmpl,Incmpl,Enable,0,OFF,OFF,OFF,OFF,ON,ON,Avail,Compl,Enable,Compl,CL,CL,Compl,Unable,Not Avl,Compl,Compl,Enable,OFF,0,15,536,ON,81.250,20,0.111,2487,16,21,-3,OFF,1.562,5.469,4,OFF,0,0,78,Avail,Compl,Enable,0,GRN2#  ,ON,0,ACTIVE,ACTIVE,0.962,0.942,0.410,0.720,134.227,114.449,Avail,Compl,Avail,Incmpl,Incmpl,Enable,OBD II (California ARB),OFF,OFF,0,0,0,1st,OFF,OFF,OFF,OFF,OFF,OFF,1.562,-0.781,ON,OFF,650,0,OFF,OFF,OFF,ON,Gasoline,0.986,OFF,OFF,0.684,ON,1.172,14.902,19,0,0.742,0.742,2.324,0.742,0.918,2.031,46.667,0,14.902,42,0,0,OFF,ECT 5th,NA,OFF,97.900,97.900,14.118,0,Not Avl,0,0,0,0,ON,ON,0,0,1
459,0,13.671,Not Avl,Compl,Compl,Unable,OFF,Not Avl,Compl,Compl,Unable,OFF,40.625,61.719,36.875,38.125,19.531,39.551,15.686,31.765,0.781,1.582,ON,0,OFF,ON,ON,1.001,0.999,0.023,0.031,3.342,3.352,0,97,51199.219,13.437,25.490,OFF,OFF,OFF,OFF,OFF,OFF,OFF,Avail,Incmpl,Incmpl,Enable,Avail,300.800,63,300.800,63,ON,Avail,Compl,Enable,80,0,0,0,0,0,0,6,A,0,0,Avail,Incmpl,Incmpl,Enable,OFF,OFF,171,701.500,51199.219,51199.219,51199.219,51199.219,51199.219,51199.219,1GRFE ,0,Avail,Incmpl,Incmpl,Enable,0,OFF,OFF,OFF,OFF,ON,ON,Avail,Compl,Enable,Compl,CL,CL,Compl,Unable,Not Avl,Compl,Compl,Enable,OFF,0,15.500,552,ON,81.250,20,0.111,2483,16,21,-3,OFF,1.562,5.469,3.960,OFF,0,0,78,Avail,Compl,Enable,0,GRN2#  ,ON,0,ACTIVE,ACTIVE,0.962,0.942,0.445,0.720,134.551,113.801,Avail,Compl,Avail,Incmpl,Incmpl,Enable,OBD II (California ARB),OFF,OFF,0,0,0,1st,OFF,OFF,OFF,OFF,OFF,OFF,1.562,-0.781,ON,OFF,650,0,OFF,OFF,OFF,ON,Gasoline,0.985,OFF,OFF,0.684,ON,1.172,14.902,19,0,0.742,0.742,2.324,0.742,0.918,2.031,46.667,0,14.902,42,0,0,OFF,ECT 5th,NA,OFF,97.900,97.900,14.118,0,Not Avl,0,0,0,0,ON,ON,0,0,1
460,0,13.669,Not Avl,Compl,Compl,Unable,OFF,Not Avl,Compl,Compl,Unable,OFF,55.469,56.250,36.875,38.125,19.531,39.551,15.686,31.765,0.781,1.582,ON,0,OFF,ON,ON,1.000,0.999,0.023,0.035,3.342,3.357,0,97,51199.219,13.417,25.882,OFF,OFF,OFF,OFF,OFF,OFF,OFF,Avail,Incmpl,Incmpl,Enable,Avail,301.400,63.100,301.400,63.100,ON,Avail,Compl,Enable,80,0,0,0,0,0,0,6,A,0,0,Avail,Incmpl,Incmpl,Enable,OFF,OFF,171,692,51199.219,51199.219,51199.219,51199.219,51199.219,51199.219,1GRFE ,0,Avail,Incmpl,Incmpl,Enable,0,OFF,OFF,OFF,OFF,ON,ON,Avail,Compl,Enable,Compl,CL,CL,Compl,Unable,Not Avl,Compl,Compl,Enable,OFF,0,15,571,ON,81.250,20,0.111,2508,16,21,-3,OFF,1.562,5.469,4,OFF,0,0,75,Avail,Compl,Enable,0,GRN2#  ,ON,0,ACTIVE,ACTIVE,0.962,0.942,0.465,0.720,134.551,114.449,Avail,Compl,Avail,Incmpl,Incmpl,Enable,OBD II (California ARB),OFF,OFF,0,0,0,1st,OFF,OFF,OFF,OFF,OFF,OFF,1.562,-0.781,ON,OFF,650,0,OFF,OFF,OFF,ON,Gasoline,0.986,OFF,OFF,0.684,ON,1.172,14.902,19,0,0.742,0.742,2.324,0.742,0.918,2.031,46.667,0,14.902,42,0,0,OFF,ECT 5th,NA,OFF,97.900,97.900,14.510,0,Not Avl,0,0,0,0,ON,ON,0,0,1
461,0,13.671,Not Avl,Compl,Compl,Unable,OFF,Not Avl,Compl,Compl,Unable,OFF,60.156,45.312,36.875,38.125,19.531,39.551,15.686,31.765,0.781,1.582,ON,0,OFF,ON,ON,1.001,1.000,0.031,0.039,3.352,3.361,0,97,51199.219,13.437,25.882,OFF,OFF,OFF,OFF,OFF,OFF,OFF,Avail,Incmpl,Incmpl,Enable,Avail,301.400,63.100,301.400,63.100,ON,Avail,Compl,Enable,80,0,0,0,0,0,0,6,A,0,0,Avail,Incmpl,Incmpl,Enable,OFF,OFF,172,694.500,51199.219,51199.219,51199.219,51199.219,51199.219,51199.219,1GRFE ,0,Avail,Incmpl,Incmpl,Enable,0,OFF,OFF,OFF,OFF,ON,ON,Avail,Compl,Enable,Compl,CL,CL,Compl,Unable,Not Avl,Compl,Compl,Enable,OFF,0,15,587,ON,81.250,20,0.111,2523,16,21,-3,OFF,1.562,5.469,3.980,OFF,0,0,75,Avail,Compl,Enable,0,GRN2#  ,ON,0,ACTIVE,ACTIVE,0.962,0.942,0.485,0.720,134.875,114.449,Avail,Compl,Avail,Incmpl,Incmpl,Enable,OBD II (California ARB),OFF,OFF,0,0,0,1st,OFF,OFF,OFF,OFF,OFF,OFF,1.562,-0.781,ON,OFF,650,0,OFF,OFF,OFF,ON,Gasoline,0.986,OFF,OFF,0.684,ON,1.172,14.902,19,0,0.742,0.742,2.324,0.742,0.918,2.031,46.667,0,14.902,42,0,0,OFF,ECT 5th,NA,OFF,97.900,97.900,14.510,0,Not Avl,0,0,0,0,ON,ON,0,0,1
462,0,13.666,Not Avl,Compl,Compl,Unable,OFF,Not Avl,Compl,Compl,Unable,OFF,61.719,42.188,36.875,38.125,19.531,39.551,15.686,31.765,0.781,1.582,ON,0,OFF,ON,ON,1.000,0.998,0.020,0.027,3.332,3.347,0,97,51199.219,13.437,25.882,OFF,OFF,OFF,OFF,OFF,OFF,OFF,Avail,Incmpl,Incmpl,Enable,Avail,302.100,63.200,302.100,63.200,ON,Avail,Compl,Enable,80,0,0,0,0,0,0,6,A,0,0,Avail,Incmpl,Incmpl,Enable,OFF,OFF,172,701.500,51199.219,51199.219,51199.219,51199.219,51199.219,51199.219,1GRFE ,0,Avail,Incmpl,Incmpl,Enable,0,OFF,OFF,OFF,OFF,ON,ON,Avail,Compl,Enable,Compl,CL,CL,Compl,Unable,Not Avl,Compl,Compl,Enable,OFF,0,15,1,ON,81.250,20,0.111,2505,16,21,-3,OFF,1.562,5.469,3.960,OFF,0,0,80,Avail,Compl,Enable,0,GRN2#  ,ON,0,ACTIVE,ACTIVE,0.962,0.942,0.410,0.720,133.902,114.449,Avail,Compl,Avail,Incmpl,Incmpl,Enable,OBD II (California ARB),OFF,OFF,0,0,0,1st,OFF,OFF,OFF,OFF,OFF,OFF,1.562,-0.781,ON,OFF,650,0,OFF,OFF,OFF,ON,Gasoline,0.984,OFF,OFF,0.684,ON,1.172,14.902,19,0,0.742,0.742,2.324,0.742,0.918,2.031,46.667,0,14.902,42,0,0,OFF,ECT 5th,NA,OFF,97.900,97.900,14.118,0,Not Avl,0,0,0,0,ON,ON,0,0,1
463,0,13.671,Not Avl,Compl,Compl,Unable,OFF,Not Avl,Compl,Compl,Unable,OFF,61.719,40.625,36.875,38.125,19.531,39.551,15.686,31.765,0.781,1.582,ON,0,OFF,ON,ON,1.003,0.998,0.020,0.027,3.332,3.347,0,97,51199.219,13.417,25.882,OFF,OFF,OFF,OFF,OFF,OFF,OFF,Avail,Incmpl,Incmpl,Enable,Avail,302.100,63.200,302.100,63.200,ON,Avail,Compl,Enable,80,0,0,0,0,0,0,6,A,0,0,Avail,Incmpl,Incmpl,Enable,OFF,OFF,173,699,51199.219,51199.219,51199.219,51199.219,51199.219,51199.219,1GRFE ,0,Avail,Incmpl,Incmpl,Enable,0,OFF,OFF,OFF,OFF,ON,ON,Avail,Compl,Enable,Compl,CL,CL,Compl,Unable,Not Avl,Compl,Compl,Enable,OFF,0,15,20,ON,81.250,20,0.111,2501,16,21,-3,OFF,1.562,5.469,3.960,OFF,0,0,80,Avail,Compl,Enable,0,GRN2#  ,ON,0,ACTIVE,ACTIVE,0.962,0.942,0.330,0.720,133.254,113.801,Avail,Compl,Avail,Incmpl,Incmpl,Enable,OBD II (California ARB),OFF,OFF,0,0,0,1st,OFF,OFF,OFF,OFF,OFF,OFF,2.344,-0.781,ON,OFF,650,0,OFF,OFF,OFF,ON,Gasoline,0.979,OFF,OFF,0.684,ON,1.172,14.902,19,0,0.742,0.742,2.324,0.742,0.918,2.031,46.667,0,14.902,42,0,0,OFF,ECT 5th,NA,OFF,97.900,97.900,14.118,0,Not Avl,0,0,0,0,ON,ON,0,0,1
464,0,13.671,Not Avl,Compl,Compl,Unable,OFF,Not Avl,Compl,Compl,Unable,OFF,49.219,40.625,36.875,38.125,19.531,39.551,15.686,31.765,0.781,1.582,ON,0,OFF,ON,ON,1.007,1.001,0.031,0.039,3.352,3.366,0,97,51199.219,13.417,25.882,OFF,OFF,OFF,OFF,OFF,OFF,OFF,Avail,Incmpl,Incmpl,Enable,Avail,302.700,63.300,302.700,63.300,ON,Avail,Compl,Enable,80,0,0,0,0,0,0,6,A,0,0,Avail,Incmpl,Incmpl,Enable,OFF,OFF,173,695.250,51199.219,51199.219,51199.219,51199.219,51199.219,51199.219,1GRFE ,0,Avail,Incmpl,Incmpl,Enable,0,OFF,OFF,OFF,OFF,ON,ON,Avail,Compl,Enable,Compl,CL,CL,Compl,Unable,Not Avl,Compl,Compl,Enable,OFF,0,15,36,ON,81.250,20,0.111,2512,16,21,-3,OFF,1.562,5.469,3.960,OFF,0,0,82,Avail,Compl,Enable,0,GRN2#  ,ON,0,ACTIVE,ACTIVE,0.962,0.942,0.310,0.720,133.254,113.477,Avail,Compl,Avail,Incmpl,Incmpl,Enable,OBD II (California ARB),OFF,OFF,0,0,0,1st,OFF,OFF,OFF,OFF,OFF,OFF,2.344,-0.781,ON,OFF,650,0,OFF,OFF,OFF,ON,Gasoline,0.975,OFF,OFF,0.684,ON,1.172,14.902,19,0,0.742,0.742,2.324,0.742,0.918,2.031,46.667,0,14.902,42,0,0,OFF,ECT 5th,NA,OFF,97.900,97.900,14.118,0,Not Avl,0,0,0,0,ON,ON,0,0,1
465,0,13.672,Not Avl,Compl,Compl,Unable,OFF,Not Avl,Compl,Compl,Unable,OFF,39.844,40.625,36.875,38.125,19.531,39.551,15.686,31.765,0.781,1.582,ON,0,OFF,ON,ON,1.007,1.001,0.023,0.039,3.342,3.366,0,97,51199.219,13.437,25.882,OFF,OFF,OFF,OFF,OFF,OFF,OFF,Avail,Incmpl,Incmpl,Enable,Avail,302.700,63.300,302.700,63.300,ON,Avail,Compl,Enable,80,0,0,0,0,0,0,6,A,0,0,Avail,Incmpl,Incmpl,Enable,OFF,OFF,174,700.750,51199.219,51199.219,51199.219,51199.219,51199.219,51199.219,1GRFE ,0,Avail,Incmpl,Incmpl,Enable,0,OFF,OFF,OFF,OFF,ON,ON,Avail,Compl,Enable,Compl,CL,CL,Compl,Unable,Not Avl,Compl,Compl,Enable,OFF,0,15,50,ON,81.250,20,0.111,2516,16,21,-3,OFF,1.562,5.469,4,OFF,0,0,82,Avail,Compl,Enable,0,GRN2#  ,ON,0,ACTIVE,ACTIVE,0.962,0.942,0.250,0.720,132.930,114.125,Avail,Compl,Avail,Incmpl,Incmpl,Enable,OBD II (California ARB),OFF,OFF,0,0,0,1st,OFF,OFF,OFF,OFF,OFF,OFF,3.125,-0.781,ON,OFF,650,0,OFF,OFF,OFF,ON,Gasoline,0.970,OFF,OFF,0.684,ON,1.172,14.902,19,0,0.742,0.742,2.324,0.742,0.918,2.031,46.667,0,14.902,42,0,0,OFF,ECT 5th,NA,OFF,97.900,97.900,14.118,0,Not Avl,0,0,0,0,ON,ON,0,0,1
466,0,13.672,Not Avl,Compl,Compl,Unable,OFF,Not Avl,Compl,Compl,Unable,OFF,39.844,40.625,36.875,38.125,19.531,39.551,15.686,31.765,0.781,1.582,ON,0,OFF,ON,ON,1.002,1.000,0,0.035,3.313,3.361,0,97,51199.219,13.417,25.490,OFF,OFF,OFF,OFF,OFF,OFF,OFF,Avail,Incmpl,Incmpl,Enable,Avail,303.300,63.500,303.300,63.500,ON,Avail,Compl,Enable,80,0,0,0,0,0,0,6,A,0,0,Avail,Incmpl,Incmpl,Enable,OFF,OFF,174,705.250,51199.219,51199.219,51199.219,51199.219,51199.219,51199.219,1GRFE ,0,Avail,Incmpl,Incmpl,Enable,0,OFF,OFF,OFF,OFF,ON,ON,Avail,Compl,Enable,Compl,CL,CL,Compl,Unable,Not Avl,Compl,Compl,Enable,OFF,0,15,71,ON,81.250,20,0.111,2498,16,21,-3,OFF,1.562,5.469,3.960,OFF,0,0,85,Avail,Compl,Enable,0,GRN2#  ,ON,0,ACTIVE,ACTIVE,0.957,0.942,0.230,0.720,132.930,114.125,Avail,Compl,Avail,Incmpl,Incmpl,Enable,OBD II (California ARB),OFF,OFF,0,0,0,1st,OFF,OFF,OFF,OFF,OFF,OFF,3.125,0,ON,OFF,650,0,OFF,OFF,OFF,ON,Gasoline,0.965,OFF,OFF,0.684,ON,1.172,14.902,19,0,0.742,0.742,2.324,0.742,0.918,2.031,46.667,0,14.902,42,0,0,OFF,ECT 5th,NA,OFF,97.900,97.900,14.118,0,Not Avl,0,0,0,0,ON,ON,0,0,1
467,0,13.668,Not Avl,Compl,Compl,Unable,OFF,Not Avl,Compl,Compl,Unable,OFF,39.844,46.094,36.875,38.125,19.531,39.551,15.686,31.765,0.781,1.582,ON,0,OFF,ON,ON,0.998,1.003,0,0.047,3.298,3.376,0,97,51199.219,13.437,25.490,OFF,OFF,OFF,OFF,OFF,OFF,OFF,Avail,Incmpl,Incmpl,Enable,Avail,303.300,63.500,303.300,63.500,ON,Avail,Compl,Enable,80,0,0,0,0,0,0,6,A,0,0,Avail,Incmpl,Incmpl,Enable,OFF,OFF,175,698.250,51199.219,51199.219,51199.219,51199.219,51199.219,51199.219,1GRFE ,0,Avail,Incmpl,Incmpl,Enable,0,OFF,OFF,OFF,OFF,ON,ON,Avail,Compl,Enable,Compl,CL,CL,Compl,Unable,Not Avl,Compl,Compl,Enable,OFF,0,15,85,ON,81.250,20,0.111,2516,16,21,-3,OFF,1.562,5.469,3.960,OFF,0,0,85,Avail,Compl,Enable,0,GRN2#  ,ON,0,ACTIVE,ACTIVE,0.962,0.942,0.250,0.720,132.605,113.477,Avail,Compl,Avail,Incmpl,Incmpl,Enable,OBD II (California ARB),OFF,OFF,0,0,0,1st,OFF,OFF,OFF,OFF,OFF,OFF,3.125,0,ON,OFF,650,0,OFF,OFF,OFF,ON,Gasoline,0.964,OFF,OFF,0.684,ON,1.172,14.902,19,0,0.742,0.742,2.324,0.742,0.918,2.031,46.667,0,14.902,42,0,0,OFF,ECT 5th,NA,OFF,97.900,97.900,14.118,0,Not Avl,0,0,0,0,ON,ON,0,0,1
468,0,13.672,Not Avl,Compl,Compl,Unable,OFF,Not Avl,Compl,Compl,Unable,OFF,39.844,53.125,36.875,38.125,19.531,39.551,15.686,31.765,0.781,1.582,ON,0,OFF,ON,ON,0.994,1.005,-0.012,0.051,3.279,3.386,0,97,51199.219,13.437,25.490,OFF,OFF,OFF,OFF,OFF,OFF,OFF,Avail,Incmpl,Incmpl,Enable,Avail,303.300,63.500,303.300,63.500,ON,Avail,Compl,Enable,80,0,0,0,0,0,0,6,A,0,0,Avail,Incmpl,Incmpl,Enable,OFF,OFF,175,701.500,51199.219,51199.219,51199.219,51199.219,51199.219,51199.219,1GRFE ,0,Avail,Incmpl,Incmpl,Enable,0,OFF,OFF,OFF,OFF,ON,ON,Avail,Compl,Enable,Compl,CL,CL,Compl,Unable,Not Avl,Compl,Compl,Enable,OFF,0,15,98,ON,81.250,20,0.111,2508,16,21,-3,OFF,1.562,5.469,3.960,OFF,0,0,85,Avail,Compl,Enable,0,GRN2#  ,ON,0,ACTIVE,ACTIVE,0.957,0.938,0.290,0.720,132.930,113.477,Avail,Compl,Avail,Incmpl,Incmpl,Enable,OBD II (California ARB),OFF,OFF,0,0,0,1st,OFF,OFF,OFF,OFF,OFF,OFF,3.125,0,ON,OFF,650,0,OFF,OFF,OFF,ON,Gasoline,0.965,OFF,OFF,0.684,ON,1.172,14.902,19,0,0.742,0.742,2.324,0.742,0.918,2.031,46.667,0,14.902,42,0,0,OFF,ECT 5th,NA,OFF,97.900,97.900,14.118,0,Not Avl,0,0,0,0,ON,ON,0,0,1
469,0,13.671,Not Avl,Compl,Compl,Unable,OFF,Not Avl,Compl,Compl,Unable,OFF,39.844,58.594,36.875,38.125,19.531,39.551,15.686,31.765,0.781,1.582,ON,0,OFF,ON,ON,0.993,1.000,-0.012,0.039,3.279,3.361,0,97,51199.219,13.437,25.882,OFF,OFF,OFF,OFF,OFF,OFF,OFF,Avail,Incmpl,Incmpl,Enable,Avail,303.900,63.600,303.900,63.600,ON,Avail,Compl,Enable,80,0,0,0,0,0,0,6,A,0,0,Avail,Incmpl,Incmpl,Enable,OFF,OFF,175,696.750,51199.219,51199.219,51199.219,51199.219,51199.219,51199.219,1GRFE ,0,Avail,Incmpl,Incmpl,Enable,0,OFF,OFF,OFF,OFF,ON,ON,Avail,Compl,Enable,Compl,CL,CL,Compl,Unable,Not Avl,Compl,Compl,Enable,OFF,0,15,113,ON,81.250,20,0.111,2519,16,21,-3,OFF,1.562,5.469,4,OFF,0,0,78,Avail,Compl,Enable,0,GRN2#  ,ON,0,ACTIVE,ACTIVE,0.962,0.942,0.350,0.720,133.254,113.477,Avail,Compl,Avail,Incmpl,Incmpl,Enable,OBD II (California ARB),OFF,OFF,0,0,0,1st,OFF,OFF,OFF,OFF,OFF,OFF,2.344,0,ON,OFF,650,0,OFF,OFF,OFF,ON,Gasoline,0.969,OFF,OFF,0.684,ON,1.172,14.902,19,0,0.742,0.742,2.324,0.742,0.918,2.031,46.667,0,14.902,42,0,0,OFF,ECT 5th,NA,OFF,97.900,97.900,14.510,0,Not Avl,0,0,0,0,ON,ON,0,0,1
470,0,13.671,Not Avl,Compl,Compl,Unable,OFF,Not Avl,Compl,Compl,Unable,OFF,55.469,61.719,36.875,38.125,19.531,39.551,15.686,31.765,0.781,1.582,ON,0,OFF,ON,ON,0.991,0.997,-0.008,0.023,3.283,3.337,0,97,51199.219,13.437,25.882,OFF,OFF,OFF,OFF,OFF,OFF,OFF,Avail,Incmpl,Incmpl,Enable,Avail,303.900,63.600,303.900,63.600,ON,Avail,Compl,Enable,80,0,0,0,0,0,0,6,A,0,0,Avail,Incmpl,Incmpl,Enable,OFF,OFF,176,697.500,51199.219,51199.219,51199.219,51199.219,51199.219,51199.219,1GRFE ,0,Avail,Incmpl,Incmpl,Enable,0,OFF,OFF,OFF,OFF,ON,ON,Avail,Compl,Enable,Compl,CL,CL,Compl,Unable,Not Avl,Compl,Compl,Enable,OFF,0,15,127,ON,81.250,20,0.111,2505,16,21,-3,OFF,1.562,5.469,3.950,OFF,0,0,78,Avail,Compl,Enable,0,GRN2#  ,ON,0,ACTIVE,ACTIVE,0.962,0.942,0.410,0.720,132.930,113.152,Avail,Compl,Avail,Incmpl,Incmpl,Enable,OBD II (California ARB),OFF,OFF,0,0,0,1st,OFF,OFF,OFF,OFF,OFF,OFF,2.344,0,ON,OFF,650,0,OFF,OFF,OFF,ON,Gasoline,0.974,OFF,OFF,0.684,ON,1.172,14.902,19,0,0.742,0.742,2.324,0.742,0.918,2.031,46.667,0,14.902,42,0,0,OFF,ECT 5th,NA,OFF,97.900,97.900,14.118,0,Not Avl,0,0,0,0,ON,ON,0,0,1
471,0,13.671,Not Avl,Compl,Compl,Unable,OFF,Not Avl,Compl,Compl,Unable,OFF,58.594,61.719,36.875,38.125,19.531,39.551,15.686,31.765,0.781,1.582,ON,0,OFF,ON,ON,0.992,0.995,0,0.020,3.298,3.332,0,97,51199.219,13.437,25.882,OFF,OFF,OFF,OFF,OFF,OFF,OFF,Avail,Incmpl,Incmpl,Enable,Avail,304.600,63.700,304.600,63.700,ON,Avail,Compl,Enable,80,0,0,0,0,0,0,6,A,0,0,Avail,Incmpl,Incmpl,Enable,OFF,OFF,176,696,51199.219,51199.219,51199.219,51199.219,51199.219,51199.219,1GRFE ,0,Avail,Incmpl,Incmpl,Enable,0,OFF,OFF,OFF,OFF,ON,ON,Avail,Compl,Enable,Compl,CL,CL,Compl,Unable,Not Avl,Compl,Compl,Enable,OFF,0,15,140,ON,81.250,20,0.111,2501,16,21,-3,OFF,1.562,5.469,3.960,OFF,0,0,78,Avail,Compl,Enable,0,GRN2#  ,ON,0,ACTIVE,ACTIVE,0.957,0.942,0.465,0.720,133.578,113.477,Avail,Compl,Avail,Incmpl,Incmpl,Enable,OBD II (California ARB),OFF,OFF,0,0,0,1st,OFF,OFF,OFF,OFF,OFF,OFF,2.344,0,ON,OFF,650,0,OFF,OFF,OFF,ON,Gasoline,0.979,OFF,OFF,0.684,ON,1.172,14.902,19,0,0.742,0.742,2.324,0.742,0.918,2.031,46.667,0,14.902,42,0,0,OFF,ECT 5th,NA,OFF,97.900,97.900,14.118,0,Not Avl,0,0,0,0,ON,ON,0,0,1
472,0,13.671,Not Avl,Compl,Compl,Unable,OFF,Not Avl,Compl,Compl,Unable,OFF,61.719,56.250,36.875,38.125,19.531,39.551,15.686,31.765,0.781,1.582,ON,0,OFF,ON,ON,0.995,0.995,0.012,0.023,3.322,3.337,0,97,51199.219,13.437,25.490,OFF,OFF,OFF,OFF,OFF,OFF,OFF,Avail,Incmpl,Incmpl,Enable,Avail,304.600,63.700,304.600,63.700,ON,Avail,Compl,Enable,80,0,0,0,0,0,0,6,A,0,0,Avail,Incmpl,Incmpl,Enable,OFF,OFF,177,701.500,51199.219,51199.219,51199.219,51199.219,51199.219,51199.219,1GRFE ,0,Avail,Incmpl,Incmpl,Enable,0,OFF,OFF,OFF,OFF,ON,ON,Avail,Compl,Enable,Compl,CL,CL,Compl,Unable,Not Avl,Compl,Compl,Enable,OFF,0,15,155,ON,81.250,20,0.111,2490,16,21,-3,OFF,1.562,5.469,3.960,OFF,0,0,70,Avail,Compl,Enable,0,GRN2#  ,ON,0,ACTIVE,ACTIVE,0.962,0.942,0.525,0.720,133.254,113.477,Avail,Compl,Avail,Incmpl,Incmpl,Enable,OBD II (California ARB),OFF,OFF,0,0,0,1st,OFF,OFF,OFF,OFF,OFF,OFF,1.562,0,ON,OFF,650,0,OFF,OFF,OFF,ON,Gasoline,0.982,OFF,OFF,0.684,ON,1.172,14.902,19,0,0.742,0.742,2.324,0.742,0.918,2.031,46.667,0,14.902,42,0,0,OFF,ECT 5th,NA,OFF,97.900,97.900,14.118,0,Not Avl,0,0,0,0,ON,ON,0,0,1
473,0,13.672,Not Avl,Compl,Compl,Unable,OFF,Not Avl,Compl,Compl,Unable,OFF,61.719,49.219,36.875,38.125,19.531,39.551,15.686,31.765,0.781,1.582,ON,0,OFF,ON,ON,0.997,0.997,0.023,0.027,3.337,3.347,0,97,51199.219,13.437,25.490,OFF,OFF,OFF,OFF,OFF,OFF,OFF,Avail,Incmpl,Incmpl,Enable,Avail,304.600,63.700,304.600,63.700,ON,Avail,Compl,Enable,80,0,0,0,0,0,0,6,A,0,0,Avail,Incmpl,Incmpl,Enable,OFF,OFF,177,697.500,51199.219,51199.219,51199.219,51199.219,51199.219,51199.219,1GRFE ,0,Avail,Incmpl,Incmpl,Enable,0,OFF,OFF,OFF,OFF,ON,ON,Avail,Compl,Enable,Compl,CL,CL,Compl,Unable,Not Avl,Compl,Compl,Enable,OFF,0,15,167,ON,81.250,20,0.111,2498,16,21,-3,OFF,1.562,5.469,3.960,OFF,0,0,70,Avail,Compl,Enable,0,GRN2#  ,ON,0,ACTIVE,ACTIVE,0.962,0.942,0.545,0.720,133.254,113.477,Avail,Compl,Avail,Incmpl,Incmpl,Enable,OBD II (California ARB),OFF,OFF,0,0,0,1st,OFF,OFF,OFF,OFF,OFF,OFF,2.344,0,ON,OFF,650,0,OFF,OFF,OFF,ON,Gasoline,0.984,OFF,OFF,0.684,ON,1.172,14.902,19,0,0.742,0.742,2.324,0.742,0.918,2.031,46.667,0,14.902,42,0,0,OFF,ECT 5th,NA,OFF,97.900,97.900,14.118,0,Not Avl,0,0,0,0,ON,ON,0,0,1
474,0,13.671,Not Avl,Compl,Compl,Unable,OFF,Not Avl,Compl,Compl,Unable,OFF,52.344,42.969,36.875,38.125,19.531,39.551,15.686,31.765,0.781,1.582,ON,0,OFF,ON,ON,0.994,0.998,0.012,0.031,3.322,3.352,0,97,51199.219,13.437,25.490,OFF,OFF,OFF,OFF,OFF,OFF,OFF,Avail,Incmpl,Incmpl,Enable,Avail,305.200,63.800,305.200,63.800,ON,Avail,Compl,Enable,80,0,0,0,0,0,0,6,A,0,0,Avail,Incmpl,Incmpl,Enable,OFF,OFF,177,700.750,51199.219,51199.219,51199.219,51199.219,51199.219,51199.219,1GRFE ,0,Avail,Incmpl,Incmpl,Enable,0,OFF,OFF,OFF,OFF,ON,ON,Avail,Compl,Enable,Compl,CL,CL,Compl,Unable,Not Avl,Compl,Compl,Enable,OFF,0,15,182,ON,81.250,20,0.111,2502,16,21,-3,OFF,1.562,5.469,3.960,OFF,0,0,78,Avail,Compl,Enable,0,GRN2#  ,ON,0,ACTIVE,ACTIVE,0.962,0.942,0.605,0.720,132.930,113.477,Avail,Compl,Avail,Incmpl,Incmpl,Enable,OBD II (California ARB),OFF,OFF,0,0,0,1st,OFF,OFF,OFF,OFF,OFF,OFF,1.562,0,ON,OFF,650,0,OFF,OFF,OFF,ON,Gasoline,0.985,OFF,OFF,0.684,ON,1.172,14.902,19,0,0.742,0.742,2.324,0.742,0.918,2.031,46.667,0,14.902,42,0,0,OFF,ECT 5th,NA,OFF,97.900,97.900,14.118,0,Not Avl,0,0,0,0,ON,ON,0,0,1
475,0,13.654,Not Avl,Compl,Compl,Unable,OFF,Not Avl,Compl,Compl,Unable,OFF,45.312,41.406,36.875,38.125,19.531,39.551,15.686,31.765,0.781,1.582,ON,0,OFF,ON,ON,0.996,0.996,0.039,0.039,3.337,3.342,0,97,51199.219,13.437,25.882,OFF,OFF,OFF,OFF,OFF,OFF,OFF,Avail,Incmpl,Incmpl,Enable,Avail,305.200,63.800,305.200,63.800,ON,Avail,Compl,Enable,80,0,0,0,0,0,0,6,A,0,0,Avail,Incmpl,Incmpl,Enable,OFF,OFF,178,696.750,51199.219,51199.219,51199.219,51199.219,51199.219,51199.219,1GRFE ,0,Avail,Incmpl,Incmpl,Enable,0,OFF,OFF,OFF,OFF,ON,ON,Avail,Compl,Enable,Compl,CL,CL,Compl,Unable,Not Avl,Compl,Compl,Enable,OFF,0,15,196,ON,81.250,20,0.111,2498,16,21,-3,OFF,1.562,5.469,3.960,OFF,0,0,78,Avail,Compl,Enable,0,GRN2#  ,ON,0,ACTIVE,ACTIVE,0.962,0.942,0.640,0.720,133.254,112.828,Avail,Compl,Avail,Incmpl,Incmpl,Enable,OBD II (California ARB),OFF,OFF,0,0,0,1st,OFF,OFF,OFF,OFF,OFF,OFF,1.562,-0.781,ON,OFF,650,0,OFF,OFF,OFF,ON,Gasoline,0.987,OFF,OFF,0.684,ON,1.172,14.902,19,0,0.742,0.742,2.324,0.742,0.918,2.031,46.667,0,14.902,42,0,0,OFF,ECT 5th,NA,OFF,97.900,97.900,14.118,0,Not Avl,0,0,0,0,ON,ON,0,0,1
476,0,13.656,Not Avl,Compl,Compl,Unable,OFF,Not Avl,Compl,Compl,Unable,OFF,42.188,40.625,36.875,38.125,19.531,39.551,15.686,31.765,0.781,1.582,ON,0,OFF,ON,ON,0.997,0.998,0.023,0.031,3.342,3.352,0,97,51199.219,13.417,25.882,OFF,OFF,OFF,OFF,OFF,OFF,OFF,Avail,Incmpl,Incmpl,Enable,Avail,305.200,63.800,305.200,63.800,ON,Avail,Compl,Enable,80,0,0,0,0,0,0,6,A,0,0,Avail,Incmpl,Incmpl,Enable,OFF,OFF,178,689,51199.219,51199.219,51199.219,51199.219,51199.219,51199.219,1GRFE ,0,Avail,Incmpl,Incmpl,Enable,0,OFF,OFF,OFF,OFF,ON,ON,Avail,Compl,Enable,Compl,CL,CL,Compl,Unable,Not Avl,Compl,Compl,Enable,OFF,0,15,209,ON,81.250,20,0.111,2494,16,21,-3,OFF,1.562,5.469,3.960,OFF,0,0,78,Avail,Compl,Enable,0,GRN2#  ,ON,0,ACTIVE,ACTIVE,0.962,0.942,0.680,0.720,132.605,113.477,Avail,Compl,Avail,Incmpl,Incmpl,Enable,OBD II (California ARB),OFF,OFF,0,0,0,1st,OFF,OFF,OFF,OFF,OFF,OFF,1.562,-0.781,ON,OFF,650,0,OFF,OFF,OFF,ON,Gasoline,0.989,OFF,OFF,0.684,ON,1.172,14.902,19,0,0.742,0.742,2.324,0.742,0.918,2.031,46.667,0,14.902,42,0,0,OFF,ECT 5th,NA,OFF,97.900,97.900,14.510,0,Not Avl,0,0,0,0,ON,ON,0,0,1
477,0,13.672,Not Avl,Compl,Compl,Unable,OFF,Not Avl,Compl,Compl,Unable,OFF,40.625,40.625,36.875,38.125,19.531,39.551,15.686,31.765,0.781,1.582,ON,0,OFF,ON,ON,0.996,0.996,0.027,0.023,3.347,3.337,0,97,51199.219,13.437,25.490,OFF,OFF,OFF,OFF,OFF,OFF,OFF,Avail,Incmpl,Incmpl,Enable,Avail,305.800,64,305.800,64,ON,Avail,Compl,Enable,80,0,0,0,0,0,0,6,A,0,0,Avail,Incmpl,Incmpl,Enable,OFF,OFF,178,702.250,51199.219,51199.219,51199.219,51199.219,51199.219,51199.219,1GRFE ,0,Avail,Incmpl,Incmpl,Enable,0,OFF,OFF,OFF,OFF,ON,ON,Avail,Compl,Enable,Compl,CL,CL,Compl,Unable,Not Avl,Compl,Compl,Enable,OFF,0,15,224,ON,81.250,20,0.111,2490,16,21,-3,OFF,1.562,5.469,3.980,OFF,0,0,78,Avail,Compl,Enable,0,GRN2#  ,ON,0,ACTIVE,ACTIVE,0.957,0.942,0.700,0.720,132.930,113.152,Avail,Compl,Avail,Incmpl,Incmpl,Enable,OBD II (California ARB),OFF,OFF,0,0,0,1st,OFF,OFF,OFF,OFF,OFF,OFF,1.562,-0.781,ON,OFF,650,0,OFF,OFF,OFF,ON,Gasoline,0.989,OFF,OFF,0.684,ON,1.172,14.902,19,0,0.742,0.742,2.324,0.742,0.918,2.031,46.667,0,14.902,42,0,0,OFF,ECT 5th,NA,OFF,97.900,97.900,14.118,0,Not Avl,0,0,0,0,ON,ON,0,0,1
478,0,13.671,Not Avl,Compl,Compl,Unable,OFF,Not Avl,Compl,Compl,Unable,OFF,40.625,40.625,36.875,38.125,19.531,39.551,15.686,31.765,0.781,1.582,ON,0,OFF,ON,ON,0.996,0.995,0.020,0.020,3.332,3.332,0,97,51199.219,13.437,25.490,OFF,OFF,OFF,OFF,OFF,OFF,OFF,Avail,Incmpl,Incmpl,Enable,Avail,305.800,64,305.800,64,ON,Avail,Compl,Enable,80,0,0,0,0,0,0,6,A,0,0,Avail,Incmpl,Incmpl,Enable,OFF,OFF,179,702.250,51199.219,51199.219,51199.219,51199.219,51199.219,51199.219,1GRFE ,0,Avail,Incmpl,Incmpl,Enable,0,OFF,OFF,OFF,OFF,ON,ON,Avail,Compl,Enable,Compl,CL,CL,Compl,Unable,Not Avl,Compl,Compl,Enable,OFF,0,15,238,ON,81.250,20,0.111,2483,16,21,-3,OFF,1.562,5.469,3.960,OFF,0,0,78,Avail,Compl,Enable,0,GRN2#  ,ON,0,ACTIVE,ACTIVE,0.962,0.942,0.700,0.720,132.930,112.828,Avail,Compl,Avail,Incmpl,Incmpl,Enable,OBD II (California ARB),OFF,OFF,0,0,0,1st,OFF,OFF,OFF,OFF,OFF,OFF,1.562,-0.781,ON,OFF,650,0,OFF,OFF,OFF,ON,Gasoline,0.990,OFF,OFF,0.684,ON,1.172,14.902,19,0,0.742,0.742,2.324,0.742,0.918,2.031,46.667,0,14.902,42,0,0,OFF,ECT 5th,NA,OFF,97.900,97.900,14.118,0,Not Avl,0,0,0,0,ON,ON,0,0,1
479,0,13.672,Not Avl,Compl,Compl,Unable,OFF,Not Avl,Compl,Compl,Unable,OFF,40.625,40.625,36.875,38.125,19.531,39.551,15.686,31.765,0.781,1.582,ON,0,OFF,ON,ON,0.996,0.996,0.023,0.023,3.337,3.342,0,97,51199.219,13.437,25.490,OFF,OFF,OFF,OFF,OFF,OFF,OFF,Avail,Incmpl,Incmpl,Enable,Avail,306.400,64.100,306.400,64.100,ON,Avail,Compl,Enable,80,0,0,0,0,0,0,6,A,0,0,Avail,Incmpl,Incmpl,Enable,OFF,OFF,179,700,51199.219,51199.219,51199.219,51199.219,51199.219,51199.219,1GRFE ,0,Avail,Incmpl,Incmpl,Enable,0,OFF,OFF,OFF,OFF,ON,ON,Avail,Compl,Enable,Compl,CL,CL,Compl,Unable,Not Avl,Compl,Compl,Enable,OFF,0,15,254,ON,81.250,20,0.111,2498,16,21,-3,OFF,1.562,5.469,4,OFF,0,0,88,Avail,Compl,Enable,0,GRN2#  ,ON,0,ACTIVE,ACTIVE,0.962,0.942,0.680,0.720,132.281,112.504,Avail,Compl,Avail,Incmpl,Incmpl,Enable,OBD II (California ARB),OFF,OFF,0,0,0,1st,OFF,OFF,OFF,OFF,OFF,OFF,1.562,-0.781,ON,OFF,650,0,OFF,OFF,OFF,ON,Gasoline,0.991,OFF,OFF,0.684,ON,1.172,14.902,19,0,0.742,0.742,2.324,0.742,0.918,2.031,46.667,0,14.902,42,0,0,OFF,ECT 5th,NA,OFF,97.900,97.900,14.118,0,Not Avl,0,0,0,0,ON,ON,0,0,1
480,0,13.672,Not Avl,Compl,Compl,Unable,OFF,Not Avl,Compl,Compl,Unable,OFF,53.125,40.625,36.875,38.125,19.531,39.551,15.686,31.765,0.781,1.582,ON,0,OFF,ON,ON,0.997,0.997,0.023,0.027,3.337,3.347,0,97,51199.219,13.437,25.490,OFF,OFF,OFF,OFF,OFF,OFF,OFF,Avail,Incmpl,Incmpl,Enable,Avail,306.400,64.100,306.400,64.100,ON,Avail,Compl,Enable,80,0,0,0,0,0,0,6,A,0,0,Avail,Incmpl,Incmpl,Enable,OFF,OFF,180,692.750,51199.219,51199.219,51199.219,51199.219,51199.219,51199.219,1GRFE ,0,Avail,Incmpl,Incmpl,Enable,0,OFF,OFF,OFF,OFF,ON,ON,Avail,Compl,Enable,Compl,CL,CL,Compl,Unable,Not Avl,Compl,Compl,Enable,OFF,0,15,271,ON,81.250,20,0.111,2505,16,21,-3,OFF,1.562,5.469,3.960,OFF,0,0,88,Avail,Compl,Enable,0,GRN2#  ,ON,0,ACTIVE,ACTIVE,0.962,0.942,0.680,0.720,132.281,112.828,Avail,Compl,Avail,Incmpl,Incmpl,Enable,OBD II (California ARB),OFF,OFF,0,0,0,1st,OFF,OFF,OFF,OFF,OFF,OFF,1.562,-0.781,ON,OFF,650,0,OFF,OFF,OFF,ON,Gasoline,0.991,OFF,OFF,0.684,ON,1.172,14.902,19,0,0.742,0.742,2.324,0.742,0.918,2.031,46.667,0,14.902,42,0,0,OFF,ECT 5th,NA,OFF,97.900,97.900,14.118,0,Not Avl,0,0,0,0,ON,ON,0,0,1
481,0,13.672,Not Avl,Compl,Compl,Unable,OFF,Not Avl,Compl,Compl,Unable,OFF,58.594,49.219,36.875,38.125,19.531,39.551,15.686,31.765,0.781,1.582,ON,0,OFF,ON,ON,0.993,0.997,0.012,0.027,3.318,3.347,0,97,51199.219,13.417,25.882,OFF,OFF,OFF,OFF,OFF,OFF,OFF,Avail,Incmpl,Incmpl,Enable,Avail,306.400,64.100,306.400,64.100,ON,Avail,Compl,Enable,80,0,0,0,0,0,0,6,A,0,0,Avail,Incmpl,Incmpl,Enable,OFF,OFF,180,696.750,51199.219,51199.219,51199.219,51199.219,51199.219,51199.219,1GRFE ,0,Avail,Incmpl,Incmpl,Enable,0,OFF,OFF,OFF,OFF,ON,ON,Avail,Compl,Enable,Compl,CL,CL,Compl,Unable,Not Avl,Compl,Compl,Enable,OFF,0,15,285,ON,81.250,20,0.110,2487,16,21,-3,OFF,1.562,5.469,3.980,OFF,0,0,88,Avail,Compl,Enable,0,GRN2#  ,ON,0,ACTIVE,ACTIVE,0.957,0.938,0.625,0.720,132.281,112.504,Avail,Compl,Avail,Incmpl,Incmpl,Enable,OBD II (California ARB),OFF,OFF,0,0,0,1st,OFF,OFF,OFF,OFF,OFF,OFF,0.781,-0.781,ON,OFF,650,0,OFF,OFF,OFF,ON,Gasoline,0.991,OFF,OFF,0.684,ON,1.172,14.902,19,0,0.742,0.742,2.324,0.742,0.918,2.031,46.667,0,14.902,42,0,0,OFF,ECT 5th,NA,OFF,97.900,97.900,14.118,0,Not Avl,0,0,0,0,ON,ON,0,0,1
482,0,13.672,Not Avl,Compl,Compl,Unable,OFF,Not Avl,Compl,Compl,Unable,OFF,61.719,56.250,36.875,38.125,19.531,39.551,15.686,31.765,0.781,1.582,ON,0,OFF,ON,ON,0.997,0.999,0.023,0.031,3.342,3.352,0,97,51199.219,13.437,25.882,OFF,OFF,OFF,OFF,OFF,OFF,OFF,Avail,Incmpl,Incmpl,Enable,Avail,306.900,64.300,306.900,64.300,ON,Avail,Compl,Enable,80,0,0,0,0,0,0,6,A,0,0,Avail,Incmpl,Incmpl,Enable,OFF,OFF,181,697.500,51199.219,51199.219,51199.219,51199.219,51199.219,51199.219,1GRFE ,0,Avail,Incmpl,Incmpl,Enable,0,OFF,OFF,OFF,OFF,ON,ON,Avail,Compl,Enable,Compl,CL,CL,Compl,Unable,Not Avl,Compl,Compl,Enable,OFF,0,15,301,ON,81.250,20,0.110,2494,16,21,-3,OFF,1.562,5.469,3.960,OFF,0,0,75,Avail,Compl,Enable,0,GRN2#  ,ON,0,ACTIVE,ACTIVE,0.962,0.942,0.660,0.720,131.957,113.152,Avail,Compl,Avail,Incmpl,Incmpl,Enable,OBD II (California ARB),OFF,OFF,0,0,0,1st,OFF,OFF,OFF,OFF,OFF,OFF,0.781,-0.781,ON,OFF,650,0,OFF,OFF,OFF,ON,Gasoline,0.994,OFF,OFF,0.684,ON,1.172,14.902,19,0,0.742,0.742,2.324,0.742,0.918,2.031,46.667,0,14.902,42,0,0,OFF,ECT 5th,NA,OFF,97.900,97.900,14.118,0,Not Avl,0,0,0,0,ON,ON,0,0,1
483,0,13.672,Not Avl,Compl,Compl,Unable,OFF,Not Avl,Compl,Compl,Unable,OFF,61.719,60.156,36.875,38.125,19.531,39.551,15.686,31.765,0.781,1.582,ON,0,OFF,ON,ON,0.996,0.998,0.023,0.031,3.337,3.352,0,97,51199.219,13.437,25.882,OFF,OFF,OFF,OFF,OFF,OFF,OFF,Avail,Incmpl,Incmpl,Enable,Avail,306.900,64.300,306.900,64.300,ON,Avail,Compl,Enable,80,0,0,0,0,0,0,6,A,0,0,Avail,Incmpl,Incmpl,Enable,OFF,OFF,181,694.500,51199.219,51199.219,51199.219,51199.219,51199.219,51199.219,1GRFE ,0,Avail,Incmpl,Incmpl,Enable,0,OFF,OFF,OFF,OFF,ON,ON,Avail,Compl,Enable,Compl,CL,CL,Compl,Unable,Not Avl,Compl,Compl,Enable,OFF,0,15,318,ON,81.250,20,0.110,2505,16,21,-3,OFF,1.562,5.469,3.960,OFF,0,0,75,Avail,Compl,Enable,0,GRN2#  ,ON,0,ACTIVE,ACTIVE,0.957,0.942,0.660,0.720,131.957,112.504,Avail,Compl,Avail,Incmpl,Incmpl,Enable,OBD II (California ARB),OFF,OFF,0,0,0,1st,OFF,OFF,OFF,OFF,OFF,OFF,0.781,-0.781,ON,OFF,650,0,OFF,OFF,OFF,ON,Gasoline,0.995,OFF,OFF,0.684,ON,1.172,14.902,19,0,0.742,0.742,2.324,0.742,0.918,2.031,46.667,0,14.902,42,0,0,OFF,ECT 5th,NA,OFF,97.900,97.900,14.118,0,Not Avl,0,0,0,0,ON,ON,0,0,1
484,0,13.676,Not Avl,Compl,Compl,Unable,OFF,Not Avl,Compl,Compl,Unable,OFF,49.219,61.719,36.875,38.125,19.531,39.551,15.686,31.765,0.781,1.582,ON,0,OFF,ON,ON,1.001,0.998,0.027,0.035,3.347,3.357,0,97,51199.219,13.437,25.882,OFF,OFF,OFF,OFF,OFF,OFF,OFF,Avail,Incmpl,Incmpl,Enable,Avail,307.500,64.400,307.500,64.400,ON,Avail,Compl,Enable,80,0,0,0,0,0,0,6,A,0,0,Avail,Incmpl,Incmpl,Enable,OFF,OFF,182,693.750,51199.219,51199.219,51199.219,51199.219,51199.219,51199.219,1GRFE ,0,Avail,Incmpl,Incmpl,Enable,0,OFF,OFF,OFF,OFF,ON,ON,Avail,Compl,Enable,Compl,CL,CL,Compl,Unable,Not Avl,Compl,Compl,Enable,OFF,0,15,335,ON,81.250,20,0.110,2505,16,21,-3,OFF,1.562,5.469,4,OFF,0,0,73,Avail,Compl,Enable,0,GRN2#  ,ON,0,ACTIVE,ACTIVE,0.962,0.942,0.505,0.720,131.957,113.152,Avail,Compl,Avail,Incmpl,Incmpl,Enable,OBD II (California ARB),OFF,OFF,0,0,0,1st,OFF,OFF,OFF,OFF,OFF,OFF,0.781,-0.781,ON,OFF,650,0,OFF,OFF,OFF,ON,Gasoline,0.993,OFF,OFF,0.684,ON,1.172,14.902,19,0,0.742,0.742,2.324,0.742,0.918,2.031,46.667,0,14.902,42,0,0,OFF,ECT 5th,NA,OFF,97.900,97.900,14.510,0,Not Avl,0,0,0,0,ON,ON,0,0,1
485,0,13.672,Not Avl,Compl,Compl,Unable,OFF,Not Avl,Compl,Compl,Unable,OFF,43.750,49.219,36.875,38.125,19.531,39.551,15.686,31.765,0.781,1.582,ON,0,OFF,ON,ON,1.005,0.999,0.031,0.035,3.352,3.357,0,97,51199.219,13.437,25.882,OFF,OFF,OFF,OFF,OFF,OFF,OFF,Avail,Incmpl,Incmpl,Enable,Avail,307.500,64.400,307.500,64.400,ON,Avail,Compl,Enable,80,0,0,0,0,0,0,6,A,0,0,Avail,Incmpl,Incmpl,Enable,OFF,OFF,182,702.250,51199.219,51199.219,51199.219,51199.219,51199.219,51199.219,1GRFE ,0,Avail,Incmpl,Incmpl,Enable,0,OFF,OFF,OFF,OFF,ON,ON,Avail,Compl,Enable,Compl,CL,CL,Compl,Unable,Not Avl,Compl,Compl,Enable,OFF,0,15,350,ON,81.250,20,0.111,2490,16,21,-3,OFF,1.562,5.469,3.980,OFF,0,0,73,Avail,Compl,Enable,0,GRN2#  ,ON,0,ACTIVE,ACTIVE,0.962,0.942,0.350,0.720,130.984,112.504,Avail,Compl,Avail,Incmpl,Incmpl,Enable,OBD II (California ARB),OFF,OFF,0,0,0,1st,OFF,OFF,OFF,OFF,OFF,OFF,1.562,-0.781,ON,OFF,650,0,OFF,OFF,OFF,ON,Gasoline,0.986,OFF,OFF,0.684,ON,1.172,14.902,19,0,0.742,0.742,2.324,0.742,0.918,2.031,46.667,0,14.902,42,0,0,OFF,ECT 5th,NA,OFF,97.900,97.900,14.118,0,Not Avl,0,0,0,0,ON,ON,0,0,1
486,0,13.672,Not Avl,Compl,Compl,Unable,OFF,Not Avl,Compl,Compl,Unable,OFF,40.625,40.625,36.875,38.125,19.531,39.551,15.686,31.765,0.781,1.582,ON,0,OFF,ON,ON,1.010,0.997,0.027,0.031,3.347,3.352,0,97,51199.219,13.437,25.882,OFF,OFF,OFF,OFF,OFF,OFF,OFF,Avail,Incmpl,Incmpl,Enable,Avail,308.100,64.600,308.100,64.600,ON,Avail,Compl,Enable,80,0,0,0,0,0,0,6,A,0,0,Avail,Incmpl,Incmpl,Enable,OFF,OFF,183,710.750,51199.219,51199.219,51199.219,51199.219,51199.219,51199.219,1GRFE ,0,Avail,Incmpl,Incmpl,Enable,0,OFF,OFF,OFF,OFF,ON,ON,Avail,Compl,Enable,Compl,CL,CL,Compl,Unable,Not Avl,Compl,Compl,Enable,OFF,0,15,373,ON,81.250,20,0.111,2508,16,21,-3,OFF,1.562,5.469,3.960,OFF,0,0,69,Avail,Compl,Enable,0,GRN2#  ,ON,0,ACTIVE,ACTIVE,0.957,0.942,0.195,0.720,130.336,112.504,Avail,Compl,Avail,Incmpl,Incmpl,Enable,OBD II (California ARB),OFF,OFF,0,0,0,1st,OFF,OFF,OFF,OFF,OFF,OFF,2.344,-0.781,ON,OFF,650,0,OFF,OFF,OFF,ON,Gasoline,0.974,OFF,OFF,0.684,ON,1.172,14.902,19,0,0.742,0.742,2.324,0.742,0.918,2.031,46.667,0,14.902,42,0,0,OFF,ECT 5th,NA,OFF,97.900,97.900,14.118,0,Not Avl,0,0,0,0,ON,ON,0,0,1
487,0,13.682,Not Avl,Compl,Compl,Unable,OFF,Not Avl,Compl,Compl,Unable,OFF,40.625,40.625,36.875,38.125,19.531,39.551,15.686,31.765,0.781,1.582,ON,0,OFF,ON,ON,1.001,0.997,0,0.023,3.293,3.342,0,97,51199.219,13.437,25.490,OFF,OFF,OFF,OFF,OFF,OFF,OFF,Avail,Incmpl,Incmpl,Enable,Avail,308.100,64.600,308.100,64.600,ON,Avail,Compl,Enable,80,0,0,0,0,0,0,6,A,0,0,Avail,Incmpl,Incmpl,Enable,OFF,OFF,183,705.250,51199.219,51199.219,51199.219,51199.219,51199.219,51199.219,1GRFE ,0,Avail,Incmpl,Incmpl,Enable,0,OFF,OFF,OFF,OFF,ON,ON,Avail,Compl,Enable,Compl,CL,CL,Compl,Unable,Not Avl,Compl,Compl,Enable,OFF,0,15,390,ON,81.250,20,0.111,2501,16,21,-3,OFF,1.562,5.469,3.980,OFF,0,0,69,Avail,Compl,Enable,0,GRN2#  ,ON,0,ACTIVE,ACTIVE,0.962,0.942,0.155,0.720,130.012,111.855,Avail,Compl,Avail,Incmpl,Incmpl,Enable,OBD II (California ARB),OFF,OFF,0,0,0,1st,OFF,OFF,OFF,OFF,OFF,OFF,2.344,-0.781,ON,OFF,650,0,OFF,OFF,OFF,ON,Gasoline,0.968,OFF,OFF,0.684,ON,1.172,14.902,19,0,0.742,0.742,2.324,0.742,0.918,2.031,46.667,0,14.902,42,0,0,OFF,ECT 5th,NA,OFF,97.900,97.900,14.118,0,Not Avl,0,0,0,0,ON,ON,0,0,1
488,0,13.682,Not Avl,Compl,Compl,Unable,OFF,Not Avl,Compl,Compl,Unable,OFF,40.625,40.625,36.875,38.125,19.531,39.551,15.686,31.765,0.781,1.582,ON,0,OFF,ON,ON,1.000,0.997,-0.004,0.031,3.288,3.352,0,97,51199.219,13.437,25.490,OFF,OFF,OFF,OFF,OFF,OFF,OFF,Avail,Incmpl,Incmpl,Enable,Avail,308.700,64.800,308.700,64.800,ON,Avail,Compl,Enable,80,0,0,0,0,0,0,6,A,0,0,Avail,Incmpl,Incmpl,Enable,OFF,OFF,184,705.250,51199.219,51199.219,51199.219,51199.219,51199.219,51199.219,1GRFE ,0,Avail,Incmpl,Incmpl,Enable,0,OFF,OFF,OFF,OFF,ON,ON,Avail,Compl,Enable,Compl,CL,CL,Compl,Unable,Not Avl,Compl,Compl,Enable,OFF,0,15,402,ON,81.250,20,0.111,2501,16,21,-3,OFF,1.562,5.469,3.960,OFF,0,0,82,Avail,Compl,Enable,0,GRN2#  ,ON,0,ACTIVE,ACTIVE,0.962,0.942,0.175,0.720,130.336,112.180,Avail,Compl,Avail,Incmpl,Incmpl,Enable,OBD II (California ARB),OFF,OFF,0,0,0,1st,OFF,OFF,OFF,OFF,OFF,OFF,2.344,-0.781,ON,OFF,650,0,OFF,OFF,OFF,ON,Gasoline,0.967,OFF,OFF,0.684,ON,1.172,14.902,19,0,0.742,0.742,2.324,0.742,0.918,2.031,46.667,0,14.902,42,0,0,OFF,ECT 5th,NA,OFF,97.900,97.900,14.118,0,Not Avl,0,0,0,0,ON,ON,0,0,1
489,0,13.672,Not Avl,Compl,Compl,Unable,OFF,Not Avl,Compl,Compl,Unable,OFF,50,40.625,36.875,38.125,19.531,39.551,15.686,31.765,0.781,1.582,ON,0,OFF,ON,ON,0.997,1.000,-0.012,0.039,3.279,3.361,0,97,51199.219,13.437,25.490,OFF,OFF,OFF,OFF,OFF,OFF,OFF,Avail,Incmpl,Incmpl,Enable,Avail,308.700,64.800,308.700,64.800,ON,Avail,Compl,Enable,80,0,0,0,0,0,0,6,A,0,0,Avail,Incmpl,Incmpl,Enable,OFF,OFF,184,700,51199.219,51199.219,51199.219,51199.219,51199.219,51199.219,1GRFE ,0,Avail,Incmpl,Incmpl,Enable,0,OFF,OFF,OFF,OFF,ON,ON,Avail,Compl,Enable,Compl,CL,CL,Compl,Unable,Not Avl,Compl,Compl,Enable,OFF,0,15,417,ON,81.250,20,0.111,2498,16,21,-3,OFF,1.562,5.469,3.960,OFF,0,0,82,Avail,Compl,Enable,0,GRN2#  ,ON,0,ACTIVE,ACTIVE,0.962,0.942,0.195,0.720,130.336,112.180,Avail,Compl,Avail,Incmpl,Incmpl,Enable,OBD II (California ARB),OFF,OFF,0,0,0,1st,OFF,OFF,OFF,OFF,OFF,OFF,2.344,-0.781,ON,OFF,650,0,OFF,OFF,OFF,ON,Gasoline,0.968,OFF,OFF,0.684,ON,1.172,14.902,19,0,0.742,0.742,2.324,0.742,0.918,2.031,46.667,0,14.902,42,0,0,OFF,ECT 5th,NA,OFF,97.900,97.900,14.118,0,Not Avl,0,0,0,0,ON,ON,0,0,1
490,0,13.672,Not Avl,Compl,Compl,Unable,OFF,Not Avl,Compl,Compl,Unable,OFF,57.031,40.625,36.875,38.125,19.531,39.551,15.686,31.765,0.781,1.582,ON,0,OFF,ON,ON,0.998,1.000,0,0.039,3.293,3.361,0,97,51199.219,13.437,25.882,OFF,OFF,OFF,OFF,OFF,OFF,OFF,Avail,Incmpl,Incmpl,Enable,Avail,308.700,64.800,308.700,64.800,ON,Avail,Compl,Enable,80,0,0,0,0,0,0,6,A,0,0,Avail,Incmpl,Incmpl,Enable,OFF,OFF,184,696.750,51199.219,51199.219,51199.219,51199.219,51199.219,51199.219,1GRFE ,0,Avail,Incmpl,Incmpl,Enable,0,OFF,OFF,OFF,OFF,ON,ON,Avail,Compl,Enable,Compl,CL,CL,Compl,Unable,Not Avl,Compl,Compl,Enable,OFF,0,15,430,ON,81.250,20,0.111,2508,16,21,-3,OFF,1.562,5.469,4,OFF,0,0,82,Avail,Compl,Enable,0,GRN2#  ,ON,0,ACTIVE,ACTIVE,0.957,0.938,0.210,0.720,130.012,112.180,Avail,Compl,Avail,Incmpl,Incmpl,Enable,OBD II (California ARB),OFF,OFF,0,0,0,1st,OFF,OFF,OFF,OFF,OFF,OFF,2.344,-0.781,ON,OFF,650,0,OFF,OFF,OFF,ON,Gasoline,0.969,OFF,OFF,0.684,ON,1.172,14.902,19,0,0.742,0.742,2.324,0.742,0.918,2.031,46.667,0,14.902,42,0,0,OFF,ECT 5th,NA,OFF,97.900,97.900,14.510,0,Not Avl,0,0,0,0,ON,ON,0,0,1
491,0,13.672,Not Avl,Compl,Compl,Unable,OFF,Not Avl,Compl,Compl,Unable,OFF,59.375,46.094,36.875,38.125,19.531,39.551,15.686,31.765,0.781,1.582,ON,0,OFF,ON,ON,0.998,1.002,-0.004,0.047,3.288,3.376,0,97,51199.219,13.437,25.882,OFF,OFF,OFF,OFF,OFF,OFF,OFF,Avail,Incmpl,Incmpl,Enable,Avail,309.300,64.900,309.300,64.900,ON,Avail,Compl,Enable,80,0,0,0,0,0,0,6,A,0,0,Avail,Incmpl,Incmpl,Enable,OFF,OFF,185,699,51199.219,51199.219,51199.219,51199.219,51199.219,51199.219,1GRFE ,0,Avail,Incmpl,Incmpl,Enable,0,OFF,OFF,OFF,OFF,ON,ON,Avail,Compl,Enable,Compl,CL,CL,Compl,Unable,Not Avl,Compl,Compl,Enable,OFF,0,15,442,ON,81.250,20,0.111,2508,16,21,-3,OFF,1.562,5.469,3.960,OFF,0,0,85,Avail,Compl,Enable,0,GRN2#  ,ON,0,ACTIVE,ACTIVE,0.962,0.942,0.230,0.720,130.336,112.180,Avail,Compl,Avail,Incmpl,Incmpl,Enable,OBD II (California ARB),OFF,OFF,0,0,0,1st,OFF,OFF,OFF,OFF,OFF,OFF,2.344,-0.781,ON,OFF,650,0,OFF,OFF,OFF,ON,Gasoline,0.970,OFF,OFF,0.684,ON,1.172,14.902,19,0,0.742,0.742,2.324,0.742,0.918,2.031,46.667,0,14.902,42,0,0,OFF,ECT 5th,NA,OFF,97.900,97.900,14.118,0,Not Avl,0,0,0,0,ON,ON,0,0,1
492,0,13.673,Not Avl,Compl,Compl,Unable,OFF,Not Avl,Compl,Compl,Unable,OFF,61.719,47.656,36.875,38.125,19.531,39.551,15.686,31.765,0.781,1.582,ON,0,OFF,ON,ON,0.998,1.002,0,0.043,3.293,3.371,0,97,51199.219,13.437,25.490,OFF,OFF,OFF,OFF,OFF,OFF,OFF,Avail,Incmpl,Incmpl,Enable,Avail,309.300,64.900,309.300,64.900,ON,Avail,Compl,Enable,80,0,0,0,0,0,0,6,A,0,0,Avail,Incmpl,Incmpl,Enable,OFF,OFF,185,710,51199.219,51199.219,51199.219,51199.219,51199.219,51199.219,1GRFE ,0,Avail,Incmpl,Incmpl,Enable,0,OFF,OFF,OFF,OFF,ON,ON,Avail,Compl,Enable,Compl,CL,CL,Compl,Unable,Not Avl,Compl,Compl,Enable,OFF,0,15,455,ON,81.250,20,0.111,2498,16,21,-3,OFF,1.562,5.469,3.960,OFF,0,0,85,Avail,Compl,Enable,0,GRN2#  ,ON,0,ACTIVE,ACTIVE,0.957,0.942,0.250,0.720,130.336,111.531,Avail,Compl,Avail,Incmpl,Incmpl,Enable,OBD II (California ARB),OFF,OFF,0,0,0,1st,OFF,OFF,OFF,OFF,OFF,OFF,2.344,-0.781,ON,OFF,650,0,OFF,OFF,OFF,ON,Gasoline,0.970,OFF,OFF,0.684,ON,1.172,14.902,19,0,0.742,0.742,2.324,0.742,0.918,2.031,46.667,0,14.902,42,0,0,OFF,ECT 5th,NA,OFF,97.900,97.900,14.118,0,Not Avl,0,0,0,0,ON,ON,0,0,1
493,0,13.682,Not Avl,Compl,Compl,Unable,OFF,Not Avl,Compl,Compl,Unable,OFF,61.719,57.031,36.875,38.125,19.531,39.551,15.686,31.765,0.781,1.582,ON,0,OFF,ON,ON,0.998,1.001,0,0.043,3.298,3.371,0,97,51199.219,13.437,25.490,OFF,OFF,OFF,OFF,OFF,OFF,OFF,Avail,Incmpl,Incmpl,Enable,Avail,309.300,64.900,309.300,64.900,ON,Avail,Compl,Enable,80,0,0,0,0,0,0,6,A,0,0,Avail,Incmpl,Incmpl,Enable,OFF,OFF,185,701.500,51199.219,51199.219,51199.219,51199.219,51199.219,51199.219,1GRFE ,0,Avail,Incmpl,Incmpl,Enable,0,OFF,OFF,OFF,OFF,ON,ON,Avail,Compl,Enable,Compl,CL,CL,Compl,Unable,Not Avl,Compl,Compl,Enable,OFF,0,15,468,ON,81.250,20,0.111,2505,16,21,-3,OFF,1.562,5.469,3.960,OFF,0,0,85,Avail,Compl,Enable,0,GRN2#  ,ON,0,ACTIVE,ACTIVE,0.962,0.942,0.270,0.720,130.660,112.504,Avail,Compl,Avail,Incmpl,Incmpl,Enable,OBD II (California ARB),OFF,OFF,0,0,0,1st,OFF,OFF,OFF,OFF,OFF,OFF,2.344,-0.781,ON,OFF,650,0,OFF,OFF,OFF,ON,Gasoline,0.971,OFF,OFF,0.684,ON,1.172,14.902,19,0,0.742,0.742,2.324,0.742,0.918,2.031,46.667,0,14.902,42,0,0,OFF,ECT 5th,NA,OFF,97.900,97.900,14.118,0,Not Avl,0,0,0,0,ON,ON,0,0,1
494,0,13.672,Not Avl,Compl,Compl,Unable,OFF,Not Avl,Compl,Compl,Unable,OFF,56.250,60.156,36.875,38.125,19.531,39.551,15.686,31.765,0.781,1.582,ON,0,OFF,ON,ON,0.998,1.002,0.012,0.059,3.298,3.376,0,97,51199.219,13.437,25.490,OFF,OFF,OFF,OFF,OFF,OFF,OFF,Avail,Incmpl,Incmpl,Enable,Avail,309.900,65.100,309.900,65.100,ON,Avail,Compl,Enable,80,0,0,0,0,0,0,6,A,0,0,Avail,Incmpl,Incmpl,Enable,OFF,OFF,186,700.750,51199.219,51199.219,51199.219,51199.219,51199.219,51199.219,1GRFE ,0,Avail,Incmpl,Incmpl,Enable,0,OFF,OFF,OFF,OFF,ON,ON,Avail,Compl,Enable,Compl,CL,CL,Compl,Unable,Not Avl,Compl,Compl,Enable,OFF,0,15,481,ON,81.250,20,0.111,2505,16,21,-3,OFF,1.562,5.469,3.960,OFF,0,0,75,Avail,Compl,Enable,0,GRN2#  ,ON,0,ACTIVE,ACTIVE,0.957,0.942,0.290,0.720,129.688,111.855,Avail,Compl,Avail,Incmpl,Incmpl,Enable,OBD II (California ARB),OFF,OFF,0,0,0,1st,OFF,OFF,OFF,OFF,OFF,OFF,2.344,0,ON,OFF,650,0,OFF,OFF,OFF,ON,Gasoline,0.971,OFF,OFF,0.684,ON,1.172,14.902,19,0,0.742,0.742,2.324,0.742,0.918,2.031,46.667,0,14.902,42,0,0,OFF,ECT 5th,NA,OFF,97.900,97.900,14.118,0,Not Avl,0,0,0,0,ON,ON,0,0,1
495,0,13.672,Not Avl,Compl,Compl,Unable,OFF,Not Avl,Compl,Compl,Unable,OFF,46.875,61.719,36.875,38.125,19.531,39.551,15.686,31.765,0.781,1.582,ON,0,OFF,ON,ON,0.999,1.000,0.004,0.039,3.308,3.366,0,97,51199.219,13.437,25.882,OFF,OFF,OFF,OFF,OFF,OFF,OFF,Avail,Incmpl,Incmpl,Enable,Avail,309.900,65.100,309.900,65.100,ON,Avail,Compl,Enable,80,0,0,0,0,0,0,6,A,0,0,Avail,Incmpl,Incmpl,Enable,OFF,OFF,186,695.250,51199.219,51199.219,51199.219,51199.219,51199.219,51199.219,1GRFE ,0,Avail,Incmpl,Incmpl,Enable,0,OFF,OFF,OFF,OFF,ON,ON,Avail,Compl,Enable,Compl,CL,CL,Compl,Unable,Not Avl,Compl,Compl,Enable,OFF,0,15,494,ON,81.250,20,0.111,2519,16,21,-3,OFF,1.562,5.469,3.960,OFF,0,0,75,Avail,Compl,Enable,0,GRN2#  ,ON,0,ACTIVE,ACTIVE,0.962,0.942,0.310,0.720,130.012,112.180,Avail,Compl,Avail,Incmpl,Incmpl,Enable,OBD II (California ARB),OFF,OFF,0,0,0,1st,OFF,OFF,OFF,OFF,OFF,OFF,2.344,0,ON,OFF,650,0,OFF,OFF,OFF,ON,Gasoline,0.972,OFF,OFF,0.684,ON,1.172,14.902,19,0,0.742,0.742,2.324,0.742,0.918,2.031,46.667,0,14.902,42,0,0,OFF,ECT 5th,NA,OFF,97.900,97.900,14.118,0,Not Avl,0,0,0,0,ON,ON,0,0,1
496,0,13.676,Not Avl,Compl,Compl,Unable,OFF,Not Avl,Compl,Compl,Unable,OFF,42.969,52.344,36.875,38.125,19.531,39.551,15.686,31.765,0.781,1.582,ON,0,OFF,ON,ON,0.992,1.000,0,0.039,3.303,3.361,0,97,51199.219,13.437,25.882,OFF,OFF,OFF,OFF,OFF,OFF,OFF,Avail,Incmpl,Incmpl,Enable,Avail,310.400,65.200,310.400,65.200,ON,Avail,Compl,Enable,80,0,0,0,0,0,0,6,A,0,0,Avail,Incmpl,Incmpl,Enable,OFF,OFF,186,701.500,51199.219,51199.219,51199.219,51199.219,51199.219,51199.219,1GRFE ,0,Avail,Incmpl,Incmpl,Enable,0,OFF,OFF,OFF,OFF,ON,ON,Avail,Compl,Enable,Compl,CL,CL,Compl,Unable,Not Avl,Compl,Compl,Enable,OFF,0,15,507,ON,81.250,20,0.111,2530,16,21,-3,OFF,1.562,5.469,4.010,OFF,0,0,75,Avail,Compl,Enable,0,GRN2#  ,ON,0,ACTIVE,ACTIVE,0.962,0.942,0.330,0.720,130.012,111.855,Avail,Compl,Avail,Incmpl,Incmpl,Enable,OBD II (California ARB),OFF,OFF,0,0,0,1st,OFF,OFF,OFF,OFF,OFF,OFF,2.344,0,ON,OFF,650,0,OFF,OFF,OFF,ON,Gasoline,0.973,OFF,OFF,0.684,ON,1.172,14.902,19,0,0.742,0.742,2.324,0.742,0.918,2.031,46.667,0,14.902,42,0,0,OFF,ECT 5th,NA,OFF,97.900,97.900,14.118,0,Not Avl,0,0,0,0,ON,ON,0,0,1
497,0,13.680,Not Avl,Compl,Compl,Unable,OFF,Not Avl,Compl,Compl,Unable,OFF,41.406,46.875,36.875,38.125,19.531,39.551,15.686,31.765,0.781,1.582,ON,0,OFF,ON,ON,0.996,0.998,0,0.031,3.298,3.352,0,97,51199.219,13.457,25.490,OFF,OFF,OFF,OFF,OFF,OFF,OFF,Avail,Incmpl,Incmpl,Enable,Avail,310.400,65.200,310.400,65.200,ON,Avail,Compl,Enable,80,0,0,0,0,0,0,6,A,0,0,Avail,Incmpl,Incmpl,Enable,OFF,OFF,187,710,51199.219,51199.219,51199.219,51199.219,51199.219,51199.219,1GRFE ,0,Avail,Incmpl,Incmpl,Enable,0,OFF,OFF,OFF,OFF,ON,ON,Avail,Compl,Enable,Compl,CL,CL,Compl,Unable,Not Avl,Compl,Compl,Enable,OFF,0,15,520,ON,81.250,20,0.112,2505,16,21,-3,OFF,1.562,5.469,3.980,OFF,0,0,85,Avail,Compl,Enable,0,GRN2#  ,ON,0,ACTIVE,ACTIVE,0.962,0.942,0.370,0.720,130.012,112.180,Avail,Compl,Avail,Incmpl,Incmpl,Enable,OBD II (California ARB),OFF,OFF,0,0,0,1st,OFF,OFF,OFF,OFF,OFF,OFF,2.344,-0.781,ON,OFF,650,0,OFF,OFF,OFF,ON,Gasoline,0.975,OFF,OFF,0.684,ON,1.172,14.902,19,0,0.742,0.742,2.324,0.742,0.918,2.031,46.667,0,14.902,42,0,0,OFF,ECT 5th,NA,OFF,97.900,97.900,14.118,0,Not Avl,0,0,0,0,ON,ON,0,0,1
498,0,13.672,Not Avl,Compl,Compl,Unable,OFF,Not Avl,Compl,Compl,Unable,OFF,40.625,42.188,36.875,38.125,19.531,39.551,15.686,31.765,0.781,1.582,ON,0,OFF,ON,ON,0.992,0.997,-0.012,0.027,3.279,3.347,0,97,51199.219,13.437,25.490,OFF,OFF,OFF,OFF,OFF,OFF,OFF,Avail,Incmpl,Incmpl,Enable,Avail,310.400,65.200,310.400,65.200,ON,Avail,Compl,Enable,80,0,0,0,0,0,0,6,A,0,0,Avail,Incmpl,Incmpl,Enable,OFF,OFF,187,711.500,51199.219,51199.219,51199.219,51199.219,51199.219,51199.219,1GRFE ,0,Avail,Incmpl,Incmpl,Enable,0,OFF,OFF,OFF,OFF,ON,ON,Avail,Compl,Enable,Compl,CL,CL,Compl,Unable,Not Avl,Compl,Compl,Enable,OFF,0,15,537,ON,81.250,20,0.112,2487,16,21,-3,OFF,1.562,5.469,4,OFF,0,0,85,Avail,Compl,Enable,0,GRN2#  ,ON,0,ACTIVE,ACTIVE,0.962,0.942,0.410,0.720,130.336,111.855,Avail,Compl,Avail,Incmpl,Incmpl,Enable,OBD II (California ARB),OFF,OFF,0,0,0,1st,OFF,OFF,OFF,OFF,OFF,OFF,1.562,-0.781,ON,OFF,650,0,OFF,OFF,OFF,ON,Gasoline,0.978,OFF,OFF,0.684,ON,1.172,14.902,19,0,0.742,0.742,2.324,0.742,0.918,2.031,46.667,0,14.902,42,0,0,OFF,ECT 5th,NA,OFF,97.900,97.900,14.118,0,Not Avl,0,0,0,0,ON,ON,0,0,1
499,0,13.672,Not Avl,Compl,Compl,Unable,OFF,Not Avl,Compl,Compl,Unable,OFF,40.625,40.625,36.875,38.125,19.531,39.551,15.686,31.765,0.781,1.582,ON,0,OFF,ON,ON,0.988,0.999,-0.012,0.035,3.274,3.357,0,97,51199.219,13.437,25.490,OFF,OFF,OFF,OFF,OFF,OFF,OFF,Avail,Incmpl,Incmpl,Enable,Avail,311,65.400,311,65.400,ON,Avail,Compl,Enable,80,0,0,0,0,0,0,6,A,0,0,Avail,Incmpl,Incmpl,Enable,OFF,OFF,188,708.500,51199.219,51199.219,51199.219,51199.219,51199.219,51199.219,1GRFE ,0,Avail,Incmpl,Incmpl,Enable,0,OFF,OFF,OFF,OFF,ON,ON,Avail,Compl,Enable,Compl,CL,CL,Compl,Unable,Not Avl,Compl,Compl,Enable,OFF,0,15,553,ON,81.250,20,0.112,2476,16,21,-3,OFF,1.562,5.469,3.960,OFF,0,0,67,Avail,Compl,Enable,0,GRN2#  ,ON,0,ACTIVE,ACTIVE,0.957,0.942,0.465,0.720,130.984,111.855,Avail,Compl,Avail,Incmpl,Incmpl,Enable,OBD II (California ARB),OFF,OFF,0,0,0,1st,OFF,OFF,OFF,OFF,OFF,OFF,1.562,0,ON,OFF,650,0,OFF,OFF,OFF,ON,Gasoline,0.983,OFF,OFF,0.684,ON,1.172,14.902,19,0,0.742,0.742,2.324,0.742,0.918,2.031,46.667,0,14.902,42,0,0.004,OFF,ECT 5th,NA,OFF,97.900,97.900,14.118,0,Not Avl,0,0,0,0,ON,ON,0,0,1
500,0,13.690,Not Avl,Compl,Compl,Unable,OFF,Not Avl,Compl,Compl,Unable,OFF,46.094,40.625,36.875,38.125,19.531,39.551,15.686,31.765,0.781,1.582,ON,0,OFF,ON,ON,0.991,0.996,0.016,0.039,3.298,3.347,0,97,51199.219,13.437,25.490,OFF,OFF,OFF,OFF,OFF,OFF,OFF,Avail,Incmpl,Incmpl,Enable,Avail,311,65.400,311,65.400,ON,Avail,Compl,Enable,80,0,0,0,0,0,0,6,A,0,0,Avail,Incmpl,Incmpl,Enable,OFF,OFF,188,702.250,51199.219,51199.219,51199.219,51199.219,51199.219,51199.219,1GRFE ,0,Avail,Incmpl,Incmpl,Enable,0,OFF,OFF,OFF,OFF,ON,ON,Avail,Compl,Enable,Compl,CL,CL,Compl,Unable,Not Avl,Compl,Compl,Enable,OFF,0,15,571,ON,81.250,20,0.112,2483,16,21,-3,OFF,1.562,5.469,3.960,OFF,0,0,67,Avail,Compl,Enable,0,GRN2#  ,ON,0,ACTIVE,ACTIVE,0.962,0.942,0.525,0.720,130.660,112.180,Avail,Compl,Avail,Incmpl,Incmpl,Enable,OBD II (California ARB),OFF,OFF,0,0,0,1st,OFF,OFF,OFF,OFF,OFF,OFF,1.562,-0.781,ON,OFF,650,0,OFF,OFF,OFF,ON,Gasoline,0.988,OFF,OFF,0.684,ON,1.172,14.902,19,0,0.742,0.742,2.324,0.742,0.918,2.031,46.667,0,14.902,42,0.004,0.004,OFF,ECT 5th,NA,OFF,97.900,97.900,14.118,0,Not Avl,0,0,0,0,ON,ON,0,0,1
501,0,13.677,Not Avl,Compl,Compl,Unable,OFF,Not Avl,Compl,Compl,Unable,OFF,57.031,40.625,36.875,38.125,19.531,39.551,15.686,31.765,0.781,1.582,ON,0,OFF,ON,ON,0.997,0.997,0.023,0.027,3.337,3.347,0,97,51199.219,13.437,25.882,OFF,OFF,OFF,OFF,OFF,OFF,OFF,Avail,Incmpl,Incmpl,Enable,Avail,311.500,65.500,311.500,65.500,ON,Avail,Compl,Enable,80,0,0,0,0,0,0,6,A,0,0,Avail,Incmpl,Incmpl,Enable,OFF,OFF,189,696,51199.219,51199.219,51199.219,51199.219,51199.219,51199.219,1GRFE ,0,Avail,Incmpl,Incmpl,Enable,0,OFF,OFF,OFF,OFF,ON,ON,Avail,Compl,Enable,Compl,CL,CL,Compl,Unable,Not Avl,Compl,Compl,Enable,OFF,0,15,587,ON,81.250,20,0.110,2498,16,21,-3,OFF,1.562,5.469,4.010,OFF,0,0,84,Avail,Compl,Enable,0,GRN2#  ,ON,0,ACTIVE,ACTIVE,0.962,0.942,0.545,0.720,130.336,112.180,Avail,Compl,Avail,Incmpl,Incmpl,Enable,OBD II (California ARB),OFF,OFF,0,0,0,1st,OFF,OFF,OFF,OFF,OFF,OFF,1.562,-0.781,ON,OFF,650,0,OFF,OFF,OFF,ON,Gasoline,0.991,OFF,OFF,0.684,ON,1.172,14.902,19,0,0.742,0.742,2.324,0.742,0.918,2.031,46.667,0,14.902,42,0.004,0.008,OFF,ECT 5th,NA,OFF,97.900,97.900,14.510,0,Not Avl,0,0,0,0,ON,ON,0,0,1
502,0,13.689,Not Avl,Compl,Compl,Unable,OFF,Not Avl,Compl,Compl,Unable,OFF,60.156,40.625,36.875,38.125,19.531,39.551,15.686,31.765,0.781,1.582,ON,0,OFF,ON,ON,0.999,0.999,0.027,0.039,3.347,3.361,0,97,51199.219,13.437,25.882,OFF,OFF,OFF,OFF,OFF,OFF,OFF,Avail,Incmpl,Incmpl,Enable,Avail,311.500,65.500,311.500,65.500,ON,Avail,Compl,Enable,80,0,0,0,0,0,0,6,A,0,0,Avail,Incmpl,Incmpl,Enable,OFF,OFF,189,696,51199.219,51199.219,51199.219,51199.219,51199.219,51199.219,1GRFE ,0,Avail,Incmpl,Incmpl,Enable,0,OFF,OFF,OFF,OFF,ON,ON,Avail,Compl,Enable,Compl,CL,CL,Compl,Unable,Not Avl,Compl,Compl,Enable,OFF,0,15,1,ON,81.250,20,0.110,2505,16,21,-3,OFF,1.562,5.469,3.980,OFF,0,0,84,Avail,Compl,Enable,0,GRN2#  ,ON,0,ACTIVE,ACTIVE,0.957,0.938,0.565,0.720,130.336,111.531,Avail,Compl,Avail,Incmpl,Incmpl,Enable,OBD II (California ARB),OFF,OFF,0,0,0,1st,OFF,OFF,OFF,OFF,OFF,OFF,1.562,-0.781,ON,OFF,650,0,OFF,OFF,OFF,ON,Gasoline,0.991,OFF,OFF,0.684,ON,1.172,14.902,19,0,0.742,0.742,2.324,0.742,0.918,2.031,46.667,0,14.902,42,0.008,0.012,OFF,ECT 5th,NA,OFF,97.900,97.900,14.118,0,Not Avl,0,0,0,0,ON,ON,0,0,1
503,0,13.672,Not Avl,Compl,Compl,Unable,OFF,Not Avl,Compl,Compl,Unable,OFF,61.719,40.625,36.875,38.125,19.531,39.551,15.686,31.765,0.781,1.582,ON,0,OFF,ON,ON,1.000,0.998,0.031,0.031,3.352,3.352,0,97,51199.219,13.437,25.882,OFF,OFF,OFF,OFF,OFF,OFF,OFF,Avail,Incmpl,Incmpl,Enable,Avail,312.100,65.700,312.100,65.700,ON,Avail,Compl,Enable,80,0,0,0,0,0,0,6,A,0,0,Avail,Incmpl,Incmpl,Enable,OFF,OFF,190,701.500,51199.219,51199.219,51199.219,51199.219,51199.219,51199.219,1GRFE ,0,Avail,Incmpl,Incmpl,Enable,0,OFF,OFF,OFF,OFF,ON,ON,Avail,Compl,Enable,Compl,CL,CL,Compl,Unable,Not Avl,Compl,Compl,Enable,OFF,0,15,21,ON,81.250,20,0.110,2490,16,21,-3,OFF,1.562,5.469,3.960,OFF,0,0,85,Avail,Compl,Enable,0,GRN2#  ,ON,0,ACTIVE,ACTIVE,0.962,0.942,0.605,0.720,129.688,112.180,Avail,Compl,Avail,Incmpl,Incmpl,Enable,OBD II (California ARB),OFF,OFF,0,0,0,1st,OFF,OFF,OFF,OFF,OFF,OFF,1.562,-0.781,ON,OFF,650,0,OFF,OFF,OFF,ON,Gasoline,0.992,OFF,OFF,0.684,ON,1.172,14.902,19,0,0.742,0.742,2.324,0.742,0.918,2.031,46.667,0,14.902,42,0.008,0.012,OFF,ECT 5th,NA,OFF,97.900,97.900,14.118,0,Not Avl,0,0,0,0,ON,ON,0,0,1
504,0,13.680,Not Avl,Compl,Compl,Unable,OFF,Not Avl,Compl,Compl,Unable,OFF,56.250,55.469,36.875,38.125,19.531,39.551,15.686,31.765,0.781,1.582,ON,0,OFF,ON,ON,1.001,0.998,0.039,0.031,3.361,3.352,0,97,51199.219,13.437,25.882,OFF,OFF,OFF,OFF,OFF,OFF,OFF,Avail,Incmpl,Incmpl,Enable,Avail,312.100,65.700,312.100,65.700,ON,Avail,Compl,Enable,80,0,0,0,0,0,0,6,A,0,0,Avail,Incmpl,Incmpl,Enable,OFF,OFF,190,700.750,51199.219,51199.219,51199.219,51199.219,51199.219,51199.219,1GRFE ,0,Avail,Incmpl,Incmpl,Enable,0,OFF,OFF,OFF,OFF,ON,ON,Avail,Compl,Enable,Compl,CL,CL,Compl,Unable,Not Avl,Compl,Compl,Enable,OFF,0,15,36,ON,81.250,20,0.111,2483,16,21,-3,OFF,1.562,5.469,3.960,OFF,0,0,85,Avail,Compl,Enable,0,GRN2#  ,ON,0,ACTIVE,ACTIVE,0.962,0.942,0.640,0.720,129.688,111.531,Avail,Compl,Avail,Incmpl,Incmpl,Enable,OBD II (California ARB),OFF,OFF,0,0,0,1st,OFF,OFF,OFF,OFF,OFF,OFF,1.562,-0.781,ON,OFF,650,0,OFF,OFF,OFF,ON,Gasoline,0.991,OFF,OFF,0.684,ON,1.172,14.902,19,0,0.742,0.742,2.324,0.742,0.918,2.031,46.667,0,14.902,42,0.008,0.016,OFF,ECT 5th,NA,OFF,97.900,97.900,14.118,0,Not Avl,0,0,0,0,ON,ON,0,0,1
505,0,13.676,Not Avl,Compl,Compl,Unable,OFF,Not Avl,Compl,Compl,Unable,OFF,50,59.375,36.875,38.125,19.531,39.551,15.686,31.765,0.781,1.582,ON,0,OFF,ON,ON,1.001,0.998,0.039,0.039,3.361,3.361,0,97,51199.219,13.437,25.490,OFF,OFF,OFF,OFF,OFF,OFF,OFF,Avail,Incmpl,Incmpl,Enable,Avail,312.100,65.700,312.100,65.700,ON,Avail,Compl,Enable,80,0,0,0,0,0,0,6,A,0,0,Avail,Incmpl,Incmpl,Enable,OFF,OFF,191,702.250,51199.219,51199.219,51199.219,51199.219,51199.219,51199.219,1GRFE ,0,Avail,Incmpl,Incmpl,Enable,0,OFF,OFF,OFF,OFF,ON,ON,Avail,Compl,Enable,Compl,CL,CL,Compl,Unable,Not Avl,Compl,Compl,Enable,OFF,0,15,52,ON,81.250,20,0.111,2479,16,21,-3,OFF,1.562,5.469,4.010,OFF,0,0,85,Avail,Compl,Enable,0,GRN2#  ,ON,0,ACTIVE,ACTIVE,0.957,0.942,0.660,0.720,129.688,111.531,Avail,Compl,Avail,Incmpl,Incmpl,Enable,OBD II (California ARB),OFF,OFF,0,0,0,1st,OFF,OFF,OFF,OFF,OFF,OFF,1.562,-0.781,ON,OFF,650,0,OFF,OFF,OFF,ON,Gasoline,0.991,OFF,OFF,0.684,ON,1.172,14.902,20,0,0.742,0.742,2.324,0.742,0.918,2.031,46.667,0,14.902,42,0.012,0.016,OFF,ECT 5th,NA,OFF,97.900,97.900,14.118,0,Not Avl,0,0,0,0,ON,ON,0,0,1
506,0,13.689,Not Avl,Compl,Compl,Unable,OFF,Not Avl,Compl,Compl,Unable,OFF,42.969,61.719,36.875,38.125,19.531,39.551,15.686,31.765,0.781,1.582,ON,0,OFF,ON,ON,0.999,0.999,0.035,0.039,3.357,3.361,0,97,51199.219,13.437,25.490,OFF,OFF,OFF,OFF,OFF,OFF,OFF,Avail,Incmpl,Incmpl,Enable,Avail,312.600,65.800,312.600,65.800,ON,Avail,Compl,Enable,80,0,0,0,0,0,0,6,A,0,0,Avail,Incmpl,Incmpl,Enable,OFF,OFF,191,700.750,51199.219,51199.219,51199.219,51199.219,51199.219,51199.219,1GRFE ,4.706,Avail,Incmpl,Incmpl,Enable,0.018,OFF,OFF,OFF,OFF,ON,ON,Avail,Compl,Enable,Compl,CL,CL,Compl,Unable,Not Avl,Compl,Compl,Enable,OFF,0,15,72,ON,81.250,20,0.111,2505,16,21,-3,OFF,1.562,5.469,3.960,OFF,0,0,82,Avail,Compl,Enable,0,GRN2#  ,ON,0,ACTIVE,ACTIVE,0.962,0.942,0.680,0.720,129.688,111.531,Avail,Compl,Avail,Incmpl,Incmpl,Enable,OBD II (California ARB),OFF,OFF,0.366,0,0,1st,OFF,OFF,OFF,OFF,OFF,OFF,1.562,-0.781,ON,OFF,650,0,OFF,OFF,OFF,ON,Gasoline,0.990,OFF,OFF,0.684,ON,1.172,14.902,19,0,0.742,0.742,2.324,0.742,0.918,2.031,46.667,0,14.902,42,0.012,0.020,OFF,ECT 5th,NA,OFF,97.900,97.900,14.118,0,Not Avl,0,0,0,0,ON,ON,0,0,1
507,0,13.672,Not Avl,Compl,Compl,Unable,OFF,Not Avl,Compl,Compl,Unable,OFF,40.625,49.219,36.875,38.125,19.531,39.551,15.686,31.765,0.781,1.582,ON,0,OFF,ON,ON,0.997,0.999,0.023,0.039,3.337,3.361,0,97,51199.219,13.437,25.490,OFF,OFF,OFF,OFF,OFF,OFF,OFF,Avail,Incmpl,Incmpl,Enable,Avail,312.600,65.800,312.600,65.800,ON,Avail,Compl,Enable,80,0,0,0,0,0,0,6,A,0,0,Avail,Incmpl,Incmpl,Enable,OFF,OFF,192,697.500,51199.219,51199.219,51199.219,51199.219,51199.219,51199.219,1GRFE ,4.706,Avail,Incmpl,Incmpl,Enable,0.037,OFF,OFF,OFF,OFF,ON,ON,Avail,Compl,Enable,Compl,CL,CL,Compl,Unable,Not Avl,Compl,Compl,Enable,OFF,0,15,88,ON,81.250,20,0.111,2501,16,21,-3,OFF,1.562,5.469,4.010,OFF,0,0,82,Avail,Compl,Enable,0,GRN2#  ,ON,0,ACTIVE,ACTIVE,0.962,0.942,0.680,0.720,129.363,111.531,Avail,Compl,Avail,Incmpl,Incmpl,Enable,OBD II (California ARB),OFF,OFF,0.409,0,0,1st,OFF,OFF,OFF,OFF,OFF,OFF,1.562,-0.781,ON,OFF,650,0,OFF,OFF,OFF,ON,Gasoline,0.989,OFF,OFF,0.684,ON,1.172,14.902,19,0,0.742,0.742,2.324,0.742,0.918,2.031,46.667,0,14.902,42,0.012,0.020,OFF,ECT 5th,NA,OFF,97.900,97.900,14.510,0,Not Avl,0,0,0,0,ON,ON,0,0,1
508,0,13.672,Not Avl,Compl,Compl,Unable,OFF,Not Avl,Compl,Compl,Unable,OFF,40.625,43.750,36.875,38.125,19.531,39.551,15.686,31.765,0.781,1.582,ON,0,OFF,ON,ON,1.001,0.999,0.039,0.039,3.361,3.361,0,97,51199.219,13.437,25.882,OFF,OFF,OFF,OFF,OFF,OFF,OFF,Avail,Incmpl,Incmpl,Enable,Avail,313.200,66,313.200,66,ON,Avail,Compl,Enable,80,0,0,0,0,0,0,6,A,0,0,Avail,Incmpl,Incmpl,Enable,OFF,OFF,192,701.500,51199.219,51199.219,51199.219,51199.219,51199.219,51199.219,1GRFE ,4.706,Avail,Incmpl,Incmpl,Enable,0.055,OFF,OFF,OFF,OFF,ON,ON,Avail,Compl,Enable,Compl,CL,CL,Compl,Unable,Not Avl,Compl,Compl,Enable,OFF,0,15,101,ON,81.250,20,0.110,2498,16,21,-3,OFF,1.562,5.469,3.980,OFF,0,0,84,Avail,Compl,Enable,0,GRN2#  ,ON,0,ACTIVE,ACTIVE,0.962,0.942,0.700,0.720,129.688,111.531,Avail,Compl,Avail,Incmpl,Incmpl,Enable,OBD II (California ARB),OFF,OFF,0.439,0,0,1st,OFF,OFF,OFF,OFF,OFF,OFF,1.562,-0.781,ON,OFF,650,0,OFF,OFF,OFF,ON,Gasoline,0.990,OFF,OFF,0.684,ON,1.172,14.902,19,0,0.742,0.742,2.324,0.742,0.918,2.031,46.667,0,14.902,42,0.016,0.020,OFF,ECT 5th,NA,OFF,97.900,97.900,14.118,0,Not Avl,0,0,0,0,ON,ON,0,0,1
509,0,13.672,Not Avl,Compl,Compl,Unable,OFF,Not Avl,Compl,Compl,Unable,OFF,40.625,41.406,36.875,38.125,19.531,39.551,15.686,31.765,0.781,1.582,ON,0,OFF,ON,ON,0.998,0.997,0.023,0.027,3.342,3.347,0,97,51199.219,13.437,25.490,OFF,OFF,OFF,OFF,OFF,OFF,OFF,Avail,Incmpl,Incmpl,Enable,Avail,313.200,66,313.200,66,ON,Avail,Compl,Enable,80,0,0,0,0,0,0,6,A,0,0,Avail,Incmpl,Incmpl,Enable,OFF,OFF,192,705.250,51199.219,51199.219,51199.219,51199.219,51199.219,51199.219,1GRFE ,4.706,Avail,Incmpl,Incmpl,Enable,0.079,OFF,OFF,OFF,OFF,ON,ON,Avail,Compl,Enable,Compl,CL,CL,Compl,Unable,Not Avl,Compl,Compl,Enable,OFF,0,15,117,ON,81.250,20,0.110,2483,16,21,-3,OFF,1.562,5.469,3.980,OFF,0,0,84,Avail,Compl,Enable,0,GRN2#  ,ON,0,ACTIVE,ACTIVE,0.962,0.942,0.625,0.720,128.715,110.883,Avail,Compl,Avail,Incmpl,Incmpl,Enable,OBD II (California ARB),OFF,OFF,0.488,0,0,1st,OFF,OFF,OFF,OFF,OFF,OFF,1.562,-0.781,ON,OFF,650,0,OFF,OFF,OFF,ON,Gasoline,0.989,OFF,OFF,0.684,ON,1.172,14.902,19,0,0.742,0.742,2.324,0.742,0.918,2.031,46.667,0,14.902,42,0.016,0.023,OFF,ECT 5th,NA,OFF,97.900,97.900,14.118,0,Not Avl,0,0,0,0,ON,ON,0,0,1
510,0,13.672,Not Avl,Compl,Compl,Unable,OFF,Not Avl,Compl,Compl,Unable,OFF,40.625,40.625,36.875,38.125,19.531,39.551,15.686,31.765,0.781,1.582,ON,0,OFF,ON,ON,0.999,0.996,0.020,0.027,3.332,3.347,0,97,51199.219,13.437,25.490,OFF,OFF,OFF,OFF,OFF,OFF,OFF,Avail,Incmpl,Incmpl,Enable,Avail,313.700,66.200,313.700,66.200,ON,Avail,Compl,Enable,80,0,0,0,0,0,0,6,A,0,0,Avail,Incmpl,Incmpl,Enable,OFF,OFF,193,697.500,51199.219,51199.219,51199.219,51199.219,51199.219,51199.219,1GRFE ,4.706,Avail,Incmpl,Incmpl,Enable,0.092,OFF,OFF,OFF,OFF,ON,ON,Avail,Compl,Enable,Compl,CL,CL,Compl,Unable,Not Avl,Compl,Compl,Enable,OFF,0,15,130,ON,81.250,20,0.110,2490,16,21,-3,OFF,1.562,5.469,4.010,OFF,0,0,82,Avail,Compl,Enable,0,GRN2#  ,ON,0,ACTIVE,ACTIVE,0.962,0.942,0.445,0.720,129.363,111.531,Avail,Compl,Avail,Incmpl,Incmpl,Enable,OBD II (California ARB),OFF,OFF,0.531,0,0,1st,OFF,OFF,OFF,OFF,OFF,OFF,1.562,-0.781,ON,OFF,650,0,OFF,OFF,OFF,ON,Gasoline,0.986,OFF,OFF,0.684,ON,1.172,14.902,19,0,0.742,0.742,2.324,0.742,0.918,2.031,46.667,0,14.902,42,0.016,0.023,OFF,ECT 5th,NA,OFF,97.900,97.900,14.510,0,Not Avl,0,0,0,0,ON,ON,0,0,1
511,0,13.671,Not Avl,Compl,Compl,Unable,OFF,Not Avl,Compl,Compl,Unable,OFF,53.125,40.625,36.875,38.125,19.531,39.551,15.686,31.765,0.781,1.582,ON,0,OFF,ON,ON,1.003,0.997,0.039,0.043,3.342,3.352,0,97,51199.219,13.437,25.882,OFF,OFF,OFF,OFF,OFF,OFF,OFF,Avail,Incmpl,Incmpl,Enable,Avail,313.700,66.200,313.700,66.200,ON,Avail,Compl,Enable,80,0,0,0,0,0,0,6,A,0,0,Avail,Incmpl,Incmpl,Enable,OFF,OFF,193,692.750,51199.219,51199.219,51199.219,51199.219,51199.219,51199.219,1GRFE ,4.706,Avail,Incmpl,Incmpl,Enable,0.110,OFF,OFF,OFF,OFF,ON,ON,Avail,Compl,Enable,Compl,CL,CL,Compl,Unable,Not Avl,Compl,Compl,Enable,OFF,0,15,145,ON,81.250,20,0.110,2512,16,21,-3,OFF,1.562,5.469,3.950,OFF,0,0,82,Avail,Compl,Enable,0,GRN2#  ,ON,0,ACTIVE,ACTIVE,0.957,0.938,0.370,0.720,129.039,111.531,Avail,Compl,Avail,Incmpl,Incmpl,Enable,OBD II (California ARB),OFF,OFF,0.549,0,0,1st,OFF,OFF,OFF,OFF,OFF,OFF,1.562,-0.781,ON,OFF,650,0,OFF,OFF,OFF,ON,Gasoline,0.982,OFF,OFF,0.684,ON,1.172,14.902,19,0,0.742,0.742,2.324,0.742,0.918,2.031,46.667,0,14.902,42,0.016,0.023,OFF,ECT 5th,NA,OFF,97.900,97.900,14.118,0,Not Avl,0,0,0,0,ON,ON,0,0,1
512,0,13.690,Not Avl,Compl,Compl,Unable,OFF,Not Avl,Compl,Compl,Unable,OFF,58.594,40.625,36.875,38.125,19.531,39.551,15.686,31.765,0.781,1.582,ON,0,OFF,ON,ON,1.005,0.997,0.023,0.035,3.342,3.357,0,97,51199.219,13.437,25.882,OFF,OFF,OFF,OFF,OFF,OFF,OFF,Avail,Incmpl,Incmpl,Enable,Avail,313.700,66.200,313.700,66.200,ON,Avail,Compl,Enable,80,0,0,0,0,0,0,6,A,0,0,Avail,Incmpl,Incmpl,Enable,OFF,OFF,194,700,51199.219,51199.219,51199.219,51199.219,51199.219,51199.219,1GRFE ,4.706,Avail,Incmpl,Incmpl,Enable,0.128,OFF,OFF,OFF,OFF,ON,ON,Avail,Compl,Enable,Compl,CL,CL,Compl,Unable,Not Avl,Compl,Compl,Enable,OFF,0,15,158,ON,81.250,20,0.111,2501,16,21,-3,OFF,1.562,5.469,3.960,OFF,0,0,82,Avail,Compl,Enable,0,GRN2#  ,ON,0,ACTIVE,ACTIVE,0.962,0.942,0.350,0.720,128.391,110.883,Avail,Compl,Avail,Incmpl,Incmpl,Enable,OBD II (California ARB),OFF,OFF,0.598,0,0,1st,OFF,OFF,OFF,OFF,OFF,OFF,2.344,-0.781,ON,OFF,650,0,OFF,OFF,OFF,ON,Gasoline,0.980,OFF,OFF,0.684,ON,1.172,14.902,19,0,0.742,0.742,2.324,0.742,0.918,2.031,46.667,0,14.902,42,0.020,0.027,OFF,ECT 5th,NA,OFF,97.900,97.900,14.118,0,Not Avl,0,0,0,0,ON,ON,0,0,1
513,0,13.671,Not Avl,Compl,Compl,Unable,OFF,Not Avl,Compl,Compl,Unable,OFF,60.938,40.625,36.875,38.125,19.531,39.551,15.686,31.765,0.781,1.582,ON,0,OFF,ON,ON,1.005,0.999,0.020,0.039,3.332,3.361,0,97,51199.219,13.437,25.490,OFF,OFF,OFF,OFF,OFF,OFF,OFF,Avail,Incmpl,Incmpl,Enable,Avail,314.200,66.300,314.200,66.300,ON,Avail,Compl,Enable,80,0,0,0,0,0,0,6,A,0,0,Avail,Incmpl,Incmpl,Enable,OFF,OFF,194,701.500,51199.219,51199.219,51199.219,51199.219,51199.219,51199.219,1GRFE ,4.706,Avail,Incmpl,Incmpl,Enable,0.146,OFF,OFF,OFF,OFF,ON,ON,Avail,Compl,Enable,Compl,CL,CL,Compl,Unable,Not Avl,Compl,Compl,Enable,OFF,0,15,172,ON,81.250,20,0.111,2498,16,21,-3,OFF,1.562,5.469,3.960,OFF,0,0,83,Avail,Compl,Enable,0,GRN2#  ,ON,0,ACTIVE,ACTIVE,0.957,0.942,0.270,0.720,128.391,110.883,Avail,Compl,Avail,Incmpl,Incmpl,Enable,OBD II (California ARB),OFF,OFF,0.635,0,0,1st,OFF,OFF,OFF,OFF,OFF,OFF,2.344,-0.781,ON,OFF,650,0,OFF,OFF,OFF,ON,Gasoline,0.977,OFF,OFF,0.684,ON,1.172,14.902,19,0,0.742,0.742,2.324,0.742,0.918,2.031,46.667,0,14.902,42,0.020,0.027,OFF,ECT 5th,NA,OFF,97.900,97.900,14.118,0,Not Avl,0,0,0,0,ON,ON,0,0,1
514,0,13.689,Not Avl,Compl,Compl,Unable,OFF,Not Avl,Compl,Compl,Unable,OFF,61.719,44.531,36.875,38.125,19.531,39.551,15.686,31.765,0.781,1.582,ON,0,OFF,ON,ON,1.008,0.997,0.027,0.039,3.347,3.361,0,97,51199.219,13.437,25.490,OFF,OFF,OFF,OFF,OFF,OFF,OFF,Avail,Incmpl,Incmpl,Enable,Avail,314.200,66.300,314.200,66.300,ON,Avail,Compl,Enable,80,0,0,0,0,0,0,6,A,0,0,Avail,Incmpl,Incmpl,Enable,OFF,OFF,194,703.750,51199.219,51199.219,51199.219,51199.219,51199.219,51199.219,1GRFE ,4.706,Avail,Incmpl,Incmpl,Enable,0.165,OFF,OFF,OFF,OFF,ON,ON,Avail,Compl,Enable,Compl,CL,CL,Compl,Unable,Not Avl,Compl,Compl,Enable,OFF,0,15,187,ON,81.250,20,0.111,2498,16,21,-3,OFF,1.562,5.469,3.960,OFF,0,0,83,Avail,Compl,Enable,0,GRN2#  ,ON,0,ACTIVE,ACTIVE,0.962,0.942,0.250,0.720,128.066,111.207,Avail,Compl,Avail,Incmpl,Incmpl,Enable,OBD II (California ARB),OFF,OFF,0.677,0,0,1st,OFF,OFF,OFF,OFF,OFF,OFF,2.344,-0.781,ON,OFF,650,0,OFF,OFF,OFF,ON,Gasoline,0.975,OFF,OFF,0.684,ON,1.172,14.902,19,0,0.742,0.742,2.324,0.742,0.918,2.031,46.667,0,14.902,42,0.020,0.027,OFF,ECT 5th,NA,OFF,97.900,97.900,14.118,0,Not Avl,0,0,0,0,ON,ON,0,0,1
515,0,13.672,Not Avl,Compl,Compl,Unable,OFF,Not Avl,Compl,Compl,Unable,OFF,56.250,54.688,36.875,38.125,19.531,39.551,15.686,31.765,0.781,1.582,ON,0,OFF,ON,ON,1.007,0.999,0.020,0.039,3.332,3.361,0,97,51199.219,13.437,25.490,OFF,OFF,OFF,OFF,OFF,OFF,OFF,Avail,Incmpl,Incmpl,Enable,Avail,314.800,66.500,314.800,66.500,ON,Avail,Compl,Enable,80,0,0,0,0,0,0,6,A,0,0,Avail,Incmpl,Incmpl,Enable,OFF,OFF,195,705.250,51199.219,51199.219,51199.219,51199.219,51199.219,51199.219,1GRFE ,4.706,Avail,Incmpl,Incmpl,Enable,0.183,OFF,OFF,OFF,OFF,ON,ON,Avail,Compl,Enable,Compl,CL,CL,Compl,Unable,Not Avl,Compl,Compl,Enable,OFF,0,15,201,ON,81.250,20,0.111,2501,16,21,-3,OFF,1.562,5.469,4,OFF,0,0,67,Avail,Compl,Enable,0,GRN2#  ,ON,0,ACTIVE,ACTIVE,0.962,0.942,0.210,0.720,128.066,111.207,Avail,Compl,Avail,Incmpl,Incmpl,Enable,OBD II (California ARB),OFF,OFF,0.726,0,0,1st,OFF,OFF,OFF,OFF,OFF,OFF,2.344,-0.781,ON,OFF,650,0,OFF,OFF,OFF,ON,Gasoline,0.973,OFF,OFF,0.684,ON,1.172,14.902,19,0,0.742,0.742,2.324,0.742,0.918,2.031,46.667,0,14.902,42,0.023,0.027,OFF,ECT 5th,NA,OFF,97.900,97.900,14.118,0,Not Avl,0,0,0,0,ON,ON,0,0,1
516,0,13.672,Not Avl,Compl,Compl,Unable,OFF,Not Avl,Compl,Compl,Unable,OFF,46.875,59.375,36.875,38.125,19.531,39.551,15.686,31.765,0.781,1.582,ON,0,OFF,ON,ON,1.008,0.998,0.023,0.035,3.337,3.357,0,97,51199.219,13.437,25.490,OFF,OFF,OFF,OFF,OFF,OFF,OFF,Avail,Incmpl,Incmpl,Enable,Avail,314.800,66.500,314.800,66.500,ON,Avail,Compl,Enable,80,0,0,0,0,0,0,6,A,0,0,Avail,Incmpl,Incmpl,Enable,OFF,OFF,195,696,51199.219,51199.219,51199.219,51199.219,51199.219,51199.219,1GRFE ,5.098,Avail,Incmpl,Incmpl,Enable,0.201,OFF,OFF,OFF,OFF,ON,ON,Avail,Compl,Enable,Compl,CL,CL,Compl,Unable,Not Avl,Compl,Compl,Enable,OFF,0,15.500,215,ON,81.250,20,0.111,2512,16,21,-3,OFF,1.562,5.469,3.960,OFF,0,0,67,Avail,Compl,Enable,0,GRN2#  ,ON,0,ACTIVE,ACTIVE,0.957,0.938,0.175,0.720,127.742,111.207,Avail,Compl,Avail,Incmpl,Incmpl,Enable,OBD II (California ARB),OFF,OFF,0.757,0,0,1st,OFF,OFF,OFF,OFF,OFF,OFF,3.125,-0.781,ON,OFF,650,0,OFF,OFF,OFF,ON,Gasoline,0.969,OFF,OFF,0.684,ON,1.172,14.902,19,0,0.742,0.742,2.324,0.742,0.918,2.031,46.667,0,14.902,42,0.023,0.031,OFF,ECT 5th,NA,OFF,97.900,97.900,14.118,0,Not Avl,0,0,0,0,ON,ON,0,0,1
517,0,13.672,Not Avl,Compl,Compl,Unable,OFF,Not Avl,Compl,Compl,Unable,OFF,42.969,61.719,36.875,38.125,19.531,39.551,15.686,31.765,0.781,1.582,ON,0,OFF,ON,ON,1.007,1.000,0.016,0.039,3.327,3.366,0,97,51199.219,13.437,25.490,OFF,OFF,OFF,OFF,OFF,OFF,OFF,Avail,Incmpl,Incmpl,Enable,Avail,314.800,66.500,314.800,66.500,ON,Avail,Compl,Enable,80,0,0,0,0,0,0,6,A,0,0,Avail,Incmpl,Incmpl,Enable,OFF,OFF,196,710,51199.219,51199.219,51199.219,51199.219,51199.219,51199.219,1GRFE ,5.098,Avail,Incmpl,Incmpl,Enable,0.220,OFF,OFF,OFF,OFF,ON,ON,Avail,Compl,Enable,Compl,CL,CL,Compl,Unable,Not Avl,Compl,Compl,Enable,OFF,0,15,231,ON,81.250,20,0.111,2501,16,21,-3,OFF,1.562,5.469,3.960,OFF,0,0,67,Avail,Compl,Enable,0,GRN2#  ,ON,0,ACTIVE,ACTIVE,0.962,0.942,0.175,0.720,127.418,110.559,Avail,Compl,Avail,Incmpl,Incmpl,Enable,OBD II (California ARB),OFF,OFF,0.812,0,0,1st,OFF,OFF,OFF,OFF,OFF,OFF,3.125,-0.781,ON,OFF,650,0,OFF,OFF,OFF,ON,Gasoline,0.968,OFF,OFF,0.684,ON,1.172,14.902,19,0,0.742,0.742,2.324,0.742,0.918,2.031,46.667,0,14.902,42,0.023,0.031,OFF,ECT 5th,NA,OFF,97.900,97.900,14.118,0,Not Avl,0,0,0,0,ON,ON,0,0,1
518,0,13.673,Not Avl,Compl,Compl,Unable,OFF,Not Avl,Compl,Compl,Unable,OFF,40.625,52.344,36.875,38.125,19.531,39.551,15.686,31.765,0.781,1.582,ON,0,OFF,ON,ON,1.004,1.001,0.008,0.043,3.313,3.371,0,97,51199.219,13.437,25.490,OFF,OFF,OFF,OFF,OFF,OFF,OFF,Avail,Incmpl,Incmpl,Enable,Avail,315.300,66.600,315.300,66.600,ON,Avail,Compl,Enable,80,0,0,0,0,0,0,6,A,0,0,Avail,Incmpl,Incmpl,Enable,OFF,OFF,196,697.500,51199.219,51199.219,51199.219,51199.219,51199.219,51199.219,1GRFE ,5.098,Avail,Incmpl,Incmpl,Enable,0.250,OFF,OFF,OFF,OFF,ON,ON,Avail,Compl,Enable,Compl,CL,CL,Compl,Unable,Not Avl,Compl,Compl,Enable,OFF,0,15,250,ON,81.250,20,0.111,2501,16,21,-3,OFF,1.562,5.469,4,OFF,0,0,77,Avail,Compl,Enable,0,GRN2#  ,ON,0,ACTIVE,ACTIVE,0.962,0.942,0.195,0.720,127.742,111.207,Avail,Compl,Avail,Incmpl,Incmpl,Enable,OBD II (California ARB),OFF,OFF,0.854,0,0,1st,OFF,OFF,OFF,OFF,OFF,OFF,3.125,0,ON,OFF,650,0,OFF,OFF,OFF,ON,Gasoline,0.967,OFF,OFF,0.684,ON,1.172,14.902,19,0,0.742,0.742,2.324,0.742,0.918,2.031,46.667,0,14.902,42,0.027,0.031,OFF,ECT 5th,NA,OFF,97.900,97.900,14.510,0,Not Avl,0,0,0,0,ON,ON,0,0,1
519,0,13.672,Not Avl,Compl,Compl,Unable,OFF,Not Avl,Compl,Compl,Unable,OFF,40.625,43.750,36.875,38.125,19.531,39.551,15.686,31.765,0.781,1.582,ON,0,OFF,ON,ON,0.998,1.000,-0.004,0.039,3.288,3.366,0,97,51199.219,13.437,25.490,OFF,OFF,OFF,OFF,OFF,OFF,OFF,Avail,Incmpl,Incmpl,Enable,Avail,315.300,66.600,315.300,66.600,ON,Avail,Compl,Enable,80,0,0,0,0,0,0,6,A,0,0,Avail,Incmpl,Incmpl,Enable,OFF,OFF,197,703.750,51199.219,51199.219,51199.219,51199.219,51199.219,51199.219,1GRFE ,5.098,Avail,Incmpl,Incmpl,Enable,0.269,OFF,OFF,OFF,OFF,ON,ON,Avail,Compl,Enable,Compl,CL,CL,Compl,Unable,Not Avl,Compl,Compl,Enable,OFF,0,15,267,ON,81.250,20,0.111,2508,16,21,-3,OFF,1.562,5.469,3.980,OFF,0,0,77,Avail,Compl,Enable,0,GRN2#  ,ON,0,ACTIVE,ACTIVE,0.962,0.942,0.230,0.720,127.418,110.559,Avail,Compl,Avail,Incmpl,Incmpl,Enable,OBD II (California ARB),OFF,OFF,0.897,0,0,1st,OFF,OFF,OFF,OFF,OFF,OFF,2.344,0,ON,OFF,650,0,OFF,OFF,OFF,ON,Gasoline,0.968,OFF,OFF,0.684,ON,1.172,14.902,19,0,0.742,0.742,2.324,0.742,0.918,2.031,46.667,0,14.902,42,0.027,0.035,OFF,ECT 5th,NA,OFF,97.900,97.900,14.118,0,Not Avl,0,0,0,0,ON,ON,0,0,1
520,0,13.690,Not Avl,Compl,Compl,Unable,OFF,Not Avl,Compl,Compl,Unable,OFF,40.625,40.625,36.875,38.125,19.531,39.551,15.686,31.765,0.781,1.582,ON,0,OFF,ON,ON,0.995,0.998,-0.008,0.035,3.283,3.357,0,97,51199.219,13.437,25.490,OFF,OFF,OFF,OFF,OFF,OFF,OFF,Avail,Incmpl,Incmpl,Enable,Avail,315.900,66.800,315.900,66.800,ON,Avail,Compl,Enable,80,0,0,0,0,0,0,6,A,0,0,Avail,Incmpl,Incmpl,Enable,OFF,OFF,197,705.250,51199.219,51199.219,51199.219,51199.219,51199.219,51199.219,1GRFE ,5.098,Avail,Incmpl,Incmpl,Enable,0.293,OFF,OFF,OFF,OFF,ON,ON,Avail,Compl,Enable,Compl,CL,CL,Compl,Unable,Not Avl,Compl,Compl,Enable,OFF,0,15,284,ON,81.250,20,0.111,2512,16,21,-3,OFF,1.562,5.469,3.960,OFF,0,0,76,Avail,Compl,Enable,0,GRN2#  ,ON,0,ACTIVE,ACTIVE,0.957,0.938,0.290,0.720,128.066,110.559,Avail,Compl,Avail,Incmpl,Incmpl,Enable,OBD II (California ARB),OFF,OFF,0.934,0,0,1st,OFF,OFF,OFF,OFF,OFF,OFF,2.344,0,ON,OFF,650,0,OFF,OFF,OFF,ON,Gasoline,0.970,OFF,OFF,0.684,ON,1.172,14.902,19,0,0.742,0.742,2.324,0.742,0.918,2.031,46.667,0,14.902,42,0.027,0.035,OFF,ECT 5th,NA,OFF,97.900,97.900,14.118,0,Not Avl,0,0,0,0,ON,ON,0,0,1
521,0,13.676,Not Avl,Compl,Compl,Unable,OFF,Not Avl,Compl,Compl,Unable,OFF,50,40.625,36.875,38.125,19.531,39.551,15.686,31.765,0.781,1.582,ON,0,OFF,ON,ON,0.993,0.995,-0.008,0.023,3.283,3.342,0,97,51199.219,13.437,25.490,OFF,OFF,OFF,OFF,OFF,OFF,OFF,Avail,Incmpl,Incmpl,Enable,Avail,315.900,66.800,315.900,66.800,ON,Avail,Compl,Enable,80,0,0,0,0,0,0,6,A,0,0,Avail,Incmpl,Incmpl,Enable,OFF,OFF,197,704.500,51199.219,51199.219,51199.219,51199.219,51199.219,51199.219,1GRFE ,5.098,Avail,Incmpl,Incmpl,Enable,0.311,OFF,OFF,OFF,OFF,ON,ON,Avail,Compl,Enable,Compl,CL,CL,Compl,Unable,Not Avl,Compl,Compl,Enable,OFF,0,15,299,ON,81.250,20,0.111,2494,16,21,-3,OFF,1.562,5.469,3.960,OFF,0,0,76,Avail,Compl,Enable,0,GRN2#  ,ON,0,ACTIVE,ACTIVE,0.957,0.942,0.370,0.720,128.066,110.559,Avail,Compl,Avail,Incmpl,Incmpl,Enable,OBD II (California ARB),OFF,OFF,0.989,0,0,1st,OFF,OFF,OFF,OFF,OFF,OFF,2.344,-0.781,ON,OFF,650,0,OFF,OFF,OFF,ON,Gasoline,0.972,OFF,OFF,0.684,ON,1.172,14.902,19,0,0.742,0.742,2.324,0.742,0.918,2.031,46.667,0,14.902,42,0.027,0.035,OFF,ECT 5th,NA,OFF,97.900,97.900,14.118,0,Not Avl,0,0,0,0,ON,ON,0,0,1
522,0,13.687,Not Avl,Compl,Compl,Unable,OFF,Not Avl,Compl,Compl,Unable,OFF,60.938,40.625,36.875,38.125,19.531,39.551,15.686,31.765,0.781,1.582,ON,0,OFF,ON,ON,0.991,0.997,-0.008,0.031,3.283,3.352,0,97,51199.219,13.437,25.490,OFF,OFF,OFF,OFF,OFF,OFF,OFF,Avail,Incmpl,Incmpl,Enable,Avail,316.400,66.900,316.400,66.900,ON,Avail,Compl,Enable,80,0,0,0,0,0,0,6,A,0,0,Avail,Incmpl,Incmpl,Enable,OFF,OFF,198,703.750,51199.219,51199.219,51199.219,51199.219,51199.219,51199.219,1GRFE ,5.098,Avail,Incmpl,Incmpl,Enable,0.336,OFF,OFF,OFF,OFF,ON,ON,Avail,Compl,Enable,Compl,CL,CL,Compl,Unable,Not Avl,Compl,Compl,Enable,OFF,0,15,317,ON,81.250,20,0.111,2494,16,21,-3,OFF,1.562,5.469,3.980,OFF,0,0,72,Avail,Compl,Enable,0,GRN2#  ,ON,0,ACTIVE,ACTIVE,0.962,0.942,0.425,0.720,128.391,110.883,Avail,Compl,Avail,Incmpl,Incmpl,Enable,OBD II (California ARB),OFF,OFF,1.038,0,0,1st,OFF,OFF,OFF,OFF,OFF,OFF,2.344,0,ON,OFF,650,0,OFF,OFF,OFF,ON,Gasoline,0.974,OFF,OFF,0.684,ON,1.172,14.902,19,0,0.742,0.742,2.324,0.742,0.918,2.031,46.667,0,14.902,42,0.031,0.035,OFF,ECT 5th,NA,OFF,97.900,97.900,14.118,0,Not Avl,0,0,0,0,ON,ON,0,0,1
523,0,13.672,Not Avl,Compl,Compl,Unable,OFF,Not Avl,Compl,Compl,Unable,OFF,66.406,40.625,36.875,38.125,19.531,39.551,15.686,31.765,0.781,1.582,ON,0,OFF,ON,ON,0.990,1.000,-0.008,0.039,3.283,3.366,0,97,51199.219,13.437,25.490,OFF,OFF,OFF,OFF,OFF,OFF,OFF,Avail,Incmpl,Incmpl,Enable,Avail,316.400,66.900,316.400,66.900,ON,Avail,Compl,Enable,80,0,0,0,0,0,0,6,A,0,0,Avail,Incmpl,Incmpl,Enable,OFF,OFF,198,700,51199.219,51199.219,51199.219,51199.219,51199.219,51199.219,1GRFE ,5.098,Avail,Incmpl,Incmpl,Enable,0.360,OFF,OFF,OFF,OFF,ON,ON,Avail,Compl,Enable,Compl,CL,CL,Compl,Unable,Not Avl,Compl,Compl,Enable,OFF,0,15,335,ON,81.250,20,0.111,2516,16,21,-3,OFF,1.562,5.469,3.960,OFF,0,0,72,Avail,Compl,Enable,0,GRN2#  ,ON,0,ACTIVE,ACTIVE,0.962,0.942,0.485,0.720,128.391,110.559,Avail,Compl,Avail,Incmpl,Incmpl,Enable,OBD II (California ARB),OFF,OFF,1.080,0,0,1st,OFF,OFF,OFF,OFF,OFF,OFF,2.344,0,ON,OFF,650,0,OFF,OFF,OFF,ON,Gasoline,0.977,OFF,OFF,0.684,ON,1.172,14.902,19,0,0.742,0.742,2.324,0.742,0.918,2.031,46.667,0,14.902,42,0.031,0.035,OFF,ECT 5th,NA,OFF,97.900,97.900,14.118,0,Not Avl,0,0,0,0,ON,ON,0,0,1
524,0,13.671,Not Avl,Compl,Compl,Unable,OFF,Not Avl,Compl,Compl,Unable,OFF,67.969,46.094,36.875,38.125,19.531,39.551,15.686,31.765,0.781,1.582,ON,0,OFF,ON,ON,0.994,0.998,0.004,0.039,3.308,3.361,0,97,51199.219,13.437,25.882,OFF,OFF,OFF,OFF,OFF,OFF,OFF,Avail,Incmpl,Incmpl,Enable,Avail,316.900,67.100,316.900,67.100,ON,Avail,Compl,Enable,80,0,0,0,0,0,0,6,A,0,0,Avail,Incmpl,Incmpl,Enable,OFF,OFF,199,695.250,51199.219,51199.219,51199.219,51199.219,51199.219,51199.219,1GRFE ,5.098,Avail,Incmpl,Incmpl,Enable,0.378,OFF,OFF,OFF,OFF,ON,ON,Avail,Compl,Enable,Compl,CL,CL,Compl,Unable,Not Avl,Compl,Compl,Enable,OFF,0,15,351,ON,81.250,20,0.111,2519,16,21,-3,OFF,1.562,5.469,3.980,OFF,0,0,75,Avail,Compl,Enable,0,GRN2#  ,ON,0,ACTIVE,ACTIVE,0.957,0.938,0.505,0.720,128.715,110.559,Avail,Compl,Avail,Incmpl,Incmpl,Enable,OBD II (California ARB),OFF,OFF,1.123,0,0,1st,OFF,OFF,OFF,OFF,OFF,OFF,2.344,0,ON,OFF,650,0,OFF,OFF,OFF,ON,Gasoline,0.980,OFF,OFF,0.684,ON,1.172,14.902,19,0,0.742,0.742,2.324,0.742,0.918,2.031,46.667,0,14.902,42,0.031,0.039,OFF,ECT 5th,NA,OFF,97.900,97.900,14.510,0,Not Avl,0,0,0,0,ON,ON,0,0,1
525,0,13.671,Not Avl,Compl,Compl,Unable,OFF,Not Avl,Compl,Compl,Unable,OFF,51.562,54.688,36.875,38.125,19.531,39.551,15.686,31.765,0.781,1.582,ON,0,OFF,ON,ON,0.995,0.998,0.012,0.035,3.322,3.357,0,97,51199.219,13.417,25.882,OFF,OFF,OFF,OFF,OFF,OFF,OFF,Avail,Incmpl,Incmpl,Enable,Avail,316.900,67.100,316.900,67.100,ON,Avail,Compl,Enable,80,0,0,0,0,0,0,6,A,0,0,Avail,Incmpl,Incmpl,Enable,OFF,OFF,199,695.250,51199.219,51199.219,51199.219,51199.219,51199.219,51199.219,1GRFE ,5.490,Avail,Incmpl,Incmpl,Enable,0.403,OFF,OFF,OFF,OFF,ON,ON,Avail,Compl,Enable,Compl,CL,CL,Compl,Unable,Not Avl,Compl,Compl,Enable,OFF,0,15,366,ON,81.250,20,0.111,2523,16,21,-3,OFF,1.562,5.469,3.960,OFF,0,0,75,Avail,Compl,Enable,0,GRN2#  ,ON,0,ACTIVE,ACTIVE,0.962,0.942,0.525,0.720,128.391,110.883,Avail,Compl,Avail,Incmpl,Incmpl,Enable,OBD II (California ARB),OFF,OFF,1.160,0,0,1st,OFF,OFF,OFF,OFF,OFF,OFF,2.344,0,ON,OFF,650,0,OFF,OFF,OFF,ON,Gasoline,0.980,OFF,OFF,0.684,ON,1.172,14.902,19,0,0.742,0.742,2.324,0.742,0.918,2.031,46.667,0,14.902,42,0.031,0.039,OFF,ECT 5th,NA,OFF,97.900,97.900,14.118,0,Not Avl,0,0,0,0,ON,ON,0,0,1
526,0,13.674,Not Avl,Compl,Compl,Unable,OFF,Not Avl,Compl,Compl,Unable,OFF,42.969,60.156,36.875,38.125,19.531,39.551,15.686,31.765,0.781,1.582,ON,0,OFF,ON,ON,0.996,0.997,0.016,0.035,3.327,3.357,0,97,51199.219,13.437,25.882,OFF,OFF,OFF,OFF,OFF,OFF,OFF,Avail,Incmpl,Incmpl,Enable,Avail,317.400,67.300,317.400,67.300,ON,Avail,Compl,Enable,80,0,0,0,0,0,0,6,A,0,0,Avail,Incmpl,Incmpl,Enable,OFF,OFF,200,706.250,51199.219,51199.219,51199.219,51199.219,51199.219,51199.219,1GRFE ,5.490,Avail,Incmpl,Incmpl,Enable,0.427,OFF,OFF,OFF,OFF,ON,ON,Avail,Compl,Enable,Compl,CL,CL,Compl,Unable,Not Avl,Compl,Compl,Enable,OFF,0,15,389,ON,81.250,20,0.111,2501,16,21,-3,OFF,1.562,5.469,3.960,OFF,0,0,77,Avail,Compl,Enable,0,GRN2#  ,ON,0,ACTIVE,ACTIVE,0.962,0.942,0.565,0.720,128.066,109.910,Avail,Compl,Avail,Incmpl,Incmpl,Enable,OBD II (California ARB),OFF,OFF,1.312,0,0,1st,OFF,OFF,OFF,OFF,OFF,OFF,2.344,0,ON,OFF,650,0,OFF,OFF,OFF,ON,Gasoline,0.980,OFF,OFF,0.684,ON,1.172,14.902,19,0,0.742,0.742,2.324,0.742,0.918,2.031,46.667,0,14.902,42,0.031,0.039,OFF,ECT 5th,NA,OFF,97.900,97.900,14.118,0,Not Avl,0,0,0,0,ON,ON,0,0,1
527,0,13.672,Not Avl,Compl,Compl,Unable,OFF,Not Avl,Compl,Compl,Unable,OFF,40.625,61.719,36.875,38.125,19.531,39.551,15.686,31.765,0.781,1.582,ON,0,OFF,ON,ON,0.995,0.995,0.031,0.039,3.322,3.342,0,97,51199.219,13.437,25.490,OFF,OFF,OFF,OFF,OFF,OFF,OFF,Avail,Incmpl,Incmpl,Enable,Avail,317.400,67.300,317.400,67.300,ON,Avail,Compl,Enable,80,0,0,0,0,0,0,6,A,0,0,Avail,Incmpl,Incmpl,Enable,OFF,OFF,200,708.500,51199.219,51199.219,51199.219,51199.219,51199.219,51199.219,1GRFE ,5.490,Avail,Incmpl,Incmpl,Enable,0.452,OFF,OFF,OFF,OFF,ON,ON,Avail,Compl,Enable,Compl,CL,CL,Compl,Unable,Not Avl,Compl,Compl,Enable,OFF,0,15,405,ON,81.250,20,0.112,2494,16,21,-3,OFF,1.562,5.469,3.980,OFF,0,0,77,Avail,Compl,Enable,0,GRN2#  ,ON,0,ACTIVE,ACTIVE,0.957,0.942,0.585,0.720,127.742,110.234,Avail,Compl,Avail,Incmpl,Incmpl,Enable,OBD II (California ARB),OFF,OFF,1.379,0,0,1st,OFF,OFF,OFF,OFF,OFF,OFF,2.344,-0.781,ON,OFF,650,0,OFF,OFF,OFF,ON,Gasoline,0.980,OFF,OFF,0.684,ON,1.172,14.902,19,0,0.742,0.742,2.324,0.742,0.918,2.031,46.667,0,14.902,42,0.031,0.039,OFF,ECT 5th,NA,OFF,97.900,97.900,14.118,0,Not Avl,0,0,0,0,ON,ON,0,0,1
528,0,13.438,Not Avl,Compl,Compl,Unable,OFF,Not Avl,Compl,Compl,Unable,OFF,40.625,53.906,36.875,38.125,19.531,39.551,15.686,31.765,0.781,1.582,ON,0,OFF,ON,ON,0.991,0.996,0.004,0.027,3.308,3.347,0,97,51199.219,13.203,25.490,OFF,OFF,OFF,OFF,OFF,OFF,OFF,Avail,Incmpl,Incmpl,Enable,Avail,317.400,67.300,317.400,67.300,ON,Avail,Compl,Enable,80,0,0,0,0,0,0,6,A,0,0,Avail,Incmpl,Incmpl,Enable,OFF,OFF,201,689.750,51199.219,51199.219,51199.219,51199.219,51199.219,51199.219,1GRFE ,5.490,Avail,Incmpl,Incmpl,Enable,0.464,OFF,OFF,OFF,OFF,ON,ON,Avail,Compl,Enable,Compl,CL,CL,Compl,Unable,Not Avl,Compl,Compl,Enable,OFF,0,17,419,ON,81.250,20,0.112,2533,16,21,-3,OFF,1.562,5.469,3.960,OFF,0,0,77,Avail,Compl,Enable,0,GRN2#  ,ON,0,ACTIVE,ACTIVE,0.952,0.933,0.625,0.720,127.742,110.559,Avail,Compl,Avail,Incmpl,Incmpl,Enable,OBD II (California ARB),OFF,OFF,1.404,0,0,1st,OFF,OFF,OFF,OFF,OFF,OFF,2.344,0,ON,OFF,650,0,OFF,OFF,OFF,ON,Gasoline,0.980,OFF,OFF,0.684,ON,1.172,14.902,20,0,0.742,0.742,2.324,0.742,0.918,2.031,46.667,0,14.902,42,0.031,0.039,OFF,ECT 5th,NA,OFF,97.900,97.900,14.510,0,Not Avl,0,0,0,0,ON,ON,0,0,1
529,0,13.707,Not Avl,Compl,Compl,Unable,OFF,Not Avl,Compl,Compl,Unable,OFF,40.625,46.094,36.875,38.125,19.531,39.551,15.686,31.765,0.781,1.582,ON,0,OFF,ON,ON,0.986,0.994,-0.012,0.023,3.279,3.337,0,97,51199.219,13.457,25.882,OFF,OFF,OFF,OFF,OFF,OFF,OFF,Avail,Incmpl,Incmpl,Enable,Avail,317.900,67.400,317.900,67.400,ON,Avail,Compl,Enable,80,0,0,0,0,0,0,6,A,0,0,Avail,Incmpl,Incmpl,Enable,OFF,OFF,201,685,51199.219,51199.219,51199.219,51199.219,51199.219,51199.219,1GRFE ,5.490,Avail,Incmpl,Incmpl,Enable,0.482,OFF,OFF,OFF,OFF,ON,ON,Avail,Compl,Enable,Compl,CL,CL,Compl,Unable,Not Avl,Compl,Compl,Enable,OFF,0,17,431,ON,81.250,20,0.112,2516,16,21,-3,OFF,1.562,5.469,4,OFF,0,0,69,Avail,Compl,Enable,0,GRN2#  ,ON,0,ACTIVE,ACTIVE,0.957,0.942,0.640,0.720,127.094,110.559,Avail,Compl,Avail,Incmpl,Incmpl,Enable,OBD II (California ARB),OFF,OFF,1.434,0,0,1st,OFF,OFF,OFF,OFF,OFF,OFF,1.562,-0.781,ON,OFF,650,0,OFF,OFF,OFF,ON,Gasoline,0.980,OFF,OFF,0.684,ON,1.172,14.902,19,0,0.742,0.742,2.324,0.742,0.918,2.031,46.667,0,14.902,42,0.031,0.039,OFF,ECT 5th,NA,OFF,97.900,97.900,14.510,0,Not Avl,0,0,0,0,ON,ON,0,0,1
530,0,13.672,Not Avl,Compl,Compl,Unable,OFF,Not Avl,Compl,Compl,Unable,OFF,40.625,42.188,36.875,38.125,19.531,39.551,15.686,31.765,0.781,1.582,ON,0,OFF,ON,ON,0.989,0.992,0,0.012,3.293,3.322,0,97,51199.219,13.437,25.882,OFF,OFF,OFF,OFF,OFF,OFF,OFF,Avail,Incmpl,Incmpl,Enable,Avail,317.900,67.400,317.900,67.400,ON,Avail,Compl,Enable,80,0,0,0,0,0,0,6,A,0,0,Avail,Incmpl,Incmpl,Enable,OFF,OFF,202,702.250,51199.219,51199.219,51199.219,51199.219,51199.219,51199.219,1GRFE ,5.882,Avail,Incmpl,Incmpl,Enable,0.500,OFF,OFF,OFF,OFF,ON,ON,Avail,Compl,Enable,Compl,CL,CL,Compl,Unable,Not Avl,Compl,Compl,Enable,OFF,0,15,445,ON,81.250,20,0.112,2508,16,21,-3,OFF,1.562,5.469,3.960,OFF,0,0,69,Avail,Compl,Enable,0,GRN2#  ,ON,0,ACTIVE,ACTIVE,0.957,0.942,0.640,0.720,128.066,110.234,Avail,Compl,Avail,Incmpl,Incmpl,Enable,OBD II (California ARB),OFF,OFF,1.569,0,0,1st,OFF,OFF,OFF,OFF,OFF,OFF,1.562,-0.781,ON,OFF,650,0,OFF,OFF,OFF,ON,Gasoline,0.983,OFF,OFF,0.684,ON,1.172,14.902,19,0,0.742,0.742,2.324,0.742,0.918,2.031,46.667,0,14.902,42,0.031,0.043,OFF,ECT 5th,NA,OFF,97.900,97.900,14.118,0,Not Avl,0,0,0,0,ON,ON,0,0,1
531,0,13.690,Not Avl,Compl,Compl,Unable,OFF,Not Avl,Compl,Compl,Unable,OFF,40.625,40.625,36.875,38.125,19.531,39.551,15.686,31.765,0.781,1.582,ON,0,OFF,ON,ON,0.994,0.993,0.012,0.020,3.318,3.332,0,97,51199.219,13.437,25.490,OFF,OFF,OFF,OFF,OFF,OFF,OFF,Avail,Incmpl,Incmpl,Enable,Avail,318.400,67.600,318.400,67.600,ON,Avail,Compl,Enable,80,0,0,0,0,0,0,6,A,0,0,Avail,Incmpl,Incmpl,Enable,OFF,OFF,202,710.750,51199.219,51199.219,51199.219,51199.219,51199.219,51199.219,1GRFE ,5.882,Avail,Incmpl,Incmpl,Enable,0.519,OFF,OFF,OFF,OFF,ON,ON,Avail,Compl,Enable,Compl,CL,CL,Compl,Unable,Not Avl,Compl,Compl,Enable,OFF,0,15,458,ON,81.250,20,0.111,2490,16,21,-3,OFF,1.562,5.469,3.960,OFF,0,0,69,Avail,Compl,Enable,0,GRN2#  ,ON,0,ACTIVE,ACTIVE,0.962,0.942,0.640,0.720,128.391,110.559,Avail,Compl,Avail,Incmpl,Incmpl,Enable,OBD II (California ARB),OFF,OFF,1.666,0,0,1st,OFF,OFF,OFF,OFF,OFF,OFF,1.562,-0.781,ON,OFF,650,0,OFF,OFF,OFF,ON,Gasoline,0.983,OFF,OFF,0.684,ON,1.172,14.902,19,0,0.742,0.742,2.324,0.742,0.918,2.031,46.667,0,14.902,42,0.035,0.043,OFF,ECT 5th,NA,OFF,97.900,97.900,14.118,0,Not Avl,0,0,0,0,ON,ON,0,0,1
532,0,13.690,Not Avl,Compl,Compl,Unable,OFF,Not Avl,Compl,Compl,Unable,OFF,46.094,40.625,36.875,38.125,19.531,39.551,15.686,31.765,0.781,1.582,ON,0,OFF,ON,ON,0.994,0.996,0.012,0.027,3.318,3.347,0,97,51199.219,13.457,25.490,OFF,OFF,OFF,OFF,OFF,OFF,OFF,Avail,Incmpl,Incmpl,Enable,Avail,318.400,67.600,318.400,67.600,ON,Avail,Compl,Enable,80,0,0,0,0,0,0,6,A,0,0,Avail,Incmpl,Incmpl,Enable,OFF,OFF,202,707,51199.219,51199.219,51199.219,51199.219,51199.219,51199.219,1GRFE ,5.882,Avail,Incmpl,Incmpl,Enable,0.537,OFF,OFF,OFF,OFF,ON,ON,Avail,Compl,Enable,Compl,CL,CL,Compl,Unable,Not Avl,Compl,Compl,Enable,OFF,0,15,471,ON,81.250,20,0.111,2483,16,21,-3,OFF,1.562,5.469,4,OFF,0,0,85,Avail,Compl,Enable,0,GRN2#  ,ON,0,ACTIVE,ACTIVE,0.957,0.942,0.640,0.700,127.742,110.559,Avail,Compl,Avail,Incmpl,Incmpl,Enable,OBD II (California ARB),OFF,OFF,1.721,0.580,0,1st,OFF,OFF,OFF,OFF,OFF,OFF,1.562,-0.781,ON,OFF,650,0,OFF,OFF,OFF,ON,Gasoline,0.986,OFF,OFF,0.684,ON,1.172,14.902,19,0,0.742,0.742,2.324,0.742,0.918,2.031,46.667,0,14.902,42,0.035,0.043,OFF,ECT 5th,NA,OFF,97.900,97.900,14.118,0,Not Avl,0,0,0,0,ON,ON,0,0,1
533,0,13.689,Not Avl,Compl,Compl,Unable,OFF,Not Avl,Compl,Compl,Unable,OFF,55.469,40.625,36.875,38.125,19.531,39.551,15.686,31.765,0.781,1.582,ON,0,OFF,ON,ON,0.992,0.997,0.008,0.031,3.313,3.352,0,97,51199.219,13.437,25.490,OFF,OFF,OFF,OFF,OFF,OFF,OFF,Avail,Incmpl,Incmpl,Enable,Avail,318.400,67.600,318.400,67.600,ON,Avail,Compl,Enable,80,0,0,0,0,0,0,6,A,0,0,Avail,Incmpl,Incmpl,Enable,OFF,OFF,203,703.750,51199.219,51199.219,51199.219,51199.219,51199.219,51199.219,1GRFE ,5.882,Avail,Incmpl,Incmpl,Enable,0.555,OFF,OFF,OFF,OFF,ON,ON,Avail,Compl,Enable,Compl,CL,CL,Compl,Unable,Not Avl,Compl,Compl,Enable,OFF,0,15,483,ON,81.250,20,0.111,2483,16,21,-3,OFF,1.562,5.469,3.960,OFF,0,0,85,Avail,Compl,Enable,0,GRN2#  ,ON,0,ACTIVE,ACTIVE,0.957,0.942,0.640,0.720,128.066,109.910,Avail,Compl,Avail,Incmpl,Incmpl,Enable,OBD II (California ARB),OFF,OFF,1.794,0.580,0,1st,OFF,OFF,OFF,OFF,OFF,OFF,1.562,-0.781,ON,OFF,650,0,OFF,OFF,OFF,ON,Gasoline,0.987,OFF,OFF,0.684,ON,1.172,14.902,19,0,0.742,0.742,2.324,0.742,0.918,2.031,46.667,0,14.902,42,0.035,0.043,OFF,ECT 5th,NA,OFF,97.900,97.900,14.118,0,Not Avl,0,0,0,0,ON,ON,0,0,1
534,0,13.680,Not Avl,Compl,Compl,Unable,OFF,Not Avl,Compl,Compl,Unable,OFF,59.375,40.625,36.875,38.125,19.531,39.551,15.686,31.765,0.781,1.582,ON,0,OFF,ON,ON,0.992,0.997,0.004,0.031,3.308,3.352,0,97,51199.219,13.437,25.490,OFF,OFF,OFF,OFF,OFF,OFF,OFF,Avail,Incmpl,Incmpl,Enable,Avail,318.900,67.700,318.900,67.700,ON,Avail,Compl,Enable,80,0,0,0,0,0,0,6,A,0,0,Avail,Incmpl,Incmpl,Enable,OFF,OFF,203,692.750,51199.219,51199.219,51199.219,51199.219,51199.219,51199.219,1GRFE ,0,Avail,Incmpl,Incmpl,Enable,0.568,OFF,OFF,OFF,OFF,ON,ON,Avail,Compl,Enable,Compl,OL,OL,Compl,Unable,Not Avl,Compl,Compl,Enable,OFF,0,15,497,ON,81.250,20,0.111,2497,16,21,-3,OFF,1.562,5.469,3.960,OFF,0,0,73,Avail,Compl,Enable,0,GRN2#  ,ON,0,ACTIVE,ACTIVE,0.962,0.942,0.660,0.720,128.066,110.234,Avail,Compl,Avail,Incmpl,Incmpl,Enable,OBD II (California ARB),OFF,OFF,1.831,0.580,0,1st,OFF,OFF,OFF,OFF,OFF,OFF,0,0,ON,OFF,650,0,OFF,OFF,OFF,ON,Gasoline,0.987,OFF,OFF,0.684,ON,1.172,14.902,19,0,0.742,0.742,2.324,0.742,0.918,2.031,46.667,0,14.902,42,0.035,0.043,OFF,ECT 5th,NA,OFF,97.900,97.900,14.118,0,Not Avl,0,0,0,0,ON,ON,0,0,1
535,0,13.126,Not Avl,Compl,Compl,Unable,OFF,Not Avl,Compl,Compl,Unable,OFF,63.281,41.406,36.875,38.125,19.531,39.551,15.686,31.765,0.781,1.582,ON,0,OFF,ON,ON,1.078,1.072,0.168,0.180,3.571,3.591,0,97,51199.219,12.929,31.765,OFF,OFF,OFF,OFF,OFF,OFF,OFF,Avail,Incmpl,Incmpl,Unable,Avail,318.900,67.700,318.900,67.700,ON,Avail,Compl,Enable,80,0,0,0,0,0,0,6,A,0,0,Avail,Incmpl,Incmpl,Unable,OFF,OFF,0,396,51199.219,51199.219,51199.219,51199.219,51199.219,51199.219,1GRFE ,0,Avail,Incmpl,Incmpl,Enable,0,OFF,OFF,OFF,OFF,ON,ON,Avail,Compl,Enable,Compl,OL,OL,Compl,Unable,Not Avl,Compl,Compl,Enable,OFF,0,16.500,499,ON,81.250,20,0.111,4014,16,21,-3,OFF,1.562,5.469,8.700,OFF,0,0,73,Avail,Compl,Enable,0,GRN2#  ,ON,0,ACTIVE,ACTIVE,0.938,0.918,0.660,0.720,127.094,110.234,Avail,Compl,Avail,Incmpl,Incmpl,Unable,OBD II (California ARB),OFF,OFF,0,0,0,1st,OFF,OFF,OFF,OFF,OFF,OFF,0,0,ON,OFF,450,0,ON,OFF,OFF,ON,Gasoline,0.994,OFF,OFF,0.684,ON,0.391,17.255,10,0,0.859,0.859,2.461,0.859,0.918,2.031,49.412,0,17.255,42,0.035,0.043,OFF,ECT 5th,NA,OFF,97.900,97.900,55.294,0,Not Avl,0,0,0,0,OFF,OFF,0,0,1
536,0,13.046,Not Avl,Compl,Compl,Unable,OFF,Not Avl,Compl,Compl,Unable,OFF,0,0,36.875,38.125,19.531,39.551,15.686,31.765,0.781,1.582,ON,0,OFF,ON,ON,1.131,1.137,0.285,0.305,3.762,3.791,0,97,51199.219,12.910,89.804,OFF,OFF,OFF,OFF,OFF,OFF,OFF,Avail,Incmpl,Incmpl,Unable,Avail,318.900,67.700,318.900,67.700,ON,Avail,Compl,Enable,80,0,0,0,0,0,0,6,A,0,0,Avail,Incmpl,Incmpl,Unable,OFF,OFF,0,114,51199.219,51199.219,51199.219,51199.219,51199.219,51199.219,1GRFE ,0,Avail,Incmpl,Incmpl,Enable,0,OFF,OFF,OFF,OFF,ON,ON,Avail,Compl,Enable,Compl,OL,OL,Compl,Unable,Not Avl,Compl,Compl,Enable,OFF,0,0,0,ON,80,16.250,0.111,4014,16,21,-3,OFF,1.562,4.688,8.510,OFF,0,0,73,Avail,Compl,Enable,0,GRN2#  ,ON,0,Not Act,Not Act,0.938,0.918,0.660,0.700,127.742,110.559,Avail,Compl,Avail,Incmpl,Incmpl,Unable,OBD II (California ARB),OFF,OFF,0,0,0,1st,OFF,OFF,OFF,OFF,OFF,OFF,0,0,ON,OFF,300,0,ON,OFF,OFF,ON,Gasoline,0.820,OFF,OFF,0.684,ON,0.391,16.863,8,0,0.859,0.859,2.461,0.859,0.918,2.031,49.412,0,17.255,42,0.035,0.043,OFF,ECT 5th,NA,OFF,97.900,97.900,188.235,0,Not Avl,0,0,0,0,OFF,OFF,0,0,1
537,0,13.026,Not Avl,Compl,Compl,Unable,OFF,Not Avl,Compl,Compl,Unable,OFF,0,0,36.875,38.125,19.531,39.551,15.686,31.765,0.781,1.582,ON,0,OFF,ON,ON,1.117,1.162,0.258,0.355,3.718,3.874,0,97,51199.219,12.890,0,OFF,OFF,OFF,OFF,OFF,OFF,OFF,Avail,Incmpl,Incmpl,Unable,Avail,318.900,67.700,318.900,67.700,ON,Avail,Compl,Enable,80,0,0,0,0,0,0,6,A,0,0,Avail,Incmpl,Incmpl,Unable,OFF,OFF,0,0,51199.219,51199.219,51199.219,51199.219,51199.219,51199.219,1GRFE ,0,Avail,Incmpl,Incmpl,Enable,0,OFF,OFF,OFF,OFF,ON,ON,Avail,Compl,Enable,Compl,OL,OL,Compl,Unable,Not Avl,Compl,Compl,Enable,OFF,0,5,0,ON,80,16.250,0.111,4014,16,21,-3,OFF,1.562,5.469,3.500,OFF,0,0,95,Avail,Compl,Enable,0,GRN2#  ,ON,0,Not Act,Not Act,0.938,0.918,0.640,0.700,127.742,110.559,Avail,Compl,Avail,Incmpl,Incmpl,Unable,OBD II (California ARB),OFF,OFF,0,0,0,1st,OFF,OFF,OFF,OFF,OFF,OFF,0,0,ON,OFF,200,0,ON,OFF,OFF,ON,Gasoline,0.820,OFF,OFF,0.684,ON,0.625,16.863,11,0,0.840,0.840,2.441,0.840,0.918,2.031,49.020,0,16.863,42,0.035,0.043,OFF,ECT 5th,NA,OFF,97.900,97.900,0,0,Not Avl,0,0,0,0,OFF,OFF,0,0,1
538,0,9.465,Not Avl,Compl,Compl,Unable,OFF,Not Avl,Compl,Compl,Unable,OFF,0,0,36.875,38.125,19.531,39.551,15.686,31.765,0.781,1.582,ON,0,OFF,ON,OFF,1.105,1.189,0.223,0.398,3.679,3.957,0,97,51199.219,12.890,0,OFF,OFF,OFF,OFF,OFF,OFF,OFF,Avail,Incmpl,Incmpl,Unable,Avail,318.900,67.700,318.900,67.700,ON,Avail,Compl,Enable,80,0,0,0,0,0,0,6,A,0,0,Avail,Incmpl,Incmpl,Unable,OFF,OFF,0,0,51199.219,51199.219,51199.219,51199.219,51199.219,51199.219,1GRFE ,0,Avail,Incmpl,Incmpl,Enable,0,OFF,OFF,OFF,OFF,ON,ON,Avail,Compl,Enable,Compl,OL,OL,Compl,Unable,Not Avl,Compl,Compl,Enable,OFF,0,5,0,ON,80,16.250,0.111,4014,16,21,-3,OFF,1.562,5.469,0.850,OFF,0,0,95,Avail,Compl,Enable,0,GRN2#  ,ON,0,Not Act,Not Act,0.938,0.918,0.640,0.700,127.742,110.559,Avail,Compl,Avail,Incmpl,Incmpl,Unable,OBD II (California ARB),OFF,OFF,0,0,0,1st,OFF,OFF,OFF,OFF,OFF,OFF,0,0,ON,OFF,100,0,ON,OFF,OFF,OFF,Gasoline,0.820,OFF,OFF,0.684,ON,0,18.431,0,0,0.918,0.918,2.539,0.918,0.918,2.031,50.980,0,18.431,42,0.035,0.043,OFF,ECT 5th,NA,OFF,97.900,97.900,0,0,Not Avl,0,0,0,0,OFF,OFF,0,0,1
